artifact_schema_version,config,model,entry_date,exit_date,date,top_k,strategy,n,tickers,gross_return,net_return,gross_excess_return,net_excess_return,turnover,transaction_cost,round_trip_cost_rate,holding_period_days
topk_nonoverlap_v2,A_technical,LogisticRegression,2022-02-11,2022-03-11,2022-02-11,5,model_topk,5,"EIB,MSB,SSB,STB,VIB",-0.057231184488807506,-0.0622311844888075,-0.03381121658555064,-0.03881121658555064,1.0,0.005,0.005,20
topk_nonoverlap_v2,A_technical,LogisticRegression,2022-02-11,2022-03-11,2022-02-11,5,equal_weight_universe,80,"ABB,ACB,ANV,BAB,BCM,BID,BMP,BSI,BVB,BVH,CMG,CSV,CTG,DCM,DGW,DIG,DPM,DXG,EIB,ELC,EVF,FPT,FRT,GAS,GEX,GMD,GVR,HAH,HCM,HDB,HDG,HPG,HSG,KDH,KLB,LPB,MBB,MBS,MCH,MSB,MSN,MWG,NAB,NKG,NLG,NT2,NVL,OCB,PDR,PGB,PHR,PLX,PNJ,POW,PPC,PVT,REE,SAB,SCR,SHB,SSB,SSI,STB,TCB,TPB,VBB,VCB,VCG,VCI,VGC,VHC,VHM,VIB,VIC,VJC,VND,VNM,VPB,VRE,VSC",0.02555258494849641,0.02055258494849641,0.048972552851753344,0.043972552851753346,1.0,0.005,0.005,20
topk_nonoverlap_v2,A_technical,LogisticRegression,2022-02-11,2022-03-11,2022-02-11,5,random_topk_deterministic,5,"BMP,HDG,NAB,NKG,PHR",0.0360192915790591,0.0310192915790591,0.05943925948231606,0.054439259482316066,1.0,0.005,0.005,20
topk_nonoverlap_v2,A_technical,LogisticRegression,2022-02-11,2022-03-11,2022-02-11,10,model_topk,10,"EIB,HSG,KLB,MSB,PNJ,SAB,SSB,STB,VIB,VPB",-0.013959825166044621,-0.018959825166044622,0.009460142737212279,0.0044601427372122785,1.0,0.005,0.005,20
topk_nonoverlap_v2,A_technical,LogisticRegression,2022-02-11,2022-03-11,2022-02-11,10,equal_weight_universe,80,"ABB,ACB,ANV,BAB,BCM,BID,BMP,BSI,BVB,BVH,CMG,CSV,CTG,DCM,DGW,DIG,DPM,DXG,EIB,ELC,EVF,FPT,FRT,GAS,GEX,GMD,GVR,HAH,HCM,HDB,HDG,HPG,HSG,KDH,KLB,LPB,MBB,MBS,MCH,MSB,MSN,MWG,NAB,NKG,NLG,NT2,NVL,OCB,PDR,PGB,PHR,PLX,PNJ,POW,PPC,PVT,REE,SAB,SCR,SHB,SSB,SSI,STB,TCB,TPB,VBB,VCB,VCG,VCI,VGC,VHC,VHM,VIB,VIC,VJC,VND,VNM,VPB,VRE,VSC",0.02555258494849641,0.02055258494849641,0.048972552851753344,0.043972552851753346,1.0,0.005,0.005,20
topk_nonoverlap_v2,A_technical,LogisticRegression,2022-02-11,2022-03-11,2022-02-11,10,random_topk_deterministic,10,"ABB,BID,BSI,DIG,EVF,FRT,MBB,REE,SAB,VGC",0.041373597430899876,0.03637359743089988,0.06479356533415685,0.059793565334156855,1.0,0.005,0.005,20
topk_nonoverlap_v2,A_technical,LogisticRegression,2022-03-11,2022-04-08,2022-03-11,5,model_topk,5,"EIB,MSB,SSB,STB,VIB",0.0016818057459314396,0.0016818057459314396,-0.008860013774845481,-0.008860013774845481,0.0,0.0,0.005,20
topk_nonoverlap_v2,A_technical,LogisticRegression,2022-03-11,2022-04-08,2022-03-11,5,equal_weight_universe,80,"ABB,ACB,ANV,BAB,BCM,BID,BMP,BSI,BVB,BVH,CMG,CSV,CTG,DCM,DGW,DIG,DPM,DXG,EIB,ELC,EVF,FPT,FRT,GAS,GEX,GMD,GVR,HAH,HCM,HDB,HDG,HPG,HSG,KDH,KLB,LPB,MBB,MBS,MCH,MSB,MSN,MWG,NAB,NKG,NLG,NT2,NVL,OCB,PDR,PGB,PHR,PLX,PNJ,POW,PPC,PVT,REE,SAB,SCR,SHB,SSB,SSI,STB,TCB,TPB,VBB,VCB,VCG,VCI,VGC,VHC,VHM,VIB,VIC,VJC,VND,VNM,VPB,VRE,VSC",0.006389860242397111,0.006389860242397111,-0.004151959278379816,-0.004151959278379816,0.0,0.0,0.005,20
topk_nonoverlap_v2,A_technical,LogisticRegression,2022-03-11,2022-04-08,2022-03-11,5,random_topk_deterministic,5,"DIG,GAS,KLB,VIB,VSC",-0.012127697427203325,-0.017127697427203326,-0.0226695169479803,-0.027669516947980297,0.9999999999999999,0.004999999999999999,0.005,20
topk_nonoverlap_v2,A_technical,LogisticRegression,2022-03-11,2022-04-08,2022-03-11,10,model_topk,10,"EIB,HSG,KLB,MSB,PNJ,SAB,SSB,STB,VIB,VPB",0.016785289407184538,0.016785289407184538,0.0062434698864076,0.0062434698864076,0.0,0.0,0.005,20
topk_nonoverlap_v2,A_technical,LogisticRegression,2022-03-11,2022-04-08,2022-03-11,10,equal_weight_universe,80,"ABB,ACB,ANV,BAB,BCM,BID,BMP,BSI,BVB,BVH,CMG,CSV,CTG,DCM,DGW,DIG,DPM,DXG,EIB,ELC,EVF,FPT,FRT,GAS,GEX,GMD,GVR,HAH,HCM,HDB,HDG,HPG,HSG,KDH,KLB,LPB,MBB,MBS,MCH,MSB,MSN,MWG,NAB,NKG,NLG,NT2,NVL,OCB,PDR,PGB,PHR,PLX,PNJ,POW,PPC,PVT,REE,SAB,SCR,SHB,SSB,SSI,STB,TCB,TPB,VBB,VCB,VCG,VCI,VGC,VHC,VHM,VIB,VIC,VJC,VND,VNM,VPB,VRE,VSC",0.006389860242397111,0.006389860242397111,-0.004151959278379816,-0.004151959278379816,0.0,0.0,0.005,20
topk_nonoverlap_v2,A_technical,LogisticRegression,2022-03-11,2022-04-08,2022-03-11,10,random_topk_deterministic,10,"CTG,KDH,MBS,MCH,PLX,PVT,TPB,VHC,VIB,VIC",0.01468419727954535,0.009684197279545349,0.0041423777587684205,-0.0008576222412315804,1.0000000000000002,0.005000000000000001,0.005,20
topk_nonoverlap_v2,A_technical,LogisticRegression,2022-04-08,2022-05-11,2022-04-08,5,model_topk,5,"ELC,FPT,NT2,VGC,VIB",-0.161569710451915,-0.16556971045191501,-0.03979508157202294,-0.04379508157202294,0.7999999999999999,0.004,0.005,20
topk_nonoverlap_v2,A_technical,LogisticRegression,2022-04-08,2022-05-11,2022-04-08,5,equal_weight_universe,80,"ABB,ACB,ANV,BAB,BCM,BID,BMP,BSI,BVB,BVH,CMG,CSV,CTG,DCM,DGW,DIG,DPM,DXG,EIB,ELC,EVF,FPT,FRT,GAS,GEX,GMD,GVR,HAH,HCM,HDB,HDG,HPG,HSG,KDH,KLB,LPB,MBB,MBS,MCH,MSB,MSN,MWG,NAB,NKG,NLG,NT2,NVL,OCB,PDR,PGB,PHR,PLX,PNJ,POW,PPC,PVT,REE,SAB,SCR,SHB,SSB,SSI,STB,TCB,TPB,VBB,VCB,VCG,VCI,VGC,VHC,VHM,VIB,VIC,VJC,VND,VNM,VPB,VRE,VSC",-0.1441197676240598,-0.1441197676240598,-0.02234513874416772,-0.02234513874416772,0.0,0.0,0.005,20
topk_nonoverlap_v2,A_technical,LogisticRegression,2022-04-08,2022-05-11,2022-04-08,5,random_topk_deterministic,5,"ABB,BVB,DGW,GAS,HCM",-0.21063023959357138,-0.2146302395935714,-0.08885561071367928,-0.09285561071367929,0.7999999999999999,0.004,0.005,20
topk_nonoverlap_v2,A_technical,LogisticRegression,2022-04-08,2022-05-11,2022-04-08,10,model_topk,10,"CMG,ELC,FPT,HDB,MWG,NT2,REE,VGC,VIB,VNM",-0.09876630505435269,-0.10326630505435269,0.02300832382553937,0.01850832382553937,0.9000000000000002,0.004500000000000001,0.005,20
topk_nonoverlap_v2,A_technical,LogisticRegression,2022-04-08,2022-05-11,2022-04-08,10,equal_weight_universe,80,"ABB,ACB,ANV,BAB,BCM,BID,BMP,BSI,BVB,BVH,CMG,CSV,CTG,DCM,DGW,DIG,DPM,DXG,EIB,ELC,EVF,FPT,FRT,GAS,GEX,GMD,GVR,HAH,HCM,HDB,HDG,HPG,HSG,KDH,KLB,LPB,MBB,MBS,MCH,MSB,MSN,MWG,NAB,NKG,NLG,NT2,NVL,OCB,PDR,PGB,PHR,PLX,PNJ,POW,PPC,PVT,REE,SAB,SCR,SHB,SSB,SSI,STB,TCB,TPB,VBB,VCB,VCG,VCI,VGC,VHC,VHM,VIB,VIC,VJC,VND,VNM,VPB,VRE,VSC",-0.1441197676240598,-0.1441197676240598,-0.02234513874416772,-0.02234513874416772,0.0,0.0,0.005,20
topk_nonoverlap_v2,A_technical,LogisticRegression,2022-04-08,2022-05-11,2022-04-08,10,random_topk_deterministic,10,"DGW,DXG,ELC,FPT,HAH,MSB,PNJ,PVT,SCR,SSB",-0.12014260041722388,-0.12464260041722389,0.0016320284626681828,-0.0028679715373318183,0.9000000000000002,0.004500000000000001,0.005,20
topk_nonoverlap_v2,A_technical,LogisticRegression,2022-05-11,2022-06-08,2022-05-11,5,model_topk,5,"ELC,FPT,NT2,VGC,VIB",0.09445757311905836,0.09445757311905836,0.08955564999780866,0.08955564999780866,0.0,0.0,0.005,20
topk_nonoverlap_v2,A_technical,LogisticRegression,2022-05-11,2022-06-08,2022-05-11,5,equal_weight_universe,80,"ABB,ACB,ANV,BAB,BCM,BID,BMP,BSI,BVB,BVH,CMG,CSV,CTG,DCM,DGW,DIG,DPM,DXG,EIB,ELC,EVF,FPT,FRT,GAS,GEX,GMD,GVR,HAH,HCM,HDB,HDG,HPG,HSG,KDH,KLB,LPB,MBB,MBS,MCH,MSB,MSN,MWG,NAB,NKG,NLG,NT2,NVL,OCB,PDR,PGB,PHR,PLX,PNJ,POW,PPC,PVT,REE,SAB,SCR,SHB,SSB,SSI,STB,TCB,TPB,VBB,VCB,VCG,VCI,VGC,VHC,VHM,VIB,VIC,VJC,VND,VNM,VPB,VRE,VSC",0.026866112399613385,0.026866112399613385,0.02196418927836368,0.02196418927836368,0.0,0.0,0.005,20
topk_nonoverlap_v2,A_technical,LogisticRegression,2022-05-11,2022-06-08,2022-05-11,5,random_topk_deterministic,5,"ABB,MCH,MSB,SAB,SHB",-0.02481062115189964,-0.02881062115189964,-0.029712544273149344,-0.03371254427314935,0.7999999999999999,0.004,0.005,20
topk_nonoverlap_v2,A_technical,LogisticRegression,2022-05-11,2022-06-08,2022-05-11,10,model_topk,10,"CMG,ELC,FPT,HDB,MWG,NT2,REE,VGC,VIB,VNM",0.08555760149018979,0.08555760149018979,0.0806556783689401,0.0806556783689401,0.0,0.0,0.005,20
topk_nonoverlap_v2,A_technical,LogisticRegression,2022-05-11,2022-06-08,2022-05-11,10,equal_weight_universe,80,"ABB,ACB,ANV,BAB,BCM,BID,BMP,BSI,BVB,BVH,CMG,CSV,CTG,DCM,DGW,DIG,DPM,DXG,EIB,ELC,EVF,FPT,FRT,GAS,GEX,GMD,GVR,HAH,HCM,HDB,HDG,HPG,HSG,KDH,KLB,LPB,MBB,MBS,MCH,MSB,MSN,MWG,NAB,NKG,NLG,NT2,NVL,OCB,PDR,PGB,PHR,PLX,PNJ,POW,PPC,PVT,REE,SAB,SCR,SHB,SSB,SSI,STB,TCB,TPB,VBB,VCB,VCG,VCI,VGC,VHC,VHM,VIB,VIC,VJC,VND,VNM,VPB,VRE,VSC",0.026866112399613385,0.026866112399613385,0.02196418927836368,0.02196418927836368,0.0,0.0,0.005,20
topk_nonoverlap_v2,A_technical,LogisticRegression,2022-05-11,2022-06-08,2022-05-11,10,random_topk_deterministic,10,"ANV,BVH,DGW,EIB,GAS,HDG,HPG,PDR,SHB,VCB",0.03422105660158954,0.02972105660158954,0.029319133480339838,0.024819133480339838,0.9000000000000002,0.004500000000000001,0.005,20
topk_nonoverlap_v2,A_technical,LogisticRegression,2022-06-08,2022-07-06,2022-06-08,5,model_topk,5,"ELC,FPT,NT2,VGC,VIB",-0.110834566753326,-0.110834566753326,0.010198226022935419,0.010198226022935419,0.0,0.0,0.005,20
topk_nonoverlap_v2,A_technical,LogisticRegression,2022-06-08,2022-07-06,2022-06-08,5,equal_weight_universe,80,"ABB,ACB,ANV,BAB,BCM,BID,BMP,BSI,BVB,BVH,CMG,CSV,CTG,DCM,DGW,DIG,DPM,DXG,EIB,ELC,EVF,FPT,FRT,GAS,GEX,GMD,GVR,HAH,HCM,HDB,HDG,HPG,HSG,KDH,KLB,LPB,MBB,MBS,MCH,MSB,MSN,MWG,NAB,NKG,NLG,NT2,NVL,OCB,PDR,PGB,PHR,PLX,PNJ,POW,PPC,PVT,REE,SAB,SCR,SHB,SSB,SSI,STB,TCB,TPB,VBB,VCB,VCG,VCI,VGC,VHC,VHM,VIB,VIC,VJC,VND,VNM,VPB,VRE,VSC",-0.14370080722554357,-0.14370080722554357,-0.022668014449282146,-0.022668014449282146,0.0,0.0,0.005,20
topk_nonoverlap_v2,A_technical,LogisticRegression,2022-06-08,2022-07-06,2022-06-08,5,random_topk_deterministic,5,"GEX,HCM,PNJ,VIC,VSC",-0.1455378021215494,-0.1505378021215494,-0.02450500934528796,-0.029505009345287957,0.9999999999999999,0.004999999999999999,0.005,20
topk_nonoverlap_v2,A_technical,LogisticRegression,2022-06-08,2022-07-06,2022-06-08,10,model_topk,10,"CMG,ELC,FPT,HDB,MWG,NT2,REE,VGC,VIB,VNM",-0.10870334933137271,-0.10870334933137271,0.012329443444888719,0.012329443444888719,0.0,0.0,0.005,20
topk_nonoverlap_v2,A_technical,LogisticRegression,2022-06-08,2022-07-06,2022-06-08,10,equal_weight_universe,80,"ABB,ACB,ANV,BAB,BCM,BID,BMP,BSI,BVB,BVH,CMG,CSV,CTG,DCM,DGW,DIG,DPM,DXG,EIB,ELC,EVF,FPT,FRT,GAS,GEX,GMD,GVR,HAH,HCM,HDB,HDG,HPG,HSG,KDH,KLB,LPB,MBB,MBS,MCH,MSB,MSN,MWG,NAB,NKG,NLG,NT2,NVL,OCB,PDR,PGB,PHR,PLX,PNJ,POW,PPC,PVT,REE,SAB,SCR,SHB,SSB,SSI,STB,TCB,TPB,VBB,VCB,VCG,VCI,VGC,VHC,VHM,VIB,VIC,VJC,VND,VNM,VPB,VRE,VSC",-0.14370080722554357,-0.14370080722554357,-0.022668014449282146,-0.022668014449282146,0.0,0.0,0.005,20
topk_nonoverlap_v2,A_technical,LogisticRegression,2022-06-08,2022-07-06,2022-06-08,10,random_topk_deterministic,10,"DCM,DGW,FRT,GVR,HDG,OCB,TCB,VBB,VCG,VSC",-0.2072842509531047,-0.2112842509531047,-0.08625145817684327,-0.09025145817684327,0.8000000000000002,0.004000000000000001,0.005,20
topk_nonoverlap_v2,A_technical,LogisticRegression,2022-07-06,2022-08-03,2022-07-06,5,model_topk,5,"BID,DXG,EIB,SSB,STB",0.11811727381586039,0.11311727381586038,0.03100077343747106,0.026000773437471064,0.9999999999999999,0.004999999999999999,0.005,20
topk_nonoverlap_v2,A_technical,LogisticRegression,2022-07-06,2022-08-03,2022-07-06,5,equal_weight_universe,80,"ABB,ACB,ANV,BAB,BCM,BID,BMP,BSI,BVB,BVH,CMG,CSV,CTG,DCM,DGW,DIG,DPM,DXG,EIB,ELC,EVF,FPT,FRT,GAS,GEX,GMD,GVR,HAH,HCM,HDB,HDG,HPG,HSG,KDH,KLB,LPB,MBB,MBS,MCH,MSB,MSN,MWG,NAB,NKG,NLG,NT2,NVL,OCB,PDR,PGB,PHR,PLX,PNJ,POW,PPC,PVT,REE,SAB,SCR,SHB,SSB,SSI,STB,TCB,TPB,VBB,VCB,VCG,VCI,VGC,VHC,VHM,VIB,VIC,VJC,VND,VNM,VPB,VRE,VSC",0.12588210143176154,0.12588210143176154,0.03876560105337219,0.03876560105337219,0.0,0.0,0.005,20
topk_nonoverlap_v2,A_technical,LogisticRegression,2022-07-06,2022-08-03,2022-07-06,5,random_topk_deterministic,5,"ANV,CTG,KLB,PPC,SSI",0.07352387920966749,0.06852387920966749,-0.013592621168721859,-0.01859262116872186,0.9999999999999999,0.004999999999999999,0.005,20
topk_nonoverlap_v2,A_technical,LogisticRegression,2022-07-06,2022-08-03,2022-07-06,10,model_topk,10,"BID,CTG,DXG,EIB,EVF,KDH,PDR,SSB,STB,VNM",0.10695493996345587,0.10245493996345587,0.01983843958506653,0.015338439585066529,0.9000000000000002,0.004500000000000001,0.005,20
topk_nonoverlap_v2,A_technical,LogisticRegression,2022-07-06,2022-08-03,2022-07-06,10,equal_weight_universe,80,"ABB,ACB,ANV,BAB,BCM,BID,BMP,BSI,BVB,BVH,CMG,CSV,CTG,DCM,DGW,DIG,DPM,DXG,EIB,ELC,EVF,FPT,FRT,GAS,GEX,GMD,GVR,HAH,HCM,HDB,HDG,HPG,HSG,KDH,KLB,LPB,MBB,MBS,MCH,MSB,MSN,MWG,NAB,NKG,NLG,NT2,NVL,OCB,PDR,PGB,PHR,PLX,PNJ,POW,PPC,PVT,REE,SAB,SCR,SHB,SSB,SSI,STB,TCB,TPB,VBB,VCB,VCG,VCI,VGC,VHC,VHM,VIB,VIC,VJC,VND,VNM,VPB,VRE,VSC",0.12588210143176154,0.12588210143176154,0.03876560105337219,0.03876560105337219,0.0,0.0,0.005,20
topk_nonoverlap_v2,A_technical,LogisticRegression,2022-07-06,2022-08-03,2022-07-06,10,random_topk_deterministic,10,"CSV,ELC,GEX,HDG,KDH,KLB,PGB,SSB,VGC,VND",0.16291490442162554,0.15841490442162554,0.0757984040432362,0.0712984040432362,0.9000000000000002,0.004500000000000001,0.005,20
topk_nonoverlap_v2,A_technical,LogisticRegression,2022-08-03,2022-08-31,2022-08-03,5,model_topk,5,"BID,DXG,EIB,SSB,STB",-0.00522671762746558,-0.00522671762746558,-0.029831441734494157,-0.029831441734494157,0.0,0.0,0.005,20
topk_nonoverlap_v2,A_technical,LogisticRegression,2022-08-03,2022-08-31,2022-08-03,5,equal_weight_universe,80,"ABB,ACB,ANV,BAB,BCM,BID,BMP,BSI,BVB,BVH,CMG,CSV,CTG,DCM,DGW,DIG,DPM,DXG,EIB,ELC,EVF,FPT,FRT,GAS,GEX,GMD,GVR,HAH,HCM,HDB,HDG,HPG,HSG,KDH,KLB,LPB,MBB,MBS,MCH,MSB,MSN,MWG,NAB,NKG,NLG,NT2,NVL,OCB,PDR,PGB,PHR,PLX,PNJ,POW,PPC,PVT,REE,SAB,SCR,SHB,SSB,SSI,STB,TCB,TPB,VBB,VCB,VCG,VCI,VGC,VHC,VHM,VIB,VIC,VJC,VND,VNM,VPB,VRE,VSC",0.027442932012420873,0.027442932012420873,0.0028382079053922574,0.0028382079053922574,0.0,0.0,0.005,20
topk_nonoverlap_v2,A_technical,LogisticRegression,2022-08-03,2022-08-31,2022-08-03,5,random_topk_deterministic,5,"LPB,PDR,PHR,PNJ,VCI",0.0220081959586162,0.017008195958616204,-0.0025965281484124207,-0.0075965281484124195,0.9999999999999999,0.004999999999999999,0.005,20
topk_nonoverlap_v2,A_technical,LogisticRegression,2022-08-03,2022-08-31,2022-08-03,10,model_topk,10,"BID,CTG,DXG,EIB,EVF,KDH,PDR,SSB,STB,VNM",-0.00936101436173364,-0.00936101436173364,-0.03396573846876224,-0.03396573846876224,0.0,0.0,0.005,20
topk_nonoverlap_v2,A_technical,LogisticRegression,2022-08-03,2022-08-31,2022-08-03,10,equal_weight_universe,80,"ABB,ACB,ANV,BAB,BCM,BID,BMP,BSI,BVB,BVH,CMG,CSV,CTG,DCM,DGW,DIG,DPM,DXG,EIB,ELC,EVF,FPT,FRT,GAS,GEX,GMD,GVR,HAH,HCM,HDB,HDG,HPG,HSG,KDH,KLB,LPB,MBB,MBS,MCH,MSB,MSN,MWG,NAB,NKG,NLG,NT2,NVL,OCB,PDR,PGB,PHR,PLX,PNJ,POW,PPC,PVT,REE,SAB,SCR,SHB,SSB,SSI,STB,TCB,TPB,VBB,VCB,VCG,VCI,VGC,VHC,VHM,VIB,VIC,VJC,VND,VNM,VPB,VRE,VSC",0.027442932012420873,0.027442932012420873,0.0028382079053922574,0.0028382079053922574,0.0,0.0,0.005,20
topk_nonoverlap_v2,A_technical,LogisticRegression,2022-08-03,2022-08-31,2022-08-03,10,random_topk_deterministic,10,"ACB,ELC,FPT,GMD,MCH,MSB,NAB,PLX,VNM,VSC",-0.000984183418107029,-0.00548418341810703,-0.025588907525135644,-0.030088907525135645,0.9000000000000002,0.004500000000000001,0.005,20
topk_nonoverlap_v2,A_technical,LogisticRegression,2022-08-31,2022-09-30,2022-08-31,5,model_topk,5,"BID,DXG,EIB,SSB,STB",-0.09604577123181242,-0.09604577123181242,0.0198455533185621,0.0198455533185621,0.0,0.0,0.005,20
topk_nonoverlap_v2,A_technical,LogisticRegression,2022-08-31,2022-09-30,2022-08-31,5,equal_weight_universe,80,"ABB,ACB,ANV,BAB,BCM,BID,BMP,BSI,BVB,BVH,CMG,CSV,CTG,DCM,DGW,DIG,DPM,DXG,EIB,ELC,EVF,FPT,FRT,GAS,GEX,GMD,GVR,HAH,HCM,HDB,HDG,HPG,HSG,KDH,KLB,LPB,MBB,MBS,MCH,MSB,MSN,MWG,NAB,NKG,NLG,NT2,NVL,OCB,PDR,PGB,PHR,PLX,PNJ,POW,PPC,PVT,REE,SAB,SCR,SHB,SSB,SSI,STB,TCB,TPB,VBB,VCB,VCG,VCI,VGC,VHC,VHM,VIB,VIC,VJC,VND,VNM,VPB,VRE,VSC",-0.12112612114703285,-0.12112612114703285,-0.005234796596658332,-0.005234796596658332,0.0,0.0,0.005,20
topk_nonoverlap_v2,A_technical,LogisticRegression,2022-08-31,2022-09-30,2022-08-31,5,random_topk_deterministic,5,"HDB,NVL,SHB,VHC,VSC",-0.07357014966819128,-0.07857014966819129,0.0423211748821832,0.0373211748821832,0.9999999999999999,0.004999999999999999,0.005,20
topk_nonoverlap_v2,A_technical,LogisticRegression,2022-08-31,2022-09-30,2022-08-31,10,model_topk,10,"BID,CTG,DXG,EIB,EVF,KDH,PDR,SSB,STB,VNM",-0.10312039297358688,-0.10312039297358688,0.012770931576787648,0.012770931576787648,0.0,0.0,0.005,20
topk_nonoverlap_v2,A_technical,LogisticRegression,2022-08-31,2022-09-30,2022-08-31,10,equal_weight_universe,80,"ABB,ACB,ANV,BAB,BCM,BID,BMP,BSI,BVB,BVH,CMG,CSV,CTG,DCM,DGW,DIG,DPM,DXG,EIB,ELC,EVF,FPT,FRT,GAS,GEX,GMD,GVR,HAH,HCM,HDB,HDG,HPG,HSG,KDH,KLB,LPB,MBB,MBS,MCH,MSB,MSN,MWG,NAB,NKG,NLG,NT2,NVL,OCB,PDR,PGB,PHR,PLX,PNJ,POW,PPC,PVT,REE,SAB,SCR,SHB,SSB,SSI,STB,TCB,TPB,VBB,VCB,VCG,VCI,VGC,VHC,VHM,VIB,VIC,VJC,VND,VNM,VPB,VRE,VSC",-0.12112612114703285,-0.12112612114703285,-0.005234796596658332,-0.005234796596658332,0.0,0.0,0.005,20
topk_nonoverlap_v2,A_technical,LogisticRegression,2022-08-31,2022-09-30,2022-08-31,10,random_topk_deterministic,10,"BVH,EIB,EVF,HAH,HDB,MBB,NKG,NT2,SAB,SSB",-0.0755083135301082,-0.0805083135301082,0.0403830110202663,0.035383011020266295,1.0000000000000002,0.005000000000000001,0.005,20
topk_nonoverlap_v2,A_technical,LogisticRegression,2022-09-30,2022-10-28,2022-09-30,5,model_topk,5,"BID,DXG,EIB,SSB,STB",-0.07815018265600246,-0.07815018265600246,0.014376161957153522,0.014376161957153522,0.0,0.0,0.005,20
topk_nonoverlap_v2,A_technical,LogisticRegression,2022-09-30,2022-10-28,2022-09-30,5,equal_weight_universe,80,"ABB,ACB,ANV,BAB,BCM,BID,BMP,BSI,BVB,BVH,CMG,CSV,CTG,DCM,DGW,DIG,DPM,DXG,EIB,ELC,EVF,FPT,FRT,GAS,GEX,GMD,GVR,HAH,HCM,HDB,HDG,HPG,HSG,KDH,KLB,LPB,MBB,MBS,MCH,MSB,MSN,MWG,NAB,NKG,NLG,NT2,NVL,OCB,PDR,PGB,PHR,PLX,PNJ,POW,PPC,PVT,REE,SAB,SCR,SHB,SSB,SSI,STB,TCB,TPB,VBB,VCB,VCG,VCI,VGC,VHC,VHM,VIB,VIC,VJC,VND,VNM,VPB,VRE,VSC",-0.1269024482280874,-0.1269024482280874,-0.034376103614931416,-0.034376103614931416,0.0,0.0,0.005,20
topk_nonoverlap_v2,A_technical,LogisticRegression,2022-09-30,2022-10-28,2022-09-30,5,random_topk_deterministic,5,"HDB,HSG,MSB,NT2,REE",-0.07284247605394087,-0.07684247605394087,0.0196838685592151,0.0156838685592151,0.7999999999999999,0.004,0.005,20
topk_nonoverlap_v2,A_technical,LogisticRegression,2022-09-30,2022-10-28,2022-09-30,10,model_topk,10,"BID,CTG,DXG,EIB,EVF,KDH,PDR,SSB,STB,VNM",-0.07589182750803461,-0.07589182750803461,0.0166345171051214,0.0166345171051214,0.0,0.0,0.005,20
topk_nonoverlap_v2,A_technical,LogisticRegression,2022-09-30,2022-10-28,2022-09-30,10,equal_weight_universe,80,"ABB,ACB,ANV,BAB,BCM,BID,BMP,BSI,BVB,BVH,CMG,CSV,CTG,DCM,DGW,DIG,DPM,DXG,EIB,ELC,EVF,FPT,FRT,GAS,GEX,GMD,GVR,HAH,HCM,HDB,HDG,HPG,HSG,KDH,KLB,LPB,MBB,MBS,MCH,MSB,MSN,MWG,NAB,NKG,NLG,NT2,NVL,OCB,PDR,PGB,PHR,PLX,PNJ,POW,PPC,PVT,REE,SAB,SCR,SHB,SSB,SSI,STB,TCB,TPB,VBB,VCB,VCG,VCI,VGC,VHC,VHM,VIB,VIC,VJC,VND,VNM,VPB,VRE,VSC",-0.1269024482280874,-0.1269024482280874,-0.034376103614931416,-0.034376103614931416,0.0,0.0,0.005,20
topk_nonoverlap_v2,A_technical,LogisticRegression,2022-09-30,2022-10-28,2022-09-30,10,random_topk_deterministic,10,"BSI,FPT,HAH,HDB,HSG,NKG,PDR,PHR,SSB,VCG",-0.1818975827935288,-0.1848975827935288,-0.08937123818037276,-0.09237123818037277,0.6,0.003,0.005,20
topk_nonoverlap_v2,A_technical,LogisticRegression,2022-10-28,2022-11-25,2022-10-28,5,model_topk,5,"BAB,EIB,GMD,SSB,VSC",-0.13746987059862154,-0.14046987059862154,-0.08305856394856728,-0.08605856394856728,0.6,0.003,0.005,20
topk_nonoverlap_v2,A_technical,LogisticRegression,2022-10-28,2022-11-25,2022-10-28,5,equal_weight_universe,80,"ABB,ACB,ANV,BAB,BCM,BID,BMP,BSI,BVB,BVH,CMG,CSV,CTG,DCM,DGW,DIG,DPM,DXG,EIB,ELC,EVF,FPT,FRT,GAS,GEX,GMD,GVR,HAH,HCM,HDB,HDG,HPG,HSG,KDH,KLB,LPB,MBB,MBS,MCH,MSB,MSN,MWG,NAB,NKG,NLG,NT2,NVL,OCB,PDR,PGB,PHR,PLX,PNJ,POW,PPC,PVT,REE,SAB,SCR,SHB,SSB,SSI,STB,TCB,TPB,VBB,VCB,VCG,VCI,VGC,VHC,VHM,VIB,VIC,VJC,VND,VNM,VPB,VRE,VSC",-0.08837193253163753,-0.08837193253163753,-0.03396062588158323,-0.03396062588158323,0.0,0.0,0.005,20
topk_nonoverlap_v2,A_technical,LogisticRegression,2022-10-28,2022-11-25,2022-10-28,5,random_topk_deterministic,5,"BMP,HPG,POW,SSB,VGC",-0.0829419504828188,-0.0879419504828188,-0.028530643832764463,-0.03353064383276446,0.9999999999999999,0.004999999999999999,0.005,20
topk_nonoverlap_v2,A_technical,LogisticRegression,2022-10-28,2022-11-25,2022-10-28,10,model_topk,10,"ACB,BAB,BSI,EIB,GMD,PNJ,SSB,VJC,VRE,VSC",-0.07040265529609666,-0.07440265529609666,-0.015991348646042375,-0.019991348646042375,0.8000000000000002,0.004000000000000001,0.005,20
topk_nonoverlap_v2,A_technical,LogisticRegression,2022-10-28,2022-11-25,2022-10-28,10,equal_weight_universe,80,"ABB,ACB,ANV,BAB,BCM,BID,BMP,BSI,BVB,BVH,CMG,CSV,CTG,DCM,DGW,DIG,DPM,DXG,EIB,ELC,EVF,FPT,FRT,GAS,GEX,GMD,GVR,HAH,HCM,HDB,HDG,HPG,HSG,KDH,KLB,LPB,MBB,MBS,MCH,MSB,MSN,MWG,NAB,NKG,NLG,NT2,NVL,OCB,PDR,PGB,PHR,PLX,PNJ,POW,PPC,PVT,REE,SAB,SCR,SHB,SSB,SSI,STB,TCB,TPB,VBB,VCB,VCG,VCI,VGC,VHC,VHM,VIB,VIC,VJC,VND,VNM,VPB,VRE,VSC",-0.08837193253163753,-0.08837193253163753,-0.03396062588158323,-0.03396062588158323,0.0,0.0,0.005,20
topk_nonoverlap_v2,A_technical,LogisticRegression,2022-10-28,2022-11-25,2022-10-28,10,random_topk_deterministic,10,"ACB,BSI,GMD,MBB,MBS,NT2,PPC,SAB,SSI,VHM",-0.04285339334832276,-0.04735339334832277,0.011557913301731535,0.007057913301731534,0.9000000000000002,0.004500000000000001,0.005,20
topk_nonoverlap_v2,A_technical,LogisticRegression,2022-11-25,2022-12-23,2022-11-25,5,model_topk,5,"BAB,EIB,GMD,SSB,VSC",0.09093105951257438,0.09093105951257438,0.04061504032495996,0.04061504032495996,0.0,0.0,0.005,20
topk_nonoverlap_v2,A_technical,LogisticRegression,2022-11-25,2022-12-23,2022-11-25,5,equal_weight_universe,80,"ABB,ACB,ANV,BAB,BCM,BID,BMP,BSI,BVB,BVH,CMG,CSV,CTG,DCM,DGW,DIG,DPM,DXG,EIB,ELC,EVF,FPT,FRT,GAS,GEX,GMD,GVR,HAH,HCM,HDB,HDG,HPG,HSG,KDH,KLB,LPB,MBB,MBS,MCH,MSB,MSN,MWG,NAB,NKG,NLG,NT2,NVL,OCB,PDR,PGB,PHR,PLX,PNJ,POW,PPC,PVT,REE,SAB,SCR,SHB,SSB,SSI,STB,TCB,TPB,VBB,VCB,VCG,VCI,VGC,VHC,VHM,VIB,VIC,VJC,VND,VNM,VPB,VRE,VSC",0.0917815081415152,0.0917815081415152,0.0414654889539008,0.0414654889539008,0.0,0.0,0.005,20
topk_nonoverlap_v2,A_technical,LogisticRegression,2022-11-25,2022-12-23,2022-11-25,5,random_topk_deterministic,5,"ABB,HDB,HDG,PGB,SSI",0.08264956516023898,0.07764956516023898,0.032333545972624576,0.02733354597262458,0.9999999999999999,0.004999999999999999,0.005,20
topk_nonoverlap_v2,A_technical,LogisticRegression,2022-11-25,2022-12-23,2022-11-25,10,model_topk,10,"ACB,BAB,BSI,EIB,GMD,PNJ,SSB,VJC,VRE,VSC",0.07229574432237709,0.07229574432237709,0.02197972513476269,0.02197972513476269,0.0,0.0,0.005,20
topk_nonoverlap_v2,A_technical,LogisticRegression,2022-11-25,2022-12-23,2022-11-25,10,equal_weight_universe,80,"ABB,ACB,ANV,BAB,BCM,BID,BMP,BSI,BVB,BVH,CMG,CSV,CTG,DCM,DGW,DIG,DPM,DXG,EIB,ELC,EVF,FPT,FRT,GAS,GEX,GMD,GVR,HAH,HCM,HDB,HDG,HPG,HSG,KDH,KLB,LPB,MBB,MBS,MCH,MSB,MSN,MWG,NAB,NKG,NLG,NT2,NVL,OCB,PDR,PGB,PHR,PLX,PNJ,POW,PPC,PVT,REE,SAB,SCR,SHB,SSB,SSI,STB,TCB,TPB,VBB,VCB,VCG,VCI,VGC,VHC,VHM,VIB,VIC,VJC,VND,VNM,VPB,VRE,VSC",0.0917815081415152,0.0917815081415152,0.0414654889539008,0.0414654889539008,0.0,0.0,0.005,20
topk_nonoverlap_v2,A_technical,LogisticRegression,2022-11-25,2022-12-23,2022-11-25,10,random_topk_deterministic,10,"BCM,DGW,DXG,ELC,GEX,MBS,MCH,VCI,VGC,VSC",0.1007167503630015,0.0962167503630015,0.050400731175387105,0.0459007311753871,0.9000000000000002,0.004500000000000001,0.005,20
topk_nonoverlap_v2,A_technical,LogisticRegression,2022-12-23,2023-01-30,2022-12-23,5,model_topk,5,"BAB,EIB,GMD,SSB,VSC",0.036894254009523196,0.036894254009523196,-0.04369652945481212,-0.04369652945481212,0.0,0.0,0.005,20
topk_nonoverlap_v2,A_technical,LogisticRegression,2022-12-23,2023-01-30,2022-12-23,5,equal_weight_universe,80,"ABB,ACB,ANV,BAB,BCM,BID,BMP,BSI,BVB,BVH,CMG,CSV,CTG,DCM,DGW,DIG,DPM,DXG,EIB,ELC,EVF,FPT,FRT,GAS,GEX,GMD,GVR,HAH,HCM,HDB,HDG,HPG,HSG,KDH,KLB,LPB,MBB,MBS,MCH,MSB,MSN,MWG,NAB,NKG,NLG,NT2,NVL,OCB,PDR,PGB,PHR,PLX,PNJ,POW,PPC,PVT,REE,SAB,SCR,SHB,SSB,SSI,STB,TCB,TPB,VBB,VCB,VCG,VCI,VGC,VHC,VHM,VIB,VIC,VJC,VND,VNM,VPB,VRE,VSC",0.09285616386073754,0.09285616386073754,0.012265380396402218,0.012265380396402218,0.0,0.0,0.005,20
topk_nonoverlap_v2,A_technical,LogisticRegression,2022-12-23,2023-01-30,2022-12-23,5,random_topk_deterministic,5,"CMG,EIB,HPG,MCH,STB",0.06035209071849902,0.055352090718499024,-0.02023869274583632,-0.025238692745836316,0.9999999999999999,0.004999999999999999,0.005,20
topk_nonoverlap_v2,A_technical,LogisticRegression,2022-12-23,2023-01-30,2022-12-23,10,model_topk,10,"ACB,BAB,BSI,EIB,GMD,PNJ,SSB,VJC,VRE,VSC",0.06735352106502435,0.06735352106502435,-0.01323726239931099,-0.01323726239931099,0.0,0.0,0.005,20
topk_nonoverlap_v2,A_technical,LogisticRegression,2022-12-23,2023-01-30,2022-12-23,10,equal_weight_universe,80,"ABB,ACB,ANV,BAB,BCM,BID,BMP,BSI,BVB,BVH,CMG,CSV,CTG,DCM,DGW,DIG,DPM,DXG,EIB,ELC,EVF,FPT,FRT,GAS,GEX,GMD,GVR,HAH,HCM,HDB,HDG,HPG,HSG,KDH,KLB,LPB,MBB,MBS,MCH,MSB,MSN,MWG,NAB,NKG,NLG,NT2,NVL,OCB,PDR,PGB,PHR,PLX,PNJ,POW,PPC,PVT,REE,SAB,SCR,SHB,SSB,SSI,STB,TCB,TPB,VBB,VCB,VCG,VCI,VGC,VHC,VHM,VIB,VIC,VJC,VND,VNM,VPB,VRE,VSC",0.09285616386073754,0.09285616386073754,0.012265380396402218,0.012265380396402218,0.0,0.0,0.005,20
topk_nonoverlap_v2,A_technical,LogisticRegression,2022-12-23,2023-01-30,2022-12-23,10,random_topk_deterministic,10,"BAB,BVH,CMG,CTG,HAH,HSG,NAB,NT2,PVT,VIB",0.10504161374418082,0.10004161374418082,0.024450830279845487,0.019450830279845486,1.0000000000000002,0.005000000000000001,0.005,20
topk_nonoverlap_v2,A_technical,LogisticRegression,2023-01-30,2023-02-27,2023-01-30,5,model_topk,5,"EIB,EVF,NVL,OCB,PDR",-0.17013777011941306,-0.17413777011941306,-0.09638281578544791,-0.10038281578544792,0.7999999999999999,0.004,0.005,20
topk_nonoverlap_v2,A_technical,LogisticRegression,2023-01-30,2023-02-27,2023-01-30,5,equal_weight_universe,80,"ABB,ACB,ANV,BAB,BCM,BID,BMP,BSI,BVB,BVH,CMG,CSV,CTG,DCM,DGW,DIG,DPM,DXG,EIB,ELC,EVF,FPT,FRT,GAS,GEX,GMD,GVR,HAH,HCM,HDB,HDG,HPG,HSG,KDH,KLB,LPB,MBB,MBS,MCH,MSB,MSN,MWG,NAB,NKG,NLG,NT2,NVL,OCB,PDR,PGB,PHR,PLX,PNJ,POW,PPC,PVT,REE,SAB,SCR,SHB,SSB,SSI,STB,TCB,TPB,VBB,VCB,VCG,VCI,VGC,VHC,VHM,VIB,VIC,VJC,VND,VNM,VPB,VRE,VSC",-0.088278629565926,-0.088278629565926,-0.014523675231960848,-0.014523675231960848,0.0,0.0,0.005,20
topk_nonoverlap_v2,A_technical,LogisticRegression,2023-01-30,2023-02-27,2023-01-30,5,random_topk_deterministic,5,"CMG,FPT,LPB,MBB,MSB",-0.07472041321971983,-0.07872041321971983,-0.0009654588857547011,-0.004965458885754701,0.7999999999999999,0.004,0.005,20
topk_nonoverlap_v2,A_technical,LogisticRegression,2023-01-30,2023-02-27,2023-01-30,10,model_topk,10,"BCM,BVB,EIB,EVF,NT2,NVL,OCB,PDR,PNJ,SSB",-0.106100856499877,-0.109600856499877,-0.03234590216591184,-0.035845902165911846,0.7000000000000001,0.0035000000000000005,0.005,20
topk_nonoverlap_v2,A_technical,LogisticRegression,2023-01-30,2023-02-27,2023-01-30,10,equal_weight_universe,80,"ABB,ACB,ANV,BAB,BCM,BID,BMP,BSI,BVB,BVH,CMG,CSV,CTG,DCM,DGW,DIG,DPM,DXG,EIB,ELC,EVF,FPT,FRT,GAS,GEX,GMD,GVR,HAH,HCM,HDB,HDG,HPG,HSG,KDH,KLB,LPB,MBB,MBS,MCH,MSB,MSN,MWG,NAB,NKG,NLG,NT2,NVL,OCB,PDR,PGB,PHR,PLX,PNJ,POW,PPC,PVT,REE,SAB,SCR,SHB,SSB,SSI,STB,TCB,TPB,VBB,VCB,VCG,VCI,VGC,VHC,VHM,VIB,VIC,VJC,VND,VNM,VPB,VRE,VSC",-0.088278629565926,-0.088278629565926,-0.014523675231960848,-0.014523675231960848,0.0,0.0,0.005,20
topk_nonoverlap_v2,A_technical,LogisticRegression,2023-01-30,2023-02-27,2023-01-30,10,random_topk_deterministic,10,"BCM,FPT,FRT,GMD,HCM,MWG,PPC,REE,TPB,VCI",-0.055442249922618,-0.060442249922618,0.018312704411347098,0.013312704411347097,1.0000000000000002,0.005000000000000001,0.005,20
topk_nonoverlap_v2,A_technical,LogisticRegression,2023-02-27,2023-03-27,2023-02-27,5,model_topk,5,"EIB,EVF,NVL,OCB,PDR",0.07475157420608117,0.07475157420608117,0.04439661704573842,0.04439661704573842,0.0,0.0,0.005,20
topk_nonoverlap_v2,A_technical,LogisticRegression,2023-02-27,2023-03-27,2023-02-27,5,equal_weight_universe,80,"ABB,ACB,ANV,BAB,BCM,BID,BMP,BSI,BVB,BVH,CMG,CSV,CTG,DCM,DGW,DIG,DPM,DXG,EIB,ELC,EVF,FPT,FRT,GAS,GEX,GMD,GVR,HAH,HCM,HDB,HDG,HPG,HSG,KDH,KLB,LPB,MBB,MBS,MCH,MSB,MSN,MWG,NAB,NKG,NLG,NT2,NVL,OCB,PDR,PGB,PHR,PLX,PNJ,POW,PPC,PVT,REE,SAB,SCR,SHB,SSB,SSI,STB,TCB,TPB,VBB,VCB,VCG,VCI,VGC,VHC,VHM,VIB,VIC,VJC,VND,VNM,VPB,VRE,VSC",0.04244534827522724,0.04244534827522724,0.012090391114884507,0.012090391114884507,0.0,0.0,0.005,20
topk_nonoverlap_v2,A_technical,LogisticRegression,2023-02-27,2023-03-27,2023-02-27,5,random_topk_deterministic,5,"HCM,KLB,POW,TCB,VSC",0.03399759263204038,0.02899759263204038,0.0036426354716976375,-0.0013573645283023617,0.9999999999999999,0.004999999999999999,0.005,20
topk_nonoverlap_v2,A_technical,LogisticRegression,2023-02-27,2023-03-27,2023-02-27,10,model_topk,10,"BCM,BVB,EIB,EVF,NT2,NVL,OCB,PDR,PNJ,SSB",0.05068081116288119,0.05068081116288119,0.02032585400253847,0.02032585400253847,0.0,0.0,0.005,20
topk_nonoverlap_v2,A_technical,LogisticRegression,2023-02-27,2023-03-27,2023-02-27,10,equal_weight_universe,80,"ABB,ACB,ANV,BAB,BCM,BID,BMP,BSI,BVB,BVH,CMG,CSV,CTG,DCM,DGW,DIG,DPM,DXG,EIB,ELC,EVF,FPT,FRT,GAS,GEX,GMD,GVR,HAH,HCM,HDB,HDG,HPG,HSG,KDH,KLB,LPB,MBB,MBS,MCH,MSB,MSN,MWG,NAB,NKG,NLG,NT2,NVL,OCB,PDR,PGB,PHR,PLX,PNJ,POW,PPC,PVT,REE,SAB,SCR,SHB,SSB,SSI,STB,TCB,TPB,VBB,VCB,VCG,VCI,VGC,VHC,VHM,VIB,VIC,VJC,VND,VNM,VPB,VRE,VSC",0.04244534827522724,0.04244534827522724,0.012090391114884507,0.012090391114884507,0.0,0.0,0.005,20
topk_nonoverlap_v2,A_technical,LogisticRegression,2023-02-27,2023-03-27,2023-02-27,10,random_topk_deterministic,10,"DIG,HCM,OCB,POW,SSB,VCG,VCI,VGC,VJC,VSC",0.055518541506956676,0.05151854150695667,0.02516358434661392,0.02116358434661392,0.8000000000000002,0.004000000000000001,0.005,20
topk_nonoverlap_v2,A_technical,LogisticRegression,2023-03-27,2023-04-24,2023-03-27,5,model_topk,5,"EIB,EVF,NVL,OCB,PDR",0.04440412844448432,0.04440412844448432,0.0547533800481908,0.0547533800481908,0.0,0.0,0.005,20
topk_nonoverlap_v2,A_technical,LogisticRegression,2023-03-27,2023-04-24,2023-03-27,5,equal_weight_universe,80,"ABB,ACB,ANV,BAB,BCM,BID,BMP,BSI,BVB,BVH,CMG,CSV,CTG,DCM,DGW,DIG,DPM,DXG,EIB,ELC,EVF,FPT,FRT,GAS,GEX,GMD,GVR,HAH,HCM,HDB,HDG,HPG,HSG,KDH,KLB,LPB,MBB,MBS,MCH,MSB,MSN,MWG,NAB,NKG,NLG,NT2,NVL,OCB,PDR,PGB,PHR,PLX,PNJ,POW,PPC,PVT,REE,SAB,SCR,SHB,SSB,SSI,STB,TCB,TPB,VBB,VCB,VCG,VCI,VGC,VHC,VHM,VIB,VIC,VJC,VND,VNM,VPB,VRE,VSC",0.030233523356027046,0.030233523356027046,0.04058277495973352,0.04058277495973352,0.0,0.0,0.005,20
topk_nonoverlap_v2,A_technical,LogisticRegression,2023-03-27,2023-04-24,2023-03-27,5,random_topk_deterministic,5,"DXG,ELC,GAS,HDG,VNM",0.006637468816920243,0.0016374688169202437,0.016986720420626714,0.011986720420626715,0.9999999999999999,0.004999999999999999,0.005,20
topk_nonoverlap_v2,A_technical,LogisticRegression,2023-03-27,2023-04-24,2023-03-27,10,model_topk,10,"BCM,BVB,EIB,EVF,NT2,NVL,OCB,PDR,PNJ,SSB",0.02119942233727924,0.02119942233727924,0.03154867394098572,0.03154867394098572,0.0,0.0,0.005,20
topk_nonoverlap_v2,A_technical,LogisticRegression,2023-03-27,2023-04-24,2023-03-27,10,equal_weight_universe,80,"ABB,ACB,ANV,BAB,BCM,BID,BMP,BSI,BVB,BVH,CMG,CSV,CTG,DCM,DGW,DIG,DPM,DXG,EIB,ELC,EVF,FPT,FRT,GAS,GEX,GMD,GVR,HAH,HCM,HDB,HDG,HPG,HSG,KDH,KLB,LPB,MBB,MBS,MCH,MSB,MSN,MWG,NAB,NKG,NLG,NT2,NVL,OCB,PDR,PGB,PHR,PLX,PNJ,POW,PPC,PVT,REE,SAB,SCR,SHB,SSB,SSI,STB,TCB,TPB,VBB,VCB,VCG,VCI,VGC,VHC,VHM,VIB,VIC,VJC,VND,VNM,VPB,VRE,VSC",0.030233523356027046,0.030233523356027046,0.04058277495973352,0.04058277495973352,0.0,0.0,0.005,20
topk_nonoverlap_v2,A_technical,LogisticRegression,2023-03-27,2023-04-24,2023-03-27,10,random_topk_deterministic,10,"ACB,CSV,DXG,GMD,KDH,MBS,OCB,PPC,VGC,VJC",0.046487497043332784,0.04298749704333278,0.05683674864703927,0.053336748647039266,0.7000000000000001,0.0035000000000000005,0.005,20
topk_nonoverlap_v2,A_technical,LogisticRegression,2023-04-24,2023-05-25,2023-04-24,5,model_topk,5,"BSI,NLG,OCB,PGB,VHM",0.00442016371653628,0.00042016371653628027,-0.017925614880682922,-0.021925614880682922,0.7999999999999999,0.004,0.005,20
topk_nonoverlap_v2,A_technical,LogisticRegression,2023-04-24,2023-05-25,2023-04-24,5,equal_weight_universe,80,"ABB,ACB,ANV,BAB,BCM,BID,BMP,BSI,BVB,BVH,CMG,CSV,CTG,DCM,DGW,DIG,DPM,DXG,EIB,ELC,EVF,FPT,FRT,GAS,GEX,GMD,GVR,HAH,HCM,HDB,HDG,HPG,HSG,KDH,KLB,LPB,MBB,MBS,MCH,MSB,MSN,MWG,NAB,NKG,NLG,NT2,NVL,OCB,PDR,PGB,PHR,PLX,PNJ,POW,PPC,PVT,REE,SAB,SCR,SHB,SSB,SSI,STB,TCB,TPB,VBB,VCB,VCG,VCI,VGC,VHC,VHM,VIB,VIC,VJC,VND,VNM,VPB,VRE,VSC",0.028488844044077238,0.028488844044077238,0.006143065446858049,0.006143065446858049,0.0,0.0,0.005,20
topk_nonoverlap_v2,A_technical,LogisticRegression,2023-04-24,2023-05-25,2023-04-24,5,random_topk_deterministic,5,"ACB,PGB,PHR,VGC,VPB",0.03100985297351517,0.02600985297351517,0.008664074376295959,0.0036640743762959595,0.9999999999999999,0.004999999999999999,0.005,20
topk_nonoverlap_v2,A_technical,LogisticRegression,2023-04-24,2023-05-25,2023-04-24,10,model_topk,10,"BSI,DIG,DXG,MBS,MSB,NLG,OCB,PGB,SHB,VHM",0.037699183487275065,0.03319918348727506,0.015353404890055858,0.010853404890055856,0.9000000000000002,0.004500000000000001,0.005,20
topk_nonoverlap_v2,A_technical,LogisticRegression,2023-04-24,2023-05-25,2023-04-24,10,equal_weight_universe,80,"ABB,ACB,ANV,BAB,BCM,BID,BMP,BSI,BVB,BVH,CMG,CSV,CTG,DCM,DGW,DIG,DPM,DXG,EIB,ELC,EVF,FPT,FRT,GAS,GEX,GMD,GVR,HAH,HCM,HDB,HDG,HPG,HSG,KDH,KLB,LPB,MBB,MBS,MCH,MSB,MSN,MWG,NAB,NKG,NLG,NT2,NVL,OCB,PDR,PGB,PHR,PLX,PNJ,POW,PPC,PVT,REE,SAB,SCR,SHB,SSB,SSI,STB,TCB,TPB,VBB,VCB,VCG,VCI,VGC,VHC,VHM,VIB,VIC,VJC,VND,VNM,VPB,VRE,VSC",0.028488844044077238,0.028488844044077238,0.006143065446858049,0.006143065446858049,0.0,0.0,0.005,20
topk_nonoverlap_v2,A_technical,LogisticRegression,2023-04-24,2023-05-25,2023-04-24,10,random_topk_deterministic,10,"ANV,DXG,EVF,HDB,LPB,MSB,PVT,SHB,SSI,VHC",0.0362584604830032,0.031758460483003195,0.013912681885784001,0.009412681885784,0.9000000000000002,0.004500000000000001,0.005,20
topk_nonoverlap_v2,A_technical,LogisticRegression,2023-05-25,2023-06-22,2023-05-25,5,model_topk,5,"BSI,NLG,OCB,PGB,VHM",0.07097808570267221,0.07097808570267221,0.013991151274749019,0.013991151274749019,0.0,0.0,0.005,20
topk_nonoverlap_v2,A_technical,LogisticRegression,2023-05-25,2023-06-22,2023-05-25,5,equal_weight_universe,80,"ABB,ACB,ANV,BAB,BCM,BID,BMP,BSI,BVB,BVH,CMG,CSV,CTG,DCM,DGW,DIG,DPM,DXG,EIB,ELC,EVF,FPT,FRT,GAS,GEX,GMD,GVR,HAH,HCM,HDB,HDG,HPG,HSG,KDH,KLB,LPB,MBB,MBS,MCH,MSB,MSN,MWG,NAB,NKG,NLG,NT2,NVL,OCB,PDR,PGB,PHR,PLX,PNJ,POW,PPC,PVT,REE,SAB,SCR,SHB,SSB,SSI,STB,TCB,TPB,VBB,VCB,VCG,VCI,VGC,VHC,VHM,VIB,VIC,VJC,VND,VNM,VPB,VRE,VSC",0.09564780574348064,0.09564780574348064,0.03866087131555743,0.03866087131555743,0.0,0.0,0.005,20
topk_nonoverlap_v2,A_technical,LogisticRegression,2023-05-25,2023-06-22,2023-05-25,5,random_topk_deterministic,5,"ABB,BAB,GVR,SAB,TCB",0.07656350358823594,0.07156350358823593,0.019576569160312716,0.014576569160312717,0.9999999999999999,0.004999999999999999,0.005,20
topk_nonoverlap_v2,A_technical,LogisticRegression,2023-05-25,2023-06-22,2023-05-25,10,model_topk,10,"BSI,DIG,DXG,MBS,MSB,NLG,OCB,PGB,SHB,VHM",0.09085203823527085,0.09085203823527085,0.03386510380734763,0.03386510380734763,0.0,0.0,0.005,20
topk_nonoverlap_v2,A_technical,LogisticRegression,2023-05-25,2023-06-22,2023-05-25,10,equal_weight_universe,80,"ABB,ACB,ANV,BAB,BCM,BID,BMP,BSI,BVB,BVH,CMG,CSV,CTG,DCM,DGW,DIG,DPM,DXG,EIB,ELC,EVF,FPT,FRT,GAS,GEX,GMD,GVR,HAH,HCM,HDB,HDG,HPG,HSG,KDH,KLB,LPB,MBB,MBS,MCH,MSB,MSN,MWG,NAB,NKG,NLG,NT2,NVL,OCB,PDR,PGB,PHR,PLX,PNJ,POW,PPC,PVT,REE,SAB,SCR,SHB,SSB,SSI,STB,TCB,TPB,VBB,VCB,VCG,VCI,VGC,VHC,VHM,VIB,VIC,VJC,VND,VNM,VPB,VRE,VSC",0.09564780574348064,0.09564780574348064,0.03866087131555743,0.03866087131555743,0.0,0.0,0.005,20
topk_nonoverlap_v2,A_technical,LogisticRegression,2023-05-25,2023-06-22,2023-05-25,10,random_topk_deterministic,10,"ABB,ANV,BID,KLB,LPB,NAB,NVL,PNJ,VJC,VNM",0.08561757423246644,0.08161757423246643,0.02863063980454324,0.02463063980454324,0.8000000000000002,0.004000000000000001,0.005,20
topk_nonoverlap_v2,A_technical,LogisticRegression,2023-06-22,2023-07-20,2023-06-22,5,model_topk,5,"BSI,NLG,OCB,PGB,VHM",0.03348632794588437,0.03348632794588437,-0.00873352453789762,-0.00873352453789762,0.0,0.0,0.005,20
topk_nonoverlap_v2,A_technical,LogisticRegression,2023-06-22,2023-07-20,2023-06-22,5,equal_weight_universe,80,"ABB,ACB,ANV,BAB,BCM,BID,BMP,BSI,BVB,BVH,CMG,CSV,CTG,DCM,DGW,DIG,DPM,DXG,EIB,ELC,EVF,FPT,FRT,GAS,GEX,GMD,GVR,HAH,HCM,HDB,HDG,HPG,HSG,KDH,KLB,LPB,MBB,MBS,MCH,MSB,MSN,MWG,NAB,NKG,NLG,NT2,NVL,OCB,PDR,PGB,PHR,PLX,PNJ,POW,PPC,PVT,REE,SAB,SCR,SHB,SSB,SSI,STB,TCB,TPB,VBB,VCB,VCG,VCI,VGC,VHC,VHM,VIB,VIC,VJC,VND,VNM,VPB,VRE,VSC",0.04908615125116789,0.04908615125116789,0.0068662987673858865,0.0068662987673858865,0.0,0.0,0.005,20
topk_nonoverlap_v2,A_technical,LogisticRegression,2023-06-22,2023-07-20,2023-06-22,5,random_topk_deterministic,5,"ABB,GVR,MSN,POW,TCB",0.019816148020386618,0.01781614802038662,-0.0224037044633954,-0.024403704463395397,0.4,0.002,0.005,20
topk_nonoverlap_v2,A_technical,LogisticRegression,2023-06-22,2023-07-20,2023-06-22,10,model_topk,10,"BSI,DIG,DXG,MBS,MSB,NLG,OCB,PGB,SHB,VHM",0.033058860779476555,0.033058860779476555,-0.00916099170430541,-0.00916099170430541,0.0,0.0,0.005,20
topk_nonoverlap_v2,A_technical,LogisticRegression,2023-06-22,2023-07-20,2023-06-22,10,equal_weight_universe,80,"ABB,ACB,ANV,BAB,BCM,BID,BMP,BSI,BVB,BVH,CMG,CSV,CTG,DCM,DGW,DIG,DPM,DXG,EIB,ELC,EVF,FPT,FRT,GAS,GEX,GMD,GVR,HAH,HCM,HDB,HDG,HPG,HSG,KDH,KLB,LPB,MBB,MBS,MCH,MSB,MSN,MWG,NAB,NKG,NLG,NT2,NVL,OCB,PDR,PGB,PHR,PLX,PNJ,POW,PPC,PVT,REE,SAB,SCR,SHB,SSB,SSI,STB,TCB,TPB,VBB,VCB,VCG,VCI,VGC,VHC,VHM,VIB,VIC,VJC,VND,VNM,VPB,VRE,VSC",0.04908615125116789,0.04908615125116789,0.0068662987673858865,0.0068662987673858865,0.0,0.0,0.005,20
topk_nonoverlap_v2,A_technical,LogisticRegression,2023-06-22,2023-07-20,2023-06-22,10,random_topk_deterministic,10,"BSI,CSV,ELC,NLG,NVL,POW,SAB,SSI,VCG,VND",0.03507282283234538,0.030572822832345376,-0.007147029651436631,-0.011647029651436634,0.9000000000000002,0.004500000000000001,0.005,20
topk_nonoverlap_v2,A_technical,LogisticRegression,2023-07-20,2023-08-17,2023-07-20,5,model_topk,5,"DIG,KLB,NVL,PDR,PGB",0.161966093744691,0.157966093744691,0.11023563442050381,0.10623563442050381,0.7999999999999999,0.004,0.005,20
topk_nonoverlap_v2,A_technical,LogisticRegression,2023-07-20,2023-08-17,2023-07-20,5,equal_weight_universe,80,"ABB,ACB,ANV,BAB,BCM,BID,BMP,BSI,BVB,BVH,CMG,CSV,CTG,DCM,DGW,DIG,DPM,DXG,EIB,ELC,EVF,FPT,FRT,GAS,GEX,GMD,GVR,HAH,HCM,HDB,HDG,HPG,HSG,KDH,KLB,LPB,MBB,MBS,MCH,MSB,MSN,MWG,NAB,NKG,NLG,NT2,NVL,OCB,PDR,PGB,PHR,PLX,PNJ,POW,PPC,PVT,REE,SAB,SCR,SHB,SSB,SSI,STB,TCB,TPB,VBB,VCB,VCG,VCI,VGC,VHC,VHM,VIB,VIC,VJC,VND,VNM,VPB,VRE,VSC",0.058565910741737316,0.058565910741737316,0.006835451417550151,0.006835451417550151,0.0,0.0,0.005,20
topk_nonoverlap_v2,A_technical,LogisticRegression,2023-07-20,2023-08-17,2023-07-20,5,random_topk_deterministic,5,"CMG,FPT,PPC,TPB,VSC",-0.021304853015012122,-0.02630485301501212,-0.07303531233919928,-0.07803531233919929,0.9999999999999999,0.004999999999999999,0.005,20
topk_nonoverlap_v2,A_technical,LogisticRegression,2023-07-20,2023-08-17,2023-07-20,10,model_topk,10,"BSI,DGW,DIG,DXG,EVF,KLB,MCH,NVL,PDR,PGB",0.14567184789456655,0.14267184789456655,0.09394138857037937,0.09094138857037937,0.6,0.003,0.005,20
topk_nonoverlap_v2,A_technical,LogisticRegression,2023-07-20,2023-08-17,2023-07-20,10,equal_weight_universe,80,"ABB,ACB,ANV,BAB,BCM,BID,BMP,BSI,BVB,BVH,CMG,CSV,CTG,DCM,DGW,DIG,DPM,DXG,EIB,ELC,EVF,FPT,FRT,GAS,GEX,GMD,GVR,HAH,HCM,HDB,HDG,HPG,HSG,KDH,KLB,LPB,MBB,MBS,MCH,MSB,MSN,MWG,NAB,NKG,NLG,NT2,NVL,OCB,PDR,PGB,PHR,PLX,PNJ,POW,PPC,PVT,REE,SAB,SCR,SHB,SSB,SSI,STB,TCB,TPB,VBB,VCB,VCG,VCI,VGC,VHC,VHM,VIB,VIC,VJC,VND,VNM,VPB,VRE,VSC",0.058565910741737316,0.058565910741737316,0.006835451417550151,0.006835451417550151,0.0,0.0,0.005,20
topk_nonoverlap_v2,A_technical,LogisticRegression,2023-07-20,2023-08-17,2023-07-20,10,random_topk_deterministic,10,"ACB,BMP,BVH,FPT,MCH,NT2,NVL,OCB,STB,VIB",0.06145772551243737,0.056957725512437364,0.009727266188250188,0.005227266188250187,0.9000000000000002,0.004500000000000001,0.005,20
topk_nonoverlap_v2,A_technical,LogisticRegression,2023-08-17,2023-09-18,2023-08-17,5,model_topk,5,"DIG,KLB,NVL,PDR,PGB",-0.02259236487385904,-0.02259236487385904,-0.005024183792690241,-0.005024183792690241,0.0,0.0,0.005,20
topk_nonoverlap_v2,A_technical,LogisticRegression,2023-08-17,2023-09-18,2023-08-17,5,equal_weight_universe,80,"ABB,ACB,ANV,BAB,BCM,BID,BMP,BSI,BVB,BVH,CMG,CSV,CTG,DCM,DGW,DIG,DPM,DXG,EIB,ELC,EVF,FPT,FRT,GAS,GEX,GMD,GVR,HAH,HCM,HDB,HDG,HPG,HSG,KDH,KLB,LPB,MBB,MBS,MCH,MSB,MSN,MWG,NAB,NKG,NLG,NT2,NVL,OCB,PDR,PGB,PHR,PLX,PNJ,POW,PPC,PVT,REE,SAB,SCR,SHB,SSB,SSI,STB,TCB,TPB,VBB,VCB,VCG,VCI,VGC,VHC,VHM,VIB,VIC,VJC,VND,VNM,VPB,VRE,VSC",0.02450140955443635,0.02450140955443635,0.0420695906356051,0.0420695906356051,0.0,0.0,0.005,20
topk_nonoverlap_v2,A_technical,LogisticRegression,2023-08-17,2023-09-18,2023-08-17,5,random_topk_deterministic,5,"MBB,MWG,OCB,VHC,VIC",-0.00396348729140768,-0.008963487291407678,0.01360469378976108,0.008604693789761081,0.9999999999999999,0.004999999999999999,0.005,20
topk_nonoverlap_v2,A_technical,LogisticRegression,2023-08-17,2023-09-18,2023-08-17,10,model_topk,10,"BSI,DGW,DIG,DXG,EVF,KLB,MCH,NVL,PDR,PGB",0.03940748952283025,0.03940748952283025,0.05697567060399901,0.05697567060399901,0.0,0.0,0.005,20
topk_nonoverlap_v2,A_technical,LogisticRegression,2023-08-17,2023-09-18,2023-08-17,10,equal_weight_universe,80,"ABB,ACB,ANV,BAB,BCM,BID,BMP,BSI,BVB,BVH,CMG,CSV,CTG,DCM,DGW,DIG,DPM,DXG,EIB,ELC,EVF,FPT,FRT,GAS,GEX,GMD,GVR,HAH,HCM,HDB,HDG,HPG,HSG,KDH,KLB,LPB,MBB,MBS,MCH,MSB,MSN,MWG,NAB,NKG,NLG,NT2,NVL,OCB,PDR,PGB,PHR,PLX,PNJ,POW,PPC,PVT,REE,SAB,SCR,SHB,SSB,SSI,STB,TCB,TPB,VBB,VCB,VCG,VCI,VGC,VHC,VHM,VIB,VIC,VJC,VND,VNM,VPB,VRE,VSC",0.02450140955443635,0.02450140955443635,0.0420695906356051,0.0420695906356051,0.0,0.0,0.005,20
topk_nonoverlap_v2,A_technical,LogisticRegression,2023-08-17,2023-09-18,2023-08-17,10,random_topk_deterministic,10,"ANV,BVB,GEX,MWG,OCB,PGB,PLX,TPB,VGC,VND",0.03807800611674994,0.03357800611674994,0.055646187197918695,0.05114618719791869,0.9000000000000002,0.004500000000000001,0.005,20
topk_nonoverlap_v2,A_technical,LogisticRegression,2023-09-18,2023-10-16,2023-09-18,5,model_topk,5,"DIG,KLB,NVL,PDR,PGB",-0.10047253627163469,-0.10047253627163469,-0.042385872520716746,-0.042385872520716746,0.0,0.0,0.005,20
topk_nonoverlap_v2,A_technical,LogisticRegression,2023-09-18,2023-10-16,2023-09-18,5,equal_weight_universe,80,"ABB,ACB,ANV,BAB,BCM,BID,BMP,BSI,BVB,BVH,CMG,CSV,CTG,DCM,DGW,DIG,DPM,DXG,EIB,ELC,EVF,FPT,FRT,GAS,GEX,GMD,GVR,HAH,HCM,HDB,HDG,HPG,HSG,KDH,KLB,LPB,MBB,MBS,MCH,MSB,MSN,MWG,NAB,NKG,NLG,NT2,NVL,OCB,PDR,PGB,PHR,PLX,PNJ,POW,PPC,PVT,REE,SAB,SCR,SHB,SSB,SSI,STB,TCB,TPB,VBB,VCB,VCG,VCI,VGC,VHC,VHM,VIB,VIC,VJC,VND,VNM,VPB,VRE,VSC",-0.04814229259590509,-0.04814229259590509,0.009944371155012855,0.009944371155012855,0.0,0.0,0.005,20
topk_nonoverlap_v2,A_technical,LogisticRegression,2023-09-18,2023-10-16,2023-09-18,5,random_topk_deterministic,5,"DIG,FPT,GEX,HAH,VRE",-0.03733647300374334,-0.04233647300374334,0.020750190747174574,0.015750190747174576,0.9999999999999999,0.004999999999999999,0.005,20
topk_nonoverlap_v2,A_technical,LogisticRegression,2023-09-18,2023-10-16,2023-09-18,10,model_topk,10,"BSI,DGW,DIG,DXG,EVF,KLB,MCH,NVL,PDR,PGB",-0.08575591013550607,-0.08575591013550607,-0.0276692463845881,-0.0276692463845881,0.0,0.0,0.005,20
topk_nonoverlap_v2,A_technical,LogisticRegression,2023-09-18,2023-10-16,2023-09-18,10,equal_weight_universe,80,"ABB,ACB,ANV,BAB,BCM,BID,BMP,BSI,BVB,BVH,CMG,CSV,CTG,DCM,DGW,DIG,DPM,DXG,EIB,ELC,EVF,FPT,FRT,GAS,GEX,GMD,GVR,HAH,HCM,HDB,HDG,HPG,HSG,KDH,KLB,LPB,MBB,MBS,MCH,MSB,MSN,MWG,NAB,NKG,NLG,NT2,NVL,OCB,PDR,PGB,PHR,PLX,PNJ,POW,PPC,PVT,REE,SAB,SCR,SHB,SSB,SSI,STB,TCB,TPB,VBB,VCB,VCG,VCI,VGC,VHC,VHM,VIB,VIC,VJC,VND,VNM,VPB,VRE,VSC",-0.04814229259590509,-0.04814229259590509,0.009944371155012855,0.009944371155012855,0.0,0.0,0.005,20
topk_nonoverlap_v2,A_technical,LogisticRegression,2023-09-18,2023-10-16,2023-09-18,10,random_topk_deterministic,10,"DPM,HPG,MSB,NAB,PHR,PNJ,PPC,SSI,VCB,VCI",-0.0474168982507757,-0.052416898250775695,0.010669765500142212,0.005669765500142211,1.0000000000000002,0.005000000000000001,0.005,20
topk_nonoverlap_v2,A_technical,LogisticRegression,2023-10-16,2023-11-13,2023-10-16,5,model_topk,5,"MSN,PVT,SSB,VHC,VIC",-0.10230126038255616,-0.10730126038255616,-0.06607445517500755,-0.07107445517500756,0.9999999999999999,0.004999999999999999,0.005,20
topk_nonoverlap_v2,A_technical,LogisticRegression,2023-10-16,2023-11-13,2023-10-16,5,equal_weight_universe,80,"ABB,ACB,ANV,BAB,BCM,BID,BMP,BSI,BVB,BVH,CMG,CSV,CTG,DCM,DGW,DIG,DPM,DXG,EIB,ELC,EVF,FPT,FRT,GAS,GEX,GMD,GVR,HAH,HCM,HDB,HDG,HPG,HSG,KDH,KLB,LPB,MBB,MBS,MCH,MSB,MSN,MWG,NAB,NKG,NLG,NT2,NVL,OCB,PDR,PGB,PHR,PLX,PNJ,POW,PPC,PVT,REE,SAB,SCR,SHB,SSB,SSI,STB,TCB,TPB,VBB,VCB,VCG,VCI,VGC,VHC,VHM,VIB,VIC,VJC,VND,VNM,VPB,VRE,VSC",-0.0258687793007528,-0.0258687793007528,0.010358025906795802,0.010358025906795802,0.0,0.0,0.005,20
topk_nonoverlap_v2,A_technical,LogisticRegression,2023-10-16,2023-11-13,2023-10-16,5,random_topk_deterministic,5,"DGW,KLB,MSB,PHR,SAB",-0.09575105594323585,-0.10075105594323586,-0.05952425073568722,-0.06452425073568722,0.9999999999999999,0.004999999999999999,0.005,20
topk_nonoverlap_v2,A_technical,LogisticRegression,2023-10-16,2023-11-13,2023-10-16,10,model_topk,10,"BCM,MCH,MSB,MSN,PVT,SHB,SSB,VHC,VIC,VSC",-0.05824680986532195,-0.06274680986532195,-0.022020004657773335,-0.026520004657773336,0.9000000000000002,0.004500000000000001,0.005,20
topk_nonoverlap_v2,A_technical,LogisticRegression,2023-10-16,2023-11-13,2023-10-16,10,equal_weight_universe,80,"ABB,ACB,ANV,BAB,BCM,BID,BMP,BSI,BVB,BVH,CMG,CSV,CTG,DCM,DGW,DIG,DPM,DXG,EIB,ELC,EVF,FPT,FRT,GAS,GEX,GMD,GVR,HAH,HCM,HDB,HDG,HPG,HSG,KDH,KLB,LPB,MBB,MBS,MCH,MSB,MSN,MWG,NAB,NKG,NLG,NT2,NVL,OCB,PDR,PGB,PHR,PLX,PNJ,POW,PPC,PVT,REE,SAB,SCR,SHB,SSB,SSI,STB,TCB,TPB,VBB,VCB,VCG,VCI,VGC,VHC,VHM,VIB,VIC,VJC,VND,VNM,VPB,VRE,VSC",-0.0258687793007528,-0.0258687793007528,0.010358025906795802,0.010358025906795802,0.0,0.0,0.005,20
topk_nonoverlap_v2,A_technical,LogisticRegression,2023-10-16,2023-11-13,2023-10-16,10,random_topk_deterministic,10,"ANV,BMP,EVF,MCH,PDR,VCI,VHC,VIB,VJC,VND",-0.004542445119205627,-0.009042445119205628,0.03168436008834298,0.02718436008834298,0.9000000000000002,0.004500000000000001,0.005,20
topk_nonoverlap_v2,A_technical,LogisticRegression,2023-11-13,2023-12-11,2023-11-13,5,model_topk,5,"MSN,PVT,SSB,VHC,VIC",0.0344267368790449,0.0344267368790449,0.0113100261242746,0.0113100261242746,0.0,0.0,0.005,20
topk_nonoverlap_v2,A_technical,LogisticRegression,2023-11-13,2023-12-11,2023-11-13,5,equal_weight_universe,80,"ABB,ACB,ANV,BAB,BCM,BID,BMP,BSI,BVB,BVH,CMG,CSV,CTG,DCM,DGW,DIG,DPM,DXG,EIB,ELC,EVF,FPT,FRT,GAS,GEX,GMD,GVR,HAH,HCM,HDB,HDG,HPG,HSG,KDH,KLB,LPB,MBB,MBS,MCH,MSB,MSN,MWG,NAB,NKG,NLG,NT2,NVL,OCB,PDR,PGB,PHR,PLX,PNJ,POW,PPC,PVT,REE,SAB,SCR,SHB,SSB,SSI,STB,TCB,TPB,VBB,VCB,VCG,VCI,VGC,VHC,VHM,VIB,VIC,VJC,VND,VNM,VPB,VRE,VSC",0.03846540766510852,0.03846540766510852,0.015348696910338248,0.015348696910338248,0.0,0.0,0.005,20
topk_nonoverlap_v2,A_technical,LogisticRegression,2023-11-13,2023-12-11,2023-11-13,5,random_topk_deterministic,5,"DXG,GAS,PPC,TCB,VCG",0.017735963560186124,0.012735963560186124,-0.0053807471945841595,-0.010380747194584159,0.9999999999999999,0.004999999999999999,0.005,20
topk_nonoverlap_v2,A_technical,LogisticRegression,2023-11-13,2023-12-11,2023-11-13,10,model_topk,10,"BCM,MCH,MSB,MSN,PVT,SHB,SSB,VHC,VIC,VSC",0.045381071742814756,0.045381071742814756,0.02226436098804447,0.02226436098804447,0.0,0.0,0.005,20
topk_nonoverlap_v2,A_technical,LogisticRegression,2023-11-13,2023-12-11,2023-11-13,10,equal_weight_universe,80,"ABB,ACB,ANV,BAB,BCM,BID,BMP,BSI,BVB,BVH,CMG,CSV,CTG,DCM,DGW,DIG,DPM,DXG,EIB,ELC,EVF,FPT,FRT,GAS,GEX,GMD,GVR,HAH,HCM,HDB,HDG,HPG,HSG,KDH,KLB,LPB,MBB,MBS,MCH,MSB,MSN,MWG,NAB,NKG,NLG,NT2,NVL,OCB,PDR,PGB,PHR,PLX,PNJ,POW,PPC,PVT,REE,SAB,SCR,SHB,SSB,SSI,STB,TCB,TPB,VBB,VCB,VCG,VCI,VGC,VHC,VHM,VIB,VIC,VJC,VND,VNM,VPB,VRE,VSC",0.03846540766510852,0.03846540766510852,0.015348696910338248,0.015348696910338248,0.0,0.0,0.005,20
topk_nonoverlap_v2,A_technical,LogisticRegression,2023-11-13,2023-12-11,2023-11-13,10,random_topk_deterministic,10,"BSI,CTG,DCM,DIG,GAS,GEX,GMD,MWG,PGB,VGC",0.046535086347501996,0.041535086347502,0.02341837559273172,0.01841837559273172,1.0000000000000002,0.005000000000000001,0.005,20
topk_nonoverlap_v2,A_technical,LogisticRegression,2023-12-11,2024-01-09,2023-12-11,5,model_topk,5,"MSN,PVT,SSB,VHC,VIC",0.0108745997316714,0.0108745997316714,-0.01852566681652932,-0.01852566681652932,0.0,0.0,0.005,20
topk_nonoverlap_v2,A_technical,LogisticRegression,2023-12-11,2024-01-09,2023-12-11,5,equal_weight_universe,80,"ABB,ACB,ANV,BAB,BCM,BID,BMP,BSI,BVB,BVH,CMG,CSV,CTG,DCM,DGW,DIG,DPM,DXG,EIB,ELC,EVF,FPT,FRT,GAS,GEX,GMD,GVR,HAH,HCM,HDB,HDG,HPG,HSG,KDH,KLB,LPB,MBB,MBS,MCH,MSB,MSN,MWG,NAB,NKG,NLG,NT2,NVL,OCB,PDR,PGB,PHR,PLX,PNJ,POW,PPC,PVT,REE,SAB,SCR,SHB,SSB,SSI,STB,TCB,TPB,VBB,VCB,VCG,VCI,VGC,VHC,VHM,VIB,VIC,VJC,VND,VNM,VPB,VRE,VSC",0.03295277521984165,0.03295277521984165,0.0035525086716409484,0.0035525086716409484,0.0,0.0,0.005,20
topk_nonoverlap_v2,A_technical,LogisticRegression,2023-12-11,2024-01-09,2023-12-11,5,random_topk_deterministic,5,"POW,SHB,VHM,VJC,VRE",0.018566193628473563,0.013566193628473564,-0.010834072919727161,-0.01583407291972716,0.9999999999999999,0.004999999999999999,0.005,20
topk_nonoverlap_v2,A_technical,LogisticRegression,2023-12-11,2024-01-09,2023-12-11,10,model_topk,10,"BCM,MCH,MSB,MSN,PVT,SHB,SSB,VHC,VIC,VSC",0.02274508548763422,0.02274508548763422,-0.006655181060566492,-0.006655181060566492,0.0,0.0,0.005,20
topk_nonoverlap_v2,A_technical,LogisticRegression,2023-12-11,2024-01-09,2023-12-11,10,equal_weight_universe,80,"ABB,ACB,ANV,BAB,BCM,BID,BMP,BSI,BVB,BVH,CMG,CSV,CTG,DCM,DGW,DIG,DPM,DXG,EIB,ELC,EVF,FPT,FRT,GAS,GEX,GMD,GVR,HAH,HCM,HDB,HDG,HPG,HSG,KDH,KLB,LPB,MBB,MBS,MCH,MSB,MSN,MWG,NAB,NKG,NLG,NT2,NVL,OCB,PDR,PGB,PHR,PLX,PNJ,POW,PPC,PVT,REE,SAB,SCR,SHB,SSB,SSI,STB,TCB,TPB,VBB,VCB,VCG,VCI,VGC,VHC,VHM,VIB,VIC,VJC,VND,VNM,VPB,VRE,VSC",0.03295277521984165,0.03295277521984165,0.0035525086716409484,0.0035525086716409484,0.0,0.0,0.005,20
topk_nonoverlap_v2,A_technical,LogisticRegression,2023-12-11,2024-01-09,2023-12-11,10,random_topk_deterministic,10,"ACB,FPT,HAH,MCH,PDR,PGB,PNJ,TCB,VHM,VND",0.05980768528017379,0.05530768528017379,0.030407418731973102,0.0259074187319731,0.9000000000000002,0.004500000000000001,0.005,20
topk_nonoverlap_v2,A_technical,LogisticRegression,2024-01-09,2024-02-06,2024-01-09,5,model_topk,5,"GAS,SAB,STB,VNM,VRE",-0.01911097595874256,-0.024110975958742557,-0.04490957598118364,-0.04990957598118364,0.9999999999999999,0.004999999999999999,0.005,20
topk_nonoverlap_v2,A_technical,LogisticRegression,2024-01-09,2024-02-06,2024-01-09,5,equal_weight_universe,80,"ABB,ACB,ANV,BAB,BCM,BID,BMP,BSI,BVB,BVH,CMG,CSV,CTG,DCM,DGW,DIG,DPM,DXG,EIB,ELC,EVF,FPT,FRT,GAS,GEX,GMD,GVR,HAH,HCM,HDB,HDG,HPG,HSG,KDH,KLB,LPB,MBB,MBS,MCH,MSB,MSN,MWG,NAB,NKG,NLG,NT2,NVL,OCB,PDR,PGB,PHR,PLX,PNJ,POW,PPC,PVT,REE,SAB,SCR,SHB,SSB,SSI,STB,TCB,TPB,VBB,VCB,VCG,VCI,VGC,VHC,VHM,VIB,VIC,VJC,VND,VNM,VPB,VRE,VSC",0.029575030124538708,0.029575030124538708,0.0037764301020976688,0.0037764301020976688,0.0,0.0,0.005,20
topk_nonoverlap_v2,A_technical,LogisticRegression,2024-01-09,2024-02-06,2024-01-09,5,random_topk_deterministic,5,"GEX,KLB,MSN,NKG,PPC",-0.007486772769304739,-0.012486772769304738,-0.03328537279174578,-0.03828537279174578,0.9999999999999999,0.004999999999999999,0.005,20
topk_nonoverlap_v2,A_technical,LogisticRegression,2024-01-09,2024-02-06,2024-01-09,10,model_topk,10,"GAS,MSB,POW,SAB,STB,VHM,VJC,VNM,VPB,VRE",-0.01511019001244315,-0.01961019001244315,-0.040908790034884165,-0.04540879003488417,0.9000000000000002,0.004500000000000001,0.005,20
topk_nonoverlap_v2,A_technical,LogisticRegression,2024-01-09,2024-02-06,2024-01-09,10,equal_weight_universe,80,"ABB,ACB,ANV,BAB,BCM,BID,BMP,BSI,BVB,BVH,CMG,CSV,CTG,DCM,DGW,DIG,DPM,DXG,EIB,ELC,EVF,FPT,FRT,GAS,GEX,GMD,GVR,HAH,HCM,HDB,HDG,HPG,HSG,KDH,KLB,LPB,MBB,MBS,MCH,MSB,MSN,MWG,NAB,NKG,NLG,NT2,NVL,OCB,PDR,PGB,PHR,PLX,PNJ,POW,PPC,PVT,REE,SAB,SCR,SHB,SSB,SSI,STB,TCB,TPB,VBB,VCB,VCG,VCI,VGC,VHC,VHM,VIB,VIC,VJC,VND,VNM,VPB,VRE,VSC",0.029575030124538708,0.029575030124538708,0.0037764301020976688,0.0037764301020976688,0.0,0.0,0.005,20
topk_nonoverlap_v2,A_technical,LogisticRegression,2024-01-09,2024-02-06,2024-01-09,10,random_topk_deterministic,10,"ABB,BID,CMG,DCM,EIB,HDB,MSB,PLX,SCR,TPB",0.020648370882075683,0.01564837088207568,-0.005150229140365331,-0.010150229140365332,1.0000000000000002,0.005000000000000001,0.005,20
topk_nonoverlap_v2,A_technical,LogisticRegression,2024-02-06,2024-03-12,2024-02-06,5,model_topk,5,"GAS,SAB,STB,VNM,VRE",0.047918452414031004,0.047918452414031004,0.0003619096030456591,0.0003619096030456591,0.0,0.0,0.005,20
topk_nonoverlap_v2,A_technical,LogisticRegression,2024-02-06,2024-03-12,2024-02-06,5,equal_weight_universe,80,"ABB,ACB,ANV,BAB,BCM,BID,BMP,BSI,BVB,BVH,CMG,CSV,CTG,DCM,DGW,DIG,DPM,DXG,EIB,ELC,EVF,FPT,FRT,GAS,GEX,GMD,GVR,HAH,HCM,HDB,HDG,HPG,HSG,KDH,KLB,LPB,MBB,MBS,MCH,MSB,MSN,MWG,NAB,NKG,NLG,NT2,NVL,OCB,PDR,PGB,PHR,PLX,PNJ,POW,PPC,PVT,REE,SAB,SCR,SHB,SSB,SSI,STB,TCB,TPB,VBB,VCB,VCG,VCI,VGC,VHC,VHM,VIB,VIC,VJC,VND,VNM,VPB,VRE,VSC",0.04448375630615168,0.04448375630615168,-0.003072786504833726,-0.003072786504833726,0.0,0.0,0.005,20
topk_nonoverlap_v2,A_technical,LogisticRegression,2024-02-06,2024-03-12,2024-02-06,5,random_topk_deterministic,5,"MBS,PGB,VIB,VND,VSC",0.00609358889517038,0.001093588895170381,-0.04146295391581498,-0.04646295391581498,0.9999999999999999,0.004999999999999999,0.005,20
topk_nonoverlap_v2,A_technical,LogisticRegression,2024-02-06,2024-03-12,2024-02-06,10,model_topk,10,"GAS,MSB,POW,SAB,STB,VHM,VJC,VNM,VPB,VRE",0.028959048946030706,0.028959048946030706,-0.01859749386495465,-0.01859749386495465,0.0,0.0,0.005,20
topk_nonoverlap_v2,A_technical,LogisticRegression,2024-02-06,2024-03-12,2024-02-06,10,equal_weight_universe,80,"ABB,ACB,ANV,BAB,BCM,BID,BMP,BSI,BVB,BVH,CMG,CSV,CTG,DCM,DGW,DIG,DPM,DXG,EIB,ELC,EVF,FPT,FRT,GAS,GEX,GMD,GVR,HAH,HCM,HDB,HDG,HPG,HSG,KDH,KLB,LPB,MBB,MBS,MCH,MSB,MSN,MWG,NAB,NKG,NLG,NT2,NVL,OCB,PDR,PGB,PHR,PLX,PNJ,POW,PPC,PVT,REE,SAB,SCR,SHB,SSB,SSI,STB,TCB,TPB,VBB,VCB,VCG,VCI,VGC,VHC,VHM,VIB,VIC,VJC,VND,VNM,VPB,VRE,VSC",0.04448375630615168,0.04448375630615168,-0.003072786504833726,-0.003072786504833726,0.0,0.0,0.005,20
topk_nonoverlap_v2,A_technical,LogisticRegression,2024-02-06,2024-03-12,2024-02-06,10,random_topk_deterministic,10,"ABB,GVR,MSB,MWG,PLX,SSI,VCG,VHM,VND,VNM",0.04284999583883479,0.039349995838834785,-0.00470654697215059,-0.008206546972150591,0.7000000000000001,0.0035000000000000005,0.005,20
topk_nonoverlap_v2,A_technical,LogisticRegression,2024-03-12,2024-04-09,2024-03-12,5,model_topk,5,"GAS,SAB,STB,VNM,VRE",-0.030067377674628776,-0.030067377674628776,-0.04438063068667704,-0.04438063068667704,0.0,0.0,0.005,20
topk_nonoverlap_v2,A_technical,LogisticRegression,2024-03-12,2024-04-09,2024-03-12,5,equal_weight_universe,80,"ABB,ACB,ANV,BAB,BCM,BID,BMP,BSI,BVB,BVH,CMG,CSV,CTG,DCM,DGW,DIG,DPM,DXG,EIB,ELC,EVF,FPT,FRT,GAS,GEX,GMD,GVR,HAH,HCM,HDB,HDG,HPG,HSG,KDH,KLB,LPB,MBB,MBS,MCH,MSB,MSN,MWG,NAB,NKG,NLG,NT2,NVL,OCB,PDR,PGB,PHR,PLX,PNJ,POW,PPC,PVT,REE,SAB,SCR,SHB,SSB,SSI,STB,TCB,TPB,VBB,VCB,VCG,VCI,VGC,VHC,VHM,VIB,VIC,VJC,VND,VNM,VPB,VRE,VSC",0.013705628811516619,0.013705628811516619,-0.0006076242005315965,-0.0006076242005315965,0.0,0.0,0.005,20
topk_nonoverlap_v2,A_technical,LogisticRegression,2024-03-12,2024-04-09,2024-03-12,5,random_topk_deterministic,5,"KLB,MSB,MWG,VGC,VND",0.02178649877907558,0.01778649877907558,0.00747324576702732,0.00347324576702732,0.7999999999999999,0.004,0.005,20
topk_nonoverlap_v2,A_technical,LogisticRegression,2024-03-12,2024-04-09,2024-03-12,10,model_topk,10,"GAS,MSB,POW,SAB,STB,VHM,VJC,VNM,VPB,VRE",-0.013264186030310859,-0.013264186030310859,-0.027577439042359108,-0.027577439042359108,0.0,0.0,0.005,20
topk_nonoverlap_v2,A_technical,LogisticRegression,2024-03-12,2024-04-09,2024-03-12,10,equal_weight_universe,80,"ABB,ACB,ANV,BAB,BCM,BID,BMP,BSI,BVB,BVH,CMG,CSV,CTG,DCM,DGW,DIG,DPM,DXG,EIB,ELC,EVF,FPT,FRT,GAS,GEX,GMD,GVR,HAH,HCM,HDB,HDG,HPG,HSG,KDH,KLB,LPB,MBB,MBS,MCH,MSB,MSN,MWG,NAB,NKG,NLG,NT2,NVL,OCB,PDR,PGB,PHR,PLX,PNJ,POW,PPC,PVT,REE,SAB,SCR,SHB,SSB,SSI,STB,TCB,TPB,VBB,VCB,VCG,VCI,VGC,VHC,VHM,VIB,VIC,VJC,VND,VNM,VPB,VRE,VSC",0.013705628811516619,0.013705628811516619,-0.0006076242005315965,-0.0006076242005315965,0.0,0.0,0.005,20
topk_nonoverlap_v2,A_technical,LogisticRegression,2024-03-12,2024-04-09,2024-03-12,10,random_topk_deterministic,10,"EVF,LPB,MSB,MSN,PPC,SSB,VBB,VCI,VHC,VIB",-0.0009540092646869189,-0.00545400926468692,-0.015267262276735138,-0.01976726227673514,0.9000000000000002,0.004500000000000001,0.005,20
topk_nonoverlap_v2,A_technical,LogisticRegression,2024-04-09,2024-05-13,2024-04-09,5,model_topk,5,"CTG,MBB,SHB,VBB,VSC",0.008762459118003019,0.00376245911800302,0.02669058822587254,0.02169058822587254,0.9999999999999999,0.004999999999999999,0.005,20
topk_nonoverlap_v2,A_technical,LogisticRegression,2024-04-09,2024-05-13,2024-04-09,5,equal_weight_universe,80,"ABB,ACB,ANV,BAB,BCM,BID,BMP,BSI,BVB,BVH,CMG,CSV,CTG,DCM,DGW,DIG,DPM,DXG,EIB,ELC,EVF,FPT,FRT,GAS,GEX,GMD,GVR,HAH,HCM,HDB,HDG,HPG,HSG,KDH,KLB,LPB,MBB,MBS,MCH,MSB,MSN,MWG,NAB,NKG,NLG,NT2,NVL,OCB,PDR,PGB,PHR,PLX,PNJ,POW,PPC,PVT,REE,SAB,SCR,SHB,SSB,SSI,STB,TCB,TPB,VBB,VCB,VCG,VCI,VGC,VHC,VHM,VIB,VIC,VJC,VND,VNM,VPB,VRE,VSC",-0.011577584859227955,-0.011577584859227955,0.006350544248641598,0.006350544248641598,0.0,0.0,0.005,20
topk_nonoverlap_v2,A_technical,LogisticRegression,2024-04-09,2024-05-13,2024-04-09,5,random_topk_deterministic,5,"BAB,MWG,PLX,VCI,VGC",0.005935762655014121,0.002935762655014121,0.023863891762883702,0.020863891762883703,0.6,0.003,0.005,20
topk_nonoverlap_v2,A_technical,LogisticRegression,2024-04-09,2024-05-13,2024-04-09,10,model_topk,10,"ABB,CTG,MBB,MSB,PPC,SHB,VBB,VHM,VIB,VSC",0.004319592454215079,0.00031959245421507836,0.022247721562084613,0.018247721562084613,0.8000000000000002,0.004000000000000001,0.005,20
topk_nonoverlap_v2,A_technical,LogisticRegression,2024-04-09,2024-05-13,2024-04-09,10,equal_weight_universe,80,"ABB,ACB,ANV,BAB,BCM,BID,BMP,BSI,BVB,BVH,CMG,CSV,CTG,DCM,DGW,DIG,DPM,DXG,EIB,ELC,EVF,FPT,FRT,GAS,GEX,GMD,GVR,HAH,HCM,HDB,HDG,HPG,HSG,KDH,KLB,LPB,MBB,MBS,MCH,MSB,MSN,MWG,NAB,NKG,NLG,NT2,NVL,OCB,PDR,PGB,PHR,PLX,PNJ,POW,PPC,PVT,REE,SAB,SCR,SHB,SSB,SSI,STB,TCB,TPB,VBB,VCB,VCG,VCI,VGC,VHC,VHM,VIB,VIC,VJC,VND,VNM,VPB,VRE,VSC",-0.011577584859227955,-0.011577584859227955,0.006350544248641598,0.006350544248641598,0.0,0.0,0.005,20
topk_nonoverlap_v2,A_technical,LogisticRegression,2024-04-09,2024-05-13,2024-04-09,10,random_topk_deterministic,10,"ABB,BID,BVB,DIG,FPT,PHR,POW,VCI,VNM,VSC",-0.017955663070465557,-0.022455663070465558,-2.7533962595983895e-05,-0.004527533962595985,0.9000000000000002,0.004500000000000001,0.005,20
topk_nonoverlap_v2,A_technical,LogisticRegression,2024-05-13,2024-06-10,2024-05-13,5,model_topk,5,"CTG,MBB,SHB,VBB,VSC",0.03419201606123206,0.03419201606123206,-0.0065198160921649375,-0.0065198160921649375,0.0,0.0,0.005,20
topk_nonoverlap_v2,A_technical,LogisticRegression,2024-05-13,2024-06-10,2024-05-13,5,equal_weight_universe,80,"ABB,ACB,ANV,BAB,BCM,BID,BMP,BSI,BVB,BVH,CMG,CSV,CTG,DCM,DGW,DIG,DPM,DXG,EIB,ELC,EVF,FPT,FRT,GAS,GEX,GMD,GVR,HAH,HCM,HDB,HDG,HPG,HSG,KDH,KLB,LPB,MBB,MBS,MCH,MSB,MSN,MWG,NAB,NKG,NLG,NT2,NVL,OCB,PDR,PGB,PHR,PLX,PNJ,POW,PPC,PVT,REE,SAB,SCR,SHB,SSB,SSI,STB,TCB,TPB,VBB,VCB,VCG,VCI,VGC,VHC,VHM,VIB,VIC,VJC,VND,VNM,VPB,VRE,VSC",0.07205670208582689,0.07205670208582689,0.031344869932429874,0.031344869932429874,0.0,0.0,0.005,20
topk_nonoverlap_v2,A_technical,LogisticRegression,2024-05-13,2024-06-10,2024-05-13,5,random_topk_deterministic,5,"BID,GVR,MWG,NT2,VIC",0.04051708688312354,0.03651708688312354,-0.00019474527027349956,-0.0041947452702734995,0.7999999999999999,0.004,0.005,20
topk_nonoverlap_v2,A_technical,LogisticRegression,2024-05-13,2024-06-10,2024-05-13,10,model_topk,10,"ABB,CTG,MBB,MSB,PPC,SHB,VBB,VHM,VIB,VSC",0.038204397026779705,0.038204397026779705,-0.0025074351266173084,-0.0025074351266173084,0.0,0.0,0.005,20
topk_nonoverlap_v2,A_technical,LogisticRegression,2024-05-13,2024-06-10,2024-05-13,10,equal_weight_universe,80,"ABB,ACB,ANV,BAB,BCM,BID,BMP,BSI,BVB,BVH,CMG,CSV,CTG,DCM,DGW,DIG,DPM,DXG,EIB,ELC,EVF,FPT,FRT,GAS,GEX,GMD,GVR,HAH,HCM,HDB,HDG,HPG,HSG,KDH,KLB,LPB,MBB,MBS,MCH,MSB,MSN,MWG,NAB,NKG,NLG,NT2,NVL,OCB,PDR,PGB,PHR,PLX,PNJ,POW,PPC,PVT,REE,SAB,SCR,SHB,SSB,SSI,STB,TCB,TPB,VBB,VCB,VCG,VCI,VGC,VHC,VHM,VIB,VIC,VJC,VND,VNM,VPB,VRE,VSC",0.07205670208582689,0.07205670208582689,0.031344869932429874,0.031344869932429874,0.0,0.0,0.005,20
topk_nonoverlap_v2,A_technical,LogisticRegression,2024-05-13,2024-06-10,2024-05-13,10,random_topk_deterministic,10,"ACB,EIB,FPT,FRT,HDB,HPG,NVL,SCR,SSI,TCB",0.057729400529088204,0.0532294005290882,0.01701756837569117,0.012517568375691169,0.9000000000000002,0.004500000000000001,0.005,20
topk_nonoverlap_v2,A_technical,LogisticRegression,2024-06-10,2024-07-08,2024-06-10,5,model_topk,5,"CTG,MBB,SHB,VBB,VSC",-0.028036152981849704,-0.028036152981849704,-0.02252738621730102,-0.02252738621730102,0.0,0.0,0.005,20
topk_nonoverlap_v2,A_technical,LogisticRegression,2024-06-10,2024-07-08,2024-06-10,5,equal_weight_universe,80,"ABB,ACB,ANV,BAB,BCM,BID,BMP,BSI,BVB,BVH,CMG,CSV,CTG,DCM,DGW,DIG,DPM,DXG,EIB,ELC,EVF,FPT,FRT,GAS,GEX,GMD,GVR,HAH,HCM,HDB,HDG,HPG,HSG,KDH,KLB,LPB,MBB,MBS,MCH,MSB,MSN,MWG,NAB,NKG,NLG,NT2,NVL,OCB,PDR,PGB,PHR,PLX,PNJ,POW,PPC,PVT,REE,SAB,SCR,SHB,SSB,SSI,STB,TCB,TPB,VBB,VCB,VCG,VCI,VGC,VHC,VHM,VIB,VIC,VJC,VND,VNM,VPB,VRE,VSC",-0.014603549768670593,-0.014603549768670593,-0.009094783004121894,-0.009094783004121894,0.0,0.0,0.005,20
topk_nonoverlap_v2,A_technical,LogisticRegression,2024-06-10,2024-07-08,2024-06-10,5,random_topk_deterministic,5,"EVF,KDH,MCH,NVL,TCB",-0.04664249790434806,-0.05164249790434806,-0.04113373113979938,-0.04613373113979938,0.9999999999999999,0.004999999999999999,0.005,20
topk_nonoverlap_v2,A_technical,LogisticRegression,2024-06-10,2024-07-08,2024-06-10,10,model_topk,10,"ABB,CTG,MBB,MSB,PPC,SHB,VBB,VHM,VIB,VSC",-0.03284567720527712,-0.03284567720527712,-0.02733691044072843,-0.02733691044072843,0.0,0.0,0.005,20
topk_nonoverlap_v2,A_technical,LogisticRegression,2024-06-10,2024-07-08,2024-06-10,10,equal_weight_universe,80,"ABB,ACB,ANV,BAB,BCM,BID,BMP,BSI,BVB,BVH,CMG,CSV,CTG,DCM,DGW,DIG,DPM,DXG,EIB,ELC,EVF,FPT,FRT,GAS,GEX,GMD,GVR,HAH,HCM,HDB,HDG,HPG,HSG,KDH,KLB,LPB,MBB,MBS,MCH,MSB,MSN,MWG,NAB,NKG,NLG,NT2,NVL,OCB,PDR,PGB,PHR,PLX,PNJ,POW,PPC,PVT,REE,SAB,SCR,SHB,SSB,SSI,STB,TCB,TPB,VBB,VCB,VCG,VCI,VGC,VHC,VHM,VIB,VIC,VJC,VND,VNM,VPB,VRE,VSC",-0.014603549768670593,-0.014603549768670593,-0.009094783004121894,-0.009094783004121894,0.0,0.0,0.005,20
topk_nonoverlap_v2,A_technical,LogisticRegression,2024-06-10,2024-07-08,2024-06-10,10,random_topk_deterministic,10,"DCM,GAS,KLB,LPB,MSN,NVL,PPC,VHC,VIB,VND",-0.006994484000628682,-0.011494484000628684,-0.0014857172360799814,-0.005985717236079983,0.9000000000000002,0.004500000000000001,0.005,20
topk_nonoverlap_v2,A_technical,LogisticRegression,2024-07-08,2024-08-05,2024-07-08,5,model_topk,5,"ABB,KLB,PPC,VBB,VCB",-0.0699936762224044,-0.07399367622240441,0.004400976150682942,0.00040097615068294176,0.7999999999999999,0.004,0.005,20
topk_nonoverlap_v2,A_technical,LogisticRegression,2024-07-08,2024-08-05,2024-07-08,5,equal_weight_universe,80,"ABB,ACB,ANV,BAB,BCM,BID,BMP,BSI,BVB,BVH,CMG,CSV,CTG,DCM,DGW,DIG,DPM,DXG,EIB,ELC,EVF,FPT,FRT,GAS,GEX,GMD,GVR,HAH,HCM,HDB,HDG,HPG,HSG,KDH,KLB,LPB,MBB,MBS,MCH,MSB,MSN,MWG,NAB,NKG,NLG,NT2,NVL,OCB,PDR,PGB,PHR,PLX,PNJ,POW,PPC,PVT,REE,SAB,SCR,SHB,SSB,SSI,STB,TCB,TPB,VBB,VCB,VCG,VCI,VGC,VHC,VHM,VIB,VIC,VJC,VND,VNM,VPB,VRE,VSC",-0.09313334650868113,-0.09313334650868113,-0.01873869413559375,-0.01873869413559375,0.0,0.0,0.005,20
topk_nonoverlap_v2,A_technical,LogisticRegression,2024-07-08,2024-08-05,2024-07-08,5,random_topk_deterministic,5,"MSN,NLG,NVL,PGB,POW",-0.11357844881614268,-0.11757844881614268,-0.0391837964430553,-0.0431837964430553,0.7999999999999999,0.004,0.005,20
topk_nonoverlap_v2,A_technical,LogisticRegression,2024-07-08,2024-08-05,2024-07-08,10,model_topk,10,"ABB,BVB,HDG,KLB,PLX,PPC,PVT,VBB,VCB,VHM",-0.08058367623733353,-0.08358367623733354,-0.006189023864246171,-0.009189023864246172,0.6,0.003,0.005,20
topk_nonoverlap_v2,A_technical,LogisticRegression,2024-07-08,2024-08-05,2024-07-08,10,equal_weight_universe,80,"ABB,ACB,ANV,BAB,BCM,BID,BMP,BSI,BVB,BVH,CMG,CSV,CTG,DCM,DGW,DIG,DPM,DXG,EIB,ELC,EVF,FPT,FRT,GAS,GEX,GMD,GVR,HAH,HCM,HDB,HDG,HPG,HSG,KDH,KLB,LPB,MBB,MBS,MCH,MSB,MSN,MWG,NAB,NKG,NLG,NT2,NVL,OCB,PDR,PGB,PHR,PLX,PNJ,POW,PPC,PVT,REE,SAB,SCR,SHB,SSB,SSI,STB,TCB,TPB,VBB,VCB,VCG,VCI,VGC,VHC,VHM,VIB,VIC,VJC,VND,VNM,VPB,VRE,VSC",-0.09313334650868113,-0.09313334650868113,-0.01873869413559375,-0.01873869413559375,0.0,0.0,0.005,20
topk_nonoverlap_v2,A_technical,LogisticRegression,2024-07-08,2024-08-05,2024-07-08,10,random_topk_deterministic,10,"BMP,HAH,HDG,HPG,LPB,MBB,NT2,NVL,REE,SAB",-0.1046446769381,-0.10864467693810001,-0.0302500245650126,-0.0342500245650126,0.8000000000000002,0.004000000000000001,0.005,20
topk_nonoverlap_v2,A_technical,LogisticRegression,2024-08-05,2024-09-04,2024-08-05,5,model_topk,5,"ABB,KLB,PPC,VBB,VCB",0.03941125976464234,0.03941125976464234,-0.03443119059602654,-0.03443119059602654,0.0,0.0,0.005,20
topk_nonoverlap_v2,A_technical,LogisticRegression,2024-08-05,2024-09-04,2024-08-05,5,equal_weight_universe,80,"ABB,ACB,ANV,BAB,BCM,BID,BMP,BSI,BVB,BVH,CMG,CSV,CTG,DCM,DGW,DIG,DPM,DXG,EIB,ELC,EVF,FPT,FRT,GAS,GEX,GMD,GVR,HAH,HCM,HDB,HDG,HPG,HSG,KDH,KLB,LPB,MBB,MBS,MCH,MSB,MSN,MWG,NAB,NKG,NLG,NT2,NVL,OCB,PDR,PGB,PHR,PLX,PNJ,POW,PPC,PVT,REE,SAB,SCR,SHB,SSB,SSI,STB,TCB,TPB,VBB,VCB,VCG,VCI,VGC,VHC,VHM,VIB,VIC,VJC,VND,VNM,VPB,VRE,VSC",0.08352117058047732,0.08352117058047732,0.009678720219808427,0.009678720219808427,0.0,0.0,0.005,20
topk_nonoverlap_v2,A_technical,LogisticRegression,2024-08-05,2024-09-04,2024-08-05,5,random_topk_deterministic,5,"CTG,HSG,LPB,MCH,VIB",0.08282696165441508,0.07782696165441508,0.008984511293746219,0.00398451129374622,0.9999999999999999,0.004999999999999999,0.005,20
topk_nonoverlap_v2,A_technical,LogisticRegression,2024-08-05,2024-09-04,2024-08-05,10,model_topk,10,"ABB,BVB,HDG,KLB,PLX,PPC,PVT,VBB,VCB,VHM",0.07059244672750113,0.07059244672750113,-0.003250003633167739,-0.003250003633167739,0.0,0.0,0.005,20
topk_nonoverlap_v2,A_technical,LogisticRegression,2024-08-05,2024-09-04,2024-08-05,10,equal_weight_universe,80,"ABB,ACB,ANV,BAB,BCM,BID,BMP,BSI,BVB,BVH,CMG,CSV,CTG,DCM,DGW,DIG,DPM,DXG,EIB,ELC,EVF,FPT,FRT,GAS,GEX,GMD,GVR,HAH,HCM,HDB,HDG,HPG,HSG,KDH,KLB,LPB,MBB,MBS,MCH,MSB,MSN,MWG,NAB,NKG,NLG,NT2,NVL,OCB,PDR,PGB,PHR,PLX,PNJ,POW,PPC,PVT,REE,SAB,SCR,SHB,SSB,SSI,STB,TCB,TPB,VBB,VCB,VCG,VCI,VGC,VHC,VHM,VIB,VIC,VJC,VND,VNM,VPB,VRE,VSC",0.08352117058047732,0.08352117058047732,0.009678720219808427,0.009678720219808427,0.0,0.0,0.005,20
topk_nonoverlap_v2,A_technical,LogisticRegression,2024-08-05,2024-09-04,2024-08-05,10,random_topk_deterministic,10,"BCM,BVH,ELC,KLB,MCH,NLG,PGB,PVT,VGC,VND",0.06864464426309576,0.06364464426309575,-0.005197806097573141,-0.01019780609757314,1.0000000000000002,0.005000000000000001,0.005,20
topk_nonoverlap_v2,A_technical,LogisticRegression,2024-09-04,2024-10-02,2024-09-04,5,model_topk,5,"ABB,KLB,PPC,VBB,VCB",0.02018301363115896,0.02018301363115896,0.01074579776660348,0.01074579776660348,0.0,0.0,0.005,20
topk_nonoverlap_v2,A_technical,LogisticRegression,2024-09-04,2024-10-02,2024-09-04,5,equal_weight_universe,80,"ABB,ACB,ANV,BAB,BCM,BID,BMP,BSI,BVB,BVH,CMG,CSV,CTG,DCM,DGW,DIG,DPM,DXG,EIB,ELC,EVF,FPT,FRT,GAS,GEX,GMD,GVR,HAH,HCM,HDB,HDG,HPG,HSG,KDH,KLB,LPB,MBB,MBS,MCH,MSB,MSN,MWG,NAB,NKG,NLG,NT2,NVL,OCB,PDR,PGB,PHR,PLX,PNJ,POW,PPC,PVT,REE,SAB,SCR,SHB,SSB,SSI,STB,TCB,TPB,VBB,VCB,VCG,VCI,VGC,VHC,VHM,VIB,VIC,VJC,VND,VNM,VPB,VRE,VSC",0.01796825498572943,0.01796825498572943,0.008531039121173964,0.008531039121173964,0.0,0.0,0.005,20
topk_nonoverlap_v2,A_technical,LogisticRegression,2024-09-04,2024-10-02,2024-09-04,5,random_topk_deterministic,5,"BCM,CTG,NKG,PGB,STB",0.0404847602466112,0.036484760246611195,0.031047544382055724,0.027047544382055724,0.7999999999999999,0.004,0.005,20
topk_nonoverlap_v2,A_technical,LogisticRegression,2024-09-04,2024-10-02,2024-09-04,10,model_topk,10,"ABB,BVB,HDG,KLB,PLX,PPC,PVT,VBB,VCB,VHM",0.010586322608126659,0.010586322608126659,0.0011491067435711803,0.0011491067435711803,0.0,0.0,0.005,20
topk_nonoverlap_v2,A_technical,LogisticRegression,2024-09-04,2024-10-02,2024-09-04,10,equal_weight_universe,80,"ABB,ACB,ANV,BAB,BCM,BID,BMP,BSI,BVB,BVH,CMG,CSV,CTG,DCM,DGW,DIG,DPM,DXG,EIB,ELC,EVF,FPT,FRT,GAS,GEX,GMD,GVR,HAH,HCM,HDB,HDG,HPG,HSG,KDH,KLB,LPB,MBB,MBS,MCH,MSB,MSN,MWG,NAB,NKG,NLG,NT2,NVL,OCB,PDR,PGB,PHR,PLX,PNJ,POW,PPC,PVT,REE,SAB,SCR,SHB,SSB,SSI,STB,TCB,TPB,VBB,VCB,VCG,VCI,VGC,VHC,VHM,VIB,VIC,VJC,VND,VNM,VPB,VRE,VSC",0.01796825498572943,0.01796825498572943,0.008531039121173964,0.008531039121173964,0.0,0.0,0.005,20
topk_nonoverlap_v2,A_technical,LogisticRegression,2024-09-04,2024-10-02,2024-09-04,10,random_topk_deterministic,10,"EVF,GEX,NAB,REE,STB,VCG,VCI,VIB,VJC,VND",0.02767633728260478,0.023176337282604778,0.01823912141804932,0.01373912141804932,0.9000000000000002,0.004500000000000001,0.005,20
topk_nonoverlap_v2,A_technical,LogisticRegression,2024-10-02,2024-10-30,2024-10-02,5,model_topk,5,"DXG,HSG,VCG,VND,VRE",-0.03298747338787908,-0.03798747338787908,-0.010306084395457878,-0.015306084395457878,0.9999999999999999,0.004999999999999999,0.005,20
topk_nonoverlap_v2,A_technical,LogisticRegression,2024-10-02,2024-10-30,2024-10-02,5,equal_weight_universe,80,"ABB,ACB,ANV,BAB,BCM,BID,BMP,BSI,BVB,BVH,CMG,CSV,CTG,DCM,DGW,DIG,DPM,DXG,EIB,ELC,EVF,FPT,FRT,GAS,GEX,GMD,GVR,HAH,HCM,HDB,HDG,HPG,HSG,KDH,KLB,LPB,MBB,MBS,MCH,MSB,MSN,MWG,NAB,NKG,NLG,NT2,NVL,OCB,PDR,PGB,PHR,PLX,PNJ,POW,PPC,PVT,REE,SAB,SCR,SHB,SSB,SSI,STB,TCB,TPB,VBB,VCB,VCG,VCI,VGC,VHC,VHM,VIB,VIC,VJC,VND,VNM,VPB,VRE,VSC",-0.0261297907395873,-0.0261297907395873,-0.003448401747166087,-0.003448401747166087,0.0,0.0,0.005,20
topk_nonoverlap_v2,A_technical,LogisticRegression,2024-10-02,2024-10-30,2024-10-02,5,random_topk_deterministic,5,"BID,CTG,HDG,PPC,VIB",-0.0341978416085032,-0.0381978416085032,-0.011516452616081998,-0.015516452616081998,0.7999999999999999,0.004,0.005,20
topk_nonoverlap_v2,A_technical,LogisticRegression,2024-10-02,2024-10-30,2024-10-02,10,model_topk,10,"DIG,DXG,HSG,NKG,SSB,VBB,VCG,VCI,VND,VRE",-0.044846583494682304,-0.04934658349468231,-0.02216519450226111,-0.02666519450226111,0.9000000000000002,0.004500000000000001,0.005,20
topk_nonoverlap_v2,A_technical,LogisticRegression,2024-10-02,2024-10-30,2024-10-02,10,equal_weight_universe,80,"ABB,ACB,ANV,BAB,BCM,BID,BMP,BSI,BVB,BVH,CMG,CSV,CTG,DCM,DGW,DIG,DPM,DXG,EIB,ELC,EVF,FPT,FRT,GAS,GEX,GMD,GVR,HAH,HCM,HDB,HDG,HPG,HSG,KDH,KLB,LPB,MBB,MBS,MCH,MSB,MSN,MWG,NAB,NKG,NLG,NT2,NVL,OCB,PDR,PGB,PHR,PLX,PNJ,POW,PPC,PVT,REE,SAB,SCR,SHB,SSB,SSI,STB,TCB,TPB,VBB,VCB,VCG,VCI,VGC,VHC,VHM,VIB,VIC,VJC,VND,VNM,VPB,VRE,VSC",-0.0261297907395873,-0.0261297907395873,-0.003448401747166087,-0.003448401747166087,0.0,0.0,0.005,20
topk_nonoverlap_v2,A_technical,LogisticRegression,2024-10-02,2024-10-30,2024-10-02,10,random_topk_deterministic,10,"BCM,BID,ELC,MSN,NT2,PNJ,SAB,VHC,VIB,VNM",-0.02300084749242512,-0.02750084749242512,-0.00031945850000391956,-0.004819458500003921,0.9000000000000002,0.004500000000000001,0.005,20
topk_nonoverlap_v2,A_technical,LogisticRegression,2024-10-30,2024-11-27,2024-10-30,5,model_topk,5,"DXG,HSG,VCG,VND,VRE",-0.01665707423849102,-0.01665707423849102,-0.0034204598244058403,-0.0034204598244058403,0.0,0.0,0.005,20
topk_nonoverlap_v2,A_technical,LogisticRegression,2024-10-30,2024-11-27,2024-10-30,5,equal_weight_universe,80,"ABB,ACB,ANV,BAB,BCM,BID,BMP,BSI,BVB,BVH,CMG,CSV,CTG,DCM,DGW,DIG,DPM,DXG,EIB,ELC,EVF,FPT,FRT,GAS,GEX,GMD,GVR,HAH,HCM,HDB,HDG,HPG,HSG,KDH,KLB,LPB,MBB,MBS,MCH,MSB,MSN,MWG,NAB,NKG,NLG,NT2,NVL,OCB,PDR,PGB,PHR,PLX,PNJ,POW,PPC,PVT,REE,SAB,SCR,SHB,SSB,SSI,STB,TCB,TPB,VBB,VCB,VCG,VCI,VGC,VHC,VHM,VIB,VIC,VJC,VND,VNM,VPB,VRE,VSC",-0.012914762825937832,-0.012914762825937832,0.0003218515881473488,0.0003218515881473488,0.0,0.0,0.005,20
topk_nonoverlap_v2,A_technical,LogisticRegression,2024-10-30,2024-11-27,2024-10-30,5,random_topk_deterministic,5,"BVB,ELC,HAH,KDH,PVT",0.009394593039895179,0.00439459303989518,0.02263120745398036,0.017631207453980363,0.9999999999999999,0.004999999999999999,0.005,20
topk_nonoverlap_v2,A_technical,LogisticRegression,2024-10-30,2024-11-27,2024-10-30,10,model_topk,10,"DIG,DXG,HSG,NKG,SSB,VBB,VCG,VCI,VND,VRE",-0.005091883348345511,-0.005091883348345511,0.00814473106573966,0.00814473106573966,0.0,0.0,0.005,20
topk_nonoverlap_v2,A_technical,LogisticRegression,2024-10-30,2024-11-27,2024-10-30,10,equal_weight_universe,80,"ABB,ACB,ANV,BAB,BCM,BID,BMP,BSI,BVB,BVH,CMG,CSV,CTG,DCM,DGW,DIG,DPM,DXG,EIB,ELC,EVF,FPT,FRT,GAS,GEX,GMD,GVR,HAH,HCM,HDB,HDG,HPG,HSG,KDH,KLB,LPB,MBB,MBS,MCH,MSB,MSN,MWG,NAB,NKG,NLG,NT2,NVL,OCB,PDR,PGB,PHR,PLX,PNJ,POW,PPC,PVT,REE,SAB,SCR,SHB,SSB,SSI,STB,TCB,TPB,VBB,VCB,VCG,VCI,VGC,VHC,VHM,VIB,VIC,VJC,VND,VNM,VPB,VRE,VSC",-0.012914762825937832,-0.012914762825937832,0.0003218515881473488,0.0003218515881473488,0.0,0.0,0.005,20
topk_nonoverlap_v2,A_technical,LogisticRegression,2024-10-30,2024-11-27,2024-10-30,10,random_topk_deterministic,10,"BCM,DPM,GAS,HCM,NKG,PVT,SHB,TCB,VIC,VND",-0.01565789455842019,-0.02015789455842019,-0.0024212801443350097,-0.006921280144335011,0.9000000000000002,0.004500000000000001,0.005,20
topk_nonoverlap_v2,A_technical,LogisticRegression,2024-11-27,2024-12-25,2024-11-27,5,model_topk,5,"DXG,HSG,VCG,VND,VRE",-0.0255014044368898,-0.0255014044368898,-0.05132328419243938,-0.05132328419243938,0.0,0.0,0.005,20
topk_nonoverlap_v2,A_technical,LogisticRegression,2024-11-27,2024-12-25,2024-11-27,5,equal_weight_universe,80,"ABB,ACB,ANV,BAB,BCM,BID,BMP,BSI,BVB,BVH,CMG,CSV,CTG,DCM,DGW,DIG,DPM,DXG,EIB,ELC,EVF,FPT,FRT,GAS,GEX,GMD,GVR,HAH,HCM,HDB,HDG,HPG,HSG,KDH,KLB,LPB,MBB,MBS,MCH,MSB,MSN,MWG,NAB,NKG,NLG,NT2,NVL,OCB,PDR,PGB,PHR,PLX,PNJ,POW,PPC,PVT,REE,SAB,SCR,SHB,SSB,SSI,STB,TCB,TPB,VBB,VCB,VCG,VCI,VGC,VHC,VHM,VIB,VIC,VJC,VND,VNM,VPB,VRE,VSC",0.029364551346184587,0.029364551346184587,0.003542671590634985,0.003542671590634985,0.0,0.0,0.005,20
topk_nonoverlap_v2,A_technical,LogisticRegression,2024-11-27,2024-12-25,2024-11-27,5,random_topk_deterministic,5,"ABB,BMP,NT2,VGC,VHM",0.06299012457313136,0.05799012457313136,0.037168244817581755,0.03216824481758176,0.9999999999999999,0.004999999999999999,0.005,20
topk_nonoverlap_v2,A_technical,LogisticRegression,2024-11-27,2024-12-25,2024-11-27,10,model_topk,10,"DIG,DXG,HSG,NKG,SSB,VBB,VCG,VCI,VND,VRE",-0.012551961320818511,-0.012551961320818511,-0.0383738410763681,-0.0383738410763681,0.0,0.0,0.005,20
topk_nonoverlap_v2,A_technical,LogisticRegression,2024-11-27,2024-12-25,2024-11-27,10,equal_weight_universe,80,"ABB,ACB,ANV,BAB,BCM,BID,BMP,BSI,BVB,BVH,CMG,CSV,CTG,DCM,DGW,DIG,DPM,DXG,EIB,ELC,EVF,FPT,FRT,GAS,GEX,GMD,GVR,HAH,HCM,HDB,HDG,HPG,HSG,KDH,KLB,LPB,MBB,MBS,MCH,MSB,MSN,MWG,NAB,NKG,NLG,NT2,NVL,OCB,PDR,PGB,PHR,PLX,PNJ,POW,PPC,PVT,REE,SAB,SCR,SHB,SSB,SSI,STB,TCB,TPB,VBB,VCB,VCG,VCI,VGC,VHC,VHM,VIB,VIC,VJC,VND,VNM,VPB,VRE,VSC",0.029364551346184587,0.029364551346184587,0.003542671590634985,0.003542671590634985,0.0,0.0,0.005,20
topk_nonoverlap_v2,A_technical,LogisticRegression,2024-11-27,2024-12-25,2024-11-27,10,random_topk_deterministic,10,"CSV,MBS,NKG,PHR,SAB,SSB,TPB,VCB,VCG,VJC",0.037215604211009806,0.0327156042110098,0.0113937244554602,0.006893724455460199,0.9000000000000002,0.004500000000000001,0.005,20
topk_nonoverlap_v2,A_technical,LogisticRegression,2024-12-25,2025-01-23,2024-12-25,5,model_topk,5,"BCM,NAB,PLX,REE,VNM",-0.005878525341031901,-0.0108785253410319,0.005431951567071399,0.0004319515670714001,0.9999999999999999,0.004999999999999999,0.005,20
topk_nonoverlap_v2,A_technical,LogisticRegression,2024-12-25,2025-01-23,2024-12-25,5,equal_weight_universe,80,"ABB,ACB,ANV,BAB,BCM,BID,BMP,BSI,BVB,BVH,CMG,CSV,CTG,DCM,DGW,DIG,DPM,DXG,EIB,ELC,EVF,FPT,FRT,GAS,GEX,GMD,GVR,HAH,HCM,HDB,HDG,HPG,HSG,KDH,KLB,LPB,MBB,MBS,MCH,MSB,MSN,MWG,NAB,NKG,NLG,NT2,NVL,OCB,PDR,PGB,PHR,PLX,PNJ,POW,PPC,PVT,REE,SAB,SCR,SHB,SSB,SSI,STB,TCB,TPB,VBB,VCB,VCG,VCI,VGC,VHC,VHM,VIB,VIC,VJC,VND,VNM,VPB,VRE,VSC",-0.02469870508520982,-0.02469870508520982,-0.013388228177106554,-0.013388228177106554,0.0,0.0,0.005,20
topk_nonoverlap_v2,A_technical,LogisticRegression,2024-12-25,2025-01-23,2024-12-25,5,random_topk_deterministic,5,"BID,MBS,MWG,POW,VND",-0.041155550196616035,-0.04615555019661603,-0.02984507328851278,-0.03484507328851278,0.9999999999999999,0.004999999999999999,0.005,20
topk_nonoverlap_v2,A_technical,LogisticRegression,2024-12-25,2025-01-23,2024-12-25,10,model_topk,10,"BCM,CMG,CSV,GAS,KLB,MWG,NAB,PLX,REE,VNM",-0.02758784863759169,-0.03258784863759169,-0.01627737172948841,-0.02127737172948841,1.0000000000000002,0.005000000000000001,0.005,20
topk_nonoverlap_v2,A_technical,LogisticRegression,2024-12-25,2025-01-23,2024-12-25,10,equal_weight_universe,80,"ABB,ACB,ANV,BAB,BCM,BID,BMP,BSI,BVB,BVH,CMG,CSV,CTG,DCM,DGW,DIG,DPM,DXG,EIB,ELC,EVF,FPT,FRT,GAS,GEX,GMD,GVR,HAH,HCM,HDB,HDG,HPG,HSG,KDH,KLB,LPB,MBB,MBS,MCH,MSB,MSN,MWG,NAB,NKG,NLG,NT2,NVL,OCB,PDR,PGB,PHR,PLX,PNJ,POW,PPC,PVT,REE,SAB,SCR,SHB,SSB,SSI,STB,TCB,TPB,VBB,VCB,VCG,VCI,VGC,VHC,VHM,VIB,VIC,VJC,VND,VNM,VPB,VRE,VSC",-0.02469870508520982,-0.02469870508520982,-0.013388228177106554,-0.013388228177106554,0.0,0.0,0.005,20
topk_nonoverlap_v2,A_technical,LogisticRegression,2024-12-25,2025-01-23,2024-12-25,10,random_topk_deterministic,10,"BCM,BID,CMG,DXG,GVR,HPG,HSG,STB,VCI,VIB",-0.01616103807527406,-0.02116103807527406,-0.00485056116717077,-0.009850561167170771,1.0000000000000002,0.005000000000000001,0.005,20
topk_nonoverlap_v2,A_technical,LogisticRegression,2025-01-23,2025-02-27,2025-01-23,5,model_topk,5,"ANV,BMP,BSI,ELC,PGB",0.04789430368030242,0.04289430368030242,0.0096529153361063,0.004652915336106301,0.9999999999999999,0.004999999999999999,0.005,20
topk_nonoverlap_v2,A_technical,LogisticRegression,2025-01-23,2025-02-27,2025-01-23,5,equal_weight_universe,80,"ABB,ACB,ANV,BAB,BCM,BID,BMP,BSI,BVB,BVH,CMG,CSV,CTG,DCM,DGW,DIG,DPM,DXG,EIB,ELC,EVF,FPT,FRT,GAS,GEX,GMD,GVR,HAH,HCM,HDB,HDG,HPG,HSG,KDH,KLB,LPB,MBB,MBS,MCH,MSB,MSN,MWG,NAB,NKG,NLG,NT2,NVL,OCB,PDR,PGB,PHR,PLX,PNJ,POW,PPC,PVT,REE,SAB,SCR,SHB,SSB,SSI,STB,TCB,TPB,VBB,VCB,VCG,VCI,VGC,VHC,VHM,VIB,VIC,VJC,VND,VNM,VPB,VRE,VSC",0.05936162476183893,0.05936162476183893,0.021120236417642844,0.021120236417642844,0.0,0.0,0.005,20
topk_nonoverlap_v2,A_technical,LogisticRegression,2025-01-23,2025-02-27,2025-01-23,5,random_topk_deterministic,5,"BID,GVR,HDB,SAB,SCR",0.07380705936693921,0.0698070593669392,0.035565671022743155,0.03156567102274316,0.7999999999999999,0.004,0.005,20
topk_nonoverlap_v2,A_technical,LogisticRegression,2025-01-23,2025-02-27,2025-01-23,10,model_topk,10,"ANV,BMP,BSI,BVH,ELC,PDR,PGB,VHM,VND,VRE",0.06657110188836171,0.06157110188836171,0.028329713544165608,0.023329713544165607,1.0000000000000002,0.005000000000000001,0.005,20
topk_nonoverlap_v2,A_technical,LogisticRegression,2025-01-23,2025-02-27,2025-01-23,10,equal_weight_universe,80,"ABB,ACB,ANV,BAB,BCM,BID,BMP,BSI,BVB,BVH,CMG,CSV,CTG,DCM,DGW,DIG,DPM,DXG,EIB,ELC,EVF,FPT,FRT,GAS,GEX,GMD,GVR,HAH,HCM,HDB,HDG,HPG,HSG,KDH,KLB,LPB,MBB,MBS,MCH,MSB,MSN,MWG,NAB,NKG,NLG,NT2,NVL,OCB,PDR,PGB,PHR,PLX,PNJ,POW,PPC,PVT,REE,SAB,SCR,SHB,SSB,SSI,STB,TCB,TPB,VBB,VCB,VCG,VCI,VGC,VHC,VHM,VIB,VIC,VJC,VND,VNM,VPB,VRE,VSC",0.05936162476183893,0.05936162476183893,0.021120236417642844,0.021120236417642844,0.0,0.0,0.005,20
topk_nonoverlap_v2,A_technical,LogisticRegression,2025-01-23,2025-02-27,2025-01-23,10,random_topk_deterministic,10,"HPG,KDH,LPB,MSN,NLG,PLX,VCG,VCI,VIB,VPB",0.0379180246006164,0.034418024600616395,-0.00032336374357969935,-0.0038233637435796997,0.7000000000000001,0.0035000000000000005,0.005,20
topk_nonoverlap_v2,A_technical,LogisticRegression,2025-02-27,2025-03-27,2025-02-27,5,model_topk,5,"ANV,BMP,BSI,ELC,PGB",-0.015301444400017,-0.015301444400017,-0.027543377417297954,-0.027543377417297954,0.0,0.0,0.005,20
topk_nonoverlap_v2,A_technical,LogisticRegression,2025-02-27,2025-03-27,2025-02-27,5,equal_weight_universe,80,"ABB,ACB,ANV,BAB,BCM,BID,BMP,BSI,BVB,BVH,CMG,CSV,CTG,DCM,DGW,DIG,DPM,DXG,EIB,ELC,EVF,FPT,FRT,GAS,GEX,GMD,GVR,HAH,HCM,HDB,HDG,HPG,HSG,KDH,KLB,LPB,MBB,MBS,MCH,MSB,MSN,MWG,NAB,NKG,NLG,NT2,NVL,OCB,PDR,PGB,PHR,PLX,PNJ,POW,PPC,PVT,REE,SAB,SCR,SHB,SSB,SSI,STB,TCB,TPB,VBB,VCB,VCG,VCI,VGC,VHC,VHM,VIB,VIC,VJC,VND,VNM,VPB,VRE,VSC",-0.004235050361496695,-0.004235050361496695,-0.016476983378777642,-0.016476983378777642,0.0,0.0,0.005,20
topk_nonoverlap_v2,A_technical,LogisticRegression,2025-02-27,2025-03-27,2025-02-27,5,random_topk_deterministic,5,"ACB,BVH,FPT,GEX,NVL",-0.02854812877251156,-0.03354812877251156,-0.0407900617897925,-0.045790061789792495,0.9999999999999999,0.004999999999999999,0.005,20
topk_nonoverlap_v2,A_technical,LogisticRegression,2025-02-27,2025-03-27,2025-02-27,10,model_topk,10,"ANV,BMP,BSI,BVH,ELC,PDR,PGB,VHM,VND,VRE",0.03630379815221145,0.03630379815221145,0.024061865134930492,0.024061865134930492,0.0,0.0,0.005,20
topk_nonoverlap_v2,A_technical,LogisticRegression,2025-02-27,2025-03-27,2025-02-27,10,equal_weight_universe,80,"ABB,ACB,ANV,BAB,BCM,BID,BMP,BSI,BVB,BVH,CMG,CSV,CTG,DCM,DGW,DIG,DPM,DXG,EIB,ELC,EVF,FPT,FRT,GAS,GEX,GMD,GVR,HAH,HCM,HDB,HDG,HPG,HSG,KDH,KLB,LPB,MBB,MBS,MCH,MSB,MSN,MWG,NAB,NKG,NLG,NT2,NVL,OCB,PDR,PGB,PHR,PLX,PNJ,POW,PPC,PVT,REE,SAB,SCR,SHB,SSB,SSI,STB,TCB,TPB,VBB,VCB,VCG,VCI,VGC,VHC,VHM,VIB,VIC,VJC,VND,VNM,VPB,VRE,VSC",-0.004235050361496695,-0.004235050361496695,-0.016476983378777642,-0.016476983378777642,0.0,0.0,0.005,20
topk_nonoverlap_v2,A_technical,LogisticRegression,2025-02-27,2025-03-27,2025-02-27,10,random_topk_deterministic,10,"ABB,GMD,HCM,MCH,NAB,NKG,NVL,OCB,VHC,VIB",-0.029403086891833498,-0.0339030868918335,-0.04164501990911443,-0.04614501990911443,0.9000000000000002,0.004500000000000001,0.005,20
topk_nonoverlap_v2,A_technical,LogisticRegression,2025-03-27,2025-04-25,2025-03-27,5,model_topk,5,"ANV,BMP,BSI,ELC,PGB",-0.05861587958870325,-0.05861587958870325,0.01282941845255644,0.01282941845255644,0.0,0.0,0.005,20
topk_nonoverlap_v2,A_technical,LogisticRegression,2025-03-27,2025-04-25,2025-03-27,5,equal_weight_universe,80,"ABB,ACB,ANV,BAB,BCM,BID,BMP,BSI,BVB,BVH,CMG,CSV,CTG,DCM,DGW,DIG,DPM,DXG,EIB,ELC,EVF,FPT,FRT,GAS,GEX,GMD,GVR,HAH,HCM,HDB,HDG,HPG,HSG,KDH,KLB,LPB,MBB,MBS,MCH,MSB,MSN,MWG,NAB,NKG,NLG,NT2,NVL,OCB,PDR,PGB,PHR,PLX,PNJ,POW,PPC,PVT,REE,SAB,SCR,SHB,SSB,SSI,STB,TCB,TPB,VBB,VCB,VCG,VCI,VGC,VHC,VHM,VIB,VIC,VJC,VND,VNM,VPB,VRE,VSC",-0.0825701079496278,-0.0825701079496278,-0.011124809908368168,-0.011124809908368168,0.0,0.0,0.005,20
topk_nonoverlap_v2,A_technical,LogisticRegression,2025-03-27,2025-04-25,2025-03-27,5,random_topk_deterministic,5,"BVB,DCM,EIB,MBB,VCI",-0.055728747405167464,-0.06072874740516746,0.0157165506360921,0.0107165506360921,0.9999999999999999,0.004999999999999999,0.005,20
topk_nonoverlap_v2,A_technical,LogisticRegression,2025-03-27,2025-04-25,2025-03-27,10,model_topk,10,"ANV,BMP,BSI,BVH,ELC,PDR,PGB,VHM,VND,VRE",-0.030300766380439305,-0.030300766380439305,0.04114453166082037,0.04114453166082037,0.0,0.0,0.005,20
topk_nonoverlap_v2,A_technical,LogisticRegression,2025-03-27,2025-04-25,2025-03-27,10,equal_weight_universe,80,"ABB,ACB,ANV,BAB,BCM,BID,BMP,BSI,BVB,BVH,CMG,CSV,CTG,DCM,DGW,DIG,DPM,DXG,EIB,ELC,EVF,FPT,FRT,GAS,GEX,GMD,GVR,HAH,HCM,HDB,HDG,HPG,HSG,KDH,KLB,LPB,MBB,MBS,MCH,MSB,MSN,MWG,NAB,NKG,NLG,NT2,NVL,OCB,PDR,PGB,PHR,PLX,PNJ,POW,PPC,PVT,REE,SAB,SCR,SHB,SSB,SSI,STB,TCB,TPB,VBB,VCB,VCG,VCI,VGC,VHC,VHM,VIB,VIC,VJC,VND,VNM,VPB,VRE,VSC",-0.0825701079496278,-0.0825701079496278,-0.011124809908368168,-0.011124809908368168,0.0,0.0,0.005,20
topk_nonoverlap_v2,A_technical,LogisticRegression,2025-03-27,2025-04-25,2025-03-27,10,random_topk_deterministic,10,"DPM,EIB,EVF,MBB,OCB,PDR,REE,SSB,SSI,TPB",-0.07867987034277728,-0.08317987034277728,-0.00723457230151771,-0.011734572301517712,0.9000000000000002,0.004500000000000001,0.005,20
topk_nonoverlap_v2,A_technical,LogisticRegression,2025-04-25,2025-05-28,2025-04-25,5,model_topk,5,"BVB,LPB,SSB,VGC,VSC",0.09331631658655405,0.08831631658655405,0.0016817160642759981,-0.003318283935724001,0.9999999999999999,0.004999999999999999,0.005,20
topk_nonoverlap_v2,A_technical,LogisticRegression,2025-04-25,2025-05-28,2025-04-25,5,equal_weight_universe,80,"ABB,ACB,ANV,BAB,BCM,BID,BMP,BSI,BVB,BVH,CMG,CSV,CTG,DCM,DGW,DIG,DPM,DXG,EIB,ELC,EVF,FPT,FRT,GAS,GEX,GMD,GVR,HAH,HCM,HDB,HDG,HPG,HSG,KDH,KLB,LPB,MBB,MBS,MCH,MSB,MSN,MWG,NAB,NKG,NLG,NT2,NVL,OCB,PDR,PGB,PHR,PLX,PNJ,POW,PPC,PVT,REE,SAB,SCR,SHB,SSB,SSI,STB,TCB,TPB,VBB,VCB,VCG,VCI,VGC,VHC,VHM,VIB,VIC,VJC,VND,VNM,VPB,VRE,VSC",0.10309605388460427,0.10309605388460427,0.011461453362326185,0.011461453362326185,0.0,0.0,0.005,20
topk_nonoverlap_v2,A_technical,LogisticRegression,2025-04-25,2025-05-28,2025-04-25,5,random_topk_deterministic,5,"BID,BSI,DCM,NT2,PHR",0.0756922053701313,0.0716922053701313,-0.01594239515214672,-0.01994239515214672,0.7999999999999999,0.004,0.005,20
topk_nonoverlap_v2,A_technical,LogisticRegression,2025-04-25,2025-05-28,2025-04-25,10,model_topk,10,"BVB,BVH,FRT,LPB,PPC,SCR,SSB,VCI,VGC,VSC",0.0780554669749905,0.07355546697499049,-0.013579133547287573,-0.018079133547287574,0.9000000000000002,0.004500000000000001,0.005,20
topk_nonoverlap_v2,A_technical,LogisticRegression,2025-04-25,2025-05-28,2025-04-25,10,equal_weight_universe,80,"ABB,ACB,ANV,BAB,BCM,BID,BMP,BSI,BVB,BVH,CMG,CSV,CTG,DCM,DGW,DIG,DPM,DXG,EIB,ELC,EVF,FPT,FRT,GAS,GEX,GMD,GVR,HAH,HCM,HDB,HDG,HPG,HSG,KDH,KLB,LPB,MBB,MBS,MCH,MSB,MSN,MWG,NAB,NKG,NLG,NT2,NVL,OCB,PDR,PGB,PHR,PLX,PNJ,POW,PPC,PVT,REE,SAB,SCR,SHB,SSB,SSI,STB,TCB,TPB,VBB,VCB,VCG,VCI,VGC,VHC,VHM,VIB,VIC,VJC,VND,VNM,VPB,VRE,VSC",0.10309605388460427,0.10309605388460427,0.011461453362326185,0.011461453362326185,0.0,0.0,0.005,20
topk_nonoverlap_v2,A_technical,LogisticRegression,2025-04-25,2025-05-28,2025-04-25,10,random_topk_deterministic,10,"DIG,FPT,HAH,HCM,PGB,PHR,PPC,STB,VJC,VRE",0.10118331552304657,0.09618331552304657,0.009548715000768501,0.0045487150007685,1.0000000000000002,0.005000000000000001,0.005,20
topk_nonoverlap_v2,A_technical,LogisticRegression,2025-05-28,2025-06-25,2025-05-28,5,model_topk,5,"BVB,LPB,SSB,VGC,VSC",-0.03775230221918182,-0.03775230221918182,-0.05629359161383265,-0.05629359161383265,0.0,0.0,0.005,20
topk_nonoverlap_v2,A_technical,LogisticRegression,2025-05-28,2025-06-25,2025-05-28,5,equal_weight_universe,80,"ABB,ACB,ANV,BAB,BCM,BID,BMP,BSI,BVB,BVH,CMG,CSV,CTG,DCM,DGW,DIG,DPM,DXG,EIB,ELC,EVF,FPT,FRT,GAS,GEX,GMD,GVR,HAH,HCM,HDB,HDG,HPG,HSG,KDH,KLB,LPB,MBB,MBS,MCH,MSB,MSN,MWG,NAB,NKG,NLG,NT2,NVL,OCB,PDR,PGB,PHR,PLX,PNJ,POW,PPC,PVT,REE,SAB,SCR,SHB,SSB,SSI,STB,TCB,TPB,VBB,VCB,VCG,VCI,VGC,VHC,VHM,VIB,VIC,VJC,VND,VNM,VPB,VRE,VSC",0.026681130322015346,0.026681130322015346,0.008139840927364526,0.008139840927364526,0.0,0.0,0.005,20
topk_nonoverlap_v2,A_technical,LogisticRegression,2025-05-28,2025-06-25,2025-05-28,5,random_topk_deterministic,5,"BCM,SSI,STB,VHC,VSC",0.008787949881044959,0.0037879498810449597,-0.009753339513605838,-0.014753339513605837,0.9999999999999999,0.004999999999999999,0.005,20
topk_nonoverlap_v2,A_technical,LogisticRegression,2025-05-28,2025-06-25,2025-05-28,10,model_topk,10,"BVB,BVH,FRT,LPB,PPC,SCR,SSB,VCI,VGC,VSC",-0.00355936481544378,-0.00355936481544378,-0.022100654210094602,-0.022100654210094602,0.0,0.0,0.005,20
topk_nonoverlap_v2,A_technical,LogisticRegression,2025-05-28,2025-06-25,2025-05-28,10,equal_weight_universe,80,"ABB,ACB,ANV,BAB,BCM,BID,BMP,BSI,BVB,BVH,CMG,CSV,CTG,DCM,DGW,DIG,DPM,DXG,EIB,ELC,EVF,FPT,FRT,GAS,GEX,GMD,GVR,HAH,HCM,HDB,HDG,HPG,HSG,KDH,KLB,LPB,MBB,MBS,MCH,MSB,MSN,MWG,NAB,NKG,NLG,NT2,NVL,OCB,PDR,PGB,PHR,PLX,PNJ,POW,PPC,PVT,REE,SAB,SCR,SHB,SSB,SSI,STB,TCB,TPB,VBB,VCB,VCG,VCI,VGC,VHC,VHM,VIB,VIC,VJC,VND,VNM,VPB,VRE,VSC",0.026681130322015346,0.026681130322015346,0.008139840927364526,0.008139840927364526,0.0,0.0,0.005,20
topk_nonoverlap_v2,A_technical,LogisticRegression,2025-05-28,2025-06-25,2025-05-28,10,random_topk_deterministic,10,"BCM,BVB,BVH,DPM,EIB,FPT,MSB,MWG,NKG,VHC",0.022840263552320033,0.018340263552320032,0.00429897415766922,-0.00020102584233078116,0.9000000000000002,0.004500000000000001,0.005,20
topk_nonoverlap_v2,A_technical,LogisticRegression,2025-06-25,2025-07-23,2025-06-25,5,model_topk,5,"BVB,LPB,SSB,VGC,VSC",0.131902943028607,0.131902943028607,0.0254021199080657,0.0254021199080657,0.0,0.0,0.005,20
topk_nonoverlap_v2,A_technical,LogisticRegression,2025-06-25,2025-07-23,2025-06-25,5,equal_weight_universe,80,"ABB,ACB,ANV,BAB,BCM,BID,BMP,BSI,BVB,BVH,CMG,CSV,CTG,DCM,DGW,DIG,DPM,DXG,EIB,ELC,EVF,FPT,FRT,GAS,GEX,GMD,GVR,HAH,HCM,HDB,HDG,HPG,HSG,KDH,KLB,LPB,MBB,MBS,MCH,MSB,MSN,MWG,NAB,NKG,NLG,NT2,NVL,OCB,PDR,PGB,PHR,PLX,PNJ,POW,PPC,PVT,REE,SAB,SCR,SHB,SSB,SSI,STB,TCB,TPB,VBB,VCB,VCG,VCI,VGC,VHC,VHM,VIB,VIC,VJC,VND,VNM,VPB,VRE,VSC",0.11601544390767823,0.11601544390767823,0.009514620787136937,0.009514620787136937,0.0,0.0,0.005,20
topk_nonoverlap_v2,A_technical,LogisticRegression,2025-06-25,2025-07-23,2025-06-25,5,random_topk_deterministic,5,"BID,CMG,GVR,NLG,PNJ",0.08307826998452346,0.07807826998452345,-0.023422553136017783,-0.028422553136017784,0.9999999999999999,0.004999999999999999,0.005,20
topk_nonoverlap_v2,A_technical,LogisticRegression,2025-06-25,2025-07-23,2025-06-25,10,model_topk,10,"BVB,BVH,FRT,LPB,PPC,SCR,SSB,VCI,VGC,VSC",0.10710443887090745,0.10710443887090745,0.0006036157503661315,0.0006036157503661315,0.0,0.0,0.005,20
topk_nonoverlap_v2,A_technical,LogisticRegression,2025-06-25,2025-07-23,2025-06-25,10,equal_weight_universe,80,"ABB,ACB,ANV,BAB,BCM,BID,BMP,BSI,BVB,BVH,CMG,CSV,CTG,DCM,DGW,DIG,DPM,DXG,EIB,ELC,EVF,FPT,FRT,GAS,GEX,GMD,GVR,HAH,HCM,HDB,HDG,HPG,HSG,KDH,KLB,LPB,MBB,MBS,MCH,MSB,MSN,MWG,NAB,NKG,NLG,NT2,NVL,OCB,PDR,PGB,PHR,PLX,PNJ,POW,PPC,PVT,REE,SAB,SCR,SHB,SSB,SSI,STB,TCB,TPB,VBB,VCB,VCG,VCI,VGC,VHC,VHM,VIB,VIC,VJC,VND,VNM,VPB,VRE,VSC",0.11601544390767823,0.11601544390767823,0.009514620787136937,0.009514620787136937,0.0,0.0,0.005,20
topk_nonoverlap_v2,A_technical,LogisticRegression,2025-06-25,2025-07-23,2025-06-25,10,random_topk_deterministic,10,"DGW,DIG,HAH,NAB,OCB,PLX,SSI,TPB,VCI,VPB",0.14805779199272145,0.14305779199272145,0.04155696887218015,0.03655696887218014,1.0000000000000002,0.005000000000000001,0.005,20
topk_nonoverlap_v2,A_technical,LogisticRegression,2025-07-23,2025-08-20,2025-07-23,5,model_topk,5,"KLB,VHM,VIC,VRE,VSC",0.20805550308817305,0.20405550308817305,0.1075139474547383,0.1035139474547383,0.7999999999999999,0.004,0.005,20
topk_nonoverlap_v2,A_technical,LogisticRegression,2025-07-23,2025-08-20,2025-07-23,5,equal_weight_universe,80,"ABB,ACB,ANV,BAB,BCM,BID,BMP,BSI,BVB,BVH,CMG,CSV,CTG,DCM,DGW,DIG,DPM,DXG,EIB,ELC,EVF,FPT,FRT,GAS,GEX,GMD,GVR,HAH,HCM,HDB,HDG,HPG,HSG,KDH,KLB,LPB,MBB,MBS,MCH,MSB,MSN,MWG,NAB,NKG,NLG,NT2,NVL,OCB,PDR,PGB,PHR,PLX,PNJ,POW,PPC,PVT,REE,SAB,SCR,SHB,SSB,SSI,STB,TCB,TPB,VBB,VCB,VCG,VCI,VGC,VHC,VHM,VIB,VIC,VJC,VND,VNM,VPB,VRE,VSC",0.11862726193998803,0.11862726193998803,0.018085706306553245,0.018085706306553245,0.0,0.0,0.005,20
topk_nonoverlap_v2,A_technical,LogisticRegression,2025-07-23,2025-08-20,2025-07-23,5,random_topk_deterministic,5,"BAB,DIG,HPG,STB,VIB",0.16727127631968924,0.16227127631968924,0.06672972068625446,0.061729720686254465,0.9999999999999999,0.004999999999999999,0.005,20
topk_nonoverlap_v2,A_technical,LogisticRegression,2025-07-23,2025-08-20,2025-07-23,10,model_topk,10,"ANV,BMP,GEX,HAH,KLB,NLG,VHM,VIC,VRE,VSC",0.14149954445032395,0.13699954445032395,0.04095798881688918,0.03645798881688918,0.9000000000000002,0.004500000000000001,0.005,20
topk_nonoverlap_v2,A_technical,LogisticRegression,2025-07-23,2025-08-20,2025-07-23,10,equal_weight_universe,80,"ABB,ACB,ANV,BAB,BCM,BID,BMP,BSI,BVB,BVH,CMG,CSV,CTG,DCM,DGW,DIG,DPM,DXG,EIB,ELC,EVF,FPT,FRT,GAS,GEX,GMD,GVR,HAH,HCM,HDB,HDG,HPG,HSG,KDH,KLB,LPB,MBB,MBS,MCH,MSB,MSN,MWG,NAB,NKG,NLG,NT2,NVL,OCB,PDR,PGB,PHR,PLX,PNJ,POW,PPC,PVT,REE,SAB,SCR,SHB,SSB,SSI,STB,TCB,TPB,VBB,VCB,VCG,VCI,VGC,VHC,VHM,VIB,VIC,VJC,VND,VNM,VPB,VRE,VSC",0.11862726193998803,0.11862726193998803,0.018085706306553245,0.018085706306553245,0.0,0.0,0.005,20
topk_nonoverlap_v2,A_technical,LogisticRegression,2025-07-23,2025-08-20,2025-07-23,10,random_topk_deterministic,10,"BVH,DIG,ELC,MBB,MCH,NLG,POW,SSI,TCB,VIB",0.13661526741074725,0.13261526741074725,0.03607371177731243,0.03207371177731243,0.8000000000000002,0.004000000000000001,0.005,20
topk_nonoverlap_v2,A_technical,LogisticRegression,2025-08-20,2025-09-19,2025-08-20,5,model_topk,5,"KLB,VHM,VIC,VRE,VSC",0.06604761216905142,0.06604761216905142,0.06949638527102453,0.06949638527102453,0.0,0.0,0.005,20
topk_nonoverlap_v2,A_technical,LogisticRegression,2025-08-20,2025-09-19,2025-08-20,5,equal_weight_universe,80,"ABB,ACB,ANV,BAB,BCM,BID,BMP,BSI,BVB,BVH,CMG,CSV,CTG,DCM,DGW,DIG,DPM,DXG,EIB,ELC,EVF,FPT,FRT,GAS,GEX,GMD,GVR,HAH,HCM,HDB,HDG,HPG,HSG,KDH,KLB,LPB,MBB,MBS,MCH,MSB,MSN,MWG,NAB,NKG,NLG,NT2,NVL,OCB,PDR,PGB,PHR,PLX,PNJ,POW,PPC,PVT,REE,SAB,SCR,SHB,SSB,SSI,STB,TCB,TPB,VBB,VCB,VCG,VCI,VGC,VHC,VHM,VIB,VIC,VJC,VND,VNM,VPB,VRE,VSC",-0.012411640265388761,-0.012411640265388761,-0.008962867163415647,-0.008962867163415647,0.0,0.0,0.005,20
topk_nonoverlap_v2,A_technical,LogisticRegression,2025-08-20,2025-09-19,2025-08-20,5,random_topk_deterministic,5,"BSI,EIB,PDR,POW,TCB",-0.08616854890745428,-0.09116854890745428,-0.08271977580548118,-0.08771977580548118,0.9999999999999999,0.004999999999999999,0.005,20
topk_nonoverlap_v2,A_technical,LogisticRegression,2025-08-20,2025-09-19,2025-08-20,10,model_topk,10,"ANV,BMP,GEX,HAH,KLB,NLG,VHM,VIC,VRE,VSC",0.03541374294836393,0.03541374294836393,0.03886251605033704,0.03886251605033704,0.0,0.0,0.005,20
topk_nonoverlap_v2,A_technical,LogisticRegression,2025-08-20,2025-09-19,2025-08-20,10,equal_weight_universe,80,"ABB,ACB,ANV,BAB,BCM,BID,BMP,BSI,BVB,BVH,CMG,CSV,CTG,DCM,DGW,DIG,DPM,DXG,EIB,ELC,EVF,FPT,FRT,GAS,GEX,GMD,GVR,HAH,HCM,HDB,HDG,HPG,HSG,KDH,KLB,LPB,MBB,MBS,MCH,MSB,MSN,MWG,NAB,NKG,NLG,NT2,NVL,OCB,PDR,PGB,PHR,PLX,PNJ,POW,PPC,PVT,REE,SAB,SCR,SHB,SSB,SSI,STB,TCB,TPB,VBB,VCB,VCG,VCI,VGC,VHC,VHM,VIB,VIC,VJC,VND,VNM,VPB,VRE,VSC",-0.012411640265388761,-0.012411640265388761,-0.008962867163415647,-0.008962867163415647,0.0,0.0,0.005,20
topk_nonoverlap_v2,A_technical,LogisticRegression,2025-08-20,2025-09-19,2025-08-20,10,random_topk_deterministic,10,"BCM,BID,BSI,FPT,HDB,PGB,REE,SHB,VIB,VPB",-0.053374772546867844,-0.05787477254686785,-0.04992599944489474,-0.05442599944489474,0.9000000000000002,0.004500000000000001,0.005,20
topk_nonoverlap_v2,A_technical,LogisticRegression,2025-09-19,2025-10-17,2025-09-19,5,model_topk,5,"KLB,VHM,VIC,VRE,VSC",0.14303509520882368,0.14303509520882368,0.0992818545629854,0.0992818545629854,0.0,0.0,0.005,20
topk_nonoverlap_v2,A_technical,LogisticRegression,2025-09-19,2025-10-17,2025-09-19,5,equal_weight_universe,80,"ABB,ACB,ANV,BAB,BCM,BID,BMP,BSI,BVB,BVH,CMG,CSV,CTG,DCM,DGW,DIG,DPM,DXG,EIB,ELC,EVF,FPT,FRT,GAS,GEX,GMD,GVR,HAH,HCM,HDB,HDG,HPG,HSG,KDH,KLB,LPB,MBB,MBS,MCH,MSB,MSN,MWG,NAB,NKG,NLG,NT2,NVL,OCB,PDR,PGB,PHR,PLX,PNJ,POW,PPC,PVT,REE,SAB,SCR,SHB,SSB,SSI,STB,TCB,TPB,VBB,VCB,VCG,VCI,VGC,VHC,VHM,VIB,VIC,VJC,VND,VNM,VPB,VRE,VSC",0.0075955101855792375,0.0075955101855792375,-0.03615773046025904,-0.03615773046025904,0.0,0.0,0.005,20
topk_nonoverlap_v2,A_technical,LogisticRegression,2025-09-19,2025-10-17,2025-09-19,5,random_topk_deterministic,5,"BVB,EIB,MCH,NT2,VSC",-0.02022824520395234,-0.02422824520395234,-0.06398148584979065,-0.06798148584979065,0.7999999999999999,0.004,0.005,20
topk_nonoverlap_v2,A_technical,LogisticRegression,2025-09-19,2025-10-17,2025-09-19,10,model_topk,10,"ANV,BMP,GEX,HAH,KLB,NLG,VHM,VIC,VRE,VSC",0.11088197509535584,0.11088197509535584,0.06712873444951754,0.06712873444951754,0.0,0.0,0.005,20
topk_nonoverlap_v2,A_technical,LogisticRegression,2025-09-19,2025-10-17,2025-09-19,10,equal_weight_universe,80,"ABB,ACB,ANV,BAB,BCM,BID,BMP,BSI,BVB,BVH,CMG,CSV,CTG,DCM,DGW,DIG,DPM,DXG,EIB,ELC,EVF,FPT,FRT,GAS,GEX,GMD,GVR,HAH,HCM,HDB,HDG,HPG,HSG,KDH,KLB,LPB,MBB,MBS,MCH,MSB,MSN,MWG,NAB,NKG,NLG,NT2,NVL,OCB,PDR,PGB,PHR,PLX,PNJ,POW,PPC,PVT,REE,SAB,SCR,SHB,SSB,SSI,STB,TCB,TPB,VBB,VCB,VCG,VCI,VGC,VHC,VHM,VIB,VIC,VJC,VND,VNM,VPB,VRE,VSC",0.0075955101855792375,0.0075955101855792375,-0.03615773046025904,-0.03615773046025904,0.0,0.0,0.005,20
topk_nonoverlap_v2,A_technical,LogisticRegression,2025-09-19,2025-10-17,2025-09-19,10,random_topk_deterministic,10,"DXG,HCM,HDG,MSN,NKG,POW,PVT,VBB,VCB,VNM",-0.008549808705419059,-0.01354980870541906,-0.05230304935125736,-0.057303049351257365,1.0000000000000002,0.005000000000000001,0.005,20
topk_nonoverlap_v2,A_technical,LogisticRegression,2025-10-17,2025-11-14,2025-10-17,5,model_topk,5,"ABB,ANV,CMG,DPM,VJC",0.004651642852389079,-0.00034835714761092054,0.059948866149658574,0.054948866149658576,0.9999999999999999,0.004999999999999999,0.005,20
topk_nonoverlap_v2,A_technical,LogisticRegression,2025-10-17,2025-11-14,2025-10-17,5,equal_weight_universe,80,"ABB,ACB,ANV,BAB,BCM,BID,BMP,BSI,BVB,BVH,CMG,CSV,CTG,DCM,DGW,DIG,DPM,DXG,EIB,ELC,EVF,FPT,FRT,GAS,GEX,GMD,GVR,HAH,HCM,HDB,HDG,HPG,HSG,KDH,KLB,LPB,MBB,MBS,MCH,MSB,MSN,MWG,NAB,NKG,NLG,NT2,NVL,OCB,PDR,PGB,PHR,PLX,PNJ,POW,PPC,PVT,REE,SAB,SCR,SHB,SSB,SSI,STB,TCB,TPB,VBB,VCB,VCG,VCI,VGC,VHC,VHM,VIB,VIC,VJC,VND,VNM,VPB,VRE,VSC",-0.034949749742080496,-0.034949749742080496,0.02034747355518898,0.02034747355518898,0.0,0.0,0.005,20
topk_nonoverlap_v2,A_technical,LogisticRegression,2025-10-17,2025-11-14,2025-10-17,5,random_topk_deterministic,5,"DGW,GEX,OCB,PPC,VND",-0.08923609703968856,-0.09423609703968856,-0.03393887374241909,-0.03893887374241909,0.9999999999999999,0.004999999999999999,0.005,20
topk_nonoverlap_v2,A_technical,LogisticRegression,2025-10-17,2025-11-14,2025-10-17,10,model_topk,10,"ABB,ANV,CMG,DPM,HDB,KLB,MBS,MSB,VGC,VJC",-0.0336593795345979,-0.0376593795345979,0.021637843762671593,0.017637843762671593,0.8000000000000002,0.004000000000000001,0.005,20
topk_nonoverlap_v2,A_technical,LogisticRegression,2025-10-17,2025-11-14,2025-10-17,10,equal_weight_universe,80,"ABB,ACB,ANV,BAB,BCM,BID,BMP,BSI,BVB,BVH,CMG,CSV,CTG,DCM,DGW,DIG,DPM,DXG,EIB,ELC,EVF,FPT,FRT,GAS,GEX,GMD,GVR,HAH,HCM,HDB,HDG,HPG,HSG,KDH,KLB,LPB,MBB,MBS,MCH,MSB,MSN,MWG,NAB,NKG,NLG,NT2,NVL,OCB,PDR,PGB,PHR,PLX,PNJ,POW,PPC,PVT,REE,SAB,SCR,SHB,SSB,SSI,STB,TCB,TPB,VBB,VCB,VCG,VCI,VGC,VHC,VHM,VIB,VIC,VJC,VND,VNM,VPB,VRE,VSC",-0.034949749742080496,-0.034949749742080496,0.02034747355518898,0.02034747355518898,0.0,0.0,0.005,20
topk_nonoverlap_v2,A_technical,LogisticRegression,2025-10-17,2025-11-14,2025-10-17,10,random_topk_deterministic,10,"BSI,DIG,HCM,KLB,MSN,NT2,OCB,PPC,SAB,SHB",-0.05052717172427716,-0.054527171724277165,0.004770051572992308,0.0007700515729923071,0.8000000000000002,0.004000000000000001,0.005,20
topk_nonoverlap_v2,A_technical,LogisticRegression,2025-11-14,2025-12-12,2025-11-14,5,model_topk,5,"ABB,ANV,CMG,DPM,VJC",-0.008234833187235318,-0.008234833187235318,-0.01522369259070594,-0.01522369259070594,0.0,0.0,0.005,20
topk_nonoverlap_v2,A_technical,LogisticRegression,2025-11-14,2025-12-12,2025-11-14,5,equal_weight_universe,80,"ABB,ACB,ANV,BAB,BCM,BID,BMP,BSI,BVB,BVH,CMG,CSV,CTG,DCM,DGW,DIG,DPM,DXG,EIB,ELC,EVF,FPT,FRT,GAS,GEX,GMD,GVR,HAH,HCM,HDB,HDG,HPG,HSG,KDH,KLB,LPB,MBB,MBS,MCH,MSB,MSN,MWG,NAB,NKG,NLG,NT2,NVL,OCB,PDR,PGB,PHR,PLX,PNJ,POW,PPC,PVT,REE,SAB,SCR,SHB,SSB,SSI,STB,TCB,TPB,VBB,VCB,VCG,VCI,VGC,VHC,VHM,VIB,VIC,VJC,VND,VNM,VPB,VRE,VSC",-0.04846450569060197,-0.04846450569060197,-0.05545336509407256,-0.05545336509407256,0.0,0.0,0.005,20
topk_nonoverlap_v2,A_technical,LogisticRegression,2025-11-14,2025-12-12,2025-11-14,5,random_topk_deterministic,5,"BID,GEX,PDR,REE,VJC",-0.059240200629824505,-0.06324020062982451,-0.0662290600332951,-0.0702290600332951,0.7999999999999999,0.004,0.005,20
topk_nonoverlap_v2,A_technical,LogisticRegression,2025-11-14,2025-12-12,2025-11-14,10,model_topk,10,"ABB,ANV,CMG,DPM,HDB,KLB,MBS,MSB,VGC,VJC",-0.02157511847257489,-0.02157511847257489,-0.028563977876045494,-0.028563977876045494,0.0,0.0,0.005,20
topk_nonoverlap_v2,A_technical,LogisticRegression,2025-11-14,2025-12-12,2025-11-14,10,equal_weight_universe,80,"ABB,ACB,ANV,BAB,BCM,BID,BMP,BSI,BVB,BVH,CMG,CSV,CTG,DCM,DGW,DIG,DPM,DXG,EIB,ELC,EVF,FPT,FRT,GAS,GEX,GMD,GVR,HAH,HCM,HDB,HDG,HPG,HSG,KDH,KLB,LPB,MBB,MBS,MCH,MSB,MSN,MWG,NAB,NKG,NLG,NT2,NVL,OCB,PDR,PGB,PHR,PLX,PNJ,POW,PPC,PVT,REE,SAB,SCR,SHB,SSB,SSI,STB,TCB,TPB,VBB,VCB,VCG,VCI,VGC,VHC,VHM,VIB,VIC,VJC,VND,VNM,VPB,VRE,VSC",-0.04846450569060197,-0.04846450569060197,-0.05545336509407256,-0.05545336509407256,0.0,0.0,0.005,20
topk_nonoverlap_v2,A_technical,LogisticRegression,2025-11-14,2025-12-12,2025-11-14,10,random_topk_deterministic,10,"CMG,DIG,MBB,NKG,PGB,PPC,SAB,VCI,VIC,VPB",-0.00673578314920664,-0.01023578314920664,-0.013724642552677243,-0.017224642552677243,0.7000000000000001,0.0035000000000000005,0.005,20
topk_nonoverlap_v2,A_technical,LogisticRegression,2025-12-12,2026-01-13,2025-12-12,5,model_topk,5,"ABB,ANV,CMG,DPM,VJC",0.049205375953468855,0.049205375953468855,-0.10626341674063935,-0.10626341674063935,0.0,0.0,0.005,20
topk_nonoverlap_v2,A_technical,LogisticRegression,2025-12-12,2026-01-13,2025-12-12,5,equal_weight_universe,80,"ABB,ACB,ANV,BAB,BCM,BID,BMP,BSI,BVB,BVH,CMG,CSV,CTG,DCM,DGW,DIG,DPM,DXG,EIB,ELC,EVF,FPT,FRT,GAS,GEX,GMD,GVR,HAH,HCM,HDB,HDG,HPG,HSG,KDH,KLB,LPB,MBB,MBS,MCH,MSB,MSN,MWG,NAB,NKG,NLG,NT2,NVL,OCB,PDR,PGB,PHR,PLX,PNJ,POW,PPC,PVT,REE,SAB,SCR,SHB,SSB,SSI,STB,TCB,TPB,VBB,VCB,VCG,VCI,VGC,VHC,VHM,VIB,VIC,VJC,VND,VNM,VPB,VRE,VSC",0.10005516818208375,0.10005516818208375,-0.055413624512024494,-0.055413624512024494,0.0,0.0,0.005,20
topk_nonoverlap_v2,A_technical,LogisticRegression,2025-12-12,2026-01-13,2025-12-12,5,random_topk_deterministic,5,"BCM,CTG,GVR,HDG,SSI",0.14545353941494624,0.14045353941494623,-0.010015253279162079,-0.015015253279162078,0.9999999999999999,0.004999999999999999,0.005,20
topk_nonoverlap_v2,A_technical,LogisticRegression,2025-12-12,2026-01-13,2025-12-12,10,model_topk,10,"ABB,ANV,CMG,DPM,HDB,KLB,MBS,MSB,VGC,VJC",0.07203010472076113,0.07203010472076113,-0.08343868797334711,-0.08343868797334711,0.0,0.0,0.005,20
topk_nonoverlap_v2,A_technical,LogisticRegression,2025-12-12,2026-01-13,2025-12-12,10,equal_weight_universe,80,"ABB,ACB,ANV,BAB,BCM,BID,BMP,BSI,BVB,BVH,CMG,CSV,CTG,DCM,DGW,DIG,DPM,DXG,EIB,ELC,EVF,FPT,FRT,GAS,GEX,GMD,GVR,HAH,HCM,HDB,HDG,HPG,HSG,KDH,KLB,LPB,MBB,MBS,MCH,MSB,MSN,MWG,NAB,NKG,NLG,NT2,NVL,OCB,PDR,PGB,PHR,PLX,PNJ,POW,PPC,PVT,REE,SAB,SCR,SHB,SSB,SSI,STB,TCB,TPB,VBB,VCB,VCG,VCI,VGC,VHC,VHM,VIB,VIC,VJC,VND,VNM,VPB,VRE,VSC",0.10005516818208375,0.10005516818208375,-0.055413624512024494,-0.055413624512024494,0.0,0.0,0.005,20
topk_nonoverlap_v2,A_technical,LogisticRegression,2025-12-12,2026-01-13,2025-12-12,10,random_topk_deterministic,10,"ABB,BAB,DPM,ELC,GVR,MBB,PPC,PVT,TCB,VBB",0.11715897328058049,0.11315897328058049,-0.038309819413527735,-0.04230981941352774,0.8000000000000002,0.004000000000000001,0.005,20
topk_nonoverlap_v2,A_technical,LogisticRegression,2026-01-13,2026-02-10,2026-01-13,5,model_topk,5,"GVR,LPB,MCH,VJC,VRE",-0.07269728631169621,-0.07669728631169621,0.0055504684664617054,0.0015504684664617054,0.7999999999999999,0.004,0.005,20
topk_nonoverlap_v2,A_technical,LogisticRegression,2026-01-13,2026-02-10,2026-01-13,5,equal_weight_universe,79,"ABB,ACB,ANV,BAB,BCM,BID,BMP,BSI,BVB,BVH,CMG,CSV,CTG,DCM,DGW,DIG,DPM,DXG,EIB,ELC,EVF,FPT,FRT,GAS,GEX,GMD,GVR,HAH,HCM,HDB,HDG,HPG,HSG,KDH,LPB,MBB,MBS,MCH,MSB,MSN,MWG,NAB,NKG,NLG,NT2,NVL,OCB,PDR,PGB,PHR,PLX,PNJ,POW,PPC,PVT,REE,SAB,SCR,SHB,SSB,SSI,STB,TCB,TPB,VBB,VCB,VCG,VCI,VGC,VHC,VHM,VIB,VIC,VJC,VND,VNM,VPB,VRE,VSC",-0.04299521736466737,-0.04305771736466737,0.03525253741349052,0.03519003741349052,0.012499999999999994,6.249999999999997e-05,0.005,20
topk_nonoverlap_v2,A_technical,LogisticRegression,2026-01-13,2026-02-10,2026-01-13,5,random_topk_deterministic,5,"EIB,MSN,PLX,PPC,SSI",-0.021283710812194157,-0.025283710812194157,0.05696404396596374,0.05296404396596374,0.7999999999999999,0.004,0.005,20
topk_nonoverlap_v2,A_technical,LogisticRegression,2026-01-13,2026-02-10,2026-01-13,10,model_topk,10,"BCM,BMP,GVR,KDH,LPB,MCH,PGB,STB,VJC,VRE",-0.05610545661175091,-0.060605456611750916,0.022142298166406973,0.017642298166406972,0.9000000000000002,0.004500000000000001,0.005,20
topk_nonoverlap_v2,A_technical,LogisticRegression,2026-01-13,2026-02-10,2026-01-13,10,equal_weight_universe,79,"ABB,ACB,ANV,BAB,BCM,BID,BMP,BSI,BVB,BVH,CMG,CSV,CTG,DCM,DGW,DIG,DPM,DXG,EIB,ELC,EVF,FPT,FRT,GAS,GEX,GMD,GVR,HAH,HCM,HDB,HDG,HPG,HSG,KDH,LPB,MBB,MBS,MCH,MSB,MSN,MWG,NAB,NKG,NLG,NT2,NVL,OCB,PDR,PGB,PHR,PLX,PNJ,POW,PPC,PVT,REE,SAB,SCR,SHB,SSB,SSI,STB,TCB,TPB,VBB,VCB,VCG,VCI,VGC,VHC,VHM,VIB,VIC,VJC,VND,VNM,VPB,VRE,VSC",-0.04299521736466737,-0.04305771736466737,0.03525253741349052,0.03519003741349052,0.012499999999999994,6.249999999999997e-05,0.005,20
topk_nonoverlap_v2,A_technical,LogisticRegression,2026-01-13,2026-02-10,2026-01-13,10,random_topk_deterministic,10,"EVF,KDH,MWG,NLG,PLX,PPC,STB,VGC,VIB,VND",-0.01623817907381785,-0.02073817907381785,0.06200957570434005,0.057509575704340045,0.9000000000000002,0.004500000000000001,0.005,20
topk_nonoverlap_v2,A_technical,LogisticRegression,2026-02-10,2026-03-17,2026-02-10,5,model_topk,5,"GVR,LPB,MCH,VJC,VRE",-0.018340413811642343,-0.018340413811642343,0.006596445877188557,0.006596445877188557,0.0,0.0,0.005,20
topk_nonoverlap_v2,A_technical,LogisticRegression,2026-02-10,2026-03-17,2026-02-10,5,equal_weight_universe,80,"ABB,ACB,ANV,BAB,BCM,BID,BMP,BSI,BVB,BVH,CMG,CSV,CTG,DCM,DGW,DIG,DPM,DXG,EIB,ELC,EVF,FPT,FRT,GAS,GEX,GMD,GVR,HAH,HCM,HDB,HDG,HPG,HSG,KDH,KLB,LPB,MBB,MBS,MCH,MSB,MSN,MWG,NAB,NKG,NLG,NT2,NVL,OCB,PDR,PGB,PHR,PLX,PNJ,POW,PPC,PVT,REE,SAB,SCR,SHB,SSB,SSI,STB,TCB,TPB,VBB,VCB,VCG,VCI,VGC,VHC,VHM,VIB,VIC,VJC,VND,VNM,VPB,VRE,VSC",-0.01970451065964718,-0.01976701065964718,0.005232349029183678,0.005169849029183678,0.012499999999999994,6.249999999999997e-05,0.005,20
topk_nonoverlap_v2,A_technical,LogisticRegression,2026-02-10,2026-03-17,2026-02-10,5,random_topk_deterministic,5,"ACB,ELC,NAB,NVL,VIB",-0.0218037764098315,-0.026803776409831497,0.003133083278999399,-0.0018669167210006,0.9999999999999999,0.004999999999999999,0.005,20
topk_nonoverlap_v2,A_technical,LogisticRegression,2026-02-10,2026-03-17,2026-02-10,10,model_topk,10,"BCM,BMP,GVR,KDH,LPB,MCH,PGB,STB,VJC,VRE",-0.02400003030725572,-0.02400003030725572,0.0009368293815751605,0.0009368293815751605,0.0,0.0,0.005,20
topk_nonoverlap_v2,A_technical,LogisticRegression,2026-02-10,2026-03-17,2026-02-10,10,equal_weight_universe,80,"ABB,ACB,ANV,BAB,BCM,BID,BMP,BSI,BVB,BVH,CMG,CSV,CTG,DCM,DGW,DIG,DPM,DXG,EIB,ELC,EVF,FPT,FRT,GAS,GEX,GMD,GVR,HAH,HCM,HDB,HDG,HPG,HSG,KDH,KLB,LPB,MBB,MBS,MCH,MSB,MSN,MWG,NAB,NKG,NLG,NT2,NVL,OCB,PDR,PGB,PHR,PLX,PNJ,POW,PPC,PVT,REE,SAB,SCR,SHB,SSB,SSI,STB,TCB,TPB,VBB,VCB,VCG,VCI,VGC,VHC,VHM,VIB,VIC,VJC,VND,VNM,VPB,VRE,VSC",-0.01970451065964718,-0.01976701065964718,0.005232349029183678,0.005169849029183678,0.012499999999999994,6.249999999999997e-05,0.005,20
topk_nonoverlap_v2,A_technical,LogisticRegression,2026-02-10,2026-03-17,2026-02-10,10,random_topk_deterministic,10,"BSI,DCM,DPM,EIB,HCM,MCH,SCR,SHB,VGC,VPB",0.012300597029243595,0.007800597029243594,0.037237456718074435,0.03273745671807443,0.9000000000000002,0.004500000000000001,0.005,20
topk_nonoverlap_v2,A_technical,LogisticRegression,2026-03-17,2026-04-14,2026-03-17,5,model_topk,5,"GVR,LPB,MCH,VJC,VRE",0.016059896201297958,0.016059896201297958,-0.02215584498879276,-0.02215584498879276,0.0,0.0,0.005,20
topk_nonoverlap_v2,A_technical,LogisticRegression,2026-03-17,2026-04-14,2026-03-17,5,equal_weight_universe,80,"ABB,ACB,ANV,BAB,BCM,BID,BMP,BSI,BVB,BVH,CMG,CSV,CTG,DCM,DGW,DIG,DPM,DXG,EIB,ELC,EVF,FPT,FRT,GAS,GEX,GMD,GVR,HAH,HCM,HDB,HDG,HPG,HSG,KDH,KLB,LPB,MBB,MBS,MCH,MSB,MSN,MWG,NAB,NKG,NLG,NT2,NVL,OCB,PDR,PGB,PHR,PLX,PNJ,POW,PPC,PVT,REE,SAB,SCR,SHB,SSB,SSI,STB,TCB,TPB,VBB,VCB,VCG,VCI,VGC,VHC,VHM,VIB,VIC,VJC,VND,VNM,VPB,VRE,VSC",0.035497025414320385,0.035497025414320385,-0.002718715775770324,-0.002718715775770324,0.0,0.0,0.005,20
topk_nonoverlap_v2,A_technical,LogisticRegression,2026-03-17,2026-04-14,2026-03-17,5,random_topk_deterministic,5,"ANV,BVB,HSG,PHR,SCR",0.06344284004980216,0.058442840049802165,0.02522709885971146,0.02022709885971146,0.9999999999999999,0.004999999999999999,0.005,20
topk_nonoverlap_v2,A_technical,LogisticRegression,2026-03-17,2026-04-14,2026-03-17,10,model_topk,10,"BCM,BMP,GVR,KDH,LPB,MCH,PGB,STB,VJC,VRE",0.00965071861308814,0.00965071861308814,-0.02856502257700256,-0.02856502257700256,0.0,0.0,0.005,20
topk_nonoverlap_v2,A_technical,LogisticRegression,2026-03-17,2026-04-14,2026-03-17,10,equal_weight_universe,80,"ABB,ACB,ANV,BAB,BCM,BID,BMP,BSI,BVB,BVH,CMG,CSV,CTG,DCM,DGW,DIG,DPM,DXG,EIB,ELC,EVF,FPT,FRT,GAS,GEX,GMD,GVR,HAH,HCM,HDB,HDG,HPG,HSG,KDH,KLB,LPB,MBB,MBS,MCH,MSB,MSN,MWG,NAB,NKG,NLG,NT2,NVL,OCB,PDR,PGB,PHR,PLX,PNJ,POW,PPC,PVT,REE,SAB,SCR,SHB,SSB,SSI,STB,TCB,TPB,VBB,VCB,VCG,VCI,VGC,VHC,VHM,VIB,VIC,VJC,VND,VNM,VPB,VRE,VSC",0.035497025414320385,0.035497025414320385,-0.002718715775770324,-0.002718715775770324,0.0,0.0,0.005,20
topk_nonoverlap_v2,A_technical,LogisticRegression,2026-03-17,2026-04-14,2026-03-17,10,random_topk_deterministic,10,"BCM,KDH,MBS,MSB,MSN,NKG,NLG,PGB,VCG,VGC",0.034634873332645574,0.030134873332645574,-0.0035808678574450895,-0.008080867857445091,0.9000000000000002,0.004500000000000001,0.005,20
topk_nonoverlap_v2,A_technical,LogisticRegression,2026-04-14,2026-05-15,2026-04-14,5,model_topk,5,"BVH,DGW,FRT,GAS,PNJ",-0.04314377684472416,-0.04814377684472416,-0.12533902928749158,-0.13033902928749158,0.9999999999999999,0.004999999999999999,0.005,20
topk_nonoverlap_v2,A_technical,LogisticRegression,2026-04-14,2026-05-15,2026-04-14,5,equal_weight_universe,80,"ABB,ACB,ANV,BAB,BCM,BID,BMP,BSI,BVB,BVH,CMG,CSV,CTG,DCM,DGW,DIG,DPM,DXG,EIB,ELC,EVF,FPT,FRT,GAS,GEX,GMD,GVR,HAH,HCM,HDB,HDG,HPG,HSG,KDH,KLB,LPB,MBB,MBS,MCH,MSB,MSN,MWG,NAB,NKG,NLG,NT2,NVL,OCB,PDR,PGB,PHR,PLX,PNJ,POW,PPC,PVT,REE,SAB,SCR,SHB,SSB,SSI,STB,TCB,TPB,VBB,VCB,VCG,VCI,VGC,VHC,VHM,VIB,VIC,VJC,VND,VNM,VPB,VRE,VSC",0.0018808559012271336,0.0018808559012271336,-0.08031439654154023,-0.08031439654154023,0.0,0.0,0.005,20
topk_nonoverlap_v2,A_technical,LogisticRegression,2026-04-14,2026-05-15,2026-04-14,5,random_topk_deterministic,5,"BMP,DCM,DGW,HCM,OCB",0.01564149501227732,0.01064149501227732,-0.0665537574304901,-0.0715537574304901,0.9999999999999999,0.004999999999999999,0.005,20
topk_nonoverlap_v2,A_technical,LogisticRegression,2026-04-14,2026-05-15,2026-04-14,10,model_topk,10,"BID,BMP,BVH,DGW,FRT,GAS,GVR,PLX,PNJ,VCB",0.017351365053403678,0.013351365053403678,-0.06484388738936367,-0.06884388738936367,0.8000000000000002,0.004000000000000001,0.005,20
topk_nonoverlap_v2,A_technical,LogisticRegression,2026-04-14,2026-05-15,2026-04-14,10,equal_weight_universe,80,"ABB,ACB,ANV,BAB,BCM,BID,BMP,BSI,BVB,BVH,CMG,CSV,CTG,DCM,DGW,DIG,DPM,DXG,EIB,ELC,EVF,FPT,FRT,GAS,GEX,GMD,GVR,HAH,HCM,HDB,HDG,HPG,HSG,KDH,KLB,LPB,MBB,MBS,MCH,MSB,MSN,MWG,NAB,NKG,NLG,NT2,NVL,OCB,PDR,PGB,PHR,PLX,PNJ,POW,PPC,PVT,REE,SAB,SCR,SHB,SSB,SSI,STB,TCB,TPB,VBB,VCB,VCG,VCI,VGC,VHC,VHM,VIB,VIC,VJC,VND,VNM,VPB,VRE,VSC",0.0018808559012271336,0.0018808559012271336,-0.08031439654154023,-0.08031439654154023,0.0,0.0,0.005,20
topk_nonoverlap_v2,A_technical,LogisticRegression,2026-04-14,2026-05-15,2026-04-14,10,random_topk_deterministic,10,"EVF,GEX,GVR,HDG,MBB,PLX,TCB,VGC,VNM,VSC",0.007319459267149342,0.0028194592671493407,-0.07487579317561802,-0.07937579317561802,0.9000000000000002,0.004500000000000001,0.005,20
topk_nonoverlap_v2,A_technical,LogisticRegression,2026-05-15,2026-06-12,2026-05-15,5,model_topk,5,"BVH,DGW,FRT,GAS,PNJ",-0.06575177888248886,-0.06575177888248886,0.0018741578369115392,0.0018741578369115392,0.0,0.0,0.005,20
topk_nonoverlap_v2,A_technical,LogisticRegression,2026-05-15,2026-06-12,2026-05-15,5,equal_weight_universe,80,"ABB,ACB,ANV,BAB,BCM,BID,BMP,BSI,BVB,BVH,CMG,CSV,CTG,DCM,DGW,DIG,DPM,DXG,EIB,ELC,EVF,FPT,FRT,GAS,GEX,GMD,GVR,HAH,HCM,HDB,HDG,HPG,HSG,KDH,KLB,LPB,MBB,MBS,MCH,MSB,MSN,MWG,NAB,NKG,NLG,NT2,NVL,OCB,PDR,PGB,PHR,PLX,PNJ,POW,PPC,PVT,REE,SAB,SCR,SHB,SSB,SSI,STB,TCB,TPB,VBB,VCB,VCG,VCI,VGC,VHC,VHM,VIB,VIC,VJC,VND,VNM,VPB,VRE,VSC",-0.04302202297658324,-0.04302202297658324,0.024603913742817153,0.024603913742817153,0.0,0.0,0.005,20
topk_nonoverlap_v2,A_technical,LogisticRegression,2026-05-15,2026-06-12,2026-05-15,5,random_topk_deterministic,5,"ABB,HAH,HDG,MCH,PDR",-0.03087158096212552,-0.03587158096212552,0.036754355757274836,0.03175435575727484,0.9999999999999999,0.004999999999999999,0.005,20
topk_nonoverlap_v2,A_technical,LogisticRegression,2026-05-15,2026-06-12,2026-05-15,10,model_topk,10,"BID,BMP,BVH,DGW,FRT,GAS,GVR,PLX,PNJ,VCB",-0.05740967201679449,-0.05740967201679449,0.0102162647026059,0.0102162647026059,0.0,0.0,0.005,20
topk_nonoverlap_v2,A_technical,LogisticRegression,2026-05-15,2026-06-12,2026-05-15,10,equal_weight_universe,80,"ABB,ACB,ANV,BAB,BCM,BID,BMP,BSI,BVB,BVH,CMG,CSV,CTG,DCM,DGW,DIG,DPM,DXG,EIB,ELC,EVF,FPT,FRT,GAS,GEX,GMD,GVR,HAH,HCM,HDB,HDG,HPG,HSG,KDH,KLB,LPB,MBB,MBS,MCH,MSB,MSN,MWG,NAB,NKG,NLG,NT2,NVL,OCB,PDR,PGB,PHR,PLX,PNJ,POW,PPC,PVT,REE,SAB,SCR,SHB,SSB,SSI,STB,TCB,TPB,VBB,VCB,VCG,VCI,VGC,VHC,VHM,VIB,VIC,VJC,VND,VNM,VPB,VRE,VSC",-0.04302202297658324,-0.04302202297658324,0.024603913742817153,0.024603913742817153,0.0,0.0,0.005,20
topk_nonoverlap_v2,A_technical,LogisticRegression,2026-05-15,2026-06-12,2026-05-15,10,random_topk_deterministic,10,"BVB,EIB,EVF,GEX,HAH,MBB,NAB,PLX,STB,VIC",-0.052759705432640525,-0.05575970543264053,0.014866231286759828,0.011866231286759829,0.6,0.003,0.005,20
topk_nonoverlap_v2,A_technical,RandomForest,2022-02-11,2022-03-11,2022-02-11,5,model_topk,5,"CTG,LPB,MBB,PLX,TCB",-0.09086175846123237,-0.09586175846123238,-0.06744179055797542,-0.07244179055797542,1.0,0.005,0.005,20
topk_nonoverlap_v2,A_technical,RandomForest,2022-02-11,2022-03-11,2022-02-11,5,equal_weight_universe,80,"ABB,ACB,ANV,BAB,BCM,BID,BMP,BSI,BVB,BVH,CMG,CSV,CTG,DCM,DGW,DIG,DPM,DXG,EIB,ELC,EVF,FPT,FRT,GAS,GEX,GMD,GVR,HAH,HCM,HDB,HDG,HPG,HSG,KDH,KLB,LPB,MBB,MBS,MCH,MSB,MSN,MWG,NAB,NKG,NLG,NT2,NVL,OCB,PDR,PGB,PHR,PLX,PNJ,POW,PPC,PVT,REE,SAB,SCR,SHB,SSB,SSI,STB,TCB,TPB,VBB,VCB,VCG,VCI,VGC,VHC,VHM,VIB,VIC,VJC,VND,VNM,VPB,VRE,VSC",0.02555258494849641,0.02055258494849641,0.048972552851753344,0.043972552851753346,1.0,0.005,0.005,20
topk_nonoverlap_v2,A_technical,RandomForest,2022-02-11,2022-03-11,2022-02-11,5,random_topk_deterministic,5,"BMP,HDG,NAB,NKG,PHR",0.0360192915790591,0.0310192915790591,0.05943925948231606,0.054439259482316066,1.0,0.005,0.005,20
topk_nonoverlap_v2,A_technical,RandomForest,2022-02-11,2022-03-11,2022-02-11,10,model_topk,10,"ACB,BID,CTG,KLB,LPB,MBB,MWG,PLX,TCB,VPB",-0.05806308848639251,-0.06306308848639251,-0.03464312058313559,-0.039643120583135585,1.0,0.005,0.005,20
topk_nonoverlap_v2,A_technical,RandomForest,2022-02-11,2022-03-11,2022-02-11,10,equal_weight_universe,80,"ABB,ACB,ANV,BAB,BCM,BID,BMP,BSI,BVB,BVH,CMG,CSV,CTG,DCM,DGW,DIG,DPM,DXG,EIB,ELC,EVF,FPT,FRT,GAS,GEX,GMD,GVR,HAH,HCM,HDB,HDG,HPG,HSG,KDH,KLB,LPB,MBB,MBS,MCH,MSB,MSN,MWG,NAB,NKG,NLG,NT2,NVL,OCB,PDR,PGB,PHR,PLX,PNJ,POW,PPC,PVT,REE,SAB,SCR,SHB,SSB,SSI,STB,TCB,TPB,VBB,VCB,VCG,VCI,VGC,VHC,VHM,VIB,VIC,VJC,VND,VNM,VPB,VRE,VSC",0.02555258494849641,0.02055258494849641,0.048972552851753344,0.043972552851753346,1.0,0.005,0.005,20
topk_nonoverlap_v2,A_technical,RandomForest,2022-02-11,2022-03-11,2022-02-11,10,random_topk_deterministic,10,"ABB,BID,BSI,DIG,EVF,FRT,MBB,REE,SAB,VGC",0.041373597430899876,0.03637359743089988,0.06479356533415685,0.059793565334156855,1.0,0.005,0.005,20
topk_nonoverlap_v2,A_technical,RandomForest,2022-03-11,2022-04-08,2022-03-11,5,model_topk,5,"LPB,MBB,PLX,TCB,VPB",0.018468949776118838,0.017468949776118837,0.007927130255341962,0.006927130255341962,0.2,0.001,0.005,20
topk_nonoverlap_v2,A_technical,RandomForest,2022-03-11,2022-04-08,2022-03-11,5,equal_weight_universe,80,"ABB,ACB,ANV,BAB,BCM,BID,BMP,BSI,BVB,BVH,CMG,CSV,CTG,DCM,DGW,DIG,DPM,DXG,EIB,ELC,EVF,FPT,FRT,GAS,GEX,GMD,GVR,HAH,HCM,HDB,HDG,HPG,HSG,KDH,KLB,LPB,MBB,MBS,MCH,MSB,MSN,MWG,NAB,NKG,NLG,NT2,NVL,OCB,PDR,PGB,PHR,PLX,PNJ,POW,PPC,PVT,REE,SAB,SCR,SHB,SSB,SSI,STB,TCB,TPB,VBB,VCB,VCG,VCI,VGC,VHC,VHM,VIB,VIC,VJC,VND,VNM,VPB,VRE,VSC",0.006389860242397111,0.006389860242397111,-0.004151959278379816,-0.004151959278379816,0.0,0.0,0.005,20
topk_nonoverlap_v2,A_technical,RandomForest,2022-03-11,2022-04-08,2022-03-11,5,random_topk_deterministic,5,"DIG,GAS,KLB,VIB,VSC",-0.012127697427203325,-0.017127697427203326,-0.0226695169479803,-0.027669516947980297,0.9999999999999999,0.004999999999999999,0.005,20
topk_nonoverlap_v2,A_technical,RandomForest,2022-03-11,2022-04-08,2022-03-11,10,model_topk,10,"ACB,BID,CTG,KLB,LPB,MBB,MWG,PLX,TCB,VPB",0.035445731093151925,0.035445731093151925,0.024903911572375013,0.024903911572375013,0.0,0.0,0.005,20
topk_nonoverlap_v2,A_technical,RandomForest,2022-03-11,2022-04-08,2022-03-11,10,equal_weight_universe,80,"ABB,ACB,ANV,BAB,BCM,BID,BMP,BSI,BVB,BVH,CMG,CSV,CTG,DCM,DGW,DIG,DPM,DXG,EIB,ELC,EVF,FPT,FRT,GAS,GEX,GMD,GVR,HAH,HCM,HDB,HDG,HPG,HSG,KDH,KLB,LPB,MBB,MBS,MCH,MSB,MSN,MWG,NAB,NKG,NLG,NT2,NVL,OCB,PDR,PGB,PHR,PLX,PNJ,POW,PPC,PVT,REE,SAB,SCR,SHB,SSB,SSI,STB,TCB,TPB,VBB,VCB,VCG,VCI,VGC,VHC,VHM,VIB,VIC,VJC,VND,VNM,VPB,VRE,VSC",0.006389860242397111,0.006389860242397111,-0.004151959278379816,-0.004151959278379816,0.0,0.0,0.005,20
topk_nonoverlap_v2,A_technical,RandomForest,2022-03-11,2022-04-08,2022-03-11,10,random_topk_deterministic,10,"CTG,KDH,MBS,MCH,PLX,PVT,TPB,VHC,VIB,VIC",0.01468419727954535,0.009684197279545349,0.0041423777587684205,-0.0008576222412315804,1.0000000000000002,0.005000000000000001,0.005,20
topk_nonoverlap_v2,A_technical,RandomForest,2022-04-08,2022-05-11,2022-04-08,5,model_topk,5,"ACB,CTG,HDB,MSB,SHB",-0.1648491581207293,-0.16984915812072932,-0.04307452924083724,-0.04807452924083724,0.9999999999999999,0.004999999999999999,0.005,20
topk_nonoverlap_v2,A_technical,RandomForest,2022-04-08,2022-05-11,2022-04-08,5,equal_weight_universe,80,"ABB,ACB,ANV,BAB,BCM,BID,BMP,BSI,BVB,BVH,CMG,CSV,CTG,DCM,DGW,DIG,DPM,DXG,EIB,ELC,EVF,FPT,FRT,GAS,GEX,GMD,GVR,HAH,HCM,HDB,HDG,HPG,HSG,KDH,KLB,LPB,MBB,MBS,MCH,MSB,MSN,MWG,NAB,NKG,NLG,NT2,NVL,OCB,PDR,PGB,PHR,PLX,PNJ,POW,PPC,PVT,REE,SAB,SCR,SHB,SSB,SSI,STB,TCB,TPB,VBB,VCB,VCG,VCI,VGC,VHC,VHM,VIB,VIC,VJC,VND,VNM,VPB,VRE,VSC",-0.1441197676240598,-0.1441197676240598,-0.02234513874416772,-0.02234513874416772,0.0,0.0,0.005,20
topk_nonoverlap_v2,A_technical,RandomForest,2022-04-08,2022-05-11,2022-04-08,5,random_topk_deterministic,5,"ABB,BVB,DGW,GAS,HCM",-0.21063023959357138,-0.2146302395935714,-0.08885561071367928,-0.09285561071367929,0.7999999999999999,0.004,0.005,20
topk_nonoverlap_v2,A_technical,RandomForest,2022-04-08,2022-05-11,2022-04-08,10,model_topk,10,"ACB,BMP,CTG,HDB,MSB,NAB,SHB,TCB,VIB,VPB",-0.15330005936995578,-0.15630005936995578,-0.0315254304900637,-0.0345254304900637,0.6,0.003,0.005,20
topk_nonoverlap_v2,A_technical,RandomForest,2022-04-08,2022-05-11,2022-04-08,10,equal_weight_universe,80,"ABB,ACB,ANV,BAB,BCM,BID,BMP,BSI,BVB,BVH,CMG,CSV,CTG,DCM,DGW,DIG,DPM,DXG,EIB,ELC,EVF,FPT,FRT,GAS,GEX,GMD,GVR,HAH,HCM,HDB,HDG,HPG,HSG,KDH,KLB,LPB,MBB,MBS,MCH,MSB,MSN,MWG,NAB,NKG,NLG,NT2,NVL,OCB,PDR,PGB,PHR,PLX,PNJ,POW,PPC,PVT,REE,SAB,SCR,SHB,SSB,SSI,STB,TCB,TPB,VBB,VCB,VCG,VCI,VGC,VHC,VHM,VIB,VIC,VJC,VND,VNM,VPB,VRE,VSC",-0.1441197676240598,-0.1441197676240598,-0.02234513874416772,-0.02234513874416772,0.0,0.0,0.005,20
topk_nonoverlap_v2,A_technical,RandomForest,2022-04-08,2022-05-11,2022-04-08,10,random_topk_deterministic,10,"DGW,DXG,ELC,FPT,HAH,MSB,PNJ,PVT,SCR,SSB",-0.12014260041722388,-0.12464260041722389,0.0016320284626681828,-0.0028679715373318183,0.9000000000000002,0.004500000000000001,0.005,20
topk_nonoverlap_v2,A_technical,RandomForest,2022-05-11,2022-06-08,2022-05-11,5,model_topk,5,"ACB,CTG,HDB,MSB,SHB",0.01581790742687992,0.01581790742687992,0.010915984305630223,0.010915984305630223,0.0,0.0,0.005,20
topk_nonoverlap_v2,A_technical,RandomForest,2022-05-11,2022-06-08,2022-05-11,5,equal_weight_universe,80,"ABB,ACB,ANV,BAB,BCM,BID,BMP,BSI,BVB,BVH,CMG,CSV,CTG,DCM,DGW,DIG,DPM,DXG,EIB,ELC,EVF,FPT,FRT,GAS,GEX,GMD,GVR,HAH,HCM,HDB,HDG,HPG,HSG,KDH,KLB,LPB,MBB,MBS,MCH,MSB,MSN,MWG,NAB,NKG,NLG,NT2,NVL,OCB,PDR,PGB,PHR,PLX,PNJ,POW,PPC,PVT,REE,SAB,SCR,SHB,SSB,SSI,STB,TCB,TPB,VBB,VCB,VCG,VCI,VGC,VHC,VHM,VIB,VIC,VJC,VND,VNM,VPB,VRE,VSC",0.026866112399613385,0.026866112399613385,0.02196418927836368,0.02196418927836368,0.0,0.0,0.005,20
topk_nonoverlap_v2,A_technical,RandomForest,2022-05-11,2022-06-08,2022-05-11,5,random_topk_deterministic,5,"ABB,MCH,MSB,SAB,SHB",-0.02481062115189964,-0.02881062115189964,-0.029712544273149344,-0.03371254427314935,0.7999999999999999,0.004,0.005,20
topk_nonoverlap_v2,A_technical,RandomForest,2022-05-11,2022-06-08,2022-05-11,10,model_topk,10,"ACB,BMP,CTG,HDB,MSB,NAB,SHB,TCB,VIB,VPB",-0.00989785935078127,-0.00989785935078127,-0.014799782472030967,-0.014799782472030967,0.0,0.0,0.005,20
topk_nonoverlap_v2,A_technical,RandomForest,2022-05-11,2022-06-08,2022-05-11,10,equal_weight_universe,80,"ABB,ACB,ANV,BAB,BCM,BID,BMP,BSI,BVB,BVH,CMG,CSV,CTG,DCM,DGW,DIG,DPM,DXG,EIB,ELC,EVF,FPT,FRT,GAS,GEX,GMD,GVR,HAH,HCM,HDB,HDG,HPG,HSG,KDH,KLB,LPB,MBB,MBS,MCH,MSB,MSN,MWG,NAB,NKG,NLG,NT2,NVL,OCB,PDR,PGB,PHR,PLX,PNJ,POW,PPC,PVT,REE,SAB,SCR,SHB,SSB,SSI,STB,TCB,TPB,VBB,VCB,VCG,VCI,VGC,VHC,VHM,VIB,VIC,VJC,VND,VNM,VPB,VRE,VSC",0.026866112399613385,0.026866112399613385,0.02196418927836368,0.02196418927836368,0.0,0.0,0.005,20
topk_nonoverlap_v2,A_technical,RandomForest,2022-05-11,2022-06-08,2022-05-11,10,random_topk_deterministic,10,"ANV,BVH,DGW,EIB,GAS,HDG,HPG,PDR,SHB,VCB",0.03422105660158954,0.02972105660158954,0.029319133480339838,0.024819133480339838,0.9000000000000002,0.004500000000000001,0.005,20
topk_nonoverlap_v2,A_technical,RandomForest,2022-06-08,2022-07-06,2022-06-08,5,model_topk,5,"ACB,CTG,HDB,MSB,SHB",-0.08967492736183368,-0.08967492736183368,0.03135786541442772,0.03135786541442772,0.0,0.0,0.005,20
topk_nonoverlap_v2,A_technical,RandomForest,2022-06-08,2022-07-06,2022-06-08,5,equal_weight_universe,80,"ABB,ACB,ANV,BAB,BCM,BID,BMP,BSI,BVB,BVH,CMG,CSV,CTG,DCM,DGW,DIG,DPM,DXG,EIB,ELC,EVF,FPT,FRT,GAS,GEX,GMD,GVR,HAH,HCM,HDB,HDG,HPG,HSG,KDH,KLB,LPB,MBB,MBS,MCH,MSB,MSN,MWG,NAB,NKG,NLG,NT2,NVL,OCB,PDR,PGB,PHR,PLX,PNJ,POW,PPC,PVT,REE,SAB,SCR,SHB,SSB,SSI,STB,TCB,TPB,VBB,VCB,VCG,VCI,VGC,VHC,VHM,VIB,VIC,VJC,VND,VNM,VPB,VRE,VSC",-0.14370080722554357,-0.14370080722554357,-0.022668014449282146,-0.022668014449282146,0.0,0.0,0.005,20
topk_nonoverlap_v2,A_technical,RandomForest,2022-06-08,2022-07-06,2022-06-08,5,random_topk_deterministic,5,"GEX,HCM,PNJ,VIC,VSC",-0.1455378021215494,-0.1505378021215494,-0.02450500934528796,-0.029505009345287957,0.9999999999999999,0.004999999999999999,0.005,20
topk_nonoverlap_v2,A_technical,RandomForest,2022-06-08,2022-07-06,2022-06-08,10,model_topk,10,"ACB,BMP,CTG,HDB,MSB,NAB,SHB,TCB,VIB,VPB",-0.07899086522783856,-0.07899086522783856,0.04204192754842285,0.04204192754842285,0.0,0.0,0.005,20
topk_nonoverlap_v2,A_technical,RandomForest,2022-06-08,2022-07-06,2022-06-08,10,equal_weight_universe,80,"ABB,ACB,ANV,BAB,BCM,BID,BMP,BSI,BVB,BVH,CMG,CSV,CTG,DCM,DGW,DIG,DPM,DXG,EIB,ELC,EVF,FPT,FRT,GAS,GEX,GMD,GVR,HAH,HCM,HDB,HDG,HPG,HSG,KDH,KLB,LPB,MBB,MBS,MCH,MSB,MSN,MWG,NAB,NKG,NLG,NT2,NVL,OCB,PDR,PGB,PHR,PLX,PNJ,POW,PPC,PVT,REE,SAB,SCR,SHB,SSB,SSI,STB,TCB,TPB,VBB,VCB,VCG,VCI,VGC,VHC,VHM,VIB,VIC,VJC,VND,VNM,VPB,VRE,VSC",-0.14370080722554357,-0.14370080722554357,-0.022668014449282146,-0.022668014449282146,0.0,0.0,0.005,20
topk_nonoverlap_v2,A_technical,RandomForest,2022-06-08,2022-07-06,2022-06-08,10,random_topk_deterministic,10,"DCM,DGW,FRT,GVR,HDG,OCB,TCB,VBB,VCG,VSC",-0.2072842509531047,-0.2112842509531047,-0.08625145817684327,-0.09025145817684327,0.8000000000000002,0.004000000000000001,0.005,20
topk_nonoverlap_v2,A_technical,RandomForest,2022-07-06,2022-08-03,2022-07-06,5,model_topk,5,"ACB,BMP,MBB,SSB,VJC",0.045293200603729857,0.04129320060372986,-0.04182329977465945,-0.045823299774659446,0.7999999999999999,0.004,0.005,20
topk_nonoverlap_v2,A_technical,RandomForest,2022-07-06,2022-08-03,2022-07-06,5,equal_weight_universe,80,"ABB,ACB,ANV,BAB,BCM,BID,BMP,BSI,BVB,BVH,CMG,CSV,CTG,DCM,DGW,DIG,DPM,DXG,EIB,ELC,EVF,FPT,FRT,GAS,GEX,GMD,GVR,HAH,HCM,HDB,HDG,HPG,HSG,KDH,KLB,LPB,MBB,MBS,MCH,MSB,MSN,MWG,NAB,NKG,NLG,NT2,NVL,OCB,PDR,PGB,PHR,PLX,PNJ,POW,PPC,PVT,REE,SAB,SCR,SHB,SSB,SSI,STB,TCB,TPB,VBB,VCB,VCG,VCI,VGC,VHC,VHM,VIB,VIC,VJC,VND,VNM,VPB,VRE,VSC",0.12588210143176154,0.12588210143176154,0.03876560105337219,0.03876560105337219,0.0,0.0,0.005,20
topk_nonoverlap_v2,A_technical,RandomForest,2022-07-06,2022-08-03,2022-07-06,5,random_topk_deterministic,5,"ANV,CTG,KLB,PPC,SSI",0.07352387920966749,0.06852387920966749,-0.013592621168721859,-0.01859262116872186,0.9999999999999999,0.004999999999999999,0.005,20
topk_nonoverlap_v2,A_technical,RandomForest,2022-07-06,2022-08-03,2022-07-06,10,model_topk,10,"ABB,ACB,BAB,BMP,HDB,MBB,SAB,SSB,TPB,VJC",0.0697025740093074,0.0662025740093074,-0.017413926369081893,-0.020913926369081893,0.7000000000000001,0.0035000000000000005,0.005,20
topk_nonoverlap_v2,A_technical,RandomForest,2022-07-06,2022-08-03,2022-07-06,10,equal_weight_universe,80,"ABB,ACB,ANV,BAB,BCM,BID,BMP,BSI,BVB,BVH,CMG,CSV,CTG,DCM,DGW,DIG,DPM,DXG,EIB,ELC,EVF,FPT,FRT,GAS,GEX,GMD,GVR,HAH,HCM,HDB,HDG,HPG,HSG,KDH,KLB,LPB,MBB,MBS,MCH,MSB,MSN,MWG,NAB,NKG,NLG,NT2,NVL,OCB,PDR,PGB,PHR,PLX,PNJ,POW,PPC,PVT,REE,SAB,SCR,SHB,SSB,SSI,STB,TCB,TPB,VBB,VCB,VCG,VCI,VGC,VHC,VHM,VIB,VIC,VJC,VND,VNM,VPB,VRE,VSC",0.12588210143176154,0.12588210143176154,0.03876560105337219,0.03876560105337219,0.0,0.0,0.005,20
topk_nonoverlap_v2,A_technical,RandomForest,2022-07-06,2022-08-03,2022-07-06,10,random_topk_deterministic,10,"CSV,ELC,GEX,HDG,KDH,KLB,PGB,SSB,VGC,VND",0.16291490442162554,0.15841490442162554,0.0757984040432362,0.0712984040432362,0.9000000000000002,0.004500000000000001,0.005,20
topk_nonoverlap_v2,A_technical,RandomForest,2022-08-03,2022-08-31,2022-08-03,5,model_topk,5,"ACB,BMP,MBB,SSB,VJC",0.01071963102409804,0.01071963102409804,-0.013885093082930584,-0.013885093082930584,0.0,0.0,0.005,20
topk_nonoverlap_v2,A_technical,RandomForest,2022-08-03,2022-08-31,2022-08-03,5,equal_weight_universe,80,"ABB,ACB,ANV,BAB,BCM,BID,BMP,BSI,BVB,BVH,CMG,CSV,CTG,DCM,DGW,DIG,DPM,DXG,EIB,ELC,EVF,FPT,FRT,GAS,GEX,GMD,GVR,HAH,HCM,HDB,HDG,HPG,HSG,KDH,KLB,LPB,MBB,MBS,MCH,MSB,MSN,MWG,NAB,NKG,NLG,NT2,NVL,OCB,PDR,PGB,PHR,PLX,PNJ,POW,PPC,PVT,REE,SAB,SCR,SHB,SSB,SSI,STB,TCB,TPB,VBB,VCB,VCG,VCI,VGC,VHC,VHM,VIB,VIC,VJC,VND,VNM,VPB,VRE,VSC",0.027442932012420873,0.027442932012420873,0.0028382079053922574,0.0028382079053922574,0.0,0.0,0.005,20
topk_nonoverlap_v2,A_technical,RandomForest,2022-08-03,2022-08-31,2022-08-03,5,random_topk_deterministic,5,"LPB,PDR,PHR,PNJ,VCI",0.0220081959586162,0.017008195958616204,-0.0025965281484124207,-0.0075965281484124195,0.9999999999999999,0.004999999999999999,0.005,20
topk_nonoverlap_v2,A_technical,RandomForest,2022-08-03,2022-08-31,2022-08-03,10,model_topk,10,"ABB,ACB,BAB,BMP,HDB,MBB,SAB,SSB,TPB,VJC",0.00697147315839841,0.00697147315839841,-0.0176332509486302,-0.0176332509486302,0.0,0.0,0.005,20
topk_nonoverlap_v2,A_technical,RandomForest,2022-08-03,2022-08-31,2022-08-03,10,equal_weight_universe,80,"ABB,ACB,ANV,BAB,BCM,BID,BMP,BSI,BVB,BVH,CMG,CSV,CTG,DCM,DGW,DIG,DPM,DXG,EIB,ELC,EVF,FPT,FRT,GAS,GEX,GMD,GVR,HAH,HCM,HDB,HDG,HPG,HSG,KDH,KLB,LPB,MBB,MBS,MCH,MSB,MSN,MWG,NAB,NKG,NLG,NT2,NVL,OCB,PDR,PGB,PHR,PLX,PNJ,POW,PPC,PVT,REE,SAB,SCR,SHB,SSB,SSI,STB,TCB,TPB,VBB,VCB,VCG,VCI,VGC,VHC,VHM,VIB,VIC,VJC,VND,VNM,VPB,VRE,VSC",0.027442932012420873,0.027442932012420873,0.0028382079053922574,0.0028382079053922574,0.0,0.0,0.005,20
topk_nonoverlap_v2,A_technical,RandomForest,2022-08-03,2022-08-31,2022-08-03,10,random_topk_deterministic,10,"ACB,ELC,FPT,GMD,MCH,MSB,NAB,PLX,VNM,VSC",-0.000984183418107029,-0.00548418341810703,-0.025588907525135644,-0.030088907525135645,0.9000000000000002,0.004500000000000001,0.005,20
topk_nonoverlap_v2,A_technical,RandomForest,2022-08-31,2022-09-30,2022-08-31,5,model_topk,5,"ACB,BMP,MBB,SSB,VJC",-0.10233216970621706,-0.10233216970621706,0.013559154844157423,0.013559154844157423,0.0,0.0,0.005,20
topk_nonoverlap_v2,A_technical,RandomForest,2022-08-31,2022-09-30,2022-08-31,5,equal_weight_universe,80,"ABB,ACB,ANV,BAB,BCM,BID,BMP,BSI,BVB,BVH,CMG,CSV,CTG,DCM,DGW,DIG,DPM,DXG,EIB,ELC,EVF,FPT,FRT,GAS,GEX,GMD,GVR,HAH,HCM,HDB,HDG,HPG,HSG,KDH,KLB,LPB,MBB,MBS,MCH,MSB,MSN,MWG,NAB,NKG,NLG,NT2,NVL,OCB,PDR,PGB,PHR,PLX,PNJ,POW,PPC,PVT,REE,SAB,SCR,SHB,SSB,SSI,STB,TCB,TPB,VBB,VCB,VCG,VCI,VGC,VHC,VHM,VIB,VIC,VJC,VND,VNM,VPB,VRE,VSC",-0.12112612114703285,-0.12112612114703285,-0.005234796596658332,-0.005234796596658332,0.0,0.0,0.005,20
topk_nonoverlap_v2,A_technical,RandomForest,2022-08-31,2022-09-30,2022-08-31,5,random_topk_deterministic,5,"HDB,NVL,SHB,VHC,VSC",-0.07357014966819128,-0.07857014966819129,0.0423211748821832,0.0373211748821832,0.9999999999999999,0.004999999999999999,0.005,20
topk_nonoverlap_v2,A_technical,RandomForest,2022-08-31,2022-09-30,2022-08-31,10,model_topk,10,"ABB,ACB,BAB,BMP,HDB,MBB,SAB,SSB,TPB,VJC",-0.09120258154464596,-0.09120258154464596,0.024688743005728504,0.024688743005728504,0.0,0.0,0.005,20
topk_nonoverlap_v2,A_technical,RandomForest,2022-08-31,2022-09-30,2022-08-31,10,equal_weight_universe,80,"ABB,ACB,ANV,BAB,BCM,BID,BMP,BSI,BVB,BVH,CMG,CSV,CTG,DCM,DGW,DIG,DPM,DXG,EIB,ELC,EVF,FPT,FRT,GAS,GEX,GMD,GVR,HAH,HCM,HDB,HDG,HPG,HSG,KDH,KLB,LPB,MBB,MBS,MCH,MSB,MSN,MWG,NAB,NKG,NLG,NT2,NVL,OCB,PDR,PGB,PHR,PLX,PNJ,POW,PPC,PVT,REE,SAB,SCR,SHB,SSB,SSI,STB,TCB,TPB,VBB,VCB,VCG,VCI,VGC,VHC,VHM,VIB,VIC,VJC,VND,VNM,VPB,VRE,VSC",-0.12112612114703285,-0.12112612114703285,-0.005234796596658332,-0.005234796596658332,0.0,0.0,0.005,20
topk_nonoverlap_v2,A_technical,RandomForest,2022-08-31,2022-09-30,2022-08-31,10,random_topk_deterministic,10,"BVH,EIB,EVF,HAH,HDB,MBB,NKG,NT2,SAB,SSB",-0.0755083135301082,-0.0805083135301082,0.0403830110202663,0.035383011020266295,1.0000000000000002,0.005000000000000001,0.005,20
topk_nonoverlap_v2,A_technical,RandomForest,2022-09-30,2022-10-28,2022-09-30,5,model_topk,5,"ACB,BMP,MBB,SSB,VJC",0.0015497958067901773,0.0015497958067901773,0.09407614041994619,0.09407614041994619,0.0,0.0,0.005,20
topk_nonoverlap_v2,A_technical,RandomForest,2022-09-30,2022-10-28,2022-09-30,5,equal_weight_universe,80,"ABB,ACB,ANV,BAB,BCM,BID,BMP,BSI,BVB,BVH,CMG,CSV,CTG,DCM,DGW,DIG,DPM,DXG,EIB,ELC,EVF,FPT,FRT,GAS,GEX,GMD,GVR,HAH,HCM,HDB,HDG,HPG,HSG,KDH,KLB,LPB,MBB,MBS,MCH,MSB,MSN,MWG,NAB,NKG,NLG,NT2,NVL,OCB,PDR,PGB,PHR,PLX,PNJ,POW,PPC,PVT,REE,SAB,SCR,SHB,SSB,SSI,STB,TCB,TPB,VBB,VCB,VCG,VCI,VGC,VHC,VHM,VIB,VIC,VJC,VND,VNM,VPB,VRE,VSC",-0.1269024482280874,-0.1269024482280874,-0.034376103614931416,-0.034376103614931416,0.0,0.0,0.005,20
topk_nonoverlap_v2,A_technical,RandomForest,2022-09-30,2022-10-28,2022-09-30,5,random_topk_deterministic,5,"HDB,HSG,MSB,NT2,REE",-0.07284247605394087,-0.07684247605394087,0.0196838685592151,0.0156838685592151,0.7999999999999999,0.004,0.005,20
topk_nonoverlap_v2,A_technical,RandomForest,2022-09-30,2022-10-28,2022-09-30,10,model_topk,10,"ABB,ACB,BAB,BMP,HDB,MBB,SAB,SSB,TPB,VJC",-0.0562806553488527,-0.0562806553488527,0.0362456892643033,0.0362456892643033,0.0,0.0,0.005,20
topk_nonoverlap_v2,A_technical,RandomForest,2022-09-30,2022-10-28,2022-09-30,10,equal_weight_universe,80,"ABB,ACB,ANV,BAB,BCM,BID,BMP,BSI,BVB,BVH,CMG,CSV,CTG,DCM,DGW,DIG,DPM,DXG,EIB,ELC,EVF,FPT,FRT,GAS,GEX,GMD,GVR,HAH,HCM,HDB,HDG,HPG,HSG,KDH,KLB,LPB,MBB,MBS,MCH,MSB,MSN,MWG,NAB,NKG,NLG,NT2,NVL,OCB,PDR,PGB,PHR,PLX,PNJ,POW,PPC,PVT,REE,SAB,SCR,SHB,SSB,SSI,STB,TCB,TPB,VBB,VCB,VCG,VCI,VGC,VHC,VHM,VIB,VIC,VJC,VND,VNM,VPB,VRE,VSC",-0.1269024482280874,-0.1269024482280874,-0.034376103614931416,-0.034376103614931416,0.0,0.0,0.005,20
topk_nonoverlap_v2,A_technical,RandomForest,2022-09-30,2022-10-28,2022-09-30,10,random_topk_deterministic,10,"BSI,FPT,HAH,HDB,HSG,NKG,PDR,PHR,SSB,VCG",-0.1818975827935288,-0.1848975827935288,-0.08937123818037276,-0.09237123818037277,0.6,0.003,0.005,20
topk_nonoverlap_v2,A_technical,RandomForest,2022-10-28,2022-11-25,2022-10-28,5,model_topk,5,"EIB,MBB,POW,SHB,VRE",-0.0837991218224523,-0.08779912182245231,-0.02938781517239795,-0.03338781517239795,0.7999999999999999,0.004,0.005,20
topk_nonoverlap_v2,A_technical,RandomForest,2022-10-28,2022-11-25,2022-10-28,5,equal_weight_universe,80,"ABB,ACB,ANV,BAB,BCM,BID,BMP,BSI,BVB,BVH,CMG,CSV,CTG,DCM,DGW,DIG,DPM,DXG,EIB,ELC,EVF,FPT,FRT,GAS,GEX,GMD,GVR,HAH,HCM,HDB,HDG,HPG,HSG,KDH,KLB,LPB,MBB,MBS,MCH,MSB,MSN,MWG,NAB,NKG,NLG,NT2,NVL,OCB,PDR,PGB,PHR,PLX,PNJ,POW,PPC,PVT,REE,SAB,SCR,SHB,SSB,SSI,STB,TCB,TPB,VBB,VCB,VCG,VCI,VGC,VHC,VHM,VIB,VIC,VJC,VND,VNM,VPB,VRE,VSC",-0.08837193253163753,-0.08837193253163753,-0.03396062588158323,-0.03396062588158323,0.0,0.0,0.005,20
topk_nonoverlap_v2,A_technical,RandomForest,2022-10-28,2022-11-25,2022-10-28,5,random_topk_deterministic,5,"BMP,HPG,POW,SSB,VGC",-0.0829419504828188,-0.0879419504828188,-0.028530643832764463,-0.03353064383276446,0.9999999999999999,0.004999999999999999,0.005,20
topk_nonoverlap_v2,A_technical,RandomForest,2022-10-28,2022-11-25,2022-10-28,10,model_topk,10,"EIB,GAS,GMD,HDB,MBB,POW,PVT,SHB,TPB,VRE",-0.051752141231804896,-0.0552521412318049,0.0026591654182494045,-0.000840834581750596,0.7000000000000001,0.0035000000000000005,0.005,20
topk_nonoverlap_v2,A_technical,RandomForest,2022-10-28,2022-11-25,2022-10-28,10,equal_weight_universe,80,"ABB,ACB,ANV,BAB,BCM,BID,BMP,BSI,BVB,BVH,CMG,CSV,CTG,DCM,DGW,DIG,DPM,DXG,EIB,ELC,EVF,FPT,FRT,GAS,GEX,GMD,GVR,HAH,HCM,HDB,HDG,HPG,HSG,KDH,KLB,LPB,MBB,MBS,MCH,MSB,MSN,MWG,NAB,NKG,NLG,NT2,NVL,OCB,PDR,PGB,PHR,PLX,PNJ,POW,PPC,PVT,REE,SAB,SCR,SHB,SSB,SSI,STB,TCB,TPB,VBB,VCB,VCG,VCI,VGC,VHC,VHM,VIB,VIC,VJC,VND,VNM,VPB,VRE,VSC",-0.08837193253163753,-0.08837193253163753,-0.03396062588158323,-0.03396062588158323,0.0,0.0,0.005,20
topk_nonoverlap_v2,A_technical,RandomForest,2022-10-28,2022-11-25,2022-10-28,10,random_topk_deterministic,10,"ACB,BSI,GMD,MBB,MBS,NT2,PPC,SAB,SSI,VHM",-0.04285339334832276,-0.04735339334832277,0.011557913301731535,0.007057913301731534,0.9000000000000002,0.004500000000000001,0.005,20
topk_nonoverlap_v2,A_technical,RandomForest,2022-11-25,2022-12-23,2022-11-25,5,model_topk,5,"EIB,MBB,POW,SHB,VRE",0.1230020229320457,0.1230020229320457,0.07268600374443127,0.07268600374443127,0.0,0.0,0.005,20
topk_nonoverlap_v2,A_technical,RandomForest,2022-11-25,2022-12-23,2022-11-25,5,equal_weight_universe,80,"ABB,ACB,ANV,BAB,BCM,BID,BMP,BSI,BVB,BVH,CMG,CSV,CTG,DCM,DGW,DIG,DPM,DXG,EIB,ELC,EVF,FPT,FRT,GAS,GEX,GMD,GVR,HAH,HCM,HDB,HDG,HPG,HSG,KDH,KLB,LPB,MBB,MBS,MCH,MSB,MSN,MWG,NAB,NKG,NLG,NT2,NVL,OCB,PDR,PGB,PHR,PLX,PNJ,POW,PPC,PVT,REE,SAB,SCR,SHB,SSB,SSI,STB,TCB,TPB,VBB,VCB,VCG,VCI,VGC,VHC,VHM,VIB,VIC,VJC,VND,VNM,VPB,VRE,VSC",0.0917815081415152,0.0917815081415152,0.0414654889539008,0.0414654889539008,0.0,0.0,0.005,20
topk_nonoverlap_v2,A_technical,RandomForest,2022-11-25,2022-12-23,2022-11-25,5,random_topk_deterministic,5,"ABB,HDB,HDG,PGB,SSI",0.08264956516023898,0.07764956516023898,0.032333545972624576,0.02733354597262458,0.9999999999999999,0.004999999999999999,0.005,20
topk_nonoverlap_v2,A_technical,RandomForest,2022-11-25,2022-12-23,2022-11-25,10,model_topk,10,"EIB,GAS,GMD,HDB,MBB,POW,PVT,SHB,TPB,VRE",0.09800511768657197,0.09800511768657197,0.04768909849895756,0.04768909849895756,0.0,0.0,0.005,20
topk_nonoverlap_v2,A_technical,RandomForest,2022-11-25,2022-12-23,2022-11-25,10,equal_weight_universe,80,"ABB,ACB,ANV,BAB,BCM,BID,BMP,BSI,BVB,BVH,CMG,CSV,CTG,DCM,DGW,DIG,DPM,DXG,EIB,ELC,EVF,FPT,FRT,GAS,GEX,GMD,GVR,HAH,HCM,HDB,HDG,HPG,HSG,KDH,KLB,LPB,MBB,MBS,MCH,MSB,MSN,MWG,NAB,NKG,NLG,NT2,NVL,OCB,PDR,PGB,PHR,PLX,PNJ,POW,PPC,PVT,REE,SAB,SCR,SHB,SSB,SSI,STB,TCB,TPB,VBB,VCB,VCG,VCI,VGC,VHC,VHM,VIB,VIC,VJC,VND,VNM,VPB,VRE,VSC",0.0917815081415152,0.0917815081415152,0.0414654889539008,0.0414654889539008,0.0,0.0,0.005,20
topk_nonoverlap_v2,A_technical,RandomForest,2022-11-25,2022-12-23,2022-11-25,10,random_topk_deterministic,10,"BCM,DGW,DXG,ELC,GEX,MBS,MCH,VCI,VGC,VSC",0.1007167503630015,0.0962167503630015,0.050400731175387105,0.0459007311753871,0.9000000000000002,0.004500000000000001,0.005,20
topk_nonoverlap_v2,A_technical,RandomForest,2022-12-23,2023-01-30,2022-12-23,5,model_topk,5,"EIB,MBB,POW,SHB,VRE",0.07112615538195037,0.07112615538195037,-0.009464628082384977,-0.009464628082384977,0.0,0.0,0.005,20
topk_nonoverlap_v2,A_technical,RandomForest,2022-12-23,2023-01-30,2022-12-23,5,equal_weight_universe,80,"ABB,ACB,ANV,BAB,BCM,BID,BMP,BSI,BVB,BVH,CMG,CSV,CTG,DCM,DGW,DIG,DPM,DXG,EIB,ELC,EVF,FPT,FRT,GAS,GEX,GMD,GVR,HAH,HCM,HDB,HDG,HPG,HSG,KDH,KLB,LPB,MBB,MBS,MCH,MSB,MSN,MWG,NAB,NKG,NLG,NT2,NVL,OCB,PDR,PGB,PHR,PLX,PNJ,POW,PPC,PVT,REE,SAB,SCR,SHB,SSB,SSI,STB,TCB,TPB,VBB,VCB,VCG,VCI,VGC,VHC,VHM,VIB,VIC,VJC,VND,VNM,VPB,VRE,VSC",0.09285616386073754,0.09285616386073754,0.012265380396402218,0.012265380396402218,0.0,0.0,0.005,20
topk_nonoverlap_v2,A_technical,RandomForest,2022-12-23,2023-01-30,2022-12-23,5,random_topk_deterministic,5,"CMG,EIB,HPG,MCH,STB",0.06035209071849902,0.055352090718499024,-0.02023869274583632,-0.025238692745836316,0.9999999999999999,0.004999999999999999,0.005,20
topk_nonoverlap_v2,A_technical,RandomForest,2022-12-23,2023-01-30,2022-12-23,10,model_topk,10,"EIB,GAS,GMD,HDB,MBB,POW,PVT,SHB,TPB,VRE",0.06599270205868436,0.06599270205868436,-0.014598081405650979,-0.014598081405650979,0.0,0.0,0.005,20
topk_nonoverlap_v2,A_technical,RandomForest,2022-12-23,2023-01-30,2022-12-23,10,equal_weight_universe,80,"ABB,ACB,ANV,BAB,BCM,BID,BMP,BSI,BVB,BVH,CMG,CSV,CTG,DCM,DGW,DIG,DPM,DXG,EIB,ELC,EVF,FPT,FRT,GAS,GEX,GMD,GVR,HAH,HCM,HDB,HDG,HPG,HSG,KDH,KLB,LPB,MBB,MBS,MCH,MSB,MSN,MWG,NAB,NKG,NLG,NT2,NVL,OCB,PDR,PGB,PHR,PLX,PNJ,POW,PPC,PVT,REE,SAB,SCR,SHB,SSB,SSI,STB,TCB,TPB,VBB,VCB,VCG,VCI,VGC,VHC,VHM,VIB,VIC,VJC,VND,VNM,VPB,VRE,VSC",0.09285616386073754,0.09285616386073754,0.012265380396402218,0.012265380396402218,0.0,0.0,0.005,20
topk_nonoverlap_v2,A_technical,RandomForest,2022-12-23,2023-01-30,2022-12-23,10,random_topk_deterministic,10,"BAB,BVH,CMG,CTG,HAH,HSG,NAB,NT2,PVT,VIB",0.10504161374418082,0.10004161374418082,0.024450830279845487,0.019450830279845486,1.0000000000000002,0.005000000000000001,0.005,20
topk_nonoverlap_v2,A_technical,RandomForest,2023-01-30,2023-02-27,2023-01-30,5,model_topk,5,"BCM,EVF,HDB,OCB,SSB",-0.0731699035354456,-0.0781699035354456,0.0005850507985195392,-0.00441494920148046,0.9999999999999999,0.004999999999999999,0.005,20
topk_nonoverlap_v2,A_technical,RandomForest,2023-01-30,2023-02-27,2023-01-30,5,equal_weight_universe,80,"ABB,ACB,ANV,BAB,BCM,BID,BMP,BSI,BVB,BVH,CMG,CSV,CTG,DCM,DGW,DIG,DPM,DXG,EIB,ELC,EVF,FPT,FRT,GAS,GEX,GMD,GVR,HAH,HCM,HDB,HDG,HPG,HSG,KDH,KLB,LPB,MBB,MBS,MCH,MSB,MSN,MWG,NAB,NKG,NLG,NT2,NVL,OCB,PDR,PGB,PHR,PLX,PNJ,POW,PPC,PVT,REE,SAB,SCR,SHB,SSB,SSI,STB,TCB,TPB,VBB,VCB,VCG,VCI,VGC,VHC,VHM,VIB,VIC,VJC,VND,VNM,VPB,VRE,VSC",-0.088278629565926,-0.088278629565926,-0.014523675231960848,-0.014523675231960848,0.0,0.0,0.005,20
topk_nonoverlap_v2,A_technical,RandomForest,2023-01-30,2023-02-27,2023-01-30,5,random_topk_deterministic,5,"CMG,FPT,LPB,MBB,MSB",-0.07472041321971983,-0.07872041321971983,-0.0009654588857547011,-0.004965458885754701,0.7999999999999999,0.004,0.005,20
topk_nonoverlap_v2,A_technical,RandomForest,2023-01-30,2023-02-27,2023-01-30,10,model_topk,10,"BCM,EVF,HDB,OCB,PDR,POW,PPC,SSB,VCG,VND",-0.08767624815682175,-0.09167624815682175,-0.013921293822856567,-0.01792129382285657,0.8000000000000002,0.004000000000000001,0.005,20
topk_nonoverlap_v2,A_technical,RandomForest,2023-01-30,2023-02-27,2023-01-30,10,equal_weight_universe,80,"ABB,ACB,ANV,BAB,BCM,BID,BMP,BSI,BVB,BVH,CMG,CSV,CTG,DCM,DGW,DIG,DPM,DXG,EIB,ELC,EVF,FPT,FRT,GAS,GEX,GMD,GVR,HAH,HCM,HDB,HDG,HPG,HSG,KDH,KLB,LPB,MBB,MBS,MCH,MSB,MSN,MWG,NAB,NKG,NLG,NT2,NVL,OCB,PDR,PGB,PHR,PLX,PNJ,POW,PPC,PVT,REE,SAB,SCR,SHB,SSB,SSI,STB,TCB,TPB,VBB,VCB,VCG,VCI,VGC,VHC,VHM,VIB,VIC,VJC,VND,VNM,VPB,VRE,VSC",-0.088278629565926,-0.088278629565926,-0.014523675231960848,-0.014523675231960848,0.0,0.0,0.005,20
topk_nonoverlap_v2,A_technical,RandomForest,2023-01-30,2023-02-27,2023-01-30,10,random_topk_deterministic,10,"BCM,FPT,FRT,GMD,HCM,MWG,PPC,REE,TPB,VCI",-0.055442249922618,-0.060442249922618,0.018312704411347098,0.013312704411347097,1.0000000000000002,0.005000000000000001,0.005,20
topk_nonoverlap_v2,A_technical,RandomForest,2023-02-27,2023-03-27,2023-02-27,5,model_topk,5,"BCM,EVF,HDB,OCB,SSB",-0.005603815403306421,-0.005603815403306421,-0.03595877256364916,-0.03595877256364916,0.0,0.0,0.005,20
topk_nonoverlap_v2,A_technical,RandomForest,2023-02-27,2023-03-27,2023-02-27,5,equal_weight_universe,80,"ABB,ACB,ANV,BAB,BCM,BID,BMP,BSI,BVB,BVH,CMG,CSV,CTG,DCM,DGW,DIG,DPM,DXG,EIB,ELC,EVF,FPT,FRT,GAS,GEX,GMD,GVR,HAH,HCM,HDB,HDG,HPG,HSG,KDH,KLB,LPB,MBB,MBS,MCH,MSB,MSN,MWG,NAB,NKG,NLG,NT2,NVL,OCB,PDR,PGB,PHR,PLX,PNJ,POW,PPC,PVT,REE,SAB,SCR,SHB,SSB,SSI,STB,TCB,TPB,VBB,VCB,VCG,VCI,VGC,VHC,VHM,VIB,VIC,VJC,VND,VNM,VPB,VRE,VSC",0.04244534827522724,0.04244534827522724,0.012090391114884507,0.012090391114884507,0.0,0.0,0.005,20
topk_nonoverlap_v2,A_technical,RandomForest,2023-02-27,2023-03-27,2023-02-27,5,random_topk_deterministic,5,"HCM,KLB,POW,TCB,VSC",0.03399759263204038,0.02899759263204038,0.0036426354716976375,-0.0013573645283023617,0.9999999999999999,0.004999999999999999,0.005,20
topk_nonoverlap_v2,A_technical,RandomForest,2023-02-27,2023-03-27,2023-02-27,10,model_topk,10,"BCM,EVF,HDB,OCB,PDR,POW,PPC,SSB,VCG,VND",0.05150162813290519,0.05150162813290519,0.021146670972562422,0.021146670972562422,0.0,0.0,0.005,20
topk_nonoverlap_v2,A_technical,RandomForest,2023-02-27,2023-03-27,2023-02-27,10,equal_weight_universe,80,"ABB,ACB,ANV,BAB,BCM,BID,BMP,BSI,BVB,BVH,CMG,CSV,CTG,DCM,DGW,DIG,DPM,DXG,EIB,ELC,EVF,FPT,FRT,GAS,GEX,GMD,GVR,HAH,HCM,HDB,HDG,HPG,HSG,KDH,KLB,LPB,MBB,MBS,MCH,MSB,MSN,MWG,NAB,NKG,NLG,NT2,NVL,OCB,PDR,PGB,PHR,PLX,PNJ,POW,PPC,PVT,REE,SAB,SCR,SHB,SSB,SSI,STB,TCB,TPB,VBB,VCB,VCG,VCI,VGC,VHC,VHM,VIB,VIC,VJC,VND,VNM,VPB,VRE,VSC",0.04244534827522724,0.04244534827522724,0.012090391114884507,0.012090391114884507,0.0,0.0,0.005,20
topk_nonoverlap_v2,A_technical,RandomForest,2023-02-27,2023-03-27,2023-02-27,10,random_topk_deterministic,10,"DIG,HCM,OCB,POW,SSB,VCG,VCI,VGC,VJC,VSC",0.055518541506956676,0.05151854150695667,0.02516358434661392,0.02116358434661392,0.8000000000000002,0.004000000000000001,0.005,20
topk_nonoverlap_v2,A_technical,RandomForest,2023-03-27,2023-04-24,2023-03-27,5,model_topk,5,"BCM,EVF,HDB,OCB,SSB",0.009409384167972618,0.009409384167972618,0.01975863577167912,0.01975863577167912,0.0,0.0,0.005,20
topk_nonoverlap_v2,A_technical,RandomForest,2023-03-27,2023-04-24,2023-03-27,5,equal_weight_universe,80,"ABB,ACB,ANV,BAB,BCM,BID,BMP,BSI,BVB,BVH,CMG,CSV,CTG,DCM,DGW,DIG,DPM,DXG,EIB,ELC,EVF,FPT,FRT,GAS,GEX,GMD,GVR,HAH,HCM,HDB,HDG,HPG,HSG,KDH,KLB,LPB,MBB,MBS,MCH,MSB,MSN,MWG,NAB,NKG,NLG,NT2,NVL,OCB,PDR,PGB,PHR,PLX,PNJ,POW,PPC,PVT,REE,SAB,SCR,SHB,SSB,SSI,STB,TCB,TPB,VBB,VCB,VCG,VCI,VGC,VHC,VHM,VIB,VIC,VJC,VND,VNM,VPB,VRE,VSC",0.030233523356027046,0.030233523356027046,0.04058277495973352,0.04058277495973352,0.0,0.0,0.005,20
topk_nonoverlap_v2,A_technical,RandomForest,2023-03-27,2023-04-24,2023-03-27,5,random_topk_deterministic,5,"DXG,ELC,GAS,HDG,VNM",0.006637468816920243,0.0016374688169202437,0.016986720420626714,0.011986720420626715,0.9999999999999999,0.004999999999999999,0.005,20
topk_nonoverlap_v2,A_technical,RandomForest,2023-03-27,2023-04-24,2023-03-27,10,model_topk,10,"BCM,EVF,HDB,OCB,PDR,POW,PPC,SSB,VCG,VND",0.001983267908096499,0.001983267908096499,0.01233251951180299,0.01233251951180299,0.0,0.0,0.005,20
topk_nonoverlap_v2,A_technical,RandomForest,2023-03-27,2023-04-24,2023-03-27,10,equal_weight_universe,80,"ABB,ACB,ANV,BAB,BCM,BID,BMP,BSI,BVB,BVH,CMG,CSV,CTG,DCM,DGW,DIG,DPM,DXG,EIB,ELC,EVF,FPT,FRT,GAS,GEX,GMD,GVR,HAH,HCM,HDB,HDG,HPG,HSG,KDH,KLB,LPB,MBB,MBS,MCH,MSB,MSN,MWG,NAB,NKG,NLG,NT2,NVL,OCB,PDR,PGB,PHR,PLX,PNJ,POW,PPC,PVT,REE,SAB,SCR,SHB,SSB,SSI,STB,TCB,TPB,VBB,VCB,VCG,VCI,VGC,VHC,VHM,VIB,VIC,VJC,VND,VNM,VPB,VRE,VSC",0.030233523356027046,0.030233523356027046,0.04058277495973352,0.04058277495973352,0.0,0.0,0.005,20
topk_nonoverlap_v2,A_technical,RandomForest,2023-03-27,2023-04-24,2023-03-27,10,random_topk_deterministic,10,"ACB,CSV,DXG,GMD,KDH,MBS,OCB,PPC,VGC,VJC",0.046487497043332784,0.04298749704333278,0.05683674864703927,0.053336748647039266,0.7000000000000001,0.0035000000000000005,0.005,20
topk_nonoverlap_v2,A_technical,RandomForest,2023-04-24,2023-05-25,2023-04-24,5,model_topk,5,"MBB,MSB,SHB,TCB,TPB",0.018328655243772154,0.013328655243772155,-0.004017123353447,-0.009017123353447,0.9999999999999999,0.004999999999999999,0.005,20
topk_nonoverlap_v2,A_technical,RandomForest,2023-04-24,2023-05-25,2023-04-24,5,equal_weight_universe,80,"ABB,ACB,ANV,BAB,BCM,BID,BMP,BSI,BVB,BVH,CMG,CSV,CTG,DCM,DGW,DIG,DPM,DXG,EIB,ELC,EVF,FPT,FRT,GAS,GEX,GMD,GVR,HAH,HCM,HDB,HDG,HPG,HSG,KDH,KLB,LPB,MBB,MBS,MCH,MSB,MSN,MWG,NAB,NKG,NLG,NT2,NVL,OCB,PDR,PGB,PHR,PLX,PNJ,POW,PPC,PVT,REE,SAB,SCR,SHB,SSB,SSI,STB,TCB,TPB,VBB,VCB,VCG,VCI,VGC,VHC,VHM,VIB,VIC,VJC,VND,VNM,VPB,VRE,VSC",0.028488844044077238,0.028488844044077238,0.006143065446858049,0.006143065446858049,0.0,0.0,0.005,20
topk_nonoverlap_v2,A_technical,RandomForest,2023-04-24,2023-05-25,2023-04-24,5,random_topk_deterministic,5,"ACB,PGB,PHR,VGC,VPB",0.03100985297351517,0.02600985297351517,0.008664074376295959,0.0036640743762959595,0.9999999999999999,0.004999999999999999,0.005,20
topk_nonoverlap_v2,A_technical,RandomForest,2023-04-24,2023-05-25,2023-04-24,10,model_topk,10,"ACB,GEX,GMD,LPB,MBB,MSB,SHB,TCB,TPB,VSC",0.02824341914549473,0.02324341914549473,0.005897640548275537,0.000897640548275536,1.0000000000000002,0.005000000000000001,0.005,20
topk_nonoverlap_v2,A_technical,RandomForest,2023-04-24,2023-05-25,2023-04-24,10,equal_weight_universe,80,"ABB,ACB,ANV,BAB,BCM,BID,BMP,BSI,BVB,BVH,CMG,CSV,CTG,DCM,DGW,DIG,DPM,DXG,EIB,ELC,EVF,FPT,FRT,GAS,GEX,GMD,GVR,HAH,HCM,HDB,HDG,HPG,HSG,KDH,KLB,LPB,MBB,MBS,MCH,MSB,MSN,MWG,NAB,NKG,NLG,NT2,NVL,OCB,PDR,PGB,PHR,PLX,PNJ,POW,PPC,PVT,REE,SAB,SCR,SHB,SSB,SSI,STB,TCB,TPB,VBB,VCB,VCG,VCI,VGC,VHC,VHM,VIB,VIC,VJC,VND,VNM,VPB,VRE,VSC",0.028488844044077238,0.028488844044077238,0.006143065446858049,0.006143065446858049,0.0,0.0,0.005,20
topk_nonoverlap_v2,A_technical,RandomForest,2023-04-24,2023-05-25,2023-04-24,10,random_topk_deterministic,10,"ANV,DXG,EVF,HDB,LPB,MSB,PVT,SHB,SSI,VHC",0.0362584604830032,0.031758460483003195,0.013912681885784001,0.009412681885784,0.9000000000000002,0.004500000000000001,0.005,20
topk_nonoverlap_v2,A_technical,RandomForest,2023-05-25,2023-06-22,2023-05-25,5,model_topk,5,"MBB,MSB,SHB,TCB,TPB",0.09328193965273349,0.09328193965273349,0.03629500522481024,0.03629500522481024,0.0,0.0,0.005,20
topk_nonoverlap_v2,A_technical,RandomForest,2023-05-25,2023-06-22,2023-05-25,5,equal_weight_universe,80,"ABB,ACB,ANV,BAB,BCM,BID,BMP,BSI,BVB,BVH,CMG,CSV,CTG,DCM,DGW,DIG,DPM,DXG,EIB,ELC,EVF,FPT,FRT,GAS,GEX,GMD,GVR,HAH,HCM,HDB,HDG,HPG,HSG,KDH,KLB,LPB,MBB,MBS,MCH,MSB,MSN,MWG,NAB,NKG,NLG,NT2,NVL,OCB,PDR,PGB,PHR,PLX,PNJ,POW,PPC,PVT,REE,SAB,SCR,SHB,SSB,SSI,STB,TCB,TPB,VBB,VCB,VCG,VCI,VGC,VHC,VHM,VIB,VIC,VJC,VND,VNM,VPB,VRE,VSC",0.09564780574348064,0.09564780574348064,0.03866087131555743,0.03866087131555743,0.0,0.0,0.005,20
topk_nonoverlap_v2,A_technical,RandomForest,2023-05-25,2023-06-22,2023-05-25,5,random_topk_deterministic,5,"ABB,BAB,GVR,SAB,TCB",0.07656350358823594,0.07156350358823593,0.019576569160312716,0.014576569160312717,0.9999999999999999,0.004999999999999999,0.005,20
topk_nonoverlap_v2,A_technical,RandomForest,2023-05-25,2023-06-22,2023-05-25,10,model_topk,10,"ACB,GEX,GMD,LPB,MBB,MSB,SHB,TCB,TPB,VSC",0.12287479766611156,0.12287479766611156,0.06588786323818835,0.06588786323818835,0.0,0.0,0.005,20
topk_nonoverlap_v2,A_technical,RandomForest,2023-05-25,2023-06-22,2023-05-25,10,equal_weight_universe,80,"ABB,ACB,ANV,BAB,BCM,BID,BMP,BSI,BVB,BVH,CMG,CSV,CTG,DCM,DGW,DIG,DPM,DXG,EIB,ELC,EVF,FPT,FRT,GAS,GEX,GMD,GVR,HAH,HCM,HDB,HDG,HPG,HSG,KDH,KLB,LPB,MBB,MBS,MCH,MSB,MSN,MWG,NAB,NKG,NLG,NT2,NVL,OCB,PDR,PGB,PHR,PLX,PNJ,POW,PPC,PVT,REE,SAB,SCR,SHB,SSB,SSI,STB,TCB,TPB,VBB,VCB,VCG,VCI,VGC,VHC,VHM,VIB,VIC,VJC,VND,VNM,VPB,VRE,VSC",0.09564780574348064,0.09564780574348064,0.03866087131555743,0.03866087131555743,0.0,0.0,0.005,20
topk_nonoverlap_v2,A_technical,RandomForest,2023-05-25,2023-06-22,2023-05-25,10,random_topk_deterministic,10,"ABB,ANV,BID,KLB,LPB,NAB,NVL,PNJ,VJC,VNM",0.08561757423246644,0.08161757423246643,0.02863063980454324,0.02463063980454324,0.8000000000000002,0.004000000000000001,0.005,20
topk_nonoverlap_v2,A_technical,RandomForest,2023-06-22,2023-07-20,2023-06-22,5,model_topk,5,"MBB,MSB,SHB,TCB,TPB",0.04174124359881256,0.04174124359881256,-0.00047860888496942114,-0.00047860888496942114,0.0,0.0,0.005,20
topk_nonoverlap_v2,A_technical,RandomForest,2023-06-22,2023-07-20,2023-06-22,5,equal_weight_universe,80,"ABB,ACB,ANV,BAB,BCM,BID,BMP,BSI,BVB,BVH,CMG,CSV,CTG,DCM,DGW,DIG,DPM,DXG,EIB,ELC,EVF,FPT,FRT,GAS,GEX,GMD,GVR,HAH,HCM,HDB,HDG,HPG,HSG,KDH,KLB,LPB,MBB,MBS,MCH,MSB,MSN,MWG,NAB,NKG,NLG,NT2,NVL,OCB,PDR,PGB,PHR,PLX,PNJ,POW,PPC,PVT,REE,SAB,SCR,SHB,SSB,SSI,STB,TCB,TPB,VBB,VCB,VCG,VCI,VGC,VHC,VHM,VIB,VIC,VJC,VND,VNM,VPB,VRE,VSC",0.04908615125116789,0.04908615125116789,0.0068662987673858865,0.0068662987673858865,0.0,0.0,0.005,20
topk_nonoverlap_v2,A_technical,RandomForest,2023-06-22,2023-07-20,2023-06-22,5,random_topk_deterministic,5,"ABB,GVR,MSN,POW,TCB",0.019816148020386618,0.01781614802038662,-0.0224037044633954,-0.024403704463395397,0.4,0.002,0.005,20
topk_nonoverlap_v2,A_technical,RandomForest,2023-06-22,2023-07-20,2023-06-22,10,model_topk,10,"ACB,GEX,GMD,LPB,MBB,MSB,SHB,TCB,TPB,VSC",0.04801777094041162,0.04801777094041162,0.005797918456629631,0.005797918456629631,0.0,0.0,0.005,20
topk_nonoverlap_v2,A_technical,RandomForest,2023-06-22,2023-07-20,2023-06-22,10,equal_weight_universe,80,"ABB,ACB,ANV,BAB,BCM,BID,BMP,BSI,BVB,BVH,CMG,CSV,CTG,DCM,DGW,DIG,DPM,DXG,EIB,ELC,EVF,FPT,FRT,GAS,GEX,GMD,GVR,HAH,HCM,HDB,HDG,HPG,HSG,KDH,KLB,LPB,MBB,MBS,MCH,MSB,MSN,MWG,NAB,NKG,NLG,NT2,NVL,OCB,PDR,PGB,PHR,PLX,PNJ,POW,PPC,PVT,REE,SAB,SCR,SHB,SSB,SSI,STB,TCB,TPB,VBB,VCB,VCG,VCI,VGC,VHC,VHM,VIB,VIC,VJC,VND,VNM,VPB,VRE,VSC",0.04908615125116789,0.04908615125116789,0.0068662987673858865,0.0068662987673858865,0.0,0.0,0.005,20
topk_nonoverlap_v2,A_technical,RandomForest,2023-06-22,2023-07-20,2023-06-22,10,random_topk_deterministic,10,"BSI,CSV,ELC,NLG,NVL,POW,SAB,SSI,VCG,VND",0.03507282283234538,0.030572822832345376,-0.007147029651436631,-0.011647029651436634,0.9000000000000002,0.004500000000000001,0.005,20
topk_nonoverlap_v2,A_technical,RandomForest,2023-07-20,2023-08-17,2023-07-20,5,model_topk,5,"BID,BVH,FRT,PVT,VRE",0.003839112723332699,-0.0011608872766673004,-0.047891346600854444,-0.05289134660085444,0.9999999999999999,0.004999999999999999,0.005,20
topk_nonoverlap_v2,A_technical,RandomForest,2023-07-20,2023-08-17,2023-07-20,5,equal_weight_universe,80,"ABB,ACB,ANV,BAB,BCM,BID,BMP,BSI,BVB,BVH,CMG,CSV,CTG,DCM,DGW,DIG,DPM,DXG,EIB,ELC,EVF,FPT,FRT,GAS,GEX,GMD,GVR,HAH,HCM,HDB,HDG,HPG,HSG,KDH,KLB,LPB,MBB,MBS,MCH,MSB,MSN,MWG,NAB,NKG,NLG,NT2,NVL,OCB,PDR,PGB,PHR,PLX,PNJ,POW,PPC,PVT,REE,SAB,SCR,SHB,SSB,SSI,STB,TCB,TPB,VBB,VCB,VCG,VCI,VGC,VHC,VHM,VIB,VIC,VJC,VND,VNM,VPB,VRE,VSC",0.058565910741737316,0.058565910741737316,0.006835451417550151,0.006835451417550151,0.0,0.0,0.005,20
topk_nonoverlap_v2,A_technical,RandomForest,2023-07-20,2023-08-17,2023-07-20,5,random_topk_deterministic,5,"CMG,FPT,PPC,TPB,VSC",-0.021304853015012122,-0.02630485301501212,-0.07303531233919928,-0.07803531233919929,0.9999999999999999,0.004999999999999999,0.005,20
topk_nonoverlap_v2,A_technical,RandomForest,2023-07-20,2023-08-17,2023-07-20,10,model_topk,10,"BID,BVH,DIG,FRT,NAB,NVL,PVT,VNM,VPB,VRE",0.07380253550844867,0.06880253550844867,0.022072076184261522,0.01707207618426152,1.0000000000000002,0.005000000000000001,0.005,20
topk_nonoverlap_v2,A_technical,RandomForest,2023-07-20,2023-08-17,2023-07-20,10,equal_weight_universe,80,"ABB,ACB,ANV,BAB,BCM,BID,BMP,BSI,BVB,BVH,CMG,CSV,CTG,DCM,DGW,DIG,DPM,DXG,EIB,ELC,EVF,FPT,FRT,GAS,GEX,GMD,GVR,HAH,HCM,HDB,HDG,HPG,HSG,KDH,KLB,LPB,MBB,MBS,MCH,MSB,MSN,MWG,NAB,NKG,NLG,NT2,NVL,OCB,PDR,PGB,PHR,PLX,PNJ,POW,PPC,PVT,REE,SAB,SCR,SHB,SSB,SSI,STB,TCB,TPB,VBB,VCB,VCG,VCI,VGC,VHC,VHM,VIB,VIC,VJC,VND,VNM,VPB,VRE,VSC",0.058565910741737316,0.058565910741737316,0.006835451417550151,0.006835451417550151,0.0,0.0,0.005,20
topk_nonoverlap_v2,A_technical,RandomForest,2023-07-20,2023-08-17,2023-07-20,10,random_topk_deterministic,10,"ACB,BMP,BVH,FPT,MCH,NT2,NVL,OCB,STB,VIB",0.06145772551243737,0.056957725512437364,0.009727266188250188,0.005227266188250187,0.9000000000000002,0.004500000000000001,0.005,20
topk_nonoverlap_v2,A_technical,RandomForest,2023-08-17,2023-09-18,2023-08-17,5,model_topk,5,"BID,BVH,FRT,PVT,VRE",0.036949368063421154,0.036949368063421154,0.054517549144589915,0.054517549144589915,0.0,0.0,0.005,20
topk_nonoverlap_v2,A_technical,RandomForest,2023-08-17,2023-09-18,2023-08-17,5,equal_weight_universe,80,"ABB,ACB,ANV,BAB,BCM,BID,BMP,BSI,BVB,BVH,CMG,CSV,CTG,DCM,DGW,DIG,DPM,DXG,EIB,ELC,EVF,FPT,FRT,GAS,GEX,GMD,GVR,HAH,HCM,HDB,HDG,HPG,HSG,KDH,KLB,LPB,MBB,MBS,MCH,MSB,MSN,MWG,NAB,NKG,NLG,NT2,NVL,OCB,PDR,PGB,PHR,PLX,PNJ,POW,PPC,PVT,REE,SAB,SCR,SHB,SSB,SSI,STB,TCB,TPB,VBB,VCB,VCG,VCI,VGC,VHC,VHM,VIB,VIC,VJC,VND,VNM,VPB,VRE,VSC",0.02450140955443635,0.02450140955443635,0.0420695906356051,0.0420695906356051,0.0,0.0,0.005,20
topk_nonoverlap_v2,A_technical,RandomForest,2023-08-17,2023-09-18,2023-08-17,5,random_topk_deterministic,5,"MBB,MWG,OCB,VHC,VIC",-0.00396348729140768,-0.008963487291407678,0.01360469378976108,0.008604693789761081,0.9999999999999999,0.004999999999999999,0.005,20
topk_nonoverlap_v2,A_technical,RandomForest,2023-08-17,2023-09-18,2023-08-17,10,model_topk,10,"BID,BVH,DIG,FRT,NAB,NVL,PVT,VNM,VPB,VRE",0.01822832857919593,0.01822832857919593,0.03579650966036469,0.03579650966036469,0.0,0.0,0.005,20
topk_nonoverlap_v2,A_technical,RandomForest,2023-08-17,2023-09-18,2023-08-17,10,equal_weight_universe,80,"ABB,ACB,ANV,BAB,BCM,BID,BMP,BSI,BVB,BVH,CMG,CSV,CTG,DCM,DGW,DIG,DPM,DXG,EIB,ELC,EVF,FPT,FRT,GAS,GEX,GMD,GVR,HAH,HCM,HDB,HDG,HPG,HSG,KDH,KLB,LPB,MBB,MBS,MCH,MSB,MSN,MWG,NAB,NKG,NLG,NT2,NVL,OCB,PDR,PGB,PHR,PLX,PNJ,POW,PPC,PVT,REE,SAB,SCR,SHB,SSB,SSI,STB,TCB,TPB,VBB,VCB,VCG,VCI,VGC,VHC,VHM,VIB,VIC,VJC,VND,VNM,VPB,VRE,VSC",0.02450140955443635,0.02450140955443635,0.0420695906356051,0.0420695906356051,0.0,0.0,0.005,20
topk_nonoverlap_v2,A_technical,RandomForest,2023-08-17,2023-09-18,2023-08-17,10,random_topk_deterministic,10,"ANV,BVB,GEX,MWG,OCB,PGB,PLX,TPB,VGC,VND",0.03807800611674994,0.03357800611674994,0.055646187197918695,0.05114618719791869,0.9000000000000002,0.004500000000000001,0.005,20
topk_nonoverlap_v2,A_technical,RandomForest,2023-09-18,2023-10-16,2023-09-18,5,model_topk,5,"BID,BVH,FRT,PVT,VRE",0.01706695432066738,0.01706695432066738,0.07515361807158535,0.07515361807158535,0.0,0.0,0.005,20
topk_nonoverlap_v2,A_technical,RandomForest,2023-09-18,2023-10-16,2023-09-18,5,equal_weight_universe,80,"ABB,ACB,ANV,BAB,BCM,BID,BMP,BSI,BVB,BVH,CMG,CSV,CTG,DCM,DGW,DIG,DPM,DXG,EIB,ELC,EVF,FPT,FRT,GAS,GEX,GMD,GVR,HAH,HCM,HDB,HDG,HPG,HSG,KDH,KLB,LPB,MBB,MBS,MCH,MSB,MSN,MWG,NAB,NKG,NLG,NT2,NVL,OCB,PDR,PGB,PHR,PLX,PNJ,POW,PPC,PVT,REE,SAB,SCR,SHB,SSB,SSI,STB,TCB,TPB,VBB,VCB,VCG,VCI,VGC,VHC,VHM,VIB,VIC,VJC,VND,VNM,VPB,VRE,VSC",-0.04814229259590509,-0.04814229259590509,0.009944371155012855,0.009944371155012855,0.0,0.0,0.005,20
topk_nonoverlap_v2,A_technical,RandomForest,2023-09-18,2023-10-16,2023-09-18,5,random_topk_deterministic,5,"DIG,FPT,GEX,HAH,VRE",-0.03733647300374334,-0.04233647300374334,0.020750190747174574,0.015750190747174576,0.9999999999999999,0.004999999999999999,0.005,20
topk_nonoverlap_v2,A_technical,RandomForest,2023-09-18,2023-10-16,2023-09-18,10,model_topk,10,"BID,BVH,DIG,FRT,NAB,NVL,PVT,VNM,VPB,VRE",-0.03319059396873358,-0.03319059396873358,0.024896069782184376,0.024896069782184376,0.0,0.0,0.005,20
topk_nonoverlap_v2,A_technical,RandomForest,2023-09-18,2023-10-16,2023-09-18,10,equal_weight_universe,80,"ABB,ACB,ANV,BAB,BCM,BID,BMP,BSI,BVB,BVH,CMG,CSV,CTG,DCM,DGW,DIG,DPM,DXG,EIB,ELC,EVF,FPT,FRT,GAS,GEX,GMD,GVR,HAH,HCM,HDB,HDG,HPG,HSG,KDH,KLB,LPB,MBB,MBS,MCH,MSB,MSN,MWG,NAB,NKG,NLG,NT2,NVL,OCB,PDR,PGB,PHR,PLX,PNJ,POW,PPC,PVT,REE,SAB,SCR,SHB,SSB,SSI,STB,TCB,TPB,VBB,VCB,VCG,VCI,VGC,VHC,VHM,VIB,VIC,VJC,VND,VNM,VPB,VRE,VSC",-0.04814229259590509,-0.04814229259590509,0.009944371155012855,0.009944371155012855,0.0,0.0,0.005,20
topk_nonoverlap_v2,A_technical,RandomForest,2023-09-18,2023-10-16,2023-09-18,10,random_topk_deterministic,10,"DPM,HPG,MSB,NAB,PHR,PNJ,PPC,SSI,VCB,VCI",-0.0474168982507757,-0.052416898250775695,0.010669765500142212,0.005669765500142211,1.0000000000000002,0.005000000000000001,0.005,20
topk_nonoverlap_v2,A_technical,RandomForest,2023-10-16,2023-11-13,2023-10-16,5,model_topk,5,"BCM,BVB,BVH,NKG,SSB",-0.02537982947767976,-0.02937982947767976,0.010846975729868803,0.0068469757298688025,0.7999999999999999,0.004,0.005,20
topk_nonoverlap_v2,A_technical,RandomForest,2023-10-16,2023-11-13,2023-10-16,5,equal_weight_universe,80,"ABB,ACB,ANV,BAB,BCM,BID,BMP,BSI,BVB,BVH,CMG,CSV,CTG,DCM,DGW,DIG,DPM,DXG,EIB,ELC,EVF,FPT,FRT,GAS,GEX,GMD,GVR,HAH,HCM,HDB,HDG,HPG,HSG,KDH,KLB,LPB,MBB,MBS,MCH,MSB,MSN,MWG,NAB,NKG,NLG,NT2,NVL,OCB,PDR,PGB,PHR,PLX,PNJ,POW,PPC,PVT,REE,SAB,SCR,SHB,SSB,SSI,STB,TCB,TPB,VBB,VCB,VCG,VCI,VGC,VHC,VHM,VIB,VIC,VJC,VND,VNM,VPB,VRE,VSC",-0.0258687793007528,-0.0258687793007528,0.010358025906795802,0.010358025906795802,0.0,0.0,0.005,20
topk_nonoverlap_v2,A_technical,RandomForest,2023-10-16,2023-11-13,2023-10-16,5,random_topk_deterministic,5,"DGW,KLB,MSB,PHR,SAB",-0.09575105594323585,-0.10075105594323586,-0.05952425073568722,-0.06452425073568722,0.9999999999999999,0.004999999999999999,0.005,20
topk_nonoverlap_v2,A_technical,RandomForest,2023-10-16,2023-11-13,2023-10-16,10,model_topk,10,"BCM,BVB,BVH,GMD,HSG,NKG,PHR,REE,SSB,VHM",-0.02025748981176003,-0.02475748981176003,0.015969315395788553,0.011469315395788552,0.9000000000000002,0.004500000000000001,0.005,20
topk_nonoverlap_v2,A_technical,RandomForest,2023-10-16,2023-11-13,2023-10-16,10,equal_weight_universe,80,"ABB,ACB,ANV,BAB,BCM,BID,BMP,BSI,BVB,BVH,CMG,CSV,CTG,DCM,DGW,DIG,DPM,DXG,EIB,ELC,EVF,FPT,FRT,GAS,GEX,GMD,GVR,HAH,HCM,HDB,HDG,HPG,HSG,KDH,KLB,LPB,MBB,MBS,MCH,MSB,MSN,MWG,NAB,NKG,NLG,NT2,NVL,OCB,PDR,PGB,PHR,PLX,PNJ,POW,PPC,PVT,REE,SAB,SCR,SHB,SSB,SSI,STB,TCB,TPB,VBB,VCB,VCG,VCI,VGC,VHC,VHM,VIB,VIC,VJC,VND,VNM,VPB,VRE,VSC",-0.0258687793007528,-0.0258687793007528,0.010358025906795802,0.010358025906795802,0.0,0.0,0.005,20
topk_nonoverlap_v2,A_technical,RandomForest,2023-10-16,2023-11-13,2023-10-16,10,random_topk_deterministic,10,"ANV,BMP,EVF,MCH,PDR,VCI,VHC,VIB,VJC,VND",-0.004542445119205627,-0.009042445119205628,0.03168436008834298,0.02718436008834298,0.9000000000000002,0.004500000000000001,0.005,20
topk_nonoverlap_v2,A_technical,RandomForest,2023-11-13,2023-12-11,2023-11-13,5,model_topk,5,"BCM,BVB,BVH,NKG,SSB",0.04412943503910714,0.04412943503910714,0.02101272428433686,0.02101272428433686,0.0,0.0,0.005,20
topk_nonoverlap_v2,A_technical,RandomForest,2023-11-13,2023-12-11,2023-11-13,5,equal_weight_universe,80,"ABB,ACB,ANV,BAB,BCM,BID,BMP,BSI,BVB,BVH,CMG,CSV,CTG,DCM,DGW,DIG,DPM,DXG,EIB,ELC,EVF,FPT,FRT,GAS,GEX,GMD,GVR,HAH,HCM,HDB,HDG,HPG,HSG,KDH,KLB,LPB,MBB,MBS,MCH,MSB,MSN,MWG,NAB,NKG,NLG,NT2,NVL,OCB,PDR,PGB,PHR,PLX,PNJ,POW,PPC,PVT,REE,SAB,SCR,SHB,SSB,SSI,STB,TCB,TPB,VBB,VCB,VCG,VCI,VGC,VHC,VHM,VIB,VIC,VJC,VND,VNM,VPB,VRE,VSC",0.03846540766510852,0.03846540766510852,0.015348696910338248,0.015348696910338248,0.0,0.0,0.005,20
topk_nonoverlap_v2,A_technical,RandomForest,2023-11-13,2023-12-11,2023-11-13,5,random_topk_deterministic,5,"DXG,GAS,PPC,TCB,VCG",0.017735963560186124,0.012735963560186124,-0.0053807471945841595,-0.010380747194584159,0.9999999999999999,0.004999999999999999,0.005,20
topk_nonoverlap_v2,A_technical,RandomForest,2023-11-13,2023-12-11,2023-11-13,10,model_topk,10,"BCM,BVB,BVH,GMD,HSG,NKG,PHR,REE,SSB,VHM",0.03174339378670325,0.03174339378670325,0.00862668303193299,0.00862668303193299,0.0,0.0,0.005,20
topk_nonoverlap_v2,A_technical,RandomForest,2023-11-13,2023-12-11,2023-11-13,10,equal_weight_universe,80,"ABB,ACB,ANV,BAB,BCM,BID,BMP,BSI,BVB,BVH,CMG,CSV,CTG,DCM,DGW,DIG,DPM,DXG,EIB,ELC,EVF,FPT,FRT,GAS,GEX,GMD,GVR,HAH,HCM,HDB,HDG,HPG,HSG,KDH,KLB,LPB,MBB,MBS,MCH,MSB,MSN,MWG,NAB,NKG,NLG,NT2,NVL,OCB,PDR,PGB,PHR,PLX,PNJ,POW,PPC,PVT,REE,SAB,SCR,SHB,SSB,SSI,STB,TCB,TPB,VBB,VCB,VCG,VCI,VGC,VHC,VHM,VIB,VIC,VJC,VND,VNM,VPB,VRE,VSC",0.03846540766510852,0.03846540766510852,0.015348696910338248,0.015348696910338248,0.0,0.0,0.005,20
topk_nonoverlap_v2,A_technical,RandomForest,2023-11-13,2023-12-11,2023-11-13,10,random_topk_deterministic,10,"BSI,CTG,DCM,DIG,GAS,GEX,GMD,MWG,PGB,VGC",0.046535086347501996,0.041535086347502,0.02341837559273172,0.01841837559273172,1.0000000000000002,0.005000000000000001,0.005,20
topk_nonoverlap_v2,A_technical,RandomForest,2023-12-11,2024-01-09,2023-12-11,5,model_topk,5,"BCM,BVB,BVH,NKG,SSB",0.0005344614608845,0.0005344614608845,-0.02886580508731622,-0.02886580508731622,0.0,0.0,0.005,20
topk_nonoverlap_v2,A_technical,RandomForest,2023-12-11,2024-01-09,2023-12-11,5,equal_weight_universe,80,"ABB,ACB,ANV,BAB,BCM,BID,BMP,BSI,BVB,BVH,CMG,CSV,CTG,DCM,DGW,DIG,DPM,DXG,EIB,ELC,EVF,FPT,FRT,GAS,GEX,GMD,GVR,HAH,HCM,HDB,HDG,HPG,HSG,KDH,KLB,LPB,MBB,MBS,MCH,MSB,MSN,MWG,NAB,NKG,NLG,NT2,NVL,OCB,PDR,PGB,PHR,PLX,PNJ,POW,PPC,PVT,REE,SAB,SCR,SHB,SSB,SSI,STB,TCB,TPB,VBB,VCB,VCG,VCI,VGC,VHC,VHM,VIB,VIC,VJC,VND,VNM,VPB,VRE,VSC",0.03295277521984165,0.03295277521984165,0.0035525086716409484,0.0035525086716409484,0.0,0.0,0.005,20
topk_nonoverlap_v2,A_technical,RandomForest,2023-12-11,2024-01-09,2023-12-11,5,random_topk_deterministic,5,"POW,SHB,VHM,VJC,VRE",0.018566193628473563,0.013566193628473564,-0.010834072919727161,-0.01583407291972716,0.9999999999999999,0.004999999999999999,0.005,20
topk_nonoverlap_v2,A_technical,RandomForest,2023-12-11,2024-01-09,2023-12-11,10,model_topk,10,"BCM,BVB,BVH,GMD,HSG,NKG,PHR,REE,SSB,VHM",0.006274838188647179,0.006274838188647179,-0.0231254283595535,-0.0231254283595535,0.0,0.0,0.005,20
topk_nonoverlap_v2,A_technical,RandomForest,2023-12-11,2024-01-09,2023-12-11,10,equal_weight_universe,80,"ABB,ACB,ANV,BAB,BCM,BID,BMP,BSI,BVB,BVH,CMG,CSV,CTG,DCM,DGW,DIG,DPM,DXG,EIB,ELC,EVF,FPT,FRT,GAS,GEX,GMD,GVR,HAH,HCM,HDB,HDG,HPG,HSG,KDH,KLB,LPB,MBB,MBS,MCH,MSB,MSN,MWG,NAB,NKG,NLG,NT2,NVL,OCB,PDR,PGB,PHR,PLX,PNJ,POW,PPC,PVT,REE,SAB,SCR,SHB,SSB,SSI,STB,TCB,TPB,VBB,VCB,VCG,VCI,VGC,VHC,VHM,VIB,VIC,VJC,VND,VNM,VPB,VRE,VSC",0.03295277521984165,0.03295277521984165,0.0035525086716409484,0.0035525086716409484,0.0,0.0,0.005,20
topk_nonoverlap_v2,A_technical,RandomForest,2023-12-11,2024-01-09,2023-12-11,10,random_topk_deterministic,10,"ACB,FPT,HAH,MCH,PDR,PGB,PNJ,TCB,VHM,VND",0.05980768528017379,0.05530768528017379,0.030407418731973102,0.0259074187319731,0.9000000000000002,0.004500000000000001,0.005,20
topk_nonoverlap_v2,A_technical,RandomForest,2024-01-09,2024-02-06,2024-01-09,5,model_topk,5,"BCM,GVR,SCR,VCB,VPB",0.05020253774460318,0.046202537744603187,0.02440393772216214,0.02040393772216214,0.7999999999999999,0.004,0.005,20
topk_nonoverlap_v2,A_technical,RandomForest,2024-01-09,2024-02-06,2024-01-09,5,equal_weight_universe,80,"ABB,ACB,ANV,BAB,BCM,BID,BMP,BSI,BVB,BVH,CMG,CSV,CTG,DCM,DGW,DIG,DPM,DXG,EIB,ELC,EVF,FPT,FRT,GAS,GEX,GMD,GVR,HAH,HCM,HDB,HDG,HPG,HSG,KDH,KLB,LPB,MBB,MBS,MCH,MSB,MSN,MWG,NAB,NKG,NLG,NT2,NVL,OCB,PDR,PGB,PHR,PLX,PNJ,POW,PPC,PVT,REE,SAB,SCR,SHB,SSB,SSI,STB,TCB,TPB,VBB,VCB,VCG,VCI,VGC,VHC,VHM,VIB,VIC,VJC,VND,VNM,VPB,VRE,VSC",0.029575030124538708,0.029575030124538708,0.0037764301020976688,0.0037764301020976688,0.0,0.0,0.005,20
topk_nonoverlap_v2,A_technical,RandomForest,2024-01-09,2024-02-06,2024-01-09,5,random_topk_deterministic,5,"GEX,KLB,MSN,NKG,PPC",-0.007486772769304739,-0.012486772769304738,-0.03328537279174578,-0.03828537279174578,0.9999999999999999,0.004999999999999999,0.005,20
topk_nonoverlap_v2,A_technical,RandomForest,2024-01-09,2024-02-06,2024-01-09,10,model_topk,10,"ABB,BCM,GVR,KLB,SCR,SSB,VCB,VHM,VIC,VPB",0.016895230539365768,0.013395230539365768,-0.008903369483075272,-0.012403369483075272,0.7000000000000001,0.0035000000000000005,0.005,20
topk_nonoverlap_v2,A_technical,RandomForest,2024-01-09,2024-02-06,2024-01-09,10,equal_weight_universe,80,"ABB,ACB,ANV,BAB,BCM,BID,BMP,BSI,BVB,BVH,CMG,CSV,CTG,DCM,DGW,DIG,DPM,DXG,EIB,ELC,EVF,FPT,FRT,GAS,GEX,GMD,GVR,HAH,HCM,HDB,HDG,HPG,HSG,KDH,KLB,LPB,MBB,MBS,MCH,MSB,MSN,MWG,NAB,NKG,NLG,NT2,NVL,OCB,PDR,PGB,PHR,PLX,PNJ,POW,PPC,PVT,REE,SAB,SCR,SHB,SSB,SSI,STB,TCB,TPB,VBB,VCB,VCG,VCI,VGC,VHC,VHM,VIB,VIC,VJC,VND,VNM,VPB,VRE,VSC",0.029575030124538708,0.029575030124538708,0.0037764301020976688,0.0037764301020976688,0.0,0.0,0.005,20
topk_nonoverlap_v2,A_technical,RandomForest,2024-01-09,2024-02-06,2024-01-09,10,random_topk_deterministic,10,"ABB,BID,CMG,DCM,EIB,HDB,MSB,PLX,SCR,TPB",0.020648370882075683,0.01564837088207568,-0.005150229140365331,-0.010150229140365332,1.0000000000000002,0.005000000000000001,0.005,20
topk_nonoverlap_v2,A_technical,RandomForest,2024-02-06,2024-03-12,2024-02-06,5,model_topk,5,"BCM,GVR,SCR,VCB,VPB",0.06821357196541988,0.06821357196541988,0.020657029154434497,0.020657029154434497,0.0,0.0,0.005,20
topk_nonoverlap_v2,A_technical,RandomForest,2024-02-06,2024-03-12,2024-02-06,5,equal_weight_universe,80,"ABB,ACB,ANV,BAB,BCM,BID,BMP,BSI,BVB,BVH,CMG,CSV,CTG,DCM,DGW,DIG,DPM,DXG,EIB,ELC,EVF,FPT,FRT,GAS,GEX,GMD,GVR,HAH,HCM,HDB,HDG,HPG,HSG,KDH,KLB,LPB,MBB,MBS,MCH,MSB,MSN,MWG,NAB,NKG,NLG,NT2,NVL,OCB,PDR,PGB,PHR,PLX,PNJ,POW,PPC,PVT,REE,SAB,SCR,SHB,SSB,SSI,STB,TCB,TPB,VBB,VCB,VCG,VCI,VGC,VHC,VHM,VIB,VIC,VJC,VND,VNM,VPB,VRE,VSC",0.04448375630615168,0.04448375630615168,-0.003072786504833726,-0.003072786504833726,0.0,0.0,0.005,20
topk_nonoverlap_v2,A_technical,RandomForest,2024-02-06,2024-03-12,2024-02-06,5,random_topk_deterministic,5,"MBS,PGB,VIB,VND,VSC",0.00609358889517038,0.001093588895170381,-0.04146295391581498,-0.04646295391581498,0.9999999999999999,0.004999999999999999,0.005,20
topk_nonoverlap_v2,A_technical,RandomForest,2024-02-06,2024-03-12,2024-02-06,10,model_topk,10,"ABB,BCM,GVR,KLB,SCR,SSB,VCB,VHM,VIC,VPB",0.037897101128923076,0.037897101128923076,-0.009659441682062335,-0.009659441682062335,0.0,0.0,0.005,20
topk_nonoverlap_v2,A_technical,RandomForest,2024-02-06,2024-03-12,2024-02-06,10,equal_weight_universe,80,"ABB,ACB,ANV,BAB,BCM,BID,BMP,BSI,BVB,BVH,CMG,CSV,CTG,DCM,DGW,DIG,DPM,DXG,EIB,ELC,EVF,FPT,FRT,GAS,GEX,GMD,GVR,HAH,HCM,HDB,HDG,HPG,HSG,KDH,KLB,LPB,MBB,MBS,MCH,MSB,MSN,MWG,NAB,NKG,NLG,NT2,NVL,OCB,PDR,PGB,PHR,PLX,PNJ,POW,PPC,PVT,REE,SAB,SCR,SHB,SSB,SSI,STB,TCB,TPB,VBB,VCB,VCG,VCI,VGC,VHC,VHM,VIB,VIC,VJC,VND,VNM,VPB,VRE,VSC",0.04448375630615168,0.04448375630615168,-0.003072786504833726,-0.003072786504833726,0.0,0.0,0.005,20
topk_nonoverlap_v2,A_technical,RandomForest,2024-02-06,2024-03-12,2024-02-06,10,random_topk_deterministic,10,"ABB,GVR,MSB,MWG,PLX,SSI,VCG,VHM,VND,VNM",0.04284999583883479,0.039349995838834785,-0.00470654697215059,-0.008206546972150591,0.7000000000000001,0.0035000000000000005,0.005,20
topk_nonoverlap_v2,A_technical,RandomForest,2024-03-12,2024-04-09,2024-03-12,5,model_topk,5,"BCM,GVR,SCR,VCB,VPB",0.010465021201239138,0.010465021201239138,-0.0038482318108090637,-0.0038482318108090637,0.0,0.0,0.005,20
topk_nonoverlap_v2,A_technical,RandomForest,2024-03-12,2024-04-09,2024-03-12,5,equal_weight_universe,80,"ABB,ACB,ANV,BAB,BCM,BID,BMP,BSI,BVB,BVH,CMG,CSV,CTG,DCM,DGW,DIG,DPM,DXG,EIB,ELC,EVF,FPT,FRT,GAS,GEX,GMD,GVR,HAH,HCM,HDB,HDG,HPG,HSG,KDH,KLB,LPB,MBB,MBS,MCH,MSB,MSN,MWG,NAB,NKG,NLG,NT2,NVL,OCB,PDR,PGB,PHR,PLX,PNJ,POW,PPC,PVT,REE,SAB,SCR,SHB,SSB,SSI,STB,TCB,TPB,VBB,VCB,VCG,VCI,VGC,VHC,VHM,VIB,VIC,VJC,VND,VNM,VPB,VRE,VSC",0.013705628811516619,0.013705628811516619,-0.0006076242005315965,-0.0006076242005315965,0.0,0.0,0.005,20
topk_nonoverlap_v2,A_technical,RandomForest,2024-03-12,2024-04-09,2024-03-12,5,random_topk_deterministic,5,"KLB,MSB,MWG,VGC,VND",0.02178649877907558,0.01778649877907558,0.00747324576702732,0.00347324576702732,0.7999999999999999,0.004,0.005,20
topk_nonoverlap_v2,A_technical,RandomForest,2024-03-12,2024-04-09,2024-03-12,10,model_topk,10,"ABB,BCM,GVR,KLB,SCR,SSB,VCB,VHM,VIC,VPB",0.008327217744987011,0.008327217744987011,-0.005986035267061193,-0.005986035267061193,0.0,0.0,0.005,20
topk_nonoverlap_v2,A_technical,RandomForest,2024-03-12,2024-04-09,2024-03-12,10,equal_weight_universe,80,"ABB,ACB,ANV,BAB,BCM,BID,BMP,BSI,BVB,BVH,CMG,CSV,CTG,DCM,DGW,DIG,DPM,DXG,EIB,ELC,EVF,FPT,FRT,GAS,GEX,GMD,GVR,HAH,HCM,HDB,HDG,HPG,HSG,KDH,KLB,LPB,MBB,MBS,MCH,MSB,MSN,MWG,NAB,NKG,NLG,NT2,NVL,OCB,PDR,PGB,PHR,PLX,PNJ,POW,PPC,PVT,REE,SAB,SCR,SHB,SSB,SSI,STB,TCB,TPB,VBB,VCB,VCG,VCI,VGC,VHC,VHM,VIB,VIC,VJC,VND,VNM,VPB,VRE,VSC",0.013705628811516619,0.013705628811516619,-0.0006076242005315965,-0.0006076242005315965,0.0,0.0,0.005,20
topk_nonoverlap_v2,A_technical,RandomForest,2024-03-12,2024-04-09,2024-03-12,10,random_topk_deterministic,10,"EVF,LPB,MSB,MSN,PPC,SSB,VBB,VCI,VHC,VIB",-0.0009540092646869189,-0.00545400926468692,-0.015267262276735138,-0.01976726227673514,0.9000000000000002,0.004500000000000001,0.005,20
topk_nonoverlap_v2,A_technical,RandomForest,2024-04-09,2024-05-13,2024-04-09,5,model_topk,5,"GMD,SAB,SSB,VCB,VHC",0.008792317833750018,0.004792317833750018,0.02672044694161952,0.02272044694161952,0.7999999999999999,0.004,0.005,20
topk_nonoverlap_v2,A_technical,RandomForest,2024-04-09,2024-05-13,2024-04-09,5,equal_weight_universe,80,"ABB,ACB,ANV,BAB,BCM,BID,BMP,BSI,BVB,BVH,CMG,CSV,CTG,DCM,DGW,DIG,DPM,DXG,EIB,ELC,EVF,FPT,FRT,GAS,GEX,GMD,GVR,HAH,HCM,HDB,HDG,HPG,HSG,KDH,KLB,LPB,MBB,MBS,MCH,MSB,MSN,MWG,NAB,NKG,NLG,NT2,NVL,OCB,PDR,PGB,PHR,PLX,PNJ,POW,PPC,PVT,REE,SAB,SCR,SHB,SSB,SSI,STB,TCB,TPB,VBB,VCB,VCG,VCI,VGC,VHC,VHM,VIB,VIC,VJC,VND,VNM,VPB,VRE,VSC",-0.011577584859227955,-0.011577584859227955,0.006350544248641598,0.006350544248641598,0.0,0.0,0.005,20
topk_nonoverlap_v2,A_technical,RandomForest,2024-04-09,2024-05-13,2024-04-09,5,random_topk_deterministic,5,"BAB,MWG,PLX,VCI,VGC",0.005935762655014121,0.002935762655014121,0.023863891762883702,0.020863891762883703,0.6,0.003,0.005,20
topk_nonoverlap_v2,A_technical,RandomForest,2024-04-09,2024-05-13,2024-04-09,10,model_topk,10,"CMG,GMD,MSB,PNJ,SAB,SSB,VBB,VCB,VHC,VHM",0.03281066036732265,0.02931066036732265,0.050738789475192156,0.04723878947519215,0.7000000000000001,0.0035000000000000005,0.005,20
topk_nonoverlap_v2,A_technical,RandomForest,2024-04-09,2024-05-13,2024-04-09,10,equal_weight_universe,80,"ABB,ACB,ANV,BAB,BCM,BID,BMP,BSI,BVB,BVH,CMG,CSV,CTG,DCM,DGW,DIG,DPM,DXG,EIB,ELC,EVF,FPT,FRT,GAS,GEX,GMD,GVR,HAH,HCM,HDB,HDG,HPG,HSG,KDH,KLB,LPB,MBB,MBS,MCH,MSB,MSN,MWG,NAB,NKG,NLG,NT2,NVL,OCB,PDR,PGB,PHR,PLX,PNJ,POW,PPC,PVT,REE,SAB,SCR,SHB,SSB,SSI,STB,TCB,TPB,VBB,VCB,VCG,VCI,VGC,VHC,VHM,VIB,VIC,VJC,VND,VNM,VPB,VRE,VSC",-0.011577584859227955,-0.011577584859227955,0.006350544248641598,0.006350544248641598,0.0,0.0,0.005,20
topk_nonoverlap_v2,A_technical,RandomForest,2024-04-09,2024-05-13,2024-04-09,10,random_topk_deterministic,10,"ABB,BID,BVB,DIG,FPT,PHR,POW,VCI,VNM,VSC",-0.017955663070465557,-0.022455663070465558,-2.7533962595983895e-05,-0.004527533962595985,0.9000000000000002,0.004500000000000001,0.005,20
topk_nonoverlap_v2,A_technical,RandomForest,2024-05-13,2024-06-10,2024-05-13,5,model_topk,5,"GMD,SAB,SSB,VCB,VHC",0.04557363007913447,0.04557363007913447,0.0048617979257374565,0.0048617979257374565,0.0,0.0,0.005,20
topk_nonoverlap_v2,A_technical,RandomForest,2024-05-13,2024-06-10,2024-05-13,5,equal_weight_universe,80,"ABB,ACB,ANV,BAB,BCM,BID,BMP,BSI,BVB,BVH,CMG,CSV,CTG,DCM,DGW,DIG,DPM,DXG,EIB,ELC,EVF,FPT,FRT,GAS,GEX,GMD,GVR,HAH,HCM,HDB,HDG,HPG,HSG,KDH,KLB,LPB,MBB,MBS,MCH,MSB,MSN,MWG,NAB,NKG,NLG,NT2,NVL,OCB,PDR,PGB,PHR,PLX,PNJ,POW,PPC,PVT,REE,SAB,SCR,SHB,SSB,SSI,STB,TCB,TPB,VBB,VCB,VCG,VCI,VGC,VHC,VHM,VIB,VIC,VJC,VND,VNM,VPB,VRE,VSC",0.07205670208582689,0.07205670208582689,0.031344869932429874,0.031344869932429874,0.0,0.0,0.005,20
topk_nonoverlap_v2,A_technical,RandomForest,2024-05-13,2024-06-10,2024-05-13,5,random_topk_deterministic,5,"BID,GVR,MWG,NT2,VIC",0.04051708688312354,0.03651708688312354,-0.00019474527027349956,-0.0041947452702734995,0.7999999999999999,0.004,0.005,20
topk_nonoverlap_v2,A_technical,RandomForest,2024-05-13,2024-06-10,2024-05-13,10,model_topk,10,"CMG,GMD,MSB,PNJ,SAB,SSB,VBB,VCB,VHC,VHM",0.03955904446834099,0.03955904446834099,-0.0011527876850560212,-0.0011527876850560212,0.0,0.0,0.005,20
topk_nonoverlap_v2,A_technical,RandomForest,2024-05-13,2024-06-10,2024-05-13,10,equal_weight_universe,80,"ABB,ACB,ANV,BAB,BCM,BID,BMP,BSI,BVB,BVH,CMG,CSV,CTG,DCM,DGW,DIG,DPM,DXG,EIB,ELC,EVF,FPT,FRT,GAS,GEX,GMD,GVR,HAH,HCM,HDB,HDG,HPG,HSG,KDH,KLB,LPB,MBB,MBS,MCH,MSB,MSN,MWG,NAB,NKG,NLG,NT2,NVL,OCB,PDR,PGB,PHR,PLX,PNJ,POW,PPC,PVT,REE,SAB,SCR,SHB,SSB,SSI,STB,TCB,TPB,VBB,VCB,VCG,VCI,VGC,VHC,VHM,VIB,VIC,VJC,VND,VNM,VPB,VRE,VSC",0.07205670208582689,0.07205670208582689,0.031344869932429874,0.031344869932429874,0.0,0.0,0.005,20
topk_nonoverlap_v2,A_technical,RandomForest,2024-05-13,2024-06-10,2024-05-13,10,random_topk_deterministic,10,"ACB,EIB,FPT,FRT,HDB,HPG,NVL,SCR,SSI,TCB",0.057729400529088204,0.0532294005290882,0.01701756837569117,0.012517568375691169,0.9000000000000002,0.004500000000000001,0.005,20
topk_nonoverlap_v2,A_technical,RandomForest,2024-06-10,2024-07-08,2024-06-10,5,model_topk,5,"GMD,SAB,SSB,VCB,VHC",-0.050956611241231686,-0.050956611241231686,-0.045447844476682986,-0.045447844476682986,0.0,0.0,0.005,20
topk_nonoverlap_v2,A_technical,RandomForest,2024-06-10,2024-07-08,2024-06-10,5,equal_weight_universe,80,"ABB,ACB,ANV,BAB,BCM,BID,BMP,BSI,BVB,BVH,CMG,CSV,CTG,DCM,DGW,DIG,DPM,DXG,EIB,ELC,EVF,FPT,FRT,GAS,GEX,GMD,GVR,HAH,HCM,HDB,HDG,HPG,HSG,KDH,KLB,LPB,MBB,MBS,MCH,MSB,MSN,MWG,NAB,NKG,NLG,NT2,NVL,OCB,PDR,PGB,PHR,PLX,PNJ,POW,PPC,PVT,REE,SAB,SCR,SHB,SSB,SSI,STB,TCB,TPB,VBB,VCB,VCG,VCI,VGC,VHC,VHM,VIB,VIC,VJC,VND,VNM,VPB,VRE,VSC",-0.014603549768670593,-0.014603549768670593,-0.009094783004121894,-0.009094783004121894,0.0,0.0,0.005,20
topk_nonoverlap_v2,A_technical,RandomForest,2024-06-10,2024-07-08,2024-06-10,5,random_topk_deterministic,5,"EVF,KDH,MCH,NVL,TCB",-0.04664249790434806,-0.05164249790434806,-0.04113373113979938,-0.04613373113979938,0.9999999999999999,0.004999999999999999,0.005,20
topk_nonoverlap_v2,A_technical,RandomForest,2024-06-10,2024-07-08,2024-06-10,10,model_topk,10,"CMG,GMD,MSB,PNJ,SAB,SSB,VBB,VCB,VHC,VHM",-0.04284664339080018,-0.04284664339080018,-0.03733787662625148,-0.03733787662625148,0.0,0.0,0.005,20
topk_nonoverlap_v2,A_technical,RandomForest,2024-06-10,2024-07-08,2024-06-10,10,equal_weight_universe,80,"ABB,ACB,ANV,BAB,BCM,BID,BMP,BSI,BVB,BVH,CMG,CSV,CTG,DCM,DGW,DIG,DPM,DXG,EIB,ELC,EVF,FPT,FRT,GAS,GEX,GMD,GVR,HAH,HCM,HDB,HDG,HPG,HSG,KDH,KLB,LPB,MBB,MBS,MCH,MSB,MSN,MWG,NAB,NKG,NLG,NT2,NVL,OCB,PDR,PGB,PHR,PLX,PNJ,POW,PPC,PVT,REE,SAB,SCR,SHB,SSB,SSI,STB,TCB,TPB,VBB,VCB,VCG,VCI,VGC,VHC,VHM,VIB,VIC,VJC,VND,VNM,VPB,VRE,VSC",-0.014603549768670593,-0.014603549768670593,-0.009094783004121894,-0.009094783004121894,0.0,0.0,0.005,20
topk_nonoverlap_v2,A_technical,RandomForest,2024-06-10,2024-07-08,2024-06-10,10,random_topk_deterministic,10,"DCM,GAS,KLB,LPB,MSN,NVL,PPC,VHC,VIB,VND",-0.006994484000628682,-0.011494484000628684,-0.0014857172360799814,-0.005985717236079983,0.9000000000000002,0.004500000000000001,0.005,20
topk_nonoverlap_v2,A_technical,RandomForest,2024-07-08,2024-08-05,2024-07-08,5,model_topk,5,"BVH,HDB,NAB,SAB,SSB",0.007085897579706521,0.004085897579706521,0.08148054995279394,0.07848054995279394,0.6,0.003,0.005,20
topk_nonoverlap_v2,A_technical,RandomForest,2024-07-08,2024-08-05,2024-07-08,5,equal_weight_universe,80,"ABB,ACB,ANV,BAB,BCM,BID,BMP,BSI,BVB,BVH,CMG,CSV,CTG,DCM,DGW,DIG,DPM,DXG,EIB,ELC,EVF,FPT,FRT,GAS,GEX,GMD,GVR,HAH,HCM,HDB,HDG,HPG,HSG,KDH,KLB,LPB,MBB,MBS,MCH,MSB,MSN,MWG,NAB,NKG,NLG,NT2,NVL,OCB,PDR,PGB,PHR,PLX,PNJ,POW,PPC,PVT,REE,SAB,SCR,SHB,SSB,SSI,STB,TCB,TPB,VBB,VCB,VCG,VCI,VGC,VHC,VHM,VIB,VIC,VJC,VND,VNM,VPB,VRE,VSC",-0.09313334650868113,-0.09313334650868113,-0.01873869413559375,-0.01873869413559375,0.0,0.0,0.005,20
topk_nonoverlap_v2,A_technical,RandomForest,2024-07-08,2024-08-05,2024-07-08,5,random_topk_deterministic,5,"MSN,NLG,NVL,PGB,POW",-0.11357844881614268,-0.11757844881614268,-0.0391837964430553,-0.0431837964430553,0.7999999999999999,0.004,0.005,20
topk_nonoverlap_v2,A_technical,RandomForest,2024-07-08,2024-08-05,2024-07-08,10,model_topk,10,"BID,BVH,HDB,NAB,REE,SAB,SSB,VCB,VHM,VNM",-0.006892737949754871,-0.00989273794975487,0.0675019144233325,0.0645019144233325,0.6,0.003,0.005,20
topk_nonoverlap_v2,A_technical,RandomForest,2024-07-08,2024-08-05,2024-07-08,10,equal_weight_universe,80,"ABB,ACB,ANV,BAB,BCM,BID,BMP,BSI,BVB,BVH,CMG,CSV,CTG,DCM,DGW,DIG,DPM,DXG,EIB,ELC,EVF,FPT,FRT,GAS,GEX,GMD,GVR,HAH,HCM,HDB,HDG,HPG,HSG,KDH,KLB,LPB,MBB,MBS,MCH,MSB,MSN,MWG,NAB,NKG,NLG,NT2,NVL,OCB,PDR,PGB,PHR,PLX,PNJ,POW,PPC,PVT,REE,SAB,SCR,SHB,SSB,SSI,STB,TCB,TPB,VBB,VCB,VCG,VCI,VGC,VHC,VHM,VIB,VIC,VJC,VND,VNM,VPB,VRE,VSC",-0.09313334650868113,-0.09313334650868113,-0.01873869413559375,-0.01873869413559375,0.0,0.0,0.005,20
topk_nonoverlap_v2,A_technical,RandomForest,2024-07-08,2024-08-05,2024-07-08,10,random_topk_deterministic,10,"BMP,HAH,HDG,HPG,LPB,MBB,NT2,NVL,REE,SAB",-0.1046446769381,-0.10864467693810001,-0.0302500245650126,-0.0342500245650126,0.8000000000000002,0.004000000000000001,0.005,20
topk_nonoverlap_v2,A_technical,RandomForest,2024-08-05,2024-09-04,2024-08-05,5,model_topk,5,"BVH,HDB,NAB,SAB,SSB",0.07131576336544046,0.07131576336544046,-0.002526686995228439,-0.002526686995228439,0.0,0.0,0.005,20
topk_nonoverlap_v2,A_technical,RandomForest,2024-08-05,2024-09-04,2024-08-05,5,equal_weight_universe,80,"ABB,ACB,ANV,BAB,BCM,BID,BMP,BSI,BVB,BVH,CMG,CSV,CTG,DCM,DGW,DIG,DPM,DXG,EIB,ELC,EVF,FPT,FRT,GAS,GEX,GMD,GVR,HAH,HCM,HDB,HDG,HPG,HSG,KDH,KLB,LPB,MBB,MBS,MCH,MSB,MSN,MWG,NAB,NKG,NLG,NT2,NVL,OCB,PDR,PGB,PHR,PLX,PNJ,POW,PPC,PVT,REE,SAB,SCR,SHB,SSB,SSI,STB,TCB,TPB,VBB,VCB,VCG,VCI,VGC,VHC,VHM,VIB,VIC,VJC,VND,VNM,VPB,VRE,VSC",0.08352117058047732,0.08352117058047732,0.009678720219808427,0.009678720219808427,0.0,0.0,0.005,20
topk_nonoverlap_v2,A_technical,RandomForest,2024-08-05,2024-09-04,2024-08-05,5,random_topk_deterministic,5,"CTG,HSG,LPB,MCH,VIB",0.08282696165441508,0.07782696165441508,0.008984511293746219,0.00398451129374622,0.9999999999999999,0.004999999999999999,0.005,20
topk_nonoverlap_v2,A_technical,RandomForest,2024-08-05,2024-09-04,2024-08-05,10,model_topk,10,"BID,BVH,HDB,NAB,REE,SAB,SSB,VCB,VHM,VNM",0.07924610171256186,0.07924610171256186,0.005403651351892963,0.005403651351892963,0.0,0.0,0.005,20
topk_nonoverlap_v2,A_technical,RandomForest,2024-08-05,2024-09-04,2024-08-05,10,equal_weight_universe,80,"ABB,ACB,ANV,BAB,BCM,BID,BMP,BSI,BVB,BVH,CMG,CSV,CTG,DCM,DGW,DIG,DPM,DXG,EIB,ELC,EVF,FPT,FRT,GAS,GEX,GMD,GVR,HAH,HCM,HDB,HDG,HPG,HSG,KDH,KLB,LPB,MBB,MBS,MCH,MSB,MSN,MWG,NAB,NKG,NLG,NT2,NVL,OCB,PDR,PGB,PHR,PLX,PNJ,POW,PPC,PVT,REE,SAB,SCR,SHB,SSB,SSI,STB,TCB,TPB,VBB,VCB,VCG,VCI,VGC,VHC,VHM,VIB,VIC,VJC,VND,VNM,VPB,VRE,VSC",0.08352117058047732,0.08352117058047732,0.009678720219808427,0.009678720219808427,0.0,0.0,0.005,20
topk_nonoverlap_v2,A_technical,RandomForest,2024-08-05,2024-09-04,2024-08-05,10,random_topk_deterministic,10,"BCM,BVH,ELC,KLB,MCH,NLG,PGB,PVT,VGC,VND",0.06864464426309576,0.06364464426309575,-0.005197806097573141,-0.01019780609757314,1.0000000000000002,0.005000000000000001,0.005,20
topk_nonoverlap_v2,A_technical,RandomForest,2024-09-04,2024-10-02,2024-09-04,5,model_topk,5,"BVH,HDB,NAB,SAB,SSB",-0.011781377744288783,-0.011781377744288783,-0.02121859360884428,-0.02121859360884428,0.0,0.0,0.005,20
topk_nonoverlap_v2,A_technical,RandomForest,2024-09-04,2024-10-02,2024-09-04,5,equal_weight_universe,80,"ABB,ACB,ANV,BAB,BCM,BID,BMP,BSI,BVB,BVH,CMG,CSV,CTG,DCM,DGW,DIG,DPM,DXG,EIB,ELC,EVF,FPT,FRT,GAS,GEX,GMD,GVR,HAH,HCM,HDB,HDG,HPG,HSG,KDH,KLB,LPB,MBB,MBS,MCH,MSB,MSN,MWG,NAB,NKG,NLG,NT2,NVL,OCB,PDR,PGB,PHR,PLX,PNJ,POW,PPC,PVT,REE,SAB,SCR,SHB,SSB,SSI,STB,TCB,TPB,VBB,VCB,VCG,VCI,VGC,VHC,VHM,VIB,VIC,VJC,VND,VNM,VPB,VRE,VSC",0.01796825498572943,0.01796825498572943,0.008531039121173964,0.008531039121173964,0.0,0.0,0.005,20
topk_nonoverlap_v2,A_technical,RandomForest,2024-09-04,2024-10-02,2024-09-04,5,random_topk_deterministic,5,"BCM,CTG,NKG,PGB,STB",0.0404847602466112,0.036484760246611195,0.031047544382055724,0.027047544382055724,0.7999999999999999,0.004,0.005,20
topk_nonoverlap_v2,A_technical,RandomForest,2024-09-04,2024-10-02,2024-09-04,10,model_topk,10,"BID,BVH,HDB,NAB,REE,SAB,SSB,VCB,VHM,VNM",-0.0019412582947054102,-0.0019412582947054102,-0.0113784741592609,-0.0113784741592609,0.0,0.0,0.005,20
topk_nonoverlap_v2,A_technical,RandomForest,2024-09-04,2024-10-02,2024-09-04,10,equal_weight_universe,80,"ABB,ACB,ANV,BAB,BCM,BID,BMP,BSI,BVB,BVH,CMG,CSV,CTG,DCM,DGW,DIG,DPM,DXG,EIB,ELC,EVF,FPT,FRT,GAS,GEX,GMD,GVR,HAH,HCM,HDB,HDG,HPG,HSG,KDH,KLB,LPB,MBB,MBS,MCH,MSB,MSN,MWG,NAB,NKG,NLG,NT2,NVL,OCB,PDR,PGB,PHR,PLX,PNJ,POW,PPC,PVT,REE,SAB,SCR,SHB,SSB,SSI,STB,TCB,TPB,VBB,VCB,VCG,VCI,VGC,VHC,VHM,VIB,VIC,VJC,VND,VNM,VPB,VRE,VSC",0.01796825498572943,0.01796825498572943,0.008531039121173964,0.008531039121173964,0.0,0.0,0.005,20
topk_nonoverlap_v2,A_technical,RandomForest,2024-09-04,2024-10-02,2024-09-04,10,random_topk_deterministic,10,"EVF,GEX,NAB,REE,STB,VCG,VCI,VIB,VJC,VND",0.02767633728260478,0.023176337282604778,0.01823912141804932,0.01373912141804932,0.9000000000000002,0.004500000000000001,0.005,20
topk_nonoverlap_v2,A_technical,RandomForest,2024-10-02,2024-10-30,2024-10-02,5,model_topk,5,"GEX,HPG,NKG,REE,SSB",-0.035770684342626556,-0.03977068434262655,-0.01308929535020532,-0.01708929535020532,0.7999999999999999,0.004,0.005,20
topk_nonoverlap_v2,A_technical,RandomForest,2024-10-02,2024-10-30,2024-10-02,5,equal_weight_universe,80,"ABB,ACB,ANV,BAB,BCM,BID,BMP,BSI,BVB,BVH,CMG,CSV,CTG,DCM,DGW,DIG,DPM,DXG,EIB,ELC,EVF,FPT,FRT,GAS,GEX,GMD,GVR,HAH,HCM,HDB,HDG,HPG,HSG,KDH,KLB,LPB,MBB,MBS,MCH,MSB,MSN,MWG,NAB,NKG,NLG,NT2,NVL,OCB,PDR,PGB,PHR,PLX,PNJ,POW,PPC,PVT,REE,SAB,SCR,SHB,SSB,SSI,STB,TCB,TPB,VBB,VCB,VCG,VCI,VGC,VHC,VHM,VIB,VIC,VJC,VND,VNM,VPB,VRE,VSC",-0.0261297907395873,-0.0261297907395873,-0.003448401747166087,-0.003448401747166087,0.0,0.0,0.005,20
topk_nonoverlap_v2,A_technical,RandomForest,2024-10-02,2024-10-30,2024-10-02,5,random_topk_deterministic,5,"BID,CTG,HDG,PPC,VIB",-0.0341978416085032,-0.0381978416085032,-0.011516452616081998,-0.015516452616081998,0.7999999999999999,0.004,0.005,20
topk_nonoverlap_v2,A_technical,RandomForest,2024-10-02,2024-10-30,2024-10-02,10,model_topk,10,"CSV,DIG,GEX,GVR,HPG,NKG,REE,SAB,SSB,VCG",-0.0484812962521565,-0.0519812962521565,-0.025799907259735255,-0.029299907259735254,0.7000000000000001,0.0035000000000000005,0.005,20
topk_nonoverlap_v2,A_technical,RandomForest,2024-10-02,2024-10-30,2024-10-02,10,equal_weight_universe,80,"ABB,ACB,ANV,BAB,BCM,BID,BMP,BSI,BVB,BVH,CMG,CSV,CTG,DCM,DGW,DIG,DPM,DXG,EIB,ELC,EVF,FPT,FRT,GAS,GEX,GMD,GVR,HAH,HCM,HDB,HDG,HPG,HSG,KDH,KLB,LPB,MBB,MBS,MCH,MSB,MSN,MWG,NAB,NKG,NLG,NT2,NVL,OCB,PDR,PGB,PHR,PLX,PNJ,POW,PPC,PVT,REE,SAB,SCR,SHB,SSB,SSI,STB,TCB,TPB,VBB,VCB,VCG,VCI,VGC,VHC,VHM,VIB,VIC,VJC,VND,VNM,VPB,VRE,VSC",-0.0261297907395873,-0.0261297907395873,-0.003448401747166087,-0.003448401747166087,0.0,0.0,0.005,20
topk_nonoverlap_v2,A_technical,RandomForest,2024-10-02,2024-10-30,2024-10-02,10,random_topk_deterministic,10,"BCM,BID,ELC,MSN,NT2,PNJ,SAB,VHC,VIB,VNM",-0.02300084749242512,-0.02750084749242512,-0.00031945850000391956,-0.004819458500003921,0.9000000000000002,0.004500000000000001,0.005,20
topk_nonoverlap_v2,A_technical,RandomForest,2024-10-30,2024-11-27,2024-10-30,5,model_topk,5,"GEX,HPG,NKG,REE,SSB",-0.022675945125599437,-0.022675945125599437,-0.009439330711514237,-0.009439330711514237,0.0,0.0,0.005,20
topk_nonoverlap_v2,A_technical,RandomForest,2024-10-30,2024-11-27,2024-10-30,5,equal_weight_universe,80,"ABB,ACB,ANV,BAB,BCM,BID,BMP,BSI,BVB,BVH,CMG,CSV,CTG,DCM,DGW,DIG,DPM,DXG,EIB,ELC,EVF,FPT,FRT,GAS,GEX,GMD,GVR,HAH,HCM,HDB,HDG,HPG,HSG,KDH,KLB,LPB,MBB,MBS,MCH,MSB,MSN,MWG,NAB,NKG,NLG,NT2,NVL,OCB,PDR,PGB,PHR,PLX,PNJ,POW,PPC,PVT,REE,SAB,SCR,SHB,SSB,SSI,STB,TCB,TPB,VBB,VCB,VCG,VCI,VGC,VHC,VHM,VIB,VIC,VJC,VND,VNM,VPB,VRE,VSC",-0.012914762825937832,-0.012914762825937832,0.0003218515881473488,0.0003218515881473488,0.0,0.0,0.005,20
topk_nonoverlap_v2,A_technical,RandomForest,2024-10-30,2024-11-27,2024-10-30,5,random_topk_deterministic,5,"BVB,ELC,HAH,KDH,PVT",0.009394593039895179,0.00439459303989518,0.02263120745398036,0.017631207453980363,0.9999999999999999,0.004999999999999999,0.005,20
topk_nonoverlap_v2,A_technical,RandomForest,2024-10-30,2024-11-27,2024-10-30,10,model_topk,10,"CSV,DIG,GEX,GVR,HPG,NKG,REE,SAB,SSB,VCG",-0.01491410749259425,-0.01491410749259425,-0.001677493078509089,-0.001677493078509089,0.0,0.0,0.005,20
topk_nonoverlap_v2,A_technical,RandomForest,2024-10-30,2024-11-27,2024-10-30,10,equal_weight_universe,80,"ABB,ACB,ANV,BAB,BCM,BID,BMP,BSI,BVB,BVH,CMG,CSV,CTG,DCM,DGW,DIG,DPM,DXG,EIB,ELC,EVF,FPT,FRT,GAS,GEX,GMD,GVR,HAH,HCM,HDB,HDG,HPG,HSG,KDH,KLB,LPB,MBB,MBS,MCH,MSB,MSN,MWG,NAB,NKG,NLG,NT2,NVL,OCB,PDR,PGB,PHR,PLX,PNJ,POW,PPC,PVT,REE,SAB,SCR,SHB,SSB,SSI,STB,TCB,TPB,VBB,VCB,VCG,VCI,VGC,VHC,VHM,VIB,VIC,VJC,VND,VNM,VPB,VRE,VSC",-0.012914762825937832,-0.012914762825937832,0.0003218515881473488,0.0003218515881473488,0.0,0.0,0.005,20
topk_nonoverlap_v2,A_technical,RandomForest,2024-10-30,2024-11-27,2024-10-30,10,random_topk_deterministic,10,"BCM,DPM,GAS,HCM,NKG,PVT,SHB,TCB,VIC,VND",-0.01565789455842019,-0.02015789455842019,-0.0024212801443350097,-0.006921280144335011,0.9000000000000002,0.004500000000000001,0.005,20
topk_nonoverlap_v2,A_technical,RandomForest,2024-11-27,2024-12-25,2024-11-27,5,model_topk,5,"GEX,HPG,NKG,REE,SSB",0.01932431655295132,0.01932431655295132,-0.006497563202598258,-0.006497563202598258,0.0,0.0,0.005,20
topk_nonoverlap_v2,A_technical,RandomForest,2024-11-27,2024-12-25,2024-11-27,5,equal_weight_universe,80,"ABB,ACB,ANV,BAB,BCM,BID,BMP,BSI,BVB,BVH,CMG,CSV,CTG,DCM,DGW,DIG,DPM,DXG,EIB,ELC,EVF,FPT,FRT,GAS,GEX,GMD,GVR,HAH,HCM,HDB,HDG,HPG,HSG,KDH,KLB,LPB,MBB,MBS,MCH,MSB,MSN,MWG,NAB,NKG,NLG,NT2,NVL,OCB,PDR,PGB,PHR,PLX,PNJ,POW,PPC,PVT,REE,SAB,SCR,SHB,SSB,SSI,STB,TCB,TPB,VBB,VCB,VCG,VCI,VGC,VHC,VHM,VIB,VIC,VJC,VND,VNM,VPB,VRE,VSC",0.029364551346184587,0.029364551346184587,0.003542671590634985,0.003542671590634985,0.0,0.0,0.005,20
topk_nonoverlap_v2,A_technical,RandomForest,2024-11-27,2024-12-25,2024-11-27,5,random_topk_deterministic,5,"ABB,BMP,NT2,VGC,VHM",0.06299012457313136,0.05799012457313136,0.037168244817581755,0.03216824481758176,0.9999999999999999,0.004999999999999999,0.005,20
topk_nonoverlap_v2,A_technical,RandomForest,2024-11-27,2024-12-25,2024-11-27,10,model_topk,10,"CSV,DIG,GEX,GVR,HPG,NKG,REE,SAB,SSB,VCG",0.03331945618289091,0.03331945618289091,0.00749757642734131,0.00749757642734131,0.0,0.0,0.005,20
topk_nonoverlap_v2,A_technical,RandomForest,2024-11-27,2024-12-25,2024-11-27,10,equal_weight_universe,80,"ABB,ACB,ANV,BAB,BCM,BID,BMP,BSI,BVB,BVH,CMG,CSV,CTG,DCM,DGW,DIG,DPM,DXG,EIB,ELC,EVF,FPT,FRT,GAS,GEX,GMD,GVR,HAH,HCM,HDB,HDG,HPG,HSG,KDH,KLB,LPB,MBB,MBS,MCH,MSB,MSN,MWG,NAB,NKG,NLG,NT2,NVL,OCB,PDR,PGB,PHR,PLX,PNJ,POW,PPC,PVT,REE,SAB,SCR,SHB,SSB,SSI,STB,TCB,TPB,VBB,VCB,VCG,VCI,VGC,VHC,VHM,VIB,VIC,VJC,VND,VNM,VPB,VRE,VSC",0.029364551346184587,0.029364551346184587,0.003542671590634985,0.003542671590634985,0.0,0.0,0.005,20
topk_nonoverlap_v2,A_technical,RandomForest,2024-11-27,2024-12-25,2024-11-27,10,random_topk_deterministic,10,"CSV,MBS,NKG,PHR,SAB,SSB,TPB,VCB,VCG,VJC",0.037215604211009806,0.0327156042110098,0.0113937244554602,0.006893724455460199,0.9000000000000002,0.004500000000000001,0.005,20
topk_nonoverlap_v2,A_technical,RandomForest,2024-12-25,2025-01-23,2024-12-25,5,model_topk,5,"ANV,BVH,DXG,FPT,HAH",-0.032172653687134,-0.037172653687133995,-0.02086217677903076,-0.025862176779030757,0.9999999999999999,0.004999999999999999,0.005,20
topk_nonoverlap_v2,A_technical,RandomForest,2024-12-25,2025-01-23,2024-12-25,5,equal_weight_universe,80,"ABB,ACB,ANV,BAB,BCM,BID,BMP,BSI,BVB,BVH,CMG,CSV,CTG,DCM,DGW,DIG,DPM,DXG,EIB,ELC,EVF,FPT,FRT,GAS,GEX,GMD,GVR,HAH,HCM,HDB,HDG,HPG,HSG,KDH,KLB,LPB,MBB,MBS,MCH,MSB,MSN,MWG,NAB,NKG,NLG,NT2,NVL,OCB,PDR,PGB,PHR,PLX,PNJ,POW,PPC,PVT,REE,SAB,SCR,SHB,SSB,SSI,STB,TCB,TPB,VBB,VCB,VCG,VCI,VGC,VHC,VHM,VIB,VIC,VJC,VND,VNM,VPB,VRE,VSC",-0.02469870508520982,-0.02469870508520982,-0.013388228177106554,-0.013388228177106554,0.0,0.0,0.005,20
topk_nonoverlap_v2,A_technical,RandomForest,2024-12-25,2025-01-23,2024-12-25,5,random_topk_deterministic,5,"BID,MBS,MWG,POW,VND",-0.041155550196616035,-0.04615555019661603,-0.02984507328851278,-0.03484507328851278,0.9999999999999999,0.004999999999999999,0.005,20
topk_nonoverlap_v2,A_technical,RandomForest,2024-12-25,2025-01-23,2024-12-25,10,model_topk,10,"ANV,BVH,DXG,FPT,HAH,HDG,LPB,MCH,VBB,VCB",-0.014488599303723801,-0.019488599303723802,-0.0031781223956205418,-0.008178122395620543,1.0000000000000002,0.005000000000000001,0.005,20
topk_nonoverlap_v2,A_technical,RandomForest,2024-12-25,2025-01-23,2024-12-25,10,equal_weight_universe,80,"ABB,ACB,ANV,BAB,BCM,BID,BMP,BSI,BVB,BVH,CMG,CSV,CTG,DCM,DGW,DIG,DPM,DXG,EIB,ELC,EVF,FPT,FRT,GAS,GEX,GMD,GVR,HAH,HCM,HDB,HDG,HPG,HSG,KDH,KLB,LPB,MBB,MBS,MCH,MSB,MSN,MWG,NAB,NKG,NLG,NT2,NVL,OCB,PDR,PGB,PHR,PLX,PNJ,POW,PPC,PVT,REE,SAB,SCR,SHB,SSB,SSI,STB,TCB,TPB,VBB,VCB,VCG,VCI,VGC,VHC,VHM,VIB,VIC,VJC,VND,VNM,VPB,VRE,VSC",-0.02469870508520982,-0.02469870508520982,-0.013388228177106554,-0.013388228177106554,0.0,0.0,0.005,20
topk_nonoverlap_v2,A_technical,RandomForest,2024-12-25,2025-01-23,2024-12-25,10,random_topk_deterministic,10,"BCM,BID,CMG,DXG,GVR,HPG,HSG,STB,VCI,VIB",-0.01616103807527406,-0.02116103807527406,-0.00485056116717077,-0.009850561167170771,1.0000000000000002,0.005000000000000001,0.005,20
topk_nonoverlap_v2,A_technical,RandomForest,2025-01-23,2025-02-27,2025-01-23,5,model_topk,5,"FRT,MSB,OCB,SCR,VPB",0.04288131649103704,0.03788131649103704,0.004639928146840979,-0.00036007185315902,0.9999999999999999,0.004999999999999999,0.005,20
topk_nonoverlap_v2,A_technical,RandomForest,2025-01-23,2025-02-27,2025-01-23,5,equal_weight_universe,80,"ABB,ACB,ANV,BAB,BCM,BID,BMP,BSI,BVB,BVH,CMG,CSV,CTG,DCM,DGW,DIG,DPM,DXG,EIB,ELC,EVF,FPT,FRT,GAS,GEX,GMD,GVR,HAH,HCM,HDB,HDG,HPG,HSG,KDH,KLB,LPB,MBB,MBS,MCH,MSB,MSN,MWG,NAB,NKG,NLG,NT2,NVL,OCB,PDR,PGB,PHR,PLX,PNJ,POW,PPC,PVT,REE,SAB,SCR,SHB,SSB,SSI,STB,TCB,TPB,VBB,VCB,VCG,VCI,VGC,VHC,VHM,VIB,VIC,VJC,VND,VNM,VPB,VRE,VSC",0.05936162476183893,0.05936162476183893,0.021120236417642844,0.021120236417642844,0.0,0.0,0.005,20
topk_nonoverlap_v2,A_technical,RandomForest,2025-01-23,2025-02-27,2025-01-23,5,random_topk_deterministic,5,"BID,GVR,HDB,SAB,SCR",0.07380705936693921,0.0698070593669392,0.035565671022743155,0.03156567102274316,0.7999999999999999,0.004,0.005,20
topk_nonoverlap_v2,A_technical,RandomForest,2025-01-23,2025-02-27,2025-01-23,10,model_topk,10,"BID,FRT,MSB,MSN,MWG,OCB,REE,SCR,TPB,VPB",0.044809774136797174,0.03980977413679718,0.00656838579260112,0.0015683857926011187,1.0000000000000002,0.005000000000000001,0.005,20
topk_nonoverlap_v2,A_technical,RandomForest,2025-01-23,2025-02-27,2025-01-23,10,equal_weight_universe,80,"ABB,ACB,ANV,BAB,BCM,BID,BMP,BSI,BVB,BVH,CMG,CSV,CTG,DCM,DGW,DIG,DPM,DXG,EIB,ELC,EVF,FPT,FRT,GAS,GEX,GMD,GVR,HAH,HCM,HDB,HDG,HPG,HSG,KDH,KLB,LPB,MBB,MBS,MCH,MSB,MSN,MWG,NAB,NKG,NLG,NT2,NVL,OCB,PDR,PGB,PHR,PLX,PNJ,POW,PPC,PVT,REE,SAB,SCR,SHB,SSB,SSI,STB,TCB,TPB,VBB,VCB,VCG,VCI,VGC,VHC,VHM,VIB,VIC,VJC,VND,VNM,VPB,VRE,VSC",0.05936162476183893,0.05936162476183893,0.021120236417642844,0.021120236417642844,0.0,0.0,0.005,20
topk_nonoverlap_v2,A_technical,RandomForest,2025-01-23,2025-02-27,2025-01-23,10,random_topk_deterministic,10,"HPG,KDH,LPB,MSN,NLG,PLX,VCG,VCI,VIB,VPB",0.0379180246006164,0.034418024600616395,-0.00032336374357969935,-0.0038233637435796997,0.7000000000000001,0.0035000000000000005,0.005,20
topk_nonoverlap_v2,A_technical,RandomForest,2025-02-27,2025-03-27,2025-02-27,5,model_topk,5,"FRT,MSB,OCB,SCR,VPB",-0.00015329251225805915,-0.00015329251225805915,-0.012395225529539,-0.012395225529539,0.0,0.0,0.005,20
topk_nonoverlap_v2,A_technical,RandomForest,2025-02-27,2025-03-27,2025-02-27,5,equal_weight_universe,80,"ABB,ACB,ANV,BAB,BCM,BID,BMP,BSI,BVB,BVH,CMG,CSV,CTG,DCM,DGW,DIG,DPM,DXG,EIB,ELC,EVF,FPT,FRT,GAS,GEX,GMD,GVR,HAH,HCM,HDB,HDG,HPG,HSG,KDH,KLB,LPB,MBB,MBS,MCH,MSB,MSN,MWG,NAB,NKG,NLG,NT2,NVL,OCB,PDR,PGB,PHR,PLX,PNJ,POW,PPC,PVT,REE,SAB,SCR,SHB,SSB,SSI,STB,TCB,TPB,VBB,VCB,VCG,VCI,VGC,VHC,VHM,VIB,VIC,VJC,VND,VNM,VPB,VRE,VSC",-0.004235050361496695,-0.004235050361496695,-0.016476983378777642,-0.016476983378777642,0.0,0.0,0.005,20
topk_nonoverlap_v2,A_technical,RandomForest,2025-02-27,2025-03-27,2025-02-27,5,random_topk_deterministic,5,"ACB,BVH,FPT,GEX,NVL",-0.02854812877251156,-0.03354812877251156,-0.0407900617897925,-0.045790061789792495,0.9999999999999999,0.004999999999999999,0.005,20
topk_nonoverlap_v2,A_technical,RandomForest,2025-02-27,2025-03-27,2025-02-27,10,model_topk,10,"BID,FRT,MSB,MSN,MWG,OCB,REE,SCR,TPB,VPB",-0.01661926919655479,-0.01661926919655479,-0.02886120221383573,-0.02886120221383573,0.0,0.0,0.005,20
topk_nonoverlap_v2,A_technical,RandomForest,2025-02-27,2025-03-27,2025-02-27,10,equal_weight_universe,80,"ABB,ACB,ANV,BAB,BCM,BID,BMP,BSI,BVB,BVH,CMG,CSV,CTG,DCM,DGW,DIG,DPM,DXG,EIB,ELC,EVF,FPT,FRT,GAS,GEX,GMD,GVR,HAH,HCM,HDB,HDG,HPG,HSG,KDH,KLB,LPB,MBB,MBS,MCH,MSB,MSN,MWG,NAB,NKG,NLG,NT2,NVL,OCB,PDR,PGB,PHR,PLX,PNJ,POW,PPC,PVT,REE,SAB,SCR,SHB,SSB,SSI,STB,TCB,TPB,VBB,VCB,VCG,VCI,VGC,VHC,VHM,VIB,VIC,VJC,VND,VNM,VPB,VRE,VSC",-0.004235050361496695,-0.004235050361496695,-0.016476983378777642,-0.016476983378777642,0.0,0.0,0.005,20
topk_nonoverlap_v2,A_technical,RandomForest,2025-02-27,2025-03-27,2025-02-27,10,random_topk_deterministic,10,"ABB,GMD,HCM,MCH,NAB,NKG,NVL,OCB,VHC,VIB",-0.029403086891833498,-0.0339030868918335,-0.04164501990911443,-0.04614501990911443,0.9000000000000002,0.004500000000000001,0.005,20
topk_nonoverlap_v2,A_technical,RandomForest,2025-03-27,2025-04-25,2025-03-27,5,model_topk,5,"FRT,MSB,OCB,SCR,VPB",-0.09392851186755542,-0.09392851186755542,-0.02248321382629582,-0.02248321382629582,0.0,0.0,0.005,20
topk_nonoverlap_v2,A_technical,RandomForest,2025-03-27,2025-04-25,2025-03-27,5,equal_weight_universe,80,"ABB,ACB,ANV,BAB,BCM,BID,BMP,BSI,BVB,BVH,CMG,CSV,CTG,DCM,DGW,DIG,DPM,DXG,EIB,ELC,EVF,FPT,FRT,GAS,GEX,GMD,GVR,HAH,HCM,HDB,HDG,HPG,HSG,KDH,KLB,LPB,MBB,MBS,MCH,MSB,MSN,MWG,NAB,NKG,NLG,NT2,NVL,OCB,PDR,PGB,PHR,PLX,PNJ,POW,PPC,PVT,REE,SAB,SCR,SHB,SSB,SSI,STB,TCB,TPB,VBB,VCB,VCG,VCI,VGC,VHC,VHM,VIB,VIC,VJC,VND,VNM,VPB,VRE,VSC",-0.0825701079496278,-0.0825701079496278,-0.011124809908368168,-0.011124809908368168,0.0,0.0,0.005,20
topk_nonoverlap_v2,A_technical,RandomForest,2025-03-27,2025-04-25,2025-03-27,5,random_topk_deterministic,5,"BVB,DCM,EIB,MBB,VCI",-0.055728747405167464,-0.06072874740516746,0.0157165506360921,0.0107165506360921,0.9999999999999999,0.004999999999999999,0.005,20
topk_nonoverlap_v2,A_technical,RandomForest,2025-03-27,2025-04-25,2025-03-27,10,model_topk,10,"BID,FRT,MSB,MSN,MWG,OCB,REE,SCR,TPB,VPB",-0.07860657348921234,-0.07860657348921234,-0.007161275447952749,-0.007161275447952749,0.0,0.0,0.005,20
topk_nonoverlap_v2,A_technical,RandomForest,2025-03-27,2025-04-25,2025-03-27,10,equal_weight_universe,80,"ABB,ACB,ANV,BAB,BCM,BID,BMP,BSI,BVB,BVH,CMG,CSV,CTG,DCM,DGW,DIG,DPM,DXG,EIB,ELC,EVF,FPT,FRT,GAS,GEX,GMD,GVR,HAH,HCM,HDB,HDG,HPG,HSG,KDH,KLB,LPB,MBB,MBS,MCH,MSB,MSN,MWG,NAB,NKG,NLG,NT2,NVL,OCB,PDR,PGB,PHR,PLX,PNJ,POW,PPC,PVT,REE,SAB,SCR,SHB,SSB,SSI,STB,TCB,TPB,VBB,VCB,VCG,VCI,VGC,VHC,VHM,VIB,VIC,VJC,VND,VNM,VPB,VRE,VSC",-0.0825701079496278,-0.0825701079496278,-0.011124809908368168,-0.011124809908368168,0.0,0.0,0.005,20
topk_nonoverlap_v2,A_technical,RandomForest,2025-03-27,2025-04-25,2025-03-27,10,random_topk_deterministic,10,"DPM,EIB,EVF,MBB,OCB,PDR,REE,SSB,SSI,TPB",-0.07867987034277728,-0.08317987034277728,-0.00723457230151771,-0.011734572301517712,0.9000000000000002,0.004500000000000001,0.005,20
topk_nonoverlap_v2,A_technical,RandomForest,2025-04-25,2025-05-28,2025-04-25,5,model_topk,5,"BSI,CSV,KDH,NAB,STB",0.06593211747802327,0.060932117478023275,-0.025702483044254775,-0.030702483044254776,0.9999999999999999,0.004999999999999999,0.005,20
topk_nonoverlap_v2,A_technical,RandomForest,2025-04-25,2025-05-28,2025-04-25,5,equal_weight_universe,80,"ABB,ACB,ANV,BAB,BCM,BID,BMP,BSI,BVB,BVH,CMG,CSV,CTG,DCM,DGW,DIG,DPM,DXG,EIB,ELC,EVF,FPT,FRT,GAS,GEX,GMD,GVR,HAH,HCM,HDB,HDG,HPG,HSG,KDH,KLB,LPB,MBB,MBS,MCH,MSB,MSN,MWG,NAB,NKG,NLG,NT2,NVL,OCB,PDR,PGB,PHR,PLX,PNJ,POW,PPC,PVT,REE,SAB,SCR,SHB,SSB,SSI,STB,TCB,TPB,VBB,VCB,VCG,VCI,VGC,VHC,VHM,VIB,VIC,VJC,VND,VNM,VPB,VRE,VSC",0.10309605388460427,0.10309605388460427,0.011461453362326185,0.011461453362326185,0.0,0.0,0.005,20
topk_nonoverlap_v2,A_technical,RandomForest,2025-04-25,2025-05-28,2025-04-25,5,random_topk_deterministic,5,"BID,BSI,DCM,NT2,PHR",0.0756922053701313,0.0716922053701313,-0.01594239515214672,-0.01994239515214672,0.7999999999999999,0.004,0.005,20
topk_nonoverlap_v2,A_technical,RandomForest,2025-04-25,2025-05-28,2025-04-25,10,model_topk,10,"BSI,CSV,ELC,FRT,KDH,MCH,NAB,STB,VIB,VRE",0.07165909362603883,0.06715909362603882,-0.019975506896239233,-0.024475506896239233,0.9000000000000002,0.004500000000000001,0.005,20
topk_nonoverlap_v2,A_technical,RandomForest,2025-04-25,2025-05-28,2025-04-25,10,equal_weight_universe,80,"ABB,ACB,ANV,BAB,BCM,BID,BMP,BSI,BVB,BVH,CMG,CSV,CTG,DCM,DGW,DIG,DPM,DXG,EIB,ELC,EVF,FPT,FRT,GAS,GEX,GMD,GVR,HAH,HCM,HDB,HDG,HPG,HSG,KDH,KLB,LPB,MBB,MBS,MCH,MSB,MSN,MWG,NAB,NKG,NLG,NT2,NVL,OCB,PDR,PGB,PHR,PLX,PNJ,POW,PPC,PVT,REE,SAB,SCR,SHB,SSB,SSI,STB,TCB,TPB,VBB,VCB,VCG,VCI,VGC,VHC,VHM,VIB,VIC,VJC,VND,VNM,VPB,VRE,VSC",0.10309605388460427,0.10309605388460427,0.011461453362326185,0.011461453362326185,0.0,0.0,0.005,20
topk_nonoverlap_v2,A_technical,RandomForest,2025-04-25,2025-05-28,2025-04-25,10,random_topk_deterministic,10,"DIG,FPT,HAH,HCM,PGB,PHR,PPC,STB,VJC,VRE",0.10118331552304657,0.09618331552304657,0.009548715000768501,0.0045487150007685,1.0000000000000002,0.005000000000000001,0.005,20
topk_nonoverlap_v2,A_technical,RandomForest,2025-05-28,2025-06-25,2025-05-28,5,model_topk,5,"BSI,CSV,KDH,NAB,STB",0.014997959094839561,0.014997959094839561,-0.003543330299811298,-0.003543330299811298,0.0,0.0,0.005,20
topk_nonoverlap_v2,A_technical,RandomForest,2025-05-28,2025-06-25,2025-05-28,5,equal_weight_universe,80,"ABB,ACB,ANV,BAB,BCM,BID,BMP,BSI,BVB,BVH,CMG,CSV,CTG,DCM,DGW,DIG,DPM,DXG,EIB,ELC,EVF,FPT,FRT,GAS,GEX,GMD,GVR,HAH,HCM,HDB,HDG,HPG,HSG,KDH,KLB,LPB,MBB,MBS,MCH,MSB,MSN,MWG,NAB,NKG,NLG,NT2,NVL,OCB,PDR,PGB,PHR,PLX,PNJ,POW,PPC,PVT,REE,SAB,SCR,SHB,SSB,SSI,STB,TCB,TPB,VBB,VCB,VCG,VCI,VGC,VHC,VHM,VIB,VIC,VJC,VND,VNM,VPB,VRE,VSC",0.026681130322015346,0.026681130322015346,0.008139840927364526,0.008139840927364526,0.0,0.0,0.005,20
topk_nonoverlap_v2,A_technical,RandomForest,2025-05-28,2025-06-25,2025-05-28,5,random_topk_deterministic,5,"BCM,SSI,STB,VHC,VSC",0.008787949881044959,0.0037879498810449597,-0.009753339513605838,-0.014753339513605837,0.9999999999999999,0.004999999999999999,0.005,20
topk_nonoverlap_v2,A_technical,RandomForest,2025-05-28,2025-06-25,2025-05-28,10,model_topk,10,"BSI,CSV,ELC,FRT,KDH,MCH,NAB,STB,VIB,VRE",-0.004734226712783842,-0.004734226712783842,-0.023275516107434682,-0.023275516107434682,0.0,0.0,0.005,20
topk_nonoverlap_v2,A_technical,RandomForest,2025-05-28,2025-06-25,2025-05-28,10,equal_weight_universe,80,"ABB,ACB,ANV,BAB,BCM,BID,BMP,BSI,BVB,BVH,CMG,CSV,CTG,DCM,DGW,DIG,DPM,DXG,EIB,ELC,EVF,FPT,FRT,GAS,GEX,GMD,GVR,HAH,HCM,HDB,HDG,HPG,HSG,KDH,KLB,LPB,MBB,MBS,MCH,MSB,MSN,MWG,NAB,NKG,NLG,NT2,NVL,OCB,PDR,PGB,PHR,PLX,PNJ,POW,PPC,PVT,REE,SAB,SCR,SHB,SSB,SSI,STB,TCB,TPB,VBB,VCB,VCG,VCI,VGC,VHC,VHM,VIB,VIC,VJC,VND,VNM,VPB,VRE,VSC",0.026681130322015346,0.026681130322015346,0.008139840927364526,0.008139840927364526,0.0,0.0,0.005,20
topk_nonoverlap_v2,A_technical,RandomForest,2025-05-28,2025-06-25,2025-05-28,10,random_topk_deterministic,10,"BCM,BVB,BVH,DPM,EIB,FPT,MSB,MWG,NKG,VHC",0.022840263552320033,0.018340263552320032,0.00429897415766922,-0.00020102584233078116,0.9000000000000002,0.004500000000000001,0.005,20
topk_nonoverlap_v2,A_technical,RandomForest,2025-06-25,2025-07-23,2025-06-25,5,model_topk,5,"BSI,CSV,KDH,NAB,STB",0.09489324928282897,0.09489324928282897,-0.011607573837712281,-0.011607573837712281,0.0,0.0,0.005,20
topk_nonoverlap_v2,A_technical,RandomForest,2025-06-25,2025-07-23,2025-06-25,5,equal_weight_universe,80,"ABB,ACB,ANV,BAB,BCM,BID,BMP,BSI,BVB,BVH,CMG,CSV,CTG,DCM,DGW,DIG,DPM,DXG,EIB,ELC,EVF,FPT,FRT,GAS,GEX,GMD,GVR,HAH,HCM,HDB,HDG,HPG,HSG,KDH,KLB,LPB,MBB,MBS,MCH,MSB,MSN,MWG,NAB,NKG,NLG,NT2,NVL,OCB,PDR,PGB,PHR,PLX,PNJ,POW,PPC,PVT,REE,SAB,SCR,SHB,SSB,SSI,STB,TCB,TPB,VBB,VCB,VCG,VCI,VGC,VHC,VHM,VIB,VIC,VJC,VND,VNM,VPB,VRE,VSC",0.11601544390767823,0.11601544390767823,0.009514620787136937,0.009514620787136937,0.0,0.0,0.005,20
topk_nonoverlap_v2,A_technical,RandomForest,2025-06-25,2025-07-23,2025-06-25,5,random_topk_deterministic,5,"BID,CMG,GVR,NLG,PNJ",0.08307826998452346,0.07807826998452345,-0.023422553136017783,-0.028422553136017784,0.9999999999999999,0.004999999999999999,0.005,20
topk_nonoverlap_v2,A_technical,RandomForest,2025-06-25,2025-07-23,2025-06-25,10,model_topk,10,"BSI,CSV,ELC,FRT,KDH,MCH,NAB,STB,VIB,VRE",0.09335771967766006,0.09335771967766006,-0.01314310344288124,-0.01314310344288124,0.0,0.0,0.005,20
topk_nonoverlap_v2,A_technical,RandomForest,2025-06-25,2025-07-23,2025-06-25,10,equal_weight_universe,80,"ABB,ACB,ANV,BAB,BCM,BID,BMP,BSI,BVB,BVH,CMG,CSV,CTG,DCM,DGW,DIG,DPM,DXG,EIB,ELC,EVF,FPT,FRT,GAS,GEX,GMD,GVR,HAH,HCM,HDB,HDG,HPG,HSG,KDH,KLB,LPB,MBB,MBS,MCH,MSB,MSN,MWG,NAB,NKG,NLG,NT2,NVL,OCB,PDR,PGB,PHR,PLX,PNJ,POW,PPC,PVT,REE,SAB,SCR,SHB,SSB,SSI,STB,TCB,TPB,VBB,VCB,VCG,VCI,VGC,VHC,VHM,VIB,VIC,VJC,VND,VNM,VPB,VRE,VSC",0.11601544390767823,0.11601544390767823,0.009514620787136937,0.009514620787136937,0.0,0.0,0.005,20
topk_nonoverlap_v2,A_technical,RandomForest,2025-06-25,2025-07-23,2025-06-25,10,random_topk_deterministic,10,"DGW,DIG,HAH,NAB,OCB,PLX,SSI,TPB,VCI,VPB",0.14805779199272145,0.14305779199272145,0.04155696887218015,0.03655696887218014,1.0000000000000002,0.005000000000000001,0.005,20
topk_nonoverlap_v2,A_technical,RandomForest,2025-07-23,2025-08-20,2025-07-23,5,model_topk,5,"BSI,GEX,KLB,SSB,VBB",0.12746244132066167,0.12346244132066167,0.0269208856872269,0.0229208856872269,0.7999999999999999,0.004,0.005,20
topk_nonoverlap_v2,A_technical,RandomForest,2025-07-23,2025-08-20,2025-07-23,5,equal_weight_universe,80,"ABB,ACB,ANV,BAB,BCM,BID,BMP,BSI,BVB,BVH,CMG,CSV,CTG,DCM,DGW,DIG,DPM,DXG,EIB,ELC,EVF,FPT,FRT,GAS,GEX,GMD,GVR,HAH,HCM,HDB,HDG,HPG,HSG,KDH,KLB,LPB,MBB,MBS,MCH,MSB,MSN,MWG,NAB,NKG,NLG,NT2,NVL,OCB,PDR,PGB,PHR,PLX,PNJ,POW,PPC,PVT,REE,SAB,SCR,SHB,SSB,SSI,STB,TCB,TPB,VBB,VCB,VCG,VCI,VGC,VHC,VHM,VIB,VIC,VJC,VND,VNM,VPB,VRE,VSC",0.11862726193998803,0.11862726193998803,0.018085706306553245,0.018085706306553245,0.0,0.0,0.005,20
topk_nonoverlap_v2,A_technical,RandomForest,2025-07-23,2025-08-20,2025-07-23,5,random_topk_deterministic,5,"BAB,DIG,HPG,STB,VIB",0.16727127631968924,0.16227127631968924,0.06672972068625446,0.061729720686254465,0.9999999999999999,0.004999999999999999,0.005,20
topk_nonoverlap_v2,A_technical,RandomForest,2025-07-23,2025-08-20,2025-07-23,10,model_topk,10,"BMP,BSI,BVH,GEX,HDG,KLB,LPB,SSB,VBB,VRE",0.11194416732638157,0.10794416732638157,0.011402611692946787,0.007402611692946786,0.8000000000000002,0.004000000000000001,0.005,20
topk_nonoverlap_v2,A_technical,RandomForest,2025-07-23,2025-08-20,2025-07-23,10,equal_weight_universe,80,"ABB,ACB,ANV,BAB,BCM,BID,BMP,BSI,BVB,BVH,CMG,CSV,CTG,DCM,DGW,DIG,DPM,DXG,EIB,ELC,EVF,FPT,FRT,GAS,GEX,GMD,GVR,HAH,HCM,HDB,HDG,HPG,HSG,KDH,KLB,LPB,MBB,MBS,MCH,MSB,MSN,MWG,NAB,NKG,NLG,NT2,NVL,OCB,PDR,PGB,PHR,PLX,PNJ,POW,PPC,PVT,REE,SAB,SCR,SHB,SSB,SSI,STB,TCB,TPB,VBB,VCB,VCG,VCI,VGC,VHC,VHM,VIB,VIC,VJC,VND,VNM,VPB,VRE,VSC",0.11862726193998803,0.11862726193998803,0.018085706306553245,0.018085706306553245,0.0,0.0,0.005,20
topk_nonoverlap_v2,A_technical,RandomForest,2025-07-23,2025-08-20,2025-07-23,10,random_topk_deterministic,10,"BVH,DIG,ELC,MBB,MCH,NLG,POW,SSI,TCB,VIB",0.13661526741074725,0.13261526741074725,0.03607371177731243,0.03207371177731243,0.8000000000000002,0.004000000000000001,0.005,20
topk_nonoverlap_v2,A_technical,RandomForest,2025-08-20,2025-09-19,2025-08-20,5,model_topk,5,"BSI,GEX,KLB,SSB,VBB",-0.008373343686993006,-0.008373343686993006,-0.0049245705850198785,-0.0049245705850198785,0.0,0.0,0.005,20
topk_nonoverlap_v2,A_technical,RandomForest,2025-08-20,2025-09-19,2025-08-20,5,equal_weight_universe,80,"ABB,ACB,ANV,BAB,BCM,BID,BMP,BSI,BVB,BVH,CMG,CSV,CTG,DCM,DGW,DIG,DPM,DXG,EIB,ELC,EVF,FPT,FRT,GAS,GEX,GMD,GVR,HAH,HCM,HDB,HDG,HPG,HSG,KDH,KLB,LPB,MBB,MBS,MCH,MSB,MSN,MWG,NAB,NKG,NLG,NT2,NVL,OCB,PDR,PGB,PHR,PLX,PNJ,POW,PPC,PVT,REE,SAB,SCR,SHB,SSB,SSI,STB,TCB,TPB,VBB,VCB,VCG,VCI,VGC,VHC,VHM,VIB,VIC,VJC,VND,VNM,VPB,VRE,VSC",-0.012411640265388761,-0.012411640265388761,-0.008962867163415647,-0.008962867163415647,0.0,0.0,0.005,20
topk_nonoverlap_v2,A_technical,RandomForest,2025-08-20,2025-09-19,2025-08-20,5,random_topk_deterministic,5,"BSI,EIB,PDR,POW,TCB",-0.08616854890745428,-0.09116854890745428,-0.08271977580548118,-0.08771977580548118,0.9999999999999999,0.004999999999999999,0.005,20
topk_nonoverlap_v2,A_technical,RandomForest,2025-08-20,2025-09-19,2025-08-20,10,model_topk,10,"BMP,BSI,BVH,GEX,HDG,KLB,LPB,SSB,VBB,VRE",0.007715210099773368,0.007715210099773368,0.01116398320174648,0.01116398320174648,0.0,0.0,0.005,20
topk_nonoverlap_v2,A_technical,RandomForest,2025-08-20,2025-09-19,2025-08-20,10,equal_weight_universe,80,"ABB,ACB,ANV,BAB,BCM,BID,BMP,BSI,BVB,BVH,CMG,CSV,CTG,DCM,DGW,DIG,DPM,DXG,EIB,ELC,EVF,FPT,FRT,GAS,GEX,GMD,GVR,HAH,HCM,HDB,HDG,HPG,HSG,KDH,KLB,LPB,MBB,MBS,MCH,MSB,MSN,MWG,NAB,NKG,NLG,NT2,NVL,OCB,PDR,PGB,PHR,PLX,PNJ,POW,PPC,PVT,REE,SAB,SCR,SHB,SSB,SSI,STB,TCB,TPB,VBB,VCB,VCG,VCI,VGC,VHC,VHM,VIB,VIC,VJC,VND,VNM,VPB,VRE,VSC",-0.012411640265388761,-0.012411640265388761,-0.008962867163415647,-0.008962867163415647,0.0,0.0,0.005,20
topk_nonoverlap_v2,A_technical,RandomForest,2025-08-20,2025-09-19,2025-08-20,10,random_topk_deterministic,10,"BCM,BID,BSI,FPT,HDB,PGB,REE,SHB,VIB,VPB",-0.053374772546867844,-0.05787477254686785,-0.04992599944489474,-0.05442599944489474,0.9000000000000002,0.004500000000000001,0.005,20
topk_nonoverlap_v2,A_technical,RandomForest,2025-09-19,2025-10-17,2025-09-19,5,model_topk,5,"BSI,GEX,KLB,SSB,VBB",-0.01025553808027744,-0.01025553808027744,-0.054008778726115717,-0.054008778726115717,0.0,0.0,0.005,20
topk_nonoverlap_v2,A_technical,RandomForest,2025-09-19,2025-10-17,2025-09-19,5,equal_weight_universe,80,"ABB,ACB,ANV,BAB,BCM,BID,BMP,BSI,BVB,BVH,CMG,CSV,CTG,DCM,DGW,DIG,DPM,DXG,EIB,ELC,EVF,FPT,FRT,GAS,GEX,GMD,GVR,HAH,HCM,HDB,HDG,HPG,HSG,KDH,KLB,LPB,MBB,MBS,MCH,MSB,MSN,MWG,NAB,NKG,NLG,NT2,NVL,OCB,PDR,PGB,PHR,PLX,PNJ,POW,PPC,PVT,REE,SAB,SCR,SHB,SSB,SSI,STB,TCB,TPB,VBB,VCB,VCG,VCI,VGC,VHC,VHM,VIB,VIC,VJC,VND,VNM,VPB,VRE,VSC",0.0075955101855792375,0.0075955101855792375,-0.03615773046025904,-0.03615773046025904,0.0,0.0,0.005,20
topk_nonoverlap_v2,A_technical,RandomForest,2025-09-19,2025-10-17,2025-09-19,5,random_topk_deterministic,5,"BVB,EIB,MCH,NT2,VSC",-0.02022824520395234,-0.02422824520395234,-0.06398148584979065,-0.06798148584979065,0.7999999999999999,0.004,0.005,20
topk_nonoverlap_v2,A_technical,RandomForest,2025-09-19,2025-10-17,2025-09-19,10,model_topk,10,"BMP,BSI,BVH,GEX,HDG,KLB,LPB,SSB,VBB,VRE",0.044653501515051895,0.044653501515051895,0.0009002608692136232,0.0009002608692136232,0.0,0.0,0.005,20
topk_nonoverlap_v2,A_technical,RandomForest,2025-09-19,2025-10-17,2025-09-19,10,equal_weight_universe,80,"ABB,ACB,ANV,BAB,BCM,BID,BMP,BSI,BVB,BVH,CMG,CSV,CTG,DCM,DGW,DIG,DPM,DXG,EIB,ELC,EVF,FPT,FRT,GAS,GEX,GMD,GVR,HAH,HCM,HDB,HDG,HPG,HSG,KDH,KLB,LPB,MBB,MBS,MCH,MSB,MSN,MWG,NAB,NKG,NLG,NT2,NVL,OCB,PDR,PGB,PHR,PLX,PNJ,POW,PPC,PVT,REE,SAB,SCR,SHB,SSB,SSI,STB,TCB,TPB,VBB,VCB,VCG,VCI,VGC,VHC,VHM,VIB,VIC,VJC,VND,VNM,VPB,VRE,VSC",0.0075955101855792375,0.0075955101855792375,-0.03615773046025904,-0.03615773046025904,0.0,0.0,0.005,20
topk_nonoverlap_v2,A_technical,RandomForest,2025-09-19,2025-10-17,2025-09-19,10,random_topk_deterministic,10,"DXG,HCM,HDG,MSN,NKG,POW,PVT,VBB,VCB,VNM",-0.008549808705419059,-0.01354980870541906,-0.05230304935125736,-0.057303049351257365,1.0000000000000002,0.005000000000000001,0.005,20
topk_nonoverlap_v2,A_technical,RandomForest,2025-10-17,2025-11-14,2025-10-17,5,model_topk,5,"BVB,EVF,GAS,PHR,VIC",0.010651062033103582,0.0056510620331035825,0.06594828533037307,0.060948285330373074,0.9999999999999999,0.004999999999999999,0.005,20
topk_nonoverlap_v2,A_technical,RandomForest,2025-10-17,2025-11-14,2025-10-17,5,equal_weight_universe,80,"ABB,ACB,ANV,BAB,BCM,BID,BMP,BSI,BVB,BVH,CMG,CSV,CTG,DCM,DGW,DIG,DPM,DXG,EIB,ELC,EVF,FPT,FRT,GAS,GEX,GMD,GVR,HAH,HCM,HDB,HDG,HPG,HSG,KDH,KLB,LPB,MBB,MBS,MCH,MSB,MSN,MWG,NAB,NKG,NLG,NT2,NVL,OCB,PDR,PGB,PHR,PLX,PNJ,POW,PPC,PVT,REE,SAB,SCR,SHB,SSB,SSI,STB,TCB,TPB,VBB,VCB,VCG,VCI,VGC,VHC,VHM,VIB,VIC,VJC,VND,VNM,VPB,VRE,VSC",-0.034949749742080496,-0.034949749742080496,0.02034747355518898,0.02034747355518898,0.0,0.0,0.005,20
topk_nonoverlap_v2,A_technical,RandomForest,2025-10-17,2025-11-14,2025-10-17,5,random_topk_deterministic,5,"DGW,GEX,OCB,PPC,VND",-0.08923609703968856,-0.09423609703968856,-0.03393887374241909,-0.03893887374241909,0.9999999999999999,0.004999999999999999,0.005,20
topk_nonoverlap_v2,A_technical,RandomForest,2025-10-17,2025-11-14,2025-10-17,10,model_topk,10,"ABB,BVB,EVF,GAS,OCB,PHR,PLX,TPB,VIC,VPB",-0.012493699729716739,-0.01749369972971674,0.04280352356755274,0.03780352356755273,1.0000000000000002,0.005000000000000001,0.005,20
topk_nonoverlap_v2,A_technical,RandomForest,2025-10-17,2025-11-14,2025-10-17,10,equal_weight_universe,80,"ABB,ACB,ANV,BAB,BCM,BID,BMP,BSI,BVB,BVH,CMG,CSV,CTG,DCM,DGW,DIG,DPM,DXG,EIB,ELC,EVF,FPT,FRT,GAS,GEX,GMD,GVR,HAH,HCM,HDB,HDG,HPG,HSG,KDH,KLB,LPB,MBB,MBS,MCH,MSB,MSN,MWG,NAB,NKG,NLG,NT2,NVL,OCB,PDR,PGB,PHR,PLX,PNJ,POW,PPC,PVT,REE,SAB,SCR,SHB,SSB,SSI,STB,TCB,TPB,VBB,VCB,VCG,VCI,VGC,VHC,VHM,VIB,VIC,VJC,VND,VNM,VPB,VRE,VSC",-0.034949749742080496,-0.034949749742080496,0.02034747355518898,0.02034747355518898,0.0,0.0,0.005,20
topk_nonoverlap_v2,A_technical,RandomForest,2025-10-17,2025-11-14,2025-10-17,10,random_topk_deterministic,10,"BSI,DIG,HCM,KLB,MSN,NT2,OCB,PPC,SAB,SHB",-0.05052717172427716,-0.054527171724277165,0.004770051572992308,0.0007700515729923071,0.8000000000000002,0.004000000000000001,0.005,20
topk_nonoverlap_v2,A_technical,RandomForest,2025-11-14,2025-12-12,2025-11-14,5,model_topk,5,"BVB,EVF,GAS,PHR,VIC",0.026613304283674692,0.026613304283674692,0.01962444488020408,0.01962444488020408,0.0,0.0,0.005,20
topk_nonoverlap_v2,A_technical,RandomForest,2025-11-14,2025-12-12,2025-11-14,5,equal_weight_universe,80,"ABB,ACB,ANV,BAB,BCM,BID,BMP,BSI,BVB,BVH,CMG,CSV,CTG,DCM,DGW,DIG,DPM,DXG,EIB,ELC,EVF,FPT,FRT,GAS,GEX,GMD,GVR,HAH,HCM,HDB,HDG,HPG,HSG,KDH,KLB,LPB,MBB,MBS,MCH,MSB,MSN,MWG,NAB,NKG,NLG,NT2,NVL,OCB,PDR,PGB,PHR,PLX,PNJ,POW,PPC,PVT,REE,SAB,SCR,SHB,SSB,SSI,STB,TCB,TPB,VBB,VCB,VCG,VCI,VGC,VHC,VHM,VIB,VIC,VJC,VND,VNM,VPB,VRE,VSC",-0.04846450569060197,-0.04846450569060197,-0.05545336509407256,-0.05545336509407256,0.0,0.0,0.005,20
topk_nonoverlap_v2,A_technical,RandomForest,2025-11-14,2025-12-12,2025-11-14,5,random_topk_deterministic,5,"BID,GEX,PDR,REE,VJC",-0.059240200629824505,-0.06324020062982451,-0.0662290600332951,-0.0702290600332951,0.7999999999999999,0.004,0.005,20
topk_nonoverlap_v2,A_technical,RandomForest,2025-11-14,2025-12-12,2025-11-14,10,model_topk,10,"ABB,BVB,EVF,GAS,OCB,PHR,PLX,TPB,VIC,VPB",0.010516129486188425,0.010516129486188425,0.003527270082717819,0.003527270082717819,0.0,0.0,0.005,20
topk_nonoverlap_v2,A_technical,RandomForest,2025-11-14,2025-12-12,2025-11-14,10,equal_weight_universe,80,"ABB,ACB,ANV,BAB,BCM,BID,BMP,BSI,BVB,BVH,CMG,CSV,CTG,DCM,DGW,DIG,DPM,DXG,EIB,ELC,EVF,FPT,FRT,GAS,GEX,GMD,GVR,HAH,HCM,HDB,HDG,HPG,HSG,KDH,KLB,LPB,MBB,MBS,MCH,MSB,MSN,MWG,NAB,NKG,NLG,NT2,NVL,OCB,PDR,PGB,PHR,PLX,PNJ,POW,PPC,PVT,REE,SAB,SCR,SHB,SSB,SSI,STB,TCB,TPB,VBB,VCB,VCG,VCI,VGC,VHC,VHM,VIB,VIC,VJC,VND,VNM,VPB,VRE,VSC",-0.04846450569060197,-0.04846450569060197,-0.05545336509407256,-0.05545336509407256,0.0,0.0,0.005,20
topk_nonoverlap_v2,A_technical,RandomForest,2025-11-14,2025-12-12,2025-11-14,10,random_topk_deterministic,10,"CMG,DIG,MBB,NKG,PGB,PPC,SAB,VCI,VIC,VPB",-0.00673578314920664,-0.01023578314920664,-0.013724642552677243,-0.017224642552677243,0.7000000000000001,0.0035000000000000005,0.005,20
topk_nonoverlap_v2,A_technical,RandomForest,2025-12-12,2026-01-13,2025-12-12,5,model_topk,5,"BVB,EVF,GAS,PHR,VIC",0.2318353438619273,0.2318353438619273,0.07636655116781903,0.07636655116781903,0.0,0.0,0.005,20
topk_nonoverlap_v2,A_technical,RandomForest,2025-12-12,2026-01-13,2025-12-12,5,equal_weight_universe,80,"ABB,ACB,ANV,BAB,BCM,BID,BMP,BSI,BVB,BVH,CMG,CSV,CTG,DCM,DGW,DIG,DPM,DXG,EIB,ELC,EVF,FPT,FRT,GAS,GEX,GMD,GVR,HAH,HCM,HDB,HDG,HPG,HSG,KDH,KLB,LPB,MBB,MBS,MCH,MSB,MSN,MWG,NAB,NKG,NLG,NT2,NVL,OCB,PDR,PGB,PHR,PLX,PNJ,POW,PPC,PVT,REE,SAB,SCR,SHB,SSB,SSI,STB,TCB,TPB,VBB,VCB,VCG,VCI,VGC,VHC,VHM,VIB,VIC,VJC,VND,VNM,VPB,VRE,VSC",0.10005516818208375,0.10005516818208375,-0.055413624512024494,-0.055413624512024494,0.0,0.0,0.005,20
topk_nonoverlap_v2,A_technical,RandomForest,2025-12-12,2026-01-13,2025-12-12,5,random_topk_deterministic,5,"BCM,CTG,GVR,HDG,SSI",0.14545353941494624,0.14045353941494623,-0.010015253279162079,-0.015015253279162078,0.9999999999999999,0.004999999999999999,0.005,20
topk_nonoverlap_v2,A_technical,RandomForest,2025-12-12,2026-01-13,2025-12-12,10,model_topk,10,"ABB,BVB,EVF,GAS,OCB,PHR,PLX,TPB,VIC,VPB",0.1836793780252562,0.1836793780252562,0.028210585331147935,0.028210585331147935,0.0,0.0,0.005,20
topk_nonoverlap_v2,A_technical,RandomForest,2025-12-12,2026-01-13,2025-12-12,10,equal_weight_universe,80,"ABB,ACB,ANV,BAB,BCM,BID,BMP,BSI,BVB,BVH,CMG,CSV,CTG,DCM,DGW,DIG,DPM,DXG,EIB,ELC,EVF,FPT,FRT,GAS,GEX,GMD,GVR,HAH,HCM,HDB,HDG,HPG,HSG,KDH,KLB,LPB,MBB,MBS,MCH,MSB,MSN,MWG,NAB,NKG,NLG,NT2,NVL,OCB,PDR,PGB,PHR,PLX,PNJ,POW,PPC,PVT,REE,SAB,SCR,SHB,SSB,SSI,STB,TCB,TPB,VBB,VCB,VCG,VCI,VGC,VHC,VHM,VIB,VIC,VJC,VND,VNM,VPB,VRE,VSC",0.10005516818208375,0.10005516818208375,-0.055413624512024494,-0.055413624512024494,0.0,0.0,0.005,20
topk_nonoverlap_v2,A_technical,RandomForest,2025-12-12,2026-01-13,2025-12-12,10,random_topk_deterministic,10,"ABB,BAB,DPM,ELC,GVR,MBB,PPC,PVT,TCB,VBB",0.11715897328058049,0.11315897328058049,-0.038309819413527735,-0.04230981941352774,0.8000000000000002,0.004000000000000001,0.005,20
topk_nonoverlap_v2,A_technical,RandomForest,2026-01-13,2026-02-10,2026-01-13,5,model_topk,5,"BMP,GMD,MCH,VHC,VIC",-0.0477872490636104,-0.0517872490636104,0.03046050571454754,0.02646050571454754,0.7999999999999999,0.004,0.005,20
topk_nonoverlap_v2,A_technical,RandomForest,2026-01-13,2026-02-10,2026-01-13,5,equal_weight_universe,79,"ABB,ACB,ANV,BAB,BCM,BID,BMP,BSI,BVB,BVH,CMG,CSV,CTG,DCM,DGW,DIG,DPM,DXG,EIB,ELC,EVF,FPT,FRT,GAS,GEX,GMD,GVR,HAH,HCM,HDB,HDG,HPG,HSG,KDH,LPB,MBB,MBS,MCH,MSB,MSN,MWG,NAB,NKG,NLG,NT2,NVL,OCB,PDR,PGB,PHR,PLX,PNJ,POW,PPC,PVT,REE,SAB,SCR,SHB,SSB,SSI,STB,TCB,TPB,VBB,VCB,VCG,VCI,VGC,VHC,VHM,VIB,VIC,VJC,VND,VNM,VPB,VRE,VSC",-0.04299521736466737,-0.04305771736466737,0.03525253741349052,0.03519003741349052,0.012499999999999994,6.249999999999997e-05,0.005,20
topk_nonoverlap_v2,A_technical,RandomForest,2026-01-13,2026-02-10,2026-01-13,5,random_topk_deterministic,5,"EIB,MSN,PLX,PPC,SSI",-0.021283710812194157,-0.025283710812194157,0.05696404396596374,0.05296404396596374,0.7999999999999999,0.004,0.005,20
topk_nonoverlap_v2,A_technical,RandomForest,2026-01-13,2026-02-10,2026-01-13,10,model_topk,10,"BMP,GMD,MCH,PHR,REE,SHB,VHC,VHM,VIC,VJC",-0.08494657149812364,-0.08894657149812364,-0.006698816719965686,-0.010698816719965688,0.8000000000000002,0.004000000000000001,0.005,20
topk_nonoverlap_v2,A_technical,RandomForest,2026-01-13,2026-02-10,2026-01-13,10,equal_weight_universe,79,"ABB,ACB,ANV,BAB,BCM,BID,BMP,BSI,BVB,BVH,CMG,CSV,CTG,DCM,DGW,DIG,DPM,DXG,EIB,ELC,EVF,FPT,FRT,GAS,GEX,GMD,GVR,HAH,HCM,HDB,HDG,HPG,HSG,KDH,LPB,MBB,MBS,MCH,MSB,MSN,MWG,NAB,NKG,NLG,NT2,NVL,OCB,PDR,PGB,PHR,PLX,PNJ,POW,PPC,PVT,REE,SAB,SCR,SHB,SSB,SSI,STB,TCB,TPB,VBB,VCB,VCG,VCI,VGC,VHC,VHM,VIB,VIC,VJC,VND,VNM,VPB,VRE,VSC",-0.04299521736466737,-0.04305771736466737,0.03525253741349052,0.03519003741349052,0.012499999999999994,6.249999999999997e-05,0.005,20
topk_nonoverlap_v2,A_technical,RandomForest,2026-01-13,2026-02-10,2026-01-13,10,random_topk_deterministic,10,"EVF,KDH,MWG,NLG,PLX,PPC,STB,VGC,VIB,VND",-0.01623817907381785,-0.02073817907381785,0.06200957570434005,0.057509575704340045,0.9000000000000002,0.004500000000000001,0.005,20
topk_nonoverlap_v2,A_technical,RandomForest,2026-02-10,2026-03-17,2026-02-10,5,model_topk,5,"BMP,GMD,MCH,VHC,VIC",0.0184672141096049,0.0184672141096049,0.04340407379843576,0.04340407379843576,0.0,0.0,0.005,20
topk_nonoverlap_v2,A_technical,RandomForest,2026-02-10,2026-03-17,2026-02-10,5,equal_weight_universe,80,"ABB,ACB,ANV,BAB,BCM,BID,BMP,BSI,BVB,BVH,CMG,CSV,CTG,DCM,DGW,DIG,DPM,DXG,EIB,ELC,EVF,FPT,FRT,GAS,GEX,GMD,GVR,HAH,HCM,HDB,HDG,HPG,HSG,KDH,KLB,LPB,MBB,MBS,MCH,MSB,MSN,MWG,NAB,NKG,NLG,NT2,NVL,OCB,PDR,PGB,PHR,PLX,PNJ,POW,PPC,PVT,REE,SAB,SCR,SHB,SSB,SSI,STB,TCB,TPB,VBB,VCB,VCG,VCI,VGC,VHC,VHM,VIB,VIC,VJC,VND,VNM,VPB,VRE,VSC",-0.01970451065964718,-0.01976701065964718,0.005232349029183678,0.005169849029183678,0.012499999999999994,6.249999999999997e-05,0.005,20
topk_nonoverlap_v2,A_technical,RandomForest,2026-02-10,2026-03-17,2026-02-10,5,random_topk_deterministic,5,"ACB,ELC,NAB,NVL,VIB",-0.0218037764098315,-0.026803776409831497,0.003133083278999399,-0.0018669167210006,0.9999999999999999,0.004999999999999999,0.005,20
topk_nonoverlap_v2,A_technical,RandomForest,2026-02-10,2026-03-17,2026-02-10,10,model_topk,10,"BMP,GMD,MCH,PHR,REE,SHB,VHC,VHM,VIC,VJC",0.01625966390920567,0.01625966390920567,0.04119652359803651,0.04119652359803651,0.0,0.0,0.005,20
topk_nonoverlap_v2,A_technical,RandomForest,2026-02-10,2026-03-17,2026-02-10,10,equal_weight_universe,80,"ABB,ACB,ANV,BAB,BCM,BID,BMP,BSI,BVB,BVH,CMG,CSV,CTG,DCM,DGW,DIG,DPM,DXG,EIB,ELC,EVF,FPT,FRT,GAS,GEX,GMD,GVR,HAH,HCM,HDB,HDG,HPG,HSG,KDH,KLB,LPB,MBB,MBS,MCH,MSB,MSN,MWG,NAB,NKG,NLG,NT2,NVL,OCB,PDR,PGB,PHR,PLX,PNJ,POW,PPC,PVT,REE,SAB,SCR,SHB,SSB,SSI,STB,TCB,TPB,VBB,VCB,VCG,VCI,VGC,VHC,VHM,VIB,VIC,VJC,VND,VNM,VPB,VRE,VSC",-0.01970451065964718,-0.01976701065964718,0.005232349029183678,0.005169849029183678,0.012499999999999994,6.249999999999997e-05,0.005,20
topk_nonoverlap_v2,A_technical,RandomForest,2026-02-10,2026-03-17,2026-02-10,10,random_topk_deterministic,10,"BSI,DCM,DPM,EIB,HCM,MCH,SCR,SHB,VGC,VPB",0.012300597029243595,0.007800597029243594,0.037237456718074435,0.03273745671807443,0.9000000000000002,0.004500000000000001,0.005,20
topk_nonoverlap_v2,A_technical,RandomForest,2026-03-17,2026-04-14,2026-03-17,5,model_topk,5,"BMP,GMD,MCH,VHC,VIC",0.0012395129598849225,0.0012395129598849225,-0.036976228230205785,-0.036976228230205785,0.0,0.0,0.005,20
topk_nonoverlap_v2,A_technical,RandomForest,2026-03-17,2026-04-14,2026-03-17,5,equal_weight_universe,80,"ABB,ACB,ANV,BAB,BCM,BID,BMP,BSI,BVB,BVH,CMG,CSV,CTG,DCM,DGW,DIG,DPM,DXG,EIB,ELC,EVF,FPT,FRT,GAS,GEX,GMD,GVR,HAH,HCM,HDB,HDG,HPG,HSG,KDH,KLB,LPB,MBB,MBS,MCH,MSB,MSN,MWG,NAB,NKG,NLG,NT2,NVL,OCB,PDR,PGB,PHR,PLX,PNJ,POW,PPC,PVT,REE,SAB,SCR,SHB,SSB,SSI,STB,TCB,TPB,VBB,VCB,VCG,VCI,VGC,VHC,VHM,VIB,VIC,VJC,VND,VNM,VPB,VRE,VSC",0.035497025414320385,0.035497025414320385,-0.002718715775770324,-0.002718715775770324,0.0,0.0,0.005,20
topk_nonoverlap_v2,A_technical,RandomForest,2026-03-17,2026-04-14,2026-03-17,5,random_topk_deterministic,5,"ANV,BVB,HSG,PHR,SCR",0.06344284004980216,0.058442840049802165,0.02522709885971146,0.02022709885971146,0.9999999999999999,0.004999999999999999,0.005,20
topk_nonoverlap_v2,A_technical,RandomForest,2026-03-17,2026-04-14,2026-03-17,10,model_topk,10,"BMP,GMD,MCH,PHR,REE,SHB,VHC,VHM,VIC,VJC",0.041806350120636306,0.041806350120636306,0.003590608930545579,0.003590608930545579,0.0,0.0,0.005,20
topk_nonoverlap_v2,A_technical,RandomForest,2026-03-17,2026-04-14,2026-03-17,10,equal_weight_universe,80,"ABB,ACB,ANV,BAB,BCM,BID,BMP,BSI,BVB,BVH,CMG,CSV,CTG,DCM,DGW,DIG,DPM,DXG,EIB,ELC,EVF,FPT,FRT,GAS,GEX,GMD,GVR,HAH,HCM,HDB,HDG,HPG,HSG,KDH,KLB,LPB,MBB,MBS,MCH,MSB,MSN,MWG,NAB,NKG,NLG,NT2,NVL,OCB,PDR,PGB,PHR,PLX,PNJ,POW,PPC,PVT,REE,SAB,SCR,SHB,SSB,SSI,STB,TCB,TPB,VBB,VCB,VCG,VCI,VGC,VHC,VHM,VIB,VIC,VJC,VND,VNM,VPB,VRE,VSC",0.035497025414320385,0.035497025414320385,-0.002718715775770324,-0.002718715775770324,0.0,0.0,0.005,20
topk_nonoverlap_v2,A_technical,RandomForest,2026-03-17,2026-04-14,2026-03-17,10,random_topk_deterministic,10,"BCM,KDH,MBS,MSB,MSN,NKG,NLG,PGB,VCG,VGC",0.034634873332645574,0.030134873332645574,-0.0035808678574450895,-0.008080867857445091,0.9000000000000002,0.004500000000000001,0.005,20
topk_nonoverlap_v2,A_technical,RandomForest,2026-04-14,2026-05-15,2026-04-14,5,model_topk,5,"EVF,MWG,NAB,SAB,VHM",0.0778600492160465,0.0728600492160465,-0.004335203226720841,-0.00933520322672084,0.9999999999999999,0.004999999999999999,0.005,20
topk_nonoverlap_v2,A_technical,RandomForest,2026-04-14,2026-05-15,2026-04-14,5,equal_weight_universe,80,"ABB,ACB,ANV,BAB,BCM,BID,BMP,BSI,BVB,BVH,CMG,CSV,CTG,DCM,DGW,DIG,DPM,DXG,EIB,ELC,EVF,FPT,FRT,GAS,GEX,GMD,GVR,HAH,HCM,HDB,HDG,HPG,HSG,KDH,KLB,LPB,MBB,MBS,MCH,MSB,MSN,MWG,NAB,NKG,NLG,NT2,NVL,OCB,PDR,PGB,PHR,PLX,PNJ,POW,PPC,PVT,REE,SAB,SCR,SHB,SSB,SSI,STB,TCB,TPB,VBB,VCB,VCG,VCI,VGC,VHC,VHM,VIB,VIC,VJC,VND,VNM,VPB,VRE,VSC",0.0018808559012271336,0.0018808559012271336,-0.08031439654154023,-0.08031439654154023,0.0,0.0,0.005,20
topk_nonoverlap_v2,A_technical,RandomForest,2026-04-14,2026-05-15,2026-04-14,5,random_topk_deterministic,5,"BMP,DCM,DGW,HCM,OCB",0.01564149501227732,0.01064149501227732,-0.0665537574304901,-0.0715537574304901,0.9999999999999999,0.004999999999999999,0.005,20
topk_nonoverlap_v2,A_technical,RandomForest,2026-04-14,2026-05-15,2026-04-14,10,model_topk,10,"EVF,GMD,MWG,NAB,NT2,NVL,PHR,SAB,SCR,VHM",0.03837228595206369,0.03487228595206369,-0.04382296649070364,-0.047322966490703645,0.7000000000000001,0.0035000000000000005,0.005,20
topk_nonoverlap_v2,A_technical,RandomForest,2026-04-14,2026-05-15,2026-04-14,10,equal_weight_universe,80,"ABB,ACB,ANV,BAB,BCM,BID,BMP,BSI,BVB,BVH,CMG,CSV,CTG,DCM,DGW,DIG,DPM,DXG,EIB,ELC,EVF,FPT,FRT,GAS,GEX,GMD,GVR,HAH,HCM,HDB,HDG,HPG,HSG,KDH,KLB,LPB,MBB,MBS,MCH,MSB,MSN,MWG,NAB,NKG,NLG,NT2,NVL,OCB,PDR,PGB,PHR,PLX,PNJ,POW,PPC,PVT,REE,SAB,SCR,SHB,SSB,SSI,STB,TCB,TPB,VBB,VCB,VCG,VCI,VGC,VHC,VHM,VIB,VIC,VJC,VND,VNM,VPB,VRE,VSC",0.0018808559012271336,0.0018808559012271336,-0.08031439654154023,-0.08031439654154023,0.0,0.0,0.005,20
topk_nonoverlap_v2,A_technical,RandomForest,2026-04-14,2026-05-15,2026-04-14,10,random_topk_deterministic,10,"EVF,GEX,GVR,HDG,MBB,PLX,TCB,VGC,VNM,VSC",0.007319459267149342,0.0028194592671493407,-0.07487579317561802,-0.07937579317561802,0.9000000000000002,0.004500000000000001,0.005,20
topk_nonoverlap_v2,A_technical,RandomForest,2026-05-15,2026-06-12,2026-05-15,5,model_topk,5,"EVF,MWG,NAB,SAB,VHM",-0.04162306263831354,-0.04162306263831354,0.02600287408108688,0.02600287408108688,0.0,0.0,0.005,20
topk_nonoverlap_v2,A_technical,RandomForest,2026-05-15,2026-06-12,2026-05-15,5,equal_weight_universe,80,"ABB,ACB,ANV,BAB,BCM,BID,BMP,BSI,BVB,BVH,CMG,CSV,CTG,DCM,DGW,DIG,DPM,DXG,EIB,ELC,EVF,FPT,FRT,GAS,GEX,GMD,GVR,HAH,HCM,HDB,HDG,HPG,HSG,KDH,KLB,LPB,MBB,MBS,MCH,MSB,MSN,MWG,NAB,NKG,NLG,NT2,NVL,OCB,PDR,PGB,PHR,PLX,PNJ,POW,PPC,PVT,REE,SAB,SCR,SHB,SSB,SSI,STB,TCB,TPB,VBB,VCB,VCG,VCI,VGC,VHC,VHM,VIB,VIC,VJC,VND,VNM,VPB,VRE,VSC",-0.04302202297658324,-0.04302202297658324,0.024603913742817153,0.024603913742817153,0.0,0.0,0.005,20
topk_nonoverlap_v2,A_technical,RandomForest,2026-05-15,2026-06-12,2026-05-15,5,random_topk_deterministic,5,"ABB,HAH,HDG,MCH,PDR",-0.03087158096212552,-0.03587158096212552,0.036754355757274836,0.03175435575727484,0.9999999999999999,0.004999999999999999,0.005,20
topk_nonoverlap_v2,A_technical,RandomForest,2026-05-15,2026-06-12,2026-05-15,10,model_topk,10,"EVF,GMD,MWG,NAB,NT2,NVL,PHR,SAB,SCR,VHM",-0.06523819803324295,-0.06523819803324295,0.0023877386861574784,0.0023877386861574784,0.0,0.0,0.005,20
topk_nonoverlap_v2,A_technical,RandomForest,2026-05-15,2026-06-12,2026-05-15,10,equal_weight_universe,80,"ABB,ACB,ANV,BAB,BCM,BID,BMP,BSI,BVB,BVH,CMG,CSV,CTG,DCM,DGW,DIG,DPM,DXG,EIB,ELC,EVF,FPT,FRT,GAS,GEX,GMD,GVR,HAH,HCM,HDB,HDG,HPG,HSG,KDH,KLB,LPB,MBB,MBS,MCH,MSB,MSN,MWG,NAB,NKG,NLG,NT2,NVL,OCB,PDR,PGB,PHR,PLX,PNJ,POW,PPC,PVT,REE,SAB,SCR,SHB,SSB,SSI,STB,TCB,TPB,VBB,VCB,VCG,VCI,VGC,VHC,VHM,VIB,VIC,VJC,VND,VNM,VPB,VRE,VSC",-0.04302202297658324,-0.04302202297658324,0.024603913742817153,0.024603913742817153,0.0,0.0,0.005,20
topk_nonoverlap_v2,A_technical,RandomForest,2026-05-15,2026-06-12,2026-05-15,10,random_topk_deterministic,10,"BVB,EIB,EVF,GEX,HAH,MBB,NAB,PLX,STB,VIC",-0.052759705432640525,-0.05575970543264053,0.014866231286759828,0.011866231286759829,0.6,0.003,0.005,20
topk_nonoverlap_v2,B_technical_keyword,LogisticRegression,2022-02-11,2022-03-11,2022-02-11,5,model_topk,5,"EIB,MSB,SSB,STB,VIB",-0.057231184488807506,-0.0622311844888075,-0.03381121658555064,-0.03881121658555064,1.0,0.005,0.005,20
topk_nonoverlap_v2,B_technical_keyword,LogisticRegression,2022-02-11,2022-03-11,2022-02-11,5,equal_weight_universe,80,"ABB,ACB,ANV,BAB,BCM,BID,BMP,BSI,BVB,BVH,CMG,CSV,CTG,DCM,DGW,DIG,DPM,DXG,EIB,ELC,EVF,FPT,FRT,GAS,GEX,GMD,GVR,HAH,HCM,HDB,HDG,HPG,HSG,KDH,KLB,LPB,MBB,MBS,MCH,MSB,MSN,MWG,NAB,NKG,NLG,NT2,NVL,OCB,PDR,PGB,PHR,PLX,PNJ,POW,PPC,PVT,REE,SAB,SCR,SHB,SSB,SSI,STB,TCB,TPB,VBB,VCB,VCG,VCI,VGC,VHC,VHM,VIB,VIC,VJC,VND,VNM,VPB,VRE,VSC",0.02555258494849641,0.02055258494849641,0.048972552851753344,0.043972552851753346,1.0,0.005,0.005,20
topk_nonoverlap_v2,B_technical_keyword,LogisticRegression,2022-02-11,2022-03-11,2022-02-11,5,random_topk_deterministic,5,"BMP,HDG,NAB,NKG,PHR",0.0360192915790591,0.0310192915790591,0.05943925948231606,0.054439259482316066,1.0,0.005,0.005,20
topk_nonoverlap_v2,B_technical_keyword,LogisticRegression,2022-02-11,2022-03-11,2022-02-11,10,model_topk,10,"EIB,HSG,KLB,MSB,PNJ,SAB,SSB,STB,VIB,VPB",-0.013959825166044621,-0.018959825166044622,0.009460142737212279,0.0044601427372122785,1.0,0.005,0.005,20
topk_nonoverlap_v2,B_technical_keyword,LogisticRegression,2022-02-11,2022-03-11,2022-02-11,10,equal_weight_universe,80,"ABB,ACB,ANV,BAB,BCM,BID,BMP,BSI,BVB,BVH,CMG,CSV,CTG,DCM,DGW,DIG,DPM,DXG,EIB,ELC,EVF,FPT,FRT,GAS,GEX,GMD,GVR,HAH,HCM,HDB,HDG,HPG,HSG,KDH,KLB,LPB,MBB,MBS,MCH,MSB,MSN,MWG,NAB,NKG,NLG,NT2,NVL,OCB,PDR,PGB,PHR,PLX,PNJ,POW,PPC,PVT,REE,SAB,SCR,SHB,SSB,SSI,STB,TCB,TPB,VBB,VCB,VCG,VCI,VGC,VHC,VHM,VIB,VIC,VJC,VND,VNM,VPB,VRE,VSC",0.02555258494849641,0.02055258494849641,0.048972552851753344,0.043972552851753346,1.0,0.005,0.005,20
topk_nonoverlap_v2,B_technical_keyword,LogisticRegression,2022-02-11,2022-03-11,2022-02-11,10,random_topk_deterministic,10,"ABB,BID,BSI,DIG,EVF,FRT,MBB,REE,SAB,VGC",0.041373597430899876,0.03637359743089988,0.06479356533415685,0.059793565334156855,1.0,0.005,0.005,20
topk_nonoverlap_v2,B_technical_keyword,LogisticRegression,2022-03-11,2022-04-08,2022-03-11,5,model_topk,5,"EIB,MSB,SSB,STB,VIB",0.0016818057459314396,0.0016818057459314396,-0.008860013774845481,-0.008860013774845481,0.0,0.0,0.005,20
topk_nonoverlap_v2,B_technical_keyword,LogisticRegression,2022-03-11,2022-04-08,2022-03-11,5,equal_weight_universe,80,"ABB,ACB,ANV,BAB,BCM,BID,BMP,BSI,BVB,BVH,CMG,CSV,CTG,DCM,DGW,DIG,DPM,DXG,EIB,ELC,EVF,FPT,FRT,GAS,GEX,GMD,GVR,HAH,HCM,HDB,HDG,HPG,HSG,KDH,KLB,LPB,MBB,MBS,MCH,MSB,MSN,MWG,NAB,NKG,NLG,NT2,NVL,OCB,PDR,PGB,PHR,PLX,PNJ,POW,PPC,PVT,REE,SAB,SCR,SHB,SSB,SSI,STB,TCB,TPB,VBB,VCB,VCG,VCI,VGC,VHC,VHM,VIB,VIC,VJC,VND,VNM,VPB,VRE,VSC",0.006389860242397111,0.006389860242397111,-0.004151959278379816,-0.004151959278379816,0.0,0.0,0.005,20
topk_nonoverlap_v2,B_technical_keyword,LogisticRegression,2022-03-11,2022-04-08,2022-03-11,5,random_topk_deterministic,5,"DIG,GAS,KLB,VIB,VSC",-0.012127697427203325,-0.017127697427203326,-0.0226695169479803,-0.027669516947980297,0.9999999999999999,0.004999999999999999,0.005,20
topk_nonoverlap_v2,B_technical_keyword,LogisticRegression,2022-03-11,2022-04-08,2022-03-11,10,model_topk,10,"EIB,HSG,KLB,MSB,PNJ,SAB,SSB,STB,VIB,VPB",0.016785289407184538,0.016785289407184538,0.0062434698864076,0.0062434698864076,0.0,0.0,0.005,20
topk_nonoverlap_v2,B_technical_keyword,LogisticRegression,2022-03-11,2022-04-08,2022-03-11,10,equal_weight_universe,80,"ABB,ACB,ANV,BAB,BCM,BID,BMP,BSI,BVB,BVH,CMG,CSV,CTG,DCM,DGW,DIG,DPM,DXG,EIB,ELC,EVF,FPT,FRT,GAS,GEX,GMD,GVR,HAH,HCM,HDB,HDG,HPG,HSG,KDH,KLB,LPB,MBB,MBS,MCH,MSB,MSN,MWG,NAB,NKG,NLG,NT2,NVL,OCB,PDR,PGB,PHR,PLX,PNJ,POW,PPC,PVT,REE,SAB,SCR,SHB,SSB,SSI,STB,TCB,TPB,VBB,VCB,VCG,VCI,VGC,VHC,VHM,VIB,VIC,VJC,VND,VNM,VPB,VRE,VSC",0.006389860242397111,0.006389860242397111,-0.004151959278379816,-0.004151959278379816,0.0,0.0,0.005,20
topk_nonoverlap_v2,B_technical_keyword,LogisticRegression,2022-03-11,2022-04-08,2022-03-11,10,random_topk_deterministic,10,"CTG,KDH,MBS,MCH,PLX,PVT,TPB,VHC,VIB,VIC",0.01468419727954535,0.009684197279545349,0.0041423777587684205,-0.0008576222412315804,1.0000000000000002,0.005000000000000001,0.005,20
topk_nonoverlap_v2,B_technical_keyword,LogisticRegression,2022-04-08,2022-05-11,2022-04-08,5,model_topk,5,"ELC,FPT,NT2,VGC,VIB",-0.161569710451915,-0.16556971045191501,-0.03979508157202294,-0.04379508157202294,0.7999999999999999,0.004,0.005,20
topk_nonoverlap_v2,B_technical_keyword,LogisticRegression,2022-04-08,2022-05-11,2022-04-08,5,equal_weight_universe,80,"ABB,ACB,ANV,BAB,BCM,BID,BMP,BSI,BVB,BVH,CMG,CSV,CTG,DCM,DGW,DIG,DPM,DXG,EIB,ELC,EVF,FPT,FRT,GAS,GEX,GMD,GVR,HAH,HCM,HDB,HDG,HPG,HSG,KDH,KLB,LPB,MBB,MBS,MCH,MSB,MSN,MWG,NAB,NKG,NLG,NT2,NVL,OCB,PDR,PGB,PHR,PLX,PNJ,POW,PPC,PVT,REE,SAB,SCR,SHB,SSB,SSI,STB,TCB,TPB,VBB,VCB,VCG,VCI,VGC,VHC,VHM,VIB,VIC,VJC,VND,VNM,VPB,VRE,VSC",-0.1441197676240598,-0.1441197676240598,-0.02234513874416772,-0.02234513874416772,0.0,0.0,0.005,20
topk_nonoverlap_v2,B_technical_keyword,LogisticRegression,2022-04-08,2022-05-11,2022-04-08,5,random_topk_deterministic,5,"ABB,BVB,DGW,GAS,HCM",-0.21063023959357138,-0.2146302395935714,-0.08885561071367928,-0.09285561071367929,0.7999999999999999,0.004,0.005,20
topk_nonoverlap_v2,B_technical_keyword,LogisticRegression,2022-04-08,2022-05-11,2022-04-08,10,model_topk,10,"CMG,ELC,FPT,HDB,MWG,NT2,REE,VGC,VIB,VNM",-0.09876630505435269,-0.10326630505435269,0.02300832382553937,0.01850832382553937,0.9000000000000002,0.004500000000000001,0.005,20
topk_nonoverlap_v2,B_technical_keyword,LogisticRegression,2022-04-08,2022-05-11,2022-04-08,10,equal_weight_universe,80,"ABB,ACB,ANV,BAB,BCM,BID,BMP,BSI,BVB,BVH,CMG,CSV,CTG,DCM,DGW,DIG,DPM,DXG,EIB,ELC,EVF,FPT,FRT,GAS,GEX,GMD,GVR,HAH,HCM,HDB,HDG,HPG,HSG,KDH,KLB,LPB,MBB,MBS,MCH,MSB,MSN,MWG,NAB,NKG,NLG,NT2,NVL,OCB,PDR,PGB,PHR,PLX,PNJ,POW,PPC,PVT,REE,SAB,SCR,SHB,SSB,SSI,STB,TCB,TPB,VBB,VCB,VCG,VCI,VGC,VHC,VHM,VIB,VIC,VJC,VND,VNM,VPB,VRE,VSC",-0.1441197676240598,-0.1441197676240598,-0.02234513874416772,-0.02234513874416772,0.0,0.0,0.005,20
topk_nonoverlap_v2,B_technical_keyword,LogisticRegression,2022-04-08,2022-05-11,2022-04-08,10,random_topk_deterministic,10,"DGW,DXG,ELC,FPT,HAH,MSB,PNJ,PVT,SCR,SSB",-0.12014260041722388,-0.12464260041722389,0.0016320284626681828,-0.0028679715373318183,0.9000000000000002,0.004500000000000001,0.005,20
topk_nonoverlap_v2,B_technical_keyword,LogisticRegression,2022-05-11,2022-06-08,2022-05-11,5,model_topk,5,"ELC,FPT,NT2,VGC,VIB",0.09445757311905836,0.09445757311905836,0.08955564999780866,0.08955564999780866,0.0,0.0,0.005,20
topk_nonoverlap_v2,B_technical_keyword,LogisticRegression,2022-05-11,2022-06-08,2022-05-11,5,equal_weight_universe,80,"ABB,ACB,ANV,BAB,BCM,BID,BMP,BSI,BVB,BVH,CMG,CSV,CTG,DCM,DGW,DIG,DPM,DXG,EIB,ELC,EVF,FPT,FRT,GAS,GEX,GMD,GVR,HAH,HCM,HDB,HDG,HPG,HSG,KDH,KLB,LPB,MBB,MBS,MCH,MSB,MSN,MWG,NAB,NKG,NLG,NT2,NVL,OCB,PDR,PGB,PHR,PLX,PNJ,POW,PPC,PVT,REE,SAB,SCR,SHB,SSB,SSI,STB,TCB,TPB,VBB,VCB,VCG,VCI,VGC,VHC,VHM,VIB,VIC,VJC,VND,VNM,VPB,VRE,VSC",0.026866112399613385,0.026866112399613385,0.02196418927836368,0.02196418927836368,0.0,0.0,0.005,20
topk_nonoverlap_v2,B_technical_keyword,LogisticRegression,2022-05-11,2022-06-08,2022-05-11,5,random_topk_deterministic,5,"ABB,MCH,MSB,SAB,SHB",-0.02481062115189964,-0.02881062115189964,-0.029712544273149344,-0.03371254427314935,0.7999999999999999,0.004,0.005,20
topk_nonoverlap_v2,B_technical_keyword,LogisticRegression,2022-05-11,2022-06-08,2022-05-11,10,model_topk,10,"CMG,ELC,FPT,HDB,MWG,NT2,REE,VGC,VIB,VNM",0.08555760149018979,0.08555760149018979,0.0806556783689401,0.0806556783689401,0.0,0.0,0.005,20
topk_nonoverlap_v2,B_technical_keyword,LogisticRegression,2022-05-11,2022-06-08,2022-05-11,10,equal_weight_universe,80,"ABB,ACB,ANV,BAB,BCM,BID,BMP,BSI,BVB,BVH,CMG,CSV,CTG,DCM,DGW,DIG,DPM,DXG,EIB,ELC,EVF,FPT,FRT,GAS,GEX,GMD,GVR,HAH,HCM,HDB,HDG,HPG,HSG,KDH,KLB,LPB,MBB,MBS,MCH,MSB,MSN,MWG,NAB,NKG,NLG,NT2,NVL,OCB,PDR,PGB,PHR,PLX,PNJ,POW,PPC,PVT,REE,SAB,SCR,SHB,SSB,SSI,STB,TCB,TPB,VBB,VCB,VCG,VCI,VGC,VHC,VHM,VIB,VIC,VJC,VND,VNM,VPB,VRE,VSC",0.026866112399613385,0.026866112399613385,0.02196418927836368,0.02196418927836368,0.0,0.0,0.005,20
topk_nonoverlap_v2,B_technical_keyword,LogisticRegression,2022-05-11,2022-06-08,2022-05-11,10,random_topk_deterministic,10,"ANV,BVH,DGW,EIB,GAS,HDG,HPG,PDR,SHB,VCB",0.03422105660158954,0.02972105660158954,0.029319133480339838,0.024819133480339838,0.9000000000000002,0.004500000000000001,0.005,20
topk_nonoverlap_v2,B_technical_keyword,LogisticRegression,2022-06-08,2022-07-06,2022-06-08,5,model_topk,5,"ELC,FPT,NT2,VGC,VIB",-0.110834566753326,-0.110834566753326,0.010198226022935419,0.010198226022935419,0.0,0.0,0.005,20
topk_nonoverlap_v2,B_technical_keyword,LogisticRegression,2022-06-08,2022-07-06,2022-06-08,5,equal_weight_universe,80,"ABB,ACB,ANV,BAB,BCM,BID,BMP,BSI,BVB,BVH,CMG,CSV,CTG,DCM,DGW,DIG,DPM,DXG,EIB,ELC,EVF,FPT,FRT,GAS,GEX,GMD,GVR,HAH,HCM,HDB,HDG,HPG,HSG,KDH,KLB,LPB,MBB,MBS,MCH,MSB,MSN,MWG,NAB,NKG,NLG,NT2,NVL,OCB,PDR,PGB,PHR,PLX,PNJ,POW,PPC,PVT,REE,SAB,SCR,SHB,SSB,SSI,STB,TCB,TPB,VBB,VCB,VCG,VCI,VGC,VHC,VHM,VIB,VIC,VJC,VND,VNM,VPB,VRE,VSC",-0.14370080722554357,-0.14370080722554357,-0.022668014449282146,-0.022668014449282146,0.0,0.0,0.005,20
topk_nonoverlap_v2,B_technical_keyword,LogisticRegression,2022-06-08,2022-07-06,2022-06-08,5,random_topk_deterministic,5,"GEX,HCM,PNJ,VIC,VSC",-0.1455378021215494,-0.1505378021215494,-0.02450500934528796,-0.029505009345287957,0.9999999999999999,0.004999999999999999,0.005,20
topk_nonoverlap_v2,B_technical_keyword,LogisticRegression,2022-06-08,2022-07-06,2022-06-08,10,model_topk,10,"CMG,ELC,FPT,HDB,MWG,NT2,REE,VGC,VIB,VNM",-0.10870334933137271,-0.10870334933137271,0.012329443444888719,0.012329443444888719,0.0,0.0,0.005,20
topk_nonoverlap_v2,B_technical_keyword,LogisticRegression,2022-06-08,2022-07-06,2022-06-08,10,equal_weight_universe,80,"ABB,ACB,ANV,BAB,BCM,BID,BMP,BSI,BVB,BVH,CMG,CSV,CTG,DCM,DGW,DIG,DPM,DXG,EIB,ELC,EVF,FPT,FRT,GAS,GEX,GMD,GVR,HAH,HCM,HDB,HDG,HPG,HSG,KDH,KLB,LPB,MBB,MBS,MCH,MSB,MSN,MWG,NAB,NKG,NLG,NT2,NVL,OCB,PDR,PGB,PHR,PLX,PNJ,POW,PPC,PVT,REE,SAB,SCR,SHB,SSB,SSI,STB,TCB,TPB,VBB,VCB,VCG,VCI,VGC,VHC,VHM,VIB,VIC,VJC,VND,VNM,VPB,VRE,VSC",-0.14370080722554357,-0.14370080722554357,-0.022668014449282146,-0.022668014449282146,0.0,0.0,0.005,20
topk_nonoverlap_v2,B_technical_keyword,LogisticRegression,2022-06-08,2022-07-06,2022-06-08,10,random_topk_deterministic,10,"DCM,DGW,FRT,GVR,HDG,OCB,TCB,VBB,VCG,VSC",-0.2072842509531047,-0.2112842509531047,-0.08625145817684327,-0.09025145817684327,0.8000000000000002,0.004000000000000001,0.005,20
topk_nonoverlap_v2,B_technical_keyword,LogisticRegression,2022-07-06,2022-08-03,2022-07-06,5,model_topk,5,"BID,DXG,EIB,SSB,STB",0.11811727381586039,0.11311727381586038,0.03100077343747106,0.026000773437471064,0.9999999999999999,0.004999999999999999,0.005,20
topk_nonoverlap_v2,B_technical_keyword,LogisticRegression,2022-07-06,2022-08-03,2022-07-06,5,equal_weight_universe,80,"ABB,ACB,ANV,BAB,BCM,BID,BMP,BSI,BVB,BVH,CMG,CSV,CTG,DCM,DGW,DIG,DPM,DXG,EIB,ELC,EVF,FPT,FRT,GAS,GEX,GMD,GVR,HAH,HCM,HDB,HDG,HPG,HSG,KDH,KLB,LPB,MBB,MBS,MCH,MSB,MSN,MWG,NAB,NKG,NLG,NT2,NVL,OCB,PDR,PGB,PHR,PLX,PNJ,POW,PPC,PVT,REE,SAB,SCR,SHB,SSB,SSI,STB,TCB,TPB,VBB,VCB,VCG,VCI,VGC,VHC,VHM,VIB,VIC,VJC,VND,VNM,VPB,VRE,VSC",0.12588210143176154,0.12588210143176154,0.03876560105337219,0.03876560105337219,0.0,0.0,0.005,20
topk_nonoverlap_v2,B_technical_keyword,LogisticRegression,2022-07-06,2022-08-03,2022-07-06,5,random_topk_deterministic,5,"ANV,CTG,KLB,PPC,SSI",0.07352387920966749,0.06852387920966749,-0.013592621168721859,-0.01859262116872186,0.9999999999999999,0.004999999999999999,0.005,20
topk_nonoverlap_v2,B_technical_keyword,LogisticRegression,2022-07-06,2022-08-03,2022-07-06,10,model_topk,10,"BID,CTG,DXG,EIB,EVF,KDH,PDR,SSB,STB,VNM",0.10695493996345587,0.10245493996345587,0.01983843958506653,0.015338439585066529,0.9000000000000002,0.004500000000000001,0.005,20
topk_nonoverlap_v2,B_technical_keyword,LogisticRegression,2022-07-06,2022-08-03,2022-07-06,10,equal_weight_universe,80,"ABB,ACB,ANV,BAB,BCM,BID,BMP,BSI,BVB,BVH,CMG,CSV,CTG,DCM,DGW,DIG,DPM,DXG,EIB,ELC,EVF,FPT,FRT,GAS,GEX,GMD,GVR,HAH,HCM,HDB,HDG,HPG,HSG,KDH,KLB,LPB,MBB,MBS,MCH,MSB,MSN,MWG,NAB,NKG,NLG,NT2,NVL,OCB,PDR,PGB,PHR,PLX,PNJ,POW,PPC,PVT,REE,SAB,SCR,SHB,SSB,SSI,STB,TCB,TPB,VBB,VCB,VCG,VCI,VGC,VHC,VHM,VIB,VIC,VJC,VND,VNM,VPB,VRE,VSC",0.12588210143176154,0.12588210143176154,0.03876560105337219,0.03876560105337219,0.0,0.0,0.005,20
topk_nonoverlap_v2,B_technical_keyword,LogisticRegression,2022-07-06,2022-08-03,2022-07-06,10,random_topk_deterministic,10,"CSV,ELC,GEX,HDG,KDH,KLB,PGB,SSB,VGC,VND",0.16291490442162554,0.15841490442162554,0.0757984040432362,0.0712984040432362,0.9000000000000002,0.004500000000000001,0.005,20
topk_nonoverlap_v2,B_technical_keyword,LogisticRegression,2022-08-03,2022-08-31,2022-08-03,5,model_topk,5,"BID,DXG,EIB,SSB,STB",-0.00522671762746558,-0.00522671762746558,-0.029831441734494157,-0.029831441734494157,0.0,0.0,0.005,20
topk_nonoverlap_v2,B_technical_keyword,LogisticRegression,2022-08-03,2022-08-31,2022-08-03,5,equal_weight_universe,80,"ABB,ACB,ANV,BAB,BCM,BID,BMP,BSI,BVB,BVH,CMG,CSV,CTG,DCM,DGW,DIG,DPM,DXG,EIB,ELC,EVF,FPT,FRT,GAS,GEX,GMD,GVR,HAH,HCM,HDB,HDG,HPG,HSG,KDH,KLB,LPB,MBB,MBS,MCH,MSB,MSN,MWG,NAB,NKG,NLG,NT2,NVL,OCB,PDR,PGB,PHR,PLX,PNJ,POW,PPC,PVT,REE,SAB,SCR,SHB,SSB,SSI,STB,TCB,TPB,VBB,VCB,VCG,VCI,VGC,VHC,VHM,VIB,VIC,VJC,VND,VNM,VPB,VRE,VSC",0.027442932012420873,0.027442932012420873,0.0028382079053922574,0.0028382079053922574,0.0,0.0,0.005,20
topk_nonoverlap_v2,B_technical_keyword,LogisticRegression,2022-08-03,2022-08-31,2022-08-03,5,random_topk_deterministic,5,"LPB,PDR,PHR,PNJ,VCI",0.0220081959586162,0.017008195958616204,-0.0025965281484124207,-0.0075965281484124195,0.9999999999999999,0.004999999999999999,0.005,20
topk_nonoverlap_v2,B_technical_keyword,LogisticRegression,2022-08-03,2022-08-31,2022-08-03,10,model_topk,10,"BID,CTG,DXG,EIB,EVF,KDH,PDR,SSB,STB,VNM",-0.00936101436173364,-0.00936101436173364,-0.03396573846876224,-0.03396573846876224,0.0,0.0,0.005,20
topk_nonoverlap_v2,B_technical_keyword,LogisticRegression,2022-08-03,2022-08-31,2022-08-03,10,equal_weight_universe,80,"ABB,ACB,ANV,BAB,BCM,BID,BMP,BSI,BVB,BVH,CMG,CSV,CTG,DCM,DGW,DIG,DPM,DXG,EIB,ELC,EVF,FPT,FRT,GAS,GEX,GMD,GVR,HAH,HCM,HDB,HDG,HPG,HSG,KDH,KLB,LPB,MBB,MBS,MCH,MSB,MSN,MWG,NAB,NKG,NLG,NT2,NVL,OCB,PDR,PGB,PHR,PLX,PNJ,POW,PPC,PVT,REE,SAB,SCR,SHB,SSB,SSI,STB,TCB,TPB,VBB,VCB,VCG,VCI,VGC,VHC,VHM,VIB,VIC,VJC,VND,VNM,VPB,VRE,VSC",0.027442932012420873,0.027442932012420873,0.0028382079053922574,0.0028382079053922574,0.0,0.0,0.005,20
topk_nonoverlap_v2,B_technical_keyword,LogisticRegression,2022-08-03,2022-08-31,2022-08-03,10,random_topk_deterministic,10,"ACB,ELC,FPT,GMD,MCH,MSB,NAB,PLX,VNM,VSC",-0.000984183418107029,-0.00548418341810703,-0.025588907525135644,-0.030088907525135645,0.9000000000000002,0.004500000000000001,0.005,20
topk_nonoverlap_v2,B_technical_keyword,LogisticRegression,2022-08-31,2022-09-30,2022-08-31,5,model_topk,5,"BID,DXG,EIB,SSB,STB",-0.09604577123181242,-0.09604577123181242,0.0198455533185621,0.0198455533185621,0.0,0.0,0.005,20
topk_nonoverlap_v2,B_technical_keyword,LogisticRegression,2022-08-31,2022-09-30,2022-08-31,5,equal_weight_universe,80,"ABB,ACB,ANV,BAB,BCM,BID,BMP,BSI,BVB,BVH,CMG,CSV,CTG,DCM,DGW,DIG,DPM,DXG,EIB,ELC,EVF,FPT,FRT,GAS,GEX,GMD,GVR,HAH,HCM,HDB,HDG,HPG,HSG,KDH,KLB,LPB,MBB,MBS,MCH,MSB,MSN,MWG,NAB,NKG,NLG,NT2,NVL,OCB,PDR,PGB,PHR,PLX,PNJ,POW,PPC,PVT,REE,SAB,SCR,SHB,SSB,SSI,STB,TCB,TPB,VBB,VCB,VCG,VCI,VGC,VHC,VHM,VIB,VIC,VJC,VND,VNM,VPB,VRE,VSC",-0.12112612114703285,-0.12112612114703285,-0.005234796596658332,-0.005234796596658332,0.0,0.0,0.005,20
topk_nonoverlap_v2,B_technical_keyword,LogisticRegression,2022-08-31,2022-09-30,2022-08-31,5,random_topk_deterministic,5,"HDB,NVL,SHB,VHC,VSC",-0.07357014966819128,-0.07857014966819129,0.0423211748821832,0.0373211748821832,0.9999999999999999,0.004999999999999999,0.005,20
topk_nonoverlap_v2,B_technical_keyword,LogisticRegression,2022-08-31,2022-09-30,2022-08-31,10,model_topk,10,"BID,CTG,DXG,EIB,EVF,KDH,PDR,SSB,STB,VNM",-0.10312039297358688,-0.10312039297358688,0.012770931576787648,0.012770931576787648,0.0,0.0,0.005,20
topk_nonoverlap_v2,B_technical_keyword,LogisticRegression,2022-08-31,2022-09-30,2022-08-31,10,equal_weight_universe,80,"ABB,ACB,ANV,BAB,BCM,BID,BMP,BSI,BVB,BVH,CMG,CSV,CTG,DCM,DGW,DIG,DPM,DXG,EIB,ELC,EVF,FPT,FRT,GAS,GEX,GMD,GVR,HAH,HCM,HDB,HDG,HPG,HSG,KDH,KLB,LPB,MBB,MBS,MCH,MSB,MSN,MWG,NAB,NKG,NLG,NT2,NVL,OCB,PDR,PGB,PHR,PLX,PNJ,POW,PPC,PVT,REE,SAB,SCR,SHB,SSB,SSI,STB,TCB,TPB,VBB,VCB,VCG,VCI,VGC,VHC,VHM,VIB,VIC,VJC,VND,VNM,VPB,VRE,VSC",-0.12112612114703285,-0.12112612114703285,-0.005234796596658332,-0.005234796596658332,0.0,0.0,0.005,20
topk_nonoverlap_v2,B_technical_keyword,LogisticRegression,2022-08-31,2022-09-30,2022-08-31,10,random_topk_deterministic,10,"BVH,EIB,EVF,HAH,HDB,MBB,NKG,NT2,SAB,SSB",-0.0755083135301082,-0.0805083135301082,0.0403830110202663,0.035383011020266295,1.0000000000000002,0.005000000000000001,0.005,20
topk_nonoverlap_v2,B_technical_keyword,LogisticRegression,2022-09-30,2022-10-28,2022-09-30,5,model_topk,5,"BID,DXG,EIB,SSB,STB",-0.07815018265600246,-0.07815018265600246,0.014376161957153522,0.014376161957153522,0.0,0.0,0.005,20
topk_nonoverlap_v2,B_technical_keyword,LogisticRegression,2022-09-30,2022-10-28,2022-09-30,5,equal_weight_universe,80,"ABB,ACB,ANV,BAB,BCM,BID,BMP,BSI,BVB,BVH,CMG,CSV,CTG,DCM,DGW,DIG,DPM,DXG,EIB,ELC,EVF,FPT,FRT,GAS,GEX,GMD,GVR,HAH,HCM,HDB,HDG,HPG,HSG,KDH,KLB,LPB,MBB,MBS,MCH,MSB,MSN,MWG,NAB,NKG,NLG,NT2,NVL,OCB,PDR,PGB,PHR,PLX,PNJ,POW,PPC,PVT,REE,SAB,SCR,SHB,SSB,SSI,STB,TCB,TPB,VBB,VCB,VCG,VCI,VGC,VHC,VHM,VIB,VIC,VJC,VND,VNM,VPB,VRE,VSC",-0.1269024482280874,-0.1269024482280874,-0.034376103614931416,-0.034376103614931416,0.0,0.0,0.005,20
topk_nonoverlap_v2,B_technical_keyword,LogisticRegression,2022-09-30,2022-10-28,2022-09-30,5,random_topk_deterministic,5,"HDB,HSG,MSB,NT2,REE",-0.07284247605394087,-0.07684247605394087,0.0196838685592151,0.0156838685592151,0.7999999999999999,0.004,0.005,20
topk_nonoverlap_v2,B_technical_keyword,LogisticRegression,2022-09-30,2022-10-28,2022-09-30,10,model_topk,10,"BID,CTG,DXG,EIB,EVF,KDH,PDR,SSB,STB,VNM",-0.07589182750803461,-0.07589182750803461,0.0166345171051214,0.0166345171051214,0.0,0.0,0.005,20
topk_nonoverlap_v2,B_technical_keyword,LogisticRegression,2022-09-30,2022-10-28,2022-09-30,10,equal_weight_universe,80,"ABB,ACB,ANV,BAB,BCM,BID,BMP,BSI,BVB,BVH,CMG,CSV,CTG,DCM,DGW,DIG,DPM,DXG,EIB,ELC,EVF,FPT,FRT,GAS,GEX,GMD,GVR,HAH,HCM,HDB,HDG,HPG,HSG,KDH,KLB,LPB,MBB,MBS,MCH,MSB,MSN,MWG,NAB,NKG,NLG,NT2,NVL,OCB,PDR,PGB,PHR,PLX,PNJ,POW,PPC,PVT,REE,SAB,SCR,SHB,SSB,SSI,STB,TCB,TPB,VBB,VCB,VCG,VCI,VGC,VHC,VHM,VIB,VIC,VJC,VND,VNM,VPB,VRE,VSC",-0.1269024482280874,-0.1269024482280874,-0.034376103614931416,-0.034376103614931416,0.0,0.0,0.005,20
topk_nonoverlap_v2,B_technical_keyword,LogisticRegression,2022-09-30,2022-10-28,2022-09-30,10,random_topk_deterministic,10,"BSI,FPT,HAH,HDB,HSG,NKG,PDR,PHR,SSB,VCG",-0.1818975827935288,-0.1848975827935288,-0.08937123818037276,-0.09237123818037277,0.6,0.003,0.005,20
topk_nonoverlap_v2,B_technical_keyword,LogisticRegression,2022-10-28,2022-11-25,2022-10-28,5,model_topk,5,"BAB,EIB,GMD,SSB,VSC",-0.13746987059862154,-0.14046987059862154,-0.08305856394856728,-0.08605856394856728,0.6,0.003,0.005,20
topk_nonoverlap_v2,B_technical_keyword,LogisticRegression,2022-10-28,2022-11-25,2022-10-28,5,equal_weight_universe,80,"ABB,ACB,ANV,BAB,BCM,BID,BMP,BSI,BVB,BVH,CMG,CSV,CTG,DCM,DGW,DIG,DPM,DXG,EIB,ELC,EVF,FPT,FRT,GAS,GEX,GMD,GVR,HAH,HCM,HDB,HDG,HPG,HSG,KDH,KLB,LPB,MBB,MBS,MCH,MSB,MSN,MWG,NAB,NKG,NLG,NT2,NVL,OCB,PDR,PGB,PHR,PLX,PNJ,POW,PPC,PVT,REE,SAB,SCR,SHB,SSB,SSI,STB,TCB,TPB,VBB,VCB,VCG,VCI,VGC,VHC,VHM,VIB,VIC,VJC,VND,VNM,VPB,VRE,VSC",-0.08837193253163753,-0.08837193253163753,-0.03396062588158323,-0.03396062588158323,0.0,0.0,0.005,20
topk_nonoverlap_v2,B_technical_keyword,LogisticRegression,2022-10-28,2022-11-25,2022-10-28,5,random_topk_deterministic,5,"BMP,HPG,POW,SSB,VGC",-0.0829419504828188,-0.0879419504828188,-0.028530643832764463,-0.03353064383276446,0.9999999999999999,0.004999999999999999,0.005,20
topk_nonoverlap_v2,B_technical_keyword,LogisticRegression,2022-10-28,2022-11-25,2022-10-28,10,model_topk,10,"ACB,BAB,BSI,EIB,GMD,PNJ,SSB,VJC,VRE,VSC",-0.07040265529609666,-0.07440265529609666,-0.015991348646042375,-0.019991348646042375,0.8000000000000002,0.004000000000000001,0.005,20
topk_nonoverlap_v2,B_technical_keyword,LogisticRegression,2022-10-28,2022-11-25,2022-10-28,10,equal_weight_universe,80,"ABB,ACB,ANV,BAB,BCM,BID,BMP,BSI,BVB,BVH,CMG,CSV,CTG,DCM,DGW,DIG,DPM,DXG,EIB,ELC,EVF,FPT,FRT,GAS,GEX,GMD,GVR,HAH,HCM,HDB,HDG,HPG,HSG,KDH,KLB,LPB,MBB,MBS,MCH,MSB,MSN,MWG,NAB,NKG,NLG,NT2,NVL,OCB,PDR,PGB,PHR,PLX,PNJ,POW,PPC,PVT,REE,SAB,SCR,SHB,SSB,SSI,STB,TCB,TPB,VBB,VCB,VCG,VCI,VGC,VHC,VHM,VIB,VIC,VJC,VND,VNM,VPB,VRE,VSC",-0.08837193253163753,-0.08837193253163753,-0.03396062588158323,-0.03396062588158323,0.0,0.0,0.005,20
topk_nonoverlap_v2,B_technical_keyword,LogisticRegression,2022-10-28,2022-11-25,2022-10-28,10,random_topk_deterministic,10,"ACB,BSI,GMD,MBB,MBS,NT2,PPC,SAB,SSI,VHM",-0.04285339334832276,-0.04735339334832277,0.011557913301731535,0.007057913301731534,0.9000000000000002,0.004500000000000001,0.005,20
topk_nonoverlap_v2,B_technical_keyword,LogisticRegression,2022-11-25,2022-12-23,2022-11-25,5,model_topk,5,"BAB,EIB,GMD,SSB,VSC",0.09093105951257438,0.09093105951257438,0.04061504032495996,0.04061504032495996,0.0,0.0,0.005,20
topk_nonoverlap_v2,B_technical_keyword,LogisticRegression,2022-11-25,2022-12-23,2022-11-25,5,equal_weight_universe,80,"ABB,ACB,ANV,BAB,BCM,BID,BMP,BSI,BVB,BVH,CMG,CSV,CTG,DCM,DGW,DIG,DPM,DXG,EIB,ELC,EVF,FPT,FRT,GAS,GEX,GMD,GVR,HAH,HCM,HDB,HDG,HPG,HSG,KDH,KLB,LPB,MBB,MBS,MCH,MSB,MSN,MWG,NAB,NKG,NLG,NT2,NVL,OCB,PDR,PGB,PHR,PLX,PNJ,POW,PPC,PVT,REE,SAB,SCR,SHB,SSB,SSI,STB,TCB,TPB,VBB,VCB,VCG,VCI,VGC,VHC,VHM,VIB,VIC,VJC,VND,VNM,VPB,VRE,VSC",0.0917815081415152,0.0917815081415152,0.0414654889539008,0.0414654889539008,0.0,0.0,0.005,20
topk_nonoverlap_v2,B_technical_keyword,LogisticRegression,2022-11-25,2022-12-23,2022-11-25,5,random_topk_deterministic,5,"ABB,HDB,HDG,PGB,SSI",0.08264956516023898,0.07764956516023898,0.032333545972624576,0.02733354597262458,0.9999999999999999,0.004999999999999999,0.005,20
topk_nonoverlap_v2,B_technical_keyword,LogisticRegression,2022-11-25,2022-12-23,2022-11-25,10,model_topk,10,"ACB,BAB,BSI,EIB,GMD,PNJ,SSB,VJC,VRE,VSC",0.07229574432237709,0.07229574432237709,0.02197972513476269,0.02197972513476269,0.0,0.0,0.005,20
topk_nonoverlap_v2,B_technical_keyword,LogisticRegression,2022-11-25,2022-12-23,2022-11-25,10,equal_weight_universe,80,"ABB,ACB,ANV,BAB,BCM,BID,BMP,BSI,BVB,BVH,CMG,CSV,CTG,DCM,DGW,DIG,DPM,DXG,EIB,ELC,EVF,FPT,FRT,GAS,GEX,GMD,GVR,HAH,HCM,HDB,HDG,HPG,HSG,KDH,KLB,LPB,MBB,MBS,MCH,MSB,MSN,MWG,NAB,NKG,NLG,NT2,NVL,OCB,PDR,PGB,PHR,PLX,PNJ,POW,PPC,PVT,REE,SAB,SCR,SHB,SSB,SSI,STB,TCB,TPB,VBB,VCB,VCG,VCI,VGC,VHC,VHM,VIB,VIC,VJC,VND,VNM,VPB,VRE,VSC",0.0917815081415152,0.0917815081415152,0.0414654889539008,0.0414654889539008,0.0,0.0,0.005,20
topk_nonoverlap_v2,B_technical_keyword,LogisticRegression,2022-11-25,2022-12-23,2022-11-25,10,random_topk_deterministic,10,"BCM,DGW,DXG,ELC,GEX,MBS,MCH,VCI,VGC,VSC",0.1007167503630015,0.0962167503630015,0.050400731175387105,0.0459007311753871,0.9000000000000002,0.004500000000000001,0.005,20
topk_nonoverlap_v2,B_technical_keyword,LogisticRegression,2022-12-23,2023-01-30,2022-12-23,5,model_topk,5,"BAB,EIB,GMD,SSB,VSC",0.036894254009523196,0.036894254009523196,-0.04369652945481212,-0.04369652945481212,0.0,0.0,0.005,20
topk_nonoverlap_v2,B_technical_keyword,LogisticRegression,2022-12-23,2023-01-30,2022-12-23,5,equal_weight_universe,80,"ABB,ACB,ANV,BAB,BCM,BID,BMP,BSI,BVB,BVH,CMG,CSV,CTG,DCM,DGW,DIG,DPM,DXG,EIB,ELC,EVF,FPT,FRT,GAS,GEX,GMD,GVR,HAH,HCM,HDB,HDG,HPG,HSG,KDH,KLB,LPB,MBB,MBS,MCH,MSB,MSN,MWG,NAB,NKG,NLG,NT2,NVL,OCB,PDR,PGB,PHR,PLX,PNJ,POW,PPC,PVT,REE,SAB,SCR,SHB,SSB,SSI,STB,TCB,TPB,VBB,VCB,VCG,VCI,VGC,VHC,VHM,VIB,VIC,VJC,VND,VNM,VPB,VRE,VSC",0.09285616386073754,0.09285616386073754,0.012265380396402218,0.012265380396402218,0.0,0.0,0.005,20
topk_nonoverlap_v2,B_technical_keyword,LogisticRegression,2022-12-23,2023-01-30,2022-12-23,5,random_topk_deterministic,5,"CMG,EIB,HPG,MCH,STB",0.06035209071849902,0.055352090718499024,-0.02023869274583632,-0.025238692745836316,0.9999999999999999,0.004999999999999999,0.005,20
topk_nonoverlap_v2,B_technical_keyword,LogisticRegression,2022-12-23,2023-01-30,2022-12-23,10,model_topk,10,"ACB,BAB,BSI,EIB,GMD,PNJ,SSB,VJC,VRE,VSC",0.06735352106502435,0.06735352106502435,-0.01323726239931099,-0.01323726239931099,0.0,0.0,0.005,20
topk_nonoverlap_v2,B_technical_keyword,LogisticRegression,2022-12-23,2023-01-30,2022-12-23,10,equal_weight_universe,80,"ABB,ACB,ANV,BAB,BCM,BID,BMP,BSI,BVB,BVH,CMG,CSV,CTG,DCM,DGW,DIG,DPM,DXG,EIB,ELC,EVF,FPT,FRT,GAS,GEX,GMD,GVR,HAH,HCM,HDB,HDG,HPG,HSG,KDH,KLB,LPB,MBB,MBS,MCH,MSB,MSN,MWG,NAB,NKG,NLG,NT2,NVL,OCB,PDR,PGB,PHR,PLX,PNJ,POW,PPC,PVT,REE,SAB,SCR,SHB,SSB,SSI,STB,TCB,TPB,VBB,VCB,VCG,VCI,VGC,VHC,VHM,VIB,VIC,VJC,VND,VNM,VPB,VRE,VSC",0.09285616386073754,0.09285616386073754,0.012265380396402218,0.012265380396402218,0.0,0.0,0.005,20
topk_nonoverlap_v2,B_technical_keyword,LogisticRegression,2022-12-23,2023-01-30,2022-12-23,10,random_topk_deterministic,10,"BAB,BVH,CMG,CTG,HAH,HSG,NAB,NT2,PVT,VIB",0.10504161374418082,0.10004161374418082,0.024450830279845487,0.019450830279845486,1.0000000000000002,0.005000000000000001,0.005,20
topk_nonoverlap_v2,B_technical_keyword,LogisticRegression,2023-01-30,2023-02-27,2023-01-30,5,model_topk,5,"EIB,EVF,NVL,OCB,PDR",-0.17013777011941306,-0.17413777011941306,-0.09638281578544791,-0.10038281578544792,0.7999999999999999,0.004,0.005,20
topk_nonoverlap_v2,B_technical_keyword,LogisticRegression,2023-01-30,2023-02-27,2023-01-30,5,equal_weight_universe,80,"ABB,ACB,ANV,BAB,BCM,BID,BMP,BSI,BVB,BVH,CMG,CSV,CTG,DCM,DGW,DIG,DPM,DXG,EIB,ELC,EVF,FPT,FRT,GAS,GEX,GMD,GVR,HAH,HCM,HDB,HDG,HPG,HSG,KDH,KLB,LPB,MBB,MBS,MCH,MSB,MSN,MWG,NAB,NKG,NLG,NT2,NVL,OCB,PDR,PGB,PHR,PLX,PNJ,POW,PPC,PVT,REE,SAB,SCR,SHB,SSB,SSI,STB,TCB,TPB,VBB,VCB,VCG,VCI,VGC,VHC,VHM,VIB,VIC,VJC,VND,VNM,VPB,VRE,VSC",-0.088278629565926,-0.088278629565926,-0.014523675231960848,-0.014523675231960848,0.0,0.0,0.005,20
topk_nonoverlap_v2,B_technical_keyword,LogisticRegression,2023-01-30,2023-02-27,2023-01-30,5,random_topk_deterministic,5,"CMG,FPT,LPB,MBB,MSB",-0.07472041321971983,-0.07872041321971983,-0.0009654588857547011,-0.004965458885754701,0.7999999999999999,0.004,0.005,20
topk_nonoverlap_v2,B_technical_keyword,LogisticRegression,2023-01-30,2023-02-27,2023-01-30,10,model_topk,10,"BCM,BVB,EIB,EVF,NT2,NVL,OCB,PDR,PNJ,SSB",-0.106100856499877,-0.109600856499877,-0.03234590216591184,-0.035845902165911846,0.7000000000000001,0.0035000000000000005,0.005,20
topk_nonoverlap_v2,B_technical_keyword,LogisticRegression,2023-01-30,2023-02-27,2023-01-30,10,equal_weight_universe,80,"ABB,ACB,ANV,BAB,BCM,BID,BMP,BSI,BVB,BVH,CMG,CSV,CTG,DCM,DGW,DIG,DPM,DXG,EIB,ELC,EVF,FPT,FRT,GAS,GEX,GMD,GVR,HAH,HCM,HDB,HDG,HPG,HSG,KDH,KLB,LPB,MBB,MBS,MCH,MSB,MSN,MWG,NAB,NKG,NLG,NT2,NVL,OCB,PDR,PGB,PHR,PLX,PNJ,POW,PPC,PVT,REE,SAB,SCR,SHB,SSB,SSI,STB,TCB,TPB,VBB,VCB,VCG,VCI,VGC,VHC,VHM,VIB,VIC,VJC,VND,VNM,VPB,VRE,VSC",-0.088278629565926,-0.088278629565926,-0.014523675231960848,-0.014523675231960848,0.0,0.0,0.005,20
topk_nonoverlap_v2,B_technical_keyword,LogisticRegression,2023-01-30,2023-02-27,2023-01-30,10,random_topk_deterministic,10,"BCM,FPT,FRT,GMD,HCM,MWG,PPC,REE,TPB,VCI",-0.055442249922618,-0.060442249922618,0.018312704411347098,0.013312704411347097,1.0000000000000002,0.005000000000000001,0.005,20
topk_nonoverlap_v2,B_technical_keyword,LogisticRegression,2023-02-27,2023-03-27,2023-02-27,5,model_topk,5,"EIB,EVF,NVL,OCB,PDR",0.07475157420608117,0.07475157420608117,0.04439661704573842,0.04439661704573842,0.0,0.0,0.005,20
topk_nonoverlap_v2,B_technical_keyword,LogisticRegression,2023-02-27,2023-03-27,2023-02-27,5,equal_weight_universe,80,"ABB,ACB,ANV,BAB,BCM,BID,BMP,BSI,BVB,BVH,CMG,CSV,CTG,DCM,DGW,DIG,DPM,DXG,EIB,ELC,EVF,FPT,FRT,GAS,GEX,GMD,GVR,HAH,HCM,HDB,HDG,HPG,HSG,KDH,KLB,LPB,MBB,MBS,MCH,MSB,MSN,MWG,NAB,NKG,NLG,NT2,NVL,OCB,PDR,PGB,PHR,PLX,PNJ,POW,PPC,PVT,REE,SAB,SCR,SHB,SSB,SSI,STB,TCB,TPB,VBB,VCB,VCG,VCI,VGC,VHC,VHM,VIB,VIC,VJC,VND,VNM,VPB,VRE,VSC",0.04244534827522724,0.04244534827522724,0.012090391114884507,0.012090391114884507,0.0,0.0,0.005,20
topk_nonoverlap_v2,B_technical_keyword,LogisticRegression,2023-02-27,2023-03-27,2023-02-27,5,random_topk_deterministic,5,"HCM,KLB,POW,TCB,VSC",0.03399759263204038,0.02899759263204038,0.0036426354716976375,-0.0013573645283023617,0.9999999999999999,0.004999999999999999,0.005,20
topk_nonoverlap_v2,B_technical_keyword,LogisticRegression,2023-02-27,2023-03-27,2023-02-27,10,model_topk,10,"BCM,BVB,EIB,EVF,NT2,NVL,OCB,PDR,PNJ,SSB",0.05068081116288119,0.05068081116288119,0.02032585400253847,0.02032585400253847,0.0,0.0,0.005,20
topk_nonoverlap_v2,B_technical_keyword,LogisticRegression,2023-02-27,2023-03-27,2023-02-27,10,equal_weight_universe,80,"ABB,ACB,ANV,BAB,BCM,BID,BMP,BSI,BVB,BVH,CMG,CSV,CTG,DCM,DGW,DIG,DPM,DXG,EIB,ELC,EVF,FPT,FRT,GAS,GEX,GMD,GVR,HAH,HCM,HDB,HDG,HPG,HSG,KDH,KLB,LPB,MBB,MBS,MCH,MSB,MSN,MWG,NAB,NKG,NLG,NT2,NVL,OCB,PDR,PGB,PHR,PLX,PNJ,POW,PPC,PVT,REE,SAB,SCR,SHB,SSB,SSI,STB,TCB,TPB,VBB,VCB,VCG,VCI,VGC,VHC,VHM,VIB,VIC,VJC,VND,VNM,VPB,VRE,VSC",0.04244534827522724,0.04244534827522724,0.012090391114884507,0.012090391114884507,0.0,0.0,0.005,20
topk_nonoverlap_v2,B_technical_keyword,LogisticRegression,2023-02-27,2023-03-27,2023-02-27,10,random_topk_deterministic,10,"DIG,HCM,OCB,POW,SSB,VCG,VCI,VGC,VJC,VSC",0.055518541506956676,0.05151854150695667,0.02516358434661392,0.02116358434661392,0.8000000000000002,0.004000000000000001,0.005,20
topk_nonoverlap_v2,B_technical_keyword,LogisticRegression,2023-03-27,2023-04-24,2023-03-27,5,model_topk,5,"EIB,EVF,NVL,OCB,PDR",0.04440412844448432,0.04440412844448432,0.0547533800481908,0.0547533800481908,0.0,0.0,0.005,20
topk_nonoverlap_v2,B_technical_keyword,LogisticRegression,2023-03-27,2023-04-24,2023-03-27,5,equal_weight_universe,80,"ABB,ACB,ANV,BAB,BCM,BID,BMP,BSI,BVB,BVH,CMG,CSV,CTG,DCM,DGW,DIG,DPM,DXG,EIB,ELC,EVF,FPT,FRT,GAS,GEX,GMD,GVR,HAH,HCM,HDB,HDG,HPG,HSG,KDH,KLB,LPB,MBB,MBS,MCH,MSB,MSN,MWG,NAB,NKG,NLG,NT2,NVL,OCB,PDR,PGB,PHR,PLX,PNJ,POW,PPC,PVT,REE,SAB,SCR,SHB,SSB,SSI,STB,TCB,TPB,VBB,VCB,VCG,VCI,VGC,VHC,VHM,VIB,VIC,VJC,VND,VNM,VPB,VRE,VSC",0.030233523356027046,0.030233523356027046,0.04058277495973352,0.04058277495973352,0.0,0.0,0.005,20
topk_nonoverlap_v2,B_technical_keyword,LogisticRegression,2023-03-27,2023-04-24,2023-03-27,5,random_topk_deterministic,5,"DXG,ELC,GAS,HDG,VNM",0.006637468816920243,0.0016374688169202437,0.016986720420626714,0.011986720420626715,0.9999999999999999,0.004999999999999999,0.005,20
topk_nonoverlap_v2,B_technical_keyword,LogisticRegression,2023-03-27,2023-04-24,2023-03-27,10,model_topk,10,"BCM,BVB,EIB,EVF,NT2,NVL,OCB,PDR,PNJ,SSB",0.02119942233727924,0.02119942233727924,0.03154867394098572,0.03154867394098572,0.0,0.0,0.005,20
topk_nonoverlap_v2,B_technical_keyword,LogisticRegression,2023-03-27,2023-04-24,2023-03-27,10,equal_weight_universe,80,"ABB,ACB,ANV,BAB,BCM,BID,BMP,BSI,BVB,BVH,CMG,CSV,CTG,DCM,DGW,DIG,DPM,DXG,EIB,ELC,EVF,FPT,FRT,GAS,GEX,GMD,GVR,HAH,HCM,HDB,HDG,HPG,HSG,KDH,KLB,LPB,MBB,MBS,MCH,MSB,MSN,MWG,NAB,NKG,NLG,NT2,NVL,OCB,PDR,PGB,PHR,PLX,PNJ,POW,PPC,PVT,REE,SAB,SCR,SHB,SSB,SSI,STB,TCB,TPB,VBB,VCB,VCG,VCI,VGC,VHC,VHM,VIB,VIC,VJC,VND,VNM,VPB,VRE,VSC",0.030233523356027046,0.030233523356027046,0.04058277495973352,0.04058277495973352,0.0,0.0,0.005,20
topk_nonoverlap_v2,B_technical_keyword,LogisticRegression,2023-03-27,2023-04-24,2023-03-27,10,random_topk_deterministic,10,"ACB,CSV,DXG,GMD,KDH,MBS,OCB,PPC,VGC,VJC",0.046487497043332784,0.04298749704333278,0.05683674864703927,0.053336748647039266,0.7000000000000001,0.0035000000000000005,0.005,20
topk_nonoverlap_v2,B_technical_keyword,LogisticRegression,2023-04-24,2023-05-25,2023-04-24,5,model_topk,5,"BSI,NLG,OCB,PGB,VHM",0.00442016371653628,0.00042016371653628027,-0.017925614880682922,-0.021925614880682922,0.7999999999999999,0.004,0.005,20
topk_nonoverlap_v2,B_technical_keyword,LogisticRegression,2023-04-24,2023-05-25,2023-04-24,5,equal_weight_universe,80,"ABB,ACB,ANV,BAB,BCM,BID,BMP,BSI,BVB,BVH,CMG,CSV,CTG,DCM,DGW,DIG,DPM,DXG,EIB,ELC,EVF,FPT,FRT,GAS,GEX,GMD,GVR,HAH,HCM,HDB,HDG,HPG,HSG,KDH,KLB,LPB,MBB,MBS,MCH,MSB,MSN,MWG,NAB,NKG,NLG,NT2,NVL,OCB,PDR,PGB,PHR,PLX,PNJ,POW,PPC,PVT,REE,SAB,SCR,SHB,SSB,SSI,STB,TCB,TPB,VBB,VCB,VCG,VCI,VGC,VHC,VHM,VIB,VIC,VJC,VND,VNM,VPB,VRE,VSC",0.028488844044077238,0.028488844044077238,0.006143065446858049,0.006143065446858049,0.0,0.0,0.005,20
topk_nonoverlap_v2,B_technical_keyword,LogisticRegression,2023-04-24,2023-05-25,2023-04-24,5,random_topk_deterministic,5,"ACB,PGB,PHR,VGC,VPB",0.03100985297351517,0.02600985297351517,0.008664074376295959,0.0036640743762959595,0.9999999999999999,0.004999999999999999,0.005,20
topk_nonoverlap_v2,B_technical_keyword,LogisticRegression,2023-04-24,2023-05-25,2023-04-24,10,model_topk,10,"BSI,DIG,DXG,MBS,MSB,NLG,OCB,PGB,SHB,VHM",0.037699183487275065,0.03319918348727506,0.015353404890055858,0.010853404890055856,0.9000000000000002,0.004500000000000001,0.005,20
topk_nonoverlap_v2,B_technical_keyword,LogisticRegression,2023-04-24,2023-05-25,2023-04-24,10,equal_weight_universe,80,"ABB,ACB,ANV,BAB,BCM,BID,BMP,BSI,BVB,BVH,CMG,CSV,CTG,DCM,DGW,DIG,DPM,DXG,EIB,ELC,EVF,FPT,FRT,GAS,GEX,GMD,GVR,HAH,HCM,HDB,HDG,HPG,HSG,KDH,KLB,LPB,MBB,MBS,MCH,MSB,MSN,MWG,NAB,NKG,NLG,NT2,NVL,OCB,PDR,PGB,PHR,PLX,PNJ,POW,PPC,PVT,REE,SAB,SCR,SHB,SSB,SSI,STB,TCB,TPB,VBB,VCB,VCG,VCI,VGC,VHC,VHM,VIB,VIC,VJC,VND,VNM,VPB,VRE,VSC",0.028488844044077238,0.028488844044077238,0.006143065446858049,0.006143065446858049,0.0,0.0,0.005,20
topk_nonoverlap_v2,B_technical_keyword,LogisticRegression,2023-04-24,2023-05-25,2023-04-24,10,random_topk_deterministic,10,"ANV,DXG,EVF,HDB,LPB,MSB,PVT,SHB,SSI,VHC",0.0362584604830032,0.031758460483003195,0.013912681885784001,0.009412681885784,0.9000000000000002,0.004500000000000001,0.005,20
topk_nonoverlap_v2,B_technical_keyword,LogisticRegression,2023-05-25,2023-06-22,2023-05-25,5,model_topk,5,"BSI,NLG,OCB,PGB,VHM",0.07097808570267221,0.07097808570267221,0.013991151274749019,0.013991151274749019,0.0,0.0,0.005,20
topk_nonoverlap_v2,B_technical_keyword,LogisticRegression,2023-05-25,2023-06-22,2023-05-25,5,equal_weight_universe,80,"ABB,ACB,ANV,BAB,BCM,BID,BMP,BSI,BVB,BVH,CMG,CSV,CTG,DCM,DGW,DIG,DPM,DXG,EIB,ELC,EVF,FPT,FRT,GAS,GEX,GMD,GVR,HAH,HCM,HDB,HDG,HPG,HSG,KDH,KLB,LPB,MBB,MBS,MCH,MSB,MSN,MWG,NAB,NKG,NLG,NT2,NVL,OCB,PDR,PGB,PHR,PLX,PNJ,POW,PPC,PVT,REE,SAB,SCR,SHB,SSB,SSI,STB,TCB,TPB,VBB,VCB,VCG,VCI,VGC,VHC,VHM,VIB,VIC,VJC,VND,VNM,VPB,VRE,VSC",0.09564780574348064,0.09564780574348064,0.03866087131555743,0.03866087131555743,0.0,0.0,0.005,20
topk_nonoverlap_v2,B_technical_keyword,LogisticRegression,2023-05-25,2023-06-22,2023-05-25,5,random_topk_deterministic,5,"ABB,BAB,GVR,SAB,TCB",0.07656350358823594,0.07156350358823593,0.019576569160312716,0.014576569160312717,0.9999999999999999,0.004999999999999999,0.005,20
topk_nonoverlap_v2,B_technical_keyword,LogisticRegression,2023-05-25,2023-06-22,2023-05-25,10,model_topk,10,"BSI,DIG,DXG,MBS,MSB,NLG,OCB,PGB,SHB,VHM",0.09085203823527085,0.09085203823527085,0.03386510380734763,0.03386510380734763,0.0,0.0,0.005,20
topk_nonoverlap_v2,B_technical_keyword,LogisticRegression,2023-05-25,2023-06-22,2023-05-25,10,equal_weight_universe,80,"ABB,ACB,ANV,BAB,BCM,BID,BMP,BSI,BVB,BVH,CMG,CSV,CTG,DCM,DGW,DIG,DPM,DXG,EIB,ELC,EVF,FPT,FRT,GAS,GEX,GMD,GVR,HAH,HCM,HDB,HDG,HPG,HSG,KDH,KLB,LPB,MBB,MBS,MCH,MSB,MSN,MWG,NAB,NKG,NLG,NT2,NVL,OCB,PDR,PGB,PHR,PLX,PNJ,POW,PPC,PVT,REE,SAB,SCR,SHB,SSB,SSI,STB,TCB,TPB,VBB,VCB,VCG,VCI,VGC,VHC,VHM,VIB,VIC,VJC,VND,VNM,VPB,VRE,VSC",0.09564780574348064,0.09564780574348064,0.03866087131555743,0.03866087131555743,0.0,0.0,0.005,20
topk_nonoverlap_v2,B_technical_keyword,LogisticRegression,2023-05-25,2023-06-22,2023-05-25,10,random_topk_deterministic,10,"ABB,ANV,BID,KLB,LPB,NAB,NVL,PNJ,VJC,VNM",0.08561757423246644,0.08161757423246643,0.02863063980454324,0.02463063980454324,0.8000000000000002,0.004000000000000001,0.005,20
topk_nonoverlap_v2,B_technical_keyword,LogisticRegression,2023-06-22,2023-07-20,2023-06-22,5,model_topk,5,"BSI,NLG,OCB,PGB,VHM",0.03348632794588437,0.03348632794588437,-0.00873352453789762,-0.00873352453789762,0.0,0.0,0.005,20
topk_nonoverlap_v2,B_technical_keyword,LogisticRegression,2023-06-22,2023-07-20,2023-06-22,5,equal_weight_universe,80,"ABB,ACB,ANV,BAB,BCM,BID,BMP,BSI,BVB,BVH,CMG,CSV,CTG,DCM,DGW,DIG,DPM,DXG,EIB,ELC,EVF,FPT,FRT,GAS,GEX,GMD,GVR,HAH,HCM,HDB,HDG,HPG,HSG,KDH,KLB,LPB,MBB,MBS,MCH,MSB,MSN,MWG,NAB,NKG,NLG,NT2,NVL,OCB,PDR,PGB,PHR,PLX,PNJ,POW,PPC,PVT,REE,SAB,SCR,SHB,SSB,SSI,STB,TCB,TPB,VBB,VCB,VCG,VCI,VGC,VHC,VHM,VIB,VIC,VJC,VND,VNM,VPB,VRE,VSC",0.04908615125116789,0.04908615125116789,0.0068662987673858865,0.0068662987673858865,0.0,0.0,0.005,20
topk_nonoverlap_v2,B_technical_keyword,LogisticRegression,2023-06-22,2023-07-20,2023-06-22,5,random_topk_deterministic,5,"ABB,GVR,MSN,POW,TCB",0.019816148020386618,0.01781614802038662,-0.0224037044633954,-0.024403704463395397,0.4,0.002,0.005,20
topk_nonoverlap_v2,B_technical_keyword,LogisticRegression,2023-06-22,2023-07-20,2023-06-22,10,model_topk,10,"BSI,DIG,DXG,MBS,MSB,NLG,OCB,PGB,SHB,VHM",0.033058860779476555,0.033058860779476555,-0.00916099170430541,-0.00916099170430541,0.0,0.0,0.005,20
topk_nonoverlap_v2,B_technical_keyword,LogisticRegression,2023-06-22,2023-07-20,2023-06-22,10,equal_weight_universe,80,"ABB,ACB,ANV,BAB,BCM,BID,BMP,BSI,BVB,BVH,CMG,CSV,CTG,DCM,DGW,DIG,DPM,DXG,EIB,ELC,EVF,FPT,FRT,GAS,GEX,GMD,GVR,HAH,HCM,HDB,HDG,HPG,HSG,KDH,KLB,LPB,MBB,MBS,MCH,MSB,MSN,MWG,NAB,NKG,NLG,NT2,NVL,OCB,PDR,PGB,PHR,PLX,PNJ,POW,PPC,PVT,REE,SAB,SCR,SHB,SSB,SSI,STB,TCB,TPB,VBB,VCB,VCG,VCI,VGC,VHC,VHM,VIB,VIC,VJC,VND,VNM,VPB,VRE,VSC",0.04908615125116789,0.04908615125116789,0.0068662987673858865,0.0068662987673858865,0.0,0.0,0.005,20
topk_nonoverlap_v2,B_technical_keyword,LogisticRegression,2023-06-22,2023-07-20,2023-06-22,10,random_topk_deterministic,10,"BSI,CSV,ELC,NLG,NVL,POW,SAB,SSI,VCG,VND",0.03507282283234538,0.030572822832345376,-0.007147029651436631,-0.011647029651436634,0.9000000000000002,0.004500000000000001,0.005,20
topk_nonoverlap_v2,B_technical_keyword,LogisticRegression,2023-07-20,2023-08-17,2023-07-20,5,model_topk,5,"DGW,DIG,HCM,NVL,VND",0.1685069915968321,0.1635069915968321,0.11677653227264495,0.11177653227264495,0.9999999999999999,0.004999999999999999,0.005,20
topk_nonoverlap_v2,B_technical_keyword,LogisticRegression,2023-07-20,2023-08-17,2023-07-20,5,equal_weight_universe,80,"ABB,ACB,ANV,BAB,BCM,BID,BMP,BSI,BVB,BVH,CMG,CSV,CTG,DCM,DGW,DIG,DPM,DXG,EIB,ELC,EVF,FPT,FRT,GAS,GEX,GMD,GVR,HAH,HCM,HDB,HDG,HPG,HSG,KDH,KLB,LPB,MBB,MBS,MCH,MSB,MSN,MWG,NAB,NKG,NLG,NT2,NVL,OCB,PDR,PGB,PHR,PLX,PNJ,POW,PPC,PVT,REE,SAB,SCR,SHB,SSB,SSI,STB,TCB,TPB,VBB,VCB,VCG,VCI,VGC,VHC,VHM,VIB,VIC,VJC,VND,VNM,VPB,VRE,VSC",0.058565910741737316,0.058565910741737316,0.006835451417550151,0.006835451417550151,0.0,0.0,0.005,20
topk_nonoverlap_v2,B_technical_keyword,LogisticRegression,2023-07-20,2023-08-17,2023-07-20,5,random_topk_deterministic,5,"CMG,FPT,PPC,TPB,VSC",-0.021304853015012122,-0.02630485301501212,-0.07303531233919928,-0.07803531233919929,0.9999999999999999,0.004999999999999999,0.005,20
topk_nonoverlap_v2,B_technical_keyword,LogisticRegression,2023-07-20,2023-08-17,2023-07-20,10,model_topk,10,"DGW,DIG,FRT,HCM,MBS,MWG,NVL,PDR,VHC,VND",0.1148656779802,0.1108656779802,0.06313521865601283,0.05913521865601283,0.8000000000000002,0.004000000000000001,0.005,20
topk_nonoverlap_v2,B_technical_keyword,LogisticRegression,2023-07-20,2023-08-17,2023-07-20,10,equal_weight_universe,80,"ABB,ACB,ANV,BAB,BCM,BID,BMP,BSI,BVB,BVH,CMG,CSV,CTG,DCM,DGW,DIG,DPM,DXG,EIB,ELC,EVF,FPT,FRT,GAS,GEX,GMD,GVR,HAH,HCM,HDB,HDG,HPG,HSG,KDH,KLB,LPB,MBB,MBS,MCH,MSB,MSN,MWG,NAB,NKG,NLG,NT2,NVL,OCB,PDR,PGB,PHR,PLX,PNJ,POW,PPC,PVT,REE,SAB,SCR,SHB,SSB,SSI,STB,TCB,TPB,VBB,VCB,VCG,VCI,VGC,VHC,VHM,VIB,VIC,VJC,VND,VNM,VPB,VRE,VSC",0.058565910741737316,0.058565910741737316,0.006835451417550151,0.006835451417550151,0.0,0.0,0.005,20
topk_nonoverlap_v2,B_technical_keyword,LogisticRegression,2023-07-20,2023-08-17,2023-07-20,10,random_topk_deterministic,10,"ACB,BMP,BVH,FPT,MCH,NT2,NVL,OCB,STB,VIB",0.06145772551243737,0.056957725512437364,0.009727266188250188,0.005227266188250187,0.9000000000000002,0.004500000000000001,0.005,20
topk_nonoverlap_v2,B_technical_keyword,LogisticRegression,2023-08-17,2023-09-18,2023-08-17,5,model_topk,5,"DGW,DIG,HCM,NVL,VND",0.04163944368473064,0.04163944368473064,0.0592076247658994,0.0592076247658994,0.0,0.0,0.005,20
topk_nonoverlap_v2,B_technical_keyword,LogisticRegression,2023-08-17,2023-09-18,2023-08-17,5,equal_weight_universe,80,"ABB,ACB,ANV,BAB,BCM,BID,BMP,BSI,BVB,BVH,CMG,CSV,CTG,DCM,DGW,DIG,DPM,DXG,EIB,ELC,EVF,FPT,FRT,GAS,GEX,GMD,GVR,HAH,HCM,HDB,HDG,HPG,HSG,KDH,KLB,LPB,MBB,MBS,MCH,MSB,MSN,MWG,NAB,NKG,NLG,NT2,NVL,OCB,PDR,PGB,PHR,PLX,PNJ,POW,PPC,PVT,REE,SAB,SCR,SHB,SSB,SSI,STB,TCB,TPB,VBB,VCB,VCG,VCI,VGC,VHC,VHM,VIB,VIC,VJC,VND,VNM,VPB,VRE,VSC",0.02450140955443635,0.02450140955443635,0.0420695906356051,0.0420695906356051,0.0,0.0,0.005,20
topk_nonoverlap_v2,B_technical_keyword,LogisticRegression,2023-08-17,2023-09-18,2023-08-17,5,random_topk_deterministic,5,"MBB,MWG,OCB,VHC,VIC",-0.00396348729140768,-0.008963487291407678,0.01360469378976108,0.008604693789761081,0.9999999999999999,0.004999999999999999,0.005,20
topk_nonoverlap_v2,B_technical_keyword,LogisticRegression,2023-08-17,2023-09-18,2023-08-17,10,model_topk,10,"DGW,DIG,FRT,HCM,MBS,MWG,NVL,PDR,VHC,VND",0.09080253922532197,0.09080253922532197,0.10837072030649073,0.10837072030649073,0.0,0.0,0.005,20
topk_nonoverlap_v2,B_technical_keyword,LogisticRegression,2023-08-17,2023-09-18,2023-08-17,10,equal_weight_universe,80,"ABB,ACB,ANV,BAB,BCM,BID,BMP,BSI,BVB,BVH,CMG,CSV,CTG,DCM,DGW,DIG,DPM,DXG,EIB,ELC,EVF,FPT,FRT,GAS,GEX,GMD,GVR,HAH,HCM,HDB,HDG,HPG,HSG,KDH,KLB,LPB,MBB,MBS,MCH,MSB,MSN,MWG,NAB,NKG,NLG,NT2,NVL,OCB,PDR,PGB,PHR,PLX,PNJ,POW,PPC,PVT,REE,SAB,SCR,SHB,SSB,SSI,STB,TCB,TPB,VBB,VCB,VCG,VCI,VGC,VHC,VHM,VIB,VIC,VJC,VND,VNM,VPB,VRE,VSC",0.02450140955443635,0.02450140955443635,0.0420695906356051,0.0420695906356051,0.0,0.0,0.005,20
topk_nonoverlap_v2,B_technical_keyword,LogisticRegression,2023-08-17,2023-09-18,2023-08-17,10,random_topk_deterministic,10,"ANV,BVB,GEX,MWG,OCB,PGB,PLX,TPB,VGC,VND",0.03807800611674994,0.03357800611674994,0.055646187197918695,0.05114618719791869,0.9000000000000002,0.004500000000000001,0.005,20
topk_nonoverlap_v2,B_technical_keyword,LogisticRegression,2023-09-18,2023-10-16,2023-09-18,5,model_topk,5,"DGW,DIG,HCM,NVL,VND",-0.11742033567609422,-0.11742033567609422,-0.05933367192517626,-0.05933367192517626,0.0,0.0,0.005,20
topk_nonoverlap_v2,B_technical_keyword,LogisticRegression,2023-09-18,2023-10-16,2023-09-18,5,equal_weight_universe,80,"ABB,ACB,ANV,BAB,BCM,BID,BMP,BSI,BVB,BVH,CMG,CSV,CTG,DCM,DGW,DIG,DPM,DXG,EIB,ELC,EVF,FPT,FRT,GAS,GEX,GMD,GVR,HAH,HCM,HDB,HDG,HPG,HSG,KDH,KLB,LPB,MBB,MBS,MCH,MSB,MSN,MWG,NAB,NKG,NLG,NT2,NVL,OCB,PDR,PGB,PHR,PLX,PNJ,POW,PPC,PVT,REE,SAB,SCR,SHB,SSB,SSI,STB,TCB,TPB,VBB,VCB,VCG,VCI,VGC,VHC,VHM,VIB,VIC,VJC,VND,VNM,VPB,VRE,VSC",-0.04814229259590509,-0.04814229259590509,0.009944371155012855,0.009944371155012855,0.0,0.0,0.005,20
topk_nonoverlap_v2,B_technical_keyword,LogisticRegression,2023-09-18,2023-10-16,2023-09-18,5,random_topk_deterministic,5,"DIG,FPT,GEX,HAH,VRE",-0.03733647300374334,-0.04233647300374334,0.020750190747174574,0.015750190747174576,0.9999999999999999,0.004999999999999999,0.005,20
topk_nonoverlap_v2,B_technical_keyword,LogisticRegression,2023-09-18,2023-10-16,2023-09-18,10,model_topk,10,"DGW,DIG,FRT,HCM,MBS,MWG,NVL,PDR,VHC,VND",-0.06758425183898732,-0.06758425183898732,-0.009497588088069378,-0.009497588088069378,0.0,0.0,0.005,20
topk_nonoverlap_v2,B_technical_keyword,LogisticRegression,2023-09-18,2023-10-16,2023-09-18,10,equal_weight_universe,80,"ABB,ACB,ANV,BAB,BCM,BID,BMP,BSI,BVB,BVH,CMG,CSV,CTG,DCM,DGW,DIG,DPM,DXG,EIB,ELC,EVF,FPT,FRT,GAS,GEX,GMD,GVR,HAH,HCM,HDB,HDG,HPG,HSG,KDH,KLB,LPB,MBB,MBS,MCH,MSB,MSN,MWG,NAB,NKG,NLG,NT2,NVL,OCB,PDR,PGB,PHR,PLX,PNJ,POW,PPC,PVT,REE,SAB,SCR,SHB,SSB,SSI,STB,TCB,TPB,VBB,VCB,VCG,VCI,VGC,VHC,VHM,VIB,VIC,VJC,VND,VNM,VPB,VRE,VSC",-0.04814229259590509,-0.04814229259590509,0.009944371155012855,0.009944371155012855,0.0,0.0,0.005,20
topk_nonoverlap_v2,B_technical_keyword,LogisticRegression,2023-09-18,2023-10-16,2023-09-18,10,random_topk_deterministic,10,"DPM,HPG,MSB,NAB,PHR,PNJ,PPC,SSI,VCB,VCI",-0.0474168982507757,-0.052416898250775695,0.010669765500142212,0.005669765500142211,1.0000000000000002,0.005000000000000001,0.005,20
topk_nonoverlap_v2,B_technical_keyword,LogisticRegression,2023-10-16,2023-11-13,2023-10-16,5,model_topk,5,"DXG,GVR,PDR,PPC,VCG",0.005653053635143857,0.0006530536351438574,0.04187985884269248,0.03687985884269248,0.9999999999999999,0.004999999999999999,0.005,20
topk_nonoverlap_v2,B_technical_keyword,LogisticRegression,2023-10-16,2023-11-13,2023-10-16,5,equal_weight_universe,80,"ABB,ACB,ANV,BAB,BCM,BID,BMP,BSI,BVB,BVH,CMG,CSV,CTG,DCM,DGW,DIG,DPM,DXG,EIB,ELC,EVF,FPT,FRT,GAS,GEX,GMD,GVR,HAH,HCM,HDB,HDG,HPG,HSG,KDH,KLB,LPB,MBB,MBS,MCH,MSB,MSN,MWG,NAB,NKG,NLG,NT2,NVL,OCB,PDR,PGB,PHR,PLX,PNJ,POW,PPC,PVT,REE,SAB,SCR,SHB,SSB,SSI,STB,TCB,TPB,VBB,VCB,VCG,VCI,VGC,VHC,VHM,VIB,VIC,VJC,VND,VNM,VPB,VRE,VSC",-0.0258687793007528,-0.0258687793007528,0.010358025906795802,0.010358025906795802,0.0,0.0,0.005,20
topk_nonoverlap_v2,B_technical_keyword,LogisticRegression,2023-10-16,2023-11-13,2023-10-16,5,random_topk_deterministic,5,"DGW,KLB,MSB,PHR,SAB",-0.09575105594323585,-0.10075105594323586,-0.05952425073568722,-0.06452425073568722,0.9999999999999999,0.004999999999999999,0.005,20
topk_nonoverlap_v2,B_technical_keyword,LogisticRegression,2023-10-16,2023-11-13,2023-10-16,10,model_topk,10,"BCM,DXG,GVR,MWG,NVL,PDR,PPC,VCG,VGC,VPB",-0.03076091740671457,-0.034260917406714574,0.005465887800834064,0.0019658878008340635,0.7000000000000001,0.0035000000000000005,0.005,20
topk_nonoverlap_v2,B_technical_keyword,LogisticRegression,2023-10-16,2023-11-13,2023-10-16,10,equal_weight_universe,80,"ABB,ACB,ANV,BAB,BCM,BID,BMP,BSI,BVB,BVH,CMG,CSV,CTG,DCM,DGW,DIG,DPM,DXG,EIB,ELC,EVF,FPT,FRT,GAS,GEX,GMD,GVR,HAH,HCM,HDB,HDG,HPG,HSG,KDH,KLB,LPB,MBB,MBS,MCH,MSB,MSN,MWG,NAB,NKG,NLG,NT2,NVL,OCB,PDR,PGB,PHR,PLX,PNJ,POW,PPC,PVT,REE,SAB,SCR,SHB,SSB,SSI,STB,TCB,TPB,VBB,VCB,VCG,VCI,VGC,VHC,VHM,VIB,VIC,VJC,VND,VNM,VPB,VRE,VSC",-0.0258687793007528,-0.0258687793007528,0.010358025906795802,0.010358025906795802,0.0,0.0,0.005,20
topk_nonoverlap_v2,B_technical_keyword,LogisticRegression,2023-10-16,2023-11-13,2023-10-16,10,random_topk_deterministic,10,"ANV,BMP,EVF,MCH,PDR,VCI,VHC,VIB,VJC,VND",-0.004542445119205627,-0.009042445119205628,0.03168436008834298,0.02718436008834298,0.9000000000000002,0.004500000000000001,0.005,20
topk_nonoverlap_v2,B_technical_keyword,LogisticRegression,2023-11-13,2023-12-11,2023-11-13,5,model_topk,5,"DXG,GVR,PDR,PPC,VCG",0.04369336004303738,0.04369336004303738,0.0205766492882671,0.0205766492882671,0.0,0.0,0.005,20
topk_nonoverlap_v2,B_technical_keyword,LogisticRegression,2023-11-13,2023-12-11,2023-11-13,5,equal_weight_universe,80,"ABB,ACB,ANV,BAB,BCM,BID,BMP,BSI,BVB,BVH,CMG,CSV,CTG,DCM,DGW,DIG,DPM,DXG,EIB,ELC,EVF,FPT,FRT,GAS,GEX,GMD,GVR,HAH,HCM,HDB,HDG,HPG,HSG,KDH,KLB,LPB,MBB,MBS,MCH,MSB,MSN,MWG,NAB,NKG,NLG,NT2,NVL,OCB,PDR,PGB,PHR,PLX,PNJ,POW,PPC,PVT,REE,SAB,SCR,SHB,SSB,SSI,STB,TCB,TPB,VBB,VCB,VCG,VCI,VGC,VHC,VHM,VIB,VIC,VJC,VND,VNM,VPB,VRE,VSC",0.03846540766510852,0.03846540766510852,0.015348696910338248,0.015348696910338248,0.0,0.0,0.005,20
topk_nonoverlap_v2,B_technical_keyword,LogisticRegression,2023-11-13,2023-12-11,2023-11-13,5,random_topk_deterministic,5,"DXG,GAS,PPC,TCB,VCG",0.017735963560186124,0.012735963560186124,-0.0053807471945841595,-0.010380747194584159,0.9999999999999999,0.004999999999999999,0.005,20
topk_nonoverlap_v2,B_technical_keyword,LogisticRegression,2023-11-13,2023-12-11,2023-11-13,10,model_topk,10,"BCM,DXG,GVR,MWG,NVL,PDR,PPC,VCG,VGC,VPB",0.060541605278370623,0.060541605278370623,0.03742489452360036,0.03742489452360036,0.0,0.0,0.005,20
topk_nonoverlap_v2,B_technical_keyword,LogisticRegression,2023-11-13,2023-12-11,2023-11-13,10,equal_weight_universe,80,"ABB,ACB,ANV,BAB,BCM,BID,BMP,BSI,BVB,BVH,CMG,CSV,CTG,DCM,DGW,DIG,DPM,DXG,EIB,ELC,EVF,FPT,FRT,GAS,GEX,GMD,GVR,HAH,HCM,HDB,HDG,HPG,HSG,KDH,KLB,LPB,MBB,MBS,MCH,MSB,MSN,MWG,NAB,NKG,NLG,NT2,NVL,OCB,PDR,PGB,PHR,PLX,PNJ,POW,PPC,PVT,REE,SAB,SCR,SHB,SSB,SSI,STB,TCB,TPB,VBB,VCB,VCG,VCI,VGC,VHC,VHM,VIB,VIC,VJC,VND,VNM,VPB,VRE,VSC",0.03846540766510852,0.03846540766510852,0.015348696910338248,0.015348696910338248,0.0,0.0,0.005,20
topk_nonoverlap_v2,B_technical_keyword,LogisticRegression,2023-11-13,2023-12-11,2023-11-13,10,random_topk_deterministic,10,"BSI,CTG,DCM,DIG,GAS,GEX,GMD,MWG,PGB,VGC",0.046535086347501996,0.041535086347502,0.02341837559273172,0.01841837559273172,1.0000000000000002,0.005000000000000001,0.005,20
topk_nonoverlap_v2,B_technical_keyword,LogisticRegression,2023-12-11,2024-01-09,2023-12-11,5,model_topk,5,"DXG,GVR,PDR,PPC,VCG",0.04933524095007874,0.04933524095007874,0.01993497440187806,0.01993497440187806,0.0,0.0,0.005,20
topk_nonoverlap_v2,B_technical_keyword,LogisticRegression,2023-12-11,2024-01-09,2023-12-11,5,equal_weight_universe,80,"ABB,ACB,ANV,BAB,BCM,BID,BMP,BSI,BVB,BVH,CMG,CSV,CTG,DCM,DGW,DIG,DPM,DXG,EIB,ELC,EVF,FPT,FRT,GAS,GEX,GMD,GVR,HAH,HCM,HDB,HDG,HPG,HSG,KDH,KLB,LPB,MBB,MBS,MCH,MSB,MSN,MWG,NAB,NKG,NLG,NT2,NVL,OCB,PDR,PGB,PHR,PLX,PNJ,POW,PPC,PVT,REE,SAB,SCR,SHB,SSB,SSI,STB,TCB,TPB,VBB,VCB,VCG,VCI,VGC,VHC,VHM,VIB,VIC,VJC,VND,VNM,VPB,VRE,VSC",0.03295277521984165,0.03295277521984165,0.0035525086716409484,0.0035525086716409484,0.0,0.0,0.005,20
topk_nonoverlap_v2,B_technical_keyword,LogisticRegression,2023-12-11,2024-01-09,2023-12-11,5,random_topk_deterministic,5,"POW,SHB,VHM,VJC,VRE",0.018566193628473563,0.013566193628473564,-0.010834072919727161,-0.01583407291972716,0.9999999999999999,0.004999999999999999,0.005,20
topk_nonoverlap_v2,B_technical_keyword,LogisticRegression,2023-12-11,2024-01-09,2023-12-11,10,model_topk,10,"BCM,DXG,GVR,MWG,NVL,PDR,PPC,VCG,VGC,VPB",0.00846401408767149,0.00846401408767149,-0.020936252460529197,-0.020936252460529197,0.0,0.0,0.005,20
topk_nonoverlap_v2,B_technical_keyword,LogisticRegression,2023-12-11,2024-01-09,2023-12-11,10,equal_weight_universe,80,"ABB,ACB,ANV,BAB,BCM,BID,BMP,BSI,BVB,BVH,CMG,CSV,CTG,DCM,DGW,DIG,DPM,DXG,EIB,ELC,EVF,FPT,FRT,GAS,GEX,GMD,GVR,HAH,HCM,HDB,HDG,HPG,HSG,KDH,KLB,LPB,MBB,MBS,MCH,MSB,MSN,MWG,NAB,NKG,NLG,NT2,NVL,OCB,PDR,PGB,PHR,PLX,PNJ,POW,PPC,PVT,REE,SAB,SCR,SHB,SSB,SSI,STB,TCB,TPB,VBB,VCB,VCG,VCI,VGC,VHC,VHM,VIB,VIC,VJC,VND,VNM,VPB,VRE,VSC",0.03295277521984165,0.03295277521984165,0.0035525086716409484,0.0035525086716409484,0.0,0.0,0.005,20
topk_nonoverlap_v2,B_technical_keyword,LogisticRegression,2023-12-11,2024-01-09,2023-12-11,10,random_topk_deterministic,10,"ACB,FPT,HAH,MCH,PDR,PGB,PNJ,TCB,VHM,VND",0.05980768528017379,0.05530768528017379,0.030407418731973102,0.0259074187319731,0.9000000000000002,0.004500000000000001,0.005,20
topk_nonoverlap_v2,B_technical_keyword,LogisticRegression,2024-01-09,2024-02-06,2024-01-09,5,model_topk,5,"BMP,FRT,HCM,NVL,PPC",0.07632349746120823,0.07232349746120822,0.05052489743876722,0.046524897438767226,0.7999999999999999,0.004,0.005,20
topk_nonoverlap_v2,B_technical_keyword,LogisticRegression,2024-01-09,2024-02-06,2024-01-09,5,equal_weight_universe,80,"ABB,ACB,ANV,BAB,BCM,BID,BMP,BSI,BVB,BVH,CMG,CSV,CTG,DCM,DGW,DIG,DPM,DXG,EIB,ELC,EVF,FPT,FRT,GAS,GEX,GMD,GVR,HAH,HCM,HDB,HDG,HPG,HSG,KDH,KLB,LPB,MBB,MBS,MCH,MSB,MSN,MWG,NAB,NKG,NLG,NT2,NVL,OCB,PDR,PGB,PHR,PLX,PNJ,POW,PPC,PVT,REE,SAB,SCR,SHB,SSB,SSI,STB,TCB,TPB,VBB,VCB,VCG,VCI,VGC,VHC,VHM,VIB,VIC,VJC,VND,VNM,VPB,VRE,VSC",0.029575030124538708,0.029575030124538708,0.0037764301020976688,0.0037764301020976688,0.0,0.0,0.005,20
topk_nonoverlap_v2,B_technical_keyword,LogisticRegression,2024-01-09,2024-02-06,2024-01-09,5,random_topk_deterministic,5,"GEX,KLB,MSN,NKG,PPC",-0.007486772769304739,-0.012486772769304738,-0.03328537279174578,-0.03828537279174578,0.9999999999999999,0.004999999999999999,0.005,20
topk_nonoverlap_v2,B_technical_keyword,LogisticRegression,2024-01-09,2024-02-06,2024-01-09,10,model_topk,10,"BMP,FRT,HAH,HCM,HPG,NVL,PPC,REE,SSI,VJC",0.04504326407155251,0.04104326407155251,0.01924466404911151,0.015244664049111512,0.8000000000000002,0.004000000000000001,0.005,20
topk_nonoverlap_v2,B_technical_keyword,LogisticRegression,2024-01-09,2024-02-06,2024-01-09,10,equal_weight_universe,80,"ABB,ACB,ANV,BAB,BCM,BID,BMP,BSI,BVB,BVH,CMG,CSV,CTG,DCM,DGW,DIG,DPM,DXG,EIB,ELC,EVF,FPT,FRT,GAS,GEX,GMD,GVR,HAH,HCM,HDB,HDG,HPG,HSG,KDH,KLB,LPB,MBB,MBS,MCH,MSB,MSN,MWG,NAB,NKG,NLG,NT2,NVL,OCB,PDR,PGB,PHR,PLX,PNJ,POW,PPC,PVT,REE,SAB,SCR,SHB,SSB,SSI,STB,TCB,TPB,VBB,VCB,VCG,VCI,VGC,VHC,VHM,VIB,VIC,VJC,VND,VNM,VPB,VRE,VSC",0.029575030124538708,0.029575030124538708,0.0037764301020976688,0.0037764301020976688,0.0,0.0,0.005,20
topk_nonoverlap_v2,B_technical_keyword,LogisticRegression,2024-01-09,2024-02-06,2024-01-09,10,random_topk_deterministic,10,"ABB,BID,CMG,DCM,EIB,HDB,MSB,PLX,SCR,TPB",0.020648370882075683,0.01564837088207568,-0.005150229140365331,-0.010150229140365332,1.0000000000000002,0.005000000000000001,0.005,20
topk_nonoverlap_v2,B_technical_keyword,LogisticRegression,2024-02-06,2024-03-12,2024-02-06,5,model_topk,5,"BMP,FRT,HCM,NVL,PPC",0.06584319358947317,0.06584319358947317,0.01828665077848779,0.01828665077848779,0.0,0.0,0.005,20
topk_nonoverlap_v2,B_technical_keyword,LogisticRegression,2024-02-06,2024-03-12,2024-02-06,5,equal_weight_universe,80,"ABB,ACB,ANV,BAB,BCM,BID,BMP,BSI,BVB,BVH,CMG,CSV,CTG,DCM,DGW,DIG,DPM,DXG,EIB,ELC,EVF,FPT,FRT,GAS,GEX,GMD,GVR,HAH,HCM,HDB,HDG,HPG,HSG,KDH,KLB,LPB,MBB,MBS,MCH,MSB,MSN,MWG,NAB,NKG,NLG,NT2,NVL,OCB,PDR,PGB,PHR,PLX,PNJ,POW,PPC,PVT,REE,SAB,SCR,SHB,SSB,SSI,STB,TCB,TPB,VBB,VCB,VCG,VCI,VGC,VHC,VHM,VIB,VIC,VJC,VND,VNM,VPB,VRE,VSC",0.04448375630615168,0.04448375630615168,-0.003072786504833726,-0.003072786504833726,0.0,0.0,0.005,20
topk_nonoverlap_v2,B_technical_keyword,LogisticRegression,2024-02-06,2024-03-12,2024-02-06,5,random_topk_deterministic,5,"MBS,PGB,VIB,VND,VSC",0.00609358889517038,0.001093588895170381,-0.04146295391581498,-0.04646295391581498,0.9999999999999999,0.004999999999999999,0.005,20
topk_nonoverlap_v2,B_technical_keyword,LogisticRegression,2024-02-06,2024-03-12,2024-02-06,10,model_topk,10,"BMP,FRT,HAH,HCM,HPG,NVL,PPC,REE,SSI,VJC",0.060721567354874925,0.060721567354874925,0.013165024543889537,0.013165024543889537,0.0,0.0,0.005,20
topk_nonoverlap_v2,B_technical_keyword,LogisticRegression,2024-02-06,2024-03-12,2024-02-06,10,equal_weight_universe,80,"ABB,ACB,ANV,BAB,BCM,BID,BMP,BSI,BVB,BVH,CMG,CSV,CTG,DCM,DGW,DIG,DPM,DXG,EIB,ELC,EVF,FPT,FRT,GAS,GEX,GMD,GVR,HAH,HCM,HDB,HDG,HPG,HSG,KDH,KLB,LPB,MBB,MBS,MCH,MSB,MSN,MWG,NAB,NKG,NLG,NT2,NVL,OCB,PDR,PGB,PHR,PLX,PNJ,POW,PPC,PVT,REE,SAB,SCR,SHB,SSB,SSI,STB,TCB,TPB,VBB,VCB,VCG,VCI,VGC,VHC,VHM,VIB,VIC,VJC,VND,VNM,VPB,VRE,VSC",0.04448375630615168,0.04448375630615168,-0.003072786504833726,-0.003072786504833726,0.0,0.0,0.005,20
topk_nonoverlap_v2,B_technical_keyword,LogisticRegression,2024-02-06,2024-03-12,2024-02-06,10,random_topk_deterministic,10,"ABB,GVR,MSB,MWG,PLX,SSI,VCG,VHM,VND,VNM",0.04284999583883479,0.039349995838834785,-0.00470654697215059,-0.008206546972150591,0.7000000000000001,0.0035000000000000005,0.005,20
topk_nonoverlap_v2,B_technical_keyword,LogisticRegression,2024-03-12,2024-04-09,2024-03-12,5,model_topk,5,"BMP,FRT,HCM,NVL,PPC",0.0028741427774856805,0.0028741427774856805,-0.011439110234562521,-0.011439110234562521,0.0,0.0,0.005,20
topk_nonoverlap_v2,B_technical_keyword,LogisticRegression,2024-03-12,2024-04-09,2024-03-12,5,equal_weight_universe,80,"ABB,ACB,ANV,BAB,BCM,BID,BMP,BSI,BVB,BVH,CMG,CSV,CTG,DCM,DGW,DIG,DPM,DXG,EIB,ELC,EVF,FPT,FRT,GAS,GEX,GMD,GVR,HAH,HCM,HDB,HDG,HPG,HSG,KDH,KLB,LPB,MBB,MBS,MCH,MSB,MSN,MWG,NAB,NKG,NLG,NT2,NVL,OCB,PDR,PGB,PHR,PLX,PNJ,POW,PPC,PVT,REE,SAB,SCR,SHB,SSB,SSI,STB,TCB,TPB,VBB,VCB,VCG,VCI,VGC,VHC,VHM,VIB,VIC,VJC,VND,VNM,VPB,VRE,VSC",0.013705628811516619,0.013705628811516619,-0.0006076242005315965,-0.0006076242005315965,0.0,0.0,0.005,20
topk_nonoverlap_v2,B_technical_keyword,LogisticRegression,2024-03-12,2024-04-09,2024-03-12,5,random_topk_deterministic,5,"KLB,MSB,MWG,VGC,VND",0.02178649877907558,0.01778649877907558,0.00747324576702732,0.00347324576702732,0.7999999999999999,0.004,0.005,20
topk_nonoverlap_v2,B_technical_keyword,LogisticRegression,2024-03-12,2024-04-09,2024-03-12,10,model_topk,10,"BMP,FRT,HAH,HCM,HPG,NVL,PPC,REE,SSI,VJC",-0.0002460619240236592,-0.0002460619240236592,-0.01455931493607186,-0.01455931493607186,0.0,0.0,0.005,20
topk_nonoverlap_v2,B_technical_keyword,LogisticRegression,2024-03-12,2024-04-09,2024-03-12,10,equal_weight_universe,80,"ABB,ACB,ANV,BAB,BCM,BID,BMP,BSI,BVB,BVH,CMG,CSV,CTG,DCM,DGW,DIG,DPM,DXG,EIB,ELC,EVF,FPT,FRT,GAS,GEX,GMD,GVR,HAH,HCM,HDB,HDG,HPG,HSG,KDH,KLB,LPB,MBB,MBS,MCH,MSB,MSN,MWG,NAB,NKG,NLG,NT2,NVL,OCB,PDR,PGB,PHR,PLX,PNJ,POW,PPC,PVT,REE,SAB,SCR,SHB,SSB,SSI,STB,TCB,TPB,VBB,VCB,VCG,VCI,VGC,VHC,VHM,VIB,VIC,VJC,VND,VNM,VPB,VRE,VSC",0.013705628811516619,0.013705628811516619,-0.0006076242005315965,-0.0006076242005315965,0.0,0.0,0.005,20
topk_nonoverlap_v2,B_technical_keyword,LogisticRegression,2024-03-12,2024-04-09,2024-03-12,10,random_topk_deterministic,10,"EVF,LPB,MSB,MSN,PPC,SSB,VBB,VCI,VHC,VIB",-0.0009540092646869189,-0.00545400926468692,-0.015267262276735138,-0.01976726227673514,0.9000000000000002,0.004500000000000001,0.005,20
topk_nonoverlap_v2,B_technical_keyword,LogisticRegression,2024-04-09,2024-05-13,2024-04-09,5,model_topk,5,"CTG,FRT,HSG,NKG,SSI",-0.012033403764335747,-0.01603340376433575,0.0058947253435338185,0.0018947253435338185,0.7999999999999999,0.004,0.005,20
topk_nonoverlap_v2,B_technical_keyword,LogisticRegression,2024-04-09,2024-05-13,2024-04-09,5,equal_weight_universe,80,"ABB,ACB,ANV,BAB,BCM,BID,BMP,BSI,BVB,BVH,CMG,CSV,CTG,DCM,DGW,DIG,DPM,DXG,EIB,ELC,EVF,FPT,FRT,GAS,GEX,GMD,GVR,HAH,HCM,HDB,HDG,HPG,HSG,KDH,KLB,LPB,MBB,MBS,MCH,MSB,MSN,MWG,NAB,NKG,NLG,NT2,NVL,OCB,PDR,PGB,PHR,PLX,PNJ,POW,PPC,PVT,REE,SAB,SCR,SHB,SSB,SSI,STB,TCB,TPB,VBB,VCB,VCG,VCI,VGC,VHC,VHM,VIB,VIC,VJC,VND,VNM,VPB,VRE,VSC",-0.011577584859227955,-0.011577584859227955,0.006350544248641598,0.006350544248641598,0.0,0.0,0.005,20
topk_nonoverlap_v2,B_technical_keyword,LogisticRegression,2024-04-09,2024-05-13,2024-04-09,5,random_topk_deterministic,5,"BAB,MWG,PLX,VCI,VGC",0.005935762655014121,0.002935762655014121,0.023863891762883702,0.020863891762883703,0.6,0.003,0.005,20
topk_nonoverlap_v2,B_technical_keyword,LogisticRegression,2024-04-09,2024-05-13,2024-04-09,10,model_topk,10,"BCM,CTG,FRT,HPG,HSG,MBB,NKG,SSI,TCB,VNM",-0.015891904752096984,-0.019391904752096983,0.0020362243557725756,-0.001463775644227425,0.7000000000000001,0.0035000000000000005,0.005,20
topk_nonoverlap_v2,B_technical_keyword,LogisticRegression,2024-04-09,2024-05-13,2024-04-09,10,equal_weight_universe,80,"ABB,ACB,ANV,BAB,BCM,BID,BMP,BSI,BVB,BVH,CMG,CSV,CTG,DCM,DGW,DIG,DPM,DXG,EIB,ELC,EVF,FPT,FRT,GAS,GEX,GMD,GVR,HAH,HCM,HDB,HDG,HPG,HSG,KDH,KLB,LPB,MBB,MBS,MCH,MSB,MSN,MWG,NAB,NKG,NLG,NT2,NVL,OCB,PDR,PGB,PHR,PLX,PNJ,POW,PPC,PVT,REE,SAB,SCR,SHB,SSB,SSI,STB,TCB,TPB,VBB,VCB,VCG,VCI,VGC,VHC,VHM,VIB,VIC,VJC,VND,VNM,VPB,VRE,VSC",-0.011577584859227955,-0.011577584859227955,0.006350544248641598,0.006350544248641598,0.0,0.0,0.005,20
topk_nonoverlap_v2,B_technical_keyword,LogisticRegression,2024-04-09,2024-05-13,2024-04-09,10,random_topk_deterministic,10,"ABB,BID,BVB,DIG,FPT,PHR,POW,VCI,VNM,VSC",-0.017955663070465557,-0.022455663070465558,-2.7533962595983895e-05,-0.004527533962595985,0.9000000000000002,0.004500000000000001,0.005,20
topk_nonoverlap_v2,B_technical_keyword,LogisticRegression,2024-05-13,2024-06-10,2024-05-13,5,model_topk,5,"CTG,FRT,HSG,NKG,SSI",0.07016606282105273,0.07016606282105273,0.0294542306676557,0.0294542306676557,0.0,0.0,0.005,20
topk_nonoverlap_v2,B_technical_keyword,LogisticRegression,2024-05-13,2024-06-10,2024-05-13,5,equal_weight_universe,80,"ABB,ACB,ANV,BAB,BCM,BID,BMP,BSI,BVB,BVH,CMG,CSV,CTG,DCM,DGW,DIG,DPM,DXG,EIB,ELC,EVF,FPT,FRT,GAS,GEX,GMD,GVR,HAH,HCM,HDB,HDG,HPG,HSG,KDH,KLB,LPB,MBB,MBS,MCH,MSB,MSN,MWG,NAB,NKG,NLG,NT2,NVL,OCB,PDR,PGB,PHR,PLX,PNJ,POW,PPC,PVT,REE,SAB,SCR,SHB,SSB,SSI,STB,TCB,TPB,VBB,VCB,VCG,VCI,VGC,VHC,VHM,VIB,VIC,VJC,VND,VNM,VPB,VRE,VSC",0.07205670208582689,0.07205670208582689,0.031344869932429874,0.031344869932429874,0.0,0.0,0.005,20
topk_nonoverlap_v2,B_technical_keyword,LogisticRegression,2024-05-13,2024-06-10,2024-05-13,5,random_topk_deterministic,5,"BID,GVR,MWG,NT2,VIC",0.04051708688312354,0.03651708688312354,-0.00019474527027349956,-0.0041947452702734995,0.7999999999999999,0.004,0.005,20
topk_nonoverlap_v2,B_technical_keyword,LogisticRegression,2024-05-13,2024-06-10,2024-05-13,10,model_topk,10,"BCM,CTG,FRT,HPG,HSG,MBB,NKG,SSI,TCB,VNM",0.06300562082581987,0.06300562082581987,0.02229378867242287,0.02229378867242287,0.0,0.0,0.005,20
topk_nonoverlap_v2,B_technical_keyword,LogisticRegression,2024-05-13,2024-06-10,2024-05-13,10,equal_weight_universe,80,"ABB,ACB,ANV,BAB,BCM,BID,BMP,BSI,BVB,BVH,CMG,CSV,CTG,DCM,DGW,DIG,DPM,DXG,EIB,ELC,EVF,FPT,FRT,GAS,GEX,GMD,GVR,HAH,HCM,HDB,HDG,HPG,HSG,KDH,KLB,LPB,MBB,MBS,MCH,MSB,MSN,MWG,NAB,NKG,NLG,NT2,NVL,OCB,PDR,PGB,PHR,PLX,PNJ,POW,PPC,PVT,REE,SAB,SCR,SHB,SSB,SSI,STB,TCB,TPB,VBB,VCB,VCG,VCI,VGC,VHC,VHM,VIB,VIC,VJC,VND,VNM,VPB,VRE,VSC",0.07205670208582689,0.07205670208582689,0.031344869932429874,0.031344869932429874,0.0,0.0,0.005,20
topk_nonoverlap_v2,B_technical_keyword,LogisticRegression,2024-05-13,2024-06-10,2024-05-13,10,random_topk_deterministic,10,"ACB,EIB,FPT,FRT,HDB,HPG,NVL,SCR,SSI,TCB",0.057729400529088204,0.0532294005290882,0.01701756837569117,0.012517568375691169,0.9000000000000002,0.004500000000000001,0.005,20
topk_nonoverlap_v2,B_technical_keyword,LogisticRegression,2024-06-10,2024-07-08,2024-06-10,5,model_topk,5,"CTG,FRT,HSG,NKG,SSI",0.003986621201304861,0.003986621201304861,0.00949538796585356,0.00949538796585356,0.0,0.0,0.005,20
topk_nonoverlap_v2,B_technical_keyword,LogisticRegression,2024-06-10,2024-07-08,2024-06-10,5,equal_weight_universe,80,"ABB,ACB,ANV,BAB,BCM,BID,BMP,BSI,BVB,BVH,CMG,CSV,CTG,DCM,DGW,DIG,DPM,DXG,EIB,ELC,EVF,FPT,FRT,GAS,GEX,GMD,GVR,HAH,HCM,HDB,HDG,HPG,HSG,KDH,KLB,LPB,MBB,MBS,MCH,MSB,MSN,MWG,NAB,NKG,NLG,NT2,NVL,OCB,PDR,PGB,PHR,PLX,PNJ,POW,PPC,PVT,REE,SAB,SCR,SHB,SSB,SSI,STB,TCB,TPB,VBB,VCB,VCG,VCI,VGC,VHC,VHM,VIB,VIC,VJC,VND,VNM,VPB,VRE,VSC",-0.014603549768670593,-0.014603549768670593,-0.009094783004121894,-0.009094783004121894,0.0,0.0,0.005,20
topk_nonoverlap_v2,B_technical_keyword,LogisticRegression,2024-06-10,2024-07-08,2024-06-10,5,random_topk_deterministic,5,"EVF,KDH,MCH,NVL,TCB",-0.04664249790434806,-0.05164249790434806,-0.04113373113979938,-0.04613373113979938,0.9999999999999999,0.004999999999999999,0.005,20
topk_nonoverlap_v2,B_technical_keyword,LogisticRegression,2024-06-10,2024-07-08,2024-06-10,10,model_topk,10,"BCM,CTG,FRT,HPG,HSG,MBB,NKG,SSI,TCB,VNM",-0.0009475579527319997,-0.0009475579527319997,0.0045612088118166996,0.0045612088118166996,0.0,0.0,0.005,20
topk_nonoverlap_v2,B_technical_keyword,LogisticRegression,2024-06-10,2024-07-08,2024-06-10,10,equal_weight_universe,80,"ABB,ACB,ANV,BAB,BCM,BID,BMP,BSI,BVB,BVH,CMG,CSV,CTG,DCM,DGW,DIG,DPM,DXG,EIB,ELC,EVF,FPT,FRT,GAS,GEX,GMD,GVR,HAH,HCM,HDB,HDG,HPG,HSG,KDH,KLB,LPB,MBB,MBS,MCH,MSB,MSN,MWG,NAB,NKG,NLG,NT2,NVL,OCB,PDR,PGB,PHR,PLX,PNJ,POW,PPC,PVT,REE,SAB,SCR,SHB,SSB,SSI,STB,TCB,TPB,VBB,VCB,VCG,VCI,VGC,VHC,VHM,VIB,VIC,VJC,VND,VNM,VPB,VRE,VSC",-0.014603549768670593,-0.014603549768670593,-0.009094783004121894,-0.009094783004121894,0.0,0.0,0.005,20
topk_nonoverlap_v2,B_technical_keyword,LogisticRegression,2024-06-10,2024-07-08,2024-06-10,10,random_topk_deterministic,10,"DCM,GAS,KLB,LPB,MSN,NVL,PPC,VHC,VIB,VND",-0.006994484000628682,-0.011494484000628684,-0.0014857172360799814,-0.005985717236079983,0.9000000000000002,0.004500000000000001,0.005,20
topk_nonoverlap_v2,B_technical_keyword,LogisticRegression,2024-07-08,2024-08-05,2024-07-08,5,model_topk,5,"ACB,BMP,GVR,HPG,VNM",-0.072519014898864,-0.07751901489886401,0.0018756374742233627,-0.0031243625257766365,0.9999999999999999,0.004999999999999999,0.005,20
topk_nonoverlap_v2,B_technical_keyword,LogisticRegression,2024-07-08,2024-08-05,2024-07-08,5,equal_weight_universe,80,"ABB,ACB,ANV,BAB,BCM,BID,BMP,BSI,BVB,BVH,CMG,CSV,CTG,DCM,DGW,DIG,DPM,DXG,EIB,ELC,EVF,FPT,FRT,GAS,GEX,GMD,GVR,HAH,HCM,HDB,HDG,HPG,HSG,KDH,KLB,LPB,MBB,MBS,MCH,MSB,MSN,MWG,NAB,NKG,NLG,NT2,NVL,OCB,PDR,PGB,PHR,PLX,PNJ,POW,PPC,PVT,REE,SAB,SCR,SHB,SSB,SSI,STB,TCB,TPB,VBB,VCB,VCG,VCI,VGC,VHC,VHM,VIB,VIC,VJC,VND,VNM,VPB,VRE,VSC",-0.09313334650868113,-0.09313334650868113,-0.01873869413559375,-0.01873869413559375,0.0,0.0,0.005,20
topk_nonoverlap_v2,B_technical_keyword,LogisticRegression,2024-07-08,2024-08-05,2024-07-08,5,random_topk_deterministic,5,"MSN,NLG,NVL,PGB,POW",-0.11357844881614268,-0.11757844881614268,-0.0391837964430553,-0.0431837964430553,0.7999999999999999,0.004,0.005,20
topk_nonoverlap_v2,B_technical_keyword,LogisticRegression,2024-07-08,2024-08-05,2024-07-08,10,model_topk,10,"ACB,BMP,CTG,FRT,GVR,HPG,NVL,SAB,VNM,VPB",-0.08452621529902557,-0.08752621529902557,-0.010131562925938208,-0.013131562925938207,0.6,0.003,0.005,20
topk_nonoverlap_v2,B_technical_keyword,LogisticRegression,2024-07-08,2024-08-05,2024-07-08,10,equal_weight_universe,80,"ABB,ACB,ANV,BAB,BCM,BID,BMP,BSI,BVB,BVH,CMG,CSV,CTG,DCM,DGW,DIG,DPM,DXG,EIB,ELC,EVF,FPT,FRT,GAS,GEX,GMD,GVR,HAH,HCM,HDB,HDG,HPG,HSG,KDH,KLB,LPB,MBB,MBS,MCH,MSB,MSN,MWG,NAB,NKG,NLG,NT2,NVL,OCB,PDR,PGB,PHR,PLX,PNJ,POW,PPC,PVT,REE,SAB,SCR,SHB,SSB,SSI,STB,TCB,TPB,VBB,VCB,VCG,VCI,VGC,VHC,VHM,VIB,VIC,VJC,VND,VNM,VPB,VRE,VSC",-0.09313334650868113,-0.09313334650868113,-0.01873869413559375,-0.01873869413559375,0.0,0.0,0.005,20
topk_nonoverlap_v2,B_technical_keyword,LogisticRegression,2024-07-08,2024-08-05,2024-07-08,10,random_topk_deterministic,10,"BMP,HAH,HDG,HPG,LPB,MBB,NT2,NVL,REE,SAB",-0.1046446769381,-0.10864467693810001,-0.0302500245650126,-0.0342500245650126,0.8000000000000002,0.004000000000000001,0.005,20
topk_nonoverlap_v2,B_technical_keyword,LogisticRegression,2024-08-05,2024-09-04,2024-08-05,5,model_topk,5,"ACB,BMP,GVR,HPG,VNM",0.07991873950213559,0.07991873950213559,0.006076289141466703,0.006076289141466703,0.0,0.0,0.005,20
topk_nonoverlap_v2,B_technical_keyword,LogisticRegression,2024-08-05,2024-09-04,2024-08-05,5,equal_weight_universe,80,"ABB,ACB,ANV,BAB,BCM,BID,BMP,BSI,BVB,BVH,CMG,CSV,CTG,DCM,DGW,DIG,DPM,DXG,EIB,ELC,EVF,FPT,FRT,GAS,GEX,GMD,GVR,HAH,HCM,HDB,HDG,HPG,HSG,KDH,KLB,LPB,MBB,MBS,MCH,MSB,MSN,MWG,NAB,NKG,NLG,NT2,NVL,OCB,PDR,PGB,PHR,PLX,PNJ,POW,PPC,PVT,REE,SAB,SCR,SHB,SSB,SSI,STB,TCB,TPB,VBB,VCB,VCG,VCI,VGC,VHC,VHM,VIB,VIC,VJC,VND,VNM,VPB,VRE,VSC",0.08352117058047732,0.08352117058047732,0.009678720219808427,0.009678720219808427,0.0,0.0,0.005,20
topk_nonoverlap_v2,B_technical_keyword,LogisticRegression,2024-08-05,2024-09-04,2024-08-05,5,random_topk_deterministic,5,"CTG,HSG,LPB,MCH,VIB",0.08282696165441508,0.07782696165441508,0.008984511293746219,0.00398451129374622,0.9999999999999999,0.004999999999999999,0.005,20
topk_nonoverlap_v2,B_technical_keyword,LogisticRegression,2024-08-05,2024-09-04,2024-08-05,10,model_topk,10,"ACB,BMP,CTG,FRT,GVR,HPG,NVL,SAB,VNM,VPB",0.09903433563176516,0.09903433563176516,0.02519188527109627,0.02519188527109627,0.0,0.0,0.005,20
topk_nonoverlap_v2,B_technical_keyword,LogisticRegression,2024-08-05,2024-09-04,2024-08-05,10,equal_weight_universe,80,"ABB,ACB,ANV,BAB,BCM,BID,BMP,BSI,BVB,BVH,CMG,CSV,CTG,DCM,DGW,DIG,DPM,DXG,EIB,ELC,EVF,FPT,FRT,GAS,GEX,GMD,GVR,HAH,HCM,HDB,HDG,HPG,HSG,KDH,KLB,LPB,MBB,MBS,MCH,MSB,MSN,MWG,NAB,NKG,NLG,NT2,NVL,OCB,PDR,PGB,PHR,PLX,PNJ,POW,PPC,PVT,REE,SAB,SCR,SHB,SSB,SSI,STB,TCB,TPB,VBB,VCB,VCG,VCI,VGC,VHC,VHM,VIB,VIC,VJC,VND,VNM,VPB,VRE,VSC",0.08352117058047732,0.08352117058047732,0.009678720219808427,0.009678720219808427,0.0,0.0,0.005,20
topk_nonoverlap_v2,B_technical_keyword,LogisticRegression,2024-08-05,2024-09-04,2024-08-05,10,random_topk_deterministic,10,"BCM,BVH,ELC,KLB,MCH,NLG,PGB,PVT,VGC,VND",0.06864464426309576,0.06364464426309575,-0.005197806097573141,-0.01019780609757314,1.0000000000000002,0.005000000000000001,0.005,20
topk_nonoverlap_v2,B_technical_keyword,LogisticRegression,2024-09-04,2024-10-02,2024-09-04,5,model_topk,5,"ACB,BMP,GVR,HPG,VNM",0.04390759638208665,0.04390759638208665,0.034470380517531166,0.034470380517531166,0.0,0.0,0.005,20
topk_nonoverlap_v2,B_technical_keyword,LogisticRegression,2024-09-04,2024-10-02,2024-09-04,5,equal_weight_universe,80,"ABB,ACB,ANV,BAB,BCM,BID,BMP,BSI,BVB,BVH,CMG,CSV,CTG,DCM,DGW,DIG,DPM,DXG,EIB,ELC,EVF,FPT,FRT,GAS,GEX,GMD,GVR,HAH,HCM,HDB,HDG,HPG,HSG,KDH,KLB,LPB,MBB,MBS,MCH,MSB,MSN,MWG,NAB,NKG,NLG,NT2,NVL,OCB,PDR,PGB,PHR,PLX,PNJ,POW,PPC,PVT,REE,SAB,SCR,SHB,SSB,SSI,STB,TCB,TPB,VBB,VCB,VCG,VCI,VGC,VHC,VHM,VIB,VIC,VJC,VND,VNM,VPB,VRE,VSC",0.01796825498572943,0.01796825498572943,0.008531039121173964,0.008531039121173964,0.0,0.0,0.005,20
topk_nonoverlap_v2,B_technical_keyword,LogisticRegression,2024-09-04,2024-10-02,2024-09-04,5,random_topk_deterministic,5,"BCM,CTG,NKG,PGB,STB",0.0404847602466112,0.036484760246611195,0.031047544382055724,0.027047544382055724,0.7999999999999999,0.004,0.005,20
topk_nonoverlap_v2,B_technical_keyword,LogisticRegression,2024-09-04,2024-10-02,2024-09-04,10,model_topk,10,"ACB,BMP,CTG,FRT,GVR,HPG,NVL,SAB,VNM,VPB",0.01221321313986604,0.01221321313986604,0.0027759972753105704,0.0027759972753105704,0.0,0.0,0.005,20
topk_nonoverlap_v2,B_technical_keyword,LogisticRegression,2024-09-04,2024-10-02,2024-09-04,10,equal_weight_universe,80,"ABB,ACB,ANV,BAB,BCM,BID,BMP,BSI,BVB,BVH,CMG,CSV,CTG,DCM,DGW,DIG,DPM,DXG,EIB,ELC,EVF,FPT,FRT,GAS,GEX,GMD,GVR,HAH,HCM,HDB,HDG,HPG,HSG,KDH,KLB,LPB,MBB,MBS,MCH,MSB,MSN,MWG,NAB,NKG,NLG,NT2,NVL,OCB,PDR,PGB,PHR,PLX,PNJ,POW,PPC,PVT,REE,SAB,SCR,SHB,SSB,SSI,STB,TCB,TPB,VBB,VCB,VCG,VCI,VGC,VHC,VHM,VIB,VIC,VJC,VND,VNM,VPB,VRE,VSC",0.01796825498572943,0.01796825498572943,0.008531039121173964,0.008531039121173964,0.0,0.0,0.005,20
topk_nonoverlap_v2,B_technical_keyword,LogisticRegression,2024-09-04,2024-10-02,2024-09-04,10,random_topk_deterministic,10,"EVF,GEX,NAB,REE,STB,VCG,VCI,VIB,VJC,VND",0.02767633728260478,0.023176337282604778,0.01823912141804932,0.01373912141804932,0.9000000000000002,0.004500000000000001,0.005,20
topk_nonoverlap_v2,B_technical_keyword,LogisticRegression,2024-10-02,2024-10-30,2024-10-02,5,model_topk,5,"ACB,GVR,HPG,NVL,PLX",-0.0413528246875318,-0.0433528246875318,-0.01867143569511056,-0.02067143569511056,0.4,0.002,0.005,20
topk_nonoverlap_v2,B_technical_keyword,LogisticRegression,2024-10-02,2024-10-30,2024-10-02,5,equal_weight_universe,80,"ABB,ACB,ANV,BAB,BCM,BID,BMP,BSI,BVB,BVH,CMG,CSV,CTG,DCM,DGW,DIG,DPM,DXG,EIB,ELC,EVF,FPT,FRT,GAS,GEX,GMD,GVR,HAH,HCM,HDB,HDG,HPG,HSG,KDH,KLB,LPB,MBB,MBS,MCH,MSB,MSN,MWG,NAB,NKG,NLG,NT2,NVL,OCB,PDR,PGB,PHR,PLX,PNJ,POW,PPC,PVT,REE,SAB,SCR,SHB,SSB,SSI,STB,TCB,TPB,VBB,VCB,VCG,VCI,VGC,VHC,VHM,VIB,VIC,VJC,VND,VNM,VPB,VRE,VSC",-0.0261297907395873,-0.0261297907395873,-0.003448401747166087,-0.003448401747166087,0.0,0.0,0.005,20
topk_nonoverlap_v2,B_technical_keyword,LogisticRegression,2024-10-02,2024-10-30,2024-10-02,5,random_topk_deterministic,5,"BID,CTG,HDG,PPC,VIB",-0.0341978416085032,-0.0381978416085032,-0.011516452616081998,-0.015516452616081998,0.7999999999999999,0.004,0.005,20
topk_nonoverlap_v2,B_technical_keyword,LogisticRegression,2024-10-02,2024-10-30,2024-10-02,10,model_topk,10,"ACB,BVH,CTG,GVR,HPG,LPB,NVL,PLX,SSI,VPB",-0.022950677762261545,-0.024950677762261543,-0.0002692887698403118,-0.0022692887698403117,0.39999999999999997,0.002,0.005,20
topk_nonoverlap_v2,B_technical_keyword,LogisticRegression,2024-10-02,2024-10-30,2024-10-02,10,equal_weight_universe,80,"ABB,ACB,ANV,BAB,BCM,BID,BMP,BSI,BVB,BVH,CMG,CSV,CTG,DCM,DGW,DIG,DPM,DXG,EIB,ELC,EVF,FPT,FRT,GAS,GEX,GMD,GVR,HAH,HCM,HDB,HDG,HPG,HSG,KDH,KLB,LPB,MBB,MBS,MCH,MSB,MSN,MWG,NAB,NKG,NLG,NT2,NVL,OCB,PDR,PGB,PHR,PLX,PNJ,POW,PPC,PVT,REE,SAB,SCR,SHB,SSB,SSI,STB,TCB,TPB,VBB,VCB,VCG,VCI,VGC,VHC,VHM,VIB,VIC,VJC,VND,VNM,VPB,VRE,VSC",-0.0261297907395873,-0.0261297907395873,-0.003448401747166087,-0.003448401747166087,0.0,0.0,0.005,20
topk_nonoverlap_v2,B_technical_keyword,LogisticRegression,2024-10-02,2024-10-30,2024-10-02,10,random_topk_deterministic,10,"BCM,BID,ELC,MSN,NT2,PNJ,SAB,VHC,VIB,VNM",-0.02300084749242512,-0.02750084749242512,-0.00031945850000391956,-0.004819458500003921,0.9000000000000002,0.004500000000000001,0.005,20
topk_nonoverlap_v2,B_technical_keyword,LogisticRegression,2024-10-30,2024-11-27,2024-10-30,5,model_topk,5,"ACB,GVR,HPG,NVL,PLX",-0.014381258505417919,-0.014381258505417919,-0.00114464409133278,-0.00114464409133278,0.0,0.0,0.005,20
topk_nonoverlap_v2,B_technical_keyword,LogisticRegression,2024-10-30,2024-11-27,2024-10-30,5,equal_weight_universe,80,"ABB,ACB,ANV,BAB,BCM,BID,BMP,BSI,BVB,BVH,CMG,CSV,CTG,DCM,DGW,DIG,DPM,DXG,EIB,ELC,EVF,FPT,FRT,GAS,GEX,GMD,GVR,HAH,HCM,HDB,HDG,HPG,HSG,KDH,KLB,LPB,MBB,MBS,MCH,MSB,MSN,MWG,NAB,NKG,NLG,NT2,NVL,OCB,PDR,PGB,PHR,PLX,PNJ,POW,PPC,PVT,REE,SAB,SCR,SHB,SSB,SSI,STB,TCB,TPB,VBB,VCB,VCG,VCI,VGC,VHC,VHM,VIB,VIC,VJC,VND,VNM,VPB,VRE,VSC",-0.012914762825937832,-0.012914762825937832,0.0003218515881473488,0.0003218515881473488,0.0,0.0,0.005,20
topk_nonoverlap_v2,B_technical_keyword,LogisticRegression,2024-10-30,2024-11-27,2024-10-30,5,random_topk_deterministic,5,"BVB,ELC,HAH,KDH,PVT",0.009394593039895179,0.00439459303989518,0.02263120745398036,0.017631207453980363,0.9999999999999999,0.004999999999999999,0.005,20
topk_nonoverlap_v2,B_technical_keyword,LogisticRegression,2024-10-30,2024-11-27,2024-10-30,10,model_topk,10,"ACB,BVH,CTG,GVR,HPG,LPB,NVL,PLX,SSI,VPB",-0.014600750091834942,-0.014600750091834942,-0.0013641356777497904,-0.0013641356777497904,0.0,0.0,0.005,20
topk_nonoverlap_v2,B_technical_keyword,LogisticRegression,2024-10-30,2024-11-27,2024-10-30,10,equal_weight_universe,80,"ABB,ACB,ANV,BAB,BCM,BID,BMP,BSI,BVB,BVH,CMG,CSV,CTG,DCM,DGW,DIG,DPM,DXG,EIB,ELC,EVF,FPT,FRT,GAS,GEX,GMD,GVR,HAH,HCM,HDB,HDG,HPG,HSG,KDH,KLB,LPB,MBB,MBS,MCH,MSB,MSN,MWG,NAB,NKG,NLG,NT2,NVL,OCB,PDR,PGB,PHR,PLX,PNJ,POW,PPC,PVT,REE,SAB,SCR,SHB,SSB,SSI,STB,TCB,TPB,VBB,VCB,VCG,VCI,VGC,VHC,VHM,VIB,VIC,VJC,VND,VNM,VPB,VRE,VSC",-0.012914762825937832,-0.012914762825937832,0.0003218515881473488,0.0003218515881473488,0.0,0.0,0.005,20
topk_nonoverlap_v2,B_technical_keyword,LogisticRegression,2024-10-30,2024-11-27,2024-10-30,10,random_topk_deterministic,10,"BCM,DPM,GAS,HCM,NKG,PVT,SHB,TCB,VIC,VND",-0.01565789455842019,-0.02015789455842019,-0.0024212801443350097,-0.006921280144335011,0.9000000000000002,0.004500000000000001,0.005,20
topk_nonoverlap_v2,B_technical_keyword,LogisticRegression,2024-11-27,2024-12-25,2024-11-27,5,model_topk,5,"ACB,GVR,HPG,NVL,PLX",-0.008251484875537701,-0.008251484875537701,-0.03407336463108728,-0.03407336463108728,0.0,0.0,0.005,20
topk_nonoverlap_v2,B_technical_keyword,LogisticRegression,2024-11-27,2024-12-25,2024-11-27,5,equal_weight_universe,80,"ABB,ACB,ANV,BAB,BCM,BID,BMP,BSI,BVB,BVH,CMG,CSV,CTG,DCM,DGW,DIG,DPM,DXG,EIB,ELC,EVF,FPT,FRT,GAS,GEX,GMD,GVR,HAH,HCM,HDB,HDG,HPG,HSG,KDH,KLB,LPB,MBB,MBS,MCH,MSB,MSN,MWG,NAB,NKG,NLG,NT2,NVL,OCB,PDR,PGB,PHR,PLX,PNJ,POW,PPC,PVT,REE,SAB,SCR,SHB,SSB,SSI,STB,TCB,TPB,VBB,VCB,VCG,VCI,VGC,VHC,VHM,VIB,VIC,VJC,VND,VNM,VPB,VRE,VSC",0.029364551346184587,0.029364551346184587,0.003542671590634985,0.003542671590634985,0.0,0.0,0.005,20
topk_nonoverlap_v2,B_technical_keyword,LogisticRegression,2024-11-27,2024-12-25,2024-11-27,5,random_topk_deterministic,5,"ABB,BMP,NT2,VGC,VHM",0.06299012457313136,0.05799012457313136,0.037168244817581755,0.03216824481758176,0.9999999999999999,0.004999999999999999,0.005,20
topk_nonoverlap_v2,B_technical_keyword,LogisticRegression,2024-11-27,2024-12-25,2024-11-27,10,model_topk,10,"ACB,BVH,CTG,GVR,HPG,LPB,NVL,PLX,SSI,VPB",0.04115952506817749,0.04115952506817749,0.01533764531262791,0.01533764531262791,0.0,0.0,0.005,20
topk_nonoverlap_v2,B_technical_keyword,LogisticRegression,2024-11-27,2024-12-25,2024-11-27,10,equal_weight_universe,80,"ABB,ACB,ANV,BAB,BCM,BID,BMP,BSI,BVB,BVH,CMG,CSV,CTG,DCM,DGW,DIG,DPM,DXG,EIB,ELC,EVF,FPT,FRT,GAS,GEX,GMD,GVR,HAH,HCM,HDB,HDG,HPG,HSG,KDH,KLB,LPB,MBB,MBS,MCH,MSB,MSN,MWG,NAB,NKG,NLG,NT2,NVL,OCB,PDR,PGB,PHR,PLX,PNJ,POW,PPC,PVT,REE,SAB,SCR,SHB,SSB,SSI,STB,TCB,TPB,VBB,VCB,VCG,VCI,VGC,VHC,VHM,VIB,VIC,VJC,VND,VNM,VPB,VRE,VSC",0.029364551346184587,0.029364551346184587,0.003542671590634985,0.003542671590634985,0.0,0.0,0.005,20
topk_nonoverlap_v2,B_technical_keyword,LogisticRegression,2024-11-27,2024-12-25,2024-11-27,10,random_topk_deterministic,10,"CSV,MBS,NKG,PHR,SAB,SSB,TPB,VCB,VCG,VJC",0.037215604211009806,0.0327156042110098,0.0113937244554602,0.006893724455460199,0.9000000000000002,0.004500000000000001,0.005,20
topk_nonoverlap_v2,B_technical_keyword,LogisticRegression,2024-12-25,2025-01-23,2024-12-25,5,model_topk,5,"BVH,FPT,HPG,VCB,VHC",-0.02209980719974632,-0.02609980719974632,-0.01078933029164304,-0.01478933029164304,0.7999999999999999,0.004,0.005,20
topk_nonoverlap_v2,B_technical_keyword,LogisticRegression,2024-12-25,2025-01-23,2024-12-25,5,equal_weight_universe,80,"ABB,ACB,ANV,BAB,BCM,BID,BMP,BSI,BVB,BVH,CMG,CSV,CTG,DCM,DGW,DIG,DPM,DXG,EIB,ELC,EVF,FPT,FRT,GAS,GEX,GMD,GVR,HAH,HCM,HDB,HDG,HPG,HSG,KDH,KLB,LPB,MBB,MBS,MCH,MSB,MSN,MWG,NAB,NKG,NLG,NT2,NVL,OCB,PDR,PGB,PHR,PLX,PNJ,POW,PPC,PVT,REE,SAB,SCR,SHB,SSB,SSI,STB,TCB,TPB,VBB,VCB,VCG,VCI,VGC,VHC,VHM,VIB,VIC,VJC,VND,VNM,VPB,VRE,VSC",-0.02469870508520982,-0.02469870508520982,-0.013388228177106554,-0.013388228177106554,0.0,0.0,0.005,20
topk_nonoverlap_v2,B_technical_keyword,LogisticRegression,2024-12-25,2025-01-23,2024-12-25,5,random_topk_deterministic,5,"BID,MBS,MWG,POW,VND",-0.041155550196616035,-0.04615555019661603,-0.02984507328851278,-0.03484507328851278,0.9999999999999999,0.004999999999999999,0.005,20
topk_nonoverlap_v2,B_technical_keyword,LogisticRegression,2024-12-25,2025-01-23,2024-12-25,10,model_topk,10,"BVH,CTG,FPT,HPG,LPB,MCH,SAB,SSB,VCB,VHC",0.007750145924805102,0.004750145924805102,0.019060622832908374,0.016060622832908374,0.6,0.003,0.005,20
topk_nonoverlap_v2,B_technical_keyword,LogisticRegression,2024-12-25,2025-01-23,2024-12-25,10,equal_weight_universe,80,"ABB,ACB,ANV,BAB,BCM,BID,BMP,BSI,BVB,BVH,CMG,CSV,CTG,DCM,DGW,DIG,DPM,DXG,EIB,ELC,EVF,FPT,FRT,GAS,GEX,GMD,GVR,HAH,HCM,HDB,HDG,HPG,HSG,KDH,KLB,LPB,MBB,MBS,MCH,MSB,MSN,MWG,NAB,NKG,NLG,NT2,NVL,OCB,PDR,PGB,PHR,PLX,PNJ,POW,PPC,PVT,REE,SAB,SCR,SHB,SSB,SSI,STB,TCB,TPB,VBB,VCB,VCG,VCI,VGC,VHC,VHM,VIB,VIC,VJC,VND,VNM,VPB,VRE,VSC",-0.02469870508520982,-0.02469870508520982,-0.013388228177106554,-0.013388228177106554,0.0,0.0,0.005,20
topk_nonoverlap_v2,B_technical_keyword,LogisticRegression,2024-12-25,2025-01-23,2024-12-25,10,random_topk_deterministic,10,"BCM,BID,CMG,DXG,GVR,HPG,HSG,STB,VCI,VIB",-0.01616103807527406,-0.02116103807527406,-0.00485056116717077,-0.009850561167170771,1.0000000000000002,0.005000000000000001,0.005,20
topk_nonoverlap_v2,B_technical_keyword,LogisticRegression,2025-01-23,2025-02-27,2025-01-23,5,model_topk,5,"LPB,VGC,VHM,VNM,VPB",0.03188263037246898,0.026882630372468984,-0.00635875797172708,-0.01135875797172708,0.9999999999999999,0.004999999999999999,0.005,20
topk_nonoverlap_v2,B_technical_keyword,LogisticRegression,2025-01-23,2025-02-27,2025-01-23,5,equal_weight_universe,80,"ABB,ACB,ANV,BAB,BCM,BID,BMP,BSI,BVB,BVH,CMG,CSV,CTG,DCM,DGW,DIG,DPM,DXG,EIB,ELC,EVF,FPT,FRT,GAS,GEX,GMD,GVR,HAH,HCM,HDB,HDG,HPG,HSG,KDH,KLB,LPB,MBB,MBS,MCH,MSB,MSN,MWG,NAB,NKG,NLG,NT2,NVL,OCB,PDR,PGB,PHR,PLX,PNJ,POW,PPC,PVT,REE,SAB,SCR,SHB,SSB,SSI,STB,TCB,TPB,VBB,VCB,VCG,VCI,VGC,VHC,VHM,VIB,VIC,VJC,VND,VNM,VPB,VRE,VSC",0.05936162476183893,0.05936162476183893,0.021120236417642844,0.021120236417642844,0.0,0.0,0.005,20
topk_nonoverlap_v2,B_technical_keyword,LogisticRegression,2025-01-23,2025-02-27,2025-01-23,5,random_topk_deterministic,5,"BID,GVR,HDB,SAB,SCR",0.07380705936693921,0.0698070593669392,0.035565671022743155,0.03156567102274316,0.7999999999999999,0.004,0.005,20
topk_nonoverlap_v2,B_technical_keyword,LogisticRegression,2025-01-23,2025-02-27,2025-01-23,10,model_topk,10,"BID,CTG,LPB,MCH,PVT,VCB,VGC,VHM,VNM,VPB",0.028684461766429793,0.025684461766429793,-0.009556926577766248,-0.012556926577766248,0.6,0.003,0.005,20
topk_nonoverlap_v2,B_technical_keyword,LogisticRegression,2025-01-23,2025-02-27,2025-01-23,10,equal_weight_universe,80,"ABB,ACB,ANV,BAB,BCM,BID,BMP,BSI,BVB,BVH,CMG,CSV,CTG,DCM,DGW,DIG,DPM,DXG,EIB,ELC,EVF,FPT,FRT,GAS,GEX,GMD,GVR,HAH,HCM,HDB,HDG,HPG,HSG,KDH,KLB,LPB,MBB,MBS,MCH,MSB,MSN,MWG,NAB,NKG,NLG,NT2,NVL,OCB,PDR,PGB,PHR,PLX,PNJ,POW,PPC,PVT,REE,SAB,SCR,SHB,SSB,SSI,STB,TCB,TPB,VBB,VCB,VCG,VCI,VGC,VHC,VHM,VIB,VIC,VJC,VND,VNM,VPB,VRE,VSC",0.05936162476183893,0.05936162476183893,0.021120236417642844,0.021120236417642844,0.0,0.0,0.005,20
topk_nonoverlap_v2,B_technical_keyword,LogisticRegression,2025-01-23,2025-02-27,2025-01-23,10,random_topk_deterministic,10,"HPG,KDH,LPB,MSN,NLG,PLX,VCG,VCI,VIB,VPB",0.0379180246006164,0.034418024600616395,-0.00032336374357969935,-0.0038233637435796997,0.7000000000000001,0.0035000000000000005,0.005,20
topk_nonoverlap_v2,B_technical_keyword,LogisticRegression,2025-02-27,2025-03-27,2025-02-27,5,model_topk,5,"LPB,VGC,VHM,VNM,VPB",0.016335649876025336,0.016335649876025336,0.004093716858744381,0.004093716858744381,0.0,0.0,0.005,20
topk_nonoverlap_v2,B_technical_keyword,LogisticRegression,2025-02-27,2025-03-27,2025-02-27,5,equal_weight_universe,80,"ABB,ACB,ANV,BAB,BCM,BID,BMP,BSI,BVB,BVH,CMG,CSV,CTG,DCM,DGW,DIG,DPM,DXG,EIB,ELC,EVF,FPT,FRT,GAS,GEX,GMD,GVR,HAH,HCM,HDB,HDG,HPG,HSG,KDH,KLB,LPB,MBB,MBS,MCH,MSB,MSN,MWG,NAB,NKG,NLG,NT2,NVL,OCB,PDR,PGB,PHR,PLX,PNJ,POW,PPC,PVT,REE,SAB,SCR,SHB,SSB,SSI,STB,TCB,TPB,VBB,VCB,VCG,VCI,VGC,VHC,VHM,VIB,VIC,VJC,VND,VNM,VPB,VRE,VSC",-0.004235050361496695,-0.004235050361496695,-0.016476983378777642,-0.016476983378777642,0.0,0.0,0.005,20
topk_nonoverlap_v2,B_technical_keyword,LogisticRegression,2025-02-27,2025-03-27,2025-02-27,5,random_topk_deterministic,5,"ACB,BVH,FPT,GEX,NVL",-0.02854812877251156,-0.03354812877251156,-0.0407900617897925,-0.045790061789792495,0.9999999999999999,0.004999999999999999,0.005,20
topk_nonoverlap_v2,B_technical_keyword,LogisticRegression,2025-02-27,2025-03-27,2025-02-27,10,model_topk,10,"BID,CTG,LPB,MCH,PVT,VCB,VGC,VHM,VNM,VPB",5.422599621410229e-06,5.422599621410229e-06,-0.01223651041765953,-0.01223651041765953,0.0,0.0,0.005,20
topk_nonoverlap_v2,B_technical_keyword,LogisticRegression,2025-02-27,2025-03-27,2025-02-27,10,equal_weight_universe,80,"ABB,ACB,ANV,BAB,BCM,BID,BMP,BSI,BVB,BVH,CMG,CSV,CTG,DCM,DGW,DIG,DPM,DXG,EIB,ELC,EVF,FPT,FRT,GAS,GEX,GMD,GVR,HAH,HCM,HDB,HDG,HPG,HSG,KDH,KLB,LPB,MBB,MBS,MCH,MSB,MSN,MWG,NAB,NKG,NLG,NT2,NVL,OCB,PDR,PGB,PHR,PLX,PNJ,POW,PPC,PVT,REE,SAB,SCR,SHB,SSB,SSI,STB,TCB,TPB,VBB,VCB,VCG,VCI,VGC,VHC,VHM,VIB,VIC,VJC,VND,VNM,VPB,VRE,VSC",-0.004235050361496695,-0.004235050361496695,-0.016476983378777642,-0.016476983378777642,0.0,0.0,0.005,20
topk_nonoverlap_v2,B_technical_keyword,LogisticRegression,2025-02-27,2025-03-27,2025-02-27,10,random_topk_deterministic,10,"ABB,GMD,HCM,MCH,NAB,NKG,NVL,OCB,VHC,VIB",-0.029403086891833498,-0.0339030868918335,-0.04164501990911443,-0.04614501990911443,0.9000000000000002,0.004500000000000001,0.005,20
topk_nonoverlap_v2,B_technical_keyword,LogisticRegression,2025-03-27,2025-04-25,2025-03-27,5,model_topk,5,"LPB,VGC,VHM,VNM,VPB",-0.03986856949944194,-0.03986856949944194,0.03157672854181766,0.03157672854181766,0.0,0.0,0.005,20
topk_nonoverlap_v2,B_technical_keyword,LogisticRegression,2025-03-27,2025-04-25,2025-03-27,5,equal_weight_universe,80,"ABB,ACB,ANV,BAB,BCM,BID,BMP,BSI,BVB,BVH,CMG,CSV,CTG,DCM,DGW,DIG,DPM,DXG,EIB,ELC,EVF,FPT,FRT,GAS,GEX,GMD,GVR,HAH,HCM,HDB,HDG,HPG,HSG,KDH,KLB,LPB,MBB,MBS,MCH,MSB,MSN,MWG,NAB,NKG,NLG,NT2,NVL,OCB,PDR,PGB,PHR,PLX,PNJ,POW,PPC,PVT,REE,SAB,SCR,SHB,SSB,SSI,STB,TCB,TPB,VBB,VCB,VCG,VCI,VGC,VHC,VHM,VIB,VIC,VJC,VND,VNM,VPB,VRE,VSC",-0.0825701079496278,-0.0825701079496278,-0.011124809908368168,-0.011124809908368168,0.0,0.0,0.005,20
topk_nonoverlap_v2,B_technical_keyword,LogisticRegression,2025-03-27,2025-04-25,2025-03-27,5,random_topk_deterministic,5,"BVB,DCM,EIB,MBB,VCI",-0.055728747405167464,-0.06072874740516746,0.0157165506360921,0.0107165506360921,0.9999999999999999,0.004999999999999999,0.005,20
topk_nonoverlap_v2,B_technical_keyword,LogisticRegression,2025-03-27,2025-04-25,2025-03-27,10,model_topk,10,"BID,CTG,LPB,MCH,PVT,VCB,VGC,VHM,VNM,VPB",-0.08910675607070463,-0.08910675607070463,-0.017661458029445007,-0.017661458029445007,0.0,0.0,0.005,20
topk_nonoverlap_v2,B_technical_keyword,LogisticRegression,2025-03-27,2025-04-25,2025-03-27,10,equal_weight_universe,80,"ABB,ACB,ANV,BAB,BCM,BID,BMP,BSI,BVB,BVH,CMG,CSV,CTG,DCM,DGW,DIG,DPM,DXG,EIB,ELC,EVF,FPT,FRT,GAS,GEX,GMD,GVR,HAH,HCM,HDB,HDG,HPG,HSG,KDH,KLB,LPB,MBB,MBS,MCH,MSB,MSN,MWG,NAB,NKG,NLG,NT2,NVL,OCB,PDR,PGB,PHR,PLX,PNJ,POW,PPC,PVT,REE,SAB,SCR,SHB,SSB,SSI,STB,TCB,TPB,VBB,VCB,VCG,VCI,VGC,VHC,VHM,VIB,VIC,VJC,VND,VNM,VPB,VRE,VSC",-0.0825701079496278,-0.0825701079496278,-0.011124809908368168,-0.011124809908368168,0.0,0.0,0.005,20
topk_nonoverlap_v2,B_technical_keyword,LogisticRegression,2025-03-27,2025-04-25,2025-03-27,10,random_topk_deterministic,10,"DPM,EIB,EVF,MBB,OCB,PDR,REE,SSB,SSI,TPB",-0.07867987034277728,-0.08317987034277728,-0.00723457230151771,-0.011734572301517712,0.9000000000000002,0.004500000000000001,0.005,20
topk_nonoverlap_v2,B_technical_keyword,LogisticRegression,2025-04-25,2025-05-28,2025-04-25,5,model_topk,5,"CTG,FRT,HSG,PDR,VNM",0.08126430010852133,0.07726430010852132,-0.0103703004137568,-0.0143703004137568,0.7999999999999999,0.004,0.005,20
topk_nonoverlap_v2,B_technical_keyword,LogisticRegression,2025-04-25,2025-05-28,2025-04-25,5,equal_weight_universe,80,"ABB,ACB,ANV,BAB,BCM,BID,BMP,BSI,BVB,BVH,CMG,CSV,CTG,DCM,DGW,DIG,DPM,DXG,EIB,ELC,EVF,FPT,FRT,GAS,GEX,GMD,GVR,HAH,HCM,HDB,HDG,HPG,HSG,KDH,KLB,LPB,MBB,MBS,MCH,MSB,MSN,MWG,NAB,NKG,NLG,NT2,NVL,OCB,PDR,PGB,PHR,PLX,PNJ,POW,PPC,PVT,REE,SAB,SCR,SHB,SSB,SSI,STB,TCB,TPB,VBB,VCB,VCG,VCI,VGC,VHC,VHM,VIB,VIC,VJC,VND,VNM,VPB,VRE,VSC",0.10309605388460427,0.10309605388460427,0.011461453362326185,0.011461453362326185,0.0,0.0,0.005,20
topk_nonoverlap_v2,B_technical_keyword,LogisticRegression,2025-04-25,2025-05-28,2025-04-25,5,random_topk_deterministic,5,"BID,BSI,DCM,NT2,PHR",0.0756922053701313,0.0716922053701313,-0.01594239515214672,-0.01994239515214672,0.7999999999999999,0.004,0.005,20
topk_nonoverlap_v2,B_technical_keyword,LogisticRegression,2025-04-25,2025-05-28,2025-04-25,10,model_topk,10,"CTG,FRT,HSG,PDR,VCB,VHC,VIB,VNM,VPB,VRE",0.08934908617280943,0.08634908617280942,-0.0022855143494686903,-0.00528551434946869,0.6,0.003,0.005,20
topk_nonoverlap_v2,B_technical_keyword,LogisticRegression,2025-04-25,2025-05-28,2025-04-25,10,equal_weight_universe,80,"ABB,ACB,ANV,BAB,BCM,BID,BMP,BSI,BVB,BVH,CMG,CSV,CTG,DCM,DGW,DIG,DPM,DXG,EIB,ELC,EVF,FPT,FRT,GAS,GEX,GMD,GVR,HAH,HCM,HDB,HDG,HPG,HSG,KDH,KLB,LPB,MBB,MBS,MCH,MSB,MSN,MWG,NAB,NKG,NLG,NT2,NVL,OCB,PDR,PGB,PHR,PLX,PNJ,POW,PPC,PVT,REE,SAB,SCR,SHB,SSB,SSI,STB,TCB,TPB,VBB,VCB,VCG,VCI,VGC,VHC,VHM,VIB,VIC,VJC,VND,VNM,VPB,VRE,VSC",0.10309605388460427,0.10309605388460427,0.011461453362326185,0.011461453362326185,0.0,0.0,0.005,20
topk_nonoverlap_v2,B_technical_keyword,LogisticRegression,2025-04-25,2025-05-28,2025-04-25,10,random_topk_deterministic,10,"DIG,FPT,HAH,HCM,PGB,PHR,PPC,STB,VJC,VRE",0.10118331552304657,0.09618331552304657,0.009548715000768501,0.0045487150007685,1.0000000000000002,0.005000000000000001,0.005,20
topk_nonoverlap_v2,B_technical_keyword,LogisticRegression,2025-05-28,2025-06-25,2025-05-28,5,model_topk,5,"CTG,FRT,HSG,PDR,VNM",0.0308602541437753,0.0308602541437753,0.01231896474912448,0.01231896474912448,0.0,0.0,0.005,20
topk_nonoverlap_v2,B_technical_keyword,LogisticRegression,2025-05-28,2025-06-25,2025-05-28,5,equal_weight_universe,80,"ABB,ACB,ANV,BAB,BCM,BID,BMP,BSI,BVB,BVH,CMG,CSV,CTG,DCM,DGW,DIG,DPM,DXG,EIB,ELC,EVF,FPT,FRT,GAS,GEX,GMD,GVR,HAH,HCM,HDB,HDG,HPG,HSG,KDH,KLB,LPB,MBB,MBS,MCH,MSB,MSN,MWG,NAB,NKG,NLG,NT2,NVL,OCB,PDR,PGB,PHR,PLX,PNJ,POW,PPC,PVT,REE,SAB,SCR,SHB,SSB,SSI,STB,TCB,TPB,VBB,VCB,VCG,VCI,VGC,VHC,VHM,VIB,VIC,VJC,VND,VNM,VPB,VRE,VSC",0.026681130322015346,0.026681130322015346,0.008139840927364526,0.008139840927364526,0.0,0.0,0.005,20
topk_nonoverlap_v2,B_technical_keyword,LogisticRegression,2025-05-28,2025-06-25,2025-05-28,5,random_topk_deterministic,5,"BCM,SSI,STB,VHC,VSC",0.008787949881044959,0.0037879498810449597,-0.009753339513605838,-0.014753339513605837,0.9999999999999999,0.004999999999999999,0.005,20
topk_nonoverlap_v2,B_technical_keyword,LogisticRegression,2025-05-28,2025-06-25,2025-05-28,10,model_topk,10,"CTG,FRT,HSG,PDR,VCB,VHC,VIB,VNM,VPB,VRE",0.00835621410995213,0.00835621410995213,-0.01018507528469869,-0.01018507528469869,0.0,0.0,0.005,20
topk_nonoverlap_v2,B_technical_keyword,LogisticRegression,2025-05-28,2025-06-25,2025-05-28,10,equal_weight_universe,80,"ABB,ACB,ANV,BAB,BCM,BID,BMP,BSI,BVB,BVH,CMG,CSV,CTG,DCM,DGW,DIG,DPM,DXG,EIB,ELC,EVF,FPT,FRT,GAS,GEX,GMD,GVR,HAH,HCM,HDB,HDG,HPG,HSG,KDH,KLB,LPB,MBB,MBS,MCH,MSB,MSN,MWG,NAB,NKG,NLG,NT2,NVL,OCB,PDR,PGB,PHR,PLX,PNJ,POW,PPC,PVT,REE,SAB,SCR,SHB,SSB,SSI,STB,TCB,TPB,VBB,VCB,VCG,VCI,VGC,VHC,VHM,VIB,VIC,VJC,VND,VNM,VPB,VRE,VSC",0.026681130322015346,0.026681130322015346,0.008139840927364526,0.008139840927364526,0.0,0.0,0.005,20
topk_nonoverlap_v2,B_technical_keyword,LogisticRegression,2025-05-28,2025-06-25,2025-05-28,10,random_topk_deterministic,10,"BCM,BVB,BVH,DPM,EIB,FPT,MSB,MWG,NKG,VHC",0.022840263552320033,0.018340263552320032,0.00429897415766922,-0.00020102584233078116,0.9000000000000002,0.004500000000000001,0.005,20
topk_nonoverlap_v2,B_technical_keyword,LogisticRegression,2025-06-25,2025-07-23,2025-06-25,5,model_topk,5,"CTG,FRT,HSG,PDR,VNM",0.11841775899338951,0.11841775899338951,0.011916935872848224,0.011916935872848224,0.0,0.0,0.005,20
topk_nonoverlap_v2,B_technical_keyword,LogisticRegression,2025-06-25,2025-07-23,2025-06-25,5,equal_weight_universe,80,"ABB,ACB,ANV,BAB,BCM,BID,BMP,BSI,BVB,BVH,CMG,CSV,CTG,DCM,DGW,DIG,DPM,DXG,EIB,ELC,EVF,FPT,FRT,GAS,GEX,GMD,GVR,HAH,HCM,HDB,HDG,HPG,HSG,KDH,KLB,LPB,MBB,MBS,MCH,MSB,MSN,MWG,NAB,NKG,NLG,NT2,NVL,OCB,PDR,PGB,PHR,PLX,PNJ,POW,PPC,PVT,REE,SAB,SCR,SHB,SSB,SSI,STB,TCB,TPB,VBB,VCB,VCG,VCI,VGC,VHC,VHM,VIB,VIC,VJC,VND,VNM,VPB,VRE,VSC",0.11601544390767823,0.11601544390767823,0.009514620787136937,0.009514620787136937,0.0,0.0,0.005,20
topk_nonoverlap_v2,B_technical_keyword,LogisticRegression,2025-06-25,2025-07-23,2025-06-25,5,random_topk_deterministic,5,"BID,CMG,GVR,NLG,PNJ",0.08307826998452346,0.07807826998452345,-0.023422553136017783,-0.028422553136017784,0.9999999999999999,0.004999999999999999,0.005,20
topk_nonoverlap_v2,B_technical_keyword,LogisticRegression,2025-06-25,2025-07-23,2025-06-25,10,model_topk,10,"CTG,FRT,HSG,PDR,VCB,VHC,VIB,VNM,VPB,VRE",0.12717883740117025,0.12717883740117025,0.02067801428062898,0.02067801428062898,0.0,0.0,0.005,20
topk_nonoverlap_v2,B_technical_keyword,LogisticRegression,2025-06-25,2025-07-23,2025-06-25,10,equal_weight_universe,80,"ABB,ACB,ANV,BAB,BCM,BID,BMP,BSI,BVB,BVH,CMG,CSV,CTG,DCM,DGW,DIG,DPM,DXG,EIB,ELC,EVF,FPT,FRT,GAS,GEX,GMD,GVR,HAH,HCM,HDB,HDG,HPG,HSG,KDH,KLB,LPB,MBB,MBS,MCH,MSB,MSN,MWG,NAB,NKG,NLG,NT2,NVL,OCB,PDR,PGB,PHR,PLX,PNJ,POW,PPC,PVT,REE,SAB,SCR,SHB,SSB,SSI,STB,TCB,TPB,VBB,VCB,VCG,VCI,VGC,VHC,VHM,VIB,VIC,VJC,VND,VNM,VPB,VRE,VSC",0.11601544390767823,0.11601544390767823,0.009514620787136937,0.009514620787136937,0.0,0.0,0.005,20
topk_nonoverlap_v2,B_technical_keyword,LogisticRegression,2025-06-25,2025-07-23,2025-06-25,10,random_topk_deterministic,10,"DGW,DIG,HAH,NAB,OCB,PLX,SSI,TPB,VCI,VPB",0.14805779199272145,0.14305779199272145,0.04155696887218015,0.03655696887218014,1.0000000000000002,0.005000000000000001,0.005,20
topk_nonoverlap_v2,B_technical_keyword,LogisticRegression,2025-07-23,2025-08-20,2025-07-23,5,model_topk,5,"GEX,MBS,MSN,MWG,VCI",0.14109597133237584,0.13609597133237583,0.04055441569894107,0.03555441569894107,0.9999999999999999,0.004999999999999999,0.005,20
topk_nonoverlap_v2,B_technical_keyword,LogisticRegression,2025-07-23,2025-08-20,2025-07-23,5,equal_weight_universe,80,"ABB,ACB,ANV,BAB,BCM,BID,BMP,BSI,BVB,BVH,CMG,CSV,CTG,DCM,DGW,DIG,DPM,DXG,EIB,ELC,EVF,FPT,FRT,GAS,GEX,GMD,GVR,HAH,HCM,HDB,HDG,HPG,HSG,KDH,KLB,LPB,MBB,MBS,MCH,MSB,MSN,MWG,NAB,NKG,NLG,NT2,NVL,OCB,PDR,PGB,PHR,PLX,PNJ,POW,PPC,PVT,REE,SAB,SCR,SHB,SSB,SSI,STB,TCB,TPB,VBB,VCB,VCG,VCI,VGC,VHC,VHM,VIB,VIC,VJC,VND,VNM,VPB,VRE,VSC",0.11862726193998803,0.11862726193998803,0.018085706306553245,0.018085706306553245,0.0,0.0,0.005,20
topk_nonoverlap_v2,B_technical_keyword,LogisticRegression,2025-07-23,2025-08-20,2025-07-23,5,random_topk_deterministic,5,"BAB,DIG,HPG,STB,VIB",0.16727127631968924,0.16227127631968924,0.06672972068625446,0.061729720686254465,0.9999999999999999,0.004999999999999999,0.005,20
topk_nonoverlap_v2,B_technical_keyword,LogisticRegression,2025-07-23,2025-08-20,2025-07-23,10,model_topk,10,"GEX,HDB,HPG,MBS,MSN,MWG,POW,REE,VCI,VPB",0.15949689310596699,0.15499689310596698,0.05895533747253219,0.054455337472532186,0.9000000000000002,0.004500000000000001,0.005,20
topk_nonoverlap_v2,B_technical_keyword,LogisticRegression,2025-07-23,2025-08-20,2025-07-23,10,equal_weight_universe,80,"ABB,ACB,ANV,BAB,BCM,BID,BMP,BSI,BVB,BVH,CMG,CSV,CTG,DCM,DGW,DIG,DPM,DXG,EIB,ELC,EVF,FPT,FRT,GAS,GEX,GMD,GVR,HAH,HCM,HDB,HDG,HPG,HSG,KDH,KLB,LPB,MBB,MBS,MCH,MSB,MSN,MWG,NAB,NKG,NLG,NT2,NVL,OCB,PDR,PGB,PHR,PLX,PNJ,POW,PPC,PVT,REE,SAB,SCR,SHB,SSB,SSI,STB,TCB,TPB,VBB,VCB,VCG,VCI,VGC,VHC,VHM,VIB,VIC,VJC,VND,VNM,VPB,VRE,VSC",0.11862726193998803,0.11862726193998803,0.018085706306553245,0.018085706306553245,0.0,0.0,0.005,20
topk_nonoverlap_v2,B_technical_keyword,LogisticRegression,2025-07-23,2025-08-20,2025-07-23,10,random_topk_deterministic,10,"BVH,DIG,ELC,MBB,MCH,NLG,POW,SSI,TCB,VIB",0.13661526741074725,0.13261526741074725,0.03607371177731243,0.03207371177731243,0.8000000000000002,0.004000000000000001,0.005,20
topk_nonoverlap_v2,B_technical_keyword,LogisticRegression,2025-08-20,2025-09-19,2025-08-20,5,model_topk,5,"GEX,MBS,MSN,MWG,VCI",-0.0097349696046706,-0.0097349696046706,-0.006286196502697487,-0.006286196502697487,0.0,0.0,0.005,20
topk_nonoverlap_v2,B_technical_keyword,LogisticRegression,2025-08-20,2025-09-19,2025-08-20,5,equal_weight_universe,80,"ABB,ACB,ANV,BAB,BCM,BID,BMP,BSI,BVB,BVH,CMG,CSV,CTG,DCM,DGW,DIG,DPM,DXG,EIB,ELC,EVF,FPT,FRT,GAS,GEX,GMD,GVR,HAH,HCM,HDB,HDG,HPG,HSG,KDH,KLB,LPB,MBB,MBS,MCH,MSB,MSN,MWG,NAB,NKG,NLG,NT2,NVL,OCB,PDR,PGB,PHR,PLX,PNJ,POW,PPC,PVT,REE,SAB,SCR,SHB,SSB,SSI,STB,TCB,TPB,VBB,VCB,VCG,VCI,VGC,VHC,VHM,VIB,VIC,VJC,VND,VNM,VPB,VRE,VSC",-0.012411640265388761,-0.012411640265388761,-0.008962867163415647,-0.008962867163415647,0.0,0.0,0.005,20
topk_nonoverlap_v2,B_technical_keyword,LogisticRegression,2025-08-20,2025-09-19,2025-08-20,5,random_topk_deterministic,5,"BSI,EIB,PDR,POW,TCB",-0.08616854890745428,-0.09116854890745428,-0.08271977580548118,-0.08771977580548118,0.9999999999999999,0.004999999999999999,0.005,20
topk_nonoverlap_v2,B_technical_keyword,LogisticRegression,2025-08-20,2025-09-19,2025-08-20,10,model_topk,10,"GEX,HDB,HPG,MBS,MSN,MWG,POW,REE,VCI,VPB",-0.02183234244971585,-0.02183234244971585,-0.018383569347742743,-0.018383569347742743,0.0,0.0,0.005,20
topk_nonoverlap_v2,B_technical_keyword,LogisticRegression,2025-08-20,2025-09-19,2025-08-20,10,equal_weight_universe,80,"ABB,ACB,ANV,BAB,BCM,BID,BMP,BSI,BVB,BVH,CMG,CSV,CTG,DCM,DGW,DIG,DPM,DXG,EIB,ELC,EVF,FPT,FRT,GAS,GEX,GMD,GVR,HAH,HCM,HDB,HDG,HPG,HSG,KDH,KLB,LPB,MBB,MBS,MCH,MSB,MSN,MWG,NAB,NKG,NLG,NT2,NVL,OCB,PDR,PGB,PHR,PLX,PNJ,POW,PPC,PVT,REE,SAB,SCR,SHB,SSB,SSI,STB,TCB,TPB,VBB,VCB,VCG,VCI,VGC,VHC,VHM,VIB,VIC,VJC,VND,VNM,VPB,VRE,VSC",-0.012411640265388761,-0.012411640265388761,-0.008962867163415647,-0.008962867163415647,0.0,0.0,0.005,20
topk_nonoverlap_v2,B_technical_keyword,LogisticRegression,2025-08-20,2025-09-19,2025-08-20,10,random_topk_deterministic,10,"BCM,BID,BSI,FPT,HDB,PGB,REE,SHB,VIB,VPB",-0.053374772546867844,-0.05787477254686785,-0.04992599944489474,-0.05442599944489474,0.9000000000000002,0.004500000000000001,0.005,20
topk_nonoverlap_v2,B_technical_keyword,LogisticRegression,2025-09-19,2025-10-17,2025-09-19,5,model_topk,5,"GEX,MBS,MSN,MWG,VCI",0.05090851822073922,0.05090851822073922,0.007155277574900939,0.007155277574900939,0.0,0.0,0.005,20
topk_nonoverlap_v2,B_technical_keyword,LogisticRegression,2025-09-19,2025-10-17,2025-09-19,5,equal_weight_universe,80,"ABB,ACB,ANV,BAB,BCM,BID,BMP,BSI,BVB,BVH,CMG,CSV,CTG,DCM,DGW,DIG,DPM,DXG,EIB,ELC,EVF,FPT,FRT,GAS,GEX,GMD,GVR,HAH,HCM,HDB,HDG,HPG,HSG,KDH,KLB,LPB,MBB,MBS,MCH,MSB,MSN,MWG,NAB,NKG,NLG,NT2,NVL,OCB,PDR,PGB,PHR,PLX,PNJ,POW,PPC,PVT,REE,SAB,SCR,SHB,SSB,SSI,STB,TCB,TPB,VBB,VCB,VCG,VCI,VGC,VHC,VHM,VIB,VIC,VJC,VND,VNM,VPB,VRE,VSC",0.0075955101855792375,0.0075955101855792375,-0.03615773046025904,-0.03615773046025904,0.0,0.0,0.005,20
topk_nonoverlap_v2,B_technical_keyword,LogisticRegression,2025-09-19,2025-10-17,2025-09-19,5,random_topk_deterministic,5,"BVB,EIB,MCH,NT2,VSC",-0.02022824520395234,-0.02422824520395234,-0.06398148584979065,-0.06798148584979065,0.7999999999999999,0.004,0.005,20
topk_nonoverlap_v2,B_technical_keyword,LogisticRegression,2025-09-19,2025-10-17,2025-09-19,10,model_topk,10,"GEX,HDB,HPG,MBS,MSN,MWG,POW,REE,VCI,VPB",0.02018124636498956,0.02018124636498956,-0.023571994280848725,-0.023571994280848725,0.0,0.0,0.005,20
topk_nonoverlap_v2,B_technical_keyword,LogisticRegression,2025-09-19,2025-10-17,2025-09-19,10,equal_weight_universe,80,"ABB,ACB,ANV,BAB,BCM,BID,BMP,BSI,BVB,BVH,CMG,CSV,CTG,DCM,DGW,DIG,DPM,DXG,EIB,ELC,EVF,FPT,FRT,GAS,GEX,GMD,GVR,HAH,HCM,HDB,HDG,HPG,HSG,KDH,KLB,LPB,MBB,MBS,MCH,MSB,MSN,MWG,NAB,NKG,NLG,NT2,NVL,OCB,PDR,PGB,PHR,PLX,PNJ,POW,PPC,PVT,REE,SAB,SCR,SHB,SSB,SSI,STB,TCB,TPB,VBB,VCB,VCG,VCI,VGC,VHC,VHM,VIB,VIC,VJC,VND,VNM,VPB,VRE,VSC",0.0075955101855792375,0.0075955101855792375,-0.03615773046025904,-0.03615773046025904,0.0,0.0,0.005,20
topk_nonoverlap_v2,B_technical_keyword,LogisticRegression,2025-09-19,2025-10-17,2025-09-19,10,random_topk_deterministic,10,"DXG,HCM,HDG,MSN,NKG,POW,PVT,VBB,VCB,VNM",-0.008549808705419059,-0.01354980870541906,-0.05230304935125736,-0.057303049351257365,1.0000000000000002,0.005000000000000001,0.005,20
topk_nonoverlap_v2,B_technical_keyword,LogisticRegression,2025-10-17,2025-11-14,2025-10-17,5,model_topk,5,"BVH,DIG,MSN,OCB,VRE",-0.08597518993411007,-0.08997518993411008,-0.03067796663684058,-0.034677966636840585,0.7999999999999999,0.004,0.005,20
topk_nonoverlap_v2,B_technical_keyword,LogisticRegression,2025-10-17,2025-11-14,2025-10-17,5,equal_weight_universe,80,"ABB,ACB,ANV,BAB,BCM,BID,BMP,BSI,BVB,BVH,CMG,CSV,CTG,DCM,DGW,DIG,DPM,DXG,EIB,ELC,EVF,FPT,FRT,GAS,GEX,GMD,GVR,HAH,HCM,HDB,HDG,HPG,HSG,KDH,KLB,LPB,MBB,MBS,MCH,MSB,MSN,MWG,NAB,NKG,NLG,NT2,NVL,OCB,PDR,PGB,PHR,PLX,PNJ,POW,PPC,PVT,REE,SAB,SCR,SHB,SSB,SSI,STB,TCB,TPB,VBB,VCB,VCG,VCI,VGC,VHC,VHM,VIB,VIC,VJC,VND,VNM,VPB,VRE,VSC",-0.034949749742080496,-0.034949749742080496,0.02034747355518898,0.02034747355518898,0.0,0.0,0.005,20
topk_nonoverlap_v2,B_technical_keyword,LogisticRegression,2025-10-17,2025-11-14,2025-10-17,5,random_topk_deterministic,5,"DGW,GEX,OCB,PPC,VND",-0.08923609703968856,-0.09423609703968856,-0.03393887374241909,-0.03893887374241909,0.9999999999999999,0.004999999999999999,0.005,20
topk_nonoverlap_v2,B_technical_keyword,LogisticRegression,2025-10-17,2025-11-14,2025-10-17,10,model_topk,10,"BVH,DIG,HCM,MSN,NKG,OCB,PPC,TPB,VIC,VRE",-0.061895936460370816,-0.06639593646037081,-0.006598713163101351,-0.011098713163101352,0.9000000000000002,0.004500000000000001,0.005,20
topk_nonoverlap_v2,B_technical_keyword,LogisticRegression,2025-10-17,2025-11-14,2025-10-17,10,equal_weight_universe,80,"ABB,ACB,ANV,BAB,BCM,BID,BMP,BSI,BVB,BVH,CMG,CSV,CTG,DCM,DGW,DIG,DPM,DXG,EIB,ELC,EVF,FPT,FRT,GAS,GEX,GMD,GVR,HAH,HCM,HDB,HDG,HPG,HSG,KDH,KLB,LPB,MBB,MBS,MCH,MSB,MSN,MWG,NAB,NKG,NLG,NT2,NVL,OCB,PDR,PGB,PHR,PLX,PNJ,POW,PPC,PVT,REE,SAB,SCR,SHB,SSB,SSI,STB,TCB,TPB,VBB,VCB,VCG,VCI,VGC,VHC,VHM,VIB,VIC,VJC,VND,VNM,VPB,VRE,VSC",-0.034949749742080496,-0.034949749742080496,0.02034747355518898,0.02034747355518898,0.0,0.0,0.005,20
topk_nonoverlap_v2,B_technical_keyword,LogisticRegression,2025-10-17,2025-11-14,2025-10-17,10,random_topk_deterministic,10,"BSI,DIG,HCM,KLB,MSN,NT2,OCB,PPC,SAB,SHB",-0.05052717172427716,-0.054527171724277165,0.004770051572992308,0.0007700515729923071,0.8000000000000002,0.004000000000000001,0.005,20
topk_nonoverlap_v2,B_technical_keyword,LogisticRegression,2025-11-14,2025-12-12,2025-11-14,5,model_topk,5,"BVH,DIG,MSN,OCB,VRE",-0.08242127237901664,-0.08242127237901664,-0.08941013178248725,-0.08941013178248725,0.0,0.0,0.005,20
topk_nonoverlap_v2,B_technical_keyword,LogisticRegression,2025-11-14,2025-12-12,2025-11-14,5,equal_weight_universe,80,"ABB,ACB,ANV,BAB,BCM,BID,BMP,BSI,BVB,BVH,CMG,CSV,CTG,DCM,DGW,DIG,DPM,DXG,EIB,ELC,EVF,FPT,FRT,GAS,GEX,GMD,GVR,HAH,HCM,HDB,HDG,HPG,HSG,KDH,KLB,LPB,MBB,MBS,MCH,MSB,MSN,MWG,NAB,NKG,NLG,NT2,NVL,OCB,PDR,PGB,PHR,PLX,PNJ,POW,PPC,PVT,REE,SAB,SCR,SHB,SSB,SSI,STB,TCB,TPB,VBB,VCB,VCG,VCI,VGC,VHC,VHM,VIB,VIC,VJC,VND,VNM,VPB,VRE,VSC",-0.04846450569060197,-0.04846450569060197,-0.05545336509407256,-0.05545336509407256,0.0,0.0,0.005,20
topk_nonoverlap_v2,B_technical_keyword,LogisticRegression,2025-11-14,2025-12-12,2025-11-14,5,random_topk_deterministic,5,"BID,GEX,PDR,REE,VJC",-0.059240200629824505,-0.06324020062982451,-0.0662290600332951,-0.0702290600332951,0.7999999999999999,0.004,0.005,20
topk_nonoverlap_v2,B_technical_keyword,LogisticRegression,2025-11-14,2025-12-12,2025-11-14,10,model_topk,10,"BVH,DIG,HCM,MSN,NKG,OCB,PPC,TPB,VIC,VRE",-0.026187827175283916,-0.026187827175283916,-0.03317668657875452,-0.03317668657875452,0.0,0.0,0.005,20
topk_nonoverlap_v2,B_technical_keyword,LogisticRegression,2025-11-14,2025-12-12,2025-11-14,10,equal_weight_universe,80,"ABB,ACB,ANV,BAB,BCM,BID,BMP,BSI,BVB,BVH,CMG,CSV,CTG,DCM,DGW,DIG,DPM,DXG,EIB,ELC,EVF,FPT,FRT,GAS,GEX,GMD,GVR,HAH,HCM,HDB,HDG,HPG,HSG,KDH,KLB,LPB,MBB,MBS,MCH,MSB,MSN,MWG,NAB,NKG,NLG,NT2,NVL,OCB,PDR,PGB,PHR,PLX,PNJ,POW,PPC,PVT,REE,SAB,SCR,SHB,SSB,SSI,STB,TCB,TPB,VBB,VCB,VCG,VCI,VGC,VHC,VHM,VIB,VIC,VJC,VND,VNM,VPB,VRE,VSC",-0.04846450569060197,-0.04846450569060197,-0.05545336509407256,-0.05545336509407256,0.0,0.0,0.005,20
topk_nonoverlap_v2,B_technical_keyword,LogisticRegression,2025-11-14,2025-12-12,2025-11-14,10,random_topk_deterministic,10,"CMG,DIG,MBB,NKG,PGB,PPC,SAB,VCI,VIC,VPB",-0.00673578314920664,-0.01023578314920664,-0.013724642552677243,-0.017224642552677243,0.7000000000000001,0.0035000000000000005,0.005,20
topk_nonoverlap_v2,B_technical_keyword,LogisticRegression,2025-12-12,2026-01-13,2025-12-12,5,model_topk,5,"BVH,DIG,MSN,OCB,VRE",0.11285852433167305,0.11285852433167305,-0.042610268362435186,-0.042610268362435186,0.0,0.0,0.005,20
topk_nonoverlap_v2,B_technical_keyword,LogisticRegression,2025-12-12,2026-01-13,2025-12-12,5,equal_weight_universe,80,"ABB,ACB,ANV,BAB,BCM,BID,BMP,BSI,BVB,BVH,CMG,CSV,CTG,DCM,DGW,DIG,DPM,DXG,EIB,ELC,EVF,FPT,FRT,GAS,GEX,GMD,GVR,HAH,HCM,HDB,HDG,HPG,HSG,KDH,KLB,LPB,MBB,MBS,MCH,MSB,MSN,MWG,NAB,NKG,NLG,NT2,NVL,OCB,PDR,PGB,PHR,PLX,PNJ,POW,PPC,PVT,REE,SAB,SCR,SHB,SSB,SSI,STB,TCB,TPB,VBB,VCB,VCG,VCI,VGC,VHC,VHM,VIB,VIC,VJC,VND,VNM,VPB,VRE,VSC",0.10005516818208375,0.10005516818208375,-0.055413624512024494,-0.055413624512024494,0.0,0.0,0.005,20
topk_nonoverlap_v2,B_technical_keyword,LogisticRegression,2025-12-12,2026-01-13,2025-12-12,5,random_topk_deterministic,5,"BCM,CTG,GVR,HDG,SSI",0.14545353941494624,0.14045353941494623,-0.010015253279162079,-0.015015253279162078,0.9999999999999999,0.004999999999999999,0.005,20
topk_nonoverlap_v2,B_technical_keyword,LogisticRegression,2025-12-12,2026-01-13,2025-12-12,10,model_topk,10,"BVH,DIG,HCM,MSN,NKG,OCB,PPC,TPB,VIC,VRE",0.1053149418233382,0.1053149418233382,-0.05015385087077007,-0.05015385087077007,0.0,0.0,0.005,20
topk_nonoverlap_v2,B_technical_keyword,LogisticRegression,2025-12-12,2026-01-13,2025-12-12,10,equal_weight_universe,80,"ABB,ACB,ANV,BAB,BCM,BID,BMP,BSI,BVB,BVH,CMG,CSV,CTG,DCM,DGW,DIG,DPM,DXG,EIB,ELC,EVF,FPT,FRT,GAS,GEX,GMD,GVR,HAH,HCM,HDB,HDG,HPG,HSG,KDH,KLB,LPB,MBB,MBS,MCH,MSB,MSN,MWG,NAB,NKG,NLG,NT2,NVL,OCB,PDR,PGB,PHR,PLX,PNJ,POW,PPC,PVT,REE,SAB,SCR,SHB,SSB,SSI,STB,TCB,TPB,VBB,VCB,VCG,VCI,VGC,VHC,VHM,VIB,VIC,VJC,VND,VNM,VPB,VRE,VSC",0.10005516818208375,0.10005516818208375,-0.055413624512024494,-0.055413624512024494,0.0,0.0,0.005,20
topk_nonoverlap_v2,B_technical_keyword,LogisticRegression,2025-12-12,2026-01-13,2025-12-12,10,random_topk_deterministic,10,"ABB,BAB,DPM,ELC,GVR,MBB,PPC,PVT,TCB,VBB",0.11715897328058049,0.11315897328058049,-0.038309819413527735,-0.04230981941352774,0.8000000000000002,0.004000000000000001,0.005,20
topk_nonoverlap_v2,B_technical_keyword,LogisticRegression,2026-01-13,2026-02-10,2026-01-13,5,model_topk,5,"HPG,MSB,MWG,SAB,SSB",-0.034595673307131716,-0.039595673307131714,0.04365208147102614,0.03865208147102614,0.9999999999999999,0.004999999999999999,0.005,20
topk_nonoverlap_v2,B_technical_keyword,LogisticRegression,2026-01-13,2026-02-10,2026-01-13,5,equal_weight_universe,79,"ABB,ACB,ANV,BAB,BCM,BID,BMP,BSI,BVB,BVH,CMG,CSV,CTG,DCM,DGW,DIG,DPM,DXG,EIB,ELC,EVF,FPT,FRT,GAS,GEX,GMD,GVR,HAH,HCM,HDB,HDG,HPG,HSG,KDH,LPB,MBB,MBS,MCH,MSB,MSN,MWG,NAB,NKG,NLG,NT2,NVL,OCB,PDR,PGB,PHR,PLX,PNJ,POW,PPC,PVT,REE,SAB,SCR,SHB,SSB,SSI,STB,TCB,TPB,VBB,VCB,VCG,VCI,VGC,VHC,VHM,VIB,VIC,VJC,VND,VNM,VPB,VRE,VSC",-0.04299521736466737,-0.04305771736466737,0.03525253741349052,0.03519003741349052,0.012499999999999994,6.249999999999997e-05,0.005,20
topk_nonoverlap_v2,B_technical_keyword,LogisticRegression,2026-01-13,2026-02-10,2026-01-13,5,random_topk_deterministic,5,"EIB,MSN,PLX,PPC,SSI",-0.021283710812194157,-0.025283710812194157,0.05696404396596374,0.05296404396596374,0.7999999999999999,0.004,0.005,20
topk_nonoverlap_v2,B_technical_keyword,LogisticRegression,2026-01-13,2026-02-10,2026-01-13,10,model_topk,10,"HPG,HSG,MSB,MSN,MWG,POW,SAB,SHB,SSB,SSI",-0.053644033448150476,-0.05814403344815048,0.024603721330007405,0.020103721330007405,0.9000000000000002,0.004500000000000001,0.005,20
topk_nonoverlap_v2,B_technical_keyword,LogisticRegression,2026-01-13,2026-02-10,2026-01-13,10,equal_weight_universe,79,"ABB,ACB,ANV,BAB,BCM,BID,BMP,BSI,BVB,BVH,CMG,CSV,CTG,DCM,DGW,DIG,DPM,DXG,EIB,ELC,EVF,FPT,FRT,GAS,GEX,GMD,GVR,HAH,HCM,HDB,HDG,HPG,HSG,KDH,LPB,MBB,MBS,MCH,MSB,MSN,MWG,NAB,NKG,NLG,NT2,NVL,OCB,PDR,PGB,PHR,PLX,PNJ,POW,PPC,PVT,REE,SAB,SCR,SHB,SSB,SSI,STB,TCB,TPB,VBB,VCB,VCG,VCI,VGC,VHC,VHM,VIB,VIC,VJC,VND,VNM,VPB,VRE,VSC",-0.04299521736466737,-0.04305771736466737,0.03525253741349052,0.03519003741349052,0.012499999999999994,6.249999999999997e-05,0.005,20
topk_nonoverlap_v2,B_technical_keyword,LogisticRegression,2026-01-13,2026-02-10,2026-01-13,10,random_topk_deterministic,10,"EVF,KDH,MWG,NLG,PLX,PPC,STB,VGC,VIB,VND",-0.01623817907381785,-0.02073817907381785,0.06200957570434005,0.057509575704340045,0.9000000000000002,0.004500000000000001,0.005,20
topk_nonoverlap_v2,B_technical_keyword,LogisticRegression,2026-02-10,2026-03-17,2026-02-10,5,model_topk,5,"HPG,MSB,MWG,SAB,SSB",-0.037633702470251294,-0.037633702470251294,-0.01269684278142046,-0.01269684278142046,0.0,0.0,0.005,20
topk_nonoverlap_v2,B_technical_keyword,LogisticRegression,2026-02-10,2026-03-17,2026-02-10,5,equal_weight_universe,80,"ABB,ACB,ANV,BAB,BCM,BID,BMP,BSI,BVB,BVH,CMG,CSV,CTG,DCM,DGW,DIG,DPM,DXG,EIB,ELC,EVF,FPT,FRT,GAS,GEX,GMD,GVR,HAH,HCM,HDB,HDG,HPG,HSG,KDH,KLB,LPB,MBB,MBS,MCH,MSB,MSN,MWG,NAB,NKG,NLG,NT2,NVL,OCB,PDR,PGB,PHR,PLX,PNJ,POW,PPC,PVT,REE,SAB,SCR,SHB,SSB,SSI,STB,TCB,TPB,VBB,VCB,VCG,VCI,VGC,VHC,VHM,VIB,VIC,VJC,VND,VNM,VPB,VRE,VSC",-0.01970451065964718,-0.01976701065964718,0.005232349029183678,0.005169849029183678,0.012499999999999994,6.249999999999997e-05,0.005,20
topk_nonoverlap_v2,B_technical_keyword,LogisticRegression,2026-02-10,2026-03-17,2026-02-10,5,random_topk_deterministic,5,"ACB,ELC,NAB,NVL,VIB",-0.0218037764098315,-0.026803776409831497,0.003133083278999399,-0.0018669167210006,0.9999999999999999,0.004999999999999999,0.005,20
topk_nonoverlap_v2,B_technical_keyword,LogisticRegression,2026-02-10,2026-03-17,2026-02-10,10,model_topk,10,"HPG,HSG,MSB,MSN,MWG,POW,SAB,SHB,SSB,SSI",-0.03129748749031472,-0.03129748749031472,-0.006360627801483882,-0.006360627801483882,0.0,0.0,0.005,20
topk_nonoverlap_v2,B_technical_keyword,LogisticRegression,2026-02-10,2026-03-17,2026-02-10,10,equal_weight_universe,80,"ABB,ACB,ANV,BAB,BCM,BID,BMP,BSI,BVB,BVH,CMG,CSV,CTG,DCM,DGW,DIG,DPM,DXG,EIB,ELC,EVF,FPT,FRT,GAS,GEX,GMD,GVR,HAH,HCM,HDB,HDG,HPG,HSG,KDH,KLB,LPB,MBB,MBS,MCH,MSB,MSN,MWG,NAB,NKG,NLG,NT2,NVL,OCB,PDR,PGB,PHR,PLX,PNJ,POW,PPC,PVT,REE,SAB,SCR,SHB,SSB,SSI,STB,TCB,TPB,VBB,VCB,VCG,VCI,VGC,VHC,VHM,VIB,VIC,VJC,VND,VNM,VPB,VRE,VSC",-0.01970451065964718,-0.01976701065964718,0.005232349029183678,0.005169849029183678,0.012499999999999994,6.249999999999997e-05,0.005,20
topk_nonoverlap_v2,B_technical_keyword,LogisticRegression,2026-02-10,2026-03-17,2026-02-10,10,random_topk_deterministic,10,"BSI,DCM,DPM,EIB,HCM,MCH,SCR,SHB,VGC,VPB",0.012300597029243595,0.007800597029243594,0.037237456718074435,0.03273745671807443,0.9000000000000002,0.004500000000000001,0.005,20
topk_nonoverlap_v2,B_technical_keyword,LogisticRegression,2026-03-17,2026-04-14,2026-03-17,5,model_topk,5,"HPG,MSB,MWG,SAB,SSB",0.04126404665436694,0.04126404665436694,0.0030483054642762185,0.0030483054642762185,0.0,0.0,0.005,20
topk_nonoverlap_v2,B_technical_keyword,LogisticRegression,2026-03-17,2026-04-14,2026-03-17,5,equal_weight_universe,80,"ABB,ACB,ANV,BAB,BCM,BID,BMP,BSI,BVB,BVH,CMG,CSV,CTG,DCM,DGW,DIG,DPM,DXG,EIB,ELC,EVF,FPT,FRT,GAS,GEX,GMD,GVR,HAH,HCM,HDB,HDG,HPG,HSG,KDH,KLB,LPB,MBB,MBS,MCH,MSB,MSN,MWG,NAB,NKG,NLG,NT2,NVL,OCB,PDR,PGB,PHR,PLX,PNJ,POW,PPC,PVT,REE,SAB,SCR,SHB,SSB,SSI,STB,TCB,TPB,VBB,VCB,VCG,VCI,VGC,VHC,VHM,VIB,VIC,VJC,VND,VNM,VPB,VRE,VSC",0.035497025414320385,0.035497025414320385,-0.002718715775770324,-0.002718715775770324,0.0,0.0,0.005,20
topk_nonoverlap_v2,B_technical_keyword,LogisticRegression,2026-03-17,2026-04-14,2026-03-17,5,random_topk_deterministic,5,"ANV,BVB,HSG,PHR,SCR",0.06344284004980216,0.058442840049802165,0.02522709885971146,0.02022709885971146,0.9999999999999999,0.004999999999999999,0.005,20
topk_nonoverlap_v2,B_technical_keyword,LogisticRegression,2026-03-17,2026-04-14,2026-03-17,10,model_topk,10,"HPG,HSG,MSB,MSN,MWG,POW,SAB,SHB,SSB,SSI",0.03902079892348444,0.03902079892348444,0.0008050577333937409,0.0008050577333937409,0.0,0.0,0.005,20
topk_nonoverlap_v2,B_technical_keyword,LogisticRegression,2026-03-17,2026-04-14,2026-03-17,10,equal_weight_universe,80,"ABB,ACB,ANV,BAB,BCM,BID,BMP,BSI,BVB,BVH,CMG,CSV,CTG,DCM,DGW,DIG,DPM,DXG,EIB,ELC,EVF,FPT,FRT,GAS,GEX,GMD,GVR,HAH,HCM,HDB,HDG,HPG,HSG,KDH,KLB,LPB,MBB,MBS,MCH,MSB,MSN,MWG,NAB,NKG,NLG,NT2,NVL,OCB,PDR,PGB,PHR,PLX,PNJ,POW,PPC,PVT,REE,SAB,SCR,SHB,SSB,SSI,STB,TCB,TPB,VBB,VCB,VCG,VCI,VGC,VHC,VHM,VIB,VIC,VJC,VND,VNM,VPB,VRE,VSC",0.035497025414320385,0.035497025414320385,-0.002718715775770324,-0.002718715775770324,0.0,0.0,0.005,20
topk_nonoverlap_v2,B_technical_keyword,LogisticRegression,2026-03-17,2026-04-14,2026-03-17,10,random_topk_deterministic,10,"BCM,KDH,MBS,MSB,MSN,NKG,NLG,PGB,VCG,VGC",0.034634873332645574,0.030134873332645574,-0.0035808678574450895,-0.008080867857445091,0.9000000000000002,0.004500000000000001,0.005,20
topk_nonoverlap_v2,B_technical_keyword,LogisticRegression,2026-04-14,2026-05-15,2026-04-14,5,model_topk,5,"HDB,MSN,PDR,SAB,VBB",0.015479607270743595,0.011479607270743595,-0.0667156451720237,-0.07071564517202371,0.7999999999999999,0.004,0.005,20
topk_nonoverlap_v2,B_technical_keyword,LogisticRegression,2026-04-14,2026-05-15,2026-04-14,5,equal_weight_universe,80,"ABB,ACB,ANV,BAB,BCM,BID,BMP,BSI,BVB,BVH,CMG,CSV,CTG,DCM,DGW,DIG,DPM,DXG,EIB,ELC,EVF,FPT,FRT,GAS,GEX,GMD,GVR,HAH,HCM,HDB,HDG,HPG,HSG,KDH,KLB,LPB,MBB,MBS,MCH,MSB,MSN,MWG,NAB,NKG,NLG,NT2,NVL,OCB,PDR,PGB,PHR,PLX,PNJ,POW,PPC,PVT,REE,SAB,SCR,SHB,SSB,SSI,STB,TCB,TPB,VBB,VCB,VCG,VCI,VGC,VHC,VHM,VIB,VIC,VJC,VND,VNM,VPB,VRE,VSC",0.0018808559012271336,0.0018808559012271336,-0.08031439654154023,-0.08031439654154023,0.0,0.0,0.005,20
topk_nonoverlap_v2,B_technical_keyword,LogisticRegression,2026-04-14,2026-05-15,2026-04-14,5,random_topk_deterministic,5,"BMP,DCM,DGW,HCM,OCB",0.01564149501227732,0.01064149501227732,-0.0665537574304901,-0.0715537574304901,0.9999999999999999,0.004999999999999999,0.005,20
topk_nonoverlap_v2,B_technical_keyword,LogisticRegression,2026-04-14,2026-05-15,2026-04-14,10,model_topk,10,"BVB,GEX,HDB,MCH,MSN,OCB,PDR,SAB,TCB,VBB",0.030038233451649604,0.026038233451649604,-0.05215701899111771,-0.05615701899111771,0.8000000000000002,0.004000000000000001,0.005,20
topk_nonoverlap_v2,B_technical_keyword,LogisticRegression,2026-04-14,2026-05-15,2026-04-14,10,equal_weight_universe,80,"ABB,ACB,ANV,BAB,BCM,BID,BMP,BSI,BVB,BVH,CMG,CSV,CTG,DCM,DGW,DIG,DPM,DXG,EIB,ELC,EVF,FPT,FRT,GAS,GEX,GMD,GVR,HAH,HCM,HDB,HDG,HPG,HSG,KDH,KLB,LPB,MBB,MBS,MCH,MSB,MSN,MWG,NAB,NKG,NLG,NT2,NVL,OCB,PDR,PGB,PHR,PLX,PNJ,POW,PPC,PVT,REE,SAB,SCR,SHB,SSB,SSI,STB,TCB,TPB,VBB,VCB,VCG,VCI,VGC,VHC,VHM,VIB,VIC,VJC,VND,VNM,VPB,VRE,VSC",0.0018808559012271336,0.0018808559012271336,-0.08031439654154023,-0.08031439654154023,0.0,0.0,0.005,20
topk_nonoverlap_v2,B_technical_keyword,LogisticRegression,2026-04-14,2026-05-15,2026-04-14,10,random_topk_deterministic,10,"EVF,GEX,GVR,HDG,MBB,PLX,TCB,VGC,VNM,VSC",0.007319459267149342,0.0028194592671493407,-0.07487579317561802,-0.07937579317561802,0.9000000000000002,0.004500000000000001,0.005,20
topk_nonoverlap_v2,B_technical_keyword,LogisticRegression,2026-05-15,2026-06-12,2026-05-15,5,model_topk,5,"HDB,MSN,PDR,SAB,VBB",-0.048670448697398117,-0.048670448697398117,0.0189554880220023,0.0189554880220023,0.0,0.0,0.005,20
topk_nonoverlap_v2,B_technical_keyword,LogisticRegression,2026-05-15,2026-06-12,2026-05-15,5,equal_weight_universe,80,"ABB,ACB,ANV,BAB,BCM,BID,BMP,BSI,BVB,BVH,CMG,CSV,CTG,DCM,DGW,DIG,DPM,DXG,EIB,ELC,EVF,FPT,FRT,GAS,GEX,GMD,GVR,HAH,HCM,HDB,HDG,HPG,HSG,KDH,KLB,LPB,MBB,MBS,MCH,MSB,MSN,MWG,NAB,NKG,NLG,NT2,NVL,OCB,PDR,PGB,PHR,PLX,PNJ,POW,PPC,PVT,REE,SAB,SCR,SHB,SSB,SSI,STB,TCB,TPB,VBB,VCB,VCG,VCI,VGC,VHC,VHM,VIB,VIC,VJC,VND,VNM,VPB,VRE,VSC",-0.04302202297658324,-0.04302202297658324,0.024603913742817153,0.024603913742817153,0.0,0.0,0.005,20
topk_nonoverlap_v2,B_technical_keyword,LogisticRegression,2026-05-15,2026-06-12,2026-05-15,5,random_topk_deterministic,5,"ABB,HAH,HDG,MCH,PDR",-0.03087158096212552,-0.03587158096212552,0.036754355757274836,0.03175435575727484,0.9999999999999999,0.004999999999999999,0.005,20
topk_nonoverlap_v2,B_technical_keyword,LogisticRegression,2026-05-15,2026-06-12,2026-05-15,10,model_topk,10,"BVB,GEX,HDB,MCH,MSN,OCB,PDR,SAB,TCB,VBB",-0.03510605908943326,-0.03510605908943326,0.032519877629967144,0.032519877629967144,0.0,0.0,0.005,20
topk_nonoverlap_v2,B_technical_keyword,LogisticRegression,2026-05-15,2026-06-12,2026-05-15,10,equal_weight_universe,80,"ABB,ACB,ANV,BAB,BCM,BID,BMP,BSI,BVB,BVH,CMG,CSV,CTG,DCM,DGW,DIG,DPM,DXG,EIB,ELC,EVF,FPT,FRT,GAS,GEX,GMD,GVR,HAH,HCM,HDB,HDG,HPG,HSG,KDH,KLB,LPB,MBB,MBS,MCH,MSB,MSN,MWG,NAB,NKG,NLG,NT2,NVL,OCB,PDR,PGB,PHR,PLX,PNJ,POW,PPC,PVT,REE,SAB,SCR,SHB,SSB,SSI,STB,TCB,TPB,VBB,VCB,VCG,VCI,VGC,VHC,VHM,VIB,VIC,VJC,VND,VNM,VPB,VRE,VSC",-0.04302202297658324,-0.04302202297658324,0.024603913742817153,0.024603913742817153,0.0,0.0,0.005,20
topk_nonoverlap_v2,B_technical_keyword,LogisticRegression,2026-05-15,2026-06-12,2026-05-15,10,random_topk_deterministic,10,"BVB,EIB,EVF,GEX,HAH,MBB,NAB,PLX,STB,VIC",-0.052759705432640525,-0.05575970543264053,0.014866231286759828,0.011866231286759829,0.6,0.003,0.005,20
topk_nonoverlap_v2,B_technical_keyword,RandomForest,2022-02-11,2022-03-11,2022-02-11,5,model_topk,5,"CTG,LPB,MBB,PLX,TCB",-0.09086175846123237,-0.09586175846123238,-0.06744179055797542,-0.07244179055797542,1.0,0.005,0.005,20
topk_nonoverlap_v2,B_technical_keyword,RandomForest,2022-02-11,2022-03-11,2022-02-11,5,equal_weight_universe,80,"ABB,ACB,ANV,BAB,BCM,BID,BMP,BSI,BVB,BVH,CMG,CSV,CTG,DCM,DGW,DIG,DPM,DXG,EIB,ELC,EVF,FPT,FRT,GAS,GEX,GMD,GVR,HAH,HCM,HDB,HDG,HPG,HSG,KDH,KLB,LPB,MBB,MBS,MCH,MSB,MSN,MWG,NAB,NKG,NLG,NT2,NVL,OCB,PDR,PGB,PHR,PLX,PNJ,POW,PPC,PVT,REE,SAB,SCR,SHB,SSB,SSI,STB,TCB,TPB,VBB,VCB,VCG,VCI,VGC,VHC,VHM,VIB,VIC,VJC,VND,VNM,VPB,VRE,VSC",0.02555258494849641,0.02055258494849641,0.048972552851753344,0.043972552851753346,1.0,0.005,0.005,20
topk_nonoverlap_v2,B_technical_keyword,RandomForest,2022-02-11,2022-03-11,2022-02-11,5,random_topk_deterministic,5,"BMP,HDG,NAB,NKG,PHR",0.0360192915790591,0.0310192915790591,0.05943925948231606,0.054439259482316066,1.0,0.005,0.005,20
topk_nonoverlap_v2,B_technical_keyword,RandomForest,2022-02-11,2022-03-11,2022-02-11,10,model_topk,10,"ACB,BID,CTG,KLB,LPB,MBB,MWG,PLX,TCB,VPB",-0.05806308848639251,-0.06306308848639251,-0.03464312058313559,-0.039643120583135585,1.0,0.005,0.005,20
topk_nonoverlap_v2,B_technical_keyword,RandomForest,2022-02-11,2022-03-11,2022-02-11,10,equal_weight_universe,80,"ABB,ACB,ANV,BAB,BCM,BID,BMP,BSI,BVB,BVH,CMG,CSV,CTG,DCM,DGW,DIG,DPM,DXG,EIB,ELC,EVF,FPT,FRT,GAS,GEX,GMD,GVR,HAH,HCM,HDB,HDG,HPG,HSG,KDH,KLB,LPB,MBB,MBS,MCH,MSB,MSN,MWG,NAB,NKG,NLG,NT2,NVL,OCB,PDR,PGB,PHR,PLX,PNJ,POW,PPC,PVT,REE,SAB,SCR,SHB,SSB,SSI,STB,TCB,TPB,VBB,VCB,VCG,VCI,VGC,VHC,VHM,VIB,VIC,VJC,VND,VNM,VPB,VRE,VSC",0.02555258494849641,0.02055258494849641,0.048972552851753344,0.043972552851753346,1.0,0.005,0.005,20
topk_nonoverlap_v2,B_technical_keyword,RandomForest,2022-02-11,2022-03-11,2022-02-11,10,random_topk_deterministic,10,"ABB,BID,BSI,DIG,EVF,FRT,MBB,REE,SAB,VGC",0.041373597430899876,0.03637359743089988,0.06479356533415685,0.059793565334156855,1.0,0.005,0.005,20
topk_nonoverlap_v2,B_technical_keyword,RandomForest,2022-03-11,2022-04-08,2022-03-11,5,model_topk,5,"LPB,MBB,PLX,TCB,VPB",0.018468949776118838,0.017468949776118837,0.007927130255341962,0.006927130255341962,0.2,0.001,0.005,20
topk_nonoverlap_v2,B_technical_keyword,RandomForest,2022-03-11,2022-04-08,2022-03-11,5,equal_weight_universe,80,"ABB,ACB,ANV,BAB,BCM,BID,BMP,BSI,BVB,BVH,CMG,CSV,CTG,DCM,DGW,DIG,DPM,DXG,EIB,ELC,EVF,FPT,FRT,GAS,GEX,GMD,GVR,HAH,HCM,HDB,HDG,HPG,HSG,KDH,KLB,LPB,MBB,MBS,MCH,MSB,MSN,MWG,NAB,NKG,NLG,NT2,NVL,OCB,PDR,PGB,PHR,PLX,PNJ,POW,PPC,PVT,REE,SAB,SCR,SHB,SSB,SSI,STB,TCB,TPB,VBB,VCB,VCG,VCI,VGC,VHC,VHM,VIB,VIC,VJC,VND,VNM,VPB,VRE,VSC",0.006389860242397111,0.006389860242397111,-0.004151959278379816,-0.004151959278379816,0.0,0.0,0.005,20
topk_nonoverlap_v2,B_technical_keyword,RandomForest,2022-03-11,2022-04-08,2022-03-11,5,random_topk_deterministic,5,"DIG,GAS,KLB,VIB,VSC",-0.012127697427203325,-0.017127697427203326,-0.0226695169479803,-0.027669516947980297,0.9999999999999999,0.004999999999999999,0.005,20
topk_nonoverlap_v2,B_technical_keyword,RandomForest,2022-03-11,2022-04-08,2022-03-11,10,model_topk,10,"ACB,BID,CTG,KLB,LPB,MBB,MWG,PLX,TCB,VPB",0.035445731093151925,0.035445731093151925,0.024903911572375013,0.024903911572375013,0.0,0.0,0.005,20
topk_nonoverlap_v2,B_technical_keyword,RandomForest,2022-03-11,2022-04-08,2022-03-11,10,equal_weight_universe,80,"ABB,ACB,ANV,BAB,BCM,BID,BMP,BSI,BVB,BVH,CMG,CSV,CTG,DCM,DGW,DIG,DPM,DXG,EIB,ELC,EVF,FPT,FRT,GAS,GEX,GMD,GVR,HAH,HCM,HDB,HDG,HPG,HSG,KDH,KLB,LPB,MBB,MBS,MCH,MSB,MSN,MWG,NAB,NKG,NLG,NT2,NVL,OCB,PDR,PGB,PHR,PLX,PNJ,POW,PPC,PVT,REE,SAB,SCR,SHB,SSB,SSI,STB,TCB,TPB,VBB,VCB,VCG,VCI,VGC,VHC,VHM,VIB,VIC,VJC,VND,VNM,VPB,VRE,VSC",0.006389860242397111,0.006389860242397111,-0.004151959278379816,-0.004151959278379816,0.0,0.0,0.005,20
topk_nonoverlap_v2,B_technical_keyword,RandomForest,2022-03-11,2022-04-08,2022-03-11,10,random_topk_deterministic,10,"CTG,KDH,MBS,MCH,PLX,PVT,TPB,VHC,VIB,VIC",0.01468419727954535,0.009684197279545349,0.0041423777587684205,-0.0008576222412315804,1.0000000000000002,0.005000000000000001,0.005,20
topk_nonoverlap_v2,B_technical_keyword,RandomForest,2022-04-08,2022-05-11,2022-04-08,5,model_topk,5,"ACB,CTG,HDB,MSB,SHB",-0.1648491581207293,-0.16984915812072932,-0.04307452924083724,-0.04807452924083724,0.9999999999999999,0.004999999999999999,0.005,20
topk_nonoverlap_v2,B_technical_keyword,RandomForest,2022-04-08,2022-05-11,2022-04-08,5,equal_weight_universe,80,"ABB,ACB,ANV,BAB,BCM,BID,BMP,BSI,BVB,BVH,CMG,CSV,CTG,DCM,DGW,DIG,DPM,DXG,EIB,ELC,EVF,FPT,FRT,GAS,GEX,GMD,GVR,HAH,HCM,HDB,HDG,HPG,HSG,KDH,KLB,LPB,MBB,MBS,MCH,MSB,MSN,MWG,NAB,NKG,NLG,NT2,NVL,OCB,PDR,PGB,PHR,PLX,PNJ,POW,PPC,PVT,REE,SAB,SCR,SHB,SSB,SSI,STB,TCB,TPB,VBB,VCB,VCG,VCI,VGC,VHC,VHM,VIB,VIC,VJC,VND,VNM,VPB,VRE,VSC",-0.1441197676240598,-0.1441197676240598,-0.02234513874416772,-0.02234513874416772,0.0,0.0,0.005,20
topk_nonoverlap_v2,B_technical_keyword,RandomForest,2022-04-08,2022-05-11,2022-04-08,5,random_topk_deterministic,5,"ABB,BVB,DGW,GAS,HCM",-0.21063023959357138,-0.2146302395935714,-0.08885561071367928,-0.09285561071367929,0.7999999999999999,0.004,0.005,20
topk_nonoverlap_v2,B_technical_keyword,RandomForest,2022-04-08,2022-05-11,2022-04-08,10,model_topk,10,"ACB,BMP,CTG,HDB,MSB,NAB,SHB,TCB,VIB,VPB",-0.15330005936995578,-0.15630005936995578,-0.0315254304900637,-0.0345254304900637,0.6,0.003,0.005,20
topk_nonoverlap_v2,B_technical_keyword,RandomForest,2022-04-08,2022-05-11,2022-04-08,10,equal_weight_universe,80,"ABB,ACB,ANV,BAB,BCM,BID,BMP,BSI,BVB,BVH,CMG,CSV,CTG,DCM,DGW,DIG,DPM,DXG,EIB,ELC,EVF,FPT,FRT,GAS,GEX,GMD,GVR,HAH,HCM,HDB,HDG,HPG,HSG,KDH,KLB,LPB,MBB,MBS,MCH,MSB,MSN,MWG,NAB,NKG,NLG,NT2,NVL,OCB,PDR,PGB,PHR,PLX,PNJ,POW,PPC,PVT,REE,SAB,SCR,SHB,SSB,SSI,STB,TCB,TPB,VBB,VCB,VCG,VCI,VGC,VHC,VHM,VIB,VIC,VJC,VND,VNM,VPB,VRE,VSC",-0.1441197676240598,-0.1441197676240598,-0.02234513874416772,-0.02234513874416772,0.0,0.0,0.005,20
topk_nonoverlap_v2,B_technical_keyword,RandomForest,2022-04-08,2022-05-11,2022-04-08,10,random_topk_deterministic,10,"DGW,DXG,ELC,FPT,HAH,MSB,PNJ,PVT,SCR,SSB",-0.12014260041722388,-0.12464260041722389,0.0016320284626681828,-0.0028679715373318183,0.9000000000000002,0.004500000000000001,0.005,20
topk_nonoverlap_v2,B_technical_keyword,RandomForest,2022-05-11,2022-06-08,2022-05-11,5,model_topk,5,"ACB,CTG,HDB,MSB,SHB",0.01581790742687992,0.01581790742687992,0.010915984305630223,0.010915984305630223,0.0,0.0,0.005,20
topk_nonoverlap_v2,B_technical_keyword,RandomForest,2022-05-11,2022-06-08,2022-05-11,5,equal_weight_universe,80,"ABB,ACB,ANV,BAB,BCM,BID,BMP,BSI,BVB,BVH,CMG,CSV,CTG,DCM,DGW,DIG,DPM,DXG,EIB,ELC,EVF,FPT,FRT,GAS,GEX,GMD,GVR,HAH,HCM,HDB,HDG,HPG,HSG,KDH,KLB,LPB,MBB,MBS,MCH,MSB,MSN,MWG,NAB,NKG,NLG,NT2,NVL,OCB,PDR,PGB,PHR,PLX,PNJ,POW,PPC,PVT,REE,SAB,SCR,SHB,SSB,SSI,STB,TCB,TPB,VBB,VCB,VCG,VCI,VGC,VHC,VHM,VIB,VIC,VJC,VND,VNM,VPB,VRE,VSC",0.026866112399613385,0.026866112399613385,0.02196418927836368,0.02196418927836368,0.0,0.0,0.005,20
topk_nonoverlap_v2,B_technical_keyword,RandomForest,2022-05-11,2022-06-08,2022-05-11,5,random_topk_deterministic,5,"ABB,MCH,MSB,SAB,SHB",-0.02481062115189964,-0.02881062115189964,-0.029712544273149344,-0.03371254427314935,0.7999999999999999,0.004,0.005,20
topk_nonoverlap_v2,B_technical_keyword,RandomForest,2022-05-11,2022-06-08,2022-05-11,10,model_topk,10,"ACB,BMP,CTG,HDB,MSB,NAB,SHB,TCB,VIB,VPB",-0.00989785935078127,-0.00989785935078127,-0.014799782472030967,-0.014799782472030967,0.0,0.0,0.005,20
topk_nonoverlap_v2,B_technical_keyword,RandomForest,2022-05-11,2022-06-08,2022-05-11,10,equal_weight_universe,80,"ABB,ACB,ANV,BAB,BCM,BID,BMP,BSI,BVB,BVH,CMG,CSV,CTG,DCM,DGW,DIG,DPM,DXG,EIB,ELC,EVF,FPT,FRT,GAS,GEX,GMD,GVR,HAH,HCM,HDB,HDG,HPG,HSG,KDH,KLB,LPB,MBB,MBS,MCH,MSB,MSN,MWG,NAB,NKG,NLG,NT2,NVL,OCB,PDR,PGB,PHR,PLX,PNJ,POW,PPC,PVT,REE,SAB,SCR,SHB,SSB,SSI,STB,TCB,TPB,VBB,VCB,VCG,VCI,VGC,VHC,VHM,VIB,VIC,VJC,VND,VNM,VPB,VRE,VSC",0.026866112399613385,0.026866112399613385,0.02196418927836368,0.02196418927836368,0.0,0.0,0.005,20
topk_nonoverlap_v2,B_technical_keyword,RandomForest,2022-05-11,2022-06-08,2022-05-11,10,random_topk_deterministic,10,"ANV,BVH,DGW,EIB,GAS,HDG,HPG,PDR,SHB,VCB",0.03422105660158954,0.02972105660158954,0.029319133480339838,0.024819133480339838,0.9000000000000002,0.004500000000000001,0.005,20
topk_nonoverlap_v2,B_technical_keyword,RandomForest,2022-06-08,2022-07-06,2022-06-08,5,model_topk,5,"ACB,CTG,HDB,MSB,SHB",-0.08967492736183368,-0.08967492736183368,0.03135786541442772,0.03135786541442772,0.0,0.0,0.005,20
topk_nonoverlap_v2,B_technical_keyword,RandomForest,2022-06-08,2022-07-06,2022-06-08,5,equal_weight_universe,80,"ABB,ACB,ANV,BAB,BCM,BID,BMP,BSI,BVB,BVH,CMG,CSV,CTG,DCM,DGW,DIG,DPM,DXG,EIB,ELC,EVF,FPT,FRT,GAS,GEX,GMD,GVR,HAH,HCM,HDB,HDG,HPG,HSG,KDH,KLB,LPB,MBB,MBS,MCH,MSB,MSN,MWG,NAB,NKG,NLG,NT2,NVL,OCB,PDR,PGB,PHR,PLX,PNJ,POW,PPC,PVT,REE,SAB,SCR,SHB,SSB,SSI,STB,TCB,TPB,VBB,VCB,VCG,VCI,VGC,VHC,VHM,VIB,VIC,VJC,VND,VNM,VPB,VRE,VSC",-0.14370080722554357,-0.14370080722554357,-0.022668014449282146,-0.022668014449282146,0.0,0.0,0.005,20
topk_nonoverlap_v2,B_technical_keyword,RandomForest,2022-06-08,2022-07-06,2022-06-08,5,random_topk_deterministic,5,"GEX,HCM,PNJ,VIC,VSC",-0.1455378021215494,-0.1505378021215494,-0.02450500934528796,-0.029505009345287957,0.9999999999999999,0.004999999999999999,0.005,20
topk_nonoverlap_v2,B_technical_keyword,RandomForest,2022-06-08,2022-07-06,2022-06-08,10,model_topk,10,"ACB,BMP,CTG,HDB,MSB,NAB,SHB,TCB,VIB,VPB",-0.07899086522783856,-0.07899086522783856,0.04204192754842285,0.04204192754842285,0.0,0.0,0.005,20
topk_nonoverlap_v2,B_technical_keyword,RandomForest,2022-06-08,2022-07-06,2022-06-08,10,equal_weight_universe,80,"ABB,ACB,ANV,BAB,BCM,BID,BMP,BSI,BVB,BVH,CMG,CSV,CTG,DCM,DGW,DIG,DPM,DXG,EIB,ELC,EVF,FPT,FRT,GAS,GEX,GMD,GVR,HAH,HCM,HDB,HDG,HPG,HSG,KDH,KLB,LPB,MBB,MBS,MCH,MSB,MSN,MWG,NAB,NKG,NLG,NT2,NVL,OCB,PDR,PGB,PHR,PLX,PNJ,POW,PPC,PVT,REE,SAB,SCR,SHB,SSB,SSI,STB,TCB,TPB,VBB,VCB,VCG,VCI,VGC,VHC,VHM,VIB,VIC,VJC,VND,VNM,VPB,VRE,VSC",-0.14370080722554357,-0.14370080722554357,-0.022668014449282146,-0.022668014449282146,0.0,0.0,0.005,20
topk_nonoverlap_v2,B_technical_keyword,RandomForest,2022-06-08,2022-07-06,2022-06-08,10,random_topk_deterministic,10,"DCM,DGW,FRT,GVR,HDG,OCB,TCB,VBB,VCG,VSC",-0.2072842509531047,-0.2112842509531047,-0.08625145817684327,-0.09025145817684327,0.8000000000000002,0.004000000000000001,0.005,20
topk_nonoverlap_v2,B_technical_keyword,RandomForest,2022-07-06,2022-08-03,2022-07-06,5,model_topk,5,"ACB,BMP,MBB,SSB,VJC",0.045293200603729857,0.04129320060372986,-0.04182329977465945,-0.045823299774659446,0.7999999999999999,0.004,0.005,20
topk_nonoverlap_v2,B_technical_keyword,RandomForest,2022-07-06,2022-08-03,2022-07-06,5,equal_weight_universe,80,"ABB,ACB,ANV,BAB,BCM,BID,BMP,BSI,BVB,BVH,CMG,CSV,CTG,DCM,DGW,DIG,DPM,DXG,EIB,ELC,EVF,FPT,FRT,GAS,GEX,GMD,GVR,HAH,HCM,HDB,HDG,HPG,HSG,KDH,KLB,LPB,MBB,MBS,MCH,MSB,MSN,MWG,NAB,NKG,NLG,NT2,NVL,OCB,PDR,PGB,PHR,PLX,PNJ,POW,PPC,PVT,REE,SAB,SCR,SHB,SSB,SSI,STB,TCB,TPB,VBB,VCB,VCG,VCI,VGC,VHC,VHM,VIB,VIC,VJC,VND,VNM,VPB,VRE,VSC",0.12588210143176154,0.12588210143176154,0.03876560105337219,0.03876560105337219,0.0,0.0,0.005,20
topk_nonoverlap_v2,B_technical_keyword,RandomForest,2022-07-06,2022-08-03,2022-07-06,5,random_topk_deterministic,5,"ANV,CTG,KLB,PPC,SSI",0.07352387920966749,0.06852387920966749,-0.013592621168721859,-0.01859262116872186,0.9999999999999999,0.004999999999999999,0.005,20
topk_nonoverlap_v2,B_technical_keyword,RandomForest,2022-07-06,2022-08-03,2022-07-06,10,model_topk,10,"ABB,ACB,BAB,BMP,HDB,MBB,SAB,SSB,TPB,VJC",0.0697025740093074,0.0662025740093074,-0.017413926369081893,-0.020913926369081893,0.7000000000000001,0.0035000000000000005,0.005,20
topk_nonoverlap_v2,B_technical_keyword,RandomForest,2022-07-06,2022-08-03,2022-07-06,10,equal_weight_universe,80,"ABB,ACB,ANV,BAB,BCM,BID,BMP,BSI,BVB,BVH,CMG,CSV,CTG,DCM,DGW,DIG,DPM,DXG,EIB,ELC,EVF,FPT,FRT,GAS,GEX,GMD,GVR,HAH,HCM,HDB,HDG,HPG,HSG,KDH,KLB,LPB,MBB,MBS,MCH,MSB,MSN,MWG,NAB,NKG,NLG,NT2,NVL,OCB,PDR,PGB,PHR,PLX,PNJ,POW,PPC,PVT,REE,SAB,SCR,SHB,SSB,SSI,STB,TCB,TPB,VBB,VCB,VCG,VCI,VGC,VHC,VHM,VIB,VIC,VJC,VND,VNM,VPB,VRE,VSC",0.12588210143176154,0.12588210143176154,0.03876560105337219,0.03876560105337219,0.0,0.0,0.005,20
topk_nonoverlap_v2,B_technical_keyword,RandomForest,2022-07-06,2022-08-03,2022-07-06,10,random_topk_deterministic,10,"CSV,ELC,GEX,HDG,KDH,KLB,PGB,SSB,VGC,VND",0.16291490442162554,0.15841490442162554,0.0757984040432362,0.0712984040432362,0.9000000000000002,0.004500000000000001,0.005,20
topk_nonoverlap_v2,B_technical_keyword,RandomForest,2022-08-03,2022-08-31,2022-08-03,5,model_topk,5,"ACB,BMP,MBB,SSB,VJC",0.01071963102409804,0.01071963102409804,-0.013885093082930584,-0.013885093082930584,0.0,0.0,0.005,20
topk_nonoverlap_v2,B_technical_keyword,RandomForest,2022-08-03,2022-08-31,2022-08-03,5,equal_weight_universe,80,"ABB,ACB,ANV,BAB,BCM,BID,BMP,BSI,BVB,BVH,CMG,CSV,CTG,DCM,DGW,DIG,DPM,DXG,EIB,ELC,EVF,FPT,FRT,GAS,GEX,GMD,GVR,HAH,HCM,HDB,HDG,HPG,HSG,KDH,KLB,LPB,MBB,MBS,MCH,MSB,MSN,MWG,NAB,NKG,NLG,NT2,NVL,OCB,PDR,PGB,PHR,PLX,PNJ,POW,PPC,PVT,REE,SAB,SCR,SHB,SSB,SSI,STB,TCB,TPB,VBB,VCB,VCG,VCI,VGC,VHC,VHM,VIB,VIC,VJC,VND,VNM,VPB,VRE,VSC",0.027442932012420873,0.027442932012420873,0.0028382079053922574,0.0028382079053922574,0.0,0.0,0.005,20
topk_nonoverlap_v2,B_technical_keyword,RandomForest,2022-08-03,2022-08-31,2022-08-03,5,random_topk_deterministic,5,"LPB,PDR,PHR,PNJ,VCI",0.0220081959586162,0.017008195958616204,-0.0025965281484124207,-0.0075965281484124195,0.9999999999999999,0.004999999999999999,0.005,20
topk_nonoverlap_v2,B_technical_keyword,RandomForest,2022-08-03,2022-08-31,2022-08-03,10,model_topk,10,"ABB,ACB,BAB,BMP,HDB,MBB,SAB,SSB,TPB,VJC",0.00697147315839841,0.00697147315839841,-0.0176332509486302,-0.0176332509486302,0.0,0.0,0.005,20
topk_nonoverlap_v2,B_technical_keyword,RandomForest,2022-08-03,2022-08-31,2022-08-03,10,equal_weight_universe,80,"ABB,ACB,ANV,BAB,BCM,BID,BMP,BSI,BVB,BVH,CMG,CSV,CTG,DCM,DGW,DIG,DPM,DXG,EIB,ELC,EVF,FPT,FRT,GAS,GEX,GMD,GVR,HAH,HCM,HDB,HDG,HPG,HSG,KDH,KLB,LPB,MBB,MBS,MCH,MSB,MSN,MWG,NAB,NKG,NLG,NT2,NVL,OCB,PDR,PGB,PHR,PLX,PNJ,POW,PPC,PVT,REE,SAB,SCR,SHB,SSB,SSI,STB,TCB,TPB,VBB,VCB,VCG,VCI,VGC,VHC,VHM,VIB,VIC,VJC,VND,VNM,VPB,VRE,VSC",0.027442932012420873,0.027442932012420873,0.0028382079053922574,0.0028382079053922574,0.0,0.0,0.005,20
topk_nonoverlap_v2,B_technical_keyword,RandomForest,2022-08-03,2022-08-31,2022-08-03,10,random_topk_deterministic,10,"ACB,ELC,FPT,GMD,MCH,MSB,NAB,PLX,VNM,VSC",-0.000984183418107029,-0.00548418341810703,-0.025588907525135644,-0.030088907525135645,0.9000000000000002,0.004500000000000001,0.005,20
topk_nonoverlap_v2,B_technical_keyword,RandomForest,2022-08-31,2022-09-30,2022-08-31,5,model_topk,5,"ACB,BMP,MBB,SSB,VJC",-0.10233216970621706,-0.10233216970621706,0.013559154844157423,0.013559154844157423,0.0,0.0,0.005,20
topk_nonoverlap_v2,B_technical_keyword,RandomForest,2022-08-31,2022-09-30,2022-08-31,5,equal_weight_universe,80,"ABB,ACB,ANV,BAB,BCM,BID,BMP,BSI,BVB,BVH,CMG,CSV,CTG,DCM,DGW,DIG,DPM,DXG,EIB,ELC,EVF,FPT,FRT,GAS,GEX,GMD,GVR,HAH,HCM,HDB,HDG,HPG,HSG,KDH,KLB,LPB,MBB,MBS,MCH,MSB,MSN,MWG,NAB,NKG,NLG,NT2,NVL,OCB,PDR,PGB,PHR,PLX,PNJ,POW,PPC,PVT,REE,SAB,SCR,SHB,SSB,SSI,STB,TCB,TPB,VBB,VCB,VCG,VCI,VGC,VHC,VHM,VIB,VIC,VJC,VND,VNM,VPB,VRE,VSC",-0.12112612114703285,-0.12112612114703285,-0.005234796596658332,-0.005234796596658332,0.0,0.0,0.005,20
topk_nonoverlap_v2,B_technical_keyword,RandomForest,2022-08-31,2022-09-30,2022-08-31,5,random_topk_deterministic,5,"HDB,NVL,SHB,VHC,VSC",-0.07357014966819128,-0.07857014966819129,0.0423211748821832,0.0373211748821832,0.9999999999999999,0.004999999999999999,0.005,20
topk_nonoverlap_v2,B_technical_keyword,RandomForest,2022-08-31,2022-09-30,2022-08-31,10,model_topk,10,"ABB,ACB,BAB,BMP,HDB,MBB,SAB,SSB,TPB,VJC",-0.09120258154464596,-0.09120258154464596,0.024688743005728504,0.024688743005728504,0.0,0.0,0.005,20
topk_nonoverlap_v2,B_technical_keyword,RandomForest,2022-08-31,2022-09-30,2022-08-31,10,equal_weight_universe,80,"ABB,ACB,ANV,BAB,BCM,BID,BMP,BSI,BVB,BVH,CMG,CSV,CTG,DCM,DGW,DIG,DPM,DXG,EIB,ELC,EVF,FPT,FRT,GAS,GEX,GMD,GVR,HAH,HCM,HDB,HDG,HPG,HSG,KDH,KLB,LPB,MBB,MBS,MCH,MSB,MSN,MWG,NAB,NKG,NLG,NT2,NVL,OCB,PDR,PGB,PHR,PLX,PNJ,POW,PPC,PVT,REE,SAB,SCR,SHB,SSB,SSI,STB,TCB,TPB,VBB,VCB,VCG,VCI,VGC,VHC,VHM,VIB,VIC,VJC,VND,VNM,VPB,VRE,VSC",-0.12112612114703285,-0.12112612114703285,-0.005234796596658332,-0.005234796596658332,0.0,0.0,0.005,20
topk_nonoverlap_v2,B_technical_keyword,RandomForest,2022-08-31,2022-09-30,2022-08-31,10,random_topk_deterministic,10,"BVH,EIB,EVF,HAH,HDB,MBB,NKG,NT2,SAB,SSB",-0.0755083135301082,-0.0805083135301082,0.0403830110202663,0.035383011020266295,1.0000000000000002,0.005000000000000001,0.005,20
topk_nonoverlap_v2,B_technical_keyword,RandomForest,2022-09-30,2022-10-28,2022-09-30,5,model_topk,5,"ACB,BMP,MBB,SSB,VJC",0.0015497958067901773,0.0015497958067901773,0.09407614041994619,0.09407614041994619,0.0,0.0,0.005,20
topk_nonoverlap_v2,B_technical_keyword,RandomForest,2022-09-30,2022-10-28,2022-09-30,5,equal_weight_universe,80,"ABB,ACB,ANV,BAB,BCM,BID,BMP,BSI,BVB,BVH,CMG,CSV,CTG,DCM,DGW,DIG,DPM,DXG,EIB,ELC,EVF,FPT,FRT,GAS,GEX,GMD,GVR,HAH,HCM,HDB,HDG,HPG,HSG,KDH,KLB,LPB,MBB,MBS,MCH,MSB,MSN,MWG,NAB,NKG,NLG,NT2,NVL,OCB,PDR,PGB,PHR,PLX,PNJ,POW,PPC,PVT,REE,SAB,SCR,SHB,SSB,SSI,STB,TCB,TPB,VBB,VCB,VCG,VCI,VGC,VHC,VHM,VIB,VIC,VJC,VND,VNM,VPB,VRE,VSC",-0.1269024482280874,-0.1269024482280874,-0.034376103614931416,-0.034376103614931416,0.0,0.0,0.005,20
topk_nonoverlap_v2,B_technical_keyword,RandomForest,2022-09-30,2022-10-28,2022-09-30,5,random_topk_deterministic,5,"HDB,HSG,MSB,NT2,REE",-0.07284247605394087,-0.07684247605394087,0.0196838685592151,0.0156838685592151,0.7999999999999999,0.004,0.005,20
topk_nonoverlap_v2,B_technical_keyword,RandomForest,2022-09-30,2022-10-28,2022-09-30,10,model_topk,10,"ABB,ACB,BAB,BMP,HDB,MBB,SAB,SSB,TPB,VJC",-0.0562806553488527,-0.0562806553488527,0.0362456892643033,0.0362456892643033,0.0,0.0,0.005,20
topk_nonoverlap_v2,B_technical_keyword,RandomForest,2022-09-30,2022-10-28,2022-09-30,10,equal_weight_universe,80,"ABB,ACB,ANV,BAB,BCM,BID,BMP,BSI,BVB,BVH,CMG,CSV,CTG,DCM,DGW,DIG,DPM,DXG,EIB,ELC,EVF,FPT,FRT,GAS,GEX,GMD,GVR,HAH,HCM,HDB,HDG,HPG,HSG,KDH,KLB,LPB,MBB,MBS,MCH,MSB,MSN,MWG,NAB,NKG,NLG,NT2,NVL,OCB,PDR,PGB,PHR,PLX,PNJ,POW,PPC,PVT,REE,SAB,SCR,SHB,SSB,SSI,STB,TCB,TPB,VBB,VCB,VCG,VCI,VGC,VHC,VHM,VIB,VIC,VJC,VND,VNM,VPB,VRE,VSC",-0.1269024482280874,-0.1269024482280874,-0.034376103614931416,-0.034376103614931416,0.0,0.0,0.005,20
topk_nonoverlap_v2,B_technical_keyword,RandomForest,2022-09-30,2022-10-28,2022-09-30,10,random_topk_deterministic,10,"BSI,FPT,HAH,HDB,HSG,NKG,PDR,PHR,SSB,VCG",-0.1818975827935288,-0.1848975827935288,-0.08937123818037276,-0.09237123818037277,0.6,0.003,0.005,20
topk_nonoverlap_v2,B_technical_keyword,RandomForest,2022-10-28,2022-11-25,2022-10-28,5,model_topk,5,"EIB,MBB,POW,SHB,VRE",-0.0837991218224523,-0.08779912182245231,-0.02938781517239795,-0.03338781517239795,0.7999999999999999,0.004,0.005,20
topk_nonoverlap_v2,B_technical_keyword,RandomForest,2022-10-28,2022-11-25,2022-10-28,5,equal_weight_universe,80,"ABB,ACB,ANV,BAB,BCM,BID,BMP,BSI,BVB,BVH,CMG,CSV,CTG,DCM,DGW,DIG,DPM,DXG,EIB,ELC,EVF,FPT,FRT,GAS,GEX,GMD,GVR,HAH,HCM,HDB,HDG,HPG,HSG,KDH,KLB,LPB,MBB,MBS,MCH,MSB,MSN,MWG,NAB,NKG,NLG,NT2,NVL,OCB,PDR,PGB,PHR,PLX,PNJ,POW,PPC,PVT,REE,SAB,SCR,SHB,SSB,SSI,STB,TCB,TPB,VBB,VCB,VCG,VCI,VGC,VHC,VHM,VIB,VIC,VJC,VND,VNM,VPB,VRE,VSC",-0.08837193253163753,-0.08837193253163753,-0.03396062588158323,-0.03396062588158323,0.0,0.0,0.005,20
topk_nonoverlap_v2,B_technical_keyword,RandomForest,2022-10-28,2022-11-25,2022-10-28,5,random_topk_deterministic,5,"BMP,HPG,POW,SSB,VGC",-0.0829419504828188,-0.0879419504828188,-0.028530643832764463,-0.03353064383276446,0.9999999999999999,0.004999999999999999,0.005,20
topk_nonoverlap_v2,B_technical_keyword,RandomForest,2022-10-28,2022-11-25,2022-10-28,10,model_topk,10,"EIB,GAS,GMD,HDB,MBB,POW,PVT,SHB,TPB,VRE",-0.051752141231804896,-0.0552521412318049,0.0026591654182494045,-0.000840834581750596,0.7000000000000001,0.0035000000000000005,0.005,20
topk_nonoverlap_v2,B_technical_keyword,RandomForest,2022-10-28,2022-11-25,2022-10-28,10,equal_weight_universe,80,"ABB,ACB,ANV,BAB,BCM,BID,BMP,BSI,BVB,BVH,CMG,CSV,CTG,DCM,DGW,DIG,DPM,DXG,EIB,ELC,EVF,FPT,FRT,GAS,GEX,GMD,GVR,HAH,HCM,HDB,HDG,HPG,HSG,KDH,KLB,LPB,MBB,MBS,MCH,MSB,MSN,MWG,NAB,NKG,NLG,NT2,NVL,OCB,PDR,PGB,PHR,PLX,PNJ,POW,PPC,PVT,REE,SAB,SCR,SHB,SSB,SSI,STB,TCB,TPB,VBB,VCB,VCG,VCI,VGC,VHC,VHM,VIB,VIC,VJC,VND,VNM,VPB,VRE,VSC",-0.08837193253163753,-0.08837193253163753,-0.03396062588158323,-0.03396062588158323,0.0,0.0,0.005,20
topk_nonoverlap_v2,B_technical_keyword,RandomForest,2022-10-28,2022-11-25,2022-10-28,10,random_topk_deterministic,10,"ACB,BSI,GMD,MBB,MBS,NT2,PPC,SAB,SSI,VHM",-0.04285339334832276,-0.04735339334832277,0.011557913301731535,0.007057913301731534,0.9000000000000002,0.004500000000000001,0.005,20
topk_nonoverlap_v2,B_technical_keyword,RandomForest,2022-11-25,2022-12-23,2022-11-25,5,model_topk,5,"EIB,MBB,POW,SHB,VRE",0.1230020229320457,0.1230020229320457,0.07268600374443127,0.07268600374443127,0.0,0.0,0.005,20
topk_nonoverlap_v2,B_technical_keyword,RandomForest,2022-11-25,2022-12-23,2022-11-25,5,equal_weight_universe,80,"ABB,ACB,ANV,BAB,BCM,BID,BMP,BSI,BVB,BVH,CMG,CSV,CTG,DCM,DGW,DIG,DPM,DXG,EIB,ELC,EVF,FPT,FRT,GAS,GEX,GMD,GVR,HAH,HCM,HDB,HDG,HPG,HSG,KDH,KLB,LPB,MBB,MBS,MCH,MSB,MSN,MWG,NAB,NKG,NLG,NT2,NVL,OCB,PDR,PGB,PHR,PLX,PNJ,POW,PPC,PVT,REE,SAB,SCR,SHB,SSB,SSI,STB,TCB,TPB,VBB,VCB,VCG,VCI,VGC,VHC,VHM,VIB,VIC,VJC,VND,VNM,VPB,VRE,VSC",0.0917815081415152,0.0917815081415152,0.0414654889539008,0.0414654889539008,0.0,0.0,0.005,20
topk_nonoverlap_v2,B_technical_keyword,RandomForest,2022-11-25,2022-12-23,2022-11-25,5,random_topk_deterministic,5,"ABB,HDB,HDG,PGB,SSI",0.08264956516023898,0.07764956516023898,0.032333545972624576,0.02733354597262458,0.9999999999999999,0.004999999999999999,0.005,20
topk_nonoverlap_v2,B_technical_keyword,RandomForest,2022-11-25,2022-12-23,2022-11-25,10,model_topk,10,"EIB,GAS,GMD,HDB,MBB,POW,PVT,SHB,TPB,VRE",0.09800511768657197,0.09800511768657197,0.04768909849895756,0.04768909849895756,0.0,0.0,0.005,20
topk_nonoverlap_v2,B_technical_keyword,RandomForest,2022-11-25,2022-12-23,2022-11-25,10,equal_weight_universe,80,"ABB,ACB,ANV,BAB,BCM,BID,BMP,BSI,BVB,BVH,CMG,CSV,CTG,DCM,DGW,DIG,DPM,DXG,EIB,ELC,EVF,FPT,FRT,GAS,GEX,GMD,GVR,HAH,HCM,HDB,HDG,HPG,HSG,KDH,KLB,LPB,MBB,MBS,MCH,MSB,MSN,MWG,NAB,NKG,NLG,NT2,NVL,OCB,PDR,PGB,PHR,PLX,PNJ,POW,PPC,PVT,REE,SAB,SCR,SHB,SSB,SSI,STB,TCB,TPB,VBB,VCB,VCG,VCI,VGC,VHC,VHM,VIB,VIC,VJC,VND,VNM,VPB,VRE,VSC",0.0917815081415152,0.0917815081415152,0.0414654889539008,0.0414654889539008,0.0,0.0,0.005,20
topk_nonoverlap_v2,B_technical_keyword,RandomForest,2022-11-25,2022-12-23,2022-11-25,10,random_topk_deterministic,10,"BCM,DGW,DXG,ELC,GEX,MBS,MCH,VCI,VGC,VSC",0.1007167503630015,0.0962167503630015,0.050400731175387105,0.0459007311753871,0.9000000000000002,0.004500000000000001,0.005,20
topk_nonoverlap_v2,B_technical_keyword,RandomForest,2022-12-23,2023-01-30,2022-12-23,5,model_topk,5,"EIB,MBB,POW,SHB,VRE",0.07112615538195037,0.07112615538195037,-0.009464628082384977,-0.009464628082384977,0.0,0.0,0.005,20
topk_nonoverlap_v2,B_technical_keyword,RandomForest,2022-12-23,2023-01-30,2022-12-23,5,equal_weight_universe,80,"ABB,ACB,ANV,BAB,BCM,BID,BMP,BSI,BVB,BVH,CMG,CSV,CTG,DCM,DGW,DIG,DPM,DXG,EIB,ELC,EVF,FPT,FRT,GAS,GEX,GMD,GVR,HAH,HCM,HDB,HDG,HPG,HSG,KDH,KLB,LPB,MBB,MBS,MCH,MSB,MSN,MWG,NAB,NKG,NLG,NT2,NVL,OCB,PDR,PGB,PHR,PLX,PNJ,POW,PPC,PVT,REE,SAB,SCR,SHB,SSB,SSI,STB,TCB,TPB,VBB,VCB,VCG,VCI,VGC,VHC,VHM,VIB,VIC,VJC,VND,VNM,VPB,VRE,VSC",0.09285616386073754,0.09285616386073754,0.012265380396402218,0.012265380396402218,0.0,0.0,0.005,20
topk_nonoverlap_v2,B_technical_keyword,RandomForest,2022-12-23,2023-01-30,2022-12-23,5,random_topk_deterministic,5,"CMG,EIB,HPG,MCH,STB",0.06035209071849902,0.055352090718499024,-0.02023869274583632,-0.025238692745836316,0.9999999999999999,0.004999999999999999,0.005,20
topk_nonoverlap_v2,B_technical_keyword,RandomForest,2022-12-23,2023-01-30,2022-12-23,10,model_topk,10,"EIB,GAS,GMD,HDB,MBB,POW,PVT,SHB,TPB,VRE",0.06599270205868436,0.06599270205868436,-0.014598081405650979,-0.014598081405650979,0.0,0.0,0.005,20
topk_nonoverlap_v2,B_technical_keyword,RandomForest,2022-12-23,2023-01-30,2022-12-23,10,equal_weight_universe,80,"ABB,ACB,ANV,BAB,BCM,BID,BMP,BSI,BVB,BVH,CMG,CSV,CTG,DCM,DGW,DIG,DPM,DXG,EIB,ELC,EVF,FPT,FRT,GAS,GEX,GMD,GVR,HAH,HCM,HDB,HDG,HPG,HSG,KDH,KLB,LPB,MBB,MBS,MCH,MSB,MSN,MWG,NAB,NKG,NLG,NT2,NVL,OCB,PDR,PGB,PHR,PLX,PNJ,POW,PPC,PVT,REE,SAB,SCR,SHB,SSB,SSI,STB,TCB,TPB,VBB,VCB,VCG,VCI,VGC,VHC,VHM,VIB,VIC,VJC,VND,VNM,VPB,VRE,VSC",0.09285616386073754,0.09285616386073754,0.012265380396402218,0.012265380396402218,0.0,0.0,0.005,20
topk_nonoverlap_v2,B_technical_keyword,RandomForest,2022-12-23,2023-01-30,2022-12-23,10,random_topk_deterministic,10,"BAB,BVH,CMG,CTG,HAH,HSG,NAB,NT2,PVT,VIB",0.10504161374418082,0.10004161374418082,0.024450830279845487,0.019450830279845486,1.0000000000000002,0.005000000000000001,0.005,20
topk_nonoverlap_v2,B_technical_keyword,RandomForest,2023-01-30,2023-02-27,2023-01-30,5,model_topk,5,"BCM,EVF,HDB,OCB,SSB",-0.0731699035354456,-0.0781699035354456,0.0005850507985195392,-0.00441494920148046,0.9999999999999999,0.004999999999999999,0.005,20
topk_nonoverlap_v2,B_technical_keyword,RandomForest,2023-01-30,2023-02-27,2023-01-30,5,equal_weight_universe,80,"ABB,ACB,ANV,BAB,BCM,BID,BMP,BSI,BVB,BVH,CMG,CSV,CTG,DCM,DGW,DIG,DPM,DXG,EIB,ELC,EVF,FPT,FRT,GAS,GEX,GMD,GVR,HAH,HCM,HDB,HDG,HPG,HSG,KDH,KLB,LPB,MBB,MBS,MCH,MSB,MSN,MWG,NAB,NKG,NLG,NT2,NVL,OCB,PDR,PGB,PHR,PLX,PNJ,POW,PPC,PVT,REE,SAB,SCR,SHB,SSB,SSI,STB,TCB,TPB,VBB,VCB,VCG,VCI,VGC,VHC,VHM,VIB,VIC,VJC,VND,VNM,VPB,VRE,VSC",-0.088278629565926,-0.088278629565926,-0.014523675231960848,-0.014523675231960848,0.0,0.0,0.005,20
topk_nonoverlap_v2,B_technical_keyword,RandomForest,2023-01-30,2023-02-27,2023-01-30,5,random_topk_deterministic,5,"CMG,FPT,LPB,MBB,MSB",-0.07472041321971983,-0.07872041321971983,-0.0009654588857547011,-0.004965458885754701,0.7999999999999999,0.004,0.005,20
topk_nonoverlap_v2,B_technical_keyword,RandomForest,2023-01-30,2023-02-27,2023-01-30,10,model_topk,10,"BCM,EVF,HDB,OCB,PDR,POW,PPC,SSB,VCG,VND",-0.08767624815682175,-0.09167624815682175,-0.013921293822856567,-0.01792129382285657,0.8000000000000002,0.004000000000000001,0.005,20
topk_nonoverlap_v2,B_technical_keyword,RandomForest,2023-01-30,2023-02-27,2023-01-30,10,equal_weight_universe,80,"ABB,ACB,ANV,BAB,BCM,BID,BMP,BSI,BVB,BVH,CMG,CSV,CTG,DCM,DGW,DIG,DPM,DXG,EIB,ELC,EVF,FPT,FRT,GAS,GEX,GMD,GVR,HAH,HCM,HDB,HDG,HPG,HSG,KDH,KLB,LPB,MBB,MBS,MCH,MSB,MSN,MWG,NAB,NKG,NLG,NT2,NVL,OCB,PDR,PGB,PHR,PLX,PNJ,POW,PPC,PVT,REE,SAB,SCR,SHB,SSB,SSI,STB,TCB,TPB,VBB,VCB,VCG,VCI,VGC,VHC,VHM,VIB,VIC,VJC,VND,VNM,VPB,VRE,VSC",-0.088278629565926,-0.088278629565926,-0.014523675231960848,-0.014523675231960848,0.0,0.0,0.005,20
topk_nonoverlap_v2,B_technical_keyword,RandomForest,2023-01-30,2023-02-27,2023-01-30,10,random_topk_deterministic,10,"BCM,FPT,FRT,GMD,HCM,MWG,PPC,REE,TPB,VCI",-0.055442249922618,-0.060442249922618,0.018312704411347098,0.013312704411347097,1.0000000000000002,0.005000000000000001,0.005,20
topk_nonoverlap_v2,B_technical_keyword,RandomForest,2023-02-27,2023-03-27,2023-02-27,5,model_topk,5,"BCM,EVF,HDB,OCB,SSB",-0.005603815403306421,-0.005603815403306421,-0.03595877256364916,-0.03595877256364916,0.0,0.0,0.005,20
topk_nonoverlap_v2,B_technical_keyword,RandomForest,2023-02-27,2023-03-27,2023-02-27,5,equal_weight_universe,80,"ABB,ACB,ANV,BAB,BCM,BID,BMP,BSI,BVB,BVH,CMG,CSV,CTG,DCM,DGW,DIG,DPM,DXG,EIB,ELC,EVF,FPT,FRT,GAS,GEX,GMD,GVR,HAH,HCM,HDB,HDG,HPG,HSG,KDH,KLB,LPB,MBB,MBS,MCH,MSB,MSN,MWG,NAB,NKG,NLG,NT2,NVL,OCB,PDR,PGB,PHR,PLX,PNJ,POW,PPC,PVT,REE,SAB,SCR,SHB,SSB,SSI,STB,TCB,TPB,VBB,VCB,VCG,VCI,VGC,VHC,VHM,VIB,VIC,VJC,VND,VNM,VPB,VRE,VSC",0.04244534827522724,0.04244534827522724,0.012090391114884507,0.012090391114884507,0.0,0.0,0.005,20
topk_nonoverlap_v2,B_technical_keyword,RandomForest,2023-02-27,2023-03-27,2023-02-27,5,random_topk_deterministic,5,"HCM,KLB,POW,TCB,VSC",0.03399759263204038,0.02899759263204038,0.0036426354716976375,-0.0013573645283023617,0.9999999999999999,0.004999999999999999,0.005,20
topk_nonoverlap_v2,B_technical_keyword,RandomForest,2023-02-27,2023-03-27,2023-02-27,10,model_topk,10,"BCM,EVF,HDB,OCB,PDR,POW,PPC,SSB,VCG,VND",0.05150162813290519,0.05150162813290519,0.021146670972562422,0.021146670972562422,0.0,0.0,0.005,20
topk_nonoverlap_v2,B_technical_keyword,RandomForest,2023-02-27,2023-03-27,2023-02-27,10,equal_weight_universe,80,"ABB,ACB,ANV,BAB,BCM,BID,BMP,BSI,BVB,BVH,CMG,CSV,CTG,DCM,DGW,DIG,DPM,DXG,EIB,ELC,EVF,FPT,FRT,GAS,GEX,GMD,GVR,HAH,HCM,HDB,HDG,HPG,HSG,KDH,KLB,LPB,MBB,MBS,MCH,MSB,MSN,MWG,NAB,NKG,NLG,NT2,NVL,OCB,PDR,PGB,PHR,PLX,PNJ,POW,PPC,PVT,REE,SAB,SCR,SHB,SSB,SSI,STB,TCB,TPB,VBB,VCB,VCG,VCI,VGC,VHC,VHM,VIB,VIC,VJC,VND,VNM,VPB,VRE,VSC",0.04244534827522724,0.04244534827522724,0.012090391114884507,0.012090391114884507,0.0,0.0,0.005,20
topk_nonoverlap_v2,B_technical_keyword,RandomForest,2023-02-27,2023-03-27,2023-02-27,10,random_topk_deterministic,10,"DIG,HCM,OCB,POW,SSB,VCG,VCI,VGC,VJC,VSC",0.055518541506956676,0.05151854150695667,0.02516358434661392,0.02116358434661392,0.8000000000000002,0.004000000000000001,0.005,20
topk_nonoverlap_v2,B_technical_keyword,RandomForest,2023-03-27,2023-04-24,2023-03-27,5,model_topk,5,"BCM,EVF,HDB,OCB,SSB",0.009409384167972618,0.009409384167972618,0.01975863577167912,0.01975863577167912,0.0,0.0,0.005,20
topk_nonoverlap_v2,B_technical_keyword,RandomForest,2023-03-27,2023-04-24,2023-03-27,5,equal_weight_universe,80,"ABB,ACB,ANV,BAB,BCM,BID,BMP,BSI,BVB,BVH,CMG,CSV,CTG,DCM,DGW,DIG,DPM,DXG,EIB,ELC,EVF,FPT,FRT,GAS,GEX,GMD,GVR,HAH,HCM,HDB,HDG,HPG,HSG,KDH,KLB,LPB,MBB,MBS,MCH,MSB,MSN,MWG,NAB,NKG,NLG,NT2,NVL,OCB,PDR,PGB,PHR,PLX,PNJ,POW,PPC,PVT,REE,SAB,SCR,SHB,SSB,SSI,STB,TCB,TPB,VBB,VCB,VCG,VCI,VGC,VHC,VHM,VIB,VIC,VJC,VND,VNM,VPB,VRE,VSC",0.030233523356027046,0.030233523356027046,0.04058277495973352,0.04058277495973352,0.0,0.0,0.005,20
topk_nonoverlap_v2,B_technical_keyword,RandomForest,2023-03-27,2023-04-24,2023-03-27,5,random_topk_deterministic,5,"DXG,ELC,GAS,HDG,VNM",0.006637468816920243,0.0016374688169202437,0.016986720420626714,0.011986720420626715,0.9999999999999999,0.004999999999999999,0.005,20
topk_nonoverlap_v2,B_technical_keyword,RandomForest,2023-03-27,2023-04-24,2023-03-27,10,model_topk,10,"BCM,EVF,HDB,OCB,PDR,POW,PPC,SSB,VCG,VND",0.001983267908096499,0.001983267908096499,0.01233251951180299,0.01233251951180299,0.0,0.0,0.005,20
topk_nonoverlap_v2,B_technical_keyword,RandomForest,2023-03-27,2023-04-24,2023-03-27,10,equal_weight_universe,80,"ABB,ACB,ANV,BAB,BCM,BID,BMP,BSI,BVB,BVH,CMG,CSV,CTG,DCM,DGW,DIG,DPM,DXG,EIB,ELC,EVF,FPT,FRT,GAS,GEX,GMD,GVR,HAH,HCM,HDB,HDG,HPG,HSG,KDH,KLB,LPB,MBB,MBS,MCH,MSB,MSN,MWG,NAB,NKG,NLG,NT2,NVL,OCB,PDR,PGB,PHR,PLX,PNJ,POW,PPC,PVT,REE,SAB,SCR,SHB,SSB,SSI,STB,TCB,TPB,VBB,VCB,VCG,VCI,VGC,VHC,VHM,VIB,VIC,VJC,VND,VNM,VPB,VRE,VSC",0.030233523356027046,0.030233523356027046,0.04058277495973352,0.04058277495973352,0.0,0.0,0.005,20
topk_nonoverlap_v2,B_technical_keyword,RandomForest,2023-03-27,2023-04-24,2023-03-27,10,random_topk_deterministic,10,"ACB,CSV,DXG,GMD,KDH,MBS,OCB,PPC,VGC,VJC",0.046487497043332784,0.04298749704333278,0.05683674864703927,0.053336748647039266,0.7000000000000001,0.0035000000000000005,0.005,20
topk_nonoverlap_v2,B_technical_keyword,RandomForest,2023-04-24,2023-05-25,2023-04-24,5,model_topk,5,"MBB,MSB,SHB,TCB,TPB",0.018328655243772154,0.013328655243772155,-0.004017123353447,-0.009017123353447,0.9999999999999999,0.004999999999999999,0.005,20
topk_nonoverlap_v2,B_technical_keyword,RandomForest,2023-04-24,2023-05-25,2023-04-24,5,equal_weight_universe,80,"ABB,ACB,ANV,BAB,BCM,BID,BMP,BSI,BVB,BVH,CMG,CSV,CTG,DCM,DGW,DIG,DPM,DXG,EIB,ELC,EVF,FPT,FRT,GAS,GEX,GMD,GVR,HAH,HCM,HDB,HDG,HPG,HSG,KDH,KLB,LPB,MBB,MBS,MCH,MSB,MSN,MWG,NAB,NKG,NLG,NT2,NVL,OCB,PDR,PGB,PHR,PLX,PNJ,POW,PPC,PVT,REE,SAB,SCR,SHB,SSB,SSI,STB,TCB,TPB,VBB,VCB,VCG,VCI,VGC,VHC,VHM,VIB,VIC,VJC,VND,VNM,VPB,VRE,VSC",0.028488844044077238,0.028488844044077238,0.006143065446858049,0.006143065446858049,0.0,0.0,0.005,20
topk_nonoverlap_v2,B_technical_keyword,RandomForest,2023-04-24,2023-05-25,2023-04-24,5,random_topk_deterministic,5,"ACB,PGB,PHR,VGC,VPB",0.03100985297351517,0.02600985297351517,0.008664074376295959,0.0036640743762959595,0.9999999999999999,0.004999999999999999,0.005,20
topk_nonoverlap_v2,B_technical_keyword,RandomForest,2023-04-24,2023-05-25,2023-04-24,10,model_topk,10,"ACB,GEX,GMD,LPB,MBB,MSB,SHB,TCB,TPB,VSC",0.02824341914549473,0.02324341914549473,0.005897640548275537,0.000897640548275536,1.0000000000000002,0.005000000000000001,0.005,20
topk_nonoverlap_v2,B_technical_keyword,RandomForest,2023-04-24,2023-05-25,2023-04-24,10,equal_weight_universe,80,"ABB,ACB,ANV,BAB,BCM,BID,BMP,BSI,BVB,BVH,CMG,CSV,CTG,DCM,DGW,DIG,DPM,DXG,EIB,ELC,EVF,FPT,FRT,GAS,GEX,GMD,GVR,HAH,HCM,HDB,HDG,HPG,HSG,KDH,KLB,LPB,MBB,MBS,MCH,MSB,MSN,MWG,NAB,NKG,NLG,NT2,NVL,OCB,PDR,PGB,PHR,PLX,PNJ,POW,PPC,PVT,REE,SAB,SCR,SHB,SSB,SSI,STB,TCB,TPB,VBB,VCB,VCG,VCI,VGC,VHC,VHM,VIB,VIC,VJC,VND,VNM,VPB,VRE,VSC",0.028488844044077238,0.028488844044077238,0.006143065446858049,0.006143065446858049,0.0,0.0,0.005,20
topk_nonoverlap_v2,B_technical_keyword,RandomForest,2023-04-24,2023-05-25,2023-04-24,10,random_topk_deterministic,10,"ANV,DXG,EVF,HDB,LPB,MSB,PVT,SHB,SSI,VHC",0.0362584604830032,0.031758460483003195,0.013912681885784001,0.009412681885784,0.9000000000000002,0.004500000000000001,0.005,20
topk_nonoverlap_v2,B_technical_keyword,RandomForest,2023-05-25,2023-06-22,2023-05-25,5,model_topk,5,"MBB,MSB,SHB,TCB,TPB",0.09328193965273349,0.09328193965273349,0.03629500522481024,0.03629500522481024,0.0,0.0,0.005,20
topk_nonoverlap_v2,B_technical_keyword,RandomForest,2023-05-25,2023-06-22,2023-05-25,5,equal_weight_universe,80,"ABB,ACB,ANV,BAB,BCM,BID,BMP,BSI,BVB,BVH,CMG,CSV,CTG,DCM,DGW,DIG,DPM,DXG,EIB,ELC,EVF,FPT,FRT,GAS,GEX,GMD,GVR,HAH,HCM,HDB,HDG,HPG,HSG,KDH,KLB,LPB,MBB,MBS,MCH,MSB,MSN,MWG,NAB,NKG,NLG,NT2,NVL,OCB,PDR,PGB,PHR,PLX,PNJ,POW,PPC,PVT,REE,SAB,SCR,SHB,SSB,SSI,STB,TCB,TPB,VBB,VCB,VCG,VCI,VGC,VHC,VHM,VIB,VIC,VJC,VND,VNM,VPB,VRE,VSC",0.09564780574348064,0.09564780574348064,0.03866087131555743,0.03866087131555743,0.0,0.0,0.005,20
topk_nonoverlap_v2,B_technical_keyword,RandomForest,2023-05-25,2023-06-22,2023-05-25,5,random_topk_deterministic,5,"ABB,BAB,GVR,SAB,TCB",0.07656350358823594,0.07156350358823593,0.019576569160312716,0.014576569160312717,0.9999999999999999,0.004999999999999999,0.005,20
topk_nonoverlap_v2,B_technical_keyword,RandomForest,2023-05-25,2023-06-22,2023-05-25,10,model_topk,10,"ACB,GEX,GMD,LPB,MBB,MSB,SHB,TCB,TPB,VSC",0.12287479766611156,0.12287479766611156,0.06588786323818835,0.06588786323818835,0.0,0.0,0.005,20
topk_nonoverlap_v2,B_technical_keyword,RandomForest,2023-05-25,2023-06-22,2023-05-25,10,equal_weight_universe,80,"ABB,ACB,ANV,BAB,BCM,BID,BMP,BSI,BVB,BVH,CMG,CSV,CTG,DCM,DGW,DIG,DPM,DXG,EIB,ELC,EVF,FPT,FRT,GAS,GEX,GMD,GVR,HAH,HCM,HDB,HDG,HPG,HSG,KDH,KLB,LPB,MBB,MBS,MCH,MSB,MSN,MWG,NAB,NKG,NLG,NT2,NVL,OCB,PDR,PGB,PHR,PLX,PNJ,POW,PPC,PVT,REE,SAB,SCR,SHB,SSB,SSI,STB,TCB,TPB,VBB,VCB,VCG,VCI,VGC,VHC,VHM,VIB,VIC,VJC,VND,VNM,VPB,VRE,VSC",0.09564780574348064,0.09564780574348064,0.03866087131555743,0.03866087131555743,0.0,0.0,0.005,20
topk_nonoverlap_v2,B_technical_keyword,RandomForest,2023-05-25,2023-06-22,2023-05-25,10,random_topk_deterministic,10,"ABB,ANV,BID,KLB,LPB,NAB,NVL,PNJ,VJC,VNM",0.08561757423246644,0.08161757423246643,0.02863063980454324,0.02463063980454324,0.8000000000000002,0.004000000000000001,0.005,20
topk_nonoverlap_v2,B_technical_keyword,RandomForest,2023-06-22,2023-07-20,2023-06-22,5,model_topk,5,"MBB,MSB,SHB,TCB,TPB",0.04174124359881256,0.04174124359881256,-0.00047860888496942114,-0.00047860888496942114,0.0,0.0,0.005,20
topk_nonoverlap_v2,B_technical_keyword,RandomForest,2023-06-22,2023-07-20,2023-06-22,5,equal_weight_universe,80,"ABB,ACB,ANV,BAB,BCM,BID,BMP,BSI,BVB,BVH,CMG,CSV,CTG,DCM,DGW,DIG,DPM,DXG,EIB,ELC,EVF,FPT,FRT,GAS,GEX,GMD,GVR,HAH,HCM,HDB,HDG,HPG,HSG,KDH,KLB,LPB,MBB,MBS,MCH,MSB,MSN,MWG,NAB,NKG,NLG,NT2,NVL,OCB,PDR,PGB,PHR,PLX,PNJ,POW,PPC,PVT,REE,SAB,SCR,SHB,SSB,SSI,STB,TCB,TPB,VBB,VCB,VCG,VCI,VGC,VHC,VHM,VIB,VIC,VJC,VND,VNM,VPB,VRE,VSC",0.04908615125116789,0.04908615125116789,0.0068662987673858865,0.0068662987673858865,0.0,0.0,0.005,20
topk_nonoverlap_v2,B_technical_keyword,RandomForest,2023-06-22,2023-07-20,2023-06-22,5,random_topk_deterministic,5,"ABB,GVR,MSN,POW,TCB",0.019816148020386618,0.01781614802038662,-0.0224037044633954,-0.024403704463395397,0.4,0.002,0.005,20
topk_nonoverlap_v2,B_technical_keyword,RandomForest,2023-06-22,2023-07-20,2023-06-22,10,model_topk,10,"ACB,GEX,GMD,LPB,MBB,MSB,SHB,TCB,TPB,VSC",0.04801777094041162,0.04801777094041162,0.005797918456629631,0.005797918456629631,0.0,0.0,0.005,20
topk_nonoverlap_v2,B_technical_keyword,RandomForest,2023-06-22,2023-07-20,2023-06-22,10,equal_weight_universe,80,"ABB,ACB,ANV,BAB,BCM,BID,BMP,BSI,BVB,BVH,CMG,CSV,CTG,DCM,DGW,DIG,DPM,DXG,EIB,ELC,EVF,FPT,FRT,GAS,GEX,GMD,GVR,HAH,HCM,HDB,HDG,HPG,HSG,KDH,KLB,LPB,MBB,MBS,MCH,MSB,MSN,MWG,NAB,NKG,NLG,NT2,NVL,OCB,PDR,PGB,PHR,PLX,PNJ,POW,PPC,PVT,REE,SAB,SCR,SHB,SSB,SSI,STB,TCB,TPB,VBB,VCB,VCG,VCI,VGC,VHC,VHM,VIB,VIC,VJC,VND,VNM,VPB,VRE,VSC",0.04908615125116789,0.04908615125116789,0.0068662987673858865,0.0068662987673858865,0.0,0.0,0.005,20
topk_nonoverlap_v2,B_technical_keyword,RandomForest,2023-06-22,2023-07-20,2023-06-22,10,random_topk_deterministic,10,"BSI,CSV,ELC,NLG,NVL,POW,SAB,SSI,VCG,VND",0.03507282283234538,0.030572822832345376,-0.007147029651436631,-0.011647029651436634,0.9000000000000002,0.004500000000000001,0.005,20
topk_nonoverlap_v2,B_technical_keyword,RandomForest,2023-07-20,2023-08-17,2023-07-20,5,model_topk,5,"ABB,BVH,FRT,NVL,VHC",0.06030980174386733,0.055309801743867335,0.008579342419680202,0.003579342419680203,0.9999999999999999,0.004999999999999999,0.005,20
topk_nonoverlap_v2,B_technical_keyword,RandomForest,2023-07-20,2023-08-17,2023-07-20,5,equal_weight_universe,80,"ABB,ACB,ANV,BAB,BCM,BID,BMP,BSI,BVB,BVH,CMG,CSV,CTG,DCM,DGW,DIG,DPM,DXG,EIB,ELC,EVF,FPT,FRT,GAS,GEX,GMD,GVR,HAH,HCM,HDB,HDG,HPG,HSG,KDH,KLB,LPB,MBB,MBS,MCH,MSB,MSN,MWG,NAB,NKG,NLG,NT2,NVL,OCB,PDR,PGB,PHR,PLX,PNJ,POW,PPC,PVT,REE,SAB,SCR,SHB,SSB,SSI,STB,TCB,TPB,VBB,VCB,VCG,VCI,VGC,VHC,VHM,VIB,VIC,VJC,VND,VNM,VPB,VRE,VSC",0.058565910741737316,0.058565910741737316,0.006835451417550151,0.006835451417550151,0.0,0.0,0.005,20
topk_nonoverlap_v2,B_technical_keyword,RandomForest,2023-07-20,2023-08-17,2023-07-20,5,random_topk_deterministic,5,"CMG,FPT,PPC,TPB,VSC",-0.021304853015012122,-0.02630485301501212,-0.07303531233919928,-0.07803531233919929,0.9999999999999999,0.004999999999999999,0.005,20
topk_nonoverlap_v2,B_technical_keyword,RandomForest,2023-07-20,2023-08-17,2023-07-20,10,model_topk,10,"ABB,BVH,EIB,FRT,LPB,MWG,NVL,PDR,SHB,VHC",0.1061711368413388,0.1021711368413388,0.054440677517151634,0.05044067751715163,0.8000000000000002,0.004000000000000001,0.005,20
topk_nonoverlap_v2,B_technical_keyword,RandomForest,2023-07-20,2023-08-17,2023-07-20,10,equal_weight_universe,80,"ABB,ACB,ANV,BAB,BCM,BID,BMP,BSI,BVB,BVH,CMG,CSV,CTG,DCM,DGW,DIG,DPM,DXG,EIB,ELC,EVF,FPT,FRT,GAS,GEX,GMD,GVR,HAH,HCM,HDB,HDG,HPG,HSG,KDH,KLB,LPB,MBB,MBS,MCH,MSB,MSN,MWG,NAB,NKG,NLG,NT2,NVL,OCB,PDR,PGB,PHR,PLX,PNJ,POW,PPC,PVT,REE,SAB,SCR,SHB,SSB,SSI,STB,TCB,TPB,VBB,VCB,VCG,VCI,VGC,VHC,VHM,VIB,VIC,VJC,VND,VNM,VPB,VRE,VSC",0.058565910741737316,0.058565910741737316,0.006835451417550151,0.006835451417550151,0.0,0.0,0.005,20
topk_nonoverlap_v2,B_technical_keyword,RandomForest,2023-07-20,2023-08-17,2023-07-20,10,random_topk_deterministic,10,"ACB,BMP,BVH,FPT,MCH,NT2,NVL,OCB,STB,VIB",0.06145772551243737,0.056957725512437364,0.009727266188250188,0.005227266188250187,0.9000000000000002,0.004500000000000001,0.005,20
topk_nonoverlap_v2,B_technical_keyword,RandomForest,2023-08-17,2023-09-18,2023-08-17,5,model_topk,5,"ABB,BVH,FRT,NVL,VHC",0.029580256930252458,0.029580256930252458,0.04714843801142122,0.04714843801142122,0.0,0.0,0.005,20
topk_nonoverlap_v2,B_technical_keyword,RandomForest,2023-08-17,2023-09-18,2023-08-17,5,equal_weight_universe,80,"ABB,ACB,ANV,BAB,BCM,BID,BMP,BSI,BVB,BVH,CMG,CSV,CTG,DCM,DGW,DIG,DPM,DXG,EIB,ELC,EVF,FPT,FRT,GAS,GEX,GMD,GVR,HAH,HCM,HDB,HDG,HPG,HSG,KDH,KLB,LPB,MBB,MBS,MCH,MSB,MSN,MWG,NAB,NKG,NLG,NT2,NVL,OCB,PDR,PGB,PHR,PLX,PNJ,POW,PPC,PVT,REE,SAB,SCR,SHB,SSB,SSI,STB,TCB,TPB,VBB,VCB,VCG,VCI,VGC,VHC,VHM,VIB,VIC,VJC,VND,VNM,VPB,VRE,VSC",0.02450140955443635,0.02450140955443635,0.0420695906356051,0.0420695906356051,0.0,0.0,0.005,20
topk_nonoverlap_v2,B_technical_keyword,RandomForest,2023-08-17,2023-09-18,2023-08-17,5,random_topk_deterministic,5,"MBB,MWG,OCB,VHC,VIC",-0.00396348729140768,-0.008963487291407678,0.01360469378976108,0.008604693789761081,0.9999999999999999,0.004999999999999999,0.005,20
topk_nonoverlap_v2,B_technical_keyword,RandomForest,2023-08-17,2023-09-18,2023-08-17,10,model_topk,10,"ABB,BVH,EIB,FRT,LPB,MWG,NVL,PDR,SHB,VHC",0.023666891419076155,0.023666891419076155,0.04123507250024492,0.04123507250024492,0.0,0.0,0.005,20
topk_nonoverlap_v2,B_technical_keyword,RandomForest,2023-08-17,2023-09-18,2023-08-17,10,equal_weight_universe,80,"ABB,ACB,ANV,BAB,BCM,BID,BMP,BSI,BVB,BVH,CMG,CSV,CTG,DCM,DGW,DIG,DPM,DXG,EIB,ELC,EVF,FPT,FRT,GAS,GEX,GMD,GVR,HAH,HCM,HDB,HDG,HPG,HSG,KDH,KLB,LPB,MBB,MBS,MCH,MSB,MSN,MWG,NAB,NKG,NLG,NT2,NVL,OCB,PDR,PGB,PHR,PLX,PNJ,POW,PPC,PVT,REE,SAB,SCR,SHB,SSB,SSI,STB,TCB,TPB,VBB,VCB,VCG,VCI,VGC,VHC,VHM,VIB,VIC,VJC,VND,VNM,VPB,VRE,VSC",0.02450140955443635,0.02450140955443635,0.0420695906356051,0.0420695906356051,0.0,0.0,0.005,20
topk_nonoverlap_v2,B_technical_keyword,RandomForest,2023-08-17,2023-09-18,2023-08-17,10,random_topk_deterministic,10,"ANV,BVB,GEX,MWG,OCB,PGB,PLX,TPB,VGC,VND",0.03807800611674994,0.03357800611674994,0.055646187197918695,0.05114618719791869,0.9000000000000002,0.004500000000000001,0.005,20
topk_nonoverlap_v2,B_technical_keyword,RandomForest,2023-09-18,2023-10-16,2023-09-18,5,model_topk,5,"ABB,BVH,FRT,NVL,VHC",-0.04571913198057366,-0.04571913198057366,0.012367531770344303,0.012367531770344303,0.0,0.0,0.005,20
topk_nonoverlap_v2,B_technical_keyword,RandomForest,2023-09-18,2023-10-16,2023-09-18,5,equal_weight_universe,80,"ABB,ACB,ANV,BAB,BCM,BID,BMP,BSI,BVB,BVH,CMG,CSV,CTG,DCM,DGW,DIG,DPM,DXG,EIB,ELC,EVF,FPT,FRT,GAS,GEX,GMD,GVR,HAH,HCM,HDB,HDG,HPG,HSG,KDH,KLB,LPB,MBB,MBS,MCH,MSB,MSN,MWG,NAB,NKG,NLG,NT2,NVL,OCB,PDR,PGB,PHR,PLX,PNJ,POW,PPC,PVT,REE,SAB,SCR,SHB,SSB,SSI,STB,TCB,TPB,VBB,VCB,VCG,VCI,VGC,VHC,VHM,VIB,VIC,VJC,VND,VNM,VPB,VRE,VSC",-0.04814229259590509,-0.04814229259590509,0.009944371155012855,0.009944371155012855,0.0,0.0,0.005,20
topk_nonoverlap_v2,B_technical_keyword,RandomForest,2023-09-18,2023-10-16,2023-09-18,5,random_topk_deterministic,5,"DIG,FPT,GEX,HAH,VRE",-0.03733647300374334,-0.04233647300374334,0.020750190747174574,0.015750190747174576,0.9999999999999999,0.004999999999999999,0.005,20
topk_nonoverlap_v2,B_technical_keyword,RandomForest,2023-09-18,2023-10-16,2023-09-18,10,model_topk,10,"ABB,BVH,EIB,FRT,LPB,MWG,NVL,PDR,SHB,VHC",-0.07205549900973149,-0.07205549900973149,-0.01396883525881353,-0.01396883525881353,0.0,0.0,0.005,20
topk_nonoverlap_v2,B_technical_keyword,RandomForest,2023-09-18,2023-10-16,2023-09-18,10,equal_weight_universe,80,"ABB,ACB,ANV,BAB,BCM,BID,BMP,BSI,BVB,BVH,CMG,CSV,CTG,DCM,DGW,DIG,DPM,DXG,EIB,ELC,EVF,FPT,FRT,GAS,GEX,GMD,GVR,HAH,HCM,HDB,HDG,HPG,HSG,KDH,KLB,LPB,MBB,MBS,MCH,MSB,MSN,MWG,NAB,NKG,NLG,NT2,NVL,OCB,PDR,PGB,PHR,PLX,PNJ,POW,PPC,PVT,REE,SAB,SCR,SHB,SSB,SSI,STB,TCB,TPB,VBB,VCB,VCG,VCI,VGC,VHC,VHM,VIB,VIC,VJC,VND,VNM,VPB,VRE,VSC",-0.04814229259590509,-0.04814229259590509,0.009944371155012855,0.009944371155012855,0.0,0.0,0.005,20
topk_nonoverlap_v2,B_technical_keyword,RandomForest,2023-09-18,2023-10-16,2023-09-18,10,random_topk_deterministic,10,"DPM,HPG,MSB,NAB,PHR,PNJ,PPC,SSI,VCB,VCI",-0.0474168982507757,-0.052416898250775695,0.010669765500142212,0.005669765500142211,1.0000000000000002,0.005000000000000001,0.005,20
topk_nonoverlap_v2,B_technical_keyword,RandomForest,2023-10-16,2023-11-13,2023-10-16,5,model_topk,5,"BID,BVH,DPM,LPB,SSB",-0.041959818715929076,-0.04595981871592908,-0.005733013508380497,-0.009733013508380496,0.7999999999999999,0.004,0.005,20
topk_nonoverlap_v2,B_technical_keyword,RandomForest,2023-10-16,2023-11-13,2023-10-16,5,equal_weight_universe,80,"ABB,ACB,ANV,BAB,BCM,BID,BMP,BSI,BVB,BVH,CMG,CSV,CTG,DCM,DGW,DIG,DPM,DXG,EIB,ELC,EVF,FPT,FRT,GAS,GEX,GMD,GVR,HAH,HCM,HDB,HDG,HPG,HSG,KDH,KLB,LPB,MBB,MBS,MCH,MSB,MSN,MWG,NAB,NKG,NLG,NT2,NVL,OCB,PDR,PGB,PHR,PLX,PNJ,POW,PPC,PVT,REE,SAB,SCR,SHB,SSB,SSI,STB,TCB,TPB,VBB,VCB,VCG,VCI,VGC,VHC,VHM,VIB,VIC,VJC,VND,VNM,VPB,VRE,VSC",-0.0258687793007528,-0.0258687793007528,0.010358025906795802,0.010358025906795802,0.0,0.0,0.005,20
topk_nonoverlap_v2,B_technical_keyword,RandomForest,2023-10-16,2023-11-13,2023-10-16,5,random_topk_deterministic,5,"DGW,KLB,MSB,PHR,SAB",-0.09575105594323585,-0.10075105594323586,-0.05952425073568722,-0.06452425073568722,0.9999999999999999,0.004999999999999999,0.005,20
topk_nonoverlap_v2,B_technical_keyword,RandomForest,2023-10-16,2023-11-13,2023-10-16,10,model_topk,10,"BID,BVH,DCM,DPM,LPB,PDR,SAB,SSB,VBB,VHC",-0.06594089625399777,-0.06894089625399777,-0.02971409104644916,-0.03271409104644916,0.6,0.003,0.005,20
topk_nonoverlap_v2,B_technical_keyword,RandomForest,2023-10-16,2023-11-13,2023-10-16,10,equal_weight_universe,80,"ABB,ACB,ANV,BAB,BCM,BID,BMP,BSI,BVB,BVH,CMG,CSV,CTG,DCM,DGW,DIG,DPM,DXG,EIB,ELC,EVF,FPT,FRT,GAS,GEX,GMD,GVR,HAH,HCM,HDB,HDG,HPG,HSG,KDH,KLB,LPB,MBB,MBS,MCH,MSB,MSN,MWG,NAB,NKG,NLG,NT2,NVL,OCB,PDR,PGB,PHR,PLX,PNJ,POW,PPC,PVT,REE,SAB,SCR,SHB,SSB,SSI,STB,TCB,TPB,VBB,VCB,VCG,VCI,VGC,VHC,VHM,VIB,VIC,VJC,VND,VNM,VPB,VRE,VSC",-0.0258687793007528,-0.0258687793007528,0.010358025906795802,0.010358025906795802,0.0,0.0,0.005,20
topk_nonoverlap_v2,B_technical_keyword,RandomForest,2023-10-16,2023-11-13,2023-10-16,10,random_topk_deterministic,10,"ANV,BMP,EVF,MCH,PDR,VCI,VHC,VIB,VJC,VND",-0.004542445119205627,-0.009042445119205628,0.03168436008834298,0.02718436008834298,0.9000000000000002,0.004500000000000001,0.005,20
topk_nonoverlap_v2,B_technical_keyword,RandomForest,2023-11-13,2023-12-11,2023-11-13,5,model_topk,5,"BID,BVH,DPM,LPB,SSB",0.043040579024211885,0.043040579024211885,0.019923868269441602,0.019923868269441602,0.0,0.0,0.005,20
topk_nonoverlap_v2,B_technical_keyword,RandomForest,2023-11-13,2023-12-11,2023-11-13,5,equal_weight_universe,80,"ABB,ACB,ANV,BAB,BCM,BID,BMP,BSI,BVB,BVH,CMG,CSV,CTG,DCM,DGW,DIG,DPM,DXG,EIB,ELC,EVF,FPT,FRT,GAS,GEX,GMD,GVR,HAH,HCM,HDB,HDG,HPG,HSG,KDH,KLB,LPB,MBB,MBS,MCH,MSB,MSN,MWG,NAB,NKG,NLG,NT2,NVL,OCB,PDR,PGB,PHR,PLX,PNJ,POW,PPC,PVT,REE,SAB,SCR,SHB,SSB,SSI,STB,TCB,TPB,VBB,VCB,VCG,VCI,VGC,VHC,VHM,VIB,VIC,VJC,VND,VNM,VPB,VRE,VSC",0.03846540766510852,0.03846540766510852,0.015348696910338248,0.015348696910338248,0.0,0.0,0.005,20
topk_nonoverlap_v2,B_technical_keyword,RandomForest,2023-11-13,2023-12-11,2023-11-13,5,random_topk_deterministic,5,"DXG,GAS,PPC,TCB,VCG",0.017735963560186124,0.012735963560186124,-0.0053807471945841595,-0.010380747194584159,0.9999999999999999,0.004999999999999999,0.005,20
topk_nonoverlap_v2,B_technical_keyword,RandomForest,2023-11-13,2023-12-11,2023-11-13,10,model_topk,10,"BID,BVH,DCM,DPM,LPB,PDR,SAB,SSB,VBB,VHC",0.04554427644821437,0.04554427644821437,0.02242756569344408,0.02242756569344408,0.0,0.0,0.005,20
topk_nonoverlap_v2,B_technical_keyword,RandomForest,2023-11-13,2023-12-11,2023-11-13,10,equal_weight_universe,80,"ABB,ACB,ANV,BAB,BCM,BID,BMP,BSI,BVB,BVH,CMG,CSV,CTG,DCM,DGW,DIG,DPM,DXG,EIB,ELC,EVF,FPT,FRT,GAS,GEX,GMD,GVR,HAH,HCM,HDB,HDG,HPG,HSG,KDH,KLB,LPB,MBB,MBS,MCH,MSB,MSN,MWG,NAB,NKG,NLG,NT2,NVL,OCB,PDR,PGB,PHR,PLX,PNJ,POW,PPC,PVT,REE,SAB,SCR,SHB,SSB,SSI,STB,TCB,TPB,VBB,VCB,VCG,VCI,VGC,VHC,VHM,VIB,VIC,VJC,VND,VNM,VPB,VRE,VSC",0.03846540766510852,0.03846540766510852,0.015348696910338248,0.015348696910338248,0.0,0.0,0.005,20
topk_nonoverlap_v2,B_technical_keyword,RandomForest,2023-11-13,2023-12-11,2023-11-13,10,random_topk_deterministic,10,"BSI,CTG,DCM,DIG,GAS,GEX,GMD,MWG,PGB,VGC",0.046535086347501996,0.041535086347502,0.02341837559273172,0.01841837559273172,1.0000000000000002,0.005000000000000001,0.005,20
topk_nonoverlap_v2,B_technical_keyword,RandomForest,2023-12-11,2024-01-09,2023-12-11,5,model_topk,5,"BID,BVH,DPM,LPB,SSB",0.03334859016195528,0.03334859016195528,0.0039483236137545985,0.0039483236137545985,0.0,0.0,0.005,20
topk_nonoverlap_v2,B_technical_keyword,RandomForest,2023-12-11,2024-01-09,2023-12-11,5,equal_weight_universe,80,"ABB,ACB,ANV,BAB,BCM,BID,BMP,BSI,BVB,BVH,CMG,CSV,CTG,DCM,DGW,DIG,DPM,DXG,EIB,ELC,EVF,FPT,FRT,GAS,GEX,GMD,GVR,HAH,HCM,HDB,HDG,HPG,HSG,KDH,KLB,LPB,MBB,MBS,MCH,MSB,MSN,MWG,NAB,NKG,NLG,NT2,NVL,OCB,PDR,PGB,PHR,PLX,PNJ,POW,PPC,PVT,REE,SAB,SCR,SHB,SSB,SSI,STB,TCB,TPB,VBB,VCB,VCG,VCI,VGC,VHC,VHM,VIB,VIC,VJC,VND,VNM,VPB,VRE,VSC",0.03295277521984165,0.03295277521984165,0.0035525086716409484,0.0035525086716409484,0.0,0.0,0.005,20
topk_nonoverlap_v2,B_technical_keyword,RandomForest,2023-12-11,2024-01-09,2023-12-11,5,random_topk_deterministic,5,"POW,SHB,VHM,VJC,VRE",0.018566193628473563,0.013566193628473564,-0.010834072919727161,-0.01583407291972716,0.9999999999999999,0.004999999999999999,0.005,20
topk_nonoverlap_v2,B_technical_keyword,RandomForest,2023-12-11,2024-01-09,2023-12-11,10,model_topk,10,"BID,BVH,DCM,DPM,LPB,PDR,SAB,SSB,VBB,VHC",0.04170505446383341,0.04170505446383341,0.01230478791563273,0.01230478791563273,0.0,0.0,0.005,20
topk_nonoverlap_v2,B_technical_keyword,RandomForest,2023-12-11,2024-01-09,2023-12-11,10,equal_weight_universe,80,"ABB,ACB,ANV,BAB,BCM,BID,BMP,BSI,BVB,BVH,CMG,CSV,CTG,DCM,DGW,DIG,DPM,DXG,EIB,ELC,EVF,FPT,FRT,GAS,GEX,GMD,GVR,HAH,HCM,HDB,HDG,HPG,HSG,KDH,KLB,LPB,MBB,MBS,MCH,MSB,MSN,MWG,NAB,NKG,NLG,NT2,NVL,OCB,PDR,PGB,PHR,PLX,PNJ,POW,PPC,PVT,REE,SAB,SCR,SHB,SSB,SSI,STB,TCB,TPB,VBB,VCB,VCG,VCI,VGC,VHC,VHM,VIB,VIC,VJC,VND,VNM,VPB,VRE,VSC",0.03295277521984165,0.03295277521984165,0.0035525086716409484,0.0035525086716409484,0.0,0.0,0.005,20
topk_nonoverlap_v2,B_technical_keyword,RandomForest,2023-12-11,2024-01-09,2023-12-11,10,random_topk_deterministic,10,"ACB,FPT,HAH,MCH,PDR,PGB,PNJ,TCB,VHM,VND",0.05980768528017379,0.05530768528017379,0.030407418731973102,0.0259074187319731,0.9000000000000002,0.004500000000000001,0.005,20
topk_nonoverlap_v2,B_technical_keyword,RandomForest,2024-01-09,2024-02-06,2024-01-09,5,model_topk,5,"BCM,GVR,OCB,PDR,TPB",0.06784247289422327,0.06284247289422326,0.04204387287178222,0.03704387287178222,0.9999999999999999,0.004999999999999999,0.005,20
topk_nonoverlap_v2,B_technical_keyword,RandomForest,2024-01-09,2024-02-06,2024-01-09,5,equal_weight_universe,80,"ABB,ACB,ANV,BAB,BCM,BID,BMP,BSI,BVB,BVH,CMG,CSV,CTG,DCM,DGW,DIG,DPM,DXG,EIB,ELC,EVF,FPT,FRT,GAS,GEX,GMD,GVR,HAH,HCM,HDB,HDG,HPG,HSG,KDH,KLB,LPB,MBB,MBS,MCH,MSB,MSN,MWG,NAB,NKG,NLG,NT2,NVL,OCB,PDR,PGB,PHR,PLX,PNJ,POW,PPC,PVT,REE,SAB,SCR,SHB,SSB,SSI,STB,TCB,TPB,VBB,VCB,VCG,VCI,VGC,VHC,VHM,VIB,VIC,VJC,VND,VNM,VPB,VRE,VSC",0.029575030124538708,0.029575030124538708,0.0037764301020976688,0.0037764301020976688,0.0,0.0,0.005,20
topk_nonoverlap_v2,B_technical_keyword,RandomForest,2024-01-09,2024-02-06,2024-01-09,5,random_topk_deterministic,5,"GEX,KLB,MSN,NKG,PPC",-0.007486772769304739,-0.012486772769304738,-0.03328537279174578,-0.03828537279174578,0.9999999999999999,0.004999999999999999,0.005,20
topk_nonoverlap_v2,B_technical_keyword,RandomForest,2024-01-09,2024-02-06,2024-01-09,10,model_topk,10,"BCM,DXG,GVR,HCM,OCB,PDR,REE,SHB,TPB,VHM",0.034049676601109566,0.029549676601109565,0.008251076578668508,0.003751076578668507,0.9000000000000002,0.004500000000000001,0.005,20
topk_nonoverlap_v2,B_technical_keyword,RandomForest,2024-01-09,2024-02-06,2024-01-09,10,equal_weight_universe,80,"ABB,ACB,ANV,BAB,BCM,BID,BMP,BSI,BVB,BVH,CMG,CSV,CTG,DCM,DGW,DIG,DPM,DXG,EIB,ELC,EVF,FPT,FRT,GAS,GEX,GMD,GVR,HAH,HCM,HDB,HDG,HPG,HSG,KDH,KLB,LPB,MBB,MBS,MCH,MSB,MSN,MWG,NAB,NKG,NLG,NT2,NVL,OCB,PDR,PGB,PHR,PLX,PNJ,POW,PPC,PVT,REE,SAB,SCR,SHB,SSB,SSI,STB,TCB,TPB,VBB,VCB,VCG,VCI,VGC,VHC,VHM,VIB,VIC,VJC,VND,VNM,VPB,VRE,VSC",0.029575030124538708,0.029575030124538708,0.0037764301020976688,0.0037764301020976688,0.0,0.0,0.005,20
topk_nonoverlap_v2,B_technical_keyword,RandomForest,2024-01-09,2024-02-06,2024-01-09,10,random_topk_deterministic,10,"ABB,BID,CMG,DCM,EIB,HDB,MSB,PLX,SCR,TPB",0.020648370882075683,0.01564837088207568,-0.005150229140365331,-0.010150229140365332,1.0000000000000002,0.005000000000000001,0.005,20
topk_nonoverlap_v2,B_technical_keyword,RandomForest,2024-02-06,2024-03-12,2024-02-06,5,model_topk,5,"BCM,GVR,OCB,PDR,TPB",0.04863061657029026,0.04863061657029026,0.0010740737593048382,0.0010740737593048382,0.0,0.0,0.005,20
topk_nonoverlap_v2,B_technical_keyword,RandomForest,2024-02-06,2024-03-12,2024-02-06,5,equal_weight_universe,80,"ABB,ACB,ANV,BAB,BCM,BID,BMP,BSI,BVB,BVH,CMG,CSV,CTG,DCM,DGW,DIG,DPM,DXG,EIB,ELC,EVF,FPT,FRT,GAS,GEX,GMD,GVR,HAH,HCM,HDB,HDG,HPG,HSG,KDH,KLB,LPB,MBB,MBS,MCH,MSB,MSN,MWG,NAB,NKG,NLG,NT2,NVL,OCB,PDR,PGB,PHR,PLX,PNJ,POW,PPC,PVT,REE,SAB,SCR,SHB,SSB,SSI,STB,TCB,TPB,VBB,VCB,VCG,VCI,VGC,VHC,VHM,VIB,VIC,VJC,VND,VNM,VPB,VRE,VSC",0.04448375630615168,0.04448375630615168,-0.003072786504833726,-0.003072786504833726,0.0,0.0,0.005,20
topk_nonoverlap_v2,B_technical_keyword,RandomForest,2024-02-06,2024-03-12,2024-02-06,5,random_topk_deterministic,5,"MBS,PGB,VIB,VND,VSC",0.00609358889517038,0.001093588895170381,-0.04146295391581498,-0.04646295391581498,0.9999999999999999,0.004999999999999999,0.005,20
topk_nonoverlap_v2,B_technical_keyword,RandomForest,2024-02-06,2024-03-12,2024-02-06,10,model_topk,10,"BCM,DXG,GVR,HCM,OCB,PDR,REE,SHB,TPB,VHM",0.03412898260340386,0.03412898260340386,-0.01342756020758154,-0.01342756020758154,0.0,0.0,0.005,20
topk_nonoverlap_v2,B_technical_keyword,RandomForest,2024-02-06,2024-03-12,2024-02-06,10,equal_weight_universe,80,"ABB,ACB,ANV,BAB,BCM,BID,BMP,BSI,BVB,BVH,CMG,CSV,CTG,DCM,DGW,DIG,DPM,DXG,EIB,ELC,EVF,FPT,FRT,GAS,GEX,GMD,GVR,HAH,HCM,HDB,HDG,HPG,HSG,KDH,KLB,LPB,MBB,MBS,MCH,MSB,MSN,MWG,NAB,NKG,NLG,NT2,NVL,OCB,PDR,PGB,PHR,PLX,PNJ,POW,PPC,PVT,REE,SAB,SCR,SHB,SSB,SSI,STB,TCB,TPB,VBB,VCB,VCG,VCI,VGC,VHC,VHM,VIB,VIC,VJC,VND,VNM,VPB,VRE,VSC",0.04448375630615168,0.04448375630615168,-0.003072786504833726,-0.003072786504833726,0.0,0.0,0.005,20
topk_nonoverlap_v2,B_technical_keyword,RandomForest,2024-02-06,2024-03-12,2024-02-06,10,random_topk_deterministic,10,"ABB,GVR,MSB,MWG,PLX,SSI,VCG,VHM,VND,VNM",0.04284999583883479,0.039349995838834785,-0.00470654697215059,-0.008206546972150591,0.7000000000000001,0.0035000000000000005,0.005,20
topk_nonoverlap_v2,B_technical_keyword,RandomForest,2024-03-12,2024-04-09,2024-03-12,5,model_topk,5,"BCM,GVR,OCB,PDR,TPB",0.02142984567137058,0.02142984567137058,0.007116592659322377,0.007116592659322377,0.0,0.0,0.005,20
topk_nonoverlap_v2,B_technical_keyword,RandomForest,2024-03-12,2024-04-09,2024-03-12,5,equal_weight_universe,80,"ABB,ACB,ANV,BAB,BCM,BID,BMP,BSI,BVB,BVH,CMG,CSV,CTG,DCM,DGW,DIG,DPM,DXG,EIB,ELC,EVF,FPT,FRT,GAS,GEX,GMD,GVR,HAH,HCM,HDB,HDG,HPG,HSG,KDH,KLB,LPB,MBB,MBS,MCH,MSB,MSN,MWG,NAB,NKG,NLG,NT2,NVL,OCB,PDR,PGB,PHR,PLX,PNJ,POW,PPC,PVT,REE,SAB,SCR,SHB,SSB,SSI,STB,TCB,TPB,VBB,VCB,VCG,VCI,VGC,VHC,VHM,VIB,VIC,VJC,VND,VNM,VPB,VRE,VSC",0.013705628811516619,0.013705628811516619,-0.0006076242005315965,-0.0006076242005315965,0.0,0.0,0.005,20
topk_nonoverlap_v2,B_technical_keyword,RandomForest,2024-03-12,2024-04-09,2024-03-12,5,random_topk_deterministic,5,"KLB,MSB,MWG,VGC,VND",0.02178649877907558,0.01778649877907558,0.00747324576702732,0.00347324576702732,0.7999999999999999,0.004,0.005,20
topk_nonoverlap_v2,B_technical_keyword,RandomForest,2024-03-12,2024-04-09,2024-03-12,10,model_topk,10,"BCM,DXG,GVR,HCM,OCB,PDR,REE,SHB,TPB,VHM",0.030249358805923478,0.030249358805923478,0.01593610579387528,0.01593610579387528,0.0,0.0,0.005,20
topk_nonoverlap_v2,B_technical_keyword,RandomForest,2024-03-12,2024-04-09,2024-03-12,10,equal_weight_universe,80,"ABB,ACB,ANV,BAB,BCM,BID,BMP,BSI,BVB,BVH,CMG,CSV,CTG,DCM,DGW,DIG,DPM,DXG,EIB,ELC,EVF,FPT,FRT,GAS,GEX,GMD,GVR,HAH,HCM,HDB,HDG,HPG,HSG,KDH,KLB,LPB,MBB,MBS,MCH,MSB,MSN,MWG,NAB,NKG,NLG,NT2,NVL,OCB,PDR,PGB,PHR,PLX,PNJ,POW,PPC,PVT,REE,SAB,SCR,SHB,SSB,SSI,STB,TCB,TPB,VBB,VCB,VCG,VCI,VGC,VHC,VHM,VIB,VIC,VJC,VND,VNM,VPB,VRE,VSC",0.013705628811516619,0.013705628811516619,-0.0006076242005315965,-0.0006076242005315965,0.0,0.0,0.005,20
topk_nonoverlap_v2,B_technical_keyword,RandomForest,2024-03-12,2024-04-09,2024-03-12,10,random_topk_deterministic,10,"EVF,LPB,MSB,MSN,PPC,SSB,VBB,VCI,VHC,VIB",-0.0009540092646869189,-0.00545400926468692,-0.015267262276735138,-0.01976726227673514,0.9000000000000002,0.004500000000000001,0.005,20
topk_nonoverlap_v2,B_technical_keyword,RandomForest,2024-04-09,2024-05-13,2024-04-09,5,model_topk,5,"LPB,PLX,PNJ,SSB,VCI",0.013867858493545437,0.008867858493545438,0.031795987601415,0.026795987601415,0.9999999999999999,0.004999999999999999,0.005,20
topk_nonoverlap_v2,B_technical_keyword,RandomForest,2024-04-09,2024-05-13,2024-04-09,5,equal_weight_universe,80,"ABB,ACB,ANV,BAB,BCM,BID,BMP,BSI,BVB,BVH,CMG,CSV,CTG,DCM,DGW,DIG,DPM,DXG,EIB,ELC,EVF,FPT,FRT,GAS,GEX,GMD,GVR,HAH,HCM,HDB,HDG,HPG,HSG,KDH,KLB,LPB,MBB,MBS,MCH,MSB,MSN,MWG,NAB,NKG,NLG,NT2,NVL,OCB,PDR,PGB,PHR,PLX,PNJ,POW,PPC,PVT,REE,SAB,SCR,SHB,SSB,SSI,STB,TCB,TPB,VBB,VCB,VCG,VCI,VGC,VHC,VHM,VIB,VIC,VJC,VND,VNM,VPB,VRE,VSC",-0.011577584859227955,-0.011577584859227955,0.006350544248641598,0.006350544248641598,0.0,0.0,0.005,20
topk_nonoverlap_v2,B_technical_keyword,RandomForest,2024-04-09,2024-05-13,2024-04-09,5,random_topk_deterministic,5,"BAB,MWG,PLX,VCI,VGC",0.005935762655014121,0.002935762655014121,0.023863891762883702,0.020863891762883703,0.6,0.003,0.005,20
topk_nonoverlap_v2,B_technical_keyword,RandomForest,2024-04-09,2024-05-13,2024-04-09,10,model_topk,10,"EIB,HDG,LPB,OCB,PGB,PLX,PNJ,SSB,VCI,VHC",-0.010378097732129717,-0.014878097732129718,0.007550031375739836,0.003050031375739835,0.9000000000000002,0.004500000000000001,0.005,20
topk_nonoverlap_v2,B_technical_keyword,RandomForest,2024-04-09,2024-05-13,2024-04-09,10,equal_weight_universe,80,"ABB,ACB,ANV,BAB,BCM,BID,BMP,BSI,BVB,BVH,CMG,CSV,CTG,DCM,DGW,DIG,DPM,DXG,EIB,ELC,EVF,FPT,FRT,GAS,GEX,GMD,GVR,HAH,HCM,HDB,HDG,HPG,HSG,KDH,KLB,LPB,MBB,MBS,MCH,MSB,MSN,MWG,NAB,NKG,NLG,NT2,NVL,OCB,PDR,PGB,PHR,PLX,PNJ,POW,PPC,PVT,REE,SAB,SCR,SHB,SSB,SSI,STB,TCB,TPB,VBB,VCB,VCG,VCI,VGC,VHC,VHM,VIB,VIC,VJC,VND,VNM,VPB,VRE,VSC",-0.011577584859227955,-0.011577584859227955,0.006350544248641598,0.006350544248641598,0.0,0.0,0.005,20
topk_nonoverlap_v2,B_technical_keyword,RandomForest,2024-04-09,2024-05-13,2024-04-09,10,random_topk_deterministic,10,"ABB,BID,BVB,DIG,FPT,PHR,POW,VCI,VNM,VSC",-0.017955663070465557,-0.022455663070465558,-2.7533962595983895e-05,-0.004527533962595985,0.9000000000000002,0.004500000000000001,0.005,20
topk_nonoverlap_v2,B_technical_keyword,RandomForest,2024-05-13,2024-06-10,2024-05-13,5,model_topk,5,"LPB,PLX,PNJ,SSB,VCI",0.07900730612680423,0.07900730612680423,0.03829547397340721,0.03829547397340721,0.0,0.0,0.005,20
topk_nonoverlap_v2,B_technical_keyword,RandomForest,2024-05-13,2024-06-10,2024-05-13,5,equal_weight_universe,80,"ABB,ACB,ANV,BAB,BCM,BID,BMP,BSI,BVB,BVH,CMG,CSV,CTG,DCM,DGW,DIG,DPM,DXG,EIB,ELC,EVF,FPT,FRT,GAS,GEX,GMD,GVR,HAH,HCM,HDB,HDG,HPG,HSG,KDH,KLB,LPB,MBB,MBS,MCH,MSB,MSN,MWG,NAB,NKG,NLG,NT2,NVL,OCB,PDR,PGB,PHR,PLX,PNJ,POW,PPC,PVT,REE,SAB,SCR,SHB,SSB,SSI,STB,TCB,TPB,VBB,VCB,VCG,VCI,VGC,VHC,VHM,VIB,VIC,VJC,VND,VNM,VPB,VRE,VSC",0.07205670208582689,0.07205670208582689,0.031344869932429874,0.031344869932429874,0.0,0.0,0.005,20
topk_nonoverlap_v2,B_technical_keyword,RandomForest,2024-05-13,2024-06-10,2024-05-13,5,random_topk_deterministic,5,"BID,GVR,MWG,NT2,VIC",0.04051708688312354,0.03651708688312354,-0.00019474527027349956,-0.0041947452702734995,0.7999999999999999,0.004,0.005,20
topk_nonoverlap_v2,B_technical_keyword,RandomForest,2024-05-13,2024-06-10,2024-05-13,10,model_topk,10,"EIB,HDG,LPB,OCB,PGB,PLX,PNJ,SSB,VCI,VHC",0.09242171011525291,0.09242171011525291,0.05170987796185592,0.05170987796185592,0.0,0.0,0.005,20
topk_nonoverlap_v2,B_technical_keyword,RandomForest,2024-05-13,2024-06-10,2024-05-13,10,equal_weight_universe,80,"ABB,ACB,ANV,BAB,BCM,BID,BMP,BSI,BVB,BVH,CMG,CSV,CTG,DCM,DGW,DIG,DPM,DXG,EIB,ELC,EVF,FPT,FRT,GAS,GEX,GMD,GVR,HAH,HCM,HDB,HDG,HPG,HSG,KDH,KLB,LPB,MBB,MBS,MCH,MSB,MSN,MWG,NAB,NKG,NLG,NT2,NVL,OCB,PDR,PGB,PHR,PLX,PNJ,POW,PPC,PVT,REE,SAB,SCR,SHB,SSB,SSI,STB,TCB,TPB,VBB,VCB,VCG,VCI,VGC,VHC,VHM,VIB,VIC,VJC,VND,VNM,VPB,VRE,VSC",0.07205670208582689,0.07205670208582689,0.031344869932429874,0.031344869932429874,0.0,0.0,0.005,20
topk_nonoverlap_v2,B_technical_keyword,RandomForest,2024-05-13,2024-06-10,2024-05-13,10,random_topk_deterministic,10,"ACB,EIB,FPT,FRT,HDB,HPG,NVL,SCR,SSI,TCB",0.057729400529088204,0.0532294005290882,0.01701756837569117,0.012517568375691169,0.9000000000000002,0.004500000000000001,0.005,20
topk_nonoverlap_v2,B_technical_keyword,RandomForest,2024-06-10,2024-07-08,2024-06-10,5,model_topk,5,"LPB,PLX,PNJ,SSB,VCI",0.05613957606336263,0.05613957606336263,0.06164834282791133,0.06164834282791133,0.0,0.0,0.005,20
topk_nonoverlap_v2,B_technical_keyword,RandomForest,2024-06-10,2024-07-08,2024-06-10,5,equal_weight_universe,80,"ABB,ACB,ANV,BAB,BCM,BID,BMP,BSI,BVB,BVH,CMG,CSV,CTG,DCM,DGW,DIG,DPM,DXG,EIB,ELC,EVF,FPT,FRT,GAS,GEX,GMD,GVR,HAH,HCM,HDB,HDG,HPG,HSG,KDH,KLB,LPB,MBB,MBS,MCH,MSB,MSN,MWG,NAB,NKG,NLG,NT2,NVL,OCB,PDR,PGB,PHR,PLX,PNJ,POW,PPC,PVT,REE,SAB,SCR,SHB,SSB,SSI,STB,TCB,TPB,VBB,VCB,VCG,VCI,VGC,VHC,VHM,VIB,VIC,VJC,VND,VNM,VPB,VRE,VSC",-0.014603549768670593,-0.014603549768670593,-0.009094783004121894,-0.009094783004121894,0.0,0.0,0.005,20
topk_nonoverlap_v2,B_technical_keyword,RandomForest,2024-06-10,2024-07-08,2024-06-10,5,random_topk_deterministic,5,"EVF,KDH,MCH,NVL,TCB",-0.04664249790434806,-0.05164249790434806,-0.04113373113979938,-0.04613373113979938,0.9999999999999999,0.004999999999999999,0.005,20
topk_nonoverlap_v2,B_technical_keyword,RandomForest,2024-06-10,2024-07-08,2024-06-10,10,model_topk,10,"EIB,HDG,LPB,OCB,PGB,PLX,PNJ,SSB,VCI,VHC",0.01175380879490025,0.01175380879490025,0.01726257555944895,0.01726257555944895,0.0,0.0,0.005,20
topk_nonoverlap_v2,B_technical_keyword,RandomForest,2024-06-10,2024-07-08,2024-06-10,10,equal_weight_universe,80,"ABB,ACB,ANV,BAB,BCM,BID,BMP,BSI,BVB,BVH,CMG,CSV,CTG,DCM,DGW,DIG,DPM,DXG,EIB,ELC,EVF,FPT,FRT,GAS,GEX,GMD,GVR,HAH,HCM,HDB,HDG,HPG,HSG,KDH,KLB,LPB,MBB,MBS,MCH,MSB,MSN,MWG,NAB,NKG,NLG,NT2,NVL,OCB,PDR,PGB,PHR,PLX,PNJ,POW,PPC,PVT,REE,SAB,SCR,SHB,SSB,SSI,STB,TCB,TPB,VBB,VCB,VCG,VCI,VGC,VHC,VHM,VIB,VIC,VJC,VND,VNM,VPB,VRE,VSC",-0.014603549768670593,-0.014603549768670593,-0.009094783004121894,-0.009094783004121894,0.0,0.0,0.005,20
topk_nonoverlap_v2,B_technical_keyword,RandomForest,2024-06-10,2024-07-08,2024-06-10,10,random_topk_deterministic,10,"DCM,GAS,KLB,LPB,MSN,NVL,PPC,VHC,VIB,VND",-0.006994484000628682,-0.011494484000628684,-0.0014857172360799814,-0.005985717236079983,0.9000000000000002,0.004500000000000001,0.005,20
topk_nonoverlap_v2,B_technical_keyword,RandomForest,2024-07-08,2024-08-05,2024-07-08,5,model_topk,5,"BVH,EIB,FRT,SSB,VHC",-0.05577364903411077,-0.05977364903411077,0.01862100333897664,0.014621003338976639,0.7999999999999999,0.004,0.005,20
topk_nonoverlap_v2,B_technical_keyword,RandomForest,2024-07-08,2024-08-05,2024-07-08,5,equal_weight_universe,80,"ABB,ACB,ANV,BAB,BCM,BID,BMP,BSI,BVB,BVH,CMG,CSV,CTG,DCM,DGW,DIG,DPM,DXG,EIB,ELC,EVF,FPT,FRT,GAS,GEX,GMD,GVR,HAH,HCM,HDB,HDG,HPG,HSG,KDH,KLB,LPB,MBB,MBS,MCH,MSB,MSN,MWG,NAB,NKG,NLG,NT2,NVL,OCB,PDR,PGB,PHR,PLX,PNJ,POW,PPC,PVT,REE,SAB,SCR,SHB,SSB,SSI,STB,TCB,TPB,VBB,VCB,VCG,VCI,VGC,VHC,VHM,VIB,VIC,VJC,VND,VNM,VPB,VRE,VSC",-0.09313334650868113,-0.09313334650868113,-0.01873869413559375,-0.01873869413559375,0.0,0.0,0.005,20
topk_nonoverlap_v2,B_technical_keyword,RandomForest,2024-07-08,2024-08-05,2024-07-08,5,random_topk_deterministic,5,"MSN,NLG,NVL,PGB,POW",-0.11357844881614268,-0.11757844881614268,-0.0391837964430553,-0.0431837964430553,0.7999999999999999,0.004,0.005,20
topk_nonoverlap_v2,B_technical_keyword,RandomForest,2024-07-08,2024-08-05,2024-07-08,10,model_topk,10,"BSI,BVH,EIB,FRT,MCH,SAB,SCR,SSB,VCB,VHC",-0.06957678091857719,-0.0730767809185772,0.004817871454510199,0.0013178714545101985,0.7000000000000001,0.0035000000000000005,0.005,20
topk_nonoverlap_v2,B_technical_keyword,RandomForest,2024-07-08,2024-08-05,2024-07-08,10,equal_weight_universe,80,"ABB,ACB,ANV,BAB,BCM,BID,BMP,BSI,BVB,BVH,CMG,CSV,CTG,DCM,DGW,DIG,DPM,DXG,EIB,ELC,EVF,FPT,FRT,GAS,GEX,GMD,GVR,HAH,HCM,HDB,HDG,HPG,HSG,KDH,KLB,LPB,MBB,MBS,MCH,MSB,MSN,MWG,NAB,NKG,NLG,NT2,NVL,OCB,PDR,PGB,PHR,PLX,PNJ,POW,PPC,PVT,REE,SAB,SCR,SHB,SSB,SSI,STB,TCB,TPB,VBB,VCB,VCG,VCI,VGC,VHC,VHM,VIB,VIC,VJC,VND,VNM,VPB,VRE,VSC",-0.09313334650868113,-0.09313334650868113,-0.01873869413559375,-0.01873869413559375,0.0,0.0,0.005,20
topk_nonoverlap_v2,B_technical_keyword,RandomForest,2024-07-08,2024-08-05,2024-07-08,10,random_topk_deterministic,10,"BMP,HAH,HDG,HPG,LPB,MBB,NT2,NVL,REE,SAB",-0.1046446769381,-0.10864467693810001,-0.0302500245650126,-0.0342500245650126,0.8000000000000002,0.004000000000000001,0.005,20
topk_nonoverlap_v2,B_technical_keyword,RandomForest,2024-08-05,2024-09-04,2024-08-05,5,model_topk,5,"BVH,EIB,FRT,SSB,VHC",0.053328584462608596,0.053328584462608596,-0.020513865898060295,-0.020513865898060295,0.0,0.0,0.005,20
topk_nonoverlap_v2,B_technical_keyword,RandomForest,2024-08-05,2024-09-04,2024-08-05,5,equal_weight_universe,80,"ABB,ACB,ANV,BAB,BCM,BID,BMP,BSI,BVB,BVH,CMG,CSV,CTG,DCM,DGW,DIG,DPM,DXG,EIB,ELC,EVF,FPT,FRT,GAS,GEX,GMD,GVR,HAH,HCM,HDB,HDG,HPG,HSG,KDH,KLB,LPB,MBB,MBS,MCH,MSB,MSN,MWG,NAB,NKG,NLG,NT2,NVL,OCB,PDR,PGB,PHR,PLX,PNJ,POW,PPC,PVT,REE,SAB,SCR,SHB,SSB,SSI,STB,TCB,TPB,VBB,VCB,VCG,VCI,VGC,VHC,VHM,VIB,VIC,VJC,VND,VNM,VPB,VRE,VSC",0.08352117058047732,0.08352117058047732,0.009678720219808427,0.009678720219808427,0.0,0.0,0.005,20
topk_nonoverlap_v2,B_technical_keyword,RandomForest,2024-08-05,2024-09-04,2024-08-05,5,random_topk_deterministic,5,"CTG,HSG,LPB,MCH,VIB",0.08282696165441508,0.07782696165441508,0.008984511293746219,0.00398451129374622,0.9999999999999999,0.004999999999999999,0.005,20
topk_nonoverlap_v2,B_technical_keyword,RandomForest,2024-08-05,2024-09-04,2024-08-05,10,model_topk,10,"BSI,BVH,EIB,FRT,MCH,SAB,SCR,SSB,VCB,VHC",0.06311707111628269,0.06311707111628269,-0.010725379244386221,-0.010725379244386221,0.0,0.0,0.005,20
topk_nonoverlap_v2,B_technical_keyword,RandomForest,2024-08-05,2024-09-04,2024-08-05,10,equal_weight_universe,80,"ABB,ACB,ANV,BAB,BCM,BID,BMP,BSI,BVB,BVH,CMG,CSV,CTG,DCM,DGW,DIG,DPM,DXG,EIB,ELC,EVF,FPT,FRT,GAS,GEX,GMD,GVR,HAH,HCM,HDB,HDG,HPG,HSG,KDH,KLB,LPB,MBB,MBS,MCH,MSB,MSN,MWG,NAB,NKG,NLG,NT2,NVL,OCB,PDR,PGB,PHR,PLX,PNJ,POW,PPC,PVT,REE,SAB,SCR,SHB,SSB,SSI,STB,TCB,TPB,VBB,VCB,VCG,VCI,VGC,VHC,VHM,VIB,VIC,VJC,VND,VNM,VPB,VRE,VSC",0.08352117058047732,0.08352117058047732,0.009678720219808427,0.009678720219808427,0.0,0.0,0.005,20
topk_nonoverlap_v2,B_technical_keyword,RandomForest,2024-08-05,2024-09-04,2024-08-05,10,random_topk_deterministic,10,"BCM,BVH,ELC,KLB,MCH,NLG,PGB,PVT,VGC,VND",0.06864464426309576,0.06364464426309575,-0.005197806097573141,-0.01019780609757314,1.0000000000000002,0.005000000000000001,0.005,20
topk_nonoverlap_v2,B_technical_keyword,RandomForest,2024-09-04,2024-10-02,2024-09-04,5,model_topk,5,"BVH,EIB,FRT,SSB,VHC",-0.006406790605696902,-0.006406790605696902,-0.01584400647025238,-0.01584400647025238,0.0,0.0,0.005,20
topk_nonoverlap_v2,B_technical_keyword,RandomForest,2024-09-04,2024-10-02,2024-09-04,5,equal_weight_universe,80,"ABB,ACB,ANV,BAB,BCM,BID,BMP,BSI,BVB,BVH,CMG,CSV,CTG,DCM,DGW,DIG,DPM,DXG,EIB,ELC,EVF,FPT,FRT,GAS,GEX,GMD,GVR,HAH,HCM,HDB,HDG,HPG,HSG,KDH,KLB,LPB,MBB,MBS,MCH,MSB,MSN,MWG,NAB,NKG,NLG,NT2,NVL,OCB,PDR,PGB,PHR,PLX,PNJ,POW,PPC,PVT,REE,SAB,SCR,SHB,SSB,SSI,STB,TCB,TPB,VBB,VCB,VCG,VCI,VGC,VHC,VHM,VIB,VIC,VJC,VND,VNM,VPB,VRE,VSC",0.01796825498572943,0.01796825498572943,0.008531039121173964,0.008531039121173964,0.0,0.0,0.005,20
topk_nonoverlap_v2,B_technical_keyword,RandomForest,2024-09-04,2024-10-02,2024-09-04,5,random_topk_deterministic,5,"BCM,CTG,NKG,PGB,STB",0.0404847602466112,0.036484760246611195,0.031047544382055724,0.027047544382055724,0.7999999999999999,0.004,0.005,20
topk_nonoverlap_v2,B_technical_keyword,RandomForest,2024-09-04,2024-10-02,2024-09-04,10,model_topk,10,"BSI,BVH,EIB,FRT,MCH,SAB,SCR,SSB,VCB,VHC",-0.0012732981595409115,-0.0012732981595409115,-0.01071051402409638,-0.01071051402409638,0.0,0.0,0.005,20
topk_nonoverlap_v2,B_technical_keyword,RandomForest,2024-09-04,2024-10-02,2024-09-04,10,equal_weight_universe,80,"ABB,ACB,ANV,BAB,BCM,BID,BMP,BSI,BVB,BVH,CMG,CSV,CTG,DCM,DGW,DIG,DPM,DXG,EIB,ELC,EVF,FPT,FRT,GAS,GEX,GMD,GVR,HAH,HCM,HDB,HDG,HPG,HSG,KDH,KLB,LPB,MBB,MBS,MCH,MSB,MSN,MWG,NAB,NKG,NLG,NT2,NVL,OCB,PDR,PGB,PHR,PLX,PNJ,POW,PPC,PVT,REE,SAB,SCR,SHB,SSB,SSI,STB,TCB,TPB,VBB,VCB,VCG,VCI,VGC,VHC,VHM,VIB,VIC,VJC,VND,VNM,VPB,VRE,VSC",0.01796825498572943,0.01796825498572943,0.008531039121173964,0.008531039121173964,0.0,0.0,0.005,20
topk_nonoverlap_v2,B_technical_keyword,RandomForest,2024-09-04,2024-10-02,2024-09-04,10,random_topk_deterministic,10,"EVF,GEX,NAB,REE,STB,VCG,VCI,VIB,VJC,VND",0.02767633728260478,0.023176337282604778,0.01823912141804932,0.01373912141804932,0.9000000000000002,0.004500000000000001,0.005,20
topk_nonoverlap_v2,B_technical_keyword,RandomForest,2024-10-02,2024-10-30,2024-10-02,5,model_topk,5,"PLX,REE,SAB,SHB,VGC",-0.042486765294620865,-0.04748676529462086,-0.01980537630219962,-0.024805376302199617,0.9999999999999999,0.004999999999999999,0.005,20
topk_nonoverlap_v2,B_technical_keyword,RandomForest,2024-10-02,2024-10-30,2024-10-02,5,equal_weight_universe,80,"ABB,ACB,ANV,BAB,BCM,BID,BMP,BSI,BVB,BVH,CMG,CSV,CTG,DCM,DGW,DIG,DPM,DXG,EIB,ELC,EVF,FPT,FRT,GAS,GEX,GMD,GVR,HAH,HCM,HDB,HDG,HPG,HSG,KDH,KLB,LPB,MBB,MBS,MCH,MSB,MSN,MWG,NAB,NKG,NLG,NT2,NVL,OCB,PDR,PGB,PHR,PLX,PNJ,POW,PPC,PVT,REE,SAB,SCR,SHB,SSB,SSI,STB,TCB,TPB,VBB,VCB,VCG,VCI,VGC,VHC,VHM,VIB,VIC,VJC,VND,VNM,VPB,VRE,VSC",-0.0261297907395873,-0.0261297907395873,-0.003448401747166087,-0.003448401747166087,0.0,0.0,0.005,20
topk_nonoverlap_v2,B_technical_keyword,RandomForest,2024-10-02,2024-10-30,2024-10-02,5,random_topk_deterministic,5,"BID,CTG,HDG,PPC,VIB",-0.0341978416085032,-0.0381978416085032,-0.011516452616081998,-0.015516452616081998,0.7999999999999999,0.004,0.005,20
topk_nonoverlap_v2,B_technical_keyword,RandomForest,2024-10-02,2024-10-30,2024-10-02,10,model_topk,10,"GEX,HPG,PLX,REE,SAB,SCR,SHB,VCI,VGC,VND",-0.0353454692213574,-0.039345469221357406,-0.012664080228936166,-0.016664080228936166,0.8000000000000002,0.004000000000000001,0.005,20
topk_nonoverlap_v2,B_technical_keyword,RandomForest,2024-10-02,2024-10-30,2024-10-02,10,equal_weight_universe,80,"ABB,ACB,ANV,BAB,BCM,BID,BMP,BSI,BVB,BVH,CMG,CSV,CTG,DCM,DGW,DIG,DPM,DXG,EIB,ELC,EVF,FPT,FRT,GAS,GEX,GMD,GVR,HAH,HCM,HDB,HDG,HPG,HSG,KDH,KLB,LPB,MBB,MBS,MCH,MSB,MSN,MWG,NAB,NKG,NLG,NT2,NVL,OCB,PDR,PGB,PHR,PLX,PNJ,POW,PPC,PVT,REE,SAB,SCR,SHB,SSB,SSI,STB,TCB,TPB,VBB,VCB,VCG,VCI,VGC,VHC,VHM,VIB,VIC,VJC,VND,VNM,VPB,VRE,VSC",-0.0261297907395873,-0.0261297907395873,-0.003448401747166087,-0.003448401747166087,0.0,0.0,0.005,20
topk_nonoverlap_v2,B_technical_keyword,RandomForest,2024-10-02,2024-10-30,2024-10-02,10,random_topk_deterministic,10,"BCM,BID,ELC,MSN,NT2,PNJ,SAB,VHC,VIB,VNM",-0.02300084749242512,-0.02750084749242512,-0.00031945850000391956,-0.004819458500003921,0.9000000000000002,0.004500000000000001,0.005,20
topk_nonoverlap_v2,B_technical_keyword,RandomForest,2024-10-30,2024-11-27,2024-10-30,5,model_topk,5,"PLX,REE,SAB,SHB,VGC",-0.002317452675002179,-0.002317452675002179,0.010919161739083,0.010919161739083,0.0,0.0,0.005,20
topk_nonoverlap_v2,B_technical_keyword,RandomForest,2024-10-30,2024-11-27,2024-10-30,5,equal_weight_universe,80,"ABB,ACB,ANV,BAB,BCM,BID,BMP,BSI,BVB,BVH,CMG,CSV,CTG,DCM,DGW,DIG,DPM,DXG,EIB,ELC,EVF,FPT,FRT,GAS,GEX,GMD,GVR,HAH,HCM,HDB,HDG,HPG,HSG,KDH,KLB,LPB,MBB,MBS,MCH,MSB,MSN,MWG,NAB,NKG,NLG,NT2,NVL,OCB,PDR,PGB,PHR,PLX,PNJ,POW,PPC,PVT,REE,SAB,SCR,SHB,SSB,SSI,STB,TCB,TPB,VBB,VCB,VCG,VCI,VGC,VHC,VHM,VIB,VIC,VJC,VND,VNM,VPB,VRE,VSC",-0.012914762825937832,-0.012914762825937832,0.0003218515881473488,0.0003218515881473488,0.0,0.0,0.005,20
topk_nonoverlap_v2,B_technical_keyword,RandomForest,2024-10-30,2024-11-27,2024-10-30,5,random_topk_deterministic,5,"BVB,ELC,HAH,KDH,PVT",0.009394593039895179,0.00439459303989518,0.02263120745398036,0.017631207453980363,0.9999999999999999,0.004999999999999999,0.005,20
topk_nonoverlap_v2,B_technical_keyword,RandomForest,2024-10-30,2024-11-27,2024-10-30,10,model_topk,10,"GEX,HPG,PLX,REE,SAB,SCR,SHB,VCI,VGC,VND",-0.01806694985820816,-0.01806694985820816,-0.0048303354441229795,-0.0048303354441229795,0.0,0.0,0.005,20
topk_nonoverlap_v2,B_technical_keyword,RandomForest,2024-10-30,2024-11-27,2024-10-30,10,equal_weight_universe,80,"ABB,ACB,ANV,BAB,BCM,BID,BMP,BSI,BVB,BVH,CMG,CSV,CTG,DCM,DGW,DIG,DPM,DXG,EIB,ELC,EVF,FPT,FRT,GAS,GEX,GMD,GVR,HAH,HCM,HDB,HDG,HPG,HSG,KDH,KLB,LPB,MBB,MBS,MCH,MSB,MSN,MWG,NAB,NKG,NLG,NT2,NVL,OCB,PDR,PGB,PHR,PLX,PNJ,POW,PPC,PVT,REE,SAB,SCR,SHB,SSB,SSI,STB,TCB,TPB,VBB,VCB,VCG,VCI,VGC,VHC,VHM,VIB,VIC,VJC,VND,VNM,VPB,VRE,VSC",-0.012914762825937832,-0.012914762825937832,0.0003218515881473488,0.0003218515881473488,0.0,0.0,0.005,20
topk_nonoverlap_v2,B_technical_keyword,RandomForest,2024-10-30,2024-11-27,2024-10-30,10,random_topk_deterministic,10,"BCM,DPM,GAS,HCM,NKG,PVT,SHB,TCB,VIC,VND",-0.01565789455842019,-0.02015789455842019,-0.0024212801443350097,-0.006921280144335011,0.9000000000000002,0.004500000000000001,0.005,20
topk_nonoverlap_v2,B_technical_keyword,RandomForest,2024-11-27,2024-12-25,2024-11-27,5,model_topk,5,"PLX,REE,SAB,SHB,VGC",0.02499531598259172,0.02499531598259172,-0.0008265637729578418,-0.0008265637729578418,0.0,0.0,0.005,20
topk_nonoverlap_v2,B_technical_keyword,RandomForest,2024-11-27,2024-12-25,2024-11-27,5,equal_weight_universe,80,"ABB,ACB,ANV,BAB,BCM,BID,BMP,BSI,BVB,BVH,CMG,CSV,CTG,DCM,DGW,DIG,DPM,DXG,EIB,ELC,EVF,FPT,FRT,GAS,GEX,GMD,GVR,HAH,HCM,HDB,HDG,HPG,HSG,KDH,KLB,LPB,MBB,MBS,MCH,MSB,MSN,MWG,NAB,NKG,NLG,NT2,NVL,OCB,PDR,PGB,PHR,PLX,PNJ,POW,PPC,PVT,REE,SAB,SCR,SHB,SSB,SSI,STB,TCB,TPB,VBB,VCB,VCG,VCI,VGC,VHC,VHM,VIB,VIC,VJC,VND,VNM,VPB,VRE,VSC",0.029364551346184587,0.029364551346184587,0.003542671590634985,0.003542671590634985,0.0,0.0,0.005,20
topk_nonoverlap_v2,B_technical_keyword,RandomForest,2024-11-27,2024-12-25,2024-11-27,5,random_topk_deterministic,5,"ABB,BMP,NT2,VGC,VHM",0.06299012457313136,0.05799012457313136,0.037168244817581755,0.03216824481758176,0.9999999999999999,0.004999999999999999,0.005,20
topk_nonoverlap_v2,B_technical_keyword,RandomForest,2024-11-27,2024-12-25,2024-11-27,10,model_topk,10,"GEX,HPG,PLX,REE,SAB,SCR,SHB,VCI,VGC,VND",0.01924610304797048,0.01924610304797048,-0.0065757767075791,-0.0065757767075791,0.0,0.0,0.005,20
topk_nonoverlap_v2,B_technical_keyword,RandomForest,2024-11-27,2024-12-25,2024-11-27,10,equal_weight_universe,80,"ABB,ACB,ANV,BAB,BCM,BID,BMP,BSI,BVB,BVH,CMG,CSV,CTG,DCM,DGW,DIG,DPM,DXG,EIB,ELC,EVF,FPT,FRT,GAS,GEX,GMD,GVR,HAH,HCM,HDB,HDG,HPG,HSG,KDH,KLB,LPB,MBB,MBS,MCH,MSB,MSN,MWG,NAB,NKG,NLG,NT2,NVL,OCB,PDR,PGB,PHR,PLX,PNJ,POW,PPC,PVT,REE,SAB,SCR,SHB,SSB,SSI,STB,TCB,TPB,VBB,VCB,VCG,VCI,VGC,VHC,VHM,VIB,VIC,VJC,VND,VNM,VPB,VRE,VSC",0.029364551346184587,0.029364551346184587,0.003542671590634985,0.003542671590634985,0.0,0.0,0.005,20
topk_nonoverlap_v2,B_technical_keyword,RandomForest,2024-11-27,2024-12-25,2024-11-27,10,random_topk_deterministic,10,"CSV,MBS,NKG,PHR,SAB,SSB,TPB,VCB,VCG,VJC",0.037215604211009806,0.0327156042110098,0.0113937244554602,0.006893724455460199,0.9000000000000002,0.004500000000000001,0.005,20
topk_nonoverlap_v2,B_technical_keyword,RandomForest,2024-12-25,2025-01-23,2024-12-25,5,model_topk,5,"ANV,BVH,DXG,FPT,HAH",-0.032172653687134,-0.037172653687133995,-0.02086217677903076,-0.025862176779030757,0.9999999999999999,0.004999999999999999,0.005,20
topk_nonoverlap_v2,B_technical_keyword,RandomForest,2024-12-25,2025-01-23,2024-12-25,5,equal_weight_universe,80,"ABB,ACB,ANV,BAB,BCM,BID,BMP,BSI,BVB,BVH,CMG,CSV,CTG,DCM,DGW,DIG,DPM,DXG,EIB,ELC,EVF,FPT,FRT,GAS,GEX,GMD,GVR,HAH,HCM,HDB,HDG,HPG,HSG,KDH,KLB,LPB,MBB,MBS,MCH,MSB,MSN,MWG,NAB,NKG,NLG,NT2,NVL,OCB,PDR,PGB,PHR,PLX,PNJ,POW,PPC,PVT,REE,SAB,SCR,SHB,SSB,SSI,STB,TCB,TPB,VBB,VCB,VCG,VCI,VGC,VHC,VHM,VIB,VIC,VJC,VND,VNM,VPB,VRE,VSC",-0.02469870508520982,-0.02469870508520982,-0.013388228177106554,-0.013388228177106554,0.0,0.0,0.005,20
topk_nonoverlap_v2,B_technical_keyword,RandomForest,2024-12-25,2025-01-23,2024-12-25,5,random_topk_deterministic,5,"BID,MBS,MWG,POW,VND",-0.041155550196616035,-0.04615555019661603,-0.02984507328851278,-0.03484507328851278,0.9999999999999999,0.004999999999999999,0.005,20
topk_nonoverlap_v2,B_technical_keyword,RandomForest,2024-12-25,2025-01-23,2024-12-25,10,model_topk,10,"ANV,BVH,DXG,FPT,HAH,HDG,LPB,MCH,VBB,VCB",-0.014488599303723801,-0.019488599303723802,-0.0031781223956205418,-0.008178122395620543,1.0000000000000002,0.005000000000000001,0.005,20
topk_nonoverlap_v2,B_technical_keyword,RandomForest,2024-12-25,2025-01-23,2024-12-25,10,equal_weight_universe,80,"ABB,ACB,ANV,BAB,BCM,BID,BMP,BSI,BVB,BVH,CMG,CSV,CTG,DCM,DGW,DIG,DPM,DXG,EIB,ELC,EVF,FPT,FRT,GAS,GEX,GMD,GVR,HAH,HCM,HDB,HDG,HPG,HSG,KDH,KLB,LPB,MBB,MBS,MCH,MSB,MSN,MWG,NAB,NKG,NLG,NT2,NVL,OCB,PDR,PGB,PHR,PLX,PNJ,POW,PPC,PVT,REE,SAB,SCR,SHB,SSB,SSI,STB,TCB,TPB,VBB,VCB,VCG,VCI,VGC,VHC,VHM,VIB,VIC,VJC,VND,VNM,VPB,VRE,VSC",-0.02469870508520982,-0.02469870508520982,-0.013388228177106554,-0.013388228177106554,0.0,0.0,0.005,20
topk_nonoverlap_v2,B_technical_keyword,RandomForest,2024-12-25,2025-01-23,2024-12-25,10,random_topk_deterministic,10,"BCM,BID,CMG,DXG,GVR,HPG,HSG,STB,VCI,VIB",-0.01616103807527406,-0.02116103807527406,-0.00485056116717077,-0.009850561167170771,1.0000000000000002,0.005000000000000001,0.005,20
topk_nonoverlap_v2,B_technical_keyword,RandomForest,2025-01-23,2025-02-27,2025-01-23,5,model_topk,5,"BID,FPT,HCM,MBS,VND",0.05316754655961932,0.049167546559619316,0.014926158215423238,0.010926158215423238,0.7999999999999999,0.004,0.005,20
topk_nonoverlap_v2,B_technical_keyword,RandomForest,2025-01-23,2025-02-27,2025-01-23,5,equal_weight_universe,80,"ABB,ACB,ANV,BAB,BCM,BID,BMP,BSI,BVB,BVH,CMG,CSV,CTG,DCM,DGW,DIG,DPM,DXG,EIB,ELC,EVF,FPT,FRT,GAS,GEX,GMD,GVR,HAH,HCM,HDB,HDG,HPG,HSG,KDH,KLB,LPB,MBB,MBS,MCH,MSB,MSN,MWG,NAB,NKG,NLG,NT2,NVL,OCB,PDR,PGB,PHR,PLX,PNJ,POW,PPC,PVT,REE,SAB,SCR,SHB,SSB,SSI,STB,TCB,TPB,VBB,VCB,VCG,VCI,VGC,VHC,VHM,VIB,VIC,VJC,VND,VNM,VPB,VRE,VSC",0.05936162476183893,0.05936162476183893,0.021120236417642844,0.021120236417642844,0.0,0.0,0.005,20
topk_nonoverlap_v2,B_technical_keyword,RandomForest,2025-01-23,2025-02-27,2025-01-23,5,random_topk_deterministic,5,"BID,GVR,HDB,SAB,SCR",0.07380705936693921,0.0698070593669392,0.035565671022743155,0.03156567102274316,0.7999999999999999,0.004,0.005,20
topk_nonoverlap_v2,B_technical_keyword,RandomForest,2025-01-23,2025-02-27,2025-01-23,10,model_topk,10,"BID,BSI,DCM,DXG,FPT,HCM,MBS,REE,SCR,VND",0.08962208832225402,0.08562208832225401,0.05138069997805792,0.04738069997805792,0.8000000000000002,0.004000000000000001,0.005,20
topk_nonoverlap_v2,B_technical_keyword,RandomForest,2025-01-23,2025-02-27,2025-01-23,10,equal_weight_universe,80,"ABB,ACB,ANV,BAB,BCM,BID,BMP,BSI,BVB,BVH,CMG,CSV,CTG,DCM,DGW,DIG,DPM,DXG,EIB,ELC,EVF,FPT,FRT,GAS,GEX,GMD,GVR,HAH,HCM,HDB,HDG,HPG,HSG,KDH,KLB,LPB,MBB,MBS,MCH,MSB,MSN,MWG,NAB,NKG,NLG,NT2,NVL,OCB,PDR,PGB,PHR,PLX,PNJ,POW,PPC,PVT,REE,SAB,SCR,SHB,SSB,SSI,STB,TCB,TPB,VBB,VCB,VCG,VCI,VGC,VHC,VHM,VIB,VIC,VJC,VND,VNM,VPB,VRE,VSC",0.05936162476183893,0.05936162476183893,0.021120236417642844,0.021120236417642844,0.0,0.0,0.005,20
topk_nonoverlap_v2,B_technical_keyword,RandomForest,2025-01-23,2025-02-27,2025-01-23,10,random_topk_deterministic,10,"HPG,KDH,LPB,MSN,NLG,PLX,VCG,VCI,VIB,VPB",0.0379180246006164,0.034418024600616395,-0.00032336374357969935,-0.0038233637435796997,0.7000000000000001,0.0035000000000000005,0.005,20
topk_nonoverlap_v2,B_technical_keyword,RandomForest,2025-02-27,2025-03-27,2025-02-27,5,model_topk,5,"BID,FPT,HCM,MBS,VND",-0.00789306508794874,-0.00789306508794874,-0.020134998105229677,-0.020134998105229677,0.0,0.0,0.005,20
topk_nonoverlap_v2,B_technical_keyword,RandomForest,2025-02-27,2025-03-27,2025-02-27,5,equal_weight_universe,80,"ABB,ACB,ANV,BAB,BCM,BID,BMP,BSI,BVB,BVH,CMG,CSV,CTG,DCM,DGW,DIG,DPM,DXG,EIB,ELC,EVF,FPT,FRT,GAS,GEX,GMD,GVR,HAH,HCM,HDB,HDG,HPG,HSG,KDH,KLB,LPB,MBB,MBS,MCH,MSB,MSN,MWG,NAB,NKG,NLG,NT2,NVL,OCB,PDR,PGB,PHR,PLX,PNJ,POW,PPC,PVT,REE,SAB,SCR,SHB,SSB,SSI,STB,TCB,TPB,VBB,VCB,VCG,VCI,VGC,VHC,VHM,VIB,VIC,VJC,VND,VNM,VPB,VRE,VSC",-0.004235050361496695,-0.004235050361496695,-0.016476983378777642,-0.016476983378777642,0.0,0.0,0.005,20
topk_nonoverlap_v2,B_technical_keyword,RandomForest,2025-02-27,2025-03-27,2025-02-27,5,random_topk_deterministic,5,"ACB,BVH,FPT,GEX,NVL",-0.02854812877251156,-0.03354812877251156,-0.0407900617897925,-0.045790061789792495,0.9999999999999999,0.004999999999999999,0.005,20
topk_nonoverlap_v2,B_technical_keyword,RandomForest,2025-02-27,2025-03-27,2025-02-27,10,model_topk,10,"BID,BSI,DCM,DXG,FPT,HCM,MBS,REE,SCR,VND",0.0021453021962434997,0.0021453021962434997,-0.010096630821037436,-0.010096630821037436,0.0,0.0,0.005,20
topk_nonoverlap_v2,B_technical_keyword,RandomForest,2025-02-27,2025-03-27,2025-02-27,10,equal_weight_universe,80,"ABB,ACB,ANV,BAB,BCM,BID,BMP,BSI,BVB,BVH,CMG,CSV,CTG,DCM,DGW,DIG,DPM,DXG,EIB,ELC,EVF,FPT,FRT,GAS,GEX,GMD,GVR,HAH,HCM,HDB,HDG,HPG,HSG,KDH,KLB,LPB,MBB,MBS,MCH,MSB,MSN,MWG,NAB,NKG,NLG,NT2,NVL,OCB,PDR,PGB,PHR,PLX,PNJ,POW,PPC,PVT,REE,SAB,SCR,SHB,SSB,SSI,STB,TCB,TPB,VBB,VCB,VCG,VCI,VGC,VHC,VHM,VIB,VIC,VJC,VND,VNM,VPB,VRE,VSC",-0.004235050361496695,-0.004235050361496695,-0.016476983378777642,-0.016476983378777642,0.0,0.0,0.005,20
topk_nonoverlap_v2,B_technical_keyword,RandomForest,2025-02-27,2025-03-27,2025-02-27,10,random_topk_deterministic,10,"ABB,GMD,HCM,MCH,NAB,NKG,NVL,OCB,VHC,VIB",-0.029403086891833498,-0.0339030868918335,-0.04164501990911443,-0.04614501990911443,0.9000000000000002,0.004500000000000001,0.005,20
topk_nonoverlap_v2,B_technical_keyword,RandomForest,2025-03-27,2025-04-25,2025-03-27,5,model_topk,5,"BID,FPT,HCM,MBS,VND",-0.11396812158150671,-0.11396812158150671,-0.04252282354024704,-0.04252282354024704,0.0,0.0,0.005,20
topk_nonoverlap_v2,B_technical_keyword,RandomForest,2025-03-27,2025-04-25,2025-03-27,5,equal_weight_universe,80,"ABB,ACB,ANV,BAB,BCM,BID,BMP,BSI,BVB,BVH,CMG,CSV,CTG,DCM,DGW,DIG,DPM,DXG,EIB,ELC,EVF,FPT,FRT,GAS,GEX,GMD,GVR,HAH,HCM,HDB,HDG,HPG,HSG,KDH,KLB,LPB,MBB,MBS,MCH,MSB,MSN,MWG,NAB,NKG,NLG,NT2,NVL,OCB,PDR,PGB,PHR,PLX,PNJ,POW,PPC,PVT,REE,SAB,SCR,SHB,SSB,SSI,STB,TCB,TPB,VBB,VCB,VCG,VCI,VGC,VHC,VHM,VIB,VIC,VJC,VND,VNM,VPB,VRE,VSC",-0.0825701079496278,-0.0825701079496278,-0.011124809908368168,-0.011124809908368168,0.0,0.0,0.005,20
topk_nonoverlap_v2,B_technical_keyword,RandomForest,2025-03-27,2025-04-25,2025-03-27,5,random_topk_deterministic,5,"BVB,DCM,EIB,MBB,VCI",-0.055728747405167464,-0.06072874740516746,0.0157165506360921,0.0107165506360921,0.9999999999999999,0.004999999999999999,0.005,20
topk_nonoverlap_v2,B_technical_keyword,RandomForest,2025-03-27,2025-04-25,2025-03-27,10,model_topk,10,"BID,BSI,DCM,DXG,FPT,HCM,MBS,REE,SCR,VND",-0.11330912201303092,-0.11330912201303092,-0.04186382397177128,-0.04186382397177128,0.0,0.0,0.005,20
topk_nonoverlap_v2,B_technical_keyword,RandomForest,2025-03-27,2025-04-25,2025-03-27,10,equal_weight_universe,80,"ABB,ACB,ANV,BAB,BCM,BID,BMP,BSI,BVB,BVH,CMG,CSV,CTG,DCM,DGW,DIG,DPM,DXG,EIB,ELC,EVF,FPT,FRT,GAS,GEX,GMD,GVR,HAH,HCM,HDB,HDG,HPG,HSG,KDH,KLB,LPB,MBB,MBS,MCH,MSB,MSN,MWG,NAB,NKG,NLG,NT2,NVL,OCB,PDR,PGB,PHR,PLX,PNJ,POW,PPC,PVT,REE,SAB,SCR,SHB,SSB,SSI,STB,TCB,TPB,VBB,VCB,VCG,VCI,VGC,VHC,VHM,VIB,VIC,VJC,VND,VNM,VPB,VRE,VSC",-0.0825701079496278,-0.0825701079496278,-0.011124809908368168,-0.011124809908368168,0.0,0.0,0.005,20
topk_nonoverlap_v2,B_technical_keyword,RandomForest,2025-03-27,2025-04-25,2025-03-27,10,random_topk_deterministic,10,"DPM,EIB,EVF,MBB,OCB,PDR,REE,SSB,SSI,TPB",-0.07867987034277728,-0.08317987034277728,-0.00723457230151771,-0.011734572301517712,0.9000000000000002,0.004500000000000001,0.005,20
topk_nonoverlap_v2,B_technical_keyword,RandomForest,2025-04-25,2025-05-28,2025-04-25,5,model_topk,5,"FPT,FRT,LPB,VGC,VRE",0.08978942402403782,0.08578942402403782,-0.001845176498240239,-0.0058451764982402395,0.7999999999999999,0.004,0.005,20
topk_nonoverlap_v2,B_technical_keyword,RandomForest,2025-04-25,2025-05-28,2025-04-25,5,equal_weight_universe,80,"ABB,ACB,ANV,BAB,BCM,BID,BMP,BSI,BVB,BVH,CMG,CSV,CTG,DCM,DGW,DIG,DPM,DXG,EIB,ELC,EVF,FPT,FRT,GAS,GEX,GMD,GVR,HAH,HCM,HDB,HDG,HPG,HSG,KDH,KLB,LPB,MBB,MBS,MCH,MSB,MSN,MWG,NAB,NKG,NLG,NT2,NVL,OCB,PDR,PGB,PHR,PLX,PNJ,POW,PPC,PVT,REE,SAB,SCR,SHB,SSB,SSI,STB,TCB,TPB,VBB,VCB,VCG,VCI,VGC,VHC,VHM,VIB,VIC,VJC,VND,VNM,VPB,VRE,VSC",0.10309605388460427,0.10309605388460427,0.011461453362326185,0.011461453362326185,0.0,0.0,0.005,20
topk_nonoverlap_v2,B_technical_keyword,RandomForest,2025-04-25,2025-05-28,2025-04-25,5,random_topk_deterministic,5,"BID,BSI,DCM,NT2,PHR",0.0756922053701313,0.0716922053701313,-0.01594239515214672,-0.01994239515214672,0.7999999999999999,0.004,0.005,20
topk_nonoverlap_v2,B_technical_keyword,RandomForest,2025-04-25,2025-05-28,2025-04-25,10,model_topk,10,"DGW,FPT,FRT,LPB,STB,VCG,VGC,VIB,VND,VRE",0.07620034803672689,0.07220034803672688,-0.01543425248555117,-0.01943425248555117,0.8000000000000002,0.004000000000000001,0.005,20
topk_nonoverlap_v2,B_technical_keyword,RandomForest,2025-04-25,2025-05-28,2025-04-25,10,equal_weight_universe,80,"ABB,ACB,ANV,BAB,BCM,BID,BMP,BSI,BVB,BVH,CMG,CSV,CTG,DCM,DGW,DIG,DPM,DXG,EIB,ELC,EVF,FPT,FRT,GAS,GEX,GMD,GVR,HAH,HCM,HDB,HDG,HPG,HSG,KDH,KLB,LPB,MBB,MBS,MCH,MSB,MSN,MWG,NAB,NKG,NLG,NT2,NVL,OCB,PDR,PGB,PHR,PLX,PNJ,POW,PPC,PVT,REE,SAB,SCR,SHB,SSB,SSI,STB,TCB,TPB,VBB,VCB,VCG,VCI,VGC,VHC,VHM,VIB,VIC,VJC,VND,VNM,VPB,VRE,VSC",0.10309605388460427,0.10309605388460427,0.011461453362326185,0.011461453362326185,0.0,0.0,0.005,20
topk_nonoverlap_v2,B_technical_keyword,RandomForest,2025-04-25,2025-05-28,2025-04-25,10,random_topk_deterministic,10,"DIG,FPT,HAH,HCM,PGB,PHR,PPC,STB,VJC,VRE",0.10118331552304657,0.09618331552304657,0.009548715000768501,0.0045487150007685,1.0000000000000002,0.005000000000000001,0.005,20
topk_nonoverlap_v2,B_technical_keyword,RandomForest,2025-05-28,2025-06-25,2025-05-28,5,model_topk,5,"FPT,FRT,LPB,VGC,VRE",-0.01081411950301618,-0.01081411950301618,-0.02935540889766698,-0.02935540889766698,0.0,0.0,0.005,20
topk_nonoverlap_v2,B_technical_keyword,RandomForest,2025-05-28,2025-06-25,2025-05-28,5,equal_weight_universe,80,"ABB,ACB,ANV,BAB,BCM,BID,BMP,BSI,BVB,BVH,CMG,CSV,CTG,DCM,DGW,DIG,DPM,DXG,EIB,ELC,EVF,FPT,FRT,GAS,GEX,GMD,GVR,HAH,HCM,HDB,HDG,HPG,HSG,KDH,KLB,LPB,MBB,MBS,MCH,MSB,MSN,MWG,NAB,NKG,NLG,NT2,NVL,OCB,PDR,PGB,PHR,PLX,PNJ,POW,PPC,PVT,REE,SAB,SCR,SHB,SSB,SSI,STB,TCB,TPB,VBB,VCB,VCG,VCI,VGC,VHC,VHM,VIB,VIC,VJC,VND,VNM,VPB,VRE,VSC",0.026681130322015346,0.026681130322015346,0.008139840927364526,0.008139840927364526,0.0,0.0,0.005,20
topk_nonoverlap_v2,B_technical_keyword,RandomForest,2025-05-28,2025-06-25,2025-05-28,5,random_topk_deterministic,5,"BCM,SSI,STB,VHC,VSC",0.008787949881044959,0.0037879498810449597,-0.009753339513605838,-0.014753339513605837,0.9999999999999999,0.004999999999999999,0.005,20
topk_nonoverlap_v2,B_technical_keyword,RandomForest,2025-05-28,2025-06-25,2025-05-28,10,model_topk,10,"DGW,FPT,FRT,LPB,STB,VCG,VGC,VIB,VND,VRE",0.05180760133580509,0.05180760133580509,0.03326631194115427,0.03326631194115427,0.0,0.0,0.005,20
topk_nonoverlap_v2,B_technical_keyword,RandomForest,2025-05-28,2025-06-25,2025-05-28,10,equal_weight_universe,80,"ABB,ACB,ANV,BAB,BCM,BID,BMP,BSI,BVB,BVH,CMG,CSV,CTG,DCM,DGW,DIG,DPM,DXG,EIB,ELC,EVF,FPT,FRT,GAS,GEX,GMD,GVR,HAH,HCM,HDB,HDG,HPG,HSG,KDH,KLB,LPB,MBB,MBS,MCH,MSB,MSN,MWG,NAB,NKG,NLG,NT2,NVL,OCB,PDR,PGB,PHR,PLX,PNJ,POW,PPC,PVT,REE,SAB,SCR,SHB,SSB,SSI,STB,TCB,TPB,VBB,VCB,VCG,VCI,VGC,VHC,VHM,VIB,VIC,VJC,VND,VNM,VPB,VRE,VSC",0.026681130322015346,0.026681130322015346,0.008139840927364526,0.008139840927364526,0.0,0.0,0.005,20
topk_nonoverlap_v2,B_technical_keyword,RandomForest,2025-05-28,2025-06-25,2025-05-28,10,random_topk_deterministic,10,"BCM,BVB,BVH,DPM,EIB,FPT,MSB,MWG,NKG,VHC",0.022840263552320033,0.018340263552320032,0.00429897415766922,-0.00020102584233078116,0.9000000000000002,0.004500000000000001,0.005,20
topk_nonoverlap_v2,B_technical_keyword,RandomForest,2025-06-25,2025-07-23,2025-06-25,5,model_topk,5,"FPT,FRT,LPB,VGC,VRE",0.12149909290084597,0.12149909290084597,0.014998269780304658,0.014998269780304658,0.0,0.0,0.005,20
topk_nonoverlap_v2,B_technical_keyword,RandomForest,2025-06-25,2025-07-23,2025-06-25,5,equal_weight_universe,80,"ABB,ACB,ANV,BAB,BCM,BID,BMP,BSI,BVB,BVH,CMG,CSV,CTG,DCM,DGW,DIG,DPM,DXG,EIB,ELC,EVF,FPT,FRT,GAS,GEX,GMD,GVR,HAH,HCM,HDB,HDG,HPG,HSG,KDH,KLB,LPB,MBB,MBS,MCH,MSB,MSN,MWG,NAB,NKG,NLG,NT2,NVL,OCB,PDR,PGB,PHR,PLX,PNJ,POW,PPC,PVT,REE,SAB,SCR,SHB,SSB,SSI,STB,TCB,TPB,VBB,VCB,VCG,VCI,VGC,VHC,VHM,VIB,VIC,VJC,VND,VNM,VPB,VRE,VSC",0.11601544390767823,0.11601544390767823,0.009514620787136937,0.009514620787136937,0.0,0.0,0.005,20
topk_nonoverlap_v2,B_technical_keyword,RandomForest,2025-06-25,2025-07-23,2025-06-25,5,random_topk_deterministic,5,"BID,CMG,GVR,NLG,PNJ",0.08307826998452346,0.07807826998452345,-0.023422553136017783,-0.028422553136017784,0.9999999999999999,0.004999999999999999,0.005,20
topk_nonoverlap_v2,B_technical_keyword,RandomForest,2025-06-25,2025-07-23,2025-06-25,10,model_topk,10,"DGW,FPT,FRT,LPB,STB,VCG,VGC,VIB,VND,VRE",0.11375710492496231,0.11375710492496231,0.007256281804421019,0.007256281804421019,0.0,0.0,0.005,20
topk_nonoverlap_v2,B_technical_keyword,RandomForest,2025-06-25,2025-07-23,2025-06-25,10,equal_weight_universe,80,"ABB,ACB,ANV,BAB,BCM,BID,BMP,BSI,BVB,BVH,CMG,CSV,CTG,DCM,DGW,DIG,DPM,DXG,EIB,ELC,EVF,FPT,FRT,GAS,GEX,GMD,GVR,HAH,HCM,HDB,HDG,HPG,HSG,KDH,KLB,LPB,MBB,MBS,MCH,MSB,MSN,MWG,NAB,NKG,NLG,NT2,NVL,OCB,PDR,PGB,PHR,PLX,PNJ,POW,PPC,PVT,REE,SAB,SCR,SHB,SSB,SSI,STB,TCB,TPB,VBB,VCB,VCG,VCI,VGC,VHC,VHM,VIB,VIC,VJC,VND,VNM,VPB,VRE,VSC",0.11601544390767823,0.11601544390767823,0.009514620787136937,0.009514620787136937,0.0,0.0,0.005,20
topk_nonoverlap_v2,B_technical_keyword,RandomForest,2025-06-25,2025-07-23,2025-06-25,10,random_topk_deterministic,10,"DGW,DIG,HAH,NAB,OCB,PLX,SSI,TPB,VCI,VPB",0.14805779199272145,0.14305779199272145,0.04155696887218015,0.03655696887218014,1.0000000000000002,0.005000000000000001,0.005,20
topk_nonoverlap_v2,B_technical_keyword,RandomForest,2025-07-23,2025-08-20,2025-07-23,5,model_topk,5,"ANV,BSI,FPT,REE,VCB",0.04352836429471338,0.039528364294713375,-0.0570131913387214,-0.061013191338721406,0.7999999999999999,0.004,0.005,20
topk_nonoverlap_v2,B_technical_keyword,RandomForest,2025-07-23,2025-08-20,2025-07-23,5,equal_weight_universe,80,"ABB,ACB,ANV,BAB,BCM,BID,BMP,BSI,BVB,BVH,CMG,CSV,CTG,DCM,DGW,DIG,DPM,DXG,EIB,ELC,EVF,FPT,FRT,GAS,GEX,GMD,GVR,HAH,HCM,HDB,HDG,HPG,HSG,KDH,KLB,LPB,MBB,MBS,MCH,MSB,MSN,MWG,NAB,NKG,NLG,NT2,NVL,OCB,PDR,PGB,PHR,PLX,PNJ,POW,PPC,PVT,REE,SAB,SCR,SHB,SSB,SSI,STB,TCB,TPB,VBB,VCB,VCG,VCI,VGC,VHC,VHM,VIB,VIC,VJC,VND,VNM,VPB,VRE,VSC",0.11862726193998803,0.11862726193998803,0.018085706306553245,0.018085706306553245,0.0,0.0,0.005,20
topk_nonoverlap_v2,B_technical_keyword,RandomForest,2025-07-23,2025-08-20,2025-07-23,5,random_topk_deterministic,5,"BAB,DIG,HPG,STB,VIB",0.16727127631968924,0.16227127631968924,0.06672972068625446,0.061729720686254465,0.9999999999999999,0.004999999999999999,0.005,20
topk_nonoverlap_v2,B_technical_keyword,RandomForest,2025-07-23,2025-08-20,2025-07-23,10,model_topk,10,"ANV,BID,BSI,FPT,HDB,LPB,MWG,REE,VCB,VIC",0.084790278753912,0.080790278753912,-0.0157512768795228,-0.0197512768795228,0.8000000000000002,0.004000000000000001,0.005,20
topk_nonoverlap_v2,B_technical_keyword,RandomForest,2025-07-23,2025-08-20,2025-07-23,10,equal_weight_universe,80,"ABB,ACB,ANV,BAB,BCM,BID,BMP,BSI,BVB,BVH,CMG,CSV,CTG,DCM,DGW,DIG,DPM,DXG,EIB,ELC,EVF,FPT,FRT,GAS,GEX,GMD,GVR,HAH,HCM,HDB,HDG,HPG,HSG,KDH,KLB,LPB,MBB,MBS,MCH,MSB,MSN,MWG,NAB,NKG,NLG,NT2,NVL,OCB,PDR,PGB,PHR,PLX,PNJ,POW,PPC,PVT,REE,SAB,SCR,SHB,SSB,SSI,STB,TCB,TPB,VBB,VCB,VCG,VCI,VGC,VHC,VHM,VIB,VIC,VJC,VND,VNM,VPB,VRE,VSC",0.11862726193998803,0.11862726193998803,0.018085706306553245,0.018085706306553245,0.0,0.0,0.005,20
topk_nonoverlap_v2,B_technical_keyword,RandomForest,2025-07-23,2025-08-20,2025-07-23,10,random_topk_deterministic,10,"BVH,DIG,ELC,MBB,MCH,NLG,POW,SSI,TCB,VIB",0.13661526741074725,0.13261526741074725,0.03607371177731243,0.03207371177731243,0.8000000000000002,0.004000000000000001,0.005,20
topk_nonoverlap_v2,B_technical_keyword,RandomForest,2025-08-20,2025-09-19,2025-08-20,5,model_topk,5,"ANV,BSI,FPT,REE,VCB",-0.01519506981076806,-0.01519506981076806,-0.011746296708794957,-0.011746296708794957,0.0,0.0,0.005,20
topk_nonoverlap_v2,B_technical_keyword,RandomForest,2025-08-20,2025-09-19,2025-08-20,5,equal_weight_universe,80,"ABB,ACB,ANV,BAB,BCM,BID,BMP,BSI,BVB,BVH,CMG,CSV,CTG,DCM,DGW,DIG,DPM,DXG,EIB,ELC,EVF,FPT,FRT,GAS,GEX,GMD,GVR,HAH,HCM,HDB,HDG,HPG,HSG,KDH,KLB,LPB,MBB,MBS,MCH,MSB,MSN,MWG,NAB,NKG,NLG,NT2,NVL,OCB,PDR,PGB,PHR,PLX,PNJ,POW,PPC,PVT,REE,SAB,SCR,SHB,SSB,SSI,STB,TCB,TPB,VBB,VCB,VCG,VCI,VGC,VHC,VHM,VIB,VIC,VJC,VND,VNM,VPB,VRE,VSC",-0.012411640265388761,-0.012411640265388761,-0.008962867163415647,-0.008962867163415647,0.0,0.0,0.005,20
topk_nonoverlap_v2,B_technical_keyword,RandomForest,2025-08-20,2025-09-19,2025-08-20,5,random_topk_deterministic,5,"BSI,EIB,PDR,POW,TCB",-0.08616854890745428,-0.09116854890745428,-0.08271977580548118,-0.08771977580548118,0.9999999999999999,0.004999999999999999,0.005,20
topk_nonoverlap_v2,B_technical_keyword,RandomForest,2025-08-20,2025-09-19,2025-08-20,10,model_topk,10,"ANV,BID,BSI,FPT,HDB,LPB,MWG,REE,VCB,VIC",0.023268573719431782,0.023268573719431782,0.02671734682140488,0.02671734682140488,0.0,0.0,0.005,20
topk_nonoverlap_v2,B_technical_keyword,RandomForest,2025-08-20,2025-09-19,2025-08-20,10,equal_weight_universe,80,"ABB,ACB,ANV,BAB,BCM,BID,BMP,BSI,BVB,BVH,CMG,CSV,CTG,DCM,DGW,DIG,DPM,DXG,EIB,ELC,EVF,FPT,FRT,GAS,GEX,GMD,GVR,HAH,HCM,HDB,HDG,HPG,HSG,KDH,KLB,LPB,MBB,MBS,MCH,MSB,MSN,MWG,NAB,NKG,NLG,NT2,NVL,OCB,PDR,PGB,PHR,PLX,PNJ,POW,PPC,PVT,REE,SAB,SCR,SHB,SSB,SSI,STB,TCB,TPB,VBB,VCB,VCG,VCI,VGC,VHC,VHM,VIB,VIC,VJC,VND,VNM,VPB,VRE,VSC",-0.012411640265388761,-0.012411640265388761,-0.008962867163415647,-0.008962867163415647,0.0,0.0,0.005,20
topk_nonoverlap_v2,B_technical_keyword,RandomForest,2025-08-20,2025-09-19,2025-08-20,10,random_topk_deterministic,10,"BCM,BID,BSI,FPT,HDB,PGB,REE,SHB,VIB,VPB",-0.053374772546867844,-0.05787477254686785,-0.04992599944489474,-0.05442599944489474,0.9000000000000002,0.004500000000000001,0.005,20
topk_nonoverlap_v2,B_technical_keyword,RandomForest,2025-09-19,2025-10-17,2025-09-19,5,model_topk,5,"ANV,BSI,FPT,REE,VCB",-0.030118602168662145,-0.030118602168662145,-0.07387184281450043,-0.07387184281450043,0.0,0.0,0.005,20
topk_nonoverlap_v2,B_technical_keyword,RandomForest,2025-09-19,2025-10-17,2025-09-19,5,equal_weight_universe,80,"ABB,ACB,ANV,BAB,BCM,BID,BMP,BSI,BVB,BVH,CMG,CSV,CTG,DCM,DGW,DIG,DPM,DXG,EIB,ELC,EVF,FPT,FRT,GAS,GEX,GMD,GVR,HAH,HCM,HDB,HDG,HPG,HSG,KDH,KLB,LPB,MBB,MBS,MCH,MSB,MSN,MWG,NAB,NKG,NLG,NT2,NVL,OCB,PDR,PGB,PHR,PLX,PNJ,POW,PPC,PVT,REE,SAB,SCR,SHB,SSB,SSI,STB,TCB,TPB,VBB,VCB,VCG,VCI,VGC,VHC,VHM,VIB,VIC,VJC,VND,VNM,VPB,VRE,VSC",0.0075955101855792375,0.0075955101855792375,-0.03615773046025904,-0.03615773046025904,0.0,0.0,0.005,20
topk_nonoverlap_v2,B_technical_keyword,RandomForest,2025-09-19,2025-10-17,2025-09-19,5,random_topk_deterministic,5,"BVB,EIB,MCH,NT2,VSC",-0.02022824520395234,-0.02422824520395234,-0.06398148584979065,-0.06798148584979065,0.7999999999999999,0.004,0.005,20
topk_nonoverlap_v2,B_technical_keyword,RandomForest,2025-09-19,2025-10-17,2025-09-19,10,model_topk,10,"ANV,BID,BSI,FPT,HDB,LPB,MWG,REE,VCB,VIC",0.038881914920861696,0.038881914920861696,-0.004871325724976597,-0.004871325724976597,0.0,0.0,0.005,20
topk_nonoverlap_v2,B_technical_keyword,RandomForest,2025-09-19,2025-10-17,2025-09-19,10,equal_weight_universe,80,"ABB,ACB,ANV,BAB,BCM,BID,BMP,BSI,BVB,BVH,CMG,CSV,CTG,DCM,DGW,DIG,DPM,DXG,EIB,ELC,EVF,FPT,FRT,GAS,GEX,GMD,GVR,HAH,HCM,HDB,HDG,HPG,HSG,KDH,KLB,LPB,MBB,MBS,MCH,MSB,MSN,MWG,NAB,NKG,NLG,NT2,NVL,OCB,PDR,PGB,PHR,PLX,PNJ,POW,PPC,PVT,REE,SAB,SCR,SHB,SSB,SSI,STB,TCB,TPB,VBB,VCB,VCG,VCI,VGC,VHC,VHM,VIB,VIC,VJC,VND,VNM,VPB,VRE,VSC",0.0075955101855792375,0.0075955101855792375,-0.03615773046025904,-0.03615773046025904,0.0,0.0,0.005,20
topk_nonoverlap_v2,B_technical_keyword,RandomForest,2025-09-19,2025-10-17,2025-09-19,10,random_topk_deterministic,10,"DXG,HCM,HDG,MSN,NKG,POW,PVT,VBB,VCB,VNM",-0.008549808705419059,-0.01354980870541906,-0.05230304935125736,-0.057303049351257365,1.0000000000000002,0.005000000000000001,0.005,20
topk_nonoverlap_v2,B_technical_keyword,RandomForest,2025-10-17,2025-11-14,2025-10-17,5,model_topk,5,"BAB,BCM,DXG,FPT,VBB",-0.01374988908413578,-0.01774988908413578,0.04154733421313366,0.037547334213133665,0.7999999999999999,0.004,0.005,20
topk_nonoverlap_v2,B_technical_keyword,RandomForest,2025-10-17,2025-11-14,2025-10-17,5,equal_weight_universe,80,"ABB,ACB,ANV,BAB,BCM,BID,BMP,BSI,BVB,BVH,CMG,CSV,CTG,DCM,DGW,DIG,DPM,DXG,EIB,ELC,EVF,FPT,FRT,GAS,GEX,GMD,GVR,HAH,HCM,HDB,HDG,HPG,HSG,KDH,KLB,LPB,MBB,MBS,MCH,MSB,MSN,MWG,NAB,NKG,NLG,NT2,NVL,OCB,PDR,PGB,PHR,PLX,PNJ,POW,PPC,PVT,REE,SAB,SCR,SHB,SSB,SSI,STB,TCB,TPB,VBB,VCB,VCG,VCI,VGC,VHC,VHM,VIB,VIC,VJC,VND,VNM,VPB,VRE,VSC",-0.034949749742080496,-0.034949749742080496,0.02034747355518898,0.02034747355518898,0.0,0.0,0.005,20
topk_nonoverlap_v2,B_technical_keyword,RandomForest,2025-10-17,2025-11-14,2025-10-17,5,random_topk_deterministic,5,"DGW,GEX,OCB,PPC,VND",-0.08923609703968856,-0.09423609703968856,-0.03393887374241909,-0.03893887374241909,0.9999999999999999,0.004999999999999999,0.005,20
topk_nonoverlap_v2,B_technical_keyword,RandomForest,2025-10-17,2025-11-14,2025-10-17,10,model_topk,10,"BAB,BCM,DXG,FPT,GAS,PNJ,SAB,SHB,VBB,VRE",-0.027134851810512516,-0.03163485181051252,0.028162371486756942,0.023662371486756942,0.9000000000000002,0.004500000000000001,0.005,20
topk_nonoverlap_v2,B_technical_keyword,RandomForest,2025-10-17,2025-11-14,2025-10-17,10,equal_weight_universe,80,"ABB,ACB,ANV,BAB,BCM,BID,BMP,BSI,BVB,BVH,CMG,CSV,CTG,DCM,DGW,DIG,DPM,DXG,EIB,ELC,EVF,FPT,FRT,GAS,GEX,GMD,GVR,HAH,HCM,HDB,HDG,HPG,HSG,KDH,KLB,LPB,MBB,MBS,MCH,MSB,MSN,MWG,NAB,NKG,NLG,NT2,NVL,OCB,PDR,PGB,PHR,PLX,PNJ,POW,PPC,PVT,REE,SAB,SCR,SHB,SSB,SSI,STB,TCB,TPB,VBB,VCB,VCG,VCI,VGC,VHC,VHM,VIB,VIC,VJC,VND,VNM,VPB,VRE,VSC",-0.034949749742080496,-0.034949749742080496,0.02034747355518898,0.02034747355518898,0.0,0.0,0.005,20
topk_nonoverlap_v2,B_technical_keyword,RandomForest,2025-10-17,2025-11-14,2025-10-17,10,random_topk_deterministic,10,"BSI,DIG,HCM,KLB,MSN,NT2,OCB,PPC,SAB,SHB",-0.05052717172427716,-0.054527171724277165,0.004770051572992308,0.0007700515729923071,0.8000000000000002,0.004000000000000001,0.005,20
topk_nonoverlap_v2,B_technical_keyword,RandomForest,2025-11-14,2025-12-12,2025-11-14,5,model_topk,5,"BAB,BCM,DXG,FPT,VBB",-0.06770346329320262,-0.06770346329320262,-0.07469232269667324,-0.07469232269667324,0.0,0.0,0.005,20
topk_nonoverlap_v2,B_technical_keyword,RandomForest,2025-11-14,2025-12-12,2025-11-14,5,equal_weight_universe,80,"ABB,ACB,ANV,BAB,BCM,BID,BMP,BSI,BVB,BVH,CMG,CSV,CTG,DCM,DGW,DIG,DPM,DXG,EIB,ELC,EVF,FPT,FRT,GAS,GEX,GMD,GVR,HAH,HCM,HDB,HDG,HPG,HSG,KDH,KLB,LPB,MBB,MBS,MCH,MSB,MSN,MWG,NAB,NKG,NLG,NT2,NVL,OCB,PDR,PGB,PHR,PLX,PNJ,POW,PPC,PVT,REE,SAB,SCR,SHB,SSB,SSI,STB,TCB,TPB,VBB,VCB,VCG,VCI,VGC,VHC,VHM,VIB,VIC,VJC,VND,VNM,VPB,VRE,VSC",-0.04846450569060197,-0.04846450569060197,-0.05545336509407256,-0.05545336509407256,0.0,0.0,0.005,20
topk_nonoverlap_v2,B_technical_keyword,RandomForest,2025-11-14,2025-12-12,2025-11-14,5,random_topk_deterministic,5,"BID,GEX,PDR,REE,VJC",-0.059240200629824505,-0.06324020062982451,-0.0662290600332951,-0.0702290600332951,0.7999999999999999,0.004,0.005,20
topk_nonoverlap_v2,B_technical_keyword,RandomForest,2025-11-14,2025-12-12,2025-11-14,10,model_topk,10,"BAB,BCM,DXG,FPT,GAS,PNJ,SAB,SHB,VBB,VRE",-0.04689564369709895,-0.04689564369709895,-0.05388450310056956,-0.05388450310056956,0.0,0.0,0.005,20
topk_nonoverlap_v2,B_technical_keyword,RandomForest,2025-11-14,2025-12-12,2025-11-14,10,equal_weight_universe,80,"ABB,ACB,ANV,BAB,BCM,BID,BMP,BSI,BVB,BVH,CMG,CSV,CTG,DCM,DGW,DIG,DPM,DXG,EIB,ELC,EVF,FPT,FRT,GAS,GEX,GMD,GVR,HAH,HCM,HDB,HDG,HPG,HSG,KDH,KLB,LPB,MBB,MBS,MCH,MSB,MSN,MWG,NAB,NKG,NLG,NT2,NVL,OCB,PDR,PGB,PHR,PLX,PNJ,POW,PPC,PVT,REE,SAB,SCR,SHB,SSB,SSI,STB,TCB,TPB,VBB,VCB,VCG,VCI,VGC,VHC,VHM,VIB,VIC,VJC,VND,VNM,VPB,VRE,VSC",-0.04846450569060197,-0.04846450569060197,-0.05545336509407256,-0.05545336509407256,0.0,0.0,0.005,20
topk_nonoverlap_v2,B_technical_keyword,RandomForest,2025-11-14,2025-12-12,2025-11-14,10,random_topk_deterministic,10,"CMG,DIG,MBB,NKG,PGB,PPC,SAB,VCI,VIC,VPB",-0.00673578314920664,-0.01023578314920664,-0.013724642552677243,-0.017224642552677243,0.7000000000000001,0.0035000000000000005,0.005,20
topk_nonoverlap_v2,B_technical_keyword,RandomForest,2025-12-12,2026-01-13,2025-12-12,5,model_topk,5,"BAB,BCM,DXG,FPT,VBB",0.03085532853331504,0.03085532853331504,-0.12461346416079318,-0.12461346416079318,0.0,0.0,0.005,20
topk_nonoverlap_v2,B_technical_keyword,RandomForest,2025-12-12,2026-01-13,2025-12-12,5,equal_weight_universe,80,"ABB,ACB,ANV,BAB,BCM,BID,BMP,BSI,BVB,BVH,CMG,CSV,CTG,DCM,DGW,DIG,DPM,DXG,EIB,ELC,EVF,FPT,FRT,GAS,GEX,GMD,GVR,HAH,HCM,HDB,HDG,HPG,HSG,KDH,KLB,LPB,MBB,MBS,MCH,MSB,MSN,MWG,NAB,NKG,NLG,NT2,NVL,OCB,PDR,PGB,PHR,PLX,PNJ,POW,PPC,PVT,REE,SAB,SCR,SHB,SSB,SSI,STB,TCB,TPB,VBB,VCB,VCG,VCI,VGC,VHC,VHM,VIB,VIC,VJC,VND,VNM,VPB,VRE,VSC",0.10005516818208375,0.10005516818208375,-0.055413624512024494,-0.055413624512024494,0.0,0.0,0.005,20
topk_nonoverlap_v2,B_technical_keyword,RandomForest,2025-12-12,2026-01-13,2025-12-12,5,random_topk_deterministic,5,"BCM,CTG,GVR,HDG,SSI",0.14545353941494624,0.14045353941494623,-0.010015253279162079,-0.015015253279162078,0.9999999999999999,0.004999999999999999,0.005,20
topk_nonoverlap_v2,B_technical_keyword,RandomForest,2025-12-12,2026-01-13,2025-12-12,10,model_topk,10,"BAB,BCM,DXG,FPT,GAS,PNJ,SAB,SHB,VBB,VRE",0.13156634704999445,0.13156634704999445,-0.023902445644113778,-0.023902445644113778,0.0,0.0,0.005,20
topk_nonoverlap_v2,B_technical_keyword,RandomForest,2025-12-12,2026-01-13,2025-12-12,10,equal_weight_universe,80,"ABB,ACB,ANV,BAB,BCM,BID,BMP,BSI,BVB,BVH,CMG,CSV,CTG,DCM,DGW,DIG,DPM,DXG,EIB,ELC,EVF,FPT,FRT,GAS,GEX,GMD,GVR,HAH,HCM,HDB,HDG,HPG,HSG,KDH,KLB,LPB,MBB,MBS,MCH,MSB,MSN,MWG,NAB,NKG,NLG,NT2,NVL,OCB,PDR,PGB,PHR,PLX,PNJ,POW,PPC,PVT,REE,SAB,SCR,SHB,SSB,SSI,STB,TCB,TPB,VBB,VCB,VCG,VCI,VGC,VHC,VHM,VIB,VIC,VJC,VND,VNM,VPB,VRE,VSC",0.10005516818208375,0.10005516818208375,-0.055413624512024494,-0.055413624512024494,0.0,0.0,0.005,20
topk_nonoverlap_v2,B_technical_keyword,RandomForest,2025-12-12,2026-01-13,2025-12-12,10,random_topk_deterministic,10,"ABB,BAB,DPM,ELC,GVR,MBB,PPC,PVT,TCB,VBB",0.11715897328058049,0.11315897328058049,-0.038309819413527735,-0.04230981941352774,0.8000000000000002,0.004000000000000001,0.005,20
topk_nonoverlap_v2,B_technical_keyword,RandomForest,2026-01-13,2026-02-10,2026-01-13,5,model_topk,5,"FPT,FRT,NT2,PHR,VIC",-0.016447816604925912,-0.020447816604925912,0.061799938173232,0.05779993817323199,0.7999999999999999,0.004,0.005,20
topk_nonoverlap_v2,B_technical_keyword,RandomForest,2026-01-13,2026-02-10,2026-01-13,5,equal_weight_universe,79,"ABB,ACB,ANV,BAB,BCM,BID,BMP,BSI,BVB,BVH,CMG,CSV,CTG,DCM,DGW,DIG,DPM,DXG,EIB,ELC,EVF,FPT,FRT,GAS,GEX,GMD,GVR,HAH,HCM,HDB,HDG,HPG,HSG,KDH,LPB,MBB,MBS,MCH,MSB,MSN,MWG,NAB,NKG,NLG,NT2,NVL,OCB,PDR,PGB,PHR,PLX,PNJ,POW,PPC,PVT,REE,SAB,SCR,SHB,SSB,SSI,STB,TCB,TPB,VBB,VCB,VCG,VCI,VGC,VHC,VHM,VIB,VIC,VJC,VND,VNM,VPB,VRE,VSC",-0.04299521736466737,-0.04305771736466737,0.03525253741349052,0.03519003741349052,0.012499999999999994,6.249999999999997e-05,0.005,20
topk_nonoverlap_v2,B_technical_keyword,RandomForest,2026-01-13,2026-02-10,2026-01-13,5,random_topk_deterministic,5,"EIB,MSN,PLX,PPC,SSI",-0.021283710812194157,-0.025283710812194157,0.05696404396596374,0.05296404396596374,0.7999999999999999,0.004,0.005,20
topk_nonoverlap_v2,B_technical_keyword,RandomForest,2026-01-13,2026-02-10,2026-01-13,10,model_topk,10,"ANV,FPT,FRT,HPG,NT2,PHR,PVT,SHB,VIC,VPB",-0.041747106585931545,-0.04574710658593155,0.036500648192226356,0.03250064819222635,0.8000000000000002,0.004000000000000001,0.005,20
topk_nonoverlap_v2,B_technical_keyword,RandomForest,2026-01-13,2026-02-10,2026-01-13,10,equal_weight_universe,79,"ABB,ACB,ANV,BAB,BCM,BID,BMP,BSI,BVB,BVH,CMG,CSV,CTG,DCM,DGW,DIG,DPM,DXG,EIB,ELC,EVF,FPT,FRT,GAS,GEX,GMD,GVR,HAH,HCM,HDB,HDG,HPG,HSG,KDH,LPB,MBB,MBS,MCH,MSB,MSN,MWG,NAB,NKG,NLG,NT2,NVL,OCB,PDR,PGB,PHR,PLX,PNJ,POW,PPC,PVT,REE,SAB,SCR,SHB,SSB,SSI,STB,TCB,TPB,VBB,VCB,VCG,VCI,VGC,VHC,VHM,VIB,VIC,VJC,VND,VNM,VPB,VRE,VSC",-0.04299521736466737,-0.04305771736466737,0.03525253741349052,0.03519003741349052,0.012499999999999994,6.249999999999997e-05,0.005,20
topk_nonoverlap_v2,B_technical_keyword,RandomForest,2026-01-13,2026-02-10,2026-01-13,10,random_topk_deterministic,10,"EVF,KDH,MWG,NLG,PLX,PPC,STB,VGC,VIB,VND",-0.01623817907381785,-0.02073817907381785,0.06200957570434005,0.057509575704340045,0.9000000000000002,0.004500000000000001,0.005,20
topk_nonoverlap_v2,B_technical_keyword,RandomForest,2026-02-10,2026-03-17,2026-02-10,5,model_topk,5,"FPT,FRT,NT2,PHR,VIC",-0.04475470280965358,-0.04475470280965358,-0.019817843120822742,-0.019817843120822742,0.0,0.0,0.005,20
topk_nonoverlap_v2,B_technical_keyword,RandomForest,2026-02-10,2026-03-17,2026-02-10,5,equal_weight_universe,80,"ABB,ACB,ANV,BAB,BCM,BID,BMP,BSI,BVB,BVH,CMG,CSV,CTG,DCM,DGW,DIG,DPM,DXG,EIB,ELC,EVF,FPT,FRT,GAS,GEX,GMD,GVR,HAH,HCM,HDB,HDG,HPG,HSG,KDH,KLB,LPB,MBB,MBS,MCH,MSB,MSN,MWG,NAB,NKG,NLG,NT2,NVL,OCB,PDR,PGB,PHR,PLX,PNJ,POW,PPC,PVT,REE,SAB,SCR,SHB,SSB,SSI,STB,TCB,TPB,VBB,VCB,VCG,VCI,VGC,VHC,VHM,VIB,VIC,VJC,VND,VNM,VPB,VRE,VSC",-0.01970451065964718,-0.01976701065964718,0.005232349029183678,0.005169849029183678,0.012499999999999994,6.249999999999997e-05,0.005,20
topk_nonoverlap_v2,B_technical_keyword,RandomForest,2026-02-10,2026-03-17,2026-02-10,5,random_topk_deterministic,5,"ACB,ELC,NAB,NVL,VIB",-0.0218037764098315,-0.026803776409831497,0.003133083278999399,-0.0018669167210006,0.9999999999999999,0.004999999999999999,0.005,20
topk_nonoverlap_v2,B_technical_keyword,RandomForest,2026-02-10,2026-03-17,2026-02-10,10,model_topk,10,"ANV,FPT,FRT,HPG,NT2,PHR,PVT,SHB,VIC,VPB",-0.014859181862654785,-0.014859181862654785,0.01007767782617603,0.01007767782617603,0.0,0.0,0.005,20
topk_nonoverlap_v2,B_technical_keyword,RandomForest,2026-02-10,2026-03-17,2026-02-10,10,equal_weight_universe,80,"ABB,ACB,ANV,BAB,BCM,BID,BMP,BSI,BVB,BVH,CMG,CSV,CTG,DCM,DGW,DIG,DPM,DXG,EIB,ELC,EVF,FPT,FRT,GAS,GEX,GMD,GVR,HAH,HCM,HDB,HDG,HPG,HSG,KDH,KLB,LPB,MBB,MBS,MCH,MSB,MSN,MWG,NAB,NKG,NLG,NT2,NVL,OCB,PDR,PGB,PHR,PLX,PNJ,POW,PPC,PVT,REE,SAB,SCR,SHB,SSB,SSI,STB,TCB,TPB,VBB,VCB,VCG,VCI,VGC,VHC,VHM,VIB,VIC,VJC,VND,VNM,VPB,VRE,VSC",-0.01970451065964718,-0.01976701065964718,0.005232349029183678,0.005169849029183678,0.012499999999999994,6.249999999999997e-05,0.005,20
topk_nonoverlap_v2,B_technical_keyword,RandomForest,2026-02-10,2026-03-17,2026-02-10,10,random_topk_deterministic,10,"BSI,DCM,DPM,EIB,HCM,MCH,SCR,SHB,VGC,VPB",0.012300597029243595,0.007800597029243594,0.037237456718074435,0.03273745671807443,0.9000000000000002,0.004500000000000001,0.005,20
topk_nonoverlap_v2,B_technical_keyword,RandomForest,2026-03-17,2026-04-14,2026-03-17,5,model_topk,5,"FPT,FRT,NT2,PHR,VIC",0.02662215681521742,0.02662215681521742,-0.0115935843748733,-0.0115935843748733,0.0,0.0,0.005,20
topk_nonoverlap_v2,B_technical_keyword,RandomForest,2026-03-17,2026-04-14,2026-03-17,5,equal_weight_universe,80,"ABB,ACB,ANV,BAB,BCM,BID,BMP,BSI,BVB,BVH,CMG,CSV,CTG,DCM,DGW,DIG,DPM,DXG,EIB,ELC,EVF,FPT,FRT,GAS,GEX,GMD,GVR,HAH,HCM,HDB,HDG,HPG,HSG,KDH,KLB,LPB,MBB,MBS,MCH,MSB,MSN,MWG,NAB,NKG,NLG,NT2,NVL,OCB,PDR,PGB,PHR,PLX,PNJ,POW,PPC,PVT,REE,SAB,SCR,SHB,SSB,SSI,STB,TCB,TPB,VBB,VCB,VCG,VCI,VGC,VHC,VHM,VIB,VIC,VJC,VND,VNM,VPB,VRE,VSC",0.035497025414320385,0.035497025414320385,-0.002718715775770324,-0.002718715775770324,0.0,0.0,0.005,20
topk_nonoverlap_v2,B_technical_keyword,RandomForest,2026-03-17,2026-04-14,2026-03-17,5,random_topk_deterministic,5,"ANV,BVB,HSG,PHR,SCR",0.06344284004980216,0.058442840049802165,0.02522709885971146,0.02022709885971146,0.9999999999999999,0.004999999999999999,0.005,20
topk_nonoverlap_v2,B_technical_keyword,RandomForest,2026-03-17,2026-04-14,2026-03-17,10,model_topk,10,"ANV,FPT,FRT,HPG,NT2,PHR,PVT,SHB,VIC,VPB",0.025199006271726422,0.025199006271726422,-0.0130167349183643,-0.0130167349183643,0.0,0.0,0.005,20
topk_nonoverlap_v2,B_technical_keyword,RandomForest,2026-03-17,2026-04-14,2026-03-17,10,equal_weight_universe,80,"ABB,ACB,ANV,BAB,BCM,BID,BMP,BSI,BVB,BVH,CMG,CSV,CTG,DCM,DGW,DIG,DPM,DXG,EIB,ELC,EVF,FPT,FRT,GAS,GEX,GMD,GVR,HAH,HCM,HDB,HDG,HPG,HSG,KDH,KLB,LPB,MBB,MBS,MCH,MSB,MSN,MWG,NAB,NKG,NLG,NT2,NVL,OCB,PDR,PGB,PHR,PLX,PNJ,POW,PPC,PVT,REE,SAB,SCR,SHB,SSB,SSI,STB,TCB,TPB,VBB,VCB,VCG,VCI,VGC,VHC,VHM,VIB,VIC,VJC,VND,VNM,VPB,VRE,VSC",0.035497025414320385,0.035497025414320385,-0.002718715775770324,-0.002718715775770324,0.0,0.0,0.005,20
topk_nonoverlap_v2,B_technical_keyword,RandomForest,2026-03-17,2026-04-14,2026-03-17,10,random_topk_deterministic,10,"BCM,KDH,MBS,MSB,MSN,NKG,NLG,PGB,VCG,VGC",0.034634873332645574,0.030134873332645574,-0.0035808678574450895,-0.008080867857445091,0.9000000000000002,0.004500000000000001,0.005,20
topk_nonoverlap_v2,B_technical_keyword,RandomForest,2026-04-14,2026-05-15,2026-04-14,5,model_topk,5,"ABB,DIG,FPT,PHR,REE",0.014179992430626962,0.011179992430626961,-0.0680152600121404,-0.0710152600121404,0.6,0.003,0.005,20
topk_nonoverlap_v2,B_technical_keyword,RandomForest,2026-04-14,2026-05-15,2026-04-14,5,equal_weight_universe,80,"ABB,ACB,ANV,BAB,BCM,BID,BMP,BSI,BVB,BVH,CMG,CSV,CTG,DCM,DGW,DIG,DPM,DXG,EIB,ELC,EVF,FPT,FRT,GAS,GEX,GMD,GVR,HAH,HCM,HDB,HDG,HPG,HSG,KDH,KLB,LPB,MBB,MBS,MCH,MSB,MSN,MWG,NAB,NKG,NLG,NT2,NVL,OCB,PDR,PGB,PHR,PLX,PNJ,POW,PPC,PVT,REE,SAB,SCR,SHB,SSB,SSI,STB,TCB,TPB,VBB,VCB,VCG,VCI,VGC,VHC,VHM,VIB,VIC,VJC,VND,VNM,VPB,VRE,VSC",0.0018808559012271336,0.0018808559012271336,-0.08031439654154023,-0.08031439654154023,0.0,0.0,0.005,20
topk_nonoverlap_v2,B_technical_keyword,RandomForest,2026-04-14,2026-05-15,2026-04-14,5,random_topk_deterministic,5,"BMP,DCM,DGW,HCM,OCB",0.01564149501227732,0.01064149501227732,-0.0665537574304901,-0.0715537574304901,0.9999999999999999,0.004999999999999999,0.005,20
topk_nonoverlap_v2,B_technical_keyword,RandomForest,2026-04-14,2026-05-15,2026-04-14,10,model_topk,10,"ABB,DIG,EVF,FPT,HSG,PHR,REE,SCR,SSB,VHC",-0.014526196664955518,-0.01852619666495552,-0.0967214491077229,-0.1007214491077229,0.8000000000000002,0.004000000000000001,0.005,20
topk_nonoverlap_v2,B_technical_keyword,RandomForest,2026-04-14,2026-05-15,2026-04-14,10,equal_weight_universe,80,"ABB,ACB,ANV,BAB,BCM,BID,BMP,BSI,BVB,BVH,CMG,CSV,CTG,DCM,DGW,DIG,DPM,DXG,EIB,ELC,EVF,FPT,FRT,GAS,GEX,GMD,GVR,HAH,HCM,HDB,HDG,HPG,HSG,KDH,KLB,LPB,MBB,MBS,MCH,MSB,MSN,MWG,NAB,NKG,NLG,NT2,NVL,OCB,PDR,PGB,PHR,PLX,PNJ,POW,PPC,PVT,REE,SAB,SCR,SHB,SSB,SSI,STB,TCB,TPB,VBB,VCB,VCG,VCI,VGC,VHC,VHM,VIB,VIC,VJC,VND,VNM,VPB,VRE,VSC",0.0018808559012271336,0.0018808559012271336,-0.08031439654154023,-0.08031439654154023,0.0,0.0,0.005,20
topk_nonoverlap_v2,B_technical_keyword,RandomForest,2026-04-14,2026-05-15,2026-04-14,10,random_topk_deterministic,10,"EVF,GEX,GVR,HDG,MBB,PLX,TCB,VGC,VNM,VSC",0.007319459267149342,0.0028194592671493407,-0.07487579317561802,-0.07937579317561802,0.9000000000000002,0.004500000000000001,0.005,20
topk_nonoverlap_v2,B_technical_keyword,RandomForest,2026-05-15,2026-06-12,2026-05-15,5,model_topk,5,"ABB,DIG,FPT,PHR,REE",-0.03665828892185646,-0.03665828892185646,0.030967647797543962,0.030967647797543962,0.0,0.0,0.005,20
topk_nonoverlap_v2,B_technical_keyword,RandomForest,2026-05-15,2026-06-12,2026-05-15,5,equal_weight_universe,80,"ABB,ACB,ANV,BAB,BCM,BID,BMP,BSI,BVB,BVH,CMG,CSV,CTG,DCM,DGW,DIG,DPM,DXG,EIB,ELC,EVF,FPT,FRT,GAS,GEX,GMD,GVR,HAH,HCM,HDB,HDG,HPG,HSG,KDH,KLB,LPB,MBB,MBS,MCH,MSB,MSN,MWG,NAB,NKG,NLG,NT2,NVL,OCB,PDR,PGB,PHR,PLX,PNJ,POW,PPC,PVT,REE,SAB,SCR,SHB,SSB,SSI,STB,TCB,TPB,VBB,VCB,VCG,VCI,VGC,VHC,VHM,VIB,VIC,VJC,VND,VNM,VPB,VRE,VSC",-0.04302202297658324,-0.04302202297658324,0.024603913742817153,0.024603913742817153,0.0,0.0,0.005,20
topk_nonoverlap_v2,B_technical_keyword,RandomForest,2026-05-15,2026-06-12,2026-05-15,5,random_topk_deterministic,5,"ABB,HAH,HDG,MCH,PDR",-0.03087158096212552,-0.03587158096212552,0.036754355757274836,0.03175435575727484,0.9999999999999999,0.004999999999999999,0.005,20
topk_nonoverlap_v2,B_technical_keyword,RandomForest,2026-05-15,2026-06-12,2026-05-15,10,model_topk,10,"ABB,DIG,EVF,FPT,HSG,PHR,REE,SCR,SSB,VHC",-0.03050106427224488,-0.03050106427224488,0.03712487244715553,0.03712487244715553,0.0,0.0,0.005,20
topk_nonoverlap_v2,B_technical_keyword,RandomForest,2026-05-15,2026-06-12,2026-05-15,10,equal_weight_universe,80,"ABB,ACB,ANV,BAB,BCM,BID,BMP,BSI,BVB,BVH,CMG,CSV,CTG,DCM,DGW,DIG,DPM,DXG,EIB,ELC,EVF,FPT,FRT,GAS,GEX,GMD,GVR,HAH,HCM,HDB,HDG,HPG,HSG,KDH,KLB,LPB,MBB,MBS,MCH,MSB,MSN,MWG,NAB,NKG,NLG,NT2,NVL,OCB,PDR,PGB,PHR,PLX,PNJ,POW,PPC,PVT,REE,SAB,SCR,SHB,SSB,SSI,STB,TCB,TPB,VBB,VCB,VCG,VCI,VGC,VHC,VHM,VIB,VIC,VJC,VND,VNM,VPB,VRE,VSC",-0.04302202297658324,-0.04302202297658324,0.024603913742817153,0.024603913742817153,0.0,0.0,0.005,20
topk_nonoverlap_v2,B_technical_keyword,RandomForest,2026-05-15,2026-06-12,2026-05-15,10,random_topk_deterministic,10,"BVB,EIB,EVF,GEX,HAH,MBB,NAB,PLX,STB,VIC",-0.052759705432640525,-0.05575970543264053,0.014866231286759828,0.011866231286759829,0.6,0.003,0.005,20
topk_nonoverlap_v2,C_technical_semantic,LogisticRegression,2022-02-11,2022-03-11,2022-02-11,5,model_topk,5,"EIB,MSB,SSB,STB,VIB",-0.057231184488807506,-0.0622311844888075,-0.03381121658555064,-0.03881121658555064,1.0,0.005,0.005,20
topk_nonoverlap_v2,C_technical_semantic,LogisticRegression,2022-02-11,2022-03-11,2022-02-11,5,equal_weight_universe,80,"ABB,ACB,ANV,BAB,BCM,BID,BMP,BSI,BVB,BVH,CMG,CSV,CTG,DCM,DGW,DIG,DPM,DXG,EIB,ELC,EVF,FPT,FRT,GAS,GEX,GMD,GVR,HAH,HCM,HDB,HDG,HPG,HSG,KDH,KLB,LPB,MBB,MBS,MCH,MSB,MSN,MWG,NAB,NKG,NLG,NT2,NVL,OCB,PDR,PGB,PHR,PLX,PNJ,POW,PPC,PVT,REE,SAB,SCR,SHB,SSB,SSI,STB,TCB,TPB,VBB,VCB,VCG,VCI,VGC,VHC,VHM,VIB,VIC,VJC,VND,VNM,VPB,VRE,VSC",0.02555258494849641,0.02055258494849641,0.048972552851753344,0.043972552851753346,1.0,0.005,0.005,20
topk_nonoverlap_v2,C_technical_semantic,LogisticRegression,2022-02-11,2022-03-11,2022-02-11,5,random_topk_deterministic,5,"BMP,HDG,NAB,NKG,PHR",0.0360192915790591,0.0310192915790591,0.05943925948231606,0.054439259482316066,1.0,0.005,0.005,20
topk_nonoverlap_v2,C_technical_semantic,LogisticRegression,2022-02-11,2022-03-11,2022-02-11,10,model_topk,10,"EIB,HSG,KLB,MSB,PNJ,SAB,SSB,STB,VIB,VPB",-0.013959825166044621,-0.018959825166044622,0.009460142737212282,0.004460142737212282,1.0,0.005,0.005,20
topk_nonoverlap_v2,C_technical_semantic,LogisticRegression,2022-02-11,2022-03-11,2022-02-11,10,equal_weight_universe,80,"ABB,ACB,ANV,BAB,BCM,BID,BMP,BSI,BVB,BVH,CMG,CSV,CTG,DCM,DGW,DIG,DPM,DXG,EIB,ELC,EVF,FPT,FRT,GAS,GEX,GMD,GVR,HAH,HCM,HDB,HDG,HPG,HSG,KDH,KLB,LPB,MBB,MBS,MCH,MSB,MSN,MWG,NAB,NKG,NLG,NT2,NVL,OCB,PDR,PGB,PHR,PLX,PNJ,POW,PPC,PVT,REE,SAB,SCR,SHB,SSB,SSI,STB,TCB,TPB,VBB,VCB,VCG,VCI,VGC,VHC,VHM,VIB,VIC,VJC,VND,VNM,VPB,VRE,VSC",0.02555258494849641,0.02055258494849641,0.048972552851753344,0.043972552851753346,1.0,0.005,0.005,20
topk_nonoverlap_v2,C_technical_semantic,LogisticRegression,2022-02-11,2022-03-11,2022-02-11,10,random_topk_deterministic,10,"ABB,BID,BSI,DIG,EVF,FRT,MBB,REE,SAB,VGC",0.041373597430899876,0.03637359743089988,0.06479356533415685,0.059793565334156855,1.0,0.005,0.005,20
topk_nonoverlap_v2,C_technical_semantic,LogisticRegression,2022-03-11,2022-04-08,2022-03-11,5,model_topk,5,"EIB,MSB,SSB,STB,VIB",0.0016818057459314396,0.0016818057459314396,-0.008860013774845481,-0.008860013774845481,0.0,0.0,0.005,20
topk_nonoverlap_v2,C_technical_semantic,LogisticRegression,2022-03-11,2022-04-08,2022-03-11,5,equal_weight_universe,80,"ABB,ACB,ANV,BAB,BCM,BID,BMP,BSI,BVB,BVH,CMG,CSV,CTG,DCM,DGW,DIG,DPM,DXG,EIB,ELC,EVF,FPT,FRT,GAS,GEX,GMD,GVR,HAH,HCM,HDB,HDG,HPG,HSG,KDH,KLB,LPB,MBB,MBS,MCH,MSB,MSN,MWG,NAB,NKG,NLG,NT2,NVL,OCB,PDR,PGB,PHR,PLX,PNJ,POW,PPC,PVT,REE,SAB,SCR,SHB,SSB,SSI,STB,TCB,TPB,VBB,VCB,VCG,VCI,VGC,VHC,VHM,VIB,VIC,VJC,VND,VNM,VPB,VRE,VSC",0.006389860242397111,0.006389860242397111,-0.004151959278379816,-0.004151959278379816,0.0,0.0,0.005,20
topk_nonoverlap_v2,C_technical_semantic,LogisticRegression,2022-03-11,2022-04-08,2022-03-11,5,random_topk_deterministic,5,"DIG,GAS,KLB,VIB,VSC",-0.012127697427203325,-0.017127697427203326,-0.0226695169479803,-0.027669516947980297,0.9999999999999999,0.004999999999999999,0.005,20
topk_nonoverlap_v2,C_technical_semantic,LogisticRegression,2022-03-11,2022-04-08,2022-03-11,10,model_topk,10,"EIB,HSG,KLB,MSB,PNJ,SAB,SSB,STB,VIB,VPB",0.016785289407184538,0.016785289407184538,0.0062434698864076,0.0062434698864076,0.0,0.0,0.005,20
topk_nonoverlap_v2,C_technical_semantic,LogisticRegression,2022-03-11,2022-04-08,2022-03-11,10,equal_weight_universe,80,"ABB,ACB,ANV,BAB,BCM,BID,BMP,BSI,BVB,BVH,CMG,CSV,CTG,DCM,DGW,DIG,DPM,DXG,EIB,ELC,EVF,FPT,FRT,GAS,GEX,GMD,GVR,HAH,HCM,HDB,HDG,HPG,HSG,KDH,KLB,LPB,MBB,MBS,MCH,MSB,MSN,MWG,NAB,NKG,NLG,NT2,NVL,OCB,PDR,PGB,PHR,PLX,PNJ,POW,PPC,PVT,REE,SAB,SCR,SHB,SSB,SSI,STB,TCB,TPB,VBB,VCB,VCG,VCI,VGC,VHC,VHM,VIB,VIC,VJC,VND,VNM,VPB,VRE,VSC",0.006389860242397111,0.006389860242397111,-0.004151959278379816,-0.004151959278379816,0.0,0.0,0.005,20
topk_nonoverlap_v2,C_technical_semantic,LogisticRegression,2022-03-11,2022-04-08,2022-03-11,10,random_topk_deterministic,10,"CTG,KDH,MBS,MCH,PLX,PVT,TPB,VHC,VIB,VIC",0.01468419727954535,0.009684197279545349,0.0041423777587684205,-0.0008576222412315804,1.0000000000000002,0.005000000000000001,0.005,20
topk_nonoverlap_v2,C_technical_semantic,LogisticRegression,2022-04-08,2022-05-11,2022-04-08,5,model_topk,5,"FPT,MWG,NT2,VGC,VIB",-0.11258636169592244,-0.11658636169592244,0.009188267183969619,0.005188267183969619,0.7999999999999999,0.004,0.005,20
topk_nonoverlap_v2,C_technical_semantic,LogisticRegression,2022-04-08,2022-05-11,2022-04-08,5,equal_weight_universe,80,"ABB,ACB,ANV,BAB,BCM,BID,BMP,BSI,BVB,BVH,CMG,CSV,CTG,DCM,DGW,DIG,DPM,DXG,EIB,ELC,EVF,FPT,FRT,GAS,GEX,GMD,GVR,HAH,HCM,HDB,HDG,HPG,HSG,KDH,KLB,LPB,MBB,MBS,MCH,MSB,MSN,MWG,NAB,NKG,NLG,NT2,NVL,OCB,PDR,PGB,PHR,PLX,PNJ,POW,PPC,PVT,REE,SAB,SCR,SHB,SSB,SSI,STB,TCB,TPB,VBB,VCB,VCG,VCI,VGC,VHC,VHM,VIB,VIC,VJC,VND,VNM,VPB,VRE,VSC",-0.1441197676240598,-0.1441197676240598,-0.02234513874416772,-0.02234513874416772,0.0,0.0,0.005,20
topk_nonoverlap_v2,C_technical_semantic,LogisticRegression,2022-04-08,2022-05-11,2022-04-08,5,random_topk_deterministic,5,"ABB,BVB,DGW,GAS,HCM",-0.21063023959357138,-0.2146302395935714,-0.08885561071367928,-0.09285561071367929,0.7999999999999999,0.004,0.005,20
topk_nonoverlap_v2,C_technical_semantic,LogisticRegression,2022-04-08,2022-05-11,2022-04-08,10,model_topk,10,"CMG,ELC,FPT,HDB,MWG,NT2,REE,VGC,VIB,VNM",-0.09876630505435269,-0.10326630505435269,0.02300832382553937,0.01850832382553937,0.9000000000000002,0.004500000000000001,0.005,20
topk_nonoverlap_v2,C_technical_semantic,LogisticRegression,2022-04-08,2022-05-11,2022-04-08,10,equal_weight_universe,80,"ABB,ACB,ANV,BAB,BCM,BID,BMP,BSI,BVB,BVH,CMG,CSV,CTG,DCM,DGW,DIG,DPM,DXG,EIB,ELC,EVF,FPT,FRT,GAS,GEX,GMD,GVR,HAH,HCM,HDB,HDG,HPG,HSG,KDH,KLB,LPB,MBB,MBS,MCH,MSB,MSN,MWG,NAB,NKG,NLG,NT2,NVL,OCB,PDR,PGB,PHR,PLX,PNJ,POW,PPC,PVT,REE,SAB,SCR,SHB,SSB,SSI,STB,TCB,TPB,VBB,VCB,VCG,VCI,VGC,VHC,VHM,VIB,VIC,VJC,VND,VNM,VPB,VRE,VSC",-0.1441197676240598,-0.1441197676240598,-0.02234513874416772,-0.02234513874416772,0.0,0.0,0.005,20
topk_nonoverlap_v2,C_technical_semantic,LogisticRegression,2022-04-08,2022-05-11,2022-04-08,10,random_topk_deterministic,10,"DGW,DXG,ELC,FPT,HAH,MSB,PNJ,PVT,SCR,SSB",-0.12014260041722388,-0.12464260041722389,0.0016320284626681828,-0.0028679715373318183,0.9000000000000002,0.004500000000000001,0.005,20
topk_nonoverlap_v2,C_technical_semantic,LogisticRegression,2022-05-11,2022-06-08,2022-05-11,5,model_topk,5,"FPT,MWG,NT2,VGC,VIB",0.09414328207819338,0.09414328207819338,0.08924135895694368,0.08924135895694368,0.0,0.0,0.005,20
topk_nonoverlap_v2,C_technical_semantic,LogisticRegression,2022-05-11,2022-06-08,2022-05-11,5,equal_weight_universe,80,"ABB,ACB,ANV,BAB,BCM,BID,BMP,BSI,BVB,BVH,CMG,CSV,CTG,DCM,DGW,DIG,DPM,DXG,EIB,ELC,EVF,FPT,FRT,GAS,GEX,GMD,GVR,HAH,HCM,HDB,HDG,HPG,HSG,KDH,KLB,LPB,MBB,MBS,MCH,MSB,MSN,MWG,NAB,NKG,NLG,NT2,NVL,OCB,PDR,PGB,PHR,PLX,PNJ,POW,PPC,PVT,REE,SAB,SCR,SHB,SSB,SSI,STB,TCB,TPB,VBB,VCB,VCG,VCI,VGC,VHC,VHM,VIB,VIC,VJC,VND,VNM,VPB,VRE,VSC",0.026866112399613385,0.026866112399613385,0.02196418927836368,0.02196418927836368,0.0,0.0,0.005,20
topk_nonoverlap_v2,C_technical_semantic,LogisticRegression,2022-05-11,2022-06-08,2022-05-11,5,random_topk_deterministic,5,"ABB,MCH,MSB,SAB,SHB",-0.02481062115189964,-0.02881062115189964,-0.029712544273149344,-0.03371254427314935,0.7999999999999999,0.004,0.005,20
topk_nonoverlap_v2,C_technical_semantic,LogisticRegression,2022-05-11,2022-06-08,2022-05-11,10,model_topk,10,"CMG,ELC,FPT,HDB,MWG,NT2,REE,VGC,VIB,VNM",0.08555760149018979,0.08555760149018979,0.0806556783689401,0.0806556783689401,0.0,0.0,0.005,20
topk_nonoverlap_v2,C_technical_semantic,LogisticRegression,2022-05-11,2022-06-08,2022-05-11,10,equal_weight_universe,80,"ABB,ACB,ANV,BAB,BCM,BID,BMP,BSI,BVB,BVH,CMG,CSV,CTG,DCM,DGW,DIG,DPM,DXG,EIB,ELC,EVF,FPT,FRT,GAS,GEX,GMD,GVR,HAH,HCM,HDB,HDG,HPG,HSG,KDH,KLB,LPB,MBB,MBS,MCH,MSB,MSN,MWG,NAB,NKG,NLG,NT2,NVL,OCB,PDR,PGB,PHR,PLX,PNJ,POW,PPC,PVT,REE,SAB,SCR,SHB,SSB,SSI,STB,TCB,TPB,VBB,VCB,VCG,VCI,VGC,VHC,VHM,VIB,VIC,VJC,VND,VNM,VPB,VRE,VSC",0.026866112399613385,0.026866112399613385,0.02196418927836368,0.02196418927836368,0.0,0.0,0.005,20
topk_nonoverlap_v2,C_technical_semantic,LogisticRegression,2022-05-11,2022-06-08,2022-05-11,10,random_topk_deterministic,10,"ANV,BVH,DGW,EIB,GAS,HDG,HPG,PDR,SHB,VCB",0.03422105660158954,0.02972105660158954,0.029319133480339838,0.024819133480339838,0.9000000000000002,0.004500000000000001,0.005,20
topk_nonoverlap_v2,C_technical_semantic,LogisticRegression,2022-06-08,2022-07-06,2022-06-08,5,model_topk,5,"ELC,FPT,NT2,VGC,VIB",-0.110834566753326,-0.111834566753326,0.010198226022935419,0.009198226022935418,0.2,0.001,0.005,20
topk_nonoverlap_v2,C_technical_semantic,LogisticRegression,2022-06-08,2022-07-06,2022-06-08,5,equal_weight_universe,80,"ABB,ACB,ANV,BAB,BCM,BID,BMP,BSI,BVB,BVH,CMG,CSV,CTG,DCM,DGW,DIG,DPM,DXG,EIB,ELC,EVF,FPT,FRT,GAS,GEX,GMD,GVR,HAH,HCM,HDB,HDG,HPG,HSG,KDH,KLB,LPB,MBB,MBS,MCH,MSB,MSN,MWG,NAB,NKG,NLG,NT2,NVL,OCB,PDR,PGB,PHR,PLX,PNJ,POW,PPC,PVT,REE,SAB,SCR,SHB,SSB,SSI,STB,TCB,TPB,VBB,VCB,VCG,VCI,VGC,VHC,VHM,VIB,VIC,VJC,VND,VNM,VPB,VRE,VSC",-0.14370080722554357,-0.14370080722554357,-0.022668014449282146,-0.022668014449282146,0.0,0.0,0.005,20
topk_nonoverlap_v2,C_technical_semantic,LogisticRegression,2022-06-08,2022-07-06,2022-06-08,5,random_topk_deterministic,5,"GEX,HCM,PNJ,VIC,VSC",-0.1455378021215494,-0.1505378021215494,-0.02450500934528796,-0.029505009345287957,0.9999999999999999,0.004999999999999999,0.005,20
topk_nonoverlap_v2,C_technical_semantic,LogisticRegression,2022-06-08,2022-07-06,2022-06-08,10,model_topk,10,"CMG,ELC,FPT,HDB,NAB,NT2,REE,VGC,VIB,VNM",-0.10459943346843055,-0.10509943346843055,0.01643335930783086,0.01593335930783086,0.1,0.0005,0.005,20
topk_nonoverlap_v2,C_technical_semantic,LogisticRegression,2022-06-08,2022-07-06,2022-06-08,10,equal_weight_universe,80,"ABB,ACB,ANV,BAB,BCM,BID,BMP,BSI,BVB,BVH,CMG,CSV,CTG,DCM,DGW,DIG,DPM,DXG,EIB,ELC,EVF,FPT,FRT,GAS,GEX,GMD,GVR,HAH,HCM,HDB,HDG,HPG,HSG,KDH,KLB,LPB,MBB,MBS,MCH,MSB,MSN,MWG,NAB,NKG,NLG,NT2,NVL,OCB,PDR,PGB,PHR,PLX,PNJ,POW,PPC,PVT,REE,SAB,SCR,SHB,SSB,SSI,STB,TCB,TPB,VBB,VCB,VCG,VCI,VGC,VHC,VHM,VIB,VIC,VJC,VND,VNM,VPB,VRE,VSC",-0.14370080722554357,-0.14370080722554357,-0.022668014449282146,-0.022668014449282146,0.0,0.0,0.005,20
topk_nonoverlap_v2,C_technical_semantic,LogisticRegression,2022-06-08,2022-07-06,2022-06-08,10,random_topk_deterministic,10,"DCM,DGW,FRT,GVR,HDG,OCB,TCB,VBB,VCG,VSC",-0.2072842509531047,-0.2112842509531047,-0.08625145817684327,-0.09025145817684327,0.8000000000000002,0.004000000000000001,0.005,20
topk_nonoverlap_v2,C_technical_semantic,LogisticRegression,2022-07-06,2022-08-03,2022-07-06,5,model_topk,5,"DXG,EIB,EVF,SSB,STB",0.13125209213714722,0.12625209213714722,0.04413559175875792,0.03913559175875792,0.9999999999999999,0.004999999999999999,0.005,20
topk_nonoverlap_v2,C_technical_semantic,LogisticRegression,2022-07-06,2022-08-03,2022-07-06,5,equal_weight_universe,80,"ABB,ACB,ANV,BAB,BCM,BID,BMP,BSI,BVB,BVH,CMG,CSV,CTG,DCM,DGW,DIG,DPM,DXG,EIB,ELC,EVF,FPT,FRT,GAS,GEX,GMD,GVR,HAH,HCM,HDB,HDG,HPG,HSG,KDH,KLB,LPB,MBB,MBS,MCH,MSB,MSN,MWG,NAB,NKG,NLG,NT2,NVL,OCB,PDR,PGB,PHR,PLX,PNJ,POW,PPC,PVT,REE,SAB,SCR,SHB,SSB,SSI,STB,TCB,TPB,VBB,VCB,VCG,VCI,VGC,VHC,VHM,VIB,VIC,VJC,VND,VNM,VPB,VRE,VSC",0.12588210143176154,0.12588210143176154,0.03876560105337219,0.03876560105337219,0.0,0.0,0.005,20
topk_nonoverlap_v2,C_technical_semantic,LogisticRegression,2022-07-06,2022-08-03,2022-07-06,5,random_topk_deterministic,5,"ANV,CTG,KLB,PPC,SSI",0.07352387920966749,0.06852387920966749,-0.013592621168721859,-0.01859262116872186,0.9999999999999999,0.004999999999999999,0.005,20
topk_nonoverlap_v2,C_technical_semantic,LogisticRegression,2022-07-06,2022-08-03,2022-07-06,10,model_topk,10,"CTG,DXG,EIB,EVF,HDG,PDR,SHB,SSB,STB,VNM",0.1277664487764267,0.1232664487764267,0.04064994839803738,0.036149948398037375,0.9000000000000002,0.004500000000000001,0.005,20
topk_nonoverlap_v2,C_technical_semantic,LogisticRegression,2022-07-06,2022-08-03,2022-07-06,10,equal_weight_universe,80,"ABB,ACB,ANV,BAB,BCM,BID,BMP,BSI,BVB,BVH,CMG,CSV,CTG,DCM,DGW,DIG,DPM,DXG,EIB,ELC,EVF,FPT,FRT,GAS,GEX,GMD,GVR,HAH,HCM,HDB,HDG,HPG,HSG,KDH,KLB,LPB,MBB,MBS,MCH,MSB,MSN,MWG,NAB,NKG,NLG,NT2,NVL,OCB,PDR,PGB,PHR,PLX,PNJ,POW,PPC,PVT,REE,SAB,SCR,SHB,SSB,SSI,STB,TCB,TPB,VBB,VCB,VCG,VCI,VGC,VHC,VHM,VIB,VIC,VJC,VND,VNM,VPB,VRE,VSC",0.12588210143176154,0.12588210143176154,0.03876560105337219,0.03876560105337219,0.0,0.0,0.005,20
topk_nonoverlap_v2,C_technical_semantic,LogisticRegression,2022-07-06,2022-08-03,2022-07-06,10,random_topk_deterministic,10,"CSV,ELC,GEX,HDG,KDH,KLB,PGB,SSB,VGC,VND",0.16291490442162554,0.15841490442162554,0.0757984040432362,0.0712984040432362,0.9000000000000002,0.004500000000000001,0.005,20
topk_nonoverlap_v2,C_technical_semantic,LogisticRegression,2022-08-03,2022-08-31,2022-08-03,5,model_topk,5,"BID,DXG,EIB,SSB,STB",-0.00522671762746558,-0.00622671762746558,-0.029831441734494157,-0.030831441734494158,0.2,0.001,0.005,20
topk_nonoverlap_v2,C_technical_semantic,LogisticRegression,2022-08-03,2022-08-31,2022-08-03,5,equal_weight_universe,80,"ABB,ACB,ANV,BAB,BCM,BID,BMP,BSI,BVB,BVH,CMG,CSV,CTG,DCM,DGW,DIG,DPM,DXG,EIB,ELC,EVF,FPT,FRT,GAS,GEX,GMD,GVR,HAH,HCM,HDB,HDG,HPG,HSG,KDH,KLB,LPB,MBB,MBS,MCH,MSB,MSN,MWG,NAB,NKG,NLG,NT2,NVL,OCB,PDR,PGB,PHR,PLX,PNJ,POW,PPC,PVT,REE,SAB,SCR,SHB,SSB,SSI,STB,TCB,TPB,VBB,VCB,VCG,VCI,VGC,VHC,VHM,VIB,VIC,VJC,VND,VNM,VPB,VRE,VSC",0.027442932012420873,0.027442932012420873,0.0028382079053922574,0.0028382079053922574,0.0,0.0,0.005,20
topk_nonoverlap_v2,C_technical_semantic,LogisticRegression,2022-08-03,2022-08-31,2022-08-03,5,random_topk_deterministic,5,"LPB,PDR,PHR,PNJ,VCI",0.0220081959586162,0.017008195958616204,-0.0025965281484124207,-0.0075965281484124195,0.9999999999999999,0.004999999999999999,0.005,20
topk_nonoverlap_v2,C_technical_semantic,LogisticRegression,2022-08-03,2022-08-31,2022-08-03,10,model_topk,10,"BID,CTG,DXG,EIB,EVF,PDR,SHB,SSB,STB,VNM",-0.00203997892316513,-0.00253997892316513,-0.026644703030193718,-0.027144703030193718,0.1,0.0005,0.005,20
topk_nonoverlap_v2,C_technical_semantic,LogisticRegression,2022-08-03,2022-08-31,2022-08-03,10,equal_weight_universe,80,"ABB,ACB,ANV,BAB,BCM,BID,BMP,BSI,BVB,BVH,CMG,CSV,CTG,DCM,DGW,DIG,DPM,DXG,EIB,ELC,EVF,FPT,FRT,GAS,GEX,GMD,GVR,HAH,HCM,HDB,HDG,HPG,HSG,KDH,KLB,LPB,MBB,MBS,MCH,MSB,MSN,MWG,NAB,NKG,NLG,NT2,NVL,OCB,PDR,PGB,PHR,PLX,PNJ,POW,PPC,PVT,REE,SAB,SCR,SHB,SSB,SSI,STB,TCB,TPB,VBB,VCB,VCG,VCI,VGC,VHC,VHM,VIB,VIC,VJC,VND,VNM,VPB,VRE,VSC",0.027442932012420873,0.027442932012420873,0.0028382079053922574,0.0028382079053922574,0.0,0.0,0.005,20
topk_nonoverlap_v2,C_technical_semantic,LogisticRegression,2022-08-03,2022-08-31,2022-08-03,10,random_topk_deterministic,10,"ACB,ELC,FPT,GMD,MCH,MSB,NAB,PLX,VNM,VSC",-0.000984183418107029,-0.00548418341810703,-0.025588907525135644,-0.030088907525135645,0.9000000000000002,0.004500000000000001,0.005,20
topk_nonoverlap_v2,C_technical_semantic,LogisticRegression,2022-08-31,2022-09-30,2022-08-31,5,model_topk,5,"BID,DXG,EIB,SSB,STB",-0.09604577123181242,-0.09604577123181242,0.0198455533185621,0.0198455533185621,0.0,0.0,0.005,20
topk_nonoverlap_v2,C_technical_semantic,LogisticRegression,2022-08-31,2022-09-30,2022-08-31,5,equal_weight_universe,80,"ABB,ACB,ANV,BAB,BCM,BID,BMP,BSI,BVB,BVH,CMG,CSV,CTG,DCM,DGW,DIG,DPM,DXG,EIB,ELC,EVF,FPT,FRT,GAS,GEX,GMD,GVR,HAH,HCM,HDB,HDG,HPG,HSG,KDH,KLB,LPB,MBB,MBS,MCH,MSB,MSN,MWG,NAB,NKG,NLG,NT2,NVL,OCB,PDR,PGB,PHR,PLX,PNJ,POW,PPC,PVT,REE,SAB,SCR,SHB,SSB,SSI,STB,TCB,TPB,VBB,VCB,VCG,VCI,VGC,VHC,VHM,VIB,VIC,VJC,VND,VNM,VPB,VRE,VSC",-0.12112612114703285,-0.12112612114703285,-0.005234796596658332,-0.005234796596658332,0.0,0.0,0.005,20
topk_nonoverlap_v2,C_technical_semantic,LogisticRegression,2022-08-31,2022-09-30,2022-08-31,5,random_topk_deterministic,5,"HDB,NVL,SHB,VHC,VSC",-0.07357014966819128,-0.07857014966819129,0.0423211748821832,0.0373211748821832,0.9999999999999999,0.004999999999999999,0.005,20
topk_nonoverlap_v2,C_technical_semantic,LogisticRegression,2022-08-31,2022-09-30,2022-08-31,10,model_topk,10,"BID,CTG,DXG,EIB,EVF,PDR,SHB,SSB,STB,VNM",-0.09921152007190821,-0.09921152007190821,0.016679804478466315,0.016679804478466315,0.0,0.0,0.005,20
topk_nonoverlap_v2,C_technical_semantic,LogisticRegression,2022-08-31,2022-09-30,2022-08-31,10,equal_weight_universe,80,"ABB,ACB,ANV,BAB,BCM,BID,BMP,BSI,BVB,BVH,CMG,CSV,CTG,DCM,DGW,DIG,DPM,DXG,EIB,ELC,EVF,FPT,FRT,GAS,GEX,GMD,GVR,HAH,HCM,HDB,HDG,HPG,HSG,KDH,KLB,LPB,MBB,MBS,MCH,MSB,MSN,MWG,NAB,NKG,NLG,NT2,NVL,OCB,PDR,PGB,PHR,PLX,PNJ,POW,PPC,PVT,REE,SAB,SCR,SHB,SSB,SSI,STB,TCB,TPB,VBB,VCB,VCG,VCI,VGC,VHC,VHM,VIB,VIC,VJC,VND,VNM,VPB,VRE,VSC",-0.12112612114703285,-0.12112612114703285,-0.005234796596658332,-0.005234796596658332,0.0,0.0,0.005,20
topk_nonoverlap_v2,C_technical_semantic,LogisticRegression,2022-08-31,2022-09-30,2022-08-31,10,random_topk_deterministic,10,"BVH,EIB,EVF,HAH,HDB,MBB,NKG,NT2,SAB,SSB",-0.0755083135301082,-0.0805083135301082,0.0403830110202663,0.035383011020266295,1.0000000000000002,0.005000000000000001,0.005,20
topk_nonoverlap_v2,C_technical_semantic,LogisticRegression,2022-09-30,2022-10-28,2022-09-30,5,model_topk,5,"BID,DXG,EIB,SSB,STB",-0.07815018265600246,-0.07815018265600246,0.014376161957153522,0.014376161957153522,0.0,0.0,0.005,20
topk_nonoverlap_v2,C_technical_semantic,LogisticRegression,2022-09-30,2022-10-28,2022-09-30,5,equal_weight_universe,80,"ABB,ACB,ANV,BAB,BCM,BID,BMP,BSI,BVB,BVH,CMG,CSV,CTG,DCM,DGW,DIG,DPM,DXG,EIB,ELC,EVF,FPT,FRT,GAS,GEX,GMD,GVR,HAH,HCM,HDB,HDG,HPG,HSG,KDH,KLB,LPB,MBB,MBS,MCH,MSB,MSN,MWG,NAB,NKG,NLG,NT2,NVL,OCB,PDR,PGB,PHR,PLX,PNJ,POW,PPC,PVT,REE,SAB,SCR,SHB,SSB,SSI,STB,TCB,TPB,VBB,VCB,VCG,VCI,VGC,VHC,VHM,VIB,VIC,VJC,VND,VNM,VPB,VRE,VSC",-0.1269024482280874,-0.1269024482280874,-0.034376103614931416,-0.034376103614931416,0.0,0.0,0.005,20
topk_nonoverlap_v2,C_technical_semantic,LogisticRegression,2022-09-30,2022-10-28,2022-09-30,5,random_topk_deterministic,5,"HDB,HSG,MSB,NT2,REE",-0.07284247605394087,-0.07684247605394087,0.0196838685592151,0.0156838685592151,0.7999999999999999,0.004,0.005,20
topk_nonoverlap_v2,C_technical_semantic,LogisticRegression,2022-09-30,2022-10-28,2022-09-30,10,model_topk,10,"BID,CTG,DXG,EIB,EVF,PDR,SHB,SSB,STB,VNM",-0.06944420941156003,-0.06944420941156003,0.023082135201595966,0.023082135201595966,0.0,0.0,0.005,20
topk_nonoverlap_v2,C_technical_semantic,LogisticRegression,2022-09-30,2022-10-28,2022-09-30,10,equal_weight_universe,80,"ABB,ACB,ANV,BAB,BCM,BID,BMP,BSI,BVB,BVH,CMG,CSV,CTG,DCM,DGW,DIG,DPM,DXG,EIB,ELC,EVF,FPT,FRT,GAS,GEX,GMD,GVR,HAH,HCM,HDB,HDG,HPG,HSG,KDH,KLB,LPB,MBB,MBS,MCH,MSB,MSN,MWG,NAB,NKG,NLG,NT2,NVL,OCB,PDR,PGB,PHR,PLX,PNJ,POW,PPC,PVT,REE,SAB,SCR,SHB,SSB,SSI,STB,TCB,TPB,VBB,VCB,VCG,VCI,VGC,VHC,VHM,VIB,VIC,VJC,VND,VNM,VPB,VRE,VSC",-0.1269024482280874,-0.1269024482280874,-0.034376103614931416,-0.034376103614931416,0.0,0.0,0.005,20
topk_nonoverlap_v2,C_technical_semantic,LogisticRegression,2022-09-30,2022-10-28,2022-09-30,10,random_topk_deterministic,10,"BSI,FPT,HAH,HDB,HSG,NKG,PDR,PHR,SSB,VCG",-0.1818975827935288,-0.1848975827935288,-0.08937123818037276,-0.09237123818037277,0.6,0.003,0.005,20
topk_nonoverlap_v2,C_technical_semantic,LogisticRegression,2022-10-28,2022-11-25,2022-10-28,5,model_topk,5,"BAB,EIB,GMD,SSB,VSC",-0.13746987059862154,-0.14046987059862154,-0.08305856394856728,-0.08605856394856728,0.6,0.003,0.005,20
topk_nonoverlap_v2,C_technical_semantic,LogisticRegression,2022-10-28,2022-11-25,2022-10-28,5,equal_weight_universe,80,"ABB,ACB,ANV,BAB,BCM,BID,BMP,BSI,BVB,BVH,CMG,CSV,CTG,DCM,DGW,DIG,DPM,DXG,EIB,ELC,EVF,FPT,FRT,GAS,GEX,GMD,GVR,HAH,HCM,HDB,HDG,HPG,HSG,KDH,KLB,LPB,MBB,MBS,MCH,MSB,MSN,MWG,NAB,NKG,NLG,NT2,NVL,OCB,PDR,PGB,PHR,PLX,PNJ,POW,PPC,PVT,REE,SAB,SCR,SHB,SSB,SSI,STB,TCB,TPB,VBB,VCB,VCG,VCI,VGC,VHC,VHM,VIB,VIC,VJC,VND,VNM,VPB,VRE,VSC",-0.08837193253163753,-0.08837193253163753,-0.03396062588158323,-0.03396062588158323,0.0,0.0,0.005,20
topk_nonoverlap_v2,C_technical_semantic,LogisticRegression,2022-10-28,2022-11-25,2022-10-28,5,random_topk_deterministic,5,"BMP,HPG,POW,SSB,VGC",-0.0829419504828188,-0.0879419504828188,-0.028530643832764463,-0.03353064383276446,0.9999999999999999,0.004999999999999999,0.005,20
topk_nonoverlap_v2,C_technical_semantic,LogisticRegression,2022-10-28,2022-11-25,2022-10-28,10,model_topk,10,"ACB,BAB,BSI,EIB,FPT,GMD,PNJ,SSB,VRE,VSC",-0.06902397705200597,-0.07302397705200597,-0.014612670401951675,-0.018612670401951675,0.8000000000000002,0.004000000000000001,0.005,20
topk_nonoverlap_v2,C_technical_semantic,LogisticRegression,2022-10-28,2022-11-25,2022-10-28,10,equal_weight_universe,80,"ABB,ACB,ANV,BAB,BCM,BID,BMP,BSI,BVB,BVH,CMG,CSV,CTG,DCM,DGW,DIG,DPM,DXG,EIB,ELC,EVF,FPT,FRT,GAS,GEX,GMD,GVR,HAH,HCM,HDB,HDG,HPG,HSG,KDH,KLB,LPB,MBB,MBS,MCH,MSB,MSN,MWG,NAB,NKG,NLG,NT2,NVL,OCB,PDR,PGB,PHR,PLX,PNJ,POW,PPC,PVT,REE,SAB,SCR,SHB,SSB,SSI,STB,TCB,TPB,VBB,VCB,VCG,VCI,VGC,VHC,VHM,VIB,VIC,VJC,VND,VNM,VPB,VRE,VSC",-0.08837193253163753,-0.08837193253163753,-0.03396062588158323,-0.03396062588158323,0.0,0.0,0.005,20
topk_nonoverlap_v2,C_technical_semantic,LogisticRegression,2022-10-28,2022-11-25,2022-10-28,10,random_topk_deterministic,10,"ACB,BSI,GMD,MBB,MBS,NT2,PPC,SAB,SSI,VHM",-0.04285339334832276,-0.04735339334832277,0.011557913301731535,0.007057913301731534,0.9000000000000002,0.004500000000000001,0.005,20
topk_nonoverlap_v2,C_technical_semantic,LogisticRegression,2022-11-25,2022-12-23,2022-11-25,5,model_topk,5,"BAB,EIB,GMD,SSB,VSC",0.09093105951257438,0.09093105951257438,0.04061504032495996,0.04061504032495996,0.0,0.0,0.005,20
topk_nonoverlap_v2,C_technical_semantic,LogisticRegression,2022-11-25,2022-12-23,2022-11-25,5,equal_weight_universe,80,"ABB,ACB,ANV,BAB,BCM,BID,BMP,BSI,BVB,BVH,CMG,CSV,CTG,DCM,DGW,DIG,DPM,DXG,EIB,ELC,EVF,FPT,FRT,GAS,GEX,GMD,GVR,HAH,HCM,HDB,HDG,HPG,HSG,KDH,KLB,LPB,MBB,MBS,MCH,MSB,MSN,MWG,NAB,NKG,NLG,NT2,NVL,OCB,PDR,PGB,PHR,PLX,PNJ,POW,PPC,PVT,REE,SAB,SCR,SHB,SSB,SSI,STB,TCB,TPB,VBB,VCB,VCG,VCI,VGC,VHC,VHM,VIB,VIC,VJC,VND,VNM,VPB,VRE,VSC",0.0917815081415152,0.0917815081415152,0.0414654889539008,0.0414654889539008,0.0,0.0,0.005,20
topk_nonoverlap_v2,C_technical_semantic,LogisticRegression,2022-11-25,2022-12-23,2022-11-25,5,random_topk_deterministic,5,"ABB,HDB,HDG,PGB,SSI",0.08264956516023898,0.07764956516023898,0.032333545972624576,0.02733354597262458,0.9999999999999999,0.004999999999999999,0.005,20
topk_nonoverlap_v2,C_technical_semantic,LogisticRegression,2022-11-25,2022-12-23,2022-11-25,10,model_topk,10,"ACB,BAB,BSI,EIB,FPT,GMD,PNJ,SSB,VRE,VSC",0.07131222830572317,0.07131222830572317,0.02099620911810877,0.02099620911810877,0.0,0.0,0.005,20
topk_nonoverlap_v2,C_technical_semantic,LogisticRegression,2022-11-25,2022-12-23,2022-11-25,10,equal_weight_universe,80,"ABB,ACB,ANV,BAB,BCM,BID,BMP,BSI,BVB,BVH,CMG,CSV,CTG,DCM,DGW,DIG,DPM,DXG,EIB,ELC,EVF,FPT,FRT,GAS,GEX,GMD,GVR,HAH,HCM,HDB,HDG,HPG,HSG,KDH,KLB,LPB,MBB,MBS,MCH,MSB,MSN,MWG,NAB,NKG,NLG,NT2,NVL,OCB,PDR,PGB,PHR,PLX,PNJ,POW,PPC,PVT,REE,SAB,SCR,SHB,SSB,SSI,STB,TCB,TPB,VBB,VCB,VCG,VCI,VGC,VHC,VHM,VIB,VIC,VJC,VND,VNM,VPB,VRE,VSC",0.0917815081415152,0.0917815081415152,0.0414654889539008,0.0414654889539008,0.0,0.0,0.005,20
topk_nonoverlap_v2,C_technical_semantic,LogisticRegression,2022-11-25,2022-12-23,2022-11-25,10,random_topk_deterministic,10,"BCM,DGW,DXG,ELC,GEX,MBS,MCH,VCI,VGC,VSC",0.1007167503630015,0.0962167503630015,0.050400731175387105,0.0459007311753871,0.9000000000000002,0.004500000000000001,0.005,20
topk_nonoverlap_v2,C_technical_semantic,LogisticRegression,2022-12-23,2023-01-30,2022-12-23,5,model_topk,5,"BAB,EIB,GMD,SSB,VSC",0.036894254009523196,0.036894254009523196,-0.04369652945481212,-0.04369652945481212,0.0,0.0,0.005,20
topk_nonoverlap_v2,C_technical_semantic,LogisticRegression,2022-12-23,2023-01-30,2022-12-23,5,equal_weight_universe,80,"ABB,ACB,ANV,BAB,BCM,BID,BMP,BSI,BVB,BVH,CMG,CSV,CTG,DCM,DGW,DIG,DPM,DXG,EIB,ELC,EVF,FPT,FRT,GAS,GEX,GMD,GVR,HAH,HCM,HDB,HDG,HPG,HSG,KDH,KLB,LPB,MBB,MBS,MCH,MSB,MSN,MWG,NAB,NKG,NLG,NT2,NVL,OCB,PDR,PGB,PHR,PLX,PNJ,POW,PPC,PVT,REE,SAB,SCR,SHB,SSB,SSI,STB,TCB,TPB,VBB,VCB,VCG,VCI,VGC,VHC,VHM,VIB,VIC,VJC,VND,VNM,VPB,VRE,VSC",0.09285616386073754,0.09285616386073754,0.012265380396402218,0.012265380396402218,0.0,0.0,0.005,20
topk_nonoverlap_v2,C_technical_semantic,LogisticRegression,2022-12-23,2023-01-30,2022-12-23,5,random_topk_deterministic,5,"CMG,EIB,HPG,MCH,STB",0.06035209071849902,0.055352090718499024,-0.02023869274583632,-0.025238692745836316,0.9999999999999999,0.004999999999999999,0.005,20
topk_nonoverlap_v2,C_technical_semantic,LogisticRegression,2022-12-23,2023-01-30,2022-12-23,10,model_topk,10,"ACB,BAB,BSI,EIB,GMD,PNJ,SSB,VJC,VRE,VSC",0.06735352106502435,0.06685352106502435,-0.01323726239931099,-0.01373726239931099,0.1,0.0005,0.005,20
topk_nonoverlap_v2,C_technical_semantic,LogisticRegression,2022-12-23,2023-01-30,2022-12-23,10,equal_weight_universe,80,"ABB,ACB,ANV,BAB,BCM,BID,BMP,BSI,BVB,BVH,CMG,CSV,CTG,DCM,DGW,DIG,DPM,DXG,EIB,ELC,EVF,FPT,FRT,GAS,GEX,GMD,GVR,HAH,HCM,HDB,HDG,HPG,HSG,KDH,KLB,LPB,MBB,MBS,MCH,MSB,MSN,MWG,NAB,NKG,NLG,NT2,NVL,OCB,PDR,PGB,PHR,PLX,PNJ,POW,PPC,PVT,REE,SAB,SCR,SHB,SSB,SSI,STB,TCB,TPB,VBB,VCB,VCG,VCI,VGC,VHC,VHM,VIB,VIC,VJC,VND,VNM,VPB,VRE,VSC",0.09285616386073754,0.09285616386073754,0.012265380396402218,0.012265380396402218,0.0,0.0,0.005,20
topk_nonoverlap_v2,C_technical_semantic,LogisticRegression,2022-12-23,2023-01-30,2022-12-23,10,random_topk_deterministic,10,"BAB,BVH,CMG,CTG,HAH,HSG,NAB,NT2,PVT,VIB",0.10504161374418082,0.10004161374418082,0.024450830279845487,0.019450830279845486,1.0000000000000002,0.005000000000000001,0.005,20
topk_nonoverlap_v2,C_technical_semantic,LogisticRegression,2023-01-30,2023-02-27,2023-01-30,5,model_topk,5,"EIB,EVF,NVL,OCB,PDR",-0.17013777011941306,-0.17413777011941306,-0.09638281578544791,-0.10038281578544792,0.7999999999999999,0.004,0.005,20
topk_nonoverlap_v2,C_technical_semantic,LogisticRegression,2023-01-30,2023-02-27,2023-01-30,5,equal_weight_universe,80,"ABB,ACB,ANV,BAB,BCM,BID,BMP,BSI,BVB,BVH,CMG,CSV,CTG,DCM,DGW,DIG,DPM,DXG,EIB,ELC,EVF,FPT,FRT,GAS,GEX,GMD,GVR,HAH,HCM,HDB,HDG,HPG,HSG,KDH,KLB,LPB,MBB,MBS,MCH,MSB,MSN,MWG,NAB,NKG,NLG,NT2,NVL,OCB,PDR,PGB,PHR,PLX,PNJ,POW,PPC,PVT,REE,SAB,SCR,SHB,SSB,SSI,STB,TCB,TPB,VBB,VCB,VCG,VCI,VGC,VHC,VHM,VIB,VIC,VJC,VND,VNM,VPB,VRE,VSC",-0.088278629565926,-0.088278629565926,-0.014523675231960848,-0.014523675231960848,0.0,0.0,0.005,20
topk_nonoverlap_v2,C_technical_semantic,LogisticRegression,2023-01-30,2023-02-27,2023-01-30,5,random_topk_deterministic,5,"CMG,FPT,LPB,MBB,MSB",-0.07472041321971983,-0.07872041321971983,-0.0009654588857547011,-0.004965458885754701,0.7999999999999999,0.004,0.005,20
topk_nonoverlap_v2,C_technical_semantic,LogisticRegression,2023-01-30,2023-02-27,2023-01-30,10,model_topk,10,"BCM,BVB,EIB,EVF,NT2,NVL,OCB,PDR,PNJ,SSB",-0.106100856499877,-0.109600856499877,-0.03234590216591184,-0.035845902165911846,0.7000000000000001,0.0035000000000000005,0.005,20
topk_nonoverlap_v2,C_technical_semantic,LogisticRegression,2023-01-30,2023-02-27,2023-01-30,10,equal_weight_universe,80,"ABB,ACB,ANV,BAB,BCM,BID,BMP,BSI,BVB,BVH,CMG,CSV,CTG,DCM,DGW,DIG,DPM,DXG,EIB,ELC,EVF,FPT,FRT,GAS,GEX,GMD,GVR,HAH,HCM,HDB,HDG,HPG,HSG,KDH,KLB,LPB,MBB,MBS,MCH,MSB,MSN,MWG,NAB,NKG,NLG,NT2,NVL,OCB,PDR,PGB,PHR,PLX,PNJ,POW,PPC,PVT,REE,SAB,SCR,SHB,SSB,SSI,STB,TCB,TPB,VBB,VCB,VCG,VCI,VGC,VHC,VHM,VIB,VIC,VJC,VND,VNM,VPB,VRE,VSC",-0.088278629565926,-0.088278629565926,-0.014523675231960848,-0.014523675231960848,0.0,0.0,0.005,20
topk_nonoverlap_v2,C_technical_semantic,LogisticRegression,2023-01-30,2023-02-27,2023-01-30,10,random_topk_deterministic,10,"BCM,FPT,FRT,GMD,HCM,MWG,PPC,REE,TPB,VCI",-0.055442249922618,-0.060442249922618,0.018312704411347098,0.013312704411347097,1.0000000000000002,0.005000000000000001,0.005,20
topk_nonoverlap_v2,C_technical_semantic,LogisticRegression,2023-02-27,2023-03-27,2023-02-27,5,model_topk,5,"EIB,EVF,NVL,OCB,PDR",0.07475157420608117,0.07475157420608117,0.04439661704573842,0.04439661704573842,0.0,0.0,0.005,20
topk_nonoverlap_v2,C_technical_semantic,LogisticRegression,2023-02-27,2023-03-27,2023-02-27,5,equal_weight_universe,80,"ABB,ACB,ANV,BAB,BCM,BID,BMP,BSI,BVB,BVH,CMG,CSV,CTG,DCM,DGW,DIG,DPM,DXG,EIB,ELC,EVF,FPT,FRT,GAS,GEX,GMD,GVR,HAH,HCM,HDB,HDG,HPG,HSG,KDH,KLB,LPB,MBB,MBS,MCH,MSB,MSN,MWG,NAB,NKG,NLG,NT2,NVL,OCB,PDR,PGB,PHR,PLX,PNJ,POW,PPC,PVT,REE,SAB,SCR,SHB,SSB,SSI,STB,TCB,TPB,VBB,VCB,VCG,VCI,VGC,VHC,VHM,VIB,VIC,VJC,VND,VNM,VPB,VRE,VSC",0.04244534827522724,0.04244534827522724,0.012090391114884507,0.012090391114884507,0.0,0.0,0.005,20
topk_nonoverlap_v2,C_technical_semantic,LogisticRegression,2023-02-27,2023-03-27,2023-02-27,5,random_topk_deterministic,5,"HCM,KLB,POW,TCB,VSC",0.03399759263204038,0.02899759263204038,0.0036426354716976375,-0.0013573645283023617,0.9999999999999999,0.004999999999999999,0.005,20
topk_nonoverlap_v2,C_technical_semantic,LogisticRegression,2023-02-27,2023-03-27,2023-02-27,10,model_topk,10,"BCM,BVB,EIB,EVF,NT2,NVL,OCB,PDR,PNJ,SSB",0.05068081116288119,0.05068081116288119,0.02032585400253847,0.02032585400253847,0.0,0.0,0.005,20
topk_nonoverlap_v2,C_technical_semantic,LogisticRegression,2023-02-27,2023-03-27,2023-02-27,10,equal_weight_universe,80,"ABB,ACB,ANV,BAB,BCM,BID,BMP,BSI,BVB,BVH,CMG,CSV,CTG,DCM,DGW,DIG,DPM,DXG,EIB,ELC,EVF,FPT,FRT,GAS,GEX,GMD,GVR,HAH,HCM,HDB,HDG,HPG,HSG,KDH,KLB,LPB,MBB,MBS,MCH,MSB,MSN,MWG,NAB,NKG,NLG,NT2,NVL,OCB,PDR,PGB,PHR,PLX,PNJ,POW,PPC,PVT,REE,SAB,SCR,SHB,SSB,SSI,STB,TCB,TPB,VBB,VCB,VCG,VCI,VGC,VHC,VHM,VIB,VIC,VJC,VND,VNM,VPB,VRE,VSC",0.04244534827522724,0.04244534827522724,0.012090391114884507,0.012090391114884507,0.0,0.0,0.005,20
topk_nonoverlap_v2,C_technical_semantic,LogisticRegression,2023-02-27,2023-03-27,2023-02-27,10,random_topk_deterministic,10,"DIG,HCM,OCB,POW,SSB,VCG,VCI,VGC,VJC,VSC",0.055518541506956676,0.05151854150695667,0.02516358434661392,0.02116358434661392,0.8000000000000002,0.004000000000000001,0.005,20
topk_nonoverlap_v2,C_technical_semantic,LogisticRegression,2023-03-27,2023-04-24,2023-03-27,5,model_topk,5,"EIB,EVF,OCB,PDR,SSB",0.019326019423953678,0.018326019423953677,0.029675271027660162,0.02867527102766016,0.2,0.001,0.005,20
topk_nonoverlap_v2,C_technical_semantic,LogisticRegression,2023-03-27,2023-04-24,2023-03-27,5,equal_weight_universe,80,"ABB,ACB,ANV,BAB,BCM,BID,BMP,BSI,BVB,BVH,CMG,CSV,CTG,DCM,DGW,DIG,DPM,DXG,EIB,ELC,EVF,FPT,FRT,GAS,GEX,GMD,GVR,HAH,HCM,HDB,HDG,HPG,HSG,KDH,KLB,LPB,MBB,MBS,MCH,MSB,MSN,MWG,NAB,NKG,NLG,NT2,NVL,OCB,PDR,PGB,PHR,PLX,PNJ,POW,PPC,PVT,REE,SAB,SCR,SHB,SSB,SSI,STB,TCB,TPB,VBB,VCB,VCG,VCI,VGC,VHC,VHM,VIB,VIC,VJC,VND,VNM,VPB,VRE,VSC",0.030233523356027046,0.030233523356027046,0.04058277495973352,0.04058277495973352,0.0,0.0,0.005,20
topk_nonoverlap_v2,C_technical_semantic,LogisticRegression,2023-03-27,2023-04-24,2023-03-27,5,random_topk_deterministic,5,"DXG,ELC,GAS,HDG,VNM",0.006637468816920243,0.0016374688169202437,0.016986720420626714,0.011986720420626715,0.9999999999999999,0.004999999999999999,0.005,20
topk_nonoverlap_v2,C_technical_semantic,LogisticRegression,2023-03-27,2023-04-24,2023-03-27,10,model_topk,10,"BCM,BVB,EIB,EVF,NT2,OCB,PDR,PNJ,PVT,SSB",0.009808186300675068,0.009308186300675068,0.020157437904381542,0.01965743790438154,0.1,0.0005,0.005,20
topk_nonoverlap_v2,C_technical_semantic,LogisticRegression,2023-03-27,2023-04-24,2023-03-27,10,equal_weight_universe,80,"ABB,ACB,ANV,BAB,BCM,BID,BMP,BSI,BVB,BVH,CMG,CSV,CTG,DCM,DGW,DIG,DPM,DXG,EIB,ELC,EVF,FPT,FRT,GAS,GEX,GMD,GVR,HAH,HCM,HDB,HDG,HPG,HSG,KDH,KLB,LPB,MBB,MBS,MCH,MSB,MSN,MWG,NAB,NKG,NLG,NT2,NVL,OCB,PDR,PGB,PHR,PLX,PNJ,POW,PPC,PVT,REE,SAB,SCR,SHB,SSB,SSI,STB,TCB,TPB,VBB,VCB,VCG,VCI,VGC,VHC,VHM,VIB,VIC,VJC,VND,VNM,VPB,VRE,VSC",0.030233523356027046,0.030233523356027046,0.04058277495973352,0.04058277495973352,0.0,0.0,0.005,20
topk_nonoverlap_v2,C_technical_semantic,LogisticRegression,2023-03-27,2023-04-24,2023-03-27,10,random_topk_deterministic,10,"ACB,CSV,DXG,GMD,KDH,MBS,OCB,PPC,VGC,VJC",0.046487497043332784,0.04298749704333278,0.05683674864703927,0.053336748647039266,0.7000000000000001,0.0035000000000000005,0.005,20
topk_nonoverlap_v2,C_technical_semantic,LogisticRegression,2023-04-24,2023-05-25,2023-04-24,5,model_topk,5,"BSI,NLG,OCB,PGB,VHM",0.00442016371653628,0.00042016371653628027,-0.017925614880682922,-0.021925614880682922,0.7999999999999999,0.004,0.005,20
topk_nonoverlap_v2,C_technical_semantic,LogisticRegression,2023-04-24,2023-05-25,2023-04-24,5,equal_weight_universe,80,"ABB,ACB,ANV,BAB,BCM,BID,BMP,BSI,BVB,BVH,CMG,CSV,CTG,DCM,DGW,DIG,DPM,DXG,EIB,ELC,EVF,FPT,FRT,GAS,GEX,GMD,GVR,HAH,HCM,HDB,HDG,HPG,HSG,KDH,KLB,LPB,MBB,MBS,MCH,MSB,MSN,MWG,NAB,NKG,NLG,NT2,NVL,OCB,PDR,PGB,PHR,PLX,PNJ,POW,PPC,PVT,REE,SAB,SCR,SHB,SSB,SSI,STB,TCB,TPB,VBB,VCB,VCG,VCI,VGC,VHC,VHM,VIB,VIC,VJC,VND,VNM,VPB,VRE,VSC",0.028488844044077238,0.028488844044077238,0.006143065446858049,0.006143065446858049,0.0,0.0,0.005,20
topk_nonoverlap_v2,C_technical_semantic,LogisticRegression,2023-04-24,2023-05-25,2023-04-24,5,random_topk_deterministic,5,"ACB,PGB,PHR,VGC,VPB",0.03100985297351517,0.02600985297351517,0.008664074376295959,0.0036640743762959595,0.9999999999999999,0.004999999999999999,0.005,20
topk_nonoverlap_v2,C_technical_semantic,LogisticRegression,2023-04-24,2023-05-25,2023-04-24,10,model_topk,10,"BSI,DIG,DXG,MBS,NLG,OCB,PGB,SHB,VHM,VPB",0.03820493493271211,0.03370493493271211,0.015859156335492907,0.011359156335492906,0.9000000000000002,0.004500000000000001,0.005,20
topk_nonoverlap_v2,C_technical_semantic,LogisticRegression,2023-04-24,2023-05-25,2023-04-24,10,equal_weight_universe,80,"ABB,ACB,ANV,BAB,BCM,BID,BMP,BSI,BVB,BVH,CMG,CSV,CTG,DCM,DGW,DIG,DPM,DXG,EIB,ELC,EVF,FPT,FRT,GAS,GEX,GMD,GVR,HAH,HCM,HDB,HDG,HPG,HSG,KDH,KLB,LPB,MBB,MBS,MCH,MSB,MSN,MWG,NAB,NKG,NLG,NT2,NVL,OCB,PDR,PGB,PHR,PLX,PNJ,POW,PPC,PVT,REE,SAB,SCR,SHB,SSB,SSI,STB,TCB,TPB,VBB,VCB,VCG,VCI,VGC,VHC,VHM,VIB,VIC,VJC,VND,VNM,VPB,VRE,VSC",0.028488844044077238,0.028488844044077238,0.006143065446858049,0.006143065446858049,0.0,0.0,0.005,20
topk_nonoverlap_v2,C_technical_semantic,LogisticRegression,2023-04-24,2023-05-25,2023-04-24,10,random_topk_deterministic,10,"ANV,DXG,EVF,HDB,LPB,MSB,PVT,SHB,SSI,VHC",0.0362584604830032,0.031758460483003195,0.013912681885784001,0.009412681885784,0.9000000000000002,0.004500000000000001,0.005,20
topk_nonoverlap_v2,C_technical_semantic,LogisticRegression,2023-05-25,2023-06-22,2023-05-25,5,model_topk,5,"BSI,NLG,OCB,PGB,VHM",0.07097808570267221,0.07097808570267221,0.013991151274749019,0.013991151274749019,0.0,0.0,0.005,20
topk_nonoverlap_v2,C_technical_semantic,LogisticRegression,2023-05-25,2023-06-22,2023-05-25,5,equal_weight_universe,80,"ABB,ACB,ANV,BAB,BCM,BID,BMP,BSI,BVB,BVH,CMG,CSV,CTG,DCM,DGW,DIG,DPM,DXG,EIB,ELC,EVF,FPT,FRT,GAS,GEX,GMD,GVR,HAH,HCM,HDB,HDG,HPG,HSG,KDH,KLB,LPB,MBB,MBS,MCH,MSB,MSN,MWG,NAB,NKG,NLG,NT2,NVL,OCB,PDR,PGB,PHR,PLX,PNJ,POW,PPC,PVT,REE,SAB,SCR,SHB,SSB,SSI,STB,TCB,TPB,VBB,VCB,VCG,VCI,VGC,VHC,VHM,VIB,VIC,VJC,VND,VNM,VPB,VRE,VSC",0.09564780574348064,0.09564780574348064,0.03866087131555743,0.03866087131555743,0.0,0.0,0.005,20
topk_nonoverlap_v2,C_technical_semantic,LogisticRegression,2023-05-25,2023-06-22,2023-05-25,5,random_topk_deterministic,5,"ABB,BAB,GVR,SAB,TCB",0.07656350358823594,0.07156350358823593,0.019576569160312716,0.014576569160312717,0.9999999999999999,0.004999999999999999,0.005,20
topk_nonoverlap_v2,C_technical_semantic,LogisticRegression,2023-05-25,2023-06-22,2023-05-25,10,model_topk,10,"BSI,DIG,DXG,MBS,NLG,OCB,PGB,SHB,VHM,VPB",0.08381955354445511,0.08381955354445511,0.026832619116531887,0.026832619116531887,0.0,0.0,0.005,20
topk_nonoverlap_v2,C_technical_semantic,LogisticRegression,2023-05-25,2023-06-22,2023-05-25,10,equal_weight_universe,80,"ABB,ACB,ANV,BAB,BCM,BID,BMP,BSI,BVB,BVH,CMG,CSV,CTG,DCM,DGW,DIG,DPM,DXG,EIB,ELC,EVF,FPT,FRT,GAS,GEX,GMD,GVR,HAH,HCM,HDB,HDG,HPG,HSG,KDH,KLB,LPB,MBB,MBS,MCH,MSB,MSN,MWG,NAB,NKG,NLG,NT2,NVL,OCB,PDR,PGB,PHR,PLX,PNJ,POW,PPC,PVT,REE,SAB,SCR,SHB,SSB,SSI,STB,TCB,TPB,VBB,VCB,VCG,VCI,VGC,VHC,VHM,VIB,VIC,VJC,VND,VNM,VPB,VRE,VSC",0.09564780574348064,0.09564780574348064,0.03866087131555743,0.03866087131555743,0.0,0.0,0.005,20
topk_nonoverlap_v2,C_technical_semantic,LogisticRegression,2023-05-25,2023-06-22,2023-05-25,10,random_topk_deterministic,10,"ABB,ANV,BID,KLB,LPB,NAB,NVL,PNJ,VJC,VNM",0.08561757423246644,0.08161757423246643,0.02863063980454324,0.02463063980454324,0.8000000000000002,0.004000000000000001,0.005,20
topk_nonoverlap_v2,C_technical_semantic,LogisticRegression,2023-06-22,2023-07-20,2023-06-22,5,model_topk,5,"BSI,NLG,OCB,PGB,VHM",0.03348632794588437,0.03348632794588437,-0.00873352453789762,-0.00873352453789762,0.0,0.0,0.005,20
topk_nonoverlap_v2,C_technical_semantic,LogisticRegression,2023-06-22,2023-07-20,2023-06-22,5,equal_weight_universe,80,"ABB,ACB,ANV,BAB,BCM,BID,BMP,BSI,BVB,BVH,CMG,CSV,CTG,DCM,DGW,DIG,DPM,DXG,EIB,ELC,EVF,FPT,FRT,GAS,GEX,GMD,GVR,HAH,HCM,HDB,HDG,HPG,HSG,KDH,KLB,LPB,MBB,MBS,MCH,MSB,MSN,MWG,NAB,NKG,NLG,NT2,NVL,OCB,PDR,PGB,PHR,PLX,PNJ,POW,PPC,PVT,REE,SAB,SCR,SHB,SSB,SSI,STB,TCB,TPB,VBB,VCB,VCG,VCI,VGC,VHC,VHM,VIB,VIC,VJC,VND,VNM,VPB,VRE,VSC",0.04908615125116789,0.04908615125116789,0.0068662987673858865,0.0068662987673858865,0.0,0.0,0.005,20
topk_nonoverlap_v2,C_technical_semantic,LogisticRegression,2023-06-22,2023-07-20,2023-06-22,5,random_topk_deterministic,5,"ABB,GVR,MSN,POW,TCB",0.019816148020386618,0.01781614802038662,-0.0224037044633954,-0.024403704463395397,0.4,0.002,0.005,20
topk_nonoverlap_v2,C_technical_semantic,LogisticRegression,2023-06-22,2023-07-20,2023-06-22,10,model_topk,10,"BSI,DIG,DXG,MBS,NLG,OCB,PGB,SHB,VHM,VPB",0.03899291834799742,0.03899291834799742,-0.003226934135784559,-0.003226934135784559,0.0,0.0,0.005,20
topk_nonoverlap_v2,C_technical_semantic,LogisticRegression,2023-06-22,2023-07-20,2023-06-22,10,equal_weight_universe,80,"ABB,ACB,ANV,BAB,BCM,BID,BMP,BSI,BVB,BVH,CMG,CSV,CTG,DCM,DGW,DIG,DPM,DXG,EIB,ELC,EVF,FPT,FRT,GAS,GEX,GMD,GVR,HAH,HCM,HDB,HDG,HPG,HSG,KDH,KLB,LPB,MBB,MBS,MCH,MSB,MSN,MWG,NAB,NKG,NLG,NT2,NVL,OCB,PDR,PGB,PHR,PLX,PNJ,POW,PPC,PVT,REE,SAB,SCR,SHB,SSB,SSI,STB,TCB,TPB,VBB,VCB,VCG,VCI,VGC,VHC,VHM,VIB,VIC,VJC,VND,VNM,VPB,VRE,VSC",0.04908615125116789,0.04908615125116789,0.0068662987673858865,0.0068662987673858865,0.0,0.0,0.005,20
topk_nonoverlap_v2,C_technical_semantic,LogisticRegression,2023-06-22,2023-07-20,2023-06-22,10,random_topk_deterministic,10,"BSI,CSV,ELC,NLG,NVL,POW,SAB,SSI,VCG,VND",0.03507282283234538,0.030572822832345376,-0.007147029651436631,-0.011647029651436634,0.9000000000000002,0.004500000000000001,0.005,20
topk_nonoverlap_v2,C_technical_semantic,LogisticRegression,2023-07-20,2023-08-17,2023-07-20,5,model_topk,5,"DIG,DXG,KLB,PDR,PGB",0.13761672128820862,0.13361672128820862,0.08588626196402141,0.0818862619640214,0.7999999999999999,0.004,0.005,20
topk_nonoverlap_v2,C_technical_semantic,LogisticRegression,2023-07-20,2023-08-17,2023-07-20,5,equal_weight_universe,80,"ABB,ACB,ANV,BAB,BCM,BID,BMP,BSI,BVB,BVH,CMG,CSV,CTG,DCM,DGW,DIG,DPM,DXG,EIB,ELC,EVF,FPT,FRT,GAS,GEX,GMD,GVR,HAH,HCM,HDB,HDG,HPG,HSG,KDH,KLB,LPB,MBB,MBS,MCH,MSB,MSN,MWG,NAB,NKG,NLG,NT2,NVL,OCB,PDR,PGB,PHR,PLX,PNJ,POW,PPC,PVT,REE,SAB,SCR,SHB,SSB,SSI,STB,TCB,TPB,VBB,VCB,VCG,VCI,VGC,VHC,VHM,VIB,VIC,VJC,VND,VNM,VPB,VRE,VSC",0.058565910741737316,0.058565910741737316,0.006835451417550151,0.006835451417550151,0.0,0.0,0.005,20
topk_nonoverlap_v2,C_technical_semantic,LogisticRegression,2023-07-20,2023-08-17,2023-07-20,5,random_topk_deterministic,5,"CMG,FPT,PPC,TPB,VSC",-0.021304853015012122,-0.02630485301501212,-0.07303531233919928,-0.07803531233919929,0.9999999999999999,0.004999999999999999,0.005,20
topk_nonoverlap_v2,C_technical_semantic,LogisticRegression,2023-07-20,2023-08-17,2023-07-20,10,model_topk,10,"BSI,DGW,DIG,DXG,KLB,MCH,PDR,PGB,VNM,VSC",0.08014862700883311,0.07714862700883311,0.02841816768464594,0.02541816768464594,0.6,0.003,0.005,20
topk_nonoverlap_v2,C_technical_semantic,LogisticRegression,2023-07-20,2023-08-17,2023-07-20,10,equal_weight_universe,80,"ABB,ACB,ANV,BAB,BCM,BID,BMP,BSI,BVB,BVH,CMG,CSV,CTG,DCM,DGW,DIG,DPM,DXG,EIB,ELC,EVF,FPT,FRT,GAS,GEX,GMD,GVR,HAH,HCM,HDB,HDG,HPG,HSG,KDH,KLB,LPB,MBB,MBS,MCH,MSB,MSN,MWG,NAB,NKG,NLG,NT2,NVL,OCB,PDR,PGB,PHR,PLX,PNJ,POW,PPC,PVT,REE,SAB,SCR,SHB,SSB,SSI,STB,TCB,TPB,VBB,VCB,VCG,VCI,VGC,VHC,VHM,VIB,VIC,VJC,VND,VNM,VPB,VRE,VSC",0.058565910741737316,0.058565910741737316,0.006835451417550151,0.006835451417550151,0.0,0.0,0.005,20
topk_nonoverlap_v2,C_technical_semantic,LogisticRegression,2023-07-20,2023-08-17,2023-07-20,10,random_topk_deterministic,10,"ACB,BMP,BVH,FPT,MCH,NT2,NVL,OCB,STB,VIB",0.06145772551243737,0.056957725512437364,0.009727266188250188,0.005227266188250187,0.9000000000000002,0.004500000000000001,0.005,20
topk_nonoverlap_v2,C_technical_semantic,LogisticRegression,2023-08-17,2023-09-18,2023-08-17,5,model_topk,5,"DIG,DXG,PDR,PGB,SSI",0.07813929953809791,0.07713929953809791,0.0957074806192667,0.0947074806192667,0.2,0.001,0.005,20
topk_nonoverlap_v2,C_technical_semantic,LogisticRegression,2023-08-17,2023-09-18,2023-08-17,5,equal_weight_universe,80,"ABB,ACB,ANV,BAB,BCM,BID,BMP,BSI,BVB,BVH,CMG,CSV,CTG,DCM,DGW,DIG,DPM,DXG,EIB,ELC,EVF,FPT,FRT,GAS,GEX,GMD,GVR,HAH,HCM,HDB,HDG,HPG,HSG,KDH,KLB,LPB,MBB,MBS,MCH,MSB,MSN,MWG,NAB,NKG,NLG,NT2,NVL,OCB,PDR,PGB,PHR,PLX,PNJ,POW,PPC,PVT,REE,SAB,SCR,SHB,SSB,SSI,STB,TCB,TPB,VBB,VCB,VCG,VCI,VGC,VHC,VHM,VIB,VIC,VJC,VND,VNM,VPB,VRE,VSC",0.02450140955443635,0.02450140955443635,0.0420695906356051,0.0420695906356051,0.0,0.0,0.005,20
topk_nonoverlap_v2,C_technical_semantic,LogisticRegression,2023-08-17,2023-09-18,2023-08-17,5,random_topk_deterministic,5,"MBB,MWG,OCB,VHC,VIC",-0.00396348729140768,-0.008963487291407678,0.01360469378976108,0.008604693789761081,0.9999999999999999,0.004999999999999999,0.005,20
topk_nonoverlap_v2,C_technical_semantic,LogisticRegression,2023-08-17,2023-09-18,2023-08-17,10,model_topk,10,"BSI,DGW,DIG,DXG,KLB,MCH,PDR,PGB,SSI,VSC",0.06760102640924985,0.06710102640924985,0.0851692074904186,0.0846692074904186,0.1,0.0005,0.005,20
topk_nonoverlap_v2,C_technical_semantic,LogisticRegression,2023-08-17,2023-09-18,2023-08-17,10,equal_weight_universe,80,"ABB,ACB,ANV,BAB,BCM,BID,BMP,BSI,BVB,BVH,CMG,CSV,CTG,DCM,DGW,DIG,DPM,DXG,EIB,ELC,EVF,FPT,FRT,GAS,GEX,GMD,GVR,HAH,HCM,HDB,HDG,HPG,HSG,KDH,KLB,LPB,MBB,MBS,MCH,MSB,MSN,MWG,NAB,NKG,NLG,NT2,NVL,OCB,PDR,PGB,PHR,PLX,PNJ,POW,PPC,PVT,REE,SAB,SCR,SHB,SSB,SSI,STB,TCB,TPB,VBB,VCB,VCG,VCI,VGC,VHC,VHM,VIB,VIC,VJC,VND,VNM,VPB,VRE,VSC",0.02450140955443635,0.02450140955443635,0.0420695906356051,0.0420695906356051,0.0,0.0,0.005,20
topk_nonoverlap_v2,C_technical_semantic,LogisticRegression,2023-08-17,2023-09-18,2023-08-17,10,random_topk_deterministic,10,"ANV,BVB,GEX,MWG,OCB,PGB,PLX,TPB,VGC,VND",0.03807800611674994,0.03357800611674994,0.055646187197918695,0.05114618719791869,0.9000000000000002,0.004500000000000001,0.005,20
topk_nonoverlap_v2,C_technical_semantic,LogisticRegression,2023-09-18,2023-10-16,2023-09-18,5,model_topk,5,"DIG,DXG,KLB,PDR,PGB",-0.10350546086854029,-0.10450546086854029,-0.04541879711762236,-0.04641879711762236,0.2,0.001,0.005,20
topk_nonoverlap_v2,C_technical_semantic,LogisticRegression,2023-09-18,2023-10-16,2023-09-18,5,equal_weight_universe,80,"ABB,ACB,ANV,BAB,BCM,BID,BMP,BSI,BVB,BVH,CMG,CSV,CTG,DCM,DGW,DIG,DPM,DXG,EIB,ELC,EVF,FPT,FRT,GAS,GEX,GMD,GVR,HAH,HCM,HDB,HDG,HPG,HSG,KDH,KLB,LPB,MBB,MBS,MCH,MSB,MSN,MWG,NAB,NKG,NLG,NT2,NVL,OCB,PDR,PGB,PHR,PLX,PNJ,POW,PPC,PVT,REE,SAB,SCR,SHB,SSB,SSI,STB,TCB,TPB,VBB,VCB,VCG,VCI,VGC,VHC,VHM,VIB,VIC,VJC,VND,VNM,VPB,VRE,VSC",-0.04814229259590509,-0.04814229259590509,0.009944371155012855,0.009944371155012855,0.0,0.0,0.005,20
topk_nonoverlap_v2,C_technical_semantic,LogisticRegression,2023-09-18,2023-10-16,2023-09-18,5,random_topk_deterministic,5,"DIG,FPT,GEX,HAH,VRE",-0.03733647300374334,-0.04233647300374334,0.020750190747174574,0.015750190747174576,0.9999999999999999,0.004999999999999999,0.005,20
topk_nonoverlap_v2,C_technical_semantic,LogisticRegression,2023-09-18,2023-10-16,2023-09-18,10,model_topk,10,"BSI,DGW,DIG,DXG,KLB,MCH,PDR,PGB,VNM,VSC",-0.07743303329339957,-0.07793303329339957,-0.019346369542481617,-0.019846369542481618,0.1,0.0005,0.005,20
topk_nonoverlap_v2,C_technical_semantic,LogisticRegression,2023-09-18,2023-10-16,2023-09-18,10,equal_weight_universe,80,"ABB,ACB,ANV,BAB,BCM,BID,BMP,BSI,BVB,BVH,CMG,CSV,CTG,DCM,DGW,DIG,DPM,DXG,EIB,ELC,EVF,FPT,FRT,GAS,GEX,GMD,GVR,HAH,HCM,HDB,HDG,HPG,HSG,KDH,KLB,LPB,MBB,MBS,MCH,MSB,MSN,MWG,NAB,NKG,NLG,NT2,NVL,OCB,PDR,PGB,PHR,PLX,PNJ,POW,PPC,PVT,REE,SAB,SCR,SHB,SSB,SSI,STB,TCB,TPB,VBB,VCB,VCG,VCI,VGC,VHC,VHM,VIB,VIC,VJC,VND,VNM,VPB,VRE,VSC",-0.04814229259590509,-0.04814229259590509,0.009944371155012855,0.009944371155012855,0.0,0.0,0.005,20
topk_nonoverlap_v2,C_technical_semantic,LogisticRegression,2023-09-18,2023-10-16,2023-09-18,10,random_topk_deterministic,10,"DPM,HPG,MSB,NAB,PHR,PNJ,PPC,SSI,VCB,VCI",-0.0474168982507757,-0.052416898250775695,0.010669765500142212,0.005669765500142211,1.0000000000000002,0.005000000000000001,0.005,20
topk_nonoverlap_v2,C_technical_semantic,LogisticRegression,2023-10-16,2023-11-13,2023-10-16,5,model_topk,5,"BCM,MSN,SSB,VIB,VIC",-0.056529460105660956,-0.06152946010566095,-0.02030265489811238,-0.025302654898112377,0.9999999999999999,0.004999999999999999,0.005,20
topk_nonoverlap_v2,C_technical_semantic,LogisticRegression,2023-10-16,2023-11-13,2023-10-16,5,equal_weight_universe,80,"ABB,ACB,ANV,BAB,BCM,BID,BMP,BSI,BVB,BVH,CMG,CSV,CTG,DCM,DGW,DIG,DPM,DXG,EIB,ELC,EVF,FPT,FRT,GAS,GEX,GMD,GVR,HAH,HCM,HDB,HDG,HPG,HSG,KDH,KLB,LPB,MBB,MBS,MCH,MSB,MSN,MWG,NAB,NKG,NLG,NT2,NVL,OCB,PDR,PGB,PHR,PLX,PNJ,POW,PPC,PVT,REE,SAB,SCR,SHB,SSB,SSI,STB,TCB,TPB,VBB,VCB,VCG,VCI,VGC,VHC,VHM,VIB,VIC,VJC,VND,VNM,VPB,VRE,VSC",-0.0258687793007528,-0.0258687793007528,0.010358025906795802,0.010358025906795802,0.0,0.0,0.005,20
topk_nonoverlap_v2,C_technical_semantic,LogisticRegression,2023-10-16,2023-11-13,2023-10-16,5,random_topk_deterministic,5,"DGW,KLB,MSB,PHR,SAB",-0.09575105594323585,-0.10075105594323586,-0.05952425073568722,-0.06452425073568722,0.9999999999999999,0.004999999999999999,0.005,20
topk_nonoverlap_v2,C_technical_semantic,LogisticRegression,2023-10-16,2023-11-13,2023-10-16,10,model_topk,10,"BCM,MCH,MSB,MSN,PVT,SSB,VHC,VIB,VIC,VSC",-0.06060033432857711,-0.0646003343285771,-0.02437352912102851,-0.02837352912102851,0.8000000000000002,0.004000000000000001,0.005,20
topk_nonoverlap_v2,C_technical_semantic,LogisticRegression,2023-10-16,2023-11-13,2023-10-16,10,equal_weight_universe,80,"ABB,ACB,ANV,BAB,BCM,BID,BMP,BSI,BVB,BVH,CMG,CSV,CTG,DCM,DGW,DIG,DPM,DXG,EIB,ELC,EVF,FPT,FRT,GAS,GEX,GMD,GVR,HAH,HCM,HDB,HDG,HPG,HSG,KDH,KLB,LPB,MBB,MBS,MCH,MSB,MSN,MWG,NAB,NKG,NLG,NT2,NVL,OCB,PDR,PGB,PHR,PLX,PNJ,POW,PPC,PVT,REE,SAB,SCR,SHB,SSB,SSI,STB,TCB,TPB,VBB,VCB,VCG,VCI,VGC,VHC,VHM,VIB,VIC,VJC,VND,VNM,VPB,VRE,VSC",-0.0258687793007528,-0.0258687793007528,0.010358025906795802,0.010358025906795802,0.0,0.0,0.005,20
topk_nonoverlap_v2,C_technical_semantic,LogisticRegression,2023-10-16,2023-11-13,2023-10-16,10,random_topk_deterministic,10,"ANV,BMP,EVF,MCH,PDR,VCI,VHC,VIB,VJC,VND",-0.004542445119205627,-0.009042445119205628,0.03168436008834298,0.02718436008834298,0.9000000000000002,0.004500000000000001,0.005,20
topk_nonoverlap_v2,C_technical_semantic,LogisticRegression,2023-11-13,2023-12-11,2023-11-13,5,model_topk,5,"BCM,SSB,VCG,VIB,VIC",0.02412431953913638,0.02312431953913638,0.001007608784366118,7.60878436611794e-06,0.2,0.001,0.005,20
topk_nonoverlap_v2,C_technical_semantic,LogisticRegression,2023-11-13,2023-12-11,2023-11-13,5,equal_weight_universe,80,"ABB,ACB,ANV,BAB,BCM,BID,BMP,BSI,BVB,BVH,CMG,CSV,CTG,DCM,DGW,DIG,DPM,DXG,EIB,ELC,EVF,FPT,FRT,GAS,GEX,GMD,GVR,HAH,HCM,HDB,HDG,HPG,HSG,KDH,KLB,LPB,MBB,MBS,MCH,MSB,MSN,MWG,NAB,NKG,NLG,NT2,NVL,OCB,PDR,PGB,PHR,PLX,PNJ,POW,PPC,PVT,REE,SAB,SCR,SHB,SSB,SSI,STB,TCB,TPB,VBB,VCB,VCG,VCI,VGC,VHC,VHM,VIB,VIC,VJC,VND,VNM,VPB,VRE,VSC",0.03846540766510852,0.03846540766510852,0.015348696910338248,0.015348696910338248,0.0,0.0,0.005,20
topk_nonoverlap_v2,C_technical_semantic,LogisticRegression,2023-11-13,2023-12-11,2023-11-13,5,random_topk_deterministic,5,"DXG,GAS,PPC,TCB,VCG",0.017735963560186124,0.012735963560186124,-0.0053807471945841595,-0.010380747194584159,0.9999999999999999,0.004999999999999999,0.005,20
topk_nonoverlap_v2,C_technical_semantic,LogisticRegression,2023-11-13,2023-12-11,2023-11-13,10,model_topk,10,"BCM,MSB,MSN,PVT,SSB,VCG,VHC,VIB,VIC,VSC",0.03839608657748069,0.03789608657748069,0.015279375822710417,0.014779375822710416,0.1,0.0005,0.005,20
topk_nonoverlap_v2,C_technical_semantic,LogisticRegression,2023-11-13,2023-12-11,2023-11-13,10,equal_weight_universe,80,"ABB,ACB,ANV,BAB,BCM,BID,BMP,BSI,BVB,BVH,CMG,CSV,CTG,DCM,DGW,DIG,DPM,DXG,EIB,ELC,EVF,FPT,FRT,GAS,GEX,GMD,GVR,HAH,HCM,HDB,HDG,HPG,HSG,KDH,KLB,LPB,MBB,MBS,MCH,MSB,MSN,MWG,NAB,NKG,NLG,NT2,NVL,OCB,PDR,PGB,PHR,PLX,PNJ,POW,PPC,PVT,REE,SAB,SCR,SHB,SSB,SSI,STB,TCB,TPB,VBB,VCB,VCG,VCI,VGC,VHC,VHM,VIB,VIC,VJC,VND,VNM,VPB,VRE,VSC",0.03846540766510852,0.03846540766510852,0.015348696910338248,0.015348696910338248,0.0,0.0,0.005,20
topk_nonoverlap_v2,C_technical_semantic,LogisticRegression,2023-11-13,2023-12-11,2023-11-13,10,random_topk_deterministic,10,"BSI,CTG,DCM,DIG,GAS,GEX,GMD,MWG,PGB,VGC",0.046535086347501996,0.041535086347502,0.02341837559273172,0.01841837559273172,1.0000000000000002,0.005000000000000001,0.005,20
topk_nonoverlap_v2,C_technical_semantic,LogisticRegression,2023-12-11,2024-01-09,2023-12-11,5,model_topk,5,"BCM,SSB,VCG,VIB,VIC",0.009912543312448122,0.009912543312448122,-0.019487723235752603,-0.019487723235752603,0.0,0.0,0.005,20
topk_nonoverlap_v2,C_technical_semantic,LogisticRegression,2023-12-11,2024-01-09,2023-12-11,5,equal_weight_universe,80,"ABB,ACB,ANV,BAB,BCM,BID,BMP,BSI,BVB,BVH,CMG,CSV,CTG,DCM,DGW,DIG,DPM,DXG,EIB,ELC,EVF,FPT,FRT,GAS,GEX,GMD,GVR,HAH,HCM,HDB,HDG,HPG,HSG,KDH,KLB,LPB,MBB,MBS,MCH,MSB,MSN,MWG,NAB,NKG,NLG,NT2,NVL,OCB,PDR,PGB,PHR,PLX,PNJ,POW,PPC,PVT,REE,SAB,SCR,SHB,SSB,SSI,STB,TCB,TPB,VBB,VCB,VCG,VCI,VGC,VHC,VHM,VIB,VIC,VJC,VND,VNM,VPB,VRE,VSC",0.03295277521984165,0.03295277521984165,0.0035525086716409484,0.0035525086716409484,0.0,0.0,0.005,20
topk_nonoverlap_v2,C_technical_semantic,LogisticRegression,2023-12-11,2024-01-09,2023-12-11,5,random_topk_deterministic,5,"POW,SHB,VHM,VJC,VRE",0.018566193628473563,0.013566193628473564,-0.010834072919727161,-0.01583407291972716,0.9999999999999999,0.004999999999999999,0.005,20
topk_nonoverlap_v2,C_technical_semantic,LogisticRegression,2023-12-11,2024-01-09,2023-12-11,10,model_topk,10,"BCM,MSB,MSN,PVT,SSB,VCG,VHC,VIB,VIC,VSC",0.02215704779054013,0.02215704779054013,-0.007243218757660583,-0.007243218757660583,0.0,0.0,0.005,20
topk_nonoverlap_v2,C_technical_semantic,LogisticRegression,2023-12-11,2024-01-09,2023-12-11,10,equal_weight_universe,80,"ABB,ACB,ANV,BAB,BCM,BID,BMP,BSI,BVB,BVH,CMG,CSV,CTG,DCM,DGW,DIG,DPM,DXG,EIB,ELC,EVF,FPT,FRT,GAS,GEX,GMD,GVR,HAH,HCM,HDB,HDG,HPG,HSG,KDH,KLB,LPB,MBB,MBS,MCH,MSB,MSN,MWG,NAB,NKG,NLG,NT2,NVL,OCB,PDR,PGB,PHR,PLX,PNJ,POW,PPC,PVT,REE,SAB,SCR,SHB,SSB,SSI,STB,TCB,TPB,VBB,VCB,VCG,VCI,VGC,VHC,VHM,VIB,VIC,VJC,VND,VNM,VPB,VRE,VSC",0.03295277521984165,0.03295277521984165,0.0035525086716409484,0.0035525086716409484,0.0,0.0,0.005,20
topk_nonoverlap_v2,C_technical_semantic,LogisticRegression,2023-12-11,2024-01-09,2023-12-11,10,random_topk_deterministic,10,"ACB,FPT,HAH,MCH,PDR,PGB,PNJ,TCB,VHM,VND",0.05980768528017379,0.05530768528017379,0.030407418731973102,0.0259074187319731,0.9000000000000002,0.004500000000000001,0.005,20
topk_nonoverlap_v2,C_technical_semantic,LogisticRegression,2024-01-09,2024-02-06,2024-01-09,5,model_topk,5,"PDR,SAB,STB,VCG,VNM",0.0085658145448919,0.0045658145448919,-0.01723278547754916,-0.02123278547754916,0.7999999999999999,0.004,0.005,20
topk_nonoverlap_v2,C_technical_semantic,LogisticRegression,2024-01-09,2024-02-06,2024-01-09,5,equal_weight_universe,80,"ABB,ACB,ANV,BAB,BCM,BID,BMP,BSI,BVB,BVH,CMG,CSV,CTG,DCM,DGW,DIG,DPM,DXG,EIB,ELC,EVF,FPT,FRT,GAS,GEX,GMD,GVR,HAH,HCM,HDB,HDG,HPG,HSG,KDH,KLB,LPB,MBB,MBS,MCH,MSB,MSN,MWG,NAB,NKG,NLG,NT2,NVL,OCB,PDR,PGB,PHR,PLX,PNJ,POW,PPC,PVT,REE,SAB,SCR,SHB,SSB,SSI,STB,TCB,TPB,VBB,VCB,VCG,VCI,VGC,VHC,VHM,VIB,VIC,VJC,VND,VNM,VPB,VRE,VSC",0.029575030124538708,0.029575030124538708,0.0037764301020976688,0.0037764301020976688,0.0,0.0,0.005,20
topk_nonoverlap_v2,C_technical_semantic,LogisticRegression,2024-01-09,2024-02-06,2024-01-09,5,random_topk_deterministic,5,"GEX,KLB,MSN,NKG,PPC",-0.007486772769304739,-0.012486772769304738,-0.03328537279174578,-0.03828537279174578,0.9999999999999999,0.004999999999999999,0.005,20
topk_nonoverlap_v2,C_technical_semantic,LogisticRegression,2024-01-09,2024-02-06,2024-01-09,10,model_topk,10,"MSB,PDR,POW,SAB,STB,VCB,VCG,VNM,VPB,VRE",0.00013078771060743064,-0.00386921228939257,-0.025667812311833592,-0.029667812311833592,0.8000000000000002,0.004000000000000001,0.005,20
topk_nonoverlap_v2,C_technical_semantic,LogisticRegression,2024-01-09,2024-02-06,2024-01-09,10,equal_weight_universe,80,"ABB,ACB,ANV,BAB,BCM,BID,BMP,BSI,BVB,BVH,CMG,CSV,CTG,DCM,DGW,DIG,DPM,DXG,EIB,ELC,EVF,FPT,FRT,GAS,GEX,GMD,GVR,HAH,HCM,HDB,HDG,HPG,HSG,KDH,KLB,LPB,MBB,MBS,MCH,MSB,MSN,MWG,NAB,NKG,NLG,NT2,NVL,OCB,PDR,PGB,PHR,PLX,PNJ,POW,PPC,PVT,REE,SAB,SCR,SHB,SSB,SSI,STB,TCB,TPB,VBB,VCB,VCG,VCI,VGC,VHC,VHM,VIB,VIC,VJC,VND,VNM,VPB,VRE,VSC",0.029575030124538708,0.029575030124538708,0.0037764301020976688,0.0037764301020976688,0.0,0.0,0.005,20
topk_nonoverlap_v2,C_technical_semantic,LogisticRegression,2024-01-09,2024-02-06,2024-01-09,10,random_topk_deterministic,10,"ABB,BID,CMG,DCM,EIB,HDB,MSB,PLX,SCR,TPB",0.020648370882075683,0.01564837088207568,-0.005150229140365331,-0.010150229140365332,1.0000000000000002,0.005000000000000001,0.005,20
topk_nonoverlap_v2,C_technical_semantic,LogisticRegression,2024-02-06,2024-03-12,2024-02-06,5,model_topk,5,"SAB,STB,VNM,VPB,VRE",0.034330588760535644,0.03233058876053564,-0.013225954050449722,-0.015225954050449722,0.4,0.002,0.005,20
topk_nonoverlap_v2,C_technical_semantic,LogisticRegression,2024-02-06,2024-03-12,2024-02-06,5,equal_weight_universe,80,"ABB,ACB,ANV,BAB,BCM,BID,BMP,BSI,BVB,BVH,CMG,CSV,CTG,DCM,DGW,DIG,DPM,DXG,EIB,ELC,EVF,FPT,FRT,GAS,GEX,GMD,GVR,HAH,HCM,HDB,HDG,HPG,HSG,KDH,KLB,LPB,MBB,MBS,MCH,MSB,MSN,MWG,NAB,NKG,NLG,NT2,NVL,OCB,PDR,PGB,PHR,PLX,PNJ,POW,PPC,PVT,REE,SAB,SCR,SHB,SSB,SSI,STB,TCB,TPB,VBB,VCB,VCG,VCI,VGC,VHC,VHM,VIB,VIC,VJC,VND,VNM,VPB,VRE,VSC",0.04448375630615168,0.04448375630615168,-0.003072786504833726,-0.003072786504833726,0.0,0.0,0.005,20
topk_nonoverlap_v2,C_technical_semantic,LogisticRegression,2024-02-06,2024-03-12,2024-02-06,5,random_topk_deterministic,5,"MBS,PGB,VIB,VND,VSC",0.00609358889517038,0.001093588895170381,-0.04146295391581498,-0.04646295391581498,0.9999999999999999,0.004999999999999999,0.005,20
topk_nonoverlap_v2,C_technical_semantic,LogisticRegression,2024-02-06,2024-03-12,2024-02-06,10,model_topk,10,"MSB,MSN,NT2,POW,SAB,STB,VCB,VNM,VPB,VRE",0.05229727278904493,0.05129727278904493,0.004740729978059548,0.003740729978059548,0.2,0.001,0.005,20
topk_nonoverlap_v2,C_technical_semantic,LogisticRegression,2024-02-06,2024-03-12,2024-02-06,10,equal_weight_universe,80,"ABB,ACB,ANV,BAB,BCM,BID,BMP,BSI,BVB,BVH,CMG,CSV,CTG,DCM,DGW,DIG,DPM,DXG,EIB,ELC,EVF,FPT,FRT,GAS,GEX,GMD,GVR,HAH,HCM,HDB,HDG,HPG,HSG,KDH,KLB,LPB,MBB,MBS,MCH,MSB,MSN,MWG,NAB,NKG,NLG,NT2,NVL,OCB,PDR,PGB,PHR,PLX,PNJ,POW,PPC,PVT,REE,SAB,SCR,SHB,SSB,SSI,STB,TCB,TPB,VBB,VCB,VCG,VCI,VGC,VHC,VHM,VIB,VIC,VJC,VND,VNM,VPB,VRE,VSC",0.04448375630615168,0.04448375630615168,-0.003072786504833726,-0.003072786504833726,0.0,0.0,0.005,20
topk_nonoverlap_v2,C_technical_semantic,LogisticRegression,2024-02-06,2024-03-12,2024-02-06,10,random_topk_deterministic,10,"ABB,GVR,MSB,MWG,PLX,SSI,VCG,VHM,VND,VNM",0.04284999583883479,0.039349995838834785,-0.00470654697215059,-0.008206546972150591,0.7000000000000001,0.0035000000000000005,0.005,20
topk_nonoverlap_v2,C_technical_semantic,LogisticRegression,2024-03-12,2024-04-09,2024-03-12,5,model_topk,5,"SAB,STB,VNM,VPB,VRE",-0.026646514734777714,-0.026646514734777714,-0.04095976774682598,-0.04095976774682598,0.0,0.0,0.005,20
topk_nonoverlap_v2,C_technical_semantic,LogisticRegression,2024-03-12,2024-04-09,2024-03-12,5,equal_weight_universe,80,"ABB,ACB,ANV,BAB,BCM,BID,BMP,BSI,BVB,BVH,CMG,CSV,CTG,DCM,DGW,DIG,DPM,DXG,EIB,ELC,EVF,FPT,FRT,GAS,GEX,GMD,GVR,HAH,HCM,HDB,HDG,HPG,HSG,KDH,KLB,LPB,MBB,MBS,MCH,MSB,MSN,MWG,NAB,NKG,NLG,NT2,NVL,OCB,PDR,PGB,PHR,PLX,PNJ,POW,PPC,PVT,REE,SAB,SCR,SHB,SSB,SSI,STB,TCB,TPB,VBB,VCB,VCG,VCI,VGC,VHC,VHM,VIB,VIC,VJC,VND,VNM,VPB,VRE,VSC",0.013705628811516619,0.013705628811516619,-0.0006076242005315965,-0.0006076242005315965,0.0,0.0,0.005,20
topk_nonoverlap_v2,C_technical_semantic,LogisticRegression,2024-03-12,2024-04-09,2024-03-12,5,random_topk_deterministic,5,"KLB,MSB,MWG,VGC,VND",0.02178649877907558,0.01778649877907558,0.00747324576702732,0.00347324576702732,0.7999999999999999,0.004,0.005,20
topk_nonoverlap_v2,C_technical_semantic,LogisticRegression,2024-03-12,2024-04-09,2024-03-12,10,model_topk,10,"MSB,MSN,NT2,POW,SAB,STB,VCB,VNM,VPB,VRE",-0.03262877912791594,-0.03262877912791594,-0.046942032139964195,-0.046942032139964195,0.0,0.0,0.005,20
topk_nonoverlap_v2,C_technical_semantic,LogisticRegression,2024-03-12,2024-04-09,2024-03-12,10,equal_weight_universe,80,"ABB,ACB,ANV,BAB,BCM,BID,BMP,BSI,BVB,BVH,CMG,CSV,CTG,DCM,DGW,DIG,DPM,DXG,EIB,ELC,EVF,FPT,FRT,GAS,GEX,GMD,GVR,HAH,HCM,HDB,HDG,HPG,HSG,KDH,KLB,LPB,MBB,MBS,MCH,MSB,MSN,MWG,NAB,NKG,NLG,NT2,NVL,OCB,PDR,PGB,PHR,PLX,PNJ,POW,PPC,PVT,REE,SAB,SCR,SHB,SSB,SSI,STB,TCB,TPB,VBB,VCB,VCG,VCI,VGC,VHC,VHM,VIB,VIC,VJC,VND,VNM,VPB,VRE,VSC",0.013705628811516619,0.013705628811516619,-0.0006076242005315965,-0.0006076242005315965,0.0,0.0,0.005,20
topk_nonoverlap_v2,C_technical_semantic,LogisticRegression,2024-03-12,2024-04-09,2024-03-12,10,random_topk_deterministic,10,"EVF,LPB,MSB,MSN,PPC,SSB,VBB,VCI,VHC,VIB",-0.0009540092646869189,-0.00545400926468692,-0.015267262276735138,-0.01976726227673514,0.9000000000000002,0.004500000000000001,0.005,20
topk_nonoverlap_v2,C_technical_semantic,LogisticRegression,2024-04-09,2024-05-13,2024-04-09,5,model_topk,5,"CTG,HSG,MBB,SHB,VBB",0.008273838128439778,0.003273838128439779,0.02620196723630932,0.02120196723630932,0.9999999999999999,0.004999999999999999,0.005,20
topk_nonoverlap_v2,C_technical_semantic,LogisticRegression,2024-04-09,2024-05-13,2024-04-09,5,equal_weight_universe,80,"ABB,ACB,ANV,BAB,BCM,BID,BMP,BSI,BVB,BVH,CMG,CSV,CTG,DCM,DGW,DIG,DPM,DXG,EIB,ELC,EVF,FPT,FRT,GAS,GEX,GMD,GVR,HAH,HCM,HDB,HDG,HPG,HSG,KDH,KLB,LPB,MBB,MBS,MCH,MSB,MSN,MWG,NAB,NKG,NLG,NT2,NVL,OCB,PDR,PGB,PHR,PLX,PNJ,POW,PPC,PVT,REE,SAB,SCR,SHB,SSB,SSI,STB,TCB,TPB,VBB,VCB,VCG,VCI,VGC,VHC,VHM,VIB,VIC,VJC,VND,VNM,VPB,VRE,VSC",-0.011577584859227955,-0.011577584859227955,0.006350544248641598,0.006350544248641598,0.0,0.0,0.005,20
topk_nonoverlap_v2,C_technical_semantic,LogisticRegression,2024-04-09,2024-05-13,2024-04-09,5,random_topk_deterministic,5,"BAB,MWG,PLX,VCI,VGC",0.005935762655014121,0.002935762655014121,0.023863891762883702,0.020863891762883703,0.6,0.003,0.005,20
topk_nonoverlap_v2,C_technical_semantic,LogisticRegression,2024-04-09,2024-05-13,2024-04-09,10,model_topk,10,"ABB,ACB,CTG,HSG,MBB,MSB,SHB,SSB,VBB,VSC",-0.006510538944953062,-0.011010538944953064,0.011417590162916469,0.006917590162916467,0.9000000000000002,0.004500000000000001,0.005,20
topk_nonoverlap_v2,C_technical_semantic,LogisticRegression,2024-04-09,2024-05-13,2024-04-09,10,equal_weight_universe,80,"ABB,ACB,ANV,BAB,BCM,BID,BMP,BSI,BVB,BVH,CMG,CSV,CTG,DCM,DGW,DIG,DPM,DXG,EIB,ELC,EVF,FPT,FRT,GAS,GEX,GMD,GVR,HAH,HCM,HDB,HDG,HPG,HSG,KDH,KLB,LPB,MBB,MBS,MCH,MSB,MSN,MWG,NAB,NKG,NLG,NT2,NVL,OCB,PDR,PGB,PHR,PLX,PNJ,POW,PPC,PVT,REE,SAB,SCR,SHB,SSB,SSI,STB,TCB,TPB,VBB,VCB,VCG,VCI,VGC,VHC,VHM,VIB,VIC,VJC,VND,VNM,VPB,VRE,VSC",-0.011577584859227955,-0.011577584859227955,0.006350544248641598,0.006350544248641598,0.0,0.0,0.005,20
topk_nonoverlap_v2,C_technical_semantic,LogisticRegression,2024-04-09,2024-05-13,2024-04-09,10,random_topk_deterministic,10,"ABB,BID,BVB,DIG,FPT,PHR,POW,VCI,VNM,VSC",-0.017955663070465557,-0.022455663070465558,-2.7533962595983895e-05,-0.004527533962595985,0.9000000000000002,0.004500000000000001,0.005,20
topk_nonoverlap_v2,C_technical_semantic,LogisticRegression,2024-05-13,2024-06-10,2024-05-13,5,model_topk,5,"HPG,HSG,MBB,TCB,VBB",0.048258893976838746,0.046258893976838744,0.007547061823441764,0.005547061823441764,0.4,0.002,0.005,20
topk_nonoverlap_v2,C_technical_semantic,LogisticRegression,2024-05-13,2024-06-10,2024-05-13,5,equal_weight_universe,80,"ABB,ACB,ANV,BAB,BCM,BID,BMP,BSI,BVB,BVH,CMG,CSV,CTG,DCM,DGW,DIG,DPM,DXG,EIB,ELC,EVF,FPT,FRT,GAS,GEX,GMD,GVR,HAH,HCM,HDB,HDG,HPG,HSG,KDH,KLB,LPB,MBB,MBS,MCH,MSB,MSN,MWG,NAB,NKG,NLG,NT2,NVL,OCB,PDR,PGB,PHR,PLX,PNJ,POW,PPC,PVT,REE,SAB,SCR,SHB,SSB,SSI,STB,TCB,TPB,VBB,VCB,VCG,VCI,VGC,VHC,VHM,VIB,VIC,VJC,VND,VNM,VPB,VRE,VSC",0.07205670208582689,0.07205670208582689,0.031344869932429874,0.031344869932429874,0.0,0.0,0.005,20
topk_nonoverlap_v2,C_technical_semantic,LogisticRegression,2024-05-13,2024-06-10,2024-05-13,5,random_topk_deterministic,5,"BID,GVR,MWG,NT2,VIC",0.04051708688312354,0.03651708688312354,-0.00019474527027349956,-0.0041947452702734995,0.7999999999999999,0.004,0.005,20
topk_nonoverlap_v2,C_technical_semantic,LogisticRegression,2024-05-13,2024-06-10,2024-05-13,10,model_topk,10,"ABB,CTG,HPG,HSG,MBB,SHB,SSB,TCB,VBB,VSC",0.05481541039327392,0.05381541039327392,0.014103578239876919,0.013103578239876918,0.2,0.001,0.005,20
topk_nonoverlap_v2,C_technical_semantic,LogisticRegression,2024-05-13,2024-06-10,2024-05-13,10,equal_weight_universe,80,"ABB,ACB,ANV,BAB,BCM,BID,BMP,BSI,BVB,BVH,CMG,CSV,CTG,DCM,DGW,DIG,DPM,DXG,EIB,ELC,EVF,FPT,FRT,GAS,GEX,GMD,GVR,HAH,HCM,HDB,HDG,HPG,HSG,KDH,KLB,LPB,MBB,MBS,MCH,MSB,MSN,MWG,NAB,NKG,NLG,NT2,NVL,OCB,PDR,PGB,PHR,PLX,PNJ,POW,PPC,PVT,REE,SAB,SCR,SHB,SSB,SSI,STB,TCB,TPB,VBB,VCB,VCG,VCI,VGC,VHC,VHM,VIB,VIC,VJC,VND,VNM,VPB,VRE,VSC",0.07205670208582689,0.07205670208582689,0.031344869932429874,0.031344869932429874,0.0,0.0,0.005,20
topk_nonoverlap_v2,C_technical_semantic,LogisticRegression,2024-05-13,2024-06-10,2024-05-13,10,random_topk_deterministic,10,"ACB,EIB,FPT,FRT,HDB,HPG,NVL,SCR,SSI,TCB",0.057729400529088204,0.0532294005290882,0.01701756837569117,0.012517568375691169,0.9000000000000002,0.004500000000000001,0.005,20
topk_nonoverlap_v2,C_technical_semantic,LogisticRegression,2024-06-10,2024-07-08,2024-06-10,5,model_topk,5,"ACB,HSG,MBB,TCB,VBB",-0.00835484455521024,-0.00935484455521024,-0.00284607779066154,-0.00384607779066154,0.2,0.001,0.005,20
topk_nonoverlap_v2,C_technical_semantic,LogisticRegression,2024-06-10,2024-07-08,2024-06-10,5,equal_weight_universe,80,"ABB,ACB,ANV,BAB,BCM,BID,BMP,BSI,BVB,BVH,CMG,CSV,CTG,DCM,DGW,DIG,DPM,DXG,EIB,ELC,EVF,FPT,FRT,GAS,GEX,GMD,GVR,HAH,HCM,HDB,HDG,HPG,HSG,KDH,KLB,LPB,MBB,MBS,MCH,MSB,MSN,MWG,NAB,NKG,NLG,NT2,NVL,OCB,PDR,PGB,PHR,PLX,PNJ,POW,PPC,PVT,REE,SAB,SCR,SHB,SSB,SSI,STB,TCB,TPB,VBB,VCB,VCG,VCI,VGC,VHC,VHM,VIB,VIC,VJC,VND,VNM,VPB,VRE,VSC",-0.014603549768670593,-0.014603549768670593,-0.009094783004121894,-0.009094783004121894,0.0,0.0,0.005,20
topk_nonoverlap_v2,C_technical_semantic,LogisticRegression,2024-06-10,2024-07-08,2024-06-10,5,random_topk_deterministic,5,"EVF,KDH,MCH,NVL,TCB",-0.04664249790434806,-0.05164249790434806,-0.04113373113979938,-0.04613373113979938,0.9999999999999999,0.004999999999999999,0.005,20
topk_nonoverlap_v2,C_technical_semantic,LogisticRegression,2024-06-10,2024-07-08,2024-06-10,10,model_topk,10,"ABB,ACB,CTG,HSG,MBB,SHB,SSB,TCB,VBB,VSC",-0.02252727647917241,-0.02302727647917241,-0.01701850971462372,-0.01751850971462372,0.1,0.0005,0.005,20
topk_nonoverlap_v2,C_technical_semantic,LogisticRegression,2024-06-10,2024-07-08,2024-06-10,10,equal_weight_universe,80,"ABB,ACB,ANV,BAB,BCM,BID,BMP,BSI,BVB,BVH,CMG,CSV,CTG,DCM,DGW,DIG,DPM,DXG,EIB,ELC,EVF,FPT,FRT,GAS,GEX,GMD,GVR,HAH,HCM,HDB,HDG,HPG,HSG,KDH,KLB,LPB,MBB,MBS,MCH,MSB,MSN,MWG,NAB,NKG,NLG,NT2,NVL,OCB,PDR,PGB,PHR,PLX,PNJ,POW,PPC,PVT,REE,SAB,SCR,SHB,SSB,SSI,STB,TCB,TPB,VBB,VCB,VCG,VCI,VGC,VHC,VHM,VIB,VIC,VJC,VND,VNM,VPB,VRE,VSC",-0.014603549768670593,-0.014603549768670593,-0.009094783004121894,-0.009094783004121894,0.0,0.0,0.005,20
topk_nonoverlap_v2,C_technical_semantic,LogisticRegression,2024-06-10,2024-07-08,2024-06-10,10,random_topk_deterministic,10,"DCM,GAS,KLB,LPB,MSN,NVL,PPC,VHC,VIB,VND",-0.006994484000628682,-0.011494484000628684,-0.0014857172360799814,-0.005985717236079983,0.9000000000000002,0.004500000000000001,0.005,20
topk_nonoverlap_v2,C_technical_semantic,LogisticRegression,2024-07-08,2024-08-05,2024-07-08,5,model_topk,5,"ABB,KLB,TCB,VBB,VCB",-0.04325535419574979,-0.04625535419574979,0.031139298177337536,0.028139298177337537,0.6,0.003,0.005,20
topk_nonoverlap_v2,C_technical_semantic,LogisticRegression,2024-07-08,2024-08-05,2024-07-08,5,equal_weight_universe,80,"ABB,ACB,ANV,BAB,BCM,BID,BMP,BSI,BVB,BVH,CMG,CSV,CTG,DCM,DGW,DIG,DPM,DXG,EIB,ELC,EVF,FPT,FRT,GAS,GEX,GMD,GVR,HAH,HCM,HDB,HDG,HPG,HSG,KDH,KLB,LPB,MBB,MBS,MCH,MSB,MSN,MWG,NAB,NKG,NLG,NT2,NVL,OCB,PDR,PGB,PHR,PLX,PNJ,POW,PPC,PVT,REE,SAB,SCR,SHB,SSB,SSI,STB,TCB,TPB,VBB,VCB,VCG,VCI,VGC,VHC,VHM,VIB,VIC,VJC,VND,VNM,VPB,VRE,VSC",-0.09313334650868113,-0.09313334650868113,-0.01873869413559375,-0.01873869413559375,0.0,0.0,0.005,20
topk_nonoverlap_v2,C_technical_semantic,LogisticRegression,2024-07-08,2024-08-05,2024-07-08,5,random_topk_deterministic,5,"MSN,NLG,NVL,PGB,POW",-0.11357844881614268,-0.11757844881614268,-0.0391837964430553,-0.0431837964430553,0.7999999999999999,0.004,0.005,20
topk_nonoverlap_v2,C_technical_semantic,LogisticRegression,2024-07-08,2024-08-05,2024-07-08,10,model_topk,10,"ABB,BVB,HDG,KLB,PLX,PVT,TCB,VBB,VCB,VRE",-0.07524536821856159,-0.0787453682185616,-0.0008507158454742301,-0.00435071584547423,0.7000000000000001,0.0035000000000000005,0.005,20
topk_nonoverlap_v2,C_technical_semantic,LogisticRegression,2024-07-08,2024-08-05,2024-07-08,10,equal_weight_universe,80,"ABB,ACB,ANV,BAB,BCM,BID,BMP,BSI,BVB,BVH,CMG,CSV,CTG,DCM,DGW,DIG,DPM,DXG,EIB,ELC,EVF,FPT,FRT,GAS,GEX,GMD,GVR,HAH,HCM,HDB,HDG,HPG,HSG,KDH,KLB,LPB,MBB,MBS,MCH,MSB,MSN,MWG,NAB,NKG,NLG,NT2,NVL,OCB,PDR,PGB,PHR,PLX,PNJ,POW,PPC,PVT,REE,SAB,SCR,SHB,SSB,SSI,STB,TCB,TPB,VBB,VCB,VCG,VCI,VGC,VHC,VHM,VIB,VIC,VJC,VND,VNM,VPB,VRE,VSC",-0.09313334650868113,-0.09313334650868113,-0.01873869413559375,-0.01873869413559375,0.0,0.0,0.005,20
topk_nonoverlap_v2,C_technical_semantic,LogisticRegression,2024-07-08,2024-08-05,2024-07-08,10,random_topk_deterministic,10,"BMP,HAH,HDG,HPG,LPB,MBB,NT2,NVL,REE,SAB",-0.1046446769381,-0.10864467693810001,-0.0302500245650126,-0.0342500245650126,0.8000000000000002,0.004000000000000001,0.005,20
topk_nonoverlap_v2,C_technical_semantic,LogisticRegression,2024-08-05,2024-09-04,2024-08-05,5,model_topk,5,"KLB,NLG,TCB,VBB,VCB",0.058768212495084904,0.0577682124950849,-0.015074237865583998,-0.016074237865584,0.2,0.001,0.005,20
topk_nonoverlap_v2,C_technical_semantic,LogisticRegression,2024-08-05,2024-09-04,2024-08-05,5,equal_weight_universe,80,"ABB,ACB,ANV,BAB,BCM,BID,BMP,BSI,BVB,BVH,CMG,CSV,CTG,DCM,DGW,DIG,DPM,DXG,EIB,ELC,EVF,FPT,FRT,GAS,GEX,GMD,GVR,HAH,HCM,HDB,HDG,HPG,HSG,KDH,KLB,LPB,MBB,MBS,MCH,MSB,MSN,MWG,NAB,NKG,NLG,NT2,NVL,OCB,PDR,PGB,PHR,PLX,PNJ,POW,PPC,PVT,REE,SAB,SCR,SHB,SSB,SSI,STB,TCB,TPB,VBB,VCB,VCG,VCI,VGC,VHC,VHM,VIB,VIC,VJC,VND,VNM,VPB,VRE,VSC",0.08352117058047732,0.08352117058047732,0.009678720219808427,0.009678720219808427,0.0,0.0,0.005,20
topk_nonoverlap_v2,C_technical_semantic,LogisticRegression,2024-08-05,2024-09-04,2024-08-05,5,random_topk_deterministic,5,"CTG,HSG,LPB,MCH,VIB",0.08282696165441508,0.07782696165441508,0.008984511293746219,0.00398451129374622,0.9999999999999999,0.004999999999999999,0.005,20
topk_nonoverlap_v2,C_technical_semantic,LogisticRegression,2024-08-05,2024-09-04,2024-08-05,10,model_topk,10,"ABB,BVB,HDG,KLB,NLG,PLX,TCB,VBB,VCB,VRE",0.0702861506690963,0.0697861506690963,-0.0035562996915725785,-0.004056299691572578,0.1,0.0005,0.005,20
topk_nonoverlap_v2,C_technical_semantic,LogisticRegression,2024-08-05,2024-09-04,2024-08-05,10,equal_weight_universe,80,"ABB,ACB,ANV,BAB,BCM,BID,BMP,BSI,BVB,BVH,CMG,CSV,CTG,DCM,DGW,DIG,DPM,DXG,EIB,ELC,EVF,FPT,FRT,GAS,GEX,GMD,GVR,HAH,HCM,HDB,HDG,HPG,HSG,KDH,KLB,LPB,MBB,MBS,MCH,MSB,MSN,MWG,NAB,NKG,NLG,NT2,NVL,OCB,PDR,PGB,PHR,PLX,PNJ,POW,PPC,PVT,REE,SAB,SCR,SHB,SSB,SSI,STB,TCB,TPB,VBB,VCB,VCG,VCI,VGC,VHC,VHM,VIB,VIC,VJC,VND,VNM,VPB,VRE,VSC",0.08352117058047732,0.08352117058047732,0.009678720219808427,0.009678720219808427,0.0,0.0,0.005,20
topk_nonoverlap_v2,C_technical_semantic,LogisticRegression,2024-08-05,2024-09-04,2024-08-05,10,random_topk_deterministic,10,"BCM,BVH,ELC,KLB,MCH,NLG,PGB,PVT,VGC,VND",0.06864464426309576,0.06364464426309575,-0.005197806097573141,-0.01019780609757314,1.0000000000000002,0.005000000000000001,0.005,20
topk_nonoverlap_v2,C_technical_semantic,LogisticRegression,2024-09-04,2024-10-02,2024-09-04,5,model_topk,5,"KLB,NLG,TCB,VBB,VCB",0.030768820800544782,0.030768820800544782,0.02133160493598932,0.02133160493598932,0.0,0.0,0.005,20
topk_nonoverlap_v2,C_technical_semantic,LogisticRegression,2024-09-04,2024-10-02,2024-09-04,5,equal_weight_universe,80,"ABB,ACB,ANV,BAB,BCM,BID,BMP,BSI,BVB,BVH,CMG,CSV,CTG,DCM,DGW,DIG,DPM,DXG,EIB,ELC,EVF,FPT,FRT,GAS,GEX,GMD,GVR,HAH,HCM,HDB,HDG,HPG,HSG,KDH,KLB,LPB,MBB,MBS,MCH,MSB,MSN,MWG,NAB,NKG,NLG,NT2,NVL,OCB,PDR,PGB,PHR,PLX,PNJ,POW,PPC,PVT,REE,SAB,SCR,SHB,SSB,SSI,STB,TCB,TPB,VBB,VCB,VCG,VCI,VGC,VHC,VHM,VIB,VIC,VJC,VND,VNM,VPB,VRE,VSC",0.01796825498572943,0.01796825498572943,0.008531039121173964,0.008531039121173964,0.0,0.0,0.005,20
topk_nonoverlap_v2,C_technical_semantic,LogisticRegression,2024-09-04,2024-10-02,2024-09-04,5,random_topk_deterministic,5,"BCM,CTG,NKG,PGB,STB",0.0404847602466112,0.036484760246611195,0.031047544382055724,0.027047544382055724,0.7999999999999999,0.004,0.005,20
topk_nonoverlap_v2,C_technical_semantic,LogisticRegression,2024-09-04,2024-10-02,2024-09-04,10,model_topk,10,"ABB,BVB,HDG,KLB,NLG,PLX,TCB,VBB,VCB,VRE",0.012247491894177131,0.012247491894177131,0.002810276029621652,0.002810276029621652,0.0,0.0,0.005,20
topk_nonoverlap_v2,C_technical_semantic,LogisticRegression,2024-09-04,2024-10-02,2024-09-04,10,equal_weight_universe,80,"ABB,ACB,ANV,BAB,BCM,BID,BMP,BSI,BVB,BVH,CMG,CSV,CTG,DCM,DGW,DIG,DPM,DXG,EIB,ELC,EVF,FPT,FRT,GAS,GEX,GMD,GVR,HAH,HCM,HDB,HDG,HPG,HSG,KDH,KLB,LPB,MBB,MBS,MCH,MSB,MSN,MWG,NAB,NKG,NLG,NT2,NVL,OCB,PDR,PGB,PHR,PLX,PNJ,POW,PPC,PVT,REE,SAB,SCR,SHB,SSB,SSI,STB,TCB,TPB,VBB,VCB,VCG,VCI,VGC,VHC,VHM,VIB,VIC,VJC,VND,VNM,VPB,VRE,VSC",0.01796825498572943,0.01796825498572943,0.008531039121173964,0.008531039121173964,0.0,0.0,0.005,20
topk_nonoverlap_v2,C_technical_semantic,LogisticRegression,2024-09-04,2024-10-02,2024-09-04,10,random_topk_deterministic,10,"EVF,GEX,NAB,REE,STB,VCG,VCI,VIB,VJC,VND",0.02767633728260478,0.023176337282604778,0.01823912141804932,0.01373912141804932,0.9000000000000002,0.004500000000000001,0.005,20
topk_nonoverlap_v2,C_technical_semantic,LogisticRegression,2024-10-02,2024-10-30,2024-10-02,5,model_topk,5,"DXG,NLG,TCB,VCG,VRE",-0.031102175866781278,-0.03410217586678128,-0.00842078687436006,-0.011420786874360059,0.6,0.003,0.005,20
topk_nonoverlap_v2,C_technical_semantic,LogisticRegression,2024-10-02,2024-10-30,2024-10-02,5,equal_weight_universe,80,"ABB,ACB,ANV,BAB,BCM,BID,BMP,BSI,BVB,BVH,CMG,CSV,CTG,DCM,DGW,DIG,DPM,DXG,EIB,ELC,EVF,FPT,FRT,GAS,GEX,GMD,GVR,HAH,HCM,HDB,HDG,HPG,HSG,KDH,KLB,LPB,MBB,MBS,MCH,MSB,MSN,MWG,NAB,NKG,NLG,NT2,NVL,OCB,PDR,PGB,PHR,PLX,PNJ,POW,PPC,PVT,REE,SAB,SCR,SHB,SSB,SSI,STB,TCB,TPB,VBB,VCB,VCG,VCI,VGC,VHC,VHM,VIB,VIC,VJC,VND,VNM,VPB,VRE,VSC",-0.0261297907395873,-0.0261297907395873,-0.003448401747166087,-0.003448401747166087,0.0,0.0,0.005,20
topk_nonoverlap_v2,C_technical_semantic,LogisticRegression,2024-10-02,2024-10-30,2024-10-02,5,random_topk_deterministic,5,"BID,CTG,HDG,PPC,VIB",-0.0341978416085032,-0.0381978416085032,-0.011516452616081998,-0.015516452616081998,0.7999999999999999,0.004,0.005,20
topk_nonoverlap_v2,C_technical_semantic,LogisticRegression,2024-10-02,2024-10-30,2024-10-02,10,model_topk,10,"DIG,DXG,HPG,NKG,NLG,TCB,VCG,VND,VPB,VRE",-0.028928083947631373,-0.03242808394763137,-0.00624669495521015,-0.00974669495521015,0.7000000000000001,0.0035000000000000005,0.005,20
topk_nonoverlap_v2,C_technical_semantic,LogisticRegression,2024-10-02,2024-10-30,2024-10-02,10,equal_weight_universe,80,"ABB,ACB,ANV,BAB,BCM,BID,BMP,BSI,BVB,BVH,CMG,CSV,CTG,DCM,DGW,DIG,DPM,DXG,EIB,ELC,EVF,FPT,FRT,GAS,GEX,GMD,GVR,HAH,HCM,HDB,HDG,HPG,HSG,KDH,KLB,LPB,MBB,MBS,MCH,MSB,MSN,MWG,NAB,NKG,NLG,NT2,NVL,OCB,PDR,PGB,PHR,PLX,PNJ,POW,PPC,PVT,REE,SAB,SCR,SHB,SSB,SSI,STB,TCB,TPB,VBB,VCB,VCG,VCI,VGC,VHC,VHM,VIB,VIC,VJC,VND,VNM,VPB,VRE,VSC",-0.0261297907395873,-0.0261297907395873,-0.003448401747166087,-0.003448401747166087,0.0,0.0,0.005,20
topk_nonoverlap_v2,C_technical_semantic,LogisticRegression,2024-10-02,2024-10-30,2024-10-02,10,random_topk_deterministic,10,"BCM,BID,ELC,MSN,NT2,PNJ,SAB,VHC,VIB,VNM",-0.02300084749242512,-0.02750084749242512,-0.00031945850000391956,-0.004819458500003921,0.9000000000000002,0.004500000000000001,0.005,20
topk_nonoverlap_v2,C_technical_semantic,LogisticRegression,2024-10-30,2024-11-27,2024-10-30,5,model_topk,5,"DXG,HPG,VCG,VND,VRE",-0.00750110319562636,-0.00950110319562636,0.005735511218458818,0.0037355112184588183,0.4,0.002,0.005,20
topk_nonoverlap_v2,C_technical_semantic,LogisticRegression,2024-10-30,2024-11-27,2024-10-30,5,equal_weight_universe,80,"ABB,ACB,ANV,BAB,BCM,BID,BMP,BSI,BVB,BVH,CMG,CSV,CTG,DCM,DGW,DIG,DPM,DXG,EIB,ELC,EVF,FPT,FRT,GAS,GEX,GMD,GVR,HAH,HCM,HDB,HDG,HPG,HSG,KDH,KLB,LPB,MBB,MBS,MCH,MSB,MSN,MWG,NAB,NKG,NLG,NT2,NVL,OCB,PDR,PGB,PHR,PLX,PNJ,POW,PPC,PVT,REE,SAB,SCR,SHB,SSB,SSI,STB,TCB,TPB,VBB,VCB,VCG,VCI,VGC,VHC,VHM,VIB,VIC,VJC,VND,VNM,VPB,VRE,VSC",-0.012914762825937832,-0.012914762825937832,0.0003218515881473488,0.0003218515881473488,0.0,0.0,0.005,20
topk_nonoverlap_v2,C_technical_semantic,LogisticRegression,2024-10-30,2024-11-27,2024-10-30,5,random_topk_deterministic,5,"BVB,ELC,HAH,KDH,PVT",0.009394593039895179,0.00439459303989518,0.02263120745398036,0.017631207453980363,0.9999999999999999,0.004999999999999999,0.005,20
topk_nonoverlap_v2,C_technical_semantic,LogisticRegression,2024-10-30,2024-11-27,2024-10-30,10,model_topk,10,"DIG,DXG,GEX,HPG,NKG,VCG,VGC,VND,VPB,VRE",-0.022630038112696378,-0.02363003811269638,-0.009393423698611198,-0.010393423698611199,0.2,0.001,0.005,20
topk_nonoverlap_v2,C_technical_semantic,LogisticRegression,2024-10-30,2024-11-27,2024-10-30,10,equal_weight_universe,80,"ABB,ACB,ANV,BAB,BCM,BID,BMP,BSI,BVB,BVH,CMG,CSV,CTG,DCM,DGW,DIG,DPM,DXG,EIB,ELC,EVF,FPT,FRT,GAS,GEX,GMD,GVR,HAH,HCM,HDB,HDG,HPG,HSG,KDH,KLB,LPB,MBB,MBS,MCH,MSB,MSN,MWG,NAB,NKG,NLG,NT2,NVL,OCB,PDR,PGB,PHR,PLX,PNJ,POW,PPC,PVT,REE,SAB,SCR,SHB,SSB,SSI,STB,TCB,TPB,VBB,VCB,VCG,VCI,VGC,VHC,VHM,VIB,VIC,VJC,VND,VNM,VPB,VRE,VSC",-0.012914762825937832,-0.012914762825937832,0.0003218515881473488,0.0003218515881473488,0.0,0.0,0.005,20
topk_nonoverlap_v2,C_technical_semantic,LogisticRegression,2024-10-30,2024-11-27,2024-10-30,10,random_topk_deterministic,10,"BCM,DPM,GAS,HCM,NKG,PVT,SHB,TCB,VIC,VND",-0.01565789455842019,-0.02015789455842019,-0.0024212801443350097,-0.006921280144335011,0.9000000000000002,0.004500000000000001,0.005,20
topk_nonoverlap_v2,C_technical_semantic,LogisticRegression,2024-11-27,2024-12-25,2024-11-27,5,model_topk,5,"CTG,DXG,HPG,SAB,VRE",0.007423713484586238,0.005423713484586238,-0.01839816627096334,-0.020398166270963337,0.4,0.002,0.005,20
topk_nonoverlap_v2,C_technical_semantic,LogisticRegression,2024-11-27,2024-12-25,2024-11-27,5,equal_weight_universe,80,"ABB,ACB,ANV,BAB,BCM,BID,BMP,BSI,BVB,BVH,CMG,CSV,CTG,DCM,DGW,DIG,DPM,DXG,EIB,ELC,EVF,FPT,FRT,GAS,GEX,GMD,GVR,HAH,HCM,HDB,HDG,HPG,HSG,KDH,KLB,LPB,MBB,MBS,MCH,MSB,MSN,MWG,NAB,NKG,NLG,NT2,NVL,OCB,PDR,PGB,PHR,PLX,PNJ,POW,PPC,PVT,REE,SAB,SCR,SHB,SSB,SSI,STB,TCB,TPB,VBB,VCB,VCG,VCI,VGC,VHC,VHM,VIB,VIC,VJC,VND,VNM,VPB,VRE,VSC",0.029364551346184587,0.029364551346184587,0.003542671590634985,0.003542671590634985,0.0,0.0,0.005,20
topk_nonoverlap_v2,C_technical_semantic,LogisticRegression,2024-11-27,2024-12-25,2024-11-27,5,random_topk_deterministic,5,"ABB,BMP,NT2,VGC,VHM",0.06299012457313136,0.05799012457313136,0.037168244817581755,0.03216824481758176,0.9999999999999999,0.004999999999999999,0.005,20
topk_nonoverlap_v2,C_technical_semantic,LogisticRegression,2024-11-27,2024-12-25,2024-11-27,10,model_topk,10,"CTG,DIG,DXG,HPG,NKG,SAB,VCG,VND,VPB,VRE",-0.0062212911867290995,-0.0072212911867290995,-0.032043170942278695,-0.033043170942278696,0.2,0.001,0.005,20
topk_nonoverlap_v2,C_technical_semantic,LogisticRegression,2024-11-27,2024-12-25,2024-11-27,10,equal_weight_universe,80,"ABB,ACB,ANV,BAB,BCM,BID,BMP,BSI,BVB,BVH,CMG,CSV,CTG,DCM,DGW,DIG,DPM,DXG,EIB,ELC,EVF,FPT,FRT,GAS,GEX,GMD,GVR,HAH,HCM,HDB,HDG,HPG,HSG,KDH,KLB,LPB,MBB,MBS,MCH,MSB,MSN,MWG,NAB,NKG,NLG,NT2,NVL,OCB,PDR,PGB,PHR,PLX,PNJ,POW,PPC,PVT,REE,SAB,SCR,SHB,SSB,SSI,STB,TCB,TPB,VBB,VCB,VCG,VCI,VGC,VHC,VHM,VIB,VIC,VJC,VND,VNM,VPB,VRE,VSC",0.029364551346184587,0.029364551346184587,0.003542671590634985,0.003542671590634985,0.0,0.0,0.005,20
topk_nonoverlap_v2,C_technical_semantic,LogisticRegression,2024-11-27,2024-12-25,2024-11-27,10,random_topk_deterministic,10,"CSV,MBS,NKG,PHR,SAB,SSB,TPB,VCB,VCG,VJC",0.037215604211009806,0.0327156042110098,0.0113937244554602,0.006893724455460199,0.9000000000000002,0.004500000000000001,0.005,20
topk_nonoverlap_v2,C_technical_semantic,LogisticRegression,2024-12-25,2025-01-23,2024-12-25,5,model_topk,5,"BMP,CTG,HPG,SAB,VCB",-0.026364204205738116,-0.028364204205738118,-0.01505372729763484,-0.017053727297634838,0.4,0.002,0.005,20
topk_nonoverlap_v2,C_technical_semantic,LogisticRegression,2024-12-25,2025-01-23,2024-12-25,5,equal_weight_universe,80,"ABB,ACB,ANV,BAB,BCM,BID,BMP,BSI,BVB,BVH,CMG,CSV,CTG,DCM,DGW,DIG,DPM,DXG,EIB,ELC,EVF,FPT,FRT,GAS,GEX,GMD,GVR,HAH,HCM,HDB,HDG,HPG,HSG,KDH,KLB,LPB,MBB,MBS,MCH,MSB,MSN,MWG,NAB,NKG,NLG,NT2,NVL,OCB,PDR,PGB,PHR,PLX,PNJ,POW,PPC,PVT,REE,SAB,SCR,SHB,SSB,SSI,STB,TCB,TPB,VBB,VCB,VCG,VCI,VGC,VHC,VHM,VIB,VIC,VJC,VND,VNM,VPB,VRE,VSC",-0.02469870508520982,-0.02469870508520982,-0.013388228177106554,-0.013388228177106554,0.0,0.0,0.005,20
topk_nonoverlap_v2,C_technical_semantic,LogisticRegression,2024-12-25,2025-01-23,2024-12-25,5,random_topk_deterministic,5,"BID,MBS,MWG,POW,VND",-0.041155550196616035,-0.04615555019661603,-0.02984507328851278,-0.03484507328851278,0.9999999999999999,0.004999999999999999,0.005,20
topk_nonoverlap_v2,C_technical_semantic,LogisticRegression,2024-12-25,2025-01-23,2024-12-25,10,model_topk,10,"BCM,BMP,CTG,HPG,NAB,PLX,REE,SAB,VCB,VNM",-0.016121364773385008,-0.019621364773385008,-0.004810887865281721,-0.00831088786528172,0.7000000000000001,0.0035000000000000005,0.005,20
topk_nonoverlap_v2,C_technical_semantic,LogisticRegression,2024-12-25,2025-01-23,2024-12-25,10,equal_weight_universe,80,"ABB,ACB,ANV,BAB,BCM,BID,BMP,BSI,BVB,BVH,CMG,CSV,CTG,DCM,DGW,DIG,DPM,DXG,EIB,ELC,EVF,FPT,FRT,GAS,GEX,GMD,GVR,HAH,HCM,HDB,HDG,HPG,HSG,KDH,KLB,LPB,MBB,MBS,MCH,MSB,MSN,MWG,NAB,NKG,NLG,NT2,NVL,OCB,PDR,PGB,PHR,PLX,PNJ,POW,PPC,PVT,REE,SAB,SCR,SHB,SSB,SSI,STB,TCB,TPB,VBB,VCB,VCG,VCI,VGC,VHC,VHM,VIB,VIC,VJC,VND,VNM,VPB,VRE,VSC",-0.02469870508520982,-0.02469870508520982,-0.013388228177106554,-0.013388228177106554,0.0,0.0,0.005,20
topk_nonoverlap_v2,C_technical_semantic,LogisticRegression,2024-12-25,2025-01-23,2024-12-25,10,random_topk_deterministic,10,"BCM,BID,CMG,DXG,GVR,HPG,HSG,STB,VCI,VIB",-0.01616103807527406,-0.02116103807527406,-0.00485056116717077,-0.009850561167170771,1.0000000000000002,0.005000000000000001,0.005,20
topk_nonoverlap_v2,C_technical_semantic,LogisticRegression,2025-01-23,2025-02-27,2025-01-23,5,model_topk,5,"BMP,BSI,CTG,HPG,SAB",0.053498641032022065,0.052498641032022064,0.015257252687825958,0.014257252687825957,0.2,0.001,0.005,20
topk_nonoverlap_v2,C_technical_semantic,LogisticRegression,2025-01-23,2025-02-27,2025-01-23,5,equal_weight_universe,80,"ABB,ACB,ANV,BAB,BCM,BID,BMP,BSI,BVB,BVH,CMG,CSV,CTG,DCM,DGW,DIG,DPM,DXG,EIB,ELC,EVF,FPT,FRT,GAS,GEX,GMD,GVR,HAH,HCM,HDB,HDG,HPG,HSG,KDH,KLB,LPB,MBB,MBS,MCH,MSB,MSN,MWG,NAB,NKG,NLG,NT2,NVL,OCB,PDR,PGB,PHR,PLX,PNJ,POW,PPC,PVT,REE,SAB,SCR,SHB,SSB,SSI,STB,TCB,TPB,VBB,VCB,VCG,VCI,VGC,VHC,VHM,VIB,VIC,VJC,VND,VNM,VPB,VRE,VSC",0.05936162476183893,0.05936162476183893,0.021120236417642844,0.021120236417642844,0.0,0.0,0.005,20
topk_nonoverlap_v2,C_technical_semantic,LogisticRegression,2025-01-23,2025-02-27,2025-01-23,5,random_topk_deterministic,5,"BID,GVR,HDB,SAB,SCR",0.07380705936693921,0.0698070593669392,0.035565671022743155,0.03156567102274316,0.7999999999999999,0.004,0.005,20
topk_nonoverlap_v2,C_technical_semantic,LogisticRegression,2025-01-23,2025-02-27,2025-01-23,10,model_topk,10,"ANV,BMP,BSI,CTG,HPG,MCH,PGB,SAB,STB,VND",0.04465409644650537,0.04165409644650537,0.006412708102309261,0.0034127081023092613,0.6,0.003,0.005,20
topk_nonoverlap_v2,C_technical_semantic,LogisticRegression,2025-01-23,2025-02-27,2025-01-23,10,equal_weight_universe,80,"ABB,ACB,ANV,BAB,BCM,BID,BMP,BSI,BVB,BVH,CMG,CSV,CTG,DCM,DGW,DIG,DPM,DXG,EIB,ELC,EVF,FPT,FRT,GAS,GEX,GMD,GVR,HAH,HCM,HDB,HDG,HPG,HSG,KDH,KLB,LPB,MBB,MBS,MCH,MSB,MSN,MWG,NAB,NKG,NLG,NT2,NVL,OCB,PDR,PGB,PHR,PLX,PNJ,POW,PPC,PVT,REE,SAB,SCR,SHB,SSB,SSI,STB,TCB,TPB,VBB,VCB,VCG,VCI,VGC,VHC,VHM,VIB,VIC,VJC,VND,VNM,VPB,VRE,VSC",0.05936162476183893,0.05936162476183893,0.021120236417642844,0.021120236417642844,0.0,0.0,0.005,20
topk_nonoverlap_v2,C_technical_semantic,LogisticRegression,2025-01-23,2025-02-27,2025-01-23,10,random_topk_deterministic,10,"HPG,KDH,LPB,MSN,NLG,PLX,VCG,VCI,VIB,VPB",0.0379180246006164,0.034418024600616395,-0.00032336374357969935,-0.0038233637435796997,0.7000000000000001,0.0035000000000000005,0.005,20
topk_nonoverlap_v2,C_technical_semantic,LogisticRegression,2025-02-27,2025-03-27,2025-02-27,5,model_topk,5,"BMP,BSI,MCH,MSB,PGB",0.00746289757550984,0.00446289757550984,-0.00477903544177108,-0.00777903544177108,0.6,0.003,0.005,20
topk_nonoverlap_v2,C_technical_semantic,LogisticRegression,2025-02-27,2025-03-27,2025-02-27,5,equal_weight_universe,80,"ABB,ACB,ANV,BAB,BCM,BID,BMP,BSI,BVB,BVH,CMG,CSV,CTG,DCM,DGW,DIG,DPM,DXG,EIB,ELC,EVF,FPT,FRT,GAS,GEX,GMD,GVR,HAH,HCM,HDB,HDG,HPG,HSG,KDH,KLB,LPB,MBB,MBS,MCH,MSB,MSN,MWG,NAB,NKG,NLG,NT2,NVL,OCB,PDR,PGB,PHR,PLX,PNJ,POW,PPC,PVT,REE,SAB,SCR,SHB,SSB,SSI,STB,TCB,TPB,VBB,VCB,VCG,VCI,VGC,VHC,VHM,VIB,VIC,VJC,VND,VNM,VPB,VRE,VSC",-0.004235050361496695,-0.004235050361496695,-0.016476983378777642,-0.016476983378777642,0.0,0.0,0.005,20
topk_nonoverlap_v2,C_technical_semantic,LogisticRegression,2025-02-27,2025-03-27,2025-02-27,5,random_topk_deterministic,5,"ACB,BVH,FPT,GEX,NVL",-0.02854812877251156,-0.03354812877251156,-0.0407900617897925,-0.045790061789792495,0.9999999999999999,0.004999999999999999,0.005,20
topk_nonoverlap_v2,C_technical_semantic,LogisticRegression,2025-02-27,2025-03-27,2025-02-27,10,model_topk,10,"ANV,BMP,BSI,ELC,MCH,MSB,PDR,PGB,STB,VND",0.004949130235091173,0.0034491302350911726,-0.0072928027821897775,-0.008792802782189777,0.3,0.0015,0.005,20
topk_nonoverlap_v2,C_technical_semantic,LogisticRegression,2025-02-27,2025-03-27,2025-02-27,10,equal_weight_universe,80,"ABB,ACB,ANV,BAB,BCM,BID,BMP,BSI,BVB,BVH,CMG,CSV,CTG,DCM,DGW,DIG,DPM,DXG,EIB,ELC,EVF,FPT,FRT,GAS,GEX,GMD,GVR,HAH,HCM,HDB,HDG,HPG,HSG,KDH,KLB,LPB,MBB,MBS,MCH,MSB,MSN,MWG,NAB,NKG,NLG,NT2,NVL,OCB,PDR,PGB,PHR,PLX,PNJ,POW,PPC,PVT,REE,SAB,SCR,SHB,SSB,SSI,STB,TCB,TPB,VBB,VCB,VCG,VCI,VGC,VHC,VHM,VIB,VIC,VJC,VND,VNM,VPB,VRE,VSC",-0.004235050361496695,-0.004235050361496695,-0.016476983378777642,-0.016476983378777642,0.0,0.0,0.005,20
topk_nonoverlap_v2,C_technical_semantic,LogisticRegression,2025-02-27,2025-03-27,2025-02-27,10,random_topk_deterministic,10,"ABB,GMD,HCM,MCH,NAB,NKG,NVL,OCB,VHC,VIB",-0.029403086891833498,-0.0339030868918335,-0.04164501990911443,-0.04614501990911443,0.9000000000000002,0.004500000000000001,0.005,20
topk_nonoverlap_v2,C_technical_semantic,LogisticRegression,2025-03-27,2025-04-25,2025-03-27,5,model_topk,5,"ANV,BMP,BSI,MCH,PGB",-0.06975855561891407,-0.07075855561891407,0.0016867424223455988,0.0006867424223455988,0.2,0.001,0.005,20
topk_nonoverlap_v2,C_technical_semantic,LogisticRegression,2025-03-27,2025-04-25,2025-03-27,5,equal_weight_universe,80,"ABB,ACB,ANV,BAB,BCM,BID,BMP,BSI,BVB,BVH,CMG,CSV,CTG,DCM,DGW,DIG,DPM,DXG,EIB,ELC,EVF,FPT,FRT,GAS,GEX,GMD,GVR,HAH,HCM,HDB,HDG,HPG,HSG,KDH,KLB,LPB,MBB,MBS,MCH,MSB,MSN,MWG,NAB,NKG,NLG,NT2,NVL,OCB,PDR,PGB,PHR,PLX,PNJ,POW,PPC,PVT,REE,SAB,SCR,SHB,SSB,SSI,STB,TCB,TPB,VBB,VCB,VCG,VCI,VGC,VHC,VHM,VIB,VIC,VJC,VND,VNM,VPB,VRE,VSC",-0.0825701079496278,-0.0825701079496278,-0.011124809908368168,-0.011124809908368168,0.0,0.0,0.005,20
topk_nonoverlap_v2,C_technical_semantic,LogisticRegression,2025-03-27,2025-04-25,2025-03-27,5,random_topk_deterministic,5,"BVB,DCM,EIB,MBB,VCI",-0.055728747405167464,-0.06072874740516746,0.0157165506360921,0.0107165506360921,0.9999999999999999,0.004999999999999999,0.005,20
topk_nonoverlap_v2,C_technical_semantic,LogisticRegression,2025-03-27,2025-04-25,2025-03-27,10,model_topk,10,"ANV,BMP,BSI,ELC,MCH,PDR,PGB,STB,VND,VRE",-0.0543357760469831,-0.0548357760469831,0.01710952199427656,0.01660952199427656,0.1,0.0005,0.005,20
topk_nonoverlap_v2,C_technical_semantic,LogisticRegression,2025-03-27,2025-04-25,2025-03-27,10,equal_weight_universe,80,"ABB,ACB,ANV,BAB,BCM,BID,BMP,BSI,BVB,BVH,CMG,CSV,CTG,DCM,DGW,DIG,DPM,DXG,EIB,ELC,EVF,FPT,FRT,GAS,GEX,GMD,GVR,HAH,HCM,HDB,HDG,HPG,HSG,KDH,KLB,LPB,MBB,MBS,MCH,MSB,MSN,MWG,NAB,NKG,NLG,NT2,NVL,OCB,PDR,PGB,PHR,PLX,PNJ,POW,PPC,PVT,REE,SAB,SCR,SHB,SSB,SSI,STB,TCB,TPB,VBB,VCB,VCG,VCI,VGC,VHC,VHM,VIB,VIC,VJC,VND,VNM,VPB,VRE,VSC",-0.0825701079496278,-0.0825701079496278,-0.011124809908368168,-0.011124809908368168,0.0,0.0,0.005,20
topk_nonoverlap_v2,C_technical_semantic,LogisticRegression,2025-03-27,2025-04-25,2025-03-27,10,random_topk_deterministic,10,"DPM,EIB,EVF,MBB,OCB,PDR,REE,SSB,SSI,TPB",-0.07867987034277728,-0.08317987034277728,-0.00723457230151771,-0.011734572301517712,0.9000000000000002,0.004500000000000001,0.005,20
topk_nonoverlap_v2,C_technical_semantic,LogisticRegression,2025-04-25,2025-05-28,2025-04-25,5,model_topk,5,"NVL,SSI,VCB,VIC,VNM",0.1317184457120067,0.1267184457120067,0.04008384518972855,0.035083845189728555,0.9999999999999999,0.004999999999999999,0.005,20
topk_nonoverlap_v2,C_technical_semantic,LogisticRegression,2025-04-25,2025-05-28,2025-04-25,5,equal_weight_universe,80,"ABB,ACB,ANV,BAB,BCM,BID,BMP,BSI,BVB,BVH,CMG,CSV,CTG,DCM,DGW,DIG,DPM,DXG,EIB,ELC,EVF,FPT,FRT,GAS,GEX,GMD,GVR,HAH,HCM,HDB,HDG,HPG,HSG,KDH,KLB,LPB,MBB,MBS,MCH,MSB,MSN,MWG,NAB,NKG,NLG,NT2,NVL,OCB,PDR,PGB,PHR,PLX,PNJ,POW,PPC,PVT,REE,SAB,SCR,SHB,SSB,SSI,STB,TCB,TPB,VBB,VCB,VCG,VCI,VGC,VHC,VHM,VIB,VIC,VJC,VND,VNM,VPB,VRE,VSC",0.10309605388460427,0.10309605388460427,0.011461453362326185,0.011461453362326185,0.0,0.0,0.005,20
topk_nonoverlap_v2,C_technical_semantic,LogisticRegression,2025-04-25,2025-05-28,2025-04-25,5,random_topk_deterministic,5,"BID,BSI,DCM,NT2,PHR",0.0756922053701313,0.0716922053701313,-0.01594239515214672,-0.01994239515214672,0.7999999999999999,0.004,0.005,20
topk_nonoverlap_v2,C_technical_semantic,LogisticRegression,2025-04-25,2025-05-28,2025-04-25,10,model_topk,10,"BVB,FRT,LPB,NVL,SSB,SSI,VCB,VGC,VIC,VNM",0.10013157239706383,0.09513157239706382,0.008496971874785727,0.0034969718747857263,1.0000000000000002,0.005000000000000001,0.005,20
topk_nonoverlap_v2,C_technical_semantic,LogisticRegression,2025-04-25,2025-05-28,2025-04-25,10,equal_weight_universe,80,"ABB,ACB,ANV,BAB,BCM,BID,BMP,BSI,BVB,BVH,CMG,CSV,CTG,DCM,DGW,DIG,DPM,DXG,EIB,ELC,EVF,FPT,FRT,GAS,GEX,GMD,GVR,HAH,HCM,HDB,HDG,HPG,HSG,KDH,KLB,LPB,MBB,MBS,MCH,MSB,MSN,MWG,NAB,NKG,NLG,NT2,NVL,OCB,PDR,PGB,PHR,PLX,PNJ,POW,PPC,PVT,REE,SAB,SCR,SHB,SSB,SSI,STB,TCB,TPB,VBB,VCB,VCG,VCI,VGC,VHC,VHM,VIB,VIC,VJC,VND,VNM,VPB,VRE,VSC",0.10309605388460427,0.10309605388460427,0.011461453362326185,0.011461453362326185,0.0,0.0,0.005,20
topk_nonoverlap_v2,C_technical_semantic,LogisticRegression,2025-04-25,2025-05-28,2025-04-25,10,random_topk_deterministic,10,"DIG,FPT,HAH,HCM,PGB,PHR,PPC,STB,VJC,VRE",0.10118331552304657,0.09618331552304657,0.009548715000768501,0.0045487150007685,1.0000000000000002,0.005000000000000001,0.005,20
topk_nonoverlap_v2,C_technical_semantic,LogisticRegression,2025-05-28,2025-06-25,2025-05-28,5,model_topk,5,"BMP,FPT,VGC,VIC,VNM",0.0006765226337857404,-0.0023234773662142594,-0.01786476676086508,-0.02086476676086508,0.6,0.003,0.005,20
topk_nonoverlap_v2,C_technical_semantic,LogisticRegression,2025-05-28,2025-06-25,2025-05-28,5,equal_weight_universe,80,"ABB,ACB,ANV,BAB,BCM,BID,BMP,BSI,BVB,BVH,CMG,CSV,CTG,DCM,DGW,DIG,DPM,DXG,EIB,ELC,EVF,FPT,FRT,GAS,GEX,GMD,GVR,HAH,HCM,HDB,HDG,HPG,HSG,KDH,KLB,LPB,MBB,MBS,MCH,MSB,MSN,MWG,NAB,NKG,NLG,NT2,NVL,OCB,PDR,PGB,PHR,PLX,PNJ,POW,PPC,PVT,REE,SAB,SCR,SHB,SSB,SSI,STB,TCB,TPB,VBB,VCB,VCG,VCI,VGC,VHC,VHM,VIB,VIC,VJC,VND,VNM,VPB,VRE,VSC",0.026681130322015346,0.026681130322015346,0.008139840927364526,0.008139840927364526,0.0,0.0,0.005,20
topk_nonoverlap_v2,C_technical_semantic,LogisticRegression,2025-05-28,2025-06-25,2025-05-28,5,random_topk_deterministic,5,"BCM,SSI,STB,VHC,VSC",0.008787949881044959,0.0037879498810449597,-0.009753339513605838,-0.014753339513605837,0.9999999999999999,0.004999999999999999,0.005,20
topk_nonoverlap_v2,C_technical_semantic,LogisticRegression,2025-05-28,2025-06-25,2025-05-28,10,model_topk,10,"BMP,BVB,FPT,FRT,LPB,SSB,VGC,VIC,VNM,VSC",-0.01555246431079865,-0.01705246431079865,-0.03409375370544948,-0.03559375370544948,0.3,0.0015,0.005,20
topk_nonoverlap_v2,C_technical_semantic,LogisticRegression,2025-05-28,2025-06-25,2025-05-28,10,equal_weight_universe,80,"ABB,ACB,ANV,BAB,BCM,BID,BMP,BSI,BVB,BVH,CMG,CSV,CTG,DCM,DGW,DIG,DPM,DXG,EIB,ELC,EVF,FPT,FRT,GAS,GEX,GMD,GVR,HAH,HCM,HDB,HDG,HPG,HSG,KDH,KLB,LPB,MBB,MBS,MCH,MSB,MSN,MWG,NAB,NKG,NLG,NT2,NVL,OCB,PDR,PGB,PHR,PLX,PNJ,POW,PPC,PVT,REE,SAB,SCR,SHB,SSB,SSI,STB,TCB,TPB,VBB,VCB,VCG,VCI,VGC,VHC,VHM,VIB,VIC,VJC,VND,VNM,VPB,VRE,VSC",0.026681130322015346,0.026681130322015346,0.008139840927364526,0.008139840927364526,0.0,0.0,0.005,20
topk_nonoverlap_v2,C_technical_semantic,LogisticRegression,2025-05-28,2025-06-25,2025-05-28,10,random_topk_deterministic,10,"BCM,BVB,BVH,DPM,EIB,FPT,MSB,MWG,NKG,VHC",0.022840263552320033,0.018340263552320032,0.00429897415766922,-0.00020102584233078116,0.9000000000000002,0.004500000000000001,0.005,20
topk_nonoverlap_v2,C_technical_semantic,LogisticRegression,2025-06-25,2025-07-23,2025-06-25,5,model_topk,5,"BMP,FRT,HDG,VIC,VNM",0.1104883473782606,0.1084883473782606,0.003987524257719341,0.0019875242577193407,0.4,0.002,0.005,20
topk_nonoverlap_v2,C_technical_semantic,LogisticRegression,2025-06-25,2025-07-23,2025-06-25,5,equal_weight_universe,80,"ABB,ACB,ANV,BAB,BCM,BID,BMP,BSI,BVB,BVH,CMG,CSV,CTG,DCM,DGW,DIG,DPM,DXG,EIB,ELC,EVF,FPT,FRT,GAS,GEX,GMD,GVR,HAH,HCM,HDB,HDG,HPG,HSG,KDH,KLB,LPB,MBB,MBS,MCH,MSB,MSN,MWG,NAB,NKG,NLG,NT2,NVL,OCB,PDR,PGB,PHR,PLX,PNJ,POW,PPC,PVT,REE,SAB,SCR,SHB,SSB,SSI,STB,TCB,TPB,VBB,VCB,VCG,VCI,VGC,VHC,VHM,VIB,VIC,VJC,VND,VNM,VPB,VRE,VSC",0.11601544390767823,0.11601544390767823,0.009514620787136937,0.009514620787136937,0.0,0.0,0.005,20
topk_nonoverlap_v2,C_technical_semantic,LogisticRegression,2025-06-25,2025-07-23,2025-06-25,5,random_topk_deterministic,5,"BID,CMG,GVR,NLG,PNJ",0.08307826998452346,0.07807826998452345,-0.023422553136017783,-0.028422553136017784,0.9999999999999999,0.004999999999999999,0.005,20
topk_nonoverlap_v2,C_technical_semantic,LogisticRegression,2025-06-25,2025-07-23,2025-06-25,10,model_topk,10,"BMP,BVB,FRT,HDG,LPB,SSB,VGC,VIC,VNM,VSC",0.1211956452034338,0.1206956452034338,0.014694822082892519,0.014194822082892519,0.1,0.0005,0.005,20
topk_nonoverlap_v2,C_technical_semantic,LogisticRegression,2025-06-25,2025-07-23,2025-06-25,10,equal_weight_universe,80,"ABB,ACB,ANV,BAB,BCM,BID,BMP,BSI,BVB,BVH,CMG,CSV,CTG,DCM,DGW,DIG,DPM,DXG,EIB,ELC,EVF,FPT,FRT,GAS,GEX,GMD,GVR,HAH,HCM,HDB,HDG,HPG,HSG,KDH,KLB,LPB,MBB,MBS,MCH,MSB,MSN,MWG,NAB,NKG,NLG,NT2,NVL,OCB,PDR,PGB,PHR,PLX,PNJ,POW,PPC,PVT,REE,SAB,SCR,SHB,SSB,SSI,STB,TCB,TPB,VBB,VCB,VCG,VCI,VGC,VHC,VHM,VIB,VIC,VJC,VND,VNM,VPB,VRE,VSC",0.11601544390767823,0.11601544390767823,0.009514620787136937,0.009514620787136937,0.0,0.0,0.005,20
topk_nonoverlap_v2,C_technical_semantic,LogisticRegression,2025-06-25,2025-07-23,2025-06-25,10,random_topk_deterministic,10,"DGW,DIG,HAH,NAB,OCB,PLX,SSI,TPB,VCI,VPB",0.14805779199272145,0.14305779199272145,0.04155696887218015,0.03655696887218014,1.0000000000000002,0.005000000000000001,0.005,20
topk_nonoverlap_v2,C_technical_semantic,LogisticRegression,2025-07-23,2025-08-20,2025-07-23,5,model_topk,5,"BSI,FRT,VCB,VHM,VRE",0.039769129775259274,0.03576912977525927,-0.06077242585817548,-0.06477242585817548,0.7999999999999999,0.004,0.005,20
topk_nonoverlap_v2,C_technical_semantic,LogisticRegression,2025-07-23,2025-08-20,2025-07-23,5,equal_weight_universe,80,"ABB,ACB,ANV,BAB,BCM,BID,BMP,BSI,BVB,BVH,CMG,CSV,CTG,DCM,DGW,DIG,DPM,DXG,EIB,ELC,EVF,FPT,FRT,GAS,GEX,GMD,GVR,HAH,HCM,HDB,HDG,HPG,HSG,KDH,KLB,LPB,MBB,MBS,MCH,MSB,MSN,MWG,NAB,NKG,NLG,NT2,NVL,OCB,PDR,PGB,PHR,PLX,PNJ,POW,PPC,PVT,REE,SAB,SCR,SHB,SSB,SSI,STB,TCB,TPB,VBB,VCB,VCG,VCI,VGC,VHC,VHM,VIB,VIC,VJC,VND,VNM,VPB,VRE,VSC",0.11862726193998803,0.11862726193998803,0.018085706306553245,0.018085706306553245,0.0,0.0,0.005,20
topk_nonoverlap_v2,C_technical_semantic,LogisticRegression,2025-07-23,2025-08-20,2025-07-23,5,random_topk_deterministic,5,"BAB,DIG,HPG,STB,VIB",0.16727127631968924,0.16227127631968924,0.06672972068625446,0.061729720686254465,0.9999999999999999,0.004999999999999999,0.005,20
topk_nonoverlap_v2,C_technical_semantic,LogisticRegression,2025-07-23,2025-08-20,2025-07-23,10,model_topk,10,"BSI,FRT,HAH,MWG,NLG,VCB,VHM,VIC,VRE,VSC",0.12188824464344025,0.11838824464344025,0.0213466890100055,0.0178466890100055,0.7000000000000001,0.0035000000000000005,0.005,20
topk_nonoverlap_v2,C_technical_semantic,LogisticRegression,2025-07-23,2025-08-20,2025-07-23,10,equal_weight_universe,80,"ABB,ACB,ANV,BAB,BCM,BID,BMP,BSI,BVB,BVH,CMG,CSV,CTG,DCM,DGW,DIG,DPM,DXG,EIB,ELC,EVF,FPT,FRT,GAS,GEX,GMD,GVR,HAH,HCM,HDB,HDG,HPG,HSG,KDH,KLB,LPB,MBB,MBS,MCH,MSB,MSN,MWG,NAB,NKG,NLG,NT2,NVL,OCB,PDR,PGB,PHR,PLX,PNJ,POW,PPC,PVT,REE,SAB,SCR,SHB,SSB,SSI,STB,TCB,TPB,VBB,VCB,VCG,VCI,VGC,VHC,VHM,VIB,VIC,VJC,VND,VNM,VPB,VRE,VSC",0.11862726193998803,0.11862726193998803,0.018085706306553245,0.018085706306553245,0.0,0.0,0.005,20
topk_nonoverlap_v2,C_technical_semantic,LogisticRegression,2025-07-23,2025-08-20,2025-07-23,10,random_topk_deterministic,10,"BVH,DIG,ELC,MBB,MCH,NLG,POW,SSI,TCB,VIB",0.13661526741074725,0.13261526741074725,0.03607371177731243,0.03207371177731243,0.8000000000000002,0.004000000000000001,0.005,20
topk_nonoverlap_v2,C_technical_semantic,LogisticRegression,2025-08-20,2025-09-19,2025-08-20,5,model_topk,5,"BMP,FRT,VHM,VIC,VRE",0.07022159795790346,0.06822159795790346,0.07367037105987655,0.07167037105987654,0.4,0.002,0.005,20
topk_nonoverlap_v2,C_technical_semantic,LogisticRegression,2025-08-20,2025-09-19,2025-08-20,5,equal_weight_universe,80,"ABB,ACB,ANV,BAB,BCM,BID,BMP,BSI,BVB,BVH,CMG,CSV,CTG,DCM,DGW,DIG,DPM,DXG,EIB,ELC,EVF,FPT,FRT,GAS,GEX,GMD,GVR,HAH,HCM,HDB,HDG,HPG,HSG,KDH,KLB,LPB,MBB,MBS,MCH,MSB,MSN,MWG,NAB,NKG,NLG,NT2,NVL,OCB,PDR,PGB,PHR,PLX,PNJ,POW,PPC,PVT,REE,SAB,SCR,SHB,SSB,SSI,STB,TCB,TPB,VBB,VCB,VCG,VCI,VGC,VHC,VHM,VIB,VIC,VJC,VND,VNM,VPB,VRE,VSC",-0.012411640265388761,-0.012411640265388761,-0.008962867163415647,-0.008962867163415647,0.0,0.0,0.005,20
topk_nonoverlap_v2,C_technical_semantic,LogisticRegression,2025-08-20,2025-09-19,2025-08-20,5,random_topk_deterministic,5,"BSI,EIB,PDR,POW,TCB",-0.08616854890745428,-0.09116854890745428,-0.08271977580548118,-0.08771977580548118,0.9999999999999999,0.004999999999999999,0.005,20
topk_nonoverlap_v2,C_technical_semantic,LogisticRegression,2025-08-20,2025-09-19,2025-08-20,10,model_topk,10,"BMP,DGW,FRT,HAH,MWG,NLG,VHM,VIC,VRE,VSC",0.02102453525003789,0.02002453525003789,0.024473308352010996,0.023473308352010995,0.2,0.001,0.005,20
topk_nonoverlap_v2,C_technical_semantic,LogisticRegression,2025-08-20,2025-09-19,2025-08-20,10,equal_weight_universe,80,"ABB,ACB,ANV,BAB,BCM,BID,BMP,BSI,BVB,BVH,CMG,CSV,CTG,DCM,DGW,DIG,DPM,DXG,EIB,ELC,EVF,FPT,FRT,GAS,GEX,GMD,GVR,HAH,HCM,HDB,HDG,HPG,HSG,KDH,KLB,LPB,MBB,MBS,MCH,MSB,MSN,MWG,NAB,NKG,NLG,NT2,NVL,OCB,PDR,PGB,PHR,PLX,PNJ,POW,PPC,PVT,REE,SAB,SCR,SHB,SSB,SSI,STB,TCB,TPB,VBB,VCB,VCG,VCI,VGC,VHC,VHM,VIB,VIC,VJC,VND,VNM,VPB,VRE,VSC",-0.012411640265388761,-0.012411640265388761,-0.008962867163415647,-0.008962867163415647,0.0,0.0,0.005,20
topk_nonoverlap_v2,C_technical_semantic,LogisticRegression,2025-08-20,2025-09-19,2025-08-20,10,random_topk_deterministic,10,"BCM,BID,BSI,FPT,HDB,PGB,REE,SHB,VIB,VPB",-0.053374772546867844,-0.05787477254686785,-0.04992599944489474,-0.05442599944489474,0.9000000000000002,0.004500000000000001,0.005,20
topk_nonoverlap_v2,C_technical_semantic,LogisticRegression,2025-09-19,2025-10-17,2025-09-19,5,model_topk,5,"BMP,KLB,VHM,VIC,VRE",0.1788412379502245,0.1778412379502245,0.13508799730438623,0.13408799730438622,0.2,0.001,0.005,20
topk_nonoverlap_v2,C_technical_semantic,LogisticRegression,2025-09-19,2025-10-17,2025-09-19,5,equal_weight_universe,80,"ABB,ACB,ANV,BAB,BCM,BID,BMP,BSI,BVB,BVH,CMG,CSV,CTG,DCM,DGW,DIG,DPM,DXG,EIB,ELC,EVF,FPT,FRT,GAS,GEX,GMD,GVR,HAH,HCM,HDB,HDG,HPG,HSG,KDH,KLB,LPB,MBB,MBS,MCH,MSB,MSN,MWG,NAB,NKG,NLG,NT2,NVL,OCB,PDR,PGB,PHR,PLX,PNJ,POW,PPC,PVT,REE,SAB,SCR,SHB,SSB,SSI,STB,TCB,TPB,VBB,VCB,VCG,VCI,VGC,VHC,VHM,VIB,VIC,VJC,VND,VNM,VPB,VRE,VSC",0.0075955101855792375,0.0075955101855792375,-0.03615773046025904,-0.03615773046025904,0.0,0.0,0.005,20
topk_nonoverlap_v2,C_technical_semantic,LogisticRegression,2025-09-19,2025-10-17,2025-09-19,5,random_topk_deterministic,5,"BVB,EIB,MCH,NT2,VSC",-0.02022824520395234,-0.02422824520395234,-0.06398148584979065,-0.06798148584979065,0.7999999999999999,0.004,0.005,20
topk_nonoverlap_v2,C_technical_semantic,LogisticRegression,2025-09-19,2025-10-17,2025-09-19,10,model_topk,10,"BMP,DGW,HAH,KLB,MWG,NLG,VHM,VIC,VRE,VSC",0.08341348678397895,0.08291348678397895,0.03966024613814066,0.03916024613814066,0.1,0.0005,0.005,20
topk_nonoverlap_v2,C_technical_semantic,LogisticRegression,2025-09-19,2025-10-17,2025-09-19,10,equal_weight_universe,80,"ABB,ACB,ANV,BAB,BCM,BID,BMP,BSI,BVB,BVH,CMG,CSV,CTG,DCM,DGW,DIG,DPM,DXG,EIB,ELC,EVF,FPT,FRT,GAS,GEX,GMD,GVR,HAH,HCM,HDB,HDG,HPG,HSG,KDH,KLB,LPB,MBB,MBS,MCH,MSB,MSN,MWG,NAB,NKG,NLG,NT2,NVL,OCB,PDR,PGB,PHR,PLX,PNJ,POW,PPC,PVT,REE,SAB,SCR,SHB,SSB,SSI,STB,TCB,TPB,VBB,VCB,VCG,VCI,VGC,VHC,VHM,VIB,VIC,VJC,VND,VNM,VPB,VRE,VSC",0.0075955101855792375,0.0075955101855792375,-0.03615773046025904,-0.03615773046025904,0.0,0.0,0.005,20
topk_nonoverlap_v2,C_technical_semantic,LogisticRegression,2025-09-19,2025-10-17,2025-09-19,10,random_topk_deterministic,10,"DXG,HCM,HDG,MSN,NKG,POW,PVT,VBB,VCB,VNM",-0.008549808705419059,-0.01354980870541906,-0.05230304935125736,-0.057303049351257365,1.0000000000000002,0.005000000000000001,0.005,20
topk_nonoverlap_v2,C_technical_semantic,LogisticRegression,2025-10-17,2025-11-14,2025-10-17,5,model_topk,5,"BID,BMP,FRT,REE,VJC",0.031648847938848125,0.027648847938848125,0.08694607123611761,0.08294607123611761,0.7999999999999999,0.004,0.005,20
topk_nonoverlap_v2,C_technical_semantic,LogisticRegression,2025-10-17,2025-11-14,2025-10-17,5,equal_weight_universe,80,"ABB,ACB,ANV,BAB,BCM,BID,BMP,BSI,BVB,BVH,CMG,CSV,CTG,DCM,DGW,DIG,DPM,DXG,EIB,ELC,EVF,FPT,FRT,GAS,GEX,GMD,GVR,HAH,HCM,HDB,HDG,HPG,HSG,KDH,KLB,LPB,MBB,MBS,MCH,MSB,MSN,MWG,NAB,NKG,NLG,NT2,NVL,OCB,PDR,PGB,PHR,PLX,PNJ,POW,PPC,PVT,REE,SAB,SCR,SHB,SSB,SSI,STB,TCB,TPB,VBB,VCB,VCG,VCI,VGC,VHC,VHM,VIB,VIC,VJC,VND,VNM,VPB,VRE,VSC",-0.034949749742080496,-0.034949749742080496,0.02034747355518898,0.02034747355518898,0.0,0.0,0.005,20
topk_nonoverlap_v2,C_technical_semantic,LogisticRegression,2025-10-17,2025-11-14,2025-10-17,5,random_topk_deterministic,5,"DGW,GEX,OCB,PPC,VND",-0.08923609703968856,-0.09423609703968856,-0.03393887374241909,-0.03893887374241909,0.9999999999999999,0.004999999999999999,0.005,20
topk_nonoverlap_v2,C_technical_semantic,LogisticRegression,2025-10-17,2025-11-14,2025-10-17,10,model_topk,10,"ABB,ANV,BID,BMP,CMG,DPM,FRT,REE,VGC,VJC",0.015059934305665126,0.010559934305665125,0.07035715760293462,0.06585715760293462,0.9000000000000002,0.004500000000000001,0.005,20
topk_nonoverlap_v2,C_technical_semantic,LogisticRegression,2025-10-17,2025-11-14,2025-10-17,10,equal_weight_universe,80,"ABB,ACB,ANV,BAB,BCM,BID,BMP,BSI,BVB,BVH,CMG,CSV,CTG,DCM,DGW,DIG,DPM,DXG,EIB,ELC,EVF,FPT,FRT,GAS,GEX,GMD,GVR,HAH,HCM,HDB,HDG,HPG,HSG,KDH,KLB,LPB,MBB,MBS,MCH,MSB,MSN,MWG,NAB,NKG,NLG,NT2,NVL,OCB,PDR,PGB,PHR,PLX,PNJ,POW,PPC,PVT,REE,SAB,SCR,SHB,SSB,SSI,STB,TCB,TPB,VBB,VCB,VCG,VCI,VGC,VHC,VHM,VIB,VIC,VJC,VND,VNM,VPB,VRE,VSC",-0.034949749742080496,-0.034949749742080496,0.02034747355518898,0.02034747355518898,0.0,0.0,0.005,20
topk_nonoverlap_v2,C_technical_semantic,LogisticRegression,2025-10-17,2025-11-14,2025-10-17,10,random_topk_deterministic,10,"BSI,DIG,HCM,KLB,MSN,NT2,OCB,PPC,SAB,SHB",-0.05052717172427716,-0.054527171724277165,0.004770051572992308,0.0007700515729923071,0.8000000000000002,0.004000000000000001,0.005,20
topk_nonoverlap_v2,C_technical_semantic,LogisticRegression,2025-11-14,2025-12-12,2025-11-14,5,model_topk,5,"ANV,FRT,MBS,VGC,VJC",-0.061254162119156116,-0.06425416211915612,-0.06824302152262673,-0.07124302152262674,0.6,0.003,0.005,20
topk_nonoverlap_v2,C_technical_semantic,LogisticRegression,2025-11-14,2025-12-12,2025-11-14,5,equal_weight_universe,80,"ABB,ACB,ANV,BAB,BCM,BID,BMP,BSI,BVB,BVH,CMG,CSV,CTG,DCM,DGW,DIG,DPM,DXG,EIB,ELC,EVF,FPT,FRT,GAS,GEX,GMD,GVR,HAH,HCM,HDB,HDG,HPG,HSG,KDH,KLB,LPB,MBB,MBS,MCH,MSB,MSN,MWG,NAB,NKG,NLG,NT2,NVL,OCB,PDR,PGB,PHR,PLX,PNJ,POW,PPC,PVT,REE,SAB,SCR,SHB,SSB,SSI,STB,TCB,TPB,VBB,VCB,VCG,VCI,VGC,VHC,VHM,VIB,VIC,VJC,VND,VNM,VPB,VRE,VSC",-0.04846450569060197,-0.04846450569060197,-0.05545336509407256,-0.05545336509407256,0.0,0.0,0.005,20
topk_nonoverlap_v2,C_technical_semantic,LogisticRegression,2025-11-14,2025-12-12,2025-11-14,5,random_topk_deterministic,5,"BID,GEX,PDR,REE,VJC",-0.059240200629824505,-0.06324020062982451,-0.0662290600332951,-0.0702290600332951,0.7999999999999999,0.004,0.005,20
topk_nonoverlap_v2,C_technical_semantic,LogisticRegression,2025-11-14,2025-12-12,2025-11-14,10,model_topk,10,"ABB,ANV,CMG,DPM,FRT,HDB,MBS,MSB,VGC,VJC",-0.02955252274813138,-0.031052522748131382,-0.036541382151602,-0.038041382151602,0.3,0.0015,0.005,20
topk_nonoverlap_v2,C_technical_semantic,LogisticRegression,2025-11-14,2025-12-12,2025-11-14,10,equal_weight_universe,80,"ABB,ACB,ANV,BAB,BCM,BID,BMP,BSI,BVB,BVH,CMG,CSV,CTG,DCM,DGW,DIG,DPM,DXG,EIB,ELC,EVF,FPT,FRT,GAS,GEX,GMD,GVR,HAH,HCM,HDB,HDG,HPG,HSG,KDH,KLB,LPB,MBB,MBS,MCH,MSB,MSN,MWG,NAB,NKG,NLG,NT2,NVL,OCB,PDR,PGB,PHR,PLX,PNJ,POW,PPC,PVT,REE,SAB,SCR,SHB,SSB,SSI,STB,TCB,TPB,VBB,VCB,VCG,VCI,VGC,VHC,VHM,VIB,VIC,VJC,VND,VNM,VPB,VRE,VSC",-0.04846450569060197,-0.04846450569060197,-0.05545336509407256,-0.05545336509407256,0.0,0.0,0.005,20
topk_nonoverlap_v2,C_technical_semantic,LogisticRegression,2025-11-14,2025-12-12,2025-11-14,10,random_topk_deterministic,10,"CMG,DIG,MBB,NKG,PGB,PPC,SAB,VCI,VIC,VPB",-0.00673578314920664,-0.01023578314920664,-0.013724642552677243,-0.017224642552677243,0.7000000000000001,0.0035000000000000005,0.005,20
topk_nonoverlap_v2,C_technical_semantic,LogisticRegression,2025-12-12,2026-01-13,2025-12-12,5,model_topk,5,"FRT,MBB,MBS,VGC,VJC",0.089004826557482,0.088004826557482,-0.0664639661366262,-0.0674639661366262,0.2,0.001,0.005,20
topk_nonoverlap_v2,C_technical_semantic,LogisticRegression,2025-12-12,2026-01-13,2025-12-12,5,equal_weight_universe,80,"ABB,ACB,ANV,BAB,BCM,BID,BMP,BSI,BVB,BVH,CMG,CSV,CTG,DCM,DGW,DIG,DPM,DXG,EIB,ELC,EVF,FPT,FRT,GAS,GEX,GMD,GVR,HAH,HCM,HDB,HDG,HPG,HSG,KDH,KLB,LPB,MBB,MBS,MCH,MSB,MSN,MWG,NAB,NKG,NLG,NT2,NVL,OCB,PDR,PGB,PHR,PLX,PNJ,POW,PPC,PVT,REE,SAB,SCR,SHB,SSB,SSI,STB,TCB,TPB,VBB,VCB,VCG,VCI,VGC,VHC,VHM,VIB,VIC,VJC,VND,VNM,VPB,VRE,VSC",0.10005516818208375,0.10005516818208375,-0.055413624512024494,-0.055413624512024494,0.0,0.0,0.005,20
topk_nonoverlap_v2,C_technical_semantic,LogisticRegression,2025-12-12,2026-01-13,2025-12-12,5,random_topk_deterministic,5,"BCM,CTG,GVR,HDG,SSI",0.14545353941494624,0.14045353941494623,-0.010015253279162079,-0.015015253279162078,0.9999999999999999,0.004999999999999999,0.005,20
topk_nonoverlap_v2,C_technical_semantic,LogisticRegression,2025-12-12,2026-01-13,2025-12-12,10,model_topk,10,"ABB,ANV,CMG,DPM,FRT,HDB,MBB,MBS,VGC,VJC",0.085856456875153,0.085356456875153,-0.0696123358189552,-0.07011233581895521,0.1,0.0005,0.005,20
topk_nonoverlap_v2,C_technical_semantic,LogisticRegression,2025-12-12,2026-01-13,2025-12-12,10,equal_weight_universe,80,"ABB,ACB,ANV,BAB,BCM,BID,BMP,BSI,BVB,BVH,CMG,CSV,CTG,DCM,DGW,DIG,DPM,DXG,EIB,ELC,EVF,FPT,FRT,GAS,GEX,GMD,GVR,HAH,HCM,HDB,HDG,HPG,HSG,KDH,KLB,LPB,MBB,MBS,MCH,MSB,MSN,MWG,NAB,NKG,NLG,NT2,NVL,OCB,PDR,PGB,PHR,PLX,PNJ,POW,PPC,PVT,REE,SAB,SCR,SHB,SSB,SSI,STB,TCB,TPB,VBB,VCB,VCG,VCI,VGC,VHC,VHM,VIB,VIC,VJC,VND,VNM,VPB,VRE,VSC",0.10005516818208375,0.10005516818208375,-0.055413624512024494,-0.055413624512024494,0.0,0.0,0.005,20
topk_nonoverlap_v2,C_technical_semantic,LogisticRegression,2025-12-12,2026-01-13,2025-12-12,10,random_topk_deterministic,10,"ABB,BAB,DPM,ELC,GVR,MBB,PPC,PVT,TCB,VBB",0.11715897328058049,0.11315897328058049,-0.038309819413527735,-0.04230981941352774,0.8000000000000002,0.004000000000000001,0.005,20
topk_nonoverlap_v2,C_technical_semantic,LogisticRegression,2026-01-13,2026-02-10,2026-01-13,5,model_topk,5,"GAS,MCH,STB,VHM,VJC",-0.07736944296427407,-0.08136944296427408,0.000878311813883885,-0.003121688186116115,0.7999999999999999,0.004,0.005,20
topk_nonoverlap_v2,C_technical_semantic,LogisticRegression,2026-01-13,2026-02-10,2026-01-13,5,equal_weight_universe,79,"ABB,ACB,ANV,BAB,BCM,BID,BMP,BSI,BVB,BVH,CMG,CSV,CTG,DCM,DGW,DIG,DPM,DXG,EIB,ELC,EVF,FPT,FRT,GAS,GEX,GMD,GVR,HAH,HCM,HDB,HDG,HPG,HSG,KDH,LPB,MBB,MBS,MCH,MSB,MSN,MWG,NAB,NKG,NLG,NT2,NVL,OCB,PDR,PGB,PHR,PLX,PNJ,POW,PPC,PVT,REE,SAB,SCR,SHB,SSB,SSI,STB,TCB,TPB,VBB,VCB,VCG,VCI,VGC,VHC,VHM,VIB,VIC,VJC,VND,VNM,VPB,VRE,VSC",-0.04299521736466737,-0.04305771736466737,0.03525253741349052,0.03519003741349052,0.012499999999999994,6.249999999999997e-05,0.005,20
topk_nonoverlap_v2,C_technical_semantic,LogisticRegression,2026-01-13,2026-02-10,2026-01-13,5,random_topk_deterministic,5,"EIB,MSN,PLX,PPC,SSI",-0.021283710812194157,-0.025283710812194157,0.05696404396596374,0.05296404396596374,0.7999999999999999,0.004,0.005,20
topk_nonoverlap_v2,C_technical_semantic,LogisticRegression,2026-01-13,2026-02-10,2026-01-13,10,model_topk,10,"BVH,FPT,GAS,GMD,GVR,MCH,STB,VHM,VJC,VRE",-0.024583950330914962,-0.029083950330914963,0.053663804447242947,0.04916380444724294,0.9000000000000002,0.004500000000000001,0.005,20
topk_nonoverlap_v2,C_technical_semantic,LogisticRegression,2026-01-13,2026-02-10,2026-01-13,10,equal_weight_universe,79,"ABB,ACB,ANV,BAB,BCM,BID,BMP,BSI,BVB,BVH,CMG,CSV,CTG,DCM,DGW,DIG,DPM,DXG,EIB,ELC,EVF,FPT,FRT,GAS,GEX,GMD,GVR,HAH,HCM,HDB,HDG,HPG,HSG,KDH,LPB,MBB,MBS,MCH,MSB,MSN,MWG,NAB,NKG,NLG,NT2,NVL,OCB,PDR,PGB,PHR,PLX,PNJ,POW,PPC,PVT,REE,SAB,SCR,SHB,SSB,SSI,STB,TCB,TPB,VBB,VCB,VCG,VCI,VGC,VHC,VHM,VIB,VIC,VJC,VND,VNM,VPB,VRE,VSC",-0.04299521736466737,-0.04305771736466737,0.03525253741349052,0.03519003741349052,0.012499999999999994,6.249999999999997e-05,0.005,20
topk_nonoverlap_v2,C_technical_semantic,LogisticRegression,2026-01-13,2026-02-10,2026-01-13,10,random_topk_deterministic,10,"EVF,KDH,MWG,NLG,PLX,PPC,STB,VGC,VIB,VND",-0.01623817907381785,-0.02073817907381785,0.06200957570434005,0.057509575704340045,0.9000000000000002,0.004500000000000001,0.005,20
topk_nonoverlap_v2,C_technical_semantic,LogisticRegression,2026-02-10,2026-03-17,2026-02-10,5,model_topk,5,"GAS,PGB,VHM,VJC,VND",-0.05835846136876999,-0.06035846136876999,-0.033421601679939114,-0.035421601679939116,0.4,0.002,0.005,20
topk_nonoverlap_v2,C_technical_semantic,LogisticRegression,2026-02-10,2026-03-17,2026-02-10,5,equal_weight_universe,80,"ABB,ACB,ANV,BAB,BCM,BID,BMP,BSI,BVB,BVH,CMG,CSV,CTG,DCM,DGW,DIG,DPM,DXG,EIB,ELC,EVF,FPT,FRT,GAS,GEX,GMD,GVR,HAH,HCM,HDB,HDG,HPG,HSG,KDH,KLB,LPB,MBB,MBS,MCH,MSB,MSN,MWG,NAB,NKG,NLG,NT2,NVL,OCB,PDR,PGB,PHR,PLX,PNJ,POW,PPC,PVT,REE,SAB,SCR,SHB,SSB,SSI,STB,TCB,TPB,VBB,VCB,VCG,VCI,VGC,VHC,VHM,VIB,VIC,VJC,VND,VNM,VPB,VRE,VSC",-0.01970451065964718,-0.01976701065964718,0.005232349029183678,0.005169849029183678,0.012499999999999994,6.249999999999997e-05,0.005,20
topk_nonoverlap_v2,C_technical_semantic,LogisticRegression,2026-02-10,2026-03-17,2026-02-10,5,random_topk_deterministic,5,"ACB,ELC,NAB,NVL,VIB",-0.0218037764098315,-0.026803776409831497,0.003133083278999399,-0.0018669167210006,0.9999999999999999,0.004999999999999999,0.005,20
topk_nonoverlap_v2,C_technical_semantic,LogisticRegression,2026-02-10,2026-03-17,2026-02-10,10,model_topk,10,"FPT,GAS,GMD,MCH,PGB,STB,VHM,VJC,VND,VRE",-0.029172024739733637,-0.030172024739733638,-0.0042351650509027585,-0.0052351650509027585,0.2,0.001,0.005,20
topk_nonoverlap_v2,C_technical_semantic,LogisticRegression,2026-02-10,2026-03-17,2026-02-10,10,equal_weight_universe,80,"ABB,ACB,ANV,BAB,BCM,BID,BMP,BSI,BVB,BVH,CMG,CSV,CTG,DCM,DGW,DIG,DPM,DXG,EIB,ELC,EVF,FPT,FRT,GAS,GEX,GMD,GVR,HAH,HCM,HDB,HDG,HPG,HSG,KDH,KLB,LPB,MBB,MBS,MCH,MSB,MSN,MWG,NAB,NKG,NLG,NT2,NVL,OCB,PDR,PGB,PHR,PLX,PNJ,POW,PPC,PVT,REE,SAB,SCR,SHB,SSB,SSI,STB,TCB,TPB,VBB,VCB,VCG,VCI,VGC,VHC,VHM,VIB,VIC,VJC,VND,VNM,VPB,VRE,VSC",-0.01970451065964718,-0.01976701065964718,0.005232349029183678,0.005169849029183678,0.012499999999999994,6.249999999999997e-05,0.005,20
topk_nonoverlap_v2,C_technical_semantic,LogisticRegression,2026-02-10,2026-03-17,2026-02-10,10,random_topk_deterministic,10,"BSI,DCM,DPM,EIB,HCM,MCH,SCR,SHB,VGC,VPB",0.012300597029243595,0.007800597029243594,0.037237456718074435,0.03273745671807443,0.9000000000000002,0.004500000000000001,0.005,20
topk_nonoverlap_v2,C_technical_semantic,LogisticRegression,2026-03-17,2026-04-14,2026-03-17,5,model_topk,5,"MBB,PGB,SHB,VHM,VJC",0.06975429196353874,0.06775429196353874,0.031538550773448006,0.029538550773448004,0.4,0.002,0.005,20
topk_nonoverlap_v2,C_technical_semantic,LogisticRegression,2026-03-17,2026-04-14,2026-03-17,5,equal_weight_universe,80,"ABB,ACB,ANV,BAB,BCM,BID,BMP,BSI,BVB,BVH,CMG,CSV,CTG,DCM,DGW,DIG,DPM,DXG,EIB,ELC,EVF,FPT,FRT,GAS,GEX,GMD,GVR,HAH,HCM,HDB,HDG,HPG,HSG,KDH,KLB,LPB,MBB,MBS,MCH,MSB,MSN,MWG,NAB,NKG,NLG,NT2,NVL,OCB,PDR,PGB,PHR,PLX,PNJ,POW,PPC,PVT,REE,SAB,SCR,SHB,SSB,SSI,STB,TCB,TPB,VBB,VCB,VCG,VCI,VGC,VHC,VHM,VIB,VIC,VJC,VND,VNM,VPB,VRE,VSC",0.035497025414320385,0.035497025414320385,-0.002718715775770324,-0.002718715775770324,0.0,0.0,0.005,20
topk_nonoverlap_v2,C_technical_semantic,LogisticRegression,2026-03-17,2026-04-14,2026-03-17,5,random_topk_deterministic,5,"ANV,BVB,HSG,PHR,SCR",0.06344284004980216,0.058442840049802165,0.02522709885971146,0.02022709885971146,0.9999999999999999,0.004999999999999999,0.005,20
topk_nonoverlap_v2,C_technical_semantic,LogisticRegression,2026-03-17,2026-04-14,2026-03-17,10,model_topk,10,"FPT,GAS,MBB,MCH,PGB,SHB,STB,VHM,VJC,VRE",0.013278692298272624,0.012278692298272623,-0.024937048891818116,-0.025937048891818117,0.2,0.001,0.005,20
topk_nonoverlap_v2,C_technical_semantic,LogisticRegression,2026-03-17,2026-04-14,2026-03-17,10,equal_weight_universe,80,"ABB,ACB,ANV,BAB,BCM,BID,BMP,BSI,BVB,BVH,CMG,CSV,CTG,DCM,DGW,DIG,DPM,DXG,EIB,ELC,EVF,FPT,FRT,GAS,GEX,GMD,GVR,HAH,HCM,HDB,HDG,HPG,HSG,KDH,KLB,LPB,MBB,MBS,MCH,MSB,MSN,MWG,NAB,NKG,NLG,NT2,NVL,OCB,PDR,PGB,PHR,PLX,PNJ,POW,PPC,PVT,REE,SAB,SCR,SHB,SSB,SSI,STB,TCB,TPB,VBB,VCB,VCG,VCI,VGC,VHC,VHM,VIB,VIC,VJC,VND,VNM,VPB,VRE,VSC",0.035497025414320385,0.035497025414320385,-0.002718715775770324,-0.002718715775770324,0.0,0.0,0.005,20
topk_nonoverlap_v2,C_technical_semantic,LogisticRegression,2026-03-17,2026-04-14,2026-03-17,10,random_topk_deterministic,10,"BCM,KDH,MBS,MSB,MSN,NKG,NLG,PGB,VCG,VGC",0.034634873332645574,0.030134873332645574,-0.0035808678574450895,-0.008080867857445091,0.9000000000000002,0.004500000000000001,0.005,20
topk_nonoverlap_v2,C_technical_semantic,LogisticRegression,2026-04-14,2026-05-15,2026-04-14,5,model_topk,5,"BVH,CSV,CTG,FRT,VHM",-0.008715246727659266,-0.012715246727659266,-0.0909104991704266,-0.0949104991704266,0.7999999999999999,0.004,0.005,20
topk_nonoverlap_v2,C_technical_semantic,LogisticRegression,2026-04-14,2026-05-15,2026-04-14,5,equal_weight_universe,80,"ABB,ACB,ANV,BAB,BCM,BID,BMP,BSI,BVB,BVH,CMG,CSV,CTG,DCM,DGW,DIG,DPM,DXG,EIB,ELC,EVF,FPT,FRT,GAS,GEX,GMD,GVR,HAH,HCM,HDB,HDG,HPG,HSG,KDH,KLB,LPB,MBB,MBS,MCH,MSB,MSN,MWG,NAB,NKG,NLG,NT2,NVL,OCB,PDR,PGB,PHR,PLX,PNJ,POW,PPC,PVT,REE,SAB,SCR,SHB,SSB,SSI,STB,TCB,TPB,VBB,VCB,VCG,VCI,VGC,VHC,VHM,VIB,VIC,VJC,VND,VNM,VPB,VRE,VSC",0.0018808559012271336,0.0018808559012271336,-0.08031439654154023,-0.08031439654154023,0.0,0.0,0.005,20
topk_nonoverlap_v2,C_technical_semantic,LogisticRegression,2026-04-14,2026-05-15,2026-04-14,5,random_topk_deterministic,5,"BMP,DCM,DGW,HCM,OCB",0.01564149501227732,0.01064149501227732,-0.0665537574304901,-0.0715537574304901,0.9999999999999999,0.004999999999999999,0.005,20
topk_nonoverlap_v2,C_technical_semantic,LogisticRegression,2026-04-14,2026-05-15,2026-04-14,10,model_topk,10,"BVH,CSV,CTG,DGW,FRT,GAS,MBB,PGB,VCI,VHM",-0.015354364082741151,-0.018354364082741152,-0.0975496165255085,-0.1005496165255085,0.6,0.003,0.005,20
topk_nonoverlap_v2,C_technical_semantic,LogisticRegression,2026-04-14,2026-05-15,2026-04-14,10,equal_weight_universe,80,"ABB,ACB,ANV,BAB,BCM,BID,BMP,BSI,BVB,BVH,CMG,CSV,CTG,DCM,DGW,DIG,DPM,DXG,EIB,ELC,EVF,FPT,FRT,GAS,GEX,GMD,GVR,HAH,HCM,HDB,HDG,HPG,HSG,KDH,KLB,LPB,MBB,MBS,MCH,MSB,MSN,MWG,NAB,NKG,NLG,NT2,NVL,OCB,PDR,PGB,PHR,PLX,PNJ,POW,PPC,PVT,REE,SAB,SCR,SHB,SSB,SSI,STB,TCB,TPB,VBB,VCB,VCG,VCI,VGC,VHC,VHM,VIB,VIC,VJC,VND,VNM,VPB,VRE,VSC",0.0018808559012271336,0.0018808559012271336,-0.08031439654154023,-0.08031439654154023,0.0,0.0,0.005,20
topk_nonoverlap_v2,C_technical_semantic,LogisticRegression,2026-04-14,2026-05-15,2026-04-14,10,random_topk_deterministic,10,"EVF,GEX,GVR,HDG,MBB,PLX,TCB,VGC,VNM,VSC",0.007319459267149342,0.0028194592671493407,-0.07487579317561802,-0.07937579317561802,0.9000000000000002,0.004500000000000001,0.005,20
topk_nonoverlap_v2,C_technical_semantic,LogisticRegression,2026-05-15,2026-06-12,2026-05-15,5,model_topk,5,"BVH,FRT,HPG,MBB,VHM",-0.062328387053224535,-0.06432838705322454,0.0052975496661758605,0.0032975496661758604,0.4,0.002,0.005,20
topk_nonoverlap_v2,C_technical_semantic,LogisticRegression,2026-05-15,2026-06-12,2026-05-15,5,equal_weight_universe,80,"ABB,ACB,ANV,BAB,BCM,BID,BMP,BSI,BVB,BVH,CMG,CSV,CTG,DCM,DGW,DIG,DPM,DXG,EIB,ELC,EVF,FPT,FRT,GAS,GEX,GMD,GVR,HAH,HCM,HDB,HDG,HPG,HSG,KDH,KLB,LPB,MBB,MBS,MCH,MSB,MSN,MWG,NAB,NKG,NLG,NT2,NVL,OCB,PDR,PGB,PHR,PLX,PNJ,POW,PPC,PVT,REE,SAB,SCR,SHB,SSB,SSI,STB,TCB,TPB,VBB,VCB,VCG,VCI,VGC,VHC,VHM,VIB,VIC,VJC,VND,VNM,VPB,VRE,VSC",-0.04302202297658324,-0.04302202297658324,0.024603913742817153,0.024603913742817153,0.0,0.0,0.005,20
topk_nonoverlap_v2,C_technical_semantic,LogisticRegression,2026-05-15,2026-06-12,2026-05-15,5,random_topk_deterministic,5,"ABB,HAH,HDG,MCH,PDR",-0.03087158096212552,-0.03587158096212552,0.036754355757274836,0.03175435575727484,0.9999999999999999,0.004999999999999999,0.005,20
topk_nonoverlap_v2,C_technical_semantic,LogisticRegression,2026-05-15,2026-06-12,2026-05-15,10,model_topk,10,"BVH,DGW,FRT,GAS,HPG,MBB,PNJ,VHM,VJC,VNM",-0.04788585274681856,-0.04988585274681856,0.019740083972581843,0.017740083972581845,0.39999999999999997,0.002,0.005,20
topk_nonoverlap_v2,C_technical_semantic,LogisticRegression,2026-05-15,2026-06-12,2026-05-15,10,equal_weight_universe,80,"ABB,ACB,ANV,BAB,BCM,BID,BMP,BSI,BVB,BVH,CMG,CSV,CTG,DCM,DGW,DIG,DPM,DXG,EIB,ELC,EVF,FPT,FRT,GAS,GEX,GMD,GVR,HAH,HCM,HDB,HDG,HPG,HSG,KDH,KLB,LPB,MBB,MBS,MCH,MSB,MSN,MWG,NAB,NKG,NLG,NT2,NVL,OCB,PDR,PGB,PHR,PLX,PNJ,POW,PPC,PVT,REE,SAB,SCR,SHB,SSB,SSI,STB,TCB,TPB,VBB,VCB,VCG,VCI,VGC,VHC,VHM,VIB,VIC,VJC,VND,VNM,VPB,VRE,VSC",-0.04302202297658324,-0.04302202297658324,0.024603913742817153,0.024603913742817153,0.0,0.0,0.005,20
topk_nonoverlap_v2,C_technical_semantic,LogisticRegression,2026-05-15,2026-06-12,2026-05-15,10,random_topk_deterministic,10,"BVB,EIB,EVF,GEX,HAH,MBB,NAB,PLX,STB,VIC",-0.052759705432640525,-0.05575970543264053,0.014866231286759828,0.011866231286759829,0.6,0.003,0.005,20
topk_nonoverlap_v2,C_technical_semantic,RandomForest,2022-02-11,2022-03-11,2022-02-11,5,model_topk,5,"BID,MBB,MWG,PLX,TCB",-0.06589604257656176,-0.07089604257656176,-0.042476074673304845,-0.04747607467330484,1.0,0.005,0.005,20
topk_nonoverlap_v2,C_technical_semantic,RandomForest,2022-02-11,2022-03-11,2022-02-11,5,equal_weight_universe,80,"ABB,ACB,ANV,BAB,BCM,BID,BMP,BSI,BVB,BVH,CMG,CSV,CTG,DCM,DGW,DIG,DPM,DXG,EIB,ELC,EVF,FPT,FRT,GAS,GEX,GMD,GVR,HAH,HCM,HDB,HDG,HPG,HSG,KDH,KLB,LPB,MBB,MBS,MCH,MSB,MSN,MWG,NAB,NKG,NLG,NT2,NVL,OCB,PDR,PGB,PHR,PLX,PNJ,POW,PPC,PVT,REE,SAB,SCR,SHB,SSB,SSI,STB,TCB,TPB,VBB,VCB,VCG,VCI,VGC,VHC,VHM,VIB,VIC,VJC,VND,VNM,VPB,VRE,VSC",0.02555258494849641,0.02055258494849641,0.048972552851753344,0.043972552851753346,1.0,0.005,0.005,20
topk_nonoverlap_v2,C_technical_semantic,RandomForest,2022-02-11,2022-03-11,2022-02-11,5,random_topk_deterministic,5,"BMP,HDG,NAB,NKG,PHR",0.0360192915790591,0.0310192915790591,0.05943925948231606,0.054439259482316066,1.0,0.005,0.005,20
topk_nonoverlap_v2,C_technical_semantic,RandomForest,2022-02-11,2022-03-11,2022-02-11,10,model_topk,10,"ABB,BID,CTG,KLB,MBB,MWG,PLX,PNJ,TCB,VPB",-0.046541364084598275,-0.05154136408459827,-0.02312139618134134,-0.02812139618134134,1.0,0.005,0.005,20
topk_nonoverlap_v2,C_technical_semantic,RandomForest,2022-02-11,2022-03-11,2022-02-11,10,equal_weight_universe,80,"ABB,ACB,ANV,BAB,BCM,BID,BMP,BSI,BVB,BVH,CMG,CSV,CTG,DCM,DGW,DIG,DPM,DXG,EIB,ELC,EVF,FPT,FRT,GAS,GEX,GMD,GVR,HAH,HCM,HDB,HDG,HPG,HSG,KDH,KLB,LPB,MBB,MBS,MCH,MSB,MSN,MWG,NAB,NKG,NLG,NT2,NVL,OCB,PDR,PGB,PHR,PLX,PNJ,POW,PPC,PVT,REE,SAB,SCR,SHB,SSB,SSI,STB,TCB,TPB,VBB,VCB,VCG,VCI,VGC,VHC,VHM,VIB,VIC,VJC,VND,VNM,VPB,VRE,VSC",0.02555258494849641,0.02055258494849641,0.048972552851753344,0.043972552851753346,1.0,0.005,0.005,20
topk_nonoverlap_v2,C_technical_semantic,RandomForest,2022-02-11,2022-03-11,2022-02-11,10,random_topk_deterministic,10,"ABB,BID,BSI,DIG,EVF,FRT,MBB,REE,SAB,VGC",0.041373597430899876,0.03637359743089988,0.06479356533415685,0.059793565334156855,1.0,0.005,0.005,20
topk_nonoverlap_v2,C_technical_semantic,RandomForest,2022-03-11,2022-04-08,2022-03-11,5,model_topk,5,"KLB,MBB,PLX,TCB,VPB",0.03857404781533452,0.03657404781533452,0.0280322282945576,0.026032228294557598,0.4,0.002,0.005,20
topk_nonoverlap_v2,C_technical_semantic,RandomForest,2022-03-11,2022-04-08,2022-03-11,5,equal_weight_universe,80,"ABB,ACB,ANV,BAB,BCM,BID,BMP,BSI,BVB,BVH,CMG,CSV,CTG,DCM,DGW,DIG,DPM,DXG,EIB,ELC,EVF,FPT,FRT,GAS,GEX,GMD,GVR,HAH,HCM,HDB,HDG,HPG,HSG,KDH,KLB,LPB,MBB,MBS,MCH,MSB,MSN,MWG,NAB,NKG,NLG,NT2,NVL,OCB,PDR,PGB,PHR,PLX,PNJ,POW,PPC,PVT,REE,SAB,SCR,SHB,SSB,SSI,STB,TCB,TPB,VBB,VCB,VCG,VCI,VGC,VHC,VHM,VIB,VIC,VJC,VND,VNM,VPB,VRE,VSC",0.006389860242397111,0.006389860242397111,-0.004151959278379816,-0.004151959278379816,0.0,0.0,0.005,20
topk_nonoverlap_v2,C_technical_semantic,RandomForest,2022-03-11,2022-04-08,2022-03-11,5,random_topk_deterministic,5,"DIG,GAS,KLB,VIB,VSC",-0.012127697427203325,-0.017127697427203326,-0.0226695169479803,-0.027669516947980297,0.9999999999999999,0.004999999999999999,0.005,20
topk_nonoverlap_v2,C_technical_semantic,RandomForest,2022-03-11,2022-04-08,2022-03-11,10,model_topk,10,"ABB,BID,CTG,KLB,MBB,MWG,PLX,PNJ,TCB,VPB",0.03996849473010553,0.03996849473010553,0.029426675209328613,0.029426675209328613,0.0,0.0,0.005,20
topk_nonoverlap_v2,C_technical_semantic,RandomForest,2022-03-11,2022-04-08,2022-03-11,10,equal_weight_universe,80,"ABB,ACB,ANV,BAB,BCM,BID,BMP,BSI,BVB,BVH,CMG,CSV,CTG,DCM,DGW,DIG,DPM,DXG,EIB,ELC,EVF,FPT,FRT,GAS,GEX,GMD,GVR,HAH,HCM,HDB,HDG,HPG,HSG,KDH,KLB,LPB,MBB,MBS,MCH,MSB,MSN,MWG,NAB,NKG,NLG,NT2,NVL,OCB,PDR,PGB,PHR,PLX,PNJ,POW,PPC,PVT,REE,SAB,SCR,SHB,SSB,SSI,STB,TCB,TPB,VBB,VCB,VCG,VCI,VGC,VHC,VHM,VIB,VIC,VJC,VND,VNM,VPB,VRE,VSC",0.006389860242397111,0.006389860242397111,-0.004151959278379816,-0.004151959278379816,0.0,0.0,0.005,20
topk_nonoverlap_v2,C_technical_semantic,RandomForest,2022-03-11,2022-04-08,2022-03-11,10,random_topk_deterministic,10,"CTG,KDH,MBS,MCH,PLX,PVT,TPB,VHC,VIB,VIC",0.01468419727954535,0.009684197279545349,0.0041423777587684205,-0.0008576222412315804,1.0000000000000002,0.005000000000000001,0.005,20
topk_nonoverlap_v2,C_technical_semantic,RandomForest,2022-04-08,2022-05-11,2022-04-08,5,model_topk,5,"BMP,CTG,HDB,NAB,VPB",-0.13848811624958293,-0.14248811624958294,-0.01671348736969084,-0.02071348736969084,0.7999999999999999,0.004,0.005,20
topk_nonoverlap_v2,C_technical_semantic,RandomForest,2022-04-08,2022-05-11,2022-04-08,5,equal_weight_universe,80,"ABB,ACB,ANV,BAB,BCM,BID,BMP,BSI,BVB,BVH,CMG,CSV,CTG,DCM,DGW,DIG,DPM,DXG,EIB,ELC,EVF,FPT,FRT,GAS,GEX,GMD,GVR,HAH,HCM,HDB,HDG,HPG,HSG,KDH,KLB,LPB,MBB,MBS,MCH,MSB,MSN,MWG,NAB,NKG,NLG,NT2,NVL,OCB,PDR,PGB,PHR,PLX,PNJ,POW,PPC,PVT,REE,SAB,SCR,SHB,SSB,SSI,STB,TCB,TPB,VBB,VCB,VCG,VCI,VGC,VHC,VHM,VIB,VIC,VJC,VND,VNM,VPB,VRE,VSC",-0.1441197676240598,-0.1441197676240598,-0.02234513874416772,-0.02234513874416772,0.0,0.0,0.005,20
topk_nonoverlap_v2,C_technical_semantic,RandomForest,2022-04-08,2022-05-11,2022-04-08,5,random_topk_deterministic,5,"ABB,BVB,DGW,GAS,HCM",-0.21063023959357138,-0.2146302395935714,-0.08885561071367928,-0.09285561071367929,0.7999999999999999,0.004,0.005,20
topk_nonoverlap_v2,C_technical_semantic,RandomForest,2022-04-08,2022-05-11,2022-04-08,10,model_topk,10,"ACB,BMP,CTG,HDB,KDH,MSB,NAB,SHB,VIB,VPB",-0.14747452062100883,-0.15147452062100883,-0.025699891741116754,-0.029699891741116754,0.8000000000000002,0.004000000000000001,0.005,20
topk_nonoverlap_v2,C_technical_semantic,RandomForest,2022-04-08,2022-05-11,2022-04-08,10,equal_weight_universe,80,"ABB,ACB,ANV,BAB,BCM,BID,BMP,BSI,BVB,BVH,CMG,CSV,CTG,DCM,DGW,DIG,DPM,DXG,EIB,ELC,EVF,FPT,FRT,GAS,GEX,GMD,GVR,HAH,HCM,HDB,HDG,HPG,HSG,KDH,KLB,LPB,MBB,MBS,MCH,MSB,MSN,MWG,NAB,NKG,NLG,NT2,NVL,OCB,PDR,PGB,PHR,PLX,PNJ,POW,PPC,PVT,REE,SAB,SCR,SHB,SSB,SSI,STB,TCB,TPB,VBB,VCB,VCG,VCI,VGC,VHC,VHM,VIB,VIC,VJC,VND,VNM,VPB,VRE,VSC",-0.1441197676240598,-0.1441197676240598,-0.02234513874416772,-0.02234513874416772,0.0,0.0,0.005,20
topk_nonoverlap_v2,C_technical_semantic,RandomForest,2022-04-08,2022-05-11,2022-04-08,10,random_topk_deterministic,10,"DGW,DXG,ELC,FPT,HAH,MSB,PNJ,PVT,SCR,SSB",-0.12014260041722388,-0.12464260041722389,0.0016320284626681828,-0.0028679715373318183,0.9000000000000002,0.004500000000000001,0.005,20
topk_nonoverlap_v2,C_technical_semantic,RandomForest,2022-05-11,2022-06-08,2022-05-11,5,model_topk,5,"BMP,CTG,HDB,NAB,VPB",0.01246466753168098,0.01246466753168098,0.00756274441043128,0.00756274441043128,0.0,0.0,0.005,20
topk_nonoverlap_v2,C_technical_semantic,RandomForest,2022-05-11,2022-06-08,2022-05-11,5,equal_weight_universe,80,"ABB,ACB,ANV,BAB,BCM,BID,BMP,BSI,BVB,BVH,CMG,CSV,CTG,DCM,DGW,DIG,DPM,DXG,EIB,ELC,EVF,FPT,FRT,GAS,GEX,GMD,GVR,HAH,HCM,HDB,HDG,HPG,HSG,KDH,KLB,LPB,MBB,MBS,MCH,MSB,MSN,MWG,NAB,NKG,NLG,NT2,NVL,OCB,PDR,PGB,PHR,PLX,PNJ,POW,PPC,PVT,REE,SAB,SCR,SHB,SSB,SSI,STB,TCB,TPB,VBB,VCB,VCG,VCI,VGC,VHC,VHM,VIB,VIC,VJC,VND,VNM,VPB,VRE,VSC",0.026866112399613385,0.026866112399613385,0.02196418927836368,0.02196418927836368,0.0,0.0,0.005,20
topk_nonoverlap_v2,C_technical_semantic,RandomForest,2022-05-11,2022-06-08,2022-05-11,5,random_topk_deterministic,5,"ABB,MCH,MSB,SAB,SHB",-0.02481062115189964,-0.02881062115189964,-0.029712544273149344,-0.03371254427314935,0.7999999999999999,0.004,0.005,20
topk_nonoverlap_v2,C_technical_semantic,RandomForest,2022-05-11,2022-06-08,2022-05-11,10,model_topk,10,"ACB,BMP,CTG,HDB,KDH,MSB,NAB,SHB,VIB,VPB",-0.01067983180509889,-0.01067983180509889,-0.01558175492634859,-0.01558175492634859,0.0,0.0,0.005,20
topk_nonoverlap_v2,C_technical_semantic,RandomForest,2022-05-11,2022-06-08,2022-05-11,10,equal_weight_universe,80,"ABB,ACB,ANV,BAB,BCM,BID,BMP,BSI,BVB,BVH,CMG,CSV,CTG,DCM,DGW,DIG,DPM,DXG,EIB,ELC,EVF,FPT,FRT,GAS,GEX,GMD,GVR,HAH,HCM,HDB,HDG,HPG,HSG,KDH,KLB,LPB,MBB,MBS,MCH,MSB,MSN,MWG,NAB,NKG,NLG,NT2,NVL,OCB,PDR,PGB,PHR,PLX,PNJ,POW,PPC,PVT,REE,SAB,SCR,SHB,SSB,SSI,STB,TCB,TPB,VBB,VCB,VCG,VCI,VGC,VHC,VHM,VIB,VIC,VJC,VND,VNM,VPB,VRE,VSC",0.026866112399613385,0.026866112399613385,0.02196418927836368,0.02196418927836368,0.0,0.0,0.005,20
topk_nonoverlap_v2,C_technical_semantic,RandomForest,2022-05-11,2022-06-08,2022-05-11,10,random_topk_deterministic,10,"ANV,BVH,DGW,EIB,GAS,HDG,HPG,PDR,SHB,VCB",0.03422105660158954,0.02972105660158954,0.029319133480339838,0.024819133480339838,0.9000000000000002,0.004500000000000001,0.005,20
topk_nonoverlap_v2,C_technical_semantic,RandomForest,2022-06-08,2022-07-06,2022-06-08,5,model_topk,5,"BMP,CTG,HDB,NAB,VPB",-0.08074221476113409,-0.08074221476113409,0.040290578015127275,0.040290578015127275,0.0,0.0,0.005,20
topk_nonoverlap_v2,C_technical_semantic,RandomForest,2022-06-08,2022-07-06,2022-06-08,5,equal_weight_universe,80,"ABB,ACB,ANV,BAB,BCM,BID,BMP,BSI,BVB,BVH,CMG,CSV,CTG,DCM,DGW,DIG,DPM,DXG,EIB,ELC,EVF,FPT,FRT,GAS,GEX,GMD,GVR,HAH,HCM,HDB,HDG,HPG,HSG,KDH,KLB,LPB,MBB,MBS,MCH,MSB,MSN,MWG,NAB,NKG,NLG,NT2,NVL,OCB,PDR,PGB,PHR,PLX,PNJ,POW,PPC,PVT,REE,SAB,SCR,SHB,SSB,SSI,STB,TCB,TPB,VBB,VCB,VCG,VCI,VGC,VHC,VHM,VIB,VIC,VJC,VND,VNM,VPB,VRE,VSC",-0.14370080722554357,-0.14370080722554357,-0.022668014449282146,-0.022668014449282146,0.0,0.0,0.005,20
topk_nonoverlap_v2,C_technical_semantic,RandomForest,2022-06-08,2022-07-06,2022-06-08,5,random_topk_deterministic,5,"GEX,HCM,PNJ,VIC,VSC",-0.1455378021215494,-0.1505378021215494,-0.02450500934528796,-0.029505009345287957,0.9999999999999999,0.004999999999999999,0.005,20
topk_nonoverlap_v2,C_technical_semantic,RandomForest,2022-06-08,2022-07-06,2022-06-08,10,model_topk,10,"ACB,BMP,CTG,HDB,KDH,MSB,NAB,SHB,VIB,VPB",-0.08664181985612078,-0.08664181985612078,0.034390972920140594,0.034390972920140594,0.0,0.0,0.005,20
topk_nonoverlap_v2,C_technical_semantic,RandomForest,2022-06-08,2022-07-06,2022-06-08,10,equal_weight_universe,80,"ABB,ACB,ANV,BAB,BCM,BID,BMP,BSI,BVB,BVH,CMG,CSV,CTG,DCM,DGW,DIG,DPM,DXG,EIB,ELC,EVF,FPT,FRT,GAS,GEX,GMD,GVR,HAH,HCM,HDB,HDG,HPG,HSG,KDH,KLB,LPB,MBB,MBS,MCH,MSB,MSN,MWG,NAB,NKG,NLG,NT2,NVL,OCB,PDR,PGB,PHR,PLX,PNJ,POW,PPC,PVT,REE,SAB,SCR,SHB,SSB,SSI,STB,TCB,TPB,VBB,VCB,VCG,VCI,VGC,VHC,VHM,VIB,VIC,VJC,VND,VNM,VPB,VRE,VSC",-0.14370080722554357,-0.14370080722554357,-0.022668014449282146,-0.022668014449282146,0.0,0.0,0.005,20
topk_nonoverlap_v2,C_technical_semantic,RandomForest,2022-06-08,2022-07-06,2022-06-08,10,random_topk_deterministic,10,"DCM,DGW,FRT,GVR,HDG,OCB,TCB,VBB,VCG,VSC",-0.2072842509531047,-0.2112842509531047,-0.08625145817684327,-0.09025145817684327,0.8000000000000002,0.004000000000000001,0.005,20
topk_nonoverlap_v2,C_technical_semantic,RandomForest,2022-07-06,2022-08-03,2022-07-06,5,model_topk,5,"ACB,BAB,PPC,SAB,VJC",0.06375733348540742,0.058757333485407424,-0.023359166892981877,-0.028359166892981874,0.9999999999999999,0.004999999999999999,0.005,20
topk_nonoverlap_v2,C_technical_semantic,RandomForest,2022-07-06,2022-08-03,2022-07-06,5,equal_weight_universe,80,"ABB,ACB,ANV,BAB,BCM,BID,BMP,BSI,BVB,BVH,CMG,CSV,CTG,DCM,DGW,DIG,DPM,DXG,EIB,ELC,EVF,FPT,FRT,GAS,GEX,GMD,GVR,HAH,HCM,HDB,HDG,HPG,HSG,KDH,KLB,LPB,MBB,MBS,MCH,MSB,MSN,MWG,NAB,NKG,NLG,NT2,NVL,OCB,PDR,PGB,PHR,PLX,PNJ,POW,PPC,PVT,REE,SAB,SCR,SHB,SSB,SSI,STB,TCB,TPB,VBB,VCB,VCG,VCI,VGC,VHC,VHM,VIB,VIC,VJC,VND,VNM,VPB,VRE,VSC",0.12588210143176154,0.12588210143176154,0.03876560105337219,0.03876560105337219,0.0,0.0,0.005,20
topk_nonoverlap_v2,C_technical_semantic,RandomForest,2022-07-06,2022-08-03,2022-07-06,5,random_topk_deterministic,5,"ANV,CTG,KLB,PPC,SSI",0.07352387920966749,0.06852387920966749,-0.013592621168721859,-0.01859262116872186,0.9999999999999999,0.004999999999999999,0.005,20
topk_nonoverlap_v2,C_technical_semantic,RandomForest,2022-07-06,2022-08-03,2022-07-06,10,model_topk,10,"ABB,ACB,BAB,BMP,MBB,PDR,PPC,SAB,SSB,VJC",0.06945468111025069,0.06545468111025068,-0.017661819268138656,-0.021661819268138656,0.8000000000000002,0.004000000000000001,0.005,20
topk_nonoverlap_v2,C_technical_semantic,RandomForest,2022-07-06,2022-08-03,2022-07-06,10,equal_weight_universe,80,"ABB,ACB,ANV,BAB,BCM,BID,BMP,BSI,BVB,BVH,CMG,CSV,CTG,DCM,DGW,DIG,DPM,DXG,EIB,ELC,EVF,FPT,FRT,GAS,GEX,GMD,GVR,HAH,HCM,HDB,HDG,HPG,HSG,KDH,KLB,LPB,MBB,MBS,MCH,MSB,MSN,MWG,NAB,NKG,NLG,NT2,NVL,OCB,PDR,PGB,PHR,PLX,PNJ,POW,PPC,PVT,REE,SAB,SCR,SHB,SSB,SSI,STB,TCB,TPB,VBB,VCB,VCG,VCI,VGC,VHC,VHM,VIB,VIC,VJC,VND,VNM,VPB,VRE,VSC",0.12588210143176154,0.12588210143176154,0.03876560105337219,0.03876560105337219,0.0,0.0,0.005,20
topk_nonoverlap_v2,C_technical_semantic,RandomForest,2022-07-06,2022-08-03,2022-07-06,10,random_topk_deterministic,10,"CSV,ELC,GEX,HDG,KDH,KLB,PGB,SSB,VGC,VND",0.16291490442162554,0.15841490442162554,0.0757984040432362,0.0712984040432362,0.9000000000000002,0.004500000000000001,0.005,20
topk_nonoverlap_v2,C_technical_semantic,RandomForest,2022-08-03,2022-08-31,2022-08-03,5,model_topk,5,"ACB,BAB,PPC,SAB,VJC",-0.01071709573360248,-0.01071709573360248,-0.035321819840631104,-0.035321819840631104,0.0,0.0,0.005,20
topk_nonoverlap_v2,C_technical_semantic,RandomForest,2022-08-03,2022-08-31,2022-08-03,5,equal_weight_universe,80,"ABB,ACB,ANV,BAB,BCM,BID,BMP,BSI,BVB,BVH,CMG,CSV,CTG,DCM,DGW,DIG,DPM,DXG,EIB,ELC,EVF,FPT,FRT,GAS,GEX,GMD,GVR,HAH,HCM,HDB,HDG,HPG,HSG,KDH,KLB,LPB,MBB,MBS,MCH,MSB,MSN,MWG,NAB,NKG,NLG,NT2,NVL,OCB,PDR,PGB,PHR,PLX,PNJ,POW,PPC,PVT,REE,SAB,SCR,SHB,SSB,SSI,STB,TCB,TPB,VBB,VCB,VCG,VCI,VGC,VHC,VHM,VIB,VIC,VJC,VND,VNM,VPB,VRE,VSC",0.027442932012420873,0.027442932012420873,0.0028382079053922574,0.0028382079053922574,0.0,0.0,0.005,20
topk_nonoverlap_v2,C_technical_semantic,RandomForest,2022-08-03,2022-08-31,2022-08-03,5,random_topk_deterministic,5,"LPB,PDR,PHR,PNJ,VCI",0.0220081959586162,0.017008195958616204,-0.0025965281484124207,-0.0075965281484124195,0.9999999999999999,0.004999999999999999,0.005,20
topk_nonoverlap_v2,C_technical_semantic,RandomForest,2022-08-03,2022-08-31,2022-08-03,10,model_topk,10,"ABB,ACB,BAB,BMP,MBB,PDR,PPC,SAB,SSB,VJC",0.005498514086062249,0.005498514086062249,-0.01910621002096636,-0.01910621002096636,0.0,0.0,0.005,20
topk_nonoverlap_v2,C_technical_semantic,RandomForest,2022-08-03,2022-08-31,2022-08-03,10,equal_weight_universe,80,"ABB,ACB,ANV,BAB,BCM,BID,BMP,BSI,BVB,BVH,CMG,CSV,CTG,DCM,DGW,DIG,DPM,DXG,EIB,ELC,EVF,FPT,FRT,GAS,GEX,GMD,GVR,HAH,HCM,HDB,HDG,HPG,HSG,KDH,KLB,LPB,MBB,MBS,MCH,MSB,MSN,MWG,NAB,NKG,NLG,NT2,NVL,OCB,PDR,PGB,PHR,PLX,PNJ,POW,PPC,PVT,REE,SAB,SCR,SHB,SSB,SSI,STB,TCB,TPB,VBB,VCB,VCG,VCI,VGC,VHC,VHM,VIB,VIC,VJC,VND,VNM,VPB,VRE,VSC",0.027442932012420873,0.027442932012420873,0.0028382079053922574,0.0028382079053922574,0.0,0.0,0.005,20
topk_nonoverlap_v2,C_technical_semantic,RandomForest,2022-08-03,2022-08-31,2022-08-03,10,random_topk_deterministic,10,"ACB,ELC,FPT,GMD,MCH,MSB,NAB,PLX,VNM,VSC",-0.000984183418107029,-0.00548418341810703,-0.025588907525135644,-0.030088907525135645,0.9000000000000002,0.004500000000000001,0.005,20
topk_nonoverlap_v2,C_technical_semantic,RandomForest,2022-08-31,2022-09-30,2022-08-31,5,model_topk,5,"ACB,BAB,PPC,SAB,VJC",-0.07147662280988794,-0.07147662280988794,0.04441470174048652,0.04441470174048652,0.0,0.0,0.005,20
topk_nonoverlap_v2,C_technical_semantic,RandomForest,2022-08-31,2022-09-30,2022-08-31,5,equal_weight_universe,80,"ABB,ACB,ANV,BAB,BCM,BID,BMP,BSI,BVB,BVH,CMG,CSV,CTG,DCM,DGW,DIG,DPM,DXG,EIB,ELC,EVF,FPT,FRT,GAS,GEX,GMD,GVR,HAH,HCM,HDB,HDG,HPG,HSG,KDH,KLB,LPB,MBB,MBS,MCH,MSB,MSN,MWG,NAB,NKG,NLG,NT2,NVL,OCB,PDR,PGB,PHR,PLX,PNJ,POW,PPC,PVT,REE,SAB,SCR,SHB,SSB,SSI,STB,TCB,TPB,VBB,VCB,VCG,VCI,VGC,VHC,VHM,VIB,VIC,VJC,VND,VNM,VPB,VRE,VSC",-0.12112612114703285,-0.12112612114703285,-0.005234796596658332,-0.005234796596658332,0.0,0.0,0.005,20
topk_nonoverlap_v2,C_technical_semantic,RandomForest,2022-08-31,2022-09-30,2022-08-31,5,random_topk_deterministic,5,"HDB,NVL,SHB,VHC,VSC",-0.07357014966819128,-0.07857014966819129,0.0423211748821832,0.0373211748821832,0.9999999999999999,0.004999999999999999,0.005,20
topk_nonoverlap_v2,C_technical_semantic,RandomForest,2022-08-31,2022-09-30,2022-08-31,10,model_topk,10,"ABB,ACB,BAB,BMP,MBB,PDR,PPC,SAB,SSB,VJC",-0.08688159947053706,-0.08688159947053706,0.02900972507983741,0.02900972507983741,0.0,0.0,0.005,20
topk_nonoverlap_v2,C_technical_semantic,RandomForest,2022-08-31,2022-09-30,2022-08-31,10,equal_weight_universe,80,"ABB,ACB,ANV,BAB,BCM,BID,BMP,BSI,BVB,BVH,CMG,CSV,CTG,DCM,DGW,DIG,DPM,DXG,EIB,ELC,EVF,FPT,FRT,GAS,GEX,GMD,GVR,HAH,HCM,HDB,HDG,HPG,HSG,KDH,KLB,LPB,MBB,MBS,MCH,MSB,MSN,MWG,NAB,NKG,NLG,NT2,NVL,OCB,PDR,PGB,PHR,PLX,PNJ,POW,PPC,PVT,REE,SAB,SCR,SHB,SSB,SSI,STB,TCB,TPB,VBB,VCB,VCG,VCI,VGC,VHC,VHM,VIB,VIC,VJC,VND,VNM,VPB,VRE,VSC",-0.12112612114703285,-0.12112612114703285,-0.005234796596658332,-0.005234796596658332,0.0,0.0,0.005,20
topk_nonoverlap_v2,C_technical_semantic,RandomForest,2022-08-31,2022-09-30,2022-08-31,10,random_topk_deterministic,10,"BVH,EIB,EVF,HAH,HDB,MBB,NKG,NT2,SAB,SSB",-0.0755083135301082,-0.0805083135301082,0.0403830110202663,0.035383011020266295,1.0000000000000002,0.005000000000000001,0.005,20
topk_nonoverlap_v2,C_technical_semantic,RandomForest,2022-09-30,2022-10-28,2022-09-30,5,model_topk,5,"ACB,BAB,MBB,PPC,SAB",-0.05333072905684152,-0.05433072905684152,0.03919561555631446,0.03819561555631446,0.2,0.001,0.005,20
topk_nonoverlap_v2,C_technical_semantic,RandomForest,2022-09-30,2022-10-28,2022-09-30,5,equal_weight_universe,80,"ABB,ACB,ANV,BAB,BCM,BID,BMP,BSI,BVB,BVH,CMG,CSV,CTG,DCM,DGW,DIG,DPM,DXG,EIB,ELC,EVF,FPT,FRT,GAS,GEX,GMD,GVR,HAH,HCM,HDB,HDG,HPG,HSG,KDH,KLB,LPB,MBB,MBS,MCH,MSB,MSN,MWG,NAB,NKG,NLG,NT2,NVL,OCB,PDR,PGB,PHR,PLX,PNJ,POW,PPC,PVT,REE,SAB,SCR,SHB,SSB,SSI,STB,TCB,TPB,VBB,VCB,VCG,VCI,VGC,VHC,VHM,VIB,VIC,VJC,VND,VNM,VPB,VRE,VSC",-0.1269024482280874,-0.1269024482280874,-0.034376103614931416,-0.034376103614931416,0.0,0.0,0.005,20
topk_nonoverlap_v2,C_technical_semantic,RandomForest,2022-09-30,2022-10-28,2022-09-30,5,random_topk_deterministic,5,"HDB,HSG,MSB,NT2,REE",-0.07284247605394087,-0.07684247605394087,0.0196838685592151,0.0156838685592151,0.7999999999999999,0.004,0.005,20
topk_nonoverlap_v2,C_technical_semantic,RandomForest,2022-09-30,2022-10-28,2022-09-30,10,model_topk,10,"ABB,ACB,BAB,BMP,GEX,MBB,PDR,PPC,SAB,SSB",-0.07480628844268193,-0.07530628844268193,0.017720056170474053,0.017220056170474052,0.1,0.0005,0.005,20
topk_nonoverlap_v2,C_technical_semantic,RandomForest,2022-09-30,2022-10-28,2022-09-30,10,equal_weight_universe,80,"ABB,ACB,ANV,BAB,BCM,BID,BMP,BSI,BVB,BVH,CMG,CSV,CTG,DCM,DGW,DIG,DPM,DXG,EIB,ELC,EVF,FPT,FRT,GAS,GEX,GMD,GVR,HAH,HCM,HDB,HDG,HPG,HSG,KDH,KLB,LPB,MBB,MBS,MCH,MSB,MSN,MWG,NAB,NKG,NLG,NT2,NVL,OCB,PDR,PGB,PHR,PLX,PNJ,POW,PPC,PVT,REE,SAB,SCR,SHB,SSB,SSI,STB,TCB,TPB,VBB,VCB,VCG,VCI,VGC,VHC,VHM,VIB,VIC,VJC,VND,VNM,VPB,VRE,VSC",-0.1269024482280874,-0.1269024482280874,-0.034376103614931416,-0.034376103614931416,0.0,0.0,0.005,20
topk_nonoverlap_v2,C_technical_semantic,RandomForest,2022-09-30,2022-10-28,2022-09-30,10,random_topk_deterministic,10,"BSI,FPT,HAH,HDB,HSG,NKG,PDR,PHR,SSB,VCG",-0.1818975827935288,-0.1848975827935288,-0.08937123818037276,-0.09237123818037277,0.6,0.003,0.005,20
topk_nonoverlap_v2,C_technical_semantic,RandomForest,2022-10-28,2022-11-25,2022-10-28,5,model_topk,5,"HDB,MBB,POW,SHB,VRE",0.0004784977834205367,-0.0035215022165794633,0.054889804433474874,0.05088980443347488,0.7999999999999999,0.004,0.005,20
topk_nonoverlap_v2,C_technical_semantic,RandomForest,2022-10-28,2022-11-25,2022-10-28,5,equal_weight_universe,80,"ABB,ACB,ANV,BAB,BCM,BID,BMP,BSI,BVB,BVH,CMG,CSV,CTG,DCM,DGW,DIG,DPM,DXG,EIB,ELC,EVF,FPT,FRT,GAS,GEX,GMD,GVR,HAH,HCM,HDB,HDG,HPG,HSG,KDH,KLB,LPB,MBB,MBS,MCH,MSB,MSN,MWG,NAB,NKG,NLG,NT2,NVL,OCB,PDR,PGB,PHR,PLX,PNJ,POW,PPC,PVT,REE,SAB,SCR,SHB,SSB,SSI,STB,TCB,TPB,VBB,VCB,VCG,VCI,VGC,VHC,VHM,VIB,VIC,VJC,VND,VNM,VPB,VRE,VSC",-0.08837193253163753,-0.08837193253163753,-0.03396062588158323,-0.03396062588158323,0.0,0.0,0.005,20
topk_nonoverlap_v2,C_technical_semantic,RandomForest,2022-10-28,2022-11-25,2022-10-28,5,random_topk_deterministic,5,"BMP,HPG,POW,SSB,VGC",-0.0829419504828188,-0.0879419504828188,-0.028530643832764463,-0.03353064383276446,0.9999999999999999,0.004999999999999999,0.005,20
topk_nonoverlap_v2,C_technical_semantic,RandomForest,2022-10-28,2022-11-25,2022-10-28,10,model_topk,10,"ABB,GMD,HDB,MBB,POW,PVT,SHB,TPB,VBB,VRE",-0.01817166853657112,-0.02217166853657112,0.03623963811348318,0.032239638113483175,0.8000000000000002,0.004000000000000001,0.005,20
topk_nonoverlap_v2,C_technical_semantic,RandomForest,2022-10-28,2022-11-25,2022-10-28,10,equal_weight_universe,80,"ABB,ACB,ANV,BAB,BCM,BID,BMP,BSI,BVB,BVH,CMG,CSV,CTG,DCM,DGW,DIG,DPM,DXG,EIB,ELC,EVF,FPT,FRT,GAS,GEX,GMD,GVR,HAH,HCM,HDB,HDG,HPG,HSG,KDH,KLB,LPB,MBB,MBS,MCH,MSB,MSN,MWG,NAB,NKG,NLG,NT2,NVL,OCB,PDR,PGB,PHR,PLX,PNJ,POW,PPC,PVT,REE,SAB,SCR,SHB,SSB,SSI,STB,TCB,TPB,VBB,VCB,VCG,VCI,VGC,VHC,VHM,VIB,VIC,VJC,VND,VNM,VPB,VRE,VSC",-0.08837193253163753,-0.08837193253163753,-0.03396062588158323,-0.03396062588158323,0.0,0.0,0.005,20
topk_nonoverlap_v2,C_technical_semantic,RandomForest,2022-10-28,2022-11-25,2022-10-28,10,random_topk_deterministic,10,"ACB,BSI,GMD,MBB,MBS,NT2,PPC,SAB,SSI,VHM",-0.04285339334832276,-0.04735339334832277,0.011557913301731535,0.007057913301731534,0.9000000000000002,0.004500000000000001,0.005,20
topk_nonoverlap_v2,C_technical_semantic,RandomForest,2022-11-25,2022-12-23,2022-11-25,5,model_topk,5,"HDB,MBB,POW,SHB,VRE",0.05898438908863087,0.05898438908863087,0.00866836990101646,0.00866836990101646,0.0,0.0,0.005,20
topk_nonoverlap_v2,C_technical_semantic,RandomForest,2022-11-25,2022-12-23,2022-11-25,5,equal_weight_universe,80,"ABB,ACB,ANV,BAB,BCM,BID,BMP,BSI,BVB,BVH,CMG,CSV,CTG,DCM,DGW,DIG,DPM,DXG,EIB,ELC,EVF,FPT,FRT,GAS,GEX,GMD,GVR,HAH,HCM,HDB,HDG,HPG,HSG,KDH,KLB,LPB,MBB,MBS,MCH,MSB,MSN,MWG,NAB,NKG,NLG,NT2,NVL,OCB,PDR,PGB,PHR,PLX,PNJ,POW,PPC,PVT,REE,SAB,SCR,SHB,SSB,SSI,STB,TCB,TPB,VBB,VCB,VCG,VCI,VGC,VHC,VHM,VIB,VIC,VJC,VND,VNM,VPB,VRE,VSC",0.0917815081415152,0.0917815081415152,0.0414654889539008,0.0414654889539008,0.0,0.0,0.005,20
topk_nonoverlap_v2,C_technical_semantic,RandomForest,2022-11-25,2022-12-23,2022-11-25,5,random_topk_deterministic,5,"ABB,HDB,HDG,PGB,SSI",0.08264956516023898,0.07764956516023898,0.032333545972624576,0.02733354597262458,0.9999999999999999,0.004999999999999999,0.005,20
topk_nonoverlap_v2,C_technical_semantic,RandomForest,2022-11-25,2022-12-23,2022-11-25,10,model_topk,10,"ABB,GMD,HDB,MBB,POW,PVT,SHB,TPB,VBB,VRE",0.06073141850172389,0.06073141850172389,0.01041539931410947,0.01041539931410947,0.0,0.0,0.005,20
topk_nonoverlap_v2,C_technical_semantic,RandomForest,2022-11-25,2022-12-23,2022-11-25,10,equal_weight_universe,80,"ABB,ACB,ANV,BAB,BCM,BID,BMP,BSI,BVB,BVH,CMG,CSV,CTG,DCM,DGW,DIG,DPM,DXG,EIB,ELC,EVF,FPT,FRT,GAS,GEX,GMD,GVR,HAH,HCM,HDB,HDG,HPG,HSG,KDH,KLB,LPB,MBB,MBS,MCH,MSB,MSN,MWG,NAB,NKG,NLG,NT2,NVL,OCB,PDR,PGB,PHR,PLX,PNJ,POW,PPC,PVT,REE,SAB,SCR,SHB,SSB,SSI,STB,TCB,TPB,VBB,VCB,VCG,VCI,VGC,VHC,VHM,VIB,VIC,VJC,VND,VNM,VPB,VRE,VSC",0.0917815081415152,0.0917815081415152,0.0414654889539008,0.0414654889539008,0.0,0.0,0.005,20
topk_nonoverlap_v2,C_technical_semantic,RandomForest,2022-11-25,2022-12-23,2022-11-25,10,random_topk_deterministic,10,"BCM,DGW,DXG,ELC,GEX,MBS,MCH,VCI,VGC,VSC",0.1007167503630015,0.0962167503630015,0.050400731175387105,0.0459007311753871,0.9000000000000002,0.004500000000000001,0.005,20
topk_nonoverlap_v2,C_technical_semantic,RandomForest,2022-12-23,2023-01-30,2022-12-23,5,model_topk,5,"HDB,MBB,POW,SHB,VRE",0.09895014524481283,0.09895014524481283,0.01835936178047752,0.01835936178047752,0.0,0.0,0.005,20
topk_nonoverlap_v2,C_technical_semantic,RandomForest,2022-12-23,2023-01-30,2022-12-23,5,equal_weight_universe,80,"ABB,ACB,ANV,BAB,BCM,BID,BMP,BSI,BVB,BVH,CMG,CSV,CTG,DCM,DGW,DIG,DPM,DXG,EIB,ELC,EVF,FPT,FRT,GAS,GEX,GMD,GVR,HAH,HCM,HDB,HDG,HPG,HSG,KDH,KLB,LPB,MBB,MBS,MCH,MSB,MSN,MWG,NAB,NKG,NLG,NT2,NVL,OCB,PDR,PGB,PHR,PLX,PNJ,POW,PPC,PVT,REE,SAB,SCR,SHB,SSB,SSI,STB,TCB,TPB,VBB,VCB,VCG,VCI,VGC,VHC,VHM,VIB,VIC,VJC,VND,VNM,VPB,VRE,VSC",0.09285616386073754,0.09285616386073754,0.012265380396402218,0.012265380396402218,0.0,0.0,0.005,20
topk_nonoverlap_v2,C_technical_semantic,RandomForest,2022-12-23,2023-01-30,2022-12-23,5,random_topk_deterministic,5,"CMG,EIB,HPG,MCH,STB",0.06035209071849902,0.055352090718499024,-0.02023869274583632,-0.025238692745836316,0.9999999999999999,0.004999999999999999,0.005,20
topk_nonoverlap_v2,C_technical_semantic,RandomForest,2022-12-23,2023-01-30,2022-12-23,10,model_topk,10,"ABB,GMD,HDB,MBB,POW,PVT,SHB,TPB,VBB,VRE",0.10793248342909187,0.10793248342909187,0.02734169996475653,0.02734169996475653,0.0,0.0,0.005,20
topk_nonoverlap_v2,C_technical_semantic,RandomForest,2022-12-23,2023-01-30,2022-12-23,10,equal_weight_universe,80,"ABB,ACB,ANV,BAB,BCM,BID,BMP,BSI,BVB,BVH,CMG,CSV,CTG,DCM,DGW,DIG,DPM,DXG,EIB,ELC,EVF,FPT,FRT,GAS,GEX,GMD,GVR,HAH,HCM,HDB,HDG,HPG,HSG,KDH,KLB,LPB,MBB,MBS,MCH,MSB,MSN,MWG,NAB,NKG,NLG,NT2,NVL,OCB,PDR,PGB,PHR,PLX,PNJ,POW,PPC,PVT,REE,SAB,SCR,SHB,SSB,SSI,STB,TCB,TPB,VBB,VCB,VCG,VCI,VGC,VHC,VHM,VIB,VIC,VJC,VND,VNM,VPB,VRE,VSC",0.09285616386073754,0.09285616386073754,0.012265380396402218,0.012265380396402218,0.0,0.0,0.005,20
topk_nonoverlap_v2,C_technical_semantic,RandomForest,2022-12-23,2023-01-30,2022-12-23,10,random_topk_deterministic,10,"BAB,BVH,CMG,CTG,HAH,HSG,NAB,NT2,PVT,VIB",0.10504161374418082,0.10004161374418082,0.024450830279845487,0.019450830279845486,1.0000000000000002,0.005000000000000001,0.005,20
topk_nonoverlap_v2,C_technical_semantic,RandomForest,2023-01-30,2023-02-27,2023-01-30,5,model_topk,5,"BAB,OCB,PDR,PPC,SSB",-0.08444897643831273,-0.08944897643831273,-0.010694022104347556,-0.015694022104347553,0.9999999999999999,0.004999999999999999,0.005,20
topk_nonoverlap_v2,C_technical_semantic,RandomForest,2023-01-30,2023-02-27,2023-01-30,5,equal_weight_universe,80,"ABB,ACB,ANV,BAB,BCM,BID,BMP,BSI,BVB,BVH,CMG,CSV,CTG,DCM,DGW,DIG,DPM,DXG,EIB,ELC,EVF,FPT,FRT,GAS,GEX,GMD,GVR,HAH,HCM,HDB,HDG,HPG,HSG,KDH,KLB,LPB,MBB,MBS,MCH,MSB,MSN,MWG,NAB,NKG,NLG,NT2,NVL,OCB,PDR,PGB,PHR,PLX,PNJ,POW,PPC,PVT,REE,SAB,SCR,SHB,SSB,SSI,STB,TCB,TPB,VBB,VCB,VCG,VCI,VGC,VHC,VHM,VIB,VIC,VJC,VND,VNM,VPB,VRE,VSC",-0.088278629565926,-0.088278629565926,-0.014523675231960848,-0.014523675231960848,0.0,0.0,0.005,20
topk_nonoverlap_v2,C_technical_semantic,RandomForest,2023-01-30,2023-02-27,2023-01-30,5,random_topk_deterministic,5,"CMG,FPT,LPB,MBB,MSB",-0.07472041321971983,-0.07872041321971983,-0.0009654588857547011,-0.004965458885754701,0.7999999999999999,0.004,0.005,20
topk_nonoverlap_v2,C_technical_semantic,RandomForest,2023-01-30,2023-02-27,2023-01-30,10,model_topk,10,"BAB,DXG,GEX,HDB,HPG,NKG,OCB,PDR,PPC,SSB",-0.1181954880719425,-0.1226954880719425,-0.04444053373797733,-0.04894053373797733,0.9000000000000002,0.004500000000000001,0.005,20
topk_nonoverlap_v2,C_technical_semantic,RandomForest,2023-01-30,2023-02-27,2023-01-30,10,equal_weight_universe,80,"ABB,ACB,ANV,BAB,BCM,BID,BMP,BSI,BVB,BVH,CMG,CSV,CTG,DCM,DGW,DIG,DPM,DXG,EIB,ELC,EVF,FPT,FRT,GAS,GEX,GMD,GVR,HAH,HCM,HDB,HDG,HPG,HSG,KDH,KLB,LPB,MBB,MBS,MCH,MSB,MSN,MWG,NAB,NKG,NLG,NT2,NVL,OCB,PDR,PGB,PHR,PLX,PNJ,POW,PPC,PVT,REE,SAB,SCR,SHB,SSB,SSI,STB,TCB,TPB,VBB,VCB,VCG,VCI,VGC,VHC,VHM,VIB,VIC,VJC,VND,VNM,VPB,VRE,VSC",-0.088278629565926,-0.088278629565926,-0.014523675231960848,-0.014523675231960848,0.0,0.0,0.005,20
topk_nonoverlap_v2,C_technical_semantic,RandomForest,2023-01-30,2023-02-27,2023-01-30,10,random_topk_deterministic,10,"BCM,FPT,FRT,GMD,HCM,MWG,PPC,REE,TPB,VCI",-0.055442249922618,-0.060442249922618,0.018312704411347098,0.013312704411347097,1.0000000000000002,0.005000000000000001,0.005,20
topk_nonoverlap_v2,C_technical_semantic,RandomForest,2023-02-27,2023-03-27,2023-02-27,5,model_topk,5,"BAB,OCB,PDR,PPC,SSB",0.03132193357641818,0.03132193357641818,0.0009669764160754434,0.0009669764160754434,0.0,0.0,0.005,20
topk_nonoverlap_v2,C_technical_semantic,RandomForest,2023-02-27,2023-03-27,2023-02-27,5,equal_weight_universe,80,"ABB,ACB,ANV,BAB,BCM,BID,BMP,BSI,BVB,BVH,CMG,CSV,CTG,DCM,DGW,DIG,DPM,DXG,EIB,ELC,EVF,FPT,FRT,GAS,GEX,GMD,GVR,HAH,HCM,HDB,HDG,HPG,HSG,KDH,KLB,LPB,MBB,MBS,MCH,MSB,MSN,MWG,NAB,NKG,NLG,NT2,NVL,OCB,PDR,PGB,PHR,PLX,PNJ,POW,PPC,PVT,REE,SAB,SCR,SHB,SSB,SSI,STB,TCB,TPB,VBB,VCB,VCG,VCI,VGC,VHC,VHM,VIB,VIC,VJC,VND,VNM,VPB,VRE,VSC",0.04244534827522724,0.04244534827522724,0.012090391114884507,0.012090391114884507,0.0,0.0,0.005,20
topk_nonoverlap_v2,C_technical_semantic,RandomForest,2023-02-27,2023-03-27,2023-02-27,5,random_topk_deterministic,5,"HCM,KLB,POW,TCB,VSC",0.03399759263204038,0.02899759263204038,0.0036426354716976375,-0.0013573645283023617,0.9999999999999999,0.004999999999999999,0.005,20
topk_nonoverlap_v2,C_technical_semantic,RandomForest,2023-02-27,2023-03-27,2023-02-27,10,model_topk,10,"BAB,DXG,GEX,HDB,HPG,NKG,OCB,PDR,PPC,SSB",0.07468859461371033,0.07468859461371033,0.044333637453367554,0.044333637453367554,0.0,0.0,0.005,20
topk_nonoverlap_v2,C_technical_semantic,RandomForest,2023-02-27,2023-03-27,2023-02-27,10,equal_weight_universe,80,"ABB,ACB,ANV,BAB,BCM,BID,BMP,BSI,BVB,BVH,CMG,CSV,CTG,DCM,DGW,DIG,DPM,DXG,EIB,ELC,EVF,FPT,FRT,GAS,GEX,GMD,GVR,HAH,HCM,HDB,HDG,HPG,HSG,KDH,KLB,LPB,MBB,MBS,MCH,MSB,MSN,MWG,NAB,NKG,NLG,NT2,NVL,OCB,PDR,PGB,PHR,PLX,PNJ,POW,PPC,PVT,REE,SAB,SCR,SHB,SSB,SSI,STB,TCB,TPB,VBB,VCB,VCG,VCI,VGC,VHC,VHM,VIB,VIC,VJC,VND,VNM,VPB,VRE,VSC",0.04244534827522724,0.04244534827522724,0.012090391114884507,0.012090391114884507,0.0,0.0,0.005,20
topk_nonoverlap_v2,C_technical_semantic,RandomForest,2023-02-27,2023-03-27,2023-02-27,10,random_topk_deterministic,10,"DIG,HCM,OCB,POW,SSB,VCG,VCI,VGC,VJC,VSC",0.055518541506956676,0.05151854150695667,0.02516358434661392,0.02116358434661392,0.8000000000000002,0.004000000000000001,0.005,20
topk_nonoverlap_v2,C_technical_semantic,RandomForest,2023-03-27,2023-04-24,2023-03-27,5,model_topk,5,"BAB,DXG,OCB,PDR,SSB",0.01616150131971944,0.01516150131971944,0.02651075292342594,0.025510752923425938,0.2,0.001,0.005,20
topk_nonoverlap_v2,C_technical_semantic,RandomForest,2023-03-27,2023-04-24,2023-03-27,5,equal_weight_universe,80,"ABB,ACB,ANV,BAB,BCM,BID,BMP,BSI,BVB,BVH,CMG,CSV,CTG,DCM,DGW,DIG,DPM,DXG,EIB,ELC,EVF,FPT,FRT,GAS,GEX,GMD,GVR,HAH,HCM,HDB,HDG,HPG,HSG,KDH,KLB,LPB,MBB,MBS,MCH,MSB,MSN,MWG,NAB,NKG,NLG,NT2,NVL,OCB,PDR,PGB,PHR,PLX,PNJ,POW,PPC,PVT,REE,SAB,SCR,SHB,SSB,SSI,STB,TCB,TPB,VBB,VCB,VCG,VCI,VGC,VHC,VHM,VIB,VIC,VJC,VND,VNM,VPB,VRE,VSC",0.030233523356027046,0.030233523356027046,0.04058277495973352,0.04058277495973352,0.0,0.0,0.005,20
topk_nonoverlap_v2,C_technical_semantic,RandomForest,2023-03-27,2023-04-24,2023-03-27,5,random_topk_deterministic,5,"DXG,ELC,GAS,HDG,VNM",0.006637468816920243,0.0016374688169202437,0.016986720420626714,0.011986720420626715,0.9999999999999999,0.004999999999999999,0.005,20
topk_nonoverlap_v2,C_technical_semantic,RandomForest,2023-03-27,2023-04-24,2023-03-27,10,model_topk,10,"BAB,DXG,GEX,HDB,HPG,NKG,OCB,PDR,SSB,VND",-0.007331936845090601,-0.007831936845090601,0.0030173147586158707,0.0025173147586158707,0.1,0.0005,0.005,20
topk_nonoverlap_v2,C_technical_semantic,RandomForest,2023-03-27,2023-04-24,2023-03-27,10,equal_weight_universe,80,"ABB,ACB,ANV,BAB,BCM,BID,BMP,BSI,BVB,BVH,CMG,CSV,CTG,DCM,DGW,DIG,DPM,DXG,EIB,ELC,EVF,FPT,FRT,GAS,GEX,GMD,GVR,HAH,HCM,HDB,HDG,HPG,HSG,KDH,KLB,LPB,MBB,MBS,MCH,MSB,MSN,MWG,NAB,NKG,NLG,NT2,NVL,OCB,PDR,PGB,PHR,PLX,PNJ,POW,PPC,PVT,REE,SAB,SCR,SHB,SSB,SSI,STB,TCB,TPB,VBB,VCB,VCG,VCI,VGC,VHC,VHM,VIB,VIC,VJC,VND,VNM,VPB,VRE,VSC",0.030233523356027046,0.030233523356027046,0.04058277495973352,0.04058277495973352,0.0,0.0,0.005,20
topk_nonoverlap_v2,C_technical_semantic,RandomForest,2023-03-27,2023-04-24,2023-03-27,10,random_topk_deterministic,10,"ACB,CSV,DXG,GMD,KDH,MBS,OCB,PPC,VGC,VJC",0.046487497043332784,0.04298749704333278,0.05683674864703927,0.053336748647039266,0.7000000000000001,0.0035000000000000005,0.005,20
topk_nonoverlap_v2,C_technical_semantic,RandomForest,2023-04-24,2023-05-25,2023-04-24,5,model_topk,5,"HDB,MBB,MSB,SHB,TCB",0.021549037770503814,0.016549037770503816,-0.0007967408267153398,-0.005796740826715339,0.9999999999999999,0.004999999999999999,0.005,20
topk_nonoverlap_v2,C_technical_semantic,RandomForest,2023-04-24,2023-05-25,2023-04-24,5,equal_weight_universe,80,"ABB,ACB,ANV,BAB,BCM,BID,BMP,BSI,BVB,BVH,CMG,CSV,CTG,DCM,DGW,DIG,DPM,DXG,EIB,ELC,EVF,FPT,FRT,GAS,GEX,GMD,GVR,HAH,HCM,HDB,HDG,HPG,HSG,KDH,KLB,LPB,MBB,MBS,MCH,MSB,MSN,MWG,NAB,NKG,NLG,NT2,NVL,OCB,PDR,PGB,PHR,PLX,PNJ,POW,PPC,PVT,REE,SAB,SCR,SHB,SSB,SSI,STB,TCB,TPB,VBB,VCB,VCG,VCI,VGC,VHC,VHM,VIB,VIC,VJC,VND,VNM,VPB,VRE,VSC",0.028488844044077238,0.028488844044077238,0.006143065446858049,0.006143065446858049,0.0,0.0,0.005,20
topk_nonoverlap_v2,C_technical_semantic,RandomForest,2023-04-24,2023-05-25,2023-04-24,5,random_topk_deterministic,5,"ACB,PGB,PHR,VGC,VPB",0.03100985297351517,0.02600985297351517,0.008664074376295959,0.0036640743762959595,0.9999999999999999,0.004999999999999999,0.005,20
topk_nonoverlap_v2,C_technical_semantic,RandomForest,2023-04-24,2023-05-25,2023-04-24,10,model_topk,10,"ACB,GMD,HDB,LPB,MBB,MSB,SHB,TCB,TPB,VIB",0.01894481450259713,0.01444481450259713,-0.0034009640946220596,-0.00790096409462206,0.9000000000000002,0.004500000000000001,0.005,20
topk_nonoverlap_v2,C_technical_semantic,RandomForest,2023-04-24,2023-05-25,2023-04-24,10,equal_weight_universe,80,"ABB,ACB,ANV,BAB,BCM,BID,BMP,BSI,BVB,BVH,CMG,CSV,CTG,DCM,DGW,DIG,DPM,DXG,EIB,ELC,EVF,FPT,FRT,GAS,GEX,GMD,GVR,HAH,HCM,HDB,HDG,HPG,HSG,KDH,KLB,LPB,MBB,MBS,MCH,MSB,MSN,MWG,NAB,NKG,NLG,NT2,NVL,OCB,PDR,PGB,PHR,PLX,PNJ,POW,PPC,PVT,REE,SAB,SCR,SHB,SSB,SSI,STB,TCB,TPB,VBB,VCB,VCG,VCI,VGC,VHC,VHM,VIB,VIC,VJC,VND,VNM,VPB,VRE,VSC",0.028488844044077238,0.028488844044077238,0.006143065446858049,0.006143065446858049,0.0,0.0,0.005,20
topk_nonoverlap_v2,C_technical_semantic,RandomForest,2023-04-24,2023-05-25,2023-04-24,10,random_topk_deterministic,10,"ANV,DXG,EVF,HDB,LPB,MSB,PVT,SHB,SSI,VHC",0.0362584604830032,0.031758460483003195,0.013912681885784001,0.009412681885784,0.9000000000000002,0.004500000000000001,0.005,20
topk_nonoverlap_v2,C_technical_semantic,RandomForest,2023-05-25,2023-06-22,2023-05-25,5,model_topk,5,"ACB,MBB,MSB,SHB,TCB",0.08074055216153238,0.07974055216153238,0.02375361773360918,0.02275361773360918,0.2,0.001,0.005,20
topk_nonoverlap_v2,C_technical_semantic,RandomForest,2023-05-25,2023-06-22,2023-05-25,5,equal_weight_universe,80,"ABB,ACB,ANV,BAB,BCM,BID,BMP,BSI,BVB,BVH,CMG,CSV,CTG,DCM,DGW,DIG,DPM,DXG,EIB,ELC,EVF,FPT,FRT,GAS,GEX,GMD,GVR,HAH,HCM,HDB,HDG,HPG,HSG,KDH,KLB,LPB,MBB,MBS,MCH,MSB,MSN,MWG,NAB,NKG,NLG,NT2,NVL,OCB,PDR,PGB,PHR,PLX,PNJ,POW,PPC,PVT,REE,SAB,SCR,SHB,SSB,SSI,STB,TCB,TPB,VBB,VCB,VCG,VCI,VGC,VHC,VHM,VIB,VIC,VJC,VND,VNM,VPB,VRE,VSC",0.09564780574348064,0.09564780574348064,0.03866087131555743,0.03866087131555743,0.0,0.0,0.005,20
topk_nonoverlap_v2,C_technical_semantic,RandomForest,2023-05-25,2023-06-22,2023-05-25,5,random_topk_deterministic,5,"ABB,BAB,GVR,SAB,TCB",0.07656350358823594,0.07156350358823593,0.019576569160312716,0.014576569160312717,0.9999999999999999,0.004999999999999999,0.005,20
topk_nonoverlap_v2,C_technical_semantic,RandomForest,2023-05-25,2023-06-22,2023-05-25,10,model_topk,10,"ACB,GMD,HDB,LPB,MBB,MSB,SHB,TCB,TPB,VIB",0.07735994963563722,0.07735994963563722,0.02037301520771403,0.02037301520771403,0.0,0.0,0.005,20
topk_nonoverlap_v2,C_technical_semantic,RandomForest,2023-05-25,2023-06-22,2023-05-25,10,equal_weight_universe,80,"ABB,ACB,ANV,BAB,BCM,BID,BMP,BSI,BVB,BVH,CMG,CSV,CTG,DCM,DGW,DIG,DPM,DXG,EIB,ELC,EVF,FPT,FRT,GAS,GEX,GMD,GVR,HAH,HCM,HDB,HDG,HPG,HSG,KDH,KLB,LPB,MBB,MBS,MCH,MSB,MSN,MWG,NAB,NKG,NLG,NT2,NVL,OCB,PDR,PGB,PHR,PLX,PNJ,POW,PPC,PVT,REE,SAB,SCR,SHB,SSB,SSI,STB,TCB,TPB,VBB,VCB,VCG,VCI,VGC,VHC,VHM,VIB,VIC,VJC,VND,VNM,VPB,VRE,VSC",0.09564780574348064,0.09564780574348064,0.03866087131555743,0.03866087131555743,0.0,0.0,0.005,20
topk_nonoverlap_v2,C_technical_semantic,RandomForest,2023-05-25,2023-06-22,2023-05-25,10,random_topk_deterministic,10,"ABB,ANV,BID,KLB,LPB,NAB,NVL,PNJ,VJC,VNM",0.08561757423246644,0.08161757423246643,0.02863063980454324,0.02463063980454324,0.8000000000000002,0.004000000000000001,0.005,20
topk_nonoverlap_v2,C_technical_semantic,RandomForest,2023-06-22,2023-07-20,2023-06-22,5,model_topk,5,"ACB,MBB,MSB,SHB,TCB",0.040723384654205566,0.040723384654205566,-0.00149646782957642,-0.00149646782957642,0.0,0.0,0.005,20
topk_nonoverlap_v2,C_technical_semantic,RandomForest,2023-06-22,2023-07-20,2023-06-22,5,equal_weight_universe,80,"ABB,ACB,ANV,BAB,BCM,BID,BMP,BSI,BVB,BVH,CMG,CSV,CTG,DCM,DGW,DIG,DPM,DXG,EIB,ELC,EVF,FPT,FRT,GAS,GEX,GMD,GVR,HAH,HCM,HDB,HDG,HPG,HSG,KDH,KLB,LPB,MBB,MBS,MCH,MSB,MSN,MWG,NAB,NKG,NLG,NT2,NVL,OCB,PDR,PGB,PHR,PLX,PNJ,POW,PPC,PVT,REE,SAB,SCR,SHB,SSB,SSI,STB,TCB,TPB,VBB,VCB,VCG,VCI,VGC,VHC,VHM,VIB,VIC,VJC,VND,VNM,VPB,VRE,VSC",0.04908615125116789,0.04908615125116789,0.0068662987673858865,0.0068662987673858865,0.0,0.0,0.005,20
topk_nonoverlap_v2,C_technical_semantic,RandomForest,2023-06-22,2023-07-20,2023-06-22,5,random_topk_deterministic,5,"ABB,GVR,MSN,POW,TCB",0.019816148020386618,0.01781614802038662,-0.0224037044633954,-0.024403704463395397,0.4,0.002,0.005,20
topk_nonoverlap_v2,C_technical_semantic,RandomForest,2023-06-22,2023-07-20,2023-06-22,10,model_topk,10,"ACB,GMD,HDB,LPB,MBB,MSB,SHB,TCB,TPB,VIB",0.04801460954357807,0.04801460954357807,0.00579475705979609,0.00579475705979609,0.0,0.0,0.005,20
topk_nonoverlap_v2,C_technical_semantic,RandomForest,2023-06-22,2023-07-20,2023-06-22,10,equal_weight_universe,80,"ABB,ACB,ANV,BAB,BCM,BID,BMP,BSI,BVB,BVH,CMG,CSV,CTG,DCM,DGW,DIG,DPM,DXG,EIB,ELC,EVF,FPT,FRT,GAS,GEX,GMD,GVR,HAH,HCM,HDB,HDG,HPG,HSG,KDH,KLB,LPB,MBB,MBS,MCH,MSB,MSN,MWG,NAB,NKG,NLG,NT2,NVL,OCB,PDR,PGB,PHR,PLX,PNJ,POW,PPC,PVT,REE,SAB,SCR,SHB,SSB,SSI,STB,TCB,TPB,VBB,VCB,VCG,VCI,VGC,VHC,VHM,VIB,VIC,VJC,VND,VNM,VPB,VRE,VSC",0.04908615125116789,0.04908615125116789,0.0068662987673858865,0.0068662987673858865,0.0,0.0,0.005,20
topk_nonoverlap_v2,C_technical_semantic,RandomForest,2023-06-22,2023-07-20,2023-06-22,10,random_topk_deterministic,10,"BSI,CSV,ELC,NLG,NVL,POW,SAB,SSI,VCG,VND",0.03507282283234538,0.030572822832345376,-0.007147029651436631,-0.011647029651436634,0.9000000000000002,0.004500000000000001,0.005,20
topk_nonoverlap_v2,C_technical_semantic,RandomForest,2023-07-20,2023-08-17,2023-07-20,5,model_topk,5,"DIG,LPB,VNM,VPB,VRE",0.11274022901293526,0.10774022901293526,0.061009769688748106,0.05600976968874811,0.9999999999999999,0.004999999999999999,0.005,20
topk_nonoverlap_v2,C_technical_semantic,RandomForest,2023-07-20,2023-08-17,2023-07-20,5,equal_weight_universe,80,"ABB,ACB,ANV,BAB,BCM,BID,BMP,BSI,BVB,BVH,CMG,CSV,CTG,DCM,DGW,DIG,DPM,DXG,EIB,ELC,EVF,FPT,FRT,GAS,GEX,GMD,GVR,HAH,HCM,HDB,HDG,HPG,HSG,KDH,KLB,LPB,MBB,MBS,MCH,MSB,MSN,MWG,NAB,NKG,NLG,NT2,NVL,OCB,PDR,PGB,PHR,PLX,PNJ,POW,PPC,PVT,REE,SAB,SCR,SHB,SSB,SSI,STB,TCB,TPB,VBB,VCB,VCG,VCI,VGC,VHC,VHM,VIB,VIC,VJC,VND,VNM,VPB,VRE,VSC",0.058565910741737316,0.058565910741737316,0.006835451417550151,0.006835451417550151,0.0,0.0,0.005,20
topk_nonoverlap_v2,C_technical_semantic,RandomForest,2023-07-20,2023-08-17,2023-07-20,5,random_topk_deterministic,5,"CMG,FPT,PPC,TPB,VSC",-0.021304853015012122,-0.02630485301501212,-0.07303531233919928,-0.07803531233919929,0.9999999999999999,0.004999999999999999,0.005,20
topk_nonoverlap_v2,C_technical_semantic,RandomForest,2023-07-20,2023-08-17,2023-07-20,10,model_topk,10,"ABB,DIG,DXG,LPB,NVL,SCR,VIB,VNM,VPB,VRE",0.13310834404126393,0.12910834404126392,0.08137788471707677,0.07737788471707677,0.8000000000000002,0.004000000000000001,0.005,20
topk_nonoverlap_v2,C_technical_semantic,RandomForest,2023-07-20,2023-08-17,2023-07-20,10,equal_weight_universe,80,"ABB,ACB,ANV,BAB,BCM,BID,BMP,BSI,BVB,BVH,CMG,CSV,CTG,DCM,DGW,DIG,DPM,DXG,EIB,ELC,EVF,FPT,FRT,GAS,GEX,GMD,GVR,HAH,HCM,HDB,HDG,HPG,HSG,KDH,KLB,LPB,MBB,MBS,MCH,MSB,MSN,MWG,NAB,NKG,NLG,NT2,NVL,OCB,PDR,PGB,PHR,PLX,PNJ,POW,PPC,PVT,REE,SAB,SCR,SHB,SSB,SSI,STB,TCB,TPB,VBB,VCB,VCG,VCI,VGC,VHC,VHM,VIB,VIC,VJC,VND,VNM,VPB,VRE,VSC",0.058565910741737316,0.058565910741737316,0.006835451417550151,0.006835451417550151,0.0,0.0,0.005,20
topk_nonoverlap_v2,C_technical_semantic,RandomForest,2023-07-20,2023-08-17,2023-07-20,10,random_topk_deterministic,10,"ACB,BMP,BVH,FPT,MCH,NT2,NVL,OCB,STB,VIB",0.06145772551243737,0.056957725512437364,0.009727266188250188,0.005227266188250187,0.9000000000000002,0.004500000000000001,0.005,20
topk_nonoverlap_v2,C_technical_semantic,RandomForest,2023-08-17,2023-09-18,2023-08-17,5,model_topk,5,"DIG,LPB,NVL,VPB,VRE",-0.04219926291658962,-0.04319926291658962,-0.02463108183542088,-0.025631081835420882,0.2,0.001,0.005,20
topk_nonoverlap_v2,C_technical_semantic,RandomForest,2023-08-17,2023-09-18,2023-08-17,5,equal_weight_universe,80,"ABB,ACB,ANV,BAB,BCM,BID,BMP,BSI,BVB,BVH,CMG,CSV,CTG,DCM,DGW,DIG,DPM,DXG,EIB,ELC,EVF,FPT,FRT,GAS,GEX,GMD,GVR,HAH,HCM,HDB,HDG,HPG,HSG,KDH,KLB,LPB,MBB,MBS,MCH,MSB,MSN,MWG,NAB,NKG,NLG,NT2,NVL,OCB,PDR,PGB,PHR,PLX,PNJ,POW,PPC,PVT,REE,SAB,SCR,SHB,SSB,SSI,STB,TCB,TPB,VBB,VCB,VCG,VCI,VGC,VHC,VHM,VIB,VIC,VJC,VND,VNM,VPB,VRE,VSC",0.02450140955443635,0.02450140955443635,0.0420695906356051,0.0420695906356051,0.0,0.0,0.005,20
topk_nonoverlap_v2,C_technical_semantic,RandomForest,2023-08-17,2023-09-18,2023-08-17,5,random_topk_deterministic,5,"MBB,MWG,OCB,VHC,VIC",-0.00396348729140768,-0.008963487291407678,0.01360469378976108,0.008604693789761081,0.9999999999999999,0.004999999999999999,0.005,20
topk_nonoverlap_v2,C_technical_semantic,RandomForest,2023-08-17,2023-09-18,2023-08-17,10,model_topk,10,"ABB,DIG,DXG,LPB,NVL,SCR,VIB,VNM,VPB,VRE",-0.014311947161390648,-0.014311947161390648,0.003256233919778098,0.003256233919778098,0.0,0.0,0.005,20
topk_nonoverlap_v2,C_technical_semantic,RandomForest,2023-08-17,2023-09-18,2023-08-17,10,equal_weight_universe,80,"ABB,ACB,ANV,BAB,BCM,BID,BMP,BSI,BVB,BVH,CMG,CSV,CTG,DCM,DGW,DIG,DPM,DXG,EIB,ELC,EVF,FPT,FRT,GAS,GEX,GMD,GVR,HAH,HCM,HDB,HDG,HPG,HSG,KDH,KLB,LPB,MBB,MBS,MCH,MSB,MSN,MWG,NAB,NKG,NLG,NT2,NVL,OCB,PDR,PGB,PHR,PLX,PNJ,POW,PPC,PVT,REE,SAB,SCR,SHB,SSB,SSI,STB,TCB,TPB,VBB,VCB,VCG,VCI,VGC,VHC,VHM,VIB,VIC,VJC,VND,VNM,VPB,VRE,VSC",0.02450140955443635,0.02450140955443635,0.0420695906356051,0.0420695906356051,0.0,0.0,0.005,20
topk_nonoverlap_v2,C_technical_semantic,RandomForest,2023-08-17,2023-09-18,2023-08-17,10,random_topk_deterministic,10,"ANV,BVB,GEX,MWG,OCB,PGB,PLX,TPB,VGC,VND",0.03807800611674994,0.03357800611674994,0.055646187197918695,0.05114618719791869,0.9000000000000002,0.004500000000000001,0.005,20
topk_nonoverlap_v2,C_technical_semantic,RandomForest,2023-09-18,2023-10-16,2023-09-18,5,model_topk,5,"DIG,LPB,NVL,VPB,VRE",-0.08498919293846974,-0.08498919293846974,-0.02690252918755178,-0.02690252918755178,0.0,0.0,0.005,20
topk_nonoverlap_v2,C_technical_semantic,RandomForest,2023-09-18,2023-10-16,2023-09-18,5,equal_weight_universe,80,"ABB,ACB,ANV,BAB,BCM,BID,BMP,BSI,BVB,BVH,CMG,CSV,CTG,DCM,DGW,DIG,DPM,DXG,EIB,ELC,EVF,FPT,FRT,GAS,GEX,GMD,GVR,HAH,HCM,HDB,HDG,HPG,HSG,KDH,KLB,LPB,MBB,MBS,MCH,MSB,MSN,MWG,NAB,NKG,NLG,NT2,NVL,OCB,PDR,PGB,PHR,PLX,PNJ,POW,PPC,PVT,REE,SAB,SCR,SHB,SSB,SSI,STB,TCB,TPB,VBB,VCB,VCG,VCI,VGC,VHC,VHM,VIB,VIC,VJC,VND,VNM,VPB,VRE,VSC",-0.04814229259590509,-0.04814229259590509,0.009944371155012855,0.009944371155012855,0.0,0.0,0.005,20
topk_nonoverlap_v2,C_technical_semantic,RandomForest,2023-09-18,2023-10-16,2023-09-18,5,random_topk_deterministic,5,"DIG,FPT,GEX,HAH,VRE",-0.03733647300374334,-0.04233647300374334,0.020750190747174574,0.015750190747174576,0.9999999999999999,0.004999999999999999,0.005,20
topk_nonoverlap_v2,C_technical_semantic,RandomForest,2023-09-18,2023-10-16,2023-09-18,10,model_topk,10,"ABB,DIG,DXG,LPB,NVL,SCR,VIB,VNM,VPB,VRE",-0.10059471042574267,-0.10059471042574267,-0.04250804667482468,-0.04250804667482468,0.0,0.0,0.005,20
topk_nonoverlap_v2,C_technical_semantic,RandomForest,2023-09-18,2023-10-16,2023-09-18,10,equal_weight_universe,80,"ABB,ACB,ANV,BAB,BCM,BID,BMP,BSI,BVB,BVH,CMG,CSV,CTG,DCM,DGW,DIG,DPM,DXG,EIB,ELC,EVF,FPT,FRT,GAS,GEX,GMD,GVR,HAH,HCM,HDB,HDG,HPG,HSG,KDH,KLB,LPB,MBB,MBS,MCH,MSB,MSN,MWG,NAB,NKG,NLG,NT2,NVL,OCB,PDR,PGB,PHR,PLX,PNJ,POW,PPC,PVT,REE,SAB,SCR,SHB,SSB,SSI,STB,TCB,TPB,VBB,VCB,VCG,VCI,VGC,VHC,VHM,VIB,VIC,VJC,VND,VNM,VPB,VRE,VSC",-0.04814229259590509,-0.04814229259590509,0.009944371155012855,0.009944371155012855,0.0,0.0,0.005,20
topk_nonoverlap_v2,C_technical_semantic,RandomForest,2023-09-18,2023-10-16,2023-09-18,10,random_topk_deterministic,10,"DPM,HPG,MSB,NAB,PHR,PNJ,PPC,SSI,VCB,VCI",-0.0474168982507757,-0.052416898250775695,0.010669765500142212,0.005669765500142211,1.0000000000000002,0.005000000000000001,0.005,20
topk_nonoverlap_v2,C_technical_semantic,RandomForest,2023-10-16,2023-11-13,2023-10-16,5,model_topk,5,"BVH,DXG,KLB,REE,SSB",-0.019331973762007165,-0.024331973762007165,0.016894831445541422,0.011894831445541423,0.9999999999999999,0.004999999999999999,0.005,20
topk_nonoverlap_v2,C_technical_semantic,RandomForest,2023-10-16,2023-11-13,2023-10-16,5,equal_weight_universe,80,"ABB,ACB,ANV,BAB,BCM,BID,BMP,BSI,BVB,BVH,CMG,CSV,CTG,DCM,DGW,DIG,DPM,DXG,EIB,ELC,EVF,FPT,FRT,GAS,GEX,GMD,GVR,HAH,HCM,HDB,HDG,HPG,HSG,KDH,KLB,LPB,MBB,MBS,MCH,MSB,MSN,MWG,NAB,NKG,NLG,NT2,NVL,OCB,PDR,PGB,PHR,PLX,PNJ,POW,PPC,PVT,REE,SAB,SCR,SHB,SSB,SSI,STB,TCB,TPB,VBB,VCB,VCG,VCI,VGC,VHC,VHM,VIB,VIC,VJC,VND,VNM,VPB,VRE,VSC",-0.0258687793007528,-0.0258687793007528,0.010358025906795802,0.010358025906795802,0.0,0.0,0.005,20
topk_nonoverlap_v2,C_technical_semantic,RandomForest,2023-10-16,2023-11-13,2023-10-16,5,random_topk_deterministic,5,"DGW,KLB,MSB,PHR,SAB",-0.09575105594323585,-0.10075105594323586,-0.05952425073568722,-0.06452425073568722,0.9999999999999999,0.004999999999999999,0.005,20
topk_nonoverlap_v2,C_technical_semantic,RandomForest,2023-10-16,2023-11-13,2023-10-16,10,model_topk,10,"BVH,DXG,KLB,MSB,NT2,POW,REE,SCR,SSB,VHC",-0.024053160597920554,-0.028053160597920554,0.012173644609628054,0.008173644609628054,0.8000000000000002,0.004000000000000001,0.005,20
topk_nonoverlap_v2,C_technical_semantic,RandomForest,2023-10-16,2023-11-13,2023-10-16,10,equal_weight_universe,80,"ABB,ACB,ANV,BAB,BCM,BID,BMP,BSI,BVB,BVH,CMG,CSV,CTG,DCM,DGW,DIG,DPM,DXG,EIB,ELC,EVF,FPT,FRT,GAS,GEX,GMD,GVR,HAH,HCM,HDB,HDG,HPG,HSG,KDH,KLB,LPB,MBB,MBS,MCH,MSB,MSN,MWG,NAB,NKG,NLG,NT2,NVL,OCB,PDR,PGB,PHR,PLX,PNJ,POW,PPC,PVT,REE,SAB,SCR,SHB,SSB,SSI,STB,TCB,TPB,VBB,VCB,VCG,VCI,VGC,VHC,VHM,VIB,VIC,VJC,VND,VNM,VPB,VRE,VSC",-0.0258687793007528,-0.0258687793007528,0.010358025906795802,0.010358025906795802,0.0,0.0,0.005,20
topk_nonoverlap_v2,C_technical_semantic,RandomForest,2023-10-16,2023-11-13,2023-10-16,10,random_topk_deterministic,10,"ANV,BMP,EVF,MCH,PDR,VCI,VHC,VIB,VJC,VND",-0.004542445119205627,-0.009042445119205628,0.03168436008834298,0.02718436008834298,0.9000000000000002,0.004500000000000001,0.005,20
topk_nonoverlap_v2,C_technical_semantic,RandomForest,2023-11-13,2023-12-11,2023-11-13,5,model_topk,5,"BVH,DXG,KLB,REE,SSB",0.006949477358213579,0.006949477358213579,-0.0161672333965567,-0.0161672333965567,0.0,0.0,0.005,20
topk_nonoverlap_v2,C_technical_semantic,RandomForest,2023-11-13,2023-12-11,2023-11-13,5,equal_weight_universe,80,"ABB,ACB,ANV,BAB,BCM,BID,BMP,BSI,BVB,BVH,CMG,CSV,CTG,DCM,DGW,DIG,DPM,DXG,EIB,ELC,EVF,FPT,FRT,GAS,GEX,GMD,GVR,HAH,HCM,HDB,HDG,HPG,HSG,KDH,KLB,LPB,MBB,MBS,MCH,MSB,MSN,MWG,NAB,NKG,NLG,NT2,NVL,OCB,PDR,PGB,PHR,PLX,PNJ,POW,PPC,PVT,REE,SAB,SCR,SHB,SSB,SSI,STB,TCB,TPB,VBB,VCB,VCG,VCI,VGC,VHC,VHM,VIB,VIC,VJC,VND,VNM,VPB,VRE,VSC",0.03846540766510852,0.03846540766510852,0.015348696910338248,0.015348696910338248,0.0,0.0,0.005,20
topk_nonoverlap_v2,C_technical_semantic,RandomForest,2023-11-13,2023-12-11,2023-11-13,5,random_topk_deterministic,5,"DXG,GAS,PPC,TCB,VCG",0.017735963560186124,0.012735963560186124,-0.0053807471945841595,-0.010380747194584159,0.9999999999999999,0.004999999999999999,0.005,20
topk_nonoverlap_v2,C_technical_semantic,RandomForest,2023-11-13,2023-12-11,2023-11-13,10,model_topk,10,"BVH,DXG,KLB,MSB,NT2,POW,REE,SCR,SSB,VHC",0.013963194463522618,0.013963194463522618,-0.00915351629124766,-0.00915351629124766,0.0,0.0,0.005,20
topk_nonoverlap_v2,C_technical_semantic,RandomForest,2023-11-13,2023-12-11,2023-11-13,10,equal_weight_universe,80,"ABB,ACB,ANV,BAB,BCM,BID,BMP,BSI,BVB,BVH,CMG,CSV,CTG,DCM,DGW,DIG,DPM,DXG,EIB,ELC,EVF,FPT,FRT,GAS,GEX,GMD,GVR,HAH,HCM,HDB,HDG,HPG,HSG,KDH,KLB,LPB,MBB,MBS,MCH,MSB,MSN,MWG,NAB,NKG,NLG,NT2,NVL,OCB,PDR,PGB,PHR,PLX,PNJ,POW,PPC,PVT,REE,SAB,SCR,SHB,SSB,SSI,STB,TCB,TPB,VBB,VCB,VCG,VCI,VGC,VHC,VHM,VIB,VIC,VJC,VND,VNM,VPB,VRE,VSC",0.03846540766510852,0.03846540766510852,0.015348696910338248,0.015348696910338248,0.0,0.0,0.005,20
topk_nonoverlap_v2,C_technical_semantic,RandomForest,2023-11-13,2023-12-11,2023-11-13,10,random_topk_deterministic,10,"BSI,CTG,DCM,DIG,GAS,GEX,GMD,MWG,PGB,VGC",0.046535086347501996,0.041535086347502,0.02341837559273172,0.01841837559273172,1.0000000000000002,0.005000000000000001,0.005,20
topk_nonoverlap_v2,C_technical_semantic,RandomForest,2023-12-11,2024-01-09,2023-12-11,5,model_topk,5,"BVH,DXG,KLB,REE,SSB",0.014667591527274404,0.014667591527274404,-0.0147326750209263,-0.0147326750209263,0.0,0.0,0.005,20
topk_nonoverlap_v2,C_technical_semantic,RandomForest,2023-12-11,2024-01-09,2023-12-11,5,equal_weight_universe,80,"ABB,ACB,ANV,BAB,BCM,BID,BMP,BSI,BVB,BVH,CMG,CSV,CTG,DCM,DGW,DIG,DPM,DXG,EIB,ELC,EVF,FPT,FRT,GAS,GEX,GMD,GVR,HAH,HCM,HDB,HDG,HPG,HSG,KDH,KLB,LPB,MBB,MBS,MCH,MSB,MSN,MWG,NAB,NKG,NLG,NT2,NVL,OCB,PDR,PGB,PHR,PLX,PNJ,POW,PPC,PVT,REE,SAB,SCR,SHB,SSB,SSI,STB,TCB,TPB,VBB,VCB,VCG,VCI,VGC,VHC,VHM,VIB,VIC,VJC,VND,VNM,VPB,VRE,VSC",0.03295277521984165,0.03295277521984165,0.0035525086716409484,0.0035525086716409484,0.0,0.0,0.005,20
topk_nonoverlap_v2,C_technical_semantic,RandomForest,2023-12-11,2024-01-09,2023-12-11,5,random_topk_deterministic,5,"POW,SHB,VHM,VJC,VRE",0.018566193628473563,0.013566193628473564,-0.010834072919727161,-0.01583407291972716,0.9999999999999999,0.004999999999999999,0.005,20
topk_nonoverlap_v2,C_technical_semantic,RandomForest,2023-12-11,2024-01-09,2023-12-11,10,model_topk,10,"BVH,DXG,KLB,MSB,NT2,POW,REE,SSB,VCG,VHC",0.018045051311394632,0.01754505131139463,-0.011355215236806073,-0.011855215236806074,0.1,0.0005,0.005,20
topk_nonoverlap_v2,C_technical_semantic,RandomForest,2023-12-11,2024-01-09,2023-12-11,10,equal_weight_universe,80,"ABB,ACB,ANV,BAB,BCM,BID,BMP,BSI,BVB,BVH,CMG,CSV,CTG,DCM,DGW,DIG,DPM,DXG,EIB,ELC,EVF,FPT,FRT,GAS,GEX,GMD,GVR,HAH,HCM,HDB,HDG,HPG,HSG,KDH,KLB,LPB,MBB,MBS,MCH,MSB,MSN,MWG,NAB,NKG,NLG,NT2,NVL,OCB,PDR,PGB,PHR,PLX,PNJ,POW,PPC,PVT,REE,SAB,SCR,SHB,SSB,SSI,STB,TCB,TPB,VBB,VCB,VCG,VCI,VGC,VHC,VHM,VIB,VIC,VJC,VND,VNM,VPB,VRE,VSC",0.03295277521984165,0.03295277521984165,0.0035525086716409484,0.0035525086716409484,0.0,0.0,0.005,20
topk_nonoverlap_v2,C_technical_semantic,RandomForest,2023-12-11,2024-01-09,2023-12-11,10,random_topk_deterministic,10,"ACB,FPT,HAH,MCH,PDR,PGB,PNJ,TCB,VHM,VND",0.05980768528017379,0.05530768528017379,0.030407418731973102,0.0259074187319731,0.9000000000000002,0.004500000000000001,0.005,20
topk_nonoverlap_v2,C_technical_semantic,RandomForest,2024-01-09,2024-02-06,2024-01-09,5,model_topk,5,"BCM,DGW,GVR,HSG,VPB",0.06292060826133646,0.05792060826133646,0.037122008238895436,0.03212200823889544,0.9999999999999999,0.004999999999999999,0.005,20
topk_nonoverlap_v2,C_technical_semantic,RandomForest,2024-01-09,2024-02-06,2024-01-09,5,equal_weight_universe,80,"ABB,ACB,ANV,BAB,BCM,BID,BMP,BSI,BVB,BVH,CMG,CSV,CTG,DCM,DGW,DIG,DPM,DXG,EIB,ELC,EVF,FPT,FRT,GAS,GEX,GMD,GVR,HAH,HCM,HDB,HDG,HPG,HSG,KDH,KLB,LPB,MBB,MBS,MCH,MSB,MSN,MWG,NAB,NKG,NLG,NT2,NVL,OCB,PDR,PGB,PHR,PLX,PNJ,POW,PPC,PVT,REE,SAB,SCR,SHB,SSB,SSI,STB,TCB,TPB,VBB,VCB,VCG,VCI,VGC,VHC,VHM,VIB,VIC,VJC,VND,VNM,VPB,VRE,VSC",0.029575030124538708,0.029575030124538708,0.0037764301020976688,0.0037764301020976688,0.0,0.0,0.005,20
topk_nonoverlap_v2,C_technical_semantic,RandomForest,2024-01-09,2024-02-06,2024-01-09,5,random_topk_deterministic,5,"GEX,KLB,MSN,NKG,PPC",-0.007486772769304739,-0.012486772769304738,-0.03328537279174578,-0.03828537279174578,0.9999999999999999,0.004999999999999999,0.005,20
topk_nonoverlap_v2,C_technical_semantic,RandomForest,2024-01-09,2024-02-06,2024-01-09,10,model_topk,10,"ABB,BCM,DGW,GVR,HSG,PLX,SSB,VHC,VIC,VPB",0.026482618702830547,0.022482618702830547,0.0006840186803895199,-0.0033159813196104813,0.8000000000000002,0.004000000000000001,0.005,20
topk_nonoverlap_v2,C_technical_semantic,RandomForest,2024-01-09,2024-02-06,2024-01-09,10,equal_weight_universe,80,"ABB,ACB,ANV,BAB,BCM,BID,BMP,BSI,BVB,BVH,CMG,CSV,CTG,DCM,DGW,DIG,DPM,DXG,EIB,ELC,EVF,FPT,FRT,GAS,GEX,GMD,GVR,HAH,HCM,HDB,HDG,HPG,HSG,KDH,KLB,LPB,MBB,MBS,MCH,MSB,MSN,MWG,NAB,NKG,NLG,NT2,NVL,OCB,PDR,PGB,PHR,PLX,PNJ,POW,PPC,PVT,REE,SAB,SCR,SHB,SSB,SSI,STB,TCB,TPB,VBB,VCB,VCG,VCI,VGC,VHC,VHM,VIB,VIC,VJC,VND,VNM,VPB,VRE,VSC",0.029575030124538708,0.029575030124538708,0.0037764301020976688,0.0037764301020976688,0.0,0.0,0.005,20
topk_nonoverlap_v2,C_technical_semantic,RandomForest,2024-01-09,2024-02-06,2024-01-09,10,random_topk_deterministic,10,"ABB,BID,CMG,DCM,EIB,HDB,MSB,PLX,SCR,TPB",0.020648370882075683,0.01564837088207568,-0.005150229140365331,-0.010150229140365332,1.0000000000000002,0.005000000000000001,0.005,20
topk_nonoverlap_v2,C_technical_semantic,RandomForest,2024-02-06,2024-03-12,2024-02-06,5,model_topk,5,"ABB,BCM,GVR,HSG,VPB",0.04264408157543882,0.04164408157543882,-0.0049124612355466,-0.0059124612355466,0.2,0.001,0.005,20
topk_nonoverlap_v2,C_technical_semantic,RandomForest,2024-02-06,2024-03-12,2024-02-06,5,equal_weight_universe,80,"ABB,ACB,ANV,BAB,BCM,BID,BMP,BSI,BVB,BVH,CMG,CSV,CTG,DCM,DGW,DIG,DPM,DXG,EIB,ELC,EVF,FPT,FRT,GAS,GEX,GMD,GVR,HAH,HCM,HDB,HDG,HPG,HSG,KDH,KLB,LPB,MBB,MBS,MCH,MSB,MSN,MWG,NAB,NKG,NLG,NT2,NVL,OCB,PDR,PGB,PHR,PLX,PNJ,POW,PPC,PVT,REE,SAB,SCR,SHB,SSB,SSI,STB,TCB,TPB,VBB,VCB,VCG,VCI,VGC,VHC,VHM,VIB,VIC,VJC,VND,VNM,VPB,VRE,VSC",0.04448375630615168,0.04448375630615168,-0.003072786504833726,-0.003072786504833726,0.0,0.0,0.005,20
topk_nonoverlap_v2,C_technical_semantic,RandomForest,2024-02-06,2024-03-12,2024-02-06,5,random_topk_deterministic,5,"MBS,PGB,VIB,VND,VSC",0.00609358889517038,0.001093588895170381,-0.04146295391581498,-0.04646295391581498,0.9999999999999999,0.004999999999999999,0.005,20
topk_nonoverlap_v2,C_technical_semantic,RandomForest,2024-02-06,2024-03-12,2024-02-06,10,model_topk,10,"ABB,BCM,GVR,HSG,PLX,SHB,SSB,VHC,VIC,VPB",0.04396001052536404,0.04346001052536404,-0.0035965322856214093,-0.004096532285621409,0.1,0.0005,0.005,20
topk_nonoverlap_v2,C_technical_semantic,RandomForest,2024-02-06,2024-03-12,2024-02-06,10,equal_weight_universe,80,"ABB,ACB,ANV,BAB,BCM,BID,BMP,BSI,BVB,BVH,CMG,CSV,CTG,DCM,DGW,DIG,DPM,DXG,EIB,ELC,EVF,FPT,FRT,GAS,GEX,GMD,GVR,HAH,HCM,HDB,HDG,HPG,HSG,KDH,KLB,LPB,MBB,MBS,MCH,MSB,MSN,MWG,NAB,NKG,NLG,NT2,NVL,OCB,PDR,PGB,PHR,PLX,PNJ,POW,PPC,PVT,REE,SAB,SCR,SHB,SSB,SSI,STB,TCB,TPB,VBB,VCB,VCG,VCI,VGC,VHC,VHM,VIB,VIC,VJC,VND,VNM,VPB,VRE,VSC",0.04448375630615168,0.04448375630615168,-0.003072786504833726,-0.003072786504833726,0.0,0.0,0.005,20
topk_nonoverlap_v2,C_technical_semantic,RandomForest,2024-02-06,2024-03-12,2024-02-06,10,random_topk_deterministic,10,"ABB,GVR,MSB,MWG,PLX,SSI,VCG,VHM,VND,VNM",0.04284999583883479,0.039349995838834785,-0.00470654697215059,-0.008206546972150591,0.7000000000000001,0.0035000000000000005,0.005,20
topk_nonoverlap_v2,C_technical_semantic,RandomForest,2024-03-12,2024-04-09,2024-03-12,5,model_topk,5,"ABB,BCM,GVR,HSG,VPB",-0.0006861785906412989,-0.0006861785906412989,-0.0149994316026895,-0.0149994316026895,0.0,0.0,0.005,20
topk_nonoverlap_v2,C_technical_semantic,RandomForest,2024-03-12,2024-04-09,2024-03-12,5,equal_weight_universe,80,"ABB,ACB,ANV,BAB,BCM,BID,BMP,BSI,BVB,BVH,CMG,CSV,CTG,DCM,DGW,DIG,DPM,DXG,EIB,ELC,EVF,FPT,FRT,GAS,GEX,GMD,GVR,HAH,HCM,HDB,HDG,HPG,HSG,KDH,KLB,LPB,MBB,MBS,MCH,MSB,MSN,MWG,NAB,NKG,NLG,NT2,NVL,OCB,PDR,PGB,PHR,PLX,PNJ,POW,PPC,PVT,REE,SAB,SCR,SHB,SSB,SSI,STB,TCB,TPB,VBB,VCB,VCG,VCI,VGC,VHC,VHM,VIB,VIC,VJC,VND,VNM,VPB,VRE,VSC",0.013705628811516619,0.013705628811516619,-0.0006076242005315965,-0.0006076242005315965,0.0,0.0,0.005,20
topk_nonoverlap_v2,C_technical_semantic,RandomForest,2024-03-12,2024-04-09,2024-03-12,5,random_topk_deterministic,5,"KLB,MSB,MWG,VGC,VND",0.02178649877907558,0.01778649877907558,0.00747324576702732,0.00347324576702732,0.7999999999999999,0.004,0.005,20
topk_nonoverlap_v2,C_technical_semantic,RandomForest,2024-03-12,2024-04-09,2024-03-12,10,model_topk,10,"ABB,BCM,GVR,HSG,PLX,SHB,SSB,VHC,VIC,VPB",0.0052134560665081705,0.0052134560665081705,-0.009099796945540032,-0.009099796945540032,0.0,0.0,0.005,20
topk_nonoverlap_v2,C_technical_semantic,RandomForest,2024-03-12,2024-04-09,2024-03-12,10,equal_weight_universe,80,"ABB,ACB,ANV,BAB,BCM,BID,BMP,BSI,BVB,BVH,CMG,CSV,CTG,DCM,DGW,DIG,DPM,DXG,EIB,ELC,EVF,FPT,FRT,GAS,GEX,GMD,GVR,HAH,HCM,HDB,HDG,HPG,HSG,KDH,KLB,LPB,MBB,MBS,MCH,MSB,MSN,MWG,NAB,NKG,NLG,NT2,NVL,OCB,PDR,PGB,PHR,PLX,PNJ,POW,PPC,PVT,REE,SAB,SCR,SHB,SSB,SSI,STB,TCB,TPB,VBB,VCB,VCG,VCI,VGC,VHC,VHM,VIB,VIC,VJC,VND,VNM,VPB,VRE,VSC",0.013705628811516619,0.013705628811516619,-0.0006076242005315965,-0.0006076242005315965,0.0,0.0,0.005,20
topk_nonoverlap_v2,C_technical_semantic,RandomForest,2024-03-12,2024-04-09,2024-03-12,10,random_topk_deterministic,10,"EVF,LPB,MSB,MSN,PPC,SSB,VBB,VCI,VHC,VIB",-0.0009540092646869189,-0.00545400926468692,-0.015267262276735138,-0.01976726227673514,0.9000000000000002,0.004500000000000001,0.005,20
topk_nonoverlap_v2,C_technical_semantic,RandomForest,2024-04-09,2024-05-13,2024-04-09,5,model_topk,5,"ABB,CMG,KLB,OCB,SSB",0.018202152808545497,0.014202152808545497,0.03613028191641503,0.032130281916415024,0.7999999999999999,0.004,0.005,20
topk_nonoverlap_v2,C_technical_semantic,RandomForest,2024-04-09,2024-05-13,2024-04-09,5,equal_weight_universe,80,"ABB,ACB,ANV,BAB,BCM,BID,BMP,BSI,BVB,BVH,CMG,CSV,CTG,DCM,DGW,DIG,DPM,DXG,EIB,ELC,EVF,FPT,FRT,GAS,GEX,GMD,GVR,HAH,HCM,HDB,HDG,HPG,HSG,KDH,KLB,LPB,MBB,MBS,MCH,MSB,MSN,MWG,NAB,NKG,NLG,NT2,NVL,OCB,PDR,PGB,PHR,PLX,PNJ,POW,PPC,PVT,REE,SAB,SCR,SHB,SSB,SSI,STB,TCB,TPB,VBB,VCB,VCG,VCI,VGC,VHC,VHM,VIB,VIC,VJC,VND,VNM,VPB,VRE,VSC",-0.011577584859227955,-0.011577584859227955,0.006350544248641598,0.006350544248641598,0.0,0.0,0.005,20
topk_nonoverlap_v2,C_technical_semantic,RandomForest,2024-04-09,2024-05-13,2024-04-09,5,random_topk_deterministic,5,"BAB,MWG,PLX,VCI,VGC",0.005935762655014121,0.002935762655014121,0.023863891762883702,0.020863891762883703,0.6,0.003,0.005,20
topk_nonoverlap_v2,C_technical_semantic,RandomForest,2024-04-09,2024-05-13,2024-04-09,10,model_topk,10,"ABB,CMG,HSG,KLB,LPB,OCB,SAB,SHB,SSB,VCB",0.014709064757924759,0.01170906475792476,0.03263719386579429,0.029637193865794293,0.6,0.003,0.005,20
topk_nonoverlap_v2,C_technical_semantic,RandomForest,2024-04-09,2024-05-13,2024-04-09,10,equal_weight_universe,80,"ABB,ACB,ANV,BAB,BCM,BID,BMP,BSI,BVB,BVH,CMG,CSV,CTG,DCM,DGW,DIG,DPM,DXG,EIB,ELC,EVF,FPT,FRT,GAS,GEX,GMD,GVR,HAH,HCM,HDB,HDG,HPG,HSG,KDH,KLB,LPB,MBB,MBS,MCH,MSB,MSN,MWG,NAB,NKG,NLG,NT2,NVL,OCB,PDR,PGB,PHR,PLX,PNJ,POW,PPC,PVT,REE,SAB,SCR,SHB,SSB,SSI,STB,TCB,TPB,VBB,VCB,VCG,VCI,VGC,VHC,VHM,VIB,VIC,VJC,VND,VNM,VPB,VRE,VSC",-0.011577584859227955,-0.011577584859227955,0.006350544248641598,0.006350544248641598,0.0,0.0,0.005,20
topk_nonoverlap_v2,C_technical_semantic,RandomForest,2024-04-09,2024-05-13,2024-04-09,10,random_topk_deterministic,10,"ABB,BID,BVB,DIG,FPT,PHR,POW,VCI,VNM,VSC",-0.017955663070465557,-0.022455663070465558,-2.7533962595983895e-05,-0.004527533962595985,0.9000000000000002,0.004500000000000001,0.005,20
topk_nonoverlap_v2,C_technical_semantic,RandomForest,2024-05-13,2024-06-10,2024-05-13,5,model_topk,5,"CMG,HPG,KLB,OCB,SSB",0.09326432815916999,0.09226432815916999,0.05255249600577296,0.05155249600577296,0.2,0.001,0.005,20
topk_nonoverlap_v2,C_technical_semantic,RandomForest,2024-05-13,2024-06-10,2024-05-13,5,equal_weight_universe,80,"ABB,ACB,ANV,BAB,BCM,BID,BMP,BSI,BVB,BVH,CMG,CSV,CTG,DCM,DGW,DIG,DPM,DXG,EIB,ELC,EVF,FPT,FRT,GAS,GEX,GMD,GVR,HAH,HCM,HDB,HDG,HPG,HSG,KDH,KLB,LPB,MBB,MBS,MCH,MSB,MSN,MWG,NAB,NKG,NLG,NT2,NVL,OCB,PDR,PGB,PHR,PLX,PNJ,POW,PPC,PVT,REE,SAB,SCR,SHB,SSB,SSI,STB,TCB,TPB,VBB,VCB,VCG,VCI,VGC,VHC,VHM,VIB,VIC,VJC,VND,VNM,VPB,VRE,VSC",0.07205670208582689,0.07205670208582689,0.031344869932429874,0.031344869932429874,0.0,0.0,0.005,20
topk_nonoverlap_v2,C_technical_semantic,RandomForest,2024-05-13,2024-06-10,2024-05-13,5,random_topk_deterministic,5,"BID,GVR,MWG,NT2,VIC",0.04051708688312354,0.03651708688312354,-0.00019474527027349956,-0.0041947452702734995,0.7999999999999999,0.004,0.005,20
topk_nonoverlap_v2,C_technical_semantic,RandomForest,2024-05-13,2024-06-10,2024-05-13,10,model_topk,10,"ABB,CMG,HPG,KLB,LPB,OCB,SAB,SHB,SSB,VCB",0.10795028642449178,0.10745028642449178,0.06723845427109476,0.06673845427109476,0.1,0.0005,0.005,20
topk_nonoverlap_v2,C_technical_semantic,RandomForest,2024-05-13,2024-06-10,2024-05-13,10,equal_weight_universe,80,"ABB,ACB,ANV,BAB,BCM,BID,BMP,BSI,BVB,BVH,CMG,CSV,CTG,DCM,DGW,DIG,DPM,DXG,EIB,ELC,EVF,FPT,FRT,GAS,GEX,GMD,GVR,HAH,HCM,HDB,HDG,HPG,HSG,KDH,KLB,LPB,MBB,MBS,MCH,MSB,MSN,MWG,NAB,NKG,NLG,NT2,NVL,OCB,PDR,PGB,PHR,PLX,PNJ,POW,PPC,PVT,REE,SAB,SCR,SHB,SSB,SSI,STB,TCB,TPB,VBB,VCB,VCG,VCI,VGC,VHC,VHM,VIB,VIC,VJC,VND,VNM,VPB,VRE,VSC",0.07205670208582689,0.07205670208582689,0.031344869932429874,0.031344869932429874,0.0,0.0,0.005,20
topk_nonoverlap_v2,C_technical_semantic,RandomForest,2024-05-13,2024-06-10,2024-05-13,10,random_topk_deterministic,10,"ACB,EIB,FPT,FRT,HDB,HPG,NVL,SCR,SSI,TCB",0.057729400529088204,0.0532294005290882,0.01701756837569117,0.012517568375691169,0.9000000000000002,0.004500000000000001,0.005,20
topk_nonoverlap_v2,C_technical_semantic,RandomForest,2024-06-10,2024-07-08,2024-06-10,5,model_topk,5,"ACB,CMG,KLB,OCB,SSB",-0.04497941322351369,-0.04597941322351369,-0.03947064645896498,-0.04047064645896498,0.2,0.001,0.005,20
topk_nonoverlap_v2,C_technical_semantic,RandomForest,2024-06-10,2024-07-08,2024-06-10,5,equal_weight_universe,80,"ABB,ACB,ANV,BAB,BCM,BID,BMP,BSI,BVB,BVH,CMG,CSV,CTG,DCM,DGW,DIG,DPM,DXG,EIB,ELC,EVF,FPT,FRT,GAS,GEX,GMD,GVR,HAH,HCM,HDB,HDG,HPG,HSG,KDH,KLB,LPB,MBB,MBS,MCH,MSB,MSN,MWG,NAB,NKG,NLG,NT2,NVL,OCB,PDR,PGB,PHR,PLX,PNJ,POW,PPC,PVT,REE,SAB,SCR,SHB,SSB,SSI,STB,TCB,TPB,VBB,VCB,VCG,VCI,VGC,VHC,VHM,VIB,VIC,VJC,VND,VNM,VPB,VRE,VSC",-0.014603549768670593,-0.014603549768670593,-0.009094783004121894,-0.009094783004121894,0.0,0.0,0.005,20
topk_nonoverlap_v2,C_technical_semantic,RandomForest,2024-06-10,2024-07-08,2024-06-10,5,random_topk_deterministic,5,"EVF,KDH,MCH,NVL,TCB",-0.04664249790434806,-0.05164249790434806,-0.04113373113979938,-0.04613373113979938,0.9999999999999999,0.004999999999999999,0.005,20
topk_nonoverlap_v2,C_technical_semantic,RandomForest,2024-06-10,2024-07-08,2024-06-10,10,model_topk,10,"ABB,ACB,CMG,KLB,LPB,OCB,SAB,SHB,SSB,VCB",-0.02062267114244964,-0.02112267114244964,-0.015113904377900953,-0.015613904377900953,0.1,0.0005,0.005,20
topk_nonoverlap_v2,C_technical_semantic,RandomForest,2024-06-10,2024-07-08,2024-06-10,10,equal_weight_universe,80,"ABB,ACB,ANV,BAB,BCM,BID,BMP,BSI,BVB,BVH,CMG,CSV,CTG,DCM,DGW,DIG,DPM,DXG,EIB,ELC,EVF,FPT,FRT,GAS,GEX,GMD,GVR,HAH,HCM,HDB,HDG,HPG,HSG,KDH,KLB,LPB,MBB,MBS,MCH,MSB,MSN,MWG,NAB,NKG,NLG,NT2,NVL,OCB,PDR,PGB,PHR,PLX,PNJ,POW,PPC,PVT,REE,SAB,SCR,SHB,SSB,SSI,STB,TCB,TPB,VBB,VCB,VCG,VCI,VGC,VHC,VHM,VIB,VIC,VJC,VND,VNM,VPB,VRE,VSC",-0.014603549768670593,-0.014603549768670593,-0.009094783004121894,-0.009094783004121894,0.0,0.0,0.005,20
topk_nonoverlap_v2,C_technical_semantic,RandomForest,2024-06-10,2024-07-08,2024-06-10,10,random_topk_deterministic,10,"DCM,GAS,KLB,LPB,MSN,NVL,PPC,VHC,VIB,VND",-0.006994484000628682,-0.011494484000628684,-0.0014857172360799814,-0.005985717236079983,0.9000000000000002,0.004500000000000001,0.005,20
topk_nonoverlap_v2,C_technical_semantic,RandomForest,2024-07-08,2024-08-05,2024-07-08,5,model_topk,5,"ABB,BID,KDH,PHR,PNJ",-0.06187136181986578,-0.06687136181986578,0.01252329055322154,0.00752329055322154,0.9999999999999999,0.004999999999999999,0.005,20
topk_nonoverlap_v2,C_technical_semantic,RandomForest,2024-07-08,2024-08-05,2024-07-08,5,equal_weight_universe,80,"ABB,ACB,ANV,BAB,BCM,BID,BMP,BSI,BVB,BVH,CMG,CSV,CTG,DCM,DGW,DIG,DPM,DXG,EIB,ELC,EVF,FPT,FRT,GAS,GEX,GMD,GVR,HAH,HCM,HDB,HDG,HPG,HSG,KDH,KLB,LPB,MBB,MBS,MCH,MSB,MSN,MWG,NAB,NKG,NLG,NT2,NVL,OCB,PDR,PGB,PHR,PLX,PNJ,POW,PPC,PVT,REE,SAB,SCR,SHB,SSB,SSI,STB,TCB,TPB,VBB,VCB,VCG,VCI,VGC,VHC,VHM,VIB,VIC,VJC,VND,VNM,VPB,VRE,VSC",-0.09313334650868113,-0.09313334650868113,-0.01873869413559375,-0.01873869413559375,0.0,0.0,0.005,20
topk_nonoverlap_v2,C_technical_semantic,RandomForest,2024-07-08,2024-08-05,2024-07-08,5,random_topk_deterministic,5,"MSN,NLG,NVL,PGB,POW",-0.11357844881614268,-0.11757844881614268,-0.0391837964430553,-0.0431837964430553,0.7999999999999999,0.004,0.005,20
topk_nonoverlap_v2,C_technical_semantic,RandomForest,2024-07-08,2024-08-05,2024-07-08,10,model_topk,10,"ABB,BID,BVH,KDH,KLB,PHR,PNJ,SSB,VCB,VIC",-0.03607868211936143,-0.039078682119361434,0.03831597025372594,0.03531597025372594,0.6,0.003,0.005,20
topk_nonoverlap_v2,C_technical_semantic,RandomForest,2024-07-08,2024-08-05,2024-07-08,10,equal_weight_universe,80,"ABB,ACB,ANV,BAB,BCM,BID,BMP,BSI,BVB,BVH,CMG,CSV,CTG,DCM,DGW,DIG,DPM,DXG,EIB,ELC,EVF,FPT,FRT,GAS,GEX,GMD,GVR,HAH,HCM,HDB,HDG,HPG,HSG,KDH,KLB,LPB,MBB,MBS,MCH,MSB,MSN,MWG,NAB,NKG,NLG,NT2,NVL,OCB,PDR,PGB,PHR,PLX,PNJ,POW,PPC,PVT,REE,SAB,SCR,SHB,SSB,SSI,STB,TCB,TPB,VBB,VCB,VCG,VCI,VGC,VHC,VHM,VIB,VIC,VJC,VND,VNM,VPB,VRE,VSC",-0.09313334650868113,-0.09313334650868113,-0.01873869413559375,-0.01873869413559375,0.0,0.0,0.005,20
topk_nonoverlap_v2,C_technical_semantic,RandomForest,2024-07-08,2024-08-05,2024-07-08,10,random_topk_deterministic,10,"BMP,HAH,HDG,HPG,LPB,MBB,NT2,NVL,REE,SAB",-0.1046446769381,-0.10864467693810001,-0.0302500245650126,-0.0342500245650126,0.8000000000000002,0.004000000000000001,0.005,20
topk_nonoverlap_v2,C_technical_semantic,RandomForest,2024-08-05,2024-09-04,2024-08-05,5,model_topk,5,"ABB,BID,KDH,PHR,PNJ",0.06911330556550752,0.06911330556550752,-0.0047291447951613415,-0.0047291447951613415,0.0,0.0,0.005,20
topk_nonoverlap_v2,C_technical_semantic,RandomForest,2024-08-05,2024-09-04,2024-08-05,5,equal_weight_universe,80,"ABB,ACB,ANV,BAB,BCM,BID,BMP,BSI,BVB,BVH,CMG,CSV,CTG,DCM,DGW,DIG,DPM,DXG,EIB,ELC,EVF,FPT,FRT,GAS,GEX,GMD,GVR,HAH,HCM,HDB,HDG,HPG,HSG,KDH,KLB,LPB,MBB,MBS,MCH,MSB,MSN,MWG,NAB,NKG,NLG,NT2,NVL,OCB,PDR,PGB,PHR,PLX,PNJ,POW,PPC,PVT,REE,SAB,SCR,SHB,SSB,SSI,STB,TCB,TPB,VBB,VCB,VCG,VCI,VGC,VHC,VHM,VIB,VIC,VJC,VND,VNM,VPB,VRE,VSC",0.08352117058047732,0.08352117058047732,0.009678720219808427,0.009678720219808427,0.0,0.0,0.005,20
topk_nonoverlap_v2,C_technical_semantic,RandomForest,2024-08-05,2024-09-04,2024-08-05,5,random_topk_deterministic,5,"CTG,HSG,LPB,MCH,VIB",0.08282696165441508,0.07782696165441508,0.008984511293746219,0.00398451129374622,0.9999999999999999,0.004999999999999999,0.005,20
topk_nonoverlap_v2,C_technical_semantic,RandomForest,2024-08-05,2024-09-04,2024-08-05,10,model_topk,10,"ABB,BID,BVH,KDH,NAB,PHR,PNJ,SSB,VCB,VIC",0.06085095799485703,0.06035095799485703,-0.012991492365811838,-0.013491492365811838,0.1,0.0005,0.005,20
topk_nonoverlap_v2,C_technical_semantic,RandomForest,2024-08-05,2024-09-04,2024-08-05,10,equal_weight_universe,80,"ABB,ACB,ANV,BAB,BCM,BID,BMP,BSI,BVB,BVH,CMG,CSV,CTG,DCM,DGW,DIG,DPM,DXG,EIB,ELC,EVF,FPT,FRT,GAS,GEX,GMD,GVR,HAH,HCM,HDB,HDG,HPG,HSG,KDH,KLB,LPB,MBB,MBS,MCH,MSB,MSN,MWG,NAB,NKG,NLG,NT2,NVL,OCB,PDR,PGB,PHR,PLX,PNJ,POW,PPC,PVT,REE,SAB,SCR,SHB,SSB,SSI,STB,TCB,TPB,VBB,VCB,VCG,VCI,VGC,VHC,VHM,VIB,VIC,VJC,VND,VNM,VPB,VRE,VSC",0.08352117058047732,0.08352117058047732,0.009678720219808427,0.009678720219808427,0.0,0.0,0.005,20
topk_nonoverlap_v2,C_technical_semantic,RandomForest,2024-08-05,2024-09-04,2024-08-05,10,random_topk_deterministic,10,"BCM,BVH,ELC,KLB,MCH,NLG,PGB,PVT,VGC,VND",0.06864464426309576,0.06364464426309575,-0.005197806097573141,-0.01019780609757314,1.0000000000000002,0.005000000000000001,0.005,20
topk_nonoverlap_v2,C_technical_semantic,RandomForest,2024-09-04,2024-10-02,2024-09-04,5,model_topk,5,"ABB,BID,KDH,PHR,PNJ",0.012859598082991242,0.012859598082991242,0.00342238221843576,0.00342238221843576,0.0,0.0,0.005,20
topk_nonoverlap_v2,C_technical_semantic,RandomForest,2024-09-04,2024-10-02,2024-09-04,5,equal_weight_universe,80,"ABB,ACB,ANV,BAB,BCM,BID,BMP,BSI,BVB,BVH,CMG,CSV,CTG,DCM,DGW,DIG,DPM,DXG,EIB,ELC,EVF,FPT,FRT,GAS,GEX,GMD,GVR,HAH,HCM,HDB,HDG,HPG,HSG,KDH,KLB,LPB,MBB,MBS,MCH,MSB,MSN,MWG,NAB,NKG,NLG,NT2,NVL,OCB,PDR,PGB,PHR,PLX,PNJ,POW,PPC,PVT,REE,SAB,SCR,SHB,SSB,SSI,STB,TCB,TPB,VBB,VCB,VCG,VCI,VGC,VHC,VHM,VIB,VIC,VJC,VND,VNM,VPB,VRE,VSC",0.01796825498572943,0.01796825498572943,0.008531039121173964,0.008531039121173964,0.0,0.0,0.005,20
topk_nonoverlap_v2,C_technical_semantic,RandomForest,2024-09-04,2024-10-02,2024-09-04,5,random_topk_deterministic,5,"BCM,CTG,NKG,PGB,STB",0.0404847602466112,0.036484760246611195,0.031047544382055724,0.027047544382055724,0.7999999999999999,0.004,0.005,20
topk_nonoverlap_v2,C_technical_semantic,RandomForest,2024-09-04,2024-10-02,2024-09-04,10,model_topk,10,"ABB,BID,BVH,KDH,NAB,PHR,PNJ,SSB,VCB,VIC",-0.0031892289572831205,-0.0031892289572831205,-0.012626444821838612,-0.012626444821838612,0.0,0.0,0.005,20
topk_nonoverlap_v2,C_technical_semantic,RandomForest,2024-09-04,2024-10-02,2024-09-04,10,equal_weight_universe,80,"ABB,ACB,ANV,BAB,BCM,BID,BMP,BSI,BVB,BVH,CMG,CSV,CTG,DCM,DGW,DIG,DPM,DXG,EIB,ELC,EVF,FPT,FRT,GAS,GEX,GMD,GVR,HAH,HCM,HDB,HDG,HPG,HSG,KDH,KLB,LPB,MBB,MBS,MCH,MSB,MSN,MWG,NAB,NKG,NLG,NT2,NVL,OCB,PDR,PGB,PHR,PLX,PNJ,POW,PPC,PVT,REE,SAB,SCR,SHB,SSB,SSI,STB,TCB,TPB,VBB,VCB,VCG,VCI,VGC,VHC,VHM,VIB,VIC,VJC,VND,VNM,VPB,VRE,VSC",0.01796825498572943,0.01796825498572943,0.008531039121173964,0.008531039121173964,0.0,0.0,0.005,20
topk_nonoverlap_v2,C_technical_semantic,RandomForest,2024-09-04,2024-10-02,2024-09-04,10,random_topk_deterministic,10,"EVF,GEX,NAB,REE,STB,VCG,VCI,VIB,VJC,VND",0.02767633728260478,0.023176337282604778,0.01823912141804932,0.01373912141804932,0.9000000000000002,0.004500000000000001,0.005,20
topk_nonoverlap_v2,C_technical_semantic,RandomForest,2024-10-02,2024-10-30,2024-10-02,5,model_topk,5,"BVB,NKG,OCB,REE,SSB",-0.04225679782020358,-0.047256797820203575,-0.019575408827782362,-0.024575408827782363,0.9999999999999999,0.004999999999999999,0.005,20
topk_nonoverlap_v2,C_technical_semantic,RandomForest,2024-10-02,2024-10-30,2024-10-02,5,equal_weight_universe,80,"ABB,ACB,ANV,BAB,BCM,BID,BMP,BSI,BVB,BVH,CMG,CSV,CTG,DCM,DGW,DIG,DPM,DXG,EIB,ELC,EVF,FPT,FRT,GAS,GEX,GMD,GVR,HAH,HCM,HDB,HDG,HPG,HSG,KDH,KLB,LPB,MBB,MBS,MCH,MSB,MSN,MWG,NAB,NKG,NLG,NT2,NVL,OCB,PDR,PGB,PHR,PLX,PNJ,POW,PPC,PVT,REE,SAB,SCR,SHB,SSB,SSI,STB,TCB,TPB,VBB,VCB,VCG,VCI,VGC,VHC,VHM,VIB,VIC,VJC,VND,VNM,VPB,VRE,VSC",-0.0261297907395873,-0.0261297907395873,-0.003448401747166087,-0.003448401747166087,0.0,0.0,0.005,20
topk_nonoverlap_v2,C_technical_semantic,RandomForest,2024-10-02,2024-10-30,2024-10-02,5,random_topk_deterministic,5,"BID,CTG,HDG,PPC,VIB",-0.0341978416085032,-0.0381978416085032,-0.011516452616081998,-0.015516452616081998,0.7999999999999999,0.004,0.005,20
topk_nonoverlap_v2,C_technical_semantic,RandomForest,2024-10-02,2024-10-30,2024-10-02,10,model_topk,10,"BVB,DIG,ELC,GEX,HPG,NKG,OCB,REE,SSB,VND",-0.0359555213831851,-0.0404555213831851,-0.013274132390763888,-0.017774132390763888,0.9000000000000002,0.004500000000000001,0.005,20
topk_nonoverlap_v2,C_technical_semantic,RandomForest,2024-10-02,2024-10-30,2024-10-02,10,equal_weight_universe,80,"ABB,ACB,ANV,BAB,BCM,BID,BMP,BSI,BVB,BVH,CMG,CSV,CTG,DCM,DGW,DIG,DPM,DXG,EIB,ELC,EVF,FPT,FRT,GAS,GEX,GMD,GVR,HAH,HCM,HDB,HDG,HPG,HSG,KDH,KLB,LPB,MBB,MBS,MCH,MSB,MSN,MWG,NAB,NKG,NLG,NT2,NVL,OCB,PDR,PGB,PHR,PLX,PNJ,POW,PPC,PVT,REE,SAB,SCR,SHB,SSB,SSI,STB,TCB,TPB,VBB,VCB,VCG,VCI,VGC,VHC,VHM,VIB,VIC,VJC,VND,VNM,VPB,VRE,VSC",-0.0261297907395873,-0.0261297907395873,-0.003448401747166087,-0.003448401747166087,0.0,0.0,0.005,20
topk_nonoverlap_v2,C_technical_semantic,RandomForest,2024-10-02,2024-10-30,2024-10-02,10,random_topk_deterministic,10,"BCM,BID,ELC,MSN,NT2,PNJ,SAB,VHC,VIB,VNM",-0.02300084749242512,-0.02750084749242512,-0.00031945850000391956,-0.004819458500003921,0.9000000000000002,0.004500000000000001,0.005,20
topk_nonoverlap_v2,C_technical_semantic,RandomForest,2024-10-30,2024-11-27,2024-10-30,5,model_topk,5,"BVB,NKG,OCB,REE,SSB",-0.02298290109387294,-0.02298290109387294,-0.009746286679787742,-0.009746286679787742,0.0,0.0,0.005,20
topk_nonoverlap_v2,C_technical_semantic,RandomForest,2024-10-30,2024-11-27,2024-10-30,5,equal_weight_universe,80,"ABB,ACB,ANV,BAB,BCM,BID,BMP,BSI,BVB,BVH,CMG,CSV,CTG,DCM,DGW,DIG,DPM,DXG,EIB,ELC,EVF,FPT,FRT,GAS,GEX,GMD,GVR,HAH,HCM,HDB,HDG,HPG,HSG,KDH,KLB,LPB,MBB,MBS,MCH,MSB,MSN,MWG,NAB,NKG,NLG,NT2,NVL,OCB,PDR,PGB,PHR,PLX,PNJ,POW,PPC,PVT,REE,SAB,SCR,SHB,SSB,SSI,STB,TCB,TPB,VBB,VCB,VCG,VCI,VGC,VHC,VHM,VIB,VIC,VJC,VND,VNM,VPB,VRE,VSC",-0.012914762825937832,-0.012914762825937832,0.0003218515881473488,0.0003218515881473488,0.0,0.0,0.005,20
topk_nonoverlap_v2,C_technical_semantic,RandomForest,2024-10-30,2024-11-27,2024-10-30,5,random_topk_deterministic,5,"BVB,ELC,HAH,KDH,PVT",0.009394593039895179,0.00439459303989518,0.02263120745398036,0.017631207453980363,0.9999999999999999,0.004999999999999999,0.005,20
topk_nonoverlap_v2,C_technical_semantic,RandomForest,2024-10-30,2024-11-27,2024-10-30,10,model_topk,10,"BVB,DIG,ELC,GEX,HPG,NKG,OCB,REE,SSB,VND",-0.02496303194187122,-0.02496303194187122,-0.01172641752778603,-0.01172641752778603,0.0,0.0,0.005,20
topk_nonoverlap_v2,C_technical_semantic,RandomForest,2024-10-30,2024-11-27,2024-10-30,10,equal_weight_universe,80,"ABB,ACB,ANV,BAB,BCM,BID,BMP,BSI,BVB,BVH,CMG,CSV,CTG,DCM,DGW,DIG,DPM,DXG,EIB,ELC,EVF,FPT,FRT,GAS,GEX,GMD,GVR,HAH,HCM,HDB,HDG,HPG,HSG,KDH,KLB,LPB,MBB,MBS,MCH,MSB,MSN,MWG,NAB,NKG,NLG,NT2,NVL,OCB,PDR,PGB,PHR,PLX,PNJ,POW,PPC,PVT,REE,SAB,SCR,SHB,SSB,SSI,STB,TCB,TPB,VBB,VCB,VCG,VCI,VGC,VHC,VHM,VIB,VIC,VJC,VND,VNM,VPB,VRE,VSC",-0.012914762825937832,-0.012914762825937832,0.0003218515881473488,0.0003218515881473488,0.0,0.0,0.005,20
topk_nonoverlap_v2,C_technical_semantic,RandomForest,2024-10-30,2024-11-27,2024-10-30,10,random_topk_deterministic,10,"BCM,DPM,GAS,HCM,NKG,PVT,SHB,TCB,VIC,VND",-0.01565789455842019,-0.02015789455842019,-0.0024212801443350097,-0.006921280144335011,0.9000000000000002,0.004500000000000001,0.005,20
topk_nonoverlap_v2,C_technical_semantic,RandomForest,2024-11-27,2024-12-25,2024-11-27,5,model_topk,5,"BVB,HPG,NKG,OCB,REE",0.026813619777379682,0.02581361977737968,0.0009917400218300808,-8.25997816991924e-06,0.2,0.001,0.005,20
topk_nonoverlap_v2,C_technical_semantic,RandomForest,2024-11-27,2024-12-25,2024-11-27,5,equal_weight_universe,80,"ABB,ACB,ANV,BAB,BCM,BID,BMP,BSI,BVB,BVH,CMG,CSV,CTG,DCM,DGW,DIG,DPM,DXG,EIB,ELC,EVF,FPT,FRT,GAS,GEX,GMD,GVR,HAH,HCM,HDB,HDG,HPG,HSG,KDH,KLB,LPB,MBB,MBS,MCH,MSB,MSN,MWG,NAB,NKG,NLG,NT2,NVL,OCB,PDR,PGB,PHR,PLX,PNJ,POW,PPC,PVT,REE,SAB,SCR,SHB,SSB,SSI,STB,TCB,TPB,VBB,VCB,VCG,VCI,VGC,VHC,VHM,VIB,VIC,VJC,VND,VNM,VPB,VRE,VSC",0.029364551346184587,0.029364551346184587,0.003542671590634985,0.003542671590634985,0.0,0.0,0.005,20
topk_nonoverlap_v2,C_technical_semantic,RandomForest,2024-11-27,2024-12-25,2024-11-27,5,random_topk_deterministic,5,"ABB,BMP,NT2,VGC,VHM",0.06299012457313136,0.05799012457313136,0.037168244817581755,0.03216824481758176,0.9999999999999999,0.004999999999999999,0.005,20
topk_nonoverlap_v2,C_technical_semantic,RandomForest,2024-11-27,2024-12-25,2024-11-27,10,model_topk,10,"BVB,DIG,ELC,GEX,HPG,NKG,OCB,REE,SSB,VND",0.01546189845944028,0.01546189845944028,-0.010359981296109318,-0.010359981296109318,0.0,0.0,0.005,20
topk_nonoverlap_v2,C_technical_semantic,RandomForest,2024-11-27,2024-12-25,2024-11-27,10,equal_weight_universe,80,"ABB,ACB,ANV,BAB,BCM,BID,BMP,BSI,BVB,BVH,CMG,CSV,CTG,DCM,DGW,DIG,DPM,DXG,EIB,ELC,EVF,FPT,FRT,GAS,GEX,GMD,GVR,HAH,HCM,HDB,HDG,HPG,HSG,KDH,KLB,LPB,MBB,MBS,MCH,MSB,MSN,MWG,NAB,NKG,NLG,NT2,NVL,OCB,PDR,PGB,PHR,PLX,PNJ,POW,PPC,PVT,REE,SAB,SCR,SHB,SSB,SSI,STB,TCB,TPB,VBB,VCB,VCG,VCI,VGC,VHC,VHM,VIB,VIC,VJC,VND,VNM,VPB,VRE,VSC",0.029364551346184587,0.029364551346184587,0.003542671590634985,0.003542671590634985,0.0,0.0,0.005,20
topk_nonoverlap_v2,C_technical_semantic,RandomForest,2024-11-27,2024-12-25,2024-11-27,10,random_topk_deterministic,10,"CSV,MBS,NKG,PHR,SAB,SSB,TPB,VCB,VCG,VJC",0.037215604211009806,0.0327156042110098,0.0113937244554602,0.006893724455460199,0.9000000000000002,0.004500000000000001,0.005,20
topk_nonoverlap_v2,C_technical_semantic,RandomForest,2024-12-25,2025-01-23,2024-12-25,5,model_topk,5,"ANV,BVH,DXG,HAH,TCB",-0.035620713542664564,-0.04062071354266456,-0.02431023663456134,-0.029310236634561337,0.9999999999999999,0.004999999999999999,0.005,20
topk_nonoverlap_v2,C_technical_semantic,RandomForest,2024-12-25,2025-01-23,2024-12-25,5,equal_weight_universe,80,"ABB,ACB,ANV,BAB,BCM,BID,BMP,BSI,BVB,BVH,CMG,CSV,CTG,DCM,DGW,DIG,DPM,DXG,EIB,ELC,EVF,FPT,FRT,GAS,GEX,GMD,GVR,HAH,HCM,HDB,HDG,HPG,HSG,KDH,KLB,LPB,MBB,MBS,MCH,MSB,MSN,MWG,NAB,NKG,NLG,NT2,NVL,OCB,PDR,PGB,PHR,PLX,PNJ,POW,PPC,PVT,REE,SAB,SCR,SHB,SSB,SSI,STB,TCB,TPB,VBB,VCB,VCG,VCI,VGC,VHC,VHM,VIB,VIC,VJC,VND,VNM,VPB,VRE,VSC",-0.02469870508520982,-0.02469870508520982,-0.013388228177106554,-0.013388228177106554,0.0,0.0,0.005,20
topk_nonoverlap_v2,C_technical_semantic,RandomForest,2024-12-25,2025-01-23,2024-12-25,5,random_topk_deterministic,5,"BID,MBS,MWG,POW,VND",-0.041155550196616035,-0.04615555019661603,-0.02984507328851278,-0.03484507328851278,0.9999999999999999,0.004999999999999999,0.005,20
topk_nonoverlap_v2,C_technical_semantic,RandomForest,2024-12-25,2025-01-23,2024-12-25,10,model_topk,10,"ANV,BVH,DPM,DXG,FPT,HAH,HDG,LPB,MCH,TCB",-0.015804402160110663,-0.020804402160110664,-0.004493925252007399,-0.0094939252520074,1.0000000000000002,0.005000000000000001,0.005,20
topk_nonoverlap_v2,C_technical_semantic,RandomForest,2024-12-25,2025-01-23,2024-12-25,10,equal_weight_universe,80,"ABB,ACB,ANV,BAB,BCM,BID,BMP,BSI,BVB,BVH,CMG,CSV,CTG,DCM,DGW,DIG,DPM,DXG,EIB,ELC,EVF,FPT,FRT,GAS,GEX,GMD,GVR,HAH,HCM,HDB,HDG,HPG,HSG,KDH,KLB,LPB,MBB,MBS,MCH,MSB,MSN,MWG,NAB,NKG,NLG,NT2,NVL,OCB,PDR,PGB,PHR,PLX,PNJ,POW,PPC,PVT,REE,SAB,SCR,SHB,SSB,SSI,STB,TCB,TPB,VBB,VCB,VCG,VCI,VGC,VHC,VHM,VIB,VIC,VJC,VND,VNM,VPB,VRE,VSC",-0.02469870508520982,-0.02469870508520982,-0.013388228177106554,-0.013388228177106554,0.0,0.0,0.005,20
topk_nonoverlap_v2,C_technical_semantic,RandomForest,2024-12-25,2025-01-23,2024-12-25,10,random_topk_deterministic,10,"BCM,BID,CMG,DXG,GVR,HPG,HSG,STB,VCI,VIB",-0.01616103807527406,-0.02116103807527406,-0.00485056116717077,-0.009850561167170771,1.0000000000000002,0.005000000000000001,0.005,20
topk_nonoverlap_v2,C_technical_semantic,RandomForest,2025-01-23,2025-02-27,2025-01-23,5,model_topk,5,"BSI,MSB,MWG,SCR,VPB",0.08251145996247256,0.07751145996247255,0.044270071618276494,0.039270071618276496,0.9999999999999999,0.004999999999999999,0.005,20
topk_nonoverlap_v2,C_technical_semantic,RandomForest,2025-01-23,2025-02-27,2025-01-23,5,equal_weight_universe,80,"ABB,ACB,ANV,BAB,BCM,BID,BMP,BSI,BVB,BVH,CMG,CSV,CTG,DCM,DGW,DIG,DPM,DXG,EIB,ELC,EVF,FPT,FRT,GAS,GEX,GMD,GVR,HAH,HCM,HDB,HDG,HPG,HSG,KDH,KLB,LPB,MBB,MBS,MCH,MSB,MSN,MWG,NAB,NKG,NLG,NT2,NVL,OCB,PDR,PGB,PHR,PLX,PNJ,POW,PPC,PVT,REE,SAB,SCR,SHB,SSB,SSI,STB,TCB,TPB,VBB,VCB,VCG,VCI,VGC,VHC,VHM,VIB,VIC,VJC,VND,VNM,VPB,VRE,VSC",0.05936162476183893,0.05936162476183893,0.021120236417642844,0.021120236417642844,0.0,0.0,0.005,20
topk_nonoverlap_v2,C_technical_semantic,RandomForest,2025-01-23,2025-02-27,2025-01-23,5,random_topk_deterministic,5,"BID,GVR,HDB,SAB,SCR",0.07380705936693921,0.0698070593669392,0.035565671022743155,0.03156567102274316,0.7999999999999999,0.004,0.005,20
topk_nonoverlap_v2,C_technical_semantic,RandomForest,2025-01-23,2025-02-27,2025-01-23,10,model_topk,10,"BSI,DCM,HCM,MSB,MWG,SCR,SSI,STB,TPB,VPB",0.06824779865182694,0.06324779865182693,0.030006410307630866,0.025006410307630865,1.0000000000000002,0.005000000000000001,0.005,20
topk_nonoverlap_v2,C_technical_semantic,RandomForest,2025-01-23,2025-02-27,2025-01-23,10,equal_weight_universe,80,"ABB,ACB,ANV,BAB,BCM,BID,BMP,BSI,BVB,BVH,CMG,CSV,CTG,DCM,DGW,DIG,DPM,DXG,EIB,ELC,EVF,FPT,FRT,GAS,GEX,GMD,GVR,HAH,HCM,HDB,HDG,HPG,HSG,KDH,KLB,LPB,MBB,MBS,MCH,MSB,MSN,MWG,NAB,NKG,NLG,NT2,NVL,OCB,PDR,PGB,PHR,PLX,PNJ,POW,PPC,PVT,REE,SAB,SCR,SHB,SSB,SSI,STB,TCB,TPB,VBB,VCB,VCG,VCI,VGC,VHC,VHM,VIB,VIC,VJC,VND,VNM,VPB,VRE,VSC",0.05936162476183893,0.05936162476183893,0.021120236417642844,0.021120236417642844,0.0,0.0,0.005,20
topk_nonoverlap_v2,C_technical_semantic,RandomForest,2025-01-23,2025-02-27,2025-01-23,10,random_topk_deterministic,10,"HPG,KDH,LPB,MSN,NLG,PLX,VCG,VCI,VIB,VPB",0.0379180246006164,0.034418024600616395,-0.00032336374357969935,-0.0038233637435796997,0.7000000000000001,0.0035000000000000005,0.005,20
topk_nonoverlap_v2,C_technical_semantic,RandomForest,2025-02-27,2025-03-27,2025-02-27,5,model_topk,5,"BSI,HCM,MWG,SCR,VPB",0.01916144911573752,0.01816144911573752,0.006919516098456561,0.005919516098456561,0.2,0.001,0.005,20
topk_nonoverlap_v2,C_technical_semantic,RandomForest,2025-02-27,2025-03-27,2025-02-27,5,equal_weight_universe,80,"ABB,ACB,ANV,BAB,BCM,BID,BMP,BSI,BVB,BVH,CMG,CSV,CTG,DCM,DGW,DIG,DPM,DXG,EIB,ELC,EVF,FPT,FRT,GAS,GEX,GMD,GVR,HAH,HCM,HDB,HDG,HPG,HSG,KDH,KLB,LPB,MBB,MBS,MCH,MSB,MSN,MWG,NAB,NKG,NLG,NT2,NVL,OCB,PDR,PGB,PHR,PLX,PNJ,POW,PPC,PVT,REE,SAB,SCR,SHB,SSB,SSI,STB,TCB,TPB,VBB,VCB,VCG,VCI,VGC,VHC,VHM,VIB,VIC,VJC,VND,VNM,VPB,VRE,VSC",-0.004235050361496695,-0.004235050361496695,-0.016476983378777642,-0.016476983378777642,0.0,0.0,0.005,20
topk_nonoverlap_v2,C_technical_semantic,RandomForest,2025-02-27,2025-03-27,2025-02-27,5,random_topk_deterministic,5,"ACB,BVH,FPT,GEX,NVL",-0.02854812877251156,-0.03354812877251156,-0.0407900617897925,-0.045790061789792495,0.9999999999999999,0.004999999999999999,0.005,20
topk_nonoverlap_v2,C_technical_semantic,RandomForest,2025-02-27,2025-03-27,2025-02-27,10,model_topk,10,"BSI,DCM,HCM,MSB,MWG,REE,SCR,STB,TPB,VPB",-0.008942411559819289,-0.00944241155981929,-0.02118434457710024,-0.02168434457710024,0.1,0.0005,0.005,20
topk_nonoverlap_v2,C_technical_semantic,RandomForest,2025-02-27,2025-03-27,2025-02-27,10,equal_weight_universe,80,"ABB,ACB,ANV,BAB,BCM,BID,BMP,BSI,BVB,BVH,CMG,CSV,CTG,DCM,DGW,DIG,DPM,DXG,EIB,ELC,EVF,FPT,FRT,GAS,GEX,GMD,GVR,HAH,HCM,HDB,HDG,HPG,HSG,KDH,KLB,LPB,MBB,MBS,MCH,MSB,MSN,MWG,NAB,NKG,NLG,NT2,NVL,OCB,PDR,PGB,PHR,PLX,PNJ,POW,PPC,PVT,REE,SAB,SCR,SHB,SSB,SSI,STB,TCB,TPB,VBB,VCB,VCG,VCI,VGC,VHC,VHM,VIB,VIC,VJC,VND,VNM,VPB,VRE,VSC",-0.004235050361496695,-0.004235050361496695,-0.016476983378777642,-0.016476983378777642,0.0,0.0,0.005,20
topk_nonoverlap_v2,C_technical_semantic,RandomForest,2025-02-27,2025-03-27,2025-02-27,10,random_topk_deterministic,10,"ABB,GMD,HCM,MCH,NAB,NKG,NVL,OCB,VHC,VIB",-0.029403086891833498,-0.0339030868918335,-0.04164501990911443,-0.04614501990911443,0.9000000000000002,0.004500000000000001,0.005,20
topk_nonoverlap_v2,C_technical_semantic,RandomForest,2025-03-27,2025-04-25,2025-03-27,5,model_topk,5,"BSI,MWG,SCR,VIB,VPB",-0.12209431234467465,-0.12309431234467465,-0.050649014303414994,-0.051649014303414995,0.2,0.001,0.005,20
topk_nonoverlap_v2,C_technical_semantic,RandomForest,2025-03-27,2025-04-25,2025-03-27,5,equal_weight_universe,80,"ABB,ACB,ANV,BAB,BCM,BID,BMP,BSI,BVB,BVH,CMG,CSV,CTG,DCM,DGW,DIG,DPM,DXG,EIB,ELC,EVF,FPT,FRT,GAS,GEX,GMD,GVR,HAH,HCM,HDB,HDG,HPG,HSG,KDH,KLB,LPB,MBB,MBS,MCH,MSB,MSN,MWG,NAB,NKG,NLG,NT2,NVL,OCB,PDR,PGB,PHR,PLX,PNJ,POW,PPC,PVT,REE,SAB,SCR,SHB,SSB,SSI,STB,TCB,TPB,VBB,VCB,VCG,VCI,VGC,VHC,VHM,VIB,VIC,VJC,VND,VNM,VPB,VRE,VSC",-0.0825701079496278,-0.0825701079496278,-0.011124809908368168,-0.011124809908368168,0.0,0.0,0.005,20
topk_nonoverlap_v2,C_technical_semantic,RandomForest,2025-03-27,2025-04-25,2025-03-27,5,random_topk_deterministic,5,"BVB,DCM,EIB,MBB,VCI",-0.055728747405167464,-0.06072874740516746,0.0157165506360921,0.0107165506360921,0.9999999999999999,0.004999999999999999,0.005,20
topk_nonoverlap_v2,C_technical_semantic,RandomForest,2025-03-27,2025-04-25,2025-03-27,10,model_topk,10,"BSI,DCM,HCM,MWG,SCR,STB,TPB,VHM,VIB,VPB",-0.06773369759878158,-0.06873369759878158,0.003711600442478069,0.002711600442478069,0.2,0.001,0.005,20
topk_nonoverlap_v2,C_technical_semantic,RandomForest,2025-03-27,2025-04-25,2025-03-27,10,equal_weight_universe,80,"ABB,ACB,ANV,BAB,BCM,BID,BMP,BSI,BVB,BVH,CMG,CSV,CTG,DCM,DGW,DIG,DPM,DXG,EIB,ELC,EVF,FPT,FRT,GAS,GEX,GMD,GVR,HAH,HCM,HDB,HDG,HPG,HSG,KDH,KLB,LPB,MBB,MBS,MCH,MSB,MSN,MWG,NAB,NKG,NLG,NT2,NVL,OCB,PDR,PGB,PHR,PLX,PNJ,POW,PPC,PVT,REE,SAB,SCR,SHB,SSB,SSI,STB,TCB,TPB,VBB,VCB,VCG,VCI,VGC,VHC,VHM,VIB,VIC,VJC,VND,VNM,VPB,VRE,VSC",-0.0825701079496278,-0.0825701079496278,-0.011124809908368168,-0.011124809908368168,0.0,0.0,0.005,20
topk_nonoverlap_v2,C_technical_semantic,RandomForest,2025-03-27,2025-04-25,2025-03-27,10,random_topk_deterministic,10,"DPM,EIB,EVF,MBB,OCB,PDR,REE,SSB,SSI,TPB",-0.07867987034277728,-0.08317987034277728,-0.00723457230151771,-0.011734572301517712,0.9000000000000002,0.004500000000000001,0.005,20
topk_nonoverlap_v2,C_technical_semantic,RandomForest,2025-04-25,2025-05-28,2025-04-25,5,model_topk,5,"BMP,FRT,NVL,SSI,VRE",0.09380395198172528,0.08880395198172528,0.0021693514594471803,-0.002830648540552819,0.9999999999999999,0.004999999999999999,0.005,20
topk_nonoverlap_v2,C_technical_semantic,RandomForest,2025-04-25,2025-05-28,2025-04-25,5,equal_weight_universe,80,"ABB,ACB,ANV,BAB,BCM,BID,BMP,BSI,BVB,BVH,CMG,CSV,CTG,DCM,DGW,DIG,DPM,DXG,EIB,ELC,EVF,FPT,FRT,GAS,GEX,GMD,GVR,HAH,HCM,HDB,HDG,HPG,HSG,KDH,KLB,LPB,MBB,MBS,MCH,MSB,MSN,MWG,NAB,NKG,NLG,NT2,NVL,OCB,PDR,PGB,PHR,PLX,PNJ,POW,PPC,PVT,REE,SAB,SCR,SHB,SSB,SSI,STB,TCB,TPB,VBB,VCB,VCG,VCI,VGC,VHC,VHM,VIB,VIC,VJC,VND,VNM,VPB,VRE,VSC",0.10309605388460427,0.10309605388460427,0.011461453362326185,0.011461453362326185,0.0,0.0,0.005,20
topk_nonoverlap_v2,C_technical_semantic,RandomForest,2025-04-25,2025-05-28,2025-04-25,5,random_topk_deterministic,5,"BID,BSI,DCM,NT2,PHR",0.0756922053701313,0.0716922053701313,-0.01594239515214672,-0.01994239515214672,0.7999999999999999,0.004,0.005,20
topk_nonoverlap_v2,C_technical_semantic,RandomForest,2025-04-25,2025-05-28,2025-04-25,10,model_topk,10,"BMP,BSI,DPM,FRT,HDB,KDH,NVL,SSI,VHC,VRE",0.08529330254471695,0.08079330254471695,-0.006341297977561122,-0.010841297977561124,0.9000000000000002,0.004500000000000001,0.005,20
topk_nonoverlap_v2,C_technical_semantic,RandomForest,2025-04-25,2025-05-28,2025-04-25,10,equal_weight_universe,80,"ABB,ACB,ANV,BAB,BCM,BID,BMP,BSI,BVB,BVH,CMG,CSV,CTG,DCM,DGW,DIG,DPM,DXG,EIB,ELC,EVF,FPT,FRT,GAS,GEX,GMD,GVR,HAH,HCM,HDB,HDG,HPG,HSG,KDH,KLB,LPB,MBB,MBS,MCH,MSB,MSN,MWG,NAB,NKG,NLG,NT2,NVL,OCB,PDR,PGB,PHR,PLX,PNJ,POW,PPC,PVT,REE,SAB,SCR,SHB,SSB,SSI,STB,TCB,TPB,VBB,VCB,VCG,VCI,VGC,VHC,VHM,VIB,VIC,VJC,VND,VNM,VPB,VRE,VSC",0.10309605388460427,0.10309605388460427,0.011461453362326185,0.011461453362326185,0.0,0.0,0.005,20
topk_nonoverlap_v2,C_technical_semantic,RandomForest,2025-04-25,2025-05-28,2025-04-25,10,random_topk_deterministic,10,"DIG,FPT,HAH,HCM,PGB,PHR,PPC,STB,VJC,VRE",0.10118331552304657,0.09618331552304657,0.009548715000768501,0.0045487150007685,1.0000000000000002,0.005000000000000001,0.005,20
topk_nonoverlap_v2,C_technical_semantic,RandomForest,2025-05-28,2025-06-25,2025-05-28,5,model_topk,5,"BSI,DPM,FRT,KDH,VRE",0.00225640492120178,-0.0007435950787982202,-0.01628488447344904,-0.01928488447344904,0.6,0.003,0.005,20
topk_nonoverlap_v2,C_technical_semantic,RandomForest,2025-05-28,2025-06-25,2025-05-28,5,equal_weight_universe,80,"ABB,ACB,ANV,BAB,BCM,BID,BMP,BSI,BVB,BVH,CMG,CSV,CTG,DCM,DGW,DIG,DPM,DXG,EIB,ELC,EVF,FPT,FRT,GAS,GEX,GMD,GVR,HAH,HCM,HDB,HDG,HPG,HSG,KDH,KLB,LPB,MBB,MBS,MCH,MSB,MSN,MWG,NAB,NKG,NLG,NT2,NVL,OCB,PDR,PGB,PHR,PLX,PNJ,POW,PPC,PVT,REE,SAB,SCR,SHB,SSB,SSI,STB,TCB,TPB,VBB,VCB,VCG,VCI,VGC,VHC,VHM,VIB,VIC,VJC,VND,VNM,VPB,VRE,VSC",0.026681130322015346,0.026681130322015346,0.008139840927364526,0.008139840927364526,0.0,0.0,0.005,20
topk_nonoverlap_v2,C_technical_semantic,RandomForest,2025-05-28,2025-06-25,2025-05-28,5,random_topk_deterministic,5,"BCM,SSI,STB,VHC,VSC",0.008787949881044959,0.0037879498810449597,-0.009753339513605838,-0.014753339513605837,0.9999999999999999,0.004999999999999999,0.005,20
topk_nonoverlap_v2,C_technical_semantic,RandomForest,2025-05-28,2025-06-25,2025-05-28,10,model_topk,10,"BSI,CSV,DPM,FRT,HDB,KDH,NAB,PHR,VHC,VRE",0.02137849767628066,0.01987849767628066,0.0028372082816298383,0.0013372082816298383,0.3,0.0015,0.005,20
topk_nonoverlap_v2,C_technical_semantic,RandomForest,2025-05-28,2025-06-25,2025-05-28,10,equal_weight_universe,80,"ABB,ACB,ANV,BAB,BCM,BID,BMP,BSI,BVB,BVH,CMG,CSV,CTG,DCM,DGW,DIG,DPM,DXG,EIB,ELC,EVF,FPT,FRT,GAS,GEX,GMD,GVR,HAH,HCM,HDB,HDG,HPG,HSG,KDH,KLB,LPB,MBB,MBS,MCH,MSB,MSN,MWG,NAB,NKG,NLG,NT2,NVL,OCB,PDR,PGB,PHR,PLX,PNJ,POW,PPC,PVT,REE,SAB,SCR,SHB,SSB,SSI,STB,TCB,TPB,VBB,VCB,VCG,VCI,VGC,VHC,VHM,VIB,VIC,VJC,VND,VNM,VPB,VRE,VSC",0.026681130322015346,0.026681130322015346,0.008139840927364526,0.008139840927364526,0.0,0.0,0.005,20
topk_nonoverlap_v2,C_technical_semantic,RandomForest,2025-05-28,2025-06-25,2025-05-28,10,random_topk_deterministic,10,"BCM,BVB,BVH,DPM,EIB,FPT,MSB,MWG,NKG,VHC",0.022840263552320033,0.018340263552320032,0.00429897415766922,-0.00020102584233078116,0.9000000000000002,0.004500000000000001,0.005,20
topk_nonoverlap_v2,C_technical_semantic,RandomForest,2025-06-25,2025-07-23,2025-06-25,5,model_topk,5,"BMP,BSI,DPM,HDG,VRE",0.11987756453270992,0.11787756453270992,0.013376741412168621,0.011376741412168621,0.4,0.002,0.005,20
topk_nonoverlap_v2,C_technical_semantic,RandomForest,2025-06-25,2025-07-23,2025-06-25,5,equal_weight_universe,80,"ABB,ACB,ANV,BAB,BCM,BID,BMP,BSI,BVB,BVH,CMG,CSV,CTG,DCM,DGW,DIG,DPM,DXG,EIB,ELC,EVF,FPT,FRT,GAS,GEX,GMD,GVR,HAH,HCM,HDB,HDG,HPG,HSG,KDH,KLB,LPB,MBB,MBS,MCH,MSB,MSN,MWG,NAB,NKG,NLG,NT2,NVL,OCB,PDR,PGB,PHR,PLX,PNJ,POW,PPC,PVT,REE,SAB,SCR,SHB,SSB,SSI,STB,TCB,TPB,VBB,VCB,VCG,VCI,VGC,VHC,VHM,VIB,VIC,VJC,VND,VNM,VPB,VRE,VSC",0.11601544390767823,0.11601544390767823,0.009514620787136937,0.009514620787136937,0.0,0.0,0.005,20
topk_nonoverlap_v2,C_technical_semantic,RandomForest,2025-06-25,2025-07-23,2025-06-25,5,random_topk_deterministic,5,"BID,CMG,GVR,NLG,PNJ",0.08307826998452346,0.07807826998452345,-0.023422553136017783,-0.028422553136017784,0.9999999999999999,0.004999999999999999,0.005,20
topk_nonoverlap_v2,C_technical_semantic,RandomForest,2025-06-25,2025-07-23,2025-06-25,10,model_topk,10,"BMP,BSI,DPM,HDB,HDG,KDH,KLB,VHC,VIB,VRE",0.11505319588911675,0.11305319588911675,0.008552372768575452,0.006552372768575452,0.39999999999999997,0.002,0.005,20
topk_nonoverlap_v2,C_technical_semantic,RandomForest,2025-06-25,2025-07-23,2025-06-25,10,equal_weight_universe,80,"ABB,ACB,ANV,BAB,BCM,BID,BMP,BSI,BVB,BVH,CMG,CSV,CTG,DCM,DGW,DIG,DPM,DXG,EIB,ELC,EVF,FPT,FRT,GAS,GEX,GMD,GVR,HAH,HCM,HDB,HDG,HPG,HSG,KDH,KLB,LPB,MBB,MBS,MCH,MSB,MSN,MWG,NAB,NKG,NLG,NT2,NVL,OCB,PDR,PGB,PHR,PLX,PNJ,POW,PPC,PVT,REE,SAB,SCR,SHB,SSB,SSI,STB,TCB,TPB,VBB,VCB,VCG,VCI,VGC,VHC,VHM,VIB,VIC,VJC,VND,VNM,VPB,VRE,VSC",0.11601544390767823,0.11601544390767823,0.009514620787136937,0.009514620787136937,0.0,0.0,0.005,20
topk_nonoverlap_v2,C_technical_semantic,RandomForest,2025-06-25,2025-07-23,2025-06-25,10,random_topk_deterministic,10,"DGW,DIG,HAH,NAB,OCB,PLX,SSI,TPB,VCI,VPB",0.14805779199272145,0.14305779199272145,0.04155696887218015,0.03655696887218014,1.0000000000000002,0.005000000000000001,0.005,20
topk_nonoverlap_v2,C_technical_semantic,RandomForest,2025-07-23,2025-08-20,2025-07-23,5,model_topk,5,"ACB,EVF,GEX,NT2,SHB",0.18644688584205163,0.18144688584205163,0.08590533020861683,0.08090533020861683,0.9999999999999999,0.004999999999999999,0.005,20
topk_nonoverlap_v2,C_technical_semantic,RandomForest,2025-07-23,2025-08-20,2025-07-23,5,equal_weight_universe,80,"ABB,ACB,ANV,BAB,BCM,BID,BMP,BSI,BVB,BVH,CMG,CSV,CTG,DCM,DGW,DIG,DPM,DXG,EIB,ELC,EVF,FPT,FRT,GAS,GEX,GMD,GVR,HAH,HCM,HDB,HDG,HPG,HSG,KDH,KLB,LPB,MBB,MBS,MCH,MSB,MSN,MWG,NAB,NKG,NLG,NT2,NVL,OCB,PDR,PGB,PHR,PLX,PNJ,POW,PPC,PVT,REE,SAB,SCR,SHB,SSB,SSI,STB,TCB,TPB,VBB,VCB,VCG,VCI,VGC,VHC,VHM,VIB,VIC,VJC,VND,VNM,VPB,VRE,VSC",0.11862726193998803,0.11862726193998803,0.018085706306553245,0.018085706306553245,0.0,0.0,0.005,20
topk_nonoverlap_v2,C_technical_semantic,RandomForest,2025-07-23,2025-08-20,2025-07-23,5,random_topk_deterministic,5,"BAB,DIG,HPG,STB,VIB",0.16727127631968924,0.16227127631968924,0.06672972068625446,0.061729720686254465,0.9999999999999999,0.004999999999999999,0.005,20
topk_nonoverlap_v2,C_technical_semantic,RandomForest,2025-07-23,2025-08-20,2025-07-23,10,model_topk,10,"ACB,ANV,BCM,EVF,GEX,NLG,NT2,SHB,VHC,VIC",0.12504011810449628,0.12054011810449627,0.024498562471061518,0.019998562471061517,0.9000000000000002,0.004500000000000001,0.005,20
topk_nonoverlap_v2,C_technical_semantic,RandomForest,2025-07-23,2025-08-20,2025-07-23,10,equal_weight_universe,80,"ABB,ACB,ANV,BAB,BCM,BID,BMP,BSI,BVB,BVH,CMG,CSV,CTG,DCM,DGW,DIG,DPM,DXG,EIB,ELC,EVF,FPT,FRT,GAS,GEX,GMD,GVR,HAH,HCM,HDB,HDG,HPG,HSG,KDH,KLB,LPB,MBB,MBS,MCH,MSB,MSN,MWG,NAB,NKG,NLG,NT2,NVL,OCB,PDR,PGB,PHR,PLX,PNJ,POW,PPC,PVT,REE,SAB,SCR,SHB,SSB,SSI,STB,TCB,TPB,VBB,VCB,VCG,VCI,VGC,VHC,VHM,VIB,VIC,VJC,VND,VNM,VPB,VRE,VSC",0.11862726193998803,0.11862726193998803,0.018085706306553245,0.018085706306553245,0.0,0.0,0.005,20
topk_nonoverlap_v2,C_technical_semantic,RandomForest,2025-07-23,2025-08-20,2025-07-23,10,random_topk_deterministic,10,"BVH,DIG,ELC,MBB,MCH,NLG,POW,SSI,TCB,VIB",0.13661526741074725,0.13261526741074725,0.03607371177731243,0.03207371177731243,0.8000000000000002,0.004000000000000001,0.005,20
topk_nonoverlap_v2,C_technical_semantic,RandomForest,2025-08-20,2025-09-19,2025-08-20,5,model_topk,5,"EVF,GEX,OCB,SHB,TPB",-0.054165906463690336,-0.05616590646369034,-0.050717133361717216,-0.05271713336171722,0.4,0.002,0.005,20
topk_nonoverlap_v2,C_technical_semantic,RandomForest,2025-08-20,2025-09-19,2025-08-20,5,equal_weight_universe,80,"ABB,ACB,ANV,BAB,BCM,BID,BMP,BSI,BVB,BVH,CMG,CSV,CTG,DCM,DGW,DIG,DPM,DXG,EIB,ELC,EVF,FPT,FRT,GAS,GEX,GMD,GVR,HAH,HCM,HDB,HDG,HPG,HSG,KDH,KLB,LPB,MBB,MBS,MCH,MSB,MSN,MWG,NAB,NKG,NLG,NT2,NVL,OCB,PDR,PGB,PHR,PLX,PNJ,POW,PPC,PVT,REE,SAB,SCR,SHB,SSB,SSI,STB,TCB,TPB,VBB,VCB,VCG,VCI,VGC,VHC,VHM,VIB,VIC,VJC,VND,VNM,VPB,VRE,VSC",-0.012411640265388761,-0.012411640265388761,-0.008962867163415647,-0.008962867163415647,0.0,0.0,0.005,20
topk_nonoverlap_v2,C_technical_semantic,RandomForest,2025-08-20,2025-09-19,2025-08-20,5,random_topk_deterministic,5,"BSI,EIB,PDR,POW,TCB",-0.08616854890745428,-0.09116854890745428,-0.08271977580548118,-0.08771977580548118,0.9999999999999999,0.004999999999999999,0.005,20
topk_nonoverlap_v2,C_technical_semantic,RandomForest,2025-08-20,2025-09-19,2025-08-20,10,model_topk,10,"ANV,BCM,EVF,GEX,NLG,NT2,OCB,SHB,TPB,VIC",-0.0013671930951558594,-0.0023671930951558594,0.002081580006817259,0.001081580006817259,0.2,0.001,0.005,20
topk_nonoverlap_v2,C_technical_semantic,RandomForest,2025-08-20,2025-09-19,2025-08-20,10,equal_weight_universe,80,"ABB,ACB,ANV,BAB,BCM,BID,BMP,BSI,BVB,BVH,CMG,CSV,CTG,DCM,DGW,DIG,DPM,DXG,EIB,ELC,EVF,FPT,FRT,GAS,GEX,GMD,GVR,HAH,HCM,HDB,HDG,HPG,HSG,KDH,KLB,LPB,MBB,MBS,MCH,MSB,MSN,MWG,NAB,NKG,NLG,NT2,NVL,OCB,PDR,PGB,PHR,PLX,PNJ,POW,PPC,PVT,REE,SAB,SCR,SHB,SSB,SSI,STB,TCB,TPB,VBB,VCB,VCG,VCI,VGC,VHC,VHM,VIB,VIC,VJC,VND,VNM,VPB,VRE,VSC",-0.012411640265388761,-0.012411640265388761,-0.008962867163415647,-0.008962867163415647,0.0,0.0,0.005,20
topk_nonoverlap_v2,C_technical_semantic,RandomForest,2025-08-20,2025-09-19,2025-08-20,10,random_topk_deterministic,10,"BCM,BID,BSI,FPT,HDB,PGB,REE,SHB,VIB,VPB",-0.053374772546867844,-0.05787477254686785,-0.04992599944489474,-0.05442599944489474,0.9000000000000002,0.004500000000000001,0.005,20
topk_nonoverlap_v2,C_technical_semantic,RandomForest,2025-09-19,2025-10-17,2025-09-19,5,model_topk,5,"EVF,GEX,KLB,NT2,SHB",0.014775455483068373,0.012775455483068373,-0.02897778516276988,-0.03097778516276988,0.4,0.002,0.005,20
topk_nonoverlap_v2,C_technical_semantic,RandomForest,2025-09-19,2025-10-17,2025-09-19,5,equal_weight_universe,80,"ABB,ACB,ANV,BAB,BCM,BID,BMP,BSI,BVB,BVH,CMG,CSV,CTG,DCM,DGW,DIG,DPM,DXG,EIB,ELC,EVF,FPT,FRT,GAS,GEX,GMD,GVR,HAH,HCM,HDB,HDG,HPG,HSG,KDH,KLB,LPB,MBB,MBS,MCH,MSB,MSN,MWG,NAB,NKG,NLG,NT2,NVL,OCB,PDR,PGB,PHR,PLX,PNJ,POW,PPC,PVT,REE,SAB,SCR,SHB,SSB,SSI,STB,TCB,TPB,VBB,VCB,VCG,VCI,VGC,VHC,VHM,VIB,VIC,VJC,VND,VNM,VPB,VRE,VSC",0.0075955101855792375,0.0075955101855792375,-0.03615773046025904,-0.03615773046025904,0.0,0.0,0.005,20
topk_nonoverlap_v2,C_technical_semantic,RandomForest,2025-09-19,2025-10-17,2025-09-19,5,random_topk_deterministic,5,"BVB,EIB,MCH,NT2,VSC",-0.02022824520395234,-0.02422824520395234,-0.06398148584979065,-0.06798148584979065,0.7999999999999999,0.004,0.005,20
topk_nonoverlap_v2,C_technical_semantic,RandomForest,2025-09-19,2025-10-17,2025-09-19,10,model_topk,10,"ANV,BCM,EVF,GEX,KLB,NLG,NT2,SHB,VHC,VIC",0.046745102350285825,0.045745102350285824,0.00299186170444756,0.00199186170444756,0.2,0.001,0.005,20
topk_nonoverlap_v2,C_technical_semantic,RandomForest,2025-09-19,2025-10-17,2025-09-19,10,equal_weight_universe,80,"ABB,ACB,ANV,BAB,BCM,BID,BMP,BSI,BVB,BVH,CMG,CSV,CTG,DCM,DGW,DIG,DPM,DXG,EIB,ELC,EVF,FPT,FRT,GAS,GEX,GMD,GVR,HAH,HCM,HDB,HDG,HPG,HSG,KDH,KLB,LPB,MBB,MBS,MCH,MSB,MSN,MWG,NAB,NKG,NLG,NT2,NVL,OCB,PDR,PGB,PHR,PLX,PNJ,POW,PPC,PVT,REE,SAB,SCR,SHB,SSB,SSI,STB,TCB,TPB,VBB,VCB,VCG,VCI,VGC,VHC,VHM,VIB,VIC,VJC,VND,VNM,VPB,VRE,VSC",0.0075955101855792375,0.0075955101855792375,-0.03615773046025904,-0.03615773046025904,0.0,0.0,0.005,20
topk_nonoverlap_v2,C_technical_semantic,RandomForest,2025-09-19,2025-10-17,2025-09-19,10,random_topk_deterministic,10,"DXG,HCM,HDG,MSN,NKG,POW,PVT,VBB,VCB,VNM",-0.008549808705419059,-0.01354980870541906,-0.05230304935125736,-0.057303049351257365,1.0000000000000002,0.005000000000000001,0.005,20
topk_nonoverlap_v2,C_technical_semantic,RandomForest,2025-10-17,2025-11-14,2025-10-17,5,model_topk,5,"DXG,EVF,NVL,VIC,VNM",-0.06174846559390531,-0.0657484655939053,-0.00645124229663582,-0.01045124229663582,0.7999999999999999,0.004,0.005,20
topk_nonoverlap_v2,C_technical_semantic,RandomForest,2025-10-17,2025-11-14,2025-10-17,5,equal_weight_universe,80,"ABB,ACB,ANV,BAB,BCM,BID,BMP,BSI,BVB,BVH,CMG,CSV,CTG,DCM,DGW,DIG,DPM,DXG,EIB,ELC,EVF,FPT,FRT,GAS,GEX,GMD,GVR,HAH,HCM,HDB,HDG,HPG,HSG,KDH,KLB,LPB,MBB,MBS,MCH,MSB,MSN,MWG,NAB,NKG,NLG,NT2,NVL,OCB,PDR,PGB,PHR,PLX,PNJ,POW,PPC,PVT,REE,SAB,SCR,SHB,SSB,SSI,STB,TCB,TPB,VBB,VCB,VCG,VCI,VGC,VHC,VHM,VIB,VIC,VJC,VND,VNM,VPB,VRE,VSC",-0.034949749742080496,-0.034949749742080496,0.02034747355518898,0.02034747355518898,0.0,0.0,0.005,20
topk_nonoverlap_v2,C_technical_semantic,RandomForest,2025-10-17,2025-11-14,2025-10-17,5,random_topk_deterministic,5,"DGW,GEX,OCB,PPC,VND",-0.08923609703968856,-0.09423609703968856,-0.03393887374241909,-0.03893887374241909,0.9999999999999999,0.004999999999999999,0.005,20
topk_nonoverlap_v2,C_technical_semantic,RandomForest,2025-10-17,2025-11-14,2025-10-17,10,model_topk,10,"ABB,DXG,EVF,HDB,MSB,NVL,REE,SHB,VIC,VNM",-0.046293567881000856,-0.04979356788100086,0.009003655416268642,0.005503655416268642,0.7000000000000001,0.0035000000000000005,0.005,20
topk_nonoverlap_v2,C_technical_semantic,RandomForest,2025-10-17,2025-11-14,2025-10-17,10,equal_weight_universe,80,"ABB,ACB,ANV,BAB,BCM,BID,BMP,BSI,BVB,BVH,CMG,CSV,CTG,DCM,DGW,DIG,DPM,DXG,EIB,ELC,EVF,FPT,FRT,GAS,GEX,GMD,GVR,HAH,HCM,HDB,HDG,HPG,HSG,KDH,KLB,LPB,MBB,MBS,MCH,MSB,MSN,MWG,NAB,NKG,NLG,NT2,NVL,OCB,PDR,PGB,PHR,PLX,PNJ,POW,PPC,PVT,REE,SAB,SCR,SHB,SSB,SSI,STB,TCB,TPB,VBB,VCB,VCG,VCI,VGC,VHC,VHM,VIB,VIC,VJC,VND,VNM,VPB,VRE,VSC",-0.034949749742080496,-0.034949749742080496,0.02034747355518898,0.02034747355518898,0.0,0.0,0.005,20
topk_nonoverlap_v2,C_technical_semantic,RandomForest,2025-10-17,2025-11-14,2025-10-17,10,random_topk_deterministic,10,"BSI,DIG,HCM,KLB,MSN,NT2,OCB,PPC,SAB,SHB",-0.05052717172427716,-0.054527171724277165,0.004770051572992308,0.0007700515729923071,0.8000000000000002,0.004000000000000001,0.005,20
topk_nonoverlap_v2,C_technical_semantic,RandomForest,2025-11-14,2025-12-12,2025-11-14,5,model_topk,5,"DXG,EVF,HDB,HSG,VIC",0.008017866270627543,0.006017866270627543,0.0010290068671569166,-0.0009709931328430834,0.4,0.002,0.005,20
topk_nonoverlap_v2,C_technical_semantic,RandomForest,2025-11-14,2025-12-12,2025-11-14,5,equal_weight_universe,80,"ABB,ACB,ANV,BAB,BCM,BID,BMP,BSI,BVB,BVH,CMG,CSV,CTG,DCM,DGW,DIG,DPM,DXG,EIB,ELC,EVF,FPT,FRT,GAS,GEX,GMD,GVR,HAH,HCM,HDB,HDG,HPG,HSG,KDH,KLB,LPB,MBB,MBS,MCH,MSB,MSN,MWG,NAB,NKG,NLG,NT2,NVL,OCB,PDR,PGB,PHR,PLX,PNJ,POW,PPC,PVT,REE,SAB,SCR,SHB,SSB,SSI,STB,TCB,TPB,VBB,VCB,VCG,VCI,VGC,VHC,VHM,VIB,VIC,VJC,VND,VNM,VPB,VRE,VSC",-0.04846450569060197,-0.04846450569060197,-0.05545336509407256,-0.05545336509407256,0.0,0.0,0.005,20
topk_nonoverlap_v2,C_technical_semantic,RandomForest,2025-11-14,2025-12-12,2025-11-14,5,random_topk_deterministic,5,"BID,GEX,PDR,REE,VJC",-0.059240200629824505,-0.06324020062982451,-0.0662290600332951,-0.0702290600332951,0.7999999999999999,0.004,0.005,20
topk_nonoverlap_v2,C_technical_semantic,RandomForest,2025-11-14,2025-12-12,2025-11-14,10,model_topk,10,"ABB,DXG,EVF,HDB,HSG,LPB,MSB,SCR,SHB,VIC",-0.011214622836172111,-0.01271462283617211,-0.018203482239642722,-0.019703482239642724,0.3,0.0015,0.005,20
topk_nonoverlap_v2,C_technical_semantic,RandomForest,2025-11-14,2025-12-12,2025-11-14,10,equal_weight_universe,80,"ABB,ACB,ANV,BAB,BCM,BID,BMP,BSI,BVB,BVH,CMG,CSV,CTG,DCM,DGW,DIG,DPM,DXG,EIB,ELC,EVF,FPT,FRT,GAS,GEX,GMD,GVR,HAH,HCM,HDB,HDG,HPG,HSG,KDH,KLB,LPB,MBB,MBS,MCH,MSB,MSN,MWG,NAB,NKG,NLG,NT2,NVL,OCB,PDR,PGB,PHR,PLX,PNJ,POW,PPC,PVT,REE,SAB,SCR,SHB,SSB,SSI,STB,TCB,TPB,VBB,VCB,VCG,VCI,VGC,VHC,VHM,VIB,VIC,VJC,VND,VNM,VPB,VRE,VSC",-0.04846450569060197,-0.04846450569060197,-0.05545336509407256,-0.05545336509407256,0.0,0.0,0.005,20
topk_nonoverlap_v2,C_technical_semantic,RandomForest,2025-11-14,2025-12-12,2025-11-14,10,random_topk_deterministic,10,"CMG,DIG,MBB,NKG,PGB,PPC,SAB,VCI,VIC,VPB",-0.00673578314920664,-0.01023578314920664,-0.013724642552677243,-0.017224642552677243,0.7000000000000001,0.0035000000000000005,0.005,20
topk_nonoverlap_v2,C_technical_semantic,RandomForest,2025-12-12,2026-01-13,2025-12-12,5,model_topk,5,"DXG,EVF,HDB,MSB,VIC",0.09290721321199472,0.09190721321199471,-0.06256157948211358,-0.06356157948211358,0.2,0.001,0.005,20
topk_nonoverlap_v2,C_technical_semantic,RandomForest,2025-12-12,2026-01-13,2025-12-12,5,equal_weight_universe,80,"ABB,ACB,ANV,BAB,BCM,BID,BMP,BSI,BVB,BVH,CMG,CSV,CTG,DCM,DGW,DIG,DPM,DXG,EIB,ELC,EVF,FPT,FRT,GAS,GEX,GMD,GVR,HAH,HCM,HDB,HDG,HPG,HSG,KDH,KLB,LPB,MBB,MBS,MCH,MSB,MSN,MWG,NAB,NKG,NLG,NT2,NVL,OCB,PDR,PGB,PHR,PLX,PNJ,POW,PPC,PVT,REE,SAB,SCR,SHB,SSB,SSI,STB,TCB,TPB,VBB,VCB,VCG,VCI,VGC,VHC,VHM,VIB,VIC,VJC,VND,VNM,VPB,VRE,VSC",0.10005516818208375,0.10005516818208375,-0.055413624512024494,-0.055413624512024494,0.0,0.0,0.005,20
topk_nonoverlap_v2,C_technical_semantic,RandomForest,2025-12-12,2026-01-13,2025-12-12,5,random_topk_deterministic,5,"BCM,CTG,GVR,HDG,SSI",0.14545353941494624,0.14045353941494623,-0.010015253279162079,-0.015015253279162078,0.9999999999999999,0.004999999999999999,0.005,20
topk_nonoverlap_v2,C_technical_semantic,RandomForest,2025-12-12,2026-01-13,2025-12-12,10,model_topk,10,"ABB,DXG,EVF,FPT,HDB,MSB,SCR,SHB,TPB,VIC",0.07295883387710075,0.07195883387710075,-0.08250995881700748,-0.08350995881700748,0.2,0.001,0.005,20
topk_nonoverlap_v2,C_technical_semantic,RandomForest,2025-12-12,2026-01-13,2025-12-12,10,equal_weight_universe,80,"ABB,ACB,ANV,BAB,BCM,BID,BMP,BSI,BVB,BVH,CMG,CSV,CTG,DCM,DGW,DIG,DPM,DXG,EIB,ELC,EVF,FPT,FRT,GAS,GEX,GMD,GVR,HAH,HCM,HDB,HDG,HPG,HSG,KDH,KLB,LPB,MBB,MBS,MCH,MSB,MSN,MWG,NAB,NKG,NLG,NT2,NVL,OCB,PDR,PGB,PHR,PLX,PNJ,POW,PPC,PVT,REE,SAB,SCR,SHB,SSB,SSI,STB,TCB,TPB,VBB,VCB,VCG,VCI,VGC,VHC,VHM,VIB,VIC,VJC,VND,VNM,VPB,VRE,VSC",0.10005516818208375,0.10005516818208375,-0.055413624512024494,-0.055413624512024494,0.0,0.0,0.005,20
topk_nonoverlap_v2,C_technical_semantic,RandomForest,2025-12-12,2026-01-13,2025-12-12,10,random_topk_deterministic,10,"ABB,BAB,DPM,ELC,GVR,MBB,PPC,PVT,TCB,VBB",0.11715897328058049,0.11315897328058049,-0.038309819413527735,-0.04230981941352774,0.8000000000000002,0.004000000000000001,0.005,20
topk_nonoverlap_v2,C_technical_semantic,RandomForest,2026-01-13,2026-02-10,2026-01-13,5,model_topk,5,"ACB,GMD,MCH,PNJ,REE",0.0014145983492696412,-0.003585401650730358,0.07966235312742752,0.07466235312742751,0.9999999999999999,0.004999999999999999,0.005,20
topk_nonoverlap_v2,C_technical_semantic,RandomForest,2026-01-13,2026-02-10,2026-01-13,5,equal_weight_universe,79,"ABB,ACB,ANV,BAB,BCM,BID,BMP,BSI,BVB,BVH,CMG,CSV,CTG,DCM,DGW,DIG,DPM,DXG,EIB,ELC,EVF,FPT,FRT,GAS,GEX,GMD,GVR,HAH,HCM,HDB,HDG,HPG,HSG,KDH,LPB,MBB,MBS,MCH,MSB,MSN,MWG,NAB,NKG,NLG,NT2,NVL,OCB,PDR,PGB,PHR,PLX,PNJ,POW,PPC,PVT,REE,SAB,SCR,SHB,SSB,SSI,STB,TCB,TPB,VBB,VCB,VCG,VCI,VGC,VHC,VHM,VIB,VIC,VJC,VND,VNM,VPB,VRE,VSC",-0.04299521736466737,-0.04305771736466737,0.03525253741349052,0.03519003741349052,0.012499999999999994,6.249999999999997e-05,0.005,20
topk_nonoverlap_v2,C_technical_semantic,RandomForest,2026-01-13,2026-02-10,2026-01-13,5,random_topk_deterministic,5,"EIB,MSN,PLX,PPC,SSI",-0.021283710812194157,-0.025283710812194157,0.05696404396596374,0.05296404396596374,0.7999999999999999,0.004,0.005,20
topk_nonoverlap_v2,C_technical_semantic,RandomForest,2026-01-13,2026-02-10,2026-01-13,10,model_topk,10,"ACB,CTG,GMD,MCH,PHR,PNJ,REE,VBB,VHC,VHM",-0.04244200567568971,-0.04744200567568971,0.0358057491024682,0.030805749102468197,1.0000000000000002,0.005000000000000001,0.005,20
topk_nonoverlap_v2,C_technical_semantic,RandomForest,2026-01-13,2026-02-10,2026-01-13,10,equal_weight_universe,79,"ABB,ACB,ANV,BAB,BCM,BID,BMP,BSI,BVB,BVH,CMG,CSV,CTG,DCM,DGW,DIG,DPM,DXG,EIB,ELC,EVF,FPT,FRT,GAS,GEX,GMD,GVR,HAH,HCM,HDB,HDG,HPG,HSG,KDH,LPB,MBB,MBS,MCH,MSB,MSN,MWG,NAB,NKG,NLG,NT2,NVL,OCB,PDR,PGB,PHR,PLX,PNJ,POW,PPC,PVT,REE,SAB,SCR,SHB,SSB,SSI,STB,TCB,TPB,VBB,VCB,VCG,VCI,VGC,VHC,VHM,VIB,VIC,VJC,VND,VNM,VPB,VRE,VSC",-0.04299521736466737,-0.04305771736466737,0.03525253741349052,0.03519003741349052,0.012499999999999994,6.249999999999997e-05,0.005,20
topk_nonoverlap_v2,C_technical_semantic,RandomForest,2026-01-13,2026-02-10,2026-01-13,10,random_topk_deterministic,10,"EVF,KDH,MWG,NLG,PLX,PPC,STB,VGC,VIB,VND",-0.01623817907381785,-0.02073817907381785,0.06200957570434005,0.057509575704340045,0.9000000000000002,0.004500000000000001,0.005,20
topk_nonoverlap_v2,C_technical_semantic,RandomForest,2026-02-10,2026-03-17,2026-02-10,5,model_topk,5,"BCM,GMD,PNJ,REE,VND",-0.009728198843137022,-0.011728198843137022,0.01520866084569382,0.01320866084569382,0.4,0.002,0.005,20
topk_nonoverlap_v2,C_technical_semantic,RandomForest,2026-02-10,2026-03-17,2026-02-10,5,equal_weight_universe,80,"ABB,ACB,ANV,BAB,BCM,BID,BMP,BSI,BVB,BVH,CMG,CSV,CTG,DCM,DGW,DIG,DPM,DXG,EIB,ELC,EVF,FPT,FRT,GAS,GEX,GMD,GVR,HAH,HCM,HDB,HDG,HPG,HSG,KDH,KLB,LPB,MBB,MBS,MCH,MSB,MSN,MWG,NAB,NKG,NLG,NT2,NVL,OCB,PDR,PGB,PHR,PLX,PNJ,POW,PPC,PVT,REE,SAB,SCR,SHB,SSB,SSI,STB,TCB,TPB,VBB,VCB,VCG,VCI,VGC,VHC,VHM,VIB,VIC,VJC,VND,VNM,VPB,VRE,VSC",-0.01970451065964718,-0.01976701065964718,0.005232349029183678,0.005169849029183678,0.012499999999999994,6.249999999999997e-05,0.005,20
topk_nonoverlap_v2,C_technical_semantic,RandomForest,2026-02-10,2026-03-17,2026-02-10,5,random_topk_deterministic,5,"ACB,ELC,NAB,NVL,VIB",-0.0218037764098315,-0.026803776409831497,0.003133083278999399,-0.0018669167210006,0.9999999999999999,0.004999999999999999,0.005,20
topk_nonoverlap_v2,C_technical_semantic,RandomForest,2026-02-10,2026-03-17,2026-02-10,10,model_topk,10,"BCM,CTG,GMD,MCH,MWG,PNJ,REE,VHC,VHM,VND",-0.01037486147461566,-0.01187486147461566,0.01456199821421518,0.01306199821421518,0.3,0.0015,0.005,20
topk_nonoverlap_v2,C_technical_semantic,RandomForest,2026-02-10,2026-03-17,2026-02-10,10,equal_weight_universe,80,"ABB,ACB,ANV,BAB,BCM,BID,BMP,BSI,BVB,BVH,CMG,CSV,CTG,DCM,DGW,DIG,DPM,DXG,EIB,ELC,EVF,FPT,FRT,GAS,GEX,GMD,GVR,HAH,HCM,HDB,HDG,HPG,HSG,KDH,KLB,LPB,MBB,MBS,MCH,MSB,MSN,MWG,NAB,NKG,NLG,NT2,NVL,OCB,PDR,PGB,PHR,PLX,PNJ,POW,PPC,PVT,REE,SAB,SCR,SHB,SSB,SSI,STB,TCB,TPB,VBB,VCB,VCG,VCI,VGC,VHC,VHM,VIB,VIC,VJC,VND,VNM,VPB,VRE,VSC",-0.01970451065964718,-0.01976701065964718,0.005232349029183678,0.005169849029183678,0.012499999999999994,6.249999999999997e-05,0.005,20
topk_nonoverlap_v2,C_technical_semantic,RandomForest,2026-02-10,2026-03-17,2026-02-10,10,random_topk_deterministic,10,"BSI,DCM,DPM,EIB,HCM,MCH,SCR,SHB,VGC,VPB",0.012300597029243595,0.007800597029243594,0.037237456718074435,0.03273745671807443,0.9000000000000002,0.004500000000000001,0.005,20
topk_nonoverlap_v2,C_technical_semantic,RandomForest,2026-03-17,2026-04-14,2026-03-17,5,model_topk,5,"CTG,GMD,MCH,PNJ,REE",-0.031240394074907134,-0.033240394074907136,-0.06945613526499783,-0.07145613526499783,0.4,0.002,0.005,20
topk_nonoverlap_v2,C_technical_semantic,RandomForest,2026-03-17,2026-04-14,2026-03-17,5,equal_weight_universe,80,"ABB,ACB,ANV,BAB,BCM,BID,BMP,BSI,BVB,BVH,CMG,CSV,CTG,DCM,DGW,DIG,DPM,DXG,EIB,ELC,EVF,FPT,FRT,GAS,GEX,GMD,GVR,HAH,HCM,HDB,HDG,HPG,HSG,KDH,KLB,LPB,MBB,MBS,MCH,MSB,MSN,MWG,NAB,NKG,NLG,NT2,NVL,OCB,PDR,PGB,PHR,PLX,PNJ,POW,PPC,PVT,REE,SAB,SCR,SHB,SSB,SSI,STB,TCB,TPB,VBB,VCB,VCG,VCI,VGC,VHC,VHM,VIB,VIC,VJC,VND,VNM,VPB,VRE,VSC",0.035497025414320385,0.035497025414320385,-0.002718715775770324,-0.002718715775770324,0.0,0.0,0.005,20
topk_nonoverlap_v2,C_technical_semantic,RandomForest,2026-03-17,2026-04-14,2026-03-17,5,random_topk_deterministic,5,"ANV,BVB,HSG,PHR,SCR",0.06344284004980216,0.058442840049802165,0.02522709885971146,0.02022709885971146,0.9999999999999999,0.004999999999999999,0.005,20
topk_nonoverlap_v2,C_technical_semantic,RandomForest,2026-03-17,2026-04-14,2026-03-17,10,model_topk,10,"CTG,GMD,MCH,MWG,PHR,PNJ,REE,VHC,VHM,VND",0.013992415086295906,0.013492415086295905,-0.024223326103794796,-0.024723326103794796,0.1,0.0005,0.005,20
topk_nonoverlap_v2,C_technical_semantic,RandomForest,2026-03-17,2026-04-14,2026-03-17,10,equal_weight_universe,80,"ABB,ACB,ANV,BAB,BCM,BID,BMP,BSI,BVB,BVH,CMG,CSV,CTG,DCM,DGW,DIG,DPM,DXG,EIB,ELC,EVF,FPT,FRT,GAS,GEX,GMD,GVR,HAH,HCM,HDB,HDG,HPG,HSG,KDH,KLB,LPB,MBB,MBS,MCH,MSB,MSN,MWG,NAB,NKG,NLG,NT2,NVL,OCB,PDR,PGB,PHR,PLX,PNJ,POW,PPC,PVT,REE,SAB,SCR,SHB,SSB,SSI,STB,TCB,TPB,VBB,VCB,VCG,VCI,VGC,VHC,VHM,VIB,VIC,VJC,VND,VNM,VPB,VRE,VSC",0.035497025414320385,0.035497025414320385,-0.002718715775770324,-0.002718715775770324,0.0,0.0,0.005,20
topk_nonoverlap_v2,C_technical_semantic,RandomForest,2026-03-17,2026-04-14,2026-03-17,10,random_topk_deterministic,10,"BCM,KDH,MBS,MSB,MSN,NKG,NLG,PGB,VCG,VGC",0.034634873332645574,0.030134873332645574,-0.0035808678574450895,-0.008080867857445091,0.9000000000000002,0.004500000000000001,0.005,20
topk_nonoverlap_v2,C_technical_semantic,RandomForest,2026-04-14,2026-05-15,2026-04-14,5,model_topk,5,"BVH,EIB,MWG,PPC,VHM",0.006942060203907599,0.0019420602039075998,-0.07525319223885976,-0.08025319223885977,0.9999999999999999,0.004999999999999999,0.005,20
topk_nonoverlap_v2,C_technical_semantic,RandomForest,2026-04-14,2026-05-15,2026-04-14,5,equal_weight_universe,80,"ABB,ACB,ANV,BAB,BCM,BID,BMP,BSI,BVB,BVH,CMG,CSV,CTG,DCM,DGW,DIG,DPM,DXG,EIB,ELC,EVF,FPT,FRT,GAS,GEX,GMD,GVR,HAH,HCM,HDB,HDG,HPG,HSG,KDH,KLB,LPB,MBB,MBS,MCH,MSB,MSN,MWG,NAB,NKG,NLG,NT2,NVL,OCB,PDR,PGB,PHR,PLX,PNJ,POW,PPC,PVT,REE,SAB,SCR,SHB,SSB,SSI,STB,TCB,TPB,VBB,VCB,VCG,VCI,VGC,VHC,VHM,VIB,VIC,VJC,VND,VNM,VPB,VRE,VSC",0.0018808559012271336,0.0018808559012271336,-0.08031439654154023,-0.08031439654154023,0.0,0.0,0.005,20
topk_nonoverlap_v2,C_technical_semantic,RandomForest,2026-04-14,2026-05-15,2026-04-14,5,random_topk_deterministic,5,"BMP,DCM,DGW,HCM,OCB",0.01564149501227732,0.01064149501227732,-0.0665537574304901,-0.0715537574304901,0.9999999999999999,0.004999999999999999,0.005,20
topk_nonoverlap_v2,C_technical_semantic,RandomForest,2026-04-14,2026-05-15,2026-04-14,10,model_topk,10,"BSI,BVH,EIB,EVF,GMD,MSN,MWG,PPC,VHM,VJC",0.0063320336579763496,0.002832033657976349,-0.07586321878479099,-0.079363218784791,0.7000000000000001,0.0035000000000000005,0.005,20
topk_nonoverlap_v2,C_technical_semantic,RandomForest,2026-04-14,2026-05-15,2026-04-14,10,equal_weight_universe,80,"ABB,ACB,ANV,BAB,BCM,BID,BMP,BSI,BVB,BVH,CMG,CSV,CTG,DCM,DGW,DIG,DPM,DXG,EIB,ELC,EVF,FPT,FRT,GAS,GEX,GMD,GVR,HAH,HCM,HDB,HDG,HPG,HSG,KDH,KLB,LPB,MBB,MBS,MCH,MSB,MSN,MWG,NAB,NKG,NLG,NT2,NVL,OCB,PDR,PGB,PHR,PLX,PNJ,POW,PPC,PVT,REE,SAB,SCR,SHB,SSB,SSI,STB,TCB,TPB,VBB,VCB,VCG,VCI,VGC,VHC,VHM,VIB,VIC,VJC,VND,VNM,VPB,VRE,VSC",0.0018808559012271336,0.0018808559012271336,-0.08031439654154023,-0.08031439654154023,0.0,0.0,0.005,20
topk_nonoverlap_v2,C_technical_semantic,RandomForest,2026-04-14,2026-05-15,2026-04-14,10,random_topk_deterministic,10,"EVF,GEX,GVR,HDG,MBB,PLX,TCB,VGC,VNM,VSC",0.007319459267149342,0.0028194592671493407,-0.07487579317561802,-0.07937579317561802,0.9000000000000002,0.004500000000000001,0.005,20
topk_nonoverlap_v2,C_technical_semantic,RandomForest,2026-05-15,2026-06-12,2026-05-15,5,model_topk,5,"BVH,EIB,MWG,PPC,VHM",-0.055940401396009545,-0.055940401396009545,0.011685535323390839,0.011685535323390839,0.0,0.0,0.005,20
topk_nonoverlap_v2,C_technical_semantic,RandomForest,2026-05-15,2026-06-12,2026-05-15,5,equal_weight_universe,80,"ABB,ACB,ANV,BAB,BCM,BID,BMP,BSI,BVB,BVH,CMG,CSV,CTG,DCM,DGW,DIG,DPM,DXG,EIB,ELC,EVF,FPT,FRT,GAS,GEX,GMD,GVR,HAH,HCM,HDB,HDG,HPG,HSG,KDH,KLB,LPB,MBB,MBS,MCH,MSB,MSN,MWG,NAB,NKG,NLG,NT2,NVL,OCB,PDR,PGB,PHR,PLX,PNJ,POW,PPC,PVT,REE,SAB,SCR,SHB,SSB,SSI,STB,TCB,TPB,VBB,VCB,VCG,VCI,VGC,VHC,VHM,VIB,VIC,VJC,VND,VNM,VPB,VRE,VSC",-0.04302202297658324,-0.04302202297658324,0.024603913742817153,0.024603913742817153,0.0,0.0,0.005,20
topk_nonoverlap_v2,C_technical_semantic,RandomForest,2026-05-15,2026-06-12,2026-05-15,5,random_topk_deterministic,5,"ABB,HAH,HDG,MCH,PDR",-0.03087158096212552,-0.03587158096212552,0.036754355757274836,0.03175435575727484,0.9999999999999999,0.004999999999999999,0.005,20
topk_nonoverlap_v2,C_technical_semantic,RandomForest,2026-05-15,2026-06-12,2026-05-15,10,model_topk,10,"BSI,BVH,EIB,EVF,GMD,MWG,PPC,VCG,VHM,VJC",-0.04014276515429187,-0.04064276515429187,0.027483171565108527,0.026983171565108526,0.1,0.0005,0.005,20
topk_nonoverlap_v2,C_technical_semantic,RandomForest,2026-05-15,2026-06-12,2026-05-15,10,equal_weight_universe,80,"ABB,ACB,ANV,BAB,BCM,BID,BMP,BSI,BVB,BVH,CMG,CSV,CTG,DCM,DGW,DIG,DPM,DXG,EIB,ELC,EVF,FPT,FRT,GAS,GEX,GMD,GVR,HAH,HCM,HDB,HDG,HPG,HSG,KDH,KLB,LPB,MBB,MBS,MCH,MSB,MSN,MWG,NAB,NKG,NLG,NT2,NVL,OCB,PDR,PGB,PHR,PLX,PNJ,POW,PPC,PVT,REE,SAB,SCR,SHB,SSB,SSI,STB,TCB,TPB,VBB,VCB,VCG,VCI,VGC,VHC,VHM,VIB,VIC,VJC,VND,VNM,VPB,VRE,VSC",-0.04302202297658324,-0.04302202297658324,0.024603913742817153,0.024603913742817153,0.0,0.0,0.005,20
topk_nonoverlap_v2,C_technical_semantic,RandomForest,2026-05-15,2026-06-12,2026-05-15,10,random_topk_deterministic,10,"BVB,EIB,EVF,GEX,HAH,MBB,NAB,PLX,STB,VIC",-0.052759705432640525,-0.05575970543264053,0.014866231286759828,0.011866231286759829,0.6,0.003,0.005,20
topk_nonoverlap_v2,D_all,LogisticRegression,2022-02-11,2022-03-11,2022-02-11,5,model_topk,5,"EIB,MSB,SSB,STB,VIB",-0.057231184488807506,-0.0622311844888075,-0.03381121658555064,-0.03881121658555064,1.0,0.005,0.005,20
topk_nonoverlap_v2,D_all,LogisticRegression,2022-02-11,2022-03-11,2022-02-11,5,equal_weight_universe,80,"ABB,ACB,ANV,BAB,BCM,BID,BMP,BSI,BVB,BVH,CMG,CSV,CTG,DCM,DGW,DIG,DPM,DXG,EIB,ELC,EVF,FPT,FRT,GAS,GEX,GMD,GVR,HAH,HCM,HDB,HDG,HPG,HSG,KDH,KLB,LPB,MBB,MBS,MCH,MSB,MSN,MWG,NAB,NKG,NLG,NT2,NVL,OCB,PDR,PGB,PHR,PLX,PNJ,POW,PPC,PVT,REE,SAB,SCR,SHB,SSB,SSI,STB,TCB,TPB,VBB,VCB,VCG,VCI,VGC,VHC,VHM,VIB,VIC,VJC,VND,VNM,VPB,VRE,VSC",0.02555258494849641,0.02055258494849641,0.048972552851753344,0.043972552851753346,1.0,0.005,0.005,20
topk_nonoverlap_v2,D_all,LogisticRegression,2022-02-11,2022-03-11,2022-02-11,5,random_topk_deterministic,5,"BMP,HDG,NAB,NKG,PHR",0.0360192915790591,0.0310192915790591,0.05943925948231606,0.054439259482316066,1.0,0.005,0.005,20
topk_nonoverlap_v2,D_all,LogisticRegression,2022-02-11,2022-03-11,2022-02-11,10,model_topk,10,"EIB,HSG,KLB,MSB,PNJ,SAB,SSB,STB,VIB,VPB",-0.013959825166044621,-0.018959825166044622,0.009460142737212282,0.004460142737212282,1.0,0.005,0.005,20
topk_nonoverlap_v2,D_all,LogisticRegression,2022-02-11,2022-03-11,2022-02-11,10,equal_weight_universe,80,"ABB,ACB,ANV,BAB,BCM,BID,BMP,BSI,BVB,BVH,CMG,CSV,CTG,DCM,DGW,DIG,DPM,DXG,EIB,ELC,EVF,FPT,FRT,GAS,GEX,GMD,GVR,HAH,HCM,HDB,HDG,HPG,HSG,KDH,KLB,LPB,MBB,MBS,MCH,MSB,MSN,MWG,NAB,NKG,NLG,NT2,NVL,OCB,PDR,PGB,PHR,PLX,PNJ,POW,PPC,PVT,REE,SAB,SCR,SHB,SSB,SSI,STB,TCB,TPB,VBB,VCB,VCG,VCI,VGC,VHC,VHM,VIB,VIC,VJC,VND,VNM,VPB,VRE,VSC",0.02555258494849641,0.02055258494849641,0.048972552851753344,0.043972552851753346,1.0,0.005,0.005,20
topk_nonoverlap_v2,D_all,LogisticRegression,2022-02-11,2022-03-11,2022-02-11,10,random_topk_deterministic,10,"ABB,BID,BSI,DIG,EVF,FRT,MBB,REE,SAB,VGC",0.041373597430899876,0.03637359743089988,0.06479356533415685,0.059793565334156855,1.0,0.005,0.005,20
topk_nonoverlap_v2,D_all,LogisticRegression,2022-03-11,2022-04-08,2022-03-11,5,model_topk,5,"EIB,MSB,SSB,STB,VIB",0.0016818057459314396,0.0016818057459314396,-0.008860013774845481,-0.008860013774845481,0.0,0.0,0.005,20
topk_nonoverlap_v2,D_all,LogisticRegression,2022-03-11,2022-04-08,2022-03-11,5,equal_weight_universe,80,"ABB,ACB,ANV,BAB,BCM,BID,BMP,BSI,BVB,BVH,CMG,CSV,CTG,DCM,DGW,DIG,DPM,DXG,EIB,ELC,EVF,FPT,FRT,GAS,GEX,GMD,GVR,HAH,HCM,HDB,HDG,HPG,HSG,KDH,KLB,LPB,MBB,MBS,MCH,MSB,MSN,MWG,NAB,NKG,NLG,NT2,NVL,OCB,PDR,PGB,PHR,PLX,PNJ,POW,PPC,PVT,REE,SAB,SCR,SHB,SSB,SSI,STB,TCB,TPB,VBB,VCB,VCG,VCI,VGC,VHC,VHM,VIB,VIC,VJC,VND,VNM,VPB,VRE,VSC",0.006389860242397111,0.006389860242397111,-0.004151959278379816,-0.004151959278379816,0.0,0.0,0.005,20
topk_nonoverlap_v2,D_all,LogisticRegression,2022-03-11,2022-04-08,2022-03-11,5,random_topk_deterministic,5,"DIG,GAS,KLB,VIB,VSC",-0.012127697427203325,-0.017127697427203326,-0.0226695169479803,-0.027669516947980297,0.9999999999999999,0.004999999999999999,0.005,20
topk_nonoverlap_v2,D_all,LogisticRegression,2022-03-11,2022-04-08,2022-03-11,10,model_topk,10,"EIB,HSG,KLB,MSB,PNJ,SAB,SSB,STB,VIB,VPB",0.016785289407184538,0.016785289407184538,0.0062434698864076,0.0062434698864076,0.0,0.0,0.005,20
topk_nonoverlap_v2,D_all,LogisticRegression,2022-03-11,2022-04-08,2022-03-11,10,equal_weight_universe,80,"ABB,ACB,ANV,BAB,BCM,BID,BMP,BSI,BVB,BVH,CMG,CSV,CTG,DCM,DGW,DIG,DPM,DXG,EIB,ELC,EVF,FPT,FRT,GAS,GEX,GMD,GVR,HAH,HCM,HDB,HDG,HPG,HSG,KDH,KLB,LPB,MBB,MBS,MCH,MSB,MSN,MWG,NAB,NKG,NLG,NT2,NVL,OCB,PDR,PGB,PHR,PLX,PNJ,POW,PPC,PVT,REE,SAB,SCR,SHB,SSB,SSI,STB,TCB,TPB,VBB,VCB,VCG,VCI,VGC,VHC,VHM,VIB,VIC,VJC,VND,VNM,VPB,VRE,VSC",0.006389860242397111,0.006389860242397111,-0.004151959278379816,-0.004151959278379816,0.0,0.0,0.005,20
topk_nonoverlap_v2,D_all,LogisticRegression,2022-03-11,2022-04-08,2022-03-11,10,random_topk_deterministic,10,"CTG,KDH,MBS,MCH,PLX,PVT,TPB,VHC,VIB,VIC",0.01468419727954535,0.009684197279545349,0.0041423777587684205,-0.0008576222412315804,1.0000000000000002,0.005000000000000001,0.005,20
topk_nonoverlap_v2,D_all,LogisticRegression,2022-04-08,2022-05-11,2022-04-08,5,model_topk,5,"FPT,MWG,NT2,VGC,VIB",-0.11258636169592244,-0.11658636169592244,0.009188267183969619,0.005188267183969619,0.7999999999999999,0.004,0.005,20
topk_nonoverlap_v2,D_all,LogisticRegression,2022-04-08,2022-05-11,2022-04-08,5,equal_weight_universe,80,"ABB,ACB,ANV,BAB,BCM,BID,BMP,BSI,BVB,BVH,CMG,CSV,CTG,DCM,DGW,DIG,DPM,DXG,EIB,ELC,EVF,FPT,FRT,GAS,GEX,GMD,GVR,HAH,HCM,HDB,HDG,HPG,HSG,KDH,KLB,LPB,MBB,MBS,MCH,MSB,MSN,MWG,NAB,NKG,NLG,NT2,NVL,OCB,PDR,PGB,PHR,PLX,PNJ,POW,PPC,PVT,REE,SAB,SCR,SHB,SSB,SSI,STB,TCB,TPB,VBB,VCB,VCG,VCI,VGC,VHC,VHM,VIB,VIC,VJC,VND,VNM,VPB,VRE,VSC",-0.1441197676240598,-0.1441197676240598,-0.02234513874416772,-0.02234513874416772,0.0,0.0,0.005,20
topk_nonoverlap_v2,D_all,LogisticRegression,2022-04-08,2022-05-11,2022-04-08,5,random_topk_deterministic,5,"ABB,BVB,DGW,GAS,HCM",-0.21063023959357138,-0.2146302395935714,-0.08885561071367928,-0.09285561071367929,0.7999999999999999,0.004,0.005,20
topk_nonoverlap_v2,D_all,LogisticRegression,2022-04-08,2022-05-11,2022-04-08,10,model_topk,10,"CMG,ELC,FPT,HDB,MWG,NT2,REE,VGC,VIB,VNM",-0.09876630505435269,-0.10326630505435269,0.02300832382553937,0.01850832382553937,0.9000000000000002,0.004500000000000001,0.005,20
topk_nonoverlap_v2,D_all,LogisticRegression,2022-04-08,2022-05-11,2022-04-08,10,equal_weight_universe,80,"ABB,ACB,ANV,BAB,BCM,BID,BMP,BSI,BVB,BVH,CMG,CSV,CTG,DCM,DGW,DIG,DPM,DXG,EIB,ELC,EVF,FPT,FRT,GAS,GEX,GMD,GVR,HAH,HCM,HDB,HDG,HPG,HSG,KDH,KLB,LPB,MBB,MBS,MCH,MSB,MSN,MWG,NAB,NKG,NLG,NT2,NVL,OCB,PDR,PGB,PHR,PLX,PNJ,POW,PPC,PVT,REE,SAB,SCR,SHB,SSB,SSI,STB,TCB,TPB,VBB,VCB,VCG,VCI,VGC,VHC,VHM,VIB,VIC,VJC,VND,VNM,VPB,VRE,VSC",-0.1441197676240598,-0.1441197676240598,-0.02234513874416772,-0.02234513874416772,0.0,0.0,0.005,20
topk_nonoverlap_v2,D_all,LogisticRegression,2022-04-08,2022-05-11,2022-04-08,10,random_topk_deterministic,10,"DGW,DXG,ELC,FPT,HAH,MSB,PNJ,PVT,SCR,SSB",-0.12014260041722388,-0.12464260041722389,0.0016320284626681828,-0.0028679715373318183,0.9000000000000002,0.004500000000000001,0.005,20
topk_nonoverlap_v2,D_all,LogisticRegression,2022-05-11,2022-06-08,2022-05-11,5,model_topk,5,"FPT,MWG,NT2,VGC,VIB",0.09414328207819338,0.09414328207819338,0.08924135895694368,0.08924135895694368,0.0,0.0,0.005,20
topk_nonoverlap_v2,D_all,LogisticRegression,2022-05-11,2022-06-08,2022-05-11,5,equal_weight_universe,80,"ABB,ACB,ANV,BAB,BCM,BID,BMP,BSI,BVB,BVH,CMG,CSV,CTG,DCM,DGW,DIG,DPM,DXG,EIB,ELC,EVF,FPT,FRT,GAS,GEX,GMD,GVR,HAH,HCM,HDB,HDG,HPG,HSG,KDH,KLB,LPB,MBB,MBS,MCH,MSB,MSN,MWG,NAB,NKG,NLG,NT2,NVL,OCB,PDR,PGB,PHR,PLX,PNJ,POW,PPC,PVT,REE,SAB,SCR,SHB,SSB,SSI,STB,TCB,TPB,VBB,VCB,VCG,VCI,VGC,VHC,VHM,VIB,VIC,VJC,VND,VNM,VPB,VRE,VSC",0.026866112399613385,0.026866112399613385,0.02196418927836368,0.02196418927836368,0.0,0.0,0.005,20
topk_nonoverlap_v2,D_all,LogisticRegression,2022-05-11,2022-06-08,2022-05-11,5,random_topk_deterministic,5,"ABB,MCH,MSB,SAB,SHB",-0.02481062115189964,-0.02881062115189964,-0.029712544273149344,-0.03371254427314935,0.7999999999999999,0.004,0.005,20
topk_nonoverlap_v2,D_all,LogisticRegression,2022-05-11,2022-06-08,2022-05-11,10,model_topk,10,"CMG,ELC,FPT,HDB,MWG,NT2,REE,VGC,VIB,VNM",0.08555760149018979,0.08555760149018979,0.0806556783689401,0.0806556783689401,0.0,0.0,0.005,20
topk_nonoverlap_v2,D_all,LogisticRegression,2022-05-11,2022-06-08,2022-05-11,10,equal_weight_universe,80,"ABB,ACB,ANV,BAB,BCM,BID,BMP,BSI,BVB,BVH,CMG,CSV,CTG,DCM,DGW,DIG,DPM,DXG,EIB,ELC,EVF,FPT,FRT,GAS,GEX,GMD,GVR,HAH,HCM,HDB,HDG,HPG,HSG,KDH,KLB,LPB,MBB,MBS,MCH,MSB,MSN,MWG,NAB,NKG,NLG,NT2,NVL,OCB,PDR,PGB,PHR,PLX,PNJ,POW,PPC,PVT,REE,SAB,SCR,SHB,SSB,SSI,STB,TCB,TPB,VBB,VCB,VCG,VCI,VGC,VHC,VHM,VIB,VIC,VJC,VND,VNM,VPB,VRE,VSC",0.026866112399613385,0.026866112399613385,0.02196418927836368,0.02196418927836368,0.0,0.0,0.005,20
topk_nonoverlap_v2,D_all,LogisticRegression,2022-05-11,2022-06-08,2022-05-11,10,random_topk_deterministic,10,"ANV,BVH,DGW,EIB,GAS,HDG,HPG,PDR,SHB,VCB",0.03422105660158954,0.02972105660158954,0.029319133480339838,0.024819133480339838,0.9000000000000002,0.004500000000000001,0.005,20
topk_nonoverlap_v2,D_all,LogisticRegression,2022-06-08,2022-07-06,2022-06-08,5,model_topk,5,"ELC,FPT,NT2,VGC,VIB",-0.110834566753326,-0.111834566753326,0.010198226022935419,0.009198226022935418,0.2,0.001,0.005,20
topk_nonoverlap_v2,D_all,LogisticRegression,2022-06-08,2022-07-06,2022-06-08,5,equal_weight_universe,80,"ABB,ACB,ANV,BAB,BCM,BID,BMP,BSI,BVB,BVH,CMG,CSV,CTG,DCM,DGW,DIG,DPM,DXG,EIB,ELC,EVF,FPT,FRT,GAS,GEX,GMD,GVR,HAH,HCM,HDB,HDG,HPG,HSG,KDH,KLB,LPB,MBB,MBS,MCH,MSB,MSN,MWG,NAB,NKG,NLG,NT2,NVL,OCB,PDR,PGB,PHR,PLX,PNJ,POW,PPC,PVT,REE,SAB,SCR,SHB,SSB,SSI,STB,TCB,TPB,VBB,VCB,VCG,VCI,VGC,VHC,VHM,VIB,VIC,VJC,VND,VNM,VPB,VRE,VSC",-0.14370080722554357,-0.14370080722554357,-0.022668014449282146,-0.022668014449282146,0.0,0.0,0.005,20
topk_nonoverlap_v2,D_all,LogisticRegression,2022-06-08,2022-07-06,2022-06-08,5,random_topk_deterministic,5,"GEX,HCM,PNJ,VIC,VSC",-0.1455378021215494,-0.1505378021215494,-0.02450500934528796,-0.029505009345287957,0.9999999999999999,0.004999999999999999,0.005,20
topk_nonoverlap_v2,D_all,LogisticRegression,2022-06-08,2022-07-06,2022-06-08,10,model_topk,10,"CMG,ELC,FPT,HDB,NAB,NT2,REE,VGC,VIB,VNM",-0.10459943346843055,-0.10509943346843055,0.01643335930783086,0.01593335930783086,0.1,0.0005,0.005,20
topk_nonoverlap_v2,D_all,LogisticRegression,2022-06-08,2022-07-06,2022-06-08,10,equal_weight_universe,80,"ABB,ACB,ANV,BAB,BCM,BID,BMP,BSI,BVB,BVH,CMG,CSV,CTG,DCM,DGW,DIG,DPM,DXG,EIB,ELC,EVF,FPT,FRT,GAS,GEX,GMD,GVR,HAH,HCM,HDB,HDG,HPG,HSG,KDH,KLB,LPB,MBB,MBS,MCH,MSB,MSN,MWG,NAB,NKG,NLG,NT2,NVL,OCB,PDR,PGB,PHR,PLX,PNJ,POW,PPC,PVT,REE,SAB,SCR,SHB,SSB,SSI,STB,TCB,TPB,VBB,VCB,VCG,VCI,VGC,VHC,VHM,VIB,VIC,VJC,VND,VNM,VPB,VRE,VSC",-0.14370080722554357,-0.14370080722554357,-0.022668014449282146,-0.022668014449282146,0.0,0.0,0.005,20
topk_nonoverlap_v2,D_all,LogisticRegression,2022-06-08,2022-07-06,2022-06-08,10,random_topk_deterministic,10,"DCM,DGW,FRT,GVR,HDG,OCB,TCB,VBB,VCG,VSC",-0.2072842509531047,-0.2112842509531047,-0.08625145817684327,-0.09025145817684327,0.8000000000000002,0.004000000000000001,0.005,20
topk_nonoverlap_v2,D_all,LogisticRegression,2022-07-06,2022-08-03,2022-07-06,5,model_topk,5,"DXG,EIB,EVF,SSB,STB",0.13125209213714722,0.12625209213714722,0.04413559175875792,0.03913559175875792,0.9999999999999999,0.004999999999999999,0.005,20
topk_nonoverlap_v2,D_all,LogisticRegression,2022-07-06,2022-08-03,2022-07-06,5,equal_weight_universe,80,"ABB,ACB,ANV,BAB,BCM,BID,BMP,BSI,BVB,BVH,CMG,CSV,CTG,DCM,DGW,DIG,DPM,DXG,EIB,ELC,EVF,FPT,FRT,GAS,GEX,GMD,GVR,HAH,HCM,HDB,HDG,HPG,HSG,KDH,KLB,LPB,MBB,MBS,MCH,MSB,MSN,MWG,NAB,NKG,NLG,NT2,NVL,OCB,PDR,PGB,PHR,PLX,PNJ,POW,PPC,PVT,REE,SAB,SCR,SHB,SSB,SSI,STB,TCB,TPB,VBB,VCB,VCG,VCI,VGC,VHC,VHM,VIB,VIC,VJC,VND,VNM,VPB,VRE,VSC",0.12588210143176154,0.12588210143176154,0.03876560105337219,0.03876560105337219,0.0,0.0,0.005,20
topk_nonoverlap_v2,D_all,LogisticRegression,2022-07-06,2022-08-03,2022-07-06,5,random_topk_deterministic,5,"ANV,CTG,KLB,PPC,SSI",0.07352387920966749,0.06852387920966749,-0.013592621168721859,-0.01859262116872186,0.9999999999999999,0.004999999999999999,0.005,20
topk_nonoverlap_v2,D_all,LogisticRegression,2022-07-06,2022-08-03,2022-07-06,10,model_topk,10,"CTG,DXG,EIB,EVF,HDG,PDR,SHB,SSB,STB,VNM",0.1277664487764267,0.1232664487764267,0.04064994839803738,0.036149948398037375,0.9000000000000002,0.004500000000000001,0.005,20
topk_nonoverlap_v2,D_all,LogisticRegression,2022-07-06,2022-08-03,2022-07-06,10,equal_weight_universe,80,"ABB,ACB,ANV,BAB,BCM,BID,BMP,BSI,BVB,BVH,CMG,CSV,CTG,DCM,DGW,DIG,DPM,DXG,EIB,ELC,EVF,FPT,FRT,GAS,GEX,GMD,GVR,HAH,HCM,HDB,HDG,HPG,HSG,KDH,KLB,LPB,MBB,MBS,MCH,MSB,MSN,MWG,NAB,NKG,NLG,NT2,NVL,OCB,PDR,PGB,PHR,PLX,PNJ,POW,PPC,PVT,REE,SAB,SCR,SHB,SSB,SSI,STB,TCB,TPB,VBB,VCB,VCG,VCI,VGC,VHC,VHM,VIB,VIC,VJC,VND,VNM,VPB,VRE,VSC",0.12588210143176154,0.12588210143176154,0.03876560105337219,0.03876560105337219,0.0,0.0,0.005,20
topk_nonoverlap_v2,D_all,LogisticRegression,2022-07-06,2022-08-03,2022-07-06,10,random_topk_deterministic,10,"CSV,ELC,GEX,HDG,KDH,KLB,PGB,SSB,VGC,VND",0.16291490442162554,0.15841490442162554,0.0757984040432362,0.0712984040432362,0.9000000000000002,0.004500000000000001,0.005,20
topk_nonoverlap_v2,D_all,LogisticRegression,2022-08-03,2022-08-31,2022-08-03,5,model_topk,5,"BID,DXG,EIB,SSB,STB",-0.00522671762746558,-0.00622671762746558,-0.029831441734494157,-0.030831441734494158,0.2,0.001,0.005,20
topk_nonoverlap_v2,D_all,LogisticRegression,2022-08-03,2022-08-31,2022-08-03,5,equal_weight_universe,80,"ABB,ACB,ANV,BAB,BCM,BID,BMP,BSI,BVB,BVH,CMG,CSV,CTG,DCM,DGW,DIG,DPM,DXG,EIB,ELC,EVF,FPT,FRT,GAS,GEX,GMD,GVR,HAH,HCM,HDB,HDG,HPG,HSG,KDH,KLB,LPB,MBB,MBS,MCH,MSB,MSN,MWG,NAB,NKG,NLG,NT2,NVL,OCB,PDR,PGB,PHR,PLX,PNJ,POW,PPC,PVT,REE,SAB,SCR,SHB,SSB,SSI,STB,TCB,TPB,VBB,VCB,VCG,VCI,VGC,VHC,VHM,VIB,VIC,VJC,VND,VNM,VPB,VRE,VSC",0.027442932012420873,0.027442932012420873,0.0028382079053922574,0.0028382079053922574,0.0,0.0,0.005,20
topk_nonoverlap_v2,D_all,LogisticRegression,2022-08-03,2022-08-31,2022-08-03,5,random_topk_deterministic,5,"LPB,PDR,PHR,PNJ,VCI",0.0220081959586162,0.017008195958616204,-0.0025965281484124207,-0.0075965281484124195,0.9999999999999999,0.004999999999999999,0.005,20
topk_nonoverlap_v2,D_all,LogisticRegression,2022-08-03,2022-08-31,2022-08-03,10,model_topk,10,"BID,CTG,DXG,EIB,EVF,PDR,SHB,SSB,STB,VNM",-0.00203997892316513,-0.00253997892316513,-0.026644703030193718,-0.027144703030193718,0.1,0.0005,0.005,20
topk_nonoverlap_v2,D_all,LogisticRegression,2022-08-03,2022-08-31,2022-08-03,10,equal_weight_universe,80,"ABB,ACB,ANV,BAB,BCM,BID,BMP,BSI,BVB,BVH,CMG,CSV,CTG,DCM,DGW,DIG,DPM,DXG,EIB,ELC,EVF,FPT,FRT,GAS,GEX,GMD,GVR,HAH,HCM,HDB,HDG,HPG,HSG,KDH,KLB,LPB,MBB,MBS,MCH,MSB,MSN,MWG,NAB,NKG,NLG,NT2,NVL,OCB,PDR,PGB,PHR,PLX,PNJ,POW,PPC,PVT,REE,SAB,SCR,SHB,SSB,SSI,STB,TCB,TPB,VBB,VCB,VCG,VCI,VGC,VHC,VHM,VIB,VIC,VJC,VND,VNM,VPB,VRE,VSC",0.027442932012420873,0.027442932012420873,0.0028382079053922574,0.0028382079053922574,0.0,0.0,0.005,20
topk_nonoverlap_v2,D_all,LogisticRegression,2022-08-03,2022-08-31,2022-08-03,10,random_topk_deterministic,10,"ACB,ELC,FPT,GMD,MCH,MSB,NAB,PLX,VNM,VSC",-0.000984183418107029,-0.00548418341810703,-0.025588907525135644,-0.030088907525135645,0.9000000000000002,0.004500000000000001,0.005,20
topk_nonoverlap_v2,D_all,LogisticRegression,2022-08-31,2022-09-30,2022-08-31,5,model_topk,5,"BID,DXG,EIB,SSB,STB",-0.09604577123181242,-0.09604577123181242,0.0198455533185621,0.0198455533185621,0.0,0.0,0.005,20
topk_nonoverlap_v2,D_all,LogisticRegression,2022-08-31,2022-09-30,2022-08-31,5,equal_weight_universe,80,"ABB,ACB,ANV,BAB,BCM,BID,BMP,BSI,BVB,BVH,CMG,CSV,CTG,DCM,DGW,DIG,DPM,DXG,EIB,ELC,EVF,FPT,FRT,GAS,GEX,GMD,GVR,HAH,HCM,HDB,HDG,HPG,HSG,KDH,KLB,LPB,MBB,MBS,MCH,MSB,MSN,MWG,NAB,NKG,NLG,NT2,NVL,OCB,PDR,PGB,PHR,PLX,PNJ,POW,PPC,PVT,REE,SAB,SCR,SHB,SSB,SSI,STB,TCB,TPB,VBB,VCB,VCG,VCI,VGC,VHC,VHM,VIB,VIC,VJC,VND,VNM,VPB,VRE,VSC",-0.12112612114703285,-0.12112612114703285,-0.005234796596658332,-0.005234796596658332,0.0,0.0,0.005,20
topk_nonoverlap_v2,D_all,LogisticRegression,2022-08-31,2022-09-30,2022-08-31,5,random_topk_deterministic,5,"HDB,NVL,SHB,VHC,VSC",-0.07357014966819128,-0.07857014966819129,0.0423211748821832,0.0373211748821832,0.9999999999999999,0.004999999999999999,0.005,20
topk_nonoverlap_v2,D_all,LogisticRegression,2022-08-31,2022-09-30,2022-08-31,10,model_topk,10,"BID,CTG,DXG,EIB,EVF,PDR,SHB,SSB,STB,VNM",-0.09921152007190821,-0.09921152007190821,0.016679804478466315,0.016679804478466315,0.0,0.0,0.005,20
topk_nonoverlap_v2,D_all,LogisticRegression,2022-08-31,2022-09-30,2022-08-31,10,equal_weight_universe,80,"ABB,ACB,ANV,BAB,BCM,BID,BMP,BSI,BVB,BVH,CMG,CSV,CTG,DCM,DGW,DIG,DPM,DXG,EIB,ELC,EVF,FPT,FRT,GAS,GEX,GMD,GVR,HAH,HCM,HDB,HDG,HPG,HSG,KDH,KLB,LPB,MBB,MBS,MCH,MSB,MSN,MWG,NAB,NKG,NLG,NT2,NVL,OCB,PDR,PGB,PHR,PLX,PNJ,POW,PPC,PVT,REE,SAB,SCR,SHB,SSB,SSI,STB,TCB,TPB,VBB,VCB,VCG,VCI,VGC,VHC,VHM,VIB,VIC,VJC,VND,VNM,VPB,VRE,VSC",-0.12112612114703285,-0.12112612114703285,-0.005234796596658332,-0.005234796596658332,0.0,0.0,0.005,20
topk_nonoverlap_v2,D_all,LogisticRegression,2022-08-31,2022-09-30,2022-08-31,10,random_topk_deterministic,10,"BVH,EIB,EVF,HAH,HDB,MBB,NKG,NT2,SAB,SSB",-0.0755083135301082,-0.0805083135301082,0.0403830110202663,0.035383011020266295,1.0000000000000002,0.005000000000000001,0.005,20
topk_nonoverlap_v2,D_all,LogisticRegression,2022-09-30,2022-10-28,2022-09-30,5,model_topk,5,"BID,DXG,EIB,SSB,STB",-0.07815018265600246,-0.07815018265600246,0.014376161957153522,0.014376161957153522,0.0,0.0,0.005,20
topk_nonoverlap_v2,D_all,LogisticRegression,2022-09-30,2022-10-28,2022-09-30,5,equal_weight_universe,80,"ABB,ACB,ANV,BAB,BCM,BID,BMP,BSI,BVB,BVH,CMG,CSV,CTG,DCM,DGW,DIG,DPM,DXG,EIB,ELC,EVF,FPT,FRT,GAS,GEX,GMD,GVR,HAH,HCM,HDB,HDG,HPG,HSG,KDH,KLB,LPB,MBB,MBS,MCH,MSB,MSN,MWG,NAB,NKG,NLG,NT2,NVL,OCB,PDR,PGB,PHR,PLX,PNJ,POW,PPC,PVT,REE,SAB,SCR,SHB,SSB,SSI,STB,TCB,TPB,VBB,VCB,VCG,VCI,VGC,VHC,VHM,VIB,VIC,VJC,VND,VNM,VPB,VRE,VSC",-0.1269024482280874,-0.1269024482280874,-0.034376103614931416,-0.034376103614931416,0.0,0.0,0.005,20
topk_nonoverlap_v2,D_all,LogisticRegression,2022-09-30,2022-10-28,2022-09-30,5,random_topk_deterministic,5,"HDB,HSG,MSB,NT2,REE",-0.07284247605394087,-0.07684247605394087,0.0196838685592151,0.0156838685592151,0.7999999999999999,0.004,0.005,20
topk_nonoverlap_v2,D_all,LogisticRegression,2022-09-30,2022-10-28,2022-09-30,10,model_topk,10,"BID,CTG,DXG,EIB,EVF,PDR,SHB,SSB,STB,VNM",-0.06944420941156003,-0.06944420941156003,0.023082135201595966,0.023082135201595966,0.0,0.0,0.005,20
topk_nonoverlap_v2,D_all,LogisticRegression,2022-09-30,2022-10-28,2022-09-30,10,equal_weight_universe,80,"ABB,ACB,ANV,BAB,BCM,BID,BMP,BSI,BVB,BVH,CMG,CSV,CTG,DCM,DGW,DIG,DPM,DXG,EIB,ELC,EVF,FPT,FRT,GAS,GEX,GMD,GVR,HAH,HCM,HDB,HDG,HPG,HSG,KDH,KLB,LPB,MBB,MBS,MCH,MSB,MSN,MWG,NAB,NKG,NLG,NT2,NVL,OCB,PDR,PGB,PHR,PLX,PNJ,POW,PPC,PVT,REE,SAB,SCR,SHB,SSB,SSI,STB,TCB,TPB,VBB,VCB,VCG,VCI,VGC,VHC,VHM,VIB,VIC,VJC,VND,VNM,VPB,VRE,VSC",-0.1269024482280874,-0.1269024482280874,-0.034376103614931416,-0.034376103614931416,0.0,0.0,0.005,20
topk_nonoverlap_v2,D_all,LogisticRegression,2022-09-30,2022-10-28,2022-09-30,10,random_topk_deterministic,10,"BSI,FPT,HAH,HDB,HSG,NKG,PDR,PHR,SSB,VCG",-0.1818975827935288,-0.1848975827935288,-0.08937123818037276,-0.09237123818037277,0.6,0.003,0.005,20
topk_nonoverlap_v2,D_all,LogisticRegression,2022-10-28,2022-11-25,2022-10-28,5,model_topk,5,"BAB,EIB,GMD,SSB,VSC",-0.13746987059862154,-0.14046987059862154,-0.08305856394856728,-0.08605856394856728,0.6,0.003,0.005,20
topk_nonoverlap_v2,D_all,LogisticRegression,2022-10-28,2022-11-25,2022-10-28,5,equal_weight_universe,80,"ABB,ACB,ANV,BAB,BCM,BID,BMP,BSI,BVB,BVH,CMG,CSV,CTG,DCM,DGW,DIG,DPM,DXG,EIB,ELC,EVF,FPT,FRT,GAS,GEX,GMD,GVR,HAH,HCM,HDB,HDG,HPG,HSG,KDH,KLB,LPB,MBB,MBS,MCH,MSB,MSN,MWG,NAB,NKG,NLG,NT2,NVL,OCB,PDR,PGB,PHR,PLX,PNJ,POW,PPC,PVT,REE,SAB,SCR,SHB,SSB,SSI,STB,TCB,TPB,VBB,VCB,VCG,VCI,VGC,VHC,VHM,VIB,VIC,VJC,VND,VNM,VPB,VRE,VSC",-0.08837193253163753,-0.08837193253163753,-0.03396062588158323,-0.03396062588158323,0.0,0.0,0.005,20
topk_nonoverlap_v2,D_all,LogisticRegression,2022-10-28,2022-11-25,2022-10-28,5,random_topk_deterministic,5,"BMP,HPG,POW,SSB,VGC",-0.0829419504828188,-0.0879419504828188,-0.028530643832764463,-0.03353064383276446,0.9999999999999999,0.004999999999999999,0.005,20
topk_nonoverlap_v2,D_all,LogisticRegression,2022-10-28,2022-11-25,2022-10-28,10,model_topk,10,"ACB,BAB,BSI,EIB,FPT,GMD,PNJ,SSB,VRE,VSC",-0.06902397705200597,-0.07302397705200597,-0.014612670401951675,-0.018612670401951675,0.8000000000000002,0.004000000000000001,0.005,20
topk_nonoverlap_v2,D_all,LogisticRegression,2022-10-28,2022-11-25,2022-10-28,10,equal_weight_universe,80,"ABB,ACB,ANV,BAB,BCM,BID,BMP,BSI,BVB,BVH,CMG,CSV,CTG,DCM,DGW,DIG,DPM,DXG,EIB,ELC,EVF,FPT,FRT,GAS,GEX,GMD,GVR,HAH,HCM,HDB,HDG,HPG,HSG,KDH,KLB,LPB,MBB,MBS,MCH,MSB,MSN,MWG,NAB,NKG,NLG,NT2,NVL,OCB,PDR,PGB,PHR,PLX,PNJ,POW,PPC,PVT,REE,SAB,SCR,SHB,SSB,SSI,STB,TCB,TPB,VBB,VCB,VCG,VCI,VGC,VHC,VHM,VIB,VIC,VJC,VND,VNM,VPB,VRE,VSC",-0.08837193253163753,-0.08837193253163753,-0.03396062588158323,-0.03396062588158323,0.0,0.0,0.005,20
topk_nonoverlap_v2,D_all,LogisticRegression,2022-10-28,2022-11-25,2022-10-28,10,random_topk_deterministic,10,"ACB,BSI,GMD,MBB,MBS,NT2,PPC,SAB,SSI,VHM",-0.04285339334832276,-0.04735339334832277,0.011557913301731535,0.007057913301731534,0.9000000000000002,0.004500000000000001,0.005,20
topk_nonoverlap_v2,D_all,LogisticRegression,2022-11-25,2022-12-23,2022-11-25,5,model_topk,5,"BAB,EIB,GMD,SSB,VSC",0.09093105951257438,0.09093105951257438,0.04061504032495996,0.04061504032495996,0.0,0.0,0.005,20
topk_nonoverlap_v2,D_all,LogisticRegression,2022-11-25,2022-12-23,2022-11-25,5,equal_weight_universe,80,"ABB,ACB,ANV,BAB,BCM,BID,BMP,BSI,BVB,BVH,CMG,CSV,CTG,DCM,DGW,DIG,DPM,DXG,EIB,ELC,EVF,FPT,FRT,GAS,GEX,GMD,GVR,HAH,HCM,HDB,HDG,HPG,HSG,KDH,KLB,LPB,MBB,MBS,MCH,MSB,MSN,MWG,NAB,NKG,NLG,NT2,NVL,OCB,PDR,PGB,PHR,PLX,PNJ,POW,PPC,PVT,REE,SAB,SCR,SHB,SSB,SSI,STB,TCB,TPB,VBB,VCB,VCG,VCI,VGC,VHC,VHM,VIB,VIC,VJC,VND,VNM,VPB,VRE,VSC",0.0917815081415152,0.0917815081415152,0.0414654889539008,0.0414654889539008,0.0,0.0,0.005,20
topk_nonoverlap_v2,D_all,LogisticRegression,2022-11-25,2022-12-23,2022-11-25,5,random_topk_deterministic,5,"ABB,HDB,HDG,PGB,SSI",0.08264956516023898,0.07764956516023898,0.032333545972624576,0.02733354597262458,0.9999999999999999,0.004999999999999999,0.005,20
topk_nonoverlap_v2,D_all,LogisticRegression,2022-11-25,2022-12-23,2022-11-25,10,model_topk,10,"ACB,BAB,BSI,EIB,FPT,GMD,PNJ,SSB,VRE,VSC",0.07131222830572317,0.07131222830572317,0.02099620911810877,0.02099620911810877,0.0,0.0,0.005,20
topk_nonoverlap_v2,D_all,LogisticRegression,2022-11-25,2022-12-23,2022-11-25,10,equal_weight_universe,80,"ABB,ACB,ANV,BAB,BCM,BID,BMP,BSI,BVB,BVH,CMG,CSV,CTG,DCM,DGW,DIG,DPM,DXG,EIB,ELC,EVF,FPT,FRT,GAS,GEX,GMD,GVR,HAH,HCM,HDB,HDG,HPG,HSG,KDH,KLB,LPB,MBB,MBS,MCH,MSB,MSN,MWG,NAB,NKG,NLG,NT2,NVL,OCB,PDR,PGB,PHR,PLX,PNJ,POW,PPC,PVT,REE,SAB,SCR,SHB,SSB,SSI,STB,TCB,TPB,VBB,VCB,VCG,VCI,VGC,VHC,VHM,VIB,VIC,VJC,VND,VNM,VPB,VRE,VSC",0.0917815081415152,0.0917815081415152,0.0414654889539008,0.0414654889539008,0.0,0.0,0.005,20
topk_nonoverlap_v2,D_all,LogisticRegression,2022-11-25,2022-12-23,2022-11-25,10,random_topk_deterministic,10,"BCM,DGW,DXG,ELC,GEX,MBS,MCH,VCI,VGC,VSC",0.1007167503630015,0.0962167503630015,0.050400731175387105,0.0459007311753871,0.9000000000000002,0.004500000000000001,0.005,20
topk_nonoverlap_v2,D_all,LogisticRegression,2022-12-23,2023-01-30,2022-12-23,5,model_topk,5,"BAB,EIB,GMD,SSB,VSC",0.036894254009523196,0.036894254009523196,-0.04369652945481212,-0.04369652945481212,0.0,0.0,0.005,20
topk_nonoverlap_v2,D_all,LogisticRegression,2022-12-23,2023-01-30,2022-12-23,5,equal_weight_universe,80,"ABB,ACB,ANV,BAB,BCM,BID,BMP,BSI,BVB,BVH,CMG,CSV,CTG,DCM,DGW,DIG,DPM,DXG,EIB,ELC,EVF,FPT,FRT,GAS,GEX,GMD,GVR,HAH,HCM,HDB,HDG,HPG,HSG,KDH,KLB,LPB,MBB,MBS,MCH,MSB,MSN,MWG,NAB,NKG,NLG,NT2,NVL,OCB,PDR,PGB,PHR,PLX,PNJ,POW,PPC,PVT,REE,SAB,SCR,SHB,SSB,SSI,STB,TCB,TPB,VBB,VCB,VCG,VCI,VGC,VHC,VHM,VIB,VIC,VJC,VND,VNM,VPB,VRE,VSC",0.09285616386073754,0.09285616386073754,0.012265380396402218,0.012265380396402218,0.0,0.0,0.005,20
topk_nonoverlap_v2,D_all,LogisticRegression,2022-12-23,2023-01-30,2022-12-23,5,random_topk_deterministic,5,"CMG,EIB,HPG,MCH,STB",0.06035209071849902,0.055352090718499024,-0.02023869274583632,-0.025238692745836316,0.9999999999999999,0.004999999999999999,0.005,20
topk_nonoverlap_v2,D_all,LogisticRegression,2022-12-23,2023-01-30,2022-12-23,10,model_topk,10,"ACB,BAB,BSI,EIB,GMD,PNJ,SSB,VJC,VRE,VSC",0.06735352106502435,0.06685352106502435,-0.01323726239931099,-0.01373726239931099,0.1,0.0005,0.005,20
topk_nonoverlap_v2,D_all,LogisticRegression,2022-12-23,2023-01-30,2022-12-23,10,equal_weight_universe,80,"ABB,ACB,ANV,BAB,BCM,BID,BMP,BSI,BVB,BVH,CMG,CSV,CTG,DCM,DGW,DIG,DPM,DXG,EIB,ELC,EVF,FPT,FRT,GAS,GEX,GMD,GVR,HAH,HCM,HDB,HDG,HPG,HSG,KDH,KLB,LPB,MBB,MBS,MCH,MSB,MSN,MWG,NAB,NKG,NLG,NT2,NVL,OCB,PDR,PGB,PHR,PLX,PNJ,POW,PPC,PVT,REE,SAB,SCR,SHB,SSB,SSI,STB,TCB,TPB,VBB,VCB,VCG,VCI,VGC,VHC,VHM,VIB,VIC,VJC,VND,VNM,VPB,VRE,VSC",0.09285616386073754,0.09285616386073754,0.012265380396402218,0.012265380396402218,0.0,0.0,0.005,20
topk_nonoverlap_v2,D_all,LogisticRegression,2022-12-23,2023-01-30,2022-12-23,10,random_topk_deterministic,10,"BAB,BVH,CMG,CTG,HAH,HSG,NAB,NT2,PVT,VIB",0.10504161374418082,0.10004161374418082,0.024450830279845487,0.019450830279845486,1.0000000000000002,0.005000000000000001,0.005,20
topk_nonoverlap_v2,D_all,LogisticRegression,2023-01-30,2023-02-27,2023-01-30,5,model_topk,5,"EIB,EVF,NVL,OCB,PDR",-0.17013777011941306,-0.17413777011941306,-0.09638281578544791,-0.10038281578544792,0.7999999999999999,0.004,0.005,20
topk_nonoverlap_v2,D_all,LogisticRegression,2023-01-30,2023-02-27,2023-01-30,5,equal_weight_universe,80,"ABB,ACB,ANV,BAB,BCM,BID,BMP,BSI,BVB,BVH,CMG,CSV,CTG,DCM,DGW,DIG,DPM,DXG,EIB,ELC,EVF,FPT,FRT,GAS,GEX,GMD,GVR,HAH,HCM,HDB,HDG,HPG,HSG,KDH,KLB,LPB,MBB,MBS,MCH,MSB,MSN,MWG,NAB,NKG,NLG,NT2,NVL,OCB,PDR,PGB,PHR,PLX,PNJ,POW,PPC,PVT,REE,SAB,SCR,SHB,SSB,SSI,STB,TCB,TPB,VBB,VCB,VCG,VCI,VGC,VHC,VHM,VIB,VIC,VJC,VND,VNM,VPB,VRE,VSC",-0.088278629565926,-0.088278629565926,-0.014523675231960848,-0.014523675231960848,0.0,0.0,0.005,20
topk_nonoverlap_v2,D_all,LogisticRegression,2023-01-30,2023-02-27,2023-01-30,5,random_topk_deterministic,5,"CMG,FPT,LPB,MBB,MSB",-0.07472041321971983,-0.07872041321971983,-0.0009654588857547011,-0.004965458885754701,0.7999999999999999,0.004,0.005,20
topk_nonoverlap_v2,D_all,LogisticRegression,2023-01-30,2023-02-27,2023-01-30,10,model_topk,10,"BCM,BVB,EIB,EVF,NT2,NVL,OCB,PDR,PNJ,SSB",-0.106100856499877,-0.109600856499877,-0.03234590216591184,-0.035845902165911846,0.7000000000000001,0.0035000000000000005,0.005,20
topk_nonoverlap_v2,D_all,LogisticRegression,2023-01-30,2023-02-27,2023-01-30,10,equal_weight_universe,80,"ABB,ACB,ANV,BAB,BCM,BID,BMP,BSI,BVB,BVH,CMG,CSV,CTG,DCM,DGW,DIG,DPM,DXG,EIB,ELC,EVF,FPT,FRT,GAS,GEX,GMD,GVR,HAH,HCM,HDB,HDG,HPG,HSG,KDH,KLB,LPB,MBB,MBS,MCH,MSB,MSN,MWG,NAB,NKG,NLG,NT2,NVL,OCB,PDR,PGB,PHR,PLX,PNJ,POW,PPC,PVT,REE,SAB,SCR,SHB,SSB,SSI,STB,TCB,TPB,VBB,VCB,VCG,VCI,VGC,VHC,VHM,VIB,VIC,VJC,VND,VNM,VPB,VRE,VSC",-0.088278629565926,-0.088278629565926,-0.014523675231960848,-0.014523675231960848,0.0,0.0,0.005,20
topk_nonoverlap_v2,D_all,LogisticRegression,2023-01-30,2023-02-27,2023-01-30,10,random_topk_deterministic,10,"BCM,FPT,FRT,GMD,HCM,MWG,PPC,REE,TPB,VCI",-0.055442249922618,-0.060442249922618,0.018312704411347098,0.013312704411347097,1.0000000000000002,0.005000000000000001,0.005,20
topk_nonoverlap_v2,D_all,LogisticRegression,2023-02-27,2023-03-27,2023-02-27,5,model_topk,5,"EIB,EVF,NVL,OCB,PDR",0.07475157420608117,0.07475157420608117,0.04439661704573842,0.04439661704573842,0.0,0.0,0.005,20
topk_nonoverlap_v2,D_all,LogisticRegression,2023-02-27,2023-03-27,2023-02-27,5,equal_weight_universe,80,"ABB,ACB,ANV,BAB,BCM,BID,BMP,BSI,BVB,BVH,CMG,CSV,CTG,DCM,DGW,DIG,DPM,DXG,EIB,ELC,EVF,FPT,FRT,GAS,GEX,GMD,GVR,HAH,HCM,HDB,HDG,HPG,HSG,KDH,KLB,LPB,MBB,MBS,MCH,MSB,MSN,MWG,NAB,NKG,NLG,NT2,NVL,OCB,PDR,PGB,PHR,PLX,PNJ,POW,PPC,PVT,REE,SAB,SCR,SHB,SSB,SSI,STB,TCB,TPB,VBB,VCB,VCG,VCI,VGC,VHC,VHM,VIB,VIC,VJC,VND,VNM,VPB,VRE,VSC",0.04244534827522724,0.04244534827522724,0.012090391114884507,0.012090391114884507,0.0,0.0,0.005,20
topk_nonoverlap_v2,D_all,LogisticRegression,2023-02-27,2023-03-27,2023-02-27,5,random_topk_deterministic,5,"HCM,KLB,POW,TCB,VSC",0.03399759263204038,0.02899759263204038,0.0036426354716976375,-0.0013573645283023617,0.9999999999999999,0.004999999999999999,0.005,20
topk_nonoverlap_v2,D_all,LogisticRegression,2023-02-27,2023-03-27,2023-02-27,10,model_topk,10,"BCM,BVB,EIB,EVF,NT2,NVL,OCB,PDR,PNJ,SSB",0.05068081116288119,0.05068081116288119,0.02032585400253847,0.02032585400253847,0.0,0.0,0.005,20
topk_nonoverlap_v2,D_all,LogisticRegression,2023-02-27,2023-03-27,2023-02-27,10,equal_weight_universe,80,"ABB,ACB,ANV,BAB,BCM,BID,BMP,BSI,BVB,BVH,CMG,CSV,CTG,DCM,DGW,DIG,DPM,DXG,EIB,ELC,EVF,FPT,FRT,GAS,GEX,GMD,GVR,HAH,HCM,HDB,HDG,HPG,HSG,KDH,KLB,LPB,MBB,MBS,MCH,MSB,MSN,MWG,NAB,NKG,NLG,NT2,NVL,OCB,PDR,PGB,PHR,PLX,PNJ,POW,PPC,PVT,REE,SAB,SCR,SHB,SSB,SSI,STB,TCB,TPB,VBB,VCB,VCG,VCI,VGC,VHC,VHM,VIB,VIC,VJC,VND,VNM,VPB,VRE,VSC",0.04244534827522724,0.04244534827522724,0.012090391114884507,0.012090391114884507,0.0,0.0,0.005,20
topk_nonoverlap_v2,D_all,LogisticRegression,2023-02-27,2023-03-27,2023-02-27,10,random_topk_deterministic,10,"DIG,HCM,OCB,POW,SSB,VCG,VCI,VGC,VJC,VSC",0.055518541506956676,0.05151854150695667,0.02516358434661392,0.02116358434661392,0.8000000000000002,0.004000000000000001,0.005,20
topk_nonoverlap_v2,D_all,LogisticRegression,2023-03-27,2023-04-24,2023-03-27,5,model_topk,5,"EIB,EVF,OCB,PDR,SSB",0.019326019423953678,0.018326019423953677,0.029675271027660162,0.02867527102766016,0.2,0.001,0.005,20
topk_nonoverlap_v2,D_all,LogisticRegression,2023-03-27,2023-04-24,2023-03-27,5,equal_weight_universe,80,"ABB,ACB,ANV,BAB,BCM,BID,BMP,BSI,BVB,BVH,CMG,CSV,CTG,DCM,DGW,DIG,DPM,DXG,EIB,ELC,EVF,FPT,FRT,GAS,GEX,GMD,GVR,HAH,HCM,HDB,HDG,HPG,HSG,KDH,KLB,LPB,MBB,MBS,MCH,MSB,MSN,MWG,NAB,NKG,NLG,NT2,NVL,OCB,PDR,PGB,PHR,PLX,PNJ,POW,PPC,PVT,REE,SAB,SCR,SHB,SSB,SSI,STB,TCB,TPB,VBB,VCB,VCG,VCI,VGC,VHC,VHM,VIB,VIC,VJC,VND,VNM,VPB,VRE,VSC",0.030233523356027046,0.030233523356027046,0.04058277495973352,0.04058277495973352,0.0,0.0,0.005,20
topk_nonoverlap_v2,D_all,LogisticRegression,2023-03-27,2023-04-24,2023-03-27,5,random_topk_deterministic,5,"DXG,ELC,GAS,HDG,VNM",0.006637468816920243,0.0016374688169202437,0.016986720420626714,0.011986720420626715,0.9999999999999999,0.004999999999999999,0.005,20
topk_nonoverlap_v2,D_all,LogisticRegression,2023-03-27,2023-04-24,2023-03-27,10,model_topk,10,"BCM,BVB,EIB,EVF,NT2,OCB,PDR,PNJ,PVT,SSB",0.009808186300675068,0.009308186300675068,0.020157437904381542,0.01965743790438154,0.1,0.0005,0.005,20
topk_nonoverlap_v2,D_all,LogisticRegression,2023-03-27,2023-04-24,2023-03-27,10,equal_weight_universe,80,"ABB,ACB,ANV,BAB,BCM,BID,BMP,BSI,BVB,BVH,CMG,CSV,CTG,DCM,DGW,DIG,DPM,DXG,EIB,ELC,EVF,FPT,FRT,GAS,GEX,GMD,GVR,HAH,HCM,HDB,HDG,HPG,HSG,KDH,KLB,LPB,MBB,MBS,MCH,MSB,MSN,MWG,NAB,NKG,NLG,NT2,NVL,OCB,PDR,PGB,PHR,PLX,PNJ,POW,PPC,PVT,REE,SAB,SCR,SHB,SSB,SSI,STB,TCB,TPB,VBB,VCB,VCG,VCI,VGC,VHC,VHM,VIB,VIC,VJC,VND,VNM,VPB,VRE,VSC",0.030233523356027046,0.030233523356027046,0.04058277495973352,0.04058277495973352,0.0,0.0,0.005,20
topk_nonoverlap_v2,D_all,LogisticRegression,2023-03-27,2023-04-24,2023-03-27,10,random_topk_deterministic,10,"ACB,CSV,DXG,GMD,KDH,MBS,OCB,PPC,VGC,VJC",0.046487497043332784,0.04298749704333278,0.05683674864703927,0.053336748647039266,0.7000000000000001,0.0035000000000000005,0.005,20
topk_nonoverlap_v2,D_all,LogisticRegression,2023-04-24,2023-05-25,2023-04-24,5,model_topk,5,"BSI,NLG,OCB,PGB,VHM",0.00442016371653628,0.00042016371653628027,-0.017925614880682922,-0.021925614880682922,0.7999999999999999,0.004,0.005,20
topk_nonoverlap_v2,D_all,LogisticRegression,2023-04-24,2023-05-25,2023-04-24,5,equal_weight_universe,80,"ABB,ACB,ANV,BAB,BCM,BID,BMP,BSI,BVB,BVH,CMG,CSV,CTG,DCM,DGW,DIG,DPM,DXG,EIB,ELC,EVF,FPT,FRT,GAS,GEX,GMD,GVR,HAH,HCM,HDB,HDG,HPG,HSG,KDH,KLB,LPB,MBB,MBS,MCH,MSB,MSN,MWG,NAB,NKG,NLG,NT2,NVL,OCB,PDR,PGB,PHR,PLX,PNJ,POW,PPC,PVT,REE,SAB,SCR,SHB,SSB,SSI,STB,TCB,TPB,VBB,VCB,VCG,VCI,VGC,VHC,VHM,VIB,VIC,VJC,VND,VNM,VPB,VRE,VSC",0.028488844044077238,0.028488844044077238,0.006143065446858049,0.006143065446858049,0.0,0.0,0.005,20
topk_nonoverlap_v2,D_all,LogisticRegression,2023-04-24,2023-05-25,2023-04-24,5,random_topk_deterministic,5,"ACB,PGB,PHR,VGC,VPB",0.03100985297351517,0.02600985297351517,0.008664074376295959,0.0036640743762959595,0.9999999999999999,0.004999999999999999,0.005,20
topk_nonoverlap_v2,D_all,LogisticRegression,2023-04-24,2023-05-25,2023-04-24,10,model_topk,10,"BSI,DIG,DXG,MBS,NLG,OCB,PGB,SHB,VHM,VPB",0.03820493493271211,0.03370493493271211,0.015859156335492907,0.011359156335492906,0.9000000000000002,0.004500000000000001,0.005,20
topk_nonoverlap_v2,D_all,LogisticRegression,2023-04-24,2023-05-25,2023-04-24,10,equal_weight_universe,80,"ABB,ACB,ANV,BAB,BCM,BID,BMP,BSI,BVB,BVH,CMG,CSV,CTG,DCM,DGW,DIG,DPM,DXG,EIB,ELC,EVF,FPT,FRT,GAS,GEX,GMD,GVR,HAH,HCM,HDB,HDG,HPG,HSG,KDH,KLB,LPB,MBB,MBS,MCH,MSB,MSN,MWG,NAB,NKG,NLG,NT2,NVL,OCB,PDR,PGB,PHR,PLX,PNJ,POW,PPC,PVT,REE,SAB,SCR,SHB,SSB,SSI,STB,TCB,TPB,VBB,VCB,VCG,VCI,VGC,VHC,VHM,VIB,VIC,VJC,VND,VNM,VPB,VRE,VSC",0.028488844044077238,0.028488844044077238,0.006143065446858049,0.006143065446858049,0.0,0.0,0.005,20
topk_nonoverlap_v2,D_all,LogisticRegression,2023-04-24,2023-05-25,2023-04-24,10,random_topk_deterministic,10,"ANV,DXG,EVF,HDB,LPB,MSB,PVT,SHB,SSI,VHC",0.0362584604830032,0.031758460483003195,0.013912681885784001,0.009412681885784,0.9000000000000002,0.004500000000000001,0.005,20
topk_nonoverlap_v2,D_all,LogisticRegression,2023-05-25,2023-06-22,2023-05-25,5,model_topk,5,"BSI,NLG,OCB,PGB,VHM",0.07097808570267221,0.07097808570267221,0.013991151274749019,0.013991151274749019,0.0,0.0,0.005,20
topk_nonoverlap_v2,D_all,LogisticRegression,2023-05-25,2023-06-22,2023-05-25,5,equal_weight_universe,80,"ABB,ACB,ANV,BAB,BCM,BID,BMP,BSI,BVB,BVH,CMG,CSV,CTG,DCM,DGW,DIG,DPM,DXG,EIB,ELC,EVF,FPT,FRT,GAS,GEX,GMD,GVR,HAH,HCM,HDB,HDG,HPG,HSG,KDH,KLB,LPB,MBB,MBS,MCH,MSB,MSN,MWG,NAB,NKG,NLG,NT2,NVL,OCB,PDR,PGB,PHR,PLX,PNJ,POW,PPC,PVT,REE,SAB,SCR,SHB,SSB,SSI,STB,TCB,TPB,VBB,VCB,VCG,VCI,VGC,VHC,VHM,VIB,VIC,VJC,VND,VNM,VPB,VRE,VSC",0.09564780574348064,0.09564780574348064,0.03866087131555743,0.03866087131555743,0.0,0.0,0.005,20
topk_nonoverlap_v2,D_all,LogisticRegression,2023-05-25,2023-06-22,2023-05-25,5,random_topk_deterministic,5,"ABB,BAB,GVR,SAB,TCB",0.07656350358823594,0.07156350358823593,0.019576569160312716,0.014576569160312717,0.9999999999999999,0.004999999999999999,0.005,20
topk_nonoverlap_v2,D_all,LogisticRegression,2023-05-25,2023-06-22,2023-05-25,10,model_topk,10,"BSI,DIG,DXG,MBS,NLG,OCB,PGB,SHB,VHM,VPB",0.08381955354445511,0.08381955354445511,0.026832619116531887,0.026832619116531887,0.0,0.0,0.005,20
topk_nonoverlap_v2,D_all,LogisticRegression,2023-05-25,2023-06-22,2023-05-25,10,equal_weight_universe,80,"ABB,ACB,ANV,BAB,BCM,BID,BMP,BSI,BVB,BVH,CMG,CSV,CTG,DCM,DGW,DIG,DPM,DXG,EIB,ELC,EVF,FPT,FRT,GAS,GEX,GMD,GVR,HAH,HCM,HDB,HDG,HPG,HSG,KDH,KLB,LPB,MBB,MBS,MCH,MSB,MSN,MWG,NAB,NKG,NLG,NT2,NVL,OCB,PDR,PGB,PHR,PLX,PNJ,POW,PPC,PVT,REE,SAB,SCR,SHB,SSB,SSI,STB,TCB,TPB,VBB,VCB,VCG,VCI,VGC,VHC,VHM,VIB,VIC,VJC,VND,VNM,VPB,VRE,VSC",0.09564780574348064,0.09564780574348064,0.03866087131555743,0.03866087131555743,0.0,0.0,0.005,20
topk_nonoverlap_v2,D_all,LogisticRegression,2023-05-25,2023-06-22,2023-05-25,10,random_topk_deterministic,10,"ABB,ANV,BID,KLB,LPB,NAB,NVL,PNJ,VJC,VNM",0.08561757423246644,0.08161757423246643,0.02863063980454324,0.02463063980454324,0.8000000000000002,0.004000000000000001,0.005,20
topk_nonoverlap_v2,D_all,LogisticRegression,2023-06-22,2023-07-20,2023-06-22,5,model_topk,5,"BSI,NLG,OCB,PGB,VHM",0.03348632794588437,0.03348632794588437,-0.00873352453789762,-0.00873352453789762,0.0,0.0,0.005,20
topk_nonoverlap_v2,D_all,LogisticRegression,2023-06-22,2023-07-20,2023-06-22,5,equal_weight_universe,80,"ABB,ACB,ANV,BAB,BCM,BID,BMP,BSI,BVB,BVH,CMG,CSV,CTG,DCM,DGW,DIG,DPM,DXG,EIB,ELC,EVF,FPT,FRT,GAS,GEX,GMD,GVR,HAH,HCM,HDB,HDG,HPG,HSG,KDH,KLB,LPB,MBB,MBS,MCH,MSB,MSN,MWG,NAB,NKG,NLG,NT2,NVL,OCB,PDR,PGB,PHR,PLX,PNJ,POW,PPC,PVT,REE,SAB,SCR,SHB,SSB,SSI,STB,TCB,TPB,VBB,VCB,VCG,VCI,VGC,VHC,VHM,VIB,VIC,VJC,VND,VNM,VPB,VRE,VSC",0.04908615125116789,0.04908615125116789,0.0068662987673858865,0.0068662987673858865,0.0,0.0,0.005,20
topk_nonoverlap_v2,D_all,LogisticRegression,2023-06-22,2023-07-20,2023-06-22,5,random_topk_deterministic,5,"ABB,GVR,MSN,POW,TCB",0.019816148020386618,0.01781614802038662,-0.0224037044633954,-0.024403704463395397,0.4,0.002,0.005,20
topk_nonoverlap_v2,D_all,LogisticRegression,2023-06-22,2023-07-20,2023-06-22,10,model_topk,10,"BSI,DIG,DXG,MBS,NLG,OCB,PGB,SHB,VHM,VPB",0.03899291834799742,0.03899291834799742,-0.003226934135784559,-0.003226934135784559,0.0,0.0,0.005,20
topk_nonoverlap_v2,D_all,LogisticRegression,2023-06-22,2023-07-20,2023-06-22,10,equal_weight_universe,80,"ABB,ACB,ANV,BAB,BCM,BID,BMP,BSI,BVB,BVH,CMG,CSV,CTG,DCM,DGW,DIG,DPM,DXG,EIB,ELC,EVF,FPT,FRT,GAS,GEX,GMD,GVR,HAH,HCM,HDB,HDG,HPG,HSG,KDH,KLB,LPB,MBB,MBS,MCH,MSB,MSN,MWG,NAB,NKG,NLG,NT2,NVL,OCB,PDR,PGB,PHR,PLX,PNJ,POW,PPC,PVT,REE,SAB,SCR,SHB,SSB,SSI,STB,TCB,TPB,VBB,VCB,VCG,VCI,VGC,VHC,VHM,VIB,VIC,VJC,VND,VNM,VPB,VRE,VSC",0.04908615125116789,0.04908615125116789,0.0068662987673858865,0.0068662987673858865,0.0,0.0,0.005,20
topk_nonoverlap_v2,D_all,LogisticRegression,2023-06-22,2023-07-20,2023-06-22,10,random_topk_deterministic,10,"BSI,CSV,ELC,NLG,NVL,POW,SAB,SSI,VCG,VND",0.03507282283234538,0.030572822832345376,-0.007147029651436631,-0.011647029651436634,0.9000000000000002,0.004500000000000001,0.005,20
topk_nonoverlap_v2,D_all,LogisticRegression,2023-07-20,2023-08-17,2023-07-20,5,model_topk,5,"DGW,DIG,HCM,NVL,VND",0.1685069915968321,0.1635069915968321,0.11677653227264498,0.11177653227264497,0.9999999999999999,0.004999999999999999,0.005,20
topk_nonoverlap_v2,D_all,LogisticRegression,2023-07-20,2023-08-17,2023-07-20,5,equal_weight_universe,80,"ABB,ACB,ANV,BAB,BCM,BID,BMP,BSI,BVB,BVH,CMG,CSV,CTG,DCM,DGW,DIG,DPM,DXG,EIB,ELC,EVF,FPT,FRT,GAS,GEX,GMD,GVR,HAH,HCM,HDB,HDG,HPG,HSG,KDH,KLB,LPB,MBB,MBS,MCH,MSB,MSN,MWG,NAB,NKG,NLG,NT2,NVL,OCB,PDR,PGB,PHR,PLX,PNJ,POW,PPC,PVT,REE,SAB,SCR,SHB,SSB,SSI,STB,TCB,TPB,VBB,VCB,VCG,VCI,VGC,VHC,VHM,VIB,VIC,VJC,VND,VNM,VPB,VRE,VSC",0.058565910741737316,0.058565910741737316,0.006835451417550151,0.006835451417550151,0.0,0.0,0.005,20
topk_nonoverlap_v2,D_all,LogisticRegression,2023-07-20,2023-08-17,2023-07-20,5,random_topk_deterministic,5,"CMG,FPT,PPC,TPB,VSC",-0.021304853015012122,-0.02630485301501212,-0.07303531233919928,-0.07803531233919929,0.9999999999999999,0.004999999999999999,0.005,20
topk_nonoverlap_v2,D_all,LogisticRegression,2023-07-20,2023-08-17,2023-07-20,10,model_topk,10,"DGW,DIG,FRT,HCM,MBS,MWG,NVL,PDR,VHC,VND",0.1148656779802,0.1108656779802,0.06313521865601283,0.05913521865601283,0.8000000000000002,0.004000000000000001,0.005,20
topk_nonoverlap_v2,D_all,LogisticRegression,2023-07-20,2023-08-17,2023-07-20,10,equal_weight_universe,80,"ABB,ACB,ANV,BAB,BCM,BID,BMP,BSI,BVB,BVH,CMG,CSV,CTG,DCM,DGW,DIG,DPM,DXG,EIB,ELC,EVF,FPT,FRT,GAS,GEX,GMD,GVR,HAH,HCM,HDB,HDG,HPG,HSG,KDH,KLB,LPB,MBB,MBS,MCH,MSB,MSN,MWG,NAB,NKG,NLG,NT2,NVL,OCB,PDR,PGB,PHR,PLX,PNJ,POW,PPC,PVT,REE,SAB,SCR,SHB,SSB,SSI,STB,TCB,TPB,VBB,VCB,VCG,VCI,VGC,VHC,VHM,VIB,VIC,VJC,VND,VNM,VPB,VRE,VSC",0.058565910741737316,0.058565910741737316,0.006835451417550151,0.006835451417550151,0.0,0.0,0.005,20
topk_nonoverlap_v2,D_all,LogisticRegression,2023-07-20,2023-08-17,2023-07-20,10,random_topk_deterministic,10,"ACB,BMP,BVH,FPT,MCH,NT2,NVL,OCB,STB,VIB",0.06145772551243737,0.056957725512437364,0.009727266188250188,0.005227266188250187,0.9000000000000002,0.004500000000000001,0.005,20
topk_nonoverlap_v2,D_all,LogisticRegression,2023-08-17,2023-09-18,2023-08-17,5,model_topk,5,"DGW,DIG,HCM,NVL,VND",0.04163944368473064,0.04163944368473064,0.0592076247658994,0.0592076247658994,0.0,0.0,0.005,20
topk_nonoverlap_v2,D_all,LogisticRegression,2023-08-17,2023-09-18,2023-08-17,5,equal_weight_universe,80,"ABB,ACB,ANV,BAB,BCM,BID,BMP,BSI,BVB,BVH,CMG,CSV,CTG,DCM,DGW,DIG,DPM,DXG,EIB,ELC,EVF,FPT,FRT,GAS,GEX,GMD,GVR,HAH,HCM,HDB,HDG,HPG,HSG,KDH,KLB,LPB,MBB,MBS,MCH,MSB,MSN,MWG,NAB,NKG,NLG,NT2,NVL,OCB,PDR,PGB,PHR,PLX,PNJ,POW,PPC,PVT,REE,SAB,SCR,SHB,SSB,SSI,STB,TCB,TPB,VBB,VCB,VCG,VCI,VGC,VHC,VHM,VIB,VIC,VJC,VND,VNM,VPB,VRE,VSC",0.02450140955443635,0.02450140955443635,0.0420695906356051,0.0420695906356051,0.0,0.0,0.005,20
topk_nonoverlap_v2,D_all,LogisticRegression,2023-08-17,2023-09-18,2023-08-17,5,random_topk_deterministic,5,"MBB,MWG,OCB,VHC,VIC",-0.00396348729140768,-0.008963487291407678,0.01360469378976108,0.008604693789761081,0.9999999999999999,0.004999999999999999,0.005,20
topk_nonoverlap_v2,D_all,LogisticRegression,2023-08-17,2023-09-18,2023-08-17,10,model_topk,10,"DGW,DIG,FRT,HCM,MBS,MWG,NVL,PDR,VHC,VND",0.09080253922532197,0.09080253922532197,0.10837072030649073,0.10837072030649073,0.0,0.0,0.005,20
topk_nonoverlap_v2,D_all,LogisticRegression,2023-08-17,2023-09-18,2023-08-17,10,equal_weight_universe,80,"ABB,ACB,ANV,BAB,BCM,BID,BMP,BSI,BVB,BVH,CMG,CSV,CTG,DCM,DGW,DIG,DPM,DXG,EIB,ELC,EVF,FPT,FRT,GAS,GEX,GMD,GVR,HAH,HCM,HDB,HDG,HPG,HSG,KDH,KLB,LPB,MBB,MBS,MCH,MSB,MSN,MWG,NAB,NKG,NLG,NT2,NVL,OCB,PDR,PGB,PHR,PLX,PNJ,POW,PPC,PVT,REE,SAB,SCR,SHB,SSB,SSI,STB,TCB,TPB,VBB,VCB,VCG,VCI,VGC,VHC,VHM,VIB,VIC,VJC,VND,VNM,VPB,VRE,VSC",0.02450140955443635,0.02450140955443635,0.0420695906356051,0.0420695906356051,0.0,0.0,0.005,20
topk_nonoverlap_v2,D_all,LogisticRegression,2023-08-17,2023-09-18,2023-08-17,10,random_topk_deterministic,10,"ANV,BVB,GEX,MWG,OCB,PGB,PLX,TPB,VGC,VND",0.03807800611674994,0.03357800611674994,0.055646187197918695,0.05114618719791869,0.9000000000000002,0.004500000000000001,0.005,20
topk_nonoverlap_v2,D_all,LogisticRegression,2023-09-18,2023-10-16,2023-09-18,5,model_topk,5,"DGW,DIG,HCM,NVL,VND",-0.11742033567609422,-0.11742033567609422,-0.059333671925176266,-0.059333671925176266,0.0,0.0,0.005,20
topk_nonoverlap_v2,D_all,LogisticRegression,2023-09-18,2023-10-16,2023-09-18,5,equal_weight_universe,80,"ABB,ACB,ANV,BAB,BCM,BID,BMP,BSI,BVB,BVH,CMG,CSV,CTG,DCM,DGW,DIG,DPM,DXG,EIB,ELC,EVF,FPT,FRT,GAS,GEX,GMD,GVR,HAH,HCM,HDB,HDG,HPG,HSG,KDH,KLB,LPB,MBB,MBS,MCH,MSB,MSN,MWG,NAB,NKG,NLG,NT2,NVL,OCB,PDR,PGB,PHR,PLX,PNJ,POW,PPC,PVT,REE,SAB,SCR,SHB,SSB,SSI,STB,TCB,TPB,VBB,VCB,VCG,VCI,VGC,VHC,VHM,VIB,VIC,VJC,VND,VNM,VPB,VRE,VSC",-0.04814229259590509,-0.04814229259590509,0.009944371155012855,0.009944371155012855,0.0,0.0,0.005,20
topk_nonoverlap_v2,D_all,LogisticRegression,2023-09-18,2023-10-16,2023-09-18,5,random_topk_deterministic,5,"DIG,FPT,GEX,HAH,VRE",-0.03733647300374334,-0.04233647300374334,0.020750190747174574,0.015750190747174576,0.9999999999999999,0.004999999999999999,0.005,20
topk_nonoverlap_v2,D_all,LogisticRegression,2023-09-18,2023-10-16,2023-09-18,10,model_topk,10,"DGW,DIG,FRT,HCM,MBS,MWG,NVL,PDR,VHC,VND",-0.06758425183898732,-0.06758425183898732,-0.009497588088069383,-0.009497588088069383,0.0,0.0,0.005,20
topk_nonoverlap_v2,D_all,LogisticRegression,2023-09-18,2023-10-16,2023-09-18,10,equal_weight_universe,80,"ABB,ACB,ANV,BAB,BCM,BID,BMP,BSI,BVB,BVH,CMG,CSV,CTG,DCM,DGW,DIG,DPM,DXG,EIB,ELC,EVF,FPT,FRT,GAS,GEX,GMD,GVR,HAH,HCM,HDB,HDG,HPG,HSG,KDH,KLB,LPB,MBB,MBS,MCH,MSB,MSN,MWG,NAB,NKG,NLG,NT2,NVL,OCB,PDR,PGB,PHR,PLX,PNJ,POW,PPC,PVT,REE,SAB,SCR,SHB,SSB,SSI,STB,TCB,TPB,VBB,VCB,VCG,VCI,VGC,VHC,VHM,VIB,VIC,VJC,VND,VNM,VPB,VRE,VSC",-0.04814229259590509,-0.04814229259590509,0.009944371155012855,0.009944371155012855,0.0,0.0,0.005,20
topk_nonoverlap_v2,D_all,LogisticRegression,2023-09-18,2023-10-16,2023-09-18,10,random_topk_deterministic,10,"DPM,HPG,MSB,NAB,PHR,PNJ,PPC,SSI,VCB,VCI",-0.0474168982507757,-0.052416898250775695,0.010669765500142212,0.005669765500142211,1.0000000000000002,0.005000000000000001,0.005,20
topk_nonoverlap_v2,D_all,LogisticRegression,2023-10-16,2023-11-13,2023-10-16,5,model_topk,5,"DXG,GVR,PDR,PPC,VIB",0.023303589176956435,0.018303589176956438,0.05953039438450504,0.05453039438450504,0.9999999999999999,0.004999999999999999,0.005,20
topk_nonoverlap_v2,D_all,LogisticRegression,2023-10-16,2023-11-13,2023-10-16,5,equal_weight_universe,80,"ABB,ACB,ANV,BAB,BCM,BID,BMP,BSI,BVB,BVH,CMG,CSV,CTG,DCM,DGW,DIG,DPM,DXG,EIB,ELC,EVF,FPT,FRT,GAS,GEX,GMD,GVR,HAH,HCM,HDB,HDG,HPG,HSG,KDH,KLB,LPB,MBB,MBS,MCH,MSB,MSN,MWG,NAB,NKG,NLG,NT2,NVL,OCB,PDR,PGB,PHR,PLX,PNJ,POW,PPC,PVT,REE,SAB,SCR,SHB,SSB,SSI,STB,TCB,TPB,VBB,VCB,VCG,VCI,VGC,VHC,VHM,VIB,VIC,VJC,VND,VNM,VPB,VRE,VSC",-0.0258687793007528,-0.0258687793007528,0.010358025906795802,0.010358025906795802,0.0,0.0,0.005,20
topk_nonoverlap_v2,D_all,LogisticRegression,2023-10-16,2023-11-13,2023-10-16,5,random_topk_deterministic,5,"DGW,KLB,MSB,PHR,SAB",-0.09575105594323585,-0.10075105594323586,-0.05952425073568722,-0.06452425073568722,0.9999999999999999,0.004999999999999999,0.005,20
topk_nonoverlap_v2,D_all,LogisticRegression,2023-10-16,2023-11-13,2023-10-16,10,model_topk,10,"BCM,DXG,GVR,MWG,NVL,PDR,PPC,VCG,VIB,VPB",-0.024240831194355803,-0.027740831194355803,0.01198597401319282,0.008485974013192819,0.7000000000000001,0.0035000000000000005,0.005,20
topk_nonoverlap_v2,D_all,LogisticRegression,2023-10-16,2023-11-13,2023-10-16,10,equal_weight_universe,80,"ABB,ACB,ANV,BAB,BCM,BID,BMP,BSI,BVB,BVH,CMG,CSV,CTG,DCM,DGW,DIG,DPM,DXG,EIB,ELC,EVF,FPT,FRT,GAS,GEX,GMD,GVR,HAH,HCM,HDB,HDG,HPG,HSG,KDH,KLB,LPB,MBB,MBS,MCH,MSB,MSN,MWG,NAB,NKG,NLG,NT2,NVL,OCB,PDR,PGB,PHR,PLX,PNJ,POW,PPC,PVT,REE,SAB,SCR,SHB,SSB,SSI,STB,TCB,TPB,VBB,VCB,VCG,VCI,VGC,VHC,VHM,VIB,VIC,VJC,VND,VNM,VPB,VRE,VSC",-0.0258687793007528,-0.0258687793007528,0.010358025906795802,0.010358025906795802,0.0,0.0,0.005,20
topk_nonoverlap_v2,D_all,LogisticRegression,2023-10-16,2023-11-13,2023-10-16,10,random_topk_deterministic,10,"ANV,BMP,EVF,MCH,PDR,VCI,VHC,VIB,VJC,VND",-0.004542445119205627,-0.009042445119205628,0.03168436008834298,0.02718436008834298,0.9000000000000002,0.004500000000000001,0.005,20
topk_nonoverlap_v2,D_all,LogisticRegression,2023-11-13,2023-12-11,2023-11-13,5,model_topk,5,"DXG,GVR,PDR,PPC,VCG",0.04369336004303739,0.042693360043037386,0.0205766492882671,0.0195766492882671,0.2,0.001,0.005,20
topk_nonoverlap_v2,D_all,LogisticRegression,2023-11-13,2023-12-11,2023-11-13,5,equal_weight_universe,80,"ABB,ACB,ANV,BAB,BCM,BID,BMP,BSI,BVB,BVH,CMG,CSV,CTG,DCM,DGW,DIG,DPM,DXG,EIB,ELC,EVF,FPT,FRT,GAS,GEX,GMD,GVR,HAH,HCM,HDB,HDG,HPG,HSG,KDH,KLB,LPB,MBB,MBS,MCH,MSB,MSN,MWG,NAB,NKG,NLG,NT2,NVL,OCB,PDR,PGB,PHR,PLX,PNJ,POW,PPC,PVT,REE,SAB,SCR,SHB,SSB,SSI,STB,TCB,TPB,VBB,VCB,VCG,VCI,VGC,VHC,VHM,VIB,VIC,VJC,VND,VNM,VPB,VRE,VSC",0.03846540766510852,0.03846540766510852,0.015348696910338248,0.015348696910338248,0.0,0.0,0.005,20
topk_nonoverlap_v2,D_all,LogisticRegression,2023-11-13,2023-12-11,2023-11-13,5,random_topk_deterministic,5,"DXG,GAS,PPC,TCB,VCG",0.017735963560186124,0.012735963560186124,-0.0053807471945841595,-0.010380747194584159,0.9999999999999999,0.004999999999999999,0.005,20
topk_nonoverlap_v2,D_all,LogisticRegression,2023-11-13,2023-12-11,2023-11-13,10,model_topk,10,"BCM,DXG,GVR,MWG,NVL,PDR,PPC,VCG,VIB,VPB",0.05122882428928906,0.05122882428928906,0.028112113534518795,0.028112113534518795,0.0,0.0,0.005,20
topk_nonoverlap_v2,D_all,LogisticRegression,2023-11-13,2023-12-11,2023-11-13,10,equal_weight_universe,80,"ABB,ACB,ANV,BAB,BCM,BID,BMP,BSI,BVB,BVH,CMG,CSV,CTG,DCM,DGW,DIG,DPM,DXG,EIB,ELC,EVF,FPT,FRT,GAS,GEX,GMD,GVR,HAH,HCM,HDB,HDG,HPG,HSG,KDH,KLB,LPB,MBB,MBS,MCH,MSB,MSN,MWG,NAB,NKG,NLG,NT2,NVL,OCB,PDR,PGB,PHR,PLX,PNJ,POW,PPC,PVT,REE,SAB,SCR,SHB,SSB,SSI,STB,TCB,TPB,VBB,VCB,VCG,VCI,VGC,VHC,VHM,VIB,VIC,VJC,VND,VNM,VPB,VRE,VSC",0.03846540766510852,0.03846540766510852,0.015348696910338248,0.015348696910338248,0.0,0.0,0.005,20
topk_nonoverlap_v2,D_all,LogisticRegression,2023-11-13,2023-12-11,2023-11-13,10,random_topk_deterministic,10,"BSI,CTG,DCM,DIG,GAS,GEX,GMD,MWG,PGB,VGC",0.046535086347501996,0.041535086347502,0.02341837559273172,0.01841837559273172,1.0000000000000002,0.005000000000000001,0.005,20
topk_nonoverlap_v2,D_all,LogisticRegression,2023-12-11,2024-01-09,2023-12-11,5,model_topk,5,"DXG,GVR,PDR,PPC,VCG",0.04933524095007874,0.04933524095007874,0.01993497440187806,0.01993497440187806,0.0,0.0,0.005,20
topk_nonoverlap_v2,D_all,LogisticRegression,2023-12-11,2024-01-09,2023-12-11,5,equal_weight_universe,80,"ABB,ACB,ANV,BAB,BCM,BID,BMP,BSI,BVB,BVH,CMG,CSV,CTG,DCM,DGW,DIG,DPM,DXG,EIB,ELC,EVF,FPT,FRT,GAS,GEX,GMD,GVR,HAH,HCM,HDB,HDG,HPG,HSG,KDH,KLB,LPB,MBB,MBS,MCH,MSB,MSN,MWG,NAB,NKG,NLG,NT2,NVL,OCB,PDR,PGB,PHR,PLX,PNJ,POW,PPC,PVT,REE,SAB,SCR,SHB,SSB,SSI,STB,TCB,TPB,VBB,VCB,VCG,VCI,VGC,VHC,VHM,VIB,VIC,VJC,VND,VNM,VPB,VRE,VSC",0.03295277521984165,0.03295277521984165,0.0035525086716409484,0.0035525086716409484,0.0,0.0,0.005,20
topk_nonoverlap_v2,D_all,LogisticRegression,2023-12-11,2024-01-09,2023-12-11,5,random_topk_deterministic,5,"POW,SHB,VHM,VJC,VRE",0.018566193628473563,0.013566193628473564,-0.010834072919727161,-0.01583407291972716,0.9999999999999999,0.004999999999999999,0.005,20
topk_nonoverlap_v2,D_all,LogisticRegression,2023-12-11,2024-01-09,2023-12-11,10,model_topk,10,"BCM,DXG,GVR,MWG,NVL,PDR,PPC,VCG,VIB,VPB",0.021383723986010704,0.021383723986010704,-0.00801654256218999,-0.00801654256218999,0.0,0.0,0.005,20
topk_nonoverlap_v2,D_all,LogisticRegression,2023-12-11,2024-01-09,2023-12-11,10,equal_weight_universe,80,"ABB,ACB,ANV,BAB,BCM,BID,BMP,BSI,BVB,BVH,CMG,CSV,CTG,DCM,DGW,DIG,DPM,DXG,EIB,ELC,EVF,FPT,FRT,GAS,GEX,GMD,GVR,HAH,HCM,HDB,HDG,HPG,HSG,KDH,KLB,LPB,MBB,MBS,MCH,MSB,MSN,MWG,NAB,NKG,NLG,NT2,NVL,OCB,PDR,PGB,PHR,PLX,PNJ,POW,PPC,PVT,REE,SAB,SCR,SHB,SSB,SSI,STB,TCB,TPB,VBB,VCB,VCG,VCI,VGC,VHC,VHM,VIB,VIC,VJC,VND,VNM,VPB,VRE,VSC",0.03295277521984165,0.03295277521984165,0.0035525086716409484,0.0035525086716409484,0.0,0.0,0.005,20
topk_nonoverlap_v2,D_all,LogisticRegression,2023-12-11,2024-01-09,2023-12-11,10,random_topk_deterministic,10,"ACB,FPT,HAH,MCH,PDR,PGB,PNJ,TCB,VHM,VND",0.05980768528017379,0.05530768528017379,0.030407418731973102,0.0259074187319731,0.9000000000000002,0.004500000000000001,0.005,20
topk_nonoverlap_v2,D_all,LogisticRegression,2024-01-09,2024-02-06,2024-01-09,5,model_topk,5,"BMP,FRT,HCM,HPG,NVL",0.07789613203379518,0.07289613203379518,0.05209753201135421,0.047097532011354214,0.9999999999999999,0.004999999999999999,0.005,20
topk_nonoverlap_v2,D_all,LogisticRegression,2024-01-09,2024-02-06,2024-01-09,5,equal_weight_universe,80,"ABB,ACB,ANV,BAB,BCM,BID,BMP,BSI,BVB,BVH,CMG,CSV,CTG,DCM,DGW,DIG,DPM,DXG,EIB,ELC,EVF,FPT,FRT,GAS,GEX,GMD,GVR,HAH,HCM,HDB,HDG,HPG,HSG,KDH,KLB,LPB,MBB,MBS,MCH,MSB,MSN,MWG,NAB,NKG,NLG,NT2,NVL,OCB,PDR,PGB,PHR,PLX,PNJ,POW,PPC,PVT,REE,SAB,SCR,SHB,SSB,SSI,STB,TCB,TPB,VBB,VCB,VCG,VCI,VGC,VHC,VHM,VIB,VIC,VJC,VND,VNM,VPB,VRE,VSC",0.029575030124538708,0.029575030124538708,0.0037764301020976688,0.0037764301020976688,0.0,0.0,0.005,20
topk_nonoverlap_v2,D_all,LogisticRegression,2024-01-09,2024-02-06,2024-01-09,5,random_topk_deterministic,5,"GEX,KLB,MSN,NKG,PPC",-0.007486772769304739,-0.012486772769304738,-0.03328537279174578,-0.03828537279174578,0.9999999999999999,0.004999999999999999,0.005,20
topk_nonoverlap_v2,D_all,LogisticRegression,2024-01-09,2024-02-06,2024-01-09,10,model_topk,10,"BMP,FRT,HCM,HPG,NVL,PPC,REE,SSI,VIB,VJC",0.04576325272357489,0.04226325272357489,0.0199646527011339,0.0164646527011339,0.7000000000000001,0.0035000000000000005,0.005,20
topk_nonoverlap_v2,D_all,LogisticRegression,2024-01-09,2024-02-06,2024-01-09,10,equal_weight_universe,80,"ABB,ACB,ANV,BAB,BCM,BID,BMP,BSI,BVB,BVH,CMG,CSV,CTG,DCM,DGW,DIG,DPM,DXG,EIB,ELC,EVF,FPT,FRT,GAS,GEX,GMD,GVR,HAH,HCM,HDB,HDG,HPG,HSG,KDH,KLB,LPB,MBB,MBS,MCH,MSB,MSN,MWG,NAB,NKG,NLG,NT2,NVL,OCB,PDR,PGB,PHR,PLX,PNJ,POW,PPC,PVT,REE,SAB,SCR,SHB,SSB,SSI,STB,TCB,TPB,VBB,VCB,VCG,VCI,VGC,VHC,VHM,VIB,VIC,VJC,VND,VNM,VPB,VRE,VSC",0.029575030124538708,0.029575030124538708,0.0037764301020976688,0.0037764301020976688,0.0,0.0,0.005,20
topk_nonoverlap_v2,D_all,LogisticRegression,2024-01-09,2024-02-06,2024-01-09,10,random_topk_deterministic,10,"ABB,BID,CMG,DCM,EIB,HDB,MSB,PLX,SCR,TPB",0.020648370882075683,0.01564837088207568,-0.005150229140365331,-0.010150229140365332,1.0000000000000002,0.005000000000000001,0.005,20
topk_nonoverlap_v2,D_all,LogisticRegression,2024-02-06,2024-03-12,2024-02-06,5,model_topk,5,"BMP,FRT,HCM,HPG,NVL",0.08178730376949121,0.08178730376949121,0.03423076095850585,0.03423076095850585,0.0,0.0,0.005,20
topk_nonoverlap_v2,D_all,LogisticRegression,2024-02-06,2024-03-12,2024-02-06,5,equal_weight_universe,80,"ABB,ACB,ANV,BAB,BCM,BID,BMP,BSI,BVB,BVH,CMG,CSV,CTG,DCM,DGW,DIG,DPM,DXG,EIB,ELC,EVF,FPT,FRT,GAS,GEX,GMD,GVR,HAH,HCM,HDB,HDG,HPG,HSG,KDH,KLB,LPB,MBB,MBS,MCH,MSB,MSN,MWG,NAB,NKG,NLG,NT2,NVL,OCB,PDR,PGB,PHR,PLX,PNJ,POW,PPC,PVT,REE,SAB,SCR,SHB,SSB,SSI,STB,TCB,TPB,VBB,VCB,VCG,VCI,VGC,VHC,VHM,VIB,VIC,VJC,VND,VNM,VPB,VRE,VSC",0.04448375630615168,0.04448375630615168,-0.003072786504833726,-0.003072786504833726,0.0,0.0,0.005,20
topk_nonoverlap_v2,D_all,LogisticRegression,2024-02-06,2024-03-12,2024-02-06,5,random_topk_deterministic,5,"MBS,PGB,VIB,VND,VSC",0.00609358889517038,0.001093588895170381,-0.04146295391581498,-0.04646295391581498,0.9999999999999999,0.004999999999999999,0.005,20
topk_nonoverlap_v2,D_all,LogisticRegression,2024-02-06,2024-03-12,2024-02-06,10,model_topk,10,"BMP,FRT,HCM,HPG,NVL,PPC,REE,SSI,VIB,VJC",0.05220495951706154,0.05220495951706154,0.004648416706076172,0.004648416706076172,0.0,0.0,0.005,20
topk_nonoverlap_v2,D_all,LogisticRegression,2024-02-06,2024-03-12,2024-02-06,10,equal_weight_universe,80,"ABB,ACB,ANV,BAB,BCM,BID,BMP,BSI,BVB,BVH,CMG,CSV,CTG,DCM,DGW,DIG,DPM,DXG,EIB,ELC,EVF,FPT,FRT,GAS,GEX,GMD,GVR,HAH,HCM,HDB,HDG,HPG,HSG,KDH,KLB,LPB,MBB,MBS,MCH,MSB,MSN,MWG,NAB,NKG,NLG,NT2,NVL,OCB,PDR,PGB,PHR,PLX,PNJ,POW,PPC,PVT,REE,SAB,SCR,SHB,SSB,SSI,STB,TCB,TPB,VBB,VCB,VCG,VCI,VGC,VHC,VHM,VIB,VIC,VJC,VND,VNM,VPB,VRE,VSC",0.04448375630615168,0.04448375630615168,-0.003072786504833726,-0.003072786504833726,0.0,0.0,0.005,20
topk_nonoverlap_v2,D_all,LogisticRegression,2024-02-06,2024-03-12,2024-02-06,10,random_topk_deterministic,10,"ABB,GVR,MSB,MWG,PLX,SSI,VCG,VHM,VND,VNM",0.04284999583883479,0.039349995838834785,-0.00470654697215059,-0.008206546972150591,0.7000000000000001,0.0035000000000000005,0.005,20
topk_nonoverlap_v2,D_all,LogisticRegression,2024-03-12,2024-04-09,2024-03-12,5,model_topk,5,"BMP,FRT,HCM,NVL,PPC",0.0028741427774856805,0.0018741427774856805,-0.011439110234562521,-0.012439110234562522,0.2,0.001,0.005,20
topk_nonoverlap_v2,D_all,LogisticRegression,2024-03-12,2024-04-09,2024-03-12,5,equal_weight_universe,80,"ABB,ACB,ANV,BAB,BCM,BID,BMP,BSI,BVB,BVH,CMG,CSV,CTG,DCM,DGW,DIG,DPM,DXG,EIB,ELC,EVF,FPT,FRT,GAS,GEX,GMD,GVR,HAH,HCM,HDB,HDG,HPG,HSG,KDH,KLB,LPB,MBB,MBS,MCH,MSB,MSN,MWG,NAB,NKG,NLG,NT2,NVL,OCB,PDR,PGB,PHR,PLX,PNJ,POW,PPC,PVT,REE,SAB,SCR,SHB,SSB,SSI,STB,TCB,TPB,VBB,VCB,VCG,VCI,VGC,VHC,VHM,VIB,VIC,VJC,VND,VNM,VPB,VRE,VSC",0.013705628811516619,0.013705628811516619,-0.0006076242005315965,-0.0006076242005315965,0.0,0.0,0.005,20
topk_nonoverlap_v2,D_all,LogisticRegression,2024-03-12,2024-04-09,2024-03-12,5,random_topk_deterministic,5,"KLB,MSB,MWG,VGC,VND",0.02178649877907558,0.01778649877907558,0.00747324576702732,0.00347324576702732,0.7999999999999999,0.004,0.005,20
topk_nonoverlap_v2,D_all,LogisticRegression,2024-03-12,2024-04-09,2024-03-12,10,model_topk,10,"BMP,FRT,HCM,HPG,NVL,PPC,REE,SSI,VIB,VJC",0.013061311606010442,0.013061311606010442,-0.0012519414060377613,-0.0012519414060377613,0.0,0.0,0.005,20
topk_nonoverlap_v2,D_all,LogisticRegression,2024-03-12,2024-04-09,2024-03-12,10,equal_weight_universe,80,"ABB,ACB,ANV,BAB,BCM,BID,BMP,BSI,BVB,BVH,CMG,CSV,CTG,DCM,DGW,DIG,DPM,DXG,EIB,ELC,EVF,FPT,FRT,GAS,GEX,GMD,GVR,HAH,HCM,HDB,HDG,HPG,HSG,KDH,KLB,LPB,MBB,MBS,MCH,MSB,MSN,MWG,NAB,NKG,NLG,NT2,NVL,OCB,PDR,PGB,PHR,PLX,PNJ,POW,PPC,PVT,REE,SAB,SCR,SHB,SSB,SSI,STB,TCB,TPB,VBB,VCB,VCG,VCI,VGC,VHC,VHM,VIB,VIC,VJC,VND,VNM,VPB,VRE,VSC",0.013705628811516619,0.013705628811516619,-0.0006076242005315965,-0.0006076242005315965,0.0,0.0,0.005,20
topk_nonoverlap_v2,D_all,LogisticRegression,2024-03-12,2024-04-09,2024-03-12,10,random_topk_deterministic,10,"EVF,LPB,MSB,MSN,PPC,SSB,VBB,VCI,VHC,VIB",-0.0009540092646869189,-0.00545400926468692,-0.015267262276735138,-0.01976726227673514,0.9000000000000002,0.004500000000000001,0.005,20
topk_nonoverlap_v2,D_all,LogisticRegression,2024-04-09,2024-05-13,2024-04-09,5,model_topk,5,"CTG,FRT,HSG,NKG,SSI",-0.012033403764335747,-0.01603340376433575,0.0058947253435338185,0.0018947253435338185,0.7999999999999999,0.004,0.005,20
topk_nonoverlap_v2,D_all,LogisticRegression,2024-04-09,2024-05-13,2024-04-09,5,equal_weight_universe,80,"ABB,ACB,ANV,BAB,BCM,BID,BMP,BSI,BVB,BVH,CMG,CSV,CTG,DCM,DGW,DIG,DPM,DXG,EIB,ELC,EVF,FPT,FRT,GAS,GEX,GMD,GVR,HAH,HCM,HDB,HDG,HPG,HSG,KDH,KLB,LPB,MBB,MBS,MCH,MSB,MSN,MWG,NAB,NKG,NLG,NT2,NVL,OCB,PDR,PGB,PHR,PLX,PNJ,POW,PPC,PVT,REE,SAB,SCR,SHB,SSB,SSI,STB,TCB,TPB,VBB,VCB,VCG,VCI,VGC,VHC,VHM,VIB,VIC,VJC,VND,VNM,VPB,VRE,VSC",-0.011577584859227955,-0.011577584859227955,0.006350544248641598,0.006350544248641598,0.0,0.0,0.005,20
topk_nonoverlap_v2,D_all,LogisticRegression,2024-04-09,2024-05-13,2024-04-09,5,random_topk_deterministic,5,"BAB,MWG,PLX,VCI,VGC",0.005935762655014121,0.002935762655014121,0.023863891762883702,0.020863891762883703,0.6,0.003,0.005,20
topk_nonoverlap_v2,D_all,LogisticRegression,2024-04-09,2024-05-13,2024-04-09,10,model_topk,10,"BCM,CTG,FRT,HPG,HSG,NKG,PLX,SSI,TCB,VNM",-0.0029314153964978217,-0.006431415396497822,0.014996713711371745,0.011496713711371745,0.7000000000000001,0.0035000000000000005,0.005,20
topk_nonoverlap_v2,D_all,LogisticRegression,2024-04-09,2024-05-13,2024-04-09,10,equal_weight_universe,80,"ABB,ACB,ANV,BAB,BCM,BID,BMP,BSI,BVB,BVH,CMG,CSV,CTG,DCM,DGW,DIG,DPM,DXG,EIB,ELC,EVF,FPT,FRT,GAS,GEX,GMD,GVR,HAH,HCM,HDB,HDG,HPG,HSG,KDH,KLB,LPB,MBB,MBS,MCH,MSB,MSN,MWG,NAB,NKG,NLG,NT2,NVL,OCB,PDR,PGB,PHR,PLX,PNJ,POW,PPC,PVT,REE,SAB,SCR,SHB,SSB,SSI,STB,TCB,TPB,VBB,VCB,VCG,VCI,VGC,VHC,VHM,VIB,VIC,VJC,VND,VNM,VPB,VRE,VSC",-0.011577584859227955,-0.011577584859227955,0.006350544248641598,0.006350544248641598,0.0,0.0,0.005,20
topk_nonoverlap_v2,D_all,LogisticRegression,2024-04-09,2024-05-13,2024-04-09,10,random_topk_deterministic,10,"ABB,BID,BVB,DIG,FPT,PHR,POW,VCI,VNM,VSC",-0.017955663070465557,-0.022455663070465558,-2.7533962595983895e-05,-0.004527533962595985,0.9000000000000002,0.004500000000000001,0.005,20
topk_nonoverlap_v2,D_all,LogisticRegression,2024-05-13,2024-06-10,2024-05-13,5,model_topk,5,"CTG,FRT,HSG,NKG,TCB",0.07993974418773063,0.07893974418773063,0.03922791203433362,0.03822791203433362,0.2,0.001,0.005,20
topk_nonoverlap_v2,D_all,LogisticRegression,2024-05-13,2024-06-10,2024-05-13,5,equal_weight_universe,80,"ABB,ACB,ANV,BAB,BCM,BID,BMP,BSI,BVB,BVH,CMG,CSV,CTG,DCM,DGW,DIG,DPM,DXG,EIB,ELC,EVF,FPT,FRT,GAS,GEX,GMD,GVR,HAH,HCM,HDB,HDG,HPG,HSG,KDH,KLB,LPB,MBB,MBS,MCH,MSB,MSN,MWG,NAB,NKG,NLG,NT2,NVL,OCB,PDR,PGB,PHR,PLX,PNJ,POW,PPC,PVT,REE,SAB,SCR,SHB,SSB,SSI,STB,TCB,TPB,VBB,VCB,VCG,VCI,VGC,VHC,VHM,VIB,VIC,VJC,VND,VNM,VPB,VRE,VSC",0.07205670208582689,0.07205670208582689,0.031344869932429874,0.031344869932429874,0.0,0.0,0.005,20
topk_nonoverlap_v2,D_all,LogisticRegression,2024-05-13,2024-06-10,2024-05-13,5,random_topk_deterministic,5,"BID,GVR,MWG,NT2,VIC",0.04051708688312354,0.03651708688312354,-0.00019474527027349956,-0.0041947452702734995,0.7999999999999999,0.004,0.005,20
topk_nonoverlap_v2,D_all,LogisticRegression,2024-05-13,2024-06-10,2024-05-13,10,model_topk,10,"BCM,CTG,FRT,HPG,HSG,NKG,PLX,SSI,TCB,VNM",0.07017014571593576,0.07017014571593576,0.02945831356253874,0.02945831356253874,0.0,0.0,0.005,20
topk_nonoverlap_v2,D_all,LogisticRegression,2024-05-13,2024-06-10,2024-05-13,10,equal_weight_universe,80,"ABB,ACB,ANV,BAB,BCM,BID,BMP,BSI,BVB,BVH,CMG,CSV,CTG,DCM,DGW,DIG,DPM,DXG,EIB,ELC,EVF,FPT,FRT,GAS,GEX,GMD,GVR,HAH,HCM,HDB,HDG,HPG,HSG,KDH,KLB,LPB,MBB,MBS,MCH,MSB,MSN,MWG,NAB,NKG,NLG,NT2,NVL,OCB,PDR,PGB,PHR,PLX,PNJ,POW,PPC,PVT,REE,SAB,SCR,SHB,SSB,SSI,STB,TCB,TPB,VBB,VCB,VCG,VCI,VGC,VHC,VHM,VIB,VIC,VJC,VND,VNM,VPB,VRE,VSC",0.07205670208582689,0.07205670208582689,0.031344869932429874,0.031344869932429874,0.0,0.0,0.005,20
topk_nonoverlap_v2,D_all,LogisticRegression,2024-05-13,2024-06-10,2024-05-13,10,random_topk_deterministic,10,"ACB,EIB,FPT,FRT,HDB,HPG,NVL,SCR,SSI,TCB",0.057729400529088204,0.0532294005290882,0.01701756837569117,0.012517568375691169,0.9000000000000002,0.004500000000000001,0.005,20
topk_nonoverlap_v2,D_all,LogisticRegression,2024-06-10,2024-07-08,2024-06-10,5,model_topk,5,"ACB,CTG,FRT,HSG,NKG",0.00741536887416364,0.00641536887416364,0.01292413563871234,0.011924135638712339,0.2,0.001,0.005,20
topk_nonoverlap_v2,D_all,LogisticRegression,2024-06-10,2024-07-08,2024-06-10,5,equal_weight_universe,80,"ABB,ACB,ANV,BAB,BCM,BID,BMP,BSI,BVB,BVH,CMG,CSV,CTG,DCM,DGW,DIG,DPM,DXG,EIB,ELC,EVF,FPT,FRT,GAS,GEX,GMD,GVR,HAH,HCM,HDB,HDG,HPG,HSG,KDH,KLB,LPB,MBB,MBS,MCH,MSB,MSN,MWG,NAB,NKG,NLG,NT2,NVL,OCB,PDR,PGB,PHR,PLX,PNJ,POW,PPC,PVT,REE,SAB,SCR,SHB,SSB,SSI,STB,TCB,TPB,VBB,VCB,VCG,VCI,VGC,VHC,VHM,VIB,VIC,VJC,VND,VNM,VPB,VRE,VSC",-0.014603549768670593,-0.014603549768670593,-0.009094783004121894,-0.009094783004121894,0.0,0.0,0.005,20
topk_nonoverlap_v2,D_all,LogisticRegression,2024-06-10,2024-07-08,2024-06-10,5,random_topk_deterministic,5,"EVF,KDH,MCH,NVL,TCB",-0.04664249790434806,-0.05164249790434806,-0.04113373113979938,-0.04613373113979938,0.9999999999999999,0.004999999999999999,0.005,20
topk_nonoverlap_v2,D_all,LogisticRegression,2024-06-10,2024-07-08,2024-06-10,10,model_topk,10,"ACB,BCM,CTG,FRT,HPG,HSG,NKG,SSI,TCB,VNM",-0.0017876700293237991,-0.002287670029323799,0.0037210967352248998,0.0032210967352248997,0.1,0.0005,0.005,20
topk_nonoverlap_v2,D_all,LogisticRegression,2024-06-10,2024-07-08,2024-06-10,10,equal_weight_universe,80,"ABB,ACB,ANV,BAB,BCM,BID,BMP,BSI,BVB,BVH,CMG,CSV,CTG,DCM,DGW,DIG,DPM,DXG,EIB,ELC,EVF,FPT,FRT,GAS,GEX,GMD,GVR,HAH,HCM,HDB,HDG,HPG,HSG,KDH,KLB,LPB,MBB,MBS,MCH,MSB,MSN,MWG,NAB,NKG,NLG,NT2,NVL,OCB,PDR,PGB,PHR,PLX,PNJ,POW,PPC,PVT,REE,SAB,SCR,SHB,SSB,SSI,STB,TCB,TPB,VBB,VCB,VCG,VCI,VGC,VHC,VHM,VIB,VIC,VJC,VND,VNM,VPB,VRE,VSC",-0.014603549768670593,-0.014603549768670593,-0.009094783004121894,-0.009094783004121894,0.0,0.0,0.005,20
topk_nonoverlap_v2,D_all,LogisticRegression,2024-06-10,2024-07-08,2024-06-10,10,random_topk_deterministic,10,"DCM,GAS,KLB,LPB,MSN,NVL,PPC,VHC,VIB,VND",-0.006994484000628682,-0.011494484000628684,-0.0014857172360799814,-0.005985717236079983,0.9000000000000002,0.004500000000000001,0.005,20
topk_nonoverlap_v2,D_all,LogisticRegression,2024-07-08,2024-08-05,2024-07-08,5,model_topk,5,"BMP,GVR,HPG,NVL,VNM",-0.09787666241017243,-0.10287666241017243,-0.02348201003708504,-0.02848201003708504,0.9999999999999999,0.004999999999999999,0.005,20
topk_nonoverlap_v2,D_all,LogisticRegression,2024-07-08,2024-08-05,2024-07-08,5,equal_weight_universe,80,"ABB,ACB,ANV,BAB,BCM,BID,BMP,BSI,BVB,BVH,CMG,CSV,CTG,DCM,DGW,DIG,DPM,DXG,EIB,ELC,EVF,FPT,FRT,GAS,GEX,GMD,GVR,HAH,HCM,HDB,HDG,HPG,HSG,KDH,KLB,LPB,MBB,MBS,MCH,MSB,MSN,MWG,NAB,NKG,NLG,NT2,NVL,OCB,PDR,PGB,PHR,PLX,PNJ,POW,PPC,PVT,REE,SAB,SCR,SHB,SSB,SSI,STB,TCB,TPB,VBB,VCB,VCG,VCI,VGC,VHC,VHM,VIB,VIC,VJC,VND,VNM,VPB,VRE,VSC",-0.09313334650868113,-0.09313334650868113,-0.01873869413559375,-0.01873869413559375,0.0,0.0,0.005,20
topk_nonoverlap_v2,D_all,LogisticRegression,2024-07-08,2024-08-05,2024-07-08,5,random_topk_deterministic,5,"MSN,NLG,NVL,PGB,POW",-0.11357844881614268,-0.11757844881614268,-0.0391837964430553,-0.0431837964430553,0.7999999999999999,0.004,0.005,20
topk_nonoverlap_v2,D_all,LogisticRegression,2024-07-08,2024-08-05,2024-07-08,10,model_topk,10,"ACB,BMP,BVH,CTG,FRT,GVR,HPG,NVL,SAB,VNM",-0.08931277312434845,-0.09181277312434845,-0.01491812075126106,-0.01741812075126106,0.49999999999999994,0.0024999999999999996,0.005,20
topk_nonoverlap_v2,D_all,LogisticRegression,2024-07-08,2024-08-05,2024-07-08,10,equal_weight_universe,80,"ABB,ACB,ANV,BAB,BCM,BID,BMP,BSI,BVB,BVH,CMG,CSV,CTG,DCM,DGW,DIG,DPM,DXG,EIB,ELC,EVF,FPT,FRT,GAS,GEX,GMD,GVR,HAH,HCM,HDB,HDG,HPG,HSG,KDH,KLB,LPB,MBB,MBS,MCH,MSB,MSN,MWG,NAB,NKG,NLG,NT2,NVL,OCB,PDR,PGB,PHR,PLX,PNJ,POW,PPC,PVT,REE,SAB,SCR,SHB,SSB,SSI,STB,TCB,TPB,VBB,VCB,VCG,VCI,VGC,VHC,VHM,VIB,VIC,VJC,VND,VNM,VPB,VRE,VSC",-0.09313334650868113,-0.09313334650868113,-0.01873869413559375,-0.01873869413559375,0.0,0.0,0.005,20
topk_nonoverlap_v2,D_all,LogisticRegression,2024-07-08,2024-08-05,2024-07-08,10,random_topk_deterministic,10,"BMP,HAH,HDG,HPG,LPB,MBB,NT2,NVL,REE,SAB",-0.1046446769381,-0.10864467693810001,-0.0302500245650126,-0.0342500245650126,0.8000000000000002,0.004000000000000001,0.005,20
topk_nonoverlap_v2,D_all,LogisticRegression,2024-08-05,2024-09-04,2024-08-05,5,model_topk,5,"BMP,GVR,HPG,NVL,VNM",0.10304527236017322,0.10304527236017322,0.029202821999504303,0.029202821999504303,0.0,0.0,0.005,20
topk_nonoverlap_v2,D_all,LogisticRegression,2024-08-05,2024-09-04,2024-08-05,5,equal_weight_universe,80,"ABB,ACB,ANV,BAB,BCM,BID,BMP,BSI,BVB,BVH,CMG,CSV,CTG,DCM,DGW,DIG,DPM,DXG,EIB,ELC,EVF,FPT,FRT,GAS,GEX,GMD,GVR,HAH,HCM,HDB,HDG,HPG,HSG,KDH,KLB,LPB,MBB,MBS,MCH,MSB,MSN,MWG,NAB,NKG,NLG,NT2,NVL,OCB,PDR,PGB,PHR,PLX,PNJ,POW,PPC,PVT,REE,SAB,SCR,SHB,SSB,SSI,STB,TCB,TPB,VBB,VCB,VCG,VCI,VGC,VHC,VHM,VIB,VIC,VJC,VND,VNM,VPB,VRE,VSC",0.08352117058047732,0.08352117058047732,0.009678720219808427,0.009678720219808427,0.0,0.0,0.005,20
topk_nonoverlap_v2,D_all,LogisticRegression,2024-08-05,2024-09-04,2024-08-05,5,random_topk_deterministic,5,"CTG,HSG,LPB,MCH,VIB",0.08282696165441508,0.07782696165441508,0.008984511293746219,0.00398451129374622,0.9999999999999999,0.004999999999999999,0.005,20
topk_nonoverlap_v2,D_all,LogisticRegression,2024-08-05,2024-09-04,2024-08-05,10,model_topk,10,"ACB,BMP,BVH,CTG,FRT,GVR,HPG,NVL,SAB,VNM",0.1038299536790274,0.1038299536790274,0.029987503318358522,0.029987503318358522,0.0,0.0,0.005,20
topk_nonoverlap_v2,D_all,LogisticRegression,2024-08-05,2024-09-04,2024-08-05,10,equal_weight_universe,80,"ABB,ACB,ANV,BAB,BCM,BID,BMP,BSI,BVB,BVH,CMG,CSV,CTG,DCM,DGW,DIG,DPM,DXG,EIB,ELC,EVF,FPT,FRT,GAS,GEX,GMD,GVR,HAH,HCM,HDB,HDG,HPG,HSG,KDH,KLB,LPB,MBB,MBS,MCH,MSB,MSN,MWG,NAB,NKG,NLG,NT2,NVL,OCB,PDR,PGB,PHR,PLX,PNJ,POW,PPC,PVT,REE,SAB,SCR,SHB,SSB,SSI,STB,TCB,TPB,VBB,VCB,VCG,VCI,VGC,VHC,VHM,VIB,VIC,VJC,VND,VNM,VPB,VRE,VSC",0.08352117058047732,0.08352117058047732,0.009678720219808427,0.009678720219808427,0.0,0.0,0.005,20
topk_nonoverlap_v2,D_all,LogisticRegression,2024-08-05,2024-09-04,2024-08-05,10,random_topk_deterministic,10,"BCM,BVH,ELC,KLB,MCH,NLG,PGB,PVT,VGC,VND",0.06864464426309576,0.06364464426309575,-0.005197806097573141,-0.01019780609757314,1.0000000000000002,0.005000000000000001,0.005,20
topk_nonoverlap_v2,D_all,LogisticRegression,2024-09-04,2024-10-02,2024-09-04,5,model_topk,5,"BMP,GVR,HPG,NVL,VNM",0.005172618579151622,0.005172618579151622,-0.004264597285403837,-0.004264597285403837,0.0,0.0,0.005,20
topk_nonoverlap_v2,D_all,LogisticRegression,2024-09-04,2024-10-02,2024-09-04,5,equal_weight_universe,80,"ABB,ACB,ANV,BAB,BCM,BID,BMP,BSI,BVB,BVH,CMG,CSV,CTG,DCM,DGW,DIG,DPM,DXG,EIB,ELC,EVF,FPT,FRT,GAS,GEX,GMD,GVR,HAH,HCM,HDB,HDG,HPG,HSG,KDH,KLB,LPB,MBB,MBS,MCH,MSB,MSN,MWG,NAB,NKG,NLG,NT2,NVL,OCB,PDR,PGB,PHR,PLX,PNJ,POW,PPC,PVT,REE,SAB,SCR,SHB,SSB,SSI,STB,TCB,TPB,VBB,VCB,VCG,VCI,VGC,VHC,VHM,VIB,VIC,VJC,VND,VNM,VPB,VRE,VSC",0.01796825498572943,0.01796825498572943,0.008531039121173964,0.008531039121173964,0.0,0.0,0.005,20
topk_nonoverlap_v2,D_all,LogisticRegression,2024-09-04,2024-10-02,2024-09-04,5,random_topk_deterministic,5,"BCM,CTG,NKG,PGB,STB",0.0404847602466112,0.036484760246611195,0.031047544382055724,0.027047544382055724,0.7999999999999999,0.004,0.005,20
topk_nonoverlap_v2,D_all,LogisticRegression,2024-09-04,2024-10-02,2024-09-04,10,model_topk,10,"ACB,BMP,BVH,CTG,FRT,GVR,HPG,NVL,SAB,VNM",0.0023525891882463204,0.0023525891882463204,-0.007084626676309144,-0.007084626676309144,0.0,0.0,0.005,20
topk_nonoverlap_v2,D_all,LogisticRegression,2024-09-04,2024-10-02,2024-09-04,10,equal_weight_universe,80,"ABB,ACB,ANV,BAB,BCM,BID,BMP,BSI,BVB,BVH,CMG,CSV,CTG,DCM,DGW,DIG,DPM,DXG,EIB,ELC,EVF,FPT,FRT,GAS,GEX,GMD,GVR,HAH,HCM,HDB,HDG,HPG,HSG,KDH,KLB,LPB,MBB,MBS,MCH,MSB,MSN,MWG,NAB,NKG,NLG,NT2,NVL,OCB,PDR,PGB,PHR,PLX,PNJ,POW,PPC,PVT,REE,SAB,SCR,SHB,SSB,SSI,STB,TCB,TPB,VBB,VCB,VCG,VCI,VGC,VHC,VHM,VIB,VIC,VJC,VND,VNM,VPB,VRE,VSC",0.01796825498572943,0.01796825498572943,0.008531039121173964,0.008531039121173964,0.0,0.0,0.005,20
topk_nonoverlap_v2,D_all,LogisticRegression,2024-09-04,2024-10-02,2024-09-04,10,random_topk_deterministic,10,"EVF,GEX,NAB,REE,STB,VCG,VCI,VIB,VJC,VND",0.02767633728260478,0.023176337282604778,0.01823912141804932,0.01373912141804932,0.9000000000000002,0.004500000000000001,0.005,20
topk_nonoverlap_v2,D_all,LogisticRegression,2024-10-02,2024-10-30,2024-10-02,5,model_topk,5,"CTG,GVR,HPG,NVL,PLX",-0.04293417822094226,-0.04493417822094226,-0.020252789228521,-0.022252789228521003,0.4,0.002,0.005,20
topk_nonoverlap_v2,D_all,LogisticRegression,2024-10-02,2024-10-30,2024-10-02,5,equal_weight_universe,80,"ABB,ACB,ANV,BAB,BCM,BID,BMP,BSI,BVB,BVH,CMG,CSV,CTG,DCM,DGW,DIG,DPM,DXG,EIB,ELC,EVF,FPT,FRT,GAS,GEX,GMD,GVR,HAH,HCM,HDB,HDG,HPG,HSG,KDH,KLB,LPB,MBB,MBS,MCH,MSB,MSN,MWG,NAB,NKG,NLG,NT2,NVL,OCB,PDR,PGB,PHR,PLX,PNJ,POW,PPC,PVT,REE,SAB,SCR,SHB,SSB,SSI,STB,TCB,TPB,VBB,VCB,VCG,VCI,VGC,VHC,VHM,VIB,VIC,VJC,VND,VNM,VPB,VRE,VSC",-0.0261297907395873,-0.0261297907395873,-0.003448401747166087,-0.003448401747166087,0.0,0.0,0.005,20
topk_nonoverlap_v2,D_all,LogisticRegression,2024-10-02,2024-10-30,2024-10-02,5,random_topk_deterministic,5,"BID,CTG,HDG,PPC,VIB",-0.0341978416085032,-0.0381978416085032,-0.011516452616081998,-0.015516452616081998,0.7999999999999999,0.004,0.005,20
topk_nonoverlap_v2,D_all,LogisticRegression,2024-10-02,2024-10-30,2024-10-02,10,model_topk,10,"ACB,BVH,CTG,GVR,HPG,HSG,NVL,PLX,SSI,VPB",-0.030912586461877768,-0.032912586461877766,-0.008231197469456532,-0.010231197469456532,0.39999999999999997,0.002,0.005,20
topk_nonoverlap_v2,D_all,LogisticRegression,2024-10-02,2024-10-30,2024-10-02,10,equal_weight_universe,80,"ABB,ACB,ANV,BAB,BCM,BID,BMP,BSI,BVB,BVH,CMG,CSV,CTG,DCM,DGW,DIG,DPM,DXG,EIB,ELC,EVF,FPT,FRT,GAS,GEX,GMD,GVR,HAH,HCM,HDB,HDG,HPG,HSG,KDH,KLB,LPB,MBB,MBS,MCH,MSB,MSN,MWG,NAB,NKG,NLG,NT2,NVL,OCB,PDR,PGB,PHR,PLX,PNJ,POW,PPC,PVT,REE,SAB,SCR,SHB,SSB,SSI,STB,TCB,TPB,VBB,VCB,VCG,VCI,VGC,VHC,VHM,VIB,VIC,VJC,VND,VNM,VPB,VRE,VSC",-0.0261297907395873,-0.0261297907395873,-0.003448401747166087,-0.003448401747166087,0.0,0.0,0.005,20
topk_nonoverlap_v2,D_all,LogisticRegression,2024-10-02,2024-10-30,2024-10-02,10,random_topk_deterministic,10,"BCM,BID,ELC,MSN,NT2,PNJ,SAB,VHC,VIB,VNM",-0.02300084749242512,-0.02750084749242512,-0.00031945850000391956,-0.004819458500003921,0.9000000000000002,0.004500000000000001,0.005,20
topk_nonoverlap_v2,D_all,LogisticRegression,2024-10-30,2024-11-27,2024-10-30,5,model_topk,5,"CTG,GVR,HPG,NVL,PLX",-0.01158855674249246,-0.01158855674249246,0.0016480576715927197,0.0016480576715927197,0.0,0.0,0.005,20
topk_nonoverlap_v2,D_all,LogisticRegression,2024-10-30,2024-11-27,2024-10-30,5,equal_weight_universe,80,"ABB,ACB,ANV,BAB,BCM,BID,BMP,BSI,BVB,BVH,CMG,CSV,CTG,DCM,DGW,DIG,DPM,DXG,EIB,ELC,EVF,FPT,FRT,GAS,GEX,GMD,GVR,HAH,HCM,HDB,HDG,HPG,HSG,KDH,KLB,LPB,MBB,MBS,MCH,MSB,MSN,MWG,NAB,NKG,NLG,NT2,NVL,OCB,PDR,PGB,PHR,PLX,PNJ,POW,PPC,PVT,REE,SAB,SCR,SHB,SSB,SSI,STB,TCB,TPB,VBB,VCB,VCG,VCI,VGC,VHC,VHM,VIB,VIC,VJC,VND,VNM,VPB,VRE,VSC",-0.012914762825937832,-0.012914762825937832,0.0003218515881473488,0.0003218515881473488,0.0,0.0,0.005,20
topk_nonoverlap_v2,D_all,LogisticRegression,2024-10-30,2024-11-27,2024-10-30,5,random_topk_deterministic,5,"BVB,ELC,HAH,KDH,PVT",0.009394593039895179,0.00439459303989518,0.02263120745398036,0.017631207453980363,0.9999999999999999,0.004999999999999999,0.005,20
topk_nonoverlap_v2,D_all,LogisticRegression,2024-10-30,2024-11-27,2024-10-30,10,model_topk,10,"ACB,BVH,CTG,GVR,HPG,HSG,NVL,PLX,SSI,VPB",-0.02099252626629481,-0.02099252626629481,-0.00775591185220964,-0.00775591185220964,0.0,0.0,0.005,20
topk_nonoverlap_v2,D_all,LogisticRegression,2024-10-30,2024-11-27,2024-10-30,10,equal_weight_universe,80,"ABB,ACB,ANV,BAB,BCM,BID,BMP,BSI,BVB,BVH,CMG,CSV,CTG,DCM,DGW,DIG,DPM,DXG,EIB,ELC,EVF,FPT,FRT,GAS,GEX,GMD,GVR,HAH,HCM,HDB,HDG,HPG,HSG,KDH,KLB,LPB,MBB,MBS,MCH,MSB,MSN,MWG,NAB,NKG,NLG,NT2,NVL,OCB,PDR,PGB,PHR,PLX,PNJ,POW,PPC,PVT,REE,SAB,SCR,SHB,SSB,SSI,STB,TCB,TPB,VBB,VCB,VCG,VCI,VGC,VHC,VHM,VIB,VIC,VJC,VND,VNM,VPB,VRE,VSC",-0.012914762825937832,-0.012914762825937832,0.0003218515881473488,0.0003218515881473488,0.0,0.0,0.005,20
topk_nonoverlap_v2,D_all,LogisticRegression,2024-10-30,2024-11-27,2024-10-30,10,random_topk_deterministic,10,"BCM,DPM,GAS,HCM,NKG,PVT,SHB,TCB,VIC,VND",-0.01565789455842019,-0.02015789455842019,-0.0024212801443350097,-0.006921280144335011,0.9000000000000002,0.004500000000000001,0.005,20
topk_nonoverlap_v2,D_all,LogisticRegression,2024-11-27,2024-12-25,2024-11-27,5,model_topk,5,"CTG,GVR,HPG,NVL,PLX",0.00586885881635516,0.00586885881635516,-0.019953020939194443,-0.019953020939194443,0.0,0.0,0.005,20
topk_nonoverlap_v2,D_all,LogisticRegression,2024-11-27,2024-12-25,2024-11-27,5,equal_weight_universe,80,"ABB,ACB,ANV,BAB,BCM,BID,BMP,BSI,BVB,BVH,CMG,CSV,CTG,DCM,DGW,DIG,DPM,DXG,EIB,ELC,EVF,FPT,FRT,GAS,GEX,GMD,GVR,HAH,HCM,HDB,HDG,HPG,HSG,KDH,KLB,LPB,MBB,MBS,MCH,MSB,MSN,MWG,NAB,NKG,NLG,NT2,NVL,OCB,PDR,PGB,PHR,PLX,PNJ,POW,PPC,PVT,REE,SAB,SCR,SHB,SSB,SSI,STB,TCB,TPB,VBB,VCB,VCG,VCI,VGC,VHC,VHM,VIB,VIC,VJC,VND,VNM,VPB,VRE,VSC",0.029364551346184587,0.029364551346184587,0.003542671590634985,0.003542671590634985,0.0,0.0,0.005,20
topk_nonoverlap_v2,D_all,LogisticRegression,2024-11-27,2024-12-25,2024-11-27,5,random_topk_deterministic,5,"ABB,BMP,NT2,VGC,VHM",0.06299012457313136,0.05799012457313136,0.037168244817581755,0.03216824481758176,0.9999999999999999,0.004999999999999999,0.005,20
topk_nonoverlap_v2,D_all,LogisticRegression,2024-11-27,2024-12-25,2024-11-27,10,model_topk,10,"ACB,BVH,CTG,GVR,HPG,HSG,NVL,PLX,SSI,VPB",0.03540336993818479,0.03540336993818479,0.00958149018263522,0.00958149018263522,0.0,0.0,0.005,20
topk_nonoverlap_v2,D_all,LogisticRegression,2024-11-27,2024-12-25,2024-11-27,10,equal_weight_universe,80,"ABB,ACB,ANV,BAB,BCM,BID,BMP,BSI,BVB,BVH,CMG,CSV,CTG,DCM,DGW,DIG,DPM,DXG,EIB,ELC,EVF,FPT,FRT,GAS,GEX,GMD,GVR,HAH,HCM,HDB,HDG,HPG,HSG,KDH,KLB,LPB,MBB,MBS,MCH,MSB,MSN,MWG,NAB,NKG,NLG,NT2,NVL,OCB,PDR,PGB,PHR,PLX,PNJ,POW,PPC,PVT,REE,SAB,SCR,SHB,SSB,SSI,STB,TCB,TPB,VBB,VCB,VCG,VCI,VGC,VHC,VHM,VIB,VIC,VJC,VND,VNM,VPB,VRE,VSC",0.029364551346184587,0.029364551346184587,0.003542671590634985,0.003542671590634985,0.0,0.0,0.005,20
topk_nonoverlap_v2,D_all,LogisticRegression,2024-11-27,2024-12-25,2024-11-27,10,random_topk_deterministic,10,"CSV,MBS,NKG,PHR,SAB,SSB,TPB,VCB,VCG,VJC",0.037215604211009806,0.0327156042110098,0.0113937244554602,0.006893724455460199,0.9000000000000002,0.004500000000000001,0.005,20
topk_nonoverlap_v2,D_all,LogisticRegression,2024-12-25,2025-01-23,2024-12-25,5,model_topk,5,"BVH,FPT,HPG,VCB,VHC",-0.02209980719974632,-0.02609980719974632,-0.01078933029164304,-0.01478933029164304,0.7999999999999999,0.004,0.005,20
topk_nonoverlap_v2,D_all,LogisticRegression,2024-12-25,2025-01-23,2024-12-25,5,equal_weight_universe,80,"ABB,ACB,ANV,BAB,BCM,BID,BMP,BSI,BVB,BVH,CMG,CSV,CTG,DCM,DGW,DIG,DPM,DXG,EIB,ELC,EVF,FPT,FRT,GAS,GEX,GMD,GVR,HAH,HCM,HDB,HDG,HPG,HSG,KDH,KLB,LPB,MBB,MBS,MCH,MSB,MSN,MWG,NAB,NKG,NLG,NT2,NVL,OCB,PDR,PGB,PHR,PLX,PNJ,POW,PPC,PVT,REE,SAB,SCR,SHB,SSB,SSI,STB,TCB,TPB,VBB,VCB,VCG,VCI,VGC,VHC,VHM,VIB,VIC,VJC,VND,VNM,VPB,VRE,VSC",-0.02469870508520982,-0.02469870508520982,-0.013388228177106554,-0.013388228177106554,0.0,0.0,0.005,20
topk_nonoverlap_v2,D_all,LogisticRegression,2024-12-25,2025-01-23,2024-12-25,5,random_topk_deterministic,5,"BID,MBS,MWG,POW,VND",-0.041155550196616035,-0.04615555019661603,-0.02984507328851278,-0.03484507328851278,0.9999999999999999,0.004999999999999999,0.005,20
topk_nonoverlap_v2,D_all,LogisticRegression,2024-12-25,2025-01-23,2024-12-25,10,model_topk,10,"BVH,CTG,FPT,HPG,LPB,MCH,SAB,SSB,VCB,VHC",0.007750145924805105,0.004250145924805104,0.019060622832908374,0.015560622832908374,0.7000000000000001,0.0035000000000000005,0.005,20
topk_nonoverlap_v2,D_all,LogisticRegression,2024-12-25,2025-01-23,2024-12-25,10,equal_weight_universe,80,"ABB,ACB,ANV,BAB,BCM,BID,BMP,BSI,BVB,BVH,CMG,CSV,CTG,DCM,DGW,DIG,DPM,DXG,EIB,ELC,EVF,FPT,FRT,GAS,GEX,GMD,GVR,HAH,HCM,HDB,HDG,HPG,HSG,KDH,KLB,LPB,MBB,MBS,MCH,MSB,MSN,MWG,NAB,NKG,NLG,NT2,NVL,OCB,PDR,PGB,PHR,PLX,PNJ,POW,PPC,PVT,REE,SAB,SCR,SHB,SSB,SSI,STB,TCB,TPB,VBB,VCB,VCG,VCI,VGC,VHC,VHM,VIB,VIC,VJC,VND,VNM,VPB,VRE,VSC",-0.02469870508520982,-0.02469870508520982,-0.013388228177106554,-0.013388228177106554,0.0,0.0,0.005,20
topk_nonoverlap_v2,D_all,LogisticRegression,2024-12-25,2025-01-23,2024-12-25,10,random_topk_deterministic,10,"BCM,BID,CMG,DXG,GVR,HPG,HSG,STB,VCI,VIB",-0.01616103807527406,-0.02116103807527406,-0.00485056116717077,-0.009850561167170771,1.0000000000000002,0.005000000000000001,0.005,20
topk_nonoverlap_v2,D_all,LogisticRegression,2025-01-23,2025-02-27,2025-01-23,5,model_topk,5,"LPB,VGC,VHM,VNM,VPB",0.03188263037246898,0.026882630372468984,-0.00635875797172708,-0.01135875797172708,0.9999999999999999,0.004999999999999999,0.005,20
topk_nonoverlap_v2,D_all,LogisticRegression,2025-01-23,2025-02-27,2025-01-23,5,equal_weight_universe,80,"ABB,ACB,ANV,BAB,BCM,BID,BMP,BSI,BVB,BVH,CMG,CSV,CTG,DCM,DGW,DIG,DPM,DXG,EIB,ELC,EVF,FPT,FRT,GAS,GEX,GMD,GVR,HAH,HCM,HDB,HDG,HPG,HSG,KDH,KLB,LPB,MBB,MBS,MCH,MSB,MSN,MWG,NAB,NKG,NLG,NT2,NVL,OCB,PDR,PGB,PHR,PLX,PNJ,POW,PPC,PVT,REE,SAB,SCR,SHB,SSB,SSI,STB,TCB,TPB,VBB,VCB,VCG,VCI,VGC,VHC,VHM,VIB,VIC,VJC,VND,VNM,VPB,VRE,VSC",0.05936162476183893,0.05936162476183893,0.021120236417642844,0.021120236417642844,0.0,0.0,0.005,20
topk_nonoverlap_v2,D_all,LogisticRegression,2025-01-23,2025-02-27,2025-01-23,5,random_topk_deterministic,5,"BID,GVR,HDB,SAB,SCR",0.07380705936693921,0.0698070593669392,0.035565671022743155,0.03156567102274316,0.7999999999999999,0.004,0.005,20
topk_nonoverlap_v2,D_all,LogisticRegression,2025-01-23,2025-02-27,2025-01-23,10,model_topk,10,"BID,CTG,LPB,MCH,PVT,VCB,VGC,VHM,VNM,VPB",0.028684461766429803,0.025684461766429804,-0.009556926577766248,-0.012556926577766248,0.6,0.003,0.005,20
topk_nonoverlap_v2,D_all,LogisticRegression,2025-01-23,2025-02-27,2025-01-23,10,equal_weight_universe,80,"ABB,ACB,ANV,BAB,BCM,BID,BMP,BSI,BVB,BVH,CMG,CSV,CTG,DCM,DGW,DIG,DPM,DXG,EIB,ELC,EVF,FPT,FRT,GAS,GEX,GMD,GVR,HAH,HCM,HDB,HDG,HPG,HSG,KDH,KLB,LPB,MBB,MBS,MCH,MSB,MSN,MWG,NAB,NKG,NLG,NT2,NVL,OCB,PDR,PGB,PHR,PLX,PNJ,POW,PPC,PVT,REE,SAB,SCR,SHB,SSB,SSI,STB,TCB,TPB,VBB,VCB,VCG,VCI,VGC,VHC,VHM,VIB,VIC,VJC,VND,VNM,VPB,VRE,VSC",0.05936162476183893,0.05936162476183893,0.021120236417642844,0.021120236417642844,0.0,0.0,0.005,20
topk_nonoverlap_v2,D_all,LogisticRegression,2025-01-23,2025-02-27,2025-01-23,10,random_topk_deterministic,10,"HPG,KDH,LPB,MSN,NLG,PLX,VCG,VCI,VIB,VPB",0.0379180246006164,0.034418024600616395,-0.00032336374357969935,-0.0038233637435796997,0.7000000000000001,0.0035000000000000005,0.005,20
topk_nonoverlap_v2,D_all,LogisticRegression,2025-02-27,2025-03-27,2025-02-27,5,model_topk,5,"LPB,VGC,VHM,VNM,VPB",0.016335649876025336,0.016335649876025336,0.004093716858744381,0.004093716858744381,0.0,0.0,0.005,20
topk_nonoverlap_v2,D_all,LogisticRegression,2025-02-27,2025-03-27,2025-02-27,5,equal_weight_universe,80,"ABB,ACB,ANV,BAB,BCM,BID,BMP,BSI,BVB,BVH,CMG,CSV,CTG,DCM,DGW,DIG,DPM,DXG,EIB,ELC,EVF,FPT,FRT,GAS,GEX,GMD,GVR,HAH,HCM,HDB,HDG,HPG,HSG,KDH,KLB,LPB,MBB,MBS,MCH,MSB,MSN,MWG,NAB,NKG,NLG,NT2,NVL,OCB,PDR,PGB,PHR,PLX,PNJ,POW,PPC,PVT,REE,SAB,SCR,SHB,SSB,SSI,STB,TCB,TPB,VBB,VCB,VCG,VCI,VGC,VHC,VHM,VIB,VIC,VJC,VND,VNM,VPB,VRE,VSC",-0.004235050361496695,-0.004235050361496695,-0.016476983378777642,-0.016476983378777642,0.0,0.0,0.005,20
topk_nonoverlap_v2,D_all,LogisticRegression,2025-02-27,2025-03-27,2025-02-27,5,random_topk_deterministic,5,"ACB,BVH,FPT,GEX,NVL",-0.02854812877251156,-0.03354812877251156,-0.0407900617897925,-0.045790061789792495,0.9999999999999999,0.004999999999999999,0.005,20
topk_nonoverlap_v2,D_all,LogisticRegression,2025-02-27,2025-03-27,2025-02-27,10,model_topk,10,"BID,CTG,LPB,MCH,PVT,VCB,VGC,VHM,VNM,VPB",5.42259962141075e-06,5.42259962141075e-06,-0.01223651041765953,-0.01223651041765953,0.0,0.0,0.005,20
topk_nonoverlap_v2,D_all,LogisticRegression,2025-02-27,2025-03-27,2025-02-27,10,equal_weight_universe,80,"ABB,ACB,ANV,BAB,BCM,BID,BMP,BSI,BVB,BVH,CMG,CSV,CTG,DCM,DGW,DIG,DPM,DXG,EIB,ELC,EVF,FPT,FRT,GAS,GEX,GMD,GVR,HAH,HCM,HDB,HDG,HPG,HSG,KDH,KLB,LPB,MBB,MBS,MCH,MSB,MSN,MWG,NAB,NKG,NLG,NT2,NVL,OCB,PDR,PGB,PHR,PLX,PNJ,POW,PPC,PVT,REE,SAB,SCR,SHB,SSB,SSI,STB,TCB,TPB,VBB,VCB,VCG,VCI,VGC,VHC,VHM,VIB,VIC,VJC,VND,VNM,VPB,VRE,VSC",-0.004235050361496695,-0.004235050361496695,-0.016476983378777642,-0.016476983378777642,0.0,0.0,0.005,20
topk_nonoverlap_v2,D_all,LogisticRegression,2025-02-27,2025-03-27,2025-02-27,10,random_topk_deterministic,10,"ABB,GMD,HCM,MCH,NAB,NKG,NVL,OCB,VHC,VIB",-0.029403086891833498,-0.0339030868918335,-0.04164501990911443,-0.04614501990911443,0.9000000000000002,0.004500000000000001,0.005,20
topk_nonoverlap_v2,D_all,LogisticRegression,2025-03-27,2025-04-25,2025-03-27,5,model_topk,5,"LPB,VGC,VHM,VNM,VPB",-0.03986856949944194,-0.03986856949944194,0.03157672854181766,0.03157672854181766,0.0,0.0,0.005,20
topk_nonoverlap_v2,D_all,LogisticRegression,2025-03-27,2025-04-25,2025-03-27,5,equal_weight_universe,80,"ABB,ACB,ANV,BAB,BCM,BID,BMP,BSI,BVB,BVH,CMG,CSV,CTG,DCM,DGW,DIG,DPM,DXG,EIB,ELC,EVF,FPT,FRT,GAS,GEX,GMD,GVR,HAH,HCM,HDB,HDG,HPG,HSG,KDH,KLB,LPB,MBB,MBS,MCH,MSB,MSN,MWG,NAB,NKG,NLG,NT2,NVL,OCB,PDR,PGB,PHR,PLX,PNJ,POW,PPC,PVT,REE,SAB,SCR,SHB,SSB,SSI,STB,TCB,TPB,VBB,VCB,VCG,VCI,VGC,VHC,VHM,VIB,VIC,VJC,VND,VNM,VPB,VRE,VSC",-0.0825701079496278,-0.0825701079496278,-0.011124809908368168,-0.011124809908368168,0.0,0.0,0.005,20
topk_nonoverlap_v2,D_all,LogisticRegression,2025-03-27,2025-04-25,2025-03-27,5,random_topk_deterministic,5,"BVB,DCM,EIB,MBB,VCI",-0.055728747405167464,-0.06072874740516746,0.0157165506360921,0.0107165506360921,0.9999999999999999,0.004999999999999999,0.005,20
topk_nonoverlap_v2,D_all,LogisticRegression,2025-03-27,2025-04-25,2025-03-27,10,model_topk,10,"CTG,LPB,MCH,PLX,PVT,VCB,VGC,VHM,VNM,VPB",-0.09498889707745259,-0.09548889707745259,-0.023543599036192953,-0.024043599036192954,0.1,0.0005,0.005,20
topk_nonoverlap_v2,D_all,LogisticRegression,2025-03-27,2025-04-25,2025-03-27,10,equal_weight_universe,80,"ABB,ACB,ANV,BAB,BCM,BID,BMP,BSI,BVB,BVH,CMG,CSV,CTG,DCM,DGW,DIG,DPM,DXG,EIB,ELC,EVF,FPT,FRT,GAS,GEX,GMD,GVR,HAH,HCM,HDB,HDG,HPG,HSG,KDH,KLB,LPB,MBB,MBS,MCH,MSB,MSN,MWG,NAB,NKG,NLG,NT2,NVL,OCB,PDR,PGB,PHR,PLX,PNJ,POW,PPC,PVT,REE,SAB,SCR,SHB,SSB,SSI,STB,TCB,TPB,VBB,VCB,VCG,VCI,VGC,VHC,VHM,VIB,VIC,VJC,VND,VNM,VPB,VRE,VSC",-0.0825701079496278,-0.0825701079496278,-0.011124809908368168,-0.011124809908368168,0.0,0.0,0.005,20
topk_nonoverlap_v2,D_all,LogisticRegression,2025-03-27,2025-04-25,2025-03-27,10,random_topk_deterministic,10,"DPM,EIB,EVF,MBB,OCB,PDR,REE,SSB,SSI,TPB",-0.07867987034277728,-0.08317987034277728,-0.00723457230151771,-0.011734572301517712,0.9000000000000002,0.004500000000000001,0.005,20
topk_nonoverlap_v2,D_all,LogisticRegression,2025-04-25,2025-05-28,2025-04-25,5,model_topk,5,"FRT,HSG,NVL,SSI,VNM",0.09649085756132607,0.09249085756132606,0.004856257039047959,0.0008562570390479593,0.7999999999999999,0.004,0.005,20
topk_nonoverlap_v2,D_all,LogisticRegression,2025-04-25,2025-05-28,2025-04-25,5,equal_weight_universe,80,"ABB,ACB,ANV,BAB,BCM,BID,BMP,BSI,BVB,BVH,CMG,CSV,CTG,DCM,DGW,DIG,DPM,DXG,EIB,ELC,EVF,FPT,FRT,GAS,GEX,GMD,GVR,HAH,HCM,HDB,HDG,HPG,HSG,KDH,KLB,LPB,MBB,MBS,MCH,MSB,MSN,MWG,NAB,NKG,NLG,NT2,NVL,OCB,PDR,PGB,PHR,PLX,PNJ,POW,PPC,PVT,REE,SAB,SCR,SHB,SSB,SSI,STB,TCB,TPB,VBB,VCB,VCG,VCI,VGC,VHC,VHM,VIB,VIC,VJC,VND,VNM,VPB,VRE,VSC",0.10309605388460427,0.10309605388460427,0.011461453362326185,0.011461453362326185,0.0,0.0,0.005,20
topk_nonoverlap_v2,D_all,LogisticRegression,2025-04-25,2025-05-28,2025-04-25,5,random_topk_deterministic,5,"BID,BSI,DCM,NT2,PHR",0.0756922053701313,0.0716922053701313,-0.01594239515214672,-0.01994239515214672,0.7999999999999999,0.004,0.005,20
topk_nonoverlap_v2,D_all,LogisticRegression,2025-04-25,2025-05-28,2025-04-25,10,model_topk,10,"CTG,FRT,HSG,MBB,NVL,PDR,SSI,VNM,VPB,VRE",0.09845749855872327,0.09495749855872326,0.006822898036445169,0.0033228980364451684,0.7000000000000001,0.0035000000000000005,0.005,20
topk_nonoverlap_v2,D_all,LogisticRegression,2025-04-25,2025-05-28,2025-04-25,10,equal_weight_universe,80,"ABB,ACB,ANV,BAB,BCM,BID,BMP,BSI,BVB,BVH,CMG,CSV,CTG,DCM,DGW,DIG,DPM,DXG,EIB,ELC,EVF,FPT,FRT,GAS,GEX,GMD,GVR,HAH,HCM,HDB,HDG,HPG,HSG,KDH,KLB,LPB,MBB,MBS,MCH,MSB,MSN,MWG,NAB,NKG,NLG,NT2,NVL,OCB,PDR,PGB,PHR,PLX,PNJ,POW,PPC,PVT,REE,SAB,SCR,SHB,SSB,SSI,STB,TCB,TPB,VBB,VCB,VCG,VCI,VGC,VHC,VHM,VIB,VIC,VJC,VND,VNM,VPB,VRE,VSC",0.10309605388460427,0.10309605388460427,0.011461453362326185,0.011461453362326185,0.0,0.0,0.005,20
topk_nonoverlap_v2,D_all,LogisticRegression,2025-04-25,2025-05-28,2025-04-25,10,random_topk_deterministic,10,"DIG,FPT,HAH,HCM,PGB,PHR,PPC,STB,VJC,VRE",0.10118331552304657,0.09618331552304657,0.009548715000768501,0.0045487150007685,1.0000000000000002,0.005000000000000001,0.005,20
topk_nonoverlap_v2,D_all,LogisticRegression,2025-05-28,2025-06-25,2025-05-28,5,model_topk,5,"CTG,FRT,HSG,PDR,VNM",0.0308602541437753,0.0288602541437753,0.012318964749124481,0.010318964749124481,0.4,0.002,0.005,20
topk_nonoverlap_v2,D_all,LogisticRegression,2025-05-28,2025-06-25,2025-05-28,5,equal_weight_universe,80,"ABB,ACB,ANV,BAB,BCM,BID,BMP,BSI,BVB,BVH,CMG,CSV,CTG,DCM,DGW,DIG,DPM,DXG,EIB,ELC,EVF,FPT,FRT,GAS,GEX,GMD,GVR,HAH,HCM,HDB,HDG,HPG,HSG,KDH,KLB,LPB,MBB,MBS,MCH,MSB,MSN,MWG,NAB,NKG,NLG,NT2,NVL,OCB,PDR,PGB,PHR,PLX,PNJ,POW,PPC,PVT,REE,SAB,SCR,SHB,SSB,SSI,STB,TCB,TPB,VBB,VCB,VCG,VCI,VGC,VHC,VHM,VIB,VIC,VJC,VND,VNM,VPB,VRE,VSC",0.026681130322015346,0.026681130322015346,0.008139840927364526,0.008139840927364526,0.0,0.0,0.005,20
topk_nonoverlap_v2,D_all,LogisticRegression,2025-05-28,2025-06-25,2025-05-28,5,random_topk_deterministic,5,"BCM,SSI,STB,VHC,VSC",0.008787949881044959,0.0037879498810449597,-0.009753339513605838,-0.014753339513605837,0.9999999999999999,0.004999999999999999,0.005,20
topk_nonoverlap_v2,D_all,LogisticRegression,2025-05-28,2025-06-25,2025-05-28,10,model_topk,10,"CTG,FRT,HSG,MBB,NAB,PDR,VIB,VNM,VPB,VRE",0.007871374935963028,0.006871374935963028,-0.01066991445868781,-0.01166991445868781,0.2,0.001,0.005,20
topk_nonoverlap_v2,D_all,LogisticRegression,2025-05-28,2025-06-25,2025-05-28,10,equal_weight_universe,80,"ABB,ACB,ANV,BAB,BCM,BID,BMP,BSI,BVB,BVH,CMG,CSV,CTG,DCM,DGW,DIG,DPM,DXG,EIB,ELC,EVF,FPT,FRT,GAS,GEX,GMD,GVR,HAH,HCM,HDB,HDG,HPG,HSG,KDH,KLB,LPB,MBB,MBS,MCH,MSB,MSN,MWG,NAB,NKG,NLG,NT2,NVL,OCB,PDR,PGB,PHR,PLX,PNJ,POW,PPC,PVT,REE,SAB,SCR,SHB,SSB,SSI,STB,TCB,TPB,VBB,VCB,VCG,VCI,VGC,VHC,VHM,VIB,VIC,VJC,VND,VNM,VPB,VRE,VSC",0.026681130322015346,0.026681130322015346,0.008139840927364526,0.008139840927364526,0.0,0.0,0.005,20
topk_nonoverlap_v2,D_all,LogisticRegression,2025-05-28,2025-06-25,2025-05-28,10,random_topk_deterministic,10,"BCM,BVB,BVH,DPM,EIB,FPT,MSB,MWG,NKG,VHC",0.022840263552320033,0.018340263552320032,0.00429897415766922,-0.00020102584233078116,0.9000000000000002,0.004500000000000001,0.005,20
topk_nonoverlap_v2,D_all,LogisticRegression,2025-06-25,2025-07-23,2025-06-25,5,model_topk,5,"CTG,FRT,HSG,PDR,VNM",0.11841775899338951,0.11841775899338951,0.01191693587284822,0.01191693587284822,0.0,0.0,0.005,20
topk_nonoverlap_v2,D_all,LogisticRegression,2025-06-25,2025-07-23,2025-06-25,5,equal_weight_universe,80,"ABB,ACB,ANV,BAB,BCM,BID,BMP,BSI,BVB,BVH,CMG,CSV,CTG,DCM,DGW,DIG,DPM,DXG,EIB,ELC,EVF,FPT,FRT,GAS,GEX,GMD,GVR,HAH,HCM,HDB,HDG,HPG,HSG,KDH,KLB,LPB,MBB,MBS,MCH,MSB,MSN,MWG,NAB,NKG,NLG,NT2,NVL,OCB,PDR,PGB,PHR,PLX,PNJ,POW,PPC,PVT,REE,SAB,SCR,SHB,SSB,SSI,STB,TCB,TPB,VBB,VCB,VCG,VCI,VGC,VHC,VHM,VIB,VIC,VJC,VND,VNM,VPB,VRE,VSC",0.11601544390767823,0.11601544390767823,0.009514620787136937,0.009514620787136937,0.0,0.0,0.005,20
topk_nonoverlap_v2,D_all,LogisticRegression,2025-06-25,2025-07-23,2025-06-25,5,random_topk_deterministic,5,"BID,CMG,GVR,NLG,PNJ",0.08307826998452346,0.07807826998452345,-0.023422553136017783,-0.028422553136017784,0.9999999999999999,0.004999999999999999,0.005,20
topk_nonoverlap_v2,D_all,LogisticRegression,2025-06-25,2025-07-23,2025-06-25,10,model_topk,10,"BID,CTG,FRT,HSG,MBB,PDR,VIB,VNM,VPB,VRE",0.13119175784135867,0.13069175784135867,0.02469093472081739,0.02419093472081739,0.1,0.0005,0.005,20
topk_nonoverlap_v2,D_all,LogisticRegression,2025-06-25,2025-07-23,2025-06-25,10,equal_weight_universe,80,"ABB,ACB,ANV,BAB,BCM,BID,BMP,BSI,BVB,BVH,CMG,CSV,CTG,DCM,DGW,DIG,DPM,DXG,EIB,ELC,EVF,FPT,FRT,GAS,GEX,GMD,GVR,HAH,HCM,HDB,HDG,HPG,HSG,KDH,KLB,LPB,MBB,MBS,MCH,MSB,MSN,MWG,NAB,NKG,NLG,NT2,NVL,OCB,PDR,PGB,PHR,PLX,PNJ,POW,PPC,PVT,REE,SAB,SCR,SHB,SSB,SSI,STB,TCB,TPB,VBB,VCB,VCG,VCI,VGC,VHC,VHM,VIB,VIC,VJC,VND,VNM,VPB,VRE,VSC",0.11601544390767823,0.11601544390767823,0.009514620787136937,0.009514620787136937,0.0,0.0,0.005,20
topk_nonoverlap_v2,D_all,LogisticRegression,2025-06-25,2025-07-23,2025-06-25,10,random_topk_deterministic,10,"DGW,DIG,HAH,NAB,OCB,PLX,SSI,TPB,VCI,VPB",0.14805779199272145,0.14305779199272145,0.04155696887218015,0.03655696887218014,1.0000000000000002,0.005000000000000001,0.005,20
topk_nonoverlap_v2,D_all,LogisticRegression,2025-07-23,2025-08-20,2025-07-23,5,model_topk,5,"MBS,MSN,MWG,NVL,VCI",0.12399791734232508,0.11899791734232508,0.023456361708890334,0.018456361708890333,0.9999999999999999,0.004999999999999999,0.005,20
topk_nonoverlap_v2,D_all,LogisticRegression,2025-07-23,2025-08-20,2025-07-23,5,equal_weight_universe,80,"ABB,ACB,ANV,BAB,BCM,BID,BMP,BSI,BVB,BVH,CMG,CSV,CTG,DCM,DGW,DIG,DPM,DXG,EIB,ELC,EVF,FPT,FRT,GAS,GEX,GMD,GVR,HAH,HCM,HDB,HDG,HPG,HSG,KDH,KLB,LPB,MBB,MBS,MCH,MSB,MSN,MWG,NAB,NKG,NLG,NT2,NVL,OCB,PDR,PGB,PHR,PLX,PNJ,POW,PPC,PVT,REE,SAB,SCR,SHB,SSB,SSI,STB,TCB,TPB,VBB,VCB,VCG,VCI,VGC,VHC,VHM,VIB,VIC,VJC,VND,VNM,VPB,VRE,VSC",0.11862726193998803,0.11862726193998803,0.018085706306553245,0.018085706306553245,0.0,0.0,0.005,20
topk_nonoverlap_v2,D_all,LogisticRegression,2025-07-23,2025-08-20,2025-07-23,5,random_topk_deterministic,5,"BAB,DIG,HPG,STB,VIB",0.16727127631968924,0.16227127631968924,0.06672972068625446,0.061729720686254465,0.9999999999999999,0.004999999999999999,0.005,20
topk_nonoverlap_v2,D_all,LogisticRegression,2025-07-23,2025-08-20,2025-07-23,10,model_topk,10,"GEX,HDB,MBS,MSN,MWG,NVL,POW,REE,VCI,VPB",0.15903934956704005,0.15453934956704005,0.058497793933605255,0.05399779393360525,0.9000000000000002,0.004500000000000001,0.005,20
topk_nonoverlap_v2,D_all,LogisticRegression,2025-07-23,2025-08-20,2025-07-23,10,equal_weight_universe,80,"ABB,ACB,ANV,BAB,BCM,BID,BMP,BSI,BVB,BVH,CMG,CSV,CTG,DCM,DGW,DIG,DPM,DXG,EIB,ELC,EVF,FPT,FRT,GAS,GEX,GMD,GVR,HAH,HCM,HDB,HDG,HPG,HSG,KDH,KLB,LPB,MBB,MBS,MCH,MSB,MSN,MWG,NAB,NKG,NLG,NT2,NVL,OCB,PDR,PGB,PHR,PLX,PNJ,POW,PPC,PVT,REE,SAB,SCR,SHB,SSB,SSI,STB,TCB,TPB,VBB,VCB,VCG,VCI,VGC,VHC,VHM,VIB,VIC,VJC,VND,VNM,VPB,VRE,VSC",0.11862726193998803,0.11862726193998803,0.018085706306553245,0.018085706306553245,0.0,0.0,0.005,20
topk_nonoverlap_v2,D_all,LogisticRegression,2025-07-23,2025-08-20,2025-07-23,10,random_topk_deterministic,10,"BVH,DIG,ELC,MBB,MCH,NLG,POW,SSI,TCB,VIB",0.13661526741074725,0.13261526741074725,0.03607371177731243,0.03207371177731243,0.8000000000000002,0.004000000000000001,0.005,20
topk_nonoverlap_v2,D_all,LogisticRegression,2025-08-20,2025-09-19,2025-08-20,5,model_topk,5,"MBS,MSN,MWG,NVL,VCI",-0.03066610408971506,-0.03066610408971506,-0.02721733098774195,-0.02721733098774195,0.0,0.0,0.005,20
topk_nonoverlap_v2,D_all,LogisticRegression,2025-08-20,2025-09-19,2025-08-20,5,equal_weight_universe,80,"ABB,ACB,ANV,BAB,BCM,BID,BMP,BSI,BVB,BVH,CMG,CSV,CTG,DCM,DGW,DIG,DPM,DXG,EIB,ELC,EVF,FPT,FRT,GAS,GEX,GMD,GVR,HAH,HCM,HDB,HDG,HPG,HSG,KDH,KLB,LPB,MBB,MBS,MCH,MSB,MSN,MWG,NAB,NKG,NLG,NT2,NVL,OCB,PDR,PGB,PHR,PLX,PNJ,POW,PPC,PVT,REE,SAB,SCR,SHB,SSB,SSI,STB,TCB,TPB,VBB,VCB,VCG,VCI,VGC,VHC,VHM,VIB,VIC,VJC,VND,VNM,VPB,VRE,VSC",-0.012411640265388761,-0.012411640265388761,-0.008962867163415647,-0.008962867163415647,0.0,0.0,0.005,20
topk_nonoverlap_v2,D_all,LogisticRegression,2025-08-20,2025-09-19,2025-08-20,5,random_topk_deterministic,5,"BSI,EIB,PDR,POW,TCB",-0.08616854890745428,-0.09116854890745428,-0.08271977580548118,-0.08771977580548118,0.9999999999999999,0.004999999999999999,0.005,20
topk_nonoverlap_v2,D_all,LogisticRegression,2025-08-20,2025-09-19,2025-08-20,10,model_topk,10,"GEX,HPG,MBS,MSN,MWG,NVL,POW,REE,VCI,VPB",-0.02499981322127429,-0.02549981322127429,-0.02155104011930118,-0.02205104011930118,0.1,0.0005,0.005,20
topk_nonoverlap_v2,D_all,LogisticRegression,2025-08-20,2025-09-19,2025-08-20,10,equal_weight_universe,80,"ABB,ACB,ANV,BAB,BCM,BID,BMP,BSI,BVB,BVH,CMG,CSV,CTG,DCM,DGW,DIG,DPM,DXG,EIB,ELC,EVF,FPT,FRT,GAS,GEX,GMD,GVR,HAH,HCM,HDB,HDG,HPG,HSG,KDH,KLB,LPB,MBB,MBS,MCH,MSB,MSN,MWG,NAB,NKG,NLG,NT2,NVL,OCB,PDR,PGB,PHR,PLX,PNJ,POW,PPC,PVT,REE,SAB,SCR,SHB,SSB,SSI,STB,TCB,TPB,VBB,VCB,VCG,VCI,VGC,VHC,VHM,VIB,VIC,VJC,VND,VNM,VPB,VRE,VSC",-0.012411640265388761,-0.012411640265388761,-0.008962867163415647,-0.008962867163415647,0.0,0.0,0.005,20
topk_nonoverlap_v2,D_all,LogisticRegression,2025-08-20,2025-09-19,2025-08-20,10,random_topk_deterministic,10,"BCM,BID,BSI,FPT,HDB,PGB,REE,SHB,VIB,VPB",-0.053374772546867844,-0.05787477254686785,-0.04992599944489474,-0.05442599944489474,0.9000000000000002,0.004500000000000001,0.005,20
topk_nonoverlap_v2,D_all,LogisticRegression,2025-09-19,2025-10-17,2025-09-19,5,model_topk,5,"MBS,MSN,MWG,NVL,VCI",0.03531958044843486,0.03531958044843486,-0.0084336601974034,-0.0084336601974034,0.0,0.0,0.005,20
topk_nonoverlap_v2,D_all,LogisticRegression,2025-09-19,2025-10-17,2025-09-19,5,equal_weight_universe,80,"ABB,ACB,ANV,BAB,BCM,BID,BMP,BSI,BVB,BVH,CMG,CSV,CTG,DCM,DGW,DIG,DPM,DXG,EIB,ELC,EVF,FPT,FRT,GAS,GEX,GMD,GVR,HAH,HCM,HDB,HDG,HPG,HSG,KDH,KLB,LPB,MBB,MBS,MCH,MSB,MSN,MWG,NAB,NKG,NLG,NT2,NVL,OCB,PDR,PGB,PHR,PLX,PNJ,POW,PPC,PVT,REE,SAB,SCR,SHB,SSB,SSI,STB,TCB,TPB,VBB,VCB,VCG,VCI,VGC,VHC,VHM,VIB,VIC,VJC,VND,VNM,VPB,VRE,VSC",0.0075955101855792375,0.0075955101855792375,-0.03615773046025904,-0.03615773046025904,0.0,0.0,0.005,20
topk_nonoverlap_v2,D_all,LogisticRegression,2025-09-19,2025-10-17,2025-09-19,5,random_topk_deterministic,5,"BVB,EIB,MCH,NT2,VSC",-0.02022824520395234,-0.02422824520395234,-0.06398148584979065,-0.06798148584979065,0.7999999999999999,0.004,0.005,20
topk_nonoverlap_v2,D_all,LogisticRegression,2025-09-19,2025-10-17,2025-09-19,10,model_topk,10,"GEX,HPG,MBS,MSN,MWG,NVL,POW,REE,VCI,VPB",0.0166245447971568,0.0166245447971568,-0.027128695848681484,-0.027128695848681484,0.0,0.0,0.005,20
topk_nonoverlap_v2,D_all,LogisticRegression,2025-09-19,2025-10-17,2025-09-19,10,equal_weight_universe,80,"ABB,ACB,ANV,BAB,BCM,BID,BMP,BSI,BVB,BVH,CMG,CSV,CTG,DCM,DGW,DIG,DPM,DXG,EIB,ELC,EVF,FPT,FRT,GAS,GEX,GMD,GVR,HAH,HCM,HDB,HDG,HPG,HSG,KDH,KLB,LPB,MBB,MBS,MCH,MSB,MSN,MWG,NAB,NKG,NLG,NT2,NVL,OCB,PDR,PGB,PHR,PLX,PNJ,POW,PPC,PVT,REE,SAB,SCR,SHB,SSB,SSI,STB,TCB,TPB,VBB,VCB,VCG,VCI,VGC,VHC,VHM,VIB,VIC,VJC,VND,VNM,VPB,VRE,VSC",0.0075955101855792375,0.0075955101855792375,-0.03615773046025904,-0.03615773046025904,0.0,0.0,0.005,20
topk_nonoverlap_v2,D_all,LogisticRegression,2025-09-19,2025-10-17,2025-09-19,10,random_topk_deterministic,10,"DXG,HCM,HDG,MSN,NKG,POW,PVT,VBB,VCB,VNM",-0.008549808705419059,-0.01354980870541906,-0.05230304935125736,-0.057303049351257365,1.0000000000000002,0.005000000000000001,0.005,20
topk_nonoverlap_v2,D_all,LogisticRegression,2025-10-17,2025-11-14,2025-10-17,5,model_topk,5,"DIG,OCB,PLX,VIC,VRE",-0.07393086275832494,-0.07893086275832495,-0.018633639461055458,-0.023633639461055456,0.9999999999999999,0.004999999999999999,0.005,20
topk_nonoverlap_v2,D_all,LogisticRegression,2025-10-17,2025-11-14,2025-10-17,5,equal_weight_universe,80,"ABB,ACB,ANV,BAB,BCM,BID,BMP,BSI,BVB,BVH,CMG,CSV,CTG,DCM,DGW,DIG,DPM,DXG,EIB,ELC,EVF,FPT,FRT,GAS,GEX,GMD,GVR,HAH,HCM,HDB,HDG,HPG,HSG,KDH,KLB,LPB,MBB,MBS,MCH,MSB,MSN,MWG,NAB,NKG,NLG,NT2,NVL,OCB,PDR,PGB,PHR,PLX,PNJ,POW,PPC,PVT,REE,SAB,SCR,SHB,SSB,SSI,STB,TCB,TPB,VBB,VCB,VCG,VCI,VGC,VHC,VHM,VIB,VIC,VJC,VND,VNM,VPB,VRE,VSC",-0.034949749742080496,-0.034949749742080496,0.02034747355518898,0.02034747355518898,0.0,0.0,0.005,20
topk_nonoverlap_v2,D_all,LogisticRegression,2025-10-17,2025-11-14,2025-10-17,5,random_topk_deterministic,5,"DGW,GEX,OCB,PPC,VND",-0.08923609703968856,-0.09423609703968856,-0.03393887374241909,-0.03893887374241909,0.9999999999999999,0.004999999999999999,0.005,20
topk_nonoverlap_v2,D_all,LogisticRegression,2025-10-17,2025-11-14,2025-10-17,10,model_topk,10,"BVH,DIG,HCM,HPG,MSN,OCB,PLX,TPB,VIC,VRE",-0.06294849575497082,-0.06694849575497082,-0.007651272457701331,-0.011651272457701332,0.8000000000000002,0.004000000000000001,0.005,20
topk_nonoverlap_v2,D_all,LogisticRegression,2025-10-17,2025-11-14,2025-10-17,10,equal_weight_universe,80,"ABB,ACB,ANV,BAB,BCM,BID,BMP,BSI,BVB,BVH,CMG,CSV,CTG,DCM,DGW,DIG,DPM,DXG,EIB,ELC,EVF,FPT,FRT,GAS,GEX,GMD,GVR,HAH,HCM,HDB,HDG,HPG,HSG,KDH,KLB,LPB,MBB,MBS,MCH,MSB,MSN,MWG,NAB,NKG,NLG,NT2,NVL,OCB,PDR,PGB,PHR,PLX,PNJ,POW,PPC,PVT,REE,SAB,SCR,SHB,SSB,SSI,STB,TCB,TPB,VBB,VCB,VCG,VCI,VGC,VHC,VHM,VIB,VIC,VJC,VND,VNM,VPB,VRE,VSC",-0.034949749742080496,-0.034949749742080496,0.02034747355518898,0.02034747355518898,0.0,0.0,0.005,20
topk_nonoverlap_v2,D_all,LogisticRegression,2025-10-17,2025-11-14,2025-10-17,10,random_topk_deterministic,10,"BSI,DIG,HCM,KLB,MSN,NT2,OCB,PPC,SAB,SHB",-0.05052717172427716,-0.054527171724277165,0.004770051572992308,0.0007700515729923071,0.8000000000000002,0.004000000000000001,0.005,20
topk_nonoverlap_v2,D_all,LogisticRegression,2025-11-14,2025-12-12,2025-11-14,5,model_topk,5,"DIG,OCB,PLX,VIC,VRE",0.009400190533041438,0.009400190533041438,0.0024113311295708346,0.0024113311295708346,0.0,0.0,0.005,20
topk_nonoverlap_v2,D_all,LogisticRegression,2025-11-14,2025-12-12,2025-11-14,5,equal_weight_universe,80,"ABB,ACB,ANV,BAB,BCM,BID,BMP,BSI,BVB,BVH,CMG,CSV,CTG,DCM,DGW,DIG,DPM,DXG,EIB,ELC,EVF,FPT,FRT,GAS,GEX,GMD,GVR,HAH,HCM,HDB,HDG,HPG,HSG,KDH,KLB,LPB,MBB,MBS,MCH,MSB,MSN,MWG,NAB,NKG,NLG,NT2,NVL,OCB,PDR,PGB,PHR,PLX,PNJ,POW,PPC,PVT,REE,SAB,SCR,SHB,SSB,SSI,STB,TCB,TPB,VBB,VCB,VCG,VCI,VGC,VHC,VHM,VIB,VIC,VJC,VND,VNM,VPB,VRE,VSC",-0.04846450569060197,-0.04846450569060197,-0.05545336509407256,-0.05545336509407256,0.0,0.0,0.005,20
topk_nonoverlap_v2,D_all,LogisticRegression,2025-11-14,2025-12-12,2025-11-14,5,random_topk_deterministic,5,"BID,GEX,PDR,REE,VJC",-0.059240200629824505,-0.06324020062982451,-0.0662290600332951,-0.0702290600332951,0.7999999999999999,0.004,0.005,20
topk_nonoverlap_v2,D_all,LogisticRegression,2025-11-14,2025-12-12,2025-11-14,10,model_topk,10,"BVH,DIG,HCM,HPG,MSN,OCB,PLX,TPB,VIC,VRE",-0.014988461816515511,-0.014988461816515511,-0.021977321219986114,-0.021977321219986114,0.0,0.0,0.005,20
topk_nonoverlap_v2,D_all,LogisticRegression,2025-11-14,2025-12-12,2025-11-14,10,equal_weight_universe,80,"ABB,ACB,ANV,BAB,BCM,BID,BMP,BSI,BVB,BVH,CMG,CSV,CTG,DCM,DGW,DIG,DPM,DXG,EIB,ELC,EVF,FPT,FRT,GAS,GEX,GMD,GVR,HAH,HCM,HDB,HDG,HPG,HSG,KDH,KLB,LPB,MBB,MBS,MCH,MSB,MSN,MWG,NAB,NKG,NLG,NT2,NVL,OCB,PDR,PGB,PHR,PLX,PNJ,POW,PPC,PVT,REE,SAB,SCR,SHB,SSB,SSI,STB,TCB,TPB,VBB,VCB,VCG,VCI,VGC,VHC,VHM,VIB,VIC,VJC,VND,VNM,VPB,VRE,VSC",-0.04846450569060197,-0.04846450569060197,-0.05545336509407256,-0.05545336509407256,0.0,0.0,0.005,20
topk_nonoverlap_v2,D_all,LogisticRegression,2025-11-14,2025-12-12,2025-11-14,10,random_topk_deterministic,10,"CMG,DIG,MBB,NKG,PGB,PPC,SAB,VCI,VIC,VPB",-0.00673578314920664,-0.01023578314920664,-0.013724642552677243,-0.017224642552677243,0.7000000000000001,0.0035000000000000005,0.005,20
topk_nonoverlap_v2,D_all,LogisticRegression,2025-12-12,2026-01-13,2025-12-12,5,model_topk,5,"DIG,OCB,PLX,VIC,VRE",0.13825627557247222,0.13825627557247222,-0.01721251712163608,-0.01721251712163608,0.0,0.0,0.005,20
topk_nonoverlap_v2,D_all,LogisticRegression,2025-12-12,2026-01-13,2025-12-12,5,equal_weight_universe,80,"ABB,ACB,ANV,BAB,BCM,BID,BMP,BSI,BVB,BVH,CMG,CSV,CTG,DCM,DGW,DIG,DPM,DXG,EIB,ELC,EVF,FPT,FRT,GAS,GEX,GMD,GVR,HAH,HCM,HDB,HDG,HPG,HSG,KDH,KLB,LPB,MBB,MBS,MCH,MSB,MSN,MWG,NAB,NKG,NLG,NT2,NVL,OCB,PDR,PGB,PHR,PLX,PNJ,POW,PPC,PVT,REE,SAB,SCR,SHB,SSB,SSI,STB,TCB,TPB,VBB,VCB,VCG,VCI,VGC,VHC,VHM,VIB,VIC,VJC,VND,VNM,VPB,VRE,VSC",0.10005516818208375,0.10005516818208375,-0.055413624512024494,-0.055413624512024494,0.0,0.0,0.005,20
topk_nonoverlap_v2,D_all,LogisticRegression,2025-12-12,2026-01-13,2025-12-12,5,random_topk_deterministic,5,"BCM,CTG,GVR,HDG,SSI",0.14545353941494624,0.14045353941494623,-0.010015253279162079,-0.015015253279162078,0.9999999999999999,0.004999999999999999,0.005,20
topk_nonoverlap_v2,D_all,LogisticRegression,2025-12-12,2026-01-13,2025-12-12,10,model_topk,10,"BVH,DIG,HCM,HPG,MSN,OCB,PLX,TPB,VIC,VRE",0.1360055765614506,0.1360055765614506,-0.01946321613265769,-0.01946321613265769,0.0,0.0,0.005,20
topk_nonoverlap_v2,D_all,LogisticRegression,2025-12-12,2026-01-13,2025-12-12,10,equal_weight_universe,80,"ABB,ACB,ANV,BAB,BCM,BID,BMP,BSI,BVB,BVH,CMG,CSV,CTG,DCM,DGW,DIG,DPM,DXG,EIB,ELC,EVF,FPT,FRT,GAS,GEX,GMD,GVR,HAH,HCM,HDB,HDG,HPG,HSG,KDH,KLB,LPB,MBB,MBS,MCH,MSB,MSN,MWG,NAB,NKG,NLG,NT2,NVL,OCB,PDR,PGB,PHR,PLX,PNJ,POW,PPC,PVT,REE,SAB,SCR,SHB,SSB,SSI,STB,TCB,TPB,VBB,VCB,VCG,VCI,VGC,VHC,VHM,VIB,VIC,VJC,VND,VNM,VPB,VRE,VSC",0.10005516818208375,0.10005516818208375,-0.055413624512024494,-0.055413624512024494,0.0,0.0,0.005,20
topk_nonoverlap_v2,D_all,LogisticRegression,2025-12-12,2026-01-13,2025-12-12,10,random_topk_deterministic,10,"ABB,BAB,DPM,ELC,GVR,MBB,PPC,PVT,TCB,VBB",0.11715897328058049,0.11315897328058049,-0.038309819413527735,-0.04230981941352774,0.8000000000000002,0.004000000000000001,0.005,20
topk_nonoverlap_v2,D_all,LogisticRegression,2026-01-13,2026-02-10,2026-01-13,5,model_topk,5,"HPG,MSB,MWG,SAB,SSB",-0.034595673307131716,-0.039595673307131714,0.04365208147102614,0.03865208147102614,0.9999999999999999,0.004999999999999999,0.005,20
topk_nonoverlap_v2,D_all,LogisticRegression,2026-01-13,2026-02-10,2026-01-13,5,equal_weight_universe,79,"ABB,ACB,ANV,BAB,BCM,BID,BMP,BSI,BVB,BVH,CMG,CSV,CTG,DCM,DGW,DIG,DPM,DXG,EIB,ELC,EVF,FPT,FRT,GAS,GEX,GMD,GVR,HAH,HCM,HDB,HDG,HPG,HSG,KDH,LPB,MBB,MBS,MCH,MSB,MSN,MWG,NAB,NKG,NLG,NT2,NVL,OCB,PDR,PGB,PHR,PLX,PNJ,POW,PPC,PVT,REE,SAB,SCR,SHB,SSB,SSI,STB,TCB,TPB,VBB,VCB,VCG,VCI,VGC,VHC,VHM,VIB,VIC,VJC,VND,VNM,VPB,VRE,VSC",-0.04299521736466737,-0.04305771736466737,0.03525253741349052,0.03519003741349052,0.012499999999999994,6.249999999999997e-05,0.005,20
topk_nonoverlap_v2,D_all,LogisticRegression,2026-01-13,2026-02-10,2026-01-13,5,random_topk_deterministic,5,"EIB,MSN,PLX,PPC,SSI",-0.021283710812194157,-0.025283710812194157,0.05696404396596374,0.05296404396596374,0.7999999999999999,0.004,0.005,20
topk_nonoverlap_v2,D_all,LogisticRegression,2026-01-13,2026-02-10,2026-01-13,10,model_topk,10,"BVB,HPG,HSG,MSB,MSN,MWG,SAB,SHB,SSB,VBB",-0.037264055541819094,-0.0412640555418191,0.040983699236338766,0.03698369923633876,0.8000000000000002,0.004000000000000001,0.005,20
topk_nonoverlap_v2,D_all,LogisticRegression,2026-01-13,2026-02-10,2026-01-13,10,equal_weight_universe,79,"ABB,ACB,ANV,BAB,BCM,BID,BMP,BSI,BVB,BVH,CMG,CSV,CTG,DCM,DGW,DIG,DPM,DXG,EIB,ELC,EVF,FPT,FRT,GAS,GEX,GMD,GVR,HAH,HCM,HDB,HDG,HPG,HSG,KDH,LPB,MBB,MBS,MCH,MSB,MSN,MWG,NAB,NKG,NLG,NT2,NVL,OCB,PDR,PGB,PHR,PLX,PNJ,POW,PPC,PVT,REE,SAB,SCR,SHB,SSB,SSI,STB,TCB,TPB,VBB,VCB,VCG,VCI,VGC,VHC,VHM,VIB,VIC,VJC,VND,VNM,VPB,VRE,VSC",-0.04299521736466737,-0.04305771736466737,0.03525253741349052,0.03519003741349052,0.012499999999999994,6.249999999999997e-05,0.005,20
topk_nonoverlap_v2,D_all,LogisticRegression,2026-01-13,2026-02-10,2026-01-13,10,random_topk_deterministic,10,"EVF,KDH,MWG,NLG,PLX,PPC,STB,VGC,VIB,VND",-0.01623817907381785,-0.02073817907381785,0.06200957570434005,0.057509575704340045,0.9000000000000002,0.004500000000000001,0.005,20
topk_nonoverlap_v2,D_all,LogisticRegression,2026-02-10,2026-03-17,2026-02-10,5,model_topk,5,"HPG,MSB,MWG,SAB,SSB",-0.037633702470251294,-0.037633702470251294,-0.01269684278142046,-0.01269684278142046,0.0,0.0,0.005,20
topk_nonoverlap_v2,D_all,LogisticRegression,2026-02-10,2026-03-17,2026-02-10,5,equal_weight_universe,80,"ABB,ACB,ANV,BAB,BCM,BID,BMP,BSI,BVB,BVH,CMG,CSV,CTG,DCM,DGW,DIG,DPM,DXG,EIB,ELC,EVF,FPT,FRT,GAS,GEX,GMD,GVR,HAH,HCM,HDB,HDG,HPG,HSG,KDH,KLB,LPB,MBB,MBS,MCH,MSB,MSN,MWG,NAB,NKG,NLG,NT2,NVL,OCB,PDR,PGB,PHR,PLX,PNJ,POW,PPC,PVT,REE,SAB,SCR,SHB,SSB,SSI,STB,TCB,TPB,VBB,VCB,VCG,VCI,VGC,VHC,VHM,VIB,VIC,VJC,VND,VNM,VPB,VRE,VSC",-0.01970451065964718,-0.01976701065964718,0.005232349029183678,0.005169849029183678,0.012499999999999994,6.249999999999997e-05,0.005,20
topk_nonoverlap_v2,D_all,LogisticRegression,2026-02-10,2026-03-17,2026-02-10,5,random_topk_deterministic,5,"ACB,ELC,NAB,NVL,VIB",-0.0218037764098315,-0.026803776409831497,0.003133083278999399,-0.0018669167210006,0.9999999999999999,0.004999999999999999,0.005,20
topk_nonoverlap_v2,D_all,LogisticRegression,2026-02-10,2026-03-17,2026-02-10,10,model_topk,10,"BVB,HPG,HSG,MSB,MSN,MWG,SAB,SHB,SSB,VBB",-0.04098393127305935,-0.04098393127305935,-0.0160470715842285,-0.0160470715842285,0.0,0.0,0.005,20
topk_nonoverlap_v2,D_all,LogisticRegression,2026-02-10,2026-03-17,2026-02-10,10,equal_weight_universe,80,"ABB,ACB,ANV,BAB,BCM,BID,BMP,BSI,BVB,BVH,CMG,CSV,CTG,DCM,DGW,DIG,DPM,DXG,EIB,ELC,EVF,FPT,FRT,GAS,GEX,GMD,GVR,HAH,HCM,HDB,HDG,HPG,HSG,KDH,KLB,LPB,MBB,MBS,MCH,MSB,MSN,MWG,NAB,NKG,NLG,NT2,NVL,OCB,PDR,PGB,PHR,PLX,PNJ,POW,PPC,PVT,REE,SAB,SCR,SHB,SSB,SSI,STB,TCB,TPB,VBB,VCB,VCG,VCI,VGC,VHC,VHM,VIB,VIC,VJC,VND,VNM,VPB,VRE,VSC",-0.01970451065964718,-0.01976701065964718,0.005232349029183678,0.005169849029183678,0.012499999999999994,6.249999999999997e-05,0.005,20
topk_nonoverlap_v2,D_all,LogisticRegression,2026-02-10,2026-03-17,2026-02-10,10,random_topk_deterministic,10,"BSI,DCM,DPM,EIB,HCM,MCH,SCR,SHB,VGC,VPB",0.012300597029243595,0.007800597029243594,0.037237456718074435,0.03273745671807443,0.9000000000000002,0.004500000000000001,0.005,20
topk_nonoverlap_v2,D_all,LogisticRegression,2026-03-17,2026-04-14,2026-03-17,5,model_topk,5,"HPG,MSB,MWG,SAB,SSB",0.04126404665436694,0.04126404665436694,0.0030483054642762185,0.0030483054642762185,0.0,0.0,0.005,20
topk_nonoverlap_v2,D_all,LogisticRegression,2026-03-17,2026-04-14,2026-03-17,5,equal_weight_universe,80,"ABB,ACB,ANV,BAB,BCM,BID,BMP,BSI,BVB,BVH,CMG,CSV,CTG,DCM,DGW,DIG,DPM,DXG,EIB,ELC,EVF,FPT,FRT,GAS,GEX,GMD,GVR,HAH,HCM,HDB,HDG,HPG,HSG,KDH,KLB,LPB,MBB,MBS,MCH,MSB,MSN,MWG,NAB,NKG,NLG,NT2,NVL,OCB,PDR,PGB,PHR,PLX,PNJ,POW,PPC,PVT,REE,SAB,SCR,SHB,SSB,SSI,STB,TCB,TPB,VBB,VCB,VCG,VCI,VGC,VHC,VHM,VIB,VIC,VJC,VND,VNM,VPB,VRE,VSC",0.035497025414320385,0.035497025414320385,-0.002718715775770324,-0.002718715775770324,0.0,0.0,0.005,20
topk_nonoverlap_v2,D_all,LogisticRegression,2026-03-17,2026-04-14,2026-03-17,5,random_topk_deterministic,5,"ANV,BVB,HSG,PHR,SCR",0.06344284004980216,0.058442840049802165,0.02522709885971146,0.02022709885971146,0.9999999999999999,0.004999999999999999,0.005,20
topk_nonoverlap_v2,D_all,LogisticRegression,2026-03-17,2026-04-14,2026-03-17,10,model_topk,10,"BVB,HPG,HSG,MSB,MSN,MWG,SAB,SHB,SSB,VBB",0.07993016420265545,0.07993016420265545,0.04171442301256474,0.04171442301256474,0.0,0.0,0.005,20
topk_nonoverlap_v2,D_all,LogisticRegression,2026-03-17,2026-04-14,2026-03-17,10,equal_weight_universe,80,"ABB,ACB,ANV,BAB,BCM,BID,BMP,BSI,BVB,BVH,CMG,CSV,CTG,DCM,DGW,DIG,DPM,DXG,EIB,ELC,EVF,FPT,FRT,GAS,GEX,GMD,GVR,HAH,HCM,HDB,HDG,HPG,HSG,KDH,KLB,LPB,MBB,MBS,MCH,MSB,MSN,MWG,NAB,NKG,NLG,NT2,NVL,OCB,PDR,PGB,PHR,PLX,PNJ,POW,PPC,PVT,REE,SAB,SCR,SHB,SSB,SSI,STB,TCB,TPB,VBB,VCB,VCG,VCI,VGC,VHC,VHM,VIB,VIC,VJC,VND,VNM,VPB,VRE,VSC",0.035497025414320385,0.035497025414320385,-0.002718715775770324,-0.002718715775770324,0.0,0.0,0.005,20
topk_nonoverlap_v2,D_all,LogisticRegression,2026-03-17,2026-04-14,2026-03-17,10,random_topk_deterministic,10,"BCM,KDH,MBS,MSB,MSN,NKG,NLG,PGB,VCG,VGC",0.034634873332645574,0.030134873332645574,-0.0035808678574450895,-0.008080867857445091,0.9000000000000002,0.004500000000000001,0.005,20
topk_nonoverlap_v2,D_all,LogisticRegression,2026-04-14,2026-05-15,2026-04-14,5,model_topk,5,"HDB,MSN,PDR,SAB,VBB",0.015479607270743597,0.011479607270743597,-0.06671564517202369,-0.0707156451720237,0.7999999999999999,0.004,0.005,20
topk_nonoverlap_v2,D_all,LogisticRegression,2026-04-14,2026-05-15,2026-04-14,5,equal_weight_universe,80,"ABB,ACB,ANV,BAB,BCM,BID,BMP,BSI,BVB,BVH,CMG,CSV,CTG,DCM,DGW,DIG,DPM,DXG,EIB,ELC,EVF,FPT,FRT,GAS,GEX,GMD,GVR,HAH,HCM,HDB,HDG,HPG,HSG,KDH,KLB,LPB,MBB,MBS,MCH,MSB,MSN,MWG,NAB,NKG,NLG,NT2,NVL,OCB,PDR,PGB,PHR,PLX,PNJ,POW,PPC,PVT,REE,SAB,SCR,SHB,SSB,SSI,STB,TCB,TPB,VBB,VCB,VCG,VCI,VGC,VHC,VHM,VIB,VIC,VJC,VND,VNM,VPB,VRE,VSC",0.0018808559012271336,0.0018808559012271336,-0.08031439654154023,-0.08031439654154023,0.0,0.0,0.005,20
topk_nonoverlap_v2,D_all,LogisticRegression,2026-04-14,2026-05-15,2026-04-14,5,random_topk_deterministic,5,"BMP,DCM,DGW,HCM,OCB",0.01564149501227732,0.01064149501227732,-0.0665537574304901,-0.0715537574304901,0.9999999999999999,0.004999999999999999,0.005,20
topk_nonoverlap_v2,D_all,LogisticRegression,2026-04-14,2026-05-15,2026-04-14,10,model_topk,10,"BVB,GEX,HDB,HPG,MCH,MSN,OCB,PDR,SAB,VBB",0.018498012105422738,0.01599801210542274,-0.06369724033734459,-0.06619724033734459,0.49999999999999994,0.0024999999999999996,0.005,20
topk_nonoverlap_v2,D_all,LogisticRegression,2026-04-14,2026-05-15,2026-04-14,10,equal_weight_universe,80,"ABB,ACB,ANV,BAB,BCM,BID,BMP,BSI,BVB,BVH,CMG,CSV,CTG,DCM,DGW,DIG,DPM,DXG,EIB,ELC,EVF,FPT,FRT,GAS,GEX,GMD,GVR,HAH,HCM,HDB,HDG,HPG,HSG,KDH,KLB,LPB,MBB,MBS,MCH,MSB,MSN,MWG,NAB,NKG,NLG,NT2,NVL,OCB,PDR,PGB,PHR,PLX,PNJ,POW,PPC,PVT,REE,SAB,SCR,SHB,SSB,SSI,STB,TCB,TPB,VBB,VCB,VCG,VCI,VGC,VHC,VHM,VIB,VIC,VJC,VND,VNM,VPB,VRE,VSC",0.0018808559012271336,0.0018808559012271336,-0.08031439654154023,-0.08031439654154023,0.0,0.0,0.005,20
topk_nonoverlap_v2,D_all,LogisticRegression,2026-04-14,2026-05-15,2026-04-14,10,random_topk_deterministic,10,"EVF,GEX,GVR,HDG,MBB,PLX,TCB,VGC,VNM,VSC",0.007319459267149342,0.0028194592671493407,-0.07487579317561802,-0.07937579317561802,0.9000000000000002,0.004500000000000001,0.005,20
topk_nonoverlap_v2,D_all,LogisticRegression,2026-05-15,2026-06-12,2026-05-15,5,model_topk,5,"HPG,MSN,PDR,SAB,VBB",-0.039398461484272035,-0.040398461484272036,0.028227475235128356,0.027227475235128355,0.2,0.001,0.005,20
topk_nonoverlap_v2,D_all,LogisticRegression,2026-05-15,2026-06-12,2026-05-15,5,equal_weight_universe,80,"ABB,ACB,ANV,BAB,BCM,BID,BMP,BSI,BVB,BVH,CMG,CSV,CTG,DCM,DGW,DIG,DPM,DXG,EIB,ELC,EVF,FPT,FRT,GAS,GEX,GMD,GVR,HAH,HCM,HDB,HDG,HPG,HSG,KDH,KLB,LPB,MBB,MBS,MCH,MSB,MSN,MWG,NAB,NKG,NLG,NT2,NVL,OCB,PDR,PGB,PHR,PLX,PNJ,POW,PPC,PVT,REE,SAB,SCR,SHB,SSB,SSI,STB,TCB,TPB,VBB,VCB,VCG,VCI,VGC,VHC,VHM,VIB,VIC,VJC,VND,VNM,VPB,VRE,VSC",-0.04302202297658324,-0.04302202297658324,0.024603913742817153,0.024603913742817153,0.0,0.0,0.005,20
topk_nonoverlap_v2,D_all,LogisticRegression,2026-05-15,2026-06-12,2026-05-15,5,random_topk_deterministic,5,"ABB,HAH,HDG,MCH,PDR",-0.03087158096212552,-0.03587158096212552,0.036754355757274836,0.03175435575727484,0.9999999999999999,0.004999999999999999,0.005,20
topk_nonoverlap_v2,D_all,LogisticRegression,2026-05-15,2026-06-12,2026-05-15,10,model_topk,10,"BVB,GEX,HDB,HPG,MCH,MSN,OCB,PDR,SAB,VBB",-0.03270315946219633,-0.03270315946219633,0.03492277725720407,0.03492277725720407,0.0,0.0,0.005,20
topk_nonoverlap_v2,D_all,LogisticRegression,2026-05-15,2026-06-12,2026-05-15,10,equal_weight_universe,80,"ABB,ACB,ANV,BAB,BCM,BID,BMP,BSI,BVB,BVH,CMG,CSV,CTG,DCM,DGW,DIG,DPM,DXG,EIB,ELC,EVF,FPT,FRT,GAS,GEX,GMD,GVR,HAH,HCM,HDB,HDG,HPG,HSG,KDH,KLB,LPB,MBB,MBS,MCH,MSB,MSN,MWG,NAB,NKG,NLG,NT2,NVL,OCB,PDR,PGB,PHR,PLX,PNJ,POW,PPC,PVT,REE,SAB,SCR,SHB,SSB,SSI,STB,TCB,TPB,VBB,VCB,VCG,VCI,VGC,VHC,VHM,VIB,VIC,VJC,VND,VNM,VPB,VRE,VSC",-0.04302202297658324,-0.04302202297658324,0.024603913742817153,0.024603913742817153,0.0,0.0,0.005,20
topk_nonoverlap_v2,D_all,LogisticRegression,2026-05-15,2026-06-12,2026-05-15,10,random_topk_deterministic,10,"BVB,EIB,EVF,GEX,HAH,MBB,NAB,PLX,STB,VIC",-0.052759705432640525,-0.05575970543264053,0.014866231286759828,0.011866231286759829,0.6,0.003,0.005,20
topk_nonoverlap_v2,D_all,RandomForest,2022-02-11,2022-03-11,2022-02-11,5,model_topk,5,"BID,MBB,MWG,PLX,TCB",-0.06589604257656176,-0.07089604257656176,-0.042476074673304845,-0.04747607467330484,1.0,0.005,0.005,20
topk_nonoverlap_v2,D_all,RandomForest,2022-02-11,2022-03-11,2022-02-11,5,equal_weight_universe,80,"ABB,ACB,ANV,BAB,BCM,BID,BMP,BSI,BVB,BVH,CMG,CSV,CTG,DCM,DGW,DIG,DPM,DXG,EIB,ELC,EVF,FPT,FRT,GAS,GEX,GMD,GVR,HAH,HCM,HDB,HDG,HPG,HSG,KDH,KLB,LPB,MBB,MBS,MCH,MSB,MSN,MWG,NAB,NKG,NLG,NT2,NVL,OCB,PDR,PGB,PHR,PLX,PNJ,POW,PPC,PVT,REE,SAB,SCR,SHB,SSB,SSI,STB,TCB,TPB,VBB,VCB,VCG,VCI,VGC,VHC,VHM,VIB,VIC,VJC,VND,VNM,VPB,VRE,VSC",0.02555258494849641,0.02055258494849641,0.048972552851753344,0.043972552851753346,1.0,0.005,0.005,20
topk_nonoverlap_v2,D_all,RandomForest,2022-02-11,2022-03-11,2022-02-11,5,random_topk_deterministic,5,"BMP,HDG,NAB,NKG,PHR",0.0360192915790591,0.0310192915790591,0.05943925948231606,0.054439259482316066,1.0,0.005,0.005,20
topk_nonoverlap_v2,D_all,RandomForest,2022-02-11,2022-03-11,2022-02-11,10,model_topk,10,"ABB,BID,CTG,KLB,MBB,MWG,PLX,PNJ,TCB,VPB",-0.046541364084598275,-0.05154136408459827,-0.02312139618134134,-0.02812139618134134,1.0,0.005,0.005,20
topk_nonoverlap_v2,D_all,RandomForest,2022-02-11,2022-03-11,2022-02-11,10,equal_weight_universe,80,"ABB,ACB,ANV,BAB,BCM,BID,BMP,BSI,BVB,BVH,CMG,CSV,CTG,DCM,DGW,DIG,DPM,DXG,EIB,ELC,EVF,FPT,FRT,GAS,GEX,GMD,GVR,HAH,HCM,HDB,HDG,HPG,HSG,KDH,KLB,LPB,MBB,MBS,MCH,MSB,MSN,MWG,NAB,NKG,NLG,NT2,NVL,OCB,PDR,PGB,PHR,PLX,PNJ,POW,PPC,PVT,REE,SAB,SCR,SHB,SSB,SSI,STB,TCB,TPB,VBB,VCB,VCG,VCI,VGC,VHC,VHM,VIB,VIC,VJC,VND,VNM,VPB,VRE,VSC",0.02555258494849641,0.02055258494849641,0.048972552851753344,0.043972552851753346,1.0,0.005,0.005,20
topk_nonoverlap_v2,D_all,RandomForest,2022-02-11,2022-03-11,2022-02-11,10,random_topk_deterministic,10,"ABB,BID,BSI,DIG,EVF,FRT,MBB,REE,SAB,VGC",0.041373597430899876,0.03637359743089988,0.06479356533415685,0.059793565334156855,1.0,0.005,0.005,20
topk_nonoverlap_v2,D_all,RandomForest,2022-03-11,2022-04-08,2022-03-11,5,model_topk,5,"KLB,MBB,PLX,TCB,VPB",0.03857404781533452,0.03657404781533452,0.0280322282945576,0.026032228294557598,0.4,0.002,0.005,20
topk_nonoverlap_v2,D_all,RandomForest,2022-03-11,2022-04-08,2022-03-11,5,equal_weight_universe,80,"ABB,ACB,ANV,BAB,BCM,BID,BMP,BSI,BVB,BVH,CMG,CSV,CTG,DCM,DGW,DIG,DPM,DXG,EIB,ELC,EVF,FPT,FRT,GAS,GEX,GMD,GVR,HAH,HCM,HDB,HDG,HPG,HSG,KDH,KLB,LPB,MBB,MBS,MCH,MSB,MSN,MWG,NAB,NKG,NLG,NT2,NVL,OCB,PDR,PGB,PHR,PLX,PNJ,POW,PPC,PVT,REE,SAB,SCR,SHB,SSB,SSI,STB,TCB,TPB,VBB,VCB,VCG,VCI,VGC,VHC,VHM,VIB,VIC,VJC,VND,VNM,VPB,VRE,VSC",0.006389860242397111,0.006389860242397111,-0.004151959278379816,-0.004151959278379816,0.0,0.0,0.005,20
topk_nonoverlap_v2,D_all,RandomForest,2022-03-11,2022-04-08,2022-03-11,5,random_topk_deterministic,5,"DIG,GAS,KLB,VIB,VSC",-0.012127697427203325,-0.017127697427203326,-0.0226695169479803,-0.027669516947980297,0.9999999999999999,0.004999999999999999,0.005,20
topk_nonoverlap_v2,D_all,RandomForest,2022-03-11,2022-04-08,2022-03-11,10,model_topk,10,"ABB,BID,CTG,KLB,MBB,MWG,PLX,PNJ,TCB,VPB",0.03996849473010553,0.03996849473010553,0.029426675209328613,0.029426675209328613,0.0,0.0,0.005,20
topk_nonoverlap_v2,D_all,RandomForest,2022-03-11,2022-04-08,2022-03-11,10,equal_weight_universe,80,"ABB,ACB,ANV,BAB,BCM,BID,BMP,BSI,BVB,BVH,CMG,CSV,CTG,DCM,DGW,DIG,DPM,DXG,EIB,ELC,EVF,FPT,FRT,GAS,GEX,GMD,GVR,HAH,HCM,HDB,HDG,HPG,HSG,KDH,KLB,LPB,MBB,MBS,MCH,MSB,MSN,MWG,NAB,NKG,NLG,NT2,NVL,OCB,PDR,PGB,PHR,PLX,PNJ,POW,PPC,PVT,REE,SAB,SCR,SHB,SSB,SSI,STB,TCB,TPB,VBB,VCB,VCG,VCI,VGC,VHC,VHM,VIB,VIC,VJC,VND,VNM,VPB,VRE,VSC",0.006389860242397111,0.006389860242397111,-0.004151959278379816,-0.004151959278379816,0.0,0.0,0.005,20
topk_nonoverlap_v2,D_all,RandomForest,2022-03-11,2022-04-08,2022-03-11,10,random_topk_deterministic,10,"CTG,KDH,MBS,MCH,PLX,PVT,TPB,VHC,VIB,VIC",0.01468419727954535,0.009684197279545349,0.0041423777587684205,-0.0008576222412315804,1.0000000000000002,0.005000000000000001,0.005,20
topk_nonoverlap_v2,D_all,RandomForest,2022-04-08,2022-05-11,2022-04-08,5,model_topk,5,"BMP,CTG,HDB,NAB,VPB",-0.13848811624958293,-0.14248811624958294,-0.01671348736969084,-0.02071348736969084,0.7999999999999999,0.004,0.005,20
topk_nonoverlap_v2,D_all,RandomForest,2022-04-08,2022-05-11,2022-04-08,5,equal_weight_universe,80,"ABB,ACB,ANV,BAB,BCM,BID,BMP,BSI,BVB,BVH,CMG,CSV,CTG,DCM,DGW,DIG,DPM,DXG,EIB,ELC,EVF,FPT,FRT,GAS,GEX,GMD,GVR,HAH,HCM,HDB,HDG,HPG,HSG,KDH,KLB,LPB,MBB,MBS,MCH,MSB,MSN,MWG,NAB,NKG,NLG,NT2,NVL,OCB,PDR,PGB,PHR,PLX,PNJ,POW,PPC,PVT,REE,SAB,SCR,SHB,SSB,SSI,STB,TCB,TPB,VBB,VCB,VCG,VCI,VGC,VHC,VHM,VIB,VIC,VJC,VND,VNM,VPB,VRE,VSC",-0.1441197676240598,-0.1441197676240598,-0.02234513874416772,-0.02234513874416772,0.0,0.0,0.005,20
topk_nonoverlap_v2,D_all,RandomForest,2022-04-08,2022-05-11,2022-04-08,5,random_topk_deterministic,5,"ABB,BVB,DGW,GAS,HCM",-0.21063023959357138,-0.2146302395935714,-0.08885561071367928,-0.09285561071367929,0.7999999999999999,0.004,0.005,20
topk_nonoverlap_v2,D_all,RandomForest,2022-04-08,2022-05-11,2022-04-08,10,model_topk,10,"ACB,BMP,CTG,HDB,KDH,MSB,NAB,SHB,VIB,VPB",-0.14747452062100883,-0.15147452062100883,-0.025699891741116754,-0.029699891741116754,0.8000000000000002,0.004000000000000001,0.005,20
topk_nonoverlap_v2,D_all,RandomForest,2022-04-08,2022-05-11,2022-04-08,10,equal_weight_universe,80,"ABB,ACB,ANV,BAB,BCM,BID,BMP,BSI,BVB,BVH,CMG,CSV,CTG,DCM,DGW,DIG,DPM,DXG,EIB,ELC,EVF,FPT,FRT,GAS,GEX,GMD,GVR,HAH,HCM,HDB,HDG,HPG,HSG,KDH,KLB,LPB,MBB,MBS,MCH,MSB,MSN,MWG,NAB,NKG,NLG,NT2,NVL,OCB,PDR,PGB,PHR,PLX,PNJ,POW,PPC,PVT,REE,SAB,SCR,SHB,SSB,SSI,STB,TCB,TPB,VBB,VCB,VCG,VCI,VGC,VHC,VHM,VIB,VIC,VJC,VND,VNM,VPB,VRE,VSC",-0.1441197676240598,-0.1441197676240598,-0.02234513874416772,-0.02234513874416772,0.0,0.0,0.005,20
topk_nonoverlap_v2,D_all,RandomForest,2022-04-08,2022-05-11,2022-04-08,10,random_topk_deterministic,10,"DGW,DXG,ELC,FPT,HAH,MSB,PNJ,PVT,SCR,SSB",-0.12014260041722388,-0.12464260041722389,0.0016320284626681828,-0.0028679715373318183,0.9000000000000002,0.004500000000000001,0.005,20
topk_nonoverlap_v2,D_all,RandomForest,2022-05-11,2022-06-08,2022-05-11,5,model_topk,5,"BMP,CTG,HDB,NAB,VPB",0.01246466753168098,0.01246466753168098,0.00756274441043128,0.00756274441043128,0.0,0.0,0.005,20
topk_nonoverlap_v2,D_all,RandomForest,2022-05-11,2022-06-08,2022-05-11,5,equal_weight_universe,80,"ABB,ACB,ANV,BAB,BCM,BID,BMP,BSI,BVB,BVH,CMG,CSV,CTG,DCM,DGW,DIG,DPM,DXG,EIB,ELC,EVF,FPT,FRT,GAS,GEX,GMD,GVR,HAH,HCM,HDB,HDG,HPG,HSG,KDH,KLB,LPB,MBB,MBS,MCH,MSB,MSN,MWG,NAB,NKG,NLG,NT2,NVL,OCB,PDR,PGB,PHR,PLX,PNJ,POW,PPC,PVT,REE,SAB,SCR,SHB,SSB,SSI,STB,TCB,TPB,VBB,VCB,VCG,VCI,VGC,VHC,VHM,VIB,VIC,VJC,VND,VNM,VPB,VRE,VSC",0.026866112399613385,0.026866112399613385,0.02196418927836368,0.02196418927836368,0.0,0.0,0.005,20
topk_nonoverlap_v2,D_all,RandomForest,2022-05-11,2022-06-08,2022-05-11,5,random_topk_deterministic,5,"ABB,MCH,MSB,SAB,SHB",-0.02481062115189964,-0.02881062115189964,-0.029712544273149344,-0.03371254427314935,0.7999999999999999,0.004,0.005,20
topk_nonoverlap_v2,D_all,RandomForest,2022-05-11,2022-06-08,2022-05-11,10,model_topk,10,"ACB,BMP,CTG,HDB,KDH,MSB,NAB,SHB,VIB,VPB",-0.01067983180509889,-0.01067983180509889,-0.01558175492634859,-0.01558175492634859,0.0,0.0,0.005,20
topk_nonoverlap_v2,D_all,RandomForest,2022-05-11,2022-06-08,2022-05-11,10,equal_weight_universe,80,"ABB,ACB,ANV,BAB,BCM,BID,BMP,BSI,BVB,BVH,CMG,CSV,CTG,DCM,DGW,DIG,DPM,DXG,EIB,ELC,EVF,FPT,FRT,GAS,GEX,GMD,GVR,HAH,HCM,HDB,HDG,HPG,HSG,KDH,KLB,LPB,MBB,MBS,MCH,MSB,MSN,MWG,NAB,NKG,NLG,NT2,NVL,OCB,PDR,PGB,PHR,PLX,PNJ,POW,PPC,PVT,REE,SAB,SCR,SHB,SSB,SSI,STB,TCB,TPB,VBB,VCB,VCG,VCI,VGC,VHC,VHM,VIB,VIC,VJC,VND,VNM,VPB,VRE,VSC",0.026866112399613385,0.026866112399613385,0.02196418927836368,0.02196418927836368,0.0,0.0,0.005,20
topk_nonoverlap_v2,D_all,RandomForest,2022-05-11,2022-06-08,2022-05-11,10,random_topk_deterministic,10,"ANV,BVH,DGW,EIB,GAS,HDG,HPG,PDR,SHB,VCB",0.03422105660158954,0.02972105660158954,0.029319133480339838,0.024819133480339838,0.9000000000000002,0.004500000000000001,0.005,20
topk_nonoverlap_v2,D_all,RandomForest,2022-06-08,2022-07-06,2022-06-08,5,model_topk,5,"BMP,CTG,HDB,NAB,VPB",-0.08074221476113409,-0.08074221476113409,0.040290578015127275,0.040290578015127275,0.0,0.0,0.005,20
topk_nonoverlap_v2,D_all,RandomForest,2022-06-08,2022-07-06,2022-06-08,5,equal_weight_universe,80,"ABB,ACB,ANV,BAB,BCM,BID,BMP,BSI,BVB,BVH,CMG,CSV,CTG,DCM,DGW,DIG,DPM,DXG,EIB,ELC,EVF,FPT,FRT,GAS,GEX,GMD,GVR,HAH,HCM,HDB,HDG,HPG,HSG,KDH,KLB,LPB,MBB,MBS,MCH,MSB,MSN,MWG,NAB,NKG,NLG,NT2,NVL,OCB,PDR,PGB,PHR,PLX,PNJ,POW,PPC,PVT,REE,SAB,SCR,SHB,SSB,SSI,STB,TCB,TPB,VBB,VCB,VCG,VCI,VGC,VHC,VHM,VIB,VIC,VJC,VND,VNM,VPB,VRE,VSC",-0.14370080722554357,-0.14370080722554357,-0.022668014449282146,-0.022668014449282146,0.0,0.0,0.005,20
topk_nonoverlap_v2,D_all,RandomForest,2022-06-08,2022-07-06,2022-06-08,5,random_topk_deterministic,5,"GEX,HCM,PNJ,VIC,VSC",-0.1455378021215494,-0.1505378021215494,-0.02450500934528796,-0.029505009345287957,0.9999999999999999,0.004999999999999999,0.005,20
topk_nonoverlap_v2,D_all,RandomForest,2022-06-08,2022-07-06,2022-06-08,10,model_topk,10,"ACB,BMP,CTG,HDB,KDH,MSB,NAB,SHB,VIB,VPB",-0.08664181985612078,-0.08664181985612078,0.034390972920140594,0.034390972920140594,0.0,0.0,0.005,20
topk_nonoverlap_v2,D_all,RandomForest,2022-06-08,2022-07-06,2022-06-08,10,equal_weight_universe,80,"ABB,ACB,ANV,BAB,BCM,BID,BMP,BSI,BVB,BVH,CMG,CSV,CTG,DCM,DGW,DIG,DPM,DXG,EIB,ELC,EVF,FPT,FRT,GAS,GEX,GMD,GVR,HAH,HCM,HDB,HDG,HPG,HSG,KDH,KLB,LPB,MBB,MBS,MCH,MSB,MSN,MWG,NAB,NKG,NLG,NT2,NVL,OCB,PDR,PGB,PHR,PLX,PNJ,POW,PPC,PVT,REE,SAB,SCR,SHB,SSB,SSI,STB,TCB,TPB,VBB,VCB,VCG,VCI,VGC,VHC,VHM,VIB,VIC,VJC,VND,VNM,VPB,VRE,VSC",-0.14370080722554357,-0.14370080722554357,-0.022668014449282146,-0.022668014449282146,0.0,0.0,0.005,20
topk_nonoverlap_v2,D_all,RandomForest,2022-06-08,2022-07-06,2022-06-08,10,random_topk_deterministic,10,"DCM,DGW,FRT,GVR,HDG,OCB,TCB,VBB,VCG,VSC",-0.2072842509531047,-0.2112842509531047,-0.08625145817684327,-0.09025145817684327,0.8000000000000002,0.004000000000000001,0.005,20
topk_nonoverlap_v2,D_all,RandomForest,2022-07-06,2022-08-03,2022-07-06,5,model_topk,5,"ACB,BAB,PPC,SAB,VJC",0.06375733348540742,0.058757333485407424,-0.023359166892981877,-0.028359166892981874,0.9999999999999999,0.004999999999999999,0.005,20
topk_nonoverlap_v2,D_all,RandomForest,2022-07-06,2022-08-03,2022-07-06,5,equal_weight_universe,80,"ABB,ACB,ANV,BAB,BCM,BID,BMP,BSI,BVB,BVH,CMG,CSV,CTG,DCM,DGW,DIG,DPM,DXG,EIB,ELC,EVF,FPT,FRT,GAS,GEX,GMD,GVR,HAH,HCM,HDB,HDG,HPG,HSG,KDH,KLB,LPB,MBB,MBS,MCH,MSB,MSN,MWG,NAB,NKG,NLG,NT2,NVL,OCB,PDR,PGB,PHR,PLX,PNJ,POW,PPC,PVT,REE,SAB,SCR,SHB,SSB,SSI,STB,TCB,TPB,VBB,VCB,VCG,VCI,VGC,VHC,VHM,VIB,VIC,VJC,VND,VNM,VPB,VRE,VSC",0.12588210143176154,0.12588210143176154,0.03876560105337219,0.03876560105337219,0.0,0.0,0.005,20
topk_nonoverlap_v2,D_all,RandomForest,2022-07-06,2022-08-03,2022-07-06,5,random_topk_deterministic,5,"ANV,CTG,KLB,PPC,SSI",0.07352387920966749,0.06852387920966749,-0.013592621168721859,-0.01859262116872186,0.9999999999999999,0.004999999999999999,0.005,20
topk_nonoverlap_v2,D_all,RandomForest,2022-07-06,2022-08-03,2022-07-06,10,model_topk,10,"ABB,ACB,BAB,BMP,MBB,PDR,PPC,SAB,SSB,VJC",0.06945468111025069,0.06545468111025068,-0.017661819268138656,-0.021661819268138656,0.8000000000000002,0.004000000000000001,0.005,20
topk_nonoverlap_v2,D_all,RandomForest,2022-07-06,2022-08-03,2022-07-06,10,equal_weight_universe,80,"ABB,ACB,ANV,BAB,BCM,BID,BMP,BSI,BVB,BVH,CMG,CSV,CTG,DCM,DGW,DIG,DPM,DXG,EIB,ELC,EVF,FPT,FRT,GAS,GEX,GMD,GVR,HAH,HCM,HDB,HDG,HPG,HSG,KDH,KLB,LPB,MBB,MBS,MCH,MSB,MSN,MWG,NAB,NKG,NLG,NT2,NVL,OCB,PDR,PGB,PHR,PLX,PNJ,POW,PPC,PVT,REE,SAB,SCR,SHB,SSB,SSI,STB,TCB,TPB,VBB,VCB,VCG,VCI,VGC,VHC,VHM,VIB,VIC,VJC,VND,VNM,VPB,VRE,VSC",0.12588210143176154,0.12588210143176154,0.03876560105337219,0.03876560105337219,0.0,0.0,0.005,20
topk_nonoverlap_v2,D_all,RandomForest,2022-07-06,2022-08-03,2022-07-06,10,random_topk_deterministic,10,"CSV,ELC,GEX,HDG,KDH,KLB,PGB,SSB,VGC,VND",0.16291490442162554,0.15841490442162554,0.0757984040432362,0.0712984040432362,0.9000000000000002,0.004500000000000001,0.005,20
topk_nonoverlap_v2,D_all,RandomForest,2022-08-03,2022-08-31,2022-08-03,5,model_topk,5,"ACB,BAB,PPC,SAB,VJC",-0.01071709573360248,-0.01071709573360248,-0.035321819840631104,-0.035321819840631104,0.0,0.0,0.005,20
topk_nonoverlap_v2,D_all,RandomForest,2022-08-03,2022-08-31,2022-08-03,5,equal_weight_universe,80,"ABB,ACB,ANV,BAB,BCM,BID,BMP,BSI,BVB,BVH,CMG,CSV,CTG,DCM,DGW,DIG,DPM,DXG,EIB,ELC,EVF,FPT,FRT,GAS,GEX,GMD,GVR,HAH,HCM,HDB,HDG,HPG,HSG,KDH,KLB,LPB,MBB,MBS,MCH,MSB,MSN,MWG,NAB,NKG,NLG,NT2,NVL,OCB,PDR,PGB,PHR,PLX,PNJ,POW,PPC,PVT,REE,SAB,SCR,SHB,SSB,SSI,STB,TCB,TPB,VBB,VCB,VCG,VCI,VGC,VHC,VHM,VIB,VIC,VJC,VND,VNM,VPB,VRE,VSC",0.027442932012420873,0.027442932012420873,0.0028382079053922574,0.0028382079053922574,0.0,0.0,0.005,20
topk_nonoverlap_v2,D_all,RandomForest,2022-08-03,2022-08-31,2022-08-03,5,random_topk_deterministic,5,"LPB,PDR,PHR,PNJ,VCI",0.0220081959586162,0.017008195958616204,-0.0025965281484124207,-0.0075965281484124195,0.9999999999999999,0.004999999999999999,0.005,20
topk_nonoverlap_v2,D_all,RandomForest,2022-08-03,2022-08-31,2022-08-03,10,model_topk,10,"ABB,ACB,BAB,BMP,MBB,PDR,PPC,SAB,SSB,VJC",0.005498514086062249,0.005498514086062249,-0.01910621002096636,-0.01910621002096636,0.0,0.0,0.005,20
topk_nonoverlap_v2,D_all,RandomForest,2022-08-03,2022-08-31,2022-08-03,10,equal_weight_universe,80,"ABB,ACB,ANV,BAB,BCM,BID,BMP,BSI,BVB,BVH,CMG,CSV,CTG,DCM,DGW,DIG,DPM,DXG,EIB,ELC,EVF,FPT,FRT,GAS,GEX,GMD,GVR,HAH,HCM,HDB,HDG,HPG,HSG,KDH,KLB,LPB,MBB,MBS,MCH,MSB,MSN,MWG,NAB,NKG,NLG,NT2,NVL,OCB,PDR,PGB,PHR,PLX,PNJ,POW,PPC,PVT,REE,SAB,SCR,SHB,SSB,SSI,STB,TCB,TPB,VBB,VCB,VCG,VCI,VGC,VHC,VHM,VIB,VIC,VJC,VND,VNM,VPB,VRE,VSC",0.027442932012420873,0.027442932012420873,0.0028382079053922574,0.0028382079053922574,0.0,0.0,0.005,20
topk_nonoverlap_v2,D_all,RandomForest,2022-08-03,2022-08-31,2022-08-03,10,random_topk_deterministic,10,"ACB,ELC,FPT,GMD,MCH,MSB,NAB,PLX,VNM,VSC",-0.000984183418107029,-0.00548418341810703,-0.025588907525135644,-0.030088907525135645,0.9000000000000002,0.004500000000000001,0.005,20
topk_nonoverlap_v2,D_all,RandomForest,2022-08-31,2022-09-30,2022-08-31,5,model_topk,5,"ACB,BAB,PPC,SAB,VJC",-0.07147662280988794,-0.07147662280988794,0.04441470174048652,0.04441470174048652,0.0,0.0,0.005,20
topk_nonoverlap_v2,D_all,RandomForest,2022-08-31,2022-09-30,2022-08-31,5,equal_weight_universe,80,"ABB,ACB,ANV,BAB,BCM,BID,BMP,BSI,BVB,BVH,CMG,CSV,CTG,DCM,DGW,DIG,DPM,DXG,EIB,ELC,EVF,FPT,FRT,GAS,GEX,GMD,GVR,HAH,HCM,HDB,HDG,HPG,HSG,KDH,KLB,LPB,MBB,MBS,MCH,MSB,MSN,MWG,NAB,NKG,NLG,NT2,NVL,OCB,PDR,PGB,PHR,PLX,PNJ,POW,PPC,PVT,REE,SAB,SCR,SHB,SSB,SSI,STB,TCB,TPB,VBB,VCB,VCG,VCI,VGC,VHC,VHM,VIB,VIC,VJC,VND,VNM,VPB,VRE,VSC",-0.12112612114703285,-0.12112612114703285,-0.005234796596658332,-0.005234796596658332,0.0,0.0,0.005,20
topk_nonoverlap_v2,D_all,RandomForest,2022-08-31,2022-09-30,2022-08-31,5,random_topk_deterministic,5,"HDB,NVL,SHB,VHC,VSC",-0.07357014966819128,-0.07857014966819129,0.0423211748821832,0.0373211748821832,0.9999999999999999,0.004999999999999999,0.005,20
topk_nonoverlap_v2,D_all,RandomForest,2022-08-31,2022-09-30,2022-08-31,10,model_topk,10,"ABB,ACB,BAB,BMP,MBB,PDR,PPC,SAB,SSB,VJC",-0.08688159947053706,-0.08688159947053706,0.02900972507983741,0.02900972507983741,0.0,0.0,0.005,20
topk_nonoverlap_v2,D_all,RandomForest,2022-08-31,2022-09-30,2022-08-31,10,equal_weight_universe,80,"ABB,ACB,ANV,BAB,BCM,BID,BMP,BSI,BVB,BVH,CMG,CSV,CTG,DCM,DGW,DIG,DPM,DXG,EIB,ELC,EVF,FPT,FRT,GAS,GEX,GMD,GVR,HAH,HCM,HDB,HDG,HPG,HSG,KDH,KLB,LPB,MBB,MBS,MCH,MSB,MSN,MWG,NAB,NKG,NLG,NT2,NVL,OCB,PDR,PGB,PHR,PLX,PNJ,POW,PPC,PVT,REE,SAB,SCR,SHB,SSB,SSI,STB,TCB,TPB,VBB,VCB,VCG,VCI,VGC,VHC,VHM,VIB,VIC,VJC,VND,VNM,VPB,VRE,VSC",-0.12112612114703285,-0.12112612114703285,-0.005234796596658332,-0.005234796596658332,0.0,0.0,0.005,20
topk_nonoverlap_v2,D_all,RandomForest,2022-08-31,2022-09-30,2022-08-31,10,random_topk_deterministic,10,"BVH,EIB,EVF,HAH,HDB,MBB,NKG,NT2,SAB,SSB",-0.0755083135301082,-0.0805083135301082,0.0403830110202663,0.035383011020266295,1.0000000000000002,0.005000000000000001,0.005,20
topk_nonoverlap_v2,D_all,RandomForest,2022-09-30,2022-10-28,2022-09-30,5,model_topk,5,"ACB,BAB,MBB,PPC,SAB",-0.05333072905684152,-0.05433072905684152,0.03919561555631446,0.03819561555631446,0.2,0.001,0.005,20
topk_nonoverlap_v2,D_all,RandomForest,2022-09-30,2022-10-28,2022-09-30,5,equal_weight_universe,80,"ABB,ACB,ANV,BAB,BCM,BID,BMP,BSI,BVB,BVH,CMG,CSV,CTG,DCM,DGW,DIG,DPM,DXG,EIB,ELC,EVF,FPT,FRT,GAS,GEX,GMD,GVR,HAH,HCM,HDB,HDG,HPG,HSG,KDH,KLB,LPB,MBB,MBS,MCH,MSB,MSN,MWG,NAB,NKG,NLG,NT2,NVL,OCB,PDR,PGB,PHR,PLX,PNJ,POW,PPC,PVT,REE,SAB,SCR,SHB,SSB,SSI,STB,TCB,TPB,VBB,VCB,VCG,VCI,VGC,VHC,VHM,VIB,VIC,VJC,VND,VNM,VPB,VRE,VSC",-0.1269024482280874,-0.1269024482280874,-0.034376103614931416,-0.034376103614931416,0.0,0.0,0.005,20
topk_nonoverlap_v2,D_all,RandomForest,2022-09-30,2022-10-28,2022-09-30,5,random_topk_deterministic,5,"HDB,HSG,MSB,NT2,REE",-0.07284247605394087,-0.07684247605394087,0.0196838685592151,0.0156838685592151,0.7999999999999999,0.004,0.005,20
topk_nonoverlap_v2,D_all,RandomForest,2022-09-30,2022-10-28,2022-09-30,10,model_topk,10,"ABB,ACB,BAB,BMP,GEX,MBB,PDR,PPC,SAB,SSB",-0.07480628844268193,-0.07530628844268193,0.017720056170474053,0.017220056170474052,0.1,0.0005,0.005,20
topk_nonoverlap_v2,D_all,RandomForest,2022-09-30,2022-10-28,2022-09-30,10,equal_weight_universe,80,"ABB,ACB,ANV,BAB,BCM,BID,BMP,BSI,BVB,BVH,CMG,CSV,CTG,DCM,DGW,DIG,DPM,DXG,EIB,ELC,EVF,FPT,FRT,GAS,GEX,GMD,GVR,HAH,HCM,HDB,HDG,HPG,HSG,KDH,KLB,LPB,MBB,MBS,MCH,MSB,MSN,MWG,NAB,NKG,NLG,NT2,NVL,OCB,PDR,PGB,PHR,PLX,PNJ,POW,PPC,PVT,REE,SAB,SCR,SHB,SSB,SSI,STB,TCB,TPB,VBB,VCB,VCG,VCI,VGC,VHC,VHM,VIB,VIC,VJC,VND,VNM,VPB,VRE,VSC",-0.1269024482280874,-0.1269024482280874,-0.034376103614931416,-0.034376103614931416,0.0,0.0,0.005,20
topk_nonoverlap_v2,D_all,RandomForest,2022-09-30,2022-10-28,2022-09-30,10,random_topk_deterministic,10,"BSI,FPT,HAH,HDB,HSG,NKG,PDR,PHR,SSB,VCG",-0.1818975827935288,-0.1848975827935288,-0.08937123818037276,-0.09237123818037277,0.6,0.003,0.005,20
topk_nonoverlap_v2,D_all,RandomForest,2022-10-28,2022-11-25,2022-10-28,5,model_topk,5,"HDB,MBB,POW,SHB,VRE",0.0004784977834205367,-0.0035215022165794633,0.054889804433474874,0.05088980443347488,0.7999999999999999,0.004,0.005,20
topk_nonoverlap_v2,D_all,RandomForest,2022-10-28,2022-11-25,2022-10-28,5,equal_weight_universe,80,"ABB,ACB,ANV,BAB,BCM,BID,BMP,BSI,BVB,BVH,CMG,CSV,CTG,DCM,DGW,DIG,DPM,DXG,EIB,ELC,EVF,FPT,FRT,GAS,GEX,GMD,GVR,HAH,HCM,HDB,HDG,HPG,HSG,KDH,KLB,LPB,MBB,MBS,MCH,MSB,MSN,MWG,NAB,NKG,NLG,NT2,NVL,OCB,PDR,PGB,PHR,PLX,PNJ,POW,PPC,PVT,REE,SAB,SCR,SHB,SSB,SSI,STB,TCB,TPB,VBB,VCB,VCG,VCI,VGC,VHC,VHM,VIB,VIC,VJC,VND,VNM,VPB,VRE,VSC",-0.08837193253163753,-0.08837193253163753,-0.03396062588158323,-0.03396062588158323,0.0,0.0,0.005,20
topk_nonoverlap_v2,D_all,RandomForest,2022-10-28,2022-11-25,2022-10-28,5,random_topk_deterministic,5,"BMP,HPG,POW,SSB,VGC",-0.0829419504828188,-0.0879419504828188,-0.028530643832764463,-0.03353064383276446,0.9999999999999999,0.004999999999999999,0.005,20
topk_nonoverlap_v2,D_all,RandomForest,2022-10-28,2022-11-25,2022-10-28,10,model_topk,10,"ABB,GMD,HDB,MBB,POW,PVT,SHB,TPB,VBB,VRE",-0.01817166853657112,-0.02217166853657112,0.03623963811348318,0.032239638113483175,0.8000000000000002,0.004000000000000001,0.005,20
topk_nonoverlap_v2,D_all,RandomForest,2022-10-28,2022-11-25,2022-10-28,10,equal_weight_universe,80,"ABB,ACB,ANV,BAB,BCM,BID,BMP,BSI,BVB,BVH,CMG,CSV,CTG,DCM,DGW,DIG,DPM,DXG,EIB,ELC,EVF,FPT,FRT,GAS,GEX,GMD,GVR,HAH,HCM,HDB,HDG,HPG,HSG,KDH,KLB,LPB,MBB,MBS,MCH,MSB,MSN,MWG,NAB,NKG,NLG,NT2,NVL,OCB,PDR,PGB,PHR,PLX,PNJ,POW,PPC,PVT,REE,SAB,SCR,SHB,SSB,SSI,STB,TCB,TPB,VBB,VCB,VCG,VCI,VGC,VHC,VHM,VIB,VIC,VJC,VND,VNM,VPB,VRE,VSC",-0.08837193253163753,-0.08837193253163753,-0.03396062588158323,-0.03396062588158323,0.0,0.0,0.005,20
topk_nonoverlap_v2,D_all,RandomForest,2022-10-28,2022-11-25,2022-10-28,10,random_topk_deterministic,10,"ACB,BSI,GMD,MBB,MBS,NT2,PPC,SAB,SSI,VHM",-0.04285339334832276,-0.04735339334832277,0.011557913301731535,0.007057913301731534,0.9000000000000002,0.004500000000000001,0.005,20
topk_nonoverlap_v2,D_all,RandomForest,2022-11-25,2022-12-23,2022-11-25,5,model_topk,5,"HDB,MBB,POW,SHB,VRE",0.05898438908863087,0.05898438908863087,0.00866836990101646,0.00866836990101646,0.0,0.0,0.005,20
topk_nonoverlap_v2,D_all,RandomForest,2022-11-25,2022-12-23,2022-11-25,5,equal_weight_universe,80,"ABB,ACB,ANV,BAB,BCM,BID,BMP,BSI,BVB,BVH,CMG,CSV,CTG,DCM,DGW,DIG,DPM,DXG,EIB,ELC,EVF,FPT,FRT,GAS,GEX,GMD,GVR,HAH,HCM,HDB,HDG,HPG,HSG,KDH,KLB,LPB,MBB,MBS,MCH,MSB,MSN,MWG,NAB,NKG,NLG,NT2,NVL,OCB,PDR,PGB,PHR,PLX,PNJ,POW,PPC,PVT,REE,SAB,SCR,SHB,SSB,SSI,STB,TCB,TPB,VBB,VCB,VCG,VCI,VGC,VHC,VHM,VIB,VIC,VJC,VND,VNM,VPB,VRE,VSC",0.0917815081415152,0.0917815081415152,0.0414654889539008,0.0414654889539008,0.0,0.0,0.005,20
topk_nonoverlap_v2,D_all,RandomForest,2022-11-25,2022-12-23,2022-11-25,5,random_topk_deterministic,5,"ABB,HDB,HDG,PGB,SSI",0.08264956516023898,0.07764956516023898,0.032333545972624576,0.02733354597262458,0.9999999999999999,0.004999999999999999,0.005,20
topk_nonoverlap_v2,D_all,RandomForest,2022-11-25,2022-12-23,2022-11-25,10,model_topk,10,"ABB,GMD,HDB,MBB,POW,PVT,SHB,TPB,VBB,VRE",0.06073141850172389,0.06073141850172389,0.01041539931410947,0.01041539931410947,0.0,0.0,0.005,20
topk_nonoverlap_v2,D_all,RandomForest,2022-11-25,2022-12-23,2022-11-25,10,equal_weight_universe,80,"ABB,ACB,ANV,BAB,BCM,BID,BMP,BSI,BVB,BVH,CMG,CSV,CTG,DCM,DGW,DIG,DPM,DXG,EIB,ELC,EVF,FPT,FRT,GAS,GEX,GMD,GVR,HAH,HCM,HDB,HDG,HPG,HSG,KDH,KLB,LPB,MBB,MBS,MCH,MSB,MSN,MWG,NAB,NKG,NLG,NT2,NVL,OCB,PDR,PGB,PHR,PLX,PNJ,POW,PPC,PVT,REE,SAB,SCR,SHB,SSB,SSI,STB,TCB,TPB,VBB,VCB,VCG,VCI,VGC,VHC,VHM,VIB,VIC,VJC,VND,VNM,VPB,VRE,VSC",0.0917815081415152,0.0917815081415152,0.0414654889539008,0.0414654889539008,0.0,0.0,0.005,20
topk_nonoverlap_v2,D_all,RandomForest,2022-11-25,2022-12-23,2022-11-25,10,random_topk_deterministic,10,"BCM,DGW,DXG,ELC,GEX,MBS,MCH,VCI,VGC,VSC",0.1007167503630015,0.0962167503630015,0.050400731175387105,0.0459007311753871,0.9000000000000002,0.004500000000000001,0.005,20
topk_nonoverlap_v2,D_all,RandomForest,2022-12-23,2023-01-30,2022-12-23,5,model_topk,5,"HDB,MBB,POW,SHB,VRE",0.09895014524481283,0.09895014524481283,0.01835936178047752,0.01835936178047752,0.0,0.0,0.005,20
topk_nonoverlap_v2,D_all,RandomForest,2022-12-23,2023-01-30,2022-12-23,5,equal_weight_universe,80,"ABB,ACB,ANV,BAB,BCM,BID,BMP,BSI,BVB,BVH,CMG,CSV,CTG,DCM,DGW,DIG,DPM,DXG,EIB,ELC,EVF,FPT,FRT,GAS,GEX,GMD,GVR,HAH,HCM,HDB,HDG,HPG,HSG,KDH,KLB,LPB,MBB,MBS,MCH,MSB,MSN,MWG,NAB,NKG,NLG,NT2,NVL,OCB,PDR,PGB,PHR,PLX,PNJ,POW,PPC,PVT,REE,SAB,SCR,SHB,SSB,SSI,STB,TCB,TPB,VBB,VCB,VCG,VCI,VGC,VHC,VHM,VIB,VIC,VJC,VND,VNM,VPB,VRE,VSC",0.09285616386073754,0.09285616386073754,0.012265380396402218,0.012265380396402218,0.0,0.0,0.005,20
topk_nonoverlap_v2,D_all,RandomForest,2022-12-23,2023-01-30,2022-12-23,5,random_topk_deterministic,5,"CMG,EIB,HPG,MCH,STB",0.06035209071849902,0.055352090718499024,-0.02023869274583632,-0.025238692745836316,0.9999999999999999,0.004999999999999999,0.005,20
topk_nonoverlap_v2,D_all,RandomForest,2022-12-23,2023-01-30,2022-12-23,10,model_topk,10,"ABB,GMD,HDB,MBB,POW,PVT,SHB,TPB,VBB,VRE",0.10793248342909187,0.10793248342909187,0.02734169996475653,0.02734169996475653,0.0,0.0,0.005,20
topk_nonoverlap_v2,D_all,RandomForest,2022-12-23,2023-01-30,2022-12-23,10,equal_weight_universe,80,"ABB,ACB,ANV,BAB,BCM,BID,BMP,BSI,BVB,BVH,CMG,CSV,CTG,DCM,DGW,DIG,DPM,DXG,EIB,ELC,EVF,FPT,FRT,GAS,GEX,GMD,GVR,HAH,HCM,HDB,HDG,HPG,HSG,KDH,KLB,LPB,MBB,MBS,MCH,MSB,MSN,MWG,NAB,NKG,NLG,NT2,NVL,OCB,PDR,PGB,PHR,PLX,PNJ,POW,PPC,PVT,REE,SAB,SCR,SHB,SSB,SSI,STB,TCB,TPB,VBB,VCB,VCG,VCI,VGC,VHC,VHM,VIB,VIC,VJC,VND,VNM,VPB,VRE,VSC",0.09285616386073754,0.09285616386073754,0.012265380396402218,0.012265380396402218,0.0,0.0,0.005,20
topk_nonoverlap_v2,D_all,RandomForest,2022-12-23,2023-01-30,2022-12-23,10,random_topk_deterministic,10,"BAB,BVH,CMG,CTG,HAH,HSG,NAB,NT2,PVT,VIB",0.10504161374418082,0.10004161374418082,0.024450830279845487,0.019450830279845486,1.0000000000000002,0.005000000000000001,0.005,20
topk_nonoverlap_v2,D_all,RandomForest,2023-01-30,2023-02-27,2023-01-30,5,model_topk,5,"BAB,OCB,PDR,PPC,SSB",-0.08444897643831273,-0.08944897643831273,-0.010694022104347556,-0.015694022104347553,0.9999999999999999,0.004999999999999999,0.005,20
topk_nonoverlap_v2,D_all,RandomForest,2023-01-30,2023-02-27,2023-01-30,5,equal_weight_universe,80,"ABB,ACB,ANV,BAB,BCM,BID,BMP,BSI,BVB,BVH,CMG,CSV,CTG,DCM,DGW,DIG,DPM,DXG,EIB,ELC,EVF,FPT,FRT,GAS,GEX,GMD,GVR,HAH,HCM,HDB,HDG,HPG,HSG,KDH,KLB,LPB,MBB,MBS,MCH,MSB,MSN,MWG,NAB,NKG,NLG,NT2,NVL,OCB,PDR,PGB,PHR,PLX,PNJ,POW,PPC,PVT,REE,SAB,SCR,SHB,SSB,SSI,STB,TCB,TPB,VBB,VCB,VCG,VCI,VGC,VHC,VHM,VIB,VIC,VJC,VND,VNM,VPB,VRE,VSC",-0.088278629565926,-0.088278629565926,-0.014523675231960848,-0.014523675231960848,0.0,0.0,0.005,20
topk_nonoverlap_v2,D_all,RandomForest,2023-01-30,2023-02-27,2023-01-30,5,random_topk_deterministic,5,"CMG,FPT,LPB,MBB,MSB",-0.07472041321971983,-0.07872041321971983,-0.0009654588857547011,-0.004965458885754701,0.7999999999999999,0.004,0.005,20
topk_nonoverlap_v2,D_all,RandomForest,2023-01-30,2023-02-27,2023-01-30,10,model_topk,10,"BAB,DXG,GEX,HDB,HPG,NKG,OCB,PDR,PPC,SSB",-0.1181954880719425,-0.1226954880719425,-0.04444053373797733,-0.04894053373797733,0.9000000000000002,0.004500000000000001,0.005,20
topk_nonoverlap_v2,D_all,RandomForest,2023-01-30,2023-02-27,2023-01-30,10,equal_weight_universe,80,"ABB,ACB,ANV,BAB,BCM,BID,BMP,BSI,BVB,BVH,CMG,CSV,CTG,DCM,DGW,DIG,DPM,DXG,EIB,ELC,EVF,FPT,FRT,GAS,GEX,GMD,GVR,HAH,HCM,HDB,HDG,HPG,HSG,KDH,KLB,LPB,MBB,MBS,MCH,MSB,MSN,MWG,NAB,NKG,NLG,NT2,NVL,OCB,PDR,PGB,PHR,PLX,PNJ,POW,PPC,PVT,REE,SAB,SCR,SHB,SSB,SSI,STB,TCB,TPB,VBB,VCB,VCG,VCI,VGC,VHC,VHM,VIB,VIC,VJC,VND,VNM,VPB,VRE,VSC",-0.088278629565926,-0.088278629565926,-0.014523675231960848,-0.014523675231960848,0.0,0.0,0.005,20
topk_nonoverlap_v2,D_all,RandomForest,2023-01-30,2023-02-27,2023-01-30,10,random_topk_deterministic,10,"BCM,FPT,FRT,GMD,HCM,MWG,PPC,REE,TPB,VCI",-0.055442249922618,-0.060442249922618,0.018312704411347098,0.013312704411347097,1.0000000000000002,0.005000000000000001,0.005,20
topk_nonoverlap_v2,D_all,RandomForest,2023-02-27,2023-03-27,2023-02-27,5,model_topk,5,"BAB,OCB,PDR,PPC,SSB",0.03132193357641818,0.03132193357641818,0.0009669764160754434,0.0009669764160754434,0.0,0.0,0.005,20
topk_nonoverlap_v2,D_all,RandomForest,2023-02-27,2023-03-27,2023-02-27,5,equal_weight_universe,80,"ABB,ACB,ANV,BAB,BCM,BID,BMP,BSI,BVB,BVH,CMG,CSV,CTG,DCM,DGW,DIG,DPM,DXG,EIB,ELC,EVF,FPT,FRT,GAS,GEX,GMD,GVR,HAH,HCM,HDB,HDG,HPG,HSG,KDH,KLB,LPB,MBB,MBS,MCH,MSB,MSN,MWG,NAB,NKG,NLG,NT2,NVL,OCB,PDR,PGB,PHR,PLX,PNJ,POW,PPC,PVT,REE,SAB,SCR,SHB,SSB,SSI,STB,TCB,TPB,VBB,VCB,VCG,VCI,VGC,VHC,VHM,VIB,VIC,VJC,VND,VNM,VPB,VRE,VSC",0.04244534827522724,0.04244534827522724,0.012090391114884507,0.012090391114884507,0.0,0.0,0.005,20
topk_nonoverlap_v2,D_all,RandomForest,2023-02-27,2023-03-27,2023-02-27,5,random_topk_deterministic,5,"HCM,KLB,POW,TCB,VSC",0.03399759263204038,0.02899759263204038,0.0036426354716976375,-0.0013573645283023617,0.9999999999999999,0.004999999999999999,0.005,20
topk_nonoverlap_v2,D_all,RandomForest,2023-02-27,2023-03-27,2023-02-27,10,model_topk,10,"BAB,DXG,GEX,HDB,HPG,NKG,OCB,PDR,PPC,SSB",0.07468859461371033,0.07468859461371033,0.044333637453367554,0.044333637453367554,0.0,0.0,0.005,20
topk_nonoverlap_v2,D_all,RandomForest,2023-02-27,2023-03-27,2023-02-27,10,equal_weight_universe,80,"ABB,ACB,ANV,BAB,BCM,BID,BMP,BSI,BVB,BVH,CMG,CSV,CTG,DCM,DGW,DIG,DPM,DXG,EIB,ELC,EVF,FPT,FRT,GAS,GEX,GMD,GVR,HAH,HCM,HDB,HDG,HPG,HSG,KDH,KLB,LPB,MBB,MBS,MCH,MSB,MSN,MWG,NAB,NKG,NLG,NT2,NVL,OCB,PDR,PGB,PHR,PLX,PNJ,POW,PPC,PVT,REE,SAB,SCR,SHB,SSB,SSI,STB,TCB,TPB,VBB,VCB,VCG,VCI,VGC,VHC,VHM,VIB,VIC,VJC,VND,VNM,VPB,VRE,VSC",0.04244534827522724,0.04244534827522724,0.012090391114884507,0.012090391114884507,0.0,0.0,0.005,20
topk_nonoverlap_v2,D_all,RandomForest,2023-02-27,2023-03-27,2023-02-27,10,random_topk_deterministic,10,"DIG,HCM,OCB,POW,SSB,VCG,VCI,VGC,VJC,VSC",0.055518541506956676,0.05151854150695667,0.02516358434661392,0.02116358434661392,0.8000000000000002,0.004000000000000001,0.005,20
topk_nonoverlap_v2,D_all,RandomForest,2023-03-27,2023-04-24,2023-03-27,5,model_topk,5,"BAB,DXG,OCB,PDR,SSB",0.01616150131971944,0.01516150131971944,0.02651075292342594,0.025510752923425938,0.2,0.001,0.005,20
topk_nonoverlap_v2,D_all,RandomForest,2023-03-27,2023-04-24,2023-03-27,5,equal_weight_universe,80,"ABB,ACB,ANV,BAB,BCM,BID,BMP,BSI,BVB,BVH,CMG,CSV,CTG,DCM,DGW,DIG,DPM,DXG,EIB,ELC,EVF,FPT,FRT,GAS,GEX,GMD,GVR,HAH,HCM,HDB,HDG,HPG,HSG,KDH,KLB,LPB,MBB,MBS,MCH,MSB,MSN,MWG,NAB,NKG,NLG,NT2,NVL,OCB,PDR,PGB,PHR,PLX,PNJ,POW,PPC,PVT,REE,SAB,SCR,SHB,SSB,SSI,STB,TCB,TPB,VBB,VCB,VCG,VCI,VGC,VHC,VHM,VIB,VIC,VJC,VND,VNM,VPB,VRE,VSC",0.030233523356027046,0.030233523356027046,0.04058277495973352,0.04058277495973352,0.0,0.0,0.005,20
topk_nonoverlap_v2,D_all,RandomForest,2023-03-27,2023-04-24,2023-03-27,5,random_topk_deterministic,5,"DXG,ELC,GAS,HDG,VNM",0.006637468816920243,0.0016374688169202437,0.016986720420626714,0.011986720420626715,0.9999999999999999,0.004999999999999999,0.005,20
topk_nonoverlap_v2,D_all,RandomForest,2023-03-27,2023-04-24,2023-03-27,10,model_topk,10,"BAB,DXG,GEX,HDB,HPG,NKG,OCB,PDR,SSB,VND",-0.007331936845090601,-0.007831936845090601,0.0030173147586158707,0.0025173147586158707,0.1,0.0005,0.005,20
topk_nonoverlap_v2,D_all,RandomForest,2023-03-27,2023-04-24,2023-03-27,10,equal_weight_universe,80,"ABB,ACB,ANV,BAB,BCM,BID,BMP,BSI,BVB,BVH,CMG,CSV,CTG,DCM,DGW,DIG,DPM,DXG,EIB,ELC,EVF,FPT,FRT,GAS,GEX,GMD,GVR,HAH,HCM,HDB,HDG,HPG,HSG,KDH,KLB,LPB,MBB,MBS,MCH,MSB,MSN,MWG,NAB,NKG,NLG,NT2,NVL,OCB,PDR,PGB,PHR,PLX,PNJ,POW,PPC,PVT,REE,SAB,SCR,SHB,SSB,SSI,STB,TCB,TPB,VBB,VCB,VCG,VCI,VGC,VHC,VHM,VIB,VIC,VJC,VND,VNM,VPB,VRE,VSC",0.030233523356027046,0.030233523356027046,0.04058277495973352,0.04058277495973352,0.0,0.0,0.005,20
topk_nonoverlap_v2,D_all,RandomForest,2023-03-27,2023-04-24,2023-03-27,10,random_topk_deterministic,10,"ACB,CSV,DXG,GMD,KDH,MBS,OCB,PPC,VGC,VJC",0.046487497043332784,0.04298749704333278,0.05683674864703927,0.053336748647039266,0.7000000000000001,0.0035000000000000005,0.005,20
topk_nonoverlap_v2,D_all,RandomForest,2023-04-24,2023-05-25,2023-04-24,5,model_topk,5,"HDB,MBB,MSB,SHB,TCB",0.021549037770503814,0.016549037770503816,-0.0007967408267153398,-0.005796740826715339,0.9999999999999999,0.004999999999999999,0.005,20
topk_nonoverlap_v2,D_all,RandomForest,2023-04-24,2023-05-25,2023-04-24,5,equal_weight_universe,80,"ABB,ACB,ANV,BAB,BCM,BID,BMP,BSI,BVB,BVH,CMG,CSV,CTG,DCM,DGW,DIG,DPM,DXG,EIB,ELC,EVF,FPT,FRT,GAS,GEX,GMD,GVR,HAH,HCM,HDB,HDG,HPG,HSG,KDH,KLB,LPB,MBB,MBS,MCH,MSB,MSN,MWG,NAB,NKG,NLG,NT2,NVL,OCB,PDR,PGB,PHR,PLX,PNJ,POW,PPC,PVT,REE,SAB,SCR,SHB,SSB,SSI,STB,TCB,TPB,VBB,VCB,VCG,VCI,VGC,VHC,VHM,VIB,VIC,VJC,VND,VNM,VPB,VRE,VSC",0.028488844044077238,0.028488844044077238,0.006143065446858049,0.006143065446858049,0.0,0.0,0.005,20
topk_nonoverlap_v2,D_all,RandomForest,2023-04-24,2023-05-25,2023-04-24,5,random_topk_deterministic,5,"ACB,PGB,PHR,VGC,VPB",0.03100985297351517,0.02600985297351517,0.008664074376295959,0.0036640743762959595,0.9999999999999999,0.004999999999999999,0.005,20
topk_nonoverlap_v2,D_all,RandomForest,2023-04-24,2023-05-25,2023-04-24,10,model_topk,10,"ACB,GMD,HDB,LPB,MBB,MSB,SHB,TCB,TPB,VIB",0.01894481450259713,0.01444481450259713,-0.0034009640946220596,-0.00790096409462206,0.9000000000000002,0.004500000000000001,0.005,20
topk_nonoverlap_v2,D_all,RandomForest,2023-04-24,2023-05-25,2023-04-24,10,equal_weight_universe,80,"ABB,ACB,ANV,BAB,BCM,BID,BMP,BSI,BVB,BVH,CMG,CSV,CTG,DCM,DGW,DIG,DPM,DXG,EIB,ELC,EVF,FPT,FRT,GAS,GEX,GMD,GVR,HAH,HCM,HDB,HDG,HPG,HSG,KDH,KLB,LPB,MBB,MBS,MCH,MSB,MSN,MWG,NAB,NKG,NLG,NT2,NVL,OCB,PDR,PGB,PHR,PLX,PNJ,POW,PPC,PVT,REE,SAB,SCR,SHB,SSB,SSI,STB,TCB,TPB,VBB,VCB,VCG,VCI,VGC,VHC,VHM,VIB,VIC,VJC,VND,VNM,VPB,VRE,VSC",0.028488844044077238,0.028488844044077238,0.006143065446858049,0.006143065446858049,0.0,0.0,0.005,20
topk_nonoverlap_v2,D_all,RandomForest,2023-04-24,2023-05-25,2023-04-24,10,random_topk_deterministic,10,"ANV,DXG,EVF,HDB,LPB,MSB,PVT,SHB,SSI,VHC",0.0362584604830032,0.031758460483003195,0.013912681885784001,0.009412681885784,0.9000000000000002,0.004500000000000001,0.005,20
topk_nonoverlap_v2,D_all,RandomForest,2023-05-25,2023-06-22,2023-05-25,5,model_topk,5,"ACB,MBB,MSB,SHB,TCB",0.08074055216153238,0.07974055216153238,0.02375361773360918,0.02275361773360918,0.2,0.001,0.005,20
topk_nonoverlap_v2,D_all,RandomForest,2023-05-25,2023-06-22,2023-05-25,5,equal_weight_universe,80,"ABB,ACB,ANV,BAB,BCM,BID,BMP,BSI,BVB,BVH,CMG,CSV,CTG,DCM,DGW,DIG,DPM,DXG,EIB,ELC,EVF,FPT,FRT,GAS,GEX,GMD,GVR,HAH,HCM,HDB,HDG,HPG,HSG,KDH,KLB,LPB,MBB,MBS,MCH,MSB,MSN,MWG,NAB,NKG,NLG,NT2,NVL,OCB,PDR,PGB,PHR,PLX,PNJ,POW,PPC,PVT,REE,SAB,SCR,SHB,SSB,SSI,STB,TCB,TPB,VBB,VCB,VCG,VCI,VGC,VHC,VHM,VIB,VIC,VJC,VND,VNM,VPB,VRE,VSC",0.09564780574348064,0.09564780574348064,0.03866087131555743,0.03866087131555743,0.0,0.0,0.005,20
topk_nonoverlap_v2,D_all,RandomForest,2023-05-25,2023-06-22,2023-05-25,5,random_topk_deterministic,5,"ABB,BAB,GVR,SAB,TCB",0.07656350358823594,0.07156350358823593,0.019576569160312716,0.014576569160312717,0.9999999999999999,0.004999999999999999,0.005,20
topk_nonoverlap_v2,D_all,RandomForest,2023-05-25,2023-06-22,2023-05-25,10,model_topk,10,"ACB,GMD,HDB,LPB,MBB,MSB,SHB,TCB,TPB,VIB",0.07735994963563722,0.07735994963563722,0.02037301520771403,0.02037301520771403,0.0,0.0,0.005,20
topk_nonoverlap_v2,D_all,RandomForest,2023-05-25,2023-06-22,2023-05-25,10,equal_weight_universe,80,"ABB,ACB,ANV,BAB,BCM,BID,BMP,BSI,BVB,BVH,CMG,CSV,CTG,DCM,DGW,DIG,DPM,DXG,EIB,ELC,EVF,FPT,FRT,GAS,GEX,GMD,GVR,HAH,HCM,HDB,HDG,HPG,HSG,KDH,KLB,LPB,MBB,MBS,MCH,MSB,MSN,MWG,NAB,NKG,NLG,NT2,NVL,OCB,PDR,PGB,PHR,PLX,PNJ,POW,PPC,PVT,REE,SAB,SCR,SHB,SSB,SSI,STB,TCB,TPB,VBB,VCB,VCG,VCI,VGC,VHC,VHM,VIB,VIC,VJC,VND,VNM,VPB,VRE,VSC",0.09564780574348064,0.09564780574348064,0.03866087131555743,0.03866087131555743,0.0,0.0,0.005,20
topk_nonoverlap_v2,D_all,RandomForest,2023-05-25,2023-06-22,2023-05-25,10,random_topk_deterministic,10,"ABB,ANV,BID,KLB,LPB,NAB,NVL,PNJ,VJC,VNM",0.08561757423246644,0.08161757423246643,0.02863063980454324,0.02463063980454324,0.8000000000000002,0.004000000000000001,0.005,20
topk_nonoverlap_v2,D_all,RandomForest,2023-06-22,2023-07-20,2023-06-22,5,model_topk,5,"ACB,MBB,MSB,SHB,TCB",0.040723384654205566,0.040723384654205566,-0.00149646782957642,-0.00149646782957642,0.0,0.0,0.005,20
topk_nonoverlap_v2,D_all,RandomForest,2023-06-22,2023-07-20,2023-06-22,5,equal_weight_universe,80,"ABB,ACB,ANV,BAB,BCM,BID,BMP,BSI,BVB,BVH,CMG,CSV,CTG,DCM,DGW,DIG,DPM,DXG,EIB,ELC,EVF,FPT,FRT,GAS,GEX,GMD,GVR,HAH,HCM,HDB,HDG,HPG,HSG,KDH,KLB,LPB,MBB,MBS,MCH,MSB,MSN,MWG,NAB,NKG,NLG,NT2,NVL,OCB,PDR,PGB,PHR,PLX,PNJ,POW,PPC,PVT,REE,SAB,SCR,SHB,SSB,SSI,STB,TCB,TPB,VBB,VCB,VCG,VCI,VGC,VHC,VHM,VIB,VIC,VJC,VND,VNM,VPB,VRE,VSC",0.04908615125116789,0.04908615125116789,0.0068662987673858865,0.0068662987673858865,0.0,0.0,0.005,20
topk_nonoverlap_v2,D_all,RandomForest,2023-06-22,2023-07-20,2023-06-22,5,random_topk_deterministic,5,"ABB,GVR,MSN,POW,TCB",0.019816148020386618,0.01781614802038662,-0.0224037044633954,-0.024403704463395397,0.4,0.002,0.005,20
topk_nonoverlap_v2,D_all,RandomForest,2023-06-22,2023-07-20,2023-06-22,10,model_topk,10,"ACB,GMD,HDB,LPB,MBB,MSB,SHB,TCB,TPB,VIB",0.04801460954357807,0.04801460954357807,0.00579475705979609,0.00579475705979609,0.0,0.0,0.005,20
topk_nonoverlap_v2,D_all,RandomForest,2023-06-22,2023-07-20,2023-06-22,10,equal_weight_universe,80,"ABB,ACB,ANV,BAB,BCM,BID,BMP,BSI,BVB,BVH,CMG,CSV,CTG,DCM,DGW,DIG,DPM,DXG,EIB,ELC,EVF,FPT,FRT,GAS,GEX,GMD,GVR,HAH,HCM,HDB,HDG,HPG,HSG,KDH,KLB,LPB,MBB,MBS,MCH,MSB,MSN,MWG,NAB,NKG,NLG,NT2,NVL,OCB,PDR,PGB,PHR,PLX,PNJ,POW,PPC,PVT,REE,SAB,SCR,SHB,SSB,SSI,STB,TCB,TPB,VBB,VCB,VCG,VCI,VGC,VHC,VHM,VIB,VIC,VJC,VND,VNM,VPB,VRE,VSC",0.04908615125116789,0.04908615125116789,0.0068662987673858865,0.0068662987673858865,0.0,0.0,0.005,20
topk_nonoverlap_v2,D_all,RandomForest,2023-06-22,2023-07-20,2023-06-22,10,random_topk_deterministic,10,"BSI,CSV,ELC,NLG,NVL,POW,SAB,SSI,VCG,VND",0.03507282283234538,0.030572822832345376,-0.007147029651436631,-0.011647029651436634,0.9000000000000002,0.004500000000000001,0.005,20
topk_nonoverlap_v2,D_all,RandomForest,2023-07-20,2023-08-17,2023-07-20,5,model_topk,5,"BVB,DPM,EIB,VCB,VGC",0.07604629912532075,0.07104629912532075,0.0243158398011336,0.0193158398011336,0.9999999999999999,0.004999999999999999,0.005,20
topk_nonoverlap_v2,D_all,RandomForest,2023-07-20,2023-08-17,2023-07-20,5,equal_weight_universe,80,"ABB,ACB,ANV,BAB,BCM,BID,BMP,BSI,BVB,BVH,CMG,CSV,CTG,DCM,DGW,DIG,DPM,DXG,EIB,ELC,EVF,FPT,FRT,GAS,GEX,GMD,GVR,HAH,HCM,HDB,HDG,HPG,HSG,KDH,KLB,LPB,MBB,MBS,MCH,MSB,MSN,MWG,NAB,NKG,NLG,NT2,NVL,OCB,PDR,PGB,PHR,PLX,PNJ,POW,PPC,PVT,REE,SAB,SCR,SHB,SSB,SSI,STB,TCB,TPB,VBB,VCB,VCG,VCI,VGC,VHC,VHM,VIB,VIC,VJC,VND,VNM,VPB,VRE,VSC",0.058565910741737316,0.058565910741737316,0.006835451417550151,0.006835451417550151,0.0,0.0,0.005,20
topk_nonoverlap_v2,D_all,RandomForest,2023-07-20,2023-08-17,2023-07-20,5,random_topk_deterministic,5,"CMG,FPT,PPC,TPB,VSC",-0.021304853015012122,-0.02630485301501212,-0.07303531233919928,-0.07803531233919929,0.9999999999999999,0.004999999999999999,0.005,20
topk_nonoverlap_v2,D_all,RandomForest,2023-07-20,2023-08-17,2023-07-20,10,model_topk,10,"BVB,BVH,DPM,EIB,MWG,PHR,SHB,VCB,VGC,VHC",0.050991505244318634,0.04649150524431863,-0.0007389540798685305,-0.005238954079868532,0.9000000000000002,0.004500000000000001,0.005,20
topk_nonoverlap_v2,D_all,RandomForest,2023-07-20,2023-08-17,2023-07-20,10,equal_weight_universe,80,"ABB,ACB,ANV,BAB,BCM,BID,BMP,BSI,BVB,BVH,CMG,CSV,CTG,DCM,DGW,DIG,DPM,DXG,EIB,ELC,EVF,FPT,FRT,GAS,GEX,GMD,GVR,HAH,HCM,HDB,HDG,HPG,HSG,KDH,KLB,LPB,MBB,MBS,MCH,MSB,MSN,MWG,NAB,NKG,NLG,NT2,NVL,OCB,PDR,PGB,PHR,PLX,PNJ,POW,PPC,PVT,REE,SAB,SCR,SHB,SSB,SSI,STB,TCB,TPB,VBB,VCB,VCG,VCI,VGC,VHC,VHM,VIB,VIC,VJC,VND,VNM,VPB,VRE,VSC",0.058565910741737316,0.058565910741737316,0.006835451417550151,0.006835451417550151,0.0,0.0,0.005,20
topk_nonoverlap_v2,D_all,RandomForest,2023-07-20,2023-08-17,2023-07-20,10,random_topk_deterministic,10,"ACB,BMP,BVH,FPT,MCH,NT2,NVL,OCB,STB,VIB",0.06145772551243737,0.056957725512437364,0.009727266188250188,0.005227266188250187,0.9000000000000002,0.004500000000000001,0.005,20
topk_nonoverlap_v2,D_all,RandomForest,2023-08-17,2023-09-18,2023-08-17,5,model_topk,5,"BVB,DPM,EIB,VCB,VGC",0.0055518161102403206,0.0055518161102403206,0.02311999719140904,0.02311999719140904,0.0,0.0,0.005,20
topk_nonoverlap_v2,D_all,RandomForest,2023-08-17,2023-09-18,2023-08-17,5,equal_weight_universe,80,"ABB,ACB,ANV,BAB,BCM,BID,BMP,BSI,BVB,BVH,CMG,CSV,CTG,DCM,DGW,DIG,DPM,DXG,EIB,ELC,EVF,FPT,FRT,GAS,GEX,GMD,GVR,HAH,HCM,HDB,HDG,HPG,HSG,KDH,KLB,LPB,MBB,MBS,MCH,MSB,MSN,MWG,NAB,NKG,NLG,NT2,NVL,OCB,PDR,PGB,PHR,PLX,PNJ,POW,PPC,PVT,REE,SAB,SCR,SHB,SSB,SSI,STB,TCB,TPB,VBB,VCB,VCG,VCI,VGC,VHC,VHM,VIB,VIC,VJC,VND,VNM,VPB,VRE,VSC",0.02450140955443635,0.02450140955443635,0.0420695906356051,0.0420695906356051,0.0,0.0,0.005,20
topk_nonoverlap_v2,D_all,RandomForest,2023-08-17,2023-09-18,2023-08-17,5,random_topk_deterministic,5,"MBB,MWG,OCB,VHC,VIC",-0.00396348729140768,-0.008963487291407678,0.01360469378976108,0.008604693789761081,0.9999999999999999,0.004999999999999999,0.005,20
topk_nonoverlap_v2,D_all,RandomForest,2023-08-17,2023-09-18,2023-08-17,10,model_topk,10,"BVB,BVH,DPM,EIB,MWG,PHR,SHB,VCB,VGC,VHC",0.00915393125708205,0.00915393125708205,0.0267221123382508,0.0267221123382508,0.0,0.0,0.005,20
topk_nonoverlap_v2,D_all,RandomForest,2023-08-17,2023-09-18,2023-08-17,10,equal_weight_universe,80,"ABB,ACB,ANV,BAB,BCM,BID,BMP,BSI,BVB,BVH,CMG,CSV,CTG,DCM,DGW,DIG,DPM,DXG,EIB,ELC,EVF,FPT,FRT,GAS,GEX,GMD,GVR,HAH,HCM,HDB,HDG,HPG,HSG,KDH,KLB,LPB,MBB,MBS,MCH,MSB,MSN,MWG,NAB,NKG,NLG,NT2,NVL,OCB,PDR,PGB,PHR,PLX,PNJ,POW,PPC,PVT,REE,SAB,SCR,SHB,SSB,SSI,STB,TCB,TPB,VBB,VCB,VCG,VCI,VGC,VHC,VHM,VIB,VIC,VJC,VND,VNM,VPB,VRE,VSC",0.02450140955443635,0.02450140955443635,0.0420695906356051,0.0420695906356051,0.0,0.0,0.005,20
topk_nonoverlap_v2,D_all,RandomForest,2023-08-17,2023-09-18,2023-08-17,10,random_topk_deterministic,10,"ANV,BVB,GEX,MWG,OCB,PGB,PLX,TPB,VGC,VND",0.03807800611674994,0.03357800611674994,0.055646187197918695,0.05114618719791869,0.9000000000000002,0.004500000000000001,0.005,20
topk_nonoverlap_v2,D_all,RandomForest,2023-09-18,2023-10-16,2023-09-18,5,model_topk,5,"BVB,EIB,SSI,VCB,VGC",-0.046457740572550296,-0.0474577405725503,0.011628923178367638,0.010628923178367639,0.2,0.001,0.005,20
topk_nonoverlap_v2,D_all,RandomForest,2023-09-18,2023-10-16,2023-09-18,5,equal_weight_universe,80,"ABB,ACB,ANV,BAB,BCM,BID,BMP,BSI,BVB,BVH,CMG,CSV,CTG,DCM,DGW,DIG,DPM,DXG,EIB,ELC,EVF,FPT,FRT,GAS,GEX,GMD,GVR,HAH,HCM,HDB,HDG,HPG,HSG,KDH,KLB,LPB,MBB,MBS,MCH,MSB,MSN,MWG,NAB,NKG,NLG,NT2,NVL,OCB,PDR,PGB,PHR,PLX,PNJ,POW,PPC,PVT,REE,SAB,SCR,SHB,SSB,SSI,STB,TCB,TPB,VBB,VCB,VCG,VCI,VGC,VHC,VHM,VIB,VIC,VJC,VND,VNM,VPB,VRE,VSC",-0.04814229259590509,-0.04814229259590509,0.009944371155012855,0.009944371155012855,0.0,0.0,0.005,20
topk_nonoverlap_v2,D_all,RandomForest,2023-09-18,2023-10-16,2023-09-18,5,random_topk_deterministic,5,"DIG,FPT,GEX,HAH,VRE",-0.03733647300374334,-0.04233647300374334,0.020750190747174574,0.015750190747174576,0.9999999999999999,0.004999999999999999,0.005,20
topk_nonoverlap_v2,D_all,RandomForest,2023-09-18,2023-10-16,2023-09-18,10,model_topk,10,"BVB,BVH,DPM,EIB,PHR,SHB,SSI,VCB,VGC,VHC",-0.03622678844868517,-0.03672678844868517,0.021859875302232747,0.021359875302232746,0.1,0.0005,0.005,20
topk_nonoverlap_v2,D_all,RandomForest,2023-09-18,2023-10-16,2023-09-18,10,equal_weight_universe,80,"ABB,ACB,ANV,BAB,BCM,BID,BMP,BSI,BVB,BVH,CMG,CSV,CTG,DCM,DGW,DIG,DPM,DXG,EIB,ELC,EVF,FPT,FRT,GAS,GEX,GMD,GVR,HAH,HCM,HDB,HDG,HPG,HSG,KDH,KLB,LPB,MBB,MBS,MCH,MSB,MSN,MWG,NAB,NKG,NLG,NT2,NVL,OCB,PDR,PGB,PHR,PLX,PNJ,POW,PPC,PVT,REE,SAB,SCR,SHB,SSB,SSI,STB,TCB,TPB,VBB,VCB,VCG,VCI,VGC,VHC,VHM,VIB,VIC,VJC,VND,VNM,VPB,VRE,VSC",-0.04814229259590509,-0.04814229259590509,0.009944371155012855,0.009944371155012855,0.0,0.0,0.005,20
topk_nonoverlap_v2,D_all,RandomForest,2023-09-18,2023-10-16,2023-09-18,10,random_topk_deterministic,10,"DPM,HPG,MSB,NAB,PHR,PNJ,PPC,SSI,VCB,VCI",-0.0474168982507757,-0.052416898250775695,0.010669765500142212,0.005669765500142211,1.0000000000000002,0.005000000000000001,0.005,20
topk_nonoverlap_v2,D_all,RandomForest,2023-10-16,2023-11-13,2023-10-16,5,model_topk,5,"LPB,PDR,REE,SSB,SSI",-0.006712135075715162,-0.010712135075715161,0.029514670131833433,0.025514670131833433,0.7999999999999999,0.004,0.005,20
topk_nonoverlap_v2,D_all,RandomForest,2023-10-16,2023-11-13,2023-10-16,5,equal_weight_universe,80,"ABB,ACB,ANV,BAB,BCM,BID,BMP,BSI,BVB,BVH,CMG,CSV,CTG,DCM,DGW,DIG,DPM,DXG,EIB,ELC,EVF,FPT,FRT,GAS,GEX,GMD,GVR,HAH,HCM,HDB,HDG,HPG,HSG,KDH,KLB,LPB,MBB,MBS,MCH,MSB,MSN,MWG,NAB,NKG,NLG,NT2,NVL,OCB,PDR,PGB,PHR,PLX,PNJ,POW,PPC,PVT,REE,SAB,SCR,SHB,SSB,SSI,STB,TCB,TPB,VBB,VCB,VCG,VCI,VGC,VHC,VHM,VIB,VIC,VJC,VND,VNM,VPB,VRE,VSC",-0.0258687793007528,-0.0258687793007528,0.010358025906795802,0.010358025906795802,0.0,0.0,0.005,20
topk_nonoverlap_v2,D_all,RandomForest,2023-10-16,2023-11-13,2023-10-16,5,random_topk_deterministic,5,"DGW,KLB,MSB,PHR,SAB",-0.09575105594323585,-0.10075105594323586,-0.05952425073568722,-0.06452425073568722,0.9999999999999999,0.004999999999999999,0.005,20
topk_nonoverlap_v2,D_all,RandomForest,2023-10-16,2023-11-13,2023-10-16,10,model_topk,10,"BCM,BID,BVH,LPB,PDR,REE,SCR,SSB,SSI,VBB",-0.02214986568118233,-0.02614986568118233,0.01407693952636625,0.01007693952636625,0.8000000000000002,0.004000000000000001,0.005,20
topk_nonoverlap_v2,D_all,RandomForest,2023-10-16,2023-11-13,2023-10-16,10,equal_weight_universe,80,"ABB,ACB,ANV,BAB,BCM,BID,BMP,BSI,BVB,BVH,CMG,CSV,CTG,DCM,DGW,DIG,DPM,DXG,EIB,ELC,EVF,FPT,FRT,GAS,GEX,GMD,GVR,HAH,HCM,HDB,HDG,HPG,HSG,KDH,KLB,LPB,MBB,MBS,MCH,MSB,MSN,MWG,NAB,NKG,NLG,NT2,NVL,OCB,PDR,PGB,PHR,PLX,PNJ,POW,PPC,PVT,REE,SAB,SCR,SHB,SSB,SSI,STB,TCB,TPB,VBB,VCB,VCG,VCI,VGC,VHC,VHM,VIB,VIC,VJC,VND,VNM,VPB,VRE,VSC",-0.0258687793007528,-0.0258687793007528,0.010358025906795802,0.010358025906795802,0.0,0.0,0.005,20
topk_nonoverlap_v2,D_all,RandomForest,2023-10-16,2023-11-13,2023-10-16,10,random_topk_deterministic,10,"ANV,BMP,EVF,MCH,PDR,VCI,VHC,VIB,VJC,VND",-0.004542445119205627,-0.009042445119205628,0.03168436008834298,0.02718436008834298,0.9000000000000002,0.004500000000000001,0.005,20
topk_nonoverlap_v2,D_all,RandomForest,2023-11-13,2023-12-11,2023-11-13,5,model_topk,5,"LPB,PDR,REE,SSB,VBB",0.018181549144302263,0.017181549144302262,-0.00493516161046804,-0.00593516161046804,0.2,0.001,0.005,20
topk_nonoverlap_v2,D_all,RandomForest,2023-11-13,2023-12-11,2023-11-13,5,equal_weight_universe,80,"ABB,ACB,ANV,BAB,BCM,BID,BMP,BSI,BVB,BVH,CMG,CSV,CTG,DCM,DGW,DIG,DPM,DXG,EIB,ELC,EVF,FPT,FRT,GAS,GEX,GMD,GVR,HAH,HCM,HDB,HDG,HPG,HSG,KDH,KLB,LPB,MBB,MBS,MCH,MSB,MSN,MWG,NAB,NKG,NLG,NT2,NVL,OCB,PDR,PGB,PHR,PLX,PNJ,POW,PPC,PVT,REE,SAB,SCR,SHB,SSB,SSI,STB,TCB,TPB,VBB,VCB,VCG,VCI,VGC,VHC,VHM,VIB,VIC,VJC,VND,VNM,VPB,VRE,VSC",0.03846540766510852,0.03846540766510852,0.015348696910338248,0.015348696910338248,0.0,0.0,0.005,20
topk_nonoverlap_v2,D_all,RandomForest,2023-11-13,2023-12-11,2023-11-13,5,random_topk_deterministic,5,"DXG,GAS,PPC,TCB,VCG",0.017735963560186124,0.012735963560186124,-0.0053807471945841595,-0.010380747194584159,0.9999999999999999,0.004999999999999999,0.005,20
topk_nonoverlap_v2,D_all,RandomForest,2023-11-13,2023-12-11,2023-11-13,10,model_topk,10,"BCM,BID,BVH,LPB,NKG,PDR,REE,SCR,SSB,VBB",0.04508739476266547,0.04458739476266547,0.02197068400789518,0.021470684007895178,0.1,0.0005,0.005,20
topk_nonoverlap_v2,D_all,RandomForest,2023-11-13,2023-12-11,2023-11-13,10,equal_weight_universe,80,"ABB,ACB,ANV,BAB,BCM,BID,BMP,BSI,BVB,BVH,CMG,CSV,CTG,DCM,DGW,DIG,DPM,DXG,EIB,ELC,EVF,FPT,FRT,GAS,GEX,GMD,GVR,HAH,HCM,HDB,HDG,HPG,HSG,KDH,KLB,LPB,MBB,MBS,MCH,MSB,MSN,MWG,NAB,NKG,NLG,NT2,NVL,OCB,PDR,PGB,PHR,PLX,PNJ,POW,PPC,PVT,REE,SAB,SCR,SHB,SSB,SSI,STB,TCB,TPB,VBB,VCB,VCG,VCI,VGC,VHC,VHM,VIB,VIC,VJC,VND,VNM,VPB,VRE,VSC",0.03846540766510852,0.03846540766510852,0.015348696910338248,0.015348696910338248,0.0,0.0,0.005,20
topk_nonoverlap_v2,D_all,RandomForest,2023-11-13,2023-12-11,2023-11-13,10,random_topk_deterministic,10,"BSI,CTG,DCM,DIG,GAS,GEX,GMD,MWG,PGB,VGC",0.046535086347501996,0.041535086347502,0.02341837559273172,0.01841837559273172,1.0000000000000002,0.005000000000000001,0.005,20
topk_nonoverlap_v2,D_all,RandomForest,2023-12-11,2024-01-09,2023-12-11,5,model_topk,5,"LPB,PDR,REE,SSB,VBB",0.04868800069623106,0.04868800069623106,0.01928773414803038,0.01928773414803038,0.0,0.0,0.005,20
topk_nonoverlap_v2,D_all,RandomForest,2023-12-11,2024-01-09,2023-12-11,5,equal_weight_universe,80,"ABB,ACB,ANV,BAB,BCM,BID,BMP,BSI,BVB,BVH,CMG,CSV,CTG,DCM,DGW,DIG,DPM,DXG,EIB,ELC,EVF,FPT,FRT,GAS,GEX,GMD,GVR,HAH,HCM,HDB,HDG,HPG,HSG,KDH,KLB,LPB,MBB,MBS,MCH,MSB,MSN,MWG,NAB,NKG,NLG,NT2,NVL,OCB,PDR,PGB,PHR,PLX,PNJ,POW,PPC,PVT,REE,SAB,SCR,SHB,SSB,SSI,STB,TCB,TPB,VBB,VCB,VCG,VCI,VGC,VHC,VHM,VIB,VIC,VJC,VND,VNM,VPB,VRE,VSC",0.03295277521984165,0.03295277521984165,0.0035525086716409484,0.0035525086716409484,0.0,0.0,0.005,20
topk_nonoverlap_v2,D_all,RandomForest,2023-12-11,2024-01-09,2023-12-11,5,random_topk_deterministic,5,"POW,SHB,VHM,VJC,VRE",0.018566193628473563,0.013566193628473564,-0.010834072919727161,-0.01583407291972716,0.9999999999999999,0.004999999999999999,0.005,20
topk_nonoverlap_v2,D_all,RandomForest,2023-12-11,2024-01-09,2023-12-11,10,model_topk,10,"BCM,BID,BVH,LPB,NKG,PDR,REE,SCR,SSB,VBB",0.028322513503689296,0.028322513503689296,-0.0010777530445113795,-0.0010777530445113795,0.0,0.0,0.005,20
topk_nonoverlap_v2,D_all,RandomForest,2023-12-11,2024-01-09,2023-12-11,10,equal_weight_universe,80,"ABB,ACB,ANV,BAB,BCM,BID,BMP,BSI,BVB,BVH,CMG,CSV,CTG,DCM,DGW,DIG,DPM,DXG,EIB,ELC,EVF,FPT,FRT,GAS,GEX,GMD,GVR,HAH,HCM,HDB,HDG,HPG,HSG,KDH,KLB,LPB,MBB,MBS,MCH,MSB,MSN,MWG,NAB,NKG,NLG,NT2,NVL,OCB,PDR,PGB,PHR,PLX,PNJ,POW,PPC,PVT,REE,SAB,SCR,SHB,SSB,SSI,STB,TCB,TPB,VBB,VCB,VCG,VCI,VGC,VHC,VHM,VIB,VIC,VJC,VND,VNM,VPB,VRE,VSC",0.03295277521984165,0.03295277521984165,0.0035525086716409484,0.0035525086716409484,0.0,0.0,0.005,20
topk_nonoverlap_v2,D_all,RandomForest,2023-12-11,2024-01-09,2023-12-11,10,random_topk_deterministic,10,"ACB,FPT,HAH,MCH,PDR,PGB,PNJ,TCB,VHM,VND",0.05980768528017379,0.05530768528017379,0.030407418731973102,0.0259074187319731,0.9000000000000002,0.004500000000000001,0.005,20
topk_nonoverlap_v2,D_all,RandomForest,2024-01-09,2024-02-06,2024-01-09,5,model_topk,5,"ABB,BCM,DXG,GVR,REE",0.03973849901272861,0.03573849901272862,0.013939898990287561,0.009939898990287561,0.7999999999999999,0.004,0.005,20
topk_nonoverlap_v2,D_all,RandomForest,2024-01-09,2024-02-06,2024-01-09,5,equal_weight_universe,80,"ABB,ACB,ANV,BAB,BCM,BID,BMP,BSI,BVB,BVH,CMG,CSV,CTG,DCM,DGW,DIG,DPM,DXG,EIB,ELC,EVF,FPT,FRT,GAS,GEX,GMD,GVR,HAH,HCM,HDB,HDG,HPG,HSG,KDH,KLB,LPB,MBB,MBS,MCH,MSB,MSN,MWG,NAB,NKG,NLG,NT2,NVL,OCB,PDR,PGB,PHR,PLX,PNJ,POW,PPC,PVT,REE,SAB,SCR,SHB,SSB,SSI,STB,TCB,TPB,VBB,VCB,VCG,VCI,VGC,VHC,VHM,VIB,VIC,VJC,VND,VNM,VPB,VRE,VSC",0.029575030124538708,0.029575030124538708,0.0037764301020976688,0.0037764301020976688,0.0,0.0,0.005,20
topk_nonoverlap_v2,D_all,RandomForest,2024-01-09,2024-02-06,2024-01-09,5,random_topk_deterministic,5,"GEX,KLB,MSN,NKG,PPC",-0.007486772769304739,-0.012486772769304738,-0.03328537279174578,-0.03828537279174578,0.9999999999999999,0.004999999999999999,0.005,20
topk_nonoverlap_v2,D_all,RandomForest,2024-01-09,2024-02-06,2024-01-09,10,model_topk,10,"ABB,BCM,BMP,DXG,GVR,HCM,NAB,OCB,REE,SSB",0.034557578728418796,0.031057578728418796,0.008758978705977749,0.005258978705977749,0.7000000000000001,0.0035000000000000005,0.005,20
topk_nonoverlap_v2,D_all,RandomForest,2024-01-09,2024-02-06,2024-01-09,10,equal_weight_universe,80,"ABB,ACB,ANV,BAB,BCM,BID,BMP,BSI,BVB,BVH,CMG,CSV,CTG,DCM,DGW,DIG,DPM,DXG,EIB,ELC,EVF,FPT,FRT,GAS,GEX,GMD,GVR,HAH,HCM,HDB,HDG,HPG,HSG,KDH,KLB,LPB,MBB,MBS,MCH,MSB,MSN,MWG,NAB,NKG,NLG,NT2,NVL,OCB,PDR,PGB,PHR,PLX,PNJ,POW,PPC,PVT,REE,SAB,SCR,SHB,SSB,SSI,STB,TCB,TPB,VBB,VCB,VCG,VCI,VGC,VHC,VHM,VIB,VIC,VJC,VND,VNM,VPB,VRE,VSC",0.029575030124538708,0.029575030124538708,0.0037764301020976688,0.0037764301020976688,0.0,0.0,0.005,20
topk_nonoverlap_v2,D_all,RandomForest,2024-01-09,2024-02-06,2024-01-09,10,random_topk_deterministic,10,"ABB,BID,CMG,DCM,EIB,HDB,MSB,PLX,SCR,TPB",0.020648370882075683,0.01564837088207568,-0.005150229140365331,-0.010150229140365332,1.0000000000000002,0.005000000000000001,0.005,20
topk_nonoverlap_v2,D_all,RandomForest,2024-02-06,2024-03-12,2024-02-06,5,model_topk,5,"ABB,BCM,DXG,GVR,REE",0.07165386779001312,0.07165386779001312,0.024097324979027702,0.024097324979027702,0.0,0.0,0.005,20
topk_nonoverlap_v2,D_all,RandomForest,2024-02-06,2024-03-12,2024-02-06,5,equal_weight_universe,80,"ABB,ACB,ANV,BAB,BCM,BID,BMP,BSI,BVB,BVH,CMG,CSV,CTG,DCM,DGW,DIG,DPM,DXG,EIB,ELC,EVF,FPT,FRT,GAS,GEX,GMD,GVR,HAH,HCM,HDB,HDG,HPG,HSG,KDH,KLB,LPB,MBB,MBS,MCH,MSB,MSN,MWG,NAB,NKG,NLG,NT2,NVL,OCB,PDR,PGB,PHR,PLX,PNJ,POW,PPC,PVT,REE,SAB,SCR,SHB,SSB,SSI,STB,TCB,TPB,VBB,VCB,VCG,VCI,VGC,VHC,VHM,VIB,VIC,VJC,VND,VNM,VPB,VRE,VSC",0.04448375630615168,0.04448375630615168,-0.003072786504833726,-0.003072786504833726,0.0,0.0,0.005,20
topk_nonoverlap_v2,D_all,RandomForest,2024-02-06,2024-03-12,2024-02-06,5,random_topk_deterministic,5,"MBS,PGB,VIB,VND,VSC",0.00609358889517038,0.001093588895170381,-0.04146295391581498,-0.04646295391581498,0.9999999999999999,0.004999999999999999,0.005,20
topk_nonoverlap_v2,D_all,RandomForest,2024-02-06,2024-03-12,2024-02-06,10,model_topk,10,"ABB,BCM,BMP,DXG,GVR,HCM,NAB,OCB,REE,SSB",0.04551198266730129,0.04551198266730129,-0.002044560143684121,-0.002044560143684121,0.0,0.0,0.005,20
topk_nonoverlap_v2,D_all,RandomForest,2024-02-06,2024-03-12,2024-02-06,10,equal_weight_universe,80,"ABB,ACB,ANV,BAB,BCM,BID,BMP,BSI,BVB,BVH,CMG,CSV,CTG,DCM,DGW,DIG,DPM,DXG,EIB,ELC,EVF,FPT,FRT,GAS,GEX,GMD,GVR,HAH,HCM,HDB,HDG,HPG,HSG,KDH,KLB,LPB,MBB,MBS,MCH,MSB,MSN,MWG,NAB,NKG,NLG,NT2,NVL,OCB,PDR,PGB,PHR,PLX,PNJ,POW,PPC,PVT,REE,SAB,SCR,SHB,SSB,SSI,STB,TCB,TPB,VBB,VCB,VCG,VCI,VGC,VHC,VHM,VIB,VIC,VJC,VND,VNM,VPB,VRE,VSC",0.04448375630615168,0.04448375630615168,-0.003072786504833726,-0.003072786504833726,0.0,0.0,0.005,20
topk_nonoverlap_v2,D_all,RandomForest,2024-02-06,2024-03-12,2024-02-06,10,random_topk_deterministic,10,"ABB,GVR,MSB,MWG,PLX,SSI,VCG,VHM,VND,VNM",0.04284999583883479,0.039349995838834785,-0.00470654697215059,-0.008206546972150591,0.7000000000000001,0.0035000000000000005,0.005,20
topk_nonoverlap_v2,D_all,RandomForest,2024-03-12,2024-04-09,2024-03-12,5,model_topk,5,"ABB,BCM,DXG,GVR,REE",0.014341287630499642,0.014341287630499642,2.8034618451440887e-05,2.8034618451440887e-05,0.0,0.0,0.005,20
topk_nonoverlap_v2,D_all,RandomForest,2024-03-12,2024-04-09,2024-03-12,5,equal_weight_universe,80,"ABB,ACB,ANV,BAB,BCM,BID,BMP,BSI,BVB,BVH,CMG,CSV,CTG,DCM,DGW,DIG,DPM,DXG,EIB,ELC,EVF,FPT,FRT,GAS,GEX,GMD,GVR,HAH,HCM,HDB,HDG,HPG,HSG,KDH,KLB,LPB,MBB,MBS,MCH,MSB,MSN,MWG,NAB,NKG,NLG,NT2,NVL,OCB,PDR,PGB,PHR,PLX,PNJ,POW,PPC,PVT,REE,SAB,SCR,SHB,SSB,SSI,STB,TCB,TPB,VBB,VCB,VCG,VCI,VGC,VHC,VHM,VIB,VIC,VJC,VND,VNM,VPB,VRE,VSC",0.013705628811516619,0.013705628811516619,-0.0006076242005315965,-0.0006076242005315965,0.0,0.0,0.005,20
topk_nonoverlap_v2,D_all,RandomForest,2024-03-12,2024-04-09,2024-03-12,5,random_topk_deterministic,5,"KLB,MSB,MWG,VGC,VND",0.02178649877907558,0.01778649877907558,0.00747324576702732,0.00347324576702732,0.7999999999999999,0.004,0.005,20
topk_nonoverlap_v2,D_all,RandomForest,2024-03-12,2024-04-09,2024-03-12,10,model_topk,10,"ABB,BCM,BMP,DXG,GVR,HCM,NAB,OCB,REE,SSB",0.001769072541040119,0.001769072541040119,-0.012544180471008078,-0.012544180471008078,0.0,0.0,0.005,20
topk_nonoverlap_v2,D_all,RandomForest,2024-03-12,2024-04-09,2024-03-12,10,equal_weight_universe,80,"ABB,ACB,ANV,BAB,BCM,BID,BMP,BSI,BVB,BVH,CMG,CSV,CTG,DCM,DGW,DIG,DPM,DXG,EIB,ELC,EVF,FPT,FRT,GAS,GEX,GMD,GVR,HAH,HCM,HDB,HDG,HPG,HSG,KDH,KLB,LPB,MBB,MBS,MCH,MSB,MSN,MWG,NAB,NKG,NLG,NT2,NVL,OCB,PDR,PGB,PHR,PLX,PNJ,POW,PPC,PVT,REE,SAB,SCR,SHB,SSB,SSI,STB,TCB,TPB,VBB,VCB,VCG,VCI,VGC,VHC,VHM,VIB,VIC,VJC,VND,VNM,VPB,VRE,VSC",0.013705628811516619,0.013705628811516619,-0.0006076242005315965,-0.0006076242005315965,0.0,0.0,0.005,20
topk_nonoverlap_v2,D_all,RandomForest,2024-03-12,2024-04-09,2024-03-12,10,random_topk_deterministic,10,"EVF,LPB,MSB,MSN,PPC,SSB,VBB,VCI,VHC,VIB",-0.0009540092646869189,-0.00545400926468692,-0.015267262276735138,-0.01976726227673514,0.9000000000000002,0.004500000000000001,0.005,20
topk_nonoverlap_v2,D_all,RandomForest,2024-04-09,2024-05-13,2024-04-09,5,model_topk,5,"EIB,LPB,OCB,PLX,TPB",0.009841706598826641,0.004841706598826642,0.027769835706696194,0.022769835706696197,0.9999999999999999,0.004999999999999999,0.005,20
topk_nonoverlap_v2,D_all,RandomForest,2024-04-09,2024-05-13,2024-04-09,5,equal_weight_universe,80,"ABB,ACB,ANV,BAB,BCM,BID,BMP,BSI,BVB,BVH,CMG,CSV,CTG,DCM,DGW,DIG,DPM,DXG,EIB,ELC,EVF,FPT,FRT,GAS,GEX,GMD,GVR,HAH,HCM,HDB,HDG,HPG,HSG,KDH,KLB,LPB,MBB,MBS,MCH,MSB,MSN,MWG,NAB,NKG,NLG,NT2,NVL,OCB,PDR,PGB,PHR,PLX,PNJ,POW,PPC,PVT,REE,SAB,SCR,SHB,SSB,SSI,STB,TCB,TPB,VBB,VCB,VCG,VCI,VGC,VHC,VHM,VIB,VIC,VJC,VND,VNM,VPB,VRE,VSC",-0.011577584859227955,-0.011577584859227955,0.006350544248641598,0.006350544248641598,0.0,0.0,0.005,20
topk_nonoverlap_v2,D_all,RandomForest,2024-04-09,2024-05-13,2024-04-09,5,random_topk_deterministic,5,"BAB,MWG,PLX,VCI,VGC",0.005935762655014121,0.002935762655014121,0.023863891762883702,0.020863891762883703,0.6,0.003,0.005,20
topk_nonoverlap_v2,D_all,RandomForest,2024-04-09,2024-05-13,2024-04-09,10,model_topk,10,"DIG,EIB,GEX,HPG,LPB,OCB,PLX,SAB,SSB,TPB",-0.012417560580302906,-0.016417560580302908,0.005510568527566622,0.001510568527566621,0.8000000000000002,0.004000000000000001,0.005,20
topk_nonoverlap_v2,D_all,RandomForest,2024-04-09,2024-05-13,2024-04-09,10,equal_weight_universe,80,"ABB,ACB,ANV,BAB,BCM,BID,BMP,BSI,BVB,BVH,CMG,CSV,CTG,DCM,DGW,DIG,DPM,DXG,EIB,ELC,EVF,FPT,FRT,GAS,GEX,GMD,GVR,HAH,HCM,HDB,HDG,HPG,HSG,KDH,KLB,LPB,MBB,MBS,MCH,MSB,MSN,MWG,NAB,NKG,NLG,NT2,NVL,OCB,PDR,PGB,PHR,PLX,PNJ,POW,PPC,PVT,REE,SAB,SCR,SHB,SSB,SSI,STB,TCB,TPB,VBB,VCB,VCG,VCI,VGC,VHC,VHM,VIB,VIC,VJC,VND,VNM,VPB,VRE,VSC",-0.011577584859227955,-0.011577584859227955,0.006350544248641598,0.006350544248641598,0.0,0.0,0.005,20
topk_nonoverlap_v2,D_all,RandomForest,2024-04-09,2024-05-13,2024-04-09,10,random_topk_deterministic,10,"ABB,BID,BVB,DIG,FPT,PHR,POW,VCI,VNM,VSC",-0.017955663070465557,-0.022455663070465558,-2.7533962595983895e-05,-0.004527533962595985,0.9000000000000002,0.004500000000000001,0.005,20
topk_nonoverlap_v2,D_all,RandomForest,2024-05-13,2024-06-10,2024-05-13,5,model_topk,5,"LPB,OCB,PLX,PNJ,TPB",0.10247933418877471,0.10147933418877471,0.06176750203537773,0.06076750203537773,0.2,0.001,0.005,20
topk_nonoverlap_v2,D_all,RandomForest,2024-05-13,2024-06-10,2024-05-13,5,equal_weight_universe,80,"ABB,ACB,ANV,BAB,BCM,BID,BMP,BSI,BVB,BVH,CMG,CSV,CTG,DCM,DGW,DIG,DPM,DXG,EIB,ELC,EVF,FPT,FRT,GAS,GEX,GMD,GVR,HAH,HCM,HDB,HDG,HPG,HSG,KDH,KLB,LPB,MBB,MBS,MCH,MSB,MSN,MWG,NAB,NKG,NLG,NT2,NVL,OCB,PDR,PGB,PHR,PLX,PNJ,POW,PPC,PVT,REE,SAB,SCR,SHB,SSB,SSI,STB,TCB,TPB,VBB,VCB,VCG,VCI,VGC,VHC,VHM,VIB,VIC,VJC,VND,VNM,VPB,VRE,VSC",0.07205670208582689,0.07205670208582689,0.031344869932429874,0.031344869932429874,0.0,0.0,0.005,20
topk_nonoverlap_v2,D_all,RandomForest,2024-05-13,2024-06-10,2024-05-13,5,random_topk_deterministic,5,"BID,GVR,MWG,NT2,VIC",0.04051708688312354,0.03651708688312354,-0.00019474527027349956,-0.0041947452702734995,0.7999999999999999,0.004,0.005,20
topk_nonoverlap_v2,D_all,RandomForest,2024-05-13,2024-06-10,2024-05-13,10,model_topk,10,"DIG,EIB,GEX,LPB,OCB,PLX,PNJ,SAB,SSB,TPB",0.08593595237102156,0.08543595237102156,0.04522412021762455,0.04472412021762455,0.1,0.0005,0.005,20
topk_nonoverlap_v2,D_all,RandomForest,2024-05-13,2024-06-10,2024-05-13,10,equal_weight_universe,80,"ABB,ACB,ANV,BAB,BCM,BID,BMP,BSI,BVB,BVH,CMG,CSV,CTG,DCM,DGW,DIG,DPM,DXG,EIB,ELC,EVF,FPT,FRT,GAS,GEX,GMD,GVR,HAH,HCM,HDB,HDG,HPG,HSG,KDH,KLB,LPB,MBB,MBS,MCH,MSB,MSN,MWG,NAB,NKG,NLG,NT2,NVL,OCB,PDR,PGB,PHR,PLX,PNJ,POW,PPC,PVT,REE,SAB,SCR,SHB,SSB,SSI,STB,TCB,TPB,VBB,VCB,VCG,VCI,VGC,VHC,VHM,VIB,VIC,VJC,VND,VNM,VPB,VRE,VSC",0.07205670208582689,0.07205670208582689,0.031344869932429874,0.031344869932429874,0.0,0.0,0.005,20
topk_nonoverlap_v2,D_all,RandomForest,2024-05-13,2024-06-10,2024-05-13,10,random_topk_deterministic,10,"ACB,EIB,FPT,FRT,HDB,HPG,NVL,SCR,SSI,TCB",0.057729400529088204,0.0532294005290882,0.01701756837569117,0.012517568375691169,0.9000000000000002,0.004500000000000001,0.005,20
topk_nonoverlap_v2,D_all,RandomForest,2024-06-10,2024-07-08,2024-06-10,5,model_topk,5,"LPB,OCB,PLX,PNJ,TPB",0.05888411229447542,0.05888411229447542,0.06439287905902412,0.06439287905902412,0.0,0.0,0.005,20
topk_nonoverlap_v2,D_all,RandomForest,2024-06-10,2024-07-08,2024-06-10,5,equal_weight_universe,80,"ABB,ACB,ANV,BAB,BCM,BID,BMP,BSI,BVB,BVH,CMG,CSV,CTG,DCM,DGW,DIG,DPM,DXG,EIB,ELC,EVF,FPT,FRT,GAS,GEX,GMD,GVR,HAH,HCM,HDB,HDG,HPG,HSG,KDH,KLB,LPB,MBB,MBS,MCH,MSB,MSN,MWG,NAB,NKG,NLG,NT2,NVL,OCB,PDR,PGB,PHR,PLX,PNJ,POW,PPC,PVT,REE,SAB,SCR,SHB,SSB,SSI,STB,TCB,TPB,VBB,VCB,VCG,VCI,VGC,VHC,VHM,VIB,VIC,VJC,VND,VNM,VPB,VRE,VSC",-0.014603549768670593,-0.014603549768670593,-0.009094783004121894,-0.009094783004121894,0.0,0.0,0.005,20
topk_nonoverlap_v2,D_all,RandomForest,2024-06-10,2024-07-08,2024-06-10,5,random_topk_deterministic,5,"EVF,KDH,MCH,NVL,TCB",-0.04664249790434806,-0.05164249790434806,-0.04113373113979938,-0.04613373113979938,0.9999999999999999,0.004999999999999999,0.005,20
topk_nonoverlap_v2,D_all,RandomForest,2024-06-10,2024-07-08,2024-06-10,10,model_topk,10,"DIG,EIB,GEX,LPB,OCB,PLX,PNJ,SAB,SSB,TPB",-0.0017920659099247122,-0.0017920659099247122,0.0037167008546239886,0.0037167008546239886,0.0,0.0,0.005,20
topk_nonoverlap_v2,D_all,RandomForest,2024-06-10,2024-07-08,2024-06-10,10,equal_weight_universe,80,"ABB,ACB,ANV,BAB,BCM,BID,BMP,BSI,BVB,BVH,CMG,CSV,CTG,DCM,DGW,DIG,DPM,DXG,EIB,ELC,EVF,FPT,FRT,GAS,GEX,GMD,GVR,HAH,HCM,HDB,HDG,HPG,HSG,KDH,KLB,LPB,MBB,MBS,MCH,MSB,MSN,MWG,NAB,NKG,NLG,NT2,NVL,OCB,PDR,PGB,PHR,PLX,PNJ,POW,PPC,PVT,REE,SAB,SCR,SHB,SSB,SSI,STB,TCB,TPB,VBB,VCB,VCG,VCI,VGC,VHC,VHM,VIB,VIC,VJC,VND,VNM,VPB,VRE,VSC",-0.014603549768670593,-0.014603549768670593,-0.009094783004121894,-0.009094783004121894,0.0,0.0,0.005,20
topk_nonoverlap_v2,D_all,RandomForest,2024-06-10,2024-07-08,2024-06-10,10,random_topk_deterministic,10,"DCM,GAS,KLB,LPB,MSN,NVL,PPC,VHC,VIB,VND",-0.006994484000628682,-0.011494484000628684,-0.0014857172360799814,-0.005985717236079983,0.9000000000000002,0.004500000000000001,0.005,20
topk_nonoverlap_v2,D_all,RandomForest,2024-07-08,2024-08-05,2024-07-08,5,model_topk,5,"BVH,EIB,NVL,OCB,SSB",-0.06130462233824132,-0.06530462233824132,0.013090030034846063,0.009090030034846062,0.7999999999999999,0.004,0.005,20
topk_nonoverlap_v2,D_all,RandomForest,2024-07-08,2024-08-05,2024-07-08,5,equal_weight_universe,80,"ABB,ACB,ANV,BAB,BCM,BID,BMP,BSI,BVB,BVH,CMG,CSV,CTG,DCM,DGW,DIG,DPM,DXG,EIB,ELC,EVF,FPT,FRT,GAS,GEX,GMD,GVR,HAH,HCM,HDB,HDG,HPG,HSG,KDH,KLB,LPB,MBB,MBS,MCH,MSB,MSN,MWG,NAB,NKG,NLG,NT2,NVL,OCB,PDR,PGB,PHR,PLX,PNJ,POW,PPC,PVT,REE,SAB,SCR,SHB,SSB,SSI,STB,TCB,TPB,VBB,VCB,VCG,VCI,VGC,VHC,VHM,VIB,VIC,VJC,VND,VNM,VPB,VRE,VSC",-0.09313334650868113,-0.09313334650868113,-0.01873869413559375,-0.01873869413559375,0.0,0.0,0.005,20
topk_nonoverlap_v2,D_all,RandomForest,2024-07-08,2024-08-05,2024-07-08,5,random_topk_deterministic,5,"MSN,NLG,NVL,PGB,POW",-0.11357844881614268,-0.11757844881614268,-0.0391837964430553,-0.0431837964430553,0.7999999999999999,0.004,0.005,20
topk_nonoverlap_v2,D_all,RandomForest,2024-07-08,2024-08-05,2024-07-08,10,model_topk,10,"BVH,DGW,EIB,FRT,HCM,MCH,NVL,OCB,SSB,VCB",-0.07806470467702595,-0.08156470467702595,-0.00367005230393858,-0.007170052303938581,0.7000000000000001,0.0035000000000000005,0.005,20
topk_nonoverlap_v2,D_all,RandomForest,2024-07-08,2024-08-05,2024-07-08,10,equal_weight_universe,80,"ABB,ACB,ANV,BAB,BCM,BID,BMP,BSI,BVB,BVH,CMG,CSV,CTG,DCM,DGW,DIG,DPM,DXG,EIB,ELC,EVF,FPT,FRT,GAS,GEX,GMD,GVR,HAH,HCM,HDB,HDG,HPG,HSG,KDH,KLB,LPB,MBB,MBS,MCH,MSB,MSN,MWG,NAB,NKG,NLG,NT2,NVL,OCB,PDR,PGB,PHR,PLX,PNJ,POW,PPC,PVT,REE,SAB,SCR,SHB,SSB,SSI,STB,TCB,TPB,VBB,VCB,VCG,VCI,VGC,VHC,VHM,VIB,VIC,VJC,VND,VNM,VPB,VRE,VSC",-0.09313334650868113,-0.09313334650868113,-0.01873869413559375,-0.01873869413559375,0.0,0.0,0.005,20
topk_nonoverlap_v2,D_all,RandomForest,2024-07-08,2024-08-05,2024-07-08,10,random_topk_deterministic,10,"BMP,HAH,HDG,HPG,LPB,MBB,NT2,NVL,REE,SAB",-0.1046446769381,-0.10864467693810001,-0.0302500245650126,-0.0342500245650126,0.8000000000000002,0.004000000000000001,0.005,20
topk_nonoverlap_v2,D_all,RandomForest,2024-08-05,2024-09-04,2024-08-05,5,model_topk,5,"BVH,EIB,NAB,OCB,SSB",0.03916624934573754,0.03816624934573754,-0.03467620101493134,-0.03567620101493134,0.2,0.001,0.005,20
topk_nonoverlap_v2,D_all,RandomForest,2024-08-05,2024-09-04,2024-08-05,5,equal_weight_universe,80,"ABB,ACB,ANV,BAB,BCM,BID,BMP,BSI,BVB,BVH,CMG,CSV,CTG,DCM,DGW,DIG,DPM,DXG,EIB,ELC,EVF,FPT,FRT,GAS,GEX,GMD,GVR,HAH,HCM,HDB,HDG,HPG,HSG,KDH,KLB,LPB,MBB,MBS,MCH,MSB,MSN,MWG,NAB,NKG,NLG,NT2,NVL,OCB,PDR,PGB,PHR,PLX,PNJ,POW,PPC,PVT,REE,SAB,SCR,SHB,SSB,SSI,STB,TCB,TPB,VBB,VCB,VCG,VCI,VGC,VHC,VHM,VIB,VIC,VJC,VND,VNM,VPB,VRE,VSC",0.08352117058047732,0.08352117058047732,0.009678720219808427,0.009678720219808427,0.0,0.0,0.005,20
topk_nonoverlap_v2,D_all,RandomForest,2024-08-05,2024-09-04,2024-08-05,5,random_topk_deterministic,5,"CTG,HSG,LPB,MCH,VIB",0.08282696165441508,0.07782696165441508,0.008984511293746219,0.00398451129374622,0.9999999999999999,0.004999999999999999,0.005,20
topk_nonoverlap_v2,D_all,RandomForest,2024-08-05,2024-09-04,2024-08-05,10,model_topk,10,"BVH,DGW,EIB,FRT,MCH,NAB,NVL,OCB,SSB,VCB",0.07118814714378634,0.07068814714378634,-0.002654303216882569,-0.003154303216882569,0.1,0.0005,0.005,20
topk_nonoverlap_v2,D_all,RandomForest,2024-08-05,2024-09-04,2024-08-05,10,equal_weight_universe,80,"ABB,ACB,ANV,BAB,BCM,BID,BMP,BSI,BVB,BVH,CMG,CSV,CTG,DCM,DGW,DIG,DPM,DXG,EIB,ELC,EVF,FPT,FRT,GAS,GEX,GMD,GVR,HAH,HCM,HDB,HDG,HPG,HSG,KDH,KLB,LPB,MBB,MBS,MCH,MSB,MSN,MWG,NAB,NKG,NLG,NT2,NVL,OCB,PDR,PGB,PHR,PLX,PNJ,POW,PPC,PVT,REE,SAB,SCR,SHB,SSB,SSI,STB,TCB,TPB,VBB,VCB,VCG,VCI,VGC,VHC,VHM,VIB,VIC,VJC,VND,VNM,VPB,VRE,VSC",0.08352117058047732,0.08352117058047732,0.009678720219808427,0.009678720219808427,0.0,0.0,0.005,20
topk_nonoverlap_v2,D_all,RandomForest,2024-08-05,2024-09-04,2024-08-05,10,random_topk_deterministic,10,"BCM,BVH,ELC,KLB,MCH,NLG,PGB,PVT,VGC,VND",0.06864464426309576,0.06364464426309575,-0.005197806097573141,-0.01019780609757314,1.0000000000000002,0.005000000000000001,0.005,20
topk_nonoverlap_v2,D_all,RandomForest,2024-09-04,2024-10-02,2024-09-04,5,model_topk,5,"BVH,EIB,NAB,OCB,SSB",0.0137871477579078,0.0137871477579078,0.00434993189335234,0.00434993189335234,0.0,0.0,0.005,20
topk_nonoverlap_v2,D_all,RandomForest,2024-09-04,2024-10-02,2024-09-04,5,equal_weight_universe,80,"ABB,ACB,ANV,BAB,BCM,BID,BMP,BSI,BVB,BVH,CMG,CSV,CTG,DCM,DGW,DIG,DPM,DXG,EIB,ELC,EVF,FPT,FRT,GAS,GEX,GMD,GVR,HAH,HCM,HDB,HDG,HPG,HSG,KDH,KLB,LPB,MBB,MBS,MCH,MSB,MSN,MWG,NAB,NKG,NLG,NT2,NVL,OCB,PDR,PGB,PHR,PLX,PNJ,POW,PPC,PVT,REE,SAB,SCR,SHB,SSB,SSI,STB,TCB,TPB,VBB,VCB,VCG,VCI,VGC,VHC,VHM,VIB,VIC,VJC,VND,VNM,VPB,VRE,VSC",0.01796825498572943,0.01796825498572943,0.008531039121173964,0.008531039121173964,0.0,0.0,0.005,20
topk_nonoverlap_v2,D_all,RandomForest,2024-09-04,2024-10-02,2024-09-04,5,random_topk_deterministic,5,"BCM,CTG,NKG,PGB,STB",0.0404847602466112,0.036484760246611195,0.031047544382055724,0.027047544382055724,0.7999999999999999,0.004,0.005,20
topk_nonoverlap_v2,D_all,RandomForest,2024-09-04,2024-10-02,2024-09-04,10,model_topk,10,"BVH,DGW,EIB,FRT,MCH,NAB,NVL,OCB,SSB,VCB",-0.008158566643167397,-0.008158566643167397,-0.01759578250772286,-0.01759578250772286,0.0,0.0,0.005,20
topk_nonoverlap_v2,D_all,RandomForest,2024-09-04,2024-10-02,2024-09-04,10,equal_weight_universe,80,"ABB,ACB,ANV,BAB,BCM,BID,BMP,BSI,BVB,BVH,CMG,CSV,CTG,DCM,DGW,DIG,DPM,DXG,EIB,ELC,EVF,FPT,FRT,GAS,GEX,GMD,GVR,HAH,HCM,HDB,HDG,HPG,HSG,KDH,KLB,LPB,MBB,MBS,MCH,MSB,MSN,MWG,NAB,NKG,NLG,NT2,NVL,OCB,PDR,PGB,PHR,PLX,PNJ,POW,PPC,PVT,REE,SAB,SCR,SHB,SSB,SSI,STB,TCB,TPB,VBB,VCB,VCG,VCI,VGC,VHC,VHM,VIB,VIC,VJC,VND,VNM,VPB,VRE,VSC",0.01796825498572943,0.01796825498572943,0.008531039121173964,0.008531039121173964,0.0,0.0,0.005,20
topk_nonoverlap_v2,D_all,RandomForest,2024-09-04,2024-10-02,2024-09-04,10,random_topk_deterministic,10,"EVF,GEX,NAB,REE,STB,VCG,VCI,VIB,VJC,VND",0.02767633728260478,0.023176337282604778,0.01823912141804932,0.01373912141804932,0.9000000000000002,0.004500000000000001,0.005,20
topk_nonoverlap_v2,D_all,RandomForest,2024-10-02,2024-10-30,2024-10-02,5,model_topk,5,"ANV,GEX,HPG,OCB,SAB",-0.01527183262822776,-0.01927183262822776,0.0074095563641934595,0.0034095563641934595,0.7999999999999999,0.004,0.005,20
topk_nonoverlap_v2,D_all,RandomForest,2024-10-02,2024-10-30,2024-10-02,5,equal_weight_universe,80,"ABB,ACB,ANV,BAB,BCM,BID,BMP,BSI,BVB,BVH,CMG,CSV,CTG,DCM,DGW,DIG,DPM,DXG,EIB,ELC,EVF,FPT,FRT,GAS,GEX,GMD,GVR,HAH,HCM,HDB,HDG,HPG,HSG,KDH,KLB,LPB,MBB,MBS,MCH,MSB,MSN,MWG,NAB,NKG,NLG,NT2,NVL,OCB,PDR,PGB,PHR,PLX,PNJ,POW,PPC,PVT,REE,SAB,SCR,SHB,SSB,SSI,STB,TCB,TPB,VBB,VCB,VCG,VCI,VGC,VHC,VHM,VIB,VIC,VJC,VND,VNM,VPB,VRE,VSC",-0.0261297907395873,-0.0261297907395873,-0.003448401747166087,-0.003448401747166087,0.0,0.0,0.005,20
topk_nonoverlap_v2,D_all,RandomForest,2024-10-02,2024-10-30,2024-10-02,5,random_topk_deterministic,5,"BID,CTG,HDG,PPC,VIB",-0.0341978416085032,-0.0381978416085032,-0.011516452616081998,-0.015516452616081998,0.7999999999999999,0.004,0.005,20
topk_nonoverlap_v2,D_all,RandomForest,2024-10-02,2024-10-30,2024-10-02,10,model_topk,10,"ANV,BVH,DIG,GEX,HPG,OCB,PLX,SAB,TPB,VRE",-0.030738950190509297,-0.0347389501905093,-0.00805756119808808,-0.012057561198088082,0.8000000000000002,0.004000000000000001,0.005,20
topk_nonoverlap_v2,D_all,RandomForest,2024-10-02,2024-10-30,2024-10-02,10,equal_weight_universe,80,"ABB,ACB,ANV,BAB,BCM,BID,BMP,BSI,BVB,BVH,CMG,CSV,CTG,DCM,DGW,DIG,DPM,DXG,EIB,ELC,EVF,FPT,FRT,GAS,GEX,GMD,GVR,HAH,HCM,HDB,HDG,HPG,HSG,KDH,KLB,LPB,MBB,MBS,MCH,MSB,MSN,MWG,NAB,NKG,NLG,NT2,NVL,OCB,PDR,PGB,PHR,PLX,PNJ,POW,PPC,PVT,REE,SAB,SCR,SHB,SSB,SSI,STB,TCB,TPB,VBB,VCB,VCG,VCI,VGC,VHC,VHM,VIB,VIC,VJC,VND,VNM,VPB,VRE,VSC",-0.0261297907395873,-0.0261297907395873,-0.003448401747166087,-0.003448401747166087,0.0,0.0,0.005,20
topk_nonoverlap_v2,D_all,RandomForest,2024-10-02,2024-10-30,2024-10-02,10,random_topk_deterministic,10,"BCM,BID,ELC,MSN,NT2,PNJ,SAB,VHC,VIB,VNM",-0.02300084749242512,-0.02750084749242512,-0.00031945850000391956,-0.004819458500003921,0.9000000000000002,0.004500000000000001,0.005,20
topk_nonoverlap_v2,D_all,RandomForest,2024-10-30,2024-11-27,2024-10-30,5,model_topk,5,"ANV,GEX,HPG,OCB,SAB",-0.01808852739514242,-0.01808852739514242,-0.004851912981057238,-0.004851912981057238,0.0,0.0,0.005,20
topk_nonoverlap_v2,D_all,RandomForest,2024-10-30,2024-11-27,2024-10-30,5,equal_weight_universe,80,"ABB,ACB,ANV,BAB,BCM,BID,BMP,BSI,BVB,BVH,CMG,CSV,CTG,DCM,DGW,DIG,DPM,DXG,EIB,ELC,EVF,FPT,FRT,GAS,GEX,GMD,GVR,HAH,HCM,HDB,HDG,HPG,HSG,KDH,KLB,LPB,MBB,MBS,MCH,MSB,MSN,MWG,NAB,NKG,NLG,NT2,NVL,OCB,PDR,PGB,PHR,PLX,PNJ,POW,PPC,PVT,REE,SAB,SCR,SHB,SSB,SSI,STB,TCB,TPB,VBB,VCB,VCG,VCI,VGC,VHC,VHM,VIB,VIC,VJC,VND,VNM,VPB,VRE,VSC",-0.012914762825937832,-0.012914762825937832,0.0003218515881473488,0.0003218515881473488,0.0,0.0,0.005,20
topk_nonoverlap_v2,D_all,RandomForest,2024-10-30,2024-11-27,2024-10-30,5,random_topk_deterministic,5,"BVB,ELC,HAH,KDH,PVT",0.009394593039895179,0.00439459303989518,0.02263120745398036,0.017631207453980363,0.9999999999999999,0.004999999999999999,0.005,20
topk_nonoverlap_v2,D_all,RandomForest,2024-10-30,2024-11-27,2024-10-30,10,model_topk,10,"ANV,BVH,DIG,GEX,HPG,OCB,PLX,SAB,TPB,VRE",-0.01565630833466778,-0.01565630833466778,-0.0024196939205826094,-0.0024196939205826094,0.0,0.0,0.005,20
topk_nonoverlap_v2,D_all,RandomForest,2024-10-30,2024-11-27,2024-10-30,10,equal_weight_universe,80,"ABB,ACB,ANV,BAB,BCM,BID,BMP,BSI,BVB,BVH,CMG,CSV,CTG,DCM,DGW,DIG,DPM,DXG,EIB,ELC,EVF,FPT,FRT,GAS,GEX,GMD,GVR,HAH,HCM,HDB,HDG,HPG,HSG,KDH,KLB,LPB,MBB,MBS,MCH,MSB,MSN,MWG,NAB,NKG,NLG,NT2,NVL,OCB,PDR,PGB,PHR,PLX,PNJ,POW,PPC,PVT,REE,SAB,SCR,SHB,SSB,SSI,STB,TCB,TPB,VBB,VCB,VCG,VCI,VGC,VHC,VHM,VIB,VIC,VJC,VND,VNM,VPB,VRE,VSC",-0.012914762825937832,-0.012914762825937832,0.0003218515881473488,0.0003218515881473488,0.0,0.0,0.005,20
topk_nonoverlap_v2,D_all,RandomForest,2024-10-30,2024-11-27,2024-10-30,10,random_topk_deterministic,10,"BCM,DPM,GAS,HCM,NKG,PVT,SHB,TCB,VIC,VND",-0.01565789455842019,-0.02015789455842019,-0.0024212801443350097,-0.006921280144335011,0.9000000000000002,0.004500000000000001,0.005,20
topk_nonoverlap_v2,D_all,RandomForest,2024-11-27,2024-12-25,2024-11-27,5,model_topk,5,"ANV,DIG,GEX,OCB,SAB",0.0337881341819121,0.0327881341819121,0.007966254426362502,0.006966254426362502,0.2,0.001,0.005,20
topk_nonoverlap_v2,D_all,RandomForest,2024-11-27,2024-12-25,2024-11-27,5,equal_weight_universe,80,"ABB,ACB,ANV,BAB,BCM,BID,BMP,BSI,BVB,BVH,CMG,CSV,CTG,DCM,DGW,DIG,DPM,DXG,EIB,ELC,EVF,FPT,FRT,GAS,GEX,GMD,GVR,HAH,HCM,HDB,HDG,HPG,HSG,KDH,KLB,LPB,MBB,MBS,MCH,MSB,MSN,MWG,NAB,NKG,NLG,NT2,NVL,OCB,PDR,PGB,PHR,PLX,PNJ,POW,PPC,PVT,REE,SAB,SCR,SHB,SSB,SSI,STB,TCB,TPB,VBB,VCB,VCG,VCI,VGC,VHC,VHM,VIB,VIC,VJC,VND,VNM,VPB,VRE,VSC",0.029364551346184587,0.029364551346184587,0.003542671590634985,0.003542671590634985,0.0,0.0,0.005,20
topk_nonoverlap_v2,D_all,RandomForest,2024-11-27,2024-12-25,2024-11-27,5,random_topk_deterministic,5,"ABB,BMP,NT2,VGC,VHM",0.06299012457313136,0.05799012457313136,0.037168244817581755,0.03216824481758176,0.9999999999999999,0.004999999999999999,0.005,20
topk_nonoverlap_v2,D_all,RandomForest,2024-11-27,2024-12-25,2024-11-27,10,model_topk,10,"ANV,BVH,DIG,GEX,HCM,OCB,PLX,SAB,TPB,VRE",0.038148707442041116,0.037648707442041116,0.012326827686491522,0.011826827686491521,0.1,0.0005,0.005,20
topk_nonoverlap_v2,D_all,RandomForest,2024-11-27,2024-12-25,2024-11-27,10,equal_weight_universe,80,"ABB,ACB,ANV,BAB,BCM,BID,BMP,BSI,BVB,BVH,CMG,CSV,CTG,DCM,DGW,DIG,DPM,DXG,EIB,ELC,EVF,FPT,FRT,GAS,GEX,GMD,GVR,HAH,HCM,HDB,HDG,HPG,HSG,KDH,KLB,LPB,MBB,MBS,MCH,MSB,MSN,MWG,NAB,NKG,NLG,NT2,NVL,OCB,PDR,PGB,PHR,PLX,PNJ,POW,PPC,PVT,REE,SAB,SCR,SHB,SSB,SSI,STB,TCB,TPB,VBB,VCB,VCG,VCI,VGC,VHC,VHM,VIB,VIC,VJC,VND,VNM,VPB,VRE,VSC",0.029364551346184587,0.029364551346184587,0.003542671590634985,0.003542671590634985,0.0,0.0,0.005,20
topk_nonoverlap_v2,D_all,RandomForest,2024-11-27,2024-12-25,2024-11-27,10,random_topk_deterministic,10,"CSV,MBS,NKG,PHR,SAB,SSB,TPB,VCB,VCG,VJC",0.037215604211009806,0.0327156042110098,0.0113937244554602,0.006893724455460199,0.9000000000000002,0.004500000000000001,0.005,20
topk_nonoverlap_v2,D_all,RandomForest,2024-12-25,2025-01-23,2024-12-25,5,model_topk,5,"ANV,BVH,DXG,FPT,HAH",-0.032172653687134,-0.036172653687134,-0.02086217677903076,-0.02486217677903076,0.7999999999999999,0.004,0.005,20
topk_nonoverlap_v2,D_all,RandomForest,2024-12-25,2025-01-23,2024-12-25,5,equal_weight_universe,80,"ABB,ACB,ANV,BAB,BCM,BID,BMP,BSI,BVB,BVH,CMG,CSV,CTG,DCM,DGW,DIG,DPM,DXG,EIB,ELC,EVF,FPT,FRT,GAS,GEX,GMD,GVR,HAH,HCM,HDB,HDG,HPG,HSG,KDH,KLB,LPB,MBB,MBS,MCH,MSB,MSN,MWG,NAB,NKG,NLG,NT2,NVL,OCB,PDR,PGB,PHR,PLX,PNJ,POW,PPC,PVT,REE,SAB,SCR,SHB,SSB,SSI,STB,TCB,TPB,VBB,VCB,VCG,VCI,VGC,VHC,VHM,VIB,VIC,VJC,VND,VNM,VPB,VRE,VSC",-0.02469870508520982,-0.02469870508520982,-0.013388228177106554,-0.013388228177106554,0.0,0.0,0.005,20
topk_nonoverlap_v2,D_all,RandomForest,2024-12-25,2025-01-23,2024-12-25,5,random_topk_deterministic,5,"BID,MBS,MWG,POW,VND",-0.041155550196616035,-0.04615555019661603,-0.02984507328851278,-0.03484507328851278,0.9999999999999999,0.004999999999999999,0.005,20
topk_nonoverlap_v2,D_all,RandomForest,2024-12-25,2025-01-23,2024-12-25,10,model_topk,10,"ANV,BVH,DPM,DXG,FPT,HAH,HDG,LPB,MCH,TCB",-0.015804402160110663,-0.019804402160110663,-0.004493925252007399,-0.0084939252520074,0.8000000000000002,0.004000000000000001,0.005,20
topk_nonoverlap_v2,D_all,RandomForest,2024-12-25,2025-01-23,2024-12-25,10,equal_weight_universe,80,"ABB,ACB,ANV,BAB,BCM,BID,BMP,BSI,BVB,BVH,CMG,CSV,CTG,DCM,DGW,DIG,DPM,DXG,EIB,ELC,EVF,FPT,FRT,GAS,GEX,GMD,GVR,HAH,HCM,HDB,HDG,HPG,HSG,KDH,KLB,LPB,MBB,MBS,MCH,MSB,MSN,MWG,NAB,NKG,NLG,NT2,NVL,OCB,PDR,PGB,PHR,PLX,PNJ,POW,PPC,PVT,REE,SAB,SCR,SHB,SSB,SSI,STB,TCB,TPB,VBB,VCB,VCG,VCI,VGC,VHC,VHM,VIB,VIC,VJC,VND,VNM,VPB,VRE,VSC",-0.02469870508520982,-0.02469870508520982,-0.013388228177106554,-0.013388228177106554,0.0,0.0,0.005,20
topk_nonoverlap_v2,D_all,RandomForest,2024-12-25,2025-01-23,2024-12-25,10,random_topk_deterministic,10,"BCM,BID,CMG,DXG,GVR,HPG,HSG,STB,VCI,VIB",-0.01616103807527406,-0.02116103807527406,-0.00485056116717077,-0.009850561167170771,1.0000000000000002,0.005000000000000001,0.005,20
topk_nonoverlap_v2,D_all,RandomForest,2025-01-23,2025-02-27,2025-01-23,5,model_topk,5,"BSI,FPT,HCM,MSB,REE",0.07210343298628094,0.06810343298628094,0.03386204464208488,0.02986204464208488,0.7999999999999999,0.004,0.005,20
topk_nonoverlap_v2,D_all,RandomForest,2025-01-23,2025-02-27,2025-01-23,5,equal_weight_universe,80,"ABB,ACB,ANV,BAB,BCM,BID,BMP,BSI,BVB,BVH,CMG,CSV,CTG,DCM,DGW,DIG,DPM,DXG,EIB,ELC,EVF,FPT,FRT,GAS,GEX,GMD,GVR,HAH,HCM,HDB,HDG,HPG,HSG,KDH,KLB,LPB,MBB,MBS,MCH,MSB,MSN,MWG,NAB,NKG,NLG,NT2,NVL,OCB,PDR,PGB,PHR,PLX,PNJ,POW,PPC,PVT,REE,SAB,SCR,SHB,SSB,SSI,STB,TCB,TPB,VBB,VCB,VCG,VCI,VGC,VHC,VHM,VIB,VIC,VJC,VND,VNM,VPB,VRE,VSC",0.05936162476183893,0.05936162476183893,0.021120236417642844,0.021120236417642844,0.0,0.0,0.005,20
topk_nonoverlap_v2,D_all,RandomForest,2025-01-23,2025-02-27,2025-01-23,5,random_topk_deterministic,5,"BID,GVR,HDB,SAB,SCR",0.07380705936693921,0.0698070593669392,0.035565671022743155,0.03156567102274316,0.7999999999999999,0.004,0.005,20
topk_nonoverlap_v2,D_all,RandomForest,2025-01-23,2025-02-27,2025-01-23,10,model_topk,10,"BID,BMP,BSI,DGW,FPT,HCM,MBS,MSB,REE,STB",0.052495844155756734,0.04799584415575673,0.014254455811560646,0.009754455811560644,0.9000000000000002,0.004500000000000001,0.005,20
topk_nonoverlap_v2,D_all,RandomForest,2025-01-23,2025-02-27,2025-01-23,10,equal_weight_universe,80,"ABB,ACB,ANV,BAB,BCM,BID,BMP,BSI,BVB,BVH,CMG,CSV,CTG,DCM,DGW,DIG,DPM,DXG,EIB,ELC,EVF,FPT,FRT,GAS,GEX,GMD,GVR,HAH,HCM,HDB,HDG,HPG,HSG,KDH,KLB,LPB,MBB,MBS,MCH,MSB,MSN,MWG,NAB,NKG,NLG,NT2,NVL,OCB,PDR,PGB,PHR,PLX,PNJ,POW,PPC,PVT,REE,SAB,SCR,SHB,SSB,SSI,STB,TCB,TPB,VBB,VCB,VCG,VCI,VGC,VHC,VHM,VIB,VIC,VJC,VND,VNM,VPB,VRE,VSC",0.05936162476183893,0.05936162476183893,0.021120236417642844,0.021120236417642844,0.0,0.0,0.005,20
topk_nonoverlap_v2,D_all,RandomForest,2025-01-23,2025-02-27,2025-01-23,10,random_topk_deterministic,10,"HPG,KDH,LPB,MSN,NLG,PLX,VCG,VCI,VIB,VPB",0.0379180246006164,0.034418024600616395,-0.00032336374357969935,-0.0038233637435796997,0.7000000000000001,0.0035000000000000005,0.005,20
topk_nonoverlap_v2,D_all,RandomForest,2025-02-27,2025-03-27,2025-02-27,5,model_topk,5,"BSI,FPT,HCM,MBS,REE",-0.020238664078282398,-0.0212386640782824,-0.032480597095563356,-0.03348059709556336,0.2,0.001,0.005,20
topk_nonoverlap_v2,D_all,RandomForest,2025-02-27,2025-03-27,2025-02-27,5,equal_weight_universe,80,"ABB,ACB,ANV,BAB,BCM,BID,BMP,BSI,BVB,BVH,CMG,CSV,CTG,DCM,DGW,DIG,DPM,DXG,EIB,ELC,EVF,FPT,FRT,GAS,GEX,GMD,GVR,HAH,HCM,HDB,HDG,HPG,HSG,KDH,KLB,LPB,MBB,MBS,MCH,MSB,MSN,MWG,NAB,NKG,NLG,NT2,NVL,OCB,PDR,PGB,PHR,PLX,PNJ,POW,PPC,PVT,REE,SAB,SCR,SHB,SSB,SSI,STB,TCB,TPB,VBB,VCB,VCG,VCI,VGC,VHC,VHM,VIB,VIC,VJC,VND,VNM,VPB,VRE,VSC",-0.004235050361496695,-0.004235050361496695,-0.016476983378777642,-0.016476983378777642,0.0,0.0,0.005,20
topk_nonoverlap_v2,D_all,RandomForest,2025-02-27,2025-03-27,2025-02-27,5,random_topk_deterministic,5,"ACB,BVH,FPT,GEX,NVL",-0.02854812877251156,-0.03354812877251156,-0.0407900617897925,-0.045790061789792495,0.9999999999999999,0.004999999999999999,0.005,20
topk_nonoverlap_v2,D_all,RandomForest,2025-02-27,2025-03-27,2025-02-27,10,model_topk,10,"BID,BMP,BSI,DGW,FPT,FRT,HCM,MBS,REE,STB",-0.02543463288684663,-0.02593463288684663,-0.03767656590412759,-0.03817656590412759,0.1,0.0005,0.005,20
topk_nonoverlap_v2,D_all,RandomForest,2025-02-27,2025-03-27,2025-02-27,10,equal_weight_universe,80,"ABB,ACB,ANV,BAB,BCM,BID,BMP,BSI,BVB,BVH,CMG,CSV,CTG,DCM,DGW,DIG,DPM,DXG,EIB,ELC,EVF,FPT,FRT,GAS,GEX,GMD,GVR,HAH,HCM,HDB,HDG,HPG,HSG,KDH,KLB,LPB,MBB,MBS,MCH,MSB,MSN,MWG,NAB,NKG,NLG,NT2,NVL,OCB,PDR,PGB,PHR,PLX,PNJ,POW,PPC,PVT,REE,SAB,SCR,SHB,SSB,SSI,STB,TCB,TPB,VBB,VCB,VCG,VCI,VGC,VHC,VHM,VIB,VIC,VJC,VND,VNM,VPB,VRE,VSC",-0.004235050361496695,-0.004235050361496695,-0.016476983378777642,-0.016476983378777642,0.0,0.0,0.005,20
topk_nonoverlap_v2,D_all,RandomForest,2025-02-27,2025-03-27,2025-02-27,10,random_topk_deterministic,10,"ABB,GMD,HCM,MCH,NAB,NKG,NVL,OCB,VHC,VIB",-0.029403086891833498,-0.0339030868918335,-0.04164501990911443,-0.04614501990911443,0.9000000000000002,0.004500000000000001,0.005,20
topk_nonoverlap_v2,D_all,RandomForest,2025-03-27,2025-04-25,2025-03-27,5,model_topk,5,"BSI,FPT,HCM,MBS,REE",-0.1334893072759114,-0.1334893072759114,-0.06204400923465177,-0.06204400923465177,0.0,0.0,0.005,20
topk_nonoverlap_v2,D_all,RandomForest,2025-03-27,2025-04-25,2025-03-27,5,equal_weight_universe,80,"ABB,ACB,ANV,BAB,BCM,BID,BMP,BSI,BVB,BVH,CMG,CSV,CTG,DCM,DGW,DIG,DPM,DXG,EIB,ELC,EVF,FPT,FRT,GAS,GEX,GMD,GVR,HAH,HCM,HDB,HDG,HPG,HSG,KDH,KLB,LPB,MBB,MBS,MCH,MSB,MSN,MWG,NAB,NKG,NLG,NT2,NVL,OCB,PDR,PGB,PHR,PLX,PNJ,POW,PPC,PVT,REE,SAB,SCR,SHB,SSB,SSI,STB,TCB,TPB,VBB,VCB,VCG,VCI,VGC,VHC,VHM,VIB,VIC,VJC,VND,VNM,VPB,VRE,VSC",-0.0825701079496278,-0.0825701079496278,-0.011124809908368168,-0.011124809908368168,0.0,0.0,0.005,20
topk_nonoverlap_v2,D_all,RandomForest,2025-03-27,2025-04-25,2025-03-27,5,random_topk_deterministic,5,"BVB,DCM,EIB,MBB,VCI",-0.055728747405167464,-0.06072874740516746,0.0157165506360921,0.0107165506360921,0.9999999999999999,0.004999999999999999,0.005,20
topk_nonoverlap_v2,D_all,RandomForest,2025-03-27,2025-04-25,2025-03-27,10,model_topk,10,"BID,BMP,BSI,DGW,FPT,FRT,HCM,MBS,REE,STB",-0.07500004916720615,-0.07500004916720615,-0.0035547511259465233,-0.0035547511259465233,0.0,0.0,0.005,20
topk_nonoverlap_v2,D_all,RandomForest,2025-03-27,2025-04-25,2025-03-27,10,equal_weight_universe,80,"ABB,ACB,ANV,BAB,BCM,BID,BMP,BSI,BVB,BVH,CMG,CSV,CTG,DCM,DGW,DIG,DPM,DXG,EIB,ELC,EVF,FPT,FRT,GAS,GEX,GMD,GVR,HAH,HCM,HDB,HDG,HPG,HSG,KDH,KLB,LPB,MBB,MBS,MCH,MSB,MSN,MWG,NAB,NKG,NLG,NT2,NVL,OCB,PDR,PGB,PHR,PLX,PNJ,POW,PPC,PVT,REE,SAB,SCR,SHB,SSB,SSI,STB,TCB,TPB,VBB,VCB,VCG,VCI,VGC,VHC,VHM,VIB,VIC,VJC,VND,VNM,VPB,VRE,VSC",-0.0825701079496278,-0.0825701079496278,-0.011124809908368168,-0.011124809908368168,0.0,0.0,0.005,20
topk_nonoverlap_v2,D_all,RandomForest,2025-03-27,2025-04-25,2025-03-27,10,random_topk_deterministic,10,"DPM,EIB,EVF,MBB,OCB,PDR,REE,SSB,SSI,TPB",-0.07867987034277728,-0.08317987034277728,-0.00723457230151771,-0.011734572301517712,0.9000000000000002,0.004500000000000001,0.005,20
topk_nonoverlap_v2,D_all,RandomForest,2025-04-25,2025-05-28,2025-04-25,5,model_topk,5,"BSI,BVB,FPT,FRT,LPB",0.0594364367825551,0.0564364367825551,-0.03219816373972292,-0.03519816373972292,0.6,0.003,0.005,20
topk_nonoverlap_v2,D_all,RandomForest,2025-04-25,2025-05-28,2025-04-25,5,equal_weight_universe,80,"ABB,ACB,ANV,BAB,BCM,BID,BMP,BSI,BVB,BVH,CMG,CSV,CTG,DCM,DGW,DIG,DPM,DXG,EIB,ELC,EVF,FPT,FRT,GAS,GEX,GMD,GVR,HAH,HCM,HDB,HDG,HPG,HSG,KDH,KLB,LPB,MBB,MBS,MCH,MSB,MSN,MWG,NAB,NKG,NLG,NT2,NVL,OCB,PDR,PGB,PHR,PLX,PNJ,POW,PPC,PVT,REE,SAB,SCR,SHB,SSB,SSI,STB,TCB,TPB,VBB,VCB,VCG,VCI,VGC,VHC,VHM,VIB,VIC,VJC,VND,VNM,VPB,VRE,VSC",0.10309605388460427,0.10309605388460427,0.011461453362326185,0.011461453362326185,0.0,0.0,0.005,20
topk_nonoverlap_v2,D_all,RandomForest,2025-04-25,2025-05-28,2025-04-25,5,random_topk_deterministic,5,"BID,BSI,DCM,NT2,PHR",0.0756922053701313,0.0716922053701313,-0.01594239515214672,-0.01994239515214672,0.7999999999999999,0.004,0.005,20
topk_nonoverlap_v2,D_all,RandomForest,2025-04-25,2025-05-28,2025-04-25,10,model_topk,10,"BSI,BVB,FPT,FRT,GEX,HCM,LPB,PLX,PNJ,VGC",0.1063775720959855,0.1033775720959855,0.014742971573707467,0.011742971573707468,0.6,0.003,0.005,20
topk_nonoverlap_v2,D_all,RandomForest,2025-04-25,2025-05-28,2025-04-25,10,equal_weight_universe,80,"ABB,ACB,ANV,BAB,BCM,BID,BMP,BSI,BVB,BVH,CMG,CSV,CTG,DCM,DGW,DIG,DPM,DXG,EIB,ELC,EVF,FPT,FRT,GAS,GEX,GMD,GVR,HAH,HCM,HDB,HDG,HPG,HSG,KDH,KLB,LPB,MBB,MBS,MCH,MSB,MSN,MWG,NAB,NKG,NLG,NT2,NVL,OCB,PDR,PGB,PHR,PLX,PNJ,POW,PPC,PVT,REE,SAB,SCR,SHB,SSB,SSI,STB,TCB,TPB,VBB,VCB,VCG,VCI,VGC,VHC,VHM,VIB,VIC,VJC,VND,VNM,VPB,VRE,VSC",0.10309605388460427,0.10309605388460427,0.011461453362326185,0.011461453362326185,0.0,0.0,0.005,20
topk_nonoverlap_v2,D_all,RandomForest,2025-04-25,2025-05-28,2025-04-25,10,random_topk_deterministic,10,"DIG,FPT,HAH,HCM,PGB,PHR,PPC,STB,VJC,VRE",0.10118331552304657,0.09618331552304657,0.009548715000768501,0.0045487150007685,1.0000000000000002,0.005000000000000001,0.005,20
topk_nonoverlap_v2,D_all,RandomForest,2025-05-28,2025-06-25,2025-05-28,5,model_topk,5,"BSI,BVB,FPT,FRT,LPB",-0.00966212996608328,-0.00966212996608328,-0.028203419360734124,-0.028203419360734124,0.0,0.0,0.005,20
topk_nonoverlap_v2,D_all,RandomForest,2025-05-28,2025-06-25,2025-05-28,5,equal_weight_universe,80,"ABB,ACB,ANV,BAB,BCM,BID,BMP,BSI,BVB,BVH,CMG,CSV,CTG,DCM,DGW,DIG,DPM,DXG,EIB,ELC,EVF,FPT,FRT,GAS,GEX,GMD,GVR,HAH,HCM,HDB,HDG,HPG,HSG,KDH,KLB,LPB,MBB,MBS,MCH,MSB,MSN,MWG,NAB,NKG,NLG,NT2,NVL,OCB,PDR,PGB,PHR,PLX,PNJ,POW,PPC,PVT,REE,SAB,SCR,SHB,SSB,SSI,STB,TCB,TPB,VBB,VCB,VCG,VCI,VGC,VHC,VHM,VIB,VIC,VJC,VND,VNM,VPB,VRE,VSC",0.026681130322015346,0.026681130322015346,0.008139840927364526,0.008139840927364526,0.0,0.0,0.005,20
topk_nonoverlap_v2,D_all,RandomForest,2025-05-28,2025-06-25,2025-05-28,5,random_topk_deterministic,5,"BCM,SSI,STB,VHC,VSC",0.008787949881044959,0.0037879498810449597,-0.009753339513605838,-0.014753339513605837,0.9999999999999999,0.004999999999999999,0.005,20
topk_nonoverlap_v2,D_all,RandomForest,2025-05-28,2025-06-25,2025-05-28,10,model_topk,10,"BSI,BVB,FPT,FRT,GEX,HCM,LPB,PLX,PNJ,VGC",0.010917538150428199,0.010917538150428199,-0.0076237512442226,-0.0076237512442226,0.0,0.0,0.005,20
topk_nonoverlap_v2,D_all,RandomForest,2025-05-28,2025-06-25,2025-05-28,10,equal_weight_universe,80,"ABB,ACB,ANV,BAB,BCM,BID,BMP,BSI,BVB,BVH,CMG,CSV,CTG,DCM,DGW,DIG,DPM,DXG,EIB,ELC,EVF,FPT,FRT,GAS,GEX,GMD,GVR,HAH,HCM,HDB,HDG,HPG,HSG,KDH,KLB,LPB,MBB,MBS,MCH,MSB,MSN,MWG,NAB,NKG,NLG,NT2,NVL,OCB,PDR,PGB,PHR,PLX,PNJ,POW,PPC,PVT,REE,SAB,SCR,SHB,SSB,SSI,STB,TCB,TPB,VBB,VCB,VCG,VCI,VGC,VHC,VHM,VIB,VIC,VJC,VND,VNM,VPB,VRE,VSC",0.026681130322015346,0.026681130322015346,0.008139840927364526,0.008139840927364526,0.0,0.0,0.005,20
topk_nonoverlap_v2,D_all,RandomForest,2025-05-28,2025-06-25,2025-05-28,10,random_topk_deterministic,10,"BCM,BVB,BVH,DPM,EIB,FPT,MSB,MWG,NKG,VHC",0.022840263552320033,0.018340263552320032,0.00429897415766922,-0.00020102584233078116,0.9000000000000002,0.004500000000000001,0.005,20
topk_nonoverlap_v2,D_all,RandomForest,2025-06-25,2025-07-23,2025-06-25,5,model_topk,5,"BSI,BVB,FPT,LPB,VGC",0.10492299099982641,0.10392299099982641,-0.0015778321207149206,-0.0025778321207149207,0.2,0.001,0.005,20
topk_nonoverlap_v2,D_all,RandomForest,2025-06-25,2025-07-23,2025-06-25,5,equal_weight_universe,80,"ABB,ACB,ANV,BAB,BCM,BID,BMP,BSI,BVB,BVH,CMG,CSV,CTG,DCM,DGW,DIG,DPM,DXG,EIB,ELC,EVF,FPT,FRT,GAS,GEX,GMD,GVR,HAH,HCM,HDB,HDG,HPG,HSG,KDH,KLB,LPB,MBB,MBS,MCH,MSB,MSN,MWG,NAB,NKG,NLG,NT2,NVL,OCB,PDR,PGB,PHR,PLX,PNJ,POW,PPC,PVT,REE,SAB,SCR,SHB,SSB,SSI,STB,TCB,TPB,VBB,VCB,VCG,VCI,VGC,VHC,VHM,VIB,VIC,VJC,VND,VNM,VPB,VRE,VSC",0.11601544390767823,0.11601544390767823,0.009514620787136937,0.009514620787136937,0.0,0.0,0.005,20
topk_nonoverlap_v2,D_all,RandomForest,2025-06-25,2025-07-23,2025-06-25,5,random_topk_deterministic,5,"BID,CMG,GVR,NLG,PNJ",0.08307826998452346,0.07807826998452345,-0.023422553136017783,-0.028422553136017784,0.9999999999999999,0.004999999999999999,0.005,20
topk_nonoverlap_v2,D_all,RandomForest,2025-06-25,2025-07-23,2025-06-25,10,model_topk,10,"BSI,BVB,FPT,FRT,GEX,HCM,LPB,PLX,PNJ,VGC",0.1259215529995173,0.1259215529995173,0.019420729878975966,0.019420729878975966,0.0,0.0,0.005,20
topk_nonoverlap_v2,D_all,RandomForest,2025-06-25,2025-07-23,2025-06-25,10,equal_weight_universe,80,"ABB,ACB,ANV,BAB,BCM,BID,BMP,BSI,BVB,BVH,CMG,CSV,CTG,DCM,DGW,DIG,DPM,DXG,EIB,ELC,EVF,FPT,FRT,GAS,GEX,GMD,GVR,HAH,HCM,HDB,HDG,HPG,HSG,KDH,KLB,LPB,MBB,MBS,MCH,MSB,MSN,MWG,NAB,NKG,NLG,NT2,NVL,OCB,PDR,PGB,PHR,PLX,PNJ,POW,PPC,PVT,REE,SAB,SCR,SHB,SSB,SSI,STB,TCB,TPB,VBB,VCB,VCG,VCI,VGC,VHC,VHM,VIB,VIC,VJC,VND,VNM,VPB,VRE,VSC",0.11601544390767823,0.11601544390767823,0.009514620787136937,0.009514620787136937,0.0,0.0,0.005,20
topk_nonoverlap_v2,D_all,RandomForest,2025-06-25,2025-07-23,2025-06-25,10,random_topk_deterministic,10,"DGW,DIG,HAH,NAB,OCB,PLX,SSI,TPB,VCI,VPB",0.14805779199272145,0.14305779199272145,0.04155696887218015,0.03655696887218014,1.0000000000000002,0.005000000000000001,0.005,20
topk_nonoverlap_v2,D_all,RandomForest,2025-07-23,2025-08-20,2025-07-23,5,model_topk,5,"ANV,FPT,NKG,REE,VCB",0.013185838124353639,0.009185838124353638,-0.08735571750908112,-0.09135571750908113,0.7999999999999999,0.004,0.005,20
topk_nonoverlap_v2,D_all,RandomForest,2025-07-23,2025-08-20,2025-07-23,5,equal_weight_universe,80,"ABB,ACB,ANV,BAB,BCM,BID,BMP,BSI,BVB,BVH,CMG,CSV,CTG,DCM,DGW,DIG,DPM,DXG,EIB,ELC,EVF,FPT,FRT,GAS,GEX,GMD,GVR,HAH,HCM,HDB,HDG,HPG,HSG,KDH,KLB,LPB,MBB,MBS,MCH,MSB,MSN,MWG,NAB,NKG,NLG,NT2,NVL,OCB,PDR,PGB,PHR,PLX,PNJ,POW,PPC,PVT,REE,SAB,SCR,SHB,SSB,SSI,STB,TCB,TPB,VBB,VCB,VCG,VCI,VGC,VHC,VHM,VIB,VIC,VJC,VND,VNM,VPB,VRE,VSC",0.11862726193998803,0.11862726193998803,0.018085706306553245,0.018085706306553245,0.0,0.0,0.005,20
topk_nonoverlap_v2,D_all,RandomForest,2025-07-23,2025-08-20,2025-07-23,5,random_topk_deterministic,5,"BAB,DIG,HPG,STB,VIB",0.16727127631968924,0.16227127631968924,0.06672972068625446,0.061729720686254465,0.9999999999999999,0.004999999999999999,0.005,20
topk_nonoverlap_v2,D_all,RandomForest,2025-07-23,2025-08-20,2025-07-23,10,model_topk,10,"ANV,DGW,FPT,HDB,KDH,MBS,NKG,REE,VCB,VGC",0.12393591349786377,0.11993591349786377,0.023394357864428984,0.019394357864428984,0.8000000000000002,0.004000000000000001,0.005,20
topk_nonoverlap_v2,D_all,RandomForest,2025-07-23,2025-08-20,2025-07-23,10,equal_weight_universe,80,"ABB,ACB,ANV,BAB,BCM,BID,BMP,BSI,BVB,BVH,CMG,CSV,CTG,DCM,DGW,DIG,DPM,DXG,EIB,ELC,EVF,FPT,FRT,GAS,GEX,GMD,GVR,HAH,HCM,HDB,HDG,HPG,HSG,KDH,KLB,LPB,MBB,MBS,MCH,MSB,MSN,MWG,NAB,NKG,NLG,NT2,NVL,OCB,PDR,PGB,PHR,PLX,PNJ,POW,PPC,PVT,REE,SAB,SCR,SHB,SSB,SSI,STB,TCB,TPB,VBB,VCB,VCG,VCI,VGC,VHC,VHM,VIB,VIC,VJC,VND,VNM,VPB,VRE,VSC",0.11862726193998803,0.11862726193998803,0.018085706306553245,0.018085706306553245,0.0,0.0,0.005,20
topk_nonoverlap_v2,D_all,RandomForest,2025-07-23,2025-08-20,2025-07-23,10,random_topk_deterministic,10,"BVH,DIG,ELC,MBB,MCH,NLG,POW,SSI,TCB,VIB",0.13661526741074725,0.13261526741074725,0.03607371177731243,0.03207371177731243,0.8000000000000002,0.004000000000000001,0.005,20
topk_nonoverlap_v2,D_all,RandomForest,2025-08-20,2025-09-19,2025-08-20,5,model_topk,5,"ANV,FPT,HDB,NKG,REE",0.04970071242610284,0.04870071242610284,0.053149485528075954,0.05214948552807595,0.2,0.001,0.005,20
topk_nonoverlap_v2,D_all,RandomForest,2025-08-20,2025-09-19,2025-08-20,5,equal_weight_universe,80,"ABB,ACB,ANV,BAB,BCM,BID,BMP,BSI,BVB,BVH,CMG,CSV,CTG,DCM,DGW,DIG,DPM,DXG,EIB,ELC,EVF,FPT,FRT,GAS,GEX,GMD,GVR,HAH,HCM,HDB,HDG,HPG,HSG,KDH,KLB,LPB,MBB,MBS,MCH,MSB,MSN,MWG,NAB,NKG,NLG,NT2,NVL,OCB,PDR,PGB,PHR,PLX,PNJ,POW,PPC,PVT,REE,SAB,SCR,SHB,SSB,SSI,STB,TCB,TPB,VBB,VCB,VCG,VCI,VGC,VHC,VHM,VIB,VIC,VJC,VND,VNM,VPB,VRE,VSC",-0.012411640265388761,-0.012411640265388761,-0.008962867163415647,-0.008962867163415647,0.0,0.0,0.005,20
topk_nonoverlap_v2,D_all,RandomForest,2025-08-20,2025-09-19,2025-08-20,5,random_topk_deterministic,5,"BSI,EIB,PDR,POW,TCB",-0.08616854890745428,-0.09116854890745428,-0.08271977580548118,-0.08771977580548118,0.9999999999999999,0.004999999999999999,0.005,20
topk_nonoverlap_v2,D_all,RandomForest,2025-08-20,2025-09-19,2025-08-20,10,model_topk,10,"ANV,DGW,FPT,HDB,HPG,NKG,REE,VCB,VGC,VIB",0.011097952995737518,0.010097952995737517,0.01454672609771063,0.01354672609771063,0.2,0.001,0.005,20
topk_nonoverlap_v2,D_all,RandomForest,2025-08-20,2025-09-19,2025-08-20,10,equal_weight_universe,80,"ABB,ACB,ANV,BAB,BCM,BID,BMP,BSI,BVB,BVH,CMG,CSV,CTG,DCM,DGW,DIG,DPM,DXG,EIB,ELC,EVF,FPT,FRT,GAS,GEX,GMD,GVR,HAH,HCM,HDB,HDG,HPG,HSG,KDH,KLB,LPB,MBB,MBS,MCH,MSB,MSN,MWG,NAB,NKG,NLG,NT2,NVL,OCB,PDR,PGB,PHR,PLX,PNJ,POW,PPC,PVT,REE,SAB,SCR,SHB,SSB,SSI,STB,TCB,TPB,VBB,VCB,VCG,VCI,VGC,VHC,VHM,VIB,VIC,VJC,VND,VNM,VPB,VRE,VSC",-0.012411640265388761,-0.012411640265388761,-0.008962867163415647,-0.008962867163415647,0.0,0.0,0.005,20
topk_nonoverlap_v2,D_all,RandomForest,2025-08-20,2025-09-19,2025-08-20,10,random_topk_deterministic,10,"BCM,BID,BSI,FPT,HDB,PGB,REE,SHB,VIB,VPB",-0.053374772546867844,-0.05787477254686785,-0.04992599944489474,-0.05442599944489474,0.9000000000000002,0.004500000000000001,0.005,20
topk_nonoverlap_v2,D_all,RandomForest,2025-09-19,2025-10-17,2025-09-19,5,model_topk,5,"ANV,FPT,HDB,NKG,REE",-0.012437591759182857,-0.012437591759182857,-0.05619083240502117,-0.05619083240502117,0.0,0.0,0.005,20
topk_nonoverlap_v2,D_all,RandomForest,2025-09-19,2025-10-17,2025-09-19,5,equal_weight_universe,80,"ABB,ACB,ANV,BAB,BCM,BID,BMP,BSI,BVB,BVH,CMG,CSV,CTG,DCM,DGW,DIG,DPM,DXG,EIB,ELC,EVF,FPT,FRT,GAS,GEX,GMD,GVR,HAH,HCM,HDB,HDG,HPG,HSG,KDH,KLB,LPB,MBB,MBS,MCH,MSB,MSN,MWG,NAB,NKG,NLG,NT2,NVL,OCB,PDR,PGB,PHR,PLX,PNJ,POW,PPC,PVT,REE,SAB,SCR,SHB,SSB,SSI,STB,TCB,TPB,VBB,VCB,VCG,VCI,VGC,VHC,VHM,VIB,VIC,VJC,VND,VNM,VPB,VRE,VSC",0.0075955101855792375,0.0075955101855792375,-0.03615773046025904,-0.03615773046025904,0.0,0.0,0.005,20
topk_nonoverlap_v2,D_all,RandomForest,2025-09-19,2025-10-17,2025-09-19,5,random_topk_deterministic,5,"BVB,EIB,MCH,NT2,VSC",-0.02022824520395234,-0.02422824520395234,-0.06398148584979065,-0.06798148584979065,0.7999999999999999,0.004,0.005,20
topk_nonoverlap_v2,D_all,RandomForest,2025-09-19,2025-10-17,2025-09-19,10,model_topk,10,"ANV,DGW,FPT,HDB,HPG,NKG,REE,VCB,VGC,VIB",-0.03594842291864325,-0.03594842291864325,-0.07970166356448156,-0.07970166356448156,0.0,0.0,0.005,20
topk_nonoverlap_v2,D_all,RandomForest,2025-09-19,2025-10-17,2025-09-19,10,equal_weight_universe,80,"ABB,ACB,ANV,BAB,BCM,BID,BMP,BSI,BVB,BVH,CMG,CSV,CTG,DCM,DGW,DIG,DPM,DXG,EIB,ELC,EVF,FPT,FRT,GAS,GEX,GMD,GVR,HAH,HCM,HDB,HDG,HPG,HSG,KDH,KLB,LPB,MBB,MBS,MCH,MSB,MSN,MWG,NAB,NKG,NLG,NT2,NVL,OCB,PDR,PGB,PHR,PLX,PNJ,POW,PPC,PVT,REE,SAB,SCR,SHB,SSB,SSI,STB,TCB,TPB,VBB,VCB,VCG,VCI,VGC,VHC,VHM,VIB,VIC,VJC,VND,VNM,VPB,VRE,VSC",0.0075955101855792375,0.0075955101855792375,-0.03615773046025904,-0.03615773046025904,0.0,0.0,0.005,20
topk_nonoverlap_v2,D_all,RandomForest,2025-09-19,2025-10-17,2025-09-19,10,random_topk_deterministic,10,"DXG,HCM,HDG,MSN,NKG,POW,PVT,VBB,VCB,VNM",-0.008549808705419059,-0.01354980870541906,-0.05230304935125736,-0.057303049351257365,1.0000000000000002,0.005000000000000001,0.005,20
topk_nonoverlap_v2,D_all,RandomForest,2025-10-17,2025-11-14,2025-10-17,5,model_topk,5,"BCM,FPT,GAS,MWG,VRE",-0.004573405378924198,-0.008573405378924197,0.05072381791834526,0.04672381791834526,0.7999999999999999,0.004,0.005,20
topk_nonoverlap_v2,D_all,RandomForest,2025-10-17,2025-11-14,2025-10-17,5,equal_weight_universe,80,"ABB,ACB,ANV,BAB,BCM,BID,BMP,BSI,BVB,BVH,CMG,CSV,CTG,DCM,DGW,DIG,DPM,DXG,EIB,ELC,EVF,FPT,FRT,GAS,GEX,GMD,GVR,HAH,HCM,HDB,HDG,HPG,HSG,KDH,KLB,LPB,MBB,MBS,MCH,MSB,MSN,MWG,NAB,NKG,NLG,NT2,NVL,OCB,PDR,PGB,PHR,PLX,PNJ,POW,PPC,PVT,REE,SAB,SCR,SHB,SSB,SSI,STB,TCB,TPB,VBB,VCB,VCG,VCI,VGC,VHC,VHM,VIB,VIC,VJC,VND,VNM,VPB,VRE,VSC",-0.034949749742080496,-0.034949749742080496,0.02034747355518898,0.02034747355518898,0.0,0.0,0.005,20
topk_nonoverlap_v2,D_all,RandomForest,2025-10-17,2025-11-14,2025-10-17,5,random_topk_deterministic,5,"DGW,GEX,OCB,PPC,VND",-0.08923609703968856,-0.09423609703968856,-0.03393887374241909,-0.03893887374241909,0.9999999999999999,0.004999999999999999,0.005,20
topk_nonoverlap_v2,D_all,RandomForest,2025-10-17,2025-11-14,2025-10-17,10,model_topk,10,"BCM,BVB,CSV,FPT,GAS,MSB,MWG,PHR,PLX,VRE",0.004276837790572951,-0.0002231622094270502,0.059574061087842425,0.05507406108784242,0.9000000000000002,0.004500000000000001,0.005,20
topk_nonoverlap_v2,D_all,RandomForest,2025-10-17,2025-11-14,2025-10-17,10,equal_weight_universe,80,"ABB,ACB,ANV,BAB,BCM,BID,BMP,BSI,BVB,BVH,CMG,CSV,CTG,DCM,DGW,DIG,DPM,DXG,EIB,ELC,EVF,FPT,FRT,GAS,GEX,GMD,GVR,HAH,HCM,HDB,HDG,HPG,HSG,KDH,KLB,LPB,MBB,MBS,MCH,MSB,MSN,MWG,NAB,NKG,NLG,NT2,NVL,OCB,PDR,PGB,PHR,PLX,PNJ,POW,PPC,PVT,REE,SAB,SCR,SHB,SSB,SSI,STB,TCB,TPB,VBB,VCB,VCG,VCI,VGC,VHC,VHM,VIB,VIC,VJC,VND,VNM,VPB,VRE,VSC",-0.034949749742080496,-0.034949749742080496,0.02034747355518898,0.02034747355518898,0.0,0.0,0.005,20
topk_nonoverlap_v2,D_all,RandomForest,2025-10-17,2025-11-14,2025-10-17,10,random_topk_deterministic,10,"BSI,DIG,HCM,KLB,MSN,NT2,OCB,PPC,SAB,SHB",-0.05052717172427716,-0.054527171724277165,0.004770051572992308,0.0007700515729923071,0.8000000000000002,0.004000000000000001,0.005,20
topk_nonoverlap_v2,D_all,RandomForest,2025-11-14,2025-12-12,2025-11-14,5,model_topk,5,"BCM,BVB,FPT,GAS,VRE",-0.061340787771803074,-0.062340787771803075,-0.0683296471752737,-0.0693296471752737,0.2,0.001,0.005,20
topk_nonoverlap_v2,D_all,RandomForest,2025-11-14,2025-12-12,2025-11-14,5,equal_weight_universe,80,"ABB,ACB,ANV,BAB,BCM,BID,BMP,BSI,BVB,BVH,CMG,CSV,CTG,DCM,DGW,DIG,DPM,DXG,EIB,ELC,EVF,FPT,FRT,GAS,GEX,GMD,GVR,HAH,HCM,HDB,HDG,HPG,HSG,KDH,KLB,LPB,MBB,MBS,MCH,MSB,MSN,MWG,NAB,NKG,NLG,NT2,NVL,OCB,PDR,PGB,PHR,PLX,PNJ,POW,PPC,PVT,REE,SAB,SCR,SHB,SSB,SSI,STB,TCB,TPB,VBB,VCB,VCG,VCI,VGC,VHC,VHM,VIB,VIC,VJC,VND,VNM,VPB,VRE,VSC",-0.04846450569060197,-0.04846450569060197,-0.05545336509407256,-0.05545336509407256,0.0,0.0,0.005,20
topk_nonoverlap_v2,D_all,RandomForest,2025-11-14,2025-12-12,2025-11-14,5,random_topk_deterministic,5,"BID,GEX,PDR,REE,VJC",-0.059240200629824505,-0.06324020062982451,-0.0662290600332951,-0.0702290600332951,0.7999999999999999,0.004,0.005,20
topk_nonoverlap_v2,D_all,RandomForest,2025-11-14,2025-12-12,2025-11-14,10,model_topk,10,"BCM,BVB,CSV,FPT,GAS,MSB,MWG,PHR,PLX,VRE",-0.048875778020676344,-0.048875778020676344,-0.055864637424146955,-0.055864637424146955,0.0,0.0,0.005,20
topk_nonoverlap_v2,D_all,RandomForest,2025-11-14,2025-12-12,2025-11-14,10,equal_weight_universe,80,"ABB,ACB,ANV,BAB,BCM,BID,BMP,BSI,BVB,BVH,CMG,CSV,CTG,DCM,DGW,DIG,DPM,DXG,EIB,ELC,EVF,FPT,FRT,GAS,GEX,GMD,GVR,HAH,HCM,HDB,HDG,HPG,HSG,KDH,KLB,LPB,MBB,MBS,MCH,MSB,MSN,MWG,NAB,NKG,NLG,NT2,NVL,OCB,PDR,PGB,PHR,PLX,PNJ,POW,PPC,PVT,REE,SAB,SCR,SHB,SSB,SSI,STB,TCB,TPB,VBB,VCB,VCG,VCI,VGC,VHC,VHM,VIB,VIC,VJC,VND,VNM,VPB,VRE,VSC",-0.04846450569060197,-0.04846450569060197,-0.05545336509407256,-0.05545336509407256,0.0,0.0,0.005,20
topk_nonoverlap_v2,D_all,RandomForest,2025-11-14,2025-12-12,2025-11-14,10,random_topk_deterministic,10,"CMG,DIG,MBB,NKG,PGB,PPC,SAB,VCI,VIC,VPB",-0.00673578314920664,-0.01023578314920664,-0.013724642552677243,-0.017224642552677243,0.7000000000000001,0.0035000000000000005,0.005,20
topk_nonoverlap_v2,D_all,RandomForest,2025-12-12,2026-01-13,2025-12-12,5,model_topk,5,"BCM,BVB,FPT,GAS,VRE",0.2165526063387712,0.2165526063387712,0.06108381364466291,0.06108381364466291,0.0,0.0,0.005,20
topk_nonoverlap_v2,D_all,RandomForest,2025-12-12,2026-01-13,2025-12-12,5,equal_weight_universe,80,"ABB,ACB,ANV,BAB,BCM,BID,BMP,BSI,BVB,BVH,CMG,CSV,CTG,DCM,DGW,DIG,DPM,DXG,EIB,ELC,EVF,FPT,FRT,GAS,GEX,GMD,GVR,HAH,HCM,HDB,HDG,HPG,HSG,KDH,KLB,LPB,MBB,MBS,MCH,MSB,MSN,MWG,NAB,NKG,NLG,NT2,NVL,OCB,PDR,PGB,PHR,PLX,PNJ,POW,PPC,PVT,REE,SAB,SCR,SHB,SSB,SSI,STB,TCB,TPB,VBB,VCB,VCG,VCI,VGC,VHC,VHM,VIB,VIC,VJC,VND,VNM,VPB,VRE,VSC",0.10005516818208375,0.10005516818208375,-0.055413624512024494,-0.055413624512024494,0.0,0.0,0.005,20
topk_nonoverlap_v2,D_all,RandomForest,2025-12-12,2026-01-13,2025-12-12,5,random_topk_deterministic,5,"BCM,CTG,GVR,HDG,SSI",0.14545353941494624,0.14045353941494623,-0.010015253279162079,-0.015015253279162078,0.9999999999999999,0.004999999999999999,0.005,20
topk_nonoverlap_v2,D_all,RandomForest,2025-12-12,2026-01-13,2025-12-12,10,model_topk,10,"BCM,BVB,CSV,FPT,GAS,MSB,PHR,PLX,PNJ,VRE",0.18009728456729895,0.17959728456729895,0.02462849187319073,0.02412849187319073,0.1,0.0005,0.005,20
topk_nonoverlap_v2,D_all,RandomForest,2025-12-12,2026-01-13,2025-12-12,10,equal_weight_universe,80,"ABB,ACB,ANV,BAB,BCM,BID,BMP,BSI,BVB,BVH,CMG,CSV,CTG,DCM,DGW,DIG,DPM,DXG,EIB,ELC,EVF,FPT,FRT,GAS,GEX,GMD,GVR,HAH,HCM,HDB,HDG,HPG,HSG,KDH,KLB,LPB,MBB,MBS,MCH,MSB,MSN,MWG,NAB,NKG,NLG,NT2,NVL,OCB,PDR,PGB,PHR,PLX,PNJ,POW,PPC,PVT,REE,SAB,SCR,SHB,SSB,SSI,STB,TCB,TPB,VBB,VCB,VCG,VCI,VGC,VHC,VHM,VIB,VIC,VJC,VND,VNM,VPB,VRE,VSC",0.10005516818208375,0.10005516818208375,-0.055413624512024494,-0.055413624512024494,0.0,0.0,0.005,20
topk_nonoverlap_v2,D_all,RandomForest,2025-12-12,2026-01-13,2025-12-12,10,random_topk_deterministic,10,"ABB,BAB,DPM,ELC,GVR,MBB,PPC,PVT,TCB,VBB",0.11715897328058049,0.11315897328058049,-0.038309819413527735,-0.04230981941352774,0.8000000000000002,0.004000000000000001,0.005,20
topk_nonoverlap_v2,D_all,RandomForest,2026-01-13,2026-02-10,2026-01-13,5,model_topk,5,"FPT,NLG,SHB,SSB,VIC",-0.0841172733679228,-0.0881172733679228,-0.0058695185897649,-0.0098695185897649,0.7999999999999999,0.004,0.005,20
topk_nonoverlap_v2,D_all,RandomForest,2026-01-13,2026-02-10,2026-01-13,5,equal_weight_universe,79,"ABB,ACB,ANV,BAB,BCM,BID,BMP,BSI,BVB,BVH,CMG,CSV,CTG,DCM,DGW,DIG,DPM,DXG,EIB,ELC,EVF,FPT,FRT,GAS,GEX,GMD,GVR,HAH,HCM,HDB,HDG,HPG,HSG,KDH,LPB,MBB,MBS,MCH,MSB,MSN,MWG,NAB,NKG,NLG,NT2,NVL,OCB,PDR,PGB,PHR,PLX,PNJ,POW,PPC,PVT,REE,SAB,SCR,SHB,SSB,SSI,STB,TCB,TPB,VBB,VCB,VCG,VCI,VGC,VHC,VHM,VIB,VIC,VJC,VND,VNM,VPB,VRE,VSC",-0.04299521736466737,-0.04305771736466737,0.03525253741349052,0.03519003741349052,0.012499999999999994,6.249999999999997e-05,0.005,20
topk_nonoverlap_v2,D_all,RandomForest,2026-01-13,2026-02-10,2026-01-13,5,random_topk_deterministic,5,"EIB,MSN,PLX,PPC,SSI",-0.021283710812194157,-0.025283710812194157,0.05696404396596374,0.05296404396596374,0.7999999999999999,0.004,0.005,20
topk_nonoverlap_v2,D_all,RandomForest,2026-01-13,2026-02-10,2026-01-13,10,model_topk,10,"FPT,GMD,MCH,NLG,NT2,PHR,SHB,SSB,VGC,VIC",-0.042742766883050176,-0.04674276688305018,0.03550498789510773,0.03150498789510773,0.8000000000000002,0.004000000000000001,0.005,20
topk_nonoverlap_v2,D_all,RandomForest,2026-01-13,2026-02-10,2026-01-13,10,equal_weight_universe,79,"ABB,ACB,ANV,BAB,BCM,BID,BMP,BSI,BVB,BVH,CMG,CSV,CTG,DCM,DGW,DIG,DPM,DXG,EIB,ELC,EVF,FPT,FRT,GAS,GEX,GMD,GVR,HAH,HCM,HDB,HDG,HPG,HSG,KDH,LPB,MBB,MBS,MCH,MSB,MSN,MWG,NAB,NKG,NLG,NT2,NVL,OCB,PDR,PGB,PHR,PLX,PNJ,POW,PPC,PVT,REE,SAB,SCR,SHB,SSB,SSI,STB,TCB,TPB,VBB,VCB,VCG,VCI,VGC,VHC,VHM,VIB,VIC,VJC,VND,VNM,VPB,VRE,VSC",-0.04299521736466737,-0.04305771736466737,0.03525253741349052,0.03519003741349052,0.012499999999999994,6.249999999999997e-05,0.005,20
topk_nonoverlap_v2,D_all,RandomForest,2026-01-13,2026-02-10,2026-01-13,10,random_topk_deterministic,10,"EVF,KDH,MWG,NLG,PLX,PPC,STB,VGC,VIB,VND",-0.01623817907381785,-0.02073817907381785,0.06200957570434005,0.057509575704340045,0.9000000000000002,0.004500000000000001,0.005,20
topk_nonoverlap_v2,D_all,RandomForest,2026-02-10,2026-03-17,2026-02-10,5,model_topk,5,"FPT,NVL,PHR,SHB,SSB",-0.012679754036665413,-0.014679754036665413,0.012257105652165399,0.010257105652165399,0.4,0.002,0.005,20
topk_nonoverlap_v2,D_all,RandomForest,2026-02-10,2026-03-17,2026-02-10,5,equal_weight_universe,80,"ABB,ACB,ANV,BAB,BCM,BID,BMP,BSI,BVB,BVH,CMG,CSV,CTG,DCM,DGW,DIG,DPM,DXG,EIB,ELC,EVF,FPT,FRT,GAS,GEX,GMD,GVR,HAH,HCM,HDB,HDG,HPG,HSG,KDH,KLB,LPB,MBB,MBS,MCH,MSB,MSN,MWG,NAB,NKG,NLG,NT2,NVL,OCB,PDR,PGB,PHR,PLX,PNJ,POW,PPC,PVT,REE,SAB,SCR,SHB,SSB,SSI,STB,TCB,TPB,VBB,VCB,VCG,VCI,VGC,VHC,VHM,VIB,VIC,VJC,VND,VNM,VPB,VRE,VSC",-0.01970451065964718,-0.01976701065964718,0.005232349029183678,0.005169849029183678,0.012499999999999994,6.249999999999997e-05,0.005,20
topk_nonoverlap_v2,D_all,RandomForest,2026-02-10,2026-03-17,2026-02-10,5,random_topk_deterministic,5,"ACB,ELC,NAB,NVL,VIB",-0.0218037764098315,-0.026803776409831497,0.003133083278999399,-0.0018669167210006,0.9999999999999999,0.004999999999999999,0.005,20
topk_nonoverlap_v2,D_all,RandomForest,2026-02-10,2026-03-17,2026-02-10,10,model_topk,10,"FPT,GMD,MCH,NT2,NVL,PHR,SHB,SSB,VGC,VIC",0.0029452092735224615,0.0024452092735224615,0.027882068962353297,0.027382068962353297,0.1,0.0005,0.005,20
topk_nonoverlap_v2,D_all,RandomForest,2026-02-10,2026-03-17,2026-02-10,10,equal_weight_universe,80,"ABB,ACB,ANV,BAB,BCM,BID,BMP,BSI,BVB,BVH,CMG,CSV,CTG,DCM,DGW,DIG,DPM,DXG,EIB,ELC,EVF,FPT,FRT,GAS,GEX,GMD,GVR,HAH,HCM,HDB,HDG,HPG,HSG,KDH,KLB,LPB,MBB,MBS,MCH,MSB,MSN,MWG,NAB,NKG,NLG,NT2,NVL,OCB,PDR,PGB,PHR,PLX,PNJ,POW,PPC,PVT,REE,SAB,SCR,SHB,SSB,SSI,STB,TCB,TPB,VBB,VCB,VCG,VCI,VGC,VHC,VHM,VIB,VIC,VJC,VND,VNM,VPB,VRE,VSC",-0.01970451065964718,-0.01976701065964718,0.005232349029183678,0.005169849029183678,0.012499999999999994,6.249999999999997e-05,0.005,20
topk_nonoverlap_v2,D_all,RandomForest,2026-02-10,2026-03-17,2026-02-10,10,random_topk_deterministic,10,"BSI,DCM,DPM,EIB,HCM,MCH,SCR,SHB,VGC,VPB",0.012300597029243595,0.007800597029243594,0.037237456718074435,0.03273745671807443,0.9000000000000002,0.004500000000000001,0.005,20
topk_nonoverlap_v2,D_all,RandomForest,2026-03-17,2026-04-14,2026-03-17,5,model_topk,5,"FPT,PHR,SHB,SSB,VIC",0.030436148111215137,0.029436148111215137,-0.007779593078875579,-0.008779593078875578,0.2,0.001,0.005,20
topk_nonoverlap_v2,D_all,RandomForest,2026-03-17,2026-04-14,2026-03-17,5,equal_weight_universe,80,"ABB,ACB,ANV,BAB,BCM,BID,BMP,BSI,BVB,BVH,CMG,CSV,CTG,DCM,DGW,DIG,DPM,DXG,EIB,ELC,EVF,FPT,FRT,GAS,GEX,GMD,GVR,HAH,HCM,HDB,HDG,HPG,HSG,KDH,KLB,LPB,MBB,MBS,MCH,MSB,MSN,MWG,NAB,NKG,NLG,NT2,NVL,OCB,PDR,PGB,PHR,PLX,PNJ,POW,PPC,PVT,REE,SAB,SCR,SHB,SSB,SSI,STB,TCB,TPB,VBB,VCB,VCG,VCI,VGC,VHC,VHM,VIB,VIC,VJC,VND,VNM,VPB,VRE,VSC",0.035497025414320385,0.035497025414320385,-0.002718715775770324,-0.002718715775770324,0.0,0.0,0.005,20
topk_nonoverlap_v2,D_all,RandomForest,2026-03-17,2026-04-14,2026-03-17,5,random_topk_deterministic,5,"ANV,BVB,HSG,PHR,SCR",0.06344284004980216,0.058442840049802165,0.02522709885971146,0.02022709885971146,0.9999999999999999,0.004999999999999999,0.005,20
topk_nonoverlap_v2,D_all,RandomForest,2026-03-17,2026-04-14,2026-03-17,10,model_topk,10,"FPT,GMD,MCH,NT2,PHR,SHB,SSB,VGC,VIC,VPB",0.011115500028410264,0.010615500028410264,-0.027100241161680444,-0.027600241161680444,0.1,0.0005,0.005,20
topk_nonoverlap_v2,D_all,RandomForest,2026-03-17,2026-04-14,2026-03-17,10,equal_weight_universe,80,"ABB,ACB,ANV,BAB,BCM,BID,BMP,BSI,BVB,BVH,CMG,CSV,CTG,DCM,DGW,DIG,DPM,DXG,EIB,ELC,EVF,FPT,FRT,GAS,GEX,GMD,GVR,HAH,HCM,HDB,HDG,HPG,HSG,KDH,KLB,LPB,MBB,MBS,MCH,MSB,MSN,MWG,NAB,NKG,NLG,NT2,NVL,OCB,PDR,PGB,PHR,PLX,PNJ,POW,PPC,PVT,REE,SAB,SCR,SHB,SSB,SSI,STB,TCB,TPB,VBB,VCB,VCG,VCI,VGC,VHC,VHM,VIB,VIC,VJC,VND,VNM,VPB,VRE,VSC",0.035497025414320385,0.035497025414320385,-0.002718715775770324,-0.002718715775770324,0.0,0.0,0.005,20
topk_nonoverlap_v2,D_all,RandomForest,2026-03-17,2026-04-14,2026-03-17,10,random_topk_deterministic,10,"BCM,KDH,MBS,MSB,MSN,NKG,NLG,PGB,VCG,VGC",0.034634873332645574,0.030134873332645574,-0.0035808678574450895,-0.008080867857445091,0.9000000000000002,0.004500000000000001,0.005,20
topk_nonoverlap_v2,D_all,RandomForest,2026-04-14,2026-05-15,2026-04-14,5,model_topk,5,"FPT,NAB,REE,VHC,VPB",-0.004305232112773916,-0.008305232112773916,-0.0865004845555413,-0.0905004845555413,0.7999999999999999,0.004,0.005,20
topk_nonoverlap_v2,D_all,RandomForest,2026-04-14,2026-05-15,2026-04-14,5,equal_weight_universe,80,"ABB,ACB,ANV,BAB,BCM,BID,BMP,BSI,BVB,BVH,CMG,CSV,CTG,DCM,DGW,DIG,DPM,DXG,EIB,ELC,EVF,FPT,FRT,GAS,GEX,GMD,GVR,HAH,HCM,HDB,HDG,HPG,HSG,KDH,KLB,LPB,MBB,MBS,MCH,MSB,MSN,MWG,NAB,NKG,NLG,NT2,NVL,OCB,PDR,PGB,PHR,PLX,PNJ,POW,PPC,PVT,REE,SAB,SCR,SHB,SSB,SSI,STB,TCB,TPB,VBB,VCB,VCG,VCI,VGC,VHC,VHM,VIB,VIC,VJC,VND,VNM,VPB,VRE,VSC",0.0018808559012271336,0.0018808559012271336,-0.08031439654154023,-0.08031439654154023,0.0,0.0,0.005,20
topk_nonoverlap_v2,D_all,RandomForest,2026-04-14,2026-05-15,2026-04-14,5,random_topk_deterministic,5,"BMP,DCM,DGW,HCM,OCB",0.01564149501227732,0.01064149501227732,-0.0665537574304901,-0.0715537574304901,0.9999999999999999,0.004999999999999999,0.005,20
topk_nonoverlap_v2,D_all,RandomForest,2026-04-14,2026-05-15,2026-04-14,10,model_topk,10,"DIG,DXG,FPT,HCM,MWG,NAB,PHR,REE,VHC,VPB",0.029458302921135472,0.025958302921135473,-0.052736949521631896,-0.0562369495216319,0.7000000000000001,0.0035000000000000005,0.005,20
topk_nonoverlap_v2,D_all,RandomForest,2026-04-14,2026-05-15,2026-04-14,10,equal_weight_universe,80,"ABB,ACB,ANV,BAB,BCM,BID,BMP,BSI,BVB,BVH,CMG,CSV,CTG,DCM,DGW,DIG,DPM,DXG,EIB,ELC,EVF,FPT,FRT,GAS,GEX,GMD,GVR,HAH,HCM,HDB,HDG,HPG,HSG,KDH,KLB,LPB,MBB,MBS,MCH,MSB,MSN,MWG,NAB,NKG,NLG,NT2,NVL,OCB,PDR,PGB,PHR,PLX,PNJ,POW,PPC,PVT,REE,SAB,SCR,SHB,SSB,SSI,STB,TCB,TPB,VBB,VCB,VCG,VCI,VGC,VHC,VHM,VIB,VIC,VJC,VND,VNM,VPB,VRE,VSC",0.0018808559012271336,0.0018808559012271336,-0.08031439654154023,-0.08031439654154023,0.0,0.0,0.005,20
topk_nonoverlap_v2,D_all,RandomForest,2026-04-14,2026-05-15,2026-04-14,10,random_topk_deterministic,10,"EVF,GEX,GVR,HDG,MBB,PLX,TCB,VGC,VNM,VSC",0.007319459267149342,0.0028194592671493407,-0.07487579317561802,-0.07937579317561802,0.9000000000000002,0.004500000000000001,0.005,20
topk_nonoverlap_v2,D_all,RandomForest,2026-05-15,2026-06-12,2026-05-15,5,model_topk,5,"FPT,MWG,NAB,REE,VHC",-0.027493045807676718,-0.02849304580767672,0.04013289091172366,0.03913289091172366,0.2,0.001,0.005,20
topk_nonoverlap_v2,D_all,RandomForest,2026-05-15,2026-06-12,2026-05-15,5,equal_weight_universe,80,"ABB,ACB,ANV,BAB,BCM,BID,BMP,BSI,BVB,BVH,CMG,CSV,CTG,DCM,DGW,DIG,DPM,DXG,EIB,ELC,EVF,FPT,FRT,GAS,GEX,GMD,GVR,HAH,HCM,HDB,HDG,HPG,HSG,KDH,KLB,LPB,MBB,MBS,MCH,MSB,MSN,MWG,NAB,NKG,NLG,NT2,NVL,OCB,PDR,PGB,PHR,PLX,PNJ,POW,PPC,PVT,REE,SAB,SCR,SHB,SSB,SSI,STB,TCB,TPB,VBB,VCB,VCG,VCI,VGC,VHC,VHM,VIB,VIC,VJC,VND,VNM,VPB,VRE,VSC",-0.04302202297658324,-0.04302202297658324,0.024603913742817153,0.024603913742817153,0.0,0.0,0.005,20
topk_nonoverlap_v2,D_all,RandomForest,2026-05-15,2026-06-12,2026-05-15,5,random_topk_deterministic,5,"ABB,HAH,HDG,MCH,PDR",-0.03087158096212552,-0.03587158096212552,0.036754355757274836,0.03175435575727484,0.9999999999999999,0.004999999999999999,0.005,20
topk_nonoverlap_v2,D_all,RandomForest,2026-05-15,2026-06-12,2026-05-15,10,model_topk,10,"DIG,DXG,FPT,HCM,MWG,NAB,PHR,POW,REE,VHC",-0.05969821020075554,-0.06019821020075554,0.007927726518644838,0.007427726518644838,0.1,0.0005,0.005,20
topk_nonoverlap_v2,D_all,RandomForest,2026-05-15,2026-06-12,2026-05-15,10,equal_weight_universe,80,"ABB,ACB,ANV,BAB,BCM,BID,BMP,BSI,BVB,BVH,CMG,CSV,CTG,DCM,DGW,DIG,DPM,DXG,EIB,ELC,EVF,FPT,FRT,GAS,GEX,GMD,GVR,HAH,HCM,HDB,HDG,HPG,HSG,KDH,KLB,LPB,MBB,MBS,MCH,MSB,MSN,MWG,NAB,NKG,NLG,NT2,NVL,OCB,PDR,PGB,PHR,PLX,PNJ,POW,PPC,PVT,REE,SAB,SCR,SHB,SSB,SSI,STB,TCB,TPB,VBB,VCB,VCG,VCI,VGC,VHC,VHM,VIB,VIC,VJC,VND,VNM,VPB,VRE,VSC",-0.04302202297658324,-0.04302202297658324,0.024603913742817153,0.024603913742817153,0.0,0.0,0.005,20
topk_nonoverlap_v2,D_all,RandomForest,2026-05-15,2026-06-12,2026-05-15,10,random_topk_deterministic,10,"BVB,EIB,EVF,GEX,HAH,MBB,NAB,PLX,STB,VIC",-0.052759705432640525,-0.05575970543264053,0.014866231286759828,0.011866231286759829,0.6,0.003,0.005,20
