model,config,accuracy,precision,recall,f1_macro,auc_roc,balanced_accuracy,horizon,n_train,n_test,n_features,train_start,train_end,test_start,test_end,variant,ticker,lag_days
Logistic_Regression,Config_A,0.5555555555555556,0.4700854700854701,0.5670103092783505,0.5522849363455735,0.589284370532019,0.5572277823764016,1d,937,234,26,2021-10-13,2025-07-16,2025-07-17,2026-06-25,relevant_non_irrelevant_per_ticker,FPT,0
Random_Forest,Config_A,0.4829059829059829,0.42,0.6494845360824743,0.48130507263634204,0.5231018135299872,0.5072240198660547,1d,937,234,26,2021-10-13,2025-07-16,2025-07-17,2026-06-25,relevant_non_irrelevant_per_ticker,FPT,0
Logistic_Regression,Config_LLM,0.5512820512820513,0.4523809523809524,0.3917525773195876,0.5270179221129228,0.5249454435999699,0.5279930769809617,1d,937,234,141,2021-10-13,2025-07-16,2025-07-17,2026-06-25,relevant_non_irrelevant_per_ticker,FPT,0
Random_Forest,Config_LLM,0.4829059829059829,0.42105263157894735,0.6597938144329897,0.4807724046872421,0.5170065467680036,0.508729024004816,1d,937,234,141,2021-10-13,2025-07-16,2025-07-17,2026-06-25,relevant_non_irrelevant_per_ticker,FPT,0
Logistic_Regression,Config_Hybrid,0.5085470085470085,0.40625,0.4020618556701031,0.4929816297691945,0.5416509895402212,0.49300173075475956,1d,937,234,167,2021-10-13,2025-07-16,2025-07-17,2026-06-25,relevant_non_irrelevant_per_ticker,FPT,0
Random_Forest,Config_Hybrid,0.5213675213675214,0.4489795918367347,0.6804123711340206,0.5204918032786885,0.5744600797652193,0.5445857476108059,1d,937,234,167,2021-10-13,2025-07-16,2025-07-17,2026-06-25,relevant_non_irrelevant_per_ticker,FPT,0
Logistic_Regression,Config_A,0.5407725321888412,0.27906976744186046,0.13636363636363635,0.4319015608978011,0.4960815047021944,0.46128526645768025,5d,934,233,26,2021-10-13,2025-07-11,2025-07-14,2026-06-19,relevant_non_irrelevant_per_ticker,FPT,0
Random_Forest,Config_A,0.4034334763948498,0.3835616438356164,0.9545454545454546,0.3365087169401594,0.5301724137931034,0.5117554858934169,5d,934,233,26,2021-10-13,2025-07-11,2025-07-14,2026-06-19,relevant_non_irrelevant_per_ticker,FPT,0
Logistic_Regression,Config_LLM,0.4892703862660944,0.32967032967032966,0.3409090909090909,0.46028069219239676,0.44545454545454544,0.46010971786833854,5d,934,233,141,2021-10-13,2025-07-11,2025-07-14,2026-06-19,relevant_non_irrelevant_per_ticker,FPT,0
Random_Forest,Config_LLM,0.351931330472103,0.3315508021390374,0.7045454545454546,0.3301665873393622,0.44768808777429475,0.42123824451410663,5d,934,233,141,2021-10-13,2025-07-11,2025-07-14,2026-06-19,relevant_non_irrelevant_per_ticker,FPT,0
Logistic_Regression,Config_Hybrid,0.44635193133047213,0.25301204819277107,0.23863636363636365,0.4041629497472495,0.406269592476489,0.405525078369906,5d,934,233,167,2021-10-13,2025-07-11,2025-07-14,2026-06-19,relevant_non_irrelevant_per_ticker,FPT,0
Random_Forest,Config_Hybrid,0.44635193133047213,0.39901477832512317,0.9204545454545454,0.409779086892489,0.5314655172413792,0.539537617554859,5d,934,233,167,2021-10-13,2025-07-11,2025-07-14,2026-06-19,relevant_non_irrelevant_per_ticker,FPT,0
Logistic_Regression,Config_A,0.6077586206896551,0.4166666666666667,0.30864197530864196,0.5364380914739916,0.5132859128444117,0.5384269479192216,10d,930,232,26,2021-10-13,2025-07-07,2025-07-08,2026-06-12,relevant_non_irrelevant_per_ticker,FPT,0
Random_Forest,Config_A,0.3922413793103448,0.3598130841121495,0.9506172839506173,0.3438571858389329,0.6774180361376829,0.5216662578693484,10d,930,232,26,2021-10-13,2025-07-07,2025-07-08,2026-06-12,relevant_non_irrelevant_per_ticker,FPT,0
Logistic_Regression,Config_LLM,0.46551724137931033,0.25842696629213485,0.2839506172839506,0.4244097639055622,0.42735671653993956,0.4234322622843594,10d,930,232,141,2021-10-13,2025-07-07,2025-07-08,2026-06-12,relevant_non_irrelevant_per_ticker,FPT,0
Random_Forest,Config_LLM,0.31896551724137934,0.3005181347150259,0.7160493827160493,0.2958893584325778,0.336726351075137,0.4110048238083558,10d,930,232,141,2021-10-13,2025-07-07,2025-07-08,2026-06-12,relevant_non_irrelevant_per_ticker,FPT,0
Logistic_Regression,Config_Hybrid,0.4353448275862069,0.1875,0.18518518518518517,0.37699608470163787,0.39326302019458753,0.37736080451312237,10d,930,232,167,2021-10-13,2025-07-07,2025-07-08,2026-06-12,relevant_non_irrelevant_per_ticker,FPT,0
Random_Forest,Config_Hybrid,0.3577586206896552,0.3482142857142857,0.9629629629629629,0.2871842457985359,0.43410187229171776,0.49803777287220996,10d,930,232,167,2021-10-13,2025-07-07,2025-07-08,2026-06-12,relevant_non_irrelevant_per_ticker,FPT,0
Logistic_Regression,Config_A,0.49130434782608695,0.359375,0.5679012345679012,0.487027964696239,0.4978042919877372,0.5087828320490513,20d,922,230,26,2021-10-13,2025-06-25,2025-06-26,2026-05-29,relevant_non_irrelevant_per_ticker,FPT,0
Random_Forest,Config_A,0.3695652173913043,0.3584070796460177,1.0,0.2899874390581423,0.7317921948794432,0.5134228187919463,20d,922,230,26,2021-10-13,2025-06-25,2025-06-26,2026-05-29,relevant_non_irrelevant_per_ticker,FPT,0
Logistic_Regression,Config_LLM,0.49130434782608695,0.2857142857142857,0.2962962962962963,0.44714946070878275,0.39448173005219983,0.4468058662689535,20d,922,230,141,2021-10-13,2025-06-25,2025-06-26,2026-05-29,relevant_non_irrelevant_per_ticker,FPT,0
Random_Forest,Config_LLM,0.34347826086956523,0.2916666666666667,0.6049382716049383,0.3389672433811074,0.35893611732537906,0.40314027674206643,20d,922,230,141,2021-10-13,2025-06-25,2025-06-26,2026-05-29,relevant_non_irrelevant_per_ticker,FPT,0
Logistic_Regression,Config_Hybrid,0.4391304347826087,0.16666666666666666,0.14814814814814814,0.3683336526793128,0.38801889137459605,0.37273179219487945,20d,922,230,167,2021-10-13,2025-06-25,2025-06-26,2026-05-29,relevant_non_irrelevant_per_ticker,FPT,0
Random_Forest,Config_Hybrid,0.3521739130434783,0.3521739130434783,1.0,0.2604501607717042,0.5691026597066865,0.5,20d,922,230,167,2021-10-13,2025-06-25,2025-06-26,2026-05-29,relevant_non_irrelevant_per_ticker,FPT,0
Logistic_Regression,Config_A,0.5854700854700855,0.5405405405405406,0.2,0.49945972170154584,0.5763432835820895,0.5365671641791044,1d,937,234,26,2021-10-13,2025-07-16,2025-07-17,2026-06-25,relevant_non_irrelevant_per_ticker,HPG,0
Random_Forest,Config_A,0.5897435897435898,0.5833333333333334,0.14,0.47336834208552137,0.571044776119403,0.5326865671641792,1d,937,234,26,2021-10-13,2025-07-16,2025-07-17,2026-06-25,relevant_non_irrelevant_per_ticker,HPG,0
Logistic_Regression,Config_LLM,0.47435897435897434,0.423841059602649,0.64,0.471569941432427,0.48425373134328364,0.4953731343283582,1d,937,234,141,2021-10-13,2025-07-16,2025-07-17,2026-06-25,relevant_non_irrelevant_per_ticker,HPG,0
Random_Forest,Config_LLM,0.47863247863247865,0.39,0.39,0.46738805970149255,0.46682835820895524,0.46738805970149255,1d,937,234,141,2021-10-13,2025-07-16,2025-07-17,2026-06-25,relevant_non_irrelevant_per_ticker,HPG,0
Logistic_Regression,Config_Hybrid,0.5128205128205128,0.41025641025641024,0.32,0.48322355676094536,0.4833582089552239,0.48835820895522386,1d,937,234,167,2021-10-13,2025-07-16,2025-07-17,2026-06-25,relevant_non_irrelevant_per_ticker,HPG,0
Random_Forest,Config_Hybrid,0.5641025641025641,0.4642857142857143,0.13,0.4515625,0.5285820895522388,0.5090298507462687,1d,937,234,167,2021-10-13,2025-07-16,2025-07-17,2026-06-25,relevant_non_irrelevant_per_ticker,HPG,0
Logistic_Regression,Config_A,0.5793991416309013,0.0,0.0,0.36684782608695654,0.5888133030990175,0.5,5d,934,233,26,2021-10-13,2025-07-11,2025-07-14,2026-06-19,relevant_non_irrelevant_per_ticker,HPG,0
Random_Forest,Config_A,0.6051502145922747,0.5681818181818182,0.25510204081632654,0.5340810293861937,0.6378684807256236,0.5571806500377929,5d,934,233,26,2021-10-13,2025-07-11,2025-07-14,2026-06-19,relevant_non_irrelevant_per_ticker,HPG,0
Logistic_Regression,Config_LLM,0.47639484978540775,0.4142857142857143,0.5918367346938775,0.4761536193424738,0.5155706727135299,0.4922146636432351,5d,934,233,141,2021-10-13,2025-07-11,2025-07-14,2026-06-19,relevant_non_irrelevant_per_ticker,HPG,0
Random_Forest,Config_LLM,0.4678111587982833,0.4322916666666667,0.8469387755102041,0.43393416927899686,0.5020030234315949,0.5197656840513983,5d,934,233,141,2021-10-13,2025-07-11,2025-07-14,2026-06-19,relevant_non_irrelevant_per_ticker,HPG,0
Logistic_Regression,Config_Hybrid,0.5965665236051502,0.5294117647058824,0.3673469387755102,0.5602008032128514,0.6000755857898714,0.5651549508692366,5d,934,233,167,2021-10-13,2025-07-11,2025-07-14,2026-06-19,relevant_non_irrelevant_per_ticker,HPG,0
Random_Forest,Config_Hybrid,0.592274678111588,0.5789473684210527,0.11224489795918367,0.4579139421546298,0.5911186696900983,0.5264928193499622,5d,934,233,167,2021-10-13,2025-07-11,2025-07-14,2026-06-19,relevant_non_irrelevant_per_ticker,HPG,0
Logistic_Regression,Config_A,0.5474137931034483,0.0,0.0,0.35376044568245124,0.5201349831271092,0.5,10d,930,232,26,2021-10-13,2025-07-07,2025-07-08,2026-06-12,relevant_non_irrelevant_per_ticker,HPG,0
Random_Forest,Config_A,0.5646551724137931,1.0,0.0380952380952381,0.3944437265796615,0.6782527184101986,0.5190476190476191,10d,930,232,26,2021-10-13,2025-07-07,2025-07-08,2026-06-12,relevant_non_irrelevant_per_ticker,HPG,0
Logistic_Regression,Config_LLM,0.49137931034482757,0.45038167938931295,0.5619047619047619,0.49122807017543857,0.47761529808773906,0.4974878140232471,10d,930,232,141,2021-10-13,2025-07-07,2025-07-08,2026-06-12,relevant_non_irrelevant_per_ticker,HPG,0
Random_Forest,Config_LLM,0.40948275862068967,0.3933333333333333,0.5619047619047619,0.40362135284735906,0.44476940382452196,0.42268466441694785,10d,930,232,141,2021-10-13,2025-07-07,2025-07-08,2026-06-12,relevant_non_irrelevant_per_ticker,HPG,0
Logistic_Regression,Config_Hybrid,0.521551724137931,0.45588235294117646,0.29523809523809524,0.4884691019605506,0.5088113985751781,0.5019497562804649,10d,930,232,167,2021-10-13,2025-07-07,2025-07-08,2026-06-12,relevant_non_irrelevant_per_ticker,HPG,0
Random_Forest,Config_Hybrid,0.5474137931034483,0.0,0.0,0.35376044568245124,0.5953880764904387,0.5,10d,930,232,167,2021-10-13,2025-07-07,2025-07-08,2026-06-12,relevant_non_irrelevant_per_ticker,HPG,0
Logistic_Regression,Config_A,0.5,0.0,0.0,0.3333333333333333,0.4626086956521739,0.5,20d,922,230,26,2021-10-13,2025-06-25,2025-06-26,2026-05-29,relevant_non_irrelevant_per_ticker,HPG,0
Random_Forest,Config_A,0.5478260869565217,0.9230769230769231,0.10434782608695652,0.4371234939759036,0.6225330812854442,0.5478260869565218,20d,922,230,26,2021-10-13,2025-06-25,2025-06-26,2026-05-29,relevant_non_irrelevant_per_ticker,HPG,0
Logistic_Regression,Config_LLM,0.46956521739130436,0.475177304964539,0.5826086956521739,0.46269914215686275,0.4649527410207939,0.4695652173913043,20d,922,230,141,2021-10-13,2025-06-25,2025-06-26,2026-05-29,relevant_non_irrelevant_per_ticker,HPG,0
Random_Forest,Config_LLM,0.49130434782608695,0.49295774647887325,0.6086956521739131,0.4841962009545533,0.46034026465028355,0.491304347826087,20d,922,230,141,2021-10-13,2025-06-25,2025-06-26,2026-05-29,relevant_non_irrelevant_per_ticker,HPG,0
Logistic_Regression,Config_Hybrid,0.4826086956521739,0.4411764705882353,0.13043478260869565,0.4093528129653208,0.536937618147448,0.4826086956521739,20d,922,230,167,2021-10-13,2025-06-25,2025-06-26,2026-05-29,relevant_non_irrelevant_per_ticker,HPG,0
Random_Forest,Config_Hybrid,0.5043478260869565,1.0,0.008695652173913044,0.34292301523656776,0.6342533081285445,0.5043478260869565,20d,922,230,167,2021-10-13,2025-06-25,2025-06-26,2026-05-29,relevant_non_irrelevant_per_ticker,HPG,0
Logistic_Regression,Config_A,0.5512820512820513,0.5087719298245614,0.27358490566037735,0.5057829628884642,0.5502653301886793,0.5274174528301887,1d,937,234,26,2021-10-13,2025-07-16,2025-07-17,2026-06-25,relevant_non_irrelevant_per_ticker,SSI,0
Random_Forest,Config_A,0.5256410256410257,0.4358974358974359,0.16037735849056603,0.44541475392334795,0.4919295400943396,0.494251179245283,1d,937,234,26,2021-10-13,2025-07-16,2025-07-17,2026-06-25,relevant_non_irrelevant_per_ticker,SSI,0
Logistic_Regression,Config_LLM,0.44871794871794873,0.4433497536945813,0.8490566037735849,0.3856017585638395,0.4696344339622641,0.48312205188679247,1d,937,234,141,2021-10-13,2025-07-16,2025-07-17,2026-06-25,relevant_non_irrelevant_per_ticker,SSI,0
Random_Forest,Config_LLM,0.4700854700854701,0.4407894736842105,0.6320754716981132,0.46445182724252493,0.45485701650943394,0.4840064858490566,1d,937,234,141,2021-10-13,2025-07-16,2025-07-17,2026-06-25,relevant_non_irrelevant_per_ticker,SSI,0
Logistic_Regression,Config_Hybrid,0.45726495726495725,0.44502617801047123,0.8018867924528302,0.4148502569555201,0.4853331367924529,0.4868808962264151,1d,937,234,167,2021-10-13,2025-07-16,2025-07-17,2026-06-25,relevant_non_irrelevant_per_ticker,SSI,0
Random_Forest,Config_Hybrid,0.5470085470085471,0.5,0.2830188679245283,0.5052262028245432,0.5106500589622642,0.5243219339622641,1d,937,234,167,2021-10-13,2025-07-16,2025-07-17,2026-06-25,relevant_non_irrelevant_per_ticker,SSI,0
Logistic_Regression,Config_A,0.5879828326180258,0.7272727272727273,0.1509433962264151,0.48298816568047337,0.5719803892437973,0.5518496508691131,5d,934,233,26,2021-10-13,2025-07-11,2025-07-14,2026-06-19,relevant_non_irrelevant_per_ticker,SSI,0
Random_Forest,Config_A,0.5879828326180258,0.5925925925925926,0.3018867924528302,0.5431372549019609,0.584199970286733,0.5643292229980686,5d,934,233,26,2021-10-13,2025-07-11,2025-07-14,2026-06-19,relevant_non_irrelevant_per_ticker,SSI,0
Logistic_Regression,Config_LLM,0.4592274678111588,0.45689655172413796,1.0,0.3214219674556213,0.5240677462487,0.5039370078740157,5d,934,233,141,2021-10-13,2025-07-11,2025-07-14,2026-06-19,relevant_non_irrelevant_per_ticker,SSI,0
Random_Forest,Config_LLM,0.47639484978540775,0.46226415094339623,0.9245283018867925,0.39601393846676863,0.5305303818154806,0.513445253305601,5d,934,233,141,2021-10-13,2025-07-11,2025-07-14,2026-06-19,relevant_non_irrelevant_per_ticker,SSI,0
Logistic_Regression,Config_Hybrid,0.48497854077253216,0.4681818181818182,0.9716981132075472,0.38737949167397023,0.5470955281533204,0.525219135343931,5d,934,233,167,2021-10-13,2025-07-11,2025-07-14,2026-06-19,relevant_non_irrelevant_per_ticker,SSI,0
Random_Forest,Config_Hybrid,0.592274678111588,0.5544554455445545,0.5283018867924528,0.5871337175685001,0.6106819194770464,0.5869855890655178,5d,934,233,167,2021-10-13,2025-07-11,2025-07-14,2026-06-19,relevant_non_irrelevant_per_ticker,SSI,0
Logistic_Regression,Config_A,0.5431034482758621,0.8181818181818182,0.15,0.46216429008835624,0.6078869047619047,0.5571428571428572,10d,930,232,26,2021-10-13,2025-07-07,2025-07-08,2026-06-12,relevant_non_irrelevant_per_ticker,SSI,0
Random_Forest,Config_A,0.43103448275862066,0.42105263157894735,0.26666666666666666,0.4169966494060311,0.4871279761904762,0.4369047619047619,10d,930,232,26,2021-10-13,2025-07-07,2025-07-08,2026-06-12,relevant_non_irrelevant_per_ticker,SSI,0
Logistic_Regression,Config_LLM,0.521551724137931,0.5194805194805194,1.0,0.3507298994024658,0.5840773809523809,0.5044642857142857,10d,930,232,141,2021-10-13,2025-07-07,2025-07-08,2026-06-12,relevant_non_irrelevant_per_ticker,SSI,0
Random_Forest,Config_LLM,0.5387931034482759,0.5294117647058824,0.975,0.40814915480533104,0.43046875,0.5232142857142857,10d,930,232,141,2021-10-13,2025-07-07,2025-07-08,2026-06-12,relevant_non_irrelevant_per_ticker,SSI,0
Logistic_Regression,Config_Hybrid,0.5603448275862069,0.5412844036697247,0.9833333333333333,0.4443505212735982,0.6351190476190477,0.5452380952380952,10d,930,232,167,2021-10-13,2025-07-07,2025-07-08,2026-06-12,relevant_non_irrelevant_per_ticker,SSI,0
Random_Forest,Config_Hybrid,0.5043103448275862,0.6470588235294118,0.09166666666666666,0.40445099220964753,0.5178943452380953,0.519047619047619,10d,930,232,167,2021-10-13,2025-07-07,2025-07-08,2026-06-12,relevant_non_irrelevant_per_ticker,SSI,0
Logistic_Regression,Config_A,0.5652173913043478,0.7368421052631579,0.12844036697247707,0.4587725903614458,0.5617560087952082,0.5435590264614452,20d,922,230,26,2021-10-13,2025-06-25,2025-06-26,2026-05-29,relevant_non_irrelevant_per_ticker,SSI,0
Random_Forest,Config_A,0.5130434782608696,0.4482758620689655,0.11926605504587157,0.42028985507246375,0.6090681628629919,0.4935173250435969,20d,922,230,26,2021-10-13,2025-06-25,2025-06-26,2026-05-29,relevant_non_irrelevant_per_ticker,SSI,0
Logistic_Regression,Config_LLM,0.508695652173913,0.4900990099009901,0.908256880733945,0.4391333434040441,0.6290090226704073,0.5285086056562287,20d,922,230,141,2021-10-13,2025-06-25,2025-06-26,2026-05-29,relevant_non_irrelevant_per_ticker,SSI,0
Random_Forest,Config_LLM,0.4956521739130435,0.4830917874396135,0.9174311926605505,0.4136779184247539,0.4430586094472666,0.5165668359996968,20d,922,230,141,2021-10-13,2025-06-25,2025-06-26,2026-05-29,relevant_non_irrelevant_per_ticker,SSI,0
Logistic_Regression,Config_Hybrid,0.6130434782608696,0.578125,0.6788990825688074,0.6126847174131047,0.6324209568579877,0.6163090454166351,20d,922,230,167,2021-10-13,2025-06-25,2025-06-26,2026-05-29,relevant_non_irrelevant_per_ticker,SSI,0
Random_Forest,Config_Hybrid,0.5608695652173913,0.6333333333333333,0.1743119266055046,0.47936977520787105,0.6414436272651453,0.5417014178482068,20d,922,230,167,2021-10-13,2025-06-25,2025-06-26,2026-05-29,relevant_non_irrelevant_per_ticker,SSI,0
Logistic_Regression,Config_A,0.5213675213675214,0.43137254901960786,0.20952380952380953,0.46153846153846156,0.49605020302694725,0.492358803986711,1d,937,234,26,2021-10-13,2025-07-16,2025-07-17,2026-06-25,relevant_non_irrelevant_per_ticker,VCB,0
Random_Forest,Config_A,0.5427350427350427,0.4791666666666667,0.21904761904761905,0.48048552754435103,0.5366186784791437,0.512624584717608,1d,937,234,26,2021-10-13,2025-07-16,2025-07-17,2026-06-25,relevant_non_irrelevant_per_ticker,VCB,0
Logistic_Regression,Config_LLM,0.5128205128205128,0.45263157894736844,0.4095238095238095,0.5023134328358209,0.4976005906238465,0.5032115171650056,1d,937,234,141,2021-10-13,2025-07-16,2025-07-17,2026-06-25,relevant_non_irrelevant_per_ticker,VCB,0
Random_Forest,Config_LLM,0.46153846153846156,0.37349397590361444,0.29523809523809524,0.4398936170212766,0.46242155777039495,0.4460686600221484,1d,937,234,141,2021-10-13,2025-07-16,2025-07-17,2026-06-25,relevant_non_irrelevant_per_ticker,VCB,0
Logistic_Regression,Config_Hybrid,0.49145299145299143,0.40789473684210525,0.29523809523809524,0.4639536450613125,0.47530454042081943,0.4732004429678849,1d,937,234,167,2021-10-13,2025-07-16,2025-07-17,2026-06-25,relevant_non_irrelevant_per_ticker,VCB,0
Random_Forest,Config_Hybrid,0.5641025641025641,0.5428571428571428,0.18095238095238095,0.48022648083623687,0.5354005167958655,0.5284606866002215,1d,937,234,167,2021-10-13,2025-07-16,2025-07-17,2026-06-25,relevant_non_irrelevant_per_ticker,VCB,0
Logistic_Regression,Config_A,0.6223175965665236,0.8888888888888888,0.1568627450980392,0.5061657032755299,0.6624756772938182,0.5707977847627601,5d,934,233,26,2021-10-13,2025-07-11,2025-07-14,2026-06-19,relevant_non_irrelevant_per_ticker,VCB,0
Random_Forest,Config_A,0.6351931330472103,0.7741935483870968,0.23529411764705882,0.5528235001919213,0.6884822631342613,0.590929501571621,5d,934,233,26,2021-10-13,2025-07-11,2025-07-14,2026-06-19,relevant_non_irrelevant_per_ticker,VCB,0
Logistic_Regression,Config_LLM,0.5407725321888412,0.4752475247524752,0.47058823529411764,0.5330311487385042,0.5627151624008382,0.533004041311181,5d,934,233,141,2021-10-13,2025-07-11,2025-07-14,2026-06-19,relevant_non_irrelevant_per_ticker,VCB,0
Random_Forest,Config_LLM,0.5579399141630901,0.4936708860759494,0.38235294117647056,0.5347678588737036,0.5874120640622661,0.5385047148630444,5d,934,233,141,2021-10-13,2025-07-11,2025-07-14,2026-06-19,relevant_non_irrelevant_per_ticker,VCB,0
Logistic_Regression,Config_Hybrid,0.5536480686695279,0.4583333333333333,0.10784313725490197,0.4343604108309991,0.6141296213141746,0.504303248016764,5d,934,233,167,2021-10-13,2025-07-11,2025-07-14,2026-06-19,relevant_non_irrelevant_per_ticker,VCB,0
Random_Forest,Config_Hybrid,0.6137339055793991,0.6764705882352942,0.22549019607843138,0.5327540106951871,0.6852267624607093,0.5707603652147882,5d,934,233,167,2021-10-13,2025-07-11,2025-07-14,2026-06-19,relevant_non_irrelevant_per_ticker,VCB,0
Logistic_Regression,Config_A,0.5862068965517241,0.5,0.21875,0.5049346492397973,0.7244944852941176,0.5321691176470589,10d,930,232,26,2021-10-13,2025-07-07,2025-07-08,2026-06-12,relevant_non_irrelevant_per_ticker,VCB,0
Random_Forest,Config_A,0.5775862068965517,0.4772727272727273,0.21875,0.49876543209876545,0.6175321691176471,0.5248161764705883,10d,930,232,26,2021-10-13,2025-07-07,2025-07-08,2026-06-12,relevant_non_irrelevant_per_ticker,VCB,0
Logistic_Regression,Config_LLM,0.5431034482758621,0.4576271186440678,0.5625,0.5403364485981308,0.561734068627451,0.5459558823529411,10d,930,232,141,2021-10-13,2025-07-07,2025-07-08,2026-06-12,relevant_non_irrelevant_per_ticker,VCB,0
Random_Forest,Config_LLM,0.5,0.4107142857142857,0.4791666666666667,0.49459134615384615,0.5044424019607843,0.49693627450980393,10d,930,232,141,2021-10-13,2025-07-07,2025-07-08,2026-06-12,relevant_non_irrelevant_per_ticker,VCB,0
Logistic_Regression,Config_Hybrid,0.6422413793103449,0.6444444444444445,0.3020833333333333,0.5771907867290254,0.6783854166666667,0.5922181372549019,10d,930,232,167,2021-10-13,2025-07-07,2025-07-08,2026-06-12,relevant_non_irrelevant_per_ticker,VCB,0
Random_Forest,Config_Hybrid,0.5862068965517241,0.5,0.16666666666666666,0.48214285714285715,0.5266161151960784,0.5245098039215687,10d,930,232,167,2021-10-13,2025-07-07,2025-07-08,2026-06-12,relevant_non_irrelevant_per_ticker,VCB,0
Logistic_Regression,Config_A,0.6739130434782609,0.7288135593220338,0.4215686274509804,0.6416626851409459,0.7650122549019608,0.6482843137254902,20d,922,230,26,2021-10-13,2025-06-25,2025-06-26,2026-05-29,relevant_non_irrelevant_per_ticker,VCB,0
Random_Forest,Config_A,0.6782608695652174,0.8181818181818182,0.35294117647058826,0.6287409475612948,0.7630208333333333,0.6452205882352942,20d,922,230,26,2021-10-13,2025-06-25,2025-06-26,2026-05-29,relevant_non_irrelevant_per_ticker,VCB,0
Logistic_Regression,Config_LLM,0.5043478260869565,0.45,0.5294117647058824,0.5037474449239155,0.536688112745098,0.5068933823529411,20d,922,230,141,2021-10-13,2025-06-25,2025-06-26,2026-05-29,relevant_non_irrelevant_per_ticker,VCB,0
Random_Forest,Config_LLM,0.5695652173913044,0.5116279069767442,0.6470588235294118,0.569557080474111,0.561312806372549,0.5774356617647058,20d,922,230,141,2021-10-13,2025-06-25,2025-06-26,2026-05-29,relevant_non_irrelevant_per_ticker,VCB,0
Logistic_Regression,Config_Hybrid,0.6173913043478261,0.6206896551724138,0.35294117647058826,0.5783333333333334,0.6440716911764707,0.5905330882352942,20d,922,230,167,2021-10-13,2025-06-25,2025-06-26,2026-05-29,relevant_non_irrelevant_per_ticker,VCB,0
Random_Forest,Config_Hybrid,0.6217391304347826,0.6470588235294118,0.3235294117647059,0.5739924634348854,0.6809512867647058,0.5914522058823529,20d,922,230,167,2021-10-13,2025-06-25,2025-06-26,2026-05-29,relevant_non_irrelevant_per_ticker,VCB,0
Logistic_Regression,Config_A,0.5042735042735043,0.46357615894039733,0.6666666666666666,0.49985259433962265,0.5367294204503507,0.5193798449612403,1d,937,234,26,2021-10-13,2025-07-16,2025-07-17,2026-06-25,relevant_non_irrelevant_per_ticker,VNM,0
Random_Forest,Config_A,0.5256410256410257,0.4625,0.3523809523809524,0.503886925795053,0.5418973791066815,0.5095238095238095,1d,937,234,26,2021-10-13,2025-07-16,2025-07-17,2026-06-25,relevant_non_irrelevant_per_ticker,VNM,0
Logistic_Regression,Config_LLM,0.47863247863247865,0.3559322033898305,0.2,0.4273908857509628,0.48578811369509045,0.4527131782945737,1d,937,234,141,2021-10-13,2025-07-16,2025-07-17,2026-06-25,relevant_non_irrelevant_per_ticker,VNM,0
Random_Forest,Config_LLM,0.5256410256410257,0.4642857142857143,0.37142857142857144,0.5074244751664106,0.4951642672572905,0.511295681063123,1d,937,234,141,2021-10-13,2025-07-16,2025-07-17,2026-06-25,relevant_non_irrelevant_per_ticker,VNM,0
Logistic_Regression,Config_Hybrid,0.5170940170940171,0.4574468085106383,0.4095238095238095,0.5060432272888606,0.5069029162052419,0.5070874861572536,1d,937,234,167,2021-10-13,2025-07-16,2025-07-17,2026-06-25,relevant_non_irrelevant_per_ticker,VNM,0
Random_Forest,Config_Hybrid,0.5384615384615384,0.48148148148148145,0.37142857142857144,0.518188057652711,0.5351052048726467,0.522923588039867,1d,937,234,167,2021-10-13,2025-07-16,2025-07-17,2026-06-25,relevant_non_irrelevant_per_ticker,VNM,0
Logistic_Regression,Config_A,0.5364806866952789,0.4810126582278481,0.7450980392156863,0.5301717699775952,0.6359077982337974,0.559571920371202,5d,934,233,26,2021-10-13,2025-07-11,2025-07-14,2026-06-19,relevant_non_irrelevant_per_ticker,VNM,0
Random_Forest,Config_A,0.5708154506437768,0.509090909090909,0.5490196078431373,0.5673005496954391,0.6041760215536597,0.568402933692561,5d,934,233,26,2021-10-13,2025-07-11,2025-07-14,2026-06-19,relevant_non_irrelevant_per_ticker,VNM,0
Logistic_Regression,Config_LLM,0.45493562231759654,0.3949579831932773,0.46078431372549017,0.4534860097885308,0.4430474479868284,0.45558299655740153,5d,934,233,141,2021-10-13,2025-07-11,2025-07-14,2026-06-19,relevant_non_irrelevant_per_ticker,VNM,0
Random_Forest,Config_LLM,0.5364806866952789,0.4583333333333333,0.3235294117647059,0.504723665564478,0.5223394701392006,0.5129097440502919,5d,934,233,141,2021-10-13,2025-07-11,2025-07-14,2026-06-19,relevant_non_irrelevant_per_ticker,VNM,0
Logistic_Regression,Config_Hybrid,0.5708154506437768,0.5092592592592593,0.5392156862745098,0.5665922619047619,0.5518634934889985,0.567317766801377,5d,934,233,167,2021-10-13,2025-07-11,2025-07-14,2026-06-19,relevant_non_irrelevant_per_ticker,VNM,0
Random_Forest,Config_Hybrid,0.5708154506437768,0.5151515151515151,0.3333333333333333,0.5345957174816236,0.538878910342763,0.544529262086514,5d,934,233,167,2021-10-13,2025-07-11,2025-07-14,2026-06-19,relevant_non_irrelevant_per_ticker,VNM,0
Logistic_Regression,Config_A,0.5948275862068966,0.5704225352112676,0.7105263157894737,0.5904447115384616,0.6236990782039844,0.5967885816235504,10d,930,232,26,2021-10-13,2025-07-07,2025-07-08,2026-06-12,relevant_non_irrelevant_per_ticker,VNM,0
Random_Forest,Config_A,0.5603448275862069,0.5588235294117647,0.5,0.5582437275985663,0.6135518881950639,0.5593220338983051,10d,930,232,26,2021-10-13,2025-07-07,2025-07-08,2026-06-12,relevant_non_irrelevant_per_ticker,VNM,0
Logistic_Regression,Config_LLM,0.41810344827586204,0.39603960396039606,0.3508771929824561,0.41496217427850934,0.393621766280107,0.41696402022004164,10d,930,232,141,2021-10-13,2025-07-07,2025-07-08,2026-06-12,relevant_non_irrelevant_per_ticker,VNM,0
Random_Forest,Config_LLM,0.4827586206896552,0.45714285714285713,0.2807017543859649,0.45962732919254656,0.5089949449895926,0.47933392804044006,10d,930,232,141,2021-10-13,2025-07-07,2025-07-08,2026-06-12,relevant_non_irrelevant_per_ticker,VNM,0
Logistic_Regression,Config_Hybrid,0.5258620689655172,0.5196078431372549,0.4649122807017544,0.5235961768219832,0.5437853107344631,0.5248290217068095,10d,930,232,167,2021-10-13,2025-07-07,2025-07-08,2026-06-12,relevant_non_irrelevant_per_ticker,VNM,0
Random_Forest,Config_Hybrid,0.4956896551724138,0.47540983606557374,0.2543859649122807,0.463292140385566,0.5645257210823669,0.4915997621171573,10d,930,232,167,2021-10-13,2025-07-07,2025-07-08,2026-06-12,relevant_non_irrelevant_per_ticker,VNM,0
Logistic_Regression,Config_A,0.6434782608695652,0.5844155844155844,0.8333333333333334,0.6364407433109723,0.7086369156041287,0.6543715846994536,20d,922,230,26,2021-10-13,2025-06-25,2025-06-26,2026-05-29,relevant_non_irrelevant_per_ticker,VNM,0
Random_Forest,Config_A,0.6260869565217392,0.5964912280701754,0.6296296296296297,0.6256340373987432,0.6955069823922283,0.6262902246508804,20d,922,230,26,2021-10-13,2025-06-25,2025-06-26,2026-05-29,relevant_non_irrelevant_per_ticker,VNM,0
Logistic_Regression,Config_LLM,0.4391304347826087,0.4244604316546763,0.5462962962962963,0.4360494953526829,0.4172738312082575,0.4452792956891317,20d,922,230,141,2021-10-13,2025-06-25,2025-06-26,2026-05-29,relevant_non_irrelevant_per_ticker,VNM,0
Random_Forest,Config_LLM,0.4782608695652174,0.4142857142857143,0.26851851851851855,0.45015539086779827,0.4080145719489982,0.4662264723740134,20d,922,230,141,2021-10-13,2025-06-25,2025-06-26,2026-05-29,relevant_non_irrelevant_per_ticker,VNM,0
Logistic_Regression,Config_Hybrid,0.6434782608695652,0.6160714285714286,0.6388888888888888,0.6428030303030303,0.6653764420157863,0.6432149362477231,20d,922,230,167,2021-10-13,2025-06-25,2025-06-26,2026-05-29,relevant_non_irrelevant_per_ticker,VNM,0
Random_Forest,Config_Hybrid,0.5347826086956522,0.5054945054945055,0.42592592592592593,0.5261749359825949,0.6009031572556163,0.5285367334547663,20d,922,230,167,2021-10-13,2025-06-25,2025-06-26,2026-05-29,relevant_non_irrelevant_per_ticker,VNM,0
Logistic_Regression,Config_A,0.5555555555555556,0.4700854700854701,0.5670103092783505,0.5522849363455735,0.589284370532019,0.5572277823764016,1d,937,234,26,2021-10-13,2025-07-16,2025-07-17,2026-06-25,direct_only_per_ticker,FPT,0
Random_Forest,Config_A,0.4829059829059829,0.42,0.6494845360824743,0.48130507263634204,0.5231018135299872,0.5072240198660547,1d,937,234,26,2021-10-13,2025-07-16,2025-07-17,2026-06-25,direct_only_per_ticker,FPT,0
Logistic_Regression,Config_LLM,0.5683760683760684,0.4722222222222222,0.35051546391752575,0.5322871108824286,0.5362329746406803,0.5365716005719016,1d,937,234,141,2021-10-13,2025-07-16,2025-07-17,2026-06-25,direct_only_per_ticker,FPT,0
Random_Forest,Config_LLM,0.5,0.4315068493150685,0.6494845360824743,0.49925925925925924,0.5078260215215592,0.5218225600120401,1d,937,234,141,2021-10-13,2025-07-16,2025-07-17,2026-06-25,direct_only_per_ticker,FPT,0
Logistic_Regression,Config_Hybrid,0.5683760683760684,0.47619047619047616,0.41237113402061853,0.5450362869848114,0.5586575363082248,0.5456016254044698,1d,937,234,167,2021-10-13,2025-07-16,2025-07-17,2026-06-25,direct_only_per_ticker,FPT,0
Random_Forest,Config_Hybrid,0.5811965811965812,0.49624060150375937,0.6804123711340206,0.5810741687979539,0.5618180449996237,0.5956806381217549,1d,937,234,167,2021-10-13,2025-07-16,2025-07-17,2026-06-25,direct_only_per_ticker,FPT,0
Logistic_Regression,Config_A,0.5407725321888412,0.27906976744186046,0.13636363636363635,0.4319015608978011,0.4960815047021944,0.46128526645768025,5d,934,233,26,2021-10-13,2025-07-11,2025-07-14,2026-06-19,direct_only_per_ticker,FPT,0
Random_Forest,Config_A,0.4034334763948498,0.3835616438356164,0.9545454545454546,0.3365087169401594,0.5301724137931034,0.5117554858934169,5d,934,233,26,2021-10-13,2025-07-11,2025-07-14,2026-06-19,direct_only_per_ticker,FPT,0
Logistic_Regression,Config_LLM,0.5236051502145923,0.35802469135802467,0.32954545454545453,0.4847289462674078,0.4636363636363637,0.48546238244514106,5d,934,233,141,2021-10-13,2025-07-11,2025-07-14,2026-06-19,direct_only_per_ticker,FPT,0
Random_Forest,Config_LLM,0.36909871244635195,0.3439153439153439,0.7386363636363636,0.34576815082230244,0.5071316614420063,0.4417319749216301,5d,934,233,141,2021-10-13,2025-07-11,2025-07-14,2026-06-19,direct_only_per_ticker,FPT,0
Logistic_Regression,Config_Hybrid,0.48068669527896996,0.2608695652173913,0.20454545454545456,0.41885680126976277,0.4356583072100314,0.42641065830721003,5d,934,233,167,2021-10-13,2025-07-11,2025-07-14,2026-06-19,direct_only_per_ticker,FPT,0
Random_Forest,Config_Hybrid,0.45064377682403434,0.4029126213592233,0.9431818181818182,0.41021990191425406,0.5381661442006269,0.5474529780564263,5d,934,233,167,2021-10-13,2025-07-11,2025-07-14,2026-06-19,direct_only_per_ticker,FPT,0
Logistic_Regression,Config_A,0.6077586206896551,0.4166666666666667,0.30864197530864196,0.5364380914739916,0.5132859128444117,0.5384269479192216,10d,930,232,26,2021-10-13,2025-07-07,2025-07-08,2026-06-12,direct_only_per_ticker,FPT,0
Random_Forest,Config_A,0.3922413793103448,0.3598130841121495,0.9506172839506173,0.3438571858389329,0.6774180361376829,0.5216662578693484,10d,930,232,26,2021-10-13,2025-07-07,2025-07-08,2026-06-12,direct_only_per_ticker,FPT,0
Logistic_Regression,Config_LLM,0.45689655172413796,0.2413793103448276,0.25925925925925924,0.41216216216216217,0.4243316163845965,0.41108658327201375,10d,930,232,141,2021-10-13,2025-07-07,2025-07-08,2026-06-12,direct_only_per_ticker,FPT,0
Random_Forest,Config_LLM,0.3275862068965517,0.30158730158730157,0.7037037037037037,0.30904925544100803,0.3992723407734445,0.41476575913662006,10d,930,232,141,2021-10-13,2025-07-07,2025-07-08,2026-06-12,direct_only_per_ticker,FPT,0
Logistic_Regression,Config_Hybrid,0.39655172413793105,0.12658227848101267,0.12345679012345678,0.33223684210526316,0.39628812034993044,0.3332515738696754,10d,930,232,167,2021-10-13,2025-07-07,2025-07-08,2026-06-12,direct_only_per_ticker,FPT,0
Random_Forest,Config_Hybrid,0.40948275862068967,0.36538461538461536,0.9382716049382716,0.3715472071181414,0.49247812934347146,0.532049709753904,10d,930,232,167,2021-10-13,2025-07-07,2025-07-08,2026-06-12,direct_only_per_ticker,FPT,0
Logistic_Regression,Config_A,0.49130434782608695,0.359375,0.5679012345679012,0.487027964696239,0.4978042919877372,0.5087828320490513,20d,922,230,26,2021-10-13,2025-06-25,2025-06-26,2026-05-29,direct_only_per_ticker,FPT,0
Random_Forest,Config_A,0.3695652173913043,0.3584070796460177,1.0,0.2899874390581423,0.7317921948794432,0.5134228187919463,20d,922,230,26,2021-10-13,2025-06-25,2025-06-26,2026-05-29,direct_only_per_ticker,FPT,0
Logistic_Regression,Config_LLM,0.4826086956521739,0.28888888888888886,0.32098765432098764,0.4461644306845545,0.38951031568481237,0.44572872648935286,20d,922,230,141,2021-10-13,2025-06-25,2025-06-26,2026-05-29,direct_only_per_ticker,FPT,0
Random_Forest,Config_LLM,0.3739130434782609,0.3090909090909091,0.6296296296296297,0.37086847503989057,0.40894026017068524,0.432264479244345,20d,922,230,141,2021-10-13,2025-06-25,2025-06-26,2026-05-29,direct_only_per_ticker,FPT,0
Logistic_Regression,Config_Hybrid,0.40869565217391307,0.14285714285714285,0.13580246913580246,0.3444546902506497,0.3844560444113017,0.3464247245007871,20d,922,230,167,2021-10-13,2025-06-25,2025-06-26,2026-05-29,direct_only_per_ticker,FPT,0
Random_Forest,Config_Hybrid,0.3652173913043478,0.3568281938325991,1.0,0.28272385509227616,0.5551412710249399,0.5100671140939598,20d,922,230,167,2021-10-13,2025-06-25,2025-06-26,2026-05-29,direct_only_per_ticker,FPT,0
Logistic_Regression,Config_A,0.5854700854700855,0.5405405405405406,0.2,0.49945972170154584,0.5763432835820895,0.5365671641791044,1d,937,234,26,2021-10-13,2025-07-16,2025-07-17,2026-06-25,direct_only_per_ticker,HPG,0
Random_Forest,Config_A,0.5897435897435898,0.5833333333333334,0.14,0.47336834208552137,0.571044776119403,0.5326865671641792,1d,937,234,26,2021-10-13,2025-07-16,2025-07-17,2026-06-25,direct_only_per_ticker,HPG,0
Logistic_Regression,Config_LLM,0.49572649572649574,0.4430379746835443,0.7,0.49036544850498337,0.512313432835821,0.5216417910447761,1d,937,234,141,2021-10-13,2025-07-16,2025-07-17,2026-06-25,direct_only_per_ticker,HPG,0
Random_Forest,Config_LLM,0.4829059829059829,0.40540540540540543,0.45,0.4778615818688108,0.4734701492537314,0.47873134328358213,1d,937,234,141,2021-10-13,2025-07-16,2025-07-17,2026-06-25,direct_only_per_ticker,HPG,0
Logistic_Regression,Config_Hybrid,0.5299145299145299,0.44047619047619047,0.37,0.5074249846907533,0.5224626865671642,0.5096268656716418,1d,937,234,167,2021-10-13,2025-07-16,2025-07-17,2026-06-25,direct_only_per_ticker,HPG,0
Random_Forest,Config_Hybrid,0.5641025641025641,0.4,0.04,0.39390553580497717,0.5404477611940299,0.49761194029850747,1d,937,234,167,2021-10-13,2025-07-16,2025-07-17,2026-06-25,direct_only_per_ticker,HPG,0
Logistic_Regression,Config_A,0.5793991416309013,0.0,0.0,0.36684782608695654,0.5888133030990175,0.5,5d,934,233,26,2021-10-13,2025-07-11,2025-07-14,2026-06-19,direct_only_per_ticker,HPG,0
Random_Forest,Config_A,0.6051502145922747,0.5681818181818182,0.25510204081632654,0.5340810293861937,0.6378684807256236,0.5571806500377929,5d,934,233,26,2021-10-13,2025-07-11,2025-07-14,2026-06-19,direct_only_per_ticker,HPG,0
Logistic_Regression,Config_LLM,0.44206008583690987,0.3918918918918919,0.5918367346938775,0.44031781226903177,0.4984126984126984,0.4625850340136054,5d,934,233,141,2021-10-13,2025-07-11,2025-07-14,2026-06-19,direct_only_per_ticker,HPG,0
Random_Forest,Config_LLM,0.45064377682403434,0.42021276595744683,0.8061224489795918,0.4206682206682206,0.4672713529856387,0.4993575207860922,5d,934,233,141,2021-10-13,2025-07-11,2025-07-14,2026-06-19,direct_only_per_ticker,HPG,0
Logistic_Regression,Config_Hybrid,0.5836909871244635,0.5076923076923077,0.336734693877551,0.5423879811294012,0.5806500377928949,0.549848828420257,5d,934,233,167,2021-10-13,2025-07-11,2025-07-14,2026-06-19,direct_only_per_ticker,HPG,0
Random_Forest,Config_Hybrid,0.5965665236051502,0.5625,0.1836734693877551,0.4985805860805861,0.5707482993197279,0.5399848828420257,5d,934,233,167,2021-10-13,2025-07-11,2025-07-14,2026-06-19,direct_only_per_ticker,HPG,0
Logistic_Regression,Config_A,0.5474137931034483,0.0,0.0,0.35376044568245124,0.5201349831271092,0.5,10d,930,232,26,2021-10-13,2025-07-07,2025-07-08,2026-06-12,direct_only_per_ticker,HPG,0
Random_Forest,Config_A,0.5646551724137931,1.0,0.0380952380952381,0.3944437265796615,0.6782527184101986,0.5190476190476191,10d,930,232,26,2021-10-13,2025-07-07,2025-07-08,2026-06-12,direct_only_per_ticker,HPG,0
Logistic_Regression,Config_LLM,0.4698275862068966,0.44,0.6285714285714286,0.4645651562060231,0.46201724784401943,0.4835770528683915,10d,930,232,141,2021-10-13,2025-07-07,2025-07-08,2026-06-12,direct_only_per_ticker,HPG,0
Random_Forest,Config_LLM,0.45689655172413796,0.43478260869565216,0.6666666666666666,0.4449760765550239,0.4254968128983877,0.47506561679790027,10d,930,232,141,2021-10-13,2025-07-07,2025-07-08,2026-06-12,direct_only_per_ticker,HPG,0
Logistic_Regression,Config_Hybrid,0.5172413793103449,0.4507042253521127,0.3047619047619048,0.4873737373737374,0.504161979752531,0.4988376452943382,10d,930,232,167,2021-10-13,2025-07-07,2025-07-08,2026-06-12,direct_only_per_ticker,HPG,0
Random_Forest,Config_Hybrid,0.5431034482758621,0.3333333333333333,0.009523809523809525,0.36038285476487725,0.528158980127484,0.49688788901387326,10d,930,232,167,2021-10-13,2025-07-07,2025-07-08,2026-06-12,direct_only_per_ticker,HPG,0
Logistic_Regression,Config_A,0.5,0.0,0.0,0.3333333333333333,0.4626086956521739,0.5,20d,922,230,26,2021-10-13,2025-06-25,2025-06-26,2026-05-29,direct_only_per_ticker,HPG,0
Random_Forest,Config_A,0.5478260869565217,0.9230769230769231,0.10434782608695652,0.4371234939759036,0.6225330812854442,0.5478260869565218,20d,922,230,26,2021-10-13,2025-06-25,2025-06-26,2026-05-29,direct_only_per_ticker,HPG,0
Logistic_Regression,Config_LLM,0.47391304347826085,0.4791666666666667,0.6,0.4654142415336445,0.4877882797731569,0.47391304347826085,20d,922,230,141,2021-10-13,2025-06-25,2025-06-26,2026-05-29,direct_only_per_ticker,HPG,0
Random_Forest,Config_LLM,0.45652173913043476,0.4642857142857143,0.5652173913043478,0.4500239120038259,0.44211720226843093,0.45652173913043476,20d,922,230,141,2021-10-13,2025-06-25,2025-06-26,2026-05-29,direct_only_per_ticker,HPG,0
Logistic_Regression,Config_Hybrid,0.49130434782608695,0.4642857142857143,0.11304347826086956,0.4063665041583022,0.5681663516068053,0.49130434782608695,20d,922,230,167,2021-10-13,2025-06-25,2025-06-26,2026-05-29,direct_only_per_ticker,HPG,0
Random_Forest,Config_Hybrid,0.5,0.0,0.0,0.3333333333333333,0.5965217391304348,0.5,20d,922,230,167,2021-10-13,2025-06-25,2025-06-26,2026-05-29,direct_only_per_ticker,HPG,0
Logistic_Regression,Config_A,0.5512820512820513,0.5087719298245614,0.27358490566037735,0.5057829628884642,0.5502653301886793,0.5274174528301887,1d,937,234,26,2021-10-13,2025-07-16,2025-07-17,2026-06-25,direct_only_per_ticker,SSI,0
Random_Forest,Config_A,0.5256410256410257,0.4358974358974359,0.16037735849056603,0.44541475392334795,0.4919295400943396,0.494251179245283,1d,937,234,26,2021-10-13,2025-07-16,2025-07-17,2026-06-25,direct_only_per_ticker,SSI,0
Logistic_Regression,Config_LLM,0.44017094017094016,0.4418604651162791,0.8962264150943396,0.35037192447072285,0.4756780660377359,0.4793632075471698,1d,937,234,141,2021-10-13,2025-07-16,2025-07-17,2026-06-25,direct_only_per_ticker,SSI,0
Random_Forest,Config_LLM,0.4358974358974359,0.4097222222222222,0.5566037735849056,0.4332477064220184,0.443691037735849,0.4462706367924528,1d,937,234,141,2021-10-13,2025-07-16,2025-07-17,2026-06-25,direct_only_per_ticker,SSI,0
Logistic_Regression,Config_Hybrid,0.45726495726495725,0.44502617801047123,0.8018867924528302,0.4148502569555201,0.48105837264150947,0.4868808962264151,1d,937,234,167,2021-10-13,2025-07-16,2025-07-17,2026-06-25,direct_only_per_ticker,SSI,0
Random_Forest,Config_Hybrid,0.48717948717948717,0.425531914893617,0.37735849056603776,0.47611940298507466,0.4857385023584906,0.4777417452830189,1d,937,234,167,2021-10-13,2025-07-16,2025-07-17,2026-06-25,direct_only_per_ticker,SSI,0
Logistic_Regression,Config_A,0.5879828326180258,0.7272727272727273,0.1509433962264151,0.48298816568047337,0.5719803892437973,0.5518496508691131,5d,934,233,26,2021-10-13,2025-07-11,2025-07-14,2026-06-19,direct_only_per_ticker,SSI,0
Random_Forest,Config_A,0.5879828326180258,0.5925925925925926,0.3018867924528302,0.5431372549019609,0.584199970286733,0.5643292229980686,5d,934,233,26,2021-10-13,2025-07-11,2025-07-14,2026-06-19,direct_only_per_ticker,SSI,0
Logistic_Regression,Config_LLM,0.4592274678111588,0.45689655172413796,1.0,0.3214219674556213,0.5303075323131778,0.5039370078740157,5d,934,233,141,2021-10-13,2025-07-11,2025-07-14,2026-06-19,direct_only_per_ticker,SSI,0
Random_Forest,Config_LLM,0.49356223175965663,0.4724770642201835,0.9716981132075472,0.4024082768214224,0.5436042192839103,0.5330931510919625,5d,934,233,141,2021-10-13,2025-07-11,2025-07-14,2026-06-19,direct_only_per_ticker,SSI,0
Logistic_Regression,Config_Hybrid,0.4892703862660944,0.47085201793721976,0.9905660377358491,0.3848423668271471,0.5628435596493834,0.5307160897340663,5d,934,233,167,2021-10-13,2025-07-11,2025-07-14,2026-06-19,direct_only_per_ticker,SSI,0
Random_Forest,Config_Hybrid,0.4721030042918455,0.4397163120567376,0.5849056603773585,0.47019022794076865,0.4690239191799138,0.48142920814143514,5d,934,233,167,2021-10-13,2025-07-11,2025-07-14,2026-06-19,direct_only_per_ticker,SSI,0
Logistic_Regression,Config_A,0.5431034482758621,0.8181818181818182,0.15,0.46216429008835624,0.6078869047619047,0.5571428571428572,10d,930,232,26,2021-10-13,2025-07-07,2025-07-08,2026-06-12,direct_only_per_ticker,SSI,0
Random_Forest,Config_A,0.43103448275862066,0.42105263157894735,0.26666666666666666,0.4169966494060311,0.4871279761904762,0.4369047619047619,10d,930,232,26,2021-10-13,2025-07-07,2025-07-08,2026-06-12,direct_only_per_ticker,SSI,0
Logistic_Regression,Config_LLM,0.521551724137931,0.5194805194805194,1.0,0.3507298994024658,0.5705357142857144,0.5044642857142857,10d,930,232,141,2021-10-13,2025-07-07,2025-07-08,2026-06-12,direct_only_per_ticker,SSI,0
Random_Forest,Config_LLM,0.5387931034482759,0.5294117647058824,0.975,0.40814915480533104,0.44996279761904767,0.5232142857142857,10d,930,232,141,2021-10-13,2025-07-07,2025-07-08,2026-06-12,direct_only_per_ticker,SSI,0
Logistic_Regression,Config_Hybrid,0.5560344827586207,0.5381165919282511,1.0,0.424234392694504,0.6150297619047619,0.5401785714285714,10d,930,232,167,2021-10-13,2025-07-07,2025-07-08,2026-06-12,direct_only_per_ticker,SSI,0
Random_Forest,Config_Hybrid,0.5172413793103449,0.7222222222222222,0.10833333333333334,0.4224237574464301,0.5667782738095238,0.5318452380952381,10d,930,232,167,2021-10-13,2025-07-07,2025-07-08,2026-06-12,direct_only_per_ticker,SSI,0
Logistic_Regression,Config_A,0.5652173913043478,0.7368421052631579,0.12844036697247707,0.4587725903614458,0.5617560087952082,0.5435590264614452,20d,922,230,26,2021-10-13,2025-06-25,2025-06-26,2026-05-29,direct_only_per_ticker,SSI,0
Random_Forest,Config_A,0.5130434782608696,0.4482758620689655,0.11926605504587157,0.42028985507246375,0.6090681628629919,0.4935173250435969,20d,922,230,26,2021-10-13,2025-06-25,2025-06-26,2026-05-29,direct_only_per_ticker,SSI,0
Logistic_Regression,Config_LLM,0.5130434782608696,0.4926829268292683,0.926605504587156,0.4380944071197975,0.6165744180756692,0.5335506861778755,20d,922,230,141,2021-10-13,2025-06-25,2025-06-26,2026-05-29,direct_only_per_ticker,SSI,0
Random_Forest,Config_LLM,0.45652173913043476,0.46296296296296297,0.9174311926605505,0.34472934472934474,0.41337478201531586,0.47937675335506863,20d,922,230,141,2021-10-13,2025-06-25,2025-06-26,2026-05-29,direct_only_per_ticker,SSI,0
Logistic_Regression,Config_Hybrid,0.591304347826087,0.556390977443609,0.6788990825688074,0.5901887936917127,0.6202138145424217,0.5956478883918417,20d,922,230,167,2021-10-13,2025-06-25,2025-06-26,2026-05-29,direct_only_per_ticker,SSI,0
Random_Forest,Config_Hybrid,0.5782608695652174,0.6666666666666666,0.22018348623853212,0.5115489874110564,0.5153537038441125,0.5605049662597619,20d,922,230,167,2021-10-13,2025-06-25,2025-06-26,2026-05-29,direct_only_per_ticker,SSI,0
Logistic_Regression,Config_A,0.5213675213675214,0.43137254901960786,0.20952380952380953,0.46153846153846156,0.49605020302694725,0.492358803986711,1d,937,234,26,2021-10-13,2025-07-16,2025-07-17,2026-06-25,direct_only_per_ticker,VCB,0
Random_Forest,Config_A,0.5427350427350427,0.4791666666666667,0.21904761904761905,0.48048552754435103,0.5366186784791437,0.512624584717608,1d,937,234,26,2021-10-13,2025-07-16,2025-07-17,2026-06-25,direct_only_per_ticker,VCB,0
Logistic_Regression,Config_LLM,0.5170940170940171,0.4583333333333333,0.41904761904761906,0.5072949857454301,0.5112587670727206,0.5079734219269103,1d,937,234,141,2021-10-13,2025-07-16,2025-07-17,2026-06-25,direct_only_per_ticker,VCB,0
Random_Forest,Config_LLM,0.5085470085470085,0.42424242424242425,0.26666666666666666,0.4701399964557859,0.47929125138427464,0.486046511627907,1d,937,234,141,2021-10-13,2025-07-16,2025-07-17,2026-06-25,direct_only_per_ticker,VCB,0
Logistic_Regression,Config_Hybrid,0.5128205128205128,0.4383561643835616,0.3047619047619048,0.48322355676094536,0.48918420081210784,0.49346622369878185,1d,937,234,167,2021-10-13,2025-07-16,2025-07-17,2026-06-25,direct_only_per_ticker,VCB,0
Random_Forest,Config_Hybrid,0.5598290598290598,0.5357142857142857,0.14285714285714285,0.45905061160363597,0.5390919158361018,0.5210409745293466,1d,937,234,167,2021-10-13,2025-07-16,2025-07-17,2026-06-25,direct_only_per_ticker,VCB,0
Logistic_Regression,Config_A,0.6223175965665236,0.8888888888888888,0.1568627450980392,0.5061657032755299,0.6624756772938182,0.5707977847627601,5d,934,233,26,2021-10-13,2025-07-11,2025-07-14,2026-06-19,direct_only_per_ticker,VCB,0
Random_Forest,Config_A,0.6351931330472103,0.7741935483870968,0.23529411764705882,0.5528235001919213,0.6884822631342613,0.590929501571621,5d,934,233,26,2021-10-13,2025-07-11,2025-07-14,2026-06-19,direct_only_per_ticker,VCB,0
Logistic_Regression,Config_LLM,0.6051502145922747,0.5431034482758621,0.6176470588235294,0.6035069547203314,0.6184702888789103,0.6065334530758868,5d,934,233,141,2021-10-13,2025-07-11,2025-07-14,2026-06-19,direct_only_per_ticker,VCB,0
Random_Forest,Config_LLM,0.5536480686695279,0.4878048780487805,0.39215686274509803,0.5329941412272587,0.5357730878610987,0.5357730878610987,5d,934,233,141,2021-10-13,2025-07-11,2025-07-14,2026-06-19,direct_only_per_ticker,VCB,0
Logistic_Regression,Config_Hybrid,0.6051502145922747,0.6388888888888888,0.22549019607843138,0.5264227642276422,0.6802873821284238,0.5631267774285287,5d,934,233,167,2021-10-13,2025-07-11,2025-07-14,2026-06-19,direct_only_per_ticker,VCB,0
Random_Forest,Config_Hybrid,0.6223175965665236,0.71875,0.22549019607843138,0.5391116705628485,0.6787531806615776,0.5783939530010478,5d,934,233,167,2021-10-13,2025-07-11,2025-07-14,2026-06-19,direct_only_per_ticker,VCB,0
Logistic_Regression,Config_A,0.5862068965517241,0.5,0.21875,0.5049346492397973,0.7244944852941176,0.5321691176470589,10d,930,232,26,2021-10-13,2025-07-07,2025-07-08,2026-06-12,direct_only_per_ticker,VCB,0
Random_Forest,Config_A,0.5775862068965517,0.4772727272727273,0.21875,0.49876543209876545,0.6175321691176471,0.5248161764705883,10d,930,232,26,2021-10-13,2025-07-07,2025-07-08,2026-06-12,direct_only_per_ticker,VCB,0
Logistic_Regression,Config_LLM,0.5689655172413793,0.4863013698630137,0.7395833333333334,0.568163204526841,0.6295955882352942,0.5940563725490197,10d,930,232,141,2021-10-13,2025-07-07,2025-07-08,2026-06-12,direct_only_per_ticker,VCB,0
Random_Forest,Config_LLM,0.5258620689655172,0.42391304347826086,0.40625,0.5081714461917977,0.5033700980392157,0.5082720588235294,10d,930,232,141,2021-10-13,2025-07-07,2025-07-08,2026-06-12,direct_only_per_ticker,VCB,0
Logistic_Regression,Config_Hybrid,0.6379310344827587,0.62,0.3229166666666667,0.5802532954251745,0.7541360294117647,0.5916053921568628,10d,930,232,167,2021-10-13,2025-07-07,2025-07-08,2026-06-12,direct_only_per_ticker,VCB,0
Random_Forest,Config_Hybrid,0.5775862068965517,0.4772727272727273,0.21875,0.49876543209876545,0.5574831495098038,0.5248161764705883,10d,930,232,167,2021-10-13,2025-07-07,2025-07-08,2026-06-12,direct_only_per_ticker,VCB,0
Logistic_Regression,Config_A,0.6739130434782609,0.7288135593220338,0.4215686274509804,0.6416626851409459,0.7650122549019608,0.6482843137254902,20d,922,230,26,2021-10-13,2025-06-25,2025-06-26,2026-05-29,direct_only_per_ticker,VCB,0
Random_Forest,Config_A,0.6782608695652174,0.8181818181818182,0.35294117647058826,0.6287409475612948,0.7630208333333333,0.6452205882352942,20d,922,230,26,2021-10-13,2025-06-25,2025-06-26,2026-05-29,direct_only_per_ticker,VCB,0
Logistic_Regression,Config_LLM,0.5521739130434783,0.49612403100775193,0.6274509803921569,0.5521654473619539,0.6082261029411764,0.5598192401960784,20d,922,230,141,2021-10-13,2025-06-25,2025-06-26,2026-05-29,direct_only_per_ticker,VCB,0
Random_Forest,Config_LLM,0.5260869565217391,0.4631578947368421,0.43137254901960786,0.5161259192063461,0.48678768382352944,0.5164675245098039,20d,922,230,141,2021-10-13,2025-06-25,2025-06-26,2026-05-29,direct_only_per_ticker,VCB,0
Logistic_Regression,Config_Hybrid,0.6391304347826087,0.6376811594202898,0.43137254901960786,0.6137113256035128,0.7084865196078431,0.6180300245098039,20d,922,230,167,2021-10-13,2025-06-25,2025-06-26,2026-05-29,direct_only_per_ticker,VCB,0
Random_Forest,Config_Hybrid,0.5782608695652174,0.5581395348837209,0.23529411764705882,0.5115489874110564,0.6871170343137255,0.5434283088235294,20d,922,230,167,2021-10-13,2025-06-25,2025-06-26,2026-05-29,direct_only_per_ticker,VCB,0
Logistic_Regression,Config_A,0.5042735042735043,0.46357615894039733,0.6666666666666666,0.49985259433962265,0.5367294204503507,0.5193798449612403,1d,937,234,26,2021-10-13,2025-07-16,2025-07-17,2026-06-25,direct_only_per_ticker,VNM,0
Random_Forest,Config_A,0.5256410256410257,0.4625,0.3523809523809524,0.503886925795053,0.5418973791066815,0.5095238095238095,1d,937,234,26,2021-10-13,2025-07-16,2025-07-17,2026-06-25,direct_only_per_ticker,VNM,0
Logistic_Regression,Config_LLM,0.5085470085470085,0.41935483870967744,0.24761904761904763,0.46465872242226514,0.4952380952380952,0.48427464008859356,1d,937,234,141,2021-10-13,2025-07-16,2025-07-17,2026-06-25,direct_only_per_ticker,VNM,0
Random_Forest,Config_LLM,0.5042735042735043,0.43956043956043955,0.38095238095238093,0.49084633853541415,0.47275747508305643,0.4928017718715393,1d,937,234,141,2021-10-13,2025-07-16,2025-07-17,2026-06-25,direct_only_per_ticker,VNM,0
Logistic_Regression,Config_Hybrid,0.5042735042735043,0.4444444444444444,0.41904761904761906,0.4959893048128342,0.5099298634182355,0.4963455149501661,1d,937,234,167,2021-10-13,2025-07-16,2025-07-17,2026-06-25,direct_only_per_ticker,VNM,0
Random_Forest,Config_Hybrid,0.5341880341880342,0.47297297297297297,0.3333333333333333,0.5069494113780905,0.5448874123292727,0.5155038759689923,1d,937,234,167,2021-10-13,2025-07-16,2025-07-17,2026-06-25,direct_only_per_ticker,VNM,0
Logistic_Regression,Config_A,0.5364806866952789,0.4810126582278481,0.7450980392156863,0.5301717699775952,0.6359077982337974,0.559571920371202,5d,934,233,26,2021-10-13,2025-07-11,2025-07-14,2026-06-19,direct_only_per_ticker,VNM,0
Random_Forest,Config_A,0.5708154506437768,0.509090909090909,0.5490196078431373,0.5673005496954391,0.6041760215536597,0.568402933692561,5d,934,233,26,2021-10-13,2025-07-11,2025-07-14,2026-06-19,direct_only_per_ticker,VNM,0
Logistic_Regression,Config_LLM,0.4678111587982833,0.4083333333333333,0.4803921568627451,0.46662236006498303,0.4532255650351743,0.4692037120191588,5d,934,233,141,2021-10-13,2025-07-11,2025-07-14,2026-06-19,direct_only_per_ticker,VNM,0
Random_Forest,Config_LLM,0.5364806866952789,0.4583333333333333,0.3235294117647059,0.504723665564478,0.5362221224367609,0.5129097440502919,5d,934,233,141,2021-10-13,2025-07-11,2025-07-14,2026-06-19,direct_only_per_ticker,VNM,0
Logistic_Regression,Config_Hybrid,0.5708154506437768,0.5098039215686274,0.5098039215686274,0.5640622661278252,0.5645113007034875,0.5640622661278252,5d,934,233,167,2021-10-13,2025-07-11,2025-07-14,2026-06-19,direct_only_per_ticker,VNM,0
Random_Forest,Config_Hybrid,0.5622317596566524,0.5,0.3235294117647059,0.525287631831256,0.5269794940877114,0.5358105074090705,5d,934,233,167,2021-10-13,2025-07-11,2025-07-14,2026-06-19,direct_only_per_ticker,VNM,0
Logistic_Regression,Config_A,0.5948275862068966,0.5704225352112676,0.7105263157894737,0.5904447115384616,0.6236990782039844,0.5967885816235504,10d,930,232,26,2021-10-13,2025-07-07,2025-07-08,2026-06-12,direct_only_per_ticker,VNM,0
Random_Forest,Config_A,0.5603448275862069,0.5588235294117647,0.5,0.5582437275985663,0.6135518881950639,0.5593220338983051,10d,930,232,26,2021-10-13,2025-07-07,2025-07-08,2026-06-12,direct_only_per_ticker,VNM,0
Logistic_Regression,Config_LLM,0.4224137931034483,0.4019607843137255,0.35964912280701755,0.41965352449223414,0.40804341361879276,0.42134998513232236,10d,930,232,141,2021-10-13,2025-07-07,2025-07-08,2026-06-12,direct_only_per_ticker,VNM,0
Random_Forest,Config_LLM,0.5560344827586207,0.5846153846153846,0.3333333333333333,0.5315887484073312,0.540700267618198,0.5522598870056498,10d,930,232,141,2021-10-13,2025-07-07,2025-07-08,2026-06-12,direct_only_per_ticker,VNM,0
Logistic_Regression,Config_Hybrid,0.5603448275862069,0.5588235294117647,0.5,0.5582437275985663,0.5469075230449003,0.5593220338983051,10d,930,232,167,2021-10-13,2025-07-07,2025-07-08,2026-06-12,direct_only_per_ticker,VNM,0
Random_Forest,Config_Hybrid,0.5086206896551724,0.5,0.2894736842105263,0.4826291079812206,0.546461492714838,0.5049063336306869,10d,930,232,167,2021-10-13,2025-07-07,2025-07-08,2026-06-12,direct_only_per_ticker,VNM,0
Logistic_Regression,Config_A,0.6434782608695652,0.5844155844155844,0.8333333333333334,0.6364407433109723,0.7086369156041287,0.6543715846994536,20d,922,230,26,2021-10-13,2025-06-25,2025-06-26,2026-05-29,direct_only_per_ticker,VNM,0
Random_Forest,Config_A,0.6260869565217392,0.5964912280701754,0.6296296296296297,0.6256340373987432,0.6955069823922283,0.6262902246508804,20d,922,230,26,2021-10-13,2025-06-25,2025-06-26,2026-05-29,direct_only_per_ticker,VNM,0
Logistic_Regression,Config_LLM,0.43043478260869567,0.41843971631205673,0.5462962962962963,0.42652125088029846,0.41332726168791745,0.4370825743776563,20d,922,230,141,2021-10-13,2025-06-25,2025-06-26,2026-05-29,direct_only_per_ticker,VNM,0
Random_Forest,Config_LLM,0.4652173913043478,0.3972602739726027,0.26851851851851855,0.4397908869482564,0.4337431693989071,0.4539313904068003,20d,922,230,141,2021-10-13,2025-06-25,2025-06-26,2026-05-29,direct_only_per_ticker,VNM,0
Logistic_Regression,Config_Hybrid,0.6391304347826087,0.6033057851239669,0.6759259259259259,0.6391236129227396,0.657103825136612,0.6412416514875532,20d,922,230,167,2021-10-13,2025-06-25,2025-06-26,2026-05-29,direct_only_per_ticker,VNM,0
Random_Forest,Config_Hybrid,0.5608695652173913,0.5384615384615384,0.4537037037037037,0.5527445657405803,0.607164541590771,0.5547207043108682,20d,922,230,167,2021-10-13,2025-06-25,2025-06-26,2026-05-29,direct_only_per_ticker,VNM,0
Logistic_Regression,Config_A,0.5555555555555556,0.4700854700854701,0.5670103092783505,0.5522849363455735,0.589284370532019,0.5572277823764016,1d,937,234,26,2021-10-13,2025-07-16,2025-07-17,2026-06-25,material_events_only_per_ticker,FPT,0
Random_Forest,Config_A,0.4829059829059829,0.42,0.6494845360824743,0.48130507263634204,0.5231018135299872,0.5072240198660547,1d,937,234,26,2021-10-13,2025-07-16,2025-07-17,2026-06-25,material_events_only_per_ticker,FPT,0
Logistic_Regression,Config_LLM,0.44871794871794873,0.4111111111111111,0.7628865979381443,0.4294516793618992,0.4622243961170893,0.49458198510045903,1d,937,234,141,2021-10-13,2025-07-16,2025-07-17,2026-06-25,material_events_only_per_ticker,FPT,0
Random_Forest,Config_LLM,0.5213675213675214,0.4409448818897638,0.5773195876288659,0.5204918032786885,0.5334110918805026,0.5295357062231921,1d,937,234,141,2021-10-13,2025-07-16,2025-07-17,2026-06-25,material_events_only_per_ticker,FPT,0
Logistic_Regression,Config_Hybrid,0.47863247863247865,0.40875912408759124,0.5773195876288659,0.47863247863247865,0.54014598540146,0.49303935585822856,1d,937,234,167,2021-10-13,2025-07-16,2025-07-17,2026-06-25,material_events_only_per_ticker,FPT,0
Random_Forest,Config_Hybrid,0.4829059829059829,0.42771084337349397,0.7319587628865979,0.47484002596679953,0.506546768003612,0.5192640529761456,1d,937,234,167,2021-10-13,2025-07-16,2025-07-17,2026-06-25,material_events_only_per_ticker,FPT,0
Logistic_Regression,Config_A,0.5407725321888412,0.27906976744186046,0.13636363636363635,0.4319015608978011,0.4960815047021944,0.46128526645768025,5d,934,233,26,2021-10-13,2025-07-11,2025-07-14,2026-06-19,material_events_only_per_ticker,FPT,0
Random_Forest,Config_A,0.4034334763948498,0.3835616438356164,0.9545454545454546,0.3365087169401594,0.5301724137931034,0.5117554858934169,5d,934,233,26,2021-10-13,2025-07-11,2025-07-14,2026-06-19,material_events_only_per_ticker,FPT,0
Logistic_Regression,Config_LLM,0.44635193133047213,0.29292929292929293,0.32954545454545453,0.4238974182048186,0.42417711598746083,0.42339341692789967,5d,934,233,141,2021-10-13,2025-07-11,2025-07-14,2026-06-19,material_events_only_per_ticker,FPT,0
Random_Forest,Config_LLM,0.44206008583690987,0.36,0.6136363636363636,0.44180303700427537,0.41148119122257054,0.47578369905956114,5d,934,233,141,2021-10-13,2025-07-11,2025-07-14,2026-06-19,material_events_only_per_ticker,FPT,0
Logistic_Regression,Config_Hybrid,0.41630901287553645,0.27358490566037735,0.32954545454545453,0.39948453608247425,0.38746081504702196,0.3992554858934169,5d,934,233,167,2021-10-13,2025-07-11,2025-07-14,2026-06-19,material_events_only_per_ticker,FPT,0
Random_Forest,Config_Hybrid,0.4291845493562232,0.3902439024390244,0.9090909090909091,0.388644479078301,0.4697884012539186,0.5235109717868338,5d,934,233,167,2021-10-13,2025-07-11,2025-07-14,2026-06-19,material_events_only_per_ticker,FPT,0
Logistic_Regression,Config_A,0.6077586206896551,0.4166666666666667,0.30864197530864196,0.5364380914739916,0.5132859128444117,0.5384269479192216,10d,930,232,26,2021-10-13,2025-07-07,2025-07-08,2026-06-12,material_events_only_per_ticker,FPT,0
Random_Forest,Config_A,0.3922413793103448,0.3598130841121495,0.9506172839506173,0.3438571858389329,0.6774180361376829,0.5216662578693484,10d,930,232,26,2021-10-13,2025-07-07,2025-07-08,2026-06-12,material_events_only_per_ticker,FPT,0
Logistic_Regression,Config_LLM,0.40086206896551724,0.22115384615384615,0.2839506172839506,0.37522038167199456,0.42796991251737393,0.37376338811217397,10d,930,232,141,2021-10-13,2025-07-07,2025-07-08,2026-06-12,material_events_only_per_ticker,FPT,0
Random_Forest,Config_LLM,0.3706896551724138,0.27586206896551724,0.49382716049382713,0.37026846136684766,0.36313465783664456,0.39923146104161555,10d,930,232,141,2021-10-13,2025-07-07,2025-07-08,2026-06-12,material_events_only_per_ticker,FPT,0
Logistic_Regression,Config_Hybrid,0.41379310344827586,0.2608695652173913,0.37037037037037035,0.3993298812062138,0.3673452702150274,0.4037282315428011,10d,930,232,167,2021-10-13,2025-07-07,2025-07-08,2026-06-12,material_events_only_per_ticker,FPT,0
Random_Forest,Config_Hybrid,0.375,0.35185185185185186,0.9382716049382716,0.3217605193653098,0.46839996729621447,0.5055596435287384,10d,930,232,167,2021-10-13,2025-07-07,2025-07-08,2026-06-12,material_events_only_per_ticker,FPT,0
Logistic_Regression,Config_A,0.49130434782608695,0.359375,0.5679012345679012,0.487027964696239,0.4978042919877372,0.5087828320490513,20d,922,230,26,2021-10-13,2025-06-25,2025-06-26,2026-05-29,material_events_only_per_ticker,FPT,0
Random_Forest,Config_A,0.3695652173913043,0.3584070796460177,1.0,0.2899874390581423,0.7317921948794432,0.5134228187919463,20d,922,230,26,2021-10-13,2025-06-25,2025-06-26,2026-05-29,material_events_only_per_ticker,FPT,0
Logistic_Regression,Config_LLM,0.40869565217391307,0.2222222222222222,0.2716049382716049,0.37936507936507935,0.4291159168116663,0.37741320739083606,20d,922,230,141,2021-10-13,2025-06-25,2025-06-26,2026-05-29,material_events_only_per_ticker,FPT,0
Random_Forest,Config_LLM,0.3217391304347826,0.21374045801526717,0.345679012345679,0.31755934266585517,0.2528792774877786,0.32720192228022205,20d,922,230,141,2021-10-13,2025-06-25,2025-06-26,2026-05-29,material_events_only_per_ticker,FPT,0
Logistic_Regression,Config_Hybrid,0.34347826086956523,0.19298245614035087,0.2716049382716049,0.3279148524431543,0.3267047808434833,0.32707763692103736,20d,922,230,167,2021-10-13,2025-06-25,2025-06-26,2026-05-29,material_events_only_per_ticker,FPT,0
Random_Forest,Config_Hybrid,0.36086956521739133,0.35526315789473684,1.0,0.2753809554426799,0.3381804623415362,0.5067114093959731,20d,922,230,167,2021-10-13,2025-06-25,2025-06-26,2026-05-29,material_events_only_per_ticker,FPT,0
Logistic_Regression,Config_A,0.5854700854700855,0.5405405405405406,0.2,0.49945972170154584,0.5763432835820895,0.5365671641791044,1d,937,234,26,2021-10-13,2025-07-16,2025-07-17,2026-06-25,material_events_only_per_ticker,HPG,0
Random_Forest,Config_A,0.5897435897435898,0.5833333333333334,0.14,0.47336834208552137,0.571044776119403,0.5326865671641792,1d,937,234,26,2021-10-13,2025-07-16,2025-07-17,2026-06-25,material_events_only_per_ticker,HPG,0
Logistic_Regression,Config_LLM,0.4358974358974359,0.4215686274509804,0.86,0.3804557124518614,0.516641791044776,0.48970149253731343,1d,937,234,141,2021-10-13,2025-07-16,2025-07-17,2026-06-25,material_events_only_per_ticker,HPG,0
Random_Forest,Config_LLM,0.46153846153846156,0.3673469387755102,0.36,0.4484848484848485,0.47708955223880595,0.44865671641791044,1d,937,234,141,2021-10-13,2025-07-16,2025-07-17,2026-06-25,material_events_only_per_ticker,HPG,0
Logistic_Regression,Config_Hybrid,0.5769230769230769,0.5070422535211268,0.36,0.5438596491228069,0.5500746268656715,0.5494029850746269,1d,937,234,167,2021-10-13,2025-07-16,2025-07-17,2026-06-25,material_events_only_per_ticker,HPG,0
Random_Forest,Config_Hybrid,0.5854700854700855,0.5348837209302325,0.23,0.5116083916083916,0.5911940298507461,0.5403731343283582,1d,937,234,167,2021-10-13,2025-07-16,2025-07-17,2026-06-25,material_events_only_per_ticker,HPG,0
Logistic_Regression,Config_A,0.5793991416309013,0.0,0.0,0.36684782608695654,0.5888133030990175,0.5,5d,934,233,26,2021-10-13,2025-07-11,2025-07-14,2026-06-19,material_events_only_per_ticker,HPG,0
Random_Forest,Config_A,0.6051502145922747,0.5681818181818182,0.25510204081632654,0.5340810293861937,0.6378684807256236,0.5571806500377929,5d,934,233,26,2021-10-13,2025-07-11,2025-07-14,2026-06-19,material_events_only_per_ticker,HPG,0
Logistic_Regression,Config_LLM,0.5665236051502146,0.4838709677419355,0.45918367346938777,0.5519657306044741,0.5379062736205593,0.5518140589569162,5d,934,233,141,2021-10-13,2025-07-11,2025-07-14,2026-06-19,material_events_only_per_ticker,HPG,0
Random_Forest,Config_LLM,0.5407725321888412,0.4676258992805755,0.6632653061224489,0.5406371492270559,0.577286470143613,0.5575585789871504,5d,934,233,141,2021-10-13,2025-07-11,2025-07-14,2026-06-19,material_events_only_per_ticker,HPG,0
Logistic_Regression,Config_Hybrid,0.5708154506437768,0.47058823529411764,0.16326530612244897,0.471511522409726,0.6445956160241874,0.5149659863945578,5d,934,233,167,2021-10-13,2025-07-11,2025-07-14,2026-06-19,material_events_only_per_ticker,HPG,0
Random_Forest,Config_Hybrid,0.6523605150214592,0.639344262295082,0.3979591836734694,0.61336119476369,0.6529856386999244,0.6174981103552533,5d,934,233,167,2021-10-13,2025-07-11,2025-07-14,2026-06-19,material_events_only_per_ticker,HPG,0
Logistic_Regression,Config_A,0.5474137931034483,0.0,0.0,0.35376044568245124,0.5201349831271092,0.5,10d,930,232,26,2021-10-13,2025-07-07,2025-07-08,2026-06-12,material_events_only_per_ticker,HPG,0
Random_Forest,Config_A,0.5646551724137931,1.0,0.0380952380952381,0.3944437265796615,0.6782527184101986,0.5190476190476191,10d,930,232,26,2021-10-13,2025-07-07,2025-07-08,2026-06-12,material_events_only_per_ticker,HPG,0
Logistic_Regression,Config_LLM,0.5646551724137931,0.53125,0.3238095238095238,0.5299969912746966,0.5835020622422198,0.5437945256842894,10d,930,232,141,2021-10-13,2025-07-07,2025-07-08,2026-06-12,material_events_only_per_ticker,HPG,0
Random_Forest,Config_LLM,0.521551724137931,0.47580645161290325,0.5619047619047619,0.5214717086314224,0.5564679415073116,0.5250468691413573,10d,930,232,141,2021-10-13,2025-07-07,2025-07-08,2026-06-12,material_events_only_per_ticker,HPG,0
Logistic_Regression,Config_Hybrid,0.5732758620689655,0.5652173913043478,0.24761904761904763,0.5140384656073461,0.5169853768278965,0.5450693663292088,10d,930,232,167,2021-10-13,2025-07-07,2025-07-08,2026-06-12,material_events_only_per_ticker,HPG,0
Random_Forest,Config_Hybrid,0.6077586206896551,0.85,0.1619047619047619,0.5017817109144542,0.582339707536558,0.5691413573303338,10d,930,232,167,2021-10-13,2025-07-07,2025-07-08,2026-06-12,material_events_only_per_ticker,HPG,0
Logistic_Regression,Config_A,0.5,0.0,0.0,0.3333333333333333,0.4626086956521739,0.5,20d,922,230,26,2021-10-13,2025-06-25,2025-06-26,2026-05-29,material_events_only_per_ticker,HPG,0
Random_Forest,Config_A,0.5478260869565217,0.9230769230769231,0.10434782608695652,0.4371234939759036,0.6225330812854442,0.5478260869565218,20d,922,230,26,2021-10-13,2025-06-25,2025-06-26,2026-05-29,material_events_only_per_ticker,HPG,0
Logistic_Regression,Config_LLM,0.4826086956521739,0.4895833333333333,0.8173913043478261,0.41730003619254435,0.5038941398865785,0.48260869565217396,20d,922,230,141,2021-10-13,2025-06-25,2025-06-26,2026-05-29,material_events_only_per_ticker,HPG,0
Random_Forest,Config_LLM,0.4826086956521739,0.4782608695652174,0.3826086956521739,0.47738252086078176,0.5240453686200377,0.4826086956521739,20d,922,230,141,2021-10-13,2025-06-25,2025-06-26,2026-05-29,material_events_only_per_ticker,HPG,0
Logistic_Regression,Config_Hybrid,0.5043478260869565,0.5066666666666667,0.33043478260869563,0.4888888888888889,0.4798487712665407,0.5043478260869565,20d,922,230,167,2021-10-13,2025-06-25,2025-06-26,2026-05-29,material_events_only_per_ticker,HPG,0
Random_Forest,Config_Hybrid,0.6,0.96,0.20869565217391303,0.5276785714285714,0.6240831758034027,0.6,20d,922,230,167,2021-10-13,2025-06-25,2025-06-26,2026-05-29,material_events_only_per_ticker,HPG,0
Logistic_Regression,Config_A,0.5512820512820513,0.5087719298245614,0.27358490566037735,0.5057829628884642,0.5502653301886793,0.5274174528301887,1d,937,234,26,2021-10-13,2025-07-16,2025-07-17,2026-06-25,material_events_only_per_ticker,SSI,0
Random_Forest,Config_A,0.5256410256410257,0.4358974358974359,0.16037735849056603,0.44541475392334795,0.4919295400943396,0.494251179245283,1d,937,234,26,2021-10-13,2025-07-16,2025-07-17,2026-06-25,material_events_only_per_ticker,SSI,0
Logistic_Regression,Config_LLM,0.49145299145299143,0.43434343434343436,0.4056603773584906,0.48352035611610866,0.4840801886792453,0.4840801886792453,1d,937,234,141,2021-10-13,2025-07-16,2025-07-17,2026-06-25,material_events_only_per_ticker,SSI,0
Random_Forest,Config_LLM,0.5,0.44660194174757284,0.4339622641509434,0.4942269679111785,0.47449882075471694,0.4943248820754717,1d,937,234,141,2021-10-13,2025-07-16,2025-07-17,2026-06-25,material_events_only_per_ticker,SSI,0
Logistic_Regression,Config_Hybrid,0.49572649572649574,0.4189189189189189,0.29245283018867924,0.4673611111111111,0.4969044811320754,0.47825766509433965,1d,937,234,167,2021-10-13,2025-07-16,2025-07-17,2026-06-25,material_events_only_per_ticker,SSI,0
Random_Forest,Config_Hybrid,0.5512820512820513,0.5142857142857142,0.16981132075471697,0.4671091157524888,0.5038325471698113,0.5184994103773585,1d,937,234,167,2021-10-13,2025-07-16,2025-07-17,2026-06-25,material_events_only_per_ticker,SSI,0
Logistic_Regression,Config_A,0.5879828326180258,0.7272727272727273,0.1509433962264151,0.48298816568047337,0.5719803892437973,0.5518496508691131,5d,934,233,26,2021-10-13,2025-07-11,2025-07-14,2026-06-19,material_events_only_per_ticker,SSI,0
Random_Forest,Config_A,0.5879828326180258,0.5925925925925926,0.3018867924528302,0.5431372549019609,0.584199970286733,0.5643292229980686,5d,934,233,26,2021-10-13,2025-07-11,2025-07-14,2026-06-19,material_events_only_per_ticker,SSI,0
Logistic_Regression,Config_LLM,0.5236051502145923,0.46987951807228917,0.36792452830188677,0.5059881955188814,0.5385158223146634,0.5107339176942505,5d,934,233,141,2021-10-13,2025-07-11,2025-07-14,2026-06-19,material_events_only_per_ticker,SSI,0
Random_Forest,Config_LLM,0.48497854077253216,0.4426229508196721,0.5094339622641509,0.4847412649270234,0.5141138018125092,0.4870004456990046,5d,934,233,141,2021-10-13,2025-07-11,2025-07-14,2026-06-19,material_events_only_per_ticker,SSI,0
Logistic_Regression,Config_Hybrid,0.5665236051502146,0.6923076923076923,0.08490566037735849,0.4300971108904657,0.591665428613876,0.5267047986926162,5d,934,233,167,2021-10-13,2025-07-11,2025-07-14,2026-06-19,material_events_only_per_ticker,SSI,0
Random_Forest,Config_Hybrid,0.575107296137339,0.5636363636363636,0.29245283018867924,0.5302515018837186,0.5583865696033278,0.5517382261179616,5d,934,233,167,2021-10-13,2025-07-11,2025-07-14,2026-06-19,material_events_only_per_ticker,SSI,0
Logistic_Regression,Config_A,0.5431034482758621,0.8181818181818182,0.15,0.46216429008835624,0.6078869047619047,0.5571428571428572,10d,930,232,26,2021-10-13,2025-07-07,2025-07-08,2026-06-12,material_events_only_per_ticker,SSI,0
Random_Forest,Config_A,0.43103448275862066,0.42105263157894735,0.26666666666666666,0.4169966494060311,0.4871279761904762,0.4369047619047619,10d,930,232,26,2021-10-13,2025-07-07,2025-07-08,2026-06-12,material_events_only_per_ticker,SSI,0
Logistic_Regression,Config_LLM,0.5,0.5285714285714286,0.30833333333333335,0.4830580099884748,0.5266369047619047,0.5068452380952382,10d,930,232,141,2021-10-13,2025-07-07,2025-07-08,2026-06-12,material_events_only_per_ticker,SSI,0
Random_Forest,Config_LLM,0.5258620689655172,0.5357142857142857,0.625,0.5188536953242835,0.5818452380952381,0.5223214285714286,10d,930,232,141,2021-10-13,2025-07-07,2025-07-08,2026-06-12,material_events_only_per_ticker,SSI,0
Logistic_Regression,Config_Hybrid,0.5172413793103449,0.8333333333333334,0.08333333333333333,0.40708287696239503,0.5742559523809524,0.5327380952380952,10d,930,232,167,2021-10-13,2025-07-07,2025-07-08,2026-06-12,material_events_only_per_ticker,SSI,0
Random_Forest,Config_Hybrid,0.5905172413793104,0.6865671641791045,0.38333333333333336,0.5745091604085021,0.5835193452380953,0.5979166666666667,10d,930,232,167,2021-10-13,2025-07-07,2025-07-08,2026-06-12,material_events_only_per_ticker,SSI,0
Logistic_Regression,Config_A,0.5652173913043478,0.7368421052631579,0.12844036697247707,0.4587725903614458,0.5617560087952082,0.5435590264614452,20d,922,230,26,2021-10-13,2025-06-25,2025-06-26,2026-05-29,material_events_only_per_ticker,SSI,0
Random_Forest,Config_A,0.5130434782608696,0.4482758620689655,0.11926605504587157,0.42028985507246375,0.6090681628629919,0.4935173250435969,20d,922,230,26,2021-10-13,2025-06-25,2025-06-26,2026-05-29,material_events_only_per_ticker,SSI,0
Logistic_Regression,Config_LLM,0.5391304347826087,0.5238095238095238,0.30275229357798167,0.5078326873385013,0.5761998635226325,0.5274092046402306,20d,922,230,141,2021-10-13,2025-06-25,2025-06-26,2026-05-29,material_events_only_per_ticker,SSI,0
Random_Forest,Config_LLM,0.5478260869565217,0.5196850393700787,0.6055045871559633,0.5475181598062954,0.5717643490787778,0.5506861778755023,20d,922,230,141,2021-10-13,2025-06-25,2025-06-26,2026-05-29,material_events_only_per_ticker,SSI,0
Logistic_Regression,Config_Hybrid,0.5826086956521739,1.0,0.11926605504587157,0.4645455427296537,0.536583516566836,0.5596330275229358,20d,922,230,167,2021-10-13,2025-06-25,2025-06-26,2026-05-29,material_events_only_per_ticker,SSI,0
Random_Forest,Config_Hybrid,0.5521739130434783,0.6363636363636364,0.12844036697247707,0.4503352746003388,0.5957995299112897,0.5311623322465691,20d,922,230,167,2021-10-13,2025-06-25,2025-06-26,2026-05-29,material_events_only_per_ticker,SSI,0
Logistic_Regression,Config_A,0.5213675213675214,0.43137254901960786,0.20952380952380953,0.46153846153846156,0.49605020302694725,0.492358803986711,1d,937,234,26,2021-10-13,2025-07-16,2025-07-17,2026-06-25,material_events_only_per_ticker,VCB,0
Random_Forest,Config_A,0.5427350427350427,0.4791666666666667,0.21904761904761905,0.48048552754435103,0.5366186784791437,0.512624584717608,1d,937,234,26,2021-10-13,2025-07-16,2025-07-17,2026-06-25,material_events_only_per_ticker,VCB,0
Logistic_Regression,Config_LLM,0.5384615384615384,0.4666666666666667,0.2,0.470188679245283,0.498375784422296,0.5069767441860465,1d,937,234,141,2021-10-13,2025-07-16,2025-07-17,2026-06-25,material_events_only_per_ticker,VCB,0
Random_Forest,Config_LLM,0.5042735042735043,0.44554455445544555,0.42857142857142855,0.49707255614022083,0.4925433739387228,0.4972314507198228,1d,937,234,141,2021-10-13,2025-07-16,2025-07-17,2026-06-25,material_events_only_per_ticker,VCB,0
Logistic_Regression,Config_Hybrid,0.4829059829059829,0.3620689655172414,0.2,0.430473700090516,0.46474713916574384,0.45658914728682176,1d,937,234,167,2021-10-13,2025-07-16,2025-07-17,2026-06-25,material_events_only_per_ticker,VCB,0
Random_Forest,Config_Hybrid,0.5512820512820513,0.5,0.29523809523809524,0.5112101378638073,0.4963455149501661,0.5274640088593577,1d,937,234,167,2021-10-13,2025-07-16,2025-07-17,2026-06-25,material_events_only_per_ticker,VCB,0
Logistic_Regression,Config_A,0.6223175965665236,0.8888888888888888,0.1568627450980392,0.5061657032755299,0.6624756772938182,0.5707977847627601,5d,934,233,26,2021-10-13,2025-07-11,2025-07-14,2026-06-19,material_events_only_per_ticker,VCB,0
Random_Forest,Config_A,0.6351931330472103,0.7741935483870968,0.23529411764705882,0.5528235001919213,0.6884822631342613,0.590929501571621,5d,934,233,26,2021-10-13,2025-07-11,2025-07-14,2026-06-19,material_events_only_per_ticker,VCB,0
Logistic_Regression,Config_LLM,0.4978540772532189,0.4409448818897638,0.5490196078431373,0.49770604167818255,0.4541984732824428,0.503517437509355,5d,934,233,141,2021-10-13,2025-07-11,2025-07-14,2026-06-19,material_events_only_per_ticker,VCB,0
Random_Forest,Config_LLM,0.5107296137339056,0.4166666666666667,0.29411764705882354,0.4772083136513935,0.49524771740757373,0.48675348001796137,5d,934,233,141,2021-10-13,2025-07-11,2025-07-14,2026-06-19,material_events_only_per_ticker,VCB,0
Logistic_Regression,Config_Hybrid,0.5321888412017167,0.29411764705882354,0.049019607843137254,0.38495628799070064,0.5886094895973656,0.4787082772040114,5d,934,233,167,2021-10-13,2025-07-11,2025-07-14,2026-06-19,material_events_only_per_ticker,VCB,0
Random_Forest,Config_Hybrid,0.6180257510729614,0.8823529411764706,0.14705882352941177,0.49780834524011336,0.6425310582248166,0.5658958239784463,5d,934,233,167,2021-10-13,2025-07-11,2025-07-14,2026-06-19,material_events_only_per_ticker,VCB,0
Logistic_Regression,Config_A,0.5862068965517241,0.5,0.21875,0.5049346492397973,0.7244944852941176,0.5321691176470589,10d,930,232,26,2021-10-13,2025-07-07,2025-07-08,2026-06-12,material_events_only_per_ticker,VCB,0
Random_Forest,Config_A,0.5775862068965517,0.4772727272727273,0.21875,0.49876543209876545,0.6175321691176471,0.5248161764705883,10d,930,232,26,2021-10-13,2025-07-07,2025-07-08,2026-06-12,material_events_only_per_ticker,VCB,0
Logistic_Regression,Config_LLM,0.5129310344827587,0.4297520661157025,0.5416666666666666,0.5108863971342749,0.5193397671568627,0.517156862745098,10d,930,232,141,2021-10-13,2025-07-07,2025-07-08,2026-06-12,material_events_only_per_ticker,VCB,0
Random_Forest,Config_LLM,0.5474137931034483,0.4536082474226804,0.4583333333333333,0.5342523373420263,0.5209482230392157,0.5343137254901961,10d,930,232,141,2021-10-13,2025-07-07,2025-07-08,2026-06-12,material_events_only_per_ticker,VCB,0
Logistic_Regression,Config_Hybrid,0.5775862068965517,0.4722222222222222,0.17708333333333334,0.48119751734209565,0.6615349264705882,0.5186887254901961,10d,930,232,167,2021-10-13,2025-07-07,2025-07-08,2026-06-12,material_events_only_per_ticker,VCB,0
Random_Forest,Config_Hybrid,0.625,0.6363636363636364,0.21875,0.5329399514057619,0.5299862132352942,0.5652573529411764,10d,930,232,167,2021-10-13,2025-07-07,2025-07-08,2026-06-12,material_events_only_per_ticker,VCB,0
Logistic_Regression,Config_A,0.6739130434782609,0.7288135593220338,0.4215686274509804,0.6416626851409459,0.7650122549019608,0.6482843137254902,20d,922,230,26,2021-10-13,2025-06-25,2025-06-26,2026-05-29,material_events_only_per_ticker,VCB,0
Random_Forest,Config_A,0.6782608695652174,0.8181818181818182,0.35294117647058826,0.6287409475612948,0.7630208333333333,0.6452205882352942,20d,922,230,26,2021-10-13,2025-06-25,2025-06-26,2026-05-29,material_events_only_per_ticker,VCB,0
Logistic_Regression,Config_LLM,0.5043478260869565,0.4583333333333333,0.6470588235294118,0.5019375427399134,0.4553844975490196,0.5188419117647058,20d,922,230,141,2021-10-13,2025-06-25,2025-06-26,2026-05-29,material_events_only_per_ticker,VCB,0
Random_Forest,Config_LLM,0.46956521739130436,0.3780487804878049,0.30392156862745096,0.447463768115942,0.41804534313725483,0.4527420343137255,20d,922,230,141,2021-10-13,2025-06-25,2025-06-26,2026-05-29,material_events_only_per_ticker,VCB,0
Logistic_Regression,Config_Hybrid,0.6260869565217392,0.66,0.3235294117647059,0.5774948735475052,0.6678155637254902,0.5953584558823529,20d,922,230,167,2021-10-13,2025-06-25,2025-06-26,2026-05-29,material_events_only_per_ticker,VCB,0
Random_Forest,Config_Hybrid,0.6565217391304348,0.7446808510638298,0.3431372549019608,0.6078896825568096,0.6995634191176472,0.6246936274509804,20d,922,230,167,2021-10-13,2025-06-25,2025-06-26,2026-05-29,material_events_only_per_ticker,VCB,0
Logistic_Regression,Config_A,0.5042735042735043,0.46357615894039733,0.6666666666666666,0.49985259433962265,0.5367294204503507,0.5193798449612403,1d,937,234,26,2021-10-13,2025-07-16,2025-07-17,2026-06-25,material_events_only_per_ticker,VNM,0
Random_Forest,Config_A,0.5256410256410257,0.4625,0.3523809523809524,0.503886925795053,0.5418973791066815,0.5095238095238095,1d,937,234,26,2021-10-13,2025-07-16,2025-07-17,2026-06-25,material_events_only_per_ticker,VNM,0
Logistic_Regression,Config_LLM,0.4358974358974359,0.42702702702702705,0.7523809523809524,0.40162727624951566,0.4664082687338501,0.4653377630121816,1d,937,234,141,2021-10-13,2025-07-16,2025-07-17,2026-06-25,material_events_only_per_ticker,VNM,0
Random_Forest,Config_LLM,0.46153846153846156,0.40707964601769914,0.4380952380952381,0.4590091743119266,0.4715393133997785,0.4593576965669989,1d,937,234,141,2021-10-13,2025-07-16,2025-07-17,2026-06-25,material_events_only_per_ticker,VNM,0
Logistic_Regression,Config_Hybrid,0.49572649572649574,0.4496124031007752,0.5523809523809524,0.49572649572649574,0.49737910668143226,0.5009966777408639,1d,937,234,167,2021-10-13,2025-07-16,2025-07-17,2026-06-25,material_events_only_per_ticker,VNM,0
Random_Forest,Config_Hybrid,0.5641025641025641,0.52,0.37142857142857144,0.5395833333333333,0.543078626799557,0.5461794019933555,1d,937,234,167,2021-10-13,2025-07-16,2025-07-17,2026-06-25,material_events_only_per_ticker,VNM,0
Logistic_Regression,Config_A,0.5364806866952789,0.4810126582278481,0.7450980392156863,0.5301717699775952,0.6359077982337974,0.559571920371202,5d,934,233,26,2021-10-13,2025-07-11,2025-07-14,2026-06-19,material_events_only_per_ticker,VNM,0
Random_Forest,Config_A,0.5708154506437768,0.509090909090909,0.5490196078431373,0.5673005496954391,0.6041760215536597,0.568402933692561,5d,934,233,26,2021-10-13,2025-07-11,2025-07-14,2026-06-19,material_events_only_per_ticker,VNM,0
Logistic_Regression,Config_LLM,0.41201716738197425,0.3988439306358382,0.6764705882352942,0.39227034745359357,0.5117497380631643,0.4412887292321509,5d,934,233,141,2021-10-13,2025-07-11,2025-07-14,2026-06-19,material_events_only_per_ticker,VNM,0
Random_Forest,Config_LLM,0.4248927038626609,0.38405797101449274,0.5196078431372549,0.42437315634218287,0.42718155964675947,0.43537644065259695,5d,934,233,141,2021-10-13,2025-07-11,2025-07-14,2026-06-19,material_events_only_per_ticker,VNM,0
Logistic_Regression,Config_Hybrid,0.5622317596566524,0.5,0.6078431372549019,0.5618362831858407,0.5490944469390809,0.5672803472534051,5d,934,233,167,2021-10-13,2025-07-11,2025-07-14,2026-06-19,material_events_only_per_ticker,VNM,0
Random_Forest,Config_Hybrid,0.5836909871244635,0.5233644859813084,0.5490196078431373,0.5792266304246645,0.6008456817841641,0.5798533153719503,5d,934,233,167,2021-10-13,2025-07-11,2025-07-14,2026-06-19,material_events_only_per_ticker,VNM,0
Logistic_Regression,Config_A,0.5948275862068966,0.5704225352112676,0.7105263157894737,0.5904447115384616,0.6236990782039844,0.5967885816235504,10d,930,232,26,2021-10-13,2025-07-07,2025-07-08,2026-06-12,material_events_only_per_ticker,VNM,0
Random_Forest,Config_A,0.5603448275862069,0.5588235294117647,0.5,0.5582437275985663,0.6135518881950639,0.5593220338983051,10d,930,232,26,2021-10-13,2025-07-07,2025-07-08,2026-06-12,material_events_only_per_ticker,VNM,0
Logistic_Regression,Config_LLM,0.38362068965517243,0.41317365269461076,0.6052631578947368,0.35484121890982634,0.46297948260481714,0.3873773416592328,10d,930,232,141,2021-10-13,2025-07-07,2025-07-08,2026-06-12,material_events_only_per_ticker,VNM,0
Random_Forest,Config_LLM,0.4224137931034483,0.421875,0.47368421052631576,0.4213386940659668,0.4250669045495093,0.4232827832292596,10d,930,232,141,2021-10-13,2025-07-07,2025-07-08,2026-06-12,material_events_only_per_ticker,VNM,0
Logistic_Regression,Config_Hybrid,0.5862068965517241,0.576271186440678,0.5964912280701754,0.5862068965517241,0.5770145703241153,0.5863812072554266,10d,930,232,167,2021-10-13,2025-07-07,2025-07-08,2026-06-12,material_events_only_per_ticker,VNM,0
Random_Forest,Config_Hybrid,0.5689655172413793,0.5686274509803921,0.5087719298245614,0.5669056152927121,0.6311329170383586,0.567945286946179,10d,930,232,167,2021-10-13,2025-07-07,2025-07-08,2026-06-12,material_events_only_per_ticker,VNM,0
Logistic_Regression,Config_A,0.6434782608695652,0.5844155844155844,0.8333333333333334,0.6364407433109723,0.7086369156041287,0.6543715846994536,20d,922,230,26,2021-10-13,2025-06-25,2025-06-26,2026-05-29,material_events_only_per_ticker,VNM,0
Random_Forest,Config_A,0.6260869565217392,0.5964912280701754,0.6296296296296297,0.6256340373987432,0.6955069823922283,0.6262902246508804,20d,922,230,26,2021-10-13,2025-06-25,2025-06-26,2026-05-29,material_events_only_per_ticker,VNM,0
Logistic_Regression,Config_LLM,0.3695652173913043,0.3989071038251366,0.6759259259259259,0.32186502368897296,0.43708257437765635,0.3871432908318154,20d,922,230,141,2021-10-13,2025-06-25,2025-06-26,2026-05-29,material_events_only_per_ticker,VNM,0
Random_Forest,Config_LLM,0.5173913043478261,0.48951048951048953,0.6481481481481481,0.5133342229169446,0.5301684881602914,0.5248937462052217,20d,922,230,141,2021-10-13,2025-06-25,2025-06-26,2026-05-29,material_events_only_per_ticker,VNM,0
Logistic_Regression,Config_Hybrid,0.6652173913043479,0.6260162601626016,0.7129629629629629,0.6652110625909753,0.6629477838494232,0.6679568913175471,20d,922,230,167,2021-10-13,2025-06-25,2025-06-26,2026-05-29,material_events_only_per_ticker,VNM,0
Random_Forest,Config_Hybrid,0.6130434782608696,0.6021505376344086,0.5185185185185185,0.6067922933594576,0.6897009714632665,0.6076199149969641,20d,922,230,167,2021-10-13,2025-06-25,2025-06-26,2026-05-29,material_events_only_per_ticker,VNM,0
Logistic_Regression,Config_A,0.5555555555555556,0.4700854700854701,0.5670103092783505,0.5522849363455735,0.589284370532019,0.5572277823764016,1d,937,234,26,2021-10-13,2025-07-16,2025-07-17,2026-06-25,direct_material_only_per_ticker,FPT,0
Random_Forest,Config_A,0.4829059829059829,0.42,0.6494845360824743,0.48130507263634204,0.5231018135299872,0.5072240198660547,1d,937,234,26,2021-10-13,2025-07-16,2025-07-17,2026-06-25,direct_material_only_per_ticker,FPT,0
Logistic_Regression,Config_LLM,0.5085470085470085,0.40625,0.4020618556701031,0.4929816297691945,0.472684174881481,0.49300173075475956,1d,937,234,141,2021-10-13,2025-07-16,2025-07-17,2026-06-25,direct_material_only_per_ticker,FPT,0
Random_Forest,Config_LLM,0.5256410256410257,0.44776119402985076,0.6185567010309279,0.5255630445503863,0.5386033561592294,0.539205357814734,1d,937,234,141,2021-10-13,2025-07-16,2025-07-17,2026-06-25,direct_material_only_per_ticker,FPT,0
Logistic_Regression,Config_Hybrid,0.5042735042735043,0.42962962962962964,0.5979381443298969,0.5042372881355932,0.5483482579577095,0.5179471743547295,1d,937,234,167,2021-10-13,2025-07-16,2025-07-17,2026-06-25,direct_material_only_per_ticker,FPT,0
Random_Forest,Config_Hybrid,0.49145299145299143,0.43037974683544306,0.7010309278350515,0.48732394366197185,0.5337497178117239,0.5220483106328542,1d,937,234,167,2021-10-13,2025-07-16,2025-07-17,2026-06-25,direct_material_only_per_ticker,FPT,0
Logistic_Regression,Config_A,0.5407725321888412,0.27906976744186046,0.13636363636363635,0.4319015608978011,0.4960815047021944,0.46128526645768025,5d,934,233,26,2021-10-13,2025-07-11,2025-07-14,2026-06-19,direct_material_only_per_ticker,FPT,0
Random_Forest,Config_A,0.4034334763948498,0.3835616438356164,0.9545454545454546,0.3365087169401594,0.5301724137931034,0.5117554858934169,5d,934,233,26,2021-10-13,2025-07-11,2025-07-14,2026-06-19,direct_material_only_per_ticker,FPT,0
Logistic_Regression,Config_LLM,0.4978540772532189,0.3333333333333333,0.32954545454545453,0.46468335787923415,0.48879310344827587,0.4647727272727272,5d,934,233,141,2021-10-13,2025-07-11,2025-07-14,2026-06-19,direct_material_only_per_ticker,FPT,0
Random_Forest,Config_LLM,0.45064377682403434,0.35074626865671643,0.5340909090909091,0.4494166297444986,0.40242946708463956,0.46704545454545454,5d,934,233,141,2021-10-13,2025-07-11,2025-07-14,2026-06-19,direct_material_only_per_ticker,FPT,0
Logistic_Regression,Config_Hybrid,0.44635193133047213,0.28865979381443296,0.3181818181818182,0.4218139848033087,0.38346394984326015,0.4211598746081505,5d,934,233,167,2021-10-13,2025-07-11,2025-07-14,2026-06-19,direct_material_only_per_ticker,FPT,0
Random_Forest,Config_Hybrid,0.4334763948497854,0.3910891089108911,0.8977272727272727,0.39741379310344827,0.4624216300940439,0.5247257053291536,5d,934,233,167,2021-10-13,2025-07-11,2025-07-14,2026-06-19,direct_material_only_per_ticker,FPT,0
Logistic_Regression,Config_A,0.6077586206896551,0.4166666666666667,0.30864197530864196,0.5364380914739916,0.5132859128444117,0.5384269479192216,10d,930,232,26,2021-10-13,2025-07-07,2025-07-08,2026-06-12,direct_material_only_per_ticker,FPT,0
Random_Forest,Config_A,0.3922413793103448,0.3598130841121495,0.9506172839506173,0.3438571858389329,0.6774180361376829,0.5216662578693484,10d,930,232,26,2021-10-13,2025-07-07,2025-07-08,2026-06-12,direct_material_only_per_ticker,FPT,0
Logistic_Regression,Config_LLM,0.45689655172413796,0.25806451612903225,0.2962962962962963,0.4206896551724138,0.4460796337176028,0.41967132695609516,10d,930,232,141,2021-10-13,2025-07-07,2025-07-08,2026-06-12,direct_material_only_per_ticker,FPT,0
Random_Forest,Config_LLM,0.4482758620689655,0.32592592592592595,0.5432098765432098,0.44563918757467147,0.473877851361295,0.47028043496034666,10d,930,232,141,2021-10-13,2025-07-07,2025-07-08,2026-06-12,direct_material_only_per_ticker,FPT,0
Logistic_Regression,Config_Hybrid,0.4525862068965517,0.2830188679245283,0.37037037037037035,0.4311859302303134,0.40904259668056575,0.4335295560461123,10d,930,232,167,2021-10-13,2025-07-07,2025-07-08,2026-06-12,direct_material_only_per_ticker,FPT,0
Random_Forest,Config_Hybrid,0.3620689655172414,0.34977578475336324,0.9629629629629629,0.29407894736842105,0.5076445098520154,0.5013490311503557,10d,930,232,167,2021-10-13,2025-07-07,2025-07-08,2026-06-12,direct_material_only_per_ticker,FPT,0
Logistic_Regression,Config_A,0.49130434782608695,0.359375,0.5679012345679012,0.487027964696239,0.4978042919877372,0.5087828320490513,20d,922,230,26,2021-10-13,2025-06-25,2025-06-26,2026-05-29,direct_material_only_per_ticker,FPT,0
Random_Forest,Config_A,0.3695652173913043,0.3584070796460177,1.0,0.2899874390581423,0.7317921948794432,0.5134228187919463,20d,922,230,26,2021-10-13,2025-06-25,2025-06-26,2026-05-29,direct_material_only_per_ticker,FPT,0
Logistic_Regression,Config_LLM,0.43043478260869567,0.16216216216216217,0.14814814814814814,0.3626652564780539,0.42890877454635845,0.3660203827989063,20d,922,230,141,2021-10-13,2025-06-25,2025-06-26,2026-05-29,direct_material_only_per_ticker,FPT,0
Random_Forest,Config_LLM,0.36086956521739133,0.2421875,0.38271604938271603,0.35549667359271053,0.3229347916148811,0.36585466898666,20d,922,230,141,2021-10-13,2025-06-25,2025-06-26,2026-05-29,direct_material_only_per_ticker,FPT,0
Logistic_Regression,Config_Hybrid,0.391304347826087,0.1827956989247312,0.20987654320987653,0.3529459046700426,0.3716960808683404,0.3499047145579584,20d,922,230,167,2021-10-13,2025-06-25,2025-06-26,2026-05-29,direct_material_only_per_ticker,FPT,0
Random_Forest,Config_Hybrid,0.3565217391304348,0.3537117903930131,1.0,0.2679569892473118,0.40724169359516116,0.5033557046979866,20d,922,230,167,2021-10-13,2025-06-25,2025-06-26,2026-05-29,direct_material_only_per_ticker,FPT,0
Logistic_Regression,Config_A,0.5854700854700855,0.5405405405405406,0.2,0.49945972170154584,0.5763432835820895,0.5365671641791044,1d,937,234,26,2021-10-13,2025-07-16,2025-07-17,2026-06-25,direct_material_only_per_ticker,HPG,0
Random_Forest,Config_A,0.5897435897435898,0.5833333333333334,0.14,0.47336834208552137,0.571044776119403,0.5326865671641792,1d,937,234,26,2021-10-13,2025-07-16,2025-07-17,2026-06-25,direct_material_only_per_ticker,HPG,0
Logistic_Regression,Config_LLM,0.44871794871794873,0.42995169082125606,0.89,0.3892811621178708,0.5198880597014925,0.5047014925373134,1d,937,234,141,2021-10-13,2025-07-16,2025-07-17,2026-06-25,direct_material_only_per_ticker,HPG,0
Random_Forest,Config_LLM,0.47863247863247865,0.3877551020408163,0.38,0.46599326599326596,0.5007462686567163,0.46611940298507465,1d,937,234,141,2021-10-13,2025-07-16,2025-07-17,2026-06-25,direct_material_only_per_ticker,HPG,0
Logistic_Regression,Config_Hybrid,0.5854700854700855,0.5254237288135594,0.31,0.5380106246565305,0.567910447761194,0.5505223880597014,1d,937,234,167,2021-10-13,2025-07-16,2025-07-17,2026-06-25,direct_material_only_per_ticker,HPG,0
Random_Forest,Config_Hybrid,0.5769230769230769,0.5151515151515151,0.17,0.48005835484232967,0.5688805970149253,0.5252985074626866,1d,937,234,167,2021-10-13,2025-07-16,2025-07-17,2026-06-25,direct_material_only_per_ticker,HPG,0
Logistic_Regression,Config_A,0.5793991416309013,0.0,0.0,0.36684782608695654,0.5888133030990175,0.5,5d,934,233,26,2021-10-13,2025-07-11,2025-07-14,2026-06-19,direct_material_only_per_ticker,HPG,0
Random_Forest,Config_A,0.6051502145922747,0.5681818181818182,0.25510204081632654,0.5340810293861937,0.6378684807256236,0.5571806500377929,5d,934,233,26,2021-10-13,2025-07-11,2025-07-14,2026-06-19,direct_material_only_per_ticker,HPG,0
Logistic_Regression,Config_LLM,0.5493562231759657,0.4520547945205479,0.336734693877551,0.5150163544454356,0.5050264550264549,0.5202191987906274,5d,934,233,141,2021-10-13,2025-07-11,2025-07-14,2026-06-19,direct_material_only_per_ticker,HPG,0
Random_Forest,Config_LLM,0.5364806866952789,0.4609375,0.6020408163265306,0.5360619469026549,0.5748299319727891,0.5454648526077097,5d,934,233,141,2021-10-13,2025-07-11,2025-07-14,2026-06-19,direct_material_only_per_ticker,HPG,0
Logistic_Regression,Config_Hybrid,0.5622317596566524,0.4166666666666667,0.10204081632653061,0.4337113991612657,0.6312169312169312,0.49916855631141344,5d,934,233,167,2021-10-13,2025-07-11,2025-07-14,2026-06-19,direct_material_only_per_ticker,HPG,0
Random_Forest,Config_Hybrid,0.6266094420600858,0.6,0.336734693877551,0.5767086387270564,0.5997354497354498,0.586885865457294,5d,934,233,167,2021-10-13,2025-07-11,2025-07-14,2026-06-19,direct_material_only_per_ticker,HPG,0
Logistic_Regression,Config_A,0.5474137931034483,0.0,0.0,0.35376044568245124,0.5201349831271092,0.5,10d,930,232,26,2021-10-13,2025-07-07,2025-07-08,2026-06-12,direct_material_only_per_ticker,HPG,0
Random_Forest,Config_A,0.5646551724137931,1.0,0.0380952380952381,0.3944437265796615,0.6782527184101986,0.5190476190476191,10d,930,232,26,2021-10-13,2025-07-07,2025-07-08,2026-06-12,direct_material_only_per_ticker,HPG,0
Logistic_Regression,Config_LLM,0.5301724137931034,0.46296296296296297,0.23809523809523808,0.47854417981235176,0.5526434195725535,0.5048743907011624,10d,930,232,141,2021-10-13,2025-07-07,2025-07-08,2026-06-12,direct_material_only_per_ticker,HPG,0
Random_Forest,Config_LLM,0.5172413793103449,0.4690265486725664,0.5047619047619047,0.5154769896322816,0.5285339332583427,0.5161604799400075,10d,930,232,141,2021-10-13,2025-07-07,2025-07-08,2026-06-12,direct_material_only_per_ticker,HPG,0
Logistic_Regression,Config_Hybrid,0.5431034482758621,0.4864864864864865,0.17142857142857143,0.46216429008835624,0.46951631046119235,0.5109111361079866,10d,930,232,167,2021-10-13,2025-07-07,2025-07-08,2026-06-12,direct_material_only_per_ticker,HPG,0
Random_Forest,Config_Hybrid,0.603448275862069,0.8421052631578947,0.1523809523809524,0.4937381404174573,0.5403074615673041,0.5643794525684289,10d,930,232,167,2021-10-13,2025-07-07,2025-07-08,2026-06-12,direct_material_only_per_ticker,HPG,0
Logistic_Regression,Config_A,0.5,0.0,0.0,0.3333333333333333,0.4626086956521739,0.5,20d,922,230,26,2021-10-13,2025-06-25,2025-06-26,2026-05-29,direct_material_only_per_ticker,HPG,0
Random_Forest,Config_A,0.5478260869565217,0.9230769230769231,0.10434782608695652,0.4371234939759036,0.6225330812854442,0.5478260869565218,20d,922,230,26,2021-10-13,2025-06-25,2025-06-26,2026-05-29,direct_material_only_per_ticker,HPG,0
Logistic_Regression,Config_LLM,0.48695652173913045,0.49044585987261147,0.6695652173913044,0.4692584480600751,0.5088846880907373,0.48695652173913045,20d,922,230,141,2021-10-13,2025-06-25,2025-06-26,2026-05-29,direct_material_only_per_ticker,HPG,0
Random_Forest,Config_LLM,0.47391304347826085,0.4642857142857143,0.3391304347826087,0.46417913321396254,0.4958034026465028,0.4739130434782609,20d,922,230,141,2021-10-13,2025-06-25,2025-06-26,2026-05-29,direct_material_only_per_ticker,HPG,0
Logistic_Regression,Config_Hybrid,0.5130434782608696,0.5254237288135594,0.26956521739130435,0.4823567237360341,0.4750850661625709,0.5130434782608695,20d,922,230,167,2021-10-13,2025-06-25,2025-06-26,2026-05-29,direct_material_only_per_ticker,HPG,0
Random_Forest,Config_Hybrid,0.5869565217391305,0.9545454545454546,0.1826086956521739,0.506225848003435,0.6147448015122874,0.5869565217391305,20d,922,230,167,2021-10-13,2025-06-25,2025-06-26,2026-05-29,direct_material_only_per_ticker,HPG,0
Logistic_Regression,Config_A,0.5512820512820513,0.5087719298245614,0.27358490566037735,0.5057829628884642,0.5502653301886793,0.5274174528301887,1d,937,234,26,2021-10-13,2025-07-16,2025-07-17,2026-06-25,direct_material_only_per_ticker,SSI,0
Random_Forest,Config_A,0.5256410256410257,0.4358974358974359,0.16037735849056603,0.44541475392334795,0.4919295400943396,0.494251179245283,1d,937,234,26,2021-10-13,2025-07-16,2025-07-17,2026-06-25,direct_material_only_per_ticker,SSI,0
Logistic_Regression,Config_LLM,0.49145299145299143,0.43434343434343436,0.4056603773584906,0.48352035611610866,0.4840801886792453,0.4840801886792453,1d,937,234,141,2021-10-13,2025-07-16,2025-07-17,2026-06-25,direct_material_only_per_ticker,SSI,0
Random_Forest,Config_LLM,0.5,0.44660194174757284,0.4339622641509434,0.4942269679111785,0.47446196933962265,0.4943248820754717,1d,937,234,141,2021-10-13,2025-07-16,2025-07-17,2026-06-25,direct_material_only_per_ticker,SSI,0
Logistic_Regression,Config_Hybrid,0.49572649572649574,0.4189189189189189,0.29245283018867924,0.4673611111111111,0.4969044811320754,0.47825766509433965,1d,937,234,167,2021-10-13,2025-07-16,2025-07-17,2026-06-25,direct_material_only_per_ticker,SSI,0
Random_Forest,Config_Hybrid,0.5512820512820513,0.5142857142857142,0.16981132075471697,0.4671091157524888,0.5038325471698113,0.5184994103773585,1d,937,234,167,2021-10-13,2025-07-16,2025-07-17,2026-06-25,direct_material_only_per_ticker,SSI,0
Logistic_Regression,Config_A,0.5879828326180258,0.7272727272727273,0.1509433962264151,0.48298816568047337,0.5719803892437973,0.5518496508691131,5d,934,233,26,2021-10-13,2025-07-11,2025-07-14,2026-06-19,direct_material_only_per_ticker,SSI,0
Random_Forest,Config_A,0.5879828326180258,0.5925925925925926,0.3018867924528302,0.5431372549019609,0.584199970286733,0.5643292229980686,5d,934,233,26,2021-10-13,2025-07-11,2025-07-14,2026-06-19,direct_material_only_per_ticker,SSI,0
Logistic_Regression,Config_LLM,0.5236051502145923,0.46987951807228917,0.36792452830188677,0.5059881955188814,0.5385158223146634,0.5107339176942505,5d,934,233,141,2021-10-13,2025-07-11,2025-07-14,2026-06-19,direct_material_only_per_ticker,SSI,0
Random_Forest,Config_LLM,0.48497854077253216,0.4426229508196721,0.5094339622641509,0.4847412649270234,0.5141138018125092,0.4870004456990046,5d,934,233,141,2021-10-13,2025-07-11,2025-07-14,2026-06-19,direct_material_only_per_ticker,SSI,0
Logistic_Regression,Config_Hybrid,0.5665236051502146,0.6923076923076923,0.08490566037735849,0.4300971108904657,0.591665428613876,0.5267047986926162,5d,934,233,167,2021-10-13,2025-07-11,2025-07-14,2026-06-19,direct_material_only_per_ticker,SSI,0
Random_Forest,Config_Hybrid,0.575107296137339,0.5636363636363636,0.29245283018867924,0.5302515018837186,0.5583865696033278,0.5517382261179616,5d,934,233,167,2021-10-13,2025-07-11,2025-07-14,2026-06-19,direct_material_only_per_ticker,SSI,0
Logistic_Regression,Config_A,0.5431034482758621,0.8181818181818182,0.15,0.46216429008835624,0.6078869047619047,0.5571428571428572,10d,930,232,26,2021-10-13,2025-07-07,2025-07-08,2026-06-12,direct_material_only_per_ticker,SSI,0
Random_Forest,Config_A,0.43103448275862066,0.42105263157894735,0.26666666666666666,0.4169966494060311,0.4871279761904762,0.4369047619047619,10d,930,232,26,2021-10-13,2025-07-07,2025-07-08,2026-06-12,direct_material_only_per_ticker,SSI,0
Logistic_Regression,Config_LLM,0.5,0.5285714285714286,0.30833333333333335,0.4830580099884748,0.5266369047619047,0.5068452380952382,10d,930,232,141,2021-10-13,2025-07-07,2025-07-08,2026-06-12,direct_material_only_per_ticker,SSI,0
Random_Forest,Config_LLM,0.5258620689655172,0.5357142857142857,0.625,0.5188536953242835,0.5818452380952381,0.5223214285714286,10d,930,232,141,2021-10-13,2025-07-07,2025-07-08,2026-06-12,direct_material_only_per_ticker,SSI,0
Logistic_Regression,Config_Hybrid,0.5172413793103449,0.8333333333333334,0.08333333333333333,0.40708287696239503,0.5742559523809524,0.5327380952380952,10d,930,232,167,2021-10-13,2025-07-07,2025-07-08,2026-06-12,direct_material_only_per_ticker,SSI,0
Random_Forest,Config_Hybrid,0.5905172413793104,0.6865671641791045,0.38333333333333336,0.5745091604085021,0.5835193452380953,0.5979166666666667,10d,930,232,167,2021-10-13,2025-07-07,2025-07-08,2026-06-12,direct_material_only_per_ticker,SSI,0
Logistic_Regression,Config_A,0.5652173913043478,0.7368421052631579,0.12844036697247707,0.4587725903614458,0.5617560087952082,0.5435590264614452,20d,922,230,26,2021-10-13,2025-06-25,2025-06-26,2026-05-29,direct_material_only_per_ticker,SSI,0
Random_Forest,Config_A,0.5130434782608696,0.4482758620689655,0.11926605504587157,0.42028985507246375,0.6090681628629919,0.4935173250435969,20d,922,230,26,2021-10-13,2025-06-25,2025-06-26,2026-05-29,direct_material_only_per_ticker,SSI,0
Logistic_Regression,Config_LLM,0.5391304347826087,0.5238095238095238,0.30275229357798167,0.5078326873385013,0.5761998635226325,0.5274092046402306,20d,922,230,141,2021-10-13,2025-06-25,2025-06-26,2026-05-29,direct_material_only_per_ticker,SSI,0
Random_Forest,Config_LLM,0.5478260869565217,0.5196850393700787,0.6055045871559633,0.5475181598062954,0.5717643490787778,0.5506861778755023,20d,922,230,141,2021-10-13,2025-06-25,2025-06-26,2026-05-29,direct_material_only_per_ticker,SSI,0
Logistic_Regression,Config_Hybrid,0.5826086956521739,1.0,0.11926605504587157,0.4645455427296537,0.536583516566836,0.5596330275229358,20d,922,230,167,2021-10-13,2025-06-25,2025-06-26,2026-05-29,direct_material_only_per_ticker,SSI,0
Random_Forest,Config_Hybrid,0.5521739130434783,0.6363636363636364,0.12844036697247707,0.4503352746003388,0.5957995299112897,0.5311623322465691,20d,922,230,167,2021-10-13,2025-06-25,2025-06-26,2026-05-29,direct_material_only_per_ticker,SSI,0
Logistic_Regression,Config_A,0.5213675213675214,0.43137254901960786,0.20952380952380953,0.46153846153846156,0.49605020302694725,0.492358803986711,1d,937,234,26,2021-10-13,2025-07-16,2025-07-17,2026-06-25,direct_material_only_per_ticker,VCB,0
Random_Forest,Config_A,0.5427350427350427,0.4791666666666667,0.21904761904761905,0.48048552754435103,0.5366186784791437,0.512624584717608,1d,937,234,26,2021-10-13,2025-07-16,2025-07-17,2026-06-25,direct_material_only_per_ticker,VCB,0
Logistic_Regression,Config_LLM,0.5085470085470085,0.4444444444444444,0.38095238095238093,0.4945054945054945,0.5036913990402362,0.49667774086378735,1d,937,234,141,2021-10-13,2025-07-16,2025-07-17,2026-06-25,direct_material_only_per_ticker,VCB,0
Random_Forest,Config_LLM,0.5256410256410257,0.46875,0.42857142857142855,0.5160154284755996,0.5088224437061646,0.5166112956810631,1d,937,234,141,2021-10-13,2025-07-16,2025-07-17,2026-06-25,direct_material_only_per_ticker,VCB,0
Logistic_Regression,Config_Hybrid,0.5128205128205128,0.44,0.3142857142857143,0.4854166666666666,0.4789959394610557,0.4943521594684385,1d,937,234,167,2021-10-13,2025-07-16,2025-07-17,2026-06-25,direct_material_only_per_ticker,VCB,0
Random_Forest,Config_Hybrid,0.5641025641025641,0.5294117647058824,0.2571428571428571,0.5096153846153846,0.5420819490586932,0.5355481727574751,1d,937,234,167,2021-10-13,2025-07-16,2025-07-17,2026-06-25,direct_material_only_per_ticker,VCB,0
Logistic_Regression,Config_A,0.6223175965665236,0.8888888888888888,0.1568627450980392,0.5061657032755299,0.6624756772938182,0.5707977847627601,5d,934,233,26,2021-10-13,2025-07-11,2025-07-14,2026-06-19,direct_material_only_per_ticker,VCB,0
Random_Forest,Config_A,0.6351931330472103,0.7741935483870968,0.23529411764705882,0.5528235001919213,0.6884822631342613,0.590929501571621,5d,934,233,26,2021-10-13,2025-07-11,2025-07-14,2026-06-19,direct_material_only_per_ticker,VCB,0
Logistic_Regression,Config_LLM,0.5150214592274678,0.47058823529411764,0.8627450980392157,0.4852892303481712,0.5310956443646161,0.5535099535997605,5d,934,233,141,2021-10-13,2025-07-11,2025-07-14,2026-06-19,direct_material_only_per_ticker,VCB,0
Random_Forest,Config_LLM,0.5450643776824035,0.47674418604651164,0.4019607843137255,0.5274376243685903,0.515603951504266,0.529224666966023,5d,934,233,141,2021-10-13,2025-07-11,2025-07-14,2026-06-19,direct_material_only_per_ticker,VCB,0
Logistic_Regression,Config_Hybrid,0.630901287553648,0.66,0.3235294117647059,0.580162587998659,0.6695853914084717,0.5968792096991469,5d,934,233,167,2021-10-13,2025-07-11,2025-07-14,2026-06-19,direct_material_only_per_ticker,VCB,0
Random_Forest,Config_Hybrid,0.6437768240343348,0.8518518518518519,0.22549019607843138,0.555149173049939,0.6481814099685677,0.5974779224666966,5d,934,233,167,2021-10-13,2025-07-11,2025-07-14,2026-06-19,direct_material_only_per_ticker,VCB,0
Logistic_Regression,Config_A,0.5862068965517241,0.5,0.21875,0.5049346492397973,0.7244944852941176,0.5321691176470589,10d,930,232,26,2021-10-13,2025-07-07,2025-07-08,2026-06-12,direct_material_only_per_ticker,VCB,0
Random_Forest,Config_A,0.5775862068965517,0.4772727272727273,0.21875,0.49876543209876545,0.6175321691176471,0.5248161764705883,10d,930,232,26,2021-10-13,2025-07-07,2025-07-08,2026-06-12,direct_material_only_per_ticker,VCB,0
Logistic_Regression,Config_LLM,0.5603448275862069,0.4845360824742268,0.9791666666666666,0.5310344827586206,0.6082261029411765,0.6219362745098039,10d,930,232,141,2021-10-13,2025-07-07,2025-07-08,2026-06-12,direct_material_only_per_ticker,VCB,0
Random_Forest,Config_LLM,0.6120689655172413,0.53125,0.53125,0.6001838235294117,0.6606541053921569,0.6001838235294117,10d,930,232,141,2021-10-13,2025-07-07,2025-07-08,2026-06-12,direct_material_only_per_ticker,VCB,0
Logistic_Regression,Config_Hybrid,0.6163793103448276,0.5466666666666666,0.4270833333333333,0.587888948765543,0.7076439950980392,0.5885416666666666,10d,930,232,167,2021-10-13,2025-07-07,2025-07-08,2026-06-12,direct_material_only_per_ticker,VCB,0
Random_Forest,Config_Hybrid,0.6379310344827587,0.6304347826086957,0.3020833333333333,0.5737905695039804,0.6088388480392156,0.5885416666666666,10d,930,232,167,2021-10-13,2025-07-07,2025-07-08,2026-06-12,direct_material_only_per_ticker,VCB,0
Logistic_Regression,Config_A,0.6739130434782609,0.7288135593220338,0.4215686274509804,0.6416626851409459,0.7650122549019608,0.6482843137254902,20d,922,230,26,2021-10-13,2025-06-25,2025-06-26,2026-05-29,direct_material_only_per_ticker,VCB,0
Random_Forest,Config_A,0.6782608695652174,0.8181818181818182,0.35294117647058826,0.6287409475612948,0.7630208333333333,0.6452205882352942,20d,922,230,26,2021-10-13,2025-06-25,2025-06-26,2026-05-29,direct_material_only_per_ticker,VCB,0
Logistic_Regression,Config_LLM,0.6043478260869565,0.5291005291005291,0.9803921568627451,0.5744118424530795,0.516046262254902,0.6425398284313726,20d,922,230,141,2021-10-13,2025-06-25,2025-06-26,2026-05-29,direct_material_only_per_ticker,VCB,0
Random_Forest,Config_LLM,0.6260869565217392,0.5975609756097561,0.4803921568627451,0.6105072463768115,0.6914445465686275,0.6112898284313726,20d,922,230,141,2021-10-13,2025-06-25,2025-06-26,2026-05-29,direct_material_only_per_ticker,VCB,0
Logistic_Regression,Config_Hybrid,0.6869565217391305,0.7083333333333334,0.5,0.6672293224017362,0.7246476715686274,0.66796875,20d,922,230,167,2021-10-13,2025-06-25,2025-06-26,2026-05-29,direct_material_only_per_ticker,VCB,0
Random_Forest,Config_Hybrid,0.7130434782608696,0.8,0.47058823529411764,0.6855580412627392,0.7614123774509804,0.6884191176470589,20d,922,230,167,2021-10-13,2025-06-25,2025-06-26,2026-05-29,direct_material_only_per_ticker,VCB,0
Logistic_Regression,Config_A,0.5042735042735043,0.46357615894039733,0.6666666666666666,0.49985259433962265,0.5367294204503507,0.5193798449612403,1d,937,234,26,2021-10-13,2025-07-16,2025-07-17,2026-06-25,direct_material_only_per_ticker,VNM,0
Random_Forest,Config_A,0.5256410256410257,0.4625,0.3523809523809524,0.503886925795053,0.5418973791066815,0.5095238095238095,1d,937,234,26,2021-10-13,2025-07-16,2025-07-17,2026-06-25,direct_material_only_per_ticker,VNM,0
Logistic_Regression,Config_LLM,0.4358974358974359,0.42702702702702705,0.7523809523809524,0.40162727624951566,0.4664082687338501,0.4653377630121816,1d,937,234,141,2021-10-13,2025-07-16,2025-07-17,2026-06-25,direct_material_only_per_ticker,VNM,0
Random_Forest,Config_LLM,0.46153846153846156,0.40707964601769914,0.4380952380952381,0.4590091743119266,0.4715393133997785,0.4593576965669989,1d,937,234,141,2021-10-13,2025-07-16,2025-07-17,2026-06-25,direct_material_only_per_ticker,VNM,0
Logistic_Regression,Config_Hybrid,0.49572649572649574,0.4496124031007752,0.5523809523809524,0.49572649572649574,0.49737910668143226,0.5009966777408639,1d,937,234,167,2021-10-13,2025-07-16,2025-07-17,2026-06-25,direct_material_only_per_ticker,VNM,0
Random_Forest,Config_Hybrid,0.5641025641025641,0.52,0.37142857142857144,0.5395833333333333,0.543078626799557,0.5461794019933555,1d,937,234,167,2021-10-13,2025-07-16,2025-07-17,2026-06-25,direct_material_only_per_ticker,VNM,0
Logistic_Regression,Config_A,0.5364806866952789,0.4810126582278481,0.7450980392156863,0.5301717699775952,0.6359077982337974,0.559571920371202,5d,934,233,26,2021-10-13,2025-07-11,2025-07-14,2026-06-19,direct_material_only_per_ticker,VNM,0
Random_Forest,Config_A,0.5708154506437768,0.509090909090909,0.5490196078431373,0.5673005496954391,0.6041760215536597,0.568402933692561,5d,934,233,26,2021-10-13,2025-07-11,2025-07-14,2026-06-19,direct_material_only_per_ticker,VNM,0
Logistic_Regression,Config_LLM,0.41201716738197425,0.3988439306358382,0.6764705882352942,0.39227034745359357,0.5117497380631643,0.4412887292321509,5d,934,233,141,2021-10-13,2025-07-11,2025-07-14,2026-06-19,direct_material_only_per_ticker,VNM,0
Random_Forest,Config_LLM,0.4248927038626609,0.38405797101449274,0.5196078431372549,0.42437315634218287,0.42718155964675947,0.43537644065259695,5d,934,233,141,2021-10-13,2025-07-11,2025-07-14,2026-06-19,direct_material_only_per_ticker,VNM,0
Logistic_Regression,Config_Hybrid,0.5622317596566524,0.5,0.6078431372549019,0.5618362831858407,0.5490944469390809,0.5672803472534051,5d,934,233,167,2021-10-13,2025-07-11,2025-07-14,2026-06-19,direct_material_only_per_ticker,VNM,0
Random_Forest,Config_Hybrid,0.5836909871244635,0.5233644859813084,0.5490196078431373,0.5792266304246645,0.6008456817841641,0.5798533153719503,5d,934,233,167,2021-10-13,2025-07-11,2025-07-14,2026-06-19,direct_material_only_per_ticker,VNM,0
Logistic_Regression,Config_A,0.5948275862068966,0.5704225352112676,0.7105263157894737,0.5904447115384616,0.6236990782039844,0.5967885816235504,10d,930,232,26,2021-10-13,2025-07-07,2025-07-08,2026-06-12,direct_material_only_per_ticker,VNM,0
Random_Forest,Config_A,0.5603448275862069,0.5588235294117647,0.5,0.5582437275985663,0.6135518881950639,0.5593220338983051,10d,930,232,26,2021-10-13,2025-07-07,2025-07-08,2026-06-12,direct_material_only_per_ticker,VNM,0
Logistic_Regression,Config_LLM,0.38362068965517243,0.41317365269461076,0.6052631578947368,0.35484121890982634,0.46297948260481714,0.3873773416592328,10d,930,232,141,2021-10-13,2025-07-07,2025-07-08,2026-06-12,direct_material_only_per_ticker,VNM,0
Random_Forest,Config_LLM,0.4224137931034483,0.421875,0.47368421052631576,0.4213386940659668,0.4250669045495093,0.4232827832292596,10d,930,232,141,2021-10-13,2025-07-07,2025-07-08,2026-06-12,direct_material_only_per_ticker,VNM,0
Logistic_Regression,Config_Hybrid,0.5862068965517241,0.576271186440678,0.5964912280701754,0.5862068965517241,0.5770145703241153,0.5863812072554266,10d,930,232,167,2021-10-13,2025-07-07,2025-07-08,2026-06-12,direct_material_only_per_ticker,VNM,0
Random_Forest,Config_Hybrid,0.5689655172413793,0.5686274509803921,0.5087719298245614,0.5669056152927121,0.6311329170383586,0.567945286946179,10d,930,232,167,2021-10-13,2025-07-07,2025-07-08,2026-06-12,direct_material_only_per_ticker,VNM,0
Logistic_Regression,Config_A,0.6434782608695652,0.5844155844155844,0.8333333333333334,0.6364407433109723,0.7086369156041287,0.6543715846994536,20d,922,230,26,2021-10-13,2025-06-25,2025-06-26,2026-05-29,direct_material_only_per_ticker,VNM,0
Random_Forest,Config_A,0.6260869565217392,0.5964912280701754,0.6296296296296297,0.6256340373987432,0.6955069823922283,0.6262902246508804,20d,922,230,26,2021-10-13,2025-06-25,2025-06-26,2026-05-29,direct_material_only_per_ticker,VNM,0
Logistic_Regression,Config_LLM,0.3695652173913043,0.3989071038251366,0.6759259259259259,0.32186502368897296,0.43708257437765635,0.3871432908318154,20d,922,230,141,2021-10-13,2025-06-25,2025-06-26,2026-05-29,direct_material_only_per_ticker,VNM,0
Random_Forest,Config_LLM,0.5173913043478261,0.48951048951048953,0.6481481481481481,0.5133342229169446,0.5301684881602914,0.5248937462052217,20d,922,230,141,2021-10-13,2025-06-25,2025-06-26,2026-05-29,direct_material_only_per_ticker,VNM,0
Logistic_Regression,Config_Hybrid,0.6652173913043479,0.6260162601626016,0.7129629629629629,0.6652110625909753,0.6629477838494232,0.6679568913175471,20d,922,230,167,2021-10-13,2025-06-25,2025-06-26,2026-05-29,direct_material_only_per_ticker,VNM,0
Random_Forest,Config_Hybrid,0.6130434782608696,0.6021505376344086,0.5185185185185185,0.6067922933594576,0.6897009714632665,0.6076199149969641,20d,922,230,167,2021-10-13,2025-06-25,2025-06-26,2026-05-29,direct_material_only_per_ticker,VNM,0
Logistic_Regression,Config_A,0.5555555555555556,0.4700854700854701,0.5670103092783505,0.5522849363455735,0.589284370532019,0.5572277823764016,1d,937,234,26,2021-10-13,2025-07-16,2025-07-17,2026-06-25,relevant_lag1_per_ticker,FPT,1
Random_Forest,Config_A,0.4829059829059829,0.42,0.6494845360824743,0.48130507263634204,0.5231018135299872,0.5072240198660547,1d,937,234,26,2021-10-13,2025-07-16,2025-07-17,2026-06-25,relevant_lag1_per_ticker,FPT,1
Logistic_Regression,Config_LLM,0.5641025641025641,0.47126436781609193,0.422680412371134,0.5432486221677894,0.5582060350665964,0.5434569945067349,1d,937,234,141,2021-10-13,2025-07-16,2025-07-17,2026-06-25,relevant_lag1_per_ticker,FPT,1
Random_Forest,Config_LLM,0.4700854700854701,0.39849624060150374,0.5463917525773195,0.4699305809280234,0.49936037324102645,0.4812250733689517,1d,937,234,141,2021-10-13,2025-07-16,2025-07-17,2026-06-25,relevant_lag1_per_ticker,FPT,1
Logistic_Regression,Config_Hybrid,0.5555555555555556,0.4631578947368421,0.4536082474226804,0.5407608695652174,0.5647528030702085,0.5406727368500264,1d,937,234,167,2021-10-13,2025-07-16,2025-07-17,2026-06-25,relevant_lag1_per_ticker,FPT,1
Random_Forest,Config_Hybrid,0.43162393162393164,0.4010989010989011,0.7525773195876289,0.40979689366786143,0.5180224245616675,0.4784784408157122,1d,937,234,167,2021-10-13,2025-07-16,2025-07-17,2026-06-25,relevant_lag1_per_ticker,FPT,1
Logistic_Regression,Config_A,0.5407725321888412,0.27906976744186046,0.13636363636363635,0.4319015608978011,0.4960815047021944,0.46128526645768025,5d,934,233,26,2021-10-13,2025-07-11,2025-07-14,2026-06-19,relevant_lag1_per_ticker,FPT,1
Random_Forest,Config_A,0.4034334763948498,0.3835616438356164,0.9545454545454546,0.3365087169401594,0.5301724137931034,0.5117554858934169,5d,934,233,26,2021-10-13,2025-07-11,2025-07-14,2026-06-19,relevant_lag1_per_ticker,FPT,1
Logistic_Regression,Config_LLM,0.49356223175965663,0.32954545454545453,0.32954545454545453,0.46132445141065825,0.4246081504702194,0.46132445141065825,5d,934,233,141,2021-10-13,2025-07-11,2025-07-14,2026-06-19,relevant_lag1_per_ticker,FPT,1
Random_Forest,Config_LLM,0.36909871244635195,0.3487179487179487,0.7727272727272727,0.3386433412500724,0.45920846394984327,0.44843260188087775,5d,934,233,141,2021-10-13,2025-07-11,2025-07-14,2026-06-19,relevant_lag1_per_ticker,FPT,1
Logistic_Regression,Config_Hybrid,0.4721030042918455,0.2602739726027397,0.2159090909090909,0.4163730780979534,0.39137931034482765,0.42174764890282135,5d,934,233,167,2021-10-13,2025-07-11,2025-07-14,2026-06-19,relevant_lag1_per_ticker,FPT,1
Random_Forest,Config_Hybrid,0.37339055793991416,0.36936936936936937,0.9318181818181818,0.2965674110835401,0.5209639498432602,0.4831504702194357,5d,934,233,167,2021-10-13,2025-07-11,2025-07-14,2026-06-19,relevant_lag1_per_ticker,FPT,1
Logistic_Regression,Config_A,0.6077586206896551,0.4166666666666667,0.30864197530864196,0.5364380914739916,0.5132859128444117,0.5384269479192216,10d,930,232,26,2021-10-13,2025-07-07,2025-07-08,2026-06-12,relevant_lag1_per_ticker,FPT,1
Random_Forest,Config_A,0.3922413793103448,0.3598130841121495,0.9506172839506173,0.3438571858389329,0.6774180361376829,0.5216662578693484,10d,930,232,26,2021-10-13,2025-07-07,2025-07-08,2026-06-12,relevant_lag1_per_ticker,FPT,1
Logistic_Regression,Config_LLM,0.4396551724137931,0.20481927710843373,0.20987654320987653,0.38699186991869916,0.41721854304635764,0.3863952252473224,10d,930,232,141,2021-10-13,2025-07-07,2025-07-08,2026-06-12,relevant_lag1_per_ticker,FPT,1
Random_Forest,Config_LLM,0.31896551724137934,0.2962962962962963,0.691358024691358,0.30019091256204655,0.3892159267435205,0.4052816613523015,10d,930,232,141,2021-10-13,2025-07-07,2025-07-08,2026-06-12,relevant_lag1_per_ticker,FPT,1
Logistic_Regression,Config_Hybrid,0.40086206896551724,0.1282051282051282,0.12345679012345678,0.3350242293019899,0.37666584907203005,0.3365628321478211,10d,930,232,167,2021-10-13,2025-07-07,2025-07-08,2026-06-12,relevant_lag1_per_ticker,FPT,1
Random_Forest,Config_Hybrid,0.3620689655172414,0.3537117903930131,1.0,0.28077084206116465,0.49309132532090594,0.5099337748344371,10d,930,232,167,2021-10-13,2025-07-07,2025-07-08,2026-06-12,relevant_lag1_per_ticker,FPT,1
Logistic_Regression,Config_A,0.49130434782608695,0.359375,0.5679012345679012,0.487027964696239,0.4978042919877372,0.5087828320490513,20d,922,230,26,2021-10-13,2025-06-25,2025-06-26,2026-05-29,relevant_lag1_per_ticker,FPT,1
Random_Forest,Config_A,0.3695652173913043,0.3584070796460177,1.0,0.2899874390581423,0.7317921948794432,0.5134228187919463,20d,922,230,26,2021-10-13,2025-06-25,2025-06-26,2026-05-29,relevant_lag1_per_ticker,FPT,1
Logistic_Regression,Config_LLM,0.44782608695652176,0.2261904761904762,0.2345679012345679,0.3998972778633796,0.3552904134559615,0.39916314524815644,20d,922,230,141,2021-10-13,2025-06-25,2025-06-26,2026-05-29,relevant_lag1_per_ticker,FPT,1
Random_Forest,Config_LLM,0.3173913043478261,0.29120879120879123,0.654320987654321,0.30304375518712245,0.37923605932554477,0.39427458778689206,20d,922,230,141,2021-10-13,2025-06-25,2025-06-26,2026-05-29,relevant_lag1_per_ticker,FPT,1
Logistic_Regression,Config_Hybrid,0.39565217391304347,0.10810810810810811,0.09876543209876543,0.3237440507667901,0.34253044991300025,0.3279062059822686,20d,922,230,167,2021-10-13,2025-06-25,2025-06-26,2026-05-29,relevant_lag1_per_ticker,FPT,1
Random_Forest,Config_Hybrid,0.36086956521739133,0.35526315789473684,1.0,0.2753809554426799,0.61028254204988,0.5067114093959731,20d,922,230,167,2021-10-13,2025-06-25,2025-06-26,2026-05-29,relevant_lag1_per_ticker,FPT,1
Logistic_Regression,Config_A,0.5854700854700855,0.5405405405405406,0.2,0.49945972170154584,0.5763432835820895,0.5365671641791044,1d,937,234,26,2021-10-13,2025-07-16,2025-07-17,2026-06-25,relevant_lag1_per_ticker,HPG,1
Random_Forest,Config_A,0.5897435897435898,0.5833333333333334,0.14,0.47336834208552137,0.571044776119403,0.5326865671641792,1d,937,234,26,2021-10-13,2025-07-16,2025-07-17,2026-06-25,relevant_lag1_per_ticker,HPG,1
Logistic_Regression,Config_LLM,0.4444444444444444,0.40384615384615385,0.63,0.43948997641509435,0.4856716417910448,0.46798507462686567,1d,937,234,141,2021-10-13,2025-07-16,2025-07-17,2026-06-25,relevant_lag1_per_ticker,HPG,1
Random_Forest,Config_LLM,0.5,0.4260869565217391,0.49,0.4966816803014983,0.4911194029850746,0.4987313432835821,1d,937,234,141,2021-10-13,2025-07-16,2025-07-17,2026-06-25,relevant_lag1_per_ticker,HPG,1
Logistic_Regression,Config_Hybrid,0.5170940170940171,0.42857142857142855,0.39,0.5002173625418187,0.4992537313432836,0.5009701492537313,1d,937,234,167,2021-10-13,2025-07-16,2025-07-17,2026-06-25,relevant_lag1_per_ticker,HPG,1
Random_Forest,Config_Hybrid,0.5470085470085471,0.40625,0.13,0.4407467532467533,0.5213059701492537,0.4941044776119403,1d,937,234,167,2021-10-13,2025-07-16,2025-07-17,2026-06-25,relevant_lag1_per_ticker,HPG,1
Logistic_Regression,Config_A,0.5793991416309013,0.0,0.0,0.36684782608695654,0.5888133030990175,0.5,5d,934,233,26,2021-10-13,2025-07-11,2025-07-14,2026-06-19,relevant_lag1_per_ticker,HPG,1
Random_Forest,Config_A,0.6051502145922747,0.5681818181818182,0.25510204081632654,0.5340810293861937,0.6378684807256236,0.5571806500377929,5d,934,233,26,2021-10-13,2025-07-11,2025-07-14,2026-06-19,relevant_lag1_per_ticker,HPG,1
Logistic_Regression,Config_LLM,0.47639484978540775,0.41044776119402987,0.5612244897959183,0.4763852048334807,0.500604686318972,0.4880196523053666,5d,934,233,141,2021-10-13,2025-07-11,2025-07-14,2026-06-19,relevant_lag1_per_ticker,HPG,1
Random_Forest,Config_LLM,0.44635193133047213,0.4114285714285714,0.7346938775510204,0.4295393725445539,0.5019652305366591,0.48586545729402875,5d,934,233,141,2021-10-13,2025-07-11,2025-07-14,2026-06-19,relevant_lag1_per_ticker,HPG,1
Logistic_Regression,Config_Hybrid,0.5622317596566524,0.46296296296296297,0.25510204081632654,0.5020533020449212,0.5665154950869237,0.5201436130007558,5d,934,233,167,2021-10-13,2025-07-11,2025-07-14,2026-06-19,relevant_lag1_per_ticker,HPG,1
Random_Forest,Config_Hybrid,0.6008583690987125,0.7272727272727273,0.08163265306122448,0.4431423945725079,0.5904761904761905,0.5297052154195011,5d,934,233,167,2021-10-13,2025-07-11,2025-07-14,2026-06-19,relevant_lag1_per_ticker,HPG,1
Logistic_Regression,Config_A,0.5474137931034483,0.0,0.0,0.35376044568245124,0.5201349831271092,0.5,10d,930,232,26,2021-10-13,2025-07-07,2025-07-08,2026-06-12,relevant_lag1_per_ticker,HPG,1
Random_Forest,Config_A,0.5646551724137931,1.0,0.0380952380952381,0.3944437265796615,0.6782527184101986,0.5190476190476191,10d,930,232,26,2021-10-13,2025-07-07,2025-07-08,2026-06-12,relevant_lag1_per_ticker,HPG,1
Logistic_Regression,Config_LLM,0.49137931034482757,0.44881889763779526,0.5428571428571428,0.49137931034482757,0.4872890888638921,0.49583802024746904,10d,930,232,141,2021-10-13,2025-07-07,2025-07-08,2026-06-12,relevant_lag1_per_ticker,HPG,1
Random_Forest,Config_LLM,0.45689655172413796,0.416,0.49523809523809526,0.4568561872909699,0.44671916010498686,0.46021747281589803,10d,930,232,141,2021-10-13,2025-07-07,2025-07-08,2026-06-12,relevant_lag1_per_ticker,HPG,1
Logistic_Regression,Config_Hybrid,0.5043103448275862,0.42424242424242425,0.26666666666666666,0.46749695627008364,0.514360704911886,0.4837270341207349,10d,930,232,167,2021-10-13,2025-07-07,2025-07-08,2026-06-12,relevant_lag1_per_ticker,HPG,1
Random_Forest,Config_Hybrid,0.5474137931034483,0.0,0.0,0.35376044568245124,0.5979377577802774,0.5,10d,930,232,167,2021-10-13,2025-07-07,2025-07-08,2026-06-12,relevant_lag1_per_ticker,HPG,1
Logistic_Regression,Config_A,0.5,0.0,0.0,0.3333333333333333,0.4626086956521739,0.5,20d,922,230,26,2021-10-13,2025-06-25,2025-06-26,2026-05-29,relevant_lag1_per_ticker,HPG,1
Random_Forest,Config_A,0.5478260869565217,0.9230769230769231,0.10434782608695652,0.4371234939759036,0.6225330812854442,0.5478260869565218,20d,922,230,26,2021-10-13,2025-06-25,2025-06-26,2026-05-29,relevant_lag1_per_ticker,HPG,1
Logistic_Regression,Config_LLM,0.46956521739130436,0.4755244755244755,0.591304347826087,0.46158569345306627,0.44960302457466916,0.46956521739130436,20d,922,230,141,2021-10-13,2025-06-25,2025-06-26,2026-05-29,relevant_lag1_per_ticker,HPG,1
Random_Forest,Config_LLM,0.4782608695652174,0.48299319727891155,0.6173913043478261,0.4679620633819107,0.5044990548204159,0.4782608695652174,20d,922,230,141,2021-10-13,2025-06-25,2025-06-26,2026-05-29,relevant_lag1_per_ticker,HPG,1
Logistic_Regression,Config_Hybrid,0.48695652173913045,0.45454545454545453,0.13043478260869565,0.4122487872487873,0.5158412098298677,0.48695652173913045,20d,922,230,167,2021-10-13,2025-06-25,2025-06-26,2026-05-29,relevant_lag1_per_ticker,HPG,1
Random_Forest,Config_Hybrid,0.5,0.0,0.0,0.3333333333333333,0.6872211720226844,0.5,20d,922,230,167,2021-10-13,2025-06-25,2025-06-26,2026-05-29,relevant_lag1_per_ticker,HPG,1
Logistic_Regression,Config_A,0.5512820512820513,0.5087719298245614,0.27358490566037735,0.5057829628884642,0.5502653301886793,0.5274174528301887,1d,937,234,26,2021-10-13,2025-07-16,2025-07-17,2026-06-25,relevant_lag1_per_ticker,SSI,1
Random_Forest,Config_A,0.5256410256410257,0.4358974358974359,0.16037735849056603,0.44541475392334795,0.4919295400943396,0.494251179245283,1d,937,234,26,2021-10-13,2025-07-16,2025-07-17,2026-06-25,relevant_lag1_per_ticker,SSI,1
Logistic_Regression,Config_LLM,0.47435897435897434,0.45251396648044695,0.7641509433962265,0.4481449525452976,0.45813679245283023,0.49926297169811323,1d,937,234,141,2021-10-13,2025-07-16,2025-07-17,2026-06-25,relevant_lag1_per_ticker,SSI,1
Random_Forest,Config_LLM,0.45726495726495725,0.437125748502994,0.6886792452830188,0.44175824175824174,0.4825692806603773,0.4771521226415094,1d,937,234,141,2021-10-13,2025-07-16,2025-07-17,2026-06-25,relevant_lag1_per_ticker,SSI,1
Logistic_Regression,Config_Hybrid,0.48717948717948717,0.4588235294117647,0.7358490566037735,0.4701086956521739,0.478405070754717,0.5085495283018868,1d,937,234,167,2021-10-13,2025-07-16,2025-07-17,2026-06-25,relevant_lag1_per_ticker,SSI,1
Random_Forest,Config_Hybrid,0.4829059829059829,0.40963855421686746,0.32075471698113206,0.4630483017579792,0.4920032429245283,0.468971108490566,1d,937,234,167,2021-10-13,2025-07-16,2025-07-17,2026-06-25,relevant_lag1_per_ticker,SSI,1
Logistic_Regression,Config_A,0.5879828326180258,0.7272727272727273,0.1509433962264151,0.48298816568047337,0.5719803892437973,0.5518496508691131,5d,934,233,26,2021-10-13,2025-07-11,2025-07-14,2026-06-19,relevant_lag1_per_ticker,SSI,1
Random_Forest,Config_A,0.5879828326180258,0.5925925925925926,0.3018867924528302,0.5431372549019609,0.584199970286733,0.5643292229980686,5d,934,233,26,2021-10-13,2025-07-11,2025-07-14,2026-06-19,relevant_lag1_per_ticker,SSI,1
Logistic_Regression,Config_LLM,0.463519313304721,0.4588744588744589,1.0,0.33004393531617326,0.5450155994651612,0.5078740157480315,5d,934,233,141,2021-10-13,2025-07-11,2025-07-14,2026-06-19,relevant_lag1_per_ticker,SSI,1
Random_Forest,Config_LLM,0.5107296137339056,0.4803921568627451,0.9245283018867925,0.4507444168734491,0.5257391175159709,0.5449413162977269,5d,934,233,141,2021-10-13,2025-07-11,2025-07-14,2026-06-19,relevant_lag1_per_ticker,SSI,1
Logistic_Regression,Config_Hybrid,0.5021459227467812,0.47596153846153844,0.9339622641509434,0.43370767683540057,0.5837171296984103,0.5378472738077552,5d,934,233,167,2021-10-13,2025-07-11,2025-07-14,2026-06-19,relevant_lag1_per_ticker,SSI,1
Random_Forest,Config_Hybrid,0.5836909871244635,0.5918367346938775,0.27358490566037735,0.531148221138886,0.643180805229535,0.5580522953498737,5d,934,233,167,2021-10-13,2025-07-11,2025-07-14,2026-06-19,relevant_lag1_per_ticker,SSI,1
Logistic_Regression,Config_A,0.5431034482758621,0.8181818181818182,0.15,0.46216429008835624,0.6078869047619047,0.5571428571428572,10d,930,232,26,2021-10-13,2025-07-07,2025-07-08,2026-06-12,relevant_lag1_per_ticker,SSI,1
Random_Forest,Config_A,0.43103448275862066,0.42105263157894735,0.26666666666666666,0.4169966494060311,0.4871279761904762,0.4369047619047619,10d,930,232,26,2021-10-13,2025-07-07,2025-07-08,2026-06-12,relevant_lag1_per_ticker,SSI,1
Logistic_Regression,Config_LLM,0.521551724137931,0.5194805194805194,1.0,0.3507298994024658,0.599404761904762,0.5044642857142857,10d,930,232,141,2021-10-13,2025-07-07,2025-07-08,2026-06-12,relevant_lag1_per_ticker,SSI,1
Random_Forest,Config_LLM,0.5344827586206896,0.5265486725663717,0.9916666666666667,0.3863035171940825,0.462983630952381,0.518154761904762,10d,930,232,141,2021-10-13,2025-07-07,2025-07-08,2026-06-12,relevant_lag1_per_ticker,SSI,1
Logistic_Regression,Config_Hybrid,0.5775862068965517,0.5509259259259259,0.9916666666666667,0.4713541666666667,0.6365327380952381,0.562797619047619,10d,930,232,167,2021-10-13,2025-07-07,2025-07-08,2026-06-12,relevant_lag1_per_ticker,SSI,1
Random_Forest,Config_Hybrid,0.5,0.6666666666666666,0.06666666666666667,0.3859072654253377,0.5738095238095238,0.5154761904761905,10d,930,232,167,2021-10-13,2025-07-07,2025-07-08,2026-06-12,relevant_lag1_per_ticker,SSI,1
Logistic_Regression,Config_A,0.5652173913043478,0.7368421052631579,0.12844036697247707,0.4587725903614458,0.5617560087952082,0.5435590264614452,20d,922,230,26,2021-10-13,2025-06-25,2025-06-26,2026-05-29,relevant_lag1_per_ticker,SSI,1
Random_Forest,Config_A,0.5130434782608696,0.4482758620689655,0.11926605504587157,0.42028985507246375,0.6090681628629919,0.4935173250435969,20d,922,230,26,2021-10-13,2025-06-25,2025-06-26,2026-05-29,relevant_lag1_per_ticker,SSI,1
Logistic_Regression,Config_LLM,0.5260869565217391,0.5,0.8990825688073395,0.4696985721840296,0.6292364849495792,0.5445826067177193,20d,922,230,141,2021-10-13,2025-06-25,2025-06-26,2026-05-29,relevant_lag1_per_ticker,SSI,1
Random_Forest,Config_LLM,0.48695652173913045,0.4796380090497738,0.9724770642201835,0.3673659673659674,0.3734551520206233,0.5110319205398438,20d,922,230,141,2021-10-13,2025-06-25,2025-06-26,2026-05-29,relevant_lag1_per_ticker,SSI,1
Logistic_Regression,Config_Hybrid,0.6086956521739131,0.5785123966942148,0.6422018348623854,0.6086956521739131,0.6239290317688984,0.6103571157783001,20d,922,230,167,2021-10-13,2025-06-25,2025-06-26,2026-05-29,relevant_lag1_per_ticker,SSI,1
Random_Forest,Config_Hybrid,0.5739130434782609,0.8666666666666667,0.11926605504587157,0.45900537634408606,0.6301084236864054,0.5513685647130184,20d,922,230,167,2021-10-13,2025-06-25,2025-06-26,2026-05-29,relevant_lag1_per_ticker,SSI,1
Logistic_Regression,Config_A,0.5213675213675214,0.43137254901960786,0.20952380952380953,0.46153846153846156,0.49605020302694725,0.492358803986711,1d,937,234,26,2021-10-13,2025-07-16,2025-07-17,2026-06-25,relevant_lag1_per_ticker,VCB,1
Random_Forest,Config_A,0.5427350427350427,0.4791666666666667,0.21904761904761905,0.48048552754435103,0.5366186784791437,0.512624584717608,1d,937,234,26,2021-10-13,2025-07-16,2025-07-17,2026-06-25,relevant_lag1_per_ticker,VCB,1
Logistic_Regression,Config_LLM,0.5128205128205128,0.4470588235294118,0.3619047619047619,0.4949640287769784,0.4836471022517534,0.49878183831672207,1d,937,234,141,2021-10-13,2025-07-16,2025-07-17,2026-06-25,relevant_lag1_per_ticker,VCB,1
Random_Forest,Config_LLM,0.5384615384615384,0.4805194805194805,0.3523809523809524,0.5144855144855145,0.518641565153193,0.5211517165005537,1d,937,234,141,2021-10-13,2025-07-16,2025-07-17,2026-06-25,relevant_lag1_per_ticker,VCB,1
Logistic_Regression,Config_Hybrid,0.5128205128205128,0.43478260869565216,0.2857142857142857,0.47853624208304013,0.4711701734957549,0.49169435215946844,1d,937,234,167,2021-10-13,2025-07-16,2025-07-17,2026-06-25,relevant_lag1_per_ticker,VCB,1
Random_Forest,Config_Hybrid,0.5555555555555556,0.5135135135135135,0.18095238095238095,0.4742936144474207,0.5304171280915466,0.5207087486157254,1d,937,234,167,2021-10-13,2025-07-16,2025-07-17,2026-06-25,relevant_lag1_per_ticker,VCB,1
Logistic_Regression,Config_A,0.6223175965665236,0.8888888888888888,0.1568627450980392,0.5061657032755299,0.6624756772938182,0.5707977847627601,5d,934,233,26,2021-10-13,2025-07-11,2025-07-14,2026-06-19,relevant_lag1_per_ticker,VCB,1
Random_Forest,Config_A,0.6351931330472103,0.7741935483870968,0.23529411764705882,0.5528235001919213,0.6884822631342613,0.590929501571621,5d,934,233,26,2021-10-13,2025-07-11,2025-07-14,2026-06-19,relevant_lag1_per_ticker,VCB,1
Logistic_Regression,Config_LLM,0.5665236051502146,0.5046728971962616,0.5294117647058824,0.5618751512669187,0.5389163298907349,0.5624158060170633,5d,934,233,141,2021-10-13,2025-07-11,2025-07-14,2026-06-19,relevant_lag1_per_ticker,VCB,1
Random_Forest,Config_LLM,0.5150214592274678,0.43373493975903615,0.35294117647058826,0.4935269789362316,0.5312079030085316,0.4970812752581949,5d,934,233,141,2021-10-13,2025-07-11,2025-07-14,2026-06-19,relevant_lag1_per_ticker,VCB,1
Logistic_Regression,Config_Hybrid,0.5493562231759657,0.4482758620689655,0.12745098039215685,0.4425202233109263,0.6029037569226162,0.5026567879060021,5d,934,233,167,2021-10-13,2025-07-11,2025-07-14,2026-06-19,relevant_lag1_per_ticker,VCB,1
Random_Forest,Config_Hybrid,0.6351931330472103,0.7297297297297297,0.2647058823529412,0.5642751853563022,0.6710821733273462,0.5941850022451729,5d,934,233,167,2021-10-13,2025-07-11,2025-07-14,2026-06-19,relevant_lag1_per_ticker,VCB,1
Logistic_Regression,Config_A,0.5862068965517241,0.5,0.21875,0.5049346492397973,0.7244944852941176,0.5321691176470589,10d,930,232,26,2021-10-13,2025-07-07,2025-07-08,2026-06-12,relevant_lag1_per_ticker,VCB,1
Random_Forest,Config_A,0.5775862068965517,0.4772727272727273,0.21875,0.49876543209876545,0.6175321691176471,0.5248161764705883,10d,930,232,26,2021-10-13,2025-07-07,2025-07-08,2026-06-12,relevant_lag1_per_ticker,VCB,1
Logistic_Regression,Config_LLM,0.5086206896551724,0.423728813559322,0.5208333333333334,0.5056448598130842,0.5490196078431372,0.5104166666666667,10d,930,232,141,2021-10-13,2025-07-07,2025-07-08,2026-06-12,relevant_lag1_per_ticker,VCB,1
Random_Forest,Config_LLM,0.4827586206896552,0.3867924528301887,0.4270833333333333,0.47396266344191673,0.5271905637254901,0.4745710784313726,10d,930,232,141,2021-10-13,2025-07-07,2025-07-08,2026-06-12,relevant_lag1_per_ticker,VCB,1
Logistic_Regression,Config_Hybrid,0.6206896551724138,0.6,0.25,0.5423242467718795,0.6717984068627451,0.5661764705882353,10d,930,232,167,2021-10-13,2025-07-07,2025-07-08,2026-06-12,relevant_lag1_per_ticker,VCB,1
Random_Forest,Config_Hybrid,0.5775862068965517,0.475,0.19791666666666666,0.49031563845050213,0.5420496323529412,0.5217524509803921,10d,930,232,167,2021-10-13,2025-07-07,2025-07-08,2026-06-12,relevant_lag1_per_ticker,VCB,1
Logistic_Regression,Config_A,0.6739130434782609,0.7288135593220338,0.4215686274509804,0.6416626851409459,0.7650122549019608,0.6482843137254902,20d,922,230,26,2021-10-13,2025-06-25,2025-06-26,2026-05-29,relevant_lag1_per_ticker,VCB,1
Random_Forest,Config_A,0.6782608695652174,0.8181818181818182,0.35294117647058826,0.6287409475612948,0.7630208333333333,0.6452205882352942,20d,922,230,26,2021-10-13,2025-06-25,2025-06-26,2026-05-29,relevant_lag1_per_ticker,VCB,1
Logistic_Regression,Config_LLM,0.46956521739130436,0.4230769230769231,0.5392156862745098,0.4695251058681186,0.5392922794117647,0.4766390931372549,20d,922,230,141,2021-10-13,2025-06-25,2025-06-26,2026-05-29,relevant_lag1_per_ticker,VCB,1
Random_Forest,Config_LLM,0.5565217391304348,0.5,0.5980392156862745,0.5562197336561743,0.5523897058823529,0.5607383578431373,20d,922,230,141,2021-10-13,2025-06-25,2025-06-26,2026-05-29,relevant_lag1_per_ticker,VCB,1
Logistic_Regression,Config_Hybrid,0.591304347826087,0.5740740740740741,0.30392156862745096,0.544112685560054,0.649203431372549,0.5621170343137255,20d,922,230,167,2021-10-13,2025-06-25,2025-06-26,2026-05-29,relevant_lag1_per_ticker,VCB,1
Random_Forest,Config_Hybrid,0.6434782608695652,0.7083333333333334,0.3333333333333333,0.5944086021505376,0.7151118259803922,0.6119791666666666,20d,922,230,167,2021-10-13,2025-06-25,2025-06-26,2026-05-29,relevant_lag1_per_ticker,VCB,1
Logistic_Regression,Config_A,0.5042735042735043,0.46357615894039733,0.6666666666666666,0.49985259433962265,0.5367294204503507,0.5193798449612403,1d,937,234,26,2021-10-13,2025-07-16,2025-07-17,2026-06-25,relevant_lag1_per_ticker,VNM,1
Random_Forest,Config_A,0.5256410256410257,0.4625,0.3523809523809524,0.503886925795053,0.5418973791066815,0.5095238095238095,1d,937,234,26,2021-10-13,2025-07-16,2025-07-17,2026-06-25,relevant_lag1_per_ticker,VNM,1
Logistic_Regression,Config_LLM,0.5299145299145299,0.46987951807228917,0.37142857142857144,0.5110182370820668,0.526172019195275,0.5151716500553709,1d,937,234,141,2021-10-13,2025-07-16,2025-07-17,2026-06-25,relevant_lag1_per_ticker,VNM,1
Random_Forest,Config_LLM,0.5341880341880342,0.475,0.3619047619047619,0.5128259001050521,0.514765596160945,0.5181616832779623,1d,937,234,141,2021-10-13,2025-07-16,2025-07-17,2026-06-25,relevant_lag1_per_ticker,VNM,1
Logistic_Regression,Config_Hybrid,0.5128205128205128,0.45544554455445546,0.4380952380952381,0.5057437189653895,0.5339239571797711,0.5058693244739756,1d,937,234,167,2021-10-13,2025-07-16,2025-07-17,2026-06-25,relevant_lag1_per_ticker,VNM,1
Random_Forest,Config_Hybrid,0.5299145299145299,0.4576271186440678,0.2571428571428571,0.48371309370988447,0.5083056478405316,0.5045404208194906,1d,937,234,167,2021-10-13,2025-07-16,2025-07-17,2026-06-25,relevant_lag1_per_ticker,VNM,1
Logistic_Regression,Config_A,0.5364806866952789,0.4810126582278481,0.7450980392156863,0.5301717699775952,0.6359077982337974,0.559571920371202,5d,934,233,26,2021-10-13,2025-07-11,2025-07-14,2026-06-19,relevant_lag1_per_ticker,VNM,1
Random_Forest,Config_A,0.5708154506437768,0.509090909090909,0.5490196078431373,0.5673005496954391,0.6041760215536597,0.568402933692561,5d,934,233,26,2021-10-13,2025-07-11,2025-07-14,2026-06-19,relevant_lag1_per_ticker,VNM,1
Logistic_Regression,Config_LLM,0.44635193133047213,0.37142857142857144,0.38235294117647056,0.43937104806670024,0.4577907498877414,0.4392680736416704,5d,934,233,141,2021-10-13,2025-07-11,2025-07-14,2026-06-19,relevant_lag1_per_ticker,VNM,1
Random_Forest,Config_LLM,0.5364806866952789,0.4634146341463415,0.37254901960784315,0.5150323774283071,0.5483834755276156,0.5183355785062116,5d,934,233,141,2021-10-13,2025-07-11,2025-07-14,2026-06-19,relevant_lag1_per_ticker,VNM,1
Logistic_Regression,Config_Hybrid,0.5708154506437768,0.5098039215686274,0.5098039215686274,0.5640622661278252,0.5845681784164046,0.5640622661278252,5d,934,233,167,2021-10-13,2025-07-11,2025-07-14,2026-06-19,relevant_lag1_per_ticker,VNM,1
Random_Forest,Config_Hybrid,0.5579399141630901,0.4918032786885246,0.29411764705882354,0.5140820830549313,0.550441550666068,0.5287382128423889,5d,934,233,167,2021-10-13,2025-07-11,2025-07-14,2026-06-19,relevant_lag1_per_ticker,VNM,1
Logistic_Regression,Config_A,0.5948275862068966,0.5704225352112676,0.7105263157894737,0.5904447115384616,0.6236990782039844,0.5967885816235504,10d,930,232,26,2021-10-13,2025-07-07,2025-07-08,2026-06-12,relevant_lag1_per_ticker,VNM,1
Random_Forest,Config_A,0.5603448275862069,0.5588235294117647,0.5,0.5582437275985663,0.6135518881950639,0.5593220338983051,10d,930,232,26,2021-10-13,2025-07-07,2025-07-08,2026-06-12,relevant_lag1_per_ticker,VNM,1
Logistic_Regression,Config_LLM,0.5043103448275862,0.494949494949495,0.4298245614035088,0.5009632830181621,0.45695807314897413,0.5030478739220934,10d,930,232,141,2021-10-13,2025-07-07,2025-07-08,2026-06-12,relevant_lag1_per_ticker,VNM,1
Random_Forest,Config_LLM,0.5086206896551724,0.5,0.2631578947368421,0.47586206896551725,0.5079913767469522,0.5044603033006244,10d,930,232,141,2021-10-13,2025-07-07,2025-07-08,2026-06-12,relevant_lag1_per_ticker,VNM,1
Logistic_Regression,Config_Hybrid,0.5862068965517241,0.59,0.5175438596491229,0.5837009345794393,0.5742640499553969,0.5850431162652394,10d,930,232,167,2021-10-13,2025-07-07,2025-07-08,2026-06-12,relevant_lag1_per_ticker,VNM,1
Random_Forest,Config_Hybrid,0.5172413793103449,0.5161290322580645,0.2807017543859649,0.4873737373737374,0.603516205768659,0.5132322331251858,10d,930,232,167,2021-10-13,2025-07-07,2025-07-08,2026-06-12,relevant_lag1_per_ticker,VNM,1
Logistic_Regression,Config_A,0.6434782608695652,0.5844155844155844,0.8333333333333334,0.6364407433109723,0.7086369156041287,0.6543715846994536,20d,922,230,26,2021-10-13,2025-06-25,2025-06-26,2026-05-29,relevant_lag1_per_ticker,VNM,1
Random_Forest,Config_A,0.6260869565217392,0.5964912280701754,0.6296296296296297,0.6256340373987432,0.6955069823922283,0.6262902246508804,20d,922,230,26,2021-10-13,2025-06-25,2025-06-26,2026-05-29,relevant_lag1_per_ticker,VNM,1
Logistic_Regression,Config_LLM,0.4391304347826087,0.42657342657342656,0.5648148148148148,0.4344154482548276,0.4178809957498482,0.4463418336369156,20d,922,230,141,2021-10-13,2025-06-25,2025-06-26,2026-05-29,relevant_lag1_per_ticker,VNM,1
Random_Forest,Config_LLM,0.46956521739130436,0.3870967741935484,0.2222222222222222,0.4308316430020284,0.4064966605950213,0.4553734061930783,20d,922,230,141,2021-10-13,2025-06-25,2025-06-26,2026-05-29,relevant_lag1_per_ticker,VNM,1
Logistic_Regression,Config_Hybrid,0.6,0.5677966101694916,0.6203703703703703,0.5998789804099538,0.62105343047966,0.6011687917425622,20d,922,230,167,2021-10-13,2025-06-25,2025-06-26,2026-05-29,relevant_lag1_per_ticker,VNM,1
Random_Forest,Config_Hybrid,0.5608695652173913,0.5402298850574713,0.4351851851851852,0.5504596032897919,0.5981329690346083,0.5536581663630844,20d,922,230,167,2021-10-13,2025-06-25,2025-06-26,2026-05-29,relevant_lag1_per_ticker,VNM,1
Logistic_Regression,Config_A,0.5555555555555556,0.4700854700854701,0.5670103092783505,0.5522849363455735,0.589284370532019,0.5572277823764016,1d,937,234,26,2021-10-13,2025-07-16,2025-07-17,2026-06-25,direct_lag1_per_ticker,FPT,1
Random_Forest,Config_A,0.4829059829059829,0.42,0.6494845360824743,0.48130507263634204,0.5231018135299872,0.5072240198660547,1d,937,234,26,2021-10-13,2025-07-16,2025-07-17,2026-06-25,direct_lag1_per_ticker,FPT,1
Logistic_Regression,Config_LLM,0.5470085470085471,0.4470588235294118,0.3917525773195876,0.5234765234765235,0.5484235081646474,0.5243434419444654,1d,937,234,141,2021-10-13,2025-07-16,2025-07-17,2026-06-25,direct_lag1_per_ticker,FPT,1
Random_Forest,Config_LLM,0.44871794871794873,0.3961038961038961,0.6288659793814433,0.4457928654047405,0.48513808412973136,0.4750169312965611,1d,937,234,141,2021-10-13,2025-07-16,2025-07-17,2026-06-25,direct_lag1_per_ticker,FPT,1
Logistic_Regression,Config_Hybrid,0.5769230769230769,0.48863636363636365,0.44329896907216493,0.5575207716550472,0.5645270524493942,0.5574159078937466,1d,937,234,167,2021-10-13,2025-07-16,2025-07-17,2026-06-25,direct_lag1_per_ticker,FPT,1
Random_Forest,Config_Hybrid,0.4829059829059829,0.4294117647058823,0.7525773195876289,0.4724132148247526,0.5540672736850026,0.5222740612536685,1d,937,234,167,2021-10-13,2025-07-16,2025-07-17,2026-06-25,direct_lag1_per_ticker,FPT,1
Logistic_Regression,Config_A,0.5407725321888412,0.27906976744186046,0.13636363636363635,0.4319015608978011,0.4960815047021944,0.46128526645768025,5d,934,233,26,2021-10-13,2025-07-11,2025-07-14,2026-06-19,direct_lag1_per_ticker,FPT,1
Random_Forest,Config_A,0.4034334763948498,0.3835616438356164,0.9545454545454546,0.3365087169401594,0.5301724137931034,0.5117554858934169,5d,934,233,26,2021-10-13,2025-07-11,2025-07-14,2026-06-19,direct_lag1_per_ticker,FPT,1
Logistic_Regression,Config_LLM,0.5107296137339056,0.3333333333333333,0.29545454545454547,0.4666265060240964,0.438871473354232,0.4684169278996865,5d,934,233,141,2021-10-13,2025-07-11,2025-07-14,2026-06-19,direct_lag1_per_ticker,FPT,1
Random_Forest,Config_LLM,0.39914163090128757,0.3631578947368421,0.7840909090909091,0.37586101331700594,0.5111285266457681,0.4748040752351097,5d,934,233,141,2021-10-13,2025-07-11,2025-07-14,2026-06-19,direct_lag1_per_ticker,FPT,1
Logistic_Regression,Config_Hybrid,0.463519313304721,0.23943661971830985,0.19318181818181818,0.4033351771044599,0.40446708463949843,0.410384012539185,5d,934,233,167,2021-10-13,2025-07-11,2025-07-14,2026-06-19,direct_lag1_per_ticker,FPT,1
Random_Forest,Config_Hybrid,0.4034334763948498,0.3835616438356164,0.9545454545454546,0.3365087169401594,0.5184952978056426,0.5117554858934169,5d,934,233,167,2021-10-13,2025-07-11,2025-07-14,2026-06-19,direct_lag1_per_ticker,FPT,1
Logistic_Regression,Config_A,0.6077586206896551,0.4166666666666667,0.30864197530864196,0.5364380914739916,0.5132859128444117,0.5384269479192216,10d,930,232,26,2021-10-13,2025-07-07,2025-07-08,2026-06-12,direct_lag1_per_ticker,FPT,1
Random_Forest,Config_A,0.3922413793103448,0.3598130841121495,0.9506172839506173,0.3438571858389329,0.6774180361376829,0.5216662578693484,10d,930,232,26,2021-10-13,2025-07-07,2025-07-08,2026-06-12,direct_lag1_per_ticker,FPT,1
Logistic_Regression,Config_LLM,0.45689655172413796,0.2222222222222222,0.2222222222222222,0.4025018395879323,0.4206524405199902,0.4025018395879323,10d,930,232,141,2021-10-13,2025-07-07,2025-07-08,2026-06-12,direct_lag1_per_ticker,FPT,1
Random_Forest,Config_LLM,0.33189655172413796,0.30526315789473685,0.7160493827160493,0.3124677360763245,0.4142752023546726,0.42093859864279287,10d,930,232,141,2021-10-13,2025-07-07,2025-07-08,2026-06-12,direct_lag1_per_ticker,FPT,1
Logistic_Regression,Config_Hybrid,0.4224137931034483,0.15584415584415584,0.14814814814814814,0.35699511872259454,0.3904014389665604,0.3588422859946039,10d,930,232,167,2021-10-13,2025-07-07,2025-07-08,2026-06-12,direct_lag1_per_ticker,FPT,1
Random_Forest,Config_Hybrid,0.3577586206896552,0.3495575221238938,0.9753086419753086,0.28280669723438245,0.4591611479028697,0.5008993541002371,10d,930,232,167,2021-10-13,2025-07-07,2025-07-08,2026-06-12,direct_lag1_per_ticker,FPT,1
Logistic_Regression,Config_A,0.49130434782608695,0.359375,0.5679012345679012,0.487027964696239,0.4978042919877372,0.5087828320490513,20d,922,230,26,2021-10-13,2025-06-25,2025-06-26,2026-05-29,direct_lag1_per_ticker,FPT,1
Random_Forest,Config_A,0.3695652173913043,0.3584070796460177,1.0,0.2899874390581423,0.7317921948794432,0.5134228187919463,20d,922,230,26,2021-10-13,2025-06-25,2025-06-26,2026-05-29,direct_lag1_per_ticker,FPT,1
Logistic_Regression,Config_LLM,0.46956521739130436,0.25882352941176473,0.2716049382716049,0.4250471272846488,0.3628303919131659,0.4243930731626481,20d,922,230,141,2021-10-13,2025-06-25,2025-06-26,2026-05-29,direct_lag1_per_ticker,FPT,1
Random_Forest,Config_LLM,0.3782608695652174,0.29605263157894735,0.5555555555555556,0.3781550736420185,0.40989311459110117,0.41871737509321405,20d,922,230,141,2021-10-13,2025-06-25,2025-06-26,2026-05-29,direct_lag1_per_ticker,FPT,1
Logistic_Regression,Config_Hybrid,0.3782608695652174,0.09210526315789473,0.08641975308641975,0.3086123899014105,0.3435247327864777,0.3116662523821361,20d,922,230,167,2021-10-13,2025-06-25,2025-06-26,2026-05-29,direct_lag1_per_ticker,FPT,1
Random_Forest,Config_Hybrid,0.3782608695652174,0.36160714285714285,1.0,0.3042834479111581,0.6202667992377164,0.5201342281879194,20d,922,230,167,2021-10-13,2025-06-25,2025-06-26,2026-05-29,direct_lag1_per_ticker,FPT,1
Logistic_Regression,Config_A,0.5854700854700855,0.5405405405405406,0.2,0.49945972170154584,0.5763432835820895,0.5365671641791044,1d,937,234,26,2021-10-13,2025-07-16,2025-07-17,2026-06-25,direct_lag1_per_ticker,HPG,1
Random_Forest,Config_A,0.5897435897435898,0.5833333333333334,0.14,0.47336834208552137,0.571044776119403,0.5326865671641792,1d,937,234,26,2021-10-13,2025-07-16,2025-07-17,2026-06-25,direct_lag1_per_ticker,HPG,1
Logistic_Regression,Config_LLM,0.452991452991453,0.41139240506329117,0.65,0.44717607973421925,0.5091791044776119,0.4779850746268657,1d,937,234,141,2021-10-13,2025-07-16,2025-07-17,2026-06-25,direct_lag1_per_ticker,HPG,1
Random_Forest,Config_LLM,0.5427350427350427,0.47058823529411764,0.56,0.5408483248060736,0.5314552238805971,0.5449253731343284,1d,937,234,141,2021-10-13,2025-07-16,2025-07-17,2026-06-25,direct_lag1_per_ticker,HPG,1
Logistic_Regression,Config_Hybrid,0.5555555555555556,0.4777777777777778,0.43,0.539265429761454,0.5349253731343284,0.5396268656716418,1d,937,234,167,2021-10-13,2025-07-16,2025-07-17,2026-06-25,direct_lag1_per_ticker,HPG,1
Random_Forest,Config_Hybrid,0.5555555555555556,0.4444444444444444,0.16,0.461020552799433,0.5042164179104478,0.5053731343283582,1d,937,234,167,2021-10-13,2025-07-16,2025-07-17,2026-06-25,direct_lag1_per_ticker,HPG,1
Logistic_Regression,Config_A,0.5793991416309013,0.0,0.0,0.36684782608695654,0.5888133030990175,0.5,5d,934,233,26,2021-10-13,2025-07-11,2025-07-14,2026-06-19,direct_lag1_per_ticker,HPG,1
Random_Forest,Config_A,0.6051502145922747,0.5681818181818182,0.25510204081632654,0.5340810293861937,0.6378684807256236,0.5571806500377929,5d,934,233,26,2021-10-13,2025-07-11,2025-07-14,2026-06-19,direct_lag1_per_ticker,HPG,1
Logistic_Regression,Config_LLM,0.4034334763948498,0.36423841059602646,0.5612244897959183,0.4006070364406936,0.4606198034769463,0.4250566893424036,5d,934,233,141,2021-10-13,2025-07-11,2025-07-14,2026-06-19,direct_lag1_per_ticker,HPG,1
Random_Forest,Config_LLM,0.45064377682403434,0.40963855421686746,0.6938775510204082,0.44074407440744073,0.47996976568405136,0.4839758125472411,5d,934,233,141,2021-10-13,2025-07-11,2025-07-14,2026-06-19,direct_lag1_per_ticker,HPG,1
Logistic_Regression,Config_Hybrid,0.5407725321888412,0.4262295081967213,0.2653061224489796,0.48925491160141765,0.5481481481481482,0.5030234315948602,5d,934,233,167,2021-10-13,2025-07-11,2025-07-14,2026-06-19,direct_lag1_per_ticker,HPG,1
Random_Forest,Config_Hybrid,0.5879828326180258,0.55,0.11224489795918367,0.45528930450029226,0.5400604686318973,0.5227891156462585,5d,934,233,167,2021-10-13,2025-07-11,2025-07-14,2026-06-19,direct_lag1_per_ticker,HPG,1
Logistic_Regression,Config_A,0.5474137931034483,0.0,0.0,0.35376044568245124,0.5201349831271092,0.5,10d,930,232,26,2021-10-13,2025-07-07,2025-07-08,2026-06-12,direct_lag1_per_ticker,HPG,1
Random_Forest,Config_A,0.5646551724137931,1.0,0.0380952380952381,0.3944437265796615,0.6782527184101986,0.5190476190476191,10d,930,232,26,2021-10-13,2025-07-07,2025-07-08,2026-06-12,direct_lag1_per_ticker,HPG,1
Logistic_Regression,Config_LLM,0.4698275862068966,0.4375,0.6,0.46696553656486406,0.47356580427446565,0.4811023622047244,10d,930,232,141,2021-10-13,2025-07-07,2025-07-08,2026-06-12,direct_lag1_per_ticker,HPG,1
Random_Forest,Config_LLM,0.4353448275862069,0.3968253968253968,0.47619047619047616,0.43533433662189025,0.4239220097487814,0.43888263967004126,10d,930,232,141,2021-10-13,2025-07-07,2025-07-08,2026-06-12,direct_lag1_per_ticker,HPG,1
Logistic_Regression,Config_Hybrid,0.5043103448275862,0.4166666666666667,0.23809523809523808,0.4592074592074592,0.49508811398575175,0.4812523434570679,10d,930,232,167,2021-10-13,2025-07-07,2025-07-08,2026-06-12,direct_lag1_per_ticker,HPG,1
Random_Forest,Config_Hybrid,0.5387931034482759,0.0,0.0,0.35014005602240894,0.5798275215598051,0.4921259842519685,10d,930,232,167,2021-10-13,2025-07-07,2025-07-08,2026-06-12,direct_lag1_per_ticker,HPG,1
Logistic_Regression,Config_A,0.5,0.0,0.0,0.3333333333333333,0.4626086956521739,0.5,20d,922,230,26,2021-10-13,2025-06-25,2025-06-26,2026-05-29,direct_lag1_per_ticker,HPG,1
Random_Forest,Config_A,0.5478260869565217,0.9230769230769231,0.10434782608695652,0.4371234939759036,0.6225330812854442,0.5478260869565218,20d,922,230,26,2021-10-13,2025-06-25,2025-06-26,2026-05-29,direct_lag1_per_ticker,HPG,1
Logistic_Regression,Config_LLM,0.49130434782608695,0.49324324324324326,0.6347826086956522,0.4806122252031422,0.46291115311909264,0.49130434782608695,20d,922,230,141,2021-10-13,2025-06-25,2025-06-26,2026-05-29,direct_lag1_per_ticker,HPG,1
Random_Forest,Config_LLM,0.5217391304347826,0.5185185185185185,0.6086956521739131,0.5180952380952382,0.5052173913043478,0.5217391304347826,20d,922,230,141,2021-10-13,2025-06-25,2025-06-26,2026-05-29,direct_lag1_per_ticker,HPG,1
Logistic_Regression,Config_Hybrid,0.4608695652173913,0.2631578947368421,0.043478260869565216,0.3471293837560663,0.5503969754253308,0.4608695652173913,20d,922,230,167,2021-10-13,2025-06-25,2025-06-26,2026-05-29,direct_lag1_per_ticker,HPG,1
Random_Forest,Config_Hybrid,0.5043478260869565,1.0,0.008695652173913044,0.34292301523656776,0.6238563327032135,0.5043478260869565,20d,922,230,167,2021-10-13,2025-06-25,2025-06-26,2026-05-29,direct_lag1_per_ticker,HPG,1
Logistic_Regression,Config_A,0.5512820512820513,0.5087719298245614,0.27358490566037735,0.5057829628884642,0.5502653301886793,0.5274174528301887,1d,937,234,26,2021-10-13,2025-07-16,2025-07-17,2026-06-25,direct_lag1_per_ticker,SSI,1
Random_Forest,Config_A,0.5256410256410257,0.4358974358974359,0.16037735849056603,0.44541475392334795,0.4919295400943396,0.494251179245283,1d,937,234,26,2021-10-13,2025-07-16,2025-07-17,2026-06-25,direct_lag1_per_ticker,SSI,1
Logistic_Regression,Config_LLM,0.48717948717948717,0.46601941747572817,0.9056603773584906,0.42307692307692313,0.46314858490566035,0.5231426886792453,1d,937,234,141,2021-10-13,2025-07-16,2025-07-17,2026-06-25,direct_lag1_per_ticker,SSI,1
Random_Forest,Config_LLM,0.452991452991453,0.44086021505376344,0.7735849056603774,0.41718555417185554,0.44236438679245277,0.4805424528301887,1d,937,234,141,2021-10-13,2025-07-16,2025-07-17,2026-06-25,direct_lag1_per_ticker,SSI,1
Logistic_Regression,Config_Hybrid,0.48717948717948717,0.4606741573033708,0.7735849056603774,0.46264543784445805,0.4678655660377359,0.5117924528301887,1d,937,234,167,2021-10-13,2025-07-16,2025-07-17,2026-06-25,direct_lag1_per_ticker,SSI,1
Random_Forest,Config_Hybrid,0.5,0.43037974683544306,0.32075471698113206,0.47707000286505585,0.48002653301886794,0.484596108490566,1d,937,234,167,2021-10-13,2025-07-16,2025-07-17,2026-06-25,direct_lag1_per_ticker,SSI,1
Logistic_Regression,Config_A,0.5879828326180258,0.7272727272727273,0.1509433962264151,0.48298816568047337,0.5719803892437973,0.5518496508691131,5d,934,233,26,2021-10-13,2025-07-11,2025-07-14,2026-06-19,direct_lag1_per_ticker,SSI,1
Random_Forest,Config_A,0.5879828326180258,0.5925925925925926,0.3018867924528302,0.5431372549019609,0.584199970286733,0.5643292229980686,5d,934,233,26,2021-10-13,2025-07-11,2025-07-14,2026-06-19,direct_lag1_per_ticker,SSI,1
Logistic_Regression,Config_LLM,0.4592274678111588,0.45689655172413796,1.0,0.3214219674556213,0.5582380032684594,0.5039370078740157,5d,934,233,141,2021-10-13,2025-07-11,2025-07-14,2026-06-19,direct_lag1_per_ticker,SSI,1
Random_Forest,Config_LLM,0.4892703862660944,0.4682926829268293,0.9056603773584906,0.42481070428378803,0.5322017530827514,0.5236963304115287,5d,934,233,141,2021-10-13,2025-07-11,2025-07-14,2026-06-19,direct_lag1_per_ticker,SSI,1
Logistic_Regression,Config_Hybrid,0.4892703862660944,0.47085201793721976,0.9905660377358491,0.3848423668271471,0.5909225969395335,0.5307160897340663,5d,934,233,167,2021-10-13,2025-07-11,2025-07-14,2026-06-19,direct_lag1_per_ticker,SSI,1
Random_Forest,Config_Hybrid,0.5708154506437768,0.5340909090909091,0.44339622641509435,0.5584445118253487,0.603662160154509,0.5602807903729015,5d,934,233,167,2021-10-13,2025-07-11,2025-07-14,2026-06-19,direct_lag1_per_ticker,SSI,1
Logistic_Regression,Config_A,0.5431034482758621,0.8181818181818182,0.15,0.46216429008835624,0.6078869047619047,0.5571428571428572,10d,930,232,26,2021-10-13,2025-07-07,2025-07-08,2026-06-12,direct_lag1_per_ticker,SSI,1
Random_Forest,Config_A,0.43103448275862066,0.42105263157894735,0.26666666666666666,0.4169966494060311,0.4871279761904762,0.4369047619047619,10d,930,232,26,2021-10-13,2025-07-07,2025-07-08,2026-06-12,direct_lag1_per_ticker,SSI,1
Logistic_Regression,Config_LLM,0.521551724137931,0.5194805194805194,1.0,0.3507298994024658,0.5758184523809524,0.5044642857142857,10d,930,232,141,2021-10-13,2025-07-07,2025-07-08,2026-06-12,direct_lag1_per_ticker,SSI,1
Random_Forest,Config_LLM,0.521551724137931,0.5201793721973094,0.9666666666666667,0.3795147338746596,0.4458705357142857,0.5056547619047619,10d,930,232,141,2021-10-13,2025-07-07,2025-07-08,2026-06-12,direct_lag1_per_ticker,SSI,1
Logistic_Regression,Config_Hybrid,0.5603448275862069,0.5412844036697247,0.9833333333333333,0.4443505212735982,0.6090029761904762,0.5452380952380952,10d,930,232,167,2021-10-13,2025-07-07,2025-07-08,2026-06-12,direct_lag1_per_ticker,SSI,1
Random_Forest,Config_Hybrid,0.49137931034482757,0.75,0.025,0.3506641366223909,0.5568080357142857,0.5080357142857143,10d,930,232,167,2021-10-13,2025-07-07,2025-07-08,2026-06-12,direct_lag1_per_ticker,SSI,1
Logistic_Regression,Config_A,0.5652173913043478,0.7368421052631579,0.12844036697247707,0.4587725903614458,0.5617560087952082,0.5435590264614452,20d,922,230,26,2021-10-13,2025-06-25,2025-06-26,2026-05-29,direct_lag1_per_ticker,SSI,1
Random_Forest,Config_A,0.5130434782608696,0.4482758620689655,0.11926605504587157,0.42028985507246375,0.6090681628629919,0.4935173250435969,20d,922,230,26,2021-10-13,2025-06-25,2025-06-26,2026-05-29,direct_lag1_per_ticker,SSI,1
Logistic_Regression,Config_LLM,0.5217391304347826,0.49746192893401014,0.8990825688073395,0.46311858076563955,0.627947532034271,0.5404503753127606,20d,922,230,141,2021-10-13,2025-06-25,2025-06-26,2026-05-29,direct_lag1_per_ticker,SSI,1
Random_Forest,Config_LLM,0.4826086956521739,0.4772727272727273,0.963302752293578,0.36495046288777006,0.39150049283493826,0.5064447645765411,20d,922,230,141,2021-10-13,2025-06-25,2025-06-26,2026-05-29,direct_lag1_per_ticker,SSI,1
Logistic_Regression,Config_Hybrid,0.6217391304347826,0.5982142857142857,0.6146788990825688,0.6211590526136428,0.6319660322996438,0.6213890363181439,20d,922,230,167,2021-10-13,2025-06-25,2025-06-26,2026-05-29,direct_lag1_per_ticker,SSI,1
Random_Forest,Config_Hybrid,0.5434782608695652,0.5526315789473685,0.1926605504587156,0.4751255134641716,0.5511790128137084,0.5260823413450603,20d,922,230,167,2021-10-13,2025-06-25,2025-06-26,2026-05-29,direct_lag1_per_ticker,SSI,1
Logistic_Regression,Config_A,0.5213675213675214,0.43137254901960786,0.20952380952380953,0.46153846153846156,0.49605020302694725,0.492358803986711,1d,937,234,26,2021-10-13,2025-07-16,2025-07-17,2026-06-25,direct_lag1_per_ticker,VCB,1
Random_Forest,Config_A,0.5427350427350427,0.4791666666666667,0.21904761904761905,0.48048552754435103,0.5366186784791437,0.512624584717608,1d,937,234,26,2021-10-13,2025-07-16,2025-07-17,2026-06-25,direct_lag1_per_ticker,VCB,1
Logistic_Regression,Config_LLM,0.48717948717948717,0.4175824175824176,0.3619047619047619,0.4732893157262905,0.44651162790697674,0.47552602436323366,1d,937,234,141,2021-10-13,2025-07-16,2025-07-17,2026-06-25,direct_lag1_per_ticker,VCB,1
Random_Forest,Config_LLM,0.46153846153846156,0.3561643835616438,0.24761904761904763,0.4288260364199923,0.46651901070505725,0.4416389811738649,1d,937,234,141,2021-10-13,2025-07-16,2025-07-17,2026-06-25,direct_lag1_per_ticker,VCB,1
Logistic_Regression,Config_Hybrid,0.47435897435897434,0.3875,0.29523809523809524,0.45025307993505875,0.4556662975267627,0.4576965669988926,1d,937,234,167,2021-10-13,2025-07-16,2025-07-17,2026-06-25,direct_lag1_per_ticker,VCB,1
Random_Forest,Config_Hybrid,0.5641025641025641,0.5454545454545454,0.17142857142857143,0.47588932806324113,0.5582502768549281,0.5275747508305648,1d,937,234,167,2021-10-13,2025-07-16,2025-07-17,2026-06-25,direct_lag1_per_ticker,VCB,1
Logistic_Regression,Config_A,0.6223175965665236,0.8888888888888888,0.1568627450980392,0.5061657032755299,0.6624756772938182,0.5707977847627601,5d,934,233,26,2021-10-13,2025-07-11,2025-07-14,2026-06-19,direct_lag1_per_ticker,VCB,1
Random_Forest,Config_A,0.6351931330472103,0.7741935483870968,0.23529411764705882,0.5528235001919213,0.6884822631342613,0.590929501571621,5d,934,233,26,2021-10-13,2025-07-11,2025-07-14,2026-06-19,direct_lag1_per_ticker,VCB,1
Logistic_Regression,Config_LLM,0.6437768240343348,0.5725190839694656,0.7352941176470589,0.6437768240343348,0.607543780871127,0.6539066008082622,5d,934,233,141,2021-10-13,2025-07-11,2025-07-14,2026-06-19,direct_lag1_per_ticker,VCB,1
Random_Forest,Config_LLM,0.5622317596566524,0.5,0.4019607843137255,0.5419750231267345,0.567841640472983,0.5444918425385421,5d,934,233,141,2021-10-13,2025-07-11,2025-07-14,2026-06-19,direct_lag1_per_ticker,VCB,1
Logistic_Regression,Config_Hybrid,0.6094420600858369,0.6486486486486487,0.23529411764705882,0.533518139616747,0.6777428528663374,0.5680287382128424,5d,934,233,167,2021-10-13,2025-07-11,2025-07-14,2026-06-19,direct_lag1_per_ticker,VCB,1
Random_Forest,Config_Hybrid,0.6137339055793991,0.7,0.20588235294117646,0.5243603701687534,0.6816344858554109,0.5685900314324203,5d,934,233,167,2021-10-13,2025-07-11,2025-07-14,2026-06-19,direct_lag1_per_ticker,VCB,1
Logistic_Regression,Config_A,0.5862068965517241,0.5,0.21875,0.5049346492397973,0.7244944852941176,0.5321691176470589,10d,930,232,26,2021-10-13,2025-07-07,2025-07-08,2026-06-12,direct_lag1_per_ticker,VCB,1
Random_Forest,Config_A,0.5775862068965517,0.4772727272727273,0.21875,0.49876543209876545,0.6175321691176471,0.5248161764705883,10d,930,232,26,2021-10-13,2025-07-07,2025-07-08,2026-06-12,direct_lag1_per_ticker,VCB,1
Logistic_Regression,Config_LLM,0.5818965517241379,0.4965034965034965,0.7395833333333334,0.5815155741515574,0.5994944852941175,0.6050857843137255,10d,930,232,141,2021-10-13,2025-07-07,2025-07-08,2026-06-12,direct_lag1_per_ticker,VCB,1
Random_Forest,Config_LLM,0.5775862068965517,0.48863636363636365,0.4479166666666667,0.558695652173913,0.5989200367647058,0.5585171568627451,10d,930,232,141,2021-10-13,2025-07-07,2025-07-08,2026-06-12,direct_lag1_per_ticker,VCB,1
Logistic_Regression,Config_Hybrid,0.6163793103448276,0.5714285714285714,0.2916666666666667,0.5536050156739811,0.7371323529411764,0.5686274509803921,10d,930,232,167,2021-10-13,2025-07-07,2025-07-08,2026-06-12,direct_lag1_per_ticker,VCB,1
Random_Forest,Config_Hybrid,0.5732758620689655,0.45714285714285713,0.16666666666666666,0.473488755931504,0.5538449754901961,0.5134803921568628,10d,930,232,167,2021-10-13,2025-07-07,2025-07-08,2026-06-12,direct_lag1_per_ticker,VCB,1
Logistic_Regression,Config_A,0.6739130434782609,0.7288135593220338,0.4215686274509804,0.6416626851409459,0.7650122549019608,0.6482843137254902,20d,922,230,26,2021-10-13,2025-06-25,2025-06-26,2026-05-29,direct_lag1_per_ticker,VCB,1
Random_Forest,Config_A,0.6782608695652174,0.8181818181818182,0.35294117647058826,0.6287409475612948,0.7630208333333333,0.6452205882352942,20d,922,230,26,2021-10-13,2025-06-25,2025-06-26,2026-05-29,direct_lag1_per_ticker,VCB,1
Logistic_Regression,Config_LLM,0.5434782608695652,0.4881889763779528,0.6078431372549019,0.5434696308058753,0.5963541666666667,0.550015318627451,20d,922,230,141,2021-10-13,2025-06-25,2025-06-26,2026-05-29,direct_lag1_per_ticker,VCB,1
Random_Forest,Config_LLM,0.508695652173913,0.43820224719101125,0.38235294117647056,0.49415130695420306,0.4828814338235294,0.4958639705882353,20d,922,230,141,2021-10-13,2025-06-25,2025-06-26,2026-05-29,direct_lag1_per_ticker,VCB,1
Logistic_Regression,Config_Hybrid,0.6391304347826087,0.6507936507936508,0.4019607843137255,0.6078068823831535,0.7061121323529411,0.6150428921568627,20d,922,230,167,2021-10-13,2025-06-25,2025-06-26,2026-05-29,direct_lag1_per_ticker,VCB,1
Random_Forest,Config_Hybrid,0.591304347826087,0.6111111111111112,0.21568627450980393,0.5134575569358177,0.7594209558823529,0.553155637254902,20d,922,230,167,2021-10-13,2025-06-25,2025-06-26,2026-05-29,direct_lag1_per_ticker,VCB,1
Logistic_Regression,Config_A,0.5042735042735043,0.46357615894039733,0.6666666666666666,0.49985259433962265,0.5367294204503507,0.5193798449612403,1d,937,234,26,2021-10-13,2025-07-16,2025-07-17,2026-06-25,direct_lag1_per_ticker,VNM,1
Random_Forest,Config_A,0.5256410256410257,0.4625,0.3523809523809524,0.503886925795053,0.5418973791066815,0.5095238095238095,1d,937,234,26,2021-10-13,2025-07-16,2025-07-17,2026-06-25,direct_lag1_per_ticker,VNM,1
Logistic_Regression,Config_LLM,0.5341880341880342,0.47674418604651164,0.3904761904761905,0.5179087833367986,0.5313399778516058,0.5208194905869324,1d,937,234,141,2021-10-13,2025-07-16,2025-07-17,2026-06-25,direct_lag1_per_ticker,VNM,1
Random_Forest,Config_LLM,0.5,0.425,0.3238095238095238,0.47707000286505585,0.48752307124400146,0.48361018826135105,1d,937,234,141,2021-10-13,2025-07-16,2025-07-17,2026-06-25,direct_lag1_per_ticker,VNM,1
Logistic_Regression,Config_Hybrid,0.5,0.4411764705882353,0.42857142857142855,0.4932533733133433,0.526984126984127,0.4933554817275747,1d,937,234,167,2021-10-13,2025-07-16,2025-07-17,2026-06-25,direct_lag1_per_ticker,VNM,1
Random_Forest,Config_Hybrid,0.5555555555555556,0.5074626865671642,0.3238095238095238,0.5219987429289755,0.493576965669989,0.5339977851605758,1d,937,234,167,2021-10-13,2025-07-16,2025-07-17,2026-06-25,direct_lag1_per_ticker,VNM,1
Logistic_Regression,Config_A,0.5364806866952789,0.4810126582278481,0.7450980392156863,0.5301717699775952,0.6359077982337974,0.559571920371202,5d,934,233,26,2021-10-13,2025-07-11,2025-07-14,2026-06-19,direct_lag1_per_ticker,VNM,1
Random_Forest,Config_A,0.5708154506437768,0.509090909090909,0.5490196078431373,0.5673005496954391,0.6041760215536597,0.568402933692561,5d,934,233,26,2021-10-13,2025-07-11,2025-07-14,2026-06-19,direct_lag1_per_ticker,VNM,1
Logistic_Regression,Config_LLM,0.45493562231759654,0.38095238095238093,0.39215686274509803,0.44806296980210025,0.4544978296662176,0.44798682831911385,5d,934,233,141,2021-10-13,2025-07-11,2025-07-14,2026-06-19,direct_lag1_per_ticker,VNM,1
Random_Forest,Config_LLM,0.592274678111588,0.5421686746987951,0.4411764705882353,0.5742040973357699,0.5740532854363121,0.5755500673551863,5d,934,233,141,2021-10-13,2025-07-11,2025-07-14,2026-06-19,direct_lag1_per_ticker,VNM,1
Logistic_Regression,Config_Hybrid,0.575107296137339,0.5145631067961165,0.5196078431372549,0.5688814129520605,0.5956443646160754,0.5689642269121389,5d,934,233,167,2021-10-13,2025-07-11,2025-07-14,2026-06-19,direct_lag1_per_ticker,VNM,1
Random_Forest,Config_Hybrid,0.5836909871244635,0.5333333333333333,0.39215686274509803,0.5581686313608195,0.5924637030384672,0.5624906451130071,5d,934,233,167,2021-10-13,2025-07-11,2025-07-14,2026-06-19,direct_lag1_per_ticker,VNM,1
Logistic_Regression,Config_A,0.5948275862068966,0.5704225352112676,0.7105263157894737,0.5904447115384616,0.6236990782039844,0.5967885816235504,10d,930,232,26,2021-10-13,2025-07-07,2025-07-08,2026-06-12,direct_lag1_per_ticker,VNM,1
Random_Forest,Config_A,0.5603448275862069,0.5588235294117647,0.5,0.5582437275985663,0.6135518881950639,0.5593220338983051,10d,930,232,26,2021-10-13,2025-07-07,2025-07-08,2026-06-12,direct_lag1_per_ticker,VNM,1
Logistic_Regression,Config_LLM,0.4956896551724138,0.4845360824742268,0.41228070175438597,0.491523518723189,0.45524829021706814,0.49427594409753195,10d,930,232,141,2021-10-13,2025-07-07,2025-07-08,2026-06-12,direct_lag1_per_ticker,VNM,1
Random_Forest,Config_LLM,0.49137931034482757,0.4666666666666667,0.24561403508771928,0.45747126436781604,0.5119684805233422,0.48721379720487656,10d,930,232,141,2021-10-13,2025-07-07,2025-07-08,2026-06-12,direct_lag1_per_ticker,VNM,1
Logistic_Regression,Config_Hybrid,0.5775862068965517,0.58,0.5087719298245614,0.5750280373831775,0.5666071959559916,0.5764198632173654,10d,930,232,167,2021-10-13,2025-07-07,2025-07-08,2026-06-12,direct_lag1_per_ticker,VNM,1
Random_Forest,Config_Hybrid,0.5129310344827587,0.5072463768115942,0.30701754385964913,0.4901892149427299,0.5900237882842699,0.509440975319655,10d,930,232,167,2021-10-13,2025-07-07,2025-07-08,2026-06-12,direct_lag1_per_ticker,VNM,1
Logistic_Regression,Config_A,0.6434782608695652,0.5844155844155844,0.8333333333333334,0.6364407433109723,0.7086369156041287,0.6543715846994536,20d,922,230,26,2021-10-13,2025-06-25,2025-06-26,2026-05-29,direct_lag1_per_ticker,VNM,1
Random_Forest,Config_A,0.6260869565217392,0.5964912280701754,0.6296296296296297,0.6256340373987432,0.6955069823922283,0.6262902246508804,20d,922,230,26,2021-10-13,2025-06-25,2025-06-26,2026-05-29,direct_lag1_per_ticker,VNM,1
Logistic_Regression,Config_LLM,0.4217391304347826,0.4125874125874126,0.5462962962962963,0.41687794277435714,0.40763509411050397,0.42888585306618093,20d,922,230,141,2021-10-13,2025-06-25,2025-06-26,2026-05-29,direct_lag1_per_ticker,VNM,1
Random_Forest,Config_LLM,0.4826086956521739,0.4126984126984127,0.24074074074074073,0.4461644306845545,0.4293791742562234,0.46873102610807527,20d,922,230,141,2021-10-13,2025-06-25,2025-06-26,2026-05-29,direct_lag1_per_ticker,VNM,1
Logistic_Regression,Config_Hybrid,0.5739130434782609,0.5454545454545454,0.5555555555555556,0.57275001895519,0.584927140255009,0.5728597449908925,20d,922,230,167,2021-10-13,2025-06-25,2025-06-26,2026-05-29,direct_lag1_per_ticker,VNM,1
Random_Forest,Config_Hybrid,0.5478260869565217,0.525,0.3888888888888889,0.5322277847309136,0.5984365513054036,0.5387067395264117,20d,922,230,167,2021-10-13,2025-06-25,2025-06-26,2026-05-29,direct_lag1_per_ticker,VNM,1
Logistic_Regression,Config_A,0.5555555555555556,0.4700854700854701,0.5670103092783505,0.5522849363455735,0.589284370532019,0.5572277823764016,1d,937,234,26,2021-10-13,2025-07-16,2025-07-17,2026-06-25,material_lag1_per_ticker,FPT,1
Random_Forest,Config_A,0.4829059829059829,0.42,0.6494845360824743,0.48130507263634204,0.5231018135299872,0.5072240198660547,1d,937,234,26,2021-10-13,2025-07-16,2025-07-17,2026-06-25,material_lag1_per_ticker,FPT,1
Logistic_Regression,Config_LLM,0.5256410256410257,0.43636363636363634,0.4948453608247423,0.519240379810095,0.5271276996011739,0.5211453081495974,1d,937,234,141,2021-10-13,2025-07-16,2025-07-17,2026-06-25,material_lag1_per_ticker,FPT,1
Random_Forest,Config_LLM,0.5170940170940171,0.4393939393939394,0.5979381443298969,0.5168734355301383,0.5376251034690345,0.5288960794642186,1d,937,234,141,2021-10-13,2025-07-16,2025-07-17,2026-06-25,material_lag1_per_ticker,FPT,1
Logistic_Regression,Config_Hybrid,0.5085470085470085,0.43478260869565216,0.6185567010309279,0.5085380330563418,0.5342012190533524,0.5246068176687486,1d,937,234,167,2021-10-13,2025-07-16,2025-07-17,2026-06-25,material_lag1_per_ticker,FPT,1
Random_Forest,Config_Hybrid,0.48717948717948717,0.43575418994413406,0.8041237113402062,0.4701086956521739,0.5241553164271201,0.5334487169839717,1d,937,234,167,2021-10-13,2025-07-16,2025-07-17,2026-06-25,material_lag1_per_ticker,FPT,1
Logistic_Regression,Config_A,0.5407725321888412,0.27906976744186046,0.13636363636363635,0.4319015608978011,0.4960815047021944,0.46128526645768025,5d,934,233,26,2021-10-13,2025-07-11,2025-07-14,2026-06-19,material_lag1_per_ticker,FPT,1
Random_Forest,Config_A,0.4034334763948498,0.3835616438356164,0.9545454545454546,0.3365087169401594,0.5301724137931034,0.5117554858934169,5d,934,233,26,2021-10-13,2025-07-11,2025-07-14,2026-06-19,material_lag1_per_ticker,FPT,1
Logistic_Regression,Config_LLM,0.41201716738197425,0.24210526315789474,0.26136363636363635,0.3836335901446253,0.43996865203761754,0.38240595611285266,5d,934,233,141,2021-10-13,2025-07-11,2025-07-14,2026-06-19,material_lag1_per_ticker,FPT,1
Random_Forest,Config_LLM,0.4678111587982833,0.37142857142857144,0.5909090909090909,0.4675659737579242,0.4458463949843261,0.4920062695924765,5d,934,233,141,2021-10-13,2025-07-11,2025-07-14,2026-06-19,material_lag1_per_ticker,FPT,1
Logistic_Regression,Config_Hybrid,0.45064377682403434,0.3148148148148148,0.38636363636363635,0.43643235071806497,0.3905172413793103,0.4380094043887147,5d,934,233,167,2021-10-13,2025-07-11,2025-07-14,2026-06-19,material_lag1_per_ticker,FPT,1
Random_Forest,Config_Hybrid,0.4248927038626609,0.39351851851851855,0.9659090909090909,0.3660250162443145,0.47660658307210035,0.531230407523511,5d,934,233,167,2021-10-13,2025-07-11,2025-07-14,2026-06-19,material_lag1_per_ticker,FPT,1
Logistic_Regression,Config_A,0.6077586206896551,0.4166666666666667,0.30864197530864196,0.5364380914739916,0.5132859128444117,0.5384269479192216,10d,930,232,26,2021-10-13,2025-07-07,2025-07-08,2026-06-12,material_lag1_per_ticker,FPT,1
Random_Forest,Config_A,0.3922413793103448,0.3598130841121495,0.9506172839506173,0.3438571858389329,0.6774180361376829,0.5216662578693484,10d,930,232,26,2021-10-13,2025-07-07,2025-07-08,2026-06-12,material_lag1_per_ticker,FPT,1
Logistic_Regression,Config_LLM,0.4224137931034483,0.2376237623762376,0.2962962962962963,0.3942794793858624,0.4387621617202191,0.3931812607309296,10d,930,232,141,2021-10-13,2025-07-07,2025-07-08,2026-06-12,material_lag1_per_ticker,FPT,1
Random_Forest,Config_LLM,0.38362068965517243,0.2785714285714286,0.48148148148148145,0.3822319051077221,0.37135148393426537,0.40630365464802554,10d,930,232,141,2021-10-13,2025-07-07,2025-07-08,2026-06-12,material_lag1_per_ticker,FPT,1
Logistic_Regression,Config_Hybrid,0.4267241379310345,0.25925925925925924,0.345679012345679,0.4063299663299663,0.3886844902297441,0.40793884392118385,10d,930,232,167,2021-10-13,2025-07-07,2025-07-08,2026-06-12,material_lag1_per_ticker,FPT,1
Random_Forest,Config_Hybrid,0.375,0.35454545454545455,0.9629629629629629,0.3143509365509651,0.5283296541574687,0.5112828059847927,10d,930,232,167,2021-10-13,2025-07-07,2025-07-08,2026-06-12,material_lag1_per_ticker,FPT,1
Logistic_Regression,Config_A,0.49130434782608695,0.359375,0.5679012345679012,0.487027964696239,0.4978042919877372,0.5087828320490513,20d,922,230,26,2021-10-13,2025-06-25,2025-06-26,2026-05-29,material_lag1_per_ticker,FPT,1
Random_Forest,Config_A,0.3695652173913043,0.3584070796460177,1.0,0.2899874390581423,0.7317921948794432,0.5134228187919463,20d,922,230,26,2021-10-13,2025-06-25,2025-06-26,2026-05-29,material_lag1_per_ticker,FPT,1
Logistic_Regression,Config_LLM,0.391304347826087,0.13580246913580246,0.13580246913580246,0.3330019057088408,0.4157345264727815,0.3330019057088408,20d,922,230,141,2021-10-13,2025-06-25,2025-06-26,2026-05-29,material_lag1_per_ticker,FPT,1
Random_Forest,Config_LLM,0.3521739130434783,0.23846153846153847,0.38271604938271603,0.3477226441310265,0.26795923440218744,0.3591432595906869,20d,922,230,141,2021-10-13,2025-06-25,2025-06-26,2026-05-29,material_lag1_per_ticker,FPT,1
Logistic_Regression,Config_Hybrid,0.3652173913043478,0.2018348623853211,0.2716049382716049,0.3454191033138402,0.3116248239290744,0.3438561604109702,20d,922,230,167,2021-10-13,2025-06-25,2025-06-26,2026-05-29,material_lag1_per_ticker,FPT,1
Random_Forest,Config_Hybrid,0.3565217391304348,0.3537117903930131,1.0,0.2679569892473118,0.4038859888971746,0.5033557046979866,20d,922,230,167,2021-10-13,2025-06-25,2025-06-26,2026-05-29,material_lag1_per_ticker,FPT,1
Logistic_Regression,Config_A,0.5854700854700855,0.5405405405405406,0.2,0.49945972170154584,0.5763432835820895,0.5365671641791044,1d,937,234,26,2021-10-13,2025-07-16,2025-07-17,2026-06-25,material_lag1_per_ticker,HPG,1
Random_Forest,Config_A,0.5897435897435898,0.5833333333333334,0.14,0.47336834208552137,0.571044776119403,0.5326865671641792,1d,937,234,26,2021-10-13,2025-07-16,2025-07-17,2026-06-25,material_lag1_per_ticker,HPG,1
Logistic_Regression,Config_LLM,0.4358974358974359,0.4230769230769231,0.88,0.3732142857142857,0.5334701492537313,0.49223880597014924,1d,937,234,141,2021-10-13,2025-07-16,2025-07-17,2026-06-25,material_lag1_per_ticker,HPG,1
Random_Forest,Config_LLM,0.47435897435897434,0.38613861386138615,0.39,0.46369277209458326,0.48548507462686574,0.46365671641791045,1d,937,234,141,2021-10-13,2025-07-16,2025-07-17,2026-06-25,material_lag1_per_ticker,HPG,1
Logistic_Regression,Config_Hybrid,0.5854700854700855,0.5230769230769231,0.34,0.545994599459946,0.5522388059701493,0.5543283582089552,1d,937,234,167,2021-10-13,2025-07-16,2025-07-17,2026-06-25,material_lag1_per_ticker,HPG,1
Random_Forest,Config_Hybrid,0.5811965811965812,0.5294117647058824,0.18,0.4876217713826079,0.5977238805970149,0.5302985074626866,1d,937,234,167,2021-10-13,2025-07-16,2025-07-17,2026-06-25,material_lag1_per_ticker,HPG,1
Logistic_Regression,Config_A,0.5793991416309013,0.0,0.0,0.36684782608695654,0.5888133030990175,0.5,5d,934,233,26,2021-10-13,2025-07-11,2025-07-14,2026-06-19,material_lag1_per_ticker,HPG,1
Random_Forest,Config_A,0.6051502145922747,0.5681818181818182,0.25510204081632654,0.5340810293861937,0.6378684807256236,0.5571806500377929,5d,934,233,26,2021-10-13,2025-07-11,2025-07-14,2026-06-19,material_lag1_per_ticker,HPG,1
Logistic_Regression,Config_LLM,0.5236051502145923,0.42857142857142855,0.3979591836734694,0.5059881955188814,0.4973167044595616,0.5063869992441421,5d,934,233,141,2021-10-13,2025-07-11,2025-07-14,2026-06-19,material_lag1_per_ticker,HPG,1
Random_Forest,Config_LLM,0.5793991416309013,0.5,0.6020408163265306,0.5771481481481482,0.5806878306878307,0.5825018896447468,5d,934,233,141,2021-10-13,2025-07-11,2025-07-14,2026-06-19,material_lag1_per_ticker,HPG,1
Logistic_Regression,Config_Hybrid,0.5450643776824035,0.4230769230769231,0.22448979591836735,0.4789451476793249,0.5867724867724867,0.5011337868480725,5d,934,233,167,2021-10-13,2025-07-11,2025-07-14,2026-06-19,material_lag1_per_ticker,HPG,1
Random_Forest,Config_Hybrid,0.630901287553648,0.6111111111111112,0.336734693877551,0.580162587998659,0.6317460317460317,0.5905895691609977,5d,934,233,167,2021-10-13,2025-07-11,2025-07-14,2026-06-19,material_lag1_per_ticker,HPG,1
Logistic_Regression,Config_A,0.5474137931034483,0.0,0.0,0.35376044568245124,0.5201349831271092,0.5,10d,930,232,26,2021-10-13,2025-07-07,2025-07-08,2026-06-12,material_lag1_per_ticker,HPG,1
Random_Forest,Config_A,0.5646551724137931,1.0,0.0380952380952381,0.3944437265796615,0.6782527184101986,0.5190476190476191,10d,930,232,26,2021-10-13,2025-07-07,2025-07-08,2026-06-12,material_lag1_per_ticker,HPG,1
Logistic_Regression,Config_LLM,0.4698275862068966,0.4117647058823529,0.4,0.4635989398296961,0.5049118860142482,0.4637795275590551,10d,930,232,141,2021-10-13,2025-07-07,2025-07-08,2026-06-12,material_lag1_per_ticker,HPG,1
Random_Forest,Config_LLM,0.5086206896551724,0.45871559633027525,0.47619047619047616,0.5056448598130842,0.5371953505811773,0.505811773528309,10d,930,232,141,2021-10-13,2025-07-07,2025-07-08,2026-06-12,material_lag1_per_ticker,HPG,1
Logistic_Regression,Config_Hybrid,0.5431034482758621,0.4915254237288136,0.2761904761904762,0.5001626016260162,0.5139107611548557,0.5199850018747656,10d,930,232,167,2021-10-13,2025-07-07,2025-07-08,2026-06-12,material_lag1_per_ticker,HPG,1
Random_Forest,Config_Hybrid,0.6163793103448276,0.75,0.22857142857142856,0.5390968548405098,0.6030371203599549,0.5827896512935883,10d,930,232,167,2021-10-13,2025-07-07,2025-07-08,2026-06-12,material_lag1_per_ticker,HPG,1
Logistic_Regression,Config_A,0.5,0.0,0.0,0.3333333333333333,0.4626086956521739,0.5,20d,922,230,26,2021-10-13,2025-06-25,2025-06-26,2026-05-29,material_lag1_per_ticker,HPG,1
Random_Forest,Config_A,0.5478260869565217,0.9230769230769231,0.10434782608695652,0.4371234939759036,0.6225330812854442,0.5478260869565218,20d,922,230,26,2021-10-13,2025-06-25,2025-06-26,2026-05-29,material_lag1_per_ticker,HPG,1
Logistic_Regression,Config_LLM,0.5,0.5,0.8521739130434782,0.4292064999244697,0.49168241965973536,0.5,20d,922,230,141,2021-10-13,2025-06-25,2025-06-26,2026-05-29,material_lag1_per_ticker,HPG,1
Random_Forest,Config_LLM,0.5043478260869565,0.5050505050505051,0.43478260869565216,0.5019375427399134,0.5415500945179583,0.5043478260869565,20d,922,230,141,2021-10-13,2025-06-25,2025-06-26,2026-05-29,material_lag1_per_ticker,HPG,1
Logistic_Regression,Config_Hybrid,0.5173913043478261,0.5303030303030303,0.30434782608695654,0.49444543456306067,0.4814366729678639,0.5173913043478261,20d,922,230,167,2021-10-13,2025-06-25,2025-06-26,2026-05-29,material_lag1_per_ticker,HPG,1
Random_Forest,Config_Hybrid,0.5521739130434783,0.9285714285714286,0.11304347826086956,0.44518606993138016,0.6993950850661625,0.5521739130434783,20d,922,230,167,2021-10-13,2025-06-25,2025-06-26,2026-05-29,material_lag1_per_ticker,HPG,1
Logistic_Regression,Config_A,0.5512820512820513,0.5087719298245614,0.27358490566037735,0.5057829628884642,0.5502653301886793,0.5274174528301887,1d,937,234,26,2021-10-13,2025-07-16,2025-07-17,2026-06-25,material_lag1_per_ticker,SSI,1
Random_Forest,Config_A,0.5256410256410257,0.4358974358974359,0.16037735849056603,0.44541475392334795,0.4919295400943396,0.494251179245283,1d,937,234,26,2021-10-13,2025-07-16,2025-07-17,2026-06-25,material_lag1_per_ticker,SSI,1
Logistic_Regression,Config_LLM,0.47435897435897434,0.4297520661157025,0.49056603773584906,0.4738881678761402,0.47011350235849053,0.47575176886792453,1d,937,234,141,2021-10-13,2025-07-16,2025-07-17,2026-06-25,material_lag1_per_ticker,SSI,1
Random_Forest,Config_LLM,0.4829059829059829,0.42990654205607476,0.4339622641509434,0.4787075393537697,0.46528596698113206,0.4786998820754717,1d,937,234,141,2021-10-13,2025-07-16,2025-07-17,2026-06-25,material_lag1_per_ticker,SSI,1
Logistic_Regression,Config_Hybrid,0.5341880341880342,0.4810126582278481,0.3584905660377358,0.5128259001050521,0.5023584905660378,0.5190890330188679,1d,937,234,167,2021-10-13,2025-07-16,2025-07-17,2026-06-25,material_lag1_per_ticker,SSI,1
Random_Forest,Config_Hybrid,0.48717948717948717,0.3870967741935484,0.22641509433962265,0.44285714285714284,0.44044811320754723,0.4647700471698113,1d,937,234,167,2021-10-13,2025-07-16,2025-07-17,2026-06-25,material_lag1_per_ticker,SSI,1
Logistic_Regression,Config_A,0.5879828326180258,0.7272727272727273,0.1509433962264151,0.48298816568047337,0.5719803892437973,0.5518496508691131,5d,934,233,26,2021-10-13,2025-07-11,2025-07-14,2026-06-19,material_lag1_per_ticker,SSI,1
Random_Forest,Config_A,0.5879828326180258,0.5925925925925926,0.3018867924528302,0.5431372549019609,0.584199970286733,0.5643292229980686,5d,934,233,26,2021-10-13,2025-07-11,2025-07-14,2026-06-19,material_lag1_per_ticker,SSI,1
Logistic_Regression,Config_LLM,0.5450643776824035,0.5,0.3490566037735849,0.5202408702408703,0.5661863021839251,0.5288590105482097,5d,934,233,141,2021-10-13,2025-07-11,2025-07-14,2026-06-19,material_lag1_per_ticker,SSI,1
Random_Forest,Config_LLM,0.4978540772532189,0.45864661654135336,0.5754716981132075,0.49752087442169096,0.5212821274699153,0.50427128212747,5d,934,233,141,2021-10-13,2025-07-11,2025-07-14,2026-06-19,material_lag1_per_ticker,SSI,1
Logistic_Regression,Config_Hybrid,0.5708154506437768,0.6153846153846154,0.1509433962264151,0.471511522409726,0.5777744763036696,0.5361016193730501,5d,934,233,167,2021-10-13,2025-07-11,2025-07-14,2026-06-19,material_lag1_per_ticker,SSI,1
Random_Forest,Config_Hybrid,0.5364806866952789,0.48717948717948717,0.3584905660377358,0.5150323774283071,0.5386272470658149,0.521764968058238,5d,934,233,167,2021-10-13,2025-07-11,2025-07-14,2026-06-19,material_lag1_per_ticker,SSI,1
Logistic_Regression,Config_A,0.5431034482758621,0.8181818181818182,0.15,0.46216429008835624,0.6078869047619047,0.5571428571428572,10d,930,232,26,2021-10-13,2025-07-07,2025-07-08,2026-06-12,material_lag1_per_ticker,SSI,1
Random_Forest,Config_A,0.43103448275862066,0.42105263157894735,0.26666666666666666,0.4169966494060311,0.4871279761904762,0.4369047619047619,10d,930,232,26,2021-10-13,2025-07-07,2025-07-08,2026-06-12,material_lag1_per_ticker,SSI,1
Logistic_Regression,Config_LLM,0.49137931034482757,0.5151515151515151,0.2833333333333333,0.47056548309739304,0.5105654761904761,0.4988095238095238,10d,930,232,141,2021-10-13,2025-07-07,2025-07-08,2026-06-12,material_lag1_per_ticker,SSI,1
Random_Forest,Config_LLM,0.47844827586206895,0.4965986394557823,0.6083333333333333,0.466301640715603,0.4986607142857143,0.4738095238095238,10d,930,232,141,2021-10-13,2025-07-07,2025-07-08,2026-06-12,material_lag1_per_ticker,SSI,1
Logistic_Regression,Config_Hybrid,0.5086206896551724,0.75,0.075,0.39649507119386634,0.5587053571428572,0.5241071428571429,10d,930,232,167,2021-10-13,2025-07-07,2025-07-08,2026-06-12,material_lag1_per_ticker,SSI,1
Random_Forest,Config_Hybrid,0.5905172413793104,0.7272727272727273,0.3333333333333333,0.5642115669797331,0.593452380952381,0.5997023809523809,10d,930,232,167,2021-10-13,2025-07-07,2025-07-08,2026-06-12,material_lag1_per_ticker,SSI,1
Logistic_Regression,Config_A,0.5652173913043478,0.7368421052631579,0.12844036697247707,0.4587725903614458,0.5617560087952082,0.5435590264614452,20d,922,230,26,2021-10-13,2025-06-25,2025-06-26,2026-05-29,material_lag1_per_ticker,SSI,1
Random_Forest,Config_A,0.5130434782608696,0.4482758620689655,0.11926605504587157,0.42028985507246375,0.6090681628629919,0.4935173250435969,20d,922,230,26,2021-10-13,2025-06-25,2025-06-26,2026-05-29,material_lag1_per_ticker,SSI,1
Logistic_Regression,Config_LLM,0.508695652173913,0.4696969696969697,0.28440366972477066,0.4788972431077694,0.5721434528773979,0.49757373568883156,20d,922,230,141,2021-10-13,2025-06-25,2025-06-26,2026-05-29,material_lag1_per_ticker,SSI,1
Random_Forest,Config_LLM,0.5434782608695652,0.5158730158730159,0.5963302752293578,0.5432624113475177,0.5961786337099098,0.5460990219121995,20d,922,230,141,2021-10-13,2025-06-25,2025-06-26,2026-05-29,material_lag1_per_ticker,SSI,1
Logistic_Regression,Config_Hybrid,0.5739130434782609,0.8666666666666667,0.11926605504587157,0.45900537634408606,0.511941769656532,0.5513685647130184,20d,922,230,167,2021-10-13,2025-06-25,2025-06-26,2026-05-29,material_lag1_per_ticker,SSI,1
Random_Forest,Config_Hybrid,0.5391304347826087,0.5714285714285714,0.11009174311926606,0.4317016317016317,0.5583440746076276,0.5178557889150049,20d,922,230,167,2021-10-13,2025-06-25,2025-06-26,2026-05-29,material_lag1_per_ticker,SSI,1
Logistic_Regression,Config_A,0.5213675213675214,0.43137254901960786,0.20952380952380953,0.46153846153846156,0.49605020302694725,0.492358803986711,1d,937,234,26,2021-10-13,2025-07-16,2025-07-17,2026-06-25,material_lag1_per_ticker,VCB,1
Random_Forest,Config_A,0.5427350427350427,0.4791666666666667,0.21904761904761905,0.48048552754435103,0.5366186784791437,0.512624584717608,1d,937,234,26,2021-10-13,2025-07-16,2025-07-17,2026-06-25,material_lag1_per_ticker,VCB,1
Logistic_Regression,Config_LLM,0.49145299145299143,0.3157894736842105,0.11428571428571428,0.4008391608391608,0.4251384274640088,0.45636766334440754,1d,937,234,141,2021-10-13,2025-07-16,2025-07-17,2026-06-25,material_lag1_per_ticker,VCB,1
Random_Forest,Config_LLM,0.5384615384615384,0.48514851485148514,0.4666666666666667,0.5317572074408953,0.47283130306386123,0.531782945736434,1d,937,234,141,2021-10-13,2025-07-16,2025-07-17,2026-06-25,material_lag1_per_ticker,VCB,1
Logistic_Regression,Config_Hybrid,0.49145299145299143,0.390625,0.23809523809523808,0.4489323385644456,0.44311554078995946,0.4678848283499446,1d,937,234,167,2021-10-13,2025-07-16,2025-07-17,2026-06-25,material_lag1_per_ticker,VCB,1
Random_Forest,Config_Hybrid,0.5299145299145299,0.4528301886792453,0.22857142857142856,0.4744793793385055,0.4922111480251015,0.5018826135105205,1d,937,234,167,2021-10-13,2025-07-16,2025-07-17,2026-06-25,material_lag1_per_ticker,VCB,1
Logistic_Regression,Config_A,0.6223175965665236,0.8888888888888888,0.1568627450980392,0.5061657032755299,0.6624756772938182,0.5707977847627601,5d,934,233,26,2021-10-13,2025-07-11,2025-07-14,2026-06-19,material_lag1_per_ticker,VCB,1
Random_Forest,Config_A,0.6351931330472103,0.7741935483870968,0.23529411764705882,0.5528235001919213,0.6884822631342613,0.590929501571621,5d,934,233,26,2021-10-13,2025-07-11,2025-07-14,2026-06-19,material_lag1_per_ticker,VCB,1
Logistic_Regression,Config_LLM,0.4678111587982833,0.4166666666666667,0.5392156862745098,0.46780135573239023,0.44529262086513993,0.47571471336626253,5d,934,233,141,2021-10-13,2025-07-11,2025-07-14,2026-06-19,material_lag1_per_ticker,VCB,1
Random_Forest,Config_LLM,0.5278969957081545,0.4411764705882353,0.29411764705882354,0.4906597774244833,0.5163149229157311,0.5020206555904805,5d,934,233,141,2021-10-13,2025-07-11,2025-07-14,2026-06-19,material_lag1_per_ticker,VCB,1
Logistic_Regression,Config_Hybrid,0.5236051502145923,0.2631578947368421,0.049019607843137254,0.3804527488321955,0.5623409669211196,0.4710746894177519,5d,934,233,167,2021-10-13,2025-07-11,2025-07-14,2026-06-19,material_lag1_per_ticker,VCB,1
Random_Forest,Config_Hybrid,0.630901287553648,0.9,0.17647058823529413,0.5225409836065573,0.6374419997006435,0.5806017063313875,5d,934,233,167,2021-10-13,2025-07-11,2025-07-14,2026-06-19,material_lag1_per_ticker,VCB,1
Logistic_Regression,Config_A,0.5862068965517241,0.5,0.21875,0.5049346492397973,0.7244944852941176,0.5321691176470589,10d,930,232,26,2021-10-13,2025-07-07,2025-07-08,2026-06-12,material_lag1_per_ticker,VCB,1
Random_Forest,Config_A,0.5775862068965517,0.4772727272727273,0.21875,0.49876543209876545,0.6175321691176471,0.5248161764705883,10d,930,232,26,2021-10-13,2025-07-07,2025-07-08,2026-06-12,material_lag1_per_ticker,VCB,1
Logistic_Regression,Config_LLM,0.4956896551724138,0.4132231404958678,0.5208333333333334,0.4935726412806209,0.49218750000000006,0.4993872549019608,10d,930,232,141,2021-10-13,2025-07-07,2025-07-08,2026-06-12,material_lag1_per_ticker,VCB,1
Random_Forest,Config_LLM,0.5172413793103449,0.4166666666666667,0.4166666666666667,0.5024509803921569,0.521484375,0.5024509803921569,10d,930,232,141,2021-10-13,2025-07-07,2025-07-08,2026-06-12,material_lag1_per_ticker,VCB,1
Logistic_Regression,Config_Hybrid,0.5818965517241379,0.4878048780487805,0.20833333333333334,0.49766735864639833,0.6567095588235294,0.5269607843137255,10d,930,232,167,2021-10-13,2025-07-07,2025-07-08,2026-06-12,material_lag1_per_ticker,VCB,1
Random_Forest,Config_Hybrid,0.625,0.6097560975609756,0.2604166666666667,0.5494542288890377,0.5832950367647058,0.5713848039215687,10d,930,232,167,2021-10-13,2025-07-07,2025-07-08,2026-06-12,material_lag1_per_ticker,VCB,1
Logistic_Regression,Config_A,0.6739130434782609,0.7288135593220338,0.4215686274509804,0.6416626851409459,0.7650122549019608,0.6482843137254902,20d,922,230,26,2021-10-13,2025-06-25,2025-06-26,2026-05-29,material_lag1_per_ticker,VCB,1
Random_Forest,Config_A,0.6782608695652174,0.8181818181818182,0.35294117647058826,0.6287409475612948,0.7630208333333333,0.6452205882352942,20d,922,230,26,2021-10-13,2025-06-25,2025-06-26,2026-05-29,material_lag1_per_ticker,VCB,1
Logistic_Regression,Config_LLM,0.4652173913043478,0.42657342657342656,0.5980392156862745,0.46293308020882773,0.4697840073529412,0.47870710784313725,20d,922,230,141,2021-10-13,2025-06-25,2025-06-26,2026-05-29,material_lag1_per_ticker,VCB,1
Random_Forest,Config_LLM,0.45217391304347826,0.36046511627906974,0.30392156862745096,0.43327596996245304,0.4285386029411765,0.4371170343137255,20d,922,230,141,2021-10-13,2025-06-25,2025-06-26,2026-05-29,material_lag1_per_ticker,VCB,1
Logistic_Regression,Config_Hybrid,0.6434782608695652,0.7,0.3431372549019608,0.5971462747778538,0.6587009803921569,0.6129748774509804,20d,922,230,167,2021-10-13,2025-06-25,2025-06-26,2026-05-29,material_lag1_per_ticker,VCB,1
Random_Forest,Config_Hybrid,0.6695652173913044,0.782608695652174,0.35294117647058826,0.6214483714483714,0.7457107843137254,0.6374080882352942,20d,922,230,167,2021-10-13,2025-06-25,2025-06-26,2026-05-29,material_lag1_per_ticker,VCB,1
Logistic_Regression,Config_A,0.5042735042735043,0.46357615894039733,0.6666666666666666,0.49985259433962265,0.5367294204503507,0.5193798449612403,1d,937,234,26,2021-10-13,2025-07-16,2025-07-17,2026-06-25,material_lag1_per_ticker,VNM,1
Random_Forest,Config_A,0.5256410256410257,0.4625,0.3523809523809524,0.503886925795053,0.5418973791066815,0.5095238095238095,1d,937,234,26,2021-10-13,2025-07-16,2025-07-17,2026-06-25,material_lag1_per_ticker,VNM,1
Logistic_Regression,Config_LLM,0.4358974358974359,0.42105263157894735,0.6857142857142857,0.4171195652173913,0.45799187892211146,0.4591362126245847,1d,937,234,141,2021-10-13,2025-07-16,2025-07-17,2026-06-25,material_lag1_per_ticker,VNM,1
Random_Forest,Config_LLM,0.47435897435897434,0.4117647058823529,0.4,0.4672663668165917,0.44817275747508306,0.46744186046511627,1d,937,234,141,2021-10-13,2025-07-16,2025-07-17,2026-06-25,material_lag1_per_ticker,VNM,1
Logistic_Regression,Config_Hybrid,0.4700854700854701,0.42276422764227645,0.49523809523809526,0.4697368421052631,0.4823181985972684,0.47242524916943524,1d,937,234,167,2021-10-13,2025-07-16,2025-07-17,2026-06-25,material_lag1_per_ticker,VNM,1
Random_Forest,Config_Hybrid,0.5470085470085471,0.4942528735632184,0.4095238095238095,0.5319293478260869,0.5520118124769288,0.53421926910299,1d,937,234,167,2021-10-13,2025-07-16,2025-07-17,2026-06-25,material_lag1_per_ticker,VNM,1
Logistic_Regression,Config_A,0.5364806866952789,0.4810126582278481,0.7450980392156863,0.5301717699775952,0.6359077982337974,0.559571920371202,5d,934,233,26,2021-10-13,2025-07-11,2025-07-14,2026-06-19,material_lag1_per_ticker,VNM,1
Random_Forest,Config_A,0.5708154506437768,0.509090909090909,0.5490196078431373,0.5673005496954391,0.6041760215536597,0.568402933692561,5d,934,233,26,2021-10-13,2025-07-11,2025-07-14,2026-06-19,material_lag1_per_ticker,VNM,1
Logistic_Regression,Config_LLM,0.41201716738197425,0.39766081871345027,0.6666666666666666,0.39416196929150293,0.502170333782368,0.4402035623409669,5d,934,233,141,2021-10-13,2025-07-11,2025-07-14,2026-06-19,material_lag1_per_ticker,VNM,1
Random_Forest,Config_LLM,0.4334763948497854,0.3958333333333333,0.5588235294117647,0.4317073170731708,0.4437209998503219,0.4473506960035923,5d,934,233,141,2021-10-13,2025-07-11,2025-07-14,2026-06-19,material_lag1_per_ticker,VNM,1
Logistic_Regression,Config_Hybrid,0.5321888412017167,0.4700854700854701,0.5392156862745098,0.5304937792320633,0.5285136955545577,0.5329666217632091,5d,934,233,167,2021-10-13,2025-07-11,2025-07-14,2026-06-19,material_lag1_per_ticker,VNM,1
Random_Forest,Config_Hybrid,0.5836909871244635,0.5238095238095238,0.5392156862745098,0.5784417958331002,0.5959437209998502,0.5787681484807663,5d,934,233,167,2021-10-13,2025-07-11,2025-07-14,2026-06-19,material_lag1_per_ticker,VNM,1
Logistic_Regression,Config_A,0.5948275862068966,0.5704225352112676,0.7105263157894737,0.5904447115384616,0.6236990782039844,0.5967885816235504,10d,930,232,26,2021-10-13,2025-07-07,2025-07-08,2026-06-12,material_lag1_per_ticker,VNM,1
Random_Forest,Config_A,0.5603448275862069,0.5588235294117647,0.5,0.5582437275985663,0.6135518881950639,0.5593220338983051,10d,930,232,26,2021-10-13,2025-07-07,2025-07-08,2026-06-12,material_lag1_per_ticker,VNM,1
Logistic_Regression,Config_LLM,0.4051724137931034,0.42857142857142855,0.631578947368421,0.3761982698152911,0.45944840915848945,0.40900981266726133,10d,930,232,141,2021-10-13,2025-07-07,2025-07-08,2026-06-12,material_lag1_per_ticker,VNM,1
Random_Forest,Config_LLM,0.4827586206896552,0.4782608695652174,0.5789473684210527,0.4788858939802336,0.47673208444840914,0.4843889384478145,10d,930,232,141,2021-10-13,2025-07-07,2025-07-08,2026-06-12,material_lag1_per_ticker,VNM,1
Logistic_Regression,Config_Hybrid,0.6120689655172413,0.603448275862069,0.6140350877192983,0.6120401337792643,0.5798394290811775,0.612102289622361,10d,930,232,167,2021-10-13,2025-07-07,2025-07-08,2026-06-12,material_lag1_per_ticker,VNM,1
Random_Forest,Config_Hybrid,0.5862068965517241,0.5865384615384616,0.5350877192982456,0.5846945625419557,0.6303523639607493,0.5853404698186143,10d,930,232,167,2021-10-13,2025-07-07,2025-07-08,2026-06-12,material_lag1_per_ticker,VNM,1
Logistic_Regression,Config_A,0.6434782608695652,0.5844155844155844,0.8333333333333334,0.6364407433109723,0.7086369156041287,0.6543715846994536,20d,922,230,26,2021-10-13,2025-06-25,2025-06-26,2026-05-29,material_lag1_per_ticker,VNM,1
Random_Forest,Config_A,0.6260869565217392,0.5964912280701754,0.6296296296296297,0.6256340373987432,0.6955069823922283,0.6262902246508804,20d,922,230,26,2021-10-13,2025-06-25,2025-06-26,2026-05-29,material_lag1_per_ticker,VNM,1
Logistic_Regression,Config_LLM,0.3565217391304348,0.391304347826087,0.6666666666666666,0.30609915198956295,0.43450212507589553,0.37431693989071035,20d,922,230,141,2021-10-13,2025-06-25,2025-06-26,2026-05-29,material_lag1_per_ticker,VNM,1
Random_Forest,Config_LLM,0.5304347826086957,0.5,0.6388888888888888,0.5281513562799179,0.539996964177292,0.5366575591985427,20d,922,230,141,2021-10-13,2025-06-25,2025-06-26,2026-05-29,material_lag1_per_ticker,VNM,1
Logistic_Regression,Config_Hybrid,0.6260869565217392,0.5932203389830508,0.6481481481481481,0.6259738295136525,0.6028384942319368,0.6273527625986642,20d,922,230,167,2021-10-13,2025-06-25,2025-06-26,2026-05-29,material_lag1_per_ticker,VNM,1
Random_Forest,Config_Hybrid,0.5782608695652174,0.5567010309278351,0.5,0.5732185557149689,0.6336900425015178,0.5737704918032787,20d,922,230,167,2021-10-13,2025-06-25,2025-06-26,2026-05-29,material_lag1_per_ticker,VNM,1
Logistic_Regression,Config_A,0.5555555555555556,0.4700854700854701,0.5670103092783505,0.5522849363455735,0.589284370532019,0.5572277823764016,1d,937,234,26,2021-10-13,2025-07-16,2025-07-17,2026-06-25,direct_material_lag1_per_ticker,FPT,1
Random_Forest,Config_A,0.4829059829059829,0.42,0.6494845360824743,0.48130507263634204,0.5231018135299872,0.5072240198660547,1d,937,234,26,2021-10-13,2025-07-16,2025-07-17,2026-06-25,direct_material_lag1_per_ticker,FPT,1
Logistic_Regression,Config_LLM,0.5213675213675214,0.4336283185840708,0.5051546391752577,0.5162790697674419,0.5015802543456994,0.5190006772518625,1d,937,234,141,2021-10-13,2025-07-16,2025-07-17,2026-06-25,direct_material_lag1_per_ticker,FPT,1
Random_Forest,Config_LLM,0.47863247863247865,0.40875912408759124,0.5773195876288659,0.47863247863247865,0.4921363533749718,0.49303935585822856,1d,937,234,141,2021-10-13,2025-07-16,2025-07-17,2026-06-25,direct_material_lag1_per_ticker,FPT,1
Logistic_Regression,Config_Hybrid,0.5042735042735043,0.4326241134751773,0.6288659793814433,0.5041286079649251,0.531492211603582,0.5224621867710136,1d,937,234,167,2021-10-13,2025-07-16,2025-07-17,2026-06-25,direct_material_lag1_per_ticker,FPT,1
Random_Forest,Config_Hybrid,0.5,0.4411764705882353,0.7731958762886598,0.4898541002850914,0.5598991647227031,0.5398826096771766,1d,937,234,167,2021-10-13,2025-07-16,2025-07-17,2026-06-25,direct_material_lag1_per_ticker,FPT,1
Logistic_Regression,Config_A,0.5407725321888412,0.27906976744186046,0.13636363636363635,0.4319015608978011,0.4960815047021944,0.46128526645768025,5d,934,233,26,2021-10-13,2025-07-11,2025-07-14,2026-06-19,direct_material_lag1_per_ticker,FPT,1
Random_Forest,Config_A,0.4034334763948498,0.3835616438356164,0.9545454545454546,0.3365087169401594,0.5301724137931034,0.5117554858934169,5d,934,233,26,2021-10-13,2025-07-11,2025-07-14,2026-06-19,direct_material_lag1_per_ticker,FPT,1
Logistic_Regression,Config_LLM,0.463519313304721,0.2716049382716049,0.25,0.419739804355189,0.47464733542319754,0.421551724137931,5d,934,233,141,2021-10-13,2025-07-11,2025-07-14,2026-06-19,direct_material_lag1_per_ticker,FPT,1
Random_Forest,Config_LLM,0.47639484978540775,0.375,0.5795454545454546,0.4756124557260921,0.43765673981191217,0.4966692789968652,5d,934,233,141,2021-10-13,2025-07-11,2025-07-14,2026-06-19,direct_material_lag1_per_ticker,FPT,1
Logistic_Regression,Config_Hybrid,0.4721030042918455,0.3157894736842105,0.3409090909090909,0.44661993859699933,0.3810344827586207,0.44631661442006265,5d,934,233,167,2021-10-13,2025-07-11,2025-07-14,2026-06-19,direct_material_lag1_per_ticker,FPT,1
Random_Forest,Config_Hybrid,0.41201716738197425,0.37305699481865284,0.8181818181818182,0.3859574877368472,0.4403996865203762,0.4918495297805643,5d,934,233,167,2021-10-13,2025-07-11,2025-07-14,2026-06-19,direct_material_lag1_per_ticker,FPT,1
Logistic_Regression,Config_A,0.6077586206896551,0.4166666666666667,0.30864197530864196,0.5364380914739916,0.5132859128444117,0.5384269479192216,10d,930,232,26,2021-10-13,2025-07-07,2025-07-08,2026-06-12,direct_material_lag1_per_ticker,FPT,1
Random_Forest,Config_A,0.3922413793103448,0.3598130841121495,0.9506172839506173,0.3438571858389329,0.6774180361376829,0.5216662578693484,10d,930,232,26,2021-10-13,2025-07-07,2025-07-08,2026-06-12,direct_material_lag1_per_ticker,FPT,1
Logistic_Regression,Config_LLM,0.46120689655172414,0.2608695652173913,0.2962962962962963,0.42395169139701644,0.4561360477475268,0.42298258523424087,10d,930,232,141,2021-10-13,2025-07-07,2025-07-08,2026-06-12,direct_material_lag1_per_ticker,FPT,1
Random_Forest,Config_LLM,0.4525862068965517,0.3230769230769231,0.5185185185185185,0.4480639904089317,0.45842531272994846,0.46786853078243806,10d,930,232,141,2021-10-13,2025-07-07,2025-07-08,2026-06-12,direct_material_lag1_per_ticker,FPT,1
Logistic_Regression,Config_Hybrid,0.47844827586206895,0.2872340425531915,0.3333333333333333,0.44494315373208104,0.41353936718175127,0.444812362030905,10d,930,232,167,2021-10-13,2025-07-07,2025-07-08,2026-06-12,direct_material_lag1_per_ticker,FPT,1
Random_Forest,Config_Hybrid,0.3879310344827586,0.3526570048309179,0.9012345679012346,0.35006313131313127,0.4913743765840896,0.5069086746790941,10d,930,232,167,2021-10-13,2025-07-07,2025-07-08,2026-06-12,direct_material_lag1_per_ticker,FPT,1
Logistic_Regression,Config_A,0.49130434782608695,0.359375,0.5679012345679012,0.487027964696239,0.4978042919877372,0.5087828320490513,20d,922,230,26,2021-10-13,2025-06-25,2025-06-26,2026-05-29,direct_material_lag1_per_ticker,FPT,1
Random_Forest,Config_A,0.3695652173913043,0.3584070796460177,1.0,0.2899874390581423,0.7317921948794432,0.5134228187919463,20d,922,230,26,2021-10-13,2025-06-25,2025-06-26,2026-05-29,direct_material_lag1_per_ticker,FPT,1
Logistic_Regression,Config_LLM,0.4260869565217391,0.1506849315068493,0.13580246913580246,0.35574229691876746,0.3882674620929654,0.3598475432927335,20d,922,230,141,2021-10-13,2025-06-25,2025-06-26,2026-05-29,direct_material_lag1_per_ticker,FPT,1
Random_Forest,Config_LLM,0.39565217391304347,0.26229508196721313,0.3950617283950617,0.3872074524160932,0.326249067859806,0.3955174413787389,20d,922,230,141,2021-10-13,2025-06-25,2025-06-26,2026-05-29,direct_material_lag1_per_ticker,FPT,1
Logistic_Regression,Config_Hybrid,0.3782608695652174,0.19,0.2345679012345679,0.34869997425691596,0.3440218742232165,0.34547187008037117,20d,922,230,167,2021-10-13,2025-06-25,2025-06-26,2026-05-29,direct_material_lag1_per_ticker,FPT,1
Random_Forest,Config_Hybrid,0.3695652173913043,0.3584070796460177,1.0,0.2899874390581423,0.4373601789709172,0.5134228187919463,20d,922,230,167,2021-10-13,2025-06-25,2025-06-26,2026-05-29,direct_material_lag1_per_ticker,FPT,1
Logistic_Regression,Config_A,0.5854700854700855,0.5405405405405406,0.2,0.49945972170154584,0.5763432835820895,0.5365671641791044,1d,937,234,26,2021-10-13,2025-07-16,2025-07-17,2026-06-25,direct_material_lag1_per_ticker,HPG,1
Random_Forest,Config_A,0.5897435897435898,0.5833333333333334,0.14,0.47336834208552137,0.571044776119403,0.5326865671641792,1d,937,234,26,2021-10-13,2025-07-16,2025-07-17,2026-06-25,direct_material_lag1_per_ticker,HPG,1
Logistic_Regression,Config_LLM,0.44017094017094016,0.4258373205741627,0.89,0.37607620443304635,0.5232462686567164,0.49723880597014924,1d,937,234,141,2021-10-13,2025-07-16,2025-07-17,2026-06-25,direct_material_lag1_per_ticker,HPG,1
Random_Forest,Config_LLM,0.5256410256410257,0.4421052631578947,0.42,0.512087912087912,0.5233955223880596,0.5122388059701493,1d,937,234,141,2021-10-13,2025-07-16,2025-07-17,2026-06-25,direct_material_lag1_per_ticker,HPG,1
Logistic_Regression,Config_Hybrid,0.5811965811965812,0.5185185185185185,0.28,0.5257672264041691,0.5654477611940298,0.5429850746268656,1d,937,234,167,2021-10-13,2025-07-16,2025-07-17,2026-06-25,direct_material_lag1_per_ticker,HPG,1
Random_Forest,Config_Hybrid,0.594017094017094,0.5925925925925926,0.16,0.4866880642852195,0.6001492537313433,0.538955223880597,1d,937,234,167,2021-10-13,2025-07-16,2025-07-17,2026-06-25,direct_material_lag1_per_ticker,HPG,1
Logistic_Regression,Config_A,0.5793991416309013,0.0,0.0,0.36684782608695654,0.5888133030990175,0.5,5d,934,233,26,2021-10-13,2025-07-11,2025-07-14,2026-06-19,direct_material_lag1_per_ticker,HPG,1
Random_Forest,Config_A,0.6051502145922747,0.5681818181818182,0.25510204081632654,0.5340810293861937,0.6378684807256236,0.5571806500377929,5d,934,233,26,2021-10-13,2025-07-11,2025-07-14,2026-06-19,direct_material_lag1_per_ticker,HPG,1
Logistic_Regression,Config_LLM,0.5150214592274678,0.39436619718309857,0.2857142857142857,0.4754447831370908,0.47320483749055187,0.4835978835978836,5d,934,233,141,2021-10-13,2025-07-11,2025-07-14,2026-06-19,direct_material_lag1_per_ticker,HPG,1
Random_Forest,Config_LLM,0.5536480686695279,0.47368421052631576,0.5510204081632653,0.5499925716832565,0.5656462585034013,0.5532879818594104,5d,934,233,141,2021-10-13,2025-07-11,2025-07-14,2026-06-19,direct_material_lag1_per_ticker,HPG,1
Logistic_Regression,Config_Hybrid,0.5364806866952789,0.38095238095238093,0.16326530612244897,0.4486415425065732,0.5849584278155706,0.4853363567649282,5d,934,233,167,2021-10-13,2025-07-11,2025-07-14,2026-06-19,direct_material_lag1_per_ticker,HPG,1
Random_Forest,Config_Hybrid,0.6137339055793991,0.5869565217391305,0.2755102040816326,0.547748447204969,0.585525321239607,0.5673847316704459,5d,934,233,167,2021-10-13,2025-07-11,2025-07-14,2026-06-19,direct_material_lag1_per_ticker,HPG,1
Logistic_Regression,Config_A,0.5474137931034483,0.0,0.0,0.35376044568245124,0.5201349831271092,0.5,10d,930,232,26,2021-10-13,2025-07-07,2025-07-08,2026-06-12,direct_material_lag1_per_ticker,HPG,1
Random_Forest,Config_A,0.5646551724137931,1.0,0.0380952380952381,0.3944437265796615,0.6782527184101986,0.5190476190476191,10d,930,232,26,2021-10-13,2025-07-07,2025-07-08,2026-06-12,direct_material_lag1_per_ticker,HPG,1
Logistic_Regression,Config_LLM,0.44396551724137934,0.35365853658536583,0.2761904761904762,0.42222822834417656,0.4560554930633671,0.42943382077240344,10d,930,232,141,2021-10-13,2025-07-07,2025-07-08,2026-06-12,direct_material_lag1_per_ticker,HPG,1
Random_Forest,Config_LLM,0.49137931034482757,0.43157894736842106,0.3904761904761905,0.48151515151515145,0.5109486314210724,0.48263967004124486,10d,930,232,141,2021-10-13,2025-07-07,2025-07-08,2026-06-12,direct_material_lag1_per_ticker,HPG,1
Logistic_Regression,Config_Hybrid,0.5086206896551724,0.40816326530612246,0.19047619047619047,0.44599916212819435,0.4865391826021747,0.4810648668916385,10d,930,232,167,2021-10-13,2025-07-07,2025-07-08,2026-06-12,direct_material_lag1_per_ticker,HPG,1
Random_Forest,Config_Hybrid,0.6077586206896551,0.75,0.2,0.5204325011925583,0.5363704536932883,0.5724409448818898,10d,930,232,167,2021-10-13,2025-07-07,2025-07-08,2026-06-12,direct_material_lag1_per_ticker,HPG,1
Logistic_Regression,Config_A,0.5,0.0,0.0,0.3333333333333333,0.4626086956521739,0.5,20d,922,230,26,2021-10-13,2025-06-25,2025-06-26,2026-05-29,direct_material_lag1_per_ticker,HPG,1
Random_Forest,Config_A,0.5478260869565217,0.9230769230769231,0.10434782608695652,0.4371234939759036,0.6225330812854442,0.5478260869565218,20d,922,230,26,2021-10-13,2025-06-25,2025-06-26,2026-05-29,direct_material_lag1_per_ticker,HPG,1
Logistic_Regression,Config_LLM,0.5,0.5,0.6956521739130435,0.4800982800982801,0.5031001890359169,0.5,20d,922,230,141,2021-10-13,2025-06-25,2025-06-26,2026-05-29,direct_material_lag1_per_ticker,HPG,1
Random_Forest,Config_LLM,0.48695652173913045,0.4845360824742268,0.40869565217391307,0.48379488740109555,0.5057844990548204,0.4869565217391304,20d,922,230,141,2021-10-13,2025-06-25,2025-06-26,2026-05-29,direct_material_lag1_per_ticker,HPG,1
Logistic_Regression,Config_Hybrid,0.5260869565217391,0.5535714285714286,0.26956521739130435,0.4927052348287096,0.48370510396975425,0.5260869565217392,20d,922,230,167,2021-10-13,2025-06-25,2025-06-26,2026-05-29,direct_material_lag1_per_ticker,HPG,1
Random_Forest,Config_Hybrid,0.5521739130434783,0.9285714285714286,0.11304347826086956,0.44518606993138016,0.6745935727788279,0.5521739130434783,20d,922,230,167,2021-10-13,2025-06-25,2025-06-26,2026-05-29,direct_material_lag1_per_ticker,HPG,1
Logistic_Regression,Config_A,0.5512820512820513,0.5087719298245614,0.27358490566037735,0.5057829628884642,0.5502653301886793,0.5274174528301887,1d,937,234,26,2021-10-13,2025-07-16,2025-07-17,2026-06-25,direct_material_lag1_per_ticker,SSI,1
Random_Forest,Config_A,0.5256410256410257,0.4358974358974359,0.16037735849056603,0.44541475392334795,0.4919295400943396,0.494251179245283,1d,937,234,26,2021-10-13,2025-07-16,2025-07-17,2026-06-25,direct_material_lag1_per_ticker,SSI,1
Logistic_Regression,Config_LLM,0.47435897435897434,0.4297520661157025,0.49056603773584906,0.4738881678761402,0.47011350235849053,0.47575176886792453,1d,937,234,141,2021-10-13,2025-07-16,2025-07-17,2026-06-25,direct_material_lag1_per_ticker,SSI,1
Random_Forest,Config_LLM,0.4829059829059829,0.42990654205607476,0.4339622641509434,0.4787075393537697,0.46528596698113206,0.4786998820754717,1d,937,234,141,2021-10-13,2025-07-16,2025-07-17,2026-06-25,direct_material_lag1_per_ticker,SSI,1
Logistic_Regression,Config_Hybrid,0.5341880341880342,0.4810126582278481,0.3584905660377358,0.5128259001050521,0.5023584905660378,0.5190890330188679,1d,937,234,167,2021-10-13,2025-07-16,2025-07-17,2026-06-25,direct_material_lag1_per_ticker,SSI,1
Random_Forest,Config_Hybrid,0.48717948717948717,0.3870967741935484,0.22641509433962265,0.44285714285714284,0.44044811320754723,0.4647700471698113,1d,937,234,167,2021-10-13,2025-07-16,2025-07-17,2026-06-25,direct_material_lag1_per_ticker,SSI,1
Logistic_Regression,Config_A,0.5879828326180258,0.7272727272727273,0.1509433962264151,0.48298816568047337,0.5719803892437973,0.5518496508691131,5d,934,233,26,2021-10-13,2025-07-11,2025-07-14,2026-06-19,direct_material_lag1_per_ticker,SSI,1
Random_Forest,Config_A,0.5879828326180258,0.5925925925925926,0.3018867924528302,0.5431372549019609,0.584199970286733,0.5643292229980686,5d,934,233,26,2021-10-13,2025-07-11,2025-07-14,2026-06-19,direct_material_lag1_per_ticker,SSI,1
Logistic_Regression,Config_LLM,0.5450643776824035,0.5,0.3490566037735849,0.5202408702408703,0.5661863021839251,0.5288590105482097,5d,934,233,141,2021-10-13,2025-07-11,2025-07-14,2026-06-19,direct_material_lag1_per_ticker,SSI,1
Random_Forest,Config_LLM,0.4978540772532189,0.45864661654135336,0.5754716981132075,0.49752087442169096,0.5212821274699153,0.50427128212747,5d,934,233,141,2021-10-13,2025-07-11,2025-07-14,2026-06-19,direct_material_lag1_per_ticker,SSI,1
Logistic_Regression,Config_Hybrid,0.5708154506437768,0.6153846153846154,0.1509433962264151,0.471511522409726,0.5777744763036696,0.5361016193730501,5d,934,233,167,2021-10-13,2025-07-11,2025-07-14,2026-06-19,direct_material_lag1_per_ticker,SSI,1
Random_Forest,Config_Hybrid,0.5364806866952789,0.48717948717948717,0.3584905660377358,0.5150323774283071,0.5386272470658149,0.521764968058238,5d,934,233,167,2021-10-13,2025-07-11,2025-07-14,2026-06-19,direct_material_lag1_per_ticker,SSI,1
Logistic_Regression,Config_A,0.5431034482758621,0.8181818181818182,0.15,0.46216429008835624,0.6078869047619047,0.5571428571428572,10d,930,232,26,2021-10-13,2025-07-07,2025-07-08,2026-06-12,direct_material_lag1_per_ticker,SSI,1
Random_Forest,Config_A,0.43103448275862066,0.42105263157894735,0.26666666666666666,0.4169966494060311,0.4871279761904762,0.4369047619047619,10d,930,232,26,2021-10-13,2025-07-07,2025-07-08,2026-06-12,direct_material_lag1_per_ticker,SSI,1
Logistic_Regression,Config_LLM,0.49137931034482757,0.5151515151515151,0.2833333333333333,0.47056548309739304,0.5105654761904761,0.4988095238095238,10d,930,232,141,2021-10-13,2025-07-07,2025-07-08,2026-06-12,direct_material_lag1_per_ticker,SSI,1
Random_Forest,Config_LLM,0.47844827586206895,0.4965986394557823,0.6083333333333333,0.466301640715603,0.4986607142857143,0.4738095238095238,10d,930,232,141,2021-10-13,2025-07-07,2025-07-08,2026-06-12,direct_material_lag1_per_ticker,SSI,1
Logistic_Regression,Config_Hybrid,0.5086206896551724,0.75,0.075,0.39649507119386634,0.5587053571428572,0.5241071428571429,10d,930,232,167,2021-10-13,2025-07-07,2025-07-08,2026-06-12,direct_material_lag1_per_ticker,SSI,1
Random_Forest,Config_Hybrid,0.5905172413793104,0.7272727272727273,0.3333333333333333,0.5642115669797331,0.593452380952381,0.5997023809523809,10d,930,232,167,2021-10-13,2025-07-07,2025-07-08,2026-06-12,direct_material_lag1_per_ticker,SSI,1
Logistic_Regression,Config_A,0.5652173913043478,0.7368421052631579,0.12844036697247707,0.4587725903614458,0.5617560087952082,0.5435590264614452,20d,922,230,26,2021-10-13,2025-06-25,2025-06-26,2026-05-29,direct_material_lag1_per_ticker,SSI,1
Random_Forest,Config_A,0.5130434782608696,0.4482758620689655,0.11926605504587157,0.42028985507246375,0.6090681628629919,0.4935173250435969,20d,922,230,26,2021-10-13,2025-06-25,2025-06-26,2026-05-29,direct_material_lag1_per_ticker,SSI,1
Logistic_Regression,Config_LLM,0.508695652173913,0.4696969696969697,0.28440366972477066,0.4788972431077694,0.5721434528773979,0.49757373568883156,20d,922,230,141,2021-10-13,2025-06-25,2025-06-26,2026-05-29,direct_material_lag1_per_ticker,SSI,1
Random_Forest,Config_LLM,0.5434782608695652,0.5158730158730159,0.5963302752293578,0.5432624113475177,0.5961786337099098,0.5460990219121995,20d,922,230,141,2021-10-13,2025-06-25,2025-06-26,2026-05-29,direct_material_lag1_per_ticker,SSI,1
Logistic_Regression,Config_Hybrid,0.5739130434782609,0.8666666666666667,0.11926605504587157,0.45900537634408606,0.511941769656532,0.5513685647130184,20d,922,230,167,2021-10-13,2025-06-25,2025-06-26,2026-05-29,direct_material_lag1_per_ticker,SSI,1
Random_Forest,Config_Hybrid,0.5391304347826087,0.5714285714285714,0.11009174311926606,0.4317016317016317,0.5583440746076276,0.5178557889150049,20d,922,230,167,2021-10-13,2025-06-25,2025-06-26,2026-05-29,direct_material_lag1_per_ticker,SSI,1
Logistic_Regression,Config_A,0.5213675213675214,0.43137254901960786,0.20952380952380953,0.46153846153846156,0.49605020302694725,0.492358803986711,1d,937,234,26,2021-10-13,2025-07-16,2025-07-17,2026-06-25,direct_material_lag1_per_ticker,VCB,1
Random_Forest,Config_A,0.5427350427350427,0.4791666666666667,0.21904761904761905,0.48048552754435103,0.5366186784791437,0.512624584717608,1d,937,234,26,2021-10-13,2025-07-16,2025-07-17,2026-06-25,direct_material_lag1_per_ticker,VCB,1
Logistic_Regression,Config_LLM,0.46153846153846156,0.3764705882352941,0.3047619047619048,0.44180234759560777,0.40852713178294575,0.44695459579180513,1d,937,234,141,2021-10-13,2025-07-16,2025-07-17,2026-06-25,direct_material_lag1_per_ticker,VCB,1
Random_Forest,Config_LLM,0.5641025641025641,0.5168539325842697,0.4380952380952381,0.5509820152005418,0.5157253599114064,0.5523809523809524,1d,937,234,141,2021-10-13,2025-07-16,2025-07-17,2026-06-25,direct_material_lag1_per_ticker,VCB,1
Logistic_Regression,Config_Hybrid,0.48717948717948717,0.4025974025974026,0.29523809523809524,0.46053946053946054,0.4449612403100775,0.4693244739756368,1d,937,234,167,2021-10-13,2025-07-16,2025-07-17,2026-06-25,direct_material_lag1_per_ticker,VCB,1
Random_Forest,Config_Hybrid,0.5170940170940171,0.42592592592592593,0.21904761904761905,0.461806191610185,0.5184939091915837,0.4893687707641196,1d,937,234,167,2021-10-13,2025-07-16,2025-07-17,2026-06-25,direct_material_lag1_per_ticker,VCB,1
Logistic_Regression,Config_A,0.6223175965665236,0.8888888888888888,0.1568627450980392,0.5061657032755299,0.6624756772938182,0.5707977847627601,5d,934,233,26,2021-10-13,2025-07-11,2025-07-14,2026-06-19,direct_material_lag1_per_ticker,VCB,1
Random_Forest,Config_A,0.6351931330472103,0.7741935483870968,0.23529411764705882,0.5528235001919213,0.6884822631342613,0.590929501571621,5d,934,233,26,2021-10-13,2025-07-11,2025-07-14,2026-06-19,direct_material_lag1_per_ticker,VCB,1
Logistic_Regression,Config_LLM,0.5107296137339056,0.46842105263157896,0.8725490196078431,0.4772083136513935,0.5345756623259992,0.5507783265978147,5d,934,233,141,2021-10-13,2025-07-11,2025-07-14,2026-06-19,direct_material_lag1_per_ticker,VCB,1
Random_Forest,Config_LLM,0.5407725321888412,0.463768115942029,0.3137254901960784,0.5057785707205867,0.5065484208950756,0.5156413710522376,5d,934,233,141,2021-10-13,2025-07-11,2025-07-14,2026-06-19,direct_material_lag1_per_ticker,VCB,1
Logistic_Regression,Config_Hybrid,0.630901287553648,0.66,0.3235294117647059,0.580162587998659,0.666292471186948,0.5968792096991469,5d,934,233,167,2021-10-13,2025-07-11,2025-07-14,2026-06-19,direct_material_lag1_per_ticker,VCB,1
Random_Forest,Config_Hybrid,0.6609442060085837,0.8484848484848485,0.27450980392156865,0.5880720599753833,0.6669286035024696,0.6181709324951354,5d,934,233,167,2021-10-13,2025-07-11,2025-07-14,2026-06-19,direct_material_lag1_per_ticker,VCB,1
Logistic_Regression,Config_A,0.5862068965517241,0.5,0.21875,0.5049346492397973,0.7244944852941176,0.5321691176470589,10d,930,232,26,2021-10-13,2025-07-07,2025-07-08,2026-06-12,direct_material_lag1_per_ticker,VCB,1
Random_Forest,Config_A,0.5775862068965517,0.4772727272727273,0.21875,0.49876543209876545,0.6175321691176471,0.5248161764705883,10d,930,232,26,2021-10-13,2025-07-07,2025-07-08,2026-06-12,direct_material_lag1_per_ticker,VCB,1
Logistic_Regression,Config_LLM,0.5560344827586207,0.48205128205128206,0.9791666666666666,0.5253361937111416,0.5741421568627451,0.6182598039215685,10d,930,232,141,2021-10-13,2025-07-07,2025-07-08,2026-06-12,direct_material_lag1_per_ticker,VCB,1
Random_Forest,Config_LLM,0.6077586206896551,0.5294117647058824,0.46875,0.5878413993713761,0.6308976715686274,0.5873161764705883,10d,930,232,141,2021-10-13,2025-07-07,2025-07-08,2026-06-12,direct_material_lag1_per_ticker,VCB,1
Logistic_Regression,Config_Hybrid,0.6293103448275862,0.5641025641025641,0.4583333333333333,0.6045977011494252,0.7103247549019609,0.6041666666666666,10d,930,232,167,2021-10-13,2025-07-07,2025-07-08,2026-06-12,direct_material_lag1_per_ticker,VCB,1
Random_Forest,Config_Hybrid,0.6336206896551724,0.6,0.34375,0.5827602987537821,0.6590839460784313,0.5909926470588236,10d,930,232,167,2021-10-13,2025-07-07,2025-07-08,2026-06-12,direct_material_lag1_per_ticker,VCB,1
Logistic_Regression,Config_A,0.6739130434782609,0.7288135593220338,0.4215686274509804,0.6416626851409459,0.7650122549019608,0.6482843137254902,20d,922,230,26,2021-10-13,2025-06-25,2025-06-26,2026-05-29,direct_material_lag1_per_ticker,VCB,1
Random_Forest,Config_A,0.6782608695652174,0.8181818181818182,0.35294117647058826,0.6287409475612948,0.7630208333333333,0.6452205882352942,20d,922,230,26,2021-10-13,2025-06-25,2025-06-26,2026-05-29,direct_material_lag1_per_ticker,VCB,1
Logistic_Regression,Config_LLM,0.5869565217391305,0.5181347150259067,0.9803921568627451,0.5511042629686698,0.4823835784313726,0.6269148284313726,20d,922,230,141,2021-10-13,2025-06-25,2025-06-26,2026-05-29,direct_material_lag1_per_ticker,VCB,1
Random_Forest,Config_LLM,0.6173913043478261,0.5833333333333334,0.4803921568627451,0.6028569186092143,0.6721430759803921,0.6034773284313726,20d,922,230,141,2021-10-13,2025-06-25,2025-06-26,2026-05-29,direct_material_lag1_per_ticker,VCB,1
Logistic_Regression,Config_Hybrid,0.7130434782608696,0.7368421052631579,0.5490196078431373,0.697585464977289,0.7183670343137256,0.6963848039215687,20d,922,230,167,2021-10-13,2025-06-25,2025-06-26,2026-05-29,direct_material_lag1_per_ticker,VCB,1
Random_Forest,Config_Hybrid,0.7217391304347827,0.796875,0.5,0.6983853782476845,0.785424325980392,0.69921875,20d,922,230,167,2021-10-13,2025-06-25,2025-06-26,2026-05-29,direct_material_lag1_per_ticker,VCB,1
Logistic_Regression,Config_A,0.5042735042735043,0.46357615894039733,0.6666666666666666,0.49985259433962265,0.5367294204503507,0.5193798449612403,1d,937,234,26,2021-10-13,2025-07-16,2025-07-17,2026-06-25,direct_material_lag1_per_ticker,VNM,1
Random_Forest,Config_A,0.5256410256410257,0.4625,0.3523809523809524,0.503886925795053,0.5418973791066815,0.5095238095238095,1d,937,234,26,2021-10-13,2025-07-16,2025-07-17,2026-06-25,direct_material_lag1_per_ticker,VNM,1
Logistic_Regression,Config_LLM,0.4358974358974359,0.42105263157894735,0.6857142857142857,0.4171195652173913,0.45799187892211146,0.4591362126245847,1d,937,234,141,2021-10-13,2025-07-16,2025-07-17,2026-06-25,direct_material_lag1_per_ticker,VNM,1
Random_Forest,Config_LLM,0.47435897435897434,0.4117647058823529,0.4,0.4672663668165917,0.44817275747508306,0.46744186046511627,1d,937,234,141,2021-10-13,2025-07-16,2025-07-17,2026-06-25,direct_material_lag1_per_ticker,VNM,1
Logistic_Regression,Config_Hybrid,0.4700854700854701,0.42276422764227645,0.49523809523809526,0.4697368421052631,0.4823181985972684,0.47242524916943524,1d,937,234,167,2021-10-13,2025-07-16,2025-07-17,2026-06-25,direct_material_lag1_per_ticker,VNM,1
Random_Forest,Config_Hybrid,0.5470085470085471,0.4942528735632184,0.4095238095238095,0.5319293478260869,0.5520118124769288,0.53421926910299,1d,937,234,167,2021-10-13,2025-07-16,2025-07-17,2026-06-25,direct_material_lag1_per_ticker,VNM,1
Logistic_Regression,Config_A,0.5364806866952789,0.4810126582278481,0.7450980392156863,0.5301717699775952,0.6359077982337974,0.559571920371202,5d,934,233,26,2021-10-13,2025-07-11,2025-07-14,2026-06-19,direct_material_lag1_per_ticker,VNM,1
Random_Forest,Config_A,0.5708154506437768,0.509090909090909,0.5490196078431373,0.5673005496954391,0.6041760215536597,0.568402933692561,5d,934,233,26,2021-10-13,2025-07-11,2025-07-14,2026-06-19,direct_material_lag1_per_ticker,VNM,1
Logistic_Regression,Config_LLM,0.41201716738197425,0.39766081871345027,0.6666666666666666,0.39416196929150293,0.502170333782368,0.4402035623409669,5d,934,233,141,2021-10-13,2025-07-11,2025-07-14,2026-06-19,direct_material_lag1_per_ticker,VNM,1
Random_Forest,Config_LLM,0.4334763948497854,0.3958333333333333,0.5588235294117647,0.4317073170731708,0.4437209998503219,0.4473506960035923,5d,934,233,141,2021-10-13,2025-07-11,2025-07-14,2026-06-19,direct_material_lag1_per_ticker,VNM,1
Logistic_Regression,Config_Hybrid,0.5321888412017167,0.4700854700854701,0.5392156862745098,0.5304937792320633,0.5285136955545577,0.5329666217632091,5d,934,233,167,2021-10-13,2025-07-11,2025-07-14,2026-06-19,direct_material_lag1_per_ticker,VNM,1
Random_Forest,Config_Hybrid,0.5836909871244635,0.5238095238095238,0.5392156862745098,0.5784417958331002,0.5959437209998502,0.5787681484807663,5d,934,233,167,2021-10-13,2025-07-11,2025-07-14,2026-06-19,direct_material_lag1_per_ticker,VNM,1
Logistic_Regression,Config_A,0.5948275862068966,0.5704225352112676,0.7105263157894737,0.5904447115384616,0.6236990782039844,0.5967885816235504,10d,930,232,26,2021-10-13,2025-07-07,2025-07-08,2026-06-12,direct_material_lag1_per_ticker,VNM,1
Random_Forest,Config_A,0.5603448275862069,0.5588235294117647,0.5,0.5582437275985663,0.6135518881950639,0.5593220338983051,10d,930,232,26,2021-10-13,2025-07-07,2025-07-08,2026-06-12,direct_material_lag1_per_ticker,VNM,1
Logistic_Regression,Config_LLM,0.4051724137931034,0.42857142857142855,0.631578947368421,0.3761982698152911,0.45944840915848945,0.40900981266726133,10d,930,232,141,2021-10-13,2025-07-07,2025-07-08,2026-06-12,direct_material_lag1_per_ticker,VNM,1
Random_Forest,Config_LLM,0.4827586206896552,0.4782608695652174,0.5789473684210527,0.4788858939802336,0.47673208444840914,0.4843889384478145,10d,930,232,141,2021-10-13,2025-07-07,2025-07-08,2026-06-12,direct_material_lag1_per_ticker,VNM,1
Logistic_Regression,Config_Hybrid,0.6120689655172413,0.603448275862069,0.6140350877192983,0.6120401337792643,0.5798394290811775,0.612102289622361,10d,930,232,167,2021-10-13,2025-07-07,2025-07-08,2026-06-12,direct_material_lag1_per_ticker,VNM,1
Random_Forest,Config_Hybrid,0.5862068965517241,0.5865384615384616,0.5350877192982456,0.5846945625419557,0.6303523639607493,0.5853404698186143,10d,930,232,167,2021-10-13,2025-07-07,2025-07-08,2026-06-12,direct_material_lag1_per_ticker,VNM,1
Logistic_Regression,Config_A,0.6434782608695652,0.5844155844155844,0.8333333333333334,0.6364407433109723,0.7086369156041287,0.6543715846994536,20d,922,230,26,2021-10-13,2025-06-25,2025-06-26,2026-05-29,direct_material_lag1_per_ticker,VNM,1
Random_Forest,Config_A,0.6260869565217392,0.5964912280701754,0.6296296296296297,0.6256340373987432,0.6955069823922283,0.6262902246508804,20d,922,230,26,2021-10-13,2025-06-25,2025-06-26,2026-05-29,direct_material_lag1_per_ticker,VNM,1
Logistic_Regression,Config_LLM,0.3565217391304348,0.391304347826087,0.6666666666666666,0.30609915198956295,0.43450212507589553,0.37431693989071035,20d,922,230,141,2021-10-13,2025-06-25,2025-06-26,2026-05-29,direct_material_lag1_per_ticker,VNM,1
Random_Forest,Config_LLM,0.5304347826086957,0.5,0.6388888888888888,0.5281513562799179,0.539996964177292,0.5366575591985427,20d,922,230,141,2021-10-13,2025-06-25,2025-06-26,2026-05-29,direct_material_lag1_per_ticker,VNM,1
Logistic_Regression,Config_Hybrid,0.6260869565217392,0.5932203389830508,0.6481481481481481,0.6259738295136525,0.6028384942319368,0.6273527625986642,20d,922,230,167,2021-10-13,2025-06-25,2025-06-26,2026-05-29,direct_material_lag1_per_ticker,VNM,1
Random_Forest,Config_Hybrid,0.5782608695652174,0.5567010309278351,0.5,0.5732185557149689,0.6336900425015178,0.5737704918032787,20d,922,230,167,2021-10-13,2025-06-25,2025-06-26,2026-05-29,direct_material_lag1_per_ticker,VNM,1
