date,title,description,url,source
2026-06-09,CTG: Nghị quyết HĐQT phê duyệt phương án phát hành Trái Phiếu tăng vốn cấp 2 theo hình thức riêng lẻ,Ngân hàng Thương mại Cổ phần Công Thương Việt Nam thông báo Nghị quyết HĐQT số 216 ngày 08/06/2026,https://cafef.vn/du-lieu/CTG-2905409/ctg-nghi-quyet-hdqt-phe-duyet-phuong-an-phat-hanh-trai-phieu-tang-von-cap-2-theo-hinh-thuc-rieng-le.chn,cafef
2026-06-04,CTG: Quyết định của NHNN về việc bổ sung nội dung hoạt động vào Giấy phép thành lập và hoạt động của VietinBank,Ngân hàng Thương mại Cổ phần Công Thương Việt Nam công bố Quyết định của NHNN về việc bổ sung nội dung hoạt động vào Giấy phép thành lập và hoạt động của VietinBank,https://cafef.vn/du-lieu/CTG-2902213/ctg-quyet-dinh-cua-nhnn-ve-viec-bo-sung-noi-dung-hoat-dong-vao-giay-phep-thanh-lap-va-hoat-dong-cua-vietinbank.chn,cafef
2026-05-29,CTG: Nghị quyết HĐQT về việc mua lại trước hạn Trái phiếu thứ cấp,Ngân hàng Thương mại Cổ phần Công Thương Việt Nam công bố Nghị quyết HĐQT số 203 ngày 29/05/2026,https://cafef.vn/du-lieu/CTG-2898120/ctg-nghi-quyet-hdqt-ve-viec-mua-lai-truoc-han-trai-phieu-thu-cap.chn,cafef
2026-05-26,CTG: Nghị quyết HĐQT thông qua dự thảo Hợp đồng hợp tác với các công ty con trong hệ sinh thái,Ngân hàng Thương mại Cổ phần Công Thương Việt Nam công bố Nghị quyết HĐQT thông qua dự thảo Hợp đồng hợp tác với các công ty con trong hệ sinh thái,https://cafef.vn/du-lieu/CTG-2895513/ctg-nghi-quyet-hdqt-thong-qua-du-thao-hop-dong-hop-tac-voi-cac-cong-ty-con-trong-he-sinh-thai.chn,cafef
2026-05-22,CTG: Quyết định của NHNN Việt Nam về việc thay đổi người đại diện phần vốn Nhà nước tại VietinBank,Ngân hàng Thương mại Cổ phần Công Thương Việt Nam thông báo nhận được Quyết định của NHNNVN về việc thay đổi người đại diện phần vốn Nhà nước tại VietinBank,https://cafef.vn/du-lieu/CTG-2893072/ctg-quyet-dinh-cua-nhnn-viet-nam-ve-viec-thay-doi-nguoi-dai-dien-phan-von-nha-nuoc-tai-vietinbank.chn,cafef
2026-05-18,SGP: Ngân hàng TMCP Công Thương Việt Nam (VietinBank)  đã bán 0 CP,Ngân hàng TMCP Công Thương Việt Nam (VietinBank) - người có liên quan đến Ủy viên HĐQT - đã bán 0 CP,https://cafef.vn/du-lieu/CTG-2889551/sgp-ngan-hang-tmcp-cong-thuong-viet-nam-vietinbank-da-ban-0-cp.chn,cafef
2026-05-05,CTG: Quyết định của TGĐ về việc thay đổi địa điểm trụ sở Chi nhánh Hồng Bàng,Ngân hàng Thương mại Cổ phần Công Thương Việt Nam thông báo Quyết định của TGĐ về việc thay đổi địa điểm trụ sở Chi nhánh Hồng Bàng,https://cafef.vn/du-lieu/CTG-2880085/ctg-quyet-dinh-cua-tgd-ve-viec-thay-doi-dia-diem-tru-so-chi-nhanh-hong-bang.chn,cafef
2026-04-28,CTG: Quy chế nội bộ về quản trị công ty,Công ty Cổ phần Kho vận Miền Nam thông báo Quy chế nội bộ về quản trị công ty,https://cafef.vn/du-lieu/CTG-2676930/ctg-quy-che-noi-bo-ve-quan-tri-cong-ty.chn,cafef
2026-04-28,CTG: Nghị quyết và Biên bản họp ĐHĐCĐ thường niên 2026,Ngân hàng Thương mại Cổ phần Công Thương Việt Nam thông báo Nghị quyết và Biên bản họp ĐHĐCĐ thường niên 2026,https://cafef.vn/du-lieu/CTG-2676731/ctg-nghi-quyet-va-bien-ban-hop-dhdcd-thuong-nien-2026.chn,cafef
2026-04-24,"CTG: Nghị quyết HĐQT về việc cập nhật, bổ sung tài liệu ĐHĐCĐ thường niên năm 2026","Ngân hàng Thương mại Cổ phần Công Thương Việt Nam công bố Nghị quyết HĐQT về việc cập nhật, bổ sung tài liệu ĐHĐCĐ thường niên năm 2026",https://cafef.vn/du-lieu/CTG-2674551/ctg-nghi-quyet-hdqt-ve-viec-cap-nhat-bo-sung-tai-lieu-dhdcd-thuong-nien-nam-2026.chn,cafef
2026-04-15,CTG: HĐQT thông qua hợp đồng đại diện nhận TSBĐ và văn bản ủy quyền giữa Vietinbank và Vietinbank Lào,Ngân hàng Thương mại Cổ phần Công Thương Việt Nam công bố HĐQT thông qua hợp đồng đại diện nhận TSBĐ và văn bản ủy quyền giữa Vietinbank và Vietinbank Lào,https://cafef.vn/du-lieu/CTG-2667395/ctg-hdqt-thong-qua-hop-dong-dai-dien-nhan-tsbd-va-van-ban-uy-quyen-giua-vietinbank-va-vietinbank-lao.chn,cafef
2026-04-14,CTG: HĐQT thông qua dự thảo hợp đồng tiền gửi có kỳ hạn giữa VietinBank với VietinGold và VBI,Ngân hàng Thương mại Cổ phần Công Thương Việt Nam thông báo HĐQT thông qua dự thảo hợp đồng tiền gửi có kỳ hạn giữa VietinBank với VietinGold và VBI,https://cafef.vn/du-lieu/CTG-2666423/ctg-hdqt-thong-qua-du-thao-hop-dong-tien-gui-co-ky-han-giua-vietinbank-voi-vietingold-va-vbi.chn,cafef
2026-04-14,CTG: HĐQT thông qua dự thảo hợp đồng cấp bảo lãnh hạn mức ký kết giữa VietinBank với VBI,Ngân hàng Thương mại Cổ phần Công Thương Việt Nam thông báo HĐQT thông qua dự thảo hợp đồng cấp bảo lãnh hạn mức ký kết giữa VietinBank với VBI,https://cafef.vn/du-lieu/CTG-2666426/ctg-hdqt-thong-qua-du-thao-hop-dong-cap-bao-lanh-han-muc-ky-ket-giua-vietinbank-voi-vbi.chn,cafef
2026-04-02,CTG: Tài liệu họp ĐHĐCĐ thường niên năm 2026,Ngân hàng Thương mại Cổ phần Công Thương Việt Nam công bố tài liệu họp ĐHĐCĐ thường niên năm 2026,https://cafef.vn/du-lieu/CTG-2657769/ctg-tai-lieu-hop-dhdcd-thuong-nien-nam-2026.chn,cafef
2026-04-02,CTG: Thông báo công văn của HNX về ngày giao dịch đầu tiên trái phiếu niêm yết của Vietinbank,Ngân hàng Thương mại Cổ phần Công Thương Việt Nam thông báo công văn của HNX về ngày giao dịch đầu tiên trái phiếu niêm yết của Vietinbank,https://cafef.vn/du-lieu/CTG-2657912/ctg-thong-bao-cong-van-cua-hnx-ve-ngay-giao-dich-dau-tien-trai-phieu-niem-yet-cua-vietinbank.chn,cafef
2026-03-25,CTG: Thông báo Quyết định của HNX về việc chấp thuận niêm yết trái phiếu của CTG,Ngân hàng Thương mại Cổ phần Công Thương Việt Nam thông báo Quyết định của HNX về việc chấp thuận niêm yết trái phiếu của CTG,https://cafef.vn/du-lieu/CTG-2427095/ctg-thong-bao-quyet-dinh-cua-hnx-ve-viec-chap-thuan-niem-yet-trai-phieu-cua-ctg.chn,cafef
2026-03-24,"CTG: HĐQT thông qua dự thảo các thỏa thuận, hợp đồng về dịch vụ thanh toán và quản lý dòng tiền, dịch vụ Vietinbank eFAST với MUFG","Ngân hàng Thương mại Cổ phần Công Thương Việt Nam thông báo HĐQT thông qua dự thảo các thỏa thuận, hợp đồng về dịch vụ thanh toán và quản lý dòng tiền, dịch vụ Vietinbank eFAST với MUFG",https://cafef.vn/du-lieu/CTG-2426047/ctg-hdqt-thong-qua-du-thao-cac-thoa-thuan-hop-dong-ve-dich-vu-thanh-toan-va-quan-ly-dong-tien-dich-vu-vietinbank-efast-voi-mufg.chn,cafef
2026-03-19,CTG: Quyết định thay đổi địa điểm đặt trụ sở Chi nhánh KCN Trảng Bàng,Ngân hàng Thương mại Cổ phần Công Thương Việt Nam công bố Quyết định thay đổi địa điểm đặt trụ sở Chi nhánh KCN Trảng Bàng,https://cafef.vn/du-lieu/CTG-2423076/ctg-quyet-dinh-thay-doi-dia-diem-dat-tru-so-chi-nhanh-kcn-trang-bang.chn,cafef
2026-03-05,"CTG: 23.3.2026, ngày GDKHQ tổ chức ĐHĐCĐ thường niên năm 2026",Sở Giao dịch Chứng khoán TP.HCM thông báo về ngày đăng ký cuối cùng tổ chức ĐHĐCĐ thường niên năm 2026 của Ngân hàng Thương mại Cổ phần Công Thương Việt Nam,https://cafef.vn/du-lieu/CTG-2412808/ctg-2332026-ngay-gdkhq-to-chuc-dhdcd-thuong-nien-nam-2026.chn,cafef
2026-03-02,CTG: Nghị quyết HĐQT về việc tổ chức ĐHĐCĐ thường niên 2026,Ngân hàng Thương mại Cổ phần Công Thương Việt Nam thông báo Nghị quyết HĐQT về việc tổ chức ĐHĐCĐTN 2026,https://cafef.vn/du-lieu/CTG-2410418/ctg-nghi-quyet-hdqt-ve-viec-to-chuc-dhdcd-thuong-nien-2026.chn,cafef
2026-02-12,"CTG: Nghị quyết HĐQT thông qua hợp đồng, văn bản thỏa thuận liên quan cấp tín dụng hợp vốn cùng Indochina Bank","Ngân hàng Thương mại Cổ phần Công Thương Việt Nam công bố Nghị quyết HĐQT thông qua hợp đồng, văn bản thỏa thuận liên quan cấp tín dụng hợp vốn cùng Indochina Bank",https://cafef.vn/du-lieu/CTG-2402408/ctg-nghi-quyet-hdqt-thong-qua-hop-dong-van-ban-thoa-thuan-lien-quan-cap-tin-dung-hop-von-cung-indochina-bank.chn,cafef
2026-02-11,CTG: Nghị quyết HĐQT phê duyệt chủ trương thay đổi địa điểm trụ sở Chi nhánh KCN Trảng Bàng,Ngân hàng Thương mại Cổ phần Công Thương Việt Nam thông báo Nghị quyết HĐQT về việc phê duyệt chủ trương thay đổi địa điểm trụ sở Chi nhánh KCN Trảng Bàng,https://cafef.vn/du-lieu/CTG-2401722/ctg-nghi-quyet-hdqt-phe-duyet-chu-truong-thay-doi-dia-diem-tru-so-chi-nhanh-kcn-trang-bang.chn,cafef
2026-02-09,CTG: Nghị quyết HĐQT nhất trí thông qua hợp đồng hạn mức giao dịch ngoại tệ với VietinBank Lao,Ngân hàng Thương mại Cổ phần Công Thương Việt Nam công bố Nghị quyết HĐQT nhất trí thông qua hợp đồng hạn mức giao dịch ngoại tệ với VietinBank Lao,https://cafef.vn/du-lieu/CTG-2400289/ctg-nghi-quyet-hdqt-nhat-tri-thong-qua-hop-dong-han-muc-giao-dich-ngoai-te-voi-vietinbank-lao.chn,cafef
2026-01-26,CTG: Thông báo nhận được Thông báo của HOSE về việc GDCK thay đổi ĐKNY,Ngân hàng Thương mại Cổ phần Công Thương Việt Nam thông báo nhận được Thông báo của HOSE về việc GDCK thay đổi ĐKNY,https://cafef.vn/du-lieu/CTG-2390523/ctg-thong-bao-nhan-duoc-thong-bao-cua-hose-ve-viec-gdck-thay-doi-dkny.chn,cafef
2026-01-23,CTG: Báo cáo kết quả đợt chào bán trái phiếu ra công chúng (đợt 1),Ngân hàng Thương mại Cổ phần Công Thương Việt Nam Báo cáo kết quả đợt chào bán trái phiếu ra công chúng (đợt 1),https://cafef.vn/du-lieu/CTG-2389077/ctg-bao-cao-ket-qua-dot-chao-ban-trai-phieu-ra-cong-chung-dot-1.chn,cafef
2026-01-20,CTG: Thông báo nhận được Quyết định của HOSE về việc chấp thuận thay đổi đăng ký niêm yết cho CTG,Ngân hàng Thương mại Cổ phần Công Thương Việt Nam thông báo nhận được Quyết định của HOSE về việc chấp thuận thay đổi đăng ký niêm yết cho CTG,https://cafef.vn/du-lieu/CTG-2386706/ctg-thong-bao-nhan-duoc-quyet-dinh-cua-hose-ve-viec-chap-thuan-thay-doi-dang-ky-niem-yet-cho-ctg.chn,cafef
2026-01-19,CTG: Nghị quyết HĐQT phê duyệt sửa đổi và ban hành điều lệ,Ngân hàng Thương mại Cổ phần Công Thương Việt Nam thông báo Nghị quyết HĐQT về việc phê duyệt sửa đổi và ban hành điều lệ,https://cafef.vn/du-lieu/CTG-2386079/ctg-nghi-quyet-hdqt-phe-duyet-sua-doi-va-ban-hanh-dieu-le.chn,cafef
2026-01-19,"CTG: Báo cáo định kỳ tình hình thanh toán gốc, lãi trái phiếu doanh nghiệp năm 2025","Ngân hàng Thương mại Cổ phần Công Thương Việt Nam Báo cáo định kỳ tình hình thanh toán gốc, lãi trái phiếu doanh nghiệp năm 2025",https://cafef.vn/du-lieu/CTG-2386080/ctg-bao-cao-dinh-ky-tinh-hinh-thanh-toan-goc-lai-trai-phieu-doanh-nghiep-nam-2025.chn,cafef
2026-01-16,CTG: Giấy phép điều chỉnh giấy phép thành lập và hoạt động công ty chứng khoán về việc thay đổi Vốn điều lệ,Ngân hàng Thương mại Cổ phần Công Thương Việt Nam công bố Giấy phép điều chỉnh giấy phép thành lập và hoạt động công ty chứng khoán về việc thay đổi Vốn điều lệ,https://cafef.vn/du-lieu/CTG-2384715/ctg-giay-phep-dieu-chinh-giay-phep-thanh-lap-va-hoat-dong-cong-ty-chung-khoan-ve-viec-thay-doi-von-dieu-le.chn,cafef
2026-01-07,CTG: Quyết định của TGĐ về việc thay đổi địa điểm đặt trụ sở Chi nhánh Bắc Thăng Long,Ngân hàng Thương mại Cổ phần Công Thương Việt Nam thông báo Quyết định của TGĐ về việc thay đổi địa điểm đặt trụ sở Chi nhánh Bắc Thăng Long,https://cafef.vn/du-lieu/CTG-2378267/ctg-quyet-dinh-cua-tgd-ve-viec-thay-doi-dia-diem-dat-tru-so-chi-nhanh-bac-thang-long.chn,cafef
2025-12-30,CTG: Nghị quyết HĐQT thông qua Hợp đồng bảo hiểm Cyber Risk trong hệ thống VietinBank giai đoạn 2025-2027 với VBI,Ngân hàng Thương mại Cổ phần Công Thương Việt Nam công bố Nghị quyết HĐQT thông qua Hợp đồng bảo hiểm Cyber Risk trong hệ thống VietinBank giai đoạn 2025-2027 với VBI,https://cafef.vn/du-lieu/CTG-2373406/ctg-nghi-quyet-hdqt-thong-qua-hop-dong-bao-hiem-cyber-risk-trong-he-thong-vietinbank-giai-doan-20252027-voi-vbi.chn,cafef
2025-12-29,CTG: Thông báo công văn của UBCKNN về tài liệu báo cáo phát hành cổ phiếu để trả cổ tức của CTG,Ngân hàng Thương mại Cổ phần Công Thương Việt Nam thông báo công văn của UBCKNN về tài liệu báo cáo phát hành cổ phiếu để trả cổ tức của CTG,https://cafef.vn/du-lieu/CTG-2372125/ctg-thong-bao-cong-van-cua-ubcknn-ve-tai-lieu-bao-cao-phat-hanh-co-phieu-de-tra-co-tuc-cua-ctg.chn,cafef
2025-12-24,CTG: HĐQT thông qua hợp đồng đại lý đăng ký và đại lý thanh toán trái phiếu phát hành ra công chúng giữa Vietinbank với VBSE,Ngân hàng Thương mại Cổ phần Công Thương Việt Nam thông báo HĐQT thông qua hợp đồng đại lý đăng ký và đại lý thanh toán trái phiếu phát hành ra công chúng giữa Vietinbank với VBSE,https://cafef.vn/du-lieu/CTG-2368770/ctg-hdqt-thong-qua-hop-dong-dai-ly-dang-ky-va-dai-ly-thanh-toan-trai-phieu-phat-hanh-ra-cong-chung-giua-vietinbank-voi-vbse.chn,cafef
2025-12-23,CTG: Báo cáo kết quả chào bán cổ phiếu SGP do VietinBank sở hữu ra công chúng,Ngân hàng Thương mại Cổ phần Công Thương Việt Nam công bố Báo cáo kết quả chào bán cổ phiếu SGP do VietinBank sở hữu ra công chúng,https://cafef.vn/du-lieu/CTG-2367910/ctg-bao-cao-ket-qua-chao-ban-co-phieu-sgp-do-vietinbank-so-huu-ra-cong-chung.chn,cafef
2025-12-18,"CTG: HĐQT thông qua văn bản sửa đổi, bổ sung hợp đồng với VietinBank Gold","Ngân hàng Thương mại Cổ phần Công Thương Việt Nam thông báo HĐQT thông qua văn bản sửa đổi, bổ sung hợp đồng với VietinBank Gold",https://cafef.vn/du-lieu/CTG-2364810/ctg-hdqt-thong-qua-van-ban-sua-doi-bo-sung-hop-dong-voi-vietinbank-gold.chn,cafef
2025-12-05,CTG: Nghị quyết HĐQT nhất trí thông qua Giấy đề nghị kiêm Hợp đồng mở thẻ ghi nợ với VietinBank Leasing,Ngân hàng Thương mại Cổ phần Công Thương Việt Nam công bố Nghị quyết HĐQT nhất trí thông qua Giấy đề nghị kiêm Hợp đồng mở thẻ ghi nợ với VietinBank Leasing,https://cafef.vn/du-lieu/CTG-2356004/ctg-nghi-quyet-hdqt-nhat-tri-thong-qua-giay-de-nghi-kiem-hop-dong-mo-the-ghi-no-voi-vietinbank-leasing.chn,cafef
2025-12-03,CTG: Thông báo phát hành cổ phiếu để trả cổ tức,Ngân hàng Thương mại Cổ phần Công Thương Việt Nam thông báo phát hành cổ phiếu để trả cổ tức,https://cafef.vn/du-lieu/CTG-2353116/ctg-thong-bao-phat-hanh-co-phieu-de-tra-co-tuc.chn,cafef
2025-12-03,CTG: Nghị quyết HĐQT phê duyệt ngày đăng ký cuối cùng phát hành cổ phiếu để trả cổ tức (trên cơ sở ý kiến của UBCKNN),Ngân hàng Thương mại Cổ phần Công Thương Việt Nam công bố Nghị quyết HĐQT về phê duyệt ngày đăng ký cuối cùng phát hành cổ phiếu để trả cổ tức (trên cơ sở ý kiến của UBCKNN),https://cafef.vn/du-lieu/CTG-2353118/ctg-nghi-quyet-hdqt-phe-duyet-ngay-dang-ky-cuoi-cung-phat-hanh-co-phieu-de-tra-co-tuc-tren-co-so-y-kien-cua-ubcknn.chn,cafef
2025-12-01,CTG: Nghị quyết HĐQT thông qua Hợp đồng bảo hiểm sức khỏe VBI Care với VBI,Ngân hàng Thương mại Cổ phần Công Thương Việt Nam công bố Nghị quyết HĐQT về việc thông qua Hợp đồng bảo hiểm sức khỏe VBI Care với VBI,https://cafef.vn/du-lieu/CTG-2351953/ctg-nghi-quyet-hdqt-thong-qua-hop-dong-bao-hiem-suc-khoe-vbi-care-voi-vbi.chn,cafef
2025-12-01,CTG: Nghị quyết HĐQT về việc phê duyệt triển khai phương án phát hành cổ phiếu để trả cổ tức (trên cơ sở chấp thuận của NHNN),Ngân hàng Thương mại Cổ phần Công Thương Việt Nam công bố Nghị quyết HĐQT về việc phê duyệt triển khai phương án phát hành cổ phiếu để trả cổ tức (trên cơ sở chấp thuận của NHNN),https://cafef.vn/du-lieu/CTG-2351954/ctg-nghi-quyet-hdqt-ve-viec-phe-duyet-trien-khai-phuong-an-phat-hanh-co-phieu-de-tra-co-tuc-tren-co-so-chap-thuan-cua-nhnn.chn,cafef
2025-11-24,CTG: Nghị quyết HĐQT nhất trí thông qua Hợp đồng thế chấp với Công ty Cho thuê tài chính TNHH MTV VietinBank - VietinBank Leasing,Ngân hàng Thương mại Cổ phần Công Thương Việt Nam công bố Nghị quyết HĐQT nhất trí thông qua Hợp đồng thế chấp với Công ty Cho thuê tài chính TNHH MTV VietinBank - VietinBank Leasing,https://cafef.vn/du-lieu/CTG-2346906/ctg-nghi-quyet-hdqt-nhat-tri-thong-qua-hop-dong-the-chap-voi-cong-ty-cho-thue-tai-chinh-tnhh-mtv-vietinbank-vietinbank-leasing.chn,cafef
2025-11-20,CTG: Bản cáo bạch và thông báo chào bán trái phiếu ra công chúng đợt 1,Ngân hàng Thương mại Cổ phần Công Thương Việt Nam thông báo Bản cáo bạch và thông báo chào bán trái phiếu ra công chúng đợt 1,https://cafef.vn/du-lieu/CTG-2344430/ctg-ban-cao-bach-va-thong-bao-chao-ban-trai-phieu-ra-cong-chung-dot-1.chn,cafef
2025-11-18,CTG: Giấy chứng nhận đăng ký chào bán trái phiếu ra công chúng của UBCKNN,Ngân hàng Thương mại Cổ phần Công Thương Việt Nam công bố Giấy chứng nhận đăng ký chào bán trái phiếu ra công chúng của UBCKNN,https://cafef.vn/du-lieu/CTG-2342126/ctg-giay-chung-nhan-dang-ky-chao-ban-trai-phieu-ra-cong-chung-cua-ubcknn.chn,cafef
2025-11-18,CTG: Thông báo chào bán cổ phiếu SGP do VietinBank sở hữu ra công chúng,Ngân hàng Thương mại Cổ phần Công Thương Việt Nam thông báo chào bán cổ phiếu SGP do VietinBank sở hữu ra công chúng,https://cafef.vn/du-lieu/CTG-2342127/ctg-thong-bao-chao-ban-co-phieu-sgp-do-vietinbank-so-huu-ra-cong-chung.chn,cafef
2025-11-14,CTG: Nghị quyết HĐQT thông qua Hợp đồng bảo hiểm trách nhiệm công cộng với VBI,Ngân hàng Thương mại Cổ phần Công Thương Việt Nam công bố Nghị quyết HĐQT thông qua Hợp đồng bảo hiểm trách nhiệm công cộng với VBI,https://cafef.vn/du-lieu/CTG-2340767/ctg-nghi-quyet-hdqt-thong-qua-hop-dong-bao-hiem-trach-nhiem-cong-cong-voi-vbi.chn,cafef
2025-11-11,CTG: Nghị quyết HĐQT về việc phê duyệt cập nhật phương án tăng vốn điều lệ,Ngân hàng Thương mại Cổ phần Công Thương Việt Nam thông báo Nghị quyết HĐQT về việc phê duyệt cập nhật phương án tăng vốn điều lệ,https://cafef.vn/du-lieu/CTG-2337499/ctg-nghi-quyet-hdqt-ve-viec-phe-duyet-cap-nhat-phuong-an-tang-von-dieu-le.chn,cafef
2025-11-11,CTG: HĐQT thông qua hợp đồng đại diện nhận TSBĐ và văn bản ủy quyền giữa Vietinbank và Vietinbank Lào,Ngân hàng Thương mại Cổ phần Công Thương Việt Nam thông báo HĐQT thông qua hợp đồng đại diện nhận TSBĐ và văn bản ủy quyền giữa Vietinbank và Vietinbank Lào,https://cafef.vn/du-lieu/CTG-2337629/ctg-hdqt-thong-qua-hop-dong-dai-dien-nhan-tsbd-va-van-ban-uy-quyen-giua-vietinbank-va-vietinbank-lao.chn,cafef
2025-11-06,CTG: Nghị quyết HĐQT phê duyệt chủ trương thay đổi địa điểm trụ sở Chi nhánh Hồng Bàng,Ngân hàng Thương mại Cổ phần Công Thương Việt Nam thông báo Nghị quyết HĐQT về việc phê duyệt chủ trương thay đổi địa điểm trụ sở Chi nhánh Hồng Bàng,https://cafef.vn/du-lieu/CTG-2336083/ctg-nghi-quyet-hdqt-phe-duyet-chu-truong-thay-doi-dia-diem-tru-so-chi-nhanh-hong-bang.chn,cafef
2025-10-27,CTG: Quyết định của TGĐ về việc thay đổi tên gọi Chi nhánh KCN Hải Dương và CN Quảng Nam,Ngân hàng Thương mại Cổ phần Công Thương Việt Nam thông báo Quyết định của TGĐ về việc thay đổi tên gọi Chi nhánh KCN Hải Dương và CN Quảng Nam,https://cafef.vn/du-lieu/CTG-2326844/ctg-quyet-dinh-cua-tgd-ve-viec-thay-doi-ten-goi-chi-nhanh-kcn-hai-duong-va-cn-quang-nam.chn,cafef
2025-10-17,CTG: Nghị quyết HĐQT phê duyệt chủ trương thay đổi tên CN KCN Hải Dương và CN Quảng Nam,Ngân hàng Thương mại Cổ phần Công Thương Việt Nam thông báo Nghị quyết HĐQT về việc phê duyệt chủ trương thay đổi tên CN KCN Hải Dương và CN Quảng Nam,https://cafef.vn/du-lieu/CTG-2319720/ctg-nghi-quyet-hdqt-phe-duyet-chu-truong-thay-doi-ten-cn-kcn-hai-duong-va-cn-quang-nam.chn,cafef
2025-10-17,CTG: Nghị quyết HĐQT phê duyệt phương án tăng vốn điều lệ thông qua phát hành cổ phiếu để trả cổ tức,Ngân hàng Thương mại Cổ phần Công Thương Việt Nam công bố Nghị quyết HĐQT phê duyệt phương án tăng vốn điều lệ thông qua phát hành cổ phiếu để trả cổ tức,https://cafef.vn/du-lieu/CTG-2320575/ctg-nghi-quyet-hdqt-phe-duyet-phuong-an-tang-von-dieu-le-thong-qua-phat-hanh-co-phieu-de-tra-co-tuc.chn,cafef
2025-10-09,CTG: HĐQT thông qua hợp đồng bảo hiểm Lòng trung thành (BBB lớp dưới) với VBI,Ngân hàng Thương mại Cổ phần Công Thương Việt Nam thông báo HĐQT thông qua hợp đồng bảo hiểm Lòng trung thành (BBB lớp dưới) với VBI,https://cafef.vn/du-lieu/CTG-2313576/ctg-hdqt-thong-qua-hop-dong-bao-hiem-long-trung-thanh-bbb-lop-duoi-voi-vbi.chn,cafef
2025-10-08,CTG: Báo cáo phát triển bền vững 2024,Ngân hàng Thương mại Cổ phần Công Thương Việt Nam công bố Báo cáo phát triển bền vững 2024,https://cafef.vn/du-lieu/CTG-2312641/ctg-bao-cao-phat-trien-ben-vung-2024.chn,cafef
2025-09-30,CTG: Nghị quyết HĐQT phê duyệt chủ trương thay đổi địa điểm đặt trụ sở Chi nhánh Bắc Thăng Long,Ngân hàng Thương mại Cổ phần Công Thương Việt Nam công bố Nghị quyết HĐQT phê duyệt chủ trương thay đổi địa điểm đặt trụ sở Chi nhánh Bắc Thăng Long,https://cafef.vn/du-lieu/CTG-2307607/ctg-nghi-quyet-hdqt-phe-duyet-chu-truong-thay-doi-dia-diem-dat-tru-so-chi-nhanh-bac-thang-long.chn,cafef
2025-09-30,CTG: Nghị quyết HĐQT phê duyệt chi trả cổ tức năm 2024 bằng tiền,Ngân hàng Thương mại Cổ phần Công Thương Việt Nam công bố Nghị quyết HĐQT về việc phê duyệt chi trả cổ tức năm 2024 bằng tiền,https://cafef.vn/du-lieu/CTG-2307609/ctg-nghi-quyet-hdqt-phe-duyet-chi-tra-co-tuc-nam-2024-bang-tien.chn,cafef
2025-09-26,CTG: Nghị quyết HĐQT số 376 ngày 26/09/2025,Ngân hàng Thương mại Cổ phần Công Thương Việt Nam công bố Nghị quyết HĐQT số 376 ngày 26/09/2025,https://cafef.vn/du-lieu/CTG-2306480/ctg-nghi-quyet-hdqt-so-376-ngay-26092025.chn,cafef
2025-09-05,CTG: Nghị quyết HĐQT thông qua văn bản sửa đổi bổ sung Hợp đồng đại lý bảo hiểm với VBI,Ngân hàng Thương mại Cổ phần Công Thương Việt Nam công bố Nghị quyết HĐQT thông qua văn bản sửa đổi bổ sung Hợp đồng đại lý bảo hiểm với VBI,https://cafef.vn/du-lieu/CTG-2291446/ctg-nghi-quyet-hdqt-thong-qua-van-ban-sua-doi-bo-sung-hop-dong-dai-ly-bao-hiem-voi-vbi.chn,cafef
2025-09-03,"CTG: Nghị quyết HĐQT phê duyệt, công bố chính thức các chỉ tiêu kế hoạch KD năm 2025","Ngân hàng Thương mại Cổ phần Công Thương Việt Nam thông báo Nghị quyết HĐQT về việc phê duyệt, công bố chính thức các chỉ tiêu kế hoạch KD năm 2025",https://cafef.vn/du-lieu/CTG-2289732/ctg-nghi-quyet-hdqt-phe-duyet-cong-bo-chinh-thuc-cac-chi-tieu-ke-hoach-kd-nam-2025.chn,cafef
2025-08-26,CTG: Nghị quyết HĐQT phê duyệt thay đổi và sử dụng mẫu dấu của Vietinbank,Ngân hàng Thương mại Cổ phần Công Thương Việt Nam thông báo Nghị quyết HĐQT về việc phê duyệt thay đổi và sử dụng mẫu dấu của Vietinbank,https://cafef.vn/du-lieu/CTG-2283846/ctg-nghi-quyet-hdqt-phe-duyet-thay-doi-va-su-dung-mau-dau-cua-vietinbank.chn,cafef
2025-08-26,CTG: HĐQT thông qua hợp đồng khung tiền gửi bằng VND với MUFG - CN. TpHCM,Ngân hàng Thương mại Cổ phần Công Thương Việt Nam thông báo HĐQT thông qua hợp đồng khung tiền gửi bằng VND với MUFG - CN. TpHCM,https://cafef.vn/du-lieu/CTG-2283848/ctg-hdqt-thong-qua-hop-dong-khung-tien-gui-bang-vnd-voi-mufg-cn-tphcm.chn,cafef
2025-08-26,CTG: HĐQT thông qua hợp đồng hạn mức giao dịch gửi tiền trên TT liên NH và hợp đồng hạn mức giao dịch ngoại tệ với MUFG - CN. TpHCM,Ngân hàng Thương mại Cổ phần Công Thương Việt Nam thông báo HĐQT thông qua hợp đồng hạn mức giao dịch gửi tiền trên TT liên NH và hợp đồng hạn mức giao dịch ngoại tệ với MUFG - CN. TpHCM,https://cafef.vn/du-lieu/CTG-2283855/ctg-hdqt-thong-qua-hop-dong-han-muc-giao-dich-gui-tien-tren-tt-lien-nh-va-hop-dong-han-muc-giao-dich-ngoai-te-voi-mufg-cn-tphcm.chn,cafef
2025-08-21,CTG: HĐQT thông qua hợp đồng bảo hiểm tiền gửi với VBI,Ngân hàng Thương mại Cổ phần Công Thương Việt Nam thông báo HĐQT thông qua hợp đồng bảo hiểm tiền gửi với VBI,https://cafef.vn/du-lieu/CTG-2281317/ctg-hdqt-thong-qua-hop-dong-bao-hiem-tien-gui-voi-vbi.chn,cafef
2025-08-21,CTG: Thông báo nhận được Quyết định của Chi cục thuế doanh nghiệp lớn về việc xử phạt vi phạm hành chính về thuế,Ngân hàng Thương mại Cổ phần Công Thương Việt Nam thông báo nhận được Quyết định của Chi cục thuế doanh nghiệp lớn về việc xử phạt vi phạm hành chính về thuế,https://cafef.vn/du-lieu/CTG-2281386/ctg-thong-bao-nhan-duoc-quyet-dinh-cua-chi-cuc-thue-doanh-nghiep-lon-ve-viec-xu-phat-vi-pham-hanh-chinh-ve-thue.chn,cafef
2025-08-20,CTG: HĐQT thông qua mẫu đề nghị mở tài khoản Nostro tại Vietinbank Lào,Ngân hàng Thương mại Cổ phần Công Thương Việt Nam thông báo HĐQT thông qua mẫu đề nghị mở tài khoản Nostro tại Vietinbank Lào,https://cafef.vn/du-lieu/CTG-2279901/ctg-hdqt-thong-qua-mau-de-nghi-mo-tai-khoan-nostro-tai-vietinbank-lao.chn,cafef
2025-08-19,CTG: HĐQT thông qua hợp đồng bảo hiểm sức khỏe cao cấp VBI Premier Care với VBI,Ngân hàng Thương mại Cổ phần Công Thương Việt Nam thông báo HĐQT thông qua hợp đồng bảo hiểm sức khỏe cao cấp VBI Premier Care với VBI,https://cafef.vn/du-lieu/CTG-2278204/ctg-hdqt-thong-qua-hop-dong-bao-hiem-suc-khoe-cao-cap-vbi-premier-care-voi-vbi.chn,cafef
2025-08-18,CTG: Quyết định về việc thay đổi địa chỉ đặt trụ sở Chi nhánh Cao Bằng,Ngân hàng Thương mại Cổ phần Công Thương Việt Nam thông báo Quyết định về việc thay đổi địa chỉ đặt trụ sở Chi nhánh Cao Bằng,https://cafef.vn/du-lieu/CTG-2277232/ctg-quyet-dinh-ve-viec-thay-doi-dia-chi-dat-tru-so-chi-nhanh-cao-bang.chn,cafef
2025-08-15,CTG: Giải trình biến động lợi nhuận trên BCTC soát xét bán niên năm 2025 so với cùng kỳ năm trước,Ngân hàng Thương mại Cổ phần Công Thương Việt Nam giải trình biến động lợi nhuận trên BCTC soát xét bán niên năm 2025 so với cùng kỳ năm trước,https://cafef.vn/du-lieu/CTG-2271592/ctg-giai-trinh-bien-dong-loi-nhuan-tren-bctc-soat-xet-ban-nien-nam-2025-so-voi-cung-ky-nam-truoc.chn,cafef
2025-08-14,CTG: Quyết định về việc thay đổi tên chi nhánh KCN Bình Dương,Ngân hàng Thương mại Cổ phần Công Thương Việt Nam thông báo Quyết định về việc thay đổi tên chi nhánh KCN Bình Dương,https://cafef.vn/du-lieu/CTG-2271478/ctg-quyet-dinh-ve-viec-thay-doi-ten-chi-nhanh-kcn-binh-duong.chn,cafef
2025-08-13,CTG: Nghị quyết HĐQT phê duyệt chủ trương thay đổi địa điểm đặt trụ sở Chi nhánh Cao Bằng,Ngân hàng Thương mại Cổ phần Công Thương Việt Nam công bố Nghị quyết HĐQT về việc phê duyệt chủ trương thay đổi địa điểm đặt trụ sở Chi nhánh Cao Bằng,https://cafef.vn/du-lieu/CTG-2269678/ctg-nghi-quyet-hdqt-phe-duyet-chu-truong-thay-doi-dia-diem-dat-tru-so-chi-nhanh-cao-bang.chn,cafef
2025-08-12,CTG: Thông báo thay đổi Giấy phép thành lập và hoạt động,Ngân hàng Thương mại Cổ phần Công Thương Việt Nam thông báo thay đổi Giấy phép thành lập và hoạt động,https://cafef.vn/du-lieu/CTG-2269621/ctg-thong-bao-thay-doi-giay-phep-thanh-lap-va-hoat-dong.chn,cafef
2025-08-11,CTG: Nghị quyết HĐQT phê duyệt chủ trương thay đổi tên gọi Chi nhánh KCN Bình Dương,Ngân hàng Thương mại Cổ phần Công Thương Việt Nam công bố Nghị quyết HĐQT phê duyệt chủ trương thay đổi tên gọi Chi nhánh KCN Bình Dương,https://cafef.vn/du-lieu/CTG-2269469/ctg-nghi-quyet-hdqt-phe-duyet-chu-truong-thay-doi-ten-goi-chi-nhanh-kcn-binh-duong.chn,cafef
2025-08-07,"CTG: Nghị quyết HĐQT thông qua phương án phát hành, sử dụng và trả nợ vốn thu được từ các đợt phát hành trái phiếu ra công chúng","Ngân hàng Thương mại Cổ phần Công Thương Việt Nam công bố Nghị quyết HĐQT về việc thông qua phương án phát hành, sử dụng và trả nợ vốn thu được từ các đợt phát hành trái phiếu ra công chúng",https://cafef.vn/du-lieu/CTG-2268469/ctg-nghi-quyet-hdqt-thong-qua-phuong-an-phat-hanh-su-dung-va-tra-no-von-thu-duoc-tu-cac-dot-phat-hanh-trai-phieu-ra-cong-chung.chn,cafef
2025-07-28,CTG: Báo cáo tình hình quản trị công ty 06 tháng đầu năm 2025,Ngân hàng Thương mại Cổ phần Công Thương Việt Nam công bố báo cáo tình hình quản trị công ty 06 tháng đầu năm 2025,https://cafef.vn/du-lieu/CTG-2270816/ctg-bao-cao-tinh-hinh-quan-tri-cong-ty-06-thang-dau-nam-2025.chn,cafef
2025-07-24,CTG: CBTT ngày giao dịch đầu tiên trái phiếu niêm yết của Vietinbank tại HNX,Ngân hàng Thương mại Cổ phần Công Thương Việt Nam CBTT ngày giao dịch đầu tiên trái phiếu niêm yết của Vietinbank tại HNX,https://cafef.vn/du-lieu/CTG-2255766/ctg-cbtt-ngay-giao-dich-dau-tien-trai-phieu-niem-yet-cua-vietinbank-tai-hnx.chn,cafef
2025-07-23,"CTG: Báo cáo định kỳ tình hình thanh toán gốc, lãi trái phiếu doanh nghiệp phát hành ra công chúng 6 tháng đầu năm 2025","Báo cáo định kỳ tình hình thanh toán gốc, lãi trái phiếu doanh nghiệp phát hành ra công chúng 6 tháng đầu năm 2025 Ngân hàng Thương mại Cổ phần Công Thương Việt Nam",https://cafef.vn/du-lieu/CTG-2252446/ctg-bao-cao-dinh-ky-tinh-hinh-thanh-toan-goc-lai-trai-phieu-doanh-nghiep-phat-hanh-ra-cong-chung-6-thang-dau-nam-2025.chn,cafef
2025-07-21,CTG: Báo cáo tiến độ sử dụng vốn thu được từ đợt chào bán trái phiếu ra công chúng,Ngân hàng Thương mại Cổ phần Công Thương Việt Nam công bố báo cáo tiến độ sử dụng vốn thu được từ đợt chào bán trái phiếu ra công chúng,https://cafef.vn/du-lieu/CTG-2253181/ctg-bao-cao-tien-do-su-dung-von-thu-duoc-tu-dot-chao-ban-trai-phieu-ra-cong-chung.chn,cafef
2025-07-15,CTG: CBTT các quyết định chấp thuận niêm yết trái phiếu Vietinbank tại HNX,Ngân hàng Thương mại Cổ phần Công Thương Việt Nam thông báo  các quyết định chấp thuận niêm yết trái phiếu Vietinbank tại HNX,https://cafef.vn/du-lieu/CTG-2246371/ctg-cbtt-cac-quyet-dinh-chap-thuan-niem-yet-trai-phieu-vietinbank-tai-hnx.chn,cafef
2025-06-30,CTG: HĐQT thông qua hợp đồng bảo hiểm BBB & ECC với VBI,Ngân hàng Thương mại Cổ phần Công Thương Việt Nam thông báo HĐQT thông qua hợp đồng bảo hiểm BBB & ECC với VBI,https://cafef.vn/du-lieu/CTG-2234649/ctg-hdqt-thong-qua-hop-dong-bao-hiem-bbb--ecc-voi-vbi.chn,cafef
2025-06-24,CTG: Quyết định về việc thay đổi địa điểm đặt trụ sở Chi nhánh Thủ Đức,Ngân hàng Thương mại Cổ phần Công Thương Việt Nam công bố Quyết định về việc thay đổi địa điểm đặt trụ sở Chi nhánh Thủ Đức,https://cafef.vn/du-lieu/CTG-2229609/ctg-quyet-dinh-ve-viec-thay-doi-dia-diem-dat-tru-so-chi-nhanh-thu-duc.chn,cafef
2025-06-20,CTG: HĐQT thông qua hợp đồng hạn mức giao dịch tiền gửi trên thị trường liên ngân hàng với Vietinbank Lào,Ngân hàng Thương mại Cổ phần Công Thương Việt Nam thông báo HĐQT thông qua hợp đồng hạn mức giao dịch tiền gửi trên thị trường liên ngân hàng với Vietinbank Lào,https://cafef.vn/du-lieu/CTG-2227995/ctg-hdqt-thong-qua-hop-dong-han-muc-giao-dich-tien-gui-tren-thi-truong-lien-ngan-hang-voi-vietinbank-lao.chn,cafef
2025-06-19,CTG: HĐQT thông qua nội dung văn bản sửa đổi bổ sung Hợp đồng Đại lý bảo hiểm với VBI,Ngân hàng Thương mại Cổ phần Công Thương Việt Nam thông báo HĐQT thông qua nội dung văn bản sửa đổi bổ sung Hợp đồng Đại lý bảo hiểm với VBI,https://cafef.vn/du-lieu/CTG-2225885/ctg-hdqt-thong-qua-noi-dung-van-ban-sua-doi-bo-sung-hop-dong-dai-ly-bao-hiem-voi-vbi.chn,cafef
2025-06-16,CTG: HĐQT thông qua hợp đồng hạn mức giao dịch trên thị trường liên ngân hàng với Vietinbank Leasing,Ngân hàng Thương mại Cổ phần Công Thương Việt Nam thông báo HĐQT thông qua hợp đồng hạn mức giao dịch trên thị trường liên ngân hàng với Vietinbank Leasing,https://cafef.vn/du-lieu/CTG-2223135/ctg-hdqt-thong-qua-hop-dong-han-muc-giao-dich-tren-thi-truong-lien-ngan-hang-voi-vietinbank-leasing.chn,cafef
2025-06-12,CTG: HĐQT thông qua hợp đồng hạn mức giao dịch trên thị trường liên ngân hàng với Indovina,Ngân hàng Thương mại Cổ phần Công Thương Việt Nam thông báo HĐQT thông qua hợp đồng hạn mức giao dịch trên thị trường liên ngân hàng với Indovina,https://cafef.vn/du-lieu/CTG-2219566/ctg-hdqt-thong-qua-hop-dong-han-muc-giao-dich-tren-thi-truong-lien-ngan-hang-voi-indovina.chn,cafef
2025-05-26,CTG: Thông báo về việc thay đổi người đại diện phần vốn Nhà nước tại VietinBank,Ngân hàng Thương mại Cổ phần Công Thương Việt Nam thông báo về việc thay đổi người đại diện phần vốn Nhà nước tại VietinBank,https://cafef.vn/du-lieu/CTG-2206765/ctg-thong-bao-ve-viec-thay-doi-nguoi-dai-dien-phan-von-nha-nuoc-tai-vietinbank.chn,cafef
2025-05-26,CTG: Thông báo về việc ký hợp đồng kiểm toán BCTC năm 2025,Ngân hàng Thương mại Cổ phần Công Thương Việt Nam thông báo về việc ký hợp đồng kiểm toán BCTC năm 2025,https://cafef.vn/du-lieu/CTG-2207584/ctg-thong-bao-ve-viec-ky-hop-dong-kiem-toan-bctc-nam-2025.chn,cafef
2025-05-16,CTG: HĐQT thông qua Phụ lục Hợp đồng tư vấn chuyển nhượng vốn tại SGP với CTS,Ngân hàng Thương mại Cổ phần Công Thương Việt Nam công bố HĐQT thông qua Phụ lục Hợp đồng tư vấn chuyển nhượng vốn tại SGP với CTS,https://cafef.vn/du-lieu/CTG-2198998/ctg-hdqt-thong-qua-phu-luc-hop-dong-tu-van-chuyen-nhuong-von-tai-sgp-voi-cts.chn,cafef
2025-05-09,CTG: Thông báo về ngày giao dịch đầu tiên trái phiếu niêm yết tại HNX,Ngân hàng Thương mại Cổ phần Công Thương Việt Nam thông báo về ngày giao dịch đầu tiên trái phiếu niêm yết tại HNX,https://cafef.vn/du-lieu/CTG-2201299/ctg-thong-bao-ve-ngay-giao-dich-dau-tien-trai-phieu-niem-yet-tai-hnx.chn,cafef
2025-05-08,CTG: Nghị quyết HĐQT phê duyệt phương án mua lại trước hạn trái phiếu thứ cấp năm 2025,Ngân hàng Thương mại Cổ phần Công Thương Việt Nam công bố Nghị quyết HĐQT về việc phê duyệt phương án mua lại trước hạn trái phiếu thứ cấp năm 2025,https://cafef.vn/du-lieu/CTG-2200584/ctg-nghi-quyet-hdqt-phe-duyet-phuong-an-mua-lai-truoc-han-trai-phieu-thu-cap-nam-2025.chn,cafef
2025-05-07,CTG: Quyết định về việc thay đổi địa điểm trụ sở Chi nhánh Bà Rịa - Vũng Tàu,Ngân hàng Thương mại Cổ phần Công Thương Việt Nam công bố Quyết định về việc thay đổi địa điểm trụ sở Chi nhánh Bà Rịa - Vũng Tàu,https://cafef.vn/du-lieu/CTG-2197156/ctg-quyet-dinh-ve-viec-thay-doi-dia-diem-tru-so-chi-nhanh-ba-ria-vung-tau.chn,cafef
2025-05-06,CTG: Quyết định của HĐQT về việc thay đổi địa điểm đặt trụ sở Chi nhánh Sa Đéc và Tây Tiền Giang,Ngân hàng Thương mại Cổ phần Công Thương Việt Nam thông báo Quyết định của HĐQT về việc thay đổi địa điểm đặt trụ sở Chi nhánh Sa Đéc và Tây Tiền Giang,https://cafef.vn/du-lieu/CTG-2196535/ctg-quyet-dinh-cua-hdqt-ve-viec-thay-doi-dia-diem-dat-tru-so-chi-nhanh-sa-dec-va-tay-tien-giang.chn,cafef
2025-05-05,CTG: Quyết định của NHNN Việt Nam về việc bổ sung nội dung hoạt động vào Giấy phép thành lập và hoạt động của CTG,Ngân hàng Thương mại Cổ phần Công Thương Việt Nam công bố Quyết định của NHNNVN về việc bổ sung nội dung hoạt động vào Giấy phép thành lập và hoạt động,https://cafef.vn/du-lieu/CTG-2196330/ctg-quyet-dinh-cua-nhnn-viet-nam-ve-viec-bo-sung-noi-dung-hoat-dong-vao-giay-phep-thanh-lap-va-hoat-dong-cua-ctg.chn,cafef
2025-04-28,CTG: Nghị quyết HĐQT phê duyệt chủ trương thay đổi địa điểm trụ sở chi nhánh Sa Đéc và Chi nhánh Tây Tiền Giang,Ngân hàng Thương mại Cổ phần Công Thương Việt Nam thông báo Nghị quyết HĐQT về việc phê duyệt chủ trương thay đổi địa điểm trụ sở chi nhánh Sa Đéc và Chi nhánh Tây Tiền Gian,https://cafef.vn/du-lieu/CTG-2195437/ctg-nghi-quyet-hdqt-phe-duyet-chu-truong-thay-doi-dia-diem-tru-so-chi-nhanh-sa-dec-va-chi-nhanh-tay-tien-giang.chn,cafef
2025-04-25,CTG: Thông báo nhận được các Quyết định của Sở Giao dịch Chứng khoán Hà Nội về việc chấp thuận niêm yết trái phiếu,Ngân hàng Thương mại Cổ phần Công Thương Việt Nam thông báo nhận được các Quyết định của Sở Giao dịch Chứng khoán Hà Nội về việc chấp thuận niêm yết trái phiếu,https://cafef.vn/du-lieu/CTG-2191225/ctg-thong-bao-nhan-duoc-cac-quyet-dinh-cua-so-giao-dich-chung-khoan-ha-noi-ve-viec-chap-thuan-niem-yet-trai-phieu.chn,cafef
2025-04-24,CTG: Nghị quyết HĐQT phê duyệt chủ trương thay đổi địa điểm trụ sở chi nhánh Bà Rịa - Vũng Tàu,Ngân hàng Thương mại Cổ phần Công Thương Việt Nam thông báo Nghị quyết HĐQT về việc phê duyệt chủ trương thay đổi địa điểm trụ sở chi nhánh Bà Rịa - Vũng Tàu,https://cafef.vn/du-lieu/CTG-2190269/ctg-nghi-quyet-hdqt-phe-duyet-chu-truong-thay-doi-dia-diem-tru-so-chi-nhanh-ba-ria-vung-tau.chn,cafef
2025-04-22,CTG: HĐQT thông qua hợp đồng đại diện nhận TSBĐ và văn bản ủy quyền giữa Vietinbank và Vietinbank Lào,Ngân hàng Thương mại Cổ phần Công Thương Việt Nam thông báo HĐQT thông qua hợp đồng đại diện nhận TSBĐ và văn bản ủy quyền giữa Vietinbank và Vietinbank Lào,https://cafef.vn/du-lieu/CTG-2180099/ctg-hdqt-thong-qua-hop-dong-dai-dien-nhan-tsbd-va-van-ban-uy-quyen-giua-vietinbank-va-vietinbank-lao.chn,cafef
2025-04-22,CTG: Nghị quyết HĐQT phê duyệt phương án phát hành trái phiếu tăng vốn cấp 2 theo hình thức riêng lẻ năm 2025,Ngân hàng Thương mại Cổ phần Công Thương Việt Nam công bố Nghị quyết HĐQT về việc phê duyệt phương án phát hành trái phiếu tăng vốn cấp 2 theo hình thức riêng lẻ năm 2025,https://cafef.vn/du-lieu/CTG-2185973/ctg-nghi-quyet-hdqt-phe-duyet-phuong-an-phat-hanh-trai-phieu-tang-von-cap-2-theo-hinh-thuc-rieng-le-nam-2025.chn,cafef
2025-04-21,CTG: Biên bản họp và Nghị quyết ĐHĐCĐ thường niên năm 2025,Ngân hàng Thương mại Cổ phần Công Thương Việt Nam công bố Biên bản họp và Nghị quyết ĐHĐCĐ thường niên năm 2025,https://cafef.vn/du-lieu/CTG-2180351/ctg-bien-ban-hop-va-nghi-quyet-dhdcd-thuong-nien-nam-2025.chn,cafef
2025-04-17,"CTG: Cập nhật, bổ sung tài liệu họp ĐHĐCĐ thường niên năm 2025","Ngân hàng Thương mại Cổ phần Công Thương Việt Nam thông báo cập nhật, bổ sung tài liệu họp ĐHĐCĐ thường niên năm 2025",https://cafef.vn/du-lieu/CTG-2182397/ctg-cap-nhat-bo-sung-tai-lieu-hop-dhdcd-thuong-nien-nam-2025.chn,cafef
2025-04-17,CTG: Báo cáo kết quả chào bán trái phiếu ra công chúng đợt 2,Ngân hàng Thương mại Cổ phần Công Thương Việt Nam công bố Báo cáo kết quả chào bán trái phiếu ra công chúng đợt 2,https://cafef.vn/du-lieu/CTG-2182404/ctg-bao-cao-ket-qua-chao-ban-trai-phieu-ra-cong-chung-dot-2.chn,cafef
2025-04-01,CTG: Đính chính thông tin trình bày trong thuyết minh BCTC năm 2024 đã kiểm toán,Ngân hàng Thương mại Cổ phần Công Thương Việt Nam thông báo đính chính thông tin trình bày trong thuyết minh BCTC năm 2024 đã kiểm toán,https://cafef.vn/du-lieu/CTG-2162461/ctg-dinh-chinh-thong-tin-trinh-bay-trong-thuyet-minh-bctc-nam-2024-da-kiem-toan.chn,cafef
2025-03-31,CTG: Nghị quyết HĐQT về việc phê duyệt điều chỉnh thời gian họp ĐHĐCĐ thường niên 2025,Ngân hàng Thương mại Cổ phần Công Thương Việt Nam thông báo Nghị quyết HĐQT về việc phê duyệt điều chỉnh thời gian họp ĐHĐCĐ thường niên 2025,https://cafef.vn/du-lieu/CTG-2162061/ctg-nghi-quyet-hdqt-ve-viec-phe-duyet-dieu-chinh-thoi-gian-hop-dhdcd-thuong-nien-2025.chn,cafef
2025-03-28,CTG: HĐQT thông qua dự thảo nội dung hợp đồng đặt lệnh GDCK cho nhà đầu tư LK với CTS,Ngân hàng Thương mại Cổ phần Công Thương Việt Nam thông báo HĐQT thông qua dự thảo nội dung hợp đồng đặt lệnh GDCK cho nhà đầu tư LK với CTS,https://cafef.vn/du-lieu/CTG-2160365/ctg-hdqt-thong-qua-du-thao-noi-dung-hop-dong-dat-lenh-gdck-cho-nha-dau-tu-lk-voi-cts.chn,cafef
2025-03-18,CTG: Thông báo phát hành trái phiếu ra công chúng đợt 2,Ngân hàng Thương mại Cổ phần Công Thương Việt Nam thông báo phát hành trái phiếu ra công chúng đợt 2,https://cafef.vn/du-lieu/CTG-2153134/ctg-thong-bao-phat-hanh-trai-phieu-ra-cong-chung-dot-2.chn,cafef
2025-03-11,CTG: Nghị quyết HĐQT phê duyệt chủ trương thay đổi địa điểm đặt trụ sở chi nhánh Thủ Đức,Ngân hàng Thương mại Cổ phần Công Thương Việt Nam thông báo Nghị quyết HĐQT về việc phê duyệt chủ trương thay đổi địa điểm đặt  trụ sở chi nhánh Thủ Đức,https://cafef.vn/du-lieu/CTG-2147838/ctg-nghi-quyet-hdqt-phe-duyet-chu-truong-thay-doi-dia-diem-dat-tru-so-chi-nhanh-thu-duc.chn,cafef
2025-03-11,CTG: Tài liệu họp ĐHĐCĐ thường niên năm 2025,Ngân hàng Thương mại Cổ phần Công Thương Việt Nam thông báo tài liệu họp ĐHĐCĐ thường niên năm 2025,https://cafef.vn/du-lieu/CTG-2147839/ctg-tai-lieu-hop-dhdcd-thuong-nien-nam-2025.chn,cafef
2025-03-05,CTG: Giải trình biến động lợi nhuận trên BCTC kiểm toán năm 2024,Ngân hàng Thương mại Cổ phần Công Thương Việt Nam giải trình biến động lợi nhuận trên BCTC kiểm toán năm 2024,https://cafef.vn/du-lieu/CTG-2143582/ctg-giai-trinh-bien-dong-loi-nhuan-tren-bctc-kiem-toan-nam-2024.chn,cafef
2025-03-03,"CTG: HĐQT thông qua nội dung mẫu hợp đồng tư vấn ba bên giữa khách hàng, Vietinbank và CTS","Ngân hàng Thương mại Cổ phần Công Thương Việt Nam thông báo HĐQT thông qua nội dung mẫu hợp đồng tư vấn ba bên giữa khách hàng, Vietinbank và CTS",https://cafef.vn/du-lieu/CTG-2141925/ctg-hdqt-thong-qua-noi-dung-mau-hop-dong-tu-van-ba-ben-giua-khach-hang-vietinbank-va-cts.chn,cafef
2025-03-03,CTG: Thông báo thay đổi giấy phép thành lập và hoạt động,Ngân hàng Thương mại Cổ phần Công Thương Việt Nam thông báo thay đổi giấy phép thành lập và hoạt động,https://cafef.vn/du-lieu/CTG-2141945/ctg-thong-bao-thay-doi-giay-phep-thanh-lap-va-hoat-dong.chn,cafef
2025-02-28,CTG: HĐQT thông qua hợp đồng hạn mức giao dịch ngoại tệ với Vietinbank Lào,Ngân hàng Thương mại Cổ phần Công Thương Việt Nam thông báo HĐQT thông qua hợp đồng hạn mức giao dịch ngoại tệ với Vietinbank Lào,https://cafef.vn/du-lieu/CTG-2139877/ctg-hdqt-thong-qua-hop-dong-han-muc-giao-dich-ngoai-te-voi-vietinbank-lao.chn,cafef
2025-02-28,CTG: Thông báo Quyết định của NHNNVN về việc bổ sung nội dung hoạt động vào Giấy phép thành lập và hoạt động của CTG,Ngân hàng Thương mại Cổ phần Công Thương Việt Nam thông báo Quyết định của NHNNVN về việc bổ sung nội dung hoạt động vào Giấy phép thành lập và hoạt động của CTG,https://cafef.vn/du-lieu/CTG-2140416/ctg-thong-bao-quyet-dinh-cua-nhnnvn-ve-viec-bo-sung-noi-dung-hoat-dong-vao-giay-phep-thanh-lap-va-hoat-dong-cua-ctg.chn,cafef
2025-02-21,"CTG: 6.3.2025, ngày GDKHQ tổ chức ĐHĐCĐ thường niên năm 2025",Sở Giao dịch Chứng khoán TP.HCM thông báo về ngày đăng ký cuối cùng tổ chức ĐHĐCĐ thường niên năm 2025 của Ngân hàng Thương mại Cổ phần Công Thương Việt Nam,https://cafef.vn/du-lieu/CTG-2136925/ctg-632025-ngay-gdkhq-to-chuc-dhdcd-thuong-nien-nam-2025.chn,cafef
2025-02-20,CTG: Quyết định của TGĐ về việc thay đổi địa điểm trụ sở Chi nhánh Bắc Đà Nẵng,Ngân hàng Thương mại Cổ phần Công Thương Việt Nam thông báo Quyết định của TGĐ về việc thay đổi địa điểm trụ sở Chi nhánh Bắc Đà Nẵng,https://cafef.vn/du-lieu/CTG-2134628/ctg-quyet-dinh-cua-tgd-ve-viec-thay-doi-dia-diem-tru-so-chi-nhanh-bac-da-nang.chn,cafef
2025-02-18,CTG: Nghị quyết HĐQT thông qua phương án phân phối lợi nhuận năm 2023,Ngân hàng Thương mại Cổ phần Công Thương Việt Nam thông báo Nghị quyết HĐQT về việc thông qua phương án phân phối lợi nhuận năm 2023,https://cafef.vn/du-lieu/CTG-2132984/ctg-nghi-quyet-hdqt-thong-qua-phuong-an-phan-phoi-loi-nhuan-nam-2023.chn,cafef
2025-02-14,CTG: Nghị quyết HĐQT phê duyệt tổ chức họp ĐHĐCĐ thường niên 2025,Ngân hàng Thương mại Cổ phần Công Thương Việt Nam thông báo Nghị quyết HĐQT về việc phê duyệt tổ chức họp ĐHĐCĐ thường niên 2025,https://cafef.vn/du-lieu/CTG-2130898/ctg-nghi-quyet-hdqt-phe-duyet-to-chuc-hop-dhdcd-thuong-nien-2025.chn,cafef
2025-01-24,"CTG: Báo cáo định kỳ tình hình thanh toán gốc, lãi trái phiếu doanh nghiệp phát hành ra công chúng năm 2024","Ngân hàng Thương mại Cổ phần Công Thương Việt Nam công bố báo cáo định kỳ tình hình thanh toán gốc, lãi trái phiếu doanh nghiệp phát hành ra công chúng năm 2024",https://cafef.vn/du-lieu/CTG-2120559/ctg-bao-cao-dinh-ky-tinh-hinh-thanh-toan-goc-lai-trai-phieu-doanh-nghiep-phat-hanh-ra-cong-chung-nam-2024.chn,cafef
2025-01-24,CTG: Báo cáo tình hình quản trị công ty năm 2024,Ngân hàng Thương mại Cổ phần Công Thương Việt Nam công bố Báo cáo tình hình quản trị công ty năm 2024,https://cafef.vn/du-lieu/CTG-2134253/ctg-bao-cao-tinh-hinh-quan-tri-cong-ty-nam-2024.chn,cafef
2025-01-20,"CTG: HĐQT thông qua Hợp đồng hợp tác ba bên giữa VietinBank với VBI và đối tác, Phụ lục Hợp đồng đại lý bảo hiểm với VBI","Ngân hàng Thương mại Cổ phần Công Thương Việt Nam công bố HĐQT thông qua Hợp đồng hợp tác ba bên giữa VietinBank với VBI và đối tác, Phụ lục Hợp đồng đại lý bảo hiểm với VBI",https://cafef.vn/du-lieu/CTG-2118392/ctg-hdqt-thong-qua-hop-dong-hop-tac-ba-ben-giua-vietinbank-voi-vbi-va-doi-tac-phu-luc-hop-dong-dai-ly-bao-hiem-voi-vbi.chn,cafef
2025-01-17,CTG: CBTT cử người đại điện phần vốn Nhà nước tại Vietinbank,Ngân hàng Thương mại Cổ phần Công Thương Việt Nam công bố cử người đại điện phần vốn Nhà nước tại Vietinbank,https://cafef.vn/du-lieu/CTG-2117115/ctg-cbtt-cu-nguoi-dai-dien-phan-von-nha-nuoc-tai-vietinbank.chn,cafef
2025-01-17,CTG: Báo cáo kết quả chào bán trái phiếu ra công chúng đợt 1,Ngân hàng Thương mại Cổ phần Công Thương Việt Nam công bố Báo cáo kết quả chào bán trái phiếu ra công chúng đợt 1,https://cafef.vn/du-lieu/CTG-2117673/ctg-bao-cao-ket-qua-chao-ban-trai-phieu-ra-cong-chung-dot-1.chn,cafef
2025-01-10,CTG: HĐQT thông qua Văn bản ủy quyền và Hợp đồng đại diện nhận TSBĐ với VietinBank Lào,Ngân hàng Thương mại Cổ phần Công Thương Việt Nam công bố thông tin về việc HĐQT thông qua Văn bản ủy quyền và Hợp đồng đại diện nhận TSBĐ với VietinBank Lào,https://cafef.vn/du-lieu/CTG-2114232/ctg-hdqt-thong-qua-van-ban-uy-quyen-va-hop-dong-dai-dien-nhan-tsbd-voi-vietinbank-lao.chn,cafef
2025-01-02,CTG: HĐQT thông qua Văn bản sửa đổi Phụ lục Hợp đồng ủy quyền bán vàng miếng với VGJ,Ngân hàng Thương mại Cổ phần Công Thương Việt Nam thông báo HĐQT thông qua Văn bản sửa đổi Phụ lục Hợp đồng ủy quyền bán vàng miếng với VGJ,https://cafef.vn/du-lieu/CTG-2108748/ctg-hdqt-thong-qua-van-ban-sua-doi-phu-luc-hop-dong-uy-quyen-ban-vang-mieng-voi-vgj.chn,cafef
2024-12-27,CTG: Nghị quyết HĐQT về việc công tác mạng lưới,Ngân hàng Thương mại Cổ phần Công Thương Việt Nam thông báo Nghị quyết HĐQT về việc công tác mạng lưới,https://cafef.vn/du-lieu/CTG-2106318/ctg-nghi-quyet-hdqt-ve-viec-cong-tac-mang-luoi.chn,cafef
2024-12-27,CTG: Quyết định của TGĐ về việc thay đổi tên Chi nhánh Thừa Thiên Huế và Chi nhánh Nam Thừa Thiên Huế,Ngân hàng Thương mại Cổ phần Công Thương Việt Nam thông báo Quyết định của TGĐ về việc thay đổi tên Chi nhánh Thừa Thiên Huế và Chi nhánh Nam Thừa Thiên Huế,https://cafef.vn/du-lieu/CTG-2106325/ctg-quyet-dinh-cua-tgd-ve-viec-thay-doi-ten-chi-nhanh-thua-thien-hue-va-chi-nhanh-nam-thua-thien-hue.chn,cafef
2024-12-26,CTG: HĐQT thông qua hợp đồng khung mua bán hàng hóa với VietinBank Gold & Jewellery,Ngân hàng Thương mại Cổ phần Công Thương Việt Nam thông báo HĐQT thông qua hợp đồng khung mua bán hàng hóa với VietinBank Gold & Jewellery,https://cafef.vn/du-lieu/CTG-2105731/ctg-hdqt-thong-qua-hop-dong-khung-mua-ban-hang-hoa-voi-vietinbank-gold--jewellery.chn,cafef
2024-12-26,CTG: HĐQT thông qua hợp đồng bảo hiểm Cyber Risk với VBI,Ngân hàng Thương mại Cổ phần Công Thương Việt Nam thông báo HĐQT thông qua hợp đồng bảo hiểm Cyber Risk với VBI,https://cafef.vn/du-lieu/CTG-2105732/ctg-hdqt-thong-qua-hop-dong-bao-hiem-cyber-risk-voi-vbi.chn,cafef
2024-12-19,CTG: CBTT chào bán Trái phiếu ra công chúng đợt 1,Ngân hàng Thương mại Cổ phần Công Thương Việt Nam thông báo chào bán TP ra công chúng đợt 1,https://cafef.vn/du-lieu/CTG-2101887/ctg-cbtt-chao-ban-trai-phieu-ra-cong-chung-dot-1.chn,cafef
2024-12-18,CTG: Giấy chứng nhận đăng ký chào bán trái phiếu ra công chúng,Ngân hàng Thương mại Cổ phần Công Thương Việt Nam thông báo Giấy chứng nhận đăng ký chào bán trái phiếu ra công chúng,https://cafef.vn/du-lieu/CTG-2101356/ctg-giay-chung-nhan-dang-ky-chao-ban-trai-phieu-ra-cong-chung.chn,cafef
2024-12-17,"CTG: HĐQT thông qua văn bản sửa đổi, bổ sung hợp đồng đại lý bảo hiểm giữa Vietinbank với VBI","Ngân hàng Thương mại Cổ phần Công Thương Việt Nam công bố HĐQT thông qua văn bản sửa đổi, bổ sung hợp đồng đại lý bảo hiểm giữa Vietinbank với VBI",https://cafef.vn/du-lieu/CTG-2100751/ctg-hdqt-thong-qua-van-ban-sua-doi-bo-sung-hop-dong-dai-ly-bao-hiem-giua-vietinbank-voi-vbi.chn,cafef
2024-12-04,CTG: Nghị quyết HĐQT phê duyệt chủ trương thay đổi địa điểm đặt trụ sở Chi nhánh Bắc Đà Nẵng,Ngân hàng Thương mại Cổ phần Công Thương Việt Nam thông báo Nghị quyết HĐQT về việc phê duyệt chủ trương thay đổi địa điểm đặt trụ sở Chi nhánh Bắc Đà Nẵng,https://cafef.vn/du-lieu/CTG-2094338/ctg-nghi-quyet-hdqt-phe-duyet-chu-truong-thay-doi-dia-diem-dat-tru-so-chi-nhanh-bac-da-nang.chn,cafef
2024-12-03,CTG: HĐQT thông qua hợp đồng hạn mức giao dịch cho vay/gửi tiền trên thị trường liên Ngân hàng với IVB,Ngân hàng Thương mại Cổ phần Công Thương Việt Nam thông báo HĐQT thông qua hợp đồng hạn mức giao dịch cho vay/gửi tiền trên thị trường liên NH với IVB,https://cafef.vn/du-lieu/CTG-2093737/ctg-hdqt-thong-qua-hop-dong-han-muc-giao-dich-cho-vaygui-tien-tren-thi-truong-lien-ngan-hang-voi-ivb.chn,cafef
2024-11-29,CTG: HĐQT thông qua Hợp đồng mua bảo hiểm xe cơ giới với VBI Thăng Long,Ngân hàng Thương mại Cổ phần Công Thương Việt Nam thông báo HĐQT thông qua Hợp đồng mua bảo hiểm xe cơ giới với VBI Thăng Long,https://cafef.vn/du-lieu/CTG-2091831/ctg-hdqt-thong-qua-hop-dong-mua-bao-hiem-xe-co-gioi-voi-vbi-thang-long.chn,cafef
2024-11-29,CTG: HĐQT thông qua Hợp đồng bảo hiểm sức khỏe VBI Care với VBI,Ngân hàng Thương mại Cổ phần Công Thương Việt Nam thông báo HĐQT thông qua Hợp đồng bảo hiểm sức khỏe VBI Care với VBI,https://cafef.vn/du-lieu/CTG-2091832/ctg-hdqt-thong-qua-hop-dong-bao-hiem-suc-khoe-vbi-care-voi-vbi.chn,cafef
2024-11-20,"CTG: Quyết định điều chỉnh, bổ sung chi tiết Phương án phát hành, phương án trả nợ vốn thu được từ các đợt phát hành trái phiếu ra công chúng năm 2024","Ngân hàng Thương mại Cổ phần Công Thương Việt Nam công bố Quyết định điều chỉnh, bổ sung chi tiết Phương án phát hành, phương án trả nợ vốn thu được từ các đợt phát hành trái phiếu ra công chúng năm 2024",https://cafef.vn/du-lieu/CTG-2087356/ctg-quyet-dinh-dieu-chinh-bo-sung-chi-tiet-phuong-an-phat-hanh-phuong-an-tra-no-von-thu-duoc-tu-cac-dot-phat-hanh-trai-phieu-ra-cong-chung-nam-2024.chn,cafef
2024-10-31,CTG: Quyết định về việc thay đổi địa điểm đặt trụ sở Chi nhánh Tây Thăng Long,Ngân hàng Thương mại Cổ phần Công Thương Việt Nam công bố Quyết định về việc thay đổi địa điểm đặt trụ sở Chi nhánh Tây Thăng Long,https://cafef.vn/du-lieu/CTG-2077803/ctg-quyet-dinh-ve-viec-thay-doi-dia-diem-dat-tru-so-chi-nhanh-tay-thang-long.chn,cafef
2024-10-31,CTG: Thông báo của HNX về việc hủy niêm yết Trái phiếu CTG121030,Ngân hàng Thương mại Cổ phần Công Thương Việt Nam thông báo của HNX về việc hủy niêm yết Trái phiếu CTG121030,https://cafef.vn/du-lieu/CTG-2077809/ctg-thong-bao-cua-hnx-ve-viec-huy-niem-yet-trai-phieu-ctg121030.chn,cafef
2024-10-18,CTG: Nghị quyết và Biên bản họp ĐHĐCĐ bất thường năm 2024,Ngân hàng Thương mại Cổ phần Công Thương Việt Nam thông báo Nghị quyết và Biên bản họp ĐHĐCĐ bất thường năm 2024,https://cafef.vn/du-lieu/CTG-2071377/ctg-nghi-quyet-va-bien-ban-hop-dhdcd-bat-thuong-nam-2024.chn,cafef
2024-10-16,"CTG: Cập nhật, bổ sung tài liệu họp ĐHĐCĐ bất thường năm 2024","Ngân hàng Thương mại Cổ phần Công Thương Việt Nam thông báo cập nhật, bổ sung tài liệu họp ĐHĐCĐ bất thường năm 2024",https://cafef.vn/du-lieu/CTG-2070132/ctg-cap-nhat-bo-sung-tai-lieu-hop-dhdcd-bat-thuong-nam-2024.chn,cafef
2024-10-15,CTG: HĐQT thông qua hợp đồng bảo hiểm D&O với VBI,Ngân hàng Thương mại Cổ phần Công Thương Việt Nam thông báo HĐQT thông qua hợp đồng bảo hiểm D&O với VBI,https://cafef.vn/du-lieu/CTG-2069476/ctg-hdqt-thong-qua-hop-dong-bao-hiem-do-voi-vbi.chn,cafef
2024-10-09,"CTG: Nghị quyết HĐQT phê duyệt, công bố chính thức các chỉ tiêu kế hoạch kinh doanh năm 2024","Ngân hàng Thương mại Cổ phần Công Thương Việt Nam thông báo Nghị quyết HĐQT về việc phê duyệt, công bố chính thức các chỉ tiêu kế hoạch kinh doanh năm 2024 của TCB",https://cafef.vn/du-lieu/CTG-2066737/ctg-nghi-quyet-hdqt-phe-duyet-cong-bo-chinh-thuc-cac-chi-tieu-ke-hoach-kinh-doanh-nam-2024.chn,cafef
2024-10-01,CTG: HĐQT thông qua Hợp đồng Bảo hiểm mọi rủi ro tài sản bao gồm cháy nổ bắt buộc giữa VietinBank với VBI,Ngân hàng Thương mại Cổ phần Công Thương Việt Nam thông báo HĐQT thông qua Hợp đồng Bảo hiểm mọi rủi ro tài sản bao gồm cháy nổ bắt buộc giữa VietinBank với VBI,https://cafef.vn/du-lieu/CTG-2061990/ctg-hdqt-thong-qua-hop-dong-bao-hiem-moi-rui-ro-tai-san-bao-gom-chay-no-bat-buoc-giua-vietinbank-voi-vbi.chn,cafef
2024-09-26,CTG: Thông báo tài liệu họp ĐHĐCĐ bất thường năm 2024,Ngân hàng Thương mại Cổ phần Công Thương Việt Nam thông báo tài liệu họp ĐHĐCĐ bất thường năm 2024,https://cafef.vn/du-lieu/CTG-2059715/ctg-thong-bao-tai-lieu-hop-dhdcd-bat-thuong-nam-2024.chn,cafef
2024-09-17,CTG: Quyết định về việc thay đổi địa điểm trụ sở Chi nhánh Cần Thơ,Ngân hàng Thương mại Cổ phần Công Thương Việt Nam công bố Quyết định về việc thay đổi địa điểm trụ sở Chi nhánh Cần Thơ,https://cafef.vn/du-lieu/CTG-2055616/ctg-quyet-dinh-ve-viec-thay-doi-dia-diem-tru-so-chi-nhanh-can-tho.chn,cafef
2024-09-12,"CTG: HĐQT thông qua văn bản sửa đổi, bổ sung hợp đồng đại lý bảo hiểm giữa Vietinbank với VBI","Ngân hàng Thương mại Cổ phần Công Thương Việt Nam thông báo HĐQT thông qua văn bản sửa đổi, bổ sung hợp đồng đại lý bảo hiểm giữa Vietinbank với VBI",https://cafef.vn/du-lieu/CTG-2053207/ctg-hdqt-thong-qua-van-ban-sua-doi-bo-sung-hop-dong-dai-ly-bao-hiem-giua-vietinbank-voi-vbi.chn,cafef
2024-09-10,CTG: HĐQT thông qua hợp đồng bảo hiểm hàng hóa vận chuyển với VBI,Ngân hàng Thương mại Cổ phần Công Thương Việt Nam thông báo HĐQT thông qua hợp đồng bảo hiểm hàng hóa vận chuyển với VBI,https://cafef.vn/du-lieu/CTG-2051682/ctg-hdqt-thong-qua-hop-dong-bao-hiem-hang-hoa-van-chuyen-voi-vbi.chn,cafef
2024-09-10,"CTG: HĐQT thông qua văn bản sửa đổi, bổ sung hợp đồng ủy quyền bán vàng miếng với VGJ","Ngân hàng Thương mại Cổ phần Công Thương Việt Nam thông báo HĐQT thông qua văn bản sửa đổi, bổ sung hợp đồng ủy quyền bán vàng miếng với VGJ",https://cafef.vn/du-lieu/CTG-2051721/ctg-hdqt-thong-qua-van-ban-sua-doi-bo-sung-hop-dong-uy-quyen-ban-vang-mieng-voi-vgj.chn,cafef
2024-09-10,CTG: HĐQT thông qua các hợp đồng với VGJ,Ngân hàng Thương mại Cổ phần Công Thương Việt Nam thông báo HĐQT thông qua các hợp đồng với VGJ,https://cafef.vn/du-lieu/CTG-2051723/ctg-hdqt-thong-qua-cac-hop-dong-voi-vgj.chn,cafef
2024-08-30,CTG: HĐQT thông qua hợp đồng khung tiền gửi bằng VND với MUFG - CN. TPHCM,Ngân hàng Thương mại Cổ phần Công Thương Việt Nam thông báo HĐQT thông qua hợp đồng khung tiền gửi bằng VND với MUFG - CN. TPHCM,https://cafef.vn/du-lieu/CTG-2048171/ctg-hdqt-thong-qua-hop-dong-khung-tien-gui-bang-vnd-voi-mufg-cn-tphcm.chn,cafef
2024-08-30,CTG: HĐQT thông qua các hợp đồng hạn mức GD trên thị trường liên ngân hàng với MUFG - CN. TPHCM,Ngân hàng Thương mại Cổ phần Công Thương Việt Nam thông báo HĐQT thông qua các hợp đồng hạn mức GD trên thị trường liên ngân hàng với MUFG - CN. TPHCM,https://cafef.vn/du-lieu/CTG-2048172/ctg-hdqt-thong-qua-cac-hop-dong-han-muc-gd-tren-thi-truong-lien-ngan-hang-voi-mufg-cn-tphcm.chn,cafef
2024-08-30,CTG: HĐQT thông qua hợp đồng cung cấp dịch vụ Ngân hàng quyết toán quốc tế cho các GD thanh toán song phương Việt Nam-Lào bằng mã QRPAY,Ngân hàng Thương mại Cổ phần Công Thương Việt Nam thông báo HĐQT thông qua hợp đồng cung cấp dịch vụ NH quyết toán quốc tế cho các GD thanh toán song phương Việt Nam-Lào bằng  mã QRPAY,https://cafef.vn/du-lieu/CTG-2048314/ctg-hdqt-thong-qua-hop-dong-cung-cap-dich-vu-ngan-hang-quyet-toan-quoc-te-cho-cac-gd-thanh-toan-song-phuong-viet-namlao-bang-ma-qrpay.chn,cafef
2024-08-30,"CTG: 13.9.2024, ngày GDKHQ tổ chức ĐHĐCĐ bất thường năm 2024",Sở Giao dịch Chứng khoán Thành phố Hồ Chí Minh thông báo ngày ĐKCC tổ chức ĐHĐCĐ bất thường năm 2024 của Ngân hàng Thương mại Cổ phần Công Thương Việt Nam,https://cafef.vn/du-lieu/CTG-2048801/ctg-1392024-ngay-gdkhq-to-chuc-dhdcd-bat-thuong-nam-2024.chn,cafef
2024-08-29,CTG: Nghị quyết HĐQT phê duyệt điều chỉnh phương án phát hành trái phiếu tăng vốn cấp 2 theo hình thức riêng lẻ,Ngân hàng Thương mại Cổ phần Công Thương Việt Nam thông báo Nghị quyết HĐQT về việc phê duyệt điều chỉnh phương án phát hành trái phiếu tăng vốn cấp 2 theo hình thức riêng lẻ,https://cafef.vn/du-lieu/CTG-2048847/ctg-nghi-quyet-hdqt-phe-duyet-dieu-chinh-phuong-an-phat-hanh-trai-phieu-tang-von-cap-2-theo-hinh-thuc-rieng-le.chn,cafef
2024-08-26,CTG: Nghị quyết HĐQT về việc phê duyệt tổ chức ĐHĐCĐ bất thường 2024,Ngân hàng Thương mại Cổ phần Công Thương Việt Nam công bố Nghị quyết HĐQT về việc phê duyệt tổ chức ĐHĐCĐ bất thường 2024,https://cafef.vn/du-lieu/CTG-2044752/ctg-nghi-quyet-hdqt-ve-viec-phe-duyet-to-chuc-dhdcd-bat-thuong-2024.chn,cafef
2024-08-23,CTG: HĐQT thông qua hợp đồng bảo hiểm tiền với VBI,Ngân hàng Thương mại Cổ phần Công Thương Việt Nam thông báo HĐQT thông qua hợp đồng bảo hiểm tiền với VBI,https://cafef.vn/du-lieu/CTG-2044090/ctg-hdqt-thong-qua-hop-dong-bao-hiem-tien-voi-vbi.chn,cafef
2024-08-21,CTG: HĐQT thông qua các Phụ lục hợp đồng ủy quyền bán vàng miếng,Ngân hàng Thương mại Cổ phần Công Thương Việt Nam thông báo HĐQT thông qua các Phụ lục hợp đồng ủy quyền bán vàng miếng,https://cafef.vn/du-lieu/CTG-2042571/ctg-hdqt-thong-qua-cac-phu-luc-hop-dong-uy-quyen-ban-vang-mieng.chn,cafef
2024-08-13,CTG: HĐQT thông qua các hợp đồng hạn mức GD trên thị trường liên ngân hàng với Indovina Bank,Ngân hàng Thương mại Cổ phần Công Thương Việt Nam thông báo HĐQT thông qua các hợp đồng hạn mức GD trên thị trường liên ngân hàng với Indovina Bank,https://cafef.vn/du-lieu/CTG-2038482/ctg-hdqt-thong-qua-cac-hop-dong-han-muc-gd-tren-thi-truong-lien-ngan-hang-voi-indovina-bank.chn,cafef
2024-08-09,CTG: HĐQT thông qua hợp đồng bảo hiểm sức khỏe Premier VBI Care với VBI,Ngân hàng Thương mại Cổ phần Công Thương Việt Nam thông báo HĐQT thông qua hợp đồng bảo hiểm sức khỏe Premier VBI Care với VBI,https://cafef.vn/du-lieu/CTG-2037436/ctg-hdqt-thong-qua-hop-dong-bao-hiem-suc-khoe-premier-vbi-care-voi-vbi.chn,cafef
2024-08-02,CTG: HĐQT thông qua phụ lục hợp đồng hợp tác giữa Vietinbank với CTS,Ngân hàng Thương mại Cổ phần Công Thương Việt Nam thông báo HĐQT thông qua phụ lục hợp đồng hợp tác giữa Vietinbank với CTS,https://cafef.vn/du-lieu/CTG-2033849/ctg-hdqt-thong-qua-phu-luc-hop-dong-hop-tac-giua-vietinbank-voi-cts.chn,cafef
2024-07-30,CTG: Báo cáo tình hình quản trị công ty 6 tháng đầu năm 2024,Ngân hàng Thương mại Cổ phần Công Thương Việt Nam công bố Báo cáo tình hình quản trị công ty 6 tháng đầu năm 2024,https://cafef.vn/du-lieu/CTG-2032056/ctg-bao-cao-tinh-hinh-quan-tri-cong-ty-6-thang-dau-nam-2024.chn,cafef
2024-07-25,CTG: HĐQT thông qua hợp đồng tư vấn và đại lý về phát hành trái phiếu ra công chúng năm 2024 với CTS,Ngân hàng Thương mại Cổ phần Công Thương Việt Nam công bố HĐQT thông qua hợp đồng tư vấn và đại lý về phát hành trái phiếu ra công chúng năm 2024 với CTS,https://cafef.vn/du-lieu/CTG-2028948/ctg-hdqt-thong-qua-hop-dong-tu-van-va-dai-ly-ve-phat-hanh-trai-phieu-ra-cong-chung-nam-2024-voi-cts.chn,cafef
2024-07-23,"CTG: Báo cáo định kỳ tình hình thanh toán gốc, lãi trái phiếu doanh nghiệp 6 tháng đầu năm 2024","Ngân hàng Thương mại Cổ phần Công Thương Việt Nam công bố Báo cáo định kỳ tình hình thanh toán gốc, lãi trái phiếu doanh nghiệp 6 tháng đầu năm 2024",https://cafef.vn/du-lieu/CTG-2027481/ctg-bao-cao-dinh-ky-tinh-hinh-thanh-toan-goc-lai-trai-phieu-doanh-nghiep-6-thang-dau-nam-2024.chn,cafef
2024-07-04,"CTG: Nghị quyết HĐQT thông qua phương án phát hành, sử dụng và trả nợ thu được từ các đợt phát hành TP năm 2024","Ngân hàng Thương mại Cổ phần Công Thương Việt Nam thông báo Nghị quyết HĐQT thông qua phương án phát hành, sử dụng và trả nợ thu được từ các đợt phát hành TP năm 2024",https://cafef.vn/du-lieu/CTG-2019094/ctg-nghi-quyet-hdqt-thong-qua-phuong-an-phat-hanh-su-dung-va-tra-no-thu-duoc-tu-cac-dot-phat-hanh-tp-nam-2024.chn,cafef
2024-07-02,CTG: Nghị quyết HĐQT phê duyệt chủ trương thay đổi địa điểm đặt trụ sở Chi nhánh Ngô Quyền,Ngân hàng Thương mại Cổ phần Công Thương Việt Nam thông báo Nghị quyết HĐQT về việc phê duyệt chủ trương thay đổi địa điểm đặt trụ sở Chi nhánh Ngô Quyền,https://cafef.vn/du-lieu/CTG-2017204/ctg-nghi-quyet-hdqt-phe-duyet-chu-truong-thay-doi-dia-diem-dat-tru-so-chi-nhanh-ngo-quyen.chn,cafef
2024-07-02,CTG: Nghị quyết HĐQT phê duyệt chủ trương thay đổi địa điểm đặt trụ sở Chi nhánh Cần Thơ,Ngân hàng Thương mại Cổ phần Công Thương Việt Nam thông báo Nghị quyết HĐQT về việc phê duyệt chủ trương thay đổi địa điểm đặt trụ sở Chi nhánh Cần Thơ,https://cafef.vn/du-lieu/CTG-2017206/ctg-nghi-quyet-hdqt-phe-duyet-chu-truong-thay-doi-dia-diem-dat-tru-so-chi-nhanh-can-tho.chn,cafef
2024-06-28,CTG: Nghị quyết HĐQT thông qua hợp đồng giao dịch với Công ty con,Ngân hàng Thương mại Cổ phần Công Thương Việt Nam thông báo Nghị quyết HĐQT thông qua hợp đồng giao dịch với Công ty con,https://cafef.vn/du-lieu/CTG-2015196/ctg-nghi-quyet-hdqt-thong-qua-hop-dong-giao-dich-voi-cong-ty-con.chn,cafef
2024-06-26,CTG: Quyết định về việc thay đổi địa điểm Chi nhánh 11 Tp. Hồ Chí Minh,Ngân hàng Thương mại Cổ phần Công Thương Việt Nam thông báo Quyết định về việc thay đổi địa điểm CN 11 Tp. Hồ Chí Minh,https://cafef.vn/du-lieu/CTG-2014259/ctg-quyet-dinh-ve-viec-thay-doi-dia-diem-chi-nhanh-11-tp-ho-chi-minh.chn,cafef
2024-06-25,CTG: Quy chế tổ chức và hoạt động của HĐQT,Ngân hàng Thương mại Cổ phần Công Thương Việt Nam thông báo Quy chế tổ chức và hoạt động của HĐQT,https://cafef.vn/du-lieu/CTG-2013645/ctg-quy-che-to-chuc-va-hoat-dong-cua-hdqt.chn,cafef
2024-06-25,CTG: Quy chế tổ chức và hoạt động của BKS,Ngân hàng Thương mại Cổ phần Công Thương Việt Nam thông báo Quy chế tổ chức và hoạt động của BKS,https://cafef.vn/du-lieu/CTG-2013646/ctg-quy-che-to-chuc-va-hoat-dong-cua-bks.chn,cafef
2024-06-25,CTG: Điều lệ công ty sửa đổi 2024,Ngân hàng Thương mại Cổ phần Công Thương Việt Nam thông báo Điều lệ công ty sửa đổi,https://cafef.vn/du-lieu/CTG-2013649/ctg-dieu-le-cong-ty-sua-doi-2024.chn,cafef
2024-06-18,CTG: Nghị quyết HĐQT thông qua hợp đồng hạn mức giao dịch với VietinBank Leasing,Ngân hàng Thương mại Cổ phần Công Thương Việt Nam thông báo Nghị quyết HĐQT thông qua hợp đồng hạn mức giao dịch với VietinBank Leasing,https://cafef.vn/du-lieu/CTG-2009906/ctg-nghi-quyet-hdqt-thong-qua-hop-dong-han-muc-giao-dich-voi-vietinbank-leasing.chn,cafef
2024-06-06,CTG: Nghị quyết HĐQT phê duyệt phương án phát hành trái phiếu tăng vốn cấp 2 theo hình thức riêng lẻ năm 2024,Ngân hàng Thương mại Cổ phần Công Thương Việt Nam thông báo Nghị quyết HĐQT về việc phê duyệt phương án phát hành trái phiếu tăng vốn cấp 2 theo hình thức riêng lẻ năm 2024,https://cafef.vn/du-lieu/CTG-2003944/ctg-nghi-quyet-hdqt-phe-duyet-phuong-an-phat-hanh-trai-phieu-tang-von-cap-2-theo-hinh-thuc-rieng-le-nam-2024.chn,cafef
2024-05-31,CTG: HĐQT thông qua hợp đồng ủy quyền bán vàng miếng với VietinBank Gold,Ngân hàng Thương mại Cổ phần Công Thương Việt Nam thông báo HĐQT thông qua hợp đồng ủy quyền bán vàng miếng với VietinBank Gold,https://cafef.vn/du-lieu/CTG-2001386/ctg-hdqt-thong-qua-hop-dong-uy-quyen-ban-vang-mieng-voi-vietinbank-gold.chn,cafef
2024-05-31,CTG: HĐQT thông qua hợp đồng triển khai dịch vụ thu hộ qua tài khoản định danh với CTS,Ngân hàng Thương mại Cổ phần Công Thương Việt Nam thông báo HĐQT thông qua hợp đồng triển khai dịch vụ thu hộ qua tài khoản định danh với CTS,https://cafef.vn/du-lieu/CTG-2001388/ctg-hdqt-thong-qua-hop-dong-trien-khai-dich-vu-thu-ho-qua-tai-khoan-dinh-danh-voi-cts.chn,cafef
2024-05-29,CTG: Nghị quyết HĐQT về việc thay đổi địa điểm CN 11 TP. Hồ Chí Minh,Ngân hàng Thương mại Cổ phần Công Thương Việt Nam thông báo Nghị quyết HĐQT về việc thay đổi địa điểm CN 11 TP. Hồ Chí Minh,https://cafef.vn/du-lieu/CTG-1999444/ctg-nghi-quyet-hdqt-ve-viec-thay-doi-dia-diem-cn-11-tp-ho-chi-minh.chn,cafef
2024-05-08,"CTG: Nghị quyết HĐQT thông qua Văn bản sửa đổi, bổ sung Hợp đồng đại lý bảo hiểm với VBI","Ngân hàng Thương mại Cổ phần Công Thương Việt Nam thông báo Nghị quyết HĐQT thông qua Văn bản sửa đổi, bổ sung Hợp đồng đại lý bảo hiểm với VBI",https://cafef.vn/du-lieu/CTG-1989151/ctg-nghi-quyet-hdqt-thong-qua-van-ban-sua-doi-bo-sung-hop-dong-dai-ly-bao-hiem-voi-vbi.chn,cafef
2024-05-02,CTG: Biên bản họp và Nghị quyết ĐHĐCĐ thường niên năm 2024,Ngân hàng Thương mại Cổ phần Công Thương Việt Nam thông báo Biên bản họp và Nghị quyết ĐHĐCĐ thường niên năm 2024,https://cafef.vn/du-lieu/CTG-1986513/ctg-bien-ban-hop-va-nghi-quyet-dhdcd-thuong-nien-nam-2024.chn,cafef
2024-05-02,"CTG: Thông báo cập nhật, bổ sung Tài liệu ĐHĐCĐ thường niên năm 2024","Ngân hàng Thương mại Cổ phần Công Thương Việt Nam thông báo cập nhật, bổ sung Tài liệu ĐHĐCĐ thường niên năm 2024",https://cafef.vn/du-lieu/CTG-1986551/ctg-thong-bao-cap-nhat-bo-sung-tai-lieu-dhdcd-thuong-nien-nam-2024.chn,cafef
2024-04-23,CTG: Thông báo ký hợp đồng kiểm toán BCTC 2024,Ngân hàng Thương mại Cổ phần Công Thương Việt Nam thông báo ký hợp đồng kiểm toán BCTC 2024,https://cafef.vn/du-lieu/CTG-1982019/ctg-thong-bao-ky-hop-dong-kiem-toan-bctc-2024.chn,cafef
2024-04-17,CTG: Quyết định thay đổi địa điểm trụ sở chi nhánh KCN Trảng Bàng,Ngân hàng Thương mại Cổ phần Công Thương Việt Nam công bố Quyết định thay đổi địa điểm trụ sở chi nhánh KCN Trảng Bàng,https://cafef.vn/du-lieu/CTG-1979021/ctg-quyet-dinh-thay-doi-dia-diem-tru-so-chi-nhanh-kcn-trang-bang.chn,cafef
2024-04-05,CTG: Tài liệu họp ĐHĐCĐ thường niên năm 2024 và nhiệm kỳ 2024-2029,Ngân hàng Thương mại Cổ phần Công Thương Việt Nam thông báo tài liệu họp ĐHĐCĐ thường niên năm 2024 và nhiệm kỳ 2024-2029,https://cafef.vn/du-lieu/CTG-1972074/ctg-tai-lieu-hop-dhdcd-thuong-nien-nam-2024-va-nhiem-ky-20242029.chn,cafef
2024-03-22,"CTG: HĐQT thông qua hợp đồng cấp bảo lãnh, hợp đồng thế chấp tài sản và hợp đồng cầm cố giấy tờ có giá với VBI","Ngân hàng Thương mại Cổ phần Công Thương Việt Nam thông báo HĐQT thông qua hợp đồng cấp bảo lãnh, hợp đồng thế chấp tài sản và hợp đồng cầm cố giấy tờ có giá  với VBI",https://cafef.vn/du-lieu/CTG-1964615/ctg-hdqt-thong-qua-hop-dong-cap-bao-lanh-hop-dong-the-chap-tai-san-va-hop-dong-cam-co-giay-to-co-gia-voi-vbi.chn,cafef
2024-03-22,CTG: Quyết định của HĐQT về việc thay đổi địa điểm trụ sở Chi nhánh Lưu Xá,Ngân hàng Thương mại Cổ phần Công Thương Việt Nam thông báo Quyết định của HĐQT về việc thay đổi địa điểm trụ sở Chi nhánh Lưu Xá,https://cafef.vn/du-lieu/CTG-1964685/ctg-quyet-dinh-cua-hdqt-ve-viec-thay-doi-dia-diem-tru-so-chi-nhanh-luu-xa.chn,cafef
2024-03-20,CTG: Nghị quyết HĐQT phê duyệt chủ trương thay đổi địa điểm đặt trụ sở Chi nhánh Lưu Xá,Ngân hàng Thương mại Cổ phần Công Thương Việt Nam thông báo Nghị quyết HĐQT về việc phê duyệt chủ trương thay đổi địa điểm đặt trụ sở Chi nhánh Lưu Xá,https://cafef.vn/du-lieu/CTG-1962925/ctg-nghi-quyet-hdqt-phe-duyet-chu-truong-thay-doi-dia-diem-dat-tru-so-chi-nhanh-luu-xa.chn,cafef
2024-03-15,CTG: Nghị quyết HĐQT phê duyệt chủ trương thay đổi địa điểm trụ sở chi nhánh Tây Thăng Long,Ngân hàng Thương mại Cổ phần Công Thương Việt Nam thông báo Nghị quyết HĐQT về việc phê duyệt chủ trương thay đổi địa điểm trụ sở chi nhánh Tây Thăng Long,https://cafef.vn/du-lieu/CTG-1960437/ctg-nghi-quyet-hdqt-phe-duyet-chu-truong-thay-doi-dia-diem-tru-so-chi-nhanh-tay-thang-long.chn,cafef
2024-03-12,"CTG: 25.3.2024, ngày GDKHQ tham dự ĐHCĐ thường niên năm 2024 và nhiệm kỳ 2024-2029",Sở Giao dịch Chứng khoán Thành phố Hồ Chí Minh thông báo ngày ĐKCC để thực hiện quyền tham dự ĐHCĐ thường niên năm 2024 và nhiệm kỳ 2024-2029 của Ngân hàng Thương mại Cổ phần Công Thương Việt Nam (mã CK:CTG),https://cafef.vn/du-lieu/CTG-1958541/ctg-2532024-ngay-gdkhq-tham-du-dhcd-thuong-nien-nam-2024-va-nhiem-ky-20242029.chn,cafef
2024-03-08,"CTG: Nghị quyết HĐQT phê duyệt chiến lược phát triển giai đoạn 2021-2025, tầm nhìn đến năm 2030","Ngân hàng Thương mại Cổ phần Công Thương Việt Nam thông báo Nghị quyết HĐQT về việc phê duyệt chiến lược phát triển giai đoạn 2021-2025, tầm nhìn đến năm 2030",https://cafef.vn/du-lieu/CTG-1956793/ctg-nghi-quyet-hdqt-phe-duyet-chien-luoc-phat-trien-giai-doan-20212025-tam-nhin-den-nam-2030.chn,cafef
2024-03-07,CTG: HĐQT thông qua hợp đồng hạn mức giao dịch ngoại tệ với Vietinbank Lào,Ngân hàng Thương mại Cổ phần Công Thương Việt Nam công bố HĐQT thông qua hợp đồng hạn mức giao dịch ngoại tệ với Vietinbank Lào,https://cafef.vn/du-lieu/CTG-1956955/ctg-hdqt-thong-qua-hop-dong-han-muc-giao-dich-ngoai-te-voi-vietinbank-lao.chn,cafef
2024-03-07,CTG: Quyết định của TGĐ về việc thay đổi tên Chi nhánh Vân Đồn,Ngân hàng Thương mại Cổ phần Công Thương Việt Nam công bố Quyết định của TGĐ về việc thay đổi tên Chi nhánh Vân Đồn,https://cafef.vn/du-lieu/CTG-1956957/ctg-quyet-dinh-cua-tgd-ve-viec-thay-doi-ten-chi-nhanh-van-don.chn,cafef
2024-03-05,CTG: Nghị quyết HĐQT tổ chức ĐHĐCĐ thường niên 2024,Ngân hàng Thương mại Cổ phần Công Thương Việt Nam thông báo Nghị quyết HĐQT tổ chức ĐHĐCĐ thường niên 2024,https://cafef.vn/du-lieu/CTG-1954781/ctg-nghi-quyet-hdqt-to-chuc-dhdcd-thuong-nien-2024.chn,cafef
2024-02-23,CTG: Nghị quyết HĐQT thông qua phương án phân phối lợi nhuận năm 2022,Ngân hàng Thương mại Cổ phần Công Thương Việt Nam thông báo Nghị quyết HĐQT về việc thông qua phương án phân phối lợi nhuận năm 2022,https://cafef.vn/du-lieu/CTG-1949590/ctg-nghi-quyet-hdqt-thong-qua-phuong-an-phan-phoi-loi-nhuan-nam-2022.chn,cafef
2024-02-01,CTG: HĐQT thông qua văn bản sửa đổi hợp đồng kết nối với Vietinbank Capital,Ngân hàng Thương mại Cổ phần Công Thương Việt Nam thông báo HĐQT thông qua văn bản sửa đổi hợp đồng kết nối với Vietinbank Capital,https://cafef.vn/du-lieu/CTG-1941241/ctg-hdqt-thong-qua-van-ban-sua-doi-hop-dong-ket-noi-voi-vietinbank-capital.chn,cafef
2024-01-31,CTG: Điều chỉnh hồi tố số liệu BCTC kiểm toán năm 2022 theo kiểm toán nhà nước,Ngân hàng Thương mại Cổ phần Công Thương Việt Nam thông báo điều chỉnh hồi tố số liệu BCTC kiểm toán năm 2022 theo kiểm toán nhà nước,https://cafef.vn/du-lieu/CTG-1940349/ctg-dieu-chinh-hoi-to-so-lieu-bctc-kiem-toan-nam-2022-theo-kiem-toan-nha-nuoc.chn,cafef
2024-01-29,"CTG: Báo cáo định kỳ tình hình thanh toán gốc, lãi TPDN phát hành ra công chúng","Ngân hàng Thương mại Cổ phần Công Thương Việt Nam báo cáo định kỳ tình hình thanh toán gốc, lãi TPDN phát hành ra công chúng",https://cafef.vn/du-lieu/CTG-1940311/ctg-bao-cao-dinh-ky-tinh-hinh-thanh-toan-goc-lai-tpdn-phat-hanh-ra-cong-chung.chn,cafef
2024-01-22,CTG: Báo cáo tiến độ sử dụng vốn thu được từ đợt chào bán trái phiếu ra công chúng trong năm 2023,Ngân hàng Thương mại Cổ phần Công Thương Việt Nam báo cáo tiến độ sử dụng vốn thu được từ đợt chào bán trái phiếu ra công chúng trong năm 2023,https://cafef.vn/du-lieu/CTG-1934407/ctg-bao-cao-tien-do-su-dung-von-thu-duoc-tu-dot-chao-ban-trai-phieu-ra-cong-chung-trong-nam-2023.chn,cafef
2024-01-12,CTG: Thông báo của HSX về việc giao dịch cổ phiếu thay đổi đăng ký niêm yết,Ngân hàng Thương mại Cổ phần Công Thương Việt Nam thông báo nhận được Thông báo của HSX về việc giao dịch cổ phiếu thay đổi đăng ký niêm yết,https://cafef.vn/du-lieu/CTG-1929389/ctg-thong-bao-cua-hsx-ve-viec-giao-dich-co-phieu-thay-doi-dang-ky-niem-yet.chn,cafef
2024-01-11,CTG: Thông báo thay đổi giấy chứng nhận ĐKDN lần thứ 13,Ngân hàng Thương mại Cổ phần Công Thương Việt Nam thông báo thay đổi giấy chứng nhận ĐKDN lần thứ 13,https://cafef.vn/du-lieu/CTG-1929207/ctg-thong-bao-thay-doi-giay-chung-nhan-dkdn-lan-thu-13.chn,cafef
2024-01-10,CTG: Quyết định của NHNNVN về việc sửa đổi nội dung vốn điều lệ tại Giấy phép hoạt động của CTG,Ngân hàng Thương mại Cổ phần Công Thương Việt Nam thông báo Quyết định của NHNNVN về việc sửa đổi nội dung vốn điều lệ tại Giấy phép hoạt động của CTG,https://cafef.vn/du-lieu/CTG-1928613/ctg-quyet-dinh-cua-nhnnvn-ve-viec-sua-doi-noi-dung-von-dieu-le-tai-giay-phep-hoat-dong-cua-ctg.chn,cafef
2024-01-09,CTG: Quyết định của TGĐ về việc thay đổi địa điểm trụ sở Chi nhánh Sầm Sơn,Ngân hàng Thương mại Cổ phần Công Thương Việt Nam thông báo Quyết định của TGĐ về việc thay đổi địa điểm trụ sở Chi nhánh Sầm Sơn,https://cafef.vn/du-lieu/CTG-1928069/ctg-quyet-dinh-cua-tgd-ve-viec-thay-doi-dia-diem-tru-so-chi-nhanh-sam-son.chn,cafef
2024-01-05,CTG: CBTT ngày giao dịch đầu tiên trái phiếu niêm yết tại HNX,Ngân hàng Thương mại Cổ phần Công Thương Việt Nam thông báo ngày giao dịch đầu tiên trái phiếu niêm yết tại HNX,https://cafef.vn/du-lieu/CTG-1926182/ctg-cbtt-ngay-giao-dich-dau-tien-trai-phieu-niem-yet-tai-hnx.chn,cafef
2024-01-03,CTG: Quyết định của HOSE về việc thay đổi niêm yết cổ phiếu,Ngân hàng Thương mại Cổ phần Công Thương Việt Nam thông báo nhận được quyết định của HOSE về việc thay đổi niêm yết cổ phiếu,https://cafef.vn/du-lieu/CTG-1924794/ctg-quyet-dinh-cua-hose-ve-viec-thay-doi-niem-yet-co-phieu.chn,cafef
2024-01-02,CTG: CBTT nhận được Quyết định của HNX về việc chấp thuận niêm yết trái phiếu VietinBank,Ngân hàng Thương mại Cổ phần Công Thương Việt Nam thông báo nhận được Quyết định của HNX về việc chấp thuận niêm yết trái phiếu VietinBank,https://cafef.vn/du-lieu/CTG-1924482/ctg-cbtt-nhan-duoc-quyet-dinh-cua-hnx-ve-viec-chap-thuan-niem-yet-trai-phieu-vietinbank.chn,cafef
2024-01-02,CTG123033: CBTT nhận được Quyết định của HNX về việc chấp thuận niêm yết trái phiếu VietinBank,Ngân hàng Thương mại Cổ phần Công Thương Việt Nam thông báo nhận được Quyết định của HNX về việc chấp thuận niêm yết trái phiếu VietinBank,https://cafef.vn/du-lieu/CTG-1924484/ctg123033-cbtt-nhan-duoc-quyet-dinh-cua-hnx-ve-viec-chap-thuan-niem-yet-trai-phieu-vietinbank.chn,cafef
2023-12-29,CTG: Nghị quyết HĐQT về việc thay đổi địa điểm đặt trụ sở chi nhánh Sầm Sơn,Ngân hàng Thương mại Cổ phần Công Thương Việt Nam thông báo Nghị quyết HĐQT về việc thay đổi địa điểm đặt trụ sở chi nhánh Sầm Sơn,https://cafef.vn/du-lieu/CTG-1923831/ctg-nghi-quyet-hdqt-ve-viec-thay-doi-dia-diem-dat-tru-so-chi-nhanh-sam-son.chn,cafef
2023-12-27,CTG: Nghị quyết HĐQT thông qua giao dịch với VBI,Ngân hàng Thương mại Cổ phần Công Thương Việt Nam thông báo Nghị quyết HĐQT thông qua giao dịch với VBI,https://cafef.vn/du-lieu/CTG-1921559/ctg-nghi-quyet-hdqt-thong-qua-giao-dich-voi-vbi.chn,cafef
2023-12-25,CTG: Nghị quyết HĐQT thông qua nội dung sửa đổi và ban hành điều lệ,Ngân hàng Thương mại Cổ phần Công Thương Việt Nam thông báo Nghị quyết HĐQT về việc thông qua nội dung sửa và ban hành điều lệ,https://cafef.vn/du-lieu/CTG-1919288/ctg-nghi-quyet-hdqt-thong-qua-noi-dung-sua-doi-va-ban-hanh-dieu-le.chn,cafef
2023-12-19,CTG: CBTT nhận được công văn của UBCK về báo cáo kết quả phát hành cổ phiếu để trả cổ tức,Ngân hàng Thương mại Cổ phần Công Thương Việt Nam thông báo nhận được công văn của UBCK về báo cáo kết quả phát hành cổ phiếu để trả cổ tức,https://cafef.vn/du-lieu/CTG-1916693/ctg-cbtt-nhan-duoc-cong-van-cua-ubck-ve-bao-cao-ket-qua-phat-hanh-co-phieu-de-tra-co-tuc.chn,cafef
2023-12-04,CTG: Quyết định TGĐ về việc thay đổi tên gọi chi nhánh Bãi Cháy,Ngân hàng Thương mại Cổ phần Công Thương Việt Nam thông báo Quyết định TGĐ về việc thay đổi tên gọi chi nhánh Bãi Cháy,https://cafef.vn/du-lieu/CTG-1909469/ctg-quyet-dinh-tgd-ve-viec-thay-doi-ten-goi-chi-nhanh-bai-chay.chn,cafef
2023-12-01,CTG: Nghị quyết HĐQT phê duyệt chủ trương thay đổi địa điểm Chi nhánh KCN Trảng Bàng,Ngân hàng Thương mại Cổ phần Công Thương Việt Nam thông báo Nghị quyết HĐQT phê duyệt chủ trương thay đổi địa điểm CN KCN Trảng Bàng,https://cafef.vn/du-lieu/CTG-1907899/ctg-nghi-quyet-hdqt-phe-duyet-chu-truong-thay-doi-dia-diem-chi-nhanh-kcn-trang-bang.chn,cafef
2023-11-30,CTG: HĐQT thông qua hợp đồng bảo hiểm sức khỏe VBI Care với VBI,Ngân hàng Thương mại Cổ phần Công Thương Việt Nam thông báo HĐQT thông qua hợp đồng bảo hiểm sức khỏe VBI Care với VBI,https://cafef.vn/du-lieu/CTG-1904755/ctg-hdqt-thong-qua-hop-dong-bao-hiem-suc-khoe-vbi-care-voi-vbi.chn,cafef
2023-11-30,CTG: HĐQT thông qua hợp đồng bảo hiểm ATM với VBI,Ngân hàng Thương mại Cổ phần Công Thương Việt Nam thông báo HĐQT thông qua hợp đồng bảo hiểm ATM với VBI,https://cafef.vn/du-lieu/CTG-1904761/ctg-hdqt-thong-qua-hop-dong-bao-hiem-atm-voi-vbi.chn,cafef
2023-11-21,CTG: Nghị quyết HĐQT thông qua giao dịch với Công ty con,Ngân hàng Thương mại Cổ phần Công Thương Việt Nam thông báo Nghị quyết HĐQT thông qua giao dịch với Công ty con,https://cafef.vn/du-lieu/CTG-1891507/ctg-nghi-quyet-hdqt-thong-qua-giao-dich-voi-cong-ty-con.chn,cafef
2023-11-20,CTG: Thông báo phát hành cổ phiếu để trả cổ tức,Ngân hàng Thương mại Cổ phần Công Thương Việt Nam thông báo phát hành cổ phiếu để trả cổ tức,https://cafef.vn/du-lieu/CTG-1890052/ctg-thong-bao-phat-hanh-co-phieu-de-tra-co-tuc.chn,cafef
2023-11-20,CTG: Nghị quyết HĐQT về việc phê duyệt ngày ĐKCC phát hành cổ phiếu để trả cổ tức,Ngân hàng Thương mại Cổ phần Công Thương Việt Nam thông báo Nghị quyết HĐQT về việc phê duyệt ngày ĐKCC phát hành cổ phiếu để trả cổ tức,https://cafef.vn/du-lieu/CTG-1890244/ctg-nghi-quyet-hdqt-ve-viec-phe-duyet-ngay-dkcc-phat-hanh-co-phieu-de-tra-co-tuc.chn,cafef
2023-11-13,CTG: Thông báo công văn của UBCKNN về tài liệu báo cáo phát hành cổ phiếu để trả cổ tức của CTG,Ngân hàng Thương mại Cổ phần Công Thương Việt Nam thông báo công văn của UBCKNN về tài liệu báo cáo phát hành cổ phiếu để trả cổ tức của CTG,https://cafef.vn/du-lieu/CTG-1884781/ctg-thong-bao-cong-van-cua-ubcknn-ve-tai-lieu-bao-cao-phat-hanh-co-phieu-de-tra-co-tuc-cua-ctg.chn,cafef
2023-11-10,CTG: Nghị quyết HĐQT phê duyệt chủ trương thay đổi tên gọi CN Vân Đồn,Ngân hàng Thương mại Cổ phần Công Thương Việt Nam thông báo Nghị quyết HĐQT thay đổi tên gọi CN Vân Đồn,https://cafef.vn/du-lieu/CTG-1884136/ctg-nghi-quyet-hdqt-phe-duyet-chu-truong-thay-doi-ten-goi-cn-van-don.chn,cafef
2023-11-07,CTG: Quyết định của NHNN về việc bổ sung nội dung vào Giấy phép thành lập và hoạt động,Ngân hàng Thương mại Cổ phần Công Thương Việt Nam thông báo nhận được Quyết định của NHNN về việc bổ sung nội dung vào Giấy phép thành lập và hoạt động,https://cafef.vn/du-lieu/CTG-1878676/ctg-quyet-dinh-cua-nhnn-ve-viec-bo-sung-noi-dung-vao-giay-phep-thanh-lap-va-hoat-dong.chn,cafef
2023-11-03,CTG: Báo cáo kết quả đợt chào bán trái phiếu ra công chúng (đợt 2),Ngân hàng Thương mại Cổ phần Công Thương Việt Nam công bố báo cáo kết quả đợt chào bán trái phiếu ra công chúng (đợt 2),https://cafef.vn/du-lieu/CTG-1873258/ctg-bao-cao-ket-qua-dot-chao-ban-trai-phieu-ra-cong-chung-dot-2.chn,cafef
2023-10-31,"Top 20 doanh nghiệp lãi lớn nhất thị trường: Ngỡ như “sân chơi riêng” của ngân hàng, gần nửa báo lãi sụt giảm, 1 đơn vị tăng trưởng 600%","Lợi nhuận trước thuế của Vinhomes quý 3/2023 đạt 14.206 tỷ đồng, giảm 26% so với năm trước.",https://cafef.vn/top-20-doanh-nghiep-lai-lon-nhat-thi-truong-ngo-nhu-san-choi-rieng-cua-ngan-hang-gan-nua-bao-lai-sut-giam-1-don-vi-tang-truong-600-188231031112514349.chn,cafef
2023-10-24,CTG: Thông báo ngày giao dịch đầu tiên trái phiếu,Ngân hàng Thương mại Cổ phần Công Thương Việt Nam thông báo ngày giao dịch đầu tiên trái phiếu,https://cafef.vn/du-lieu/CTG-1859419/ctg-thong-bao-ngay-giao-dich-dau-tien-trai-phieu.chn,cafef
2023-10-23,CTG: Quyết định của Sở Giao dịch Chứng khoán Hà Nội về việc chấp thuận cho CTG được niêm yết trái phiếu,Ngân hàng Thương mại Cổ phần Công Thương Việt Nam thông báo Quyết định của Sở Giao dịch Chứng khoán Hà Nội về việc chấp thuận cho CTG được niêm yết trái phiếu,https://cafef.vn/du-lieu/CTG-1857382/ctg-quyet-dinh-cua-so-giao-dich-chung-khoan-ha-noi-ve-viec-chap-thuan-cho-ctg-duoc-niem-yet-trai-phieu.chn,cafef
2023-10-19,CTG: Quyết định của TGĐ về việc thay đổi địa điểm trụ sở Chi nhánh Cao Bằng,Ngân hàng Thương mại Cổ phần Công Thương Việt Nam thông báo Quyết định của TGĐ về việc thay đổi địa điểm trụ sở Chi nhánh Cao Bằng,https://cafef.vn/du-lieu/CTG-1852729/ctg-quyet-dinh-cua-tgd-ve-viec-thay-doi-dia-diem-tru-so-chi-nhanh-cao-bang.chn,cafef
2023-10-12,CTG: Nghị quyết HĐQT phê duyệt phương án tăng vốn điều lệ,Ngân hàng Thương mại Cổ phần Công Thương Việt Nam thông báo Nghị quyết HĐQT phê duyệt phương án tăng vốn điều lệ,https://cafef.vn/du-lieu/CTG-1842931/ctg-nghi-quyet-hdqt-phe-duyet-phuong-an-tang-von-dieu-le.chn,cafef
2023-10-05,CTG: Thông báo công văn của NHNN về việc chấp thuận cho CTG tăng vốn điều lệ,Ngân hàng Thương mại Cổ phần Công Thương Việt Nam thông báo công văn của NHNN về việc chấp thuận cho CTG tăng vốn điều lệ,https://cafef.vn/du-lieu/CTG-1830479/ctg-thong-bao-cong-van-cua-nhnn-ve-viec-chap-thuan-cho-ctg-tang-von-dieu-le.chn,cafef
2023-10-05,CTG: Thông báo phát hành và cập nhật bản cáo bạch chào bán trái phiếu ra công chúng đợt 2,Ngân hàng Thương mại Cổ phần Công Thương Việt Nam thông báo phát hành và cập nhật bản cáo bạch chào bán trái phiếu ra công chúng đợt 2,https://cafef.vn/du-lieu/CTG-1830482/ctg-thong-bao-phat-hanh-va-cap-nhat-ban-cao-bach-chao-ban-trai-phieu-ra-cong-chung-dot-2.chn,cafef
2023-10-02,"CTG: Nghị quyết HĐQT phê duyệt, công bố các chỉ tiêu kế hoạch tài chính năm 2023","Ngân hàng Thương mại Cổ phần Công Thương Việt Nam thông báo Nghị quyết HĐQT về việc phê duyệt, công bố các chỉ tiêu kế hoạch tài chính năm 2023",https://cafef.vn/du-lieu/CTG-1826468/ctg-nghi-quyet-hdqt-phe-duyet-cong-bo-cac-chi-tieu-ke-hoach-tai-chinh-nam-2023.chn,cafef
2023-09-26,CTG: CBTT Nghị quyết HĐQT phê duyệt đổi tên CN Bãi Cháy,Ngân hàng Thương mại Cổ phần Công Thương Việt Nam thông báo Nghị quyết HĐQT phê duyệt đổi tên CN Bãi Cháy như sau,https://cafef.vn/du-lieu/CTG-1819186/ctg-cbtt-nghi-quyet-hdqt-phe-duyet-doi-ten-cn-bai-chay.chn,cafef
2023-09-15,CTG: Quyết định v/v thay đổi địa điểm Chi nhánh Tuyên Quang,Ngân hàng Thương mại Cổ phần Công Thương Việt Nam thông báo Quyết định về việc thay đổi địa điểm Chi nhánh Tuyên Quang như sau,https://cafef.vn/du-lieu/CTG-1805329/ctg-quyet-dinh-vv-thay-doi-dia-diem-chi-nhanh-tuyen-quang.chn,cafef
2023-09-14,CTG: Nghị quyết HĐQT thông qua hợp đồng dịch vụ quản lý khoản phải thu,Ngân hàng Thương mại Cổ phần Công Thương Việt Nam thông báo Nghị quyết HĐQT thông qua hợp đồng dịch vụ quản lý khoản phải thu như sau,https://cafef.vn/du-lieu/CTG-1803045/ctg-nghi-quyet-hdqt-thong-qua-hop-dong-dich-vu-quan-ly-khoan-phai-thu.chn,cafef
2023-09-06,CTG: Giấy chứng nhận đăng ký trái phiếu chào bán ra công chúng đợt 1,Ngân hàng Thương mại Cổ phần Công Thương Việt Nam công bố Giấy chứng nhận đăng ký trái phiếu chào bán ra công chúng đợt 1 như sau,https://cafef.vn/du-lieu/CTG-1792023/ctg-giay-chung-nhan-dang-ky-trai-phieu-chao-ban-ra-cong-chung-dot-1.chn,cafef
2023-09-06,CTG: CBTT Nghị quyết HĐQT thông qua các hợp đồng hạn mức giao dịch trên thị trường liên ngân hàng,Ngân hàng Thương mại Cổ phần Công Thương Việt Nam thông báo Nghị quyết HĐQT thông qua các hợp đồng hạn mức giao dịch trên thị trường liên ngân hàng như sau,https://cafef.vn/du-lieu/CTG-1793040/ctg-cbtt-nghi-quyet-hdqt-thong-qua-cac-hop-dong-han-muc-giao-dich-tren-thi-truong-lien-ngan-hang.chn,cafef
2023-08-29,CTG: HĐQT thông qua hợp đồng khung tiền gửi bằng VND với ngân hàng MUFG - Chi nhánh TP.HCM,Ngân hàng Thương mại Cổ phần Công Thương Việt Nam công bố HĐQT thông qua hợp đồng khung tiền gửi bằng VND với ngân hàng MUFG - Chi nhánh TP.HCM như sau,https://cafef.vn/du-lieu/CTG-1783150/ctg-hdqt-thong-qua-hop-dong-khung-tien-gui-bang-vnd-voi-ngan-hang-mufg-chi-nhanh-tphcm.chn,cafef
2023-08-28,CTG: Nghị quyết HĐQT v/v phê duyệt phương án tăng vốn điều lệ,Ngân hàng Thương mại Cổ phần Công Thương Việt Nam thông báo Nghị quyết HĐQT về việc phê duyệt phương án tăng vốn điều lệ như sau,https://cafef.vn/du-lieu/CTG-1782751/ctg-nghi-quyet-hdqt-vv-phe-duyet-phuong-an-tang-von-dieu-le.chn,cafef
2023-08-25,CTG: HĐQT thông qua các hợp đồng thế chấp tài sản giữa Vietinbank với VBI,Ngân hàng Thương mại Cổ phần Công Thương Việt Nam thông báo HĐQT thông qua các hợp đồng thế chấp tài sản giữa Vietinbank với VBI như sau,https://cafef.vn/du-lieu/CTG-1778915/ctg-hdqt-thong-qua-cac-hop-dong-the-chap-tai-san-giua-vietinbank-voi-vbi.chn,cafef
2023-08-23,CTG: CBTT HĐQT thông qua Hợp đồng bảo hiểm tiền giữa VietinBank với VBI,Ngân hàng Thương mại Cổ phần Công Thương Việt Nam thông báo HĐQT thông qua Hợp đồng bảo hiểm tiền giữa VietinBank với VBI như sau,https://cafef.vn/du-lieu/CTG-1776065/ctg-cbtt-hdqt-thong-qua-hop-dong-bao-hiem-tien-giua-vietinbank-voi-vbi.chn,cafef
2023-08-18,"CTG: HĐQT nhất trí thông qua văn bản sửa đổi, bổ sung hợp đồng đại lý bảo hiểm với VBI","Ngân hàng Thương mại Cổ phần Công Thương Việt Nam thông báo HĐQT nhất trí thông qua văn bản sửa đổi, bổ sung hợp đồng đại lý bảo hiểm với VBI như sau",https://cafef.vn/du-lieu/CTG-1768937/ctg-hdqt-nhat-tri-thong-qua-van-ban-sua-doi-bo-sung-hop-dong-dai-ly-bao-hiem-voi-vbi.chn,cafef
2023-08-09,"CTG: HĐQT thông qua văn bản sửa đổi, bổ sung hợp đồng cấp bảo lãnh giữa Vietinbank với VBI","Ngân hàng Thương mại Cổ phần Công Thương Việt Nam thông báo HĐQT thông qua văn bản sửa đổi, bổ sung hợp đồng cấp bảo lãnh giữa Vietinbank với VBI như sau",https://cafef.vn/du-lieu/CTG-1757792/ctg-hdqt-thong-qua-van-ban-sua-doi-bo-sung-hop-dong-cap-bao-lanh-giua-vietinbank-voi-vbi.chn,cafef
2023-08-09,CTG: HĐQT thông qua hợp đồng thế chấp với Vietinbank Leasing,Ngân hàng Thương mại Cổ phần Công Thương Việt Nam thông báo HĐQT thông qua hợp đồng thế chấp với Vietinbank Leasing như sau,https://cafef.vn/du-lieu/CTG-1757800/ctg-hdqt-thong-qua-hop-dong-the-chap-voi-vietinbank-leasing.chn,cafef
2023-08-01,CTG: Quyết định v/v thay đổi địa điểm trụ sở Chi nhánh Sầm Sơn,Ngân hàng Thương mại Cổ phần Công Thương Việt Nam công bố Quyết định về việc thay đổi địa điểm trụ sở Chi nhánh Sầm Sơn như sau,https://cafef.vn/du-lieu/CTG-782848/ctg-quyet-dinh-vv-thay-doi-dia-diem-tru-so-chi-nhanh-sam-son.chn,cafef
2023-07-27,CTG: Báo cáo tình hình quản trị công ty 6 tháng đầu năm 2023,Ngân hàng Thương mại Cổ phần Công Thương Việt Nam công bố Báo cáo tình hình quản trị công ty 6 tháng đầu năm 2023 như sau,https://cafef.vn/du-lieu/CTG-777562/ctg-bao-cao-tinh-hinh-quan-tri-cong-ty-6-thang-dau-nam-2023.chn,cafef
2023-07-25,CTG: Báo cáo kết quả đợt chào bán trái phiếu ra công chúng đợt 1,Ngân hàng Thương mại Cổ phần Công Thương Việt Nam công bố báo cáo kết quả đợt chào bán trái phiếu ra công chúng đợt 1 như sau,https://cafef.vn/du-lieu/CTG-773734/ctg-bao-cao-ket-qua-dot-chao-ban-trai-phieu-ra-cong-chung-dot-1.chn,cafef
2023-07-21,"CTG: Báo cáo định kỳ tình hình thanh toán gốc, lãi TPDN phát hành ra công chúng","Ngân hàng Thương mại Cổ phần Công Thương Việt Nam công bố Báo cáo định kỳ tình hình thanh toán gốc, lãi TPDN phát hành ra công chúng như sau",https://cafef.vn/du-lieu/CTG-770133/ctg-bao-cao-dinh-ky-tinh-hinh-thanh-toan-goc-lai-tpdn-phat-hanh-ra-cong-chung.chn,cafef
2023-06-30,CTG: HĐQT thông qua hợp đồng bảo hiểm BBB & ECC với VBI,Ngân hàng Thương mại Cổ phần Công Thương Việt Nam thông báo HĐQT thông qua hợp đồng bảo hiểm BBB & ECC với VBI như sau,https://cafef.vn/du-lieu/CTG-533613/ctg-hdqt-thong-qua-hop-dong-bao-hiem-bbb--ecc-voi-vbi.chn,cafef
2023-06-30,CTG121030: HĐQT thông qua Hợp đồng bảo hiểm BBB&ECC với VBI,HĐQT thông qua Hợp đồng bảo hiểm BBB&ECC với VBI,https://cafef.vn/du-lieu/CTG-536580/ctg121030-hdqt-thong-qua-hop-dong-bao-hiem-bbbecc-voi-vbi.chn,cafef
2023-06-30,CTG121030: HĐQT phê duyệt chủ trương thay đổi địa điểm đặt trụ sở một số Chi nhánh của VietinBank,HĐQT phê duyệt chủ trương thay đổi địa điểm đặt trụ sở một số Chi nhánh của VietinBank,https://cafef.vn/du-lieu/CTG-537499/ctg121030-hdqt-phe-duyet-chu-truong-thay-doi-dia-diem-dat-tru-so-mot-so-chi-nhanh-cua-vietinbank.chn,cafef
2023-06-28,CTG121030: Hợp đồng hạn mức giao dịch liên ngân hàng với VietinBank Leasing,Hợp đồng hạn mức giao dịch liên ngân hàng với VietinBank Leasing,https://cafef.vn/du-lieu/CTG-544777/ctg121030-hop-dong-han-muc-giao-dich-lien-ngan-hang-voi-vietinbank-leasing.chn,cafef
2023-06-28,CTG: HĐQT phê duyệt chủ trương thay đổi địa điểm trụ sở một số chi nhánh,Ngân hàng Thương mại Cổ phần Công Thương Việt Nam thông báo HĐQT phê duyệt chủ trương thay đổi địa điểm trụ sở một số chi nhánh  như sau,https://cafef.vn/du-lieu/CTG-530658/ctg-hdqt-phe-duyet-chu-truong-thay-doi-dia-diem-tru-so-mot-so-chi-nhanh.chn,cafef
2023-06-28,CTG121030: Hợp đồng hạn mức giao dịch liên ngân hàng với VietinBank Leasing,Hợp đồng hạn mức giao dịch liên ngân hàng với VietinBank Leasing,https://cafef.vn/du-lieu/CTG-531097/ctg121030-hop-dong-han-muc-giao-dich-lien-ngan-hang-voi-vietinbank-leasing.chn,cafef
2023-06-27,CTG: HĐQT thông qua hợp đồng hạn mức giao dịch liên ngân hàng với Vietinbank Leasing,Ngân hàng Thương mại Cổ phần Công Thương Việt Nam thông báo HĐQT thông qua hợp đồng hạn mức giao dịch liên ngân hàng với Vietinbank Leasing như sau,https://cafef.vn/du-lieu/CTG-530883/ctg-hdqt-thong-qua-hop-dong-han-muc-giao-dich-lien-ngan-hang-voi-vietinbank-leasing.chn,cafef
2023-06-23,CTG121030: Quyết định của PTGĐ phụ trách BĐH về việc thay đổi tên gọi và địa điểm VietinBank - Chi nhánh Tây Đô,Quyết định của PTGĐ phụ trách BĐH về việc thay đổi tên gọi và địa điểm VietinBank - Chi nhánh Tây Đô,https://cafef.vn/du-lieu/CTG-527840/ctg121030-quyet-dinh-cua-ptgd-phu-trach-bdh-ve-viec-thay-doi-ten-goi-va-dia-diem-vietinbank-chi-nhanh-tay-do.chn,cafef
2023-06-22,CTG: Quyết định của HĐQT v/v thay đổi tên gọi và địa điểm Chi nhánh Tây Đô,&nbsp;Ng&acirc;n h&agrave;ng Thương mại Cổ phần C&ocirc;ng Thương Việt Nam&nbsp;th&ocirc;ng b&aacute;o&nbsp;Quyết định của HĐQT về việc thay đổi t&ecirc;n gọi v&agrave; địa điểm Chi nh&aacute;nh T&acirc;y Đ&ocirc; như sau:,https://cafef.vn/du-lieu/CTG-527528/ctg-quyet-dinh-cua-hdqt-vv-thay-doi-ten-goi-va-dia-diem-chi-nhanh-tay-do.chn,cafef
2023-06-16,CTG121030: Quyết định của PTGĐ phụ trách BĐH về việc thay đổi tên gọi VietinBank – Chi nhánh Sông Công,CBTT Quyết định của PTGĐ phụ trách BĐH về việc thay đổi tên gọi VietinBank – Chi nhánh Sông Công,https://cafef.vn/du-lieu/CTG-214082/ctg121030-quyet-dinh-cua-ptgd-phu-trach-bdh-ve-viec-thay-doi-ten-goi-vietinbank-chi-nhanh-song-cong.chn,cafef
2023-06-16,CTG121030: Quyết định của PTGĐ phụ trách BĐH về việc thay đổi tên gọi VietinBank – Chi nhánh Sông Công,CBTT Quyết định của PTGĐ phụ trách BĐH về việc thay đổi tên gọi VietinBank – Chi nhánh Sông Công,https://cafef.vn/du-lieu/CTG-214088/ctg121030-quyet-dinh-cua-ptgd-phu-trach-bdh-ve-viec-thay-doi-ten-goi-vietinbank-chi-nhanh-song-cong.chn,cafef
2023-06-14,CTG: Quyết định của HĐQT v/v thay đổi tên gọi Chi nhánh Sông Công,Ng&acirc;n h&agrave;ng Thương mại Cổ phần C&ocirc;ng Thương Việt Nam&nbsp;th&ocirc;ng b&aacute;o Quyết định của HĐQT về việc thay đổi t&ecirc;n gọi Chi nh&aacute;nh S&ocirc;ng C&ocirc;ng&nbsp;như sau:,https://cafef.vn/du-lieu/CTG-215021/ctg-quyet-dinh-cua-hdqt-vv-thay-doi-ten-goi-chi-nhanh-song-cong.chn,cafef
2023-06-12,CTG121030: Nghị quyết HĐQT phê duyệt phương án tổng thể phát hành trái phiếu,CBTT Nghị quyết HĐQT phê duyệt phương án tổng thể phát hành trái phiếu,https://cafef.vn/du-lieu/CTG-216695/ctg121030-nghi-quyet-hdqt-phe-duyet-phuong-an-tong-the-phat-hanh-trai-phieu.chn,cafef
2023-06-07,CTG121030: Quyết định số 586/QĐ-HĐQT-NHCT-NS2,Quyết định số 586/QĐ-HĐQT-NHCT-NS2,https://cafef.vn/du-lieu/CTG-219068/ctg121030-quyet-dinh-so-586qdhdqtnhctns2.chn,cafef
2023-06-06,CTG121030: CBTT phát hành trái phiếu ra công chúng Đợt 1 (theo Giấy chứng nhận đăng ký chào bán trái phiếu ra công chúng số 91/GCN-UBCKNN ngày 29/5/2023),Công bố thông tin phát hành trái phiếu ra công chúng Đợt 1 (theo Giấy chứng nhận đăng ký chào bán trái phiếu ra công chúng số 91/GCN-UBCKNN ngày 29/5/2023),https://cafef.vn/du-lieu/CTG-219638/ctg121030-cbtt-phat-hanh-trai-phieu-ra-cong-chung-dot-1-theo-giay-chung-nhan-dang-ky-chao-ban-trai-phieu-ra-cong-chung-so-91gcnubcknn-ngay-2952023.chn,cafef
2023-06-06,CTG121030: Nghị quyết Hội đồng quản trị,Nghị quyết Hội đồng quản trị,https://cafef.vn/du-lieu/CTG-219647/ctg121030-nghi-quyet-hoi-dong-quan-tri.chn,cafef
2023-06-06,CTG: Phát hành và Bản cáo bạch chào bán trái phiếu ra công chúng,Ng&acirc;n h&agrave;ng Thương mại Cổ phần C&ocirc;ng Thương Việt Nam&nbsp;c&ocirc;ng bố th&ocirc;ng b&aacute;o&nbsp;ph&aacute;t h&agrave;nh v&agrave; Bản c&aacute;o bạch ch&agrave;o b&aacute;n tr&aacute;i phiếu ra c&ocirc;ng ch&uacute;ng như sau:,https://cafef.vn/du-lieu/CTG-219827/ctg-phat-hanh-va-ban-cao-bach-chao-ban-trai-phieu-ra-cong-chung.chn,cafef
2023-06-05,CTG121030: Nghị quyết HĐQT phê duyệt phương án tổng thể phát hành trái phiếu tăng vốn cấp 2 (trái phiếu thứ cấp) theo hình thức riêng lẻ năm 2023 của VietinBank,CBTT Nghị quyết HĐQT phê duyệt phương án tổng thể phát hành trái phiếu tăng vốn cấp 2 (trái phiếu thứ cấp) theo hình thức riêng lẻ năm 2023 của VietinBank,https://cafef.vn/du-lieu/CTG-220778/ctg121030-nghi-quyet-hdqt-phe-duyet-phuong-an-tong-the-phat-hanh-trai-phieu-tang-von-cap-2-trai-phieu-thu-cap-theo-hinh-thuc-rieng-le-nam-2023-cua-vietinbank.chn,cafef
2023-06-05,CTG121030: Giấy chứng nhận đăng ký chào bán trái phiếu ra công chúng,CBTT Giấy chứng nhận đăng ký chào bán trái phiếu ra công chúng,https://cafef.vn/du-lieu/CTG-220787/ctg121030-giay-chung-nhan-dang-ky-chao-ban-trai-phieu-ra-cong-chung.chn,cafef
2023-06-01,CTG: Nghị quyết HĐQT phê duyệt phương án tổng thể phát hành trái phiếu tăng vốn cấp 2,Ng&acirc;n h&agrave;ng Thương mại Cổ phần C&ocirc;ng Thương Việt Nam&nbsp;th&ocirc;ng b&aacute;o Nghị quyết HĐQT ph&ecirc; duyệt phương &aacute;n tổng thể ph&aacute;t h&agrave;nh tr&aacute;i phiếu tăng vốn cấp 2 theo h&igrave;nh thức ri&ecirc;ng lẻ năm 2023 như sau:,https://cafef.vn/du-lieu/CTG-221795/ctg-nghi-quyet-hdqt-phe-duyet-phuong-an-tong-the-phat-hanh-trai-phieu-tang-von-cap-2.chn,cafef
2023-05-31,CTG: Giấy chứng nhận đăng ký chào bán trái phiếu ra công chúng,Ng&acirc;n h&agrave;ng Thương mại Cổ phần C&ocirc;ng Thương Việt Nam&nbsp;c&ocirc;ng bố&nbsp;Giấy chứng nhận đăng k&yacute; ch&agrave;o b&aacute;n tr&aacute;i phiếu ra c&ocirc;ng ch&uacute;ng như sau:,https://cafef.vn/du-lieu/CTG-223277/ctg-giay-chung-nhan-dang-ky-chao-ban-trai-phieu-ra-cong-chung.chn,cafef
2023-05-19,CTG121030: CBTT HĐQT thông qua Hợp đại lý bảo hiểm giữa VietinBank với VBI,CBTT HĐQT thông qua Hợp đại lý bảo hiểm giữa VietinBank với VBI,https://cafef.vn/du-lieu/CTG-230276/ctg121030-cbtt-hdqt-thong-qua-hop-dai-ly-bao-hiem-giua-vietinbank-voi-vbi.chn,cafef
2023-05-19,CTG: Nghị quyết HĐQT thông qua hợp đồng đại lý bảo hiểm giữa VietinBank và VPI,Ng&acirc;n h&agrave;ng Thương mại Cổ phần C&ocirc;ng Thương Việt Nam&nbsp;th&ocirc;ng b&aacute;o Nghị quyết HĐQT th&ocirc;ng qua hợp đồng đại l&yacute; bảo hiểm giữa VietinBank v&agrave; VPI như sau:,https://cafef.vn/du-lieu/CTG-230288/ctg-nghi-quyet-hdqt-thong-qua-hop-dong-dai-ly-bao-hiem-giua-vietinbank-va-vpi.chn,cafef
2023-05-08,CTG121030: CBTT Quyết định thay đổi địa điểm trụ sở VietinBank - Chi nhánh Bạc Liêu,CBTT Quyết định thay đổi địa điểm trụ sở VietinBank - Chi nhánh Bạc Liêu,https://cafef.vn/du-lieu/CTG-237875/ctg121030-cbtt-quyet-dinh-thay-doi-dia-diem-tru-so-vietinbank-chi-nhanh-bac-lieu.chn,cafef
2023-05-05,CTG: Quyết định thay đổi địa điểm trụ sở CN Bạc Liêu,Ng&acirc;n h&agrave;ng Thương mại Cổ phần C&ocirc;ng Thương Việt Nam th&ocirc;ng b&aacute;o quyết định thay đổi địa điểm trụ sở CN Bạc Li&ecirc;u như sau:,https://cafef.vn/du-lieu/CTG-239078/ctg-quyet-dinh-thay-doi-dia-diem-tru-so-cn-bac-lieu.chn,cafef
2023-05-01,"VietinBank lãi gần 6.000 tỷ trong quý 1, hệ số CIR tiếp tục giảm và nằm trong nhóm thấp nhất hệ thống","Theo báo cáo tài chính hợp nhất quý 1/2023, lợi nhuận trước thuế của Ngân hàng TMCP Công Thương (VietinBank – CTG) đạt 5.980 tỷ đồng, tăng 2,7% so với quý 1/2022.",https://cafef.vn/vietinbank-lai-gan-6000-ty-trong-quy-1-he-so-cir-tiep-tuc-giam-va-nam-trong-nhom-thap-nhat-he-thong-188230501190851763.chn,cafef
2023-04-28,"CTG121030: HĐQT phê duyệt chủ trương thay đổi tên gọi, địa điểm đặt trụ sở một số Chi nhánh của VietinBank","CBTT HĐQT phê duyệt chủ trương thay đổi tên gọi, địa điểm đặt trụ sở một số Chi nhánh của VietinBank",https://cafef.vn/du-lieu/CTG-242474/ctg121030-hdqt-phe-duyet-chu-truong-thay-doi-ten-goi-dia-diem-dat-tru-so-mot-so-chi-nhanh-cua-vietinbank.chn,cafef
2023-04-28,"CTG121030: HĐQT thông qua Hợp đồng bảo lãnh, Hợp đồng thế chấp tài sản và các Hợp đồng cầm cố giấy tờ có giá giữa VietinBank với VBI","CBTT HĐQT thông qua Hợp đồng bảo lãnh, Hợp đồng thế chấp tài sản và các Hợp đồng cầm cố giấy tờ có giá giữa VietinBank với VBI",https://cafef.vn/du-lieu/CTG-242477/ctg121030-hdqt-thong-qua-hop-dong-bao-lanh-hop-dong-the-chap-tai-san-va-cac-hop-dong-cam-co-giay-to-co-gia-giua-vietinbank-voi-vbi.chn,cafef
2023-04-28,CTG: HĐQT phê duyệt chủ trương công tác mạng lưới đối với các CN và PGD trong hệ thống Vietinbank,Ngân hàng Thương mại Cổ phần Công Thương Việt Nam&nbsp;thông báo&nbsp;HĐQT phê duyệt chủ trương công tác mạng lưới đối với các chi nhánh và phòng giao dịch trong hệ thống Vietinbank như sau:,https://cafef.vn/du-lieu/CTG-242537/ctg-hdqt-phe-duyet-chu-truong-cong-tac-mang-luoi-doi-voi-cac-cn-va-pgd-trong-he-thong-vietinbank.chn,cafef
2023-04-28,"CTG: HĐQT thông qua hợp đồng bảo lãnh, thế chấp và cầm cố giấy tờ có giá giữa Vietinbank và VBI","Ngân hàng Thương mại Cổ phần Công Thương Việt Nam&nbsp;thông báo&nbsp;HĐQT thông qua hợp đồng bảo lãnh,hợp đồng thế chấp tài sản và các hợp đồng cầm cố giấy tờ có giá giữa Vietinbank và VBI&nbsp; như sau:",https://cafef.vn/du-lieu/CTG-242573/ctg-hdqt-thong-qua-hop-dong-bao-lanh-the-chap-va-cam-co-giay-to-co-gia-giua-vietinbank-va-vbi.chn,cafef
2023-04-28,CTG121030: Quy chế Quản trị nội bộ và Quy chế tổ chức và hoạt động của HĐQT (sửa đổi 27/4/2023 trên cơ sở phê duyệt của ĐHĐCĐ TN 2023),CBTT Quy chế QTNB và Quy chế tổ chức và hoạt động của HĐQT (sửa đổi 27/4/2023 trên cơ sở phê duyệt của ĐHĐCĐ TN 2023),https://cafef.vn/du-lieu/CTG-242741/ctg121030-quy-che-quan-tri-noi-bo-va-quy-che-to-chuc-va-hoat-dong-cua-hdqt-sua-doi-2742023-tren-co-so-phe-duyet-cua-dhdcd-tn-2023.chn,cafef
2023-04-27,CTG: Quy chế tổ chức và hoạt động của HĐQT,Ngân hàng Thương mại Cổ phần Công Thương Việt Nam thông báo&nbsp;Quy chế tổ chức và hoạt động của HĐQT như sau:,https://cafef.vn/du-lieu/CTG-244427/ctg-quy-che-to-chuc-va-hoat-dong-cua-hdqt.chn,cafef
2023-04-27,CTG: Quy chế quản trị nội bộ,Ngân hàng Thương mại Cổ phần Công Thương Việt Nam&nbsp;thông báo&nbsp;Quy chế quản trị nội bộ&nbsp;&nbsp; như sau:,https://cafef.vn/du-lieu/CTG-244430/ctg-quy-che-quan-tri-noi-bo.chn,cafef
2023-04-24,CTG121030: Nghị quyết Đại hội đồng cổ đông thường niên năm 2023,Nghị quyết Đại hội đồng cổ đông thường niên năm 2023,https://cafef.vn/du-lieu/CTG-250766/ctg121030-nghi-quyet-dai-hoi-dong-co-dong-thuong-nien-nam-2023.chn,cafef
2023-04-21,CTG: Biên bản họp và Nghị quyết ĐHĐCĐ thường niên năm 2023,Ng&acirc;n h&agrave;ng Thương mại Cổ phần C&ocirc;ng Thương Việt Nam&nbsp;c&ocirc;ng bố&nbsp;Bi&ecirc;n bản họp v&agrave; Nghị quyết ĐHĐCĐ thường ni&ecirc;n năm 2023 như sau:,https://cafef.vn/du-lieu/CTG-253631/ctg-bien-ban-hop-va-nghi-quyet-dhdcd-thuong-nien-nam-2023.chn,cafef
2023-04-21,"CTG121030: CBTT cập nhật, bổ sung tài liệu ĐHĐCĐ thường niên 2023 của VietinBank","CBTT cập nhật, bổ sung tài liệu ĐHĐCĐ thường niên 2023 của VietinBank",https://cafef.vn/du-lieu/CTG-254531/ctg121030-cbtt-cap-nhat-bo-sung-tai-lieu-dhdcd-thuong-nien-2023-cua-vietinbank.chn,cafef
2023-04-21,"CTG: Cập nhật, bổ sung tài liệu họp ĐHĐCĐ thường niên năm 2023","Ng&acirc;n h&agrave;ng Thương mại Cổ phần C&ocirc;ng Thương Việt Nam&nbsp;th&ocirc;ng b&aacute;o cập nhật, bổ sung t&agrave;i liệu họp ĐHĐCĐ thường ni&ecirc;n năm 2023 như sau:",https://cafef.vn/du-lieu/CTG-255338/ctg-cap-nhat-bo-sung-tai-lieu-hop-dhdcd-thuong-nien-nam-2023.chn,cafef
2023-04-10,CTG121030: CBTT ký Hợp đồng dịch vụ kiểm toán năm 2023,CBTT k&yacute; Hợp đồng dịch vụ kiểm to&aacute;n năm 2023,https://cafef.vn/du-lieu/CTG-273488/ctg121030-cbtt-ky-hop-dong-dich-vu-kiem-toan-nam-2023.chn,cafef
2023-04-07,CTG: Ký hợp đồng dịch vụ kiểm toán năm 2023,Ng&acirc;n h&agrave;ng Thương mại Cổ phần C&ocirc;ng Thương Việt Nam&nbsp;th&ocirc;ng b&aacute;o k&yacute; hợp đồng dịch vụ kiểm to&aacute;n năm 2023 như sau:,https://cafef.vn/du-lieu/CTG-276452/ctg-ky-hop-dong-dich-vu-kiem-toan-nam-2023.chn,cafef
2023-04-05,CTG121030: CBTT HĐQT thông qua Hợp đồng thế chấp tài sản giữa VietinBank với VBI,CBTT HĐQT th&ocirc;ng qua Hợp đồng thế chấp t&agrave;i sản giữa VietinBank với VBI,https://cafef.vn/du-lieu/CTG-280745/ctg121030-cbtt-hdqt-thong-qua-hop-dong-the-chap-tai-san-giua-vietinbank-voi-vbi.chn,cafef
2023-04-05,CTG: Nghị quyết HĐQT v/v thông qua các Hợp đồng thế chấp tài sản giữa VietinBank với VBI,Ng&acirc;n h&agrave;ng Thương mại Cổ phần C&ocirc;ng Thương Việt Nam&nbsp;th&ocirc;ng b&aacute;o&nbsp;Nghị quyết HĐQT về việc th&ocirc;ng qua c&aacute;c Hợp đồng thế chấp t&agrave;i sản giữa VietinBank với VBI như sau:,https://cafef.vn/du-lieu/CTG-281474/ctg-nghi-quyet-hdqt-vv-thong-qua-cac-hop-dong-the-chap-tai-san-giua-vietinbank-voi-vbi.chn,cafef
2023-04-03,CTG: Nghị quyết HĐQT về tổ chức ĐHĐCĐ thường niên năm 2023,Ng&acirc;n h&agrave;ng Thương mại Cổ phần C&ocirc;ng Thương Việt Nam&nbsp;th&ocirc;ng b&aacute;o Nghị quyết HĐQT về tổ chức ĐHĐCĐ thường ni&ecirc;n năm 2023 như sau:,https://cafef.vn/du-lieu/CTG-285716/ctg-nghi-quyet-hdqt-ve-to-chuc-dhdcd-thuong-nien-nam-2023.chn,cafef
2023-04-03,CTG121030: Tài liệu họp Đại hội đồng cổ đông,T&agrave;i liệu họp Đại hội đồng cổ đ&ocirc;ng,https://cafef.vn/du-lieu/CTG-285974/ctg121030-tai-lieu-hop-dai-hoi-dong-co-dong.chn,cafef
2023-03-31,CTG121030: CBTT Quyết định thay đổi địa điểm trụ sở VietinBank - Chi nhánh Ngũ Hành Sơn,CBTT Quyết định thay đổi địa điểm trụ sở VietinBank - Chi nh&aacute;nh Ngũ H&agrave;nh Sơn,https://cafef.vn/du-lieu/CTG-289349/ctg121030-cbtt-quyet-dinh-thay-doi-dia-diem-tru-so-vietinbank-chi-nhanh-ngu-hanh-son.chn,cafef
2023-03-30,CTG: Quyết định về việc thay đổi địa điểm trụ sở Chi nhánh Ngũ Hành Sơn,Ng&acirc;n h&agrave;ng Thương mại Cổ phần C&ocirc;ng Thương Việt Nam c&ocirc;ng bố Quyết định về việc thay đổi địa điểm trụ sở Chi nh&aacute;nh Ngũ H&agrave;nh Sơn như sau:,https://cafef.vn/du-lieu/CTG-290441/ctg-quyet-dinh-ve-viec-thay-doi-dia-diem-tru-so-chi-nhanh-ngu-hanh-son.chn,cafef
2023-03-29,Lịch họp cổ đông thường niên chi tiết của các ngân hàng trong năm 2023,"Hết tháng 3 này, các ngân hàng sẽ hoàn thành chốt danh sách cổ đông tham dự đại hội cổ đông thường niên năm 2023.",https://cafef.vn/lich-hop-co-dong-thuong-nien-chi-tiet-cua-cac-ngan-hang-trong-nam-2023-188230329083541289.chn,cafef
2023-03-23,CTG: Nghị quyết HĐQT thông qua HĐ nguyên tắc ủy quyền thu hồi nợ giữa VietinBank và VietinBank AMC,Ng&acirc;n h&agrave;ng Thương mại Cổ phần C&ocirc;ng Thương Việt Nam th&ocirc;ng b&aacute;o nghị quyết HĐQT th&ocirc;ng qua Hợp đồng nguy&ecirc;n tắc ủy quyền thu hồi nợ giữa VietinBank v&agrave; VietinBank AMC như sau:,https://cafef.vn/du-lieu/CTG-301070/ctg-nghi-quyet-hdqt-thong-qua-hd-nguyen-tac-uy-quyen-thu-hoi-no-giua-vietinbank-va-vietinbank-amc.chn,cafef
2023-03-23,CTG121030: CBTT HĐQT thông qua Hợp đồng nguyên tắc ủy quyền thu hồi nợ giữa VietinBank với VietinBank AMC,CBTT HĐQT th&ocirc;ng qua Hợp đồng nguy&ecirc;n tắc ủy quyền thu hồi nợ giữa VietinBank với VietinBank AMC,https://cafef.vn/du-lieu/CTG-301205/ctg121030-cbtt-hdqt-thong-qua-hop-dong-nguyen-tac-uy-quyen-thu-hoi-no-giua-vietinbank-voi-vietinbank-amc.chn,cafef
2023-03-23,CTG121030: CBTT HĐQT phê duyệt chủ trương thay đổi địa điểm đặt trụ sở VietinBank CN Ngũ Hành Sơn,CBTT HĐQT ph&ecirc; duyệt chủ trương thay đổi địa điểm đặt trụ sở VietinBank CN Ngũ H&agrave;nh Sơn,https://cafef.vn/du-lieu/CTG-301211/ctg121030-cbtt-hdqt-phe-duyet-chu-truong-thay-doi-dia-diem-dat-tru-so-vietinbank-cn-ngu-hanh-son.chn,cafef
2023-03-23,CTG: Nghị quyết HĐQT phê duyệt chủ trương thay đổi địa điểm CN Ngũ Hành Sơn,Ng&acirc;n h&agrave;ng Thương mại Cổ phần C&ocirc;ng Thương Việt Nam&nbsp;th&ocirc;ng b&aacute;o&nbsp;Nghị quyết HĐQT ph&ecirc; duyệt chủ trương thay đổi địa điểm CN Ngũ H&agrave;nh Sơn như sau:,https://cafef.vn/du-lieu/CTG-301295/ctg-nghi-quyet-hdqt-phe-duyet-chu-truong-thay-doi-dia-diem-cn-ngu-hanh-son.chn,cafef
2023-02-27,"CTG121030: CBTT Nghị quyết HĐQT sửa đổi Phương án phát hành, phương án sử dụng và trả nợ vốn thu được từ các đợt phát hành trái phiếu ra công chúng năm 2022","Công bố thông tin Nghị quyết HĐQT sửa đổi Phương án phát hành, phương án sử dụng và trả nợ vốn thu được từ các đợt phát hành trái phiếu ra công chúng năm 2022 của VietinBank",https://cafef.vn/du-lieu/CTG-317018/ctg121030-cbtt-nghi-quyet-hdqt-sua-doi-phuong-an-phat-hanh-phuong-an-su-dung-va-tra-no-von-thu-duoc-tu-cac-dot-phat-hanh-trai-phieu-ra-cong-chung-nam-2022.chn,cafef
2023-02-24,CTG: Nghị quyết HĐQT số 057 ngày 24/02/2023,Ng&acirc;n h&agrave;ng Thương mại Cổ phần C&ocirc;ng Thương Việt Nam&nbsp;th&ocirc;ng b&aacute;o&nbsp;Nghị quyết HĐQT số 057 ng&agrave;y 24/02/2023 như sau:,https://cafef.vn/du-lieu/CTG-317480/ctg-nghi-quyet-hdqt-so-057-ngay-24022023.chn,cafef
2023-02-21,"CTG: 9.3.2023, ngày GDKHQ tổ chức ĐHĐCĐ thường niên năm 2023",Sở Giao dịch Chứng khoán TP.HCM thông báo ngày ĐKCC&nbsp;tổ chức ĐHĐCĐ thường niên năm 2023&nbsp;của&nbsp;Ngân hàng Thương mại Cổ phần Công Thương Việt Nam (mã CK: CTG&nbsp;)&nbsp;như sau:,https://cafef.vn/du-lieu/CTG-319796/ctg-932023-ngay-gdkhq-to-chuc-dhdcd-thuong-nien-nam-2023.chn,cafef
2023-02-17,CTG121030: Công bố thông tin tổ chức ĐHĐCĐ thường niên 2023,Công bố thông tin tổ chức ĐHĐCĐ thường niên 2023,https://cafef.vn/du-lieu/CTG-321443/ctg121030-cong-bo-thong-tin-to-chuc-dhdcd-thuong-nien-2023.chn,cafef
2023-02-16,CTG: Nghị quyết HĐQT v/v tổ chức họp ĐHĐCĐ thường niên 2023,Ng&acirc;n h&agrave;ng Thương mại Cổ phần C&ocirc;ng Thương Việt Nam&nbsp;th&ocirc;ng b&aacute;o&nbsp;Nghị quyết HĐQT về việc tổ chức họp ĐHĐCĐ thường ni&ecirc;n 2023&nbsp;như sau:,https://cafef.vn/du-lieu/CTG-322079/ctg-nghi-quyet-hdqt-vv-to-chuc-hop-dhdcd-thuong-nien-2023.chn,cafef
2023-02-15,CTG121030: CBTT HĐQT thông qua hợp đồng hạn mức giao dịch ngoại tệ với VietinBank Lào,CBTT HĐQT thông qua hợp đồng hạn mức giao dịch ngoại tệ với VietinBank Lào,https://cafef.vn/du-lieu/CTG-322994/ctg121030-cbtt-hdqt-thong-qua-hop-dong-han-muc-giao-dich-ngoai-te-voi-vietinbank-lao.chn,cafef
2023-02-15,CTG: Nghị quyết HĐQT thông qua hợp đồng hạn mức giao dịch ngoại tệ với VietinBank Lào,Ng&acirc;n h&agrave;ng Thương mại Cổ phần C&ocirc;ng Thương Việt Nam&nbsp;th&ocirc;ng b&aacute;o nghị quyết HĐQT th&ocirc;ng qua hợp đồng hạn mức giao dịch ngoại tệ với VietinBank L&agrave;o như sau:,https://cafef.vn/du-lieu/CTG-323093/ctg-nghi-quyet-hdqt-thong-qua-hop-dong-han-muc-giao-dich-ngoai-te-voi-vietinbank-lao.chn,cafef
2023-02-02,CTG121030: Công văn đính chính nội dung BCTC hợp nhất quý 4/2022 và BCTC hợp nhất quý 4 (bản cuối),Công văn đính chính nội dung BCTC hợp nhất quý 4/2022 và BCTC hợp nhất quý 4 (bản cuối),https://cafef.vn/du-lieu/CTG-328595/ctg121030-cong-van-dinh-chinh-noi-dung-bctc-hop-nhat-quy-42022-va-bctc-hop-nhat-quy-4-ban-cuoi.chn,cafef
2023-01-31,"CTG121030: Báo cáo định kỳ tình hình thanh toán gốc, lãi trái phiếu doanh nghiệp phát hành ra công chúng","CBTT Báo cáo định kỳ tình hình thanh toán gốc, lãi trái phiếu doanh nghiệp phát hành ra công chúng (kỳ báo cáo từ ngày 01/01/2022 đến ngày 31/12/2022)",https://cafef.vn/du-lieu/CTG-330152/ctg121030-bao-cao-dinh-ky-tinh-hinh-thanh-toan-goc-lai-trai-phieu-doanh-nghiep-phat-hanh-ra-cong-chung.chn,cafef
2023-01-31,CTG121030: Giải trình biến động lợi nhuận để CBTT trên HNX,CBTT BCTC riêng lẻ và hợp nhất Quý 4/2022; Giải trình biến động lợi nhuận để CBTT trên HNX.,https://cafef.vn/du-lieu/CTG-330161/ctg121030-giai-trinh-bien-dong-loi-nhuan-de-cbtt-tren-hnx.chn,cafef
2023-01-31,"CTG121030: CBTT Báo cáo định kỳ tình hình thanh toán gốc, lãi trái phiếu doanh nghiệp phát hành ra công chúng","CBTT B&aacute;o c&aacute;o định kỳ t&igrave;nh h&igrave;nh thanh to&aacute;n gốc, l&atilde;i tr&aacute;i phiếu doanh nghiệp ph&aacute;t h&agrave;nh ra c&ocirc;ng ch&uacute;ng (kỳ b&aacute;o c&aacute;o từ ng&agrave;y 01/01/2022 đến ng&agrave;y 31/12/2022)",https://cafef.vn/du-lieu/CTG-330467/ctg121030-cbtt-bao-cao-dinh-ky-tinh-hinh-thanh-toan-goc-lai-trai-phieu-doanh-nghiep-phat-hanh-ra-cong-chung.chn,cafef
2023-01-30,"CTG: Báo cáo định kỳ tình hình thanh toán gốc, lãi trái phiếu doanh nghiệp phát hành ra công chúng","&nbsp;Ngân hàng Thương mại Cổ phần Công Thương Việt Nam&nbsp;công bố Báo cáo định kỳ tình hình thanh toán gốc, lãi trái phiếu doanh nghiệp phát hành ra công chúng như sau:",https://cafef.vn/du-lieu/CTG-332162/ctg-bao-cao-dinh-ky-tinh-hinh-thanh-toan-goc-lai-trai-phieu-doanh-nghiep-phat-hanh-ra-cong-chung.chn,cafef
2023-01-18,CTG121030: Báo cáo quản trị công ty năm 2022,Báo cáo quản trị công ty năm 2022,https://cafef.vn/du-lieu/CTG-335705/ctg121030-bao-cao-quan-tri-cong-ty-nam-2022.chn,cafef
2023-01-17,CTG: Báo cáo tình hình quản trị công ty năm 2022,Ng&acirc;n h&agrave;ng Thương mại Cổ phần C&ocirc;ng Thương Việt Nam b&aacute;o c&aacute;o t&igrave;nh h&igrave;nh quản trị c&ocirc;ng ty năm 2022 như sau:,https://cafef.vn/du-lieu/CTG-336464/ctg-bao-cao-tinh-hinh-quan-tri-cong-ty-nam-2022.chn,cafef
2023-01-10,CTG121030: CBTT HĐQT thông qua các Hợp đồng hạn mức giao dịch trên thị trường liên ngân hàng giữa VietinBank với Ngân hàng MUFG.,CBTT HĐQT thông qua các Hợp đồng hạn mức giao dịch trên thị trường liên ngân hàng giữa VietinBank với Ngân hàng MUFG.,https://cafef.vn/du-lieu/CTG-340508/ctg121030-cbtt-hdqt-thong-qua-cac-hop-dong-han-muc-giao-dich-tren-thi-truong-lien-ngan-hang-giua-vietinbank-voi-ngan-hang-mufg.chn,cafef
2023-01-10,CTG121030: CBTT HĐQT thông qua Hợp đồng khung tiền gửi bằng VND với MUFG Bank- CN TP.HCM,CBTT HĐQT thông qua Hợp đồng khung tiền gửi bằng VND với MUFG Bank- CN TP.HCM,https://cafef.vn/du-lieu/CTG-340514/ctg121030-cbtt-hdqt-thong-qua-hop-dong-khung-tien-gui-bang-vnd-voi-mufg-bankcn-tphcm.chn,cafef
2023-01-09,CTG: Nghị quyết HĐQT thông qua HĐ hạn mức giao dịch LNH với Ngân hàng MUFG - chi nhánh TP.HCM,Ng&acirc;n h&agrave;ng Thương mại Cổ phần C&ocirc;ng Thương Việt Nam th&ocirc;ng b&aacute;o nghị quyết HĐQT th&ocirc;ng qua hợp đồng hạn mức giao dịch LNH với Ng&acirc;n h&agrave;ng MUFG - chi nh&aacute;nh TP.HCM&nbsp;như sau:,https://cafef.vn/du-lieu/CTG-340718/ctg-nghi-quyet-hdqt-thong-qua-hd-han-muc-giao-dich-lnh-voi-ngan-hang-mufg-chi-nhanh-tphcm.chn,cafef
2023-01-09,CTG: Nghị quyết HĐQT thông qua HĐ khung tiền gửi bằng VND với Ngân hàng MUFG - chi nhánh TP.HCM,Ng&acirc;n h&agrave;ng Thương mại Cổ phần C&ocirc;ng Thương Việt Nam th&ocirc;ng b&aacute;o nghị quyết HĐQT th&ocirc;ng qua hợp đồng khung tiền gửi bằng VND với Ng&acirc;n h&agrave;ng MUFG - chi nh&aacute;nh TP.HCM như sau:,https://cafef.vn/du-lieu/CTG-340730/ctg-nghi-quyet-hdqt-thong-qua-hd-khung-tien-gui-bang-vnd-voi-ngan-hang-mufg-chi-nhanh-tphcm.chn,cafef
2023-01-03,"CTG121030: Nghị quyết HĐQT phê duyệt, công bố chính thức các chỉ tiêu kế hoạch tài chính năm 2022 của VietinBank","CBTT Nghị quyết HĐQT phê duyệt, công bố chính thức các chỉ tiêu kế hoạch tài chính năm 2022 của VietinBank",https://cafef.vn/du-lieu/CTG-343490/ctg121030-nghi-quyet-hdqt-phe-duyet-cong-bo-chinh-thuc-cac-chi-tieu-ke-hoach-tai-chinh-nam-2022-cua-vietinbank.chn,cafef
2023-01-03,"CTG: Nghị quyết HĐQT v/v phê duyệt, công bố chính thức các chỉ tiêu kế hoạch tài chính năm 2022","Ng&acirc;n h&agrave;ng Thương mại Cổ phần C&ocirc;ng Thương Việt Nam&nbsp;th&ocirc;ng b&aacute;o&nbsp;Nghị quyết HĐQT về việc ph&ecirc; duyệt, c&ocirc;ng bố ch&iacute;nh thức c&aacute;c chỉ ti&ecirc;u kế hoạch t&agrave;i ch&iacute;nh năm 2022 như sau:",https://cafef.vn/du-lieu/CTG-343790/ctg-nghi-quyet-hdqt-vv-phe-duyet-cong-bo-chinh-thuc-cac-chi-tieu-ke-hoach-tai-chinh-nam-2022.chn,cafef
2022-12-30,CTG121030: Bổ sung thông tin trình bày trong thuyết minh các BCTC năm 2021 đã kiểm toán,CBTT bổ sung thông tin trình bày trong thuyết minh các BCTC năm 2021 đã kiểm toán,https://cafef.vn/du-lieu/CTG-344258/ctg121030-bo-sung-thong-tin-trinh-bay-trong-thuyet-minh-cac-bctc-nam-2021-da-kiem-toan.chn,cafef
2022-12-30,CTG121030: CBTT nghị HĐQT thông qua phương án phân phối lợi nhuận năm 2021,CBTT nghị HĐQT thông qua phương án phân phối lợi nhuận năm 2021,https://cafef.vn/du-lieu/CTG-344279/ctg121030-cbtt-nghi-hdqt-thong-qua-phuong-an-phan-phoi-loi-nhuan-nam-2021.chn,cafef
2022-12-30,CTG: Bổ sung thông tin trình bày trong thuyết minh các BCTC năm 2021 đã kiểm toán,Ng&acirc;n h&agrave;ng Thương mại Cổ phần C&ocirc;ng Thương Việt Nam&nbsp;th&ocirc;ng b&aacute;o bổ sung th&ocirc;ng tin tr&igrave;nh b&agrave;y trong thuyết minh c&aacute;c BCTC năm 2021 đ&atilde; kiểm to&aacute;n như sau:,https://cafef.vn/du-lieu/CTG-344297/ctg-bo-sung-thong-tin-trinh-bay-trong-thuyet-minh-cac-bctc-nam-2021-da-kiem-toan.chn,cafef
2022-12-30,CTG: Nghị quyết HĐQT v/v thông qua phương án phân phối lợi nhuận năm 2021,Ng&acirc;n h&agrave;ng Thương mại Cổ phần C&ocirc;ng Thương Việt Nam&nbsp;th&ocirc;ng b&aacute;o&nbsp;Nghị quyết HĐQT về việc th&ocirc;ng qua phương &aacute;n ph&acirc;n phối lợi nhuận năm 2021 như sau:,https://cafef.vn/du-lieu/CTG-344306/ctg-nghi-quyet-hdqt-vv-thong-qua-phuong-an-phan-phoi-loi-nhuan-nam-2021.chn,cafef
2022-12-22,CTG: Nghị quyết HĐQT v/v Vietinbank Lào sử dụng hệ thống Swift của Vietinbank,Ng&acirc;n h&agrave;ng Thương mại Cổ phần C&ocirc;ng Thương Việt Nam th&ocirc;ng b&aacute;o nghị quyết HĐQT th&ocirc;ng qua thỏa thuận về việc Vietinbank L&agrave;o sử dụng hệ thống Swift của Vietinbank như sau:,https://cafef.vn/du-lieu/CTG-348371/ctg-nghi-quyet-hdqt-vv-vietinbank-lao-su-dung-he-thong-swift-cua-vietinbank.chn,cafef
2022-12-22,CTG121030: HĐQT thông qua Thỏa thuận về việc VietinBank Lào sử dụng hệ thống Swift của VietinBank,CBTT HĐQT thông qua Thỏa thuận về việc VietinBank Lào sử dụng hệ thống Swift của VietinBank,https://cafef.vn/du-lieu/CTG-348446/ctg121030-hdqt-thong-qua-thoa-thuan-ve-viec-vietinbank-lao-su-dung-he-thong-swift-cua-vietinbank.chn,cafef
2022-12-22,CTG: Nghị quyết HĐQT v/v thông qua hợp đồng tư vấn và đại lý với CTS,Ng&acirc;n h&agrave;ng Thương mại Cổ phần C&ocirc;ng Thương Việt Nam&nbsp;th&ocirc;ng b&aacute;o&nbsp;Nghị quyết HĐQT về việc th&ocirc;ng qua hợp đồng tư vấn v&agrave; đại l&yacute; với CTS như sau:,https://cafef.vn/du-lieu/CTG-348509/ctg-nghi-quyet-hdqt-vv-thong-qua-hop-dong-tu-van-va-dai-ly-voi-cts.chn,cafef
2022-12-22,"CTG121030: HĐQT thông qua Hợp đồng tư vấn hồ sơ đăng ký chào bán trái phiếu, đại lý đăng ký và đại lý thanh toán, tư vấn niêm yết Trái phiếu phát hành ra công chúng năm 2022","CBTT HĐQT thông qua Hợp đồng tư vấn hồ sơ đăng ký chào bán trái phiếu, đại lý đăng ký và đại lý thanh toán, tư vấn niêm yết Trái phiếu phát hành ra công chúng năm 2022",https://cafef.vn/du-lieu/CTG-348611/ctg121030-hdqt-thong-qua-hop-dong-tu-van-ho-so-dang-ky-chao-ban-trai-phieu-dai-ly-dang-ky-va-dai-ly-thanh-toan-tu-van-niem-yet-trai-phieu-phat-hanh-ra-cong-chung-nam-2022.chn,cafef
2022-12-06,CTG121031: Nghị quyết của HĐQT thông qua Hợp đồng bảo hiểm sức khỏe VBI Care với VBI,Nghị quyết của HĐQT thông qua Hợp đồng bảo hiểm sức khỏe VBI Care với VBI,https://cafef.vn/du-lieu/CTG-355514/ctg121031-nghi-quyet-cua-hdqt-thong-qua-hop-dong-bao-hiem-suc-khoe-vbi-care-voi-vbi.chn,cafef
2022-11-30,CTG: HĐQT thông qua hợp đồng bảo hiểm sức khỏe VBI Care với VBI,Ngân hàng Thương mại Cổ phần Công Thương Việt Nam&nbsp;thông báo&nbsp;HĐQT thông qua hợp đồng bảo hiểm sức khỏe VBI Care với&nbsp; VBI như sau:,https://cafef.vn/du-lieu/CTG-357935/ctg-hdqt-thong-qua-hop-dong-bao-hiem-suc-khoe-vbi-care-voi-vbi.chn,cafef
2022-11-30,CTG121030: CBTT HĐQT thông qua Hợp đồng bảo hiểm sức khỏe VBI Care,CBTT HĐQT thông qua Hợp đồng bảo hiểm sức khỏe VBI Care,https://cafef.vn/du-lieu/CTG-358082/ctg121030-cbtt-hdqt-thong-qua-hop-dong-bao-hiem-suc-khoe-vbi-care.chn,cafef
2022-11-25,CTG: Nghị quyết HĐQT v/v sửa đổi phương án phát hành trái phiếu ra công chúng năm 2022,Ng&acirc;n h&agrave;ng Thương mại Cổ phần C&ocirc;ng Thương Việt Nam&nbsp;th&ocirc;ng b&aacute;o&nbsp;Nghị quyết HĐQT về việc sửa đổi phương &aacute;n ph&aacute;t h&agrave;nh tr&aacute;i phiếu ra c&ocirc;ng ch&uacute;ng năm 2022 như sau:,https://cafef.vn/du-lieu/CTG-359789/ctg-nghi-quyet-hdqt-vv-sua-doi-phuong-an-phat-hanh-trai-phieu-ra-cong-chung-nam-2022.chn,cafef
2022-11-25,"CTG121030: Nghị quyết HĐQT sửa đổi phương án phát hành, phương án sử dụng và trả nợ vốn thu được từ các đợt phát hành trái phiếu ra công chúng năm 2022","CBTT Nghị quyết HĐQT sửa đổi phương án phát hành, phương án sử dụng và trả nợ vốn thu được từ các đợt phát hành trái phiếu ra công chúng năm 2022",https://cafef.vn/du-lieu/CTG-360014/ctg121030-nghi-quyet-hdqt-sua-doi-phuong-an-phat-hanh-phuong-an-su-dung-va-tra-no-von-thu-duoc-tu-cac-dot-phat-hanh-trai-phieu-ra-cong-chung-nam-2022.chn,cafef
2022-11-18,CTG121030: HĐQT thông qua Hợp đồng bảo hiểm trách nhiệm công cộng với VBI,HĐQT thông qua Hợp đồng bảo hiểm trách nhiệm công cộng với VBI,https://cafef.vn/du-lieu/CTG-363254/ctg121030-hdqt-thong-qua-hop-dong-bao-hiem-trach-nhiem-cong-cong-voi-vbi.chn,cafef
2022-11-17,CTG: HĐQT thông qua hợp đồng bảo hiểm trách nhiệm công cộng giữa Vietinbank với VBI,Ngân hàng Thương mại Cổ phần Công Thương Việt Nam&nbsp;thông báo&nbsp;HĐQT thông qua hợp đồng bảo hiểm trách nhiệm công cộng giữa Vietinbank với VBI như sau:,https://cafef.vn/du-lieu/CTG-363773/ctg-hdqt-thong-qua-hop-dong-bao-hiem-trach-nhiem-cong-cong-giua-vietinbank-voi-vbi.chn,cafef
2022-11-16,CTG121030: Nghị quyết của HĐQT thông qua các hợp đồng hạn mức giao dịch trên thị trường liên ngân hàng,Nghị quyết của HĐQT thông qua các hợp đồng hạn mức giao dịch trên thị trường liên ngân hàng,https://cafef.vn/du-lieu/CTG-364394/ctg121030-nghi-quyet-cua-hdqt-thong-qua-cac-hop-dong-han-muc-giao-dich-tren-thi-truong-lien-ngan-hang.chn,cafef
2022-11-16,CTG121030: Thông báo lãi suất trái phiếu CTG121030 cho kỳ tính lãi 02 từ ngày 18/11/2022-18/11/2023,Thông báo lãi suất trái phiếu CTG121030 cho kỳ tính lãi 02 từ ngày 18/11/2022-18/11/2023,https://cafef.vn/du-lieu/CTG-364400/ctg121030-thong-bao-lai-suat-trai-phieu-ctg121030-cho-ky-tinh-lai-02-tu-ngay-1811202218112023.chn,cafef
2022-11-16,CTG121031: Thông báo lãi suất trái phiếu CTG121031 cho kỳ tính lãi 18/11/2022-18/11/2023,Thông báo lãi suất trái phiếu CTG121031 cho kỳ tính lãi 18/11/2022-18/11/2023,https://cafef.vn/du-lieu/CTG-364403/ctg121031-thong-bao-lai-suat-trai-phieu-ctg121031-cho-ky-tinh-lai-1811202218112023.chn,cafef
2022-11-11,CTG121030: HĐQT thông qua các Hợp đồng hạn mức giao dịch trên thị trường liên ngân hàng giữa VietinBank và Indovina Bank,CBTT HĐQT thông qua các Hợp đồng hạn mức giao dịch trên thị trường liên ngân hàng giữa VietinBank và Indovina Bank,https://cafef.vn/du-lieu/CTG-366281/ctg121030-hdqt-thong-qua-cac-hop-dong-han-muc-giao-dich-tren-thi-truong-lien-ngan-hang-giua-vietinbank-va-indovina-bank.chn,cafef
2022-11-11,CTG: HĐQT thông qua các hợp đồng hạn mức giao dịch trên thị trường liên ngân hàng,&nbsp;Ngân hàng Thương mại Cổ phần Công Thương Việt Nam&nbsp;thông báo&nbsp;HĐQT thông qua các hợp đồng hạn mức giao dịch trên thị trường liên ngân hàng giữa Vietinbank và Indovina Bank như sau:,https://cafef.vn/du-lieu/CTG-366434/ctg-hdqt-thong-qua-cac-hop-dong-han-muc-giao-dich-tren-thi-truong-lien-ngan-hang.chn,cafef
2022-11-02,CTG: HĐQT thông qua hợp đồng bảo hiểm ATM với VBI Thăng Long,&nbsp;Ngân hàng Thương mại Cổ phần Công Thương Việt Nam&nbsp;thông báo HĐQT thông qua hợp đồng bảo hiểm ATM với VBI Thăng Long như sau:,https://cafef.vn/du-lieu/CTG-370043/ctg-hdqt-thong-qua-hop-dong-bao-hiem-atm-voi-vbi-thang-long.chn,cafef
2022-11-02,"CTG121030: HĐQT thông qua Hợp đồng Bảo hiểm mọi rủi ro tài sản máy ATM và tiền trong may ATM, thiếu hụt quỹ ATM với VBI thăng Long","CBTT HĐQT thông qua Hợp đồng Bảo hiểm mọi rủi ro tài sản máy ATM và tiền trong may ATM, thiếu hụt quỹ ATM với VBI thăng Long",https://cafef.vn/du-lieu/CTG-370199/ctg121030-hdqt-thong-qua-hop-dong-bao-hiem-moi-rui-ro-tai-san-may-atm-va-tien-trong-may-atm-thieu-hut-quy-atm-voi-vbi-thang-long.chn,cafef
2022-10-31,CTG121030: Thay đổi người phụ trách quản trị công ty,Thay đổi người phụ trách quản trị công ty,https://cafef.vn/du-lieu/CTG-371579/ctg121030-thay-doi-nguoi-phu-trach-quan-tri-cong-ty.chn,cafef
2022-10-21,CTG121030: CBTT HĐQT thông qua Hợp đồng thế chấp tài sản của VietinBank với VBI,CBTT HĐQT thông qua Hợp đồng thế chấp tài sản của VietinBank với VBI,https://cafef.vn/du-lieu/CTG-377579/ctg121030-cbtt-hdqt-thong-qua-hop-dong-the-chap-tai-san-cua-vietinbank-voi-vbi.chn,cafef
2022-10-20,CTG: HĐQT thông qua hợp đồng thế chấp tài sản giữa Vietinbank với VBI,Ngân hàng Thương mại Cổ phần Công Thương Việt Nam&nbsp;thông báo HĐQT thông qua hợp đồng thế chấp tài sản giữa Vietinbank với VBI&nbsp;như sau:,https://cafef.vn/du-lieu/CTG-378227/ctg-hdqt-thong-qua-hop-dong-the-chap-tai-san-giua-vietinbank-voi-vbi.chn,cafef
2022-10-12,CTG121030: Nghị quyết của HĐQT thông qua Hợp đồng Bảo hiểm Lòng trung thành,Nghị quyết của HĐQT thông qua Hợp đồng Bảo hiểm Lòng trung thành,https://cafef.vn/du-lieu/CTG-382244/ctg121030-nghi-quyet-cua-hdqt-thong-qua-hop-dong-bao-hiem-long-trung-thanh.chn,cafef
2022-10-10,CTG121030: CBTT HĐQT thông qua Hợp đồng bảo hiểm Lòng trung thành (BBB lớp dưới) giữa VietinBank với VBI,CBTT HĐQT thông qua Hợp đồng bảo hiểm Lòng trung thành (BBB lớp dưới) giữa VietinBank với VBI,https://cafef.vn/du-lieu/CTG-383744/ctg121030-cbtt-hdqt-thong-qua-hop-dong-bao-hiem-long-trung-thanh-bbb-lop-duoi-giua-vietinbank-voi-vbi.chn,cafef
2022-10-07,CTG: HĐQT thông qua hợp đồng bảo hiểm lòng trung thành giữa Vietinbank với VBI,&nbsp;Ngân hàng Thương mại Cổ phần Công Thương Việt Nam&nbsp;thông báo HĐQT thông qua hợp đồng bảo hiểm lòng trung thành (BBB lớp dưới) giữa Vietinbank với VBI như sau:,https://cafef.vn/du-lieu/CTG-384230/ctg-hdqt-thong-qua-hop-dong-bao-hiem-long-trung-thanh-giua-vietinbank-voi-vbi.chn,cafef
2022-10-03,CTG121030: HĐQT thông qua Hợp đồng Bảo hiểm mọi rủi ro tài sản bao gồm cháy nổ bắt buộc giữa VietinBank với VBI,CBTT HĐQT thông qua Hợp đồng Bảo hiểm mọi rủi ro tài sản bao gồm cháy nổ bắt buộc giữa VietinBank với VBI,https://cafef.vn/du-lieu/CTG-386651/ctg121030-hdqt-thong-qua-hop-dong-bao-hiem-moi-rui-ro-tai-san-bao-gom-chay-no-bat-buoc-giua-vietinbank-voi-vbi.chn,cafef
2022-09-30,CTG: Nghị quyết HĐQT số 1208 ngày 30/09/2022,Ngân hàng Thương mại Cổ phần Công Thương Việt Nam&nbsp;thông báo Nghị quyết HĐQT số 1208 ngày 30/09/2022 như sau:,https://cafef.vn/du-lieu/CTG-387494/ctg-nghi-quyet-hdqt-so-1208-ngay-30092022.chn,cafef
2022-09-30,CTG121031: Nghị quyết của HĐQT thông qua Hợp đồng tư vấn cháo bán chứng khoán ra công chúng,Nghị quyết của HĐQT thông qua Hợp đồng tư vấn cháo bán chứng khoán ra công chúng,https://cafef.vn/du-lieu/CTG-387917/ctg121031-nghi-quyet-cua-hdqt-thong-qua-hop-dong-tu-van-chao-ban-chung-khoan-ra-cong-chung.chn,cafef
2022-09-30,CTG121030: Nghị quyết của HĐQT thông qua Hợp đồng tư vấn chào bán chứng khoán ra công chúng,Nghị quyết của HĐQT thông qua Hợp đồng tư vấn chào bán chứng khoán ra công chúng,https://cafef.vn/du-lieu/CTG-387920/ctg121030-nghi-quyet-cua-hdqt-thong-qua-hop-dong-tu-van-chao-ban-chung-khoan-ra-cong-chung.chn,cafef
2022-09-28,"CTG121030: CBTT HĐQT thông qua Hợp đồng tư vấn chào bán cổ phiếu SGP, PHP ra công chúng với CTS","CBTT HĐQT thông qua Hợp đồng tư vấn chào bán cổ phiếu SGP, PHP ra công chúng với CTS",https://cafef.vn/du-lieu/CTG-388931/ctg121030-cbtt-hdqt-thong-qua-hop-dong-tu-van-chao-ban-co-phieu-sgp-php-ra-cong-chung-voi-cts.chn,cafef
2022-09-27,"CTG: HĐQT thông qua hợp đồng tư vấn chào bán cổ phiếu SGP, PHP ra công chúng với CTS","Ngân hàng Thương mại Cổ phần Công Thương Việt Nam&nbsp;thông báo&nbsp;HĐQT thông qua hợp đồng tư vấn chào bán cổ phiếu SGP, PHP ra công chúng với CTS như sau:",https://cafef.vn/du-lieu/CTG-389318/ctg-hdqt-thong-qua-hop-dong-tu-van-chao-ban-co-phieu-sgp-php-ra-cong-chung-voi-cts.chn,cafef
2022-09-22,CTG121030: CBTT HĐQT thông qua nội dung Thỏa thuận hỗ trợ xử lý tác nghiệp TTTM giữa VietinBank với VietinBank Lào,CBTT HĐQT thông qua nội dung Thỏa thuận hỗ trợ xử lý tác nghiệp TTTM giữa VietinBank với VietinBank Lào,https://cafef.vn/du-lieu/CTG-391364/ctg121030-cbtt-hdqt-thong-qua-noi-dung-thoa-thuan-ho-tro-xu-ly-tac-nghiep-tttm-giua-vietinbank-voi-vietinbank-lao.chn,cafef
2022-09-22,CTG121030: CBTT HĐQT thông qua các Hợp đồng hạn mức giao dịch trên thị trường liên ngân hàng giữa VietinBank với Ngân hàng MUFG,CBTT HĐQT thông qua các Hợp đồng hạn mức giao dịch trên thị trường liên ngân hàng giữa VietinBank với Ngân hàng MUFG,https://cafef.vn/du-lieu/CTG-391379/ctg121030-cbtt-hdqt-thong-qua-cac-hop-dong-han-muc-giao-dich-tren-thi-truong-lien-ngan-hang-giua-vietinbank-voi-ngan-hang-mufg.chn,cafef
2022-09-21,CTG: HĐQT thông qua các hợp đồng hạn mức giao dịch trên thị trường liên ngân hàng,&nbsp;Ngân hàng Thương mại Cổ phần Công Thương Việt Nam&nbsp;thông báo&nbsp;HĐQT thông qua các hợp đồng hạn mức giao dịch trên thị trường liên ngân hàng như sau:&nbsp;,https://cafef.vn/du-lieu/CTG-391655/ctg-hdqt-thong-qua-cac-hop-dong-han-muc-giao-dich-tren-thi-truong-lien-ngan-hang.chn,cafef
2022-09-21,CTG: HĐQT thông qua nội dung thỏa thuận hỗ trợ xử lý tác nghiệp TTTM giữa Vietinbank với Vietinbank Lào,&nbsp;Ngân hàng Thương mại Cổ phần Công Thương Việt Nam&nbsp;thông báo&nbsp;HĐQT thông qua nội dung thỏa thuận hỗ trợ xử lý tác nghiệp TTTM giữa Vietinbank với Vietinbank Lào như sau:&nbsp;,https://cafef.vn/du-lieu/CTG-391661/ctg-hdqt-thong-qua-noi-dung-thoa-thuan-ho-tro-xu-ly-tac-nghiep-tttm-giua-vietinbank-voi-vietinbank-lao.chn,cafef
2022-09-12,"CTG121030: CBTT HĐQT thông qua các HĐ cầm cố, HĐ thế chấp với VBI","CBTT HĐQT thông qua các HĐ cầm cố, HĐ thế chấp với VBI",https://cafef.vn/du-lieu/CTG-396020/ctg121030-cbtt-hdqt-thong-qua-cac-hd-cam-co-hd-the-chap-voi-vbi.chn,cafef
2022-09-09,"CTG: HĐQT thông qua các hợp đồng cầm cố, hợp đồng thế chấp giữa Vietinbank với VBI","&nbsp;Ngân hàng Thương mại Cổ phần Công Thương Việt Nam&nbsp;thông báo&nbsp;HĐQT thông qua các hợp đồng cầm cố, hợp đồng thế chấp giữa Vietinbank với VBI như sau:",https://cafef.vn/du-lieu/CTG-396647/ctg-hdqt-thong-qua-cac-hop-dong-cam-co-hop-dong-the-chap-giua-vietinbank-voi-vbi.chn,cafef
2022-09-09,CTG121030: HĐQT thông qua Hợp đồng kết nối giữa VietinBank và VietinBank Capital,CBTT HĐQT thông qua Hợp đồng kết nối giữa VietinBank và VietinBank Capital,https://cafef.vn/du-lieu/CTG-397217/ctg121030-hdqt-thong-qua-hop-dong-ket-noi-giua-vietinbank-va-vietinbank-capital.chn,cafef
2022-09-06,CTG: HĐQT thông qua hợp đồng kết nối giữa Vietinbank và Vietinbank Capital,Ngân hàng Thương mại Cổ phần Công Thương Việt Nam&nbsp;thông báo&nbsp;HĐQT thông qua hợp đồng kết nối giữa Vietinbank và Vietinbank Capital như sau:,https://cafef.vn/du-lieu/CTG-398771/ctg-hdqt-thong-qua-hop-dong-ket-noi-giua-vietinbank-va-vietinbank-capital.chn,cafef
2022-09-05,CTG121030: Nghị quyết HĐQT thông qua phương án phát hành trái phiểu ra công chúng năm 2022,CBTT NQ HĐQT thông qua phương án phát hành TP RCC năm 2022,https://cafef.vn/du-lieu/CTG-399977/ctg121030-nghi-quyet-hdqt-thong-qua-phuong-an-phat-hanh-trai-phieu-ra-cong-chung-nam-2022.chn,cafef
2022-08-31,CTG: Nghị quyết HĐQT số 293 ngày 31/08/2022,Ngân hàng Thương mại Cổ phần Công Thương Việt Nam&nbsp;thông báo Nghị quyết HĐQT số 293 ngày 31/08/2022 như sau:,https://cafef.vn/du-lieu/CTG-400742/ctg-nghi-quyet-hdqt-so-293-ngay-31082022.chn,cafef
2022-08-25,CTG121030: CBTT HĐQT thông qua Hợp đồng bảo hiểm tiền giữa VietinBank với VBI,CBTT HĐQT thông qua Hợp đồng bảo hiểm tiền giữa VietinBank với VBI,https://cafef.vn/du-lieu/CTG-404702/ctg121030-cbtt-hdqt-thong-qua-hop-dong-bao-hiem-tien-giua-vietinbank-voi-vbi.chn,cafef
2022-08-24,CTG: HĐQT thông qua hợp đồng bảo hiểm tiền giữa Vietinbank với VBI,Ngân hàng Thương mại Cổ phần Công Thương Việt Nam&nbsp;thông báo&nbsp;HĐQT thông qua hợp đồng bảo hiểm tiền giữa Vietinbank với VBI như sau:,https://cafef.vn/du-lieu/CTG-405083/ctg-hdqt-thong-qua-hop-dong-bao-hiem-tien-giua-vietinbank-voi-vbi.chn,cafef
2022-08-22,"CTG121030: HĐQT thông qua các Hợp đồng cầm cố, Hợp đồng thế chấp giữa VietinBank với VBI","CBTT HĐQT thông qua các Hợp đồng cầm cố, Hợp đồng thế chấp giữa VietinBank với VBI",https://cafef.vn/du-lieu/CTG-406160/ctg121030-hdqt-thong-qua-cac-hop-dong-cam-co-hop-dong-the-chap-giua-vietinbank-voi-vbi.chn,cafef
2022-08-19,"CTG: Nghị quyết HĐQT thông qua các Hợp đồng cầm cố, thế chấp giữa VietinBank với VBI","Ngân hàng Thương mại Cổ phần Công Thương Việt Nam&nbsp;thông báo&nbsp;Nghị quyết HĐQT về việc thông qua các Hợp đồng cầm cố, thế chấp giữa VietinBank với VBI như sau:",https://cafef.vn/du-lieu/CTG-406910/ctg-nghi-quyet-hdqt-thong-qua-cac-hop-dong-cam-co-the-chap-giua-vietinbank-voi-vbi.chn,cafef
2022-08-17,CTG121030: Công bố thông tin 6 tháng đầu năm 2022 đã được soát xét,Công bố thông tin 6 tháng đầu năm 2022 đã được soát xét,https://cafef.vn/du-lieu/CTG-408632/ctg121030-cong-bo-thong-tin-6-thang-dau-nam-2022-da-duoc-soat-xet.chn,cafef
2022-08-10,CTG: HĐQT thông qua hợp đồng cấp bảo lãnh cho VBI,&nbsp;Ngân hàng Thương mại Cổ phần Công Thương Việt Nam&nbsp;CBTT&nbsp;HĐQT thông qua hợp đồng cấp bảo lãnh cho VBI như sau:,https://cafef.vn/du-lieu/CTG-412208/ctg-hdqt-thong-qua-hop-dong-cap-bao-lanh-cho-vbi.chn,cafef
2022-08-10,CTG121030: CBTT HĐQT thông qua Hợp đồng cấp bảo lãnh giữa VietinBank với VBI,CBTT HĐQT thông qua Hợp đồng cấp bảo lãnh giữa VietinBank với VBI,https://cafef.vn/du-lieu/CTG-412232/ctg121030-cbtt-hdqt-thong-qua-hop-dong-cap-bao-lanh-giua-vietinbank-voi-vbi.chn,cafef
2022-08-05,CTG121030: Quyết định của VNX chấp nhận thành viên giao dịch đặc biệt đối với VietinBank,CBTT Quyết định của VNX chấp nhận thành viên giao dịch đặc biệt đối với  VietinBank,https://cafef.vn/du-lieu/CTG-414122/ctg121030-quyet-dinh-cua-vnx-chap-nhan-thanh-vien-giao-dich-dac-biet-doi-voi-vietinbank.chn,cafef
2022-08-05,CTG: Quyết định của Sở GGCK Việt Nam chấp thuận thành viên giao dịch đặc biệt đối với CTG,Ngân hàng Thương mại Cổ phần Công Thương Việt Nam&nbsp;thông báo Quyết định của Sở Giao dịch Chứng khoán Việt Nam về việc chấp thuận thành viên giao dịch đặc biệt đối với CTG như sau:,https://cafef.vn/du-lieu/CTG-414479/ctg-quyet-dinh-cua-so-ggck-viet-nam-chap-thuan-thanh-vien-giao-dich-dac-biet-doi-voi-ctg.chn,cafef
2022-08-03,CTG121030: HĐQT thông qua thỏa thuận sửa đổi hợp đồng đại lý bảo hiểm với VBI,HĐQT thông qua thỏa thuận sửa đổi hợp đồng đại lý bảo hiểm với VBI,https://cafef.vn/du-lieu/CTG-415640/ctg121030-hdqt-thong-qua-thoa-thuan-sua-doi-hop-dong-dai-ly-bao-hiem-voi-vbi.chn,cafef
2022-08-03,CTG: HĐQT thông qua thỏa thuận sửa đổi hợp đồng đại lý bảo hiểm với VBI,Ngân hàng Thương mại Cổ phần Công Thương Việt Nam&nbsp;thông báo&nbsp;HĐQT thông qua thỏa thuận sửa đổi hợp đồng đại lý bảo hiểm với VBI như sau:,https://cafef.vn/du-lieu/CTG-415733/ctg-hdqt-thong-qua-thoa-thuan-sua-doi-hop-dong-dai-ly-bao-hiem-voi-vbi.chn,cafef
2022-07-27,CTG121030: Báo cáo quản trị công ty bán niên 2022,Báo cáo quản trị công ty bán niên 2022,https://cafef.vn/du-lieu/CTG-422312/ctg121030-bao-cao-quan-tri-cong-ty-ban-nien-2022.chn,cafef
2022-07-27,"CTG121030: Công bố thông tin Báo cáo định kỳ tình hình thanh toán gốc, lãi trái phiếu doanh nghiệp phát hành ra công chúng (kỳ báo cáo từ ngày 01/01/2022 đến ngày 30/06/2022)","Công bố thông tin Báo cáo định kỳ tình hình thanh toán gốc, lãi trái phiếu doanh nghiệp phát hành ra công chúng (kỳ báo cáo từ ngày 01/01/2022 đến ngày 30/06/2022)",https://cafef.vn/du-lieu/CTG-422438/ctg121030-cong-bo-thong-tin-bao-cao-dinh-ky-tinh-hinh-thanh-toan-goc-lai-trai-phieu-doanh-nghiep-phat-hanh-ra-cong-chung-ky-bao-cao-tu-ngay-01012022-den-ngay-30062022.chn,cafef
2022-07-26,"CTG: Báo cáo định kỳ tình hình thanh toán gốc, lãi trái phiếu doanh nghiệp 6 tháng đầu năm 2022","Ngân hàng Thương mại Cổ phần Công Thương Việt Nam&nbsp;công bố Báo cáo định kỳ tình hình thanh toán gốc, lãi trái phiếu doanh nghiệp 6 tháng đầu năm 2022 như sau:",https://cafef.vn/du-lieu/CTG-423029/ctg-bao-cao-dinh-ky-tinh-hinh-thanh-toan-goc-lai-trai-phieu-doanh-nghiep-6-thang-dau-nam-2022.chn,cafef
2022-07-26,CTG: Báo cáo tình hình quản trị công ty 6 tháng đầu năm 2022,Ngân hàng Thương mại Cổ phần Công Thương Việt Nam&nbsp;công bố báo cáo tình hình quản trị công ty 6 tháng đầu năm 2022&nbsp;như sau:,https://cafef.vn/du-lieu/CTG-423053/ctg-bao-cao-tinh-hinh-quan-tri-cong-ty-6-thang-dau-nam-2022.chn,cafef
2022-07-21,CTG121030: HĐQT thông qua Hợp đồng hạn mức giao dịch liên ngân hàng với VietinBank Leasing,HĐQT thông qua Hợp đồng hạn mức giao dịch liên ngân hàng với VietinBank Leasing,https://cafef.vn/du-lieu/CTG-426806/ctg121030-hdqt-thong-qua-hop-dong-han-muc-giao-dich-lien-ngan-hang-voi-vietinbank-leasing.chn,cafef
2022-07-20,CTG: Thông qua HĐ hạn mức giao dịch cho vay/ gửi tiền trên thị trường liên ngân hàng với VTB Leasing,Ngân hàng Thương mại Cổ phần Công Thương Việt Nam&nbsp;thông báo&nbsp;HĐQT thông qua hợp đồng hạn mức giao dịch cho vay/ gửi tiền trên thị trường liên ngân hàng với VTB Leasing như sau:,https://cafef.vn/du-lieu/CTG-427181/ctg-thong-qua-hd-han-muc-giao-dich-cho-vay-gui-tien-tren-thi-truong-lien-ngan-hang-voi-vtb-leasing.chn,cafef
2022-07-04,CTG121030: HĐQT thông qua Hợp đồng bảo hiểm BBB &ECC với VBI,HĐQT thông qua Hợp đồng bảo hiểm BBB &amp;ECC với VBI,https://cafef.vn/du-lieu/CTG-436991/ctg121030-hdqt-thong-qua-hop-dong-bao-hiem-bbb-ecc-voi-vbi.chn,cafef
2022-07-01,CTG: HĐQT thông qua hợp đồng bảo hiểm toàn diện ngân hàng và tội phạm công nghệ giữa CTG và VBI,Ngân hàng Thương mại Cổ phần Công Thương Việt Nam&nbsp;thông báo&nbsp;HĐQT thông qua hợp đồng bảo hiểm toàn diện ngân hàng và tội phạm công nghệ giữa CTG và VBI như sau:,https://cafef.vn/du-lieu/CTG-438014/ctg-hdqt-thong-qua-hop-dong-bao-hiem-toan-dien-ngan-hang-va-toi-pham-cong-nghe-giua-ctg-va-vbi.chn,cafef
2022-06-27,CTG121030: Thông báo thay đổi giấy phép thành lập và hoạt động,Thông báo thay đổi giấy phép thành lập và hoạt động,https://cafef.vn/du-lieu/CTG-442124/ctg121030-thong-bao-thay-doi-giay-phep-thanh-lap-va-hoat-dong.chn,cafef
2022-06-24,CTG: Thay đổi giấy phép thành lập và hoạt động,Ngân hàng Thương mại Cổ phần Công Thương Việt Nam&nbsp;thông báo&nbsp;thay đổi giấy phép thành lập và hoạt động&nbsp; như sau:,https://cafef.vn/du-lieu/CTG-442784/ctg-thay-doi-giay-phep-thanh-lap-va-hoat-dong.chn,cafef
2022-05-27,CTG121030: Công bố thông tin HĐQT thông qua 02 hợp đồng mua chứng chỉ tiền gửi với VBI,Công bố thông tin HĐQT thông qua 02 hợp đồng mua chứng chỉ tiền gửi với VBI,https://cafef.vn/du-lieu/CTG-456809/ctg121030-cong-bo-thong-tin-hdqt-thong-qua-02-hop-dong-mua-chung-chi-tien-gui-voi-vbi.chn,cafef
2022-05-26,CTG: HĐQT thông qua 02 hợp đồng mua chứng chỉ tiền gửi với VBI,&nbsp;Ngân hàng Thương mại Cổ phần Công Thương Việt Nam thông báo&nbsp;HĐQT thông qua 02 hợp đồng mua chứng chỉ&nbsp; tiền gửi với VBI như sau:,https://cafef.vn/du-lieu/CTG-457928/ctg-hdqt-thong-qua-02-hop-dong-mua-chung-chi-tien-gui-voi-vbi.chn,cafef
2022-05-18,"CTG121030: Công bố thông tin Ký Hợp đồng kiểm toán độc lập năm 2022 v/v: "" Cung cấp dịch vụ soát xét, kiểm toán báo cáo tài chính và hoạt động của hệ thống kiểm soát nội bộ VietinBank năm 2022""","Công bố thông tin Ký Hợp đồng kiểm toán độc lập năm 2022 v/v: "" Cung cấp dịch vụ soát xét, kiểm toán báo cáo tài chính và hoạt động của hệ thống kiểm soát nội bộ VietinBank năm 2022""",https://cafef.vn/du-lieu/CTG-462392/ctg121030-cong-bo-thong-tin-ky-hop-dong-kiem-toan-doc-lap-nam-2022-vv--cung-cap-dich-vu-soat-xet-kiem-toan-bao-cao-tai-chinh-va-hoat-dong-cua-he-thong-kiem-soat-noi-bo-vietinbank-nam-2022.chn,cafef
2022-05-18,CTG121030: Công bố thông tin HĐQT thông qua HĐ tư vấn phát hành riêng lẻ năm 2022 với VietinBankSc,Công bố thông tin HĐQT thông qua HĐ tư vấn phát hành riêng lẻ năm 2022 với VietinBankSc,https://cafef.vn/du-lieu/CTG-462458/ctg121030-cong-bo-thong-tin-hdqt-thong-qua-hd-tu-van-phat-hanh-rieng-le-nam-2022-voi-vietinbanksc.chn,cafef
2022-05-16,CTG: HĐQT thông qua hợp đồng tư vấn phát hành trái phiếu riêng lẻ năm 2022 với VietinBankSc,Ngân hàng Thương mại Cổ phần Công Thương Việt Nam&nbsp;thông báo&nbsp;HĐQT thông qua hợp đồng tư vấn phát hành trái phiếu riêng lẻ năm 2022 với VietinBankSc như sau:,https://cafef.vn/du-lieu/CTG-463823/ctg-hdqt-thong-qua-hop-dong-tu-van-phat-hanh-trai-phieu-rieng-le-nam-2022-voi-vietinbanksc.chn,cafef
2022-05-16,CTG: Ký kết hợp đồng kiểm toán BCTC 2022,Ngân hàng Thương mại Cổ phần Công Thương Việt Nam&nbsp;thông báo ký kết hợp đồng kiểm toán BCTC 2022 như sau:,https://cafef.vn/du-lieu/CTG-463826/ctg-ky-ket-hop-dong-kiem-toan-bctc-2022.chn,cafef
2022-05-10,CTG121030: Nghị quyết HĐQT thông qua việc điều chỉnh phương án trích quỹ và chia cổ tức tiền mặt năm 2020,Nghị quyết Hội đồng quản trị,https://cafef.vn/du-lieu/CTG-466712/ctg121030-nghi-quyet-hdqt-thong-qua-viec-dieu-chinh-phuong-an-trich-quy-va-chia-co-tuc-tien-mat-nam-2020.chn,cafef
2022-05-04,CTG121030: Nghị quyết HĐQT thông qua việc điều chỉnh phương án trích quỹ và chia cổ tức tiền mặt năm 2022,CBTT Nghị quyết HĐQT thông qua việc điều chỉnh phương án trích quỹ và chia cổ tức tiền mặt năm 2022,https://cafef.vn/du-lieu/CTG-471698/ctg121030-nghi-quyet-hdqt-thong-qua-viec-dieu-chinh-phuong-an-trich-quy-va-chia-co-tuc-tien-mat-nam-2022.chn,cafef
2022-05-04,CTG121030: Cập nhật bổ sung tài liệu ĐHĐCĐ thường niên 2022 của VietinBank,CBTT cập nhật bổ sung tài liệu ĐHĐCĐ thường niên 2022 của VietinBank,https://cafef.vn/du-lieu/CTG-471830/ctg121030-cap-nhat-bo-sung-tai-lieu-dhdcd-thuong-nien-2022-cua-vietinbank.chn,cafef
2022-05-04,CTG121030: Nghị quyết Đại hội đồng cổ đông thường niên năm 2022,Nghị quyết Đại hội đồng cổ đông thường niên năm 2022,https://cafef.vn/du-lieu/CTG-471839/ctg121030-nghi-quyet-dai-hoi-dong-co-dong-thuong-nien-nam-2022.chn,cafef
2022-05-04,CTG: Nghị quyết và Biên bản họp ĐHĐCĐ thường niên năm 2022,Ngân hàng Thương mại Cổ phần Công Thương Việt Nam&nbsp;thông báo&nbsp;Nghị quyết và Biên bản họp ĐHĐCĐ thường niên năm 2022&nbsp;như sau:,https://cafef.vn/du-lieu/CTG-472247/ctg-nghi-quyet-va-bien-ban-hop-dhdcd-thuong-nien-nam-2022.chn,cafef
2022-04-29,"CTG: Cập nhật, bổ sung tài liệu họp ĐHĐCĐ thường niên năm 2022","Ngân hàng Thương mại Cổ phần Công Thương Việt Nam&nbsp;thông báo cập nhật, bổ sung tài liệu họp ĐHĐCĐ thường niên năm 2022 như sau:",https://cafef.vn/du-lieu/CTG-474977/ctg-cap-nhat-bo-sung-tai-lieu-hop-dhdcd-thuong-nien-nam-2022.chn,cafef
2022-04-29,CTG: Nghị quyết HĐQT v/v điều chỉnh phương án trích quỹ và chia cổ tức tiền mặt năm 2020,Ngân hàng Thương mại Cổ phần Công Thương Việt Nam thông báo Nghị quyết HĐQT về việc điều chỉnh phương án trích quỹ và chia cổ tức tiền mặt năm 2020 như sau:,https://cafef.vn/du-lieu/CTG-474986/ctg-nghi-quyet-hdqt-vv-dieu-chinh-phuong-an-trich-quy-va-chia-co-tuc-tien-mat-nam-2020.chn,cafef
2022-04-28,Lợi nhuận trước thuế quý 1 của VietinBank đạt hơn 5.800 tỷ đồng,Ngân hàng TMCP Công Thương Việt Nam (VietinBank – CTG) vừa công bố báo cáo tài chính hợp nhất quý 1/2022.,https://cafef.vn/loi-nhuan-truoc-thue-quy-1-cua-vietinbank-dat-hon-5800-ty-dong-20220428155308213.chn,cafef
2022-04-26,CTG121030: Công bố thông tin bất thường HĐQT thông qua Thỏa thuận cung cấp và sử dụng thanh toán VNĐ với VietinBank Lào,Công bố thông tin bất thường HĐQT thông qua Thỏa thuận cung cấp và sử dụng thanh toán VNĐ với VietinBank Lào,https://cafef.vn/du-lieu/CTG-478250/ctg121030-cong-bo-thong-tin-bat-thuong-hdqt-thong-qua-thoa-thuan-cung-cap-va-su-dung-thanh-toan-vnd-voi-vietinbank-lao.chn,cafef
2022-04-25,CTG: Nghị quyết HĐQT v/v cung cấp và sử dụng dịch vụ thanh toán VNĐ với VietinBank Lào,Ngân hàng Thương mại Cổ phần Công Thương Việt Nam&nbsp;thông báo&nbsp;Nghị quyết HĐQT về việc thông qua thỏa thuận cung cấp và sử dụng dịch vụ thanh toán VNĐ với VietinBank Lào như sau:,https://cafef.vn/du-lieu/CTG-480080/ctg-nghi-quyet-hdqt-vv-cung-cap-va-su-dung-dich-vu-thanh-toan-vnd-voi-vietinbank-lao.chn,cafef
2022-04-16,CTG121030: Nghị quyết HĐQT phê duyệt phương án phát hành tổng thể trái phiếu tăng vốn cấp 2 theo hình thức riêng lẻ năm 2022,Nghị quyết Hội đồng quản trị,https://cafef.vn/du-lieu/CTG-487745/ctg121030-nghi-quyet-hdqt-phe-duyet-phuong-an-phat-hanh-tong-the-trai-phieu-tang-von-cap-2-theo-hinh-thuc-rieng-le-nam-2022.chn,cafef
2022-04-16,CTG121030: Tài liệu họp Đại hội đồng cổ đông,Tài liệu họp Đại hội đồng cổ đông,https://cafef.vn/du-lieu/CTG-487802/ctg121030-tai-lieu-hop-dai-hoi-dong-co-dong.chn,cafef
2022-04-14,CTG: Nghị quyết HĐQT phê duyệt phương án phát hành tổng thể trái phiếu tăng vốn cấp 2,Ngân hàng Thương mại Cổ phần Công Thương Việt Nam&nbsp;thông báo Nghị quyết HĐQT về việc phê duyệt phương án phát hành tổng thể trái phiếu tăng vốn cấp 2 theo hình thức riêng lẻ như sau:,https://cafef.vn/du-lieu/CTG-489632/ctg-nghi-quyet-hdqt-phe-duyet-phuong-an-phat-hanh-tong-the-trai-phieu-tang-von-cap-2.chn,cafef
2022-04-14,CTG121030: Thông báo mời họp và công bố thông tin tài liệu ĐHĐCĐ thường niên 2022 của VietinBank,Thông báo mời họp và công bố thông tin tài liệu ĐHĐCĐ thường niên 2022 của VietinBank,https://cafef.vn/du-lieu/CTG-489818/ctg121030-thong-bao-moi-hop-va-cong-bo-thong-tin-tai-lieu-dhdcd-thuong-nien-2022-cua-vietinbank.chn,cafef
2022-04-08,CTG: Tài liệu họp ĐHĐCĐ thường niên năm 2022,Ngân hàng Thương mại Cổ phần Công Thương Việt Nam&nbsp;thông báo tài liệu họp ĐHĐCĐ thường niên năm 2022 như sau:,https://cafef.vn/du-lieu/CTG-492428/ctg-tai-lieu-hop-dhdcd-thuong-nien-nam-2022.chn,cafef
2022-04-07,CTG121030: Công bố thông tin tiến độ sử dụng vốn thu được từ chào bán trái phiếu ra công chúng năm 2021,Công bố thông tin tiến độ sử dụng vốn thu được từ chào bán trái phiếu ra công chúng năm 2021,https://cafef.vn/du-lieu/CTG-493910/ctg121030-cong-bo-thong-tin-tien-do-su-dung-von-thu-duoc-tu-chao-ban-trai-phieu-ra-cong-chung-nam-2021.chn,cafef
2022-04-07,CTG121030: HĐQT thông qua Hợp đồng thế chấp tài sản với VietinBank Lào,HĐQT thông qua Hợp đồng thế chấp tài sản với VietinBank Lào,https://cafef.vn/du-lieu/CTG-493943/ctg121030-hdqt-thong-qua-hop-dong-the-chap-tai-san-voi-vietinbank-lao.chn,cafef
2022-04-05,CTG: Báo cáo tiến độ sử dụng vốn thu được từ đợt chào bán trái phiếu ra công chúng,Ngân hàng Thương mại Cổ phần Công Thương Việt Nam công bố báo cáo tiến độ sử dụng vốn thu được từ đợt chào bán trái phiếu ra công chúng&nbsp;như sau:,https://cafef.vn/du-lieu/CTG-495761/ctg-bao-cao-tien-do-su-dung-von-thu-duoc-tu-dot-chao-ban-trai-phieu-ra-cong-chung.chn,cafef
2022-04-05,CTG: HĐQT thông qua hợp đồng thế chấp tài sản với Vietinbank Lào,Ngân hàng Thương mại Cổ phần Công Thương Việt Nam&nbsp;thông báo&nbsp;HĐQT thông qua hợp đồng thế chấp tài sản với Vietinbank Lào&nbsp;như sau:,https://cafef.vn/du-lieu/CTG-495944/ctg-hdqt-thong-qua-hop-dong-the-chap-tai-san-voi-vietinbank-lao.chn,cafef
2022-01-28,CTG: Báo cáo tình hình quản trị công ty năm 2021,Ngân hàng Thương mại Cổ phần Công Thương Việt Nam&nbsp;công bố&nbsp;Báo cáo tình hình quản trị công ty năm 2021&nbsp;như sau:,https://cafef.vn/du-lieu/CTG-503612/ctg-bao-cao-tinh-hinh-quan-tri-cong-ty-nam-2021.chn,cafef
2022-01-28,CTG: Quyết định của NHNNVN v/v cử người đại diện phần vốn nhà nước tại Vietinbank,&nbsp;Ngân hàng Thương mại Cổ phần Công Thương Việt Nam&nbsp;thông báo Quyết định của NHNNVN về việc cử người đại diện phần vốn nhà nước tại Vietinbank như sau:,https://cafef.vn/du-lieu/CTG-503852/ctg-quyet-dinh-cua-nhnnvn-vv-cu-nguoi-dai-dien-phan-von-nha-nuoc-tai-vietinbank.chn,cafef
2022-01-27,CTG: Điều chỉnh BCTC kiểm toán năm 2020,Ngân hàng Thương mại Cổ phần Công Thương Việt Nam&nbsp;thông báo điều chỉnh BCTC kiểm toán năm 2020 như sau:,https://cafef.vn/du-lieu/CTG-505886/ctg-dieu-chinh-bctc-kiem-toan-nam-2020.chn,cafef
2022-01-24,"CTG: Báo cáo định kỳ tình hình thanh toán gốc, lãi trái phiếu doanh nghiệp","Ngân hàng Thương mại Cổ phần Công Thương Việt Nam công bố Báo cáo định kỳ tình hình thanh toán gốc, lãi trái phiếu doanh nghiệp&nbsp;như sau:&nbsp;",https://cafef.vn/du-lieu/CTG-509177/ctg-bao-cao-dinh-ky-tinh-hinh-thanh-toan-goc-lai-trai-phieu-doanh-nghiep.chn,cafef
2022-01-18,CTG: Quyết định của HĐQT v/v ban hành Quy chế CBTT trên thị trường chứng khoán,Ngân hàng Thương mại Cổ phần Công Thương Việt Nam&nbsp;công bố&nbsp;Quyết định của HĐQT về việc ban hành Quy chế CBTT trên thị trường chứng khoán (kèm quy chế) như sau:&nbsp;,https://cafef.vn/du-lieu/CTG-513605/ctg-quyet-dinh-cua-hdqt-vv-ban-hanh-quy-che-cbtt-tren-thi-truong-chung-khoan.chn,cafef
2022-01-13,CTG: NQ HĐQT về HĐ hạn mức GD trên thị trường liên ngân hàng giữa VietinBank và NHTNHH Indovina,Ngân hàng Thương mại Cổ phần Công Thương Việt Nam&nbsp;thông báo&nbsp;Nghị quyết HĐQT về việc nhất trí thông qua các hợp đồng hạn mức giao dịch trên thị trường liên ngân hàng giữa VietinBank và Ngân hàng&nbsp;TNHH Indovina như sau:,https://cafef.vn/du-lieu/CTG-515930/ctg-nq-hdqt-ve-hd-han-muc-gd-tren-thi-truong-lien-ngan-hang-giua-vietinbank-va-nhtnhh-indovina.chn,cafef
2025-12-25,CTG: Đã phát hành 2.396.952.889 cổ phiếu để trả cổ tức,Ngân hàng Thương mại Cổ phần Công Thương Việt Nam công bố báo cáo kết quả phát hành cổ phiếu để trả cổ tức,https://cafef.vn/du-lieu/CTG-2369775/ctg-da-phat-hanh-2396952889-co-phieu-de-tra-co-tuc.chn,cafef
2025-12-10,"CTG: 17.12.2025, ngày GDKHQ phát hành cổ phiếu trả cổ tức (tỷ lệ 100 : 44,63658403)",Sở Giao dịch Chứng khoán TP.HCM thông báo về ngày đăng ký cuối cùng phát hành cổ phiếu trả cổ tức của Ngân hàng Thương mại Cổ phần Công Thương Việt Nam,https://cafef.vn/du-lieu/CTG-2369774/ctg-17122025-ngay-gdkhq-phat-hanh-co-phieu-tra-co-tuc-ty-le-100--4463658403.chn,cafef
2025-10-03,"CTG: 14.10.2025, ngày GDKHQ trả cổ tức năm 2024 bằng tiền (450 đ/cp)",Sở Giao dịch Chứng khoán Thành phố Hồ Chí Minh thông báo ngày ĐKCC chi trả cổ tức năm 2024 bằng tiền của Ngân hàng Thương mại Cổ phần Công Thương Việt Nam,https://cafef.vn/du-lieu/CTG-2310658/ctg-14102025-ngay-gdkhq-tra-co-tuc-nam-2024-bang-tien-450-dcp.chn,cafef
2023-12-13,CTG: Đã phát hành 564.241.139 cổ phiếu để trả cổ tức,Ngân hàng Thương mại Cổ phần Công Thương Việt Nam báo cáo kết quả phát hành cổ phiếu để trả cổ tức,https://cafef.vn/du-lieu/CTG-1913828/ctg-da-phat-hanh-564241139-co-phieu-de-tra-co-tuc.chn,cafef
2023-11-24,"CTG: 30.11.2023, ngày GDKHQ phát hành cổ phiếu để trả cổ tức (tỷ lệ 100:11,7415)",Sở Giao dịch Chứng khoán TP.HCM thông báo ngày ĐKCC phát hành cổ phiếu để trả cổ tức đối với Ngân hàng Thương mại Cổ phần Công Thương Việt Nam,https://cafef.vn/du-lieu/CTG-1913827/ctg-30112023-ngay-gdkhq-phat-hanh-co-phieu-de-tra-co-tuc-ty-le-100117415.chn,cafef
