date,title,description,url,source
2026-06-08,DIG: Thông báo về việc ký hợp đồng kiểm toán BCTC năm 2026,Tổng Công ty Cổ phần Đầu tư Phát triển Xây dựng thông báo về việc ký hợp đồng kiểm toán BCTC năm 2026,https://cafef.vn/du-lieu/DIG-2904548/dig-thong-bao-ve-viec-ky-hop-dong-kiem-toan-bctc-nam-2026.chn,cafef
2026-06-03,DIG: Nghị quyết HĐQT về việc lựa chọn đơn vị kiểm toán BCTC 2026,Tổng Công ty Cổ phần Đầu tư Phát triển Xây dựng thông báo Nghị quyết HĐQT về việc lựa chọn đơn vị kiểm toán BCTC 2026,https://cafef.vn/du-lieu/DIG-2901402/dig-nghi-quyet-hdqt-ve-viec-lua-chon-don-vi-kiem-toan-bctc-2026.chn,cafef
2026-06-03,DIG: Nghị quyết HĐQT về việc lựa chọn đơn vị kiểm toán BCTC 2026,Tổng Công ty Cổ phần Đầu tư Phát triển Xây dựng thông báo NQ HĐQT về việc lựa chọn đơn vị kiểm toán BCTC 2026,https://cafef.vn/du-lieu/DIG-2901387/dig-nghi-quyet-hdqt-ve-viec-lua-chon-don-vi-kiem-toan-bctc-2026.chn,cafef
2026-05-13,DIG: Báo cáo tình hình sử dụng vốn thu được từ đợt phát hành chứng khoán riêng lẻ tăng vốn điều lệ thêm 750 tỷ đồng đã được kiểm toán,Tổng Công ty Cổ phần Đầu tư Phát triển Xây dựng công bố báo cáo tình hình sử dụng vốn thu được từ đợt phát hành chứng khoán riêng lẻ tăng vốn điều lệ thêm 750 tỷ đồng đã được kiểm toán,https://cafef.vn/du-lieu/DIG-2886302/dig-bao-cao-tinh-hinh-su-dung-von-thu-duoc-tu-dot-phat-hanh-chung-khoan-rieng-le-tang-von-dieu-le-them-750-ty-dong-da-duoc-kiem-toan.chn,cafef
2026-05-13,DIG: Nghị quyết HĐQT nhận chuyển nhượng lại các tài sản thương mại tại Block CChung cư DIC Phoenix từ Công ty CP Đầu tư Phát triền Tầm nhìn DIC,Tổng Công ty Cổ phần Đầu tư Phát triển Xây dựng công bố Nghị quyết HĐQT số 144 ngày 11/05/2026,https://cafef.vn/du-lieu/DIG-2886139/dig-nghi-quyet-hdqt-nhan-chuyen-nhuong-lai-cac-tai-san-thuong-mai-tai-block-cchung-cu-dic-phoenix-tu-cong-ty-cp-dau-tu-phat-trien-tam-nhin-dic.chn,cafef
2026-05-06,DIG: Link công bố điều lệ và các quy chế,Tổng Công ty Cổ phần Đầu tư Phát triển Xây dựng thông báo link công bố điều lệ và các quy chế,https://cafef.vn/du-lieu/DIG-2880830/dig-link-cong-bo-dieu-le-va-cac-quy-che.chn,cafef
2026-04-29,DIG: Giải trình BCTC quý 1/2026 so với cùng kỳ năm trước,Tổng Công ty Cổ phần Đầu tư Phát triển Xây dựng giải trình BCTC quý 1/2026 so với cùng kỳ năm trước,https://cafef.vn/du-lieu/DIG-2876713/dig-giai-trinh-bctc-quy-12026-so-voi-cung-ky-nam-truoc.chn,cafef
2026-04-28,DIG: Báo cáo tiến độ sử dụng vốn thu được từ đợt chào bán cổ phiếu riêng lẻ 2021,Tổng Công ty Cổ phần Đầu tư Phát triển Xây dựng công bố Báo cáo tiến độ sử dụng vốn thu được từ đợt chào bán CP riêng lẻ 2021,https://cafef.vn/du-lieu/DIG-2677489/dig-bao-cao-tien-do-su-dung-von-thu-duoc-tu-dot-chao-ban-co-phieu-rieng-le-2021.chn,cafef
2026-04-28,DIG: Nghị quyết và Biên bản họp ĐHĐCĐ thường niên 2026,Tổng Công ty Cổ phần Đầu tư Phát triển Xây dựng công bố Nghị quyết và Biên bản họp ĐHĐCĐ thường niên 2026,https://cafef.vn/du-lieu/DIG-2677490/dig-nghi-quyet-va-bien-ban-hop-dhdcd-thuong-nien-2026.chn,cafef
2026-04-17,DIG: Thông báo đường dẫn báo cáo phát triển bền vững năm 2025,Tổng Công ty Cổ phần Đầu tư Phát triển Xây dựng thông báo đường dẫn báo cáo phát triển bền vững năm 2025,https://cafef.vn/du-lieu/DIG-2668576/dig-thong-bao-duong-dan-bao-cao-phat-trien-ben-vung-nam-2025.chn,cafef
2026-04-17,DIG: Thông báo đường dẫn báo cáo thường niên năm 2026,Tổng Công ty Cổ phần Đầu tư Phát triển Xây dựng thông báo đường dẫn báo cáo thường niên năm 2026,https://cafef.vn/du-lieu/DIG-2668579/dig-thong-bao-duong-dan-bao-cao-thuong-nien-nam-2026.chn,cafef
2026-04-01,DIG: Thông báo về việc hoàn tất thoái toàn bộ vốn góp tại Công ty Cổ phần Gạch men Anh Em DIC,Tổng Công ty Cổ phần Đầu tư Phát triển Xây dựng thông báo về việc hoàn tất thoái toàn bộ vốn góp tại Công ty Cổ phần Gạch men Anh Em DIC,https://cafef.vn/du-lieu/DIG-2656142/dig-thong-bao-ve-viec-hoan-tat-thoai-toan-bo-von-gop-tai-cong-ty-co-phan-gach-men-anh-em-dic.chn,cafef
2026-03-31,DIG: Link công bố tài liệu ĐHĐCĐ thường niên 2026,Tổng Công ty Cổ phần Đầu tư Phát triển Xây dựng thông báo link công bố tài liệu ĐHĐCĐ thường niên 2026,https://cafef.vn/du-lieu/DIG-2647451/dig-link-cong-bo-tai-lieu-dhdcd-thuong-nien-2026.chn,cafef
2026-03-31,"DIG: Nghị quyết HĐQT thông qua tài liệu, thời gian chính thức họp ĐHĐCĐ thường niên 2026","Tổng Công ty Cổ phần Đầu tư Phát triển Xây dựng thông báo Nghị quyết HĐQT về việc thông qua tài liệu,  thời gian chính thức họp ĐHĐCĐTN 2026",https://cafef.vn/du-lieu/DIG-2647452/dig-nghi-quyet-hdqt-thong-qua-tai-lieu-thoi-gian-chinh-thuc-hop-dhdcd-thuong-nien-2026.chn,cafef
2026-03-31,DIG: Nghị quyết HĐQT thông qua chủ trương giải thể CTCP Đầu tư Phát triển Tầm nhìn DIC,Tổng Công ty Cổ phần Đầu tư Phát triển Xây dựng thông báo Nghị quyết HĐQT về việc thông qua chủ trương giải thể CTCP Đầu tư Phát triển Tầm nhìn DIC,https://cafef.vn/du-lieu/DIG-2657257/dig-nghi-quyet-hdqt-thong-qua-chu-truong-giai-the-ctcp-dau-tu-phat-trien-tam-nhin-dic.chn,cafef
2026-03-30,DIG: Giải trình BCTC kiểm toán năm 2025 so với cùng kỳ năm trước,Tổng Công ty Cổ phần Đầu tư Phát triển Xây dựng giải trình BCTC kiểm toán năm 2025 so với cùng kỳ năm trước,https://cafef.vn/du-lieu/DIG-2638034/dig-giai-trinh-bctc-kiem-toan-nam-2025-so-voi-cung-ky-nam-truoc.chn,cafef
2026-03-26,DIG: Nghị quyết HĐQT phê duyệt chủ trương góp vốn thành lập Công ty TNHH Bất động sản Saigonres Vạn Xuân,Tổng Công ty Cổ phần Đầu tư Phát triển Xây dựng thông báo Nghị quyết HĐQT về việc phê duyệt chủ trương góp vốn thành lập Công ty TNHH Bất động sản Saigonres Vạn Xuân,https://cafef.vn/du-lieu/DIG-2656950/dig-nghi-quyet-hdqt-phe-duyet-chu-truong-gop-von-thanh-lap-cong-ty-tnhh-bat-dong-san-saigonres-van-xuan.chn,cafef
2026-03-26,DIG: Nghị quyết HĐQT thông qua chủ trương cho DIC Phương Nam vay vốn SXKD,Tổng Công ty Cổ phần Đầu tư Phát triển Xây dựng thông báo Nghị quyết HĐQT về việc thông qua chủ trương cho DIC Phương Nam vay vốn SXKD,https://cafef.vn/du-lieu/DIG-2656824/dig-nghi-quyet-hdqt-thong-qua-chu-truong-cho-dic-phuong-nam-vay-von-sxkd.chn,cafef
2026-03-06,DIG: CBTT hoàn tất mua cổ phần trong đợt phát hành cho CĐHH của CTCP Đầu tư Phát triển Phương Nam,Tổng Công ty Cổ phần Đầu tư Phát triển Xây dựng CBTT hoàn tất mua cổ phần trong đợt phát hành cho CĐHH của CTCP Đầu tư Phát triển Phương Nam,https://cafef.vn/du-lieu/DIG-2413574/dig-cbtt-hoan-tat-mua-co-phan-trong-dot-phat-hanh-cho-cdhh-cua-ctcp-dau-tu-phat-trien-phuong-nam.chn,cafef
2026-03-04,"DIG: 20.3.2026, ngày GDKHQ tham dự ĐHĐCĐ thường niên năm 2026",Sở Giao dịch Chứng khoán TP.HCM thông báo về ngày đăng ký cuối cùng tham dự ĐHĐCĐ thường niên năm 2026 của Tổng Công ty Cổ phần Đầu tư Phát triển Xây d,https://cafef.vn/du-lieu/DIG-2411776/dig-2032026-ngay-gdkhq-tham-du-dhdcd-thuong-nien-nam-2026.chn,cafef
2026-03-04,DIG: CBTT giải thế Công ty TNHH Đại Phước Thiên Minh,Tổng Công ty Cổ phần Đầu tư Phát triển Xây dựng thông báo giải thế Công ty TNHH Đại Phước Thiên Minh,https://cafef.vn/du-lieu/DIG-2411962/dig-cbtt-giai-the-cong-ty-tnhh-dai-phuoc-thien-minh.chn,cafef
2026-03-03,DIG: Nghị quyết HĐQT thông qua chủ trương mua lại cổ phiếu của chính mình của Tập đoàn DIC,Tổng Công ty Cổ phần Đầu tư Phát triển Xây dựng thông báo Nghị quyết HĐQT về việc thông qua chủ trương mua lại cổ phiếu của chính mình của Tập đoàn DIC,https://cafef.vn/du-lieu/DIG-2411205/dig-nghi-quyet-hdqt-thong-qua-chu-truong-mua-lai-co-phieu-cua-chinh-minh-cua-tap-doan-dic.chn,cafef
2026-02-27,DIG: Nghị quyết HĐQT về việc tổ chức ĐHĐCĐ thường niên 2026,Tổng Công ty Cổ phần Đầu tư Phát triển Xây dựng thông báo Nghị quyết HĐQT về việc tổ chức ĐHĐCĐTN 2026,https://cafef.vn/du-lieu/DIG-2409011/dig-nghi-quyet-hdqt-ve-viec-to-chuc-dhdcd-thuong-nien-2026.chn,cafef
2026-01-30,DIG: Giải trình biến động LNST trên BCTC quý 4/2025 so với cùng kỳ năm trước,Tổng Công ty Cổ phần Đầu tư Phát triển Xây dựng thông báo giải trình biến động LNST trên BCTC quý 4/2025 so với cùng kỳ năm trước,https://cafef.vn/du-lieu/DIG-2393018/dig-giai-trinh-bien-dong-lnst-tren-bctc-quy-42025-so-voi-cung-ky-nam-truoc.chn,cafef
2026-01-30,DIG: Kết quả mua lại trái phiếu trước hạn,Tổng Công ty Cổ phần Đầu tư Phát triển Xây dựng thông báo kết quả mua lại trái phiếu trước hạn,https://cafef.vn/du-lieu/DIG-2393867/dig-ket-qua-mua-lai-trai-phieu-truoc-han.chn,cafef
2026-01-27,DIG: Thông báo về việc chấm dứt góp vốn vào Công ty TNHH Đại Phước Thiên An và Công ty TNHH Đại Phước Thiên Minh,Tổng Công ty Cổ phần Đầu tư Phát triển Xây dựng thông báo về việc chấm dứt góp vốn vào Công ty TNHH Đại Phước Thiên An và Công ty TNHH Đại Phước Thiên Minh,https://cafef.vn/du-lieu/DIG-2391223/dig-thong-bao-ve-viec-cham-dut-gop-von-vao-cong-ty-tnhh-dai-phuoc-thien-an-va-cong-ty-tnhh-dai-phuoc-thien-minh.chn,cafef
2026-01-15,DIG: Link công bố điều lệ sửa đổi,Tổng Công ty Cổ phần Đầu tư Phát triển Xây dựng thông báo link công bố điều lệ sửa đổi,https://cafef.vn/du-lieu/DIG-2383724/dig-link-cong-bo-dieu-le-sua-doi.chn,cafef
2026-01-05,"DIG: Chuyển nhượng một phần dự án (PK 1,2,3, DT 307.428 m2) KĐT Du lịch Sinh thái Đại Phước","Tổng Công ty Cổ phần Đầu tư Phát triển Xây dựng thông báo chuyển nhượng một phần dự án (PK 1,2,3, DT 307.428 m2) KĐT Du lịch Sinh thái Đại Phước",https://cafef.vn/du-lieu/DIG-2376583/dig-chuyen-nhuong-mot-phan-du-an-pk-123-dt-307428-m2-kdt-du-lich-sinh-thai-dai-phuoc.chn,cafef
2026-01-05,DIG: CBTT hoàn tất tăng tỷ lệ sở hữu tại DIC Hospitality,Tổng Công ty Cổ phần Đầu tư Phát triển Xây dựng thông báo hoàn tất tăng tỷ lệ sở hữu tại DIC Hospitality,https://cafef.vn/du-lieu/DIG-2376621/dig-cbtt-hoan-tat-tang-ty-le-so-huu-tai-dic-hospitality.chn,cafef
2026-01-05,"DIG: CBTT chuyển nhượng một phần dự án (PK 7.1, DT 143.906 m2) KĐT Du lịch Sinh thái Đại Phước","Tổng Công ty Cổ phần Đầu tư Phát triển Xây dựng thông báo chuyển nhượng một phần dự án (PK 7.1, DT 143.906 m2) KĐT Du lịch Sinh thái Đại Phước",https://cafef.vn/du-lieu/DIG-2376681/dig-cbtt-chuyen-nhuong-mot-phan-du-an-pk-71-dt-143906-m2-kdt-du-lich-sinh-thai-dai-phuoc.chn,cafef
2025-12-31,"DIG: Nghị quyết HĐQT thông qua chủ trương thực hiện hợp đồng, giao dịch với các bên có liên quan năm 2026","Tổng Công ty Cổ phần Đầu tư Phát triển Xây dựng công bố Nghị quyết HĐQT về việc thông qua chủ trương thực hiện hợp đồng, giao dịch với các bên có liên quan năm 2026",https://cafef.vn/du-lieu/DIG-2377752/dig-nghi-quyet-hdqt-thong-qua-chu-truong-thuc-hien-hop-dong-giao-dich-voi-cac-ben-co-lien-quan-nam-2026.chn,cafef
2025-12-31,DIG: Nghị quyết HĐQT thông qua việc thay đổi con dấu Công ty,Tổng Công ty Cổ phần Đầu tư Phát triển Xây dựng công bố Nghị quyết HĐQT thông qua việc thay đổi con dấu Công ty,https://cafef.vn/du-lieu/DIG-2377755/dig-nghi-quyet-hdqt-thong-qua-viec-thay-doi-con-dau-cong-ty.chn,cafef
2025-12-25,DIG: Báo cáo về vốn điều lệ đã góp đã kiểm toán,Tổng Công ty Cổ phần Đầu tư Phát triển Xây dựng Báo cáo về vốn điều lệ đã góp đã kiểm toán,https://cafef.vn/du-lieu/DIG-2369830/dig-bao-cao-ve-von-dieu-le-da-gop-da-kiem-toan.chn,cafef
2025-12-25,DIG: Giấy chứng nhận đăng ký doanh nghiệp thay đổi lần thứ 28,Tổng Công ty Cổ phần Đầu tư Phát triển Xây dựng thông báo Giấy chứng nhận đăng ký doanh nghiệp thay đổi lần thứ 28,https://cafef.vn/du-lieu/DIG-2369917/dig-giay-chung-nhan-dang-ky-doanh-nghiep-thay-doi-lan-thu-28.chn,cafef
2025-12-15,DIG: Điều chỉnh danh sách nhà đầu tư được phân phối cổ phiếu theo NQ số 123 ngày 04/12/2025,Tổng Công ty Cổ phần Đầu tư Phát triển Xây dựng thông báo điều chỉnh DS nhà đầu tư được phân phối cổ phiếu theo NQ số 123 ngày 04/12/2025,https://cafef.vn/du-lieu/DIG-2361292/dig-dieu-chinh-danh-sach-nha-dau-tu-duoc-phan-phoi-co-phieu-theo-nq-so-123-ngay-04122025.chn,cafef
2025-12-08,DIG: Kết quả mua lại trái phiếu trước hạn,Tổng Công ty Cổ phần Đầu tư Phát triển Xây dựng thông báo kết quả mua lại trái phiếu trước hạn,https://cafef.vn/du-lieu/DIG-2356780/dig-ket-qua-mua-lai-trai-phieu-truoc-han.chn,cafef
2025-12-05,DIG: Thông qua kết quả phân phối và phương án xử lý số lượng cổ phiếu chưa phân phối hết trong đợt chào bán thêm cổ phiếu ra công chúng cho cổ đông hiện hữu,Tổng Công ty Cổ phần Đầu tư Phát triển Xây dựng thông qua kết quả phân phối và phương án xử lý số lượng cổ phiếu chưa phân phối hết trong đợt chào bán thêm cổ phiếu ra công chúng cho cổ đông hiện hữu,https://cafef.vn/du-lieu/DIG-2354719/dig-thong-qua-ket-qua-phan-phoi-va-phuong-an-xu-ly-so-luong-co-phieu-chua-phan-phoi-het-trong-dot-chao-ban-them-co-phieu-ra-cong-chung-cho-co-dong-hien-huu.chn,cafef
2025-12-04,DIG: Nghị quyết HĐQT thông qua giao dịch chuyển nhượng tại dự án Chung cư A2-1,Tổng Công ty Cổ phần Đầu tư Phát triển Xây dựng công bố Nghị quyết HĐQT số 122A ngày 04/12/2025,https://cafef.vn/du-lieu/DIG-2354422/dig-nghi-quyet-hdqt-thong-qua-giao-dich-chuyen-nhuong-tai-du-an-chung-cu-a21.chn,cafef
2025-12-01,DIG: HĐQT thông qua chủ trương mua cổ phần trong đợt phát hành cho CĐHH,Tổng Công ty Cổ phần Đầu tư Phát triển Xây dựng thông báo HĐQT thông qua chủ trương mua cổ phần trong đợt phát hành cho CĐHH,https://cafef.vn/du-lieu/DIG-2352077/dig-hdqt-thong-qua-chu-truong-mua-co-phan-trong-dot-phat-hanh-cho-cdhh.chn,cafef
2025-12-01,DIG: HĐQT thông qua chủ trương mua cổ phần trong đợt phát hành cho CĐHH của DIC Phương Nam,Tổng Công ty Cổ phần Đầu tư Phát triển Xây dựng thông báo HĐQT thông qua chủ trương mua cổ phần trong đợt phát hành cho CĐHH của DIC Phương Nam,https://cafef.vn/du-lieu/DIG-2352078/dig-hdqt-thong-qua-chu-truong-mua-co-phan-trong-dot-phat-hanh-cho-cdhh-cua-dic-phuong-nam.chn,cafef
2025-11-11,DIG: Nghị quyết HĐQT phê duyệt phương án mua lại trước hạn trái phiếu DIGH2326002,Tổng Công ty Cổ phần Đầu tư Phát triển Xây dựng thông báo Nghị quyết HĐQT về việc phê duyệt phương án mua lại trước hạn trái phiếu DIGH2326002,https://cafef.vn/du-lieu/DIG-2337642/dig-nghi-quyet-hdqt-phe-duyet-phuong-an-mua-lai-truoc-han-trai-phieu-digh2326002.chn,cafef
2025-10-31,DIG: Nghị quyết HĐQT thông qua chủ trương bán một phần cổ phiếu tại Công ty Cổ phần DICERA Holdings,Tổng Công ty Cổ phần Đầu tư Phát triển Xây dựng công bố Nghị quyết HĐQT về việc thông qua chủ trương bán một phần cổ phiếu tại Công ty Cổ phần DICERA Holdings,https://cafef.vn/du-lieu/DIG-2333988/dig-nghi-quyet-hdqt-thong-qua-chu-truong-ban-mot-phan-co-phieu-tai-cong-ty-co-phan-dicera-holdings.chn,cafef
2025-10-30,DIG: Nghị quyết HĐQT thông qua chủ trương thoái toàn bộ vốn góp tại CTCP Gạch Men Anh Em DIC,Tổng Công ty Cổ phần Đầu tư Phát triển Xây dựng thông báo Nghị quyết HĐQT về việc thông qua chủ trương thoái toàn bộ vốn góp tại CTCP Gạch Men Anh Em DIC,https://cafef.vn/du-lieu/DIG-2332263/dig-nghi-quyet-hdqt-thong-qua-chu-truong-thoai-toan-bo-von-gop-tai-ctcp-gach-men-anh-em-dic.chn,cafef
2025-10-28,DIG: Giải trình biến động LNST trên BCTC quý 3/2025 so với cùng kỳ năm trước,Tổng Công ty Cổ phần Đầu tư Phát triển Xây dựng thông báo giải trình biến động LNST trên BCTC quý 3/2025 so với cùng kỳ năm trước,https://cafef.vn/du-lieu/DIG-2327673/dig-giai-trinh-bien-dong-lnst-tren-bctc-quy-32025-so-voi-cung-ky-nam-truoc.chn,cafef
2025-10-21,DIG: Nghị quyết HĐQT thông qua chủ trương tất toán trái phiếu trước hạn - DIGH2326001 và DIGH2326002,Tổng Công ty Cổ phần Đầu tư Phát triển Xây dựng công bố Nghị quyết HĐQT về việc thông qua chủ trương tất toán trái phiếu trước hạn - DIGH2326001 và DIGH2326002,https://cafef.vn/du-lieu/DIG-2322480/dig-nghi-quyet-hdqt-thong-qua-chu-truong-tat-toan-trai-phieu-truoc-han-digh2326001-va-digh2326002.chn,cafef
2025-10-15,DIG: Báo cáo tiến độ sử dụng vốn thu được từ đợt chào bán cổ phiếu riêng lẻ năm 2021,Tổng Công ty Cổ phần Đầu tư Phát triển Xây dựng công bố báo cáo tiến độ sử dụng vốn thu được từ đợt chào bán cổ phiếu riêng lẻ năm 2021,https://cafef.vn/du-lieu/DIG-2318291/dig-bao-cao-tien-do-su-dung-von-thu-duoc-tu-dot-chao-ban-co-phieu-rieng-le-nam-2021.chn,cafef
2025-09-29,DIG: Thông báo chào bán cổ phiếu ra công chúng và Bản cáo bạch,Tổng Công ty Cổ phần Đầu tư Phát triển Xây dựng công bố thông báo chào bán cổ phiếu ra công chúng và Bản cáo bạch,https://cafef.vn/du-lieu/DIG-2306846/dig-thong-bao-chao-ban-co-phieu-ra-cong-chung-va-ban-cao-bach.chn,cafef
2025-09-29,DIG: Quyết định của HĐQT về ngày đăng ký cuối cùng để thực hiện quyền mua cổ phiếu từ đợt chào bán cổ phiếu ra công chúng cho CĐHH năm 2025,Tổng Công ty Cổ phần Đầu tư Phát triển Xây dựng công bố Quyết định của HĐQT về ngày đăng ký cuối cùng để thực hiện quyền mua cổ phiếu từ đợt chào bán cổ phiếu ra công chúng cho CĐHH năm 2025,https://cafef.vn/du-lieu/DIG-2307334/dig-quyet-dinh-cua-hdqt-ve-ngay-dang-ky-cuoi-cung-de-thuc-hien-quyen-mua-co-phieu-tu-dot-chao-ban-co-phieu-ra-cong-chung-cho-cdhh-nam-2025.chn,cafef
2025-09-23,DIG: Giấy chứng nhận đăng ký chào bán cổ phiếu ra công chúng,Tổng Công ty Cổ phần Đầu tư Phát triển Xây dựng công bố Giấy chứng nhận đăng ký chào bán cổ phiếu ra công chúng,https://cafef.vn/du-lieu/DIG-2302613/dig-giay-chung-nhan-dang-ky-chao-ban-co-phieu-ra-cong-chung.chn,cafef
2025-09-18,DIG: Thông báo về việc hoàn tất chuyển nhượng dự án Khu nhà ở Lam Hạ Center Point,Tổng Công ty Cổ phần Đầu tư Phát triển Xây dựng thông báo về việc hoàn tất chuyển nhượng dự án Khu nhà ở Lam Hạ Center Point,https://cafef.vn/du-lieu/DIG-2298955/dig-thong-bao-ve-viec-hoan-tat-chuyen-nhuong-du-an-khu-nha-o-lam-ha-center-point.chn,cafef
2025-08-29,DIG: Giải trình biến động LNST soát xét bán niên năm 2025 so với cùng kỳ năm trước,Tổng Công ty Cổ phần Đầu tư Phát triển Xây dựng giải trình biến động LNST soát xét bán niên năm 2025 so với cùng kỳ năm trước,https://cafef.vn/du-lieu/DIG-2288964/dig-giai-trinh-bien-dong-lnst-soat-xet-ban-nien-nam-2025-so-voi-cung-ky-nam-truoc.chn,cafef
2025-08-07,DIG: Điều chỉnh phương án phát hành cổ phiếu ra công chúng cho CĐHH,Tổng Công ty Cổ phần Đầu tư Phát triển Xây dựng thông báo điều chỉnh phương án phát hành cổ phiếu ra công chúng cho CĐHH,https://cafef.vn/du-lieu/DIG-2344877/dig-dieu-chinh-phuong-an-phat-hanh-co-phieu-ra-cong-chung-cho-cdhh.chn,cafef
2025-07-30,DIG: Giải trình BCTC quý 2/2025,Tổng Công ty Cổ phần Đầu tư Phát triển Xây dựng thông báo giải trình BCTC quý 2/2025,https://cafef.vn/du-lieu/DIG-2282621/dig-giai-trinh-bctc-quy-22025.chn,cafef
2025-07-30,DIG: Báo cáo tình hình quản trị 6 tháng đầu năm 2025,Tổng Công ty Cổ phần Đầu tư Phát triển Xây dựng Báo cáo tình hình quản trị 6 tháng đầu năm 2025,https://cafef.vn/du-lieu/DIG-2282646/dig-bao-cao-tinh-hinh-quan-tri-6-thang-dau-nam-2025.chn,cafef
2025-07-17,DIG: Thông báo về việc thanh lý hợp đồng chuyển nhượng quyền sở hữu 17 căn hộ dự án CSJ - giai đoạn 1,Tổng Công ty Cổ phần Đầu tư Phát triển Xây dựng thông báo về việc thanh lý hợp đồng chuyển nhượng quyền sở hữu 17 căn hộ dự án CSJ - giai đoạn 1,https://cafef.vn/du-lieu/DIG-2247307/dig-thong-bao-ve-viec-thanh-ly-hop-dong-chuyen-nhuong-quyen-so-huu-17-can-ho-du-an-csj-giai-doan-1.chn,cafef
2025-07-09,DIG: Nghị quyết HĐQT thông qua hồ sơ đăng ký chào bán thêm cổ phiếu ra công chúng cho CĐHH,Tổng Công ty Cổ phần Đầu tư Phát triển Xây dựng thông báo Nghị quyết HĐQT về việc thông qua hồ sơ đăng ký chào bán thêm cổ phiếu ra công chúng cho CĐHH,https://cafef.vn/du-lieu/DIG-2244382/dig-nghi-quyet-hdqt-thong-qua-ho-so-dang-ky-chao-ban-them-co-phieu-ra-cong-chung-cho-cdhh.chn,cafef
2025-07-09,DIG: Nghị quyết HĐQT triển khai phương án chào bán thêm cổ phiếu ra công chúng cho CĐHH,Tổng Công ty Cổ phần Đầu tư Phát triển Xây dựng thông báo Nghị quyết HĐQT về việc triển khai phương án chào bán thêm cổ phiếu ra công chúng cho CĐHH,https://cafef.vn/du-lieu/DIG-2244384/dig-nghi-quyet-hdqt-trien-khai-phuong-an-chao-ban-them-co-phieu-ra-cong-chung-cho-cdhh.chn,cafef
2025-07-01,DIG: Link công bố điều lệ công ty,Tổng Công ty Cổ phần Đầu tư Phát triển Xây dựng thông báo link công bố điều lệ công ty,https://cafef.vn/du-lieu/DIG-2235897/dig-link-cong-bo-dieu-le-cong-ty.chn,cafef
2025-07-01,DIG: Link công bố Quy chế CBTT,Tổng Công ty Cổ phần Đầu tư Phát triển Xây dựng thông báo link công bố Quy chế CBTT,https://cafef.vn/du-lieu/DIG-2235904/dig-link-cong-bo-quy-che-cbtt.chn,cafef
2025-07-01,DIG: Giấy chứng nhận đăng ký doanh nghiệp thay đổi lần thứ 27,Tổng Công ty Cổ phần Đầu tư Phát triển Xây dựng công bố Giấy chứng nhận đăng ký doanh nghiệp thay đổi lần thứ 27,https://cafef.vn/du-lieu/DIG-2235913/dig-giay-chung-nhan-dang-ky-doanh-nghiep-thay-doi-lan-thu-27.chn,cafef
2025-06-20,DIG: Thông báo ký kết hợp đồng kiểm toán BCTC 2025,Tổng Công ty Cổ phần Đầu tư Phát triển Xây dựng thông báo ký kết hợp đồng kiểm toán BCTC 2025,https://cafef.vn/du-lieu/DIG-2227960/dig-thong-bao-ky-ket-hop-dong-kiem-toan-bctc-2025.chn,cafef
2025-06-10,DIG: Nghị quyết HĐQT về việc lựa chọn đơn vị kiểm toán cho năm 2025,Tổng Công ty Cổ phần Đầu tư Phát triển Xây dựng thông báo Nghị quyết HĐQT về việc lựa chọn đơn vị kiểm toán cho năm 2025,https://cafef.vn/du-lieu/DIG-2218587/dig-nghi-quyet-hdqt-ve-viec-lua-chon-don-vi-kiem-toan-cho-nam-2025.chn,cafef
2025-06-05,DIG: Nghị quyết HĐQT thông qua phương án chuyển nhượng quyền sở hữu đối với 17 căn hộ thuộc Dự án Cap Saint Jacques - Giai đoạn 1,Tổng Công ty Cổ phần Đầu tư Phát triển Xây dựng công bố Nghị quyết HĐQT về việc thông qua phương án chuyển nhượng quyền sở hữu đối với 17 căn hộ thuộc Dự án Cap Saint Jacques - Giai đoạn 1,https://cafef.vn/du-lieu/DIG-2214960/dig-nghi-quyet-hdqt-thong-qua-phuong-an-chuyen-nhuong-quyen-so-huu-doi-voi-17-can-ho-thuoc-du-an-cap-saint-jacques-giai-doan-1.chn,cafef
2025-05-15,DIG: CBTT ngày ĐKCC để thực hiện quyền nhận cổ tức bằng cổ phiếu năm 2024,Tổng Công ty Cổ phần Đầu tư Phát triển Xây dựng thông báo ngày ĐKCC để thực hiện quyền nhận cổ tức bằng cổ phiếu năm 2024,https://cafef.vn/du-lieu/DIG-2199104/dig-cbtt-ngay-dkcc-de-thuc-hien-quyen-nhan-co-tuc-bang-co-phieu-nam-2024.chn,cafef
2025-05-15,DIG: Thông báo phát hành cổ phiếu để trả cổ tức năm 2024,Tổng Công ty Cổ phần Đầu tư Phát triển Xây dựng thông báo phát hành cổ phiếu để trả cổ tức năm 2024,https://cafef.vn/du-lieu/DIG-2199105/dig-thong-bao-phat-hanh-co-phieu-de-tra-co-tuc-nam-2024.chn,cafef
2025-04-29,DIG: Giải trình chênh lệch lợi nhuận sau thuế quý 1/2025 so với quý 1/2024,Tổng Công ty Cổ phần Đầu tư Phát triển Xây dựng thông báo giải trình chênh lệch lợi nhuận sau thuế quý 1/2025 so với quý 1/2024,https://cafef.vn/du-lieu/DIG-2221917/dig-giai-trinh-chenh-lech-loi-nhuan-sau-thue-quy-12025-so-voi-quy-12024.chn,cafef
2025-04-26,DIG: Nghị quyết HĐQT v/v triển khai phương án phát hành cổ phiếu để trả cổ tức năm 2024,Tổng Công ty Cổ phần Đầu tư Phát triển Xây dựng công bố Nghị quyết HĐQT về việc triển khai phương án phát hành cổ phiếu để trả cổ tức năm 2024,https://cafef.vn/du-lieu/DIG-2192333/dig-nghi-quyet-hdqt-vv-trien-khai-phuong-an-phat-hanh-co-phieu-de-tra-co-tuc-nam-2024.chn,cafef
2025-04-23,Gia đình Chủ tịch DIC Corp tiếp tục bị công ty chứng khoán “call margin”,MBS dự kiến bán giải chấp tổng cộng gần 1 triệu cổ phiếu DIG của mẹ và em gái Chủ tịch DIC Corp,https://cafef.vn/gia-dinh-chu-tich-dic-corp-tiep-tuc-bi-cong-ty-chung-khoan-call-margin-188250423111122774.chn,cafef
2025-04-21,DIG: Nghị quyết và Biên bản họp ĐHĐCĐ thường niên năm 2025,Tổng Công ty Cổ phần Đầu tư Phát triển Xây dựng thông báo Nghị quyết và Biên bản họp ĐHĐCĐ thường niên năm 2025,https://cafef.vn/du-lieu/DIG-2180188/dig-nghi-quyet-va-bien-ban-hop-dhdcd-thuong-nien-nam-2025.chn,cafef
2025-04-15,DIG: Đường dẫn báo cáo phát triển bền vững năm 2024,Tổng Công ty Cổ phần Đầu tư Phát triển Xây dựng công bố đường dẫn báo cáo phát triển bền vững năm 2024,https://cafef.vn/du-lieu/DIG-2173399/dig-duong-dan-bao-cao-phat-trien-ben-vung-nam-2024.chn,cafef
2025-04-15,DIG: Đường dẫn báo cáo thường niên năm 2024,Tổng Công ty Cổ phần Đầu tư Phát triển Xây dựng công bố đường dẫn báo cáo thường niên năm 2024,https://cafef.vn/du-lieu/DIG-2173400/dig-duong-dan-bao-cao-thuong-nien-nam-2024.chn,cafef
2025-04-15,DIG: Thông báo giải thể chi nhánh Vĩnh Phúc,Tổng Công ty Cổ phần Đầu tư Phát triển Xây dựng thông báo giải thể chi nhánh Vĩnh Phúc,https://cafef.vn/du-lieu/DIG-2173401/dig-thong-bao-giai-the-chi-nhanh-vinh-phuc.chn,cafef
2025-04-11,DIG: Nghị quyết HĐQT thông qua phương án chuyển nhượng quyền sử dụng đất đối với 42 lô đất dự án Vị Thanh cho các đơn vị có liên quan,Tổng Công ty Cổ phần Đầu tư Phát triển Xây dựng thông báo Nghị quyết HĐQT về việc thông qua phương án chuyển nhượng quyền sử dụng đất đối với 42 lô đất dự án Vị Thanh cho các đơn vị có liên quan,https://cafef.vn/du-lieu/DIG-2171451/dig-nghi-quyet-hdqt-thong-qua-phuong-an-chuyen-nhuong-quyen-su-dung-dat-doi-voi-42-lo-dat-du-an-vi-thanh-cho-cac-don-vi-co-lien-quan.chn,cafef
2025-04-10,"Cổ phiếu bật tăng kịch trần, mẹ con Chủ tịch DIC Corp Nguyễn Hùng Cường vẫn bị “call margin”",Đây là phiên thứ 3 liên tiếp công ty chứng khoán này “call margin” đối với gia đình ông Nguyễn Hùng Cường.,https://cafef.vn/co-phieu-bat-tang-kich-tran-me-con-chu-tich-dic-corp-nguyen-hung-cuong-van-bi-call-margin-188250410112029581.chn,cafef
2025-04-10,DIG: Báo cáo tiến độ sử dụng vốn thu được từ đợt chào bán cổ phiếu riêng lẻ năm 2021,Tổng Công ty Cổ phần Đầu tư Phát triển Xây dựng công bố Báo cáo tiến độ sử dụng vốn thu được từ đợt chào bán cổ phiếu riêng lẻ năm 2021,https://cafef.vn/du-lieu/DIG-2169153/dig-bao-cao-tien-do-su-dung-von-thu-duoc-tu-dot-chao-ban-co-phieu-rieng-le-nam-2021.chn,cafef
2025-04-09,Thêm một công ty chứng khoán “call margin” hàng triệu cổ phiếu DIG của gia đình Chủ tịch DIC Corp,"Thị giá DIG giảm sàn 4 phiên gần nhất, thị giá rơi xuống mức 14.950 đồng/cp.",https://cafef.vn/them-mot-cong-ty-chung-khoan-call-margin-hang-trieu-co-phieu-dig-cua-gia-dinh-chu-tich-dic-corp-188250409110445209.chn,cafef
2025-04-09,"DIG: Thông báo danh sách ứng cử viên được đề cử, ứng cử bầu bổ sung Thành viên HĐQT","Tổng Công ty Cổ phần Đầu tư Phát triển Xây dựng thông báo danh sách ứng cử viên được đề cử, ứng cử bầu bổ sung Thành viên HĐQT",https://cafef.vn/du-lieu/DIG-2168854/dig-thong-bao-danh-sach-ung-cu-vien-duoc-de-cu-ung-cu-bau-bo-sung-thanh-vien-hdqt.chn,cafef
2025-04-08,"Gia đình Chủ tịch DIG Nguyễn Hùng Cường bị công ty chứng khoán ""call margin""","Cổ phiếu DIG đã có 3 phiên giảm sàn liên tiếp dưới áp lực bán tháo mạnh. Chốt phiên 8/4, thị giá DIG đạt 16.050 đồng/cp.",https://cafef.vn/gia-dinh-chu-tich-dig-nguyen-hung-cuong-bi-cong-ty-chung-khoan-call-margin-188250408161448862.chn,cafef
2025-03-28,DIG: Link công bố tài liệu họp ĐHĐCĐ thường niên năm 2025,Tổng Công ty Cổ phần Đầu tư Phát triển Xây dựng thông báo link công bố tài liệu họp ĐHĐCĐ thường niên năm 2025,https://cafef.vn/du-lieu/DIG-2160268/dig-link-cong-bo-tai-lieu-hop-dhdcd-thuong-nien-nam-2025.chn,cafef
2025-03-28,"DIG: Nghị quyết HĐQT thông qua tài liệu, thời gian họp ĐHĐCĐ thường niên 2025","Tổng Công ty Cổ phần Đầu tư Phát triển Xây dựng thông báo Nghị quyết HĐQT về việc thông qua tài liệu, thời gian họp ĐHĐCĐ thường niên 2025",https://cafef.vn/du-lieu/DIG-2160271/dig-nghi-quyet-hdqt-thong-qua-tai-lieu-thoi-gian-hop-dhdcd-thuong-nien-2025.chn,cafef
2025-03-27,DIG: Giải trình chênh lệch lợi nhuận sau thuế năm 2024 kiểm toán so với năm 2023,Tổng Công ty Cổ phần Đầu tư Phát triển Xây dựng thông báo giải trình chênh lệch lợi nhuận sau thuế năm 2024 kiểm toán so với năm 2023,https://cafef.vn/du-lieu/DIG-2158723/dig-giai-trinh-chenh-lech-loi-nhuan-sau-thue-nam-2024-kiem-toan-so-voi-nam-2023.chn,cafef
2025-03-10,DIG: Nghị quyết HĐQT về việc hoàn tất hồ sơ không thực hiện chào bán thêm cổ phiếu ra công chúng cho cổ đông hiện hữu,Tổng Công ty Cổ phần Đầu tư Phát triển Xây dựng công bố Nghị quyết HĐQT về việc hoàn tất hồ sơ không thực hiện chào bán thêm cổ phiếu ra công chúng cho cổ đông hiện hữu,https://cafef.vn/du-lieu/DIG-2146764/dig-nghi-quyet-hdqt-ve-viec-hoan-tat-ho-so-khong-thuc-hien-chao-ban-them-co-phieu-ra-cong-chung-cho-co-dong-hien-huu.chn,cafef
2025-03-03,DIG: Quyết định của HĐQT về việc giải thể chi nhánh tại Vĩnh Phúc,Tổng Công ty Cổ phần Đầu tư Phát triển Xây dựng công bố Quyết định của HĐQT về việc giải thể chi nhánh tại Vĩnh Phúc,https://cafef.vn/du-lieu/DIG-2141949/dig-quyet-dinh-cua-hdqt-ve-viec-giai-the-chi-nhanh-tai-vinh-phuc.chn,cafef
2025-02-28,"DIG: 17.3.2025, ngày GDKHQ tổ chức ĐHĐCĐ thường niên năm 2025",Sở Giao dịch Chứng khoán TP.HCM thông báo về ngày đăng ký cuối cùng tham dự ĐHĐCĐ thường niên năm 2025 của Tổng Công ty Cổ phần Đầu tư Phát triển Xây dựng,https://cafef.vn/du-lieu/DIG-2141116/dig-1732025-ngay-gdkhq-to-chuc-dhdcd-thuong-nien-nam-2025.chn,cafef
2025-02-25,DIG: Nghị quyết HĐQT về việc mua cổ phiếu trong đợt chào bán cp cho CĐHH,Tổng Công ty Cổ phần Đầu tư Phát triển Xây dựng thông báo Nghị quyết HĐQT về việc mua cổ phiếu trong đợt chào bán CP cho CĐHH của DIC Holdings,https://cafef.vn/du-lieu/DIG-2137635/dig-nghi-quyet-hdqt-ve-viec-mua-co-phieu-trong-dot-chao-ban-cp-cho-cdhh.chn,cafef
2025-02-21,DIG: Nghị quyết HĐQT về việc tổ chức ĐHĐCĐ thường niên năm 2025,Tổng Công ty Cổ phần Đầu tư Phát triển Xây dựng công bố Nghị quyết HĐQT về việc tổ chức ĐHĐCĐ thường niên năm 2025,https://cafef.vn/du-lieu/DIG-2135288/dig-nghi-quyet-hdqt-ve-viec-to-chuc-dhdcd-thuong-nien-nam-2025.chn,cafef
2025-01-24,DIG: Giải trình biến động KQKD quý 4/2024 so với cùng kỳ năm trước,Tổng Công ty Cổ phần Đầu tư Phát triển Xây dựng giải trình biến động KQKD quý 4/2024 so với cùng kỳ năm trước,https://cafef.vn/du-lieu/DIG-2124445/dig-giai-trinh-bien-dong-kqkd-quy-42024-so-voi-cung-ky-nam-truoc.chn,cafef
2025-01-24,DIG: Báo cáo tình hình quản trị Công ty năm 2024,Tổng Công ty Cổ phần Đầu tư Phát triển Xây dựng công bố báo cáo tình hình quản trị Công ty năm 2024,https://cafef.vn/du-lieu/DIG-2124472/dig-bao-cao-tinh-hinh-quan-tri-cong-ty-nam-2024.chn,cafef
2024-12-31,"DIG: Nghị quyết HĐQT thông qua chủ trương thực hiện các hợp đồng, giao dịch với bên có liên quan trong năm 2025","Tổng Công ty Cổ phần Đầu tư Phát triển Xây dựng thông báo Nghị quyết HĐQT về việc thông qua chủ trương thực hiện các hợp đồng, giao dịch với bên có liên quan trong năm 2025",https://cafef.vn/du-lieu/DIG-2109253/dig-nghi-quyet-hdqt-thong-qua-chu-truong-thuc-hien-cac-hop-dong-giao-dich-voi-ben-co-lien-quan-trong-nam-2025.chn,cafef
2024-12-30,DIG: Nghị quyết HĐQT v/v thoái toàn bộ vốn tại Công ty Cổ phần Phát triển Thương mại Thiên Quang,Tổng Công ty Cổ phần Đầu tư Phát triển Xây dựng công bố Nghị quyết HĐQT về việc thoái toàn bộ vốn tại Công ty Cổ phần Phát triển Thương mại Thiên Quang,https://cafef.vn/du-lieu/DIG-2107542/dig-nghi-quyet-hdqt-vv-thoai-toan-bo-von-tai-cong-ty-co-phan-phat-trien-thuong-mai-thien-quang.chn,cafef
2024-12-27,DIG: Nghị quyết HĐQT thông qua chủ trương tăng vốn điều lệ tại Công ty Cổ phần Du lịch DIC,Tổng Công ty Cổ phần Đầu tư Phát triển Xây dựng công bố Nghị quyết HĐQT về việc thông qua chủ trương tăng vốn điều lệ tại Công ty Cổ phần Du lịch DIC,https://cafef.vn/du-lieu/DIG-2106327/dig-nghi-quyet-hdqt-thong-qua-chu-truong-tang-von-dieu-le-tai-cong-ty-co-phan-du-lich-dic.chn,cafef
2024-12-27,DIG: Đính chính CBTT số 50/DIC Group ngày 07/11/2024,Tổng Công ty Cổ phần Đầu tư Phát triển Xây dựng đính chính CBTT số 50/DIC Group ngày 07/11/2024,https://cafef.vn/du-lieu/DIG-2107094/dig-dinh-chinh-cbtt-so-50dic-group-ngay-07112024.chn,cafef
2024-12-24,DIG: Thông báo thoái toàn bộ vốn tại Công ty Thiên Quang,Tổng Công ty Cổ phần Đầu tư Phát triển Xây dựng thông báo thoái toàn bộ vốn tại Công ty Thiên Quang,https://cafef.vn/du-lieu/DIG-2104602/dig-thong-bao-thoai-toan-bo-von-tai-cong-ty-thien-quang.chn,cafef
2024-12-23,DIG: Thông báo về việc dừng triển khai đợt chào bán cổ phiếu cho cổ đông hiện hữu,Tổng Công ty Cổ phần Đầu tư Phát triển Xây dựng thông báo về việc dừng triển khai đợt chào bán cổ phiếu cho cổ đông hiện hữu,https://cafef.vn/du-lieu/DIG-2103242/dig-thong-bao-ve-viec-dung-trien-khai-dot-chao-ban-co-phieu-cho-co-dong-hien-huu.chn,cafef
2024-12-23,DIG: Thông báo về việc bán một phần cổ phiếu Tập đoàn DIC đang sở hữu tại DIC Holdings,Tổng Công ty Cổ phần Đầu tư Phát triển Xây dựng thông báo về việc bán một phần cổ phiếu Tập đoàn DIC đang sở hữu tại DIC Holdings,https://cafef.vn/du-lieu/DIG-2103273/dig-thong-bao-ve-viec-ban-mot-phan-co-phieu-tap-doan-dic-dang-so-huu-tai-dic-holdings.chn,cafef
2024-12-23,DIG: Nghị quyết HĐQT thông qua giao dịch với bên có liên quan - Công ty Cổ phần BĐS DIC,Tổng Công ty Cổ phần Đầu tư Phát triển Xây dựng thông báo Nghị quyết HĐQT về việc thông qua giao dịch với bên có liên quan - Công ty Cổ phần BĐS DIC,https://cafef.vn/du-lieu/DIG-2103312/dig-nghi-quyet-hdqt-thong-qua-giao-dich-voi-ben-co-lien-quan-cong-ty-co-phan-bds-dic.chn,cafef
2024-12-18,DIG: Thông báo chào bán cổ phiếu ra công chúng và bản cáo bạch,Tổng Công ty Cổ phần Đầu tư Phát triển Xây dựng thông báo chào bán cổ phiếu ra công chúng  và bản cáo bạch,https://cafef.vn/du-lieu/DIG-2100760/dig-thong-bao-chao-ban-co-phieu-ra-cong-chung-va-ban-cao-bach.chn,cafef
2024-12-13,DIG: Giấy chứng nhận đăng ký chào bán cổ phiếu ra công chúng,Tổng Công ty Cổ phần Đầu tư Phát triển Xây dựng thông báo Giấy chứng nhận đăng ký chào bán cổ phiếu ra công chúng,https://cafef.vn/du-lieu/DIG-2099222/dig-giay-chung-nhan-dang-ky-chao-ban-co-phieu-ra-cong-chung.chn,cafef
2024-11-26,DIG: Điều chỉnh nội dung liên quan đến phương án phát hành cổ phiếu cho cổ đông hiện hữu,Tổng Công ty Cổ phần Đầu tư Phát triển Xây dựng thông báo dều chỉnh nội dung liên quan đến phương án phát hành cổ phiếu cho cổ đông hiện hữu,https://cafef.vn/du-lieu/DIG-2090206/dig-dieu-chinh-noi-dung-lien-quan-den-phuong-an-phat-hanh-co-phieu-cho-co-dong-hien-huu.chn,cafef
2024-11-25,DIG: Nghị quyết HĐQT về việc thông qua một số nội dung liên quan đến việc giải thể CN DIC Him Lam,Tổng Công ty Cổ phần Đầu tư Phát triển Xây dựng thông báo Nghị quyết HĐQT về việc thông qua một số nội dung liên quan đến việc giải thể CN DIC Him Lam,https://cafef.vn/du-lieu/DIG-2089122/dig-nghi-quyet-hdqt-ve-viec-thong-qua-mot-so-noi-dung-lien-quan-den-viec-giai-the-cn-dic-him-lam.chn,cafef
2024-11-08,DIG: Thông báo về việc hoàn tất tăng tỷ lệ sở hữu tại DIC Hospitality,Tổng Công ty Cổ phần Đầu tư Phát triển Xây dựng thông báo về việc hoàn tất tăng tỷ lệ sở hữu tại DIC Hospitality,https://cafef.vn/du-lieu/DIG-2081431/dig-thong-bao-ve-viec-hoan-tat-tang-ty-le-so-huu-tai-dic-hospitality.chn,cafef
2024-10-30,DIG: CBTT mua cổ phiếu phát hành riêng lẻ của Công ty DIC số 2,Tổng Công ty Cổ phần Đầu tư Phát triển Xây dựng thông báo mua cổ phiếu phát  hành riêng lẻ của Công ty DIC số 2,https://cafef.vn/du-lieu/DIG-2077108/dig-cbtt-mua-co-phieu-phat-hanh-rieng-le-cua-cong-ty-dic-so-2.chn,cafef
2024-10-30,DIG: Giải trình chênh lệch lợi nhuận sau thuế quý 3/2024 so với quý 3/2023,Tổng Công ty Cổ phần Đầu tư Phát triển Xây dựng thông báo giải trình chênh lệch lợi nhuận sau thuế quý 3/2024 so với quý 3/2023,https://cafef.vn/du-lieu/DIG-2087051/dig-giai-trinh-chenh-lech-loi-nhuan-sau-thue-quy-32024-so-voi-quy-32023.chn,cafef
2024-10-18,DIG: Nghị quyết HĐQT về việc điều chỉnh thứ tự thực hiện các đợt PHCP và một số nội dung liên quan,Tổng Công ty Cổ phần Đầu tư Phát triển Xây dựng thông báo Nghị quyết HĐQT về việc điều chỉnh thứ tự thực hiện các đợt PHCP và một số nội dung liên quan,https://cafef.vn/du-lieu/DIG-2071228/dig-nghi-quyet-hdqt-ve-viec-dieu-chinh-thu-tu-thuc-hien-cac-dot-phcp-va-mot-so-noi-dung-lien-quan.chn,cafef
2024-10-18,DIG: Nghị quyết HĐQT bổ sung hồ sơ đăng ký chào bán thêm cổ phiếu ra công chúng cho CĐHH,Tổng Công ty Cổ phần Đầu tư Phát triển Xây dựng thông báo Nghị quyết HĐQT về việc bổ sung hồ sơ đăng ký chào bán thêm cổ phiếu ra công chúng cho CĐHH,https://cafef.vn/du-lieu/DIG-2071229/dig-nghi-quyet-hdqt-bo-sung-ho-so-dang-ky-chao-ban-them-co-phieu-ra-cong-chung-cho-cdhh.chn,cafef
2024-10-08,DIG: Báo cáo tiến độ sử dụng vốn thu được từ đợt chào bán cổ phiếu riêng lẻ năm 2021,Tổng Công ty Cổ phần Đầu tư Phát triển Xây dựng công bố Báo cáo tiến độ sử dụng vốn thu được từ đợt chào bán cổ phiếu riêng lẻ năm 2021,https://cafef.vn/du-lieu/DIG-2066051/dig-bao-cao-tien-do-su-dung-von-thu-duoc-tu-dot-chao-ban-co-phieu-rieng-le-nam-2021.chn,cafef
2024-10-01,DIG: CBTT hoàn tất thoái một phần vốn tại DIC Anh Em,Tổng Công ty Cổ phần Đầu tư Phát triển Xây dựng thông báo hoàn tất thoái một phần vốn tại DIC Anh Em,https://cafef.vn/du-lieu/DIG-2062260/dig-cbtt-hoan-tat-thoai-mot-phan-von-tai-dic-anh-em.chn,cafef
2024-09-19,DIG: Thông báo giải thể Công ty TNHH MTV Vũng Tàu Centre Point,Tổng Công ty Cổ phần Đầu tư Phát triển Xây dựng thông báo giải thể Công ty TNHH MTV Vũng Tàu Centre Point,https://cafef.vn/du-lieu/DIG-2056539/dig-thong-bao-giai-the-cong-ty-tnhh-mtv-vung-tau-centre-point.chn,cafef
2024-08-30,DIG: Giải trình chênh lệch LNST BCTC soát xét bán niên năm 2024 so với cùng kỳ năm trước,Tổng Công ty Cổ phần Đầu tư Phát triển Xây dựng giải trình chênh lệch LNST BCTC soát xét bán niên năm 2024 so với cùng kỳ năm trước,https://cafef.vn/du-lieu/DIG-2048084/dig-giai-trinh-chenh-lech-lnst-bctc-soat-xet-ban-nien-nam-2024-so-voi-cung-ky-nam-truoc.chn,cafef
2024-08-29,DIG: Thông báo kết luận thanh tra,Tổng Công ty Cổ phần Đầu tư Phát triển Xây dựng thông báo kết luận thanh tra,https://cafef.vn/du-lieu/DIG-2046024/dig-thong-bao-ket-luan-thanh-tra.chn,cafef
2024-08-19,DIG: Giấy chứng nhận đăng ký doanh nghiệp thay đổi lần thứ 26,Tổng Công ty Cổ phần Đầu tư Phát triển Xây dựng thông báo Giấy chứng nhận đăng ký doanh nghiệp thay đổi lần thứ 26,https://cafef.vn/du-lieu/DIG-2041427/dig-giay-chung-nhan-dang-ky-doanh-nghiep-thay-doi-lan-thu-26.chn,cafef
2024-08-12,DIG: CBTT về việc Chủ tịch HĐQT Nguyễn Thiện Tuấn từ trần,Tổng Công ty Cổ phần Đầu tư Phát triển Xây dựng thông báo về việc Chủ tịch HĐQT Nguyễn Thiện Tuấn từ trần,https://cafef.vn/du-lieu/DIG-2037917/dig-cbtt-ve-viec-chu-tich-hdqt-nguyen-thien-tuan-tu-tran.chn,cafef
2024-07-29,DIG: Giải trình chênh lệch LNST Q2/2024 so với cùng kỳ năm trước,Tổng Công ty Cổ phần Đầu tư Phát triển Xây dựng giải trình chênh lệch LNST Q2/2024 so với cùng kỳ năm trước,https://cafef.vn/du-lieu/DIG-2030666/dig-giai-trinh-chenh-lech-lnst-q22024-so-voi-cung-ky-nam-truoc.chn,cafef
2024-07-29,DIG: Nghị quyết HĐQT thông qua chủ trương tiếp tục kinh doanh trước thời hạn đã thông báo của Chi nhánh DIC Him Lam,Tổng Công ty Cổ phần Đầu tư Phát triển Xây dựng công bố Nghị quyết HĐQT về việc thông qua chủ trương tiếp tục kinh doanh trước thời hạn đã thông báo của Chi nhánh DIC Him Lam,https://cafef.vn/du-lieu/DIG-2030825/dig-nghi-quyet-hdqt-thong-qua-chu-truong-tiep-tuc-kinh-doanh-truoc-thoi-han-da-thong-bao-cua-chi-nhanh-dic-him-lam.chn,cafef
2024-07-29,DIG: Báo cáo tình hình quản trị Công ty 06 tháng đầu năm 2024,Tổng Công ty Cổ phần Đầu tư Phát triển Xây dựng báo cáo tình hình quản trị Công ty 06 tháng đầu năm 2024,https://cafef.vn/du-lieu/DIG-2088003/dig-bao-cao-tinh-hinh-quan-tri-cong-ty-06-thang-dau-nam-2024.chn,cafef
2024-07-28,DIC Corp (DIG) báo lãi cao nhất 10 quý nhưng dòng tiền kinh doanh âm hơn 1.200 tỷ,"Luỹ kế 6 tháng đầu năm, DIC Corp lãi trước thuế gần 48 tỷ đồng, giảm 60% so với cùng kỳ năm ngoái, chủ yếu do quý đầu năm nay lỗ nặng.",https://cafef.vn/dic-corp-dig-bao-lai-cao-nhat-10-quy-nhung-dong-tien-kinh-doanh-am-hon-1200-ty-188240728021534796.chn,cafef
2024-07-08,DIG: Nghị quyết HĐQT chấp thuận chủ trương chuyển nhượng một phần DA Khu dân cư TM Vị Thanh,Tổng Công ty Cổ phần Đầu tư Phát triển Xây dựng thông báo Nghị quyết HĐQT về việc chấp thuận chủ trương chuyển nhượng một phần DA Khu dân cư TM Vị Thanh,https://cafef.vn/du-lieu/DIG-2019888/dig-nghi-quyet-hdqt-chap-thuan-chu-truong-chuyen-nhuong-mot-phan-da-khu-dan-cu-tm-vi-thanh.chn,cafef
2024-07-05,DIG: Nghị quyết HĐQT về việc chủ trương vay vốn đầu tư Dự án CSJ giai đoạn 2&3,Tổng Công ty Cổ phần Đầu tư Phát triển Xây dựng thông báo Nghị quyết HĐQT về việc chủ trương vay vốn đầu tư Dự án CSJ giai đoạn 2&3 n,https://cafef.vn/du-lieu/DIG-2019159/dig-nghi-quyet-hdqt-ve-viec-chu-truong-vay-von-dau-tu-du-an-csj-giai-doan-23.chn,cafef
2024-06-27,DIG: Nghị quyết HĐQT thông qua giao dịch với bên có liên quan,Tổng Công ty Cổ phần Đầu tư Phát triển Xây dựng thông báo Nghị quyết HĐQT thông qua giao dịch với bên có liên quan,https://cafef.vn/du-lieu/DIG-2014673/dig-nghi-quyet-hdqt-thong-qua-giao-dich-voi-ben-co-lien-quan.chn,cafef
2024-06-25,DIG: Nghị quyết HĐQT thông qua chủ trương liên quan đến các khoản đầu tư tài chính 2024,Tổng Công ty Cổ phần Đầu tư Phát triển Xây dựng thông báo Nghị quyết HĐQT về việc thông qua chủ trương liên quan đến các khoản đầu tư tài chính 2024,https://cafef.vn/du-lieu/DIG-2013629/dig-nghi-quyet-hdqt-thong-qua-chu-truong-lien-quan-den-cac-khoan-dau-tu-tai-chinh-2024.chn,cafef
2024-06-25,DIG: Nghị quyết HĐQT về việc thông qua chủ trương chuyển nhượng Khu Dịch vụ thương mại,Tổng Công ty Cổ phần Đầu tư Phát triển Xây dựng thông báo Nghị quyết HĐQT về việc thông qua chủ trương chuyển nhượng Khu DVTM,https://cafef.vn/du-lieu/DIG-2013632/dig-nghi-quyet-hdqt-ve-viec-thong-qua-chu-truong-chuyen-nhuong-khu-dich-vu-thuong-mai.chn,cafef
2024-06-19,DIG: Thông báo ký hợp đồng kiểm toán BCTC 2024,Tổng Công ty Cổ phần Đầu tư Phát triển Xây dựng thông báo ký hợp đồng kiểm toán BCTC 2024,https://cafef.vn/du-lieu/DIG-2010606/dig-thong-bao-ky-hop-dong-kiem-toan-bctc-2024.chn,cafef
2024-06-13,DIG: Nghị quyết HĐQT thông qua chủ trương giải thể Công ty TNHH MTV Vũng Tàu Centre Point,Tổng Công ty Cổ phần Đầu tư Phát triển Xây dựng thông báo Nghị quyết HĐQT về việc thông qua chủ trương giải thể Công ty TNHH MTV Vũng Tàu Centre Point,https://cafef.vn/du-lieu/DIG-2007583/dig-nghi-quyet-hdqt-thong-qua-chu-truong-giai-the-cong-ty-tnhh-mtv-vung-tau-centre-point.chn,cafef
2024-06-13,DIG: Nghị quyết HĐQT về việc lựa chọn đơn vị kiểm toán cho năm 2024,Tổng Công ty Cổ phần Đầu tư Phát triển Xây dựng thông báo Nghị quyết HĐQT về việc lựa chọn đơn vị kiểm toán cho năm 2024,https://cafef.vn/du-lieu/DIG-2007585/dig-nghi-quyet-hdqt-ve-viec-lua-chon-don-vi-kiem-toan-cho-nam-2024.chn,cafef
2024-05-10,DIG: Nghị quyết HĐQT về việc phát hành cổ phiếu để trả cổ tức năm 2023 và để tăng vốn cổ phần,Tổng Công ty Cổ phần Đầu tư Phát triển Xây dựng thông báo Nghị quyết HĐQT về việc phát hành cổ phiếu để trả cổ tức năm 2023 và để tăng vốn cổ phần,https://cafef.vn/du-lieu/DIG-1990338/dig-nghi-quyet-hdqt-ve-viec-phat-hanh-co-phieu-de-tra-co-tuc-nam-2023-va-de-tang-von-co-phan.chn,cafef
2024-05-10,DIG: Nghị quyết HĐQT thông qua chào bán thêm cổ phiếu cho CĐHH,Tổng Công ty Cổ phần Đầu tư Phát triển Xây dựng thông báo Nghị quyết HĐQT thông qua chào bán thêm cổ phiếu cho CĐHH,https://cafef.vn/du-lieu/DIG-1990425/dig-nghi-quyet-hdqt-thong-qua-chao-ban-them-co-phieu-cho-cdhh.chn,cafef
2024-05-04,"DIG: Link công bố điều lệ, Quy chế nội bộ về quản trị và Quy chế hoạt động của HĐQT","Tổng Công ty Cổ phần Đầu tư Phát triển Xây dựng thông báo link công bố điều lệ, Quy chế nội bộ về quản trị và Quy chế hoạt động của HĐQT",https://cafef.vn/du-lieu/DIG-1991264/dig-link-cong-bo-dieu-le-quy-che-noi-bo-ve-quan-tri-va-quy-che-hoat-dong-cua-hdqt.chn,cafef
2024-05-02,DIG: Nghị quyết và Biên bản họp ĐHĐCĐ thường niên năm 2024,Tổng Công ty Cổ phần Đầu tư Phát triển Xây dựng công bố Nghị quyết và Biên bản họp ĐHĐCĐ thường niên năm 2024,https://cafef.vn/du-lieu/DIG-1986255/dig-nghi-quyet-va-bien-ban-hop-dhdcd-thuong-nien-nam-2024.chn,cafef
2024-05-02,DIG: Giải trình chênh lệch lợi nhuận sau thuế quý 1/2024 so với quý 1/2023,Tổng Công ty Cổ phần Đầu tư Phát triển Xây dựng công bố giải trình chênh lệch lợi nhuận sau thuế quý 1/2024 so với quý 1/2023,https://cafef.vn/du-lieu/DIG-2021566/dig-giai-trinh-chenh-lech-loi-nhuan-sau-thue-quy-12024-so-voi-quy-12023.chn,cafef
2024-04-29,Dấu hỏi lớn về khoản hàng bán bị trả lại trên báo cáo tài chính quý I/2024 của DIC Corp?,"Quý I/2024, DIC Corp ghi nhận khoản hàng bán bị trả lại lên đến gần 185,7 tỷ đồng, do đó, doanh thu thuần của doanh nghiệp này chỉ đạt 489 triệu đồng, giảm 99,8% so với cùng kỳ năm 2023. Kéo theo đó là DIC Corp ghi nhận khoản lỗ lên đến 121,2 tỷ đồng ngay trong quý đầu năm 2024.",https://cafef.vn/dau-hoi-lon-ve-khoan-hang-ban-bi-tra-lai-tren-bao-cao-tai-chinh-quy-i2024-cua-dic-corp-188240429125042843.chn,cafef
2024-04-29,"DIC Corp lên kế hoạch lãi nghìn tỷ nhưng lỗ kỷ lục ngay quý đầu năm, doanh thu thuần 3 tháng không đủ tiền tổ chức ĐHĐCĐ","Trong quý đầu năm, DIC Corp ghi nhận khoản hàng bán bị trả lại tăng đột biến lên gần 186 tỷ đồng, chủ yếu là bất động sản.",https://cafef.vn/dic-corp-len-ke-hoach-lai-nghin-ty-nhung-lo-ky-luc-ngay-quy-dau-nam-doanh-thu-thuan-3-thang-khong-du-tien-to-chuc-dhdcd-18824042817024449.chn,cafef
2024-04-26,ĐHĐCĐ DIC Corp (DIG): “Vỡ oà” khi đủ điều kiện tiến hành vào lúc 16h32,"Đến 16h32, đại diện doanh nghiệp thông báo đã đủ tỷ lệ cổ đông tham dự tiến hành với 2.101 người (vừa trực tiếp, vừa trực tuyến) đại diện cho 306 triệu phiếu biểu quyết, chiếm tỷ lệ 50,24%.",https://cafef.vn/dhdcd-dic-corp-dig-vo-oa-khi-du-dieu-kien-tien-hanh-vao-luc-16h32-188240426164916436.chn,cafef
2024-04-19,DIG: Link công bố báo cáo thường niên năm 2024,Tổng Công ty Cổ phần Đầu tư Phát triển Xây dựng thông báo link công bố báo cáo thường niên năm 2024,https://cafef.vn/du-lieu/DIG-1980485/dig-link-cong-bo-bao-cao-thuong-nien-nam-2024.chn,cafef
2024-04-19,DIG: Link công bố báo cáo thường niên năm 2023,Tổng Công ty Cổ phần Đầu tư Phát triển Xây dựng thông báo link công bố báo cáo thường niên năm 2023,https://cafef.vn/du-lieu/DIG-1980563/dig-link-cong-bo-bao-cao-thuong-nien-nam-2023.chn,cafef
2024-04-11,DIG: Báo cáo tiến độ sử dụng vốn thu được từ đợt chào bán cổ phiếu riêng lẻ năm 2021,Tổng Công ty Cổ phần Đầu tư Phát triển Xây dựng công bố Báo cáo tiến độ sử dụng vốn thu được từ đợt chào bán cổ phiếu riêng lẻ năm 2021,https://cafef.vn/du-lieu/DIG-1975408/dig-bao-cao-tien-do-su-dung-von-thu-duoc-tu-dot-chao-ban-co-phieu-rieng-le-nam-2021.chn,cafef
2024-04-05,DIC Corp (DIG) 'bay mất' 33% lợi nhuận sau kiểm toán,Đây không phải lần đầu tiên DIC Corp có sự chênh lệch giữa BCTC tự lập và BCTC kiểm toán.,https://cafef.vn/dic-corp-dig-bay-mat-33-loi-nhuan-sau-kiem-toan-188240405142028363.chn,cafef
2024-03-31,"DIC Corp tham vọng lợi nhuận nghìn tỷ, muốn phát hành hơn 400 triệu cổ phiếu trong năm 2024","DIC Corp tiếp tục lên kế hoạch lợi nhuận trước thuế năm 2024 cả nghìn tỷ đồng dù năm 2023 chỉ hoàn thành 12% chỉ tiêu. Cùng với đó, DIG có kế hoạch huy động vốn khủng và 4 phương án phát hành tổng số 400 triệu cổ phiếu.",https://cafef.vn/dic-corp-tham-vong-loi-nhuan-nghin-ty-muon-phat-hanh-hon-400-trieu-co-phieu-trong-nam-2024-188240331093150686.chn,cafef
2024-03-29,DIG: Giải trình chênh lệch LNST năm 2023 so với năm trước,Tổng Công ty Cổ phần Đầu tư Phát triển Xây dựng giải trình chênh lệch LNST năm 2023 so với năm trước,https://cafef.vn/du-lieu/DIG-1969664/dig-giai-trinh-chenh-lech-lnst-nam-2023-so-voi-nam-truoc.chn,cafef
2024-03-29,"DIG: Nghị quyết HĐQT thông qua tài liệu, thời gian chính thức họp ĐHĐCĐ thường niên năm 2024","Tổng Công ty Cổ phần Đầu tư Phát triển Xây dựng thông báo Nghị quyết HĐQT thông qua tài liệu, thời gian chính thức họp ĐHĐCĐ thường niên năm 2024",https://cafef.vn/du-lieu/DIG-1969678/dig-nghi-quyet-hdqt-thong-qua-tai-lieu-thoi-gian-chinh-thuc-hop-dhdcd-thuong-nien-nam-2024.chn,cafef
2024-03-29,DIG: CBTT đường dẫn Tài liệu họp ĐHĐCĐ thường niên năm 2024,Tổng Công ty Cổ phần Đầu tư Phát triển Xây dựng thông báo đường dẫn Tài liệu họp ĐHĐCĐ thường niên năm 2024,https://cafef.vn/du-lieu/DIG-1969686/dig-cbtt-duong-dan-tai-lieu-hop-dhdcd-thuong-nien-nam-2024.chn,cafef
2024-03-05,"DIG: 19.3.2024, ngày GDKHQ tham dự ĐHĐCĐ thường niên 2024",Sở Giao dịch Chứng khoán Thành phố Hồ Chí Minh thông báo về ngày ĐKCC tham dự ĐHĐCĐ thường niên 2024 của Tổng Công ty Cổ phần Đầu tư Phát triển Xây dựng,https://cafef.vn/du-lieu/DIG-1954598/dig-1932024-ngay-gdkhq-tham-du-dhdcd-thuong-nien-2024.chn,cafef
2024-02-27,DIG: Quyết định HĐQT tổ chức ĐHĐCĐ thường niên 2024,Tổng Công ty Cổ phần Đầu tư Phát triển Xây dựng thông báo Nghị quyết HĐQT tổ chức ĐHĐCĐ thường niên 2024,https://cafef.vn/du-lieu/DIG-1951184/dig-quyet-dinh-hdqt-to-chuc-dhdcd-thuong-nien-2024.chn,cafef
2024-02-23,DIG: Nghị quyết HĐQT về việc triệu tập ĐHĐCĐ thường niên 2024,Tổng Công ty Cổ phần Đầu tư Phát triển Xây dựng thông báo Nghị quyết HĐQT về việc triệu tập ĐHĐCĐ thường niên 2024,https://cafef.vn/du-lieu/DIG-1948799/dig-nghi-quyet-hdqt-ve-viec-trieu-tap-dhdcd-thuong-nien-2024.chn,cafef
2024-01-30,DIG: Báo cáo tình hình quản trị công ty năm 2023,Tổng Công ty Cổ phần Đầu tư Phát triển Xây dựng công bố Báo cáo tình hình quản trị công ty năm 2023,https://cafef.vn/du-lieu/DIG-1941913/dig-bao-cao-tinh-hinh-quan-tri-cong-ty-nam-2023.chn,cafef
2024-01-29,DIG: Nghị quyết HĐQT thông qua giao dịch cho vay giữa Tập đoàn DIC và CTCP ĐTPT Phương Nam,Tổng Công ty Cổ phần Đầu tư Phát triển Xây dựng thông báo Nghị quyết HĐQT về việc thông qua giao dịch cho vay giữa Tập đoàn DIC và CTCP ĐTPT Phương Nam,https://cafef.vn/du-lieu/DIG-1940807/dig-nghi-quyet-hdqt-thong-qua-giao-dich-cho-vay-giua-tap-doan-dic-va-ctcp-dtpt-phuong-nam.chn,cafef
2024-01-29,DIG: Giải trình chênh lệch lợi nhuận sau thuế quý 4/2023 so với quý 4/2022,Tổng Công ty Cổ phần Đầu tư Phát triển Xây dựng thông báo giải trình chênh lệch lợi nhuận sau thuế quý 4/2023 so với quý 4/2022,https://cafef.vn/du-lieu/DIG-1945217/dig-giai-trinh-chenh-lech-loi-nhuan-sau-thue-quy-42023-so-voi-quy-42022.chn,cafef
2024-01-19,DIG: Nghị quyết HĐQT thông qua chủ trương mua cổ phần CTCP Phát triển thương mại Thiên Quang,Tổng Công ty Cổ phần Đầu tư Phát triển Xây dựng thông báo Nghị quyết HĐQT về việc thông qua chủ trương mua cổ phần CTCP PTTM Thiên Quang,https://cafef.vn/du-lieu/DIG-1933832/dig-nghi-quyet-hdqt-thong-qua-chu-truong-mua-co-phan-ctcp-phat-trien-thuong-mai-thien-quang.chn,cafef
2024-01-18,DIG: Thông báo về việc giải thể Văn phòng đại diện Hà Nội,Tổng Công ty Cổ phần Đầu tư Phát triển Xây dựng thông báo về việc giải thể Văn phòng đại diện Hà Nội,https://cafef.vn/du-lieu/DIG-1932715/dig-thong-bao-ve-viec-giai-the-van-phong-dai-dien-ha-noi.chn,cafef
2024-01-09,DC1: Nghị quyết HĐQT thông qua nhận chuyển nhượng ôtô Toyota Land Cruiser,DC1: Nghị quyết HĐQT thông qua nhận chuyển nhượng ôtô Toyota Land Cruiser,https://cafef.vn/du-lieu/DIG-1927666/dc1-nghi-quyet-hdqt-thong-qua-nhan-chuyen-nhuong-oto-toyota-land-cruiser.chn,cafef
2024-01-08,"DIG: Nghị quyết HĐQT thông qua hợp đồng, giao dịch thanh lý xe ô tô đã qua sử dụng giữa Tập đoàn DIC và Công ty Cổ phần Đầu tư Phát triển Xây dựng số 1","Tổng Công ty Cổ phần Đầu tư Phát triển Xây dựng thông báo Nghị quyết HĐQT về việc thông qua hợp đồng, giao dịch thanh lý xe ô tô đã qua sử dụng giữa Tập đoàn DIC và Công ty Cổ phần Đầu tư Phát triển Xây dựng số 1",https://cafef.vn/du-lieu/DIG-1927514/dig-nghi-quyet-hdqt-thong-qua-hop-dong-giao-dich-thanh-ly-xe-o-to-da-qua-su-dung-giua-tap-doan-dic-va-cong-ty-co-phan-dau-tu-phat-trien-xay-dung-so-1.chn,cafef
2024-01-04,DIC Corp (DIG) bị phạt 470 triệu đồng vì “ém” thông tin,"DIC Corp (DIG)  bị Ủy ban Chứng khoán Nhà nước (UBCKNN) phạt 470 triệu đồng vi lỗi “ém” thông tin và công bố thông tin sai lệch, …",https://cafef.vn/dic-corp-dig-bi-phat-470-trieu-dong-vi-em-thong-tin-188240104102704679.chn,cafef
2024-01-04,DIG: Nghị quyết HĐQT v/v thay đổi phương án sử dụng vốn thu được trong phát hành CK ra công chúng tăng VĐL thêm 750 tỷ đồng,Tổng Công ty Cổ phần Đầu tư Phát triển Xây dựng thông báo Nghị quyết HĐQT về việc thay đổi phương án sử dụng vốn thu được trong phát hành CK ra công chúng tăng VĐL thêm 750 tỷ đồng,https://cafef.vn/du-lieu/DIG-1925708/dig-nghi-quyet-hdqt-vv-thay-doi-phuong-an-su-dung-von-thu-duoc-trong-phat-hanh-ck-ra-cong-chung-tang-vdl-them-750-ty-dong.chn,cafef
2024-01-04,DIG: Thông báo về việc hoàn tất giải thể Công ty DIC Commerce,Tổng Công ty Cổ phần Đầu tư Phát triển Xây dựng thông báo về việc hoàn tất giải thể Công ty DIC Commerce,https://cafef.vn/du-lieu/DIG-1925737/dig-thong-bao-ve-viec-hoan-tat-giai-the-cong-ty-dic-commerce.chn,cafef
2024-01-03,DIG: Nghị quyết HĐQT thông qua chủ trương chấm dứt giao dịch góp vốn vào Công ty TNHH Đại Phước Thiên Minh,Tổng Công ty Cổ phần Đầu tư Phát triển Xây dựng thông báo Nghị quyết HĐQT về việc thông qua chủ trương chấm dứt giao dịch góp vốn vào Công ty TNHH Đại Phước Thiên Minh,https://cafef.vn/du-lieu/DIG-1924583/dig-nghi-quyet-hdqt-thong-qua-chu-truong-cham-dut-giao-dich-gop-von-vao-cong-ty-tnhh-dai-phuoc-thien-minh.chn,cafef
2024-01-03,DIG: Nhắc nhở không CBTT Nghị quyết HĐQT thông qua việc thay đổi phương án sử dụng vốn thu được từ đợt chào bán cổ phiếu riêng lẻ,Sở Giao dịch Chứng khoán Thành phố Hồ Chí Minh nhắc nhở Tổng Công ty Cổ phần Đầu tư Phát triển Xây dựng không CBTT Nghị quyết HĐQT thông qua việc thay đổi phương án sử dụng vốn thu được từ đợt chào bán cổ phiếu riêng lẻ,https://cafef.vn/du-lieu/DIG-1925072/dig-nhac-nho-khong-cbtt-nghi-quyet-hdqt-thong-qua-viec-thay-doi-phuong-an-su-dung-von-thu-duoc-tu-dot-chao-ban-co-phieu-rieng-le.chn,cafef
2024-01-02,"DIG: Nghị quyết HĐQT thông qua chủ trương thực hiện các hợp đồng, giao dịch với bên có liên quan dự kiến phát sinh trong năm 2024","Tổng Công ty Cổ phần Đầu tư Phát triển Xây dựng thông báo Nghị quyết HĐQT về việc thông qua chủ trương thực hiện các hợp đồng, giao dịch với bên có liên quan dự kiến phát sinh trong năm 2024",https://cafef.vn/du-lieu/DIG-1924464/dig-nghi-quyet-hdqt-thong-qua-chu-truong-thuc-hien-cac-hop-dong-giao-dich-voi-ben-co-lien-quan-du-kien-phat-sinh-trong-nam-2024.chn,cafef
2023-12-29,DIG: Nghị quyết HĐQT thông qua giao dịch với bên có liên quan,Tổng Công ty Cổ phần Đầu tư Phát triển Xây dựng thông báo Nghị quyết HĐQT thông qua giao dịch với bên có liên quan,https://cafef.vn/du-lieu/DIG-1922944/dig-nghi-quyet-hdqt-thong-qua-giao-dich-voi-ben-co-lien-quan.chn,cafef
2023-12-29,DIG: Nghị quyết HĐQT thông qua chấm dứt giao dịch góp vốn vào Công ty TNHH Đại Phước Thiên An,Tổng Công ty Cổ phần Đầu tư Phát triển Xây dựng thông báo Nghị quyết HĐQT thông qua chấm dứt giao dịch góp vốn vào CT TNHH Đại Phước Thiên An,https://cafef.vn/du-lieu/DIG-1923845/dig-nghi-quyet-hdqt-thong-qua-cham-dut-giao-dich-gop-von-vao-cong-ty-tnhh-dai-phuoc-thien-an.chn,cafef
2023-12-27,DIG: Nghị quyết HĐQT phê duyệt phương án phát hành trái phiếu riêng lẻ,Tổng Công ty Cổ phần Đầu tư Phát triển Xây dựng thông báo Nghị quyết HĐQT phê duyệt phương án phát hành TPRL,https://cafef.vn/du-lieu/DIG-1921518/dig-nghi-quyet-hdqt-phe-duyet-phuong-an-phat-hanh-trai-phieu-rieng-le.chn,cafef
2023-12-27,DIG: Nghị quyết HĐQT thông qua giao dịch với bên có liên quan,Tổng Công ty Cổ phần Đầu tư Phát triển Xây dựng thông báo Nghị quyết HĐQT thông qua giao dịch với bên có liên quan,https://cafef.vn/du-lieu/DIG-1921519/dig-nghi-quyet-hdqt-thong-qua-giao-dich-voi-ben-co-lien-quan.chn,cafef
2023-12-26,DIG: Nghị quyết HĐQT thông qua chủ trương ký hợp đồng nhận chuyển nhượng Khu đất A2-1 Khu trung tâm Chí Linh,Tổng Công ty Cổ phần Đầu tư Phát triển Xây dựng thông báo Nghị quyết HĐQT về việc thông qua chủ trương ký hợp đồng nhận chuyển nhượng Khu đất A2-1 Khu trung tâm Chí Linh,https://cafef.vn/du-lieu/DIG-1920620/dig-nghi-quyet-hdqt-thong-qua-chu-truong-ky-hop-dong-nhan-chuyen-nhuong-khu-dat-a21-khu-trung-tam-chi-linh.chn,cafef
2023-12-22,DIG: Thông báo giải thể Công ty TNHH Đầu tư Phát triển Xây dựng Hà Nam,Tổng Công ty Cổ phần Đầu tư Phát triển Xây dựng thông báo giải thể Công ty TNHH Đầu tư Phát triển Xây dựng Hà Nam,https://cafef.vn/du-lieu/DIG-1919290/dig-thong-bao-giai-the-cong-ty-tnhh-dau-tu-phat-trien-xay-dung-ha-nam.chn,cafef
2023-12-15,DIG: Nghị quyết HĐQT về việc thông qua chủ trương vay vốn tại BIDV,Tổng Công ty Cổ phần Đầu tư Phát triển Xây dựng thông báo Nghị quyết HĐQT về việc thông qua chủ trương vay vốn tại BIDV,https://cafef.vn/du-lieu/DIG-1915995/dig-nghi-quyet-hdqt-ve-viec-thong-qua-chu-truong-vay-von-tai-bidv.chn,cafef
2023-12-12,DIG: Giấy chứng nhận đăng ký doanh nghiệp thay đổi lần thứ 25,Tổng Công ty Cổ phần Đầu tư Phát triển Xây dựng thông báo Giấy chứng nhận đăng ký doanh nghiệp thay đổi lần thứ 25,https://cafef.vn/du-lieu/DIG-1913584/dig-giay-chung-nhan-dang-ky-doanh-nghiep-thay-doi-lan-thu-25.chn,cafef
2023-11-14,DIG:Báo cáo bổ sung báo cáo tiến độ sử dụng vốn thu được từ đợt chào bán cổ phiếu riêng lẻ năm 2021,Tổng Công ty Cổ phần Đầu tư Phát triển Xây dựng công bố Báo cáo bổ sung báo cáo tiến độ sử dụng vốn thu được từ đợt chào bán cổ phiếu riêng lẻ năm 2021,https://cafef.vn/du-lieu/DIG-1884928/digbao-cao-bo-sung-bao-cao-tien-do-su-dung-von-thu-duoc-tu-dot-chao-ban-co-phieu-rieng-le-nam-2021.chn,cafef
2023-11-08,DIG: CBTT kí hợp đồng giao dịch với bên có liên quan,Tổng Công ty Cổ phần Đầu tư Phát triển Xây dựng thông báo kí hợp đồng giao dịch với bên có liên quan,https://cafef.vn/du-lieu/DIG-1880569/dig-cbtt-ki-hop-dong-giao-dich-voi-ben-co-lien-quan.chn,cafef
2023-10-31,DIG: Nghị quyết HĐQT thành lập các Ủy ban trực thuộc HĐQT,Tổng Công ty Cổ phần Đầu tư Phát triển Xây dựng thông báo Nghị quyết HĐQT thành lập các Ủy ban trực thuộc HĐQT,https://cafef.vn/du-lieu/DIG-1870153/dig-nghi-quyet-hdqt-thanh-lap-cac-uy-ban-truc-thuoc-hdqt.chn,cafef
2023-10-27,"DIC Corp (DIG) báo lãi quý 3/2023, cổ phiếu liền tăng kịch trần","Lãi sau thuế quý 3/2023 của DIG đạt hơn 12 tỷ đồng, cải thiện so với khoản lỗ sau thuế gần 1 tỷ đồng trong quý 3 năm trước.",https://cafef.vn/dic-corp-dig-bao-lai-quy-32023-co-phieu-lien-tang-kich-tran-188231027151318152.chn,cafef
2023-10-27,DIG: Giải trình biến động KQKD quý 3/2023 so với cùng kỳ năm trước,Tổng Công ty Cổ phần Đầu tư Phát triển Xây dựng giải trình biến động KQKD quý 3/2023 so với cùng kỳ năm trước,https://cafef.vn/du-lieu/DIG-1863715/dig-giai-trinh-bien-dong-kqkd-quy-32023-so-voi-cung-ky-nam-truoc.chn,cafef
2023-10-10,DIG: Báo cáo tiến độ sử dụng vốn từ đợt chào bán cổ phiếu riêng lẻ năm 2021,Tổng Công ty Cổ phần Đầu tư Phát triển Xây dựng báo cáo tiến độ sử dụng vốn từ đợt chào bán cổ phiếu riêng lẻ năm 2021,https://cafef.vn/du-lieu/DIG-1840433/dig-bao-cao-tien-do-su-dung-von-tu-dot-chao-ban-co-phieu-rieng-le-nam-2021.chn,cafef
2023-09-26,DIG: Nghị quyết HĐQT về việc thành lập Ủy ban Phát triển Bền vững,Tổng Công ty Cổ phần Đầu tư Phát triển Xây dựng thông báo Nghị quyết HĐQT về việc thành lập Ủy ban Phát triển Bền vững như sau,https://cafef.vn/du-lieu/DIG-1819210/dig-nghi-quyet-hdqt-ve-viec-thanh-lap-uy-ban-phat-trien-ben-vung.chn,cafef
2023-09-18,DIG: Nghị quyết HĐQT v/v tiếp tục tạm ngừng kinh doanh đối với chi nhánh DIC Him Lam,Tổng Công ty Cổ phần Đầu tư Phát triển Xây dựng thông báo Nghị quyết HĐQT về việc tiếp tục tạm ngừng kinh doanh đối với chi nhánh DIC Him Lam như sau,https://cafef.vn/du-lieu/DIG-1808433/dig-nghi-quyet-hdqt-vv-tiep-tuc-tam-ngung-kinh-doanh-doi-voi-chi-nhanh-dic-him-lam.chn,cafef
2023-08-29,DIG: Giải trình chênh lệch tại BCTC soát xét bán niên năm 2023 so với cùng kỳ năm trước,Tổng Công ty Cổ phần Đầu tư Phát triển Xây dựng giải trình chênh lệch tại BCTC soát xét bán niên năm 2023 so với cùng kỳ năm trước như sau,https://cafef.vn/du-lieu/DIG-1784129/dig-giai-trinh-chenh-lech-tai-bctc-soat-xet-ban-nien-nam-2023-so-voi-cung-ky-nam-truoc.chn,cafef
2023-08-04,DIG: Nghị quyết HĐQT v/v tiếp tục kinh doanh trước thời hạn đã thông báo của CN Vĩnh Phúc,Tổng Công ty Cổ phần Đầu tư Phát triển Xây dựng thông báo Nghị quyết HĐQT về việc thông qua phương án tiếp tục kinh doanh trước thời hạn đã thông báo của Chi nhánh Vĩnh Phúc như sau,https://cafef.vn/du-lieu/DIG-1753953/dig-nghi-quyet-hdqt-vv-tiep-tuc-kinh-doanh-truoc-thoi-han-da-thong-bao-cua-cn-vinh-phuc.chn,cafef
2023-08-01,DIG: Nghị quyết HĐQT v/v thoái toàn bộ vốn góp tại Công ty Cổ phần Đầu tư và Thương mại DIC,Tổng Công ty Cổ phần Đầu tư Phát triển Xây dựng thông báo Nghị quyết HĐQT về việc thông qua chủ trương thoái toàn bộ vốn góp tại Công ty Cổ phần Đầu tư và Thương mại DIC như sau,https://cafef.vn/du-lieu/DIG-783127/dig-nghi-quyet-hdqt-vv-thoai-toan-bo-von-gop-tai-cong-ty-co-phan-dau-tu-va-thuong-mai-dic.chn,cafef
2023-07-31,DIG: Báo cáo tình hình quản trị Công ty 06 tháng đầu năm 2023,Tổng Công ty Cổ phần Đầu tư Phát triển Xây dựng báo cáo tình hình quản trị Công ty 06 tháng đầu năm 2023 như sau,https://cafef.vn/du-lieu/DIG-782914/dig-bao-cao-tinh-hinh-quan-tri-cong-ty-06-thang-dau-nam-2023.chn,cafef
2023-07-31,DIG: Giải trình biến động KQKD HN và Cty mẹ quý 2/2023 so với cùng kỳ năm trước,Tổng Công ty Cổ phần Đầu tư Phát triển Xây dựng giải trình biến động KQKD HN và Cty mẹ quý 2/2023 so với cùng kỳ năm trước như sau,https://cafef.vn/du-lieu/DIG-783182/dig-giai-trinh-bien-dong-kqkd-hn-va-cty-me-quy-22023-so-voi-cung-ky-nam-truoc.chn,cafef
2023-07-29,"DIC Corp (DIG) báo lãi quý 2 giảm 89%, thực hiện chưa đến 1/10 kế hoạch sau nửa năm","6 tháng đầu năm, DIC Corp ghi nhận doanh thu thuần đạt 575 tỷ đồng và lợi nhuận sau thuế đạt 81 tỷ đồng, lần lượt giảm 47% và 43% so với nửa đầu năm ngoái.",https://cafef.vn/dic-corp-dig-bao-lai-quy-2-giam-89-thuc-hien-chua-den-110-ke-hoach-sau-nua-nam-188230729141329264.chn,cafef
2023-07-28,DIG: Thay đổi nội dung Thông báo về việc niêm yết và giao dịch cổ phiếu thay đổi niêm yết,Sở Giao dịch Chứng khoán Thành phố Hồ Chí Minh thông báo thay đổi nội dung Thông báo về việc niêm yết và giao dịch cổ phiếu thay đổi niêm yết đối với Tổng Công ty Cổ phần Đầu tư Phát triển Xây dựng như sau,https://cafef.vn/du-lieu/DIG-1752158/dig-thay-doi-noi-dung-thong-bao-ve-viec-niem-yet-va-giao-dich-co-phieu-thay-doi-niem-yet.chn,cafef
2023-07-26,DIG: Đường dẫn Điều lệ và Quy chế nội bộ về quản trị công ty,Tổng Công ty Cổ phần Đầu tư Phát triển Xây dựng thông báo đường dẫn Điều lệ và Quy chế nội bộ về quản trị công ty như sau,https://cafef.vn/du-lieu/DIG-775521/dig-duong-dan-dieu-le-va-quy-che-noi-bo-ve-quan-tri-cong-ty.chn,cafef
2023-07-26,DIG: Ký hợp đồng kiểm toán BCTC năm 2023,Tổng Công ty Cổ phần Đầu tư Phát triển Xây dựng thông báo ký hợp đồng kiểm toán BCTC năm 2023 như sau,https://cafef.vn/du-lieu/DIG-775528/dig-ky-hop-dong-kiem-toan-bctc-nam-2023.chn,cafef
2023-07-25,DIG: Nghị quyết và Biên bản họp ĐHĐCĐ thường niên năm 2023,Tổng Công ty Cổ phần Đầu tư Phát triển Xây dựng thông báo Nghị quyết và Biên bản họp ĐHĐCĐ thường niên năm 2023 như sau,https://cafef.vn/du-lieu/DIG-773405/dig-nghi-quyet-va-bien-ban-hop-dhdcd-thuong-nien-nam-2023.chn,cafef
2023-07-25,DIG: Nghị quyết HĐQT v/v điều chỉnh thời gian hạn chế chuyển nhượng đối với cổ phiếu ESOP năm 2021,Tổng Công ty Cổ phần Đầu tư Phát triển Xây dựng thông báo Nghị quyết HĐQT về việc điều chỉnh thời gian hạn chế chuyển nhượng đối với cổ phiếu ESOP năm 2021 như sau,https://cafef.vn/du-lieu/DIG-774211/dig-nghi-quyet-hdqt-vv-dieu-chinh-thoi-gian-han-che-chuyen-nhuong-doi-voi-co-phieu-esop-nam-2021.chn,cafef
2023-07-25,DIG: Nghị quyết HĐQT v/v lựa chọn đơn vị kiểm toán cho năm 2023,Tổng Công ty Cổ phần Đầu tư Phát triển Xây dựng thông báo Nghị quyết HĐQT về việc lựa chọn đơn vị kiểm toán cho năm 2023 như sau,https://cafef.vn/du-lieu/DIG-774214/dig-nghi-quyet-hdqt-vv-lua-chon-don-vi-kiem-toan-cho-nam-2023.chn,cafef
2023-06-29,DIG: Nghị quyết HĐQT v/v triệu tập ĐHĐCĐ thường niên 2023 lần hai,Tổng Công ty Cổ phần Đầu tư Phát triển Xây dựng thông báo Nghị quyết HĐQT về việc triệu tập ĐHĐCĐ thường niên 2023 lần hai như sau,https://cafef.vn/du-lieu/DIG-532734/dig-nghi-quyet-hdqt-vv-trieu-tap-dhdcd-thuong-nien-2023-lan-hai.chn,cafef
2023-06-29,DIG: Thông báo ĐHĐCĐ thường niên năm 2023 không đủ điều kiện tiến hành,Tổng Công ty Cổ phần Đầu tư Phát triển Xây dựng thông báo ĐHĐCĐ thường niên năm 2023 không đủ điều kiện tiến hành như sau,https://cafef.vn/du-lieu/DIG-533849/dig-thong-bao-dhdcd-thuong-nien-nam-2023-khong-du-dieu-kien-tien-hanh.chn,cafef
2023-06-29,DIG: Nhận được Giấy chứng nhận đăng ký doanh nghiệp của Công ty TNHH MTV Vũng Tàu Centre Point,Tổng Công ty Cổ phần Đầu tư Phát triển Xây dựng thông báo nhận được Giấy chứng nhận đăng ký doanh nghiệp của Công ty TNHH MTV Vũng Tàu Centre Point như sau,https://cafef.vn/du-lieu/DIG-533850/dig-nhan-duoc-giay-chung-nhan-dang-ky-doanh-nghiep-cua-cong-ty-tnhh-mtv-vung-tau-centre-point.chn,cafef
2023-06-27,DIG: Trích Nghị quyết HĐQT v/v thông qua chủ trương thành lập Công ty TNHH MTV Vũng Tàu Centre Point,Tổng Công ty Cổ phần Đầu tư Phát triển Xây dựng thông báo trích Nghị quyết HĐQT về việc thông qua chủ trương thành lập Công ty TNHH MTV Vũng Tàu Centre Point như sau,https://cafef.vn/du-lieu/DIG-531060/dig-trich-nghi-quyet-hdqt-vv-thong-qua-chu-truong-thanh-lap-cong-ty-tnhh-mtv-vung-tau-centre-point.chn,cafef
2023-06-21,"Chủ tịch một doanh nghiệp bất động sản gửi tâm thư ""hiệu triệu"" cổ đông tham dự ĐHĐCĐ","Trong thư gửi cổ đông ngày 20/06, Chủ tịch HĐQT Tổng CTCP Đầu tư Phát triển Xây dựng (DIC Group, HOSE: DIG) Nguyễn Thiện Tuấn đã bày tỏ mong muốn cổ đông trực tiếp tham dự để cuộc họp ĐHĐCĐ thường niên 2023 đủ điều kiện tiến hành.",https://cafef.vn/chu-tich-mot-doanh-nghiep-bat-dong-san-gui-tam-thu-hieu-trieu-co-dong-tham-du-dhdcd-188230621091256207.chn,cafef
2023-06-19,"DIG: Nghị quyết HĐQT v/v điều chỉnh, bổ sung tài liệu họp ĐHĐCĐ thường niên 2023","Tổng C&ocirc;ng ty Cổ phần Đầu tư Ph&aacute;t triển X&acirc;y dựng&nbsp;th&ocirc;ng b&aacute;o&nbsp;Nghị quyết HĐQT về việc điều chỉnh, bổ sung t&agrave;i liệu họp ĐHĐCĐ thường ni&ecirc;n 2023 như sau:",https://cafef.vn/du-lieu/DIG-213071/dig-nghi-quyet-hdqt-vv-dieu-chinh-bo-sung-tai-lieu-hop-dhdcd-thuong-nien-2023.chn,cafef
2023-06-06,DIG: Trích Nghị quyết HĐQT về thành lập Ủy ban đầu tư,Tổng C&ocirc;ng ty Cổ phần Đầu tư Ph&aacute;t triển X&acirc;y dựng&nbsp;th&ocirc;ng b&aacute;o tr&iacute;ch Nghị quyết HĐQT về th&agrave;nh lập Ủy ban đầu tư như sau:,https://cafef.vn/du-lieu/DIG-219413/dig-trich-nghi-quyet-hdqt-ve-thanh-lap-uy-ban-dau-tu.chn,cafef
2023-05-30,"DIG: Nghị quyết HĐQT thông qua tài liệu, thời gian chính thức họp ĐHĐCĐ thường niên năm 2023","Tổng C&ocirc;ng ty Cổ phần Đầu tư Ph&aacute;t triển X&acirc;y dựng&nbsp;th&ocirc;ng b&aacute;o&nbsp;Nghị quyết HĐQT th&ocirc;ng qua t&agrave;i liệu, thời gian ch&iacute;nh thức họp ĐHĐCĐ thường ni&ecirc;n năm 2023 như sau:",https://cafef.vn/du-lieu/DIG-223781/dig-nghi-quyet-hdqt-thong-qua-tai-lieu-thoi-gian-chinh-thuc-hop-dhdcd-thuong-nien-nam-2023.chn,cafef
2023-05-30,DIG: Đường dẫn tài liệu ĐHĐCĐ thường niên năm 2023,&nbsp;Tổng C&ocirc;ng ty Cổ phần Đầu tư Ph&aacute;t triển X&acirc;y dựng th&ocirc;ng b&aacute;o&nbsp;đường dẫn t&agrave;i liệu ĐHĐCĐ thường ni&ecirc;n năm 2023 như sau:,https://cafef.vn/du-lieu/DIG-223796/dig-duong-dan-tai-lieu-dhdcd-thuong-nien-nam-2023.chn,cafef
2023-05-18,DIC Corp (DIG) lên tiếng về thông tin vi phạm tại dự án khu đô thị mới Bắc Vũng Tàu,DIC Corp khẳng định nội dung thông tin dự án Khu đô thị mới Bắc Vũng Tàu quy hoạch thiếu diện tích nhà ở xã hội là chưa sát với tình hình thực hiện hồ sơ Dự án hiện nay.,https://cafef.vn/dic-corp-dig-len-tieng-ve-thong-tin-vi-pham-tai-du-an-khu-do-thi-moi-bac-vung-tau-188230518175243966.chn,cafef
2023-05-11,"Thị giá DIG tăng 86% sau 2 tháng, con trai Chủ tịch DIC Corp Nguyễn Thiện Tuấn “bắt đáy” thành công hàng triệu cổ phiếu","Cổ phiếu DIG của Tổng CTCP Đầu tư Phát triển Xây dựng (DIC Corp) ghi dẫn đầu về thanh khoản nhóm bất động sản, thị giá được đẩy lên mức kịch trần 20.450 đồng/cp.",https://cafef.vn/thi-gia-dig-tang-86-sau-2-thang-con-trai-chu-tich-dic-corp-nguyen-thien-tuan-bat-day-thanh-cong-hang-trieu-co-phieu-188230511143405604.chn,cafef
2023-05-10,"DIG: 23.5.2023, ngày GDKHQ tham dự ĐHĐCĐ thường niên năm 2023",Sở Giao dịch Chứng kho&aacute;n TP.HCM th&ocirc;ng b&aacute;o về ng&agrave;y đăng k&yacute; cuối c&ugrave;ng tham dự ĐHĐCĐ thường ni&ecirc;n năm 2023 của Tổng C&ocirc;ng ty Cổ phần Đầu tư Ph&aacute;t triển X&acirc;y dựng (m&atilde; CK: DIG) như sau:,https://cafef.vn/du-lieu/DIG-236360/dig-2352023-ngay-gdkhq-tham-du-dhdcd-thuong-nien-nam-2023.chn,cafef
2023-05-04,DIG: Ngày ĐKCC thực hiện quyền tham dự ĐHĐCĐ thường niên năm 2023,Tổng C&ocirc;ng ty Cổ phần Đầu tư Ph&aacute;t triển X&acirc;y dựng th&ocirc;ng b&aacute;o ng&agrave;y ĐKCC thực hiện quyền tham dự ĐHĐCĐ thường ni&ecirc;n năm 2023 như sau:,https://cafef.vn/du-lieu/DIG-240434/dig-ngay-dkcc-thuc-hien-quyen-tham-du-dhdcd-thuong-nien-nam-2023.chn,cafef
2023-04-29,"DIC Corp (DIG) báo lãi quý 1 tăng 16% dù hụt thu từ bất động sản, nợ vay giảm gần 1.100 tỷ đồng",Tăng trưởng lợi nhuận của DIC Corp chủ yếu do doanh thu hoạt động tài chính tăng đột biến gấp 7 lần cùng kỳ nhờ thu nhập từ các khoản đầu tư.,https://cafef.vn/dic-corp-dig-bao-lai-quy-1-tang-16-du-hut-thu-tu-bat-dong-san-no-vay-giam-gan-1100-ty-dong-188230429025500911.chn,cafef
2023-04-28,DIG: Giải trình chênh lệch lợi nhuận sau thuế quý 1/2023 so với quý 1/2022,Tổng Công ty Cổ phần Đầu tư Phát triển Xây dựng&nbsp;thông báo giải trình&nbsp;chênh lệch lợi nhuận sau thuế quý 1/2023 so với quý 1/2022 như sau:,https://cafef.vn/du-lieu/DIG-241847/dig-giai-trinh-chenh-lech-loi-nhuan-sau-thue-quy-12023-so-voi-quy-12022.chn,cafef
2023-04-25,"""Vỡ"" kế hoạch 2022, DIC Corp (DIG) bất ngờ đặt mục tiêu lãi kỷ lục 1.400 tỷ đồng năm 2023","Năm 2022 trước đó, DIC Corp cũng đặt mục tiêu lợi nhuận trước thuế cao ngất ngưởng lên đến 1.900 tỷ đồng nhưng sau đó chỉ hoàn thành 1/10 kế hoạch đề ra.",https://cafef.vn/vo-ke-hoach-2022-dic-corp-dig-bat-ngo-dat-muc-tieu-lai-ky-luc-1400-ty-dong-nam-2023-188230425001433939.chn,cafef
2023-04-22,DIC Corp (DIG) hủy phương án chào bán 100 triệu cổ phiếu cho cổ đông hiện hữu,"Sau nhiều lần thay đổi như lùi thời điểm phát hành, hạ giá bán,... DIC Corp đã quyết định dừng  phương án chào bán để tăng vốn.",https://cafef.vn/dic-corp-dig-huy-phuong-an-chao-ban-100-trieu-co-phieu-cho-co-dong-hien-huu-188230422005131603.chn,cafef
2023-04-21,DIG: Nghị quyết HĐQT v/v dừng triển khai phương án phát hành cổ phiếu cho cổ đông hiện hữu,Tổng C&ocirc;ng ty Cổ phần Đầu tư Ph&aacute;t triển X&acirc;y dựng th&ocirc;ng b&aacute;o Nghị quyết HĐQT về việc dừng triển khai phương &aacute;n ph&aacute;t h&agrave;nh cổ phiếu cho cổ đ&ocirc;ng hiện hữu&nbsp;như sau:,https://cafef.vn/du-lieu/DIG-254120/dig-nghi-quyet-hdqt-vv-dung-trien-khai-phuong-an-phat-hanh-co-phieu-cho-co-dong-hien-huu.chn,cafef
2023-04-20,DIG: Đường dẫn Báo cáo thường niên năm 2022,Tổng Công ty Cổ phần Đầu tư Phát triển Xây dựng thông báo đường dẫn Báo cáo thường niên năm 2022 như sau:,https://cafef.vn/du-lieu/DIG-256508/dig-duong-dan-bao-cao-thuong-nien-nam-2022.chn,cafef
2023-04-14,DIG: Báo cáo tiến độ sử dụng vốn thu được từ chào bán cổ phiếu riêng lẻ năm 2021,Tổng C&ocirc;ng ty Cổ phần Đầu tư Ph&aacute;t triển X&acirc;y dựng b&aacute;o c&aacute;o tiến độ sử dụng vốn thu được từ ch&agrave;o b&aacute;n cổ phiếu ri&ecirc;ng lẻ&nbsp;năm 2021 như sau:,https://cafef.vn/du-lieu/DIG-264842/dig-bao-cao-tien-do-su-dung-von-thu-duoc-tu-chao-ban-co-phieu-rieng-le-nam-2021.chn,cafef
2023-04-13,DIG: Nghị quyết HĐQT v/v thông qua chủ trương sáp nhập DIC Commerce và DIC Vision,Tổng C&ocirc;ng ty Cổ phần Đầu tư Ph&aacute;t triển X&acirc;y dựng&nbsp;th&ocirc;ng b&aacute;o&nbsp;Nghị quyết HĐQT về việc th&ocirc;ng qua chủ trương s&aacute;p nhập DIC Commerce v&agrave; DIC Vision như sau:,https://cafef.vn/du-lieu/DIG-266426/dig-nghi-quyet-hdqt-vv-thong-qua-chu-truong-sap-nhap-dic-commerce-va-dic-vision.chn,cafef
2023-04-13,DIC Corp (DIG) bị HoSE nhắc nhở do chậm công bố thông tin phát hành cổ phiếu 3 lần liên tiếp,HoSE nhắc nhở và đề nghị DIC Corp tuân thủ quy định pháp luật về công bố thông tin trên thị trường chứng khoán để đảm bảo quyền lợi của cổ đông.,https://cafef.vn/dic-corp-dig-bi-hose-nhac-nho-do-cham-cong-bo-thong-tin-phat-hanh-co-phieu-3-lan-lien-tiep-188230413135611432.chn,cafef
2023-04-12,DIG: Nhắc nhở chậm CBTT thay đổi số lượng cổ phiếu có quyền biểu quyết đang lưu hành,Sở Giao dịch Chứng kho&aacute;n Th&agrave;nh phố Hồ Ch&iacute; Minh th&ocirc;ng b&aacute;o nhắc nhở chậm CBTT&nbsp;thay đổi số lượng cổ phiếu c&oacute; quyền biểu quyết đang lưu h&agrave;nh đối với&nbsp;Tổng C&ocirc;ng ty Cổ phần Đầu tư Ph&aacute;t triển X&acirc;y dựng (m&atilde; CK: DIG) như sau:,https://cafef.vn/du-lieu/DIG-269459/dig-nhac-nho-cham-cbtt-thay-doi-so-luong-co-phieu-co-quyen-bieu-quyet-dang-luu-hanh.chn,cafef
2023-04-07,DIG: Kết quả mua lại trái phiếu trước hạn,&nbsp;Tổng C&ocirc;ng ty Cổ phần Đầu tư Ph&aacute;t triển X&acirc;y dựng&nbsp;c&ocirc;ng bố kết quả mua lại tr&aacute;i phiếu trước hạn như sau:,https://cafef.vn/du-lieu/DIG-276650/dig-ket-qua-mua-lai-trai-phieu-truoc-han.chn,cafef
2023-03-31,DIG: Giải trình chênh lệch BCTC kiểm toán năm 2022 so với cùng kỳ năm trước,Tổng C&ocirc;ng ty Cổ phần Đầu tư Ph&aacute;t triển X&acirc;y dựng giải tr&igrave;nh ch&ecirc;nh lệch BCTC kiểm to&aacute;n năm 2022 so với c&ugrave;ng kỳ năm trước như sau:,https://cafef.vn/du-lieu/DIG-288278/dig-giai-trinh-chenh-lech-bctc-kiem-toan-nam-2022-so-voi-cung-ky-nam-truoc.chn,cafef
2023-03-24,"Thiên Tân bán ròng 24 triệu cổ phiếu DIC Corp (DIG) từ đầu năm 2023 tới nay, thu về hàng trăm tỷ đồng",Thiên Tân vừa tiếp tục báo cáo bán ra lượng lớn cổ phiếu DIG trong hai ngày 17 và 20/3 với giá trị ước tính vào khoảng 103 tỷ đồng.,https://cafef.vn/thien-tan-ban-rong-24-trieu-co-phieu-dic-corp-dig-tu-dau-nam-2023-toi-nay-thu-ve-hang-tram-ty-dong-188230324082348766.chn,cafef
2023-03-24,"Thiên Tân bán ròng 24 triệu cổ phiếu DIC Corp (DIG) từ đầu năm 2023 tới nay, thu về hàng trăm tỷ đồng",Thiên Tân vừa tiếp tục báo cáo bán ra lượng lớn cổ phiếu DIG trong hai ngày 17 và 20/3 với giá trị ước tính vào khoảng 103 tỷ đồng.,https://cafef.vn/thien-tan-ban-rong-24-trieu-co-phieu-dic-corp-dig-tu-dau-nam-2023-toi-nay-thu-ve-hang-tram-ty-dong-20230324081959317.chn,cafef
2023-03-15,DIG: Nghị quyết HĐQT thông qua chủ trương giải thể Chi nhánh DIC Star Landmark Vũng Tàu,Tổng C&ocirc;ng ty Cổ phần Đầu tư Ph&aacute;t triển X&acirc;y dựng th&ocirc;ng b&aacute;o&nbsp;Nghị quyết HĐQT th&ocirc;ng qua chủ trương giải thể Chi nh&aacute;nh DIC Star Landmark Vũng T&agrave;u&nbsp;như sau:,https://cafef.vn/du-lieu/DIG-305912/dig-nghi-quyet-hdqt-thong-qua-chu-truong-giai-the-chi-nhanh-dic-star-landmark-vung-tau.chn,cafef
2023-03-14,DIG: Mua lại trái phiếu DIGH2124001,Tổng C&ocirc;ng ty Cổ phần Đầu tư Ph&aacute;t triển X&acirc;y dựng&nbsp;th&ocirc;ng b&aacute;o mua lại tr&aacute;i phiếu DIGH2124001 như sau:,https://cafef.vn/du-lieu/DIG-306716/dig-mua-lai-trai-phieu-digh2124001.chn,cafef
2023-03-10,DIG: Gia hạn thời gian tổ chức ĐHĐCĐ thường niên năm 2023,Tổng Công ty Cổ phần Đầu tư Phát triển Xây dựng&nbsp;thông báo gia hạn thời gian tổ chức ĐHĐCĐ thường niên năm 2023&nbsp;như sau:,https://cafef.vn/du-lieu/DIG-308666/dig-gia-han-thoi-gian-to-chuc-dhdcd-thuong-nien-nam-2023.chn,cafef
2023-02-24,DIG: Báo cáo tình hình sử dụng vốn thu được đã được kiểm toán,Tổng Công ty Cổ phần Đầu tư Phát triển Xây dựng công bố báo cáo tình hình sử dụng vốn thu được đã được kiểm toán như sau:,https://cafef.vn/du-lieu/DIG-317525/dig-bao-cao-tinh-hinh-su-dung-von-thu-duoc-da-duoc-kiem-toan.chn,cafef
2023-02-23,DIG: Nghị quyết HĐQT điều chỉnh thông tin phát hành cổ phiếu cho cổ đông hiện hữu,&nbsp;Tổng C&ocirc;ng ty Cổ phần Đầu tư Ph&aacute;t triển X&acirc;y dựng th&ocirc;ng b&aacute;o&nbsp;Nghị quyết HĐQT điều chỉnh th&ocirc;ng tin ph&aacute;t h&agrave;nh cổ phiếu cho cổ đ&ocirc;ng hiện hữu như sau:,https://cafef.vn/du-lieu/DIG-318374/dig-nghi-quyet-hdqt-dieu-chinh-thong-tin-phat-hanh-co-phieu-cho-co-dong-hien-huu.chn,cafef
2023-02-21,DIG: Nghị quyết HĐQT v/v thông qua chủ trương giải thể Công ty Cổ phần Thủy cung DIG,Tổng C&ocirc;ng ty Cổ phần Đầu tư Ph&aacute;t triển X&acirc;y dựng&nbsp;th&ocirc;ng b&aacute;o&nbsp;Nghị quyết HĐQT về việc th&ocirc;ng qua chủ trương giải thể C&ocirc;ng ty Cổ phần Thủy cung DIG như sau:,https://cafef.vn/du-lieu/DIG-319967/dig-nghi-quyet-hdqt-vv-thong-qua-chu-truong-giai-the-cong-ty-co-phan-thuy-cung-dig.chn,cafef
2023-01-30,"Quý 4 lãi ròng chưa đến 3 tỷ đồng, DIC Corp (DIG) chỉ thực hiện được 1/10 kế hoạch lợi nhuận cả năm 2022","Tại ĐHĐCĐ bất thường diễn ra vào ngày 12/10, Chủ tịch HĐQT Nguyễn Thiện Tuấn vẫn tự tin khẳng định với cổ đông sẽ hoàn thành kế hoạch lãi trước thuế năm 2022 bất chấp tình hình chung và nhóm bất động sản nói riêng đang gặp nhiều khó khăn.",https://cafef.vn/quy-4-lai-rong-chua-den-3-ty-dong-dic-corp-dig-chi-thuc-hien-duoc-110-ke-hoach-loi-nhuan-ca-nam-2022-20230130213854924.chn,cafef
2023-01-30,DIG: Giải trình BCTC quý 4/2022 so với cùng kỳ năm trước,Tổng Công ty Cổ phần Đầu tư Phát triển Xây dựng&nbsp;giải trình BCTC quý 4/2022 so với cùng kỳ năm trước như sau:,https://cafef.vn/du-lieu/DIG-332060/dig-giai-trinh-bctc-quy-42022-so-voi-cung-ky-nam-truoc.chn,cafef
2023-01-30,DIG: Báo cáo tình hình quản trị công ty năm 2022,Tổng C&ocirc;ng ty Cổ phần Đầu tư Ph&aacute;t triển X&acirc;y dựng&nbsp;c&ocirc;ng bố&nbsp;B&aacute;o c&aacute;o t&igrave;nh h&igrave;nh quản trị c&ocirc;ng ty năm 2022&nbsp;như sau:,https://cafef.vn/du-lieu/DIG-332126/dig-bao-cao-tinh-hinh-quan-tri-cong-ty-nam-2022.chn,cafef
2023-01-04,"DIG: Nghị quyết HĐQT v/v thực hiện các hợp đồng, giao dịch với các bên liên quan trong năm 2023","Tổng C&ocirc;ng ty Cổ phần Đầu tư Ph&aacute;t triển X&acirc;y dựng&nbsp;th&ocirc;ng b&aacute;o&nbsp;Nghị quyết HĐQT về việc th&ocirc;ng qua chủ trương thực hiện c&aacute;c hợp đồng, giao dịch với c&aacute;c b&ecirc;n li&ecirc;n quan trong năm 2023 như sau:",https://cafef.vn/du-lieu/DIG-342599/dig-nghi-quyet-hdqt-vv-thuc-hien-cac-hop-dong-giao-dich-voi-cac-ben-lien-quan-trong-nam-2023.chn,cafef
2022-12-28,DIG: Nghị quyết HĐQT số 237 & 238 ngày 27/12/2022,Tổng C&ocirc;ng ty Cổ phần Đầu tư Ph&aacute;t triển X&acirc;y dựng&nbsp;th&ocirc;ng b&aacute;o&nbsp;Nghị quyết HĐQT số 237 &amp; 238 ng&agrave;y 27/12/2022 như sau:,https://cafef.vn/du-lieu/DIG-345764/dig-nghi-quyet-hdqt-so-237--238-ngay-27122022.chn,cafef
2022-12-08,DIG: Nghị quyết HĐQT v/v thông qua triển khai chi tiết phương án phát hành cổ phiếu cho CĐHH,Tổng C&ocirc;ng ty Cổ phần Đầu tư Ph&aacute;t triển X&acirc;y dựng&nbsp;th&ocirc;ng b&aacute;o&nbsp;Nghị quyết HĐQT về việc th&ocirc;ng qua triển khai chi tiết phương &aacute;n ph&aacute;t h&agrave;nh cổ phiếu cho CĐHH như sau:,https://cafef.vn/du-lieu/DIG-354284/dig-nghi-quyet-hdqt-vv-thong-qua-trien-khai-chi-tiet-phuong-an-phat-hanh-co-phieu-cho-cdhh.chn,cafef
2022-12-06,DIG: Nghị quyết HĐQT v/v triển khai chi tiết phương án phát hành cổ phiếu cho CĐHH,Tổng C&ocirc;ng ty Cổ phần Đầu tư Ph&aacute;t triển X&acirc;y dựng&nbsp;th&ocirc;ng b&aacute;o&nbsp;Nghị quyết HĐQT về việc triển khai chi tiết phương &aacute;n ph&aacute;t h&agrave;nh cổ phiếu cho CĐHH như sau:,https://cafef.vn/du-lieu/DIG-355256/dig-nghi-quyet-hdqt-vv-trien-khai-chi-tiet-phuong-an-phat-hanh-co-phieu-cho-cdhh.chn,cafef
2022-11-17,DIG: Kết quả mua lại trái phiếu trước hạn,Tổng Công ty Cổ phần Đầu tư Phát triển Xây dựng thông báo kết quả mua lại trái phiếu trước hạn&nbsp;như sau:,https://cafef.vn/du-lieu/DIG-363578/dig-ket-qua-mua-lai-trai-phieu-truoc-han.chn,cafef
2022-11-11,DIG: Thông báo mua lại trái phiếu,Tổng Công ty Cổ phần Đầu tư Phát triển Xây dựng&nbsp;thông báo mua lại trái phiếu&nbsp;như sau:,https://cafef.vn/du-lieu/DIG-366404/dig-thong-bao-mua-lai-trai-phieu.chn,cafef
2022-11-11,DIG: Giải trình cổ phiếu giảm sàn 05 phiên liên tiếp,Tổng Công ty Cổ phần Đầu tư Phát triển Xây dựng&nbsp;thông báo giải trình cổ phiếu giảm sàn 05 phiên liên tiếp&nbsp;như sau:,https://cafef.vn/du-lieu/DIG-366410/dig-giai-trinh-co-phieu-giam-san-05-phien-lien-tiep.chn,cafef
2022-11-09,"Dòng tiền khó khăn, các ông lớn BĐS Novaland, Khang Điền, Phát Đạt... tích trữ tiền mặt như thế nào?","Phát Đạt (PDR) mặc dù có tổng tài sản lên tới tỷ đô nhưng nợ phải trả chiếm 60% và tỷ lệ tiền/nợ phải trả chỉ vỏn vẹn 0,5% - thấp nhất danh sách. Tại thời điểm cuối quý 3, doanh nghiệp này chỉ có 72 tỷ tiền và tiền gửi ngắn hạn.",https://cafef.vn/dong-tien-kho-khan-cac-ong-lon-bds-novaland-khang-dien-phat-dat-tich-tru-tien-mat-nhu-the-nao-20221109092950865.chn,cafef
2022-10-31,DIG: Nghị quyết HĐQT v/v thông qua chủ trương mua cổ phiếu DIC số 2,Tổng C&ocirc;ng ty Cổ phần Đầu tư Ph&aacute;t triển X&acirc;y dựng&nbsp;c&ocirc;ng bố&nbsp;Nghị quyết HĐQT về việc th&ocirc;ng qua chủ trương mua cổ phiếu DIC số 2 như sau:,https://cafef.vn/du-lieu/DIG-372398/dig-nghi-quyet-hdqt-vv-thong-qua-chu-truong-mua-co-phieu-dic-so-2.chn,cafef
2022-10-31,DIG: Giải trình chênh lệch lợi nhuận sau thuế quý 3/2022 so với quý 3/2021,&nbsp;Tổng Công ty Cổ phần Đầu tư Phát triển Xây dựng&nbsp;công bố giải trình chênh lệch lợi nhuận sau thuế quý 3/2022 so với quý 3/2021&nbsp;như sau:,https://cafef.vn/du-lieu/DIG-372503/dig-giai-trinh-chenh-lech-loi-nhuan-sau-thue-quy-32022-so-voi-quy-32021.chn,cafef
2022-10-29,DIC Corp (DIG) báo lỗ trong quý 3 sau lời Chủ tịch khẳng định sẽ hoàn thành kế hoạch 1.900 tỷ LNTT năm nay,"Đây là quý đầu tiên DIC Corp báo lỗ sau 22 quý, kể từ quý 1/2017.",https://cafef.vn/dic-corp-dig-bao-lo-trong-quy-3-sau-loi-chu-tich-khang-dinh-se-hoan-thanh-ke-hoach-1900-ty-lntt-nam-nay-20221029124732659.chn,cafef
2022-10-27,"Hàng loạt doanh nghiệp dính tin đồn, giá trị vốn hoá bốc hơi","Giảm sàn liên tiếp 5 phiên (tính đến hôm nay ngày 26/10) và bốc hơi hàng ngàn tỷ vốn hoá còn có loạt mã bất động sản, đơn cử DIG - DIC Corp, KBC - Kinh Bắc, CEO – Tập đoàn C.E.O và DXG của Đất Xanh.",https://cafef.vn/hang-loat-doanh-nghiep-dinh-tin-don-gia-tri-von-hoa-boc-hoi-20221027105353559.chn,cafef
2022-10-13,DIG: Nghị quyết và Biên bản họp ĐHĐCĐ bất thường năm 2022,Tổng Công ty Cổ phần Đầu tư Phát triển Xây dựng&nbsp;công bố&nbsp;Nghị quyết và Biên bản họp ĐHĐCĐ bất thường năm 2022 như sau:,https://cafef.vn/du-lieu/DIG-381611/dig-nghi-quyet-va-bien-ban-hop-dhdcd-bat-thuong-nam-2022.chn,cafef
2022-10-13,DIG: Báo cáo tiến độ sử dụng vốn thu được từ đợt chào bán cổ phiếu riêng lẻ năm 2021,Tổng Công ty Cổ phần Đầu tư Phát triển Xây dựng công bố báo cáo tiến độ sử dụng vốn thu được từ đợt chào bán cổ phiếu riêng lẻ năm 2021&nbsp;như sau:,https://cafef.vn/du-lieu/DIG-381614/dig-bao-cao-tien-do-su-dung-von-thu-duoc-tu-dot-chao-ban-co-phieu-rieng-le-nam-2021.chn,cafef
2022-10-03,'Nhọc nhằn' con đường tăng vốn của DIC Corp,DIC Corp đã hạ giá chào bán 100 triệu cổ phiếu cho cổ đông hiện hữu từ 30.000 đồng/cp xuống tới 15.000 đồng/cp.,https://cafef.vn/nhoc-nhan-con-duong-tang-von-cua-dic-corp-20221003083602161.chn,cafef
2022-09-21,"Cổ phiếu mất hơn 66% từ đỉnh, DIC Corp (DIG) giảm một nửa giá chào bán cho cổ đông hiện hữu","Cổ phiếu DIG đã giảm hơn 66% so với đỉnh đạt được hồi tháng 1/2022 xuống 32.900 đồng/cổ phiếu, tương ứng vốn hóa thị trường “bốc hơi” gần 40.000 tỷ đồng sau hơn 8 tháng.",https://cafef.vn/co-phieu-mat-hon-66-tu-dinh-dic-corp-dig-giam-mot-nua-gia-chao-ban-cho-co-dong-hien-huu-20220921202828267.chn,cafef
2022-09-21,DIG: Đường dẫn tài liệu họp ĐHĐCĐ bất thường năm 2022 lần 2,Tổng Công ty Cổ phần Đầu tư Phát triển Xây dựng&nbsp;thông báo đường dẫn tài liệu họp ĐHĐCĐ bất thường năm 2022 lần 2 như sau:,https://cafef.vn/du-lieu/DIG-391706/dig-duong-dan-tai-lieu-hop-dhdcd-bat-thuong-nam-2022-lan-2.chn,cafef
2022-09-20,DIC Corp (DIG) chốt ngày tổ chức Đại hội đồng cổ đông bất thường lần 2,"Trước đó vào ngày 14/9, DIC Corp đã tổ chức bất thành ĐHĐCĐ bất thường lần 1 do không đủ điều kiện tiến hành theo quy định.",https://cafef.vn/dic-corp-dig-chot-ngay-to-chuc-dai-hoi-dong-co-dong-bat-thuong-lan-2-2022092010034271.chn,cafef
2022-09-20,DIG: Nghị quyết HĐQT v/v tổ chức họp ĐHĐCĐ bất thường năm 2022 lần 2,&nbsp;Tổng Công ty Cổ phần Đầu tư Phát triển Xây dựng&nbsp;thông báo&nbsp;Nghị quyết HĐQT về việc tổ chức họp ĐHĐCĐ bất thường năm 2022 lần 2 như sau:,https://cafef.vn/du-lieu/DIG-392900/dig-nghi-quyet-hdqt-vv-to-chuc-hop-dhdcd-bat-thuong-nam-2022-lan-2.chn,cafef
2022-09-15,DIG: Không đủ điều kiện tổ chức ĐHĐCĐ bất thường lần 1 năm 2022,Tổng Công ty Cổ phần Đầu tư Phát triển Xây dựng thông báo về việc không đủ điều kiện tổ chức ĐHĐCĐ bất thường lần 1 năm 2022&nbsp;như sau:,https://cafef.vn/du-lieu/DIG-394472/dig-khong-du-dieu-kien-to-chuc-dhdcd-bat-thuong-lan-1-nam-2022.chn,cafef
2022-09-13,DIG: Nghị quyết HĐQT số 225/2022 ngày 12/09/2022,Tổng Công ty Cổ phần Đầu tư Phát triển Xây dựng&nbsp;thông báo&nbsp;Nghị quyết HĐQT số 225/2022 ngày 12/09/2022 như sau:,https://cafef.vn/du-lieu/DIG-395705/dig-nghi-quyet-hdqt-so-2252022-ngay-12092022.chn,cafef
2022-09-06,DIG: Nghị quyết HĐQT v/v thành lập Công ty TNHH MTV Đầu tư Phát triển Đô thị & Khu công nghiệp DIC,"Tổng Công ty Cổ phần Đầu tư Phát triển Xây dựng&nbsp;công bố&nbsp;Nghị quyết HĐQT về việc phê duyệt, thông qua phương án thành lập Công ty TNHH MTV Đầu tư Phát triển Đô thị &amp; Khu công nghiệp DIC như sau:",https://cafef.vn/du-lieu/DIG-398672/dig-nghi-quyet-hdqt-vv-thanh-lap-cong-ty-tnhh-mtv-dau-tu-phat-trien-do-thi--khu-cong-nghiep-dic.chn,cafef
2022-09-05,DIG: Giấy chứng nhận đăng ký doanh nghiệp thay đổi lần thứ 24,Tổng Công ty Cổ phần Đầu tư Phát triển Xây dựng&nbsp;thông báo&nbsp;Giấy chứng nhận đăng ký doanh nghiệp thay đổi lần thứ 24 như sau:,https://cafef.vn/du-lieu/DIG-399833/dig-giay-chung-nhan-dang-ky-doanh-nghiep-thay-doi-lan-thu-24.chn,cafef
2022-08-26,DIG: Bổ sung thông tin báo cáo tình hình quản trị công ty năm 2021,Tổng Công ty Cổ phần Đầu tư Phát triển Xây dựng bổ sung thông tin báo cáo tình hình quản trị công ty năm 2021 như sau:,https://cafef.vn/du-lieu/DIG-403502/dig-bo-sung-thong-tin-bao-cao-tinh-hinh-quan-tri-cong-ty-nam-2021.chn,cafef
2022-08-26,"DIG: Giải trình chênh lệch doanh thu, LNST soát xét bán niên năm 2022 so với cùng kỳ năm trước","Tổng Công ty Cổ phần Đầu tư Phát triển Xây dựng giải trình chênh lệch doanh thu, LNST soát xét bán niên năm 2022 so với cùng kỳ năm trước như sau:",https://cafef.vn/du-lieu/DIG-403505/dig-giai-trinh-chenh-lech-doanh-thu-lnst-soat-xet-ban-nien-nam-2022-so-voi-cung-ky-nam-truoc.chn,cafef
2022-08-19,DIG: Đường dẫn tài liệu họp ĐHĐCĐ bất thường năm 2022,Tổng Công ty Cổ phần Đầu tư Phát triển Xây dựng&nbsp;thông báo đường dẫn tài liệu họp ĐHĐCĐ bất thường năm 2022 như sau:,https://cafef.vn/du-lieu/DIG-407039/dig-duong-dan-tai-lieu-hop-dhdcd-bat-thuong-nam-2022.chn,cafef
2022-08-18,"DIG: Nghị quyết HĐQT thông qua tài liệu, thời gian chính thức họp ĐHĐCĐ bất thường năm 2022","Tổng Công ty Cổ phần Đầu tư Phát triển Xây dựng thông báo Nghị quyết HĐQT về việc thông qua tài liệu, thời gian chính thức họp ĐHĐCĐ bất thường năm 2022&nbsp;như sau:",https://cafef.vn/du-lieu/DIG-407777/dig-nghi-quyet-hdqt-thong-qua-tai-lieu-thoi-gian-chinh-thuc-hop-dhdcd-bat-thuong-nam-2022.chn,cafef
2022-08-16,DIG: Bổ sung thông tin báo cáo tình hình quản trị công ty 6 tháng đầu năm 2022,Tổng Công ty Cổ phần Đầu tư Phát triển Xây dựng bổ sung thông tin báo cáo tình hình quản trị công ty 6 tháng đầu năm 2022&nbsp;như sau:,https://cafef.vn/du-lieu/DIG-409040/dig-bo-sung-thong-tin-bao-cao-tinh-hinh-quan-tri-cong-ty-6-thang-dau-nam-2022.chn,cafef
2022-08-12,DIG: DIC Phương Nam trở thành công ty liên kết của DIC Group,Tổng Công ty Cổ phần Đầu tư Phát triển Xây dựng thông báo về việc DIC Phương Nam trở thành công ty liên kết của DIC Group&nbsp;như sau:,https://cafef.vn/du-lieu/DIG-410558/dig-dic-phuong-nam-tro-thanh-cong-ty-lien-ket-cua-dic-group.chn,cafef
2022-08-11,DIG: Nghị quyết HĐQT v/v mua toàn bộ cổ phần của DIC Hospitality sở hữu tại DIC Phương Nam,&nbsp;Tổng Công ty Cổ phần Đầu tư Phát triển Xây dựng&nbsp;thông báo&nbsp;Nghị quyết HĐQT thông qua việc mua toàn bộ cổ phần của DIC Hospitality sở hữu tại DIC Phương Nam như sau:,https://cafef.vn/du-lieu/DIG-411959/dig-nghi-quyet-hdqt-vv-mua-toan-bo-co-phan-cua-dic-hospitality-so-huu-tai-dic-phuong-nam.chn,cafef
2022-08-02,DIG: Nghị quyết HĐQT thông qua kết quả phát hành cp,Tổng Công ty Cổ phần Đầu tư Phát triển Xây dựng thông báo&nbsp;Nghị quyết HĐQT về việc thông qua kết quả phát hành cổ phiếu để trả cổ tức năm 2021 và phát hành cổ phiếu để tăng vốn cổ phần từ nguồn vốn chủ sở hữu như sau:,https://cafef.vn/du-lieu/DIG-416873/dig-nghi-quyet-hdqt-thong-qua-ket-qua-phat-hanh-cp.chn,cafef
2022-08-02,DIC Corp hoàn thành gần 10% chỉ tiêu lợi nhuận sau nửa năm,"DIC Corp ghi nhận doanh thuần 575,3 tỷ đồng, giảm 6,6%; lãi sau thuế là 81 tỷ đồng, tăng 52,2% so với quý II/2021.",https://cafef.vn/dic-corp-hoan-thanh-gan-10-chi-tieu-loi-nhuan-sau-nua-nam-2022080216523974.chn,cafef
2022-07-29,DIG: Giải trình KQKD quý 2/2022 so với cùng kỳ năm trước,Tổng Công ty Cổ phần Đầu tư Phát triển Xây dựng&nbsp;giải trình KQKD quý 2/2022 so với cùng kỳ năm trước như sau:,https://cafef.vn/du-lieu/DIG-419672/dig-giai-trinh-kqkd-quy-22022-so-voi-cung-ky-nam-truoc.chn,cafef
2022-07-28,DIG: Báo cáo tình hình quản trị công ty 6 tháng đầu năm 2022,&nbsp;Tổng Công ty Cổ phần Đầu tư Phát triển Xây dựng&nbsp;công bố&nbsp;Báo cáo tình hình quản trị công ty 6 tháng đầu năm 2022&nbsp;như sau:,https://cafef.vn/du-lieu/DIG-421172/dig-bao-cao-tinh-hinh-quan-tri-cong-ty-6-thang-dau-nam-2022.chn,cafef
2022-07-27,DIG: Công văn của UBCKNN về hồ sơ thông báo tỷ lệ SHNN tối đa của DIG,Tổng Công ty Cổ phần Đầu tư Phát triển Xây dựng&nbsp;thông báo&nbsp;công văn của UBCKNN về hồ sơ thông báo tỷ lệ SHNN tối đa của DIG như sau:,https://cafef.vn/du-lieu/DIG-421874/dig-cong-van-cua-ubcknn-ve-ho-so-thong-bao-ty-le-shnn-toi-da-cua-dig.chn,cafef
2022-07-26,"DIG: 10.8.20222, ngày GDKHQ tham dự ĐHCĐ bất thường năm 2022",Sở Giao dịch Chứng khoán TP.HCM thông báo ngày ĐKCC để thực hiện quyền tham dự ĐHCĐ bất thường năm 2022&nbsp;của Tổng Công ty Cổ phần Đầu tư Phát triển Xây dựng như sau:,https://cafef.vn/du-lieu/DIG-423011/dig-10820222-ngay-gdkhq-tham-du-dhcd-bat-thuong-nam-2022.chn,cafef
2022-07-21,DIG: Quyết định HĐQT v/v tổ chức họp ĐHĐCĐ bất thường năm 2022,Tổng Công ty Cổ phần Đầu tư Phát triển Xây dựng&nbsp;thông báo&nbsp;Nghị quyết và Quyết định HĐQT về việc tổ chức họp ĐHĐCĐ bất thường năm 2022 như sau:,https://cafef.vn/du-lieu/DIG-426347/dig-quyet-dinh-hdqt-vv-to-chuc-hop-dhdcd-bat-thuong-nam-2022.chn,cafef
2022-07-21,DIG: Ngày ĐKCC để thực hiện quyền tham dự ĐHCĐ bất thường năm 2022,Tổng Công ty Cổ phần Đầu tư Phát triển Xây dựng&nbsp;thông báo&nbsp;ngày ĐKCC để thực hiện quyền tham dự ĐHCĐ bất thường năm 2022 như sau:,https://cafef.vn/du-lieu/DIG-426350/dig-ngay-dkcc-de-thuc-hien-quyen-tham-du-dhcd-bat-thuong-nam-2022.chn,cafef
2022-07-19,DIG: Nghị quyết HĐQT chấp thuận chủ trương giao cho DIC Vision quỹ đất giáo dục,Tổng Công ty Cổ phần Đầu tư Phát triển Xây dựng&nbsp;thông báo&nbsp;Nghị quyết HĐQT về việc chấp thuận chủ trương giao cho DIC Vision quỹ đất giáo dục tại các dự án do DIC Group làm chủ đầu tư như sau:,https://cafef.vn/du-lieu/DIG-428198/dig-nghi-quyet-hdqt-chap-thuan-chu-truong-giao-cho-dic-vision-quy-dat-giao-duc.chn,cafef
2022-06-29,DIG: Quyết định của Chi cục thuế Vũng Tàu v/v cưỡng chế thi hành quyết định hành chính về quản lý thuế,Tổng Công ty Cổ phần Đầu tư Phát triển Xây dựng thông báo nhận được quyết định của Chi cục thuế Vũng Tàu về việc cưỡng chế thi hành quyết định hành chính về quản lý thuế&nbsp; như sau:,https://cafef.vn/du-lieu/DIG-440108/dig-quyet-dinh-cua-chi-cuc-thue-vung-tau-vv-cuong-che-thi-hanh-quyet-dinh-hanh-chinh-ve-quan-ly-thue.chn,cafef
2022-06-28,DIG: Nghị quyết HĐQT thông qua giao dịch giữa DIC Group và người có liên quan,Tổng Công ty Cổ phần Đầu tư Phát triển Xây dựng&nbsp;thông báo&nbsp;Nghị quyết HĐQT về việc thông qua giao dịch giữa DIC Group và người có liên quan như sau:,https://cafef.vn/du-lieu/DIG-440228/dig-nghi-quyet-hdqt-thong-qua-giao-dich-giua-dic-group-va-nguoi-co-lien-quan.chn,cafef
2022-06-24,DIG: Ngày ĐKCC thực hiện quyền nhận cổ tức năm 2021 và phát hành thêm để tăng vốn cp từ NVCSH,Tổng Công ty Cổ phần Đầu tư Phát triển Xây dựng&nbsp;thông báo&nbsp;Quyết định của HĐQT về ngày ĐKCC thực hiện quyền nhận cổ tức năm 2021 bằng cổ phiếu và hát hành thêm để tăng vốn cổ phần từ NVCSH như sau:,https://cafef.vn/du-lieu/DIG-443150/dig-ngay-dkcc-thuc-hien-quyen-nhan-co-tuc-nam-2021-va-phat-hanh-them-de-tang-von-cp-tu-nvcsh.chn,cafef
2022-06-24,DIG: Phát hành cổ phiếu để trả cổ tức và tăng vốn cổ phần từ NVCSH,Tổng Công ty Cổ phần Đầu tư Phát triển Xây dựng&nbsp;thông báo&nbsp;phát hành cổ phiếu để trả cổ tức và tăng vốn cổ phần từ NVCSH như sau:,https://cafef.vn/du-lieu/DIG-443156/dig-phat-hanh-co-phieu-de-tra-co-tuc-va-tang-von-co-phan-tu-nvcsh.chn,cafef
2022-06-22,DIG: Báo cáo tình hình sử dụng vốn thu được từ đợt phát hành chứng khoán ra công chúng,Tổng Công ty Cổ phần Đầu tư Phát triển Xây dựng&nbsp;công bố Báo cáo tình hình sử dụng vốn thu được từ đợt phát hành chứng khoán ra công chúng như sau:,https://cafef.vn/du-lieu/DIG-444155/dig-bao-cao-tinh-hinh-su-dung-von-thu-duoc-tu-dot-phat-hanh-chung-khoan-ra-cong-chung.chn,cafef
2022-06-22,DIG: Giải trình biến động giá cổ phiếu,&nbsp;Tổng Công ty Cổ phần Đầu tư Phát triển Xây dựng&nbsp;thông báo&nbsp;giải trình biến động giá cổ phiếu như sau:,https://cafef.vn/du-lieu/DIG-444599/dig-giai-trinh-bien-dong-gia-co-phieu.chn,cafef
2022-05-27,DIG: Nghị quyết HĐQT v/v lựa chọn đơn vị kiểm toán cho năm 2022,Tổng Công ty Cổ phần Đầu tư Phát triển Xây dựng&nbsp;thông báo&nbsp;Nghị quyết HĐQT về việc lựa chọn đơn vị kiểm toán cho năm 2022 như sau:,https://cafef.vn/du-lieu/DIG-456998/dig-nghi-quyet-hdqt-vv-lua-chon-don-vi-kiem-toan-cho-nam-2022.chn,cafef
2022-05-23,DIG: Nghị quyết HĐQT v/v thành lập chi nhánh DIC - VEC,Tổng Công ty Cổ phần Đầu tư Phát triển Xây dựng thông báo Nghị quyết HĐQT về việc thành lập chi nhánh DIC - VEC như sau:,https://cafef.vn/du-lieu/DIG-459788/dig-nghi-quyet-hdqt-vv-thanh-lap-chi-nhanh-dic-vec.chn,cafef
2022-05-10,DIG: Giấy chứng nhận đăng ký doanh nghiệp thay đổi lần thứ 23,Tổng Công ty Cổ phần Đầu tư Phát triển Xây dựng công bố Giấy chứng nhận đăng ký doanh nghiệp thay đổi lần thứ 23&nbsp;như sau:,https://cafef.vn/du-lieu/DIG-466778/dig-giay-chung-nhan-dang-ky-doanh-nghiep-thay-doi-lan-thu-23.chn,cafef
2022-05-06,DIG: Kế hoạch phát hành cổ phiếu để trả cổ tức năm 2021 và phát hành cổ phiếu tăng vốn cổ phần,Tổng Công ty Cổ phần Đầu tư Phát triển Xây dựng&nbsp;công bố báo cáo phát hành cổ phiếu để trả cổ tức năm 2021 và phát hành cổ phiếu tăng vốn cổ phần từ NVCSH như sau:,https://cafef.vn/du-lieu/DIG-469739/dig-ke-hoach-phat-hanh-co-phieu-de-tra-co-tuc-nam-2021-va-phat-hanh-co-phieu-tang-von-co-phan.chn,cafef
2022-05-06,DIG: Nghị quyết HĐQT v/v triển khai phương án phát hành cổ phiếu,Tổng Công ty Cổ phần Đầu tư Phát triển Xây dựng&nbsp;thông báo&nbsp;Nghị quyết HĐQT về việc triển khai phương án phát hành cổ phiếu để trả cổ tức năm 2021 và phát hành cổ phiếu tăng vốn cổ phần từ NVCSH như sau:,https://cafef.vn/du-lieu/DIG-469757/dig-nghi-quyet-hdqt-vv-trien-khai-phuong-an-phat-hanh-co-phieu.chn,cafef
2022-05-05,DIG: Link công bố điều lệ công ty,Tổng Công ty Cổ phần Đầu tư Phát triển Xây dựng&nbsp;thông báo link&nbsp;&nbsp;công bố điều lệ công ty như sau:,https://cafef.vn/du-lieu/DIG-470699/dig-link-cong-bo-dieu-le-cong-ty.chn,cafef
2022-04-29,DIG: Giải trình chênh lệch lợi nhuận sau thuế quý 1/2022 so với quý 1/2021,Tổng Công ty Cổ phần Đầu tư Phát triển Xây dựng&nbsp;thông báo giải trình chênh lệch lợi nhuận sau thuế quý 1/2022 so với quý 1/2021&nbsp;như sau:,https://cafef.vn/du-lieu/DIG-474224/dig-giai-trinh-chenh-lech-loi-nhuan-sau-thue-quy-12022-so-voi-quy-12021.chn,cafef
2022-04-26,DIG: Nghị quyết HĐQT v/v điều chỉnh dự án đầu tư xây dựng Khu dân cư thương mại Vị Thanh,Tổng Công ty Cổ phần Đầu tư Phát triển Xây dựng&nbsp;thông báo&nbsp;Nghị quyết HĐQT về việc phê duyệt điều chỉnh dự án đầu tư xây dựng Khu dân cư thương mại Vị Thanh như sau:,https://cafef.vn/du-lieu/DIG-477794/dig-nghi-quyet-hdqt-vv-dieu-chinh-du-an-dau-tu-xay-dung-khu-dan-cu-thuong-mai-vi-thanh.chn,cafef
2022-04-25,DIG: Nghị quyết và Biên bản họp ĐHĐCĐ thường niên năm 2022,Tổng Công ty Cổ phần Đầu tư Phát triển Xây dựng&nbsp;thông báo&nbsp;Nghị quyết và Biên bản họp ĐHĐCĐ thường niên năm 2022 như sau:,https://cafef.vn/du-lieu/DIG-479654/dig-nghi-quyet-va-bien-ban-hop-dhdcd-thuong-nien-nam-2022.chn,cafef
2022-04-21,DIG: Báo cáo tiến độ sử dụng vốn thu được từ đợt chào bán cổ phiếu cho CĐHH Năm 2019,Tổng Công ty Cổ phần Đầu tư Phát triển Xây dựng&nbsp;công bố&nbsp;Báo cáo tiến độ sử dụng vốn thu được từ đợt chào bán cổ phiếu cho CĐHH Năm 2019 như sau:,https://cafef.vn/du-lieu/DIG-483914/dig-bao-cao-tien-do-su-dung-von-thu-duoc-tu-dot-chao-ban-co-phieu-cho-cdhh-nam-2019.chn,cafef
2022-04-20,DIG: Báo cáo tiến độ sử dụng vốn thu được từ đợt chào bán cổ phiếu cho CĐHH Năm 2021,Tổng Công ty Cổ phần Đầu tư Phát triển Xây dựng&nbsp;công bố&nbsp;Báo cáo tiến độ sử dụng vốn thu được từ đợt chào bán cổ phiếu cho CĐHH Năm 2021 như sau:,https://cafef.vn/du-lieu/DIG-484106/dig-bao-cao-tien-do-su-dung-von-thu-duoc-tu-dot-chao-ban-co-phieu-cho-cdhh-nam-2021.chn,cafef
2022-04-12,DIG: Nhắc nhở chậm công bố giải trình chênh lệch Lợi nhuận sau thuế so với cùng kỳ năm trước,Sở Giao dịch Chứng khoán TP.HCM nhắc nhở chậm công bố giải trình chênh lệch Lợi nhuận sau thuế so với cùng kỳ năm trước&nbsp;như sau:,https://cafef.vn/du-lieu/DIG-491327/dig-nhac-nho-cham-cong-bo-giai-trinh-chenh-lech-loi-nhuan-sau-thue-so-voi-cung-ky-nam-truoc.chn,cafef
2022-04-08,"Him Lam ""chốt lãi"" xong 5,3 triệu cổ phiếu DIG, dự thu khoảng 479 tỷ đồng","Từ đầu năm đến nay, Địa ốc Him Lam liên tục giảm sở hữu tại DIG. Lần gần đây nhất vào cuối tháng 1, doanh nghiệp cũng báo cáo đã bán xong hơn 5,9 triệu cổ phiếu DIG để giảm tỷ lệ sở hữu xuống 10,54%.",https://cafef.vn/him-lam-chot-lai-xong-53-trieu-co-phieu-dig-du-thu-khoang-479-ty-dong-20220408132807272.chn,cafef
2022-04-07,DIG: Giải trình chênh lệch lợi nhuận sau thuế năm 2021 kiểm toán so với năm 2020,Tổng Công ty Cổ phần Đầu tư Phát triển Xây dựng&nbsp;thông báo giải trình chênh lệch lợi nhuận sau thuế năm 2021 kiểm toán so với năm 2020 như sau:,https://cafef.vn/du-lieu/DIG-493463/dig-giai-trinh-chenh-lech-loi-nhuan-sau-thue-nam-2021-kiem-toan-so-voi-nam-2020.chn,cafef
2022-04-02,"DIC Corp (DIG) muốn chào bán 100 triệu cổ phiếu giá 30.000 đồng, dự kiến chia cổ tức và cổ phiếu thưởng tổng tỷ lệ 22%","DIG cũng muốn phát hành trái phiếu có tổng giá trị huy động tối đa 2.500 tỷ đồng hoặc tối đa 100 triệu USD, thời hạn từ 2-7 năm với mục đích tài trợ vốn cho các dự án đầu tư, tăng quy mô vốn, cơ cấu lại nguồn vốn.",https://cafef.vn/dic-corp-dig-muon-chao-ban-100-trieu-co-phieu-gia-30000-dong-du-kien-chia-co-tuc-va-co-phieu-thuong-tong-ty-le-22-20220402123559141.chn,cafef
2022-04-01,DIG: Đường dẫn tài liệu họp ĐHĐCĐ thường niên năm 2022,Tổng Công ty Cổ phần Đầu tư Phát triển Xây dựng&nbsp;thông báo đường dẫn tài liệu họp ĐHĐCĐ thường niên năm 2022 như sau:,https://cafef.vn/du-lieu/DIG-498779/dig-duong-dan-tai-lieu-hop-dhdcd-thuong-nien-nam-2022.chn,cafef
2022-01-28,"DIC Corp (DIG) báo lãi ròng đạt kỷ lục 818 tỷ đồng trong quý 4/2021, tăng 62% so với cùng kỳ","Trong quý 4, điểm nhấn chính là khoản lợi nhuận khác gần 786 tỷ đồng mà theo giải trình của DIG là do ghi nhận chênh lệch do đánh giá tài sản dùng để góp vốn là 861 tỷ đồng.",https://cafef.vn/dic-corp-dig-bao-lai-rong-dat-ky-luc-818-ty-dong-trong-quy-42021-tang-62-so-voi-cung-ky-20220128100405344.chn,cafef
2022-01-27,DIG: Giải trình chênh lệch lợi nhuận sau thuế quý 4/2021 so với quý 4/2020,Tổng Công ty Cổ phần Đầu tư Phát triển Xây dựng công bố giải trình chênh lệch lợi nhuận sau thuế quý 4/2021 so với quý 4/2020 như sau:,https://cafef.vn/du-lieu/DIG-504995/dig-giai-trinh-chenh-lech-loi-nhuan-sau-thue-quy-42021-so-voi-quy-42020.chn,cafef
2022-01-14,DIC Corp (DIG) đặt mục tiêu lãi trước thuế hơn 1.900 tỷ đồng năm 2022,DIC Corp cũng ước tính lợi nhuận trước thuế giai đoạn 2022-2025 lên đến khoảng 15.000 tỷ đồng.,https://cafef.vn/dic-corp-dig-dat-muc-tieu-lai-truoc-thue-hon-1900-ty-dong-nam-2022-20220114154838447.chn,cafef
2022-01-14,DIG: Trích lục Nghị quyết HĐQT thông qua các chỉ tiêu chính của kế hoạch SXKD năm 2022,Tổng Công ty Cổ phần Đầu tư Phát triển Xây dựng thông báo trích lục Nghị quyết HĐQT về việc thông qua các chỉ tiêu chính của kế hoạch SXKD năm 2022 và giai đoạn 2022-2025 như sau:,https://cafef.vn/du-lieu/DIG-515210/dig-trich-luc-nghi-quyet-hdqt-thong-qua-cac-chi-tieu-chinh-cua-ke-hoach-sxkd-nam-2022.chn,cafef
2022-01-10,DIG: Báo cáo tình hình quản trị công ty năm 2021,Tổng Công ty Cổ phần Đầu tư Phát triển Xây dựng công bố Báo cáo tình hình quản trị công ty năm 2021&nbsp;như sau:,https://cafef.vn/du-lieu/DIG-517838/dig-bao-cao-tinh-hinh-quan-tri-cong-ty-nam-2021.chn,cafef
2022-01-05,DIG: Ký hợp đồng kiểm toán BCTC năm 2021,Tổng Công ty Cổ phần Đầu tư Phát triển Xây dựng&nbsp;thông báo&nbsp;ký hợp đồng kiểm toán BCTC năm 2021 như sau:&nbsp;,https://cafef.vn/du-lieu/DIG-520109/dig-ky-hop-dong-kiem-toan-bctc-nam-2021.chn,cafef
2025-12-17,DIG: Đã phát hành 150.000.000 cổ phiếu ra công chúng,Tổng Công ty Cổ phần Đầu tư Phát triển Xây dựng Báo cáo kết quả đợt chào bán cổ phiếu ra công chúng,https://cafef.vn/du-lieu/DIG-2364154/dig-da-phat-hanh-150000000-co-phieu-ra-cong-chung.chn,cafef
2025-10-02,"DIG: 9.10.2025, ngày GDKHQ bán ưu đãi (tỷ lệ 1000:232)",Sở Giao dịch Chứng khoán TP.HCM thông báo ngày ĐKCC thực hiện quyền mua cổ phiếu phát hành cho CĐHH của Tổng Công ty Cổ phần Đầu tư Phát triển Xây dựng,https://cafef.vn/du-lieu/DIG-2313340/dig-9102025-ngay-gdkhq-ban-uu-dai-ty-le-1000232.chn,cafef
2025-06-10,DIG: Đã phát hành 36.579.196 cổ phiếu để trả cổ tức năm 2024,Tổng Công ty Cổ phần Đầu tư Phát triển Xây dựng thông báo kết quả phát hành cổ phiếu để trả cổ tức năm 2024,https://cafef.vn/du-lieu/DIG-2218578/dig-da-phat-hanh-36579196-co-phieu-de-tra-co-tuc-nam-2024.chn,cafef
2025-06-10,DIG: Báo cáo kết quả phát hành cổ phiếu để trả cổ tức năm 2024,Tổng Công ty Cổ phần Đầu tư Phát triển Xây dựng cộng bố Báo cáo kết quả phát hành cổ phiếu để trả cổ tức năm 2024,https://cafef.vn/du-lieu/DIG-2218599/dig-bao-cao-ket-qua-phat-hanh-co-phieu-de-tra-co-tuc-nam-2024.chn,cafef
2025-05-19,"DIG: 29.5.2025, ngày GDKHQ trả cổ tức năm 2024 bằng cổ phiếu (tỷ lệ 100:6)",Sở Giao dịch Chứng khoán TP.HCM thông báo về ngày đăng ký cuối cùng trả cổ tức năm 2024 bằng cổ phiếu của Tổng Công ty Cổ phần Đầu tư Phát triển Xây dựng,https://cafef.vn/du-lieu/DIG-2218583/dig-2952025-ngay-gdkhq-tra-co-tuc-nam-2024-bang-co-phieu-ty-le-1006.chn,cafef
2025-05-01,"Báo lỗ ngay từ quý I/2025, kế hoạch chia cổ tức 7–10% của DIC Corp (DIG) đứng trước nguy cơ đổ vỡ","Dù đặt mục tiêu tăng trưởng đột phá và chia cổ tức 7–10% trong năm 2025, Tổng Công ty CP Đầu tư Phát triển Xây dựng (DIG) lại khởi đầu đầy khó khăn khi báo lỗ hơn 45 tỷ đồng ngay trong quý I.",https://cafef.vn/bao-lo-ngay-tu-quy-i2025-ke-hoach-chia-co-tuc-710-cua-dic-corp-dig-dung-truoc-nguy-co-do-vo-188250501085951563.chn,cafef
2023-03-30,"Bán 30 triệu cổ phiếu DIG từ đầu năm, Thiên Tân không còn là cổ đông lớn tại DIC Corp","Tính chung từ đầu năm đến nay, Thiên Tân đã bán ra tổng cộng 29,7 triệu đơn vị DIG, ước tính thu về khoảng 264 tỷ đồng.",https://cafef.vn/ban-30-trieu-co-phieu-dig-tu-dau-nam-thien-tan-khong-con-la-co-dong-lon-tai-dic-corp-188230330123918105.chn,cafef
2022-09-27,Một loạt doanh nghiệp phải hủy hoặc thay đổi phương án phát hành cổ phiếu để tăng vốn,"Trong bối cảnh thị trường chứng khoán không còn nhiều thuận lợi, thanh khoản sụt giảm, dòng tiền có dấu hiệu rút khỏi thị trường khi lãi suất huy động tăng, nhiều doanh nghiệp đã phải điều chỉnh, hoãn kế hoạch tăng vốn, thậm chí huỷ kế hoạch phát hành cổ phiếu.",https://cafef.vn/mot-loat-doanh-nghiep-phai-huy-hoac-thay-doi-phuong-an-phat-hanh-co-phieu-de-tang-von-20220927121617099.chn,cafef
2022-08-02,DIG: Đã phát hành 109.961.033 cp để trả cổ tức năm 2021 và tăng vốn cổ phần từ nguồn vốn chủ sở hữu,Tổng Công ty Cổ phần Đầu tư Phát triển Xây dựng công bố báo cáo kết quả phát hành cổ phiếu để trả cổ tức năm 2021 và phát hành cổ phiếu để tăng vốn cổ phần từ nguồn vốn chủ sở hữu&nbsp;như sau:,https://cafef.vn/du-lieu/DIG-416930/dig-da-phat-hanh-109961033-cp-de-tra-co-tuc-nam-2021-va-tang-von-co-phan-tu-nguon-von-chu-so-huu.chn,cafef
2022-07-01,"DIG: 21.7.2022, ngày GDKHQ trả cổ tức năm 2021 (tỷ lệ 100:17), thưởng cp (tỷ lệ 100:5)",Sở Giao dịch Chứng khoán Thành phố Hồ Chí Minh thông báo ngày ĐKCC trả cổ tức năm 2021 bằng cổ phiếu và phát hành cổ phiếu để tăng VCP từ NVCSH&nbsp;của &nbsp;Tổng Công ty Cổ phần Đầu tư Phát triển Xây dựng như sau:,https://cafef.vn/du-lieu/DIG-437627/dig-2172022-ngay-gdkhq-tra-co-tuc-nam-2021-ty-le-10017-thuong-cp-ty-le-1005.chn,cafef
2022-06-24,DIC Corp chốt quyền trả cổ tức 2021 và thưởng cổ phiếu tỷ lệ 22%,Ngày đăng ký cuối cùng để được chia thưởng là 22/7.,https://cafef.vn/dic-corp-chot-quyen-tra-co-tuc-2021-va-thuong-co-phieu-ty-le-22-20220624152223963.chn,cafef
2022-05-07,DIC Corp (DIG) thông qua triển khai phương án phát hành cổ phiếu trả cổ tức và thưởng cổ phiếu tổng tỷ lệ 22%,Trong đó DIC Corp dự kiến trả cổ tức năm 2021 tỷ lệ 17% và phát hành cổ phiếu thưởng tỷ lệ 5%.,https://cafef.vn/dic-corp-dig-thong-qua-trien-khai-phuong-an-phat-hanh-co-phieu-tra-co-tuc-va-thuong-co-phieu-tong-ty-le-22-20220506172016097.chn,cafef
