date,title,description,url,source
2026-06-08,"EIB: Thông báo và Nghị quyết HĐQT thông qua tiêu chuẩn, điều kiện và các thủ tục đề cử nhân sự dự kiến bầu bổ sung, thay thế thành viên HĐQT, BKS nhiệm kỳ VIII (2025-2030)","Ngân hàng Thương mại Cổ phần Xuất Nhập khẩu Việt Nam công bố Thông báo và Nghị quyết HĐQT thông qua tiêu chuẩn, điều kiện và các thủ tục đề cử nhân sự dự kiến bầu bổ sung, thay thế thành viên HĐQT, BKS nhiệm kỳ VIII (2025-2030)",https://cafef.vn/du-lieu/EIB-2904621/eib-thong-bao-va-nghi-quyet-hdqt-thong-qua-tieu-chuan-dieu-kien-va-cac-thu-tuc-de-cu-nhan-su-du-kien-bau-bo-sung-thay-the-thanh-vien-hdqt-bks-nhiem-ky-viii-20252030.chn,cafef
2026-05-29,EIB: Thông báo ngày ĐKCC thực hiện quyền đề cử nhân sự Thành viên HĐQT và BKS nhiệm kỳ 2025-2030,Sở Giao dịch Chứng khoán TP.HCM thông báo ngày ĐKCC thực hiện quyền đề cử nhân sự Thành viên HĐQT và BKS nhiệm kỳ 2025-2030 của Ngân hàng Thương mại Cổ phần Xuất Nhập khẩu Việt Nam,https://cafef.vn/du-lieu/EIB-2898070/eib-thong-bao-ngay-dkcc-thuc-hien-quyen-de-cu-nhan-su-thanh-vien-hdqt-va-bks-nhiem-ky-20252030.chn,cafef
2026-05-29,"EIB: 23.6.2026, ngày GDKHQ tổ chức ĐHĐCĐ bất thường năm 2026",Sở Giao dịch Chứng khoán TP.HCM thông báo ngày ĐKCC tổ chức ĐHĐCĐ bất thường năm 2026 của Ngân hàng Thương mại Cổ phần Xuất Nhập khẩu Việt Nam,https://cafef.vn/du-lieu/EIB-2898072/eib-2362026-ngay-gdkhq-to-chuc-dhdcd-bat-thuong-nam-2026.chn,cafef
2026-05-27,EIB: Thông báo ký hợp đồng kiểm toán BCTC 2026,Ngân hàng Thương mại Cổ phần Xuất Nhập khẩu Việt Nam thông báo ký hợp đồng kiểm toán BCTC 2026,https://cafef.vn/du-lieu/EIB-2896365/eib-thong-bao-ky-hop-dong-kiem-toan-bctc-2026.chn,cafef
2026-05-26,"EIB: Nghị quyết HĐQT thông qua kế hoạch đề cử nhân sự dự kiến bầu thành viên HĐQT, BKS nhiệm kỳ VIII (2025-2030)","Ngân hàng Thương mại Cổ phần Xuất Nhập khẩu Việt Nam công bố Nghị quyết HĐQT thông qua kế hoạch đề cử nhân sự dự kiến bầu thành viên HĐQT, BKS nhiệm kỳ VIII (2025-2030)",https://cafef.vn/du-lieu/EIB-2895515/eib-nghi-quyet-hdqt-thong-qua-ke-hoach-de-cu-nhan-su-du-kien-bau-thanh-vien-hdqt-bks-nhiem-ky-viii-20252030.chn,cafef
2026-05-26,EIB: Nghị quyết HĐQT thông qua việc tổ chức ĐHĐCĐ bất thường năm 2026,Ngân hàng Thương mại Cổ phần Xuất Nhập khẩu Việt Nam công bố Nghị quyết HĐQT thông qua việc tổ chức ĐHĐCĐ bất thường năm 2026,https://cafef.vn/du-lieu/EIB-2895516/eib-nghi-quyet-hdqt-thong-qua-viec-to-chuc-dhdcd-bat-thuong-nam-2026.chn,cafef
2026-05-19,EIB: Giấy phép về việc thành lập và hoạt động của EIB,Ngân hàng Thương mại Cổ phần Xuất Nhập khẩu Việt Nam công bố Giấy phép về việc thành lập và hoạt động của EIB,https://cafef.vn/du-lieu/EIB-2890306/eib-giay-phep-ve-viec-thanh-lap-va-hoat-dong-cua-eib.chn,cafef
2026-05-05,EIB: Quy chế quản trị nội bộ,Ngân hàng Thương mại Cổ phần Xuất Nhập khẩu Việt Nam thông báo Quy chế quản trị nội bộ,https://cafef.vn/du-lieu/EIB-2880093/eib-quy-che-quan-tri-noi-bo.chn,cafef
2026-05-05,EIB: Quy chế tổ chức và hoạt động của HĐQT,Ngân hàng Thương mại Cổ phần Xuất Nhập khẩu Việt Nam thông báo Quy chế tổ chức và hoạt động của HĐQT,https://cafef.vn/du-lieu/EIB-2880146/eib-quy-che-to-chuc-va-hoat-dong-cua-hdqt.chn,cafef
2026-05-05,EIB: Điều lệ công ty,Ngân hàng Thương mại Cổ phần Xuất Nhập khẩu Việt Nam thông báo Điều lệ công ty,https://cafef.vn/du-lieu/EIB-2880092/eib-dieu-le-cong-ty.chn,cafef
2026-04-29,EIB: Nghị quyết và Biên bản họp ĐHĐCĐ thường niên 2026,Ngân hàng Thương mại Cổ phần Xuất Nhập khẩu Việt Nam thông báo Nghị quyết và Biên bản họp ĐHĐCĐ thường niên 2026,https://cafef.vn/du-lieu/EIB-2677952/eib-nghi-quyet-va-bien-ban-hop-dhdcd-thuong-nien-2026.chn,cafef
2026-04-28,"EIB: Sửa đổi, cập nhật tài liệu ĐHĐCĐ thường niên năm 2026","Ngân hàng Thương mại Cổ phần Xuất Nhập khẩu Việt Nam công bố về việc sửa đổi, cập nhật tài liệu ĐHĐCĐ thường niên năm 2026",https://cafef.vn/du-lieu/EIB-2676926/eib-sua-doi-cap-nhat-tai-lieu-dhdcd-thuong-nien-nam-2026.chn,cafef
2026-04-28,"EIB: Danh sách nhân sự dự kiến bầu vào HĐQT, BKS nhiệm kỳ 2025-2030 đã được NHNN chấp thuận","Ngân hàng Thương mại Cổ phần Xuất Nhập khẩu Việt Nam thông báo danh sách nhân sự dự kiến bầu vào HĐQT, BKS nhiệm kỳ 2025-2030 đã được NHNN chấp thuận",https://cafef.vn/du-lieu/EIB-2677277/eib-danh-sach-nhan-su-du-kien-bau-vao-hdqt-bks-nhiem-ky-20252030-da-duoc-nhnn-chap-thuan.chn,cafef
2026-04-28,EIB: Giải trình biến động LNST quý 1/2026 so với cùng kỳ năm trước,Ngân hàng Thương mại Cổ phần Xuất Nhập khẩu Việt Nam giải trình biến động LNST quý 1/2026 so với cùng kỳ năm trước,https://cafef.vn/du-lieu/EIB-2677524/eib-giai-trinh-bien-dong-lnst-quy-12026-so-voi-cung-ky-nam-truoc.chn,cafef
2026-04-15,EIB: Cập nhật tài liệu ĐHĐCĐ thường niên năm 2026,Ngân hàng Thương mại Cổ phần Xuất Nhập khẩu Việt Nam công bố cập nhật tài liệu ĐHĐCĐ thường niên năm 2026,https://cafef.vn/du-lieu/EIB-2667222/eib-cap-nhat-tai-lieu-dhdcd-thuong-nien-nam-2026.chn,cafef
2026-04-08,EIB: Nghị quyết HĐQT thông qua chương trình và tài liệu họp ĐHĐCĐ thường niên năm 2026,Ngân hàng Thương mại Cổ phần Xuất Nhập khẩu Việt Nam công bố Nghị quyết HĐQT thông qua chương trình và tài liệu họp ĐHĐCĐ thường niên năm 2026,https://cafef.vn/du-lieu/EIB-2661780/eib-nghi-quyet-hdqt-thong-qua-chuong-trinh-va-tai-lieu-hop-dhdcd-thuong-nien-nam-2026.chn,cafef
2026-03-31,EIB: Giải trình biến động LNST năm 2025 đã kiểm toán so với cùng kỳ năm trước,Ngân hàng Thương mại Cổ phần Xuất Nhập khẩu Việt Nam giải trình biến động LNST năm 2025 đã kiểm toán so với cùng kỳ năm trước,https://cafef.vn/du-lieu/EIB-2644593/eib-giai-trinh-bien-dong-lnst-nam-2025-da-kiem-toan-so-voi-cung-ky-nam-truoc.chn,cafef
2026-03-26,"EIB: Nghị quyết HĐQT về việc điều chỉnh, cập nhật lộ trình thực hiện công tác đề cử nhân sự HĐQT, BKS","Ngân hàng Thương mại Cổ phần Xuất Nhập khẩu Việt Nam thông báo Nghị quyết HĐQT về việc điều chỉnh, cập nhật lộ trình thực hiện công tác đề cử nhân sự HĐQT, BKS",https://cafef.vn/du-lieu/EIB-2656979/eib-nghi-quyet-hdqt-ve-viec-dieu-chinh-cap-nhat-lo-trinh-thuc-hien-cong-tac-de-cu-nhan-su-hdqt-bks.chn,cafef
2026-03-18,EIB: Nghị quyết HĐQT về việc thay đổi con dấu,Ngân hàng Thương mại Cổ phần Xuất Nhập khẩu Việt Nam công bố Nghị quyết HĐQT về việc thay đổi con dấu,https://cafef.vn/du-lieu/EIB-2422454/eib-nghi-quyet-hdqt-ve-viec-thay-doi-con-dau.chn,cafef
2026-03-16,EIB: Nghị quyết HĐQT về kế hoạch kinh doanh năm 2026,Ngân hàng Thương mại Cổ phần Xuất Nhập khẩu Việt Nam thông báo Nghị quyết HĐQT về kế hoạch kinh doanh năm 2026,https://cafef.vn/du-lieu/EIB-2420811/eib-nghi-quyet-hdqt-ve-ke-hoach-kinh-doanh-nam-2026.chn,cafef
2026-03-12,"EIB: Nghị quyết HĐQT về việc điều chỉnh, cập nhật tờ trình thực hiện công tác đề cử nhân sự","Ngân hàng Thương mại Cổ phần Xuất Nhập khẩu Việt Nam thông báo Nghị quyết HĐQT về việc điều chỉnh, cập nhật tờ trình thực hiện công tác đề cử nhân sự",https://cafef.vn/du-lieu/EIB-2416876/eib-nghi-quyet-hdqt-ve-viec-dieu-chinh-cap-nhat-to-trinh-thuc-hien-cong-tac-de-cu-nhan-su.chn,cafef
2026-03-02,Hàng loạt ngân hàng ấn định lịch họp đại hội cổ đông năm 2026,"Mùa đại hội cổ đông năm 2026 đang đến gần, nhiều ngân hàng thương mại đã công bố kế hoạch chốt danh sách cổ đông và thời gian tổ chức đại hội đồng cổ đông thường niên (ĐHĐCĐ) năm 2026.",https://cafef.vn/hang-loat-ngan-hang-an-dinh-lich-hop-dai-hoi-co-dong-nam-2026-188260302120449237.chn,cafef
2026-02-26,EIB: Điều lệ công ty 2026,Ngân hàng Thương mại Cổ phần Xuất Nhập khẩu Việt Nam công bố điều lệ công ty,https://cafef.vn/du-lieu/EIB-2407744/eib-dieu-le-cong-ty-2026.chn,cafef
2026-02-24,EIB: Quyết định của NHNN về việc sửa đổi nội dung về địa chỉ đặt trụ sở chính tại Giấy phép hoạt động,Ngân hàng Thương mại Cổ phần Xuất Nhập khẩu Việt Nam công bố Quyết định của NHNN về việc sửa đổi nội dung về địa chỉ đặt trụ sở chính tại Giấy phép hoạt động,https://cafef.vn/du-lieu/EIB-2406687/eib-quyet-dinh-cua-nhnn-ve-viec-sua-doi-noi-dung-ve-dia-chi-dat-tru-so-chinh-tai-giay-phep-hoat-dong.chn,cafef
2026-02-11,EIB: NHNN chấp thuận thay đổi địa điểm PGD Trung Hòa trực thuộc Chi nhánh Ba Đình,Ngân hàng Thương mại Cổ phần Xuất Nhập khẩu Việt Nam công bố về việc NHNN chấp thuận thay đổi địa điểm PGD Trung Hòa trực thuộc Chi nhánh Ba Đình,https://cafef.vn/du-lieu/EIB-2401577/eib-nhnn-chap-thuan-thay-doi-dia-diem-pgd-trung-hoa-truc-thuoc-chi-nhanh-ba-dinh.chn,cafef
2026-02-10,"EIB: 25.2.2026, ngày GDKHQ thực hiện quyền đề cử nhân sự dự kiến bầu bổ sung, thay thế Thành viên HĐQT, BKS nhiệm kỳ 2025-2030","Sở Giao dịch Chứng khoán TP.HCM thông báo ngày ĐKCC cổ đông thực hiện quyền đề cử nhân sự dự kiến bầu bổ sung, thay thế Thành viên HĐQT, BKS nhiệm kỳ 2025-2030 của Ngân hàng Thương mại Cổ phần Xuất Nhập khẩu Việt Nam",https://cafef.vn/du-lieu/EIB-2400668/eib-2522026-ngay-gdkhq-thuc-hien-quyen-de-cu-nhan-su-du-kien-bau-bo-sung-thay-the-thanh-vien-hdqt-bks-nhiem-ky-20252030.chn,cafef
2026-02-10,"EIB: 24.3.2026, ngày GDKHQ tổ chức ĐHĐCĐ thường niên năm 2026",Sở Giao dịch Chứng khoán TP.HCM thông báo ngày ĐKCC tổ chức ĐHĐCĐ thường niên năm 2026 của Ngân hàng Thương mại Cổ phần Xuất Nhập khẩu Việt Nam,https://cafef.vn/du-lieu/EIB-2400659/eib-2432026-ngay-gdkhq-to-chuc-dhdcd-thuong-nien-nam-2026.chn,cafef
2026-02-09,EIB: Nghị quyết HĐQT về việc tổ chức ĐHĐCĐ thường niên 2026,Ngân hàng Thương mại Cổ phần Xuất Nhập khẩu Việt Nam thông báo Nghị quyết HĐQT về việc tổ chức ĐHĐCĐTN 2026,https://cafef.vn/du-lieu/EIB-2400112/eib-nghi-quyet-hdqt-ve-viec-to-chuc-dhdcd-thuong-nien-2026.chn,cafef
2026-02-09,"EIB: Nghị quyết HĐQT thông qua kế hoạch đề cử nhân sự dự kiến bầu bổ sung, thay thế Thành viên HĐQT, BKS nhiệm kỳ 2025-2030","Ngân hàng Thương mại Cổ phần Xuất Nhập khẩu Việt Nam thông báo Nghị quyết HĐQT về việc thông qua kế hoạch đề cử nhân sự dự kiến bầu bổ sung, thay thế Thành viên HĐQT, BKS nhiệm kỳ 2025-2030",https://cafef.vn/du-lieu/EIB-2400110/eib-nghi-quyet-hdqt-thong-qua-ke-hoach-de-cu-nhan-su-du-kien-bau-bo-sung-thay-the-thanh-vien-hdqt-bks-nhiem-ky-20252030.chn,cafef
2026-01-30,EIB: Giải trình biến động LNST quý 4/2025 so với cùng kỳ năm trước,Ngân hàng Thương mại Cổ phần Xuất Nhập khẩu Việt Nam giải trình biến động LNST quý 4/2025 so với cùng kỳ năm trước,https://cafef.vn/du-lieu/EIB-2393577/eib-giai-trinh-bien-dong-lnst-quy-42025-so-voi-cung-ky-nam-truoc.chn,cafef
2026-01-29,EIB: Báo cáo tình hình quản trị Công ty năm 2025,Ngân hàng Thương mại Cổ phần Xuất Nhập khẩu Việt Nam công bố báo cáo tình hình quản trị Công ty năm 2025,https://cafef.vn/du-lieu/EIB-2392231/eib-bao-cao-tinh-hinh-quan-tri-cong-ty-nam-2025.chn,cafef
2026-01-29,EIB: Nghị quyết HĐQT chấp thuận việc thay đổi tên và địa điểm của Eximbank Trung Hòa,Ngân hàng Thương mại Cổ phần Xuất Nhập khẩu Việt Nam công bố Nghị quyết HĐQT số 28 ngày 28/01/2026,https://cafef.vn/du-lieu/EIB-2392242/eib-nghi-quyet-hdqt-chap-thuan-viec-thay-doi-ten-va-dia-diem-cua-eximbank-trung-hoa.chn,cafef
2026-01-08,EIB: Nghị quyết HĐQT chấp thuận việc chấm dứt hoạt động Văn phòng đại diện tại Hà Nội,Ngân hàng Thương mại Cổ phần Xuất Nhập khẩu Việt Nam công bố Nghị quyết HĐQT chấp thuận việc chấm dứt hoạt động Văn phòng đại diện tại Hà Nội,https://cafef.vn/du-lieu/EIB-2379093/eib-nghi-quyet-hdqt-chap-thuan-viec-cham-dut-hoat-dong-van-phong-dai-dien-tai-ha-noi.chn,cafef
2026-01-05,EIB: Thông báo nhận được Quyết định xử phạt vi phạm hành chính về thuế của Chi Cục thuế Doanh nghiệp lớn,Ngân hàng Thương mại Cổ phần Xuất Nhập khẩu Việt Nam thông báo nhận được Quyết định xử phạt vi phạm hành chính về thuế của Chi Cục thuế Doanh nghiệp lớn,https://cafef.vn/du-lieu/EIB-2376679/eib-thong-bao-nhan-duoc-quyet-dinh-xu-phat-vi-pham-hanh-chinh-ve-thue-cua-chi-cuc-thue-doanh-nghiep-lon.chn,cafef
2025-11-28,EIB: Nghị quyết HĐQT chấp thuận việc tăng hạn mức thẻ tín dụng cho Phó TGĐ Eximbank,Ngân hàng Thương mại Cổ phần Xuất Nhập khẩu Việt Nam công bố Nghị quyết HĐQT chấp thuận việc tăng hạn mức thẻ tín dụng cho Phó TGĐ Eximbank,https://cafef.vn/du-lieu/EIB-2350530/eib-nghi-quyet-hdqt-chap-thuan-viec-tang-han-muc-the-tin-dung-cho-pho-tgd-eximbank.chn,cafef
2025-11-18,EIB: Nghị quyết HĐQT về việc thay đổi tên Chi nhánh quản lý của Eximbank An Lạc,Ngân hàng Thương mại Cổ phần Xuất Nhập khẩu Việt Nam công bố Nghị quyết HĐQT về việc thay đổi tên Chi nhánh quản lý của Eximbank An Lạc,https://cafef.vn/du-lieu/EIB-2342956/eib-nghi-quyet-hdqt-ve-viec-thay-doi-ten-chi-nhanh-quan-ly-cua-eximbank-an-lac.chn,cafef
2025-11-17,EIB: Thông báo nhận được công văn của NHNNVN Chi nhánh Khu vực 2 về việc chấp thuận thay đổi địa điểm hoạt động Chi nhánh Phú Mỹ Hưng,Ngân hàng Thương mại Cổ phần Xuất Nhập khẩu Việt Nam thông báo nhận được công văn của NHNNVN Chi nhánh Khu vực 2 về việc chấp thuận thay đổi địa điểm hoạt động Chi nhánh Phú Mỹ Hưng,https://cafef.vn/du-lieu/EIB-2341848/eib-thong-bao-nhan-duoc-cong-van-cua-nhnnvn-chi-nhanh-khu-vuc-2-ve-viec-chap-thuan-thay-doi-dia-diem-hoat-dong-chi-nhanh-phu-my-hung.chn,cafef
2025-11-17,EIB: Thông báo nhận được công văn của NHNNVN Chi nhánh Khu vực 2 về việc chấp thuận thay đổi địa điểm hoạt động Chi nhánh Tây Sài Gòn,Ngân hàng Thương mại Cổ phần Xuất Nhập khẩu Việt Nam thông báo nhận được công văn của NHNNVN Chi nhánh Khu vực 2 về việc chấp thuận thay đổi địa điểm hoạt động Chi nhánh Tây Sài Gòn,https://cafef.vn/du-lieu/EIB-2341849/eib-thong-bao-nhan-duoc-cong-van-cua-nhnnvn-chi-nhanh-khu-vuc-2-ve-viec-chap-thuan-thay-doi-dia-diem-hoat-dong-chi-nhanh-tay-sai-gon.chn,cafef
2025-11-04,EIB: Nghị quyết HĐQT về việc chấp thuận thay đổi tên và địa điểm của Eximbank Bình Tân,Ngân hàng Thương mại Cổ phần Xuất Nhập khẩu Việt Nam thông báo Nghị quyết HĐQT về việc chấp thuận thay đổi tên và địa điểm của Eximbank Bình Tân,https://cafef.vn/du-lieu/EIB-2334495/eib-nghi-quyet-hdqt-ve-viec-chap-thuan-thay-doi-ten-va-dia-diem-cua-eximbank-binh-tan.chn,cafef
2025-10-30,EIB: Giải trình biến động LNST trên BCTC quý 3/2025 so với cùng kỳ năm trước,Ngân hàng Thương mại Cổ phần Xuất Nhập khẩu Việt Nam thông báo giải trình biến động LNST trên BCTC quý 3/2025 so với cùng kỳ năm trước,https://cafef.vn/du-lieu/EIB-2341104/eib-giai-trinh-bien-dong-lnst-tren-bctc-quy-32025-so-voi-cung-ky-nam-truoc.chn,cafef
2025-10-27,EIB: Nghị quyết HĐQT về việc thay đổi tên gọi Phòng GD Eximbank Trảng Bom,Ngân hàng Thương mại Cổ phần Xuất Nhập khẩu Việt Nam thông báo Nghị quyết HĐQT về việc thay đổi tên gọi Phòng GD Eximbank Trảng Bom,https://cafef.vn/du-lieu/EIB-2326842/eib-nghi-quyet-hdqt-ve-viec-thay-doi-ten-goi-phong-gd-eximbank-trang-bom.chn,cafef
2025-10-14,EIB: Nghị quyết HĐQT thông qua dự thảo hợp đồng thuê phần diện tích sàn XD giữa Eximbank với Gelex,Ngân hàng Thương mại Cổ phần Xuất Nhập khẩu Việt Nam thông báo Nghị quyết HĐQT về việc thông qua dự thảo hợp đồng thuê phần diện tích sàn XD giữa Eximbank với Gelex,https://cafef.vn/du-lieu/EIB-2317290/eib-nghi-quyet-hdqt-thong-qua-du-thao-hop-dong-thue-phan-dien-tich-san-xd-giua-eximbank-voi-gelex.chn,cafef
2025-10-06,EIB: Nghị quyết HĐQT v/v thay đổi địa điểm Eximbank Chi nhánh Phú Mỹ Hưng,Ngân hàng Thương mại Cổ phần Xuất Nhập khẩu Việt Nam công bố Nghị quyết HĐQT số 350/2025 ngày 06/10/2025,https://cafef.vn/du-lieu/EIB-2311838/eib-nghi-quyet-hdqt-vv-thay-doi-dia-diem-eximbank-chi-nhanh-phu-my-hung.chn,cafef
2025-10-03,EIB: Nghị quyết HĐQT chấp thuận việc thay đổi địa điểm PGD Thăng Long trực thuộc Chi nhánh Ba Đình,Ngân hàng Thương mại Cổ phần Xuất Nhập khẩu Việt Nam công bố Nghị quyết HĐQT chấp thuận việc thay đổi địa điểm PGD Thăng Long trực thuộc Chi nhánh Ba Đình,https://cafef.vn/du-lieu/EIB-2310863/eib-nghi-quyet-hdqt-chap-thuan-viec-thay-doi-dia-diem-pgd-thang-long-truc-thuoc-chi-nhanh-ba-dinh.chn,cafef
2025-09-23,EIB: Thông báo nhận được công văn của NHNN Chi nhánh Khu vực 2 về việc chấp thuận thay đổi địa điểm hoạt động PGD Hồng Bàng,Ngân hàng Thương mại Cổ phần Xuất Nhập khẩu Việt Nam thông báo nhận được công văn của NHNN Chi nhánh Khu vực 2 về việc chấp thuận thay đổi địa điểm hoạt động PGD Hồng Bàng,https://cafef.vn/du-lieu/EIB-2302515/eib-thong-bao-nhan-duoc-cong-van-cua-nhnn-chi-nhanh-khu-vuc-2-ve-viec-chap-thuan-thay-doi-dia-diem-hoat-dong-pgd-hong-bang.chn,cafef
2025-09-15,"EIB: Quyết định về việc bổ sung, điều chỉnh phương án phát hành trái phiếu riêng lẻ lần 1 năm 2025","Ngân hàng Thương mại Cổ phần Xuất Nhập khẩu Việt Nam công bố Quyết định về việc bổ sung, điều chỉnh phương án phát hành trái phiếu riêng lẻ lần 1 năm 2025",https://cafef.vn/du-lieu/EIB-2297040/eib-quyet-dinh-ve-viec-bo-sung-dieu-chinh-phuong-an-phat-hanh-trai-phieu-rieng-le-lan-1-nam-2025.chn,cafef
2025-08-01,EIB: Thông báo công văn của NHNN về chấp thuận cho EIB thay đổi địa điểm trụ sở Chi nhánh Quảng Ninh,Ngân hàng Thương mại Cổ phần Xuất Nhập khẩu Việt Nam thông báo công văn của NHNN về chấp thuận cho EIB thay đổi địa điểm trụ sở Chi nhánh Quảng Ninh,https://cafef.vn/du-lieu/EIB-2349015/eib-thong-bao-cong-van-cua-nhnn-ve-chap-thuan-cho-eib-thay-doi-dia-diem-tru-so-chi-nhanh-quang-ninh.chn,cafef
2025-07-29,EIB: Giải trình biến động LNST trên BCTC quý 2/2025 so với cùng kỳ năm trước,Ngân hàng Thương mại Cổ phần Xuất Nhập khẩu Việt Nam thông báo giải trình biến động LNST trên BCTC quý 2/2025 so với cùng kỳ năm trước,https://cafef.vn/du-lieu/EIB-2282507/eib-giai-trinh-bien-dong-lnst-tren-bctc-quy-22025-so-voi-cung-ky-nam-truoc.chn,cafef
2025-07-28,EIB: Nghị quyết HĐQT về việc ký kết thỏa thuận hợp tác giữa Eximbank và Eximbank AMC,Ngân hàng Thương mại Cổ phần Xuất Nhập khẩu Việt Nam công bố Nghị quyết HĐQT về việc ký kết thỏa thuận hợp tác giữa Eximbank và Eximbank AMC,https://cafef.vn/du-lieu/EIB-2264537/eib-nghi-quyet-hdqt-ve-viec-ky-ket-thoa-thuan-hop-tac-giua-eximbank-va-eximbank-amc.chn,cafef
2025-07-28,EIB: Báo cáo tình hình quản trị công ty 06 tháng đầu năm 2025,Ngân hàng Thương mại Cổ phần Xuất Nhập khẩu Việt Nam công bố báo cáo tình hình quản trị công ty 06 tháng đầu năm 2025,https://cafef.vn/du-lieu/EIB-2271647/eib-bao-cao-tinh-hinh-quan-tri-cong-ty-06-thang-dau-nam-2025.chn,cafef
2025-07-24,EIB: Nghị quyết HĐQT về việc thay đổi địa điểm Phòng GD Hội An,Ngân hàng Thương mại Cổ phần Xuất Nhập khẩu Việt Nam thông báo Nghị quyết HĐQT về việc thay đổi địa điểm Phòng GD Hội An,https://cafef.vn/du-lieu/EIB-2255813/eib-nghi-quyet-hdqt-ve-viec-thay-doi-dia-diem-phong-gd-hoi-an.chn,cafef
2025-07-17,EIB: Thông báo công văn của NHNN về chấp thuận cho EIB thay đổi địa điểm Phòng GD Xuân Thủy,Ngân hàng Thương mại Cổ phần Xuất Nhập khẩu Việt Nam thông báo công văn của NHNN về chấp thuận cho EIB thay đổi địa điểm Phòng GD Xuân Thủy,https://cafef.vn/du-lieu/EIB-2248340/eib-thong-bao-cong-van-cua-nhnn-ve-chap-thuan-cho-eib-thay-doi-dia-diem-phong-gd-xuan-thuy.chn,cafef
2025-07-11,"EIB: Nghị quyết HĐQT v/v thay đổi địa điểm phòng giao dịch, chi nhánh",Ngân hàng Thương mại Cổ phần Xuất Nhập khẩu Việt Nam công bố Nghị quyết HĐQT số 279/2025 ngày 10/07/2025,https://cafef.vn/du-lieu/EIB-2245407/eib-nghi-quyet-hdqt-vv-thay-doi-dia-diem-phong-giao-dich-chi-nhanh.chn,cafef
2025-07-01,EIB: Nghị quyết HĐQT về việc ký hợp đồng với công ty kiểm toán BCTC năm 2025,Ngân hàng Thương mại Cổ phần Xuất Nhập khẩu Việt Nam công bố Nghị quyết HĐQT về việc ký hợp đồng với công ty kiểm toán BCTC năm 2025,https://cafef.vn/du-lieu/EIB-2235584/eib-nghi-quyet-hdqt-ve-viec-ky-hop-dong-voi-cong-ty-kiem-toan-bctc-nam-2025.chn,cafef
2025-06-25,EIB: Thông báo về việc nhận được công văn của NHNN về việc thay đổi địa điểm đặt trụ sở chính,Ngân hàng Thương mại Cổ phần Xuất Nhập khẩu Việt Nam thông báo về việc nhận được công văn của NHNN về việc thay đổi địa điểm đặt trụ sở chính,https://cafef.vn/du-lieu/EIB-2230610/eib-thong-bao-ve-viec-nhan-duoc-cong-van-cua-nhnn-ve-viec-thay-doi-dia-diem-dat-tru-so-chinh.chn,cafef
2025-06-24,EIB: Nghị quyết HĐQT thay đổi lựa chọn đơn vị kiểm toán độc lập cho năm 2025,Ngân hàng Thương mại Cổ phần Xuất Nhập khẩu Việt Nam thông báo Nghị quyết HĐQT về việc thay đổi lựa chọn đơn vị kiểm toán độc lập cho năm 2025,https://cafef.vn/du-lieu/EIB-2229026/eib-nghi-quyet-hdqt-thay-doi-lua-chon-don-vi-kiem-toan-doc-lap-cho-nam-2025.chn,cafef
2025-06-16,EIB: Nghị quyết HĐQT về việc thay đổi địa điểm Phòng GD Hồng Bàng - Chi nhánh Chợ Lớn,Ngân hàng Thương mại Cổ phần Xuất Nhập khẩu Việt Nam thông báo Nghị quyết HĐQT về việc thay đổi địa điểm Phòng GD Hồng Bàng - Chi nhánh Chợ Lớn,https://cafef.vn/du-lieu/EIB-2223133/eib-nghi-quyet-hdqt-ve-viec-thay-doi-dia-diem-phong-gd-hong-bang-chi-nhanh-cho-lon.chn,cafef
2025-06-12,EIB: Nghị quyết HĐQT về việc thay đổi địa điểm Phòng GD Xuân Thủy - Chi nhánh TP.HCM,Ngân hàng Thương mại Cổ phần Xuất Nhập khẩu Việt Nam thông báo Nghị quyết HĐQT về việc thay đổi địa điểm Phòng GD Xuân Thủy - Chi nhánh TP.HCM,https://cafef.vn/du-lieu/EIB-2219561/eib-nghi-quyet-hdqt-ve-viec-thay-doi-dia-diem-phong-gd-xuan-thuy-chi-nhanh-tphcm.chn,cafef
2025-06-12,EIB: Nghị quyết HĐQT phê duyệt phương án phát hành trái phiếu riêng lẻ lần 1 năm 2025,Ngân hàng Thương mại Cổ phần Xuất Nhập khẩu Việt Nam công bố Nghị quyết HĐQT về việc phê duyệt phương án phát hành trái phiếu riêng lẻ lần 1 năm 2025,https://cafef.vn/du-lieu/EIB-2220305/eib-nghi-quyet-hdqt-phe-duyet-phuong-an-phat-hanh-trai-phieu-rieng-le-lan-1-nam-2025.chn,cafef
2025-05-30,EIB: Nghị quyết HĐQT về việc thay đổi địa điểm Chi nhánh Quảng Ninh,Ngân hàng Thương mại Cổ phần Xuất Nhập khẩu Việt Nam thông báo Nghị quyết HĐQT về việc thay đổi địa điểm Chi nhánh Quảng Ni,https://cafef.vn/du-lieu/EIB-2212013/eib-nghi-quyet-hdqt-ve-viec-thay-doi-dia-diem-chi-nhanh-quang-ninh.chn,cafef
2025-05-12,EIB: Thông báo nhận được công văn của NHNN Chi nhánh Khu vực 2 về việc chấp thuận thay đổi địa điểm hoạt động Chi nhánh Quận 1 và PGD Phùng Khắc Khoan - Chi nhánh Phú Mỹ Hưng,Ngân hàng Thương mại Cổ phần Xuất Nhập khẩu Việt Nam thông báo nhận được công văn của NHNN Chi nhánh Khu vực 2 về việc chấp thuận thay đổi địa điểm hoạt động Chi nhánh Quận 1 và PGD Phùng Khắc Khoan - Chi nhánh Phú Mỹ Hưng,https://cafef.vn/du-lieu/EIB-2201473/eib-thong-bao-nhan-duoc-cong-van-cua-nhnn-chi-nhanh-khu-vuc-2-ve-viec-chap-thuan-thay-doi-dia-diem-hoat-dong-chi-nhanh-quan-1-va-pgd-phung-khac-khoan-chi-nhanh-phu-my-hung.chn,cafef
2025-05-06,EIB: Quy chế tổ chức và hoạt động của HĐQT,Ngân hàng Thương mại Cổ phần Xuất Nhập khẩu Việt Nam thông báo Quy chế tổ chức và hoạt động của HĐQT,https://cafef.vn/du-lieu/EIB-2196597/eib-quy-che-to-chuc-va-hoat-dong-cua-hdqt.chn,cafef
2025-05-06,EIB: Quy chế tổ chức và hoạt động của BKS,Ngân hàng Thương mại Cổ phần Xuất Nhập khẩu Việt Nam thông báo Quy chế tổ chức và hoạt động của BKS,https://cafef.vn/du-lieu/EIB-2196598/eib-quy-che-to-chuc-va-hoat-dong-cua-bks.chn,cafef
2025-05-06,EIB: Quy chế quản trị nội bộ,Ngân hàng Thương mại Cổ phần Xuất Nhập khẩu Việt Nam thông báo Quy chế quản trị nội bộ,https://cafef.vn/du-lieu/EIB-2196599/eib-quy-che-quan-tri-noi-bo.chn,cafef
2025-05-06,EIB: Điều lệ công ty sửa đổi,Ngân hàng Thương mại Cổ phần Xuất Nhập khẩu Việt Nam thông báo Điều lệ công ty sửa đổi,https://cafef.vn/du-lieu/EIB-2196604/eib-dieu-le-cong-ty-sua-doi.chn,cafef
2025-05-05,"EIB: Quy chế Quản trị nội bộ, Quy chế hoạt động của HĐQT, Quy chế hoạt động của BKS và Điều lệ sửa đổi","Ngân hàng Thương mại Cổ phần Xuất Nhập khẩu Việt Nam công bố Quy chế Quản trị nội bộ, Quy chế hoạt động của HĐQT, Quy chế hoạt động của BKS và Điều lệ sửa đổi",https://cafef.vn/du-lieu/EIB-2192722/eib-quy-che-quan-tri-noi-bo-quy-che-hoat-dong-cua-hdqt-quy-che-hoat-dong-cua-bks-va-dieu-le-sua-doi.chn,cafef
2025-05-05,EIB: Nghị quyết và Biên bản họp ĐHĐCĐ thường niên năm 2025,Ngân hàng Thương mại Cổ phần Xuất Nhập khẩu Việt Nam thông báo Nghị quyết và Biên bản họp ĐHĐCĐ thường niên năm 2025,https://cafef.vn/du-lieu/EIB-2196150/eib-nghi-quyet-va-bien-ban-hop-dhdcd-thuong-nien-nam-2025.chn,cafef
2025-04-29,EIB: Giải trình chênh lệch lợi nhuận sau thuế quý 1/2025 so với quý 1/2024,Ngân hàng Thương mại Cổ phần Xuất Nhập khẩu Việt Nam thông báo giải trình chênh lệch lợi nhuận sau thuế quý 1/2025 so với quý 1/2024,https://cafef.vn/du-lieu/EIB-2221911/eib-giai-trinh-chenh-lech-loi-nhuan-sau-thue-quy-12025-so-voi-quy-12024.chn,cafef
2025-04-28,"EIB: Danh sách nhân sự dự kiến bầu vào HĐQT, Thành viên BKS nhiệm kỳ 2025-2030","Ngân hàng Thương mại Cổ phần Xuất Nhập khẩu Việt Nam thông báo danh sách nhân sự dự kiến bầu vào HĐQT, Thành viên BKS nhiệm kỳ 2025-2030",https://cafef.vn/du-lieu/EIB-2192739/eib-danh-sach-nhan-su-du-kien-bau-vao-hdqt-thanh-vien-bks-nhiem-ky-20252030.chn,cafef
2025-04-28,EIB: Nghị quyết HĐQT thay đổi địa điểm chi nhánh Bình Phước,Ngân hàng Thương mại Cổ phần Xuất Nhập khẩu Việt Nam thông báo Nghị quyết HĐQT về việc thay đổi địa điểm chi nhánh Bình Phước,https://cafef.vn/du-lieu/EIB-2195438/eib-nghi-quyet-hdqt-thay-doi-dia-diem-chi-nhanh-binh-phuoc.chn,cafef
2025-04-09,EIB: Tài liệu họp ĐHĐCĐ thường niên năm 2025,Ngân hàng Thương mại Cổ phần Xuất Nhập khẩu Việt Nam thông báo tài liệu họp ĐHĐCĐ thường niên năm 2025,https://cafef.vn/du-lieu/EIB-2168901/eib-tai-lieu-hop-dhdcd-thuong-nien-nam-2025.chn,cafef
2025-03-31,EIB: Giải trình biến động LNST BCTC đã kiểm toán năm 2024 so với cùng kỳ năm trước,Ngân hàng Thương mại Cổ phần Xuất Nhập khẩu Việt Nam giải trình biến động LNST BCTC đã kiểm toán năm 2024 so với cùng kỳ năm trước,https://cafef.vn/du-lieu/EIB-2163347/eib-giai-trinh-bien-dong-lnst-bctc-da-kiem-toan-nam-2024-so-voi-cung-ky-nam-truoc.chn,cafef
2025-03-17,EIB: Nghị quyết HĐQT v/v thay đổi địa điểm phòng giao dịch Dĩ An - Chi nhánh Bình Dương,Ngân hàng Thương mại Cổ phần Xuất Nhập khẩu Việt Nam thông báo Nghị quyết HĐQT về việc thay đổi địa điểm phòng giao dịch Dĩ An - Chi nhánh Bình Dương,https://cafef.vn/du-lieu/EIB-2151648/eib-nghi-quyet-hdqt-vv-thay-doi-dia-diem-phong-giao-dich-di-an-chi-nhanh-binh-duong.chn,cafef
2025-03-10,EIB: Thông báo mời họp ĐHĐCĐ thường niên năm 2025,Ngân hàng Thương mại Cổ phần Xuất Nhập khẩu Việt Nam thông báo mời họp ĐHĐCĐ thường niên năm 2025,https://cafef.vn/du-lieu/EIB-2146802/eib-thong-bao-moi-hop-dhdcd-thuong-nien-nam-2025.chn,cafef
2025-03-04,EIB: Điều lệ công ty sửa đổi bổ sung,Ngân hàng Thương mại Cổ phần Xuất Nhập khẩu Việt Nam công bố Điều lệ công ty sửa đổi bổ sung,https://cafef.vn/du-lieu/EIB-2144441/eib-dieu-le-cong-ty-sua-doi-bo-sung.chn,cafef
2025-02-27,EIB: Biên bản họp và Nghị quyết ĐHĐCĐ bất thường ngày 26/02/2025,Ngân hàng Thương mại Cổ phần Xuất Nhập khẩu Việt Nam công bố Biên bản họp và Nghị quyết ĐHĐCĐ bất thường ngày 26/02/2025,https://cafef.vn/du-lieu/EIB-2139409/eib-bien-ban-hop-va-nghi-quyet-dhdcd-bat-thuong-ngay-26022025.chn,cafef
2025-02-26,EIB: Bổ sung tài liệu họp ĐHĐCĐ bất thường năm 2024,Ngân hàng Thương mại Cổ phần Xuất Nhập khẩu Việt Nam công bố bổ sung tài liệu họp ĐHĐCĐ bất thường năm 2024,https://cafef.vn/du-lieu/EIB-2138569/eib-bo-sung-tai-lieu-hop-dhdcd-bat-thuong-nam-2024.chn,cafef
2025-02-25,Eximbank bầu bổ sung thành viên ban kiểm soát và sửa đổi điều lệ,"Đó là những nội dung chính của Đại hội đồng cổ đông (ĐHĐCĐ) bất thường diễn ra ngày 26/2 tới đây của Ngân hàng TMCP Xuất nhập khẩu Việt Nam (Eximbank), được tổ chức tại Hà Nội.",https://cafef.vn/eximbank-bau-bo-sung-thanh-vien-ban-kiem-soat-va-sua-doi-dieu-le-188250225091052235.chn,cafef
2025-02-25,EIB: Thông báo thay đổi Giấy phép hoạt động,Ngân hàng Thương mại Cổ phần Xuất Nhập khẩu Việt Nam thông báo thay đổi Giấy phép hoạt động,https://cafef.vn/du-lieu/EIB-2137675/eib-thong-bao-thay-doi-giay-phep-hoat-dong.chn,cafef
2025-02-24,"EIB: Nghị quyết HĐQT về việc cập nhật, bổ sung chương trình, tài liệu họp ĐHĐCĐ thường niên 2025","Ngân hàng Thương mại Cổ phần Xuất Nhập khẩu Việt Nam công bố Nghị quyết HĐQT về việc cập nhật, bổ sung chương trình, tài liệu họp ĐHĐCĐ thường niên 2025",https://cafef.vn/du-lieu/EIB-2137249/eib-nghi-quyet-hdqt-ve-viec-cap-nhat-bo-sung-chuong-trinh-tai-lieu-hop-dhdcd-thuong-nien-2025.chn,cafef
2025-02-21,"EIB: Nghị quyết HĐQT thông báo tiêu chuẩn, điều kiện và các thủ tục đề cử nhân sự dự kiến bầu vào HĐQT, BKS nhiệm kỳ 2025-2030","Ngân hàng Thương mại Cổ phần Xuất Nhập khẩu Việt Nam thông báo Nghị quyết HĐQT về việc thông báo tiêu chuẩn, điều kiện và các thủ tục đề cử nhân sự dự kiến bầu vào HĐQT, BKS nhiệm kỳ 2025-2030",https://cafef.vn/du-lieu/EIB-2135354/eib-nghi-quyet-hdqt-thong-bao-tieu-chuan-dieu-kien-va-cac-thu-tuc-de-cu-nhan-su-du-kien-bau-vao-hdqt-bks-nhiem-ky-20252030.chn,cafef
2025-02-18,"Dời trụ sở về 'gần' Gelex, Eximbank đặt tham vọng lớn 2025: Lợi nhuận tăng vọt 33%, cao chưa từng thấy","Eximbank vừa chuyển trụ sở ra Hà Nội và sẽ trình cổ đông kế hoạch lợi nhuận 5.580 tỷ đồng năm 2025, tăng 33% so với 2024.",https://cafef.vn/doi-tru-so-ve-gan-gelex-eximbank-dat-tham-vong-lon-2025-loi-nhuan-tang-vot-33-cao-chua-tung-thay-188250218092311762.chn,cafef
2025-02-17,EIB: Nghị quyết HĐQT thông qua kế hoạch kinh doanh năm 2025,Ngân hàng Thương mại Cổ phần Xuất Nhập khẩu Việt Nam thông báo Nghị quyết HĐQT về việc thông qua kế hoạch kinh doanh năm 2025,https://cafef.vn/du-lieu/EIB-2132224/eib-nghi-quyet-hdqt-thong-qua-ke-hoach-kinh-doanh-nam-2025.chn,cafef
2025-02-14,EIB: Nghị quyết HĐQT về việc thay đổi tên và địa điểm chi nhánh quận 4,Ngân hàng Thương mại Cổ phần Xuất Nhập khẩu Việt Nam công bố Nghị quyết HĐQT về việc thay đổi tên và địa điểm chi nhánh quận 4,https://cafef.vn/du-lieu/EIB-2130884/eib-nghi-quyet-hdqt-ve-viec-thay-doi-ten-va-dia-diem-chi-nhanh-quan-4.chn,cafef
2025-02-13,EIB: Nghị quyết HĐQT về việc thay đổi địa điểm tổ chức họp ĐHĐCĐ bất thường ngày 26/02/2025,Ngân hàng Thương mại Cổ phần Xuất Nhập khẩu Việt Nam thông báo Nghị quyết HĐQT về việc thay đổi địa điểm tổ chức họp ĐHĐCĐ bất thường ngày 26/02/2025,https://cafef.vn/du-lieu/EIB-2130252/eib-nghi-quyet-hdqt-ve-viec-thay-doi-dia-diem-to-chuc-hop-dhdcd-bat-thuong-ngay-26022025.chn,cafef
2025-02-11,"EIB: 19.2.2025, ngày GDKHQ thực hiện quyền đề cử nhân sự dự kiến bầu vào HĐQT, Thành viên BKS nhiệm kỳ 2025-2030","Sở Giao dịch Chứng khoán TP.HCM thông báo ngày ĐKCC để thực hiện quyền đề cử nhân sự dự kiến bầu vào HĐQT, Thành viên BKS nhiệm kỳ 2025-2030 của Ngân hàng Thương mại Cổ phần Xuất Nhập khẩu Việt Nam",https://cafef.vn/du-lieu/EIB-2128222/eib-1922025-ngay-gdkhq-thuc-hien-quyen-de-cu-nhan-su-du-kien-bau-vao-hdqt-thanh-vien-bks-nhiem-ky-20252030.chn,cafef
2025-02-11,"EIB: 7.3.2025, ngày GDKHQ tổ chức ĐHĐCĐ thường niên năm 2025",Sở Giao dịch Chứng khoán TP.HCM thông báo ngày ĐKCC tổ chức ĐHĐCĐ thường niên năm 2025 của Ngân hàng Thương mại Cổ phần Xuất Nhập khẩu Việt Nam,https://cafef.vn/du-lieu/EIB-2128224/eib-732025-ngay-gdkhq-to-chuc-dhdcd-thuong-nien-nam-2025.chn,cafef
2025-02-06,EIB: Nghị quyết HĐQT thông qua kế hoạch tổ chức họp ĐHĐCĐ thường niên 2025,Ngân hàng Thương mại Cổ phần Xuất Nhập khẩu Việt Nam thông báo Nghị quyết HĐQT về việc thông qua kế hoạch tổ chức họp ĐHĐCĐ thường niên 2025,https://cafef.vn/du-lieu/EIB-2126054/eib-nghi-quyet-hdqt-thong-qua-ke-hoach-to-chuc-hop-dhdcd-thuong-nien-2025.chn,cafef
2025-02-06,"EIB: Nghị quyết HĐQT thông qua kế hoạch đề cử nhân sự dự kiến bầu vào Thành viên HĐQT, BKS nhiệm kỳ 2025-2030","Ngân hàng Thương mại Cổ phần Xuất Nhập khẩu Việt Nam thông báo Nghị quyết HĐQT về việc thông qua kế hoạch đề cử nhân sự dự kiến bầu vào Thành viên HĐQT, BKS nhiệm kỳ 2025-2030",https://cafef.vn/du-lieu/EIB-2126056/eib-nghi-quyet-hdqt-thong-qua-ke-hoach-de-cu-nhan-su-du-kien-bau-vao-thanh-vien-hdqt-bks-nhiem-ky-20252030.chn,cafef
2025-01-24,EIB: Nghị quyết HĐQT thông qua dự thảo hợp đồng nguyên tắc giữa Eximbank và cổ đông lớn Gelex,Ngân hàng Thương mại Cổ phần Xuất Nhập khẩu Việt Nam công bố Nghị quyết HĐQT về việc thông qua dự thảo hợp đồng nguyên tắc giữa Eximbank và cổ đông lớn Gelex,https://cafef.vn/du-lieu/EIB-2124111/eib-nghi-quyet-hdqt-thong-qua-du-thao-hop-dong-nguyen-tac-giua-eximbank-va-co-dong-lon-gelex.chn,cafef
2025-01-24,EIB: Giải trình biến động LNST BCTC quý 4/2024 so với cùng kỳ năm trước,Ngân hàng Thương mại Cổ phần Xuất Nhập khẩu Việt Nam giải trình biến động LNST BCTC quý 4/2024 so với cùng kỳ năm trước,https://cafef.vn/du-lieu/EIB-2133414/eib-giai-trinh-bien-dong-lnst-bctc-quy-42024-so-voi-cung-ky-nam-truoc.chn,cafef
2025-01-22,EIB: Báo cáo tình hình quản trị Công ty năm 2024,Ngân hàng Thương mại Cổ phần Xuất Nhập khẩu Việt Nam công bố báo cáo tình hình quản trị Công ty năm 2024,https://cafef.vn/du-lieu/EIB-2119892/eib-bao-cao-tinh-hinh-quan-tri-cong-ty-nam-2024.chn,cafef
2025-01-16,EIB: Tài liệu họp ĐHĐCĐ bất thường ngày 26/02/2025,Ngân hàng Thương mại Cổ phần Xuất Nhập khẩu Việt Nam thông báo tài liệu họp ĐHĐCĐ bất thường ngày 26/02/2025,https://cafef.vn/du-lieu/EIB-2116499/eib-tai-lieu-hop-dhdcd-bat-thuong-ngay-26022025.chn,cafef
2024-12-30,EIB: Nghị quyết HĐQT về việc lựa chọn đơn vị kiểm toán cho năm 2025,Ngân hàng Thương mại Cổ phần Xuất Nhập khẩu Việt Nam thông báo Nghị quyết HĐQT về việc lựa chọn đơn vị kiểm toán cho năm 2025,https://cafef.vn/du-lieu/EIB-2107558/eib-nghi-quyet-hdqt-ve-viec-lua-chon-don-vi-kiem-toan-cho-nam-2025.chn,cafef
2024-12-27,EIB: Thông báo mời họp ĐHĐCĐ bất thường ngày 26/02/2025,Ngân hàng Thương mại Cổ phần Xuất Nhập khẩu Việt Nam thông báo mời họp ĐHĐCĐ bất thường ngày 26/02/2025,https://cafef.vn/du-lieu/EIB-2106320/eib-thong-bao-moi-hop-dhdcd-bat-thuong-ngay-26022025.chn,cafef
2024-12-23,EIB: Thông báo nhận được công văn của NHNN Chi nhánh TP.HCM về việc thay đổi địa điểm hoạt động Chi nhánh TP.HCM,Ngân hàng Thương mại Cổ phần Xuất Nhập khẩu Việt Nam thông báo nhận được công văn của NHNN Chi nhánh TP.HCM về việc thay đổi địa điểm hoạt động Chi nhánh TP.HCM,https://cafef.vn/du-lieu/EIB-2103287/eib-thong-bao-nhan-duoc-cong-van-cua-nhnn-chi-nhanh-tphcm-ve-viec-thay-doi-dia-diem-hoat-dong-chi-nhanh-tphcm.chn,cafef
2024-12-05,"EIB: 25.12.2024, ngày GDKHQ tổ chức ĐHĐCĐ bất thường",Sở Giao dịch Chứng khoán TP.HCM thông báo về ngày đăng ký cuối cùng tổ chức ĐHĐCĐ bất thường ngày 26/02/2025 của Ngân hàng Thương mại Cổ phần Xuất Nhập khẩu Việt Nam,https://cafef.vn/du-lieu/EIB-2094309/eib-25122024-ngay-gdkhq-to-chuc-dhdcd-bat-thuong.chn,cafef
2024-12-05,EIB: Thông báo về ngày ĐKCC để cổ đông thực hiện quyền đề cử nhân sự dự kiến bầu bổ sung vào BKS nhiệm kỳ VII (2020-2025) (,Sở Giao dịch Chứng khoán TP.HCM thông báo về ngày đăng ký cuối cùng để cổ đông thực hiện quyền đề cử nhân sự dự kiến bầu bổ sung vào BKS nhiệm kỳ VII (2020-2025) của Ngân hàng Thương mại Cổ phần Xuất Nhập khẩu Việt Nam,https://cafef.vn/du-lieu/EIB-2094321/eib-thong-bao-ve-ngay-dkcc-de-co-dong-thuc-hien-quyen-de-cu-nhan-su-du-kien-bau-bo-sung-vao-bks-nhiem-ky-vii-20202025-.chn,cafef
2024-12-05,EIB: Nghị quyết HĐQT về việc di dời trụ sở Eximbank chi nhánh Bình Dương,Ngân hàng Thương mại Cổ phần Xuất Nhập khẩu Việt Nam thông báo Nghị quyết HĐQT về việc di dời trụ sở Eximbank chi nhánh Bình Dương,https://cafef.vn/du-lieu/EIB-2095094/eib-nghi-quyet-hdqt-ve-viec-di-doi-tru-so-eximbank-chi-nhanh-binh-duong.chn,cafef
2024-12-03,EIB: Nghị quyết HĐQT thông qua kế hoạch đề cử nhân sự dự kiến bầu bổ sung vào BKS,Ngân hàng Thương mại Cổ phần Xuất Nhập khẩu Việt Nam thông báo Nghị quyết HĐQT về việc thông qua kế hoạch đề cử nhân sự dự kiến bầu bổ sung vào BKS,https://cafef.vn/du-lieu/EIB-2093796/eib-nghi-quyet-hdqt-thong-qua-ke-hoach-de-cu-nhan-su-du-kien-bau-bo-sung-vao-bks.chn,cafef
2024-12-03,EIB: Nghị quyết HĐQT thông qua kế hoạch tổ chức ĐHĐCĐ Bất thường ngày 26/02/2025,Ngân hàng Thương mại Cổ phần Xuất Nhập khẩu Việt Nam thông báo Nghị quyết HĐQT về việc thông qua kế hoạch tổ chức ĐHĐCĐ BT ngày 26/02/2025,https://cafef.vn/du-lieu/EIB-2093797/eib-nghi-quyet-hdqt-thong-qua-ke-hoach-to-chuc-dhdcd-bat-thuong-ngay-26022025.chn,cafef
2024-11-29,EIB: Nghị quyết và Biên bản họp ĐHĐCĐ bất thường ngày 28/11/2024,Ngân hàng Thương mại Cổ phần Xuất Nhập khẩu Việt Nam thông báo Nghị quyết và Biên bản họp ĐHĐCĐ bất thường ngày 28/11/2024,https://cafef.vn/du-lieu/EIB-2091856/eib-nghi-quyet-va-bien-ban-hop-dhdcd-bat-thuong-ngay-28112024.chn,cafef
2024-11-27,EIB: Thông báo về việc HĐQT cập nhật tài liệu họp ĐHĐCĐ bất thường ngày 28/11/2024,Ngân hàng Thương mại Cổ phần Xuất Nhập khẩu Việt Nam thông báo về việc HĐQT cập nhật tài liệu họp ĐHĐCĐ bất thường ngày 28/11/2024,https://cafef.vn/du-lieu/EIB-2090363/eib-thong-bao-ve-viec-hdqt-cap-nhat-tai-lieu-hop-dhdcd-bat-thuong-ngay-28112024.chn,cafef
2024-11-26,EIB: Thông báo sửa đổi Giấy phép hoạt động,Ngân hàng Thương mại Cổ phần Xuất Nhập khẩu Việt Nam thông báo sửa đổi Giấy phép hoạt động,https://cafef.vn/du-lieu/EIB-2090367/eib-thong-bao-sua-doi-giay-phep-hoat-dong.chn,cafef
2024-11-26,EIB: Điều lệ công ty sửa đổi do tăng vốn điều lệ,Ngân hàng Thương mại Cổ phần Xuất Nhập khẩu Việt Nam CBTT Điều lệ công ty sửa đổi do tăng vốn điều lệ,https://cafef.vn/du-lieu/EIB-2090369/eib-dieu-le-cong-ty-sua-doi-do-tang-von-dieu-le.chn,cafef
2024-11-25,"EIB: Nghị quyết HĐQT về việc bổ sung, cập nhật chương trình, tài liệu họp ĐHĐCĐ bất thường ngày 28/11/2024","Ngân hàng Thương mại Cổ phần Xuất Nhập khẩu Việt Nam công bố Nghị quyết HĐQT về việc bổ sung, cập nhật chương trình, tài liệu họp ĐHĐCĐ bất thường ngày 28/11/2024",https://cafef.vn/du-lieu/EIB-2089655/eib-nghi-quyet-hdqt-ve-viec-bo-sung-cap-nhat-chuong-trinh-tai-lieu-hop-dhdcd-bat-thuong-ngay-28112024.chn,cafef
2024-11-06,EIB: Thông báo công văn của NHNN về việc chấp thuận cho EIB thay đổi địa điểm Phòng giao dịch Phú Xuân,Ngân hàng Thương mại Cổ phần Xuất Nhập khẩu Việt Nam thông báo công văn của NHNN về việc chấp thuận cho EIB thay đổi địa điểm Phòng giao dịch Phú Xuân,https://cafef.vn/du-lieu/EIB-2080546/eib-thong-bao-cong-van-cua-nhnn-ve-viec-chap-thuan-cho-eib-thay-doi-dia-diem-phong-giao-dich-phu-xuan.chn,cafef
2024-11-06,EIB: Nghị quyết HĐQT thông qua phương án phát hành trái phiếu riêng lẻ năm 2024 lần 2,Ngân hàng Thương mại Cổ phần Xuất Nhập khẩu Việt Nam thông báo Nghị quyết HĐQT về việc thông qua phương án phát hành trái phiếu riêng lẻ năm 2024 lần 2,https://cafef.vn/du-lieu/EIB-2080552/eib-nghi-quyet-hdqt-thong-qua-phuong-an-phat-hanh-trai-phieu-rieng-le-nam-2024-lan-2.chn,cafef
2024-11-06,"EIB: Nghị quyết HĐQT về việc bổ sung, cập nhật chương trình, tài liệu họp ĐHĐCĐ bất thường năm 2024","Ngân hàng Thương mại Cổ phần Xuất Nhập khẩu Việt Nam thông báo Nghị quyết HĐQT về việc bổ sung, cập nhật chương trình, tài liệu họp ĐHĐCĐ bất thường năm 2024",https://cafef.vn/du-lieu/EIB-2080556/eib-nghi-quyet-hdqt-ve-viec-bo-sung-cap-nhat-chuong-trinh-tai-lieu-hop-dhdcd-bat-thuong-nam-2024.chn,cafef
2024-11-05,EIB: Tài liệu họp ĐHĐCĐ bất thường ngày 28/11/2024,Ngân hàng Thương mại Cổ phần Xuất Nhập khẩu Việt Nam thông báo tài liệu họp ĐHĐCĐ bất thường ngày 28/11/2024,https://cafef.vn/du-lieu/EIB-2079918/eib-tai-lieu-hop-dhdcd-bat-thuong-ngay-28112024.chn,cafef
2024-11-04,EIB: Nghị quyết HĐQT v/v cấp hạn mức thẻ tín dụng cho Phó Tổng Giám đốc Eximbank,Ngân hàng Thương mại Cổ phần Xuất Nhập khẩu Việt Nam thông báo Nghị quyết HĐQT về việc cấp hạn mức thẻ tín dụng cho Phó Tổng Giám đốc Eximbank,https://cafef.vn/du-lieu/EIB-2079514/eib-nghi-quyet-hdqt-vv-cap-han-muc-the-tin-dung-cho-pho-tong-giam-doc-eximbank.chn,cafef
2024-10-30,EIB: Thông báo mời họp ĐHĐCĐ bất thường ngày 28 tháng 11 năm 2024,Ngân hàng Thương mại Cổ phần Xuất Nhập khẩu Việt Nam thông báo mời họp ĐHĐCĐ bất thường ngày 28 tháng 11 năm 2024,https://cafef.vn/du-lieu/EIB-2076997/eib-thong-bao-moi-hop-dhdcd-bat-thuong-ngay-28-thang-11-nam-2024.chn,cafef
2024-10-25,EIB: Giải trình chênh lệch lợi nhuận sau thuế quý 3/2024 so với quý 3/2023,Ngân hàng Thương mại Cổ phần Xuất Nhập khẩu Việt Nam thông báo giải trình chênh lệch lợi nhuận sau thuế quý 3/2024 so với quý 3/2023,https://cafef.vn/du-lieu/EIB-2074918/eib-giai-trinh-chenh-lech-loi-nhuan-sau-thue-quy-32024-so-voi-quy-32023.chn,cafef
2024-10-17,EIB: Nghị quyết HĐQT thông qua phương án phát hành trái phiếu riêng lẻ năm 2024 lần 1,Ngân hàng Thương mại Cổ phần Xuất Nhập khẩu Việt Nam thông báo Nghị quyết HĐQT về việc thông qua phương án phát hành trái phiếu riêng lẻ năm 2024 lần 1,https://cafef.vn/du-lieu/EIB-2070802/eib-nghi-quyet-hdqt-thong-qua-phuong-an-phat-hanh-trai-phieu-rieng-le-nam-2024-lan-1.chn,cafef
2024-10-10,"EIB: 28.10.2024, ngày GDKHQ tổ chức ĐHĐCĐ bất thường năm 2024",Sở Giao dịch Chứng khoán Thành phố Hồ Chí Minh thông báo ngày ĐKCC tổ chức ĐHĐCĐ bất thường năm 2024 của Ngân hàng Thương mại Cổ phần Xuất Nhập khẩu Việt Na,https://cafef.vn/du-lieu/EIB-2066727/eib-28102024-ngay-gdkhq-to-chuc-dhdcd-bat-thuong-nam-2024.chn,cafef
2024-10-08,EIB: Nghị quyết HĐQT về việc triệu tập ĐHĐCĐ bất thường năm 2024,Ngân hàng Thương mại Cổ phần Xuất Nhập khẩu Việt Nam thông báo Nghị quyết HĐQT về việc triệu tập ĐHĐCĐ bất thường năm 2024,https://cafef.vn/du-lieu/EIB-2065783/eib-nghi-quyet-hdqt-ve-viec-trieu-tap-dhdcd-bat-thuong-nam-2024.chn,cafef
2024-10-03,EIB: Thông báo công văn của UBCKNN về tài liệu báo cáo phát hành cổ phiếu để trả cổ tức của EIB,Ngân hàng Thương mại Cổ phần Xuất Nhập khẩu Việt Nam thông báo công văn của UBCKNN về tài liệu báo cáo phát hành cổ phiếu để trả cổ tức của EIB,https://cafef.vn/du-lieu/EIB-2063821/eib-thong-bao-cong-van-cua-ubcknn-ve-tai-lieu-bao-cao-phat-hanh-co-phieu-de-tra-co-tuc-cua-eib.chn,cafef
2024-09-16,EIB: Thông báo nhận được bản án Phúc thẩm của Tòa án Nhân dân cấp cao tại Hà Nội và giải trình,Ngân hàng Thương mại Cổ phần Xuất Nhập khẩu Việt Nam thông báo nhận được bản án Phúc thẩm của Tòa án Nhân dân cấp cao tại Hà Nội,https://cafef.vn/du-lieu/EIB-2055626/eib-thong-bao-nhan-duoc-ban-an-phuc-tham-cua-toa-an-nhan-dan-cap-cao-tai-ha-noi-va-giai-trinh.chn,cafef
2024-09-10,EIB: Nghị quyết HĐQT về việc thay đổi tên và địa điểm hoạt động của Phòng GD Bảy Hiền,Ngân hàng Thương mại Cổ phần Xuất Nhập khẩu Việt Nam thông báo Nghị quyết HĐQT về việc thay đổi tên và địa điểm hoạt động của Phòng GD Bảy Hiền,https://cafef.vn/du-lieu/EIB-2051680/eib-nghi-quyet-hdqt-ve-viec-thay-doi-ten-va-dia-diem-hoat-dong-cua-phong-gd-bay-hien.chn,cafef
2024-09-05,EIB: Nghị quyết HĐQT thông qua ngày ĐKCC để chốt danh sách cổ đông và thời điểm chi trả cổ tức năm 2023,Công ty Cổ phần Phân bón Dầu khí Cà Mau công bố Nghị quyết HĐQT về việc thông qua ngày đăng ký cuối cùng để chốt danh sách cổ đông và thời điểm chi trả cổ tức năm 2023,https://cafef.vn/du-lieu/EIB-2050281/eib-nghi-quyet-hdqt-thong-qua-ngay-dkcc-de-chot-danh-sach-co-dong-va-thoi-diem-chi-tra-co-tuc-nam-2023.chn,cafef
2024-09-05,EIB: Thông báo phát hành cổ phiếu để trả cổ tức,Ngân hàng Thương mại Cổ phần Xuất Nhập khẩu Việt Nam thông báo phát hành cổ phiếu để trả cổ tức,https://cafef.vn/du-lieu/EIB-2050473/eib-thong-bao-phat-hanh-co-phieu-de-tra-co-tuc.chn,cafef
2024-08-30,EIB: Thông báo công văn của UBCKNN về tài liệu báo cáo phát hành cổ phiếu để trả cổ tức của EIB,Ngân hàng Thương mại Cổ phần Xuất Nhập khẩu Việt Nam thông báo công văn của UBCKNN về tài liệu báo cáo phát hành cổ phiếu để trả cổ tức của EIB,https://cafef.vn/du-lieu/EIB-2048402/eib-thong-bao-cong-van-cua-ubcknn-ve-tai-lieu-bao-cao-phat-hanh-co-phieu-de-tra-co-tuc-cua-eib.chn,cafef
2024-08-22,EIB: Đính chính thuyết minh BCTC 2023 kiểm toán,Ngân hàng Thương mại Cổ phần Xuất Nhập khẩu Việt Nam thông báo đính chính thuyết minh BCTC 2023 kiểm toán,https://cafef.vn/du-lieu/EIB-2043242/eib-dinh-chinh-thuyet-minh-bctc-2023-kiem-toan.chn,cafef
2024-08-09,EIB: Nghị quyết HĐQT về việc thay đổi địa điểm chi nhánh TP.HCM,Ngân hàng Thương mại Cổ phần Xuất Nhập khẩu Việt Nam công bố Nghị quyết HĐQT về việc thay đổi địa điểm chi nhánh TP.HCM,https://cafef.vn/du-lieu/EIB-2037498/eib-nghi-quyet-hdqt-ve-viec-thay-doi-dia-diem-chi-nhanh-tphcm.chn,cafef
2024-08-06,EIB: Nghị quyết HĐQT về việc thay đổi địa điểm phòng giao dịch Phú Xuân,Ngân hàng Thương mại Cổ phần Xuất Nhập khẩu Việt Nam thông báo Nghị quyết HĐQT về việc thay đổi địa điểm phòng giao dịch Phú Xuân,https://cafef.vn/du-lieu/EIB-2035094/eib-nghi-quyet-hdqt-ve-viec-thay-doi-dia-diem-phong-giao-dich-phu-xuan.chn,cafef
2024-07-30,EIB: Giải trình chênh lệch lợi nhuận sau thuế quý 2/2024 so với quý 2/2023,Ngân hàng Thương mại Cổ phần Xuất Nhập khẩu Việt Nam công bố giải trình chênh lệch lợi nhuận sau thuế quý 2/2024 so với quý 2/2023,https://cafef.vn/du-lieu/EIB-2030890/eib-giai-trinh-chenh-lech-loi-nhuan-sau-thue-quy-22024-so-voi-quy-22023.chn,cafef
2024-07-26,EIB: Nghị quyết HĐQT về việc thay đổi tên gọi Phòng GD 30/04 trực thuộc CN Bà Rịa-Vũng Tàu,Ngân hàng Thương mại Cổ phần Xuất Nhập khẩu Việt Nam thông báo Nghị quyết HĐQT về việc thay đổi tên gọi Phòng GD 30/04 trực thuộc CN Bà Rịa-Vũng Tàu,https://cafef.vn/du-lieu/EIB-2030107/eib-nghi-quyet-hdqt-ve-viec-thay-doi-ten-goi-phong-gd-3004-truc-thuoc-cn-ba-riavung-tau.chn,cafef
2024-07-24,EIB: Báo cáo tình hình quản trị công ty 6 tháng đầu năm 2024,Ngân hàng Thương mại Cổ phần Xuất Nhập khẩu Việt Nam công bố Báo cáo tình hình quản trị công ty 6 tháng đầu năm 2024,https://cafef.vn/du-lieu/EIB-2028461/eib-bao-cao-tinh-hinh-quan-tri-cong-ty-6-thang-dau-nam-2024.chn,cafef
2024-07-02,EIB: Công văn của NHNN chấp thuận việc tăng vốn điều lệ,Ngân hàng Thương mại Cổ phần Xuất Nhập khẩu Việt Nam công bố công văn của NHNN chấp thuận việc tăng vốn điều lệ,https://cafef.vn/du-lieu/EIB-2017198/eib-cong-van-cua-nhnn-chap-thuan-viec-tang-von-dieu-le.chn,cafef
2024-06-18,EIB: Nghị quyết HĐQT về việc thay đổi địa điểm hoạt động PGD Thốt Nốt - CN Tây Đô,Ngân hàng Thương mại Cổ phần Xuất Nhập khẩu Việt Nam thông báo Nghị quyết HĐQT về việc thay đổi địa điểm hoạt động PGD Thốt Nốt - CN Tây Đô,https://cafef.vn/du-lieu/EIB-2009907/eib-nghi-quyet-hdqt-ve-viec-thay-doi-dia-diem-hoat-dong-pgd-thot-not-cn-tay-do.chn,cafef
2024-06-17,EIB: Thông báo công văn của NHNN về việc chấp thuận cho EIB thay đổi địa điểm Phòng GD Bắc Từ Liêm,Ngân hàng Thương mại Cổ phần Xuất Nhập khẩu Việt Nam thông báo công văn của NHNN về việc chấp thuận cho EIB thay đổi địa điểm Phòng GD Bắc Từ Liêm,https://cafef.vn/du-lieu/EIB-2009195/eib-thong-bao-cong-van-cua-nhnn-ve-viec-chap-thuan-cho-eib-thay-doi-dia-diem-phong-gd-bac-tu-liem.chn,cafef
2024-06-17,EIB: Thông báo công văn của NHNN về việc chấp thuận cho EIB thay đổi địa điểm Phòng GD Long Xuyến,Ngân hàng Thương mại Cổ phần Xuất Nhập khẩu Việt Nam thông báo công văn của NHNN về việc chấp thuận cho EIB thay đổi địa điểm Phòng GD Long Xuyến,https://cafef.vn/du-lieu/EIB-2009203/eib-thong-bao-cong-van-cua-nhnn-ve-viec-chap-thuan-cho-eib-thay-doi-dia-diem-phong-gd-long-xuyen.chn,cafef
2024-05-31,EIB: Thông báo ký kết hợp đồng kiểm toán BCTC 2024,Ngân hàng Thương mại Cổ phần Xuất Nhập khẩu Việt Nam thông báo ký kết hợp đồng kiểm toán BCTC 2024,https://cafef.vn/du-lieu/EIB-2001184/eib-thong-bao-ky-ket-hop-dong-kiem-toan-bctc-2024.chn,cafef
2024-05-30,EIB: Nghị quyết HĐQT thông qua phương án phát hành cổ phiếu để trả cổ tức và cổ tức bằng tiền mặt,Ngân hàng Thương mại Cổ phần Xuất Nhập khẩu Việt Nam thông báo Nghị quyết HĐQT thông qua phương án phát hành cổ phiếu để trả cổ tức và cổ tức bằng tiền mặt,https://cafef.vn/du-lieu/EIB-2000039/eib-nghi-quyet-hdqt-thong-qua-phuong-an-phat-hanh-co-phieu-de-tra-co-tuc-va-co-tuc-bang-tien-mat.chn,cafef
2024-05-28,EIB: CBTT nhận được công văn của NHNN chấp thuận thay đổi địa điểm Chi nhánh Tây Đô,Ngân hàng Thương mại Cổ phần Xuất Nhập khẩu Việt Nam thông báo nhận được công văn của NHNN chấp thuận thay đổi địa điểm CN Tây Đô,https://cafef.vn/du-lieu/EIB-1999068/eib-cbtt-nhan-duoc-cong-van-cua-nhnn-chap-thuan-thay-doi-dia-diem-chi-nhanh-tay-do.chn,cafef
2024-05-21,EIB: Công văn của NHNN về việc chấp thuận cho EIB thay đổi địa điểm Phòng Giao dịch Bà Triệu,Ngân hàng Thương mại Cổ phần Xuất Nhập khẩu Việt Nam thông báo công văn của NHNN về việc chấp thuận cho EIB thay đổi địa điểm Phòng GD Bà Triệu,https://cafef.vn/du-lieu/EIB-1995055/eib-cong-van-cua-nhnn-ve-viec-chap-thuan-cho-eib-thay-doi-dia-diem-phong-giao-dich-ba-trieu.chn,cafef
2024-05-13,EIB: Thông báo thay đổi người đại diện theo pháp luật,Ngân hàng Thương mại Cổ phần Xuất Nhập khẩu Việt Nam thông báo thay đổi người đại diện theo pháp luật,https://cafef.vn/du-lieu/EIB-1991525/eib-thong-bao-thay-doi-nguoi-dai-dien-theo-phap-luat.chn,cafef
2024-05-13,EIB: Giấy chứng nhận đăng ký doanh nghiệp thay đổi lần thứ 32,Ngân hàng Thương mại Cổ phần Xuất Nhập khẩu Việt Nam thông báo Giấy chứng nhận đăng ký doanh nghiệp thay đổi lần thứ 32,https://cafef.vn/du-lieu/EIB-1991527/eib-giay-chung-nhan-dang-ky-doanh-nghiep-thay-doi-lan-thu-32.chn,cafef
2024-05-13,EIB: Quy chế tổ chức ĐHĐCĐ trực tuyến và bỏ phiếu điện tử,Ngân hàng Thương mại Cổ phần Xuất Nhập khẩu Việt Nam thông báo Quy chế tổ chức ĐHĐCĐ trực tuyến và bỏ phiếu điện tử,https://cafef.vn/du-lieu/EIB-1991529/eib-quy-che-to-chuc-dhdcd-truc-tuyen-va-bo-phieu-dien-tu.chn,cafef
2024-05-13,EIB: Điều lệ công ty sửa đổi bổ sung 2024,Ngân hàng Thương mại Cổ phần Xuất Nhập khẩu Việt Nam thông báo Điều lệ công ty sửa đổi bổ sung,https://cafef.vn/du-lieu/EIB-1991532/eib-dieu-le-cong-ty-sua-doi-bo-sung-2024.chn,cafef
2024-04-26,"CEO Eximbank nói ""rút kinh nghiệm sâu sắc"" vụ chủ thẻ tín dụng nợ hơn 8,8 tỉ đồng","(NLĐO) – Eximbank tiếp tục đặt mục tiêu lãi tăng đột biến trong năm nay, bất chấp kết quả lợi nhuận kém lạc quan của năm ngoái.",https://cafef.vn/ceo-eximbank-noi-rut-kinh-nghiem-sau-sac-vu-chu-the-tin-dung-no-hon-88-ti-dong-18824042618595099.chn,cafef
2024-04-26,EIB: Biên bản họp và Nghị quyết ĐHĐCĐ thường niên năm 2024,Ngân hàng Thương mại Cổ phần Xuất Nhập khẩu Việt Nam thông báo Biên bản họp và Nghị quyết ĐHĐCĐ thường niên năm 202,https://cafef.vn/du-lieu/EIB-1986051/eib-bien-ban-hop-va-nghi-quyet-dhdcd-thuong-nien-nam-2024.chn,cafef
2024-04-26,EIB: Giải trình chênh lệch KQKD Q1/2024 so với cùng kỳ năm trước,Ngân hàng Thương mại Cổ phần Xuất Nhập khẩu Việt Nam giải trình chênh lệch KQKD trên Q1/2024 so với cùng kỳ năm trước,https://cafef.vn/du-lieu/EIB-2010272/eib-giai-trinh-chenh-lech-kqkd-q12024-so-voi-cung-ky-nam-truoc.chn,cafef
2024-04-25,EIB: Thông báo danh sách dự kiến nhân sự bầu bổ sung vào HĐQT,Ngân hàng Thương mại Cổ phần Xuất Nhập khẩu Việt Nam thông báo danh sách dự kiến nhân sự bầu bổ sung vào HĐQT,https://cafef.vn/du-lieu/EIB-1983131/eib-thong-bao-danh-sach-du-kien-nhan-su-bau-bo-sung-vao-hdqt.chn,cafef
2024-04-05,EIB: Chương trình và tài liệu họp ĐHĐCĐ thường niên năm 2024,Ngân hàng Thương mại Cổ phần Xuất Nhập khẩu Việt Nam thông Đèo Cả thông báo chương trình và tài liệu họp ĐHĐCĐ thường niên năm 2024,https://cafef.vn/du-lieu/EIB-1971690/eib-chuong-trinh-va-tai-lieu-hop-dhdcd-thuong-nien-nam-2024.chn,cafef
2024-03-29,EIB: Nghị quyết HĐQT về việc thuê mới di dời địa điểm Trụ Sở Phòng GD Bắc Từ Liêm,Ngân hàng Thương mại Cổ phần Xuất Nhập khẩu Việt Nam thông báo Nghị quyết HĐQT về việc thuê mới di dời địa điểm Trụ Sở Phòng GD Bắc Từ Liêm,https://cafef.vn/du-lieu/EIB-1969679/eib-nghi-quyet-hdqt-ve-viec-thue-moi-di-doi-dia-diem-tru-so-phong-gd-bac-tu-liem.chn,cafef
2024-03-28,EIB: Giải trình chênh lệch lợi nhuận sau thuế năm 2023 kiểm toán so với năm 2022,Ngân hàng Thương mại Cổ phần Xuất Nhập khẩu Việt Nam thông báo giải trình chênh lệch lợi nhuận sau thuế năm 2023 kiểm toán so với năm 2022,https://cafef.vn/du-lieu/EIB-1969368/eib-giai-trinh-chenh-lech-loi-nhuan-sau-thue-nam-2023-kiem-toan-so-voi-nam-2022.chn,cafef
2024-03-28,EIB: Nghị quyết HĐQT về việc thay đổi tên gọi các Phòng GD trực thuộc chi nhánh Nam Sài Gòn,Ngân hàng Thương mại Cổ phần Xuất Nhập khẩu Việt Nam thông báo Nghị quyết HĐQT về việc thay đổi tên gọi cácPhòng GD trực thuộc chi nhánh Nam Sài Gòn,https://cafef.vn/du-lieu/EIB-1969389/eib-nghi-quyet-hdqt-ve-viec-thay-doi-ten-goi-cac-phong-gd-truc-thuoc-chi-nhanh-nam-sai-gon.chn,cafef
2024-03-25,EIB: Công văn của NHNN về việc chấp thuận cho EIB thay đổi địa điểm Phòng GD Lê Văn Sỹ,Ngân hàng Thương mại Cổ phần Xuất Nhập khẩu Việt Nam thông báo công văn của NHNN về việc chấp thuận cho EIB thay đổi địa điểm Phòng GD Lê Văn Sỹ,https://cafef.vn/du-lieu/EIB-1965228/eib-cong-van-cua-nhnn-ve-viec-chap-thuan-cho-eib-thay-doi-dia-diem-phong-gd-le-van-sy.chn,cafef
2024-03-15,EIB: Thông báo mời họp ĐHĐCĐ thường niên năm 2024,Ngân hàng Thương mại Cổ phần Xuất Nhập khẩu Việt Nam thông báo mời họp ĐHĐCĐ thường niên năm 2024,https://cafef.vn/du-lieu/EIB-1960374/eib-thong-bao-moi-hop-dhdcd-thuong-nien-nam-2024.chn,cafef
2024-03-14,EIB: Đính chính Báo cáo tình hình quản trị công ty năm 2023,Ngân hàng Thương mại Cổ phần Xuất Nhập khẩu Việt Nam thông báo đính chính Báo cáo tình hình quản trị công ty năm 2023,https://cafef.vn/du-lieu/EIB-1960132/eib-dinh-chinh-bao-cao-tinh-hinh-quan-tri-cong-ty-nam-2023.chn,cafef
2024-02-27,EIB: Nghị quyết HĐQT về việc thay đổi tên gọi Chi nhánh Q7,Ngân hàng Thương mại Cổ phần Xuất Nhập khẩu Việt Nam thông báo Nghị quyết HĐQT về việc thay đổi tên gọi Chi nhánh Q7,https://cafef.vn/du-lieu/EIB-1951182/eib-nghi-quyet-hdqt-ve-viec-thay-doi-ten-goi-chi-nhanh-q7.chn,cafef
2024-02-22,"EIB: 13.3.2024, ngày GDKHQ tổ chức ĐHĐCĐ thường niên năm 2024",Sở Giao dịch Chứng khoán TP.HCM thông báo về ngày đăng ký cuối cùng tổ chức ĐHĐCĐ thường niên năm 2024 của Ngân hàng Thương mại Cổ phần Xuất Nhập khẩu Việt Nam (mã CK: EIB),https://cafef.vn/du-lieu/EIB-1948145/eib-1332024-ngay-gdkhq-to-chuc-dhdcd-thuong-nien-nam-2024.chn,cafef
2024-02-19,EIB: Nghị quyết HĐQT thông qua kế hoạch tổ chức ĐHĐCĐ thường niên 2024,Ngân hàng Thương mại Cổ phần Xuất Nhập khẩu Việt Nam thông báo Nghị quyết HĐQT thông qua kế hoạch tổ chức ĐHĐCĐ thường niên 2024,https://cafef.vn/du-lieu/EIB-1946756/eib-nghi-quyet-hdqt-thong-qua-ke-hoach-to-chuc-dhdcd-thuong-nien-2024.chn,cafef
2024-02-06,EIB: Nghị quyết HĐQT về việc thay đổi địa điểm chi nhánh Tây Đô,Ngân hàng Thương mại Cổ phần Xuất Nhập khẩu Việt Nam thông báo Nghị quyết HĐQT về việc thay đổi địa điểm chi nhánh Tây Đô,https://cafef.vn/du-lieu/EIB-1942047/eib-nghi-quyet-hdqt-ve-viec-thay-doi-dia-diem-chi-nhanh-tay-do.chn,cafef
2024-02-05,EIB: Thông báo ngày ĐKCC để thực hiện quyền đề cử nhân sự dự kiến bầu vào HĐQT,Sở Giao dịch Chứng khoán TP.HCM thông báo ngày ĐKCC để thực hiện quyền đề cử nhân sự dự kiến bầu vào HĐQT của  Ngân hàng Thương mại Cổ phần Xuất Nhập khẩu Việt Nam (mã CK:EIB),https://cafef.vn/du-lieu/EIB-1944522/eib-thong-bao-ngay-dkcc-de-thuc-hien-quyen-de-cu-nhan-su-du-kien-bau-vao-hdqt.chn,cafef
2024-02-01,EIB: Nghị quyết HĐQT thông qua kế hoạch đề cử nhân sự dự kiến bầu bổ sung vào HĐQT,Ngân hàng Thương mại Cổ phần Xuất Nhập khẩu Việt Nam thông báo Nghị quyết HĐQT về việc thông qua kế hoạch đề cử nhân sự dự kiến bầu bổ sung vào HĐQT,https://cafef.vn/du-lieu/EIB-1941120/eib-nghi-quyet-hdqt-thong-qua-ke-hoach-de-cu-nhan-su-du-kien-bau-bo-sung-vao-hdqt.chn,cafef
2024-01-30,EIB: Báo cáo tình hình quản trị công ty năm 2023,Ngân hàng Thương mại Cổ phần Xuất Nhập khẩu Việt Nam công bố Báo cáo tình hình quản trị công ty năm 2023,https://cafef.vn/du-lieu/EIB-1941750/eib-bao-cao-tinh-hinh-quan-tri-cong-ty-nam-2023.chn,cafef
2024-01-30,EIB: Giải trình chênh lệch LNST Q4/2023 so với cùng kỳ năm trước,Ngân hàng Thương mại Cổ phần Xuất Nhập khẩu Việt Nam giải trình chênh lệch LNST Q4/2023 so với cùng kỳ năm trước,https://cafef.vn/du-lieu/EIB-1945318/eib-giai-trinh-chenh-lech-lnst-q42023-so-voi-cung-ky-nam-truoc.chn,cafef
2024-01-25,EIB: Công văn của NHNN chấp thuận thay đổi địa điểm PGD Tân Uyên - CN Bình Dương,Ngân hàng Thương mại Cổ phần Xuất Nhập khẩu Việt Nam thông báo nhận được công văn của NHNN chấp thuận thay đổi địa điểm PGD Tân Uyên - CN Bình Dương,https://cafef.vn/du-lieu/EIB-1936124/eib-cong-van-cua-nhnn-chap-thuan-thay-doi-dia-diem-pgd-tan-uyen-cn-binh-duong.chn,cafef
2024-01-24,EIB: Nghị quyết HĐQT về việc thay đổi tên PGD Nhật Tảo,Ngân hàng Thương mại Cổ phần Xuất Nhập khẩu Việt Nam thông báo Nghị quyết HĐQT về việc thay đổi tên PGD Nhật Tảo,https://cafef.vn/du-lieu/EIB-1935649/eib-nghi-quyet-hdqt-ve-viec-thay-doi-ten-pgd-nhat-tao.chn,cafef
2024-01-22,EIB: Nghị quyết HĐQT thông qua KHKD năm 2024 để trình ĐHĐCĐ,Ngân hàng Thương mại Cổ phần Xuất Nhập khẩu Việt Nam thông báo Nghị quyết HĐQT thông qua KHKD năm 2024 để trình ĐHĐCĐ,https://cafef.vn/du-lieu/EIB-1934453/eib-nghi-quyet-hdqt-thong-qua-khkd-nam-2024-de-trinh-dhdcd.chn,cafef
2024-01-03,EIB: CBTT giao dịch bán cổ phiếu quỹ,Ngân hàng Thương mại Cổ phần Xuất Nhập khẩu Việt Nam thông báo giao dịch bán cổ phiếu quỹ,https://cafef.vn/du-lieu/EIB-1924785/eib-cbtt-giao-dich-ban-co-phieu-quy.chn,cafef
2023-12-29,EIB: Công văn của UBCKNN về việc nhận được đầy đủ tài liệu báo cáo kết quả giao dịch bán cổ phiếu của EIB,Ngân hàng Thương mại Cổ phần Xuất Nhập khẩu Việt Nam thông báo công văn của UBCKNN về việc nhận được đầy đủ tài liệu báo cáo kết quả giao dịch bán cổ phiếu của EIB,https://cafef.vn/du-lieu/EIB-1922868/eib-cong-van-cua-ubcknn-ve-viec-nhan-duoc-day-du-tai-lieu-bao-cao-ket-qua-giao-dich-ban-co-phieu-cua-eib.chn,cafef
2023-12-25,SEA: Eximbank chấm dứt phong tỏa tài khoản,SEA: Eximbank chấm dứt phong tỏa tài khoản,https://cafef.vn/du-lieu/EIB-1919604/sea-eximbank-cham-dut-phong-toa-tai-khoan.chn,cafef
2023-12-25,SEA: Eximbank Thuận An khấu trừ tiền trong tài khoản tiền gửi để thi hành án,SEA: Eximbank Thuận An khấu trừ tiền trong tài khoản tiền gửi để thi hành án,https://cafef.vn/du-lieu/EIB-1925377/sea-eximbank-thuan-an-khau-tru-tien-trong-tai-khoan-tien-gui-de-thi-hanh-an.chn,cafef
2023-12-21,EIB: Biên bản kiểm phiếu lấy ý kiến cổ đông bằng văn bản và Nghị quyết ĐHĐCĐ cơ cấu hoạt động gắn với xử lý nợ xấu,Ngân hàng Thương mại Cổ phần Xuất Nhập khẩu Việt Nam thông báo Biên bản kiểm phiếu lấy ý kiến cổ đông bằng văn bản và Nghị quyết ĐHĐCĐ cơ cấu hoạt động gắn với xử lý nợ xấu,https://cafef.vn/du-lieu/EIB-1917933/eib-bien-ban-kiem-phieu-lay-y-kien-co-dong-bang-van-ban-va-nghi-quyet-dhdcd-co-cau-hoat-dong-gan-voi-xu-ly-no-xau.chn,cafef
2023-12-21,SEA: Eximbank Thuận An khấu trừ tiền trong tài khoản tiền gửi để thi hành án,SEA: Eximbank khấu trừ tiền trong tài khoản tiền gửi để thi hành án,https://cafef.vn/du-lieu/EIB-1925380/sea-eximbank-thuan-an-khau-tru-tien-trong-tai-khoan-tien-gui-de-thi-hanh-an.chn,cafef
2023-12-20,"EIB: Nghị quyết HĐQT v/v di dời địa điểm phòng Giao dịch Lê Văn Sỹ, thay đổi địa điểm hoạt động của VPĐD Hà Nội và PGD Bà Triệu","Ngân hàng Thương mại Cổ phần Xuất Nhập khẩu Việt Nam thông báo Nghị quyết HĐQT về việc di dời địa điểm phòng GD Lê Văn Sỹ, thay đổi địa điểm hoạt động của VPĐD Hà Nội và PGD Bà Triệu",https://cafef.vn/du-lieu/EIB-1917856/eib-nghi-quyet-hdqt-vv-di-doi-dia-diem-phong-giao-dich-le-van-sy-thay-doi-dia-diem-hoat-dong-cua-vpdd-ha-noi-va-pgd-ba-trieu.chn,cafef
2023-12-13,EIB: Nghị quyết HĐQT thông qua thay đổi địa điểm PGD Long Xuyên,Ngân hàng Thương mại Cổ phần Xuất Nhập khẩu Việt Nam thông báo Nghị quyết HĐQT thông qua thay đổi địa điểm PGD Long Xuyên,https://cafef.vn/du-lieu/EIB-1913819/eib-nghi-quyet-hdqt-thong-qua-thay-doi-dia-diem-pgd-long-xuyen.chn,cafef
2023-12-12,EIB: Nghị quyết HĐQT triển khai phương án bán cổ phiếu quỹ năm 2023,Ngân hàng Thương mại Cổ phần Xuất Nhập khẩu Việt Nam thông báo Nghị quyết HĐQT về việc triển khai phương án bán cổ phiếu quỹ năm 2023,https://cafef.vn/du-lieu/EIB-1913574/eib-nghi-quyet-hdqt-trien-khai-phuong-an-ban-co-phieu-quy-nam-2023.chn,cafef
2023-12-05,EIB: Công văn của NHNN về việc chấp thuận cho EIB thay đổi địa điểm Phòng GD Phan Văn Trị,Ngân hàng Thương mại Cổ phần Xuất Nhập khẩu Việt Nam thông báo công văn của NHNN về việc chấp thuận cho EIB thay đổi địa điểm Phòng GD Phan Văn Trị,https://cafef.vn/du-lieu/EIB-1910200/eib-cong-van-cua-nhnn-ve-viec-chap-thuan-cho-eib-thay-doi-dia-diem-phong-gd-phan-van-tri.chn,cafef
2023-11-16,EIB: Thông báo thay đổi địa điểm Chi nhánh Hải Phòng,Ngân hàng Thương mại Cổ phần Xuất Nhập khẩu Việt Nam thông báo thay đổi địa điểm CN Hải Phòng,https://cafef.vn/du-lieu/EIB-1886224/eib-thong-bao-thay-doi-dia-diem-chi-nhanh-hai-phong.chn,cafef
2023-11-09,EIB: Giấy chứng nhận đăng ký doanh nghiệp thay đổi lần thứ 31,Ngân hàng Thương mại Cổ phần Xuất Nhập khẩu Việt Nam thông báo Giấy chứng nhận đăng ký doanh nghiệp thay đổi lần thứ 31,https://cafef.vn/du-lieu/EIB-1882039/eib-giay-chung-nhan-dang-ky-doanh-nghiep-thay-doi-lan-thu-31.chn,cafef
2023-11-02,"EIB: 17.11.2023, ngày GDKHQ lấy ý kiến cổ đông bằng văn bản",Sở Giao dịch Chứng khoán Thành phố Hồ Chí Minh thông báo ngày ĐKCC lấy ý kiến cổ đông bằng văn bản của Ngân hàng Thương mại Cổ phần Xuất Nhập khẩu Việt Nam (mã CK: EIB),https://cafef.vn/du-lieu/EIB-1870642/eib-17112023-ngay-gdkhq-lay-y-kien-co-dong-bang-van-ban.chn,cafef
2023-10-31,EIB: Thông báo thay đổi địa điểm PGD Ô Môn - CN Tây Đô,Ngân hàng Thương mại Cổ phần Xuất Nhập khẩu Việt Nam thông báo thay đổi địa điểm PGD Ô Môn,https://cafef.vn/du-lieu/EIB-1870111/eib-thong-bao-thay-doi-dia-diem-pgd-o-mon-cn-tay-do.chn,cafef
2023-10-30,EIB: Điều lệ sửa đổi do tăng vốn điều lệ,Ngân hàng Thương mại Cổ phần Xuất Nhập khẩu Việt Nam thông báo Điều lệ sửa đổi do tăng vốn điều lệ,https://cafef.vn/du-lieu/EIB-1869010/eib-dieu-le-sua-doi-do-tang-von-dieu-le.chn,cafef
2023-10-30,EIB: Nghị quyết HĐQT v/v lấy ý kiến cổ đông bằng văn bản,Ngân hàng Thương mại Cổ phần Xuất Nhập khẩu Việt Nam thông báo Nghị quyết HĐQT số 416 ngày 30/10/2023,https://cafef.vn/du-lieu/EIB-1869817/eib-nghi-quyet-hdqt-vv-lay-y-kien-co-dong-bang-van-ban.chn,cafef
2023-10-30,EIB: BCTC riêng lẻ và hợp nhất Q3/2023 và giải trình biến động LNST Q3/2023 so với cùng kỳ năm trước,Ngân hàng Thương mại Cổ phần Xuất Nhập khẩu Việt Nam công bố Báo cáo tài chính riêng lẻ và hợp nhất Q3/2023 và giải trình biến động LNST Q3/2023 so với cùng kỳ năm trước,https://cafef.vn/du-lieu/EIB-1870018/eib-bctc-rieng-le-va-hop-nhat-q32023-va-giai-trinh-bien-dong-lnst-q32023-so-voi-cung-ky-nam-truoc.chn,cafef
2023-10-30,EIB: Giải trình chênh lệch lợi nhuận sau thuế quý 3/2023 so với quý 3/2022,Ngân hàng Thương mại Cổ phần Xuất Nhập khẩu Việt Nam thông báo giải trình chênh lệch lợi nhuận sau thuế quý 3/2023 so với quý 3/2022,https://cafef.vn/du-lieu/EIB-1872139/eib-giai-trinh-chenh-lech-loi-nhuan-sau-thue-quy-32023-so-voi-quy-32022.chn,cafef
2023-10-13,EIB: Nghị quyết HĐQT về việc hiệu đính địa chỉ trụ sở mới Phòng GD Ô Môn,Ngân hàng Thương mại Cổ phần Xuất Nhập khẩu Việt Nam thông báo Nghị quyết HĐQT về việc hiệu đính địa chỉ trụ sở mới Phòng GD Ô Môn,https://cafef.vn/du-lieu/EIB-1844224/eib-nghi-quyet-hdqt-ve-viec-hieu-dinh-dia-chi-tru-so-moi-phong-gd-o-mon.chn,cafef
2023-10-10,EIB: Thông báo công văn của NHNN về việc chấp thuận cho EIB thay đổi địa điểm Chi nhánh Cầu Giấy,Ngân hàng Thương mại Cổ phần Xuất Nhập khẩu Việt Nam thông báo công văn của NHNN về việc chấp thuận cho EIB thay đổi địa điểm Chi nhánh Cầu Giấy,https://cafef.vn/du-lieu/EIB-1840173/eib-thong-bao-cong-van-cua-nhnn-ve-viec-chap-thuan-cho-eib-thay-doi-dia-diem-chi-nhanh-cau-giay.chn,cafef
2023-10-10,EIB: Thông báo công văn của NHNN về việc chấp thuận cho EIB thay đổi địa điểm Phòng giao dịch Hoàng Quốc Việt,Ngân hàng Thương mại Cổ phần Xuất Nhập khẩu Việt Nam thông báo công văn của NHNN về việc chấp thuận cho EIB thay đổi địa điểm Phòng giao dịch Hoàng Quốc Việt,https://cafef.vn/du-lieu/EIB-1840436/eib-thong-bao-cong-van-cua-nhnn-ve-viec-chap-thuan-cho-eib-thay-doi-dia-diem-phong-giao-dich-hoang-quoc-viet.chn,cafef
2023-10-10,EIB: Công văn của UBCK về báo cáo kết quả phát hành cổ phiếu để trả cổ tức,Ngân hàng Thương mại Cổ phần Xuất Nhập khẩu Việt Nam thông báo nhận được công văn của UBCK về báo cáo kết quả phát hành cổ phiếu để trả cổ tức,https://cafef.vn/du-lieu/EIB-1840441/eib-cong-van-cua-ubck-ve-bao-cao-ket-qua-phat-hanh-co-phieu-de-tra-co-tuc.chn,cafef
2023-10-09,EIB: Giấy chứng nhận đăng ký doanh nghiệp thay đổi lần thứ 30,Ngân hàng Thương mại Cổ phần Xuất Nhập khẩu Việt Nam thông báo Giấy chứng nhận đăng ký doanh nghiệp thay đổi lần thứ 30,https://cafef.vn/du-lieu/EIB-1838557/eib-giay-chung-nhan-dang-ky-doanh-nghiep-thay-doi-lan-thu-30.chn,cafef
2023-10-04,EIB: Thông báo thay đổi địa điểm PGD Thuận Phước,Ngân hàng Thương mại Cổ phần Xuất Nhập khẩu Việt Nam thông báo thay đổi địa điểm PGD Thuận Phước,https://cafef.vn/du-lieu/EIB-1829286/eib-thong-bao-thay-doi-dia-diem-pgd-thuan-phuoc.chn,cafef
2023-09-25,EIB: Thông báo công văn của NHNN về việc chấp thuận cho EIB thay đổi địa điểm Chi nhánh Bình Định,Ngân hàng Thương mại Cổ phần Xuất Nhập khẩu Việt Nam thông báo công văn của NHNN về việc chấp thuận cho EIB thay đổi địa điểm Chi nhánh Bình Định như sau,https://cafef.vn/du-lieu/EIB-1818004/eib-thong-bao-cong-van-cua-nhnn-ve-viec-chap-thuan-cho-eib-thay-doi-dia-diem-chi-nhanh-binh-dinh.chn,cafef
2023-09-21,EIB: Công văn của NHNN về việc chấp thuận cho EIB thay đổi địa điểm Phòng giao dịch Hiệp Thành,Ngân hàng Thương mại Cổ phần Xuất Nhập khẩu Việt Nam thông báo công văn của NHNN về việc chấp thuận cho EIB thay đổi địa điểm Phòng giao dịch Hiệp Thành như sau,https://cafef.vn/du-lieu/EIB-1813360/eib-cong-van-cua-nhnn-ve-viec-chap-thuan-cho-eib-thay-doi-dia-diem-phong-giao-dich-hiep-thanh.chn,cafef
2023-09-20,EIB: Thay đổi địa điểm PGD Cửa Đông,Ngân hàng Thương mại Cổ phần Xuất Nhập khẩu Việt Nam thông báo thay đổi địa điểm PGD Cửa Đông như sau,https://cafef.vn/du-lieu/EIB-1811242/eib-thay-doi-dia-diem-pgd-cua-dong.chn,cafef
2023-09-19,EIB: Danh sách dự kiến nhân sự bầu bổ sung vào HĐQT được NHNN chấp thuận,Ngân hàng Thương mại Cổ phần Xuất Nhập khẩu Việt Nam thông báo danh sách dự kiến nhân sự bầu bổ sung vào HĐQT được NHNN chấp thuận như sau,https://cafef.vn/du-lieu/EIB-1808810/eib-danh-sach-du-kien-nhan-su-bau-bo-sung-vao-hdqt-duoc-nhnn-chap-thuan.chn,cafef
2023-09-19,EIB: Nghị quyết và Biên bản họp ĐHĐCĐ bất thường năm 2023,Ngân hàng Thương mại Cổ phần Xuất Nhập khẩu Việt Nam thông báo Nghị quyết và Biên bản họp ĐHĐCĐ bất thường năm 2023 như sau,https://cafef.vn/du-lieu/EIB-1808813/eib-nghi-quyet-va-bien-ban-hop-dhdcd-bat-thuong-nam-2023.chn,cafef
2023-09-12,EIB: Nghị quyết HĐQT v/v di dời về địa điểm mới và thay đổi tên Phòng GD Đa Kao,Ngân hàng Thương mại Cổ phần Xuất Nhập khẩu Việt Nam thông báo Nghị quyết HĐQT về việc di dời về địa điểm mới và thay đổi tên Phòng GD Đa Kao như sau,https://cafef.vn/du-lieu/EIB-1800429/eib-nghi-quyet-hdqt-vv-di-doi-ve-dia-diem-moi-va-thay-doi-ten-phong-gd-da-kao.chn,cafef
2023-09-08,EIB: Nghị quyết HĐQT v/v thông qua ngày ĐKCC để thực hiện quyền nhận cổ tức đợt bằng cổ phiếu,Ngân hàng Thương mại Cổ phần Xuất Nhập khẩu Việt Nam thông báo Nghị quyết HĐQT về việc thông qua ngày ĐKCC để thực hiện quyền nhận cổ tức đợt bằng cổ phiếu như sau,https://cafef.vn/du-lieu/EIB-1794912/eib-nghi-quyet-hdqt-vv-thong-qua-ngay-dkcc-de-thuc-hien-quyen-nhan-co-tuc-dot-bang-co-phieu.chn,cafef
2023-09-08,EIB: Phát hành cổ phiếu để trả cổ tức,Ngân hàng Thương mại Cổ phần Xuất Nhập khẩu Việt Nam thông báo phát hành cổ phiếu để trả cổ tức như sau,https://cafef.vn/du-lieu/EIB-1795790/eib-phat-hanh-co-phieu-de-tra-co-tuc.chn,cafef
2023-09-07,EIB: Công văn của UBCKNN về tài liệu báo cáo phát hành cổ phiếu để trả cổ tức của EIB,Ngân hàng Thương mại Cổ phần Xuất Nhập khẩu Việt Nam thông báo công văn của UBCKNN về tài liệu báo cáo phát hành cổ phiếu để trả cổ tức của EIB như sau,https://cafef.vn/du-lieu/EIB-1794228/eib-cong-van-cua-ubcknn-ve-tai-lieu-bao-cao-phat-hanh-co-phieu-de-tra-co-tuc-cua-eib.chn,cafef
2023-08-30,EIB: Nghị quyết HĐQT v/v thay đổi địa điểm hoạt động của Eximbank Thốt Nốt,Ngân hàng Thương mại Cổ phần Xuất Nhập khẩu Việt Nam thông báo Nghị quyết HĐQT về việc thay đổi địa điểm hoạt động của Eximbank Thốt Nốt như sau,https://cafef.vn/du-lieu/EIB-1785932/eib-nghi-quyet-hdqt-vv-thay-doi-dia-diem-hoat-dong-cua-eximbank-thot-not.chn,cafef
2023-08-29,EIB: Giải trình chênh lệch lợi nhuận sau thuế 6 tháng đầu năm 2023 so với 6 tháng đầu năm 2022,Ngân hàng Thương mại Cổ phần Xuất Nhập khẩu Việt Nam thông báo giải trình chênh lệch lợi nhuận sau thuế 6 tháng đầu năm 2023 so với 6 tháng đầu năm 2022 như sau,https://cafef.vn/du-lieu/EIB-1783147/eib-giai-trinh-chenh-lech-loi-nhuan-sau-thue-6-thang-dau-nam-2023-so-voi-6-thang-dau-nam-2022.chn,cafef
2023-08-21,EIB: Công văn của NHNN v/v chấp thuận cho EIB tăng vốn điều lệ,Ngân hàng Thương mại Cổ phần Xuất Nhập khẩu Việt Nam thông báo công văn của NHNN về việc chấp thuận cho EIB tăng vốn điều lệ như sau,https://cafef.vn/du-lieu/EIB-1772638/eib-cong-van-cua-nhnn-vv-chap-thuan-cho-eib-tang-von-dieu-le.chn,cafef
2023-08-17,EIB: Cập nhật tài liệu họp ĐHĐCĐ bất thường ngày 18/09/2023,Ngân hàng Thương mại Cổ phần Xuất Nhập khẩu Việt Nam thông báo cập nhật tài liệu họp ĐHĐCĐ bất thường ngày 18/09/2023 như sau,https://cafef.vn/du-lieu/EIB-1767262/eib-cap-nhat-tai-lieu-hop-dhdcd-bat-thuong-ngay-18092023.chn,cafef
2023-08-16,EIB: Thay đổi địa điểm đặt trụ sở CN Cầu Giấy,Ngân hàng Thương mại Cổ phần Xuất Nhập khẩu Việt Nam thông báo thay đổi địa điểm đặt trụ sở CN Cầu Giấy như sau,https://cafef.vn/du-lieu/EIB-1767134/eib-thay-doi-dia-diem-dat-tru-so-cn-cau-giay.chn,cafef
2023-08-14,EIB: Công văn của NHNN v/v chấp thuận cho EIB thay đổi địa điểm Phòng GD Phước Bình CN Bình Phước,Ngân hàng Thương mại Cổ phần Xuất Nhập khẩu Việt Nam thông báo công văn của NHNN về việc chấp thuận cho EIB thay đổi địa điểm Phòng GD Phước Bình - Chi nhánh Bình Phước như sau,https://cafef.vn/du-lieu/EIB-1763375/eib-cong-van-cua-nhnn-vv-chap-thuan-cho-eib-thay-doi-dia-diem-phong-gd-phuoc-binh-cn-binh-phuoc.chn,cafef
2023-08-11,EIB: Công văn của NHNN v/v chấp thuận cho EIB thay đổi địa điểm Phòng GD Krông Pắc,Ngân hàng Thương mại Cổ phần Xuất Nhập khẩu Việt Nam thông báo công văn của NHNN về việc chấp thuận cho EIB thay đổi địa điểm Phòng GD Krông Pắc như sau,https://cafef.vn/du-lieu/EIB-1761310/eib-cong-van-cua-nhnn-vv-chap-thuan-cho-eib-thay-doi-dia-diem-phong-gd-krong-pac.chn,cafef
2023-08-02,EIB: Công văn của Ngân hàng Nhà nước CN tỉnh Nghệ An v/v chấp thuận thay đổi địa điểm Chi nhánh Vinh,Ngân hàng Thương mại Cổ phần Xuất Nhập khẩu Việt Nam công bố công văn của Ngân hàng Nhà nước CN tỉnh Nghệ An về việc chấp thuận thay đổi địa điểm Chi nhánh Vinh như sau,https://cafef.vn/du-lieu/EIB-1749288/eib-cong-van-cua-ngan-hang-nha-nuoc-cn-tinh-nghe-an-vv-chap-thuan-thay-doi-dia-diem-chi-nhanh-vinh.chn,cafef
2023-07-31,EIB: Báo cáo tình hình quản trị Công ty 06 tháng đầu năm 2023,Ngân hàng Thương mại Cổ phần Xuất Nhập khẩu Việt Nam báo cáo tình hình quản trị Công ty 06 tháng đầu năm 2023 như sau,https://cafef.vn/du-lieu/EIB-780840/eib-bao-cao-tinh-hinh-quan-tri-cong-ty-06-thang-dau-nam-2023.chn,cafef
2023-07-28,"Dành gần 1 nửa tổng tài sản để đầu tư chứng khoán, một DN chi hơn 300 tỷ nắm 15 triệu cổ phiếu Eximbank, vay CTCK 270 tỷ đồng","Để tài trợ cho đầu tư chứng khoán, MHC vay của các công ty chứng khoán 270 tỷ đồng, tăng thêm 59 tỷ đồng so với hồi đầu năm và vay nhiều nhất của Chứng khoán VIX là 153 tỷ đồng.",https://cafef.vn/danh-gan-1-nua-tong-tai-san-de-dau-tu-chung-khoan-mot-dn-chi-hon-300-ty-nam-15-trieu-co-phieu-eximbank-vay-ctck-270-ty-dong-188230728071824978.chn,cafef
2023-07-28,EIB: Giải trình chênh lệch LNST Q2/2023 so với cùng kỳ năm trước,Ngân hàng Thương mại Cổ phần Xuất Nhập khẩu Việt Nam giải trình chênh lệch LNST Q2/2023 so với cùng kỳ năm trước như sau,https://cafef.vn/du-lieu/EIB-779148/eib-giai-trinh-chenh-lech-lnst-q22023-so-voi-cung-ky-nam-truoc.chn,cafef
2023-07-25,EIB: Công văn của NHNN v/v chấp thuận cho EIB thay đổi địa điểm Chi nhánh Bắc Giang,Ngân hàng Thương mại Cổ phần Xuất Nhập khẩu Việt Nam thông báo công văn của NHNN về việc chấp thuận cho EIB thay đổi địa điểm Chi nhánh Bắc Giang như sau,https://cafef.vn/du-lieu/EIB-774231/eib-cong-van-cua-nhnn-vv-chap-thuan-cho-eib-thay-doi-dia-diem-chi-nhanh-bac-giang.chn,cafef
2023-07-21,EIB: CBTT Nghị quyết HĐQT thông qua phương án tăng vốn điều lệ năm 2023 để trả cổ tức bằng cổ phiếu,Ngân hàng Thương mại Cổ phần Xuất Nhập khẩu Việt Nam thông báo Nghị quyết HĐQT thông qua phương án tăng vốn điều lệ năm 2023 để trả cổ tức bằng cổ phiếu như sau,https://cafef.vn/du-lieu/EIB-769891/eib-cbtt-nghi-quyet-hdqt-thong-qua-phuong-an-tang-von-dieu-le-nam-2023-de-tra-co-tuc-bang-co-phieu.chn,cafef
2023-07-20,EIB: CBTT địa điểm tổ chức họp ĐHĐCĐ bất thường 18/09/2023,Ngân hàng Thương mại Cổ phần Xuất Nhập khẩu Việt Nam thông báo địa điểm tổ chức họp ĐHĐCĐ bất thường 18/09/2023 như sau,https://cafef.vn/du-lieu/EIB-767466/eib-cbtt-dia-diem-to-chuc-hop-dhdcd-bat-thuong-18092023.chn,cafef
2023-07-18,EIB: CBTT Nghị quyết HĐQT v/v thay đổi tên và địa điểm PGD Võ Thành Trang,Ngân hàng Thương mại Cổ phần Xuất Nhập khẩu Việt Nam thông báo Nghị quyết HĐQT về việc thay đổi tên và địa điểm PGD Võ Thành Trang như sau,https://cafef.vn/du-lieu/EIB-767901/eib-cbtt-nghi-quyet-hdqt-vv-thay-doi-ten-va-dia-diem-pgd-vo-thanh-trang.chn,cafef
2023-07-18,EIB: CBTT Ngân hàng NN chấp thuận thay đổi địa điểm PGD Giá Rai,Ngân hàng Thương mại Cổ phần Xuất Nhập khẩu Việt Nam thông báo Ngân hàng NN chấp thuận thay đổi địa điểm PGD Giá Rai như sau,https://cafef.vn/du-lieu/EIB-767905/eib-cbtt-ngan-hang-nn-chap-thuan-thay-doi-dia-diem-pgd-gia-rai.chn,cafef
2023-07-11,EIB: CBTT thay đổi địa điểm và tên PGD Bạch Mai,Ngân hàng Thương mại Cổ phần Xuất Nhập khẩu Việt Nam công bố thay đổi địa điểm và tên PGD Bạch Mai như sau,https://cafef.vn/du-lieu/EIB-756429/eib-cbtt-thay-doi-dia-diem-va-ten-pgd-bach-mai.chn,cafef
2023-07-04,"EIB: 18.7.2023, ngày GDKHQ tổ chức ĐHĐCĐ bất thường năm 2023",Sở Giao dịch Chứng khoán Thành phố Hồ Chí Minh thông báo ngày ĐKCC tổ chức ĐHĐCĐ bất thường năm 2023 của  Ngân hàng Thương mại Cổ phần Xuất Nhập khẩu Việt Nam (mã CK: EIB) như sau,https://cafef.vn/du-lieu/EIB-537259/eib-1872023-ngay-gdkhq-to-chuc-dhdcd-bat-thuong-nam-2023.chn,cafef
2023-07-04,EIB: Nghị quyết HĐQT v/v thay đổi tên và địa điểm của PGD Hoàng Quốc Việt,Ngân hàng Thương mại Cổ phần Xuất Nhập khẩu Việt Nam thông báo Nghị quyết HĐQT thông qua việc thay đổi tên và địa điểm của PGD Hoàng Quốc Việt như sau,https://cafef.vn/du-lieu/EIB-538606/eib-nghi-quyet-hdqt-vv-thay-doi-ten-va-dia-diem-cua-pgd-hoang-quoc-viet.chn,cafef
2023-07-03,EIB: Nghị quyết thay đổi địa điểm hoạt động và tên gọi của PGD Thuận Phước,Ngân hàng Thương mại Cổ phần Xuất Nhập khẩu Việt Nam công bố Nghị quyết thay đổi địa điểm hoạt động và tên gọi của PGD Thuận Phước như sau,https://cafef.vn/du-lieu/EIB-537232/eib-nghi-quyet-thay-doi-dia-diem-hoat-dong-va-ten-goi-cua-pgd-thuan-phuoc.chn,cafef
2023-06-30,EIB: Nghị quyết HĐQT v/v thay đổi địa điểm hoạt động và tên gọi của Phòng GD Cửa Đông,Ngân hàng Thương mại Cổ phần Xuất Nhập khẩu Việt Nam thông báoNghị quyết HĐQT về việc thay đổi địa điểm hoạt động và tên gọi của Phòng GD Cửa Đông như sau,https://cafef.vn/du-lieu/EIB-533601/eib-nghi-quyet-hdqt-vv-thay-doi-dia-diem-hoat-dong-va-ten-goi-cua-phong-gd-cua-dong.chn,cafef
2023-06-29,EIB: Nghị quyết HĐQT về việc tổ chức họp ĐHĐCĐ bất thường năm 2023,Ngân hàng Thương mại Cổ phần Xuất Nhập khẩu Việt Nam thông báo Nghị quyết HĐQT về việc tổ chức họp ĐHĐCĐ bất thường năm 2023 như sau:,https://cafef.vn/du-lieu/EIB-531012/eib-nghi-quyet-hdqt-ve-viec-to-chuc-hop-dhdcd-bat-thuong-nam-2023.chn,cafef
2023-06-29,EIB: Nghị quyết HĐQT về kế hoạch đề cử nhân sự dự kiến bầu bổ sung vào HĐQT nhiệm kỳ 2020-2025,Ngân hàng Thương mại Cổ phần Xuất Nhập khẩu Việt Nam thông báo Nghị quyết HĐQT về việc kế hoạch đề cử nhân sự dự kiến bầu bổ sung vào HĐQT nhiệm kỳ 2020-2025 như sau,https://cafef.vn/du-lieu/EIB-531283/eib-nghi-quyet-hdqt-ve-ke-hoach-de-cu-nhan-su-du-kien-bau-bo-sung-vao-hdqt-nhiem-ky-20202025.chn,cafef
2023-06-28,EIB: Nghị quyết HĐQT v/v thay đổi địa điểm hoạt động của văn phòng đại diện tại Hà Nội,Ngân hàng Thương mại Cổ phần Xuất Nhập khẩu Việt Nam thông báo Nghị quyết HĐQT về việc thay đổi địa điểm hoạt động của văn phòng đại diện tại Hà Nội như sau,https://cafef.vn/du-lieu/EIB-530660/eib-nghi-quyet-hdqt-vv-thay-doi-dia-diem-hoat-dong-cua-van-phong-dai-dien-tai-ha-noi.chn,cafef
2023-06-23,EIB: Nghị quyết HĐQT v/v thay đổi địa điểm hoạt động của Chi nhánh Cầu Giấy,Ngân hàng Thương mại Cổ phần Xuất Nhập khẩu Việt Nam thông báo Nghị quyết HĐQT về việc thay đổi địa điểm hoạt động của Chi nhánh Cầu Giấy như sau,https://cafef.vn/du-lieu/EIB-530155/eib-nghi-quyet-hdqt-vv-thay-doi-dia-diem-hoat-dong-cua-chi-nhanh-cau-giay.chn,cafef
2023-06-23,EIB: Nghị quyết HĐQT v/v thành lập chi nhánh Bình Định,Ngân hàng Thương mại Cổ phần Xuất Nhập khẩu Việt Nam thông báo Nghị quyết HĐQT về việc thành lập chi nhánh Bình Định như sau,https://cafef.vn/du-lieu/EIB-530156/eib-nghi-quyet-hdqt-vv-thanh-lap-chi-nhanh-binh-dinh.chn,cafef
2023-06-21,EIB: Nghị quyết HĐQT v/v thay đổi địa điểm hoạt động Phòng giao dịch Tân Uyên trực - CN Bình Dương,Ng&acirc;n h&agrave;ng Thương mại Cổ phần Xuất Nhập khẩu Việt Nam&nbsp;th&ocirc;ng b&aacute;o&nbsp;Nghị quyết HĐQT về việc thay đổi địa điểm hoạt động Ph&ograve;ng giao dịch T&acirc;n Uy&ecirc;n trực thuộc Chi nh&aacute;nh B&igrave;nh Dương như sau:,https://cafef.vn/du-lieu/EIB-211724/eib-nghi-quyet-hdqt-vv-thay-doi-dia-diem-hoat-dong-phong-giao-dich-tan-uyen-truc-cn-binh-duong.chn,cafef
2023-06-20,EIB: Công văn của Ngân hàng Nhà nước v/v chấp thuận thay đổi địa điểm PGD Việt Hưng CN Long Biên,Ng&acirc;n h&agrave;ng Thương mại Cổ phần Xuất Nhập khẩu Việt Nam&nbsp;c&ocirc;ng bố c&ocirc;ng văn của Ng&acirc;n h&agrave;ng Nh&agrave; nước CN TP.H&agrave; Nội về việc chấp thuận thay đổi địa điểm PGD Việt Hưng trực thuộc Chi nh&aacute;nh Long Bi&ecirc;n như sau:,https://cafef.vn/du-lieu/EIB-212087/eib-cong-van-cua-ngan-hang-nha-nuoc-vv-chap-thuan-thay-doi-dia-diem-pgd-viet-hung-cn-long-bien.chn,cafef
2023-06-14,EIB: Nghị quyết HĐQT v/v thành lập Phòng giao dịch Phước Bình,Ng&acirc;n h&agrave;ng Thương mại Cổ phần Xuất Nhập khẩu Việt Nam&nbsp;th&ocirc;ng b&aacute;o Nghị quyết HĐQT về việc th&agrave;nh lập Ph&ograve;ng giao dịch Phước B&igrave;nh như sau:,https://cafef.vn/du-lieu/EIB-215030/eib-nghi-quyet-hdqt-vv-thanh-lap-phong-giao-dich-phuoc-binh.chn,cafef
2023-06-13,EIB: Công văn của NHNN v/v chấp thuận cho EIB thay đổi địa điểm Phòng GD Nguyễn Thái Học,Ng&acirc;n h&agrave;ng Thương mại Cổ phần Xuất Nhập khẩu Việt Nam&nbsp;th&ocirc;ng b&aacute;o&nbsp;c&ocirc;ng văn của NHNN về việc chấp thuận cho EIB thay đổi địa điểm Ph&ograve;ng GD Nguyễn Th&aacute;i Học như sau:,https://cafef.vn/du-lieu/EIB-215762/eib-cong-van-cua-nhnn-vv-chap-thuan-cho-eib-thay-doi-dia-diem-phong-gd-nguyen-thai-hoc.chn,cafef
2023-06-08,EIB: Công văn của NHNN v/v chấp thuận cho EIB thay đổi địa điểm Phòng GD Trần Khát Chân,Ng&acirc;n h&agrave;ng Thương mại Cổ phần Xuất Nhập khẩu Việt Nam&nbsp;th&ocirc;ng b&aacute;o&nbsp;c&ocirc;ng văn của NHNN về việc chấp thuận cho EIB thay đổi địa điểm Ph&ograve;ng GD Trần Kh&aacute;t Ch&acirc;n như sau:,https://cafef.vn/du-lieu/EIB-218186/eib-cong-van-cua-nhnn-vv-chap-thuan-cho-eib-thay-doi-dia-diem-phong-gd-tran-khat-chan.chn,cafef
2023-06-01,EIB: Nghi quyết HĐQT thông qua ký hợp đồng kiểm toán BCTC năm 2023,Ng&acirc;n h&agrave;ng Thương mại Cổ phần Xuất Nhập khẩu Việt Nam&nbsp;th&ocirc;ng b&aacute;o Nghi quyết HĐQT th&ocirc;ng qua k&yacute; hợp đồng kiểm to&aacute;n BCTC năm 2023 như sau:,https://cafef.vn/du-lieu/EIB-221786/eib-nghi-quyet-hdqt-thong-qua-ky-hop-dong-kiem-toan-bctc-nam-2023.chn,cafef
2023-05-30,EIB: Nghị quyết HĐQT v/v thay đổi tên gọi của Phòng GD Tô Hiệu,Ng&acirc;n h&agrave;ng Thương mại Cổ phần Xuất Nhập khẩu Việt Nam&nbsp;th&ocirc;ng b&aacute;o&nbsp;Nghị quyết HĐQT về việc thay đổi t&ecirc;n gọi của Ph&ograve;ng GD T&ocirc; Hiệu như sau:,https://cafef.vn/du-lieu/EIB-223715/eib-nghi-quyet-hdqt-vv-thay-doi-ten-goi-cua-phong-gd-to-hieu.chn,cafef
2023-05-26,EIB: Nghị quyết HĐQT về triển khai phương án phát hành cổ phiếu trả cổ tức,Ng&acirc;n h&agrave;ng Thương mại Cổ phần Xuất Nhập khẩu Việt Nam th&ocirc;ng b&aacute;o&nbsp;Nghị quyết HĐQT về triển khai phương &aacute;n ph&aacute;t h&agrave;nh cổ phiếu trả cổ tức như sau:,https://cafef.vn/du-lieu/EIB-225818/eib-nghi-quyet-hdqt-ve-trien-khai-phuong-an-phat-hanh-co-phieu-tra-co-tuc.chn,cafef
2023-05-24,EIB: Công văn của NHNN v/v chấp thuận cho EIB thay đổi địa điểm Phòng GD Ấp Bắc,Ng&acirc;n h&agrave;ng Thương mại Cổ phần Xuất Nhập khẩu Việt Nam&nbsp;th&ocirc;ng b&aacute;o&nbsp;c&ocirc;ng văn của NHNN về việc chấp thuận cho EIB thay đổi địa điểm Ph&ograve;ng GD Ấp Bắc như sau:,https://cafef.vn/du-lieu/EIB-227216/eib-cong-van-cua-nhnn-vv-chap-thuan-cho-eib-thay-doi-dia-diem-phong-gd-ap-bac.chn,cafef
2023-05-12,"EIB: Nghị quyết HĐQT về thay đổi tên, địa điểm PGD Nguyễn Tất Thành và địa điểm PGD Hải Phòng","Ng&acirc;n h&agrave;ng Thương mại Cổ phần Xuất Nhập khẩu Việt Nam th&ocirc;ng b&aacute;o Nghị quyết HĐQT về thay đổi t&ecirc;n, địa điểm PGD Nguyễn Tất Th&agrave;nh v&agrave; địa điểm PGD Hải Ph&ograve;ng&nbsp;như sau:",https://cafef.vn/du-lieu/EIB-234098/eib-nghi-quyet-hdqt-ve-thay-doi-ten-dia-diem-pgd-nguyen-tat-thanh-va-dia-diem-pgd-hai-phong.chn,cafef
2023-05-10,EIB: Chấp thuận thay đổi địa điểm PGD Hà Huy Tập của Ngân hàng Nhà nước,Ng&acirc;n h&agrave;ng Thương mại Cổ phần Xuất Nhập khẩu Việt Nam&nbsp;th&ocirc;ng b&aacute;o chấp thuận thay đổi địa điểm PGD H&agrave; Huy Tập của Ng&acirc;n h&agrave;ng Nh&agrave; nước như sau:,https://cafef.vn/du-lieu/EIB-235790/eib-chap-thuan-thay-doi-dia-diem-pgd-ha-huy-tap-cua-ngan-hang-nha-nuoc.chn,cafef
2023-05-09,EIB: Nghị quyết HĐQT thành lập chi nhánh tại Bắc Ninh,Ng&acirc;n h&agrave;ng Thương mại Cổ phần Xuất Nhập khẩu Việt Nam&nbsp;th&ocirc;ng b&aacute;o&nbsp;Nghị quyết HĐQT th&agrave;nh lập chi nh&aacute;nh tại Bắc Ninh như sau:,https://cafef.vn/du-lieu/EIB-236666/eib-nghi-quyet-hdqt-thanh-lap-chi-nhanh-tai-bac-ninh.chn,cafef
2023-05-09,EIB: Chấp thuận thay đổi địa điểm PGD Quang Trung của Ngân hàng Nhà nước,Ng&acirc;n h&agrave;ng Thương mại Cổ phần Xuất Nhập khẩu Việt Nam&nbsp;th&ocirc;ng b&aacute;o&nbsp;chấp thuận thay đổi địa điểm PGD Quang Trung của Ng&acirc;n h&agrave;ng Nh&agrave; nước như sau:,https://cafef.vn/du-lieu/EIB-236705/eib-chap-thuan-thay-doi-dia-diem-pgd-quang-trung-cua-ngan-hang-nha-nuoc.chn,cafef
2023-05-09,EIB: Điều lệ Công ty sửa đổi bổ sung,Ng&acirc;n h&agrave;ng Thương mại Cổ phần Xuất Nhập khẩu Việt Nam&nbsp;th&ocirc;ng b&aacute;o Điều lệ C&ocirc;ng ty sửa đổi bổ sung như sau:,https://cafef.vn/du-lieu/EIB-236732/eib-dieu-le-cong-ty-sua-doi-bo-sung.chn,cafef
2023-05-05,EIB: Công văn của NHNN v/v chấp thuận cho EIB thay đổi tên và địa điểm Phòng giao dịch Cẩm Phả,Ng&acirc;n h&agrave;ng Thương mại Cổ phần Xuất Nhập khẩu Việt Nam&nbsp;th&ocirc;ng b&aacute;o&nbsp;c&ocirc;ng văn của NHNN về việc chấp thuận cho EIB thay đổi t&ecirc;n v&agrave; địa điểm Ph&ograve;ng giao dịch Cẩm Phả như sau:,https://cafef.vn/du-lieu/EIB-239144/eib-cong-van-cua-nhnn-vv-chap-thuan-cho-eib-thay-doi-ten-va-dia-diem-phong-giao-dich-cam-pha.chn,cafef
2023-05-05,EIB: Công văn của NHNN v/v chấp thuận cho EIB thay đổi tên và địa điểm Phòng giao dịch Cẩm Phả,Ng&acirc;n h&agrave;ng Thương mại Cổ phần Xuất Nhập khẩu Việt Nam&nbsp;th&ocirc;ng b&aacute;o&nbsp;c&ocirc;ng văn của NHNN về việc chấp thuận cho EIB thay đổi t&ecirc;n v&agrave; địa điểm Ph&ograve;ng giao dịch Cẩm Phả như sau:,https://cafef.vn/du-lieu/EIB-239147/eib-cong-van-cua-nhnn-vv-chap-thuan-cho-eib-thay-doi-ten-va-dia-diem-phong-giao-dich-cam-pha.chn,cafef
2023-04-28,"EIB: Nghị quyết HĐQT v/v thay đổi tên, địa điểm hoạt động của Phòng GD Ấp Bắc Chi nhánh Tiền Giang","Ngân hàng Thương mại Cổ phần Xuất Nhập khẩu Việt Nam thông báo Nghị quyết HĐQT về việc thay đổi tên, địa điểm hoạt động của Phòng GD Ấp Bắc Chi&nbsp; nhánh Tiền Giang như sau:",https://cafef.vn/du-lieu/EIB-242612/eib-nghi-quyet-hdqt-vv-thay-doi-ten-dia-diem-hoat-dong-cua-phong-gd-ap-bac-chi-nhanh-tien-giang.chn,cafef
2023-04-26,EIB: Công văn của NHNN v/v chấp thuận cho EIB thay đổi địa điểm Phòng GD Cẩm Lệ,Ng&acirc;n h&agrave;ng Thương mại Cổ phần Xuất Nhập khẩu Việt Nam&nbsp;th&ocirc;ng b&aacute;o&nbsp;&nbsp;c&ocirc;ng văn của NHNN về việc chấp thuận cho EIB thay đổi địa điểm Ph&ograve;ng GD Cẩm Lệ như sau:,https://cafef.vn/du-lieu/EIB-246107/eib-cong-van-cua-nhnn-vv-chap-thuan-cho-eib-thay-doi-dia-diem-phong-gd-cam-le.chn,cafef
2023-04-25,EIB: Nghị quyết HĐQT v/v điều chỉnh trụ sở mới phòng GD Ninh Hòa và thành lập phòng GD Giá Rai,Ng&acirc;n h&agrave;ng Thương mại Cổ phần Xuất Nhập khẩu Việt Nam&nbsp;c&ocirc;ng bố Nghị quyết HĐQT về việc điều chỉnh trụ sở mới ph&ograve;ng GD Ninh H&ograve;a v&agrave; th&agrave;nh lập ph&ograve;ng GD Gi&aacute; Rai như sau:,https://cafef.vn/du-lieu/EIB-249071/eib-nghi-quyet-hdqt-vv-dieu-chinh-tru-so-moi-phong-gd-ninh-hoa-va-thanh-lap-phong-gd-gia-rai.chn,cafef
2023-04-17,EIB: Nghị quyết HĐQT v/v thay đổi tên gọi Phòng giao dịch Khánh Hội,Ng&acirc;n h&agrave;ng Thương mại Cổ phần Xuất Nhập khẩu Việt Nam&nbsp;th&ocirc;ng b&aacute;o&nbsp;Nghị quyết HĐQT về việc thay đổi t&ecirc;n gọi Ph&ograve;ng giao dịch Kh&aacute;nh Hội như sau:,https://cafef.vn/du-lieu/EIB-261893/eib-nghi-quyet-hdqt-vv-thay-doi-ten-goi-phong-giao-dich-khanh-hoi.chn,cafef
2023-04-17,EIB: Nghị quyết và Biên bản họp ĐHĐCĐ thường niên năm 2023,Ng&acirc;n h&agrave;ng Thương mại Cổ phần Xuất Nhập khẩu Việt Nam&nbsp;th&ocirc;ng&nbsp;b&aacute;o&nbsp;Nghị quyết v&agrave; Bi&ecirc;n bản họp ĐHĐCĐ thường ni&ecirc;n năm 2023 như sau:,https://cafef.vn/du-lieu/EIB-262619/eib-nghi-quyet-va-bien-ban-hop-dhdcd-thuong-nien-nam-2023.chn,cafef
2023-04-14,EIB: Thay đổi giấy chứng nhận ĐKDN lần thứ 29,Ng&acirc;n h&agrave;ng Thương mại Cổ phần Xuất Nhập khẩu Việt Nam th&ocirc;ng b&aacute;o&nbsp;thay đổi giấy chứng nhận ĐKDN&nbsp;lần thứ 29 như sau:,https://cafef.vn/du-lieu/EIB-264716/eib-thay-doi-giay-chung-nhan-dkdn-lan-thu-29.chn,cafef
2023-04-14,EIB: Thay đổi giấy chứng nhận ĐKDN lần thứ 29,Ng&acirc;n h&agrave;ng Thương mại Cổ phần Xuất Nhập khẩu Việt Nam th&ocirc;ng b&aacute;o&nbsp;thay đổi giấy chứng nhận ĐKDN lần thứ 29 như sau:,https://cafef.vn/du-lieu/EIB-265412/eib-thay-doi-giay-chung-nhan-dkdn-lan-thu-29.chn,cafef
2023-04-14,"ĐHCĐ Eximbank: Bầu bổ sung nhân sự cấp cao, dự kiến lợi nhuận 5.000 tỷ đồng trong năm nay, chia cổ tức tỷ lệ 18%",Eximbank dự kiến tăng vốn điều lệ lên hơn 17.469 tỷ đồng trong năm nay và lợi nhuận tăng trưởng xấp xỉ 35% so với năm trước.,https://cafef.vn/dhcd-eximbank-bau-bo-sung-nhan-su-cap-cao-du-kien-loi-nhuan-5000-ty-dong-trong-nam-nay-chia-co-tuc-ty-le-18-188230414110452907.chn,cafef
2023-04-13,EIB: Nghị quyết HĐQT v/v thành lập Phòng giao dịch Hương Thủy,&nbsp;Ng&acirc;n h&agrave;ng Thương mại Cổ phần Xuất Nhập khẩu Việt Nam&nbsp;th&ocirc;ng b&aacute;o&nbsp;Nghị quyết HĐQT về việc th&agrave;nh lập Ph&ograve;ng giao dịch Hương Thủy như sau:,https://cafef.vn/du-lieu/EIB-266342/eib-nghi-quyet-hdqt-vv-thanh-lap-phong-giao-dich-huong-thuy.chn,cafef
2023-04-13,EIB: Điều lệ sửa đổi do tăng VĐL,Ng&acirc;n h&agrave;ng Thương mại Cổ phần Xuất Nhập khẩu Việt Nam th&ocirc;ng b&aacute;o điều lệ sửa đổi do tăng VĐL như sau:,https://cafef.vn/du-lieu/EIB-266351/eib-dieu-le-sua-doi-do-tang-vdl.chn,cafef
2023-04-12,EIB: Nghị quyết HĐQT v/v thay đổi tên và địa điểm hoạt động của Phòng GD Thái Phiên,Ng&acirc;n h&agrave;ng Thương mại Cổ phần Xuất Nhập khẩu Việt Nam&nbsp;th&ocirc;ng b&aacute;o&nbsp;Nghị quyết HĐQT về việc thay đổi t&ecirc;n v&agrave; địa điểm hoạt động của Ph&ograve;ng GD Th&aacute;i Phi&ecirc;n như sau:,https://cafef.vn/du-lieu/EIB-268364/eib-nghi-quyet-hdqt-vv-thay-doi-ten-va-dia-diem-hoat-dong-cua-phong-gd-thai-phien.chn,cafef
2023-04-12,EIB: Thay đổi giấy phép hoạt động của EIB,Ng&acirc;n h&agrave;ng Thương mại Cổ phần Xuất Nhập khẩu Việt Nam&nbsp;th&ocirc;ng b&aacute;o&nbsp;thay đổi giấy ph&eacute;p hoạt động của EIB như sau:,https://cafef.vn/du-lieu/EIB-268367/eib-thay-doi-giay-phep-hoat-dong-cua-eib.chn,cafef
2023-04-06,"EIB: Cập nhật, chỉnh sửa tài liệu họp ĐHĐCĐ thường niên năm 2023","Ng&acirc;n h&agrave;ng Thương mại Cổ phần Xuất Nhập khẩu Việt Nam&nbsp;c&ocirc;ng bố cập nhật, chỉnh sửa t&agrave;i liệu họp ĐHĐCĐ thường ni&ecirc;n năm 2023 như sau:",https://cafef.vn/du-lieu/EIB-277922/eib-cap-nhat-chinh-sua-tai-lieu-hop-dhdcd-thuong-nien-nam-2023.chn,cafef
2023-04-04,EIB: Nghị quyết HĐQT v/v thành lập chi nhánh Bắc Giang,Ng&acirc;n h&agrave;ng Thương mại Cổ phần Xuất Nhập khẩu Việt Nam&nbsp;c&ocirc;ng bố&nbsp;Nghị quyết HĐQT về việc th&agrave;nh lập chi nh&aacute;nh&nbsp;Bắc Giang như sau:,https://cafef.vn/du-lieu/EIB-283373/eib-nghi-quyet-hdqt-vv-thanh-lap-chi-nhanh-bac-giang.chn,cafef
2023-04-04,EIB: Nghị quyết HĐQT v/v thành lập chi nhánh Đồng Tháp,Ng&acirc;n h&agrave;ng Thương mại Cổ phần Xuất Nhập khẩu Việt Nam&nbsp;c&ocirc;ng bố&nbsp;Nghị quyết HĐQT về việc th&agrave;nh lập chi nh&aacute;nh Đồng Th&aacute;p như sau:,https://cafef.vn/du-lieu/EIB-283376/eib-nghi-quyet-hdqt-vv-thanh-lap-chi-nhanh-dong-thap.chn,cafef
2023-04-01,"EIB có thể bị loại khỏi rổ VNDiamond, quỹ ETF quy mô 18.400 tỷ đồng sẽ mua bán ra sao trong kỳ cơ cấu quý 2?",VNDirect ước tính cổ phiếu EIB của Eximbank sẽ bị loại khỏi thành phần rổ VNDiamond,https://cafef.vn/eib-co-the-bi-loai-khoi-ro-vndiamond-quy-etf-quy-mo-18400-ty-dong-se-mua-ban-ra-sao-trong-ky-co-cau-quy-2-188230401094931828.chn,cafef
2023-03-28,EIB: Chấp thuận thay đổi địa điểm PGD Xuân Thủy của Ngân hàng Nhà nước,Ng&acirc;n h&agrave;ng Thương mại Cổ phần Xuất Nhập khẩu Việt Nam&nbsp;th&ocirc;ng b&aacute;o chấp thuận thay đổi địa điểm PGD Xu&acirc;n Thủy của Ng&acirc;n h&agrave;ng&nbsp;Nh&agrave; nước như sau:,https://cafef.vn/du-lieu/EIB-294884/eib-chap-thuan-thay-doi-dia-diem-pgd-xuan-thuy-cua-ngan-hang-nha-nuoc.chn,cafef
2023-03-24,EIB: Các tài liệu ĐHĐCĐ thường niên năm 2022 đã cập nhật chỉnh sửa,Ng&acirc;n h&agrave;ng Thương mại Cổ phần Xuất Nhập khẩu Việt Nam th&ocirc;ng b&aacute;o c&aacute;c t&agrave;i liệu ĐHĐCĐ thường ni&ecirc;n năm 2022 đ&atilde; cập nhật chỉnh sửa như sau:,https://cafef.vn/du-lieu/EIB-300158/eib-cac-tai-lieu-dhdcd-thuong-nien-nam-2022-da-cap-nhat-chinh-sua.chn,cafef
2023-03-23,EIB: NHNN chấp thuận thay đổi địa điểm Eximbank PGD Tô Hiệu,Ng&acirc;n h&agrave;ng Thương mại Cổ phần Xuất Nhập khẩu Việt Nam th&ocirc;ng b&aacute;o của NHNN chấp thuận thay đổi địa điểm Eximbank PGD T&ocirc; Hiệu như sau:,https://cafef.vn/du-lieu/EIB-301526/eib-nhnn-chap-thuan-thay-doi-dia-diem-eximbank-pgd-to-hieu.chn,cafef
2023-03-20,EIB: Giải trình biến động LNST năm 2022 đã được kiểm toán so với cùng kỳ năm trước,Ng&acirc;n h&agrave;ng Thương mại Cổ phần Xuất Nhập khẩu Việt Nam giải tr&igrave;nh biến động LNST năm 2022 đ&atilde; được kiểm to&aacute;n so với c&ugrave;ng kỳ năm trước như sau:,https://cafef.vn/du-lieu/EIB-303677/eib-giai-trinh-bien-dong-lnst-nam-2022-da-duoc-kiem-toan-so-voi-cung-ky-nam-truoc.chn,cafef
2023-03-20,EIB: Nội dung chương trình tài liệu họp ĐHĐCĐ thường niên năm 2023,Ng&acirc;n h&agrave;ng Thương mại Cổ phần Xuất Nhập khẩu Việt Nam&nbsp;th&ocirc;ng b&aacute;o nội dung chương tr&igrave;nh t&agrave;i liệu họp ĐHĐCĐ thường ni&ecirc;n năm 2023 như sau:,https://cafef.vn/du-lieu/EIB-303683/eib-noi-dung-chuong-trinh-tai-lieu-hop-dhdcd-thuong-nien-nam-2023.chn,cafef
2023-03-16,EIB: Công văn của NHNN v/v thay đổi địa điểm Phòng GD Nguyễn Duy Trinh và Bình Thạnh,Ng&acirc;n h&agrave;ng Thương mại Cổ phần Xuất Nhập khẩu Việt Nam th&ocirc;ng b&aacute;o&nbsp;&nbsp;c&ocirc;ng văn của NHNN về việc chấp thuận cho EIB thay đổi địa điểm Ph&ograve;ng GD Nguyễn Duy Trinh v&agrave; B&igrave;nh Thạnh như sau:,https://cafef.vn/du-lieu/EIB-305351/eib-cong-van-cua-nhnn-vv-thay-doi-dia-diem-phong-gd-nguyen-duy-trinh-va-binh-thanh.chn,cafef
2023-03-15,EIB: Nghị quyết HĐQT thay đổi tên và địa điểm PGD Nguyễn Thái Học,&nbsp;Ng&acirc;n h&agrave;ng Thương mại Cổ phần Xuất Nhập khẩu Việt Nam&nbsp;th&ocirc;ng b&aacute;o nghị quyết HĐQT thay đổi t&ecirc;n v&agrave; địa điểm PGD Nguyễn Th&aacute;i Học như sau:,https://cafef.vn/du-lieu/EIB-305711/eib-nghi-quyet-hdqt-thay-doi-ten-va-dia-diem-pgd-nguyen-thai-hoc.chn,cafef
2023-03-15,EIB: Nghị quyết HĐQT thành lập PGD Hòn Đất chi nhánh Kiên Giang,&nbsp;Ng&acirc;n h&agrave;ng Thương mại Cổ phần Xuất Nhập khẩu Việt Nam&nbsp;th&ocirc;ng b&aacute;o nghị quyết HĐQT th&agrave;nh lập PGD H&ograve;n Đất chi nh&aacute;nh Ki&ecirc;n Giang như sau:,https://cafef.vn/du-lieu/EIB-305723/eib-nghi-quyet-hdqt-thanh-lap-pgd-hon-dat-chi-nhanh-kien-giang.chn,cafef
2023-03-10,EIB: Nghị quyết HĐQT thông qua thay đổi tên PGD Lái Thêu và PGD Tân Phước Khánh,Ngân hàng Thương mại Cổ phần Xuất Nhập khẩu Việt Nam&nbsp;thông báo nghị quyết HĐQT thông qua thay đổi tên PGD Lái Thêu và PGD Tân Phước Khánh như sau:,https://cafef.vn/du-lieu/EIB-308642/eib-nghi-quyet-hdqt-thong-qua-thay-doi-ten-pgd-lai-theu-va-pgd-tan-phuoc-khanh.chn,cafef
2023-03-07,EIB: Nghị quyết HĐQT v/v thay đổi tên và địa điểm đặt tru sở Phòng giao dịch Trần Khát Chân,Ng&acirc;n h&agrave;ng Thương mại Cổ phần Xuất Nhập khẩu Việt Nam&nbsp;th&ocirc;ng b&aacute;o&nbsp;Nghị quyết HĐQT về việc thay đổi t&ecirc;n v&agrave; địa điểm đặt tru sở Ph&ograve;ng giao dịch Trần Kh&aacute;t Ch&acirc;n như sau:,https://cafef.vn/du-lieu/EIB-311444/eib-nghi-quyet-hdqt-vv-thay-doi-ten-va-dia-diem-dat-tru-so-phong-giao-dich-tran-khat-chan.chn,cafef
2023-03-06,EIB: Thông báo của NHNN chấp thuận thay đổi địa điểm chi nhánh Tân Sơn Nhất,Ngân hàng Thương mại Cổ phần Xuất Nhập khẩu Việt Nam thông báo của NHNN chấp thuận thay đổi địa điểm chi nhánh Tân Sơn Nhất như sau:,https://cafef.vn/du-lieu/EIB-312047/eib-thong-bao-cua-nhnn-chap-thuan-thay-doi-dia-diem-chi-nhanh-tan-son-nhat.chn,cafef
2023-02-24,"EIB: 14.3.2023, ngày GDKHQ tổ chức ĐHĐCĐ thường niên năm 2023",Sở Giao dịch Chứng khoán TP.HCM thông báo ngày ĐKCC tổ chức ĐHĐCĐ thường niên năm 2023&nbsp;của Ngân hàng Thương mại Cổ phần Xuất Nhập khẩu Việt Nam (mã CK:EIB) như sau:,https://cafef.vn/du-lieu/EIB-318053/eib-1432023-ngay-gdkhq-to-chuc-dhdcd-thuong-nien-nam-2023.chn,cafef
2023-02-22,EIB: Nghị quyết HĐQT v/v thay đổi tên và địa điểm hoạt động của Eximbank Hồ văn Huê,Ng&acirc;n h&agrave;ng Thương mại Cổ phần Xuất Nhập khẩu Việt Nam&nbsp;th&ocirc;ng b&aacute;o&nbsp;Nghị quyết HĐQT về việc thay đổi t&ecirc;n v&agrave; địa điểm hoạt động của Eximbank Hồ văn Hu&ecirc; như sau:,https://cafef.vn/du-lieu/EIB-319064/eib-nghi-quyet-hdqt-vv-thay-doi-ten-va-dia-diem-hoat-dong-cua-eximbank-ho-van-hue.chn,cafef
2023-02-21,EIB: Điều lệ công ty sửa đổi bổ sung,Ngân hàng Thương mại Cổ phần Xuất Nhập khẩu Việt Nam&nbsp;thông báo&nbsp;Điều lệ công ty sửa đổi bổ sung&nbsp;như sau:,https://cafef.vn/du-lieu/EIB-319751/eib-dieu-le-cong-ty-sua-doi-bo-sung.chn,cafef
2023-02-16,EIB: Nghị quyết HĐQT thông qua tổ chức ĐHĐCĐ thường niên năm 2023,&nbsp;Ng&acirc;n h&agrave;ng Thương mại Cổ phần Xuất Nhập khẩu Việt Nam th&ocirc;ng b&aacute;o Nghị quyết HĐQT th&ocirc;ng qua tổ chức ĐHĐCĐ thường ni&ecirc;n năm 2023 như sau:,https://cafef.vn/du-lieu/EIB-322529/eib-nghi-quyet-hdqt-thong-qua-to-chuc-dhdcd-thuong-nien-nam-2023.chn,cafef
2023-02-15,EIB: Nghị quyết và Biên bản họp ĐHĐCĐ bất thường năm 2023 lần 2,Ng&acirc;n h&agrave;ng Thương mại Cổ phần Xuất Nhập khẩu Việt Nam&nbsp;th&ocirc;ng b&aacute;o&nbsp;Nghị quyết v&agrave; Bi&ecirc;n bản họp ĐHĐCĐ bất thường năm 2023 lần 2 như sau:,https://cafef.vn/du-lieu/EIB-322655/eib-nghi-quyet-va-bien-ban-hop-dhdcd-bat-thuong-nam-2023-lan-2.chn,cafef
2023-02-14,ĐHCĐ bất thường lần 2 Eximbank: Chủ tịch ngân hàng tiết lộ kế hoạch chia tiếp cổ tức tỷ lệ rất cao,"Các cổ đông tham dự đại hội của Eximbank đang chất vấn lãnh đạo nhiều vấn đề, bao gồm cả giá cổ phiếu. Kết quả, đại hội đã thông qua các tờ trình và bầu 3 nhân sự mới vào Hội đồng quản trị.",https://cafef.vn/dhcd-bat-thuong-lan-2-eximbank-chu-tich-ngan-hang-tiet-lo-ke-hoach-chia-tiep-co-tuc-ty-le-rat-cao-202302140848573.chn,cafef
2023-02-10,"EIB: Nhắc nhở chậm CBTT Quyết định của HĐQT liên quan đến việc chào bán, phát hành chứng khoán","Sở Giao dịch Chứng khoán TP.HCM thông báo nhắc nhở chậm CBTT Quyết định của HĐQT liên quan đến việc chào bán, phát hành chứng khoán đối với&nbsp;Ngân hàng Thương mại Cổ phần Xuất Nhập khẩu Việt Nam&nbsp;như sau:",https://cafef.vn/du-lieu/EIB-325175/eib-nhac-nho-cham-cbtt-quyet-dinh-cua-hdqt-lien-quan-den-viec-chao-ban-phat-hanh-chung-khoan.chn,cafef
2023-02-09,EIB: Nghị quyết HĐQT thông qua thay đổi tên và địa điểm EIB Minh Khai,Ng&acirc;n h&agrave;ng Thương mại Cổ phần Xuất Nhập khẩu Việt Nam&nbsp;th&ocirc;ng b&aacute;o nghị quyết HĐQT th&ocirc;ng qua thay đổi t&ecirc;n v&agrave; địa điểm EIB Minh Khai như sau:,https://cafef.vn/du-lieu/EIB-325268/eib-nghi-quyet-hdqt-thong-qua-thay-doi-ten-va-dia-diem-eib-minh-khai.chn,cafef
2023-02-09,EIB: Nghị quyết HĐQT v/v tạm chốt tỷ lệ sở hữu nước ngoài tối đa và giải trình việc chậm CBTT,&nbsp;Ng&acirc;n h&agrave;ng Thương mại Cổ phần Xuất Nhập khẩu Việt Nam&nbsp;th&ocirc;ng b&aacute;o&nbsp;Nghị quyết HĐQT về việc tạm chốt tỷ lệ sở hữu nước ngo&agrave;i tối đa v&agrave; giải tr&igrave;nh việc chậm CBTT như sau:,https://cafef.vn/du-lieu/EIB-325646/eib-nghi-quyet-hdqt-vv-tam-chot-ty-le-so-huu-nuoc-ngoai-toi-da-va-giai-trinh-viec-cham-cbtt.chn,cafef
2023-02-09,EIB: Nghị quyết HĐQT bổ sung tài liệu ĐHĐCĐ bất thường lần thứ 2 ngày 14/02/2023,Ng&acirc;n h&agrave;ng Thương mại Cổ phần Xuất Nhập khẩu Việt Nam th&ocirc;ng b&aacute;o nghị quyết HĐQT bổ sung t&agrave;i liệu ĐHĐCĐ bất thường lần thứ 2 ng&agrave;y 14/02/2023 như sau:,https://cafef.vn/du-lieu/EIB-325649/eib-nghi-quyet-hdqt-bo-sung-tai-lieu-dhdcd-bat-thuong-lan-thu-2-ngay-14022023.chn,cafef
2023-02-09,EIB: Nghị quyết HĐQT v/v bổ sung tài liệu họp ĐHĐCĐ bất thường lần 2 ngày 14/02/2023,&nbsp;Ng&acirc;n h&agrave;ng Thương mại Cổ phần Xuất Nhập khẩu Việt Nam&nbsp;th&ocirc;ng b&aacute;o Nghị quyết HĐQT về việc bổ sung t&agrave;i liệu họp ĐHĐCĐ bất thường lần 2 ng&agrave;y 14/02/2023 như sau:,https://cafef.vn/du-lieu/EIB-325652/eib-nghi-quyet-hdqt-vv-bo-sung-tai-lieu-hop-dhdcd-bat-thuong-lan-2-ngay-14022023.chn,cafef
2023-02-09,EIB: Nghị quyết HĐQT tạm chốt tỷ lệ SHNN tối đa,Ng&acirc;n h&agrave;ng Thương mại Cổ phần Xuất Nhập khẩu Việt Nam th&ocirc;ng b&aacute;o nghị quyết HĐQT tạm chốt tỷ lệ SHNN tối đa v&agrave; giải tr&igrave;nh chậm CBTT li&ecirc;n quan đến việc ph&aacute;t h&agrave;nh chứng kho&aacute;n&nbsp;như sau:,https://cafef.vn/du-lieu/EIB-325655/eib-nghi-quyet-hdqt-tam-chot-ty-le-shnn-toi-da.chn,cafef
2023-02-08,EIB: Công văn của NHNN chi nhánh TP.HCM v/v chấp thuận thay đổi địa điểm PGD Lê Văn Quới,Ngân hàng Thương mại Cổ phần Xuất Nhập khẩu Việt Nam&nbsp;công bố công văn của NHNN chi nhánh TP.HCM về việc chấp thuận thay đổi địa điểm PGD Lê Văn Quới trực thuộc Eximbank CN Quận 10 như sau:,https://cafef.vn/du-lieu/EIB-325988/eib-cong-van-cua-nhnn-chi-nhanh-tphcm-vv-chap-thuan-thay-doi-dia-diem-pgd-le-van-quoi.chn,cafef
2023-02-07,"EIB: 14.2.2023, ngày GDKHQ thực hiện quyền đề cử nhân sự dự kiến bầu bổ sung vào BKS nhiệm kỳ VII",Sở Giao dịch Chứng khoán TP.HCM thông báo ngày ĐKCC cổ đông thực hiện quyền đề cử nhân sự dự kiến bầu bổ sung vào BKS nhiệm kỳ VII của&nbsp;Ngân hàng Thương mại Cổ phần Xuất Nhập khẩu Việt Nam&nbsp;như sau:,https://cafef.vn/du-lieu/EIB-326855/eib-1422023-ngay-gdkhq-thuc-hien-quyen-de-cu-nhan-su-du-kien-bau-bo-sung-vao-bks-nhiem-ky-vii.chn,cafef
2023-02-06,EIB: Điều chỉnh tỷ lệ sở hữu của nhà đầu tư nước ngoài của VSD,Ngân hàng Thương mại Cổ phần Xuất Nhập khẩu Việt Nam&nbsp;thông báo về việc điều chỉnh tỷ lệ sở hữu của nhà đầu tư nước ngoài của VSD như sau:,https://cafef.vn/du-lieu/EIB-327026/eib-dieu-chinh-ty-le-so-huu-cua-nha-dau-tu-nuoc-ngoai-cua-vsd.chn,cafef
2023-02-03,EIB: Phát hành cổ phiếu để trả cổ tức,Ngân hàng Thương mại Cổ phần Xuất Nhập khẩu Việt Nam&nbsp;thông báo phát hành cổ phiếu để trả cổ tức như sau:,https://cafef.vn/du-lieu/EIB-327578/eib-phat-hanh-co-phieu-de-tra-co-tuc.chn,cafef
2023-02-03,EIB: Nghị quyết HĐQT về ngày ĐKCC chốt danh sách để thực hiện quyền nhận cổ tức bằng cổ phiếu,Ng&acirc;n h&agrave;ng Thương mại Cổ phần Xuất Nhập khẩu Việt Nam&nbsp;th&ocirc;ng b&aacute;o&nbsp;Nghị quyết HĐQT về ng&agrave;y đăng k&yacute; cuối c&ugrave;ng chốt danh s&aacute;ch để thực hiện quyền nhận cổ tức bằng cổ phiếu như sau:,https://cafef.vn/du-lieu/EIB-327590/eib-nghi-quyet-hdqt-ve-ngay-dkcc-chot-danh-sach-de-thuc-hien-quyen-nhan-co-tuc-bang-co-phieu.chn,cafef
2023-02-03,EIB: Nghị quyết HĐQT v/v đề cử nhân sự bầu bổ sung vào BKS nhiệm kỳ VII,Ng&acirc;n h&agrave;ng Thương mại Cổ phần Xuất Nhập khẩu Việt Nam&nbsp;th&ocirc;ng b&aacute;o&nbsp;Nghị quyết HĐQT về việc đề cử nh&acirc;n sự bầu bổ sung v&agrave;o BKS nhiệm kỳ VII như sau:,https://cafef.vn/du-lieu/EIB-327596/eib-nghi-quyet-hdqt-vv-de-cu-nhan-su-bau-bo-sung-vao-bks-nhiem-ky-vii.chn,cafef
2023-02-03,EIB: Nghị quyết HĐQT v/v cập nhật tài liệu họp ĐHĐCĐ bất thường ngày 14/02/2023,Ng&acirc;n h&agrave;ng Thương mại Cổ phần Xuất Nhập khẩu Việt Nam&nbsp;th&ocirc;ng b&aacute;o&nbsp;Nghị quyết HĐQT về việc cập nhật t&agrave;i liệu họp ĐHĐCĐ bất thường ng&agrave;y 14/02/2023 như sau:,https://cafef.vn/du-lieu/EIB-327620/eib-nghi-quyet-hdqt-vv-cap-nhat-tai-lieu-hop-dhdcd-bat-thuong-ngay-14022023.chn,cafef
2023-01-30,EIB: Công văn của UBCKNN về tài liệu báo cáo phát hành cổ phiếu để trả cổ tức của EIB,Ngân hàng Thương mại Cổ phần Xuất Nhập khẩu Việt Nam&nbsp;thông báo&nbsp;công văn của UBCKNN về tài liệu báo cáo phát hành cổ phiếu để trả cổ tức của EIB như sau:,https://cafef.vn/du-lieu/EIB-332165/eib-cong-van-cua-ubcknn-ve-tai-lieu-bao-cao-phat-hanh-co-phieu-de-tra-co-tuc-cua-eib.chn,cafef
2023-01-30,EIB: Báo cáo tình hình quản trị công ty năm 2022,Ng&acirc;n h&agrave;ng Thương mại Cổ phần Xuất Nhập khẩu Việt Nam c&ocirc;ng bố b&aacute;o c&aacute;o t&igrave;nh h&igrave;nh quản trị c&ocirc;ng ty năm 2022&nbsp;như sau:,https://cafef.vn/du-lieu/EIB-332951/eib-bao-cao-tinh-hinh-quan-tri-cong-ty-nam-2022.chn,cafef
2023-01-30,EIB: Báo cáo tình hình quản trị công ty năm 2022,Ng&acirc;n h&agrave;ng Thương mại Cổ phần Xuất Nhập khẩu Việt Nam c&ocirc;ng bố b&aacute;o c&aacute;o t&igrave;nh h&igrave;nh quản trị c&ocirc;ng ty năm 2022&nbsp;như sau:,https://cafef.vn/du-lieu/EIB-332954/eib-bao-cao-tinh-hinh-quan-tri-cong-ty-nam-2022.chn,cafef
2023-01-19,EIB: Giải trình biến động LNST quý 4/2022 so với cùng kỳ năm trước,Ngân hàng Thương mại Cổ phần Xuất Nhập khẩu Việt Nam&nbsp;giải trình biến động LNST quý 4/2022 so với cùng kỳ năm trước như sau:,https://cafef.vn/du-lieu/EIB-334265/eib-giai-trinh-bien-dong-lnst-quy-42022-so-voi-cung-ky-nam-truoc.chn,cafef
2023-01-19,EIB: Bổ sung tài liệu họp ĐHĐCĐ bất thường và giải trình nguyên nhân CBTT không đồng thời báo cáo,Ngân hàng Thương mại Cổ phần Xuất Nhập khẩu Việt Nam&nbsp;thông báo bổ sung tài liệu họp ĐHĐCĐ bất thường và giải trình nguyên nhân CBTT không đồng thời báo cáo như sau:,https://cafef.vn/du-lieu/EIB-335159/eib-bo-sung-tai-lieu-hop-dhdcd-bat-thuong-va-giai-trinh-nguyen-nhan-cbtt-khong-dong-thoi-bao-cao.chn,cafef
2023-01-16,EIB: Biên bản ghi nhận cuộc họp ĐHĐCĐ bất thường 16/01/2023,Ngân hàng Thương mại Cổ phần Xuất Nhập khẩu Việt Nam thông báo biên bản ghi nhận cuộc họp ĐHĐCĐ bất thường 16/01/2023 như sau:,https://cafef.vn/du-lieu/EIB-337442/eib-bien-ban-ghi-nhan-cuoc-hop-dhdcd-bat-thuong-16012023.chn,cafef
2023-01-16,EIB: Nghị quyết HĐQT thông qua triệu tập ĐHĐCĐ bất thường lần 2,Ng&acirc;n h&agrave;ng Thương mại Cổ phần Xuất Nhập khẩu Việt Nam th&ocirc;ng b&aacute;o nghị quyết HĐQT th&ocirc;ng qua triệu tập ĐHĐCĐ bất thường lần 2 như sau:,https://cafef.vn/du-lieu/EIB-337445/eib-nghi-quyet-hdqt-thong-qua-trieu-tap-dhdcd-bat-thuong-lan-2.chn,cafef
2023-01-16,1 thành viên HĐQT Eximbank: Đã có nhóm cổ đông mới thay thế SMBC,"Theo chia sẻ của vị đại diện ngân hàng này, đã có nhóm cổ đông mới thay thế SMBC. Năm 2023 Eximbank dự kiến chia cổ tức với tỷ lệ khá cao.",https://cafef.vn/1-thanh-vien-hdqt-eximbank-da-co-nhom-co-dong-moi-thay-the-smbc-20230116101357628.chn,cafef
2023-01-16,"Lộ diện 3 ứng viên vào HĐQT Eximbank: Bamboo Capital dự kiến có thêm 1 ghế, đại diện công ty BĐS, chứng khoán góp mặt",Ngân hàng TMCP Xuất Nhập khẩu Việt Nam (Eximbank) vừa công bố danh sách nhân sự dự kiến bầu bổ sung vào HĐQT nhiệm kỳ VII (2020 – 2025) bao gồm ba thành viên.,https://cafef.vn/lo-dien-3-ung-vien-vao-hdqt-eximbank-bamboo-capital-du-kien-co-them-1-ghe-dai-dien-cong-ty-bds-chung-khoan-gop-mat-20230116074655465.chn,cafef
2023-01-12,EIB: Công văn của NHNN v/v chấp thuận thay đổi địa điểm Phòng GD Phạm Văn Đồng và Quận 6,Ngân hàng Thương mại Cổ phần Xuất Nhập khẩu Việt Nam&nbsp;thông báo&nbsp;công văn của NHNN về việc chấp thuận cho EIB thay đổi địa điểm Phòng GD Phạm Văn Đồng và Phòng GD Quận 6&nbsp; như sau:,https://cafef.vn/du-lieu/EIB-339011/eib-cong-van-cua-nhnn-vv-chap-thuan-thay-doi-dia-diem-phong-gd-pham-van-dong-va-quan-6.chn,cafef
2023-01-12,EIB: Nghị quyết HĐQT v/v thay đổi địa điểm hoạt động của Eximbank Cẩm Lệ,Ng&acirc;n h&agrave;ng Thương mại Cổ phần Xuất Nhập khẩu Việt Nam&nbsp;th&ocirc;ng b&aacute;o&nbsp;Nghị quyết HĐQT về việc thay đổi địa điểm hoạt động của Eximbank Cẩm Lệ như sau:,https://cafef.vn/du-lieu/EIB-339017/eib-nghi-quyet-hdqt-vv-thay-doi-dia-diem-hoat-dong-cua-eximbank-cam-le.chn,cafef
2023-01-11,EIB: Công văn của NHNN về việc chấp thuận cho EIB thành lập 04 chi nhánh và 04 phòng giao dịch,Ngân hàng Thương mại Cổ phần Xuất Nhập khẩu Việt Nam&nbsp;thông báo công văn của NHNN về việc chấp thuận cho EIB thành lập 04 chi nhánh và 04 phòng giao dịch như sau:,https://cafef.vn/du-lieu/EIB-339767/eib-cong-van-cua-nhnn-ve-viec-chap-thuan-cho-eib-thanh-lap-04-chi-nhanh-va-04-phong-giao-dich.chn,cafef
2023-01-10,EIB: Nghị quyết HĐQT về thay đổi địa điểm đặt trụ sở Eximbank Tô Hiệu,Ng&acirc;n h&agrave;ng Thương mại Cổ phần Xuất Nhập khẩu Việt Nam th&ocirc;ng b&aacute;o&nbsp;nghị quyết HĐQT về thay đổi địa điểm đặt trụ sở Eximbank T&ocirc; Hiệu như sau:,https://cafef.vn/du-lieu/EIB-340358/eib-nghi-quyet-hdqt-ve-thay-doi-dia-diem-dat-tru-so-eximbank-to-hieu.chn,cafef
2023-01-04,EIB: Thay đổi địa điểm trụ sở Eximbank Tân Sơn Nhất,Ngân hàng Thương mại Cổ phần Xuất Nhập khẩu Việt Nam thông báo thay đổi địa điểm trụ sở Eximbank Tân Sơn Nhất như sau:,https://cafef.vn/du-lieu/EIB-342980/eib-thay-doi-dia-diem-tru-so-eximbank-tan-son-nhat.chn,cafef
2022-12-27,EIB: Nghị quyết HĐQT thông qua việc thay đổi địa điểm trụ sở Eximbank Việt Hưng,Ng&acirc;n h&agrave;ng Thương mại Cổ phần Xuất Nhập khẩu Việt Nam&nbsp;th&ocirc;ng b&aacute;o&nbsp;Nghị quyết HĐQT th&ocirc;ng qua việc thay đổi địa điểm trụ sở Eximbank Việt Hưng như sau:,https://cafef.vn/du-lieu/EIB-346313/eib-nghi-quyet-hdqt-thong-qua-viec-thay-doi-dia-diem-tru-so-eximbank-viet-hung.chn,cafef
2022-12-15,EIB: Nghị quyết HĐQT thay đổi tên các PGD trực thuộc CN Nam Đà Nẵng,&nbsp;Ng&acirc;n h&agrave;ng Thương mại Cổ phần Xuất Nhập khẩu Việt Nam th&ocirc;ng b&aacute;o nghị quyết HĐQT thay đổi t&ecirc;n c&aacute;c PGD trực thuộc CN Nam Đ&agrave; Nẵng như sau:,https://cafef.vn/du-lieu/EIB-351407/eib-nghi-quyet-hdqt-thay-doi-ten-cac-pgd-truc-thuoc-cn-nam-da-nang.chn,cafef
2022-12-15,EIB: CBTT giấy xác nhận thay đổi nội dung đăng ký doanh nghiệp,Ngân hàng Thương mại Cổ phần Xuất Nhập khẩu Việt Nam CBTT giấy xác nhận thay đổi nội dung đăng ký doanh nghiệp&nbsp;như sau:,https://cafef.vn/du-lieu/EIB-351413/eib-cbtt-giay-xac-nhan-thay-doi-noi-dung-dang-ky-doanh-nghiep.chn,cafef
2022-12-05,EIB: Thay đổi giấy phép hoạt động,Ngân hàng Thương mại Cổ phần Xuất Nhập khẩu Việt Nam thông báo&nbsp;thay đổi giấy phép hoạt động&nbsp;như sau:,https://cafef.vn/du-lieu/EIB-356369/eib-thay-doi-giay-phep-hoat-dong.chn,cafef
2022-12-02,EIB: Nghị quyết HĐQT v/v phê duyệt địa điểm tổ chức họp ĐHĐCĐ bất thường ngày 16/01/2023,Ng&acirc;n h&agrave;ng Thương mại Cổ phần Xuất Nhập khẩu Việt Nam&nbsp;th&ocirc;ng b&aacute;o&nbsp;Nghị quyết HĐQT về việc ph&ecirc; duyệt địa điểm tổ chức họp ĐHĐCĐ bất thường ng&agrave;y 16/01/2023 như sau:,https://cafef.vn/du-lieu/EIB-356705/eib-nghi-quyet-hdqt-vv-phe-duyet-dia-diem-to-chuc-hop-dhdcd-bat-thuong-ngay-16012023.chn,cafef
2022-12-02,EIB: Nghị quyết HĐQT về kế hoạch kinh doanh 2023 của Eximbank để trình ĐHĐCĐ thông qua,Ng&acirc;n h&agrave;ng Thương mại Cổ phần Xuất Nhập khẩu Việt Nam&nbsp;th&ocirc;ng b&aacute;o&nbsp;Nghị quyết HĐQT về kế hoạch kinh doanh 2023 của Eximbank để tr&igrave;nh ĐHĐCĐ th&ocirc;ng qua như sau:,https://cafef.vn/du-lieu/EIB-356723/eib-nghi-quyet-hdqt-ve-ke-hoach-kinh-doanh-2023-cua-eximbank-de-trinh-dhdcd-thong-qua.chn,cafef
2022-11-30,EIB: Công văn của NHNN v/v chấp thuận thay địa điểm đặt trụ sở Phòng GD Bình Thủy,Ngân hàng Thương mại Cổ phần Xuất Nhập khẩu Việt Nam&nbsp;thông báo&nbsp;công văn của NHNN về việc chấp thuận thay địa điểm đặt trụ sở Phòng GD Bình Thủy như sau:,https://cafef.vn/du-lieu/EIB-357944/eib-cong-van-cua-nhnn-vv-chap-thuan-thay-dia-diem-dat-tru-so-phong-gd-binh-thuy.chn,cafef
2022-11-23,EIB: Nghị quyết HĐQT thông qua việc thay đổi tên và địa điểm Eximbank Quang Trung,Ng&acirc;n h&agrave;ng Thương mại Cổ phần Xuất Nhập khẩu Việt Nam th&ocirc;ng b&aacute;o nghị quyết HĐQT th&ocirc;ng qua việc thay đổi t&ecirc;n v&agrave; địa điểm Eximbank Quang Trung như sau:,https://cafef.vn/du-lieu/EIB-361160/eib-nghi-quyet-hdqt-thong-qua-viec-thay-doi-ten-va-dia-diem-eximbank-quang-trung.chn,cafef
2022-11-21,EIB: Công văn của NHNN v/v chấp thuận cho EIB thay đổi địa điểm trụ sở Eximbank Lâm Đồng,Ngân hàng Thương mại Cổ phần Xuất Nhập khẩu Việt Nam&nbsp;thông báo&nbsp;&nbsp;công văn của NHNN về việc chấp thuận cho EIB thay đổi địa điểm trụ sở Eximbank Lâm Đồng như sau:,https://cafef.vn/du-lieu/EIB-362429/eib-cong-van-cua-nhnn-vv-chap-thuan-cho-eib-thay-doi-dia-diem-tru-so-eximbank-lam-dong.chn,cafef
2022-11-21,EIB: Công văn của UBCKNN về hồ sơ thông báo tỷ lệ SHNN tối đa của EIB,Ngân hàng Thương mại Cổ phần Xuất Nhập khẩu Việt Nam&nbsp;thông báo công văn của UBCKNN về hồ sơ thông báo tỷ lệ SHNN tối đa của EIB như sau:,https://cafef.vn/du-lieu/EIB-362438/eib-cong-van-cua-ubcknn-ve-ho-so-thong-bao-ty-le-shnn-toi-da-cua-eib.chn,cafef
2022-11-18,EIB: Nghị quyết HĐQT thay đổi tên và địa điểm EIB Minh Khai,Ng&acirc;n h&agrave;ng Thương mại Cổ phần Xuất Nhập khẩu Việt Nam th&ocirc;ng b&aacute;o nghị quyết HĐQT thay đổi t&ecirc;n v&agrave; địa điểm EIB Minh Khai như sau:,https://cafef.vn/du-lieu/EIB-362924/eib-nghi-quyet-hdqt-thay-doi-ten-va-dia-diem-eib-minh-khai.chn,cafef
2022-11-17,EIB: Công văn của NHNN v/v chấp thuận cho EIB thay đổi địa điểm Chi nhánh Hùng Vương,Ngân hàng Thương mại Cổ phần Xuất Nhập khẩu Việt Nam thông báo công văn của NHNN về việc chấp thuận cho EIB thay đổi địa điểm Chi nhánh Hùng Vương&nbsp;như sau:,https://cafef.vn/du-lieu/EIB-363833/eib-cong-van-cua-nhnn-vv-chap-thuan-cho-eib-thay-doi-dia-diem-chi-nhanh-hung-vuong.chn,cafef
2022-11-16,EIB: Giải trình về giá cổ phiếu giảm sàn 5 phiên liên tiếp,Ngân hàng Thương mại Cổ phần Xuất Nhập khẩu Việt Nam giải trình về giá cổ phiếu giảm sàn 5 phiên liên tiếp&nbsp;như sau:,https://cafef.vn/du-lieu/EIB-364178/eib-giai-trinh-ve-gia-co-phieu-giam-san-5-phien-lien-tiep.chn,cafef
2022-11-16,EIB: Nghị quyết HĐQT thay đổi địa điểm đặt trụ sở và tên gọi Eximbank Trần Nguyên Hãn,Ng&acirc;n h&agrave;ng Thương mại Cổ phần Xuất Nhập khẩu Việt Nam th&ocirc;ng b&aacute;o nghị quyết HĐQT thay đổi địa điểm đặt trụ sở v&agrave; t&ecirc;n gọi Eximbank Trần Nguy&ecirc;n H&atilde;n như sau:,https://cafef.vn/du-lieu/EIB-364550/eib-nghi-quyet-hdqt-thay-doi-dia-diem-dat-tru-so-va-ten-goi-eximbank-tran-nguyen-han.chn,cafef
2022-11-14,EIB: Nghị quyết HĐQT v/v thông qua thời gian tổ chức ĐHĐCĐ bất thường,Ng&acirc;n h&agrave;ng Thương mại Cổ phần Xuất Nhập khẩu Việt Nam&nbsp;th&ocirc;ng b&aacute;o&nbsp;Nghị quyết HĐQT về việc th&ocirc;ng qua thời gian tổ chức ĐHĐCĐ bất thường như sau:,https://cafef.vn/du-lieu/EIB-365450/eib-nghi-quyet-hdqt-vv-thong-qua-thoi-gian-to-chuc-dhdcd-bat-thuong.chn,cafef
2022-11-10,EIB: Nghị quyết HĐQT thông qua việc thay đổi địa điểm trụ sở Eximbank Quận 6,Ng&acirc;n h&agrave;ng Thương mại Cổ phần Xuất Nhập khẩu Việt Nam&nbsp;th&ocirc;ng b&aacute;o&nbsp;Nghị quyết HĐQT th&ocirc;ng qua việc thay đổi địa điểm trụ sở Eximbank Quận 6 như sau:,https://cafef.vn/du-lieu/EIB-366713/eib-nghi-quyet-hdqt-thong-qua-viec-thay-doi-dia-diem-tru-so-eximbank-quan-6.chn,cafef
2022-11-09,EIB: Chấp thuận thay đổi địa điểm PGD SaiGon Pearl,Ngân hàng Thương mại Cổ phần Xuất Nhập khẩu Việt Nam thông báo về việc chấp thuận thay đổi địa điểm PGD SaiGon Pearl như sau:,https://cafef.vn/du-lieu/EIB-367154/eib-chap-thuan-thay-doi-dia-diem-pgd-saigon-pearl.chn,cafef
2022-11-03,"EIB: 25.11.2022, ngày GDKHQ tổ chức ĐHĐCĐ bất thường năm 2022",Sở Giao dịch Chứng khoán TP.HCM thông báo&nbsp;ngày ĐKCC tổ chức ĐHĐCĐ bất thường năm 2022&nbsp;của Ngân hàng Thương mại Cổ phần Xuất Nhập khẩu Việt Nam (mã CK:&nbsp;EIB ) như sau:,https://cafef.vn/du-lieu/EIB-369770/eib-25112022-ngay-gdkhq-to-chuc-dhdcd-bat-thuong-nam-2022.chn,cafef
2022-10-28,EIB: Nghị quyết HĐQT v/v tổ chức ĐHĐCĐ bất thường dự kiến tháng 1 năm 2023,Ng&acirc;n h&agrave;ng Thương mại Cổ phần Xuất Nhập khẩu Việt Nam th&ocirc;ng b&aacute;o&nbsp;Nghị quyết HĐQT về việc tổ chức ĐHĐCĐ bất thường dự kiến th&aacute;ng 1 năm 2023 như sau:,https://cafef.vn/du-lieu/EIB-372851/eib-nghi-quyet-hdqt-vv-to-chuc-dhdcd-bat-thuong-du-kien-thang-1-nam-2023.chn,cafef
2022-10-28,EIB: Nghị quyết HĐQT số 421/2022 ngày 28/10/2022,Ng&acirc;n h&agrave;ng Thương mại Cổ phần Xuất Nhập khẩu Việt Nam th&ocirc;ng b&aacute;o&nbsp;Nghị quyết HĐQT số 421/2022 ng&agrave;y 28/10/2022 như sau:,https://cafef.vn/du-lieu/EIB-372854/eib-nghi-quyet-hdqt-so-4212022-ngay-28102022.chn,cafef
2022-10-27,EIB: Thay đổi địa điểm Eximbank PGD Phạm Hùng,Ngân hàng Thương mại Cổ phần Xuất Nhập khẩu Việt Nam thông báo thay đổi địa điểm Eximbank PGD Phạm Hùng như sau:,https://cafef.vn/du-lieu/EIB-374306/eib-thay-doi-dia-diem-eximbank-pgd-pham-hung.chn,cafef
2022-10-25,EIB: Giải trình biến động LNST BCTC HN và riêng quý 3/2022 so với cùng kỳ năm trước,Ngân hàng Thương mại Cổ phần Xuất Nhập khẩu Việt Nam giải trình biến động LNST BCTC HN và riêng quý 3/2022 so với cùng kỳ năm trước&nbsp;như sau:,https://cafef.vn/du-lieu/EIB-375260/eib-giai-trinh-bien-dong-lnst-bctc-hn-va-rieng-quy-32022-so-voi-cung-ky-nam-truoc.chn,cafef
2022-10-24,EIB: NQ HĐQT thông qua hủy nghị quyết số 276 v/v thay đổi tên và địa điểm của EIB Nguyễn Thái Học,Ngân hàng Thương mại Cổ phần Xuất Nhập khẩu Việt Nam&nbsp;thông báo&nbsp;Nghị quyết HĐQT thông qua&nbsp; hủy nghị quyết&nbsp; số 276 về việc thay đổi tên và địa điểm hoạt động của EIB Nguyễn Thái Học như sau:,https://cafef.vn/du-lieu/EIB-376091/eib-nq-hdqt-thong-qua-huy-nghi-quyet-so-276-vv-thay-doi-ten-va-dia-diem-cua-eib-nguyen-thai-hoc.chn,cafef
2022-10-20,EIB: Công văn của NHNN về việc chấp thuận cho EIB thay đổi tên và địa điểm Phòng giao dịch Tư Nghĩa,Ngân hàng Thương mại Cổ phần Xuất Nhập khẩu Việt Nam&nbsp;thông báo&nbsp;công văn của NHNN về việc chấp thuận cho EIB thay đổi tên và địa điểm Phòng giao dịch Tư Nghĩa&nbsp;như sau:,https://cafef.vn/du-lieu/EIB-378101/eib-cong-van-cua-nhnn-ve-viec-chap-thuan-cho-eib-thay-doi-ten-va-dia-diem-phong-giao-dich-tu-nghia.chn,cafef
2022-10-18,EIB: Nghị quyết HĐQT v/v thay đổi tên và địa điểm trụ sở Eximbank Thành Thái,Ngân hàng Thương mại Cổ phần Xuất Nhập khẩu Việt Nam thông báo&nbsp;Nghị quyết HĐQT về việc thay đổi tên và địa điểm trụ sở Eximbank Thành Thái như sau:,https://cafef.vn/du-lieu/EIB-379577/eib-nghi-quyet-hdqt-vv-thay-doi-ten-va-dia-diem-tru-so-eximbank-thanh-thai.chn,cafef
2022-10-18,EIB: Thay đổi địa điểm Eximbank PGD Trần Não,Ngân hàng Thương mại Cổ phần Xuất Nhập khẩu Việt Nam thông báo thay đổi địa điểm Eximbank PGD Trần Não như sau:,https://cafef.vn/du-lieu/EIB-379976/eib-thay-doi-dia-diem-eximbank-pgd-tran-nao.chn,cafef
2022-10-07,EIB: Nghị quyết HĐQT v/v thay đồi tên gọi của Eximbank quận 2,Ngân hàng Thương mại Cổ phần Xuất Nhập khẩu Việt Nam&nbsp;thông báo&nbsp;Nghị quyết HĐQT về việc thay đồi tên gọi của Eximbank quận 2 như sau:,https://cafef.vn/du-lieu/EIB-384227/eib-nghi-quyet-hdqt-vv-thay-doi-ten-goi-cua-eximbank-quan-2.chn,cafef
2022-10-03,EIB: Nghị quyết HĐQT thay đổi tên và địa điểm EIB Bến Chương Dương,Ngân hàng Thương mại Cổ phần Xuất Nhập khẩu Việt Nam công bố nghị quyết HĐQT thay đổi tên và địa điểm EIB Bến Chương Dương như sau:,https://cafef.vn/du-lieu/EIB-386654/eib-nghi-quyet-hdqt-thay-doi-ten-va-dia-diem-eib-ben-chuong-duong.chn,cafef
2022-09-21,EIB: Công văn của NHNN về việc chấp thuận cho EIB thay đổi địa điểm trụ sở Phòng giao dịch SA LA,Ngân hàng Thương mại Cổ phần Xuất Nhập khẩu Việt Nam&nbsp;thông báo&nbsp;công văn của NHNN về việc chấp thuận cho EIB thay đổi địa điểm trụ sở Phòng giao dịch SA LA như sau:,https://cafef.vn/du-lieu/EIB-392027/eib-cong-van-cua-nhnn-ve-viec-chap-thuan-cho-eib-thay-doi-dia-diem-tru-so-phong-giao-dich-sa-la.chn,cafef
2022-09-14,EIB: Ông Võ Quang Hiển thôi giữ chức TV.HĐQT từ 14.9.2022,Ngân hàng Thương mại Cổ phần Xuất Nhập khẩu Việt Nam&nbsp;thông báo&nbsp;Nghị quyết HĐQT số 368/2022 ngày 14/09/2022 như sau:,https://cafef.vn/du-lieu/EIB-394952/eib-ong-vo-quang-hien-thoi-giu-chuc-tvhdqt-tu-1492022.chn,cafef
2022-09-14,EIB: Nghị quyết HĐQT v/v thay đổi tên và địa điểm hoạt động của Eximbank Võ Văn Tần,Ngân hàng Thương mại Cổ phần Xuất Nhập khẩu Việt Nam&nbsp;thông báo&nbsp;Nghị quyết HĐQT về việc thay đổi tên và địa điểm hoạt động của Eximbank Võ Văn Tần như sau:,https://cafef.vn/du-lieu/EIB-395312/eib-nghi-quyet-hdqt-vv-thay-doi-ten-va-dia-diem-hoat-dong-cua-eximbank-vo-van-tan.chn,cafef
2022-09-13,EIB: Công văn của NHNN chi nhánh TP.HCM chấp thuận thay đổi địa điểm Phòng giao dịch CMT8 - CN Q.10,Ngân hàng Thương mại Cổ phần Xuất Nhập khẩu Việt Nam&nbsp;công bố công văn của NHNN chi nhánh TP.HCM chấp thuận thay đổi địa điểm Phòng giao dịch CMT8 - CN Q.10 như sau:,https://cafef.vn/du-lieu/EIB-395648/eib-cong-van-cua-nhnn-chi-nhanh-tphcm-chap-thuan-thay-doi-dia-diem-phong-giao-dich-cmt8-cn-q10.chn,cafef
2022-09-12,EIB: Quyết định của NHNN v/v chấp thuận tăng vốn điều lệ thông qua trả cổ tức bằng cổ phiếu,Ngân hàng Thương mại Cổ phần Xuất Nhập khẩu Việt Nam&nbsp;công bố&nbsp;Quyết định của NHNN về việc chấp thuận tăng vốn điều lệ thông qua trả cổ tức bằng cổ phiếu như sau:,https://cafef.vn/du-lieu/EIB-396374/eib-quyet-dinh-cua-nhnn-vv-chap-thuan-tang-von-dieu-le-thong-qua-tra-co-tuc-bang-co-phieu.chn,cafef
2022-09-06,EIB: Công văn của NHNN chấp thuận cho EIB thay đổi địa điểm trụ sở Phòng giao dịch Đô Lương,Ngân hàng Thương mại Cổ phần Xuất Nhập khẩu Việt Nam&nbsp;thông báo&nbsp;công văn của NHNN về việc chấp thuận cho EIB thay đổi địa điểm trụ sở Phòng giao dịch Đô Lương&nbsp;như sau:,https://cafef.vn/du-lieu/EIB-398774/eib-cong-van-cua-nhnn-chap-thuan-cho-eib-thay-doi-dia-diem-tru-so-phong-giao-dich-do-luong.chn,cafef
2022-08-31,EIB: Công văn của NHNN chi nhánh TP.HCM chấp thuận thay đổi địa điểm PGD Nguyễn Sơn CN Cộng Hòa,Ngân hàng Thương mại Cổ phần Xuất Nhập khẩu Việt Nam công bố công văn của NHNN chi nhánh TP.HCM chấp thuận thay đổi địa điểm Phòng giao dịch Nguyễn Sơn - CN Cộng Hòa như sau:,https://cafef.vn/du-lieu/EIB-401075/eib-cong-van-cua-nhnn-chi-nhanh-tphcm-chap-thuan-thay-doi-dia-diem-pgd-nguyen-son-cn-cong-hoa.chn,cafef
2022-08-26,EIB: Giải trình biến động lợi nhuận 6 tháng đầu năm 2022 đã soát xét so với cùng kỳ năm trước,Ngân hàng Thương mại Cổ phần Xuất Nhập khẩu Việt Nam&nbsp;giải trình biến động lợi nhuận 6 tháng đầu năm 2022 đã soát xét so với cùng kỳ năm trước như sau:,https://cafef.vn/du-lieu/EIB-403757/eib-giai-trinh-bien-dong-loi-nhuan-6-thang-dau-nam-2022-da-soat-xet-so-voi-cung-ky-nam-truoc.chn,cafef
2022-08-26,EIB: Công văn của NHNN chấp thuận cho EIB thay đổi địa điểm trụ sở Phòng giao dịch,"Ngân hàng Thương mại Cổ phần Xuất Nhập khẩu Việt Nam&nbsp;thông báo&nbsp;công văn của NHNN về việc chấp thuận cho EIB thay đổi địa điểm trụ sở Phòng giao dịch Nhật Tảo, Kim Biên, Trương Vĩnh Ký và Bắc Hải, như sau:",https://cafef.vn/du-lieu/EIB-403967/eib-cong-van-cua-nhnn-chap-thuan-cho-eib-thay-doi-dia-diem-tru-so-phong-giao-dich.chn,cafef
2022-08-19,EIB: Nghị quyết HĐQT v/v triển khai phương án phát hành cổ phiếu để trả cổ tức bằng cổ phiếu,Ngân hàng Thương mại Cổ phần Xuất Nhập khẩu Việt Nam&nbsp;thông báo&nbsp;Nghị quyết HĐQT về việc triển khai phương án phát hành cổ phiếu để trả cổ tức bằng cổ phiếu như sau:,https://cafef.vn/du-lieu/EIB-407297/eib-nghi-quyet-hdqt-vv-trien-khai-phuong-an-phat-hanh-co-phieu-de-tra-co-tuc-bang-co-phieu.chn,cafef
2022-08-18,EIB: Nghị quyết HĐQT v/v thay đổi tên và địa điểm hoạt động của Eximbank Trà Nóc,Ngân hàng Thương mại Cổ phần Xuất Nhập khẩu Việt Nam&nbsp;thông báo&nbsp;Nghị quyết HĐQT về việc thay đổi tên và địa điểm hoạt động của Eximbank Trà Nóc như sau:,https://cafef.vn/du-lieu/EIB-407768/eib-nghi-quyet-hdqt-vv-thay-doi-ten-va-dia-diem-hoat-dong-cua-eximbank-tra-noc.chn,cafef
2022-08-11,EIB: Nghị quyết HĐQT v/v thay đổi tên và địa điểm hoạt động đối với các đơn vị kinh doanh của EIB,Ngân hàng Thương mại Cổ phần Xuất Nhập khẩu Việt Nam&nbsp;thông báo&nbsp;Nghị quyết HĐQT về việc thay đổi tên và địa điểm hoạt động đối với các đơn vị kinh doanh của EIB như sau:,https://cafef.vn/du-lieu/EIB-411791/eib-nghi-quyet-hdqt-vv-thay-doi-ten-va-dia-diem-hoat-dong-doi-voi-cac-don-vi-kinh-doanh-cua-eib.chn,cafef
2022-08-03,EIB: Thay đổi tên và địa điểm hoạt động EIB An Đông và Nguyễn Công Trứ,Ngân hàng Thương mại Cổ phần Xuất Nhập khẩu Việt Nam&nbsp;thông báo&nbsp;&nbsp;thay đổi tên và địa điểm hoạt động EIB An Đông và Nguyễn Công Trứ&nbsp;như sau:,https://cafef.vn/du-lieu/EIB-416111/eib-thay-doi-ten-va-dia-diem-hoat-dong-eib-an-dong-va-nguyen-cong-tru.chn,cafef
2022-08-03,EIB: Nhận được Quyết định của NHNN v/v sửa đổi nội dung về thời hạn hoạt động tại giấy phép của EIB,&nbsp;Ngân hàng Thương mại Cổ phần Xuất Nhập khẩu Việt Nam&nbsp;thông báo nhận được Quyết định của NHNN về việc sửa đổi nội dung về thời hạn hoạt động tại giấy phép của EIB như sau:,https://cafef.vn/du-lieu/EIB-416519/eib-nhan-duoc-quyet-dinh-cua-nhnn-vv-sua-doi-noi-dung-ve-thoi-han-hoat-dong-tai-giay-phep-cua-eib.chn,cafef
2022-07-29,EIB: Giải trình biến động LNST quý 2/2022 so với cùng kỳ năm trước,Ngân hàng Thương mại Cổ phần Xuất Nhập khẩu Việt Nam giải trình biến động LNST quý 2/2022 so với cùng kỳ năm trước như sau:,https://cafef.vn/du-lieu/EIB-420332/eib-giai-trinh-bien-dong-lnst-quy-22022-so-voi-cung-ky-nam-truoc.chn,cafef
2022-07-28,"EIB: Nghị quyết HĐQT v/v thay đổi địa điểm, tên DVKD và ký kết hợp đồng với CTCP Bảo Hiểm AAA","Ngân hàng Thương mại Cổ phần Xuất Nhập khẩu Việt Nam&nbsp;thông báo&nbsp;Nghị quyết HĐQT về việc thay đổi địa điểm, tên DVKD và ký kết hợp đồng với CTCP Bảo Hiểm AAA như sau:",https://cafef.vn/du-lieu/EIB-420935/eib-nghi-quyet-hdqt-vv-thay-doi-dia-diem-ten-dvkd-va-ky-ket-hop-dong-voi-ctcp-bao-hiem-aaa.chn,cafef
2022-07-26,EIB: Báo cáo tình hình quản trị công ty 6 tháng đầu năm 2022,Ngân hàng Thương mại Cổ phần Xuất Nhập khẩu Việt Nam&nbsp;công bố báo cáo tình hình quản trị công ty 6 tháng đầu năm 2022&nbsp;như sau:,https://cafef.vn/du-lieu/EIB-423110/eib-bao-cao-tinh-hinh-quan-tri-cong-ty-6-thang-dau-nam-2022.chn,cafef
2022-07-22,EIB: Nghị quyết HĐQT v/v thay đổi tên và địa điểm đặt trụ sở Eximbank Bến Chương Dương,Ngân hàng Thương mại Cổ phần Xuất Nhập khẩu Việt Nam&nbsp;công bố&nbsp;Nghị quyết HĐQT về việc thay đổi tên và địa điểm đặt trụ sở Eximbank Bến Chương Dương như sau:,https://cafef.vn/du-lieu/EIB-425636/eib-nghi-quyet-hdqt-vv-thay-doi-ten-va-dia-diem-dat-tru-so-eximbank-ben-chuong-duong.chn,cafef
2022-07-21,EIB: Công văn của NHNN v/v chấp thuận cho EIB thay đổi địa điểm trụ sở Phòng giao dịch Nguyễn Văn Cừ,Cô&nbsp;Ngân hàng Thương mại Cổ phần Xuất Nhập khẩu Việt Nam thông báo&nbsp;công văn của NHNN về việc chấp thuận cho EIB thay đổi địa điểm trụ sở Phòng giao dịch Nguyễn Văn Cừ như sau:,https://cafef.vn/du-lieu/EIB-426275/eib-cong-van-cua-nhnn-vv-chap-thuan-cho-eib-thay-doi-dia-diem-tru-so-phong-giao-dich-nguyen-van-cu.chn,cafef
2022-07-19,EIB: Nghị quyết HĐQT v/v thay đổi địa điểm đặt trụ sở Eximbank Quận 2,Ngân hàng Thương mại Cổ phần Xuất Nhập khẩu Việt Nam&nbsp;thông báo&nbsp;Nghị quyết HĐQT về việc thay đổi địa điểm đặt trụ sở Eximbank Quận 2 như sau:,https://cafef.vn/du-lieu/EIB-428366/eib-nghi-quyet-hdqt-vv-thay-doi-dia-diem-dat-tru-so-eximbank-quan-2.chn,cafef
2022-07-12,EIB: Các Nghị quyết HĐQT v/v thay đổi tên và địa điểm hoạt động của một số đơn vị kinh doanh của EIB,"Ngân hàng Thương mại Cổ phần Xuất Nhập khẩu Việt Nam thông báo các Nghị quyết HĐQT số 280, 282, 283, 284 về việc thay đổi tên và địa điểm hoạt động của một số đơn vị kinh doanh của EIB như sau:",https://cafef.vn/du-lieu/EIB-431993/eib-cac-nghi-quyet-hdqt-vv-thay-doi-ten-va-dia-diem-hoat-dong-cua-mot-so-don-vi-kinh-doanh-cua-eib.chn,cafef
2022-07-07,"EIB: Thay đổi tên và địa điểm hoạt động của EIB Lý Tự Trọng, Lâm Đồng, Nguyễn Thái Học","Ngân hàng Thương mại Cổ phần Xuất Nhập khẩu Việt Nam&nbsp;thông báo&nbsp;Nghị quyết HĐQT về việc thay đổi tên và địa điểm hoạt động của EIB Lý Tự Trọng, Lâm Đồng, Nguyễn Thái Học như sau:",https://cafef.vn/du-lieu/EIB-434681/eib-thay-doi-ten-va-dia-diem-hoat-dong-cua-eib-ly-tu-trong-lam-dong-nguyen-thai-hoc.chn,cafef
2022-07-04,EIB: Lựa chọn công ty kiểm toán và ký kết hợp đồng kiểm toán BCTC 2022,Ngân hàng Thương mại Cổ phần Xuất Nhập khẩu Việt Nam&nbsp;thông báo lựa chọn công ty kiểm toán và ký kết hợp đồng kiểm toán BCTC 2022 như sau:,https://cafef.vn/du-lieu/EIB-436706/eib-lua-chon-cong-ty-kiem-toan-va-ky-ket-hop-dong-kiem-toan-bctc-2022.chn,cafef
2022-06-29,EIB: Công văn của NHNN v/v chấp thuận thay địa điểm hoạt động Phòng giao dịch Tân Bình,&nbsp;Công tyNgân hàng Thương mại Cổ phần Xuất Nhập khẩu Việt Nam thông báo&nbsp;công văn của NHNN về việc chấp thuận thay địa điểm hoạt động Phòng giao dịch Tân Bình như sau:,https://cafef.vn/du-lieu/EIB-439247/eib-cong-van-cua-nhnn-vv-chap-thuan-thay-dia-diem-hoat-dong-phong-giao-dich-tan-binh.chn,cafef
2022-06-23,EIB: HĐQT thông qua việc chọn NH SMBC là Ngân hàng phát hành StandBy L/C cho EIB,Ngân hàng Thương mại Cổ phần Xuất Nhập khẩu Việt Nam thông báo&nbsp;HĐQT thông qua việc chọn NH SMBC là Ngân hàng phát hành StandBy L/C cho EIB như sau:,https://cafef.vn/du-lieu/EIB-443318/eib-hdqt-thong-qua-viec-chon-nh-smbc-la-ngan-hang-phat-hanh-standby-lc-cho-eib.chn,cafef
2022-06-22,EIB: Nhận được công văn của NHNN v/v chấp thuận thay đổi địa điểm đặt trụ sở EIB Chi nhánh Bạc Liêu,Ngân hàng Thương mại Cổ phần Xuất Nhập khẩu Việt Nam thông báo&nbsp;nhận được công văn của NHNN về việc chấp thuận thay đổi địa điểm đặt trụ sở EIB Chi nhánh Bạc Liêu như sau:,https://cafef.vn/du-lieu/EIB-444176/eib-nhan-duoc-cong-van-cua-nhnn-vv-chap-thuan-thay-doi-dia-diem-dat-tru-so-eib-chi-nhanh-bac-lieu.chn,cafef
2022-06-16,EIB: Nghị quyết HĐQT v/v triển khai phương án phát hành cổ phiếu để trả cổ tức,Ngân hàng Thương mại Cổ phần Xuất Nhập khẩu Việt Nam&nbsp;thông báo&nbsp;Nghị quyết HĐQT về việc triển khai phương án phát hành cổ phiếu để trả cổ tức từ nguồn lợi nhuận từ năm 2017 - năm 2021 như sau:,https://cafef.vn/du-lieu/EIB-446954/eib-nghi-quyet-hdqt-vv-trien-khai-phuong-an-phat-hanh-co-phieu-de-tra-co-tuc.chn,cafef
2022-06-15,EIB: Nghị quyết HĐQT v/v thay đổi địa điểm hoạt động Eximbank Bắc Hải và Eximbank Ô Môn,Ngân hàng Thương mại Cổ phần Xuất Nhập khẩu Việt Nam thông báo Nghị quyết HĐQT về việc thay đổi địa điểm hoạt động Eximbank Bắc Hải và Eximbank Ô Môn như sau:,https://cafef.vn/du-lieu/EIB-447782/eib-nghi-quyet-hdqt-vv-thay-doi-dia-diem-hoat-dong-eximbank-bac-hai-va-eximbank-o-mon.chn,cafef
2022-06-15,EIB: Đính chính Nghị quyết HĐQT số 201/2022 ngày 05/05/2022,Ngân hàng Thương mại Cổ phần Xuất Nhập khẩu Việt Nam đính chính Nghị quyết HĐQT số 201/2022 ngày 05/05/2022&nbsp;như sau:,https://cafef.vn/du-lieu/EIB-447785/eib-dinh-chinh-nghi-quyet-hdqt-so-2012022-ngay-05052022.chn,cafef
2022-06-09,EIB: Công văn của NHNN về việc chấp thuận thay đổi địa điểm phòng giao dịch Điện Biên Phủ,Ngân hàng Thương mại Cổ phần Xuất Nhập khẩu Việt Nam&nbsp;thông báo&nbsp;công văn của NHNN về việc chấp thuận thay đổi địa điểm phòng giao dịch Điện Biên Phủ như sau:,https://cafef.vn/du-lieu/EIB-450251/eib-cong-van-cua-nhnn-ve-viec-chap-thuan-thay-doi-dia-diem-phong-giao-dich-dien-bien-phu.chn,cafef
2022-06-01,EIB: Nghị quyết HĐQT v/v thay đổi địa điểm chi nhánh Hải Phòng đặt trụ sở Eximbank Bạc Liêu,Ngân hàng Thương mại Cổ phần Xuất Nhập khẩu Việt Nam&nbsp;thông báo Nghị quyết HĐQT về việc thay đổi địa điểm chi nhánh Hải Phòng đặt trụ sở Eximbank Bạc Liêu như sau:,https://cafef.vn/du-lieu/EIB-454589/eib-nghi-quyet-hdqt-vv-thay-doi-dia-diem-chi-nhanh-hai-phong-dat-tru-so-eximbank-bac-lieu.chn,cafef
2022-05-31,EIB: Nghị quyết HĐQT v/v thay đổi tên và địa điểm đặt trụ sở Eximbank Nguyễn Nghiêm,Ngân hàng Thương mại Cổ phần Xuất Nhập khẩu Việt Nam thông báo&nbsp;Nghị quyết HĐQT về việc thay đổi tên và địa điểm đặt trụ sở Eximbank Nguyễn Nghiêm như sau:,https://cafef.vn/du-lieu/EIB-455885/eib-nghi-quyet-hdqt-vv-thay-doi-ten-va-dia-diem-dat-tru-so-eximbank-nguyen-nghiem.chn,cafef
2022-05-30,EIB: Nghị quyết và Biên bản họp ĐHĐCĐ thường niên năm 2022 tổ chức lần 2,Ngân hàng Thương mại Cổ phần Xuất Nhập khẩu Việt Nam&nbsp;thông báo&nbsp;Nghị quyết và Biên bản họp ĐHĐCĐ thường niên năm 2022 tổ chức lần 2 như sau:,https://cafef.vn/du-lieu/EIB-456413/eib-nghi-quyet-va-bien-ban-hop-dhdcd-thuong-nien-nam-2022-to-chuc-lan-2.chn,cafef
2022-05-26,EIB: Nghị quyết HĐQT v/v thay đổi địa điểm đặt trụ sở Eximbank Nhật Tảo,Ngân hàng Thương mại Cổ phần Xuất Nhập khẩu Việt Nam thông báo&nbsp;Nghị quyết HĐQT về việc thay đổi địa điểm đặt trụ sở Eximbank Nhật Tảo như sau:,https://cafef.vn/du-lieu/EIB-457619/eib-nghi-quyet-hdqt-vv-thay-doi-dia-diem-dat-tru-so-eximbank-nhat-tao.chn,cafef
2022-05-26,EIB: Nghị quyết HĐQT v/v thay đổi địa điểm đặt trụ sở Eximbank Kim Biên,Ngân hàng Thương mại Cổ phần Xuất Nhập khẩu Việt Nam thông báo Nghị quyết HĐQT về việc thay đổi địa điểm đặt trụ sở Eximbank Kim Biên như sau:,https://cafef.vn/du-lieu/EIB-457673/eib-nghi-quyet-hdqt-vv-thay-doi-dia-diem-dat-tru-so-eximbank-kim-bien.chn,cafef
2022-05-25,EIB: Quyết định của UBCKNN  v/v chấp thuận thay đổi địa điểm đặt trụ sở Phòng giao dịch Đức Trọng,Ngân hàng Thương mại Cổ phần Xuất Nhập khẩu Việt Nam&nbsp;công bố&nbsp;Quyết định của UBCKNN về việc chấp thuận thay đổi địa điểm đặt trụ sở Phòng giao dịch Đức Trọng như sau:,https://cafef.vn/du-lieu/EIB-458297/eib-quyet-dinh-cua-ubcknn-vv-chap-thuan-thay-doi-dia-diem-dat-tru-so-phong-giao-dich-duc-trong.chn,cafef
2022-05-13,EIB: Nghị quyết HĐQT v/v thay đổi địa điểm đặt trụ sở Eximbank Cẩm Phả,Ngân hàng Thương mại Cổ phần Xuất Nhập khẩu Việt Nam&nbsp;thông báo&nbsp;Nghị quyết HĐQT về việc thay đổi địa điểm đặt trụ sở Eximbank Cẩm Phả như sau:,https://cafef.vn/du-lieu/EIB-464603/eib-nghi-quyet-hdqt-vv-thay-doi-dia-diem-dat-tru-so-eximbank-cam-pha.chn,cafef
2022-05-10,EIB: Nghị quyết HĐQT v/v thay đổi địa điểm trụ sở Eximbank Đô Lương,Ngân hàng Thương mại Cổ phần Xuất Nhập khẩu Việt Nam&nbsp;thông báo&nbsp;Nghị quyết HĐQT về việc thay đổi địa điểm trụ sở Eximbank Đô Lương như sau:,https://cafef.vn/du-lieu/EIB-466856/eib-nghi-quyet-hdqt-vv-thay-doi-dia-diem-tru-so-eximbank-do-luong.chn,cafef
2022-05-06,EIB: Nghị quyết HĐQT thông qua phương án phát hành trái phiếu riêng lẻ năm 2022,Ngân hàng Thương mại Cổ phần Xuất Nhập khẩu Việt Nam&nbsp;thông báo&nbsp;Nghị quyết HĐQT về việc thông qua phương án phát hành trái phiếu riêng lẻ năm 2022 như sau:,https://cafef.vn/du-lieu/EIB-470063/eib-nghi-quyet-hdqt-thong-qua-phuong-an-phat-hanh-trai-phieu-rieng-le-nam-2022.chn,cafef
2022-05-05,EIB: Nghị quyết HĐQT v/v thay đổi địa điểm đặt trụ sở Eximbank Phong Điền,&nbsp;Ngân hàng Thương mại Cổ phần Xuất Nhập khẩu Việt Nam&nbsp;thông báo&nbsp;Nghị quyết HĐQT về việc thay đổi địa điểm đặt trụ sở Eximbank Phong Điền như sau:,https://cafef.vn/du-lieu/EIB-470876/eib-nghi-quyet-hdqt-vv-thay-doi-dia-diem-dat-tru-so-eximbank-phong-dien.chn,cafef
2022-04-29,EIB: Giải trình biến động LNST quý 1/2022 so với cùng kỳ năm trước,Ngân hàng Thương mại Cổ phần Xuất Nhập khẩu Việt Nam&nbsp;giải trình biến động LNST quý 1/2022 so với cùng kỳ năm trước như sau:,https://cafef.vn/du-lieu/EIB-474992/eib-giai-trinh-bien-dong-lnst-quy-12022-so-voi-cung-ky-nam-truoc.chn,cafef
2022-04-28,EIB: Nghị quyết và Biên bản họp ĐHĐCĐ thường niên năm 2022 (lần 1 không thành công),&nbsp;Ngân hàng Thương mại Cổ phần Xuất Nhập khẩu Việt Nam&nbsp;thông báo&nbsp;Nghị quyết và Biên bản họp ĐHĐCĐ thường niên năm 2022 (lần 1 không thành công) như sau:,https://cafef.vn/du-lieu/EIB-475589/eib-nghi-quyet-va-bien-ban-hop-dhdcd-thuong-nien-nam-2022-lan-1-khong-thanh-cong.chn,cafef
2022-04-28,EIB: Nghị quyết HĐQT v/v tổ chức họp ĐHĐCĐ thường niên 2022 lần 2,&nbsp;Ngân hàng Thương mại Cổ phần Xuất Nhập khẩu Việt Nam&nbsp;thông báo Nghị quyết HĐQT về việc tổ chức họp ĐHĐCĐ thường niên 2022 lần 2 như sau:,https://cafef.vn/du-lieu/EIB-475592/eib-nghi-quyet-hdqt-vv-to-chuc-hop-dhdcd-thuong-nien-2022-lan-2.chn,cafef
2022-04-26,EIB: Nghị quyết HĐQT v/v thay đổi địa điểm đặt trụ sở Eximbank Tân Bình,Ngân hàng Thương mại Cổ phần Xuất Nhập khẩu Việt Nam&nbsp;thông báo&nbsp;Nghị quyết HĐQT về việc thay đổi địa điểm đặt trụ sở Eximbank Tân Bình như sau:,https://cafef.vn/du-lieu/EIB-478115/eib-nghi-quyet-hdqt-vv-thay-doi-dia-diem-dat-tru-so-eximbank-tan-binh.chn,cafef
2022-04-06,EIB: Nghị quyết HĐQT thông qua tài liệu họp ĐHĐCĐ thường niên năm 2022,Ngân hàng Thương mại Cổ phần Xuất Nhập khẩu Việt Nam&nbsp;thông báo&nbsp;Nghị quyết HĐQT về việc thông qua tài liệu họp ĐHĐCĐ thường niên năm 2022 như sau:,https://cafef.vn/du-lieu/EIB-494795/eib-nghi-quyet-hdqt-thong-qua-tai-lieu-hop-dhdcd-thuong-nien-nam-2022.chn,cafef
2022-02-10,EIB: Nghị quyết HĐQT v/v thay đổi địa điểm trụ sở Eximbank Gò Dầu,Ngân hàng Thương mại Cổ phần Xuất Nhập khẩu Việt Nam thông báo&nbsp;Nghị quyết HĐQT về việc thay đổi địa điểm trụ sở Eximbank Gò Dầu như sau:,https://cafef.vn/du-lieu/EIB-498956/eib-nghi-quyet-hdqt-vv-thay-doi-dia-diem-tru-so-eximbank-go-dau.chn,cafef
2022-02-08,EIB: Nghị quyết HĐQT v/v chấm dứt trước thời hạn thỏa thuận liên minh chiến lược với SMBC,Ngân hàng Thương mại Cổ phần Xuất Nhập khẩu Việt Nam&nbsp;thông báo&nbsp;Nghị quyết HĐQT về việc chấm dứt trước thời hạn thỏa thuận liên minh chiến lược với SMBC như sau:,https://cafef.vn/du-lieu/EIB-500852/eib-nghi-quyet-hdqt-vv-cham-dut-truoc-thoi-han-thoa-thuan-lien-minh-chien-luoc-voi-smbc.chn,cafef
2022-01-26,EIB: Báo cáo tình hình quản trị công ty năm 2021,&nbsp;Ngân hàng Thương mại Cổ phần Xuất Nhập khẩu Việt Nam&nbsp;công bố Báo cáo tình hình quản trị công ty năm 2021 như sau:,https://cafef.vn/du-lieu/EIB-506681/eib-bao-cao-tinh-hinh-quan-tri-cong-ty-nam-2021.chn,cafef
2022-01-24,EIB: Nghị quyết HĐQT số 35 và 36 ngày 24/01/2022,Ngân hàng Thương mại Cổ phần Xuất Nhập khẩu Việt Nam thông báo&nbsp;Nghị quyết HĐQT số 35 và 36 ngày 24/01/2022 như sau:,https://cafef.vn/du-lieu/EIB-508808/eib-nghi-quyet-hdqt-so-35-va-36-ngay-24012022.chn,cafef
2022-01-21,EIB: Nghị quyết HĐQT thông qua kế hoạch kinh doanh năm 2022,Ngân hàng Thương mại Cổ phần Xuất Nhập khẩu Việt Nam thông báo Nghị quyết HĐQT về việc thông qua kế hoạch kinh doanh năm 2022 như sau:,https://cafef.vn/du-lieu/EIB-510272/eib-nghi-quyet-hdqt-thong-qua-ke-hoach-kinh-doanh-nam-2022.chn,cafef
2022-01-10,EIB: Công văn của NHNN Việt Nam về việc chấp thuận thay đổi tên gọi Chi nhánh Buôn Ma Thuột,Ngân hàng Thương mại Cổ phần Xuất Nhập khẩu Việt Nam thông báo công văn của NHNN Việt Nam về việc chấp thuận thay đổi tên gọi Chi nhánh Buôn Ma Thuột như sau:,https://cafef.vn/du-lieu/EIB-517712/eib-cong-van-cua-nhnn-viet-nam-ve-viec-chap-thuan-thay-doi-ten-goi-chi-nhanh-buon-ma-thuot.chn,cafef
2022-01-07,EIB: Công văn của NHNN Việt Nam v/v chấp thuận thay đổi địa điểm Chi nhánh Ba Đình,Ngân hàng Thương mại Cổ phần Xuất Nhập khẩu Việt Nam&nbsp;thông&nbsp;báo&nbsp;công văn của NHNN Việt Nam về việc chấp thuận thay đổi địa điểm Chi nhánh Ba Đình như sau:,https://cafef.vn/du-lieu/EIB-518807/eib-cong-van-cua-nhnn-viet-nam-vv-chap-thuan-thay-doi-dia-diem-chi-nhanh-ba-dinh.chn,cafef
2022-01-06,EIB: Nghị quyết HĐQT thông qua địa điểm tổ chức họp ĐHĐCĐTN năm 2021 lần 2,Ngân hàng Thương mại Cổ phần Xuất Nhập khẩu Việt Nam&nbsp;thông báo Nghị quyết HĐQT về việc thông qua địa điểm tổ chức họp ĐHĐCĐTN năm 2021 lần 2 như sau:,https://cafef.vn/du-lieu/EIB-519065/eib-nghi-quyet-hdqt-thong-qua-dia-diem-to-chuc-hop-dhdcdtn-nam-2021-lan-2.chn,cafef
2024-09-25,EIB: Đã phát hành 121.854.459 cổ phiếu để trả cổ tức,Ngân hàng Thương mại Cổ phần Xuất Nhập khẩu Việt Nam công bố Báo cáo kết quả đợt phát hành cổ phiếu để trả cổ tức,https://cafef.vn/du-lieu/EIB-2059551/eib-da-phat-hanh-121854459-co-phieu-de-tra-co-tuc.chn,cafef
2024-09-10,"EIB: 19.9.2024, ngày GDKHQ trả cổ tức năm 2023 bằng tiền (300 đ/cp), trả cổ tức bằng cp (tỷ lệ 100:7)",Sở Giao dịch Chứng khoán Thành phố Hồ Chí Minh thông báo về ngày đăng ký cuối cùng chi trả cổ tức năm 2023 bằng tiền và Phát hành cổ phiếu để trả cổ tức năm 2023 của Ngân hàng Thương mại Cổ phần Xuất Nhập khẩu Việt Nam,https://cafef.vn/du-lieu/EIB-2059549/eib-1992024-ngay-gdkhq-tra-co-tuc-nam-2023-bang-tien-300-dcp-tra-co-tuc-bang-cp-ty-le-1007.chn,cafef
2023-09-29,EIB: Đã phát hành 265.551.289 cổ phiếu để trả cổ tức,Ngân hàng Thương mại Cổ phần Xuất Nhập khẩu Việt Nam báo cáo kết quả đợt phát hành cổ phiếu để trả cổ tức,https://cafef.vn/du-lieu/EIB-1823539/eib-da-phat-hanh-265551289-co-phieu-de-tra-co-tuc.chn,cafef
2023-09-13,"EIB: 22.9.2023, ngày GDKHQ để phát hành cổ phiếu để trả cổ tức (tỷ lệ 100:18)",Sở Giao dịch Chứng khoán Thành phố Hồ Chí Minh thông báo ngày ĐKCC để phát hành cổ phiếu để trả cổ tức của Ngân hàng Thương mại Cổ phần Xuất Nhập khẩu Việt Nam (mã CK: EIB) như sau,https://cafef.vn/du-lieu/EIB-1823535/eib-2292023-ngay-gdkhq-de-phat-hanh-co-phieu-de-tra-co-tuc-ty-le-10018.chn,cafef
2023-03-03,EIB: Đã phát hành 245.881.955 cổ phiếu để trả cổ tức,Ngân hàng Thương mại Cổ phần Xuất Nhập khẩu Việt Nam công bố báo cáo kết quả đợt phát hành cổ phiếu để trả cổ tức như sau:,https://cafef.vn/du-lieu/EIB-313040/eib-da-phat-hanh-245881955-co-phieu-de-tra-co-tuc.chn,cafef
2023-02-08,"EIB: 17.2.2023, ngày GDKHQ phát hành cổ phiếu để trả cổ tức (tỷ lệ 100:20)",Sở Giao dịch Chứng khoán Thành phố Hồ Chí Minh thông báo&nbsp;&nbsp;ngày ĐKCC phát hành cổ phiếu để trả cổ tức của&nbsp;Ngân hàng Thương mại Cổ phần Xuất Nhập khẩu Việt Nam&nbsp;như sau:,https://cafef.vn/du-lieu/EIB-326333/eib-1722023-ngay-gdkhq-phat-hanh-co-phieu-de-tra-co-tuc-ty-le-10020.chn,cafef
