date,title,description,url,source
2026-06-05,LPB: Nghị quyết HĐQT về việc thay đổi địa điểm trụ sở PGD Lập Thạch,Ngân hàng Thương mại Cổ phần Lộc Phát Việt Nam công bố Nghị quyết HĐQT về việc thay đổi địa điểm trụ sở PGD Lập Thạch,https://cafef.vn/du-lieu/LPB-2903032/lpb-nghi-quyet-hdqt-ve-viec-thay-doi-dia-diem-tru-so-pgd-lap-thach.chn,cafef
2026-06-03,LPB: Thông báo công văn của NHNN về chấp thuận cho LPB thay đổi địa điểm đặt trụ sở Phòng GD Tân Phước,Ngân hàng Thương mại Cổ phần Lộc Phát Việt Nam thông báo công văn của NHNN về chấp thuận cho LPB thay đổi địa điểm đặt trụ sở Phòng GD Tân Phước,https://cafef.vn/du-lieu/LPB-2901125/lpb-thong-bao-cong-van-cua-nhnn-ve-chap-thuan-cho-lpb-thay-doi-dia-diem-dat-tru-so-phong-gd-tan-phuoc.chn,cafef
2026-05-29,LPB: Nghị quyết HĐQT về việc thay đổi địa điểm Chi nhánh Đông Anh và Phòng GD Vĩnh Bảo,Ngân hàng Thương mại Cổ phần Lộc Phát Việt Nam thông báo Nghị quyết HĐQT về việc thay đổi địa điểm Chi nhánh Đông Anh và Phòng GD Vĩnh Bảo,https://cafef.vn/du-lieu/LPB-2898093/lpb-nghi-quyet-hdqt-ve-viec-thay-doi-dia-diem-chi-nhanh-dong-anh-va-phong-gd-vinh-bao.chn,cafef
2026-05-28,"LPB: Trích Nghị quyết HĐQT về phương án phát hành, lãi suất và chi phí liên quan đến phát hành trái phiếu riêng lẻ 2026","Ngân hàng Thương mại Cổ phần Lộc Phát Việt Nam thông báo trích Nghị quyết HĐQT về phương án phát hành, lãi suất và chi phí liên quan đến phát hành trái phiếu riêng lẻ 2026",https://cafef.vn/du-lieu/LPB-2897237/lpb-trich-nghi-quyet-hdqt-ve-phuong-an-phat-hanh-lai-suat-va-chi-phi-lien-quan-den-phat-hanh-trai-phieu-rieng-le-2026.chn,cafef
2026-05-26,"LPB: Nghị quyết HĐQT về việc thay đổi địa điểm trụ sở, thay đổi tên gọi và chi nhánh quản lý của PGD KCN VSIP","Ngân hàng Thương mại Cổ phần Lộc Phát Việt Nam công bố Nghị quyết HĐQT về việc thay đổi địa điểm trụ sở, thay đổi tên gọi và chi nhánh quản lý của PGD KCN VSIP",https://cafef.vn/du-lieu/LPB-2895417/lpb-nghi-quyet-hdqt-ve-viec-thay-doi-dia-diem-tru-so-thay-doi-ten-goi-va-chi-nhanh-quan-ly-cua-pgd-kcn-vsip.chn,cafef
2026-05-25,LPB: Thông báo công văn của NHNN về chấp thuận cho LPB thay đổi địa điểm Phòng GD Nhơn Trạch,Ngân hàng Thương mại Cổ phần Lộc Phát Việt Nam thông báo công văn của NHNN về chấp thuận cho LPB thay đổi địa điểm Phòng GD Nhơn Trạch,https://cafef.vn/du-lieu/LPB-2894508/lpb-thong-bao-cong-van-cua-nhnn-ve-chap-thuan-cho-lpb-thay-doi-dia-diem-phong-gd-nhon-trach.chn,cafef
2026-05-21,LPB: Thông báo công văn của NHNN về chấp thuận cho LPB thay đổi địa điểm Chi nhánh Huế,Ngân hàng Thương mại Cổ phần Lộc Phát Việt Nam thông báo tcông văn của NHNN về chấp thuận cho LPB thay đổi địa điểm Chi nhánh Huế,https://cafef.vn/du-lieu/LPB-2892255/lpb-thong-bao-cong-van-cua-nhnn-ve-chap-thuan-cho-lpb-thay-doi-dia-diem-chi-nhanh-hue.chn,cafef
2026-05-19,LPB: Điều lệ công ty,Ngân hàng Thương mại Cổ phần Lộc Phát Việt Nam thông báo Điều lệ công ty,https://cafef.vn/du-lieu/LPB-2890665/lpb-dieu-le-cong-ty.chn,cafef
2026-05-19,LPB: Nghị quyết HĐQT về việc phê duyệt ban hành điều lệ,Ngân hàng Thương mại Cổ phần Lộc Phát Việt Nam thông báo Nghị quyết HĐQT về việc phê duyệt ban hành điều lệ,https://cafef.vn/du-lieu/LPB-2890667/lpb-nghi-quyet-hdqt-ve-viec-phe-duyet-ban-hanh-dieu-le.chn,cafef
2026-05-15,LPB: Quyết định của HNX về việc chấp thuận niêm yết trái phiếu LPB,Ngân hàng Thương mại Cổ phần Lộc Phát Việt Nam công bố Quyết định của HNX về việc chấp thuận niêm yết trái phiếu LPB,https://cafef.vn/du-lieu/LPB-2888295/lpb-quyet-dinh-cua-hnx-ve-viec-chap-thuan-niem-yet-trai-phieu-lpb.chn,cafef
2026-05-14,LPB: Thông báo công văn của NHNN về chấp thuận cho LPB thay đổi địa điểm Phòng GD Kim Sơn,Ngân hàng Thương mại Cổ phần Lộc Phát Việt Nam thông báo công văn của NHNN về chấp thuận cho LPB thay đổi địa điểm Phòng GD Kim Sơn,https://cafef.vn/du-lieu/LPB-2887294/lpb-thong-bao-cong-van-cua-nhnn-ve-chap-thuan-cho-lpb-thay-doi-dia-diem-phong-gd-kim-son.chn,cafef
2026-05-08,"LPB: Nghị quyết HĐQT về Phương án phát hành, lãi suất và chi phí liên quan đến phát hành Trái phiếu riêng lẻ tăng vốn cấp 2 LPBank năm 2026",Ngân hàng Thương mại Cổ phần Lộc Phát Việt Nam công bố Nghị quyết HĐQT số 884a/2026 ngày 07/05/2026,https://cafef.vn/du-lieu/LPB-2882883/lpb-nghi-quyet-hdqt-ve-phuong-an-phat-hanh-lai-suat-va-chi-phi-lien-quan-den-phat-hanh-trai-phieu-rieng-le-tang-von-cap-2-lpbank-nam-2026.chn,cafef
2026-05-08,LPB: Thông báo nhận được công văn của NHNN khu vực 10 về việc chấp thuận thay đổi địa điểm PGD Diên Khánh và PGD La Gi,Ngân hàng Thương mại Cổ phần Lộc Phát Việt Nam thông báo nhận được công văn của NHNN khu vực 10 về việc chấp thuận thay đổi địa điểm PGD Diên Khánh và PGD La Gi,https://cafef.vn/du-lieu/LPB-2882884/lpb-thong-bao-nhan-duoc-cong-van-cua-nhnn-khu-vuc-10-ve-viec-chap-thuan-thay-doi-dia-diem-pgd-dien-khanh-va-pgd-la-gi.chn,cafef
2026-05-05,LPB: Thông báo nhận được công văn của NHNN khu vực 4 về việc chấp thuận thay đổi địa điểm đặt trụ sở Chi nhánh Yên Bái - PGD Nghĩa Lộ,Ngân hàng Thương mại Cổ phần Lộc Phát Việt Nam thông báo nhận được công văn của NHNN khu vực 4 về việc chấp thuận thay đổi địa điểm đặt trụ sở Chi nhánh Yên Bái - PGD Nghĩa Lộ,https://cafef.vn/du-lieu/LPB-2880136/lpb-thong-bao-nhan-duoc-cong-van-cua-nhnn-khu-vuc-4-ve-viec-chap-thuan-thay-doi-dia-diem-dat-tru-so-chi-nhanh-yen-bai-pgd-nghia-lo.chn,cafef
2026-05-04,LPB: Thông báo về ngày đăng ký cuối cùng để thực hiện quyền nhận cổ tức năm 2025 bằng tiền,Ngân hàng Thương mại Cổ phần Lộc Phát Việt Nam thông báo về ngày đăng ký cuối cùng để thực hiện quyền nhận cổ tức năm 2025 bằng tiền,https://cafef.vn/du-lieu/LPB-2879140/lpb-thong-bao-ve-ngay-dang-ky-cuoi-cung-de-thuc-hien-quyen-nhan-co-tuc-nam-2025-bang-tien.chn,cafef
2026-05-04,LPB: Nghị quyết HĐQT về việc thay đồi tên gọi Phòng GD An Phú và Phòng GD Bình Tân,Ngân hàng Thương mại Cổ phần Lộc Phát Việt Nam thông báo Nghị quyết HĐQT về việc thay đồi tên gọi Phòng GD An Phú và Phòng GD Bình Tân,https://cafef.vn/du-lieu/LPB-2878595/lpb-nghi-quyet-hdqt-ve-viec-thay-doi-ten-goi-phong-gd-an-phu-va-phong-gd-binh-tan.chn,cafef
2026-05-04,LPB: Thông báo công văn của NHNN về chấp thuận cho LPB thay đổi địa điểm Phòng GD Hội An,Ngân hàng Thương mại Cổ phần Lộc Phát Việt Nam thông báo công văn của NHNN về chấp thuận cho LPB thay đổi địa điểm Phòng GD Hội An,https://cafef.vn/du-lieu/LPB-2878571/lpb-thong-bao-cong-van-cua-nhnn-ve-chap-thuan-cho-lpb-thay-doi-dia-diem-phong-gd-hoi-an.chn,cafef
2026-05-04,LPB: Thông báo về việc chi trả cổ tức năm 2025 bằng tiền mặt cho cổ đông,Ngân hàng Thương mại Cổ phần Lộc Phát Việt Nam thông báo về việc chi trả cổ tức năm 2025 bằng tiền mặt cho cổ đông,https://cafef.vn/du-lieu/LPB-2879148/lpb-thong-bao-ve-viec-chi-tra-co-tuc-nam-2025-bang-tien-mat-cho-co-dong.chn,cafef
2026-05-04,LPB: Nghị quyết HĐQT phê duyệt triển khai và thực hiện kế hoạch chi trả cổ tức năm 2025 bằng tiền mặt,Ngân hàng Thương mại Cổ phần Lộc Phát Việt Nam công bố Nghị quyết HĐQT về việc phê duyệt triển khai và thực hiện kế hoạch chi trả cổ tức năm 2025 bằng tiền mặt,https://cafef.vn/du-lieu/LPB-2879151/lpb-nghi-quyet-hdqt-phe-duyet-trien-khai-va-thuc-hien-ke-hoach-chi-tra-co-tuc-nam-2025-bang-tien-mat.chn,cafef
2026-04-29,"LPB: Nghị quyết, Biên bản họp ĐHĐCĐ thường niên 2026 và tài liệu kèm theo","Ngân hàng Thương mại Cổ phần Lộc Phát Việt Nam thông báo Nghị quyết, Biên bản họp ĐHĐCĐ thường niên 2026 và tài liệu kèm theo",https://cafef.vn/du-lieu/LPB-2677965/lpb-nghi-quyet-bien-ban-hop-dhdcd-thuong-nien-2026-va-tai-lieu-kem-theo.chn,cafef
2026-04-28,LPB: Nghị quyết HĐQT về việc cập nhật tài liệu ĐHĐCĐ thường niên năm 2026,Ngân hàng Thương mại Cổ phần Lộc Phát Việt Nam công bố Nghị quyết HĐQT về việc cập nhật tài liệu ĐHĐCĐ thường niên năm 2026,https://cafef.vn/du-lieu/LPB-2676834/lpb-nghi-quyet-hdqt-ve-viec-cap-nhat-tai-lieu-dhdcd-thuong-nien-nam-2026.chn,cafef
2026-04-28,LPB: Nghị quyết HĐQT về việc cập nhật và bổ sung tài liệu ĐHĐCĐ thường niên năm 2026,Ngân hàng Thương mại Cổ phần Lộc Phát Việt Nam công bố Nghị quyết HĐQT về việc cập nhật và bổ sung tài liệu ĐHĐCĐ thường niên năm 2026,https://cafef.vn/du-lieu/LPB-2676831/lpb-nghi-quyet-hdqt-ve-viec-cap-nhat-va-bo-sung-tai-lieu-dhdcd-thuong-nien-nam-2026.chn,cafef
2026-04-22,LPB: Giải trình biến động LNST quý 1/2026 so với cùng kỳ năm trước,Ngân hàng Thương mại Cổ phần Lộc Phát Việt Nam giải trình biến động LNST quý 1/2026 so với cùng kỳ năm trước,https://cafef.vn/du-lieu/LPB-2673069/lpb-giai-trinh-bien-dong-lnst-quy-12026-so-voi-cung-ky-nam-truoc.chn,cafef
2026-04-08,LPB: Tài liệu họp ĐHĐCĐ thường niên năm 2026,Ngân hàng Thương mại Cổ phần Lộc Phát Việt Nam công bố tài liệu họp ĐHĐCĐ thường niên năm 2026,https://cafef.vn/du-lieu/LPB-2661782/lpb-tai-lieu-hop-dhdcd-thuong-nien-nam-2026.chn,cafef
2026-04-06,LPB: Thông báo công văn của UBCKNN về tài liệu báo cáo kết quả cháo bán trái phiếu ra công chúng của LPB,Ngân hàng Thương mại Cổ phần Lộc Phát Việt Nam thông báo  công văn của UBCKNN về tài liệu báo cáo kết quả cháo bán trái phiếu ra công chúng của LPB,https://cafef.vn/du-lieu/LPB-2660640/lpb-thong-bao-cong-van-cua-ubcknn-ve-tai-lieu-bao-cao-ket-qua-chao-ban-trai-phieu-ra-cong-chung-cua-lpb.chn,cafef
2026-04-03,LPB: Báo cáo kết quả đợt chào bán trái phiếu ra công chúng,Ngân hàng Thương mại Cổ phần Lộc Phát Việt Nam công bố báo cáo kết quả đợt chào bán trái phiếu ra công chúng,https://cafef.vn/du-lieu/LPB-2658426/lpb-bao-cao-ket-qua-dot-chao-ban-trai-phieu-ra-cong-chung.chn,cafef
2026-03-11,LPB: Nghị quyết HĐQT về việc thay đổi địa điểm và tên gọi Văn phòng đại diện,Ngân hàng Thương mại Cổ phần Lộc Phát Việt Nam thông báo Nghị quyết HĐQT về việc thay đổi địa điểm và tên gọi Văn phòng đại diện,https://cafef.vn/du-lieu/LPB-2416386/lpb-nghi-quyet-hdqt-ve-viec-thay-doi-dia-diem-va-ten-goi-van-phong-dai-dien.chn,cafef
2026-03-04,LPB: Nghị quyết HĐQT về việc thay đổi mẫu con dấu,Ngân hàng Thương mại Cổ phần Lộc Phát Việt Nam thông báo Nghị quyết HĐQT về việc thay đổi mẫu con dấu,https://cafef.vn/du-lieu/LPB-2411540/lpb-nghi-quyet-hdqt-ve-viec-thay-doi-mau-con-dau.chn,cafef
2026-03-03,LPB: Quyết định của NHNN Việt Nam về việc sửa đổi địa điểm đặt trụ sở chính tại Giấy phép thành lập và hoạt động,Ngân hàng Thương mại Cổ phần Lộc Phát Việt Nam công bố Quyết định của NHNNVN về việc sửa đổi địa điểm đặt trụ sở chính tại Giấy phép thành lập và hoạt động,https://cafef.vn/du-lieu/LPB-2411173/lpb-quyet-dinh-cua-nhnn-viet-nam-ve-viec-sua-doi-dia-diem-dat-tru-so-chinh-tai-giay-phep-thanh-lap-va-hoat-dong.chn,cafef
2026-03-02,Hàng loạt ngân hàng ấn định lịch họp đại hội cổ đông năm 2026,"Mùa đại hội cổ đông năm 2026 đang đến gần, nhiều ngân hàng thương mại đã công bố kế hoạch chốt danh sách cổ đông và thời gian tổ chức đại hội đồng cổ đông thường niên (ĐHĐCĐ) năm 2026.",https://cafef.vn/hang-loat-ngan-hang-an-dinh-lich-hop-dai-hoi-co-dong-nam-2026-188260302120449237.chn,cafef
2026-02-13,LPB: Thông báo nhận được Công văn của NHNN Khu vực 2 về việc thay đổi địa điểm PGD Sài Gòn trực thuộc chi nhánh TP.HCM,Ngân hàng Thương mại Cổ phần Lộc Phát Việt Nam thông báo nhận được Công văn của NHNN Khu vực 2 về việc thay đổi địa điểm PGD Sài Gòn trực thuộc chi nhánh TP.HCM,https://cafef.vn/du-lieu/LPB-2402776/lpb-thong-bao-nhan-duoc-cong-van-cua-nhnn-khu-vuc-2-ve-viec-thay-doi-dia-diem-pgd-sai-gon-truc-thuoc-chi-nhanh-tphcm.chn,cafef
2026-02-12,LPB: Nghị quyết HĐQT về việc phê duyệt ban điều hành Điều lệ LPBank,Ngân hàng Thương mại Cổ phần Lộc Phát Việt Nam công bố Nghị quyết HĐQT về việc phê duyệt ban điều hành Điều lệ LPBank,https://cafef.vn/du-lieu/LPB-2401935/lpb-nghi-quyet-hdqt-ve-viec-phe-duyet-ban-dieu-hanh-dieu-le-lpbank.chn,cafef
2026-02-12,LPB: Điều lệ công ty 2026,Ngân hàng Thương mại Cổ phần Lộc Phát Việt Nam công bố Điều lệ công ty,https://cafef.vn/du-lieu/LPB-2401942/lpb-dieu-le-cong-ty-2026.chn,cafef
2026-02-09,"LPB: Thông báo ngày ĐKCC để thực hiện quyền đề cử, ứng cử để bầu bổ sungThành viên BKS nhiệm kỳ 2023-2028","Sở Giao dịch Chứng khoán Thành phố Hồ Chí Minh thông báo ngày ĐKCC để thực hiện quyền đề cử, ứng cử để bầu bổ sungThành viên BKS nhiệm kỳ 2023-2028 của Ngân hàng Thương mại Cổ phần Lộc Phát Việt Nam",https://cafef.vn/du-lieu/LPB-2399879/lpb-thong-bao-ngay-dkcc-de-thuc-hien-quyen-de-cu-ung-cu-de-bau-bo-sungthanh-vien-bks-nhiem-ky-20232028.chn,cafef
2026-02-06,"LPB: Thông báo nhận được công văn của NHNN Khu vực 6 và Khu vực 15 về việc chấp thuận thay đổi địa điểm đặt trụ sở Chi nhánh, PGD","Ngân hàng Thương mại Cổ phần Lộc Phát Việt Nam thông báo nhận được công văn của NHNN Khu vực 6 và Khu vực 15 về việc chấp thuận thay đổi địa điểm đặt trụ sở Chi nhánh, PGD",https://cafef.vn/du-lieu/LPB-2399046/lpb-thong-bao-nhan-duoc-cong-van-cua-nhnn-khu-vuc-6-va-khu-vuc-15-ve-viec-chap-thuan-thay-doi-dia-diem-dat-tru-so-chi-nhanh-pgd.chn,cafef
2026-02-04,"LPB: Thông báo điều kiện, tiêu chuẩn và thủ tục ứng cử, đề cử bầu bổ sung Thành viên BKS","Ngân hàng Thương mại Cổ phần Lộc Phát Việt Nam thông báo điều kiện, tiêu chuẩn và thủ tục ứng cử, đề cử bầu bổ sung Thành viên BKS",https://cafef.vn/du-lieu/LPB-2397097/lpb-thong-bao-dieu-kien-tieu-chuan-va-thu-tuc-ung-cu-de-cu-bau-bo-sung-thanh-vien-bks.chn,cafef
2026-02-04,"LPB: Thông báo ngày ĐKCC thực hiện quyền ứng cử, đề cử bầu bổ sung Thành viên BKS nhiệm kỳ 2023-2028","Ngân hàng Thương mại Cổ phần Lộc Phát Việt Nam thông báo ngày ĐKCC thực hiện quyền ứng cử, đề cử bầu bổ sung Thành viên BKS nhiệm kỳ 2023-2028",https://cafef.vn/du-lieu/LPB-2397096/lpb-thong-bao-ngay-dkcc-thuc-hien-quyen-ung-cu-de-cu-bau-bo-sung-thanh-vien-bks-nhiem-ky-20232028.chn,cafef
2026-02-02,LPB: Nghị quyết HĐQT về việc bầu bổ sung Thành viên BKS nhiệm kỳ 2023-2028,Ngân hàng Thương mại Cổ phần Lộc Phát Việt Nam thông báo Nghị quyết HĐQT về việc bầu bổ sung Thành viên BKS nhiệm kỳ 2023-2028,https://cafef.vn/du-lieu/LPB-2395025/lpb-nghi-quyet-hdqt-ve-viec-bau-bo-sung-thanh-vien-bks-nhiem-ky-20232028.chn,cafef
2026-01-30,LPB: Nghị quyết HĐQT về việc thay đổi địa điểm Phòng GD Sài Gòn,Ngân hàng Thương mại Cổ phần Lộc Phát Việt Nam công bố Nghị quyết HĐQT về việc thay đổi địa điểm Phòng GD Sài Gòn,https://cafef.vn/du-lieu/LPB-2393840/lpb-nghi-quyet-hdqt-ve-viec-thay-doi-dia-diem-phong-gd-sai-gon.chn,cafef
2026-01-26,LPB: Thông báo nhận được công văn của NHNN Khu vực 4 về việc chấp thuận thay đổi địa điểm đặt trụ sở Chi nhánh Vĩnh Phúc,Ngân hàng Thương mại Cổ phần Lộc Phát Việt Nam thông báo nhận được công văn của NHNN Khu vực 4 về việc chấp thuận thay đổi địa điểm đặt trụ sở Chi nhánh Vĩnh Phúc,https://cafef.vn/du-lieu/LPB-2390096/lpb-thong-bao-nhan-duoc-cong-van-cua-nhnn-khu-vuc-4-ve-viec-chap-thuan-thay-doi-dia-diem-dat-tru-so-chi-nhanh-vinh-phuc.chn,cafef
2026-01-23,LPB: Thông báo ký hợp đồng kiểm toán BCTC 2026,Ngân hàng Thương mại Cổ phần Lộc Phát Việt Nam thông báo ký hợp đồng kiểm toán BCTC 2026,https://cafef.vn/du-lieu/LPB-2388912/lpb-thong-bao-ky-hop-dong-kiem-toan-bctc-2026.chn,cafef
2026-01-22,LPB: Thông báo nhận được công văn của NHNN về việc đề nghị thay đổi địa điểm đặt trụ sở chính của LPB,Ngân hàng Thương mại Cổ phần Lộc Phát Việt Nam thông báo nhận được công văn của NHNN về việc đề nghị thay đổi địa điểm đặt trụ sở chính của LPB,https://cafef.vn/du-lieu/LPB-2388474/lpb-thong-bao-nhan-duoc-cong-van-cua-nhnn-ve-viec-de-nghi-thay-doi-dia-diem-dat-tru-so-chinh-cua-lpb.chn,cafef
2026-01-21,LPB: Thông báo công văn của NHNN về việc LPB thay đổi địa điểm Chi nhánh TP.HCM,Ngân hàng Thương mại Cổ phần Lộc Phát Việt Nam thông báo công văn của NHNN về việc LPB thay đổi địa điểm Chi nhánh TP.HCM,https://cafef.vn/du-lieu/LPB-2387335/lpb-thong-bao-cong-van-cua-nhnn-ve-viec-lpb-thay-doi-dia-diem-chi-nhanh-tphcm.chn,cafef
2026-01-21,LPB: Thông báo nhận được Công văn của NHNN Khu vực 2 về việc thay đổi địa điểm PGD Trường Chinh trực thuộc LPBank Tân Bình,Ngân hàng Thương mại Cổ phần Lộc Phát Việt Nam thông báo nhận được Công văn của NHNN Khu vực 2 về việc thay đổi địa điểm PGD Trường Chinh trực thuộc LPBank Tân Bình,https://cafef.vn/du-lieu/LPB-2387699/lpb-thong-bao-nhan-duoc-cong-van-cua-nhnn-khu-vuc-2-ve-viec-thay-doi-dia-diem-pgd-truong-chinh-truc-thuoc-lpbank-tan-binh.chn,cafef
2026-01-21,LPB: Giải trình biến động LNST quý 4/2025 so với cùng kỳ năm trước,Ngân hàng Thương mại Cổ phần Lộc Phát Việt Nam giải trình biến động LNST quý 4/2025 so với cùng kỳ năm trước,https://cafef.vn/du-lieu/LPB-2387164/lpb-giai-trinh-bien-dong-lnst-quy-42025-so-voi-cung-ky-nam-truoc.chn,cafef
2026-01-16,LPB: Thông báo công văn của NHNN về chấp thuận cho LPB thay đổi địa điểm Phòng GD Pác Nặm - CN Thái Nguyên,Ngân hàng Thương mại Cổ phần Lộc Phát Việt Nam thông báo công văn của NHNN về chấp thuận cho LPB thay đổi địa điểm Phòng GD Pác Nặm - CN Thái Nguyên,https://cafef.vn/du-lieu/LPB-2384324/lpb-thong-bao-cong-van-cua-nhnn-ve-chap-thuan-cho-lpb-thay-doi-dia-diem-phong-gd-pac-nam-cn-thai-nguyen.chn,cafef
2026-01-14,LPB: Thông báo công văn của NHNN về chấp thuận cho LPB thay đổi địa điểm Phòng GD Bến Cát thuộc CN Bình Dương,Ngân hàng Thương mại Cổ phần Lộc Phát Việt Nam thông báo công văn của NHNN về chấp thuận cho LPB thay đổi địa điểm Phòng GD Bến Cát thuộc CN Bình Dương,https://cafef.vn/du-lieu/LPB-2383302/lpb-thong-bao-cong-van-cua-nhnn-ve-chap-thuan-cho-lpb-thay-doi-dia-diem-phong-gd-ben-cat-thuoc-cn-binh-duong.chn,cafef
2026-01-10,LPB: Thông báo nhận được công văn của NHNN khu vực 2 về việc thay đổi địa điểm PGD Hớn Quản trực thuộc Chi nhánh Bình Phước,Ngân hàng Thương mại Cổ phần Lộc Phát Việt Nam thông báo nhận được công văn của NHNN khu vực 2 về việc thay đổi địa điểm PGD Hớn Quản trực thuộc Chi nhánh Bình Phước,https://cafef.vn/du-lieu/LPB-2381150/lpb-thong-bao-nhan-duoc-cong-van-cua-nhnn-khu-vuc-2-ve-viec-thay-doi-dia-diem-pgd-hon-quan-truc-thuoc-chi-nhanh-binh-phuoc.chn,cafef
2026-01-10,LPB: Nghị quyết HĐQT về việc thay đổi địa điểm trụ sở VPĐD khu vực phía Nam và Chi nhánh TP.HCM,Ngân hàng Thương mại Cổ phần Lộc Phát Việt Nam công bố Nghị quyết HĐQT về việc thay đổi địa điểm trụ sở VPĐD khu vực phía Nam và Chi nhánh TP.HCM,https://cafef.vn/du-lieu/LPB-2381152/lpb-nghi-quyet-hdqt-ve-viec-thay-doi-dia-diem-tru-so-vpdd-khu-vuc-phia-nam-va-chi-nhanh-tphcm.chn,cafef
2026-01-09,"LPB: 14.1.2026, ngày GDKHQ thực hiện quyền ứng cử, đề cử để bầu bổ sung thành viên HĐQT nhiệm kỳ IV (2023-2028), tham dự ĐHĐCĐ thường niên năm 2026","Sở Giao dịch Chứng khoán TP.HCM thông báo về ngày đăng ký cuối cùng để thực hiện quyền ứng cử, đề cử để bầu bổ sung thành viên HĐQT nhiệm kỳ IV (2023-2028) và tham dự ĐHĐCĐ thường niên năm 2026 của Ngân hàng Thương mại Cổ phần Lộc Phát Việt Nam",https://cafef.vn/du-lieu/LPB-2379303/lpb-1412026-ngay-gdkhq-thuc-hien-quyen-ung-cu-de-cu-de-bau-bo-sung-thanh-vien-hdqt-nhiem-ky-iv-20232028-tham-du-dhdcd-thuong-nien-nam-2026.chn,cafef
2026-01-08,LPB: Thông báo nhận được Giấy chứng nhận đăng ký chào bán trái phiếu ra công chúng của UBCKNN,Ngân hàng Thương mại Cổ phần Lộc Phát Việt Nam thông báo nhận được Giấy chứng nhận đăng ký chào bán trái phiếu ra công chúng của UBCKNN,https://cafef.vn/du-lieu/LPB-2378579/lpb-thong-bao-nhan-duoc-giay-chung-nhan-dang-ky-chao-ban-trai-phieu-ra-cong-chung-cua-ubcknn.chn,cafef
2026-01-08,LPB: Thông báo nhận được Công văn của NHNN Khu vực 2 về việc thay đổi địa điểm PGD Bình Tây trực thuộc Chi nhánh Chợ Lớn,Ngân hàng Thương mại Cổ phần Lộc Phát Việt Nam thông báo nhận được Công văn của NHNN Khu vực 2 về việc thay đổi địa điểm PGD Bình Tây trực thuộc Chi nhánh Chợ Lớn,https://cafef.vn/du-lieu/LPB-2379194/lpb-thong-bao-nhan-duoc-cong-van-cua-nhnn-khu-vuc-2-ve-viec-thay-doi-dia-diem-pgd-binh-tay-truc-thuoc-chi-nhanh-cho-lon.chn,cafef
2026-01-05,LPB: Thông báo công văn của NHNN về chấp thuận cho LPB thay đổi địa điểm Phòng GD Đồng Hỷ,Ngân hàng Thương mại Cổ phần Lộc Phát Việt Nam thông báo công văn của NHNN về chấp thuận cho LPB thay đổi địa điểm Phòng GD Đồng Hỷ,https://cafef.vn/du-lieu/LPB-2376411/lpb-thong-bao-cong-van-cua-nhnn-ve-chap-thuan-cho-lpb-thay-doi-dia-diem-phong-gd-dong-hy.chn,cafef
2026-01-05,LPB: Thông báo công văn của NHNN về chấp thuận cho LPB thay đổi địa điểm Phòng GD Pác Nặm,Ngân hàng Thương mại Cổ phần Lộc Phát Việt Nam thông báo công văn của NHNN về chấp thuận cho LPB thay đổi địa điểm Phòng GD Pác Nặm,https://cafef.vn/du-lieu/LPB-2376412/lpb-thong-bao-cong-van-cua-nhnn-ve-chap-thuan-cho-lpb-thay-doi-dia-diem-phong-gd-pac-nam.chn,cafef
2026-01-05,"LPB: Nghị quyết HĐQT thông qua ký kết hợp đồng, giao dịch với NNB, người có liên quan","Ngân hàng Thương mại Cổ phần Lộc Phát Việt Nam thông báo Nghị quyết HĐQT về việc thông qua ký kết hợp đồng, giao dịch với NNB, người có liên quan",https://cafef.vn/du-lieu/LPB-2376413/lpb-nghi-quyet-hdqt-thong-qua-ky-ket-hop-dong-giao-dich-voi-nnb-nguoi-co-lien-quan.chn,cafef
2025-12-31,LPB: Nghị quyết HĐQT về kế hoạch tổ chức ĐHĐCĐ thường niên năm 2026,Ngân hàng Thương mại Cổ phần Lộc Phát Việt Nam công bố Nghị quyết HĐQT về kế hoạch tổ chức ĐHĐCĐ thường niên năm 2026,https://cafef.vn/du-lieu/LPB-2378627/lpb-nghi-quyet-hdqt-ve-ke-hoach-to-chuc-dhdcd-thuong-nien-nam-2026.chn,cafef
2025-12-31,"LPB: Thông báo điều kiện, tiêu chuẩn và thủ tục đề cử, ứng cử bầu bổ sung thành viên HĐQT nhiệm kỳ 2023-2028","Ngân hàng Thương mại Cổ phần Lộc Phát Việt Nam thông báo điều kiện, tiêu chuẩn và thủ tục đề cử, ứng cử bầu bổ sung thành viên HĐQT nhiệm kỳ 2023-2028",https://cafef.vn/du-lieu/LPB-2378629/lpb-thong-bao-dieu-kien-tieu-chuan-va-thu-tuc-de-cu-ung-cu-bau-bo-sung-thanh-vien-hdqt-nhiem-ky-20232028.chn,cafef
2025-12-31,"LPB: Thông báo điều kiên, tiêu chuẩn và thủ tục đề cử, ứng cử bầu bổ sung thành viên HĐQT nhiệm kỳ 2023-2028","Ngân hàng Thương mại Cổ phần Lộc Phát Việt Nam thông báo điều kiên, tiêu chuẩn và thủ tục đề cử, ứng cử bầu bổ sung thành viên HĐQT nhiệm kỳ 2023-2028",https://cafef.vn/du-lieu/LPB-2378631/lpb-thong-bao-dieu-kien-tieu-chuan-va-thu-tuc-de-cu-ung-cu-bau-bo-sung-thanh-vien-hdqt-nhiem-ky-20232028.chn,cafef
2025-12-31,LPB: Thông báo ngày ĐKCC để thực hiện quyền tham dự ĐHĐCĐ thường niên năm 2026,Ngân hàng Thương mại Cổ phần Lộc Phát Việt Nam thông báo về ngày đăng ký cuối cùng để thực hiện quyền tham dự ĐHĐCĐ thường niên năm 2026,https://cafef.vn/du-lieu/LPB-2379526/lpb-thong-bao-ngay-dkcc-de-thuc-hien-quyen-tham-du-dhdcd-thuong-nien-nam-2026.chn,cafef
2025-12-26,LPB: Thông báo công văn của NHNN về chấp thuận cho LPB thay đổi địa điểm đặt trụ sở LPBank Khánh Hòa,Ngân hàng Thương mại Cổ phần Lộc Phát Việt Nam thông báo công văn của NHNN về chấp thuận cho LPB thay đổi địa điểm đặt trụ sở LPBank Khánh Hòa,https://cafef.vn/du-lieu/LPB-2371461/lpb-thong-bao-cong-van-cua-nhnn-ve-chap-thuan-cho-lpb-thay-doi-dia-diem-dat-tru-so-lpbank-khanh-hoa.chn,cafef
2025-12-24,"LPB: Nghị quyết HĐQT phân công, kiện toàn chức vụ HĐQT",Ngân hàng Thương mại Cổ phần Lộc Phát Việt Nam thông báo Nghị quyết HĐQT về ngày ĐKCC để thực hiện quyền,https://cafef.vn/du-lieu/LPB-2368990/lpb-nghi-quyet-hdqt-phan-cong-kien-toan-chuc-vu-hdqt.chn,cafef
2025-12-23,"ĐHCĐ bất thường LPBank chốt thông qua mở room ngoại, sửa đổi điều lệ và miễn nhiệm 2 thành viên HĐQT","Ngày 23/12/2025, Ngân hàng TMCP Lộc Phát Việt Nam (LPBank) tổ chức thành công Đại hội đồng cổ đông (ĐHĐCĐ) bất thường năm 2025 tại Ninh Bình. Đại hội đã nhận được sự đồng thuận từ các cổ đông, chính thức thông qua những quyết sách chiến lược về sở hữu nước ngoài và nhân sự Hội đồng Quản trị.",https://cafef.vn/dhcd-bat-thuong-lpbank-chot-thong-qua-mo-room-ngoai-sua-doi-dieu-le-va-mien-nhiem-2-thanh-vien-hdqt-188251223105743458.chn,cafef
2025-12-23,LPB: Nghị quyết HĐQT thông qua việc bổ sung nội dung và tài liệu họp ĐHĐCĐ bất thường năm 2025,Ngân hàng Thương mại Cổ phần Lộc Phát Việt Nam công bố Nghị quyết HĐQT thông qua việc bổ sung nội dung và tài liệu họp ĐHĐCĐ bất thường năm 2025,https://cafef.vn/du-lieu/LPB-2367322/lpb-nghi-quyet-hdqt-thong-qua-viec-bo-sung-noi-dung-va-tai-lieu-hop-dhdcd-bat-thuong-nam-2025.chn,cafef
2025-12-23,LPB: Nghị quyết và Biên bản họp ĐHĐCĐ bất thường 2025,Ngân hàng Thương mại Cổ phần Lộc Phát Việt Nam thông báo Nghị quyết và Biên bản họp ĐHĐCĐ bất thường 2025,https://cafef.vn/du-lieu/LPB-2368732/lpb-nghi-quyet-va-bien-ban-hop-dhdcd-bat-thuong-2025.chn,cafef
2025-12-22,"LPB: Nghị quyết HĐQT về việc thay đổi địa điểm trụ sở, tên gọi và Chi nhánh quản lý của Phòng GD Pác Nặm","Ngân hàng Thương mại Cổ phần Lộc Phát Việt Nam thông báo Nghị quyết HĐQT về việc thay đổi địa điểm trụ sở, tên gọi và Chi nhánh quản lý của Phòng GD Pác Nặm",https://cafef.vn/du-lieu/LPB-2366982/lpb-nghi-quyet-hdqt-ve-viec-thay-doi-dia-diem-tru-so-ten-goi-va-chi-nhanh-quan-ly-cua-phong-gd-pac-nam.chn,cafef
2025-12-22,LPB: Nghị quyết HĐQT về việc thay đổi địa điểm trụ sở chính,Ngân hàng Thương mại Cổ phần Lộc Phát Việt Nam thông báo Nghị quyết HĐQT về việc thay đổi địa điểm trụ sở chính,https://cafef.vn/du-lieu/LPB-2366983/lpb-nghi-quyet-hdqt-ve-viec-thay-doi-dia-diem-tru-so-chinh.chn,cafef
2025-12-17,LPB: Thông báo công văn của NHNN về chấp thuận cho LPB thay đổi địa điểm đặt trụ sở CN Thái Nguyên,Ngân hàng Thương mại Cổ phần Lộc Phát Việt Nam thông báo công văn của NHNN về chấp thuận cho LPB thay đổi địa điểm đặt trụ sở CN Thái Nguyên,https://cafef.vn/du-lieu/LPB-2363929/lpb-thong-bao-cong-van-cua-nhnn-ve-chap-thuan-cho-lpb-thay-doi-dia-diem-dat-tru-so-cn-thai-nguyen.chn,cafef
2025-12-15,LPB: Thông báo công văn của NHNN về chấp thuận cho LPB thay đổi địa điểm Chi nhánh Thái Bình,Ngân hàng Thương mại Cổ phần Lộc Phát Việt Nam thông báo công văn của NHNN về chấp thuận cho LPB thay đổi địa điểm Chi nhánh Thái Bình,https://cafef.vn/du-lieu/LPB-2361349/lpb-thong-bao-cong-van-cua-nhnn-ve-chap-thuan-cho-lpb-thay-doi-dia-diem-chi-nhanh-thai-binh.chn,cafef
2025-12-15,LPB: Thông báo nhận được công văn của NHNN Chi nhánh Khu vực 13 về việc chấp thuận thay đổi địa điểm PGD Hồng Ngự thuộc LPBank Đồng Tháp,Ngân hàng Thương mại Cổ phần Lộc Phát Việt Nam thông báo nhận được công văn của NHNN Chi nhánh Khu vực 13 về việc chấp thuận thay đổi địa điểm PGD Hồng Ngự thuộc LPBank Đồng Tháp,https://cafef.vn/du-lieu/LPB-2362222/lpb-thong-bao-nhan-duoc-cong-van-cua-nhnn-chi-nhanh-khu-vuc-13-ve-viec-chap-thuan-thay-doi-dia-diem-pgd-hong-ngu-thuoc-lpbank-dong-thap.chn,cafef
2025-12-12,LPB: Thông báo công văn của NHNN về chấp thuận cho LPB thay đổi địa điểm đặt trụ sở LPBank Ninh Thuận,Ngân hàng Thương mại Cổ phần Lộc Phát Việt Nam thông báo công văn của NHNN về chấp thuận cho LPB thay đổi địa điểm đặt trụ sở LPBank Ninh Thuận,https://cafef.vn/du-lieu/LPB-2361059/lpb-thong-bao-cong-van-cua-nhnn-ve-chap-thuan-cho-lpb-thay-doi-dia-diem-dat-tru-so-lpbank-ninh-thuan.chn,cafef
2025-12-05,LPB: Thông báo nhận được công văn của NHNN Chi nhánh Khu vực 1 về việc chấp thuận thay đổi địa điểm đặt trụ sở của LPBank Sơn Tây và PGD Mỹ Đình,Ngân hàng Thương mại Cổ phần Lộc Phát Việt Nam thông báo nhận được công văn của NHNN Chi nhánh Khu vực 1 về việc chấp thuận thay đổi địa điểm đặt trụ sở của LPBank Sơn Tây và PGD Mỹ Đình,https://cafef.vn/du-lieu/LPB-2354697/lpb-thong-bao-nhan-duoc-cong-van-cua-nhnn-chi-nhanh-khu-vuc-1-ve-viec-chap-thuan-thay-doi-dia-diem-dat-tru-so-cua-lpbank-son-tay-va-pgd-my-dinh.chn,cafef
2025-12-04,LPB: Kết quả mua lại trái phiếu trước hạn LPB10Y202004,Ngân hàng Thương mại Cổ phần Lộc Phát Việt Nam công bố kết quả mua lại trái phiếu trước hạn LPB10Y202004,https://cafef.vn/du-lieu/LPB-2354007/lpb-ket-qua-mua-lai-trai-phieu-truoc-han-lpb10y202004.chn,cafef
2025-12-04,LPB: Thông báo công văn của NHNN về chấp thuận cho LPB thay đổi địa điểm đặt trụ sở CN Bắc Ninh - Phòng GD Yên Phong,Ngân hàng Thương mại Cổ phần Lộc Phát Việt Nam thông báo công văn của NHNN về chấp thuận cho LPB thay đổi địa điểm đặt trụ sở CN Bắc Ninh - Phòng GD Yên Phong,https://cafef.vn/du-lieu/LPB-2354435/lpb-thong-bao-cong-van-cua-nhnn-ve-chap-thuan-cho-lpb-thay-doi-dia-diem-dat-tru-so-cn-bac-ninh-phong-gd-yen-phong.chn,cafef
2025-12-03,LPBank trình phương án tăng tỷ lệ sở hữu nước ngoài tại ĐHĐCĐ bất thường năm 2025,"Ngân hàng TMCP Lộc Phát Việt Nam (LPBank) vừa công bố thông tin về Đại hội đồng cổ đông (ĐHĐCĐ) bất thường 2025, dự kiến diễn ra tại Ninh Bình – nơi ngân hàng thường tổ chức các kỳ đại hội lớn. Đại hội lần này sẽ xem xét và biểu quyết hai nội dung quan trọng liên quan trực tiếp đến định hướng phát triển trong thời gian tới.",https://cafef.vn/lpbank-trinh-phuong-an-tang-ty-le-so-huu-nuoc-ngoai-tai-dhdcd-bat-thuong-nam-2025-188251203090040653.chn,cafef
2025-12-03,LPB: Thông báo mời họp ĐHĐCĐ bất thường năm 2025,Ngân hàng Thương mại Cổ phần Lộc Phát Việt Nam thông báo mời họp ĐHĐCĐ bất thường năm 2025,https://cafef.vn/du-lieu/LPB-2353122/lpb-thong-bao-moi-hop-dhdcd-bat-thuong-nam-2025.chn,cafef
2025-12-03,LPB: Thông báo tài liệu họp ĐHĐCĐ bất thường năm 2025,Ngân hàng Thương mại Cổ phần Lộc Phát Việt Nam thông báo tài liệu họp ĐHĐCĐ bất thường năm 2025,https://cafef.vn/du-lieu/LPB-2353159/lpb-thong-bao-tai-lieu-hop-dhdcd-bat-thuong-nam-2025.chn,cafef
2025-12-01,LPB: Thông báo Quyết định của HNX về việc chấp thuận niêm yết trái phiếu của LPB,Ngân hàng Thương mại Cổ phần Lộc Phát Việt Nam thông báo Quyết định của HNX về việc chấp thuận niêm yết trái phiếu của LPB,https://cafef.vn/du-lieu/LPB-2352054/lpb-thong-bao-quyet-dinh-cua-hnx-ve-viec-chap-thuan-niem-yet-trai-phieu-cua-lpb.chn,cafef
2025-11-28,LPB: Thông báo công văn của NHNN về chấp thuận cho LPB thay đổi địa điểm Phòng GD Gò Công Đông,Ngân hàng Thương mại Cổ phần Lộc Phát Việt Nam thông báo công văn của NHNN về chấp thuận cho LPB thay đổi địa điểm Phòng GD Gò Công Đông,https://cafef.vn/du-lieu/LPB-2350519/lpb-thong-bao-cong-van-cua-nhnn-ve-chap-thuan-cho-lpb-thay-doi-dia-diem-phong-gd-go-cong-dong.chn,cafef
2025-11-27,LPB: Nghị quyết HĐQT thông qua hồ sơ đăng ký chào bán trái phiếu ra công chúng 2025,Nghị quyết HĐQT thông qua hồ sơ đăng ký chào bán trái phiếu ra công chúng 2025,https://cafef.vn/du-lieu/LPB-2349672/lpb-nghi-quyet-hdqt-thong-qua-ho-so-dang-ky-chao-ban-trai-phieu-ra-cong-chung-2025.chn,cafef
2025-11-24,LPB: Thông báo công văn của NHNN về chấp thuận cho LPB thay đổi địa điểm Chi nhánh Bạc Liêu,Ngân hàng Thương mại Cổ phần Lộc Phát Việt Nam thông báo công văn của NHNN về chấp thuận cho LPB thay đổi địa điểm Chi nhánh Bạc Liêu,https://cafef.vn/du-lieu/LPB-2347260/lpb-thong-bao-cong-van-cua-nhnn-ve-chap-thuan-cho-lpb-thay-doi-dia-diem-chi-nhanh-bac-lieu.chn,cafef
2025-11-24,LPB: Thông báo công văn của NHNN về chấp thuận cho LPB thay đổi địa điểm Phòng GD Phú Lộc,Ngân hàng Thương mại Cổ phần Lộc Phát Việt Nam thông báo công văn của NHNN về chấp thuận cho LPB thay đổi địa điểm Phòng GD Phú Lộc,https://cafef.vn/du-lieu/LPB-2347261/lpb-thong-bao-cong-van-cua-nhnn-ve-chap-thuan-cho-lpb-thay-doi-dia-diem-phong-gd-phu-loc.chn,cafef
2025-11-21,LPB: Nghị quyết HĐQT về việc thay đổi địa điểm trụ sở Phòng GD Bình Tây và Phòng GD Bưu điện tại Tỉnh Quảng Ninh,Ngân hàng Thương mại Cổ phần Lộc Phát Việt Nam thông báo Nghị quyết HĐQT về việc thay đổi địa điểm trụ sở Phòng GD Bình Tây và Phòng GD Bưu điện tại Tỉnh Quảng Ninh,https://cafef.vn/du-lieu/LPB-2345011/lpb-nghi-quyet-hdqt-ve-viec-thay-doi-dia-diem-tru-so-phong-gd-binh-tay-va-phong-gd-buu-dien-tai-tinh-quang-ninh.chn,cafef
2025-11-20,LPB: Thông báo công văn của NHNN về chấp thuận cho LPB thay đổi địa điểm Phòng GD Hương Khê,Ngân hàng Thương mại Cổ phần Lộc Phát Việt Nam thông báo công văn của NHNN về chấp thuận cho LPB thay đổi địa điểm Phòng GD Hương Khê,https://cafef.vn/du-lieu/LPB-2344419/lpb-thong-bao-cong-van-cua-nhnn-ve-chap-thuan-cho-lpb-thay-doi-dia-diem-phong-gd-huong-khe.chn,cafef
2025-11-12,"LPB: 24.11.2025, ngày GDKHQ tham dự ĐHĐCĐ bất thường năm 2025",Sở Giao dịch Chứng khoán Thành phố Hồ Chí Minh thông báo ngày ĐKCC tham dự ĐHĐCĐ bất thường năm 2025 của Ngân hàng Thương mại Cổ phần Lộc Phát Việt Nam,https://cafef.vn/du-lieu/LPB-2337759/lpb-24112025-ngay-gdkhq-tham-du-dhdcd-bat-thuong-nam-2025.chn,cafef
2025-11-10,LPB: Thông báo ngày ĐKCC tổ chức ĐHĐCĐ bất thường năm 2025,Ngân hàng Thương mại Cổ phần Lộc Phát Việt Nam thông báo ngày ĐKCC tổ chức ĐHĐCĐ bất thường năm 2025,https://cafef.vn/du-lieu/LPB-2336778/lpb-thong-bao-ngay-dkcc-to-chuc-dhdcd-bat-thuong-nam-2025.chn,cafef
2025-11-07,LPB: Thông báo công văn của NHNN về việc LPB thay đổi địa điểm Phòng GD Nam Sài Gòn,Ngân hàng Thương mại Cổ phần Lộc Phát Việt Nam thông báo công văn của NHNN về việc LPB thay đổi địa điểm Phòng GD Nam Sài Gòn,https://cafef.vn/du-lieu/LPB-2336138/lpb-thong-bao-cong-van-cua-nhnn-ve-viec-lpb-thay-doi-dia-diem-phong-gd-nam-sai-gon.chn,cafef
2025-11-07,LPB: Nghị quyết HĐQT về việc phát hành trái phiếu,Ngân hàng Thương mại Cổ phần Lộc Phát Việt Nam thông báo Nghị quyết HĐQT về việc phát hành trái phiếu,https://cafef.vn/du-lieu/LPB-2336139/lpb-nghi-quyet-hdqt-ve-viec-phat-hanh-trai-phieu.chn,cafef
2025-11-05,LPB: Thông báo công văn của NHNN về việc LPB thay đổi địa điểm Phòng GD Đô Thành,Ngân hàng Thương mại Cổ phần Lộc Phát Việt Nam thông báo công văn của NHNN về việc LPB thay đổi địa điểm Phòng GD Đô Thành,https://cafef.vn/du-lieu/LPB-2334781/lpb-thong-bao-cong-van-cua-nhnn-ve-viec-lpb-thay-doi-dia-diem-phong-gd-do-thanh.chn,cafef
2025-11-05,LPB: Thông báo công văn của NHNN về việc LPB thay đổi địa điểm Phòng GD Hữu Lũng,Ngân hàng Thương mại Cổ phần Lộc Phát Việt Nam thông báo công văn của NHNN về việc LPB thay đổi địa điểm Phòng GD Hữu Lũng,https://cafef.vn/du-lieu/LPB-2334785/lpb-thong-bao-cong-van-cua-nhnn-ve-viec-lpb-thay-doi-dia-diem-phong-gd-huu-lung.chn,cafef
2025-11-05,LPB: Nghị quyết HĐQT thông qua kế hoạch tổ chức ĐHĐCĐ bất thường 2025,Ngân hàng Thương mại Cổ phần Lộc Phát Việt Nam thông báo Nghị quyết HĐQT về việc thông qua kế hoạch tổ chức ĐHĐCĐBT 2025,https://cafef.vn/du-lieu/LPB-2334811/lpb-nghi-quyet-hdqt-thong-qua-ke-hoach-to-chuc-dhdcd-bat-thuong-2025.chn,cafef
2025-10-28,LPB: Thông báo mua lại trái phiếu LPB10Y202004,Ngân hàng Thương mại Cổ phần Lộc Phát Việt Nam thông báo  mua lại trái phiếu LPB10Y202004,https://cafef.vn/du-lieu/LPB-2327675/lpb-thong-bao-mua-lai-trai-phieu-lpb10y202004.chn,cafef
2025-10-28,LPB: Thông báo mua lại trái phiếu LPB10Y202005,Ngân hàng Thương mại Cổ phần Lộc Phát Việt Nam thông báo mua lại trái phiếu LPB10Y202005,https://cafef.vn/du-lieu/LPB-2327676/lpb-thong-bao-mua-lai-trai-phieu-lpb10y202005.chn,cafef
2025-10-27,LPB: Thông báo quyết định của NHNN về việc bổ sung nội dung vào giấy phép thành lập và hoạt động của LPB,Ngân hàng Thương mại Cổ phần Lộc Phát Việt Nam thông báo quyết định của NHNN về việc bổ sung nội dung vào giấy phép thành lập và hoạt động của LPB,https://cafef.vn/du-lieu/LPB-2326271/lpb-thong-bao-quyet-dinh-cua-nhnn-ve-viec-bo-sung-noi-dung-vao-giay-phep-thanh-lap-va-hoat-dong-cua-lpb.chn,cafef
2025-10-24,LPB: Nghị quyết HĐQT phê duyệt phương án mua lại trước hạn trái phiếu LPB10Y202004 - LPB10Y202005,Ngân hàng Thương mại Cổ phần Lộc Phát Việt Nam thông báo Nghị quyết HĐQT về việc phê duyệt phương án mua lại trước hạn trái phiếu LPB10Y202004 - LPB10Y202005,https://cafef.vn/du-lieu/LPB-2325917/lpb-nghi-quyet-hdqt-phe-duyet-phuong-an-mua-lai-truoc-han-trai-phieu-lpb10y202004-lpb10y202005.chn,cafef
2025-10-23,LPB: Thông báo nhận được công văn của NHNN Chi nhánh Khu vực 2 về việc chấp thuận thay đổi địa điểm trụ sở PGD Phú Nhuận,Ngân hàng Thương mại Cổ phần Lộc Phát Việt Nam thông báo nhận được công văn của NHNN Chi nhánh Khu vực 2 về việc chấp thuận thay đổi địa điểm trụ sở PGD Phú Nhuận,https://cafef.vn/du-lieu/LPB-2324435/lpb-thong-bao-nhan-duoc-cong-van-cua-nhnn-chi-nhanh-khu-vuc-2-ve-viec-chap-thuan-thay-doi-dia-diem-tru-so-pgd-phu-nhuan.chn,cafef
2025-10-21,LPB: Giải trình biến động LNST trên BCTC quý 3/2025 so với cùng kỳ năm trước,Ngân hàng Thương mại Cổ phần Lộc Phát Việt Nam thông báo giải trình biến động LNST trên BCTC quý 3/2025 so với cùng kỳ năm trước,https://cafef.vn/du-lieu/LPB-2321889/lpb-giai-trinh-bien-dong-lnst-tren-bctc-quy-32025-so-voi-cung-ky-nam-truoc.chn,cafef
2025-10-07,LPB: Thông báo công văn của NHNN về chấp thuận cho LPB thay đổi địa điểm Phòng GD Long Biên,Ngân hàng Thương mại Cổ phần Lộc Phát Việt Nam thông báo công văn của NHNN về chấp thuận cho LPB thay đổi địa điểm Phòng GD Long Biên,https://cafef.vn/du-lieu/LPB-2312531/lpb-thong-bao-cong-van-cua-nhnn-ve-chap-thuan-cho-lpb-thay-doi-dia-diem-phong-gd-long-bien.chn,cafef
2025-10-06,"LPB: Nghị quyết HĐQT v/v thay đổi địa điểm trụ sở chi nhánh Hải Phòng, PGD Trường Chinh, PGD Mỹ Đình","Ngân hàng Thương mại Cổ phần Lộc Phát Việt Nam công bố Nghị quyết HĐQT về việc thay đổi địa điểm trụ sở chi nhánh Hải Phòng, PGD Trường Chinh, PGD Mỹ Đình",https://cafef.vn/du-lieu/LPB-2311775/lpb-nghi-quyet-hdqt-vv-thay-doi-dia-diem-tru-so-chi-nhanh-hai-phong-pgd-truong-chinh-pgd-my-dinh.chn,cafef
2025-09-26,LPB: Thông báo nhận được công văn của NHNN Chi nhánh Khu vực 2 về việc chấp thuận thay đổi địa điểm PGD Dĩ An,Ngân hàng Thương mại Cổ phần Lộc Phát Việt Nam thông báo nhận được công văn của NHNN Chi nhánh Khu vực 2 về việc chấp thuận thay đổi địa điểm PGD Dĩ An,https://cafef.vn/du-lieu/LPB-2306415/lpb-thong-bao-nhan-duoc-cong-van-cua-nhnn-chi-nhanh-khu-vuc-2-ve-viec-chap-thuan-thay-doi-dia-diem-pgd-di-an.chn,cafef
2025-09-12,LPB: Nghị quyết HĐQT về việc thay đổi địa điểm trụ sở PGD Nam Sài Gòn,Ngân hàng Thương mại Cổ phần Lộc Phát Việt Nam công bố Nghị quyết HĐQT về việc thay đổi địa điểm trụ sở PGD Nam Sài Gòn,https://cafef.vn/du-lieu/LPB-2295366/lpb-nghi-quyet-hdqt-ve-viec-thay-doi-dia-diem-tru-so-pgd-nam-sai-gon.chn,cafef
2025-09-11,LPB: Nghị quyết HĐQT về việc thay đổi địa điểm trụ sở PGD Long Biên và PGD Phú Nhuận,Ngân hàng Thương mại Cổ phần Lộc Phát Việt Nam công bố Nghị quyết HĐQT về việc thay đổi địa điểm trụ sở PGD Long Biên và PGD Phú Nhuận,https://cafef.vn/du-lieu/LPB-2294417/lpb-nghi-quyet-hdqt-ve-viec-thay-doi-dia-diem-tru-so-pgd-long-bien-va-pgd-phu-nhuan.chn,cafef
2025-09-11,LPB: Nghị quyết HĐQT phê duyệt phương án phát hành trái phiếu riêng lẻ tăng vốn cấp 2 năm 2025,Ngân hàng Thương mại Cổ phần Lộc Phát Việt Nam công bố Nghị quyết HĐQT về việc phê duyệt phương án phát hành trái phiếu riêng lẻ tăng vốn cấp 2 năm 2025,https://cafef.vn/du-lieu/LPB-2294533/lpb-nghi-quyet-hdqt-phe-duyet-phuong-an-phat-hanh-trai-phieu-rieng-le-tang-von-cap-2-nam-2025.chn,cafef
2025-08-28,LPB: Nghị quyết HĐQT về việc chấm dứt hoạt động 25 Phòng giao dịch,Ngân hàng Thương mại Cổ phần Lộc Phát Việt Nam thông báo Nghị quyết HĐQT về việc chấm dứt hoạt động 25 Phòng GD,https://cafef.vn/du-lieu/LPB-2288237/lpb-nghi-quyet-hdqt-ve-viec-cham-dut-hoat-dong-25-phong-giao-dich.chn,cafef
2025-08-26,LPB: Báo cáo tỷ lệ an toàn vốn tại ngày 30/06/2025,Ngân hàng Thương mại Cổ phần Lộc Phát Việt Nam công bố báo cáo tỷ lệ an toàn vốn tại ngày 30/06/2025,https://cafef.vn/du-lieu/LPB-2283892/lpb-bao-cao-ty-le-an-toan-von-tai-ngay-30062025.chn,cafef
2025-08-25,LPB: Nghị quyết HĐQT về việc thay đổi địa điểm trụ sở Chi nhánh Bạc Liêu,Ngân hàng Thương mại Cổ phần Lộc Phát Việt Nam thông báo Nghị quyết HĐQT về việc thay đổi địa điểm trụ sở Chi nhánh Bạc Liêu,https://cafef.vn/du-lieu/LPB-2282414/lpb-nghi-quyet-hdqt-ve-viec-thay-doi-dia-diem-tru-so-chi-nhanh-bac-lieu.chn,cafef
2025-08-22,LPB: Thông báo công văn của NHNN về chấp thuận cho LPB thay đổi địa điểm Phòng GD An Phú,Ngân hàng Thương mại Cổ phần Lộc Phát Việt Nam thông báo công văn của NHNN về chấp thuận cho LPB thay đổi địa điểm Phòng GD An Phú,https://cafef.vn/du-lieu/LPB-2281695/lpb-thong-bao-cong-van-cua-nhnn-ve-chap-thuan-cho-lpb-thay-doi-dia-diem-phong-gd-an-phu.chn,cafef
2025-08-18,LPB: Nghị quyết HĐQT về việc thay đổi địa điểm trụ sở Chi nhánh Sơn Tây và Ninh Thuận,Ngân hàng Thương mại Cổ phần Lộc Phát Việt Nam thông báo Nghị quyết HĐQT về việc thay đổi địa điểm trụ sở Chi nhánh Sơn Tây và Ninh Thuận,https://cafef.vn/du-lieu/LPB-2277582/lpb-nghi-quyet-hdqt-ve-viec-thay-doi-dia-diem-tru-so-chi-nhanh-son-tay-va-ninh-thuan.chn,cafef
2025-08-13,LPB: Nghị quyết HĐQT phê duyệt phương án phát hành trái phiếu riêng lẻ năm 2025,v,https://cafef.vn/du-lieu/LPB-2269726/lpb-nghi-quyet-hdqt-phe-duyet-phuong-an-phat-hanh-trai-phieu-rieng-le-nam-2025.chn,cafef
2025-08-12,LPB: Nghị quyết HĐQT phê duyệt phương án mua lại trước hạn trái phiếu LPB123008,Ngân hàng Thương mại Cổ phần Lộc Phát Việt Nam thông báo Nghị quyết HĐQT về việc phê duyệt phương án mua lại trước hạn trái phiếu LPB123008,https://cafef.vn/du-lieu/LPB-2269673/lpb-nghi-quyet-hdqt-phe-duyet-phuong-an-mua-lai-truoc-han-trai-phieu-lpb123008.chn,cafef
2025-07-31,LPB: Báo cáo tình hình quản trị 6 tháng đầu năm 2025,Ngân hàng Thương mại Cổ phần Lộc Phát Việt Nam Báo cáo tình hình quản trị 6 tháng đầu năm 2025,https://cafef.vn/du-lieu/LPB-2294626/lpb-bao-cao-tinh-hinh-quan-tri-6-thang-dau-nam-2025.chn,cafef
2025-07-18,LPB: Nghị quyết HĐQT về việc thay đổi địa điểm trủ sở Phòng Giao dịch Đô Thành,Ngân hàng Thương mại Cổ phần Lộc Phát Việt Nam thông báo Nghị quyết HĐQT về việc thay đổi địa điểm trủ sở Phòng GD Đô Thành,https://cafef.vn/du-lieu/LPB-2248680/lpb-nghi-quyet-hdqt-ve-viec-thay-doi-dia-diem-tru-so-phong-giao-dich-do-thanh.chn,cafef
2025-07-14,LPB: Bản thông tin cập nhật Bản cáo bạch chào bán đợt 2,Ngân hàng Thương mại Cổ phần Lộc Phát Việt Nam thông báo Bản thông tin cập nhật Bản cáo bạch chào bán đợt 2,https://cafef.vn/du-lieu/LPB-2245541/lpb-ban-thong-tin-cap-nhat-ban-cao-bach-chao-ban-dot-2.chn,cafef
2025-07-14,LPB: Thông báo chào bán trái phiếu ra công chúng,Ngân hàng Thương mại Cổ phần Lộc Phát Việt Nam thông báo chào bán trái phiếu ra công chúng,https://cafef.vn/du-lieu/LPB-2245542/lpb-thong-bao-chao-ban-trai-phieu-ra-cong-chung.chn,cafef
2025-07-08,LPB: Thông báo nhận được công văn của UBCKNN về hồ sơ báo cáo chào bán trái phiếu,Ngân hàng Thương mại Cổ phần Lộc Phát Việt Nam thông báo nhận được công văn của UBCKNN về hồ sơ báo cáo chào bán trái phiếu,https://cafef.vn/du-lieu/LPB-2240741/lpb-thong-bao-nhan-duoc-cong-van-cua-ubcknn-ve-ho-so-bao-cao-chao-ban-trai-phieu.chn,cafef
2025-07-08,LPB: Thông báo nhận được công văn của UBCKNN về hồ sơ báo cáo trái phiếu,Ngân hàng Thương mại Cổ phần Lộc Phát Việt Nam thông báo nhận được công văn của UBCKNN về hồ sơ báo cáo trái phiếu,https://cafef.vn/du-lieu/LPB-2241062/lpb-thong-bao-nhan-duoc-cong-van-cua-ubcknn-ve-ho-so-bao-cao-trai-phieu.chn,cafef
2025-07-08,LPB: Báo cáo kết quả mua lại trái phiếu trước hạn LPB123015,Ngân hàng Thương mại Cổ phần Lộc Phát Việt Nam công bố Báo cáo kết quả mua lại trái phiếu trước hạn LPB123015,https://cafef.vn/du-lieu/LPB-2241122/lpb-bao-cao-ket-qua-mua-lai-trai-phieu-truoc-han-lpb123015.chn,cafef
2025-07-08,LPB: Thông báo về việc thay đổi mẫu con dấu,Ngân hàng Thương mại Cổ phần Lộc Phát Việt Nam thông báo về việc thay đổi mẫu con dấu,https://cafef.vn/du-lieu/LPB-2241123/lpb-thong-bao-ve-viec-thay-doi-mau-con-dau.chn,cafef
2025-07-04,LPB: Thông báo thay đổi thông tin địa chỉ trụ sở chính,Ngân hàng Thương mại Cổ phần Lộc Phát Việt Nam thông báo thay đổi thông tin địa chỉ trụ sở chính,https://cafef.vn/du-lieu/LPB-2239539/lpb-thong-bao-thay-doi-thong-tin-dia-chi-tru-so-chinh.chn,cafef
2025-06-30,LPB: Nghị quyết HĐQT về phương án phát hành trái phiếu ra công chúng,Ngân hàng Thương mại Cổ phần Lộc Phát Việt Nam thông báo Nghị quyết HĐQT về phương án phát hành trái phiếu ra công chúng,https://cafef.vn/du-lieu/LPB-2233552/lpb-nghi-quyet-hdqt-ve-phuong-an-phat-hanh-trai-phieu-ra-cong-chung.chn,cafef
2025-06-26,LPB: Thông báo công văn của NHNN về việc chấp thuận cho LPB thay đổi địa điểm Phòng GD Chư Sê - Chi nhánh Gia Lai,Ngân hàng Thương mại Cổ phần Lộc Phát Việt Nam thông báo công văn của NHNN về việc chấp thuận cho LPB thay đổi địa điểm Phòng GD Chư Sê - Chi nhánh Gia Lai,https://cafef.vn/du-lieu/LPB-2231585/lpb-thong-bao-cong-van-cua-nhnn-ve-viec-chap-thuan-cho-lpb-thay-doi-dia-diem-phong-gd-chu-se-chi-nhanh-gia-lai.chn,cafef
2025-06-18,LPB: Quyết định của Sở Giao dịch Chứng khoán Hà Nội về việc hủy niêm yết trái phiếu LPB123015,Ngân hàng Thương mại Cổ phần Lộc Phát Việt Nam công bố Quyết định của Sở Giao dịch Chứng khoán Hà Nội về việc hủy niêm yết trái phiếu LPB12301,https://cafef.vn/du-lieu/LPB-2224831/lpb-quyet-dinh-cua-so-giao-dich-chung-khoan-ha-noi-ve-viec-huy-niem-yet-trai-phieu-lpb123015.chn,cafef
2025-06-17,LPB: Nghị quyết HĐQT về việc thay đổi địa điểm Chi nhánh Vĩnh Phúc,Ngân hàng Thương mại Cổ phần Lộc Phát Việt Nam thông báo Nghị quyết HĐQT về việc thay đổi địa điểm Chi nhánh Vĩnh Phúc,https://cafef.vn/du-lieu/LPB-2223969/lpb-nghi-quyet-hdqt-ve-viec-thay-doi-dia-diem-chi-nhanh-vinh-phuc.chn,cafef
2025-06-10,LPB: Thông báo công văn của NHNN về việc chấp thuận cho LPB thay đổi địa điểm Phòng GD Hoa Lư,Ngân hàng Thương mại Cổ phần Lộc Phát Việt Nam thông báo công văn của NHNN về việc chấp thuận cho LPB thay đổi địa điểm Phòng GD Hoa Lư,https://cafef.vn/du-lieu/LPB-2218500/lpb-thong-bao-cong-van-cua-nhnn-ve-viec-chap-thuan-cho-lpb-thay-doi-dia-diem-phong-gd-hoa-lu.chn,cafef
2025-06-02,LPB: Nghị quyết HĐQT phê duyệt phương án mua lại trước hạn trái phiếu LPB123015,Ngân hàng Thương mại Cổ phần Lộc Phát Việt Nam công bố Nghị quyết HĐQT về việc phê duyệt phương án mua lại trước hạn trái phiếu LPB123015,https://cafef.vn/du-lieu/LPB-2212102/lpb-nghi-quyet-hdqt-phe-duyet-phuong-an-mua-lai-truoc-han-trai-phieu-lpb123015.chn,cafef
2025-05-20,LPB: Nghị quyết HĐQT phê duyệt thuê mới và thay đổi địa điểm trụ sở PGD Sài Gòn,Ngân hàng Thương mại Cổ phần Lộc Phát Việt Nam công bố Nghị quyết HĐQT về việc phê duyệt thuê mới và thay đổi địa điểm trụ sở PGD Sài Gòn,https://cafef.vn/du-lieu/LPB-2203427/lpb-nghi-quyet-hdqt-phe-duyet-thue-moi-va-thay-doi-dia-diem-tru-so-pgd-sai-gon.chn,cafef
2025-05-16,LPB: Nghị quyết HĐQT về việc phê duyệt toàn văn của Điều lệ,Ngân hàng Thương mại Cổ phần Lộc Phát Việt Nam thông báo Nghị quyết HĐQT về việc phê duyệt toàn văn của Điều lệ,https://cafef.vn/du-lieu/LPB-2199060/lpb-nghi-quyet-hdqt-ve-viec-phe-duyet-toan-van-cua-dieu-le.chn,cafef
2025-05-16,LPB: Điều lệ công ty 2025,Ngân hàng Thương mại Cổ phần Lộc Phát Việt Nam thông báo Điều lệ công ty,https://cafef.vn/du-lieu/LPB-2199821/lpb-dieu-le-cong-ty-2025.chn,cafef
2025-05-15,LPB: Thông báo về việc ký hợp đồng kiểm toán BCTC năm 2025,Ngân hàng Thương mại Cổ phần Lộc Phát Việt Nam thông báo về việc ký hợp đồng kiểm toán BCTC năm 2025,https://cafef.vn/du-lieu/LPB-2199118/lpb-thong-bao-ve-viec-ky-hop-dong-kiem-toan-bctc-nam-2025.chn,cafef
2025-05-08,LPB: Thông báo ngày ĐKCC để thực hiện quyền nhận cổ tức năm 2024 bằng tiền,Ngân hàng Thương mại Cổ phần Lộc Phát Việt Nam thông báo ngày ĐKCC để thực hiện quyền nhận cổ tức năm 2024 bằng tiền,https://cafef.vn/du-lieu/LPB-2193177/lpb-thong-bao-ngay-dkcc-de-thuc-hien-quyen-nhan-co-tuc-nam-2024-bang-tien.chn,cafef
2025-05-07,LPB: Nghị quyết HĐQT phê duyệt triển khai và thực hiện kế hoạch chi trả cổ tức năm 2024 bằng tiền mặt,Ngân hàng Thương mại Cổ phần Lộc Phát Việt Nam thông báo Nghị quyết HĐQT về việc phê duyệt triển khai và thực hiện kế hoạch chi trả cổ tức năm 2024 bằng tiền mặt,https://cafef.vn/du-lieu/LPB-2197126/lpb-nghi-quyet-hdqt-phe-duyet-trien-khai-va-thuc-hien-ke-hoach-chi-tra-co-tuc-nam-2024-bang-tien-mat.chn,cafef
2025-04-28,LPB: Nghị quyết và Biên bản họp ĐHĐCĐ thường niên năm 2025,Ngân hàng Thương mại Cổ phần Lộc Phát Việt Nam thông báo Nghị quyết HĐQT về việc tham dự họp ĐHĐCĐ thường niên 2025,https://cafef.vn/du-lieu/LPB-2220440/lpb-nghi-quyet-va-bien-ban-hop-dhdcd-thuong-nien-nam-2025.chn,cafef
2025-04-27,'Phòng giao dịch trên dưới 10 người nhưng có thể lãi 15-20 tỷ',"Ông Hồ Nam Tiến - Phó Chủ tịch Hội đồng quản trị LPBank - cho biết, một trong những yếu tố giúp ngân hàng có lợi nhuận năm 2024 tăng vọt là tinh gọn bộ máy, tập trung phê duyệt lên hội sở nhằm kiểm soát rủi ro và đảm bảo cho vận hành. ""Có những phòng giao dịch trên dưới 10 người nhưng có thể lãi 15-20 tỷ"" - ông Tiến nói.",https://cafef.vn/phong-giao-dich-tren-duoi-10-nguoi-nhung-co-the-lai-1520-ty-18825042717004717.chn,cafef
2025-04-27,"ĐHCĐ LPBank: Kế hoạch lợi nhuận 14.868 tỷ đồng trong năm nay, chia cổ tức tiền mặt tỷ lệ 25%","LPBank là một trong những ngân hàng có tỷ lệ chia cổ tức bằng tiền mặt cao nhất thị trường. Ông Nguyễn Đức Thuỵ, Chủ tịch HĐQT cho biết HĐQT mong muốn chia cổ tức hàng năm càng cao càng tốt.",https://cafef.vn/dhcd-lpbank-ke-hoach-loi-nhuan-14868-ty-dong-trong-nam-nay-chia-co-tuc-tien-mat-ty-le-25-188250427111355417.chn,cafef
2025-04-25,LPB: Nghị quyết HĐQT v/v thay đổi địa điểm trụ sở PGD Dĩ An trực thuộc Chi nhánh Bình Dương,Ngân hàng Thương mại Cổ phần Lộc Phát Việt Nam công bố Nghị quyết HĐQT về việc thay đổi địa điểm trụ sở PGD Dĩ An trực thuộc Chi nhánh Bình Dương,https://cafef.vn/du-lieu/LPB-2191023/lpb-nghi-quyet-hdqt-vv-thay-doi-dia-diem-tru-so-pgd-di-an-truc-thuoc-chi-nhanh-binh-duong.chn,cafef
2025-04-21,LPB: Giải trình biến động LNST BCTC quý 1/2025 so với cùng kỳ năm trước,Ngân hàng Thương mại Cổ phần Lộc Phát Việt Nam giải trình biến động LNST BCTC quý 1/2025 so với cùng kỳ năm trước,https://cafef.vn/du-lieu/LPB-2183881/lpb-giai-trinh-bien-dong-lnst-bctc-quy-12025-so-voi-cung-ky-nam-truoc.chn,cafef
2025-04-08,LPB: Tài liệu họp ĐHĐCĐ thường niên năm 2025,Ngân hàng Thương mại Cổ phần Lộc Phát Việt Nam thông báo tài liệu họp ĐHĐCĐ thường niên năm 2025,https://cafef.vn/du-lieu/LPB-2169276/lpb-tai-lieu-hop-dhdcd-thuong-nien-nam-2025.chn,cafef
2025-04-04,LPB: Báo cáo tỷ lệ an toàn vốn tại 31.12.2024,Ngân hàng Thương mại Cổ phần Lộc Phát Việt Nam công bố Báo cáo tỷ lệ an toàn vốn tại 31.12.2024 n,https://cafef.vn/du-lieu/LPB-2165804/lpb-bao-cao-ty-le-an-toan-von-tai-31122024.chn,cafef
2025-03-31,LPB: CBTT chứng nhận đăng ký trái phiếu LPB125006 và LPB125007,Ngân hàng Thương mại Cổ phần Lộc Phát Việt Nam thông báo chứng nhận đăng ký trái phiếu LPB125006 và LPB125007,https://cafef.vn/du-lieu/LPB-2161500/lpb-cbtt-chung-nhan-dang-ky-trai-phieu-lpb125006-va-lpb125007.chn,cafef
2025-03-28,LPB: Giải trình biến động LNST BCTC kiểm toán năm 2024 so với cùng kỳ năm trước,Ngân hàng Thương mại Cổ phần Lộc Phát Việt Nam giải trình biến động LNST BCTC kiểm toán năm 2024 so với cùng kỳ năm trước,https://cafef.vn/du-lieu/LPB-2160233/lpb-giai-trinh-bien-dong-lnst-bctc-kiem-toan-nam-2024-so-voi-cung-ky-nam-truoc.chn,cafef
2025-03-28,LPB: Nghị quyết HĐQT về việc thay đổi địa điểm trụ sở Chư Sê trực thuộc Chi nhánh Gia Lai,Ngân hàng Thương mại Cổ phần Lộc Phát Việt Nam công bố Nghị quyết HĐQT về việc thay đổi địa điểm trụ sở Chư Sê trực thuộc Chi nhánh Gia Lai,https://cafef.vn/du-lieu/LPB-2160322/lpb-nghi-quyet-hdqt-ve-viec-thay-doi-dia-diem-tru-so-chu-se-truc-thuoc-chi-nhanh-gia-lai.chn,cafef
2025-03-26,LPB: Đính chính thông tin tại Phụ lục kết quả chào bán trái phiếu ra công chúng năm 2024 đợt 1,Ngân hàng Thương mại Cổ phần Lộc Phát Việt Nam thông báo đính chính thông tin tại Phụ lục kết quả chào bán trái phiếu ra công chúng năm 2024 đợt,https://cafef.vn/du-lieu/LPB-2157830/lpb-dinh-chinh-thong-tin-tai-phu-luc-ket-qua-chao-ban-trai-phieu-ra-cong-chung-nam-2024-dot-1.chn,cafef
2025-03-20,LPB: Thông báo mời họp ĐHĐCĐ thường niên năm 2025,Ngân hàng Thương mại Cổ phần Lộc Phát Việt Nam thông báo mời họp ĐHĐCĐ thường niên năm 2025,https://cafef.vn/du-lieu/LPB-2154469/lpb-thong-bao-moi-hop-dhdcd-thuong-nien-nam-2025.chn,cafef
2025-03-18,LPB: Nghị quyết HĐQT v/v thay đổi địa điểm trụ sở Phòng giao dịch Hoa Lư trực thuộc Chi nhánh Ninh Bình,Ngân hàng Thương mại Cổ phần Lộc Phát Việt Nam công bố Nghị quyết HĐQT về việc thay đổi địa điểm trụ sở Phòng giao dịch Hoa Lư trực thuộc Chi nhánh Ninh Bình,https://cafef.vn/du-lieu/LPB-2152944/lpb-nghi-quyet-hdqt-vv-thay-doi-dia-diem-tru-so-phong-giao-dich-hoa-lu-truc-thuoc-chi-nhanh-ninh-binh.chn,cafef
2025-03-13,"LPB: Nghị quyết HĐQT thông qua ký kết hợp đồng, giao dịch với người nội bộ và người có liên quan","Ngân hàng Thương mại Cổ phần Lộc Phát Việt Nam công bố Nghị quyết HĐQT về việc thông qua ký kết hợp đồng, giao dịch với người nội bộ và người có liên quan",https://cafef.vn/du-lieu/LPB-2149105/lpb-nghi-quyet-hdqt-thong-qua-ky-ket-hop-dong-giao-dich-voi-nguoi-noi-bo-va-nguoi-co-lien-quan.chn,cafef
2025-02-14,LPB: Thông báo nhận được công văn của NHNN Chi nhánh Bạc Liêu về việc thay đổi địa điểm PGD Hòa Bình - Chi nhánh Bạc Liêu,Ngân hàng Thương mại Cổ phần Lộc Phát Việt Nam thông báo nhận được công văn của NHNN Chi nhánh Bạc Liêu về việc thay đổi địa điểm PGD Hòa Bình - Chi nhánh Bạc Liêu,https://cafef.vn/du-lieu/LPB-2130829/lpb-thong-bao-nhan-duoc-cong-van-cua-nhnn-chi-nhanh-bac-lieu-ve-viec-thay-doi-dia-diem-pgd-hoa-binh-chi-nhanh-bac-lieu.chn,cafef
2025-02-13,LPB: Thông báo nhận được công văn của NHNN Chi nhánh Quảng Nam về việc chấp thuận thay đổi địa điểm đặt trụ sở PGD Thăng Bình của LPB Quảng Nam,Ngân hàng Thương mại Cổ phần Lộc Phát Việt Nam thông báo nhận được công văn của NHNN Chi nhánh Quảng Nam về việc chấp thuận thay đổi địa điểm đặt trụ sở PGD Thăng Bình của LPB Quảng Nam,https://cafef.vn/du-lieu/LPB-2129679/lpb-thong-bao-nhan-duoc-cong-van-cua-nhnn-chi-nhanh-quang-nam-ve-viec-chap-thuan-thay-doi-dia-diem-dat-tru-so-pgd-thang-binh-cua-lpb-quang-nam.chn,cafef
2025-02-13,LPB: Quyết định về việc sửa đổi mức vốn điều lệ LPBank,Ngân hàng Thương mại Cổ phần Lộc Phát Việt Nam thông báo Quyết định về việc sửa đổi mức vốn điều lệ LPBank,https://cafef.vn/du-lieu/LPB-2130273/lpb-quyet-dinh-ve-viec-sua-doi-muc-von-dieu-le-lpbank.chn,cafef
2025-02-05,LPB: Thông báo lãi suất trái phiếu cho kỳ tính lãi đầu tiên,Ngân hàng Thương mại Cổ phần Lộc Phát Việt Nam thông báo lãi suất trái phiếu cho kỳ tính lãi đầu tiên,https://cafef.vn/du-lieu/LPB-2124928/lpb-thong-bao-lai-suat-trai-phieu-cho-ky-tinh-lai-dau-tien.chn,cafef
2025-01-24,LPB: Thông báo nhận được quyết định của HOSE về việc thay đổi niêm yết cổ phiếu,Ngân hàng Thương mại Cổ phần Lộc Phát Việt Nam thông báo nhận được quyết định của HOSE về việc thay đổi niêm yết cổ phiếu,https://cafef.vn/du-lieu/LPB-2121062/lpb-thong-bao-nhan-duoc-quyet-dinh-cua-hose-ve-viec-thay-doi-niem-yet-co-phieu.chn,cafef
2025-01-24,LPB: Báo cáo tình hình quản trị Công ty năm 2024,Ngân hàng Thương mại Cổ phần Lộc Phát Việt Nam công bố báo cáo tình hình quản trị Công ty năm 2024,https://cafef.vn/du-lieu/LPB-2134266/lpb-bao-cao-tinh-hinh-quan-tri-cong-ty-nam-2024.chn,cafef
2025-01-23,"LPB: Báo cáo tình hình thanh toán gốc, lãi trái phiếu năm 2024","Ngân hàng Thương mại Cổ phần Lộc Phát Việt Nam công bố Báo cáo tình hình thanh toán gốc, lãi trái phiếu năm 2024",https://cafef.vn/du-lieu/LPB-2120545/lpb-bao-cao-tinh-hinh-thanh-toan-goc-lai-trai-phieu-nam-2024.chn,cafef
2025-01-22,LPB: Thông báo Quyết định của NHNNVN về việc sửa đổi nội dung Giấy phép thành lập và hoạt động của LPB,Ngân hàng Thương mại Cổ phần Lộc Phát Việt Nam thông báo Quyết định của NHNNVN về việc sửa đổi nội dung Giấy phép thành lập và hoạt động của LPB,https://cafef.vn/du-lieu/LPB-2119330/lpb-thong-bao-quyet-dinh-cua-nhnnvn-ve-viec-sua-doi-noi-dung-giay-phep-thanh-lap-va-hoat-dong-cua-lpb.chn,cafef
2025-01-21,LPB: Giải trình chênh lệch lợi nhuận sau thuế quý 4/2024 so với quý 4/2023,Ngân hàng Thương mại Cổ phần Lộc Phát Việt Nam công bố giải trình chênh lệch lợi nhuận sau thuế quý 4/2024 so với quý 4/2023,https://cafef.vn/du-lieu/LPB-2118727/lpb-giai-trinh-chenh-lech-loi-nhuan-sau-thue-quy-42024-so-voi-quy-42023.chn,cafef
2025-01-17,LPB: Thông báo nhận được quyết định của Tổng Cục thuế về việc xử phạt vi phạm hành chính qua thanh tra thuế,Ngân hàng Thương mại Cổ phần Lộc Phát Việt Nam thông báo nhận được quyết định của Tổng Cục thuế về việc xử phạt vi phạm hành chính qua thanh tra thuế,https://cafef.vn/du-lieu/LPB-2116611/lpb-thong-bao-nhan-duoc-quyet-dinh-cua-tong-cuc-thue-ve-viec-xu-phat-vi-pham-hanh-chinh-qua-thanh-tra-thue.chn,cafef
2025-01-17,LPB: Thông báo công văn của NHNN về việc chấp thuận cho LPB thay đổi địa điểm Phòng giao dịch Chơ Mới,Ngân hàng Thương mại Cổ phần Lộc Phát Việt Nam thông báo công văn của NHNN về việc chấp thuận cho LPB thay đổi địa điểm Phòng giao dịch Chơ Mới,https://cafef.vn/du-lieu/LPB-2116612/lpb-thong-bao-cong-van-cua-nhnn-ve-viec-chap-thuan-cho-lpb-thay-doi-dia-diem-phong-giao-dich-cho-moi.chn,cafef
2025-01-17,LPB: Công văn của NHNN về việc chấp thuận cho LPB thay đổi địa điểm Phòng giao dịch Chợ Mới,Ngân hàng Thương mại Cổ phần Lộc Phát Việt Nam thông báo công văn của NHNN về việc chấp thuận cho LPB thay đổi địa điểm Phòng giao dịch Chợ Mới,https://cafef.vn/du-lieu/LPB-2117089/lpb-cong-van-cua-nhnn-ve-viec-chap-thuan-cho-lpb-thay-doi-dia-diem-phong-giao-dich-cho-moi.chn,cafef
2025-01-15,"LPB: 24.1.2025, ngày GFKHQ thực hiện quyền ứng cử, đề cử để bầu bổ sung thành viên HĐQT nhiệm kỳ IV (2023-2028), tham dự ĐHĐCĐ thường niên năm 2025","Sở Giao dịch Chứng khoán TP.HCM thông báo về ngày đăng ký cuối cùng để thực hiện quyền ứng cử, đề cử để bầu bổ sung thành viên HĐQT nhiệm kỳ IV (2023-2028) và tham dự ĐHĐCĐ thường niên năm 2025 của Ngân hàng Thương mại Cổ phần Lộc Phát Việt Nam",https://cafef.vn/du-lieu/LPB-2116118/lpb-2412025-ngay-gfkhq-thuc-hien-quyen-ung-cu-de-cu-de-bau-bo-sung-thanh-vien-hdqt-nhiem-ky-iv-20232028-tham-du-dhdcd-thuong-nien-nam-2025.chn,cafef
2025-01-15,LPB: Thông báo công văn của NHNN về việc chấp thuận cho LPB thay đổi địa chỉ đặt trụ sở Chi nhánh Đông Đô,Ngân hàng Thương mại Cổ phần Lộc Phát Việt Nam thông báo công văn của NHNN về việc chấp thuận cho LPB thay đổi địa chỉ đặt trụ sở Chi nhánh Đông Đô,https://cafef.vn/du-lieu/LPB-2116133/lpb-thong-bao-cong-van-cua-nhnn-ve-viec-chap-thuan-cho-lpb-thay-doi-dia-chi-dat-tru-so-chi-nhanh-dong-do.chn,cafef
2025-01-14,LPB: Thông báo nhận được công văn của NHNN Chi nhánh TP. HCM về việc thay đổi địa điểm hoạt động PGD Bình Tân,Ngân hàng Thương mại Cổ phần Lộc Phát Việt Nam thông báo nhận được công văn của NHNN Chi nhánh TP. HCM về việc thay đổi địa điểm hoạt động PGD Bình Tân,https://cafef.vn/du-lieu/LPB-2115275/lpb-thong-bao-nhan-duoc-cong-van-cua-nhnn-chi-nhanh-tp-hcm-ve-viec-thay-doi-dia-diem-hoat-dong-pgd-binh-tan.chn,cafef
2025-01-13,LPB: Thông báo chào bán trái phiếu ra công chúng,Ngân hàng Thương mại Cổ phần Lộc Phát Việt Nam thông báo chào bán trái phiếu ra công chúng,https://cafef.vn/du-lieu/LPB-2114368/lpb-thong-bao-chao-ban-trai-phieu-ra-cong-chung.chn,cafef
2025-01-10,LPB: Thông báo công văn của UBCKNN về tài liệu báo cáo phát hành cổ phiếu để trả cổ tức của LPB,Ngân hàng Thương mại Cổ phần Lộc Phát Việt Nam thông báo công văn của UBCKNN về tài liệu báo cáo phát hành cổ phiếu để trả cổ tức của LPB,https://cafef.vn/du-lieu/LPB-2113010/lpb-thong-bao-cong-van-cua-ubcknn-ve-tai-lieu-bao-cao-phat-hanh-co-phieu-de-tra-co-tuc-cua-lpb.chn,cafef
2025-01-10,"LPB: Thông báo điều kiện, tiêu chuẩn và thủ tục đề cử, ứng cử bổ sung Thành viên HĐQT","Ngân hàng Thương mại Cổ phần Lộc Phát Việt Nam thông báo điều kiện, tiêu chuẩn và thủ tục đề cử, ứng cử bổ sung Thành viên HĐQT",https://cafef.vn/du-lieu/LPB-2113011/lpb-thong-bao-dieu-kien-tieu-chuan-va-thu-tuc-de-cu-ung-cu-bo-sung-thanh-vien-hdqt.chn,cafef
2025-01-10,LPB: Thông báo mời họp ĐHĐCĐ thường niên năm 2025,Ngân hàng Thương mại Cổ phần Lộc Phát Việt Nam thông báo mời họp ĐHĐCĐ thường niên năm 2025,https://cafef.vn/du-lieu/LPB-2113012/lpb-thong-bao-moi-hop-dhdcd-thuong-nien-nam-2025.chn,cafef
2025-01-10,"LPB: Thông báo ngày ĐKCC để thực hiện quyền đề cử, ứng cử Thành viên HĐQT và quyền tham dự ĐHĐCĐTN 2025","Ngân hàng Thương mại Cổ phần Lộc Phát Việt Nam thông báo ngày ĐKCC để thực hiện quyền đề cử, ứng cử Thành viên HĐQT và quyền tham dự ĐHĐCĐTN 2025",https://cafef.vn/du-lieu/LPB-2113013/lpb-thong-bao-ngay-dkcc-de-thuc-hien-quyen-de-cu-ung-cu-thanh-vien-hdqt-va-quyen-tham-du-dhdcdtn-2025.chn,cafef
2025-01-10,LPB: Nghị quyết HĐQT thông qua kế hoạch tổ chức họp ĐHĐCĐ thường niên 2025,Ngân hàng Thương mại Cổ phần Lộc Phát Việt Nam thông báo Nghị quyết HĐQT về việc thông qua kế hoạch tổ chức họp ĐHĐCĐ thường niên 2025,https://cafef.vn/du-lieu/LPB-2113037/lpb-nghi-quyet-hdqt-thong-qua-ke-hoach-to-chuc-hop-dhdcd-thuong-nien-2025.chn,cafef
2025-01-10,LPB: Kết quả mua lại trái phiếu trước hạn,Ngân hàng Thương mại Cổ phần Lộc Phát Việt Nam thông báo kết quả mua lại trái phiếu trước hạn,https://cafef.vn/du-lieu/LPB-2113039/lpb-ket-qua-mua-lai-trai-phieu-truoc-han.chn,cafef
2025-01-03,LPB: Giấy chứng nhận đăng ký chào bán trái phiếu ra công chúng,Ngân hàng Thương mại Cổ phần Lộc Phát Việt Nam thông báo Giấy chứng nhận đăng ký chào bán trái phiếu ra công chúng,https://cafef.vn/du-lieu/LPB-2109408/lpb-giay-chung-nhan-dang-ky-chao-ban-trai-phieu-ra-cong-chung.chn,cafef
2025-01-02,LPB: Nghị quyết HĐQT về việc phê duyệt cấp tín dụng với Chứng khoán LPBank,Ngân hàng Thương mại Cổ phần Lộc Phát Việt Nam thông báo Nghị quyết HĐQT về việc phê duyệt cấp tín dụng với CK LPBank,https://cafef.vn/du-lieu/LPB-2108734/lpb-nghi-quyet-hdqt-ve-viec-phe-duyet-cap-tin-dung-voi-chung-khoan-lpbank.chn,cafef
2025-01-02,LPB: Trích Nghị quyết HĐQT về việc thay đổi địa điểm trụ sở chính Chi nhánh Đông Đô,Ngân hàng Thương mại Cổ phần Lộc Phát Việt Nam thông báo trích Nghị quyết HĐQT về việc thay đổi địa điểm trụ sở chính Chi nhánh Đông Đô,https://cafef.vn/du-lieu/LPB-2108735/lpb-trich-nghi-quyet-hdqt-ve-viec-thay-doi-dia-diem-tru-so-chinh-chi-nhanh-dong-do.chn,cafef
2024-12-26,LPB: Thông báo công văn của NHNN về việc chấp thuận cho LPB thay đổi địa điểm Phòng giao dịch Sao Mai,Ngân hàng Thương mại Cổ phần Lộc Phát Việt Nam thông báo công văn của NHNN về việc chấp thuận cho LPB thay đổi địa điểm Phòng giao dịch Sao Mai,https://cafef.vn/du-lieu/LPB-2105227/lpb-thong-bao-cong-van-cua-nhnn-ve-viec-chap-thuan-cho-lpb-thay-doi-dia-diem-phong-giao-dich-sao-mai.chn,cafef
2024-12-24,LPB: Thông báo công văn của NHNN về việc chấp thuận cho LPB thay đổi địa điểm đặt trụ sở phòng GD Chi nhánh Yên Bái,Ngân hàng Thương mại Cổ phần Lộc Phát Việt Nam thông báo công văn của NHNN về việc chấp thuận cho LPB thay đổi địa điểm đặt trụ sở phòng GD Chi nhánh Yên Bái,https://cafef.vn/du-lieu/LPB-2104329/lpb-thong-bao-cong-van-cua-nhnn-ve-viec-chap-thuan-cho-lpb-thay-doi-dia-diem-dat-tru-so-phong-gd-chi-nhanh-yen-bai.chn,cafef
2024-12-19,LPB: Nghị quyết HĐQT về ngày đăng ký cuối cùng để thực hiện quyền nhận cổ tức bằng cổ phiếu năm 2023,Ngân hàng Thương mại Cổ phần Lộc Phát Việt Nam thông báo Nghị quyết HĐQT về ngày đăng ký cuối cùng để thực hiện quyền nhận cổ tức bằng cổ phiếu năm 2023,https://cafef.vn/du-lieu/LPB-2101464/lpb-nghi-quyet-hdqt-ve-ngay-dang-ky-cuoi-cung-de-thuc-hien-quyen-nhan-co-tuc-bang-co-phieu-nam-2023.chn,cafef
2024-12-19,LPB: Thông báo nhận được công văn của NHNN Chi nhánh Kiên Giang về việc thay đổi địa điểm trụ sở Chi nhánh Kiên Giang - PGD U Minh Thượng,Ngân hàng Thương mại Cổ phần Lộc Phát Việt Nam thông báo nhận được công văn của NHNN Chi nhánh Kiên Giang về việc thay đổi địa điểm trụ sở Chi nhánh Kiên Giang - PGD U Minh Thượng,https://cafef.vn/du-lieu/LPB-2101465/lpb-thong-bao-nhan-duoc-cong-van-cua-nhnn-chi-nhanh-kien-giang-ve-viec-thay-doi-dia-diem-tru-so-chi-nhanh-kien-giang-pgd-u-minh-thuong.chn,cafef
2024-12-19,LPB: Thông báo phát hành cổ phiếu trả cổ tức,Ngân hàng Thương mại Cổ phần Lộc Phát Việt Nam thông báo phát hành cổ phiếu trả cổ tức,https://cafef.vn/du-lieu/LPB-2101466/lpb-thong-bao-phat-hanh-co-phieu-tra-co-tuc.chn,cafef
2024-12-19,LPB: Thông báo nhận được công văn của UBCKNN về tài liệu báo cáo phát hành cổ phiếu trả cổ tức,Ngân hàng Thương mại Cổ phần Lộc Phát Việt Nam thông báo nhận được công văn của UBCKNN về tài liệu báo cáo phát hành cổ phiếu trả cổ tức,https://cafef.vn/du-lieu/LPB-2101467/lpb-thong-bao-nhan-duoc-cong-van-cua-ubcknn-ve-tai-lieu-bao-cao-phat-hanh-co-phieu-tra-co-tuc.chn,cafef
2024-12-19,LPB: Thông báo về ngày ĐKCC để thực hiện quyền nhận cổ tức bằng cổ phiếu năm 2023,Ngân hàng Thương mại Cổ phần Lộc Phát Việt Nam thông báo về ngày đăng ký cuối cùng để thực hiện quyền nhận cổ tức bằng cổ phiếu năm 2023,https://cafef.vn/du-lieu/LPB-2101468/lpb-thong-bao-ve-ngay-dkcc-de-thuc-hien-quyen-nhan-co-tuc-bang-co-phieu-nam-2023.chn,cafef
2024-12-19,LPB: Nghị quyết HĐQT phê duyệt chủ trương thay đổi địa điểm trụ sở và đổi tên phòng GD Hương Khê,Ngân hàng Thương mại Cổ phần Lộc Phát Việt Nam thông báo Nghị quyết HĐQT về việc phê duyệt chủ trương thay đổi địa điểm trụ sở  và đổi tên phòng GD Hương Khê,https://cafef.vn/du-lieu/LPB-2101877/lpb-nghi-quyet-hdqt-phe-duyet-chu-truong-thay-doi-dia-diem-tru-so-va-doi-ten-phong-gd-huong-khe.chn,cafef
2024-12-17,LPB: Thông báo công văn của NHNN về việc chấp thuận cho LPB tăng vốn điều lệ,Ngân hàng Thương mại Cổ phần Lộc Phát Việt Nam thông báo công văn của NHNN về việc chấp thuận cho LPB tăng vốn điều lệ,https://cafef.vn/du-lieu/LPB-2100605/lpb-thong-bao-cong-van-cua-nhnn-ve-viec-chap-thuan-cho-lpb-tang-von-dieu-le.chn,cafef
2024-12-17,LPB: Nghị quyết HĐQT về việc triển khai thực hiện phương án tăng vốn điều lệ năm 2024,Ngân hàng Thương mại Cổ phần Lộc Phát Việt Nam thông báo Nghị quyết HĐQT về việc triển khai thực hiện phương án tăng vốn điều lệ năm 2024,https://cafef.vn/du-lieu/LPB-2100684/lpb-nghi-quyet-hdqt-ve-viec-trien-khai-thuc-hien-phuong-an-tang-von-dieu-le-nam-2024.chn,cafef
2024-12-13,LPB: Nghị quyết HĐQT thông qua phương án chi tiết tăng vốn điều lệ năm 2024,Ngân hàng Thương mại Cổ phần Lộc Phát Việt Nam thông báo Nghị quyết HĐQT về việc thông qua phương án chi tiết tăng vốn điều lệ năm 2024,https://cafef.vn/du-lieu/LPB-2099590/lpb-nghi-quyet-hdqt-thong-qua-phuong-an-chi-tiet-tang-von-dieu-le-nam-2024.chn,cafef
2024-12-12,LPB: Nghị quyết HĐQT về việc thay đổi địa điểm trụ sở PGD lớn Bình Tân,Ngân hàng Thương mại Cổ phần Lộc Phát Việt Nam công bố Nghị quyết HĐQT về việc thay đổi địa điểm trụ sở PGD lớn Bình Tân,https://cafef.vn/du-lieu/LPB-2099260/lpb-nghi-quyet-hdqt-ve-viec-thay-doi-dia-diem-tru-so-pgd-lon-binh-tan.chn,cafef
2024-12-02,LPB: Nghị quyết HĐQT thông qua hồ sơ đăng ký chào bán trái phiếu phát hành ra công chúng 2024,Ngân hàng Thương mại Cổ phần Lộc Phát Việt Nam thông báo Nghị quyết HĐQT về việc thông qua hồ sơ đăng ký chào bán trái phiếu phát hành ra công chúng 2024,https://cafef.vn/du-lieu/LPB-2092488/lpb-nghi-quyet-hdqt-thong-qua-ho-so-dang-ky-chao-ban-trai-phieu-phat-hanh-ra-cong-chung-2024.chn,cafef
2024-11-28,LPB: Thông báo nhận được công văn của NHNN Chi nhánh Đồng Nai về việc chấp thuận thay đổi địa điểm PGD Long Thành trực thuộc LPB Chi nhánh Đồng Nai,Ngân hàng Thương mại Cổ phần Lộc Phát Việt Nam thông báo nhận được công văn của NHNN Chi nhánh Đồng Nai về việc chấp thuận thay đổi địa điểm PGD Long Thành trực thuộc LPB Chi nhánh Đồng Nai,https://cafef.vn/du-lieu/LPB-2091236/lpb-thong-bao-nhan-duoc-cong-van-cua-nhnn-chi-nhanh-dong-nai-ve-viec-chap-thuan-thay-doi-dia-diem-pgd-long-thanh-truc-thuoc-lpb-chi-nhanh-dong-nai.chn,cafef
2024-11-27,LPB: Thông báo nhận được công văn của NHNN Chi nhánh Kiên Giang về việc chấp thuận thay đổi địa điểm đặt trụ sở PGD An Biên và PGD Hà Tiên thuộc LPBank Kiên Giang,Ngân hàng Thương mại Cổ phần Lộc Phát Việt Nam thông báo nhận được công văn của NHNN Chi nhánh Kiên Giang về việc chấp thuận thay đổi địa điểm đặt trụ sở PGD An Biên và PGD Hà Tiên thuộc LPBank Kiên Giang,https://cafef.vn/du-lieu/LPB-2090366/lpb-thong-bao-nhan-duoc-cong-van-cua-nhnn-chi-nhanh-kien-giang-ve-viec-chap-thuan-thay-doi-dia-diem-dat-tru-so-pgd-an-bien-va-pgd-ha-tien-thuoc-lpbank-kien-giang.chn,cafef
2024-11-20,LPB: Thông báo nhận được công văn của NHNN Chi nhánh Quảng Ninh về việc chấp thuận thay đổi địa điểm hoạt động PGD Quảng Yên thuộc LPBank Quảng Ninh,Ngân hàng Thương mại Cổ phần Lộc Phát Việt Nam thông báo nhận được công văn của NHNN Chi nhánh Quảng Ninh về việc chấp thuận thay đổi địa điểm hoạt động PGD Quảng Yên thuộc LPBank Quảng Ninh,https://cafef.vn/du-lieu/LPB-2087014/lpb-thong-bao-nhan-duoc-cong-van-cua-nhnn-chi-nhanh-quang-ninh-ve-viec-chap-thuan-thay-doi-dia-diem-hoat-dong-pgd-quang-yen-thuoc-lpbank-quang-ninh.chn,cafef
2024-11-19,"LPB: Nghị quyết HĐQT về việc thay đổi trụ sở Phòng GD Hớn Quản và Tân Phước, Gò Công Tây","Ngân hàng Thương mại Cổ phần Lộc Phát Việt Nam thông báo Nghị quyết HĐQT về việc thay đổi trụ sở Phòng GD Hớn Quản và Tân Phước, Gò Công Tây",https://cafef.vn/du-lieu/LPB-2086538/lpb-nghi-quyet-hdqt-ve-viec-thay-doi-tru-so-phong-gd-hon-quan-va-tan-phuoc-go-cong-tay.chn,cafef
2024-11-18,"ĐHĐCĐ bất thường năm 2024 LPBank: Quyết định phát hành cổ phiếu trả cổ tức tỷ lệ 16,8%, đầu tư cổ phiếu thuộc danh mục VN30",Các cổ đông của LPBank cũng bầu bổ sung thêm 2 thành viên HĐQT và chốt kế hoạch chuyển trụ sở tới một địa điểm khác nhằm mở rộng thị trường và gia tăng hiện diện tại các khu vực có tiềm năng phát triển.,https://cafef.vn/dhdcd-bat-thuong-nam-2024-lpbank-quyet-dinh-phat-hanh-co-phieu-tra-co-tuc-ty-le-168-dau-tu-co-phieu-thuoc-danh-muc-vn30-188241118081122417.chn,cafef
2024-11-18,LPB: Biên bản Kiểm phiếu biểu quyết ĐHĐCĐ bất thường năm 2024,Ngân hàng Thương mại Cổ phần Lộc Phát Việt Nam thông báo Biên bản Kiểm phiếu biểu quyết ĐHĐCĐ bất thường năm 2024,https://cafef.vn/du-lieu/LPB-2085740/lpb-bien-ban-kiem-phieu-bieu-quyet-dhdcd-bat-thuong-nam-2024.chn,cafef
2024-11-18,LPB: Biên bản họp ĐHĐCĐ bất thường năm 2024,Ngân hàng Thương mại Cổ phần Lộc Phát Việt Nam thông báo Biên bản họp ĐHĐCĐ bất thường năm 2024,https://cafef.vn/du-lieu/LPB-2085744/lpb-bien-ban-hop-dhdcd-bat-thuong-nam-2024.chn,cafef
2024-11-18,"LPB: Nghị quyết HĐQT v/v bổ sung, cập nhật dự thảo tài liệu họp ĐHĐCĐ bất thường năm 2024","Ngân hàng Thương mại Cổ phần Lộc Phát Việt Nam thông báo Nghị quyết HĐQT về việc bổ sung, cập nhật dự thảo tài liệu họp ĐHĐCĐ bất thường năm 2024",https://cafef.vn/du-lieu/LPB-2085749/lpb-nghi-quyet-hdqt-vv-bo-sung-cap-nhat-du-thao-tai-lieu-hop-dhdcd-bat-thuong-nam-2024.chn,cafef
2024-11-18,LPB: Thông báo tờ trình ĐHĐCĐ bất thường năm 2024,Ngân hàng Thương mại Cổ phần Lộc Phát Việt Nam thông báo tờ trình ĐHĐCĐ bất thường năm 2024,https://cafef.vn/du-lieu/LPB-2085948/lpb-thong-bao-to-trinh-dhdcd-bat-thuong-nam-2024.chn,cafef
2024-11-11,LPB: Nghị quyết HĐQT v/v thay đổi địa điểm trụ sở Phòng giao dịch Sao Mai - Chi nhánh Vũng Tàu,Ngân hàng Thương mại Cổ phần Lộc Phát Việt Nam thông báo Nghị quyết HĐQT về việc thay đổi địa điểm trụ sở Phòng giao dịch Sao Mai - Chi nhánh Vũng Tàu,https://cafef.vn/du-lieu/LPB-2082826/lpb-nghi-quyet-hdqt-vv-thay-doi-dia-diem-tru-so-phong-giao-dich-sao-mai-chi-nhanh-vung-tau.chn,cafef
2024-11-08,LPB: Thông báo về việc tổ chức họp ĐHĐCĐ bất thường năm 2024,Ngân hàng Thương mại Cổ phần Lộc Phát Việt Nam thông báo về việc tổ chức họp ĐHĐCĐ bất thường năm 2024,https://cafef.vn/du-lieu/LPB-2081683/lpb-thong-bao-ve-viec-to-chuc-hop-dhdcd-bat-thuong-nam-2024.chn,cafef
2024-10-29,LPB: Thông báo công văn của NHNN về việc chấp thuận cho LPB thay đổi địa điểm trụ sở Chi nhánh Thanh Hóa,Ngân hàng Thương mại Cổ phần Lộc Phát Việt Nam thông báo công văn của NHNN về việc chấp thuận cho LPB thay đổi địa điểm trụ sở Chi nhánh Thanh Hóa,https://cafef.vn/du-lieu/LPB-2076592/lpb-thong-bao-cong-van-cua-nhnn-ve-viec-chap-thuan-cho-lpb-thay-doi-dia-diem-tru-so-chi-nhanh-thanh-hoa.chn,cafef
2024-10-28,LPB: Đính chính thông tin tại trang 37 Thuyết minh BCTC KT 2023,Ngân hàng Thương mại Cổ phần Lộc Phát Việt Nam thông báo đính chính thông tin tại trang 37 Thuyết minh BCTC KT 2023,https://cafef.vn/du-lieu/LPB-2075974/lpb-dinh-chinh-thong-tin-tai-trang-37-thuyet-minh-bctc-kt-2023.chn,cafef
2024-10-24,LPB: Thông báo nhận được công văn của NHNN Chi nhánh TP.HCM về việc chấp thuận thay đổi địa điểm trụ sở PGD Bình Tân,Ngân hàng Thương mại Cổ phần Lộc Phát Việt Nam thông báo nhận được công văn của NHNN Chi nhánh TP.HCM về việc chấp thuận thay đổi địa điểm trụ sở PGD Bình Tân,https://cafef.vn/du-lieu/LPB-2080767/lpb-thong-bao-nhan-duoc-cong-van-cua-nhnn-chi-nhanh-tphcm-ve-viec-chap-thuan-thay-doi-dia-diem-tru-so-pgd-binh-tan.chn,cafef
2024-10-18,LPB: Giải trình biến động LNST BCTC quý 3/2024 so với cùng kỳ năm trước,Ngân hàng Thương mại Cổ phần Lộc Phát Việt Nam giải trình biến động LNST BCTC quý 3/2024 so với cùng kỳ năm trước,https://cafef.vn/du-lieu/LPB-2072218/lpb-giai-trinh-bien-dong-lnst-bctc-quy-32024-so-voi-cung-ky-nam-truoc.chn,cafef
2024-10-10,LPB: Thông báo công văn của NHNN về việc chấp thuận cho LPB thay địa điểm Phòng giao dịch Đình Vũ,Ngân hàng Thương mại Cổ phần Lộc Phát Việt Nam thông báo công văn của NHNN về việc chấp thuận cho LPB thay địa điểm Phòng giao dịch Đình Vũ,https://cafef.vn/du-lieu/LPB-2067252/lpb-thong-bao-cong-van-cua-nhnn-ve-viec-chap-thuan-cho-lpb-thay-dia-diem-phong-giao-dich-dinh-vu.chn,cafef
2024-10-07,LPB: Nghị quyết HĐQT về việc thay đổi địa chỉ trụ sở phòng giao dịch Quảng Yên và PGD lớn Sài Gòn,Ngân hàng Thương mại Cổ phần Lộc Phát Việt Nam thông báo Nghị quyết HĐQT về việc thay đổi địa chỉ trụ sở phòng giao dịch Quảng Yên và PGD lớn Sài Gòn,https://cafef.vn/du-lieu/LPB-2065025/lpb-nghi-quyet-hdqt-ve-viec-thay-doi-dia-chi-tru-so-phong-giao-dich-quang-yen-va-pgd-lon-sai-gon.chn,cafef
2024-10-03,LPB: Nghị quyết HĐQT về việc thay đổi địa điểm trụ sở Phòng giao dịch Trà Ôn - Chi nhánh Vĩnh Long,Ngân hàng Thương mại Cổ phần Lộc Phát Việt Nam thông báo Nghị quyết HĐQT về việc thay đổi địa điểm trụ sở Phòng giao dịch Trà Ôn - Chi nhánh Vĩnh Long,https://cafef.vn/du-lieu/LPB-2063732/lpb-nghi-quyet-hdqt-ve-viec-thay-doi-dia-diem-tru-so-phong-giao-dich-tra-on-chi-nhanh-vinh-long.chn,cafef
2024-09-30,LPB: Thông báo công văn của NHNN về việc chấp thuận cho LPB thay đổi địa điểm Phòng giao dịch Lạc Thủy,Ngân hàng Thương mại Cổ phần Lộc Phát Việt Nam thông báo công văn của NHNN về việc chấp thuận cho LPB thay đổi địa điểm Phòng giao dịch Lạc Thủy,https://cafef.vn/du-lieu/LPB-2061266/lpb-thong-bao-cong-van-cua-nhnn-ve-viec-chap-thuan-cho-lpb-thay-doi-dia-diem-phong-giao-dich-lac-thuy.chn,cafef
2024-09-27,LPB: Nghị quyết HĐQT về việc thay đổi địa điểm trụ sở Phòng giao dịch U Minh Thượng - Chi nhánh Kiên Giang,Ngân hàng Thương mại Cổ phần Lộc Phát Việt Nam thông báo Nghị quyết HĐQT về việc thay đổi địa điểm trụ sở Phòng giao dịch U Minh Thượng - Chi nhánh Kiên Giang,https://cafef.vn/du-lieu/LPB-2060343/lpb-nghi-quyet-hdqt-ve-viec-thay-doi-dia-diem-tru-so-phong-giao-dich-u-minh-thuong-chi-nhanh-kien-giang.chn,cafef
2024-09-27,LPB: Thông báo nhận được công văn của NHNN Chi nhánh Hưng Yên về việc chấp thuận thay đổi địa điểm đặt trụ sở hoạt động của Chi nhánh Hưng Yên,Ngân hàng Thương mại Cổ phần Lộc Phát Việt Nam thông báo nhận được công văn của NHNN Chi nhánh Hưng Yên về việc chấp thuận thay đổi địa điểm đặt trụ sở hoạt động của Chi nhánh Hưng Yên,https://cafef.vn/du-lieu/LPB-2060344/lpb-thong-bao-nhan-duoc-cong-van-cua-nhnn-chi-nhanh-hung-yen-ve-viec-chap-thuan-thay-doi-dia-diem-dat-tru-so-hoat-dong-cua-chi-nhanh-hung-yen.chn,cafef
2024-09-26,LPB: Nghị quyết HĐQT thông qua hồ sơ đăng ký chào bán trái phiếu phát hành ra công chúng năm 2024,Ngân hàng Thương mại Cổ phần Lộc Phát Việt Nam thông báo Nghị quyết HĐQT về việc thông qua hồ sơ đăng ký chào bán trái phiếu phát hành ra công chúng năm 2024,https://cafef.vn/du-lieu/LPB-2060377/lpb-nghi-quyet-hdqt-thong-qua-ho-so-dang-ky-chao-ban-trai-phieu-phat-hanh-ra-cong-chung-nam-2024.chn,cafef
2024-09-24,LPB: Nghị quyết HĐQT về việc hợp tác toàn diện giữa LPBank và CTCP Chứng khoán LPBank,Ngân hàng Thương mại Cổ phần Lộc Phát Việt Nam thông báo Nghị quyết HĐQT về việc hợp tác toàn diện giữa LPBank và CTCP Chứng khoán LPBank,https://cafef.vn/du-lieu/LPB-2058846/lpb-nghi-quyet-hdqt-ve-viec-hop-tac-toan-dien-giua-lpbank-va-ctcp-chung-khoan-lpbank.chn,cafef
2024-09-23,LPB: Thông báo của HĐQT về việc thay đổi thời gian tổ chức ĐHĐCĐ bất thường năm 2024,Ngân hàng Thương mại Cổ phần Lộc Phát Việt Nam thông báo của HĐQT về việc thay đổi thời gian tổ chức ĐHĐCĐ bất thường năm 2024,https://cafef.vn/du-lieu/LPB-2057793/lpb-thong-bao-cua-hdqt-ve-viec-thay-doi-thoi-gian-to-chuc-dhdcd-bat-thuong-nam-2024.chn,cafef
2024-09-23,"LPB: Nghị quyết HĐQT về việc bổ sung, cập nhật tài liệu họp ĐHĐCĐ bất thường năm 2024","Ngân hàng Thương mại Cổ phần Lộc Phát Việt Nam thông báo Nghị quyết HĐQT về việc bổ sung, cập nhật tài liệu họp ĐHĐCĐ bất thường năm 2024",https://cafef.vn/du-lieu/LPB-2057802/lpb-nghi-quyet-hdqt-ve-viec-bo-sung-cap-nhat-tai-lieu-hop-dhdcd-bat-thuong-nam-2024.chn,cafef
2024-09-23,LPB: Bổ sung Nghị quyết báo cáo tình hình quản trị công ty năm 2023,Ngân hàng Thương mại Cổ phần Lộc Phát Việt Nam thông báo bổ sung NQ báo cáo tình hình quản trị công ty năm 2023,https://cafef.vn/du-lieu/LPB-2058211/lpb-bo-sung-nghi-quyet-bao-cao-tinh-hinh-quan-tri-cong-ty-nam-2023.chn,cafef
2024-09-20,"LPB: Nghị quyết HĐQT về việc bổ sung, cập nhật tài liệu họp ĐHĐCĐ bất thường năm 2024","Ngân hàng Thương mại Cổ phần Lộc Phát Việt Nam thông báo Nghị quyết HĐQT về việc bổ sung, cập nhật tài liệu họp ĐHĐCĐ bất thường năm 2024",https://cafef.vn/du-lieu/LPB-2056566/lpb-nghi-quyet-hdqt-ve-viec-bo-sung-cap-nhat-tai-lieu-hop-dhdcd-bat-thuong-nam-2024.chn,cafef
2024-09-10,"LPB: Nghị quyết HĐQT về phương án phát , phương án sử dụng vốn và trả nợ vốn thu được từ chào bán","Ngân hàng Thương mại Cổ phần Lộc Phát Việt Nam thông báo Nghị quyết HĐQT về phương án phát , phương án sử dụng vốn và trả nợ vốn thu được từ chào bán",https://cafef.vn/du-lieu/LPB-2051739/lpb-nghi-quyet-hdqt-ve-phuong-an-phat--phuong-an-su-dung-von-va-tra-no-von-thu-duoc-tu-chao-ban.chn,cafef
2024-09-10,LPB: Nghị quyết HĐQT phê duyệt thay đổi địa điểm trụ sở của PGD Chợ Mới trực thuộc CN An Giang,Ngân hàng Thương mại Cổ phần Lộc Phát Việt Nam thông báo Nghị quyết HĐQT về việc phê duyệt thay đổi địa điểm trụ sở của PGD Chợ Mới trực thuộc CN An Giang,https://cafef.vn/du-lieu/LPB-2051741/lpb-nghi-quyet-hdqt-phe-duyet-thay-doi-dia-diem-tru-so-cua-pgd-cho-moi-truc-thuoc-cn-an-giang.chn,cafef
2024-09-09,LPB: Giấy chứng nhận đăng ký chứng khoán và thay đổi Giấy chứng nhận đăng ký trái phiếu,Ngân hàng Thương mại Cổ phần Lộc Phát Việt Nam công bố Giấy chứng nhận đăng ký chứng khoán và thay đổi Giấy chứng nhận đăng ký trái phiếu,https://cafef.vn/du-lieu/LPB-2050941/lpb-giay-chung-nhan-dang-ky-chung-khoan-va-thay-doi-giay-chung-nhan-dang-ky-trai-phieu.chn,cafef
2024-09-04,LPB: Thẻ biểu quyết,Ngân hàng Thương mại Cổ phần Lộc Phát Việt Nam thông báo thẻ biểu quyết,https://cafef.vn/du-lieu/LPB-2048259/lpb-the-bieu-quyet.chn,cafef
2024-09-04,"LPB: Thể lệ biểu quyết, bầu cử Thành viên HĐQT","Ngân hàng Thương mại Cổ phần Lộc Phát Việt Nam thông báo thể lệ biểu quyết, bầu cử Thành viên HĐQT",https://cafef.vn/du-lieu/LPB-2048260/lpb-the-le-bieu-quyet-bau-cu-thanh-vien-hdqt.chn,cafef
2024-09-04,LPB: Quy chế tổ chức ĐHĐCĐ bất thường năm 2024,Ngân hàng Thương mại Cổ phần Lộc Phát Việt Nam thông báo Quy chế tổ chức ĐHĐCĐ bất thường năm 2024,https://cafef.vn/du-lieu/LPB-2048261/lpb-quy-che-to-chuc-dhdcd-bat-thuong-nam-2024.chn,cafef
2024-09-04,"LPB: Thông báo về điều kiện, tiêu chuẩn và thủ tục đề cử, ứng cử để bầu bổ sung Thành viên HĐQT","Ngân hàng Thương mại Cổ phần Lộc Phát Việt Nam thông báo về điều kiện, tiêu chuẩn và thủ tục đề cử, ứng cử để bầu bổ sung Thành viên HĐQT",https://cafef.vn/du-lieu/LPB-2048262/lpb-thong-bao-ve-dieu-kien-tieu-chuan-va-thu-tuc-de-cu-ung-cu-de-bau-bo-sung-thanh-vien-hdqt.chn,cafef
2024-09-04,LPB: Thông báo mời họp ĐHĐCĐ bất thường năm 2024,Ngân hàng Thương mại Cổ phần Lộc Phát Việt Nam thông báo mời họp ĐHĐCĐ bất thường năm 2024,https://cafef.vn/du-lieu/LPB-2048263/lpb-thong-bao-moi-hop-dhdcd-bat-thuong-nam-2024.chn,cafef
2024-09-04,LPB: Tờ trình về phương án tăng VĐL 2024,Ngân hàng Thương mại Cổ phần Lộc Phát Việt Nam thông báo tờ trình về phương án tăng VĐL 2024,https://cafef.vn/du-lieu/LPB-2048264/lpb-to-trinh-ve-phuong-an-tang-vdl-2024.chn,cafef
2024-09-04,LPB: Tờ trình về phương án phân phối lợi nhuận năm 2023,Ngân hàng Thương mại Cổ phần Lộc Phát Việt Nam thông báo tờ trình về phương án phân phối lợi nhuận năm 2023,https://cafef.vn/du-lieu/LPB-2048265/lpb-to-trinh-ve-phuong-an-phan-phoi-loi-nhuan-nam-2023.chn,cafef
2024-09-04,LPB: Phiếu biểu quyết,Ngân hàng Thương mại Cổ phần Lộc Phát Việt Nam thông báo Phiếu biểu quyết,https://cafef.vn/du-lieu/LPB-2048267/lpb-phieu-bieu-quyet.chn,cafef
2024-09-04,LPB: Phiếu bầu cử Thành viên HĐQT,Ngân hàng Thương mại Cổ phần Lộc Phát Việt Nam thông báo phiếu bầu cử Thành viên HĐQT,https://cafef.vn/du-lieu/LPB-2048268/lpb-phieu-bau-cu-thanh-vien-hdqt.chn,cafef
2024-09-04,LPB: Giấy đăng ký tham dự/ủy quyền tham dự ĐHĐCĐ bất thường 2024,Ngân hàng Thương mại Cổ phần Lộc Phát Việt Nam thông báo Giấy đăng ký tham dự/ủy quyền tham dự ĐHĐCĐ bất thường 2024,https://cafef.vn/du-lieu/LPB-2048269/lpb-giay-dang-ky-tham-duuy-quyen-tham-du-dhdcd-bat-thuong-2024.chn,cafef
2024-09-04,LPB: Chương trình dự kiến phiên họp ĐHĐCĐ bất thường 2024,Ngân hàng Thương mại Cổ phần Lộc Phát Việt Nam thông báo chương trình dự kiến phiên họp ĐHĐCĐ bất thường 2024,https://cafef.vn/du-lieu/LPB-2048270/lpb-chuong-trinh-du-kien-phien-hop-dhdcd-bat-thuong-2024.chn,cafef
2024-09-04,LPB: Biên bản họp ĐHĐCĐ bất thường 2024,Ngân hàng Thương mại Cổ phần Lộc Phát Việt Nam thông báo Biên bản họp ĐHĐCĐ bất thường 2024,https://cafef.vn/du-lieu/LPB-2048271/lpb-bien-ban-hop-dhdcd-bat-thuong-2024.chn,cafef
2024-09-04,"LPB: Thông báo thời gian, địa điểm và link cung cấp tài liệu họp ĐHĐCĐ bất thường 2024","Ngân hàng Thương mại Cổ phần Lộc Phát Việt Nam thông báo thời gian, địa điểm và link cung cấp tài liệu họp ĐHĐCĐ bất thường 2024",https://cafef.vn/du-lieu/LPB-2048272/lpb-thong-bao-thoi-gian-dia-diem-va-link-cung-cap-tai-lieu-hop-dhdcd-bat-thuong-2024.chn,cafef
2024-09-04,LPB: Nghị quyết ĐHĐCĐ bất thường 2024,Ngân hàng Thương mại Cổ phần Lộc Phát Việt Nam thông báo Nghị quyết ĐHĐCĐ bất thường 2024 n,https://cafef.vn/du-lieu/LPB-2049349/lpb-nghi-quyet-dhdcd-bat-thuong-2024.chn,cafef
2024-09-04,LPB: Trích Nghị quyết HĐQT về việc thông qua bộ tài liệu trình ĐHĐCĐ bất thường 2024,Ngân hàng Thương mại Cổ phần Lộc Phát Việt Nam thông báo trích Nghị quyết HĐQT về việc thông qua bộ tài liệu trình ĐHĐCĐ bất thường 2024,https://cafef.vn/du-lieu/LPB-2049351/lpb-trich-nghi-quyet-hdqt-ve-viec-thong-qua-bo-tai-lieu-trinh-dhdcd-bat-thuong-2024.chn,cafef
2024-08-29,LPB: CBTT về tỷ lệ an toàn vốn tại thời điểm 30/06/2024,Ngân hàng Thương mại Cổ phần Lộc Phát Việt Nam CBTT về tỷ lệ an toàn vốn tại thời điểm 30/06/2024,https://cafef.vn/du-lieu/LPB-2045901/lpb-cbtt-ve-ty-le-an-toan-von-tai-thoi-diem-30062024.chn,cafef
2024-08-22,LPB: Nghị quyết HĐQT số 2692 ngày 21/08/2024,Ngân hàng Thương mại Cổ phần Lộc Phát Việt Nam thông báo Nghị quyết HĐQT số 2692 ngày 21/08/2024,https://cafef.vn/du-lieu/LPB-2043203/lpb-nghi-quyet-hdqt-so-2692-ngay-21082024.chn,cafef
2024-08-16,LPB: Nghị quyết HĐQT thay đổi địa điểm Trụ sở và tên gọi của phòng giao dịch Đình Vũ,Ngân hàng Thương mại Cổ phần Lộc Phát Việt Nam thông báo Nghị quyết HĐQT về việc thay đổi địa điểm Trụ sở và tên gọi của phòng giao dịch Đình Vũ,https://cafef.vn/du-lieu/LPB-2040603/lpb-nghi-quyet-hdqt-thay-doi-dia-diem-tru-so-va-ten-goi-cua-phong-giao-dich-dinh-vu.chn,cafef
2024-08-15,LPB: Giải trình chênh lệch lợi nhuận sau thuế 6 tháng đầu năm 2024 so với 6 tháng đầu năm 2023,Ngân hàng Thương mại Cổ phần Lộc Phát Việt Nam công bố giải trình chênh lệch lợi nhuận sau thuế 6 tháng đầu năm 2024 so với 6 tháng đầu năm 2023,https://cafef.vn/du-lieu/LPB-2039570/lpb-giai-trinh-chenh-lech-loi-nhuan-sau-thue-6-thang-dau-nam-2024-so-voi-6-thang-dau-nam-2023.chn,cafef
2024-08-13,LPB: Nghị quyết HĐQT phê duyệt ký kết Phụ lục hợp đồng gia hạn thời gian cung cấp dịch vụ quản lý cổ đông chưa lưu ký,Ngân hàng Thương mại Cổ phần Lộc Phát Việt Nam thông báo Nghị quyết HĐQT về việc phê duyệt ký kết Phụ lục hợp đồng gia hạn thời gian cung cấp dịch vụ quản lý cổ đông chưa lưu k,https://cafef.vn/du-lieu/LPB-2038496/lpb-nghi-quyet-hdqt-phe-duyet-ky-ket-phu-luc-hop-dong-gia-han-thoi-gian-cung-cap-dich-vu-quan-ly-co-dong-chua-luu-ky.chn,cafef
2024-08-09,LPB: Nghị quyết HĐQT về việc thay đổi tên gọi của Phòng GD Túy Loan trực thuộc CN Đà Nẵng,Ngân hàng Thương mại Cổ phần Lộc Phát Việt Nam thông báo Nghị quyết HĐQT về việc thay đổi tên gọi của Phòng GD Túy Loan trực thuộc CN Đà Nẵng,https://cafef.vn/du-lieu/LPB-2037214/lpb-nghi-quyet-hdqt-ve-viec-thay-doi-ten-goi-cua-phong-gd-tuy-loan-truc-thuoc-cn-da-nang.chn,cafef
2024-08-09,LPB: Nghị quyết HĐQT về việc thay đổi địa điểm phòng giao dịch Thăng Bình,Ngân hàng Thương mại Cổ phần Lộc Phát Việt Nam thông báo Nghị quyết HĐQT về việc thay đổi địa điểm phòng giao dịch Thăng Bình,https://cafef.vn/du-lieu/LPB-2037218/lpb-nghi-quyet-hdqt-ve-viec-thay-doi-dia-diem-phong-giao-dich-thang-binh.chn,cafef
2024-08-02,LPB: Nghị quyết HĐQT về việc thay đổi địa chỉ trụ sở Văn phòng Đại diện khu vực phía Nam,Ngân hàng Thương mại Cổ phần Lộc Phát Việt Nam thông báo Nghị quyết HĐQT về việc thay đổi địa chỉ trụ sở Văn phòng Đại diện khu vực phía Nam,https://cafef.vn/du-lieu/LPB-2032644/lpb-nghi-quyet-hdqt-ve-viec-thay-doi-dia-chi-tru-so-van-phong-dai-dien-khu-vuc-phia-nam.chn,cafef
2024-08-02,LPB: Thông báo công văn của NHNN về việc chấp thuận cho LPB thay địa điểm Phòng giao dịch Ô Môn,Ngân hàng Thương mại Cổ phần Lộc Phát Việt Nam thông báo công văn của NHNN về việc chấp thuận cho LPB thay địa điểm Phòng giao dịch Ô Môn,https://cafef.vn/du-lieu/LPB-2032645/lpb-thong-bao-cong-van-cua-nhnn-ve-viec-chap-thuan-cho-lpb-thay-dia-diem-phong-giao-dich-o-mon.chn,cafef
2024-07-31,LPB: Nghị quyết HĐQT về việc thay đổi tên gọi Phòng GD Đakrông trực thuộc Chi nhánh Quảng Trị,Ngân hàng Thương mại Cổ phần Lộc Phát Việt Nam thông báo Nghị quyết HĐQT về việc thay đổi tên gọi Phòng GD Đakrông trực thuộc Chi nhánh Quảng Trị,https://cafef.vn/du-lieu/LPB-2031534/lpb-nghi-quyet-hdqt-ve-viec-thay-doi-ten-goi-phong-gd-dakrong-truc-thuoc-chi-nhanh-quang-tri.chn,cafef
2024-07-30,LPB: Thông báo công văn của NHNN về việc thay đổi địa điểm Phòng GD Đakrông,Ngân hàng Thương mại Cổ phần Lộc Phát Việt Nam thông báo công văn của NHNN về việc thay đổi địa điểm Phòng GD Đakrông,https://cafef.vn/du-lieu/LPB-2030854/lpb-thong-bao-cong-van-cua-nhnn-ve-viec-thay-doi-dia-diem-phong-gd-dakrong.chn,cafef
2024-07-30,LPB: Báo cáo tình hình quản trị Công ty 06 tháng đầu năm 2024,Ngân hàng Thương mại Cổ phần Lộc Phát Việt Nam báo cáo tình hình quản trị Công ty 06 tháng đầu năm 2024,https://cafef.vn/du-lieu/LPB-2032160/lpb-bao-cao-tinh-hinh-quan-tri-cong-ty-06-thang-dau-nam-2024.chn,cafef
2024-07-29,"LPB: Báo cáo tình hình thanh toán gốc, lãi trái phiếu doanh nghiệp 6 tháng đầu năm 2024","Ngân hàng Thương mại Cổ phần Lộc Phát Việt Nam công bố Báo cáo tình hình thanh toán gốc, lãi trái phiếu doanh nghiệp 6 tháng đầu năm 2024",https://cafef.vn/du-lieu/LPB-2030696/lpb-bao-cao-tinh-hinh-thanh-toan-goc-lai-trai-phieu-doanh-nghiep-6-thang-dau-nam-2024.chn,cafef
2024-07-26,LPB: Thông báo nhận được thông báo chào của HNX về ngày giao dịch đầu tiên mã trái phiếu LPB7Y202205,Ngân hàng Thương mại Cổ phần Lộc Phát Việt Nam thông báo nhận được thông báo chào của HNX về ngày giao dịch đầu tiên mã trái phiếu LPB7Y202205,https://cafef.vn/du-lieu/LPB-2029571/lpb-thong-bao-nhan-duoc-thong-bao-chao-cua-hnx-ve-ngay-giao-dich-dau-tien-ma-trai-phieu-lpb7y202205.chn,cafef
2024-07-26,LPB: Quyết định về việc sửa đổi tên của ngân hàng tại điều lệ LPBank,Ngân hàng Thương mại Cổ phần Lộc Phát Việt Nam thông báo Quyết định về việc sửa đổi tên của ngân hàng tại điều lệ LPBank,https://cafef.vn/du-lieu/LPB-2029572/lpb-quyet-dinh-ve-viec-sua-doi-ten-cua-ngan-hang-tai-dieu-le-lpbank.chn,cafef
2024-07-26,LPB: Thông báo công văn của NHNN về việc chấp thuận cho LPB thay đổi địa điểm Phòng giao dịch Phúc Đồng,Ngân hàng Thương mại Cổ phần Lộc Phát Việt Nam thông báo công văn của NHNN về việc chấp thuận cho LPB thay đổi địa điểm Phòng giao dịch Phúc Đồng,https://cafef.vn/du-lieu/LPB-2029609/lpb-thong-bao-cong-van-cua-nhnn-ve-viec-chap-thuan-cho-lpb-thay-doi-dia-diem-phong-giao-dich-phuc-dong.chn,cafef
2024-07-25,LPB: Thông báo nhận được công văn của NHNN về việc thay đổi địa điểm LPB chi nhánh TP.HCM,Ngân hàng Thương mại Cổ phần Lộc Phát Việt Nam thông báo nhận được công văn của NHNN về việc thay đổi địa điểm LPB chi nhánh TP.HCM,https://cafef.vn/du-lieu/LPB-2028925/lpb-thong-bao-nhan-duoc-cong-van-cua-nhnn-ve-viec-thay-doi-dia-diem-lpb-chi-nhanh-tphcm.chn,cafef
2024-07-22,LPB: Nghị quyết HĐQT v/v phát hành trái phiếu tăng vốn cấp 2 ra công chúng năm 2024,Ngân hàng Thương mại Cổ phần Lộc Phát Việt Nam thông báo Nghị quyết HĐQT về việc phát hành trái phiếu tăng vốn cấp 2 ra công chúng năm 2024,https://cafef.vn/du-lieu/LPB-2027177/lpb-nghi-quyet-hdqt-vv-phat-hanh-trai-phieu-tang-von-cap-2-ra-cong-chung-nam-2024.chn,cafef
2024-07-22,LPB: Giải trình chênh lệch KQKD Q2/2024 so với cùng kỳ năm trước,Ngân hàng Thương mại Cổ phần Lộc Phát Việt Nam giải trình chênh lệch KQKD Q2/2024 so với cùng kỳ năm trước,https://cafef.vn/du-lieu/LPB-2027939/lpb-giai-trinh-chenh-lech-kqkd-q22024-so-voi-cung-ky-nam-truoc.chn,cafef
2024-07-19,Bức tranh lợi nhuận ngân hàng Quý II/2024: Điểm sáng đến từ Ngân hàng Lộc Phát Việt Nam (LPBank),"Mùa công bố kết quả kinh doanh Quý 2 đang đến gần, tuy không đột biến, song lợi nhuận của ngành ngân hàng Quý II/2024 có nhiều chuyển biến tích cực nhờ vay tiêu dùng và tăng trưởng dương từ tín dụng. Bức tranh 6 tháng đầu năm còn nhiều mảng đan xen, song dự kiến sẽ xuất hiện nhiều điểm sáng.",https://cafef.vn/buc-tranh-loi-nhuan-ngan-hang-quy-ii2024-diem-sang-den-tu-ngan-hang-loc-phat-viet-nam-lpbank-188240719084319986.chn,cafef
2024-07-19,LPB: Thông báo Quyết định của Sở Giao dịch Chứng khoán Hà Nội về việc chấp thuận cho LPB được niêm yết trái phiếu,Ngân hàng Thương mại Cổ phần Lộc Phát Việt Nam thông báo Quyết định của Sở Giao dịch Chứng khoán Hà Nội về việc chấp thuận cho LPB được niêm yết trái phiếu,https://cafef.vn/du-lieu/LPB-2026864/lpb-thong-bao-quyet-dinh-cua-so-giao-dich-chung-khoan-ha-noi-ve-viec-chap-thuan-cho-lpb-duoc-niem-yet-trai-phieu.chn,cafef
2024-07-19,LPB: Nghị quyết HĐQT về việc thay đổi địa điểm trụ sở chi nhánh TP.HCM,Ngân hàng Thương mại Cổ phần Lộc Phát Việt Nam thông báo Nghị quyết HĐQT về việc thay đổi địa điểm trụ sở chi nhánh TP.HCM,https://cafef.vn/du-lieu/LPB-2027080/lpb-nghi-quyet-hdqt-ve-viec-thay-doi-dia-diem-tru-so-chi-nhanh-tphcm.chn,cafef
2024-07-19,LPB: Nghị quyết HĐQT về việc thay đổi địa điểm trụ sở phòng giao dịch Long Thành,Ngân hàng Thương mại Cổ phần Lộc Phát Việt Nam thông báo Nghị quyết HĐQT về việc thay đổi địa điểm trụ sở phòng giao dịch Long Thành,https://cafef.vn/du-lieu/LPB-2027081/lpb-nghi-quyet-hdqt-ve-viec-thay-doi-dia-diem-tru-so-phong-giao-dich-long-thanh.chn,cafef
2024-07-18,LPB: Nghị quyết HĐQT về việc thay đổi mẫu con dấu tròn,Ngân hàng Thương mại Cổ phần Lộc Phát Việt Nam thông báo Nghị quyết HĐQT về việc thay đổi mẫu con dấu tròn,https://cafef.vn/du-lieu/LPB-2026721/lpb-nghi-quyet-hdqt-ve-viec-thay-doi-mau-con-dau-tron.chn,cafef
2024-07-16,LPB: CBTT Quyết định của NHNN về việc sửa đổi nội dung Giấy phép thành lập và hoạt động,Ngân hàng Thương mại Cổ phần Bưu điện Liên Việt thông báo Quyết định của NHNN về việc sửa đổi nội dung Giấy phép thành lập và hoạt động,https://cafef.vn/du-lieu/LPB-2024099/lpb-cbtt-quyet-dinh-cua-nhnn-ve-viec-sua-doi-noi-dung-giay-phep-thanh-lap-va-hoat-dong.chn,cafef
2024-07-11,LPB: Công văn của NHNN về việc chấp thuận cho LPB thay đổi địa chỉ đặt trụ sở Phòng GD Cù Lao Dung,Ngân hàng Thương mại Cổ phần Bưu điện Liên Việt thông báo công văn của NHNN về việc chấp thuận cho LPB thay đổi địa chỉ đặt trụ sở Phòng GD Cù Lao Dung,https://cafef.vn/du-lieu/LPB-2021509/lpb-cong-van-cua-nhnn-ve-viec-chap-thuan-cho-lpb-thay-doi-dia-chi-dat-tru-so-phong-gd-cu-lao-dung.chn,cafef
2024-07-08,"LPB: Thông báo về điều kiện, tiêu chuẩn và thủ tục đề cử, ứng cử để bầu bổ sung Thành viên HĐQT","Ngân hàng Thương mại Cổ phần Bưu điện Liên Việt thông báo về điều kiện, tiêu chuẩn và thủ tục đề cử, ứng cử để bầu bổ sung Thành viên HĐQT",https://cafef.vn/du-lieu/LPB-2019906/lpb-thong-bao-ve-dieu-kien-tieu-chuan-va-thu-tuc-de-cu-ung-cu-de-bau-bo-sung-thanh-vien-hdqt.chn,cafef
2024-07-08,LPB: Thông báo mời họp ĐHĐCĐ bất thường năm 2024,Ngân hàng Thương mại Cổ phần Bưu điện Liên Việt thông báo mời họp ĐHĐCĐ bất thường năm 2024,https://cafef.vn/du-lieu/LPB-2019907/lpb-thong-bao-moi-hop-dhdcd-bat-thuong-nam-2024.chn,cafef
2024-07-05,LPB: CBTT nhận được công văn của NHNN chấp thuận thay đổi địa điểm PGD Phú Nhuận - CN TP. Hồ Chí Minh,Ngân hàng Thương mại Cổ phần Bưu điện Liên Việt thông báo nhận được công văn của NHNN chấp thuận thay đổi địa điểm PGD Phú Nhuận - CN TP. Hồ Chí Minh,https://cafef.vn/du-lieu/LPB-2018867/lpb-cbtt-nhan-duoc-cong-van-cua-nhnn-chap-thuan-thay-doi-dia-diem-pgd-phu-nhuan-cn-tp-ho-chi-minh.chn,cafef
2024-07-05,LPB: Công văn của NHNN chi nhánh Quảng Bình về việc chấp thuận thay đổi địa điểm chi nhánh Quảng Bình - PGD Quảng Ninh,Ngân hàng Thương mại Cổ phần Bưu điện Liên Việt công bố công văn của NHNN chi nhánh Quảng Bình về việc chấp thuận thay đổi địa điểm chi nhánh Quảng Bình - PGD Quảng Ninh,https://cafef.vn/du-lieu/LPB-2019125/lpb-cong-van-cua-nhnn-chi-nhanh-quang-binh-ve-viec-chap-thuan-thay-doi-dia-diem-chi-nhanh-quang-binh-pgd-quang-ninh.chn,cafef
2024-07-05,"LPB: Nghị quyết HĐQT về phương án phát hành, lãi suất phát hành và Chi phí liên quan đến việc phát hành trái phiếu riêng lẻ năm 2024","Ngân hàng Thương mại Cổ phần Bưu điện Liên Việt thông báo Nghị quyết HĐQT về phương án phát hành, lãi suất phát hành và Chi phí liên quan đến việc phát hành trái phiếu riêng lẻ năm 2024",https://cafef.vn/du-lieu/LPB-2019132/lpb-nghi-quyet-hdqt-ve-phuong-an-phat-hanh-lai-suat-phat-hanh-va-chi-phi-lien-quan-den-viec-phat-hanh-trai-phieu-rieng-le-nam-2024.chn,cafef
2024-07-04,LPB: Nghị quyết HĐQT về các vấn đề liên quan đến việc phát hành trái phiếu riêng lẻ,Ngân hàng Thương mại Cổ phần Bưu điện Liên Việt thông báo Nghị quyết HĐQT về các vấn đề liên quan đến việc phát hành trái phiếu riêng lẻ,https://cafef.vn/du-lieu/LPB-2019075/lpb-nghi-quyet-hdqt-ve-cac-van-de-lien-quan-den-viec-phat-hanh-trai-phieu-rieng-le.chn,cafef
2024-07-03,LPB: Công bố Điều lệ Công ty được sửa đổi bổ sung,Ngân hàng Thương mại Cổ phần Bưu điện Liên Việt công bố Điều lệ Công ty được sửa đổi bổ sung,https://cafef.vn/du-lieu/LPB-2018747/lpb-cong-bo-dieu-le-cong-ty-duoc-sua-doi-bo-sung.chn,cafef
2024-07-03,"LPB: Công bố Quy chế quản trị Công ty, tổ chức hoạt động của HĐQT và và BKS","Ngân hàng Thương mại Cổ phần Bưu điện Liên Việt công bố Quy chế quản trị Công ty, tổ chức hoạt động của HĐQT và và BKS",https://cafef.vn/du-lieu/LPB-2018748/lpb-cong-bo-quy-che-quan-tri-cong-ty-to-chuc-hoat-dong-cua-hdqt-va-va-bks.chn,cafef
2024-07-03,"LPB: Công bố Quy chế quản trị Công ty, tổ chức hoạt động của HĐQT và BKS","Ngân hàng Thương mại Cổ phần Bưu điện Liên Việt công bố Quy chế quản trị Công ty, tổ chức hoạt động của HĐQT và BKS",https://cafef.vn/du-lieu/LPB-2018749/lpb-cong-bo-quy-che-quan-tri-cong-ty-to-chuc-hoat-dong-cua-hdqt-va-bks.chn,cafef
2024-07-03,LPB: CBTT nhận được công văn của NHNN chấp thuận thay đổi địa điểm PGD Hậu Lộc - CN Thanh Hóa,Ngân hàng Thương mại Cổ phần Bưu điện Liên Việt thông báonhận được công văn của NHNN chấp thuận thay đổi địa điểm PGD Hậu Lộc - CN Thanh Hóa,https://cafef.vn/du-lieu/LPB-2018762/lpb-cbtt-nhan-duoc-cong-van-cua-nhnn-chap-thuan-thay-doi-dia-diem-pgd-hau-loc-cn-thanh-hoa.chn,cafef
2024-07-02,LPB: Nghị quyết HĐQT về việc thay đổi địa điểm PGD An Biên - CN Kiên Giang,Ngân hàng Thương mại Cổ phần Bưu điện Liên Việt thông báo Nghị quyết HĐQT về việc thay đổi địa điểm PGD An Biên - CN Kiên Giang,https://cafef.vn/du-lieu/LPB-2017207/lpb-nghi-quyet-hdqt-ve-viec-thay-doi-dia-diem-pgd-an-bien-cn-kien-giang.chn,cafef
2024-07-01,LPB: Nghị quyết HĐQT thông qua giao dịch với NCLQ,Ngân hàng Thương mại Cổ phần Bưu điện Liên Việt thông báo Nghị quyết HĐQT thông qua giao dịch với NCLQ,https://cafef.vn/du-lieu/LPB-2019033/lpb-nghi-quyet-hdqt-thong-qua-giao-dich-voi-nclq.chn,cafef
2024-06-27,LPB: CBTT nhận được công văn của NHNN chấp thuận thay đổi địa điểm PGD Tân Thạnh - CN Long An,Ngân hàng Thương mại Cổ phần Bưu điện Liên Việt thông báo nhận được công văn của NHNN chấp thuận thay đổi địa điểm PGD Tân Thạnh - CN Long An,https://cafef.vn/du-lieu/LPB-2014647/lpb-cbtt-nhan-duoc-cong-van-cua-nhnn-chap-thuan-thay-doi-dia-diem-pgd-tan-thanh-cn-long-an.chn,cafef
2024-06-26,LPB: Nghị quyết HĐQT trình ĐHĐCĐ thông qua việc điều chỉnh phương án tăng vốn điều lệ năm 2024,Ngân hàng Thương mại Cổ phần Bưu điện Liên Việt thông báo Nghị quyết HĐQT về việc trình ĐHĐCĐ thông qua việc điều chỉnh phương án tăng vốn điều lệ năm 2024,https://cafef.vn/du-lieu/LPB-2014299/lpb-nghi-quyet-hdqt-trinh-dhdcd-thong-qua-viec-dieu-chinh-phuong-an-tang-von-dieu-le-nam-2024.chn,cafef
2024-06-26,LPB: Nghị quyết HĐQT về việc thay đổi địa điểm trụ sở chi nhánh Khánh Hòa,Ngân hàng Thương mại Cổ phần Bưu điện Liên Việt thông báo Nghị quyết HĐQT về việc thay đổi địa điểm trụ sở chi nhánh Khánh Hòa,https://cafef.vn/du-lieu/LPB-2014300/lpb-nghi-quyet-hdqt-ve-viec-thay-doi-dia-diem-tru-so-chi-nhanh-khanh-hoa.chn,cafef
2024-06-26,LPB: Nghị quyết HĐQT về việc thay đổi địa điểm trụ sở chi nhánh Huế,Ngân hàng Thương mại Cổ phần Bưu điện Liên Việt thông báo Nghị quyết HĐQT về việc thay đổi địa điểm trụ sở chi nhánh Huế,https://cafef.vn/du-lieu/LPB-2014303/lpb-nghi-quyet-hdqt-ve-viec-thay-doi-dia-diem-tru-so-chi-nhanh-hue.chn,cafef
2024-06-26,LPB: Nghị quyết HĐQT về việc thay đổi địa điểm trụ sở phòng giao dịch Hà Tiên,Ngân hàng Thương mại Cổ phần Bưu điện Liên Việt thông báo Nghị quyết HĐQT về việc thay đổi địa điểm trụ sở phòng giao dịch Hà Tiên,https://cafef.vn/du-lieu/LPB-2014326/lpb-nghi-quyet-hdqt-ve-viec-thay-doi-dia-diem-tru-so-phong-giao-dich-ha-tien.chn,cafef
2024-06-20,LPB: Nghị quyết HĐQT về việc thay đổi địa điểm Chi nhánh Thanh Hóa,Ngân hàng Thương mại Cổ phần Bưu điện Liên Việt thông báo Nghị quyết HĐQT về việc thay đổi địa điểm CN Thanh Hóa,https://cafef.vn/du-lieu/LPB-2011116/lpb-nghi-quyet-hdqt-ve-viec-thay-doi-dia-diem-chi-nhanh-thanh-hoa.chn,cafef
2024-06-18,LPB: Thông báo thay đổi địa điểm PGD Phước Long - CN Bạc Liêu,Ngân hàng Thương mại Cổ phần Bưu điện Liên Việt thông báo thay đổi địa điểm PGD Phước Long - CN Bạc Liêu,https://cafef.vn/du-lieu/LPB-2009516/lpb-thong-bao-thay-doi-dia-diem-pgd-phuoc-long-cn-bac-lieu.chn,cafef
2024-06-13,LPB: Thông báo công văn của NHNN về việc chấp thuận cho LPB thay đổi địa điểm Phòng giao dịch Đông Hải,Ngân hàng Thương mại Cổ phần Bưu điện Liên Việt thông báo công văn của NHNN về việc chấp thuận cho LPB thay đổi địa điểm Phòng giao dịch Đông Hải,https://cafef.vn/du-lieu/LPB-2007187/lpb-thong-bao-cong-van-cua-nhnn-ve-viec-chap-thuan-cho-lpb-thay-doi-dia-diem-phong-giao-dich-dong-hai.chn,cafef
2024-06-11,LPB: Nghị quyết HĐQT về việc thay đổi địa điểm trụ sở phòng giao dịch Phúc Đồng,Ngân hàng Thương mại Cổ phần Bưu điện Liên Việt thông báo Nghị quyết HĐQT về việc thay đổi địa điểm trụ sở phòng giao dịch Phúc Đồng,https://cafef.vn/du-lieu/LPB-2006373/lpb-nghi-quyet-hdqt-ve-viec-thay-doi-dia-diem-tru-so-phong-giao-dich-phuc-dong.chn,cafef
2024-06-07,"LPB: 28.6.2024, ngày GDKHQ tham dự ĐHCĐ bất thường năm 2024","Sở Giao dịch Chứng khoán Thành phố Hồ Chí Minh thông báo ngày ĐKCC để thực hiện quyền tham dự ĐHCĐ bất thường năm 2024 và thực hiện quyền ứng cử, đề cử để bầu bổ sung TV HĐQT của Ngân hàng Thương mại Cổ phần Bưu điện Liên Việt (mã CK: LPB)",https://cafef.vn/du-lieu/LPB-2004412/lpb-2862024-ngay-gdkhq-tham-du-dhcd-bat-thuong-nam-2024.chn,cafef
2024-06-05,LPB: Thông báo thay đổi địa điểm PGD Vĩnh Lợi - CN Bạc Liêu,Ngân hàng Thương mại Cổ phần Bưu điện Liên Việt thông báo thay đổi địa điểm PGD Vĩnh Lợi - CN Bạc Liêu,https://cafef.vn/du-lieu/LPB-2003116/lpb-thong-bao-thay-doi-dia-diem-pgd-vinh-loi-cn-bac-lieu.chn,cafef
2024-06-03,LPB: Thông báo công văn của NHNN về việc chấp thuận cho LPB thay đổi địa điểm Phòng giao dịch Cái Răng,Ngân hàng Thương mại Cổ phần Bưu điện Liên Việt thông báo công văn của NHNN về việc chấp thuận cho LPB thay đổi địa điểm Phòng giao dịch Cái Răng,https://cafef.vn/du-lieu/LPB-2001902/lpb-thong-bao-cong-van-cua-nhnn-ve-viec-chap-thuan-cho-lpb-thay-doi-dia-diem-phong-giao-dich-cai-rang.chn,cafef
2024-05-31,LPB: Nghị quyết HĐQT về việc tổ chức ĐHĐCĐ bất thường năm 2024,Ngân hàng Thương mại Cổ phần Bưu điện Liên Việt thông báo Nghị quyết HĐQT về việc tổ chức ĐHĐCĐ thường niên năm 2024,https://cafef.vn/du-lieu/LPB-2000156/lpb-nghi-quyet-hdqt-ve-viec-to-chuc-dhdcd-bat-thuong-nam-2024.chn,cafef
2024-05-31,LPB: Nghị quyết HĐQT về việc thay đổi địa điểm phòng trụ sở Chi nhánh Hưng Yên,Ngân hàng Thương mại Cổ phần Bưu điện Liên Việt thông báo Nghị quyết HĐQT về việc thay đổi địa điểm phòng trụ sở Chi nhánh Hưng Yên,https://cafef.vn/du-lieu/LPB-2001276/lpb-nghi-quyet-hdqt-ve-viec-thay-doi-dia-diem-phong-tru-so-chi-nhanh-hung-yen.chn,cafef
2024-05-30,LPB: Đính chính nội dung thuyết minh BCTC năm 2023,Ngân hàng Thương mại Cổ phần Bưu điện Liên Việt đính chính nội dung thuyết minh BCTC năm 2023,https://cafef.vn/du-lieu/LPB-1999757/lpb-dinh-chinh-noi-dung-thuyet-minh-bctc-nam-2023.chn,cafef
2024-05-29,LPB: Nghị quyết HĐQT về việc thay đổi địa điểm PGD Trấn Yên - Chi nhánh Yên Bái,Ngân hàng Thương mại Cổ phần Bưu điện Liên Việt thông báo Nghị quyết HĐQT về việc thay đổi địa điểm PGD Trấn Yên - CN Yên Bái,https://cafef.vn/du-lieu/LPB-1999108/lpb-nghi-quyet-hdqt-ve-viec-thay-doi-dia-diem-pgd-tran-yen-chi-nhanh-yen-bai.chn,cafef
2024-05-27,LPB: Thông báo đại diện cho người SHTP LPB7Y202205 và LPB10Y202206 lưu ký tập trung tại VSD,Ngân hàng Thương mại Cổ phần Bưu điện Liên Việt thông báo đại diện cho người SHTP LPB7Y202205 và LPB10Y202206 lưu ký tập trung tại VSD,https://cafef.vn/du-lieu/LPB-1998162/lpb-thong-bao-dai-dien-cho-nguoi-shtp-lpb7y202205-va-lpb10y202206-luu-ky-tap-trung-tai-vsd.chn,cafef
2024-05-27,LPB: Nghị quyết HĐQT về việc thay đổi địa điểm PGD Trà Ôn - Chi nhánh Vĩnh Long,Ngân hàng Thương mại Cổ phần Bưu điện Liên Việt thông báo Nghị quyết HĐQT về việc thay đổi địa điểm PGD Trà Ôn - CN Vĩnh Long,https://cafef.vn/du-lieu/LPB-1998165/lpb-nghi-quyet-hdqt-ve-viec-thay-doi-dia-diem-pgd-tra-on-chi-nhanh-vinh-long.chn,cafef
2024-05-24,LPB: Nghị quyết HĐQT về việc thay đổi địa chỉ trụ sở phòng giao dịch Lạc Thủy,Ngân hàng Thương mại Cổ phần Bưu điện Liên Việt thông báo Nghị quyết HĐQT về việc thay đổi địa chỉ trụ sở phòng giao dịch Lạc Thủy,https://cafef.vn/du-lieu/LPB-1998406/lpb-nghi-quyet-hdqt-ve-viec-thay-doi-dia-chi-tru-so-phong-giao-dich-lac-thuy.chn,cafef
2024-05-22,LPB: Nghị quyết HĐQT thông qua bộ hồ sơ xin chấp thuận chào bán cổ phiếu cho CĐHH,Ngân hàng Thương mại Cổ phần Bưu điện Liên Việt thông báo Nghị quyết HĐQT về việc thông qua bộ hồ sơ xin chấp thuận chào bán cổ phiếu cho CĐHH,https://cafef.vn/du-lieu/LPB-1996388/lpb-nghi-quyet-hdqt-thong-qua-bo-ho-so-xin-chap-thuan-chao-ban-co-phieu-cho-cdhh.chn,cafef
2024-05-17,LPB: Nghị quyết HĐQT v/v thay đổi địa chỉ trụ sở phòng giao dịch Hòa Bình trực thuộc Chi nhánh Bạc Liêu,Ngân hàng Thương mại Cổ phần Bưu điện Liên Việt thông báo Nghị quyết HĐQT về việc thay đổi địa chỉ trụ sở phòng giao dịch Hòa Bình trực thuộc Chi nhánh Bạc Liêu,https://cafef.vn/du-lieu/LPB-1993592/lpb-nghi-quyet-hdqt-vv-thay-doi-dia-chi-tru-so-phong-giao-dich-hoa-binh-truc-thuoc-chi-nhanh-bac-lieu.chn,cafef
2024-05-17,LPB: Nghị quyết HĐQT về việc chấm dứt hoạt động Phòng giao dịch bưu điện Tân Bình,Ngân hàng Thương mại Cổ phần Bưu điện Liên Việt thông báo Nghị quyết HĐQT về việc chấm dứt hoạt động Phòng giao dịch bưu điện Tân Bình,https://cafef.vn/du-lieu/LPB-1993594/lpb-nghi-quyet-hdqt-ve-viec-cham-dut-hoat-dong-phong-giao-dich-buu-dien-tan-binh.chn,cafef
2024-05-17,LPB: Thông báo công văn của NHNN về việc chấp thuận cho LPB tăng vốn điều lệ,Ngân hàng Thương mại Cổ phần Bưu điện Liên Việt thông báo công văn của NHNN về việc chấp thuận cho LPB tăng vốn điều l,https://cafef.vn/du-lieu/LPB-1993597/lpb-thong-bao-cong-van-cua-nhnn-ve-viec-chap-thuan-cho-lpb-tang-von-dieu-le.chn,cafef
2024-05-16,LPB: Nghị quyết HĐQT về việc ký kết hợp đồng dịch vụ tư vấn với LPBS,Ngân hàng Thương mại Cổ phần Bưu điện Liên Việt thông báo Nghị quyết HĐQT về việc ký kết hợp đồng dịch vụ tư vấn với LPBS,https://cafef.vn/du-lieu/LPB-1993374/lpb-nghi-quyet-hdqt-ve-viec-ky-ket-hop-dong-dich-vu-tu-van-voi-lpbs.chn,cafef
2024-05-10,LPB: Thông báo công văn của NHNN về việc chấp thuận cho LPB thay đổi địa chỉ đặt trụ sở Chi nhánh Thường Tín,Ngân hàng Thương mại Cổ phần Bưu điện Liên Việt thông báo công văn của NHNN về việc chấp thuận cho LPB thay đổi địa chỉ đặt trụ sở Chi nhánh Thường Tín,https://cafef.vn/du-lieu/LPB-1990334/lpb-thong-bao-cong-van-cua-nhnn-ve-viec-chap-thuan-cho-lpb-thay-doi-dia-chi-dat-tru-so-chi-nhanh-thuong-tin.chn,cafef
2024-05-09,LPB: Nghị quyết HĐQT về việc thay đổi địa điểm trụ sở phòng giao dịch Bình Tân,Ngân hàng Thương mại Cổ phần Bưu điện Liên Việt thông báo Nghị quyết HĐQT về việc thay đổi địa điểm trụ sở phòng giao dịch Bình Tân,https://cafef.vn/du-lieu/LPB-1989385/lpb-nghi-quyet-hdqt-ve-viec-thay-doi-dia-diem-tru-so-phong-giao-dich-binh-tan.chn,cafef
2024-05-09,LPB: Nghị quyết HĐQT về việc thay đổi địa điểm trụ sở phòng giao dịch Đakrông,Ngân hàng Thương mại Cổ phần Bưu điện Liên Việt thông báo Nghị quyết HĐQT về việc thay đổi địa điểm trụ sở phòng giao dịch Đakrông,https://cafef.vn/du-lieu/LPB-1989387/lpb-nghi-quyet-hdqt-ve-viec-thay-doi-dia-diem-tru-so-phong-giao-dich-dakrong.chn,cafef
2024-05-06,LPB: Nghị quyết HĐQT thay đổi địa điểm phòng giao dịch Túy Loan,Ngân hàng Thương mại Cổ phần Bưu điện Liên Việt thông báo Nghị quyết HĐQT về việc thay đổi địa điểm phòng giao dịch Túy Loan,https://cafef.vn/du-lieu/LPB-1988547/lpb-nghi-quyet-hdqt-thay-doi-dia-diem-phong-giao-dich-tuy-loan.chn,cafef
2024-05-06,LPB: Nghị quyết HĐQT về việc đổi tên của Ngân hàng,Ngân hàng Thương mại Cổ phần Bưu điện Liên Việt thông báo Nghị quyết HĐQT về việc đổi tên của LPBank,https://cafef.vn/du-lieu/LPB-1988549/lpb-nghi-quyet-hdqt-ve-viec-doi-ten-cua-ngan-hang.chn,cafef
2024-05-02,LPB: Thông báo công văn của NHNN về việc chấp thuận cho LPB thay đổi địa chỉ đặt trụ sở Phòng GD Đắk Glong,Ngân hàng Thương mại Cổ phần Bưu điện Liên Việt thông báo công văn của NHNN về việc chấp thuận cho LPB thay đổi địa chỉ đặt trụ sở Phòng GD Đắk Glong,https://cafef.vn/du-lieu/LPB-1986055/lpb-thong-bao-cong-van-cua-nhnn-ve-viec-chap-thuan-cho-lpb-thay-doi-dia-chi-dat-tru-so-phong-gd-dak-glong.chn,cafef
2024-05-02,LPB: Nghị quyết HĐQT về việc thay đổi địa điểm trụ sở chi nhánh Thường Tín,Ngân hàng Thương mại Cổ phần Bưu điện Liên Việt thông báo Nghị quyết HĐQT về việc thay đổi địa điểm trụ sở chi nhánh Thường Tín,https://cafef.vn/du-lieu/LPB-1986617/lpb-nghi-quyet-hdqt-ve-viec-thay-doi-dia-diem-tru-so-chi-nhanh-thuong-tin.chn,cafef
2024-04-23,LPB: Nghị quyết HĐQT thông qua triển khai phương án tăng vốn điều lệ năm 2024,Ngân hàng Thương mại Cổ phần Bưu điện Liên Việt thông báo Nghị quyết HĐQT về việc thông qua triển khai phương án tăng vốn điều lệ năm 2024,https://cafef.vn/du-lieu/LPB-1981978/lpb-nghi-quyet-hdqt-thong-qua-trien-khai-phuong-an-tang-von-dieu-le-nam-2024.chn,cafef
2024-04-22,Toàn cảnh Đại hội đồng cổ đông thường niên LPBank năm 2024,"Phát biểu tại Đại hội đồng cổ đông thường niên năm 2024, lãnh đạo LPBank cho biết Ngân hàng tự tin hoàn thành kế hoạch lợi nhuận năm, phát huy tối đa lợi thế mạng lưới, lấy chuyển đổi số làm bàn đạp tăng tốc, tăng thu phí dịch vụ… từng bước hiện thực hóa mục tiêu trở thành Ngân hàng bán lẻ hàng đầu, Ngân hàng của mọi người.",https://cafef.vn/toan-canh-dai-hoi-dong-co-dong-thuong-nien-lpbank-nam-2024-188240422152913909.chn,cafef
2024-04-22,LPB: Giải trình chênh lệch LNST Q1/2024 so với cùng kỳ năm trước,Ngân hàng Thương mại Cổ phần Bưu điện Liên Việt giải trình chênh lệch LNST Q1/2024 so với cùng kỳ năm trước,https://cafef.vn/du-lieu/LPB-1995214/lpb-giai-trinh-chenh-lech-lnst-q12024-so-voi-cung-ky-nam-truoc.chn,cafef
2024-04-19,LPB: Biên bản họp và Nghị quyết ĐHĐCĐ thường niên năm 2024,Ngân hàng Thương mại Cổ phần Bưu điện Liên Việt thông báo Biên bản họp và Nghị quyết ĐHĐCĐ thường niên năm 2024,https://cafef.vn/du-lieu/LPB-1979293/lpb-bien-ban-hop-va-nghi-quyet-dhdcd-thuong-nien-nam-2024.chn,cafef
2024-04-19,LPB: Tờ trình về một số nội dung khác thuộc thẩm quyền của ĐHĐCĐ,Ngân hàng Thương mại Cổ phần Bưu điện Liên Việt công bố Tờ trình về một số nội dung khác thuộc thẩm quyền của ĐHĐCĐ,https://cafef.vn/du-lieu/LPB-1979665/lpb-to-trinh-ve-mot-so-noi-dung-khac-thuoc-tham-quyen-cua-dhdcd.chn,cafef
2024-04-19,LPB: Nghị quyết HĐQT thông qua cập nhật nội dung và tài liệu họp ĐHĐCĐ thường niên 2024,Ngân hàng Thương mại Cổ phần Bưu điện Liên Việt công bố Nghị quyết HĐQT về việc thông qua cập nhật nội dung và tài liệu họp ĐHĐCĐ thường niên 2024,https://cafef.vn/du-lieu/LPB-1979668/lpb-nghi-quyet-hdqt-thong-qua-cap-nhat-noi-dung-va-tai-lieu-hop-dhdcd-thuong-nien-2024.chn,cafef
2024-04-15,LPB: Tờ trình HĐQT về một số nội dung khác thuộc thẩm quyền của ĐHĐCĐ,Ngân hàng Thương mại Cổ phần Bưu điện Liên Việt thông báo Tờ trình HĐQT về một số nội dung khác thuộc thẩm quyền của ĐHĐCĐ,https://cafef.vn/du-lieu/LPB-1977210/lpb-to-trinh-hdqt-ve-mot-so-noi-dung-khac-thuoc-tham-quyen-cua-dhdcd.chn,cafef
2024-04-15,LPB: Tờ trình HĐQT về việc phê duyệt phương án tăng VĐL năm 2024,Ngân hàng Thương mại Cổ phần Bưu điện Liên Việt thông báo Tờ trình HĐQT về việc phê duyệt phương án tăng VĐL năm 2024,https://cafef.vn/du-lieu/LPB-1977211/lpb-to-trinh-hdqt-ve-viec-phe-duyet-phuong-an-tang-vdl-nam-2024.chn,cafef
2024-04-15,LPB: Báo cáo HĐQT về KQHĐ năm 2023 và Kế hoạch hoạt động năm 2024,Ngân hàng Thương mại Cổ phần Bưu điện Liên Việt thông báo Báo cáo HĐQT về KQHĐ năm 2023 và KHHĐ năm 2024,https://cafef.vn/du-lieu/LPB-1977212/lpb-bao-cao-hdqt-ve-kqhd-nam-2023-va-ke-hoach-hoat-dong-nam-2024.chn,cafef
2024-04-15,LPB: Nghị quyết HĐQT thông qua cập nhật nội dung và tài liệu ĐHĐCĐ thường niên năm 2024,Ngân hàng Thương mại Cổ phần Bưu điện Liên Việt thông báo Nghị quyết HĐQT thông qua cập nhật nội dung và tài liệu ĐHĐCĐ thường niên năm 202,https://cafef.vn/du-lieu/LPB-1977213/lpb-nghi-quyet-hdqt-thong-qua-cap-nhat-noi-dung-va-tai-lieu-dhdcd-thuong-nien-nam-2024.chn,cafef
2024-04-09,LPB: Nghị quyết HĐQT về việc thay đổi địa chỉ trụ sở phòng giao dịch Hậu Lộc,Ngân hàng Thương mại Cổ phần Bưu điện Liên Việt thông báo Nghị quyết HĐQT về việc thay đổi địa chỉ trụ sở phòng giao dịch Hậu Lộc,https://cafef.vn/du-lieu/LPB-1974465/lpb-nghi-quyet-hdqt-ve-viec-thay-doi-dia-chi-tru-so-phong-giao-dich-hau-loc.chn,cafef
2024-04-04,LPB: Công văn của NHNN về việc chấp thuận cho LPB thay đổi địa chỉ đặt trụ sở Chi nhánh Gia Lai,Ngân hàng Thương mại Cổ phần Bưu điện Liên Việt thông báo công văn của NHNN về việc chấp thuận cho LPB thay đổi địa chỉ đặt trụ sở Chi nhánh Gia Lai,https://cafef.vn/du-lieu/LPB-1971577/lpb-cong-van-cua-nhnn-ve-viec-chap-thuan-cho-lpb-thay-doi-dia-chi-dat-tru-so-chi-nhanh-gia-lai.chn,cafef
2024-04-01,LPB: Báo cáo tình hình sử dụng số tiền thu được từ việc phát hành trái phiếu đã kiểm toán,Ngân hàng Thương mại Cổ phần Bưu điện Liên Việt công bố Báo cáo tình hình sử dụng số tiền thu được từ việc phát hành trái phiếu đã kiểm toán,https://cafef.vn/du-lieu/LPB-1970183/lpb-bao-cao-tinh-hinh-su-dung-so-tien-thu-duoc-tu-viec-phat-hanh-trai-phieu-da-kiem-toan.chn,cafef
2024-03-29,LPB: Báo cáo tình hình sử dụng vốn từ đợt phát hành trái phiếu,Ngân hàng Thương mại Cổ phần Bưu điện Liên Việt báo cáo tình hình sử dụng vốn từ đợt phát hành trái phiếu,https://cafef.vn/du-lieu/LPB-1969693/lpb-bao-cao-tinh-hinh-su-dung-von-tu-dot-phat-hanh-trai-phieu.chn,cafef
2024-03-28,LPB: Tài liệu họp ĐHĐCĐ thường niên năm 2024,Ngân hàng Thương mại Cổ phần Bưu điện Liên Việt thông báo tài liệu họp ĐHĐCĐ thường niên năm 2024,https://cafef.vn/du-lieu/LPB-1968646/lpb-tai-lieu-hop-dhdcd-thuong-nien-nam-2024.chn,cafef
2024-03-27,LPB: Giải trình chênh lệch LNST năm 2023 so với năm trước,Ngân hàng Thương mại Cổ phần Bưu điện Liên Việt giải trình chênh lệch LNST năm 2023 so với năm trước,https://cafef.vn/du-lieu/LPB-1966481/lpb-giai-trinh-chenh-lech-lnst-nam-2023-so-voi-nam-truoc.chn,cafef
2024-03-26,LPB: Đính chính thời gian tổ chức ĐHĐCĐ thường niên 2024,Ngân hàng Thương mại Cổ phần Bưu điện Liên Việt đính chính thời gian tổ chức ĐHĐCĐ thường niên 2024,https://cafef.vn/du-lieu/LPB-1965953/lpb-dinh-chinh-thoi-gian-to-chuc-dhdcd-thuong-nien-2024.chn,cafef
2024-03-26,LPB: Nghị quyết HĐQT về việc thực hiện quyền mua cổ phiếu chào bán cho CĐHH,Ngân hàng Thương mại Cổ phần Bưu điện Liên Việt công bố Nghị quyết HĐQT về việc thực hiện quyền mua cổ phiếu chào bán cho CĐHH,https://cafef.vn/du-lieu/LPB-1966115/lpb-nghi-quyet-hdqt-ve-viec-thuc-hien-quyen-mua-co-phieu-chao-ban-cho-cdhh.chn,cafef
2024-03-25,LPB: Thông báo điều chỉnh thời gian tổ chức ĐHĐCĐ thường niên năm 2024,Ngân hàng Thương mại Cổ phần Bưu điện Liên Việt thông báo điều chỉnh thời gian tổ chức ĐHĐCĐ thường niên năm 2024,https://cafef.vn/du-lieu/LPB-1965178/lpb-thong-bao-dieu-chinh-thoi-gian-to-chuc-dhdcd-thuong-nien-nam-2024.chn,cafef
2024-03-21,LPB: CBTT về tỷ lệ an toàn vốn CAR,Ngân hàng Thương mại Cổ phần Bưu điện Liên Việt thông báo về tỷ lệ an toàn vốn CAR,https://cafef.vn/du-lieu/LPB-1963193/lpb-cbtt-ve-ty-le-an-toan-von-car.chn,cafef
2024-03-07,LPB: Kết quả mua lại trái phiếu trước hạn,Ngân hàng Thương mại Cổ phần Bưu điện Liên Việt thông báo Kết quả mua lại trái phiếu trước hạn,https://cafef.vn/du-lieu/LPB-1956197/lpb-ket-qua-mua-lai-trai-phieu-truoc-han.chn,cafef
2024-02-20,LPB: Thông báo mời họp ĐHĐCĐ thường niên năm 2024,Ngân hàng Thương mại Cổ phần Bưu điện Liên Việt thông báo mời họp ĐHĐCĐ thường niên năm 2024,https://cafef.vn/du-lieu/LPB-1947084/lpb-thong-bao-moi-hop-dhdcd-thuong-nien-nam-2024.chn,cafef
2024-02-20,"LPB: Thông báo điều kiện, tiêu chuẩn và thủ tục đề cử, ứng cử bổ sung Thành viên HĐQT","Ngân hàng Thương mại Cổ phần Bưu điện Liên Việt thông báo điều kiện, tiêu chuẩn và thủ tục đề cử, ứng cử bổ sung Thành viên HĐQT",https://cafef.vn/du-lieu/LPB-1947647/lpb-thong-bao-dieu-kien-tieu-chuan-va-thu-tuc-de-cu-ung-cu-bo-sung-thanh-vien-hdqt.chn,cafef
2024-02-16,LPB: Quyết định của Sở GDCK Hà Nội về việc hủy niêm yết trái phiếu LPB122010 của LPB,Quyết định của Sở GDCK Hà Nội về việc hủy niêm yết trái phiếu LPB122010 của Ngân hàng Thương mại Cổ phần Bưu điện Liên Việt,https://cafef.vn/du-lieu/LPB-1945324/lpb-quyet-dinh-cua-so-gdck-ha-noi-ve-viec-huy-niem-yet-trai-phieu-lpb122010-cua-lpb.chn,cafef
2024-02-07,LPB: Nghị quyết HĐQT v/v thay đổi địa điểm Trụ sở PGD Quảng Ninh - Chi nhánh Quảng Bình,Ngân hàng Thương mại Cổ phần Bưu điện Liên Việt thông báo Nghị quyết HĐQT về việc thay đổi địa điểm Trụ sở PGD Quảng Ninh - Chi nhánh Quảng Bình,https://cafef.vn/du-lieu/LPB-1942529/lpb-nghi-quyet-hdqt-vv-thay-doi-dia-diem-tru-so-pgd-quang-ninh-chi-nhanh-quang-binh.chn,cafef
2024-02-06,LPB: Công văn của NHNN về việc chấp thuận cho LPB thay đổi địa chỉ đặt trụ sở Chi nhánh Việt Yên,Ngân hàng Thương mại Cổ phần Bưu điện Liên Việt thông báo  công văn của NHNN về việc chấp thuận cho LPB thay đổi địa chỉ đặt trụ sở Chi nhánh Việt Yên,https://cafef.vn/du-lieu/LPB-1942031/lpb-cong-van-cua-nhnn-ve-viec-chap-thuan-cho-lpb-thay-doi-dia-chi-dat-tru-so-chi-nhanh-viet-yen.chn,cafef
2024-02-06,LPB: Thông báo LPB122010 có khả năng bị hủy bỏ niêm yết,Ngân hàng Thương mại Cổ phần Bưu điện Liên Việt thông báo LPB122010 có khả năng bị hủy bỏ niêm yết,https://cafef.vn/du-lieu/LPB-1942037/lpb-thong-bao-lpb122010-co-kha-nang-bi-huy-bo-niem-yet.chn,cafef
2024-02-05,LPB: Nghị quyết HĐQT về việc thay đổi địa điểm PGD Hớn Quản - CN Bình Phước,Ngân hàng Thương mại Cổ phần Bưu điện Liên Việt thông báo Nghị quyết HĐQT về việc thay đổi địa điểm PGD Hớn Quản - CN Bình Phước,https://cafef.vn/du-lieu/LPB-1941310/lpb-nghi-quyet-hdqt-ve-viec-thay-doi-dia-diem-pgd-hon-quan-cn-binh-phuoc.chn,cafef
2024-02-01,LPB: Thông báo công văn của NHNN về việc chấp thuận cho LPB thay địa điểm Phòng giao dịch Phong Điền,Ngân hàng Thương mại Cổ phần Bưu điện Liên Việt thông báo công văn của NHNN về việc chấp thuận cho LPB thay địa điểm Phòng giao dịch Phong Điền,https://cafef.vn/du-lieu/LPB-1940401/lpb-thong-bao-cong-van-cua-nhnn-ve-viec-chap-thuan-cho-lpb-thay-dia-diem-phong-giao-dich-phong-dien.chn,cafef
2024-01-31,"LPB: 7.2.2024, ngày GDKHQ tổ chức ĐHĐCĐ thường niên năm 2024",Sở Giao dịch Chứng khoán TP.HCM thông báo về ngày đăng ký cuối cùng tổ chức ĐHĐCĐ thường niên năm 2024 của Ngân hàng Thương mại Cổ phần Bưu điện Liên Việt (mã CK: LPB),https://cafef.vn/du-lieu/LPB-1940337/lpb-722024-ngay-gdkhq-to-chuc-dhdcd-thuong-nien-nam-2024.chn,cafef
2024-01-30,LPB: Báo cáo tình hình quản trị công ty năm 2023,Ngân hàng Thương mại Cổ phần Bưu điện Liên Việt công bố Báo cáo tình hình quản trị công ty năm 2023,https://cafef.vn/du-lieu/LPB-1946060/lpb-bao-cao-tinh-hinh-quan-tri-cong-ty-nam-2023.chn,cafef
2024-01-26,LPB: Thông báo lãi suất cho kỳ tính lãi 02 của Trái phiếu LPB122011,Ngân hàng Thương mại Cổ phần Bưu điện Liên Việt thông báo lãi suất cho kỳ tính lãi 02 của Trái phiếu LPB122011,https://cafef.vn/du-lieu/LPB-1936832/lpb-thong-bao-lai-suat-cho-ky-tinh-lai-02-cua-trai-phieu-lpb122011.chn,cafef
2024-01-26,LPB: Thông báo lãi suất cho kỳ tính lãi 02 của Trái phiếu LPB122010,Ngân hàng Thương mại Cổ phần Bưu điện Liên Việt thông báo lãi suất cho kỳ tính lãi 02 của Trái phiếu LPB122010,https://cafef.vn/du-lieu/LPB-1936833/lpb-thong-bao-lai-suat-cho-ky-tinh-lai-02-cua-trai-phieu-lpb122010.chn,cafef
2024-01-26,LPB: Nghị quyết HĐQT về phương án mua lại trước hạn trái phiếu phát hành ra công chúng,Ngân hàng Thương mại Cổ phần Bưu điện Liên Việt thông báo Nghị quyết HĐQT về việc phương án mua lại trước hạn trái phiếu phát hành ra công chúng,https://cafef.vn/du-lieu/LPB-1937404/lpb-nghi-quyet-hdqt-ve-phuong-an-mua-lai-truoc-han-trai-phieu-phat-hanh-ra-cong-chung.chn,cafef
2024-01-26,LPB: Nghị quyết HĐQT v/v thay đổi địa điểm trụ sở phòng giao dịch Bưu điện Châu Thành,Ngân hàng Thương mại Cổ phần Bưu điện Liên Việt thông báo Nghị quyết HĐQT về việc thay đổi địa điểm trụ sở phòng giao dịch Bưu điện Châu Thành,https://cafef.vn/du-lieu/LPB-1937406/lpb-nghi-quyet-hdqt-vv-thay-doi-dia-diem-tru-so-phong-giao-dich-buu-dien-chau-thanh.chn,cafef
2024-01-25,LPB: Công văn của NHNN chấp thuận thay đổi địa điểm PGD Tam Dương - CN Vĩnh Phúc,Ngân hàng Thương mại Cổ phần Bưu điện Liên Việt thông báo nhận được công văn của NHNN chấp thuận thay đổi địa điểm PGD Tam Dương - CN Vĩnh Phúc,https://cafef.vn/du-lieu/LPB-1936125/lpb-cong-van-cua-nhnn-chap-thuan-thay-doi-dia-diem-pgd-tam-duong-cn-vinh-phuc.chn,cafef
2024-01-24,LPB: Nghị quyết HĐQT về kế hoạch tổ chức họp ĐHĐCĐ thường niên 2024,Ngân hàng Thương mại Cổ phần Bưu điện Liên Việt thông báo Nghị quyết HĐQT về kế hoạch tổ chức họp ĐHĐCĐ thường niên 2024,https://cafef.vn/du-lieu/LPB-1935727/lpb-nghi-quyet-hdqt-ve-ke-hoach-to-chuc-hop-dhdcd-thuong-nien-2024.chn,cafef
2024-01-22,LPB: Nghị quyết HĐQT v/v thay đổi địa điểm phòng giao dịch Cù Lao Dung trực thuộc CN Sóc Trăng,Ngân hàng Thương mại Cổ phần Bưu điện Liên Việt thông báo Nghị quyết HĐQT về việc thay đổi địa điểm phòng giao dịch Cù Lao Dung trực thuộc CN Sóc Trăng,https://cafef.vn/du-lieu/LPB-1934446/lpb-nghi-quyet-hdqt-vv-thay-doi-dia-diem-phong-giao-dich-cu-lao-dung-truc-thuoc-cn-soc-trang.chn,cafef
2024-01-22,LPB: Giải trình chênh lệch LNST Q4/2023 so với cùng kỳ năm trước,Ngân hàng Thương mại Cổ phần Bưu điện Liên Việt giải trình chênh lệch LNST Q4/2023 so với cùng kỳ năm trước,https://cafef.vn/du-lieu/LPB-1934562/lpb-giai-trinh-chenh-lech-lnst-q42023-so-voi-cung-ky-nam-truoc.chn,cafef
2024-01-18,LPB: CBTT nhận được TB của VSD về việc hủy đăng ký trái phiếu LPB121035,Ngân hàng Thương mại Cổ phần Bưu điện Liên Việt thông báo nhận được TB của VSD về việc hủy đăng ký trái phiếu LPB121035,https://cafef.vn/du-lieu/LPB-1932841/lpb-cbtt-nhan-duoc-tb-cua-vsd-ve-viec-huy-dang-ky-trai-phieu-lpb121035.chn,cafef
2024-01-17,LPB: Nghị quyết HĐQT về việc thay đổi địa điểm phòng giao dịch Bưu điện Mỏ Bạch,Ngân hàng Thương mại Cổ phần Bưu điện Liên Việt thông báo Nghị quyết HĐQT về việc thay đổi địa điểm phòng giao dịch Bưu điện Mỏ Bạch,https://cafef.vn/du-lieu/LPB-1932114/lpb-nghi-quyet-hdqt-ve-viec-thay-doi-dia-diem-phong-giao-dich-buu-dien-mo-bach.chn,cafef
2024-01-11,LPB: Nghị quyết HĐQT về việc thay đổi địa điểm PGD Ô Môn và PGD Cái Răng - CN Cần Thơ,Ngân hàng Thương mại Cổ phần Bưu điện Liên Việt thông báo Nghị quyết HĐQT về việc thay đổi địa điểm PGD Ô Môn và PGD Cái Răng - CN Cần Thơ,https://cafef.vn/du-lieu/LPB-1929115/lpb-nghi-quyet-hdqt-ve-viec-thay-doi-dia-diem-pgd-o-mon-va-pgd-cai-rang-cn-can-tho.chn,cafef
2024-01-09,LPB: Thông báo về kết quả mua lại trái phiếu trước hạn (Mã TP: LPB121035),Ngân hàng Thương mại Cổ phần Bưu điện Liên Việt thông báo về kết quả mua lại trái phiếu trước hạn (Mã TP: LPB121035),https://cafef.vn/du-lieu/LPB-1927935/lpb-thong-bao-ve-ket-qua-mua-lai-trai-phieu-truoc-han-ma-tp-lpb121035.chn,cafef
2024-01-08,LPB: Quyết định của TGĐ về việc sửa đổi nội dung về mức vốn điều lệ,Ngân hàng Thương mại Cổ phần Bưu điện Liên Việt thông báo Quyết định của TGĐ về việc sửa đổi nội dung về mức vốn điều lệ,https://cafef.vn/du-lieu/LPB-1927625/lpb-quyet-dinh-cua-tgd-ve-viec-sua-doi-noi-dung-ve-muc-von-dieu-le.chn,cafef
2024-01-05,LPB: Nghị quyết HĐQT phê duyệt thay đổi địa điểm PGD Đông Hải - CN Bạc Liêu,Ngân hàng Thương mại Cổ phần Bưu điện Liên Việt thông báo Nghị quyết HĐQT phê duyệt thay đổi địa điểm PGD Đông Hải - CN Bạc Liêu,https://cafef.vn/du-lieu/LPB-1926225/lpb-nghi-quyet-hdqt-phe-duyet-thay-doi-dia-diem-pgd-dong-hai-cn-bac-lieu.chn,cafef
2024-01-04,LPB: Nghị quyết HĐQT về việc đăng ký ngày giao dịch bổ sung,Ngân hàng Thương mại Cổ phần Bưu điện Liên Việt thông báo Nghị quyết HĐQT về việc đăng ký ngày giao dịch bổ sung,https://cafef.vn/du-lieu/LPB-1925716/lpb-nghi-quyet-hdqt-ve-viec-dang-ky-ngay-giao-dich-bo-sung.chn,cafef
2024-01-03,LPB: Công văn của NHNN về việc chấp thuận cho LPB thay đổi địa điểm Phòng giao dịch Lạc Thủy,Ngân hàng Thương mại Cổ phần Bưu điện Liên Việt thông báo công văn của NHNN về việc chấp thuận cho LPB thay đổi địa điểm Phòng giao dịch Lạc Thủy,https://cafef.vn/du-lieu/LPB-1924593/lpb-cong-van-cua-nhnn-ve-viec-chap-thuan-cho-lpb-thay-doi-dia-diem-phong-giao-dich-lac-thuy.chn,cafef
2024-01-02,LPB: Thông báo ký kết hợp đồng kiểm toán BCTC 2024,Ngân hàng Thương mại Cổ phần Bưu điện Liên Việt thông báo ký kết hợp đồng kiểm toán BCTC 2024,https://cafef.vn/du-lieu/LPB-1924533/lpb-thong-bao-ky-ket-hop-dong-kiem-toan-bctc-2024.chn,cafef
2024-01-02,LPB: Công văn của NHNN về việc chấp thuận cho LPB thay đổi địa chỉ đặt trụ sở Chi nhánh Hà Giang,Ngân hàng Thương mại Cổ phần Bưu điện Liên Việt thông báo công văn của NHNN về việc chấp thuận cho LPB thay đổi địa chỉ đặt trụ sở Chi nhánh Hà Giang,https://cafef.vn/du-lieu/LPB-1924534/lpb-cong-van-cua-nhnn-ve-viec-chap-thuan-cho-lpb-thay-doi-dia-chi-dat-tru-so-chi-nhanh-ha-giang.chn,cafef
2023-12-29,LPB: Quyết định của NHNN Việt Nam về việc sửa đổi nội dung Giấy phép thành lập và hoạt động của LPB,Ngân hàng Thương mại Cổ phần Bưu điện Liên Việt thông báo Quyết định của NHNNVN về việc sửa đổi nội dung Giấy phép thành lập và hoạt động của LPB,https://cafef.vn/du-lieu/LPB-1922869/lpb-quyet-dinh-cua-nhnn-viet-nam-ve-viec-sua-doi-noi-dung-giay-phep-thanh-lap-va-hoat-dong-cua-lpb.chn,cafef
2023-12-29,LPB: Giấy chứng nhận đăng ký doanh nghiệp thay đổi lần thứ 30,Ngân hàng Thương mại Cổ phần Bưu điện Liên Việt thông báo Giấy chứng nhận đăng ký doanh nghiệp thay đổi lần thứ 30,https://cafef.vn/du-lieu/LPB-1922919/lpb-giay-chung-nhan-dang-ky-doanh-nghiep-thay-doi-lan-thu-30.chn,cafef
2023-12-26,"LPB: Nghị quyết HĐQT về Phương án, lãi suất và chi phí liên quan đến việc phát hành Trái phiếu riêng lẻ","Ngân hàng Thương mại Cổ phần Bưu điện Liên Việt thông báo Nghị quyết HĐQT về Phương án, lãi suất và chi phí liên quan đến việc phát hành TPRL",https://cafef.vn/du-lieu/LPB-1920096/lpb-nghi-quyet-hdqt-ve-phuong-an-lai-suat-va-chi-phi-lien-quan-den-viec-phat-hanh-trai-phieu-rieng-le.chn,cafef
2023-12-26,LPB: Công văn của NHNN về việc chấp thuận cho LPB thay đổi địa điểm Phòng giao dịch Hoàng Quốc Việt,Ngân hàng Thương mại Cổ phần Bưu điện Liên Việt thông báo công văn của NHNN về việc chấp thuận cho LPB thay đổi địa điểm Phòng giao dịch Hoàng Quốc Việt,https://cafef.vn/du-lieu/LPB-1920622/lpb-cong-van-cua-nhnn-ve-viec-chap-thuan-cho-lpb-thay-doi-dia-diem-phong-giao-dich-hoang-quoc-viet.chn,cafef
2023-12-21,LPB: Thông báo lãi suất cho kỳ tính lãi 02 và 03,Ngân hàng Thương mại Cổ phần Bưu điện Liên Việt thông báo lãi suất cho kỳ tính lãi 02 và 03,https://cafef.vn/du-lieu/LPB-1917954/lpb-thong-bao-lai-suat-cho-ky-tinh-lai-02-va-03.chn,cafef
2023-12-20,LPB: Quyết định của Sở Giao dịch Chứng khoán Hà Nội về việc hủy niêm yết trái phiếu LPB121035,Ngân hàng Thương mại Cổ phần Bưu điện Liên Việt thông báo Quyết định của Sở Giao dịch Chứng khoán Hà Nội về việc hủy niêm yết trái phiếu LPB121035,https://cafef.vn/du-lieu/LPB-1917529/lpb-quyet-dinh-cua-so-giao-dich-chung-khoan-ha-noi-ve-viec-huy-niem-yet-trai-phieu-lpb121035.chn,cafef
2023-12-20,LPB: Nghị quyết HĐQT về việc thay đổi địa điểm phòng giao dịch Vĩnh Lợi - Chi nhánh Bạc Liêu,Ngân hàng Thương mại Cổ phần Bưu điện Liên Việt thông báo Nghị quyết HĐQT về việc thay đổi địa điểm phòng giao dịch Vĩnh Lợi - Chi nhánh Bạc Liêu,https://cafef.vn/du-lieu/LPB-1917671/lpb-nghi-quyet-hdqt-ve-viec-thay-doi-dia-diem-phong-giao-dich-vinh-loi-chi-nhanh-bac-lieu.chn,cafef
2023-12-20,LPB: Nghị quyết HĐQT về việc thay đổi địa điểm chi nhánh Vĩnh Phúc - PGD Tam Dương,Ngân hàng Thương mại Cổ phần Bưu điện Liên Việt thông báo Nghị quyết HĐQT về việc thay đổi địa điểm chi nhánh Vĩnh Phúc - PGD Tam Dương,https://cafef.vn/du-lieu/LPB-1917858/lpb-nghi-quyet-hdqt-ve-viec-thay-doi-dia-diem-chi-nhanh-vinh-phuc-pgd-tam-duong.chn,cafef
2023-12-20,LPB: Nghị quyết HĐQT về việc thay đổi địa điểm chi nhánh Thái Bình,Ngân hàng Thương mại Cổ phần Bưu điện Liên Việt thông báo Nghị quyết HĐQT về việc thay đổi địa điểm chi nhánh Thái Bình,https://cafef.vn/du-lieu/LPB-1917864/lpb-nghi-quyet-hdqt-ve-viec-thay-doi-dia-diem-chi-nhanh-thai-binh.chn,cafef
2023-12-19,LPB: Nghị quyết HĐQT v/v thay đổi địa điểm chi nhánh Hòa Bình - Phòng Giao dịch Lạc Thủy,Ngân hàng Thương mại Cổ phần Bưu điện Liên Việt thông báo Nghị quyết HĐQT về việc thay đổi địa điểm chi nhánh Hòa Bình - Phòng GD Lạc Thủy,https://cafef.vn/du-lieu/LPB-1917037/lpb-nghi-quyet-hdqt-vv-thay-doi-dia-diem-chi-nhanh-hoa-binh-phong-giao-dich-lac-thuy.chn,cafef
2023-12-19,LPB: Nghị quyết HĐQT về việc thay đổi địa điểm chi nhánh Thái Nguyên,Ngân hàng Thương mại Cổ phần Bưu điện Liên Việt thông báo Nghị quyết HĐQT về việc thay đổi địa điểm chi nhánh Thái Nguyên,https://cafef.vn/du-lieu/LPB-1917038/lpb-nghi-quyet-hdqt-ve-viec-thay-doi-dia-diem-chi-nhanh-thai-nguyen.chn,cafef
2023-12-08,LPB: Nghị quyết HĐQT về phương án mua lại trước hạn trái phiếu và thông báo ngày ĐKCC thực hiện quyền nhận thanh toán lãi,Ngân hàng Thương mại Cổ phần Bưu điện Liên Việt công bố Nghị quyết HĐQT về phương án mua lại trước hạn trái phiếu và thông báo ngày ĐKCC thực hiện quyền nhận thanh toán lãi,https://cafef.vn/du-lieu/LPB-1911636/lpb-nghi-quyet-hdqt-ve-phuong-an-mua-lai-truoc-han-trai-phieu-va-thong-bao-ngay-dkcc-thuc-hien-quyen-nhan-thanh-toan-lai.chn,cafef
2023-12-07,LPB: Thông báo về ngày ĐKCC nhận thanh toán lãi Trái phiếu,Ngân hàng Thương mại Cổ phần Bưu điện Liên Việt thông báo về ngày ĐKCC nhận thanh toán lãi Trái phiếu,https://cafef.vn/du-lieu/LPB-1911488/lpb-thong-bao-ve-ngay-dkcc-nhan-thanh-toan-lai-trai-phieu.chn,cafef
2023-12-05,LPB: Nghị quyết HĐQT về việc thay đổi địa chỉ trụ sở phòng giao dịch Phước Long,Ngân hàng Thương mại Cổ phần Bưu điện Liên Việt thông báo Nghị quyết HĐQT về việc thay đổi địa chỉ trụ sở phòng giao dịch Phước Long,https://cafef.vn/du-lieu/LPB-1910110/lpb-nghi-quyet-hdqt-ve-viec-thay-doi-dia-chi-tru-so-phong-giao-dich-phuoc-long.chn,cafef
2023-11-27,"LPB: Quyết định của HĐQT v/v thay đổi tên, địa điểm trụ sở, Chi nhánh quản lý Phòng Giao dịch Bưu điện","Ngân hàng Thương mại Cổ phần Bưu điện Liên Việt thông báo Quyết định của HĐQT về việc thay đổi tên, địa điểm trụ sở, Chi nhánh quản lý Phòng GD Bưu điện",https://cafef.vn/du-lieu/LPB-1900561/lpb-quyet-dinh-cua-hdqt-vv-thay-doi-ten-dia-diem-tru-so-chi-nhanh-quan-ly-phong-giao-dich-buu-dien.chn,cafef
2023-11-15,LPB: Thông báo thay đổi địa điểm Chi nhánh Gia Lai,Ngân hàng Thương mại Cổ phần Bưu điện Liên Việt thông báo thay đổi địa điểm CN Gia Lai,https://cafef.vn/du-lieu/LPB-1885705/lpb-thong-bao-thay-doi-dia-diem-chi-nhanh-gia-lai.chn,cafef
2023-11-06,LPB: Công văn của UBCKNN về việc nhận được đầy đủ tài liệu báo cáo kết quả chào bán thêm cổ phiếu ra công chúng của LPB,Ngân hàng Thương mại Cổ phần Bưu điện Liên Việt thông báo công văn của UBCKNN về việc nhận được đầy đủ tài liệu báo cáo kết quả chào bán thêm cổ phiếu ra công chúng của LP,https://cafef.vn/du-lieu/LPB-1877125/lpb-cong-van-cua-ubcknn-ve-viec-nhan-duoc-day-du-tai-lieu-bao-cao-ket-qua-chao-ban-them-co-phieu-ra-cong-chung-cua-lpb.chn,cafef
2023-11-02,LPB: Thông báo công văn của NHNN v/v chấp thuận cho LPB thay đổi địa chỉ đặt trụ sở Chi nhánh Hồng Lĩnh,Ngân hàng Thương mại Cổ phần Bưu điện Liên Việt thông báo công văn của NHNN về việc chấp thuận cho LPB thay đổi địa chỉ đặt trụ sở Chi nhánh Hồng Lĩnh,https://cafef.vn/du-lieu/LPB-1871350/lpb-thong-bao-cong-van-cua-nhnn-vv-chap-thuan-cho-lpb-thay-doi-dia-chi-dat-tru-so-chi-nhanh-hong-linh.chn,cafef
2023-11-01,LPB: Thông báo thay đổi địa điểm và tên gọi PGD Bưu Điện,Ngân hàng Thương mại Cổ phần Bưu điện Liên Việt thông báo thay đổi địa điểm và tên gọi PGD Bưu Điện,https://cafef.vn/du-lieu/LPB-1870222/lpb-thong-bao-thay-doi-dia-diem-va-ten-goi-pgd-buu-dien.chn,cafef
2023-11-01,LPB: Nghị quyết HĐQT thông qua kết quả chào bán thêm cổ phiếu ra công chúng và hồ sơ báo cáo,Ngân hàng Thương mại Cổ phần Bưu điện Liên Việt thông báo Nghị quyết HĐQT về việc thông qua kết quả chào bán thêm cổ phiếu ra công chúng và hồ sơ báo cáo,https://cafef.vn/du-lieu/LPB-1870279/lpb-nghi-quyet-hdqt-thong-qua-ket-qua-chao-ban-them-co-phieu-ra-cong-chung-va-ho-so-bao-cao.chn,cafef
2023-10-26,"LPB: Thông báo thay đổi tên gọi, địa điểm PGD Hoàng Quốc Việt","Ngân hàng Thương mại Cổ phần Bưu điện Liên Việt thông báo thay đổi tên gọi, địa điểm PGD Hoàng Quốc Việt",https://cafef.vn/du-lieu/LPB-1862266/lpb-thong-bao-thay-doi-ten-goi-dia-diem-pgd-hoang-quoc-viet.chn,cafef
2023-10-24,LPB: Thông báo ngày giao dịch đầu tiên trái phiếu LPB123015 và LPB123016,Ngân hàng Thương mại Cổ phần Bưu điện Liên Việt thông báo ngày giao dịch đầu tiên trái phiếu LPB123015 và LPB123016,https://cafef.vn/du-lieu/LPB-1858009/lpb-thong-bao-ngay-giao-dich-dau-tien-trai-phieu-lpb123015-va-lpb123016.chn,cafef
2023-10-23,LPB: Nghị quyết HĐQT về việc xử lý cổ phiếu chưa phân phối hết cho cổ đông hiện hữu,Ngân hàng Thương mại Cổ phần Bưu điện Liên Việt thông báo Nghị quyết HĐQT về việc xử lý cổ phiếu chưa phân phối hết,https://cafef.vn/du-lieu/LPB-1857181/lpb-nghi-quyet-hdqt-ve-viec-xu-ly-co-phieu-chua-phan-phoi-het-cho-co-dong-hien-huu.chn,cafef
2023-10-20,LPB: Nghị quyết HĐQT về việc thay đổi tên và địa chỉ chi nhánh Hồng Lĩnh,Ngân hàng Thương mại Cổ phần Bưu điện Liên Việt thông báo Nghị quyết HĐQT về việc thay đổi tên và địa chỉ chi nhánh Hồng Lĩnh,https://cafef.vn/du-lieu/LPB-1855138/lpb-nghi-quyet-hdqt-ve-viec-thay-doi-ten-va-dia-chi-chi-nhanh-hong-linh.chn,cafef
2023-10-20,LPB: Quyết định của Sở Giao dịch Chứng khoán Việt Nam về việc chấp thuận cho LPB niêm yết trái phiếu,Ngân hàng Thương mại Cổ phần Bưu điện Liên Việt thông báo Quyết định của Sở Giao dịch Chứng khoán Việt Nam về việc chấp thuận cho LPB niêm yết trái phiếu,https://cafef.vn/du-lieu/LPB-1855399/lpb-quyet-dinh-cua-so-giao-dich-chung-khoan-viet-nam-ve-viec-chap-thuan-cho-lpb-niem-yet-trai-phieu.chn,cafef
2023-10-20,LPB: Giải trình biến động kết quả kinh doanh quý 3/2023 so với quý 3/2022,Ngân hàng Thương mại Cổ phần Bưu điện Liên Việt thông báo giải trình biến động kết quả kinh doanh quý 3/2023 so với quý 3/2022,https://cafef.vn/du-lieu/LPB-1855498/lpb-giai-trinh-bien-dong-ket-qua-kinh-doanh-quy-32023-so-voi-quy-32022.chn,cafef
2023-10-16,LPB: Thông báo thay đổi địa điểm PGD Thái Thụy,Ngân hàng Thương mại Cổ phần Bưu điện Liên Việt thông báo thay đổi địa điểm PGD Thái Thụy,https://cafef.vn/du-lieu/LPB-1847446/lpb-thong-bao-thay-doi-dia-diem-pgd-thai-thuy.chn,cafef
2023-10-16,LPB: Thông báo công văn của NHNN về việc chấp thuận cho LPB thay đổi địa điểm Chi nhánh Củ Chi,Ngân hàng Thương mại Cổ phần Bưu điện Liên Việt thông báo công văn của NHNN về việc chấp thuận cho LPB thay đổi địa điểm Chi nhánh Củ Chi,https://cafef.vn/du-lieu/LPB-1847560/lpb-thong-bao-cong-van-cua-nhnn-ve-viec-chap-thuan-cho-lpb-thay-doi-dia-diem-chi-nhanh-cu-chi.chn,cafef
2023-10-06,LPB: Quyết định về việc sửa đổi vốn điều lệ,Ngân hàng Thương mại Cổ phần Bưu điện Liên Việt thông báo Quyết định về việc sửa đổi vốn điều lệ,https://cafef.vn/du-lieu/LPB-1831978/lpb-quyet-dinh-ve-viec-sua-doi-von-dieu-le.chn,cafef
2023-10-05,LPB: Nghị quyết HĐQT về việc đăng ký ngày giao dịch bổ sung cổ phiếu,Ngân hàng Thương mại Cổ phần Bưu điện Liên Việt công bố Nghị quyết HĐQT về việc đăng ký ngày giao dịch bổ sung,https://cafef.vn/du-lieu/LPB-1830576/lpb-nghi-quyet-hdqt-ve-viec-dang-ky-ngay-giao-dich-bo-sung-co-phieu.chn,cafef
2023-10-03,LPB: Thông báo thay đổi địa điểm đặt phòng GD Trà Nóc,Ngân hàng Thương mại Cổ phần Bưu điện Liên Việt thông báo thay đổi địa điểm đặt phòng GD Trà Nóc,https://cafef.vn/du-lieu/LPB-1827761/lpb-thong-bao-thay-doi-dia-diem-dat-phong-gd-tra-noc.chn,cafef
2023-10-03,LPB: Thông báo thay đổi địa điểm đặt phòng GD Lục Nam,Ngân hàng Thương mại Cổ phần Bưu điện Liên Việt thông báo thay đổi địa điểm đặt phòng GD Lục Nam,https://cafef.vn/du-lieu/LPB-1827763/lpb-thong-bao-thay-doi-dia-diem-dat-phong-gd-luc-nam.chn,cafef
2023-10-02,LPB: CBTT về tỷ lệ an toàn vốn,Ngân hàng Thương mại Cổ phần Bưu điện Liên Việt CBTT về tỷ lệ an toàn vốn,https://cafef.vn/du-lieu/LPB-1825490/lpb-cbtt-ve-ty-le-an-toan-von.chn,cafef
2023-10-02,LPB: Giấy chứng nhận đăng ký doanh nghiệp thay đổi lần thứ 29,Ngân hàng Thương mại Cổ phần Bưu điện Liên Việt thông báo Giấy chứng nhận đăng ký doanh nghiệp thay đổi lần thứ 29,https://cafef.vn/du-lieu/LPB-1825514/lpb-giay-chung-nhan-dang-ky-doanh-nghiep-thay-doi-lan-thu-29.chn,cafef
2023-09-29,LPB: Công văn của UBCK về báo cáo kết quả đợt chào bán trái phiếu ra công chúng,Ngân hàng Thương mại Cổ phần Bưu điện Liên Việt thông báo nhận được công văn của UBCK về báo cáo kết quả đợt chào bán trái phiếu ra công chúng,https://cafef.vn/du-lieu/LPB-1823181/lpb-cong-van-cua-ubck-ve-bao-cao-ket-qua-dot-chao-ban-trai-phieu-ra-cong-chung.chn,cafef
2023-09-28,LPB: Trích Nghị quyết HĐQT về việc thuê mới và thay đổi địa điểm trụ sợ phòng GD Phong Điền,Ngân hàng Thương mại Cổ phần Bưu điện Liên Việt thông báo trích Nghị quyết HĐQT về việc thuê mới và thay đổi địa điểm trụ sợ phòng GD Phong Điền như sau,https://cafef.vn/du-lieu/LPB-1821041/lpb-trich-nghi-quyet-hdqt-ve-viec-thue-moi-va-thay-doi-dia-diem-tru-so-phong-gd-phong-dien.chn,cafef
2023-09-25,LPB: Nghị quyết HĐQT về việc gia hạn thời gian nộp tiền để thực hiện quyền mua CP,Ngân hàng Thương mại Cổ phần Bưu điện Liên Việt thông báo Nghị quyết HĐQT về việc gia hạn thời gian nộp tiền để thực hiện quyền mua CP như sau,https://cafef.vn/du-lieu/LPB-1817689/lpb-nghi-quyet-hdqt-ve-viec-gia-han-thoi-gian-nop-tien-de-thuc-hien-quyen-mua-cp.chn,cafef
2023-09-25,LPB: Quyết định của HĐQT về việc thay đổi nhân sự,Ngân hàng Thương mại Cổ phần Bưu điện Liên Việt thông báo Quyết định của HĐQT về việc thay đổi nhân sự như sau,https://cafef.vn/du-lieu/LPB-1817724/lpb-quyet-dinh-cua-hdqt-ve-viec-thay-doi-nhan-su.chn,cafef
2023-09-25,LPB: Quyết định của UBCKNN v/v chấp thuận gia hạn GCN ĐK chào bàn thêm CP ra công chúng,Ngân hàng Thương mại Cổ phần Bưu điện Liên Việt thông báo Quyết định của UBCKNN về việc chấp thuận gia hạn giấy chứng nhận ĐK chào bàn thêm cổ phiếu ra công chúng cho LPB như sau,https://cafef.vn/du-lieu/LPB-1817761/lpb-quyet-dinh-cua-ubcknn-vv-chap-thuan-gia-han-gcn-dk-chao-ban-them-cp-ra-cong-chung.chn,cafef
2023-09-18,LPB: Nghị quyết HĐQT v/v xin phép UBCK gia hạn Giấy chứng nhận đăng ký chào bán cp ra công chúng,Ngân hàng Thương mại Cổ phần Bưu điện Liên Việt thông báo Nghị quyết HĐQT về việc xin phép UBCK gia hạn Giấy chứng nhận đăng ký chào bán cổ phiếu ra công chúng như sau,https://cafef.vn/du-lieu/LPB-1808446/lpb-nghi-quyet-hdqt-vv-xin-phep-ubck-gia-han-giay-chung-nhan-dang-ky-chao-ban-cp-ra-cong-chung.chn,cafef
2023-09-15,LPB: Nghị quyết HĐQT v/v thay đổi địa chỉ trụ sở phòng giao dịch Bưu điện tại Hà Giang,Ngân hàng Thương mại Cổ phần Bưu điện Liên Việt thông báo Nghị quyết HĐQT về việc thay đổi địa chỉ trụ sở phòng giao dịch Bưu điện tại Hà Giang như sau,https://cafef.vn/du-lieu/LPB-1804644/lpb-nghi-quyet-hdqt-vv-thay-doi-dia-chi-tru-so-phong-giao-dich-buu-dien-tai-ha-giang.chn,cafef
2023-09-05,LPB: CBTT UBCKNN nhận được tài liệu báo cáo kết quả phát hành cổ phiếu trả cổ tức,Ngân hàng Thương mại Cổ phần Bưu điện Liên Việt thông báo UBCKNN nhận được tài liệu báo cáo kết quả phát hành cổ phiếu trả cổ tức như sau,https://cafef.vn/du-lieu/LPB-1791732/lpb-cbtt-ubcknn-nhan-duoc-tai-lieu-bao-cao-ket-qua-phat-hanh-co-phieu-tra-co-tuc.chn,cafef
2023-08-31,LPB: Nghị quyết HĐQT v/v thuê mới và thay đổi địa điểm Trụ Sở Phòng GD Thái Thụy,Ngân hàng Thương mại Cổ phần Bưu điện Liên Việt thông báo Nghị quyết HĐQT về việc thuê mới và thay đổi địa điểm Trụ Sở Phòng GD Thái Thụy như sau,https://cafef.vn/du-lieu/LPB-1789855/lpb-nghi-quyet-hdqt-vv-thue-moi-va-thay-doi-dia-diem-tru-so-phong-gd-thai-thuy.chn,cafef
2023-08-29,LPB: Báo cáo tình hình sử dụng số tiền thu được từ việc phát hành trái phiếu kỳ 30/06/2023,Ngân hàng Thương mại Cổ phần Bưu điện Liên Việt công bố Báo cáo tình hình sử dụng số tiền thu được từ việc phát hành trái phiếu kỳ 30/06/2023 như sau,https://cafef.vn/du-lieu/LPB-1783148/lpb-bao-cao-tinh-hinh-su-dung-so-tien-thu-duoc-tu-viec-phat-hanh-trai-phieu-ky-30062023.chn,cafef
2023-08-21,LPB: CBTT Nghị quyết HĐQT v/v phát hành trái phiếu riêng lẻ,Ngân hàng Thương mại Cổ phần Bưu điện Liên Việt thông báo Nghị quyết HĐQT về việc phát hành trái phiếu riêng lẻ như sau,https://cafef.vn/du-lieu/LPB-1773289/lpb-cbtt-nghi-quyet-hdqt-vv-phat-hanh-trai-phieu-rieng-le.chn,cafef
2023-08-18,LPB: Bản cáo bạch chào bán trái phiếu ra công chúng,Ngân hàng Thương mại Cổ phần Bưu điện Liên Việt thông báo Bản cáo bạch chào bán trái phiếu ra công chúng như sau,https://cafef.vn/du-lieu/LPB-1768935/lpb-ban-cao-bach-chao-ban-trai-phieu-ra-cong-chung.chn,cafef
2023-08-17,LPB: Công văn của UBCKNN v/v nhận được đầy đủ tài liệu báo cáo triển khai thực hiện chào bán trái phiếu,Ngân hàng Thương mại Cổ phần Bưu điện Liên Việt thông báo công văn của UBCKNN về việc nhận được đầy đủ tài liệu báo cáo triển khai thực hiện  chào bán trái phiếu ra công chúng của LPB như sau,https://cafef.vn/du-lieu/LPB-1767095/lpb-cong-van-cua-ubcknn-vv-nhan-duoc-day-du-tai-lieu-bao-cao-trien-khai-thuc-hien-chao-ban-trai-phieu.chn,cafef
2023-08-17,LPB: Chốt danh sách người sở hữu trái phiếu đại diện cho người sở hữu trái phiếu,Ngân hàng Thương mại Cổ phần Bưu điện Liên Việt thông báo chốt danh sách người sở hữu trái phiếu đại diện cho người sở hữu trái phiếu như sau,https://cafef.vn/du-lieu/LPB-1767270/lpb-chot-danh-sach-nguoi-so-huu-trai-phieu-dai-dien-cho-nguoi-so-huu-trai-phieu.chn,cafef
2023-08-15,LPB: Giải trình chênh lệch LNST tại BCTC soát xét bán niên 2023 so với cùng kỳ năm trước,Ngân hàng Thương mại Cổ phần Bưu điện Liên Việt giải trình chênh lệch LNST tại BCTC soát xét bán niên 2023 so với cùng kỳ năm trước như sau,https://cafef.vn/du-lieu/LPB-1764889/lpb-giai-trinh-chenh-lech-lnst-tai-bctc-soat-xet-ban-nien-2023-so-voi-cung-ky-nam-truoc.chn,cafef
2023-07-28,LPB: Công văn của Ngân hàng Nhà nước CN tỉnh Quảng Ninh v/v thay đổi địa điểm CN Móng Cái,Ngân hàng Thương mại Cổ phần Bưu điện Liên Việt công bố công văn của Ngân hàng Nhà nước CN tỉnh Quảng Ninh về việc chấp thuận thay đổi địa điểm Chi nhánh Móng Cái như sau,https://cafef.vn/du-lieu/LPB-779144/lpb-cong-van-cua-ngan-hang-nha-nuoc-cn-tinh-quang-ninh-vv-thay-doi-dia-diem-cn-mong-cai.chn,cafef
2023-07-28,LPB: Báo cáo tình hình quản trị Công ty 06 tháng đầu năm 2023,Ngân hàng Thương mại Cổ phần Bưu điện Liên Việt báo cáo tình hình quản trị Công ty 06 tháng đầu năm 2023 như sau,https://cafef.vn/du-lieu/LPB-1748458/lpb-bao-cao-tinh-hinh-quan-tri-cong-ty-06-thang-dau-nam-2023.chn,cafef
2023-07-27,"LPB: Báo cáo định kỳ tình hình thanh toán gốc, lãi trái phiếu doanh nghiệp 6 tháng đầu năm 2023","Ngân hàng Thương mại Cổ phần Bưu điện Liên Việt công bố Báo cáo định kỳ tình hình thanh toán gốc, lãi trái phiếu doanh nghiệp 6 tháng đầu năm 2023 như sau",https://cafef.vn/du-lieu/LPB-777595/lpb-bao-cao-dinh-ky-tinh-hinh-thanh-toan-goc-lai-trai-phieu-doanh-nghiep-6-thang-dau-nam-2023.chn,cafef
2023-07-26,LPB: Công văn của NHNN v/v chấp thuận cho LPB thay đổi địa điểm Chi nhánh Hải Dương,Ngân hàng Thương mại Cổ phần Bưu điện Liên Việt thông báo công văn của NHNN về việc chấp thuận cho LPB thay đổi địa điểm Chi nhánh Hải Dương như sau,https://cafef.vn/du-lieu/LPB-774977/lpb-cong-van-cua-nhnn-vv-chap-thuan-cho-lpb-thay-doi-dia-diem-chi-nhanh-hai-duong.chn,cafef
2023-07-26,"LPB: Nghị quyết HĐQT v/v thay đổi tên, địa điểm hoạt động của Phòng GD Bưu điện","Ngân hàng Thương mại Cổ phần Bưu điện Liên Việt thông báo Nghị quyết HĐQT về việc thay đổi tên, địa điểm hoạt động của Phòng GD Bưu điện như sau",https://cafef.vn/du-lieu/LPB-774982/lpb-nghi-quyet-hdqt-vv-thay-doi-ten-dia-diem-hoat-dong-cua-phong-gd-buu-dien.chn,cafef
2023-07-24,LPB: Công văn của Ngân hàng Nhà nước CN tỉnh Bình Định v/v chấp thuận thay đổi địa điểm CN Hoài Nhơn,Ngân hàng Thương mại Cổ phần Bưu điện Liên Việt công bố công văn của Ngân hàng Nhà nước CN tỉnh Bình Định về việc chấp thuận thay đổi địa điểm Chi nhánh Hoài Nhơn như sau,https://cafef.vn/du-lieu/LPB-772374/lpb-cong-van-cua-ngan-hang-nha-nuoc-cn-tinh-binh-dinh-vv-chap-thuan-thay-doi-dia-diem-cn-hoai-nhon.chn,cafef
2023-07-21,LPB: Thay đổi địa điểm PGD Mộc Châu,Ngân hàng Thương mại Cổ phần Bưu điện Liên Việt thông báo thay đổi địa điểm PGD Mộc Châu như sau,https://cafef.vn/du-lieu/LPB-769952/lpb-thay-doi-dia-diem-pgd-moc-chau.chn,cafef
2023-07-20,LPB: Giải trình chênh lệch lợi nhuận sau thuế quý 2/2023 so với quý 2/2022,Ngân hàng Thương mại Cổ phần Bưu điện Liên Việt thông báo giải trình chênh lệch lợi nhuận sau thuế quý 2/2023 so với quý 2/2022 như sau,https://cafef.vn/du-lieu/LPB-767885/lpb-giai-trinh-chenh-lech-loi-nhuan-sau-thue-quy-22023-so-voi-quy-22022.chn,cafef
2023-07-20,LPB: Công văn của NHNN v/v chấp thuận cho LPB thay đổi địa điểm Phòng giao dịch Thái Hòa,Ngân hàng Thương mại Cổ phần Bưu điện Liên Việt thông báo công văn của NHNN về việc chấp thuận cho LPB thay đổi địa điểm Phòng giao dịch Thái Hòa như sau,https://cafef.vn/du-lieu/LPB-768603/lpb-cong-van-cua-nhnn-vv-chap-thuan-cho-lpb-thay-doi-dia-diem-phong-giao-dich-thai-hoa.chn,cafef
2023-07-17,"LPB: CBTT Nghị quyết HĐQT v/v phát hành, triển khai chào bán và sử dụng vốn TP phát hành đợt 3/2022","Ngân hàng Thương mại Cổ phần Bưu điện Liên Việt công bố Nghị quyết HĐQT về phương án phát hành, triển khai chào bán và sử dụng vốn TP phát hành ra công chúng đợt 3/2022 như sau",https://cafef.vn/du-lieu/LPB-763366/lpb-cbtt-nghi-quyet-hdqt-vv-phat-hanh-trien-khai-chao-ban-va-su-dung-von-tp-phat-hanh-dot-32022.chn,cafef
2023-07-13,LPB: CBTT được chấp thuận thay đổi địa điểm CN Tây Nghệ An,Ngân hàng Thương mại Cổ phần Bưu điện Liên Việt công bố được chấp thuận thay đổi địa điểm CN Tây Nghệ An như sau,https://cafef.vn/du-lieu/LPB-759894/lpb-cbtt-duoc-chap-thuan-thay-doi-dia-diem-cn-tay-nghe-an.chn,cafef
2023-07-13,LPB: Phát hành cổ phiếu để trả cổ tức,Ngân hàng Thương mại Cổ phần Bưu điện Liên Việt thông báo phát hành cổ phiếu để trả cổ tức như sau,https://cafef.vn/du-lieu/LPB-760135/lpb-phat-hanh-co-phieu-de-tra-co-tuc.chn,cafef
2023-07-13,LPB: Chào bán cổ phiếu ra công chúng,Ngân hàng Thương mại Cổ phần Bưu điện Liên Việt thông báo chào bán cổ phiếu ra công chúng như sau,https://cafef.vn/du-lieu/LPB-760137/lpb-chao-ban-co-phieu-ra-cong-chung.chn,cafef
2023-07-13,LPB: Bản cáo bạch chào bán thêm cổ phiếu ra công chúng,Ngân hàng Thương mại Cổ phần Bưu điện Liên Việt công bố Bản cáo bạch chào bán thêm cổ phiếu ra công chúng như sau,https://cafef.vn/du-lieu/LPB-760140/lpb-ban-cao-bach-chao-ban-them-co-phieu-ra-cong-chung.chn,cafef
2023-07-13,LPB: Nghị quyết HĐQT thông qua ngày ĐKCC để thực hiện quyền cho cổ đông,Ngân hàng Thương mại Cổ phần Bưu điện Liên Việt công bố Nghị quyết HĐQT thông qua ngày ĐKCC để thực hiện quyền cho cổ đông như sau,https://cafef.vn/du-lieu/LPB-760203/lpb-nghi-quyet-hdqt-thong-qua-ngay-dkcc-de-thuc-hien-quyen-cho-co-dong.chn,cafef
2023-07-13,LPB: CBTT UBCKNN nhận được tài liệu báo cáo kết quả chào bán TP ra công chúng đợt 2,Ngân hàng Thương mại Cổ phần Bưu điện Liên Việt công bố UBCKNN nhận được tài liệu báo cáo kết quả chào bán TP ra công chúng đợt 2 như sau,https://cafef.vn/du-lieu/LPB-760204/lpb-cbtt-ubcknn-nhan-duoc-tai-lieu-bao-cao-ket-qua-chao-ban-tp-ra-cong-chung-dot-2.chn,cafef
2023-07-12,LPB: Giấy chứng nhận đăng ký doanh nghiệp thay đổi lần thứ 28,Ngân hàng Thương mại Cổ phần Bưu điện Liên Việt thông báo Giấy chứng nhận đăng ký doanh nghiệp thay đổi lần thứ 28 như sau,https://cafef.vn/du-lieu/LPB-758489/lpb-giay-chung-nhan-dang-ky-doanh-nghiep-thay-doi-lan-thu-28.chn,cafef
2023-07-11,LPB122010: Công văn chấp thuận của Ngân hàng Nhà nước về việc thay đổi địa điểm đặt trụ sở Ngân hàng TMCP Bưu điện Liên Việt – Chi nhánh Việt Yên.,Ngân hàng TMCP Bưu điện Liên Việt nhận được công văn chấp thuận của Ngân hàng Nhà nước về việc thay đổi địa điểm đặt trụ sở Ngân hàng TMCP Bưu điện Liên Việt – Chi nhánh Việt Yên.,https://cafef.vn/du-lieu/LPB-546750/lpb122010-cong-van-chap-thuan-cua-ngan-hang-nha-nuoc-ve-viec-thay-doi-dia-diem-dat-tru-so-ngan-hang-tmcp-buu-dien-lien-viet-chi-nhanh-viet-yen.chn,cafef
2023-07-11,LPB122010: Ủy ban chứng khoán Nhà nước đã nhận được đầy đủ tài liệu báo cáo phát hành cổ phiếu trả cổ tức,Ủy ban chứng khoán Nhà nước đã nhận được đầy đủ tài liệu báo cáo phát hành cổ phiếu trả cổ tức của Ngân hàng TMCP Bưu điện Liên Việt,https://cafef.vn/du-lieu/LPB-546753/lpb122010-uy-ban-chung-khoan-nha-nuoc-da-nhan-duoc-day-du-tai-lieu-bao-cao-phat-hanh-co-phieu-tra-co-tuc.chn,cafef
2023-07-11,LPB122010: Thông báo về ngày giao dịch đầu tiên Trái phiếu niêm yết mã LPB122012 và LPB122013 của Ngân hàng TMCP Bưu điện Liên Việt,Thông báo về ngày giao dịch đầu tiên Trái phiếu niêm yết mã LPB122012 và LPB122013 của Ngân hàng TMCP Bưu điện Liên Việt,https://cafef.vn/du-lieu/LPB-546763/lpb122010-thong-bao-ve-ngay-giao-dich-dau-tien-trai-phieu-niem-yet-ma-lpb122012-va-lpb122013-cua-ngan-hang-tmcp-buu-dien-lien-viet.chn,cafef
2023-07-11,LPB: CBTT thay đổi địa điểm trụ sở CN Việt Yên,Ngân hàng Thương mại Cổ phần Bưu điện Liên Việt công bố thay đổi địa điểm trụ sở CN Việt Yên như sau,https://cafef.vn/du-lieu/LPB-546993/lpb-cbtt-thay-doi-dia-diem-tru-so-cn-viet-yen.chn,cafef
2023-07-10,LPB: Nghị quyết HĐQT v/v thay đổi Người đại diện pháp luật của ngân hàng,Ngân hàng Thương mại Cổ phần Bưu điện Liên Việt thông báo Nghị quyết HĐQT về việc thay đổi Người đại diện pháp luật của ngân hàng như sau,https://cafef.vn/du-lieu/LPB-545501/lpb-nghi-quyet-hdqt-vv-thay-doi-nguoi-dai-dien-phap-luat-cua-ngan-hang.chn,cafef
2023-07-10,LPB: Giấy chứng nhận đăng ký chào bán cổ phiếu ra công chúng,Ngân hàng Thương mại Cổ phần Bưu điện Liên Việt thông báo giấy chứng nhận đăng ký chào bán cổ phiếu ra công chúng như sau,https://cafef.vn/du-lieu/LPB-545504/lpb-giay-chung-nhan-dang-ky-chao-ban-co-phieu-ra-cong-chung.chn,cafef
2023-07-10,LPB122010: Giấy chứng nhận đăng ký chào bán thêm cổ phiếu ra công chúng của Ủy ban Chứng khoán Nhà nước,Ngân hàng TMCP Bưu điện Liên Việt đã nhận được Giấy chứng nhận đăng ký chào bán thêm cổ phiếu ra công chúng của Ủy ban Chứng khoán Nhà nước,https://cafef.vn/du-lieu/LPB-546294/lpb122010-giay-chung-nhan-dang-ky-chao-ban-them-co-phieu-ra-cong-chung-cua-uy-ban-chung-khoan-nha-nuoc.chn,cafef
2023-07-10,LPB122010: Nghị quyết Hội đồng quản trị,Nghị quyết Hội đồng quản trị,https://cafef.vn/du-lieu/LPB-546297/lpb122010-nghi-quyet-hoi-dong-quan-tri.chn,cafef
2023-07-10,LPB: Công văn của UBCKNN v/v nhận được đầy đủ tài liệu báo cáo kết quả phát hành cp để trả cổ tức,Ngân hàng Thương mại Cổ phần Bưu điện Liên Việt thông báo công văn của UBCKNN về việc nhận được đầy đủ tài liệu báo cáo kết quả phát hành cổ phiếu để trả cổ tức của LPB như sau,https://cafef.vn/du-lieu/LPB-546805/lpb-cong-van-cua-ubcknn-vv-nhan-duoc-day-du-tai-lieu-bao-cao-ket-qua-phat-hanh-cp-de-tra-co-tuc.chn,cafef
2023-07-07,LPB: CBTT thông qua giao dịch giữa LPBank với người có liên quan của người nội bộ,Ngân hàng Thương mại Cổ phần Bưu điện Liên Việt công bố thông tin thông qua giao dịch giữa LPBank với người có liên quan của người nội bộ như sau,https://cafef.vn/du-lieu/LPB-542395/lpb-cbtt-thong-qua-giao-dich-giua-lpbank-voi-nguoi-co-lien-quan-cua-nguoi-noi-bo.chn,cafef
2023-07-07,LPB122010: Quyết định của Sở giao dịch chứng khoán Hà Nội về việc chấp thuận niêm yết trái phiếu LPB122012 của Ngân hàng TMCP Bưu điện Liên Việt,Quyết định của Sở giao dịch chứng khoán Hà Nội về việc chấp thuận niêm yết trái phiếu LPB122012 của Ngân hàng TMCP Bưu điện Liên Việt,https://cafef.vn/du-lieu/LPB-542990/lpb122010-quyet-dinh-cua-so-giao-dich-chung-khoan-ha-noi-ve-viec-chap-thuan-niem-yet-trai-phieu-lpb122012-cua-ngan-hang-tmcp-buu-dien-lien-viet.chn,cafef
2023-07-07,LPB122010: Nghị quyết thông qua giao dịch giữa Ngân hàng TMCP Bưu điện Liên Việt với Người có liên quan của Người nội bộ,Nghị quyết thông qua giao dịch giữa Ngân hàng TMCP Bưu điện Liên Việt với Người có liên quan của Người nội bộ,https://cafef.vn/du-lieu/LPB-543037/lpb122010-nghi-quyet-thong-qua-giao-dich-giua-ngan-hang-tmcp-buu-dien-lien-viet-voi-nguoi-co-lien-quan-cua-nguoi-noi-bo.chn,cafef
2023-07-07,LPB122010: Quyết định của Sở giao dịch chứng khoán Hà Nội về việc chấp thuận niêm yết trái phiếu LPB122013 của Ngân hàng TMCP Bưu điện Liên Việt,Quyết định của Sở giao dịch chứng khoán Hà Nội về việc chấp thuận niêm yết trái phiếu LPB122013 của Ngân hàng TMCP Bưu điện Liên Việt,https://cafef.vn/du-lieu/LPB-543045/lpb122010-quyet-dinh-cua-so-giao-dich-chung-khoan-ha-noi-ve-viec-chap-thuan-niem-yet-trai-phieu-lpb122013-cua-ngan-hang-tmcp-buu-dien-lien-viet.chn,cafef
2023-07-06,LPB122012: Bản công bố thông tin của Ngân hàng TMCP Bưu điện Liên Việt,Bản công bố thông tin của Ngân hàng TMCP Bưu điện Liên Việt (LPB122012),https://cafef.vn/du-lieu/LPB-541040/lpb122012-ban-cong-bo-thong-tin-cua-ngan-hang-tmcp-buu-dien-lien-viet.chn,cafef
2023-07-06,LBP122012: Quyết định chấp thuận niêm yết trái phiếu của Ngân hàng TMCP Bưu điện Liên Việt,Quyết định chấp thuận niêm yết trái phiếu của Ngân hàng TMCP Bưu điện Liên Việt (LBP122012),https://cafef.vn/du-lieu/LPB-541049/lbp122012-quyet-dinh-chap-thuan-niem-yet-trai-phieu-cua-ngan-hang-tmcp-buu-dien-lien-viet.chn,cafef
2023-07-06,LPB122013: Quyết định chấp thuận niêm yết trái phiếu của Ngân hàng TMCP Bưu điện Liên Việt,Quyết định chấp thuận niêm yết trái phiếu của Ngân hàng TMCP Bưu điện Liên Việt (LBP122013),https://cafef.vn/du-lieu/LPB-541053/lpb122013-quyet-dinh-chap-thuan-niem-yet-trai-phieu-cua-ngan-hang-tmcp-buu-dien-lien-viet.chn,cafef
2023-07-06,LPB122013: Bản công bố thông tin của Ngân hàng TMCP Bưu điện Liên Việt,Bản công bố thông tin của Ngân hàng TMCP Bưu điện Liên Việt (LPB122013),https://cafef.vn/du-lieu/LPB-541060/lpb122013-ban-cong-bo-thong-tin-cua-ngan-hang-tmcp-buu-dien-lien-viet.chn,cafef
2023-07-06,LPB: Quyết định của Sở Giao dịch Chứng khoán Hà Nội v/v chấp thuận niêm yết trái phiếu LPB122013,Ngân hàng Thương mại Cổ phần Bưu điện Liên Việt thông báo Quyết định của Sở Giao dịch Chứng khoán Hà Nội về việc chấp thuận niêm yết trái phiếu LPB122013 như sau,https://cafef.vn/du-lieu/LPB-541805/lpb-quyet-dinh-cua-so-giao-dich-chung-khoan-ha-noi-vv-chap-thuan-niem-yet-trai-phieu-lpb122013.chn,cafef
2023-07-06,LPB: Quyết định của Sở Giao dịch Chứng khoán Hà Nội v/v chấp thuận niêm yết trái phiếu LPB122012,Ngân hàng Thương mại Cổ phần Bưu điện Liên Việt thông báo Quyết định của Sở Giao dịch Chứng khoán Hà Nội về việc chấp thuận niêm yết trái phiếu LPB122012 như sau,https://cafef.vn/du-lieu/LPB-541807/lpb-quyet-dinh-cua-so-giao-dich-chung-khoan-ha-noi-vv-chap-thuan-niem-yet-trai-phieu-lpb122012.chn,cafef
2023-07-04,LPB122010: Quyết định của NHNN về việc sửa đổi nội dung Giấy phép và thành lập và hoạt động của Ngân hàng TMCP Bưu điện Liên Việt,Quyết định của NHNN về việc sửa đổi nội dung Giấy phép và thành lập và hoạt động của Ngân hàng TMCP Bưu điện Liên Việt,https://cafef.vn/du-lieu/LPB-537839/lpb122010-quyet-dinh-cua-nhnn-ve-viec-sua-doi-noi-dung-giay-phep-va-thanh-lap-va-hoat-dong-cua-ngan-hang-tmcp-buu-dien-lien-viet.chn,cafef
2023-07-04,LPB: Quyết định của NHNNVN v/v sửa đổi nội dung Giấy phép thành lập và hoạt động của LPB,Ngân hàng Thương mại Cổ phần Bưu điện Liên Việt thông báo Quyết định của NHNNVN về việc sửa đổi nội dung Giấy phép thành lập và hoạt động của LPB như sau,https://cafef.vn/du-lieu/LPB-538410/lpb-quyet-dinh-cua-nhnnvn-vv-sua-doi-noi-dung-giay-phep-thanh-lap-va-hoat-dong-cua-lpb.chn,cafef
2023-06-23,"LPB: Nghị quyết HĐQT v/v thông qua phương án sử dụng vốn, bộ hồ sơ chào bán thêm CP ra công chúng","Ngân hàng Thương mại Cổ phần Bưu điện Liên Việt thông báo Nghị quyết HĐQT về việc thông qua phương án sử dụng vốn, bộ hồ sơ chào bán thêm CP ra công chúng như sau",https://cafef.vn/du-lieu/LPB-529566/lpb-nghi-quyet-hdqt-vv-thong-qua-phuong-an-su-dung-von-bo-ho-so-chao-ban-them-cp-ra-cong-chung.chn,cafef
2023-06-22,LPB: Công văn chấp thuận của NHNN và Quyết định của HĐQT v/v bổ nhiệm chức vụ TGĐ,&nbsp;Ng&acirc;n h&agrave;ng Thương mại Cổ phần Bưu điện Li&ecirc;n Việt&nbsp;th&ocirc;ng b&aacute;o c&ocirc;ng văn chấp thuận của NHNN v&agrave; Quyết định của HĐQT về việc bổ nhiệm chức vụ TGĐ như sau:,https://cafef.vn/du-lieu/LPB-527411/lpb-cong-van-chap-thuan-cua-nhnn-va-quyet-dinh-cua-hdqt-vv-bo-nhiem-chuc-vu-tgd.chn,cafef
2023-06-19,LPB122010: Nghị quyết thông qua giao dịch giữa Ngân hàng TMCP Bưu điện Liên Việt với Người có liên quan của Người nội bộ,Nghị quyết thông qua giao dịch giữa Ngân hàng TMCP Bưu điện Liên Việt với Người có liên quan của Người nội bộ,https://cafef.vn/du-lieu/LPB-212855/lpb122010-nghi-quyet-thong-qua-giao-dich-giua-ngan-hang-tmcp-buu-dien-lien-viet-voi-nguoi-co-lien-quan-cua-nguoi-noi-bo.chn,cafef
2023-06-19,LPB122010: Nghị quyết HĐQT về việc thay đổi địa điểm trụ sở LPBank Chi nhánh Cần Thơ – Phòng GD Trà Nóc,Nghị quyết của Hội đồng Quản trị về việc thay đổi địa điểm trụ sở LPBank Chi nhánh Cần Thơ – Phòng GD Trà Nóc,https://cafef.vn/du-lieu/LPB-212897/lpb122010-nghi-quyet-hdqt-ve-viec-thay-doi-dia-diem-tru-so-lpbank-chi-nhanh-can-tho-phong-gd-tra-noc.chn,cafef
2023-06-19,LPB122010: Nghị quyết HĐQT v/v thay đổi địa điểm trụ sở LPBank Chi nhánh Cần Thơ – Phòng GD Trà Nóc,Nghị quyết của Hội đồng Quản trị về việc thay đổi địa điểm trụ sở LPBank Chi nhánh Cần Thơ – Phòng GD Trà Nóc,https://cafef.vn/du-lieu/LPB-212900/lpb122010-nghi-quyet-hdqt-vv-thay-doi-dia-diem-tru-so-lpbank-chi-nhanh-can-tho-phong-gd-tra-noc.chn,cafef
2023-06-19,LPB: HĐQT thông qua giao dịch với người có liên quan của người nội bộ,&nbsp;Ng&acirc;n h&agrave;ng Thương mại Cổ phần Bưu điện Li&ecirc;n Việt&nbsp;th&ocirc;ng b&aacute;o HĐQT th&ocirc;ng qua giao dịch với người c&oacute; li&ecirc;n quan của người nội bộ&nbsp;như sau:,https://cafef.vn/du-lieu/LPB-212996/lpb-hdqt-thong-qua-giao-dich-voi-nguoi-co-lien-quan-cua-nguoi-noi-bo.chn,cafef
2023-06-16,LPB: Nghị quyết HĐQT v/v thay đổi địa điểm trụ sở chi nhánh Cần Thơ - Phòng GD Trà Nóc,Ng&acirc;n h&agrave;ng Thương mại Cổ phần Bưu điện Li&ecirc;n Việt&nbsp;th&ocirc;ng b&aacute;o&nbsp;Nghị quyết HĐQT về việc thay đổi địa điểm trụ sở chi nh&aacute;nh Cần Thơ - Ph&ograve;ng GD Tr&agrave; N&oacute;c như sau:,https://cafef.vn/du-lieu/LPB-213839/lpb-nghi-quyet-hdqt-vv-thay-doi-dia-diem-tru-so-chi-nhanh-can-tho-phong-gd-tra-noc.chn,cafef
2023-06-13,LPB122010: Công văn chấp thuận của NHNN về việc thay đổi địa điểm LPBank CN Khánh Hòa - Phòng GD Cam Ranh,Công văn chấp thuận của NHNN về việc thay đổi địa điểm LPBank CN Khánh Hòa - Phòng GD Cam Ranh,https://cafef.vn/du-lieu/LPB-215900/lpb122010-cong-van-chap-thuan-cua-nhnn-ve-viec-thay-doi-dia-diem-lpbank-cn-khanh-hoa-phong-gd-cam-ranh.chn,cafef
2023-06-13,LPB: Công văn của NHNN v/v chấp thuận cho LPB thay đổi địa điểm Phòng giao dịch Cam Ranh,Ng&acirc;n h&agrave;ng Thương mại Cổ phần Bưu điện Li&ecirc;n Việt&nbsp;th&ocirc;ng b&aacute;o&nbsp;c&ocirc;ng văn của NHNN về việc chấp thuận cho LPB thay đổi địa điểm Ph&ograve;ng giao dịch Cam Ranh như sau:,https://cafef.vn/du-lieu/LPB-215963/lpb-cong-van-cua-nhnn-vv-chap-thuan-cho-lpb-thay-doi-dia-diem-phong-giao-dich-cam-ranh.chn,cafef
2023-06-12,LPB122010: Thông báo lãi suất Trái Phiếu LPB7Y202203 và LPB10Y202204 của Kỳ Tính Lãi đầu tiên,Thông báo lãi suất Trái Phiếu LPB7Y202203 và LPB10Y202204 của Kỳ Tính Lãi đầu tiên,https://cafef.vn/du-lieu/LPB-216659/lpb122010-thong-bao-lai-suat-trai-phieu-lpb7y202203-va-lpb10y202204-cua-ky-tinh-lai-dau-tien.chn,cafef
2023-06-12,LPB122010: Thông báo lãi suất Trái Phiếu LPB7Y202203 và LPB10Y202204 của Kỳ Tính Lãi đầu tiên,Thông báo lãi suất Trái Phiếu LPB7Y202203 và LPB10Y202204 của Kỳ Tính Lãi đầu tiên,https://cafef.vn/du-lieu/LPB-216662/lpb122010-thong-bao-lai-suat-trai-phieu-lpb7y202203-va-lpb10y202204-cua-ky-tinh-lai-dau-tien.chn,cafef
2023-06-12,LPB122010: Chào bán Trái phiếu Ngân hàng Bưu điện Liên Việt phát hành ra công chúng năm 2022 (Đợt 2),Công bố thông tin chào bán Trái phiếu Ngân hàng Bưu điện Liên Việt phát hành ra công chúng năm 2022 (Đợt 2),https://cafef.vn/du-lieu/LPB-216671/lpb122010-chao-ban-trai-phieu-ngan-hang-buu-dien-lien-viet-phat-hanh-ra-cong-chung-nam-2022-dot-2.chn,cafef
2023-06-12,LPB122010: Công văn chấp thuận của UBCKNN về chào bán trái phiếu ra công chúng năm 2022 đợt 2,Công văn chấp thuận của UBCKNN về chào bán trái phiếu ra công chúng năm 2022 đợt 2,https://cafef.vn/du-lieu/LPB-216686/lpb122010-cong-van-chap-thuan-cua-ubcknn-ve-chao-ban-trai-phieu-ra-cong-chung-nam-2022-dot-2.chn,cafef
2023-06-12,LPB: Lãi suất trái phiếu ra công chúng,Ng&acirc;n h&agrave;ng Thương mại Cổ phần Bưu điện Li&ecirc;n Việt&nbsp;th&ocirc;ng b&aacute;o&nbsp;l&atilde;i suất tr&aacute;i phiếu ra c&ocirc;ng ch&uacute;ng như sau:,https://cafef.vn/du-lieu/LPB-216935/lpb-lai-suat-trai-phieu-ra-cong-chung.chn,cafef
2023-06-12,LPB: Chào bán trái phiếu ra công chúng,Ng&acirc;n h&agrave;ng Thương mại Cổ phần Bưu điện Li&ecirc;n Việt&nbsp;th&ocirc;ng b&aacute;o&nbsp;ch&agrave;o b&aacute;n tr&aacute;i phiếu ra c&ocirc;ng ch&uacute;ng&nbsp;như sau:,https://cafef.vn/du-lieu/LPB-216938/lpb-chao-ban-trai-phieu-ra-cong-chung.chn,cafef
2023-06-12,LPB: Công văn của UBCKNN v/v chấp thuận chào bán trái phiếu phát hành ra công chúng năm 2022 đợt 2,Ng&acirc;n h&agrave;ng Thương mại Cổ phần Bưu điện Li&ecirc;n Việt&nbsp;th&ocirc;ng b&aacute;o&nbsp;c&ocirc;ng văn của UBCKNN về việc chấp thuận cho LPB ch&agrave;o b&aacute;n tr&aacute;i phiếu ph&aacute;t h&agrave;nh ra c&ocirc;ng ch&uacute;ng năm 2022 đợt 2 như sau:,https://cafef.vn/du-lieu/LPB-216947/lpb-cong-van-cua-ubcknn-vv-chap-thuan-chao-ban-trai-phieu-phat-hanh-ra-cong-chung-nam-2022-dot-2.chn,cafef
2023-06-05,LPB122010: Nghị quyết của HĐQT thông qua bộ hồ sơ đăng ký phát hành cổ phiếu để trả cổ tức và chào bán thêm cổ phiếu ra công chúng cho cổ đông hiện hữu,Nghị quyết của HĐQT thông qua bộ hồ sơ đăng ký phát hành cổ phiếu để trả cổ tức và chào bán thêm cổ phiếu ra công chúng cho cổ đông hiện hữu,https://cafef.vn/du-lieu/LPB-220682/lpb122010-nghi-quyet-cua-hdqt-thong-qua-bo-ho-so-dang-ky-phat-hanh-co-phieu-de-tra-co-tuc-va-chao-ban-them-co-phieu-ra-cong-chung-cho-co-dong-hien-huu.chn,cafef
2023-06-05,LPB122010: Chấp thuận của Ngân hàng Nhà nước cho LPBank tăng vốn điều lệ,Chấp thuận của Ngân hàng Nhà nước cho LPBank tăng vốn điều lệ,https://cafef.vn/du-lieu/LPB-220691/lpb122010-chap-thuan-cua-ngan-hang-nha-nuoc-cho-lpbank-tang-von-dieu-le.chn,cafef
2023-06-02,LPB: Nghị quyết HĐQT thông qua hồ sơ đăng ký phát hành cp trả cổ tức và chào bán cp ra công chúng,Ng&acirc;n h&agrave;ng Thương mại Cổ phần Bưu điện Li&ecirc;n Việt&nbsp;th&ocirc;ng b&aacute;o Nghị quyết HĐQT th&ocirc;ng qua hồ sơ đăng k&yacute; ph&aacute;t h&agrave;nh cổ phiếu trả cổ tức v&agrave; ch&agrave;o b&aacute;n cổ phiếu ra c&ocirc;ng ch&uacute;ng&nbsp;như sau:,https://cafef.vn/du-lieu/LPB-221243/lpb-nghi-quyet-hdqt-thong-qua-ho-so-dang-ky-phat-hanh-cp-tra-co-tuc-va-chao-ban-cp-ra-cong-chung.chn,cafef
2023-06-02,LPB: Văn bản của NHNNVN về việc chấp thuận tăng VĐL,Ng&acirc;n h&agrave;ng Thương mại Cổ phần Bưu điện Li&ecirc;n Việt&nbsp;th&ocirc;ng b&aacute;o văn bản của NHNNVN về việc chấp thuận tăng VĐL như sau:,https://cafef.vn/du-lieu/LPB-221258/lpb-van-ban-cua-nhnnvn-ve-viec-chap-thuan-tang-vdl.chn,cafef
2023-05-31,LPB122010: Thay đổi giấy đăng ký kinh doanh,Thay đổi giấy đăng ký kinh doanh,https://cafef.vn/du-lieu/LPB-223160/lpb122010-thay-doi-giay-dang-ky-kinh-doanh.chn,cafef
2023-05-31,LPB122010: Nghị quyết Hội đồng quản trị,Nghị quyết Hội đồng quản trị,https://cafef.vn/du-lieu/LPB-223166/lpb122010-nghi-quyet-hoi-dong-quan-tri.chn,cafef
2023-05-30,LPB: Giấy chứng nhận đăng ký doanh nghiệp thay đổi lần thứ 27,Ng&acirc;n h&agrave;ng Thương mại Cổ phần Bưu điện Li&ecirc;n Việt&nbsp;th&ocirc;ng b&aacute;o&nbsp;Giấy chứng nhận đăng k&yacute; doanh nghiệp thay đổi lần thứ 27 như sau:,https://cafef.vn/du-lieu/LPB-223721/lpb-giay-chung-nhan-dang-ky-doanh-nghiep-thay-doi-lan-thu-27.chn,cafef
2023-05-30,"LPB: Quyết định của HĐQT v/v sửa đổi nội dung về tên viết tắt, địa chỉ trụ sở chính và website tại điều lệ","Ng&acirc;n h&agrave;ng Thương mại Cổ phần Bưu điện Li&ecirc;n Việt&nbsp;th&ocirc;ng b&aacute;o&nbsp;Quyết định của HĐQT về việc sửa đổi nội dung về t&ecirc;n viết tắt, địa chỉ trụ sở ch&iacute;nh v&agrave; website tại điều lệ như sau:",https://cafef.vn/du-lieu/LPB-223724/lpb-quyet-dinh-cua-hdqt-vv-sua-doi-noi-dung-ve-ten-viet-tat-dia-chi-tru-so-chinh-va-website-tai-dieu-le.chn,cafef
2023-05-30,LPB122010: Nghị quyết về việc triển khai Phát hành cổ phiếu trả cổ tức và Chào bán cổ phiếu cho cổ đông hiện hữu của LPBank,Nghị quyết về việc triển khai Phát hành cổ phiếu trả cổ tức và Chào bán cổ phiếu cho cổ đông hiện hữu của LPBank,https://cafef.vn/du-lieu/LPB-224009/lpb122010-nghi-quyet-ve-viec-trien-khai-phat-hanh-co-phieu-tra-co-tuc-va-chao-ban-co-phieu-cho-co-dong-hien-huu-cua-lpbank.chn,cafef
2023-05-29,LPB: Nghị quyết HĐQT về phát hành cổ phiếu trả cổ tức và chào bán cổ phiếu cho cổ đông hiện hữu,Ng&acirc;n h&agrave;ng Thương mại Cổ phần Bưu điện Li&ecirc;n Việt&nbsp;th&ocirc;ng b&aacute;o&nbsp;Nghị quyết HĐQT về ph&aacute;t h&agrave;nh cổ phiếu trả cổ tức v&agrave; ch&agrave;o b&aacute;n cổ phiếu cho cổ đ&ocirc;ng hiện hữu&nbsp; như sau:,https://cafef.vn/du-lieu/LPB-224756/lpb-nghi-quyet-hdqt-ve-phat-hanh-co-phieu-tra-co-tuc-va-chao-ban-co-phieu-cho-co-dong-hien-huu.chn,cafef
2023-05-29,LPB: Nghị quyết HĐQT về giao dịch với NCLQ NNB,Ng&acirc;n h&agrave;ng Thương mại Cổ phần Bưu điện Li&ecirc;n Việt th&ocirc;ng b&aacute;o Nghị quyết HĐQT về giao dịch với NCLQ NNB như sau:,https://cafef.vn/du-lieu/LPB-225194/lpb-nghi-quyet-hdqt-ve-giao-dich-voi-nclq-nnb.chn,cafef
2023-05-29,LPB122010: Nghị quyết của HĐQT thông qua giao dịch giữa Ngân hàng TMCP Bưu điện Liên Việt với Người có liên quan của Người nội bộ,Nghị quyết của HĐQT thông qua giao dịch giữa Ngân hàng TMCP Bưu điện Liên Việt với Người có liên quan của Người nội bộ,https://cafef.vn/du-lieu/LPB-225242/lpb122010-nghi-quyet-cua-hdqt-thong-qua-giao-dich-giua-ngan-hang-tmcp-buu-dien-lien-viet-voi-nguoi-co-lien-quan-cua-nguoi-noi-bo.chn,cafef
2023-05-29,"LPB122010: Thông báo về việc thay đổi thông tin nhận diện thương hiệu, địa chỉ trang thông tin điện tử của Ngân hàng TMCP Bưu điện Liên Việt","Thông báo về việc thay đổi thông tin nhận diện thương hiệu, địa chỉ trang thông tin điện tử của Ngân hàng TMCP Bưu điện Liên Việt",https://cafef.vn/du-lieu/LPB-225272/lpb122010-thong-bao-ve-viec-thay-doi-thong-tin-nhan-dien-thuong-hieu-dia-chi-trang-thong-tin-dien-tu-cua-ngan-hang-tmcp-buu-dien-lien-viet.chn,cafef
2023-05-29,LPB122010: Chấp thuận của Ngân hàng Nhà nước chi nhánh TP Hà Nội về việc thay đổi địa điểm PGD Hà Đông của LPB,Chấp thuận của Ngân hàng Nhà nước chi nhánh TP Hà Nội về việc thay đổi địa điểm PGD Hà Đông của LPB,https://cafef.vn/du-lieu/LPB-225305/lpb122010-chap-thuan-cua-ngan-hang-nha-nuoc-chi-nhanh-tp-ha-noi-ve-viec-thay-doi-dia-diem-pgd-ha-dong-cua-lpb.chn,cafef
2023-05-26,LPB: Công văn của NHNN về việc chấp thuận cho LPB thay đổi địa điểm Phòng giao dịch Hà Đông,Ng&acirc;n h&agrave;ng Thương mại Cổ phần Bưu điện Li&ecirc;n Việt&nbsp;th&ocirc;ng b&aacute;o&nbsp;c&ocirc;ng văn của NHNN về việc chấp thuận cho LPB thay đổi địa điểm Ph&ograve;ng giao dịch H&agrave; Đ&ocirc;ng như sau:,https://cafef.vn/du-lieu/LPB-225638/lpb-cong-van-cua-nhnn-ve-viec-chap-thuan-cho-lpb-thay-doi-dia-diem-phong-giao-dich-ha-dong.chn,cafef
2023-05-26,LPB: Thay đổi thông tin nhận diện thương hiệu,Ng&acirc;n h&agrave;ng Thương mại Cổ phần Bưu điện Li&ecirc;n Việt&nbsp;th&ocirc;ng b&aacute;o&nbsp;về việc thay đổi th&ocirc;ng tin nhận diện thương hiệu như sau:,https://cafef.vn/du-lieu/LPB-225653/lpb-thay-doi-thong-tin-nhan-dien-thuong-hieu.chn,cafef
2023-05-25,LPB122010: Quyết định về việc phân công công tác đối với Ông Bùi Thái Hà,Quyết định về việc phân công công tác đối với Ông Bùi Thái Hà,https://cafef.vn/du-lieu/LPB-227096/lpb122010-quyet-dinh-ve-viec-phan-cong-cong-tac-doi-voi-ong-bui-thai-ha.chn,cafef
2023-05-24,LPB122010: Thay đổi giấy đăng ký kinh doanh,Thay đổi giấy đăng ký kinh doanh,https://cafef.vn/du-lieu/LPB-227792/lpb122010-thay-doi-giay-dang-ky-kinh-doanh.chn,cafef
2023-05-24,LPB122010: Đính chính Báo cáo kết quả giao dịch cổ phiếu của Người có liên quan của Người nội bộ - bà Phạm Thị Thanh Thủy,Đính chính Báo cáo kết quả giao dịch cổ phiếu của Người có liên quan của Người nội bộ - bà Phạm Thị Thanh Thủy,https://cafef.vn/du-lieu/LPB-227852/lpb122010-dinh-chinh-bao-cao-ket-qua-giao-dich-co-phieu-cua-nguoi-co-lien-quan-cua-nguoi-noi-bo-ba-pham-thi-thanh-thuy.chn,cafef
2023-05-24,LPB122010: Đính chính Báo cáo kết quả giao dịch cổ phiếu của Người có liên quan của Người nội bộ - bà Phạm Thị Thanh Thủy,Đính chính Báo cáo kết quả giao dịch cổ phiếu của Người có liên quan của Người nội bộ - bà Phạm Thị Thanh Thủy,https://cafef.vn/du-lieu/LPB-227855/lpb122010-dinh-chinh-bao-cao-ket-qua-giao-dich-co-phieu-cua-nguoi-co-lien-quan-cua-nguoi-noi-bo-ba-pham-thi-thanh-thuy.chn,cafef
2023-05-23,LPB: Thay đổi giấy chứng nhận ĐKDN lần thứ 26,Ng&acirc;n h&agrave;ng Thương mại Cổ phần Bưu điện Li&ecirc;n Việt&nbsp;th&ocirc;ng b&aacute;o&nbsp;thay đổi giấy chứng nhận ĐKDN lần thứ 26 như sau:,https://cafef.vn/du-lieu/LPB-228014/lpb-thay-doi-giay-chung-nhan-dkdn-lan-thu-26.chn,cafef
2023-05-17,"LPB122010: Nghị quyết HĐQT phê duyệt Phương án phát hành, Phương án triển khai chào bán và Phương án sử dụng vốn trái phiếu Ngân hàng Bưu điện Liên Việt phát hành ra công chúng năm 2022 Đợt 2 (LPB7Y202203 - LPB10Y202204)","Nghị quyết HĐQT phê duyệt Phương án phát hành, Phương án triển khai chào bán và Phương án sử dụng vốn trái phiếu Ngân hàng Bưu điện Liên Việt phát hành ra công chúng năm 2022 Đợt 2 (LPB7Y202203 - LPB10Y202204)",https://cafef.vn/du-lieu/LPB-232145/lpb122010-nghi-quyet-hdqt-phe-duyet-phuong-an-phat-hanh-phuong-an-trien-khai-chao-ban-va-phuong-an-su-dung-von-trai-phieu-ngan-hang-buu-dien-lien-viet-phat-hanh-ra-cong-chung-nam-2022-dot-2-lpb7y202203-lpb10y202204.chn,cafef
2023-05-16,LPB: Nghị quyết HĐQT về phê duyệt phương án sử dụng vốn TP,Ng&acirc;n h&agrave;ng Thương mại Cổ phần Bưu điện Li&ecirc;n Việt&nbsp;th&ocirc;ng b&aacute;o Nghị quyết HĐQT về ph&ecirc; duyệt phương &aacute;n sử dụng vốn TP như sau:,https://cafef.vn/du-lieu/LPB-232481/lpb-nghi-quyet-hdqt-ve-phe-duyet-phuong-an-su-dung-von-tp.chn,cafef
2023-05-15,LPB122010: Quyết định của NHNN về việc sửa đổi Giấy phép thành lập và hoạt động của Ngân hàng TMCP Bưu điện Liên Việt,Quyết định của NHNN về việc sửa đổi Giấy phép thành lập và hoạt động của Ngân hàng TMCP Bưu điện Liên Việt,https://cafef.vn/du-lieu/LPB-233522/lpb122010-quyet-dinh-cua-nhnn-ve-viec-sua-doi-giay-phep-thanh-lap-va-hoat-dong-cua-ngan-hang-tmcp-buu-dien-lien-viet.chn,cafef
2023-05-15,LPB: Quyết định chấp thuận của NHNNVN về sửa đổi nội dung giấy phép thành lập và hoạt động,Ng&acirc;n h&agrave;ng Thương mại Cổ phần Bưu điện Li&ecirc;n Việt th&ocirc;ng b&aacute;o&nbsp;quyết định chấp thuận của NHNNVN về sửa đổi nội dung giấy ph&eacute;p th&agrave;nh lập v&agrave; hoạt động như sau:,https://cafef.vn/du-lieu/LPB-233609/lpb-quyet-dinh-chap-thuan-cua-nhnnvn-ve-sua-doi-noi-dung-giay-phep-thanh-lap-va-hoat-dong.chn,cafef
2023-05-12,LPB: Chấp thuận chấm dứt hoạt động PGD Bưu điện Sông Cầu,Ng&acirc;n h&agrave;ng Thương mại Cổ phần Bưu điện Li&ecirc;n Việt th&ocirc;ng b&aacute;o chấp thuận chấm dứt hoạt động PGD Bưu điện S&ocirc;ng Cầu như sau:,https://cafef.vn/du-lieu/LPB-234461/lpb-chap-thuan-cham-dut-hoat-dong-pgd-buu-dien-song-cau.chn,cafef
2023-05-10,LPB: Thay đổi giấy chứng nhận ĐKDN lần thứ 25,Ng&acirc;n h&agrave;ng Thương mại Cổ phần Bưu điện Li&ecirc;n Việt th&ocirc;ng b&aacute;o thay đổi giấy chứng nhận ĐKDN lần thứ 25 như sau:,https://cafef.vn/du-lieu/LPB-235928/lpb-thay-doi-giay-chung-nhan-dkdn-lan-thu-25.chn,cafef
2023-05-09,LPB122010: Thay đổi giấy đăng ký kinh doanh,Thay đổi giấy đăng k&yacute; kinh doanh,https://cafef.vn/du-lieu/LPB-236771/lpb122010-thay-doi-giay-dang-ky-kinh-doanh.chn,cafef
2023-05-08,LPB122010: Nghị quyết HĐQT triển khai phương án tăng vốn điều lệ năm 2023,Nghị quyết về việc triển khai Phương án tăng vốn điều lệ năm 2023 của Ngân hàng TMCP Bưu điện Liên Việt.,https://cafef.vn/du-lieu/LPB-237827/lpb122010-nghi-quyet-hdqt-trien-khai-phuong-an-tang-von-dieu-le-nam-2023.chn,cafef
2023-05-08,LPB122010: Nghị quyết thông qua giao dịch giữa Ngân hàng TMCP Bưu điện Liên Việt với Người có liên quan của Người nội bộ,Nghị quyết thông qua giao dịch giữa Ngân hàng TMCP Bưu điện Liên Việt với Người có liên quan của Người nội bộ,https://cafef.vn/du-lieu/LPB-237830/lpb122010-nghi-quyet-thong-qua-giao-dich-giua-ngan-hang-tmcp-buu-dien-lien-viet-voi-nguoi-co-lien-quan-cua-nguoi-noi-bo.chn,cafef
2023-05-08,LPB122010: Nghị quyết của HĐQT về việc Chuyển địa điểm Phòng giao dịch Yên Mô của Ngân hàng TMCP Bưu điện Liên Việt Chi nhánh Ninh Bình,Nghị quyết của HĐQT về việc Chuyển địa điểm Phòng giao dịch Yên Mô của Ngân hàng TMCP Bưu điện Liên Việt Chi nhánh Ninh Bình,https://cafef.vn/du-lieu/LPB-237833/lpb122010-nghi-quyet-cua-hdqt-ve-viec-chuyen-dia-diem-phong-giao-dich-yen-mo-cua-ngan-hang-tmcp-buu-dien-lien-viet-chi-nhanh-ninh-binh.chn,cafef
2023-05-08,LPB: Nghị quyết HĐQT về chuyển địa điểm PGD,Ng&acirc;n h&agrave;ng Thương mại Cổ phần Bưu điện Li&ecirc;n Việt&nbsp;th&ocirc;ng b&aacute;o&nbsp;Nghị quyết HĐQT về chuyển địa điểm PGD&nbsp;như sau:,https://cafef.vn/du-lieu/LPB-238466/lpb-nghi-quyet-hdqt-ve-chuyen-dia-diem-pgd.chn,cafef
2023-05-08,LPB: Nghị quyết HĐQT về chuyển địa điểm PGD,Ng&acirc;n h&agrave;ng Thương mại Cổ phần Bưu điện Li&ecirc;n Việt&nbsp;th&ocirc;ng b&aacute;o&nbsp;Nghị quyết HĐQT về chuyển địa điểm PGD&nbsp;như sau:,https://cafef.vn/du-lieu/LPB-238469/lpb-nghi-quyet-hdqt-ve-chuyen-dia-diem-pgd.chn,cafef
2023-05-08,LPB: Thông báo giao dịch với các bên có liên quan,Ng&acirc;n h&agrave;ng Thương mại Cổ phần Bưu điện Li&ecirc;n Việt&nbsp;th&ocirc;ng b&aacute;o giao dịch với c&aacute;c b&ecirc;n c&oacute; li&ecirc;n quan NNB như sau:,https://cafef.vn/du-lieu/LPB-238475/lpb-thong-bao-giao-dich-voi-cac-ben-co-lien-quan.chn,cafef
2023-05-08,LPB: Thông báo giao dịch với các bên có liên quan,Ng&acirc;n h&agrave;ng Thương mại Cổ phần Bưu điện Li&ecirc;n Việt&nbsp;th&ocirc;ng b&aacute;o giao dịch với c&aacute;c b&ecirc;n c&oacute; li&ecirc;n quan NNB như sau:,https://cafef.vn/du-lieu/LPB-238478/lpb-thong-bao-giao-dich-voi-cac-ben-co-lien-quan.chn,cafef
2023-05-08,LPB: Nghị quyết HĐQT về triển khai phương án tăng VĐL năm 2023,Ng&acirc;n h&agrave;ng Thương mại Cổ phần Bưu điện Li&ecirc;n Việt&nbsp;th&ocirc;ng b&aacute;o Nghị quyết HĐQT về triển khai phương &aacute;n tăng VĐL năm 2023 như sau:,https://cafef.vn/du-lieu/LPB-238481/lpb-nghi-quyet-hdqt-ve-trien-khai-phuong-an-tang-vdl-nam-2023.chn,cafef
2023-05-05,LPB122010: Giấy chứng nhận đăng ký chứng khoán Trái phiếu doanh nghiệp mã LPB122012 và LPB122013,Giấy chứng nhận đăng ký chứng khoán Trái phiếu doanh nghiệp mã LPB122012 và LPB122013,https://cafef.vn/du-lieu/LPB-239732/lpb122010-giay-chung-nhan-dang-ky-chung-khoan-trai-phieu-doanh-nghiep-ma-lpb122012-va-lpb122013.chn,cafef
2023-05-05,LPB122010: Nghị quyết HĐQT v/v ban hành điều lệ và cử người đại diện theo pháp luật của Ngân hàng TMCP Bưu điện Liên Việt,Nghị quyết của Hội đồng Quản trị về việc ban hành điều lệ và cử người đại diện theo pháp luật của Ngân hàng TMCP Bưu điện Liên Việt,https://cafef.vn/du-lieu/LPB-240089/lpb122010-nghi-quyet-hdqt-vv-ban-hanh-dieu-le-va-cu-nguoi-dai-dien-theo-phap-luat-cua-ngan-hang-tmcp-buu-dien-lien-viet.chn,cafef
2023-05-04,LPB122010: Nghị quyết HĐQT v/v ban hành điều lệ và cử người đại diện theo pháp luật của Ngân hàng TMCP Bưu điện Liên Việt,Nghị quyết của Hội đồng Quản trị về việc ban hành điều lệ và cử người đại diện theo pháp luật của Ngân hàng TMCP Bưu điện Liên Việt,https://cafef.vn/du-lieu/LPB-240851/lpb122010-nghi-quyet-hdqt-vv-ban-hanh-dieu-le-va-cu-nguoi-dai-dien-theo-phap-luat-cua-ngan-hang-tmcp-buu-dien-lien-viet.chn,cafef
2023-04-28,LPB122010: Công bố thông tin giấy ủy quyền thực hiện công bố thông tin của Ngân hàng TMCP Bưu điện Liên Việt,Công bố thông tin giấy ủy quyền thực hiện công bố thông tin của Ngân hàng TMCP Bưu điện Liên Việt,https://cafef.vn/du-lieu/LPB-242822/lpb122010-cong-bo-thong-tin-giay-uy-quyen-thuc-hien-cong-bo-thong-tin-cua-ngan-hang-tmcp-buu-dien-lien-viet.chn,cafef
2023-04-26,LPB: Nghị quyết HĐQT về ban hành Điều lệ và cử người đại diện theo pháp luật,&nbsp;Ng&acirc;n h&agrave;ng Thương mại Cổ phần Bưu điện Li&ecirc;n Việt&nbsp;th&ocirc;ng b&aacute;o&nbsp;Nghị quyết HĐQT về ban h&agrave;nh Điều lệ v&agrave; cử người đại diện theo ph&aacute;p luật&nbsp;như sau:,https://cafef.vn/du-lieu/LPB-246218/lpb-nghi-quyet-hdqt-ve-ban-hanh-dieu-le-va-cu-nguoi-dai-dien-theo-phap-luat.chn,cafef
2023-04-26,LPB: Điều lệ Ngân hàng năm 2023,&nbsp;Ng&acirc;n h&agrave;ng Thương mại Cổ phần Bưu điện Li&ecirc;n Việt&nbsp;th&ocirc;ng b&aacute;o&nbsp;Điều lệ Ng&acirc;n h&agrave;ng năm 2023&nbsp;như sau:,https://cafef.vn/du-lieu/LPB-246239/lpb-dieu-le-ngan-hang-nam-2023.chn,cafef
2023-04-25,LPB122010: Biên bản và Nghị quyết Đại hội đồng cổ đông thường niên năm 2023,Biên bản và Nghị quyết Đại hội đồng cổ đông thường niên năm 2023,https://cafef.vn/du-lieu/LPB-248357/lpb122010-bien-ban-va-nghi-quyet-dai-hoi-dong-co-dong-thuong-nien-nam-2023.chn,cafef
2023-04-25,LPB122010: Nghị quyết Hội đồng quản trị,Nghị quyết Hội đồng quản trị,https://cafef.vn/du-lieu/LPB-249002/lpb122010-nghi-quyet-hoi-dong-quan-tri.chn,cafef
2023-04-25,LPB122010: Nghị quyết Hội đồng quản trị,Nghị quyết Hội đồng quản trị,https://cafef.vn/du-lieu/LPB-249005/lpb122010-nghi-quyet-hoi-dong-quan-tri.chn,cafef
2023-04-24,LPB: Các Tờ trình tại ĐHĐCĐTN 2023,Ng&acirc;n h&agrave;ng Thương mại Cổ phần Bưu điện Li&ecirc;n Việt&nbsp;c&ocirc;ng bố c&aacute;c Tờ tr&igrave;nh tại ĐHĐCĐTN 2023 như sau:,https://cafef.vn/du-lieu/LPB-250424/lpb-cac-to-trinh-tai-dhdcdtn-2023.chn,cafef
2023-04-24,LPB: Các Tờ trình tại ĐHĐCĐTN 2023,Ng&acirc;n h&agrave;ng Thương mại Cổ phần Bưu điện Li&ecirc;n Việt&nbsp;c&ocirc;ng bố c&aacute;c Tờ tr&igrave;nh tại ĐHĐCĐTN 2023 như sau:,https://cafef.vn/du-lieu/LPB-250427/lpb-cac-to-trinh-tai-dhdcdtn-2023.chn,cafef
2023-04-24,LPB122010: Nghị quyết của Ban Kiểm soát về việc bầu các chức danh TV BKS nhiệm kỳ IV (2023-2028),Nghị quyết của Ban Kiểm soát về việc bầu các chức danh TV BKS nhiệm kỳ IV (2023-2028),https://cafef.vn/du-lieu/LPB-250745/lpb122010-nghi-quyet-cua-ban-kiem-soat-ve-viec-bau-cac-chuc-danh-tv-bks-nhiem-ky-iv-20232028.chn,cafef
2023-04-24,LPB: Biên bản họp và nghị quyết ĐHĐCĐ thường niên năm 2023,Ng&acirc;n h&agrave;ng Thương mại Cổ phần Bưu điện Li&ecirc;n Việt&nbsp;th&ocirc;ng b&aacute;o bi&ecirc;n bản v&agrave; nghị quyết ĐHĐCĐ thường ni&ecirc;n năm 2023 như sau:,https://cafef.vn/du-lieu/LPB-251588/lpb-bien-ban-hop-va-nghi-quyet-dhdcd-thuong-nien-nam-2023.chn,cafef
2023-04-21,LPB122010: Báo cáo tài chính Quý I năm 2023 và Văn bản giải trình lợi nhuận sau thuế trên báo cáo tài chính,Báo cáo tài chính Quý I năm 2023 và Văn bản giải trình lợi nhuận sau thuế trên báo cáo tài chính,https://cafef.vn/du-lieu/LPB-254777/lpb122010-bao-cao-tai-chinh-quy-i-nam-2023-va-van-ban-giai-trinh-loi-nhuan-sau-thue-tren-bao-cao-tai-chinh.chn,cafef
2023-04-20,LPB: Giải trình LNST quý 1/2023 so với cùng kỳ năm trước,Ngân hàng Thương mại Cổ phần Bưu điện Liên Việt&nbsp;giải trình LNST quý 1/2023 so với cùng kỳ năm trước như sau:,https://cafef.vn/du-lieu/LPB-255962/lpb-giai-trinh-lnst-quy-12023-so-voi-cung-ky-nam-truoc.chn,cafef
2023-04-19,LPB122010: Thông báo về việc đã công khai Báo cáo tài chính đã kiểm toán năm 2022,Thông báo về việc đã công khai Báo cáo tài chính đã kiểm toán năm 2022,https://cafef.vn/du-lieu/LPB-258086/lpb122010-thong-bao-ve-viec-da-cong-khai-bao-cao-tai-chinh-da-kiem-toan-nam-2022.chn,cafef
2023-04-19,LPB122012: Nhận hồ sơ đăng ký niêm yết chứng khoán tại Sở GDCK Hà Nội,Nhận hồ sơ đăng ký niêm yết chứng khoán tại Sở GDCK Hà Nội,https://cafef.vn/du-lieu/LPB-258323/lpb122012-nhan-ho-so-dang-ky-niem-yet-chung-khoan-tai-so-gdck-ha-noi.chn,cafef
2023-04-19,LPB122013: Nhận hồ sơ đăng ký niêm yết chứng khoán tại Sở GDCK Hà Nội,Nhận hồ sơ đăng ký niêm yết chứng khoán tại Sở GDCK Hà Nội,https://cafef.vn/du-lieu/LPB-258326/lpb122013-nhan-ho-so-dang-ky-niem-yet-chung-khoan-tai-so-gdck-ha-noi.chn,cafef
2023-04-13,LPB122010: Nghị quyết HĐQT thông qua hợp đồng lao động với người có liên quan của người nội bộ,Nghị quyết của Hội đồng Quản trị th&ocirc;ng qua hợp đồng lao động với người c&oacute; li&ecirc;n quan của người nội bộ,https://cafef.vn/du-lieu/LPB-266975/lpb122010-nghi-quyet-hdqt-thong-qua-hop-dong-lao-dong-voi-nguoi-co-lien-quan-cua-nguoi-noi-bo.chn,cafef
2023-04-13,LPB122010: Giấy ủy quyền thực hiện công bố thông tin của Ngân hàng TMCP Bưu điện Liên Việt,Giấy ủy quyền thực hiện c&ocirc;ng bố th&ocirc;ng tin của Ng&acirc;n h&agrave;ng TMCP Bưu điện Li&ecirc;n Việt,https://cafef.vn/du-lieu/LPB-266981/lpb122010-giay-uy-quyen-thuc-hien-cong-bo-thong-tin-cua-ngan-hang-tmcp-buu-dien-lien-viet.chn,cafef
2023-04-13,LPB: Nghị quyết HĐQT v/v thông qua hợp đồng lao động với người có liên quan của người nội bộ,Ng&acirc;n h&agrave;ng Thương mại Cổ phần Bưu điện Li&ecirc;n Việt&nbsp;c&ocirc;ng bố&nbsp;Nghị quyết HĐQT về việc th&ocirc;ng qua hợp đồng lao động với người c&oacute; li&ecirc;n quan của người nội bộ như sau:,https://cafef.vn/du-lieu/LPB-267512/lpb-nghi-quyet-hdqt-vv-thong-qua-hop-dong-lao-dong-voi-nguoi-co-lien-quan-cua-nguoi-noi-bo.chn,cafef
2023-04-12,LPB: Công văn của Ngân hàng Nhà nước chấp thuận thay đổi địa điểm PGD Ngũ Hành Sơn,Ng&acirc;n h&agrave;ng Thương mại Cổ phần Bưu điện Li&ecirc;n Việt th&ocirc;ng b&aacute;o C&ocirc;ng văn của Ng&acirc;n h&agrave;ng Nh&agrave; nước chấp thuận thay đổi địa điểm PGD Ngũ H&agrave;nh Sơn như sau:,https://cafef.vn/du-lieu/LPB-269465/lpb-cong-van-cua-ngan-hang-nha-nuoc-chap-thuan-thay-doi-dia-diem-pgd-ngu-hanh-son.chn,cafef
2023-04-12,LPB: Công văn của Ngân hàng Nhà nước chấp thuận thay đổi địa điểm PGD Ngũ Hành Sơn,Ng&acirc;n h&agrave;ng Thương mại Cổ phần Bưu điện Li&ecirc;n Việt th&ocirc;ng b&aacute;o C&ocirc;ng văn của Ng&acirc;n h&agrave;ng Nh&agrave; nước chấp thuận thay đổi địa điểm PGD Ngũ H&agrave;nh Sơn như sau:,https://cafef.vn/du-lieu/LPB-269468/lpb-cong-van-cua-ngan-hang-nha-nuoc-chap-thuan-thay-doi-dia-diem-pgd-ngu-hanh-son.chn,cafef
2023-04-12,LPB: Công văn của Ngân hàng Nhà nước chấp thuận thay đổi địa điểm PGD Ngũ Hành Sơn,Ng&acirc;n h&agrave;ng Thương mại Cổ phần Bưu điện Li&ecirc;n Việt th&ocirc;ng b&aacute;o C&ocirc;ng văn của Ng&acirc;n h&agrave;ng Nh&agrave; nước chấp thuận thay đổi địa điểm PGD Ngũ H&agrave;nh Sơn như sau:,https://cafef.vn/du-lieu/LPB-269471/lpb-cong-van-cua-ngan-hang-nha-nuoc-chap-thuan-thay-doi-dia-diem-pgd-ngu-hanh-son.chn,cafef
2023-04-12,LPB122010: Chấp thuận của Ngân hàng Nhà nước về việc thay đổi địa điểm Ngân hàng TMCP Bưu điện Liên Việt Chi nhánh Đà Nẵng - Phòng GD Ngũ Hành Sơn,Chấp thuận của Ng&acirc;n h&agrave;ng Nh&agrave; nước về việc thay đổi địa điểm Ng&acirc;n h&agrave;ng TMCP Bưu điện Li&ecirc;n Việt Chi nh&aacute;nh Đ&agrave; Nẵng - Ph&ograve;ng GD Ngũ H&agrave;nh Sơn,https://cafef.vn/du-lieu/LPB-269558/lpb122010-chap-thuan-cua-ngan-hang-nha-nuoc-ve-viec-thay-doi-dia-diem-ngan-hang-tmcp-buu-dien-lien-viet-chi-nhanh-da-nang-phong-gd-ngu-hanh-son.chn,cafef
2023-04-10,LPB122010: Ngày 07/04/2023 Ngân hàng TMCP Bưu điện Liên Việt nhận được công văn chấp thuận của Ngân hàng Nhà nước về việc thay đổi địa điểm Ngân hàng TMCP Bưu điện Liên Việt Chi nhánh Bình Định - Phòng GD Tam Quan,Ng&agrave;y 07/04/2023 Ng&acirc;n h&agrave;ng TMCP Bưu điện Li&ecirc;n Việt nhận được c&ocirc;ng văn chấp thuận của Ng&acirc;n h&agrave;ng Nh&agrave; nước về việc thay đổi địa điểm Ng&acirc;n h&agrave;ng TMCP Bưu điện Li&ecirc;n Việt Chi nh&aacute;nh B&igrave;nh Định - Ph&ograve;ng GD Tam Quan,https://cafef.vn/du-lieu/LPB-273485/lpb122010-ngay-07042023-ngan-hang-tmcp-buu-dien-lien-viet-nhan-duoc-cong-van-chap-thuan-cua-ngan-hang-nha-nuoc-ve-viec-thay-doi-dia-diem-ngan-hang-tmcp-buu-dien-lien-viet-chi-nhanh-binh-dinh-phong-gd-tam-quan.chn,cafef
2023-04-10,LPB: Công văn của NHNNVN chấp thuận thay đổi địa điểm chi nhánh Bình Định - PGD Tam Quan,Ng&acirc;n h&agrave;ng Thương mại Cổ phần Bưu điện Li&ecirc;n Việt th&ocirc;ng b&aacute;o c&ocirc;ng văn của NHNNVN chấp thuận thay đổi địa điểm chi nh&aacute;nh B&igrave;nh Định - PGD Tam Quan&nbsp;như sau:,https://cafef.vn/du-lieu/LPB-273626/lpb-cong-van-cua-nhnnvn-chap-thuan-thay-doi-dia-diem-chi-nhanh-binh-dinh-pgd-tam-quan.chn,cafef
2023-04-03,LPB: Tổ chức ĐHĐCĐ thường niên năm 2023,Ng&acirc;n h&agrave;ng Thương mại Cổ phần Bưu điện Li&ecirc;n Việt&nbsp;th&ocirc;ng b&aacute;o&nbsp;tổ chức ĐHĐCĐ thường ni&ecirc;n năm 2023 như sau:,https://cafef.vn/du-lieu/LPB-285728/lpb-to-chuc-dhdcd-thuong-nien-nam-2023.chn,cafef
2023-04-03,LPB122010: Tài liệu họp Đại hội đồng cổ đông,T&agrave;i liệu họp Đại hội đồng cổ đ&ocirc;ng,https://cafef.vn/du-lieu/LPB-285950/lpb122010-tai-lieu-hop-dai-hoi-dong-co-dong.chn,cafef
2023-04-03,LPB122010: Quyết định của HĐQT thông qua hợp đồng lao động giữa Ngân hàng TMCP Bưu điện Liên Việt với Người có liên quan của Người nội bộ,Quyết định của HĐQT th&ocirc;ng qua hợp đồng lao động giữa Ng&acirc;n h&agrave;ng TMCP Bưu điện Li&ecirc;n Việt với Người c&oacute; li&ecirc;n quan của Người nội bộ,https://cafef.vn/du-lieu/LPB-286229/lpb122010-quyet-dinh-cua-hdqt-thong-qua-hop-dong-lao-dong-giua-ngan-hang-tmcp-buu-dien-lien-viet-voi-nguoi-co-lien-quan-cua-nguoi-noi-bo.chn,cafef
2023-04-03,LPB122010: Thông báo về việc lưu ký tập trung trái phiếu LPB7Y202201 và LPB10Y202202,Th&ocirc;ng b&aacute;o về việc lưu k&yacute; tập trung tr&aacute;i phiếu LPB7Y202201 v&agrave; LPB10Y202202,https://cafef.vn/du-lieu/LPB-286265/lpb122010-thong-bao-ve-viec-luu-ky-tap-trung-trai-phieu-lpb7y202201-va-lpb10y202202.chn,cafef
2023-03-31,LPB: Thông báo v/v đại diện người sở hữu trái phiếu LPB7Y202201,Ng&acirc;n h&agrave;ng Thương mại Cổ phần Bưu điện Li&ecirc;n Việt th&ocirc;ng b&aacute;o về việc đại diện người sở hữu tr&aacute;i phiếu LPB7Y202201 như sau:&nbsp;,https://cafef.vn/du-lieu/LPB-288248/lpb-thong-bao-vv-dai-dien-nguoi-so-huu-trai-phieu-lpb7y202201.chn,cafef
2023-03-31,LPB: Thông báo v/v đại diện người sở hữu trái phiếu LPB7Y202202,Ng&acirc;n h&agrave;ng Thương mại Cổ phần Bưu điện Li&ecirc;n Việt th&ocirc;ng b&aacute;o về việc đại diện người sở hữu tr&aacute;i phiếu LPB7Y202202 như sau:,https://cafef.vn/du-lieu/LPB-288284/lpb-thong-bao-vv-dai-dien-nguoi-so-huu-trai-phieu-lpb7y202202.chn,cafef
2023-03-31,LPB: Giải trình chênh lệch lợi nhuận sau thuế năm 2022 kiểm toán so với năm 2021,Ng&acirc;n h&agrave;ng Thương mại Cổ phần Bưu điện Li&ecirc;n Việt&nbsp;c&ocirc;ng bố giải tr&igrave;nh&nbsp;ch&ecirc;nh lệch lợi nhuận sau thuế năm 2022 kiểm to&aacute;n so với năm 2021 như sau:,https://cafef.vn/du-lieu/LPB-288731/lpb-giai-trinh-chenh-lech-loi-nhuan-sau-thue-nam-2022-kiem-toan-so-voi-nam-2021.chn,cafef
2023-03-30,"LPB122010: Thông báo Chốt danh sách Người Sở Hữu Trái Phiếu LPB7Y202201 và LPB10Y202202 để làm thủ tục đăng ký, lưu ký, niêm yết trái phiếu","Th&ocirc;ng b&aacute;o Chốt danh s&aacute;ch Người Sở Hữu Tr&aacute;i Phiếu LPB7Y202201 v&agrave; LPB10Y202202 để l&agrave;m thủ tục đăng k&yacute;, lưu k&yacute;, ni&ecirc;m yết tr&aacute;i phiếu",https://cafef.vn/du-lieu/LPB-291077/lpb122010-thong-bao-chot-danh-sach-nguoi-so-huu-trai-phieu-lpb7y202201-va-lpb10y202202-de-lam-thu-tuc-dang-ky-luu-ky-niem-yet-trai-phieu.chn,cafef
2023-03-29,"LPB122010: Quyết định HĐQT thông qua hợp đồng, giao dịch giữa Ngân hàng TMCP Bưu điện Liên Việt với Người có liên quan của Người nội bộ (Tổng công ty CP Bảo hiểm Xuân Thành)","Quyết định của HĐQT th&ocirc;ng qua hợp đồng, giao dịch giữa Ng&acirc;n h&agrave;ng TMCP Bưu điện Li&ecirc;n Việt với Người c&oacute; li&ecirc;n quan của Người nội bộ (Tổng c&ocirc;ng ty CP Bảo hiểm Xu&acirc;n Th&agrave;nh)",https://cafef.vn/du-lieu/LPB-292829/lpb122010-quyet-dinh-hdqt-thong-qua-hop-dong-giao-dich-giua-ngan-hang-tmcp-buu-dien-lien-viet-voi-nguoi-co-lien-quan-cua-nguoi-noi-bo-tong-cong-ty-cp-bao-hiem-xuan-thanh.chn,cafef
2023-03-28,"LPB: Nghị quyết HĐQT v/v thông qua hợp đồng, giao dịch với người có liên quan của người nội bộ","Ng&acirc;n h&agrave;ng Thương mại Cổ phần Bưu điện Li&ecirc;n Việt&nbsp;th&ocirc;ng b&aacute;o&nbsp;Nghị quyết HĐQT về việc th&ocirc;ng qua hợp đồng, giao dịch với người c&oacute; li&ecirc;n quan của người nội bộ như sau:",https://cafef.vn/du-lieu/LPB-294527/lpb-nghi-quyet-hdqt-vv-thong-qua-hop-dong-giao-dich-voi-nguoi-co-lien-quan-cua-nguoi-noi-bo.chn,cafef
2023-03-20,LPB122010: Bổ nhiệm ông Kim Minh Tuấn giữ chức người công bố thông tin từ 17/03/2023,Thay đổi người c&ocirc;ng bố th&ocirc;ng tin,https://cafef.vn/du-lieu/LPB-303434/lpb122010-bo-nhiem-ong-kim-minh-tuan-giu-chuc-nguoi-cong-bo-thong-tin-tu-17032023.chn,cafef
2023-02-20,LPB122011: Thông báo lãi suất trái phiếu LPB7Y202103 (LPB122010) và LPB10Y202104 (LPB122011) của kỳ tính lãi thứ hai,Thông báo lãi suất trái phiếu LPB7Y202103 (LPB122010) và LPB10Y202104 (LPB122011) của kỳ tính lãi thứ hai,https://cafef.vn/du-lieu/LPB-320600/lpb122011-thong-bao-lai-suat-trai-phieu-lpb7y202103-lpb122010-va-lpb10y202104-lpb122011-cua-ky-tinh-lai-thu-hai.chn,cafef
2023-02-20,LPB122010: Thông báo lãi suất trái phiếu LPB7Y202103 (LPB122010) và LPB10Y202104 (LPB122011) của kỳ tính lãi thứ hai,Thông báo lãi suất trái phiếu LPB7Y202103 (LPB122010) và LPB10Y202104 (LPB122011) của kỳ tính lãi thứ hai,https://cafef.vn/du-lieu/LPB-320603/lpb122010-thong-bao-lai-suat-trai-phieu-lpb7y202103-lpb122010-va-lpb10y202104-lpb122011-cua-ky-tinh-lai-thu-hai.chn,cafef
2023-02-20,LPB: Thông báo lãi suất Trái phiếu LPB122010 và LPB122011 của kỳ tính lãi thứ hai,Ngân hàng Thương mại Cổ phần Bưu điện Liên Việt&nbsp;thông báo lãi suất Trái phiếu LPB122010 và LPB122011 của kỳ tính lãi thứ hai như sau:,https://cafef.vn/du-lieu/LPB-320987/lpb-thong-bao-lai-suat-trai-phieu-lpb122010-va-lpb122011-cua-ky-tinh-lai-thu-hai.chn,cafef
2023-02-14,"LPB: 22.2.2023, ngày GDKHQ thực hiện quyền đề cử nhân sự và tham dự ĐHĐCĐ thường niên năm 2023","Sở Giao dịch Chứng khoán TP.HCM thông báo về ngày đăng ký cuối cùng để thực hiện quyền đề cử, ứng cử thành viên HĐQT, thành viên BKS nhiệm kỷ 2023-2028 và tham dự ĐHĐCĐ thường niên năm 2023 của&nbsp;Ngân hàng Thương mại Cổ phần Bưu điện Liên Việt (mã CK: LPB) như sau:",https://cafef.vn/du-lieu/LPB-323315/lpb-2222023-ngay-gdkhq-thuc-hien-quyen-de-cu-nhan-su-va-tham-du-dhdcd-thuong-nien-nam-2023.chn,cafef
2023-02-10,LPB122011: Thông báo về ngày đăng ký cuối cùng và xác nhận danh sách người sở hữu chứng khoán,Thông báo về ngày đăng ký cuối cùng và xác nhận danh sách người sở hữu chứng khoán,https://cafef.vn/du-lieu/LPB-324764/lpb122011-thong-bao-ve-ngay-dang-ky-cuoi-cung-va-xac-nhan-danh-sach-nguoi-so-huu-chung-khoan.chn,cafef
2023-02-10,LPB122010: Thông báo về ngày đăng ký cuối cùng và xác nhận danh sách người sở hữu chứng khoán,Thông báo về ngày đăng ký cuối cùng và xác nhận danh sách người sở hữu chứng khoán,https://cafef.vn/du-lieu/LPB-324770/lpb122010-thong-bao-ve-ngay-dang-ky-cuoi-cung-va-xac-nhan-danh-sach-nguoi-so-huu-chung-khoan.chn,cafef
2023-02-08,LPB122011: Thông báo về ngày ĐKCC để thực hiện quyền nhận thanh toán lãi Kỳ tính lãi thứ nhất của Trái phiếu LPB122011 (gửi lại),Thông báo về ngày đăng ký cuối cùng để thực hiện quyền nhận thanh toán lãi Kỳ tính lãi thứ nhất của Trái phiếu LPB122011 (gửi lại),https://cafef.vn/du-lieu/LPB-326045/lpb122011-thong-bao-ve-ngay-dkcc-de-thuc-hien-quyen-nhan-thanh-toan-lai-ky-tinh-lai-thu-nhat-cua-trai-phieu-lpb122011-gui-lai.chn,cafef
2023-02-07,LPB122010: Công văn của NNNN v/v chấp thuận đề nghị chuyển nhượng cổ phần của cổ đông lớn,Ngân hàng TMCP Bưu điện Liên Việt nhận được công văn của NNNN về việc chấp thuận đề nghị chuyển nhượng cổ phần của cổ đông lớn,https://cafef.vn/du-lieu/LPB-326840/lpb122010-cong-van-cua-nnnn-vv-chap-thuan-de-nghi-chuyen-nhuong-co-phan-cua-co-dong-lon.chn,cafef
2023-02-06,LPB: Công văn của Ngân hàng Nhà nước chấp thuận đề nghị chuyển nhượng cổ phần của CĐL,Ngân hàng Thương mại Cổ phần Bưu điện Liên Việt thông báo công văn của Ngân hàng Nhà nước chấp thuận đề nghị chuyển nhượng cổ phần của CĐL như sau:,https://cafef.vn/du-lieu/LPB-327074/lpb-cong-van-cua-ngan-hang-nha-nuoc-chap-thuan-de-nghi-chuyen-nhuong-co-phan-cua-cdl.chn,cafef
2023-02-06,LPB: Thông báo lãi suất trái phiếu cho kỳ thanh toán lãi 01,Ngân hàng Thương mại Cổ phần Bưu điện Liên Việt&nbsp;thông báo&nbsp;&nbsp;lãi suất trái phiếu cho kỳ thanh toán lãi 01 như sau:,https://cafef.vn/du-lieu/LPB-327134/lpb-thong-bao-lai-suat-trai-phieu-cho-ky-thanh-toan-lai-01.chn,cafef
2023-02-06,LPB122010: Thông báo về ngày ĐKCC để thực hiện quyền nhận thanh toán lãi Kỳ tính lãi thứ nhất của Trái phiếu LPB122010,Thông báo về ngày đăng ký cuối cùng để thực hiện quyền nhận thanh toán lãi Kỳ tính lãi thứ nhất của Trái phiếu LPB122010,https://cafef.vn/du-lieu/LPB-327260/lpb122010-thong-bao-ve-ngay-dkcc-de-thuc-hien-quyen-nhan-thanh-toan-lai-ky-tinh-lai-thu-nhat-cua-trai-phieu-lpb122010.chn,cafef
2023-02-06,LPB122010: Thông báo về lãi suất Kỳ Tính Lãi thứ 01 của Trái phiếu LPB122010,Thông báo về lãi suất Kỳ Tính Lãi thứ 01 của Trái phiếu LPB122010,https://cafef.vn/du-lieu/LPB-327263/lpb122010-thong-bao-ve-lai-suat-ky-tinh-lai-thu-01-cua-trai-phieu-lpb122010.chn,cafef
2023-02-06,LPB122011: Thông báo về lãi suất Kỳ Tính Lãi thứ 01 của Trái phiếu LPB122011,Thông báo về lãi suất Kỳ Tính Lãi thứ 01 của Trái phiếu LPB122011,https://cafef.vn/du-lieu/LPB-327266/lpb122011-thong-bao-ve-lai-suat-ky-tinh-lai-thu-01-cua-trai-phieu-lpb122011.chn,cafef
2023-02-03,LPB122010: Nghị quyết về Ngày ĐKCC để thực hiện quyền cho cổ đông Ngân hàng TMCP Bưu điện Liên Việt,Nghị quyết về Ngày đăng ký cuối cùng để thực hiện quyền cho cổ đông Ngân hàng TMCP Bưu điện Liên Việt,https://cafef.vn/du-lieu/LPB-328001/lpb122010-nghi-quyet-ve-ngay-dkcc-de-thuc-hien-quyen-cho-co-dong-ngan-hang-tmcp-buu-dien-lien-viet.chn,cafef
2023-02-03,LPB: Nghị quyết HĐQT về ngày ĐKCC thực hiện quyền cho cổ đông,&nbsp;Ng&acirc;n h&agrave;ng Thương mại Cổ phần Bưu điện Li&ecirc;n Việt&nbsp;th&ocirc;ng b&aacute;o&nbsp;Nghị quyết HĐQT về ng&agrave;y ĐKCC thực hiện quyền cho cổ đ&ocirc;ng như sau:,https://cafef.vn/du-lieu/LPB-328130/lpb-nghi-quyet-hdqt-ve-ngay-dkcc-thuc-hien-quyen-cho-co-dong.chn,cafef
2023-02-02,LPB122010: Báo cáo kết quả mua lại trước hạn trái phiếu phát hành ra công chúng mã LPB7Y202003,Báo cáo kết quả mua lại trước hạn trái phiếu phát hành ra công chúng mã LPB7Y202003,https://cafef.vn/du-lieu/LPB-328565/lpb122010-bao-cao-ket-qua-mua-lai-truoc-han-trai-phieu-phat-hanh-ra-cong-chung-ma-lpb7y202003.chn,cafef
2023-02-01,LPB: Báo cáo kết quả mua lại trước hạn trái phiếu phát hành ra công chúng,Ngân hàng Thương mại Cổ phần Bưu điện Liên Việt công bố&nbsp;Báo cáo kết quả mua lại trước hạn trái phiếu phát hành ra công chúng như sau:,https://cafef.vn/du-lieu/LPB-329171/lpb-bao-cao-ket-qua-mua-lai-truoc-han-trai-phieu-phat-hanh-ra-cong-chung.chn,cafef
2023-02-01,LPB121036: Báo cáo quản trị công ty năm 2022,B&aacute;o c&aacute;o quản trị c&ocirc;ng ty năm 2022,https://cafef.vn/du-lieu/LPB-329723/lpb121036-bao-cao-quan-tri-cong-ty-nam-2022.chn,cafef
2023-02-01,LPB122011: Báo cáo quản trị công ty năm 2022,B&aacute;o c&aacute;o quản trị c&ocirc;ng ty năm 2022,https://cafef.vn/du-lieu/LPB-329729/lpb122011-bao-cao-quan-tri-cong-ty-nam-2022.chn,cafef
2023-02-01,LPB122010: Báo cáo quản trị công ty năm 2022,B&aacute;o c&aacute;o quản trị c&ocirc;ng ty năm 2022,https://cafef.vn/du-lieu/LPB-329777/lpb122010-bao-cao-quan-tri-cong-ty-nam-2022.chn,cafef
2023-01-31,LPB121035: Báo cáo quản trị công ty năm 2022,B&aacute;o c&aacute;o quản trị c&ocirc;ng ty năm 2022,https://cafef.vn/du-lieu/LPB-330257/lpb121035-bao-cao-quan-tri-cong-ty-nam-2022.chn,cafef
2023-01-30,"LPB121035: Báo cáo Định kỳ tình hình thanh toán gốc, lãi trái phiếu doanh nghiệp năm 2022","Báo cáo Định kỳ tình hình thanh toán gốc, lãi trái phiếu doanh nghiệp năm 2022",https://cafef.vn/du-lieu/LPB-332405/lpb121035-bao-cao-dinh-ky-tinh-hinh-thanh-toan-goc-lai-trai-phieu-doanh-nghiep-nam-2022.chn,cafef
2023-01-30,"LPB121036: Báo cáo Định kỳ tình hình thanh toán gốc, lãi trái phiếu doanh nghiệp năm 2022","Báo cáo Định kỳ tình hình thanh toán gốc, lãi trái phiếu doanh nghiệp năm 2022",https://cafef.vn/du-lieu/LPB-332408/lpb121036-bao-cao-dinh-ky-tinh-hinh-thanh-toan-goc-lai-trai-phieu-doanh-nghiep-nam-2022.chn,cafef
2023-01-30,"LPB122011: Báo cáo Định kỳ tình hình thanh toán gốc, lãi trái phiếu doanh nghiệp năm 2022","Báo cáo Định kỳ tình hình thanh toán gốc, lãi trái phiếu doanh nghiệp năm 2022",https://cafef.vn/du-lieu/LPB-332411/lpb122011-bao-cao-dinh-ky-tinh-hinh-thanh-toan-goc-lai-trai-phieu-doanh-nghiep-nam-2022.chn,cafef
2023-01-30,"LPB122010: Báo cáo Định kỳ tình hình thanh toán gốc, lãi trái phiếu doanh nghiệp năm 2022","Báo cáo Định kỳ tình hình thanh toán gốc, lãi trái phiếu doanh nghiệp năm 2022",https://cafef.vn/du-lieu/LPB-332465/lpb122010-bao-cao-dinh-ky-tinh-hinh-thanh-toan-goc-lai-trai-phieu-doanh-nghiep-nam-2022.chn,cafef
2023-01-30,LPB: Báo cáo tình hình quản trị công ty năm 2022,Ng&acirc;n h&agrave;ng Thương mại Cổ phần Bưu điện Li&ecirc;n Việt&nbsp;c&ocirc;ng bố&nbsp;B&aacute;o c&aacute;o t&igrave;nh h&igrave;nh quản trị c&ocirc;ng ty năm 2022&nbsp;như sau:,https://cafef.vn/du-lieu/LPB-332639/lpb-bao-cao-tinh-hinh-quan-tri-cong-ty-nam-2022.chn,cafef
2023-01-30,"LPB: Báo cáo định kỳ tình hình thanh toán gốc, lãi trái phiếu doanh nghiệp","Ngân hàng Thương mại Cổ phần Bưu điện Liên Việt&nbsp;công bố báo cáo định kỳ tình hình thanh toán gốc, lãi trái phiếu doanh nghiệp như sau:",https://cafef.vn/du-lieu/LPB-332804/lpb-bao-cao-dinh-ky-tinh-hinh-thanh-toan-goc-lai-trai-phieu-doanh-nghiep.chn,cafef
2023-01-19,LPB: CBTT về việc UBCKNN đã nhận đầy đủ tài liệu BCKQ chào bán TP,Ngân hàng Thương mại Cổ phần Bưu điện Liên Việt&nbsp;CBTT về việc UBCKNN đã nhận đầy đủ tài liệu BCKQ chào bán TP như sau:,https://cafef.vn/du-lieu/LPB-334538/lpb-cbtt-ve-viec-ubcknn-da-nhan-day-du-tai-lieu-bckq-chao-ban-tp.chn,cafef
2023-01-19,LPB121036: Quyết định sửa đổi nội dung về mức vốn điều lệ tại Điều lệ của Ngân hàng TMCP Bưu điện Liên Việt,Quyết định sửa đổi nội dung về mức vốn điều lệ tại Điều lệ của Ngân hàng TMCP Bưu điện Liên Việt,https://cafef.vn/du-lieu/LPB-334598/lpb121036-quyet-dinh-sua-doi-noi-dung-ve-muc-von-dieu-le-tai-dieu-le-cua-ngan-hang-tmcp-buu-dien-lien-viet.chn,cafef
2023-01-19,LPB121035: Quyết định sửa đổi nội dung về mức vốn điều lệ tại Điều lệ của Ngân hàng TMCP Bưu điện Liên Việt,Quyết định sửa đổi nội dung về mức vốn điều lệ tại Điều lệ của Ngân hàng TMCP Bưu điện Liên Việt,https://cafef.vn/du-lieu/LPB-334619/lpb121035-quyet-dinh-sua-doi-noi-dung-ve-muc-von-dieu-le-tai-dieu-le-cua-ngan-hang-tmcp-buu-dien-lien-viet.chn,cafef
2023-01-19,LPB122011: Quyết định sửa đổi nội dung về mức vốn điều lệ tại Điều lệ của Ngân hàng TMCP Bưu điện Liên Việt,Quyết định sửa đổi nội dung về mức vốn điều lệ tại Điều lệ của Ngân hàng TMCP Bưu điện Liên Việt,https://cafef.vn/du-lieu/LPB-334625/lpb122011-quyet-dinh-sua-doi-noi-dung-ve-muc-von-dieu-le-tai-dieu-le-cua-ngan-hang-tmcp-buu-dien-lien-viet.chn,cafef
2023-01-19,LPB122010: Quyết định sửa đổi nội dung về mức vốn điều lệ tại Điều lệ của Ngân hàng TMCP Bưu điện Liên Việt,Quyết định sửa đổi nội dung về mức vốn điều lệ tại Điều lệ của Ngân hàng TMCP Bưu điện Liên Việt,https://cafef.vn/du-lieu/LPB-334682/lpb122010-quyet-dinh-sua-doi-noi-dung-ve-muc-von-dieu-le-tai-dieu-le-cua-ngan-hang-tmcp-buu-dien-lien-viet.chn,cafef
2023-01-19,LPB122010: Báo cáo tài chính Quý IV năm 2022 của Ngân hàng TMCP Bưu điện Liên Việt,Báo cáo tài chính Quý IV năm 2022 của Ngân hàng TMCP Bưu điện Liên Việt,https://cafef.vn/du-lieu/LPB-334685/lpb122010-bao-cao-tai-chinh-quy-iv-nam-2022-cua-ngan-hang-tmcp-buu-dien-lien-viet.chn,cafef
2023-01-19,LPB122010: UBCKNN đã nhận đủ hồ sơ báo cáo kết quả chào bán trái phiếu ra công chúng Đợt 1 của LienVietPostBank,UBCKNN đã nhận đủ hồ sơ báo cáo kết quả chào bán trái phiếu ra công chúng Đợt 1 của LienVietPostBank,https://cafef.vn/du-lieu/LPB-334688/lpb122010-ubcknn-da-nhan-du-ho-so-bao-cao-ket-qua-chao-ban-trai-phieu-ra-cong-chung-dot-1-cua-lienvietpostbank.chn,cafef
2023-01-18,LPB: Quyết định sửa đổi nội dung về mức VĐL tại Điều lệ,Ngân hàng Thương mại Cổ phần Bưu điện Liên Việt&nbsp;thông báo quyết định sửa đổi nội dung về mức VĐL tại Điều lệ như sau:,https://cafef.vn/du-lieu/LPB-335576/lpb-quyet-dinh-sua-doi-noi-dung-ve-muc-vdl-tai-dieu-le.chn,cafef
2023-01-13,LPB121036: Thay đổi giấy đăng ký kinh doanh,Thay đổi giấy đăng ký kinh doanh,https://cafef.vn/du-lieu/LPB-338597/lpb121036-thay-doi-giay-dang-ky-kinh-doanh.chn,cafef
2023-01-13,LPB121035: Thay đổi giấy đăng ký kinh doanh,Thay đổi giấy đăng ký kinh doanh,https://cafef.vn/du-lieu/LPB-338885/lpb121035-thay-doi-giay-dang-ky-kinh-doanh.chn,cafef
2023-01-13,LPB122011: Thay đổi giấy đăng ký kinh doanh,Thay đổi giấy đăng ký kinh doanh,https://cafef.vn/du-lieu/LPB-338894/lpb122011-thay-doi-giay-dang-ky-kinh-doanh.chn,cafef
2023-01-13,LPB122010: Thay đổi giấy đăng ký kinh doanh,Thay đổi giấy đăng ký kinh doanh,https://cafef.vn/du-lieu/LPB-338897/lpb122010-thay-doi-giay-dang-ky-kinh-doanh.chn,cafef
2023-01-13,LPB: Giấy chứng nhận đăng ký doanh nghiệp thay đổi lần thứ 24,Ngân hàng Thương mại Cổ phần Bưu điện Liên Việt&nbsp;thông báo&nbsp;Giấy chứng nhận đăng ký doanh nghiệp thay đổi lần thứ 24 như sau:,https://cafef.vn/du-lieu/LPB-338933/lpb-giay-chung-nhan-dang-ky-doanh-nghiep-thay-doi-lan-thu-24.chn,cafef
2023-01-11,LPB: CBTT báo cáo kết quả chào bán trái phiếu đợt 1,Ngân hàng Thương mại Cổ phần Bưu điện Liên Việt&nbsp;CBTT báo cáo kết quả chào bán trái phiếu đợt 1 như sau:,https://cafef.vn/du-lieu/LPB-340085/lpb-cbtt-bao-cao-ket-qua-chao-ban-trai-phieu-dot-1.chn,cafef
2023-01-11,LPB121035: Báo cáo Kết quả đợt chào bán trái phiếu ra công chúng (Đợt 1) - mã LPB7Y202201 và LPB10Y202202,Báo cáo Kết quả đợt chào bán trái phiếu ra công chúng (Đợt 1) - mã LPB7Y202201 và LPB10Y202202,https://cafef.vn/du-lieu/LPB-340133/lpb121035-bao-cao-ket-qua-dot-chao-ban-trai-phieu-ra-cong-chung-dot-1-ma-lpb7y202201-va-lpb10y202202.chn,cafef
2023-01-11,LPB121036: Báo cáo Kết quả đợt chào bán trái phiếu ra công chúng (Đợt 1) - mã LPB7Y202201 và LPB10Y202202,Báo cáo Kết quả đợt chào bán trái phiếu ra công chúng (Đợt 1) - mã LPB7Y202201 và LPB10Y202202,https://cafef.vn/du-lieu/LPB-340136/lpb121036-bao-cao-ket-qua-dot-chao-ban-trai-phieu-ra-cong-chung-dot-1-ma-lpb7y202201-va-lpb10y202202.chn,cafef
2023-01-11,LPB122011: Báo cáo Kết quả đợt chào bán trái phiếu ra công chúng (Đợt 1) - mã LPB7Y202201 và LPB10Y202202,Báo cáo Kết quả đợt chào bán trái phiếu ra công chúng (Đợt 1) - mã LPB7Y202201 và LPB10Y202202,https://cafef.vn/du-lieu/LPB-340148/lpb122011-bao-cao-ket-qua-dot-chao-ban-trai-phieu-ra-cong-chung-dot-1-ma-lpb7y202201-va-lpb10y202202.chn,cafef
2023-01-11,LPB122010: Báo cáo Kết quả đợt chào bán trái phiếu ra công chúng (Đợt 1) - mã LPB7Y202201 và LPB10Y202202,Báo cáo Kết quả đợt chào bán trái phiếu ra công chúng (Đợt 1) - mã LPB7Y202201 và LPB10Y202202,https://cafef.vn/du-lieu/LPB-340169/lpb122010-bao-cao-ket-qua-dot-chao-ban-trai-phieu-ra-cong-chung-dot-1-ma-lpb7y202201-va-lpb10y202202.chn,cafef
2023-01-05,LPB: CBTT giấy chứng nhận ĐKKD lần thứ 23,Ngân hàng Thương mại Cổ phần Bưu điện Liên Việt CBTT giấy chứng nhận ĐKKD lần thứ 23 như sau:,https://cafef.vn/du-lieu/LPB-342275/lpb-cbtt-giay-chung-nhan-dkkd-lan-thu-23.chn,cafef
2023-01-05,LPB121036: Thay đổi giấy đăng ký kinh doanh,Thay đổi giấy đăng ký kinh doanh,https://cafef.vn/du-lieu/LPB-342311/lpb121036-thay-doi-giay-dang-ky-kinh-doanh.chn,cafef
2023-01-05,LPB121035: Thay đổi giấy đăng ký kinh doanh,Thay đổi giấy đăng ký kinh doanh,https://cafef.vn/du-lieu/LPB-342314/lpb121035-thay-doi-giay-dang-ky-kinh-doanh.chn,cafef
2023-01-05,LPB122011: Thay đổi giấy đăng ký kinh doanh,Thay đổi giấy đăng ký kinh doanh,https://cafef.vn/du-lieu/LPB-342317/lpb122011-thay-doi-giay-dang-ky-kinh-doanh.chn,cafef
2023-01-05,LPB122010: Thay đổi giấy đăng ký kinh doanh,Thay đổi giấy đăng ký kinh doanh,https://cafef.vn/du-lieu/LPB-342320/lpb122010-thay-doi-giay-dang-ky-kinh-doanh.chn,cafef
2023-01-03,LPB121035: Báo cáo kết quả mua lại trước hạn trái phiếu phát hành ra công chúng mã LPB7Y202002,Báo cáo kết quả mua lại trước hạn trái phiếu phát hành ra công chúng mã LPB7Y202002,https://cafef.vn/du-lieu/LPB-343496/lpb121035-bao-cao-ket-qua-mua-lai-truoc-han-trai-phieu-phat-hanh-ra-cong-chung-ma-lpb7y202002.chn,cafef
2023-01-03,LPB121036: Báo cáo kết quả mua lại trước hạn trái phiếu phát hành ra công chúng mã LPB7Y202002,Báo cáo kết quả mua lại trước hạn trái phiếu phát hành ra công chúng mã LPB7Y202002,https://cafef.vn/du-lieu/LPB-343499/lpb121036-bao-cao-ket-qua-mua-lai-truoc-han-trai-phieu-phat-hanh-ra-cong-chung-ma-lpb7y202002.chn,cafef
2023-01-03,LPB122011: Báo cáo kết quả mua lại trước hạn trái phiếu phát hành ra công chúng mã LPB7Y202002,Báo cáo kết quả mua lại trước hạn trái phiếu phát hành ra công chúng mã LPB7Y202002,https://cafef.vn/du-lieu/LPB-343505/lpb122011-bao-cao-ket-qua-mua-lai-truoc-han-trai-phieu-phat-hanh-ra-cong-chung-ma-lpb7y202002.chn,cafef
2023-01-03,LPB122010: Báo cáo kết quả mua lại trước hạn trái phiếu phát hành ra công chúng mã LPB7Y202002,Báo cáo kết quả mua lại trước hạn trái phiếu phát hành ra công chúng mã LPB7Y202002,https://cafef.vn/du-lieu/LPB-343511/lpb122010-bao-cao-ket-qua-mua-lai-truoc-han-trai-phieu-phat-hanh-ra-cong-chung-ma-lpb7y202002.chn,cafef
2023-01-03,LPB: Báo cáo kết quả mua lại trái phiếu trước hạn,Ngân hàng Thương mại Cổ phần Bưu điện Liên Việt công bố báo cáo kết quả mua lại trái phiếu trước hạn&nbsp;như sau:,https://cafef.vn/du-lieu/LPB-343589/lpb-bao-cao-ket-qua-mua-lai-trai-phieu-truoc-han.chn,cafef
2022-12-29,LPB122010: (Bổ sung) Ký hợp đồng dịch vụ kiểm toán báo cáo tài chính năm 2022,(Bổ sung) Ký hợp đồng dịch vụ kiểm toán báo cáo tài chính năm 2022,https://cafef.vn/du-lieu/LPB-345146/lpb122010-bo-sung-ky-hop-dong-dich-vu-kiem-toan-bao-cao-tai-chinh-nam-2022.chn,cafef
2022-12-29,LPB121035: Công bố thông tin về đợt mua lại trái phiếu mã LPB7Y202003,Công bố thông tin về đợt mua lại trái phiếu mã LPB7Y202003,https://cafef.vn/du-lieu/LPB-345221/lpb121035-cong-bo-thong-tin-ve-dot-mua-lai-trai-phieu-ma-lpb7y202003.chn,cafef
2022-12-29,LPB121035: Nghị quyết HĐQT Phê duyệt Phương án mua lại trước hạn trái phiếu mã LPB7Y202003,Nghị quyết HĐQT Phê duyệt Phương án mua lại trước hạn trái phiếu mã LPB7Y202003,https://cafef.vn/du-lieu/LPB-345227/lpb121035-nghi-quyet-hdqt-phe-duyet-phuong-an-mua-lai-truoc-han-trai-phieu-ma-lpb7y202003.chn,cafef
2022-12-29,LPB121036: Công bố thông tin về đợt mua lại trái phiếu mã LPB7Y202003,Công bố thông tin về đợt mua lại trái phiếu mã LPB7Y202003,https://cafef.vn/du-lieu/LPB-345230/lpb121036-cong-bo-thong-tin-ve-dot-mua-lai-trai-phieu-ma-lpb7y202003.chn,cafef
2022-12-29,LPB121036: Nghị quyết HĐQT Phê duyệt Phương án mua lại trước hạn trái phiếu mã LPB7Y202003,Nghị quyết HĐQT Phê duyệt Phương án mua lại trước hạn trái phiếu mã LPB7Y202003,https://cafef.vn/du-lieu/LPB-345233/lpb121036-nghi-quyet-hdqt-phe-duyet-phuong-an-mua-lai-truoc-han-trai-phieu-ma-lpb7y202003.chn,cafef
2022-12-29,LPB122011: Công bố thông tin về đợt mua lại trái phiếu mã LPB7Y202003,Công bố thông tin về đợt mua lại trái phiếu mã LPB7Y202003,https://cafef.vn/du-lieu/LPB-345239/lpb122011-cong-bo-thong-tin-ve-dot-mua-lai-trai-phieu-ma-lpb7y202003.chn,cafef
2022-12-29,LPB122011: Nghị quyết HĐQT Phê duyệt Phương án mua lại trước hạn trái phiếu mã LPB7Y202003,Nghị quyết HĐQT Phê duyệt Phương án mua lại trước hạn trái phiếu mã LPB7Y202003,https://cafef.vn/du-lieu/LPB-345245/lpb122011-nghi-quyet-hdqt-phe-duyet-phuong-an-mua-lai-truoc-han-trai-phieu-ma-lpb7y202003.chn,cafef
2022-12-29,LPB122010: Công bố thông tin về đợt mua lại trái phiếu mã LPB7Y202003,Công bố thông tin về đợt mua lại trái phiếu mã LPB7Y202003,https://cafef.vn/du-lieu/LPB-345257/lpb122010-cong-bo-thong-tin-ve-dot-mua-lai-trai-phieu-ma-lpb7y202003.chn,cafef
2022-12-29,LPB122010: Nghị quyết HĐQT Phê duyệt Phương án mua lại trước hạn trái phiếu phát hành ra công chúng mã LPB7Y202003,Nghị quyết HĐQT Phê duyệt Phương án mua lại trước hạn trái phiếu phát hành ra công chúng mã LPB7Y202003,https://cafef.vn/du-lieu/LPB-345269/lpb122010-nghi-quyet-hdqt-phe-duyet-phuong-an-mua-lai-truoc-han-trai-phieu-phat-hanh-ra-cong-chung-ma-lpb7y202003.chn,cafef
2022-12-28,LPB: Nghị quyết HĐQT v/v phê duyệt phương án mua lại trước hạn trái phiếu LPB7Y202003,Ng&acirc;n h&agrave;ng Thương mại Cổ phần Bưu điện Li&ecirc;n Việt th&ocirc;ng b&aacute;o Nghị quyết HĐQT về việc ph&ecirc; duyệt phương &aacute;n mua lại trước hạn tr&aacute;i phiếu LPB7Y202003 như sau:,https://cafef.vn/du-lieu/LPB-345773/lpb-nghi-quyet-hdqt-vv-phe-duyet-phuong-an-mua-lai-truoc-han-trai-phieu-lpb7y202003.chn,cafef
2022-12-22,LPB: Lãi suất trái phiếu cho kỳ tính lãi thứ hai,Ngân hàng Thương mại Cổ phần Bưu điện Liên Việt thông báo&nbsp;lãi suất trái phiếu cho kỳ tính lãi thứ hai như sau:,https://cafef.vn/du-lieu/LPB-348416/lpb-lai-suat-trai-phieu-cho-ky-tinh-lai-thu-hai.chn,cafef
2022-12-20,LPB121036: Thông báo về ngày đăng ký cuối cùng và xác nhận danh sách người sở hữu chứng khoán,Thông báo về ngày đăng ký cuối cùng và xác nhận danh sách người sở hữu chứng khoán,https://cafef.vn/du-lieu/LPB-349682/lpb121036-thong-bao-ve-ngay-dang-ky-cuoi-cung-va-xac-nhan-danh-sach-nguoi-so-huu-chung-khoan.chn,cafef
2022-12-20,LPB121035: Thông báo về ngày đăng ký cuối cùng và xác nhận danh sách người sở hữu chứng khoán,Thông báo về ngày đăng ký cuối cùng và xác nhận danh sách người sở hữu chứng khoán,https://cafef.vn/du-lieu/LPB-349685/lpb121035-thong-bao-ve-ngay-dang-ky-cuoi-cung-va-xac-nhan-danh-sach-nguoi-so-huu-chung-khoan.chn,cafef
2022-12-19,LPB121035: Công bố thông tin về đợt mua lại trái phiếu của Ngân hàng Bưu điện Liên Việt – Mã trái phiếu LPBH2124017,Công bố thông tin về đợt mua lại trái phiếu của Ngân hàng Bưu điện Liên Việt – Mã trái phiếu LPBH2124017,https://cafef.vn/du-lieu/LPB-350267/lpb121035-cong-bo-thong-tin-ve-dot-mua-lai-trai-phieu-cua-ngan-hang-buu-dien-lien-viet-ma-trai-phieu-lpbh2124017.chn,cafef
2022-12-19,LPB121036: Công bố thông tin về đợt mua lại trái phiếu của Ngân hàng Bưu điện Liên Việt – Mã trái phiếu LPBH2124017,Công bố thông tin về đợt mua lại trái phiếu của Ngân hàng Bưu điện Liên Việt – Mã trái phiếu LPBH2124017,https://cafef.vn/du-lieu/LPB-350273/lpb121036-cong-bo-thong-tin-ve-dot-mua-lai-trai-phieu-cua-ngan-hang-buu-dien-lien-viet-ma-trai-phieu-lpbh2124017.chn,cafef
2022-12-19,LPB122011: Công bố thông tin về đợt mua lại trái phiếu của Ngân hàng Bưu điện Liên Việt – Mã trái phiếu LPBH2124017,Công bố thông tin về đợt mua lại trái phiếu của Ngân hàng Bưu điện Liên Việt – Mã trái phiếu LPBH2124017,https://cafef.vn/du-lieu/LPB-350276/lpb122011-cong-bo-thong-tin-ve-dot-mua-lai-trai-phieu-cua-ngan-hang-buu-dien-lien-viet-ma-trai-phieu-lpbh2124017.chn,cafef
2022-12-19,LPB122010: Công bố thông tin về đợt mua lại trái phiếu của Ngân hàng Bưu điện Liên Việt – Mã trái phiếu LPBH2124017,Công bố thông tin về đợt mua lại trái phiếu của Ngân hàng Bưu điện Liên Việt – Mã trái phiếu LPBH2124017,https://cafef.vn/du-lieu/LPB-350282/lpb122010-cong-bo-thong-tin-ve-dot-mua-lai-trai-phieu-cua-ngan-hang-buu-dien-lien-viet-ma-trai-phieu-lpbh2124017.chn,cafef
2022-12-16,LPB: CBTT về đợt mua lại trái phiếu,Ngân hàng Thương mại Cổ phần Bưu điện Liên Việt CBTT về đợt mua lại trái phiếu như sau:,https://cafef.vn/du-lieu/LPB-350636/lpb-cbtt-ve-dot-mua-lai-trai-phieu.chn,cafef
2022-12-16,LPB121036: Thông báo của Sở Giao dịch TP Hồ Chí Minh về việc niêm yết và giao dịch chứng khoán thay đổi niêm yết của Ngân hàng TMCP Bưu điện Liên Việt,Thông báo của Sở Giao dịch TP Hồ Chí Minh về việc niêm yết và giao dịch chứng khoán thay đổi niêm yết của Ngân hàng TMCP Bưu điện Liên Việt,https://cafef.vn/du-lieu/LPB-350828/lpb121036-thong-bao-cua-so-giao-dich-tp-ho-chi-minh-ve-viec-niem-yet-va-giao-dich-chung-khoan-thay-doi-niem-yet-cua-ngan-hang-tmcp-buu-dien-lien-viet.chn,cafef
2022-12-16,LPB121035: Thông báo của Sở Giao dịch TP Hồ Chí Minh về việc niêm yết và giao dịch chứng khoán thay đổi niêm yết của Ngân hàng TMCP Bưu điện Liên Việt,Thông báo của Sở Giao dịch TP Hồ Chí Minh về việc niêm yết và giao dịch chứng khoán thay đổi niêm yết của Ngân hàng TMCP Bưu điện Liên Việt,https://cafef.vn/du-lieu/LPB-350837/lpb121035-thong-bao-cua-so-giao-dich-tp-ho-chi-minh-ve-viec-niem-yet-va-giao-dich-chung-khoan-thay-doi-niem-yet-cua-ngan-hang-tmcp-buu-dien-lien-viet.chn,cafef
2022-12-16,LPB122011: Thông báo của Sở Giao dịch TP Hồ Chí Minh về việc niêm yết và giao dịch chứng khoán thay đổi niêm yết của Ngân hàng TMCP Bưu điện Liên Việt,Thông báo của Sở Giao dịch TP Hồ Chí Minh về việc niêm yết và giao dịch chứng khoán thay đổi niêm yết của Ngân hàng TMCP Bưu điện Liên Việt,https://cafef.vn/du-lieu/LPB-350861/lpb122011-thong-bao-cua-so-giao-dich-tp-ho-chi-minh-ve-viec-niem-yet-va-giao-dich-chung-khoan-thay-doi-niem-yet-cua-ngan-hang-tmcp-buu-dien-lien-viet.chn,cafef
2022-12-16,LPB122010: Thông báo của Sở Giao dịch TP Hồ Chí Minh về việc niêm yết và giao dịch chứng khoán thay đổi niêm yết của Ngân hàng TMCP Bưu điện Liên Việt,Thông báo của Sở Giao dịch TP Hồ Chí Minh về việc niêm yết và giao dịch chứng khoán thay đổi niêm yết của Ngân hàng TMCP Bưu điện Liên Việt,https://cafef.vn/du-lieu/LPB-350888/lpb122010-thong-bao-cua-so-giao-dich-tp-ho-chi-minh-ve-viec-niem-yet-va-giao-dich-chung-khoan-thay-doi-niem-yet-cua-ngan-hang-tmcp-buu-dien-lien-viet.chn,cafef
2022-12-16,LPB121036: Quyết định thay đổi đăng ký niêm yết do niêm yết bổ sung đối với cổ phiếu phát hành trả cổ tức cho cổ đông hiện hữu Ngân hàng TMCP Bưu điện Liên Việt,Quyết định thay đổi đăng ký niêm yết do niêm yết bổ sung đối với cổ phiếu phát hành trả cổ tức cho cổ đông hiện hữu Ngân hàng TMCP Bưu điện Liên Việt,https://cafef.vn/du-lieu/LPB-350915/lpb121036-quyet-dinh-thay-doi-dang-ky-niem-yet-do-niem-yet-bo-sung-doi-voi-co-phieu-phat-hanh-tra-co-tuc-cho-co-dong-hien-huu-ngan-hang-tmcp-buu-dien-lien-viet.chn,cafef
2022-12-16,LPB121035: Quyết định thay đổi đăng ký niêm yết do niêm yết bổ sung đối với cổ phiếu phát hành trả cổ tức cho cổ đông hiện hữu Ngân hàng TMCP Bưu điện Liên Việt,Quyết định thay đổi đăng ký niêm yết do niêm yết bổ sung đối với cổ phiếu phát hành trả cổ tức cho cổ đông hiện hữu Ngân hàng TMCP Bưu điện Liên Việt,https://cafef.vn/du-lieu/LPB-350918/lpb121035-quyet-dinh-thay-doi-dang-ky-niem-yet-do-niem-yet-bo-sung-doi-voi-co-phieu-phat-hanh-tra-co-tuc-cho-co-dong-hien-huu-ngan-hang-tmcp-buu-dien-lien-viet.chn,cafef
2022-12-16,LPB121035: Giấy đăng ký ngày giao dịch bổ sung cổ phiếu phát hành trả cổ tức cho cổ đông hiện hữu Ngân hàng TMCP Bưu điện Liên Việt,Giấy đăng ký ngày giao dịch bổ sung cổ phiếu phát hành trả cổ tức cho cổ đông hiện hữu Ngân hàng TMCP Bưu điện Liên Việt,https://cafef.vn/du-lieu/LPB-350921/lpb121035-giay-dang-ky-ngay-giao-dich-bo-sung-co-phieu-phat-hanh-tra-co-tuc-cho-co-dong-hien-huu-ngan-hang-tmcp-buu-dien-lien-viet.chn,cafef
2022-12-16,LPB121036: Quyết định số 2084/QD-NHNN ngày 13/12/2022 của Thống đốc NHNN Việt Nam về việc sửa đổi nội dung Giấy phép thành lập và hoạt động của Ngân hàng TMCP Bưu điện Liên Việt,Quyết định số 2084/QD-NHNN ngày 13/12/2022 của Thống đốc NHNN Việt Nam về việc sửa đổi nội dung Giấy phép thành lập và hoạt động của Ngân hàng TMCP Bưu điện Liên Việt,https://cafef.vn/du-lieu/LPB-350924/lpb121036-quyet-dinh-so-2084qdnhnn-ngay-13122022-cua-thong-doc-nhnn-viet-nam-ve-viec-sua-doi-noi-dung-giay-phep-thanh-lap-va-hoat-dong-cua-ngan-hang-tmcp-buu-dien-lien-viet.chn,cafef
2022-12-16,LPB121036: Giấy đăng ký ngày giao dịch bổ sung cổ phiếu phát hành trả cổ tức cho cổ đông hiện hữu Ngân hàng TMCP Bưu điện Liên Việt,Giấy đăng ký ngày giao dịch bổ sung cổ phiếu phát hành trả cổ tức cho cổ đông hiện hữu Ngân hàng TMCP Bưu điện Liên Việt,https://cafef.vn/du-lieu/LPB-350927/lpb121036-giay-dang-ky-ngay-giao-dich-bo-sung-co-phieu-phat-hanh-tra-co-tuc-cho-co-dong-hien-huu-ngan-hang-tmcp-buu-dien-lien-viet.chn,cafef
2022-12-16,LPB121035: Quyết định số 2084/QD-NHNN ngày 13/12/2022 của Thống đốc NHNN Việt Nam về việc sửa đổi nội dung Giấy phép thành lập và hoạt động của Ngân hàng TMCP Bưu điện Liên Việt,Quyết định số 2084/QD-NHNN ngày 13/12/2022 của Thống đốc NHNN Việt Nam về việc sửa đổi nội dung Giấy phép thành lập và hoạt động của Ngân hàng TMCP Bưu điện Liên Việt,https://cafef.vn/du-lieu/LPB-350939/lpb121035-quyet-dinh-so-2084qdnhnn-ngay-13122022-cua-thong-doc-nhnn-viet-nam-ve-viec-sua-doi-noi-dung-giay-phep-thanh-lap-va-hoat-dong-cua-ngan-hang-tmcp-buu-dien-lien-viet.chn,cafef
2022-12-16,LPB122011: Giấy đăng ký ngày giao dịch bổ sung cổ phiếu phát hành trả cổ tức cho cổ đông hiện hữu Ngân hàng TMCP Bưu điện Liên Việt,Giấy đăng ký ngày giao dịch bổ sung cổ phiếu phát hành trả cổ tức cho cổ đông hiện hữu Ngân hàng TMCP Bưu điện Liên Việt,https://cafef.vn/du-lieu/LPB-350951/lpb122011-giay-dang-ky-ngay-giao-dich-bo-sung-co-phieu-phat-hanh-tra-co-tuc-cho-co-dong-hien-huu-ngan-hang-tmcp-buu-dien-lien-viet.chn,cafef
2022-12-16,LPB122011: Quyết định thay đổi đăng ký niêm yết do niêm yết bổ sung đối với cổ phiếu phát hành trả cổ tức cho cổ đông hiện hữu Ngân hàng TMCP Bưu điện Liên Việt,Quyết định thay đổi đăng ký niêm yết do niêm yết bổ sung đối với cổ phiếu phát hành trả cổ tức cho cổ đông hiện hữu Ngân hàng TMCP Bưu điện Liên Việt,https://cafef.vn/du-lieu/LPB-350954/lpb122011-quyet-dinh-thay-doi-dang-ky-niem-yet-do-niem-yet-bo-sung-doi-voi-co-phieu-phat-hanh-tra-co-tuc-cho-co-dong-hien-huu-ngan-hang-tmcp-buu-dien-lien-viet.chn,cafef
2022-12-16,LPB122011: Quyết định số 2084/QD-NHNN ngày 13/12/2022 của Thống đốc NHNN Việt Nam về việc sửa đổi nội dung Giấy phép thành lập và hoạt động của Ngân hàng TMCP Bưu điện Liên Việt,Quyết định số 2084/QD-NHNN ngày 13/12/2022 của Thống đốc NHNN Việt Nam về việc sửa đổi nội dung Giấy phép thành lập và hoạt động của Ngân hàng TMCP Bưu điện Liên Việt,https://cafef.vn/du-lieu/LPB-350957/lpb122011-quyet-dinh-so-2084qdnhnn-ngay-13122022-cua-thong-doc-nhnn-viet-nam-ve-viec-sua-doi-noi-dung-giay-phep-thanh-lap-va-hoat-dong-cua-ngan-hang-tmcp-buu-dien-lien-viet.chn,cafef
2022-12-16,LPB122010: Giấy đăng ký ngày giao dịch bổ sung cổ phiếu phát hành trả cổ tức cho cổ đông hiện hữu Ngân hàng TMCP Bưu điện Liên Việt,Giấy đăng ký ngày giao dịch bổ sung cổ phiếu phát hành trả cổ tức cho cổ đông hiện hữu Ngân hàng TMCP Bưu điện Liên Việt,https://cafef.vn/du-lieu/LPB-350963/lpb122010-giay-dang-ky-ngay-giao-dich-bo-sung-co-phieu-phat-hanh-tra-co-tuc-cho-co-dong-hien-huu-ngan-hang-tmcp-buu-dien-lien-viet.chn,cafef
2022-12-16,LPB122010: Quyết định thay đổi đăng ký niêm yết do niêm yết bổ sung đối với cổ phiếu phát hành trả cổ tức cho cổ đông hiện hữu Ngân hàng TMCP Bưu điện Liên Việt,Quyết định thay đổi đăng ký niêm yết do niêm yết bổ sung đối với cổ phiếu phát hành trả cổ tức cho cổ đông hiện hữu Ngân hàng TMCP Bưu điện Liên Việt,https://cafef.vn/du-lieu/LPB-350966/lpb122010-quyet-dinh-thay-doi-dang-ky-niem-yet-do-niem-yet-bo-sung-doi-voi-co-phieu-phat-hanh-tra-co-tuc-cho-co-dong-hien-huu-ngan-hang-tmcp-buu-dien-lien-viet.chn,cafef
2022-12-16,LPB122010: Quyết định số 2084/QD-NHNN ngày 13/12/2022 của Thống đốc NHNN Việt Nam về việc sửa đổi nội dung Giấy phép thành lập và hoạt động của Ngân hàng TMCP Bưu điện Liên Việt,Quyết định số 2084/QD-NHNN ngày 13/12/2022 của Thống đốc NHNN Việt Nam về việc sửa đổi nội dung Giấy phép thành lập và hoạt động của Ngân hàng TMCP Bưu điện Liên Việt,https://cafef.vn/du-lieu/LPB-350969/lpb122010-quyet-dinh-so-2084qdnhnn-ngay-13122022-cua-thong-doc-nhnn-viet-nam-ve-viec-sua-doi-noi-dung-giay-phep-thanh-lap-va-hoat-dong-cua-ngan-hang-tmcp-buu-dien-lien-viet.chn,cafef
2022-12-14,LPB: CBTT sửa đổi nội dung giấy phép thành lập và hoạt động,Ngân hàng Thương mại Cổ phần Bưu điện Liên Việt CBTT sửa đổi nội dung giấy phép thành lập và hoạt động như sau:,https://cafef.vn/du-lieu/LPB-351977/lpb-cbtt-sua-doi-noi-dung-giay-phep-thanh-lap-va-hoat-dong.chn,cafef
2022-12-14,LPB121036: Ngân hàng TMCP Bưu điện Liên Việt và Công ty TNHH Kiểm toán Deloitte Việt Nam đã ký Hợp đồng dịch vụ kiểm toán báo cáo tài chính năm 2023,Ngân hàng TMCP Bưu điện Liên Việt và Công ty TNHH Kiểm toán Deloitte Việt Nam đã ký Hợp đồng dịch vụ kiểm toán báo cáo tài chính năm 2023,https://cafef.vn/du-lieu/LPB-352004/lpb121036-ngan-hang-tmcp-buu-dien-lien-viet-va-cong-ty-tnhh-kiem-toan-deloitte-viet-nam-da-ky-hop-dong-dich-vu-kiem-toan-bao-cao-tai-chinh-nam-2023.chn,cafef
2022-12-14,LPB121035: Ngân hàng TMCP Bưu điện Liên Việt và Công ty TNHH Kiểm toán Deloitte Việt Nam đã ký Hợp đồng dịch vụ kiểm toán báo cáo tài chính năm 2023,Ngân hàng TMCP Bưu điện Liên Việt và Công ty TNHH Kiểm toán Deloitte Việt Nam đã ký Hợp đồng dịch vụ kiểm toán báo cáo tài chính năm 2023,https://cafef.vn/du-lieu/LPB-352010/lpb121035-ngan-hang-tmcp-buu-dien-lien-viet-va-cong-ty-tnhh-kiem-toan-deloitte-viet-nam-da-ky-hop-dong-dich-vu-kiem-toan-bao-cao-tai-chinh-nam-2023.chn,cafef
2022-12-14,LPB122011: Ngân hàng TMCP Bưu điện Liên Việt và Công ty TNHH Kiểm toán Deloitte Việt Nam đã ký Hợp đồng dịch vụ kiểm toán báo cáo tài chính năm 2023,Ngân hàng TMCP Bưu điện Liên Việt và Công ty TNHH Kiểm toán Deloitte Việt Nam đã ký Hợp đồng dịch vụ kiểm toán báo cáo tài chính năm 2023,https://cafef.vn/du-lieu/LPB-352013/lpb122011-ngan-hang-tmcp-buu-dien-lien-viet-va-cong-ty-tnhh-kiem-toan-deloitte-viet-nam-da-ky-hop-dong-dich-vu-kiem-toan-bao-cao-tai-chinh-nam-2023.chn,cafef
2022-12-14,LPB122010: Ngân hàng TMCP Bưu điện Liên Việt và Công ty TNHH Kiểm toán Deloitte Việt Nam đã ký Hợp đồng dịch vụ kiểm toán báo cáo tài chính năm 2023,Ngân hàng TMCP Bưu điện Liên Việt và Công ty TNHH Kiểm toán Deloitte Việt Nam đã ký Hợp đồng dịch vụ kiểm toán báo cáo tài chính năm 2023,https://cafef.vn/du-lieu/LPB-352022/lpb122010-ngan-hang-tmcp-buu-dien-lien-viet-va-cong-ty-tnhh-kiem-toan-deloitte-viet-nam-da-ky-hop-dong-dich-vu-kiem-toan-bao-cao-tai-chinh-nam-2023.chn,cafef
2022-12-14,LPB121036: Đính chính Thông báo về ngày đăng ký cuối cùng để thực hiện quyền nhận thanh toán lãi của kỳ lãi thứ 01 - Trái phiếu LPB121036,Đính chính Thông báo về ngày đăng ký cuối cùng để thực hiện quyền nhận thanh toán lãi của kỳ lãi thứ 01 - Trái phiếu LPB121036,https://cafef.vn/du-lieu/LPB-352055/lpb121036-dinh-chinh-thong-bao-ve-ngay-dang-ky-cuoi-cung-de-thuc-hien-quyen-nhan-thanh-toan-lai-cua-ky-lai-thu-01-trai-phieu-lpb121036.chn,cafef
2022-12-14,LPB121035: Đính chính Thông báo về ngày đăng ký cuối cùng để thực hiện quyền nhận thanh toán lãi của kỳ lãi thứ 01 - Trái phiếu LPB121035,Đính chính Thông báo về ngày đăng ký cuối cùng để thực hiện quyền nhận thanh toán lãi của kỳ lãi thứ 01 - Trái phiếu LPB121035,https://cafef.vn/du-lieu/LPB-352058/lpb121035-dinh-chinh-thong-bao-ve-ngay-dang-ky-cuoi-cung-de-thuc-hien-quyen-nhan-thanh-toan-lai-cua-ky-lai-thu-01-trai-phieu-lpb121035.chn,cafef
2022-12-14,LPB: Ký kết hợp đồng kiểm toán BCTC 2023,Ngân hàng Thương mại Cổ phần Bưu điện Liên Việt thông báo ký kết hợp đồng kiểm toán BCTC 2023 như sau:,https://cafef.vn/du-lieu/LPB-352379/lpb-ky-ket-hop-dong-kiem-toan-bctc-2023.chn,cafef
2022-12-13,LPB: Bổ sung thông tin Thông báo về ngày ĐKCC để thực hiện quyền nhận thanh toán lãi LPB121035,Ngân hàng Thương mại Cổ phần Bưu điện Liên Việt bổ sung thông tin Thông báo về ngày ĐKCC để thực hiện quyền nhận thanh toán lãi LPB121035 như sau:,https://cafef.vn/du-lieu/LPB-352631/lpb-bo-sung-thong-tin-thong-bao-ve-ngay-dkcc-de-thuc-hien-quyen-nhan-thanh-toan-lai-lpb121035.chn,cafef
2022-12-13,LPB121035: Bản cáo bạch chào bán trái phiếu ra công chúng năm 2022,Bản cáo bạch chào bán trái phiếu ra công chúng năm 2022,https://cafef.vn/du-lieu/LPB-352703/lpb121035-ban-cao-bach-chao-ban-trai-phieu-ra-cong-chung-nam-2022.chn,cafef
2022-12-13,LPB121036: Bản cáo bạch chào bán trái phiếu ra công chúng năm 2022,Bản cáo bạch chào bán trái phiếu ra công chúng năm 2022,https://cafef.vn/du-lieu/LPB-352706/lpb121036-ban-cao-bach-chao-ban-trai-phieu-ra-cong-chung-nam-2022.chn,cafef
2022-12-13,LPB121035: Thông báo phát hành trái phiếu ra công chúng năm 2022,Thông báo phát hành trái phiếu ra công chúng năm 2022,https://cafef.vn/du-lieu/LPB-352709/lpb121035-thong-bao-phat-hanh-trai-phieu-ra-cong-chung-nam-2022.chn,cafef
2022-12-13,LPB121035: Giấy chứng nhận đăng ký chứng khoán (Thay đổi lần thứ 8 ngày 08/12/2022),Giấy chứng nhận đăng ký chứng khoán (Thay đổi lần thứ 8 ngày 08/12/2022),https://cafef.vn/du-lieu/LPB-352712/lpb121035-giay-chung-nhan-dang-ky-chung-khoan-thay-doi-lan-thu-8-ngay-08122022.chn,cafef
2022-12-13,LPB121035: Ngân hàng TMCP Bưu điện Liên Việt đã nhận được Giấy chứng nhận đăng ký chào bán trái phiếu ra công chúng năm 2022 của UBCKNN,Ngân hàng TMCP Bưu điện Liên Việt đã nhận được Giấy chứng nhận đăng ký chào bán trái phiếu ra công chúng năm 2022 của UBCKNN,https://cafef.vn/du-lieu/LPB-352715/lpb121035-ngan-hang-tmcp-buu-dien-lien-viet-da-nhan-duoc-giay-chung-nhan-dang-ky-chao-ban-trai-phieu-ra-cong-chung-nam-2022-cua-ubcknn.chn,cafef
2022-12-13,LPB121036: Ngân hàng TMCP Bưu điện Liên Việt đã nhận được Giấy chứng nhận đăng ký chào bán trái phiếu ra công chúng năm 2022 của UBCKNN,Ngân hàng TMCP Bưu điện Liên Việt đã nhận được Giấy chứng nhận đăng ký chào bán trái phiếu ra công chúng năm 2022 của UBCKNN,https://cafef.vn/du-lieu/LPB-352718/lpb121036-ngan-hang-tmcp-buu-dien-lien-viet-da-nhan-duoc-giay-chung-nhan-dang-ky-chao-ban-trai-phieu-ra-cong-chung-nam-2022-cua-ubcknn.chn,cafef
2022-12-13,LPB121036: Thông báo phát hành trái phiếu ra công chúng năm 2022,Thông báo phát hành trái phiếu ra công chúng năm 2022,https://cafef.vn/du-lieu/LPB-352721/lpb121036-thong-bao-phat-hanh-trai-phieu-ra-cong-chung-nam-2022.chn,cafef
2022-12-13,LPB121036: Giấy chứng nhận đăng ký chứng khoán (Thay đổi lần thứ 8 ngày 08/12/2022),Giấy chứng nhận đăng ký chứng khoán (Thay đổi lần thứ 8 ngày 08/12/2022),https://cafef.vn/du-lieu/LPB-352724/lpb121036-giay-chung-nhan-dang-ky-chung-khoan-thay-doi-lan-thu-8-ngay-08122022.chn,cafef
2022-12-13,LPB122011: Bản cáo bạch chào bán trái phiếu ra công chúng năm 2022,Bản cáo bạch chào bán trái phiếu ra công chúng năm 2022,https://cafef.vn/du-lieu/LPB-352727/lpb122011-ban-cao-bach-chao-ban-trai-phieu-ra-cong-chung-nam-2022.chn,cafef
2022-12-13,LPB122011: Thông báo phát hành trái phiếu ra công chúng năm 2022,Thông báo phát hành trái phiếu ra công chúng năm 2022,https://cafef.vn/du-lieu/LPB-352730/lpb122011-thong-bao-phat-hanh-trai-phieu-ra-cong-chung-nam-2022.chn,cafef
2022-12-13,LPB122011: Đã nhận được Giấy chứng nhận đăng ký chào bán trái phiếu ra công chúng năm 2022 của UBCKNN,Ngân hàng TMCP Bưu điện Liên Việt đã nhận được Giấy chứng nhận đăng ký chào bán trái phiếu ra công chúng năm 2022 của UBCKNN,https://cafef.vn/du-lieu/LPB-352733/lpb122011-da-nhan-duoc-giay-chung-nhan-dang-ky-chao-ban-trai-phieu-ra-cong-chung-nam-2022-cua-ubcknn.chn,cafef
2022-12-13,LPB122011: Giấy chứng nhận đăng ký chứng khoán (Thay đổi lần thứ 8 ngày 08/12/2022),Giấy chứng nhận đăng ký chứng khoán (Thay đổi lần thứ 8 ngày 08/12/2022),https://cafef.vn/du-lieu/LPB-352736/lpb122011-giay-chung-nhan-dang-ky-chung-khoan-thay-doi-lan-thu-8-ngay-08122022.chn,cafef
2022-12-13,LPB122010: Đã nhận được Giấy chứng nhận đăng ký chào bán trái phiếu ra công chúng năm 2022 của UBCKNN,Ngân hàng TMCP Bưu điện Liên Việt đã nhận được Giấy chứng nhận đăng ký chào bán trái phiếu ra công chúng năm 2022 của UBCKNN,https://cafef.vn/du-lieu/LPB-352754/lpb122010-da-nhan-duoc-giay-chung-nhan-dang-ky-chao-ban-trai-phieu-ra-cong-chung-nam-2022-cua-ubcknn.chn,cafef
2022-12-13,LPB122010: Thông báo về việc thay đổi nhân sự,Thông báo về việc thay đổi nhân sự,https://cafef.vn/du-lieu/LPB-352778/lpb122010-thong-bao-ve-viec-thay-doi-nhan-su.chn,cafef
2022-12-13,LPB122010: Bản cáo bạch chào bán trái phiếu ra công chúng năm 2022,Bản cáo bạch chào bán trái phiếu ra công chúng năm 2022,https://cafef.vn/du-lieu/LPB-352781/lpb122010-ban-cao-bach-chao-ban-trai-phieu-ra-cong-chung-nam-2022.chn,cafef
2022-12-12,LPB: Lãi suất trái phiếu cho kỳ thanh toán lãi đầu tiên,Ngân hàng Thương mại Cổ phần Bưu điện Liên Việt thông báo lãi suất trái phiếu cho kỳ thanh toán lãi đầu tiên&nbsp;như sau:,https://cafef.vn/du-lieu/LPB-353075/lpb-lai-suat-trai-phieu-cho-ky-thanh-toan-lai-dau-tien.chn,cafef
2022-12-12,LPB122010: Công văn của Ủy ban chứng khoán Nhà nước về việc đã nhận được đầy đủ tài liệu báo cáo kết quả phát hành cổ phiếu trả cổ tức,Ngân hàng TMCP Bưu điện Liên Việt đã nhận được công văn của Ủy ban chứng khoán Nhà nước về việc đã nhận được đầy đủ tài liệu báo cáo kết quả phát hành cổ phiếu trả cổ tức,https://cafef.vn/du-lieu/LPB-353177/lpb122010-cong-van-cua-uy-ban-chung-khoan-nha-nuoc-ve-viec-da-nhan-duoc-day-du-tai-lieu-bao-cao-ket-qua-phat-hanh-co-phieu-tra-co-tuc.chn,cafef
2022-12-12,LPB122010: Thông báo phát hành trái phiếu ra công chúng năm 2022,Thông báo phát hành trái phiếu ra công chúng năm 2022,https://cafef.vn/du-lieu/LPB-353183/lpb122010-thong-bao-phat-hanh-trai-phieu-ra-cong-chung-nam-2022.chn,cafef
2022-12-12,LPB: Giấy chứng nhận đăng ký chào bán trái phiếu ra công chúng,Ngân hàng Thương mại Cổ phần Bưu điện Liên Việt&nbsp;thông báo&nbsp;Giấy chứng nhận đăng ký chào bán trái phiếu ra công chúng như sau:,https://cafef.vn/du-lieu/LPB-353339/lpb-giay-chung-nhan-dang-ky-chao-ban-trai-phieu-ra-cong-chung.chn,cafef
2022-12-12,LPB: Thông báo chào bán trái phiếu ra công chúng,Ngân hàng Thương mại Cổ phần Bưu điện Liên Việt&nbsp;thông báo&nbsp;chào bán trái phiếu ra công chúng&nbsp; như sau:,https://cafef.vn/du-lieu/LPB-353342/lpb-thong-bao-chao-ban-trai-phieu-ra-cong-chung.chn,cafef
2022-12-12,LPB: Bản cáo bạch chào bán trái phiếu ra công chúng,Ngân hàng Thương mại Cổ phần Bưu điện Liên Việt&nbsp;thông báo&nbsp;Bản cáo bạch chào bán trái phiếu ra công chúng như sau:,https://cafef.vn/du-lieu/LPB-353351/lpb-ban-cao-bach-chao-ban-trai-phieu-ra-cong-chung.chn,cafef
2022-12-09,LPB122010: Giấy chứng nhận đăng ký chứng khoán (Thay đổi lần thứ 8 ngày 08/12/2022),Giấy chứng nhận đăng ký chứng khoán (Thay đổi lần thứ 8 ngày 08/12/2022),https://cafef.vn/du-lieu/LPB-353711/lpb122010-giay-chung-nhan-dang-ky-chung-khoan-thay-doi-lan-thu-8-ngay-08122022.chn,cafef
2022-12-09,LPB121035: Ngày đăng ký cuối cùng để thực hiện quyền nhận thanh toán lãi trái phiếu mã LPB121035 - Kỳ thứ 1,Công bố thông tin về ngày đăng ký cuối cùng để thực hiện quyền nhận thanh toán lãi trái phiếu mã LPB121035 - Kỳ thứ 1,https://cafef.vn/du-lieu/LPB-353765/lpb121035-ngay-dang-ky-cuoi-cung-de-thuc-hien-quyen-nhan-thanh-toan-lai-trai-phieu-ma-lpb121035-ky-thu-1.chn,cafef
2022-12-09,LPB121035: Công bố thông tin về lãi suất của kỳ tính lãi thứ 01 - Trái phiếu LPB121035,Công bố thông tin về lãi suất của kỳ tính lãi thứ 01 - Trái phiếu LPB121035,https://cafef.vn/du-lieu/LPB-353768/lpb121035-cong-bo-thong-tin-ve-lai-suat-cua-ky-tinh-lai-thu-01-trai-phieu-lpb121035.chn,cafef
2022-12-09,LPB121036: Công bố thông tin về lãi suất của kỳ tính lãi thứ 01 - Trái phiếu LPB121036,Công bố thông tin về lãi suất của kỳ tính lãi thứ 01 - Trái phiếu LPB121036,https://cafef.vn/du-lieu/LPB-353771/lpb121036-cong-bo-thong-tin-ve-lai-suat-cua-ky-tinh-lai-thu-01-trai-phieu-lpb121036.chn,cafef
2022-12-09,LPB121036: Ngày đăng ký cuối cùng để thực hiện quyền nhận thanh toán lãi trái phiếu mã LPB121036 - Kỳ thứ 1,Công bố thông tin về ngày đăng ký cuối cùng để thực hiện quyền nhận thanh toán lãi trái phiếu mã LPB121036 - Kỳ thứ 1,https://cafef.vn/du-lieu/LPB-353822/lpb121036-ngay-dang-ky-cuoi-cung-de-thuc-hien-quyen-nhan-thanh-toan-lai-trai-phieu-ma-lpb121036-ky-thu-1.chn,cafef
2022-12-08,LPB: CBTT về lãi suất kỳ tính lãi trái phiếu LPB121036,Ngân hàng Thương mại Cổ phần Bưu điện Liên Việt&nbsp;CBTT về lãi suất kỳ tính lãi trái phiếu LPB121036 như sau:,https://cafef.vn/du-lieu/LPB-354185/lpb-cbtt-ve-lai-suat-ky-tinh-lai-trai-phieu-lpb121036.chn,cafef
2022-12-08,LPB: CBTT về lãi suất kỳ tính lãi trái phiếu LPB121035,Ngân hàng Thương mại Cổ phần Bưu điện Liên Việt CBTT về lãi suất kỳ tính lãi trái phiếu LPB121035 như sau:,https://cafef.vn/du-lieu/LPB-354188/lpb-cbtt-ve-lai-suat-ky-tinh-lai-trai-phieu-lpb121035.chn,cafef
2022-12-05,LPB122010: Nghị quyết Hội đồng quản trị,Nghị quyết Hội đồng quản trị,https://cafef.vn/du-lieu/LPB-356138/lpb122010-nghi-quyet-hoi-dong-quan-tri.chn,cafef
2022-12-05,LPB122010: Báo cáo kết quả mua lại trước hạn trái phiếu phát hành ra công chúng của Ngân hàng TMCP Bưu điện Liên Việt,Báo cáo kết quả mua lại trước hạn trái phiếu phát hành ra công chúng của Ngân hàng TMCP Bưu điện Liên Việt,https://cafef.vn/du-lieu/LPB-356141/lpb122010-bao-cao-ket-qua-mua-lai-truoc-han-trai-phieu-phat-hanh-ra-cong-chung-cua-ngan-hang-tmcp-buu-dien-lien-viet.chn,cafef
2022-12-05,LPB: Nghị quyết HĐQT phê duyệt điều chỉnh phương án chào bán trái phiếu,Ng&acirc;n h&agrave;ng Thương mại Cổ phần Bưu điện Li&ecirc;n Việt th&ocirc;ng b&aacute;o nghị quyết HĐQT ph&ecirc; duyệt điều chỉnh phương &aacute;n ch&agrave;o b&aacute;n tr&aacute;i phiếu như sau:,https://cafef.vn/du-lieu/LPB-356348/lpb-nghi-quyet-hdqt-phe-duyet-dieu-chinh-phuong-an-chao-ban-trai-phieu.chn,cafef
2022-12-05,LPB: Kết quả mua lại trước hạn trái phiếu phát hành ra công chúng của Ngân hàng Bưu điện Liên Việt,Ngân hàng Thương mại Cổ phần Bưu điện Liên Việt báo cáo kết quả mua lại trước hạn trái phiếu phát hành ra công chúng của Ngân hàng Bưu điện Liên Việt như sau:,https://cafef.vn/du-lieu/LPB-356351/lpb-ket-qua-mua-lai-truoc-han-trai-phieu-phat-hanh-ra-cong-chung-cua-ngan-hang-buu-dien-lien-viet.chn,cafef
2022-12-02,LPB122010:CBTT về việc mua lại trước hạn trái phiếu phát hành ra công chúng,Ngân hàng TMCP Bưu điện Liên Việt công bố thông tin về việc mua lại trước hạn trái phiếu phát hành ra công chúng,https://cafef.vn/du-lieu/LPB-356804/lpb122010cbtt-ve-viec-mua-lai-truoc-han-trai-phieu-phat-hanh-ra-cong-chung.chn,cafef
2022-12-02,LPB122010: Nghị quyết Hội đồng quản trị,Nghị quyết Hội đồng quản trị,https://cafef.vn/du-lieu/LPB-356807/lpb122010-nghi-quyet-hoi-dong-quan-tri.chn,cafef
2022-12-02,LPB122010: Ngân hàng Bưu điện Liên Việt công bố thông tin vê đợt mua lại trái phiếu,Ngân hàng Bưu điện Liên Việt công bố thông tin vê đợt mua lại trái phiếu,https://cafef.vn/du-lieu/LPB-356810/lpb122010-ngan-hang-buu-dien-lien-viet-cong-bo-thong-tin-ve-dot-mua-lai-trai-phieu.chn,cafef
2022-12-02,LPB122010: Công văn của Ủy ban chứng khoán Nhà nước về việc đã nhận được đầy đủ tài liệu báo cáo kết quả phát hành cổ phiếu trả cổ tức,Ngân hàng TMCP Bưu điện Liên Việt đã nhận được công văn của Ủy ban chứng khoán Nhà nước về việc đã nhận được đầy đủ tài liệu báo cáo kết quả phát hành cổ phiếu trả cổ tức,https://cafef.vn/du-lieu/LPB-356813/lpb122010-cong-van-cua-uy-ban-chung-khoan-nha-nuoc-ve-viec-da-nhan-duoc-day-du-tai-lieu-bao-cao-ket-qua-phat-hanh-co-phieu-tra-co-tuc.chn,cafef
2022-12-02,"LPB122010: Ngày 21/1112022, Ngân hàng TMCP Bưu điện Liên Việt đã nhận được công văn của NHNN về việc chấp thuận đề nghị chuyển nhượng cổ phần của cổ đông lớn VietNamPost tại LPB","Ngày 21/1112022, Ngân hàng TMCP Bưu điện Liên Việt đã nhận được công văn của NHNN về việc chấp thuận đề nghị chuyển nhượng cổ phần của cổ đông lớn VietNamPost tại LPB",https://cafef.vn/du-lieu/LPB-356819/lpb122010-ngay-211112022-ngan-hang-tmcp-buu-dien-lien-viet-da-nhan-duoc-cong-van-cua-nhnn-ve-viec-chap-thuan-de-nghi-chuyen-nhuong-co-phan-cua-co-dong-lon-vietnampost-tai-lpb.chn,cafef
2022-12-01,LPB: Thông báo về đợt mua lại trái phiếu,Ngân hàng Thương mại Cổ phần Bưu điện Liên Việt&nbsp;thông báo&nbsp;về đợt mua lại trái phiếu như sau:,https://cafef.vn/du-lieu/LPB-357254/lpb-thong-bao-ve-dot-mua-lai-trai-phieu.chn,cafef
2022-12-01,LPB: Nghị quyết HĐQT v/v thông qua phương án mua lại trước hạn trái phiếu phát hành ra công chúng,Ng&acirc;n h&agrave;ng Thương mại Cổ phần Bưu điện Li&ecirc;n Việt&nbsp;th&ocirc;ng b&aacute;o&nbsp;Nghị quyết HĐQT về việc th&ocirc;ng qua phương &aacute;n mua lại trước hạn tr&aacute;i phiếu ph&aacute;t h&agrave;nh ra c&ocirc;ng ch&uacute;ng như sau:,https://cafef.vn/du-lieu/LPB-357257/lpb-nghi-quyet-hdqt-vv-thong-qua-phuong-an-mua-lai-truoc-han-trai-phieu-phat-hanh-ra-cong-chung.chn,cafef
2022-12-01,LPB: Công văn của UBCKNN v/v nhận tài liệu báo cáo kết quả phát hành cổ phiếu để trả cổ tức,Ngân hàng Thương mại Cổ phần Bưu điện Liên Việt&nbsp;thông báo công văn của UBCKNN về việc nhận được đầy đủ tài liệu báo cáo kết quả phát hành cổ phiếu để trả cổ tức của LPB như sau:,https://cafef.vn/du-lieu/LPB-357260/lpb-cong-van-cua-ubcknn-vv-nhan-tai-lieu-bao-cao-ket-qua-phat-hanh-co-phieu-de-tra-co-tuc.chn,cafef
2022-11-28,LPB: Thông báo về đợt mua lại trái phiếu,Ngân hàng Thương mại Cổ phần Bưu điện Liên Việt thông báo về đợt mua lại trái phiếu&nbsp;như sau:,https://cafef.vn/du-lieu/LPB-359438/lpb-thong-bao-ve-dot-mua-lai-trai-phieu.chn,cafef
2022-11-21,LPB: Công văn của NHNN v/v chấp thuận đề nghị chuyển nhượng cp của Tổng Công ty Bưu điện Việt Nam,Công văn của NHNN về việc chấp thuận đề nghị chuyển nhượng cổ phần của cổ đông lớn Tổng Công ty Bưu điện Việt Nam tại&nbsp;Ngân hàng Thương mại Cổ phần Bưu điện Liên Việt như sau:,https://cafef.vn/du-lieu/LPB-362339/lpb-cong-van-cua-nhnn-vv-chap-thuan-de-nghi-chuyen-nhuong-cp-cua-tong-cong-ty-buu-dien-viet-nam.chn,cafef
2022-11-16,LPB: Điều chỉnh thông tin ngày ĐKCC tại thông báo số 2017/TB-SGDHCM ngày 09/11/2022,Sở Giao dịch Chứng khoán Thành phố Hồ Chí Minh&nbsp;thông báo&nbsp;điều chỉnh thông tin ngày ĐKCC tại thông báo số 2017/TB-SGDHCM ngày 09/11/2022&nbsp;của&nbsp;Ngân hàng Thương mại Cổ phần Bưu điện Liên Việt (mã CK: LPB&nbsp;) như sau:,https://cafef.vn/du-lieu/LPB-364487/lpb-dieu-chinh-thong-tin-ngay-dkcc-tai-thong-bao-so-2017tbsgdhcm-ngay-09112022.chn,cafef
2022-11-07,LPB122010: Nghị quyết của HĐQT về ngày đăng ký cuối cùng thực hiện quyền nhận cổ tức năm 2021,Nghị quyết của HĐQT về ngày đăng ký cuối cùng thực hiện quyền nhận cổ tức năm 2021,https://cafef.vn/du-lieu/LPB-368459/lpb122010-nghi-quyet-cua-hdqt-ve-ngay-dang-ky-cuoi-cung-thuc-hien-quyen-nhan-co-tuc-nam-2021.chn,cafef
2022-11-07,LPB122010: Thông báo phát hành cổ phiếu để trả cổ tức Ngân hàng TMCP Bưu điện Liên Việt,Thông báo phát hành cổ phiếu để trả cổ tức Ngân hàng TMCP Bưu điện Liên Việt,https://cafef.vn/du-lieu/LPB-368462/lpb122010-thong-bao-phat-hanh-co-phieu-de-tra-co-tuc-ngan-hang-tmcp-buu-dien-lien-viet.chn,cafef
2022-11-07,LPB: Phát hành cổ phiếu để trả cổ tức 2021,Ngân hàng Thương mại Cổ phần Bưu điện Liên Việt thông báo phát hành cổ phiếu để trả cổ tức 2021 như sau:,https://cafef.vn/du-lieu/LPB-368747/lpb-phat-hanh-co-phieu-de-tra-co-tuc-2021.chn,cafef
2022-11-07,LPB: Nghị quyết HĐQT về ngày ĐKCC thực hiện quyền nhận cổ tức năm 2021,Ng&acirc;n h&agrave;ng Thương mại Cổ phần Bưu điện Li&ecirc;n Việt c&ocirc;ng bố nghị quyết HĐQT về ng&agrave;y ĐKCC thực hiện quyền nhận cổ tức năm 2021 như sau:,https://cafef.vn/du-lieu/LPB-368750/lpb-nghi-quyet-hdqt-ve-ngay-dkcc-thuc-hien-quyen-nhan-co-tuc-nam-2021.chn,cafef
2022-11-04,LPB: Công văn của UBCKNN v/v nhận được đầy đủ tài liệu báo cáo phát hành cp để trả cổ tức,&nbsp;Ngân hàng Thương mại Cổ phần Bưu điện Liên Việt&nbsp;thông báo&nbsp;công văn của UBCKNN về việc nhận được đầy đủ tài liệu báo cáo phát hành cổ phiếu để trả cổ tức của LPB như sau:,https://cafef.vn/du-lieu/LPB-369326/lpb-cong-van-cua-ubcknn-vv-nhan-duoc-day-du-tai-lieu-bao-cao-phat-hanh-cp-de-tra-co-tuc.chn,cafef
2022-11-04,LPB122010: Ủy ban Chứng khoán Nhà nước đã nhận được đủ tài liệu báo cáo phát hành cổ phiếu trả cổ tức để tăng vốn điều lệ của Ngân hàng TMCP Bưu điện Liên Việt,Ủy ban Chứng khoán Nhà nước đã nhận được đủ tài liệu báo cáo phát hành cổ phiếu trả cổ tức để tăng vốn điều lệ của Ngân hàng TMCP Bưu điện Liên Việt,https://cafef.vn/du-lieu/LPB-369335/lpb122010-uy-ban-chung-khoan-nha-nuoc-da-nhan-duoc-du-tai-lieu-bao-cao-phat-hanh-co-phieu-tra-co-tuc-de-tang-von-dieu-le-cua-ngan-hang-tmcp-buu-dien-lien-viet.chn,cafef
2022-11-01,LPB122010: Nghị quyết HĐQT thông qua Phương án mua lại trước hạn trái phiếu phát hành ra công chúng của NH TMCP Bưu điện Liên Việt,Nghị quyết của HĐQT về việc thông qua Phương án mua lại trước hạn trái phiếu phát hành ra công chúng của NH TMCP Bưu điện Liên Việt,https://cafef.vn/du-lieu/LPB-370856/lpb122010-nghi-quyet-hdqt-thong-qua-phuong-an-mua-lai-truoc-han-trai-phieu-phat-hanh-ra-cong-chung-cua-nh-tmcp-buu-dien-lien-viet.chn,cafef
2022-10-31,LPB: Nghị quyết HĐQT v/v thông qua phương án mua lại trước hạn trái phiếu phát hành ra công chúng,Ng&acirc;n h&agrave;ng Thương mại Cổ phần Bưu điện Li&ecirc;n Việt&nbsp;th&ocirc;ng b&aacute;o&nbsp;Nghị quyết HĐQT về việc th&ocirc;ng qua phương &aacute;n mua lại trước hạn tr&aacute;i phiếu ph&aacute;t h&agrave;nh ra c&ocirc;ng ch&uacute;ng như sau:,https://cafef.vn/du-lieu/LPB-371666/lpb-nghi-quyet-hdqt-vv-thong-qua-phuong-an-mua-lai-truoc-han-trai-phieu-phat-hanh-ra-cong-chung.chn,cafef
2022-10-26,LPB: Nghị quyết HĐQT v/v thay đổi địa điểm trụ sở chi nhánh Hải Dương,Ng&acirc;n h&agrave;ng Thương mại Cổ phần Bưu điện Li&ecirc;n Việt&nbsp;th&ocirc;ng b&aacute;o&nbsp;Nghị quyết HĐQT về việc thay đổi địa điểm trụ sở chi nh&aacute;nh Hải Dương như sau:,https://cafef.vn/du-lieu/LPB-374525/lpb-nghi-quyet-hdqt-vv-thay-doi-dia-diem-tru-so-chi-nhanh-hai-duong.chn,cafef
2022-10-26,LPB122010: Nghị quyết của HĐQT v/v thay đổi địa điểm trụ sở Ngân hàng TMCP Bưu điện Liên Việt - Chi nhánh Hải Dương,Nghị quyết của HĐQT về việc thay đổi địa điểm trụ sở  Ngân hàng TMCP Bưu điện Liên Việt - Chi nhánh Hải Dương,https://cafef.vn/du-lieu/LPB-374684/lpb122010-nghi-quyet-cua-hdqt-vv-thay-doi-dia-diem-tru-so-ngan-hang-tmcp-buu-dien-lien-viet-chi-nhanh-hai-duong.chn,cafef
2022-10-25,"Một ngân hàng ""về đích"" sớm, hoàn thành kế hoạch lợi nhuận cả năm sau 9 tháng",Chiến lược tập trung bán lẻ và đẩy mạnh chuyển đổi số giúp ngân hàng ghi nhận kết quả kinh doanh ấn tượng.,https://cafef.vn/mot-ngan-hang-ve-dich-som-hoan-thanh-ke-hoach-loi-nhuan-ca-nam-sau-9-thang-20221025075842639.chn,cafef
2022-10-20,LPB: Giải trình LNST quý 3/2022 so với cùng kỳ năm trước,Ngân hàng Thương mại Cổ phần Bưu điện Liên Việt&nbsp;giải trình LNST quý 3/2022 so với cùng kỳ năm trước như sau:,https://cafef.vn/du-lieu/LPB-378134/lpb-giai-trinh-lnst-quy-32022-so-voi-cung-ky-nam-truoc.chn,cafef
2022-10-20,LPB122010: Ngân hàng Nhà nước chấp thuận cho Ngân hàng TMCP Bưu điện Liên Việt tăng vốn điều lệ,Ngân hàng Nhà nước chấp thuận cho Ngân hàng TMCP Bưu điện Liên Việt tăng vốn điều lệ,https://cafef.vn/du-lieu/LPB-378524/lpb122010-ngan-hang-nha-nuoc-chap-thuan-cho-ngan-hang-tmcp-buu-dien-lien-viet-tang-von-dieu-le.chn,cafef
2022-10-18,LPB: Công văn của NHNN v/v tăng Vốn điều lệ,Ngân hàng Thương mại Cổ phần Bưu điện Liên Việt&nbsp;công bố công văn của NHNN về việc tăng Vốn điều lệ như sau:,https://cafef.vn/du-lieu/LPB-379658/lpb-cong-van-cua-nhnn-vv-tang-von-dieu-le.chn,cafef
2022-10-13,LPB122010: 12230/2022/LienVietPostBank,12230/2022/LienVietPostBank,https://cafef.vn/du-lieu/LPB-381842/lpb122010-122302022lienvietpostbank.chn,cafef
2022-10-12,LPB: Giấy chứng nhận đăng ký hoạt động chi nhánh Quảng Ngãi thay đổi lần thứ 10,Ngân hàng Thương mại Cổ phần Bưu điện Liên Việt&nbsp;công bố&nbsp;Giấy chứng nhận đăng ký hoạt động chi nhánh Quảng Ngãi thay đổi lần thứ 10 như sau:,https://cafef.vn/du-lieu/LPB-382424/lpb-giay-chung-nhan-dang-ky-hoat-dong-chi-nhanh-quang-ngai-thay-doi-lan-thu-10.chn,cafef
2022-10-04,LPB122010: Thay đổi giấy đăng ký kinh doanh,Thay đổi giấy đăng ký kinh doanh,https://cafef.vn/du-lieu/LPB-385880/lpb122010-thay-doi-giay-dang-ky-kinh-doanh.chn,cafef
2022-10-04,LPB122010: Nghị quyết Hội đồng quản trị,Nghị quyết Hội đồng quản trị,https://cafef.vn/du-lieu/LPB-385883/lpb122010-nghi-quyet-hoi-dong-quan-tri.chn,cafef
2022-10-03,LPB: Nghị quyết HĐQT thông qua phương án triển khai chào bán trái phiếu,Ngân hàng Thương mại Cổ phần Bưu điện Liên Việt&nbsp;thông báo nghị quyết HĐQT thông qua phương án triển khai chào bán trái phiếu như sau:,https://cafef.vn/du-lieu/LPB-386612/lpb-nghi-quyet-hdqt-thong-qua-phuong-an-trien-khai-chao-ban-trai-phieu.chn,cafef
2022-10-03,LPB: Thay đổi giấy chứng nhận ĐKDN lần thứ 22,Ngân hàng Thương mại Cổ phần Bưu điện Liên Việt&nbsp;thông báo thay đổi giấy chứng nhận ĐKDN lần thứ 22 như sau:,https://cafef.vn/du-lieu/LPB-386624/lpb-thay-doi-giay-chung-nhan-dkdn-lan-thu-22.chn,cafef
2022-09-30,LPB122010: Giấy đăng ký ngày giao dịch bổ sung cổ phiếu phát hành ra công chúng của Ngân hàng TMCP Bưu điện Liên Việt,Giấy đăng ký ngày giao dịch bổ sung cổ phiếu phát hành ra công chúng của Ngân hàng TMCP Bưu điện Liên Việt,https://cafef.vn/du-lieu/LPB-387890/lpb122010-giay-dang-ky-ngay-giao-dich-bo-sung-co-phieu-phat-hanh-ra-cong-chung-cua-ngan-hang-tmcp-buu-dien-lien-viet.chn,cafef
2022-09-30,LPB122010: Quyết định thay đổi đăng ký niêm yết,11187/2022/TB-LienVietPostBank,https://cafef.vn/du-lieu/LPB-387896/lpb122010-quyet-dinh-thay-doi-dang-ky-niem-yet.chn,cafef
2022-09-28,LPB: Điều lệ công ty,Ngân hàng Thương mại Cổ phần Bưu điện Liên Việt thông báo điều lệ công ty&nbsp; như sau:,https://cafef.vn/du-lieu/LPB-388787/lpb-dieu-le-cong-ty.chn,cafef
2022-09-28,LPB122010: Nghị quyết Hội đồng quản trị,Nghị quyết Hội đồng quản trị,https://cafef.vn/du-lieu/LPB-388943/lpb122010-nghi-quyet-hoi-dong-quan-tri.chn,cafef
2022-09-28,LPB122010: Quyết định sửa đổi nội dung về mức vốn điều lệ tại điều lệ của Ngân hàng TMCP Bưu điện Liên Việt,Quyết định sửa đổi nội dung về mức vốn điều lệ tại điều lệ của Ngân hàng TMCP Bưu điện Liên Việt,https://cafef.vn/du-lieu/LPB-388949/lpb122010-quyet-dinh-sua-doi-noi-dung-ve-muc-von-dieu-le-tai-dieu-le-cua-ngan-hang-tmcp-buu-dien-lien-viet.chn,cafef
2022-09-27,LPB: Quyết định v/v sửa đổi nội dung về mức vốn điều lệ tại điều lệ,Ngân hàng Thương mại Cổ phần Bưu điện Liên Việt&nbsp;thông báo Quyết định về việc sửa đổi nội dung về mức vốn điều lệ tại điều lệ như sau:,https://cafef.vn/du-lieu/LPB-389225/lpb-quyet-dinh-vv-sua-doi-noi-dung-ve-muc-von-dieu-le-tai-dieu-le.chn,cafef
2022-09-27,LPB: Nghị quyết HĐQT v/v triển khai phương án tăng vốn điều lệ năm 2022,Ngân hàng Thương mại Cổ phần Bưu điện Liên Việt&nbsp;thông báo&nbsp;Nghị quyết HĐQT về việc triển khai phương án tăng vốn điều lệ năm 2022 như sau:,https://cafef.vn/du-lieu/LPB-389234/lpb-nghi-quyet-hdqt-vv-trien-khai-phuong-an-tang-von-dieu-le-nam-2022.chn,cafef
2022-09-19,LPB122010: Nghị quyết Hội đồng quản trị,Nghị quyết Hội đồng quản trị,https://cafef.vn/du-lieu/LPB-393368/lpb122010-nghi-quyet-hoi-dong-quan-tri.chn,cafef
2022-09-16,LPB: Nghị quyết HĐQT thay đổi tên gọi Chi nhánh Dung Quất,Ngân hàng Thương mại Cổ phần Bưu điện Liên Việt&nbsp;thông báo&nbsp;Nghị quyết HĐQT về việc thay đổi tên gọi Chi nhánh Dung Quất như sau:,https://cafef.vn/du-lieu/LPB-393710/lpb-nghi-quyet-hdqt-thay-doi-ten-goi-chi-nhanh-dung-quat.chn,cafef
2022-09-15,LPB122010: Quyết định của Ngân hàng Nhà nước Việt nam về việc sửa đổi nội dung Giấy phép thành lập và hoạt động của Ngân hàng TMCP Bưu điện Liên Việt,Quyết định của Ngân hàng Nhà nước Việt nam về việc  sửa đổi nội dung Giấy phép thành lập và hoạt động của Ngân hàng TMCP Bưu điện Liên Việt,https://cafef.vn/du-lieu/LPB-394658/lpb122010-quyet-dinh-cua-ngan-hang-nha-nuoc-viet-nam-ve-viec-sua-doi-noi-dung-giay-phep-thanh-lap-va-hoat-dong-cua-ngan-hang-tmcp-buu-dien-lien-viet.chn,cafef
2022-09-14,LPB: Quyết định của NHNN v/v sửa đổi nội dung về vốn điều lệ tại Giấy phép thành lập và hoạt động,Ngân hàng Thương mại Cổ phần Bưu điện Liên Việt&nbsp;công bố&nbsp;Quyết định của NHNN về việc sửa đổi nội dung về vốn điều lệ tại Giấy phép thành lập và hoạt động như sau:,https://cafef.vn/du-lieu/LPB-395141/lpb-quyet-dinh-cua-nhnn-vv-sua-doi-noi-dung-ve-von-dieu-le-tai-giay-phep-thanh-lap-va-hoat-dong.chn,cafef
2022-09-13,LPB122010: Giấy Chứng nhận đăng ký hoạt động chi nhánh Ngân hàng TMCP Bưu điện Liên Việt Chi nhánh Bảo lộc,Giấy Chứng nhận đăng ký hoạt động chi nhánh Ngân hàng TMCP Bưu điện Liên Việt Chi nhánh Bảo lộc,https://cafef.vn/du-lieu/LPB-395588/lpb122010-giay-chung-nhan-dang-ky-hoat-dong-chi-nhanh-ngan-hang-tmcp-buu-dien-lien-viet-chi-nhanh-bao-loc.chn,cafef
2022-09-13,LPB: Giấy chứng nhận đăng ký hoạt động chi nhánh Bảo Lộc,Ngân hàng Thương mại Cổ phần Bưu điện Liên Việt&nbsp;công bố Giấy chứng nhận đăng ký hoạt động chi nhánh Bảo Lộc như sau:,https://cafef.vn/du-lieu/LPB-395624/lpb-giay-chung-nhan-dang-ky-hoat-dong-chi-nhanh-bao-loc.chn,cafef
2022-09-09,"LPB121035: Giấy chứng nhận Đăng ký hoạt động Chi nhánh Ngân hàng TMCP Bưu điện Liên Việt: Chi nhánh Cẩm Thủy, Bỉm Sơn, Hồng Lĩnh","Giấy chứng nhận Đăng ký hoạt động Chi nhánh Ngân hàng TMCP Bưu điện Liên Việt: Chi nhánh Cẩm Thủy, Bỉm Sơn, Hồng Lĩnh",https://cafef.vn/du-lieu/LPB-397181/lpb121035-giay-chung-nhan-dang-ky-hoat-dong-chi-nhanh-ngan-hang-tmcp-buu-dien-lien-viet-chi-nhanh-cam-thuy-bim-son-hong-linh.chn,cafef
2022-09-09,"LPB122010: Giấy chứng nhận đăng ký hoạt động Chi nhánh Ngân hàng TMCP Bưu điện Liên Việt: Chi nhánh Cẩm Thủy, Chi nhánh Bỉm sơn, Chi nhánh Hồng Lĩnh","Giấy chứng nhận đăng ký hoạt động Chi nhánh Ngân hàng TMCP Bưu điện Liên Việt: Chi nhánh Cẩm Thủy, Chi nhánh Bỉm sơn, Chi nhánh Hồng Lĩnh",https://cafef.vn/du-lieu/LPB-397205/lpb122010-giay-chung-nhan-dang-ky-hoat-dong-chi-nhanh-ngan-hang-tmcp-buu-dien-lien-viet-chi-nhanh-cam-thuy-chi-nhanh-bim-son-chi-nhanh-hong-linh.chn,cafef
2022-09-07,"LPB: Giấy chứng nhận đăng ký hoạt động chi nhánh Cẩm Thủy, Bỉm Sơn Và Hồng Lĩnh","Ngân hàng Thương mại Cổ phần Bưu điện Liên Việt&nbsp;thông báo&nbsp;Giấy chứng nhận đăng ký hoạt động chi nhánh Cẩm Thủy, Bỉm Sơn Và Hồng Lĩnh như sau:",https://cafef.vn/du-lieu/LPB-398414/lpb-giay-chung-nhan-dang-ky-hoat-dong-chi-nhanh-cam-thuy-bim-son-va-hong-linh.chn,cafef
2022-08-29,LPB122010: Bổ sung thông tin Báo cáo tình hình quản trị công ty năm 2021,Bổ sung thông tin Báo cáo tình hình quản trị công ty năm 2021,https://cafef.vn/du-lieu/LPB-402656/lpb122010-bo-sung-thong-tin-bao-cao-tinh-hinh-quan-tri-cong-ty-nam-2021.chn,cafef
2022-08-25,LPB122010: Công văn của NHNN về việc chấp thuận thành lập Chi nhánh Ngân hàng,Ngân hàng TMCP Bưu điện Liên Việt nhận được Công văn của NHNN về việc chấp thuận thành lập Chi nhánh Ngân hàng,https://cafef.vn/du-lieu/LPB-404447/lpb122010-cong-van-cua-nhnn-ve-viec-chap-thuan-thanh-lap-chi-nhanh-ngan-hang.chn,cafef
2022-08-25,"LPB: Công văn của NHNN về việc chấp thuận thành lập chi nhánh, phòng GD của LPB","&nbsp;Ngân hàng Thương mại Cổ phần Bưu điện Liên Việt&nbsp;thông báo&nbsp;công văn của NHNN về việc chấp thuận thành lập chi nhánh, phòng GD của LPB như sau:",https://cafef.vn/du-lieu/LPB-404669/lpb-cong-van-cua-nhnn-ve-viec-chap-thuan-thanh-lap-chi-nhanh-phong-gd-cua-lpb.chn,cafef
2022-08-24,LPB: Bổ sung thông tin báo cáo tình hình quản trị công ty năm 2021,Ngân hàng Thương mại Cổ phần Bưu điện Liên Việt bổ sung thông tin báo cáo tình hình quản trị công ty năm 2021 như sau:,https://cafef.vn/du-lieu/LPB-405062/lpb-bo-sung-thong-tin-bao-cao-tinh-hinh-quan-tri-cong-ty-nam-2021.chn,cafef
2022-08-22,LPB122010: Nghị quyết của HĐQT v/v thay đổi địa điểm Chi nhánh Ngân hàng TMCP Bưu điện Liên Việt - Hà Tĩnh,Nghị quyết của HĐQT về việc thay đổi địa điểm Chi nhánh Ngân hàng TMCP Bưu điện Liên Việt - Hà Tĩnh,https://cafef.vn/du-lieu/LPB-406379/lpb122010-nghi-quyet-cua-hdqt-vv-thay-doi-dia-diem-chi-nhanh-ngan-hang-tmcp-buu-dien-lien-viet-ha-tinh.chn,cafef
2022-08-19,LPB: Nghị quyết HĐQT v/v thay đổi địa điểm trụ sở Chi nhánh Hà Tĩnh,Ngân hàng Thương mại Cổ phần Bưu điện Liên Việt thông báo Nghị quyết HĐQT về việc thay đổi địa điểm trụ sở Chi nhánh Hà Tĩnh như sau:,https://cafef.vn/du-lieu/LPB-406913/lpb-nghi-quyet-hdqt-vv-thay-doi-dia-diem-tru-so-chi-nhanh-ha-tinh.chn,cafef
2022-08-17,LPB122010: Đính chính thông tin Báo cáo tình hình quản trị công ty 6 tháng đầu năm 2022,Đính chính thông tin Báo cáo tình hình quản trị công ty 6 tháng đầu năm 2022,https://cafef.vn/du-lieu/LPB-408647/lpb122010-dinh-chinh-thong-tin-bao-cao-tinh-hinh-quan-tri-cong-ty-6-thang-dau-nam-2022.chn,cafef
2022-08-16,LPB122010: Giải trình về LNST 6 tháng đầu năm trên Báo cáo tài chính bán niên đã soát xét năm 2022,Giải trình về lợi nhuận sau thuế 6 tháng đầu năm trên Báo cáo tài chính bán niên đã soát xét năm 2022,https://cafef.vn/du-lieu/LPB-409133/lpb122010-giai-trinh-ve-lnst-6-thang-dau-nam-tren-bao-cao-tai-chinh-ban-nien-da-soat-xet-nam-2022.chn,cafef
2022-08-16,LPB: Bổ sung báo cáo tình hình quản trị công ty 6 tháng đầu năm 2022,&nbsp;Ngân hàng Thương mại Cổ phần Bưu điện Liên Việt&nbsp;thông báo bổ sung báo cáo tình hình quản trị công ty 6 tháng đầu năm 2022&nbsp;như sau:,https://cafef.vn/du-lieu/LPB-409601/lpb-bo-sung-bao-cao-tinh-hinh-quan-tri-cong-ty-6-thang-dau-nam-2022.chn,cafef
2022-08-15,LPB: Giải trình chênh lệch LNST 6 tháng đầu năm 2022 so với cùng kỳ năm trước,Ngân hàng Thương mại Cổ phần Bưu điện Liên Việt&nbsp;giải trình chênh lệch LNST 6 tháng đầu năm 2022 so với cùng kỳ năm trước như sau:,https://cafef.vn/du-lieu/LPB-409709/lpb-giai-trinh-chenh-lech-lnst-6-thang-dau-nam-2022-so-voi-cung-ky-nam-truoc.chn,cafef
2022-07-29,"LPB122010: Báo cáo tình hình thanh toán gốc, lãi trái phiếu doanh nghiệp","Báo cáo tình hình thanh toán gốc, lãi trái phiếu doanh nghiệp",https://cafef.vn/du-lieu/LPB-419588/lpb122010-bao-cao-tinh-hinh-thanh-toan-goc-lai-trai-phieu-doanh-nghiep.chn,cafef
2022-07-29,"LPB: Báo cáo định kỳ tình hình thanh toán gốc, lãi trái phiếu doanh nghiệp","Ngân hàng Thương mại Cổ phần Bưu điện Liên Việt&nbsp;công bố Báo cáo định kỳ tình hình thanh toán gốc, lãi trái phiếu doanh nghiệp như sau:",https://cafef.vn/du-lieu/LPB-420602/lpb-bao-cao-dinh-ky-tinh-hinh-thanh-toan-goc-lai-trai-phieu-doanh-nghiep.chn,cafef
2022-07-28,LPB122010: Báo cáo quản trị công ty bán niên 2022,Báo cáo quản trị công ty bán niên 2022,https://cafef.vn/du-lieu/LPB-421487/lpb122010-bao-cao-quan-tri-cong-ty-ban-nien-2022.chn,cafef
2022-07-28,LPB: Báo cáo tình hình quản trị công ty 6 tháng đầu năm 2022,Ngân hàng Thương mại Cổ phần Bưu điện Liên Việt,https://cafef.vn/du-lieu/LPB-421565/lpb-bao-cao-tinh-hinh-quan-tri-cong-ty-6-thang-dau-nam-2022.chn,cafef
2022-07-21,LPB: Giải trình chênh lệch lợi nhuận sau thuế quý 2/2022 so với quý 2/2021,Ngân hàng Thương mại Cổ phần Bưu điện Liên Việt&nbsp;công bố giải trình chênh lệch lợi nhuận sau thuế quý 2/2022 so với quý 2/2021&nbsp;như sau:,https://cafef.vn/du-lieu/LPB-426971/lpb-giai-trinh-chenh-lech-loi-nhuan-sau-thue-quy-22022-so-voi-quy-22021.chn,cafef
2022-07-19,LPB122010: Thay đổi Giấy chứng nhận đăng ký chứng khoán bổ sung của Trung tâm Lưu ký chứng khoán Việt Nam,NH TMCP Bưu điện Liên Việt đã nhận được Thay đổi Giấy chứng nhận đăng ký chứng khoán bổ sung của Trung tâm Lưu ký chứng khoán Việt Nam,https://cafef.vn/du-lieu/LPB-428474/lpb122010-thay-doi-giay-chung-nhan-dang-ky-chung-khoan-bo-sung-cua-trung-tam-luu-ky-chung-khoan-viet-nam.chn,cafef
2022-07-04,LPB121035: Ủy ban Chứng khoán Nhà nước đã nhận được đầy đủ tài liệu báo cáo kết quả chào bán thêm cổ phiếu ra công chúng của LPB,Ủy ban Chứng khoán Nhà nước đã nhận được đầy đủ tài liệu báo cáo kết quả chào bán thêm cổ phiếu ra công chúng của LPB,https://cafef.vn/du-lieu/LPB-436841/lpb121035-uy-ban-chung-khoan-nha-nuoc-da-nhan-duoc-day-du-tai-lieu-bao-cao-ket-qua-chao-ban-them-co-phieu-ra-cong-chung-cua-lpb.chn,cafef
2022-06-29,LPB: Công văn của UBCKNN v/v nhận được tài liệu báo cáo kết quả chào bán thêm cp ra công chúng,&nbsp;Ngân hàng Thương mại Cổ phần Bưu điện Liên Việt&nbsp;thông báo công văn của UBCKNN về việc nhận được tài liệu báo cáo kết quả chào bán thêm cổ phiếu ra công chúng của LPB như sau:,https://cafef.vn/du-lieu/LPB-439448/lpb-cong-van-cua-ubcknn-vv-nhan-duoc-tai-lieu-bao-cao-ket-qua-chao-ban-them-cp-ra-cong-chung.chn,cafef
2022-06-28,LPB121035: Công bố tỷ lệ sở hữu nước ngoài tối đa,Công bố tỷ lệ sở hữu nước ngoài tối đa,https://cafef.vn/du-lieu/LPB-441332/lpb121035-cong-bo-ty-le-so-huu-nuoc-ngoai-toi-da.chn,cafef
2022-06-28,LPB121035: Công bố tỷ lệ sở hữu nước ngoài tối đa,Công bố tỷ lệ sở hữu nước ngoài tối đa,https://cafef.vn/du-lieu/LPB-441335/lpb121035-cong-bo-ty-le-so-huu-nuoc-ngoai-toi-da.chn,cafef
2022-06-27,LPB: Công văn của UBCKNN về hồ sơ thông báo tỷ lệ SHNN tối đa của LPB,Ngân hàng Thương mại Cổ phần Bưu điện Liên Việt&nbsp;thông báo công văn của UBCKNN về hồ sơ thông báo tỷ lệ SHNN tối đa của LPB như sau:,https://cafef.vn/du-lieu/LPB-441527/lpb-cong-van-cua-ubcknn-ve-ho-so-thong-bao-ty-le-shnn-toi-da-cua-lpb.chn,cafef
2022-06-17,LPB: Nghị quyết HĐQT v/v xử lý cổ phiếu lẻ theo đợt chào bán cổ phiếu cho cổ đông hiện hữu,"Ngân hàng Thương mại Cổ phần Bưu điện Liên Việt&nbsp;thông báo&nbsp;Nghị quyết HĐQT về việc thông qua phương án xử lý cổ phiếu lẻ, cổ phiếu không phân phối hết theo đợt chào bán cổ phiếu cho cổ đông hiện hữu như sau:",https://cafef.vn/du-lieu/LPB-446048/lpb-nghi-quyet-hdqt-vv-xu-ly-co-phieu-le-theo-dot-chao-ban-co-phieu-cho-co-dong-hien-huu.chn,cafef
2022-06-07,LPB: Nhắc nhở công bố thông tin tài liệu họp ĐHĐCĐ thường niên năm 2022,Sở Giao dịch Chứng khoán Thành phố Hồ Chí Minh nhắc nhở công bố thông tin tài liệu họp ĐHĐCĐ thường niên năm 2022 đối với Ngân hàng Thương mại Cổ phần Bưu điện Liên Việt như sau:,https://cafef.vn/du-lieu/LPB-451463/lpb-nhac-nho-cong-bo-thong-tin-tai-lieu-hop-dhdcd-thuong-nien-nam-2022.chn,cafef
2022-05-27,LPB: Ngày giao dịch đầu tiên trái phiếu LPB122010,Ngân hàng Thương mại Cổ phần Bưu điện Liên Việt&nbsp;thông báo ngày giao dịch đầu tiên trái phiếu&nbsp;LPB122010 như sau:,https://cafef.vn/du-lieu/LPB-457361/lpb-ngay-giao-dich-dau-tien-trai-phieu-lpb122010.chn,cafef
2022-05-27,LPB: Ngày giao dịch đầu tiên trái phiếu LPB121035,Ngân hàng Thương mại Cổ phần Bưu điện Liên Việt&nbsp;thông báo ngày giao dịch đầu tiên trái phiếu LPB121035như sau:,https://cafef.vn/du-lieu/LPB-457367/lpb-ngay-giao-dich-dau-tien-trai-phieu-lpb121035.chn,cafef
2022-05-27,LPB: Ngày giao dịch đầu tiên trái phiếu LPB122011,Ngân hàng Thương mại Cổ phần Bưu điện Liên Việt&nbsp;thông báo ngày giao dịch đầu tiên trái phiếu &nbsp;LPB122011 như sau:,https://cafef.vn/du-lieu/LPB-457370/lpb-ngay-giao-dich-dau-tien-trai-phieu-lpb122011.chn,cafef
2022-05-27,LPB: Ngày giao dịch đầu tiên trái phiếu LPB121036,Ngân hàng Thương mại Cổ phần Bưu điện Liên Việt&nbsp;thông báo ngày giao dịch đầu tiên trái phiếu LPB121036 như sau:,https://cafef.vn/du-lieu/LPB-457373/lpb-ngay-giao-dich-dau-tien-trai-phieu-lpb121036.chn,cafef
2022-05-23,LPB: Giấy chứng nhận đăng ký doanh nghiệp thay đổi lần thứ 21,Ngân hàng Thương mại Cổ phần Bưu điện Liên Việt&nbsp;thông báo&nbsp;Giấy chứng nhận đăng ký doanh nghiệp thay đổi lần thứ 21 như sau:,https://cafef.vn/du-lieu/LPB-460346/lpb-giay-chung-nhan-dang-ky-doanh-nghiep-thay-doi-lan-thu-21.chn,cafef
2022-05-20,LPB: Quyết định của Sở Giao dịch Chứng khoán Hà Nội v/v chấp thuận niêm yết trái phiếu LPB,"Ngân hàng Thương mại Cổ phần Bưu điện Liên Việt&nbsp;công bố&nbsp;Quyết định của Sở Giao dịch Chứng khoán Hà Nội số 322, 323, 324, 325 về việc chấp thuận niêm yết trái phiếu LPB như sau:",https://cafef.vn/du-lieu/LPB-460709/lpb-quyet-dinh-cua-so-giao-dich-chung-khoan-ha-noi-vv-chap-thuan-niem-yet-trai-phieu-lpb.chn,cafef
2022-05-19,LPB121036: Bản công bố thông tin của Ngân hàng Thương mại cổ phần Bưu điện Liên Việt,Bản công bố thông tin của Ngân hàng Thương mại cổ phần Bưu điện Liên Việt (LPB121036),https://cafef.vn/du-lieu/LPB-461795/lpb121036-ban-cong-bo-thong-tin-cua-ngan-hang-thuong-mai-co-phan-buu-dien-lien-viet.chn,cafef
2022-05-19,LPB121036: Quyết định chấp thuận niêm yết trái phiếu Ngân hàng Thương mại cổ phần Bưu điện Liên Việt,Quyết định chấp thuận niêm yết trái phiếu Ngân hàng Thương mại cổ phần Bưu điện Liên Việt (LPB121036),https://cafef.vn/du-lieu/LPB-461828/lpb121036-quyet-dinh-chap-thuan-niem-yet-trai-phieu-ngan-hang-thuong-mai-co-phan-buu-dien-lien-viet.chn,cafef
2022-05-19,LPB122010: Quyết định chấp thuận niêm yết trái phiếu Ngân hàng Thương mại cổ phần Bưu điện Liên Việt,Quyết định chấp thuận niêm yết trái phiếu Ngân hàng Thương mại cổ phần Bưu điện Liên Việt (LPB122010),https://cafef.vn/du-lieu/LPB-461831/lpb122010-quyet-dinh-chap-thuan-niem-yet-trai-phieu-ngan-hang-thuong-mai-co-phan-buu-dien-lien-viet.chn,cafef
2022-05-19,LPB122010: Bản công bố thông tin của Ngân hàng Thương mại cổ phần Bưu điện Liên Việt,Bản công bố thông tin của Ngân hàng Thương mại cổ phần Bưu điện Liên Việt (LPB122010),https://cafef.vn/du-lieu/LPB-461834/lpb122010-ban-cong-bo-thong-tin-cua-ngan-hang-thuong-mai-co-phan-buu-dien-lien-viet.chn,cafef
2022-05-19,LPB122011: Quyết định chấp thuận niêm yết trái phiếu Ngân hàng Thương mại cổ phần Bưu điện Liên Việt,Quyết định chấp thuận niêm yết trái phiếu Ngân hàng Thương mại cổ phần Bưu điện Liên Việt (LPB122011),https://cafef.vn/du-lieu/LPB-461837/lpb122011-quyet-dinh-chap-thuan-niem-yet-trai-phieu-ngan-hang-thuong-mai-co-phan-buu-dien-lien-viet.chn,cafef
2022-05-19,LPB122011: Bản công bố thông tin củaNgân hàng Thương mại cổ phần Bưu điện Liên Việt (LPB122011),Bản công bố thông tin củaNgân hàng Thương mại cổ phần Bưu điện Liên Việt (LPB122011),https://cafef.vn/du-lieu/LPB-461840/lpb122011-ban-cong-bo-thong-tin-cuangan-hang-thuong-mai-co-phan-buu-dien-lien-viet-lpb122011.chn,cafef
2022-05-19,LPB121035: Quyết định chấp thuận niêm yết trái phiếu Ngân hàng Thương mại cổ phần Bưu điện Liên Việt,Quyết định chấp thuận niêm yết trái phiếu Ngân hàng Thương mại cổ phần Bưu điện Liên Việt (LPB121035),https://cafef.vn/du-lieu/LPB-461843/lpb121035-quyet-dinh-chap-thuan-niem-yet-trai-phieu-ngan-hang-thuong-mai-co-phan-buu-dien-lien-viet.chn,cafef
2022-05-19,LPB121035: Bản công bố thông tin của Ngân hàng Thương mại cổ phần Bưu điện Liên Việt,Bản công bố thông tin của Ngân hàng Thương mại cổ phần Bưu điện Liên Việt (LPB121035),https://cafef.vn/du-lieu/LPB-461846/lpb121035-ban-cong-bo-thong-tin-cua-ngan-hang-thuong-mai-co-phan-buu-dien-lien-viet.chn,cafef
2022-05-06,LPB: Điều lệ công ty,Ngân hàng Thương mại Cổ phần Bưu điện Liên Việt&nbsp;công bố&nbsp;Điều lệ công ty như sau:,https://cafef.vn/du-lieu/LPB-469697/lpb-dieu-le-cong-ty.chn,cafef
2022-05-05,LPB122011: Nhận hồ sơ đăng ký niêm yết chứng khoán tại Sở GDCK Hà Nội,Nhận hồ sơ đăng ký niêm yết chứng khoán tại Sở GDCK Hà Nội,https://cafef.vn/du-lieu/LPB-470789/lpb122011-nhan-ho-so-dang-ky-niem-yet-chung-khoan-tai-so-gdck-ha-noi.chn,cafef
2022-05-05,LPB121036: Nhận hồ sơ đăng ký niêm yết chứng khoán tại Sở GDCK Hà Nội,Nhận hồ sơ đăng ký niêm yết chứng khoán tại Sở GDCK Hà Nội,https://cafef.vn/du-lieu/LPB-470831/lpb121036-nhan-ho-so-dang-ky-niem-yet-chung-khoan-tai-so-gdck-ha-noi.chn,cafef
2022-05-05,LPB122010: Nhận hồ sơ đăng ký niêm yết chứng khoán tại Sở GDCK Hà Nội,Nhận hồ sơ đăng ký niêm yết chứng khoán tại Sở GDCK Hà Nội,https://cafef.vn/du-lieu/LPB-470834/lpb122010-nhan-ho-so-dang-ky-niem-yet-chung-khoan-tai-so-gdck-ha-noi.chn,cafef
2022-05-05,LPB121035: Nhận hồ sơ đăng ký niêm yết chứng khoán tại Sở GDCK Hà Nội,Nhận hồ sơ đăng ký niêm yết chứng khoán tại Sở GDCK Hà Nội,https://cafef.vn/du-lieu/LPB-470891/lpb121035-nhan-ho-so-dang-ky-niem-yet-chung-khoan-tai-so-gdck-ha-noi.chn,cafef
2022-05-04,LPB: Tài liệu họp ĐHĐCĐ thường niên năm 2022,Ngân hàng Thương mại Cổ phần Bưu điện Liên Việt&nbsp;thông báo tài liệu họp ĐHĐCĐ thường niên năm 2022 như sau:,https://cafef.vn/du-lieu/LPB-472334/lpb-tai-lieu-hop-dhdcd-thuong-nien-nam-2022.chn,cafef
2022-04-29,LPB: Nghị quyết và Biên bản họp ĐHĐCĐ thường niên năm 2022,Ngân hàng Thương mại Cổ phần Bưu điện Liên Việt&nbsp;công bố&nbsp;Nghị quyết và Biên bản họp ĐHĐCĐ thường niên năm 2022 như sau:,https://cafef.vn/du-lieu/LPB-475001/lpb-nghi-quyet-va-bien-ban-hop-dhdcd-thuong-nien-nam-2022.chn,cafef
2022-04-28,"ĐHCĐ LienVietPostBank: Tháng 6 có thể đàm phán xong HĐ độc quyền bảo hiểm, năm nay bán vốn cho nước ngoài và trả cổ tức 15%","Ông Phạm Doãn Sơn, Phó chủ tịch kiêm TGĐ LienVietPostBank cho biết, kịch bản lợi nhuận 4.800 tỷ đồng của năm 2022 là an toàn nhất, dự phòng trường hợp xấu do Covid. Tháng 6 nếu đàm phán xong hợp đồng bảo hiểm thì lợi nhuận năm nay sẽ thay đổi rất nhiều.",https://cafef.vn/dhcd-lienvietpostbank-thang-6-co-the-dam-phan-xong-hd-doc-quyen-bao-hiem-nam-nay-ban-von-cho-nuoc-ngoai-va-tra-co-tuc-15-20220428163446183.chn,cafef
2022-04-27,LPB: Quyết định của NHNNVN v/v bổ sung nội dung Giấy phép thành lập và hoạt động của LPB,Ngân hàng Thương mại Cổ phần Bưu điện Liên Việt&nbsp;thông báo&nbsp;Quyết định của NHNNVN về việc bổ sung nội dung Giấy phép thành lập và hoạt động của LPB như sau:,https://cafef.vn/du-lieu/LPB-476780/lpb-quyet-dinh-cua-nhnnvn-vv-bo-sung-noi-dung-giay-phep-thanh-lap-va-hoat-dong-cua-lpb.chn,cafef
2022-04-20,LPB: Giải trình LNST quý 1/2022 so với cùng kỳ năm trước,Ngân hàng Thương mại Cổ phần Bưu điện Liên Việt&nbsp;giải trình LNST quý 1/2022 so với cùng kỳ năm trước như sau:,https://cafef.vn/du-lieu/LPB-484028/lpb-giai-trinh-lnst-quy-12022-so-voi-cung-ky-nam-truoc.chn,cafef
2022-01-28,LPB: Thông báo ký kết hợp đồng kiểm toán BCTC 2022,Ngân hàng Thương mại Cổ phần Bưu điện Liên Việt&nbsp;thông báo&nbsp;ký kết hợp đồng kiểm toán BCTC 2022 như sau:,https://cafef.vn/du-lieu/LPB-504176/lpb-thong-bao-ky-ket-hop-dong-kiem-toan-bctc-2022.chn,cafef
2022-01-28,LPB: Báo cáo tình hình quản trị công ty năm 2021,Ngân hàng Thương mại Cổ phần Bưu điện Liên Việt&nbsp;công bố báo cáo tình hình quản trị công ty năm 2021 như sau:,https://cafef.vn/du-lieu/LPB-504455/lpb-bao-cao-tinh-hinh-quan-tri-cong-ty-nam-2021.chn,cafef
2022-01-25,LPB: Chào bán trái phiếu ra công chúng,Ngân hàng Thương mại Cổ phần Bưu điện Liên Việt&nbsp;thông báo chào bán trái phiếu ra công chúng như sau:,https://cafef.vn/du-lieu/LPB-508289/lpb-chao-ban-trai-phieu-ra-cong-chung.chn,cafef
2022-01-24,LPB: Chào bán trái phiếu ra công chúng,&nbsp;Ngân hàng Thương mại Cổ phần Bưu điện Liên Việt&nbsp;thông báo chào bán trái phiếu ra công chúng&nbsp; như sau:,https://cafef.vn/du-lieu/LPB-509078/lpb-chao-ban-trai-phieu-ra-cong-chung.chn,cafef
2022-01-20,LPB: Giải trình LNST quý 4/2021 so với cùng kỳ năm trước,Ngân hàng Thương mại Cổ phần Bưu điện Liên Việt&nbsp;giải trình LNST quý 4/2021 so với cùng kỳ năm trước như sau:,https://cafef.vn/du-lieu/LPB-511478/lpb-giai-trinh-lnst-quy-42021-so-voi-cung-ky-nam-truoc.chn,cafef
2022-01-20,LPB: Công văn của UBCKNN về triển khai chào bán trái phiếu ra công chúng đợt 2 của LPB,&nbsp;Ngân hàng Thương mại Cổ phần Bưu điện Liên Việt&nbsp;thông báo công văn của UBCKNN về triển khai chào bán trái phiếu ra công chúng đợt 2 của LPB như sau:,https://cafef.vn/du-lieu/LPB-511574/lpb-cong-van-cua-ubcknn-ve-trien-khai-chao-ban-trai-phieu-ra-cong-chung-dot-2-cua-lpb.chn,cafef
2022-01-14,LPB: Công văn của UBCKNN về báo cáo kết quả chào bán trái phiếu ra công chúng đợt 1 của LPB,Công văn của UBCKNN về báo cáo kết quả chào bán trái phiếu ra công chúng đợt 1 của Ngân hàng Thương mại Cổ phần Bưu điện Liên Việt&nbsp;như sau:,https://cafef.vn/du-lieu/LPB-515069/lpb-cong-van-cua-ubcknn-ve-bao-cao-ket-qua-chao-ban-trai-phieu-ra-cong-chung-dot-1-cua-lpb.chn,cafef
2026-05-08,"LPB: 14.5.2026, ngày GDKHQ chi trả cổ tức năm 2025 bằng tiền mặt (3.000 đ/cp)",Sở Giao dịch Chứng khoán Thành phố Hồ Chí Minh thông báo ngày ĐKCC chi trả cổ tức năm 2025 bằng tiền mặt của Ngân hàng Thương mại Cổ phần Lộc Phát Việt Nam,https://cafef.vn/du-lieu/LPB-2882555/lpb-1452026-ngay-gdkhq-chi-tra-co-tuc-nam-2025-bang-tien-mat-3000-dcp.chn,cafef
2025-05-13,"LPB: 19.5.2025, ngày GDKHQ trả cổ tức năm 2024 bằng tiền mặt (2.500 đ/cp)",Sở Giao dịch Chứng khoán Thành phố Hồ Chí Minh thông báo ngày ĐKCC trả cổ tức năm 2024 bằng tiền mặt của Ngân hàng Thương mại Cổ phần Lộc Phát Việt Nam,https://cafef.vn/du-lieu/LPB-2201561/lpb-1952025-ngay-gdkhq-tra-co-tuc-nam-2024-bang-tien-mat-2500-dcp.chn,cafef
2025-01-08,LPB: Đã phát hành 429.665.684 cổ phiếu để trả cổ tức,Ngân hàng Thương mại Cổ phần Lộc Phát Việt Nam công bố báo cáo kết quả đợt phát hành cổ phiếu để trả cổ tức,https://cafef.vn/du-lieu/LPB-2112439/lpb-da-phat-hanh-429665684-co-phieu-de-tra-co-tuc.chn,cafef
2024-12-24,"LPB: 27.12.2024, ngày GDKHQ trả cổ tức năm 2023 bằng cổ phiếu (tỷ lệ 16,8%)",Sở Giao dịch Chứng khoán Thành phố Hồ Chí Minh thông báo ngày ĐKCC trả cổ tức năm 2023 bằng cổ phiếu của Ngân hàng Thương mại Cổ phần Lộc Phát Việt Nam,https://cafef.vn/du-lieu/LPB-2112438/lpb-27122024-ngay-gdkhq-tra-co-tuc-nam-2023-bang-co-phieu-ty-le-168.chn,cafef
2023-08-30,LPB: Đã phát hành 328.511.047 cổ phiếu để trả cổ tức,Ngân hàng Thương mại Cổ phần Bưu điện Liên Việt công bố Báo cáo kết quả phát hành cổ phiếu để trả cổ tức như sau,https://cafef.vn/du-lieu/LPB-1785965/lpb-da-phat-hanh-328511047-co-phieu-de-tra-co-tuc.chn,cafef
2023-07-21,"LPB: 22.8.2023, ngày GDKHQ chi trả cổ tức năm 2022 (tỷ lệ 100:19), bán ưu đãi (tỷ lệ 100.000:28.916)",Sở Giao dịch Chứng khoán Thành phố Hồ Chí Minh thông báo ngày ĐKCC chi trả cổ tức năm 2022 bằng cổ phiếu đối với Ngân hàng Thương mại Cổ phần Bưu điện Liên Việt (mã CK: LPB) như sau,https://cafef.vn/du-lieu/LPB-1892269/lpb-2282023-ngay-gdkhq-chi-tra-co-tuc-nam-2022-ty-le-10019-ban-uu-dai-ty-le-10000028916.chn,cafef
2023-05-15,Cổ đông nhiều ngân hàng nhận tin vui,"Trong những ngày đầu tháng 5, một loạt ngân hàng đã thông qua kế hoạch chi trả cổ tức. Đáng chú ý, HDBank sẽ trả cổ tức bằng tiền mặt theo tỷ lệ 10% trong khi OCB sẽ chia cổ tức 50% bằng cổ phiếu.",https://cafef.vn/co-dong-nhieu-ngan-hang-nhan-tin-vui-188230515061602343.chn,cafef
2022-12-02,LPB122010: Báo cáo kết quả phát hành cổ phiếu để trả cổ tức năm 2021,Báo cáo kết quả phát hành cổ phiếu để trả cổ tức năm 2021,https://cafef.vn/du-lieu/LPB-356825/lpb122010-bao-cao-ket-qua-phat-hanh-co-phieu-de-tra-co-tuc-nam-2021.chn,cafef
2022-11-25,LPB: Đã phát hành 225.519.376 cổ phiếu để trả cổ tức,Ngân hàng Thương mại Cổ phần Bưu điện Liên Việt&nbsp;công bố&nbsp;Báo cáo kết quả phát hành cổ phiếu để trả cổ tức như sau:,https://cafef.vn/du-lieu/LPB-360137/lpb-da-phat-hanh-225519376-co-phieu-de-tra-co-tuc.chn,cafef
2022-11-10,"LPB: 17.11.2022, ngày GDKHQ chi trả cổ tức năm 2021 (tỷ lệ 100:15)",Sở Giao dịch Chứng khoán Thành phố Hồ Chí Minh thông báo&nbsp;ngày ĐKCC chi trả cổ tức năm 2021 bằng cổ phiếu của&nbsp;&nbsp;Ngân hàng Thương mại Cổ phần Bưu điện Liên Việt (mã CK: LPB)&nbsp;như sau:,https://cafef.vn/du-lieu/LPB-366950/lpb-17112022-ngay-gdkhq-chi-tra-co-tuc-nam-2021-ty-le-10015.chn,cafef
2022-06-27,LPB: Đã chào bán 264.999.670 cổ phiếu ra công chúng,Ngân hàng Thương mại Cổ phần Bưu điện Liên Việt&nbsp;công bố&nbsp;Báo cáo kết quả đợt chào bán cổ phiếu ra công chúng như sau:,https://cafef.vn/du-lieu/LPB-442103/lpb-da-chao-ban-264999670-co-phieu-ra-cong-chung.chn,cafef
2022-03-31,"LPB: 5.4.2022, ngày GDKHQ để thực hiện quyền mua cổ phiếu (tỷ lệ 100 : 21.395)",Sở Giao dịch Chứng khoán Thành phố Hồ Chí Minh thông báo&nbsp;ngày ĐKCC để thực hiện quyền mua cổ phiếu của&nbsp;Ngân hàng Thương mại Cổ phần Bưu điện Liên Việt&nbsp;như sau:,https://cafef.vn/du-lieu/LPB-1835957/lpb-542022-ngay-gdkhq-de-thuc-hien-quyen-mua-co-phieu-ty-le-100--21395.chn,cafef
2022-01-28,LPB: Đã phát hành 34.995.849 cp ESOP,Ngân hàng Thương mại Cổ phần Bưu điện Liên Việt&nbsp;công bố&nbsp;Báo cáo kết quả phát hành cổ phiếu theo chương trình lựa chọn cho người lao động như sau:,https://cafef.vn/du-lieu/LPB-504167/lpb-da-phat-hanh-34995849-cp-esop.chn,cafef
