date,title,description,url,source
2026-06-05,NVL: Công văn về tái cấu trúc gói Trái phiếu chuyển đổi của công ty,Công ty Cổ phần Tập đoàn Đầu tư Địa ốc No Va công bố công văn về tái cấu trúc gói Trái phiếu chuyển đổi của công ty,https://cafef.vn/du-lieu/NVL-2902917/nvl-cong-van-ve-tai-cau-truc-goi-trai-phieu-chuyen-doi-cua-cong-ty.chn,cafef
2026-06-01,NVL: Thông báo phát hành cổ phiếu để tăng vốn cổ phần từ NVCSH,Công ty Cổ phần Tập đoàn Đầu tư Địa ốc No Va thông báo phát hành cổ phiếu để tăng vốn cổ phần từ NVCSH,https://cafef.vn/du-lieu/NVL-2899671/nvl-thong-bao-phat-hanh-co-phieu-de-tang-von-co-phan-tu-nvcsh.chn,cafef
2026-05-28,NVL: CBTT liên quan đến tái cấu trúc gói trái phiếu chuyển đổi,Công ty Cổ phần Tập đoàn Đầu tư Địa ốc No Va thông báo liên quan đến tái cấu trúc gói trái phiếu chuyển đổi,https://cafef.vn/du-lieu/NVL-2897238/nvl-cbtt-lien-quan-den-tai-cau-truc-goi-trai-phieu-chuyen-doi.chn,cafef
2026-05-26,"NVL: 3.6.2026, ngày GDKHQ lấy ý kiến cổ đông bằng văn bản",Sở Giao dịch Chứng khoán TP.HCM thông báo về ngày đăng ký cuối cùng lấy ý kiến cổ đông bằng văn bản của Công ty Cổ phần Tập đoàn Đầu tư Địa ốc No Va,https://cafef.vn/du-lieu/NVL-2895491/nvl-362026-ngay-gdkhq-lay-y-kien-co-dong-bang-van-ban.chn,cafef
2026-05-25,NVL: Nghị quyết HĐQT triển khai thực hiện phương án phát hành cổ phiếu để tăng vốn cổ phần,"Công ty Cổ phần Tập đoàn Đầu tư Địa ốc No Va thông báo Nghị quyết HĐQT số 22,23 ngày 21/05/2026",https://cafef.vn/du-lieu/NVL-2894211/nvl-nghi-quyet-hdqt-trien-khai-thuc-hien-phuong-an-phat-hanh-co-phieu-de-tang-von-co-phan.chn,cafef
2026-05-18,NVL: Thông báo Quyết định của Thuế TP.HCM về việc xử phạt vi phạm hành chính về thuế,Công ty Cổ phần Tập đoàn Đầu tư Địa ốc No Va thông báo Quyết định của Thuế TP.HCM về việc xử phạt vi phạm hành chính về thuế,https://cafef.vn/du-lieu/NVL-2889396/nvl-thong-bao-quyet-dinh-cua-thue-tphcm-ve-viec-xu-phat-vi-pham-hanh-chinh-ve-thue.chn,cafef
2026-05-12,NVL: Giấy chứng nhận đăng ký doanh nghiệp thay đổi lần thứ 75,Công ty Cổ phần Tập đoàn Đầu tư Địa ốc No Va thông báo Giấy chứng nhận đăng ký doanh nghiệp thay đổi lần thứ 75,https://cafef.vn/du-lieu/NVL-2885448/nvl-giay-chung-nhan-dang-ky-doanh-nghiep-thay-doi-lan-thu-75.chn,cafef
2026-04-29,"NVL: Nghị quyết HĐQT thông qua việc ban hành Điều lệ Công Ty, Quy chế Quản trị Công Ty, Quy chế hoạt động của HĐQT cập nhật các sửa đổi",Công ty Cổ phần Tập đoàn Đầu tư Địa ốc No Va thông báo Nghị quyết HĐQT số 21 ngày 29/04/2026,https://cafef.vn/du-lieu/NVL-2876754/nvl-nghi-quyet-hdqt-thong-qua-viec-ban-hanh-dieu-le-cong-ty-quy-che-quan-tri-cong-ty-quy-che-hoat-dong-cua-hdqt-cap-nhat-cac-sua-doi.chn,cafef
2026-04-29,NVL: Nghị quyết HĐQT về việc tăng vốn điều lệ công ty,Công ty Cổ phần Tập đoàn Đầu tư Địa ốc No Va thông báo Nghị quyết HĐQT về việc tăng vốn điều lệ công ty,https://cafef.vn/du-lieu/NVL-2876742/nvl-nghi-quyet-hdqt-ve-viec-tang-von-dieu-le-cong-ty.chn,cafef
2026-04-24,NVL: Nghị quyết HĐQT bổ nhiệm ông Bùi Cao Nhật Quân làm Chủ tịch HĐQT từ 23.4.2026,Công ty Cổ phần Tập đoàn Đầu tư Địa ốc No Va thông báo Nghị quyết HĐQT về việc bầu Chủ tịch HĐQT,https://cafef.vn/du-lieu/NVL-2675228/nvl-nghi-quyet-hdqt-bo-nhiem-ong-bui-cao-nhat-quan-lam-chu-tich-hdqt-tu-2342026.chn,cafef
2026-04-24,NVL: Nghị quyết HĐQT về việc thay đổi người đại diện theo pháp luật,Công ty Cổ phần Tập đoàn Đầu tư Địa ốc No Va thông báo Nghị quyết HĐQT về việc thay đổi người đại diện theo pháp luật,https://cafef.vn/du-lieu/NVL-2675229/nvl-nghi-quyet-hdqt-ve-viec-thay-doi-nguoi-dai-dien-theo-phap-luat.chn,cafef
2026-04-24,NVL: Nghị quyết và Biên bản họp ĐHĐCĐ thường niên 2026,Công ty Cổ phần Tập đoàn Đầu tư Địa ốc No Va thông báo Nghị quyết và Biên bản họp ĐHĐCĐ thường niên 2026,https://cafef.vn/du-lieu/NVL-2675226/nvl-nghi-quyet-va-bien-ban-hop-dhdcd-thuong-nien-2026.chn,cafef
2026-04-22,NVL: Nghị quyết HĐQT về các tài liệu thay đổi tại ĐHĐCĐ thường niên năm 2026,Công ty Cổ phần Tập đoàn Đầu tư Địa ốc No Va công bố Nghị quyết HĐQT về các tài liệu thay đổi tại ĐHĐCĐ thường niên năm 2026,https://cafef.vn/du-lieu/NVL-2672570/nvl-nghi-quyet-hdqt-ve-cac-tai-lieu-thay-doi-tai-dhdcd-thuong-nien-nam-2026.chn,cafef
2026-04-20,NVL: Nghị quyết HĐQT thông qua danh sách ứng viên được cổ đông đề cử vào vị trí Thành viên HĐQT,Công ty Cổ phần Tập đoàn Đầu tư Địa ốc No Va thông báo Nghị quyết HĐQT về việc thông qua danh sách ứng viên được cổ đông đề cử vào vị trí Thành viên HĐQT,https://cafef.vn/du-lieu/NVL-2670959/nvl-nghi-quyet-hdqt-thong-qua-danh-sach-ung-vien-duoc-co-dong-de-cu-vao-vi-tri-thanh-vien-hdqt.chn,cafef
2026-04-20,"NVL: Nghị quyết HĐQT về việc bổ sung, điều chỉnh tài liệu họp ĐHĐCĐ thường niên năm 2026","Công ty Cổ phần Tập đoàn Đầu tư Địa ốc No Va công bố Nghị quyết HĐQT về việc bổ sung, điều chỉnh tài liệu họp ĐHĐCĐ thường niên năm 2026",https://cafef.vn/du-lieu/NVL-2671070/nvl-nghi-quyet-hdqt-ve-viec-bo-sung-dieu-chinh-tai-lieu-hop-dhdcd-thuong-nien-nam-2026.chn,cafef
2026-04-16,"NVL tăng 70% sau hơn 1 tháng: Nhóm cổ đông liên quan ông Bùi Thành Nhơn bị ""ép"" bán lượng cổ phần hàng chục tỷ đồng",Tổng cộng nhóm cổ đông liên quan tới Chủ tịch NVL đã bị bán giải chấp lượng cổ phần giá trị 20 tỷ đồng.,https://cafef.vn/nvl-tang-70-sau-hon-1-thang-nhom-co-dong-lien-quan-ong-bui-thanh-nhon-bi-ep-ban-luong-co-phan-hang-chuc-ty-dong-188260416000314529.chn,cafef
2026-04-15,NVL: Thông báo đường dẫn báo cáo thường niên năm 2025,Công ty Cổ phần Tập đoàn Đầu tư Địa ốc No Va thông báo đường dẫn báo cáo thường niên năm 2025,https://cafef.vn/du-lieu/NVL-2666867/nvl-thong-bao-duong-dan-bao-cao-thuong-nien-nam-2025.chn,cafef
2026-04-08,NVL: CBTT liên quan đến Quyết định của Toà án,Công ty Cổ phần Tập đoàn Đầu tư Địa ốc No Va thông báo liên quan đến Quyết định của Toà án,https://cafef.vn/du-lieu/NVL-2663167/nvl-cbtt-lien-quan-den-quyet-dinh-cua-toa-an.chn,cafef
2026-04-03,NVL: Tài liệu họp ĐHĐCĐ thường niên năm 2026,Công ty Cổ phần Tập đoàn Đầu tư Địa ốc No Va công bố tài liệu họp ĐHĐCĐ thường niên năm 2026,https://cafef.vn/du-lieu/NVL-2658164/nvl-tai-lieu-hop-dhdcd-thuong-nien-nam-2026.chn,cafef
2026-04-03,NVL: Thông báo về việc đề cử ứng viên để bầu thành viên HĐQT,Công ty Cổ phần Tập đoàn Đầu tư Địa ốc No Va thông báo về việc đề cử ứng viên để bầu thành viên HĐQT,https://cafef.vn/du-lieu/NVL-2658159/nvl-thong-bao-ve-viec-de-cu-ung-vien-de-bau-thanh-vien-hdqt.chn,cafef
2026-04-03,NVL: Nghị quyết HĐQT thông qua chương trình họp ĐHĐCĐ thường niên năm 2026,Công ty Cổ phần Tập đoàn Đầu tư Địa ốc No Va công bố Nghị quyết HĐQT thông qua chương trình họp ĐHĐCĐ thường niên năm 2026,https://cafef.vn/du-lieu/NVL-2658162/nvl-nghi-quyet-hdqt-thong-qua-chuong-trinh-hop-dhdcd-thuong-nien-nam-2026.chn,cafef
2026-03-31,NVL: Nghị quyết HĐQT về việc phát hành cổ phiếu để chuyển đổi trái phiếu chuyển đổi,Công ty Cổ phần Tập đoàn Đầu tư Địa ốc No Va thông báo Nghị quyết HĐQT về việc phát hành cổ phiếu để chuyển đổi trái phiếu chuyển đổi,https://cafef.vn/du-lieu/NVL-2657198/nvl-nghi-quyet-hdqt-ve-viec-phat-hanh-co-phieu-de-chuyen-doi-trai-phieu-chuyen-doi.chn,cafef
2026-03-27,"NVL: Nghị quyết HĐQT số 10, 11 ngày 26/03/2026","Công ty Cổ phần Tập đoàn Đầu tư Địa ốc No Va thông báo Nghị quyết HĐQT số 10, 11 ngày 26/03/2026",https://cafef.vn/du-lieu/NVL-2581519/nvl-nghi-quyet-hdqt-so-10-11-ngay-26032026.chn,cafef
2026-03-20,NVL: Đính chính báo cáo kết quả chuyển đổi trái phiếu chuyển đổi quốc tế thành cổ phiếu,Công ty Cổ phần Tập đoàn Đầu tư Địa ốc No Va đính chính báo cáo kết quả chuyển đổi trái phiếu chuyển đổi quốc tế thành cổ phiếu,https://cafef.vn/du-lieu/NVL-2423764/nvl-dinh-chinh-bao-cao-ket-qua-chuyen-doi-trai-phieu-chuyen-doi-quoc-te-thanh-co-phieu.chn,cafef
2026-03-06,"NVL: 18.3.2026, ngày GDKHQ tham dự ĐHĐCĐ thường niên năm 2026",Sở Giao dịch Chứng khoán Thành phố Hồ Chí Minh thông báo về ngày đăng ký cuối cùng tham dự ĐHĐCĐ thường niên năm 2026 của Công ty Cổ phần Tập đoàn Đầu tư Địa ốc No Va,https://cafef.vn/du-lieu/NVL-2413651/nvl-1832026-ngay-gdkhq-tham-du-dhdcd-thuong-nien-nam-2026.chn,cafef
2026-02-27,NVL: Bổ sung Báo cáo tình hình quản trị Công ty năm 2025,Công ty Cổ phần Tập đoàn Đầu tư Địa ốc No Va công bố bổ sung Báo cáo tình hình quản trị Công ty năm 2025,https://cafef.vn/du-lieu/NVL-2408966/nvl-bo-sung-bao-cao-tinh-hinh-quan-tri-cong-ty-nam-2025.chn,cafef
2026-02-27,NVL: Thông báo và Nghị quyết HĐQT về ngày đăng ký cuối cùng để thực hiện quyền tham dự ĐHĐCĐ thường niên năm 2026,Công ty Cổ phần Tập đoàn Đầu tư Địa ốc No Va công bố Thông báo và Nghị quyết HĐQT về ngày đăng ký cuối cùng để thực hiện quyền tham dự ĐHĐCĐ thường niên năm 2026,https://cafef.vn/du-lieu/NVL-2409005/nvl-thong-bao-va-nghi-quyet-hdqt-ve-ngay-dang-ky-cuoi-cung-de-thuc-hien-quyen-tham-du-dhdcd-thuong-nien-nam-2026.chn,cafef
2026-02-12,"NVL: Nghị quyết HĐQT thông qua chủ trương thực hiện các hợp đồng, giao dịch với Người có liên quan năm 2026","Công ty Cổ phần Tập đoàn Đầu tư Địa ốc No Va công bố Nghị quyết HĐQT thông qua chủ trương thực hiện các hợp đồng, giao dịch với Người có liên quan năm 2026",https://cafef.vn/du-lieu/NVL-2402357/nvl-nghi-quyet-hdqt-thong-qua-chu-truong-thuc-hien-cac-hop-dong-giao-dich-voi-nguoi-co-lien-quan-nam-2026.chn,cafef
2026-02-12,NVL: Giấy chứng nhận đăng ký doanh nghiệp thay đổi lần thứ 74,Công ty Cổ phần Tập đoàn Đầu tư Địa ốc No Va công bố Giấy chứng nhận đăng ký doanh nghiệp thay đổi lần thứ 74,https://cafef.vn/du-lieu/NVL-2402359/nvl-giay-chung-nhan-dang-ky-doanh-nghiep-thay-doi-lan-thu-74.chn,cafef
2026-02-06,NVL: Nghị quyết HĐQT về việc tăng vốn điều lệ sau khi phát hành cp để chuyển đổi trái phiếu chuyển đổi,Công ty Cổ phần Tập đoàn Đầu tư Địa ốc No Va thông báo Nghị quyết HĐQT về việc tăng vốn điều lệ sau khi phát hành CP để chuyển đổi trái phiếu chuyển đổi,https://cafef.vn/du-lieu/NVL-2399067/nvl-nghi-quyet-hdqt-ve-viec-tang-von-dieu-le-sau-khi-phat-hanh-cp-de-chuyen-doi-trai-phieu-chuyen-doi.chn,cafef
2026-01-26,"NVL: Báo cáo định kỳ tình hình thanh toán gốc, lãi trái phiếu doanh nghiệp năm 2025 - NVL122001","Công ty Cổ phần Tập đoàn Đầu tư Địa ốc No Va công bố báo cáo định kỳ tình hình thanh toán gốc, lãi trái phiếu doanh nghiệp năm 2025 - NVL122001",https://cafef.vn/du-lieu/NVL-2390547/nvl-bao-cao-dinh-ky-tinh-hinh-thanh-toan-goc-lai-trai-phieu-doanh-nghiep-nam-2025-nvl122001.chn,cafef
2026-01-26,NVL: Nghị quyết HĐQT về việc cam kết góp vốn bổ sung vào Công ty TNHH Đầu tư và BDS Tường Minh,Công ty Cổ phần Tập đoàn Đầu tư Địa ốc No Va thông báo Nghị quyết HĐQT về việc cam kết góp vốn bổ sung vào Công ty TNHH Đầu tư và BDS Tường Minh,https://cafef.vn/du-lieu/NVL-2390552/nvl-nghi-quyet-hdqt-ve-viec-cam-ket-gop-von-bo-sung-vao-cong-ty-tnhh-dau-tu-va-bds-tuong-minh.chn,cafef
2026-01-23,NVL: Giấy chứng nhận đăng ký doanh nghiệp thay đổi lần thứ 73,Công ty Cổ phần Tập đoàn Đầu tư Địa ốc No Va công bố Giấy chứng nhận đăng ký doanh nghiệp thay đổi lần thứ 73,https://cafef.vn/du-lieu/NVL-2388892/nvl-giay-chung-nhan-dang-ky-doanh-nghiep-thay-doi-lan-thu-73.chn,cafef
2026-01-16,NVL: Thông báo về việc chậm thanh toán lãi trái phiếu quốc tế NVLD2126009,Công ty Cổ phần Tập đoàn Đầu tư Địa ốc No Va thông báo về việc chậm thanh toán lãi trái phiếu quốc tế NVLD2126009,https://cafef.vn/du-lieu/NVL-2384640/nvl-thong-bao-ve-viec-cham-thanh-toan-lai-trai-phieu-quoc-te-nvld2126009.chn,cafef
2026-01-15,NVL: Nghị quyết HĐQT thông qua tăng vốn điều lệ sau khi phát hành cổ phiếu để hoán đổi nợ,Công ty Cổ phần Tập đoàn Đầu tư Địa ốc No Va công bố Nghị quyết HĐQT thông qua tăng vốn điều lệ sau khi phát hành cổ phiếu để hoán đổi nợ,https://cafef.vn/du-lieu/NVL-2383618/nvl-nghi-quyet-hdqt-thong-qua-tang-von-dieu-le-sau-khi-phat-hanh-co-phieu-de-hoan-doi-no.chn,cafef
2026-01-13,NVL: Nghị quyết HĐQT thông qua cam kết bảo lãnh cho khoản vay của CTCP Địa ốc Ngân Hiệp tại MB,Công ty Cổ phần Tập đoàn Đầu tư Địa ốc No Va thông báo Nghị quyết HĐQT về việc thông qua cam kết bảo lãnh cho khoản vay của CTCP Địa ốc Ngân Hiệp tại MB,https://cafef.vn/du-lieu/NVL-2382526/nvl-nghi-quyet-hdqt-thong-qua-cam-ket-bao-lanh-cho-khoan-vay-cua-ctcp-dia-oc-ngan-hiep-tai-mb.chn,cafef
2026-01-06,NVL: Nghị quyết HĐQT về việc điều chỉnh giá chuyển đổi và tỷ lệ chuyển đổi của trái phiếu chuyển đổi,Công ty Cổ phần Tập đoàn Đầu tư Địa ốc No Va thông báo Nghị quyết HĐQT về việc điều chỉnh giá chuyển đổi và tỷ lệ chuyển đổi của trái phiếu chuyển đổi,https://cafef.vn/du-lieu/NVL-2377457/nvl-nghi-quyet-hdqt-ve-viec-dieu-chinh-gia-chuyen-doi-va-ty-le-chuyen-doi-cua-trai-phieu-chuyen-doi.chn,cafef
2026-01-05,NVL: Nghị quyết và Biên bản kiểm phiếu bằng hình thức lấy ý kiến cổ đông bằng văn bản,Công ty Cổ phần Tập đoàn Đầu tư Địa ốc No Va thông báo Nghị quyết và Biên bản kiểm phiếu bằng hình thức lấy ý kiến cổ đông bằng văn bản,https://cafef.vn/du-lieu/NVL-2376550/nvl-nghi-quyet-va-bien-ban-kiem-phieu-bang-hinh-thuc-lay-y-kien-co-dong-bang-van-ban.chn,cafef
2026-01-05,NVL: Báo cáo số 01/2026 và số 04/2026 ngày 05/01/2026,Công ty Cổ phần Tập đoàn Đầu tư Địa ốc No Va công bố Báo cáo số 01/2026 và số 04/2026 ngày 05/01/2026,https://cafef.vn/du-lieu/NVL-2376779/nvl-bao-cao-so-012026-va-so-042026-ngay-05012026.chn,cafef
2026-01-05,NVL: Nghị quyết HĐQT thông qua kết quả phát hành cổ phiếu để hoán đổi nợ,"Công ty Cổ phần Tập đoàn Đầu tư Địa ốc No Va thông báo Nghị quyết HĐQT số 77, 78 ngày 31/12/2025",https://cafef.vn/du-lieu/NVL-2376870/nvl-nghi-quyet-hdqt-thong-qua-ket-qua-phat-hanh-co-phieu-de-hoan-doi-no.chn,cafef
2025-12-29,NVL: Nghị quyết HĐQT về việc chuyển nhượng vốn góp tại Tân Kim Yến,Công ty Cổ phần Tập đoàn Đầu tư Địa ốc No Va thông báo Nghị quyết HĐQT về việc chuyển nhượng vốn góp tại Tân Kim Yến,https://cafef.vn/du-lieu/NVL-2372027/nvl-nghi-quyet-hdqt-ve-viec-chuyen-nhuong-von-gop-tai-tan-kim-yen.chn,cafef
2025-12-18,NVL: Nghị quyết HĐQT thông qua các tài liệu lấy ý kiến cổ đông bằng văn bản,Công ty Cổ phần Tập đoàn Đầu tư Địa ốc No Va thông báo Nghị quyết HĐQT về việc thông qua các tài liệu lấy ý kiến cổ đông bằng văn bản,https://cafef.vn/du-lieu/NVL-2364787/nvl-nghi-quyet-hdqt-thong-qua-cac-tai-lieu-lay-y-kien-co-dong-bang-van-ban.chn,cafef
2025-12-16,"NVL: Nghị quyết HĐQT số 72/2025, 73/2025, 74/2025 ngày 15/12/2025","Công ty Cổ phần Tập đoàn Đầu tư Địa ốc No Va công bố Nghị quyết HĐQT số 72/2025, 73/2025, 74/2025 ngày 15/12/2025",https://cafef.vn/du-lieu/NVL-2362967/nvl-nghi-quyet-hdqt-so-722025-732025-742025-ngay-15122025.chn,cafef
2025-12-12,NVL: Nghị quyết HĐQT về việc thực hiện khoản vay có quyền chuyển đổi thành cổ phần,Công ty Cổ phần Tập đoàn Đầu tư Địa ốc No Va công bố Nghị quyết HĐQT về khoản vay chuyển đổi,https://cafef.vn/du-lieu/NVL-2361221/nvl-nghi-quyet-hdqt-ve-viec-thuc-hien-khoan-vay-co-quyen-chuyen-doi-thanh-co-phan.chn,cafef
2025-12-05,NVL: Quyết định về việc giảm vốn góp tại Công ty TNHH Đầu tư và Phát triển BĐS Nova Phúc Nguyên,Công ty Cổ phần Tập đoàn Đầu tư Địa ốc No Va công bố Quyết định về việc giảm vốn góp tại Công ty TNHH Đầu tư và Phát triển BĐS Nova Phúc Nguyên,https://cafef.vn/du-lieu/NVL-2354699/nvl-quyet-dinh-ve-viec-giam-von-gop-tai-cong-ty-tnhh-dau-tu-va-phat-trien-bds-nova-phuc-nguyen.chn,cafef
2025-11-26,"NVL: 3.12.2025, ngày GDKHQ lấy ý kiến cổ đông bằng văn bản",Sở Giao dịch Chứng khoán TP.HCM thông báo về ngày đăng ký cuối cùng lấy ý kiến cổ đông bằng văn bản của Công ty Cổ phần Tập đoàn Đầu tư Địa ốc No Va,https://cafef.vn/du-lieu/NVL-2348765/nvl-3122025-ngay-gdkhq-lay-y-kien-co-dong-bang-van-ban.chn,cafef
2025-11-25,"NVL: Nghị quyết HĐQT số 67, 68 ngày 24/11/2025","Công ty Cổ phần Tập đoàn Đầu tư Địa ốc No Va thông báo Nghị quyết HĐQT số 67, 68 ngày 24/11/2025",https://cafef.vn/du-lieu/NVL-2347315/nvl-nghi-quyet-hdqt-so-67-68-ngay-24112025.chn,cafef
2025-11-17,Novaland làm sao thế?,"Thanh khoản tại cổ phiếu Novaland sôi động, hơn 17,7 triệu đơn vị đã được sang tay trong phiên sáng, dư mua tại mức giá trần hơn 5,3 triệu cổ phiếu.",https://cafef.vn/novaland-lam-sao-the-188251117121659055.chn,cafef
2025-11-07,NVL: Nghị quyết HĐQT thông qua kế hoạch thanh toán gốc lãi trái phiếu NVLH2123010,Công ty Cổ phần Tập đoàn Đầu tư Địa ốc No Va công bố Nghị quyết HĐQT về việc thông qua kế hoạch thanh toán gốc lãi trái phiếu NVLH2123010,https://cafef.vn/du-lieu/NVL-2336260/nvl-nghi-quyet-hdqt-thong-qua-ke-hoach-thanh-toan-goc-lai-trai-phieu-nvlh2123010.chn,cafef
2025-11-04,NVL: Nghị quyết HĐQT về đảm bảo khoản vay,Công ty Cổ phần Tập đoàn Đầu tư Địa ốc No Va công bố Nghị quyết HĐQT về đảm bảo khoản vay,https://cafef.vn/du-lieu/NVL-2334568/nvl-nghi-quyet-hdqt-ve-dam-bao-khoan-vay.chn,cafef
2025-11-03,NVL: CBTT liên quan đến tái cấu trúc gói trái phiếu chuyển đổi,Công ty Cổ phần Tập đoàn Đầu tư Địa ốc No Va thông báo liên quan đến tái cấu trúc gói trái phiếu chuyển đổi,https://cafef.vn/du-lieu/NVL-2334038/nvl-cbtt-lien-quan-den-tai-cau-truc-goi-trai-phieu-chuyen-doi.chn,cafef
2025-10-31,NVL: Giấy chứng nhận đăng ký doanh nghiệp thay đổi lần thứ 72,Công ty Cổ phần Tập đoàn Đầu tư Địa ốc No Va thông báo Giấy chứng nhận đăng ký doanh nghiệp thay đổi lần thứ 72,https://cafef.vn/du-lieu/NVL-2334012/nvl-giay-chung-nhan-dang-ky-doanh-nghiep-thay-doi-lan-thu-72.chn,cafef
2025-10-27,NVL: CBTT liên quan đến tái cấu trúc gói trái phiếu chuyển đổi,Công ty Cổ phần Tập đoàn Đầu tư Địa ốc No Va thông báo liên quan đến tái cấu trúc gói trái phiếu chuyển đổi,https://cafef.vn/du-lieu/NVL-2326270/nvl-cbtt-lien-quan-den-tai-cau-truc-goi-trai-phieu-chuyen-doi.chn,cafef
2025-10-20,NVL: Nghị quyết HĐQT thông qua phương án vay vốn từ Công ty TNHH Đầu tư Bất động sản Long Hưng Phát,Công ty Cổ phần Tập đoàn Đầu tư Địa ốc No Va thông báo Nghị quyết HĐQT số 64 ngày 20/10/2025,https://cafef.vn/du-lieu/NVL-2321845/nvl-nghi-quyet-hdqt-thong-qua-phuong-an-vay-von-tu-cong-ty-tnhh-dau-tu-bat-dong-san-long-hung-phat.chn,cafef
2025-10-17,NVL: Thông báo liên quan đến việc không thanh toán lãi và cập nhật kế hoạch lấy ý kiến gói trái phiếu chuyển đổi của Công ty,Công ty Cổ phần Tập đoàn Đầu tư Địa ốc No Va thông báo liên quan đến việc không thanh toán lãi và cập nhật kế hoạch lấy ý kiến gói trái phiếu chuyển đổi của Công ty,https://cafef.vn/du-lieu/NVL-2319730/nvl-thong-bao-lien-quan-den-viec-khong-thanh-toan-lai-va-cap-nhat-ke-hoach-lay-y-kien-goi-trai-phieu-chuyen-doi-cua-cong-ty.chn,cafef
2025-10-10,NVL: Nghị quyết HĐQT v/v chuyển nhượng toàn bộ góp vốn của Công ty con,Công ty Cổ phần Tập đoàn Đầu tư Địa ốc No Va công bố Nghị quyết HĐQT số 61/2025 & 62/2025 ngày 09/10/2025,https://cafef.vn/du-lieu/NVL-2314847/nvl-nghi-quyet-hdqt-vv-chuyen-nhuong-toan-bo-gop-von-cua-cong-ty-con.chn,cafef
2025-10-06,NVL: Nghị quyết HĐQT tiếp tục chào bán cp không chào bán hết theo chương trình ESOP,Công ty Cổ phần Tập đoàn Đầu tư Địa ốc No Va công bố Nghị quyết HĐQT số 60/2025 ngày 03/10/2025,https://cafef.vn/du-lieu/NVL-2312346/nvl-nghi-quyet-hdqt-tiep-tuc-chao-ban-cp-khong-chao-ban-het-theo-chuong-trinh-esop.chn,cafef
2025-09-29,NVL: Quyết định của TGĐ về việc gia hạn thời gian liên quan ESOP,Công ty Cổ phần Tập đoàn Đầu tư Địa ốc No Va thông báo Quyết định của TGĐ về việc gia hạn thời gian liên quan ESOP,https://cafef.vn/du-lieu/NVL-2307504/nvl-quyet-dinh-cua-tgd-ve-viec-gia-han-thoi-gian-lien-quan-esop.chn,cafef
2025-09-24,NVL: Quyết định không hủy Phán quyết trọng tài vụ tranh chấp số 280/23 HCM,Công ty Cổ phần Tập đoàn Đầu tư Địa ốc No Va công bố Quyết định không hủy Phán quyết trọng tài vụ tranh chấp số 280/23 HCM,https://cafef.vn/du-lieu/NVL-2303442/nvl-quyet-dinh-khong-huy-phan-quyet-trong-tai-vu-tranh-chap-so-28023-hcm.chn,cafef
2025-09-19,NVL: Thông tin liên quan địa chỉ Công ty sau thay đổi địa chính,Công ty Cổ phần Tập đoàn Đầu tư Địa ốc No Va công bố thông tin liên quan địa chỉ Công ty sau thay đổi địa chính,https://cafef.vn/du-lieu/NVL-2301594/nvl-thong-tin-lien-quan-dia-chi-cong-ty-sau-thay-doi-dia-chinh.chn,cafef
2025-09-09,NVL: Nghị quyết HĐQT triển khai phương án phát hành cổ phiếu để hoán đổi nợ,Công ty Cổ phần Tập đoàn Đầu tư Địa ốc No Va thông báo Nghị quyết HĐQT số 57 và 58 ngày 08/09/2025,https://cafef.vn/du-lieu/NVL-2291997/nvl-nghi-quyet-hdqt-trien-khai-phuong-an-phat-hanh-co-phieu-de-hoan-doi-no.chn,cafef
2025-09-08,NVL: CBTT liên quan đến thông báo phát hành cổ phiếu ESOP của công ty,Công ty Cổ phần Tập đoàn Đầu tư Địa ốc No Va thông báo liên quan đến thông báo phát hành cổ phiếu ESOP của công ty,https://cafef.vn/du-lieu/NVL-2291547/nvl-cbtt-lien-quan-den-thong-bao-phat-hanh-co-phieu-esop-cua-cong-ty.chn,cafef
2025-08-26,NVL: Quyết định không hủy Phán quyết trọng tài vụ tranh chấp số 55/23 HCM,Công ty Cổ phần Tập đoàn Đầu tư Địa ốc No Va công bố Quyết định không hủy Phán quyết trọng tài vụ tranh chấp số 55/23 HCM,https://cafef.vn/du-lieu/NVL-2283888/nvl-quyet-dinh-khong-huy-phan-quyet-trong-tai-vu-tranh-chap-so-5523-hcm.chn,cafef
2025-08-22,NVL: Nghị quyết HĐQT chuyển nhượng toàn bộ phần góp vốn tại Công ty con,Công ty Cổ phần Tập đoàn Đầu tư Địa ốc No Va công bố Nghị quyết HĐQT số 54/2025 & 56/2025 ngày 21/08/2025,https://cafef.vn/du-lieu/NVL-2281599/nvl-nghi-quyet-hdqt-chuyen-nhuong-toan-bo-phan-gop-von-tai-cong-ty-con.chn,cafef
2025-08-21,NVL: CBTT liên quan đến Quyết định không hủy Phán quyết trọng tài vụ tranh chấp số 275/23 HCM,Công ty Cổ phần Tập đoàn Đầu tư Địa ốc No Va thông báo liên quan đến QĐ không hủy Phán quyết trọng tài vụ tranh chấp số 275/23 HCM,https://cafef.vn/du-lieu/NVL-2281275/nvl-cbtt-lien-quan-den-quyet-dinh-khong-huy-phan-quyet-trong-tai-vu-tranh-chap-so-27523-hcm.chn,cafef
2025-08-11,NVL: Nghị quyết HĐQT thông qua phương án vay vốn từ Công ty TNHH Delta - Valley Bình Thuận,Công ty Cổ phần Tập đoàn Đầu tư Địa ốc No Va công bố Nghị quyết HĐQT thông qua phương án vay vốn từ Công ty TNHH Delta - Valley Bình Thuận,https://cafef.vn/du-lieu/NVL-2269398/nvl-nghi-quyet-hdqt-thong-qua-phuong-an-vay-von-tu-cong-ty-tnhh-delta-valley-binh-thuan.chn,cafef
2025-08-07,"NVL: Nghị quyết HĐQT và bổ sung, điều chỉnh tài liệu họp ĐHĐCĐ bất thường 2025","Công ty Cổ phần Tập đoàn Đầu tư Địa ốc No Va công bố Nghị quyết HĐQT và bổ sung, điều chỉnh tài liệu họp ĐHĐCĐ bất thường 2025",https://cafef.vn/du-lieu/NVL-2268470/nvl-nghi-quyet-hdqt-va-bo-sung-dieu-chinh-tai-lieu-hop-dhdcd-bat-thuong-2025.chn,cafef
2025-08-05,NVL: Nghị quyết HĐQT số 46 & 47 ngày 04/08/2025 và cập nhật tài liệu họp ĐHĐCĐ bất thường năm 2025,Công ty Cổ phần Tập đoàn Đầu tư Địa ốc No Va công bố Nghị quyết HĐQT số 46 & 47 ngày 04/08/2025 và cập nhật tài liệu họp ĐHĐCĐ bất thường năm 2025,https://cafef.vn/du-lieu/NVL-2268368/nvl-nghi-quyet-hdqt-so-46--47-ngay-04082025-va-cap-nhat-tai-lieu-hop-dhdcd-bat-thuong-nam-2025.chn,cafef
2025-07-31,NVL: Nghị quyết HĐQT thông qua ngày hiệu lực hợp đồng sửa đổi lần 2,Công ty Cổ phần Tập đoàn Đầu tư Địa ốc No Va thông báo Nghị quyết HĐQT về việc thông qua ngày hiệu lực hợp đồng sửa đổi lần 2,https://cafef.vn/du-lieu/NVL-2267254/nvl-nghi-quyet-hdqt-thong-qua-ngay-hieu-luc-hop-dong-sua-doi-lan-2.chn,cafef
2025-07-31,NVL: CBTT liên quan đến tái cấu trúc gói trái phiếu chuyển đổi,Công ty Cổ phần Tập đoàn Đầu tư Địa ốc No Va thông báo  liên quan đến tái cấu trúc gói trái phiếu chuyển đổi,https://cafef.vn/du-lieu/NVL-2267422/nvl-cbtt-lien-quan-den-tai-cau-truc-goi-trai-phieu-chuyen-doi.chn,cafef
2025-07-31,NVL: Báo cáo tình hình quản trị 6 tháng đầu năm 2025,Công ty Cổ phần Tập đoàn Đầu tư Địa ốc No Va Báo cáo tình hình quản trị 6 tháng đầu năm 2025,https://cafef.vn/du-lieu/NVL-2294730/nvl-bao-cao-tinh-hinh-quan-tri-6-thang-dau-nam-2025.chn,cafef
2025-07-30,NVL: Báo cáo tình hình thanh toán gốc lãi trái phiếu 6 tháng đầu năm 2025,Công ty Cổ phần Tập đoàn Đầu tư Địa ốc No Va Báo cáo tình hình thanh toán gốc lãi trái phiếu 6 tháng đầu năm 2025,https://cafef.vn/du-lieu/NVL-2270692/nvl-bao-cao-tinh-hinh-thanh-toan-goc-lai-trai-phieu-6-thang-dau-nam-2025.chn,cafef
2025-07-28,NVL: Công văn 246 công bố Quyết định của Tòa án Nhân dân Quận 1,Công ty Cổ phần Tập đoàn Đầu tư Địa ốc No Va thông báo công văn 246 công bố QĐ của Tòa án Nhân dân Quận 1,https://cafef.vn/du-lieu/NVL-2264386/nvl-cong-van-246-cong-bo-quyet-dinh-cua-toa-an-nhan-dan-quan-1.chn,cafef
2025-07-24,NVL: Nghị quyết HĐQT về việc sửa đổi một số nội dung liên quan cổ phiếu ESOP thưởng,Công ty Cổ phần Tập đoàn Đầu tư Địa ốc No Va công bố Nghị quyết HĐQT về việc sửa đổi một số nội dung liên quan cổ phiếu ESOP thưởn,https://cafef.vn/du-lieu/NVL-2255743/nvl-nghi-quyet-hdqt-ve-viec-sua-doi-mot-so-noi-dung-lien-quan-co-phieu-esop-thuong.chn,cafef
2025-07-16,NVL: Nghị quyết HĐQT và các tài liệu họp ĐHĐCĐ bất thường 2025,Công ty Cổ phần Tập đoàn Đầu tư Địa ốc No Va thông báo Nghị quyết HĐQT và các tài liệu họp ĐHĐCĐ bất thường 2025,https://cafef.vn/du-lieu/NVL-2247250/nvl-nghi-quyet-hdqt-va-cac-tai-lieu-hop-dhdcd-bat-thuong-2025.chn,cafef
2025-07-15,NVL: Nghị quyết HĐQT v/v lựa chọn đơn vị kiểm toán cho năm 2025,Công ty Cổ phần Tập đoàn Đầu tư Địa ốc No Va thông báo Nghị quyết HĐQT về việc lựa chọn đơn vị kiểm toán cho năm 2025,https://cafef.vn/du-lieu/NVL-2246172/nvl-nghi-quyet-hdqt-vv-lua-chon-don-vi-kiem-toan-cho-nam-2025.chn,cafef
2025-07-10,NVL: Đính chính Nghị quyết HĐQT số 38/2025 và 39/2025 ngày 04/07/2025,Công ty Cổ phần Tập đoàn Đầu tư Địa ốc No Va đính chính Nghị quyết HĐQT số 38/2025 và 39/2025 ngày 04/07/2025,https://cafef.vn/du-lieu/NVL-2244431/nvl-dinh-chinh-nghi-quyet-hdqt-so-382025-va-392025-ngay-04072025.chn,cafef
2025-07-07,NVL: Nghị quyết HĐQT triển khai phương án phát hành cp thưởng cho người lao động từ nguồn thặng dư vốn cổ phần,Công ty Cổ phần Tập đoàn Đầu tư Địa ốc No Va công bố Nghị quyết HĐQT số 38/2025 và 39/2025 ngày 04/07/2025,https://cafef.vn/du-lieu/NVL-2239790/nvl-nghi-quyet-hdqt-trien-khai-phuong-an-phat-hanh-cp-thuong-cho-nguoi-lao-dong-tu-nguon-thang-du-von-co-phan.chn,cafef
2025-07-03,NVL: CBTT liên quan đến Bản án phúc thẩm của Tòa án Nhân dân cấp cao tại Hà Nội,Công ty Cổ phần Tập đoàn Đầu tư Địa ốc No Va thông báo liên quan đến Bản án phúc thẩm của Tòa án ND cấp cao tại Hà Nội,https://cafef.vn/du-lieu/NVL-2237074/nvl-cbtt-lien-quan-den-ban-an-phuc-tham-cua-toa-an-nhan-dan-cap-cao-tai-ha-noi.chn,cafef
2025-07-02,NVL: Nghị quyết HĐQT về việc thay đổi một số điều kiện và điều khoản của Trái phiếu NVLB2123012,Công ty Cổ phần Tập đoàn Đầu tư Địa ốc No Va thông báo Nghị quyết HĐQT về việc thay đổi một số điều kiện và điều khoản của Trái phiếu NVLB2123012,https://cafef.vn/du-lieu/NVL-2236006/nvl-nghi-quyet-hdqt-ve-viec-thay-doi-mot-so-dieu-kien-va-dieu-khoan-cua-trai-phieu-nvlb2123012.chn,cafef
2025-07-02,NVL: Thông báo về việc thay đổi nội dung chủ yếu các điều kiện và điều khoản của Trái phiếu NVLB2123012,Công ty Cổ phần Tập đoàn Đầu tư Địa ốc No Va thông báo về việc thay đổi nội dung chủ yếu các điều kiện và điều khoản của Trái phiếu NVLB2123012,https://cafef.vn/du-lieu/NVL-2236677/nvl-thong-bao-ve-viec-thay-doi-noi-dung-chu-yeu-cac-dieu-kien-va-dieu-khoan-cua-trai-phieu-nvlb2123012.chn,cafef
2025-06-27,Thêm 1 dự án của Novaland được gỡ vướng pháp lý,"Cơ quan chức năng đã hoàn thiện pháp lý tại dự án NovaWorld Phan Thiết, trị giá 5 tỉ USD của Novaland.",https://cafef.vn/them-1-du-an-cua-novaland-duoc-go-vuong-phap-ly-188250627202608076.chn,cafef
2025-06-19,"NVL: 3.7.2025, ngày GDKHQ tham dự ĐHĐCĐ bất thường năm 2025",Sở Giao dịch Chứng khoán Thành phố Hồ Chí Minh thông báo về ngày đăng ký cuối cùng tham dự ĐHĐCĐ bất thường năm 2025 của Công ty Cổ phần Tập đoàn Đầu tư Địa ốc No V,https://cafef.vn/du-lieu/NVL-2224983/nvl-372025-ngay-gdkhq-tham-du-dhdcd-bat-thuong-nam-2025.chn,cafef
2025-06-16,NVL: Thông báo ngày ĐKCC để thực hiện quyền tham dự ĐHĐCĐ bất thường năm 2025,Công ty Cổ phần Tập đoàn Đầu tư Địa ốc No Va thông báo ngày ĐKCC để thực hiện quyền tham dự ĐHĐCĐ bất thường năm 2025,https://cafef.vn/du-lieu/NVL-2222484/nvl-thong-bao-ngay-dkcc-de-thuc-hien-quyen-tham-du-dhdcd-bat-thuong-nam-2025.chn,cafef
2025-06-16,NVL: Thông báo và Nghị quyết HĐQT tham dự ĐHĐCĐ bất thường,Công ty Cổ phần Tập đoàn Đầu tư Địa ốc No Va công bố Thông báo và Nghị quyết HĐQT  tham dự ĐHĐCĐBT,https://cafef.vn/du-lieu/NVL-2222493/nvl-thong-bao-va-nghi-quyet-hdqt-tham-du-dhdcd-bat-thuong.chn,cafef
2025-06-16,NVL: Thông báo và Nghị quyết HĐQT về ngày ĐKCC để thực hiện quyền tham dự ĐHĐCĐ bất thường,Công ty Cổ phần Tập đoàn Đầu tư Địa ốc No Va công bố Thông báo và Nghị quyết HĐQT về ngày ĐKCC để thực hiện quyền tham dự ĐHĐCĐBT,https://cafef.vn/du-lieu/NVL-2222496/nvl-thong-bao-va-nghi-quyet-hdqt-ve-ngay-dkcc-de-thuc-hien-quyen-tham-du-dhdcd-bat-thuong.chn,cafef
2025-06-13,NVL: Thông báo về việc tái cấu trúc Trái phiếu chuyển đổi,Công ty Cổ phần Tập đoàn Đầu tư Địa ốc No Va thông báo về việc tái cấu trúc Trái phiếu chuyển đổi,https://cafef.vn/du-lieu/NVL-2221234/nvl-thong-bao-ve-viec-tai-cau-truc-trai-phieu-chuyen-doi.chn,cafef
2025-06-10,NVL: Nghị quyết HĐQT v/v lấy ý kiến Người sở hữu trái phiếu,Công ty Cổ phần Tập đoàn Đầu tư Địa ốc No Va thông báo Nghị quyết HĐQT số 29 ngày 09/06/2025,https://cafef.vn/du-lieu/NVL-2218358/nvl-nghi-quyet-hdqt-vv-lay-y-kien-nguoi-so-huu-trai-phieu.chn,cafef
2025-06-06,NVL: Thông báo về việc tái cấu trúc gói Trái phiếu chuyển đổi,Công ty Cổ phần Tập đoàn Đầu tư Địa ốc No Va thông báo về việc tái cấu trúc gói Trái phiếu chuyển đổi,https://cafef.vn/du-lieu/NVL-2215910/nvl-thong-bao-ve-viec-tai-cau-truc-goi-trai-phieu-chuyen-doi.chn,cafef
2025-05-30,NVL: Nghị quyết HĐQT triển khai phương án phát hành cp ESOP,Công ty Cổ phần Tập đoàn Đầu tư Địa ốc No Va thông báo Nghị quyết HĐQT số 26 và 27 ngày 29/05/2025,https://cafef.vn/du-lieu/NVL-2210966/nvl-nghi-quyet-hdqt-trien-khai-phuong-an-phat-hanh-cp-esop.chn,cafef
2025-05-29,NVL: Nghị quyết HĐQT về việc đảm bảo khoản vay của Nova Riverside,Công ty Cổ phần Tập đoàn Đầu tư Địa ốc No Va thông báo Nghị quyết HĐQT về việc đảm bảo khoản vay của Nova Riverside,https://cafef.vn/du-lieu/NVL-2211190/nvl-nghi-quyet-hdqt-ve-viec-dam-bao-khoan-vay-cua-nova-riverside.chn,cafef
2025-05-26,NVL: Giấy chứng nhận đăng ký doanh nghiệp thay đổi lần thứ 71,Công ty Cổ phần Tập đoàn Đầu tư Địa ốc No Va công bố Giấy chứng nhận đăng ký doanh nghiệp thay đổi lần thứ 71,https://cafef.vn/du-lieu/NVL-2205955/nvl-giay-chung-nhan-dang-ky-doanh-nghiep-thay-doi-lan-thu-71.chn,cafef
2025-05-16,NVL: Nghị quyết HĐQT thông qua việc ban hành Điều lệ công ty,Công ty Cổ phần Tập đoàn Đầu tư Địa ốc No Va thông báo Nghị quyết HĐQT số 18 và 24 ngày 16/05/2025,https://cafef.vn/du-lieu/NVL-2199040/nvl-nghi-quyet-hdqt-thong-qua-viec-ban-hanh-dieu-le-cong-ty.chn,cafef
2025-05-15,NVL: Giấy xác nhận về việc thay đổi nội dung đăng ký doanh nghiệp,Công ty Cổ phần Tập đoàn Đầu tư Địa ốc No Va công bố Giấy xác nhận về việc thay đổi nội dung đăng ký doanh nghiệp,https://cafef.vn/du-lieu/NVL-2199111/nvl-giay-xac-nhan-ve-viec-thay-doi-noi-dung-dang-ky-doanh-nghiep.chn,cafef
2025-05-07,"Novaland bán cổ phần tại 2 ""con cưng"" Aqua City và Thạnh Mỹ Lợi B lấy 2.600 tỷ trong quý 1/2025","Khu dân cư Thạnh Mỹ Lợi B có diện tích gần 180ha tại quận 2 cũ, nay là Tp.Thủ Đức, Tp.HCM.",https://cafef.vn/novaland-ban-co-phan-tai-2-con-cung-aqua-city-va-thanh-my-loi-b-lay-2600-ty-trong-quy-12025-188250507091607913.chn,cafef
2025-05-05,"Dù ‘kẹt tiền’, Novaland vẫn mạnh tay chi 1.400 tỷ mua DN sở hữu Khu du lịch suối nước nóng 300ha","Được biết, 3 năm trước Novaland đã từng muốn mua DN này nhưng phải dừng lại do rơi vào khủng hoảng.",https://cafef.vn/du-ket-tien-novaland-van-manh-tay-chi-1400-ty-mua-dn-so-huu-khu-du-lich-suoi-nuoc-nong-300ha-188250505083634682.chn,cafef
2025-05-02,"Novaland lỗ ròng hơn 442 tỷ đồng trong quý 1/2025, tồn kho BĐS hơn 150.000 tỷ","Tính đến ngày 31/3/2025, nợ phải trả 185.951 tỷ đồng, dư nợ vay chiếm hơn 59.000 tỷ đồng.",https://cafef.vn/novaland-lo-rong-hon-442-ty-dong-trong-quy-12025-ton-kho-bds-hon-150000-ty-188250502084025042.chn,cafef
2025-04-28,Novaland thắng kiện 2 vụ tranh chấp liên quan đến dự án nghìn tỷ đồng,"Trung tâm Trọng tài Quốc tế Việt Nam (VIAC) đã tuyên văn bản đơn phương chấm dứt hợp đồng mua bán của Công ty Taekwang Vina là trái pháp luật, do đó, bác bỏ toàn bộ yêu cầu của công ty có vốn góp của Hàn Quốc này và chấp thuận yêu cầu của Công ty Gia Huy - một công ty con của Tập đoàn Novaland về các vấn đề liên quan đến dự án tại phường Long Thạnh Mỹ, Thành phố Thủ Đức có tổng mức đầu tư gần 10.000 tỷ đồng.",https://cafef.vn/novaland-thang-kien-2-vu-tranh-chap-lien-quan-den-du-an-nghin-ty-dong-188250428165914465.chn,cafef
2025-04-28,NVL: CBTT về việc công ty con nhận được phán quyết trọng tài vụ tranh chấp số 275/23 HCM,Công ty Cổ phần Tập đoàn Đầu tư Địa ốc No Va thông báo  về việc công ty con nhận được phán quyết trọng tài vụ tranh chấp số 275/23 HCM,https://cafef.vn/du-lieu/NVL-2195293/nvl-cbtt-ve-viec-cong-ty-con-nhan-duoc-phan-quyet-trong-tai-vu-tranh-chap-so-27523-hcm.chn,cafef
2025-04-28,NVL: CBTT về việc công ty con nhận được phán quyết trọng tài vụ tranh chấp số 280/23 HCM,Công ty Cổ phần Tập đoàn Đầu tư Địa ốc No Va thông báo về việc công ty con nhận được phán quyết trọng tài vụ tranh chấp số 280/23 HCM,https://cafef.vn/du-lieu/NVL-2195440/nvl-cbtt-ve-viec-cong-ty-con-nhan-duoc-phan-quyet-trong-tai-vu-tranh-chap-so-28023-hcm.chn,cafef
2025-04-25,Lý do Novaland lên phương án thua lỗ trong năm nay,"Novaland đặt 2 phương án về kế hoạch kinh doanh ở năm nay. Phương án 1 là doanh thu thuần 13.411 tỷ đồng, lỗ sau thuế 12 tỷ đồng; phương án 2 là doanh thu thuần 10.453 tỷ đồng, lỗ sau thuế 688 tỷ đồng. Theo Novaland, yếu tố then chốt ảnh hưởng vẫn là tiến độ tháo gỡ pháp lý dự án.",https://cafef.vn/ly-do-novaland-len-phuong-an-thua-lo-trong-nam-nay-188250425020611347.chn,cafef
2025-04-25,NVL: Nghị quyết và Biên bản họp ĐHĐCĐ thường niên năm 2025,Công ty Cổ phần Tập đoàn Đầu tư Địa ốc No Va thông báo Nghị quyết và Biên bản họp ĐHĐCĐ thường niên năm 2025,https://cafef.vn/du-lieu/NVL-2192350/nvl-nghi-quyet-va-bien-ban-hop-dhdcd-thuong-nien-nam-2025.chn,cafef
2025-04-24,"ĐHĐCĐ 2025 Novaland (NVL): Nỗ lực phục hồi, Novaland đặt mục tiêu 2025 bám sát thực tế, tập trung tháo gỡ pháp lý","Đối mặt với nhiều khó khăn và áp lực, Novaland (NVL) sẽ tiếp tục tái cấu trúc, nỗ lực tháo gỡ pháp lý dự án, kiện toàn quản trị - điều hành, chuyển đổi số và từng bước triển khai lộ trình ESG hướng tới phát triển bền vững.",https://cafef.vn/dhdcd-2025-novaland-nvl-no-luc-phuc-hoi-novaland-dat-muc-tieu-2025-bam-sat-thuc-te-tap-trung-thao-go-phap-ly-188250424180505243.chn,cafef
2025-04-23,NVL: Nghị quyết HĐQT số 15 và 16 ngày 22/04/2025,Công ty Cổ phần Tập đoàn Đầu tư Địa ốc No Va thông báo Nghị quyết HĐQT số 15 và 16 ngày 22/04/2025,https://cafef.vn/du-lieu/NVL-2186281/nvl-nghi-quyet-hdqt-so-15-va-16-ngay-22042025.chn,cafef
2025-04-21,NVL: Nghị quyết HĐQT về việc sửa đổi tài liệu họp ĐHĐCĐTN 2025 và link,Công ty Cổ phần Tập đoàn Đầu tư Địa ốc No Va thông báo Nghị quyết HĐQT về việc sửa đổi tài liệu họp ĐHĐCĐTN 2025 và link,https://cafef.vn/du-lieu/NVL-2183640/nvl-nghi-quyet-hdqt-ve-viec-sua-doi-tai-lieu-hop-dhdcdtn-2025-va-link.chn,cafef
2025-04-17,Novaland muốn phát hành 97 triệu cổ phiếu ESOP,Novaland trình phương án phát hành ESOP 2025 để thay thế cho các đợt phát hành dự kiến chưa triển khai được trong khoảng 3 năm qua vì tình hình thị trường không thuận lợi.,https://cafef.vn/novaland-muon-phat-hanh-97-trieu-co-phieu-esop-188250417111957078.chn,cafef
2025-04-17,"NVL: Nghị quyết HĐQT về việc sửa đổi, bổ sung tài liệu họp ĐHĐCĐ thường niên 2025 và link","Công ty Cổ phần Tập đoàn Đầu tư Địa ốc No Va công bố Nghị quyết HĐQT về việc sửa đổi, bổ sung tài liệu họp ĐHĐCĐ thường niên 2025 và link",https://cafef.vn/du-lieu/NVL-2180059/nvl-nghi-quyet-hdqt-ve-viec-sua-doi-bo-sung-tai-lieu-hop-dhdcd-thuong-nien-2025-va-link.chn,cafef
2025-04-15,"Chủ tịch Bùi Thành Nhơn: ""Novaland sẽ tái sinh""","Ông Nhơn khẳng định Novaland không tái cấu trúc chỉ để tồn tại mà để bứt phá, bước vào giai đoạn phát triển hoà nhập với sự tăng trưởng hai con số của quốc gia.",https://cafef.vn/chu-tich-bui-thanh-nhon-novaland-se-tai-sinh-188250414213725409.chn,cafef
2025-04-06,"2 sếp lớn bất ngờ xin từ chức, Novaland dự kiến tuyển hơn 1.000 nhân sự gồm cả lãnh đạo cấp cao",Novaland (NVL) lên kế hoạch lỗ tối đa 688 tỷ trong năm 2025.,https://cafef.vn/2-sep-lon-bat-ngo-xin-tu-chuc-novaland-du-kien-tuyen-hon-1000-nhan-su-gom-ca-lanh-dao-cap-cao-18825040522101752.chn,cafef
2025-04-04,Vì sao Novaland đưa ra 2 phương án cho kế hoạch kinh doanh 2025?,"Novaland đưa ra 2 phương án cho kế hoạch lợi nhuận sau thuế năm nay, 1 là lỗ 12 tỉ đồng, 2 là lỗ 688 tỉ đồng.",https://cafef.vn/vi-sao-novaland-dua-ra-2-phuong-an-cho-ke-hoach-kinh-doanh-2025-188250403235843321.chn,cafef
2025-04-03,NVL: Tài liệu họp ĐHĐCĐ thường niên năm 2025 và link tài liệu,Công ty Cổ phần Tập đoàn Đầu tư Địa ốc No Va công bố tài liệu họp ĐHĐCĐ thường niên năm 2025 và link tài liệu,https://cafef.vn/du-lieu/NVL-2165145/nvl-tai-lieu-hop-dhdcd-thuong-nien-nam-2025-va-link-tai-lieu.chn,cafef
2025-04-02,NVL: Thông báo về việc xử lý vi phạm đối với cổ phiếu,Sở Giao dịch Chứng khoán TP.HCM thông báo về việc đưa cổ phiếu của Công ty Cổ phần Tập đoàn Đầu tư Địa ốc No Va ra khỏi diện cảnh báo,https://cafef.vn/du-lieu/NVL-2164235/nvl-thong-bao-ve-viec-xu-ly-vi-pham-doi-voi-co-phieu.chn,cafef
2025-04-02,NVL: Quyết định về việc đưa cổ phiếu ra khỏi diện cảnh báo,Sở Giao dịch Chứng khoán TP.HCM công bố Quyết định về việc đưa cổ phiếu của Công ty Cổ phần Tập đoàn Đầu tư Địa ốc No Va ra khỏi diện cảnh báo kể từ ngày 03/04/2025,https://cafef.vn/du-lieu/NVL-2164236/nvl-quyet-dinh-ve-viec-dua-co-phieu-ra-khoi-dien-canh-bao.chn,cafef
2025-03-31,"Bị nghi ngờ khả năng hoạt động liên tục: Novaland “đặt cược” vào gia hạn khoản nợ 18.000 tỷ và vay thêm 10.000 tỷ, tiếp tục thanh lý 26.500 tỷ đồng tài sản","Tại BCTC hợp nhất 2024 vừa được công bố, kiểm toán viên của Moore AISC không đưa ra ý kiến kiểm toán ngoại trừ nhưng lưu ý người đọc đến Thuyết minh III.2 về ""Giả định hoạt động liên tục"".",https://cafef.vn/bi-nghi-ngo-kha-nang-hoat-dong-lien-tuc-novaland-dat-cuoc-vao-gia-han-khoan-no-18000-ty-va-vay-them-10000-ty-tiep-tuc-thanh-ly-26500-ty-dong-tai-san-188250331022940098.chn,cafef
2025-03-14,Novaland thắng kiện tại dự án 10.000 tỷ đồng,"Hội đồng trọng tài đã tuyên chấp nhận yêu cầu khởi kiện của Novaland, buộc Bị đơn phải thực hiện đầy đủ nghĩa vụ của bị đơn theo Hợp đồng Hợp tác Phát triển Dự án.",https://cafef.vn/novaland-thang-kien-tai-du-an-10000-ty-dong-188250314102111888.chn,cafef
2025-03-14,"NVL: 24.3.2025, ngày GDKHQ tổ chức ĐHĐCĐ thường niên năm 2025",Sở Giao dịch Chứng khoán Thành phố Hồ Chí Minh thông báo về ngày đăng ký cuối cùng tham dự ĐHĐCĐ thường niên năm 2025 của Công ty Cổ phần Tập đoàn Đầu tư Địa ốc No Va,https://cafef.vn/du-lieu/NVL-2149786/nvl-2432025-ngay-gdkhq-to-chuc-dhdcd-thuong-nien-nam-2025.chn,cafef
2025-03-14,NVL: Thông báo nhận được Phán quyết trọng tài về vụ tranh chấp với Công ty Cổ phần Đầu tư Phát triển Sài Gòn Co.op,Công ty Cổ phần Tập đoàn Đầu tư Địa ốc No Va thông báo nhận được Phán quyết trọng tài về vụ tranh chấp với Công ty Cổ phần Đầu tư Phát triển Sài Gòn Co.op,https://cafef.vn/du-lieu/NVL-2149797/nvl-thong-bao-nhan-duoc-phan-quyet-trong-tai-ve-vu-tranh-chap-voi-cong-ty-co-phan-dau-tu-phat-trien-sai-gon-coop.chn,cafef
2025-03-04,NVL: Nghị quyết HĐQT thông qua ngày ĐKCC thực hiện quyền tham dự ĐHĐCĐ thường niên 2025,Công ty Cổ phần Tập đoàn Đầu tư Địa ốc No Va công bố Nghị quyết HĐQT về việc thông qua ngày ĐKCC thực hiện quyền tham dự ĐHĐCĐ thường niên 2025,https://cafef.vn/du-lieu/NVL-2142331/nvl-nghi-quyet-hdqt-thong-qua-ngay-dkcc-thuc-hien-quyen-tham-du-dhdcd-thuong-nien-2025.chn,cafef
2025-02-06,NVL: Giấy chứng nhận đăng ký hoạt động chi nhánh tại Quận 1 thay đổi lần thứ 2,Công ty Cổ phần Tập đoàn Đầu tư Địa ốc No Va công bố Giấy chứng nhận đăng ký hoạt động chi nhánh tại Quận 1 thay đổi lần thứ 2,https://cafef.vn/du-lieu/NVL-2125665/nvl-giay-chung-nhan-dang-ky-hoat-dong-chi-nhanh-tai-quan-1-thay-doi-lan-thu-2.chn,cafef
2025-02-03,NVL: Giải trình khắc phục tình trạng chứng khoán bị cảnh báo định kỳ quý 4/2024,Công ty Cổ phần Tập đoàn Đầu tư Địa ốc No Va giải trình khắc phục tình trạng chứng khoán bị cảnh báo định kỳ quý 4/2024,https://cafef.vn/du-lieu/NVL-2123958/nvl-giai-trinh-khac-phuc-tinh-trang-chung-khoan-bi-canh-bao-dinh-ky-quy-42024.chn,cafef
2025-01-25,Tập đoàn Novaland đang làm ăn ra sao?,"Năm 2024, Novaland lỗ kỷ lục hơn 6.412 tỷ đồng. Novaland cho biết, khoản lỗ trên phần lớn do trích lập dự phòng ở kỳ báo cáo bán niên theo quan điểm riêng của đơn vị kiểm toán liên quan đến tiền thuê, sử dụng đất phải nộp tính theo phương án giá đất năm 2017 của dự án Lakeview City.",https://cafef.vn/tap-doan-novaland-dang-lam-an-ra-sao-188250125214915791.chn,cafef
2025-01-24,"NVL: Nghị quyết HĐQT số 02, 03, 04 ngày 24/01/2024","Công ty Cổ phần Tập đoàn Đầu tư Địa ốc No Va thông báo Nghị quyết HĐQT số 02, 03, 04 ngày 24/01/2024",https://cafef.vn/du-lieu/NVL-2123813/nvl-nghi-quyet-hdqt-so-02-03-04-ngay-24012024.chn,cafef
2025-01-24,NVL: Báo cáo tình hình quản trị Công ty năm 2024,Công ty Cổ phần Tập đoàn Đầu tư Địa ốc No Va công bố báo cáo tình hình quản trị Công ty năm 2024,https://cafef.vn/du-lieu/NVL-2124477/nvl-bao-cao-tinh-hinh-quan-tri-cong-ty-nam-2024.chn,cafef
2025-01-20,"NVL: Báo cáo định kỳ tình hình thanh toán gốc, lãi trái phiếu doanh nghiệp năm 2024","Công ty Cổ phần Tập đoàn Đầu tư Địa ốc No Va công bố Báo cáo định kỳ tình hình thanh toán gốc, lãi trái phiếu doanh nghiệp năm 2024",https://cafef.vn/du-lieu/NVL-2118382/nvl-bao-cao-dinh-ky-tinh-hinh-thanh-toan-goc-lai-trai-phieu-doanh-nghiep-nam-2024.chn,cafef
2025-01-17,NVL: Thông báo về việc chậm thanh toán lãi trái phiếu chuyển đổi niêm yết quốc tế NVLD2126009,Công ty Cổ phần Tập đoàn Đầu tư Địa ốc No Va thông báo về việc chậm thanh toán lãi trái phiếu chuyển đổi niêm yết quốc tế NVLD2126009,https://cafef.vn/du-lieu/NVL-2117124/nvl-thong-bao-ve-viec-cham-thanh-toan-lai-trai-phieu-chuyen-doi-niem-yet-quoc-te-nvld2126009.chn,cafef
2025-01-16,NVL: CBTT liên quan đến việc thông báo về thông tin sai sự thật liên quan đến Ban lãnh đạo công ty,Công ty Cổ phần Tập đoàn Đầu tư Địa ốc No Va thông báo  liên quan đến việc thông báo về thông tin sai sự thật liên quan đến Ban lãnh đạo công ty,https://cafef.vn/du-lieu/NVL-2116687/nvl-cbtt-lien-quan-den-viec-thong-bao-ve-thong-tin-sai-su-that-lien-quan-den-ban-lanh-dao-cong-ty.chn,cafef
2025-01-14,Giá cổ phiếu Novaland thấp nhất lịch sử,"Thị trường hôm nay (14/1) tiếp tục diễn biến ảm đạm. Sự thận trọng của nhà đầu tư dường như khiến dòng tiền mất hút. Đáng chú ý, lực bán mạnh đã khiến cổ phiếu NVL của Novaland ngập chìm trong sắc đỏ, về mức giá thấp nhất lịch sử.",https://cafef.vn/gia-co-phieu-novaland-thap-nhat-lich-su-18825011417063629.chn,cafef
2025-01-06,Tiền đâu Novaland mua lại trước hạn nghìn tỷ trái phiếu?,"Tại thời điểm ngày 30/9/2024, tiền mặt chỉ có 3.900 tỷ đồng nhưng Tập đoàn Novaland đang thoả thuận với người sở hữu trái phiếu để mua lại với giá bằng 100% mệnh giá cộng với tiền lãi phát sinh của 21 lô trái phiếu có tổng giá trị 7.000 tỷ đồng.",https://cafef.vn/tien-dau-novaland-mua-lai-truoc-han-nghin-ty-trai-phieu-188250106102955764.chn,cafef
2025-01-02,"NVL: Nghị quyết HĐQT số 55, 56, 57 ngày 31/12/2024","Công ty Cổ phần Tập đoàn Đầu tư Địa ốc No Va thông báo Nghị quyết HĐQT số 55, 56, 57 ngày 31/12/2024",https://cafef.vn/du-lieu/NVL-2109080/nvl-nghi-quyet-hdqt-so-55-56-57-ngay-31122024.chn,cafef
2024-12-30,"NVL: Nghị quyết HĐQT số 52, 53 ngày 27/12/2024","Công ty Cổ phần Tập đoàn Đầu tư Địa ốc No Va thông báo Nghị quyết HĐQT số 52, 53 ngày 27/12/2024",https://cafef.vn/du-lieu/NVL-2107158/nvl-nghi-quyet-hdqt-so-52-53-ngay-27122024.chn,cafef
2024-11-28,NVL: Nghị quyết HĐQT về việc cam kết thực hiện nghĩa vụ thanh toán thay cho Delta-Valley,Công ty Cổ phần Tập đoàn Đầu tư Địa ốc No Va thông báo Nghị quyết HĐQT về việc cam kết thực hiện nghĩa vụ thanh toán thay cho Delta-Valley,https://cafef.vn/du-lieu/NVL-2091354/nvl-nghi-quyet-hdqt-ve-viec-cam-ket-thuc-hien-nghia-vu-thanh-toan-thay-cho-deltavalley.chn,cafef
2024-11-20,NVL: Nghị quyết HĐQT về việc thay đổi đơn vị kiểm toán BCTC năm 2024,Công ty Cổ phần Tập đoàn Đầu tư Địa ốc No Va thông báo Nghị quyết HĐQT về việc thay đổi đơn vị kiểm toán BCTC năm 2024,https://cafef.vn/du-lieu/NVL-2087137/nvl-nghi-quyet-hdqt-ve-viec-thay-doi-don-vi-kiem-toan-bctc-nam-2024.chn,cafef
2024-11-20,NVL: Cập nhật tiến độ pháp lý Aqua City và tiến độ cấp sổ hồng các dự án BĐS Đô thị trung tâm tại TP.HCM,Công ty Cổ phần Tập đoàn Đầu tư Địa ốc No Va thông báo cập nhật tiến độ pháp lý Aqua City và tiến độ cấp sổ hồng các dự án BĐS Đô thị trung tâm tại TP.HCM,https://cafef.vn/du-lieu/NVL-2087369/nvl-cap-nhat-tien-do-phap-ly-aqua-city-va-tien-do-cap-so-hong-cac-du-an-bds-do-thi-trung-tam-tai-tphcm.chn,cafef
2024-11-15,"NVL: Nghị quyết HĐQT số 43, 44 và thông báo 17, 18","Công ty Cổ phần Tập đoàn Đầu tư Địa ốc No Va công bố Nghị quyết HĐQT số 43, 44 và thông báo 17, 18",https://cafef.vn/du-lieu/NVL-2085977/nvl-nghi-quyet-hdqt-so-43-44-va-thong-bao-17-18.chn,cafef
2024-11-07,NVL: Giấy chứng nhận đăng ký doanh nghiệp thay đổi lần thứ 70,Công ty Cổ phần Tập đoàn Đầu tư Địa ốc No Va thông báo Giấy chứng nhận đăng ký doanh nghiệp thay đổi lần thứ 70,https://cafef.vn/du-lieu/NVL-2081043/nvl-giay-chung-nhan-dang-ky-doanh-nghiep-thay-doi-lan-thu-70.chn,cafef
2024-11-01,NVL: Nghị quyết HĐQT bổ nhiệm ông Dương Văn Bắc giữ chức Tổng giám đốc từ 1.11.2024,"Công ty Cổ phần Tập đoàn Đầu tư Địa ốc No Va thông báo Nghị quyết HĐQT số 41, 42 và thông báo thay đổi nhân sự",https://cafef.vn/du-lieu/NVL-2078825/nvl-nghi-quyet-hdqt-bo-nhiem-ong-duong-van-bac-giu-chuc-tong-giam-doc-tu-1112024.chn,cafef
2024-10-30,"NVL: Giải trình, báo cáo tình hình khắc phục tình trạng chứng khoán bị cảnh báo quý 3/2024","Công ty Cổ phần Tập đoàn Đầu tư Địa ốc No Va giải trình, báo cáo tình hình khắc phục tình trạng chứng khoán bị cảnh báo quý 3/2024",https://cafef.vn/du-lieu/NVL-2076754/nvl-giai-trinh-bao-cao-tinh-hinh-khac-phuc-tinh-trang-chung-khoan-bi-canh-bao-quy-32024.chn,cafef
2024-10-17,NVL: Nghị quyết HĐQT v/v phát hành Trái phiếu,"Công ty Cổ phần Tập đoàn Đầu tư Địa ốc No Va thông báo Nghị quyết HĐQT số 39, 40 ngày 16/10/2024",https://cafef.vn/du-lieu/NVL-2070203/nvl-nghi-quyet-hdqt-vv-phat-hanh-trai-phieu.chn,cafef
2024-09-17,NVL: Thông báo về việc đưa cổ phiếu vào diện cảnh báo,Sở Giao dịch Chứng khoán Thành phố Hồ Chí Minh thông báo về việc đưa cổ phiếu Công ty Cổ phần Tập đoàn Đầu tư Địa ốc No Va vào diện cảnh báo,https://cafef.vn/du-lieu/NVL-2054971/nvl-thong-bao-ve-viec-dua-co-phieu-vao-dien-canh-bao.chn,cafef
2024-09-17,NVL: Quyết định về việc đưa cổ phiếu vào diện cảnh báo,Sở Giao dịch Chứng khoán Thành phố Hồ Chí Minh Quyết định về việc đưa cổ phiếu Công ty Cổ phần Tập đoàn Đầu tư Địa ốc No Va vào diện cảnh báo kể từ ngày 23/09/2024,https://cafef.vn/du-lieu/NVL-2054973/nvl-quyet-dinh-ve-viec-dua-co-phieu-vao-dien-canh-bao.chn,cafef
2024-09-17,NVL: Giải trình khắc phục diện cảnh báo,Công ty Cổ phần Tập đoàn Đầu tư Địa ốc No Va giải trình khắc phục diện cảnh báo,https://cafef.vn/du-lieu/NVL-2055563/nvl-giai-trinh-khac-phuc-dien-canh-bao.chn,cafef
2024-09-06,NVL: Nghị quyết HĐQT bổ nhiệm ông Dương Văn Bắc giữ chức Phó TGĐ kiêm Giám đốc tài chính từ 6.9.2024,Công ty Cổ phần Tập đoàn Đầu tư Địa ốc No Va thông báo Nghị quyết HĐQT về việc bổ nhiệm Phó Tổng Giám đốc và thông báo thay đổi nhân sự,https://cafef.vn/du-lieu/NVL-2049635/nvl-nghi-quyet-hdqt-bo-nhiem-ong-duong-van-bac-giu-chuc-pho-tgd-kiem-giam-doc-tai-chinh-tu-692024.chn,cafef
2024-09-05,NVL: Nhắc nhở chậm CBTT BCTC riêng và hợp nhất soát xét bán niên năm 2024,Sở Giao dịch Chứng khoán Thành phố Hồ Chí Minh thông báo nhắc nhở chậm CBTT BCTC riêng và hợp nhất soát xét bán niên năm 2024 đối với Công ty Cổ phần Tập đoàn Đầu tư Địa ốc No Va,https://cafef.vn/du-lieu/NVL-2051337/nvl-nhac-nho-cham-cbtt-bctc-rieng-va-hop-nhat-soat-xet-ban-nien-nam-2024.chn,cafef
2024-08-19,"NVL: Nghị quyết HĐQT số 33,34 ngày 16/08/2024","Công ty Cổ phần Tập đoàn Đầu tư Địa ốc No Va thông báo Nghị quyết HĐQT số 33,34 ngày 16/08/2024",https://cafef.vn/du-lieu/NVL-2041429/nvl-nghi-quyet-hdqt-so-3334-ngay-16082024.chn,cafef
2024-08-19,NVL: Quyết định TGĐ về việc giảm vốn tại Công ty con,Công ty Cổ phần Tập đoàn Đầu tư Địa ốc No Va thông báo Quyết định TGĐ về việc giảm vốn tại Công ty con,https://cafef.vn/du-lieu/NVL-2041430/nvl-quyet-dinh-tgd-ve-viec-giam-von-tai-cong-ty-con.chn,cafef
2024-07-31,NVL: Báo cáo tình hình quản trị công ty 6 tháng đầu năm 2024,Công ty Cổ phần Tập đoàn Đầu tư Địa ốc No Va công bố Báo cáo tình hình quản trị công ty 6 tháng đầu năm 2024,https://cafef.vn/du-lieu/NVL-2067391/nvl-bao-cao-tinh-hinh-quan-tri-cong-ty-6-thang-dau-nam-2024.chn,cafef
2024-07-25,"NVL: Báo cáo định kỳ tình hình thanh toán gốc, lãi trái phiếu doanh nghiệp 6 tháng đầu năm 2024","Công ty Cổ phần Tập đoàn Đầu tư Địa ốc No Va công bố Báo cáo định kỳ tình hình thanh toán gốc, lãi trái phiếu doanh nghiệp 6 tháng đầu năm 2024",https://cafef.vn/du-lieu/NVL-2028915/nvl-bao-cao-dinh-ky-tinh-hinh-thanh-toan-goc-lai-trai-phieu-doanh-nghiep-6-thang-dau-nam-2024.chn,cafef
2024-07-18,NVL: Nghị quyết HĐQT về việc lựa chọn đơn vị kiểm toán cho năm 2024,Công ty Cổ phần Tập đoàn Đầu tư Địa ốc No Va thông báo Nghị quyết HĐQT về việc lựa chọn đơn vị kiểm toán cho năm 2024,https://cafef.vn/du-lieu/NVL-2025709/nvl-nghi-quyet-hdqt-ve-viec-lua-chon-don-vi-kiem-toan-cho-nam-2024.chn,cafef
2024-07-08,NVL: Nghị quyết HĐQT về ngày hiệu lực phương án tái cấu trúc,Công ty Cổ phần Tập đoàn Đầu tư Địa ốc No Va thông báo Nghị quyết HĐQT về ngày hiệu lực PA tái cấu trúc,https://cafef.vn/du-lieu/NVL-2019891/nvl-nghi-quyet-hdqt-ve-ngay-hieu-luc-phuong-an-tai-cau-truc.chn,cafef
2024-07-01,NVL: Nghị quyết HĐQT số 27/2024 ngày 28/06/2024,Công ty Cổ phần Tập đoàn Đầu tư Địa ốc No Va thông báo Nghị quyết HĐQT số 27/2024 ngày 28/06/2024,https://cafef.vn/du-lieu/NVL-2019030/nvl-nghi-quyet-hdqt-so-272024-ngay-28062024.chn,cafef
2024-07-01,NVL: Công bố thông tin liên quan đến việc tái cấu trúc gói Trái phiếu chuyển đổi của Công ty,Công ty Cổ phần Tập đoàn Đầu tư Địa ốc No Va công bố thông tin liên quan đến việc tái cấu trúc gói Trái phiếu chuyển đổi của Công ty,https://cafef.vn/du-lieu/NVL-2019040/nvl-cong-bo-thong-tin-lien-quan-den-viec-tai-cau-truc-goi-trai-phieu-chuyen-doi-cua-cong-ty.chn,cafef
2024-06-28,NVL: Thông báo ngày hoàn thành gói Trái phiếu chuyển đổi,Công ty Cổ phần Tập đoàn Đầu tư Địa ốc No Va thông báo ngày hoàn thành gói TPCĐ,https://cafef.vn/du-lieu/NVL-2015898/nvl-thong-bao-ngay-hoan-thanh-goi-trai-phieu-chuyen-doi.chn,cafef
2024-06-19,NVL: Nghị quyết HĐQT thông qua các khoản đi vay,Công ty Cổ phần Tập đoàn Đầu tư Địa ốc No Va thông báo Nghị quyết HĐQT thông qua các khoản đi vay,https://cafef.vn/du-lieu/NVL-2010599/nvl-nghi-quyet-hdqt-thong-qua-cac-khoan-di-vay.chn,cafef
2024-06-14,NVL: Nghị quyết HĐQT về việc điều chỉnh kỳ hạn và phương án phát hành trái phiếu,Công ty Cổ phần Tập đoàn Đầu tư Địa ốc No Va thông báo Nghị quyết HĐQT về việc điều chỉnh kỳ hạn và phương án phát hành trái phiếu,https://cafef.vn/du-lieu/NVL-2008653/nvl-nghi-quyet-hdqt-ve-viec-dieu-chinh-ky-han-va-phuong-an-phat-hanh-trai-phieu.chn,cafef
2024-06-11,NVL: CBTT liên quan đến việc tái cấu trúc gói Trái phiếu chuyển đổi,Công ty Cổ phần Tập đoàn Đầu tư Địa ốc No Va thông báo liên quan đến việc tái cấu trúc gói Trái phiếu chuyển đổi,https://cafef.vn/du-lieu/NVL-2006339/nvl-cbtt-lien-quan-den-viec-tai-cau-truc-goi-trai-phieu-chuyen-doi.chn,cafef
2024-06-06,NVL: CBTT liên quan tới việc tái cấu trúc gói trái phiếu chuyển đổi trị giá 300.000.000 USD,Công ty Cổ phần Tập đoàn Đầu tư Địa ốc No Va thông báo liên quan tới việc tái cấu trúc gói trái phiếu chuyển đổi trị giá 300.000.000 USD,https://cafef.vn/du-lieu/NVL-2003750/nvl-cbtt-lien-quan-toi-viec-tai-cau-truc-goi-trai-phieu-chuyen-doi-tri-gia-300000000-usd.chn,cafef
2024-05-29,"Đẩy mạnh M&A, bắt tay Novaland làm NOXH: Địa ốc Hoàng Quân (HQC) đặt kế hoạch lợi nhuận gấp 19 lần","Theo Hoàng Quân (HQC), các dự án BĐS NOXH, BĐS khu công nghiệp, BĐS thương mại sẽ đóng góp vào doanh thu 2.000 tỷ đồng và lợi nhuận sau thuế đạt 100 tỷ đồng.",https://cafef.vn/day-manh-ma-bat-tay-novaland-lam-noxh-dia-oc-hoang-quan-hqc-dat-ke-hoach-loi-nhuan-gap-19-lan-18824052911374586.chn,cafef
2024-05-21,NVL: Thông báo ngày hoàn thành được gia hạn gói Trái phiếu chuyển đổi,Công ty Cổ phần Tập đoàn Đầu tư Địa ốc No Va thông báo ngày hoàn thành được gia hạn gói TPCĐ,https://cafef.vn/du-lieu/NVL-1995496/nvl-thong-bao-ngay-hoan-thanh-duoc-gia-han-goi-trai-phieu-chuyen-doi.chn,cafef
2024-05-16,NVL: Thông báo liên quan đến việc tái cấu trúc gói Trái phiếu chuyển đổi 300 triệu USD,Công ty Cổ phần Tập đoàn Đầu tư Địa ốc No Va thông báo liên quan đến việc tái cấu trúc gói Trái phiếu chuyển đổi 300 triệu USD,https://cafef.vn/du-lieu/NVL-1992984/nvl-thong-bao-lien-quan-den-viec-tai-cau-truc-goi-trai-phieu-chuyen-doi-300-trieu-usd.chn,cafef
2024-05-08,NVL: Thông báo về việc Công an Tp. HCM yêu cầu cung cấp hồ sơ Khu đô thị Aqua City,Công ty Cổ phần Tập đoàn Đầu tư Địa ốc No Va thông báo về việc Công an Tp. HCM yêu cầu cung cấp hồ sơ Khu đô thị Aqua City,https://cafef.vn/du-lieu/NVL-1989137/nvl-thong-bao-ve-viec-cong-an-tp-hcm-yeu-cau-cung-cap-ho-so-khu-do-thi-aqua-city.chn,cafef
2024-05-07,NVL: Nghị quyết HĐQT số 18 ngày 06/05/2024,Công ty Cổ phần Tập đoàn Đầu tư Địa ốc No Va thông báo Nghị quyết HĐQT số 18 ngày 06/05/2024,https://cafef.vn/du-lieu/NVL-1988748/nvl-nghi-quyet-hdqt-so-18-ngay-06052024.chn,cafef
2024-05-02,"Trong khi HBC đã hoán đổi nợ cho SMC bằng cổ phiếu, Novaland vẫn chây ỳ 'nợ xấu' hơn 700 tỷ: Công ty thép khẳng định sẽ quyết liệt xử lý trước 30/6","Nếu không xử lý nợ xấu sẽ phải trích lập 300 tỷ trong năm 2024, ảnh hưởng đến lợi nhuận, phía SMC ước tính.",https://cafef.vn/trong-khi-hbc-da-hoan-doi-no-cho-smc-bang-co-phieu-novaland-van-chay-y-no-xau-hon-700-ty-cong-ty-thep-khang-dinh-se-quyet-liet-xu-ly-truoc-306-188240502084108192.chn,cafef
2024-04-26,NVL: Nghị quyết và Biên bản họp ĐHĐCĐ thường niên năm 2024,Công ty Cổ phần Tập đoàn Đầu tư Địa ốc No Va thông báo Nghị quyết và Biên bản họp ĐHĐCĐ thường niên năm 2024,https://cafef.vn/du-lieu/NVL-1985737/nvl-nghi-quyet-va-bien-ban-hop-dhdcd-thuong-nien-nam-2024.chn,cafef
2024-04-26,NVL: Thông báo công văn liên quan đến tái cấu trúc gói Trái phiếu chuyển đổi,Công ty Cổ phần Tập đoàn Đầu tư Địa ốc No Va thông báo công văn liên quan đến tái cấu trúc gói TPCĐ,https://cafef.vn/du-lieu/NVL-1986052/nvl-thong-bao-cong-van-lien-quan-den-tai-cau-truc-goi-trai-phieu-chuyen-doi.chn,cafef
2024-04-23,NVL: Nghị quyết HĐQT liên quan đến chào bán thêm cp cho cổ đông hiện hữu,Công ty Cổ phần Tập đoàn Đầu tư Địa ốc No Va thông báo Nghị quyết HĐQT liên quan đến chào bán thêm CP cho CĐHH,https://cafef.vn/du-lieu/NVL-1981972/nvl-nghi-quyet-hdqt-lien-quan-den-chao-ban-them-cp-cho-co-dong-hien-huu.chn,cafef
2024-04-17,"NVL: Nghị quyết HĐQT về việc bổ sung, điều chỉnh tài liệu họp ĐHĐCĐ thường niên 2024","Công ty Cổ phần Tập đoàn Đầu tư Địa ốc No Va thông báo Nghị quyết HĐQT về việc bổ sung, điều chỉnh tài liệu họp ĐHĐCĐ thường niên 2024",https://cafef.vn/du-lieu/NVL-1979053/nvl-nghi-quyet-hdqt-ve-viec-bo-sung-dieu-chinh-tai-lieu-hop-dhdcd-thuong-nien-2024.chn,cafef
2024-04-15,"Bán lượng cổ phiếu trị giá 7.000 - 8.000 tỷ “giải cứu” Novaland khỏi cơn đại khủng hoảng, ông Bùi Thành Nhơn muốn dựng lại cơ đồ trong 2024?","Năm 2024, không chỉ tham vọng tăng 585% doanh thu lên mức 1,3 tỷ USD, ông Bùi Thành Nhơn cũng sắp xếp phương án tăng sở hữu tại Novaland trở lại.",https://cafef.vn/ban-luong-co-phieu-tri-gia-7000-8000-ty-giai-cuu-novaland-khoi-con-dai-khung-hoang-ong-bui-thanh-nhon-muon-dung-lai-co-do-trong-2024-188240414155515346.chn,cafef
2024-04-04,NVL: Tài liệu họp ĐHĐCĐ thường niên năm 2024,Công ty Cổ phần Tập đoàn Đầu tư Địa ốc No Va thông báo tài liệu họp ĐHĐCĐ thường niên năm 2024,https://cafef.vn/du-lieu/NVL-1971460/nvl-tai-lieu-hop-dhdcd-thuong-nien-nam-2024.chn,cafef
2024-04-04,NVL: Nghị quyết HĐQT về việc hủy nghị quyết số 82,Công ty Cổ phần Tập đoàn Đầu tư Địa ốc No Va thông báo Nghị quyết HĐQT về việc hủy nghị quyết số 82,https://cafef.vn/du-lieu/NVL-1971501/nvl-nghi-quyet-hdqt-ve-viec-huy-nghi-quyet-so-82.chn,cafef
2024-04-03,NVL: Thông báo về việc tái cấu trúc gói Trái phiếu chuyển đổi trị giá 300 triệu USD,Công ty Cổ phần Tập đoàn Đầu tư Địa ốc No Va thông báo về việc tái cấu trúc gói TPCĐ trị giá 300 triệu USD,https://cafef.vn/du-lieu/NVL-1971173/nvl-thong-bao-ve-viec-tai-cau-truc-goi-trai-phieu-chuyen-doi-tri-gia-300-trieu-usd.chn,cafef
2024-03-14,NVL: Nghị quyết HĐQT sửa đổi phương án phát hành trái phiếu,Công ty Cổ phần Tập đoàn Đầu tư Địa ốc No Va thông báo Nghị quyết HĐQT sửa đổi phương án phát hành trái phiếu,https://cafef.vn/du-lieu/NVL-1959882/nvl-nghi-quyet-hdqt-sua-doi-phuong-an-phat-hanh-trai-phieu.chn,cafef
2024-03-07,"NVL: 22.3.2024, ngày GDKHQ tham dự ĐHCĐ thường niên năm 2024",Sở Giao dịch Chứng khoán Thành phố Hồ Chí Minh thông báo ngày ĐKCC để thực hiện quyền tham dự ĐHCĐ thường niên năm 2024 của Công ty Cổ phần Tập đoàn Đầu tư Địa ốc No Va (mã CK:NVL),https://cafef.vn/du-lieu/NVL-1956819/nvl-2232024-ngay-gdkhq-tham-du-dhcd-thuong-nien-nam-2024.chn,cafef
2024-03-04,NVL: Nghị quyết HĐQT chốt DSCĐ thực hiện quyền tham dự ĐHĐCĐ thường niên 2024,Công ty Cổ phần Tập đoàn Đầu tư Địa ốc No Va thông báo Nghị quyết HĐQT về việc chốt DSCĐ thực hiện quyền tham dự ĐHĐCĐ thường niên 2024,https://cafef.vn/du-lieu/NVL-1954065/nvl-nghi-quyet-hdqt-chot-dscd-thuc-hien-quyen-tham-du-dhdcd-thuong-nien-2024.chn,cafef
2024-02-07,NVL: Biên bản kiểm phiếu và Nghị quyết ĐHĐCĐ bằng hình thức lấy ý kiến cổ đông bằng văn bản,Công ty Cổ phần Tập đoàn Đầu tư Địa ốc No Va công bố Biên bản kiểm phiếu và Nghị quyết ĐHĐCĐ bằng hình thức lấy ý kiến cổ đông bằng văn bản,https://cafef.vn/du-lieu/NVL-1942525/nvl-bien-ban-kiem-phieu-va-nghi-quyet-dhdcd-bang-hinh-thuc-lay-y-kien-co-dong-bang-van-ban.chn,cafef
2024-02-07,NVL: Nghị quyết HĐQT bổ nhiệm ông Huỳnh Văn Phước phụ trách quản trị từ 6.2.2024,Công ty Cổ phần Tập đoàn Đầu tư Địa ốc No Va thông báo Nghị quyết HĐQT thông qua thay đổi Người phụ trách quản trị Công ty,https://cafef.vn/du-lieu/NVL-1942532/nvl-nghi-quyet-hdqt-bo-nhiem-ong-huynh-van-phuoc-phu-trach-quan-tri-tu-622024.chn,cafef
2024-02-04,"“Phần thưởng” cuối năm cho cổ đông BĐS: DN nỗ lực xoá sạch nợ trái phiếu, báo lãi, cổ phiếu đón sự trở lại của dòng tiền","Sửa đổi Luật đất đai, cùng chính nỗ lực của DN để giảm áp lực nợ là động lực đưa nhóm “tứ trụ” của TTCK (ngân hàng – bất động sản – thép – chứng khoán dần trở lại cuộc chơi.",https://cafef.vn/phan-thuong-cuoi-nam-cho-co-dong-bds-dn-no-luc-xoa-sach-no-trai-phieu-bao-lai-co-phieu-don-su-tro-lai-cua-dong-tien-188240204103402026.chn,cafef
2024-02-03,Novaland “nỗ lực” như thế nào để có lãi ngàn tỷ trở lại?,"Hiện, mã NVL đang bị cắt margin nên việc thu hút thanh khoản sẽ bị hạn chế rất lớn, việc lợi nhuận dương trở lại là điều kiện cần để cổ phiếu Công ty được cấp margin trở lại.",https://cafef.vn/novaland-no-luc-nhu-the-nao-de-co-lai-ngan-ty-tro-lai-18824020314033728.chn,cafef
2024-01-31,NVL: Báo cáo tình hình quản trị công ty năm 2023,Công ty Cổ phần Tập đoàn Đầu tư Địa ốc No Va công bố báo cáo tình hình quản trị công ty năm 2023,https://cafef.vn/du-lieu/NVL-1946155/nvl-bao-cao-tinh-hinh-quan-tri-cong-ty-nam-2023.chn,cafef
2024-01-29,"NVL: Báo cáo định kỳ tình hình thanh toán gốc, lãi TPDN","Công ty Cổ phần Tập đoàn Đầu tư Địa ốc No Va báo cáo định kỳ tình hình thanh toán gốc, lãi TPDN",https://cafef.vn/du-lieu/NVL-1937754/nvl-bao-cao-dinh-ky-tinh-hinh-thanh-toan-goc-lai-tpdn.chn,cafef
2024-01-26,NVL: Nghị quyết HĐQT số 05 và Tài liệu lấy ý kiến cổ đông bằng văn bản,Công ty Cổ phần Tập đoàn Đầu tư Địa ốc No Va công bố Nghị quyết HĐQT số 05 và Tài liệu lấy ý kiến cổ đông bằng văn bản,https://cafef.vn/du-lieu/NVL-1937401/nvl-nghi-quyet-hdqt-so-05-va-tai-lieu-lay-y-kien-co-dong-bang-van-ban.chn,cafef
2024-01-18,"NVL: Nghị quyết HĐQT thông qua điều chỉnh, sửa đổi phương án phát hành và tỷ lệ chuyển đổi Trái phiếu","Công ty Cổ phần Tập đoàn Đầu tư Địa ốc No Va thông báo Nghị quyết HĐQT thông qua điều chỉnh, sửa đổi phương án phát hành và tỷ lệ chuyển đổi TP",https://cafef.vn/du-lieu/NVL-1932753/nvl-nghi-quyet-hdqt-thong-qua-dieu-chinh-sua-doi-phuong-an-phat-hanh-va-ty-le-chuyen-doi-trai-phieu.chn,cafef
2023-12-29,NVL: Quyết định của TGĐ về việc bổ sung thêm tài sản bảo đảm cho khoản vay,Công ty Cổ phần Tập đoàn Đầu tư Địa ốc No Va thông báo Quyết định của TGĐ về việc bổ sung thêm tài sản bảo đảm cho khoản vay,https://cafef.vn/du-lieu/NVL-1922877/nvl-quyet-dinh-cua-tgd-ve-viec-bo-sung-them-tai-san-bao-dam-cho-khoan-vay.chn,cafef
2023-12-29,NVL: Nghị quyết HĐQT về việc cam kết cho khoản vay của Delta - Valley Bình Thuận,Công ty Cổ phần Tập đoàn Đầu tư Địa ốc No Va thông báo Nghị quyết HĐQT về việc cam kết cho khoản vay của Delta - Valley Bình Thuận,https://cafef.vn/du-lieu/NVL-1923828/nvl-nghi-quyet-hdqt-ve-viec-cam-ket-cho-khoan-vay-cua-delta-valley-binh-thuan.chn,cafef
2023-12-29,NVL: Biên bản kiểm phiếu và Nghị quyết ĐHĐCĐ bằng hình thức lấy ý kiến cổ đông bằng văn bản,Công ty Cổ phần Tập đoàn Đầu tư Địa ốc No Va thông báo Biên bản kiểm phiếu và Nghị quyết ĐHĐCĐ bằng hình thức lấy ý kiến cổ đông bằng văn bản,https://cafef.vn/du-lieu/NVL-1923848/nvl-bien-ban-kiem-phieu-va-nghi-quyet-dhdcd-bang-hinh-thuc-lay-y-kien-co-dong-bang-van-ban.chn,cafef
2023-12-28,"NVL: 12.1.2024, ngày GDKHQ lấy ý kiến cổ đông bằng văn bản",Sở Giao dịch Chứng khoán TP.HCM thông báo về ngày ĐKCC lấy ý kiến cổ đông bằng văn bản đối với Công ty Cổ phần Tập đoàn Đầu tư Địa ốc No Va,https://cafef.vn/du-lieu/NVL-1922378/nvl-1212024-ngay-gdkhq-lay-y-kien-co-dong-bang-van-ban.chn,cafef
2023-12-26,NVL: Nghị quyết HĐQT chốt ngày ĐKCC để lấy ý kiến bằng văn bản,Công ty Cổ phần Tập đoàn Đầu tư Địa ốc No Va thông báo Nghị quyết HĐQT chốt ngày ĐKCC để lấy ý kiến bằng văn bản,https://cafef.vn/du-lieu/NVL-1920583/nvl-nghi-quyet-hdqt-chot-ngay-dkcc-de-lay-y-kien-bang-van-ban.chn,cafef
2023-12-18,"Novaland cảnh báo việc bị mạo danh để lừa đảo, trục lợi riêng","Theo Novaland, các đối lượng đã mạo danh Trung tâm chăm sóc khách hàng của Novaland và đối tác để nhắn tin, gửi email nhắc hạn thanh toán sản phẩm bất động sản.",https://cafef.vn/novaland-canh-bao-viec-bi-mao-danh-de-lua-dao-truc-loi-rieng-188231218094255788.chn,cafef
2023-12-18,NVL: Nghị quyết HĐQT về việc chấm dứt hợp đồng hợp tác với The Forest City,Công ty Cổ phần Tập đoàn Đầu tư Địa ốc No Va thông báo Nghị quyết HĐQT về việc chấm dứt hợp đồng hợp tác với The Forest City,https://cafef.vn/du-lieu/NVL-1916187/nvl-nghi-quyet-hdqt-ve-viec-cham-dut-hop-dong-hop-tac-voi-the-forest-city.chn,cafef
2023-12-15,NVL: CBTT liên quan tới việc tái cấu trúc gói trái phiếu chuyển đổi trị giá 300.000.000 USD,Công ty Cổ phần Tập đoàn Đầu tư Địa ốc No Va thông báo liên quan tới việc tái cấu trúc gói trái phiếu chuyển đổi trị giá 300.000.000 USD,https://cafef.vn/du-lieu/NVL-1914711/nvl-cbtt-lien-quan-toi-viec-tai-cau-truc-goi-trai-phieu-chuyen-doi-tri-gia-300000000-usd.chn,cafef
2023-12-13,NVL: Nghị quyết HĐQT 82 ngày 12/12/2023,Công ty Cổ phần Tập đoàn Đầu tư Địa ốc No Va thông báo Nghị quyết HĐQT 82 ngày 12/12/2023,https://cafef.vn/du-lieu/NVL-1914086/nvl-nghi-quyet-hdqt-82-ngay-12122023.chn,cafef
2023-11-25,"Novaland muốn vay 100 tỷ đồng từ chủ đầu tư dự án Aqua Reverside City, không có tài sản đảm bảo","Long Hưng Phát là công ty con do Novaland sở hữu 79,98% cổ phần, vốn điều lệ của công ty là 600 tỷ đồng.",https://cafef.vn/novaland-muon-vay-100-ty-dong-tu-chu-dau-tu-du-an-aqua-reverside-city-khong-co-tai-san-dam-bao-188231125105459236.chn,cafef
2023-11-24,Novaland bảo lãnh khoản vay 3.600 tỷ đồng cho chủ dự án Aqua Waterfront City,"Cách đó hai ngày, HĐQT Novaland đã thông qua việc giảm 1.000 tỷ vốn hợp tác kinh doanh với Đà Lạt Valley.",https://cafef.vn/novaland-bao-lanh-khoan-vay-3600-ty-dong-cho-chu-du-an-aqua-waterfront-city-188231124112409603.chn,cafef
2023-11-24,NVL: Nghị quyết HĐQT v/vvay vốn Công ty TNHH Đầu tư BĐS Long Hưng Phát,Công ty Cổ phần Tập đoàn Đầu tư Địa ốc No Va thông báo Nghị quyết HĐQT về việc vay vốn Công ty TNHH Đầu tư BĐS Long Hưng Phát,https://cafef.vn/du-lieu/NVL-1895971/nvl-nghi-quyet-hdqt-vvvay-von-cong-ty-tnhh-dau-tu-bds-long-hung-phat.chn,cafef
2023-11-24,NVL: Thông báo về việc thay đổi nội dung Thông báo ngày đăng ký cuối cùng lấy ý kiến cổ đông bằng văn bản,Sở Giao dịch Chứng khoán Thành phố Hồ Chí Minh thông báo về việc thay đổi nội dung Thông báo ngày đăng ký cuối cùng lấy ý kiến cổ đông bằng văn bản đối với Công ty Cổ phần Tập đoàn Đầu tư Địa ốc No Va,https://cafef.vn/du-lieu/NVL-1896796/nvl-thong-bao-ve-viec-thay-doi-noi-dung-thong-bao-ngay-dang-ky-cuoi-cung-lay-y-kien-co-dong-bang-van-ban.chn,cafef
2023-11-23,NVL: Nghị quyết HĐQT số 78 và 79 ngày 23/11/2023,Công ty Cổ phần Tập đoàn Đầu tư Địa ốc No Va thông báo Nghị quyết HĐQT số 78 và 79 ngày 23/11/2023,https://cafef.vn/du-lieu/NVL-1895128/nvl-nghi-quyet-hdqt-so-78-va-79-ngay-23112023.chn,cafef
2023-11-21,NVL: Nghị quyết HĐQT thông qua sửa đổi Hợp đồng nguyên tắc với Công ty TNHH BĐS Đà Lạt Valley,Công ty Cổ phần Tập đoàn Đầu tư Địa ốc No Va thông báo Nghị quyết HĐQT thông qua sửa đổi Hợp đồng nguyên tắc với CT TNHH BĐS Đà Lạt Valley,https://cafef.vn/du-lieu/NVL-1891981/nvl-nghi-quyet-hdqt-thong-qua-sua-doi-hop-dong-nguyen-tac-voi-cong-ty-tnhh-bds-da-lat-valley.chn,cafef
2023-11-20,NVL: Nghị quyết HĐQT thông báo ngày ĐKCC lấy ý kiến cổ đông bằng văn bản,Công ty Cổ phần Tập đoàn Đầu tư Địa ốc No Va thông báo Nghị quyết HĐQT thông báo ngày ĐKCC lấy ý kiến cổ đông bằng văn bản,https://cafef.vn/du-lieu/NVL-1890265/nvl-nghi-quyet-hdqt-thong-bao-ngay-dkcc-lay-y-kien-co-dong-bang-van-ban.chn,cafef
2023-11-09,"Trái chiều diễn biến: Cổ phiếu NVL chạm trần, Nova Consumer (NCG) bất ngờ nằm sàn ngay phiên giao dịch đầu tiên","Đối nghịch với sự bùng nổ của NVL, cổ phiếu NCG lại giảm kịch sàn với biên độ -40% ngay trong ngày đầu lên sàn, vốn hóa bay hơn 1.800 tỷ.",https://cafef.vn/trai-chieu-dien-bien-co-phieu-nvl-cham-tran-nova-consumer-ncg-bat-ngo-nam-san-ngay-phien-giao-dich-dau-tien-188231109155829272.chn,cafef
2023-11-08,Vì sao cổ phiếu Novaland tăng kịch trần?,Novaland và một công ty có liên quan đã giải quyết khoản trái phiếu trị giá 1.500 tỉ đồng.,https://cafef.vn/vi-sao-co-phieu-novaland-tang-kich-tran-18823110820295441.chn,cafef
2023-11-02,NVL: Quyết định về việc đưa cổ phiếu ra khỏi diện cảnh báo,Sở Giao dịch Chứng khoán TP.HCM quyết định đưa cổ phiếu Công ty Cổ phần Tập đoàn Đầu tư Địa ốc No Va ra khỏi diện cảnh báo kể từ ngày 03/11/2023,https://cafef.vn/du-lieu/NVL-1870630/nvl-quyet-dinh-ve-viec-dua-co-phieu-ra-khoi-dien-canh-bao.chn,cafef
2023-11-02,NVL: Thông báo về việc xử lý vi phạm đối với cổ phiếu,Thông báo về việc xử lý vi phạm đối với cổ phiếu,https://cafef.vn/du-lieu/NVL-1870636/nvl-thong-bao-ve-viec-xu-ly-vi-pham-doi-voi-co-phieu.chn,cafef
2023-10-30,NVL: Biện pháp nguyên nhân và đề xuất đưa cổ phiếu NVL ra khỏi diện cảnh báo,Công ty Cổ phần Tập đoàn Đầu tư Địa ốc No Va thông báo biện pháp nguyên nhân và đề xuất đưa cổ phiếu NVL ra khỏi diện cảnh báo,https://cafef.vn/du-lieu/NVL-1866022/nvl-bien-phap-nguyen-nhan-va-de-xuat-dua-co-phieu-nvl-ra-khoi-dien-canh-bao.chn,cafef
2023-10-25,NVL: Thông báo chấm dứt hoạt động của Chi nhánh Điện Biên Phủ,Công ty Cổ phần Tập đoàn Đầu tư Địa ốc No Va thông báo chấm dứt hoạt động của CN Điện Biên Phủ,https://cafef.vn/du-lieu/NVL-1860760/nvl-thong-bao-cham-dut-hoat-dong-cua-chi-nhanh-dien-bien-phu.chn,cafef
2023-10-20,"NVL: Nghị quyết chấp thuận việc ký kết, thỏa thuận với bên có liên quan",Công ty Cổ phần Tập đoàn Đầu tư Địa ốc No Va thông báo Nghị quyết số 70 và 72 ngày 19/10/2023,https://cafef.vn/du-lieu/NVL-1855159/nvl-nghi-quyet-chap-thuan-viec-ky-ket-thoa-thuan-voi-ben-co-lien-quan.chn,cafef
2023-10-13,NVL: Nghị quyết HĐQT thông qua Bản điều lệ Công ty cập nhật,Công ty Cổ phần Tập đoàn Đầu tư Địa ốc No Va thông báo Nghị quyết HĐQT số 68 ngày 12/10/2023,https://cafef.vn/du-lieu/NVL-1844158/nvl-nghi-quyet-hdqt-thong-qua-ban-dieu-le-cong-ty-cap-nhat.chn,cafef
2023-10-05,NVL: Nghị quyết HĐQT phê duyệt thỏa thuận giữa công ty và CTCP Novagroup liên quan đến Trái phiếu NVLB2123012,Công ty Cổ phần Tập đoàn Đầu tư Địa ốc No Va thông báo Nghị quyết HĐQT về việc phê duyệt thỏa thuận giữa công ty và CTCP Novagroup liên quan đến Trái phiếu NVLB2123012,https://cafef.vn/du-lieu/NVL-1830695/nvl-nghi-quyet-hdqt-phe-duyet-thoa-thuan-giua-cong-ty-va-ctcp-novagroup-lien-quan-den-trai-phieu-nvlb2123012.chn,cafef
2023-09-22,"NVL: Nghị quyết HĐQT v/v điều chỉnh, sửa đổi và bổ sung phương án phát hành trái phiếu của Công ty","Công ty Cổ phần Tập đoàn Đầu tư Địa ốc No Va thông báo Nghị quyết HĐQT về việc điều chỉnh, sửa đổi và bổ sung phương án phát hành trái phiếu của Công ty như sau",https://cafef.vn/du-lieu/NVL-1816681/nvl-nghi-quyet-hdqt-vv-dieu-chinh-sua-doi-va-bo-sung-phuong-an-phat-hanh-trai-phieu-cua-cong-ty.chn,cafef
2023-09-22,"NVL: Nghị quyết HĐQT về việc thông qua ký kết, chuyển giao và thực hiện thỏa thuận tái cơ cấu khoản vay, phê duyệt phương án mua lại trái phiếu trước hạn","Công ty Cổ phần Tập đoàn Đầu tư Địa ốc No Va thông báo Nghị quyết HĐQT về việc thông qua ký kết, chuyển giao và thực hiện thỏa thuận tái cơ cấu khoản vay, phê duyệt phương án mua lại trái phiếu trước hạn như sau",https://cafef.vn/du-lieu/NVL-1818296/nvl-nghi-quyet-hdqt-ve-viec-thong-qua-ky-ket-chuyen-giao-va-thuc-hien-thoa-thuan-tai-co-cau-khoan-vay-phe-duyet-phuong-an-mua-lai-trai-phieu-truoc-han.chn,cafef
2023-09-14,NVL: Nghị quyết HĐQT v/v cam kết cho khoản vay củ CTCP Địa ốc Ngân Hiệp,Công ty Cổ phần Tập đoàn Đầu tư Địa ốc No Va thông báo Nghị quyết HĐQT về việc cam kết cho khoản vay củ CTCP Địa ốc Ngân Hiệp như sau,https://cafef.vn/du-lieu/NVL-1804567/nvl-nghi-quyet-hdqt-vv-cam-ket-cho-khoan-vay-cu-ctcp-dia-oc-ngan-hiep.chn,cafef
2023-09-11,Một công ty bất động sản thuộc Novaland báo lỗ gấp 3 lần cùng kỳ,"Liên tục thua lỗ, hiện tỷ suất lợi nhuận sau thuế/vốn chủ sở hữu (ROE) của Công ty đang âm 2,96%.",https://cafef.vn/mot-cong-ty-bat-dong-san-thuoc-novaland-bao-lo-gap-3-lan-cung-ky-188230911134525907.chn,cafef
2023-09-11,NVL: Đính chính BCTC HN soát xét bán niên 2023,Công ty Cổ phần Tập đoàn Đầu tư Địa ốc No Va thông báo đính chính BCTC HN soát xét bán niên 2023 như sau,https://cafef.vn/du-lieu/NVL-1798047/nvl-dinh-chinh-bctc-hn-soat-xet-ban-nien-2023.chn,cafef
2023-09-07,NVL: Giấy chứng nhận đăng ký doanh nghiệp thay đổi lần thứ 69,Công ty Cổ phần Tập đoàn Đầu tư Địa ốc No Va thông báo Giấy chứng nhận đăng ký doanh nghiệp thay đổi lần thứ 69 như sau,https://cafef.vn/du-lieu/NVL-1794256/nvl-giay-chung-nhan-dang-ky-doanh-nghiep-thay-doi-lan-thu-69.chn,cafef
2023-09-05,NVL: NQ HĐQT v/v bổ sung tài sản bảo đảm để đảm bảo cho khoản vay tại NHTM CP Quân đội,Công ty Cổ phần Tập đoàn Đầu tư Địa ốc No Va thông báo Nghị quyết HĐQT về việc bổ sung tài sản bảo đảm để đảm bảo cho khoản vay trung và dài hạn tại NHTM CP Quân đội như sau,https://cafef.vn/du-lieu/NVL-1790611/nvl-nq-hdqt-vv-bo-sung-tai-san-bao-dam-de-dam-bao-cho-khoan-vay-tai-nhtm-cp-quan-doi.chn,cafef
2023-08-18,NVL: Đính chính nội dung BCTC Q2/2023,Công ty Cổ phần Tập đoàn Đầu tư Địa ốc No Va đính chính nội dung BCTC Q2/2023 như sau,https://cafef.vn/du-lieu/NVL-1769802/nvl-dinh-chinh-noi-dung-bctc-q22023.chn,cafef
2023-08-17,NVL: Nghị quyết và Biên bản kiểm phiếu ĐHĐCĐ lấy ý kiến cổ đông bằng văn bản,Công ty Cổ phần Tập đoàn Đầu tư Địa ốc No Va thông báo Nghị quyết và Biên bản kiểm phiếu ĐHĐCĐ lấy ý kiến cổ đông bằng văn bản như sau,https://cafef.vn/du-lieu/NVL-1767126/nvl-nghi-quyet-va-bien-ban-kiem-phieu-dhdcd-lay-y-kien-co-dong-bang-van-ban.chn,cafef
2023-08-02,NVL: Tài liệu lấy ý kiến cổ đông bằng văn bản,Công ty Cổ phần Tập đoàn Đầu tư Địa ốc No Va thông báo tài liệu lấy ý kiến cổ đông bằng văn bản như sau,https://cafef.vn/du-lieu/NVL-1748283/nvl-tai-lieu-lay-y-kien-co-dong-bang-van-ban.chn,cafef
2023-08-02,"NVL: Thông tin bất thường v/v chậm thanh toán gốc, lãi trái phiếu NVLH2123007","Công ty Cổ phần Tập đoàn Đầu tư Địa ốc No Va công bố thông tin bất thường về việc chậm thanh toán gốc, lãi trái phiếu NVLH2123007 như sau",https://cafef.vn/du-lieu/NVL-1751768/nvl-thong-tin-bat-thuong-vv-cham-thanh-toan-goc-lai-trai-phieu-nvlh2123007.chn,cafef
2023-07-31,NVL: Báo cáo tình hình quản trị Công ty 06 tháng đầu năm 2023,Công ty Cổ phần Tập đoàn Đầu tư Địa ốc No Va báo cáo tình hình quản trị Công ty 06 tháng đầu năm 2023 như sau,https://cafef.vn/du-lieu/NVL-783152/nvl-bao-cao-tinh-hinh-quan-tri-cong-ty-06-thang-dau-nam-2023.chn,cafef
2023-07-31,NVL: Nghị quyết HĐQT thông qua báo cáo KQKD quý 2/2023 và KHKD 6 tháng cuối năm 2023,Công ty Cổ phần Tập đoàn Đầu tư Địa ốc No Va thông báo Nghị quyết HĐQT thông qua báo cáo KQKD quý 2/2023 và kế hoạch kinh doanh 6 tháng cuối năm 2023 như sau,https://cafef.vn/du-lieu/NVL-783170/nvl-nghi-quyet-hdqt-thong-qua-bao-cao-kqkd-quy-22023-va-khkd-6-thang-cuoi-nam-2023.chn,cafef
2023-07-27,NVL: Nghị quyết HĐQT v/v lựa chọn đơn vị kiểm toán cho năm 2023,"Công ty Cổ phần Tập đoàn Đầu tư Địa ốc No Va công bố Nghị quyết HĐQT về việc lựa chọn đơn vị kiểm toán cho năm 2023 và sửa đổi, bổ sung Nghị quyết HĐQT số 144 như sau",https://cafef.vn/du-lieu/NVL-777186/nvl-nghi-quyet-hdqt-vv-lua-chon-don-vi-kiem-toan-cho-nam-2023.chn,cafef
2023-07-18,NVL: Cập nhật tình hình liên quan đê gói trái phiếu chuyển đổi trị giá 300000000 USD đến hạn,Công ty Cổ phần Tập đoàn Đầu tư Địa ốc No Va CBTT liên quan đến việc cập nhật tình hình liên quan đê gói trái phiếu chuyển đổi trị giá 300000000 USD đến hạn như sau,https://cafef.vn/du-lieu/NVL-767914/nvl-cap-nhat-tinh-hinh-lien-quan-de-goi-trai-phieu-chuyen-doi-tri-gia-300000000-usd-den-han.chn,cafef
2023-07-11,Cựu sếp PWC là ứng viên duy nhất cho vị trí Thành viên HĐQT độc lập của Novaland,"Ông Hoàng Đức Hùng sinh năm 1973, có hơn 30 năm kinh nghiệm trong ngành tài chính",https://cafef.vn/cuu-sep-pwc-la-ung-vien-duy-nhat-cho-vi-tri-thanh-vien-hdqt-doc-lap-cua-novaland-188230711144255882.chn,cafef
2023-07-11,NVL122001: Thông báo ngày đăng ký cuối cùng lấy ý kiến cổ đông bằng văn bản,Thông báo số 21/2023-TB-NVLG về ngày đăng ký cuối cùng lấy ý kiến cổ đông bằng văn bản,https://cafef.vn/du-lieu/NVL-546761/nvl122001-thong-bao-ngay-dang-ky-cuoi-cung-lay-y-kien-co-dong-bang-van-ban.chn,cafef
2023-07-11,NVL122001: Nghị quyết Hội đồng quản trị,Nghị quyết Hội đồng quản trị,https://cafef.vn/du-lieu/NVL-546765/nvl122001-nghi-quyet-hoi-dong-quan-tri.chn,cafef
2023-07-10,NVL: Nghị quyết HĐQT v/v thông qua danh sách ứng viên Thành viên độc lập HĐQT,Công ty Cổ phần Tập đoàn Đầu tư Địa ốc No Va thông báo Nghị quyết HĐQT về việc thông qua danh sách ứng viên Thành viên độc lập HĐQT như sau,https://cafef.vn/du-lieu/NVL-757460/nvl-nghi-quyet-hdqt-vv-thong-qua-danh-sach-ung-vien-thanh-vien-doc-lap-hdqt.chn,cafef
2023-07-07,NVL: CBTT Nghị quyết HĐQT điều chỉnh và thông qua phương án phát hành trái phiếu,Công ty Cổ phần Tập đoàn Đầu tư Địa ốc No Va công bố Nghị quyết HĐQT điều chỉnh và thông qua phương án phát hành trái phiếu như sau,https://cafef.vn/du-lieu/NVL-542410/nvl-cbtt-nghi-quyet-hdqt-dieu-chinh-va-thong-qua-phuong-an-phat-hanh-trai-phieu.chn,cafef
2023-07-07,NVL122001: Nghị quyết Hội đồng quản trị,Nghị quyết Hội đồng quản trị,https://cafef.vn/du-lieu/NVL-543033/nvl122001-nghi-quyet-hoi-dong-quan-tri.chn,cafef
2023-07-04,"NVL: Quyết định của TGĐ v/v bổ sung bên bảo đảm, tài sản bảo đảm để đảm bảo cho nghĩa vụ khoản vay","Công ty Cổ phần Tập đoàn Đầu tư Địa ốc No Va thông báo Quyết định của TGĐ về việc bổ sung bên bảo đảm, tài sản bảo đảm để đảm bảo cho nghĩa vụ khoản vay như sau",https://cafef.vn/du-lieu/NVL-537470/nvl-quyet-dinh-cua-tgd-vv-bo-sung-ben-bao-dam-tai-san-bao-dam-de-dam-bao-cho-nghia-vu-khoan-vay.chn,cafef
2023-07-04,"NVL122001: CBTT số 400/2023-CV-NVLG liên quan đến bổ sung bên bảo đảm, tài sản bảo đảm để đảm bảo nghĩa vụ khoản vay","CV CBTT số 400/2023-CV-NVLG liên quan đến bổ sung bên bảo đảm, tài sản bảo đảm để đảm bảo nghĩa vụ khoản vay",https://cafef.vn/du-lieu/NVL-537849/nvl122001-cbtt-so-4002023cvnvlg-lien-quan-den-bo-sung-ben-bao-dam-tai-san-bao-dam-de-dam-bao-nghia-vu-khoan-vay.chn,cafef
2023-07-03,NVL: Công văn số 393 v/v đề cử TVĐL HĐQT,Công ty Cổ phần Tập đoàn Đầu tư Địa ốc No Va công bố công văn số 393 về việc đề cử TVĐL HĐQT như sau,https://cafef.vn/du-lieu/NVL-535614/nvl-cong-van-so-393-vv-de-cu-tvdl-hdqt.chn,cafef
2023-07-03,NVL: Nghị quyết HĐQT v/v chấm dứt nhận chuyển nhượng vốn góp tại CT TNHH Vũng Tàu Investment,Công ty Cổ phần Tập đoàn Đầu tư Địa ốc No Va công bố nghị quyết HĐQT về việc chấm dứt nhận chuyển nhượng vốn góp tại CT TNHH Vũng Tàu Investment như sau,https://cafef.vn/du-lieu/NVL-535742/nvl-nghi-quyet-hdqt-vv-cham-dut-nhan-chuyen-nhuong-von-gop-tai-ct-tnhh-vung-tau-investment.chn,cafef
2023-07-03,NVL122001: CBTT liên quan đến thông báo đề cử TVĐL HĐQT cho nhiệm kỳ 2021-2026,CBTT số 393/2023-CV-NVLG liên quan đến thông báo đề cử TVĐL HĐQT cho nhiệm kỳ 2021-2026,https://cafef.vn/du-lieu/NVL-536484/nvl122001-cbtt-lien-quan-den-thong-bao-de-cu-tvdl-hdqt-cho-nhiem-ky-20212026.chn,cafef
2023-07-03,NVL122001: Nghị quyết Hội đồng quản trị,Nghị quyết Hội đồng quản trị,https://cafef.vn/du-lieu/NVL-536485/nvl122001-nghi-quyet-hoi-dong-quan-tri.chn,cafef
2023-06-28,NVL122001: Nghị quyết Đại hội đồng cổ đông thường niên năm 2023,Nghị quyết Đại hội đồng cổ đông thường niên năm 2023,https://cafef.vn/du-lieu/NVL-544759/nvl122001-nghi-quyet-dai-hoi-dong-co-dong-thuong-nien-nam-2023.chn,cafef
2023-06-28,NVL: Nghị quyết HĐQT v/v điều chỉnh kỳ hạn các trái phiếu của công ty,Công ty Cổ phần Tập đoàn Đầu tư Địa ốc No Va thông báo Nghị quyết HĐQT về việc điều chỉnh kỳ hạn các trái phiếu của công ty như sau,https://cafef.vn/du-lieu/NVL-530493/nvl-nghi-quyet-hdqt-vv-dieu-chinh-ky-han-cac-trai-phieu-cua-cong-ty.chn,cafef
2023-06-28,NVL122001: Nghị quyết Hội đồng quản trị,Nghị quyết Hội đồng quản trị,https://cafef.vn/du-lieu/NVL-537177/nvl122001-nghi-quyet-hoi-dong-quan-tri.chn,cafef
2023-06-28,NVL122001: Nghị quyết Đại hội đồng cổ đông thường niên năm 2023,Nghị quyết Đại hội đồng cổ đông thường niên năm 2023,https://cafef.vn/du-lieu/NVL-538298/nvl122001-nghi-quyet-dai-hoi-dong-co-dong-thuong-nien-nam-2023.chn,cafef
2023-06-26,"NVL122001: Nghị quyết HĐQT lấy ý kiến người sở hữu trái phiếu về việc sửa đổi, bổ sung văn kiện trái phiếu","NQ Người sở hữu trái phiếu về việc sửa đổi, bổ sung văn kiện trái phiếu",https://cafef.vn/du-lieu/NVL-529759/nvl122001-nghi-quyet-hdqt-lay-y-kien-nguoi-so-huu-trai-phieu-ve-viec-sua-doi-bo-sung-van-kien-trai-phieu.chn,cafef
2023-06-23,NVL122001: CBTT về việc thay đổi điều kiện điều khoản gói Trái Phiếu,CBTT về việc thay đổi điều kiện điều khoản gói Trái Phiếu,https://cafef.vn/du-lieu/NVL-527984/nvl122001-cbtt-ve-viec-thay-doi-dieu-kien-dieu-khoan-goi-trai-phieu.chn,cafef
2023-06-23,NVL: Nghị quyết HĐQT số 42 và 43 ngay2/06/2023,C&ocirc;ng ty Cổ phần Tập đo&agrave;n Đầu tư Địa ốc No Va&nbsp;th&ocirc;ng b&aacute;o Nghị quyết HĐQT số 42 v&agrave; 43 ngay2/06/2023 như sau:,https://cafef.vn/du-lieu/NVL-527951/nvl-nghi-quyet-hdqt-so-42-va-43-ngay2062023.chn,cafef
2023-06-23,"Số lượng cổ đông của Novaland tăng vọt sau vài tháng, từng có giai đoạn trung bình mỗi ngày kết nạp thêm gần 700 ""chứng sĩ""",Số lượng cổ đông Novaland tăng mạnh trong bối cảnh giá cổ phiếu giảm sâu cũng như nhóm cổ đông liên quan Chủ tịch Bùi Thành Nhơn liên tục giảm tỷ lệ sở hữu.,https://cafef.vn/so-luong-co-dong-cua-novaland-tang-vot-sau-vai-thang-tung-co-giai-doan-trung-binh-moi-ngay-ket-nap-them-gan-700-chung-si-188230622222546765.chn,cafef
2023-06-23,"Gia đình ông Bùi Thành Nhơn bán ra hơn 200 triệu cổ phiếu, Novaland nói gì trước nghi ngờ về một cuộc tháo chạy?","Số liệu báo cáo cho thấy trong vòng 1 năm qua, các cá nhân và tổ chức liên quan đến ông Bùi Thành Nhơn đã bán ra hơn 206 triệu NVL, giảm lượng nắm giữ xuống 980 triệu cổ phiếu, tương đương 50,2% vốn của Novaland.",https://cafef.vn/gia-dinh-ong-bui-thanh-nhon-ban-ra-hon-200-trieu-co-phieu-novaland-noi-gi-truoc-nghi-ngo-ve-mot-cuoc-thao-chay-188230622222848492.chn,cafef
2023-06-22,"Ông Bùi Thành Nhơn: Xin lỗi 60.000 cổ đông, khách hàng, đối tác… sau loạt sự cố, khẳng định Novaland sẽ hồi phục từ quý 3/2023","Giai đoạn 2024-2025, Novaland (NVL) dự kiến triển khai thêm hai dự án BĐS Đô thị tại Tp.HCM và một dự án đô thị vệ tinh lân cận Tp.HCM.",https://cafef.vn/ong-bui-thanh-nhon-xin-loi-60000-co-dong-khach-hang-doi-tac-sau-loat-su-co-khang-dinh-novaland-se-hoi-phuc-tu-quy-32023-188230622151658471.chn,cafef
2023-06-22,"Chủ tịch Bùi Thành Nhơn: ĐHCĐ 2023 đặc biệt nhất trong 30 năm của Novaland, chúng tôi chấp nhận mọi mất mát, cam kết nỗ lực hành động bù đắp cho khách hàng, cổ đông","CTCP Tập đoàn đầu tư địa ốc No va (Novaland, mã: NVL) đã tổ chức ĐHĐCĐ vào lúc 13 giờ hôm nay (ngày 22/6) tại NovaWorld Phan Thiết, Bình Thuận. Đây là lần đầu tiên doanh nghiệp không tổ chức đại hội tại TP.HCM, kể từ khi niêm yết cổ phiếu trên sàn chứng khoán hồi 2016.",https://cafef.vn/chu-tich-bui-thanh-nhon-dhcd-2023-dac-biet-nhat-trong-30-nam-cua-novaland-chung-toi-chap-nhan-moi-mat-mat-cam-ket-no-luc-hanh-dong-bu-dap-cho-khach-hang-co-dong-188230622141514877.chn,cafef
2023-06-21,Hai cổ đông lớn nhất của Novaland tiếp tục bị bán giải chấp hàng triệu cổ phiếu NVL,"Thời gian gần đây, hai tổ chức này đã nhiều lần bị bán giải chấp cổ phiếu NVL. Không chỉ vậy, tổ chức này còn chủ động  đăng ký bán ra cổ phiếu.",https://cafef.vn/hai-co-dong-lon-nhat-cua-novaland-tiep-tuc-bi-ban-giai-chap-hang-trieu-co-phieu-nvl-188230621170116419.chn,cafef
2023-06-20,NVL122001: Công bố thông tin Công văn số 360/CV-NVLG,CV CBTT số 360/CV-NVLG,https://cafef.vn/du-lieu/NVL-212129/nvl122001-cong-bo-thong-tin-cong-van-so-360cvnvlg.chn,cafef
2023-06-20,"NVL: Nghị quyết HĐQT số 40, 41 và tài liệu họp ĐHĐCĐ thường niên 2023","C&ocirc;ng ty Cổ phần Tập đo&agrave;n Đầu tư Địa ốc No Va&nbsp;th&ocirc;ng b&aacute;o&nbsp;Nghị quyết HĐQT số 40, 41 v&agrave; t&agrave;i liệu họp ĐHĐCĐ thường ni&ecirc;n 2023 như sau:",https://cafef.vn/du-lieu/NVL-212522/nvl-nghi-quyet-hdqt-so-40-41-va-tai-lieu-hop-dhdcd-thuong-nien-2023.chn,cafef
2023-06-19,NVL122001: CBTT số 359/CV-NVLG liên quan đến đơn từ nhiệm vị trí TV HĐQT,CV CBTT số 359/CV-NVLG liên quan đến đơn từ nhiệm vị trí TV HĐQT,https://cafef.vn/du-lieu/NVL-212840/nvl122001-cbtt-so-359cvnvlg-lien-quan-den-don-tu-nhiem-vi-tri-tv-hdqt.chn,cafef
2023-06-19,NVL122001: Nghị quyết Hội đồng quản trị,Nghị quyết Hội đồng quản trị,https://cafef.vn/du-lieu/NVL-212843/nvl122001-nghi-quyet-hoi-dong-quan-tri.chn,cafef
2023-06-19,NVL: Nghị quyết HĐQT v/v thông qua danh sách ứng viên Thành viên HĐQT,C&ocirc;ng ty Cổ phần Tập đo&agrave;n Đầu tư Địa ốc No Va&nbsp;th&ocirc;ng b&aacute;o&nbsp;Nghị quyết HĐQT về việc th&ocirc;ng qua danh s&aacute;ch ứng vi&ecirc;n Th&agrave;nh vi&ecirc;n HĐQT như sau:,https://cafef.vn/du-lieu/NVL-213275/nvl-nghi-quyet-hdqt-vv-thong-qua-danh-sach-ung-vien-thanh-vien-hdqt.chn,cafef
2023-06-16,"Novaland trước thềm ĐHCĐ: Công bố sẽ tiếp tục triển khai 15 dự án, gồm nhiều dự án “vàng” ở Sài Gòn","Ngày 22/6 tới, NVL sẽ tổ chức ĐHĐCĐ thường niên thông qua kế hoạch kinh doanh năm 2023 với mục tiêu 9.531 tỷ đồng doanh thu và 214 tỷ đồng lãi sau thuế, lần lượt giảm gần 15% và hơn 90% so với thực hiện năm 2022. Đây là mức lợi nhuận thấp nhất trong 8 năm qua, kể từ khi doanh nghiệp bất động sản này niêm yết năm 2016.",https://cafef.vn/novaland-truoc-them-dhcd-cong-bo-se-tiep-tuc-trien-khai-15-du-an-gom-nhieu-du-an-vang-o-sai-gon-188230616100338711.chn,cafef
2023-06-13,"NVL: NVG đính chính báo cáo kết quả giao dịch của người nội bộ, NLQ tại công văn số 12/2023/CV-NVG","NVG đ&iacute;nh ch&iacute;nh b&aacute;o c&aacute;o kết quả giao dịch cổ phiếu của người nội bộ, người c&oacute; li&ecirc;n quan đến người nội bộ tại c&ocirc;ng văn số 12/2023/CV-NVG của C&ocirc;ng ty Cổ phần Tập đo&agrave;n Đầu tư Địa ốc No Va&nbsp;như sau:",https://cafef.vn/du-lieu/NVL-215768/nvl-nvg-dinh-chinh-bao-cao-ket-qua-giao-dich-cua-nguoi-noi-bo-nlq-tai-cong-van-so-122023cvnvg.chn,cafef
2023-06-01,NVL122001: Tài liệu họp Đại hội đồng cổ đông,Tài liệu họp Đại hội đồng cổ đông,https://cafef.vn/du-lieu/NVL-222164/nvl122001-tai-lieu-hop-dai-hoi-dong-co-dong.chn,cafef
2023-06-01,NVL122001: Nghị quyết Hội đồng quản trị,Nghị quyết Hội đồng quản trị,https://cafef.vn/du-lieu/NVL-222167/nvl122001-nghi-quyet-hoi-dong-quan-tri.chn,cafef
2023-05-31,NVL: Nghị quyết HĐQT và tài liệu ĐHĐCĐ thường niên 2023,Công ty Cổ phần Tập đoàn Đầu tư Địa ốc No Va&nbsp;thông báo&nbsp;Nghị quyết HĐQT và tài liệu ĐHĐCĐ thường niên 2023 như sau:,https://cafef.vn/du-lieu/NVL-222950/nvl-nghi-quyet-hdqt-va-tai-lieu-dhdcd-thuong-nien-2023.chn,cafef
2023-05-31,NVL122001: Thông báo ngày đăng ký cuối cùng để thực hiện lấy ý kiến người sở hữu trái phiếu,Thông báo ngày đăng ký cuối cùng để thực hiện lấy ý kiến người sở hữu trái phiếu,https://cafef.vn/du-lieu/NVL-223511/nvl122001-thong-bao-ngay-dang-ky-cuoi-cung-de-thuc-hien-lay-y-kien-nguoi-so-huu-trai-phieu.chn,cafef
2023-05-29,NVL122001: Nghị quyết Hội đồng quản trị,Nghị quyết Hội đồng quản trị,https://cafef.vn/du-lieu/NVL-225290/nvl122001-nghi-quyet-hoi-dong-quan-tri.chn,cafef
2023-05-26,NVL: Nghị quyết HĐQT về bổ sung tài sản đảm bảo cho trái phiếu,&nbsp;C&ocirc;ng ty Cổ phần Tập đo&agrave;n Đầu tư Địa ốc No Va th&ocirc;ng b&aacute;o Nghị quyết HĐQT về bổ sung t&agrave;i sản đảm bảo cho tr&aacute;i phiếu&nbsp;như sau:,https://cafef.vn/du-lieu/NVL-226031/nvl-nghi-quyet-hdqt-ve-bo-sung-tai-san-dam-bao-cho-trai-phieu.chn,cafef
2023-05-24,NVL122001: Đơn từ nhiệm của ông Nguyễn Trần Đăng Phước,Đơn từ nhiệm của ông Nguyễn Trần Đăng Phước,https://cafef.vn/du-lieu/NVL-227858/nvl122001-don-tu-nhiem-cua-ong-nguyen-tran-dang-phuoc.chn,cafef
2023-05-24,NVL122001: Thư từ nhiệm của ông Nguyễn Đức Dũng,Thư từ nhiệm của ông Nguyễn Đức Dũng,https://cafef.vn/du-lieu/NVL-227864/nvl122001-thu-tu-nhiem-cua-ong-nguyen-duc-dung.chn,cafef
2023-05-24,NVL122001: Thông báo về ngày đăng ký cuối cùng để lấy ý kiến người sở hữu trái phiếu của mã trái phiếu NVL122001,Thông báo về ngày đăng ký cuối cùng để lấy ý kiến người sở hữu trái phiếu của mã trái phiếu NVL122001,https://cafef.vn/du-lieu/NVL-227873/nvl122001-thong-bao-ve-ngay-dang-ky-cuoi-cung-de-lay-y-kien-nguoi-so-huu-trai-phieu-cua-ma-trai-phieu-nvl122001.chn,cafef
2023-05-22,NVL: Nghị quyết HĐQT về lấy ý kiến người sở hữu trái phiếu,C&ocirc;ng ty Cổ phần Tập đo&agrave;n Đầu tư Địa ốc No Va&nbsp;th&ocirc;ng b&aacute;o Nghị quyết HĐQT về lấy &yacute; kiến người sở hữu tr&aacute;i phiếu&nbsp;như sau:,https://cafef.vn/du-lieu/NVL-229610/nvl-nghi-quyet-hdqt-ve-lay-y-kien-nguoi-so-huu-trai-phieu.chn,cafef
2023-05-22,NVL122001: Thông báo về ngày đăng ký cuối cùng để lấy ý kiến người sở hữu trái phiếu của mã trái phiếu NVL122001,Thông báo về ngày đăng ký cuối cùng để lấy ý kiến người sở hữu trái phiếu của mã trái phiếu NVL122001,https://cafef.vn/du-lieu/NVL-229658/nvl122001-thong-bao-ve-ngay-dang-ky-cuoi-cung-de-lay-y-kien-nguoi-so-huu-trai-phieu-cua-ma-trai-phieu-nvl122001.chn,cafef
2023-05-22,NVL122001: Nghị quyết Hội đồng quản trị,Nghị quyết Hội đồng quản trị,https://cafef.vn/du-lieu/NVL-229661/nvl122001-nghi-quyet-hoi-dong-quan-tri.chn,cafef
2023-05-12,NVL: Nghị quyết HĐQT v/v ký kết hợp đồng vay với Công ty TNHH Long Hưng Phát,C&ocirc;ng ty Cổ phần Tập đo&agrave;n Đầu tư Địa ốc No Va&nbsp;th&ocirc;ng b&aacute;o Nghị quyết HĐQT về việc k&yacute; kết hợp đồng vay với C&ocirc;ng ty TNHH Long Hưng Ph&aacute;t như sau:,https://cafef.vn/du-lieu/NVL-234473/nvl-nghi-quyet-hdqt-vv-ky-ket-hop-dong-vay-voi-cong-ty-tnhh-long-hung-phat.chn,cafef
2023-05-12,NVL: Nghị quyết HĐQT v/v ký kết hợp đồng vay với Công ty TNHH Long Hưng Phát,C&ocirc;ng ty Cổ phần Tập đo&agrave;n Đầu tư Địa ốc No Va&nbsp;th&ocirc;ng b&aacute;o Nghị quyết HĐQT về việc k&yacute; kết hợp đồng vay với C&ocirc;ng ty TNHH Long Hưng Ph&aacute;t như sau:,https://cafef.vn/du-lieu/NVL-234476/nvl-nghi-quyet-hdqt-vv-ky-ket-hop-dong-vay-voi-cong-ty-tnhh-long-hung-phat.chn,cafef
2023-05-12,NVL122001: Nghị quyết Hội đồng quản trị,Nghị quyết Hội đồng quản trị,https://cafef.vn/du-lieu/NVL-234500/nvl122001-nghi-quyet-hoi-dong-quan-tri.chn,cafef
2023-05-08,NVL122001: Công văn CBTT số 285/2023-CV-NVLG liên quan đến công văn số 168/2023-CV-NVLG phản hồi thông tin về CTCP Đầu tư Tân Thành Long An,Công văn CBTT số 285/2023-CV-NVLG liên quan đến công văn số 168/2023-CV-NVLG phản hồi thông tin về CTCP Đầu tư Tân Thành Long An,https://cafef.vn/du-lieu/NVL-237854/nvl122001-cong-van-cbtt-so-2852023cvnvlg-lien-quan-den-cong-van-so-1682023cvnvlg-phan-hoi-thong-tin-ve-ctcp-dau-tu-tan-thanh-long-an.chn,cafef
2023-05-08,NVL122001: Thay đổi người công bố thông tin,Thay đổi người công bố thông tin,https://cafef.vn/du-lieu/NVL-238643/nvl122001-thay-doi-nguoi-cong-bo-thong-tin.chn,cafef
2023-05-05,NVL: Thông tin liên quan đến Dự án KCN và Đô thị Việt Phát và CTCP Đầu tư Tân Thành Long An,C&ocirc;ng ty Cổ phần Tập đo&agrave;n Đầu tư Địa ốc No Va c&ocirc;ng bố th&ocirc;ng tin li&ecirc;n quan đến Dự &aacute;n KCN v&agrave; Đ&ocirc; thị Việt Ph&aacute;t v&agrave; CTCP Đầu tư T&acirc;n Th&agrave;nh Long An như sau:,https://cafef.vn/du-lieu/NVL-239114/nvl-thong-tin-lien-quan-den-du-an-kcn-va-do-thi-viet-phat-va-ctcp-dau-tu-tan-thanh-long-an.chn,cafef
2023-05-05,NVL122001: Công văn CBTT số 282/2023-CV-NVLG liên quan đến các NQĐHĐCĐ số 11-12-13 và BBKP số 03,Công văn CBTT số 282/2023-CV-NVLG liên quan đến các NQĐHĐCĐ số 11-12-13 và BBKP số 03,https://cafef.vn/du-lieu/NVL-239291/nvl122001-cong-van-cbtt-so-2822023cvnvlg-lien-quan-den-cac-nqdhdcd-so-111213-va-bbkp-so-03.chn,cafef
2023-05-05,NVL122001: Công văn CBTT số 282/2023-CV-NVLG liên quan đến các NQĐHĐCĐ số 11-12-13 và BBKP số 03,Công văn CBTT số 282/2023-CV-NVLG liên quan đến các NQĐHĐCĐ số 11-12-13 và BBKP số 03,https://cafef.vn/du-lieu/NVL-239294/nvl122001-cong-van-cbtt-so-2822023cvnvlg-lien-quan-den-cac-nqdhdcd-so-111213-va-bbkp-so-03.chn,cafef
2023-05-05,NVL: Nghị quyết ĐHĐCĐ thường niên năm 2023 và biên bản kiểm phiếu,C&ocirc;ng ty Cổ phần Tập đo&agrave;n Đầu tư Địa ốc No Va&nbsp;th&ocirc;ng b&aacute;o Nghị quyết ĐHĐCĐ thường ni&ecirc;n năm 2023 v&agrave; bi&ecirc;n bản kiểm phiếu&nbsp;như sau:,https://cafef.vn/du-lieu/NVL-239327/nvl-nghi-quyet-dhdcd-thuong-nien-nam-2023-va-bien-ban-kiem-phieu.chn,cafef
2023-05-04,NVL122001: Giải trình chênh lệch LNST BCTC Riêng lẻ quý 1 năm 2023,Công văn số 276/2023-CV-NVLG ngày 28/04/2023 liên quan đến giải trình chênh lệch LNST BCTC Riêng lẻ quý 1 năm 2023,https://cafef.vn/du-lieu/NVL-240524/nvl122001-giai-trinh-chenh-lech-lnst-bctc-rieng-le-quy-1-nam-2023.chn,cafef
2023-05-04,NVL122001: Giải trình chênh lệch LNST BCTC Hợp nhất quý 1 năm 2023,Công văn số 275/2023-CV-NVLG ngày 28/04/2023 liên quan đến giải trình chênh lệch LNST BCTC Hợp nhất quý 1 năm 2023,https://cafef.vn/du-lieu/NVL-240557/nvl122001-giai-trinh-chenh-lech-lnst-bctc-hop-nhat-quy-1-nam-2023.chn,cafef
2023-05-04,NVL122001: Giải trình chênh lệch LNST BCTC Hợp nhất quý 1 năm 2023,Công văn số 275/2023-CV-NVLG ngày 28/04/2023 liên quan đến giải trình chênh lệch LNST BCTC Hợp nhất quý 1 năm 2023,https://cafef.vn/du-lieu/NVL-240560/nvl122001-giai-trinh-chenh-lech-lnst-bctc-hop-nhat-quy-1-nam-2023.chn,cafef
2023-04-29,"Novaland lần đầu tiên báo lỗ, doanh thu thấp kỷ lục","Doanh thu và lợi nhuận gộp Novaland giảm sâu trong quý đầu năm, và không đủ trả các khoản chi phí khiến công ty báo lỗ 410 tỷ đồng.",https://cafef.vn/novaland-lan-dau-tien-bao-lo-doanh-thu-thap-ky-luc-188230429081514418.chn,cafef
2023-04-28,"NVL: 17.5.2023, ngày GDKHQ thực hiện quyền tham dự ĐHCĐ thường niên năm 2023",Sở Giao dịch Chứng khoán Thành phố Hồ Chí Minh thông báo&nbsp;ngày ĐKCC để thực hiện quyền tham dự ĐHCĐ thường niên năm 2023 của&nbsp;Công ty Cổ phần Tập đoàn Đầu tư Địa ốc No Va (mã CK: NVL)&nbsp;như sau:,https://cafef.vn/du-lieu/NVL-241871/nvl-1752023-ngay-gdkhq-thuc-hien-quyen-tham-du-dhcd-thuong-nien-nam-2023.chn,cafef
2023-04-28,NVL: Giải trình chênh lệch LNST BCTC HN và riêng quý 1/2023 so với cùng kỳ năm trước,Công ty Cổ phần Tập đoàn Đầu tư Địa ốc No Va&nbsp;giải trình chênh lệch LNST BCTC HN và riêng quý 1/2023 so với cùng kỳ năm trước như sau:,https://cafef.vn/du-lieu/NVL-242081/nvl-giai-trinh-chenh-lech-lnst-bctc-hn-va-rieng-quy-12023-so-voi-cung-ky-nam-truoc.chn,cafef
2023-04-26,NVL122001: Thông báo số 13/2023-TB-NVLG chốt ngày đăng ký cuối cùng để thực hiện quyền tham dự ĐHĐCĐ thường niên 2023,Thông báo số 13/2023-TB-NVLG chốt ngày đăng ký cuối cùng để thực hiện quyền tham dự ĐHĐCĐ thường niên 2023,https://cafef.vn/du-lieu/NVL-247217/nvl122001-thong-bao-so-132023tbnvlg-chot-ngay-dang-ky-cuoi-cung-de-thuc-hien-quyen-tham-du-dhdcd-thuong-nien-2023.chn,cafef
2023-04-26,NVL122001: Nghị quyết Hội đồng quản trị,Nghị quyết Hội đồng quản trị,https://cafef.vn/du-lieu/NVL-247226/nvl122001-nghi-quyet-hoi-dong-quan-tri.chn,cafef
2023-04-25,NVL: Nghị quyết HĐQT về gia hạn thời gian tổ chức ĐHĐCĐ thường niên năm 2023,C&ocirc;ng ty Cổ phần Tập đo&agrave;n Đầu tư Địa ốc No Va th&ocirc;ng b&aacute;o Nghị quyết HĐQT về gia hạn thời gian tổ chức ĐHĐCĐ thường ni&ecirc;n năm 2023 v&agrave; th&ocirc;ng b&aacute;o ng&agrave;y ĐKCC để thực hiện quyền tham dự như sau:,https://cafef.vn/du-lieu/NVL-249311/nvl-nghi-quyet-hdqt-ve-gia-han-thoi-gian-to-chuc-dhdcd-thuong-nien-nam-2023.chn,cafef
2023-04-25,NVL: Nghị quyết HĐQT về gia hạn thời gian tổ chức ĐHĐCĐ thường niên năm 2023,C&ocirc;ng ty Cổ phần Tập đo&agrave;n Đầu tư Địa ốc No Va th&ocirc;ng b&aacute;o Nghị quyết HĐQT về gia hạn thời gian tổ chức ĐHĐCĐ thường ni&ecirc;n năm 2023 v&agrave; th&ocirc;ng b&aacute;o ng&agrave;y ĐKCC để thực hiện quyền tham dự như sau:,https://cafef.vn/du-lieu/NVL-249314/nvl-nghi-quyet-hdqt-ve-gia-han-thoi-gian-to-chuc-dhdcd-thuong-nien-nam-2023.chn,cafef
2023-04-21,"NVL: Nghị quyết HĐQT v/v điều chỉnh, sửa đổi, bổ sung phương án phát hành trái phiếu","C&ocirc;ng ty Cổ phần Tập đo&agrave;n Đầu tư Địa ốc No Va&nbsp;th&ocirc;ng b&aacute;o Nghị quyết HĐQT về việc điều chỉnh, sửa đổi, bổ sung phương &aacute;n ph&aacute;t h&agrave;nh tr&aacute;i phiếu v&agrave; giao dịch đảm bảo nghĩa vụ ph&aacute;t h&agrave;nh tr&aacute;i phiếu&nbsp;như sau:",https://cafef.vn/du-lieu/NVL-254213/nvl-nghi-quyet-hdqt-vv-dieu-chinh-sua-doi-bo-sung-phuong-an-phat-hanh-trai-phieu.chn,cafef
2023-04-21,"NVL: Nghị quyết HĐQT v/v điều chỉnh, sửa đổi, bổ sung phương án phát hành trái phiếu","C&ocirc;ng ty Cổ phần Tập đo&agrave;n Đầu tư Địa ốc No Va&nbsp;th&ocirc;ng b&aacute;o Nghị quyết HĐQT về việc điều chỉnh, sửa đổi, bổ sung phương &aacute;n ph&aacute;t h&agrave;nh tr&aacute;i phiếu v&agrave; giao dịch đảm bảo nghĩa vụ ph&aacute;t h&agrave;nh tr&aacute;i phiếu&nbsp;như sau:",https://cafef.vn/du-lieu/NVL-254216/nvl-nghi-quyet-hdqt-vv-dieu-chinh-sua-doi-bo-sung-phuong-an-phat-hanh-trai-phieu.chn,cafef
2023-04-21,"NVL: Nghị quyết HĐQT v/v điều chỉnh, sửa đổi, bổ sung phương án phát hành trái phiếu","C&ocirc;ng ty Cổ phần Tập đo&agrave;n Đầu tư Địa ốc No Va&nbsp;th&ocirc;ng b&aacute;o Nghị quyết HĐQT về việc điều chỉnh, sửa đổi, bổ sung phương &aacute;n ph&aacute;t h&agrave;nh tr&aacute;i phiếu v&agrave; giao dịch đảm bảo nghĩa vụ ph&aacute;t h&agrave;nh tr&aacute;i phiếu&nbsp;như sau:",https://cafef.vn/du-lieu/NVL-254219/nvl-nghi-quyet-hdqt-vv-dieu-chinh-sua-doi-bo-sung-phuong-an-phat-hanh-trai-phieu.chn,cafef
2023-04-21,NVL: Liên quan đến Báo cáo thường niên năm 2022,C&ocirc;ng ty Cổ phần Tập đo&agrave;n Đầu tư Địa ốc No Va&nbsp;c&ocirc;ng bố li&ecirc;n quan đến B&aacute;o c&aacute;o thường ni&ecirc;n năm 20222&nbsp;như sau:,https://cafef.vn/du-lieu/NVL-254258/nvl-lien-quan-den-bao-cao-thuong-nien-nam-2022.chn,cafef
2023-04-21,NVL: Giải trình biện pháp và lộ trình khắc phục tình trạng chứng khoán bị cảnh báo,C&ocirc;ng ty Cổ phần Tập đo&agrave;n Đầu tư Địa ốc No Va&nbsp;giải tr&igrave;nh biện ph&aacute;p v&agrave; lộ tr&igrave;nh khắc phục t&igrave;nh trạng chứng kho&aacute;n bị cảnh b&aacute;o như sau:,https://cafef.vn/du-lieu/NVL-254267/nvl-giai-trinh-bien-phap-va-lo-trinh-khac-phuc-tinh-trang-chung-khoan-bi-canh-bao.chn,cafef
2023-04-21,NVL122001: Thay đổi thời gian thanh toán lãi kỳ tính lãi 05,Thay đổi thời gian thanh toán lãi kỳ tính lãi 05,https://cafef.vn/du-lieu/NVL-254360/nvl122001-thay-doi-thoi-gian-thanh-toan-lai-ky-tinh-lai-05.chn,cafef
2023-04-21,NVL122001: Nghị quyết Hội đồng quản trị,Nghị quyết Hội đồng quản trị,https://cafef.vn/du-lieu/NVL-254414/nvl122001-nghi-quyet-hoi-dong-quan-tri.chn,cafef
2023-04-19,NVL122001: Thông báo xác nhận danh sách tổng hợp người sở hữu chứng khoán nhận lãi trái phiếu doanh nghiệp bằng tiền,Thông báo xác nhận danh sách tổng hợp người sở hữu chứng khoán nhận lãi trái phiếu doanh nghiệp bằng tiền,https://cafef.vn/du-lieu/NVL-258737/nvl122001-thong-bao-xac-nhan-danh-sach-tong-hop-nguoi-so-huu-chung-khoan-nhan-lai-trai-phieu-doanh-nghiep-bang-tien.chn,cafef
2023-04-19,NVL122001: Thông báo về việc thay đổi thời gian thanh toán lãi kỳ tính lãi 05 của mã chứng khoán NVL122001,Thông báo về việc thay đổi thời gian thanh toán lãi kỳ tính lãi 05 của mã chứng khoán NVL122001,https://cafef.vn/du-lieu/NVL-258740/nvl122001-thong-bao-ve-viec-thay-doi-thoi-gian-thanh-toan-lai-ky-tinh-lai-05-cua-ma-chung-khoan-nvl122001.chn,cafef
2023-04-19,NVL122001: Thay đổi các Điều Kiện và Điều Khoản của Trái Phiếu NVLB2123012,Công bố thông tin về việc thay đổi các Điều Kiện và Điều Khoản của Trái Phiếu NVLB2123012,https://cafef.vn/du-lieu/NVL-258743/nvl122001-thay-doi-cac-dieu-kien-va-dieu-khoan-cua-trai-phieu-nvlb2123012.chn,cafef
2023-04-19,NVL122001: Nghị quyết Hội đồng quản trị,Nghị quyết Hội đồng quản trị,https://cafef.vn/du-lieu/NVL-258836/nvl122001-nghi-quyet-hoi-dong-quan-tri.chn,cafef
2023-04-19,NVL: Quyết định v/v đưa cổ phiếu vào diện cảnh báo,Sở Giao dịch Chứng kho&aacute;n TP.HCM quyết định về việc đưa cổ phiếu&nbsp;của&nbsp;C&ocirc;ng ty Cổ phần Tập đo&agrave;n Đầu tư Địa ốc No Va&nbsp;(m&atilde; CK:&nbsp;NVL)&nbsp;v&agrave;o diện cảnh b&aacute;o kể từ ng&agrave;y 25/04/2023 như sau:,https://cafef.vn/du-lieu/NVL-259088/nvl-quyet-dinh-vv-dua-co-phieu-vao-dien-canh-bao.chn,cafef
2023-04-19,NVL: Thông báo v/v đưa cổ phiếu vào diện cảnh báo,Sở Giao dịch Chứng kho&aacute;n TP.HCM th&ocirc;ng b&aacute;o về việc đưa cổ phiếu&nbsp;của&nbsp;C&ocirc;ng ty Cổ phần Tập đo&agrave;n Đầu tư Địa ốc No Va (m&atilde; CK: NVL)&nbsp;v&agrave;o diện cảnh b&aacute;o như sau:,https://cafef.vn/du-lieu/NVL-259091/nvl-thong-bao-vv-dua-co-phieu-vao-dien-canh-bao.chn,cafef
2023-04-19,NVL: Nội dung liên quan đến trái phiếu NVLB2123012,C&ocirc;ng ty Cổ phần Tập đo&agrave;n Đầu tư Địa ốc No Va&nbsp;th&ocirc;ng b&aacute;o&nbsp;nội dung li&ecirc;n quan đến tr&aacute;i phiếu NVLB2123012 như sau:,https://cafef.vn/du-lieu/NVL-259337/nvl-noi-dung-lien-quan-den-trai-phieu-nvlb2123012.chn,cafef
2023-04-18,NVL122001: Công văn số 179/2023-CV-NVLG ngày 17/04/2023 liên quan giải trình chênh lệch LNST BCTC riêng lẻ năm 2022 đã kiểm toán,Công văn số 179/2023-CV-NVLG ngày 17/04/2023 liên quan giải trình chênh lệch LNST BCTC riêng lẻ năm 2022 đã kiểm toán,https://cafef.vn/du-lieu/NVL-260060/nvl122001-cong-van-so-1792023cvnvlg-ngay-17042023-lien-quan-giai-trinh-chenh-lech-lnst-bctc-rieng-le-nam-2022-da-kiem-toan.chn,cafef
2023-04-18,NVL122001: Công văn số 180/2023-CV-NVLG ngày 17/04/2023 liên quan giải trình ý kiến kiểm toán BCTC riêng lẻ năm 2022 đã kiểm toán,Công văn số 180/2023-CV-NVLG ngày 17/04/2023 liên quan giải trình ý kiến kiểm toán BCTC riêng lẻ năm 2022 đã kiểm toán,https://cafef.vn/du-lieu/NVL-260063/nvl122001-cong-van-so-1802023cvnvlg-ngay-17042023-lien-quan-giai-trinh-y-kien-kiem-toan-bctc-rieng-le-nam-2022-da-kiem-toan.chn,cafef
2023-04-18,NVL122001: Công văn số 178/2023-CV-NVLG ngày 17/04/2023 liên quan giải trình chênh lệch LNST BCTC hợp nhất năm 2022 đã kiểm toán,Công văn số 178/2023-CV-NVLG ngày 17/04/2023 liên quan giải trình chênh lệch LNST BCTC hợp nhất năm 2022 đã kiểm toán,https://cafef.vn/du-lieu/NVL-260081/nvl122001-cong-van-so-1782023cvnvlg-ngay-17042023-lien-quan-giai-trinh-chenh-lech-lnst-bctc-hop-nhat-nam-2022-da-kiem-toan.chn,cafef
2023-04-18,NVL122001: Công văn số 176/2023-CV-NVLG ngày 17/04/2023 liên quan giải trình ý kiến kiểm toán BCTC hợp nhất năm 2022 đã kiểm toán,Công văn số 176/2023-CV-NVLG ngày 17/04/2023 liên quan giải trình ý kiến kiểm toán BCTC hợp nhất năm 2022 đã kiểm toán,https://cafef.vn/du-lieu/NVL-260108/nvl122001-cong-van-so-1762023cvnvlg-ngay-17042023-lien-quan-giai-trinh-y-kien-kiem-toan-bctc-hop-nhat-nam-2022-da-kiem-toan.chn,cafef
2023-04-18,NVL: Nghị quyết HĐQT v/v thay đổi các điều khoản và điều kiện trái phiếu NVLB2123012,C&ocirc;ng ty Cổ phần Tập đo&agrave;n Đầu tư Địa ốc No Va&nbsp;c&ocirc;ng bố Nghị quyết HĐQT về việc thay đổi c&aacute;c điều khoản v&agrave; điều kiện tr&aacute;i phiếu NVLB2123012 như sau:,https://cafef.vn/du-lieu/NVL-260531/nvl-nghi-quyet-hdqt-vv-thay-doi-cac-dieu-khoan-va-dieu-kien-trai-phieu-nvlb2123012.chn,cafef
2023-04-18,NVL122001: Nghị quyết Hội đồng quản trị,Nghị quyết Hội đồng quản trị,https://cafef.vn/du-lieu/NVL-260711/nvl122001-nghi-quyet-hoi-dong-quan-tri.chn,cafef
2023-04-17,NVL: Nghị quyết HĐQT số 27 ngày 15/04/2023,C&ocirc;ng ty Cổ phần Tập đo&agrave;n Đầu tư Địa ốc No Va&nbsp;th&ocirc;ng&nbsp;b&aacute;o&nbsp;Nghị quyết HĐQT số 27 ng&agrave;y 15/04/2023 như sau:,https://cafef.vn/du-lieu/NVL-262652/nvl-nghi-quyet-hdqt-so-27-ngay-15042023.chn,cafef
2023-04-14,NVL122001: Tài liệu họp Đại hội đồng cổ đông,T&agrave;i liệu họp Đại hội đồng cổ đ&ocirc;ng,https://cafef.vn/du-lieu/NVL-265445/nvl122001-tai-lieu-hop-dai-hoi-dong-co-dong.chn,cafef
2023-04-14,NVL: Liên quan đến tài liệu lấy ý kiến cổ đông bằng văn bản,C&ocirc;ng ty Cổ phần Tập đo&agrave;n Đầu tư Địa ốc No Va&nbsp;c&ocirc;ng bố li&ecirc;n quan đến t&agrave;i liệu lấy &yacute; kiến cổ đ&ocirc;ng bằng văn bản như sau:,https://cafef.vn/du-lieu/NVL-265679/nvl-lien-quan-den-tai-lieu-lay-y-kien-co-dong-bang-van-ban.chn,cafef
2023-04-14,NVL: Liên quan đến tài liệu lấy ý kiến cổ đông bằng văn bản,C&ocirc;ng ty Cổ phần Tập đo&agrave;n Đầu tư Địa ốc No Va&nbsp;c&ocirc;ng bố li&ecirc;n quan đến t&agrave;i liệu lấy &yacute; kiến cổ đ&ocirc;ng bằng văn bản như sau:,https://cafef.vn/du-lieu/NVL-265682/nvl-lien-quan-den-tai-lieu-lay-y-kien-co-dong-bang-van-ban.chn,cafef
2023-04-14,NVL: Liên quan đến tài liệu lấy ý kiến cổ đông bằng văn bản,C&ocirc;ng ty Cổ phần Tập đo&agrave;n Đầu tư Địa ốc No Va&nbsp;c&ocirc;ng bố li&ecirc;n quan đến t&agrave;i liệu lấy &yacute; kiến cổ đ&ocirc;ng bằng văn bản như sau:,https://cafef.vn/du-lieu/NVL-265685/nvl-lien-quan-den-tai-lieu-lay-y-kien-co-dong-bang-van-ban.chn,cafef
2023-04-11,"Novaland (NVL) “vui buồn” lẫn lộn: Được gia hạn trả lãi lô trái phiếu 1.000 tỷ thêm nửa tháng, cổ đông lớn lại bị “force sell” và không được chấp thuận gia hạn BCTC kiểm toán","Ở một diễn biến khác, Uỷ ban Chứng khoán Nhà nước (SSC) mới đây đã đề nghị Novaland thực hiện nghĩa vụ công bố thông tin BCTC kiểm toán năm 2022 theo đúng thời hạn quy định tại điểm c khoản 1 Điều 10 Thông tư 96/2020/TT-BTC.",https://cafef.vn/novaland-nvl-vui-buon-lan-lon-duoc-gia-han-tra-lai-lo-trai-phieu-1000-ty-them-nua-thang-co-dong-lon-lai-bi-force-sell-va-khong-duoc-chap-thuan-gia-han-bctc-kiem-toan-188230411131717422.chn,cafef
2023-04-10,"HoSE ""khước từ"" đề nghị gia hạn công bố BCTC kiểm toán của Novaland, NovaGroup tiếp tục bị bán giải chấp cổ phiếu NVL","HoSE cho biết lý do đề nghị gia hạn của Novaland không thuộc trường hợp bất khả kháng theo quy định, do đó Sở đề nghị doanh nghiệp thực hiện nghĩa vụ công bố thông tin đúng thời hạn.",https://cafef.vn/hose-khuoc-tu-de-nghi-gia-han-cong-bo-bctc-kiem-toan-cua-novaland-novagroup-tiep-tuc-bi-ban-giai-chap-co-phieu-nvl-18823041019230432.chn,cafef
2023-04-10,NVL: Công văn của UBCKNN v/v công bố BCTC năm 2022 của NVL,C&ocirc;ng ty Cổ phần Tập đo&agrave;n Đầu tư Địa ốc No Va&nbsp;th&ocirc;ng b&aacute;o c&ocirc;ng văn của UBCKNN về việc c&ocirc;ng bố BCTC năm 2022 của NVL như sau:,https://cafef.vn/du-lieu/NVL-272297/nvl-cong-van-cua-ubcknn-vv-cong-bo-bctc-nam-2022-cua-nvl.chn,cafef
2023-04-05,NVL122001: Thông báo ngày đăng ký cuối cùng để thực hiện quyền chi trả lãi Kỳ 05,Th&ocirc;ng b&aacute;o ng&agrave;y đăng k&yacute; cuối c&ugrave;ng để thực hiện quyền chi trả l&atilde;i Kỳ 05,https://cafef.vn/du-lieu/NVL-280634/nvl122001-thong-bao-ngay-dang-ky-cuoi-cung-de-thuc-hien-quyen-chi-tra-lai-ky-05.chn,cafef
2023-04-05,NVL122001: Thông báo ngày đăng ký cuối cùng để thực hiện quyền chi trả lãi Kỳ 05,Th&ocirc;ng b&aacute;o ng&agrave;y đăng k&yacute; cuối c&ugrave;ng để thực hiện quyền chi trả l&atilde;i Kỳ 05,https://cafef.vn/du-lieu/NVL-280637/nvl122001-thong-bao-ngay-dang-ky-cuoi-cung-de-thuc-hien-quyen-chi-tra-lai-ky-05.chn,cafef
2023-04-05,NVL122001: Thông báo ngày đăng ký cuối cùng để thực hiện quyền chi trả lãi Kỳ 05,Th&ocirc;ng b&aacute;o ng&agrave;y đăng k&yacute; cuối c&ugrave;ng để thực hiện quyền chi trả l&atilde;i Kỳ 05,https://cafef.vn/du-lieu/NVL-280640/nvl122001-thong-bao-ngay-dang-ky-cuoi-cung-de-thuc-hien-quyen-chi-tra-lai-ky-05.chn,cafef
2023-04-05,NVL122001: Thông báo ngày đăng ký cuối cùng để thực hiện quyền chi trả lãi Kỳ 05,Th&ocirc;ng b&aacute;o ng&agrave;y đăng k&yacute; cuối c&ugrave;ng để thực hiện quyền chi trả l&atilde;i Kỳ 05,https://cafef.vn/du-lieu/NVL-280643/nvl122001-thong-bao-ngay-dang-ky-cuoi-cung-de-thuc-hien-quyen-chi-tra-lai-ky-05.chn,cafef
2023-04-05,NVL122001: Thông báo ngày đăng ký cuối cùng để thực hiện quyền của trái phiếu NVL122001,Th&ocirc;ng b&aacute;o ng&agrave;y đăng k&yacute; cuối c&ugrave;ng để thực hiện quyền của tr&aacute;i phiếu NVL122001,https://cafef.vn/du-lieu/NVL-280670/nvl122001-thong-bao-ngay-dang-ky-cuoi-cung-de-thuc-hien-quyen-cua-trai-phieu-nvl122001.chn,cafef
2023-04-05,NVL122001: Thông báo ngày đăng ký cuối cùng để thực hiện quyền của trái phiếu NVL122001,Th&ocirc;ng b&aacute;o ng&agrave;y đăng k&yacute; cuối c&ugrave;ng để thực hiện quyền của tr&aacute;i phiếu NVL122001,https://cafef.vn/du-lieu/NVL-280673/nvl122001-thong-bao-ngay-dang-ky-cuoi-cung-de-thuc-hien-quyen-cua-trai-phieu-nvl122001.chn,cafef
2023-04-05,NVL122001: Thông báo ngày đăng ký cuối cùng để thanh toán lãi Kỳ 05,Th&ocirc;ng b&aacute;o ng&agrave;y đăng k&yacute; cuối c&ugrave;ng để thanh to&aacute;n l&atilde;i Kỳ 05,https://cafef.vn/du-lieu/NVL-280676/nvl122001-thong-bao-ngay-dang-ky-cuoi-cung-de-thanh-toan-lai-ky-05.chn,cafef
2023-04-05,NVL122001: Thông báo ngày đăng ký cuối cùng để thanh toán lãi Kỳ 05,Th&ocirc;ng b&aacute;o ng&agrave;y đăng k&yacute; cuối c&ugrave;ng để thanh to&aacute;n l&atilde;i Kỳ 05,https://cafef.vn/du-lieu/NVL-280679/nvl122001-thong-bao-ngay-dang-ky-cuoi-cung-de-thanh-toan-lai-ky-05.chn,cafef
2023-04-05,NVL122001: Thông báo ngày đăng ký cuối cùng để thực hiện quyền của trái phiếu NVL122001,Th&ocirc;ng b&aacute;o ng&agrave;y đăng k&yacute; cuối c&ugrave;ng để thực hiện quyền của tr&aacute;i phiếu NVL122001,https://cafef.vn/du-lieu/NVL-280682/nvl122001-thong-bao-ngay-dang-ky-cuoi-cung-de-thuc-hien-quyen-cua-trai-phieu-nvl122001.chn,cafef
2023-04-05,NVL122001: Thông báo ngày đăng ký cuối cùng để thực hiện lấy ý kiến người sở hữu trái phiếu,Th&ocirc;ng b&aacute;o ng&agrave;y đăng k&yacute; cuối c&ugrave;ng để thực hiện lấy &yacute; kiến người sở hữu tr&aacute;i phiếu,https://cafef.vn/du-lieu/NVL-280685/nvl122001-thong-bao-ngay-dang-ky-cuoi-cung-de-thuc-hien-lay-y-kien-nguoi-so-huu-trai-phieu.chn,cafef
2023-04-05,NVL122001: Thông báo về ngày đăng ký cuối cùng để thực hiện quyền chi trả lãi Kỳ 05 của mã chứng khoán NVL122001,Th&ocirc;ng b&aacute;o về ng&agrave;y đăng k&yacute; cuối c&ugrave;ng để thực hiện quyền chi trả l&atilde;i Kỳ 05 của m&atilde; chứng kho&aacute;n NVL122001,https://cafef.vn/du-lieu/NVL-280691/nvl122001-thong-bao-ve-ngay-dang-ky-cuoi-cung-de-thuc-hien-quyen-chi-tra-lai-ky-05-cua-ma-chung-khoan-nvl122001.chn,cafef
2023-04-05,NVL122001: Thông báo về ngày đăng ký cuối cùng để lấy ý kiến người sở hữu trái phiếu của mã trái phiếu NVL122001,Th&ocirc;ng b&aacute;o về ng&agrave;y đăng k&yacute; cuối c&ugrave;ng để lấy &yacute; kiến người sở hữu tr&aacute;i phiếu của m&atilde; tr&aacute;i phiếu NVL122001,https://cafef.vn/du-lieu/NVL-280730/nvl122001-thong-bao-ve-ngay-dang-ky-cuoi-cung-de-lay-y-kien-nguoi-so-huu-trai-phieu-cua-ma-trai-phieu-nvl122001.chn,cafef
2023-04-03,NVL122001: CBTT liên quan đến việc gia hạn BCTC năm 2022 kiểm toán,CV CBTT 155/2023-CV-NVLG li&ecirc;n quan đến việc gia hạn BCTC năm 2022 kiểm to&aacute;n,https://cafef.vn/du-lieu/NVL-286247/nvl122001-cbtt-lien-quan-den-viec-gia-han-bctc-nam-2022-kiem-toan.chn,cafef
2023-03-31,"Đơn vị kiểm toán cần thêm thời gian, Novaland xin gia hạn công bố BCTC kiểm toán 2022","Nguyên nhân, Novaland hiện đang sắp xếp ổn định lại hoạt động sản xuất kinh doanh đồng thời đang từng bước tái cơ cấu doanh nghiệp. Ngoài ra, đơn vị kiểm toán cần thêm thời gian tiến hành thủ tục kiểm toán và đánh giá toàn diện khách quan để có thể hoàn thành kiểm toán BCTC của Công ty.",https://cafef.vn/don-vi-kiem-toan-can-them-thoi-gian-novaland-xin-gia-han-cong-bo-bctc-kiem-toan-2022-188230331183528031.chn,cafef
2023-03-31,NVL: Thay đổi nội dung ngày đăng ký cuối cùng,Sở Giao dịch Chứng kho&aacute;n TP.HCM th&ocirc;ng b&aacute;o về việc thay đổi nội dung ng&agrave;y đăng k&yacute; cuối c&ugrave;ng của C&ocirc;ng ty Cổ phần Tập đo&agrave;n Đầu tư Địa ốc No Va (m&atilde; CK: NVL) như sau:,https://cafef.vn/du-lieu/NVL-288146/nvl-thay-doi-noi-dung-ngay-dang-ky-cuoi-cung.chn,cafef
2023-03-31,NVL: Gia hạn BCTC kiểm toán năm 2022,C&ocirc;ng ty Cổ phần Tập đo&agrave;n Đầu tư Địa ốc No Va&nbsp;th&ocirc;ng b&aacute;o về việc gia hạn BCTC kiểm to&aacute;n năm 2022 như sau:,https://cafef.vn/du-lieu/NVL-288197/nvl-gia-han-bctc-kiem-toan-nam-2022.chn,cafef
2023-03-30,NVL122001: Nghị quyết HĐQT v/v bổ sung nội dung lấy ý kiến cổ đông,Nghị quyết Hội đồng quản trị,https://cafef.vn/du-lieu/NVL-291389/nvl122001-nghi-quyet-hdqt-vv-bo-sung-noi-dung-lay-y-kien-co-dong.chn,cafef
2023-03-29,NVL: Nghị quyết HĐQT v/v bổ sung nội dung lấy ý kiến cổ đông bằng văn bản,C&ocirc;ng ty Cổ phần Tập đo&agrave;n Đầu tư Địa ốc No Va&nbsp;c&ocirc;ng bố&nbsp;Nghị quyết HĐQT về việc bổ sung nội dung lấy &yacute; kiến cổ đ&ocirc;ng bằng văn bản như sau:,https://cafef.vn/du-lieu/NVL-292601/nvl-nghi-quyet-hdqt-vv-bo-sung-noi-dung-lay-y-kien-co-dong-bang-van-ban.chn,cafef
2023-03-28,"NVL: 4.4.2023, ngày GDKHQ lấy ý kiến cổ đông bằng văn bản",Sở Giao dịch Chứng kho&aacute;n TP.HCM th&ocirc;ng b&aacute;o&nbsp;ng&agrave;y ĐKCC lấy &yacute; kiến cổ đ&ocirc;ng bằng văn bản C&ocirc;ng ty Cổ phần Tập đo&agrave;n Đầu tư Địa ốc No Va như sau:,https://cafef.vn/du-lieu/NVL-294806/nvl-442023-ngay-gdkhq-lay-y-kien-co-dong-bang-van-ban.chn,cafef
2023-03-24,NVL: Nghị quyết HĐQT thông qua việc thực hiện lấy ý kiến NSH trái phiếu NVLB2123012,C&ocirc;ng ty Cổ phần Tập đo&agrave;n Đầu tư Địa ốc No Va&nbsp;th&ocirc;ng b&aacute;o nghị quyết HĐQT th&ocirc;ng qua việc thực hiện lấy &yacute; kiến NSH tr&aacute;i phiếu NVLB2123012 như sau:,https://cafef.vn/du-lieu/NVL-299255/nvl-nghi-quyet-hdqt-thong-qua-viec-thuc-hien-lay-y-kien-nsh-trai-phieu-nvlb2123012.chn,cafef
2023-03-24,NVL122001: Thông báo ngày đăng ký cuối cùng để lấy ý kiến cổ đông bằng văn bản,Th&ocirc;ng b&aacute;o ng&agrave;y đăng k&yacute; cuối c&ugrave;ng để lấy &yacute; kiến cổ đ&ocirc;ng bằng văn bản,https://cafef.vn/du-lieu/NVL-299552/nvl122001-thong-bao-ngay-dang-ky-cuoi-cung-de-lay-y-kien-co-dong-bang-van-ban.chn,cafef
2023-03-24,NVL122001: Nghị quyết HĐQT thông qua danh sách ứng viên được cổ đông đề cử vào vị trí Thành viên HĐQT,Nghị quyết Hội đồng quản trị,https://cafef.vn/du-lieu/NVL-299564/nvl122001-nghi-quyet-hdqt-thong-qua-danh-sach-ung-vien-duoc-co-dong-de-cu-vao-vi-tri-thanh-vien-hdqt.chn,cafef
2023-03-24,NVL122001: Nghị quyết HĐQT thông qua việc lấy ý kiến người sở hữu trái phiếu bằng văn bản,Nghị quyết Hội đồng quản trị,https://cafef.vn/du-lieu/NVL-299609/nvl122001-nghi-quyet-hdqt-thong-qua-viec-lay-y-kien-nguoi-so-huu-trai-phieu-bang-van-ban.chn,cafef
2023-03-24,NVL: Nghị quyết HĐQT số 20 và chốt ngày ĐKCC để lập danh sách cổ đông,C&ocirc;ng ty Cổ phần Tập đo&agrave;n Đầu tư Địa ốc No Va th&ocirc;ng b&aacute;o nghị quyết HĐQT số 20 v&agrave; chốt ng&agrave;y ĐKCC để lập danh s&aacute;ch cổ đ&ocirc;ng như sau:,https://cafef.vn/du-lieu/NVL-299717/nvl-nghi-quyet-hdqt-so-20-va-chot-ngay-dkcc-de-lap-danh-sach-co-dong.chn,cafef
2023-03-24,NVL122001: Nghị quyết Đại hội đồng cổ đông bất thường năm 2023,Nghị quyết Đại hội đồng cổ đ&ocirc;ng bất thường năm 2023,https://cafef.vn/du-lieu/NVL-299789/nvl122001-nghi-quyet-dai-hoi-dong-co-dong-bat-thuong-nam-2023.chn,cafef
2023-03-24,Nóng: Novaland đạt thỏa thuận gia hạn 2 lô trái phiếu đầu tiên,"Lần đầu tiên, Novaland đạt thỏa thuận với trái chủ trong việc gia hạn thời gian đáo hạn với 2 lô trái phiếu có tổng giá trị 1.750 tỷ đồng.",https://cafef.vn/nong-novaland-dat-thoa-thuan-gia-han-2-lo-trai-phieu-dau-tien-188230324153205547.chn,cafef
2023-03-24,NVL: Kết quả kiểm phiếu lấy ý kiến cổ đông bằng văn bản,C&ocirc;ng ty Cổ phần Tập đo&agrave;n Đầu tư Địa ốc No Va&nbsp;th&ocirc;ng b&aacute;o kết quả kiểm phiếu lấy &yacute; kiến cổ đ&ocirc;ng bằng văn bản như sau:,https://cafef.vn/du-lieu/NVL-300296/nvl-ket-qua-kiem-phieu-lay-y-kien-co-dong-bang-van-ban.chn,cafef
2023-03-22,NVL: Nghị quyết HĐQT v/v phê duyệt toàn văn phương án mua lại trái phiếu trước hạn,&nbsp;C&ocirc;ng ty Cổ phần Tập đo&agrave;n Đầu tư Địa ốc No Va&nbsp;c&ocirc;ng bố&nbsp;Nghị quyết HĐQT về việc ph&ecirc; duyệt to&agrave;n văn phương &aacute;n mua lại tr&aacute;i phiếu trước hạn như sau:,https://cafef.vn/du-lieu/NVL-301679/nvl-nghi-quyet-hdqt-vv-phe-duyet-toan-van-phuong-an-mua-lai-trai-phieu-truoc-han.chn,cafef
2023-03-20,NVL122001: Nghị quyết HĐQT v/v ký kết của công ty đối với thư sửa đổi liên quan đến việc bổ sung,Nghị quyết Hội đồng quản trị,https://cafef.vn/du-lieu/NVL-303416/nvl122001-nghi-quyet-hdqt-vv-ky-ket-cua-cong-ty-doi-voi-thu-sua-doi-lien-quan-den-viec-bo-sung.chn,cafef
2023-03-17,NVL: Nghị quyết HĐQT số 17/2023 ngày 17/03/2023,C&ocirc;ng ty Cổ phần Tập đo&agrave;n Đầu tư Địa ốc No Va&nbsp;th&ocirc;ng b&aacute;o&nbsp;Nghị quyết HĐQT số 17/2023 ng&agrave;y 17/03/2023 như sau:,https://cafef.vn/du-lieu/NVL-304142/nvl-nghi-quyet-hdqt-so-172023-ngay-17032023.chn,cafef
2023-03-17,NVL122001: CBTT đơn từ nhiệm Tổng Giám đốc và Nghị quyết HĐQT về bổ nhiệm Tổng Giám đốc mới,CBTT đơn từ nhiệm Tổng Gi&aacute;m đốc v&agrave; Nghị quyết HĐQT về bổ nhiệm Tổng Gi&aacute;m đốc mới,https://cafef.vn/du-lieu/NVL-304343/nvl122001-cbtt-don-tu-nhiem-tong-giam-doc-va-nghi-quyet-hdqt-ve-bo-nhiem-tong-giam-doc-moi.chn,cafef
2023-03-13,NVL122001: Công bố thông tin liên quan đến Các tài liệu lấy ý kiến cổ đông bằng văn bản,Công bố thông tin liên quan đến Các tài liệu lấy ý kiến cổ đông bằng văn bản,https://cafef.vn/du-lieu/NVL-307607/nvl122001-cong-bo-thong-tin-lien-quan-den-cac-tai-lieu-lay-y-kien-co-dong-bang-van-ban.chn,cafef
2023-03-10,"Novaland muốn chào bán 2,9 tỷ cổ phiếu, huy động tối thiểu 29.000 tỷ đồng","Trong trường hợp cả hai phương án phát hành thực hiện thành công 100%, vốn điều lệ của Novaland sẽ tăng gấp khoảng 2,5 lần, từ gần 19.500 tỷ lên 48.700 tỷ đồng.",https://cafef.vn/novaland-muon-chao-ban-29-ty-co-phieu-huy-dong-toi-thieu-29000-ty-dong-20230310201552337.chn,cafef
2023-03-10,NVL: Tài liệu lấy ý kiến cổ đông bằng văn bản,Công ty Cổ phần Tập đoàn Đầu tư Địa ốc No Va&nbsp;thông báo tài liệu lấy ý kiến cổ đông bằng văn bản như sau:,https://cafef.vn/du-lieu/NVL-308213/nvl-tai-lieu-lay-y-kien-co-dong-bang-van-ban.chn,cafef
2023-02-28,NVL122001: Nghị quyết HĐQT thay đổi mẫu con dấu của công ty,Nghị quyết Hội đồng quản trị,https://cafef.vn/du-lieu/NVL-315983/nvl122001-nghi-quyet-hdqt-thay-doi-mau-con-dau-cua-cong-ty.chn,cafef
2023-02-28,NVL: Nghị quyết HĐQT về việc thay đổi mẫu con dấu công ty,C&ocirc;ng ty Cổ phần Tập đo&agrave;n Đầu tư Địa ốc No Va&nbsp;th&ocirc;ng b&aacute;o&nbsp;Nghị quyết HĐQT về việc thay đổi mẫu con dấu c&ocirc;ng ty như sau:,https://cafef.vn/du-lieu/NVL-316226/nvl-nghi-quyet-hdqt-ve-viec-thay-doi-mau-con-dau-cong-ty.chn,cafef
2023-02-24,NVL: Thay đổi nội dung lấy ý kiến tại Thông báo số 188/TB-SGDCHCM ngày 21/02/2023,Sở Giao dịch Chứng khoán Thành phố Hồ Chí Minh thông báo thay&nbsp;đổi nội dung lấy ý kiến tại Thông báo số 188/TB-SGDCHCM ngày 21/02/2023 của&nbsp;Công ty Cổ phần Tập đoàn Đầu tư Địa ốc No Va (mã CK:NVL)&nbsp;như sau:,https://cafef.vn/du-lieu/NVL-317210/nvl-thay-doi-noi-dung-lay-y-kien-tai-thong-bao-so-188tbsgdchcm-ngay-21022023.chn,cafef
2023-02-24,"NVL122001: Nghị quyết HĐQT v/v ký kết chuyển giao và thực hiện thỏa thuận hoán đổi, bổ sung và các tài liệu giao dịch khác",Nghị quyết Hội đồng quản trị,https://cafef.vn/du-lieu/NVL-317594/nvl122001-nghi-quyet-hdqt-vv-ky-ket-chuyen-giao-va-thuc-hien-thoa-thuan-hoan-doi-bo-sung-va-cac-tai-lieu-giao-dich-khac.chn,cafef
2023-02-24,"NVL: Nghị quyết HĐQT về việc ký kết, chuyển giao và thực hiện các thỏa thuận liên quan đến trái phiếu","C&ocirc;ng ty Cổ phần Tập đo&agrave;n Đầu tư Địa ốc No Va th&ocirc;ng b&aacute;o&nbsp;Nghị quyết HĐQT về việc k&yacute; kết, chuyển giao v&agrave; thực hiện c&aacute;c thỏa thuận li&ecirc;n quan đến tr&aacute;i phiếu như sau:",https://cafef.vn/du-lieu/NVL-317876/nvl-nghi-quyet-hdqt-ve-viec-ky-ket-chuyen-giao-va-thuc-hien-cac-thoa-thuan-lien-quan-den-trai-phieu.chn,cafef
2023-02-23,NVL122001: Nghị quyết HĐQT thông qua việc bổ sung nội dung lấy ý kiến cổ đông bằng văn bản,Nghị quyết Hội đồng quản trị,https://cafef.vn/du-lieu/NVL-318527/nvl122001-nghi-quyet-hdqt-thong-qua-viec-bo-sung-noi-dung-lay-y-kien-co-dong-bang-van-ban.chn,cafef
2023-02-22,Hai thành viên HĐQT Novaland nộp đơn từ nhiệm sau khi thoái bớt vốn,"Trước khi nộp đơn từ nhiệm, ông Huy và bà Châu vừa thực hiện bán ra cổ phiếu NVL, tổng cộng là gần 17 triệu cổ phiếu trong giai đoạn 10/2 đến 14/2/2023.",https://cafef.vn/hai-thanh-vien-hdqt-novaland-nop-don-tu-nhiem-sau-khi-thoai-bot-von-20230222174821458.chn,cafef
2023-02-22,NVL: CBTT liên quan đến hai lô trái phiếu NVLH2123009 và NVLH2224005,&nbsp;Công ty Cổ phần Tập đoàn Đầu tư Địa ốc No Va CBTT liên quan đến hai lô trái phiếu NVLH2123009 và NVLH2224005 như sau:,https://cafef.vn/du-lieu/NVL-319061/nvl-cbtt-lien-quan-den-hai-lo-trai-phieu-nvlh2123009-va-nvlh2224005.chn,cafef
2023-02-21,"NVL: 28.2.2023, ngày GDKHQ lấy ý kiến cổ đông bằng văn bản",Sở Giao dịch Chứng khoán TP.HCM thông báo ngày ĐKCC lấy ý kiến cổ đông bằng văn bản của&nbsp;Công ty Cổ phần Tập đoàn Đầu tư Địa ốc No Va (mã CK: NVL) như sau:,https://cafef.vn/du-lieu/NVL-319814/nvl-2822023-ngay-gdkhq-lay-y-kien-co-dong-bang-van-ban.chn,cafef
2023-02-20,NVL122001: Nghị quyết HĐQT v/v bổ sung bên bảo đảm để đảm bảo nghĩa vụ cho khoản vay của công ty,Nghị quyết Hội đồng quản trị,https://cafef.vn/du-lieu/NVL-320612/nvl122001-nghi-quyet-hdqt-vv-bo-sung-ben-bao-dam-de-dam-bao-nghia-vu-cho-khoan-vay-cua-cong-ty.chn,cafef
2023-02-20,NVL: Nghị quyết HĐQT v/v bổ sung bên bảo đảm cho nghĩa vụ đối với khoản vay của công ty,C&ocirc;ng ty Cổ phần Tập đo&agrave;n Đầu tư Địa ốc No Va th&ocirc;ng b&aacute;o Nghị quyết HĐQT về việc bổ sung b&ecirc;n bảo đảm cho nghĩa vụ đối với khoản vay của c&ocirc;ng ty như sau:,https://cafef.vn/du-lieu/NVL-320993/nvl-nghi-quyet-hdqt-vv-bo-sung-ben-bao-dam-cho-nghia-vu-doi-voi-khoan-vay-cua-cong-ty.chn,cafef
2023-02-17,NVL122001: Thông báo về ngày đăng ký cuối cùng chốt danh sách cổ đông,Thông báo về ngày đăng ký cuối cùng chốt danh sách cổ đông,https://cafef.vn/du-lieu/NVL-321374/nvl122001-thong-bao-ve-ngay-dang-ky-cuoi-cung-chot-danh-sach-co-dong.chn,cafef
2023-02-17,NVL122001: Nghị quyết HĐQT v/v chốt ngày ĐKCC để lập danh sách cổ đông thực hiện quyền,Nghị quyết Hội đồng quản trị,https://cafef.vn/du-lieu/NVL-321386/nvl122001-nghi-quyet-hdqt-vv-chot-ngay-dkcc-de-lap-danh-sach-co-dong-thuc-hien-quyen.chn,cafef
2023-02-17,NVL: Ngày ĐKCC để thực hiện quyền lấy ý kiến cổ đông bằng văn bản,Công ty Cổ phần Tập đoàn Đầu tư Địa ốc No Va&nbsp;công bố thông báo&nbsp;và Nghị quyết HĐQT về ngày ĐKCC để thực hiện quyền lấy ý kiến cổ đông bằng văn bản như sau:,https://cafef.vn/du-lieu/NVL-321461/nvl-ngay-dkcc-de-thuc-hien-quyen-lay-y-kien-co-dong-bang-van-ban.chn,cafef
2023-02-14,Tổng giám đốc Novagroup bán xong hơn 2 triệu cổ phiếu NVL,"Bà Châu đã bán thỏa thuận hơn 2,28 triệu cổ phiếu NVL vì lý do cá nhân. Giao dịch được thực hiện trong phiên 10/2.",https://cafef.vn/tong-giam-doc-novagroup-ban-xong-hon-2-trieu-co-phieu-nvl-20230214000730763.chn,cafef
2023-02-09,NVL: Giấy chứng nhận đăng ký doanh nghiệp thay đổi lần thứ 68,Công ty Cổ phần Tập đoàn Đầu tư Địa ốc No Va công bố Giấy chứng nhận đăng ký doanh nghiệp thay đổi lần thứ 68&nbsp;như sau:,https://cafef.vn/du-lieu/NVL-325331/nvl-giay-chung-nhan-dang-ky-doanh-nghiep-thay-doi-lan-thu-68.chn,cafef
2023-02-09,NVL122001: Thay đổi giấy đăng ký kinh doanh,Thay đổi giấy đăng ký kinh doanh,https://cafef.vn/du-lieu/NVL-325472/nvl122001-thay-doi-giay-dang-ky-kinh-doanh.chn,cafef
2023-02-06,NVL: Quyết định v/v bổ sung bên bảo đảm để đảm bảo cho nghĩa vụ vay vốn của Công ty,Công ty Cổ phần Tập đoàn Đầu tư Địa ốc No Va công bố Quyết định về việc bổ sung bên bảo đảm để đảm bảo cho nghĩa vụ vay vốn của Công ty&nbsp;như sau:,https://cafef.vn/du-lieu/NVL-326996/nvl-quyet-dinh-vv-bo-sung-ben-bao-dam-de-dam-bao-cho-nghia-vu-vay-von-cua-cong-ty.chn,cafef
2023-02-06,NVL122001: Phê duyệt việc bổ sung Bên bảo đảm nghĩa vụ phát hành trái phiếu doanh nghiệp,Phê duyệt việc bổ sung Bên bảo đảm nghĩa vụ phát hành trái phiếu doanh nghiệp,https://cafef.vn/du-lieu/NVL-327065/nvl122001-phe-duyet-viec-bo-sung-ben-bao-dam-nghia-vu-phat-hanh-trai-phieu-doanh-nghiep.chn,cafef
2023-02-03,NVL: CBTT liên quan đến kết quả kiểm phiếu lấy ý kiến cổ đông bằng văn bản,Công ty Cổ phần Tập đoàn Đầu tư Địa ốc No Va&nbsp;CBTT liên quan đến kết quả kiểm phiếu lấy ý kiến cổ đông bằng văn bản như sau:,https://cafef.vn/du-lieu/NVL-327683/nvl-cbtt-lien-quan-den-ket-qua-kiem-phieu-lay-y-kien-co-dong-bang-van-ban.chn,cafef
2023-02-03,"NVL: Nghị quyết HĐQT số 04, 05, 06 ngày 03/02/2023","C&ocirc;ng ty Cổ phần Tập đo&agrave;n Đầu tư Địa ốc No Va&nbsp;th&ocirc;ng b&aacute;o&nbsp;Nghị quyết HĐQT số 04, 05, 06 ng&agrave;y 03/02/2023 như sau:",https://cafef.vn/du-lieu/NVL-327686/nvl-nghi-quyet-hdqt-so-04-05-06-ngay-03022023.chn,cafef
2023-02-03,"NVL122001: Nghị quyết HĐQT v/v thay đổi chức danh, nhiệm vụ với người nội bộ",Nghị quyết Hội đồng quản trị,https://cafef.vn/du-lieu/NVL-327746/nvl122001-nghi-quyet-hdqt-vv-thay-doi-chuc-danh-nhiem-vu-voi-nguoi-noi-bo.chn,cafef
2023-02-03,NVL122001: Nghị quyết Đại hội đồng cổ đông bất thường năm 2023,Nghị quyết Đại hội đồng cổ đông bất thường năm 2023,https://cafef.vn/du-lieu/NVL-327854/nvl122001-nghi-quyet-dai-hoi-dong-co-dong-bat-thuong-nam-2023.chn,cafef
2023-02-03,NVL122001: Phê duyệt việc bổ sung bên bảo đảm nghĩa vụ phát hành trái phiếu doanh nghiệp,Phê duyệt việc bổ sung bên bảo đảm nghĩa vụ phát hành trái phiếu doanh nghiệp,https://cafef.vn/du-lieu/NVL-328007/nvl122001-phe-duyet-viec-bo-sung-ben-bao-dam-nghia-vu-phat-hanh-trai-phieu-doanh-nghiep.chn,cafef
2023-02-03,NVL: Thông báo liên quan đến việc bổ sung tài sản đảm bảo cho gói trái phiếu NVLH2232002,Công ty Cổ phần Tập đoàn Đầu tư Địa ốc No Va thông báo&nbsp;liên quan đến việc bổ sung tài sản đảm bảo cho gói trái phiếu NVLH2232002 như sau:,https://cafef.vn/du-lieu/NVL-328091/nvl-thong-bao-lien-quan-den-viec-bo-sung-tai-san-dam-bao-cho-goi-trai-phieu-nvlh2232002.chn,cafef
2023-02-03,NVL: Thông báo liên quan đến việc bổ sung tài sản đảm bảo cho gói trái phiếu NVLH2232002,Công ty Cổ phần Tập đoàn Đầu tư Địa ốc No Va thông báo&nbsp;liên quan đến việc bổ sung tài sản đảm bảo cho gói trái phiếu NVLH2232002 như sau:,https://cafef.vn/du-lieu/NVL-328094/nvl-thong-bao-lien-quan-den-viec-bo-sung-tai-san-dam-bao-cho-goi-trai-phieu-nvlh2232002.chn,cafef
2023-01-30,NVL: Báo cáo tình hình quản trị công ty năm 2022,C&ocirc;ng ty Cổ phần Tập đo&agrave;n Đầu tư Địa ốc No Va b&aacute;o c&aacute;o t&igrave;nh h&igrave;nh quản trị c&ocirc;ng ty năm 2022 như sau:,https://cafef.vn/du-lieu/NVL-331862/nvl-bao-cao-tinh-hinh-quan-tri-cong-ty-nam-2022.chn,cafef
2023-01-27,NVL122001: Nghị quyết HĐQT v/v điều chỉnh giá chuyển đổi và tỷ lệ chuyển đổi của trái phiếu,Nghị quyết Hội đồng quản trị,https://cafef.vn/du-lieu/NVL-333965/nvl122001-nghi-quyet-hdqt-vv-dieu-chinh-gia-chuyen-doi-va-ty-le-chuyen-doi-cua-trai-phieu.chn,cafef
2023-01-19,NVL: Nghị quyết HĐQT v/v điều chỉnh giá chuyển đổi và tỷ lệ chuyển đổi trái phiếu,&nbsp;C&ocirc;ng ty Cổ phần Tập đo&agrave;n Đầu tư Địa ốc No Va&nbsp;th&ocirc;ng b&aacute;o&nbsp;Nghị quyết HĐQT về việc điều chỉnh gi&aacute; chuyển đổi v&agrave; tỷ lệ chuyển đổi tr&aacute;i phiếu như sau:,https://cafef.vn/du-lieu/NVL-334187/nvl-nghi-quyet-hdqt-vv-dieu-chinh-gia-chuyen-doi-va-ty-le-chuyen-doi-trai-phieu.chn,cafef
2023-01-19,NVL122001: Báo cáo thanh toán gốc lãi năm 2022,Báo cáo thanh toán gốc lãi năm 2022,https://cafef.vn/du-lieu/NVL-334838/nvl122001-bao-cao-thanh-toan-goc-lai-nam-2022.chn,cafef
2023-01-18,"NVL: Báo cáo tình hình thanh toán gốc, lãi trái phiếu năm 2022","Công ty Cổ phần Tập đoàn Đầu tư Địa ốc No Va&nbsp;công bố Báo cáo tình hình thanh toán gốc, lãi trái phiếu năm 2022 như sau:",https://cafef.vn/du-lieu/NVL-335741/nvl-bao-cao-tinh-hinh-thanh-toan-goc-lai-trai-phieu-nam-2022.chn,cafef
2023-01-13,NVL122001: Công bố thông tin các tài liệu lấy ý kiến cổ đông bằng văn bản,Công bố thông tin các tài liệu lấy ý kiến cổ đông bằng văn bản,https://cafef.vn/du-lieu/NVL-338444/nvl122001-cong-bo-thong-tin-cac-tai-lieu-lay-y-kien-co-dong-bang-van-ban.chn,cafef
2023-01-13,NVL122001: Thông báo xác nhận danh sách người sở hữu chứng khoán nhận lãi trái phiếu,Thông báo xác nhận danh sách người sở hữu chứng khoán nhận lãi trái phiếu,https://cafef.vn/du-lieu/NVL-338471/nvl122001-thong-bao-xac-nhan-danh-sach-nguoi-so-huu-chung-khoan-nhan-lai-trai-phieu.chn,cafef
2023-01-13,NVL: Công văn CBTT liên quan đến các tài liệu để lấy ý kiến cổ đông bằng văn bản,Công ty Cổ phần Tập đoàn Đầu tư Địa ốc No Va CBTT&nbsp;công văn liên quan đến các tài liệu để lấy ý kiến cổ đông bằng văn bản như sau:,https://cafef.vn/du-lieu/NVL-338543/nvl-cong-van-cbtt-lien-quan-den-cac-tai-lieu-de-lay-y-kien-co-dong-bang-van-ban.chn,cafef
2023-01-05,NVL122001: Thay đổi giấy đăng ký kinh doanh,Thay đổi giấy đăng ký kinh doanh,https://cafef.vn/du-lieu/NVL-342332/nvl122001-thay-doi-giay-dang-ky-kinh-doanh.chn,cafef
2023-01-04,NVL: Giấy chứng nhận đăng ký doanh nghiệp thay đổi lần thứ 67,Công ty Cổ phần Tập đoàn Đầu tư Địa ốc No Va&nbsp;thông báo&nbsp;Giấy chứng nhận đăng ký doanh nghiệp thay đổi lần thứ 67 như sau:,https://cafef.vn/du-lieu/NVL-342461/nvl-giay-chung-nhan-dang-ky-doanh-nghiep-thay-doi-lan-thu-67.chn,cafef
2023-01-04,NVL122001: Thay đổi giấy đăng ký kinh doanh,Thay đổi giấy đăng ký kinh doanh,https://cafef.vn/du-lieu/NVL-342674/nvl122001-thay-doi-giay-dang-ky-kinh-doanh.chn,cafef
2022-12-30,NVL122001: Thông qua việc lựa chọn Công ty TNHH PwC (Việt Nam) để thực hiện kiểm toán các Báo cáo tài chính năm 2022,Thông qua việc lựa chọn Công ty TNHH PwC (Việt Nam) để thực hiện kiểm toán các Báo cáo tài chính năm 2022,https://cafef.vn/du-lieu/NVL-344486/nvl122001-thong-qua-viec-lua-chon-cong-ty-tnhh-pwc-viet-nam-de-thuc-hien-kiem-toan-cac-bao-cao-tai-chinh-nam-2022.chn,cafef
2022-12-30,"NVL: 9.1.2023, ngày GDKHQ lấy ý kiến cổ đông bằng văn bản",Sở Giao dịch Chứng kho&aacute;n TP.HCM th&ocirc;ng b&aacute;o về ng&agrave;y đăng k&yacute; cuối c&ugrave;ng lấy &yacute; kiến cổ đ&ocirc;ng bằng văn bản của C&ocirc;ng ty Cổ phần Tập đo&agrave;n Đầu tư Địa ốc No Va (m&atilde; CK: NVL) như sau:,https://cafef.vn/du-lieu/NVL-344672/nvl-912023-ngay-gdkhq-lay-y-kien-co-dong-bang-van-ban.chn,cafef
2022-12-29,NVL122001: Thông báo về ngày đăng ký cuối cùng lấy ý kiến cổ đông bằng văn bản,Thông báo về ngày đăng ký cuối cùng lấy ý kiến cổ đông bằng văn bản,https://cafef.vn/du-lieu/NVL-345194/nvl122001-thong-bao-ve-ngay-dang-ky-cuoi-cung-lay-y-kien-co-dong-bang-van-ban.chn,cafef
2022-12-29,NVL122001: Nghị quyết Hội đồng quản trị,Nghị quyết Hội đồng quản trị,https://cafef.vn/du-lieu/NVL-345197/nvl122001-nghi-quyet-hoi-dong-quan-tri.chn,cafef
2022-12-29,NVL122001: Nghị quyết Đại hội đồng cổ đông bất thường năm 2022,Nghị quyết Đại hội đồng cổ đông bất thường năm 2022,https://cafef.vn/du-lieu/NVL-345209/nvl122001-nghi-quyet-dai-hoi-dong-co-dong-bat-thuong-nam-2022.chn,cafef
2022-12-28,NVL: Nghị quyết ĐHĐCĐ v/v lấy ý kiến cổ đông bằng văn bản - Quy chế bầu cử,C&ocirc;ng ty Cổ phần Tập đo&agrave;n Đầu tư Địa ốc No Va&nbsp;c&ocirc;ng bố&nbsp;Bi&ecirc;n bản kiểm phiếu v&agrave; Nghị quyết ĐHĐCĐ về việc lấy &yacute; kiến cổ đ&ocirc;ng bằng văn bản - Quy chế bầu cử như sau:,https://cafef.vn/du-lieu/NVL-345680/nvl-nghi-quyet-dhdcd-vv-lay-y-kien-co-dong-bang-van-ban-quy-che-bau-cu.chn,cafef
2022-12-28,NVL: Nghị quyết HĐQT v/v thông qua danh sách ứng cử viên và ngày đăng ký cuối cùng,C&ocirc;ng ty Cổ phần Tập đo&agrave;n Đầu tư Địa ốc No Va th&ocirc;ng b&aacute;o Nghị quyết HĐQT về việc th&ocirc;ng qua danh s&aacute;ch ứng cử vi&ecirc;n v&agrave; ng&agrave;y đăng k&yacute; cuối c&ugrave;ng như sau:,https://cafef.vn/du-lieu/NVL-345695/nvl-nghi-quyet-hdqt-vv-thong-qua-danh-sach-ung-cu-vien-va-ngay-dang-ky-cuoi-cung.chn,cafef
2022-12-28,NVL122001: Thông báo về ngày đăng ký cuối cùng và xác nhận danh sách người sở hữu chứng khoán,Thông báo về ngày đăng ký cuối cùng và xác nhận danh sách người sở hữu chứng khoán,https://cafef.vn/du-lieu/NVL-345851/nvl122001-thong-bao-ve-ngay-dang-ky-cuoi-cung-va-xac-nhan-danh-sach-nguoi-so-huu-chung-khoan.chn,cafef
2022-12-27,NVL122001: Công bố thông tin bổ sung Báo cáo tài chính năm 2021,Công bố thông tin bổ sung Báo cáo tài chính năm 2021,https://cafef.vn/du-lieu/NVL-346790/nvl122001-cong-bo-thong-tin-bo-sung-bao-cao-tai-chinh-nam-2021.chn,cafef
2022-12-26,NVL: CBTT bổ sung BCTC năm 2021,Công ty Cổ phần Tập đoàn Đầu tư Địa ốc No Va&nbsp;CBTT bổ sung BCTC năm 2021 như sau:,https://cafef.vn/du-lieu/NVL-347123/nvl-cbtt-bo-sung-bctc-nam-2021.chn,cafef
2022-12-26,NVL122001: Nghị quyết Hội đồng quản trị,Nghị quyết Hội đồng quản trị,https://cafef.vn/du-lieu/NVL-347423/nvl122001-nghi-quyet-hoi-dong-quan-tri.chn,cafef
2022-12-23,NVL: Nghị quyết HĐQT v/v tăng vốn điều lệ và chấm dứt hoạt động chi nhánh công ty,C&ocirc;ng ty Cổ phần Tập đo&agrave;n Đầu tư Địa ốc No Va&nbsp;th&ocirc;ng b&aacute;o Nghị quyết HĐQT về việc tăng vốn điều lệ v&agrave; chấm dứt hoạt động chi nh&aacute;nh c&ocirc;ng ty như sau:,https://cafef.vn/du-lieu/NVL-347849/nvl-nghi-quyet-hdqt-vv-tang-von-dieu-le-va-cham-dut-hoat-dong-chi-nhanh-cong-ty.chn,cafef
2022-12-22,NVL: Quyết định của HĐQT v/v bổ sung bên bảo đảm nghĩa vụ phát hành trái phiếu,Công ty Cổ phần Tập đoàn Đầu tư Địa ốc No Va&nbsp;công bố&nbsp;Quyết định của HĐQT về việc bổ sung bên bảo đảm nghĩa vụ phát hành trái phiếu như sau:,https://cafef.vn/du-lieu/NVL-348293/nvl-quyet-dinh-cua-hdqt-vv-bo-sung-ben-bao-dam-nghia-vu-phat-hanh-trai-phieu.chn,cafef
2022-12-22,NVL122001: Thông báo ngày ĐKCC thực hiện quyền chi trả lãi kỳ 04 của mã chứng khoán NVL122001,Thông báo ngày đăng kí cuối cùng thực hiện quyền chi trả lãi kỳ 04 của mã chứng khoán NVL122001,https://cafef.vn/du-lieu/NVL-348449/nvl122001-thong-bao-ngay-dkcc-thuc-hien-quyen-chi-tra-lai-ky-04-cua-ma-chung-khoan-nvl122001.chn,cafef
2022-12-22,NVL122001: Nghị quyết Hội đồng quản trị,Nghị quyết Hội đồng quản trị,https://cafef.vn/du-lieu/NVL-348626/nvl122001-nghi-quyet-hoi-dong-quan-tri.chn,cafef
2022-12-21,NVL: Nghị quyết HĐQT v/v mua lại trái phiếu trước hạn - NVLH2123010,C&ocirc;ng ty Cổ phần Tập đo&agrave;n Đầu tư Địa ốc No Va&nbsp;th&ocirc;ng b&aacute;o&nbsp;Nghị quyết HĐQT về việc mua lại tr&aacute;i phiếu trước hạn - NVLH2123010 như sau:,https://cafef.vn/du-lieu/NVL-348836/nvl-nghi-quyet-hdqt-vv-mua-lai-trai-phieu-truoc-han-nvlh2123010.chn,cafef
2022-12-20,NVL122001: Nghị quyết Hội đồng quản trị,Nghị quyết Hội đồng quản trị,https://cafef.vn/du-lieu/NVL-349898/nvl122001-nghi-quyet-hoi-dong-quan-tri.chn,cafef
2022-12-19,NVL: CBTT liên quan đến NQHĐQT của công ty v/v mua lại trái phiếu trước hạn,Công ty Cổ phần Tập đoàn Đầu tư Địa ốc No Va&nbsp;CBTT liên quan đến NQHĐQT của công ty về việc mua lại trái phiếu trước hạn như sau:,https://cafef.vn/du-lieu/NVL-350168/nvl-cbtt-lien-quan-den-nqhdqt-cua-cong-ty-vv-mua-lai-trai-phieu-truoc-han.chn,cafef
2022-12-19,NVL122001: Công bố các tài liệu lấy ý kiến cổ đông bằng văn bản,Công bố các tài liệu lấy ý kiến cổ đông bằng văn bản,https://cafef.vn/du-lieu/NVL-350288/nvl122001-cong-bo-cac-tai-lieu-lay-y-kien-co-dong-bang-van-ban.chn,cafef
2022-12-16,NVL: Tài liệu lấy ý kiến cổ đông bằng văn bản,Công ty Cổ phần Tập đoàn Đầu tư Địa ốc No Va&nbsp;thông báo tài liệu lấy ý kiến cổ đông bằng văn bản như sau:,https://cafef.vn/du-lieu/NVL-351014/nvl-tai-lieu-lay-y-kien-co-dong-bang-van-ban.chn,cafef
2022-12-13,NVL122001: Mua lại trái phiếu trước hạn,Mua lại trái phiếu trước hạn,https://cafef.vn/du-lieu/NVL-352541/nvl122001-mua-lai-trai-phieu-truoc-han.chn,cafef
2022-12-12,NVL: Nghị quyết HĐQT v/v mua lại trái phiếu trước hạn,C&ocirc;ng ty Cổ phần Tập đo&agrave;n Đầu tư Địa ốc No Va&nbsp;th&ocirc;ng b&aacute;o&nbsp;Nghị quyết HĐQT về việc mua lại tr&aacute;i phiếu trước hạn như sau:,https://cafef.vn/du-lieu/NVL-352994/nvl-nghi-quyet-hdqt-vv-mua-lai-trai-phieu-truoc-han.chn,cafef
2022-12-12,NVL122001: Giải trình về việc giá cổ phiếu NVL giảm sàn 05 phiên liên tiếp,Giải trình về việc giá cổ phiếu NVL giảm sàn 05 phiên liên tiếp,https://cafef.vn/du-lieu/NVL-353204/nvl122001-giai-trinh-ve-viec-gia-co-phieu-nvl-giam-san-05-phien-lien-tiep.chn,cafef
2022-12-09,Novaland (NVL) lần thứ 4 phải giải trình cổ phiếu giảm sàn trong hơn một tháng,"Tính từ đầu tháng 11, cổ phiếu NVL đã giảm đến hơn 76% tương ứng vốn hóa doanh nghiệp “bốc hơi” hơn 104.000 tỷ đồng.",https://cafef.vn/novaland-nvl-lan-thu-4-phai-giai-trinh-co-phieu-giam-san-trong-hon-mot-thang-20221209181638312.chn,cafef
2022-12-09,NVL: CBTT liên quan đến giá cổ phiếu giảm sàn 5 phiên,Công ty Cổ phần Tập đoàn Đầu tư Địa ốc No Va CBTT liên quan đến giá cổ phiếu giảm sàn 5 phiên như sau:,https://cafef.vn/du-lieu/NVL-353627/nvl-cbtt-lien-quan-den-gia-co-phieu-giam-san-5-phien.chn,cafef
2022-12-09,NVL: Thay đổi nội dung lấy ý kiến tại Thông báo số 2165/TB-SGDCHCM ngày 05/12/2022,Sở Giao dịch Chứng khoán Thành phố Hồ Chí Minh thông báo&nbsp;thay đổi nội dung lấy ý kiến tại Thông báo số 2165/TB-SGDCHCM ngày 05/12/2022 của&nbsp;&nbsp;Công ty Cổ phần Tập đoàn Đầu tư Địa ốc No Va (mã CK: NVL)&nbsp;như sau:,https://cafef.vn/du-lieu/NVL-353999/nvl-thay-doi-noi-dung-lay-y-kien-tai-thong-bao-so-2165tbsgdchcm-ngay-05122022.chn,cafef
2022-12-08,NVL122001: Nghị quyết Hội đồng quản trị,Nghị quyết Hội đồng quản trị,https://cafef.vn/du-lieu/NVL-354329/nvl122001-nghi-quyet-hoi-dong-quan-tri.chn,cafef
2022-12-07,"Tiếp tục giảm sàn, cổ phiếu Novaland và Hải Phát lại xuống đáy lịch sử","Dưới lực bán mạnh, NVL tiếp tục đóng cửa phiên 7/12 trong tình trạng “trắng bên mua” và rơi xuống mức 19.200 đồng/cổ phiếu, thấp nhất kể từ khi niêm yết vào cuối tháng 12/2016.",https://cafef.vn/tiep-tuc-giam-san-co-phieu-novaland-va-hai-phat-lai-xuong-day-lich-su-20221207153736155.chn,cafef
2022-12-06,NVL122001: Thông báo ngày đăng ký cuối cùng và xác nhận danh sách người sở hữu chứng khoán,Thông báo ngày đăng ký cuối cùng và xác nhận danh sách người sở hữu chứng khoán,https://cafef.vn/du-lieu/NVL-355466/nvl122001-thong-bao-ngay-dang-ky-cuoi-cung-va-xac-nhan-danh-sach-nguoi-so-huu-chung-khoan.chn,cafef
2022-12-06,NVL122001: Thông báo ngày đăng ký cuối cùng để lấy ý kiến người sở hữu trái phiếu,Thông báo ngày đăng ký cuối cùng để lấy ý kiến người sở hữu trái phiếu,https://cafef.vn/du-lieu/NVL-355505/nvl122001-thong-bao-ngay-dang-ky-cuoi-cung-de-lay-y-kien-nguoi-so-huu-trai-phieu.chn,cafef
2022-12-05,"NVL: 12.12.2022, ngày GDKHQ lấy ý kiến cổ đông bằng văn bản",Sở Giao dịch Chứng khoán TP.HCM thông báo&nbsp;về ngày ĐKCC lấy ý kiến cổ đông bằng văn bản Công ty Cổ phần Tập đoàn Đầu tư Địa ốc No Va như sau:,https://cafef.vn/du-lieu/NVL-355910/nvl-12122022-ngay-gdkhq-lay-y-kien-co-dong-bang-van-ban.chn,cafef
2022-12-02,NVL122001: Thông báo về ngày đăng ký cuối cùng lấy ý kiến người sở hữu trái phiếu số NVLB2123012,Thông báo về ngày đăng ký cuối cùng lấy ý kiến người sở hữu trái phiếu số NVLB2123012,https://cafef.vn/du-lieu/NVL-356861/nvl122001-thong-bao-ve-ngay-dang-ky-cuoi-cung-lay-y-kien-nguoi-so-huu-trai-phieu-so-nvlb2123012.chn,cafef
2022-12-02,NVL122001: Thông báo về ngày đăng ký cuối cùng lấy ý kiến cổ đông bằng văn bản,Thông báo về ngày đăng ký cuối cùng lấy ý kiến cổ đông bằng văn bản,https://cafef.vn/du-lieu/NVL-356864/nvl122001-thong-bao-ve-ngay-dang-ky-cuoi-cung-lay-y-kien-co-dong-bang-van-ban.chn,cafef
2022-12-02,NVL122001: Nghị quyết Hội đồng quản trị,Nghị quyết Hội đồng quản trị,https://cafef.vn/du-lieu/NVL-356867/nvl122001-nghi-quyet-hoi-dong-quan-tri.chn,cafef
2022-12-02,NVL122001: Thông qua việc lấy ý kiến người sở hữu trái phiếu số NVLB2123012,Thông qua việc lấy ý kiến người sở hữu trái phiếu số NVLB2123012,https://cafef.vn/du-lieu/NVL-356879/nvl122001-thong-qua-viec-lay-y-kien-nguoi-so-huu-trai-phieu-so-nvlb2123012.chn,cafef
2022-12-01,NVL: Ngày ĐKCC lấy ý kiến người sở hữu trái phiếu,Công ty Cổ phần Tập đoàn Đầu tư Địa ốc No Va thông báo về ngày ĐKCC lấy ý kiến người sở hữu trái phiếu như sau:,https://cafef.vn/du-lieu/NVL-357284/nvl-ngay-dkcc-lay-y-kien-nguoi-so-huu-trai-phieu.chn,cafef
2022-12-01,NVL: Nghị quyết HĐQT về ngày ĐKCC để lập danh sách cổ đông CT thực hiện quyền cho CĐ hiện hữu,C&ocirc;ng ty Cổ phần Tập đo&agrave;n Đầu tư Địa ốc No Va th&ocirc;ng b&aacute;o nghị quyết HĐQT th&ocirc;ng qua chốt ng&agrave;y ĐKCC để lập danh s&aacute;ch cổ đ&ocirc;ng CT thực hiện quyền cho CĐ hiện hữu như sau:,https://cafef.vn/du-lieu/NVL-357287/nvl-nghi-quyet-hdqt-ve-ngay-dkcc-de-lap-danh-sach-co-dong-ct-thuc-hien-quyen-cho-cd-hien-huu.chn,cafef
2022-12-01,NVL: Ngày ĐKCC lấy ý kiến cổ đông bằng văn bản,Công ty Cổ phần Tập đoàn Đầu tư Địa ốc No Va thông báo về ngày ĐKCC lấy ý kiến cổ đông bằng văn bản như sau:,https://cafef.vn/du-lieu/NVL-357293/nvl-ngay-dkcc-lay-y-kien-co-dong-bang-van-ban.chn,cafef
2022-12-01,NVL: Nghị quyết HĐQT v/v lấy ý kiến người sở hữu trái phiếu liên quan đến trái phiếu phát hành ra của CT,C&ocirc;ng ty Cổ phần Tập đo&agrave;n Đầu tư Địa ốc No Va th&ocirc;ng b&aacute;o nghị quyết HĐQT th&ocirc;ng qua việc lấy &yacute; kiến người sở hữu tr&aacute;i phiếu li&ecirc;n quan đến tr&aacute;i phiếu ph&aacute;t h&agrave;nh ra của CT như sau:,https://cafef.vn/du-lieu/NVL-357296/nvl-nghi-quyet-hdqt-vv-lay-y-kien-nguoi-so-huu-trai-phieu-lien-quan-den-trai-phieu-phat-hanh-ra-cua-ct.chn,cafef
2022-11-30,"Profile các nhà tư vấn tái cấu trúc Novaland: 1 công ty tư vấn toàn cầu, 1 hãng luật góp mặt tại loạt thương vụ M&A tỷ đô của Masan, VPBank",YKVN từng tư vấn giao dịch VPBank bán 49% cổ phần FE Credit cho Tập Đoàn Sumitomo Mitsui Financial Group của Nhật Bản,https://cafef.vn/profile-cac-nha-tu-van-tai-cau-truc-novaland-1-cong-ty-tu-van-toan-cau-1-hang-luat-gop-mat-tai-loat-thuong-vu-ma-ty-do-cua-masan-vpbank-20221130154629676.chn,cafef
2022-11-30,NVL122001: Công văn số 500/2022-CV-NVLG ngày 30/11/2022 liên quan đến Thư từ nhiệm chức vụ Thành viên Độc lập HĐQT của ông Jeffrey ngày 29/11/2022,Công văn CBTT số 500/2022-CV-NVLG ngày 30/11/2022 liên quan đến Thư từ nhiệm chức vụ Thành viên Độc lập HĐQT của ông Jeffrey ngày 29/11/2022,https://cafef.vn/du-lieu/NVL-358229/nvl122001-cong-van-so-5002022cvnvlg-ngay-30112022-lien-quan-den-thu-tu-nhiem-chuc-vu-thanh-vien-doc-lap-hdqt-cua-ong-jeffrey-ngay-29112022.chn,cafef
2022-11-29,NVL122001: Nghị quyết Hội đồng quản trị,Nghị quyết Hội đồng quản trị,https://cafef.vn/du-lieu/NVL-358757/nvl122001-nghi-quyet-hoi-dong-quan-tri.chn,cafef
2022-11-29,NVL: Nghị quyết HĐQT v/v bổ sung tài sản bảo đảm,C&ocirc;ng ty Cổ phần Tập đo&agrave;n Đầu tư Địa ốc No Va&nbsp;th&ocirc;ng b&aacute;o Nghị quyết HĐQT về việc bổ sung t&agrave;i sản bảo đảm như sau:,https://cafef.vn/du-lieu/NVL-358799/nvl-nghi-quyet-hdqt-vv-bo-sung-tai-san-bao-dam.chn,cafef
2022-11-25,NVL122001: Thay đổi số lượng cổ phiếu có quyền biểu quyết đang lưu hành,Thay đổi số lượng cổ phiếu có quyền biểu quyết đang lưu hành,https://cafef.vn/du-lieu/NVL-360101/nvl122001-thay-doi-so-luong-co-phieu-co-quyen-bieu-quyet-dang-luu-hanh.chn,cafef
2022-11-24,NVL: Giải trình giá cổ phiếu giảm sàn 5 phiên liên tiếp,Công ty Cổ phần Tập đoàn Đầu tư Địa ốc No Va&nbsp;thông báo&nbsp;giải trình giá cổ phiếu giảm sàn 5 phiên liên tiếp như sau:,https://cafef.vn/du-lieu/NVL-360749/nvl-giai-trinh-gia-co-phieu-giam-san-5-phien-lien-tiep.chn,cafef
2022-11-24,NVL122001: Giải trình về việc giá cổ phiếu NVL giảm sàn 05 phiên liên tiếp,Giải trình về việc giá cổ phiếu NVL giảm sàn 05 phiên liên tiếp,https://cafef.vn/du-lieu/NVL-360818/nvl122001-giai-trinh-ve-viec-gia-co-phieu-nvl-giam-san-05-phien-lien-tiep.chn,cafef
2022-11-24,NVL122001: Thông qua Phương án phát hành Cổ phiếu chi tiết để chuyển đổi Trái Phiếu của Công Ty,Thông qua Phương án phát hành Cổ phiếu chi tiết để chuyển đổi Trái Phiếu của Công Ty,https://cafef.vn/du-lieu/NVL-360827/nvl122001-thong-qua-phuong-an-phat-hanh-co-phieu-chi-tiet-de-chuyen-doi-trai-phieu-cua-cong-ty.chn,cafef
2022-11-23,Novaland (NVL) phát hành cổ phiếu chuyển đổi trái phiếu giá 85.000 đồng/cp,"Thị giá NVL hiện rơi xuống mức 23.600 đồng/cổ phiếu, mức thấp chưa từng có trong lịch sử niêm yết của mã chứng khoán này.",https://cafef.vn/novaland-nvl-phat-hanh-co-phieu-chuyen-doi-trai-phieu-gia-85000-dongcp-20221123180134849.chn,cafef
2022-11-23,NVL: Nghị quyết HĐQT v/v phát hành cp chi tiết để chuyển đổi trái phiếu chuyển đổi quốc tế,&nbsp;C&ocirc;ng ty Cổ phần Tập đo&agrave;n Đầu tư Địa ốc No Va&nbsp;th&ocirc;ng b&aacute;o&nbsp;Nghị quyết HĐQT về việc th&ocirc;ng qua phương &aacute;n ph&aacute;t h&agrave;nh cổ phiếu chi tiết để chuyển đổi tr&aacute;i phiếu chuyển đổi quốc tế như sau:,https://cafef.vn/du-lieu/NVL-361118/nvl-nghi-quyet-hdqt-vv-phat-hanh-cp-chi-tiet-de-chuyen-doi-trai-phieu-chuyen-doi-quoc-te.chn,cafef
2022-11-22,NovaLand lên tiếng: Tin đồn về tình hình nợ và khả năng thanh toán của tập đoàn là không chính xác,"Thông báo này cũng cho biết, để đảm bảo năng lực tài chính và chuẩn bị cho các dự án sắp tới, NovaLand đã tích cực làm việc với các đối tác tài chính trong nước và quốc tế.",https://cafef.vn/novaland-len-tieng-tin-don-ve-tinh-hinh-no-va-kha-nang-thanh-toan-cua-tap-doan-la-khong-chinh-xac-20221122220724646.chn,cafef
2022-11-18,NVL122001: Giải trình về việc giá cổ phiếu NVL giảm sàn 10 phiên liên tiếp,Giải trình về việc giá cổ phiếu NVL giảm sàn 10 phiên liên tiếp,https://cafef.vn/du-lieu/NVL-363260/nvl122001-giai-trinh-ve-viec-gia-co-phieu-nvl-giam-san-10-phien-lien-tiep.chn,cafef
2022-11-17,NVL: Giải trình cổ phiếu giảm sàn 10 phiên liên tiếp,Công ty Cổ phần Tập đoàn Đầu tư Địa ốc No Va&nbsp;công bố giải trình cổ phiếu giảm sàn 10 phiên liên tiếp như sau:,https://cafef.vn/du-lieu/NVL-363842/nvl-giai-trinh-co-phieu-giam-san-10-phien-lien-tiep.chn,cafef
2022-11-16,"Novaland giảm sàn 10 phiên liên tiếp, NovaGroup chỉ mua vào 1,8 triệu cổ phiếu NVL trên tổng số 8 triệu đã đăng ký","Cổ phiếu NVL vẫn đang trong quãng giảm mạnh trước làn sóng bán tháo. 10 phiên liên tiếp giá cổ phiếu chìm trong sắc xanh sàn, ""trắng bên mua"" và mất khoảng 63% kể từ đỉnh.",https://cafef.vn/novaland-giam-san-10-phien-lien-tiep-novagroup-chi-mua-vao-18-trieu-co-phieu-nvl-tren-tong-so-8-trieu-da-dang-ky-20221116165854973.chn,cafef
2022-11-11,NVL122001: Giải trình về việc giá cổ phiếu NVL giảm sàn 05 phiên liên tiếp,Giải trình về việc giá cổ phiếu NVL giảm sàn 05 phiên liên tiếp,https://cafef.vn/du-lieu/NVL-366284/nvl122001-giai-trinh-ve-viec-gia-co-phieu-nvl-giam-san-05-phien-lien-tiep.chn,cafef
2022-11-10,NVL122001: Giải trình về việc giá cổ phiếu NVL giảm sàn 05 phiên liên tiếp,Giải trình về việc giá cổ phiếu NVL giảm sàn 05 phiên liên tiếp,https://cafef.vn/du-lieu/NVL-366857/nvl122001-giai-trinh-ve-viec-gia-co-phieu-nvl-giam-san-05-phien-lien-tiep.chn,cafef
2022-11-10,NVL: Giải trình cổ phiếu giảm sàn 05 phiên liên tiếp,&nbsp;Công ty Cổ phần Tập đoàn Đầu tư Địa ốc No Va&nbsp;thông báo giải trình cổ phiếu giảm sàn 05 phiên liên tiếp như sau:,https://cafef.vn/du-lieu/NVL-366890/nvl-giai-trinh-co-phieu-giam-san-05-phien-lien-tiep.chn,cafef
2022-11-09,"Dòng tiền khó khăn, các ông lớn BĐS Novaland, Khang Điền, Phát Đạt... tích trữ tiền mặt như thế nào?","Phát Đạt (PDR) mặc dù có tổng tài sản lên tới tỷ đô nhưng nợ phải trả chiếm 60% và tỷ lệ tiền/nợ phải trả chỉ vỏn vẹn 0,5% - thấp nhất danh sách. Tại thời điểm cuối quý 3, doanh nghiệp này chỉ có 72 tỷ tiền và tiền gửi ngắn hạn.",https://cafef.vn/dong-tien-kho-khan-cac-ong-lon-bds-novaland-khang-dien-phat-dat-tich-tru-tien-mat-nhu-the-nao-20221109092950865.chn,cafef
2022-11-08,NVL: Hủy ngày ĐKCC,Công ty Cổ phần Tập đoàn Đầu tư Địa ốc No Va&nbsp;thông báo về việc hủy ngày ĐKCC như sau:,https://cafef.vn/du-lieu/NVL-367949/nvl-huy-ngay-dkcc.chn,cafef
2022-11-04,NVL122001: Nghị quyết Hội đồng quản trị,Nghị quyết Hội đồng quản trị,https://cafef.vn/du-lieu/NVL-369236/nvl122001-nghi-quyet-hoi-dong-quan-tri.chn,cafef
2022-11-03,NVL: Nghị quyết HĐQT và Thông báo hủy Thông báo chốt danh sách cổ đông,C&ocirc;ng ty Cổ phần Tập đo&agrave;n Đầu tư Địa ốc No Va c&ocirc;ng bố Nghị quyết HĐQT v&agrave; Th&ocirc;ng b&aacute;o hủy Th&ocirc;ng b&aacute;o chốt danh s&aacute;ch cổ đ&ocirc;ng&nbsp;như sau:,https://cafef.vn/du-lieu/NVL-369521/nvl-nghi-quyet-hdqt-va-thong-bao-huy-thong-bao-chot-danh-sach-co-dong.chn,cafef
2022-10-29,"Novaland (NVL) lãi trước thuế hơn 700 tỷ đồng trong quý 3, lượng tiền nắm giữ tăng lên hơn 22.000 tỷ","Doanh thu từ bán hàng trong 9 tháng đầu năm của Novaland đạt hơn 6.445 tỷ đồng, được ghi nhận từ việc bàn giao tại các dự án như NovaWorld Phan Thiet, Aqua City, NovaWorld Ho Tram, NovaHills Mui Ne, Soho Residence và Victoria Village.",https://cafef.vn/novaland-nvl-lai-truoc-thue-hon-700-ty-dong-trong-quy-3-luong-tien-nam-giu-tang-len-hon-22000-ty-20221029073447061.chn,cafef
2022-10-25,NVL122001: Bổ sung Bên Bảo Đảm để đảm bảo cho nghĩa vụ vay vốn của Công Ty,Bổ sung Bên Bảo Đảm để đảm bảo cho nghĩa vụ vay vốn của Công Ty,https://cafef.vn/du-lieu/NVL-375344/nvl122001-bo-sung-ben-bao-dam-de-dam-bao-cho-nghia-vu-vay-von-cua-cong-ty.chn,cafef
2022-10-25,NVL122001: Bổ sung Bên Bảo Đảm để đảm bảo cho nghĩa vụ vay vốn của Công Ty,Bổ sung Bên Bảo Đảm để đảm bảo cho nghĩa vụ vay vốn của Công Ty,https://cafef.vn/du-lieu/NVL-375356/nvl122001-bo-sung-ben-bao-dam-de-dam-bao-cho-nghia-vu-vay-von-cua-cong-ty.chn,cafef
2022-10-25,NVL122001: Bổ sung Bên Bảo Đảm để đảm bảo cho nghĩa vụ vay vốn của Công Ty,Bổ sung Bên Bảo Đảm để đảm bảo cho nghĩa vụ vay vốn của Công Ty,https://cafef.vn/du-lieu/NVL-375359/nvl122001-bo-sung-ben-bao-dam-de-dam-bao-cho-nghia-vu-vay-von-cua-cong-ty.chn,cafef
2022-10-25,NVL: Quyết định của TGĐ v/v phê duyệt bổ sung bên bảo đảm cho nghĩa vụ vay vốn,&nbsp;Công ty Cổ phần Tập đoàn Đầu tư Địa ốc No Va&nbsp;thông báo&nbsp;Quyết định của TGĐ về việc phê duyệt bổ sung bên bảo đảm cho nghĩa vụ vay vốn như sau:,https://cafef.vn/du-lieu/NVL-375395/nvl-quyet-dinh-cua-tgd-vv-phe-duyet-bo-sung-ben-bao-dam-cho-nghia-vu-vay-von.chn,cafef
2022-10-20,NVL122001: Danh sách tổng hợp người sở hữu trái phiếu nhận lãi trái phiếu,Danh sách tổng hợp người sở hữu trái phiếu nhận lãi trái phiếu,https://cafef.vn/du-lieu/NVL-378404/nvl122001-danh-sach-tong-hop-nguoi-so-huu-trai-phieu-nhan-lai-trai-phieu.chn,cafef
2022-10-17,NVL122001: Bất thường khác: Thông báo xác nhận Danh sách tổng hợp người sở hữu chứng khoán từ VSD,Bất thường khác: Thông báo xác nhận Danh sách tổng hợp người sở hữu chứng khoán từ VSD,https://cafef.vn/du-lieu/NVL-380693/nvl122001-bat-thuong-khac-thong-bao-xac-nhan-danh-sach-tong-hop-nguoi-so-huu-chung-khoan-tu-vsd.chn,cafef
2022-10-17,NVL122001: Nghị quyết Hội đồng quản trị,Nghị quyết Hội đồng quản trị,https://cafef.vn/du-lieu/NVL-380723/nvl122001-nghi-quyet-hoi-dong-quan-tri.chn,cafef
2022-10-13,NVL: Hủy ngày ĐKCC tại Thông báo số 1841/TB-SGDHCM ngày 07/10/2022,Sở Giao dịch Chứng khoán TP.HCM thông báo&nbsp;hủy ngày ĐKCC tại Thông báo số 1841/TB-SGDHCM ngày 07/10/2022&nbsp;của Công ty Cổ phần Tập đoàn Đầu tư Địa ốc No Va như sau:,https://cafef.vn/du-lieu/NVL-381590/nvl-huy-ngay-dkcc-tai-thong-bao-so-1841tbsgdhcm-ngay-07102022.chn,cafef
2022-10-13,NVL: Nghị quyết HĐQT số 121 v/v sửa đổi điều 1 của nghị quyết HĐQT số 95 ngày 19/7/2022,Công ty Cổ phần Tập đoàn Đầu tư Địa ốc No Va&nbsp;thông báo&nbsp;Nghị quyết HĐQT số 121 về việc sửa đổi điều 1 của nghị quyết HĐQT số 95 ngày 19/7/2022 như sau:,https://cafef.vn/du-lieu/NVL-381764/nvl-nghi-quyet-hdqt-so-121-vv-sua-doi-dieu-1-cua-nghi-quyet-hdqt-so-95-ngay-1972022.chn,cafef
2022-10-13,NVL122001: Nghị quyết Hội đồng quản trị,Nghị quyết Hội đồng quản trị,https://cafef.vn/du-lieu/NVL-381836/nvl122001-nghi-quyet-hoi-dong-quan-tri.chn,cafef
2022-10-13,NVL: Nghị quyết HĐQT thay đổi ngày ĐKCC phát hành CP thưởng từ NVCSH,Công ty Cổ phần Tập đoàn Đầu tư Địa ốc No Va thông báo nghị quyết HĐQT thay đổi ngày ĐKCC phát hành CP thưởng từ NVCSH như sau:,https://cafef.vn/du-lieu/NVL-381908/nvl-nghi-quyet-hdqt-thay-doi-ngay-dkcc-phat-hanh-cp-thuong-tu-nvcsh.chn,cafef
2022-10-13,NVL: Nghị quyết và Thông báo thay đổi ngày ĐKCC phát hành cổ phiếu thưởng từ NVCSH,Công ty Cổ phần Tập đoàn Đầu tư Địa ốc No Va&nbsp;công bố&nbsp;Nghị quyết và Thông báo thay đổi ngày ĐKCC phát hành cổ phiếu thưởng từ NVCSH như sau:,https://cafef.vn/du-lieu/NVL-381920/nvl-nghi-quyet-va-thong-bao-thay-doi-ngay-dkcc-phat-hanh-co-phieu-thuong-tu-nvcsh.chn,cafef
2022-10-05,NVL122001: Nghị quyết Hội đồng quản trị,Nghị quyết Hội đồng quản trị,https://cafef.vn/du-lieu/NVL-385313/nvl122001-nghi-quyet-hoi-dong-quan-tri.chn,cafef
2022-10-05,"NVL: Nghị quyết HĐQT, thông báo ngày ĐKCC để thực hiện quyền và thông báo phát hành cổ phiếu","Công ty Cổ phần Tập đoàn Đầu tư Địa ốc No Va&nbsp;công bố Nghị quyết HĐQT, thông báo ngày ĐKCC để thực hiện quyền và thông báo phát hành cổ phiếu như sau:",https://cafef.vn/du-lieu/NVL-385685/nvl-nghi-quyet-hdqt-thong-bao-ngay-dkcc-de-thuc-hien-quyen-va-thong-bao-phat-hanh-co-phieu.chn,cafef
2022-10-03,NVL122001: Nghị quyết Hội đồng quản trị,Nghị quyết Hội đồng quản trị,https://cafef.vn/du-lieu/NVL-386570/nvl122001-nghi-quyet-hoi-dong-quan-tri.chn,cafef
2022-10-03,NVL: Nghị quyết HĐQT thông qua các khoản tín dụng và các vấn đề liên quan,&nbsp;Công ty Cổ phần Tập đoàn Đầu tư Địa ốc No Va&nbsp;thông báo&nbsp;Nghị quyết HĐQT về việc thông qua các khoản tín dụng và các vấn đề liên quan như sau:,https://cafef.vn/du-lieu/NVL-386633/nvl-nghi-quyet-hdqt-thong-qua-cac-khoan-tin-dung-va-cac-van-de-lien-quan.chn,cafef
2022-10-03,NVL122001: Công bố thông tin bổ sung Báo cáo tình hình Quản trị Công ty 6 tháng năm 2022,Công bố thông tin bổ sung Báo cáo tình hình Quản trị Công ty 6 tháng năm 2022,https://cafef.vn/du-lieu/NVL-386675/nvl122001-cong-bo-thong-tin-bo-sung-bao-cao-tinh-hinh-quan-tri-cong-ty-6-thang-nam-2022.chn,cafef
2022-10-03,NVL122001: Công bố thông tin bổ sung BCTC năm 2021,Công bố thông tin bổ sung BCTC năm 2021,https://cafef.vn/du-lieu/NVL-386678/nvl122001-cong-bo-thong-tin-bo-sung-bctc-nam-2021.chn,cafef
2022-10-03,NVL: Bổ sung báo cáo tình hình quản trị công ty 6 tháng đầu năm 2022,Công ty Cổ phần Tập đoàn Đầu tư Địa ốc No Va bổ sung báo cáo tình hình quản trị công ty 6 tháng đầu năm 2022&nbsp;như sau:,https://cafef.vn/du-lieu/NVL-386819/nvl-bo-sung-bao-cao-tinh-hinh-quan-tri-cong-ty-6-thang-dau-nam-2022.chn,cafef
2022-09-30,NVL122001: Thông báo về ngày đăng ký cuối cùng xác nhận danh sách người sở hữu chứng khoán,Thông báo về ngày đăng ký cuối cùng xác nhận danh sách người sở hữu chứng khoán,https://cafef.vn/du-lieu/NVL-387944/nvl122001-thong-bao-ve-ngay-dang-ky-cuoi-cung-xac-nhan-danh-sach-nguoi-so-huu-chung-khoan.chn,cafef
2022-09-27,NVL122001: Nghị quyết Hội đồng quản trị,Nghị quyết Hội đồng quản trị,https://cafef.vn/du-lieu/NVL-389375/nvl122001-nghi-quyet-hoi-dong-quan-tri.chn,cafef
2022-09-27,NVL: Nghị quyết HĐQT về các khoản vay và góp thêm vốn,Công ty Cổ phần Tập đoàn Đầu tư Địa ốc No Va&nbsp;thông báo nghị quyết HĐQT về các khoản vay và góp thêm vốn như sau:,https://cafef.vn/du-lieu/NVL-389633/nvl-nghi-quyet-hdqt-ve-cac-khoan-vay-va-gop-them-von.chn,cafef
2022-09-22,NVL122001: Thông báo về ngày đăng kí cuối cùng để thực hiện quyền chi trả lãi kì 3 mã trái phiếu NVL122001,Thông báo về ngày đăng kí cuối cùng để thực hiện quyền chi trả lãi kì 3 mã trái phiếu NVL122001,https://cafef.vn/du-lieu/NVL-391193/nvl122001-thong-bao-ve-ngay-dang-ki-cuoi-cung-de-thuc-hien-quyen-chi-tra-lai-ki-3-ma-trai-phieu-nvl122001.chn,cafef
2022-09-19,NVL122001: Báo cáo quản trị công ty bán niên 2022,Báo cáo quản trị công ty bán niên 2022,https://cafef.vn/du-lieu/NVL-393371/nvl122001-bao-cao-quan-tri-cong-ty-ban-nien-2022.chn,cafef
2022-09-16,NVL122001: Báo cáo quản trị công ty năm 2022,Báo cáo quản trị công ty năm 2022,https://cafef.vn/du-lieu/NVL-394028/nvl122001-bao-cao-quan-tri-cong-ty-nam-2022.chn,cafef
2022-09-09,"NVL: Nghị quyết ĐHĐCĐ số 19, 20 và Biên bản kiểm phiếu","&nbsp;Công ty Cổ phần Tập đoàn Đầu tư Địa ốc No Va&nbsp;thông báo&nbsp;Nghị quyết ĐHĐCĐ số 19, 20 và Biên bản kiểm phiếu như sau:",https://cafef.vn/du-lieu/NVL-396644/nvl-nghi-quyet-dhdcd-so-19-20-va-bien-ban-kiem-phieu.chn,cafef
2022-08-30,NVL: NQ HĐQT v/v sử dụng tài sản bảo đảm cho các khoản huy động vốn của CTTNHH Nova Thảo Điền,Công ty Cổ phần Tập đoàn Đầu tư Địa ốc No Va&nbsp;thông báo&nbsp;Nghị quyết HĐQT về việc sử dụng tài sản của công ty để bảo đảm cho các khoản huy động vốn của Công ty TNHH Nova Thảo Điền như sau:,https://cafef.vn/du-lieu/NVL-401558/nvl-nq-hdqt-vv-su-dung-tai-san-bao-dam-cho-cac-khoan-huy-dong-von-cua-cttnhh-nova-thao-dien.chn,cafef
2022-08-25,NVL: Báo cáo phát hành cổ phiếu để tăng vốn cổ phần từ NVCSH,Công ty Cổ phần Tập đoàn Đầu tư Địa ốc No Va&nbsp;công bố&nbsp;Báo cáo phát hành cổ phiếu để&nbsp; tăng vốn cổ phần từ NVCSH như sau:,https://cafef.vn/du-lieu/NVL-404177/nvl-bao-cao-phat-hanh-co-phieu-de-tang-von-co-phan-tu-nvcsh.chn,cafef
2022-08-25,NVL: Nghị quyết HĐQT số 110 ngày 25/08/2022 v/v điều chỉnh Nghị quyết số 105 và 79,Công ty Cổ phần Tập đoàn Đầu tư Địa ốc No Va thông báo&nbsp;Nghị quyết HĐQT số 110 ngày 25/08/2022 về việc điều chỉnh Nghị quyết số 105 và 79 như sau:,https://cafef.vn/du-lieu/NVL-404180/nvl-nghi-quyet-hdqt-so-110-ngay-25082022-vv-dieu-chinh-nghi-quyet-so-105-va-79.chn,cafef
2022-08-23,NVL: Tài liệu lấy ý kiến cổ đông bằng văn bản,Công ty Cổ phần Tập đoàn Đầu tư Địa ốc No Va&nbsp;thông báo tài liệu lấy ý kiến cổ đông bằng văn bản như sau:,https://cafef.vn/du-lieu/NVL-405980/nvl-tai-lieu-lay-y-kien-co-dong-bang-van-ban.chn,cafef
2022-08-08,NVL: Quyết định v/v phê duyệt bên đảm bảo cho nghĩa vụ vay vốn của Công ty,Công ty Cổ phần Tập đoàn Đầu tư Địa ốc No Va&nbsp;công bố&nbsp;Quyết định về việc phê duyệt bên đảm bảo cho nghĩa vụ vay vốn của Công ty như sau:,https://cafef.vn/du-lieu/NVL-413849/nvl-quyet-dinh-vv-phe-duyet-ben-dam-bao-cho-nghia-vu-vay-von-cua-cong-ty.chn,cafef
2022-08-08,NVL: Nghị quyết HĐQT v/v điều chỉnh một số nội dung tại Điều 1 của Nghị quyết HĐQT số 79/2022,Công ty Cổ phần Tập đoàn Đầu tư Địa ốc No Va&nbsp;thông báo&nbsp;Nghị quyết HĐQT thông qua việc điều chỉnh một số nội dung tại Điều 1 của Nghị quyết HĐQT số 79/2022 ngày 20/06/2022 như sau:,https://cafef.vn/du-lieu/NVL-413858/nvl-nghi-quyet-hdqt-vv-dieu-chinh-mot-so-noi-dung-tai-dieu-1-cua-nghi-quyet-hdqt-so-792022.chn,cafef
2022-08-05,"NVL: 12.8.2022, ngày GDKHQ lấy ý kiến cổ đông bằng văn bản",Sở Giao dịch Chứng khoán TP.HCM thông báo về ngày đăng ký cuối cùng lấy ý kiến cổ đông bằng văn bản của Công ty Cổ phần Tập đoàn Đầu tư Địa ốc No Va (mã CK: NVL) như sau:,https://cafef.vn/du-lieu/NVL-414338/nvl-1282022-ngay-gdkhq-lay-y-kien-co-dong-bang-van-ban.chn,cafef
2022-08-04,NVL: Nghị quyết và Biên bản kiểm phiếu ĐHĐCĐ lấy ý kiến cổ đông bằng văn bản,Công ty Cổ phần Tập đoàn Đầu tư Địa ốc No Va&nbsp;thông báo&nbsp;Nghị quyết và Biên bản kiểm phiếu ĐHĐCĐ lấy ý kiến cổ đông bằng văn bản như sau:,https://cafef.vn/du-lieu/NVL-414878/nvl-nghi-quyet-va-bien-ban-kiem-phieu-dhdcd-lay-y-kien-co-dong-bang-van-ban.chn,cafef
2022-08-04,NVL: Nghị quyết HĐQT v/v chốt ngày ĐKCC để lập DSCĐ thực hiện quyền cho CĐHH,Công ty Cổ phần Tập đoàn Đầu tư Địa ốc No Va&nbsp;thông báo&nbsp;Nghị quyết HĐQT về việc chốt ngày ĐKCC để lập DSCĐ thực hiện quyền cho CĐHH như sau:,https://cafef.vn/du-lieu/NVL-414881/nvl-nghi-quyet-hdqt-vv-chot-ngay-dkcc-de-lap-dscd-thuc-hien-quyen-cho-cdhh.chn,cafef
2022-08-02,"NVL: Nghị quyết HĐQT số 100, 101, 102 ngày 01/08/2022","Công ty Cổ phần Tập đoàn Đầu tư Địa ốc No Va&nbsp;thông báo&nbsp;Nghị quyết HĐQT số 100, 101, 102&nbsp; ngày 01/08/2022 như sau:",https://cafef.vn/du-lieu/NVL-417527/nvl-nghi-quyet-hdqt-so-100-101-102-ngay-01082022.chn,cafef
2022-07-30,Novaland lãi 1.818 tỷ đồng quý II,"Doanh thu quý II được ghi nhận từ bàn giao các dự án như NovaWorld Phan Thiet, Aqua City, NovaWorld Ho Tram, NovaHills Mui Ne, Soho Residence và Victoria Village.",https://cafef.vn/novaland-lai-1818-ty-dong-quy-ii-20220730110042182.chn,cafef
2022-07-29,NVL: Báo cáo tình hình quản trị công ty 6 tháng đầu năm 2022,Công ty Cổ phần Tập đoàn Đầu tư Địa ốc No Va&nbsp;công bố&nbsp;Báo cáo tình hình quản trị công ty 6 tháng đầu năm 2022&nbsp;như sau:,https://cafef.vn/du-lieu/NVL-419825/nvl-bao-cao-tinh-hinh-quan-tri-cong-ty-6-thang-dau-nam-2022.chn,cafef
2022-07-29,NVL122001: Báo cáo định kì tình hình thanh toán gốc lãi,Báo cáo định kì tình hình thanh toán gốc lãi,https://cafef.vn/du-lieu/NVL-419879/nvl122001-bao-cao-dinh-ki-tinh-hinh-thanh-toan-goc-lai.chn,cafef
2022-07-28,NVL: Giấy chứng nhận đăng ký doanh nghiệp thay đổi lần thứ 66,&nbsp;Công ty Cổ phần Tập đoàn Đầu tư Địa ốc No Va&nbsp;công bố Giấy chứng nhận đăng ký doanh nghiệp thay đổi lần thứ 66 như sau:&nbsp;,https://cafef.vn/du-lieu/NVL-421166/nvl-giay-chung-nhan-dang-ky-doanh-nghiep-thay-doi-lan-thu-66.chn,cafef
2022-07-28,"NVL: Báo cáo định kỳ tình hình thanh toán gốc, lãi trái phiếu doanh nghiệp","Công ty Cổ phần Tập đoàn Đầu tư Địa ốc No Va&nbsp;công bố&nbsp;Báo cáo định kỳ tình hình thanh toán gốc, lãi trái phiếu doanh nghiệp như sau:",https://cafef.vn/du-lieu/NVL-421541/nvl-bao-cao-dinh-ky-tinh-hinh-thanh-toan-goc-lai-trai-phieu-doanh-nghiep.chn,cafef
2022-07-20,NVL: Nghị quyết HĐQT số 95 & 96 ngày 19/07/2022,Công ty Cổ phần Tập đoàn Đầu tư Địa ốc No Va&nbsp;thông báo&nbsp;Nghị quyết HĐQT số 95 &amp; 96 ngày 19/07/2022 như sau:,https://cafef.vn/du-lieu/NVL-427121/nvl-nghi-quyet-hdqt-so-95--96-ngay-19072022.chn,cafef
2022-07-19,NVL122001: Thông báo xác nhận Danh sách tổng hợp người sở hữu chứng khoán từ VSD,Thông báo xác nhận Danh sách tổng hợp người sở hữu chứng khoán từ VSD,https://cafef.vn/du-lieu/NVL-428540/nvl122001-thong-bao-xac-nhan-danh-sach-tong-hop-nguoi-so-huu-chung-khoan-tu-vsd.chn,cafef
2022-07-18,NVL: Liên quan đến các tài liệu để lấy ý kiến cổ đông bằng văn bản,Công ty Cổ phần Tập đoàn Đầu tư Địa ốc No Va&nbsp;thông báo liên quan đến các tài liệu để lấy ý kiến cổ đông bằng văn bản như sau:,https://cafef.vn/du-lieu/NVL-429095/nvl-lien-quan-den-cac-tai-lieu-de-lay-y-kien-co-dong-bang-van-ban.chn,cafef
2022-07-15,NVL: Quyết định thay thế bên bảo đảo nghĩa vụ phát hành trái phiếu doanh nghiệp,Công ty Cổ phần Tập đoàn Đầu tư Địa ốc No Va&nbsp;công bố&nbsp;Quyết định thay thế bên bảo đảo nghĩa vụ phát hành trái phiếu doanh nghiệp như sau:,https://cafef.vn/du-lieu/NVL-430208/nvl-quyet-dinh-thay-the-ben-bao-dao-nghia-vu-phat-hanh-trai-phieu-doanh-nghiep.chn,cafef
2022-07-14,NVL: Nghị quyết HĐQT lựa chọn đơn vị kiểm toán cho năm 2022,Công ty Cổ phần Tập đoàn Đầu tư Địa ốc No Va&nbsp;công bố&nbsp;Nghị quyết HĐQT về việc lựa chọn đơn vị kiểm toán cho năm 2022 và thông qua giao dịch bảo đảm cho nghĩa vụ vay vốn như sau:,https://cafef.vn/du-lieu/NVL-431033/nvl-nghi-quyet-hdqt-lua-chon-don-vi-kiem-toan-cho-nam-2022.chn,cafef
2022-07-11,NVL: Báo cáo tình hình sử dụng vốn trái phiếu,Công ty Cổ phần Tập đoàn Đầu tư Địa ốc No Va&nbsp;công bố&nbsp;Báo cáo tình hình sử dụng vốn trái phiếu như sau:,https://cafef.vn/du-lieu/NVL-433208/nvl-bao-cao-tinh-hinh-su-dung-von-trai-phieu.chn,cafef
2022-07-11,NVL: Nghị quyết HĐQT v/v hủy bỏ thực hiện phương án phát hành trái phiếu ra công chúng,Công ty Cổ phần Tập đoàn Đầu tư Địa ốc No Va thông báo&nbsp;Nghị quyết HĐQT về việc hủy bỏ thực hiện phương án phát hành trái phiếu ra công chúng và rút hồ sơ chào bán trái phiếu ra công chúng như sau:,https://cafef.vn/du-lieu/NVL-433217/nvl-nghi-quyet-hdqt-vv-huy-bo-thuc-hien-phuong-an-phat-hanh-trai-phieu-ra-cong-chung.chn,cafef
2022-07-08,NVL122001: Công bố thông tin tình hình sử dụng vốn của trái phiếu NVLB2123012,Công bố thông tin tình hình sử dụng vốn của trái phiếu NVLB2123012,https://cafef.vn/du-lieu/NVL-433838/nvl122001-cong-bo-thong-tin-tinh-hinh-su-dung-von-cua-trai-phieu-nvlb2123012.chn,cafef
2022-07-07,NVL: Công bố thông tin liên quan đến bản án,Công ty Cổ phần Tập đoàn Đầu tư Địa ốc No Va công bố thông tin liên quan đến bản án&nbsp;như sau:,https://cafef.vn/du-lieu/NVL-434846/nvl-cong-bo-thong-tin-lien-quan-den-ban-an.chn,cafef
2022-07-01,NVL: Nghị quyết HĐQT thông qua phương án phát hành cổ phiếu để chuyển đổi trái phiếu của công ty,Công ty Cổ phần Tập đoàn Đầu tư Địa ốc No Va&nbsp;thông báo&nbsp;Nghị quyết HĐQT về việc thông qua phương án phát hành cổ phiếu để chuyển đổi trái phiếu của công ty như sau:,https://cafef.vn/du-lieu/NVL-437777/nvl-nghi-quyet-hdqt-thong-qua-phuong-an-phat-hanh-co-phieu-de-chuyen-doi-trai-phieu-cua-cong-ty.chn,cafef
2022-07-01,NVL: Giấy chứng nhận đăng ký doanh nghiệp thay đổi lần thứ 65,Công ty Cổ phần Tập đoàn Đầu tư Địa ốc No Va&nbsp;thông báo&nbsp;Giấy chứng nhận đăng ký doanh nghiệp thay đổi lần thứ 65 như sau:,https://cafef.vn/du-lieu/NVL-438305/nvl-giay-chung-nhan-dang-ky-doanh-nghiep-thay-doi-lan-thu-65.chn,cafef
2022-06-28,NVL: Hủy DSNSHCK để thực hiện quyền lấy ý kiến cổ đông bằng văn bản tại 1133/TB-SGDHCM,Sở Giao dịch Chứng khoán Thành phố Hồ Chí Minh thông báo&nbsp;hủy DSNSHCK để thực hiện quyền lấy ý kiến cổ đông bằng văn bản tại 1133/TB-SGDHCM ngày 10/06/2022 của&nbsp;Công ty Cổ phần Tập đoàn Đầu tư Địa ốc No Va&nbsp;như sau:,https://cafef.vn/du-lieu/NVL-441176/nvl-huy-dsnshck-de-thuc-hien-quyen-lay-y-kien-co-dong-bang-van-ban-tai-1133tbsgdhcm.chn,cafef
2022-06-28,"NVL: 6.7.2022, ngày GDKHQ lấy ý kiến cổ đông bằng văn bản",Sở Giao dịch Chứng khoán Thành phố Hồ Chí Minh thông báo&nbsp;ngày ĐKCC&nbsp;&nbsp;lấy ý kiến cổ đông bằng văn bản của&nbsp;Công ty Cổ phần Tập đoàn Đầu tư Địa ốc No Va như sau:,https://cafef.vn/du-lieu/NVL-441182/nvl-672022-ngay-gdkhq-lay-y-kien-co-dong-bang-van-ban.chn,cafef
2022-06-24,NVL: Hủy danh sách người sở hữu chứng khoán thực hiện quyền,Công ty Cổ phần Tập đoàn Đầu tư Địa ốc No Va&nbsp;thông báo về việc hủy danh sách người sở hữu chứng khoán thực hiện quyền như sau:,https://cafef.vn/du-lieu/NVL-442520/nvl-huy-danh-sach-nguoi-so-huu-chung-khoan-thuc-hien-quyen.chn,cafef
2022-06-24,NVL: Đơn từ nhiệm của ông Lê Quốc Hùng - TV.HĐQT độc lập,"Công ty Cổ phần Tập đoàn Đầu tư Địa ốc No Va&nbsp;thông báo đơn từ nhiệm, Nghị quyết HĐQT của Công ty và ngày đăng ký cuối cùng như sau:",https://cafef.vn/du-lieu/NVL-442535/nvl-don-tu-nhiem-cua-ong-le-quoc-hung-tvhdqt-doc-lap.chn,cafef
2022-06-24,"NVL: Nghị quyết HĐQT sô 80, 81 ngày 23/06/2022","Công ty Cổ phần Tập đoàn Đầu tư Địa ốc No Va&nbsp;thông báo&nbsp;Nghị quyết HĐQT sô 80, 81 ngày 23/06/2022 như sau:",https://cafef.vn/du-lieu/NVL-442703/nvl-nghi-quyet-hdqt-so-80-81-ngay-23062022.chn,cafef
2022-06-23,NVL122001: Thông báo ngày đăng ký cuối cùng thực hiện quyền chi trả lãi trái phiếu,Thông báo ngày đăng ký cuối cùng thực hiện quyền chi trả lãi trái phiếu,https://cafef.vn/du-lieu/NVL-443306/nvl122001-thong-bao-ngay-dang-ky-cuoi-cung-thuc-hien-quyen-chi-tra-lai-trai-phieu.chn,cafef
2022-06-22,NVL: CBTT phát hành cổ phiếu để tăng vốn cổ phần từ NVCSH,Công ty Cổ phần Tập đoàn Đầu tư Địa ốc No Va thông báo phát hành cổ phiếu để tăng vốn cổ phần từ NVCSH như sau:,https://cafef.vn/du-lieu/NVL-444113/nvl-cbtt-phat-hanh-co-phieu-de-tang-von-co-phan-tu-nvcsh.chn,cafef
2022-06-17,NVL: Giấy chứng nhận đăng ký doanh nghiệp thay đổi lần thứ 64,Công ty Cổ phần Tập đoàn Đầu tư Địa ốc No Va công bố Giấy chứng nhận đăng ký doanh nghiệp thay đổi lần thứ 64&nbsp;như sau:,https://cafef.vn/du-lieu/NVL-446474/nvl-giay-chung-nhan-dang-ky-doanh-nghiep-thay-doi-lan-thu-64.chn,cafef
2022-06-16,NVL: Báo cáo phát triển bền vững năm 2021,Công ty Cổ phần Tập đoàn Đầu tư Địa ốc No Va công bố báo cáo phát triển bền vững năm 2021 như sau:,https://cafef.vn/du-lieu/NVL-446951/nvl-bao-cao-phat-trien-ben-vung-nam-2021.chn,cafef
2022-06-13,"NVL: 20.6.2022, ngày GDKHQ lấy ý kiến cổ đông bằng văn bản",Sở Giao dịch Chứng khoán TP.HCM thông báo về ngày đăng ký cuối cùng lấy ý kiến cổ đông bằng văn bản của Công ty Cổ phần Tập đoàn Đầu tư Địa ốc No Va (mã CK: NVL) như sau:,https://cafef.vn/du-lieu/NVL-449066/nvl-2062022-ngay-gdkhq-lay-y-kien-co-dong-bang-van-ban.chn,cafef
2022-06-09,NVL: Nghị quyết HĐQT v/v chốt ngày ĐKCC lấy ý kiến cổ đông bằng văn bản,Công ty Cổ phần Tập đoàn Đầu tư Địa ốc No Va&nbsp;thông báo&nbsp;Nghị quyết HĐQT về việc chốt ngày ĐKCC lấy ý kiến cổ đông bằng văn bản như sau:,https://cafef.vn/du-lieu/NVL-449936/nvl-nghi-quyet-hdqt-vv-chot-ngay-dkcc-lay-y-kien-co-dong-bang-van-ban.chn,cafef
2022-06-03,NVL: Nghị quyết HĐQT v/v chốt ngày ĐKCC lấy ý kiến cổ đông bằng văn bản,Công ty Cổ phần Tập đoàn Đầu tư Địa ốc No Va&nbsp;thông báo&nbsp;Nghị quyết HĐQT về việc chốt ngày ĐKCC lấy ý kiến cổ đông bằng văn bản như sau:,https://cafef.vn/du-lieu/NVL-453293/nvl-nghi-quyet-hdqt-vv-chot-ngay-dkcc-lay-y-kien-co-dong-bang-van-ban.chn,cafef
2022-06-01,Novaland phát hành 5.800 tỉ đồng trái phiếu cho hai nhà đầu tư ngoại,"Sau đợt chào bán, các tổ chức nước ngoài nắm giữ tổng cộng 12.702,5 tỉ đồng trái phiếu của Novaland, chiếm 37,98% tổng giá trị trái phiếu đang lưu hành.",https://cafef.vn/novaland-phat-hanh-5800-ti-dong-trai-phieu-cho-hai-nha-dau-tu-ngoai-20220601091841254.chn,cafef
2022-05-27,NVL: NQ HĐQT thông qua danh sách nhà đầu tư tham gia mua trái phiếu và kết quả chào bán trái phiếu,&nbsp;Công ty Cổ phần Tập đoàn Đầu tư Địa ốc No Va&nbsp;thông báo&nbsp;Nghị quyết HĐQT về việc thông qua danh sách nhà đầu tư tham gia mua trái phiếu và kết quả chào bán trái phiếu như sau:,https://cafef.vn/du-lieu/NVL-456902/nvl-nq-hdqt-thong-qua-danh-sach-nha-dau-tu-tham-gia-mua-trai-phieu-va-ket-qua-chao-ban-trai-phieu.chn,cafef
2022-05-24,NVL: Nghị quyết HĐQT thông qua phương án phát hành cp để chuyển đổi trái phiếu chuyển đổi quốc tế,&nbsp;Công ty Cổ phần Tập đoàn Đầu tư Địa ốc No Va&nbsp;thông báo&nbsp;Nghị quyết HĐQT về việc thông qua phương án phát hành cổ phiếu để chuyển đổi trái phiếu chuyển đổi quốc tế như sau:,https://cafef.vn/du-lieu/NVL-459515/nvl-nghi-quyet-hdqt-thong-qua-phuong-an-phat-hanh-cp-de-chuyen-doi-trai-phieu-chuyen-doi-quoc-te.chn,cafef
2022-05-19,NVL: Quyết định của TGĐ v/v thay đổi bên bảo đảm nghĩa vụ phát hành trái phiếu doanh nghiệp,&nbsp;Công ty Cổ phần Tập đoàn Đầu tư Địa ốc No Va&nbsp;thông báo&nbsp;Quyết định của TGĐ về việc thay đổi bên bảo đảm nghĩa vụ phát hành trái phiếu doanh nghiệp như sau:,https://cafef.vn/du-lieu/NVL-461684/nvl-quyet-dinh-cua-tgd-vv-thay-doi-ben-bao-dam-nghia-vu-phat-hanh-trai-phieu-doanh-nghiep.chn,cafef
2022-05-19,NVL: Nghị quyết HĐQT v/v tăng vốn điều lệ và sửa đổi điều lệ công ty,&nbsp;CôCông ty Cổ phần Tập đoàn Đầu tư Địa ốc No Va thông báo&nbsp;Nghị quyết HĐQT về việc tăng vốn điều lệ và sửa đổi điều lệ công ty như sau:,https://cafef.vn/du-lieu/NVL-461924/nvl-nghi-quyet-hdqt-vv-tang-von-dieu-le-va-sua-doi-dieu-le-cong-ty.chn,cafef
2022-05-18,NVL122001: Bản công bố thông tin của CTCP Tập đoàn Đầu tư Địa ốc No Va,Bản công bố thông tin của CTCP Tập đoàn Đầu tư Địa ốc No Va (NVL122001),https://cafef.vn/du-lieu/NVL-462161/nvl122001-ban-cong-bo-thong-tin-cua-ctcp-tap-doan-dau-tu-dia-oc-no-va.chn,cafef
2022-05-18,NVL122001: Quyết định chấp thuận niêm yết trái phiếu CTCP Tập đoàn Đầu tư Địa ốc No Va,Quyết định chấp thuận niêm yết trái phiếu CTCP Tập đoàn Đầu tư Địa ốc No Va (NVL122001),https://cafef.vn/du-lieu/NVL-462185/nvl122001-quyet-dinh-chap-thuan-niem-yet-trai-phieu-ctcp-tap-doan-dau-tu-dia-oc-no-va.chn,cafef
2022-05-17,NVL: Giấy xác nhận thay đổi nội dung đăng ký doanh nghiệp,Công ty Cổ phần Tập đoàn Đầu tư Địa ốc No Va&nbsp;thông báo&nbsp;Giấy xác nhận thay đổi nội dung đăng ký doanh nghiệp (điều chỉnh ngành nghề kinh doanh) như sau:,https://cafef.vn/du-lieu/NVL-462977/nvl-giay-xac-nhan-thay-doi-noi-dung-dang-ky-doanh-nghiep.chn,cafef
2022-05-13,NVL: Nghị quyết HĐQT v/v hướng dẫn thi hành tỷ lệ chuyển đổi trái phiếu,&nbsp;Công ty Cổ phần Tập đoàn Đầu tư Địa ốc No Va&nbsp;thông báo&nbsp;Nghị quyết HĐQT về việc hướng dẫn thi hành tỷ lệ chuyển đổi trái phiếu như sau:,https://cafef.vn/du-lieu/NVL-464450/nvl-nghi-quyet-hdqt-vv-huong-dan-thi-hanh-ty-le-chuyen-doi-trai-phieu.chn,cafef
2022-04-29,NVLB2123012: Nhận hồ sơ đăng ký niêm yết chứng khoán tại Sở GDCK Hà Nội,Nhận hồ sơ đăng ký niêm yết chứng khoán tại Sở GDCK Hà Nội,https://cafef.vn/du-lieu/NVL-474632/nvlb2123012-nhan-ho-so-dang-ky-niem-yet-chung-khoan-tai-so-gdck-ha-noi.chn,cafef
2022-04-22,NVL: Nghị quyết HĐQT  phê duyệt giao dịch bảo đảm nghĩa vụ vay vốn,&nbsp;Công ty Cổ phần Tập đoàn Đầu tư Địa ốc No Va&nbsp;thông báo Nghị quyết HĐQT về việc phê duyệt giao dịch bảo đảm nghĩa vụ vay vốn như sau:,https://cafef.vn/du-lieu/NVL-481412/nvl-nghi-quyet-hdqt-phe-duyet-giao-dich-bao-dam-nghia-vu-vay-von.chn,cafef
2022-04-20,NVL: Nghị quyết và Biên bản họp ĐHĐCĐ thường niên năm 2022,Công ty Cổ phần Tập đoàn Đầu tư Địa ốc No Va công bố&nbsp;Nghị quyết và Biên bản họp ĐHĐCĐ thường niên năm 2022 như sau:,https://cafef.vn/du-lieu/NVL-484829/nvl-nghi-quyet-va-bien-ban-hop-dhdcd-thuong-nien-nam-2022.chn,cafef
2022-04-19,"NVL: Nghị quyết HĐQT số 60, 61 ngày 18/04/2022","Công ty Cổ phần Tập đoàn Đầu tư Địa ốc No Va&nbsp;thông báo&nbsp;Nghị quyết HĐQT số 60, 61 ngày 18/04/2022 như sau:",https://cafef.vn/du-lieu/NVL-486197/nvl-nghi-quyet-hdqt-so-60-61-ngay-18042022.chn,cafef
2022-04-15,NVL: Nghị quyết HĐQT v/v bổ sung và chỉnh sửa tài liệu họp ĐHĐCĐ thường niên năm 2022,Công ty Cổ phần Tập đoàn Đầu tư Địa ốc No Va thông báo Nghị quyết HĐQT về việc bổ sung và chỉnh sửa tài liệu họp ĐHĐCĐ thường niên năm 2022&nbsp;như sau:,https://cafef.vn/du-lieu/NVL-488567/nvl-nghi-quyet-hdqt-vv-bo-sung-va-chinh-sua-tai-lieu-hop-dhdcd-thuong-nien-nam-2022.chn,cafef
2022-04-14,NVL: Nghị quyết HĐQT v/v đầu tư thêm vốn vào CTCP NOVA Hồng Ngự,Công ty Cổ phần Tập đoàn Đầu tư Địa ốc No Va công bố&nbsp;Nghị quyết HĐQT về việc đầu tư thêm vốn vào CTCP NOVA Hồng Ngự như sau:,https://cafef.vn/du-lieu/NVL-489611/nvl-nghi-quyet-hdqt-vv-dau-tu-them-von-vao-ctcp-nova-hong-ngu.chn,cafef
2022-04-05,"NVL: Nghị quyết HĐQT số 51, 53 ngày 05/04/2022","CônCông ty Cổ phần Tập đoàn Đầu tư Địa ốc No Va thông báo&nbsp;Nghị quyết HĐQT số 51, 53 ngày 05/04/2022 như sau:",https://cafef.vn/du-lieu/NVL-495728/nvl-nghi-quyet-hdqt-so-51-53-ngay-05042022.chn,cafef
2022-02-07,"Năm 2021, Tập đoàn Novaland đạt hơn 3.460 tỷ đồng lợi nhuận sau thuế hợp nhất","Công ty Cổ phần Tập đoàn Đầu tư Địa ốc No Va (HoSE: NVL, ""Novaland"" hoặc ""Tập đoàn"") hôm nay công bố kết quả tài chính hợp nhất quý IV/2021. Kết thúc năm tài chính 2021, Tập đoàn Novaland ghi nhận hơn 14.967 tỷ đồng Tổng Doanh thu hợp nhất và hơn 3.460 tỷ đồng Lợi nhuận sau thuế hợp nhất.",https://cafef.vn/nam-2021-tap-doan-novaland-dat-hon-3460-ty-dong-loi-nhuan-sau-thue-hop-nhat-20220207231757626.chn,cafef
2022-01-28,NVL: Báo cáo tình hình quản trị công ty năm 2021,Công ty Cổ phần Tập đoàn Đầu tư Địa ốc No Va&nbsp;công bố báo cáo tình hình quản trị công ty năm 2021 như sau:,https://cafef.vn/du-lieu/NVL-503483/nvl-bao-cao-tinh-hinh-quan-tri-cong-ty-nam-2021.chn,cafef
2022-01-28,NVL: Nghị quyết HĐQT v/v tài liệu giao dịch trái phiếu,Công ty Cổ phần Tập đoàn Đầu tư Địa ốc No Va&nbsp;công bố&nbsp;Nghị quyết HĐQT về việc tài liệu giao dịch trái phiếu như sau:,https://cafef.vn/du-lieu/NVL-503492/nvl-nghi-quyet-hdqt-vv-tai-lieu-giao-dich-trai-phieu.chn,cafef
2022-01-28,NVL: Giấy chứng nhận đăng ký doanh nghiệp thay đổi lần thứ 63,Công ty Cổ phần Tập đoàn Đầu tư Địa ốc No Va&nbsp;công bố&nbsp;Giấy chứng nhận đăng ký doanh nghiệp thay đổi lần thứ 63 như sau:,https://cafef.vn/du-lieu/NVL-503498/nvl-giay-chung-nhan-dang-ky-doanh-nghiep-thay-doi-lan-thu-63.chn,cafef
2022-01-26,NVL: Nghị quyết HĐQT v/v tăng vốn điều lệ và thay đổi tính chất của gói trái phiếu phát hành ra công chúng,Công ty Cổ phần Tập đoàn Đầu tư Địa ốc No Va&nbsp;thông báo&nbsp;Nghị quyết HĐQT về việc tăng vốn điều lệ&nbsp; và thay đổi tính chất của gói trái phiếu phát hành ra công chúng như sau:,https://cafef.vn/du-lieu/NVL-507251/nvl-nghi-quyet-hdqt-vv-tang-von-dieu-le-va-thay-doi-tinh-chat-cua-goi-trai-phieu-phat-hanh-ra-cong-chung.chn,cafef
2022-01-25,NVL: Giấy chứng nhận đăng ký doanh nghiệp thay đổi lần thứ 62,Công ty Cổ phần Tập đoàn Đầu tư Địa ốc No Va công bố&nbsp;Giấy chứng nhận đăng ký doanh nghiệp thay đổi lần thứ 62 như sau:,https://cafef.vn/du-lieu/NVL-507539/nvl-giay-chung-nhan-dang-ky-doanh-nghiep-thay-doi-lan-thu-62.chn,cafef
2022-01-20,"NVL: Nghị quyết HĐQT số 10, 11, 13, 14, 16 ngày 19/01/2022","Công ty Cổ phần Tập đoàn Đầu tư Địa ốc No Va thôn gbao1 Nghị quyết HĐQT số 10, 11, 13, 14, 16 ngày 19/01/2022&nbsp;như sau:",https://cafef.vn/du-lieu/NVL-511580/nvl-nghi-quyet-hdqt-so-10-11-13-14-16-ngay-19012022.chn,cafef
2022-01-13,NVL: Nghị quyết HĐQT thông qua cam kết bảo lãnh cho gói trái phiếu doanh nghiệp và phát hành cp ESOP,Công ty Cổ phần Tập đoàn Đầu tư Địa ốc No Va&nbsp;thông báo Nghị quyết HĐQT về việc thông qua cam kết bảo lãnh cho gói trái phiếu doanh nghiệp và triển khai phương án phát hành cổ phiếu ESOP như sau:,https://cafef.vn/du-lieu/NVL-515480/nvl-nghi-quyet-hdqt-thong-qua-cam-ket-bao-lanh-cho-goi-trai-phieu-doanh-nghiep-va-phat-hanh-cp-esop.chn,cafef
2022-01-11,NVL: Nghị quyết và Biên bản kiểm phiếu lấy ý kiến cổ đông bằng văn bản,Công ty Cổ phần Tập đoàn Đầu tư Địa ốc No Va&nbsp;thông báo&nbsp;Nghị quyết và Biên bản kiểm phiếu lấy ý kiến cổ đông bằng văn bản như sau:,https://cafef.vn/du-lieu/NVL-516797/nvl-nghi-quyet-va-bien-ban-kiem-phieu-lay-y-kien-co-dong-bang-van-ban.chn,cafef
2022-01-11,NVL: Đính chính báo cáo kết quả phát hành cổ phiếu để trả cổ tức số 421,Công ty Cổ phần Tập đoàn Đầu tư Địa ốc No Va&nbsp;thông báo đính chính báo cáo kết quả phát hành cổ phiếu để trả cổ tức số 421 như sau:,https://cafef.vn/du-lieu/NVL-516812/nvl-dinh-chinh-bao-cao-ket-qua-phat-hanh-co-phieu-de-tra-co-tuc-so-421.chn,cafef
2022-01-10,NVL: Thông báo chào bán trái phiếu ra công chúng,Công ty Cổ phần Tập đoàn Đầu tư Địa ốc No Va&nbsp;thông báo chào bán trái phiếu ra công chúng như sau:,https://cafef.vn/du-lieu/NVL-517877/nvl-thong-bao-chao-ban-trai-phieu-ra-cong-chung.chn,cafef
2022-01-07,NVL: Nghị quyết HĐQT v/v điều chỉnh giá chuyển đổi và tỷ lệ chuyển đổi trái phiếu chuyển đổi quốc tế,Công ty Cổ phần Tập đoàn Đầu tư Địa ốc No Va&nbsp;thông báo&nbsp;Nghị quyết HĐQT về việc điều chỉnh giá chuyển đổi và tỷ lệ chuyển đổi trái phiếu chuyển đổi quốc tế như sau:,https://cafef.vn/du-lieu/NVL-518585/nvl-nghi-quyet-hdqt-vv-dieu-chinh-gia-chuyen-doi-va-ty-le-chuyen-doi-trai-phieu-chuyen-doi-quoc-te.chn,cafef
2022-01-04,NVL: Nghị quyết HĐQT thông qua góp thêm vốn vào Công ty TNHH Đầu tưm PT Nhà ở và Hạ tầng Sài Gòn,Công ty Cổ phần Tập đoàn Đầu tư Địa ốc No Va&nbsp;thông báo&nbsp;Nghị quyết HĐQT về việc thông qua góp thêm vốn vào Công ty TNHH Đầu tưm PT Nhà ở và Hạ tầng Sài Gòn như sau:,https://cafef.vn/du-lieu/NVL-520796/nvl-nghi-quyet-hdqt-thong-qua-gop-them-von-vao-cong-ty-tnhh-dau-tum-pt-nha-o-va-ha-tang-sai-gon.chn,cafef
2026-06-03,"NVL: 10.6.2026, ngày GDKHQ thưởng cp (tỷ lệ 40:3)",Sở Giao dịch Chứng khoán Thành phố Hồ Chí Minh thông báo ngày ĐKCC nhận cổ phiếu phát hành do thực hiện tăng vốn cổ phần từ NVCSH của Công ty Cổ phần Tập đoàn Đầu tư Địa ốc No Va,https://cafef.vn/du-lieu/NVL-2900856/nvl-1062026-ngay-gdkhq-thuong-cp-ty-le-403.chn,cafef
2026-04-03,NVL: Đã phát hành 2.477.925 cp để chuyển đổi Trái phiếu,Công ty Cổ phần Tập đoàn Đầu tư Địa ốc No Va công bố Báo cáo kết quả chuyển đổi trái phiếu thành cổ phiếu,https://cafef.vn/du-lieu/NVL-2658766/nvl-da-phat-hanh-2477925-cp-de-chuyen-doi-trai-phieu.chn,cafef
2026-01-05,NVL: Số lượng cổ phiếu có quyền biểu quyết đang lưu hành là 2.232.018.549 cp,Công ty Cổ phần Tập đoàn Đầu tư Địa ốc No Va thông báo thay đổi số lượng cổ phiếu có quyền biểu quyết đang lưu hành,https://cafef.vn/du-lieu/NVL-2376866/nvl-so-luong-co-phieu-co-quyen-bieu-quyet-dang-luu-hanh-la-2232018549-cp.chn,cafef
2025-10-10,NVL: Đã phát hành 48.752.613 cp thưởng,Công ty Cổ phần Tập đoàn Đầu tư Địa ốc No Va công bố báo cáo kết quả phát hành cổ phiếu theo chương trình phát hành cổ phiếu thưởng cho người lao động,https://cafef.vn/du-lieu/NVL-2315666/nvl-da-phat-hanh-48752613-cp-thuong.chn,cafef
2022-11-24,NVL: Đã chuyển đổi trái phiếu thành 270.729 CP,Công ty Cổ phần Tập đoàn Đầu tư Địa ốc No Va&nbsp;báo cáo kết quả chuyển đổi trái phiếu thành CP như sau:,https://cafef.vn/du-lieu/NVL-360668/nvl-da-chuyen-doi-trai-phieu-thanh-270729-cp.chn,cafef
2022-10-14,"NVL: 11.11.2022, ngày GDKHQ phát hành cổ phiếu để tăng vốn cp từ nguồn vốn CSH (tỷ lệ 1:0.2475)",Sở Giao dịch Chứng khoán Thành phố Hồ Chí Minh thông báo&nbsp;ngày ĐKCC phát hành cổ phiếu để tăng vốn cổ phần từ nguồn vốn chủ sở hữu&nbsp;của&nbsp;Công ty Cổ phần Tập đoàn Đầu tư Địa ốc No Va như sau:,https://cafef.vn/du-lieu/NVL-380945/nvl-11112022-ngay-gdkhq-phat-hanh-co-phieu-de-tang-von-cp-tu-nguon-von-csh-ty-le-102475.chn,cafef
2022-10-07,"NVL: 17.10.2022, ngày GDKHQ phát hành cp để tăng vốn cổ phần từ nguồn vốn CSH (tỷ lệ 1:0.2475)",Sở Giao dịch Chứng khoán Thành phố Hồ Chí Minh thông báo&nbsp;ngày ĐKCC phát hành cổ phiếu để tăng vốn cổ phần từ nguồn vốn chủ sở hữu của&nbsp;Công ty Cổ phần Tập đoàn Đầu tư Địa ốc No Va như sau:,https://cafef.vn/du-lieu/NVL-383954/nvl-17102022-ngay-gdkhq-phat-hanh-cp-de-tang-von-co-phan-tu-nguon-von-csh-ty-le-102475.chn,cafef
2022-08-08,NVL: Báo cáo phát hành cổ phiếu để tăng vốn cổ phần từ nguồn vốn chủ sở hữu,Công ty Cổ phần Tập đoàn Đầu tư Địa ốc No Va công bố báo cáo phát hành cổ phiếu để tăng vốn cổ phần từ nguồn vốn chủ sở hữu như sau:,https://cafef.vn/du-lieu/NVL-413861/nvl-bao-cao-phat-hanh-co-phieu-de-tang-von-co-phan-tu-nguon-von-chu-so-huu.chn,cafef
2022-07-01,NVL: Đã chuyển đổi trái phiếu thành 54.145 cổ phiếu,Công ty Cổ phần Tập đoàn Đầu tư Địa ốc No Va công bố báo cáo kết quả chuyển đổi trái phiếu thành cổ phiếu như sau:,https://cafef.vn/du-lieu/NVL-437636/nvl-da-chuyen-doi-trai-phieu-thanh-54145-co-phieu.chn,cafef
2022-05-24,NVL: Đã chuyển đổi trái phiếu thành 54.145 cp,&nbsp;Công ty Cổ phần Tập đoàn Đầu tư Địa ốc No Va&nbsp;công bố&nbsp;Báo cáo kết quả chuyển đổi trái phiếu thành cổ phiếu như sau:,https://cafef.vn/du-lieu/NVL-1899844/nvl-da-chuyen-doi-trai-phieu-thanh-54145-cp.chn,cafef
2022-04-27,NVL: Báo cáo kết quả phát hành cổ phiếu theo chương trình lựa chọn cho người lao động,Công ty Cổ phần Tập đoàn Đầu tư Địa ốc No Va công bố&nbsp;Báo cáo kết quả phát hành cổ phiếu theo chương trình lựa chọn cho người lao động như sau:,https://cafef.vn/du-lieu/NVL-477698/nvl-bao-cao-ket-qua-phat-hanh-co-phieu-theo-chuong-trinh-lua-chon-cho-nguoi-lao-dong.chn,cafef
