date,title,description,url,source
2026-06-03,OCB: Thông báo công văn của NHNN về việc chấp thuận tăng vốn điều lệ cho OCB,Ngân hàng Thương mại Cổ phần Phương Đông thông báo công văn của NHNN về việc chấp thuận tăng vốn điều lệ cho OCB,https://cafef.vn/du-lieu/OCB-2901127/ocb-thong-bao-cong-van-cua-nhnn-ve-viec-chap-thuan-tang-von-dieu-le-cho-ocb.chn,cafef
2026-05-29,OCB: Nghị quyết HĐQT về việc thay đổi địa điểm trụ sở Phòng GD Nguyễn Văn Trỗi,Ngân hàng Thương mại Cổ phần Phương Đông thông báo Nghị quyết HĐQT về việc thay đổi địa điểm trụ sở Phòng GD Nguyễn Văn Trỗi,https://cafef.vn/du-lieu/OCB-2898105/ocb-nghi-quyet-hdqt-ve-viec-thay-doi-dia-diem-tru-so-phong-gd-nguyen-van-troi.chn,cafef
2026-04-24,"OCB: Nghị quyết HĐQT thông qua Phương án phát hành thành nhiều đợt Trái phiếu riêng lẻ, không chuyển đổi, không kèm chứng quyền",Ngân hàng Thương mại Cổ phần Phương Đông công bố Nghị quyết HĐQT số 45/2026 ngày 24/04/2026,https://cafef.vn/du-lieu/OCB-2675395/ocb-nghi-quyet-hdqt-thong-qua-phuong-an-phat-hanh-thanh-nhieu-dot-trai-phieu-rieng-le-khong-chuyen-doi-khong-kem-chung-quyen.chn,cafef
2026-04-24,OCB: Nghị quyết HĐQT triển khai thực hiện phương án tăng vốn điều lệ năm 2026 bằng hình thức phát hành cổ phiếu để tăng vốn cổ phần từ nguồn vốn chủ sở hữu,Ngân hàng Thương mại Cổ phần Phương Đông công bố Nghị quyết HĐQT số 46/2026 ngày 24/04/2026,https://cafef.vn/du-lieu/OCB-2675394/ocb-nghi-quyet-hdqt-trien-khai-thuc-hien-phuong-an-tang-von-dieu-le-nam-2026-bang-hinh-thuc-phat-hanh-co-phieu-de-tang-von-co-phan-tu-nguon-von-chu-so-huu.chn,cafef
2026-04-22,OCB ghi nhận lợi nhuận quý I/2026 tăng 37% so với cùng kỳ,"Quý I/2026, ngân hàng Phương Đông (Mã HOSE: OCB) ghi nhận lợi nhuận trước thuế đạt 1.224 tỷ đồng, tăng 37% so với cùng kỳ. Tăng trưởng tín dụng bền vững, cải thiện thu nhập ngoài lãi và kiểm soát chi phí hiệu quả đang tạo nền tảng cho ngân hàng bước vào chu kỳ tăng trưởng mới.",https://cafef.vn/ocb-ghi-nhan-loi-nhuan-quy-i2026-tang-37-so-voi-cung-ky-188260422173039517.chn,cafef
2026-04-22,OCB: Giải trình biến động LNST quý 1/2026 so với cùng kỳ năm trước,Ngân hàng Thương mại Cổ phần Phương Đông giải trình biến động LNST quý 1/2026 so với cùng kỳ năm trước,https://cafef.vn/du-lieu/OCB-2673096/ocb-giai-trinh-bien-dong-lnst-quy-12026-so-voi-cung-ky-nam-truoc.chn,cafef
2026-04-15,Vì sao OCB tự tin với kế hoạch tăng trưởng lợi nhuận 39% trong năm nay?,"Ban lãnh đạo OCB trả lời các câu hỏi ""nóng"" của cổ đông.",https://cafef.vn/vi-sao-ocb-tu-tin-voi-ke-hoach-tang-truong-loi-nhuan-39-trong-nam-nay-188260415111326856.chn,cafef
2026-04-15,"ĐHĐCĐ OCB: Mục tiêu lợi nhuận 2026 tăng 39% so với năm 2025, đạt 6.960 tỷ đồng; tăng vốn điều lệ lên trên 30.600 tỷ","Ngân hàng cũng đặt mục tiêu tổng tài sản tăng 10% so với số thực hiện cuối năm 2025, ước đạt 354.214 tỷ đồng trong năm 2026. Tổng huy động và tổng dư nợ thị trường 1 tăng lần lượt 14% và 15%.",https://cafef.vn/dhdcd-ocb-muc-tieu-loi-nhuan-2026-tang-39-so-voi-nam-2025-dat-6960-ty-dong-tang-von-dieu-le-len-tren-30600-ty-188260415091918272.chn,cafef
2026-04-15,OCB: Nghị quyết và Biên bản họp ĐHĐCĐ thường niên 2026,Ngân hàng Thương mại Cổ phần Phương Đông thông báo Nghị quyết và Biên bản họp ĐHĐCĐ thường niên 2026,https://cafef.vn/du-lieu/OCB-2667397/ocb-nghi-quyet-va-bien-ban-hop-dhdcd-thuong-nien-2026.chn,cafef
2026-04-13,OCB: Thông báo nhận được Công văn của NHNN Chi nhánh Khu vực 6 về việc thay đổi địa điểm Chi nhánh Hải Phòng - PGD Lê Chân,Ngân hàng Thương mại Cổ phần Phương Đông thông báo nhận được Công văn của NHNN Chi nhánh Khu vực 6 về việc thay đổi địa điểm Chi nhánh Hải Phòng - PGD Lê Chân,https://cafef.vn/du-lieu/OCB-2665469/ocb-thong-bao-nhan-duoc-cong-van-cua-nhnn-chi-nhanh-khu-vuc-6-ve-viec-thay-doi-dia-diem-chi-nhanh-hai-phong-pgd-le-chan.chn,cafef
2026-04-10,OCB: Nhắc nhở chậm công bố thông tin Báo cáo thường niên năm 2025,Sở Giao dịch Chứng khoán TP.HCM nhắc nhở chậm công bố thông tin Báo cáo thường niên năm 2025 đối với Ngân hàng Thương mại Cổ phần Phương Đông,https://cafef.vn/du-lieu/OCB-2663627/ocb-nhac-nho-cham-cong-bo-thong-tin-bao-cao-thuong-nien-nam-2025.chn,cafef
2026-04-08,OCB: Nghị quyết HĐQT số 40/2026 ngày 07/04/2026,Ngân hàng Thương mại Cổ phần Phương Đông công bố Nghị quyết HĐQT số 40/2026 ngày 07/04/2026,https://cafef.vn/du-lieu/OCB-2663161/ocb-nghi-quyet-hdqt-so-402026-ngay-07042026.chn,cafef
2026-03-24,"OCB đặt mục tiêu lợi nhuận tăng 39% trong năm 2026, dự kiến chia cổ phiếu thưởng tỷ lệ 15%","Ngân hàng TMCP Phương Đông (HOSE: OCB) vừa công bố tài liệu Đại hội đồng cổ đông (ĐHĐCĐ) thường niên 2026 với các tờ trình về: Kế hoạch kinh doanh, phân phối lợi nhuận, tăng vốn điều lệ và bầu bổ sung 1 thành viên HĐQT độc lập nhiệm kỳ 2026-2030.",https://cafef.vn/ocb-dat-muc-tieu-loi-nhuan-tang-39-trong-nam-2026-du-kien-chia-co-phieu-thuong-ty-le-15-188260324172834714.chn,cafef
2026-03-24,OCB: Tài liệu họp ĐHĐCĐ thường niên năm 2026,Ngân hàng Thương mại Cổ phần Phương Đông công bố tài liệu họp ĐHĐCĐ thường niên năm 2026,https://cafef.vn/du-lieu/OCB-2426206/ocb-tai-lieu-hop-dhdcd-thuong-nien-nam-2026.chn,cafef
2026-03-20,OCB: Nghị quyết HĐQT thông qua kế hoạch kinh doanh năm 2026,Ngân hàng Thương mại Cổ phần Phương Đông công bố Nghị quyết HĐQT thông qua kế hoạch kinh doanh năm 2026,https://cafef.vn/du-lieu/OCB-2423914/ocb-nghi-quyet-hdqt-thong-qua-ke-hoach-kinh-doanh-nam-2026.chn,cafef
2026-03-18,OCB: Giải trình biến động LNST năm 2025 sau kiểm toán so với cùng kỳ năm trước,Ngân hàng Thương mại Cổ phần Phương Đông giải trình biến động LNST năm 2025 sau kiểm toán so với cùng kỳ năm trước,https://cafef.vn/du-lieu/OCB-2422351/ocb-giai-trinh-bien-dong-lnst-nam-2025-sau-kiem-toan-so-voi-cung-ky-nam-truoc.chn,cafef
2026-03-05,OCB: Nghị quyết HĐQT về việc thay đổi địa điểm Phòng GD Lê Chân,Ngân hàng Thương mại Cổ phần Phương Đông thông báo Nghị quyết HĐQT về việc thay đổi địa điểm Phòng GD Lê Chân,https://cafef.vn/du-lieu/OCB-2412688/ocb-nghi-quyet-hdqt-ve-viec-thay-doi-dia-diem-phong-gd-le-chan.chn,cafef
2026-03-02,Hàng loạt ngân hàng ấn định lịch họp đại hội cổ đông năm 2026,"Mùa đại hội cổ đông năm 2026 đang đến gần, nhiều ngân hàng thương mại đã công bố kế hoạch chốt danh sách cổ đông và thời gian tổ chức đại hội đồng cổ đông thường niên (ĐHĐCĐ) năm 2026.",https://cafef.vn/hang-loat-ngan-hang-an-dinh-lich-hop-dai-hoi-co-dong-nam-2026-188260302120449237.chn,cafef
2026-02-13,"OCB: 13.3.2026, ngày GDKHQ tham dự ĐHĐCĐ thường niên năm 2026",Sở Giao dịch Chứng khoán TP.HCM thông báo về ngày đăng ký cuối cùng tham dự ĐHĐCĐ thường niên năm 2026 của Ngân hàng Thương mại Cổ phần Phương Đông,https://cafef.vn/du-lieu/OCB-2403097/ocb-1332026-ngay-gdkhq-tham-du-dhdcd-thuong-nien-nam-2026.chn,cafef
2026-02-11,OCB: Nghị quyết HĐQT về ngày ĐKCC chốt DSCĐ để thực hiện quyền tham dự ĐHĐCĐ thường niên 2026,Ngân hàng Thương mại Cổ phần Phương Đông thông báo Nghị quyết HĐQT về ngày ĐKCC chốt DSCĐ để thực hiện quyền tham dự ĐHĐCĐ TN 2026,https://cafef.vn/du-lieu/OCB-2401511/ocb-nghi-quyet-hdqt-ve-ngay-dkcc-chot-dscd-de-thuc-hien-quyen-tham-du-dhdcd-thuong-nien-2026.chn,cafef
2026-02-09,"OCB: Nghị quyết HĐQT thông qua các hợp đồng, giao dịch giữa OCB với ông Trịnh Văn Tuấn, người có liên quan của ông Trịnh Văn Tuấn",Ngân hàng Thương mại Cổ phần Phương Đông công bố Nghị quyết HĐQT số 13/2026 đến 21/2026 ngày 09/02/2026,https://cafef.vn/du-lieu/OCB-2400307/ocb-nghi-quyet-hdqt-thong-qua-cac-hop-dong-giao-dich-giua-ocb-voi-ong-trinh-van-tuan-nguoi-co-lien-quan-cua-ong-trinh-van-tuan.chn,cafef
2026-01-30,"Lợi nhuận trước thuế năm 2025 của OCB đạt 5.046 tỷ đồng, tăng gần 26%","Theo báo cáo tài chính quý 4 vừa được ngân hàng Phương Đông (Mã CK: OCB) công bố, lợi nhuận trước thuế năm 2025 đạt mức 5.046 tỷ đồng, tăng 25,9% so với năm 2024. Hoạt động kinh doanh cốt lõi tiếp tục giữ đà tăng trưởng tốt, đây được xem là bước đệm vững chắc để OCB tự tin bước vào giai đoạn 2026 - 2030 một cách mạnh mẽ và bền vững.",https://cafef.vn/loi-nhuan-truoc-thue-nam-2025-cua-ocb-dat-5046-ty-dong-tang-gan-26-188260130143208406.chn,cafef
2026-01-30,OCB: Giải trình biến động LNST trên BCTC quý 4/2025 so với cùng kỳ năm trước,Ngân hàng Thương mại Cổ phần Phương Đông thông báo giải trình biến động LNST trên BCTC quý 4/2025 so với cùng kỳ năm trước,https://cafef.vn/du-lieu/OCB-2393730/ocb-giai-trinh-bien-dong-lnst-tren-bctc-quy-42025-so-voi-cung-ky-nam-truoc.chn,cafef
2026-01-29,OCB: Báo cáo tình hình quản trị công ty năm 2025,Ngân hàng Thương mại Cổ phần Phương Đông công bố Báo cáo tình hình quản trị công ty năm 2025,https://cafef.vn/du-lieu/OCB-2392650/ocb-bao-cao-tinh-hinh-quan-tri-cong-ty-nam-2025.chn,cafef
2026-01-21,OCB: Nghị quyết HĐQT uỷ quyền cho Công ty TNHH MTV Quản lý nợ và Khai thác tài sản Ngân hàng Phương Đông,Ngân hàng Thương mại Cổ phần Phương Đông công bố Nghị quyết HĐQT số 08/2026 ngày 20/01/2026,https://cafef.vn/du-lieu/OCB-2387671/ocb-nghi-quyet-hdqt-uy-quyen-cho-cong-ty-tnhh-mtv-quan-ly-no-va-khai-thac-tai-san-ngan-hang-phuong-dong.chn,cafef
2025-12-22,OCB: Nghị quyết HĐQT về việc lựa chọn đơn vị kiểm toán BCTC 2026,Ngân hàng Thương mại Cổ phần Phương Đông thông báo Nghị quyết HĐQT về việc lựa chọn đơn vị kiểm toán BCTC 2026,https://cafef.vn/du-lieu/OCB-2367033/ocb-nghi-quyet-hdqt-ve-viec-lua-chon-don-vi-kiem-toan-bctc-2026.chn,cafef
2025-12-16,OCB: Thông báo công văn của NHNN về chấp thuận cho OCB thay đổi địa điểm Phòng Giao dịch Eatam,Ngân hàng Thương mại Cổ phần Phương Đông thông báo công văn của NHNN về chấp thuận cho OCB thay đổi địa điểm Phòng GD Eatam,https://cafef.vn/du-lieu/OCB-2362952/ocb-thong-bao-cong-van-cua-nhnn-ve-chap-thuan-cho-ocb-thay-doi-dia-diem-phong-giao-dich-eatam.chn,cafef
2025-12-09,OCB: Nghị quyết HĐQT về việc thay đổi địa điểm Chi nhánh Đắk Lắt - PGD Eatam,Ngân hàng Thương mại Cổ phần Phương Đông công bố Nghị quyết HĐQT về việc thay đổi địa điểm Chi nhánh Đắk Lắt - PGD Eatam,https://cafef.vn/du-lieu/OCB-2357601/ocb-nghi-quyet-hdqt-ve-viec-thay-doi-dia-diem-chi-nhanh-dak-lat-pgd-eatam.chn,cafef
2025-12-02,OCB: Thông báo công văn của NHNN về chấp thuận cho OCB thay đổi địa điểm Phòng GD Hoàng Văn Thụ,Ngân hàng Thương mại Cổ phần Phương Đông thông báo công văn của NHNN về chấp thuận cho OCB thay đổi địa điểm Phòng GD Hoàng Văn Thụ,https://cafef.vn/du-lieu/OCB-2352948/ocb-thong-bao-cong-van-cua-nhnn-ve-chap-thuan-cho-ocb-thay-doi-dia-diem-phong-gd-hoang-van-thu.chn,cafef
2025-11-26,OCB: Nghị quyết HĐQT về việc tăng vốn điều lệ công ty con,Ngân hàng Thương mại Cổ phần Phương Đông thông báo Nghị quyết HĐQT về việc tăng vốn điều lệ công ty con,https://cafef.vn/du-lieu/OCB-2348268/ocb-nghi-quyet-hdqt-ve-viec-tang-von-dieu-le-cong-ty-con.chn,cafef
2025-11-19,OCB: Nghị quyết HĐQT v/v thay đổi địa điểm Chi nhánh Phú Nhuận - PGD Hoàng Văn Thụ,Ngân hàng Thương mại Cổ phần Phương Đông công bố Nghị quyết HĐQT về việc thay đổi địa điểm Chi nhánh Phú Nhuận - PGD Hoàng Văn Thụ,https://cafef.vn/du-lieu/OCB-2343658/ocb-nghi-quyet-hdqt-vv-thay-doi-dia-diem-chi-nhanh-phu-nhuan-pgd-hoang-van-thu.chn,cafef
2025-10-31,OCB: Nghị quyết HĐQT thông qua phương án phát hành trái phiếu lần 2 năm 2025,Ngân hàng Thương mại Cổ phần Phương Đông thông báo Nghị quyết HĐQT về việc thông qua phương án phát hành trái phiếu lần 2 năm 2025,https://cafef.vn/du-lieu/OCB-2333970/ocb-nghi-quyet-hdqt-thong-qua-phuong-an-phat-hanh-trai-phieu-lan-2-nam-2025.chn,cafef
2025-10-28,"OCB đạt 1.538 tỷ đồng lợi nhuận quý 3/2025, tăng gấp 3 lần cùng kỳ","Ngân hàng TMCP Phương Đông (Mã CK: OCB) vừa công bố báo cáo tài chính quý 3/2025 với lợi nhuận trước thuế đạt 1.538 tỷ đồng, tăng gấp 3 lần so với cùng kỳ năm trước nhờ hoạt động kinh doanh cốt lõi tiếp tục tăng trưởng.",https://cafef.vn/ocb-dat-1538-ty-dong-loi-nhuan-quy-32025-tang-gap-3-lan-cung-ky-188251028175030254.chn,cafef
2025-10-28,OCB: Giải trình biến động LNST trên BCTC quý 3/2025 so với cùng kỳ năm trước,Ngân hàng Thương mại Cổ phần Phương Đông thông báo giải trình biến động LNST trên BCTC quý 3/2025 so với cùng kỳ năm trước,https://cafef.vn/du-lieu/OCB-2327599/ocb-giai-trinh-bien-dong-lnst-tren-bctc-quy-32025-so-voi-cung-ky-nam-truoc.chn,cafef
2025-10-14,OCB: Quyết định của HĐQT thông qua việc thay đổi địa chỉ đặt trụ sở Phòng giao dịch do thay đổi địa giới hành chính (lần 3),Ngân hàng Thương mại Cổ phần Phương Đông công bố Quyết định của HĐQT thông qua việc thay đổi địa chỉ đặt trụ sở Phòng giao dịch do thay đổi địa giới hành chính (lần 3),https://cafef.vn/du-lieu/OCB-2317210/ocb-quyet-dinh-cua-hdqt-thong-qua-viec-thay-doi-dia-chi-dat-tru-so-phong-giao-dich-do-thay-doi-dia-gioi-hanh-chinh-lan-3.chn,cafef
2025-10-08,OCB: Thông báo nhận được công văn của NHNN Chi nhánh Khu vực 2 về việc thay đổi địa điểm Chi nhánh Chợ Lớn - PGD Lý Thường Kiệt,Ngân hàng Thương mại Cổ phần Phương Đông thông báo nhận được công văn của NHNN Chi nhánh Khu vực 2 về việc thay đổi địa điểm Chi nhánh Chợ Lớn - PGD Lý Thường Kiệt,https://cafef.vn/du-lieu/OCB-2313528/ocb-thong-bao-nhan-duoc-cong-van-cua-nhnn-chi-nhanh-khu-vuc-2-ve-viec-thay-doi-dia-diem-chi-nhanh-cho-lon-pgd-ly-thuong-kiet.chn,cafef
2025-09-25,OCB: Nghị quyết HĐQT về việc thay đổi địa điểm Chi nhánh Chợ Lớn - PGD Lý Thường Kiệt,Ngân hàng Thương mại Cổ phần Phương Đông công bố Nghị quyết HĐQT về việc thay đổi địa điểm Chi nhánh Chợ Lớn - PGD Lý Thường Kiệt,https://cafef.vn/du-lieu/OCB-2303614/ocb-nghi-quyet-hdqt-ve-viec-thay-doi-dia-diem-chi-nhanh-cho-lon-pgd-ly-thuong-kiet.chn,cafef
2025-09-19,OCB: Quyết định của NHNN về việc sửa đổi nội dung về vốn điều lệ tại Giấy phép thành lập và hoạt động,Ngân hàng Thương mại Cổ phần Phương Đông công bố Quyết định của NHNN về việc sửa đổi nội dung về vốn điều lệ tại Giấy phép thành lập và hoạt động,https://cafef.vn/du-lieu/OCB-2300229/ocb-quyet-dinh-cua-nhnn-ve-viec-sua-doi-noi-dung-ve-von-dieu-le-tai-giay-phep-thanh-lap-va-hoat-dong.chn,cafef
2025-09-19,OCB: Điều lệ công ty 2025,Ngân hàng Thương mại Cổ phần Phương Đông công bố Điều lệ công ty,https://cafef.vn/du-lieu/OCB-2301719/ocb-dieu-le-cong-ty-2025.chn,cafef
2025-09-16,"OCB: Quyết định của HĐQT thông qua việc thay đổi địa chỉ đặt trụ sở Chi nhánh, Phòng giao dịch do thay đổi địa giới hành chính (lần 2)","Ngân hàng Thương mại Cổ phần Phương Đông công bố Quyết định của HĐQT thông qua việc thay đổi địa chỉ đặt trụ sở Chi nhánh, Phòng giao dịch do thay đổi địa giới hành chính (lần 2)",https://cafef.vn/du-lieu/OCB-2297930/ocb-quyet-dinh-cua-hdqt-thong-qua-viec-thay-doi-dia-chi-dat-tru-so-chi-nhanh-phong-giao-dich-do-thay-doi-dia-gioi-hanh-chinh-lan-2.chn,cafef
2025-09-04,OCB: Thông báo về việc nhận được công văn của UBCKNN về báo cáo kết quả phát hành cổ phiếu để tăng vốn cổ phần từ nguồn vốn chủ sở hữu,Ngân hàng Thương mại Cổ phần Phương Đông thông báo về việc nhận được công văn của UBCKNN về báo cáo kết quả phát hành cổ phiếu để tăng vốn cổ phần từ nguồn vốn chủ sở hữu,https://cafef.vn/du-lieu/OCB-2290881/ocb-thong-bao-ve-viec-nhan-duoc-cong-van-cua-ubcknn-ve-bao-cao-ket-qua-phat-hanh-co-phieu-de-tang-von-co-phan-tu-nguon-von-chu-so-huu.chn,cafef
2025-08-20,OCB: Nghị quyết HĐQT thông qua kết quả đợt phát hành cổ phiếu từ NVCSH,Ngân hàng Thương mại Cổ phần Phương Đông thông báo Nghị quyết HĐQT về việc thông qua kết quả đợt phát hành cổ phiếu từ NVCSH,https://cafef.vn/du-lieu/OCB-2279885/ocb-nghi-quyet-hdqt-thong-qua-ket-qua-dot-phat-hanh-co-phieu-tu-nvcsh.chn,cafef
2025-08-07,OCB: Nghị quyết HĐQT về việc chọn công ty kiểm toán báo cáo sử dụng vốn trái phiếu,Ngân hàng Thương mại Cổ phần Phương Đông công bố Nghị quyết HĐQT về việc chọn công ty kiểm toán báo cáo sử dụng vốn trái phiếu,https://cafef.vn/du-lieu/OCB-2268563/ocb-nghi-quyet-hdqt-ve-viec-chon-cong-ty-kiem-toan-bao-cao-su-dung-von-trai-phieu.chn,cafef
2025-08-07,OCB: Nghị quyết HĐQT thông qua giao dịch mua ngoại tệ chuyển lợi nhuận về nước của Aozora Bank tại OCB,Ngân hàng Thương mại Cổ phần Phương Đông công bố Nghị quyết HĐQT về việc thông qua giao dịch mua ngoại tệ chuyển lợi nhuận về nước của Aozora Bank tại OCB,https://cafef.vn/du-lieu/OCB-2268564/ocb-nghi-quyet-hdqt-thong-qua-giao-dich-mua-ngoai-te-chuyen-loi-nhuan-ve-nuoc-cua-aozora-bank-tai-ocb.chn,cafef
2025-08-05,OCB: Thông báo về việc nhận được Quyết định của NHNNVN về việc sửa đổi nội dung địa chỉ đặt trụ sở chính,Ngân hàng Thương mại Cổ phần Phương Đông thông báo về việc nhận được Quyết định của NHNNVN về việc sửa đổi nội dung địa chỉ đặt trụ sở chính,https://cafef.vn/du-lieu/OCB-2347409/ocb-thong-bao-ve-viec-nhan-duoc-quyet-dinh-cua-nhnnvn-ve-viec-sua-doi-noi-dung-dia-chi-dat-tru-so-chinh.chn,cafef
2025-07-30,"OCB: Lợi nhuận Quý 2 tiếp tục tăng trưởng, đạt 999 tỷ đồng, tập trung thúc đẩy tín dụng kinh tế tư nhân","Ngân hàng TMCP Phương Đông (mã OCB - sàn HOSE) vừa công bố báo cáo tài chính Quý 2/2025 với lợi nhuận trước thuế Quý 2 đạt 999 tỷ đồng, tăng 11,2% so với cùng kỳ năm trước.",https://cafef.vn/ocb-loi-nhuan-quy-2-tiep-tuc-tang-truong-dat-999-ty-dong-tap-trung-thuc-day-tin-dung-kinh-te-tu-nhan-188250730163955325.chn,cafef
2025-07-30,OCB: Báo cáo tình hình quản trị công ty 06 tháng đầu năm 2025,Ngân hàng Thương mại Cổ phần Phương Đông công bố báo cáo tình hình quản trị công ty 06 tháng đầu năm 2025,https://cafef.vn/du-lieu/OCB-2292951/ocb-bao-cao-tinh-hinh-quan-tri-cong-ty-06-thang-dau-nam-2025.chn,cafef
2025-07-30,OCB: Giải trình biến động LNST quý 2/2025 so với cùng kỳ năm trước,Ngân hàng Thương mại Cổ phần Phương Đông giải trình biến động LNST quý 2/2025 so với cùng kỳ năm trước,https://cafef.vn/du-lieu/OCB-2323635/ocb-giai-trinh-bien-dong-lnst-quy-22025-so-voi-cung-ky-nam-truoc.chn,cafef
2025-07-23,OCB: Nghị quyết HĐQT về ngày ĐKCC chốt DSCĐ để thực hiện quyền nhận cổ phiếu phát hành do thực hiện tăng vốn cổ phần từ NVCSH,Ngân hàng Thương mại Cổ phần Phương Đông thông báo Nghị quyết HĐQT về ngày ĐKCC chốt DSCĐ để thực hiện quyền nhận CP phát hành do thực hiện tăng vốn cổ phần từ NVCSH,https://cafef.vn/du-lieu/OCB-2254111/ocb-nghi-quyet-hdqt-ve-ngay-dkcc-chot-dscd-de-thuc-hien-quyen-nhan-co-phieu-phat-hanh-do-thuc-hien-tang-von-co-phan-tu-nvcsh.chn,cafef
2025-07-23,OCB: Thông báo chi trả cổ tức năm 2024 bằng tiền,Ngân hàng Thương mại Cổ phần Phương Đông thông báo chi trả cổ tức năm 2024 bằng tiền,https://cafef.vn/du-lieu/OCB-2254122/ocb-thong-bao-chi-tra-co-tuc-nam-2024-bang-tien.chn,cafef
2025-07-23,OCB: Thông báo phát hành cổ phiếu để tăng vốn cổ phần từ NVCSH,Ngân hàng Thương mại Cổ phần Phương Đông thông báo phát hành cổ phiếu để tăng vốn cổ phần từ NVCSH,https://cafef.vn/du-lieu/OCB-2254123/ocb-thong-bao-phat-hanh-co-phieu-de-tang-von-co-phan-tu-nvcsh.chn,cafef
2025-07-21,OCB: Thông báo nhận được công văn của NHNN Chi nhánh Khu vực 2 về việc thay đổi địa điểm Chi nhánh TP.HCM - PGD Minh Khai,Ngân hàng Thương mại Cổ phần Phương Đông thông báo nhận được công văn của NHNN Chi nhánh Khu vực 2 về việc thay đổi địa điểm Chi nhánh TP.HCM - PGD Minh Khai,https://cafef.vn/du-lieu/OCB-2251432/ocb-thong-bao-nhan-duoc-cong-van-cua-nhnn-chi-nhanh-khu-vuc-2-ve-viec-thay-doi-dia-diem-chi-nhanh-tphcm-pgd-minh-khai.chn,cafef
2025-07-18,OCB: Thông báo quyết định của NHNN về việc bổ sung nội dung hoạt động vào giấy phép hoạt động của OCB,Ngân hàng Thương mại Cổ phần Phương Đông thông báo quyết định của NHNN về việc bổ sung nội dung hoạt động vào giấy phép hoạt động của OCB,https://cafef.vn/du-lieu/OCB-2251070/ocb-thong-bao-quyet-dinh-cua-nhnn-ve-viec-bo-sung-noi-dung-hoat-dong-vao-giay-phep-hoat-dong-cua-ocb.chn,cafef
2025-07-11,OCB: Nghị quyết HĐQT về việc ủy quyền quyết định  một số vấn đề thuộc thẩm quyền của HĐQT,Ngân hàng Thương mại Cổ phần Phương Đông thông báo Nghị quyết HĐQT về việc ủy quyền quyết định  một số vấn đề thuộc thẩm quyền của HĐQT,https://cafef.vn/du-lieu/OCB-2245171/ocb-nghi-quyet-hdqt-ve-viec-uy-quyen-quyet-dinh-mot-so-van-de-thuoc-tham-quyen-cua-hdqt.chn,cafef
2025-07-11,"OCB: Quyết định của HĐQT thông qua thay đổi địa chỉ đặt trụ sở chính, trụ sở chi nhánh, phòng GD","Ngân hàng Thương mại Cổ phần Phương Đông thông báo Quyết định của HĐQT về việc thông qua thay đổi địa chỉ đặt trụ sở chính, trụ sở chi nhánh, phòng GD",https://cafef.vn/du-lieu/OCB-2245174/ocb-quyet-dinh-cua-hdqt-thong-qua-thay-doi-dia-chi-dat-tru-so-chinh-tru-so-chi-nhanh-phong-gd.chn,cafef
2025-07-11,OCB: Nghị quyết HĐQT về việc thay đổi chi nhánh TP.HCM - Phòng giao dịch Minh Khai,Ngân hàng Thương mại Cổ phần Phương Đông công bố Nghị quyết HĐQT về việc thay đổi chi nhánh TP.HCM - Phòng giao dịch Minh Khai,https://cafef.vn/du-lieu/OCB-2246494/ocb-nghi-quyet-hdqt-ve-viec-thay-doi-chi-nhanh-tphcm-phong-giao-dich-minh-khai.chn,cafef
2025-07-03,OCB: Nghị quyết HĐQT bổ sung nội dung hoạt động vào Giấy phép OCB,Ngân hàng Thương mại Cổ phần Phương Đông công bố Nghị quyết HĐQT về việc bổ sung nội dung hoạt động vào Giấy phép OCB,https://cafef.vn/du-lieu/OCB-2237794/ocb-nghi-quyet-hdqt-bo-sung-noi-dung-hoat-dong-vao-giay-phep-ocb.chn,cafef
2025-07-01,OCB: Nghị quyết HĐQT triển khai thực hiện chi trả cổ tức năm 2024 bằng tiền mặt,Ngân hàng Thương mại Cổ phần Phương Đông thông báo Nghị quyết HĐQT về việc triển khai thực hiện chi trả cổ tức năm 2024 bằng tiền mặt,https://cafef.vn/du-lieu/OCB-2235868/ocb-nghi-quyet-hdqt-trien-khai-thuc-hien-chi-tra-co-tuc-nam-2024-bang-tien-mat.chn,cafef
2025-06-30,OCB: Thông báo về việc nhận được công văn của NHNN về việc tăng vốn điều lệ năm 2025,Ngân hàng Thương mại Cổ phần Phương Đông thông báo về việc nhận được công văn của NHNN về việc tăng vốn điều lệ năm 2025,https://cafef.vn/du-lieu/OCB-2234642/ocb-thong-bao-ve-viec-nhan-duoc-cong-van-cua-nhnn-ve-viec-tang-von-dieu-le-nam-2025.chn,cafef
2025-06-27,OCB: Thông báo về việc ký hợp đồng kiểm toán BCTC năm 2025,Ngân hàng Thương mại Cổ phần Phương Đông thông báo về việc ký hợp đồng kiểm toán BCTC năm 2025,https://cafef.vn/du-lieu/OCB-2233144/ocb-thong-bao-ve-viec-ky-hop-dong-kiem-toan-bctc-nam-2025.chn,cafef
2025-06-12,"OCB: Thông báo tiêu chuẩn, điều kiện và các thủ tục đề cử, ứng cử để bầu làm Thành viên độc lập HĐQT","Ngân hàng Thương mại Cổ phần Phương Đông thông báo tiêu chuẩn, điều kiện và các thủ tục đề cử, ứng cử để bầu làm Thành viên độc lập HĐQT",https://cafef.vn/du-lieu/OCB-2220252/ocb-thong-bao-tieu-chuan-dieu-kien-va-cac-thu-tuc-de-cu-ung-cu-de-bau-lam-thanh-vien-doc-lap-hdqt.chn,cafef
2025-05-28,"OCB: 5.6.2025, ngày GDKHQ thực hiện quyền đề cử, úng cử nhân sự dự kiến bầu làm Thành viên độc lập HĐQT nhiệm kỳ 2025-2030","Sở Giao dịch Chứng khoán Thành phố Hồ Chí Minh thông báo ngày ĐKCC thực hiện quyền đề cử, úng cử nhân sự dự kiến bầu làm Thành viên độc lập HĐQT nhiệm kỳ 2025-2030 của Ngân hàng Thương mại Cổ phần Phương Đông",https://cafef.vn/du-lieu/OCB-2207870/ocb-562025-ngay-gdkhq-thuc-hien-quyen-de-cu-ung-cu-nhan-su-du-kien-bau-lam-thanh-vien-doc-lap-hdqt-nhiem-ky-20252030.chn,cafef
2025-05-28,OCB: Thông báo nhận được công văn của NHNN Chi nhánh Khu vực 8 về việc chấp thuận thay đổi địa điểm Chi nhánh Nghệ An,Ngân hàng Thương mại Cổ phần Phương Đông thông báo nhận được công văn của NHNN Chi nhánh Khu vực 8 về việc chấp thuận thay đổi địa điểm Chi nhánh Nghệ An,https://cafef.vn/du-lieu/OCB-2208493/ocb-thong-bao-nhan-duoc-cong-van-cua-nhnn-chi-nhanh-khu-vuc-8-ve-viec-chap-thuan-thay-doi-dia-diem-chi-nhanh-nghe-an.chn,cafef
2025-05-21,OCB: HĐQT thông qua việc thực hiện tăng vốn điều lệ năm 2025,Ngân hàng Thương mại Cổ phần Phương Đông thông báo HĐQT thông qua việc thực hiện tăng vốn điều lệ năm 2025,https://cafef.vn/du-lieu/OCB-2204180/ocb-hdqt-thong-qua-viec-thuc-hien-tang-von-dieu-le-nam-2025.chn,cafef
2025-05-21,"OCB: HĐQT thông qua ngày ĐKCC chốt danh sách cổ đông thực hiện quyền đề cử, ứng cử nhân sự làm Thành viên HĐQT",Ngân hàng Thương mại Cổ phần Phương Đông thông báo HĐQT thông qua ngày ĐKCC,https://cafef.vn/du-lieu/OCB-2204183/ocb-hdqt-thong-qua-ngay-dkcc-chot-danh-sach-co-dong-thuc-hien-quyen-de-cu-ung-cu-nhan-su-lam-thanh-vien-hdqt.chn,cafef
2025-05-05,OCB: Nghị quyết HĐQT về việc thay đổi địa điểm Chi nhánh Nghệ An,Ngân hàng Thương mại Cổ phần Phương Đông công bố Nghị quyết HĐQT về việc thay đổi địa điểm Chi nhánh Nghệ An,https://cafef.vn/du-lieu/OCB-2196247/ocb-nghi-quyet-hdqt-ve-viec-thay-doi-dia-diem-chi-nhanh-nghe-an.chn,cafef
2025-04-28,OCB: Giải trình biến động LNST BCTC quý 1/2025 so với cùng kỳ năm trước,Ngân hàng Thương mại Cổ phần Phương Đông giải trình biến động LNST BCTC quý 1/2025 so với cùng kỳ năm trước,https://cafef.vn/du-lieu/OCB-2195435/ocb-giai-trinh-bien-dong-lnst-bctc-quy-12025-so-voi-cung-ky-nam-truoc.chn,cafef
2025-04-23,OCB: Nghị quyết và Biên bản họp ĐHĐCĐ thường niên năm 2025,Ngân hàng Thương mại Cổ phần Phương Đông thông báo Nghị quyết và Biên bản họp ĐHĐCĐ thường niên năm 2025,https://cafef.vn/du-lieu/OCB-2186221/ocb-nghi-quyet-va-bien-ban-hop-dhdcd-thuong-nien-nam-2025.chn,cafef
2025-04-23,OCB: Nghị quyết HĐQT thông qua phương án phát hành lần 1 năm 2025,Ngân hàng Thương mại Cổ phần Phương Đông thông báo Nghị quyết HĐQT về việc thông qua phương án phát hành lần 1 năm 2025,https://cafef.vn/du-lieu/OCB-2186418/ocb-nghi-quyet-hdqt-thong-qua-phuong-an-phat-hanh-lan-1-nam-2025.chn,cafef
2025-04-22,"ĐHĐCĐ OCB: Tăng vốn điều lệ lên 26.631 tỷ đồng trong năm nay, thực hiện chia cổ tức tiền mặt","Năm 2025, OCB đặt mục tiêu tăng vốn điều lệ từ 24.658 tỷ đồng lên 26.631 tỷ đồng. Lợi nhuận trước thuế dự kiến đạt mức 5.338 tỷ đồng, tăng 33% so với năm 2024. Ngân hàng cũng đặt mục tiêu tổng tài sản tăng 13% so với số thực hiện cuối năm 2024, ước đạt 316.779 tỷ đồng trong năm 2025. Tổng huy động và tổng dư nợ thị trường 1 tăng lần lượt 14% và 16%; tỷ lệ nợ xấu duy trì dưới 3%.",https://cafef.vn/dhdcd-ocb-tang-von-dieu-le-len-26631-ty-dong-trong-nam-nay-thuc-hien-chia-co-tuc-tien-mat-188250422091844338.chn,cafef
2025-03-31,OCB: Tài liệu họp ĐHĐCĐ thường niên năm 2025,Ngân hàng Thương mại Cổ phần Phương Đông thông báo tài liệu họp ĐHĐCĐ thường niên năm 2025,https://cafef.vn/du-lieu/OCB-2161499/ocb-tai-lieu-hop-dhdcd-thuong-nien-nam-2025.chn,cafef
2025-03-31,OCB: Thông báo công văn của NHNN về việc chấp thuận cho OCB thay địa điểm Phòng giao dịch Uông Bí,Ngân hàng Thương mại Cổ phần Phương Đông thông báo công văn của NHNN về việc chấp thuận cho OCB thay địa điểm Phòng giao dịch Uông Bí,https://cafef.vn/du-lieu/OCB-2162306/ocb-thong-bao-cong-van-cua-nhnn-ve-viec-chap-thuan-cho-ocb-thay-dia-diem-phong-giao-dich-uong-bi.chn,cafef
2025-03-21,OCB: Công văn của NHNN Chi nhánh Khu vực 6 về việc chấp thuận thay đổi địa điểm PGD Cẩm Phả - Quảng Ninh,Ngân hàng Thương mại Cổ phần Phương Đông thông báo nhận được công văn của NHNN Chi nhánh Khu vực 6 về việc chấp thuận thay đổi địa điểm PGD Cẩm Phả - Quảng Ninh,https://cafef.vn/du-lieu/OCB-2155341/ocb-cong-van-cua-nhnn-chi-nhanh-khu-vuc-6-ve-viec-chap-thuan-thay-doi-dia-diem-pgd-cam-pha-quang-ninh.chn,cafef
2025-03-21,OCB: Nghị quyết HĐQT thông qua kế hoạch kinh doanh năm 2025,Ngân hàng Thương mại Cổ phần Phương Đông công bố Nghị quyết HĐQT về việc thông qua kế hoạch kinh doanh năm 2025,https://cafef.vn/du-lieu/OCB-2155361/ocb-nghi-quyet-hdqt-thong-qua-ke-hoach-kinh-doanh-nam-2025.chn,cafef
2025-03-20,"OCB công bố BCTC kiểm toán 2024, lợi nhuận trước thuế đạt 4.006 tỷ đồng","Ngân hàng TMCP Phương Đông (HOSE: OCB) vừa công bố báo cáo tài chính hợp nhất kiểm toán năm 2024, lợi nhuận trước thuế không thay đổi, đạt 4.006 tỷ đồng, duy trì tốc độ tăng trưởng tốt hoạt động kinh doanh cốt lõi, tạo nền tảng vững chắc để hoàn thành mục tiêu năm 2025.",https://cafef.vn/ocb-cong-bo-bctc-kiem-toan-2024-loi-nhuan-truoc-thue-dat-4006-ty-dong-188250320102759513.chn,cafef
2025-03-07,OCB: Nghị quyết HĐQT về việc thay đổi địa điểm trụ sở Phòng giao dịch Uông Bí,Ngân hàng Thương mại Cổ phần Phương Đông công bố Nghị quyết HĐQT về việc thay đổi địa điểm trụ sở Phòng giao dịch Uông Bí,https://cafef.vn/du-lieu/OCB-2145108/ocb-nghi-quyet-hdqt-ve-viec-thay-doi-dia-diem-tru-so-phong-giao-dich-uong-bi.chn,cafef
2025-03-07,OCB: Nghị quyết HĐQT về việc thay đổi địa điểm trụ sở Phòng giao dịch Cẩm Phả,Ngân hàng Thương mại Cổ phần Phương Đông công bố Nghị quyết HĐQT về việc thay đổi địa điểm trụ sở Phòng giao dịch Cẩm Phả,https://cafef.vn/du-lieu/OCB-2145109/ocb-nghi-quyet-hdqt-ve-viec-thay-doi-dia-diem-tru-so-phong-giao-dich-cam-pha.chn,cafef
2025-03-04,"OCB: 19.3.2025, ngày GDKHQ tham dự ĐHCĐ thường niên năm 2025",Sở Giao dịch Chứng khoán Thành phố Hồ Chí Minh thông báo ngày ĐKCC để thực hiện quyền tham dự ĐHCĐ thường niên năm 2025 của Ngân hàng Thương mại Cổ phần Phương Đông,https://cafef.vn/du-lieu/OCB-2142279/ocb-1932025-ngay-gdkhq-tham-du-dhcd-thuong-nien-nam-2025.chn,cafef
2025-02-26,OCB: Nghị quyết HĐQT thông qua ngày ĐKCC tổ chức họp ĐHĐCĐ thường niên 2025,Ngân hàng Thương mại Cổ phần Phương Đông thông báo Nghị quyết HĐQT về việc thông qua ngày ĐKCC tổ chức họp ĐHĐCĐ thường niên 2025,https://cafef.vn/du-lieu/OCB-2138090/ocb-nghi-quyet-hdqt-thong-qua-ngay-dkcc-to-chuc-hop-dhdcd-thuong-nien-2025.chn,cafef
2025-01-24,"OCB quay trở lại ""đường đua"", lợi nhuận quý 4/2024 tăng 230% so với quý 3","Ngân hàng TMCP Phương Đông (HOSE: OCB) vừa công bố kết quả kinh doanh quý 4 năm 2024 với lợi nhuận trước thuế đạt 1.453 tỷ đồng, mạnh mẽ chuyển đổi danh mục theo hướng phát triển bền vững.",https://cafef.vn/ocb-quay-tro-lai-duong-dua-loi-nhuan-quy-42024-tang-230-so-voi-quy-3-188250124161812818.chn,cafef
2025-01-24,OCB: Báo cáo tình hình quản trị công ty năm 2024,Ngân hàng Thương mại Cổ phần Phương Đông công bố Báo cáo tình hình quản trị công ty năm 2024,https://cafef.vn/du-lieu/OCB-2124468/ocb-bao-cao-tinh-hinh-quan-tri-cong-ty-nam-2024.chn,cafef
2025-01-24,OCB: Giải trình biến động LNST BCTC quý 4/2024 so với cùng kỳ năm trước,Ngân hàng Thương mại Cổ phần Phương Đông giải trình biến động LNST BCTC quý 4/2024 so với cùng kỳ năm trước,https://cafef.vn/du-lieu/OCB-2125730/ocb-giai-trinh-bien-dong-lnst-bctc-quy-42024-so-voi-cung-ky-nam-truoc.chn,cafef
2025-01-14,OCB: Thông báo nhận được công văn của NHNN Chi nhánh Cà Mau về việc chấp thuận thay đổi địa điểm trụ sở Chi nhánh Cà Mau - PGD Sông Đốc,Ngân hàng Thương mại Cổ phần Phương Đông thông báo nhận được công văn của NHNN Chi nhánh Cà Mau về việc chấp thuận thay đổi địa điểm trụ sở Chi nhánh Cà Mau - PGD Sông Đốc,https://cafef.vn/du-lieu/OCB-2114872/ocb-thong-bao-nhan-duoc-cong-van-cua-nhnn-chi-nhanh-ca-mau-ve-viec-chap-thuan-thay-doi-dia-diem-tru-so-chi-nhanh-ca-mau-pgd-song-doc.chn,cafef
2025-01-06,OCB: Nghị quyết HĐQT về việc thay đổi địa điểm trụ sở chi nhánh Lạng Sơn,Ngân hàng Thương mại Cổ phần Phương Đông thông báo Nghị quyết HĐQT về việc thay đổi địa điểm trụ sở chi nhánh Lạng Sơn,https://cafef.vn/du-lieu/OCB-2111314/ocb-nghi-quyet-hdqt-ve-viec-thay-doi-dia-diem-tru-so-chi-nhanh-lang-son.chn,cafef
2024-12-30,"OCB: Thông báo công văn của NHNN về việc chấp thuận cho OCB góp vốn, mua cổ phần để thành lập Công ty Quản lý nợ và Khai thác tài sản","Ngân hàng Thương mại Cổ phần Phương Đông thông báo công văn của NHNN về việc chấp thuận cho OCB góp vốn, mua cổ phần để thành lập Công ty Quản lý nợ và Khai thác tài sản",https://cafef.vn/du-lieu/OCB-2107236/ocb-thong-bao-cong-van-cua-nhnn-ve-viec-chap-thuan-cho-ocb-gop-von-mua-co-phan-de-thanh-lap-cong-ty-quan-ly-no-va-khai-thac-tai-san.chn,cafef
2024-12-30,OCB: Thông báo công văn của NHNN về việc chấp thuận cho OCB thay đổi địa điểm Phòng giao dịch Tân Châu,Ngân hàng Thương mại Cổ phần Phương Đông thông báo công văn của NHNN về việc chấp thuận cho OCB thay đổi địa điểm Phòng giao dịch Tân Châu,https://cafef.vn/du-lieu/OCB-2107253/ocb-thong-bao-cong-van-cua-nhnn-ve-viec-chap-thuan-cho-ocb-thay-doi-dia-diem-phong-giao-dich-tan-chau.chn,cafef
2024-12-27,OCB: Nghị quyết HĐQT về việc chọn đơn vị kiểm toán BCTC năm 2025,Ngân hàng Thương mại Cổ phần Phương Đông công bố Nghị quyết HĐQT về việc chọn đơn vị kiểm toán BCTC năm 2025,https://cafef.vn/du-lieu/OCB-2106290/ocb-nghi-quyet-hdqt-ve-viec-chon-don-vi-kiem-toan-bctc-nam-2025.chn,cafef
2024-12-24,OCB: Thông báo nhận được công văn của NHNN Chi nhánh TP. Đà Nẵng về việc thay đổi địa điểm Chi nhánh Trung Việt,Ngân hàng Thương mại Cổ phần Phương Đông thông báo nhận được công văn của NHNN Chi nhánh TP. Đà Nẵng về việc thay đổi địa điểm Chi nhánh Trung Việt,https://cafef.vn/du-lieu/OCB-2104302/ocb-thong-bao-nhan-duoc-cong-van-cua-nhnn-chi-nhanh-tp-da-nang-ve-viec-thay-doi-dia-diem-chi-nhanh-trung-viet.chn,cafef
2024-12-18,OCB: Nghị quyết HĐQT về việc thay đổi địa điểm trụ sở Chi nhánh Trung Việt,Ngân hàng Thương mại Cổ phần Phương Đông công bố Nghị quyết HĐQT về việc thay đổi địa điểm trụ sở Chi nhánh Trung Việt,https://cafef.vn/du-lieu/OCB-2101226/ocb-nghi-quyet-hdqt-ve-viec-thay-doi-dia-diem-tru-so-chi-nhanh-trung-viet.chn,cafef
2024-12-18,OCB: Nghị quyết HĐQT về việc thay đổi địa điểm trụ sở Chi nhánh An Giang - PGD Tân Châu,Ngân hàng Thương mại Cổ phần Phương Đông công bố Nghị quyết HĐQT về việc thay đổi địa điểm trụ sở Chi nhánh An Giang - PGD Tân Châu,https://cafef.vn/du-lieu/OCB-2101227/ocb-nghi-quyet-hdqt-ve-viec-thay-doi-dia-diem-tru-so-chi-nhanh-an-giang-pgd-tan-chau.chn,cafef
2024-12-18,OCB: Nghị quyết HĐQT về việc thay đổi địa điểm trụ sở Chi nhánh Cà Mau - PGD Sông Đốc,Ngân hàng Thương mại Cổ phần Phương Đông công bố Nghị quyết HĐQT về việc thay đổi địa điểm trụ sở Chi nhánh Cà Mau - PGD Sông Đốc,https://cafef.vn/du-lieu/OCB-2101228/ocb-nghi-quyet-hdqt-ve-viec-thay-doi-dia-diem-tru-so-chi-nhanh-ca-mau-pgd-song-doc.chn,cafef
2024-12-16,OCB: Thông báo nhận được công văn của NHNN Chi nhánh TP. Hà Nội về việc thay đổi địa điểm Chi nhánh Hà Thành - PGD Trung Hòa,Ngân hàng Thương mại Cổ phần Phương Đông thông báo nhận được công văn của NHNN Chi nhánh TP. Hà Nội về việc thay đổi địa điểm Chi nhánh Hà Thành - PGD Trung Hòa,https://cafef.vn/du-lieu/OCB-2100007/ocb-thong-bao-nhan-duoc-cong-van-cua-nhnn-chi-nhanh-tp-ha-noi-ve-viec-thay-doi-dia-diem-chi-nhanh-ha-thanh-pgd-trung-hoa.chn,cafef
2024-12-16,OCB: Thông báo nhận được công văn của NHNN Chi nhánh TP. Hà Nội về việc thay đổi địa điểm Chi nhánh Linh Đàm - PGD Xuân Đỉnh,Ngân hàng Thương mại Cổ phần Phương Đông thông báo nhận được công văn của NHNN Chi nhánh TP. Hà Nội về việc thay đổi địa điểm Chi nhánh Linh Đàm - PGD Xuân Đỉnh,https://cafef.vn/du-lieu/OCB-2100008/ocb-thong-bao-nhan-duoc-cong-van-cua-nhnn-chi-nhanh-tp-ha-noi-ve-viec-thay-doi-dia-diem-chi-nhanh-linh-dam-pgd-xuan-dinh.chn,cafef
2024-12-16,OCB: Thông báo nhận được công văn của NHNN Chi nhánh TP. Hà Nội về việc thay đổi địa điểm Chi nhánh Long Biên - PGD Tây Hồ,Ngân hàng Thương mại Cổ phần Phương Đông thông báo nhận được công văn của NHNN Chi nhánh TP. Hà Nội về việc thay đổi địa điểm Chi nhánh Long Biên - PGD Tây Hồ,https://cafef.vn/du-lieu/OCB-2100044/ocb-thong-bao-nhan-duoc-cong-van-cua-nhnn-chi-nhanh-tp-ha-noi-ve-viec-thay-doi-dia-diem-chi-nhanh-long-bien-pgd-tay-ho.chn,cafef
2024-12-16,OCB: Thông báo nhận được công văn của NHNN Chi nhánh TP. Hà Nội về việc thay đổi địa điểm Chi nhánh Linh Đàm - PGD Tây Mỗ,Ngân hàng Thương mại Cổ phần Phương Đông thông báo nhận được công văn của NHNN Chi nhánh TP. Hà Nội về việc thay đổi địa điểm Chi nhánh Linh Đàm - PGD Tây Mỗ,https://cafef.vn/du-lieu/OCB-2100045/ocb-thong-bao-nhan-duoc-cong-van-cua-nhnn-chi-nhanh-tp-ha-noi-ve-viec-thay-doi-dia-diem-chi-nhanh-linh-dam-pgd-tay-mo.chn,cafef
2024-11-27,OCB: Công văn của NHNN về việc chấp thuận cho OCB thay địa điểm Phòng giao dịch Bảo Lộc,Ngân hàng Thương mại Cổ phần Phương Đông thông báo công văn của NHNN về việc chấp thuận cho OCB thay địa điểm Phòng giao dịch Bảo Lộc,https://cafef.vn/du-lieu/OCB-2090762/ocb-cong-van-cua-nhnn-ve-viec-chap-thuan-cho-ocb-thay-dia-diem-phong-giao-dich-bao-loc.chn,cafef
2024-11-15,OCB: Nghị quyết HĐQT về nội dung liên quan việc tăng vốn điều lệ OCB năm 2024,Ngân hàng Thương mại Cổ phần Phương Đông thông báo Nghị quyết HĐQT về nội dung liên quan việc tăng vốn điều lệ OCB năm 2024,https://cafef.vn/du-lieu/OCB-2085126/ocb-nghi-quyet-hdqt-ve-noi-dung-lien-quan-viec-tang-von-dieu-le-ocb-nam-2024.chn,cafef
2024-11-12,OCB: Biên bản kiểm phiếu và Nghị quyết ĐHĐCĐ lấy ý kiến bằng văn bản,Ngân hàng Thương mại Cổ phần Phương Đông công bố Biên bản kiểm phiếu và Nghị quyết ĐHĐCĐ lấy ý kiến bằng văn bản,https://cafef.vn/du-lieu/OCB-2083726/ocb-bien-ban-kiem-phieu-va-nghi-quyet-dhdcd-lay-y-kien-bang-van-ban.chn,cafef
2024-11-11,OCB: Nghị quyết HĐQT về việc thay đổi địa điểm Phòng giao dịch Tây Hồ - Chi nhánh Long Biên,Ngân hàng Thương mại Cổ phần Phương Đông thông báo Nghị quyết HĐQT về việc thay đổi địa điểm Phòng giao dịch Tây Hồ - Chi nhánh Long Biên,https://cafef.vn/du-lieu/OCB-2082832/ocb-nghi-quyet-hdqt-ve-viec-thay-doi-dia-diem-phong-giao-dich-tay-ho-chi-nhanh-long-bien.chn,cafef
2024-11-11,OCB: Nghị quyết HĐQT về việc thay đổi địa điểm Phòng giao dịch Tây Mỗ - Chi nhánh Linh Đàm,Ngân hàng Thương mại Cổ phần Phương Đông thông báo Nghị quyết HĐQT về việc thay đổi địa điểm Phòng giao dịch Tây Mỗ - Chi nhánh Linh Đàm,https://cafef.vn/du-lieu/OCB-2082834/ocb-nghi-quyet-hdqt-ve-viec-thay-doi-dia-diem-phong-giao-dich-tay-mo-chi-nhanh-linh-dam.chn,cafef
2024-11-11,OCB: Nghị quyết HĐQT về việc thay đổi địa điểm Phòng giao dịch Trung Hòa - Chi nhánh Hà Thành,Ngân hàng Thương mại Cổ phần Phương Đông thông báo Nghị quyết HĐQT về việc thay đổi địa điểm Phòng giao dịch Trung Hòa - Chi nhánh Hà Thành,https://cafef.vn/du-lieu/OCB-2082836/ocb-nghi-quyet-hdqt-ve-viec-thay-doi-dia-diem-phong-giao-dich-trung-hoa-chi-nhanh-ha-thanh.chn,cafef
2024-11-11,OCB: Nghị quyết HĐQT về việc thay đổi địa điểm Phòng giao dịch Xuân Đỉnh - Chi nhánh Linh Đàm,Ngân hàng Thương mại Cổ phần Phương Đông thông báo Nghị quyết HĐQT về việc thay đổi địa điểm Phòng giao dịch Xuân Đỉnh - Chi nhánh Linh Đàm,https://cafef.vn/du-lieu/OCB-2082838/ocb-nghi-quyet-hdqt-ve-viec-thay-doi-dia-diem-phong-giao-dich-xuan-dinh-chi-nhanh-linh-dam.chn,cafef
2024-11-08,"OCB: Công văn của NHNN về việc chấp thuận cho OCB khai trương, thay địa điểm Phòng giao dịch Chư Sê","Ngân hàng Thương mại Cổ phần Phương Đông thông báo công văn của NHNN về việc chấp thuận cho OCB khai trương, thay địa điểm Phòng giao dịch Chư Sê",https://cafef.vn/du-lieu/OCB-2081649/ocb-cong-van-cua-nhnn-ve-viec-chap-thuan-cho-ocb-khai-truong-thay-dia-diem-phong-giao-dich-chu-se.chn,cafef
2024-11-05,OCB: Nghị quyết HĐQT về việc thông qua phương án phát hành trái phiếu lần 2 năm 2024,Ngân hàng Thương mại Cổ phần Phương Đông thông báo Nghị quyết HĐQT về việc thông qua phương án phát hành trái phiếu lần 2 năm 2024,https://cafef.vn/du-lieu/OCB-2079618/ocb-nghi-quyet-hdqt-ve-viec-thong-qua-phuong-an-phat-hanh-trai-phieu-lan-2-nam-2024.chn,cafef
2024-11-01,OCB: Điều lệ công ty 2024,Ngân hàng Thương mại Cổ phần Phương Đông thông báo Điều lệ công ty,https://cafef.vn/du-lieu/OCB-2078693/ocb-dieu-le-cong-ty-2024.chn,cafef
2024-10-30,OCB: Thông báo Quyết định của NHNNVN về việc sửa đổi nội dung về vốn điều lệ tại Giấy phép hoạt động của OCB,Ngân hàng Thương mại Cổ phần Phương Đông thông báo Quyết định của NHNNVN về việc sửa đổi nội dung về vốn điều lệ tại Giấy phép hoạt động của OCB,https://cafef.vn/du-lieu/OCB-2077034/ocb-thong-bao-quyet-dinh-cua-nhnnvn-ve-viec-sua-doi-noi-dung-ve-von-dieu-le-tai-giay-phep-hoat-dong-cua-ocb.chn,cafef
2024-10-28,OCB: Giải trình biến động LNST BCTC quý 3/2024 so với cùng kỳ năm trước,Ngân hàng Thương mại Cổ phần Phương Đông giải trình biến động LNST BCTC quý 3/2024 so với cùng kỳ năm trước,https://cafef.vn/du-lieu/OCB-2076493/ocb-giai-trinh-bien-dong-lnst-bctc-quy-32024-so-voi-cung-ky-nam-truoc.chn,cafef
2024-10-17,OCB: Thông báo tài liệu lấy ý kiến cổ đông bằng văn bản,Ngân hàng Thương mại Cổ phần Phương Đông thông báo tài liệu lấy ý kiến cổ đông bằng văn bản,https://cafef.vn/du-lieu/OCB-2070678/ocb-thong-bao-tai-lieu-lay-y-kien-co-dong-bang-van-ban.chn,cafef
2024-10-14,OCB: Thông báo công văn của NHNN về việc chấp thuận cho OCB thay đổi địa điểm Phòng giao dịch Diễn Châu,Ngân hàng Thương mại Cổ phần Phương Đông thông báo công văn của NHNN về việc chấp thuận cho OCB thay đổi địa điểm Phòng giao dịch Diễn Châu,https://cafef.vn/du-lieu/OCB-2068998/ocb-thong-bao-cong-van-cua-nhnn-ve-viec-chap-thuan-cho-ocb-thay-doi-dia-diem-phong-giao-dich-dien-chau.chn,cafef
2024-10-10,OCB: Nghị quyết HĐQT về việc thay đổi địa điểm trụ sở phòng giao dịch Bảo Lộc,Ngân hàng Thương mại Cổ phần Phương Đông thông báo Nghị quyết HĐQT về việc thay đổi địa điểm trụ sở phòng giao dịch Bảo Lộc,https://cafef.vn/du-lieu/OCB-2066932/ocb-nghi-quyet-hdqt-ve-viec-thay-doi-dia-diem-tru-so-phong-giao-dich-bao-loc.chn,cafef
2024-10-09,OCB: Thông báo nhận được công văn của NHNN Chi nhánh tỉnh Nam Định về việc chấp thuận thay đổi địa điểm trụ sở PGD Ý Yên và PGD Hải Hậu - Chi nhánh Nam Định,Ngân hàng Thương mại Cổ phần Phương Đông thông báo nhận được công văn của NHNN Chi nhánh tỉnh Nam Định về việc chấp thuận thay đổi địa điểm trụ sở PGD Ý Yên và PGD Hải Hậu - Chi nhánh Nam Định,https://cafef.vn/du-lieu/OCB-2066691/ocb-thong-bao-nhan-duoc-cong-van-cua-nhnn-chi-nhanh-tinh-nam-dinh-ve-viec-chap-thuan-thay-doi-dia-diem-tru-so-pgd-y-yen-va-pgd-hai-hau-chi-nhanh-nam-dinh.chn,cafef
2024-09-30,OCB: Thông báo nhận được công văn của NHNN Chi nhánh tỉnh Bình Định về việc chấp thuận thay đổi địa điểm Phòng giao dịch An Nhơn - Chi nhánh Bình Định,Ngân hàng Thương mại Cổ phần Phương Đông thông báo nhận được công văn của NHNN Chi nhánh tỉnh Bình Định về việc chấp thuận thay đổi địa điểm Phòng giao dịch An Nhơn - Chi nhánh Bình Định,https://cafef.vn/du-lieu/OCB-2061706/ocb-thong-bao-nhan-duoc-cong-van-cua-nhnn-chi-nhanh-tinh-binh-dinh-ve-viec-chap-thuan-thay-doi-dia-diem-phong-giao-dich-an-nhon-chi-nhanh-binh-dinh.chn,cafef
2024-09-30,OCB: Nghị quyết HĐQT về việc thay đổi địa điểm Phòng giao dịch Diễn Châu - Chi nhánh Nghệ An,Ngân hàng Thương mại Cổ phần Phương Đông thông báo Nghị quyết HĐQT về việc thay đổi địa điểm Phòng giao dịch Diễn Châu - Chi nhánh Nghệ An,https://cafef.vn/du-lieu/OCB-2061776/ocb-nghi-quyet-hdqt-ve-viec-thay-doi-dia-diem-phong-giao-dich-dien-chau-chi-nhanh-nghe-an.chn,cafef
2024-09-27,OCB: Thông báo nhận được công văn của NHNN Chi nhánh tỉnh Quảng Bình về việc chấp thuận thay đổi địa điểm hoạt động của Chi nhánh Quảng Bình,Ngân hàng Thương mại Cổ phần Phương Đông thông báo nhận được công văn của NHNN Chi nhánh tỉnh Quảng Bình về việc chấp thuận thay đổi địa điểm hoạt động của Chi nhánh Quảng Bình,https://cafef.vn/du-lieu/OCB-2060315/ocb-thong-bao-nhan-duoc-cong-van-cua-nhnn-chi-nhanh-tinh-quang-binh-ve-viec-chap-thuan-thay-doi-dia-diem-hoat-dong-cua-chi-nhanh-quang-binh.chn,cafef
2024-09-27,OCB: Nghị quyết HĐQT về việc thay đổi địa điểm trụ sở Phòng giao dịch Chư Sê,Ngân hàng Thương mại Cổ phần Phương Đông thông báo Nghị quyết HĐQT về việc thay đổi địa điểm trụ sở Phòng giao dịch Chư Sê,https://cafef.vn/du-lieu/OCB-2060323/ocb-nghi-quyet-hdqt-ve-viec-thay-doi-dia-diem-tru-so-phong-giao-dich-chu-se.chn,cafef
2024-09-27,OCB: Thông báo nhận được công văn của NHNN Chi nhánh Ninh Bình về việc chấp thuận thay đổi địa điểm đặt trụ sở hoạt động của PGD Kim Sơn,Ngân hàng Thương mại Cổ phần Phương Đông thông báo nhận được công văn của NHNN Chi nhánh Ninh Bình về việc chấp thuận thay đổi địa điểm đặt trụ sở hoạt động của PGD Kim Sơn,https://cafef.vn/du-lieu/OCB-2060351/ocb-thong-bao-nhan-duoc-cong-van-cua-nhnn-chi-nhanh-ninh-binh-ve-viec-chap-thuan-thay-doi-dia-diem-dat-tru-so-hoat-dong-cua-pgd-kim-son.chn,cafef
2024-09-26,"OCB: 10.10.2024, ngày GDKHQ lấy ý kiến cổ đông bằng văn bản - Đề cử, ứng cử nhân sự dự kiến bầu làm thành viên HĐQT, thành viên BKS","Sở Giao dịch Chứng khoán TP.HCM thông báo về ngày đăng ký cuối cùng lấy ý kiến cổ đông bằng văn bản - Đề cử, ứng cử nhân sự dự kiến bầu làm thành viên HĐQT, thành viên BKS của Ngân hàng Thương mại Cổ phần Phương Đông",https://cafef.vn/du-lieu/OCB-2059705/ocb-10102024-ngay-gdkhq-lay-y-kien-co-dong-bang-van-ban-de-cu-ung-cu-nhan-su-du-kien-bau-lam-thanh-vien-hdqt-thanh-vien-bks.chn,cafef
2024-09-26,OCB: Nghị quyết HĐQT về việc thành lập 05 chi nhánh,Ngân hàng Thương mại Cổ phần Phương Đông thông báo Nghị quyết HĐQT về việc thành lập 05 chi nhánh,https://cafef.vn/du-lieu/OCB-2060378/ocb-nghi-quyet-hdqt-ve-viec-thanh-lap-05-chi-nhanh.chn,cafef
2024-09-26,OCB: Nghị quyết HĐQT về việc thành lập 06 Phòng giao dịch,Ngân hàng Thương mại Cổ phần Phương Đông thông báo Nghị quyết HĐQT về việc thành lập 06 Phòng giao dịch,https://cafef.vn/du-lieu/OCB-2060379/ocb-nghi-quyet-hdqt-ve-viec-thanh-lap-06-phong-giao-dich.chn,cafef
2024-09-25,"OCB: Thông báo nhận được công văn của NHNN Chi nhánh tỉnh Gia Lai về việc chấp thuận khai trương, đổi tên và thay đổi địa điểm hoạt động của PGD Đak Đoa","Ngân hàng Thương mại Cổ phần Phương Đông thông báo nhận được công văn của NHNN Chi nhánh tỉnh Gia Lai về việc chấp thuận khai trương, đổi tên và thay đổi địa điểm hoạt động của PGD Đak Đoa",https://cafef.vn/du-lieu/OCB-2059436/ocb-thong-bao-nhan-duoc-cong-van-cua-nhnn-chi-nhanh-tinh-gia-lai-ve-viec-chap-thuan-khai-truong-doi-ten-va-thay-doi-dia-diem-hoat-dong-cua-pgd-dak-doa.chn,cafef
2024-09-20,OCB: Thông báo công văn của NHNN về việc chấp thuận cho OCB thay địa điểm Phòng giao dịch Văn Phú,Ngân hàng Thương mại Cổ phần Phương Đông thông báo công văn của NHNN về việc chấp thuận cho OCB thay địa điểm Phòng giao dịch Văn Phú,https://cafef.vn/du-lieu/OCB-2056556/ocb-thong-bao-cong-van-cua-nhnn-ve-viec-chap-thuan-cho-ocb-thay-dia-diem-phong-giao-dich-van-phu.chn,cafef
2024-09-20,OCB: Thông báo công văn của NHNN về việc chấp thuận cho OCB thay địa điểm Chi nhánh Lào Cai,Ngân hàng Thương mại Cổ phần Phương Đông thông báo công văn của NHNN về việc chấp thuận cho OCB thay địa điểm Chi nhánh Lào Cai,https://cafef.vn/du-lieu/OCB-2056557/ocb-thong-bao-cong-van-cua-nhnn-ve-viec-chap-thuan-cho-ocb-thay-dia-diem-chi-nhanh-lao-cai.chn,cafef
2024-09-19,OCB: Nghị quyết HĐQT về ngày đăng ký cuối cùng chốt danh sách cổ đông lấy ý kiến bằng văn bản,Ngân hàng Thương mại Cổ phần Phương Đông thông báo Nghị quyết HĐQT về ngày đăng ký cuối cùng chốt danh sách cổ đông lấy ý kiến bằng văn bản,https://cafef.vn/du-lieu/OCB-2056248/ocb-nghi-quyet-hdqt-ve-ngay-dang-ky-cuoi-cung-chot-danh-sach-co-dong-lay-y-kien-bang-van-ban.chn,cafef
2024-09-18,OCB: Thông báo nhận được công văn của NHNN về việc chấp thuận thay đổi địa điểm trụ sở Chi nhánh Phú Thọ,Ngân hàng Thương mại Cổ phần Phương Đông thông báo nhận được công văn của NHNN về việc chấp thuận thay đổi địa điểm trụ sở Chi nhánh Phú Thọ,https://cafef.vn/du-lieu/OCB-2055579/ocb-thong-bao-nhan-duoc-cong-van-cua-nhnn-ve-viec-chap-thuan-thay-doi-dia-diem-tru-so-chi-nhanh-phu-tho.chn,cafef
2024-09-17,OCB: Nghị quyết HĐQT về việc thay đổi địa điểm trụ sở Phòng giao dịch Hải Hậu,Ngân hàng Thương mại Cổ phần Phương Đông thông báo Nghị quyết HĐQT về việc thay đổi địa điểm trụ sở Phòng giao dịch Hải Hậu,https://cafef.vn/du-lieu/OCB-2055597/ocb-nghi-quyet-hdqt-ve-viec-thay-doi-dia-diem-tru-so-phong-giao-dich-hai-hau.chn,cafef
2024-09-17,OCB: Nghị quyết HĐQT về việc thay đổi địa điểm trụ sở Phòng giao dịch Kim Sơn,Ngân hàng Thương mại Cổ phần Phương Đông thông báo Nghị quyết HĐQT về việc thay đổi địa điểm trụ sở Phòng giao dịch Kim Sơn,https://cafef.vn/du-lieu/OCB-2055599/ocb-nghi-quyet-hdqt-ve-viec-thay-doi-dia-diem-tru-so-phong-giao-dich-kim-son.chn,cafef
2024-09-17,OCB: Nghị quyết HĐQT về việc thay đổi địa điểm trụ sở Phòng giao dịch Ý Yên,Ngân hàng Thương mại Cổ phần Phương Đông thông báo Nghị quyết HĐQT về việc thay đổi địa điểm trụ sở Phòng giao dịch Ý Yên,https://cafef.vn/du-lieu/OCB-2055602/ocb-nghi-quyet-hdqt-ve-viec-thay-doi-dia-diem-tru-so-phong-giao-dich-y-yen.chn,cafef
2024-09-17,OCB: Nghị quyết HĐQT về việc thay đổi địa điểm trụ sở Phòng giao dịch An Nhơn,Ngân hàng Thương mại Cổ phần Phương Đông thông báo Nghị quyết HĐQT về việc thay đổi địa điểm trụ sở Phòng giao dịch An Nhơn,https://cafef.vn/du-lieu/OCB-2055610/ocb-nghi-quyet-hdqt-ve-viec-thay-doi-dia-diem-tru-so-phong-giao-dich-an-nhon.chn,cafef
2024-09-16,OCB: Nghị quyết HĐQT về việc thành lập Công ty Quản lý nợ và Khai thác Tài sản Ngân hàng Phương Đông,Ngân hàng Thương mại Cổ phần Phương Đông thông báo Nghị quyết HĐQT về việc thành lập Công ty Quản lý nợ và Khai thác Tài sản NH Phương Đông,https://cafef.vn/du-lieu/OCB-2054469/ocb-nghi-quyet-hdqt-ve-viec-thanh-lap-cong-ty-quan-ly-no-va-khai-thac-tai-san-ngan-hang-phuong-dong.chn,cafef
2024-09-12,OCB: Công văn của NHNN chấp thuận việc thay đổi địa điểm Trụ sở Chi nhánh Đắk Nông,Ngân hàng Thương mại Cổ phần Phương Đông công bố công văn của NHNN chấp thuận việc thay đổi địa điểm Trụ sở Chi nhánh Đắk Nông,https://cafef.vn/du-lieu/OCB-2053103/ocb-cong-van-cua-nhnn-chap-thuan-viec-thay-doi-dia-diem-tru-so-chi-nhanh-dak-nong.chn,cafef
2024-09-11,OCB: Nghị quyết HĐQT thông qua kết quả phát hành và xử lý cổ phần lẻ phát sinh trong đợt PHCP để trả cổ tức,Ngân hàng Thương mại Cổ phần Phương Đông thông báo Nghị quyết HĐQT về việc thông qua kết quả phát hành và xử lý cổ phần lẻ phát sinh trong đợt PHCP để trả cổ tức,https://cafef.vn/du-lieu/OCB-2052351/ocb-nghi-quyet-hdqt-thong-qua-ket-qua-phat-hanh-va-xu-ly-co-phan-le-phat-sinh-trong-dot-phcp-de-tra-co-tuc.chn,cafef
2024-09-09,OCB: Công văn của NHNN chấp thuận việc thay đổi địa điểm Trụ sở Chi nhánh Ninh Thuận,Ngân hàng Thương mại Cổ phần Phương Đông công bố công văn của NHNN chấp thuận việc thay đổi địa điểm Trụ sở Chi nhánh Ninh Thuận,https://cafef.vn/du-lieu/OCB-2050652/ocb-cong-van-cua-nhnn-chap-thuan-viec-thay-doi-dia-diem-tru-so-chi-nhanh-ninh-thuan.chn,cafef
2024-08-30,OCB: Nghị quyết HĐQT về việc thay đổi địa điểm trụ sở chi nhánh Phú Thọ,Ngân hàng Thương mại Cổ phần Phương Đông công bố Nghị quyết HĐQT về việc thay đổi địa điểm trụ sở chi nhánh Phú Thọ,https://cafef.vn/du-lieu/OCB-2048042/ocb-nghi-quyet-hdqt-ve-viec-thay-doi-dia-diem-tru-so-chi-nhanh-phu-tho.chn,cafef
2024-08-30,OCB: Nghị quyết HĐQT về việc thay đổi địa điểm trụ sở chi nhánh Quảng Bình,Ngân hàng Thương mại Cổ phần Phương Đông công bố Nghị quyết HĐQT về việc thay đổi địa điểm trụ sở chi nhánh Quảng Bình,https://cafef.vn/du-lieu/OCB-2048043/ocb-nghi-quyet-hdqt-ve-viec-thay-doi-dia-diem-tru-so-chi-nhanh-quang-binh.chn,cafef
2024-08-30,OCB: Nghị quyết HĐQT về việc thay đổi địa điểm trụ sở chi nhánh Ninh Thuận,Ngân hàng Thương mại Cổ phần Phương Đông công bố Nghị quyết HĐQT về việc thay đổi địa điểm trụ sở chi nhánh Ninh Thuận,https://cafef.vn/du-lieu/OCB-2048156/ocb-nghi-quyet-hdqt-ve-viec-thay-doi-dia-diem-tru-so-chi-nhanh-ninh-thuan.chn,cafef
2024-08-30,OCB: Nghị quyết HĐQT về việc thay đổi địa điểm trụ sở chi nhánh Đắk Nông,Ngân hàng Thương mại Cổ phần Phương Đông công bố Nghị quyết HĐQT về việc thay đổi địa điểm trụ sở chi nhánh Đắk Nông,https://cafef.vn/du-lieu/OCB-2048159/ocb-nghi-quyet-hdqt-ve-viec-thay-doi-dia-diem-tru-so-chi-nhanh-dak-nong.chn,cafef
2024-08-30,OCB: Nghị quyết HĐQT về việc thay đổi địa điểm trụ sở chi nhánh Lào Cai,Ngân hàng Thương mại Cổ phần Phương Đông công bố Nghị quyết HĐQT về việc thay đổi địa điểm trụ sở chi nhánh Lào Cai,https://cafef.vn/du-lieu/OCB-2048160/ocb-nghi-quyet-hdqt-ve-viec-thay-doi-dia-diem-tru-so-chi-nhanh-lao-cai.chn,cafef
2024-08-28,OCB: Điều lệ công ty 2024,Ngân hàng Thương mại Cổ phần Phương Đông thông báo Điều lệ công ty,https://cafef.vn/du-lieu/OCB-2045827/ocb-dieu-le-cong-ty-2024.chn,cafef
2024-08-27,OCB: Nghị quyết HĐQT về việc thay đổi địa điểm trụ sở phòng giao dịch An Khê,Ngân hàng Thương mại Cổ phần Phương Đông thông báo Nghị quyết HĐQT về việc thay đổi địa điểm trụ sở phòng giao dịch An Khê,https://cafef.vn/du-lieu/OCB-2044919/ocb-nghi-quyet-hdqt-ve-viec-thay-doi-dia-diem-tru-so-phong-giao-dich-an-khe.chn,cafef
2024-08-23,OCB: Nghị quyết HĐQT về việc thay đổi địa điểm phòng giao dịch Văn Phú,Ngân hàng Thương mại Cổ phần Phương Đông thông báo Nghị quyết HĐQT về việc thay đổi địa điểm phòng giao dịch Văn Phú,https://cafef.vn/du-lieu/OCB-2044036/ocb-nghi-quyet-hdqt-ve-viec-thay-doi-dia-diem-phong-giao-dich-van-phu.chn,cafef
2024-08-19,OCB: Nghị quyết HĐQT thông qua đơn từ nhiệm của ông Nguyễn Đình Tùng - Thành viên HĐQT,Ngân hàng Thương mại Cổ phần Phương Đông thông báo Nghị quyết HĐQT về việc thông qua đơn từ nhiệm chức danh Thành viên HĐQT,https://cafef.vn/du-lieu/OCB-2042599/ocb-nghi-quyet-hdqt-thong-qua-don-tu-nhiem-cua-ong-nguyen-dinh-tung-thanh-vien-hdqt.chn,cafef
2024-08-15,OCB: Nghị quyết HĐQT về ngày chốt DSCĐ để thực hiện quyền nhận cổ tức bằng cổ phiếu,Ngân hàng Thương mại Cổ phần Phương Đông thông báo Nghị quyết HĐQT về ngày chốt DSCĐ để thực hiện quyền nhận cổ tức bằng cổ phiếu,https://cafef.vn/du-lieu/OCB-2039428/ocb-nghi-quyet-hdqt-ve-ngay-chot-dscd-de-thuc-hien-quyen-nhan-co-tuc-bang-co-phieu.chn,cafef
2024-08-15,OCB: Thông báo phát hành cổ phiếu để trả cổ tức,Ngân hàng Thương mại Cổ phần Phương Đông thông báo phát hành cổ phiếu để trả cổ tức,https://cafef.vn/du-lieu/OCB-2039429/ocb-thong-bao-phat-hanh-co-phieu-de-tra-co-tuc.chn,cafef
2024-08-14,OCB: Giải trình chênh lệch lợi nhuận sau thuế 6 tháng đầu năm 2024 so với 6 tháng đầu năm 2023,Ngân hàng Thương mại Cổ phần Phương Đông thông báo giải trình chênh lệch lợi nhuận sau thuế 6 tháng đầu năm 2024 so với 6 tháng đầu năm 2023,https://cafef.vn/du-lieu/OCB-2039485/ocb-giai-trinh-chenh-lech-loi-nhuan-sau-thue-6-thang-dau-nam-2024-so-voi-6-thang-dau-nam-2023.chn,cafef
2024-08-12,OCB: Nghị quyết HĐQT thông qua danh sách phát hành thẻ tín dụng cho Ban điều hành và người có liên quan của Ban điều hành,Ngân hàng Thương mại Cổ phần Phương Đông thông báo Nghị quyết HĐQT về việc thông qua danh sách phát hành thẻ tín dụng cho Ban điều hành và người có liên quan của Ban điều hành,https://cafef.vn/du-lieu/OCB-2037903/ocb-nghi-quyet-hdqt-thong-qua-danh-sach-phat-hanh-the-tin-dung-cho-ban-dieu-hanh-va-nguoi-co-lien-quan-cua-ban-dieu-hanh.chn,cafef
2024-08-12,OCB: Nghị quyết HĐQT số 104 ngày 12/08/2024,Ngân hàng Thương mại Cổ phần Phương Đông thông báo Nghị quyết HĐQT số 104 ngày 12/08/2024,https://cafef.vn/du-lieu/OCB-2037904/ocb-nghi-quyet-hdqt-so-104-ngay-12082024.chn,cafef
2024-08-06,OCB: Thông báo công văn của NHNN về việc chấp thuận cho OCB thay địa điểm Chi nhánh Phú Lâm,Ngân hàng Thương mại Cổ phần Phương Đông thông báo công văn của NHNN về việc chấp thuận cho OCB thay địa điểm Chi nhánh Phú Lâm,https://cafef.vn/du-lieu/OCB-2034756/ocb-thong-bao-cong-van-cua-nhnn-ve-viec-chap-thuan-cho-ocb-thay-dia-diem-chi-nhanh-phu-lam.chn,cafef
2024-08-02,OCB: Nghị quyết HĐQT về việc thay đổi địa điểm CN Phú Lâm,Ngân hàng Thương mại Cổ phần Phương Đông thông báo Nghị quyết HĐQT về việc thay đổi địa điểm CN Phú Lâm,https://cafef.vn/du-lieu/OCB-2032970/ocb-nghi-quyet-hdqt-ve-viec-thay-doi-dia-diem-cn-phu-lam.chn,cafef
2024-07-30,"Tập trung đồng hành cùng SME, OCB đạt 2.113 tỷ đồng lợi nhuận 6 tháng 2024","Ngân hàng TMCP Phương Đông (HOSE: OCB) vừa công bố kết quả kinh doanh 6 tháng đầu năm 2024, ghi nhận mức 2.113 tỷ đồng lợi nhuận. Với việc từng bước chuyển dịch cơ cấu khách hàng sang nhóm khách hàng có tiềm năng tăng trưởng tốt và xác lập chiến lược phát triển mới mang tính bền vững, OCB đã giữ được mức tăng trưởng tín dụng cao hơn bình quân ngành, hoạt động kinh doanh cốt lõi phát triển ổn định.",https://cafef.vn/tap-trung-dong-hanh-cung-sme-ocb-dat-2113-ty-dong-loi-nhuan-6-thang-2024-188240730143556308.chn,cafef
2024-07-30,OCB: Giải trình chênh lệch lợi nhuận sau thuế quý 2/2024 so với quý 2/2023,Ngân hàng Thương mại Cổ phần Phương Đông công bố giải trình chênh lệch lợi nhuận sau thuế quý 2/2024 so với quý 2/2023,https://cafef.vn/du-lieu/OCB-2032182/ocb-giai-trinh-chenh-lech-loi-nhuan-sau-thue-quy-22024-so-voi-quy-22023.chn,cafef
2024-07-30,OCB: Báo cáo tình hình quản trị công ty 6 tháng đầu năm 2024,Ngân hàng Thương mại Cổ phần Phương Đông công bố Báo cáo tình hình quản trị công ty 6 tháng đầu năm 2024,https://cafef.vn/du-lieu/OCB-2082369/ocb-bao-cao-tinh-hinh-quan-tri-cong-ty-6-thang-dau-nam-2024.chn,cafef
2024-07-09,OCB: Nghị quyết HĐQT về việc giao và ủy quyền cho Quyền Tổng giám đốc triển khai phát hành TPRL,Ngân hàng Thương mại Cổ phần Phương Đông thông báo Nghị quyết HĐQT về việc giao và ủy quyền cho QTGĐ triển khai phát hành TPRL,https://cafef.vn/du-lieu/OCB-2020606/ocb-nghi-quyet-hdqt-ve-viec-giao-va-uy-quyen-cho-quyen-tong-giam-doc-trien-khai-phat-hanh-tprl.chn,cafef
2024-07-03,OCB: CBTT nhận được công văn của NHNN chấp thuận tăng vốn điều lệ,Ngân hàng Thương mại Cổ phần Phương Đông thông báo nhận được công văn của NHNN chấp thuận tăng vốn điều lệ,https://cafef.vn/du-lieu/OCB-2018763/ocb-cbtt-nhan-duoc-cong-van-cua-nhnn-chap-thuan-tang-von-dieu-le.chn,cafef
2024-07-02,PCT: Ký hợp đồng tín dụng với OCB Tân Bình,PCT: Ký hợp đồng tín dụng với OCB Tân Bình,https://cafef.vn/du-lieu/OCB-2016638/pct-ky-hop-dong-tin-dung-voi-ocb-tan-binh.chn,cafef
2024-07-02,OCB: Nghị quyết HĐQT thông qua phát hành thẻ tín dụng cho NNB và NCLQ,Ngân hàng Thương mại Cổ phần Phương Đông thông báo Nghị quyết HĐQT thông qua phát hành thẻ tín dụng cho NNB và NCLQ,https://cafef.vn/du-lieu/OCB-2017192/ocb-nghi-quyet-hdqt-thong-qua-phat-hanh-the-tin-dung-cho-nnb-va-nclq.chn,cafef
2024-07-01,"OCB: Công bố Quy chế quản trị Công ty, tổ chức hoạt động của HĐQT và và BKS","Ngân hàng Thương mại Cổ phần Phương Đông công bố Quy chế quản trị Công ty, tổ chức hoạt động của HĐQT và và BKS",https://cafef.vn/du-lieu/OCB-2016214/ocb-cong-bo-quy-che-quan-tri-cong-ty-to-chuc-hoat-dong-cua-hdqt-va-va-bks.chn,cafef
2024-07-01,OCB: Công bố Điều lệ Công ty được sửa đổi bổ sung,Ngân hàng Thương mại Cổ phần Phương Đông công bố Điều lệ Công ty được sửa đổi bổ sung,https://cafef.vn/du-lieu/OCB-2016215/ocb-cong-bo-dieu-le-cong-ty-duoc-sua-doi-bo-sung.chn,cafef
2024-07-01,OCB: Thông báo ký hợp đồng kiểm toán BCTC 2024,Ngân hàng Thương mại Cổ phần Phương Đông thông báo ký hợp đồng kiểm toán BCTC 2024,https://cafef.vn/du-lieu/OCB-2017230/ocb-thong-bao-ky-hop-dong-kiem-toan-bctc-2024.chn,cafef
2024-06-21,OCB: Thông báo được NHNN chấp thuận thay đổi địa điểm trụ sở chính tại Giấy phép hoạt động,Ngân hàng Thương mại Cổ phần Phương Đông thông báo được NHNN chấp thuận thay đổi địa điểm trụ sở chính tại Giấy phép hoạt động,https://cafef.vn/du-lieu/OCB-2011150/ocb-thong-bao-duoc-nhnn-chap-thuan-thay-doi-dia-diem-tru-so-chinh-tai-giay-phep-hoat-dong.chn,cafef
2024-06-20,OCB: CBTT nhận được Văn bản của NHNN về việc chập thuận thay đổi địa điểm PGD Bình Phú - CN Phú Lâm,Ngân hàng Thương mại Cổ phần Phương Đông thông báo nhận được Văn bản của NHNN về việc chập thuận thay đổi địa điểm PGD Bình Phú - CN Phú Lâm,https://cafef.vn/du-lieu/OCB-2011111/ocb-cbtt-nhan-duoc-van-ban-cua-nhnn-ve-viec-chap-thuan-thay-doi-dia-diem-pgd-binh-phu-cn-phu-lam.chn,cafef
2024-06-19,OCB: Thông báo thay đổi địa điểm PGD Sơn Trà - CN Trung Việt,Ngân hàng Thương mại Cổ phần Phương Đông thông báo thay đổi địa điểm PGD Sơn Trà - CN Trung Việt,https://cafef.vn/du-lieu/OCB-2010533/ocb-thong-bao-thay-doi-dia-diem-pgd-son-tra-cn-trung-viet.chn,cafef
2024-06-13,OCB: Nghị quyết HĐQT về việc thay đổi địa điểm trụ sở phòng giao dịch Bình Phú,Ngân hàng Thương mại Cổ phần Phương Đông thông báo Nghị quyết HĐQT về việc thay đổi địa điểm trụ sở phòng giao dịch Bình Phú,https://cafef.vn/du-lieu/OCB-2007547/ocb-nghi-quyet-hdqt-ve-viec-thay-doi-dia-diem-tru-so-phong-giao-dich-binh-phu.chn,cafef
2024-06-11,OCB: Thông báo công văn của NHNN về việc chấp thuận cho OCB thay địa điểm Phòng giao dịch The Hallmark,Ngân hàng Thương mại Cổ phần Phương Đông thông báo công văn của NHNN về việc chấp thuận cho OCB thay địa điểm Phòng giao dịch The Hallmark,https://cafef.vn/du-lieu/OCB-2006101/ocb-thong-bao-cong-van-cua-nhnn-ve-viec-chap-thuan-cho-ocb-thay-dia-diem-phong-giao-dich-the-hallmark.chn,cafef
2024-06-07,OCB: Nghị quyết HĐQT thông qua khoản cấp tín dụng đối với CTCP Sợi Thế Kỷ-CIB Tân Bình,Ngân hàng Thương mại Cổ phần Phương Đông thông báo Nghị quyết HĐQT về việc thông qua khoản cấp tín dụng đối với CTCP Sợi Thế Kỷ-CIB Tân Bình,https://cafef.vn/du-lieu/OCB-2004422/ocb-nghi-quyet-hdqt-thong-qua-khoan-cap-tin-dung-doi-voi-ctcp-soi-the-kycib-tan-binh.chn,cafef
2024-05-31,OCB: Nghị quyết HĐQT v/v thay đổi địa điểm trụ sở phòng giao dịch The Hallmark,Ngân hàng Thương mại Cổ phần Phương Đông thông báo Nghị quyết HĐQT về việc thay đổi địa điểm trụ sở phòng giao dịch The Hallmark,https://cafef.vn/du-lieu/OCB-2001188/ocb-nghi-quyet-hdqt-vv-thay-doi-dia-diem-tru-so-phong-giao-dich-the-hallmark.chn,cafef
2024-05-31,OCB: Nghị quyết HĐQT về việc thay đổi địa điểm trụ sở phòng giao dịch Sơn Trà,Ngân hàng Thương mại Cổ phần Phương Đông thông báo Nghị quyết HĐQT về việc thay đổi địa điểm trụ sở phòng giao dịch Sơn Trà,https://cafef.vn/du-lieu/OCB-2001228/ocb-nghi-quyet-hdqt-ve-viec-thay-doi-dia-diem-tru-so-phong-giao-dich-son-tra.chn,cafef
2024-05-21,OCB: Nghị quyết HĐQT thông qua khoản cấp tín dụng đối với Nguyễn Ngọc - RB Quang Trung HCM,Ngân hàng Thương mại Cổ phần Phương Đông thông báo Nghị quyết HĐQT về việc thông qua khoản cấp tín dụng đối với Nguyễn Ngọc - RB Quang Trung HCM,https://cafef.vn/du-lieu/OCB-1995737/ocb-nghi-quyet-hdqt-thong-qua-khoan-cap-tin-dung-doi-voi-nguyen-ngoc-rb-quang-trung-hcm.chn,cafef
2024-04-24,"OCB lãi trước thuế 1.214 tỷ đồng trong quý 1, các mảng kinh doanh cốt lõi đều tăng trưởng tốt","Ngân hàng TMCP Phương Đông (Mã CK: OCB) vừa công bố kết quả kinh doanh quý 1/2024 cho thấy các mảng kinh doanh cốt lõi đều tăng trưởng tốt, trong đó riêng thu nhập ngoài lãi tăng 13,8%.",https://cafef.vn/ocb-lai-truoc-thue-1214-ty-dong-trong-quy-1-cac-mang-kinh-doanh-cot-loi-deu-tang-truong-tot-188240424160536372.chn,cafef
2024-04-24,OCB: Giải trình chênh lệch lợi nhuận sau thuế quý 1/2024 so với quý 1/2023,Ngân hàng Thương mại Cổ phần Phương Đông thông báo giải trình chênh lệch lợi nhuận sau thuế quý 1/2024 so với quý 1/2023,https://cafef.vn/du-lieu/OCB-1982612/ocb-giai-trinh-chenh-lech-loi-nhuan-sau-thue-quy-12024-so-voi-quy-12023.chn,cafef
2024-04-17,OCB: Nghị quyết HĐQT triển khai thực hiện tăng vốn điều lệ bằng hình thức phát hành cổ phiếu để trả cổ tức cho cổ đông,Ngân hàng Thương mại Cổ phần Phương Đông thông báo Nghị quyết HĐQT về việc triển khai thực hiện tăng vốn điều lệ bằng hình thức phát hành cổ phiếu để trả cổ tức cho cổ đông,https://cafef.vn/du-lieu/OCB-1978999/ocb-nghi-quyet-hdqt-trien-khai-thuc-hien-tang-von-dieu-le-bang-hinh-thuc-phat-hanh-co-phieu-de-tra-co-tuc-cho-co-dong.chn,cafef
2024-04-17,OCB: Nghị quyết HĐQT thông qua phương án phát hành trái phiếu riêng lẻ năm 2024,Ngân hàng Thương mại Cổ phần Phương Đông thông báo Nghị quyết HĐQT về việc thông qua phương án phát hành trái phiếu riêng lẻ năm 2024,https://cafef.vn/du-lieu/OCB-1979054/ocb-nghi-quyet-hdqt-thong-qua-phuong-an-phat-hanh-trai-phieu-rieng-le-nam-2024.chn,cafef
2024-04-16,OCB: Công văn của NHNN về việc chấp thuận cho OCB thành lập phòng giao dịch năm 2023,Ngân hàng Thương mại Cổ phần Phương Đông thông báo công văn của NHNN về việc chấp thuận cho OCB thành lập phòng GD năm 2023,https://cafef.vn/du-lieu/OCB-1978130/ocb-cong-van-cua-nhnn-ve-viec-chap-thuan-cho-ocb-thanh-lap-phong-giao-dich-nam-2023.chn,cafef
2024-04-16,OCB: Công văn của NHNN về việc chấp thuận cho OCB thành lập chi nhánh năm 2023,Ngân hàng Thương mại Cổ phần Phương Đông thông báo công văn của NHNN về việc chấp thuận cho OCB thành lập chi nhánh năm 2023,https://cafef.vn/du-lieu/OCB-1978164/ocb-cong-van-cua-nhnn-ve-viec-chap-thuan-cho-ocb-thanh-lap-chi-nhanh-nam-2023.chn,cafef
2024-04-16,"OCB: Điều chỉnh Nghị quyết, Biên bản họp ĐHĐCĐ thường niên năm 2024 và Biên bản kiểm phiếu","Ngân hàng Thương mại Cổ phần Phương Đông thông báo điều chỉnh Nghị quyết, Biên bản họp ĐHĐCĐ thường niên năm 2024 và Biên bản kiểm phiếu",https://cafef.vn/du-lieu/OCB-1979401/ocb-dieu-chinh-nghi-quyet-bien-ban-hop-dhdcd-thuong-nien-nam-2024-va-bien-ban-kiem-phieu.chn,cafef
2024-04-15,"ĐHĐCĐ OCB: Tăng vốn điều lệ lên 24.717 tỷ đồng, chia cổ tức tỷ lệ 20% bằng cổ phiếu","Năm 2024, OCB đặt mục tiêu tăng vốn điều lệ thêm 4.168 tỷ đồng lên 24.717 tỷ đồng, chia cổ tức 20% bằng cổ phiếu, mục tiêu lợi nhuận trước thuế đạt 6.885 tỷ đồng, tăng 66% so với kết quả năm 2023.",https://cafef.vn/dhdcd-ocb-tang-von-dieu-le-len-24717-ty-dong-chia-co-tuc-ty-le-20-bang-co-phieu-188240415080549997.chn,cafef
2024-04-15,OCB: Nghị quyết HĐQT thông qua khoản cấp tín dụng đối với Nguyễn Ngọc - RB Quang Trung HCM,Ngân hàng Thương mại Cổ phần Phương Đông thông báo Nghị quyết HĐQT về việc thông qua khoản cấp tín dụng đối với Nguyễn Ngọc - RB Quang Trung HCM,https://cafef.vn/du-lieu/OCB-1979327/ocb-nghi-quyet-hdqt-thong-qua-khoan-cap-tin-dung-doi-voi-nguyen-ngoc-rb-quang-trung-hcm.chn,cafef
2024-04-15,OCB: Nghị quyết và Biên bản họp ĐHĐCĐ thường niên năm 2024,Ngân hàng Thương mại Cổ phần Phương Đông thông báo Nghị quyết và Biên bản họp ĐHĐCĐ thường niên năm 2024,https://cafef.vn/du-lieu/OCB-1979341/ocb-nghi-quyet-va-bien-ban-hop-dhdcd-thuong-nien-nam-2024.chn,cafef
2024-04-12,OCB: Công văn của NHNN về việc chấp thuận cho OCB thay địa điểm Phòng giao dịch Bến Cát,Ngân hàng Thương mại Cổ phần Phương Đông thông báo công văn của NHNN về việc chấp thuận cho OCB thay địa điểm Phòng giao dịch Bến Cát,https://cafef.vn/du-lieu/OCB-1975925/ocb-cong-van-cua-nhnn-ve-viec-chap-thuan-cho-ocb-thay-dia-diem-phong-giao-dich-ben-cat.chn,cafef
2024-03-27,"OCB dự kiến chia cổ tức tỷ lệ 20% trong năm nay, mục tiêu lợi nhuận trước thuế tăng 66%","Ngân hàng TMCP Phương Đông (OCB, mã chứng khoán OCB) vừa công bố tài liệu ĐHĐCĐ thường niên 2024 bao gồm kế hoạch kinh doanh, phương án tăng vốn điều lệ, cùng nhiều nội dung quan trọng khác.",https://cafef.vn/ocb-du-kien-chia-co-tuc-ty-le-20-trong-nam-nay-muc-tieu-loi-nhuan-truoc-thue-tang-66-188240327231047747.chn,cafef
2024-03-26,OCB: Giải trình chênh lệch lợi nhuận sau thuế năm 2023 kiểm toán so với năm 2022,Ngân hàng Thương mại Cổ phần Phương Đông công bố giải trình chênh lệch lợi nhuận sau thuế năm 2023 kiểm toán so với năm 2022,https://cafef.vn/du-lieu/OCB-1965546/ocb-giai-trinh-chenh-lech-loi-nhuan-sau-thue-nam-2023-kiem-toan-so-voi-nam-2022.chn,cafef
2024-03-26,OCB: Tài liệu họp ĐHĐCĐ thường niên năm 2024,Ngân hàng Thương mại Cổ phần Phương Đông công bố tài liệu họp ĐHĐCĐ thường niên năm 2024,https://cafef.vn/du-lieu/OCB-1965548/ocb-tai-lieu-hop-dhdcd-thuong-nien-nam-2024.chn,cafef
2024-03-26,OCB: Công văn của NHNN về việc chấp thuận cho OCB thay địa điểm Phòng giao dịch Xuân Khánh,Ngân hàng Thương mại Cổ phần Phương Đông thông báo công văn của NHNN về việc chấp thuận cho OCB thay địa điểm Phòng giao dịch Xuân Khánh,https://cafef.vn/du-lieu/OCB-1965927/ocb-cong-van-cua-nhnn-ve-viec-chap-thuan-cho-ocb-thay-dia-diem-phong-giao-dich-xuan-khanh.chn,cafef
2024-03-26,OCB: Nghị quyết HĐQT thông qua kế hoạch kinh doanh năm 2024,Ngân hàng Thương mại Cổ phần Phương Đông công bố Nghị quyết HĐQT về việc thông qua kế hoạch kinh doanh năm 2024,https://cafef.vn/du-lieu/OCB-1966110/ocb-nghi-quyet-hdqt-thong-qua-ke-hoach-kinh-doanh-nam-2024.chn,cafef
2024-03-20,OCB: Nghị quyết HĐQT về việc thay đổi địa điểm PGD Bến Cát và PGD Xuân Khánh,Ngân hàng Thương mại Cổ phần Phương Đông thông báo Nghị quyết HĐQT về việc thay đổi địa điểm PGD Bến Cát và PGD Xuân Khánh,https://cafef.vn/du-lieu/OCB-1962943/ocb-nghi-quyet-hdqt-ve-viec-thay-doi-dia-diem-pgd-ben-cat-va-pgd-xuan-khanh.chn,cafef
2024-03-14,OCB: Nghị quyết HĐQT thông qua phát hành thẻ tín dụng cho Người có liên quan của Ban điều hành và HĐQT,Ngân hàng Thương mại Cổ phần Phương Đông thông báo Nghị quyết HĐQT thông qua phát hành thẻ tín dụng cho NCLQ của NNB,https://cafef.vn/du-lieu/OCB-1959905/ocb-nghi-quyet-hdqt-thong-qua-phat-hanh-the-tin-dung-cho-nguoi-co-lien-quan-cua-ban-dieu-hanh-va-hdqt.chn,cafef
2024-03-01,"OCB: 15.3.2024, ngày GDKHQ tổ chức ĐHĐCĐ thường niên 2024",Sở Giao dịch Chứng khoán Thành phố Hồ Chí Minh thông báo về ngày ĐKCC tổ chức ĐHĐCĐ thường niên 2024 của Ngân hàng Thương mại Cổ phần Phương Đông,https://cafef.vn/du-lieu/OCB-1953586/ocb-1532024-ngay-gdkhq-to-chuc-dhdcd-thuong-nien-2024.chn,cafef
2024-02-26,OCB: Công văn của NHNN về việc chấp thuận cho OCB thay địa điểm Phòng giao dịch Lạch Tray,Ngân hàng Thương mại Cổ phần Phương Đông thông báo công văn của NHNN về việc chấp thuận cho OCB thay địa điểm Phòng giao dịch Lạch Tray,https://cafef.vn/du-lieu/OCB-1950284/ocb-cong-van-cua-nhnn-ve-viec-chap-thuan-cho-ocb-thay-dia-diem-phong-giao-dich-lach-tray.chn,cafef
2024-02-23,OCB: Nghị quyết HĐQT về việc tổ chức họp ĐHĐCĐ thường niên 2024,Ngân hàng Thương mại Cổ phần Phương Đông thông báo Nghị quyết HĐQT về việc tổ chức họp ĐHĐCĐ thường niên 2024,https://cafef.vn/du-lieu/OCB-1949569/ocb-nghi-quyet-hdqt-ve-viec-to-chuc-hop-dhdcd-thuong-nien-2024.chn,cafef
2024-02-23,OCB: Nghị quyết HĐQT thông qua khoản cấp tín dụng đối với Nguyễn Thị Dịu - RB Thăng Long,Ngân hàng Thương mại Cổ phần Phương Đông thông báo Nghị quyết HĐQT về việc thông qua khoản cấp tín dụng đối với Nguyễn Thị Dịu - RB Thăng Long,https://cafef.vn/du-lieu/OCB-1949578/ocb-nghi-quyet-hdqt-thong-qua-khoan-cap-tin-dung-doi-voi-nguyen-thi-diu-rb-thang-long.chn,cafef
2024-02-16,OCB: Nghị quyết HĐQT thông qua khoản cấp tín dụng đối với Nguyễn Ngọc - RB Quang Trung HCM,Ngân hàng Thương mại Cổ phần Phương Đông thông báo Nghị quyết HĐQT về việc thông qua khoản cấp tín dụng đối với Nguyễn Ngọc - RB Quang Trung HCM,https://cafef.vn/du-lieu/OCB-1945538/ocb-nghi-quyet-hdqt-thong-qua-khoan-cap-tin-dung-doi-voi-nguyen-ngoc-rb-quang-trung-hcm.chn,cafef
2024-02-16,OCB: Nghị quyết HĐQT thông qua danh sách phát hành Thẻ tín dụng cho CBNV OCB thuộc đối tượng phải được HĐQT thông qua,Ngân hàng Thương mại Cổ phần Phương Đông thông báo Nghị quyết HĐQT về việc thông qua danh sách phát hành Thẻ tín dụng cho CBNV OCB thuộc đối tượng phải được HĐQT thông qua,https://cafef.vn/du-lieu/OCB-1945539/ocb-nghi-quyet-hdqt-thong-qua-danh-sach-phat-hanh-the-tin-dung-cho-cbnv-ocb-thuoc-doi-tuong-phai-duoc-hdqt-thong-qua.chn,cafef
2024-02-16,OCB: Nghị quyết HĐQT thông qua khoản cấp tín dụng đối với Trương Quốc Anh và Nguyễn Diệu Linh - RB Hồ Chí Minh,Ngân hàng Thương mại Cổ phần Phương Đông thông báo Nghị quyết HĐQT về việc thông qua khoản cấp tín dụng đối với Trương Quốc Anh và Nguyễn Diệu Linh - RB Hồ Chí Minh,https://cafef.vn/du-lieu/OCB-1945541/ocb-nghi-quyet-hdqt-thong-qua-khoan-cap-tin-dung-doi-voi-truong-quoc-anh-va-nguyen-dieu-linh-rb-ho-chi-minh.chn,cafef
2024-02-07,OCB: Thông báo thay đổi địa điểm trụ sở chính,Ngân hàng Thương mại Cổ phần Phương Đông thông báo thay đổi địa điểm trụ sở chính,https://cafef.vn/du-lieu/OCB-1942468/ocb-thong-bao-thay-doi-dia-diem-tru-so-chinh.chn,cafef
2024-02-05,OCB: Quyết định về việc xử phạt vi phạm hành chính về thuế,Ngân hàng Thương mại Cổ phần Phương Đông thông báo Quyết định về việc xử phạt vi phạm hành chính về thuế,https://cafef.vn/du-lieu/OCB-1941304/ocb-quyet-dinh-ve-viec-xu-phat-vi-pham-hanh-chinh-ve-thue.chn,cafef
2024-01-30,"OCB kinh doanh khởi sắc và kiểm soát tốt chi phí, lợi nhuận tăng 19,1% trong năm 2023","Huy động vốn của OCB năm 2023 tăng trưởng 23,4% so với 2022, tín dụng cũng tăng trưởng trên 20%. Ở mảng dịch vụ, thẻ OCB tăng trưởng đột phá với lượng thẻ phát hành tăng gần gấp đôi so với năm 2022 và tăng trưởng mạnh 3 năm liên tiếp.",https://cafef.vn/ocb-kinh-doanh-khoi-sac-va-kiem-soat-tot-chi-phi-loi-nhuan-tang-191-trong-nam-2023-188240130173632343.chn,cafef
2024-01-30,OCB: Giải trình chênh lệch KQKD Q4/2023 so với cùng kỳ năm trước,Ngân hàng Thương mại Cổ phần Phương Đông giải trình chênh lệch KQKD Q4/2023 so với cùng kỳ năm trước,https://cafef.vn/du-lieu/OCB-1945183/ocb-giai-trinh-chenh-lech-kqkd-q42023-so-voi-cung-ky-nam-truoc.chn,cafef
2024-01-30,OCB: Báo cáo tình hình quản trị công ty năm 2023,Ngân hàng Thương mại Cổ phần Phương Đông công bố Báo cáo tình hình quản trị công ty năm 2023,https://cafef.vn/du-lieu/OCB-1946084/ocb-bao-cao-tinh-hinh-quan-tri-cong-ty-nam-2023.chn,cafef
2024-01-23,OCB: Công văn của NHNN về việc chấp thuận cho OCB thay địa điểm Phòng giao dịch Phú Mỹ Hưng,Ngân hàng Thương mại Cổ phần Phương Đông thông báo công văn của NHNN về việc chấp thuận cho OCB thay địa điểm Phòng giao dịch Phú Mỹ Hưng,https://cafef.vn/du-lieu/OCB-1935044/ocb-cong-van-cua-nhnn-ve-viec-chap-thuan-cho-ocb-thay-dia-diem-phong-giao-dich-phu-my-hung.chn,cafef
2024-01-15,OCB: Nghị quyết HĐQT về việc thay đổi địa điểm PGD Phú Mỹ Hưng - CN Tân Thuận,Ngân hàng Thương mại Cổ phần Phương Đông thông báo Nghị quyết HĐQT về việc thay đổi địa điểm PGD Phú Mỹ Hưng - CN Tân Thuận,https://cafef.vn/du-lieu/OCB-1930554/ocb-nghi-quyet-hdqt-ve-viec-thay-doi-dia-diem-pgd-phu-my-hung-cn-tan-thuan.chn,cafef
2024-01-09,OCB: Nghị quyết HĐQT thông qua các khoản cấp tín dụng cho người có liên quan của NNB - Nguyễn Văn Hương,Ngân hàng Thương mại Cổ phần Phương Đông thông báo Nghị quyết HĐQT về việc thông qua các khoản cấp tín dụng cho người có liên quan của NNB - Nguyễn Văn Hương,https://cafef.vn/du-lieu/OCB-1927945/ocb-nghi-quyet-hdqt-thong-qua-cac-khoan-cap-tin-dung-cho-nguoi-co-lien-quan-cua-nnb-nguyen-van-huong.chn,cafef
2024-01-09,OCB: Nghị quyết HĐQT thông qua các khoản cấp tín dụng cho người có liên quan của NNB - Huỳnh Lê Mai,Ngân hàng Thương mại Cổ phần Phương Đông thông báo Nghị quyết HĐQT về việc thông qua các khoản cấp tín dụng cho người có liên quan của NNB - Huỳnh Lê Mai,https://cafef.vn/du-lieu/OCB-1927948/ocb-nghi-quyet-hdqt-thong-qua-cac-khoan-cap-tin-dung-cho-nguoi-co-lien-quan-cua-nnb-huynh-le-mai.chn,cafef
2024-01-02,OCB: Nghị quyết HĐQT về việc thay đổi địa điểm trụ sở phòng giao dịch Phú Mỹ Hưng,Ngân hàng Thương mại Cổ phần Phương Đông thông báo Nghị quyết HĐQT về việc thay đổi địa điểm trụ sở phòng giao dịch Phú Mỹ Hưng,https://cafef.vn/du-lieu/OCB-1924506/ocb-nghi-quyet-hdqt-ve-viec-thay-doi-dia-diem-tru-so-phong-giao-dich-phu-my-hung.chn,cafef
2023-12-29,OCB: Công văn của NHNN về việc chấp thuận cho OCB thay địa điểm Phòng giao dịch Phạm Văn Hai,Ngân hàng Thương mại Cổ phần Phương Đông thông báo công văn của NHNN về việc chấp thuận cho OCB thay địa điểm Phòng giao dịch Phạm Văn Hai,https://cafef.vn/du-lieu/OCB-1922867/ocb-cong-van-cua-nhnn-ve-viec-chap-thuan-cho-ocb-thay-dia-diem-phong-giao-dich-pham-van-hai.chn,cafef
2023-12-28,OCB: Công văn của NHNN về việc chấp thuận cho OCB thay địa điểm Chi nhánh Quảng Ninh,Ngân hàng Thương mại Cổ phần Phương Đông thông báo công văn của NHNN về việc chấp thuận cho OCB thay địa điểm Chi nhánh Quảng Ninh,https://cafef.vn/du-lieu/OCB-1922339/ocb-cong-van-cua-nhnn-ve-viec-chap-thuan-cho-ocb-thay-dia-diem-chi-nhanh-quang-ninh.chn,cafef
2023-12-20,OCB: Nghị quyết HĐQT về việc lựa chọn đơn vị kiểm toán cho năm 2024,Ngân hàng Thương mại Cổ phần Phương Đông thông báo Nghị quyết HĐQT về việc lựa chọn đơn vị kiểm toán cho năm 2024,https://cafef.vn/du-lieu/OCB-1917875/ocb-nghi-quyet-hdqt-ve-viec-lua-chon-don-vi-kiem-toan-cho-nam-2024.chn,cafef
2023-12-20,OCB: Nghị quyết HĐQT thông qua danh sách phát hành thẻ tín dụng cho Ban lãnh đạo thuộc đối tượng phải được HĐQT thông qua,Ngân hàng Thương mại Cổ phần Phương Đông thông báo Nghị quyết HĐQT về việc thông qua danh sách phát hành thẻ tín dụng cho Ban lãnh đạo thuộc đối tượng phải được HĐQT thông qua,https://cafef.vn/du-lieu/OCB-1917881/ocb-nghi-quyet-hdqt-thong-qua-danh-sach-phat-hanh-the-tin-dung-cho-ban-lanh-dao-thuoc-doi-tuong-phai-duoc-hdqt-thong-qua.chn,cafef
2023-12-19,OCB: Nghị quyết HĐQT thay đổi địa điểm PGD Phạm Văn Hai - CN Hồ Chí Minh,Ngân hàng Thương mại Cổ phần Phương Đông thông báo Nghị quyết HĐQT thay đổi địa điểm PGD Phạm Văn Hai - CN Hồ Chí Minh,https://cafef.vn/du-lieu/OCB-1917041/ocb-nghi-quyet-hdqt-thay-doi-dia-diem-pgd-pham-van-hai-cn-ho-chi-minh.chn,cafef
2023-12-14,OCB: Giấy chứng nhận đăng ký doanh nghiệp thay đổi lần thứ 39,Ngân hàng Thương mại Cổ phần Phương Đông công bố Giấy chứng nhận đăng ký doanh nghiệp thay đổi lần thứ 39,https://cafef.vn/du-lieu/OCB-1914603/ocb-giay-chung-nhan-dang-ky-doanh-nghiep-thay-doi-lan-thu-39.chn,cafef
2023-12-14,OCB: Nghị quyết HĐQT về việc thay đổi địa điểm đặt trụ sở Phòng GD Lạch Tray,Ngân hàng Thương mại Cổ phần Phương Đông công bố Nghị quyết HĐQT về việc thay đổi địa điểm đặt trụ sở Phòng GD Lạch Tray,https://cafef.vn/du-lieu/OCB-1914668/ocb-nghi-quyet-hdqt-ve-viec-thay-doi-dia-diem-dat-tru-so-phong-gd-lach-tray.chn,cafef
2023-12-12,OCB: Thông báo thay đổi địa điểm PGD Tân Sơn - CN Thanh Hóa,Ngân hàng Thương mại Cổ phần Phương Đông thông báo thay đổi địa điểm PGD Tân Sơn - CN Thanh Hó,https://cafef.vn/du-lieu/OCB-1913344/ocb-thong-bao-thay-doi-dia-diem-pgd-tan-son-cn-thanh-hoa.chn,cafef
2023-12-12,OCB: Nghị quyết HĐQT thông qua phương án phát hành trái phiếu riêng lẻ tháng 12 năm 2023,Ngân hàng Thương mại Cổ phần Phương Đông thông báo Nghị quyết HĐQT về việc thông qua phương án phát hành trái phiếu riêng lẻ tháng 12 năm 2023,https://cafef.vn/du-lieu/OCB-1913572/ocb-nghi-quyet-hdqt-thong-qua-phuong-an-phat-hanh-trai-phieu-rieng-le-thang-12-nam-2023.chn,cafef
2023-12-12,OCB: Công văn của NHNN về việc chấp thuận cho OCB thay địa điểm Phòng giao dịch Quang Trung,Ngân hàng Thương mại Cổ phần Phương Đông thông báo công văn của NHNN về việc chấp thuận cho OCB thay địa điểm Phòng giao dịch Quang Trung,https://cafef.vn/du-lieu/OCB-1913591/ocb-cong-van-cua-nhnn-ve-viec-chap-thuan-cho-ocb-thay-dia-diem-phong-giao-dich-quang-trung.chn,cafef
2023-12-08,OCB: Thông báo công văn của NHNN về việc chấp thuận cho OCB thay địa điểm Phòng giao dịch Times City,Ngân hàng Thương mại Cổ phần Phương Đông thông báo công văn của NHNN về việc chấp thuận cho OCB thay địa điểm Phòng giao dịch Times City,https://cafef.vn/du-lieu/OCB-1911990/ocb-thong-bao-cong-van-cua-nhnn-ve-viec-chap-thuan-cho-ocb-thay-dia-diem-phong-giao-dich-times-city.chn,cafef
2023-12-08,OCB: Điều lệ công ty 2023,Ngân hàng Thương mại Cổ phần Phương Đông thông báo Điều lệ công ty,https://cafef.vn/du-lieu/OCB-1912530/ocb-dieu-le-cong-ty-2023.chn,cafef
2023-12-08,OCB: Nghị quyết ĐHĐCĐ và Biên bản lấy ý kiến cổ đông bằng văn bản,Ngân hàng Thương mại Cổ phần Phương Đông thông báo Nghị quyết  ĐHĐCĐ và Biên bản lấy ý kiến cổ đông bằng văn bản,https://cafef.vn/du-lieu/OCB-1912535/ocb-nghi-quyet-dhdcd-va-bien-ban-lay-y-kien-co-dong-bang-van-ban.chn,cafef
2023-12-06,OCB: Công văn của NHNN về việc chấp thuận cho OCB thay địa điểm Phòng giao dịch Lê Đức Thọ,Ngân hàng Thương mại Cổ phần Phương Đông thông báo công văn của NHNN về việc chấp thuận cho OCB thay địa điểm Phòng giao dịch Lê Đức Thọ,https://cafef.vn/du-lieu/OCB-1910832/ocb-cong-van-cua-nhnn-ve-viec-chap-thuan-cho-ocb-thay-dia-diem-phong-giao-dich-le-duc-tho.chn,cafef
2023-11-28,OCB: Thông báo NHNN chấp thuận thay đổi địa điểm trụ sở Chi nhánh Hà Thành,Ngân hàng Thương mại Cổ phần Phương Đông thông báo NHNN chấp thuận thay đổi địa điểm trụ sở CN Hà Thành,https://cafef.vn/du-lieu/OCB-1901518/ocb-thong-bao-nhnn-chap-thuan-thay-doi-dia-diem-tru-so-chi-nhanh-ha-thanh.chn,cafef
2023-11-27,OCB: Nghị quyết HĐQT về việc thay đổi địa điểm trụ sở phòng giao dịch Lê Đức Thọ,Ngân hàng Thương mại Cổ phần Phương Đông thông báo Nghị quyết HĐQT về việc thay đổi địa điểm trụ sở phòng giao dịch Lê Đức Th,https://cafef.vn/du-lieu/OCB-1900624/ocb-nghi-quyet-hdqt-ve-viec-thay-doi-dia-diem-tru-so-phong-giao-dich-le-duc-tho.chn,cafef
2023-11-23,OCB: Thông báo địa điểm mới của PGD Liên Chiểu - CN Trung Việt,Ngân hàng Thương mại Cổ phần Phương Đông thông báo địa điểm mới của PGD Liên Chiểu - CN Trung Việt,https://cafef.vn/du-lieu/OCB-1895080/ocb-thong-bao-dia-diem-moi-cua-pgd-lien-chieu-cn-trung-viet.chn,cafef
2023-11-22,OCB: Công văn của NHNN về việc chấp thuận cho OCB thay địa điểm đặt trụ sở Phòng giao dịch Long Phú,Ngân hàng Thương mại Cổ phần Phương Đông thông báo công văn của NHNN về việc chấp thuận cho OCB thay địa điểm đặt trụ sở Phòng giao dịch Long Phú,https://cafef.vn/du-lieu/OCB-1893193/ocb-cong-van-cua-nhnn-ve-viec-chap-thuan-cho-ocb-thay-dia-diem-dat-tru-so-phong-giao-dich-long-phu.chn,cafef
2023-11-16,OCB: Tài liệu lấy ý kiến cổ đông bằng văn bản năm 2023,Ngân hàng Thương mại Cổ phần Phương Đông thông báo tài liệu lấy ý kiến cổ đông bằng văn bản năm 2023,https://cafef.vn/du-lieu/OCB-1886234/ocb-tai-lieu-lay-y-kien-co-dong-bang-van-ban-nam-2023.chn,cafef
2023-11-15,OCB: Thông báo thay đổi địa điểm PGD Liên Chiểu - CN Trung Việt,Ngân hàng Thương mại Cổ phần Phương Đông thông báo thay đổi địa điểm PGD Liên Chiểu - CN Trung Việt,https://cafef.vn/du-lieu/OCB-1885701/ocb-thong-bao-thay-doi-dia-diem-pgd-lien-chieu-cn-trung-viet.chn,cafef
2023-11-10,OCB: Thông báo thay đổi địa điểm CN Quảng Ninh,Ngân hàng Thương mại Cổ phần Phương Đông thông báo thay đổi địa điểm CN Quảng Ninh,https://cafef.vn/du-lieu/OCB-1883634/ocb-thong-bao-thay-doi-dia-diem-cn-quang-ninh.chn,cafef
2023-11-10,OCB: Thông báo thay đổi địa điểm đặt trụ sở chính,Ngân hàng Thương mại Cổ phần Phương Đông thông báo thay đổi địa điểm  đặt trụ sở chính,https://cafef.vn/du-lieu/OCB-1883635/ocb-thong-bao-thay-doi-dia-diem-dat-tru-so-chinh.chn,cafef
2023-11-10,OCB: Nghị quyết HĐQT thông qua cấp thẻ tín dụng cho người nội bộ,Ngân hàng Thương mại Cổ phần Phương Đông thông báo Nghị quyết HĐQT thông qua cấp thẻ tín dụng cho người nội bộ,https://cafef.vn/du-lieu/OCB-1884118/ocb-nghi-quyet-hdqt-thong-qua-cap-the-tin-dung-cho-nguoi-noi-bo.chn,cafef
2023-11-10,OCB: Công bố Điều lệ được sửa đổi bổ sung,Ngân hàng Thương mại Cổ phần Phương Đông thông báo Điều lệ được sửa đổi bổ sung,https://cafef.vn/du-lieu/OCB-1884187/ocb-cong-bo-dieu-le-duoc-sua-doi-bo-sung.chn,cafef
2023-11-09,OCB: Quyết định NHNN về việc sửa đổi Vốn điều lệ,Ngân hàng Thương mại Cổ phần Phương Đông thông báo Quyết định NHNN về việc sửa đổi VĐL,https://cafef.vn/du-lieu/OCB-1882060/ocb-quyet-dinh-nhnn-ve-viec-sua-doi-von-dieu-le.chn,cafef
2023-11-06,OCB: Thông báo thay đổi địa điểm PGD Bãi Cháy - CN Quảng Ninh,Ngân hàng Thương mại Cổ phần Phương Đông thông báo thay đổi địa điểm PGD Bãi Cháy - CN Quảng Ninh,https://cafef.vn/du-lieu/OCB-1877128/ocb-thong-bao-thay-doi-dia-diem-pgd-bai-chay-cn-quang-ninh.chn,cafef
2023-11-02,OCB: Thông báo thay đổi địa điểm PGD Long Phú - CN Sóc Trăng,Ngân hàng Thương mại Cổ phần Phương Đông thông báo thay đổi địa điểm PGD Long Phú - CN Sóc Trăng,https://cafef.vn/du-lieu/OCB-1871353/ocb-thong-bao-thay-doi-dia-diem-pgd-long-phu-cn-soc-trang.chn,cafef
2023-10-31,OCB: Thông báo thay đổi địa điểm PGD Từ Sơn - CN Bắc Ninh,Ngân hàng Thương mại Cổ phần Phương Đông thông báo thay đổi địa điểm PGD Từ Sơn - CN Bắc Ninh,https://cafef.vn/du-lieu/OCB-1869085/ocb-thong-bao-thay-doi-dia-diem-pgd-tu-son-cn-bac-ninh.chn,cafef
2023-10-31,OCB: Giải trình chênh lệch lợi nhuận sau thuế quý 3/2023 so với quý 3/2022,Ngân hàng Thương mại Cổ phần Phương Đông thông báo giải trình chênh lệch lợi nhuận sau thuế quý 3/2023 so với quý 3/2022,https://cafef.vn/du-lieu/OCB-1895821/ocb-giai-trinh-chenh-lech-loi-nhuan-sau-thue-quy-32023-so-voi-quy-32022.chn,cafef
2023-10-27,"OCB: 10.11.2023, ngày GDKHQ lấy ý kiến cổ đông bằng văn bản",Sở Giao dịch Chứng khoán TP.HCM thông báo về ngày đăng ký cuối cùng lấy ý kiến cổ đông bằng văn bản của Ngân hàng Thương mại Cổ phần Phương Đông (mã CK: OCB),https://cafef.vn/du-lieu/OCB-1863736/ocb-10112023-ngay-gdkhq-lay-y-kien-co-dong-bang-van-ban.chn,cafef
2023-10-26,PLO: Nghị quyết HĐQT chọn OCB là ngân hàng cấp tín dụng năm 2023,PLO: Nghị quyết HĐQT chọn OCB là ngân hàng cấp tín dụng năm 2023,https://cafef.vn/du-lieu/OCB-1861648/plo-nghi-quyet-hdqt-chon-ocb-la-ngan-hang-cap-tin-dung-nam-2023.chn,cafef
2023-10-25,OCB: Thông báo ngày giao dịch đầu tiên trái phiếu OCB12213,Ngân hàng Thương mại Cổ phần Phương Đông thông báo ngày giao dịch đầu tiên trái phiếu OCB12213,https://cafef.vn/du-lieu/OCB-1859548/ocb-thong-bao-ngay-giao-dich-dau-tien-trai-phieu-ocb12213.chn,cafef
2023-10-24,OCB: Nghị quyết HĐQT thông qua Hợp đồng với Ngân hàng Aozora,Ngân hàng Thương mại Cổ phần Phương Đông thông báo Nghị quyết HĐQT thông qua Hợp đồng với Ngân hàng Aozora,https://cafef.vn/du-lieu/OCB-1857895/ocb-nghi-quyet-hdqt-thong-qua-hop-dong-voi-ngan-hang-aozora.chn,cafef
2023-10-23,OCB: Nghị quyết HĐQT chốt danh sách cổ đông để lấy ý kiến bằng văn bản,Ngân hàng Thương mại Cổ phần Phương Đông thông báo Nghị quyết HĐQT chốt danh sách cổ đông để lấy ý kiến bằng văn bản,https://cafef.vn/du-lieu/OCB-1857400/ocb-nghi-quyet-hdqt-chot-danh-sach-co-dong-de-lay-y-kien-bang-van-ban.chn,cafef
2023-10-18,OCB: Thông báo công văn của NHNN về việc chấp thuận cho OCB thay địa điểm Phòng giao dịch Hòa Thành,Ngân hàng Thương mại Cổ phần Phương Đông thông báo công văn của NHNN về việc chấp thuận cho OCB thay địa điểm Phòng giao dịch Hòa Thành,https://cafef.vn/du-lieu/OCB-1850776/ocb-thong-bao-cong-van-cua-nhnn-ve-viec-chap-thuan-cho-ocb-thay-dia-diem-phong-giao-dich-hoa-thanh.chn,cafef
2023-10-18,OCB: Thông báo công văn của NHNN về việc chấp thuận cho OCB thay địa điểm Phòng giao dịch Trảng Bàng,Ngân hàng Thương mại Cổ phần Phương Đông thông báo công văn của NHNN về việc chấp thuận cho OCB thay địa điểm Phòng giao dịch Trảng Bàng,https://cafef.vn/du-lieu/OCB-1850797/ocb-thong-bao-cong-van-cua-nhnn-ve-viec-chap-thuan-cho-ocb-thay-dia-diem-phong-giao-dich-trang-bang.chn,cafef
2023-10-13,OCB: Thông báo thay đổi địa điểm PGD Trảng Bàng,Ngân hàng Thương mại Cổ phần Phương Đông thông báo thay đổi địa điểm PGD Trảng Bàng,https://cafef.vn/du-lieu/OCB-1846135/ocb-thong-bao-thay-doi-dia-diem-pgd-trang-bang.chn,cafef
2023-10-12,OCB: Thông báo thay đổi địa điểm PGD Hòa Thành,Ngân hàng Thương mại Cổ phần Phương Đông thông báo thay đổi địa điểm PGD Hòa Thành,https://cafef.vn/du-lieu/OCB-1842889/ocb-thong-bao-thay-doi-dia-diem-pgd-hoa-thanh.chn,cafef
2023-10-12,OCB: Thông báo thay đổi địa điểm CN Hà Tĩnh,Ngân hàng Thương mại Cổ phần Phương Đông thông báo thay đổi địa điểm CN Hà Tĩnh,https://cafef.vn/du-lieu/OCB-1842892/ocb-thong-bao-thay-doi-dia-diem-cn-ha-tinh.chn,cafef
2023-10-12,OCB: Thông báo thay đổi địa điểm CN Phú Yên,Ngân hàng Thương mại Cổ phần Phương Đông thông báo thay đổi địa điểm CN Phú Yên,https://cafef.vn/du-lieu/OCB-1842895/ocb-thong-bao-thay-doi-dia-diem-cn-phu-yen.chn,cafef
2023-10-09,OCB: Thông báo thay đổi địa điểm PGD Tam Điệp,Ngân hàng Thương mại Cổ phần Phương Đông thông báo thay đổi địa điểm PGD Tam Điệp,https://cafef.vn/du-lieu/OCB-1838561/ocb-thong-bao-thay-doi-dia-diem-pgd-tam-diep.chn,cafef
2023-10-09,OCB: Thông báo công văn của UBCKNN về tài liệu báo cáo phát hành cổ phiếu để tăng vốn cổ phần từ NVCSH của MSB,Ngân hàng Thương mại Cổ phần Phương Đông thông báo công văn của UBCKNN về tài liệu báo cáo phát hành cổ phiếu để tăng vốn cổ phần từ NVCSH của MSB,https://cafef.vn/du-lieu/OCB-1838640/ocb-thong-bao-cong-van-cua-ubcknn-ve-tai-lieu-bao-cao-phat-hanh-co-phieu-de-tang-von-co-phan-tu-nvcsh-cua-msb.chn,cafef
2023-09-29,OCB: Nghị quyết HĐQT về việc thành lập chi nhánh năm 2023,Ngân hàng Thương mại Cổ phần Phương Đông thông báo Nghị quyết HĐQT về việc thành lập chi nhánh năm 2023,https://cafef.vn/du-lieu/OCB-1823129/ocb-nghi-quyet-hdqt-ve-viec-thanh-lap-chi-nhanh-nam-2023.chn,cafef
2023-09-28,OCB: Nghị quyết HĐQT về việc thành lập các phòng giao dịch năm 2023,Ngân hàng Thương mại Cổ phần Phương Đông thông báo Nghị quyết HĐQT về thành lập các phòng giao dịch năm 2023,https://cafef.vn/du-lieu/OCB-1821842/ocb-nghi-quyet-hdqt-ve-viec-thanh-lap-cac-phong-giao-dich-nam-2023.chn,cafef
2023-09-27,OCB: Số lượng cổ phiếu có quyền biểu quyết đang lưu hành là 2.054.824.294 cp,Ngân hàng Thương mại Cổ phần Phương Đông thông báo thay đổi số lượng cổ phiếu có quyền biểu quyết đang lưu hành như sau,https://cafef.vn/du-lieu/OCB-1820718/ocb-so-luong-co-phieu-co-quyen-bieu-quyet-dang-luu-hanh-la-2054824294-cp.chn,cafef
2023-09-27,OCB: Nghị quyết HĐQT v/v thay đổi địa điểm trụ sở phòng giao dịch Bãi Cháy,Ngân hàng Thương mại Cổ phần Phương Đông thông báo Nghị quyết HĐQT về việc thay đổi địa điểm trụ sở phòng giao dịch Bãi Cháy như sau,https://cafef.vn/du-lieu/OCB-1820726/ocb-nghi-quyet-hdqt-vv-thay-doi-dia-diem-tru-so-phong-giao-dich-bai-chay.chn,cafef
2023-09-27,OCB: NQ HĐQT v/v kết quả phát hành và xử lý cổ phần lẻ,Ngân hàng Thương mại Cổ phần Phương Đông thông báo Nghị quyết HĐQT về việc thông qua kết quả phát hành và xử lý cổ phần lẻ phát sinh trong đợt PH cổ phiếu để tăng vốn cổ phần từ NVCSH như sau,https://cafef.vn/du-lieu/OCB-1820729/ocb-nq-hdqt-vv-ket-qua-phat-hanh-va-xu-ly-co-phan-le.chn,cafef
2023-09-25,OCB: Thông báo công văn của NHNN về việc chấp thuận cho OCB thay địa điểm Chi nhánh Thái Bình,Ngân hàng Thương mại Cổ phần Phương Đông thông báo công văn của NHNN về việc chấp thuận cho OCB thay địa điểm Chi nhánh Thái Bình như sau,https://cafef.vn/du-lieu/OCB-1818180/ocb-thong-bao-cong-van-cua-nhnn-ve-viec-chap-thuan-cho-ocb-thay-dia-diem-chi-nhanh-thai-binh.chn,cafef
2023-09-21,OCB: Nghị quyết HĐQT v/v thay đổi địa điểm Chi nhánh Long Biên - PGD Times City,Ngân hàng Thương mại Cổ phần Phương Đông thông báo Nghị quyết HĐQT về việc thay đổi địa điểm Chi nhánh Long Biên - PGD Times City như sau,https://cafef.vn/du-lieu/OCB-1813422/ocb-nghi-quyet-hdqt-vv-thay-doi-dia-diem-chi-nhanh-long-bien-pgd-times-city.chn,cafef
2023-09-21,OCB: Nghị quyết HĐQT v/v thay đổi địa điểm đặt trụ sở Chi nhánh Hà Thành,Ngân hàng Thương mại Cổ phần Phương Đông thông báo Nghị quyết HĐQT về việc thay đổi địa điểm đặt trụ sở Chi nhánh Hà Thành như sau,https://cafef.vn/du-lieu/OCB-1813496/ocb-nghi-quyet-hdqt-vv-thay-doi-dia-diem-dat-tru-so-chi-nhanh-ha-thanh.chn,cafef
2023-09-15,OCB: Công văn của NHNN v/v chấp thuận cho OCB thay địa điểm Phòng giao dịch Phú Thọ,Ngân hàng Thương mại Cổ phần Phương Đông thông báo công văn của NHNN về việc chấp thuận cho OCB thay địa điểm Phòng giao dịch Phú Thọ như sau,https://cafef.vn/du-lieu/OCB-1805439/ocb-cong-van-cua-nhnn-vv-chap-thuan-cho-ocb-thay-dia-diem-phong-giao-dich-phu-tho.chn,cafef
2023-09-12,OCB: Nghị quyết HĐQT phê duyệt đăng ký giao dịch trái phiếu riêng lẻ,Ngân hàng Thương mại Cổ phần Phương Đông thông báo Nghị quyết HĐQT phê duyệt đăng ký giao dịch trái phiếu riêng lẻ như sau,https://cafef.vn/du-lieu/OCB-1801298/ocb-nghi-quyet-hdqt-phe-duyet-dang-ky-giao-dich-trai-phieu-rieng-le.chn,cafef
2023-09-11,OCB: Nghị quyết HĐQT v/v thay đổi địa điểm trụ sở phòng giao dịch Quang Trung,Ngân hàng Thương mại Cổ phần Phương Đông thông báo Nghị quyết HĐQT về việc thay đổi địa điểm trụ sở phòng giao dịch Quang Trung như sau,https://cafef.vn/du-lieu/OCB-1799000/ocb-nghi-quyet-hdqt-vv-thay-doi-dia-diem-tru-so-phong-giao-dich-quang-trung.chn,cafef
2023-09-11,OCB: Nghị quyết HĐQT v/v thay đổi địa điểm trụ sở phòng giao dịch Tân Sơn,Ngân hàng Thương mại Cổ phần Phương Đông thông báo Nghị quyết HĐQT về việc thay đổi địa điểm trụ sở phòng giao dịch Tân Sơn như sau,https://cafef.vn/du-lieu/OCB-1799019/ocb-nghi-quyet-hdqt-vv-thay-doi-dia-diem-tru-so-phong-giao-dich-tan-son.chn,cafef
2023-09-11,OCB: Nghị quyết HĐQT v/v thay đổi địa điểm trụ sở phòng giao dịch Phú Thọ,Ngân hàng Thương mại Cổ phần Phương Đông thông báo Nghị quyết HĐQT về việc thay đổi địa điểm trụ sở phòng giao dịch Phú Thọ như sau,https://cafef.vn/du-lieu/OCB-1799026/ocb-nghi-quyet-hdqt-vv-thay-doi-dia-diem-tru-so-phong-giao-dich-phu-tho.chn,cafef
2023-09-08,OCB: CBTT Nghị quyết HĐQT v/v thay đổi địa điểm PGD Phan Ngọc Hiển,Ngân hàng Thương mại Cổ phần Phương Đông thông báo Nghị quyết HĐQT về việc thay đổi địa điểm PGD Phan Ngọc Hiển như sau,https://cafef.vn/du-lieu/OCB-1795791/ocb-cbtt-nghi-quyet-hdqt-vv-thay-doi-dia-diem-pgd-phan-ngoc-hien.chn,cafef
2023-09-08,OCB: CBTT Nghị quyết HĐQT v/v chốt danh sách cổ đông để thực hiện quyền nhận cổ phiếu phát hành,Ngân hàng Thương mại Cổ phần Phương Đông thông báo Nghị quyết HĐQT về việc chốt danh sách cổ đông để thực hiện quyền nhận cổ phiếu phát hành như sau,https://cafef.vn/du-lieu/OCB-1795907/ocb-cbtt-nghi-quyet-hdqt-vv-chot-danh-sach-co-dong-de-thuc-hien-quyen-nhan-co-phieu-phat-hanh.chn,cafef
2023-09-08,OCB: Phát hành cổ phiếu để tăng vốn cổ phần,Ngân hàng Thương mại Cổ phần Phương Đông thông báo phát hành cổ phiếu để tăng vốn cổ phần như sau,https://cafef.vn/du-lieu/OCB-1795910/ocb-phat-hanh-co-phieu-de-tang-von-co-phan.chn,cafef
2023-09-06,OCB: Thông báo NHNN chấp thuận thay đổi địa điểm trụ sở CN Bình Phước,Ngân hàng Thương mại Cổ phần Phương Đông thông báo NHNN chấp thuận thay đổi địa điểm trụ sở CN Bình Phước như sau,https://cafef.vn/du-lieu/OCB-1793119/ocb-thong-bao-nhnn-chap-thuan-thay-doi-dia-diem-tru-so-cn-binh-phuoc.chn,cafef
2023-08-29,OCB: Thay đổi địa điểm đặt trụ sở CN Bình Phước,Ngân hàng Thương mại Cổ phần Phương Đông thông báo thay đổi địa điểm đặt trụ sở CN Bình Phước như sau,https://cafef.vn/du-lieu/OCB-1784139/ocb-thay-doi-dia-diem-dat-tru-so-cn-binh-phuoc.chn,cafef
2023-08-29,OCB: Giải trình biến động LNST so với cùng kỳ trên BCTC soát xét bán niên năm 2023 so với cùng kỳ năm trước,Ngân hàng Thương mại Cổ phần Phương Đông giải trình biến động LNST so với cùng kỳ trên BCTC soát xét bán niên năm 2023 so với cùng kỳ năm trước như sau,https://cafef.vn/du-lieu/OCB-1784147/ocb-giai-trinh-bien-dong-lnst-so-voi-cung-ky-tren-bctc-soat-xet-ban-nien-nam-2023-so-voi-cung-ky-nam-truoc.chn,cafef
2023-08-24,OCB: Thông báo NHNN chấp thuận thay đổi địa chỉ CN Hải Phòng,Ngân hàng Thương mại Cổ phần Phương Đông thông báo NHNN chấp thuận thay đổi địa chỉ CN Hải Phòng như sau,https://cafef.vn/du-lieu/OCB-1777402/ocb-thong-bao-nhnn-chap-thuan-thay-doi-dia-chi-cn-hai-phong.chn,cafef
2023-08-15,OCB: Công văn của NHNN v/v chấp thuận cho OCB thay địa điểm trụ sở Phòng giao dịch Ea H`Leo,Ngân hàng Thương mại Cổ phần Phương Đông thông báo công văn của NHNN về việc chấp thuận cho OCB thay địa điểm trụ sở Phòng giao dịch Ea H`Leo như sau,https://cafef.vn/du-lieu/OCB-1764980/ocb-cong-van-cua-nhnn-vv-chap-thuan-cho-ocb-thay-dia-diem-tru-so-phong-giao-dich-ea-hleo.chn,cafef
2023-08-15,OCB: Công văn của NHNN v/v chấp thuận cho OCB thay địa điểm trụ sở Phòng giao dịch Hàm Nghi,Ngân hàng Thương mại Cổ phần Phương Đông thông báo công văn của NHNN về việc chấp thuận cho OCB thay địa điểm trụ sở Phòng giao dịch Hàm Nghi như sau,https://cafef.vn/du-lieu/OCB-1764981/ocb-cong-van-cua-nhnn-vv-chap-thuan-cho-ocb-thay-dia-diem-tru-so-phong-giao-dich-ham-nghi.chn,cafef
2023-08-14,OCB: Nghị quyết HĐQT v/v lựa chọn đơn vị kiểm toán,Ngân hàng Thương mại Cổ phần Phương Đông thông báo Nghị quyết HĐQT về việc lựa chọn đơn vị kiểm toán tình hình sử dụng số tiền thu được từ phát hành trái phiếu như sau,https://cafef.vn/du-lieu/OCB-1763342/ocb-nghi-quyet-hdqt-vv-lua-chon-don-vi-kiem-toan.chn,cafef
2023-08-14,OCB: Nghị quyết HĐQT v/v thay đổi tên và địa điểm hoạt động của Phòng GD Tam Điệp,Ngân hàng Thương mại Cổ phần Phương Đông thông báo Nghị quyết HĐQT về việc thay đổi tên và địa điểm hoạt động của Phòng GD Tam Điệp như sau,https://cafef.vn/du-lieu/OCB-1764058/ocb-nghi-quyet-hdqt-vv-thay-doi-ten-va-dia-diem-hoat-dong-cua-phong-gd-tam-diep.chn,cafef
2023-08-10,OCB: Thay đổi địa điểm PGD Hàm Nghi,Ngân hàng Thương mại Cổ phần Phương Đông thông báo thay đổi địa điểm PGD Hàm Nghi như sau,https://cafef.vn/du-lieu/OCB-1759883/ocb-thay-doi-dia-diem-pgd-ham-nghi.chn,cafef
2023-08-07,OCB: Nghị quyết HĐQT v/v thay đổi địa điểm tru sở Chi nhánh Hà Tĩnh,Ngân hàng Thương mại Cổ phần Phương Đông thông báo Nghị quyết HĐQT về việc thay đổi địa điểm tru sở Chi nhánh Hà Tĩnh như sau,https://cafef.vn/du-lieu/OCB-1755031/ocb-nghi-quyet-hdqt-vv-thay-doi-dia-diem-tru-so-chi-nhanh-ha-tinh.chn,cafef
2023-07-31,OCB: Nghị quyết HĐQT v/v thay đổi địa điểm Chi nhánh Đắk Lắk - PGD Ea H'leo,Ngân hàng Thương mại Cổ phần Phương Đông thông báo Nghị quyết HĐQT về việc thay đổi địa điểm Chi nhánh Đắk Lắk - PGD Ea H'leo như sau,https://cafef.vn/du-lieu/OCB-781077/ocb-nghi-quyet-hdqt-vv-thay-doi-dia-diem-chi-nhanh-dak-lak-pgd-ea-hleo.chn,cafef
2023-07-28,"OCB hoàn thành kế hoạch 6 tháng đầu năm, tích cực đồng hành cùng khách hàng","Ngân hàng TMCP Phương Đông (Mã: OCB) vừa công bố kết quả kinh doanh quý 2/2023 với đà tăng trưởng tích cực, cùng hàng loạt chính sách hỗ trợ, đồng hành cùng khách hàng cá nhân và doanh nghiệp.",https://cafef.vn/ocb-hoan-thanh-ke-hoach-6-thang-dau-nam-tich-cuc-dong-hanh-cung-khach-hang-18823072816314026.chn,cafef
2023-07-28,OCB: Giải trình kết quả kinh doanh riêng và hợp nhất Q2/2023,Ngân hàng Thương mại Cổ phần Phương Đông giải trình kết quả kinh doanh riêng và hợp nhất Q2/2023 như sau,https://cafef.vn/du-lieu/OCB-780260/ocb-giai-trinh-ket-qua-kinh-doanh-rieng-va-hop-nhat-q22023.chn,cafef
2023-07-28,OCB: Báo cáo tình hình quản trị công ty 6 tháng đầu năm 2023,Ngân hàng Thương mại Cổ phần Phương Đông công bố Báo cáo tình hình quản trị công ty 6 tháng đầu năm 2023 như sau,https://cafef.vn/du-lieu/OCB-1748516/ocb-bao-cao-tinh-hinh-quan-tri-cong-ty-6-thang-dau-nam-2023.chn,cafef
2023-07-26,OCB: Ký kết hợp đồng kiểm toán BCTC 2023,Ngân hàng Thương mại Cổ phần Phương Đông thông báo ký kết hợp đồng kiểm toán BCTC 2023 như sau,https://cafef.vn/du-lieu/OCB-774488/ocb-ky-ket-hop-dong-kiem-toan-bctc-2023.chn,cafef
2023-07-26,OCB: Nghị quyết HĐQT v/v thay đổi địa chỉ trụ sở chi nhánh Hải Phòng,Ngân hàng Thương mại Cổ phần Phương Đông thông báo Nghị quyết HĐQT về việc thay đổi địa chỉ trụ sở chi nhánh Hải Phòng như sau,https://cafef.vn/du-lieu/OCB-775000/ocb-nghi-quyet-hdqt-vv-thay-doi-dia-chi-tru-so-chi-nhanh-hai-phong.chn,cafef
2023-07-14,OCB: Thay đổi địa điểm PGD Châu Văn Liêm,Ngân hàng Thương mại Cổ phần Phương Đông thông báo thay đổi địa điểm PGD Châu Văn Liêm như sau,https://cafef.vn/du-lieu/OCB-760833/ocb-thay-doi-dia-diem-pgd-chau-van-liem.chn,cafef
2023-07-14,OCB: Thay đổi địa điểm PGD Hóc Môn,Ngân hàng Thương mại Cổ phần Phương Đông thông báo thay đổi địa điểm PGD Hóc Môn như sau,https://cafef.vn/du-lieu/OCB-760941/ocb-thay-doi-dia-diem-pgd-hoc-mon.chn,cafef
2023-07-11,OCB: Nghị quyết HĐQT v/v thông qua khoản cấp tín dụng đối với CTCP Thực phẩm Xanh,Ngân hàng Thương mại Cổ phần Phương Đông công bố Nghị quyết HĐQT về việc thông qua khoản cấp tín dụng đối với CTCP Thực phẩm Xanh như sau,https://cafef.vn/du-lieu/OCB-758359/ocb-nghi-quyet-hdqt-vv-thong-qua-khoan-cap-tin-dung-doi-voi-ctcp-thuc-pham-xanh.chn,cafef
2023-07-06,OCB: Nghị quyết HĐQT v/v thay đổi địa điểm trụ sở phòng giao dịch Hóc Môn,Ngân hàng Thương mại Cổ phần Phương Đông thông báo Nghị quyết HĐQT về việc thay đổi địa điểm trụ sở phòng giao dịch Hóc Môn như sau,https://cafef.vn/du-lieu/OCB-541792/ocb-nghi-quyet-hdqt-vv-thay-doi-dia-diem-tru-so-phong-giao-dich-hoc-mon.chn,cafef
2023-07-06,OCB: Nghị quyết HĐQT v/v thay đổi địa điểm trụ sở Chi nhánh Thái Bình,Ngân hàng Thương mại Cổ phần Phương Đông thông báo Nghị quyết HĐQT về việc thay đổi địa điểm trụ sở Chi nhánh Thái Bình như sau,https://cafef.vn/du-lieu/OCB-541793/ocb-nghi-quyet-hdqt-vv-thay-doi-dia-diem-tru-so-chi-nhanh-thai-binh.chn,cafef
2023-07-05,OCB: Nghị quyết HĐQT v/v thay đổi địa điểm trụ sở PGD Châu Văn Liêm,Ngân hàng Thương mại Cổ phần Phương Đông thông báo Nghị quyết HĐQT về việc thay đổi địa điểm trụ sở PGD Châu Văn Liêm như sau,https://cafef.vn/du-lieu/OCB-538892/ocb-nghi-quyet-hdqt-vv-thay-doi-dia-diem-tru-so-pgd-chau-van-liem.chn,cafef
2023-06-22,OCB: Nghị quyết HĐQT v/v chào bán và phát hành trái phiếu riêng lẻ,Ng&acirc;n h&agrave;ng Thương mại Cổ phần Phương Đ&ocirc;ng&nbsp;c&ocirc;ng bố&nbsp;Nghị quyết HĐQT về việc ch&agrave;o b&aacute;n v&agrave; ph&aacute;t h&agrave;nh tr&aacute;i phiếu ri&ecirc;ng lẻ như sau:,https://cafef.vn/du-lieu/OCB-527405/ocb-nghi-quyet-hdqt-vv-chao-ban-va-phat-hanh-trai-phieu-rieng-le.chn,cafef
2023-06-12,OCB: Nghị quyết HĐQT v/v thay đổi địa điểm trụ sở phòng giao dịch Từ Sơn,Ng&acirc;n h&agrave;ng Thương mại Cổ phần Phương Đ&ocirc;ng&nbsp;th&ocirc;ng b&aacute;o&nbsp;Nghị quyết HĐQT về việc thay đổi địa điểm trụ sở ph&ograve;ng giao dịch Từ Sơn như sau:,https://cafef.vn/du-lieu/OCB-216452/ocb-nghi-quyet-hdqt-vv-thay-doi-dia-diem-tru-so-phong-giao-dich-tu-son.chn,cafef
2023-06-12,OCB: Nghị quyết HĐQT v/v điều chỉnh nội dung phương án chào bán và phát hành trái phiếu riêng lẻ,Ng&acirc;n h&agrave;ng Thương mại Cổ phần Phương Đ&ocirc;ng&nbsp;th&ocirc;ng b&aacute;o&nbsp;Nghị quyết HĐQT về việc điều chỉnh nội dung phương &aacute;n ch&agrave;o b&aacute;n v&agrave; ph&aacute;t h&agrave;nh tr&aacute;i phiếu ri&ecirc;ng lẻ như sau:,https://cafef.vn/du-lieu/OCB-216455/ocb-nghi-quyet-hdqt-vv-dieu-chinh-noi-dung-phuong-an-chao-ban-va-phat-hanh-trai-phieu-rieng-le.chn,cafef
2023-06-05,OCB: Công văn của NHNN v/v chấp thuận cho OCB tăng vốn điều lệ,Ng&acirc;n h&agrave;ng Thương mại Cổ phần Phương Đ&ocirc;ng&nbsp;th&ocirc;ng b&aacute;o c&ocirc;ng văn của NHNN về việc chấp thuận cho OCB tăng vốn điều lệ&nbsp;như sau,https://cafef.vn/du-lieu/OCB-220385/ocb-cong-van-cua-nhnn-vv-chap-thuan-cho-ocb-tang-von-dieu-le.chn,cafef
2023-05-16,OCB: Nghị quyết HĐQT về triển khai phương án tăng VĐL năm 2023,Ng&acirc;n h&agrave;ng Thương mại Cổ phần Phương Đ&ocirc;ng&nbsp;th&ocirc;ng b&aacute;o&nbsp;Nghị quyết HĐQT về triển khai phương &aacute;n tăng VĐL năm 2023 như sau:,https://cafef.vn/du-lieu/OCB-232490/ocb-nghi-quyet-hdqt-ve-trien-khai-phuong-an-tang-vdl-nam-2023.chn,cafef
2023-05-10,OCB: Nghị quyết HĐQT triển khai phương án tăng VĐL năm 2023,Ng&acirc;n h&agrave;ng Thương mại Cổ phần Phương Đ&ocirc;ng&nbsp;th&ocirc;ng b&aacute;o&nbsp;Nghị quyết HĐQT triển khai phương &aacute;n tăng VĐL năm 2023&nbsp;như sau:,https://cafef.vn/du-lieu/OCB-236099/ocb-nghi-quyet-hdqt-trien-khai-phuong-an-tang-vdl-nam-2023.chn,cafef
2023-04-28,OCB: Biên bản họp và nghị quyết ĐHĐCĐ thường niên năm 2023,&nbsp;Ng&acirc;n h&agrave;ng Thương mại Cổ phần Phương Đ&ocirc;ng&nbsp;th&ocirc;ng b&aacute;o bi&ecirc;n bản họp v&agrave; nghị quyết ĐHĐCĐ thường ni&ecirc;n năm 2023 như sau:,https://cafef.vn/du-lieu/OCB-241919/ocb-bien-ban-hop-va-nghi-quyet-dhdcd-thuong-nien-nam-2023.chn,cafef
2023-04-27,OCB: Nghị quyết HĐQT về cấp tín dụng cho CTCP Sợi Thế Kỷ,Ng&acirc;n h&agrave;ng Thương mại Cổ phần Phương Đ&ocirc;ng&nbsp;th&ocirc;ng b&aacute;o&nbsp;Nghị quyết HĐQT về cấp t&iacute;n dụng cho CTCP Sợi Thế Kỷ&nbsp;như sau:,https://cafef.vn/du-lieu/OCB-244310/ocb-nghi-quyet-hdqt-ve-cap-tin-dung-cho-ctcp-soi-the-ky.chn,cafef
2023-04-27,OCB: Giải trình chênh lệch lợi nhuận sau thuế quý 1/2023 so với quý 1/2022,Ngân hàng Thương mại Cổ phần Phương Đông&nbsp;thông báo giải trình chênh lệch lợi nhuận sau thuế quý 1/2023 so với quý 1/2022 như sau:,https://cafef.vn/du-lieu/OCB-244553/ocb-giai-trinh-chenh-lech-loi-nhuan-sau-thue-quy-12023-so-voi-quy-12022.chn,cafef
2023-04-20,OCB: Công văn của NHNN v/v chấp thuận cho OCB thay đổi địa điểm Phòng giao dịch Đống Đa,Ngân hàng Thương mại Cổ phần Phương Đông&nbsp;thông báo&nbsp;công văn của NHNN về việc chấp thuận cho OCB thay đổi địa điểm Phòng giao dịch&nbsp;Đống Đa như sau:,https://cafef.vn/du-lieu/OCB-256061/ocb-cong-van-cua-nhnn-vv-chap-thuan-cho-ocb-thay-doi-dia-diem-phong-giao-dich-dong-da.chn,cafef
2023-04-20,OCB: Công văn của NHNN về việc chấp thuận cho OCB thay đổi địa điểm Phòng giao dịch Thanh Khê,Ngân hàng Thương mại Cổ phần Phương Đông&nbsp;thông báo&nbsp;công văn của NHNN về việc chấp thuận cho OCB thay đổi địa điểm Phòng giao dịch Thanh Khê như sau:,https://cafef.vn/du-lieu/OCB-256070/ocb-cong-van-cua-nhnn-ve-viec-chap-thuan-cho-ocb-thay-doi-dia-diem-phong-giao-dich-thanh-khe.chn,cafef
2023-04-13,OCB: Công văn của NHNNVN chấp thuận thành lập PGD Tam Điệp tại Ninh Bình,Ng&acirc;n h&agrave;ng Thương mại Cổ phần Phương Đ&ocirc;ng th&ocirc;ng b&aacute;o&nbsp;c&ocirc;ng văn của NHNNVN chấp thuận th&agrave;nh lập PGD Tam Điệp tại Ninh B&igrave;nh&nbsp;như sau:,https://cafef.vn/du-lieu/OCB-266873/ocb-cong-van-cua-nhnnvn-chap-thuan-thanh-lap-pgd-tam-diep-tai-ninh-binh.chn,cafef
2023-04-13,OCB: Công văn của NHNNVN chấp thuận thành lập PGD Tam Điệp tại Ninh Bình,Ng&acirc;n h&agrave;ng Thương mại Cổ phần Phương Đ&ocirc;ng th&ocirc;ng b&aacute;o&nbsp;c&ocirc;ng văn của NHNNVN chấp thuận th&agrave;nh lập PGD Tam Điệp tại Ninh B&igrave;nh&nbsp;như sau:,https://cafef.vn/du-lieu/OCB-266879/ocb-cong-van-cua-nhnnvn-chap-thuan-thanh-lap-pgd-tam-diep-tai-ninh-binh.chn,cafef
2023-04-07,OCB: Nghị quyết HĐQT về thay đổi địa điểm PGD Đống Đa,Ng&acirc;n h&agrave;ng Thương mại Cổ phần Phương Đ&ocirc;ng&nbsp;th&ocirc;ng b&aacute;o&nbsp;Nghị quyết HĐQT về thay đổi địa điểm PGD Đống Đa như sau:,https://cafef.vn/du-lieu/OCB-275903/ocb-nghi-quyet-hdqt-ve-thay-doi-dia-diem-pgd-dong-da.chn,cafef
2023-04-07,OCB: Nghị quyết HĐQT về thay đổi địa điểm PGD Thanh Khê,Ng&acirc;n h&agrave;ng Thương mại Cổ phần Phương Đ&ocirc;ng&nbsp;th&ocirc;ng b&aacute;o&nbsp;Nghị quyết HĐQT về thay đổi địa điểm PGD&nbsp;Thanh Kh&ecirc; như sau:,https://cafef.vn/du-lieu/OCB-275912/ocb-nghi-quyet-hdqt-ve-thay-doi-dia-diem-pgd-thanh-khe.chn,cafef
2023-04-06,"OCB: Thời gian, địa điểm và tài liệu họp ĐHĐCĐ thường niên 2023","Ng&acirc;n h&agrave;ng Thương mại Cổ phần Phương Đ&ocirc;ng&nbsp;th&ocirc;ng b&aacute;o&nbsp;thời gian, địa điểm v&agrave; t&agrave;i liệu họp ĐHĐCĐ thường ni&ecirc;n 2023 như sau:",https://cafef.vn/du-lieu/OCB-278105/ocb-thoi-gian-dia-diem-va-tai-lieu-hop-dhdcd-thuong-nien-2023.chn,cafef
2023-04-06,"OCB: Thời gian, địa điểm và tài liệu họp ĐHĐCĐ thường niên 2023","Ng&acirc;n h&agrave;ng Thương mại Cổ phần Phương Đ&ocirc;ng&nbsp;th&ocirc;ng b&aacute;o&nbsp;thời gian, địa điểm v&agrave; t&agrave;i liệu họp ĐHĐCĐ thường ni&ecirc;n 2023 như sau:",https://cafef.vn/du-lieu/OCB-278108/ocb-thoi-gian-dia-diem-va-tai-lieu-hop-dhdcd-thuong-nien-2023.chn,cafef
2023-04-06,OCB: Nghị quyết HĐQT v/v thông qua kế hoạch kinh doanh năm 2023,&nbsp;Ng&acirc;n h&agrave;ng Thương mại Cổ phần Phương Đ&ocirc;ng&nbsp;th&ocirc;ng b&aacute;o&nbsp;Nghị quyết HĐQT về việc th&ocirc;ng qua kế hoạch kinh doanh năm 2023 như sau:,https://cafef.vn/du-lieu/OCB-278111/ocb-nghi-quyet-hdqt-vv-thong-qua-ke-hoach-kinh-doanh-nam-2023.chn,cafef
2023-03-31,OCB: Giải trình biến động kết quả kinh doanh năm 2022 so với năm 2021,Ng&acirc;n h&agrave;ng Thương mại Cổ phần Phương Đ&ocirc;ng&nbsp;c&ocirc;ng bố giải tr&igrave;nh&nbsp;biến động kết quả kinh doanh năm 2022 so với năm 2021&nbsp;như sau:,https://cafef.vn/du-lieu/OCB-288755/ocb-giai-trinh-bien-dong-ket-qua-kinh-doanh-nam-2022-so-voi-nam-2021.chn,cafef
2023-03-31,"BCTC kiểm toán 2022: OCB giữ ổn định mảng kinh doanh lõi, NIM tăng nhờ tối ưu cơ cấu tài sản sinh lãi","Duy trì tăng trưởng mảng kinh doanh lõi, tái cấu trúc tài sản theo hướng lành mạnh và đẩy mạnh phát triển kênh số,… là những điểm sáng trong bức tranh hoạt động của OCB vào năm 2022 đầy biến động.",https://cafef.vn/bctc-kiem-toan-2022-ocb-giu-on-dinh-mang-kinh-doanh-loi-nim-tang-nho-toi-uu-co-cau-tai-san-sinh-lai-188230331162915798.chn,cafef
2023-03-29,OCB: Nghị quyết HĐQT v/v lựa chọn đơn vị kiểm toán,Ng&acirc;n h&agrave;ng Thương mại Cổ phần Phương Đ&ocirc;ng c&ocirc;ng bố&nbsp;Nghị quyết HĐQT về việc lựa chọn đơn vị kiểm to&aacute;n thực hiện kiểm to&aacute;n b&aacute;o c&aacute;o t&igrave;nh h&igrave;nh sử dụng số tiền thu được từ việc ph&aacute;t h&agrave;nh tr&aacute;i phiếu như sau:,https://cafef.vn/du-lieu/OCB-292610/ocb-nghi-quyet-hdqt-vv-lua-chon-don-vi-kiem-toan.chn,cafef
2023-03-29,Lịch họp cổ đông thường niên chi tiết của các ngân hàng trong năm 2023,"Hết tháng 3 này, các ngân hàng sẽ hoàn thành chốt danh sách cổ đông tham dự đại hội cổ đông thường niên năm 2023.",https://cafef.vn/lich-hop-co-dong-thuong-nien-chi-tiet-cua-cac-ngan-hang-trong-nam-2023-188230329083541289.chn,cafef
2023-03-28,OCB: Công văn của NHNN v/v chấp thuận thay địa điểm đặt trụ sở Phòng GD Tân Phước Khánh,&nbsp;Ng&acirc;n h&agrave;ng Thương mại Cổ phần Phương Đ&ocirc;ng&nbsp;th&ocirc;ng b&aacute;o&nbsp;c&ocirc;ng văn của NHNN về việc chấp thuận thay địa điểm đặt trụ sở Ph&ograve;ng GD T&acirc;n Phước Kh&aacute;nh như sau:,https://cafef.vn/du-lieu/OCB-294533/ocb-cong-van-cua-nhnn-vv-chap-thuan-thay-dia-diem-dat-tru-so-phong-gd-tan-phuoc-khanh.chn,cafef
2023-03-27,OCB: Nhận được công văn của NHNN chấp thuận thành lập 5 PGD,Ng&acirc;n h&agrave;ng Thương mại Cổ phần Phương Đ&ocirc;ng th&ocirc;ng b&aacute;o nhận được c&ocirc;ng văn của NHNN chấp thuận th&agrave;nh lập&nbsp;5 PGD như sau:,https://cafef.vn/du-lieu/OCB-296414/ocb-nhan-duoc-cong-van-cua-nhnn-chap-thuan-thanh-lap-5-pgd.chn,cafef
2023-03-27,OCB: Nhận được công văn NHNN chấp thuận thành lập 4 chi nhánh,Ng&acirc;n h&agrave;ng Thương mại Cổ phần Phương Đ&ocirc;ng th&ocirc;ng b&aacute;o nhận được c&ocirc;ng văn của NHNN chấp thuận th&agrave;nh lập 4 chi nh&aacute;nh như sau:,https://cafef.vn/du-lieu/OCB-296417/ocb-nhan-duoc-cong-van-nhnn-chap-thuan-thanh-lap-4-chi-nhanh.chn,cafef
2023-03-27,OCB: Nhận được công văn NHNN chấp thuận thành lập 4 chi nhánh,Ng&acirc;n h&agrave;ng Thương mại Cổ phần Phương Đ&ocirc;ng th&ocirc;ng b&aacute;o nhận được c&ocirc;ng văn của NHNN chấp thuận th&agrave;nh lập 4 chi nh&aacute;nh như sau:,https://cafef.vn/du-lieu/OCB-296420/ocb-nhan-duoc-cong-van-nhnn-chap-thuan-thanh-lap-4-chi-nhanh.chn,cafef
2023-03-27,OCB: Nhận được công văn NHNN chấp thuận thành lập 4 chi nhánh,Ng&acirc;n h&agrave;ng Thương mại Cổ phần Phương Đ&ocirc;ng th&ocirc;ng b&aacute;o nhận được c&ocirc;ng văn của NHNN chấp thuận th&agrave;nh lập 4 chi nh&aacute;nh như sau:,https://cafef.vn/du-lieu/OCB-296423/ocb-nhan-duoc-cong-van-nhnn-chap-thuan-thanh-lap-4-chi-nhanh.chn,cafef
2023-03-16,OCB: Nghị quyết HĐQT thay đổi địa điểm PGD Tân Phước Khánh,Ng&acirc;n h&agrave;ng Thương mại Cổ phần Phương Đ&ocirc;ng&nbsp;th&ocirc;ng b&aacute;o nghị quyết HĐQT thay đổi địa điểm PGD T&acirc;n Phước Kh&aacute;nh như sau:,https://cafef.vn/du-lieu/OCB-304958/ocb-nghi-quyet-hdqt-thay-doi-dia-diem-pgd-tan-phuoc-khanh.chn,cafef
2023-03-15,"OCB: 30.3.2023, ngày GDKHQ tham dự ĐHĐCĐ thường niên năm 2023",Sở Giao dịch Chứng kho&aacute;n TP.HCM th&ocirc;ng b&aacute;o ng&agrave;y ĐKCC tham dự&nbsp;ĐHĐCĐ thường ni&ecirc;n năm TC 2022&nbsp;Ng&acirc;n h&agrave;ng Thương mại Cổ phần Phương Đ&ocirc;ng như sau:,https://cafef.vn/du-lieu/OCB-306260/ocb-3032023-ngay-gdkhq-tham-du-dhdcd-thuong-nien-nam-2023.chn,cafef
2023-03-08,OCB: Nghị quyết HĐQT v/v tổ chức họp ĐHĐCĐ thường niên 2023,Ng&acirc;n h&agrave;ng Thương mại Cổ phần Phương Đ&ocirc;ng&nbsp;c&ocirc;ng bố&nbsp;Nghị quyết HĐQT về việc tổ chức họp ĐHĐCĐ thường ni&ecirc;n 2023 như sau:,https://cafef.vn/du-lieu/OCB-310127/ocb-nghi-quyet-hdqt-vv-to-chuc-hop-dhdcd-thuong-nien-2023.chn,cafef
2023-01-31,"Các mảng kinh doanh cốt lõi của OCB tiếp tục tăng trưởng tốt trong năm 2022, ngân hàng số bứt phá ấn tượng","Ngân hàng TMCP Phương Đông (OCB) vừa công bố kết quả kinh doanh quý IV/2022. Theo đó, tổng tài sản và các mảng kinh doanh cốt lõi đều tăng trưởng tốt, đặc biệt là sự bứt phá ấn tượng trong hoạt động chuyển đổi số và bán lẻ.",https://cafef.vn/cac-mang-kinh-doanh-cot-loi-cua-ocb-tiep-tuc-tang-truong-tot-trong-nam-2022-ngan-hang-so-but-pha-an-tuong-20230131075756924.chn,cafef
2023-01-30,OCB: Báo cáo tình hình quản trị công ty năm 2022,Ng&acirc;n h&agrave;ng Thương mại Cổ phần Phương Đ&ocirc;ng&nbsp;c&ocirc;ng bố&nbsp;B&aacute;o c&aacute;o t&igrave;nh h&igrave;nh quản trị c&ocirc;ng ty năm 2022 như sau:,https://cafef.vn/du-lieu/OCB-332900/ocb-bao-cao-tinh-hinh-quan-tri-cong-ty-nam-2022.chn,cafef
2023-01-09,OCB: Công văn của NHNN v/v chấp thuận cho OCB thay địa điểm trụ sở Phòng giao dịch Hội An,Ngân hàng Thương mại Cổ phần Phương Đông&nbsp;thông báo&nbsp;công văn của NHNN về việc chấp thuận cho OCB thay địa điểm trụ sở Phòng giao dịch Hội An như sau:,https://cafef.vn/du-lieu/OCB-341018/ocb-cong-van-cua-nhnn-vv-chap-thuan-cho-ocb-thay-dia-diem-tru-so-phong-giao-dich-hoi-an.chn,cafef
2023-01-06,"OCB: Huỷ ngày ĐKCC thực hiện quyền ứng cử, đề cử nhân sự HĐQT nhiệm kỳ 2020-2025","Sở Giao dịch Chứng khoán TP.HCM thông báo huỷ ngày ĐKCC thực hiện quyền ứng cử, đề cử nhân sự HĐQT nhiệm kỳ 2020-2025&nbsp;Ngân hàng Thương mại Cổ phần Phương Đông như sau:",https://cafef.vn/du-lieu/OCB-341744/ocb-huy-ngay-dkcc-thuc-hien-quyen-ung-cu-de-cu-nhan-su-hdqt-nhiem-ky-20202025.chn,cafef
2023-01-06,"OCB: 13.1.2023, ngày GDKHQ thực hiện quyền ứng cử, đề cử nhân sự HĐQT nhiệm kỳ 2020-2025","Ngân hàng Thương mại Cổ phần Phương Đông thông báo ngày ĐKCC thực hiện quyền ứng cử, đề cử nhân sự HĐQT nhiệm kỳ 2020-2025 như sau:",https://cafef.vn/du-lieu/OCB-341750/ocb-1312023-ngay-gdkhq-thuc-hien-quyen-ung-cu-de-cu-nhan-su-hdqt-nhiem-ky-20202025.chn,cafef
2022-12-30,"OCB: Nghị quyết HĐQT v/v hủy và chốt lại ngày ĐKCC để thực hiện quyền đề cử, ứng cử thành viên HĐQT","Ng&acirc;n h&agrave;ng Thương mại Cổ phần Phương Đ&ocirc;ng&nbsp;th&ocirc;ng b&aacute;o&nbsp;Nghị quyết HĐQT về việc hủy v&agrave; chốt lại ng&agrave;y đăng k&yacute; cuối c&ugrave;ng để thực hiện quyền đề cử, ứng cử th&agrave;nh vi&ecirc;n HĐQT như sau:",https://cafef.vn/du-lieu/OCB-344693/ocb-nghi-quyet-hdqt-vv-huy-va-chot-lai-ngay-dkcc-de-thuc-hien-quyen-de-cu-ung-cu-thanh-vien-hdqt.chn,cafef
2022-12-27,OCB: Nghị quyết HĐQT v/v thay đổi địa điểm trụ sở Phòng giao dịch Hội An,Ng&acirc;n h&agrave;ng Thương mại Cổ phần Phương Đ&ocirc;ng&nbsp;th&ocirc;ng b&aacute;o&nbsp;Nghị quyết HĐQT về việc thay đổi địa điểm trụ sở Ph&ograve;ng giao dịch Hội An như sau:,https://cafef.vn/du-lieu/OCB-346532/ocb-nghi-quyet-hdqt-vv-thay-doi-dia-diem-tru-so-phong-giao-dich-hoi-an.chn,cafef
2022-12-22,"OCB: 29.12.2022, ngày GDKHQ thực hiện quyền đề cử, ứng cử nhân sự","Sở Giao dịch Chứng khoán Thành phố Hồ Chí Minh thông báo&nbsp;ngày ĐKCC&nbsp;để thực hiện quyền đề cử, ứng cử nhân sự dự kiến bầu bổ Thành viên HĐQT, BKS nhiệm kỳ 2020-2025 của&nbsp;Ngân hàng Thương mại Cổ phần Phương Đông (mã CK: OCB)&nbsp;như sau:",https://cafef.vn/du-lieu/OCB-348653/ocb-29122022-ngay-gdkhq-thuc-hien-quyen-de-cu-ung-cu-nhan-su.chn,cafef
2022-12-21,OCB: Nghị quyết HĐQT v/v chọn Công ty kiểm toán BCTC năm 2023,Ng&acirc;n h&agrave;ng Thương mại Cổ phần Phương Đ&ocirc;ng th&ocirc;ng b&aacute;o nghị quyết HĐQT về việc chọn C&ocirc;ng ty kiểm to&aacute;n BCTC năm 2023 như sau:,https://cafef.vn/du-lieu/OCB-348923/ocb-nghi-quyet-hdqt-vv-chon-cong-ty-kiem-toan-bctc-nam-2023.chn,cafef
2022-12-14,OCB: Công văn của NHNN v/v chấp thuận cho OCB thay địa điểm Chi nhánh Thanh Hóa,Ngân hàng Thương mại Cổ phần Phương Đông&nbsp;thông báo công văn của NHNN về việc chấp thuận cho OCB thay địa điểm Chi nhánh Thanh Hóa như sau:,https://cafef.vn/du-lieu/OCB-352130/ocb-cong-van-cua-nhnn-vv-chap-thuan-cho-ocb-thay-dia-diem-chi-nhanh-thanh-hoa.chn,cafef
2022-12-09,OCB: Công văn của NHNN v/v chấp thuận cho OCB thay địa điểm đặt Phòng GD Hộ Phòng,Ngân hàng Thương mại Cổ phần Phương Đông&nbsp;thông báo&nbsp;công văn của NHNN về việc chấp thuận cho OCB thay địa điểm đặt Phòng GD Hộ Phòng như sau:,https://cafef.vn/du-lieu/OCB-353798/ocb-cong-van-cua-nhnn-vv-chap-thuan-cho-ocb-thay-dia-diem-dat-phong-gd-ho-phong.chn,cafef
2022-12-09,OCB: Công văn của NHNN v/v chấp thuận cho OCB thay địa điểm đặt Phòng GD Phú Mỹ,Ngân hàng Thương mại Cổ phần Phương Đông&nbsp;thông báo&nbsp;công văn của NHNN về việc chấp thuận cho OCB thay địa điểm đặt Phòng GD Phú Mỹ như sau:,https://cafef.vn/du-lieu/OCB-353804/ocb-cong-van-cua-nhnn-vv-chap-thuan-cho-ocb-thay-dia-diem-dat-phong-gd-phu-my.chn,cafef
2022-12-06,OCB: Nghị quyết HĐQT v/v thay đổi địa điểm phòng giao dịch Phú Mỹ,Ng&acirc;n h&agrave;ng Thương mại Cổ phần Phương Đ&ocirc;ng&nbsp;th&ocirc;ng b&aacute;o&nbsp;Nghị quyết HĐQT về việc thay đổi địa điểm ph&ograve;ng giao dịch Ph&uacute; Mỹ như sau:,https://cafef.vn/du-lieu/OCB-355589/ocb-nghi-quyet-hdqt-vv-thay-doi-dia-diem-phong-giao-dich-phu-my.chn,cafef
2022-12-01,OCB: Công văn của NHNN v/v chấp thuận thay đổi địa điểm trụ sở chi nhánh Đồng Tháp,Ngân hàng Thương mại Cổ phần Phương Đông công bố công văn của NHNN về việc chấp thuận thay đổi địa điểm trụ sở chi nhánh Đồng Tháp&nbsp;như sau:,https://cafef.vn/du-lieu/OCB-357308/ocb-cong-van-cua-nhnn-vv-chap-thuan-thay-doi-dia-diem-tru-so-chi-nhanh-dong-thap.chn,cafef
2022-11-30,OCB: Nghị quyết HĐQT v/v thay đổi địa điểm chi nhánh Thanh Hóa,Ng&acirc;n h&agrave;ng Thương mại Cổ phần Phương Đ&ocirc;ng&nbsp;th&ocirc;ng b&aacute;o&nbsp;Nghị quyết HĐQT về việc thay đổi địa điểm chi nh&aacute;nh Thanh H&oacute;a như sau:,https://cafef.vn/du-lieu/OCB-358034/ocb-nghi-quyet-hdqt-vv-thay-doi-dia-diem-chi-nhanh-thanh-hoa.chn,cafef
2022-11-24,OCB: Nghị quyết HĐQT v/v thay đổi địa điểm chi nhánh Đồng Tháp,Ng&acirc;n h&agrave;ng Thương mại Cổ phần Phương Đ&ocirc;ng&nbsp;th&ocirc;ng b&aacute;o&nbsp;Nghị quyết HĐQT về việc thay đổi địa điểm chi nh&aacute;nh Đồng Th&aacute;p như sau:,https://cafef.vn/du-lieu/OCB-360647/ocb-nghi-quyet-hdqt-vv-thay-doi-dia-diem-chi-nhanh-dong-thap.chn,cafef
2022-11-24,OCB: Nghị quyết HĐQT v/v thay đổi địa điểm trụ sở phòng giao dịch Hộ Phòng,Ng&acirc;n h&agrave;ng Thương mại Cổ phần Phương Đ&ocirc;ng&nbsp;th&ocirc;ng b&aacute;o&nbsp;Nghị quyết HĐQT về việc thay đổi địa điểm trụ sở ph&ograve;ng giao dịch Hộ Ph&ograve;ng như sau:,https://cafef.vn/du-lieu/OCB-360650/ocb-nghi-quyet-hdqt-vv-thay-doi-dia-diem-tru-so-phong-giao-dich-ho-phong.chn,cafef
2022-11-10,OCB: Nghị quyết HĐQT v/v thông qua chào bán và phát hành trái phiếu riêng lẻ quý 4/2022,Ng&acirc;n h&agrave;ng Thương mại Cổ phần Phương Đ&ocirc;ng&nbsp;th&ocirc;ng b&aacute;o&nbsp;Nghị quyết HĐQT về việc th&ocirc;ng qua ch&agrave;o b&aacute;n v&agrave; ph&aacute;t h&agrave;nh tr&aacute;i phiếu ri&ecirc;ng lẻ qu&yacute; 4/2022 như sau:,https://cafef.vn/du-lieu/OCB-366803/ocb-nghi-quyet-hdqt-vv-thong-qua-chao-ban-va-phat-hanh-trai-phieu-rieng-le-quy-42022.chn,cafef
2022-11-08,OCB: Nghị quyết HĐQT v/v triển khai phương án phát hành cp thưởng,Ng&acirc;n h&agrave;ng Thương mại Cổ phần Phương Đ&ocirc;ng th&ocirc;ng b&aacute;o&nbsp;Nghị quyết HĐQT về việc triển khai phương &aacute;n ph&aacute;t h&agrave;nh cổ phiếu thưởng cho cổ đ&ocirc;ng hiện hữu từ nguồn vốn chủ sở hữu để tăng vốn điều lệ như sau:,https://cafef.vn/du-lieu/OCB-367607/ocb-nghi-quyet-hdqt-vv-trien-khai-phuong-an-phat-hanh-cp-thuong.chn,cafef
2022-11-07,OCB: Nghị quyết HĐQT v/v thành lập 2 PGD tại TP.HCM trong năm 2022,Ng&acirc;n h&agrave;ng Thương mại Cổ phần Phương Đ&ocirc;ng th&ocirc;ng b&aacute;o nghị quyết HĐQT về việc th&agrave;nh lập 2 PGD tại TP.HCM trong năm 2022 như sau:,https://cafef.vn/du-lieu/OCB-368588/ocb-nghi-quyet-hdqt-vv-thanh-lap-2-pgd-tai-tphcm-trong-nam-2022.chn,cafef
2022-11-02,OCB: Công văn của NHNN v/v chấp thuận cho OCB tăng VĐL bằng phát hành cp thưởng từ NVCSH,Ngân hàng Thương mại Cổ phần Phương Đông&nbsp;thông báo&nbsp;công văn của NHNN về việc chấp thuận cho OCB tăng vốn điều lệ bằng hình thức phát hành cổ phiếu thưởng từ NVCSH như sau:,https://cafef.vn/du-lieu/OCB-370418/ocb-cong-van-cua-nhnn-vv-chap-thuan-cho-ocb-tang-vdl-bang-phat-hanh-cp-thuong-tu-nvcsh.chn,cafef
2022-10-29,"OCB 9 tháng đầu năm: Tổng tài sản cùng các mảng kinh doanh cốt lõi tăng tốt, “trái ngọt” từ mảng dịch vụ bán lẻ","9 tháng đầu năm 2022, tổng tài sản cùng các mảng kinh doanh cốt lõi của Ngân hàng TMCP Phương Đông (OCB) tăng trưởng tốt. Đặc biệt, với định hướng áp dụng chuyển đổi số và xây dựng sản phẩm “may đo” theo từng khách hàng đã giúp mảng dịch vụ của OCB gặt hái được những dấu ấn ấn tượng khi bối cảnh thị trường còn nhiều khó khăn.",https://cafef.vn/ocb-9-thang-dau-nam-tong-tai-san-cung-cac-mang-kinh-doanh-cot-loi-tang-tot-trai-ngot-tu-mang-dich-vu-ban-le-20221029105556652.chn,cafef
2022-10-28,OCB: Giải trình chênh lệch lợi nhuận sau thuế quý 3/2022 so với quý 3/2021,Ngân hàng Thương mại Cổ phần Phương Đông&nbsp;thông báo giải trình&nbsp;chênh lệch lợi nhuận sau thuế quý 3/2022 so với quý 3/2021&nbsp;như sau:,https://cafef.vn/du-lieu/OCB-373283/ocb-giai-trinh-chenh-lech-loi-nhuan-sau-thue-quy-32022-so-voi-quy-32021.chn,cafef
2022-09-30,OCB: Công văn của NHNN chi nhánh Hải Phòng chấp thuận thay đổi địa điểm Chi nhánh Hải Phòng,Ngân hàng Thương mại Cổ phần Phương Đông công bố công văn của NHNN chi nhánh Hải Phòng chấp thuận thay đổi địa điểm Chi nhánh Hải Phòng như sau:,https://cafef.vn/du-lieu/OCB-387470/ocb-cong-van-cua-nhnn-chi-nhanh-hai-phong-chap-thuan-thay-doi-dia-diem-chi-nhanh-hai-phong.chn,cafef
2022-09-30,OCB: Nghị quyết HĐQT không tiếp tục thực hiện phát hành cp ESOP,Ngân hàng Thương mại Cổ phần Phương Đông&nbsp;thông báo&nbsp;Nghị quyết HĐQT về việc không tiếp tục thực hiện phát hành cổ phiếu theo chương trình lựa chọn cho người lao động và phát hành cổ phiếu riêng lẻ như sau:,https://cafef.vn/du-lieu/OCB-387491/ocb-nghi-quyet-hdqt-khong-tiep-tuc-thuc-hien-phat-hanh-cp-esop.chn,cafef
2022-09-30,OCB: Nghị quyết HĐQT v/v triển khai tăng VĐL bằng phát hành cp thưởng,Ngân hàng Thương mại Cổ phần Phương Đông&nbsp;thông báo&nbsp;Nghị quyết HĐQT về việc triển khai tăng vốn điều lệ bằng hình thức phát hành cổ phiếu thưởng cho cổ đông hiện hữu từ nguồn vốn chủ sở hữu như sau:,https://cafef.vn/du-lieu/OCB-387509/ocb-nghi-quyet-hdqt-vv-trien-khai-tang-vdl-bang-phat-hanh-cp-thuong.chn,cafef
2022-09-27,OCB: Nghị quyết HĐQT v/v thay đổi địa điểm chi nhánh Hải Phòng,Ngân hàng Thương mại Cổ phần Phương Đông&nbsp;thông báo&nbsp;Nghị quyết HĐQT về việc thay đổi địa điểm chi nhánh Hải Phòng &nbsp;như sau:,https://cafef.vn/du-lieu/OCB-389246/ocb-nghi-quyet-hdqt-vv-thay-doi-dia-diem-chi-nhanh-hai-phong.chn,cafef
2022-09-21,OCB: Nghị quyết HĐQT v/v thành lập 5 chi nhánh trong năm 2022,&nbsp;Ngân hàng Thương mại Cổ phần Phương Đông&nbsp;thông báo&nbsp; nghị quyết HĐQT về việc thành lập 5 chi nhánh trong năm 2022&nbsp;như sau:&nbsp;,https://cafef.vn/du-lieu/OCB-391961/ocb-nghi-quyet-hdqt-vv-thanh-lap-5-chi-nhanh-trong-nam-2022.chn,cafef
2022-09-21,OCB: Nghị quyết HĐQT v/v thành lập 2 chi nhánh trong năm 2022,&nbsp;Ngân hàng Thương mại Cổ phần Phương Đông&nbsp;thông báo nghị quyết HĐQT về việc thành lập 2 chi nhánh trong năm 2022 như sau:,https://cafef.vn/du-lieu/OCB-391967/ocb-nghi-quyet-hdqt-vv-thanh-lap-2-chi-nhanh-trong-nam-2022.chn,cafef
2022-09-19,OCB: Công văn của NHNN chi nhánh Hải Phòng chấp thuận thay đổi địa điểm Chi nhánh Hải Phòng,Ngân hàng Thương mại Cổ phần Phương Đông công bố công văn của NHNN chi nhánh Hải Phòng chấp thuận thay đổi địa điểm Chi nhánh Hải Phòng&nbsp;như sau:,https://cafef.vn/du-lieu/OCB-393026/ocb-cong-van-cua-nhnn-chi-nhanh-hai-phong-chap-thuan-thay-doi-dia-diem-chi-nhanh-hai-phong.chn,cafef
2022-09-19,OCB: NHNNVN chi nhánh TP.HCM chấp thuận thay đổi địa điểm PGD chi nhánh quận Tân Phú,Ngân hàng Thương mại Cổ phần Phương Đông&nbsp;thông báo&nbsp;NHNNVN chi nhánh TP.HCM chấp thuận thay đổi địa điểm PGD chi nhánh quận Tân Phú như sau:,https://cafef.vn/du-lieu/OCB-393134/ocb-nhnnvn-chi-nhanh-tphcm-chap-thuan-thay-doi-dia-diem-pgd-chi-nhanh-quan-tan-phu.chn,cafef
2022-09-16,OCB: Điều chỉnh thời gian nhận tiền mua cổ phiếu ESOP,Ngân hàng Thương mại Cổ phần Phương Đông&nbsp;thông báo về việc điều chỉnh thời gian nhận tiền mua cổ phiếu ESOP như sau:,https://cafef.vn/du-lieu/OCB-393707/ocb-dieu-chinh-thoi-gian-nhan-tien-mua-co-phieu-esop.chn,cafef
2022-09-13,OCB: Nghị quyết HĐQT v/v thành lập 10 Phòng Giao dịch trong năm 2023,Ngân hàng Thương mại Cổ phần Phương Đông&nbsp;thông báo&nbsp;Nghị quyết HĐQT về việc thành lập 10 Phòng Giao dịch trong năm 2023 như sau:,https://cafef.vn/du-lieu/OCB-395702/ocb-nghi-quyet-hdqt-vv-thanh-lap-10-phong-giao-dich-trong-nam-2023.chn,cafef
2022-09-12,OCB: Nghị quyết HĐQT v/v thay đổi địa điểm trụ sở PGD Tân Phú trực thuộc Chi nhánh Tân Bình,Ngân hàng Thương mại Cổ phần Phương Đông thông báo&nbsp;Nghị quyết HĐQT về việc thay đổi địa điểm trụ sở Phòng giao dịch Tân Phú trực thuộc Chi nhánh Tân Bình như sau:,https://cafef.vn/du-lieu/OCB-396455/ocb-nghi-quyet-hdqt-vv-thay-doi-dia-diem-tru-so-pgd-tan-phu-truc-thuoc-chi-nhanh-tan-binh.chn,cafef
2022-09-05,OCB: Công văn của NHNN v/v chấp thuận thay địa điểm đặt trụ sở Phòng GD Dĩ An,Ngân hàng Thương mại Cổ phần Phương Đông&nbsp;thông báo công văn của NHNN về việc chấp thuận thay địa điểm đặt trụ sở Phòng GD Dĩ An như sau:,https://cafef.vn/du-lieu/OCB-399800/ocb-cong-van-cua-nhnn-vv-chap-thuan-thay-dia-diem-dat-tru-so-phong-gd-di-an.chn,cafef
2022-08-31,OCB: Nghị quyết HĐQT v/v thay đổi địa điểm trụ sở Phòng giao dịch Dĩ An,Ngân hàng Thương mại Cổ phần Phương Đông&nbsp;thông báo&nbsp;Nghị quyết HĐQT về việc thay đổi địa điểm trụ sở Phòng giao dịch Dĩ An như sau:,https://cafef.vn/du-lieu/OCB-400850/ocb-nghi-quyet-hdqt-vv-thay-doi-dia-diem-tru-so-phong-giao-dich-di-an.chn,cafef
2022-08-24,OCB: Phát hành cổ phiếu theo chương trình lựa chọn cho người lao động trong công ty,Ngân hàng Thương mại Cổ phần Phương Đông&nbsp;thông báo phát hành cổ phiếu theo chương trình lựa chọn cho người lao động trong công ty như sau:,https://cafef.vn/du-lieu/OCB-404972/ocb-phat-hanh-co-phieu-theo-chuong-trinh-lua-chon-cho-nguoi-lao-dong-trong-cong-ty.chn,cafef
2022-08-23,OCB: Công văn của UBCKNN v/v phát hành cổ phiếu theo chương trình lựa chọn cho người lao động,Ngân hàng Thương mại Cổ phần Phương Đông công bố công văn của UBCKNN về việc phát hành cổ phiếu theo chương trình lựa chọn cho người lao động trong công ty&nbsp;như sau:,https://cafef.vn/du-lieu/OCB-405479/ocb-cong-van-cua-ubcknn-vv-phat-hanh-co-phieu-theo-chuong-trinh-lua-chon-cho-nguoi-lao-dong.chn,cafef
2022-08-19,OCB: Nghị quyết HĐQT v/v triển khai tăng vốn điều lệ năm 2022,Ngân hàng Thương mại Cổ phần Phương Đông&nbsp;thông báo&nbsp;Nghị quyết HĐQT về việc triển khai tăng vốn điều lệ năm 2022 bằng hình thức phát hành cổ phiếu thưởng cho cổ đông hiện hữu từ nguồn vốn chủ sở hữu như sau:,https://cafef.vn/du-lieu/OCB-407057/ocb-nghi-quyet-hdqt-vv-trien-khai-tang-von-dieu-le-nam-2022.chn,cafef
2022-08-15,OCB: Giải trình biến động LNST BCTC 6 tháng đầu năm 2022 đã soát xét so với cùng kỳ năm trước,Ngân hàng Thương mại Cổ phần Phương Đông giải trình biến động LNST BCTC 6 tháng đầu năm 2022 đã soát xét so với cùng kỳ năm trước như sau:,https://cafef.vn/du-lieu/OCB-410144/ocb-giai-trinh-bien-dong-lnst-bctc-6-thang-dau-nam-2022-da-soat-xet-so-voi-cung-ky-nam-truoc.chn,cafef
2022-08-11,OCB: Công văn của NHNN v/v chấp thuận thay địa điểm đặt trụ sở OCB Chi nhánh Bắc Giang,Ngân hàng Thương mại Cổ phần Phương Đông&nbsp;thông báo&nbsp;công văn của NHNN về việc chấp thuận thay địa điểm đặt trụ sở OCB Chi nhánh Bắc Giang như sau:,https://cafef.vn/du-lieu/OCB-411581/ocb-cong-van-cua-nhnn-vv-chap-thuan-thay-dia-diem-dat-tru-so-ocb-chi-nhanh-bac-giang.chn,cafef
2022-08-05,"OCB: Nghị quyết HĐQT v/v sửa đổi, bổ sung Nghị quyết HĐQT số 50/2022 ngày 06/06/2022","Ngân hàng Thương mại Cổ phần Phương Đông&nbsp;thông báo&nbsp;Nghị quyết HĐQT thông qua việc sửa đổi, bổ sung Nghị quyết HĐQT số 50/2022 ngày 06/06/2022 như sau:",https://cafef.vn/du-lieu/OCB-414272/ocb-nghi-quyet-hdqt-vv-sua-doi-bo-sung-nghi-quyet-hdqt-so-502022-ngay-06062022.chn,cafef
2022-08-02,OCB: Công văn của NHNN về việc chấp thuận cho OCB thay địa điểm đặt Phòng GD Bích Đào,Ngân hàng Thương mại Cổ phần Phương Đông&nbsp;thông báo&nbsp;công văn của NHNN về việc chấp thuận cho OCB thay địa điểm đặt Phòng GD Bích Đào như sau:,https://cafef.vn/du-lieu/OCB-416855/ocb-cong-van-cua-nhnn-ve-viec-chap-thuan-cho-ocb-thay-dia-diem-dat-phong-gd-bich-dao.chn,cafef
2022-07-29,OCB: Báo cáo tình hình quản trị công ty 6 tháng đầu năm 2022,Ngân hàng Thương mại Cổ phần Phương Đông&nbsp;công bố&nbsp;Báo cáo tình hình quản trị công ty 6 tháng đầu năm 2022&nbsp;như sau:,https://cafef.vn/du-lieu/OCB-420200/ocb-bao-cao-tinh-hinh-quan-tri-cong-ty-6-thang-dau-nam-2022.chn,cafef
2022-07-29,"Mảng kinh doanh cốt lõi tăng trưởng khả quan, OCB dự kiến áp dụng Basel III vào cuối năm 2022","Cùng với việc tập trung vào các sản phẩm cốt lõi nhằm tăng thu nhập, OCB luôn chú trọng quản trị rủi ro, tăng chất lượng tài sản. Ngân hàng dự kiến sẽ áp dụng sớm tiêu chuẩn Basel III vào cuối năm nay.",https://cafef.vn/mang-kinh-doanh-cot-loi-tang-truong-kha-quan-ocb-du-kien-ap-dung-basel-iii-vao-cuoi-nam-2022-20220729155147852.chn,cafef
2022-07-22,OCB: Công văn của NHNN v/v chấp thuận cho OCB thay đổi địa điểm trụ sở Phòng giao dịch Núi Thành,Ngân hàng Thương mại Cổ phần Phương Đông&nbsp;công bố&nbsp;công văn của NHNN về việc chấp thuận cho OCB thay đổi địa điểm trụ sở Phòng giao dịch Núi Thành như sau:,https://cafef.vn/du-lieu/OCB-425711/ocb-cong-van-cua-nhnn-vv-chap-thuan-cho-ocb-thay-doi-dia-diem-tru-so-phong-giao-dich-nui-thanh.chn,cafef
2022-07-15,OCB: Công văn của NHNN về việc chấp thuận cho OCB thay đổi địa điểm trụ sở Phòng giao dịch Phổ Yên,&nbsp;Ngân hàng Thương mại Cổ phần Phương Đông&nbsp;thông báo&nbsp;công văn của NHNN về việc chấp thuận cho OCB thay đổi địa điểm trụ sở Phòng giao dịch Phổ Yên như sau:,https://cafef.vn/du-lieu/OCB-430181/ocb-cong-van-cua-nhnn-ve-viec-chap-thuan-cho-ocb-thay-doi-dia-diem-tru-so-phong-giao-dich-pho-yen.chn,cafef
2022-07-15,OCB: Nghị quyết HĐQT v/v thay đổi địa điểm trụ sở Phòng giao dịch Núi Thành,&nbsp;Ngân hàng Thương mại Cổ phần Phương Đông&nbsp;thông báo&nbsp;Nghị quyết HĐQT về việc thay đổi địa điểm trụ sở Phòng giao dịch Núi Thành như sau:,https://cafef.vn/du-lieu/OCB-430184/ocb-nghi-quyet-hdqt-vv-thay-doi-dia-diem-tru-so-phong-giao-dich-nui-thanh.chn,cafef
2022-07-13,"OCB: Nghị quyết HĐQT v/v sửa đổi, bổ sung Nghị quyết HĐQT số 03 ngày 11/01/2022","Ngân hàng Thương mại Cổ phần Phương Đông&nbsp;công bố&nbsp;Nghị quyết HĐQT về việc sửa đổi, bổ sung Nghị quyết HĐQT số 03 ngày 11/01/2022 như sau:",https://cafef.vn/du-lieu/OCB-431570/ocb-nghi-quyet-hdqt-vv-sua-doi-bo-sung-nghi-quyet-hdqt-so-03-ngay-11012022.chn,cafef
2022-07-12,OCB: Quyết định của NHNN chấp thuận thay đổi địa điểm đặt trụ sở chính nhánh OCB Hà Nam,Ngân hàng Thương mại Cổ phần Phương Đông công bố Quyết định của NHNN chi nhánh tỉnh Hà Nam về việc chấp thuận thay đổi địa điểm đặt trụ sở chính nhánh OCB Hà Nam&nbsp;như sau:,https://cafef.vn/du-lieu/OCB-432074/ocb-quyet-dinh-cua-nhnn-chap-thuan-thay-doi-dia-diem-dat-tru-so-chinh-nhanh-ocb-ha-nam.chn,cafef
2022-07-12,OCB: Ký kết hợp đồng kiểm toán BCTC 2022,Ngân hàng Thương mại Cổ phần Phương Đông&nbsp;thông báo&nbsp;ký kết hợp đồng kiểm toán BCTC 2022&nbsp;như sau:,https://cafef.vn/du-lieu/OCB-432473/ocb-ky-ket-hop-dong-kiem-toan-bctc-2022.chn,cafef
2022-06-29,OCB: Công văn của NHNN về việc chấp thuận thay địa điểm hoạt động Phòng giao dịch Biển Hồ,Ngân hàng Thương mại Cổ phần Phương Đông&nbsp;thông báo&nbsp;công văn của NHNN về việc chấp thuận thay địa điểm hoạt động Phòng giao dịch Biển Hồ như sau:,https://cafef.vn/du-lieu/OCB-439916/ocb-cong-van-cua-nhnn-ve-viec-chap-thuan-thay-dia-diem-hoat-dong-phong-giao-dich-bien-ho.chn,cafef
2022-06-28,OCB: Công văn của NHNN về việc chấp thuận thay địa điểm hoạt động Chi nhánh Kim Mã,Ngân hàng Thương mại Cổ phần Phương Đông&nbsp;thông&nbsp;báo&nbsp;công văn của NHNN về việc chấp thuận thay địa điểm hoạt động Chi nhánh Kim Mã như sau:,https://cafef.vn/du-lieu/OCB-440456/ocb-cong-van-cua-nhnn-ve-viec-chap-thuan-thay-dia-diem-hoat-dong-chi-nhanh-kim-ma.chn,cafef
2022-06-28,OCB: Công văn của NHNN về việc chấp thuận thay địa điểm hoạt động Chi nhánh Hưng Yên,Ngân hàng Thương mại Cổ phần Phương Đông&nbsp;thông&nbsp;báo&nbsp;công văn của NHNN về việc chấp thuận thay địa điểm hoạt động Chi nhánh&nbsp;Hưng Yên như sau:,https://cafef.vn/du-lieu/OCB-440459/ocb-cong-van-cua-nhnn-ve-viec-chap-thuan-thay-dia-diem-hoat-dong-chi-nhanh-hung-yen.chn,cafef
2022-06-27,OCB: Nghị quyết HĐQT v/v thay đổi địa điểm trụ sở Chi nhánh Bắc Giang,&nbsp;Ngân hàng Thương mại Cổ phần Phương Đông&nbsp;công bố&nbsp;Nghị quyết HĐQT về việc thay đổi địa điểm trụ sở Chi nhánh Bắc Giang như sau:,https://cafef.vn/du-lieu/OCB-441563/ocb-nghi-quyet-hdqt-vv-thay-doi-dia-diem-tru-so-chi-nhanh-bac-giang.chn,cafef
2022-06-24,OCB: Công văn của NHNN chi nhánh Quảng Ngãi chấp thuận thay đổi địa điểm PGD Sông Vệ,Ngân hàng Thương mại Cổ phần Phương Đông&nbsp;công bố công văn của NHNN chi nhánh Quảng Ngãi chấp thuận thay đổi địa điểm PGD Sông Vệ như sau:,https://cafef.vn/du-lieu/OCB-442505/ocb-cong-van-cua-nhnn-chi-nhanh-quang-ngai-chap-thuan-thay-doi-dia-diem-pgd-song-ve.chn,cafef
2022-06-24,OCB: Công văn của NHNN chi nhánh Kiên Giang chấp thuận thay đổi địa điểm PGD Rạch Sỏi,Ngân hàng Thương mại Cổ phần Phương Đông&nbsp;công bố công văn của NHNN chi nhánh Kiên Giang chấp thuận thay đổi địa điểm PGD Rạch Sỏi như sau:,https://cafef.vn/du-lieu/OCB-442517/ocb-cong-van-cua-nhnn-chi-nhanh-kien-giang-chap-thuan-thay-doi-dia-diem-pgd-rach-soi.chn,cafef
2022-06-24,OCB: Nghị quyết HĐQT v/v thay đổi địa điểm trụ sở phòng giao dịch Biển Hồ,Ngân hàng Thương mại Cổ phần Phương Đông&nbsp;thông báo&nbsp;Nghị quyết HĐQT về việc thay đổi địa điểm trụ sở phòng giao dịch Biển Hồ như sau:,https://cafef.vn/du-lieu/OCB-443252/ocb-nghi-quyet-hdqt-vv-thay-doi-dia-diem-tru-so-phong-giao-dich-bien-ho.chn,cafef
2022-06-20,OCB: Công văn của NHNN về việc chấp thuận thay địa điểm hoạt động Chi nhánh Bình Thuận,Ngân hàng Thương mại Cổ phần Phương Đông&nbsp;thông báo&nbsp;công văn của NHNN về việc chấp thuận thay địa điểm hoạt động Chi nhánh Bình Thuận như sau:,https://cafef.vn/du-lieu/OCB-445610/ocb-cong-van-cua-nhnn-ve-viec-chap-thuan-thay-dia-diem-hoat-dong-chi-nhanh-binh-thuan.chn,cafef
2022-06-13,OCB: Nghị quyết HĐQT v/v thay đổi địa điểm Chi nhánh Bình Thuận,Ngân hàng Thương mại Cổ phần Phương Đông thông báo&nbsp;Nghị quyết HĐQT về việc thay đổi địa điểm Chi nhánh Bình Thuận như sau:,https://cafef.vn/du-lieu/OCB-448826/ocb-nghi-quyet-hdqt-vv-thay-doi-dia-diem-chi-nhanh-binh-thuan.chn,cafef
2022-06-09,OCB: Nghị quyết HĐQT v/v thay đổi địa điểm phòng giao dịch Rạch Sỏi,Ngân hàng Thương mại Cổ phần Phương Đông&nbsp;thông báo&nbsp;Nghị quyết HĐQT về việc thay đổi địa điểm phòng giao dịch Rạch Sỏi như sau:,https://cafef.vn/du-lieu/OCB-450188/ocb-nghi-quyet-hdqt-vv-thay-doi-dia-diem-phong-giao-dich-rach-soi.chn,cafef
2022-06-07,OCB: Nghị quyết HĐQT v/v thay đổi địa điểm chi nhánh Kim Mã,Ngân hàng Thương mại Cổ phần Phương Đông&nbsp;thông báo&nbsp;Nghị quyết HĐQT về việc thay đổi địa điểm chi nhánh Kim Mã như sau:,https://cafef.vn/du-lieu/OCB-451439/ocb-nghi-quyet-hdqt-vv-thay-doi-dia-diem-chi-nhanh-kim-ma.chn,cafef
2022-06-07,OCB: Nghị quyết HĐQT thông qua phương án đảm bảo tỷ lệ SHNN,"Ngân hàng Thương mại Cổ phần Phương Đông thông báo&nbsp;Nghị quyết HĐQT về việc thông qua phương án đảm bảo tỷ lệ SHNN, hồ sơ đăng ký chào bán cổ phiếu riêng lẻ để tăng vốn và các vấn đề khác có liên quan như sau:",https://cafef.vn/du-lieu/OCB-451514/ocb-nghi-quyet-hdqt-thong-qua-phuong-an-dam-bao-ty-le-shnn.chn,cafef
2022-06-06,OCB: Quyết định của NHNN chi nhánh Cà Mau v/v chấp thuận thay đổi địa điểm PGD Đầm Dơi,Ngân hàng Thương mại Cổ phần Phương Đông công bố Quyết định của NHNN chi nhánh Cà Mau về việc chấp thuận thay đổi địa điểm PGD Đầm Dơi như sau:,https://cafef.vn/du-lieu/OCB-451898/ocb-quyet-dinh-cua-nhnn-chi-nhanh-ca-mau-vv-chap-thuan-thay-doi-dia-diem-pgd-dam-doi.chn,cafef
2022-06-06,OCB: Nghị quyết HĐQT v/v thay đổi địa điểm trụ sở Phòng giao dịch Bích Đào,Ngân hàng Thương mại Cổ phần Phương Đông&nbsp;thông báo&nbsp;Nghị quyết HĐQT về việc thay đổi địa điểm trụ sở Phòng giao dịch Bích Đào như sau:,https://cafef.vn/du-lieu/OCB-451913/ocb-nghi-quyet-hdqt-vv-thay-doi-dia-diem-tru-so-phong-giao-dich-bich-dao.chn,cafef
2022-05-31,OCB: Công văn của NHNN v/v chấp thuận cho OCB tăng VĐL và phát hành cp riêng lẻ cho nhà đầu tư,&nbsp;Ngân hàng Thương mại Cổ phần Phương Đông&nbsp;thông báo&nbsp;công văn của NHNN về việc chấp thuận cho OCB tăng vốn điều lệ và phát hành cổ phiếu riêng lẻ cho nhà đầu tư như sau:,https://cafef.vn/du-lieu/OCB-455429/ocb-cong-van-cua-nhnn-vv-chap-thuan-cho-ocb-tang-vdl-va-phat-hanh-cp-rieng-le-cho-nha-dau-tu.chn,cafef
2022-05-24,OCB: Nghị quyết HĐQT v/v mở tài khoản và cung cấp dịch vụ tài khoản cho AOZ,Ngân hàng Thương mại Cổ phần Phương Đông&nbsp;thông báo&nbsp;Nghị quyết HĐQT về việc mở tài khoản và cung cấp dịch vụ tài khoản cho AOZ là người có liên quan của OCB như sau:,https://cafef.vn/du-lieu/OCB-459173/ocb-nghi-quyet-hdqt-vv-mo-tai-khoan-va-cung-cap-dich-vu-tai-khoan-cho-aoz.chn,cafef
2022-05-23,OCB: Công văn của NHNN v/v chấp thuận thay đổi địa điểm phòng giao dịch Sài Gòn của OCB,Ngân hàng Thương mại Cổ phần Phương Đông&nbsp;thông báo&nbsp;công văn của NHNN về việc chấp thuận thay đổi địa điểm phòng giao dịch Sài Gòn của OCB như sau:,https://cafef.vn/du-lieu/OCB-459884/ocb-cong-van-cua-nhnn-vv-chap-thuan-thay-doi-dia-diem-phong-giao-dich-sai-gon-cua-ocb.chn,cafef
2022-05-17,OCB: Ông ITO TAKESHI mất tư cách Thành viên HĐQT của OCB từ 1.7.2022,Ngân hàng Thương mại Cổ phần Phương Đông&nbsp;thông báo ông ITO TAKESHI mất tư cách Thành viên HĐQT của OCB như sau:,https://cafef.vn/du-lieu/OCB-463154/ocb-ong-ito-takeshi-mat-tu-cach-thanh-vien-hdqt-cua-ocb-tu-172022.chn,cafef
2022-05-09,OCB: Nghị quyết HĐQT v/v thay đổi địa điểm phòng giao dịch Phổ Yên,Ngân hàng Thương mại Cổ phần Phương Đông thông báo&nbsp;Nghị quyết HĐQT về việc thay đổi địa điểm phòng giao dịch Phổ Yên như sau:,https://cafef.vn/du-lieu/OCB-468257/ocb-nghi-quyet-hdqt-vv-thay-doi-dia-diem-phong-giao-dich-pho-yen.chn,cafef
2022-05-09,OCB: Nghị quyết HĐQT v/v thay đổi địa điểm trụ sở Chi nhánh Hưng Yên,&nbsp;Ngân hàng Thương mại Cổ phần Phương Đông&nbsp;thông báo&nbsp;Nghị quyết HĐQT về việc thay đổi địa điểm trụ sở Chi nhánh Hưng Yên như sau:,https://cafef.vn/du-lieu/OCB-468719/ocb-nghi-quyet-hdqt-vv-thay-doi-dia-diem-tru-so-chi-nhanh-hung-yen.chn,cafef
2022-05-06,OCB: Nghị quyết HĐQT v/v thay đổi địa điểm trụ sở Phòng giao dịch Đầm Dơi trực thuộc Chi nhánh Cà Mau,Ngân hàng Thương mại Cổ phần Phương Đông&nbsp;thông báo&nbsp;Nghị quyết HĐQT về việc thay đổi địa điểm trụ sở Phòng giao dịch Đầm Dơi trực thuộc Chi nhánh Cà Mau như sau:,https://cafef.vn/du-lieu/OCB-469667/ocb-nghi-quyet-hdqt-vv-thay-doi-dia-diem-tru-so-phong-giao-dich-dam-doi-truc-thuoc-chi-nhanh-ca-mau.chn,cafef
2022-04-29,OCB: Điều lệ công ty,Ngân hàng Thương mại Cổ phần Phương Đông&nbsp;thông báo&nbsp;Điều lệ công ty như sau:,https://cafef.vn/du-lieu/OCB-473861/ocb-dieu-le-cong-ty.chn,cafef
2022-04-29,OCB: Quy chế nội bộ về quản trị công ty,TổNgân hàng Thương mại Cổ phần Phương Đông thông báo&nbsp;Quy chế nội bộ về quản trị công ty như sau:,https://cafef.vn/du-lieu/OCB-473864/ocb-quy-che-noi-bo-ve-quan-tri-cong-ty.chn,cafef
2022-04-28,OCB: Bổ sung giải trình biến động LNST quý 1/2022 so với cùng kỳ năm trước,Ngân hàng Thương mại Cổ phần Phương Đông bổ sung giải trình biến động LNST quý 1/2022 so với cùng kỳ năm trước như sau:,https://cafef.vn/du-lieu/OCB-475955/ocb-bo-sung-giai-trinh-bien-dong-lnst-quy-12022-so-voi-cung-ky-nam-truoc.chn,cafef
2022-04-27,OCB: Nghị quyết HĐQT v/v thay đổi địa điểm trụ sở Phòng giao dịch Sài Gòn,Ngân hàng Thương mại Cổ phần Phương Đông&nbsp;thông báo&nbsp;Nghị quyết HĐQT về việc thay đổi địa điểm trụ sở Phòng giao dịch Sài Gòn như sau:,https://cafef.vn/du-lieu/OCB-476747/ocb-nghi-quyet-hdqt-vv-thay-doi-dia-diem-tru-so-phong-giao-dich-sai-gon.chn,cafef
2022-04-25,OCB: Nghị quyết và Biên bản họp ĐHĐCĐ thường niên năm 2022,Ngân hàng Thương mại Cổ phần Phương Đông&nbsp;thông báo&nbsp;Nghị quyết và Biên bản họp ĐHĐCĐ thường niên năm 2022 như sau:,https://cafef.vn/du-lieu/OCB-480515/ocb-nghi-quyet-va-bien-ban-hop-dhdcd-thuong-nien-nam-2022.chn,cafef
2022-04-15,OCB: Giấy chứng nhận đăng ký doanh nghiệp thay đổi lần thứ 38,Ngân hàng Thương mại Cổ phần Phương Đông&nbsp;thông báo&nbsp;Giấy chứng nhận đăng ký doanh nghiệp thay đổi lần thứ 38 như sau:,https://cafef.vn/du-lieu/OCB-487958/ocb-giay-chung-nhan-dang-ky-doanh-nghiep-thay-doi-lan-thu-38.chn,cafef
2022-04-07,OCB: Nghị quyết HĐQT v/v thay đổi địa điểm chi nhánh Hải Phòng,Ngân hàng Thương mại Cổ phần Phương Đông&nbsp;thông báo&nbsp;Nghị quyết HĐQT về việc thay đổi địa điểm chi nhánh Hải Phòng như sau:,https://cafef.vn/du-lieu/OCB-493637/ocb-nghi-quyet-hdqt-vv-thay-doi-dia-diem-chi-nhanh-hai-phong.chn,cafef
2022-04-01,OCB: Mời họp và đường dẫn tài liệu họp ĐHĐCĐ thường niên năm 2022,Ngân hàng Thương mại Cổ phần Phương Đông thông báo mời họp và đường dẫn tài liệu họp ĐHĐCĐ thường niên năm 2022 như sau:,https://cafef.vn/du-lieu/OCB-498389/ocb-moi-hop-va-duong-dan-tai-lieu-hop-dhdcd-thuong-nien-nam-2022.chn,cafef
2022-04-01,OCB: Quyết định của NHNN chi nhánh TP. Hà Nội chấp thuận thay đổi địa điểm PGD Nguyễn Trãi,Ngân hàng Thương mại Cổ phần Phương Đông&nbsp;công bố&nbsp;Quyết định của NHNN chi nhánh TP. Hà Nội về việc chấp thuận thay đổi địa điểm Phòng Giao dịch Nguyễn Trãi như sau:,https://cafef.vn/du-lieu/OCB-498395/ocb-quyet-dinh-cua-nhnn-chi-nhanh-tp-ha-noi-chap-thuan-thay-doi-dia-diem-pgd-nguyen-trai.chn,cafef
2022-01-25,OCB: Báo cáo tình hình quản trị công ty năm 2021,Ngân hàng Thương mại Cổ phần Phương Đông công bố báo cáo tình hình quản trị công ty năm 2021 như sau:,https://cafef.vn/du-lieu/OCB-507839/ocb-bao-cao-tinh-hinh-quan-tri-cong-ty-nam-2021.chn,cafef
2022-01-24,OCB: Công văn của NHNN v/v chấp thuận thay địa điểm hoạt động Phòng giao dịch Bình Tân,Ngân hàng Thương mại Cổ phần Phương Đông&nbsp;thông báo công văn của NHNN về việc chấp thuận thay địa điểm hoạt động Phòng giao dịch Bình Tân như sau:&nbsp;,https://cafef.vn/du-lieu/OCB-509273/ocb-cong-van-cua-nhnn-vv-chap-thuan-thay-dia-diem-hoat-dong-phong-giao-dich-binh-tan.chn,cafef
2022-01-12,OCB: Công văn của NHNN v/v chấp thuận đề nghị thành lập 05 Chi nhánh của OCB,Ngân hàng Thương mại Cổ phần Phương Đông&nbsp;thông báo&nbsp;công văn của NHNN về việc&nbsp;chấp thuận đề nghị thành lập 05 Chi nhánh của OCB như sau:,https://cafef.vn/du-lieu/OCB-516560/ocb-cong-van-cua-nhnn-vv-chap-thuan-de-nghi-thanh-lap-05-chi-nhanh-cua-ocb.chn,cafef
2022-01-12,OCB: Công văn của NHNN về việc chấp thuận đề nghị thành lập 06 phòng giao dịch của OCB,Ngân hàng Thương mại Cổ phần Phương Đông&nbsp;thông báo&nbsp;công văn của NHNN về việc chấp thuận đề nghị thành lập 06 phòng giao dịch của OCB như sau:,https://cafef.vn/du-lieu/OCB-516563/ocb-cong-van-cua-nhnn-ve-viec-chap-thuan-de-nghi-thanh-lap-06-phong-giao-dich-cua-ocb.chn,cafef
2022-01-11,OCB: Nghị quyết HĐQT v/v triển khai phương án tăng vốn điều lệ,Ngân hàng Thương mại Cổ phần Phương Đông&nbsp;thông báo&nbsp;Nghị quyết HĐQT về việc triển khai phương án tăng vốn điều lệ bằng hình thức phát hành cổ phiếu theo chương trình lựa chọn cho người lao động và phát hành cổ phiếu riêng lẻ như sau:,https://cafef.vn/du-lieu/OCB-516860/ocb-nghi-quyet-hdqt-vv-trien-khai-phuong-an-tang-von-dieu-le.chn,cafef
2022-01-06,OCB: Công văn của NHNN chấp thuận thay đổi tên và địa điểm đặt trụ sở OCB chi nhánh Hoàng Mai,Ngân hàng Thương mại Cổ phần Phương Đông&nbsp;thông báo&nbsp;công văn của NHNN về việc chấp thuận thay đổi tên và địa điểm đặt trụ sở OCB chi nhánh Hoàng Mai như sau:,https://cafef.vn/du-lieu/OCB-519551/ocb-cong-van-cua-nhnn-chap-thuan-thay-doi-ten-va-dia-diem-dat-tru-so-ocb-chi-nhanh-hoang-mai.chn,cafef
2022-01-05,OCB: Nghị quyết HĐQT v/v thay đổi địa điểm trụ sở Phòng giao dịch Bình Tân,&nbsp;Ngân hàng Thương mại Cổ phần Phương Đông thông báo Nghị quyết HĐQT về việc thay đổi địa điểm trụ sở Phòng giao dịch Bình Tân&nbsp;như sau:&nbsp;,https://cafef.vn/du-lieu/OCB-520043/ocb-nghi-quyet-hdqt-vv-thay-doi-dia-diem-tru-so-phong-giao-dich-binh-tan.chn,cafef
2026-06-23,"OCB: 30.6.2026, ngày GDKHQ thưởng cp (tỷ lệ 100:15)",Sở Giao dịch Chứng khoán TP.HCM thông báo về ngày đăng ký cuối cùng nhận cổ phiếu phát hành để thực hiện tăng vốn cổ phần từ nguồn vốn chủ sở hữu của Ngân hàng Thương mại Cổ phần Phương Đông,https://cafef.vn/du-lieu/OCB-2915291/ocb-3062026-ngay-gdkhq-thuong-cp-ty-le-10015.chn,cafef
2025-08-20,OCB: Đã phát hành 2.663.052.284 cổ phiếu để tăng vốn cổ phần từ NVCSH,Ngân hàng Thương mại Cổ phần Phương Đông Báo cáo kết quả đợt phát hành cổ phiếu để tăng vốn cổ phần từ NVCSH,https://cafef.vn/du-lieu/OCB-2279892/ocb-da-phat-hanh-2663052284-co-phieu-de-tang-von-co-phan-tu-nvcsh.chn,cafef
2025-07-31,"OCB: 8.8.2025, ngày GDKHQ thưởng cp (tỷ lệ 100:8)",Sở Giao dịch Chứng khoán Thành phố Hồ Chí Minh thông báo ngày ĐKCC nhận cổ phiếu phát hành do thực hiện tăng vốn cổ phần từ NVCSH của Ngân hàng Thương mại Cổ phần Phương Đông,https://cafef.vn/du-lieu/OCB-2262353/ocb-882025-ngay-gdkhq-thuong-cp-ty-le-1008.chn,cafef
2025-07-08,"OCB: 17.7.2025, ngày GDKHQ trả cổ tức năm 2024 bằng tiền (700 đ/cp)",Sở Giao dịch Chứng khoán Thành phố Hồ Chí Minh thông báo ngày ĐKCC trả cổ tức năm 2024 bằng tiền của Ngân hàng Thương mại Cổ phần Phương Đông,https://cafef.vn/du-lieu/OCB-2241116/ocb-1772025-ngay-gdkhq-tra-co-tuc-nam-2024-bang-tien-700-dcp.chn,cafef
2024-09-11,OCB: Đã phát hành 410.964.858 cổ phiếu để trả cổ tức,Ngân hàng Thương mại Cổ phần Phương Đông công bố báo cáo kết quả đợt phát hành cổ phiếu để trả cổ tức,https://cafef.vn/du-lieu/OCB-2052445/ocb-da-phat-hanh-410964858-co-phieu-de-tra-co-tuc.chn,cafef
2024-08-21,"OCB: 29.8.2024, ngày GDKHQ chi trả cổ tức năm 2023 bằng cổ phiếu (tỷ lệ 5:1)",Sở Giao dịch Chứng khoán Thành phố Hồ Chí Minh thông báo ngày ĐKCC chi trả cổ tức năm 2023 cổ phiếu của Ngân hàng Thương mại Cổ phần Phương Đông,https://cafef.vn/du-lieu/OCB-2042347/ocb-2982024-ngay-gdkhq-chi-tra-co-tuc-nam-2023-bang-co-phieu-ty-le-51.chn,cafef
2023-09-14,"OCB: 20.9.2023, ngày GDKHQ nhận cổ phiếu phát hành do thực hiện tăng vốn cổ phần từ NVCSH (tỷ lệ 2:1)",Sở Giao dịch Chứng khoán TP.HCM thông báo ngày ĐKCC nhận cổ phiếu phát hành do thực hiện tăng vốn cổ phần từ NVCSH của Ngân hàng Thương mại Cổ phần Phương Đông (mã CK:OCB) như sau,https://cafef.vn/du-lieu/OCB-1803056/ocb-2092023-ngay-gdkhq-nhan-co-phieu-phat-hanh-do-thuc-hien-tang-von-co-phan-tu-nvcsh-ty-le-21.chn,cafef
2023-05-15,Cổ đông nhiều ngân hàng nhận tin vui,"Trong những ngày đầu tháng 5, một loạt ngân hàng đã thông qua kế hoạch chi trả cổ tức. Đáng chú ý, HDBank sẽ trả cổ tức bằng tiền mặt theo tỷ lệ 10% trong khi OCB sẽ chia cổ tức 50% bằng cổ phiếu.",https://cafef.vn/co-dong-nhieu-ngan-hang-nhan-tin-vui-188230515061602343.chn,cafef
2022-09-30,OCB: Báo cáo kết quả phát hành cổ phiếu theo chương trình lựa chọn cho người lao động trong công ty,Ngân hàng Thương mại Cổ phần Phương Đông công bố báo cáo kết quả phát hành cổ phiếu theo chương trình lựa chọn cho người lao động trong công ty như sau:,https://cafef.vn/du-lieu/OCB-387455/ocb-bao-cao-ket-qua-phat-hanh-co-phieu-theo-chuong-trinh-lua-chon-cho-nguoi-lao-dong-trong-cong-ty.chn,cafef
