date,title,description,url,source
2026-06-10,VPB: Nghị quyết HĐQT về thay đổi tên gọi và địa điểm chi nhánh Lê Đại Hành,Ngân hàng Thương mại Cổ phần Việt Nam Thịnh Vượng công bố Nghị quyết HĐQT về thay đổi tên gọi và địa điểm chi nhánh Lê Đại Hành,https://cafef.vn/du-lieu/VPB-2906187/vpb-nghi-quyet-hdqt-ve-thay-doi-ten-goi-va-dia-diem-chi-nhanh-le-dai-hanh.chn,cafef
2026-05-20,VPB: Nghị quyết HĐQT thông qua phương án tăng vốn điều lệ đợt 1 năm 2026,Ngân hàng Thương mại Cổ phần Việt Nam Thịnh Vượng công bố Nghị quyết HĐQT về việc thông qua phương án tăng vốn điều lệ đợt 1 năm 2026,https://cafef.vn/du-lieu/VPB-2891073/vpb-nghi-quyet-hdqt-thong-qua-phuong-an-tang-von-dieu-le-dot-1-nam-2026.chn,cafef
2026-05-18,VPB: Link công bố Nghị quyết HĐQT hợp đồng cấp hạn mức tín dụng và giao dịch bảo lãnh với SMBC chi nhánh Hà Nội,Ngân hàng Thương mại Cổ phần Việt Nam Thịnh Vượng thông báo link công bố Nghị quyết HĐQT hợp đồng cấp hạn mức tín dụng và giao dịch bảo lãnh với SMBC chi nhánh Hà Nội,https://cafef.vn/du-lieu/VPB-2889404/vpb-link-cong-bo-nghi-quyet-hdqt-hop-dong-cap-han-muc-tin-dung-va-giao-dich-bao-lanh-voi-smbc-chi-nhanh-ha-noi.chn,cafef
2026-05-18,VPB: Link công bố Nghị quyết HĐQT phê duyệt ký kết các tài liệu giao dịch liên quan đến khoản vay giai đoạn 1 với SMBC và bên cho vay khác,Ngân hàng Thương mại Cổ phần Việt Nam Thịnh Vượng thông báo link công bố Nghị quyết HĐQT phê duyệt ký kết các tài liệu giao dịch liên quan đến khoản vay giai đoạn 1 với SMBC và bên cho vay khác,https://cafef.vn/du-lieu/VPB-2889402/vpb-link-cong-bo-nghi-quyet-hdqt-phe-duyet-ky-ket-cac-tai-lieu-giao-dich-lien-quan-den-khoan-vay-giai-doan-1-voi-smbc-va-ben-cho-vay-khac.chn,cafef
2026-05-15,VPB: Nghị quyết HĐQT về việc mua lại trái phiếu trước hạn do VPBank phát hành,Ngân hàng Thương mại Cổ phần Việt Nam Thịnh Vượng thông báo Nghị quyết HĐQT về việc mua lại trái phiếu trước hạn do VPBank phát hành,https://cafef.vn/du-lieu/VPB-2888073/vpb-nghi-quyet-hdqt-ve-viec-mua-lai-trai-phieu-truoc-han-do-vpbank-phat-hanh.chn,cafef
2026-05-13,VPB: Nghị quyết HĐQT về việc sửa đổi Nghị quyết số 81/2026/NQ-HĐQT,Ngân hàng Thương mại Cổ phần Việt Nam Thịnh Vượng thông báo Nghị quyết HĐQT về việc sửa đổi Nghị quyết số 81/2026/NQ-HĐQT,https://cafef.vn/du-lieu/VPB-2886315/vpb-nghi-quyet-hdqt-ve-viec-sua-doi-nghi-quyet-so-812026nqhdqt.chn,cafef
2026-05-13,"VPB: Nghị quyết HĐQT thông qua hợp đồng, giao dịch và hạn mức rủi ro với GPBank","Ngân hàng Thương mại Cổ phần Việt Nam Thịnh Vượng thông báo Nghị quyết HĐQT về việc thông qua hợp đồng, giao dịch và hạn mức rủi ro với GPBank",https://cafef.vn/du-lieu/VPB-2886305/vpb-nghi-quyet-hdqt-thong-qua-hop-dong-giao-dich-va-han-muc-rui-ro-voi-gpbank.chn,cafef
2026-05-13,"VPB: Nghị quyết HĐQT thông qua hợp đồng, giao dịch với CTCP bảo hiểm OPES","Ngân hàng Thương mại Cổ phần Việt Nam Thịnh Vượng thông báo Nghị quyết HĐQT về việc thông qua hợp đồng, giao dịch với CTCP bảo hiểm OPES",https://cafef.vn/du-lieu/VPB-2886304/vpb-nghi-quyet-hdqt-thong-qua-hop-dong-giao-dich-voi-ctcp-bao-hiem-opes.chn,cafef
2026-05-12,"VPB: 15.5.2026, ngày GDKHQ chi trả cổ tức năm 2025 bằng tiền (500 đ/cp)",Sở Giao dịch Chứng khoán TP.HCM thông báo về ngày đăng ký cuối cùng chi trả cổ tức năm 2025 bằng tiền của Ngân hàng Thương mại Cổ phần Việt Nam Thịnh Vượng,https://cafef.vn/du-lieu/VPB-2885243/vpb-1552026-ngay-gdkhq-chi-tra-co-tuc-nam-2025-bang-tien-500-dcp.chn,cafef
2026-05-12,"VPB: Nghị quyết HĐQT về việc cho vay hợp vốn giữa VPBank và VPB SMBC FC, giữa VPBank và GPBank","Ngân hàng Thương mại Cổ phần Việt Nam Thịnh Vượng thông báo Nghị quyết HĐQT về việc cho vay hợp vốn giữa VPBank và VPB SMBC FC, giữa VPBank và GPBank",https://cafef.vn/du-lieu/VPB-2885455/vpb-nghi-quyet-hdqt-ve-viec-cho-vay-hop-von-giua-vpbank-va-vpb-smbc-fc-giua-vpbank-va-gpbank.chn,cafef
2026-05-12,"VPB: Nghị quyết HĐQT về việc hợp vốn giữa VPBank và VPB SMBC FC, giữa VPBank và GPBank","Ngân hàng Thương mại Cổ phần Việt Nam Thịnh Vượng thông báo Nghị quyết HĐQT về việc hợp vốn giữa VPBank và VPB SMBC FC, giữa VPBank và GPBank",https://cafef.vn/du-lieu/VPB-2885450/vpb-nghi-quyet-hdqt-ve-viec-hop-von-giua-vpbank-va-vpb-smbc-fc-giua-vpbank-va-gpbank.chn,cafef
2026-05-06,VPB: Nghị quyết HĐQT về ngày đăng ký cuối cùng thực hiện chi trả cổ tức năm 2025 bằng tiền,Ngân hàng Thương mại Cổ phần Việt Nam Thịnh Vượng công bố Nghị quyết HĐQT về ngày đăng ký cuối cùng thực hiện chi trả cổ tức năm 2025 bằng tiền,https://cafef.vn/du-lieu/VPB-2881109/vpb-nghi-quyet-hdqt-ve-ngay-dang-ky-cuoi-cung-thuc-hien-chi-tra-co-tuc-nam-2025-bang-tien.chn,cafef
2026-04-28,"VPB: CBTT Điều lệ, Quy chế nội bộ về quản trị công ty, QC hoạt động của HĐQT và BKS","Ngân hàng Thương mại Cổ phần Việt Nam Thịnh Vượng thông báo Điều lệ, Quy chế nội bộ về quản trị công ty, QC hoạt động của HĐQT và BKS",https://cafef.vn/du-lieu/VPB-2676896/vpb-cbtt-dieu-le-quy-che-noi-bo-ve-quan-tri-cong-ty-qc-hoat-dong-cua-hdqt-va-bks.chn,cafef
2026-04-24,"VPB: CBTT ban hành Điều lệ, Quy chế tổ chức và hoạt động của HĐQT, Quy chế Quản trị nội bộ, Quy chế tổ chức và hoạt động của BKS","Ngân hàng Thương mại Cổ phần Việt Nam Thịnh Vượng thông báo  ban hành Điều lệ, Quy chế tổ chức và hoạt động của HĐQT, Quy chế Quản trị nội bộ, Quy chế tổ chức và hoạt động của BKS",https://cafef.vn/du-lieu/VPB-2675181/vpb-cbtt-ban-hanh-dieu-le-quy-che-to-chuc-va-hoat-dong-cua-hdqt-quy-che-quan-tri-noi-bo-quy-che-to-chuc-va-hoat-dong-cua-bks.chn,cafef
2026-04-24,VPB: Nghị quyết và Biên bản họp ĐHĐCĐ thường niên 2026,Ngân hàng Thương mại Cổ phần Việt Nam Thịnh Vượng thông báo Nghị quyết và Biên bản họp ĐHĐCĐ thường niên 2026,https://cafef.vn/du-lieu/VPB-2674617/vpb-nghi-quyet-va-bien-ban-hop-dhdcd-thuong-nien-2026.chn,cafef
2026-04-22,"VPBank: Chủ động mở rộng sang các lĩnh vực kinh doanh mới như BHNT, quản lý quỹ, tài sản số, kinh doanh vàng; duy trì đà tăng trưởng trên 30% mỗi năm","Đại hội đồng cổ đông thường niên 2026 của VPBank đã thông qua kế hoạch tăng vốn điều lệ lên hơn 106.200 tỷ đồng – mức cao nhất hệ thống ngân hàng theo kế hoạch năm 2026, đồng thời phê duyệt các chỉ tiêu kinh doanh và nhiều tờ trình, báo cáo quan trọng.",https://cafef.vn/vpbank-chu-dong-mo-rong-sang-cac-linh-vuc-kinh-doanh-moi-nhu-bhnt-quan-ly-quy-tai-san-so-kinh-doanh-vang-duy-tri-da-tang-truong-tren-30-moi-nam-188260422185044238.chn,cafef
2026-04-22,"ĐHCĐ VPBank: Kế hoạch lợi nhuận 2026 trên 41.300 tỷ đồng, tăng vốn điều lệ lên cao nhất hệ thống ngân hàng","Cổ đông VPBank chất vấn lãnh đạo ngân hàng về nhiều vấn đề như tình hình lãi suất, nợ xấu, NIM, giá cổ phiếu vì sao vẫn thấp dù kết quả kinh doanh tốt...",https://cafef.vn/dhcd-vpbank-ke-hoach-loi-nhuan-2026-tren-41300-ty-dong-tang-von-dieu-le-len-cao-nhat-he-thong-ngan-hang-188260422140909744.chn,cafef
2026-04-17,VPB: Giải trình biến động LNST trên BCTC quý 1/2026 so với cùng kỳ năm trước,Ngân hàng Thương mại Cổ phần Việt Nam Thịnh Vượng thông báo giải trình biến động LNST trên BCTC quý 1/2026 so với cùng kỳ năm trước,https://cafef.vn/du-lieu/VPB-2669086/vpb-giai-trinh-bien-dong-lnst-tren-bctc-quy-12026-so-voi-cung-ky-nam-truoc.chn,cafef
2026-04-17,"VPB: Nghị quyết HĐQT thông qua Phương án đầu tư góp vốn, mua cổ phần bổ sung vào CTCP Bảo hiểm OPES",Ngân hàng Thương mại Cổ phần Việt Nam Thịnh Vượng công bố Nghị quyết HĐQT số 104/2026 ngày 17/04/2026,https://cafef.vn/du-lieu/VPB-2669206/vpb-nghi-quyet-hdqt-thong-qua-phuong-an-dau-tu-gop-von-mua-co-phan-bo-sung-vao-ctcp-bao-hiem-opes.chn,cafef
2026-04-16,"VPBank dự kiến phát hành riêng lẻ cho NĐT nước ngoài, vươn lên dẫn đầu hệ thống về quy mô vốn","VPBank vừa chính thức công bố phương án tăng vốn điều lệ bổ sung trong năm 2026, thông qua phát hành riêng lẻ cho nhà đầu tư nước ngoài. Với mục tiêu mới, VPBank không chỉ vươn lên dẫn đầu hệ thống về quy mô vốn điều lệ, mà còn tiếp tục củng cố vị thế là ngân hàng tư nhân top đầu duy nhất có cổ đông chiến lược nước ngoài, tạo nền tảng cho tăng trưởng dài hạn và nâng cao năng lực cạnh tranh.",https://cafef.vn/vpbank-du-kien-phat-hanh-rieng-le-cho-ndt-nuoc-ngoai-vuon-len-dan-dau-he-thong-ve-quy-mo-von-18826041609292937.chn,cafef
2026-04-15,VPB: Nghị quyết HĐQT phê duyệt phương án mua lại trước hạn trái phiếu VPB12503 và VPB12505,Ngân hàng Thương mại Cổ phần Việt Nam Thịnh Vượng thông báo Nghị quyết HĐQT về việc phê duyệt phương án mua lại trước hạn trái phiếu VPB12503 và VPB12505,https://cafef.vn/du-lieu/VPB-2667057/vpb-nghi-quyet-hdqt-phe-duyet-phuong-an-mua-lai-truoc-han-trai-phieu-vpb12503-va-vpb12505.chn,cafef
2026-04-15,"VPB: Link công bố cập nhật, bổ sung tài liệu ĐHĐCĐ thường niên 2026","Ngân hàng Thương mại Cổ phần Việt Nam Thịnh Vượng thông báo link công bố cập nhật, bổ sung tài liệu ĐHĐCĐ thường niên 2026",https://cafef.vn/du-lieu/VPB-2667041/vpb-link-cong-bo-cap-nhat-bo-sung-tai-lieu-dhdcd-thuong-nien-2026.chn,cafef
2026-04-10,VPB: Nghị quyết HĐQT phê duyệt phương án mua lại trước hạn trái phiếu do VPBank phát hành,Ngân hàng Thương mại Cổ phần Việt Nam Thịnh Vượng công bố Nghị quyết HĐQT về việc phê duyệt phương án mua lại trước hạn trái phiếu do VPBank phát hành,https://cafef.vn/du-lieu/VPB-2663792/vpb-nghi-quyet-hdqt-phe-duyet-phuong-an-mua-lai-truoc-han-trai-phieu-do-vpbank-phat-hanh.chn,cafef
2026-04-09,"VPB: Nghị quyết HĐQT thông qua hợp đồng, giao dịch cho vay hợp vốn giữa VPBank và VPB SMBC FC","Ngân hàng Thương mại Cổ phần Việt Nam Thịnh Vượng thông báo Nghị quyết HĐQT về việc thông qua hợp đồng, giao dịch cho vay hợp vốn giữa VPBank và VPB SMBC FC",https://cafef.vn/du-lieu/VPB-2663352/vpb-nghi-quyet-hdqt-thong-qua-hop-dong-giao-dich-cho-vay-hop-von-giua-vpbank-va-vpb-smbc-fc.chn,cafef
2026-04-06,VPB: Nghị quyết HĐQT về việc thay đổi tên gọi và địa điểm Chi nhánh Quận 6,Ngân hàng Thương mại Cổ phần Việt Nam Thịnh Vượng thông báo Nghị quyết HĐQT về việc thay đổi tên gọi và địa điểm Chi nhánh Quận 6,https://cafef.vn/du-lieu/VPB-2660627/vpb-nghi-quyet-hdqt-ve-viec-thay-doi-ten-goi-va-dia-diem-chi-nhanh-quan-6.chn,cafef
2026-04-06,"VPB: Nghị quyết HĐQT thông qua hợp đồng, giao dịch triển khai dịch vụ ngân quỹ  giữa VPBank và GBBank","Ngân hàng Thương mại Cổ phần Việt Nam Thịnh Vượng thông báo Nghị quyết HĐQT về việc thông qua hợp đồng, giao dịch triển khai dịch vụ ngân quỹ  giữa VPBank và GBBank",https://cafef.vn/du-lieu/VPB-2660628/vpb-nghi-quyet-hdqt-thong-qua-hop-dong-giao-dich-trien-khai-dich-vu-ngan-quy-giua-vpbank-va-gbbank.chn,cafef
2026-04-02,"VPB: Nghị quyết HĐQT thông qua Hợp đồng, giao dịch sản phẩm thị trường tài chính và các hạn mức rủi ro với Công ty chứng khoán VPBank",Ngân hàng Thương mại Cổ phần Việt Nam Thịnh Vượng công bố Nghị quyết HĐQT số 85/2026 ngày 31/03/2026,https://cafef.vn/du-lieu/VPB-2656772/vpb-nghi-quyet-hdqt-thong-qua-hop-dong-giao-dich-san-pham-thi-truong-tai-chinh-va-cac-han-muc-rui-ro-voi-cong-ty-chung-khoan-vpbank.chn,cafef
2026-04-01,VPB: Nghị quyết HĐQT về việc thay đổi địa điểm Chi nhánh Nghệ An,Ngân hàng Thương mại Cổ phần Việt Nam Thịnh Vượng công bố Nghị quyết HĐQT về việc thay đổi địa điểm Chi nhánh Nghệ An,https://cafef.vn/du-lieu/VPB-2655696/vpb-nghi-quyet-hdqt-ve-viec-thay-doi-dia-diem-chi-nhanh-nghe-an.chn,cafef
2026-04-01,VPB: Nghị quyết HĐQT về việc thay đổi địa điểm Chi nhánh Việt Hưng,Ngân hàng Thương mại Cổ phần Việt Nam Thịnh Vượng công bố Nghị quyết HĐQT về việc thay đổi địa điểm Chi nhánh Việt Hưng,https://cafef.vn/du-lieu/VPB-2655704/vpb-nghi-quyet-hdqt-ve-viec-thay-doi-dia-diem-chi-nhanh-viet-hung.chn,cafef
2026-04-01,VPB: Nghị quyết HĐQT về việc thay đổi địa điểm Chi nhánh Bến Tre,Ngân hàng Thương mại Cổ phần Việt Nam Thịnh Vượng công bố Nghị quyết HĐQT về việc thay đổi địa điểm Chi nhánh Bến Tre,https://cafef.vn/du-lieu/VPB-2655697/vpb-nghi-quyet-hdqt-ve-viec-thay-doi-dia-diem-chi-nhanh-ben-tre.chn,cafef
2026-04-01,VPB: CBTT mở mới các chi nhánh năm 2026,Ngân hàng Thương mại Cổ phần Việt Nam Thịnh Vượng thông báo mở mới các chi nhánh năm 2026,https://cafef.vn/du-lieu/VPB-2656110/vpb-cbtt-mo-moi-cac-chi-nhanh-nam-2026.chn,cafef
2026-03-30,VPB: Nghị quyết HĐQT về việc ký hợp đồng biệt phái,Ngân hàng Thương mại Cổ phần Việt Nam Thịnh Vượng thông báo Nghị quyết HĐQT về việc ký hợp đồng biệt phái,https://cafef.vn/du-lieu/VPB-2636083/vpb-nghi-quyet-hdqt-ve-viec-ky-hop-dong-biet-phai.chn,cafef
2026-03-27,VPB: Link công bố thư mời họp và tài liệu ĐHĐCĐ thường niên 2026,Ngân hàng Thương mại Cổ phần Việt Nam Thịnh Vượng thông báo link công bố thư mời họp và tài liệu ĐHĐCĐ thường niên 2026,https://cafef.vn/du-lieu/VPB-2579206/vpb-link-cong-bo-thu-moi-hop-va-tai-lieu-dhdcd-thuong-nien-2026.chn,cafef
2026-03-26,"VPB: Nghị quyết HĐQT thông qua hợp đồng, giao dịch cho vay hợp vốn giữa VPBank và các bên cho vay khác","Ngân hàng Thương mại Cổ phần Việt Nam Thịnh Vượng thông báo Nghị quyết HĐQT về việc thông qua hợp đồng, giao dịch cho vay hợp vốn giữa VPBank và các bên cho vay khác",https://cafef.vn/du-lieu/VPB-2427719/vpb-nghi-quyet-hdqt-thong-qua-hop-dong-giao-dich-cho-vay-hop-von-giua-vpbank-va-cac-ben-cho-vay-khac.chn,cafef
2026-03-26,"VPB: Nghị quyết HĐQT thông qua hợp đồng, giao dịch cho vay hợp vốn giữa VPBank và VPB SMBC FC","Ngân hàng Thương mại Cổ phần Việt Nam Thịnh Vượng thông báo Nghị quyết HĐQT về việc thông qua hợp đồng, giao dịch cho vay hợp vốn giữa VPBank và VPB SMBC FC",https://cafef.vn/du-lieu/VPB-2427710/vpb-nghi-quyet-hdqt-thong-qua-hop-dong-giao-dich-cho-vay-hop-von-giua-vpbank-va-vpb-smbc-fc.chn,cafef
2026-03-26,"VPB: Nghị quyết HĐQT thông qua hợp đồng, giao dịch cho vay hợp vốn giữa VPBank và VPB SMBC FC, GP Bank","Ngân hàng Thương mại Cổ phần Việt Nam Thịnh Vượng thông báo Nghị quyết HĐQT về việc thông qua hợp đồng, giao dịch cho vay hợp vốn giữa VPBank và VPB SMBC FC, GP Bank",https://cafef.vn/du-lieu/VPB-2427703/vpb-nghi-quyet-hdqt-thong-qua-hop-dong-giao-dich-cho-vay-hop-von-giua-vpbank-va-vpb-smbc-fc-gp-bank.chn,cafef
2026-03-13,VPB: Nghị quyết HĐQT về việc thành lập Công ty con: CTCP bảo hiểm nhân thọ Ngân hàng Việt Nam Thịnh Vượng,Ngân hàng Thương mại Cổ phần Việt Nam Thịnh Vượng thông báo Nghị quyết HĐQT về việc thành lập Công ty con,https://cafef.vn/du-lieu/VPB-2417196/vpb-nghi-quyet-hdqt-ve-viec-thanh-lap-cong-ty-con-ctcp-bao-hiem-nhan-tho-ngan-hang-viet-nam-thinh-vuong.chn,cafef
2026-03-12,VPB: Giải trình biến động LNST trên BCTC năm 2025 so với cùng kỳ năm trước,Ngân hàng Thương mại Cổ phần Việt Nam Thịnh Vượng thông báo giải trình biến động LNST trên BCTC năm 2025 so với cùng kỳ năm trước,https://cafef.vn/du-lieu/VPB-2416696/vpb-giai-trinh-bien-dong-lnst-tren-bctc-nam-2025-so-voi-cung-ky-nam-truoc.chn,cafef
2026-03-11,VPB: Nghị quyết HĐQT về việc phát hành riêng lẻ trái phiếu VPBank năm 2026,Ngân hàng Thương mại Cổ phần Việt Nam Thịnh Vượng công bố Nghị quyết HĐQT về việc phát hành riêng lẻ trái phiếu VPBank năm 2026,https://cafef.vn/du-lieu/VPB-2416538/vpb-nghi-quyet-hdqt-ve-viec-phat-hanh-rieng-le-trai-phieu-vpbank-nam-2026.chn,cafef
2026-03-06,VPB: Nghị quyết HĐQT về thay đổi tên gọi và địa điểm chi nhánh Nam Định,Ngân hàng Thương mại Cổ phần Việt Nam Thịnh Vượng công bố Nghị quyết HĐQT về thay đổi tên gọi và địa điểm chi nhánh Nam Định,https://cafef.vn/du-lieu/VPB-2413384/vpb-nghi-quyet-hdqt-ve-thay-doi-ten-goi-va-dia-diem-chi-nhanh-nam-dinh.chn,cafef
2026-03-05,"VPB: 19.3.2026, ngày GDKHQ tổ chức ĐHĐCĐ thường niên năm 2026",Sở Giao dịch Chứng khoán TP.HCM thông báo về ngày đăng ký cuối cùng tổ chức ĐHĐCĐ thường niên năm 2026 của Ngân hàng Thương mại Cổ phần Việt Nam Thịnh Vượng,https://cafef.vn/du-lieu/VPB-2412747/vpb-1932026-ngay-gdkhq-to-chuc-dhdcd-thuong-nien-nam-2026.chn,cafef
2026-03-02,VPB: Nghị quyết HĐQT về ngày ĐKCC thực hiện quyền tham dự ĐHĐCĐ thường niên 2026,Ngân hàng Thương mại Cổ phần Việt Nam Thịnh Vượng thông báo Nghị quyết HĐQT về ngày ĐKCC thực hiện quyền tham dự ĐHĐCĐ TN 2026,https://cafef.vn/du-lieu/VPB-2410183/vpb-nghi-quyet-hdqt-ve-ngay-dkcc-thuc-hien-quyen-tham-du-dhdcd-thuong-nien-2026.chn,cafef
2026-02-12,"VPB: Nghị quyết HĐQT thông qua hợp đồng, giao dịch với Công ty Cổ phần bảo hiểm OPES","Ngân hàng Thương mại Cổ phần Việt Nam Thịnh Vượng công bố Nghị quyết HĐQT về thông qua hợp đồng, giao dịch với Công ty Cổ phần bảo hiểm OPES",https://cafef.vn/du-lieu/VPB-2402143/vpb-nghi-quyet-hdqt-thong-qua-hop-dong-giao-dich-voi-cong-ty-co-phan-bao-hiem-opes.chn,cafef
2026-02-04,VPB: Nghị quyết HĐQT thông qua kế hoạch kinh doanh riêng lẻ và hợp nhất năm 2026,Ngân hàng Thương mại Cổ phần Việt Nam Thịnh Vượng công bố Nghị quyết HĐQT về thông qua kế hoạch kinh doanh của VPBank riêng lẻ và hợp nhất năm 202,https://cafef.vn/du-lieu/VPB-2397324/vpb-nghi-quyet-hdqt-thong-qua-ke-hoach-kinh-doanh-rieng-le-va-hop-nhat-nam-2026.chn,cafef
2026-01-29,VPB: Báo cáo tình hình quản trị công ty năm 2025,Ngân hàng Thương mại Cổ phần Việt Nam Thịnh Vượng công bố báo cáo tình hình quản trị công ty năm 2025,https://cafef.vn/du-lieu/VPB-2392746/vpb-bao-cao-tinh-hinh-quan-tri-cong-ty-nam-2025.chn,cafef
2026-01-27,VPB: Nghị quyết HĐQT phê duyệt giao dịch với SMBC về việc thu xếp khoản vay quốc tế cho VPBank,Ngân hàng Thương mại Cổ phần Việt Nam Thịnh Vượng thông báo Nghị quyết HĐQT phê duyệt giao dịch với SMBC về việc thu xếp khoản vay quốc tế cho VPBank,https://cafef.vn/du-lieu/VPB-2391087/vpb-nghi-quyet-hdqt-phe-duyet-giao-dich-voi-smbc-ve-viec-thu-xep-khoan-vay-quoc-te-cho-vpbank.chn,cafef
2026-01-20,VPB: Nghị quyết HĐQT về việc vay hợp vốn giữa VPB và VPB SMBC FC,Ngân hàng Thương mại Cổ phần Việt Nam Thịnh Vượng thông báo Nghị quyết HĐQT về việc vay hợp vốn giữa VPB và VPB SMBC FC,https://cafef.vn/du-lieu/VPB-2386831/vpb-nghi-quyet-hdqt-ve-viec-vay-hop-von-giua-vpb-va-vpb-smbc-fc.chn,cafef
2026-01-19,"VPBank lập kỷ lục lợi nhuận 30.600 tỷ đồng năm 2025, tăng trưởng 53%","Trong năm 2025 VPBank đã bứt phá rõ nét, ghi nhận kết quả kinh doanh ấn tượng và vượt kế hoạch ở toàn bộ chỉ tiêu tài chính: Tổng tài sản hợp nhất đạt 1,26 triệu tỷ đồng, lợi nhuận trước thuế đạt hơn 30.600 tỷ đồng.",https://cafef.vn/vpbank-lap-ky-luc-loi-nhuan-30600-ty-dong-nam-2025-tang-truong-53-188260119140218786.chn,cafef
2026-01-19,VPB: Giải trình biến động LNST trên BCTC quý 4/2025 so với cùng kỳ năm trước,Ngân hàng Thương mại Cổ phần Việt Nam Thịnh Vượng thông báo giải trình biến động LNST trên BCTC quý 4/2025 so với cùng kỳ năm trước,https://cafef.vn/du-lieu/VPB-2386040/vpb-giai-trinh-bien-dong-lnst-tren-bctc-quy-42025-so-voi-cung-ky-nam-truoc.chn,cafef
2026-01-15,VPB: Nghị quyết HĐQT về thay đổi tên gọi và địa điểm chi nhánh Quận 6,Ngân hàng Thương mại Cổ phần Việt Nam Thịnh Vượng công bố Nghị quyết HĐQT về thay đổi tên gọi và địa điểm chi nhánh Quận 6,https://cafef.vn/du-lieu/VPB-2383619/vpb-nghi-quyet-hdqt-ve-thay-doi-ten-goi-va-dia-diem-chi-nhanh-quan-6.chn,cafef
2026-01-05,VPB: Nghị quyết HĐQT v/v lựa chọn đơn vị kiểm toán và ký hợp đồng kiểm toán BCTC 2026,Ngân hàng Thương mại Cổ phần Việt Nam Thịnh Vượng thông báo Nghị quyết HĐQT về việc lựa chọn đơn vị kiểm toán và ký hợp đồng kiểm toán BCTC 2026,https://cafef.vn/du-lieu/VPB-2376684/vpb-nghi-quyet-hdqt-vv-lua-chon-don-vi-kiem-toan-va-ky-hop-dong-kiem-toan-bctc-2026.chn,cafef
2025-12-31,VPB: Nghị quyết HĐQT về việc thay đổi địa điểm chi nhánh Võ Chí Công,Ngân hàng Thương mại Cổ phần Việt Nam Thịnh Vượng công bố Nghị quyết HĐQT về việc thay đổi địa điểm chi nhánh Võ Chí Công,https://cafef.vn/du-lieu/VPB-2375496/vpb-nghi-quyet-hdqt-ve-viec-thay-doi-dia-diem-chi-nhanh-vo-chi-cong.chn,cafef
2025-12-29,"VPB: Nghị quyết HĐQT thông qua hợp đồng, giao dịch dịch vụ trung gian giữa VPBank và SMBC","Ngân hàng Thương mại Cổ phần Việt Nam Thịnh Vượng công bố Nghị quyết HĐQT thông qua hợp đồng, giao dịch dịch vụ trung gian giữa VPBank và SMBC",https://cafef.vn/du-lieu/VPB-2372167/vpb-nghi-quyet-hdqt-thong-qua-hop-dong-giao-dich-dich-vu-trung-gian-giua-vpbank-va-smbc.chn,cafef
2025-12-26,"VPB: Nghị quyết HĐQT về việc hợp đồng, giao dịch cho vay hợp vốn giữa VPBank và VPB SMBC FC","Ngân hàng Thương mại Cổ phần Việt Nam Thịnh Vượng công bố Nghị quyết HĐQT về việc hợp đồng, giao dịch cho vay hợp vốn giữa VPBank và VPB SMBC FC",https://cafef.vn/du-lieu/VPB-2369849/vpb-nghi-quyet-hdqt-ve-viec-hop-dong-giao-dich-cho-vay-hop-von-giua-vpbank-va-vpb-smbc-fc.chn,cafef
2025-12-26,"VPB: Nghị quyết HĐQT về việc hợp đồng, giao dịch cho vay hợp vốn giữa VPBank và GPBank","Ngân hàng Thương mại Cổ phần Việt Nam Thịnh Vượng công bố Nghị quyết HĐQT về việc hợp đồng, giao dịch cho vay hợp vốn giữa VPBank và GPBank",https://cafef.vn/du-lieu/VPB-2369850/vpb-nghi-quyet-hdqt-ve-viec-hop-dong-giao-dich-cho-vay-hop-von-giua-vpbank-va-gpbank.chn,cafef
2025-12-26,"VPB: Nghị quyết HĐQT thông qua hợp đồng, giao dịch VPBank cấp hạn mức thẻ tín dụng cho Công ty Cổ phần Bảo hiểm OPES","Ngân hàng Thương mại Cổ phần Việt Nam Thịnh Vượng công bố Nghị quyết HĐQT thông qua hợp đồng, giao dịch VPBank cấp hạn mức thẻ tín dụng cho Công ty Cổ phần Bảo hiểm OPES",https://cafef.vn/du-lieu/VPB-2369883/vpb-nghi-quyet-hdqt-thong-qua-hop-dong-giao-dich-vpbank-cap-han-muc-the-tin-dung-cho-cong-ty-co-phan-bao-hiem-opes.chn,cafef
2025-12-22,VPB: Nghị quyết HĐQT về việc phát hành trái phiếu riêng lẻ VPBank năm 2025,Ngân hàng Thương mại Cổ phần Việt Nam Thịnh Vượng thông báo Nghị quyết HĐQT về việc phát hành trái phiếu riêng lẻ VPBank năm 2025,https://cafef.vn/du-lieu/VPB-2366995/vpb-nghi-quyet-hdqt-ve-viec-phat-hanh-trai-phieu-rieng-le-vpbank-nam-2025.chn,cafef
2025-12-22,"VPB: Nghị quyết HĐQT thông qua hợp đồng, giao dịch cho vay hợp vốn giữa VPBank và GPBank","Ngân hàng Thương mại Cổ phần Việt Nam Thịnh Vượng thông báo Nghị quyết HĐQT về việc thông qua hợp đồng, giao dịch cho vay hợp vốn giữa VPBank và GPBank",https://cafef.vn/du-lieu/VPB-2367021/vpb-nghi-quyet-hdqt-thong-qua-hop-dong-giao-dich-cho-vay-hop-von-giua-vpbank-va-gpbank.chn,cafef
2025-12-22,VPB: Nghị quyết HĐQT về việc cấp tín dụng cho khách hàng thuộc đối tượng quy định tại điều 135 Luật các tổ chức tín dụng,Ngân hàng Thương mại Cổ phần Việt Nam Thịnh Vượng thông báo Nghị quyết HĐQT về việc cấp tín dụng cho khách hàng thuộc đối tượng quy định tại điều 135 Luật các tổ chức tín dụng,https://cafef.vn/du-lieu/VPB-2367022/vpb-nghi-quyet-hdqt-ve-viec-cap-tin-dung-cho-khach-hang-thuoc-doi-tuong-quy-dinh-tai-dieu-135-luat-cac-to-chuc-tin-dung.chn,cafef
2025-12-19,"VPBank 2025: Tăng trưởng mạnh mẽ, 15 năm chuẩn bị để khẳng định vị thế dẫn đầu","Năm 2025, VPBank nổi lên như một ngân hàng tạo dấu ấn đậm nét nhất thị trường, khi đồng thời bứt phá về quy mô tài sản, lợi nhuận và mở rộng mạnh mẽ hệ sinh thái cả về chiều rộng và chiều sâu. Những bước tiến đồng bộ này không chỉ gia tăng sức ảnh hưởng của VPBank trên thị trường tài chính, mà còn củng cố rõ rệt vị thế và thương hiệu của ngân hàng trong bức tranh thị trường cạnh tranh ngày càng quyết liệt.",https://cafef.vn/vpbank-2025-tang-truong-manh-me-15-nam-chuan-bi-de-khang-dinh-vi-the-dan-dau-188251218103543765.chn,cafef
2025-12-17,VPB: Nghị quyết HĐQT về việc phê duyệt giao dịch với SMBC - CN Singapore,Ngân hàng Thương mại Cổ phần Việt Nam Thịnh Vượng thông báo Nghị quyết HĐQT về việc phê duyệt giao dịch với SMBC - CN Singapore,https://cafef.vn/du-lieu/VPB-2363985/vpb-nghi-quyet-hdqt-ve-viec-phe-duyet-giao-dich-voi-smbc-cn-singapore.chn,cafef
2025-12-11,VPB: Nghị quyết HĐQT về việc phát hành riêng lẻ trái phiếu VPBank năm 2025,Ngân hàng Thương mại Cổ phần Việt Á thông báo Nghị quyết HĐQT về việc phát hành riêng lẻ trái phiếu VPBank năm 2025,https://cafef.vn/du-lieu/VPB-2359326/vpb-nghi-quyet-hdqt-ve-viec-phat-hanh-rieng-le-trai-phieu-vpbank-nam-2025.chn,cafef
2025-12-08,"VPB: Nghị quyết HĐQT về việc hợp đồng, giao dịch cho vay hợp vốn với GPBank","Ngân hàng Thương mại Cổ phần Việt Nam Thịnh Vượng công bố Nghị quyết HĐQT về việc hợp đồng, giao dịch cho vay hợp vốn với GPBank",https://cafef.vn/du-lieu/VPB-2356348/vpb-nghi-quyet-hdqt-ve-viec-hop-dong-giao-dich-cho-vay-hop-von-voi-gpbank.chn,cafef
2025-12-02,VPB: Nghị quyết HĐQT về việc phát hành trái phiếu riêng lẻ VPBank năm 2025,Ngân hàng Thương mại Cổ phần Việt Nam Thịnh Vượng thông báo Nghị quyết HĐQT về việc phát hành trái phiếu riêng lẻ VPBank năm 2025,https://cafef.vn/du-lieu/VPB-2352943/vpb-nghi-quyet-hdqt-ve-viec-phat-hanh-trai-phieu-rieng-le-vpbank-nam-2025.chn,cafef
2025-11-28,"VPB: Nghị quyết HĐQT về việc hợp đồng, giao dịch cho vay hợp vốn giữa VPBank và GPBank","Ngân hàng Thương mại Cổ phần Việt Nam Thịnh Vượng công bố Nghị quyết HĐQT về việc hợp đồng, giao dịch cho vay hợp vốn giữa VPBank và GPBank",https://cafef.vn/du-lieu/VPB-2349850/vpb-nghi-quyet-hdqt-ve-viec-hop-dong-giao-dich-cho-vay-hop-von-giua-vpbank-va-gpbank.chn,cafef
2025-11-28,"VPB: Nghị quyết HĐQT về việc hợp đồng, giao dịch cho vay hợp vốn giữa VPBank và VPB SMBC FC","Ngân hàng Thương mại Cổ phần Việt Nam Thịnh Vượng công bố Nghị quyết HĐQT về việc hợp đồng, giao dịch cho vay hợp vốn giữa VPBank và VPB SMBC FC",https://cafef.vn/du-lieu/VPB-2349873/vpb-nghi-quyet-hdqt-ve-viec-hop-dong-giao-dich-cho-vay-hop-von-giua-vpbank-va-vpb-smbc-fc.chn,cafef
2025-11-10,VPB: Nghị quyết HĐQT v/v phát hành trái phiếu riêng lẻ VPBank năm 2025,Ngân hàng Thương mại Cổ phần Việt Nam Thịnh Vượng thông báo Nghị quyết HĐQT về việc phát hành trái phiếu riêng lẻ VPBank năm 2025,https://cafef.vn/du-lieu/VPB-2336968/vpb-nghi-quyet-hdqt-vv-phat-hanh-trai-phieu-rieng-le-vpbank-nam-2025.chn,cafef
2025-10-29,VPB: Nghị quyết HĐQT về thay đổi địa điểm Chi nhánh Việt Hưng,Ngân hàng Thương mại Cổ phần Việt Nam Thịnh Vượng công bố Nghị quyết HĐQT về thay đổi địa điểm Chi nhánh Việt Hưng,https://cafef.vn/du-lieu/VPB-2332083/vpb-nghi-quyet-hdqt-ve-thay-doi-dia-diem-chi-nhanh-viet-hung.chn,cafef
2025-10-24,VPB: Thông báo đã hoàn thành việc thực hiện nghĩa vụ thuế,Ngân hàng Thương mại Cổ phần Việt Nam Thịnh Vượng thông báo đã hoàn thành việc thực hiện nghĩa vụ thuế,https://cafef.vn/du-lieu/VPB-2325936/vpb-thong-bao-da-hoan-thanh-viec-thuc-hien-nghia-vu-thue.chn,cafef
2025-10-22,"VPB: Nghị quyết HĐQT thông qua hợp đồng, giao dịch cho vay hợp vốn với GPBank","Ngân hàng Thương mại Cổ phần Việt Nam Thịnh Vượng công bố Nghị quyết HĐQT thông qua hợp đồng, giao dịch cho vay hợp vốn với GPBank",https://cafef.vn/du-lieu/VPB-2323513/vpb-nghi-quyet-hdqt-thong-qua-hop-dong-giao-dich-cho-vay-hop-von-voi-gpbank.chn,cafef
2025-10-17,VPB: Nghị quyết HĐQT về việc phát hành riêng lẻ trái phiếu VPBank năm 2025 - VPB12514,Ngân hàng Thương mại Cổ phần Việt Nam Thịnh Vượng công bố Nghị quyết HĐQT về việc phát hành riêng lẻ trái phiếu VPBank năm 2025 - VPB12514,https://cafef.vn/du-lieu/VPB-2319252/vpb-nghi-quyet-hdqt-ve-viec-phat-hanh-rieng-le-trai-phieu-vpbank-nam-2025-vpb12514.chn,cafef
2025-10-15,VPB: Nghị quyết HĐQT về thay đổi địa điểm Chi nhánh Long Bình,Ngân hàng Thương mại Cổ phần Việt Nam Thịnh Vượng công bố Nghị quyết HĐQT về thay đổi địa điểm Chi nhánh Long Bình,https://cafef.vn/du-lieu/VPB-2318297/vpb-nghi-quyet-hdqt-ve-thay-doi-dia-diem-chi-nhanh-long-binh.chn,cafef
2025-10-14,"VPBank đạt 20.400 tỷ đồng lợi nhuận trước thuế trong 9 tháng đầu năm, tăng trưởng hơn 47% so với cùng kỳ","Riêng quý 3, VPBank lãi cao nhất 15 quý trở lại đây. Và chỉ sau 9 tháng, nhà băng này đã vượt kế hoạch cả năm về tổng tài sản và hoàn thành 81% kế hoạch lợi nhuận với mức tăng trưởng gần gấp rưỡi so với cùng kỳ. Cộng hưởng sức mạnh của toàn hệ sinh thái mở rộng khác biệt, VPBank đã kiến tạo nền tảng vững chắc, tạo tiền đề quan trọng cho những bước phát triển mạnh mẽ, bứt phá trong giai đoạn tới.",https://cafef.vn/vpbank-dat-20400-ty-dong-loi-nhuan-truoc-thue-trong-9-thang-dau-nam-tang-truong-hon-47-so-voi-cung-ky-188251014142557845.chn,cafef
2025-10-14,VPB: Giải trình biến động LNST quý 3/2025 so với cùng kỳ năm trước,Ngân hàng Thương mại Cổ phần Việt Nam Thịnh Vượng giải trình biến động LNST quý 3/2025 so với cùng kỳ năm trước,https://cafef.vn/du-lieu/VPB-2317266/vpb-giai-trinh-bien-dong-lnst-quy-32025-so-voi-cung-ky-nam-truoc.chn,cafef
2025-09-29,VPB: CBTT giải tỏa ESOP năm 2023,Ngân hàng Thương mại Cổ phần Việt Nam Thịnh Vượng thông báo giải tỏa ESOP năm 2023,https://cafef.vn/du-lieu/VPB-2307500/vpb-cbtt-giai-toa-esop-nam-2023.chn,cafef
2025-09-25,VPB: Nghị quyết HĐQT về việc phát hành trái phiếu riêng lẻ VPBank năm 2025,Ngân hàng Thương mại Cổ phần Việt Nam Thịnh Vượng thông báo Nghị quyết HĐQT về việc phát hành trái phiếu riêng lẻ VPBank năm 2025,https://cafef.vn/du-lieu/VPB-2303601/vpb-nghi-quyet-hdqt-ve-viec-phat-hanh-trai-phieu-rieng-le-vpbank-nam-2025.chn,cafef
2025-09-15,VPB: Nghị quyết HĐQT về việc chuyển nhượng cổ phần Công ty OPES cho Công ty VPBankS,Ngân hàng Thương mại Cổ phần Việt Nam Thịnh Vượng công bố Nghị quyết HĐQT về việc chuyển nhượng cổ phần Công ty OPES cho Công ty VPBankS,https://cafef.vn/du-lieu/VPB-2296964/vpb-nghi-quyet-hdqt-ve-viec-chuyen-nhuong-co-phan-cong-ty-opes-cho-cong-ty-vpbanks.chn,cafef
2025-09-12,VPB: Nghị quyết HĐQT về việc phát hành  riêng lẻ trái phiếu VPBank năm 2025,Ngân hàng Thương mại Cổ phần Việt Nam Thịnh Vượng thông báo Nghị quyết HĐQT về việc phát hành  riêng lẻ trái phiếu VPBank năm 2025,https://cafef.vn/du-lieu/VPB-2295342/vpb-nghi-quyet-hdqt-ve-viec-phat-hanh-rieng-le-trai-phieu-vpbank-nam-2025.chn,cafef
2025-09-09,VPB: Nghị quyết HĐQT về việc thay đổi địa điểm chi nhánh,Ngân hàng Thương mại Cổ phần Việt Nam Thịnh Vượng công bố Nghị quyết HĐQT về việc thay đổi địa điểm chi nhánh,https://cafef.vn/du-lieu/VPB-2292554/vpb-nghi-quyet-hdqt-ve-viec-thay-doi-dia-diem-chi-nhanh.chn,cafef
2025-09-04,VPB: Nghị quyết HĐQT số 210 ngày 03/09/2025,Ngân hàng Thương mại Cổ phần Việt Nam Thịnh Vượng thông báo Nghị quyết HĐQT số 210 ngày 03/09/2025,https://cafef.vn/du-lieu/VPB-2289807/vpb-nghi-quyet-hdqt-so-210-ngay-03092025.chn,cafef
2025-08-28,VPB: Nghị quyết HĐQT về việc thay đổi địa điểm Chi nhánh Phùng Hưng,Ngân hàng Thương mại Cổ phần Việt Nam Thịnh Vượng công bố Nghị quyết HĐQT về việc thay đổi địa điểm Chi nhánh Phùng Hưng,https://cafef.vn/du-lieu/VPB-2288255/vpb-nghi-quyet-hdqt-ve-viec-thay-doi-dia-diem-chi-nhanh-phung-hung.chn,cafef
2025-08-21,"VPB: Nghị quyết HĐQT v/v thay đổi địa điểm Chi nhánh Hưng Yên, Hoàng Mai, Vạn Phúc","Ngân hàng Thương mại Cổ phần Việt Nam Thịnh Vượng công bố Nghị quyết HĐQT về việc thay đổi địa điểm Chi nhánh Hưng Yên, Hoàng Mai, Vạn Phúc",https://cafef.vn/du-lieu/VPB-2279872/vpb-nghi-quyet-hdqt-vv-thay-doi-dia-diem-chi-nhanh-hung-yen-hoang-mai-van-phuc.chn,cafef
2025-08-21,"VPB: Nghị quyết HĐQT thông qua Hợp đồng, giao dịch gửi tiền, nhận tiền gửi và hạn mức rủi ro trực tiếp với SMBC","Ngân hàng Thương mại Cổ phần Việt Nam Thịnh Vượng công bố Nghị quyết HĐQT về việc thông qua Hợp đồng, giao dịch gửi tiền, nhận tiền gửi và hạn mức rủi ro trực tiếp với SMBC",https://cafef.vn/du-lieu/VPB-2279878/vpb-nghi-quyet-hdqt-thong-qua-hop-dong-giao-dich-gui-tien-nhan-tien-gui-va-han-muc-rui-ro-truc-tiep-voi-smbc.chn,cafef
2025-08-21,"VPB: Nghị quyết HĐQT thông qua Hợp đồng, giao dịch sản phẩm thị trường tài chính và hạn mức rủi ro thanh toán và trước thanh toán với SMBC","Ngân hàng Thương mại Cổ phần Việt Nam Thịnh Vượng công bố Nghị quyết HĐQT về việc thông qua Hợp đồng, giao dịch sản phẩm thị trường tài chính và hạn mức rủi ro thanh toán và trước thanh toán với SMBC",https://cafef.vn/du-lieu/VPB-2280658/vpb-nghi-quyet-hdqt-thong-qua-hop-dong-giao-dich-san-pham-thi-truong-tai-chinh-va-han-muc-rui-ro-thanh-toan-va-truoc-thanh-toan-voi-smbc.chn,cafef
2025-08-20,VPB: Nghị quyết HĐQT về việc phát hành riêng lẻ trái phiếu năm 2025,Ngân hàng Thương mại Cổ phần Việt Nam Thịnh Vượng công bố Nghị quyết HĐQT về việc phát hành riêng lẻ trái phiếu năm 2025,https://cafef.vn/du-lieu/VPB-2280632/vpb-nghi-quyet-hdqt-ve-viec-phat-hanh-rieng-le-trai-phieu-nam-2025.chn,cafef
2025-08-15,VPB: Giải trình biến động LNST 6 tháng đầu năm 2025 so với cùng kỳ năm trước,Ngân hàng Thương mại Cổ phần Việt Nam Thịnh Vượng giải trình biến động LNST 6 tháng đầu năm 2025 so với cùng kỳ năm trước,https://cafef.vn/du-lieu/VPB-2271611/vpb-giai-trinh-bien-dong-lnst-6-thang-dau-nam-2025-so-voi-cung-ky-nam-truoc.chn,cafef
2025-08-13,VPB: Nghị quyết HĐQT bổ sung kế hoạch phát hành giấy tờ có giá của VPBank năm 2025,Ngân hàng Thương mại Cổ phần Việt Nam Thịnh Vượng thông báo Nghị quyết HĐQT về việc bổ sung kế hoạch phát hành giấy tờ có giá của VPBank năm 2025,https://cafef.vn/du-lieu/VPB-2270588/vpb-nghi-quyet-hdqt-bo-sung-ke-hoach-phat-hanh-giay-to-co-gia-cua-vpbank-nam-2025.chn,cafef
2025-08-13,VPB: CBTT giải tỏa 35% đợt 3 ESOP năm 2022,Ngân hàng Thương mại Cổ phần Việt Nam Thịnh Vượng thông báo giải tỏa 35% đợt 3 ESOP năm 2022,https://cafef.vn/du-lieu/VPB-2270596/vpb-cbtt-giai-toa-35-dot-3-esop-nam-2022.chn,cafef
2025-08-11,VPB: Nghị quyết HĐQT phê duyệt khoản phát hành Trái phiếu quốc tế và văn bản giao dịch,Ngân hàng Thương mại Cổ phần Việt Nam Thịnh Vượng công bố Nghị quyết HĐQT phê duyệt khoản phát hành Trái phiếu quốc tế và văn bản giao dịch,https://cafef.vn/du-lieu/VPB-2269410/vpb-nghi-quyet-hdqt-phe-duyet-khoan-phat-hanh-trai-phieu-quoc-te-va-van-ban-giao-dich.chn,cafef
2025-08-06,VPB: Thông báo công văn của UBCKNN về việc nhận được hồ sơ chào bán trái phiếu ra thị trường quốc tế của VPB,Ngân hàng Thương mại Cổ phần Việt Nam Thịnh Vượng thông báo công văn của UBCKNN về việc nhận được hồ sơ chào bán trái phiếu ra thị trường quốc tế của VPB,https://cafef.vn/du-lieu/VPB-2347367/vpb-thong-bao-cong-van-cua-ubcknn-ve-viec-nhan-duoc-ho-so-chao-ban-trai-phieu-ra-thi-truong-quoc-te-cua-vpb.chn,cafef
2025-08-01,VPB: Thông báo hoàn thành nghĩa vụ thuế,Ngân hàng Thương mại Cổ phần Việt Nam Thịnh Vượng thông báo hoàn thành nghĩa vụ thuế,https://cafef.vn/du-lieu/VPB-2349016/vpb-thong-bao-hoan-thanh-nghia-vu-thue.chn,cafef
2025-07-31,VPB: Báo cáo tình hình quản trị 6 tháng đầu năm 2025,Ngân hàng Thương mại Cổ phần Việt Nam Thịnh Vượng Báo cáo tình hình quản trị 6 tháng đầu năm 2025,https://cafef.vn/du-lieu/VPB-2294737/vpb-bao-cao-tinh-hinh-quan-tri-6-thang-dau-nam-2025.chn,cafef
2025-07-25,VPB: Nghị quyết HĐQT phê duyệt Hồ sơ chào bán Trái phiếu quốc tế bền vững năm 2025,Ngân hàng Thương mại Cổ phần Việt Nam Thịnh Vượng công bố Nghị quyết HĐQT số 182/2025 ngày 24/07/2025,https://cafef.vn/du-lieu/VPB-2256878/vpb-nghi-quyet-hdqt-phe-duyet-ho-so-chao-ban-trai-phieu-quoc-te-ben-vung-nam-2025.chn,cafef
2025-07-24,VPB: Nghị quyết HĐQT về việc phát hành trái phiếu riêng lẻ VPBank năm 2025,Ngân hàng Thương mại Cổ phần Việt Nam Thịnh Vượng thông báo Nghị quyết HĐQT về việc phát hành trái phiếu riêng lẻ VPBank năm 2025,https://cafef.vn/du-lieu/VPB-2255668/vpb-nghi-quyet-hdqt-ve-viec-phat-hanh-trai-phieu-rieng-le-vpbank-nam-2025.chn,cafef
2025-07-24,VPB: Nghị quyết HĐQT về việc phát hành trái phiếu riêng lẻ VPBank năm 2025,Ngân hàng Thương mại Cổ phần Việt Nam Thịnh Vượng thông báo Nghị quyết HĐQT về việc phát hành trái phiếu riêng lẻ VPBank năm 2025,https://cafef.vn/du-lieu/VPB-2255764/vpb-nghi-quyet-hdqt-ve-viec-phat-hanh-trai-phieu-rieng-le-vpbank-nam-2025.chn,cafef
2025-07-22,"VPBank lập kỷ lục mới trong nhóm ngân hàng tư nhân: Tổng tài sản vượt 1,1 triệu tỷ đồng, CASA tăng trưởng 40% trong 6 tháng đầu năm","Nửa đầu năm 2025, VPBank đã thiết lập cột mốc mới trong nhóm các ngân hàng tư nhân Việt Nam với quy mô tài sản vượt 1,1 triệu tỷ đồng, lợi nhuận hơn 11.200 tỷ đồng.",https://cafef.vn/vpbank-lap-ky-luc-moi-trong-nhom-ngan-hang-tu-nhan-tong-tai-san-vuot-11-trieu-ty-dong-casa-tang-truong-40-trong-6-thang-dau-nam-188250722145938433.chn,cafef
2025-07-22,VPB: Giải trình biến động LNST quý 2.2025 so với cùng kỳ năm trước,Ngân hàng Thương mại Cổ phần Việt Nam Thịnh Vượng giải trình biến động LNST quý 2.2025 so với cùng kỳ năm trước,https://cafef.vn/du-lieu/VPB-2253240/vpb-giai-trinh-bien-dong-lnst-quy-22025-so-voi-cung-ky-nam-truoc.chn,cafef
2025-07-18,"VPB: Nghị quyết HĐQT thông qua hợp đồng, giao dịch cho vay hợp vốn giữa VPBank và SMBC FC","Ngân hàng Thương mại Cổ phần Việt Nam Thịnh Vượng thông báo Nghị quyết HĐQT về việc thông qua hợp đồng, giao dịch cho vay hợp vốn giữa VPBank và SMBC FC",https://cafef.vn/du-lieu/VPB-2250960/vpb-nghi-quyet-hdqt-thong-qua-hop-dong-giao-dich-cho-vay-hop-von-giua-vpbank-va-smbc-fc.chn,cafef
2025-07-17,VPB: Thông báo về việc sử dụng con dấu mới,Ngân hàng Thương mại Cổ phần Việt Nam Thịnh Vượng thông báo  về việc sử dụng con dấu mới,https://cafef.vn/du-lieu/VPB-2247650/vpb-thong-bao-ve-viec-su-dung-con-dau-moi.chn,cafef
2025-07-15,VPB: Nghị quyết HĐQT về việc thay đổi địa điểm Văn phòng Đại diện Miền Nam và Chi nhánh Sài Gòn,Ngân hàng Thương mại Cổ phần Việt Nam Thịnh Vượng thông báo Nghị quyết HĐQT về việc thay đổi địa điểm Văn phòng Đại diện Miền Nam và Chi nhánh Sài Gòn,https://cafef.vn/du-lieu/VPB-2246171/vpb-nghi-quyet-hdqt-ve-viec-thay-doi-dia-diem-van-phong-dai-dien-mien-nam-va-chi-nhanh-sai-gon.chn,cafef
2025-07-08,VPB: Nghị quyết HĐQT về cập nhật địa chỉ của trụ sở chính của VPBank do thay đổi địa giới hành chính,Ngân hàng Thương mại Cổ phần Việt Nam Thịnh Vượng công bố Nghị quyết HĐQT về cập nhật địa chỉ của trụ sở chính của VPBank do thay đổi địa giới hành chính,https://cafef.vn/du-lieu/VPB-2241104/vpb-nghi-quyet-hdqt-ve-cap-nhat-dia-chi-cua-tru-so-chinh-cua-vpbank-do-thay-doi-dia-gioi-hanh-chinh.chn,cafef
2025-07-08,"VPB: Nghị quyết HĐQT về việc cập nhật địa chỉ của văn phòng đại diện, cá chi nhánh và các phòng GD do thay đổi địa giới hành chính","Ngân hàng Thương mại Cổ phần Việt Nam Thịnh Vượng thông báo Nghị quyết HĐQT về việc cập nhật địa chỉ của văn phòng đại diện, cá chi nhánh và các phòng GD do thay đổi địa giới hành chính",https://cafef.vn/du-lieu/VPB-2241219/vpb-nghi-quyet-hdqt-ve-viec-cap-nhat-dia-chi-cua-van-phong-dai-dien-ca-chi-nhanh-va-cac-phong-gd-do-thay-doi-dia-gioi-hanh-chinh.chn,cafef
2025-07-03,VPB: Nghị quyết HĐQT liên quan đến Hợp đồng vay vốn,Ngân hàng Thương mại Cổ phần Việt Nam Thịnh Vượng thông báo Nghị quyết HĐQT số 159 ngày 03/07/2025,https://cafef.vn/du-lieu/VPB-2237752/vpb-nghi-quyet-hdqt-lien-quan-den-hop-dong-vay-von.chn,cafef
2025-07-02,VPB: Báo cáo phát triển bền vững năm 2024,Ngân hàng Thương mại Cổ phần Việt Nam Thịnh Vượng công bố báo cáo phát triển bền vững năm 2024,https://cafef.vn/du-lieu/VPB-2236805/vpb-bao-cao-phat-trien-ben-vung-nam-2024.chn,cafef
2025-06-30,VPB: Nghị quyết HĐQT thông qua hợp đồng giao dịch vay SMBC - CN Singapore,Ngân hàng Thương mại Cổ phần Việt Nam Thịnh Vượng công bố Nghị quyết HĐQT về việc thông qua hợp đồng giao dịch vay SMBC - CN Singapore,https://cafef.vn/du-lieu/VPB-2234322/vpb-nghi-quyet-hdqt-thong-qua-hop-dong-giao-dich-vay-smbc-cn-singapore.chn,cafef
2025-06-27,VPB: Nghị quyết HĐQT về việc phát hành riêng lẻ trái phiếu VPB 12509 năm 2025,Ngân hàng Thương mại Cổ phần Việt Nam Thịnh Vượng công bố Nghị quyết HĐQT về việc phát hành riêng lẻ trái phiếu VPB 12509 năm 2025,https://cafef.vn/du-lieu/VPB-2232458/vpb-nghi-quyet-hdqt-ve-viec-phat-hanh-rieng-le-trai-phieu-vpb-12509-nam-2025.chn,cafef
2025-06-27,VPB: Nghị quyết HĐQT về việc phát hành riêng lẻ trái phiếu VPB 12508 năm 2025,Ngân hàng Thương mại Cổ phần Việt Nam Thịnh Vượng công bố Nghị quyết HĐQT về việc phát hành riêng lẻ trái phiếu VPB 12508 năm 2025,https://cafef.vn/du-lieu/VPB-2232459/vpb-nghi-quyet-hdqt-ve-viec-phat-hanh-rieng-le-trai-phieu-vpb-12508-nam-2025.chn,cafef
2025-06-27,VPB: Nghị quyết HĐQT về việc phát hành riêng lẻ trái phiếu VPB 12507 năm 2025,Ngân hàng Thương mại Cổ phần Việt Nam Thịnh Vượng công bố Nghị quyết HĐQT về việc phát hành riêng lẻ trái phiếu VPB 12507 năm 2025,https://cafef.vn/du-lieu/VPB-2232460/vpb-nghi-quyet-hdqt-ve-viec-phat-hanh-rieng-le-trai-phieu-vpb-12507-nam-2025.chn,cafef
2025-06-27,VPB: Nghị quyết HĐQT về việc phát hành riêng lẻ trái phiếu VPB 12506 năm 2025,Ngân hàng Thương mại Cổ phần Việt Nam Thịnh Vượng công bố Nghị quyết HĐQT về việc phát hành riêng lẻ trái phiếu VPB 12506 năm 2025,https://cafef.vn/du-lieu/VPB-2232463/vpb-nghi-quyet-hdqt-ve-viec-phat-hanh-rieng-le-trai-phieu-vpb-12506-nam-2025.chn,cafef
2025-06-27,"VPB: Nghị quyết HĐQT về hợp đồng, giao dịch cho vay vốn với VPB SMBC FC","Ngân hàng Thương mại Cổ phần Việt Nam Thịnh Vượng công bố Nghị quyết HĐQT về hợp đồng, giao dịch cho vay vốn với VPB SMBC FC",https://cafef.vn/du-lieu/VPB-2232477/vpb-nghi-quyet-hdqt-ve-hop-dong-giao-dich-cho-vay-von-voi-vpb-smbc-fc.chn,cafef
2025-06-26,VPB: Nghị quyết HĐQT thông qua hợp đồng giao dịch vay SMBC - Chi nhánh Singapore,Ngân hàng Thương mại Cổ phần Việt Nam Thịnh Vượng công bố Nghị quyết HĐQT về việc thông qua hợp đồng giao dịch vay SMBC - Chi nhánh Singapore,https://cafef.vn/du-lieu/VPB-2231596/vpb-nghi-quyet-hdqt-thong-qua-hop-dong-giao-dich-vay-smbc-chi-nhanh-singapore.chn,cafef
2025-06-19,VPB: Nghị quyết HĐQT về việc tái cấp hạn mức với VPB SMBC FC,Ngân hàng Thương mại Cổ phần Việt Nam Thịnh Vượng thông báo Nghị quyết HĐQT về việc tái cấp hạn mức với VPB SMBC FC,https://cafef.vn/du-lieu/VPB-2225335/vpb-nghi-quyet-hdqt-ve-viec-tai-cap-han-muc-voi-vpb-smbc-fc.chn,cafef
2025-06-19,VPB: Nghị quyết HĐQT về việc ký hợp đồng biệt phái với SMBC,Ngân hàng Thương mại Cổ phần Việt Nam Thịnh Vượng công bố Nghị quyết HĐQT về việc ký hợp đồng biệt phái với SMBC,https://cafef.vn/du-lieu/VPB-2225869/vpb-nghi-quyet-hdqt-ve-viec-ky-hop-dong-biet-phai-voi-smbc.chn,cafef
2025-06-06,VPB: Thông báo về việc bổ sung ngành nghề vào giấy phép thành lập,Ngân hàng Thương mại Cổ phần Việt Nam Thịnh Vượng thông báo về việc bổ sung ngành nghề vào giấy phép thành lập,https://cafef.vn/du-lieu/VPB-2215988/vpb-thong-bao-ve-viec-bo-sung-nganh-nghe-vao-giay-phep-thanh-lap.chn,cafef
2025-05-30,VPB: Nghị quyết HĐQT v/v phê duyệt hồ sơ chào bán trái phiếu quốc tế và nội dung chính của phương án phát hành,Ngân hàng Thương mại Cổ phần Việt Nam Thịnh Vượng công bố Nghị quyết HĐQT về việc phê duyệt hồ sơ chào bán trái phiếu quốc tế và nội dung chính của phương án phát hành,https://cafef.vn/du-lieu/VPB-2211032/vpb-nghi-quyet-hdqt-vv-phe-duyet-ho-so-chao-ban-trai-phieu-quoc-te-va-noi-dung-chinh-cua-phuong-an-phat-hanh.chn,cafef
2025-05-22,VPB: Nghị quyết HĐQT về việc phát hành trái phiếu riêng lẻ năm 2025,Ngân hàng Thương mại Cổ phần Việt Nam Thịnh Vượng thông báo Nghị quyết HĐQT về việc phát hành trái phiếu riêng lẻ năm 2025,https://cafef.vn/du-lieu/VPB-2205120/vpb-nghi-quyet-hdqt-ve-viec-phat-hanh-trai-phieu-rieng-le-nam-2025.chn,cafef
2025-05-19,VPB: Nghị quyết HĐQT về việc phát hành riêng lẻ các mã trái phiếu năm 2025,Ngân hàng Thương mại Cổ phần Việt Nam Thịnh Vượng công bố Nghị quyết HĐQT về việc phát hành riêng lẻ các mã trái phiếu năm 2025,https://cafef.vn/du-lieu/VPB-2203143/vpb-nghi-quyet-hdqt-ve-viec-phat-hanh-rieng-le-cac-ma-trai-phieu-nam-2025.chn,cafef
2025-05-13,VPB: Đính chính thông báo ngày ĐKCC để trả cổ tức,Ngân hàng Thương mại Cổ phần Việt Nam Thịnh Vượng thông báo đính chính thông báo ngày ĐKCC để trả cổ tức,https://cafef.vn/du-lieu/VPB-2196258/vpb-dinh-chinh-thong-bao-ngay-dkcc-de-tra-co-tuc.chn,cafef
2025-05-07,VPB: Nghị quyết HĐQT phê duyệt ngày ĐKCC thực hiện trả cổ tức năm 2024 bằng tiền,Ngân hàng Thương mại Cổ phần Việt Nam Thịnh Vượng thông báo Nghị quyết HĐQT về việc phê duyệt ngày ĐKCC thực hiện trả cổ tức năm 2024 bằng tiền,https://cafef.vn/du-lieu/VPB-2197039/vpb-nghi-quyet-hdqt-phe-duyet-ngay-dkcc-thuc-hien-tra-co-tuc-nam-2024-bang-tien.chn,cafef
2025-05-07,VPB: Nghị quyết HĐQT về việc phát hành riêng lẻ các mã trái phiếu năm 2025,Ngân hàng Thương mại Cổ phần Việt Nam Thịnh Vượng thông báo Nghị quyết HĐQT về việc phát hành riêng lẻ các mã trái phiếu năm 2025,https://cafef.vn/du-lieu/VPB-2197041/vpb-nghi-quyet-hdqt-ve-viec-phat-hanh-rieng-le-cac-ma-trai-phieu-nam-2025.chn,cafef
2025-04-29,VPB: Nghị quyết HĐQT phê duyệt phương án phát hành trái phiếu quốc tế bền vững năm 2025,Ngân hàng Thương mại Cổ phần Việt Nam Thịnh Vượng thông báo Nghị quyết HĐQT về việc phê duyệt phương án phát hành trái phiếu quốc tế bền vững năm 2025,https://cafef.vn/du-lieu/VPB-2195593/vpb-nghi-quyet-hdqt-phe-duyet-phuong-an-phat-hanh-trai-phieu-quoc-te-ben-vung-nam-2025.chn,cafef
2025-04-29,VPB: Điều lệ công ty 2025,Ngân hàng Thương mại Cổ phần Việt Nam Thịnh Vượng thông báo Điều lệ công ty,https://cafef.vn/du-lieu/VPB-2195756/vpb-dieu-le-cong-ty-2025.chn,cafef
2025-04-29,VPB: Nghị quyết và Biên bản họp ĐHĐCĐ thường niên năm 2025,Ngân hàng Thương mại Cổ phần Việt Nam Thịnh Vượng thông báo Nghị quyết và Biên bản họp ĐHĐCĐ thường niên năm 2025,https://cafef.vn/du-lieu/VPB-2222081/vpb-nghi-quyet-va-bien-ban-hop-dhdcd-thuong-nien-nam-2025.chn,cafef
2025-04-28,VPB: Nghị quyết HĐQT thông qua giao dịch dịch vụ trung gian giữa VPBank và SMBC,Ngân hàng Thương mại Cổ phần Việt Nam Thịnh Vượng thông báo Nghị quyết HĐQT về việc thông qua giao dịch dịch vụ trung gian giữa VPBank và SMBC,https://cafef.vn/du-lieu/VPB-2195203/vpb-nghi-quyet-hdqt-thong-qua-giao-dich-dich-vu-trung-gian-giua-vpbank-va-smbc.chn,cafef
2025-04-25,VPB: Nghị quyết HĐQT thông qua ký kết các văn bản thỏa thuận hỗ trợ quản trị giữa VPBank và các công ty con để triển khai Khung quản trị tập đoàn,Ngân hàng Thương mại Cổ phần Việt Nam Thịnh Vượng thông báo Nghị quyết HĐQT về việc thông qua ký kết các văn bản thỏa thuận hỗ trợ quản trị giữa VPBank và các công ty con để triển khai Khung quản trị tập đoàn,https://cafef.vn/du-lieu/VPB-2191028/vpb-nghi-quyet-hdqt-thong-qua-ky-ket-cac-van-ban-thoa-thuan-ho-tro-quan-tri-giua-vpbank-va-cac-cong-ty-con-de-trien-khai-khung-quan-tri-tap-doan.chn,cafef
2025-04-23,"VPB: Nghị quyết HĐQT thông qua hợp đồng, giao dịch với SMBC Trust Bank","Ngân hàng Thương mại Cổ phần Việt Nam Thịnh Vượng thông báo Nghị quyết HĐQT về việc thông qua hợp đồng, giao dịch với SMBC Trust Bank",https://cafef.vn/du-lieu/VPB-2186174/vpb-nghi-quyet-hdqt-thong-qua-hop-dong-giao-dich-voi-smbc-trust-bank.chn,cafef
2025-04-18,"VPB: Nghị quyết HĐQT thông qua hợp đồng, giao dịch và các hạn mức rủi ro với GPBank","Ngân hàng Thương mại Cổ phần Việt Nam Thịnh Vượng công bố Nghị quyết HĐQT về việc thông qua hợp đồng, giao dịch và các hạn mức rủi ro với GPBank",https://cafef.vn/du-lieu/VPB-2182631/vpb-nghi-quyet-hdqt-thong-qua-hop-dong-giao-dich-va-cac-han-muc-rui-ro-voi-gpbank.chn,cafef
2025-04-16,VPB: Nghị quyết HĐQT phê duyệt giao dịch mua bán nợ và các giao dịch liên quan giữa VPBank và GPBank,Ngân hàng Thương mại Cổ phần Việt Nam Thịnh Vượng thông báo Nghị quyết HĐQT về việc phê duyệt giao dịch mua bán nợ và các giao dịch liên quan giữa VPBank và GPBank,https://cafef.vn/du-lieu/VPB-2179780/vpb-nghi-quyet-hdqt-phe-duyet-giao-dich-mua-ban-no-va-cac-giao-dich-lien-quan-giua-vpbank-va-gpbank.chn,cafef
2025-04-08,VPB: Thông báo mời họp và tài liệu ĐHĐCĐ thường niên năm 2025,Ngân hàng Thương mại Cổ phần Việt Nam Thịnh Vượng thông báo mời họp và tài liệu ĐHĐCĐ thường niên năm 2025,https://cafef.vn/du-lieu/VPB-2167682/vpb-thong-bao-moi-hop-va-tai-lieu-dhdcd-thuong-nien-nam-2025.chn,cafef
2025-04-01,VPB: Nghị quyết HĐQT phê duyệt giao dịch mua bán nợ và các giao dịch liên quan giữa VPBank và GPBank,Ngân hàng Thương mại Cổ phần Việt Nam Thịnh Vượng thông báo Nghị quyết HĐQT về việc phê duyệt giao dịch mua bán nợ và các giao dịch liên quan giữa VPBank và GPBank,https://cafef.vn/du-lieu/VPB-2162486/vpb-nghi-quyet-hdqt-phe-duyet-giao-dich-mua-ban-no-va-cac-giao-dich-lien-quan-giua-vpbank-va-gpbank.chn,cafef
2025-03-26,"VPB: Nghị quyết HĐQT thông qua hợp đồng, giao dịch với các bên có liên quan","Ngân hàng Thương mại Cổ phần Việt Nam Thịnh Vượng thông báo Nghị quyết HĐQT về việc thông qua hợp đồng, giao dịch với các bên có liên quan",https://cafef.vn/du-lieu/VPB-2157823/vpb-nghi-quyet-hdqt-thong-qua-hop-dong-giao-dich-voi-cac-ben-co-lien-quan.chn,cafef
2025-03-25,"VPB: HĐQT thông qua hợp đồng, giao dịch vay hợp vốn với SMBC Singapore và các bên cho vay khác","Ngân hàng Thương mại Cổ phần Việt Nam Thịnh Vượng thông báo HĐQT thông qua hợp đồng, giao dịch vay hợp vốn với SMBC Singapore và các bên cho vay khác",https://cafef.vn/du-lieu/VPB-2157626/vpb-hdqt-thong-qua-hop-dong-giao-dich-vay-hop-von-voi-smbc-singapore-va-cac-ben-cho-vay-khac.chn,cafef
2025-03-24,VPB: Nghị quyết HĐQT thông qua chủ trương phát triển mạng lưới của VPBank năm 2025,Ngân hàng Thương mại Cổ phần Việt Nam Thịnh Vượng công bố Nghị quyết HĐQT về việc thông qua chủ trương phát triển mạng lưới của VPBank năm 2025,https://cafef.vn/du-lieu/VPB-2156889/vpb-nghi-quyet-hdqt-thong-qua-chu-truong-phat-trien-mang-luoi-cua-vpbank-nam-2025.chn,cafef
2025-03-20,VPB: Nghị quyết HĐQT về việc thay đổi địa điểm chi nhánh Thái Bình,Ngân hàng Thương mại Cổ phần Việt Nam Thịnh Vượng thông báo Nghị quyết HĐQT về việc thay đổi địa điểm chi nhánh Thái Bình,https://cafef.vn/du-lieu/VPB-2153954/vpb-nghi-quyet-hdqt-ve-viec-thay-doi-dia-diem-chi-nhanh-thai-binh.chn,cafef
2025-03-20,VPB: Nghị quyết HĐQT về việc thay đổi địa điểm chi nhánh Quảng Ninh,Ngân hàng Thương mại Cổ phần Việt Nam Thịnh Vượng thông báo Nghị quyết HĐQT về việc thay đổi địa điểm chi nhánh Quảng Ninh,https://cafef.vn/du-lieu/VPB-2153956/vpb-nghi-quyet-hdqt-ve-viec-thay-doi-dia-diem-chi-nhanh-quang-ninh.chn,cafef
2025-03-20,VPB: Nghị quyết HĐQT về việc thay đổi địa điểm chi nhánh Hóc Môn,Ngân hàng Thương mại Cổ phần Việt Nam Thịnh Vượng thông báo Nghị quyết HĐQT về việc thay đổi địa điểm chi nhánh Hóc Môn,https://cafef.vn/du-lieu/VPB-2153958/vpb-nghi-quyet-hdqt-ve-viec-thay-doi-dia-diem-chi-nhanh-hoc-mon.chn,cafef
2025-03-20,"VPB: Nghị quyết HĐQT thông qua hợp đồng, giao dịch cho vay hợp vốn đối với VPB SMBC FC","Ngân hàng Thương mại Cổ phần Việt Nam Thịnh Vượng thông báo Nghị quyết HĐQT về việc thông qua hợp đồng, giao dịch cho vay hợp vốn đối với VPB SMBC FC",https://cafef.vn/du-lieu/VPB-2153961/vpb-nghi-quyet-hdqt-thong-qua-hop-dong-giao-dich-cho-vay-hop-von-doi-voi-vpb-smbc-fc.chn,cafef
2025-03-14,"VPB: 28.3.2025, ngày GDKHQ tham dự ĐHĐCĐ thường niên năm 2025",Sở Giao dịch Chứng khoán Thành phố Hồ Chí Minh thông báo về ngày đăng ký cuối cùng để thực hiện quyền tham dự ĐHĐCĐ thường niên năm 2025 của Ngân hàng Thương mại Cổ phần Việt Nam Thịnh Vượng,https://cafef.vn/du-lieu/VPB-2149794/vpb-2832025-ngay-gdkhq-tham-du-dhdcd-thuong-nien-nam-2025.chn,cafef
2025-03-11,VPB: Thông báo ngày ĐKCC để thực hiện quyền của cổ đông,Ngân hàng Thương mại Cổ phần Việt Nam Thịnh Vượng thông báo ngày ĐKCC để thực hiện quyền của cổ đông,https://cafef.vn/du-lieu/VPB-2147407/vpb-thong-bao-ngay-dkcc-de-thuc-hien-quyen-cua-co-dong.chn,cafef
2025-03-11,"VPB: Nghị quyết HĐQT thông qua hợp đồng, giao dịch sản phẩm TTTC và các hạn mức rủi ro với CTCK VPBank","Ngân hàng Thương mại Cổ phần Việt Nam Thịnh Vượng thông báo Nghị quyết HĐQT về việc thông qua hợp đồng, giao dịch sản phẩm TTTC và các hạn mức rủi ro với CTCK VPBank",https://cafef.vn/du-lieu/VPB-2147410/vpb-nghi-quyet-hdqt-thong-qua-hop-dong-giao-dich-san-pham-tttc-va-cac-han-muc-rui-ro-voi-ctck-vpbank.chn,cafef
2025-03-10,"VPBank công bố BCTC kiểm toán: Lợi nhuận năm 2024 tăng hơn 85% so với 2023, thù lao của lãnh đạo không tăng","VPBank vừa công bố báo cáo tài chính kiểm toán năm 2024. Đây cũng là một trong những ngân hàng đầu tiên công bố báo cáo tài chính kiểm toán, trước thời hạn yêu cầu 20 ngày.",https://cafef.vn/vpbank-cong-bo-bctc-kiem-toan-loi-nhuan-nam-2024-tang-hon-85-so-voi-2023-thu-lao-cua-lanh-dao-khong-tang-188250310201414661.chn,cafef
2025-03-10,VPB: Nghị quyết HĐQT thông qua giao dịch dịch vụ trung gian giữa VPBank và SMBC,Ngân hàng Thương mại Cổ phần Việt Nam Thịnh Vượng thông báo Nghị quyết HĐQT về việc thông qua giao dịch dịch vụ trung gian giữa VPBank và SMBC,https://cafef.vn/du-lieu/VPB-2146093/vpb-nghi-quyet-hdqt-thong-qua-giao-dich-dich-vu-trung-gian-giua-vpbank-va-smbc.chn,cafef
2025-03-10,VPB: Giải trình biến động LNST sau kiểm toán năm 2024 so với cùng kỳ năm trước,Ngân hàng Thương mại Cổ phần Việt Nam Thịnh Vượng giải trình biến động LNST sau kiểm toán năm 2024 so với cùng kỳ năm trước,https://cafef.vn/du-lieu/VPB-2146774/vpb-giai-trinh-bien-dong-lnst-sau-kiem-toan-nam-2024-so-voi-cung-ky-nam-truoc.chn,cafef
2025-03-10,VPB: Nghị quyết HĐQT về ngày ĐKCC chốt danh sách cổ đông tham dự ĐHĐCĐ thường niên năm 2025,Ngân hàng Thương mại Cổ phần Việt Nam Thịnh Vượng công bố Nghị quyết HĐQT về ngày đăng ký cuối cùng chốt danh sách cổ đông tham dự ĐHĐCĐ thường niên năm 2025,https://cafef.vn/du-lieu/VPB-2146798/vpb-nghi-quyet-hdqt-ve-ngay-dkcc-chot-danh-sach-co-dong-tham-du-dhdcd-thuong-nien-nam-2025.chn,cafef
2025-02-17,VPB: Nghị quyết HĐQT về việc thay đổi địa điểm kinh doanh của VPBank - Chi nhánh Nhà Bè,Ngân hàng Thương mại Cổ phần Việt Nam Thịnh Vượng công bố Nghị quyết HĐQT về việc thay đổi địa điểm kinh doanh của VPBank - Chi nhánh Nhà Bè,https://cafef.vn/du-lieu/VPB-2131806/vpb-nghi-quyet-hdqt-ve-viec-thay-doi-dia-diem-kinh-doanh-cua-vpbank-chi-nhanh-nha-be.chn,cafef
2025-02-17,"VPB: Nghị quyết HĐQT thông qua việc ký kết Thỏa thuận hợp tác giới thiệu khách hàng giữa VPBank, VPB SMBC FC và SMBC","Ngân hàng Thương mại Cổ phần Việt Nam Thịnh Vượng công bố Nghị quyết HĐQT thông qua việc ký kết Thỏa thuận hợp tác giới thiệu khách hàng giữa VPBank, VPB SMBC FC và SMBC",https://cafef.vn/du-lieu/VPB-2131807/vpb-nghi-quyet-hdqt-thong-qua-viec-ky-ket-thoa-thuan-hop-tac-gioi-thieu-khach-hang-giua-vpbank-vpb-smbc-fc-va-smbc.chn,cafef
2025-02-17,"VPB: Nghị quyết HĐQT thông qua hợp đồng, giao dịch với Công ty Cổ phần Bảo hiểm OPES","Ngân hàng Thương mại Cổ phần Việt Nam Thịnh Vượng công bố Nghị quyết HĐQT về việc thông qua hợp đồng, giao dịch với Công ty Cổ phần Bảo hiểm OPES",https://cafef.vn/du-lieu/VPB-2131808/vpb-nghi-quyet-hdqt-thong-qua-hop-dong-giao-dich-voi-cong-ty-co-phan-bao-hiem-opes.chn,cafef
2025-02-03,VPB: Báo cáo tình hình quản trị công ty năm 2024,Ngân hàng Thương mại Cổ phần Việt Nam Thịnh Vượng công bố Báo cáo tình hình quản trị công ty năm 2024,https://cafef.vn/du-lieu/VPB-2151475/vpb-bao-cao-tinh-hinh-quan-tri-cong-ty-nam-2024.chn,cafef
2025-01-23,VPB: Giải trình chênh lệch lợi nhuận sau thuế quý 4/2024 so với quý 4/2023,Ngân hàng Thương mại Cổ phần Việt Nam Thịnh Vượng công bố giải trình chênh lệch lợi nhuận sau thuế quý 4/2024 so với quý 4/2023,https://cafef.vn/du-lieu/VPB-2124238/vpb-giai-trinh-chenh-lech-loi-nhuan-sau-thue-quy-42024-so-voi-quy-42023.chn,cafef
2025-01-22,"Fe Credit trở lại ""đường đua"", lợi nhuận của VPBank năm 2024 tăng trưởng đột phá 85%, vượt 20 nghìn tỷ đồng","Tận dụng các chuyển biến tích cực của nền kinh tế trong giai đoạn cuối năm, VPBank tăng tốc bứt phá mở rộng quy mô tín dụng tại các phân khúc chiến lược trong quý 4, góp phần đưa lợi nhuận cả năm tăng trưởng tới 85%. Riêng quý 4, lợi nhuận của Ngân hàng đạt hơn 6.100 tỷ đồng, tăng gấp 2,4 lần cùng kỳ năm 2023.",https://cafef.vn/fe-credit-tro-lai-duong-dua-loi-nhuan-cua-vpbank-nam-2024-tang-truong-dot-pha-85-vuot-20-nghin-ty-dong-188250122174126507.chn,cafef
2025-01-17,VPB: Nghị quyết HĐQT về việc nhận chuyển giao bắt buộc,Ngân hàng Thương mại Cổ phần Việt Nam Thịnh Vượng thông báo Nghị quyết HĐQT về việc nhận chuyển giao bắt buộc,https://cafef.vn/du-lieu/VPB-2117175/vpb-nghi-quyet-hdqt-ve-viec-nhan-chuyen-giao-bat-buoc.chn,cafef
2025-01-16,VPB: Nghị quyết HĐQT về việc mua cổ phiếu bổ sung theo đợt chào bán CP cho CĐHH của OPES,Ngân hàng Thương mại Cổ phần Việt Nam Thịnh Vượng thông báo Nghị quyết HĐQT về việc mua cổ phiếu bổ sung theo đợt chào bán CP cho CĐHH của OPES,https://cafef.vn/du-lieu/VPB-2116235/vpb-nghi-quyet-hdqt-ve-viec-mua-co-phieu-bo-sung-theo-dot-chao-ban-cp-cho-cdhh-cua-opes.chn,cafef
2025-01-15,"VPB: Thông báo ngày ĐKCC chốt danh sách cổ đông để thực hiện quyền để cử, ứng cử nhân sự dự kiến bầu làm Thành viên HĐQT,BKS","Sở Giao dịch Chứng khoán Thành phố Hồ Chí Minh thông báo ngày ĐKCC chốt danh sách cổ đông để thực hiện quyền để cử, ứng cử nhân sự dự kiến bầu làm Thành viên HĐQT, BKS của Ngân hàng Thương mại Cổ phần Việt Nam Thịnh Vượng",https://cafef.vn/du-lieu/VPB-2115511/vpb-thong-bao-ngay-dkcc-chot-danh-sach-co-dong-de-thuc-hien-quyen-de-cu-ung-cu-nhan-su-du-kien-bau-lam-thanh-vien-hdqtbks.chn,cafef
2025-01-15,VPB: CBTT thay đổi địa điểm Chi nhánh Vĩnh Phúc,Ngân hàng Thương mại Cổ phần Việt Nam Thịnh Vượng thông báo thay đổi địa điểm Chi nhánh Vĩnh Phúc,https://cafef.vn/du-lieu/VPB-2115549/vpb-cbtt-thay-doi-dia-diem-chi-nhanh-vinh-phuc.chn,cafef
2025-01-09,VPB: Nghị quyết HĐQT về việc mua cổ phiếu theo đợt chào bán cổ phiếu cho CĐHH của OPES,Ngân hàng Thương mại Cổ phần Việt Nam Thịnh Vượng thông báo Nghị quyết HĐQT về việc mua cổ phiếu theo đợt chào bán CP cho CĐHH của OPES,https://cafef.vn/du-lieu/VPB-2113040/vpb-nghi-quyet-hdqt-ve-viec-mua-co-phieu-theo-dot-chao-ban-co-phieu-cho-cdhh-cua-opes.chn,cafef
2025-01-08,VPB: Thông báo về ngày đăng ký cuối cùng để thực hiện quyền của cổ đông,Ngân hàng Thương mại Cổ phần Việt Nam Thịnh Vượng thông báo về ngày đăng ký cuối cùng để thực hiện quyền của cổ đông,https://cafef.vn/du-lieu/VPB-2112334/vpb-thong-bao-ve-ngay-dang-ky-cuoi-cung-de-thuc-hien-quyen-cua-co-dong.chn,cafef
2025-01-03,VPB: Thông báo về việc ký hợp đồng kiểm toán BCTC năm 2025,Ngân hàng Thương mại Cổ phần Việt Nam Thịnh Vượng thông báo về việc ký hợp đồng kiểm toán BCTC năm 2025,https://cafef.vn/du-lieu/VPB-2109822/vpb-thong-bao-ve-viec-ky-hop-dong-kiem-toan-bctc-nam-2025.chn,cafef
2024-12-27,"VPB: Nghị quyết HĐQT về việc sửa đổi, bổ sung hợp đồng với CK VPBank","Ngân hàng Thương mại Cổ phần Việt Nam Thịnh Vượng thông báo Nghị quyết HĐQT về việc sửa đổi, bổ sung hợp đồng với CK VPBank",https://cafef.vn/du-lieu/VPB-2106265/vpb-nghi-quyet-hdqt-ve-viec-sua-doi-bo-sung-hop-dong-voi-ck-vpbank.chn,cafef
2024-12-26,"VPB: Nghị quyết HĐQT thông qua hợp đồng, giao dịch với VPB SMBC FC","Ngân hàng Thương mại Cổ phần Việt Nam Thịnh Vượng thông báo Nghị quyết HĐQT về việc thông qua hợp đồng, giao dịch với VPB SMBC FC",https://cafef.vn/du-lieu/VPB-2105621/vpb-nghi-quyet-hdqt-thong-qua-hop-dong-giao-dich-voi-vpb-smbc-fc.chn,cafef
2024-12-25,VPB: Nghị quyết HĐQT về việc lựa chọn đơn vị kiểm toán cho năm 2025,Ngân hàng Thương mại Cổ phần Việt Nam Thịnh Vượng thông báo Nghị quyết HĐQT về việc lựa chọn đơn vị kiểm toán cho năm 2025,https://cafef.vn/du-lieu/VPB-2105029/vpb-nghi-quyet-hdqt-ve-viec-lua-chon-don-vi-kiem-toan-cho-nam-2025.chn,cafef
2024-12-23,VPB: Nghị quyết HĐQT thông qua hợp đồng giao dịch và hạn mức rủi ro với SMBC,Ngân hàng Thương mại Cổ phần Việt Nam Thịnh Vượng thông báo Nghị quyết HĐQT về việc thông qua hợp đồng giao dịch và hạn mức rủi ro với SMBC,https://cafef.vn/du-lieu/VPB-2103310/vpb-nghi-quyet-hdqt-thong-qua-hop-dong-giao-dich-va-han-muc-rui-ro-voi-smbc.chn,cafef
2024-12-19,"VPB: Nghị quyết HĐQT thông qua hợp đồng, giao dịch với OPES","Ngân hàng Thương mại Cổ phần Việt Nam Thịnh Vượng công bố Nghị quyết HĐQT về việc thông qua hợp đồng, giao dịch với OPES",https://cafef.vn/du-lieu/VPB-2101855/vpb-nghi-quyet-hdqt-thong-qua-hop-dong-giao-dich-voi-opes.chn,cafef
2024-12-19,VPB: Nghị quyết HĐQT phê duyệt giao dịch với SMBC về việc thu xếp khoản vay quốc tế cho VPBank,Ngân hàng Thương mại Cổ phần Việt Nam Thịnh Vượng công bố Nghị quyết HĐQT phê duyệt giao dịch với SMBC về việc thu xếp khoản vay quốc tế cho VPBank,https://cafef.vn/du-lieu/VPB-2101857/vpb-nghi-quyet-hdqt-phe-duyet-giao-dich-voi-smbc-ve-viec-thu-xep-khoan-vay-quoc-te-cho-vpbank.chn,cafef
2024-12-19,"VPB: Nghị quyết HĐQT thông qua hợp đồng, giao dịch với CTCP Chứng khoán VPBank","Ngân hàng Thương mại Cổ phần Việt Nam Thịnh Vượng thông báo Nghị quyết HĐQT về việc thông qua hợp đồng, giao dịch với CTCP CK VPBank",https://cafef.vn/du-lieu/VPB-2101891/vpb-nghi-quyet-hdqt-thong-qua-hop-dong-giao-dich-voi-ctcp-chung-khoan-vpbank.chn,cafef
2024-12-19,VPB: Nghị quyết HĐQT về việc ký hợp đồng biệt phái với SMBC,Ngân hàng Thương mại Cổ phần Việt Nam Thịnh Vượng thông báo Nghị quyết HĐQT về việc ký hợp đồng biệt phái với SMBC,https://cafef.vn/du-lieu/VPB-2101892/vpb-nghi-quyet-hdqt-ve-viec-ky-hop-dong-biet-phai-voi-smbc.chn,cafef
2024-11-19,"VPB: Nghị quyết HĐQT thông qua hợp đồng, giao dịch SP TTTC và các hạn mức rủi ro với SMBC","Ngân hàng Thương mại Cổ phần Việt Nam Thịnh Vượng thông báo Nghị quyết HĐQT về việc thông qua hợp đồng, giao dịch SP TTTC và các hạn mức rủi ro với SMBC",https://cafef.vn/du-lieu/VPB-2086514/vpb-nghi-quyet-hdqt-thong-qua-hop-dong-giao-dich-sp-tttc-va-cac-han-muc-rui-ro-voi-smbc.chn,cafef
2024-11-05,"VPB: Nghị quyết HĐQT thông qua hợp đồng, giao dịch với CTCP Bảo Hiểm OPES","Ngân hàng Thương mại Cổ phần Việt Nam Thịnh Vượng thông báo Nghị quyết HĐQT về việc thông qua hợp đồng, giao dịch với CTCP Bảo Hiểm OPES",https://cafef.vn/du-lieu/VPB-2079939/vpb-nghi-quyet-hdqt-thong-qua-hop-dong-giao-dich-voi-ctcp-bao-hiem-opes.chn,cafef
2024-10-30,"VPB: Nghị quyết HĐQT về việc phê duyệt phương án phát hành, hồ sơ chào bán và một số nội dung liên quan đến Trái phiếu quốc tế bền vững","Ngân hàng Thương mại Cổ phần Việt Nam Thịnh Vượng thông báo Nghị quyết HĐQT về việc phê duyệt phương án phát hành, hồ sơ chào bán và một số nội dung liên quan đến Trái phiếu quốc tế bền vững",https://cafef.vn/du-lieu/VPB-2076751/vpb-nghi-quyet-hdqt-ve-viec-phe-duyet-phuong-an-phat-hanh-ho-so-chao-ban-va-mot-so-noi-dung-lien-quan-den-trai-phieu-quoc-te-ben-vung.chn,cafef
2024-10-29,VPB: Giải trình biến động LNST BCTC quý 3/2024 so với cùng kỳ năm trước,Ngân hàng Thương mại Cổ phần Việt Nam Thịnh Vượng giải trình biến động LNST BCTC quý 3/2024 so với cùng kỳ năm trước,https://cafef.vn/du-lieu/VPB-2077169/vpb-giai-trinh-bien-dong-lnst-bctc-quy-32024-so-voi-cung-ky-nam-truoc.chn,cafef
2024-10-18,VPB: Thông báo Quyết định của NHNNVN về việc bổ sung nội dung Giấy phép thành lập và hoạt động của VPB,Ngân hàng Thương mại Cổ phần Việt Nam Thịnh Vượng thông báo Quyết định của NHNNVN về việc bổ sung nội dung Giấy phép thành lập và hoạt động của VPB,https://cafef.vn/du-lieu/VPB-2071221/vpb-thong-bao-quyet-dinh-cua-nhnnvn-ve-viec-bo-sung-noi-dung-giay-phep-thanh-lap-va-hoat-dong-cua-vpb.chn,cafef
2024-09-30,VPB: Thông báo về việc giải tỏa ESOP 2023 đợt 1,Ngân hàng Thương mại Cổ phần Việt Nam Thịnh Vượng thông báo về việc giải tỏa ESOP 2023 đợt 1,https://cafef.vn/du-lieu/VPB-2061373/vpb-thong-bao-ve-viec-giai-toa-esop-2023-dot-1.chn,cafef
2024-09-19,VPB: Nghị quyết HĐQT về việc ký thỏa thuận bảo mật với các công ty con,Ngân hàng Thương mại Cổ phần Việt Nam Thịnh Vượng thông báo Nghị quyết HĐQT về việc ký thỏa thuận bảo mật với các công ty con,https://cafef.vn/du-lieu/VPB-2056244/vpb-nghi-quyet-hdqt-ve-viec-ky-thoa-thuan-bao-mat-voi-cac-cong-ty-con.chn,cafef
2024-09-10,VPB: Đính chính nội dung BCTN 2022 và 2023,Ngân hàng Thương mại Cổ phần Việt Nam Thịnh Vượng thông báo đính chính nội dung BCTN 2022 và 2023,https://cafef.vn/du-lieu/VPB-2051663/vpb-dinh-chinh-noi-dung-bctn-2022-va-2023.chn,cafef
2024-09-09,"VPB: Nghị quyết HĐQT thông qua hợp đồng, giao dịch với CTCP Bảo Hiểm OPES","Ngân hàng Thương mại Cổ phần Việt Nam Thịnh Vượng thông báo Nghị quyết HĐQT về việc thông qua hợp đồng, giao dịch với CTCP Bảo Hiểm OPES",https://cafef.vn/du-lieu/VPB-2050649/vpb-nghi-quyet-hdqt-thong-qua-hop-dong-giao-dich-voi-ctcp-bao-hiem-opes.chn,cafef
2024-08-28,VPB: Giải trình biến động LNST 6 tháng năm 2024 so với cùng kỳ năm trước,Ngân hàng Thương mại Cổ phần Việt Nam Thịnh Vượng giải trình biến động LNST 6 tháng năm 2024 so với cùng kỳ năm trước,https://cafef.vn/du-lieu/VPB-2045810/vpb-giai-trinh-bien-dong-lnst-6-thang-nam-2024-so-voi-cung-ky-nam-truoc.chn,cafef
2024-08-23,VPB: Đính chính Báo cáo tình hình quản trị công ty 6 tháng đầu năm 2024,Công ty Cổ phần Phú Tài thông báo đính chính Báo cáo tình hình quản trị công ty 6 tháng đầu năm 2024,https://cafef.vn/du-lieu/VPB-2044025/vpb-dinh-chinh-bao-cao-tinh-hinh-quan-tri-cong-ty-6-thang-dau-nam-2024.chn,cafef
2024-08-19,"VPB: Nghị quyết HĐQT thông qua hợp đồng, giao dịch với Chứng khoán VPBank","Ngân hàng Thương mại Cổ phần Việt Nam Thịnh Vượng công bố Nghị quyết HĐQT về việc thông qua hợp đồng, giao dịch với CK VPBank",https://cafef.vn/du-lieu/VPB-2040897/vpb-nghi-quyet-hdqt-thong-qua-hop-dong-giao-dich-voi-chung-khoan-vpbank.chn,cafef
2024-08-16,VPB: Nghị quyết HĐQT số 219 ngày 15/08/2024,Ngân hàng Thương mại Cổ phần Việt Nam Thịnh Vượng thông báo Nghị quyết HĐQT số 219 ngày 15/08/2024 n,https://cafef.vn/du-lieu/VPB-2040647/vpb-nghi-quyet-hdqt-so-219-ngay-15082024.chn,cafef
2024-08-15,"VPB: CBTT về việc phát hành, chào bán và mua lại trái phiếu đợt 1/2024","Ngân hàng Thương mại Cổ phần Việt Nam Thịnh Vượng thông báo về việc phát hành, chào bán và mua lại trái phiếu đợt 1/2024",https://cafef.vn/du-lieu/VPB-2039445/vpb-cbtt-ve-viec-phat-hanh-chao-ban-va-mua-lai-trai-phieu-dot-12024.chn,cafef
2024-08-14,VPB: CBTT giải tỏa ESOP 2021 đợt 3 và ESOP 2022 đợt 2,Ngân hàng Thương mại Cổ phần Việt Nam Thịnh Vượng thông báo giải tỏa ESOP 2021 đợt 3 và ESOP 2022 đợt 2,https://cafef.vn/du-lieu/VPB-2038528/vpb-cbtt-giai-toa-esop-2021-dot-3-va-esop-2022-dot-2.chn,cafef
2024-08-07,VPB: Nghị quyết HĐQT về việc ký hợp đồng biệt phái với SMBC,Ngân hàng Thương mại Cổ phần Việt Nam Thịnh Vượng thông báo Nghị quyết HĐQT về việc ký hợp đồng biệt phái với SMBC,https://cafef.vn/du-lieu/VPB-2035626/vpb-nghi-quyet-hdqt-ve-viec-ky-hop-dong-biet-phai-voi-smbc.chn,cafef
2024-08-01,VPB: Thông báo hoàn thành nghĩa vụ thuế,Ngân hàng Thương mại Cổ phần Việt Nam Thịnh Vượng thông báo hoàn thành nghĩa vụ thuế,https://cafef.vn/du-lieu/VPB-2032220/vpb-thong-bao-hoan-thanh-nghia-vu-thue.chn,cafef
2024-07-31,VPB: Giải trình chênh lệch lợi nhuận sau thuế quý 2/2024 so với quý 2/2023,Ngân hàng Thương mại Cổ phần Việt Nam Thịnh Vượng công bố giải trình chênh lệch lợi nhuận sau thuế quý 2/2024 so với quý 2/2023,https://cafef.vn/du-lieu/VPB-2032813/vpb-giai-trinh-chenh-lech-loi-nhuan-sau-thue-quy-22024-so-voi-quy-22023.chn,cafef
2024-07-31,VPB: Báo cáo tình hình quản trị công ty 6 tháng đầu năm 2024,Ngân hàng Thương mại Cổ phần Việt Nam Thịnh Vượng công bố Báo cáo tình hình quản trị công ty 6 tháng đầu năm 2024,https://cafef.vn/du-lieu/VPB-2045414/vpb-bao-cao-tinh-hinh-quan-tri-cong-ty-6-thang-dau-nam-2024.chn,cafef
2024-07-30,VPB: Nghị quyết HĐQT thông qua giao dịch với SMBC Singapore,Ngân hàng Thương mại Cổ phần Việt Nam Thịnh Vượng thông báo Nghị quyết HĐQT thông qua giao dịch với SMBC Singapore,https://cafef.vn/du-lieu/VPB-2030874/vpb-nghi-quyet-hdqt-thong-qua-giao-dich-voi-smbc-singapore.chn,cafef
2024-06-28,VPB: Nghị quyết HĐQT về việc chuyển địa điểm các chi nhánh,Ngân hàng Thương mại Cổ phần Việt Nam Thịnh Vượng thông báo Nghị quyết HĐQT về việc chuyển địa điểm các chi nhánh,https://cafef.vn/du-lieu/VPB-2015912/vpb-nghi-quyet-hdqt-ve-viec-chuyen-dia-diem-cac-chi-nhanh.chn,cafef
2024-06-11,VPB: Nghị quyết HĐQT về việc tái cấp hạn mức giao dịch với SMBC,Ngân hàng Thương mại Cổ phần Việt Nam Thịnh Vượng thông báo Nghị quyết HĐQT về việc tái cấp hạn mức giao dịch với SMBC,https://cafef.vn/du-lieu/VPB-2006332/vpb-nghi-quyet-hdqt-ve-viec-tai-cap-han-muc-giao-dich-voi-smbc.chn,cafef
2024-05-27,VPB: Nghị quyết HĐQT về chủ trương phát triển mạng lưới năm 2024,Ngân hàng TMCP Việt Nam Thịnh Vượng thông báo Nghị quyết HĐQT về việc chủ trương phát triển mạng lưới năm 2024,https://cafef.vn/du-lieu/VPB-1998805/vpb-nghi-quyet-hdqt-ve-chu-truong-phat-trien-mang-luoi-nam-2024.chn,cafef
2024-05-27,VPB: Nghị quyết HĐQT về việc ký kết bảo mật thông tin giữa VPB và SMBC,Ngân hàng TMCP Việt Nam Thịnh Vượng thông báo Nghị quyết HĐQT về việc ký kết bảo mật thông tin giữa VPB và SMBC,https://cafef.vn/du-lieu/VPB-1998806/vpb-nghi-quyet-hdqt-ve-viec-ky-ket-bao-mat-thong-tin-giua-vpb-va-smbc.chn,cafef
2024-05-27,VPB: Thông báo thay đổi nội dung Đăng ký kinh doanh,Ngân hàng TMCP Việt Nam Thịnh Vượng thông báo thay đổi nội dung ĐKDN,https://cafef.vn/du-lieu/VPB-1998815/vpb-thong-bao-thay-doi-noi-dung-dang-ky-kinh-doanh.chn,cafef
2024-05-22,VPB: Nghị quyết HĐQT về việc ký kết biệt phái giữa VPBank với SMBC,Ngân hàng TMCP Việt Nam Thịnh Vượng thông báo Nghị quyết HĐQT về việc ký kết biệt phái giữa VPBank với SMBC,https://cafef.vn/du-lieu/VPB-1995972/vpb-nghi-quyet-hdqt-ve-viec-ky-ket-biet-phai-giua-vpbank-voi-smbc.chn,cafef
2024-05-13,VPB: Thông báo ngày ĐKCC để thực hiện chi trả cổ tức bằng tiền,Ngân hàng TMCP Việt Nam Thịnh Vượng thông báo ngày ĐKCC để thực hiện chi trả cổ tức bằng tiền,https://cafef.vn/du-lieu/VPB-1991535/vpb-thong-bao-ngay-dkcc-de-thuc-hien-chi-tra-co-tuc-bang-tien.chn,cafef
2024-05-13,VPB: Nghị quyết HĐQT phê duyệt ngày ĐKCC thực hiện chi trả cổ tức năm 2023 bằng tiền,Ngân hàng TMCP Việt Nam Thịnh Vượng thông báo Nghị quyết HĐQT về việc phê duyệt ngày ĐKCC thực hiện chi trả cổ tức năm 2023 bằng tiền,https://cafef.vn/du-lieu/VPB-1991540/vpb-nghi-quyet-hdqt-phe-duyet-ngay-dkcc-thuc-hien-chi-tra-co-tuc-nam-2023-bang-tien.chn,cafef
2024-05-13,VPB: Quyết định của NHNNVN về việc bổ sung nội dung Giấy phép thành lập và hoạt động của VPB,Ngân hàng TMCP Việt Nam Thịnh Vượng thông báo Quyết định của NHNNVN về việc bổ sung nội dung Giấy phép thành lập và hoạt động của VPB,https://cafef.vn/du-lieu/VPB-1991682/vpb-quyet-dinh-cua-nhnnvn-ve-viec-bo-sung-noi-dung-giay-phep-thanh-lap-va-hoat-dong-cua-vpb.chn,cafef
2024-05-13,VPB: CBTT về việc góp thêm vốn bổ sung vào công ty con OPES,Ngân hàng TMCP Việt Nam Thịnh Vượng thông báo về việc góp thêm vốn bổ sung vào công ty con OPES,https://cafef.vn/du-lieu/VPB-1991695/vpb-cbtt-ve-viec-gop-them-von-bo-sung-vao-cong-ty-con-opes.chn,cafef
2024-05-03,VPB: Công bố Điều lệ Công ty được sửa đổi bổ sung,Ngân hàng TMCP Việt Nam Thịnh Vượng công bố Điều lệ Công ty được sửa đổi bổ sung,https://cafef.vn/du-lieu/VPB-2012576/vpb-cong-bo-dieu-le-cong-ty-duoc-sua-doi-bo-sung.chn,cafef
2024-05-02,VPB: Nghị quyết và Biên bản họp ĐHĐCĐ thường niên năm 2024,Ngân hàng TMCP Việt Nam Thịnh Vượng thông báo Nghị quyết và Biên bản họp ĐHĐCĐ thường niên năm 2024,https://cafef.vn/du-lieu/VPB-1986507/vpb-nghi-quyet-va-bien-ban-hop-dhdcd-thuong-nien-nam-2024.chn,cafef
2024-04-25,"Xếp hạng tín nhiệm của VPBank duy trì ở mức Ba3, triển vọng ổn định","Tổ chức xếp hạng tín nhiệm quốc tế Moody’s Ratings (Moody’s) mới đây đã công bố giữ nguyên xếp hạng tín nhiệm Ba3, triển vọng ổn định, cho Ngân hàng TMCP Việt Nam Thịnh Vượng (VPBank).",https://cafef.vn/xep-hang-tin-nhiem-cua-vpbank-duy-tri-o-muc-ba3-trien-vong-on-dinh-188240425170048771.chn,cafef
2024-04-25,VPB: Giải trình chênh lệch LNST Q1/2024 so với cùng kỳ năm trước,Ngân hàng TMCP Việt Nam Thịnh Vượng giải trình chênh lệch LNST Q1/2024 so với cùng kỳ năm trước,https://cafef.vn/du-lieu/VPB-1995409/vpb-giai-trinh-chenh-lech-lnst-q12024-so-voi-cung-ky-nam-truoc.chn,cafef
2024-04-24,VPBank báo lợi nhuận trước thuế hợp nhất quý 1/2024 tăng 64% so với cùng kỳ,"Các hoạt động cốt lõi của VPBank tăng trưởng mạnh trong khi chi phí được kiểm soát chặt chẽ với chi phí trên thu nhập (CIR) chỉ 24,6%, thuộc nhóm thấp nhất toàn ngành ngân hàng.",https://cafef.vn/vpbank-bao-loi-nhuan-truoc-thue-hop-nhat-quy-12024-tang-64-so-voi-cung-ky-188240424191125414.chn,cafef
2024-04-17,VPB: Nghị quyết HĐQT v/v gia hạn đề xuất tái cấp hạn mức giao dịch đối với VPB SMBC FC,Ngân hàng TMCP Việt Nam Thịnh Vượng thông báo Nghị quyết HĐQT về việc gia hạn đề xuất tái cấp hạn mức giao dịch đối với VPB SMBC FC,https://cafef.vn/du-lieu/VPB-1978457/vpb-nghi-quyet-hdqt-vv-gia-han-de-xuat-tai-cap-han-muc-giao-dich-doi-voi-vpb-smbc-fc.chn,cafef
2024-04-16,VPB: Nghị quyết HĐQT thông qua các nội dung và việc ký kết hợp đồng sửa đổi lần thứ nhất với SMBC,Ngân hàng TMCP Việt Nam Thịnh Vượng công bố Nghị quyết HĐQT về việc thông qua các nội dung và việc ký kết hợp đồng sửa đổi lần thứ nhất với SMBC,https://cafef.vn/du-lieu/VPB-1978146/vpb-nghi-quyet-hdqt-thong-qua-cac-noi-dung-va-viec-ky-ket-hop-dong-sua-doi-lan-thu-nhat-voi-smbc.chn,cafef
2024-04-15,VPB: Nghị quyết HĐQT thông qua hợp đồng với CTCP chứng khoán VPBank,Ngân hàng TMCP Việt Nam Thịnh Vượng công bố Nghị quyết HĐQT về việc thông qua hợp đồng với CK VPBank,https://cafef.vn/du-lieu/VPB-1977214/vpb-nghi-quyet-hdqt-thong-qua-hop-dong-voi-ctcp-chung-khoan-vpbank.chn,cafef
2024-04-04,"VPB: Thông báo họp, tài liệu họp ĐHĐCĐ thường niên năm 2024, thông báo đề cử, ứng cử Thành viên HĐQT và tài liệu có liên quan","Ngân hàng TMCP Việt Nam Thịnh Vượng công bố thông báo họp, tài liệu họp ĐHĐCĐ thường niên năm 2024, thông báo đề cử, ứng cử Thành viên HĐQT và tài liệu có liên quan",https://cafef.vn/du-lieu/VPB-1971495/vpb-thong-bao-hop-tai-lieu-hop-dhdcd-thuong-nien-nam-2024-thong-bao-de-cu-ung-cu-thanh-vien-hdqt-va-tai-lieu-co-lien-quan.chn,cafef
2024-04-03,"VPBank đặt mục tiêu tăng gấp đôi lợi nhuận năm trong năm nay, tiếp tục chia cổ tức tiền mặt 10%","Sau 1 năm chuẩn bị kỹ về nền tảng vốn và sự tinh chỉnh trong các hoạt động kinh doanh, vận hành, VPBank đang tự tin về một sự bứt phá trong năm 2024. Năm nay, Ngân hàng sẽ tiếp tục hiện thực hóa cam kết chia cổ tức bằng tiền mặt cho các cổ đông.",https://cafef.vn/vpbank-dat-muc-tieu-tang-gap-doi-loi-nhuan-nam-trong-nam-nay-tiep-tuc-chia-co-tuc-tien-mat-10-188240403141003768.chn,cafef
2024-04-01,VPB: Giải trình chênh lệch lợi nhuận sau thuế năm 2023 kiểm toán so với năm 2022,Ngân hàng TMCP Việt Nam Thịnh Vượng thông báo giải trình chênh lệch lợi nhuận sau thuế năm 2023 kiểm toán so với năm 2022,https://cafef.vn/du-lieu/VPB-1970058/vpb-giai-trinh-chenh-lech-loi-nhuan-sau-thue-nam-2023-kiem-toan-so-voi-nam-2022.chn,cafef
2024-03-27,"VPB: Nghị quyết HĐQT thông qua ký thỏa thuận hợp tác giữa VPBank, VPB SMBC FC và SMBC","Ngân hàng TMCP Việt Nam Thịnh Vượng thông báo Nghị quyết HĐQT thông qua ký thỏa thuận hợp tác giữa VPBank, VPB SMBC FC và SMBC",https://cafef.vn/du-lieu/VPB-1966531/vpb-nghi-quyet-hdqt-thong-qua-ky-thoa-thuan-hop-tac-giua-vpbank-vpb-smbc-fc-va-smbc.chn,cafef
2024-03-26,"VPB: Nghị quyết HĐQT thông qua hợp đồng, giao dịch với OPES","Ngân hàng TMCP Việt Nam Thịnh Vượng thông báo Nghị quyết HĐQT về việc thông qua hợp đồng, giao dịch với OPES",https://cafef.vn/du-lieu/VPB-1966149/vpb-nghi-quyet-hdqt-thong-qua-hop-dong-giao-dich-voi-opes.chn,cafef
2024-03-21,VPB: Nghị quyết HĐQT về việc thay đổi địa điểm chi nhánh Xương Giang,Ngân hàng TMCP Việt Nam Thịnh Vượng thông báo Nghị quyết HĐQT về việc thay đổi địa điểm chi nhánh Xương Giang,https://cafef.vn/du-lieu/VPB-1963034/vpb-nghi-quyet-hdqt-ve-viec-thay-doi-dia-diem-chi-nhanh-xuong-giang.chn,cafef
2024-03-20,VPB: Nghị quyết HĐQT về việc thay đổi địa điểm chi nhánh Bến Thành,Ngân hàng TMCP Việt Nam Thịnh Vượng thông báo Nghị quyết HĐQT về việc thay đổi địa điểm chi nhánh Bến Thành,https://cafef.vn/du-lieu/VPB-1962953/vpb-nghi-quyet-hdqt-ve-viec-thay-doi-dia-diem-chi-nhanh-ben-thanh.chn,cafef
2024-03-19,"VPB: 22.3.2024, ngày GDKHQ chốt danh sách cổ đông để thực hiện quyền để cử, ứng cử nhân sự dự kiến bầu bổ sung vào Thành viên HĐQT","Sở Giao dịch Chứng khoán TP.HCM thông báo ngày ĐKCC chốt danh sách cổ đông để thực hiện quyền để cử, ứng cử nhân sự dự kiến bầu bổ sung vào Thành viên HĐQT của Ngân hàng TMCP Việt Nam Thịnh Vượng (MÃ ck: VPB)",https://cafef.vn/du-lieu/VPB-1961818/vpb-2232024-ngay-gdkhq-chot-danh-sach-co-dong-de-thuc-hien-quyen-de-cu-ung-cu-nhan-su-du-kien-bau-bo-sung-vao-thanh-vien-hdqt.chn,cafef
2024-03-11,"VPB: Nghị quyết HĐQT thông qua các hợp đồng, giao dịch giữa công ty với bên có liên quan","Ngân hàng TMCP Việt Nam Thịnh Vượng thông báo Nghị quyết HĐQT về việc thông qua các hợp đồng, giao dịch giữa công ty với bên có liên quan",https://cafef.vn/du-lieu/VPB-1958489/vpb-nghi-quyet-hdqt-thong-qua-cac-hop-dong-giao-dich-giua-cong-ty-voi-ben-co-lien-quan.chn,cafef
2024-03-07,"VPB: 21.3.2024, ngày GDKHQ tham dự ĐHCĐ thường niên năm 2024",Sở Giao dịch Chứng khoán Thành phố Hồ Chí Minh thông báo ngày ĐKCC để thực hiện quyền tham dự ĐHCĐ thường niên năm 2024 của  Ngân hàng TMCP Việt Nam Thịnh Vượng (mã CK:VPB),https://cafef.vn/du-lieu/VPB-1956821/vpb-2132024-ngay-gdkhq-tham-du-dhcd-thuong-nien-nam-2024.chn,cafef
2024-03-04,VPB: Nghị quyết HĐQT về việc thay đổi địa điểm Chi nhánh Sơn La,Ngân hàng TMCP Việt Nam Thịnh Vượng thông báo Nghị quyết HĐQT về việc thay đổi địa điểm CN Sơn La,https://cafef.vn/du-lieu/VPB-1954046/vpb-nghi-quyet-hdqt-ve-viec-thay-doi-dia-diem-chi-nhanh-son-la.chn,cafef
2024-03-01,VPB: Nghị quyết HĐQT về ngày ĐKCC thực hiện quyền tham dự ĐHĐCĐ thường niên 2024,Ngân hàng TMCP Việt Nam Thịnh Vượng thông báo Nghị quyết HĐQT về ngày ĐKCC thực hiện quyền tham dự ĐHĐCĐTN 2024,https://cafef.vn/du-lieu/VPB-1952463/vpb-nghi-quyet-hdqt-ve-ngay-dkcc-thuc-hien-quyen-tham-du-dhdcd-thuong-nien-2024.chn,cafef
2024-03-01,VPB: Thông báo ngày ĐKCC để thực hiện quyền của cổ đông,Ngân hàng TMCP Việt Nam Thịnh Vượng thông báo ngày ĐKCC để thực hiện quyền của cổ đông,https://cafef.vn/du-lieu/VPB-1952485/vpb-thong-bao-ngay-dkcc-de-thuc-hien-quyen-cua-co-dong.chn,cafef
2024-03-01,VPB: Nghị quyết HĐQT thông qua giao dịch với SMBC Chi nhánh TP.HCM,Ngân hàng TMCP Việt Nam Thịnh Vượng thông báo Nghị quyết HĐQT về việc thông qua giao dịch với SMBC Chi nhánh TP.HCM,https://cafef.vn/du-lieu/VPB-1952811/vpb-nghi-quyet-hdqt-thong-qua-giao-dich-voi-smbc-chi-nhanh-tphcm.chn,cafef
2024-03-01,VPB: Nghị quyết HĐQT về việc thay đổi địa điểm chi nhánh Sơn La,Ngân hàng TMCP Việt Nam Thịnh Vượng thông báo Nghị quyết HĐQT về việc thay đổi địa điểm chi nhánh Sơn La,https://cafef.vn/du-lieu/VPB-1952822/vpb-nghi-quyet-hdqt-ve-viec-thay-doi-dia-diem-chi-nhanh-son-la.chn,cafef
2024-02-21,VPB: Nghị quyết HĐQT thông qua giao dịch với SMBC Chi nhánh TP.HCM,Ngân hàng TMCP Việt Nam Thịnh Vượng thông báo Nghị quyết HĐQT về việc thông qua giao dịch với SMBC Chi nhánh TP.HCM,https://cafef.vn/du-lieu/VPB-1947562/vpb-nghi-quyet-hdqt-thong-qua-giao-dich-voi-smbc-chi-nhanh-tphcm.chn,cafef
2024-02-05,Chi phí vốn đi xuống giúp VPBank tối ưu lợi nhuận trong năm 2024,"Chi phí vốn của VPBank được kỳ vọng sẽ duy trì ở mức thấp so với năm 2023, qua đó giúp ngân hàng cải thiện NIM, thúc đẩy tăng trưởng lợi nhuận.",https://cafef.vn/chi-phi-von-di-xuong-giup-vpbank-toi-uu-loi-nhuan-trong-nam-2024-188240205131238165.chn,cafef
2024-02-02,VPB: Nghị quyết HĐQT thông qua giao dịch với bên có liên quan,Ngân hàng TMCP Việt Nam Thịnh Vượng thông báo Nghị quyết HĐQT thông qua giao dịch với bên có liên quan,https://cafef.vn/du-lieu/VPB-1941257/vpb-nghi-quyet-hdqt-thong-qua-giao-dich-voi-ben-co-lien-quan.chn,cafef
2024-01-31,VPB: Báo cáo tình hình quản trị công ty năm 2023,Ngân hàng TMCP Việt Nam Thịnh Vượng công bố Báo cáo tình hình quản trị công ty năm 2023,https://cafef.vn/du-lieu/VPB-1948229/vpb-bao-cao-tinh-hinh-quan-tri-cong-ty-nam-2023.chn,cafef
2024-01-30,"Hệ số CAR đạt 17%, VPBank đi đầu về hệ số an toàn vốn năm 2023","Về đích năm 2023, VPBank ghi nhận các bước tiến lớn trong hoạt động mở rộng tệp khách hàng và tăng trưởng quy mô. Ngân hàng lấy lùi làm tiến trong điều kiện kinh tế vĩ mô thiếu thuận lợi, tập trung nguồn lực củng cố hệ thống, tạo đà cho phát triển bền vững trong năm 2024 và các năm tiếp theo.",https://cafef.vn/he-so-car-dat-17-vpbank-di-dau-ve-he-so-an-toan-von-nam-2023-188240130194651846.chn,cafef
2024-01-30,VPB: Giải trình chênh lệch LNST Q4/2023 so với cùng kỳ năm trước,Ngân hàng TMCP Việt Nam Thịnh Vượng giải trình chênh lệch LNST Q4/2023 so với cùng kỳ năm trước,https://cafef.vn/du-lieu/VPB-1945305/vpb-giai-trinh-chenh-lech-lnst-q42023-so-voi-cung-ky-nam-truoc.chn,cafef
2024-01-26,VPBank - ngân hàng đi đầu xu thế thanh toán Tap & Pay,Sự kiện Ngân hàng TMCP Việt Nam Thịnh Vượng (VPBank) được Mastercard và Visa xướng tên trong các hoạt động thẻ năm 2023 thêm một lần khẳng định vị thế VPBank luôn đứng đầu về việc cung cấp cho khách hàng các giải pháp tối ưu trong thanh toán và luôn được khách hàng ưu tiên lựa chọn trong các chi tiêu trên thẻ của mình.,https://cafef.vn/vpbank-ngan-hang-di-dau-xu-the-thanh-toan-tap--pay-188240126161213974.chn,cafef
2024-01-25,VPB: Nghị quyết HĐQT về việc thay đổi tên và địa điểm Chi nhánh Quận 2,Ngân hàng TMCP Việt Nam Thịnh Vượng thông báo Nghị quyết HĐQT về việc thay đổi tên và địa điểm CN Quận 2,https://cafef.vn/du-lieu/VPB-1936280/vpb-nghi-quyet-hdqt-ve-viec-thay-doi-ten-va-dia-diem-chi-nhanh-quan-2.chn,cafef
2024-01-23,VPB: Nghị quyết HĐQT về việc thay đổi điều lệ,Ngân hàng TMCP Việt Nam Thịnh Vượng công bố Nghị quyết HĐQT về việc thay đổi diều lệ,https://cafef.vn/du-lieu/VPB-1934619/vpb-nghi-quyet-hdqt-ve-viec-thay-doi-dieu-le.chn,cafef
2024-01-11,"VPB: Nghị quyết HĐQT thông qua giao dịch, hợp đồng với CTCP Chứng khoán VPBank","Ngân hàng TMCP Việt Nam Thịnh Vượng thông báo Nghị quyết HĐQT về việc thông qua giao dịch, hợp đồng với CTCP CK VPBank",https://cafef.vn/du-lieu/VPB-1928713/vpb-nghi-quyet-hdqt-thong-qua-giao-dich-hop-dong-voi-ctcp-chung-khoan-vpbank.chn,cafef
2024-01-11,"VPB: Nghị quyết HĐQT thông qua nội dung và ký kết thoả thuận bảo mật thông tin giữa VPBank, VPB SMBC FC và SMBC","Ngân hàng TMCP Việt Nam Thịnh Vượng thông báo Nghị quyết HĐQT về việc thông qua nội dung và ký kết thoả thuận bảo mật thông tin giữa VPBank, VPB SMBC FC và SMBC",https://cafef.vn/du-lieu/VPB-1928714/vpb-nghi-quyet-hdqt-thong-qua-noi-dung-va-ky-ket-thoa-thuan-bao-mat-thong-tin-giua-vpbank-vpb-smbc-fc-va-smbc.chn,cafef
2023-12-29,VPB: Thông báo ký kết hợp đồng kiểm toán BCTC 2024,Ngân hàng TMCP Việt Nam Thịnh Vượng thông báo ký kết hợp đồng kiểm toán BCTC 2024,https://cafef.vn/du-lieu/VPB-1922872/vpb-thong-bao-ky-ket-hop-dong-kiem-toan-bctc-2024.chn,cafef
2023-12-27,VPB: Nghị quyết và Biên bản kiểm phiếu ĐHĐCĐ lấy ý kiến cổ đông bằng văn bản,Ngân hàng TMCP Việt Nam Thịnh Vượng thông báo Nghị quyết và Biên bản kiểm phiếu ĐHĐCĐ lấy ý kiến cổ đông bằng văn bản,https://cafef.vn/du-lieu/VPB-1921531/vpb-nghi-quyet-va-bien-ban-kiem-phieu-dhdcd-lay-y-kien-co-dong-bang-van-ban.chn,cafef
2023-12-21,VPB: Nghị quyết HĐQT thông qua giao dịch với bên có liên quan,Ngân hàng TMCP Việt Nam Thịnh Vượng thông báo Nghị quyết HĐQT thông qua giao dịch với bên có liên quan,https://cafef.vn/du-lieu/VPB-1917929/vpb-nghi-quyet-hdqt-thong-qua-giao-dich-voi-ben-co-lien-quan.chn,cafef
2023-12-15,VPB: CBTT về việc giải tỏa cổ phiếu hạn chế chuyển nhượng ESOP 2020 đợt 3,Ngân hàng TMCP Việt Nam Thịnh Vượng CBTT về việc giải tỏa cổ phiếu hạn chế chuyển nhượng ESOP 2020 đợt 3,https://cafef.vn/du-lieu/VPB-1915980/vpb-cbtt-ve-viec-giai-toa-co-phieu-han-che-chuyen-nhuong-esop-2020-dot-3.chn,cafef
2023-12-13,VPB: Tài liệu lấy ý kiến cổ đông bằng văn bản,Ngân hàng TMCP Việt Nam Thịnh Vượng thông báo tài liệu lấy ý kiến cổ đông bằng văn bản,https://cafef.vn/du-lieu/VPB-1913650/vpb-tai-lieu-lay-y-kien-co-dong-bang-van-ban.chn,cafef
2023-12-08,"VPB: Nghị quyết HĐQT thông qua hợp đồng, giao dịch với CTCP Bảo Hiểm OPES","Ngân hàng TMCP Việt Nam Thịnh Vượng thông báo Nghị quyết HĐQT về việc thông qua hợp đồng, giao dịch với CTCP Bảo Hiểm OPES",https://cafef.vn/du-lieu/VPB-1912008/vpb-nghi-quyet-hdqt-thong-qua-hop-dong-giao-dich-voi-ctcp-bao-hiem-opes.chn,cafef
2023-12-05,VPB: Quyết định NHNN về việc sửa đổi nội dung mức VĐL tại Giấy phép thành lập và hoạt động,Ngân hàng TMCP Việt Nam Thịnh Vượng thông báo Quyết định NHNN về việc sửa đổi nội dung mức VĐL tại Giấy phép thành lập và hoạt động,https://cafef.vn/du-lieu/VPB-1910096/vpb-quyet-dinh-nhnn-ve-viec-sua-doi-noi-dung-muc-vdl-tai-giay-phep-thanh-lap-va-hoat-dong.chn,cafef
2023-11-28,VPB: Thông báo thay đổi giấy chứng nhận ĐKDN lần thứ 45,Ngân hàng TMCP Việt Nam Thịnh Vượng thông báo thay đổi giấy chứng nhận ĐKDN lần thứ 45,https://cafef.vn/du-lieu/VPB-1901527/vpb-thong-bao-thay-doi-giay-chung-nhan-dkdn-lan-thu-45.chn,cafef
2023-11-28,"VPB: CBTT Nghị quyết HĐQT về thành lập, thay đổi địa điểm chi nhánh","Ngân hàng TMCP Việt Nam Thịnh Vượng thông báo Nghị quyết HĐQT về thành lập, thay đổi địa điểm chi nhánh",https://cafef.vn/du-lieu/VPB-1901662/vpb-cbtt-nghi-quyet-hdqt-ve-thanh-lap-thay-doi-dia-diem-chi-nhanh.chn,cafef
2023-11-28,VPB: Nghị quyết HĐQT thông qua ngày ĐKCC để thực hiện quyền của cổ đông,Ngân hàng TMCP Việt Nam Thịnh Vượng thông báo Nghị quyết HĐQT thông qua ngày ĐKCC để thực hiện quyền của cổ đông,https://cafef.vn/du-lieu/VPB-1901665/vpb-nghi-quyet-hdqt-thong-qua-ngay-dkcc-de-thuc-hien-quyen-cua-co-dong.chn,cafef
2023-11-22,VPB: Nghị quyết HĐQT về việc đổi tên Phòng GD Giảng Võ,Ngân hàng TMCP Việt Nam Thịnh Vượng thông báo Nghị quyết HĐQT về việc đổi tên Phòng GD Giảng Võ,https://cafef.vn/du-lieu/VPB-1893370/vpb-nghi-quyet-hdqt-ve-viec-doi-ten-phong-gd-giang-vo.chn,cafef
2023-11-06,VPB: Nghị quyết HĐQT v/v thay đổi địa điểm phòng giao dịch Quận 3 và Chi nhánh Cần Thơ,Ngân hàng TMCP Việt Nam Thịnh Vượng thông báo Nghị quyết HĐQT về việc thay đổi địa điểm phòng giao dịch Quận 3 và Chi nhánh Cần Thơ,https://cafef.vn/du-lieu/VPB-1877029/vpb-nghi-quyet-hdqt-vv-thay-doi-dia-diem-phong-giao-dich-quan-3-va-chi-nhanh-can-tho.chn,cafef
2023-10-25,VPB: Nghị quyết HĐQT về việc cập nhật nội dung Vốn điều lệ,Ngân hàng TMCP Việt Nam Thịnh Vượng thông báo Nghị quyết HĐQT về việc cập nhật nội dung Vốn điều lệ,https://cafef.vn/du-lieu/VPB-1860976/vpb-nghi-quyet-hdqt-ve-viec-cap-nhat-noi-dung-von-dieu-le.chn,cafef
2023-10-25,VPB: Công văn của UBCKNN về việc nhận được tài liệu báo cáo kết quả đợt chào bán cổ phiếu riêng lẻ cho nhà đầu tư chiến lược nước ngoài,Ngân hàng TMCP Việt Nam Thịnh Vượng công bố công văn của UBCKNN về việc nhận được tài liệu báo cáo kết quả đợt chào bán cổ phiếu riêng lẻ cho nhà đầu tư chiến lược nước ngoài,https://cafef.vn/du-lieu/VPB-1862152/vpb-cong-van-cua-ubcknn-ve-viec-nhan-duoc-tai-lieu-bao-cao-ket-qua-dot-chao-ban-co-phieu-rieng-le-cho-nha-dau-tu-chien-luoc-nuoc-ngoai.chn,cafef
2023-10-18,VPB: CBTT ngày ĐKCC để thực hiện quyền chi trả cổ tức bằng tiền,Ngân hàng TMCP Việt Nam Thịnh Vượng CBTT ngày ĐKCC để thực hiện quyền chi trả cổ tức bằng tiền,https://cafef.vn/du-lieu/VPB-1849804/vpb-cbtt-ngay-dkcc-de-thuc-hien-quyen-chi-tra-co-tuc-bang-tien.chn,cafef
2023-10-18,VPB: Đính chính Nghị quyết HĐQT số 215 và thông báo số 236 về ngày ĐKCC để thực hiện quyền chi trả cổ tức bằng tiền,Ngân hàng TMCP Việt Nam Thịnh Vượng CBTT đính chính Nghị quyết HĐQT số 215 và thông báo số 236 về vngày ĐKCC để thực hiện quyền chi trả cổ tức bằng tiền,https://cafef.vn/du-lieu/VPB-1849840/vpb-dinh-chinh-nghi-quyet-hdqt-so-215-va-thong-bao-so-236-ve-ngay-dkcc-de-thuc-hien-quyen-chi-tra-co-tuc-bang-tien.chn,cafef
2023-10-18,VPB: Thông báo thay đổi địa chỉ chi nhánh Phú Yên,Ngân hàng TMCP Việt Nam Thịnh Vượng thông báo thay đổi địa chỉ chi nhánh Phú Yên,https://cafef.vn/du-lieu/VPB-1850818/vpb-thong-bao-thay-doi-dia-chi-chi-nhanh-phu-yen.chn,cafef
2023-10-17,VPB: Giải trình biến động kết quả kinh doanh Q3/2023 so với cùng kỳ,Ngân hàng TMCP Việt Nam Thịnh Vượng giải trình biến động kết quả kinh doanh Q3/2023 so với cùng kỳ,https://cafef.vn/du-lieu/VPB-1849213/vpb-giai-trinh-bien-dong-ket-qua-kinh-doanh-q32023-so-voi-cung-ky.chn,cafef
2023-10-17,"VPB: Nghị quyết HĐQT  thông qua giao dịch, hợp đồng với CTCP Chứng khoán VPBank","Ngân hàng TMCP Việt Nam Thịnh Vượng thông báo Nghị quyết HĐQT về việc thông qua giao dịch, hợp đồng với CTCP CK VPBank",https://cafef.vn/du-lieu/VPB-1849666/vpb-nghi-quyet-hdqt-thong-qua-giao-dich-hop-dong-voi-ctcp-chung-khoan-vpbank.chn,cafef
2023-10-16,VPB: Nghị quyết HĐQT về ngày ĐKCC thực hiện quyền nhận cổ tức bằng tiền,Ngân hàng TMCP Việt Nam Thịnh Vượng thông báo Nghị quyết HĐQT về ngày ĐKCC thực hiện quyền nhận cổ tức bằng tiền,https://cafef.vn/du-lieu/VPB-1847614/vpb-nghi-quyet-hdqt-ve-ngay-dkcc-thuc-hien-quyen-nhan-co-tuc-bang-tien.chn,cafef
2023-10-12,VPB: Nghị quyết HĐQT về việc thay đổi địa điểm phòng giao dịch Giảng Võ,Ngân hàng TMCP Việt Nam Thịnh Vượng thông báo Nghị quyết HĐQT về việc thay đổi địa điểm phòng giao dịch Giảng Võ,https://cafef.vn/du-lieu/VPB-1842943/vpb-nghi-quyet-hdqt-ve-viec-thay-doi-dia-diem-phong-giao-dich-giang-vo.chn,cafef
2023-10-12,VPB: Quyết định của UBCKNN về tài liệu kết quả phát hành và thời gian dự kiến chuyển quyền ESOP 2023,Ngân hàng TMCP Việt Nam Thịnh Vượng thông báo nhận được Quyết định của UBCKNN về tài liệu kết quả phát hành và thời gian dự kiến chuyển quyền ESOP 2023,https://cafef.vn/du-lieu/VPB-1842994/vpb-quyet-dinh-cua-ubcknn-ve-tai-lieu-ket-qua-phat-hanh-va-thoi-gian-du-kien-chuyen-quyen-esop-2023.chn,cafef
2023-10-11,VPB: Đính chính báo cáo tình hình quản trị Công ty 2021,Ngân hàng TMCP Việt Nam Thịnh Vượng đính chính báo cáo tình hình quản trị Công ty 2021,https://cafef.vn/du-lieu/VPB-1841543/vpb-dinh-chinh-bao-cao-tinh-hinh-quan-tri-cong-ty-2021.chn,cafef
2023-10-03,VPB: Nhắc nhở CBTT theo quy định,Sở Giao dịch Chứng khoán Thành phố Hồ Chí Minh thông báo nhắc nhở CBTT theo quy định đối với Ngân hàng TMCP Việt Nam Thịnh Vượng (mã CK: VPB),https://cafef.vn/du-lieu/VPB-1826795/vpb-nhac-nho-cbtt-theo-quy-dinh.chn,cafef
2023-10-03,VPB: Nghị quyết HĐQT thông qua kết quả bán cổ phiếu theo chương trình ESOP và báo cáo kết quả chào bán cổ phiếu quỹ,Ngân hàng TMCP Việt Nam Thịnh Vượng thông báo Nghị quyết HĐQT về việc thông qua kết quả bán cổ phiếu theo chương trình ESOP và báo cáo kết quả chào bán cổ phiếu quỹ,https://cafef.vn/du-lieu/VPB-1827970/vpb-nghi-quyet-hdqt-thong-qua-ket-qua-ban-co-phieu-theo-chuong-trinh-esop-va-bao-cao-ket-qua-chao-ban-co-phieu-quy.chn,cafef
2023-10-02,VPB: Nghị quyết HĐQT v/v cấp hạn mức rủi ro trực tiếp có TSBĐ cho CTCP Bảo hiểm OPES,Ngân hàng TMCP Việt Nam Thịnh Vượng thông báo Nghị quyết HĐQT về việc cấp hạn mức rủi ro trực tiếp có TSBĐ cho CTCP Bảo hiểm OPES,https://cafef.vn/du-lieu/VPB-1826435/vpb-nghi-quyet-hdqt-vv-cap-han-muc-rui-ro-truc-tiep-co-tsbd-cho-ctcp-bao-hiem-opes.chn,cafef
2023-09-29,VPB: Nghị quyết HĐQT về kết quả chào bán cp quỹ và phương án xử lý cổ phiếu chưa phân phối hết,Ngân hàng TMCP Việt Nam Thịnh Vượng thông báo Nghị quyết HĐQT về kết quả chào bán cổ phiếu quỹ và phương án xử lý cổ phiếu chưa phân phối hết,https://cafef.vn/du-lieu/VPB-1823105/vpb-nghi-quyet-hdqt-ve-ket-qua-chao-ban-cp-quy-va-phuong-an-xu-ly-co-phieu-chua-phan-phoi-het.chn,cafef
2023-09-29,"VPB: Nghị quyết HĐQT thông qua hợp đồng, giao dịch với CTCP Bảo hiểm OPES","Ngân hàng TMCP Việt Nam Thịnh Vượng thông báo Nghị quyết HĐQT về việc thông qua hợp đồng, giao dịch với CTCP Bảo hiểm OPES",https://cafef.vn/du-lieu/VPB-1823174/vpb-nghi-quyet-hdqt-thong-qua-hop-dong-giao-dich-voi-ctcp-bao-hiem-opes.chn,cafef
2023-09-18,VPB: Sử dụng cổ phiếu quỹ để bán cho người lao động,Ngân hàng TMCP Việt Nam Thịnh Vượng thông báo sử dụng cổ phiếu quỹ để bán cho người lao động như sau,https://cafef.vn/du-lieu/VPB-1808750/vpb-su-dung-co-phieu-quy-de-ban-cho-nguoi-lao-dong.chn,cafef
2023-09-18,VPB: CBTT về việc UBCK nhận đủ hồ sơ đăng ký chào bán cổ phiếu riêng lẻ,Ngân hàng TMCP Việt Nam Thịnh Vượng thông báo về việc UBCK nhận đủ hồ sơ đăng ký chào bán cổ phiếu riêng lẻ như sau,https://cafef.vn/du-lieu/VPB-1808753/vpb-cbtt-ve-viec-ubck-nhan-du-ho-so-dang-ky-chao-ban-co-phieu-rieng-le.chn,cafef
2023-09-12,VPB: Nghị quyết HĐQT v/v triển khai phương án bán cổ phiếu quỹ theo chương trình ESOP,Ngân hàng TMCP Việt Nam Thịnh Vượng thông báo Nghị quyết HĐQT về việc triển khai phương án bán cổ phiếu quỹ theo chương trình ESOP như sau,https://cafef.vn/du-lieu/VPB-1799507/vpb-nghi-quyet-hdqt-vv-trien-khai-phuong-an-ban-co-phieu-quy-theo-chuong-trinh-esop.chn,cafef
2023-09-05,VPB: Thay đổi tỷ lệ sở hữu nước ngoài tối đa,Ngân hàng TMCP Việt Nam Thịnh Vượng thông báo  thay đổi tỷ lệ sở hữu nước ngoài tối đa như sau,https://cafef.vn/du-lieu/VPB-1790600/vpb-thay-doi-ty-le-so-huu-nuoc-ngoai-toi-da.chn,cafef
2023-08-29,VPB: Thay đổi địa điểm phòng giao dịch Hố Nai,Ngân hàng TMCP Việt Nam Thịnh Vượng thông báo thay đổi địa điểm phòng giao dịch Hố Nai như sau,https://cafef.vn/du-lieu/VPB-1783059/vpb-thay-doi-dia-diem-phong-giao-dich-ho-nai.chn,cafef
2023-08-29,VPB: Thay đổi địa điểm chi nhánh Đồng Tháp,Ngân hàng TMCP Việt Nam Thịnh Vượng thông báo thay đổi địa điểm chi nhánh Đồng Tháp như sau,https://cafef.vn/du-lieu/VPB-1783062/vpb-thay-doi-dia-diem-chi-nhanh-dong-thap.chn,cafef
2023-08-21,VPB: Thay đổi địa điểm phòng giao dịch Khánh Hội,Ngân hàng TMCP Việt Nam Thịnh Vượng thông báo thay đổi địa điểm phòng giao dịch Khánh Hội như sau,https://cafef.vn/du-lieu/VPB-1772850/vpb-thay-doi-dia-diem-phong-giao-dich-khanh-hoi.chn,cafef
2023-08-17,VPB: Nghị quyết HĐQT v/v thông qua hợp đồng với VPB SMBC FC,Ngân hàng TMCP Việt Nam Thịnh Vượng thông báo Nghị quyết HĐQT về việc thông qua hợp đồng với VPB SMBC FC như sau,https://cafef.vn/du-lieu/VPB-1768691/vpb-nghi-quyet-hdqt-vv-thong-qua-hop-dong-voi-vpb-smbc-fc.chn,cafef
2023-08-17,VPB: Công văn của NHNN v/v chấp thuận cho SMBC mua cổ phần mới phát hành của VPBank,Ngân hàng TMCP Việt Nam Thịnh Vượng thông báo công văn của NHNN về việc chấp thuận cho SMBC mua cổ phần mới phát hành của VPBank như sau,https://cafef.vn/du-lieu/VPB-1768696/vpb-cong-van-cua-nhnn-vv-chap-thuan-cho-smbc-mua-co-phan-moi-phat-hanh-cua-vpbank.chn,cafef
2023-08-15,VPB: Thay đổi địa điểm phòng giao dịch Thanh Xuân,Ngân hàng TMCP Việt Nam Thịnh Vượng thông báo  thay đổi địa điểm phòng giao dịch Thanh Xuân như sau,https://cafef.vn/du-lieu/VPB-1764409/vpb-thay-doi-dia-diem-phong-giao-dich-thanh-xuan.chn,cafef
2023-08-14,VPB: Giải trình biến động LNST trên BCTC 6T/2023 so với cùng kỳ năm trước,Ngân hàng TMCP Việt Nam Thịnh Vượng giải trình biến động LNST trên BCTC 6T/2023 so với cùng kỳ năm trước như sau,https://cafef.vn/du-lieu/VPB-1763168/vpb-giai-trinh-bien-dong-lnst-tren-bctc-6t2023-so-voi-cung-ky-nam-truoc.chn,cafef
2023-08-14,VPB: CBTT Giải tỏa ESOP đợt 2 năm 2021 và ESOP đợt 1 năm 2022,Ngân hàng TMCP Việt Nam Thịnh Vượng thông báo giải tỏa ESOP đợt 2 năm 2021 và ESOP đợt 1 năm 2022 như sau,https://cafef.vn/du-lieu/VPB-1763176/vpb-cbtt-giai-toa-esop-dot-2-nam-2021-va-esop-dot-1-nam-2022.chn,cafef
2023-08-04,VPB: Nghị quyết HĐQT số 165/2023 và 166/2023 ngày 03/08/2023,Ngân hàng TMCP Việt Nam Thịnh Vượng thông báo Nghị quyết HĐQT số 165/2023 và 166/2023 ngày 03/08/2023 như sau,https://cafef.vn/du-lieu/VPB-1751874/vpb-nghi-quyet-hdqt-so-1652023-va-1662023-ngay-03082023.chn,cafef
2023-08-04,VPB: CBTT Nghị quyết ĐHĐCĐ và BBKP về phương án sử dụng nguồn vốn,Ngân hàng TMCP Việt Nam Thịnh Vượng thông báo Nghị quyết ĐHĐCĐ và BBKP về phương án sử dụng nguồn vốn như sau,https://cafef.vn/du-lieu/VPB-1752094/vpb-cbtt-nghi-quyet-dhdcd-va-bbkp-ve-phuong-an-su-dung-nguon-von.chn,cafef
2023-08-02,VPB: Giấy chứng nhận đăng ký địa điểm kinh doanh thay đổi lần 4,Ngân hàng TMCP Việt Nam Thịnh Vượng công bố Giấy chứng nhận đăng ký địa điểm kinh doanh thay đổi lần 4 như sau,https://cafef.vn/du-lieu/VPB-1751791/vpb-giay-chung-nhan-dang-ky-dia-diem-kinh-doanh-thay-doi-lan-4.chn,cafef
2023-07-31,VPB: Báo cáo tình hình quản trị Công ty 06 tháng đầu năm 2023,Ngân hàng TMCP Việt Nam Thịnh Vượng báo cáo tình hình quản trị Công ty 06 tháng đầu năm 2023 như sau,https://cafef.vn/du-lieu/VPB-782818/vpb-bao-cao-tinh-hinh-quan-tri-cong-ty-06-thang-dau-nam-2023.chn,cafef
2023-07-31,VPB: Giải trình biến động LNST quý 2/2023 so với cùng kỳ năm trước,Ngân hàng TMCP Việt Nam Thịnh Vượng giải trình biến động LNST quý 2/2023 so với cùng kỳ năm trước như sau,https://cafef.vn/du-lieu/VPB-782944/vpb-giai-trinh-bien-dong-lnst-quy-22023-so-voi-cung-ky-nam-truoc.chn,cafef
2023-07-28,Tiền gửi tại VPBank tăng đột biến 28% trong 6 tháng đầu năm,Vai trò đầu kéo của khối khách hàng cá nhân và SME tiếp tục được phát huy trong hoạt động huy động và cho vay của VPBank trong quý 2 vừa qua.,https://cafef.vn/tien-gui-tai-vpbank-tang-dot-bien-28-trong-6-thang-dau-nam-188230728142254408.chn,cafef
2023-07-24,VPB: Tài liệu lấy ý kiến cổ đông về phương án sử dụng nguồn vốn từ phát hành riêng lẻ,Ngân hàng TMCP Việt Nam Thịnh Vượng thông báo tài liệu lấy ý kiến cổ đông về phương án sử dụng nguồn vốn từ phát hành riêng lẻ như sau,https://cafef.vn/du-lieu/VPB-772216/vpb-tai-lieu-lay-y-kien-co-dong-ve-phuong-an-su-dung-nguon-von-tu-phat-hanh-rieng-le.chn,cafef
2023-07-19,VPB: Nghị quyết HĐQT về phương án sử dụng cổ phiếu quỹ để bán cho CBNV,Ngân hàng TMCP Việt Nam Thịnh Vượng thông báo Nghị quyết HĐQT về phương án sử dụng cổ phiếu quỹ để bán cho CBNV như sau,https://cafef.vn/du-lieu/VPB-767700/vpb-nghi-quyet-hdqt-ve-phuong-an-su-dung-co-phieu-quy-de-ban-cho-cbnv.chn,cafef
2023-07-14,"VPB: 19.7.2023, ngày GDKHQ lấy ý kiến cổ đông bằng văn bản",Sở Giao dịch chứng khoán Tp. HCM thông báo ngày ĐKCC lấy ý kiến cổ đông bằng văn bản của Ngân hàng TMCP Việt Nam Thịnh Vượng (mã CK: VPB) như sau,https://cafef.vn/du-lieu/VPB-760192/vpb-1972023-ngay-gdkhq-lay-y-kien-co-dong-bang-van-ban.chn,cafef
2023-07-14,VPB: Nghị quyết HĐQT về phương án chào bán cổ phiếu riêng lẻ cho nhà đầu tư chiến lược nước ngoài,Ngân hàng TMCP Việt Nam Thịnh Vượng thông báo Nghị quyết HĐQT về phương án chào bán cổ phiếu riêng lẻ cho nhà đầu tư chiến lược nước ngoài như sau,https://cafef.vn/du-lieu/VPB-760988/vpb-nghi-quyet-hdqt-ve-phuong-an-chao-ban-co-phieu-rieng-le-cho-nha-dau-tu-chien-luoc-nuoc-ngoai.chn,cafef
2023-07-07,VPB: Ngày ĐKCC để thực hiện quyền của cổ đông,Ngân hàng TMCP Việt Nam Thịnh Vượng thông báo ngày ĐKCC để thực hiện quyền của cổ đông như sau,https://cafef.vn/du-lieu/VPB-542028/vpb-ngay-dkcc-de-thuc-hien-quyen-cua-co-dong.chn,cafef
2023-07-07,VPB: Nghị quyết HĐQT v/v chốt danh sách cổ đông để thực hiện quyền của cổ đông,Ngân hàng TMCP Việt Nam Thịnh Vượng thông báo Nghị quyết HĐQT về việc chốt danh sách cổ đông để thực hiện quyền của cổ đông như sau,https://cafef.vn/du-lieu/VPB-542121/vpb-nghi-quyet-hdqt-vv-chot-danh-sach-co-dong-de-thuc-hien-quyen-cua-co-dong.chn,cafef
2023-07-07,VPB: Ngày ĐKCC để thực hiện quyền của cổ đông (bản thay thế),Ngân hàng TMCP Việt Nam Thịnh Vượng thông báo ngày ĐKCC để thực hiện quyền của cổ đông (bản thay thế) như sau,https://cafef.vn/du-lieu/VPB-542876/vpb-ngay-dkcc-de-thuc-hien-quyen-cua-co-dong-ban-thay-the.chn,cafef
2023-07-07,VPB: Nghị quyết HĐQT v/v chốt danh sách cổ đông để thực hiện quyền của cổ đông (bản thay thế),Ngân hàng TMCP Việt Nam Thịnh Vượng thông báo Nghị quyết HĐQT về việc chốt danh sách cổ đông để thực hiện quyền của cổ đông (bản thay thế) như sau,https://cafef.vn/du-lieu/VPB-542884/vpb-nghi-quyet-hdqt-vv-chot-danh-sach-co-dong-de-thuc-hien-quyen-cua-co-dong-ban-thay-the.chn,cafef
2023-07-06,VPB: Nghị quyết HĐQT thông qua hợp đồng giữa VPBank và Công ty CP Chứng khoán VPBank (VPBankS),Ngân hàng TMCP Việt Nam Thịnh Vượng công bố Nghị quyết HĐQT thông qua hợp đồng giữa VPBank và Công ty CP Chứng khoán VPBank (VPBankS) về việc cung cấp dịch vụ quản lý danh sách người sở hữu chứng khoán như sau,https://cafef.vn/du-lieu/VPB-542005/vpb-nghi-quyet-hdqt-thong-qua-hop-dong-giua-vpbank-va-cong-ty-cp-chung-khoan-vpbank-vpbanks.chn,cafef
2023-07-04,VPB: Nghị quyết HĐQT v/v sử dụng cổ phiếu quỹ để bán cho cán bộ nhân viên,Ngân hàng TMCP Việt Nam Thịnh Vượng thông báo Nghị quyết HĐQT về việc sử dụng cổ phiếu quỹ để bán cho cán bộ nhân viên như sau,https://cafef.vn/du-lieu/VPB-538524/vpb-nghi-quyet-hdqt-vv-su-dung-co-phieu-quy-de-ban-cho-can-bo-nhan-vien.chn,cafef
2023-06-20,VPB: Nghị quyết HĐQT thông qua nội dung và việc ký kết thỏa thuận bảo mật thông tin với các công ty con,Ng&acirc;n h&agrave;ng TMCP Việt Nam Thịnh Vượng th&ocirc;ng b&aacute;o&nbsp;Nghị quyết HĐQT về việc th&ocirc;ng qua nội dung v&agrave; việc k&yacute; kết thỏa thuận bảo mật th&ocirc;ng tin với c&aacute;c c&ocirc;ng ty con như sau:,https://cafef.vn/du-lieu/VPB-212558/vpb-nghi-quyet-hdqt-thong-qua-noi-dung-va-viec-ky-ket-thoa-thuan-bao-mat-thong-tin-voi-cac-cong-ty-con.chn,cafef
2023-06-20,VPB: Thay đổi tên và địa điểm của chi nhánh Đà Nẵng - PGD Điện Biên Phủ,Ng&acirc;n h&agrave;ng TMCP Việt Nam Thịnh Vượng th&ocirc;ng b&aacute;o thay đổi t&ecirc;n v&agrave; địa điểm của chi nh&aacute;nh Đ&agrave; Nẵng - PGD Điện Bi&ecirc;n Phủ như sau:,https://cafef.vn/du-lieu/VPB-212561/vpb-thay-doi-ten-va-dia-diem-cua-chi-nhanh-da-nang-pgd-dien-bien-phu.chn,cafef
2023-06-19,VPB: HĐQT thông qua thỏa thuận bảo mật thông tin giữa VPBank và công ty con,Ng&acirc;n h&agrave;ng TMCP Việt Nam Thịnh Vượng&nbsp;th&ocirc;ng b&aacute;o HĐQT th&ocirc;ng qua thỏa thuận bảo mật th&ocirc;ng tin giữa VPBank v&agrave; c&ocirc;ng ty con như sau:,https://cafef.vn/du-lieu/VPB-212858/vpb-hdqt-thong-qua-thoa-thuan-bao-mat-thong-tin-giua-vpbank-va-cong-ty-con.chn,cafef
2023-06-15,VPB: Nghị quyết HĐQT v/v triển khai phương án phát hành cổ phiếu ESOP,Ng&acirc;n h&agrave;ng TMCP Việt Nam Thịnh Vượng&nbsp;th&ocirc;ng b&aacute;o Nghị quyết HĐQT về việc triển khai phương &aacute;n ph&aacute;t h&agrave;nh cổ phiếu ESOP như sau:,https://cafef.vn/du-lieu/VPB-214637/vpb-nghi-quyet-hdqt-vv-trien-khai-phuong-an-phat-hanh-co-phieu-esop.chn,cafef
2023-06-08,VPB: Giấy xác nhận về việc thay đổi nội dung đăng ký doanh nghiệp,Ng&acirc;n h&agrave;ng TMCP Việt Nam Thịnh Vượng c&ocirc;ng bố Giấy x&aacute;c nhận về việc thay đổi nội dung đăng k&yacute; doanh nghiệp&nbsp;như sau:,https://cafef.vn/du-lieu/VPB-218075/vpb-giay-xac-nhan-ve-viec-thay-doi-noi-dung-dang-ky-doanh-nghiep.chn,cafef
2023-06-02,VPB: Thay đổi Điều lệ Ngân hàng,Ng&acirc;n h&agrave;ng TMCP Việt Nam Thịnh Vượng th&ocirc;ng b&aacute;o thay đổi Điều lệ Ng&acirc;n h&agrave;ng như sau:,https://cafef.vn/du-lieu/VPB-221357/vpb-thay-doi-dieu-le-ngan-hang.chn,cafef
2023-05-24,VPB: Quyết định của NHNNVN v/v bổ sung nội dung Giấy phép thành lập và hoạt động của VPB,Ng&acirc;n h&agrave;ng TMCP Việt Nam Thịnh Vượng th&ocirc;ng b&aacute;o Quyết định của NHNNVN về việc bổ sung nội dung Giấy ph&eacute;p th&agrave;nh lập v&agrave; hoạt động của VPB như sau:,https://cafef.vn/du-lieu/VPB-227786/vpb-quyet-dinh-cua-nhnnvn-vv-bo-sung-noi-dung-giay-phep-thanh-lap-va-hoat-dong-cua-vpb.chn,cafef
2023-05-19,VPB: Ký hợp đồng dịch vụ kiểm toán BCTC năm 2023,Ng&acirc;n h&agrave;ng TMCP Việt Nam Thịnh Vượng th&ocirc;ng b&aacute;o&nbsp;k&yacute; hợp đồng dịch vụ kiểm to&aacute;n BCTC năm 2023 như sau:,https://cafef.vn/du-lieu/VPB-230456/vpb-ky-hop-dong-dich-vu-kiem-toan-bctc-nam-2023.chn,cafef
2023-05-04,VPB: Giải trình chênh lệch lợi nhuận sau thuế quý 1/2023 so với quý 1/2022,Ng&acirc;n h&agrave;ng TMCP Việt Nam Thịnh Vượng th&ocirc;ng b&aacute;o giải tr&igrave;nh ch&ecirc;nh lệch lợi nhuận sau thuế qu&yacute; 1/2023 so với qu&yacute; 1/2022 như sau:,https://cafef.vn/du-lieu/VPB-241166/vpb-giai-trinh-chenh-lech-loi-nhuan-sau-thue-quy-12023-so-voi-quy-12022.chn,cafef
2023-04-29,"Ngân hàng năm ngoái vượt cả Vietcombank để lên vị trí quán quân lợi nhuận quý 1, năm nay thế nào?",Lợi nhuận hợp nhất quý 1/2023 của ngân hàng giảm khá mạnh so với cùng kỳ năm ngoái.,https://cafef.vn/ngan-hang-nam-ngoai-vuot-ca-vietcombank-de-len-vi-tri-quan-quan-loi-nhuan-quy-1-nam-nay-the-nao-188230429084918432.chn,cafef
2023-04-26,"Muôn kiểu tri ân cổ đông mùa đại hội thường niên: Từ chuyển khoản, phong bì, voucher đổ xăng tới dầu ăn, nước mắm, gạo “freeship” tận nhà","Một số doanh nghiệp đã mạnh dạn chi phong bì cho cổ đông để “ăn trưa”, “xăng xe”,... bên cạnh đó là những món quà “nhà làm ra"".",https://cafef.vn/muon-kieu-tri-an-co-dong-mua-dai-hoi-thuong-nien-tu-chuyen-khoan-phong-bi-voucher-do-xang-toi-dau-an-nuoc-mam-gao-freeship-tan-nha-188230425224437247.chn,cafef
2023-04-24,VPB: Tái cấp hạn mức giao dịch đối với Công ty tài chính Ngân hàng Việt Nam Thịnh Vượng SMBC,Ng&acirc;n h&agrave;ng TMCP Việt Nam Thịnh Vượng&nbsp;th&ocirc;ng b&aacute;o t&aacute;i cấp hạn mức giao dịch đối với C&ocirc;ng ty t&agrave;i ch&iacute;nh Ng&acirc;n h&agrave;ng Việt Nam Thịnh Vượng SMBC như sau:,https://cafef.vn/du-lieu/VPB-250580/vpb-tai-cap-han-muc-giao-dich-doi-voi-cong-ty-tai-chinh-ngan-hang-viet-nam-thinh-vuong-smbc.chn,cafef
2023-04-21,VPB: Thay đổi địa điểm phòng giao dịch Đò Quan,Ng&acirc;n h&agrave;ng TMCP Việt Nam Thịnh Vượng&nbsp;th&ocirc;ng b&aacute;o thay đổi địa điểm ph&ograve;ng giao dịch Đ&ograve; Quan như sau:,https://cafef.vn/du-lieu/VPB-254714/vpb-thay-doi-dia-diem-phong-giao-dich-do-quan.chn,cafef
2023-04-21,VPB: Thay đổi địa điểm phòng giao dịch Bến Ngự,Ng&acirc;n h&agrave;ng TMCP Việt Nam Thịnh Vượng&nbsp;th&ocirc;ng b&aacute;o&nbsp;thay đổi địa điểm ph&ograve;ng giao dịch&nbsp;Bến Ngự như sau:,https://cafef.vn/du-lieu/VPB-254717/vpb-thay-doi-dia-diem-phong-giao-dich-ben-ngu.chn,cafef
2023-04-20,VPB: Biên bản họp ĐHĐCĐ thường niên năm 2023,Ng&acirc;n h&agrave;ng TMCP Việt Nam Thịnh Vượng&nbsp;th&ocirc;ng b&aacute;o bi&ecirc;n bản họp ĐHĐCĐ thường ni&ecirc;n năm 2023&nbsp;như sau:,https://cafef.vn/du-lieu/VPB-256601/vpb-bien-ban-hop-dhdcd-thuong-nien-nam-2023.chn,cafef
2023-04-20,VPB: Nghị quyết và Biên bản họp ĐHĐCĐ thường niên năm 2023,Ng&acirc;n h&agrave;ng TMCP Việt Nam Thịnh Vượng&nbsp;th&ocirc;ng b&aacute;o&nbsp;Nghị quyết v&agrave; Bi&ecirc;n bản họp ĐHĐCĐ thường ni&ecirc;n năm 2023 như sau:,https://cafef.vn/du-lieu/VPB-257258/vpb-nghi-quyet-va-bien-ban-hop-dhdcd-thuong-nien-nam-2023.chn,cafef
2023-04-18,Ông Ngô Chí Dũng: VPBank vừa nhận gần 3.600 tỷ đồng đặt cọc mua 15% vốn từ SMBC,"Chủ tịch VPBank cho biết, sau khi ký kết hợp tác với SMBC, ngân hàng đã mở rộng hoạt động sang mảng khách hàng FDI và đã thành lập trung tâm FDI được 1 tháng.",https://cafef.vn/ong-ngo-chi-dung-vpbank-vua-nhan-gan-3600-ty-dong-dat-coc-mua-15-von-tu-smbc-188230418160453348.chn,cafef
2023-04-12,"VPB: Nghị quyết HĐQT v/v thông qua hợp đồng, giao dịch với các bên CLQ","Ng&acirc;n h&agrave;ng TMCP Việt Nam Thịnh Vượng&nbsp;th&ocirc;ng b&aacute;o Nghị quyết HĐQT về việc th&ocirc;ng qua hợp đồng, giao dịch với c&aacute;c b&ecirc;n CLQ như sau:",https://cafef.vn/du-lieu/VPB-268787/vpb-nghi-quyet-hdqt-vv-thong-qua-hop-dong-giao-dich-voi-cac-ben-clq.chn,cafef
2023-04-12,VPB: Đính chính Báo cáo tình hình quản trị công ty năm 2022,Ng&acirc;n h&agrave;ng TMCP Việt Nam Thịnh Vượng&nbsp;th&ocirc;ng b&aacute;o đ&iacute;nh ch&iacute;nh&nbsp;B&aacute;o c&aacute;o t&igrave;nh h&igrave;nh quản trị c&ocirc;ng ty năm 2022 như sau:,https://cafef.vn/du-lieu/VPB-269183/vpb-dinh-chinh-bao-cao-tinh-hinh-quan-tri-cong-ty-nam-2022.chn,cafef
2023-04-04,"VPB: HĐQT thông qua hợp đồng, giao dịch với CTCP Bảo hiểm OPES","&nbsp;Ng&acirc;n h&agrave;ng TMCP Việt Nam Thịnh Vượng&nbsp;th&ocirc;ng b&aacute;o&nbsp;HĐQT th&ocirc;ng qua hợp đồng, giao dịch với CTCP Bảo hiểm OPES như sau:",https://cafef.vn/du-lieu/VPB-284027/vpb-hdqt-thong-qua-hop-dong-giao-dich-voi-ctcp-bao-hiem-opes.chn,cafef
2023-04-04,"VPB: HĐQT thông qua hợp đồng, giao dịch với CTCP Bảo hiểm OPES","&nbsp;Ng&acirc;n h&agrave;ng TMCP Việt Nam Thịnh Vượng&nbsp;th&ocirc;ng b&aacute;o&nbsp;HĐQT th&ocirc;ng qua hợp đồng, giao dịch với CTCP Bảo hiểm OPES như sau:",https://cafef.vn/du-lieu/VPB-284030/vpb-hdqt-thong-qua-hop-dong-giao-dich-voi-ctcp-bao-hiem-opes.chn,cafef
2023-03-30,VPB: Quyết định của HĐQT v/v chấm dứt hợp đồng lao động đối với ông Phạm Phú Khôi - Phó GTĐ,Ng&acirc;n h&agrave;ng TMCP Việt Nam Thịnh Vượng&nbsp;th&ocirc;ng b&aacute;o&nbsp;Quyết định của HĐQT về việc chấm dứt hợp đồng lao động đối với Ph&oacute; Tổng Gi&aacute;m đốc ki&ecirc;m Gi&aacute;m đốc Khối thị trường t&agrave;i ch&iacute;nh như sau:,https://cafef.vn/du-lieu/VPB-291323/vpb-quyet-dinh-cua-hdqt-vv-cham-dut-hop-dong-lao-dong-doi-voi-ong-pham-phu-khoi-pho-gtd.chn,cafef
2023-03-29,"VPBank dự kiến chia cổ tức bằng tiền mặt tỷ lệ 10%, mục tiêu lợi nhuận hơn 24.000 tỷ đồng trong năm nay",Ngân hàng TMCP Việt Nam Thịnh Vượng (VPBank - VPB) vừa công bố tài liệu họp Đại hội đồng cổ đông thường niên năm 2023. Cuộc họp dự kiến tổ chức vào ngày 18/4 tại Hà Nội.,https://cafef.vn/vpbank-du-kien-chia-co-tuc-bang-tien-mat-ty-le-10-muc-tieu-loi-nhuan-hon-24000-ty-dong-trong-nam-nay-188230329153948031.chn,cafef
2023-03-29,VPB: Mời họp và tài liệu họp ĐHĐCĐ thường niên năm 2023,Ng&acirc;n h&agrave;ng TMCP Việt Nam Thịnh Vượng&nbsp;th&ocirc;ng b&aacute;o&nbsp;mời họp v&agrave; t&agrave;i liệu họp ĐHĐCĐ thường ni&ecirc;n năm 2023 như sau:,https://cafef.vn/du-lieu/VPB-293552/vpb-moi-hop-va-tai-lieu-hop-dhdcd-thuong-nien-nam-2023.chn,cafef
2023-03-29,Lịch họp cổ đông thường niên chi tiết của các ngân hàng trong năm 2023,"Hết tháng 3 này, các ngân hàng sẽ hoàn thành chốt danh sách cổ đông tham dự đại hội cổ đông thường niên năm 2023.",https://cafef.vn/lich-hop-co-dong-thuong-nien-chi-tiet-cua-cac-ngan-hang-trong-nam-2023-188230329083541289.chn,cafef
2023-03-28,VPB: Giải trình chênh lệch lợi nhuận sau thuế năm 2022 kiểm toán so với năm 2021,Ng&acirc;n h&agrave;ng TMCP Việt Nam Thịnh Vượng&nbsp;th&ocirc;ng b&aacute;o giải tr&igrave;nh ch&ecirc;nh lệch lợi nhuận sau thuế năm 2022 kiểm to&aacute;n so với năm 2021 như sau:,https://cafef.vn/du-lieu/VPB-294671/vpb-giai-trinh-chenh-lech-loi-nhuan-sau-thue-nam-2022-kiem-toan-so-voi-nam-2021.chn,cafef
2023-03-28,VPB: Nghị quyết HĐQT thông qua nội dung và ký kết với SMBC,Ng&acirc;n h&agrave;ng TMCP Việt Nam Thịnh Vượng th&ocirc;ng b&aacute;o nghị quyết HĐQT th&ocirc;ng qua nội dung v&agrave; k&yacute; kết với SMBC như sau:,https://cafef.vn/du-lieu/VPB-295241/vpb-nghi-quyet-hdqt-thong-qua-noi-dung-va-ky-ket-voi-smbc.chn,cafef
2023-03-16,VPB: Thành lập PGD Long Hải,Ng&acirc;n h&agrave;ng TMCP Việt Nam Thịnh Vượng&nbsp;th&ocirc;ng b&aacute;o th&agrave;nh lập PGD Long Hải như sau:,https://cafef.vn/du-lieu/VPB-305231/vpb-thanh-lap-pgd-long-hai.chn,cafef
2023-03-14,VPB: Thông báo thay đổi địa điểm PGD Điện Biên Phủ,Ng&acirc;n h&agrave;ng TMCP Việt Nam Thịnh Vượng&nbsp;th&ocirc;ng b&aacute;o thay đổi&nbsp;địa điểm PGD Điện Bi&ecirc;n Phủ như sau:,https://cafef.vn/du-lieu/VPB-307070/vpb-thong-bao-thay-doi-dia-diem-pgd-dien-bien-phu.chn,cafef
2023-03-14,VPB: Thông báo thành lập PGD Tân Uyên,Ng&acirc;n h&agrave;ng TMCP Việt Nam Thịnh Vượng&nbsp;th&ocirc;ng b&aacute;o th&agrave;nh lập PGD T&acirc;n Uy&ecirc;n như sau:,https://cafef.vn/du-lieu/VPB-307073/vpb-thong-bao-thanh-lap-pgd-tan-uyen.chn,cafef
2023-03-14,VPB: Thông báo thành lập chi nhánh Hải Vân,Ng&acirc;n h&agrave;ng TMCP Việt Nam Thịnh Vượng&nbsp;th&ocirc;ng b&aacute;o th&agrave;nh lập chi nh&aacute;nh Hải V&acirc;n như sau:,https://cafef.vn/du-lieu/VPB-307076/vpb-thong-bao-thanh-lap-chi-nhanh-hai-van.chn,cafef
2023-03-07,VPB: Thành lập PGD Cửa Bắc,Ngân hàng TMCP Việt Nam Thịnh Vượng&nbsp;thông báo&nbsp;thành lập PGD&nbsp;Cửa Bắc như sau:,https://cafef.vn/du-lieu/VPB-311402/vpb-thanh-lap-pgd-cua-bac.chn,cafef
2023-03-07,VPB: Thành lập PGD Quế Võ,Ngân hàng TMCP Việt Nam Thịnh Vượng&nbsp;thông báo&nbsp;thành lập PGD&nbsp;Quế Võ như sau:,https://cafef.vn/du-lieu/VPB-311453/vpb-thanh-lap-pgd-que-vo.chn,cafef
2023-03-07,VPB: Thành lập PGD Chương Mỹ,&nbsp;Ngân hàng TMCP Việt Nam Thịnh Vượng thông báo&nbsp;thành lập PGD Chương Mỹ như sau:,https://cafef.vn/du-lieu/VPB-311477/vpb-thanh-lap-pgd-chuong-my.chn,cafef
2023-03-01,VPB: Thay đổi tên và địa điểm của chi nhánh quận 2 - PGD Nhà Bè,Ngân hàng TMCP Việt Nam Thịnh Vượng&nbsp;thông báo&nbsp;&nbsp;thay đổi tên và địa điểm của chi nhánh quận 2 - PGD Nhà Bè như sau:,https://cafef.vn/du-lieu/VPB-315410/vpb-thay-doi-ten-va-dia-diem-cua-chi-nhanh-quan-2-pgd-nha-be.chn,cafef
2023-03-01,"VPB: 14.3.2023, ngày GDKHQ tổ chức ĐHĐCĐ thường niên năm 2023",Sở Giao dịch Chứng khoán TP.HCM thông báo ngày ĐKCC&nbsp;tổ chức ĐHĐCĐ thường niên năm 2023 của&nbsp;Ngân hàng TMCP Việt Nam Thịnh Vượng (mã CK: VPB)&nbsp;như sau:,https://cafef.vn/du-lieu/VPB-315449/vpb-1432023-ngay-gdkhq-to-chuc-dhdcd-thuong-nien-nam-2023.chn,cafef
2023-02-28,VPB: Thành lập Chi nhánh Sơn Tây - Phòng GD Sóc Sơn,&nbsp;Ngân hàng TMCP Việt Nam Thịnh Vượng&nbsp;thông báo&nbsp;thành lập Chi nhánh Sơn Tây - Phòng GD Sóc Sơn như sau:,https://cafef.vn/du-lieu/VPB-316289/vpb-thanh-lap-chi-nhanh-son-tay-phong-gd-soc-son.chn,cafef
2023-02-28,VPB: Thay đổi địa chỉ chi nhánh Vĩnh Long,&nbsp;Ngân hàng TMCP Việt Nam Thịnh Vượng&nbsp;thông báo&nbsp;thay đổi địa chỉ chi nhánh Vĩnh Long như sau:,https://cafef.vn/du-lieu/VPB-316292/vpb-thay-doi-dia-chi-chi-nhanh-vinh-long.chn,cafef
2023-02-22,VPB: Nghị quyết HĐQT chốt danh sách cổ đông họp ĐHĐCĐ thường niên năm 2023,&nbsp;Ng&acirc;n h&agrave;ng TMCP Việt Nam Thịnh Vượng th&ocirc;ng b&aacute;o&nbsp;nghị quyết HĐQT chốt danh s&aacute;ch cổ đ&ocirc;ng họp ĐHĐCĐ thường ni&ecirc;n năm 2023 như sau:,https://cafef.vn/du-lieu/VPB-319496/vpb-nghi-quyet-hdqt-chot-danh-sach-co-dong-hop-dhdcd-thuong-nien-nam-2023.chn,cafef
2023-02-17,VPB: Thành lập chi nhánh Hoài Đức,Ngân hàng TMCP Việt Nam Thịnh Vượng&nbsp;thông báo thành lập chi nhánh Hoài Đức như sau:,https://cafef.vn/du-lieu/VPB-321857/vpb-thanh-lap-chi-nhanh-hoai-duc.chn,cafef
2023-02-15,VPB: Thông báo thành lập phòng giao dịch An Nhơn,Ngân hàng TMCP Việt Nam Thịnh Vượng&nbsp;thông báo thành lập phòng giao dịch&nbsp;An Nhơn như sau:,https://cafef.vn/du-lieu/VPB-322997/vpb-thong-bao-thanh-lap-phong-giao-dich-an-nhon.chn,cafef
2023-02-15,VPB: Thông báo thành lập phòng giao dịch Đức Trọng,Ngân hàng TMCP Việt Nam Thịnh Vượng&nbsp;thông báo thành lập phòng giao dịch Đức Trọng như sau:,https://cafef.vn/du-lieu/VPB-323000/vpb-thong-bao-thanh-lap-phong-giao-dich-duc-trong.chn,cafef
2023-01-30,VPB: Giải trình biến động LNST quý 4/2022 so với cùng kỳ năm trước,Ngân hàng TMCP Việt Nam Thịnh Vượng&nbsp;giải trình biến động LNST quý 4/2022 so với cùng kỳ năm trước như sau:,https://cafef.vn/du-lieu/VPB-332648/vpb-giai-trinh-bien-dong-lnst-quy-42022-so-voi-cung-ky-nam-truoc.chn,cafef
2023-01-27,VPB: Báo cáo tình hình quản trị công ty năm 2022,Ng&acirc;n h&agrave;ng TMCP Việt Nam Thịnh Vượng&nbsp;c&ocirc;ng bố&nbsp;B&aacute;o c&aacute;o t&igrave;nh h&igrave;nh quản trị c&ocirc;ng ty năm 2022&nbsp;như sau:,https://cafef.vn/du-lieu/VPB-333494/vpb-bao-cao-tinh-hinh-quan-tri-cong-ty-nam-2022.chn,cafef
2023-01-16,VPB: CBTT thành lập PGD Thạch Thất - chi nhánh Sơn Tây,Ngân hàng TMCP Việt Nam Thịnh Vượng CBTT thành lập PGD Thạch Thất - chi nhánh Sơn Tây như sau:&nbsp;,https://cafef.vn/du-lieu/VPB-338114/vpb-cbtt-thanh-lap-pgd-thach-that-chi-nhanh-son-tay.chn,cafef
2023-01-11,VPB: Thay đổi địa chỉ chi nhánh Quảng Trị,Ngân hàng TMCP Việt Nam Thịnh Vượng thông báo&nbsp;thay đổi địa chỉ chi nhánh Quảng Trị như sau:,https://cafef.vn/du-lieu/VPB-339845/vpb-thay-doi-dia-chi-chi-nhanh-quang-tri.chn,cafef
2023-01-11,VPB: Thành lập PGD Chí Linh Chi nhánh Hải Dương,Ngân hàng TMCP Việt Nam Thịnh Vượng thông báo thành lập PGD Chí Linh Chi nhánh Hải Dương&nbsp;như sau:,https://cafef.vn/du-lieu/VPB-339848/vpb-thanh-lap-pgd-chi-linh-chi-nhanh-hai-duong.chn,cafef
2022-12-19,VPB: CBTT giải tỏa ESOP 2019 đợt 3 và ESOP 2020 đợt 2,Ngân hàng TMCP Việt Nam Thịnh Vượng&nbsp;CBTT giải tỏa ESOP 2019 đợt 3 và ESOP 2020 đợt 2&nbsp;như sau:,https://cafef.vn/du-lieu/VPB-350096/vpb-cbtt-giai-toa-esop-2019-dot-3-va-esop-2020-dot-2.chn,cafef
2022-12-07,VPB: Giấy chứng nhận đăng ký doanh nghiệp thay đổi lần thứ 43,Ngân hàng TMCP Việt Nam Thịnh Vượng&nbsp;công bố&nbsp;Giấy chứng nhận đăng ký doanh nghiệp thay đổi lần thứ 43 như sau:,https://cafef.vn/du-lieu/VPB-355016/vpb-giay-chung-nhan-dang-ky-doanh-nghiep-thay-doi-lan-thu-43.chn,cafef
2022-12-05,VPB: Hủy ngày ĐKCC lấy ý kiến cổ đông bằng văn bản,Sở Giao dịch Chứng khoán TP.HCM thông báo về việc hủy ngày ĐKCC&nbsp;lấy ý kiến cổ đông bằng văn bản Ngân hàng TMCP Việt Nam Thịnh Vượng như sau:,https://cafef.vn/du-lieu/VPB-355958/vpb-huy-ngay-dkcc-lay-y-kien-co-dong-bang-van-ban.chn,cafef
2022-12-05,VPB: Nghị quyết HĐQT v/v thông qua giao dịch với NCLQ - CTCP Bảo hiểm OPES,Ng&acirc;n h&agrave;ng TMCP Việt Nam Thịnh Vượng th&ocirc;ng b&aacute;o nghị quyết HĐQT về việc th&ocirc;ng qua giao dịch với NCLQ - CTCP Bảo hiểm OPES như sau:,https://cafef.vn/du-lieu/VPB-356249/vpb-nghi-quyet-hdqt-vv-thong-qua-giao-dich-voi-nclq-ctcp-bao-hiem-opes.chn,cafef
2022-11-29,"VPB: CBTT quyết định của NHNN về sửa đổi nội dung Giấy phép thành lập và hoạt động, sửa đổi điều lệ","Ngân hàng TMCP Việt Nam Thịnh Vượng CBTT quyết định của NHNN về sửa đổi nội dung Giấy phép thành lập và hoạt động, sửa đổi điều lệ như sau:",https://cafef.vn/du-lieu/VPB-359075/vpb-cbtt-quyet-dinh-cua-nhnn-ve-sua-doi-noi-dung-giay-phep-thanh-lap-va-hoat-dong-sua-doi-dieu-le.chn,cafef
2022-11-29,VPB: Thành lập chi nhánh Thanh Trì,Ngân hàng TMCP Việt Nam Thịnh Vượng thông báo thành lập chi nhánh Thanh Trì như sau:,https://cafef.vn/du-lieu/VPB-359078/vpb-thanh-lap-chi-nhanh-thanh-tri.chn,cafef
2022-11-29,VPB: Hủy danh sách người sở hữu chứng khoán thực hiện quyền tại ngày ĐKCC 18/11/2022,Ngân hàng TMCP Việt Nam Thịnh Vượng thông báo về việc hủy danh sách người sở hữu chứng khoán thực hiện quyền&nbsp;tại ngày ĐKCC 18/11/2022 như sau:,https://cafef.vn/du-lieu/VPB-359084/vpb-huy-danh-sach-nguoi-so-huu-chung-khoan-thuc-hien-quyen-tai-ngay-dkcc-18112022.chn,cafef
2022-11-29,VPB: Nghị quyết HĐQT v/v hủy danh sách người sở hữu chứng khoán thực hiện quyền,Ng&acirc;n h&agrave;ng TMCP Việt Nam Thịnh Vượng th&ocirc;ng b&aacute;o nghị quyết HĐQT về việc hủy danh s&aacute;ch người sở hữu chứng kho&aacute;n thực hiện quyền lấy &yacute; kiến cổ đ&ocirc;ng bằng văn bản như sau :,https://cafef.vn/du-lieu/VPB-359090/vpb-nghi-quyet-hdqt-vv-huy-danh-sach-nguoi-so-huu-chung-khoan-thuc-hien-quyen.chn,cafef
2022-11-29,VPB: Điều lệ VPBank tháng 11/2022,Ngân hàng TMCP Việt Nam Thịnh Vượng thông báo Điều lệ VPBank tháng 11/2022 như sau:,https://cafef.vn/du-lieu/VPB-359102/vpb-dieu-le-vpbank-thang-112022.chn,cafef
2022-11-18,VPB: Thay đổi địa điểm phòng giao dịch Ninh Kiều,Ngân hàng TMCP Việt Nam Thịnh Vượng&nbsp;thông báo&nbsp;thay đổi địa điểm phòng giao dịch Ninh Kiều như sau:,https://cafef.vn/du-lieu/VPB-363209/vpb-thay-doi-dia-diem-phong-giao-dich-ninh-kieu.chn,cafef
2022-11-02,"VPB: 17.11.2022, ngày GDKHQ lấy ý kiến cổ đông bằng văn bản",Sở Giao dịch Chứng khoán TP.HCM thông báo ngày ĐKCC&nbsp;&nbsp;lấy ý kiến cổ đông bằng văn bản của&nbsp;Ngân hàng TMCP Việt Nam Thịnh Vượng (mã CK:VPB)&nbsp;như sau:,https://cafef.vn/du-lieu/VPB-370082/vpb-17112022-ngay-gdkhq-lay-y-kien-co-dong-bang-van-ban.chn,cafef
2022-10-28,VPB: Nghị quyết HĐQT về ngày chốt danh sách cổ đông để thực hiện quyền,Ng&acirc;n h&agrave;ng TMCP Việt Nam Thịnh Vượng th&ocirc;ng b&aacute;o Nghị quyết HĐQT về ng&agrave;y chốt danh s&aacute;ch cổ đ&ocirc;ng để thực hiện quyền&nbsp;như sau:,https://cafef.vn/du-lieu/VPB-373361/vpb-nghi-quyet-hdqt-ve-ngay-chot-danh-sach-co-dong-de-thuc-hien-quyen.chn,cafef
2022-10-26,VPB: Thay đổi tỷ lệ sở hữu nước ngoài tối đa,Ngân hàng TMCP Việt Nam Thịnh Vượng&nbsp;thông báo&nbsp;thay đổi tỷ lệ sở hữu nước ngoài tối đa như sau:,https://cafef.vn/du-lieu/VPB-374510/vpb-thay-doi-ty-le-so-huu-nuoc-ngoai-toi-da.chn,cafef
2022-10-21,"Vốn chủ sở hữu VPBank vượt 100 nghìn tỷ, CAR tăng cao","Nguồn vốn chủ sở hữu lớn mạnh đang hậu thuẫn VPBank củng cố hơn nữa tiềm lực và nền tảng hoạt động, giúp ngân hàng mở rộng các phân khúc kinh doanh sinh lời và đẩy mạnh đầu tư vào các cơ hội mới theo định hướng được vạch sẵn từ đầu năm.",https://cafef.vn/von-chu-so-huu-vpbank-vuot-100-nghin-ty-car-tang-cao-20221021145252199.chn,cafef
2022-10-20,VPB: Giải trình chênh lệch lợi nhuận sau thuế quý 3/2022 so với quý 3/2021,&nbsp;Ngân hàng TMCP Việt Nam Thịnh Vượng&nbsp;thông báo giải trình chênh lệch lợi nhuận sau thuế quý 3/2022 so với quý 3/2021 như sau:,https://cafef.vn/du-lieu/VPB-378755/vpb-giai-trinh-chenh-lech-loi-nhuan-sau-thue-quy-32022-so-voi-quy-32021.chn,cafef
2022-10-20,"Kiên định với chiến lược bán lẻ, VPBank đạt kết quả kinh doanh quý 3 tích cực","Kết thúc quý 3, VPBank ghi nhận lợi nhuận trước thuế tăng gần 70% so với cùng kỳ, với động lực từ mảng bán lẻ, chất lượng tài sản ổn định và các chỉ số an toàn được duy trì. Ngân hàng tiếp tục đặt kỳ vọng lớn vào hoạt động số hóa trong mục tiêu củng cố chất lượng dịch vụ, nâng cao trải nghiệm khách hàng và cải thiện nguồn thu trong các quý tiếp theo.",https://cafef.vn/kien-dinh-voi-chien-luoc-ban-le-vpbank-dat-ket-qua-kinh-doanh-quy-3-tich-cuc-20221020094029713.chn,cafef
2022-10-10,VPB: Thay đổi tên và địa điểm PGD Nguyễn Tri Phương,&nbsp;Ngân hàng TMCP Việt Nam Thịnh Vượng&nbsp;thông báo thay đổi tên và địa điểm PGD&nbsp;Nguyễn Tri Phương như sau:,https://cafef.vn/du-lieu/VPB-383405/vpb-thay-doi-ten-va-dia-diem-pgd-nguyen-tri-phuong.chn,cafef
2022-10-10,VPB: Thay đổi tên và địa điểm PGD Tiên Cát,&nbsp;Ngân hàng TMCP Việt Nam Thịnh Vượng&nbsp;thông báo thay đổi tên và địa điểm PGD&nbsp;Tiên Cát như sau:,https://cafef.vn/du-lieu/VPB-383408/vpb-thay-doi-ten-va-dia-diem-pgd-tien-cat.chn,cafef
2022-10-10,VPB: Thay đổi tên và địa điểm PGD Trường Thi,&nbsp;Ngân hàng TMCP Việt Nam Thịnh Vượng&nbsp;thông báo&nbsp;&nbsp;thay đổi tên và địa điểm PGD Trường Thi như sau:,https://cafef.vn/du-lieu/VPB-383417/vpb-thay-doi-ten-va-dia-diem-pgd-truong-thi.chn,cafef
2022-10-03,VPB: Thay đổi tên và địa điểm của chi nhánh Thăng Long - PGD Đội Cấn,Ngân hàng TMCP Việt Nam Thịnh Vượng thông báo thay đổi tên và địa điểm của chi nhánh Thăng Long - PGD Đội Cấn như sau:,https://cafef.vn/du-lieu/VPB-386705/vpb-thay-doi-ten-va-dia-diem-cua-chi-nhanh-thang-long-pgd-doi-can.chn,cafef
2022-09-29,VPB: Thay đổi địa điểm phòng giao dịch Ba Đồn,&nbsp;Ngân hàng TMCP Việt Nam Thịnh Vượng&nbsp;thông báo thay đổi địa điểm phòng giao dịch Ba Đồn như sau:,https://cafef.vn/du-lieu/VPB-388475/vpb-thay-doi-dia-diem-phong-giao-dich-ba-don.chn,cafef
2022-09-26,VPB: Thay đổi địa điểm PGD Thủy Nguyên- Hải Phòng,Ngân hàng TMCP Việt Nam Thịnh Vượng&nbsp;thông báo&nbsp;thay đổi địa điểm PGD Thủy Nguyên - Hải Phòng&nbsp;như sau:,https://cafef.vn/du-lieu/VPB-390092/vpb-thay-doi-dia-diem-pgd-thuy-nguyenhai-phong.chn,cafef
2022-09-16,VPB: Nghị quyết ĐHĐCĐ thường niên năm 2022,Ngân hàng TMCP Việt Nam Thịnh Vượng&nbsp;công bố&nbsp;Nghị quyết ĐHĐCĐ thường niên năm 2022 như sau:,https://cafef.vn/du-lieu/VPB-393749/vpb-nghi-quyet-dhdcd-thuong-nien-nam-2022.chn,cafef
2022-09-07,VPB: Giấy chứng nhận thành viên lưu ký,&nbsp;Ngân hàng TMCP Việt Nam Thịnh Vượng&nbsp;thông báo giấy chứng nhận thành viên lưu ký&nbsp; như sau:,https://cafef.vn/du-lieu/VPB-398312/vpb-giay-chung-nhan-thanh-vien-luu-ky.chn,cafef
2022-08-30,VPB: Thay đổi địa điểm phòng giao dịch Lê Văn việt,&nbsp;Ngân hàng TMCP Việt Nam Thịnh Vượng&nbsp;thông báo&nbsp;&nbsp;thay đổi địa điểm phòng giao dịch Lê Văn việt như sau:,https://cafef.vn/du-lieu/VPB-401579/vpb-thay-doi-dia-diem-phong-giao-dich-le-van-viet.chn,cafef
2022-08-29,VPB: Thời gian dự kiến chuyển quyền cổ phiếu ESOP 2022,Ngân hàng TMCP Việt Nam Thịnh Vượng&nbsp;thông báo thời gian dự kiến chuyển quyền cổ phiếu ESOP 2022 như sau:,https://cafef.vn/du-lieu/VPB-402464/vpb-thoi-gian-du-kien-chuyen-quyen-co-phieu-esop-2022.chn,cafef
2022-08-19,VPB: Đính chính báo cáo kết quả phát hành ESOP 2022,Ngân hàng TMCP Việt Nam Thịnh Vượng đính chính báo cáo kết quả phát hành ESOP 2022&nbsp;như sau:,https://cafef.vn/du-lieu/VPB-406937/vpb-dinh-chinh-bao-cao-ket-qua-phat-hanh-esop-2022.chn,cafef
2022-08-18,VPB: Thay đổi địa điểm phòng giao dịch Nam Từ Liêm,Ngân hàng TMCP Việt Nam Thịnh Vượng thông báo về việc thay đổi địa điểm phòng giao dịch Nam Từ Liêm&nbsp;như sau:,https://cafef.vn/du-lieu/VPB-407864/vpb-thay-doi-dia-diem-phong-giao-dich-nam-tu-liem.chn,cafef
2022-08-17,VPB: CBTT kết quả phát hành ESOP,Ngân hàng TMCP Việt Nam Thịnh Vượng&nbsp;CBTT kết quả phát hành ESOP như sau:,https://cafef.vn/du-lieu/VPB-408473/vpb-cbtt-ket-qua-phat-hanh-esop.chn,cafef
2022-08-17,VPB: Nghị quyết HĐQT về kết quả chào bán cổ phiếu ESOP từ nguồn cổ phiếu quỹ,Ngân hàng TMCP Việt Nam Thịnh Vượng&nbsp;thông báo Nghị quyết HĐQT về kết quả chào bán cổ phiếu ESOP từ nguồn cổ phiếu quỹ như sau:,https://cafef.vn/du-lieu/VPB-408482/vpb-nghi-quyet-hdqt-ve-ket-qua-chao-ban-co-phieu-esop-tu-nguon-co-phieu-quy.chn,cafef
2022-08-10,VPB: Giải tỏa 30% đợt 1 cổ phiếu ESOP 2021,Ngân hàng TMCP Việt Nam Thịnh Vượng&nbsp;thông báo&nbsp;&nbsp;về việc giải tỏa 30% đợt 1 cổ phiếu ESOP 2021 như sau:,https://cafef.vn/du-lieu/VPB-412283/vpb-giai-toa-30-dot-1-co-phieu-esop-2021.chn,cafef
2022-08-09,VPB: Giải trình chênh lệch lợi nhuận sau thuế 6 tháng đầu năm 2022 so với 6 tháng đầu năm 2021,Ngân hàng TMCP Việt Nam Thịnh Vượng&nbsp;thông báo giải trình chênh lệch lợi nhuận sau thuế 6 tháng đầu năm 2022 so với 6 tháng đầu năm 2021&nbsp;như sau:,https://cafef.vn/du-lieu/VPB-413351/vpb-giai-trinh-chenh-lech-loi-nhuan-sau-thue-6-thang-dau-nam-2022-so-voi-6-thang-dau-nam-2021.chn,cafef
2022-08-08,VPB: Giấy chứng nhận đăng ký địa điểm kinh doanh thay đổi lần thứ 7,&nbsp;Ngân hàng TMCP Việt Nam Thịnh Vượng công bố Giấy chứng nhận đăng ký địa điểm kinh doanh thay đổi lần thứ 7&nbsp;như sau:,https://cafef.vn/du-lieu/VPB-413564/vpb-giay-chung-nhan-dang-ky-dia-diem-kinh-doanh-thay-doi-lan-thu-7.chn,cafef
2022-07-29,VPB: Báo cáo tình hình quản trị công ty 6 tháng đầu năm 2022,&nbsp;Ngân hàng TMCP Việt Nam Thịnh Vượng&nbsp;công bố&nbsp;Báo cáo tình hình quản trị công ty 6 tháng đầu năm 2022&nbsp;như sau:,https://cafef.vn/du-lieu/VPB-419885/vpb-bao-cao-tinh-hinh-quan-tri-cong-ty-6-thang-dau-nam-2022.chn,cafef
2022-07-22,VPB: Giải trình biến động LNST quý 2/2022 so với cùng kỳ năm trước,Ngân hàng TMCP Việt Nam Thịnh Vượng giải trình biến động LNST quý 2/2022 so với cùng kỳ năm trước như sau:,https://cafef.vn/du-lieu/VPB-425651/vpb-giai-trinh-bien-dong-lnst-quy-22022-so-voi-cung-ky-nam-truoc.chn,cafef
2022-07-21,VPB: Giấy chứng nhận đăng ký hoạt động lưu ký chứng khoán,Ngân hàng TMCP Việt Nam Thịnh Vượng&nbsp;thông báo Giấy chứng nhận đăng ký hoạt động lưu ký chứng khoán như sau:,https://cafef.vn/du-lieu/VPB-426866/vpb-giay-chung-nhan-dang-ky-hoat-dong-luu-ky-chung-khoan.chn,cafef
2022-07-18,"VPB: Thông báo về việc góp vốn, mua cổ phần OPES","&nbsp;Ngân hàng TMCP Việt Nam Thịnh Vượng&nbsp;thông báo&nbsp;về việc góp vốn, mau cổ phần OPES như sau:",https://cafef.vn/du-lieu/VPB-429569/vpb-thong-bao-ve-viec-gop-von-mua-co-phan-opes.chn,cafef
2022-07-18,VPB: Nghị quyết HĐQT v/v mua/nhận chuyển nhượng cổ phần tại CTCP Bảo hiểm OPES,&nbsp;Ngân hàng TMCP Việt Nam Thịnh Vượng&nbsp;thông báo&nbsp;Nghị quyết HĐQT về việc mua/nhận chuyển nhượng cổ phần tại CTCP Bảo hiểm OPES như sau:,https://cafef.vn/du-lieu/VPB-429584/vpb-nghi-quyet-hdqt-vv-muanhan-chuyen-nhuong-co-phan-tai-ctcp-bao-hiem-opes.chn,cafef
2022-07-06,VPB: Phát hành cổ phiếu theo chương trình lựa chọn cho người lao động trong công ty,Ngân hàng TMCP Việt Nam Thịnh Vượng&nbsp;thông báo&nbsp;phát hành cổ phiếu theo chương trình lựa chọn cho người lao động trong công ty như sau:,https://cafef.vn/du-lieu/VPB-435038/vpb-phat-hanh-co-phieu-theo-chuong-trinh-lua-chon-cho-nguoi-lao-dong-trong-cong-ty.chn,cafef
2022-07-06,VPB: Phương án phát hành cổ phiếu ESOP và công văn của UBCKNN,Ngân hàng TMCP Việt Nam Thịnh Vượng&nbsp;thông báo phương án phát hành cổ phiếu ESOP và công văn của UBCKNN như sau:,https://cafef.vn/du-lieu/VPB-435044/vpb-phuong-an-phat-hanh-co-phieu-esop-va-cong-van-cua-ubcknn.chn,cafef
2022-07-06,VPB: Công văn của UBCKNN v/v chấp thuận cho VPB được sử dụng cổ phiếu quỹ bán cho người lao động,Ngân hàng TMCP Việt Nam Thịnh Vượng&nbsp;thông báo&nbsp;công văn của UBCKNN về việc chấp thuận cho VPB được sử dụng cổ phiếu quỹ bán cho người lao động như sau:,https://cafef.vn/du-lieu/VPB-435062/vpb-cong-van-cua-ubcknn-vv-chap-thuan-cho-vpb-duoc-su-dung-co-phieu-quy-ban-cho-nguoi-lao-dong.chn,cafef
2022-07-06,VPB: Thành lập Chi nhánh Thảo Điền,Ngân hàng TMCP Việt Nam Thịnh Vượng&nbsp;thông báo&nbsp;&nbsp;thành lập Chi nhánh Thảo Điền như sau:,https://cafef.vn/du-lieu/VPB-435383/vpb-thanh-lap-chi-nhanh-thao-dien.chn,cafef
2022-06-23,VPB: Công văn của UBCKNN về hồ sơ thông báo tỷ lệ SHNN tối đa của VPB,Ngân hàng TMCP Việt Nam Thịnh Vượng&nbsp;thông báo&nbsp;công văn của UBCKNN về hồ sơ thông báo tỷ lệ SHNN tối đa của VPB như sau:,https://cafef.vn/du-lieu/VPB-443285/vpb-cong-van-cua-ubcknn-ve-ho-so-thong-bao-ty-le-shnn-toi-da-cua-vpb.chn,cafef
2022-06-23,VPB: Thành lập PGD Phước Kiển Chi nhánh Gia Định,Ngân hàng TMCP Việt Nam Thịnh Vượng&nbsp;thông báo&nbsp;thành lập PGD Phước Kiển Chi nhánh Gia Định như sau:,https://cafef.vn/du-lieu/VPB-443753/vpb-thanh-lap-pgd-phuoc-kien-chi-nhanh-gia-dinh.chn,cafef
2022-06-16,VPB: Giấy chứng nhận đăng ký địa điểm kinh doanh thay đổi lần thứ 3,VPB | Ngân hàng TMCP Việt Nam Thịnh Vượng&nbsp;công bố&nbsp;Giấy chứng nhận đăng ký địa điểm kinh doanh thay đổi lần thứ 3 như sau:,https://cafef.vn/du-lieu/VPB-446765/vpb-giay-chung-nhan-dang-ky-dia-diem-kinh-doanh-thay-doi-lan-thu-3.chn,cafef
2022-06-03,VPB: Thành lập PGD Hồng Hà,Ngân hàng TMCP Việt Nam Thịnh Vượng&nbsp;thông báo&nbsp;thành lập PGD Hồng Hà như sau:,https://cafef.vn/du-lieu/VPB-453386/vpb-thanh-lap-pgd-hong-ha.chn,cafef
2022-06-02,VPB: Ký kết hợp đồng kiểm toán BCTC 2022,Ngân hàng TMCP Việt Nam Thịnh Vượng&nbsp;thông báo ký kết hợp đồng kiểm toán BCTC 2022 như sau:,https://cafef.vn/du-lieu/VPB-454451/vpb-ky-ket-hop-dong-kiem-toan-bctc-2022.chn,cafef
2022-06-01,VPB: Thành lập Chi nhánh Bạc Liêu,Ngân hàng TMCP Việt Nam Thịnh Vượng&nbsp;thông báo&nbsp;thành lập Chi nhánh&nbsp;Bạc Liêu như sau:,https://cafef.vn/du-lieu/VPB-454787/vpb-thanh-lap-chi-nhanh-bac-lieu.chn,cafef
2022-06-01,VPB: Thành lập Chi nhánh Ninh Thuận,Ngân hàng TMCP Việt Nam Thịnh Vượng&nbsp;thông báo&nbsp;thành lập Chi nhánh Ninh Thuận như sau:,https://cafef.vn/du-lieu/VPB-454802/vpb-thanh-lap-chi-nhanh-ninh-thuan.chn,cafef
2022-05-27,VPB: Điều lệ công ty sửa đổi,&nbsp;Ngân hàng TMCP Việt Nam Thịnh Vượng&nbsp;thông báo&nbsp;Điều lệ công ty sửa đổi&nbsp; như sau:,https://cafef.vn/du-lieu/VPB-457124/vpb-dieu-le-cong-ty-sua-doi.chn,cafef
2022-05-27,VPB: Nghị quyết HĐQT v/v triển khai phương án phát hành ESOP từ nguồn cổ phiếu quỹ,&nbsp;Ngân hàng TMCP Việt Nam Thịnh Vượng&nbsp;thông báo&nbsp;Nghị quyết HĐQT về việc triển khai phương án phát hành ESOP từ nguồn cổ phiếu quỹ như sau:,https://cafef.vn/du-lieu/VPB-457127/vpb-nghi-quyet-hdqt-vv-trien-khai-phuong-an-phat-hanh-esop-tu-nguon-co-phieu-quy.chn,cafef
2022-05-26,VPB: Công văn của UBCKNN về hồ sơ thông báo thay đổi tỷ lệ SHNN tối đa của VPB,Ngân hàng TMCP Việt Nam Thịnh Vượng&nbsp;thông báo công văn của UBCKNN về hồ sơ thông báo thay đổi tỷ lệ SHNN tối đa của VPB như sau:,https://cafef.vn/du-lieu/VPB-457976/vpb-cong-van-cua-ubcknn-ve-ho-so-thong-bao-thay-doi-ty-le-shnn-toi-da-cua-vpb.chn,cafef
2022-05-25,VPB: Thay đổi địa điểm phòng giao dịch Trần Duy Hưng,Ngân hàng TMCP Việt Nam Thịnh Vượng&nbsp;thông báo&nbsp;&nbsp;thay đổi địa điểm phòng giao dịch Trần Duy Hưng như sau:,https://cafef.vn/du-lieu/VPB-458237/vpb-thay-doi-dia-diem-phong-giao-dich-tran-duy-hung.chn,cafef
2022-05-18,VPB: Thành lập phòng giao dịch Kim Tân,&nbsp;Ngân hàng TMCP Việt Nam Thịnh Vượng&nbsp;thông báo&nbsp;thành lập phòng giao dịch Kim Tân như sau:,https://cafef.vn/du-lieu/VPB-462488/vpb-thanh-lap-phong-giao-dich-kim-tan.chn,cafef
2022-05-18,VPB: Thay đổi địa chỉ chi nhánh Lào Cai,&nbsp;Ngân hàng TMCP Việt Nam Thịnh Vượng&nbsp;thông báo&nbsp;thay đổi địa chỉ chi nhánh Lào Cai như sau:,https://cafef.vn/du-lieu/VPB-462512/vpb-thay-doi-dia-chi-chi-nhanh-lao-cai.chn,cafef
2022-05-17,VPB: Thành lập Chi nhánh Sóc Trăng,Ngân hàng TMCP Việt Nam Thịnh Vượng&nbsp;thông báo&nbsp;thành lập Chi nhánh Sóc Trăng như sau:,https://cafef.vn/du-lieu/VPB-463349/vpb-thanh-lap-chi-nhanh-soc-trang.chn,cafef
2022-05-11,VPB: Điều lệ công ty,&nbsp;Ngân hàng TMCP Việt Nam Thịnh Vượng thông báo&nbsp;Điều lệ công ty như sau:,https://cafef.vn/du-lieu/VPB-466193/vpb-dieu-le-cong-ty.chn,cafef
2022-05-10,VPB: Thành lập Chi nhánh Quảng Ngãi,&nbsp;Ngân hàng TMCP Việt Nam Thịnh Vượng&nbsp;thông báo thành lập Chi nhánh Quảng Ngãi như sau:,https://cafef.vn/du-lieu/VPB-467024/vpb-thanh-lap-chi-nhanh-quang-ngai.chn,cafef
2022-05-06,VPB: Điều lệ công ty,Ngân hàng TMCP Việt Nam Thịnh Vượng&nbsp;thông báo&nbsp;Điều lệ công ty như sau:,https://cafef.vn/du-lieu/VPB-470039/vpb-dieu-le-cong-ty.chn,cafef
2022-05-04,VPB: Nghị quyết và Biên bản họp ĐHĐCĐ thường niên năm 2022,Ngân hàng TMCP Việt Nam Thịnh Vượng&nbsp;thông báo&nbsp;Nghị quyết và Biên bản họp ĐHĐCĐ thường niên năm 2022 như sau:,https://cafef.vn/du-lieu/VPB-472787/vpb-nghi-quyet-va-bien-ban-hop-dhdcd-thuong-nien-nam-2022.chn,cafef
2022-04-29,Chủ tịch HĐQT VPBank: Từ năm sau có thể chia cổ tức tiền mặt tới 30% lợi nhuận sau thuế,"Cuối buổi đại hội, chủ tịch VPBank Ngô Chí Dũng gây bất ngờ cho các cổ đông còn nán lại họp đến phút chót bằng một thông báo sẽ chia cổ tức bằng tiền mặt.",https://cafef.vn/chu-tich-hdqt-vpbank-tu-nam-sau-co-the-chia-co-tuc-tien-mat-toi-30-loi-nhuan-sau-thue-20220429184137861.chn,cafef
2022-04-29,VPB: Thành lập PGD Đồng Văn,&nbsp;Ngân hàng TMCP Việt Nam Thịnh Vượng&nbsp;thông báo&nbsp;&nbsp;thành lập PGD Đồng Văn như sau:,https://cafef.vn/du-lieu/VPB-474701/vpb-thanh-lap-pgd-dong-van.chn,cafef
2022-04-27,VPB: Quyết định của HĐQT v/v mua cổ phần bổ sung của CTCP Chứng khoán ASC,Ngân hàng TMCP Việt Nam Thịnh Vượng&nbsp;thông báo&nbsp;Quyết định của HĐQT về việc mua cổ phần bổ sung của CTCP Chứng khoán ASC&nbsp;như sau:,https://cafef.vn/du-lieu/VPB-477017/vpb-quyet-dinh-cua-hdqt-vv-mua-co-phan-bo-sung-cua-ctcp-chung-khoan-asc.chn,cafef
2022-04-27,VPB: Quyết định của HĐQT v/v mua cổ phần bổ sung (lần 2) của CTCP Chứng khoán ASC,Ngân hàng TMCP Việt Nam Thịnh Vượng&nbsp;thông báo&nbsp;Quyết định của HĐQT về việc mua cổ phần bổ sung (lần 2) của CTCP Chứng khoán ASC như sau:,https://cafef.vn/du-lieu/VPB-477023/vpb-quyet-dinh-cua-hdqt-vv-mua-co-phan-bo-sung-lan-2-cua-ctcp-chung-khoan-asc.chn,cafef
2022-04-27,VPB: Thành lập phòng giao dịch Văn Giang,Ngân hàng TMCP Việt Nam Thịnh Vượng&nbsp;thông báo&nbsp;thành lập phòng giao dịch Văn Giang như sau:,https://cafef.vn/du-lieu/VPB-477122/vpb-thanh-lap-phong-giao-dich-van-giang.chn,cafef
2022-04-20,"Tự doanh thắng đậm nhờ ""ôm"" PTI, Công ty mẹ VNDirect (VND) lãi kỷ lục quý 1/2022","Thời điểm 31/3, các khoản cho vay và phải thu của VNDirect lên đến 17.100 tỷ đồng, trong đó dư nợ margin đã tăng hơn 1.600 tỷ đồng so với đầu năm lên hơn 16.054 tỷ đồng, gấp 1,6 lần vốn chủ sở hữu.",https://cafef.vn/tu-doanh-thang-dam-nho-om-pti-cong-ty-me-vndirect-vnd-lai-ky-luc-quy-12022-20220420184007266.chn,cafef
2022-04-20,VPB: Giải trình biến động LNST quý 1/2022 so với cùng kỳ năm trước,Ngân hàng TMCP Việt Nam Thịnh Vượng giải trình biến động LNST quý 1/2022 so với cùng kỳ năm trước như sau:,https://cafef.vn/du-lieu/VPB-484091/vpb-giai-trinh-bien-dong-lnst-quy-12022-so-voi-cung-ky-nam-truoc.chn,cafef
2022-04-19,VPB: Giấy chứng nhận đăng ký địa điểm kinh doanh v/v thành lập PGD Điện Biên,"Ngân hàng TMCP Việt Nam Thịnh Vượng công bố Giấy chứng nhận đăng ký địa điểm kinh doanh về việc thành lập PGD Điện Biên, trực thuộc VPBank - Chi nhánh Hưng Yên&nbsp;như sau:",https://cafef.vn/du-lieu/VPB-485708/vpb-giay-chung-nhan-dang-ky-dia-diem-kinh-doanh-vv-thanh-lap-pgd-dien-bien.chn,cafef
2022-04-15,VPB: Giấy chứng nhận đăng ký địa điểm kinh doanh về việc thành lập PGD Lương Sơn,"Ngân hàng TMCP Việt Nam Thịnh Vượng công bố Giấy chứng nhận đăng ký địa điểm kinh doanh về việc thành lập PGD Lương Sơn, trực thuộc VPBank - Chi nhánh Hòa Bình như sau:",https://cafef.vn/du-lieu/VPB-488573/vpb-giay-chung-nhan-dang-ky-dia-diem-kinh-doanh-ve-viec-thanh-lap-pgd-luong-son.chn,cafef
2022-04-12,CVPB2111: Ngày đăng ký cuối cùng để thực hiện quyền do đáo hạn,Sở Giao dịch Chứng khoán Thành phố Hồ Chí Minh thông báo&nbsp;về ngày đăng ký cuối cùng để thực hiện quyền Chứng quyền&nbsp;CVPB2111 do đáo hạn&nbsp;như sau:,https://cafef.vn/du-lieu/VPB-491234/cvpb2111-ngay-dang-ky-cuoi-cung-de-thuc-hien-quyen-do-dao-han.chn,cafef
2022-04-09,"VPBank sẽ có 2 ""game tăng vốn"" trong năm nay, đưa vốn điều lệ lên gần 80 nghìn tỷ","Ngoài kế hoạch bán vốn cho nhà đầu tư nước ngoài và chi trả cổ tức/cổ phiếu thưởng tỷ lệ lên tới 50%, VPBank cũng sẽ ESOP cho cán bộ nhân viên. Đặc biệt, sau khi mua một công ty chứng khoán, VPBank còn muốn mua tiếp một công ty bảo hiểm.",https://cafef.vn/vpbank-se-co-2-game-tang-von-trong-nam-nay-dua-von-dieu-le-len-gan-80-nghin-ty-20220409212139006.chn,cafef
2022-04-08,VPB: Link công bố thư mời và tài liệu họp ĐHĐCĐ thường niên năm 2022,Ngân hàng TMCP Việt Nam Thịnh Vượng&nbsp;thông báo link công bố thư mời và tài liệu họp ĐHĐCĐ thường niên năm 2022 như sau:,https://cafef.vn/du-lieu/VPB-492068/vpb-link-cong-bo-thu-moi-va-tai-lieu-hop-dhdcd-thuong-nien-nam-2022.chn,cafef
2022-04-01,"Lợi nhuận của VPBank quý 1/2022 ước đạt hơn 11.000 tỷ đồng, kỷ lục mới trong ngành ngân hàng","Chỉ riêng một quý, lợi nhuận của nhà băng này đã bằng nỗ lực phấn đấu cả năm của nhiều ngân hàng khác cộng lại.",https://cafef.vn/loi-nhuan-cua-vpbank-quy-12022-uoc-dat-hon-11000-ty-dong-ky-luc-moi-trong-nganh-ngan-hang-20220331155400148.chn,cafef
2022-02-10,VPB: Điều lệ công ty,Ngân hàng TMCP Việt Nam Thịnh Vượng&nbsp;công bố&nbsp;Điều lệ công ty như sau:,https://cafef.vn/du-lieu/VPB-499046/vpb-dieu-le-cong-ty.chn,cafef
2022-01-28,VPB: Báo cáo tình hình quản trị công ty năm 2021,Ngân hàng TMCP Việt Nam Thịnh Vượng&nbsp;công bố báo cáo tình hình quản trị công ty năm 2021 như sau:,https://cafef.vn/du-lieu/VPB-503438/vpb-bao-cao-tinh-hinh-quan-tri-cong-ty-nam-2021.chn,cafef
2022-01-28,VPB: Thay đổi địa điểm chi nhánh Đà Lạt,Ngân hàng TMCP Việt Nam Thịnh Vượng thông báo&nbsp;thay đổi địa điểm chi nhánh Đà Lạt như sau:,https://cafef.vn/du-lieu/VPB-504113/vpb-thay-doi-dia-diem-chi-nhanh-da-lat.chn,cafef
2022-01-28,VPB: Thay đổi địa điểm phòng giao dịch Bố Trạch,Ngân hàng TMCP Việt Nam Thịnh Vượng thông báo thay đổi địa điểm phòng giao dịch Bố Trạch như sau:,https://cafef.vn/du-lieu/VPB-504152/vpb-thay-doi-dia-diem-phong-giao-dich-bo-trach.chn,cafef
2022-01-27,VPB: Giải trình chênh lệch lợi nhuận sau thuế quý 4/2021 so với quý 4/2020,Ngân hàng TMCP Việt Nam Thịnh Vượng&nbsp;công bố giải trình chênh lệch lợi nhuận sau thuế quý 4/2021 so với quý 4/2020&nbsp;như sau:,https://cafef.vn/du-lieu/VPB-505322/vpb-giai-trinh-chenh-lech-loi-nhuan-sau-thue-quy-42021-so-voi-quy-42020.chn,cafef
2022-01-27,"VPBank ghi nhận lợi nhuận trước thuế gần 14.600 tỷ đồng trong năm 2021, CIR thấp nhất ngành ngân hàng với 24,2%","Riêng ngân hàng mẹ lãi 14.011 tỷ đồng, tăng gấp rưỡi so với năm 2020.",https://cafef.vn/vpbank-ghi-nhan-loi-nhuan-truoc-thue-gan-14600-ty-dong-trong-nam-2021-cir-thap-nhat-nganh-ngan-hang-voi-242-20220127142716342.chn,cafef
2022-01-26,VPB: Thay đổi địa điểm chi nhánh Hòa Bình,Ngân hàng TMCP Việt Nam Thịnh Vượng&nbsp;thông báo&nbsp;thay đổi địa điểm chi nhánh Hòa Bình như sau:,https://cafef.vn/du-lieu/VPB-506918/vpb-thay-doi-dia-diem-chi-nhanh-hoa-binh.chn,cafef
2022-01-25,VPB: Nghị quyết và Biên bản kiểm phiếu ĐHĐCĐ lấy ý kiến cổ đông bằng văn bản,&nbsp;Ngân hàng TMCP Việt Nam Thịnh Vượng thông báo&nbsp;Nghị quyết và Biên bản kiểm phiếu ĐHĐCĐ lấy ý kiến cổ đông bằng văn bản như sau:,https://cafef.vn/du-lieu/VPB-507824/vpb-nghi-quyet-va-bien-ban-kiem-phieu-dhdcd-lay-y-kien-co-dong-bang-van-ban.chn,cafef
2022-01-21,VPB: Thông báo thay điểm chi nhánh Bến Thành,Ngân hàng TMCP Việt Nam Thịnh Vượng thông báo&nbsp;thay điểm chi nhánh Bến Thành như sau:&nbsp;,https://cafef.vn/du-lieu/VPB-510467/vpb-thong-bao-thay-diem-chi-nhanh-ben-thanh.chn,cafef
2022-01-13,VPB: Nghị quyết HĐQT thông qua mua/nhận chuyển nhượng cổ phần tại CTCP CK ASC,Ngân hàng TMCP Việt Nam Thịnh Vượng&nbsp;thông báo&nbsp;Nghị quyết HĐQT về việc thông qua mua/nhận chuyển nhượng cổ phần tại CTCP CK ASC như sau:,https://cafef.vn/du-lieu/VPB-515714/vpb-nghi-quyet-hdqt-thong-qua-muanhan-chuyen-nhuong-co-phan-tai-ctcp-ck-asc.chn,cafef
2022-01-12,VPB: Tờ Trình điều chỉnh tỷ lệ sở hữu của nhà đầu tư nước ngoài tối đa,Ngân hàng TMCP Việt Nam Thịnh Vượng&nbsp;thông báo Tờ Trình điều chỉnh tỷ lệ sở hữu của nhà đầu tư nước ngoài tối đa như sau:,https://cafef.vn/du-lieu/VPB-516401/vpb-to-trinh-dieu-chinh-ty-le-so-huu-cua-nha-dau-tu-nuoc-ngoai-toi-da.chn,cafef
2022-01-12,VPB: Phiếu lấy ý kiến cổ đông bằng văn bản,Ngân hàng TMCP Việt Nam Thịnh Vượng&nbsp;thông báo&nbsp;Phiếu lấy ý kiến cổ đông bằng văn bản như sau:,https://cafef.vn/du-lieu/VPB-516404/vpb-phieu-lay-y-kien-co-dong-bang-van-ban.chn,cafef
2025-05-13,"VPB: 15.5.2025, ngày GDKHQ trả cổ tức năm 2024 bằng tiền (500 đ/cp)",Sở Giao dịch Chứng khoán Thành phố Hồ Chí Minh thông báo về ngày đăng ký cuối cùng thực hiện chi trả cổ tức năm 2024 bằng tiền của Ngân hàng Thương mại Cổ phần Việt Nam Thịnh Vượng,https://cafef.vn/du-lieu/VPB-2196266/vpb-1552025-ngay-gdkhq-tra-co-tuc-nam-2024-bang-tien-500-dcp.chn,cafef
2024-05-15,"VPB: 22.5.2024, ngày GDKHQ chi trả cổ tức năm 2023 bằng tiền (1.000 đ/cp)",Sở Giao dịch Chứng khoán Thành phố Hồ Chí Minh thông báo ngày ĐKCC để thực hiện chi trả cổ tức năm 2023 bằng tiền của Ngân hàng TMCP Việt Nam Thịnh Vượng (mã CK:VPB),https://cafef.vn/du-lieu/VPB-1992790/vpb-2252024-ngay-gdkhq-chi-tra-co-tuc-nam-2023-bang-tien-1000-dcp.chn,cafef
2023-10-20,"VPB: 9.11.2023, ngày GDKHQ trả cổ tức năm 2022 bằng tiền (1.000 đ/cp)",Sở Giao dịch Chứng khoán TP.HCM thông báo ngày ĐKCC chi trả cổ tức năm 2022 bằng tiền của Ngân hàng TMCP Việt Nam Thịnh Vượng (mã CK:VPB),https://cafef.vn/du-lieu/VPB-1852828/vpb-9112023-ngay-gdkhq-tra-co-tuc-nam-2022-bang-tien-1000-dcp.chn,cafef
2023-10-20,VPB: Số lượng cổ phiếu có quyền biểu quyết đang lưu hành là 7.933.923.601 cp,Ngân hàng TMCP Việt Nam Thịnh Vượng thông báo thay đổi số lượng cổ phiếu có quyền biểu quyết đang lưu hành,https://cafef.vn/du-lieu/VPB-1866268/vpb-so-luong-co-phieu-co-quyen-bieu-quyet-dang-luu-hanh-la-7933923601-cp.chn,cafef
2023-10-16,VPB: Thông báo về ngày ĐKCC chi trả cổ tức bằng tiền,Ngân hàng TMCP Việt Nam Thịnh Vượng thông báo về ngày ĐKCC chi trả cổ tức bằng tiền,https://cafef.vn/du-lieu/VPB-1846738/vpb-thong-bao-ve-ngay-dkcc-chi-tra-co-tuc-bang-tien.chn,cafef
2023-05-19,Cổ đông VPBank sắp đón tin vui về cổ tức tiền mặt,"VPBank sẽ chi trả gần 8.000 tỷ đồng cổ tức bằng tiền mặt năm 2022 cho cổ đông trong quý 2 hoặc 3 năm nay. Ngân hàng dự kiến duy trì hoạt động này trong ít nhất 5 năm tới, với niềm tin vào triển vọng kinh doanh của ngân hàng khi nhiều chính sách hỗ trợ phát triển kinh tế được ban hành gần đây.",https://cafef.vn/co-dong-vpbank-sap-don-tin-vui-ve-co-tuc-tien-mat-188230519104453623.chn,cafef
2022-10-28,VPB: Ngày ĐKCC để thực hiện quyền cổ đông,Ngân hàng TMCP Việt Nam Thịnh Vượng&nbsp;thông báo ngày ĐKCC để thực hiện quyền cổ đông như sau:,https://cafef.vn/du-lieu/VPB-373250/vpb-ngay-dkcc-de-thuc-hien-quyen-co-dong.chn,cafef
2022-10-11,VPB: Đã phát hành 2.237.730.614 cổ phiếu để tăng vốn cổ phần từ nguồn vốn chủ sở hữu,Ngân hàng TMCP Việt Nam Thịnh Vượng công bố báo cáo kết quả đợt phát hành cổ phiếu để tăng vốn cổ phần từ nguồn vốn chủ sở hữu như sau:,https://cafef.vn/du-lieu/VPB-382961/vpb-da-phat-hanh-2237730614-co-phieu-de-tang-von-co-phan-tu-nguon-von-chu-so-huu.chn,cafef
2022-09-21,"VPB: 28.9.2022, ngày GDKHQ phát hành cổ phiếu từ nguồn vốn chủ sở hữu (tỷ lệ 2:1)",Sở Giao dịch chứng khoán TP.HCM thông báo&nbsp;ngày ĐKCC phát hành cổ phiếu từ nguồn vốn chủ sở hữu&nbsp;của&nbsp;Ngân hàng TMCP Việt Nam Thịnh Vượng như sau:&nbsp;,https://cafef.vn/du-lieu/VPB-1898581/vpb-2892022-ngay-gdkhq-phat-hanh-co-phieu-tu-nguon-von-chu-so-huu-ty-le-21.chn,cafef
2022-09-16,VPB: Ngày đăng ký cuối cùng để thực hiện phát hành cổ phiếu từ nguồn vốn chủ sở hữu,Ngân hàng TMCP Việt Nam Thịnh Vượng&nbsp;thông báo về ngày đăng ký cuối cùng để thực hiện phát hành cổ phiếu từ nguồn vốn chủ sở hữu như sau:,https://cafef.vn/du-lieu/VPB-393746/vpb-ngay-dang-ky-cuoi-cung-de-thuc-hien-phat-hanh-co-phieu-tu-nguon-von-chu-so-huu.chn,cafef
2022-08-17,VPB: Đã phát hành 30.000.000 cổ phiếu theo chương trình lựa chọn cho người lao động,Ngân hàng TMCP Việt Nam Thịnh Vượng&nbsp;công bố&nbsp;Báo cáo kết quả phát hành cổ phiếu theo chương trình lựa chọn cho người lao động như sau:,https://cafef.vn/du-lieu/VPB-408467/vpb-da-phat-hanh-30000000-co-phieu-theo-chuong-trinh-lua-chon-cho-nguoi-lao-dong.chn,cafef
