[2026-06-30 09:58:35] [TASK_4] [INFO] ============================================================
[2026-06-30 09:58:35] [TASK_4] [INFO] START TASK_4: Text Preprocessing (clean, tokenize, deduplicate)
[2026-06-30 09:58:35] [TASK_4] [INFO] Timestamp: 2026-06-30T09:58:35.877130
[2026-06-30 09:58:35] [TASK_4] [INFO] ============================================================
[2026-06-30 09:58:36] [TASK_4] [INFO] Input: data/news/matched/all_news_matched.csv (30431 rows)
[2026-06-30 09:58:37] [TASK_4] [INFO] Starting Text Preprocessing (TASK 4)...
[2026-06-30 09:58:38] [TASK_4] [INFO] Loaded 30422 articles from data/news/matched/all_news_matched.csv.
[2026-06-30 09:58:38] [TASK_4] [INFO] Loaded 23 stopwords from config/stopwords_finance.txt.
[2026-06-30 09:58:38] [TASK_4] [INFO] URL deduplication: 30422 → 28062 (removed 2360 duplicates).
[2026-06-30 09:59:12] [TASK_4] [INFO] Fuzzy title deduplication: 28062 → 22765 (removed 5297 near-duplicates, threshold=90%).
[2026-06-30 09:59:12] [TASK_4] [INFO] Cleaning text...
[2026-06-30 09:59:13] [TASK_4] [INFO] Tokenizing 22765 articles...
[2026-06-30 09:59:13] [TASK_4] [INFO] Using multiprocessing for 22765 articles (threshold=10000).
[2026-06-30 09:59:41] [TASK_4] [INFO] Removing stopwords...
[2026-06-30 09:59:42] [TASK_4] [WARNING] Excluding 68 articles with <5 tokens:
[2026-06-30 09:59:42] [TASK_4] [WARNING]   URL: https://vietnambiz.vn/kido-thau-tom-hung-vuong-plaza-202482310430645.htm
[2026-06-30 09:59:42] [TASK_4] [WARNING]   URL: https://vietnambiz.vn/duc-long-gia-lai-kien-lilama-202483144647773.htm
[2026-06-30 09:59:42] [TASK_4] [WARNING]   URL: https://vietnambiz.vn/doanh-nghiep-duoc-chay-dua-mo-rong-cong-suat-202410214323780.htm
[2026-06-30 09:59:42] [TASK_4] [WARNING]   URL: https://vietnambiz.vn/cong-ty-phuc-son-co-tong-giam-doc-moi-2024101615251538.htm
[2026-06-30 09:59:42] [TASK_4] [WARNING]   URL: https://vietnambiz.vn/cong-ty-misa-co-tong-giam-doc-moi-2024111194455296.htm
[2026-06-30 09:59:42] [TASK_4] [WARNING]   URL: https://vietnambiz.vn/quy-buon-cua-doanh-nghiep-xang-dau-20241031142636877.htm
[2026-06-30 09:59:42] [TASK_4] [WARNING]   URL: https://vietnambiz.vn/vinpearl-tro-thanh-cong-ty-dai-chung-202411168714653.htm
[2026-06-30 09:59:42] [TASK_4] [WARNING]   URL: https://vietnambiz.vn/ocb-bo-nhiem-ke-toan-truong-moi-20241210121111894.htm
[2026-06-30 09:59:42] [TASK_4] [WARNING]   URL: https://vietnambiz.vn/loi-nhuan-acv-lap-ky-luc-2024122122227430.htm
[2026-06-30 09:59:42] [TASK_4] [WARNING]   URL: https://vietnambiz.vn/vissan-co-tong-giam-doc-moi-2024122219346868.htm
[2026-06-30 09:59:42] [TASK_4] [WARNING]   URL: https://vietnambiz.vn/hagl-giai-the-nong-nghiep-kon-thup-20251910362769.htm
[2026-06-30 09:59:42] [TASK_4] [WARNING]   URL: https://vietnambiz.vn/scs-lap-ky-luc-san-luong-202511011058883.htm
[2026-06-30 09:59:42] [TASK_4] [WARNING]   URL: https://vietnambiz.vn/coteccons-sach-no-trai-phieu-202511611121510.htm
[2026-06-30 09:59:42] [TASK_4] [WARNING]   URL: https://vietnambiz.vn/nam-thang-tram-cua-doanh-nghiep-thep-202524152816964.htm
[2026-06-30 09:59:42] [TASK_4] [WARNING]   URL: https://vietnambiz.vn/loi-nhuan-thao-cam-vien-giam-manh-2025215201346295.htm
[2026-06-30 09:59:42] [TASK_4] [WARNING]   URL: https://vietnambiz.vn/bamboo-capital-thay-tong-giam-doc-202522712257395.htm
[2026-06-30 09:59:42] [TASK_4] [WARNING]   URL: https://www.tinnhanhchungkhoan.vn/ngan-hang-hdbank-hdb-hose-post365031.html
[2026-06-30 09:59:42] [TASK_4] [WARNING]   URL: https://www.tinnhanhchungkhoan.vn/ngan-hang-vietcombank-vcb-hose-post365004.html
[2026-06-30 09:59:42] [TASK_4] [WARNING]   URL: https://vietnambiz.vn/lpbank-bo-nhiem-pho-tong-giam-doc-20254212093134.htm
[2026-06-30 09:59:42] [TASK_4] [WARNING]   URL: https://www.tinnhanhchungkhoan.vn/shb-but-pha-tu-noi-luc-post368325.html
[2026-06-30 09:59:42] [TASK_4] [WARNING]   URL: https://www.tinnhanhchungkhoan.vn/fpt-thau-tom-cong-ty-cong-nghe-duc-post368636.html
[2026-06-30 09:59:42] [TASK_4] [WARNING]   URL: https://vietnambiz.vn/becamex-thay-ghe-tong-giam-doc-202562521515505.htm
[2026-06-30 09:59:42] [TASK_4] [WARNING]   URL: https://vietstock.vn/2025/07/mwg-co-hoi-dau-tu-dai-han-582-1327666.htm
[2026-06-30 09:59:42] [TASK_4] [WARNING]   URL: https://www.tinnhanhchungkhoan.vn/acb-tang-truong-ben-vung-theo-thoi-gian-post372514.html
[2026-06-30 09:59:42] [TASK_4] [WARNING]   URL: https://vietstock.vn/2025/07/vietjet-co-giam-doc-dieu-hanh-moi-214-1325436.htm
[2026-06-30 09:59:42] [TASK_4] [WARNING]   URL: https://vietnambiz.vn/lan-song-cat-giam-nhan-su-ngan-hang-202577162332162.htm
[2026-06-30 09:59:42] [TASK_4] [WARNING]   URL: https://vietnambiz.vn/ocb-bo-nhiem-giam-doc-tai-chinh-2025711231420824.htm
[2026-06-30 09:59:42] [TASK_4] [WARNING]   URL: https://vietnambiz.vn/doanh-nghiep-bat-dong-san-quay-lai-thi-truong-202571221541624.htm
[2026-06-30 09:59:42] [TASK_4] [WARNING]   URL: https://vietstock.vn/2025/07/hpg-thong-bao-thay-doi-dia-chi-cong-ty-737-1329814.htm
[2026-06-30 09:59:42] [TASK_4] [WARNING]   URL: https://vietstock.vn/2025/07/ssi-bo-nhiem-ceo-moi-214-1330233.htm
[2026-06-30 09:59:42] [TASK_4] [WARNING]   URL: https://vietnambiz.vn/petrolimex-co-ceo-moi-2025720853396.htm
[2026-06-30 09:59:42] [TASK_4] [WARNING]   URL: https://vietnambiz.vn/ssi-co-tan-tong-giam-doc-202572183423438.htm
[2026-06-30 09:59:42] [TASK_4] [WARNING]   URL: https://vietnambiz.vn/det-may-tng-lai-ky-luc-2025722111918538.htm
[2026-06-30 09:59:42] [TASK_4] [WARNING]   URL: https://vietstock.vn/2025/07/co-phieu-vua-tro-lai-757-1331448.htm
[2026-06-30 09:59:42] [TASK_4] [WARNING]   URL: https://vietnambiz.vn/dong-ruble-tang-gia-manh-loi-bat-cap-hai-20257257654236.htm
[2026-06-30 09:59:42] [TASK_4] [WARNING]   URL: https://vietstock.vn/2025/08/gvr-thong-bao-thay-doi-mau-dau-cong-ty-830-1338793.htm
[2026-06-30 09:59:42] [TASK_4] [WARNING]   URL: https://vietnambiz.vn/duong-day-mua-300000-the-tin-dung-202587205746398.htm
[2026-06-30 09:59:42] [TASK_4] [WARNING]   URL: https://vietstock.vn/2025/08/vre-cbtt-sap-nhap-cong-ty-con-830-1345967.htm
[2026-06-30 09:59:42] [TASK_4] [WARNING]   URL: https://vietstock.vn/2025/09/vjc-thong-bao-thay-doi-mau-dau-cong-ty-830-1354007.htm
[2026-06-30 09:59:42] [TASK_4] [WARNING]   URL: https://vietstock.vn/2025/09/vic-cbtt-thanh-lap-cong-ty-con-830-1354256.htm
[2026-06-30 09:59:42] [TASK_4] [WARNING]   URL: https://vietstock.vn/2025/10/petrolimex-sap-nhap-1-cong-ty-con-764-1358086.htm
[2026-06-30 09:59:42] [TASK_4] [WARNING]   URL: https://vietstock.vn/2025/10/mbb-sua-doi-dieu-le-cong-ty-737-1358783.htm
[2026-06-30 09:59:42] [TASK_4] [WARNING]   URL: https://vietstock.vn/2025/11/ssi-cac-nghi-quyet-hdqt-737-1369449.htm
[2026-06-30 09:59:42] [TASK_4] [WARNING]   URL: https://vietstock.vn/2025/11/ty-phu-pham-nhat-vuong-thanh-lap-vinspace-737-1370172.htm
[2026-06-30 09:59:42] [TASK_4] [WARNING]   URL: https://vietstock.vn/2025/12/vhm-thong-bao-cong-ty-lien-ket-cua-cong-ty-830-1378964.htm
[2026-06-30 09:59:42] [TASK_4] [WARNING]   URL: https://www.tinnhanhchungkhoan.vn/co-phieu-bao-hiem-lech-nhip-post382119.html
[2026-06-30 09:59:42] [TASK_4] [WARNING]   URL: https://vietstock.vn/2026/02/ssi-cong-bo-cap-nhat-dieu-le-cong-ty-737-1400632.htm
[2026-06-30 09:59:42] [TASK_4] [WARNING]   URL: https://vietstock.vn/2026/03/hdb-cbtt-dieu-le-cong-ty-737-1407797.htm
[2026-06-30 09:59:42] [TASK_4] [WARNING]   URL: https://www.tinnhanhchungkhoan.vn/co-phieu-phong-thu-phat-huy-vai-tro-post387263.html
[2026-06-30 09:59:42] [TASK_4] [WARNING]   URL: https://vietstock.vn/2026/03/stb-thong-bao-thay-doi-nhan-su-214-1418605.htm
[2026-06-30 09:59:42] [TASK_4] [WARNING]   URL: https://www.tinnhanhchungkhoan.vn/thanh-khoan-suy-yeu-post387687.html
[2026-06-30 09:59:42] [TASK_4] [WARNING]   URL: https://vietstock.vn/2026/04/ssi-thong-bao-thay-doi-ke-toan-truong-214-1422589.htm
[2026-06-30 09:59:42] [TASK_4] [WARNING]   URL: https://vietstock.vn/2026/04/vic-thong-bao-dinh-chinh-thong-tin-830-1426463.htm
[2026-06-30 09:59:42] [TASK_4] [WARNING]   URL: https://vietstock.vn/2026/04/mwg-dieu-le-cong-ty-737-1430219.htm
[2026-06-30 09:59:42] [TASK_4] [WARNING]   URL: https://vietstock.vn/2026/04/mbb-bien-ban-hop-dhdcd-737-1429892.htm
[2026-06-30 09:59:42] [TASK_4] [WARNING]   URL: https://vietstock.vn/2026/04/mbb-thong-bao-thay-doi-nhan-su-214-1430551.htm
[2026-06-30 09:59:42] [TASK_4] [WARNING]   URL: https://vietstock.vn/2026/04/bvh-bao-cao-tich-hop-2025-830-1431514.htm
[2026-06-30 09:59:42] [TASK_4] [WARNING]   URL: https://vietstock.vn/2026/04/vnm-dieu-le-cong-ty-737-1433085.htm
[2026-06-30 09:59:42] [TASK_4] [WARNING]   URL: https://vietstock.vn/2026/04/plx-thong-bao-thay-doi-nhan-su-214-1435401.htm
[2026-06-30 09:59:42] [TASK_4] [WARNING]   URL: https://vietstock.vn/2026/05/vjc-cong-bo-thong-tin-214-1438200.htm
[2026-06-30 09:59:42] [TASK_4] [WARNING]   URL: https://vietstock.vn/2026/05/tcb-thong-bao-thay-doi-dieu-le-737-1439664.htm
[2026-06-30 09:59:42] [TASK_4] [WARNING]   URL: https://vietstock.vn/2026/05/vcb-dieu-le-cong-ty-sua-doi-2026-737-1444400.htm
[2026-06-30 09:59:42] [TASK_4] [WARNING]   URL: https://vietstock.vn/2026/05/vib-thong-bao-thay-doi-nhan-su-214-1444116.htm
[2026-06-30 09:59:42] [TASK_4] [WARNING]   URL: https://www.tinnhanhchungkhoan.vn/thoi-diem-chon-loc-co-hoi-post390988.html
[2026-06-30 09:59:42] [TASK_4] [WARNING]   URL: https://vietstock.vn/2026/06/gvr-tu-cach-cong-ty-dai-chung-830-1450907.htm
[2026-06-30 09:59:42] [TASK_4] [WARNING]   URL: https://vietstock.vn/2026/06/khi-esop-tien-hoa-764-1453118.htm
[2026-06-30 09:59:42] [TASK_4] [WARNING]   URL: https://vietnambiz.vn/sacombank-doi-tru-so-chinh-202661485117806.htm
[2026-06-30 09:59:42] [TASK_4] [WARNING]   URL: https://vietstock.vn/2026/06/stb-thong-bao-thay-doi-nhan-su-214-1457789.htm
[2026-06-30 09:59:42] [TASK_4] [INFO] Saved 22697 processed articles to data/news/processed/all_news_processed.csv.
[2026-06-30 09:59:42] [TASK_4] [INFO] ============================================================
[2026-06-30 09:59:42] [TASK_4] [INFO] TEXT PREPROCESSING REPORT
[2026-06-30 09:59:42] [TASK_4] [INFO] ============================================================
[2026-06-30 09:59:42] [TASK_4] [INFO] Articles before deduplication : 30422
[2026-06-30 09:59:42] [TASK_4] [INFO] Articles after deduplication  : 22765
[2026-06-30 09:59:42] [TASK_4] [INFO] Articles in final output      : 22697
[2026-06-30 09:59:43] [TASK_4] [INFO] Average token count per article: 19.3
[2026-06-30 09:59:43] [TASK_4] [INFO] 
Top 50 most frequent tokens:
[2026-06-30 09:59:43] [TASK_4] [INFO]   ,                              8404
[2026-06-30 09:59:43] [TASK_4] [INFO]   hđqt                           5027
[2026-06-30 09:59:43] [TASK_4] [INFO]   năm                            4833
[2026-06-30 09:59:43] [TASK_4] [INFO]   về                             4724
[2026-06-30 09:59:43] [TASK_4] [INFO]   thông_báo                      4355
[2026-06-30 09:59:43] [TASK_4] [INFO]   của                            4297
[2026-06-30 09:59:43] [TASK_4] [INFO]   và                             4163
[2026-06-30 09:59:43] [TASK_4] [INFO]   ngân_hàng                      3682
[2026-06-30 09:59:43] [TASK_4] [INFO]   cổ_phần                        3659
[2026-06-30 09:59:43] [TASK_4] [INFO]   nghị_quyết                     3659
[2026-06-30 09:59:43] [TASK_4] [INFO]   việc                           3518
[2026-06-30 09:59:43] [TASK_4] [INFO]   sau                            2909
[2026-06-30 09:59:43] [TASK_4] [INFO]   .                              2866
[2026-06-30 09:59:43] [TASK_4] [INFO]   tỷ                             2755
[2026-06-30 09:59:43] [TASK_4] [INFO]   cổ_phiếu                       2676
[2026-06-30 09:59:43] [TASK_4] [INFO]   việt_nam                       2670
[2026-06-30 09:59:43] [TASK_4] [INFO]   trong                          2620
[2026-06-30 09:59:43] [TASK_4] [INFO]   cho                            2404
[2026-06-30 09:59:43] [TASK_4] [INFO]   giao_dịch                      2359
[2026-06-30 09:59:43] [TASK_4] [INFO]   với                            2331
[2026-06-30 09:59:43] [TASK_4] [INFO]   thương_mại                     2216
[2026-06-30 09:59:43] [TASK_4] [INFO]   tăng                           2099
[2026-06-30 09:59:43] [TASK_4] [INFO]   ngày                           2006
[2026-06-30 09:59:43] [TASK_4] [INFO]   nbsp                           1981
[2026-06-30 09:59:43] [TASK_4] [INFO]   đồng                           1964
[2026-06-30 09:59:43] [TASK_4] [INFO]   %                              1886
[2026-06-30 09:59:43] [TASK_4] [INFO]   như                            1844
[2026-06-30 09:59:43] [TASK_4] [INFO]   2025                           1781
[2026-06-30 09:59:43] [TASK_4] [INFO]   thay_đổi                       1750
[2026-06-30 09:59:43] [TASK_4] [INFO]   2022                           1464
[2026-06-30 09:59:43] [TASK_4] [INFO]   trái_phiếu                     1449
[2026-06-30 09:59:43] [TASK_4] [INFO]   thông_qua                      1428
[2026-06-30 09:59:43] [TASK_4] [INFO]   dong                           1424
[2026-06-30 09:59:43] [TASK_4] [INFO]   ty                             1363
[2026-06-30 09:59:43] [TASK_4] [INFO]   để                             1347
[2026-06-30 09:59:43] [TASK_4] [INFO]   2024                           1335
[2026-06-30 09:59:43] [TASK_4] [INFO]   phát_hành                      1317
[2026-06-30 09:59:43] [TASK_4] [INFO]   1                              1305
[2026-06-30 09:59:43] [TASK_4] [INFO]   có                             1294
[2026-06-30 09:59:43] [TASK_4] [INFO]   quyết_định                     1292
[2026-06-30 09:59:43] [TASK_4] [INFO]   mua                            1289
[2026-06-30 09:59:43] [TASK_4] [INFO]   công_bố                        1285
[2026-06-30 09:59:43] [TASK_4] [INFO]   2023                           1279
[2026-06-30 09:59:43] [TASK_4] [INFO]   vốn                            1274
[2026-06-30 09:59:43] [TASK_4] [INFO]   tại                            1262
[2026-06-30 09:59:43] [TASK_4] [INFO]   hơn                            1248
[2026-06-30 09:59:43] [TASK_4] [INFO]   chứng_khoán                    1233
[2026-06-30 09:59:43] [TASK_4] [INFO]   nam                            1186
[2026-06-30 09:59:43] [TASK_4] [INFO]   ng                             1185
[2026-06-30 09:59:43] [TASK_4] [INFO]   các                            1175
[2026-06-30 09:59:43] [TASK_4] [INFO] ============================================================
[2026-06-30 09:59:43] [TASK_4] [INFO] ------------------------------------------------------------
[2026-06-30 09:59:43] [TASK_4] [INFO] END TASK_4 — completed in 67.2 seconds
[2026-06-30 09:59:43] [TASK_4] [INFO] Output: data/news/processed/all_news_processed.csv (22704 rows)
[2026-06-30 09:59:43] [TASK_4] [INFO] ============================================================
[2026-06-30 10:00:01] [TASK_4] [INFO] ============================================================
[2026-06-30 10:00:01] [TASK_4] [INFO] START TASK_4: Text Preprocessing (clean, tokenize, deduplicate)
[2026-06-30 10:00:01] [TASK_4] [INFO] Timestamp: 2026-06-30T10:00:01.410227
[2026-06-30 10:00:01] [TASK_4] [INFO] ============================================================
[2026-06-30 10:00:01] [TASK_4] [INFO] Input: data/news/matched/all_news_matched.csv (30431 rows)
[2026-06-30 10:00:02] [TASK_4] [INFO] Starting Text Preprocessing (TASK 4)...
[2026-06-30 10:00:02] [TASK_4] [INFO] Loaded 30422 articles from data/news/matched/all_news_matched.csv.
[2026-06-30 10:00:02] [TASK_4] [INFO] Loaded 23 stopwords from config/stopwords_finance.txt.
[2026-06-30 10:00:02] [TASK_4] [INFO] URL deduplication: 30422 → 28062 (removed 2360 duplicates).
[2026-06-30 10:00:32] [TASK_4] [INFO] Fuzzy title deduplication: 28062 → 22765 (removed 5297 near-duplicates, threshold=90%).
[2026-06-30 10:00:32] [TASK_4] [INFO] Cleaning text...
[2026-06-30 10:00:33] [TASK_4] [INFO] Tokenizing 22765 articles...
[2026-06-30 10:00:33] [TASK_4] [INFO] Using multiprocessing for 22765 articles (threshold=10000).
[2026-06-30 10:01:00] [TASK_4] [INFO] Removing stopwords...
[2026-06-30 10:01:01] [TASK_4] [WARNING] Excluding 68 articles with <5 tokens:
[2026-06-30 10:01:01] [TASK_4] [WARNING]   URL: https://vietnambiz.vn/kido-thau-tom-hung-vuong-plaza-202482310430645.htm
[2026-06-30 10:01:01] [TASK_4] [WARNING]   URL: https://vietnambiz.vn/duc-long-gia-lai-kien-lilama-202483144647773.htm
[2026-06-30 10:01:01] [TASK_4] [WARNING]   URL: https://vietnambiz.vn/doanh-nghiep-duoc-chay-dua-mo-rong-cong-suat-202410214323780.htm
[2026-06-30 10:01:01] [TASK_4] [WARNING]   URL: https://vietnambiz.vn/cong-ty-phuc-son-co-tong-giam-doc-moi-2024101615251538.htm
[2026-06-30 10:01:01] [TASK_4] [WARNING]   URL: https://vietnambiz.vn/cong-ty-misa-co-tong-giam-doc-moi-2024111194455296.htm
[2026-06-30 10:01:01] [TASK_4] [WARNING]   URL: https://vietnambiz.vn/quy-buon-cua-doanh-nghiep-xang-dau-20241031142636877.htm
[2026-06-30 10:01:01] [TASK_4] [WARNING]   URL: https://vietnambiz.vn/vinpearl-tro-thanh-cong-ty-dai-chung-202411168714653.htm
[2026-06-30 10:01:01] [TASK_4] [WARNING]   URL: https://vietnambiz.vn/ocb-bo-nhiem-ke-toan-truong-moi-20241210121111894.htm
[2026-06-30 10:01:01] [TASK_4] [WARNING]   URL: https://vietnambiz.vn/loi-nhuan-acv-lap-ky-luc-2024122122227430.htm
[2026-06-30 10:01:01] [TASK_4] [WARNING]   URL: https://vietnambiz.vn/vissan-co-tong-giam-doc-moi-2024122219346868.htm
[2026-06-30 10:01:01] [TASK_4] [WARNING]   URL: https://vietnambiz.vn/hagl-giai-the-nong-nghiep-kon-thup-20251910362769.htm
[2026-06-30 10:01:01] [TASK_4] [WARNING]   URL: https://vietnambiz.vn/scs-lap-ky-luc-san-luong-202511011058883.htm
[2026-06-30 10:01:01] [TASK_4] [WARNING]   URL: https://vietnambiz.vn/coteccons-sach-no-trai-phieu-202511611121510.htm
[2026-06-30 10:01:01] [TASK_4] [WARNING]   URL: https://vietnambiz.vn/nam-thang-tram-cua-doanh-nghiep-thep-202524152816964.htm
[2026-06-30 10:01:01] [TASK_4] [WARNING]   URL: https://vietnambiz.vn/loi-nhuan-thao-cam-vien-giam-manh-2025215201346295.htm
[2026-06-30 10:01:01] [TASK_4] [WARNING]   URL: https://vietnambiz.vn/bamboo-capital-thay-tong-giam-doc-202522712257395.htm
[2026-06-30 10:01:01] [TASK_4] [WARNING]   URL: https://www.tinnhanhchungkhoan.vn/ngan-hang-hdbank-hdb-hose-post365031.html
[2026-06-30 10:01:01] [TASK_4] [WARNING]   URL: https://www.tinnhanhchungkhoan.vn/ngan-hang-vietcombank-vcb-hose-post365004.html
[2026-06-30 10:01:01] [TASK_4] [WARNING]   URL: https://vietnambiz.vn/lpbank-bo-nhiem-pho-tong-giam-doc-20254212093134.htm
[2026-06-30 10:01:01] [TASK_4] [WARNING]   URL: https://www.tinnhanhchungkhoan.vn/shb-but-pha-tu-noi-luc-post368325.html
[2026-06-30 10:01:01] [TASK_4] [WARNING]   URL: https://www.tinnhanhchungkhoan.vn/fpt-thau-tom-cong-ty-cong-nghe-duc-post368636.html
[2026-06-30 10:01:01] [TASK_4] [WARNING]   URL: https://vietnambiz.vn/becamex-thay-ghe-tong-giam-doc-202562521515505.htm
[2026-06-30 10:01:01] [TASK_4] [WARNING]   URL: https://vietstock.vn/2025/07/mwg-co-hoi-dau-tu-dai-han-582-1327666.htm
[2026-06-30 10:01:01] [TASK_4] [WARNING]   URL: https://www.tinnhanhchungkhoan.vn/acb-tang-truong-ben-vung-theo-thoi-gian-post372514.html
[2026-06-30 10:01:01] [TASK_4] [WARNING]   URL: https://vietstock.vn/2025/07/vietjet-co-giam-doc-dieu-hanh-moi-214-1325436.htm
[2026-06-30 10:01:01] [TASK_4] [WARNING]   URL: https://vietnambiz.vn/lan-song-cat-giam-nhan-su-ngan-hang-202577162332162.htm
[2026-06-30 10:01:01] [TASK_4] [WARNING]   URL: https://vietnambiz.vn/ocb-bo-nhiem-giam-doc-tai-chinh-2025711231420824.htm
[2026-06-30 10:01:01] [TASK_4] [WARNING]   URL: https://vietnambiz.vn/doanh-nghiep-bat-dong-san-quay-lai-thi-truong-202571221541624.htm
[2026-06-30 10:01:01] [TASK_4] [WARNING]   URL: https://vietstock.vn/2025/07/hpg-thong-bao-thay-doi-dia-chi-cong-ty-737-1329814.htm
[2026-06-30 10:01:01] [TASK_4] [WARNING]   URL: https://vietstock.vn/2025/07/ssi-bo-nhiem-ceo-moi-214-1330233.htm
[2026-06-30 10:01:01] [TASK_4] [WARNING]   URL: https://vietnambiz.vn/petrolimex-co-ceo-moi-2025720853396.htm
[2026-06-30 10:01:01] [TASK_4] [WARNING]   URL: https://vietnambiz.vn/ssi-co-tan-tong-giam-doc-202572183423438.htm
[2026-06-30 10:01:01] [TASK_4] [WARNING]   URL: https://vietnambiz.vn/det-may-tng-lai-ky-luc-2025722111918538.htm
[2026-06-30 10:01:01] [TASK_4] [WARNING]   URL: https://vietstock.vn/2025/07/co-phieu-vua-tro-lai-757-1331448.htm
[2026-06-30 10:01:01] [TASK_4] [WARNING]   URL: https://vietnambiz.vn/dong-ruble-tang-gia-manh-loi-bat-cap-hai-20257257654236.htm
[2026-06-30 10:01:01] [TASK_4] [WARNING]   URL: https://vietstock.vn/2025/08/gvr-thong-bao-thay-doi-mau-dau-cong-ty-830-1338793.htm
[2026-06-30 10:01:01] [TASK_4] [WARNING]   URL: https://vietnambiz.vn/duong-day-mua-300000-the-tin-dung-202587205746398.htm
[2026-06-30 10:01:01] [TASK_4] [WARNING]   URL: https://vietstock.vn/2025/08/vre-cbtt-sap-nhap-cong-ty-con-830-1345967.htm
[2026-06-30 10:01:01] [TASK_4] [WARNING]   URL: https://vietstock.vn/2025/09/vjc-thong-bao-thay-doi-mau-dau-cong-ty-830-1354007.htm
[2026-06-30 10:01:01] [TASK_4] [WARNING]   URL: https://vietstock.vn/2025/09/vic-cbtt-thanh-lap-cong-ty-con-830-1354256.htm
[2026-06-30 10:01:01] [TASK_4] [WARNING]   URL: https://vietstock.vn/2025/10/petrolimex-sap-nhap-1-cong-ty-con-764-1358086.htm
[2026-06-30 10:01:01] [TASK_4] [WARNING]   URL: https://vietstock.vn/2025/10/mbb-sua-doi-dieu-le-cong-ty-737-1358783.htm
[2026-06-30 10:01:01] [TASK_4] [WARNING]   URL: https://vietstock.vn/2025/11/ssi-cac-nghi-quyet-hdqt-737-1369449.htm
[2026-06-30 10:01:01] [TASK_4] [WARNING]   URL: https://vietstock.vn/2025/11/ty-phu-pham-nhat-vuong-thanh-lap-vinspace-737-1370172.htm
[2026-06-30 10:01:01] [TASK_4] [WARNING]   URL: https://vietstock.vn/2025/12/vhm-thong-bao-cong-ty-lien-ket-cua-cong-ty-830-1378964.htm
[2026-06-30 10:01:01] [TASK_4] [WARNING]   URL: https://www.tinnhanhchungkhoan.vn/co-phieu-bao-hiem-lech-nhip-post382119.html
[2026-06-30 10:01:01] [TASK_4] [WARNING]   URL: https://vietstock.vn/2026/02/ssi-cong-bo-cap-nhat-dieu-le-cong-ty-737-1400632.htm
[2026-06-30 10:01:01] [TASK_4] [WARNING]   URL: https://vietstock.vn/2026/03/hdb-cbtt-dieu-le-cong-ty-737-1407797.htm
[2026-06-30 10:01:01] [TASK_4] [WARNING]   URL: https://www.tinnhanhchungkhoan.vn/co-phieu-phong-thu-phat-huy-vai-tro-post387263.html
[2026-06-30 10:01:01] [TASK_4] [WARNING]   URL: https://vietstock.vn/2026/03/stb-thong-bao-thay-doi-nhan-su-214-1418605.htm
[2026-06-30 10:01:01] [TASK_4] [WARNING]   URL: https://www.tinnhanhchungkhoan.vn/thanh-khoan-suy-yeu-post387687.html
[2026-06-30 10:01:01] [TASK_4] [WARNING]   URL: https://vietstock.vn/2026/04/ssi-thong-bao-thay-doi-ke-toan-truong-214-1422589.htm
[2026-06-30 10:01:01] [TASK_4] [WARNING]   URL: https://vietstock.vn/2026/04/vic-thong-bao-dinh-chinh-thong-tin-830-1426463.htm
[2026-06-30 10:01:01] [TASK_4] [WARNING]   URL: https://vietstock.vn/2026/04/mwg-dieu-le-cong-ty-737-1430219.htm
[2026-06-30 10:01:01] [TASK_4] [WARNING]   URL: https://vietstock.vn/2026/04/mbb-bien-ban-hop-dhdcd-737-1429892.htm
[2026-06-30 10:01:01] [TASK_4] [WARNING]   URL: https://vietstock.vn/2026/04/mbb-thong-bao-thay-doi-nhan-su-214-1430551.htm
[2026-06-30 10:01:01] [TASK_4] [WARNING]   URL: https://vietstock.vn/2026/04/bvh-bao-cao-tich-hop-2025-830-1431514.htm
[2026-06-30 10:01:01] [TASK_4] [WARNING]   URL: https://vietstock.vn/2026/04/vnm-dieu-le-cong-ty-737-1433085.htm
[2026-06-30 10:01:01] [TASK_4] [WARNING]   URL: https://vietstock.vn/2026/04/plx-thong-bao-thay-doi-nhan-su-214-1435401.htm
[2026-06-30 10:01:01] [TASK_4] [WARNING]   URL: https://vietstock.vn/2026/05/vjc-cong-bo-thong-tin-214-1438200.htm
[2026-06-30 10:01:01] [TASK_4] [WARNING]   URL: https://vietstock.vn/2026/05/tcb-thong-bao-thay-doi-dieu-le-737-1439664.htm
[2026-06-30 10:01:01] [TASK_4] [WARNING]   URL: https://vietstock.vn/2026/05/vcb-dieu-le-cong-ty-sua-doi-2026-737-1444400.htm
[2026-06-30 10:01:01] [TASK_4] [WARNING]   URL: https://vietstock.vn/2026/05/vib-thong-bao-thay-doi-nhan-su-214-1444116.htm
[2026-06-30 10:01:01] [TASK_4] [WARNING]   URL: https://www.tinnhanhchungkhoan.vn/thoi-diem-chon-loc-co-hoi-post390988.html
[2026-06-30 10:01:01] [TASK_4] [WARNING]   URL: https://vietstock.vn/2026/06/gvr-tu-cach-cong-ty-dai-chung-830-1450907.htm
[2026-06-30 10:01:01] [TASK_4] [WARNING]   URL: https://vietstock.vn/2026/06/khi-esop-tien-hoa-764-1453118.htm
[2026-06-30 10:01:01] [TASK_4] [WARNING]   URL: https://vietnambiz.vn/sacombank-doi-tru-so-chinh-202661485117806.htm
[2026-06-30 10:01:01] [TASK_4] [WARNING]   URL: https://vietstock.vn/2026/06/stb-thong-bao-thay-doi-nhan-su-214-1457789.htm
[2026-06-30 10:01:02] [TASK_4] [INFO] Saved 22697 processed articles to data/news/processed/all_news_processed.csv.
[2026-06-30 10:01:02] [TASK_4] [INFO] ============================================================
[2026-06-30 10:01:02] [TASK_4] [INFO] TEXT PREPROCESSING REPORT
[2026-06-30 10:01:02] [TASK_4] [INFO] ============================================================
[2026-06-30 10:01:02] [TASK_4] [INFO] Articles before deduplication : 30422
[2026-06-30 10:01:02] [TASK_4] [INFO] Articles after deduplication  : 22765
[2026-06-30 10:01:02] [TASK_4] [INFO] Articles in final output      : 22697
[2026-06-30 10:01:02] [TASK_4] [INFO] Average token count per article: 19.3
[2026-06-30 10:01:02] [TASK_4] [INFO] 
Top 50 most frequent tokens:
[2026-06-30 10:01:02] [TASK_4] [INFO]   ,                              8404
[2026-06-30 10:01:02] [TASK_4] [INFO]   hđqt                           5027
[2026-06-30 10:01:02] [TASK_4] [INFO]   năm                            4833
[2026-06-30 10:01:02] [TASK_4] [INFO]   về                             4724
[2026-06-30 10:01:02] [TASK_4] [INFO]   thông_báo                      4355
[2026-06-30 10:01:02] [TASK_4] [INFO]   của                            4297
[2026-06-30 10:01:02] [TASK_4] [INFO]   và                             4163
[2026-06-30 10:01:02] [TASK_4] [INFO]   ngân_hàng                      3682
[2026-06-30 10:01:02] [TASK_4] [INFO]   cổ_phần                        3659
[2026-06-30 10:01:02] [TASK_4] [INFO]   nghị_quyết                     3659
[2026-06-30 10:01:02] [TASK_4] [INFO]   việc                           3518
[2026-06-30 10:01:02] [TASK_4] [INFO]   sau                            2909
[2026-06-30 10:01:02] [TASK_4] [INFO]   .                              2866
[2026-06-30 10:01:02] [TASK_4] [INFO]   tỷ                             2755
[2026-06-30 10:01:02] [TASK_4] [INFO]   cổ_phiếu                       2676
[2026-06-30 10:01:02] [TASK_4] [INFO]   việt_nam                       2670
[2026-06-30 10:01:02] [TASK_4] [INFO]   trong                          2620
[2026-06-30 10:01:02] [TASK_4] [INFO]   cho                            2404
[2026-06-30 10:01:02] [TASK_4] [INFO]   giao_dịch                      2359
[2026-06-30 10:01:02] [TASK_4] [INFO]   với                            2331
[2026-06-30 10:01:02] [TASK_4] [INFO]   thương_mại                     2216
[2026-06-30 10:01:02] [TASK_4] [INFO]   tăng                           2099
[2026-06-30 10:01:02] [TASK_4] [INFO]   ngày                           2006
[2026-06-30 10:01:02] [TASK_4] [INFO]   nbsp                           1981
[2026-06-30 10:01:02] [TASK_4] [INFO]   đồng                           1964
[2026-06-30 10:01:02] [TASK_4] [INFO]   %                              1886
[2026-06-30 10:01:02] [TASK_4] [INFO]   như                            1844
[2026-06-30 10:01:02] [TASK_4] [INFO]   2025                           1781
[2026-06-30 10:01:02] [TASK_4] [INFO]   thay_đổi                       1750
[2026-06-30 10:01:02] [TASK_4] [INFO]   2022                           1464
[2026-06-30 10:01:02] [TASK_4] [INFO]   trái_phiếu                     1449
[2026-06-30 10:01:02] [TASK_4] [INFO]   thông_qua                      1428
[2026-06-30 10:01:02] [TASK_4] [INFO]   dong                           1424
[2026-06-30 10:01:02] [TASK_4] [INFO]   ty                             1363
[2026-06-30 10:01:02] [TASK_4] [INFO]   để                             1347
[2026-06-30 10:01:02] [TASK_4] [INFO]   2024                           1335
[2026-06-30 10:01:02] [TASK_4] [INFO]   phát_hành                      1317
[2026-06-30 10:01:02] [TASK_4] [INFO]   1                              1305
[2026-06-30 10:01:02] [TASK_4] [INFO]   có                             1294
[2026-06-30 10:01:02] [TASK_4] [INFO]   quyết_định                     1292
[2026-06-30 10:01:02] [TASK_4] [INFO]   mua                            1289
[2026-06-30 10:01:02] [TASK_4] [INFO]   công_bố                        1285
[2026-06-30 10:01:02] [TASK_4] [INFO]   2023                           1279
[2026-06-30 10:01:02] [TASK_4] [INFO]   vốn                            1274
[2026-06-30 10:01:02] [TASK_4] [INFO]   tại                            1262
[2026-06-30 10:01:02] [TASK_4] [INFO]   hơn                            1248
[2026-06-30 10:01:02] [TASK_4] [INFO]   chứng_khoán                    1233
[2026-06-30 10:01:02] [TASK_4] [INFO]   nam                            1186
[2026-06-30 10:01:02] [TASK_4] [INFO]   ng                             1185
[2026-06-30 10:01:02] [TASK_4] [INFO]   các                            1175
[2026-06-30 10:01:02] [TASK_4] [INFO] ============================================================
[2026-06-30 10:01:02] [TASK_4] [INFO] ------------------------------------------------------------
[2026-06-30 10:01:02] [TASK_4] [INFO] END TASK_4 — completed in 61.0 seconds
[2026-06-30 10:01:02] [TASK_4] [INFO] Output: data/news/processed/all_news_processed.csv (22704 rows)
[2026-06-30 10:01:02] [TASK_4] [INFO] ============================================================
[2026-06-30 13:08:49] [TASK_4] [INFO] ============================================================
[2026-06-30 13:08:49] [TASK_4] [INFO] START TASK_4: Text Preprocessing (clean, tokenize, deduplicate)
[2026-06-30 13:08:49] [TASK_4] [INFO] Timestamp: 2026-06-30T13:08:49.315079
[2026-06-30 13:08:49] [TASK_4] [INFO] ============================================================
[2026-06-30 13:08:49] [TASK_4] [INFO] Input: data/news/matched/all_news_matched.csv (30431 rows)
[2026-06-30 13:08:51] [TASK_4] [INFO] Starting Text Preprocessing (TASK 4)...
[2026-06-30 13:08:51] [TASK_4] [INFO] Loaded 30422 articles from data/news/matched/all_news_matched.csv.
[2026-06-30 13:08:51] [TASK_4] [INFO] Loaded 23 stopwords from config/stopwords_finance.txt.
[2026-06-30 13:08:51] [TASK_4] [INFO] URL deduplication: 30422 → 28062 (removed 2360 duplicates).
[2026-06-30 13:09:16] [TASK_4] [INFO] Fuzzy title deduplication: 28062 → 22765 (removed 5297 near-duplicates, threshold=90%).
[2026-06-30 13:09:16] [TASK_4] [INFO] Cleaning text...
[2026-06-30 13:09:17] [TASK_4] [INFO] Tokenizing 22765 articles...
[2026-06-30 13:09:17] [TASK_4] [INFO] Using multiprocessing for 22765 articles (threshold=10000).
[2026-06-30 13:09:45] [TASK_4] [INFO] Removing stopwords...
[2026-06-30 13:09:46] [TASK_4] [WARNING] Excluding 68 articles with <5 tokens:
[2026-06-30 13:09:46] [TASK_4] [WARNING]   URL: https://vietnambiz.vn/kido-thau-tom-hung-vuong-plaza-202482310430645.htm
[2026-06-30 13:09:46] [TASK_4] [WARNING]   URL: https://vietnambiz.vn/duc-long-gia-lai-kien-lilama-202483144647773.htm
[2026-06-30 13:09:46] [TASK_4] [WARNING]   URL: https://vietnambiz.vn/doanh-nghiep-duoc-chay-dua-mo-rong-cong-suat-202410214323780.htm
[2026-06-30 13:09:46] [TASK_4] [WARNING]   URL: https://vietnambiz.vn/cong-ty-phuc-son-co-tong-giam-doc-moi-2024101615251538.htm
[2026-06-30 13:09:46] [TASK_4] [WARNING]   URL: https://vietnambiz.vn/cong-ty-misa-co-tong-giam-doc-moi-2024111194455296.htm
[2026-06-30 13:09:46] [TASK_4] [WARNING]   URL: https://vietnambiz.vn/quy-buon-cua-doanh-nghiep-xang-dau-20241031142636877.htm
[2026-06-30 13:09:46] [TASK_4] [WARNING]   URL: https://vietnambiz.vn/vinpearl-tro-thanh-cong-ty-dai-chung-202411168714653.htm
[2026-06-30 13:09:46] [TASK_4] [WARNING]   URL: https://vietnambiz.vn/ocb-bo-nhiem-ke-toan-truong-moi-20241210121111894.htm
[2026-06-30 13:09:46] [TASK_4] [WARNING]   URL: https://vietnambiz.vn/loi-nhuan-acv-lap-ky-luc-2024122122227430.htm
[2026-06-30 13:09:46] [TASK_4] [WARNING]   URL: https://vietnambiz.vn/vissan-co-tong-giam-doc-moi-2024122219346868.htm
[2026-06-30 13:09:46] [TASK_4] [WARNING]   URL: https://vietnambiz.vn/hagl-giai-the-nong-nghiep-kon-thup-20251910362769.htm
[2026-06-30 13:09:46] [TASK_4] [WARNING]   URL: https://vietnambiz.vn/scs-lap-ky-luc-san-luong-202511011058883.htm
[2026-06-30 13:09:46] [TASK_4] [WARNING]   URL: https://vietnambiz.vn/coteccons-sach-no-trai-phieu-202511611121510.htm
[2026-06-30 13:09:46] [TASK_4] [WARNING]   URL: https://vietnambiz.vn/nam-thang-tram-cua-doanh-nghiep-thep-202524152816964.htm
[2026-06-30 13:09:46] [TASK_4] [WARNING]   URL: https://vietnambiz.vn/loi-nhuan-thao-cam-vien-giam-manh-2025215201346295.htm
[2026-06-30 13:09:46] [TASK_4] [WARNING]   URL: https://vietnambiz.vn/bamboo-capital-thay-tong-giam-doc-202522712257395.htm
[2026-06-30 13:09:46] [TASK_4] [WARNING]   URL: https://www.tinnhanhchungkhoan.vn/ngan-hang-hdbank-hdb-hose-post365031.html
[2026-06-30 13:09:46] [TASK_4] [WARNING]   URL: https://www.tinnhanhchungkhoan.vn/ngan-hang-vietcombank-vcb-hose-post365004.html
[2026-06-30 13:09:46] [TASK_4] [WARNING]   URL: https://vietnambiz.vn/lpbank-bo-nhiem-pho-tong-giam-doc-20254212093134.htm
[2026-06-30 13:09:46] [TASK_4] [WARNING]   URL: https://www.tinnhanhchungkhoan.vn/shb-but-pha-tu-noi-luc-post368325.html
[2026-06-30 13:09:46] [TASK_4] [WARNING]   URL: https://www.tinnhanhchungkhoan.vn/fpt-thau-tom-cong-ty-cong-nghe-duc-post368636.html
[2026-06-30 13:09:46] [TASK_4] [WARNING]   URL: https://vietnambiz.vn/becamex-thay-ghe-tong-giam-doc-202562521515505.htm
[2026-06-30 13:09:46] [TASK_4] [WARNING]   URL: https://vietstock.vn/2025/07/mwg-co-hoi-dau-tu-dai-han-582-1327666.htm
[2026-06-30 13:09:46] [TASK_4] [WARNING]   URL: https://www.tinnhanhchungkhoan.vn/acb-tang-truong-ben-vung-theo-thoi-gian-post372514.html
[2026-06-30 13:09:46] [TASK_4] [WARNING]   URL: https://vietstock.vn/2025/07/vietjet-co-giam-doc-dieu-hanh-moi-214-1325436.htm
[2026-06-30 13:09:46] [TASK_4] [WARNING]   URL: https://vietnambiz.vn/lan-song-cat-giam-nhan-su-ngan-hang-202577162332162.htm
[2026-06-30 13:09:46] [TASK_4] [WARNING]   URL: https://vietnambiz.vn/ocb-bo-nhiem-giam-doc-tai-chinh-2025711231420824.htm
[2026-06-30 13:09:46] [TASK_4] [WARNING]   URL: https://vietnambiz.vn/doanh-nghiep-bat-dong-san-quay-lai-thi-truong-202571221541624.htm
[2026-06-30 13:09:46] [TASK_4] [WARNING]   URL: https://vietstock.vn/2025/07/hpg-thong-bao-thay-doi-dia-chi-cong-ty-737-1329814.htm
[2026-06-30 13:09:46] [TASK_4] [WARNING]   URL: https://vietstock.vn/2025/07/ssi-bo-nhiem-ceo-moi-214-1330233.htm
[2026-06-30 13:09:46] [TASK_4] [WARNING]   URL: https://vietnambiz.vn/petrolimex-co-ceo-moi-2025720853396.htm
[2026-06-30 13:09:46] [TASK_4] [WARNING]   URL: https://vietnambiz.vn/ssi-co-tan-tong-giam-doc-202572183423438.htm
[2026-06-30 13:09:46] [TASK_4] [WARNING]   URL: https://vietnambiz.vn/det-may-tng-lai-ky-luc-2025722111918538.htm
[2026-06-30 13:09:46] [TASK_4] [WARNING]   URL: https://vietstock.vn/2025/07/co-phieu-vua-tro-lai-757-1331448.htm
[2026-06-30 13:09:46] [TASK_4] [WARNING]   URL: https://vietnambiz.vn/dong-ruble-tang-gia-manh-loi-bat-cap-hai-20257257654236.htm
[2026-06-30 13:09:46] [TASK_4] [WARNING]   URL: https://vietstock.vn/2025/08/gvr-thong-bao-thay-doi-mau-dau-cong-ty-830-1338793.htm
[2026-06-30 13:09:46] [TASK_4] [WARNING]   URL: https://vietnambiz.vn/duong-day-mua-300000-the-tin-dung-202587205746398.htm
[2026-06-30 13:09:46] [TASK_4] [WARNING]   URL: https://vietstock.vn/2025/08/vre-cbtt-sap-nhap-cong-ty-con-830-1345967.htm
[2026-06-30 13:09:46] [TASK_4] [WARNING]   URL: https://vietstock.vn/2025/09/vjc-thong-bao-thay-doi-mau-dau-cong-ty-830-1354007.htm
[2026-06-30 13:09:46] [TASK_4] [WARNING]   URL: https://vietstock.vn/2025/09/vic-cbtt-thanh-lap-cong-ty-con-830-1354256.htm
[2026-06-30 13:09:46] [TASK_4] [WARNING]   URL: https://vietstock.vn/2025/10/petrolimex-sap-nhap-1-cong-ty-con-764-1358086.htm
[2026-06-30 13:09:46] [TASK_4] [WARNING]   URL: https://vietstock.vn/2025/10/mbb-sua-doi-dieu-le-cong-ty-737-1358783.htm
[2026-06-30 13:09:46] [TASK_4] [WARNING]   URL: https://vietstock.vn/2025/11/ssi-cac-nghi-quyet-hdqt-737-1369449.htm
[2026-06-30 13:09:46] [TASK_4] [WARNING]   URL: https://vietstock.vn/2025/11/ty-phu-pham-nhat-vuong-thanh-lap-vinspace-737-1370172.htm
[2026-06-30 13:09:46] [TASK_4] [WARNING]   URL: https://vietstock.vn/2025/12/vhm-thong-bao-cong-ty-lien-ket-cua-cong-ty-830-1378964.htm
[2026-06-30 13:09:46] [TASK_4] [WARNING]   URL: https://www.tinnhanhchungkhoan.vn/co-phieu-bao-hiem-lech-nhip-post382119.html
[2026-06-30 13:09:46] [TASK_4] [WARNING]   URL: https://vietstock.vn/2026/02/ssi-cong-bo-cap-nhat-dieu-le-cong-ty-737-1400632.htm
[2026-06-30 13:09:46] [TASK_4] [WARNING]   URL: https://vietstock.vn/2026/03/hdb-cbtt-dieu-le-cong-ty-737-1407797.htm
[2026-06-30 13:09:46] [TASK_4] [WARNING]   URL: https://www.tinnhanhchungkhoan.vn/co-phieu-phong-thu-phat-huy-vai-tro-post387263.html
[2026-06-30 13:09:46] [TASK_4] [WARNING]   URL: https://vietstock.vn/2026/03/stb-thong-bao-thay-doi-nhan-su-214-1418605.htm
[2026-06-30 13:09:46] [TASK_4] [WARNING]   URL: https://www.tinnhanhchungkhoan.vn/thanh-khoan-suy-yeu-post387687.html
[2026-06-30 13:09:46] [TASK_4] [WARNING]   URL: https://vietstock.vn/2026/04/ssi-thong-bao-thay-doi-ke-toan-truong-214-1422589.htm
[2026-06-30 13:09:46] [TASK_4] [WARNING]   URL: https://vietstock.vn/2026/04/vic-thong-bao-dinh-chinh-thong-tin-830-1426463.htm
[2026-06-30 13:09:46] [TASK_4] [WARNING]   URL: https://vietstock.vn/2026/04/mwg-dieu-le-cong-ty-737-1430219.htm
[2026-06-30 13:09:46] [TASK_4] [WARNING]   URL: https://vietstock.vn/2026/04/mbb-bien-ban-hop-dhdcd-737-1429892.htm
[2026-06-30 13:09:46] [TASK_4] [WARNING]   URL: https://vietstock.vn/2026/04/mbb-thong-bao-thay-doi-nhan-su-214-1430551.htm
[2026-06-30 13:09:46] [TASK_4] [WARNING]   URL: https://vietstock.vn/2026/04/bvh-bao-cao-tich-hop-2025-830-1431514.htm
[2026-06-30 13:09:46] [TASK_4] [WARNING]   URL: https://vietstock.vn/2026/04/vnm-dieu-le-cong-ty-737-1433085.htm
[2026-06-30 13:09:46] [TASK_4] [WARNING]   URL: https://vietstock.vn/2026/04/plx-thong-bao-thay-doi-nhan-su-214-1435401.htm
[2026-06-30 13:09:46] [TASK_4] [WARNING]   URL: https://vietstock.vn/2026/05/vjc-cong-bo-thong-tin-214-1438200.htm
[2026-06-30 13:09:46] [TASK_4] [WARNING]   URL: https://vietstock.vn/2026/05/tcb-thong-bao-thay-doi-dieu-le-737-1439664.htm
[2026-06-30 13:09:46] [TASK_4] [WARNING]   URL: https://vietstock.vn/2026/05/vcb-dieu-le-cong-ty-sua-doi-2026-737-1444400.htm
[2026-06-30 13:09:46] [TASK_4] [WARNING]   URL: https://vietstock.vn/2026/05/vib-thong-bao-thay-doi-nhan-su-214-1444116.htm
[2026-06-30 13:09:46] [TASK_4] [WARNING]   URL: https://www.tinnhanhchungkhoan.vn/thoi-diem-chon-loc-co-hoi-post390988.html
[2026-06-30 13:09:46] [TASK_4] [WARNING]   URL: https://vietstock.vn/2026/06/gvr-tu-cach-cong-ty-dai-chung-830-1450907.htm
[2026-06-30 13:09:46] [TASK_4] [WARNING]   URL: https://vietstock.vn/2026/06/khi-esop-tien-hoa-764-1453118.htm
[2026-06-30 13:09:46] [TASK_4] [WARNING]   URL: https://vietnambiz.vn/sacombank-doi-tru-so-chinh-202661485117806.htm
[2026-06-30 13:09:46] [TASK_4] [WARNING]   URL: https://vietstock.vn/2026/06/stb-thong-bao-thay-doi-nhan-su-214-1457789.htm
[2026-06-30 13:09:47] [TASK_4] [INFO] Saved 22697 processed articles to data/news/processed/all_news_processed.csv.
[2026-06-30 13:09:47] [TASK_4] [INFO] ============================================================
[2026-06-30 13:09:47] [TASK_4] [INFO] TEXT PREPROCESSING REPORT
[2026-06-30 13:09:47] [TASK_4] [INFO] ============================================================
[2026-06-30 13:09:47] [TASK_4] [INFO] Articles before deduplication : 30422
[2026-06-30 13:09:47] [TASK_4] [INFO] Articles after deduplication  : 22765
[2026-06-30 13:09:47] [TASK_4] [INFO] Articles in final output      : 22697
[2026-06-30 13:09:47] [TASK_4] [INFO] Average token count per article: 19.3
[2026-06-30 13:09:47] [TASK_4] [INFO] 
Top 50 most frequent tokens:
[2026-06-30 13:09:47] [TASK_4] [INFO]   ,                              8404
[2026-06-30 13:09:47] [TASK_4] [INFO]   hđqt                           5027
[2026-06-30 13:09:47] [TASK_4] [INFO]   năm                            4833
[2026-06-30 13:09:47] [TASK_4] [INFO]   về                             4724
[2026-06-30 13:09:47] [TASK_4] [INFO]   thông_báo                      4355
[2026-06-30 13:09:47] [TASK_4] [INFO]   của                            4297
[2026-06-30 13:09:47] [TASK_4] [INFO]   và                             4163
[2026-06-30 13:09:47] [TASK_4] [INFO]   ngân_hàng                      3682
[2026-06-30 13:09:47] [TASK_4] [INFO]   cổ_phần                        3659
[2026-06-30 13:09:47] [TASK_4] [INFO]   nghị_quyết                     3659
[2026-06-30 13:09:47] [TASK_4] [INFO]   việc                           3518
[2026-06-30 13:09:47] [TASK_4] [INFO]   sau                            2909
[2026-06-30 13:09:47] [TASK_4] [INFO]   .                              2866
[2026-06-30 13:09:47] [TASK_4] [INFO]   tỷ                             2755
[2026-06-30 13:09:47] [TASK_4] [INFO]   cổ_phiếu                       2676
[2026-06-30 13:09:47] [TASK_4] [INFO]   việt_nam                       2670
[2026-06-30 13:09:47] [TASK_4] [INFO]   trong                          2620
[2026-06-30 13:09:47] [TASK_4] [INFO]   cho                            2404
[2026-06-30 13:09:47] [TASK_4] [INFO]   giao_dịch                      2359
[2026-06-30 13:09:47] [TASK_4] [INFO]   với                            2331
[2026-06-30 13:09:47] [TASK_4] [INFO]   thương_mại                     2216
[2026-06-30 13:09:47] [TASK_4] [INFO]   tăng                           2099
[2026-06-30 13:09:47] [TASK_4] [INFO]   ngày                           2006
[2026-06-30 13:09:47] [TASK_4] [INFO]   nbsp                           1981
[2026-06-30 13:09:47] [TASK_4] [INFO]   đồng                           1964
[2026-06-30 13:09:47] [TASK_4] [INFO]   %                              1886
[2026-06-30 13:09:47] [TASK_4] [INFO]   như                            1844
[2026-06-30 13:09:47] [TASK_4] [INFO]   2025                           1781
[2026-06-30 13:09:47] [TASK_4] [INFO]   thay_đổi                       1750
[2026-06-30 13:09:47] [TASK_4] [INFO]   2022                           1464
[2026-06-30 13:09:47] [TASK_4] [INFO]   trái_phiếu                     1449
[2026-06-30 13:09:47] [TASK_4] [INFO]   thông_qua                      1428
[2026-06-30 13:09:47] [TASK_4] [INFO]   dong                           1424
[2026-06-30 13:09:47] [TASK_4] [INFO]   ty                             1363
[2026-06-30 13:09:47] [TASK_4] [INFO]   để                             1347
[2026-06-30 13:09:47] [TASK_4] [INFO]   2024                           1335
[2026-06-30 13:09:47] [TASK_4] [INFO]   phát_hành                      1317
[2026-06-30 13:09:47] [TASK_4] [INFO]   1                              1305
[2026-06-30 13:09:47] [TASK_4] [INFO]   có                             1294
[2026-06-30 13:09:47] [TASK_4] [INFO]   quyết_định                     1292
[2026-06-30 13:09:47] [TASK_4] [INFO]   mua                            1289
[2026-06-30 13:09:47] [TASK_4] [INFO]   công_bố                        1285
[2026-06-30 13:09:47] [TASK_4] [INFO]   2023                           1279
[2026-06-30 13:09:47] [TASK_4] [INFO]   vốn                            1274
[2026-06-30 13:09:47] [TASK_4] [INFO]   tại                            1262
[2026-06-30 13:09:47] [TASK_4] [INFO]   hơn                            1248
[2026-06-30 13:09:47] [TASK_4] [INFO]   chứng_khoán                    1233
[2026-06-30 13:09:47] [TASK_4] [INFO]   nam                            1186
[2026-06-30 13:09:47] [TASK_4] [INFO]   ng                             1185
[2026-06-30 13:09:47] [TASK_4] [INFO]   các                            1175
[2026-06-30 13:09:47] [TASK_4] [INFO] ============================================================
[2026-06-30 13:09:47] [TASK_4] [INFO] ------------------------------------------------------------
[2026-06-30 13:09:47] [TASK_4] [INFO] END TASK_4 — completed in 57.9 seconds
[2026-06-30 13:09:47] [TASK_4] [INFO] Output: data/news/processed/all_news_processed.csv (22704 rows)
[2026-06-30 13:09:47] [TASK_4] [INFO] ============================================================
[2026-06-30 13:10:09] [TASK_4] [INFO] ============================================================
[2026-06-30 13:10:09] [TASK_4] [INFO] START TASK_4: Text Preprocessing (clean, tokenize, deduplicate)
[2026-06-30 13:10:09] [TASK_4] [INFO] Timestamp: 2026-06-30T13:10:09.396854
[2026-06-30 13:10:09] [TASK_4] [INFO] ============================================================
[2026-06-30 13:10:09] [TASK_4] [INFO] Input: data/news/matched/all_news_matched.csv (30431 rows)
[2026-06-30 13:10:10] [TASK_4] [INFO] Starting Text Preprocessing (TASK 4)...
[2026-06-30 13:10:10] [TASK_4] [INFO] Loaded 30422 articles from data/news/matched/all_news_matched.csv.
[2026-06-30 13:10:10] [TASK_4] [INFO] Loaded 23 stopwords from config/stopwords_finance.txt.
[2026-06-30 13:10:10] [TASK_4] [INFO] URL deduplication: 30422 → 28062 (removed 2360 duplicates).
[2026-06-30 13:10:35] [TASK_4] [INFO] Fuzzy title deduplication: 28062 → 22765 (removed 5297 near-duplicates, threshold=90%).
[2026-06-30 13:10:35] [TASK_4] [INFO] Cleaning text...
[2026-06-30 13:10:36] [TASK_4] [INFO] Tokenizing 22765 articles...
[2026-06-30 13:10:36] [TASK_4] [INFO] Using multiprocessing for 22765 articles (threshold=10000).
[2026-06-30 13:11:00] [TASK_4] [INFO] Removing stopwords...
[2026-06-30 13:11:01] [TASK_4] [WARNING] Excluding 68 articles with <5 tokens:
[2026-06-30 13:11:01] [TASK_4] [WARNING]   URL: https://vietnambiz.vn/kido-thau-tom-hung-vuong-plaza-202482310430645.htm
[2026-06-30 13:11:01] [TASK_4] [WARNING]   URL: https://vietnambiz.vn/duc-long-gia-lai-kien-lilama-202483144647773.htm
[2026-06-30 13:11:01] [TASK_4] [WARNING]   URL: https://vietnambiz.vn/doanh-nghiep-duoc-chay-dua-mo-rong-cong-suat-202410214323780.htm
[2026-06-30 13:11:01] [TASK_4] [WARNING]   URL: https://vietnambiz.vn/cong-ty-phuc-son-co-tong-giam-doc-moi-2024101615251538.htm
[2026-06-30 13:11:01] [TASK_4] [WARNING]   URL: https://vietnambiz.vn/cong-ty-misa-co-tong-giam-doc-moi-2024111194455296.htm
[2026-06-30 13:11:01] [TASK_4] [WARNING]   URL: https://vietnambiz.vn/quy-buon-cua-doanh-nghiep-xang-dau-20241031142636877.htm
[2026-06-30 13:11:01] [TASK_4] [WARNING]   URL: https://vietnambiz.vn/vinpearl-tro-thanh-cong-ty-dai-chung-202411168714653.htm
[2026-06-30 13:11:01] [TASK_4] [WARNING]   URL: https://vietnambiz.vn/ocb-bo-nhiem-ke-toan-truong-moi-20241210121111894.htm
[2026-06-30 13:11:01] [TASK_4] [WARNING]   URL: https://vietnambiz.vn/loi-nhuan-acv-lap-ky-luc-2024122122227430.htm
[2026-06-30 13:11:01] [TASK_4] [WARNING]   URL: https://vietnambiz.vn/vissan-co-tong-giam-doc-moi-2024122219346868.htm
[2026-06-30 13:11:01] [TASK_4] [WARNING]   URL: https://vietnambiz.vn/hagl-giai-the-nong-nghiep-kon-thup-20251910362769.htm
[2026-06-30 13:11:01] [TASK_4] [WARNING]   URL: https://vietnambiz.vn/scs-lap-ky-luc-san-luong-202511011058883.htm
[2026-06-30 13:11:01] [TASK_4] [WARNING]   URL: https://vietnambiz.vn/coteccons-sach-no-trai-phieu-202511611121510.htm
[2026-06-30 13:11:01] [TASK_4] [WARNING]   URL: https://vietnambiz.vn/nam-thang-tram-cua-doanh-nghiep-thep-202524152816964.htm
[2026-06-30 13:11:01] [TASK_4] [WARNING]   URL: https://vietnambiz.vn/loi-nhuan-thao-cam-vien-giam-manh-2025215201346295.htm
[2026-06-30 13:11:01] [TASK_4] [WARNING]   URL: https://vietnambiz.vn/bamboo-capital-thay-tong-giam-doc-202522712257395.htm
[2026-06-30 13:11:01] [TASK_4] [WARNING]   URL: https://www.tinnhanhchungkhoan.vn/ngan-hang-hdbank-hdb-hose-post365031.html
[2026-06-30 13:11:01] [TASK_4] [WARNING]   URL: https://www.tinnhanhchungkhoan.vn/ngan-hang-vietcombank-vcb-hose-post365004.html
[2026-06-30 13:11:01] [TASK_4] [WARNING]   URL: https://vietnambiz.vn/lpbank-bo-nhiem-pho-tong-giam-doc-20254212093134.htm
[2026-06-30 13:11:01] [TASK_4] [WARNING]   URL: https://www.tinnhanhchungkhoan.vn/shb-but-pha-tu-noi-luc-post368325.html
[2026-06-30 13:11:01] [TASK_4] [WARNING]   URL: https://www.tinnhanhchungkhoan.vn/fpt-thau-tom-cong-ty-cong-nghe-duc-post368636.html
[2026-06-30 13:11:01] [TASK_4] [WARNING]   URL: https://vietnambiz.vn/becamex-thay-ghe-tong-giam-doc-202562521515505.htm
[2026-06-30 13:11:01] [TASK_4] [WARNING]   URL: https://vietstock.vn/2025/07/mwg-co-hoi-dau-tu-dai-han-582-1327666.htm
[2026-06-30 13:11:01] [TASK_4] [WARNING]   URL: https://www.tinnhanhchungkhoan.vn/acb-tang-truong-ben-vung-theo-thoi-gian-post372514.html
[2026-06-30 13:11:01] [TASK_4] [WARNING]   URL: https://vietstock.vn/2025/07/vietjet-co-giam-doc-dieu-hanh-moi-214-1325436.htm
[2026-06-30 13:11:01] [TASK_4] [WARNING]   URL: https://vietnambiz.vn/lan-song-cat-giam-nhan-su-ngan-hang-202577162332162.htm
[2026-06-30 13:11:01] [TASK_4] [WARNING]   URL: https://vietnambiz.vn/ocb-bo-nhiem-giam-doc-tai-chinh-2025711231420824.htm
[2026-06-30 13:11:01] [TASK_4] [WARNING]   URL: https://vietnambiz.vn/doanh-nghiep-bat-dong-san-quay-lai-thi-truong-202571221541624.htm
[2026-06-30 13:11:01] [TASK_4] [WARNING]   URL: https://vietstock.vn/2025/07/hpg-thong-bao-thay-doi-dia-chi-cong-ty-737-1329814.htm
[2026-06-30 13:11:01] [TASK_4] [WARNING]   URL: https://vietstock.vn/2025/07/ssi-bo-nhiem-ceo-moi-214-1330233.htm
[2026-06-30 13:11:01] [TASK_4] [WARNING]   URL: https://vietnambiz.vn/petrolimex-co-ceo-moi-2025720853396.htm
[2026-06-30 13:11:01] [TASK_4] [WARNING]   URL: https://vietnambiz.vn/ssi-co-tan-tong-giam-doc-202572183423438.htm
[2026-06-30 13:11:01] [TASK_4] [WARNING]   URL: https://vietnambiz.vn/det-may-tng-lai-ky-luc-2025722111918538.htm
[2026-06-30 13:11:01] [TASK_4] [WARNING]   URL: https://vietstock.vn/2025/07/co-phieu-vua-tro-lai-757-1331448.htm
[2026-06-30 13:11:01] [TASK_4] [WARNING]   URL: https://vietnambiz.vn/dong-ruble-tang-gia-manh-loi-bat-cap-hai-20257257654236.htm
[2026-06-30 13:11:01] [TASK_4] [WARNING]   URL: https://vietstock.vn/2025/08/gvr-thong-bao-thay-doi-mau-dau-cong-ty-830-1338793.htm
[2026-06-30 13:11:01] [TASK_4] [WARNING]   URL: https://vietnambiz.vn/duong-day-mua-300000-the-tin-dung-202587205746398.htm
[2026-06-30 13:11:01] [TASK_4] [WARNING]   URL: https://vietstock.vn/2025/08/vre-cbtt-sap-nhap-cong-ty-con-830-1345967.htm
[2026-06-30 13:11:01] [TASK_4] [WARNING]   URL: https://vietstock.vn/2025/09/vjc-thong-bao-thay-doi-mau-dau-cong-ty-830-1354007.htm
[2026-06-30 13:11:01] [TASK_4] [WARNING]   URL: https://vietstock.vn/2025/09/vic-cbtt-thanh-lap-cong-ty-con-830-1354256.htm
[2026-06-30 13:11:01] [TASK_4] [WARNING]   URL: https://vietstock.vn/2025/10/petrolimex-sap-nhap-1-cong-ty-con-764-1358086.htm
[2026-06-30 13:11:01] [TASK_4] [WARNING]   URL: https://vietstock.vn/2025/10/mbb-sua-doi-dieu-le-cong-ty-737-1358783.htm
[2026-06-30 13:11:01] [TASK_4] [WARNING]   URL: https://vietstock.vn/2025/11/ssi-cac-nghi-quyet-hdqt-737-1369449.htm
[2026-06-30 13:11:01] [TASK_4] [WARNING]   URL: https://vietstock.vn/2025/11/ty-phu-pham-nhat-vuong-thanh-lap-vinspace-737-1370172.htm
[2026-06-30 13:11:01] [TASK_4] [WARNING]   URL: https://vietstock.vn/2025/12/vhm-thong-bao-cong-ty-lien-ket-cua-cong-ty-830-1378964.htm
[2026-06-30 13:11:01] [TASK_4] [WARNING]   URL: https://www.tinnhanhchungkhoan.vn/co-phieu-bao-hiem-lech-nhip-post382119.html
[2026-06-30 13:11:01] [TASK_4] [WARNING]   URL: https://vietstock.vn/2026/02/ssi-cong-bo-cap-nhat-dieu-le-cong-ty-737-1400632.htm
[2026-06-30 13:11:01] [TASK_4] [WARNING]   URL: https://vietstock.vn/2026/03/hdb-cbtt-dieu-le-cong-ty-737-1407797.htm
[2026-06-30 13:11:01] [TASK_4] [WARNING]   URL: https://www.tinnhanhchungkhoan.vn/co-phieu-phong-thu-phat-huy-vai-tro-post387263.html
[2026-06-30 13:11:01] [TASK_4] [WARNING]   URL: https://vietstock.vn/2026/03/stb-thong-bao-thay-doi-nhan-su-214-1418605.htm
[2026-06-30 13:11:01] [TASK_4] [WARNING]   URL: https://www.tinnhanhchungkhoan.vn/thanh-khoan-suy-yeu-post387687.html
[2026-06-30 13:11:01] [TASK_4] [WARNING]   URL: https://vietstock.vn/2026/04/ssi-thong-bao-thay-doi-ke-toan-truong-214-1422589.htm
[2026-06-30 13:11:01] [TASK_4] [WARNING]   URL: https://vietstock.vn/2026/04/vic-thong-bao-dinh-chinh-thong-tin-830-1426463.htm
[2026-06-30 13:11:01] [TASK_4] [WARNING]   URL: https://vietstock.vn/2026/04/mwg-dieu-le-cong-ty-737-1430219.htm
[2026-06-30 13:11:01] [TASK_4] [WARNING]   URL: https://vietstock.vn/2026/04/mbb-bien-ban-hop-dhdcd-737-1429892.htm
[2026-06-30 13:11:01] [TASK_4] [WARNING]   URL: https://vietstock.vn/2026/04/mbb-thong-bao-thay-doi-nhan-su-214-1430551.htm
[2026-06-30 13:11:01] [TASK_4] [WARNING]   URL: https://vietstock.vn/2026/04/bvh-bao-cao-tich-hop-2025-830-1431514.htm
[2026-06-30 13:11:01] [TASK_4] [WARNING]   URL: https://vietstock.vn/2026/04/vnm-dieu-le-cong-ty-737-1433085.htm
[2026-06-30 13:11:01] [TASK_4] [WARNING]   URL: https://vietstock.vn/2026/04/plx-thong-bao-thay-doi-nhan-su-214-1435401.htm
[2026-06-30 13:11:01] [TASK_4] [WARNING]   URL: https://vietstock.vn/2026/05/vjc-cong-bo-thong-tin-214-1438200.htm
[2026-06-30 13:11:01] [TASK_4] [WARNING]   URL: https://vietstock.vn/2026/05/tcb-thong-bao-thay-doi-dieu-le-737-1439664.htm
[2026-06-30 13:11:01] [TASK_4] [WARNING]   URL: https://vietstock.vn/2026/05/vcb-dieu-le-cong-ty-sua-doi-2026-737-1444400.htm
[2026-06-30 13:11:01] [TASK_4] [WARNING]   URL: https://vietstock.vn/2026/05/vib-thong-bao-thay-doi-nhan-su-214-1444116.htm
[2026-06-30 13:11:01] [TASK_4] [WARNING]   URL: https://www.tinnhanhchungkhoan.vn/thoi-diem-chon-loc-co-hoi-post390988.html
[2026-06-30 13:11:01] [TASK_4] [WARNING]   URL: https://vietstock.vn/2026/06/gvr-tu-cach-cong-ty-dai-chung-830-1450907.htm
[2026-06-30 13:11:01] [TASK_4] [WARNING]   URL: https://vietstock.vn/2026/06/khi-esop-tien-hoa-764-1453118.htm
[2026-06-30 13:11:01] [TASK_4] [WARNING]   URL: https://vietnambiz.vn/sacombank-doi-tru-so-chinh-202661485117806.htm
[2026-06-30 13:11:01] [TASK_4] [WARNING]   URL: https://vietstock.vn/2026/06/stb-thong-bao-thay-doi-nhan-su-214-1457789.htm
[2026-06-30 13:11:02] [TASK_4] [INFO] Saved 22697 processed articles to data/news/processed/all_news_processed.csv.
[2026-06-30 13:11:02] [TASK_4] [INFO] ============================================================
[2026-06-30 13:11:02] [TASK_4] [INFO] TEXT PREPROCESSING REPORT
[2026-06-30 13:11:02] [TASK_4] [INFO] ============================================================
[2026-06-30 13:11:02] [TASK_4] [INFO] Articles before deduplication : 30422
[2026-06-30 13:11:02] [TASK_4] [INFO] Articles after deduplication  : 22765
[2026-06-30 13:11:02] [TASK_4] [INFO] Articles in final output      : 22697
[2026-06-30 13:11:02] [TASK_4] [INFO] Average token count per article: 19.3
[2026-06-30 13:11:02] [TASK_4] [INFO] 
Top 50 most frequent tokens:
[2026-06-30 13:11:02] [TASK_4] [INFO]   ,                              8404
[2026-06-30 13:11:02] [TASK_4] [INFO]   hđqt                           5027
[2026-06-30 13:11:02] [TASK_4] [INFO]   năm                            4833
[2026-06-30 13:11:02] [TASK_4] [INFO]   về                             4724
[2026-06-30 13:11:02] [TASK_4] [INFO]   thông_báo                      4355
[2026-06-30 13:11:02] [TASK_4] [INFO]   của                            4297
[2026-06-30 13:11:02] [TASK_4] [INFO]   và                             4163
[2026-06-30 13:11:02] [TASK_4] [INFO]   ngân_hàng                      3682
[2026-06-30 13:11:02] [TASK_4] [INFO]   cổ_phần                        3659
[2026-06-30 13:11:02] [TASK_4] [INFO]   nghị_quyết                     3659
[2026-06-30 13:11:02] [TASK_4] [INFO]   việc                           3518
[2026-06-30 13:11:02] [TASK_4] [INFO]   sau                            2909
[2026-06-30 13:11:02] [TASK_4] [INFO]   .                              2866
[2026-06-30 13:11:02] [TASK_4] [INFO]   tỷ                             2755
[2026-06-30 13:11:02] [TASK_4] [INFO]   cổ_phiếu                       2676
[2026-06-30 13:11:02] [TASK_4] [INFO]   việt_nam                       2670
[2026-06-30 13:11:02] [TASK_4] [INFO]   trong                          2620
[2026-06-30 13:11:02] [TASK_4] [INFO]   cho                            2404
[2026-06-30 13:11:02] [TASK_4] [INFO]   giao_dịch                      2359
[2026-06-30 13:11:02] [TASK_4] [INFO]   với                            2331
[2026-06-30 13:11:02] [TASK_4] [INFO]   thương_mại                     2216
[2026-06-30 13:11:02] [TASK_4] [INFO]   tăng                           2099
[2026-06-30 13:11:02] [TASK_4] [INFO]   ngày                           2006
[2026-06-30 13:11:02] [TASK_4] [INFO]   nbsp                           1981
[2026-06-30 13:11:02] [TASK_4] [INFO]   đồng                           1964
[2026-06-30 13:11:02] [TASK_4] [INFO]   %                              1886
[2026-06-30 13:11:02] [TASK_4] [INFO]   như                            1844
[2026-06-30 13:11:02] [TASK_4] [INFO]   2025                           1781
[2026-06-30 13:11:02] [TASK_4] [INFO]   thay_đổi                       1750
[2026-06-30 13:11:02] [TASK_4] [INFO]   2022                           1464
[2026-06-30 13:11:02] [TASK_4] [INFO]   trái_phiếu                     1449
[2026-06-30 13:11:02] [TASK_4] [INFO]   thông_qua                      1428
[2026-06-30 13:11:02] [TASK_4] [INFO]   dong                           1424
[2026-06-30 13:11:02] [TASK_4] [INFO]   ty                             1363
[2026-06-30 13:11:02] [TASK_4] [INFO]   để                             1347
[2026-06-30 13:11:02] [TASK_4] [INFO]   2024                           1335
[2026-06-30 13:11:02] [TASK_4] [INFO]   phát_hành                      1317
[2026-06-30 13:11:02] [TASK_4] [INFO]   1                              1305
[2026-06-30 13:11:02] [TASK_4] [INFO]   có                             1294
[2026-06-30 13:11:02] [TASK_4] [INFO]   quyết_định                     1292
[2026-06-30 13:11:02] [TASK_4] [INFO]   mua                            1289
[2026-06-30 13:11:02] [TASK_4] [INFO]   công_bố                        1285
[2026-06-30 13:11:02] [TASK_4] [INFO]   2023                           1279
[2026-06-30 13:11:02] [TASK_4] [INFO]   vốn                            1274
[2026-06-30 13:11:02] [TASK_4] [INFO]   tại                            1262
[2026-06-30 13:11:02] [TASK_4] [INFO]   hơn                            1248
[2026-06-30 13:11:02] [TASK_4] [INFO]   chứng_khoán                    1233
[2026-06-30 13:11:02] [TASK_4] [INFO]   nam                            1186
[2026-06-30 13:11:02] [TASK_4] [INFO]   ng                             1185
[2026-06-30 13:11:02] [TASK_4] [INFO]   các                            1175
[2026-06-30 13:11:02] [TASK_4] [INFO] ============================================================
[2026-06-30 13:11:02] [TASK_4] [INFO] ------------------------------------------------------------
[2026-06-30 13:11:02] [TASK_4] [INFO] END TASK_4 — completed in 53.2 seconds
[2026-06-30 13:11:02] [TASK_4] [INFO] Output: data/news/processed/all_news_processed.csv (22704 rows)
[2026-06-30 13:11:02] [TASK_4] [INFO] ============================================================
[2026-06-30 16:34:51] [TASK_4] [INFO] Starting Text Preprocessing (TASK 4)...
[2026-06-30 16:34:51] [TASK_4] [INFO] Loaded 52790 articles from data/news/matched/all_news_matched.csv.
[2026-06-30 16:34:51] [TASK_4] [INFO] Loaded 23 stopwords from config/stopwords_finance.txt.
[2026-06-30 16:34:51] [TASK_4] [INFO] URL deduplication: 52790 → 45968 (removed 6822 duplicates).
[2026-06-30 16:35:28] [TASK_4] [INFO] Fuzzy title deduplication: 45968 → 35158 (removed 10810 near-duplicates, threshold=90%).
[2026-06-30 16:35:28] [TASK_4] [INFO] Cleaning text...
[2026-06-30 16:35:30] [TASK_4] [INFO] Tokenizing 35158 articles...
[2026-06-30 16:35:30] [TASK_4] [INFO] Using multiprocessing for 35158 articles (threshold=10000).
[2026-06-30 16:35:58] [TASK_4] [INFO] Removing stopwords...
[2026-06-30 16:35:59] [TASK_4] [WARNING] Excluding 192 articles with <5 tokens:
[2026-06-30 16:35:59] [TASK_4] [WARNING]   URL: https://vietnambiz.vn/kido-thau-tom-hung-vuong-plaza-202482310430645.htm
[2026-06-30 16:35:59] [TASK_4] [WARNING]   URL: https://vietnambiz.vn/duc-long-gia-lai-kien-lilama-202483144647773.htm
[2026-06-30 16:35:59] [TASK_4] [WARNING]   URL: https://vietnambiz.vn/doanh-nghiep-duoc-chay-dua-mo-rong-cong-suat-202410214323780.htm
[2026-06-30 16:35:59] [TASK_4] [WARNING]   URL: https://vietnambiz.vn/cong-ty-phuc-son-co-tong-giam-doc-moi-2024101615251538.htm
[2026-06-30 16:35:59] [TASK_4] [WARNING]   URL: https://vietnambiz.vn/quy-buon-cua-doanh-nghiep-xang-dau-20241031142636877.htm
[2026-06-30 16:35:59] [TASK_4] [WARNING]   URL: https://vietnambiz.vn/cong-ty-misa-co-tong-giam-doc-moi-2024111194455296.htm
[2026-06-30 16:35:59] [TASK_4] [WARNING]   URL: https://vietnambiz.vn/vinpearl-tro-thanh-cong-ty-dai-chung-202411168714653.htm
[2026-06-30 16:35:59] [TASK_4] [WARNING]   URL: https://vietnambiz.vn/ocb-bo-nhiem-ke-toan-truong-moi-20241210121111894.htm
[2026-06-30 16:35:59] [TASK_4] [WARNING]   URL: https://vietnambiz.vn/loi-nhuan-acv-lap-ky-luc-2024122122227430.htm
[2026-06-30 16:35:59] [TASK_4] [WARNING]   URL: https://vietnambiz.vn/vissan-co-tong-giam-doc-moi-2024122219346868.htm
[2026-06-30 16:35:59] [TASK_4] [WARNING]   URL: https://vietnambiz.vn/hagl-giai-the-nong-nghiep-kon-thup-20251910362769.htm
[2026-06-30 16:35:59] [TASK_4] [WARNING]   URL: https://vietnambiz.vn/scs-lap-ky-luc-san-luong-202511011058883.htm
[2026-06-30 16:35:59] [TASK_4] [WARNING]   URL: https://vietnambiz.vn/coteccons-sach-no-trai-phieu-202511611121510.htm
[2026-06-30 16:35:59] [TASK_4] [WARNING]   URL: https://vietnambiz.vn/nam-thang-tram-cua-doanh-nghiep-thep-202524152816964.htm
[2026-06-30 16:35:59] [TASK_4] [WARNING]   URL: https://vietnambiz.vn/loi-nhuan-thao-cam-vien-giam-manh-2025215201346295.htm
[2026-06-30 16:35:59] [TASK_4] [WARNING]   URL: https://vietnambiz.vn/bamboo-capital-thay-tong-giam-doc-202522712257395.htm
[2026-06-30 16:35:59] [TASK_4] [WARNING]   URL: https://www.tinnhanhchungkhoan.vn/ngan-hang-hdbank-hdb-hose-post365031.html
[2026-06-30 16:35:59] [TASK_4] [WARNING]   URL: https://www.tinnhanhchungkhoan.vn/ngan-hang-vietcombank-vcb-hose-post365004.html
[2026-06-30 16:35:59] [TASK_4] [WARNING]   URL: https://www.tinnhanhchungkhoan.vn/thi-truong-dieu-chinh-post365608.html
[2026-06-30 16:35:59] [TASK_4] [WARNING]   URL: https://vietnambiz.vn/lpbank-bo-nhiem-pho-tong-giam-doc-20254212093134.htm
[2026-06-30 16:35:59] [TASK_4] [WARNING]   URL: https://cafef.vn/du-lieu/ABB-2186427/abb-dieu-le-cong-ty.chn
[2026-06-30 16:35:59] [TASK_4] [WARNING]   URL: https://www.tinnhanhchungkhoan.vn/shb-but-pha-tu-noi-luc-post368325.html
[2026-06-30 16:35:59] [TASK_4] [WARNING]   URL: https://www.tinnhanhchungkhoan.vn/fpt-thau-tom-cong-ty-cong-nghe-duc-post368636.html
[2026-06-30 16:35:59] [TASK_4] [WARNING]   URL: https://vietnambiz.vn/becamex-thay-ghe-tong-giam-doc-202562521515505.htm
[2026-06-30 16:35:59] [TASK_4] [WARNING]   URL: https://vietstock.vn/2025/06/eib-thong-bao-thay-doi-nhan-su-cong-ty-214-1323153.htm
[2026-06-30 16:35:59] [TASK_4] [WARNING]   URL: https://vietstock.vn/2025/07/mwg-co-hoi-dau-tu-dai-han-582-1327666.htm
[2026-06-30 16:35:59] [TASK_4] [WARNING]   URL: https://vietstock.vn/2025/07/dxg-quyet-dinh-thay-doi-niem-yet-741-1324179.htm
[2026-06-30 16:35:59] [TASK_4] [WARNING]   URL: https://vietstock.vn/2025/07/mbs-nghi-quyet-hoi-dong-quan-tri-737-1325027.htm
[2026-06-30 16:35:59] [TASK_4] [WARNING]   URL: https://www.tinnhanhchungkhoan.vn/acb-tang-truong-ben-vung-theo-thoi-gian-post372514.html
[2026-06-30 16:35:59] [TASK_4] [WARNING]   URL: https://vietstock.vn/2025/07/vietjet-co-giam-doc-dieu-hanh-moi-214-1325436.htm
[2026-06-30 16:35:59] [TASK_4] [WARNING]   URL: https://vietnambiz.vn/lan-song-cat-giam-nhan-su-ngan-hang-202577162332162.htm
[2026-06-30 16:35:59] [TASK_4] [WARNING]   URL: https://vietstock.vn/2025/07/vbb-nghi-quyet-hoi-dong-quan-tri-737-1327546.htm
[2026-06-30 16:35:59] [TASK_4] [WARNING]   URL: https://vietnambiz.vn/ocb-bo-nhiem-giam-doc-tai-chinh-2025711231420824.htm
[2026-06-30 16:35:59] [TASK_4] [WARNING]   URL: https://vietnambiz.vn/doanh-nghiep-bat-dong-san-quay-lai-thi-truong-202571221541624.htm
[2026-06-30 16:35:59] [TASK_4] [WARNING]   URL: https://vietstock.vn/2025/07/hdb-thong-bao-thay-doi-mau-dau-cong-ty-830-1328986.htm
[2026-06-30 16:35:59] [TASK_4] [WARNING]   URL: https://vietstock.vn/2025/07/hpg-thong-bao-thay-doi-dia-chi-cong-ty-737-1329814.htm
[2026-06-30 16:35:59] [TASK_4] [WARNING]   URL: https://vietstock.vn/2025/07/co-phieu-vua-tro-lai-757-1331448.htm
[2026-06-30 16:35:59] [TASK_4] [WARNING]   URL: https://vietstock.vn/2025/07/ssi-bo-nhiem-ceo-moi-214-1330233.htm
[2026-06-30 16:35:59] [TASK_4] [WARNING]   URL: https://vietnambiz.vn/petrolimex-co-ceo-moi-2025720853396.htm
[2026-06-30 16:35:59] [TASK_4] [WARNING]   URL: https://vietnambiz.vn/ssi-co-tan-tong-giam-doc-202572183423438.htm
[2026-06-30 16:35:59] [TASK_4] [WARNING]   URL: https://vietstock.vn/2025/07/vbb-dieu-le-ngan-hang-sua-doi-737-1331153.htm
[2026-06-30 16:35:59] [TASK_4] [WARNING]   URL: https://vietnambiz.vn/det-may-tng-lai-ky-luc-2025722111918538.htm
[2026-06-30 16:35:59] [TASK_4] [WARNING]   URL: https://vietstock.vn/2025/07/pgb-nghi-quyet-hoi-dong-quan-tri-737-1332416.htm
[2026-06-30 16:35:59] [TASK_4] [WARNING]   URL: https://vietnambiz.vn/dong-ruble-tang-gia-manh-loi-bat-cap-hai-20257257654236.htm
[2026-06-30 16:35:59] [TASK_4] [WARNING]   URL: https://vietstock.vn/2025/07/stb-thong-bao-thay-doi-con-dau-cong-ty-830-1334591.htm
[2026-06-30 16:35:59] [TASK_4] [WARNING]   URL: https://vietstock.vn/2025/08/gvr-thong-bao-thay-doi-mau-dau-cong-ty-830-1338793.htm
[2026-06-30 16:35:59] [TASK_4] [WARNING]   URL: https://vietstock.vn/2025/08/klb-nghi-quyet-hoi-dong-quan-tri-737-1338313.htm
[2026-06-30 16:35:59] [TASK_4] [WARNING]   URL: https://vietstock.vn/2025/08/vbb-thong-bao-thay-doi-nhan-su-cong-ty-214-1337994.htm
[2026-06-30 16:35:59] [TASK_4] [WARNING]   URL: https://vietnambiz.vn/duong-day-mua-300000-the-tin-dung-202587205746398.htm
[2026-06-30 16:35:59] [TASK_4] [WARNING]   URL: https://vietstock.vn/2025/08/abb-nghi-quyet-hoi-dong-quan-tri-737-1340906.htm
[2026-06-30 16:35:59] [TASK_4] [WARNING]   URL: https://vietstock.vn/2025/08/vre-cbtt-sap-nhap-cong-ty-con-830-1345967.htm
[2026-06-30 16:35:59] [TASK_4] [WARNING]   URL: https://vietstock.vn/2025/08/ppc-thong-bao-thay-doi-nhan-su-cong-ty-214-1341518.htm
[2026-06-30 16:35:59] [TASK_4] [WARNING]   URL: https://vietstock.vn/2025/08/hsg-cbtt-thay-doi-con-dau-830-1343019.htm
[2026-06-30 16:35:59] [TASK_4] [WARNING]   URL: https://vietstock.vn/2025/08/hah-cbtt-thanh-lap-cong-ty-lien-ket-830-1345536.htm
[2026-06-30 16:35:59] [TASK_4] [WARNING]   URL: https://vietstock.vn/2025/08/cmg-thong-bao-thay-doi-mau-dau-cong-ty-830-1343714.htm
[2026-06-30 16:35:59] [TASK_4] [WARNING]   URL: https://vietstock.vn/2025/08/abb-nghi-quyet-hoi-dong-quan-tri-737-1343852.htm
[2026-06-30 16:35:59] [TASK_4] [WARNING]   URL: https://www.tinnhanhchungkhoan.vn/ap-luc-dieu-chinh-post375373.html
[2026-06-30 16:35:59] [TASK_4] [WARNING]   URL: https://vietstock.vn/2025/08/scr-cbtt-nang-cap-website-830-1346800.htm
[2026-06-30 16:35:59] [TASK_4] [WARNING]   URL: https://vietstock.vn/2025/09/pgb-nghi-quyet-hoi-dong-quan-tri-737-1352270.htm
[2026-06-30 16:35:59] [TASK_4] [WARNING]   URL: https://vietstock.vn/2025/09/phr-thong-bao-thay-doi-mau-dau-cong-ty-830-1353520.htm
[2026-06-30 16:35:59] [TASK_4] [WARNING]   URL: https://vietstock.vn/2025/09/vbb-nghi-quyet-hoi-dong-quan-tri-737-1352622.htm
[2026-06-30 16:35:59] [TASK_4] [WARNING]   URL: https://vietstock.vn/2025/09/abb-quyet-dinh-hoi-dong-quan-tri-830-1353915.htm
[2026-06-30 16:35:59] [TASK_4] [WARNING]   URL: https://vietstock.vn/2025/09/vjc-thong-bao-thay-doi-mau-dau-cong-ty-830-1354007.htm
[2026-06-30 16:35:59] [TASK_4] [WARNING]   URL: https://vietstock.vn/2025/09/ocb-dieu-le-cong-ty-737-1354066.htm
[2026-06-30 16:35:59] [TASK_4] [WARNING]   URL: https://vietstock.vn/2025/09/vic-cbtt-thanh-lap-cong-ty-con-830-1354256.htm
[2026-06-30 16:35:59] [TASK_4] [WARNING]   URL: https://vietstock.vn/2025/10/mch-nghi-quyet-hoi-dong-quan-tri-737-1357614.htm
[2026-06-30 16:35:59] [TASK_4] [WARNING]   URL: https://vietstock.vn/2025/10/vbb-thong-bao-thay-doi-nhan-su-cong-ty-214-1358090.htm
[2026-06-30 16:35:59] [TASK_4] [WARNING]   URL: https://vietstock.vn/2025/10/petrolimex-sap-nhap-1-cong-ty-con-764-1358086.htm
[2026-06-30 16:35:59] [TASK_4] [WARNING]   URL: https://vietstock.vn/2025/10/mbb-sua-doi-dieu-le-cong-ty-737-1358783.htm
[2026-06-30 16:35:59] [TASK_4] [WARNING]   URL: https://vietstock.vn/2025/10/vic-cbtt-thanh-lap-cong-ty-con-830-1358899.htm
[2026-06-30 16:35:59] [TASK_4] [WARNING]   URL: https://vietstock.vn/2025/10/vnm-thong-bao-thay-doi-dau-moc-cong-ty-830-1360000.htm
[2026-06-30 16:35:59] [TASK_4] [WARNING]   URL: https://vietstock.vn/2025/10/abb-nghi-quyet-hoi-dong-quan-tri-737-1364661.htm
[2026-06-30 16:35:59] [TASK_4] [WARNING]   URL: https://www.tinnhanhchungkhoan.vn/dong-tien-tro-lai-post378305.html
[2026-06-30 16:35:59] [TASK_4] [WARNING]   URL: https://vietstock.vn/2025/10/msb-dieu-le-cong-ty-sua-doi-737-1363219.htm
[2026-06-30 16:35:59] [TASK_4] [WARNING]   URL: https://vietstock.vn/2025/10/nlg-thong-bao-thay-doi-mau-dau-cong-ty-830-1365212.htm
[2026-06-30 16:35:59] [TASK_4] [WARNING]   URL: https://vietstock.vn/2025/10/klb-nghi-quyet-hoi-dong-quan-tri-737-1366550.htm
[2026-06-30 16:35:59] [TASK_4] [WARNING]   URL: https://www.tinnhanhchungkhoan.vn/trien-vong-co-phieu-khu-cong-nghiep-post379697.html
[2026-06-30 16:35:59] [TASK_4] [WARNING]   URL: https://vietstock.vn/2025/11/ssi-cac-nghi-quyet-hdqt-737-1369449.htm
[2026-06-30 16:35:59] [TASK_4] [WARNING]   URL: https://vietstock.vn/2025/11/hcm-dieu-le-cong-ty-sua-doi-737-1369446.htm
[2026-06-30 16:35:59] [TASK_4] [WARNING]   URL: https://vietstock.vn/2025/11/mbs-nghi-quyet-hoi-dong-quan-tri-737-1369981.htm
[2026-06-30 16:35:59] [TASK_4] [WARNING]   URL: https://vietstock.vn/2025/11/ty-phu-pham-nhat-vuong-thanh-lap-vinspace-737-1370172.htm
[2026-06-30 16:35:59] [TASK_4] [WARNING]   URL: https://www.tinnhanhchungkhoan.vn/vn-index-doi-dien-ap-luc-post380152.html
[2026-06-30 16:35:59] [TASK_4] [WARNING]   URL: https://vietstock.vn/2025/11/abb-quyet-dinh-hoi-dong-quan-tri-830-1371424.htm
[2026-06-30 16:35:59] [TASK_4] [WARNING]   URL: https://www.tinnhanhchungkhoan.vn/dong-tien-do-day-post380531.html
[2026-06-30 16:35:59] [TASK_4] [WARNING]   URL: https://vietstock.vn/2025/11/bab-nghi-quyet-hoi-dong-quan-tri-737-1374361.htm
[2026-06-30 16:35:59] [TASK_4] [WARNING]   URL: https://vietstock.vn/2025/11/digiworld-chiu-phat-thue-758-1375032.htm
[2026-06-30 16:35:59] [TASK_4] [WARNING]   URL: https://vietstock.vn/2025/12/abb-nghi-quyet-hoi-dong-quan-tri-737-1379773.htm
[2026-06-30 16:35:59] [TASK_4] [WARNING]   URL: https://vietstock.vn/2025/12/vhm-thong-bao-cong-ty-lien-ket-cua-cong-ty-830-1378964.htm
[2026-06-30 16:35:59] [TASK_4] [WARNING]   URL: https://vietstock.vn/2025/12/dpm-chinh-thuc-ra-mat-dap-phu-my-737-1379206.htm
[2026-06-30 16:35:59] [TASK_4] [WARNING]   URL: https://vietstock.vn/2025/12/dgw-dieu-le-cong-ty-737-1380383.htm
[2026-06-30 16:35:59] [TASK_4] [WARNING]   URL: https://vietstock.vn/2025/12/abb-nghi-quyet-hoi-dong-quan-tri-737-1380628.htm
[2026-06-30 16:35:59] [TASK_4] [WARNING]   URL: https://www.tinnhanhchungkhoan.vn/co-phieu-bao-hiem-lech-nhip-post382119.html
[2026-06-30 16:35:59] [TASK_4] [WARNING]   URL: https://vietstock.vn/2025/12/klb-nghi-quyet-hoi-dong-quan-tri-737-1383296.htm
[2026-06-30 16:35:59] [TASK_4] [WARNING]   URL: https://vietstock.vn/2025/12/pgb-thong-bao-giao-dich-co-phieu-830-1383819.htm
[2026-06-30 16:35:59] [TASK_4] [WARNING]   URL: https://vietstock.vn/2026/01/abb-nghi-quyet-hoi-dong-quan-tri-737-1388535.htm
[2026-06-30 16:35:59] [TASK_4] [WARNING]   URL: https://vietstock.vn/2026/01/bab-cong-bo-thong-tin-bat-thuong-737-1390420.htm
[2026-06-30 16:35:59] [TASK_4] [WARNING]   URL: https://www.tinnhanhchungkhoan.vn/mo-rong-xu-huong-tang-post383533.html
[2026-06-30 16:35:59] [TASK_4] [WARNING]   URL: https://vietstock.vn/2026/01/mbs-nghi-quyet-hoi-dong-quan-tri-737-1392796.htm
[2026-06-30 16:35:59] [TASK_4] [WARNING]   URL: https://vietstock.vn/2026/01/ocb-bo-nhiem-pho-tong-giam-doc-214-1393853.htm
[2026-06-30 16:35:59] [TASK_4] [WARNING]   URL: https://vietstock.vn/2026/01/mch-dieu-le-cong-ty-cap-nhat-vdl-737-1393551.htm
[2026-06-30 16:35:59] [TASK_4] [WARNING]   URL: https://vietstock.vn/2026/01/ppc-thong-bao-thay-doi-nhan-su-cong-ty-214-1396501.htm
[2026-06-30 16:35:59] [TASK_4] [WARNING]   URL: https://vietstock.vn/2026/01/bab-cong-bo-thong-tin-bat-thuong-737-1397331.htm
[2026-06-30 16:35:59] [TASK_4] [WARNING]   URL: https://www.tinnhanhchungkhoan.vn/nhan-dien-doanh-nghiep-tang-truong-kep-post384328.html
[2026-06-30 16:35:59] [TASK_4] [WARNING]   URL: https://vietstock.vn/2026/01/abb-nghi-quyet-hoi-dong-quan-tri-737-1397206.htm
[2026-06-30 16:35:59] [TASK_4] [WARNING]   URL: https://vietstock.vn/2026/02/ssi-cong-bo-cap-nhat-dieu-le-cong-ty-737-1400632.htm
[2026-06-30 16:35:59] [TASK_4] [WARNING]   URL: https://vietstock.vn/2026/02/ssi-cap-nhat-dieu-le-cong-ty-737-1401125.htm
[2026-06-30 16:35:59] [TASK_4] [WARNING]   URL: https://vietstock.vn/2026/02/abb-nghi-quyet-hoi-dong-quan-tri-737-1401326.htm
[2026-06-30 16:35:59] [TASK_4] [WARNING]   URL: https://vietstock.vn/2026/02/abb-thong-bao-giao-dich-co-phieu-830-1402059.htm
[2026-06-30 16:35:59] [TASK_4] [WARNING]   URL: https://www.tinnhanhchungkhoan.vn/chung-khoan-khoi-sac-post385329.html
[2026-06-30 16:35:59] [TASK_4] [WARNING]   URL: https://vietstock.vn/2026/02/lpb-dieu-le-cong-ty-737-1403172.htm
[2026-06-30 16:35:59] [TASK_4] [WARNING]   URL: https://vietstock.vn/2026/02/abb-bao-cao-ket-qua-giao-dich-739-1403928.htm
[2026-06-30 16:35:59] [TASK_4] [WARNING]   URL: https://vietstock.vn/2026/02/abb-thong-bao-giao-dich-830-1403927.htm
[2026-06-30 16:35:59] [TASK_4] [WARNING]   URL: https://vietstock.vn/2026/02/vinaconex-doi-chu-tich-hdqt-214-1404982.htm
[2026-06-30 16:35:59] [TASK_4] [WARNING]   URL: https://vietstock.vn/2026/02/vbb-dieu-le-ngan-hang-737-1406058.htm
[2026-06-30 16:35:59] [TASK_4] [WARNING]   URL: https://vietstock.vn/2026/02/bab-nghi-quyet-hoi-dong-quan-tri-737-1405846.htm
[2026-06-30 16:35:59] [TASK_4] [WARNING]   URL: https://vietstock.vn/2026/02/eib-dieu-le-cong-ty-737-1405667.htm
[2026-06-30 16:35:59] [TASK_4] [WARNING]   URL: https://vietstock.vn/2026/03/hdb-cbtt-dieu-le-cong-ty-737-1407797.htm
[2026-06-30 16:35:59] [TASK_4] [WARNING]   URL: https://www.tinnhanhchungkhoan.vn/dia-chinh-tri-phu-bong-thi-truong-chung-khoan-post386402.html
[2026-06-30 16:35:59] [TASK_4] [WARNING]   URL: https://vietstock.vn/2026/03/mbs-nghi-quyet-hoi-dong-quan-tri-737-1412570.htm
[2026-06-30 16:35:59] [TASK_4] [WARNING]   URL: https://vietstock.vn/2026/03/mbs-bao-cao-thuong-nien-2025-737-1412679.htm
[2026-06-30 16:35:59] [TASK_4] [WARNING]   URL: https://vietstock.vn/2026/03/ocb-bo-nhiem-pho-tong-giam-doc-214-1414451.htm
[2026-06-30 16:35:59] [TASK_4] [WARNING]   URL: https://vietstock.vn/2026/03/nab-cbtt-thay-doi-nhan-su-214-1415352.htm
[2026-06-30 16:35:59] [TASK_4] [WARNING]   URL: https://www.tinnhanhchungkhoan.vn/co-phieu-phong-thu-phat-huy-vai-tro-post387263.html
[2026-06-30 16:35:59] [TASK_4] [WARNING]   URL: https://vietstock.vn/2026/03/vbb-thay-doi-nhan-su-214-1416701.htm
[2026-06-30 16:35:59] [TASK_4] [WARNING]   URL: https://vietstock.vn/2026/03/nab-dieu-le-cong-ty-sua-doi-737-1416551.htm
[2026-06-30 16:35:59] [TASK_4] [WARNING]   URL: https://vietstock.vn/2026/03/frt-bctc-nam-2025-737-1417101.htm
[2026-06-30 16:35:59] [TASK_4] [WARNING]   URL: https://vietstock.vn/2026/03/anv-bctc-nam-2025-737-1416890.htm
[2026-06-30 16:35:59] [TASK_4] [WARNING]   URL: https://vietstock.vn/2026/03/kdh-thong-bao-thay-doi-nhan-su-214-1418001.htm
[2026-06-30 16:35:59] [TASK_4] [WARNING]   URL: https://vietstock.vn/2026/03/bmp-bctc-nam-2025-737-1417849.htm
[2026-06-30 16:35:59] [TASK_4] [WARNING]   URL: https://vietstock.vn/2026/03/abb-nghi-quyet-hoi-dong-quan-tri-737-1419356.htm
[2026-06-30 16:35:59] [TASK_4] [WARNING]   URL: https://www.tinnhanhchungkhoan.vn/thanh-khoan-suy-yeu-post387687.html
[2026-06-30 16:35:59] [TASK_4] [WARNING]   URL: https://vietstock.vn/2026/03/vci-dieu-le-cong-ty-sua-doi-737-1419913.htm
[2026-06-30 16:35:59] [TASK_4] [WARNING]   URL: https://vietstock.vn/2026/04/ssi-thong-bao-thay-doi-ke-toan-truong-214-1422589.htm
[2026-06-30 16:35:59] [TASK_4] [WARNING]   URL: https://vietstock.vn/2026/04/mbs-thay-doi-nhan-su-214-1420756.htm
[2026-06-30 16:35:59] [TASK_4] [WARNING]   URL: https://vietstock.vn/2026/04/ree-dieu-le-cong-ty-737-1421672.htm
[2026-06-30 16:35:59] [TASK_4] [WARNING]   URL: https://vietstock.vn/2026/04/ssi-thong-bao-thay-doi-nhan-su-214-1422906.htm
[2026-06-30 16:35:59] [TASK_4] [WARNING]   URL: https://vietstock.vn/2026/04/mbs-nghi-quyet-hoi-dong-quan-tri-737-1423589.htm
[2026-06-30 16:35:59] [TASK_4] [WARNING]   URL: https://vietstock.vn/2026/04/vci-dieu-le-cong-ty-737-1422558.htm
[2026-06-30 16:35:59] [TASK_4] [WARNING]   URL: https://vietstock.vn/2026/04/abb-bao-cao-thuong-nien-2025-737-1423274.htm
[2026-06-30 16:35:59] [TASK_4] [WARNING]   URL: https://vietstock.vn/2026/04/vic-thong-bao-dinh-chinh-thong-tin-830-1426463.htm
[2026-06-30 16:35:59] [TASK_4] [WARNING]   URL: https://vietstock.vn/2026/04/abb-nghi-quyet-hoi-dong-quan-tri-737-1425961.htm
[2026-06-30 16:35:59] [TASK_4] [WARNING]   URL: https://vietstock.vn/2026/04/dxg-thong-bao-thay-doi-nhan-su-214-1427841.htm
[2026-06-30 16:35:59] [TASK_4] [WARNING]   URL: https://vietstock.vn/2026/04/vbb-bao-cao-thuong-nien-2025-737-1431604.htm
[2026-06-30 16:35:59] [TASK_4] [WARNING]   URL: https://vietstock.vn/2026/04/mwg-dieu-le-cong-ty-737-1430219.htm
[2026-06-30 16:35:59] [TASK_4] [WARNING]   URL: https://vietstock.vn/2026/04/bsi-dieu-le-cong-ty-sua-doi-bo-sung-737-1433930.htm
[2026-06-30 16:35:59] [TASK_4] [WARNING]   URL: https://vietstock.vn/2026/04/abb-nghi-quyet-hoi-dong-quan-tri-737-1430145.htm
[2026-06-30 16:35:59] [TASK_4] [WARNING]   URL: https://vietstock.vn/2026/04/mbb-thong-bao-thay-doi-nhan-su-214-1430551.htm
[2026-06-30 16:35:59] [TASK_4] [WARNING]   URL: https://vietstock.vn/2026/04/bvh-bao-cao-tich-hop-2025-830-1431514.htm
[2026-06-30 16:35:59] [TASK_4] [WARNING]   URL: https://vietstock.vn/2026/04/bvb-bao-cao-thuong-nien-2025-737-1432961.htm
[2026-06-30 16:35:59] [TASK_4] [WARNING]   URL: https://vietstock.vn/2026/04/bvb-thay-doi-nhan-su-214-1433401.htm
[2026-06-30 16:35:59] [TASK_4] [WARNING]   URL: https://vietstock.vn/2026/04/elc-dieu-le-cong-ty-737-1433847.htm
[2026-06-30 16:35:59] [TASK_4] [WARNING]   URL: https://vietstock.vn/2026/04/vnm-dieu-le-cong-ty-737-1433085.htm
[2026-06-30 16:35:59] [TASK_4] [WARNING]   URL: https://vietstock.vn/2026/04/scr-thong-bao-thay-doi-nhan-su-214-1433694.htm
[2026-06-30 16:35:59] [TASK_4] [WARNING]   URL: https://www.tinnhanhchungkhoan.vn/mua-dai-hoi-phan-hoa-manh-post389533.html
[2026-06-30 16:35:59] [TASK_4] [WARNING]   URL: https://vietstock.vn/2026/04/nlg-dieu-le-cong-ty-737-1434990.htm
[2026-06-30 16:35:59] [TASK_4] [WARNING]   URL: https://vietstock.vn/2026/04/vcg-dieu-le-cong-ty-sua-doi-737-1434951.htm
[2026-06-30 16:35:59] [TASK_4] [WARNING]   URL: https://vietstock.vn/2026/04/pgb-nghi-quyet-hoi-dong-quan-tri-737-1434595.htm
[2026-06-30 16:35:59] [TASK_4] [WARNING]   URL: https://vietstock.vn/2026/05/eib-quy-che-quan-tri-noi-bo-143-1438125.htm
[2026-06-30 16:35:59] [TASK_4] [WARNING]   URL: https://vietstock.vn/2026/05/vbb-thay-doi-nhan-su-214-1437550.htm
[2026-06-30 16:35:59] [TASK_4] [WARNING]   URL: https://vietstock.vn/2026/05/vinaconex-lai-doi-chu-tich-214-1438243.htm
[2026-06-30 16:35:59] [TASK_4] [WARNING]   URL: https://vietstock.vn/2026/05/lpb-thong-bao-thay-doi-nhan-su-214-1439668.htm
[2026-06-30 16:35:59] [TASK_4] [WARNING]   URL: https://vietstock.vn/2026/05/eib-dieu-le-cong-ty-737-1438124.htm
[2026-06-30 16:35:59] [TASK_4] [WARNING]   URL: https://vietstock.vn/2026/05/vjc-cong-bo-thong-tin-214-1438200.htm
[2026-06-30 16:35:59] [TASK_4] [WARNING]   URL: https://vietstock.vn/2026/05/tcb-thong-bao-thay-doi-dieu-le-737-1439664.htm
[2026-06-30 16:35:59] [TASK_4] [WARNING]   URL: https://vietstock.vn/2026/05/abb-nghi-quyet-hoi-dong-quan-tri-737-1439520.htm
[2026-06-30 16:35:59] [TASK_4] [WARNING]   URL: https://vietstock.vn/2026/05/vbb-dieu-le-ngan-hang-737-1443190.htm
[2026-06-30 16:35:59] [TASK_4] [WARNING]   URL: https://vietstock.vn/2026/05/vbb-thay-doi-nhan-su-214-1443248.htm
[2026-06-30 16:35:59] [TASK_4] [WARNING]   URL: https://vietstock.vn/2026/05/vcb-dieu-le-cong-ty-sua-doi-2026-737-1444400.htm
[2026-06-30 16:35:59] [TASK_4] [WARNING]   URL: https://vietstock.vn/2026/05/lpb-dieu-le-cong-ty-737-1444378.htm
[2026-06-30 16:35:59] [TASK_4] [WARNING]   URL: https://vietstock.vn/2026/05/vib-thong-bao-thay-doi-nhan-su-214-1444116.htm
[2026-06-30 16:35:59] [TASK_4] [WARNING]   URL: https://vietstock.vn/2026/05/ocb-bo-nhiem-pho-tong-giam-doc-214-1445092.htm
[2026-06-30 16:35:59] [TASK_4] [WARNING]   URL: https://vietstock.vn/2026/05/mbs-nghi-quyet-hoi-dong-quan-tri-737-1446084.htm
[2026-06-30 16:35:59] [TASK_4] [WARNING]   URL: https://vietstock.vn/2026/05/ocb-bo-nhiem-quyen-tong-giam-doc-214-1448352.htm
[2026-06-30 16:35:59] [TASK_4] [WARNING]   URL: https://www.tinnhanhchungkhoan.vn/thoi-diem-chon-loc-co-hoi-post390988.html
[2026-06-30 16:35:59] [TASK_4] [WARNING]   URL: https://vietstock.vn/2026/06/cmg-thong-bao-thay-doi-nhan-su-214-1449586.htm
[2026-06-30 16:35:59] [TASK_4] [WARNING]   URL: https://vietstock.vn/2026/06/vbb-thay-doi-nhan-su-214-1449388.htm
[2026-06-30 16:35:59] [TASK_4] [WARNING]   URL: https://vietstock.vn/2026/06/cmg-bo-nhiem-tong-giam-doc-moi-214-1451109.htm
[2026-06-30 16:35:59] [TASK_4] [WARNING]   URL: https://vietstock.vn/2026/06/gvr-tu-cach-cong-ty-dai-chung-830-1450907.htm
[2026-06-30 16:35:59] [TASK_4] [WARNING]   URL: https://vietstock.vn/2026/06/eib-thong-bao-thay-doi-nhan-su-214-1452460.htm
[2026-06-30 16:35:59] [TASK_4] [WARNING]   URL: https://vietstock.vn/2026/06/vbb-thay-doi-nhan-su-214-1452604.htm
[2026-06-30 16:35:59] [TASK_4] [WARNING]   URL: https://www.tinnhanhchungkhoan.vn/chua-du-chiet-khau-post391846.html
[2026-06-30 16:35:59] [TASK_4] [WARNING]   URL: https://vietstock.vn/2026/06/khi-esop-tien-hoa-764-1453118.htm
[2026-06-30 16:35:59] [TASK_4] [WARNING]   URL: https://vietstock.vn/2026/06/bab-nghi-quyet-hoi-dong-quan-tri-737-1454284.htm
[2026-06-30 16:35:59] [TASK_4] [WARNING]   URL: https://vietnambiz.vn/sacombank-doi-tru-so-chinh-202661485117806.htm
[2026-06-30 16:35:59] [TASK_4] [WARNING]   URL: https://vietstock.vn/2026/06/vbb-thay-doi-nhan-su-214-1455822.htm
[2026-06-30 16:35:59] [TASK_4] [WARNING]   URL: https://vietstock.vn/2026/06/abb-nghi-quyet-hoi-dong-quan-tri-737-1456851.htm
[2026-06-30 16:35:59] [TASK_4] [WARNING]   URL: https://vietstock.vn/2026/06/elc-cbtt-ve-cong-ty-con-830-1458185.htm
[2026-06-30 16:35:59] [TASK_4] [WARNING]   URL: https://vietstock.vn/2026/06/stb-thong-bao-thay-doi-nhan-su-214-1457789.htm
[2026-06-30 16:35:59] [TASK_4] [WARNING]   URL: https://vietstock.vn/2026/06/vbb-thay-doi-nhan-su-214-1460120.htm
[2026-06-30 16:35:59] [TASK_4] [WARNING]   URL: https://vietstock.vn/2026/06/vnd-bctc-nam-2026-737-1459958.htm
[2026-06-30 16:35:59] [TASK_4] [WARNING]   URL: https://www.tinnhanhchungkhoan.vn/hoi-sinh-ma-lang-post393110.html
[2026-06-30 16:35:59] [TASK_4] [WARNING]   URL: https://vietstock.vn/2026/06/vci-dieu-le-cong-ty-737-1460351.htm
[2026-06-30 16:36:00] [TASK_4] [INFO] Saved 34966 processed articles to data/news/processed/all_news_processed.csv.
[2026-06-30 16:36:00] [TASK_4] [INFO] ============================================================
[2026-06-30 16:36:00] [TASK_4] [INFO] TEXT PREPROCESSING REPORT
[2026-06-30 16:36:00] [TASK_4] [INFO] ============================================================
[2026-06-30 16:36:00] [TASK_4] [INFO] Articles before deduplication : 52790
[2026-06-30 16:36:00] [TASK_4] [INFO] Articles after deduplication  : 35158
[2026-06-30 16:36:00] [TASK_4] [INFO] Articles in final output      : 34966
[2026-06-30 16:36:00] [TASK_4] [INFO] Average token count per article: 20.7
[2026-06-30 16:36:01] [TASK_4] [INFO] 
Top 50 most frequent tokens:
[2026-06-30 16:36:01] [TASK_4] [INFO]   ,                              12564
[2026-06-30 16:36:01] [TASK_4] [INFO]   hđqt                           10825
[2026-06-30 16:36:01] [TASK_4] [INFO]   về                             10315
[2026-06-30 16:36:01] [TASK_4] [INFO]   thông_báo                      9826
[2026-06-30 16:36:01] [TASK_4] [INFO]   năm                            9782
[2026-06-30 16:36:01] [TASK_4] [INFO]   cổ_phần                        9661
[2026-06-30 16:36:01] [TASK_4] [INFO]   nghị_quyết                     9271
[2026-06-30 16:36:01] [TASK_4] [INFO]   của                            9025
[2026-06-30 16:36:01] [TASK_4] [INFO]   việc                           7852
[2026-06-30 16:36:01] [TASK_4] [INFO]   và                             7572
[2026-06-30 16:36:01] [TASK_4] [INFO]   cổ_phiếu                       6360
[2026-06-30 16:36:01] [TASK_4] [INFO]   ngân_hàng                      5651
[2026-06-30 16:36:01] [TASK_4] [INFO]   sau                            5335
[2026-06-30 16:36:01] [TASK_4] [INFO]   giao_dịch                      4797
[2026-06-30 16:36:01] [TASK_4] [INFO]   ngày                           4480
[2026-06-30 16:36:01] [TASK_4] [INFO]   nbsp                           4412
[2026-06-30 16:36:01] [TASK_4] [INFO]   thay_đổi                       4235
[2026-06-30 16:36:01] [TASK_4] [INFO]   .                              4147
[2026-06-30 16:36:01] [TASK_4] [INFO]   như                            3942
[2026-06-30 16:36:01] [TASK_4] [INFO]   việt_nam                       3856
[2026-06-30 16:36:01] [TASK_4] [INFO]   tỷ                             3811
[2026-06-30 16:36:01] [TASK_4] [INFO]   với                            3786
[2026-06-30 16:36:01] [TASK_4] [INFO]   cho                            3781
[2026-06-30 16:36:01] [TASK_4] [INFO]   thương_mại                     3642
[2026-06-30 16:36:01] [TASK_4] [INFO]   2025                           3508
[2026-06-30 16:36:01] [TASK_4] [INFO]   tăng                           3404
[2026-06-30 16:36:01] [TASK_4] [INFO]   trong                          3366
[2026-06-30 16:36:01] [TASK_4] [INFO]   phát_hành                      3336
[2026-06-30 16:36:01] [TASK_4] [INFO]   thông_qua                      2943
[2026-06-30 16:36:01] [TASK_4] [INFO]   2022                           2942
[2026-06-30 16:36:01] [TASK_4] [INFO]   v                              2886
[2026-06-30 16:36:01] [TASK_4] [INFO]   để                             2882
[2026-06-30 16:36:01] [TASK_4] [INFO]   trái_phiếu                     2876
[2026-06-30 16:36:01] [TASK_4] [INFO]   báo_cáo                        2848
[2026-06-30 16:36:01] [TASK_4] [INFO]   %                              2835
[2026-06-30 16:36:01] [TASK_4] [INFO]   đồng                           2830
[2026-06-30 16:36:01] [TASK_4] [INFO]   công_bố                        2826
[2026-06-30 16:36:01] [TASK_4] [INFO]   2023                           2704
[2026-06-30 16:36:01] [TASK_4] [INFO]   2024                           2683
[2026-06-30 16:36:01] [TASK_4] [INFO]   vốn                            2647
[2026-06-30 16:36:01] [TASK_4] [INFO]   chứng_khoán                    2613
[2026-06-30 16:36:01] [TASK_4] [INFO]   quyết_định                     2589
[2026-06-30 16:36:01] [TASK_4] [INFO]   đhđcđ                          2553
[2026-06-30 16:36:01] [TASK_4] [INFO]   địa_điểm                       2538
[2026-06-30 16:36:01] [TASK_4] [INFO]   đăng_ký                        2535
[2026-06-30 16:36:01] [TASK_4] [INFO]   ng                             2530
[2026-06-30 16:36:01] [TASK_4] [INFO]   người                          2449
[2026-06-30 16:36:01] [TASK_4] [INFO]   chi_nhánh                      2352
[2026-06-30 16:36:01] [TASK_4] [INFO]   có                             2316
[2026-06-30 16:36:01] [TASK_4] [INFO]   quý                            2128
[2026-06-30 16:36:01] [TASK_4] [INFO] ============================================================
[2026-06-30 16:36:01] [TASK_4] [INFO] ============================================================
[2026-06-30 16:36:01] [TASK_4] [INFO] START TASK_4: Text Preprocessing (clean, tokenize, deduplicate)
[2026-06-30 16:36:01] [TASK_4] [INFO] Timestamp: 2026-06-30T16:36:01.443729
[2026-06-30 16:36:01] [TASK_4] [INFO] ============================================================
[2026-06-30 16:36:01] [TASK_4] [INFO] Input: data/news/matched/all_news_matched.csv (52807 rows)
[2026-06-30 16:36:02] [TASK_4] [INFO] Starting Text Preprocessing (TASK 4)...
[2026-06-30 16:36:02] [TASK_4] [INFO] Loaded 52790 articles from data/news/matched/all_news_matched.csv.
[2026-06-30 16:36:02] [TASK_4] [INFO] Loaded 23 stopwords from config/stopwords_finance.txt.
[2026-06-30 16:36:02] [TASK_4] [INFO] URL deduplication: 52790 → 45968 (removed 6822 duplicates).
[2026-06-30 16:36:37] [TASK_4] [INFO] Fuzzy title deduplication: 45968 → 35158 (removed 10810 near-duplicates, threshold=90%).
[2026-06-30 16:36:37] [TASK_4] [INFO] Cleaning text...
[2026-06-30 16:36:38] [TASK_4] [INFO] Tokenizing 35158 articles...
[2026-06-30 16:36:38] [TASK_4] [INFO] Using multiprocessing for 35158 articles (threshold=10000).
[2026-06-30 16:37:07] [TASK_4] [INFO] Removing stopwords...
[2026-06-30 16:37:08] [TASK_4] [WARNING] Excluding 192 articles with <5 tokens:
[2026-06-30 16:37:08] [TASK_4] [WARNING]   URL: https://vietnambiz.vn/kido-thau-tom-hung-vuong-plaza-202482310430645.htm
[2026-06-30 16:37:08] [TASK_4] [WARNING]   URL: https://vietnambiz.vn/duc-long-gia-lai-kien-lilama-202483144647773.htm
[2026-06-30 16:37:08] [TASK_4] [WARNING]   URL: https://vietnambiz.vn/doanh-nghiep-duoc-chay-dua-mo-rong-cong-suat-202410214323780.htm
[2026-06-30 16:37:08] [TASK_4] [WARNING]   URL: https://vietnambiz.vn/cong-ty-phuc-son-co-tong-giam-doc-moi-2024101615251538.htm
[2026-06-30 16:37:08] [TASK_4] [WARNING]   URL: https://vietnambiz.vn/quy-buon-cua-doanh-nghiep-xang-dau-20241031142636877.htm
[2026-06-30 16:37:08] [TASK_4] [WARNING]   URL: https://vietnambiz.vn/cong-ty-misa-co-tong-giam-doc-moi-2024111194455296.htm
[2026-06-30 16:37:08] [TASK_4] [WARNING]   URL: https://vietnambiz.vn/vinpearl-tro-thanh-cong-ty-dai-chung-202411168714653.htm
[2026-06-30 16:37:08] [TASK_4] [WARNING]   URL: https://vietnambiz.vn/ocb-bo-nhiem-ke-toan-truong-moi-20241210121111894.htm
[2026-06-30 16:37:08] [TASK_4] [WARNING]   URL: https://vietnambiz.vn/loi-nhuan-acv-lap-ky-luc-2024122122227430.htm
[2026-06-30 16:37:08] [TASK_4] [WARNING]   URL: https://vietnambiz.vn/vissan-co-tong-giam-doc-moi-2024122219346868.htm
[2026-06-30 16:37:08] [TASK_4] [WARNING]   URL: https://vietnambiz.vn/hagl-giai-the-nong-nghiep-kon-thup-20251910362769.htm
[2026-06-30 16:37:08] [TASK_4] [WARNING]   URL: https://vietnambiz.vn/scs-lap-ky-luc-san-luong-202511011058883.htm
[2026-06-30 16:37:08] [TASK_4] [WARNING]   URL: https://vietnambiz.vn/coteccons-sach-no-trai-phieu-202511611121510.htm
[2026-06-30 16:37:08] [TASK_4] [WARNING]   URL: https://vietnambiz.vn/nam-thang-tram-cua-doanh-nghiep-thep-202524152816964.htm
[2026-06-30 16:37:08] [TASK_4] [WARNING]   URL: https://vietnambiz.vn/loi-nhuan-thao-cam-vien-giam-manh-2025215201346295.htm
[2026-06-30 16:37:08] [TASK_4] [WARNING]   URL: https://vietnambiz.vn/bamboo-capital-thay-tong-giam-doc-202522712257395.htm
[2026-06-30 16:37:08] [TASK_4] [WARNING]   URL: https://www.tinnhanhchungkhoan.vn/ngan-hang-hdbank-hdb-hose-post365031.html
[2026-06-30 16:37:08] [TASK_4] [WARNING]   URL: https://www.tinnhanhchungkhoan.vn/ngan-hang-vietcombank-vcb-hose-post365004.html
[2026-06-30 16:37:08] [TASK_4] [WARNING]   URL: https://www.tinnhanhchungkhoan.vn/thi-truong-dieu-chinh-post365608.html
[2026-06-30 16:37:08] [TASK_4] [WARNING]   URL: https://vietnambiz.vn/lpbank-bo-nhiem-pho-tong-giam-doc-20254212093134.htm
[2026-06-30 16:37:08] [TASK_4] [WARNING]   URL: https://cafef.vn/du-lieu/ABB-2186427/abb-dieu-le-cong-ty.chn
[2026-06-30 16:37:08] [TASK_4] [WARNING]   URL: https://www.tinnhanhchungkhoan.vn/shb-but-pha-tu-noi-luc-post368325.html
[2026-06-30 16:37:08] [TASK_4] [WARNING]   URL: https://www.tinnhanhchungkhoan.vn/fpt-thau-tom-cong-ty-cong-nghe-duc-post368636.html
[2026-06-30 16:37:08] [TASK_4] [WARNING]   URL: https://vietnambiz.vn/becamex-thay-ghe-tong-giam-doc-202562521515505.htm
[2026-06-30 16:37:08] [TASK_4] [WARNING]   URL: https://vietstock.vn/2025/06/eib-thong-bao-thay-doi-nhan-su-cong-ty-214-1323153.htm
[2026-06-30 16:37:08] [TASK_4] [WARNING]   URL: https://vietstock.vn/2025/07/mwg-co-hoi-dau-tu-dai-han-582-1327666.htm
[2026-06-30 16:37:08] [TASK_4] [WARNING]   URL: https://vietstock.vn/2025/07/dxg-quyet-dinh-thay-doi-niem-yet-741-1324179.htm
[2026-06-30 16:37:08] [TASK_4] [WARNING]   URL: https://vietstock.vn/2025/07/mbs-nghi-quyet-hoi-dong-quan-tri-737-1325027.htm
[2026-06-30 16:37:08] [TASK_4] [WARNING]   URL: https://www.tinnhanhchungkhoan.vn/acb-tang-truong-ben-vung-theo-thoi-gian-post372514.html
[2026-06-30 16:37:08] [TASK_4] [WARNING]   URL: https://vietstock.vn/2025/07/vietjet-co-giam-doc-dieu-hanh-moi-214-1325436.htm
[2026-06-30 16:37:08] [TASK_4] [WARNING]   URL: https://vietnambiz.vn/lan-song-cat-giam-nhan-su-ngan-hang-202577162332162.htm
[2026-06-30 16:37:08] [TASK_4] [WARNING]   URL: https://vietstock.vn/2025/07/vbb-nghi-quyet-hoi-dong-quan-tri-737-1327546.htm
[2026-06-30 16:37:08] [TASK_4] [WARNING]   URL: https://vietnambiz.vn/ocb-bo-nhiem-giam-doc-tai-chinh-2025711231420824.htm
[2026-06-30 16:37:08] [TASK_4] [WARNING]   URL: https://vietnambiz.vn/doanh-nghiep-bat-dong-san-quay-lai-thi-truong-202571221541624.htm
[2026-06-30 16:37:08] [TASK_4] [WARNING]   URL: https://vietstock.vn/2025/07/hdb-thong-bao-thay-doi-mau-dau-cong-ty-830-1328986.htm
[2026-06-30 16:37:08] [TASK_4] [WARNING]   URL: https://vietstock.vn/2025/07/hpg-thong-bao-thay-doi-dia-chi-cong-ty-737-1329814.htm
[2026-06-30 16:37:08] [TASK_4] [WARNING]   URL: https://vietstock.vn/2025/07/co-phieu-vua-tro-lai-757-1331448.htm
[2026-06-30 16:37:08] [TASK_4] [WARNING]   URL: https://vietstock.vn/2025/07/ssi-bo-nhiem-ceo-moi-214-1330233.htm
[2026-06-30 16:37:08] [TASK_4] [WARNING]   URL: https://vietnambiz.vn/petrolimex-co-ceo-moi-2025720853396.htm
[2026-06-30 16:37:08] [TASK_4] [WARNING]   URL: https://vietnambiz.vn/ssi-co-tan-tong-giam-doc-202572183423438.htm
[2026-06-30 16:37:08] [TASK_4] [WARNING]   URL: https://vietstock.vn/2025/07/vbb-dieu-le-ngan-hang-sua-doi-737-1331153.htm
[2026-06-30 16:37:08] [TASK_4] [WARNING]   URL: https://vietnambiz.vn/det-may-tng-lai-ky-luc-2025722111918538.htm
[2026-06-30 16:37:08] [TASK_4] [WARNING]   URL: https://vietstock.vn/2025/07/pgb-nghi-quyet-hoi-dong-quan-tri-737-1332416.htm
[2026-06-30 16:37:08] [TASK_4] [WARNING]   URL: https://vietnambiz.vn/dong-ruble-tang-gia-manh-loi-bat-cap-hai-20257257654236.htm
[2026-06-30 16:37:08] [TASK_4] [WARNING]   URL: https://vietstock.vn/2025/07/stb-thong-bao-thay-doi-con-dau-cong-ty-830-1334591.htm
[2026-06-30 16:37:08] [TASK_4] [WARNING]   URL: https://vietstock.vn/2025/08/gvr-thong-bao-thay-doi-mau-dau-cong-ty-830-1338793.htm
[2026-06-30 16:37:08] [TASK_4] [WARNING]   URL: https://vietstock.vn/2025/08/klb-nghi-quyet-hoi-dong-quan-tri-737-1338313.htm
[2026-06-30 16:37:08] [TASK_4] [WARNING]   URL: https://vietstock.vn/2025/08/vbb-thong-bao-thay-doi-nhan-su-cong-ty-214-1337994.htm
[2026-06-30 16:37:08] [TASK_4] [WARNING]   URL: https://vietnambiz.vn/duong-day-mua-300000-the-tin-dung-202587205746398.htm
[2026-06-30 16:37:08] [TASK_4] [WARNING]   URL: https://vietstock.vn/2025/08/abb-nghi-quyet-hoi-dong-quan-tri-737-1340906.htm
[2026-06-30 16:37:08] [TASK_4] [WARNING]   URL: https://vietstock.vn/2025/08/vre-cbtt-sap-nhap-cong-ty-con-830-1345967.htm
[2026-06-30 16:37:08] [TASK_4] [WARNING]   URL: https://vietstock.vn/2025/08/ppc-thong-bao-thay-doi-nhan-su-cong-ty-214-1341518.htm
[2026-06-30 16:37:08] [TASK_4] [WARNING]   URL: https://vietstock.vn/2025/08/hsg-cbtt-thay-doi-con-dau-830-1343019.htm
[2026-06-30 16:37:08] [TASK_4] [WARNING]   URL: https://vietstock.vn/2025/08/hah-cbtt-thanh-lap-cong-ty-lien-ket-830-1345536.htm
[2026-06-30 16:37:08] [TASK_4] [WARNING]   URL: https://vietstock.vn/2025/08/cmg-thong-bao-thay-doi-mau-dau-cong-ty-830-1343714.htm
[2026-06-30 16:37:08] [TASK_4] [WARNING]   URL: https://vietstock.vn/2025/08/abb-nghi-quyet-hoi-dong-quan-tri-737-1343852.htm
[2026-06-30 16:37:08] [TASK_4] [WARNING]   URL: https://www.tinnhanhchungkhoan.vn/ap-luc-dieu-chinh-post375373.html
[2026-06-30 16:37:08] [TASK_4] [WARNING]   URL: https://vietstock.vn/2025/08/scr-cbtt-nang-cap-website-830-1346800.htm
[2026-06-30 16:37:08] [TASK_4] [WARNING]   URL: https://vietstock.vn/2025/09/pgb-nghi-quyet-hoi-dong-quan-tri-737-1352270.htm
[2026-06-30 16:37:08] [TASK_4] [WARNING]   URL: https://vietstock.vn/2025/09/phr-thong-bao-thay-doi-mau-dau-cong-ty-830-1353520.htm
[2026-06-30 16:37:08] [TASK_4] [WARNING]   URL: https://vietstock.vn/2025/09/vbb-nghi-quyet-hoi-dong-quan-tri-737-1352622.htm
[2026-06-30 16:37:08] [TASK_4] [WARNING]   URL: https://vietstock.vn/2025/09/abb-quyet-dinh-hoi-dong-quan-tri-830-1353915.htm
[2026-06-30 16:37:08] [TASK_4] [WARNING]   URL: https://vietstock.vn/2025/09/vjc-thong-bao-thay-doi-mau-dau-cong-ty-830-1354007.htm
[2026-06-30 16:37:08] [TASK_4] [WARNING]   URL: https://vietstock.vn/2025/09/ocb-dieu-le-cong-ty-737-1354066.htm
[2026-06-30 16:37:08] [TASK_4] [WARNING]   URL: https://vietstock.vn/2025/09/vic-cbtt-thanh-lap-cong-ty-con-830-1354256.htm
[2026-06-30 16:37:08] [TASK_4] [WARNING]   URL: https://vietstock.vn/2025/10/mch-nghi-quyet-hoi-dong-quan-tri-737-1357614.htm
[2026-06-30 16:37:08] [TASK_4] [WARNING]   URL: https://vietstock.vn/2025/10/vbb-thong-bao-thay-doi-nhan-su-cong-ty-214-1358090.htm
[2026-06-30 16:37:08] [TASK_4] [WARNING]   URL: https://vietstock.vn/2025/10/petrolimex-sap-nhap-1-cong-ty-con-764-1358086.htm
[2026-06-30 16:37:08] [TASK_4] [WARNING]   URL: https://vietstock.vn/2025/10/mbb-sua-doi-dieu-le-cong-ty-737-1358783.htm
[2026-06-30 16:37:08] [TASK_4] [WARNING]   URL: https://vietstock.vn/2025/10/vic-cbtt-thanh-lap-cong-ty-con-830-1358899.htm
[2026-06-30 16:37:08] [TASK_4] [WARNING]   URL: https://vietstock.vn/2025/10/vnm-thong-bao-thay-doi-dau-moc-cong-ty-830-1360000.htm
[2026-06-30 16:37:08] [TASK_4] [WARNING]   URL: https://vietstock.vn/2025/10/abb-nghi-quyet-hoi-dong-quan-tri-737-1364661.htm
[2026-06-30 16:37:08] [TASK_4] [WARNING]   URL: https://www.tinnhanhchungkhoan.vn/dong-tien-tro-lai-post378305.html
[2026-06-30 16:37:08] [TASK_4] [WARNING]   URL: https://vietstock.vn/2025/10/msb-dieu-le-cong-ty-sua-doi-737-1363219.htm
[2026-06-30 16:37:08] [TASK_4] [WARNING]   URL: https://vietstock.vn/2025/10/nlg-thong-bao-thay-doi-mau-dau-cong-ty-830-1365212.htm
[2026-06-30 16:37:08] [TASK_4] [WARNING]   URL: https://vietstock.vn/2025/10/klb-nghi-quyet-hoi-dong-quan-tri-737-1366550.htm
[2026-06-30 16:37:08] [TASK_4] [WARNING]   URL: https://www.tinnhanhchungkhoan.vn/trien-vong-co-phieu-khu-cong-nghiep-post379697.html
[2026-06-30 16:37:08] [TASK_4] [WARNING]   URL: https://vietstock.vn/2025/11/ssi-cac-nghi-quyet-hdqt-737-1369449.htm
[2026-06-30 16:37:08] [TASK_4] [WARNING]   URL: https://vietstock.vn/2025/11/hcm-dieu-le-cong-ty-sua-doi-737-1369446.htm
[2026-06-30 16:37:08] [TASK_4] [WARNING]   URL: https://vietstock.vn/2025/11/mbs-nghi-quyet-hoi-dong-quan-tri-737-1369981.htm
[2026-06-30 16:37:08] [TASK_4] [WARNING]   URL: https://vietstock.vn/2025/11/ty-phu-pham-nhat-vuong-thanh-lap-vinspace-737-1370172.htm
[2026-06-30 16:37:08] [TASK_4] [WARNING]   URL: https://www.tinnhanhchungkhoan.vn/vn-index-doi-dien-ap-luc-post380152.html
[2026-06-30 16:37:08] [TASK_4] [WARNING]   URL: https://vietstock.vn/2025/11/abb-quyet-dinh-hoi-dong-quan-tri-830-1371424.htm
[2026-06-30 16:37:08] [TASK_4] [WARNING]   URL: https://www.tinnhanhchungkhoan.vn/dong-tien-do-day-post380531.html
[2026-06-30 16:37:08] [TASK_4] [WARNING]   URL: https://vietstock.vn/2025/11/bab-nghi-quyet-hoi-dong-quan-tri-737-1374361.htm
[2026-06-30 16:37:08] [TASK_4] [WARNING]   URL: https://vietstock.vn/2025/11/digiworld-chiu-phat-thue-758-1375032.htm
[2026-06-30 16:37:08] [TASK_4] [WARNING]   URL: https://vietstock.vn/2025/12/abb-nghi-quyet-hoi-dong-quan-tri-737-1379773.htm
[2026-06-30 16:37:08] [TASK_4] [WARNING]   URL: https://vietstock.vn/2025/12/vhm-thong-bao-cong-ty-lien-ket-cua-cong-ty-830-1378964.htm
[2026-06-30 16:37:08] [TASK_4] [WARNING]   URL: https://vietstock.vn/2025/12/dpm-chinh-thuc-ra-mat-dap-phu-my-737-1379206.htm
[2026-06-30 16:37:08] [TASK_4] [WARNING]   URL: https://vietstock.vn/2025/12/dgw-dieu-le-cong-ty-737-1380383.htm
[2026-06-30 16:37:08] [TASK_4] [WARNING]   URL: https://vietstock.vn/2025/12/abb-nghi-quyet-hoi-dong-quan-tri-737-1380628.htm
[2026-06-30 16:37:08] [TASK_4] [WARNING]   URL: https://www.tinnhanhchungkhoan.vn/co-phieu-bao-hiem-lech-nhip-post382119.html
[2026-06-30 16:37:08] [TASK_4] [WARNING]   URL: https://vietstock.vn/2025/12/klb-nghi-quyet-hoi-dong-quan-tri-737-1383296.htm
[2026-06-30 16:37:08] [TASK_4] [WARNING]   URL: https://vietstock.vn/2025/12/pgb-thong-bao-giao-dich-co-phieu-830-1383819.htm
[2026-06-30 16:37:08] [TASK_4] [WARNING]   URL: https://vietstock.vn/2026/01/abb-nghi-quyet-hoi-dong-quan-tri-737-1388535.htm
[2026-06-30 16:37:08] [TASK_4] [WARNING]   URL: https://vietstock.vn/2026/01/bab-cong-bo-thong-tin-bat-thuong-737-1390420.htm
[2026-06-30 16:37:08] [TASK_4] [WARNING]   URL: https://www.tinnhanhchungkhoan.vn/mo-rong-xu-huong-tang-post383533.html
[2026-06-30 16:37:08] [TASK_4] [WARNING]   URL: https://vietstock.vn/2026/01/mbs-nghi-quyet-hoi-dong-quan-tri-737-1392796.htm
[2026-06-30 16:37:08] [TASK_4] [WARNING]   URL: https://vietstock.vn/2026/01/ocb-bo-nhiem-pho-tong-giam-doc-214-1393853.htm
[2026-06-30 16:37:08] [TASK_4] [WARNING]   URL: https://vietstock.vn/2026/01/mch-dieu-le-cong-ty-cap-nhat-vdl-737-1393551.htm
[2026-06-30 16:37:08] [TASK_4] [WARNING]   URL: https://vietstock.vn/2026/01/ppc-thong-bao-thay-doi-nhan-su-cong-ty-214-1396501.htm
[2026-06-30 16:37:08] [TASK_4] [WARNING]   URL: https://vietstock.vn/2026/01/bab-cong-bo-thong-tin-bat-thuong-737-1397331.htm
[2026-06-30 16:37:08] [TASK_4] [WARNING]   URL: https://www.tinnhanhchungkhoan.vn/nhan-dien-doanh-nghiep-tang-truong-kep-post384328.html
[2026-06-30 16:37:08] [TASK_4] [WARNING]   URL: https://vietstock.vn/2026/01/abb-nghi-quyet-hoi-dong-quan-tri-737-1397206.htm
[2026-06-30 16:37:08] [TASK_4] [WARNING]   URL: https://vietstock.vn/2026/02/ssi-cong-bo-cap-nhat-dieu-le-cong-ty-737-1400632.htm
[2026-06-30 16:37:08] [TASK_4] [WARNING]   URL: https://vietstock.vn/2026/02/ssi-cap-nhat-dieu-le-cong-ty-737-1401125.htm
[2026-06-30 16:37:08] [TASK_4] [WARNING]   URL: https://vietstock.vn/2026/02/abb-nghi-quyet-hoi-dong-quan-tri-737-1401326.htm
[2026-06-30 16:37:08] [TASK_4] [WARNING]   URL: https://vietstock.vn/2026/02/abb-thong-bao-giao-dich-co-phieu-830-1402059.htm
[2026-06-30 16:37:08] [TASK_4] [WARNING]   URL: https://www.tinnhanhchungkhoan.vn/chung-khoan-khoi-sac-post385329.html
[2026-06-30 16:37:08] [TASK_4] [WARNING]   URL: https://vietstock.vn/2026/02/lpb-dieu-le-cong-ty-737-1403172.htm
[2026-06-30 16:37:08] [TASK_4] [WARNING]   URL: https://vietstock.vn/2026/02/abb-bao-cao-ket-qua-giao-dich-739-1403928.htm
[2026-06-30 16:37:08] [TASK_4] [WARNING]   URL: https://vietstock.vn/2026/02/abb-thong-bao-giao-dich-830-1403927.htm
[2026-06-30 16:37:08] [TASK_4] [WARNING]   URL: https://vietstock.vn/2026/02/vinaconex-doi-chu-tich-hdqt-214-1404982.htm
[2026-06-30 16:37:08] [TASK_4] [WARNING]   URL: https://vietstock.vn/2026/02/vbb-dieu-le-ngan-hang-737-1406058.htm
[2026-06-30 16:37:08] [TASK_4] [WARNING]   URL: https://vietstock.vn/2026/02/bab-nghi-quyet-hoi-dong-quan-tri-737-1405846.htm
[2026-06-30 16:37:08] [TASK_4] [WARNING]   URL: https://vietstock.vn/2026/02/eib-dieu-le-cong-ty-737-1405667.htm
[2026-06-30 16:37:08] [TASK_4] [WARNING]   URL: https://vietstock.vn/2026/03/hdb-cbtt-dieu-le-cong-ty-737-1407797.htm
[2026-06-30 16:37:08] [TASK_4] [WARNING]   URL: https://www.tinnhanhchungkhoan.vn/dia-chinh-tri-phu-bong-thi-truong-chung-khoan-post386402.html
[2026-06-30 16:37:08] [TASK_4] [WARNING]   URL: https://vietstock.vn/2026/03/mbs-nghi-quyet-hoi-dong-quan-tri-737-1412570.htm
[2026-06-30 16:37:08] [TASK_4] [WARNING]   URL: https://vietstock.vn/2026/03/mbs-bao-cao-thuong-nien-2025-737-1412679.htm
[2026-06-30 16:37:08] [TASK_4] [WARNING]   URL: https://vietstock.vn/2026/03/ocb-bo-nhiem-pho-tong-giam-doc-214-1414451.htm
[2026-06-30 16:37:08] [TASK_4] [WARNING]   URL: https://vietstock.vn/2026/03/nab-cbtt-thay-doi-nhan-su-214-1415352.htm
[2026-06-30 16:37:08] [TASK_4] [WARNING]   URL: https://www.tinnhanhchungkhoan.vn/co-phieu-phong-thu-phat-huy-vai-tro-post387263.html
[2026-06-30 16:37:08] [TASK_4] [WARNING]   URL: https://vietstock.vn/2026/03/vbb-thay-doi-nhan-su-214-1416701.htm
[2026-06-30 16:37:08] [TASK_4] [WARNING]   URL: https://vietstock.vn/2026/03/nab-dieu-le-cong-ty-sua-doi-737-1416551.htm
[2026-06-30 16:37:08] [TASK_4] [WARNING]   URL: https://vietstock.vn/2026/03/frt-bctc-nam-2025-737-1417101.htm
[2026-06-30 16:37:08] [TASK_4] [WARNING]   URL: https://vietstock.vn/2026/03/anv-bctc-nam-2025-737-1416890.htm
[2026-06-30 16:37:08] [TASK_4] [WARNING]   URL: https://vietstock.vn/2026/03/kdh-thong-bao-thay-doi-nhan-su-214-1418001.htm
[2026-06-30 16:37:08] [TASK_4] [WARNING]   URL: https://vietstock.vn/2026/03/bmp-bctc-nam-2025-737-1417849.htm
[2026-06-30 16:37:08] [TASK_4] [WARNING]   URL: https://vietstock.vn/2026/03/abb-nghi-quyet-hoi-dong-quan-tri-737-1419356.htm
[2026-06-30 16:37:08] [TASK_4] [WARNING]   URL: https://www.tinnhanhchungkhoan.vn/thanh-khoan-suy-yeu-post387687.html
[2026-06-30 16:37:08] [TASK_4] [WARNING]   URL: https://vietstock.vn/2026/03/vci-dieu-le-cong-ty-sua-doi-737-1419913.htm
[2026-06-30 16:37:08] [TASK_4] [WARNING]   URL: https://vietstock.vn/2026/04/ssi-thong-bao-thay-doi-ke-toan-truong-214-1422589.htm
[2026-06-30 16:37:08] [TASK_4] [WARNING]   URL: https://vietstock.vn/2026/04/mbs-thay-doi-nhan-su-214-1420756.htm
[2026-06-30 16:37:08] [TASK_4] [WARNING]   URL: https://vietstock.vn/2026/04/ree-dieu-le-cong-ty-737-1421672.htm
[2026-06-30 16:37:08] [TASK_4] [WARNING]   URL: https://vietstock.vn/2026/04/ssi-thong-bao-thay-doi-nhan-su-214-1422906.htm
[2026-06-30 16:37:08] [TASK_4] [WARNING]   URL: https://vietstock.vn/2026/04/mbs-nghi-quyet-hoi-dong-quan-tri-737-1423589.htm
[2026-06-30 16:37:08] [TASK_4] [WARNING]   URL: https://vietstock.vn/2026/04/vci-dieu-le-cong-ty-737-1422558.htm
[2026-06-30 16:37:08] [TASK_4] [WARNING]   URL: https://vietstock.vn/2026/04/abb-bao-cao-thuong-nien-2025-737-1423274.htm
[2026-06-30 16:37:08] [TASK_4] [WARNING]   URL: https://vietstock.vn/2026/04/vic-thong-bao-dinh-chinh-thong-tin-830-1426463.htm
[2026-06-30 16:37:08] [TASK_4] [WARNING]   URL: https://vietstock.vn/2026/04/abb-nghi-quyet-hoi-dong-quan-tri-737-1425961.htm
[2026-06-30 16:37:08] [TASK_4] [WARNING]   URL: https://vietstock.vn/2026/04/dxg-thong-bao-thay-doi-nhan-su-214-1427841.htm
[2026-06-30 16:37:08] [TASK_4] [WARNING]   URL: https://vietstock.vn/2026/04/vbb-bao-cao-thuong-nien-2025-737-1431604.htm
[2026-06-30 16:37:08] [TASK_4] [WARNING]   URL: https://vietstock.vn/2026/04/mwg-dieu-le-cong-ty-737-1430219.htm
[2026-06-30 16:37:08] [TASK_4] [WARNING]   URL: https://vietstock.vn/2026/04/bsi-dieu-le-cong-ty-sua-doi-bo-sung-737-1433930.htm
[2026-06-30 16:37:08] [TASK_4] [WARNING]   URL: https://vietstock.vn/2026/04/abb-nghi-quyet-hoi-dong-quan-tri-737-1430145.htm
[2026-06-30 16:37:08] [TASK_4] [WARNING]   URL: https://vietstock.vn/2026/04/mbb-thong-bao-thay-doi-nhan-su-214-1430551.htm
[2026-06-30 16:37:08] [TASK_4] [WARNING]   URL: https://vietstock.vn/2026/04/bvh-bao-cao-tich-hop-2025-830-1431514.htm
[2026-06-30 16:37:08] [TASK_4] [WARNING]   URL: https://vietstock.vn/2026/04/bvb-bao-cao-thuong-nien-2025-737-1432961.htm
[2026-06-30 16:37:08] [TASK_4] [WARNING]   URL: https://vietstock.vn/2026/04/bvb-thay-doi-nhan-su-214-1433401.htm
[2026-06-30 16:37:08] [TASK_4] [WARNING]   URL: https://vietstock.vn/2026/04/elc-dieu-le-cong-ty-737-1433847.htm
[2026-06-30 16:37:08] [TASK_4] [WARNING]   URL: https://vietstock.vn/2026/04/vnm-dieu-le-cong-ty-737-1433085.htm
[2026-06-30 16:37:08] [TASK_4] [WARNING]   URL: https://vietstock.vn/2026/04/scr-thong-bao-thay-doi-nhan-su-214-1433694.htm
[2026-06-30 16:37:08] [TASK_4] [WARNING]   URL: https://www.tinnhanhchungkhoan.vn/mua-dai-hoi-phan-hoa-manh-post389533.html
[2026-06-30 16:37:08] [TASK_4] [WARNING]   URL: https://vietstock.vn/2026/04/nlg-dieu-le-cong-ty-737-1434990.htm
[2026-06-30 16:37:08] [TASK_4] [WARNING]   URL: https://vietstock.vn/2026/04/vcg-dieu-le-cong-ty-sua-doi-737-1434951.htm
[2026-06-30 16:37:08] [TASK_4] [WARNING]   URL: https://vietstock.vn/2026/04/pgb-nghi-quyet-hoi-dong-quan-tri-737-1434595.htm
[2026-06-30 16:37:08] [TASK_4] [WARNING]   URL: https://vietstock.vn/2026/05/eib-quy-che-quan-tri-noi-bo-143-1438125.htm
[2026-06-30 16:37:08] [TASK_4] [WARNING]   URL: https://vietstock.vn/2026/05/vbb-thay-doi-nhan-su-214-1437550.htm
[2026-06-30 16:37:08] [TASK_4] [WARNING]   URL: https://vietstock.vn/2026/05/vinaconex-lai-doi-chu-tich-214-1438243.htm
[2026-06-30 16:37:08] [TASK_4] [WARNING]   URL: https://vietstock.vn/2026/05/lpb-thong-bao-thay-doi-nhan-su-214-1439668.htm
[2026-06-30 16:37:08] [TASK_4] [WARNING]   URL: https://vietstock.vn/2026/05/eib-dieu-le-cong-ty-737-1438124.htm
[2026-06-30 16:37:08] [TASK_4] [WARNING]   URL: https://vietstock.vn/2026/05/vjc-cong-bo-thong-tin-214-1438200.htm
[2026-06-30 16:37:08] [TASK_4] [WARNING]   URL: https://vietstock.vn/2026/05/tcb-thong-bao-thay-doi-dieu-le-737-1439664.htm
[2026-06-30 16:37:08] [TASK_4] [WARNING]   URL: https://vietstock.vn/2026/05/abb-nghi-quyet-hoi-dong-quan-tri-737-1439520.htm
[2026-06-30 16:37:08] [TASK_4] [WARNING]   URL: https://vietstock.vn/2026/05/vbb-dieu-le-ngan-hang-737-1443190.htm
[2026-06-30 16:37:08] [TASK_4] [WARNING]   URL: https://vietstock.vn/2026/05/vbb-thay-doi-nhan-su-214-1443248.htm
[2026-06-30 16:37:08] [TASK_4] [WARNING]   URL: https://vietstock.vn/2026/05/vcb-dieu-le-cong-ty-sua-doi-2026-737-1444400.htm
[2026-06-30 16:37:08] [TASK_4] [WARNING]   URL: https://vietstock.vn/2026/05/lpb-dieu-le-cong-ty-737-1444378.htm
[2026-06-30 16:37:08] [TASK_4] [WARNING]   URL: https://vietstock.vn/2026/05/vib-thong-bao-thay-doi-nhan-su-214-1444116.htm
[2026-06-30 16:37:08] [TASK_4] [WARNING]   URL: https://vietstock.vn/2026/05/ocb-bo-nhiem-pho-tong-giam-doc-214-1445092.htm
[2026-06-30 16:37:08] [TASK_4] [WARNING]   URL: https://vietstock.vn/2026/05/mbs-nghi-quyet-hoi-dong-quan-tri-737-1446084.htm
[2026-06-30 16:37:08] [TASK_4] [WARNING]   URL: https://vietstock.vn/2026/05/ocb-bo-nhiem-quyen-tong-giam-doc-214-1448352.htm
[2026-06-30 16:37:08] [TASK_4] [WARNING]   URL: https://www.tinnhanhchungkhoan.vn/thoi-diem-chon-loc-co-hoi-post390988.html
[2026-06-30 16:37:08] [TASK_4] [WARNING]   URL: https://vietstock.vn/2026/06/cmg-thong-bao-thay-doi-nhan-su-214-1449586.htm
[2026-06-30 16:37:08] [TASK_4] [WARNING]   URL: https://vietstock.vn/2026/06/vbb-thay-doi-nhan-su-214-1449388.htm
[2026-06-30 16:37:08] [TASK_4] [WARNING]   URL: https://vietstock.vn/2026/06/cmg-bo-nhiem-tong-giam-doc-moi-214-1451109.htm
[2026-06-30 16:37:08] [TASK_4] [WARNING]   URL: https://vietstock.vn/2026/06/gvr-tu-cach-cong-ty-dai-chung-830-1450907.htm
[2026-06-30 16:37:08] [TASK_4] [WARNING]   URL: https://vietstock.vn/2026/06/eib-thong-bao-thay-doi-nhan-su-214-1452460.htm
[2026-06-30 16:37:08] [TASK_4] [WARNING]   URL: https://vietstock.vn/2026/06/vbb-thay-doi-nhan-su-214-1452604.htm
[2026-06-30 16:37:08] [TASK_4] [WARNING]   URL: https://www.tinnhanhchungkhoan.vn/chua-du-chiet-khau-post391846.html
[2026-06-30 16:37:08] [TASK_4] [WARNING]   URL: https://vietstock.vn/2026/06/khi-esop-tien-hoa-764-1453118.htm
[2026-06-30 16:37:08] [TASK_4] [WARNING]   URL: https://vietstock.vn/2026/06/bab-nghi-quyet-hoi-dong-quan-tri-737-1454284.htm
[2026-06-30 16:37:08] [TASK_4] [WARNING]   URL: https://vietnambiz.vn/sacombank-doi-tru-so-chinh-202661485117806.htm
[2026-06-30 16:37:08] [TASK_4] [WARNING]   URL: https://vietstock.vn/2026/06/vbb-thay-doi-nhan-su-214-1455822.htm
[2026-06-30 16:37:08] [TASK_4] [WARNING]   URL: https://vietstock.vn/2026/06/abb-nghi-quyet-hoi-dong-quan-tri-737-1456851.htm
[2026-06-30 16:37:08] [TASK_4] [WARNING]   URL: https://vietstock.vn/2026/06/elc-cbtt-ve-cong-ty-con-830-1458185.htm
[2026-06-30 16:37:08] [TASK_4] [WARNING]   URL: https://vietstock.vn/2026/06/stb-thong-bao-thay-doi-nhan-su-214-1457789.htm
[2026-06-30 16:37:08] [TASK_4] [WARNING]   URL: https://vietstock.vn/2026/06/vbb-thay-doi-nhan-su-214-1460120.htm
[2026-06-30 16:37:08] [TASK_4] [WARNING]   URL: https://vietstock.vn/2026/06/vnd-bctc-nam-2026-737-1459958.htm
[2026-06-30 16:37:08] [TASK_4] [WARNING]   URL: https://www.tinnhanhchungkhoan.vn/hoi-sinh-ma-lang-post393110.html
[2026-06-30 16:37:08] [TASK_4] [WARNING]   URL: https://vietstock.vn/2026/06/vci-dieu-le-cong-ty-737-1460351.htm
[2026-06-30 16:37:09] [TASK_4] [INFO] Saved 34966 processed articles to data/news/processed/all_news_processed.csv.
[2026-06-30 16:37:09] [TASK_4] [INFO] ============================================================
[2026-06-30 16:37:09] [TASK_4] [INFO] TEXT PREPROCESSING REPORT
[2026-06-30 16:37:09] [TASK_4] [INFO] ============================================================
[2026-06-30 16:37:09] [TASK_4] [INFO] Articles before deduplication : 52790
[2026-06-30 16:37:09] [TASK_4] [INFO] Articles after deduplication  : 35158
[2026-06-30 16:37:09] [TASK_4] [INFO] Articles in final output      : 34966
[2026-06-30 16:37:09] [TASK_4] [INFO] Average token count per article: 20.7
[2026-06-30 16:37:09] [TASK_4] [INFO] 
Top 50 most frequent tokens:
[2026-06-30 16:37:09] [TASK_4] [INFO]   ,                              12564
[2026-06-30 16:37:09] [TASK_4] [INFO]   hđqt                           10825
[2026-06-30 16:37:09] [TASK_4] [INFO]   về                             10315
[2026-06-30 16:37:09] [TASK_4] [INFO]   thông_báo                      9826
[2026-06-30 16:37:09] [TASK_4] [INFO]   năm                            9782
[2026-06-30 16:37:09] [TASK_4] [INFO]   cổ_phần                        9661
[2026-06-30 16:37:09] [TASK_4] [INFO]   nghị_quyết                     9271
[2026-06-30 16:37:09] [TASK_4] [INFO]   của                            9025
[2026-06-30 16:37:09] [TASK_4] [INFO]   việc                           7852
[2026-06-30 16:37:09] [TASK_4] [INFO]   và                             7572
[2026-06-30 16:37:09] [TASK_4] [INFO]   cổ_phiếu                       6360
[2026-06-30 16:37:09] [TASK_4] [INFO]   ngân_hàng                      5651
[2026-06-30 16:37:09] [TASK_4] [INFO]   sau                            5335
[2026-06-30 16:37:09] [TASK_4] [INFO]   giao_dịch                      4797
[2026-06-30 16:37:09] [TASK_4] [INFO]   ngày                           4480
[2026-06-30 16:37:09] [TASK_4] [INFO]   nbsp                           4412
[2026-06-30 16:37:09] [TASK_4] [INFO]   thay_đổi                       4235
[2026-06-30 16:37:09] [TASK_4] [INFO]   .                              4147
[2026-06-30 16:37:09] [TASK_4] [INFO]   như                            3942
[2026-06-30 16:37:09] [TASK_4] [INFO]   việt_nam                       3856
[2026-06-30 16:37:09] [TASK_4] [INFO]   tỷ                             3811
[2026-06-30 16:37:09] [TASK_4] [INFO]   với                            3786
[2026-06-30 16:37:09] [TASK_4] [INFO]   cho                            3781
[2026-06-30 16:37:09] [TASK_4] [INFO]   thương_mại                     3642
[2026-06-30 16:37:09] [TASK_4] [INFO]   2025                           3508
[2026-06-30 16:37:09] [TASK_4] [INFO]   tăng                           3404
[2026-06-30 16:37:09] [TASK_4] [INFO]   trong                          3366
[2026-06-30 16:37:09] [TASK_4] [INFO]   phát_hành                      3336
[2026-06-30 16:37:09] [TASK_4] [INFO]   thông_qua                      2943
[2026-06-30 16:37:09] [TASK_4] [INFO]   2022                           2942
[2026-06-30 16:37:09] [TASK_4] [INFO]   v                              2886
[2026-06-30 16:37:09] [TASK_4] [INFO]   để                             2882
[2026-06-30 16:37:09] [TASK_4] [INFO]   trái_phiếu                     2876
[2026-06-30 16:37:09] [TASK_4] [INFO]   báo_cáo                        2848
[2026-06-30 16:37:09] [TASK_4] [INFO]   %                              2835
[2026-06-30 16:37:09] [TASK_4] [INFO]   đồng                           2830
[2026-06-30 16:37:09] [TASK_4] [INFO]   công_bố                        2826
[2026-06-30 16:37:09] [TASK_4] [INFO]   2023                           2704
[2026-06-30 16:37:09] [TASK_4] [INFO]   2024                           2683
[2026-06-30 16:37:09] [TASK_4] [INFO]   vốn                            2647
[2026-06-30 16:37:09] [TASK_4] [INFO]   chứng_khoán                    2613
[2026-06-30 16:37:09] [TASK_4] [INFO]   quyết_định                     2589
[2026-06-30 16:37:09] [TASK_4] [INFO]   đhđcđ                          2553
[2026-06-30 16:37:09] [TASK_4] [INFO]   địa_điểm                       2538
[2026-06-30 16:37:09] [TASK_4] [INFO]   đăng_ký                        2535
[2026-06-30 16:37:09] [TASK_4] [INFO]   ng                             2530
[2026-06-30 16:37:09] [TASK_4] [INFO]   người                          2449
[2026-06-30 16:37:09] [TASK_4] [INFO]   chi_nhánh                      2352
[2026-06-30 16:37:09] [TASK_4] [INFO]   có                             2316
[2026-06-30 16:37:09] [TASK_4] [INFO]   quý                            2128
[2026-06-30 16:37:09] [TASK_4] [INFO] ============================================================
[2026-06-30 16:37:09] [TASK_4] [INFO] ------------------------------------------------------------
[2026-06-30 16:37:09] [TASK_4] [INFO] END TASK_4 — completed in 68.4 seconds
[2026-06-30 16:37:10] [TASK_4] [INFO] Output: data/news/processed/all_news_processed.csv (34979 rows)
[2026-06-30 16:37:10] [TASK_4] [INFO] ============================================================
[2026-06-30 16:37:18] [TASK_4] [INFO] ============================================================
[2026-06-30 16:37:18] [TASK_4] [INFO] START TASK_4: Text Preprocessing (clean, tokenize, deduplicate)
[2026-06-30 16:37:18] [TASK_4] [INFO] Timestamp: 2026-06-30T16:37:18.411446
[2026-06-30 16:37:18] [TASK_4] [INFO] ============================================================
[2026-06-30 16:37:18] [TASK_4] [INFO] Input: data/news/matched/all_news_matched.csv (52807 rows)
[2026-06-30 16:37:19] [TASK_4] [INFO] Starting Text Preprocessing (TASK 4)...
[2026-06-30 16:37:19] [TASK_4] [INFO] Loaded 52790 articles from data/news/matched/all_news_matched.csv.
[2026-06-30 16:37:19] [TASK_4] [INFO] Loaded 23 stopwords from config/stopwords_finance.txt.
[2026-06-30 16:37:19] [TASK_4] [INFO] URL deduplication: 52790 → 45968 (removed 6822 duplicates).
[2026-06-30 16:37:53] [TASK_4] [INFO] Fuzzy title deduplication: 45968 → 35158 (removed 10810 near-duplicates, threshold=90%).
[2026-06-30 16:37:53] [TASK_4] [INFO] Cleaning text...
[2026-06-30 16:37:54] [TASK_4] [INFO] Tokenizing 35158 articles...
[2026-06-30 16:37:54] [TASK_4] [INFO] Using multiprocessing for 35158 articles (threshold=10000).
[2026-06-30 16:38:23] [TASK_4] [INFO] Removing stopwords...
[2026-06-30 16:38:24] [TASK_4] [WARNING] Excluding 192 articles with <5 tokens:
[2026-06-30 16:38:24] [TASK_4] [WARNING]   URL: https://vietnambiz.vn/kido-thau-tom-hung-vuong-plaza-202482310430645.htm
[2026-06-30 16:38:24] [TASK_4] [WARNING]   URL: https://vietnambiz.vn/duc-long-gia-lai-kien-lilama-202483144647773.htm
[2026-06-30 16:38:24] [TASK_4] [WARNING]   URL: https://vietnambiz.vn/doanh-nghiep-duoc-chay-dua-mo-rong-cong-suat-202410214323780.htm
[2026-06-30 16:38:24] [TASK_4] [WARNING]   URL: https://vietnambiz.vn/cong-ty-phuc-son-co-tong-giam-doc-moi-2024101615251538.htm
[2026-06-30 16:38:24] [TASK_4] [WARNING]   URL: https://vietnambiz.vn/quy-buon-cua-doanh-nghiep-xang-dau-20241031142636877.htm
[2026-06-30 16:38:24] [TASK_4] [WARNING]   URL: https://vietnambiz.vn/cong-ty-misa-co-tong-giam-doc-moi-2024111194455296.htm
[2026-06-30 16:38:24] [TASK_4] [WARNING]   URL: https://vietnambiz.vn/vinpearl-tro-thanh-cong-ty-dai-chung-202411168714653.htm
[2026-06-30 16:38:24] [TASK_4] [WARNING]   URL: https://vietnambiz.vn/ocb-bo-nhiem-ke-toan-truong-moi-20241210121111894.htm
[2026-06-30 16:38:24] [TASK_4] [WARNING]   URL: https://vietnambiz.vn/loi-nhuan-acv-lap-ky-luc-2024122122227430.htm
[2026-06-30 16:38:24] [TASK_4] [WARNING]   URL: https://vietnambiz.vn/vissan-co-tong-giam-doc-moi-2024122219346868.htm
[2026-06-30 16:38:24] [TASK_4] [WARNING]   URL: https://vietnambiz.vn/hagl-giai-the-nong-nghiep-kon-thup-20251910362769.htm
[2026-06-30 16:38:24] [TASK_4] [WARNING]   URL: https://vietnambiz.vn/scs-lap-ky-luc-san-luong-202511011058883.htm
[2026-06-30 16:38:24] [TASK_4] [WARNING]   URL: https://vietnambiz.vn/coteccons-sach-no-trai-phieu-202511611121510.htm
[2026-06-30 16:38:24] [TASK_4] [WARNING]   URL: https://vietnambiz.vn/nam-thang-tram-cua-doanh-nghiep-thep-202524152816964.htm
[2026-06-30 16:38:24] [TASK_4] [WARNING]   URL: https://vietnambiz.vn/loi-nhuan-thao-cam-vien-giam-manh-2025215201346295.htm
[2026-06-30 16:38:24] [TASK_4] [WARNING]   URL: https://vietnambiz.vn/bamboo-capital-thay-tong-giam-doc-202522712257395.htm
[2026-06-30 16:38:24] [TASK_4] [WARNING]   URL: https://www.tinnhanhchungkhoan.vn/ngan-hang-hdbank-hdb-hose-post365031.html
[2026-06-30 16:38:24] [TASK_4] [WARNING]   URL: https://www.tinnhanhchungkhoan.vn/ngan-hang-vietcombank-vcb-hose-post365004.html
[2026-06-30 16:38:24] [TASK_4] [WARNING]   URL: https://www.tinnhanhchungkhoan.vn/thi-truong-dieu-chinh-post365608.html
[2026-06-30 16:38:24] [TASK_4] [WARNING]   URL: https://vietnambiz.vn/lpbank-bo-nhiem-pho-tong-giam-doc-20254212093134.htm
[2026-06-30 16:38:24] [TASK_4] [WARNING]   URL: https://cafef.vn/du-lieu/ABB-2186427/abb-dieu-le-cong-ty.chn
[2026-06-30 16:38:24] [TASK_4] [WARNING]   URL: https://www.tinnhanhchungkhoan.vn/shb-but-pha-tu-noi-luc-post368325.html
[2026-06-30 16:38:24] [TASK_4] [WARNING]   URL: https://www.tinnhanhchungkhoan.vn/fpt-thau-tom-cong-ty-cong-nghe-duc-post368636.html
[2026-06-30 16:38:24] [TASK_4] [WARNING]   URL: https://vietnambiz.vn/becamex-thay-ghe-tong-giam-doc-202562521515505.htm
[2026-06-30 16:38:24] [TASK_4] [WARNING]   URL: https://vietstock.vn/2025/06/eib-thong-bao-thay-doi-nhan-su-cong-ty-214-1323153.htm
[2026-06-30 16:38:24] [TASK_4] [WARNING]   URL: https://vietstock.vn/2025/07/mwg-co-hoi-dau-tu-dai-han-582-1327666.htm
[2026-06-30 16:38:24] [TASK_4] [WARNING]   URL: https://vietstock.vn/2025/07/dxg-quyet-dinh-thay-doi-niem-yet-741-1324179.htm
[2026-06-30 16:38:24] [TASK_4] [WARNING]   URL: https://vietstock.vn/2025/07/mbs-nghi-quyet-hoi-dong-quan-tri-737-1325027.htm
[2026-06-30 16:38:24] [TASK_4] [WARNING]   URL: https://www.tinnhanhchungkhoan.vn/acb-tang-truong-ben-vung-theo-thoi-gian-post372514.html
[2026-06-30 16:38:24] [TASK_4] [WARNING]   URL: https://vietstock.vn/2025/07/vietjet-co-giam-doc-dieu-hanh-moi-214-1325436.htm
[2026-06-30 16:38:24] [TASK_4] [WARNING]   URL: https://vietnambiz.vn/lan-song-cat-giam-nhan-su-ngan-hang-202577162332162.htm
[2026-06-30 16:38:24] [TASK_4] [WARNING]   URL: https://vietstock.vn/2025/07/vbb-nghi-quyet-hoi-dong-quan-tri-737-1327546.htm
[2026-06-30 16:38:24] [TASK_4] [WARNING]   URL: https://vietnambiz.vn/ocb-bo-nhiem-giam-doc-tai-chinh-2025711231420824.htm
[2026-06-30 16:38:24] [TASK_4] [WARNING]   URL: https://vietnambiz.vn/doanh-nghiep-bat-dong-san-quay-lai-thi-truong-202571221541624.htm
[2026-06-30 16:38:24] [TASK_4] [WARNING]   URL: https://vietstock.vn/2025/07/hdb-thong-bao-thay-doi-mau-dau-cong-ty-830-1328986.htm
[2026-06-30 16:38:24] [TASK_4] [WARNING]   URL: https://vietstock.vn/2025/07/hpg-thong-bao-thay-doi-dia-chi-cong-ty-737-1329814.htm
[2026-06-30 16:38:24] [TASK_4] [WARNING]   URL: https://vietstock.vn/2025/07/co-phieu-vua-tro-lai-757-1331448.htm
[2026-06-30 16:38:24] [TASK_4] [WARNING]   URL: https://vietstock.vn/2025/07/ssi-bo-nhiem-ceo-moi-214-1330233.htm
[2026-06-30 16:38:24] [TASK_4] [WARNING]   URL: https://vietnambiz.vn/petrolimex-co-ceo-moi-2025720853396.htm
[2026-06-30 16:38:24] [TASK_4] [WARNING]   URL: https://vietnambiz.vn/ssi-co-tan-tong-giam-doc-202572183423438.htm
[2026-06-30 16:38:24] [TASK_4] [WARNING]   URL: https://vietstock.vn/2025/07/vbb-dieu-le-ngan-hang-sua-doi-737-1331153.htm
[2026-06-30 16:38:24] [TASK_4] [WARNING]   URL: https://vietnambiz.vn/det-may-tng-lai-ky-luc-2025722111918538.htm
[2026-06-30 16:38:24] [TASK_4] [WARNING]   URL: https://vietstock.vn/2025/07/pgb-nghi-quyet-hoi-dong-quan-tri-737-1332416.htm
[2026-06-30 16:38:24] [TASK_4] [WARNING]   URL: https://vietnambiz.vn/dong-ruble-tang-gia-manh-loi-bat-cap-hai-20257257654236.htm
[2026-06-30 16:38:24] [TASK_4] [WARNING]   URL: https://vietstock.vn/2025/07/stb-thong-bao-thay-doi-con-dau-cong-ty-830-1334591.htm
[2026-06-30 16:38:24] [TASK_4] [WARNING]   URL: https://vietstock.vn/2025/08/gvr-thong-bao-thay-doi-mau-dau-cong-ty-830-1338793.htm
[2026-06-30 16:38:24] [TASK_4] [WARNING]   URL: https://vietstock.vn/2025/08/klb-nghi-quyet-hoi-dong-quan-tri-737-1338313.htm
[2026-06-30 16:38:24] [TASK_4] [WARNING]   URL: https://vietstock.vn/2025/08/vbb-thong-bao-thay-doi-nhan-su-cong-ty-214-1337994.htm
[2026-06-30 16:38:24] [TASK_4] [WARNING]   URL: https://vietnambiz.vn/duong-day-mua-300000-the-tin-dung-202587205746398.htm
[2026-06-30 16:38:24] [TASK_4] [WARNING]   URL: https://vietstock.vn/2025/08/abb-nghi-quyet-hoi-dong-quan-tri-737-1340906.htm
[2026-06-30 16:38:24] [TASK_4] [WARNING]   URL: https://vietstock.vn/2025/08/vre-cbtt-sap-nhap-cong-ty-con-830-1345967.htm
[2026-06-30 16:38:24] [TASK_4] [WARNING]   URL: https://vietstock.vn/2025/08/ppc-thong-bao-thay-doi-nhan-su-cong-ty-214-1341518.htm
[2026-06-30 16:38:24] [TASK_4] [WARNING]   URL: https://vietstock.vn/2025/08/hsg-cbtt-thay-doi-con-dau-830-1343019.htm
[2026-06-30 16:38:24] [TASK_4] [WARNING]   URL: https://vietstock.vn/2025/08/hah-cbtt-thanh-lap-cong-ty-lien-ket-830-1345536.htm
[2026-06-30 16:38:24] [TASK_4] [WARNING]   URL: https://vietstock.vn/2025/08/cmg-thong-bao-thay-doi-mau-dau-cong-ty-830-1343714.htm
[2026-06-30 16:38:24] [TASK_4] [WARNING]   URL: https://vietstock.vn/2025/08/abb-nghi-quyet-hoi-dong-quan-tri-737-1343852.htm
[2026-06-30 16:38:24] [TASK_4] [WARNING]   URL: https://www.tinnhanhchungkhoan.vn/ap-luc-dieu-chinh-post375373.html
[2026-06-30 16:38:24] [TASK_4] [WARNING]   URL: https://vietstock.vn/2025/08/scr-cbtt-nang-cap-website-830-1346800.htm
[2026-06-30 16:38:24] [TASK_4] [WARNING]   URL: https://vietstock.vn/2025/09/pgb-nghi-quyet-hoi-dong-quan-tri-737-1352270.htm
[2026-06-30 16:38:24] [TASK_4] [WARNING]   URL: https://vietstock.vn/2025/09/phr-thong-bao-thay-doi-mau-dau-cong-ty-830-1353520.htm
[2026-06-30 16:38:24] [TASK_4] [WARNING]   URL: https://vietstock.vn/2025/09/vbb-nghi-quyet-hoi-dong-quan-tri-737-1352622.htm
[2026-06-30 16:38:24] [TASK_4] [WARNING]   URL: https://vietstock.vn/2025/09/abb-quyet-dinh-hoi-dong-quan-tri-830-1353915.htm
[2026-06-30 16:38:24] [TASK_4] [WARNING]   URL: https://vietstock.vn/2025/09/vjc-thong-bao-thay-doi-mau-dau-cong-ty-830-1354007.htm
[2026-06-30 16:38:24] [TASK_4] [WARNING]   URL: https://vietstock.vn/2025/09/ocb-dieu-le-cong-ty-737-1354066.htm
[2026-06-30 16:38:24] [TASK_4] [WARNING]   URL: https://vietstock.vn/2025/09/vic-cbtt-thanh-lap-cong-ty-con-830-1354256.htm
[2026-06-30 16:38:24] [TASK_4] [WARNING]   URL: https://vietstock.vn/2025/10/mch-nghi-quyet-hoi-dong-quan-tri-737-1357614.htm
[2026-06-30 16:38:24] [TASK_4] [WARNING]   URL: https://vietstock.vn/2025/10/vbb-thong-bao-thay-doi-nhan-su-cong-ty-214-1358090.htm
[2026-06-30 16:38:24] [TASK_4] [WARNING]   URL: https://vietstock.vn/2025/10/petrolimex-sap-nhap-1-cong-ty-con-764-1358086.htm
[2026-06-30 16:38:24] [TASK_4] [WARNING]   URL: https://vietstock.vn/2025/10/mbb-sua-doi-dieu-le-cong-ty-737-1358783.htm
[2026-06-30 16:38:24] [TASK_4] [WARNING]   URL: https://vietstock.vn/2025/10/vic-cbtt-thanh-lap-cong-ty-con-830-1358899.htm
[2026-06-30 16:38:24] [TASK_4] [WARNING]   URL: https://vietstock.vn/2025/10/vnm-thong-bao-thay-doi-dau-moc-cong-ty-830-1360000.htm
[2026-06-30 16:38:24] [TASK_4] [WARNING]   URL: https://vietstock.vn/2025/10/abb-nghi-quyet-hoi-dong-quan-tri-737-1364661.htm
[2026-06-30 16:38:24] [TASK_4] [WARNING]   URL: https://www.tinnhanhchungkhoan.vn/dong-tien-tro-lai-post378305.html
[2026-06-30 16:38:24] [TASK_4] [WARNING]   URL: https://vietstock.vn/2025/10/msb-dieu-le-cong-ty-sua-doi-737-1363219.htm
[2026-06-30 16:38:24] [TASK_4] [WARNING]   URL: https://vietstock.vn/2025/10/nlg-thong-bao-thay-doi-mau-dau-cong-ty-830-1365212.htm
[2026-06-30 16:38:24] [TASK_4] [WARNING]   URL: https://vietstock.vn/2025/10/klb-nghi-quyet-hoi-dong-quan-tri-737-1366550.htm
[2026-06-30 16:38:24] [TASK_4] [WARNING]   URL: https://www.tinnhanhchungkhoan.vn/trien-vong-co-phieu-khu-cong-nghiep-post379697.html
[2026-06-30 16:38:24] [TASK_4] [WARNING]   URL: https://vietstock.vn/2025/11/ssi-cac-nghi-quyet-hdqt-737-1369449.htm
[2026-06-30 16:38:24] [TASK_4] [WARNING]   URL: https://vietstock.vn/2025/11/hcm-dieu-le-cong-ty-sua-doi-737-1369446.htm
[2026-06-30 16:38:24] [TASK_4] [WARNING]   URL: https://vietstock.vn/2025/11/mbs-nghi-quyet-hoi-dong-quan-tri-737-1369981.htm
[2026-06-30 16:38:24] [TASK_4] [WARNING]   URL: https://vietstock.vn/2025/11/ty-phu-pham-nhat-vuong-thanh-lap-vinspace-737-1370172.htm
[2026-06-30 16:38:24] [TASK_4] [WARNING]   URL: https://www.tinnhanhchungkhoan.vn/vn-index-doi-dien-ap-luc-post380152.html
[2026-06-30 16:38:24] [TASK_4] [WARNING]   URL: https://vietstock.vn/2025/11/abb-quyet-dinh-hoi-dong-quan-tri-830-1371424.htm
[2026-06-30 16:38:24] [TASK_4] [WARNING]   URL: https://www.tinnhanhchungkhoan.vn/dong-tien-do-day-post380531.html
[2026-06-30 16:38:24] [TASK_4] [WARNING]   URL: https://vietstock.vn/2025/11/bab-nghi-quyet-hoi-dong-quan-tri-737-1374361.htm
[2026-06-30 16:38:24] [TASK_4] [WARNING]   URL: https://vietstock.vn/2025/11/digiworld-chiu-phat-thue-758-1375032.htm
[2026-06-30 16:38:24] [TASK_4] [WARNING]   URL: https://vietstock.vn/2025/12/abb-nghi-quyet-hoi-dong-quan-tri-737-1379773.htm
[2026-06-30 16:38:24] [TASK_4] [WARNING]   URL: https://vietstock.vn/2025/12/vhm-thong-bao-cong-ty-lien-ket-cua-cong-ty-830-1378964.htm
[2026-06-30 16:38:24] [TASK_4] [WARNING]   URL: https://vietstock.vn/2025/12/dpm-chinh-thuc-ra-mat-dap-phu-my-737-1379206.htm
[2026-06-30 16:38:24] [TASK_4] [WARNING]   URL: https://vietstock.vn/2025/12/dgw-dieu-le-cong-ty-737-1380383.htm
[2026-06-30 16:38:24] [TASK_4] [WARNING]   URL: https://vietstock.vn/2025/12/abb-nghi-quyet-hoi-dong-quan-tri-737-1380628.htm
[2026-06-30 16:38:24] [TASK_4] [WARNING]   URL: https://www.tinnhanhchungkhoan.vn/co-phieu-bao-hiem-lech-nhip-post382119.html
[2026-06-30 16:38:24] [TASK_4] [WARNING]   URL: https://vietstock.vn/2025/12/klb-nghi-quyet-hoi-dong-quan-tri-737-1383296.htm
[2026-06-30 16:38:24] [TASK_4] [WARNING]   URL: https://vietstock.vn/2025/12/pgb-thong-bao-giao-dich-co-phieu-830-1383819.htm
[2026-06-30 16:38:24] [TASK_4] [WARNING]   URL: https://vietstock.vn/2026/01/abb-nghi-quyet-hoi-dong-quan-tri-737-1388535.htm
[2026-06-30 16:38:24] [TASK_4] [WARNING]   URL: https://vietstock.vn/2026/01/bab-cong-bo-thong-tin-bat-thuong-737-1390420.htm
[2026-06-30 16:38:24] [TASK_4] [WARNING]   URL: https://www.tinnhanhchungkhoan.vn/mo-rong-xu-huong-tang-post383533.html
[2026-06-30 16:38:24] [TASK_4] [WARNING]   URL: https://vietstock.vn/2026/01/mbs-nghi-quyet-hoi-dong-quan-tri-737-1392796.htm
[2026-06-30 16:38:24] [TASK_4] [WARNING]   URL: https://vietstock.vn/2026/01/ocb-bo-nhiem-pho-tong-giam-doc-214-1393853.htm
[2026-06-30 16:38:24] [TASK_4] [WARNING]   URL: https://vietstock.vn/2026/01/mch-dieu-le-cong-ty-cap-nhat-vdl-737-1393551.htm
[2026-06-30 16:38:24] [TASK_4] [WARNING]   URL: https://vietstock.vn/2026/01/ppc-thong-bao-thay-doi-nhan-su-cong-ty-214-1396501.htm
[2026-06-30 16:38:24] [TASK_4] [WARNING]   URL: https://vietstock.vn/2026/01/bab-cong-bo-thong-tin-bat-thuong-737-1397331.htm
[2026-06-30 16:38:24] [TASK_4] [WARNING]   URL: https://www.tinnhanhchungkhoan.vn/nhan-dien-doanh-nghiep-tang-truong-kep-post384328.html
[2026-06-30 16:38:24] [TASK_4] [WARNING]   URL: https://vietstock.vn/2026/01/abb-nghi-quyet-hoi-dong-quan-tri-737-1397206.htm
[2026-06-30 16:38:24] [TASK_4] [WARNING]   URL: https://vietstock.vn/2026/02/ssi-cong-bo-cap-nhat-dieu-le-cong-ty-737-1400632.htm
[2026-06-30 16:38:24] [TASK_4] [WARNING]   URL: https://vietstock.vn/2026/02/ssi-cap-nhat-dieu-le-cong-ty-737-1401125.htm
[2026-06-30 16:38:24] [TASK_4] [WARNING]   URL: https://vietstock.vn/2026/02/abb-nghi-quyet-hoi-dong-quan-tri-737-1401326.htm
[2026-06-30 16:38:24] [TASK_4] [WARNING]   URL: https://vietstock.vn/2026/02/abb-thong-bao-giao-dich-co-phieu-830-1402059.htm
[2026-06-30 16:38:24] [TASK_4] [WARNING]   URL: https://www.tinnhanhchungkhoan.vn/chung-khoan-khoi-sac-post385329.html
[2026-06-30 16:38:24] [TASK_4] [WARNING]   URL: https://vietstock.vn/2026/02/lpb-dieu-le-cong-ty-737-1403172.htm
[2026-06-30 16:38:24] [TASK_4] [WARNING]   URL: https://vietstock.vn/2026/02/abb-bao-cao-ket-qua-giao-dich-739-1403928.htm
[2026-06-30 16:38:24] [TASK_4] [WARNING]   URL: https://vietstock.vn/2026/02/abb-thong-bao-giao-dich-830-1403927.htm
[2026-06-30 16:38:24] [TASK_4] [WARNING]   URL: https://vietstock.vn/2026/02/vinaconex-doi-chu-tich-hdqt-214-1404982.htm
[2026-06-30 16:38:24] [TASK_4] [WARNING]   URL: https://vietstock.vn/2026/02/vbb-dieu-le-ngan-hang-737-1406058.htm
[2026-06-30 16:38:24] [TASK_4] [WARNING]   URL: https://vietstock.vn/2026/02/bab-nghi-quyet-hoi-dong-quan-tri-737-1405846.htm
[2026-06-30 16:38:24] [TASK_4] [WARNING]   URL: https://vietstock.vn/2026/02/eib-dieu-le-cong-ty-737-1405667.htm
[2026-06-30 16:38:24] [TASK_4] [WARNING]   URL: https://vietstock.vn/2026/03/hdb-cbtt-dieu-le-cong-ty-737-1407797.htm
[2026-06-30 16:38:24] [TASK_4] [WARNING]   URL: https://www.tinnhanhchungkhoan.vn/dia-chinh-tri-phu-bong-thi-truong-chung-khoan-post386402.html
[2026-06-30 16:38:24] [TASK_4] [WARNING]   URL: https://vietstock.vn/2026/03/mbs-nghi-quyet-hoi-dong-quan-tri-737-1412570.htm
[2026-06-30 16:38:24] [TASK_4] [WARNING]   URL: https://vietstock.vn/2026/03/mbs-bao-cao-thuong-nien-2025-737-1412679.htm
[2026-06-30 16:38:24] [TASK_4] [WARNING]   URL: https://vietstock.vn/2026/03/ocb-bo-nhiem-pho-tong-giam-doc-214-1414451.htm
[2026-06-30 16:38:24] [TASK_4] [WARNING]   URL: https://vietstock.vn/2026/03/nab-cbtt-thay-doi-nhan-su-214-1415352.htm
[2026-06-30 16:38:24] [TASK_4] [WARNING]   URL: https://www.tinnhanhchungkhoan.vn/co-phieu-phong-thu-phat-huy-vai-tro-post387263.html
[2026-06-30 16:38:24] [TASK_4] [WARNING]   URL: https://vietstock.vn/2026/03/vbb-thay-doi-nhan-su-214-1416701.htm
[2026-06-30 16:38:24] [TASK_4] [WARNING]   URL: https://vietstock.vn/2026/03/nab-dieu-le-cong-ty-sua-doi-737-1416551.htm
[2026-06-30 16:38:24] [TASK_4] [WARNING]   URL: https://vietstock.vn/2026/03/frt-bctc-nam-2025-737-1417101.htm
[2026-06-30 16:38:24] [TASK_4] [WARNING]   URL: https://vietstock.vn/2026/03/anv-bctc-nam-2025-737-1416890.htm
[2026-06-30 16:38:24] [TASK_4] [WARNING]   URL: https://vietstock.vn/2026/03/kdh-thong-bao-thay-doi-nhan-su-214-1418001.htm
[2026-06-30 16:38:24] [TASK_4] [WARNING]   URL: https://vietstock.vn/2026/03/bmp-bctc-nam-2025-737-1417849.htm
[2026-06-30 16:38:24] [TASK_4] [WARNING]   URL: https://vietstock.vn/2026/03/abb-nghi-quyet-hoi-dong-quan-tri-737-1419356.htm
[2026-06-30 16:38:24] [TASK_4] [WARNING]   URL: https://www.tinnhanhchungkhoan.vn/thanh-khoan-suy-yeu-post387687.html
[2026-06-30 16:38:24] [TASK_4] [WARNING]   URL: https://vietstock.vn/2026/03/vci-dieu-le-cong-ty-sua-doi-737-1419913.htm
[2026-06-30 16:38:24] [TASK_4] [WARNING]   URL: https://vietstock.vn/2026/04/ssi-thong-bao-thay-doi-ke-toan-truong-214-1422589.htm
[2026-06-30 16:38:24] [TASK_4] [WARNING]   URL: https://vietstock.vn/2026/04/mbs-thay-doi-nhan-su-214-1420756.htm
[2026-06-30 16:38:24] [TASK_4] [WARNING]   URL: https://vietstock.vn/2026/04/ree-dieu-le-cong-ty-737-1421672.htm
[2026-06-30 16:38:24] [TASK_4] [WARNING]   URL: https://vietstock.vn/2026/04/ssi-thong-bao-thay-doi-nhan-su-214-1422906.htm
[2026-06-30 16:38:24] [TASK_4] [WARNING]   URL: https://vietstock.vn/2026/04/mbs-nghi-quyet-hoi-dong-quan-tri-737-1423589.htm
[2026-06-30 16:38:24] [TASK_4] [WARNING]   URL: https://vietstock.vn/2026/04/vci-dieu-le-cong-ty-737-1422558.htm
[2026-06-30 16:38:24] [TASK_4] [WARNING]   URL: https://vietstock.vn/2026/04/abb-bao-cao-thuong-nien-2025-737-1423274.htm
[2026-06-30 16:38:24] [TASK_4] [WARNING]   URL: https://vietstock.vn/2026/04/vic-thong-bao-dinh-chinh-thong-tin-830-1426463.htm
[2026-06-30 16:38:24] [TASK_4] [WARNING]   URL: https://vietstock.vn/2026/04/abb-nghi-quyet-hoi-dong-quan-tri-737-1425961.htm
[2026-06-30 16:38:24] [TASK_4] [WARNING]   URL: https://vietstock.vn/2026/04/dxg-thong-bao-thay-doi-nhan-su-214-1427841.htm
[2026-06-30 16:38:24] [TASK_4] [WARNING]   URL: https://vietstock.vn/2026/04/vbb-bao-cao-thuong-nien-2025-737-1431604.htm
[2026-06-30 16:38:24] [TASK_4] [WARNING]   URL: https://vietstock.vn/2026/04/mwg-dieu-le-cong-ty-737-1430219.htm
[2026-06-30 16:38:24] [TASK_4] [WARNING]   URL: https://vietstock.vn/2026/04/bsi-dieu-le-cong-ty-sua-doi-bo-sung-737-1433930.htm
[2026-06-30 16:38:24] [TASK_4] [WARNING]   URL: https://vietstock.vn/2026/04/abb-nghi-quyet-hoi-dong-quan-tri-737-1430145.htm
[2026-06-30 16:38:24] [TASK_4] [WARNING]   URL: https://vietstock.vn/2026/04/mbb-thong-bao-thay-doi-nhan-su-214-1430551.htm
[2026-06-30 16:38:24] [TASK_4] [WARNING]   URL: https://vietstock.vn/2026/04/bvh-bao-cao-tich-hop-2025-830-1431514.htm
[2026-06-30 16:38:24] [TASK_4] [WARNING]   URL: https://vietstock.vn/2026/04/bvb-bao-cao-thuong-nien-2025-737-1432961.htm
[2026-06-30 16:38:24] [TASK_4] [WARNING]   URL: https://vietstock.vn/2026/04/bvb-thay-doi-nhan-su-214-1433401.htm
[2026-06-30 16:38:24] [TASK_4] [WARNING]   URL: https://vietstock.vn/2026/04/elc-dieu-le-cong-ty-737-1433847.htm
[2026-06-30 16:38:24] [TASK_4] [WARNING]   URL: https://vietstock.vn/2026/04/vnm-dieu-le-cong-ty-737-1433085.htm
[2026-06-30 16:38:24] [TASK_4] [WARNING]   URL: https://vietstock.vn/2026/04/scr-thong-bao-thay-doi-nhan-su-214-1433694.htm
[2026-06-30 16:38:24] [TASK_4] [WARNING]   URL: https://www.tinnhanhchungkhoan.vn/mua-dai-hoi-phan-hoa-manh-post389533.html
[2026-06-30 16:38:24] [TASK_4] [WARNING]   URL: https://vietstock.vn/2026/04/nlg-dieu-le-cong-ty-737-1434990.htm
[2026-06-30 16:38:24] [TASK_4] [WARNING]   URL: https://vietstock.vn/2026/04/vcg-dieu-le-cong-ty-sua-doi-737-1434951.htm
[2026-06-30 16:38:24] [TASK_4] [WARNING]   URL: https://vietstock.vn/2026/04/pgb-nghi-quyet-hoi-dong-quan-tri-737-1434595.htm
[2026-06-30 16:38:24] [TASK_4] [WARNING]   URL: https://vietstock.vn/2026/05/eib-quy-che-quan-tri-noi-bo-143-1438125.htm
[2026-06-30 16:38:24] [TASK_4] [WARNING]   URL: https://vietstock.vn/2026/05/vbb-thay-doi-nhan-su-214-1437550.htm
[2026-06-30 16:38:24] [TASK_4] [WARNING]   URL: https://vietstock.vn/2026/05/vinaconex-lai-doi-chu-tich-214-1438243.htm
[2026-06-30 16:38:24] [TASK_4] [WARNING]   URL: https://vietstock.vn/2026/05/lpb-thong-bao-thay-doi-nhan-su-214-1439668.htm
[2026-06-30 16:38:24] [TASK_4] [WARNING]   URL: https://vietstock.vn/2026/05/eib-dieu-le-cong-ty-737-1438124.htm
[2026-06-30 16:38:24] [TASK_4] [WARNING]   URL: https://vietstock.vn/2026/05/vjc-cong-bo-thong-tin-214-1438200.htm
[2026-06-30 16:38:24] [TASK_4] [WARNING]   URL: https://vietstock.vn/2026/05/tcb-thong-bao-thay-doi-dieu-le-737-1439664.htm
[2026-06-30 16:38:24] [TASK_4] [WARNING]   URL: https://vietstock.vn/2026/05/abb-nghi-quyet-hoi-dong-quan-tri-737-1439520.htm
[2026-06-30 16:38:24] [TASK_4] [WARNING]   URL: https://vietstock.vn/2026/05/vbb-dieu-le-ngan-hang-737-1443190.htm
[2026-06-30 16:38:24] [TASK_4] [WARNING]   URL: https://vietstock.vn/2026/05/vbb-thay-doi-nhan-su-214-1443248.htm
[2026-06-30 16:38:24] [TASK_4] [WARNING]   URL: https://vietstock.vn/2026/05/vcb-dieu-le-cong-ty-sua-doi-2026-737-1444400.htm
[2026-06-30 16:38:24] [TASK_4] [WARNING]   URL: https://vietstock.vn/2026/05/lpb-dieu-le-cong-ty-737-1444378.htm
[2026-06-30 16:38:24] [TASK_4] [WARNING]   URL: https://vietstock.vn/2026/05/vib-thong-bao-thay-doi-nhan-su-214-1444116.htm
[2026-06-30 16:38:24] [TASK_4] [WARNING]   URL: https://vietstock.vn/2026/05/ocb-bo-nhiem-pho-tong-giam-doc-214-1445092.htm
[2026-06-30 16:38:24] [TASK_4] [WARNING]   URL: https://vietstock.vn/2026/05/mbs-nghi-quyet-hoi-dong-quan-tri-737-1446084.htm
[2026-06-30 16:38:24] [TASK_4] [WARNING]   URL: https://vietstock.vn/2026/05/ocb-bo-nhiem-quyen-tong-giam-doc-214-1448352.htm
[2026-06-30 16:38:24] [TASK_4] [WARNING]   URL: https://www.tinnhanhchungkhoan.vn/thoi-diem-chon-loc-co-hoi-post390988.html
[2026-06-30 16:38:24] [TASK_4] [WARNING]   URL: https://vietstock.vn/2026/06/cmg-thong-bao-thay-doi-nhan-su-214-1449586.htm
[2026-06-30 16:38:24] [TASK_4] [WARNING]   URL: https://vietstock.vn/2026/06/vbb-thay-doi-nhan-su-214-1449388.htm
[2026-06-30 16:38:24] [TASK_4] [WARNING]   URL: https://vietstock.vn/2026/06/cmg-bo-nhiem-tong-giam-doc-moi-214-1451109.htm
[2026-06-30 16:38:24] [TASK_4] [WARNING]   URL: https://vietstock.vn/2026/06/gvr-tu-cach-cong-ty-dai-chung-830-1450907.htm
[2026-06-30 16:38:24] [TASK_4] [WARNING]   URL: https://vietstock.vn/2026/06/eib-thong-bao-thay-doi-nhan-su-214-1452460.htm
[2026-06-30 16:38:24] [TASK_4] [WARNING]   URL: https://vietstock.vn/2026/06/vbb-thay-doi-nhan-su-214-1452604.htm
[2026-06-30 16:38:24] [TASK_4] [WARNING]   URL: https://www.tinnhanhchungkhoan.vn/chua-du-chiet-khau-post391846.html
[2026-06-30 16:38:24] [TASK_4] [WARNING]   URL: https://vietstock.vn/2026/06/khi-esop-tien-hoa-764-1453118.htm
[2026-06-30 16:38:24] [TASK_4] [WARNING]   URL: https://vietstock.vn/2026/06/bab-nghi-quyet-hoi-dong-quan-tri-737-1454284.htm
[2026-06-30 16:38:24] [TASK_4] [WARNING]   URL: https://vietnambiz.vn/sacombank-doi-tru-so-chinh-202661485117806.htm
[2026-06-30 16:38:24] [TASK_4] [WARNING]   URL: https://vietstock.vn/2026/06/vbb-thay-doi-nhan-su-214-1455822.htm
[2026-06-30 16:38:24] [TASK_4] [WARNING]   URL: https://vietstock.vn/2026/06/abb-nghi-quyet-hoi-dong-quan-tri-737-1456851.htm
[2026-06-30 16:38:24] [TASK_4] [WARNING]   URL: https://vietstock.vn/2026/06/elc-cbtt-ve-cong-ty-con-830-1458185.htm
[2026-06-30 16:38:24] [TASK_4] [WARNING]   URL: https://vietstock.vn/2026/06/stb-thong-bao-thay-doi-nhan-su-214-1457789.htm
[2026-06-30 16:38:24] [TASK_4] [WARNING]   URL: https://vietstock.vn/2026/06/vbb-thay-doi-nhan-su-214-1460120.htm
[2026-06-30 16:38:24] [TASK_4] [WARNING]   URL: https://vietstock.vn/2026/06/vnd-bctc-nam-2026-737-1459958.htm
[2026-06-30 16:38:24] [TASK_4] [WARNING]   URL: https://www.tinnhanhchungkhoan.vn/hoi-sinh-ma-lang-post393110.html
[2026-06-30 16:38:24] [TASK_4] [WARNING]   URL: https://vietstock.vn/2026/06/vci-dieu-le-cong-ty-737-1460351.htm
[2026-06-30 16:38:24] [TASK_4] [INFO] Saved 34966 processed articles to data/news/processed/all_news_processed.csv.
[2026-06-30 16:38:24] [TASK_4] [INFO] ============================================================
[2026-06-30 16:38:24] [TASK_4] [INFO] TEXT PREPROCESSING REPORT
[2026-06-30 16:38:24] [TASK_4] [INFO] ============================================================
[2026-06-30 16:38:24] [TASK_4] [INFO] Articles before deduplication : 52790
[2026-06-30 16:38:24] [TASK_4] [INFO] Articles after deduplication  : 35158
[2026-06-30 16:38:24] [TASK_4] [INFO] Articles in final output      : 34966
[2026-06-30 16:38:25] [TASK_4] [INFO] Average token count per article: 20.7
[2026-06-30 16:38:25] [TASK_4] [INFO] 
Top 50 most frequent tokens:
[2026-06-30 16:38:25] [TASK_4] [INFO]   ,                              12564
[2026-06-30 16:38:25] [TASK_4] [INFO]   hđqt                           10825
[2026-06-30 16:38:25] [TASK_4] [INFO]   về                             10315
[2026-06-30 16:38:25] [TASK_4] [INFO]   thông_báo                      9826
[2026-06-30 16:38:25] [TASK_4] [INFO]   năm                            9782
[2026-06-30 16:38:25] [TASK_4] [INFO]   cổ_phần                        9661
[2026-06-30 16:38:25] [TASK_4] [INFO]   nghị_quyết                     9271
[2026-06-30 16:38:25] [TASK_4] [INFO]   của                            9025
[2026-06-30 16:38:25] [TASK_4] [INFO]   việc                           7852
[2026-06-30 16:38:25] [TASK_4] [INFO]   và                             7572
[2026-06-30 16:38:25] [TASK_4] [INFO]   cổ_phiếu                       6360
[2026-06-30 16:38:25] [TASK_4] [INFO]   ngân_hàng                      5651
[2026-06-30 16:38:25] [TASK_4] [INFO]   sau                            5335
[2026-06-30 16:38:25] [TASK_4] [INFO]   giao_dịch                      4797
[2026-06-30 16:38:25] [TASK_4] [INFO]   ngày                           4480
[2026-06-30 16:38:25] [TASK_4] [INFO]   nbsp                           4412
[2026-06-30 16:38:25] [TASK_4] [INFO]   thay_đổi                       4235
[2026-06-30 16:38:25] [TASK_4] [INFO]   .                              4147
[2026-06-30 16:38:25] [TASK_4] [INFO]   như                            3942
[2026-06-30 16:38:25] [TASK_4] [INFO]   việt_nam                       3856
[2026-06-30 16:38:25] [TASK_4] [INFO]   tỷ                             3811
[2026-06-30 16:38:25] [TASK_4] [INFO]   với                            3786
[2026-06-30 16:38:25] [TASK_4] [INFO]   cho                            3781
[2026-06-30 16:38:25] [TASK_4] [INFO]   thương_mại                     3642
[2026-06-30 16:38:25] [TASK_4] [INFO]   2025                           3508
[2026-06-30 16:38:25] [TASK_4] [INFO]   tăng                           3404
[2026-06-30 16:38:25] [TASK_4] [INFO]   trong                          3366
[2026-06-30 16:38:25] [TASK_4] [INFO]   phát_hành                      3336
[2026-06-30 16:38:25] [TASK_4] [INFO]   thông_qua                      2943
[2026-06-30 16:38:25] [TASK_4] [INFO]   2022                           2942
[2026-06-30 16:38:25] [TASK_4] [INFO]   v                              2886
[2026-06-30 16:38:25] [TASK_4] [INFO]   để                             2882
[2026-06-30 16:38:25] [TASK_4] [INFO]   trái_phiếu                     2876
[2026-06-30 16:38:25] [TASK_4] [INFO]   báo_cáo                        2848
[2026-06-30 16:38:25] [TASK_4] [INFO]   %                              2835
[2026-06-30 16:38:25] [TASK_4] [INFO]   đồng                           2830
[2026-06-30 16:38:25] [TASK_4] [INFO]   công_bố                        2826
[2026-06-30 16:38:25] [TASK_4] [INFO]   2023                           2704
[2026-06-30 16:38:25] [TASK_4] [INFO]   2024                           2683
[2026-06-30 16:38:25] [TASK_4] [INFO]   vốn                            2647
[2026-06-30 16:38:25] [TASK_4] [INFO]   chứng_khoán                    2613
[2026-06-30 16:38:25] [TASK_4] [INFO]   quyết_định                     2589
[2026-06-30 16:38:25] [TASK_4] [INFO]   đhđcđ                          2553
[2026-06-30 16:38:25] [TASK_4] [INFO]   địa_điểm                       2538
[2026-06-30 16:38:25] [TASK_4] [INFO]   đăng_ký                        2535
[2026-06-30 16:38:25] [TASK_4] [INFO]   ng                             2530
[2026-06-30 16:38:25] [TASK_4] [INFO]   người                          2449
[2026-06-30 16:38:25] [TASK_4] [INFO]   chi_nhánh                      2352
[2026-06-30 16:38:25] [TASK_4] [INFO]   có                             2316
[2026-06-30 16:38:25] [TASK_4] [INFO]   quý                            2128
[2026-06-30 16:38:25] [TASK_4] [INFO] ============================================================
[2026-06-30 16:38:25] [TASK_4] [INFO] ------------------------------------------------------------
[2026-06-30 16:38:25] [TASK_4] [INFO] END TASK_4 — completed in 66.7 seconds
[2026-06-30 16:38:25] [TASK_4] [INFO] Output: data/news/processed/all_news_processed.csv (34979 rows)
[2026-06-30 16:38:25] [TASK_4] [INFO] ============================================================
