[2026-06-28 08:06:14] [TASK_8] [INFO] ============================================================
[2026-06-28 08:06:14] [TASK_8] [INFO] START TASK_8: Keyword Building (curate financial keywords)
[2026-06-28 08:06:14] [TASK_8] [INFO] Timestamp: 2026-06-28T08:06:14.218648
[2026-06-28 08:06:14] [TASK_8] [INFO] ============================================================
[2026-06-28 08:06:14] [TASK_8] [INFO] Input: data/news/processed/all_news_processed.csv (0 rows)
[2026-06-28 08:06:14] [TASK_8] [INFO] ------------------------------------------------------------
[2026-06-28 08:06:14] [TASK_8] [INFO] END TASK_8 — completed in 0.0 seconds
[2026-06-28 08:06:14] [TASK_8] [INFO] ============================================================
[2026-06-28 08:06:14] [TASK_8] [INFO] ============================================================
[2026-06-28 08:06:14] [TASK_8] [INFO] START TASK_8: Keyword Building (curate financial keywords)
[2026-06-28 08:06:14] [TASK_8] [INFO] Timestamp: 2026-06-28T08:06:14.248683
[2026-06-28 08:06:14] [TASK_8] [INFO] ============================================================
[2026-06-28 08:06:14] [TASK_8] [INFO] Input: data/news/processed/all_news_processed.csv (0 rows)
[2026-06-28 08:06:14] [TASK_8] [INFO] ------------------------------------------------------------
[2026-06-28 08:06:14] [TASK_8] [INFO] END TASK_8 — completed in 0.0 seconds
[2026-06-28 08:06:14] [TASK_8] [INFO] ============================================================
[2026-06-28 08:06:29] [TASK_8] [INFO] Starting Keyword Builder (TASK 8)...
[2026-06-28 08:06:29] [TASK_8] [INFO] Loaded 23 stopwords.
[2026-06-28 08:06:29] [TASK_8] [INFO] Extracting keyword candidates from 10 documents...
[2026-06-28 08:06:29] [TASK_8] [INFO] Saved 176 keyword candidates to C:\Users\User\AppData\Local\Temp\tmp58_di95j\keyword_candidates.csv (unigrams: 83, bigrams: 93).
[2026-06-28 08:06:29] [TASK_8] [INFO] Curated keyword list: 28 positive, 36 negative, 9 neutral (total: 73).
[2026-06-28 08:06:29] [TASK_8] [INFO] Saved flat keyword list to C:\Users\User\AppData\Local\Temp\tmp58_di95j\keywords_finance.json.
[2026-06-28 08:06:29] [TASK_8] [INFO] Saved group-level keyword breakdown to C:\Users\User\AppData\Local\Temp\tmp58_di95j\keywords_by_group.json.
[2026-06-28 08:06:29] [TASK_8] [INFO] ======================================================================
[2026-06-28 08:06:29] [TASK_8] [INFO] KEYWORD CORPUS FREQUENCY REPORT
[2026-06-28 08:06:29] [TASK_8] [INFO] ======================================================================
[2026-06-28 08:06:29] [TASK_8] [INFO] 
--- POSITIVE keywords (28) ---
[2026-06-28 08:06:29] [TASK_8] [INFO]   lợi nhuận tăng                           1
[2026-06-28 08:06:29] [TASK_8] [INFO]   doanh thu tăng                           1
[2026-06-28 08:06:29] [TASK_8] [INFO]   kỷ lục                                   1
[2026-06-28 08:06:29] [TASK_8] [INFO]   tăng trưởng                              1
[2026-06-28 08:06:29] [TASK_8] [INFO]   chia cổ tức                              1
[2026-06-28 08:06:29] [TASK_8] [INFO]   cổ tức cao                               1
[2026-06-28 08:06:29] [TASK_8] [INFO]   cổ tức tiền mặt                          1
[2026-06-28 08:06:29] [TASK_8] [INFO]   giảm nợ                                  1
[2026-06-28 08:06:29] [TASK_8] [INFO]   trả nợ                                   1
[2026-06-28 08:06:29] [TASK_8] [INFO]   cải thiện tài chính                      1
[2026-06-28 08:06:29] [TASK_8] [INFO]   dòng tiền dương                          1
[2026-06-28 08:06:29] [TASK_8] [INFO]   ký kết hợp đồng                          1
[2026-06-28 08:06:29] [TASK_8] [INFO]   mở rộng thị trường                       1
[2026-06-28 08:06:29] [TASK_8] [INFO]   xuất khẩu tăng                           1
[2026-06-28 08:06:29] [TASK_8] [INFO]   tăng trưởng mạnh                         0
[2026-06-28 08:06:29] [TASK_8] [INFO]   vượt kế hoạch                            0
[2026-06-28 08:06:29] [TASK_8] [INFO]   lãi ròng                                 0
[2026-06-28 08:06:29] [TASK_8] [INFO]   lợi nhuận sau thuế tăng                  0
[2026-06-28 08:06:29] [TASK_8] [INFO]   kết quả tích cực                         0
[2026-06-28 08:06:29] [TASK_8] [INFO]   mua lại cổ phiếu                         0
[2026-06-28 08:06:29] [TASK_8] [INFO]   phát hành thưởng                         0
[2026-06-28 08:06:29] [TASK_8] [INFO]   tăng vốn điều lệ                         0
[2026-06-28 08:06:29] [TASK_8] [INFO]   hệ số an toàn vốn                        0
[2026-06-28 08:06:29] [TASK_8] [INFO]   tiền mặt dồi dào                         0
[2026-06-28 08:06:29] [TASK_8] [INFO]   dự án mới                                0
[2026-06-28 08:06:29] [TASK_8] [INFO]   đầu tư mới                               0
[2026-06-28 08:06:29] [TASK_8] [INFO]   hợp tác chiến lược                       0
[2026-06-28 08:06:29] [TASK_8] [INFO]   thắng thầu                               0
[2026-06-28 08:06:29] [TASK_8] [INFO] 
--- NEGATIVE keywords (36) ---
[2026-06-28 08:06:29] [TASK_8] [INFO]   lợi nhuận giảm                           1
[2026-06-28 08:06:29] [TASK_8] [INFO]   doanh thu giảm                           1
[2026-06-28 08:06:29] [TASK_8] [INFO]   sụt giảm                                 1
[2026-06-28 08:06:29] [TASK_8] [INFO]   nợ xấu                                   1
[2026-06-28 08:06:29] [TASK_8] [INFO]   áp lực tài chính                         1
[2026-06-28 08:06:29] [TASK_8] [INFO]   dòng tiền âm                             1
[2026-06-28 08:06:29] [TASK_8] [INFO]   hủy hợp đồng                             1
[2026-06-28 08:06:29] [TASK_8] [INFO]   dự án trì hoãn                           1
[2026-06-28 08:06:29] [TASK_8] [INFO]   đóng cửa                                 1
[2026-06-28 08:06:29] [TASK_8] [INFO]   bị phạt                                  1
[2026-06-28 08:06:29] [TASK_8] [INFO]   vi phạm                                  1
[2026-06-28 08:06:29] [TASK_8] [INFO]   bị thanh tra                             1
[2026-06-28 08:06:29] [TASK_8] [INFO]   lợi nhuận âm                             0
[2026-06-28 08:06:29] [TASK_8] [INFO]   thua lỗ                                  0
[2026-06-28 08:06:29] [TASK_8] [INFO]   lỗ ròng                                  0
[2026-06-28 08:06:29] [TASK_8] [INFO]   dưới kế hoạch                            0
[2026-06-28 08:06:29] [TASK_8] [INFO]   kết quả tiêu cực                         0
[2026-06-28 08:06:29] [TASK_8] [INFO]   lợi nhuận thấp hơn                       0
[2026-06-28 08:06:29] [TASK_8] [INFO]   không chia cổ tức                        0
[2026-06-28 08:06:29] [TASK_8] [INFO]   hủy cổ tức                               0
[2026-06-28 08:06:29] [TASK_8] [INFO]   giảm cổ tức                              0
[2026-06-28 08:06:29] [TASK_8] [INFO]   phát hành pha loãng                      0
[2026-06-28 08:06:29] [TASK_8] [INFO]   chào bán giá thấp                        0
[2026-06-28 08:06:29] [TASK_8] [INFO]   nợ vay tăng                              0
[2026-06-28 08:06:29] [TASK_8] [INFO]   nợ quá hạn                               0
[2026-06-28 08:06:29] [TASK_8] [INFO]   hệ số nợ cao                             0
[2026-06-28 08:06:29] [TASK_8] [INFO]   thiếu thanh khoản                        0
[2026-06-28 08:06:29] [TASK_8] [INFO]   thu hẹp hoạt động                        0
[2026-06-28 08:06:29] [TASK_8] [INFO]   dừng dự án                               0
[2026-06-28 08:06:29] [TASK_8] [INFO]   bị kiểm toán từ chối                     0
[2026-06-28 08:06:29] [TASK_8] [INFO]   cảnh báo                                 0
[2026-06-28 08:06:29] [TASK_8] [INFO]   đình chỉ                                 0
[2026-06-28 08:06:29] [TASK_8] [INFO]   khởi tố                                  0
[2026-06-28 08:06:29] [TASK_8] [INFO]   điều tra                                 0
[2026-06-28 08:06:29] [TASK_8] [INFO]   tranh chấp pháp lý                       0
[2026-06-28 08:06:29] [TASK_8] [INFO]   bị kiện                                  0
[2026-06-28 08:06:29] [TASK_8] [INFO] 
--- NEUTRAL keywords (9) ---
[2026-06-28 08:06:29] [TASK_8] [INFO]   đại hội cổ đông                          1
[2026-06-28 08:06:29] [TASK_8] [INFO]   thay đổi lãnh đạo                        1
[2026-06-28 08:06:29] [TASK_8] [INFO]   sáp nhập                                 1
[2026-06-28 08:06:29] [TASK_8] [INFO]   mua lại                                  1
[2026-06-28 08:06:29] [TASK_8] [INFO]   phát hành cổ phiếu mới                   1
[2026-06-28 08:06:29] [TASK_8] [INFO]   thoái vốn                                1
[2026-06-28 08:06:29] [TASK_8] [INFO]   họp HĐQT                                 0
[2026-06-28 08:06:29] [TASK_8] [INFO]   thay CEO                                 0
[2026-06-28 08:06:29] [TASK_8] [INFO]   niêm yết thêm                            0
[2026-06-28 08:06:29] [TASK_8] [INFO] 
Total keyword occurrences in corpus: 32
[2026-06-28 08:06:29] [TASK_8] [INFO] Keywords with zero occurrences: 41 / 73
[2026-06-28 08:06:29] [TASK_8] [INFO] ======================================================================
[2026-06-28 08:06:29] [TASK_8] [INFO] Keyword Builder (TASK 8) complete.
[2026-06-28 08:06:29] [TASK_8] [INFO] Starting Keyword Builder (TASK 8)...
[2026-06-28 08:06:29] [TASK_8] [INFO] Loaded 23 stopwords.
[2026-06-28 08:06:29] [TASK_8] [INFO] Extracting keyword candidates from 10 documents...
[2026-06-28 08:06:29] [TASK_8] [INFO] Saved 176 keyword candidates to C:\Users\User\AppData\Local\Temp\tmpxs_mav6j\keyword_candidates.csv (unigrams: 83, bigrams: 93).
[2026-06-28 08:06:29] [TASK_8] [INFO] Curated keyword list: 28 positive, 36 negative, 9 neutral (total: 73).
[2026-06-28 08:06:29] [TASK_8] [INFO] Saved flat keyword list to C:\Users\User\AppData\Local\Temp\tmpxs_mav6j\keywords_finance.json.
[2026-06-28 08:06:29] [TASK_8] [INFO] Saved group-level keyword breakdown to C:\Users\User\AppData\Local\Temp\tmpxs_mav6j\keywords_by_group.json.
[2026-06-28 08:06:29] [TASK_8] [INFO] ======================================================================
[2026-06-28 08:06:29] [TASK_8] [INFO] KEYWORD CORPUS FREQUENCY REPORT
[2026-06-28 08:06:29] [TASK_8] [INFO] ======================================================================
[2026-06-28 08:06:29] [TASK_8] [INFO] 
--- POSITIVE keywords (28) ---
[2026-06-28 08:06:29] [TASK_8] [INFO]   lợi nhuận tăng                           1
[2026-06-28 08:06:29] [TASK_8] [INFO]   doanh thu tăng                           1
[2026-06-28 08:06:29] [TASK_8] [INFO]   kỷ lục                                   1
[2026-06-28 08:06:29] [TASK_8] [INFO]   tăng trưởng                              1
[2026-06-28 08:06:29] [TASK_8] [INFO]   chia cổ tức                              1
[2026-06-28 08:06:29] [TASK_8] [INFO]   cổ tức cao                               1
[2026-06-28 08:06:29] [TASK_8] [INFO]   cổ tức tiền mặt                          1
[2026-06-28 08:06:29] [TASK_8] [INFO]   giảm nợ                                  1
[2026-06-28 08:06:29] [TASK_8] [INFO]   trả nợ                                   1
[2026-06-28 08:06:29] [TASK_8] [INFO]   cải thiện tài chính                      1
[2026-06-28 08:06:29] [TASK_8] [INFO]   dòng tiền dương                          1
[2026-06-28 08:06:29] [TASK_8] [INFO]   ký kết hợp đồng                          1
[2026-06-28 08:06:29] [TASK_8] [INFO]   mở rộng thị trường                       1
[2026-06-28 08:06:29] [TASK_8] [INFO]   xuất khẩu tăng                           1
[2026-06-28 08:06:29] [TASK_8] [INFO]   tăng trưởng mạnh                         0
[2026-06-28 08:06:29] [TASK_8] [INFO]   vượt kế hoạch                            0
[2026-06-28 08:06:29] [TASK_8] [INFO]   lãi ròng                                 0
[2026-06-28 08:06:29] [TASK_8] [INFO]   lợi nhuận sau thuế tăng                  0
[2026-06-28 08:06:29] [TASK_8] [INFO]   kết quả tích cực                         0
[2026-06-28 08:06:29] [TASK_8] [INFO]   mua lại cổ phiếu                         0
[2026-06-28 08:06:29] [TASK_8] [INFO]   phát hành thưởng                         0
[2026-06-28 08:06:29] [TASK_8] [INFO]   tăng vốn điều lệ                         0
[2026-06-28 08:06:29] [TASK_8] [INFO]   hệ số an toàn vốn                        0
[2026-06-28 08:06:29] [TASK_8] [INFO]   tiền mặt dồi dào                         0
[2026-06-28 08:06:29] [TASK_8] [INFO]   dự án mới                                0
[2026-06-28 08:06:29] [TASK_8] [INFO]   đầu tư mới                               0
[2026-06-28 08:06:29] [TASK_8] [INFO]   hợp tác chiến lược                       0
[2026-06-28 08:06:29] [TASK_8] [INFO]   thắng thầu                               0
[2026-06-28 08:06:29] [TASK_8] [INFO] 
--- NEGATIVE keywords (36) ---
[2026-06-28 08:06:29] [TASK_8] [INFO]   lợi nhuận giảm                           1
[2026-06-28 08:06:29] [TASK_8] [INFO]   doanh thu giảm                           1
[2026-06-28 08:06:29] [TASK_8] [INFO]   sụt giảm                                 1
[2026-06-28 08:06:29] [TASK_8] [INFO]   nợ xấu                                   1
[2026-06-28 08:06:29] [TASK_8] [INFO]   áp lực tài chính                         1
[2026-06-28 08:06:29] [TASK_8] [INFO]   dòng tiền âm                             1
[2026-06-28 08:06:29] [TASK_8] [INFO]   hủy hợp đồng                             1
[2026-06-28 08:06:29] [TASK_8] [INFO]   dự án trì hoãn                           1
[2026-06-28 08:06:29] [TASK_8] [INFO]   đóng cửa                                 1
[2026-06-28 08:06:29] [TASK_8] [INFO]   bị phạt                                  1
[2026-06-28 08:06:29] [TASK_8] [INFO]   vi phạm                                  1
[2026-06-28 08:06:29] [TASK_8] [INFO]   bị thanh tra                             1
[2026-06-28 08:06:29] [TASK_8] [INFO]   lợi nhuận âm                             0
[2026-06-28 08:06:29] [TASK_8] [INFO]   thua lỗ                                  0
[2026-06-28 08:06:29] [TASK_8] [INFO]   lỗ ròng                                  0
[2026-06-28 08:06:29] [TASK_8] [INFO]   dưới kế hoạch                            0
[2026-06-28 08:06:29] [TASK_8] [INFO]   kết quả tiêu cực                         0
[2026-06-28 08:06:29] [TASK_8] [INFO]   lợi nhuận thấp hơn                       0
[2026-06-28 08:06:29] [TASK_8] [INFO]   không chia cổ tức                        0
[2026-06-28 08:06:29] [TASK_8] [INFO]   hủy cổ tức                               0
[2026-06-28 08:06:29] [TASK_8] [INFO]   giảm cổ tức                              0
[2026-06-28 08:06:29] [TASK_8] [INFO]   phát hành pha loãng                      0
[2026-06-28 08:06:29] [TASK_8] [INFO]   chào bán giá thấp                        0
[2026-06-28 08:06:29] [TASK_8] [INFO]   nợ vay tăng                              0
[2026-06-28 08:06:29] [TASK_8] [INFO]   nợ quá hạn                               0
[2026-06-28 08:06:29] [TASK_8] [INFO]   hệ số nợ cao                             0
[2026-06-28 08:06:29] [TASK_8] [INFO]   thiếu thanh khoản                        0
[2026-06-28 08:06:29] [TASK_8] [INFO]   thu hẹp hoạt động                        0
[2026-06-28 08:06:29] [TASK_8] [INFO]   dừng dự án                               0
[2026-06-28 08:06:29] [TASK_8] [INFO]   bị kiểm toán từ chối                     0
[2026-06-28 08:06:29] [TASK_8] [INFO]   cảnh báo                                 0
[2026-06-28 08:06:29] [TASK_8] [INFO]   đình chỉ                                 0
[2026-06-28 08:06:29] [TASK_8] [INFO]   khởi tố                                  0
[2026-06-28 08:06:29] [TASK_8] [INFO]   điều tra                                 0
[2026-06-28 08:06:29] [TASK_8] [INFO]   tranh chấp pháp lý                       0
[2026-06-28 08:06:29] [TASK_8] [INFO]   bị kiện                                  0
[2026-06-28 08:06:29] [TASK_8] [INFO] 
--- NEUTRAL keywords (9) ---
[2026-06-28 08:06:29] [TASK_8] [INFO]   đại hội cổ đông                          1
[2026-06-28 08:06:29] [TASK_8] [INFO]   thay đổi lãnh đạo                        1
[2026-06-28 08:06:29] [TASK_8] [INFO]   sáp nhập                                 1
[2026-06-28 08:06:29] [TASK_8] [INFO]   mua lại                                  1
[2026-06-28 08:06:29] [TASK_8] [INFO]   phát hành cổ phiếu mới                   1
[2026-06-28 08:06:29] [TASK_8] [INFO]   thoái vốn                                1
[2026-06-28 08:06:29] [TASK_8] [INFO]   họp HĐQT                                 0
[2026-06-28 08:06:29] [TASK_8] [INFO]   thay CEO                                 0
[2026-06-28 08:06:29] [TASK_8] [INFO]   niêm yết thêm                            0
[2026-06-28 08:06:29] [TASK_8] [INFO] 
Total keyword occurrences in corpus: 32
[2026-06-28 08:06:29] [TASK_8] [INFO] Keywords with zero occurrences: 41 / 73
[2026-06-28 08:06:29] [TASK_8] [INFO] ======================================================================
[2026-06-28 08:06:29] [TASK_8] [INFO] Keyword Builder (TASK 8) complete.
[2026-06-28 08:06:29] [TASK_8] [INFO] Starting Keyword Builder (TASK 8)...
[2026-06-28 08:06:29] [TASK_8] [INFO] Loaded 23 stopwords.
[2026-06-28 08:06:29] [TASK_8] [INFO] No corpus provided — skipping candidate extraction.
[2026-06-28 08:06:29] [TASK_8] [INFO] Curated keyword list: 28 positive, 36 negative, 9 neutral (total: 73).
[2026-06-28 08:06:29] [TASK_8] [INFO] Saved flat keyword list to C:\Users\User\AppData\Local\Temp\tmpyfto70zl\keywords_finance.json.
[2026-06-28 08:06:29] [TASK_8] [INFO] Saved group-level keyword breakdown to C:\Users\User\AppData\Local\Temp\tmpyfto70zl\keywords_by_group.json.
[2026-06-28 08:06:29] [TASK_8] [INFO] No corpus provided — skipping frequency report.
[2026-06-28 08:06:29] [TASK_8] [INFO] Keyword Builder (TASK 8) complete.
[2026-06-28 08:32:41] [TASK_8] [INFO] ============================================================
[2026-06-28 08:32:41] [TASK_8] [INFO] START TASK_8: Keyword Building (curate financial keywords)
[2026-06-28 08:32:41] [TASK_8] [INFO] Timestamp: 2026-06-28T08:32:41.729735
[2026-06-28 08:32:41] [TASK_8] [INFO] ============================================================
[2026-06-28 08:32:41] [TASK_8] [INFO] Input: data/news/processed/all_news_processed.csv (0 rows)
[2026-06-28 08:32:41] [TASK_8] [INFO] ------------------------------------------------------------
[2026-06-28 08:32:41] [TASK_8] [INFO] END TASK_8 — completed in 0.0 seconds
[2026-06-28 08:32:41] [TASK_8] [INFO] ============================================================
[2026-06-28 08:32:41] [TASK_8] [INFO] ============================================================
[2026-06-28 08:32:41] [TASK_8] [INFO] START TASK_8: Keyword Building (curate financial keywords)
[2026-06-28 08:32:41] [TASK_8] [INFO] Timestamp: 2026-06-28T08:32:41.763034
[2026-06-28 08:32:41] [TASK_8] [INFO] ============================================================
[2026-06-28 08:32:41] [TASK_8] [INFO] Input: data/news/processed/all_news_processed.csv (0 rows)
[2026-06-28 08:32:41] [TASK_8] [INFO] ------------------------------------------------------------
[2026-06-28 08:32:41] [TASK_8] [INFO] END TASK_8 — completed in 0.0 seconds
[2026-06-28 08:32:41] [TASK_8] [INFO] ============================================================
[2026-06-28 08:32:56] [TASK_8] [INFO] Starting Keyword Builder (TASK 8)...
[2026-06-28 08:32:56] [TASK_8] [INFO] Loaded 23 stopwords.
[2026-06-28 08:32:56] [TASK_8] [INFO] Extracting keyword candidates from 10 documents...
[2026-06-28 08:32:56] [TASK_8] [INFO] Saved 176 keyword candidates to C:\Users\User\AppData\Local\Temp\tmpeysug7wl\keyword_candidates.csv (unigrams: 83, bigrams: 93).
[2026-06-28 08:32:56] [TASK_8] [INFO] Curated keyword list: 28 positive, 36 negative, 9 neutral (total: 73).
[2026-06-28 08:32:56] [TASK_8] [INFO] Saved flat keyword list to C:\Users\User\AppData\Local\Temp\tmpeysug7wl\keywords_finance.json.
[2026-06-28 08:32:56] [TASK_8] [INFO] Saved group-level keyword breakdown to C:\Users\User\AppData\Local\Temp\tmpeysug7wl\keywords_by_group.json.
[2026-06-28 08:32:56] [TASK_8] [INFO] ======================================================================
[2026-06-28 08:32:56] [TASK_8] [INFO] KEYWORD CORPUS FREQUENCY REPORT
[2026-06-28 08:32:56] [TASK_8] [INFO] ======================================================================
[2026-06-28 08:32:56] [TASK_8] [INFO] 
--- POSITIVE keywords (28) ---
[2026-06-28 08:32:56] [TASK_8] [INFO]   lợi nhuận tăng                           1
[2026-06-28 08:32:56] [TASK_8] [INFO]   doanh thu tăng                           1
[2026-06-28 08:32:56] [TASK_8] [INFO]   kỷ lục                                   1
[2026-06-28 08:32:56] [TASK_8] [INFO]   tăng trưởng                              1
[2026-06-28 08:32:56] [TASK_8] [INFO]   chia cổ tức                              1
[2026-06-28 08:32:56] [TASK_8] [INFO]   cổ tức cao                               1
[2026-06-28 08:32:56] [TASK_8] [INFO]   cổ tức tiền mặt                          1
[2026-06-28 08:32:56] [TASK_8] [INFO]   giảm nợ                                  1
[2026-06-28 08:32:56] [TASK_8] [INFO]   trả nợ                                   1
[2026-06-28 08:32:56] [TASK_8] [INFO]   cải thiện tài chính                      1
[2026-06-28 08:32:56] [TASK_8] [INFO]   dòng tiền dương                          1
[2026-06-28 08:32:56] [TASK_8] [INFO]   ký kết hợp đồng                          1
[2026-06-28 08:32:56] [TASK_8] [INFO]   mở rộng thị trường                       1
[2026-06-28 08:32:56] [TASK_8] [INFO]   xuất khẩu tăng                           1
[2026-06-28 08:32:56] [TASK_8] [INFO]   tăng trưởng mạnh                         0
[2026-06-28 08:32:56] [TASK_8] [INFO]   vượt kế hoạch                            0
[2026-06-28 08:32:56] [TASK_8] [INFO]   lãi ròng                                 0
[2026-06-28 08:32:56] [TASK_8] [INFO]   lợi nhuận sau thuế tăng                  0
[2026-06-28 08:32:56] [TASK_8] [INFO]   kết quả tích cực                         0
[2026-06-28 08:32:56] [TASK_8] [INFO]   mua lại cổ phiếu                         0
[2026-06-28 08:32:56] [TASK_8] [INFO]   phát hành thưởng                         0
[2026-06-28 08:32:56] [TASK_8] [INFO]   tăng vốn điều lệ                         0
[2026-06-28 08:32:56] [TASK_8] [INFO]   hệ số an toàn vốn                        0
[2026-06-28 08:32:56] [TASK_8] [INFO]   tiền mặt dồi dào                         0
[2026-06-28 08:32:56] [TASK_8] [INFO]   dự án mới                                0
[2026-06-28 08:32:56] [TASK_8] [INFO]   đầu tư mới                               0
[2026-06-28 08:32:56] [TASK_8] [INFO]   hợp tác chiến lược                       0
[2026-06-28 08:32:56] [TASK_8] [INFO]   thắng thầu                               0
[2026-06-28 08:32:56] [TASK_8] [INFO] 
--- NEGATIVE keywords (36) ---
[2026-06-28 08:32:56] [TASK_8] [INFO]   lợi nhuận giảm                           1
[2026-06-28 08:32:56] [TASK_8] [INFO]   doanh thu giảm                           1
[2026-06-28 08:32:56] [TASK_8] [INFO]   sụt giảm                                 1
[2026-06-28 08:32:56] [TASK_8] [INFO]   nợ xấu                                   1
[2026-06-28 08:32:56] [TASK_8] [INFO]   áp lực tài chính                         1
[2026-06-28 08:32:56] [TASK_8] [INFO]   dòng tiền âm                             1
[2026-06-28 08:32:56] [TASK_8] [INFO]   hủy hợp đồng                             1
[2026-06-28 08:32:56] [TASK_8] [INFO]   dự án trì hoãn                           1
[2026-06-28 08:32:56] [TASK_8] [INFO]   đóng cửa                                 1
[2026-06-28 08:32:56] [TASK_8] [INFO]   bị phạt                                  1
[2026-06-28 08:32:56] [TASK_8] [INFO]   vi phạm                                  1
[2026-06-28 08:32:56] [TASK_8] [INFO]   bị thanh tra                             1
[2026-06-28 08:32:56] [TASK_8] [INFO]   lợi nhuận âm                             0
[2026-06-28 08:32:56] [TASK_8] [INFO]   thua lỗ                                  0
[2026-06-28 08:32:56] [TASK_8] [INFO]   lỗ ròng                                  0
[2026-06-28 08:32:56] [TASK_8] [INFO]   dưới kế hoạch                            0
[2026-06-28 08:32:56] [TASK_8] [INFO]   kết quả tiêu cực                         0
[2026-06-28 08:32:56] [TASK_8] [INFO]   lợi nhuận thấp hơn                       0
[2026-06-28 08:32:56] [TASK_8] [INFO]   không chia cổ tức                        0
[2026-06-28 08:32:56] [TASK_8] [INFO]   hủy cổ tức                               0
[2026-06-28 08:32:56] [TASK_8] [INFO]   giảm cổ tức                              0
[2026-06-28 08:32:56] [TASK_8] [INFO]   phát hành pha loãng                      0
[2026-06-28 08:32:56] [TASK_8] [INFO]   chào bán giá thấp                        0
[2026-06-28 08:32:56] [TASK_8] [INFO]   nợ vay tăng                              0
[2026-06-28 08:32:56] [TASK_8] [INFO]   nợ quá hạn                               0
[2026-06-28 08:32:56] [TASK_8] [INFO]   hệ số nợ cao                             0
[2026-06-28 08:32:56] [TASK_8] [INFO]   thiếu thanh khoản                        0
[2026-06-28 08:32:56] [TASK_8] [INFO]   thu hẹp hoạt động                        0
[2026-06-28 08:32:56] [TASK_8] [INFO]   dừng dự án                               0
[2026-06-28 08:32:56] [TASK_8] [INFO]   bị kiểm toán từ chối                     0
[2026-06-28 08:32:56] [TASK_8] [INFO]   cảnh báo                                 0
[2026-06-28 08:32:56] [TASK_8] [INFO]   đình chỉ                                 0
[2026-06-28 08:32:56] [TASK_8] [INFO]   khởi tố                                  0
[2026-06-28 08:32:56] [TASK_8] [INFO]   điều tra                                 0
[2026-06-28 08:32:56] [TASK_8] [INFO]   tranh chấp pháp lý                       0
[2026-06-28 08:32:56] [TASK_8] [INFO]   bị kiện                                  0
[2026-06-28 08:32:56] [TASK_8] [INFO] 
--- NEUTRAL keywords (9) ---
[2026-06-28 08:32:56] [TASK_8] [INFO]   đại hội cổ đông                          1
[2026-06-28 08:32:56] [TASK_8] [INFO]   thay đổi lãnh đạo                        1
[2026-06-28 08:32:56] [TASK_8] [INFO]   sáp nhập                                 1
[2026-06-28 08:32:56] [TASK_8] [INFO]   mua lại                                  1
[2026-06-28 08:32:56] [TASK_8] [INFO]   phát hành cổ phiếu mới                   1
[2026-06-28 08:32:56] [TASK_8] [INFO]   thoái vốn                                1
[2026-06-28 08:32:56] [TASK_8] [INFO]   họp HĐQT                                 0
[2026-06-28 08:32:56] [TASK_8] [INFO]   thay CEO                                 0
[2026-06-28 08:32:56] [TASK_8] [INFO]   niêm yết thêm                            0
[2026-06-28 08:32:56] [TASK_8] [INFO] 
Total keyword occurrences in corpus: 32
[2026-06-28 08:32:56] [TASK_8] [INFO] Keywords with zero occurrences: 41 / 73
[2026-06-28 08:32:56] [TASK_8] [INFO] ======================================================================
[2026-06-28 08:32:56] [TASK_8] [INFO] Keyword Builder (TASK 8) complete.
[2026-06-28 08:32:56] [TASK_8] [INFO] Starting Keyword Builder (TASK 8)...
[2026-06-28 08:32:56] [TASK_8] [INFO] Loaded 23 stopwords.
[2026-06-28 08:32:56] [TASK_8] [INFO] Extracting keyword candidates from 10 documents...
[2026-06-28 08:32:56] [TASK_8] [INFO] Saved 176 keyword candidates to C:\Users\User\AppData\Local\Temp\tmp2zi5uzq3\keyword_candidates.csv (unigrams: 83, bigrams: 93).
[2026-06-28 08:32:56] [TASK_8] [INFO] Curated keyword list: 28 positive, 36 negative, 9 neutral (total: 73).
[2026-06-28 08:32:56] [TASK_8] [INFO] Saved flat keyword list to C:\Users\User\AppData\Local\Temp\tmp2zi5uzq3\keywords_finance.json.
[2026-06-28 08:32:56] [TASK_8] [INFO] Saved group-level keyword breakdown to C:\Users\User\AppData\Local\Temp\tmp2zi5uzq3\keywords_by_group.json.
[2026-06-28 08:32:56] [TASK_8] [INFO] ======================================================================
[2026-06-28 08:32:56] [TASK_8] [INFO] KEYWORD CORPUS FREQUENCY REPORT
[2026-06-28 08:32:56] [TASK_8] [INFO] ======================================================================
[2026-06-28 08:32:56] [TASK_8] [INFO] 
--- POSITIVE keywords (28) ---
[2026-06-28 08:32:56] [TASK_8] [INFO]   lợi nhuận tăng                           1
[2026-06-28 08:32:56] [TASK_8] [INFO]   doanh thu tăng                           1
[2026-06-28 08:32:56] [TASK_8] [INFO]   kỷ lục                                   1
[2026-06-28 08:32:56] [TASK_8] [INFO]   tăng trưởng                              1
[2026-06-28 08:32:56] [TASK_8] [INFO]   chia cổ tức                              1
[2026-06-28 08:32:56] [TASK_8] [INFO]   cổ tức cao                               1
[2026-06-28 08:32:56] [TASK_8] [INFO]   cổ tức tiền mặt                          1
[2026-06-28 08:32:56] [TASK_8] [INFO]   giảm nợ                                  1
[2026-06-28 08:32:56] [TASK_8] [INFO]   trả nợ                                   1
[2026-06-28 08:32:56] [TASK_8] [INFO]   cải thiện tài chính                      1
[2026-06-28 08:32:56] [TASK_8] [INFO]   dòng tiền dương                          1
[2026-06-28 08:32:56] [TASK_8] [INFO]   ký kết hợp đồng                          1
[2026-06-28 08:32:56] [TASK_8] [INFO]   mở rộng thị trường                       1
[2026-06-28 08:32:56] [TASK_8] [INFO]   xuất khẩu tăng                           1
[2026-06-28 08:32:56] [TASK_8] [INFO]   tăng trưởng mạnh                         0
[2026-06-28 08:32:56] [TASK_8] [INFO]   vượt kế hoạch                            0
[2026-06-28 08:32:56] [TASK_8] [INFO]   lãi ròng                                 0
[2026-06-28 08:32:56] [TASK_8] [INFO]   lợi nhuận sau thuế tăng                  0
[2026-06-28 08:32:56] [TASK_8] [INFO]   kết quả tích cực                         0
[2026-06-28 08:32:56] [TASK_8] [INFO]   mua lại cổ phiếu                         0
[2026-06-28 08:32:56] [TASK_8] [INFO]   phát hành thưởng                         0
[2026-06-28 08:32:56] [TASK_8] [INFO]   tăng vốn điều lệ                         0
[2026-06-28 08:32:56] [TASK_8] [INFO]   hệ số an toàn vốn                        0
[2026-06-28 08:32:56] [TASK_8] [INFO]   tiền mặt dồi dào                         0
[2026-06-28 08:32:56] [TASK_8] [INFO]   dự án mới                                0
[2026-06-28 08:32:56] [TASK_8] [INFO]   đầu tư mới                               0
[2026-06-28 08:32:56] [TASK_8] [INFO]   hợp tác chiến lược                       0
[2026-06-28 08:32:56] [TASK_8] [INFO]   thắng thầu                               0
[2026-06-28 08:32:56] [TASK_8] [INFO] 
--- NEGATIVE keywords (36) ---
[2026-06-28 08:32:56] [TASK_8] [INFO]   lợi nhuận giảm                           1
[2026-06-28 08:32:56] [TASK_8] [INFO]   doanh thu giảm                           1
[2026-06-28 08:32:56] [TASK_8] [INFO]   sụt giảm                                 1
[2026-06-28 08:32:56] [TASK_8] [INFO]   nợ xấu                                   1
[2026-06-28 08:32:56] [TASK_8] [INFO]   áp lực tài chính                         1
[2026-06-28 08:32:56] [TASK_8] [INFO]   dòng tiền âm                             1
[2026-06-28 08:32:56] [TASK_8] [INFO]   hủy hợp đồng                             1
[2026-06-28 08:32:56] [TASK_8] [INFO]   dự án trì hoãn                           1
[2026-06-28 08:32:56] [TASK_8] [INFO]   đóng cửa                                 1
[2026-06-28 08:32:56] [TASK_8] [INFO]   bị phạt                                  1
[2026-06-28 08:32:56] [TASK_8] [INFO]   vi phạm                                  1
[2026-06-28 08:32:56] [TASK_8] [INFO]   bị thanh tra                             1
[2026-06-28 08:32:56] [TASK_8] [INFO]   lợi nhuận âm                             0
[2026-06-28 08:32:56] [TASK_8] [INFO]   thua lỗ                                  0
[2026-06-28 08:32:56] [TASK_8] [INFO]   lỗ ròng                                  0
[2026-06-28 08:32:56] [TASK_8] [INFO]   dưới kế hoạch                            0
[2026-06-28 08:32:56] [TASK_8] [INFO]   kết quả tiêu cực                         0
[2026-06-28 08:32:56] [TASK_8] [INFO]   lợi nhuận thấp hơn                       0
[2026-06-28 08:32:56] [TASK_8] [INFO]   không chia cổ tức                        0
[2026-06-28 08:32:56] [TASK_8] [INFO]   hủy cổ tức                               0
[2026-06-28 08:32:56] [TASK_8] [INFO]   giảm cổ tức                              0
[2026-06-28 08:32:56] [TASK_8] [INFO]   phát hành pha loãng                      0
[2026-06-28 08:32:56] [TASK_8] [INFO]   chào bán giá thấp                        0
[2026-06-28 08:32:56] [TASK_8] [INFO]   nợ vay tăng                              0
[2026-06-28 08:32:56] [TASK_8] [INFO]   nợ quá hạn                               0
[2026-06-28 08:32:56] [TASK_8] [INFO]   hệ số nợ cao                             0
[2026-06-28 08:32:56] [TASK_8] [INFO]   thiếu thanh khoản                        0
[2026-06-28 08:32:56] [TASK_8] [INFO]   thu hẹp hoạt động                        0
[2026-06-28 08:32:56] [TASK_8] [INFO]   dừng dự án                               0
[2026-06-28 08:32:56] [TASK_8] [INFO]   bị kiểm toán từ chối                     0
[2026-06-28 08:32:56] [TASK_8] [INFO]   cảnh báo                                 0
[2026-06-28 08:32:56] [TASK_8] [INFO]   đình chỉ                                 0
[2026-06-28 08:32:56] [TASK_8] [INFO]   khởi tố                                  0
[2026-06-28 08:32:56] [TASK_8] [INFO]   điều tra                                 0
[2026-06-28 08:32:56] [TASK_8] [INFO]   tranh chấp pháp lý                       0
[2026-06-28 08:32:56] [TASK_8] [INFO]   bị kiện                                  0
[2026-06-28 08:32:56] [TASK_8] [INFO] 
--- NEUTRAL keywords (9) ---
[2026-06-28 08:32:56] [TASK_8] [INFO]   đại hội cổ đông                          1
[2026-06-28 08:32:56] [TASK_8] [INFO]   thay đổi lãnh đạo                        1
[2026-06-28 08:32:56] [TASK_8] [INFO]   sáp nhập                                 1
[2026-06-28 08:32:56] [TASK_8] [INFO]   mua lại                                  1
[2026-06-28 08:32:56] [TASK_8] [INFO]   phát hành cổ phiếu mới                   1
[2026-06-28 08:32:56] [TASK_8] [INFO]   thoái vốn                                1
[2026-06-28 08:32:56] [TASK_8] [INFO]   họp HĐQT                                 0
[2026-06-28 08:32:56] [TASK_8] [INFO]   thay CEO                                 0
[2026-06-28 08:32:56] [TASK_8] [INFO]   niêm yết thêm                            0
[2026-06-28 08:32:56] [TASK_8] [INFO] 
Total keyword occurrences in corpus: 32
[2026-06-28 08:32:56] [TASK_8] [INFO] Keywords with zero occurrences: 41 / 73
[2026-06-28 08:32:56] [TASK_8] [INFO] ======================================================================
[2026-06-28 08:32:56] [TASK_8] [INFO] Keyword Builder (TASK 8) complete.
[2026-06-28 08:32:56] [TASK_8] [INFO] Starting Keyword Builder (TASK 8)...
[2026-06-28 08:32:56] [TASK_8] [INFO] Loaded 23 stopwords.
[2026-06-28 08:32:56] [TASK_8] [INFO] No corpus provided — skipping candidate extraction.
[2026-06-28 08:32:56] [TASK_8] [INFO] Curated keyword list: 28 positive, 36 negative, 9 neutral (total: 73).
[2026-06-28 08:32:56] [TASK_8] [INFO] Saved flat keyword list to C:\Users\User\AppData\Local\Temp\tmp0dibm4hw\keywords_finance.json.
[2026-06-28 08:32:56] [TASK_8] [INFO] Saved group-level keyword breakdown to C:\Users\User\AppData\Local\Temp\tmp0dibm4hw\keywords_by_group.json.
[2026-06-28 08:32:56] [TASK_8] [INFO] No corpus provided — skipping frequency report.
[2026-06-28 08:32:56] [TASK_8] [INFO] Keyword Builder (TASK 8) complete.
[2026-06-28 08:33:51] [TASK_8] [INFO] ============================================================
[2026-06-28 08:33:51] [TASK_8] [INFO] START TASK_8: Keyword Building (curate financial keywords)
[2026-06-28 08:33:51] [TASK_8] [INFO] Timestamp: 2026-06-28T08:33:51.410233
[2026-06-28 08:33:51] [TASK_8] [INFO] ============================================================
[2026-06-28 08:33:51] [TASK_8] [INFO] Input: data/news/processed/all_news_processed.csv (0 rows)
[2026-06-28 08:33:51] [TASK_8] [INFO] ------------------------------------------------------------
[2026-06-28 08:33:51] [TASK_8] [INFO] END TASK_8 — completed in 0.0 seconds
[2026-06-28 08:33:51] [TASK_8] [INFO] ============================================================
[2026-06-28 08:33:51] [TASK_8] [INFO] ============================================================
[2026-06-28 08:33:51] [TASK_8] [INFO] START TASK_8: Keyword Building (curate financial keywords)
[2026-06-28 08:33:51] [TASK_8] [INFO] Timestamp: 2026-06-28T08:33:51.438193
[2026-06-28 08:33:51] [TASK_8] [INFO] ============================================================
[2026-06-28 08:33:51] [TASK_8] [INFO] Input: data/news/processed/all_news_processed.csv (0 rows)
[2026-06-28 08:33:51] [TASK_8] [INFO] ------------------------------------------------------------
[2026-06-28 08:33:51] [TASK_8] [INFO] END TASK_8 — completed in 0.0 seconds
[2026-06-28 08:33:51] [TASK_8] [INFO] ============================================================
[2026-06-28 08:34:06] [TASK_8] [INFO] Starting Keyword Builder (TASK 8)...
[2026-06-28 08:34:06] [TASK_8] [INFO] Loaded 23 stopwords.
[2026-06-28 08:34:06] [TASK_8] [INFO] Extracting keyword candidates from 10 documents...
[2026-06-28 08:34:06] [TASK_8] [INFO] Saved 176 keyword candidates to C:\Users\User\AppData\Local\Temp\tmpz4nrb_ob\keyword_candidates.csv (unigrams: 83, bigrams: 93).
[2026-06-28 08:34:06] [TASK_8] [INFO] Curated keyword list: 28 positive, 36 negative, 9 neutral (total: 73).
[2026-06-28 08:34:06] [TASK_8] [INFO] Saved flat keyword list to C:\Users\User\AppData\Local\Temp\tmpz4nrb_ob\keywords_finance.json.
[2026-06-28 08:34:06] [TASK_8] [INFO] Saved group-level keyword breakdown to C:\Users\User\AppData\Local\Temp\tmpz4nrb_ob\keywords_by_group.json.
[2026-06-28 08:34:06] [TASK_8] [INFO] ======================================================================
[2026-06-28 08:34:06] [TASK_8] [INFO] KEYWORD CORPUS FREQUENCY REPORT
[2026-06-28 08:34:06] [TASK_8] [INFO] ======================================================================
[2026-06-28 08:34:06] [TASK_8] [INFO] 
--- POSITIVE keywords (28) ---
[2026-06-28 08:34:06] [TASK_8] [INFO]   lợi nhuận tăng                           1
[2026-06-28 08:34:06] [TASK_8] [INFO]   doanh thu tăng                           1
[2026-06-28 08:34:06] [TASK_8] [INFO]   kỷ lục                                   1
[2026-06-28 08:34:06] [TASK_8] [INFO]   tăng trưởng                              1
[2026-06-28 08:34:06] [TASK_8] [INFO]   chia cổ tức                              1
[2026-06-28 08:34:06] [TASK_8] [INFO]   cổ tức cao                               1
[2026-06-28 08:34:06] [TASK_8] [INFO]   cổ tức tiền mặt                          1
[2026-06-28 08:34:06] [TASK_8] [INFO]   giảm nợ                                  1
[2026-06-28 08:34:06] [TASK_8] [INFO]   trả nợ                                   1
[2026-06-28 08:34:06] [TASK_8] [INFO]   cải thiện tài chính                      1
[2026-06-28 08:34:06] [TASK_8] [INFO]   dòng tiền dương                          1
[2026-06-28 08:34:06] [TASK_8] [INFO]   ký kết hợp đồng                          1
[2026-06-28 08:34:06] [TASK_8] [INFO]   mở rộng thị trường                       1
[2026-06-28 08:34:06] [TASK_8] [INFO]   xuất khẩu tăng                           1
[2026-06-28 08:34:06] [TASK_8] [INFO]   tăng trưởng mạnh                         0
[2026-06-28 08:34:06] [TASK_8] [INFO]   vượt kế hoạch                            0
[2026-06-28 08:34:06] [TASK_8] [INFO]   lãi ròng                                 0
[2026-06-28 08:34:06] [TASK_8] [INFO]   lợi nhuận sau thuế tăng                  0
[2026-06-28 08:34:06] [TASK_8] [INFO]   kết quả tích cực                         0
[2026-06-28 08:34:06] [TASK_8] [INFO]   mua lại cổ phiếu                         0
[2026-06-28 08:34:06] [TASK_8] [INFO]   phát hành thưởng                         0
[2026-06-28 08:34:06] [TASK_8] [INFO]   tăng vốn điều lệ                         0
[2026-06-28 08:34:06] [TASK_8] [INFO]   hệ số an toàn vốn                        0
[2026-06-28 08:34:06] [TASK_8] [INFO]   tiền mặt dồi dào                         0
[2026-06-28 08:34:06] [TASK_8] [INFO]   dự án mới                                0
[2026-06-28 08:34:06] [TASK_8] [INFO]   đầu tư mới                               0
[2026-06-28 08:34:06] [TASK_8] [INFO]   hợp tác chiến lược                       0
[2026-06-28 08:34:06] [TASK_8] [INFO]   thắng thầu                               0
[2026-06-28 08:34:06] [TASK_8] [INFO] 
--- NEGATIVE keywords (36) ---
[2026-06-28 08:34:06] [TASK_8] [INFO]   lợi nhuận giảm                           1
[2026-06-28 08:34:06] [TASK_8] [INFO]   doanh thu giảm                           1
[2026-06-28 08:34:06] [TASK_8] [INFO]   sụt giảm                                 1
[2026-06-28 08:34:06] [TASK_8] [INFO]   nợ xấu                                   1
[2026-06-28 08:34:06] [TASK_8] [INFO]   áp lực tài chính                         1
[2026-06-28 08:34:06] [TASK_8] [INFO]   dòng tiền âm                             1
[2026-06-28 08:34:06] [TASK_8] [INFO]   hủy hợp đồng                             1
[2026-06-28 08:34:06] [TASK_8] [INFO]   dự án trì hoãn                           1
[2026-06-28 08:34:06] [TASK_8] [INFO]   đóng cửa                                 1
[2026-06-28 08:34:06] [TASK_8] [INFO]   bị phạt                                  1
[2026-06-28 08:34:06] [TASK_8] [INFO]   vi phạm                                  1
[2026-06-28 08:34:06] [TASK_8] [INFO]   bị thanh tra                             1
[2026-06-28 08:34:06] [TASK_8] [INFO]   lợi nhuận âm                             0
[2026-06-28 08:34:06] [TASK_8] [INFO]   thua lỗ                                  0
[2026-06-28 08:34:06] [TASK_8] [INFO]   lỗ ròng                                  0
[2026-06-28 08:34:06] [TASK_8] [INFO]   dưới kế hoạch                            0
[2026-06-28 08:34:06] [TASK_8] [INFO]   kết quả tiêu cực                         0
[2026-06-28 08:34:06] [TASK_8] [INFO]   lợi nhuận thấp hơn                       0
[2026-06-28 08:34:06] [TASK_8] [INFO]   không chia cổ tức                        0
[2026-06-28 08:34:06] [TASK_8] [INFO]   hủy cổ tức                               0
[2026-06-28 08:34:06] [TASK_8] [INFO]   giảm cổ tức                              0
[2026-06-28 08:34:06] [TASK_8] [INFO]   phát hành pha loãng                      0
[2026-06-28 08:34:06] [TASK_8] [INFO]   chào bán giá thấp                        0
[2026-06-28 08:34:06] [TASK_8] [INFO]   nợ vay tăng                              0
[2026-06-28 08:34:06] [TASK_8] [INFO]   nợ quá hạn                               0
[2026-06-28 08:34:06] [TASK_8] [INFO]   hệ số nợ cao                             0
[2026-06-28 08:34:06] [TASK_8] [INFO]   thiếu thanh khoản                        0
[2026-06-28 08:34:06] [TASK_8] [INFO]   thu hẹp hoạt động                        0
[2026-06-28 08:34:06] [TASK_8] [INFO]   dừng dự án                               0
[2026-06-28 08:34:06] [TASK_8] [INFO]   bị kiểm toán từ chối                     0
[2026-06-28 08:34:06] [TASK_8] [INFO]   cảnh báo                                 0
[2026-06-28 08:34:06] [TASK_8] [INFO]   đình chỉ                                 0
[2026-06-28 08:34:06] [TASK_8] [INFO]   khởi tố                                  0
[2026-06-28 08:34:06] [TASK_8] [INFO]   điều tra                                 0
[2026-06-28 08:34:06] [TASK_8] [INFO]   tranh chấp pháp lý                       0
[2026-06-28 08:34:06] [TASK_8] [INFO]   bị kiện                                  0
[2026-06-28 08:34:06] [TASK_8] [INFO] 
--- NEUTRAL keywords (9) ---
[2026-06-28 08:34:06] [TASK_8] [INFO]   đại hội cổ đông                          1
[2026-06-28 08:34:06] [TASK_8] [INFO]   thay đổi lãnh đạo                        1
[2026-06-28 08:34:06] [TASK_8] [INFO]   sáp nhập                                 1
[2026-06-28 08:34:06] [TASK_8] [INFO]   mua lại                                  1
[2026-06-28 08:34:06] [TASK_8] [INFO]   phát hành cổ phiếu mới                   1
[2026-06-28 08:34:06] [TASK_8] [INFO]   thoái vốn                                1
[2026-06-28 08:34:06] [TASK_8] [INFO]   họp HĐQT                                 0
[2026-06-28 08:34:06] [TASK_8] [INFO]   thay CEO                                 0
[2026-06-28 08:34:06] [TASK_8] [INFO]   niêm yết thêm                            0
[2026-06-28 08:34:06] [TASK_8] [INFO] 
Total keyword occurrences in corpus: 32
[2026-06-28 08:34:06] [TASK_8] [INFO] Keywords with zero occurrences: 41 / 73
[2026-06-28 08:34:06] [TASK_8] [INFO] ======================================================================
[2026-06-28 08:34:06] [TASK_8] [INFO] Keyword Builder (TASK 8) complete.
[2026-06-28 08:34:06] [TASK_8] [INFO] Starting Keyword Builder (TASK 8)...
[2026-06-28 08:34:06] [TASK_8] [INFO] Loaded 23 stopwords.
[2026-06-28 08:34:06] [TASK_8] [INFO] Extracting keyword candidates from 10 documents...
[2026-06-28 08:34:06] [TASK_8] [INFO] Saved 176 keyword candidates to C:\Users\User\AppData\Local\Temp\tmp8zuvocpx\keyword_candidates.csv (unigrams: 83, bigrams: 93).
[2026-06-28 08:34:06] [TASK_8] [INFO] Curated keyword list: 28 positive, 36 negative, 9 neutral (total: 73).
[2026-06-28 08:34:06] [TASK_8] [INFO] Saved flat keyword list to C:\Users\User\AppData\Local\Temp\tmp8zuvocpx\keywords_finance.json.
[2026-06-28 08:34:06] [TASK_8] [INFO] Saved group-level keyword breakdown to C:\Users\User\AppData\Local\Temp\tmp8zuvocpx\keywords_by_group.json.
[2026-06-28 08:34:06] [TASK_8] [INFO] ======================================================================
[2026-06-28 08:34:06] [TASK_8] [INFO] KEYWORD CORPUS FREQUENCY REPORT
[2026-06-28 08:34:06] [TASK_8] [INFO] ======================================================================
[2026-06-28 08:34:06] [TASK_8] [INFO] 
--- POSITIVE keywords (28) ---
[2026-06-28 08:34:06] [TASK_8] [INFO]   lợi nhuận tăng                           1
[2026-06-28 08:34:06] [TASK_8] [INFO]   doanh thu tăng                           1
[2026-06-28 08:34:06] [TASK_8] [INFO]   kỷ lục                                   1
[2026-06-28 08:34:06] [TASK_8] [INFO]   tăng trưởng                              1
[2026-06-28 08:34:06] [TASK_8] [INFO]   chia cổ tức                              1
[2026-06-28 08:34:06] [TASK_8] [INFO]   cổ tức cao                               1
[2026-06-28 08:34:06] [TASK_8] [INFO]   cổ tức tiền mặt                          1
[2026-06-28 08:34:06] [TASK_8] [INFO]   giảm nợ                                  1
[2026-06-28 08:34:06] [TASK_8] [INFO]   trả nợ                                   1
[2026-06-28 08:34:06] [TASK_8] [INFO]   cải thiện tài chính                      1
[2026-06-28 08:34:06] [TASK_8] [INFO]   dòng tiền dương                          1
[2026-06-28 08:34:06] [TASK_8] [INFO]   ký kết hợp đồng                          1
[2026-06-28 08:34:06] [TASK_8] [INFO]   mở rộng thị trường                       1
[2026-06-28 08:34:06] [TASK_8] [INFO]   xuất khẩu tăng                           1
[2026-06-28 08:34:06] [TASK_8] [INFO]   tăng trưởng mạnh                         0
[2026-06-28 08:34:06] [TASK_8] [INFO]   vượt kế hoạch                            0
[2026-06-28 08:34:06] [TASK_8] [INFO]   lãi ròng                                 0
[2026-06-28 08:34:06] [TASK_8] [INFO]   lợi nhuận sau thuế tăng                  0
[2026-06-28 08:34:06] [TASK_8] [INFO]   kết quả tích cực                         0
[2026-06-28 08:34:06] [TASK_8] [INFO]   mua lại cổ phiếu                         0
[2026-06-28 08:34:06] [TASK_8] [INFO]   phát hành thưởng                         0
[2026-06-28 08:34:06] [TASK_8] [INFO]   tăng vốn điều lệ                         0
[2026-06-28 08:34:06] [TASK_8] [INFO]   hệ số an toàn vốn                        0
[2026-06-28 08:34:06] [TASK_8] [INFO]   tiền mặt dồi dào                         0
[2026-06-28 08:34:06] [TASK_8] [INFO]   dự án mới                                0
[2026-06-28 08:34:06] [TASK_8] [INFO]   đầu tư mới                               0
[2026-06-28 08:34:06] [TASK_8] [INFO]   hợp tác chiến lược                       0
[2026-06-28 08:34:06] [TASK_8] [INFO]   thắng thầu                               0
[2026-06-28 08:34:06] [TASK_8] [INFO] 
--- NEGATIVE keywords (36) ---
[2026-06-28 08:34:06] [TASK_8] [INFO]   lợi nhuận giảm                           1
[2026-06-28 08:34:06] [TASK_8] [INFO]   doanh thu giảm                           1
[2026-06-28 08:34:06] [TASK_8] [INFO]   sụt giảm                                 1
[2026-06-28 08:34:06] [TASK_8] [INFO]   nợ xấu                                   1
[2026-06-28 08:34:06] [TASK_8] [INFO]   áp lực tài chính                         1
[2026-06-28 08:34:06] [TASK_8] [INFO]   dòng tiền âm                             1
[2026-06-28 08:34:06] [TASK_8] [INFO]   hủy hợp đồng                             1
[2026-06-28 08:34:06] [TASK_8] [INFO]   dự án trì hoãn                           1
[2026-06-28 08:34:06] [TASK_8] [INFO]   đóng cửa                                 1
[2026-06-28 08:34:06] [TASK_8] [INFO]   bị phạt                                  1
[2026-06-28 08:34:06] [TASK_8] [INFO]   vi phạm                                  1
[2026-06-28 08:34:06] [TASK_8] [INFO]   bị thanh tra                             1
[2026-06-28 08:34:06] [TASK_8] [INFO]   lợi nhuận âm                             0
[2026-06-28 08:34:06] [TASK_8] [INFO]   thua lỗ                                  0
[2026-06-28 08:34:06] [TASK_8] [INFO]   lỗ ròng                                  0
[2026-06-28 08:34:06] [TASK_8] [INFO]   dưới kế hoạch                            0
[2026-06-28 08:34:06] [TASK_8] [INFO]   kết quả tiêu cực                         0
[2026-06-28 08:34:06] [TASK_8] [INFO]   lợi nhuận thấp hơn                       0
[2026-06-28 08:34:06] [TASK_8] [INFO]   không chia cổ tức                        0
[2026-06-28 08:34:06] [TASK_8] [INFO]   hủy cổ tức                               0
[2026-06-28 08:34:06] [TASK_8] [INFO]   giảm cổ tức                              0
[2026-06-28 08:34:06] [TASK_8] [INFO]   phát hành pha loãng                      0
[2026-06-28 08:34:06] [TASK_8] [INFO]   chào bán giá thấp                        0
[2026-06-28 08:34:06] [TASK_8] [INFO]   nợ vay tăng                              0
[2026-06-28 08:34:06] [TASK_8] [INFO]   nợ quá hạn                               0
[2026-06-28 08:34:06] [TASK_8] [INFO]   hệ số nợ cao                             0
[2026-06-28 08:34:06] [TASK_8] [INFO]   thiếu thanh khoản                        0
[2026-06-28 08:34:06] [TASK_8] [INFO]   thu hẹp hoạt động                        0
[2026-06-28 08:34:06] [TASK_8] [INFO]   dừng dự án                               0
[2026-06-28 08:34:06] [TASK_8] [INFO]   bị kiểm toán từ chối                     0
[2026-06-28 08:34:06] [TASK_8] [INFO]   cảnh báo                                 0
[2026-06-28 08:34:06] [TASK_8] [INFO]   đình chỉ                                 0
[2026-06-28 08:34:06] [TASK_8] [INFO]   khởi tố                                  0
[2026-06-28 08:34:06] [TASK_8] [INFO]   điều tra                                 0
[2026-06-28 08:34:06] [TASK_8] [INFO]   tranh chấp pháp lý                       0
[2026-06-28 08:34:06] [TASK_8] [INFO]   bị kiện                                  0
[2026-06-28 08:34:06] [TASK_8] [INFO] 
--- NEUTRAL keywords (9) ---
[2026-06-28 08:34:06] [TASK_8] [INFO]   đại hội cổ đông                          1
[2026-06-28 08:34:06] [TASK_8] [INFO]   thay đổi lãnh đạo                        1
[2026-06-28 08:34:06] [TASK_8] [INFO]   sáp nhập                                 1
[2026-06-28 08:34:06] [TASK_8] [INFO]   mua lại                                  1
[2026-06-28 08:34:06] [TASK_8] [INFO]   phát hành cổ phiếu mới                   1
[2026-06-28 08:34:06] [TASK_8] [INFO]   thoái vốn                                1
[2026-06-28 08:34:06] [TASK_8] [INFO]   họp HĐQT                                 0
[2026-06-28 08:34:06] [TASK_8] [INFO]   thay CEO                                 0
[2026-06-28 08:34:06] [TASK_8] [INFO]   niêm yết thêm                            0
[2026-06-28 08:34:06] [TASK_8] [INFO] 
Total keyword occurrences in corpus: 32
[2026-06-28 08:34:06] [TASK_8] [INFO] Keywords with zero occurrences: 41 / 73
[2026-06-28 08:34:06] [TASK_8] [INFO] ======================================================================
[2026-06-28 08:34:06] [TASK_8] [INFO] Keyword Builder (TASK 8) complete.
[2026-06-28 08:34:06] [TASK_8] [INFO] Starting Keyword Builder (TASK 8)...
[2026-06-28 08:34:06] [TASK_8] [INFO] Loaded 23 stopwords.
[2026-06-28 08:34:06] [TASK_8] [INFO] No corpus provided — skipping candidate extraction.
[2026-06-28 08:34:06] [TASK_8] [INFO] Curated keyword list: 28 positive, 36 negative, 9 neutral (total: 73).
[2026-06-28 08:34:06] [TASK_8] [INFO] Saved flat keyword list to C:\Users\User\AppData\Local\Temp\tmpzish7gbg\keywords_finance.json.
[2026-06-28 08:34:06] [TASK_8] [INFO] Saved group-level keyword breakdown to C:\Users\User\AppData\Local\Temp\tmpzish7gbg\keywords_by_group.json.
[2026-06-28 08:34:06] [TASK_8] [INFO] No corpus provided — skipping frequency report.
[2026-06-28 08:34:06] [TASK_8] [INFO] Keyword Builder (TASK 8) complete.
[2026-06-28 08:52:31] [TASK_8] [INFO] ============================================================
[2026-06-28 08:52:31] [TASK_8] [INFO] START TASK_8: Keyword Building (curate financial keywords)
[2026-06-28 08:52:31] [TASK_8] [INFO] Timestamp: 2026-06-28T08:52:31.086482
[2026-06-28 08:52:31] [TASK_8] [INFO] ============================================================
[2026-06-28 08:52:31] [TASK_8] [INFO] Input: data/news/processed/all_news_processed.csv (0 rows)
[2026-06-28 08:52:31] [TASK_8] [INFO] ------------------------------------------------------------
[2026-06-28 08:52:31] [TASK_8] [INFO] END TASK_8 — completed in 0.0 seconds
[2026-06-28 08:52:31] [TASK_8] [INFO] ============================================================
[2026-06-28 08:52:31] [TASK_8] [INFO] ============================================================
[2026-06-28 08:52:31] [TASK_8] [INFO] START TASK_8: Keyword Building (curate financial keywords)
[2026-06-28 08:52:31] [TASK_8] [INFO] Timestamp: 2026-06-28T08:52:31.117078
[2026-06-28 08:52:31] [TASK_8] [INFO] ============================================================
[2026-06-28 08:52:31] [TASK_8] [INFO] Input: data/news/processed/all_news_processed.csv (0 rows)
[2026-06-28 08:52:31] [TASK_8] [INFO] ------------------------------------------------------------
[2026-06-28 08:52:31] [TASK_8] [INFO] END TASK_8 — completed in 0.0 seconds
[2026-06-28 08:52:31] [TASK_8] [INFO] ============================================================
[2026-06-28 08:52:44] [TASK_8] [INFO] Starting Keyword Builder (TASK 8)...
[2026-06-28 08:52:44] [TASK_8] [INFO] Loaded 23 stopwords.
[2026-06-28 08:52:44] [TASK_8] [INFO] Extracting keyword candidates from 10 documents...
[2026-06-28 08:52:44] [TASK_8] [INFO] Saved 176 keyword candidates to C:\Users\User\AppData\Local\Temp\tmp_9zcjpqf\keyword_candidates.csv (unigrams: 83, bigrams: 93).
[2026-06-28 08:52:44] [TASK_8] [INFO] Curated keyword list: 28 positive, 36 negative, 9 neutral (total: 73).
[2026-06-28 08:52:44] [TASK_8] [INFO] Saved flat keyword list to C:\Users\User\AppData\Local\Temp\tmp_9zcjpqf\keywords_finance.json.
[2026-06-28 08:52:44] [TASK_8] [INFO] Saved group-level keyword breakdown to C:\Users\User\AppData\Local\Temp\tmp_9zcjpqf\keywords_by_group.json.
[2026-06-28 08:52:44] [TASK_8] [INFO] ======================================================================
[2026-06-28 08:52:44] [TASK_8] [INFO] KEYWORD CORPUS FREQUENCY REPORT
[2026-06-28 08:52:44] [TASK_8] [INFO] ======================================================================
[2026-06-28 08:52:44] [TASK_8] [INFO] 
--- POSITIVE keywords (28) ---
[2026-06-28 08:52:44] [TASK_8] [INFO]   lợi nhuận tăng                           1
[2026-06-28 08:52:44] [TASK_8] [INFO]   doanh thu tăng                           1
[2026-06-28 08:52:44] [TASK_8] [INFO]   kỷ lục                                   1
[2026-06-28 08:52:44] [TASK_8] [INFO]   tăng trưởng                              1
[2026-06-28 08:52:44] [TASK_8] [INFO]   chia cổ tức                              1
[2026-06-28 08:52:44] [TASK_8] [INFO]   cổ tức cao                               1
[2026-06-28 08:52:44] [TASK_8] [INFO]   cổ tức tiền mặt                          1
[2026-06-28 08:52:44] [TASK_8] [INFO]   giảm nợ                                  1
[2026-06-28 08:52:44] [TASK_8] [INFO]   trả nợ                                   1
[2026-06-28 08:52:44] [TASK_8] [INFO]   cải thiện tài chính                      1
[2026-06-28 08:52:44] [TASK_8] [INFO]   dòng tiền dương                          1
[2026-06-28 08:52:44] [TASK_8] [INFO]   ký kết hợp đồng                          1
[2026-06-28 08:52:44] [TASK_8] [INFO]   mở rộng thị trường                       1
[2026-06-28 08:52:44] [TASK_8] [INFO]   xuất khẩu tăng                           1
[2026-06-28 08:52:44] [TASK_8] [INFO]   tăng trưởng mạnh                         0
[2026-06-28 08:52:44] [TASK_8] [INFO]   vượt kế hoạch                            0
[2026-06-28 08:52:44] [TASK_8] [INFO]   lãi ròng                                 0
[2026-06-28 08:52:44] [TASK_8] [INFO]   lợi nhuận sau thuế tăng                  0
[2026-06-28 08:52:44] [TASK_8] [INFO]   kết quả tích cực                         0
[2026-06-28 08:52:44] [TASK_8] [INFO]   mua lại cổ phiếu                         0
[2026-06-28 08:52:44] [TASK_8] [INFO]   phát hành thưởng                         0
[2026-06-28 08:52:44] [TASK_8] [INFO]   tăng vốn điều lệ                         0
[2026-06-28 08:52:44] [TASK_8] [INFO]   hệ số an toàn vốn                        0
[2026-06-28 08:52:44] [TASK_8] [INFO]   tiền mặt dồi dào                         0
[2026-06-28 08:52:44] [TASK_8] [INFO]   dự án mới                                0
[2026-06-28 08:52:44] [TASK_8] [INFO]   đầu tư mới                               0
[2026-06-28 08:52:44] [TASK_8] [INFO]   hợp tác chiến lược                       0
[2026-06-28 08:52:44] [TASK_8] [INFO]   thắng thầu                               0
[2026-06-28 08:52:44] [TASK_8] [INFO] 
--- NEGATIVE keywords (36) ---
[2026-06-28 08:52:44] [TASK_8] [INFO]   lợi nhuận giảm                           1
[2026-06-28 08:52:44] [TASK_8] [INFO]   doanh thu giảm                           1
[2026-06-28 08:52:44] [TASK_8] [INFO]   sụt giảm                                 1
[2026-06-28 08:52:44] [TASK_8] [INFO]   nợ xấu                                   1
[2026-06-28 08:52:44] [TASK_8] [INFO]   áp lực tài chính                         1
[2026-06-28 08:52:44] [TASK_8] [INFO]   dòng tiền âm                             1
[2026-06-28 08:52:44] [TASK_8] [INFO]   hủy hợp đồng                             1
[2026-06-28 08:52:44] [TASK_8] [INFO]   dự án trì hoãn                           1
[2026-06-28 08:52:44] [TASK_8] [INFO]   đóng cửa                                 1
[2026-06-28 08:52:44] [TASK_8] [INFO]   bị phạt                                  1
[2026-06-28 08:52:44] [TASK_8] [INFO]   vi phạm                                  1
[2026-06-28 08:52:44] [TASK_8] [INFO]   bị thanh tra                             1
[2026-06-28 08:52:44] [TASK_8] [INFO]   lợi nhuận âm                             0
[2026-06-28 08:52:44] [TASK_8] [INFO]   thua lỗ                                  0
[2026-06-28 08:52:44] [TASK_8] [INFO]   lỗ ròng                                  0
[2026-06-28 08:52:44] [TASK_8] [INFO]   dưới kế hoạch                            0
[2026-06-28 08:52:44] [TASK_8] [INFO]   kết quả tiêu cực                         0
[2026-06-28 08:52:44] [TASK_8] [INFO]   lợi nhuận thấp hơn                       0
[2026-06-28 08:52:44] [TASK_8] [INFO]   không chia cổ tức                        0
[2026-06-28 08:52:44] [TASK_8] [INFO]   hủy cổ tức                               0
[2026-06-28 08:52:44] [TASK_8] [INFO]   giảm cổ tức                              0
[2026-06-28 08:52:44] [TASK_8] [INFO]   phát hành pha loãng                      0
[2026-06-28 08:52:44] [TASK_8] [INFO]   chào bán giá thấp                        0
[2026-06-28 08:52:44] [TASK_8] [INFO]   nợ vay tăng                              0
[2026-06-28 08:52:44] [TASK_8] [INFO]   nợ quá hạn                               0
[2026-06-28 08:52:44] [TASK_8] [INFO]   hệ số nợ cao                             0
[2026-06-28 08:52:44] [TASK_8] [INFO]   thiếu thanh khoản                        0
[2026-06-28 08:52:44] [TASK_8] [INFO]   thu hẹp hoạt động                        0
[2026-06-28 08:52:44] [TASK_8] [INFO]   dừng dự án                               0
[2026-06-28 08:52:44] [TASK_8] [INFO]   bị kiểm toán từ chối                     0
[2026-06-28 08:52:44] [TASK_8] [INFO]   cảnh báo                                 0
[2026-06-28 08:52:44] [TASK_8] [INFO]   đình chỉ                                 0
[2026-06-28 08:52:44] [TASK_8] [INFO]   khởi tố                                  0
[2026-06-28 08:52:44] [TASK_8] [INFO]   điều tra                                 0
[2026-06-28 08:52:44] [TASK_8] [INFO]   tranh chấp pháp lý                       0
[2026-06-28 08:52:44] [TASK_8] [INFO]   bị kiện                                  0
[2026-06-28 08:52:44] [TASK_8] [INFO] 
--- NEUTRAL keywords (9) ---
[2026-06-28 08:52:44] [TASK_8] [INFO]   đại hội cổ đông                          1
[2026-06-28 08:52:44] [TASK_8] [INFO]   thay đổi lãnh đạo                        1
[2026-06-28 08:52:44] [TASK_8] [INFO]   sáp nhập                                 1
[2026-06-28 08:52:44] [TASK_8] [INFO]   mua lại                                  1
[2026-06-28 08:52:44] [TASK_8] [INFO]   phát hành cổ phiếu mới                   1
[2026-06-28 08:52:44] [TASK_8] [INFO]   thoái vốn                                1
[2026-06-28 08:52:44] [TASK_8] [INFO]   họp HĐQT                                 0
[2026-06-28 08:52:44] [TASK_8] [INFO]   thay CEO                                 0
[2026-06-28 08:52:44] [TASK_8] [INFO]   niêm yết thêm                            0
[2026-06-28 08:52:44] [TASK_8] [INFO] 
Total keyword occurrences in corpus: 32
[2026-06-28 08:52:44] [TASK_8] [INFO] Keywords with zero occurrences: 41 / 73
[2026-06-28 08:52:44] [TASK_8] [INFO] ======================================================================
[2026-06-28 08:52:44] [TASK_8] [INFO] Keyword Builder (TASK 8) complete.
[2026-06-28 08:52:44] [TASK_8] [INFO] Starting Keyword Builder (TASK 8)...
[2026-06-28 08:52:44] [TASK_8] [INFO] Loaded 23 stopwords.
[2026-06-28 08:52:44] [TASK_8] [INFO] Extracting keyword candidates from 10 documents...
[2026-06-28 08:52:44] [TASK_8] [INFO] Saved 176 keyword candidates to C:\Users\User\AppData\Local\Temp\tmp1_25wrqv\keyword_candidates.csv (unigrams: 83, bigrams: 93).
[2026-06-28 08:52:44] [TASK_8] [INFO] Curated keyword list: 28 positive, 36 negative, 9 neutral (total: 73).
[2026-06-28 08:52:44] [TASK_8] [INFO] Saved flat keyword list to C:\Users\User\AppData\Local\Temp\tmp1_25wrqv\keywords_finance.json.
[2026-06-28 08:52:44] [TASK_8] [INFO] Saved group-level keyword breakdown to C:\Users\User\AppData\Local\Temp\tmp1_25wrqv\keywords_by_group.json.
[2026-06-28 08:52:44] [TASK_8] [INFO] ======================================================================
[2026-06-28 08:52:44] [TASK_8] [INFO] KEYWORD CORPUS FREQUENCY REPORT
[2026-06-28 08:52:44] [TASK_8] [INFO] ======================================================================
[2026-06-28 08:52:44] [TASK_8] [INFO] 
--- POSITIVE keywords (28) ---
[2026-06-28 08:52:44] [TASK_8] [INFO]   lợi nhuận tăng                           1
[2026-06-28 08:52:44] [TASK_8] [INFO]   doanh thu tăng                           1
[2026-06-28 08:52:44] [TASK_8] [INFO]   kỷ lục                                   1
[2026-06-28 08:52:44] [TASK_8] [INFO]   tăng trưởng                              1
[2026-06-28 08:52:44] [TASK_8] [INFO]   chia cổ tức                              1
[2026-06-28 08:52:44] [TASK_8] [INFO]   cổ tức cao                               1
[2026-06-28 08:52:44] [TASK_8] [INFO]   cổ tức tiền mặt                          1
[2026-06-28 08:52:44] [TASK_8] [INFO]   giảm nợ                                  1
[2026-06-28 08:52:44] [TASK_8] [INFO]   trả nợ                                   1
[2026-06-28 08:52:44] [TASK_8] [INFO]   cải thiện tài chính                      1
[2026-06-28 08:52:44] [TASK_8] [INFO]   dòng tiền dương                          1
[2026-06-28 08:52:44] [TASK_8] [INFO]   ký kết hợp đồng                          1
[2026-06-28 08:52:44] [TASK_8] [INFO]   mở rộng thị trường                       1
[2026-06-28 08:52:44] [TASK_8] [INFO]   xuất khẩu tăng                           1
[2026-06-28 08:52:44] [TASK_8] [INFO]   tăng trưởng mạnh                         0
[2026-06-28 08:52:44] [TASK_8] [INFO]   vượt kế hoạch                            0
[2026-06-28 08:52:44] [TASK_8] [INFO]   lãi ròng                                 0
[2026-06-28 08:52:44] [TASK_8] [INFO]   lợi nhuận sau thuế tăng                  0
[2026-06-28 08:52:44] [TASK_8] [INFO]   kết quả tích cực                         0
[2026-06-28 08:52:44] [TASK_8] [INFO]   mua lại cổ phiếu                         0
[2026-06-28 08:52:44] [TASK_8] [INFO]   phát hành thưởng                         0
[2026-06-28 08:52:44] [TASK_8] [INFO]   tăng vốn điều lệ                         0
[2026-06-28 08:52:44] [TASK_8] [INFO]   hệ số an toàn vốn                        0
[2026-06-28 08:52:44] [TASK_8] [INFO]   tiền mặt dồi dào                         0
[2026-06-28 08:52:44] [TASK_8] [INFO]   dự án mới                                0
[2026-06-28 08:52:44] [TASK_8] [INFO]   đầu tư mới                               0
[2026-06-28 08:52:44] [TASK_8] [INFO]   hợp tác chiến lược                       0
[2026-06-28 08:52:44] [TASK_8] [INFO]   thắng thầu                               0
[2026-06-28 08:52:44] [TASK_8] [INFO] 
--- NEGATIVE keywords (36) ---
[2026-06-28 08:52:44] [TASK_8] [INFO]   lợi nhuận giảm                           1
[2026-06-28 08:52:44] [TASK_8] [INFO]   doanh thu giảm                           1
[2026-06-28 08:52:44] [TASK_8] [INFO]   sụt giảm                                 1
[2026-06-28 08:52:44] [TASK_8] [INFO]   nợ xấu                                   1
[2026-06-28 08:52:44] [TASK_8] [INFO]   áp lực tài chính                         1
[2026-06-28 08:52:44] [TASK_8] [INFO]   dòng tiền âm                             1
[2026-06-28 08:52:44] [TASK_8] [INFO]   hủy hợp đồng                             1
[2026-06-28 08:52:44] [TASK_8] [INFO]   dự án trì hoãn                           1
[2026-06-28 08:52:44] [TASK_8] [INFO]   đóng cửa                                 1
[2026-06-28 08:52:44] [TASK_8] [INFO]   bị phạt                                  1
[2026-06-28 08:52:44] [TASK_8] [INFO]   vi phạm                                  1
[2026-06-28 08:52:44] [TASK_8] [INFO]   bị thanh tra                             1
[2026-06-28 08:52:44] [TASK_8] [INFO]   lợi nhuận âm                             0
[2026-06-28 08:52:44] [TASK_8] [INFO]   thua lỗ                                  0
[2026-06-28 08:52:44] [TASK_8] [INFO]   lỗ ròng                                  0
[2026-06-28 08:52:44] [TASK_8] [INFO]   dưới kế hoạch                            0
[2026-06-28 08:52:44] [TASK_8] [INFO]   kết quả tiêu cực                         0
[2026-06-28 08:52:44] [TASK_8] [INFO]   lợi nhuận thấp hơn                       0
[2026-06-28 08:52:44] [TASK_8] [INFO]   không chia cổ tức                        0
[2026-06-28 08:52:44] [TASK_8] [INFO]   hủy cổ tức                               0
[2026-06-28 08:52:44] [TASK_8] [INFO]   giảm cổ tức                              0
[2026-06-28 08:52:44] [TASK_8] [INFO]   phát hành pha loãng                      0
[2026-06-28 08:52:44] [TASK_8] [INFO]   chào bán giá thấp                        0
[2026-06-28 08:52:44] [TASK_8] [INFO]   nợ vay tăng                              0
[2026-06-28 08:52:44] [TASK_8] [INFO]   nợ quá hạn                               0
[2026-06-28 08:52:44] [TASK_8] [INFO]   hệ số nợ cao                             0
[2026-06-28 08:52:44] [TASK_8] [INFO]   thiếu thanh khoản                        0
[2026-06-28 08:52:44] [TASK_8] [INFO]   thu hẹp hoạt động                        0
[2026-06-28 08:52:44] [TASK_8] [INFO]   dừng dự án                               0
[2026-06-28 08:52:44] [TASK_8] [INFO]   bị kiểm toán từ chối                     0
[2026-06-28 08:52:44] [TASK_8] [INFO]   cảnh báo                                 0
[2026-06-28 08:52:44] [TASK_8] [INFO]   đình chỉ                                 0
[2026-06-28 08:52:44] [TASK_8] [INFO]   khởi tố                                  0
[2026-06-28 08:52:44] [TASK_8] [INFO]   điều tra                                 0
[2026-06-28 08:52:44] [TASK_8] [INFO]   tranh chấp pháp lý                       0
[2026-06-28 08:52:44] [TASK_8] [INFO]   bị kiện                                  0
[2026-06-28 08:52:44] [TASK_8] [INFO] 
--- NEUTRAL keywords (9) ---
[2026-06-28 08:52:44] [TASK_8] [INFO]   đại hội cổ đông                          1
[2026-06-28 08:52:44] [TASK_8] [INFO]   thay đổi lãnh đạo                        1
[2026-06-28 08:52:44] [TASK_8] [INFO]   sáp nhập                                 1
[2026-06-28 08:52:44] [TASK_8] [INFO]   mua lại                                  1
[2026-06-28 08:52:44] [TASK_8] [INFO]   phát hành cổ phiếu mới                   1
[2026-06-28 08:52:44] [TASK_8] [INFO]   thoái vốn                                1
[2026-06-28 08:52:44] [TASK_8] [INFO]   họp HĐQT                                 0
[2026-06-28 08:52:44] [TASK_8] [INFO]   thay CEO                                 0
[2026-06-28 08:52:44] [TASK_8] [INFO]   niêm yết thêm                            0
[2026-06-28 08:52:44] [TASK_8] [INFO] 
Total keyword occurrences in corpus: 32
[2026-06-28 08:52:44] [TASK_8] [INFO] Keywords with zero occurrences: 41 / 73
[2026-06-28 08:52:44] [TASK_8] [INFO] ======================================================================
[2026-06-28 08:52:44] [TASK_8] [INFO] Keyword Builder (TASK 8) complete.
[2026-06-28 08:52:44] [TASK_8] [INFO] Starting Keyword Builder (TASK 8)...
[2026-06-28 08:52:44] [TASK_8] [INFO] Loaded 23 stopwords.
[2026-06-28 08:52:44] [TASK_8] [INFO] No corpus provided — skipping candidate extraction.
[2026-06-28 08:52:44] [TASK_8] [INFO] Curated keyword list: 28 positive, 36 negative, 9 neutral (total: 73).
[2026-06-28 08:52:44] [TASK_8] [INFO] Saved flat keyword list to C:\Users\User\AppData\Local\Temp\tmppvi3weoh\keywords_finance.json.
[2026-06-28 08:52:44] [TASK_8] [INFO] Saved group-level keyword breakdown to C:\Users\User\AppData\Local\Temp\tmppvi3weoh\keywords_by_group.json.
[2026-06-28 08:52:44] [TASK_8] [INFO] No corpus provided — skipping frequency report.
[2026-06-28 08:52:44] [TASK_8] [INFO] Keyword Builder (TASK 8) complete.
[2026-06-28 08:53:02] [TASK_8] [INFO] ============================================================
[2026-06-28 08:53:02] [TASK_8] [INFO] START TASK_8: Keyword Building (curate financial keywords)
[2026-06-28 08:53:02] [TASK_8] [INFO] Timestamp: 2026-06-28T08:53:02.392986
[2026-06-28 08:53:02] [TASK_8] [INFO] ============================================================
[2026-06-28 08:53:02] [TASK_8] [INFO] Input: data/news/processed/all_news_processed.csv (0 rows)
[2026-06-28 08:53:02] [TASK_8] [INFO] ------------------------------------------------------------
[2026-06-28 08:53:02] [TASK_8] [INFO] END TASK_8 — completed in 0.0 seconds
[2026-06-28 08:53:02] [TASK_8] [INFO] ============================================================
[2026-06-28 08:53:02] [TASK_8] [INFO] ============================================================
[2026-06-28 08:53:02] [TASK_8] [INFO] START TASK_8: Keyword Building (curate financial keywords)
[2026-06-28 08:53:02] [TASK_8] [INFO] Timestamp: 2026-06-28T08:53:02.428253
[2026-06-28 08:53:02] [TASK_8] [INFO] ============================================================
[2026-06-28 08:53:02] [TASK_8] [INFO] Input: data/news/processed/all_news_processed.csv (0 rows)
[2026-06-28 08:53:02] [TASK_8] [INFO] ------------------------------------------------------------
[2026-06-28 08:53:02] [TASK_8] [INFO] END TASK_8 — completed in 0.0 seconds
[2026-06-28 08:53:02] [TASK_8] [INFO] ============================================================
[2026-06-28 08:53:18] [TASK_8] [INFO] Starting Keyword Builder (TASK 8)...
[2026-06-28 08:53:18] [TASK_8] [INFO] Loaded 23 stopwords.
[2026-06-28 08:53:18] [TASK_8] [INFO] Extracting keyword candidates from 10 documents...
[2026-06-28 08:53:18] [TASK_8] [INFO] Saved 176 keyword candidates to C:\Users\User\AppData\Local\Temp\tmp6hln6irt\keyword_candidates.csv (unigrams: 83, bigrams: 93).
[2026-06-28 08:53:18] [TASK_8] [INFO] Curated keyword list: 28 positive, 36 negative, 9 neutral (total: 73).
[2026-06-28 08:53:18] [TASK_8] [INFO] Saved flat keyword list to C:\Users\User\AppData\Local\Temp\tmp6hln6irt\keywords_finance.json.
[2026-06-28 08:53:18] [TASK_8] [INFO] Saved group-level keyword breakdown to C:\Users\User\AppData\Local\Temp\tmp6hln6irt\keywords_by_group.json.
[2026-06-28 08:53:18] [TASK_8] [INFO] ======================================================================
[2026-06-28 08:53:18] [TASK_8] [INFO] KEYWORD CORPUS FREQUENCY REPORT
[2026-06-28 08:53:18] [TASK_8] [INFO] ======================================================================
[2026-06-28 08:53:18] [TASK_8] [INFO] 
--- POSITIVE keywords (28) ---
[2026-06-28 08:53:18] [TASK_8] [INFO]   lợi nhuận tăng                           1
[2026-06-28 08:53:18] [TASK_8] [INFO]   doanh thu tăng                           1
[2026-06-28 08:53:18] [TASK_8] [INFO]   kỷ lục                                   1
[2026-06-28 08:53:18] [TASK_8] [INFO]   tăng trưởng                              1
[2026-06-28 08:53:18] [TASK_8] [INFO]   chia cổ tức                              1
[2026-06-28 08:53:18] [TASK_8] [INFO]   cổ tức cao                               1
[2026-06-28 08:53:18] [TASK_8] [INFO]   cổ tức tiền mặt                          1
[2026-06-28 08:53:18] [TASK_8] [INFO]   giảm nợ                                  1
[2026-06-28 08:53:18] [TASK_8] [INFO]   trả nợ                                   1
[2026-06-28 08:53:18] [TASK_8] [INFO]   cải thiện tài chính                      1
[2026-06-28 08:53:18] [TASK_8] [INFO]   dòng tiền dương                          1
[2026-06-28 08:53:18] [TASK_8] [INFO]   ký kết hợp đồng                          1
[2026-06-28 08:53:18] [TASK_8] [INFO]   mở rộng thị trường                       1
[2026-06-28 08:53:18] [TASK_8] [INFO]   xuất khẩu tăng                           1
[2026-06-28 08:53:18] [TASK_8] [INFO]   tăng trưởng mạnh                         0
[2026-06-28 08:53:18] [TASK_8] [INFO]   vượt kế hoạch                            0
[2026-06-28 08:53:18] [TASK_8] [INFO]   lãi ròng                                 0
[2026-06-28 08:53:18] [TASK_8] [INFO]   lợi nhuận sau thuế tăng                  0
[2026-06-28 08:53:18] [TASK_8] [INFO]   kết quả tích cực                         0
[2026-06-28 08:53:18] [TASK_8] [INFO]   mua lại cổ phiếu                         0
[2026-06-28 08:53:18] [TASK_8] [INFO]   phát hành thưởng                         0
[2026-06-28 08:53:18] [TASK_8] [INFO]   tăng vốn điều lệ                         0
[2026-06-28 08:53:18] [TASK_8] [INFO]   hệ số an toàn vốn                        0
[2026-06-28 08:53:18] [TASK_8] [INFO]   tiền mặt dồi dào                         0
[2026-06-28 08:53:18] [TASK_8] [INFO]   dự án mới                                0
[2026-06-28 08:53:18] [TASK_8] [INFO]   đầu tư mới                               0
[2026-06-28 08:53:18] [TASK_8] [INFO]   hợp tác chiến lược                       0
[2026-06-28 08:53:18] [TASK_8] [INFO]   thắng thầu                               0
[2026-06-28 08:53:18] [TASK_8] [INFO] 
--- NEGATIVE keywords (36) ---
[2026-06-28 08:53:18] [TASK_8] [INFO]   lợi nhuận giảm                           1
[2026-06-28 08:53:18] [TASK_8] [INFO]   doanh thu giảm                           1
[2026-06-28 08:53:18] [TASK_8] [INFO]   sụt giảm                                 1
[2026-06-28 08:53:18] [TASK_8] [INFO]   nợ xấu                                   1
[2026-06-28 08:53:18] [TASK_8] [INFO]   áp lực tài chính                         1
[2026-06-28 08:53:18] [TASK_8] [INFO]   dòng tiền âm                             1
[2026-06-28 08:53:18] [TASK_8] [INFO]   hủy hợp đồng                             1
[2026-06-28 08:53:18] [TASK_8] [INFO]   dự án trì hoãn                           1
[2026-06-28 08:53:18] [TASK_8] [INFO]   đóng cửa                                 1
[2026-06-28 08:53:18] [TASK_8] [INFO]   bị phạt                                  1
[2026-06-28 08:53:18] [TASK_8] [INFO]   vi phạm                                  1
[2026-06-28 08:53:18] [TASK_8] [INFO]   bị thanh tra                             1
[2026-06-28 08:53:18] [TASK_8] [INFO]   lợi nhuận âm                             0
[2026-06-28 08:53:18] [TASK_8] [INFO]   thua lỗ                                  0
[2026-06-28 08:53:18] [TASK_8] [INFO]   lỗ ròng                                  0
[2026-06-28 08:53:18] [TASK_8] [INFO]   dưới kế hoạch                            0
[2026-06-28 08:53:18] [TASK_8] [INFO]   kết quả tiêu cực                         0
[2026-06-28 08:53:18] [TASK_8] [INFO]   lợi nhuận thấp hơn                       0
[2026-06-28 08:53:18] [TASK_8] [INFO]   không chia cổ tức                        0
[2026-06-28 08:53:18] [TASK_8] [INFO]   hủy cổ tức                               0
[2026-06-28 08:53:18] [TASK_8] [INFO]   giảm cổ tức                              0
[2026-06-28 08:53:18] [TASK_8] [INFO]   phát hành pha loãng                      0
[2026-06-28 08:53:18] [TASK_8] [INFO]   chào bán giá thấp                        0
[2026-06-28 08:53:18] [TASK_8] [INFO]   nợ vay tăng                              0
[2026-06-28 08:53:18] [TASK_8] [INFO]   nợ quá hạn                               0
[2026-06-28 08:53:18] [TASK_8] [INFO]   hệ số nợ cao                             0
[2026-06-28 08:53:18] [TASK_8] [INFO]   thiếu thanh khoản                        0
[2026-06-28 08:53:18] [TASK_8] [INFO]   thu hẹp hoạt động                        0
[2026-06-28 08:53:18] [TASK_8] [INFO]   dừng dự án                               0
[2026-06-28 08:53:18] [TASK_8] [INFO]   bị kiểm toán từ chối                     0
[2026-06-28 08:53:18] [TASK_8] [INFO]   cảnh báo                                 0
[2026-06-28 08:53:18] [TASK_8] [INFO]   đình chỉ                                 0
[2026-06-28 08:53:18] [TASK_8] [INFO]   khởi tố                                  0
[2026-06-28 08:53:18] [TASK_8] [INFO]   điều tra                                 0
[2026-06-28 08:53:18] [TASK_8] [INFO]   tranh chấp pháp lý                       0
[2026-06-28 08:53:18] [TASK_8] [INFO]   bị kiện                                  0
[2026-06-28 08:53:18] [TASK_8] [INFO] 
--- NEUTRAL keywords (9) ---
[2026-06-28 08:53:18] [TASK_8] [INFO]   đại hội cổ đông                          1
[2026-06-28 08:53:18] [TASK_8] [INFO]   thay đổi lãnh đạo                        1
[2026-06-28 08:53:18] [TASK_8] [INFO]   sáp nhập                                 1
[2026-06-28 08:53:18] [TASK_8] [INFO]   mua lại                                  1
[2026-06-28 08:53:18] [TASK_8] [INFO]   phát hành cổ phiếu mới                   1
[2026-06-28 08:53:18] [TASK_8] [INFO]   thoái vốn                                1
[2026-06-28 08:53:18] [TASK_8] [INFO]   họp HĐQT                                 0
[2026-06-28 08:53:18] [TASK_8] [INFO]   thay CEO                                 0
[2026-06-28 08:53:18] [TASK_8] [INFO]   niêm yết thêm                            0
[2026-06-28 08:53:18] [TASK_8] [INFO] 
Total keyword occurrences in corpus: 32
[2026-06-28 08:53:18] [TASK_8] [INFO] Keywords with zero occurrences: 41 / 73
[2026-06-28 08:53:18] [TASK_8] [INFO] ======================================================================
[2026-06-28 08:53:18] [TASK_8] [INFO] Keyword Builder (TASK 8) complete.
[2026-06-28 08:53:18] [TASK_8] [INFO] Starting Keyword Builder (TASK 8)...
[2026-06-28 08:53:18] [TASK_8] [INFO] Loaded 23 stopwords.
[2026-06-28 08:53:18] [TASK_8] [INFO] Extracting keyword candidates from 10 documents...
[2026-06-28 08:53:18] [TASK_8] [INFO] Saved 176 keyword candidates to C:\Users\User\AppData\Local\Temp\tmp70fdzm0l\keyword_candidates.csv (unigrams: 83, bigrams: 93).
[2026-06-28 08:53:18] [TASK_8] [INFO] Curated keyword list: 28 positive, 36 negative, 9 neutral (total: 73).
[2026-06-28 08:53:18] [TASK_8] [INFO] Saved flat keyword list to C:\Users\User\AppData\Local\Temp\tmp70fdzm0l\keywords_finance.json.
[2026-06-28 08:53:18] [TASK_8] [INFO] Saved group-level keyword breakdown to C:\Users\User\AppData\Local\Temp\tmp70fdzm0l\keywords_by_group.json.
[2026-06-28 08:53:18] [TASK_8] [INFO] ======================================================================
[2026-06-28 08:53:18] [TASK_8] [INFO] KEYWORD CORPUS FREQUENCY REPORT
[2026-06-28 08:53:18] [TASK_8] [INFO] ======================================================================
[2026-06-28 08:53:18] [TASK_8] [INFO] 
--- POSITIVE keywords (28) ---
[2026-06-28 08:53:18] [TASK_8] [INFO]   lợi nhuận tăng                           1
[2026-06-28 08:53:18] [TASK_8] [INFO]   doanh thu tăng                           1
[2026-06-28 08:53:18] [TASK_8] [INFO]   kỷ lục                                   1
[2026-06-28 08:53:18] [TASK_8] [INFO]   tăng trưởng                              1
[2026-06-28 08:53:18] [TASK_8] [INFO]   chia cổ tức                              1
[2026-06-28 08:53:18] [TASK_8] [INFO]   cổ tức cao                               1
[2026-06-28 08:53:18] [TASK_8] [INFO]   cổ tức tiền mặt                          1
[2026-06-28 08:53:18] [TASK_8] [INFO]   giảm nợ                                  1
[2026-06-28 08:53:18] [TASK_8] [INFO]   trả nợ                                   1
[2026-06-28 08:53:18] [TASK_8] [INFO]   cải thiện tài chính                      1
[2026-06-28 08:53:18] [TASK_8] [INFO]   dòng tiền dương                          1
[2026-06-28 08:53:18] [TASK_8] [INFO]   ký kết hợp đồng                          1
[2026-06-28 08:53:18] [TASK_8] [INFO]   mở rộng thị trường                       1
[2026-06-28 08:53:18] [TASK_8] [INFO]   xuất khẩu tăng                           1
[2026-06-28 08:53:18] [TASK_8] [INFO]   tăng trưởng mạnh                         0
[2026-06-28 08:53:18] [TASK_8] [INFO]   vượt kế hoạch                            0
[2026-06-28 08:53:18] [TASK_8] [INFO]   lãi ròng                                 0
[2026-06-28 08:53:18] [TASK_8] [INFO]   lợi nhuận sau thuế tăng                  0
[2026-06-28 08:53:18] [TASK_8] [INFO]   kết quả tích cực                         0
[2026-06-28 08:53:18] [TASK_8] [INFO]   mua lại cổ phiếu                         0
[2026-06-28 08:53:18] [TASK_8] [INFO]   phát hành thưởng                         0
[2026-06-28 08:53:18] [TASK_8] [INFO]   tăng vốn điều lệ                         0
[2026-06-28 08:53:18] [TASK_8] [INFO]   hệ số an toàn vốn                        0
[2026-06-28 08:53:18] [TASK_8] [INFO]   tiền mặt dồi dào                         0
[2026-06-28 08:53:18] [TASK_8] [INFO]   dự án mới                                0
[2026-06-28 08:53:18] [TASK_8] [INFO]   đầu tư mới                               0
[2026-06-28 08:53:18] [TASK_8] [INFO]   hợp tác chiến lược                       0
[2026-06-28 08:53:18] [TASK_8] [INFO]   thắng thầu                               0
[2026-06-28 08:53:18] [TASK_8] [INFO] 
--- NEGATIVE keywords (36) ---
[2026-06-28 08:53:18] [TASK_8] [INFO]   lợi nhuận giảm                           1
[2026-06-28 08:53:18] [TASK_8] [INFO]   doanh thu giảm                           1
[2026-06-28 08:53:18] [TASK_8] [INFO]   sụt giảm                                 1
[2026-06-28 08:53:18] [TASK_8] [INFO]   nợ xấu                                   1
[2026-06-28 08:53:18] [TASK_8] [INFO]   áp lực tài chính                         1
[2026-06-28 08:53:18] [TASK_8] [INFO]   dòng tiền âm                             1
[2026-06-28 08:53:18] [TASK_8] [INFO]   hủy hợp đồng                             1
[2026-06-28 08:53:18] [TASK_8] [INFO]   dự án trì hoãn                           1
[2026-06-28 08:53:18] [TASK_8] [INFO]   đóng cửa                                 1
[2026-06-28 08:53:18] [TASK_8] [INFO]   bị phạt                                  1
[2026-06-28 08:53:18] [TASK_8] [INFO]   vi phạm                                  1
[2026-06-28 08:53:18] [TASK_8] [INFO]   bị thanh tra                             1
[2026-06-28 08:53:18] [TASK_8] [INFO]   lợi nhuận âm                             0
[2026-06-28 08:53:18] [TASK_8] [INFO]   thua lỗ                                  0
[2026-06-28 08:53:18] [TASK_8] [INFO]   lỗ ròng                                  0
[2026-06-28 08:53:18] [TASK_8] [INFO]   dưới kế hoạch                            0
[2026-06-28 08:53:18] [TASK_8] [INFO]   kết quả tiêu cực                         0
[2026-06-28 08:53:18] [TASK_8] [INFO]   lợi nhuận thấp hơn                       0
[2026-06-28 08:53:18] [TASK_8] [INFO]   không chia cổ tức                        0
[2026-06-28 08:53:18] [TASK_8] [INFO]   hủy cổ tức                               0
[2026-06-28 08:53:18] [TASK_8] [INFO]   giảm cổ tức                              0
[2026-06-28 08:53:18] [TASK_8] [INFO]   phát hành pha loãng                      0
[2026-06-28 08:53:18] [TASK_8] [INFO]   chào bán giá thấp                        0
[2026-06-28 08:53:18] [TASK_8] [INFO]   nợ vay tăng                              0
[2026-06-28 08:53:18] [TASK_8] [INFO]   nợ quá hạn                               0
[2026-06-28 08:53:18] [TASK_8] [INFO]   hệ số nợ cao                             0
[2026-06-28 08:53:18] [TASK_8] [INFO]   thiếu thanh khoản                        0
[2026-06-28 08:53:18] [TASK_8] [INFO]   thu hẹp hoạt động                        0
[2026-06-28 08:53:18] [TASK_8] [INFO]   dừng dự án                               0
[2026-06-28 08:53:18] [TASK_8] [INFO]   bị kiểm toán từ chối                     0
[2026-06-28 08:53:18] [TASK_8] [INFO]   cảnh báo                                 0
[2026-06-28 08:53:18] [TASK_8] [INFO]   đình chỉ                                 0
[2026-06-28 08:53:18] [TASK_8] [INFO]   khởi tố                                  0
[2026-06-28 08:53:18] [TASK_8] [INFO]   điều tra                                 0
[2026-06-28 08:53:18] [TASK_8] [INFO]   tranh chấp pháp lý                       0
[2026-06-28 08:53:18] [TASK_8] [INFO]   bị kiện                                  0
[2026-06-28 08:53:18] [TASK_8] [INFO] 
--- NEUTRAL keywords (9) ---
[2026-06-28 08:53:18] [TASK_8] [INFO]   đại hội cổ đông                          1
[2026-06-28 08:53:18] [TASK_8] [INFO]   thay đổi lãnh đạo                        1
[2026-06-28 08:53:18] [TASK_8] [INFO]   sáp nhập                                 1
[2026-06-28 08:53:18] [TASK_8] [INFO]   mua lại                                  1
[2026-06-28 08:53:18] [TASK_8] [INFO]   phát hành cổ phiếu mới                   1
[2026-06-28 08:53:18] [TASK_8] [INFO]   thoái vốn                                1
[2026-06-28 08:53:18] [TASK_8] [INFO]   họp HĐQT                                 0
[2026-06-28 08:53:18] [TASK_8] [INFO]   thay CEO                                 0
[2026-06-28 08:53:18] [TASK_8] [INFO]   niêm yết thêm                            0
[2026-06-28 08:53:18] [TASK_8] [INFO] 
Total keyword occurrences in corpus: 32
[2026-06-28 08:53:18] [TASK_8] [INFO] Keywords with zero occurrences: 41 / 73
[2026-06-28 08:53:18] [TASK_8] [INFO] ======================================================================
[2026-06-28 08:53:18] [TASK_8] [INFO] Keyword Builder (TASK 8) complete.
[2026-06-28 08:53:18] [TASK_8] [INFO] Starting Keyword Builder (TASK 8)...
[2026-06-28 08:53:18] [TASK_8] [INFO] Loaded 23 stopwords.
[2026-06-28 08:53:18] [TASK_8] [INFO] No corpus provided — skipping candidate extraction.
[2026-06-28 08:53:18] [TASK_8] [INFO] Curated keyword list: 28 positive, 36 negative, 9 neutral (total: 73).
[2026-06-28 08:53:18] [TASK_8] [INFO] Saved flat keyword list to C:\Users\User\AppData\Local\Temp\tmpdl5x5356\keywords_finance.json.
[2026-06-28 08:53:18] [TASK_8] [INFO] Saved group-level keyword breakdown to C:\Users\User\AppData\Local\Temp\tmpdl5x5356\keywords_by_group.json.
[2026-06-28 08:53:18] [TASK_8] [INFO] No corpus provided — skipping frequency report.
[2026-06-28 08:53:18] [TASK_8] [INFO] Keyword Builder (TASK 8) complete.
[2026-06-28 09:19:52] [TASK_8] [INFO] ============================================================
[2026-06-28 09:19:52] [TASK_8] [INFO] START TASK_8: Keyword Building (curate financial keywords)
[2026-06-28 09:19:52] [TASK_8] [INFO] Timestamp: 2026-06-28T09:19:52.438364
[2026-06-28 09:19:52] [TASK_8] [INFO] ============================================================
[2026-06-28 09:19:52] [TASK_8] [INFO] Input: data/news/processed/all_news_processed.csv (7492 rows)
[2026-06-28 09:19:52] [TASK_8] [INFO] Loaded 7488 articles from data/news/processed/all_news_processed.csv.
[2026-06-28 09:19:52] [TASK_8] [INFO] Starting Keyword Builder (TASK 8)...
[2026-06-28 09:19:52] [TASK_8] [INFO] Loaded 23 stopwords.
[2026-06-28 09:19:52] [TASK_8] [INFO] Extracting keyword candidates from 7488 documents...
[2026-06-28 09:19:53] [TASK_8] [INFO] Saved 800 keyword candidates to config/keyword_candidates.csv (unigrams: 500, bigrams: 300).
[2026-06-28 09:19:53] [TASK_8] [INFO] Curated keyword list: 28 positive, 36 negative, 9 neutral (total: 73).
[2026-06-28 09:19:53] [TASK_8] [INFO] Saved flat keyword list to config/keywords_finance.json.
[2026-06-28 09:19:53] [TASK_8] [INFO] Saved group-level keyword breakdown to config/keywords_by_group.json.
[2026-06-28 09:19:54] [TASK_8] [INFO] ======================================================================
[2026-06-28 09:19:54] [TASK_8] [INFO] KEYWORD CORPUS FREQUENCY REPORT
[2026-06-28 09:19:54] [TASK_8] [INFO] ======================================================================
[2026-06-28 09:19:54] [TASK_8] [INFO] 
--- POSITIVE keywords (28) ---
[2026-06-28 09:19:54] [TASK_8] [INFO]   trả nợ                                   25
[2026-06-28 09:19:54] [TASK_8] [INFO]   chia cổ tức                              12
[2026-06-28 09:19:54] [TASK_8] [INFO]   giảm nợ                                  2
[2026-06-28 09:19:54] [TASK_8] [INFO]   lãi ròng                                 1
[2026-06-28 09:19:54] [TASK_8] [INFO]   thắng thầu                               1
[2026-06-28 09:19:54] [TASK_8] [INFO]   lợi nhuận tăng                           0
[2026-06-28 09:19:54] [TASK_8] [INFO]   doanh thu tăng                           0
[2026-06-28 09:19:54] [TASK_8] [INFO]   tăng trưởng mạnh                         0
[2026-06-28 09:19:54] [TASK_8] [INFO]   vượt kế hoạch                            0
[2026-06-28 09:19:54] [TASK_8] [INFO]   kỷ lục                                   0
[2026-06-28 09:19:54] [TASK_8] [INFO]   tăng trưởng                              0
[2026-06-28 09:19:54] [TASK_8] [INFO]   lợi nhuận sau thuế tăng                  0
[2026-06-28 09:19:54] [TASK_8] [INFO]   kết quả tích cực                         0
[2026-06-28 09:19:54] [TASK_8] [INFO]   cổ tức cao                               0
[2026-06-28 09:19:54] [TASK_8] [INFO]   mua lại cổ phiếu                         0
[2026-06-28 09:19:54] [TASK_8] [INFO]   phát hành thưởng                         0
[2026-06-28 09:19:54] [TASK_8] [INFO]   tăng vốn điều lệ                         0
[2026-06-28 09:19:54] [TASK_8] [INFO]   cổ tức tiền mặt                          0
[2026-06-28 09:19:54] [TASK_8] [INFO]   cải thiện tài chính                      0
[2026-06-28 09:19:54] [TASK_8] [INFO]   hệ số an toàn vốn                        0
[2026-06-28 09:19:54] [TASK_8] [INFO]   dòng tiền dương                          0
[2026-06-28 09:19:54] [TASK_8] [INFO]   tiền mặt dồi dào                         0
[2026-06-28 09:19:54] [TASK_8] [INFO]   ký kết hợp đồng                          0
[2026-06-28 09:19:54] [TASK_8] [INFO]   mở rộng thị trường                       0
[2026-06-28 09:19:54] [TASK_8] [INFO]   dự án mới                                0
[2026-06-28 09:19:54] [TASK_8] [INFO]   đầu tư mới                               0
[2026-06-28 09:19:54] [TASK_8] [INFO]   hợp tác chiến lược                       0
[2026-06-28 09:19:54] [TASK_8] [INFO]   xuất khẩu tăng                           0
[2026-06-28 09:19:54] [TASK_8] [INFO] 
--- NEGATIVE keywords (36) ---
[2026-06-28 09:19:54] [TASK_8] [INFO]   nợ xấu                                   43
[2026-06-28 09:19:54] [TASK_8] [INFO]   sụt giảm                                 6
[2026-06-28 09:19:54] [TASK_8] [INFO]   không chia cổ tức                        1
[2026-06-28 09:19:54] [TASK_8] [INFO]   đóng cửa                                 1
[2026-06-28 09:19:54] [TASK_8] [INFO]   lợi nhuận giảm                           0
[2026-06-28 09:19:54] [TASK_8] [INFO]   doanh thu giảm                           0
[2026-06-28 09:19:54] [TASK_8] [INFO]   lợi nhuận âm                             0
[2026-06-28 09:19:54] [TASK_8] [INFO]   thua lỗ                                  0
[2026-06-28 09:19:54] [TASK_8] [INFO]   lỗ ròng                                  0
[2026-06-28 09:19:54] [TASK_8] [INFO]   dưới kế hoạch                            0
[2026-06-28 09:19:54] [TASK_8] [INFO]   kết quả tiêu cực                         0
[2026-06-28 09:19:54] [TASK_8] [INFO]   lợi nhuận thấp hơn                       0
[2026-06-28 09:19:54] [TASK_8] [INFO]   hủy cổ tức                               0
[2026-06-28 09:19:54] [TASK_8] [INFO]   giảm cổ tức                              0
[2026-06-28 09:19:54] [TASK_8] [INFO]   phát hành pha loãng                      0
[2026-06-28 09:19:54] [TASK_8] [INFO]   chào bán giá thấp                        0
[2026-06-28 09:19:54] [TASK_8] [INFO]   nợ vay tăng                              0
[2026-06-28 09:19:54] [TASK_8] [INFO]   áp lực tài chính                         0
[2026-06-28 09:19:54] [TASK_8] [INFO]   nợ quá hạn                               0
[2026-06-28 09:19:54] [TASK_8] [INFO]   hệ số nợ cao                             0
[2026-06-28 09:19:54] [TASK_8] [INFO]   thiếu thanh khoản                        0
[2026-06-28 09:19:54] [TASK_8] [INFO]   dòng tiền âm                             0
[2026-06-28 09:19:54] [TASK_8] [INFO]   hủy hợp đồng                             0
[2026-06-28 09:19:54] [TASK_8] [INFO]   dự án trì hoãn                           0
[2026-06-28 09:19:54] [TASK_8] [INFO]   thu hẹp hoạt động                        0
[2026-06-28 09:19:54] [TASK_8] [INFO]   dừng dự án                               0
[2026-06-28 09:19:54] [TASK_8] [INFO]   bị phạt                                  0
[2026-06-28 09:19:54] [TASK_8] [INFO]   vi phạm                                  0
[2026-06-28 09:19:54] [TASK_8] [INFO]   bị thanh tra                             0
[2026-06-28 09:19:54] [TASK_8] [INFO]   bị kiểm toán từ chối                     0
[2026-06-28 09:19:54] [TASK_8] [INFO]   cảnh báo                                 0
[2026-06-28 09:19:54] [TASK_8] [INFO]   đình chỉ                                 0
[2026-06-28 09:19:54] [TASK_8] [INFO]   khởi tố                                  0
[2026-06-28 09:19:54] [TASK_8] [INFO]   điều tra                                 0
[2026-06-28 09:19:54] [TASK_8] [INFO]   tranh chấp pháp lý                       0
[2026-06-28 09:19:54] [TASK_8] [INFO]   bị kiện                                  0
[2026-06-28 09:19:54] [TASK_8] [INFO] 
--- NEUTRAL keywords (9) ---
[2026-06-28 09:19:54] [TASK_8] [INFO]   mua lại                                  152
[2026-06-28 09:19:54] [TASK_8] [INFO]   thoái vốn                                20
[2026-06-28 09:19:54] [TASK_8] [INFO]   đại hội cổ đông                          0
[2026-06-28 09:19:54] [TASK_8] [INFO]   họp HĐQT                                 0
[2026-06-28 09:19:54] [TASK_8] [INFO]   thay đổi lãnh đạo                        0
[2026-06-28 09:19:54] [TASK_8] [INFO]   thay CEO                                 0
[2026-06-28 09:19:54] [TASK_8] [INFO]   sáp nhập                                 0
[2026-06-28 09:19:54] [TASK_8] [INFO]   phát hành cổ phiếu mới                   0
[2026-06-28 09:19:54] [TASK_8] [INFO]   niêm yết thêm                            0
[2026-06-28 09:19:54] [TASK_8] [INFO] 
Total keyword occurrences in corpus: 264
[2026-06-28 09:19:54] [TASK_8] [INFO] Keywords with zero occurrences: 62 / 73
[2026-06-28 09:19:54] [TASK_8] [INFO] ======================================================================
[2026-06-28 09:19:54] [TASK_8] [INFO] Keyword Builder (TASK 8) complete.
[2026-06-28 09:19:54] [TASK_8] [INFO] ------------------------------------------------------------
[2026-06-28 09:19:54] [TASK_8] [INFO] END TASK_8 — completed in 1.7 seconds
[2026-06-28 09:19:54] [TASK_8] [INFO] Output: config/keywords_finance.json (80 rows)
[2026-06-28 09:19:54] [TASK_8] [INFO] ============================================================
[2026-06-28 09:29:58] [TASK_8] [INFO] ============================================================
[2026-06-28 09:29:58] [TASK_8] [INFO] START TASK_8: Keyword Building (curate financial keywords)
[2026-06-28 09:29:58] [TASK_8] [INFO] Timestamp: 2026-06-28T09:29:58.350598
[2026-06-28 09:29:58] [TASK_8] [INFO] ============================================================
[2026-06-28 09:29:58] [TASK_8] [INFO] Input: data/news/processed/all_news_processed.csv (7492 rows)
[2026-06-28 09:29:58] [TASK_8] [INFO] ------------------------------------------------------------
[2026-06-28 09:29:58] [TASK_8] [INFO] END TASK_8 — completed in 0.0 seconds
[2026-06-28 09:29:58] [TASK_8] [INFO] ============================================================
[2026-06-28 09:29:58] [TASK_8] [INFO] ============================================================
[2026-06-28 09:29:58] [TASK_8] [INFO] START TASK_8: Keyword Building (curate financial keywords)
[2026-06-28 09:29:58] [TASK_8] [INFO] Timestamp: 2026-06-28T09:29:58.534195
[2026-06-28 09:29:58] [TASK_8] [INFO] ============================================================
[2026-06-28 09:29:58] [TASK_8] [INFO] Input: data/news/processed/all_news_processed.csv (7492 rows)
[2026-06-28 09:29:58] [TASK_8] [INFO] ------------------------------------------------------------
[2026-06-28 09:29:58] [TASK_8] [INFO] END TASK_8 — completed in 0.0 seconds
[2026-06-28 09:29:58] [TASK_8] [INFO] ============================================================
[2026-06-28 09:30:13] [TASK_8] [INFO] Starting Keyword Builder (TASK 8)...
[2026-06-28 09:30:13] [TASK_8] [INFO] Loaded 23 stopwords.
[2026-06-28 09:30:13] [TASK_8] [INFO] Extracting keyword candidates from 10 documents...
[2026-06-28 09:30:13] [TASK_8] [INFO] Saved 176 keyword candidates to C:\Users\User\AppData\Local\Temp\tmp5c1xeszx\keyword_candidates.csv (unigrams: 83, bigrams: 93).
[2026-06-28 09:30:13] [TASK_8] [INFO] Curated keyword list: 28 positive, 36 negative, 9 neutral (total: 73).
[2026-06-28 09:30:13] [TASK_8] [INFO] Saved flat keyword list to C:\Users\User\AppData\Local\Temp\tmp5c1xeszx\keywords_finance.json.
[2026-06-28 09:30:13] [TASK_8] [INFO] Saved group-level keyword breakdown to C:\Users\User\AppData\Local\Temp\tmp5c1xeszx\keywords_by_group.json.
[2026-06-28 09:30:13] [TASK_8] [INFO] ======================================================================
[2026-06-28 09:30:13] [TASK_8] [INFO] KEYWORD CORPUS FREQUENCY REPORT
[2026-06-28 09:30:13] [TASK_8] [INFO] ======================================================================
[2026-06-28 09:30:13] [TASK_8] [INFO] 
--- POSITIVE keywords (28) ---
[2026-06-28 09:30:13] [TASK_8] [INFO]   lợi nhuận tăng                           1
[2026-06-28 09:30:13] [TASK_8] [INFO]   doanh thu tăng                           1
[2026-06-28 09:30:13] [TASK_8] [INFO]   kỷ lục                                   1
[2026-06-28 09:30:13] [TASK_8] [INFO]   tăng trưởng                              1
[2026-06-28 09:30:13] [TASK_8] [INFO]   chia cổ tức                              1
[2026-06-28 09:30:13] [TASK_8] [INFO]   cổ tức cao                               1
[2026-06-28 09:30:13] [TASK_8] [INFO]   cổ tức tiền mặt                          1
[2026-06-28 09:30:13] [TASK_8] [INFO]   giảm nợ                                  1
[2026-06-28 09:30:13] [TASK_8] [INFO]   trả nợ                                   1
[2026-06-28 09:30:13] [TASK_8] [INFO]   cải thiện tài chính                      1
[2026-06-28 09:30:13] [TASK_8] [INFO]   dòng tiền dương                          1
[2026-06-28 09:30:13] [TASK_8] [INFO]   ký kết hợp đồng                          1
[2026-06-28 09:30:13] [TASK_8] [INFO]   mở rộng thị trường                       1
[2026-06-28 09:30:13] [TASK_8] [INFO]   xuất khẩu tăng                           1
[2026-06-28 09:30:13] [TASK_8] [INFO]   tăng trưởng mạnh                         0
[2026-06-28 09:30:13] [TASK_8] [INFO]   vượt kế hoạch                            0
[2026-06-28 09:30:13] [TASK_8] [INFO]   lãi ròng                                 0
[2026-06-28 09:30:13] [TASK_8] [INFO]   lợi nhuận sau thuế tăng                  0
[2026-06-28 09:30:13] [TASK_8] [INFO]   kết quả tích cực                         0
[2026-06-28 09:30:13] [TASK_8] [INFO]   mua lại cổ phiếu                         0
[2026-06-28 09:30:13] [TASK_8] [INFO]   phát hành thưởng                         0
[2026-06-28 09:30:13] [TASK_8] [INFO]   tăng vốn điều lệ                         0
[2026-06-28 09:30:13] [TASK_8] [INFO]   hệ số an toàn vốn                        0
[2026-06-28 09:30:13] [TASK_8] [INFO]   tiền mặt dồi dào                         0
[2026-06-28 09:30:13] [TASK_8] [INFO]   dự án mới                                0
[2026-06-28 09:30:13] [TASK_8] [INFO]   đầu tư mới                               0
[2026-06-28 09:30:13] [TASK_8] [INFO]   hợp tác chiến lược                       0
[2026-06-28 09:30:13] [TASK_8] [INFO]   thắng thầu                               0
[2026-06-28 09:30:13] [TASK_8] [INFO] 
--- NEGATIVE keywords (36) ---
[2026-06-28 09:30:13] [TASK_8] [INFO]   lợi nhuận giảm                           1
[2026-06-28 09:30:13] [TASK_8] [INFO]   doanh thu giảm                           1
[2026-06-28 09:30:13] [TASK_8] [INFO]   sụt giảm                                 1
[2026-06-28 09:30:13] [TASK_8] [INFO]   nợ xấu                                   1
[2026-06-28 09:30:13] [TASK_8] [INFO]   áp lực tài chính                         1
[2026-06-28 09:30:13] [TASK_8] [INFO]   dòng tiền âm                             1
[2026-06-28 09:30:13] [TASK_8] [INFO]   hủy hợp đồng                             1
[2026-06-28 09:30:13] [TASK_8] [INFO]   dự án trì hoãn                           1
[2026-06-28 09:30:13] [TASK_8] [INFO]   đóng cửa                                 1
[2026-06-28 09:30:13] [TASK_8] [INFO]   bị phạt                                  1
[2026-06-28 09:30:13] [TASK_8] [INFO]   vi phạm                                  1
[2026-06-28 09:30:13] [TASK_8] [INFO]   bị thanh tra                             1
[2026-06-28 09:30:13] [TASK_8] [INFO]   lợi nhuận âm                             0
[2026-06-28 09:30:13] [TASK_8] [INFO]   thua lỗ                                  0
[2026-06-28 09:30:13] [TASK_8] [INFO]   lỗ ròng                                  0
[2026-06-28 09:30:13] [TASK_8] [INFO]   dưới kế hoạch                            0
[2026-06-28 09:30:13] [TASK_8] [INFO]   kết quả tiêu cực                         0
[2026-06-28 09:30:13] [TASK_8] [INFO]   lợi nhuận thấp hơn                       0
[2026-06-28 09:30:13] [TASK_8] [INFO]   không chia cổ tức                        0
[2026-06-28 09:30:13] [TASK_8] [INFO]   hủy cổ tức                               0
[2026-06-28 09:30:13] [TASK_8] [INFO]   giảm cổ tức                              0
[2026-06-28 09:30:13] [TASK_8] [INFO]   phát hành pha loãng                      0
[2026-06-28 09:30:13] [TASK_8] [INFO]   chào bán giá thấp                        0
[2026-06-28 09:30:13] [TASK_8] [INFO]   nợ vay tăng                              0
[2026-06-28 09:30:13] [TASK_8] [INFO]   nợ quá hạn                               0
[2026-06-28 09:30:13] [TASK_8] [INFO]   hệ số nợ cao                             0
[2026-06-28 09:30:13] [TASK_8] [INFO]   thiếu thanh khoản                        0
[2026-06-28 09:30:13] [TASK_8] [INFO]   thu hẹp hoạt động                        0
[2026-06-28 09:30:13] [TASK_8] [INFO]   dừng dự án                               0
[2026-06-28 09:30:13] [TASK_8] [INFO]   bị kiểm toán từ chối                     0
[2026-06-28 09:30:13] [TASK_8] [INFO]   cảnh báo                                 0
[2026-06-28 09:30:13] [TASK_8] [INFO]   đình chỉ                                 0
[2026-06-28 09:30:13] [TASK_8] [INFO]   khởi tố                                  0
[2026-06-28 09:30:13] [TASK_8] [INFO]   điều tra                                 0
[2026-06-28 09:30:13] [TASK_8] [INFO]   tranh chấp pháp lý                       0
[2026-06-28 09:30:13] [TASK_8] [INFO]   bị kiện                                  0
[2026-06-28 09:30:13] [TASK_8] [INFO] 
--- NEUTRAL keywords (9) ---
[2026-06-28 09:30:13] [TASK_8] [INFO]   đại hội cổ đông                          1
[2026-06-28 09:30:13] [TASK_8] [INFO]   thay đổi lãnh đạo                        1
[2026-06-28 09:30:13] [TASK_8] [INFO]   sáp nhập                                 1
[2026-06-28 09:30:13] [TASK_8] [INFO]   mua lại                                  1
[2026-06-28 09:30:13] [TASK_8] [INFO]   phát hành cổ phiếu mới                   1
[2026-06-28 09:30:13] [TASK_8] [INFO]   thoái vốn                                1
[2026-06-28 09:30:13] [TASK_8] [INFO]   họp HĐQT                                 0
[2026-06-28 09:30:13] [TASK_8] [INFO]   thay CEO                                 0
[2026-06-28 09:30:13] [TASK_8] [INFO]   niêm yết thêm                            0
[2026-06-28 09:30:13] [TASK_8] [INFO] 
Total keyword occurrences in corpus: 32
[2026-06-28 09:30:13] [TASK_8] [INFO] Keywords with zero occurrences: 41 / 73
[2026-06-28 09:30:13] [TASK_8] [INFO] ======================================================================
[2026-06-28 09:30:13] [TASK_8] [INFO] Keyword Builder (TASK 8) complete.
[2026-06-28 09:30:13] [TASK_8] [INFO] Starting Keyword Builder (TASK 8)...
[2026-06-28 09:30:13] [TASK_8] [INFO] Loaded 23 stopwords.
[2026-06-28 09:30:13] [TASK_8] [INFO] Extracting keyword candidates from 10 documents...
[2026-06-28 09:30:13] [TASK_8] [INFO] Saved 176 keyword candidates to C:\Users\User\AppData\Local\Temp\tmp5bat3tyf\keyword_candidates.csv (unigrams: 83, bigrams: 93).
[2026-06-28 09:30:13] [TASK_8] [INFO] Curated keyword list: 28 positive, 36 negative, 9 neutral (total: 73).
[2026-06-28 09:30:13] [TASK_8] [INFO] Saved flat keyword list to C:\Users\User\AppData\Local\Temp\tmp5bat3tyf\keywords_finance.json.
[2026-06-28 09:30:13] [TASK_8] [INFO] Saved group-level keyword breakdown to C:\Users\User\AppData\Local\Temp\tmp5bat3tyf\keywords_by_group.json.
[2026-06-28 09:30:13] [TASK_8] [INFO] ======================================================================
[2026-06-28 09:30:13] [TASK_8] [INFO] KEYWORD CORPUS FREQUENCY REPORT
[2026-06-28 09:30:13] [TASK_8] [INFO] ======================================================================
[2026-06-28 09:30:13] [TASK_8] [INFO] 
--- POSITIVE keywords (28) ---
[2026-06-28 09:30:13] [TASK_8] [INFO]   lợi nhuận tăng                           1
[2026-06-28 09:30:13] [TASK_8] [INFO]   doanh thu tăng                           1
[2026-06-28 09:30:13] [TASK_8] [INFO]   kỷ lục                                   1
[2026-06-28 09:30:13] [TASK_8] [INFO]   tăng trưởng                              1
[2026-06-28 09:30:13] [TASK_8] [INFO]   chia cổ tức                              1
[2026-06-28 09:30:13] [TASK_8] [INFO]   cổ tức cao                               1
[2026-06-28 09:30:13] [TASK_8] [INFO]   cổ tức tiền mặt                          1
[2026-06-28 09:30:13] [TASK_8] [INFO]   giảm nợ                                  1
[2026-06-28 09:30:13] [TASK_8] [INFO]   trả nợ                                   1
[2026-06-28 09:30:13] [TASK_8] [INFO]   cải thiện tài chính                      1
[2026-06-28 09:30:13] [TASK_8] [INFO]   dòng tiền dương                          1
[2026-06-28 09:30:13] [TASK_8] [INFO]   ký kết hợp đồng                          1
[2026-06-28 09:30:13] [TASK_8] [INFO]   mở rộng thị trường                       1
[2026-06-28 09:30:13] [TASK_8] [INFO]   xuất khẩu tăng                           1
[2026-06-28 09:30:13] [TASK_8] [INFO]   tăng trưởng mạnh                         0
[2026-06-28 09:30:13] [TASK_8] [INFO]   vượt kế hoạch                            0
[2026-06-28 09:30:13] [TASK_8] [INFO]   lãi ròng                                 0
[2026-06-28 09:30:13] [TASK_8] [INFO]   lợi nhuận sau thuế tăng                  0
[2026-06-28 09:30:13] [TASK_8] [INFO]   kết quả tích cực                         0
[2026-06-28 09:30:13] [TASK_8] [INFO]   mua lại cổ phiếu                         0
[2026-06-28 09:30:13] [TASK_8] [INFO]   phát hành thưởng                         0
[2026-06-28 09:30:13] [TASK_8] [INFO]   tăng vốn điều lệ                         0
[2026-06-28 09:30:13] [TASK_8] [INFO]   hệ số an toàn vốn                        0
[2026-06-28 09:30:13] [TASK_8] [INFO]   tiền mặt dồi dào                         0
[2026-06-28 09:30:13] [TASK_8] [INFO]   dự án mới                                0
[2026-06-28 09:30:13] [TASK_8] [INFO]   đầu tư mới                               0
[2026-06-28 09:30:13] [TASK_8] [INFO]   hợp tác chiến lược                       0
[2026-06-28 09:30:13] [TASK_8] [INFO]   thắng thầu                               0
[2026-06-28 09:30:13] [TASK_8] [INFO] 
--- NEGATIVE keywords (36) ---
[2026-06-28 09:30:13] [TASK_8] [INFO]   lợi nhuận giảm                           1
[2026-06-28 09:30:13] [TASK_8] [INFO]   doanh thu giảm                           1
[2026-06-28 09:30:13] [TASK_8] [INFO]   sụt giảm                                 1
[2026-06-28 09:30:13] [TASK_8] [INFO]   nợ xấu                                   1
[2026-06-28 09:30:13] [TASK_8] [INFO]   áp lực tài chính                         1
[2026-06-28 09:30:13] [TASK_8] [INFO]   dòng tiền âm                             1
[2026-06-28 09:30:13] [TASK_8] [INFO]   hủy hợp đồng                             1
[2026-06-28 09:30:13] [TASK_8] [INFO]   dự án trì hoãn                           1
[2026-06-28 09:30:13] [TASK_8] [INFO]   đóng cửa                                 1
[2026-06-28 09:30:13] [TASK_8] [INFO]   bị phạt                                  1
[2026-06-28 09:30:13] [TASK_8] [INFO]   vi phạm                                  1
[2026-06-28 09:30:13] [TASK_8] [INFO]   bị thanh tra                             1
[2026-06-28 09:30:13] [TASK_8] [INFO]   lợi nhuận âm                             0
[2026-06-28 09:30:13] [TASK_8] [INFO]   thua lỗ                                  0
[2026-06-28 09:30:13] [TASK_8] [INFO]   lỗ ròng                                  0
[2026-06-28 09:30:13] [TASK_8] [INFO]   dưới kế hoạch                            0
[2026-06-28 09:30:13] [TASK_8] [INFO]   kết quả tiêu cực                         0
[2026-06-28 09:30:13] [TASK_8] [INFO]   lợi nhuận thấp hơn                       0
[2026-06-28 09:30:13] [TASK_8] [INFO]   không chia cổ tức                        0
[2026-06-28 09:30:13] [TASK_8] [INFO]   hủy cổ tức                               0
[2026-06-28 09:30:13] [TASK_8] [INFO]   giảm cổ tức                              0
[2026-06-28 09:30:13] [TASK_8] [INFO]   phát hành pha loãng                      0
[2026-06-28 09:30:13] [TASK_8] [INFO]   chào bán giá thấp                        0
[2026-06-28 09:30:13] [TASK_8] [INFO]   nợ vay tăng                              0
[2026-06-28 09:30:13] [TASK_8] [INFO]   nợ quá hạn                               0
[2026-06-28 09:30:13] [TASK_8] [INFO]   hệ số nợ cao                             0
[2026-06-28 09:30:13] [TASK_8] [INFO]   thiếu thanh khoản                        0
[2026-06-28 09:30:13] [TASK_8] [INFO]   thu hẹp hoạt động                        0
[2026-06-28 09:30:13] [TASK_8] [INFO]   dừng dự án                               0
[2026-06-28 09:30:13] [TASK_8] [INFO]   bị kiểm toán từ chối                     0
[2026-06-28 09:30:13] [TASK_8] [INFO]   cảnh báo                                 0
[2026-06-28 09:30:13] [TASK_8] [INFO]   đình chỉ                                 0
[2026-06-28 09:30:13] [TASK_8] [INFO]   khởi tố                                  0
[2026-06-28 09:30:13] [TASK_8] [INFO]   điều tra                                 0
[2026-06-28 09:30:13] [TASK_8] [INFO]   tranh chấp pháp lý                       0
[2026-06-28 09:30:13] [TASK_8] [INFO]   bị kiện                                  0
[2026-06-28 09:30:13] [TASK_8] [INFO] 
--- NEUTRAL keywords (9) ---
[2026-06-28 09:30:13] [TASK_8] [INFO]   đại hội cổ đông                          1
[2026-06-28 09:30:13] [TASK_8] [INFO]   thay đổi lãnh đạo                        1
[2026-06-28 09:30:13] [TASK_8] [INFO]   sáp nhập                                 1
[2026-06-28 09:30:13] [TASK_8] [INFO]   mua lại                                  1
[2026-06-28 09:30:13] [TASK_8] [INFO]   phát hành cổ phiếu mới                   1
[2026-06-28 09:30:13] [TASK_8] [INFO]   thoái vốn                                1
[2026-06-28 09:30:13] [TASK_8] [INFO]   họp HĐQT                                 0
[2026-06-28 09:30:13] [TASK_8] [INFO]   thay CEO                                 0
[2026-06-28 09:30:13] [TASK_8] [INFO]   niêm yết thêm                            0
[2026-06-28 09:30:13] [TASK_8] [INFO] 
Total keyword occurrences in corpus: 32
[2026-06-28 09:30:13] [TASK_8] [INFO] Keywords with zero occurrences: 41 / 73
[2026-06-28 09:30:13] [TASK_8] [INFO] ======================================================================
[2026-06-28 09:30:13] [TASK_8] [INFO] Keyword Builder (TASK 8) complete.
[2026-06-28 09:30:13] [TASK_8] [INFO] Starting Keyword Builder (TASK 8)...
[2026-06-28 09:30:13] [TASK_8] [INFO] Loaded 23 stopwords.
[2026-06-28 09:30:13] [TASK_8] [INFO] No corpus provided — skipping candidate extraction.
[2026-06-28 09:30:13] [TASK_8] [INFO] Curated keyword list: 28 positive, 36 negative, 9 neutral (total: 73).
[2026-06-28 09:30:13] [TASK_8] [INFO] Saved flat keyword list to C:\Users\User\AppData\Local\Temp\tmpwiomev2m\keywords_finance.json.
[2026-06-28 09:30:13] [TASK_8] [INFO] Saved group-level keyword breakdown to C:\Users\User\AppData\Local\Temp\tmpwiomev2m\keywords_by_group.json.
[2026-06-28 09:30:13] [TASK_8] [INFO] No corpus provided — skipping frequency report.
[2026-06-28 09:30:13] [TASK_8] [INFO] Keyword Builder (TASK 8) complete.
[2026-06-28 10:35:22] [TASK_8] [INFO] ============================================================
[2026-06-28 10:35:22] [TASK_8] [INFO] START TASK_8: Keyword Building (curate financial keywords)
[2026-06-28 10:35:22] [TASK_8] [INFO] Timestamp: 2026-06-28T10:35:22.783733
[2026-06-28 10:35:22] [TASK_8] [INFO] ============================================================
[2026-06-28 10:35:22] [TASK_8] [INFO] Input: data/news/processed/all_news_processed.csv (7492 rows)
[2026-06-28 10:35:22] [TASK_8] [INFO] Loaded 7488 articles from data/news/processed/all_news_processed.csv.
[2026-06-28 10:35:22] [TASK_8] [INFO] Starting Keyword Builder (TASK 8)...
[2026-06-28 10:35:22] [TASK_8] [INFO] Loaded 23 stopwords.
[2026-06-28 10:35:22] [TASK_8] [INFO] Extracting keyword candidates from 7488 documents...
[2026-06-28 10:35:24] [TASK_8] [INFO] Saved 800 keyword candidates to config/keyword_candidates.csv (unigrams: 500, bigrams: 300).
[2026-06-28 10:35:24] [TASK_8] [INFO] Curated keyword list: 28 positive, 36 negative, 9 neutral (total: 73).
[2026-06-28 10:35:24] [TASK_8] [INFO] Saved flat keyword list to config/keywords_finance.json.
[2026-06-28 10:35:24] [TASK_8] [INFO] Saved group-level keyword breakdown to config/keywords_by_group.json.
[2026-06-28 10:35:25] [TASK_8] [INFO] ======================================================================
[2026-06-28 10:35:25] [TASK_8] [INFO] KEYWORD CORPUS FREQUENCY REPORT
[2026-06-28 10:35:25] [TASK_8] [INFO] ======================================================================
[2026-06-28 10:35:25] [TASK_8] [INFO] 
--- POSITIVE keywords (28) ---
[2026-06-28 10:35:25] [TASK_8] [INFO]   trả nợ                                   25
[2026-06-28 10:35:25] [TASK_8] [INFO]   chia cổ tức                              12
[2026-06-28 10:35:25] [TASK_8] [INFO]   giảm nợ                                  2
[2026-06-28 10:35:25] [TASK_8] [INFO]   lãi ròng                                 1
[2026-06-28 10:35:25] [TASK_8] [INFO]   thắng thầu                               1
[2026-06-28 10:35:25] [TASK_8] [INFO]   lợi nhuận tăng                           0
[2026-06-28 10:35:25] [TASK_8] [INFO]   doanh thu tăng                           0
[2026-06-28 10:35:25] [TASK_8] [INFO]   tăng trưởng mạnh                         0
[2026-06-28 10:35:25] [TASK_8] [INFO]   vượt kế hoạch                            0
[2026-06-28 10:35:25] [TASK_8] [INFO]   kỷ lục                                   0
[2026-06-28 10:35:25] [TASK_8] [INFO]   tăng trưởng                              0
[2026-06-28 10:35:25] [TASK_8] [INFO]   lợi nhuận sau thuế tăng                  0
[2026-06-28 10:35:25] [TASK_8] [INFO]   kết quả tích cực                         0
[2026-06-28 10:35:25] [TASK_8] [INFO]   cổ tức cao                               0
[2026-06-28 10:35:25] [TASK_8] [INFO]   mua lại cổ phiếu                         0
[2026-06-28 10:35:25] [TASK_8] [INFO]   phát hành thưởng                         0
[2026-06-28 10:35:25] [TASK_8] [INFO]   tăng vốn điều lệ                         0
[2026-06-28 10:35:25] [TASK_8] [INFO]   cổ tức tiền mặt                          0
[2026-06-28 10:35:25] [TASK_8] [INFO]   cải thiện tài chính                      0
[2026-06-28 10:35:25] [TASK_8] [INFO]   hệ số an toàn vốn                        0
[2026-06-28 10:35:25] [TASK_8] [INFO]   dòng tiền dương                          0
[2026-06-28 10:35:25] [TASK_8] [INFO]   tiền mặt dồi dào                         0
[2026-06-28 10:35:25] [TASK_8] [INFO]   ký kết hợp đồng                          0
[2026-06-28 10:35:25] [TASK_8] [INFO]   mở rộng thị trường                       0
[2026-06-28 10:35:25] [TASK_8] [INFO]   dự án mới                                0
[2026-06-28 10:35:25] [TASK_8] [INFO]   đầu tư mới                               0
[2026-06-28 10:35:25] [TASK_8] [INFO]   hợp tác chiến lược                       0
[2026-06-28 10:35:25] [TASK_8] [INFO]   xuất khẩu tăng                           0
[2026-06-28 10:35:25] [TASK_8] [INFO] 
--- NEGATIVE keywords (36) ---
[2026-06-28 10:35:25] [TASK_8] [INFO]   nợ xấu                                   43
[2026-06-28 10:35:25] [TASK_8] [INFO]   sụt giảm                                 6
[2026-06-28 10:35:25] [TASK_8] [INFO]   không chia cổ tức                        1
[2026-06-28 10:35:25] [TASK_8] [INFO]   đóng cửa                                 1
[2026-06-28 10:35:25] [TASK_8] [INFO]   lợi nhuận giảm                           0
[2026-06-28 10:35:25] [TASK_8] [INFO]   doanh thu giảm                           0
[2026-06-28 10:35:25] [TASK_8] [INFO]   lợi nhuận âm                             0
[2026-06-28 10:35:25] [TASK_8] [INFO]   thua lỗ                                  0
[2026-06-28 10:35:25] [TASK_8] [INFO]   lỗ ròng                                  0
[2026-06-28 10:35:25] [TASK_8] [INFO]   dưới kế hoạch                            0
[2026-06-28 10:35:25] [TASK_8] [INFO]   kết quả tiêu cực                         0
[2026-06-28 10:35:25] [TASK_8] [INFO]   lợi nhuận thấp hơn                       0
[2026-06-28 10:35:25] [TASK_8] [INFO]   hủy cổ tức                               0
[2026-06-28 10:35:25] [TASK_8] [INFO]   giảm cổ tức                              0
[2026-06-28 10:35:25] [TASK_8] [INFO]   phát hành pha loãng                      0
[2026-06-28 10:35:25] [TASK_8] [INFO]   chào bán giá thấp                        0
[2026-06-28 10:35:25] [TASK_8] [INFO]   nợ vay tăng                              0
[2026-06-28 10:35:25] [TASK_8] [INFO]   áp lực tài chính                         0
[2026-06-28 10:35:25] [TASK_8] [INFO]   nợ quá hạn                               0
[2026-06-28 10:35:25] [TASK_8] [INFO]   hệ số nợ cao                             0
[2026-06-28 10:35:25] [TASK_8] [INFO]   thiếu thanh khoản                        0
[2026-06-28 10:35:25] [TASK_8] [INFO]   dòng tiền âm                             0
[2026-06-28 10:35:25] [TASK_8] [INFO]   hủy hợp đồng                             0
[2026-06-28 10:35:25] [TASK_8] [INFO]   dự án trì hoãn                           0
[2026-06-28 10:35:25] [TASK_8] [INFO]   thu hẹp hoạt động                        0
[2026-06-28 10:35:25] [TASK_8] [INFO]   dừng dự án                               0
[2026-06-28 10:35:25] [TASK_8] [INFO]   bị phạt                                  0
[2026-06-28 10:35:25] [TASK_8] [INFO]   vi phạm                                  0
[2026-06-28 10:35:25] [TASK_8] [INFO]   bị thanh tra                             0
[2026-06-28 10:35:25] [TASK_8] [INFO]   bị kiểm toán từ chối                     0
[2026-06-28 10:35:25] [TASK_8] [INFO]   cảnh báo                                 0
[2026-06-28 10:35:25] [TASK_8] [INFO]   đình chỉ                                 0
[2026-06-28 10:35:25] [TASK_8] [INFO]   khởi tố                                  0
[2026-06-28 10:35:25] [TASK_8] [INFO]   điều tra                                 0
[2026-06-28 10:35:25] [TASK_8] [INFO]   tranh chấp pháp lý                       0
[2026-06-28 10:35:25] [TASK_8] [INFO]   bị kiện                                  0
[2026-06-28 10:35:25] [TASK_8] [INFO] 
--- NEUTRAL keywords (9) ---
[2026-06-28 10:35:25] [TASK_8] [INFO]   mua lại                                  152
[2026-06-28 10:35:25] [TASK_8] [INFO]   thoái vốn                                20
[2026-06-28 10:35:25] [TASK_8] [INFO]   đại hội cổ đông                          0
[2026-06-28 10:35:25] [TASK_8] [INFO]   họp HĐQT                                 0
[2026-06-28 10:35:25] [TASK_8] [INFO]   thay đổi lãnh đạo                        0
[2026-06-28 10:35:25] [TASK_8] [INFO]   thay CEO                                 0
[2026-06-28 10:35:25] [TASK_8] [INFO]   sáp nhập                                 0
[2026-06-28 10:35:25] [TASK_8] [INFO]   phát hành cổ phiếu mới                   0
[2026-06-28 10:35:25] [TASK_8] [INFO]   niêm yết thêm                            0
[2026-06-28 10:35:25] [TASK_8] [INFO] 
Total keyword occurrences in corpus: 264
[2026-06-28 10:35:25] [TASK_8] [INFO] Keywords with zero occurrences: 62 / 73
[2026-06-28 10:35:25] [TASK_8] [INFO] ======================================================================
[2026-06-28 10:35:25] [TASK_8] [INFO] Keyword Builder (TASK 8) complete.
[2026-06-28 10:35:25] [TASK_8] [INFO] ------------------------------------------------------------
[2026-06-28 10:35:25] [TASK_8] [INFO] END TASK_8 — completed in 2.5 seconds
[2026-06-28 10:35:25] [TASK_8] [INFO] Output: config/keywords_finance.json (80 rows)
[2026-06-28 10:35:25] [TASK_8] [INFO] ============================================================
[2026-06-28 10:40:15] [TASK_8] [INFO] ============================================================
[2026-06-28 10:40:15] [TASK_8] [INFO] START TASK_8: Keyword Building (curate financial keywords)
[2026-06-28 10:40:15] [TASK_8] [INFO] Timestamp: 2026-06-28T10:40:15.540632
[2026-06-28 10:40:15] [TASK_8] [INFO] ============================================================
[2026-06-28 10:40:15] [TASK_8] [INFO] Input: data/news/processed/all_news_processed.csv (7492 rows)
[2026-06-28 10:40:15] [TASK_8] [INFO] ------------------------------------------------------------
[2026-06-28 10:40:15] [TASK_8] [INFO] END TASK_8 — completed in 0.0 seconds
[2026-06-28 10:40:15] [TASK_8] [INFO] ============================================================
[2026-06-28 10:40:15] [TASK_8] [INFO] ============================================================
[2026-06-28 10:40:15] [TASK_8] [INFO] START TASK_8: Keyword Building (curate financial keywords)
[2026-06-28 10:40:15] [TASK_8] [INFO] Timestamp: 2026-06-28T10:40:15.793989
[2026-06-28 10:40:15] [TASK_8] [INFO] ============================================================
[2026-06-28 10:40:15] [TASK_8] [INFO] Input: data/news/processed/all_news_processed.csv (7492 rows)
[2026-06-28 10:40:15] [TASK_8] [INFO] ------------------------------------------------------------
[2026-06-28 10:40:15] [TASK_8] [INFO] END TASK_8 — completed in 0.0 seconds
[2026-06-28 10:40:15] [TASK_8] [INFO] ============================================================
[2026-06-28 10:40:31] [TASK_8] [INFO] Starting Keyword Builder (TASK 8)...
[2026-06-28 10:40:31] [TASK_8] [INFO] Loaded 23 stopwords.
[2026-06-28 10:40:31] [TASK_8] [INFO] Extracting keyword candidates from 10 documents...
[2026-06-28 10:40:31] [TASK_8] [INFO] Saved 176 keyword candidates to C:\Users\User\AppData\Local\Temp\tmp0lyod7zr\keyword_candidates.csv (unigrams: 83, bigrams: 93).
[2026-06-28 10:40:31] [TASK_8] [INFO] Curated keyword list: 28 positive, 36 negative, 9 neutral (total: 73).
[2026-06-28 10:40:31] [TASK_8] [INFO] Saved flat keyword list to C:\Users\User\AppData\Local\Temp\tmp0lyod7zr\keywords_finance.json.
[2026-06-28 10:40:31] [TASK_8] [INFO] Saved group-level keyword breakdown to C:\Users\User\AppData\Local\Temp\tmp0lyod7zr\keywords_by_group.json.
[2026-06-28 10:40:31] [TASK_8] [INFO] ======================================================================
[2026-06-28 10:40:31] [TASK_8] [INFO] KEYWORD CORPUS FREQUENCY REPORT
[2026-06-28 10:40:31] [TASK_8] [INFO] ======================================================================
[2026-06-28 10:40:31] [TASK_8] [INFO] 
--- POSITIVE keywords (28) ---
[2026-06-28 10:40:31] [TASK_8] [INFO]   lợi nhuận tăng                           1
[2026-06-28 10:40:31] [TASK_8] [INFO]   doanh thu tăng                           1
[2026-06-28 10:40:31] [TASK_8] [INFO]   kỷ lục                                   1
[2026-06-28 10:40:31] [TASK_8] [INFO]   tăng trưởng                              1
[2026-06-28 10:40:31] [TASK_8] [INFO]   chia cổ tức                              1
[2026-06-28 10:40:31] [TASK_8] [INFO]   cổ tức cao                               1
[2026-06-28 10:40:31] [TASK_8] [INFO]   cổ tức tiền mặt                          1
[2026-06-28 10:40:31] [TASK_8] [INFO]   giảm nợ                                  1
[2026-06-28 10:40:31] [TASK_8] [INFO]   trả nợ                                   1
[2026-06-28 10:40:31] [TASK_8] [INFO]   cải thiện tài chính                      1
[2026-06-28 10:40:31] [TASK_8] [INFO]   dòng tiền dương                          1
[2026-06-28 10:40:31] [TASK_8] [INFO]   ký kết hợp đồng                          1
[2026-06-28 10:40:31] [TASK_8] [INFO]   mở rộng thị trường                       1
[2026-06-28 10:40:31] [TASK_8] [INFO]   xuất khẩu tăng                           1
[2026-06-28 10:40:31] [TASK_8] [INFO]   tăng trưởng mạnh                         0
[2026-06-28 10:40:31] [TASK_8] [INFO]   vượt kế hoạch                            0
[2026-06-28 10:40:31] [TASK_8] [INFO]   lãi ròng                                 0
[2026-06-28 10:40:31] [TASK_8] [INFO]   lợi nhuận sau thuế tăng                  0
[2026-06-28 10:40:31] [TASK_8] [INFO]   kết quả tích cực                         0
[2026-06-28 10:40:31] [TASK_8] [INFO]   mua lại cổ phiếu                         0
[2026-06-28 10:40:31] [TASK_8] [INFO]   phát hành thưởng                         0
[2026-06-28 10:40:31] [TASK_8] [INFO]   tăng vốn điều lệ                         0
[2026-06-28 10:40:31] [TASK_8] [INFO]   hệ số an toàn vốn                        0
[2026-06-28 10:40:31] [TASK_8] [INFO]   tiền mặt dồi dào                         0
[2026-06-28 10:40:31] [TASK_8] [INFO]   dự án mới                                0
[2026-06-28 10:40:31] [TASK_8] [INFO]   đầu tư mới                               0
[2026-06-28 10:40:31] [TASK_8] [INFO]   hợp tác chiến lược                       0
[2026-06-28 10:40:31] [TASK_8] [INFO]   thắng thầu                               0
[2026-06-28 10:40:31] [TASK_8] [INFO] 
--- NEGATIVE keywords (36) ---
[2026-06-28 10:40:31] [TASK_8] [INFO]   lợi nhuận giảm                           1
[2026-06-28 10:40:31] [TASK_8] [INFO]   doanh thu giảm                           1
[2026-06-28 10:40:31] [TASK_8] [INFO]   sụt giảm                                 1
[2026-06-28 10:40:31] [TASK_8] [INFO]   nợ xấu                                   1
[2026-06-28 10:40:31] [TASK_8] [INFO]   áp lực tài chính                         1
[2026-06-28 10:40:31] [TASK_8] [INFO]   dòng tiền âm                             1
[2026-06-28 10:40:31] [TASK_8] [INFO]   hủy hợp đồng                             1
[2026-06-28 10:40:31] [TASK_8] [INFO]   dự án trì hoãn                           1
[2026-06-28 10:40:31] [TASK_8] [INFO]   đóng cửa                                 1
[2026-06-28 10:40:31] [TASK_8] [INFO]   bị phạt                                  1
[2026-06-28 10:40:31] [TASK_8] [INFO]   vi phạm                                  1
[2026-06-28 10:40:31] [TASK_8] [INFO]   bị thanh tra                             1
[2026-06-28 10:40:31] [TASK_8] [INFO]   lợi nhuận âm                             0
[2026-06-28 10:40:31] [TASK_8] [INFO]   thua lỗ                                  0
[2026-06-28 10:40:31] [TASK_8] [INFO]   lỗ ròng                                  0
[2026-06-28 10:40:31] [TASK_8] [INFO]   dưới kế hoạch                            0
[2026-06-28 10:40:31] [TASK_8] [INFO]   kết quả tiêu cực                         0
[2026-06-28 10:40:31] [TASK_8] [INFO]   lợi nhuận thấp hơn                       0
[2026-06-28 10:40:31] [TASK_8] [INFO]   không chia cổ tức                        0
[2026-06-28 10:40:31] [TASK_8] [INFO]   hủy cổ tức                               0
[2026-06-28 10:40:31] [TASK_8] [INFO]   giảm cổ tức                              0
[2026-06-28 10:40:31] [TASK_8] [INFO]   phát hành pha loãng                      0
[2026-06-28 10:40:31] [TASK_8] [INFO]   chào bán giá thấp                        0
[2026-06-28 10:40:31] [TASK_8] [INFO]   nợ vay tăng                              0
[2026-06-28 10:40:31] [TASK_8] [INFO]   nợ quá hạn                               0
[2026-06-28 10:40:31] [TASK_8] [INFO]   hệ số nợ cao                             0
[2026-06-28 10:40:31] [TASK_8] [INFO]   thiếu thanh khoản                        0
[2026-06-28 10:40:31] [TASK_8] [INFO]   thu hẹp hoạt động                        0
[2026-06-28 10:40:31] [TASK_8] [INFO]   dừng dự án                               0
[2026-06-28 10:40:31] [TASK_8] [INFO]   bị kiểm toán từ chối                     0
[2026-06-28 10:40:31] [TASK_8] [INFO]   cảnh báo                                 0
[2026-06-28 10:40:31] [TASK_8] [INFO]   đình chỉ                                 0
[2026-06-28 10:40:31] [TASK_8] [INFO]   khởi tố                                  0
[2026-06-28 10:40:31] [TASK_8] [INFO]   điều tra                                 0
[2026-06-28 10:40:31] [TASK_8] [INFO]   tranh chấp pháp lý                       0
[2026-06-28 10:40:31] [TASK_8] [INFO]   bị kiện                                  0
[2026-06-28 10:40:31] [TASK_8] [INFO] 
--- NEUTRAL keywords (9) ---
[2026-06-28 10:40:31] [TASK_8] [INFO]   đại hội cổ đông                          1
[2026-06-28 10:40:31] [TASK_8] [INFO]   thay đổi lãnh đạo                        1
[2026-06-28 10:40:31] [TASK_8] [INFO]   sáp nhập                                 1
[2026-06-28 10:40:31] [TASK_8] [INFO]   mua lại                                  1
[2026-06-28 10:40:31] [TASK_8] [INFO]   phát hành cổ phiếu mới                   1
[2026-06-28 10:40:31] [TASK_8] [INFO]   thoái vốn                                1
[2026-06-28 10:40:31] [TASK_8] [INFO]   họp HĐQT                                 0
[2026-06-28 10:40:31] [TASK_8] [INFO]   thay CEO                                 0
[2026-06-28 10:40:31] [TASK_8] [INFO]   niêm yết thêm                            0
[2026-06-28 10:40:31] [TASK_8] [INFO] 
Total keyword occurrences in corpus: 32
[2026-06-28 10:40:31] [TASK_8] [INFO] Keywords with zero occurrences: 41 / 73
[2026-06-28 10:40:31] [TASK_8] [INFO] ======================================================================
[2026-06-28 10:40:31] [TASK_8] [INFO] Keyword Builder (TASK 8) complete.
[2026-06-28 10:40:31] [TASK_8] [INFO] Starting Keyword Builder (TASK 8)...
[2026-06-28 10:40:31] [TASK_8] [INFO] Loaded 23 stopwords.
[2026-06-28 10:40:31] [TASK_8] [INFO] Extracting keyword candidates from 10 documents...
[2026-06-28 10:40:31] [TASK_8] [INFO] Saved 176 keyword candidates to C:\Users\User\AppData\Local\Temp\tmpbx0u2qqx\keyword_candidates.csv (unigrams: 83, bigrams: 93).
[2026-06-28 10:40:31] [TASK_8] [INFO] Curated keyword list: 28 positive, 36 negative, 9 neutral (total: 73).
[2026-06-28 10:40:31] [TASK_8] [INFO] Saved flat keyword list to C:\Users\User\AppData\Local\Temp\tmpbx0u2qqx\keywords_finance.json.
[2026-06-28 10:40:31] [TASK_8] [INFO] Saved group-level keyword breakdown to C:\Users\User\AppData\Local\Temp\tmpbx0u2qqx\keywords_by_group.json.
[2026-06-28 10:40:31] [TASK_8] [INFO] ======================================================================
[2026-06-28 10:40:31] [TASK_8] [INFO] KEYWORD CORPUS FREQUENCY REPORT
[2026-06-28 10:40:31] [TASK_8] [INFO] ======================================================================
[2026-06-28 10:40:31] [TASK_8] [INFO] 
--- POSITIVE keywords (28) ---
[2026-06-28 10:40:31] [TASK_8] [INFO]   lợi nhuận tăng                           1
[2026-06-28 10:40:31] [TASK_8] [INFO]   doanh thu tăng                           1
[2026-06-28 10:40:31] [TASK_8] [INFO]   kỷ lục                                   1
[2026-06-28 10:40:31] [TASK_8] [INFO]   tăng trưởng                              1
[2026-06-28 10:40:31] [TASK_8] [INFO]   chia cổ tức                              1
[2026-06-28 10:40:31] [TASK_8] [INFO]   cổ tức cao                               1
[2026-06-28 10:40:31] [TASK_8] [INFO]   cổ tức tiền mặt                          1
[2026-06-28 10:40:31] [TASK_8] [INFO]   giảm nợ                                  1
[2026-06-28 10:40:31] [TASK_8] [INFO]   trả nợ                                   1
[2026-06-28 10:40:31] [TASK_8] [INFO]   cải thiện tài chính                      1
[2026-06-28 10:40:31] [TASK_8] [INFO]   dòng tiền dương                          1
[2026-06-28 10:40:31] [TASK_8] [INFO]   ký kết hợp đồng                          1
[2026-06-28 10:40:31] [TASK_8] [INFO]   mở rộng thị trường                       1
[2026-06-28 10:40:31] [TASK_8] [INFO]   xuất khẩu tăng                           1
[2026-06-28 10:40:31] [TASK_8] [INFO]   tăng trưởng mạnh                         0
[2026-06-28 10:40:31] [TASK_8] [INFO]   vượt kế hoạch                            0
[2026-06-28 10:40:31] [TASK_8] [INFO]   lãi ròng                                 0
[2026-06-28 10:40:31] [TASK_8] [INFO]   lợi nhuận sau thuế tăng                  0
[2026-06-28 10:40:31] [TASK_8] [INFO]   kết quả tích cực                         0
[2026-06-28 10:40:31] [TASK_8] [INFO]   mua lại cổ phiếu                         0
[2026-06-28 10:40:31] [TASK_8] [INFO]   phát hành thưởng                         0
[2026-06-28 10:40:31] [TASK_8] [INFO]   tăng vốn điều lệ                         0
[2026-06-28 10:40:31] [TASK_8] [INFO]   hệ số an toàn vốn                        0
[2026-06-28 10:40:31] [TASK_8] [INFO]   tiền mặt dồi dào                         0
[2026-06-28 10:40:31] [TASK_8] [INFO]   dự án mới                                0
[2026-06-28 10:40:31] [TASK_8] [INFO]   đầu tư mới                               0
[2026-06-28 10:40:31] [TASK_8] [INFO]   hợp tác chiến lược                       0
[2026-06-28 10:40:31] [TASK_8] [INFO]   thắng thầu                               0
[2026-06-28 10:40:31] [TASK_8] [INFO] 
--- NEGATIVE keywords (36) ---
[2026-06-28 10:40:31] [TASK_8] [INFO]   lợi nhuận giảm                           1
[2026-06-28 10:40:31] [TASK_8] [INFO]   doanh thu giảm                           1
[2026-06-28 10:40:31] [TASK_8] [INFO]   sụt giảm                                 1
[2026-06-28 10:40:31] [TASK_8] [INFO]   nợ xấu                                   1
[2026-06-28 10:40:31] [TASK_8] [INFO]   áp lực tài chính                         1
[2026-06-28 10:40:31] [TASK_8] [INFO]   dòng tiền âm                             1
[2026-06-28 10:40:31] [TASK_8] [INFO]   hủy hợp đồng                             1
[2026-06-28 10:40:31] [TASK_8] [INFO]   dự án trì hoãn                           1
[2026-06-28 10:40:31] [TASK_8] [INFO]   đóng cửa                                 1
[2026-06-28 10:40:31] [TASK_8] [INFO]   bị phạt                                  1
[2026-06-28 10:40:31] [TASK_8] [INFO]   vi phạm                                  1
[2026-06-28 10:40:31] [TASK_8] [INFO]   bị thanh tra                             1
[2026-06-28 10:40:31] [TASK_8] [INFO]   lợi nhuận âm                             0
[2026-06-28 10:40:31] [TASK_8] [INFO]   thua lỗ                                  0
[2026-06-28 10:40:31] [TASK_8] [INFO]   lỗ ròng                                  0
[2026-06-28 10:40:31] [TASK_8] [INFO]   dưới kế hoạch                            0
[2026-06-28 10:40:31] [TASK_8] [INFO]   kết quả tiêu cực                         0
[2026-06-28 10:40:31] [TASK_8] [INFO]   lợi nhuận thấp hơn                       0
[2026-06-28 10:40:31] [TASK_8] [INFO]   không chia cổ tức                        0
[2026-06-28 10:40:31] [TASK_8] [INFO]   hủy cổ tức                               0
[2026-06-28 10:40:31] [TASK_8] [INFO]   giảm cổ tức                              0
[2026-06-28 10:40:31] [TASK_8] [INFO]   phát hành pha loãng                      0
[2026-06-28 10:40:31] [TASK_8] [INFO]   chào bán giá thấp                        0
[2026-06-28 10:40:31] [TASK_8] [INFO]   nợ vay tăng                              0
[2026-06-28 10:40:31] [TASK_8] [INFO]   nợ quá hạn                               0
[2026-06-28 10:40:31] [TASK_8] [INFO]   hệ số nợ cao                             0
[2026-06-28 10:40:31] [TASK_8] [INFO]   thiếu thanh khoản                        0
[2026-06-28 10:40:31] [TASK_8] [INFO]   thu hẹp hoạt động                        0
[2026-06-28 10:40:31] [TASK_8] [INFO]   dừng dự án                               0
[2026-06-28 10:40:31] [TASK_8] [INFO]   bị kiểm toán từ chối                     0
[2026-06-28 10:40:31] [TASK_8] [INFO]   cảnh báo                                 0
[2026-06-28 10:40:31] [TASK_8] [INFO]   đình chỉ                                 0
[2026-06-28 10:40:31] [TASK_8] [INFO]   khởi tố                                  0
[2026-06-28 10:40:31] [TASK_8] [INFO]   điều tra                                 0
[2026-06-28 10:40:31] [TASK_8] [INFO]   tranh chấp pháp lý                       0
[2026-06-28 10:40:31] [TASK_8] [INFO]   bị kiện                                  0
[2026-06-28 10:40:31] [TASK_8] [INFO] 
--- NEUTRAL keywords (9) ---
[2026-06-28 10:40:31] [TASK_8] [INFO]   đại hội cổ đông                          1
[2026-06-28 10:40:31] [TASK_8] [INFO]   thay đổi lãnh đạo                        1
[2026-06-28 10:40:31] [TASK_8] [INFO]   sáp nhập                                 1
[2026-06-28 10:40:31] [TASK_8] [INFO]   mua lại                                  1
[2026-06-28 10:40:31] [TASK_8] [INFO]   phát hành cổ phiếu mới                   1
[2026-06-28 10:40:31] [TASK_8] [INFO]   thoái vốn                                1
[2026-06-28 10:40:31] [TASK_8] [INFO]   họp HĐQT                                 0
[2026-06-28 10:40:31] [TASK_8] [INFO]   thay CEO                                 0
[2026-06-28 10:40:31] [TASK_8] [INFO]   niêm yết thêm                            0
[2026-06-28 10:40:31] [TASK_8] [INFO] 
Total keyword occurrences in corpus: 32
[2026-06-28 10:40:31] [TASK_8] [INFO] Keywords with zero occurrences: 41 / 73
[2026-06-28 10:40:31] [TASK_8] [INFO] ======================================================================
[2026-06-28 10:40:31] [TASK_8] [INFO] Keyword Builder (TASK 8) complete.
[2026-06-28 10:40:31] [TASK_8] [INFO] Starting Keyword Builder (TASK 8)...
[2026-06-28 10:40:31] [TASK_8] [INFO] Loaded 23 stopwords.
[2026-06-28 10:40:31] [TASK_8] [INFO] No corpus provided — skipping candidate extraction.
[2026-06-28 10:40:31] [TASK_8] [INFO] Curated keyword list: 28 positive, 36 negative, 9 neutral (total: 73).
[2026-06-28 10:40:31] [TASK_8] [INFO] Saved flat keyword list to C:\Users\User\AppData\Local\Temp\tmpaehvx77d\keywords_finance.json.
[2026-06-28 10:40:31] [TASK_8] [INFO] Saved group-level keyword breakdown to C:\Users\User\AppData\Local\Temp\tmpaehvx77d\keywords_by_group.json.
[2026-06-28 10:40:31] [TASK_8] [INFO] No corpus provided — skipping frequency report.
[2026-06-28 10:40:31] [TASK_8] [INFO] Keyword Builder (TASK 8) complete.
