[2026-07-06 06:57:18] [TASK_2B] [INFO] Starting Article Full-Text Enrichment (TASK 2B)...
[2026-07-06 06:57:33] [TASK_2B] [INFO] Article enrichment queue: 52790 matched rows, 45968 unique URLs, 45968 reusable cached, 29596 pending.
[2026-07-06 06:57:33] [TASK_2B] [INFO] Pending by domain: cafef.vn=17835, kinhtechungkhoan.vn=8237, vietnambiz.vn=3517, vietnammoi.vn=7
[2026-07-06 06:57:33] [TASK_2B] [INFO] Running article enrichment with 4 domain workers, 0.50s per-domain delay.
[2026-07-06 06:57:46] [TASK_2B] [INFO] Enriched 50/29596 pending articles...
[2026-07-06 06:58:00] [TASK_2B] [INFO] Enriched 100/29596 pending articles...
[2026-07-06 06:58:17] [TASK_2B] [INFO] Checkpoint saved after 100 new articles.
[2026-07-06 06:58:22] [TASK_2B] [INFO] Enriched 150/29596 pending articles...
[2026-07-06 06:58:37] [TASK_2B] [INFO] Enriched 200/29596 pending articles...
[2026-07-06 06:58:53] [TASK_2B] [INFO] Checkpoint saved after 200 new articles.
[2026-07-06 06:59:00] [TASK_2B] [INFO] Enriched 250/29596 pending articles...
[2026-07-06 06:59:15] [TASK_2B] [INFO] Enriched 300/29596 pending articles...
[2026-07-06 06:59:31] [TASK_2B] [INFO] Checkpoint saved after 300 new articles.
[2026-07-06 06:59:38] [TASK_2B] [INFO] Enriched 350/29596 pending articles...
[2026-07-06 06:59:52] [TASK_2B] [INFO] Enriched 400/29596 pending articles...
[2026-07-06 07:00:08] [TASK_2B] [INFO] Checkpoint saved after 400 new articles.
[2026-07-06 07:00:16] [TASK_2B] [INFO] Enriched 450/29596 pending articles...
[2026-07-06 07:00:31] [TASK_2B] [INFO] Enriched 500/29596 pending articles...
[2026-07-06 07:01:00] [TASK_2B] [INFO] Checkpoint saved after 500 new articles.
[2026-07-06 07:01:00] [TASK_2B] [INFO] Enriched 550/29596 pending articles...
[2026-07-06 07:01:14] [TASK_2B] [INFO] Enriched 600/29596 pending articles...
[2026-07-06 07:01:32] [TASK_2B] [INFO] Checkpoint saved after 600 new articles.
[2026-07-06 07:01:40] [TASK_2B] [INFO] Enriched 650/29596 pending articles...
[2026-07-06 07:01:57] [TASK_2B] [INFO] Enriched 700/29596 pending articles...
[2026-07-06 07:02:14] [TASK_2B] [INFO] Checkpoint saved after 700 new articles.
[2026-07-06 07:02:21] [TASK_2B] [INFO] Enriched 750/29596 pending articles...
[2026-07-06 07:02:38] [TASK_2B] [INFO] Enriched 800/29596 pending articles...
[2026-07-06 07:02:55] [TASK_2B] [INFO] Checkpoint saved after 800 new articles.
[2026-07-06 07:03:01] [TASK_2B] [INFO] Enriched 850/29596 pending articles...
[2026-07-06 07:03:17] [TASK_2B] [INFO] Enriched 900/29596 pending articles...
[2026-07-06 07:03:34] [TASK_2B] [INFO] Checkpoint saved after 900 new articles.
[2026-07-06 07:03:41] [TASK_2B] [INFO] Enriched 950/29596 pending articles...
[2026-07-06 07:03:57] [TASK_2B] [INFO] Enriched 1000/29596 pending articles...
[2026-07-06 07:04:15] [TASK_2B] [INFO] Checkpoint saved after 1000 new articles.
[2026-07-06 07:04:22] [TASK_2B] [INFO] Enriched 1050/29596 pending articles...
[2026-07-06 07:04:38] [TASK_2B] [INFO] Enriched 1100/29596 pending articles...
[2026-07-06 07:04:56] [TASK_2B] [INFO] Checkpoint saved after 1100 new articles.
[2026-07-06 07:05:02] [TASK_2B] [INFO] Enriched 1150/29596 pending articles...
[2026-07-06 07:05:18] [TASK_2B] [INFO] Enriched 1200/29596 pending articles...
[2026-07-06 07:05:37] [TASK_2B] [INFO] Checkpoint saved after 1200 new articles.
[2026-07-06 07:05:43] [TASK_2B] [INFO] Enriched 1250/29596 pending articles...
[2026-07-06 07:05:58] [TASK_2B] [INFO] Enriched 1300/29596 pending articles...
[2026-07-06 07:06:16] [TASK_2B] [INFO] Checkpoint saved after 1300 new articles.
[2026-07-06 07:06:23] [TASK_2B] [INFO] Enriched 1350/29596 pending articles...
[2026-07-06 07:06:38] [TASK_2B] [INFO] Enriched 1400/29596 pending articles...
[2026-07-06 07:06:55] [TASK_2B] [INFO] Checkpoint saved after 1400 new articles.
[2026-07-06 07:07:03] [TASK_2B] [INFO] Enriched 1450/29596 pending articles...
[2026-07-06 07:07:19] [TASK_2B] [INFO] Enriched 1500/29596 pending articles...
[2026-07-06 07:07:36] [TASK_2B] [INFO] Checkpoint saved after 1500 new articles.
[2026-07-06 07:07:43] [TASK_2B] [INFO] Enriched 1550/29596 pending articles...
[2026-07-06 07:07:58] [TASK_2B] [INFO] Enriched 1600/29596 pending articles...
[2026-07-06 07:08:18] [TASK_2B] [INFO] Checkpoint saved after 1600 new articles.
[2026-07-06 07:08:25] [TASK_2B] [INFO] Enriched 1650/29596 pending articles...
[2026-07-06 07:08:41] [TASK_2B] [INFO] Enriched 1700/29596 pending articles...
[2026-07-06 07:08:59] [TASK_2B] [INFO] Checkpoint saved after 1700 new articles.
[2026-07-06 07:09:06] [TASK_2B] [INFO] Enriched 1750/29596 pending articles...
[2026-07-06 07:09:22] [TASK_2B] [INFO] Enriched 1800/29596 pending articles...
[2026-07-06 07:09:41] [TASK_2B] [INFO] Checkpoint saved after 1800 new articles.
[2026-07-06 07:09:47] [TASK_2B] [INFO] Enriched 1850/29596 pending articles...
[2026-07-06 07:10:04] [TASK_2B] [INFO] Enriched 1900/29596 pending articles...
[2026-07-06 07:10:23] [TASK_2B] [INFO] Checkpoint saved after 1900 new articles.
[2026-07-06 07:10:29] [TASK_2B] [INFO] Enriched 1950/29596 pending articles...
[2026-07-06 07:10:44] [TASK_2B] [INFO] Enriched 2000/29596 pending articles...
[2026-07-06 07:10:59] [TASK_2B] [INFO] Checkpoint saved after 2000 new articles.
[2026-07-06 07:11:08] [TASK_2B] [INFO] Enriched 2050/29596 pending articles...
[2026-07-06 07:11:25] [TASK_2B] [INFO] Enriched 2100/29596 pending articles...
[2026-07-06 07:11:39] [TASK_2B] [INFO] Checkpoint saved after 2100 new articles.
[2026-07-06 07:11:48] [TASK_2B] [INFO] Enriched 2150/29596 pending articles...
[2026-07-06 07:12:05] [TASK_2B] [INFO] Enriched 2200/29596 pending articles...
[2026-07-06 07:12:21] [TASK_2B] [INFO] Checkpoint saved after 2200 new articles.
[2026-07-06 07:12:30] [TASK_2B] [INFO] Enriched 2250/29596 pending articles...
[2026-07-06 07:12:44] [TASK_2B] [INFO] Enriched 2300/29596 pending articles...
[2026-07-06 07:13:01] [TASK_2B] [INFO] Checkpoint saved after 2300 new articles.
[2026-07-06 07:13:09] [TASK_2B] [INFO] Enriched 2350/29596 pending articles...
[2026-07-06 07:13:25] [TASK_2B] [INFO] Enriched 2400/29596 pending articles...
[2026-07-06 07:13:41] [TASK_2B] [INFO] Checkpoint saved after 2400 new articles.
[2026-07-06 07:13:49] [TASK_2B] [INFO] Enriched 2450/29596 pending articles...
[2026-07-06 07:14:05] [TASK_2B] [INFO] Enriched 2500/29596 pending articles...
[2026-07-06 07:14:23] [TASK_2B] [INFO] Checkpoint saved after 2500 new articles.
[2026-07-06 07:14:31] [TASK_2B] [INFO] Enriched 2550/29596 pending articles...
[2026-07-06 07:14:46] [TASK_2B] [INFO] Enriched 2600/29596 pending articles...
[2026-07-06 07:15:04] [TASK_2B] [INFO] Checkpoint saved after 2600 new articles.
[2026-07-06 07:15:11] [TASK_2B] [INFO] Enriched 2650/29596 pending articles...
[2026-07-06 07:15:27] [TASK_2B] [INFO] Enriched 2700/29596 pending articles...
[2026-07-06 07:15:44] [TASK_2B] [INFO] Checkpoint saved after 2700 new articles.
[2026-07-06 07:15:51] [TASK_2B] [INFO] Enriched 2750/29596 pending articles...
[2026-07-06 07:16:07] [TASK_2B] [INFO] Enriched 2800/29596 pending articles...
[2026-07-06 07:16:25] [TASK_2B] [INFO] Checkpoint saved after 2800 new articles.
[2026-07-06 07:16:31] [TASK_2B] [INFO] Enriched 2850/29596 pending articles...
[2026-07-06 07:16:47] [TASK_2B] [INFO] Enriched 2900/29596 pending articles...
[2026-07-06 07:17:04] [TASK_2B] [INFO] Checkpoint saved after 2900 new articles.
[2026-07-06 07:17:11] [TASK_2B] [INFO] Enriched 2950/29596 pending articles...
[2026-07-06 07:17:26] [TASK_2B] [INFO] Enriched 3000/29596 pending articles...
[2026-07-06 07:17:43] [TASK_2B] [INFO] Checkpoint saved after 3000 new articles.
[2026-07-06 07:17:50] [TASK_2B] [INFO] Enriched 3050/29596 pending articles...
[2026-07-06 07:18:05] [TASK_2B] [INFO] Enriched 3100/29596 pending articles...
[2026-07-06 07:18:23] [TASK_2B] [INFO] Checkpoint saved after 3100 new articles.
[2026-07-06 07:18:29] [TASK_2B] [INFO] Enriched 3150/29596 pending articles...
[2026-07-06 07:18:46] [TASK_2B] [INFO] Enriched 3200/29596 pending articles...
[2026-07-06 07:19:07] [TASK_2B] [INFO] Checkpoint saved after 3200 new articles.
[2026-07-06 07:19:12] [TASK_2B] [INFO] Enriched 3250/29596 pending articles...
[2026-07-06 07:19:28] [TASK_2B] [INFO] Enriched 3300/29596 pending articles...
[2026-07-06 07:19:47] [TASK_2B] [INFO] Checkpoint saved after 3300 new articles.
[2026-07-06 07:19:53] [TASK_2B] [INFO] Enriched 3350/29596 pending articles...
[2026-07-06 07:20:08] [TASK_2B] [INFO] Enriched 3400/29596 pending articles...
[2026-07-06 07:20:25] [TASK_2B] [INFO] Checkpoint saved after 3400 new articles.
[2026-07-06 07:20:33] [TASK_2B] [INFO] Enriched 3450/29596 pending articles...
[2026-07-06 07:20:48] [TASK_2B] [INFO] Enriched 3500/29596 pending articles...
[2026-07-06 07:21:05] [TASK_2B] [INFO] Checkpoint saved after 3500 new articles.
[2026-07-06 07:21:12] [TASK_2B] [INFO] Enriched 3550/29596 pending articles...
[2026-07-06 07:21:28] [TASK_2B] [INFO] Enriched 3600/29596 pending articles...
[2026-07-06 07:21:45] [TASK_2B] [INFO] Checkpoint saved after 3600 new articles.
[2026-07-06 07:21:52] [TASK_2B] [INFO] Enriched 3650/29596 pending articles...
[2026-07-06 07:22:08] [TASK_2B] [INFO] Enriched 3700/29596 pending articles...
[2026-07-06 07:22:25] [TASK_2B] [INFO] Checkpoint saved after 3700 new articles.
[2026-07-06 07:22:32] [TASK_2B] [INFO] Enriched 3750/29596 pending articles...
[2026-07-06 07:22:47] [TASK_2B] [INFO] Enriched 3800/29596 pending articles...
[2026-07-06 07:23:06] [TASK_2B] [INFO] Checkpoint saved after 3800 new articles.
[2026-07-06 07:23:12] [TASK_2B] [INFO] Enriched 3850/29596 pending articles...
[2026-07-06 07:23:27] [TASK_2B] [INFO] Enriched 3900/29596 pending articles...
[2026-07-06 07:23:46] [TASK_2B] [INFO] Checkpoint saved after 3900 new articles.
[2026-07-06 07:23:52] [TASK_2B] [INFO] Enriched 3950/29596 pending articles...
[2026-07-06 07:24:08] [TASK_2B] [INFO] Enriched 4000/29596 pending articles...
[2026-07-06 07:24:25] [TASK_2B] [INFO] Checkpoint saved after 4000 new articles.
[2026-07-06 07:24:32] [TASK_2B] [INFO] Enriched 4050/29596 pending articles...
[2026-07-06 07:24:47] [TASK_2B] [INFO] Enriched 4100/29596 pending articles...
[2026-07-06 07:25:05] [TASK_2B] [INFO] Checkpoint saved after 4100 new articles.
[2026-07-06 07:25:11] [TASK_2B] [INFO] Enriched 4150/29596 pending articles...
[2026-07-06 07:25:27] [TASK_2B] [INFO] Enriched 4200/29596 pending articles...
[2026-07-06 07:25:45] [TASK_2B] [INFO] Checkpoint saved after 4200 new articles.
[2026-07-06 07:25:52] [TASK_2B] [INFO] Enriched 4250/29596 pending articles...
[2026-07-06 07:26:09] [TASK_2B] [INFO] Enriched 4300/29596 pending articles...
[2026-07-06 07:26:31] [TASK_2B] [INFO] Checkpoint saved after 4300 new articles.
[2026-07-06 07:26:36] [TASK_2B] [INFO] Enriched 4350/29596 pending articles...
[2026-07-06 07:26:52] [TASK_2B] [INFO] Enriched 4400/29596 pending articles...
[2026-07-06 07:27:10] [TASK_2B] [INFO] Checkpoint saved after 4400 new articles.
[2026-07-06 07:27:17] [TASK_2B] [INFO] Enriched 4450/29596 pending articles...
[2026-07-06 07:27:32] [TASK_2B] [INFO] Enriched 4500/29596 pending articles...
[2026-07-06 07:27:51] [TASK_2B] [INFO] Checkpoint saved after 4500 new articles.
[2026-07-06 07:27:57] [TASK_2B] [INFO] Enriched 4550/29596 pending articles...
[2026-07-06 07:28:14] [TASK_2B] [INFO] Enriched 4600/29596 pending articles...
[2026-07-06 07:28:32] [TASK_2B] [INFO] Checkpoint saved after 4600 new articles.
[2026-07-06 07:28:39] [TASK_2B] [INFO] Enriched 4650/29596 pending articles...
[2026-07-06 07:28:55] [TASK_2B] [INFO] Enriched 4700/29596 pending articles...
[2026-07-06 07:29:13] [TASK_2B] [INFO] Checkpoint saved after 4700 new articles.
[2026-07-06 07:29:19] [TASK_2B] [INFO] Enriched 4750/29596 pending articles...
[2026-07-06 07:29:35] [TASK_2B] [INFO] Enriched 4800/29596 pending articles...
[2026-07-06 07:29:52] [TASK_2B] [INFO] Checkpoint saved after 4800 new articles.
[2026-07-06 07:29:59] [TASK_2B] [INFO] Enriched 4850/29596 pending articles...
[2026-07-06 07:30:14] [TASK_2B] [INFO] Enriched 4900/29596 pending articles...
[2026-07-06 07:30:31] [TASK_2B] [INFO] Checkpoint saved after 4900 new articles.
[2026-07-06 07:30:38] [TASK_2B] [INFO] Enriched 4950/29596 pending articles...
[2026-07-06 07:30:54] [TASK_2B] [INFO] Enriched 5000/29596 pending articles...
[2026-07-06 07:31:13] [TASK_2B] [INFO] Checkpoint saved after 5000 new articles.
[2026-07-06 07:31:19] [TASK_2B] [INFO] Enriched 5050/29596 pending articles...
[2026-07-06 07:31:35] [TASK_2B] [INFO] Enriched 5100/29596 pending articles...
[2026-07-06 07:31:52] [TASK_2B] [INFO] Checkpoint saved after 5100 new articles.
[2026-07-06 07:32:00] [TASK_2B] [INFO] Enriched 5150/29596 pending articles...
[2026-07-06 07:32:15] [TASK_2B] [INFO] Enriched 5200/29596 pending articles...
[2026-07-06 07:32:34] [TASK_2B] [INFO] Checkpoint saved after 5200 new articles.
[2026-07-06 07:32:40] [TASK_2B] [INFO] Enriched 5250/29596 pending articles...
[2026-07-06 07:32:55] [TASK_2B] [INFO] Enriched 5300/29596 pending articles...
[2026-07-06 07:33:14] [TASK_2B] [INFO] Checkpoint saved after 5300 new articles.
[2026-07-06 07:33:20] [TASK_2B] [INFO] Enriched 5350/29596 pending articles...
[2026-07-06 07:33:37] [TASK_2B] [INFO] Enriched 5400/29596 pending articles...
[2026-07-06 07:33:56] [TASK_2B] [INFO] Checkpoint saved after 5400 new articles.
[2026-07-06 07:34:02] [TASK_2B] [INFO] Enriched 5450/29596 pending articles...
[2026-07-06 07:34:17] [TASK_2B] [INFO] Enriched 5500/29596 pending articles...
[2026-07-06 07:34:35] [TASK_2B] [INFO] Checkpoint saved after 5500 new articles.
[2026-07-06 07:34:41] [TASK_2B] [INFO] Enriched 5550/29596 pending articles...
[2026-07-06 07:34:56] [TASK_2B] [INFO] Enriched 5600/29596 pending articles...
[2026-07-06 07:35:16] [TASK_2B] [INFO] Checkpoint saved after 5600 new articles.
[2026-07-06 07:35:20] [TASK_2B] [INFO] Enriched 5650/29596 pending articles...
[2026-07-06 07:35:36] [TASK_2B] [INFO] Enriched 5700/29596 pending articles...
[2026-07-06 07:35:53] [TASK_2B] [INFO] Checkpoint saved after 5700 new articles.
[2026-07-06 07:36:00] [TASK_2B] [INFO] Enriched 5750/29596 pending articles...
[2026-07-06 07:36:16] [TASK_2B] [INFO] Enriched 5800/29596 pending articles...
[2026-07-06 07:36:34] [TASK_2B] [INFO] Checkpoint saved after 5800 new articles.
[2026-07-06 07:36:40] [TASK_2B] [INFO] Enriched 5850/29596 pending articles...
[2026-07-06 07:36:55] [TASK_2B] [INFO] Enriched 5900/29596 pending articles...
[2026-07-06 07:37:12] [TASK_2B] [INFO] Checkpoint saved after 5900 new articles.
[2026-07-06 07:37:19] [TASK_2B] [INFO] Enriched 5950/29596 pending articles...
[2026-07-06 07:37:36] [TASK_2B] [INFO] Enriched 6000/29596 pending articles...
[2026-07-06 07:37:53] [TASK_2B] [INFO] Checkpoint saved after 6000 new articles.
[2026-07-06 07:38:00] [TASK_2B] [INFO] Enriched 6050/29596 pending articles...
[2026-07-06 07:38:16] [TASK_2B] [INFO] Enriched 6100/29596 pending articles...
[2026-07-06 07:38:34] [TASK_2B] [INFO] Checkpoint saved after 6100 new articles.
[2026-07-06 07:38:40] [TASK_2B] [INFO] Enriched 6150/29596 pending articles...
[2026-07-06 07:38:56] [TASK_2B] [INFO] Enriched 6200/29596 pending articles...
[2026-07-06 07:39:14] [TASK_2B] [INFO] Checkpoint saved after 6200 new articles.
[2026-07-06 07:39:21] [TASK_2B] [INFO] Enriched 6250/29596 pending articles...
[2026-07-06 07:39:36] [TASK_2B] [INFO] Enriched 6300/29596 pending articles...
[2026-07-06 07:39:53] [TASK_2B] [INFO] Checkpoint saved after 6300 new articles.
[2026-07-06 07:40:00] [TASK_2B] [INFO] Enriched 6350/29596 pending articles...
[2026-07-06 07:40:16] [TASK_2B] [INFO] Enriched 6400/29596 pending articles...
[2026-07-06 07:40:34] [TASK_2B] [INFO] Checkpoint saved after 6400 new articles.
[2026-07-06 07:40:40] [TASK_2B] [INFO] Enriched 6450/29596 pending articles...
[2026-07-06 07:40:56] [TASK_2B] [INFO] Enriched 6500/29596 pending articles...
[2026-07-06 07:41:17] [TASK_2B] [INFO] Checkpoint saved after 6500 new articles.
[2026-07-06 07:41:22] [TASK_2B] [INFO] Enriched 6550/29596 pending articles...
[2026-07-06 07:41:38] [TASK_2B] [INFO] Enriched 6600/29596 pending articles...
[2026-07-06 07:41:58] [TASK_2B] [INFO] Checkpoint saved after 6600 new articles.
[2026-07-06 07:42:05] [TASK_2B] [INFO] Enriched 6650/29596 pending articles...
[2026-07-06 07:42:22] [TASK_2B] [INFO] Enriched 6700/29596 pending articles...
[2026-07-06 07:42:44] [TASK_2B] [INFO] Checkpoint saved after 6700 new articles.
[2026-07-06 07:42:48] [TASK_2B] [INFO] Enriched 6750/29596 pending articles...
[2026-07-06 07:43:04] [TASK_2B] [INFO] Enriched 6800/29596 pending articles...
[2026-07-06 07:43:24] [TASK_2B] [INFO] Checkpoint saved after 6800 new articles.
[2026-07-06 07:43:31] [TASK_2B] [INFO] Enriched 6850/29596 pending articles...
[2026-07-06 07:43:47] [TASK_2B] [INFO] Enriched 6900/29596 pending articles...
[2026-07-06 07:44:08] [TASK_2B] [INFO] Checkpoint saved after 6900 new articles.
[2026-07-06 07:44:13] [TASK_2B] [INFO] Enriched 6950/29596 pending articles...
[2026-07-06 07:44:30] [TASK_2B] [INFO] Enriched 7000/29596 pending articles...
[2026-07-06 07:44:50] [TASK_2B] [INFO] Checkpoint saved after 7000 new articles.
[2026-07-06 07:44:56] [TASK_2B] [INFO] Enriched 7050/29596 pending articles...
[2026-07-06 07:45:12] [TASK_2B] [INFO] Enriched 7100/29596 pending articles...
[2026-07-06 07:45:33] [TASK_2B] [INFO] Checkpoint saved after 7100 new articles.
[2026-07-06 07:45:38] [TASK_2B] [INFO] Enriched 7150/29596 pending articles...
[2026-07-06 07:45:54] [TASK_2B] [INFO] Enriched 7200/29596 pending articles...
[2026-07-06 07:46:15] [TASK_2B] [INFO] Checkpoint saved after 7200 new articles.
[2026-07-06 07:46:22] [TASK_2B] [INFO] Enriched 7250/29596 pending articles...
[2026-07-06 07:46:37] [TASK_2B] [INFO] Enriched 7300/29596 pending articles...
[2026-07-06 07:46:58] [TASK_2B] [INFO] Checkpoint saved after 7300 new articles.
[2026-07-06 07:47:04] [TASK_2B] [INFO] Enriched 7350/29596 pending articles...
[2026-07-06 07:47:21] [TASK_2B] [INFO] Enriched 7400/29596 pending articles...
[2026-07-06 07:47:42] [TASK_2B] [INFO] Checkpoint saved after 7400 new articles.
[2026-07-06 07:47:48] [TASK_2B] [INFO] Enriched 7450/29596 pending articles...
[2026-07-06 07:48:06] [TASK_2B] [INFO] Enriched 7500/29596 pending articles...
[2026-07-06 07:48:27] [TASK_2B] [INFO] Checkpoint saved after 7500 new articles.
[2026-07-06 07:48:32] [TASK_2B] [INFO] Enriched 7550/29596 pending articles...
[2026-07-06 07:48:49] [TASK_2B] [INFO] Enriched 7600/29596 pending articles...
[2026-07-06 07:49:10] [TASK_2B] [INFO] Checkpoint saved after 7600 new articles.
[2026-07-06 07:49:16] [TASK_2B] [INFO] Enriched 7650/29596 pending articles...
[2026-07-06 07:49:33] [TASK_2B] [INFO] Enriched 7700/29596 pending articles...
[2026-07-06 07:49:54] [TASK_2B] [INFO] Checkpoint saved after 7700 new articles.
[2026-07-06 07:50:00] [TASK_2B] [INFO] Enriched 7750/29596 pending articles...
[2026-07-06 07:50:17] [TASK_2B] [INFO] Enriched 7800/29596 pending articles...
[2026-07-06 07:50:35] [TASK_2B] [INFO] Checkpoint saved after 7800 new articles.
[2026-07-06 07:50:44] [TASK_2B] [INFO] Enriched 7850/29596 pending articles...
[2026-07-06 07:50:59] [TASK_2B] [INFO] Enriched 7900/29596 pending articles...
[2026-07-06 07:51:19] [TASK_2B] [INFO] Checkpoint saved after 7900 new articles.
[2026-07-06 07:51:25] [TASK_2B] [INFO] Enriched 7950/29596 pending articles...
[2026-07-06 07:51:42] [TASK_2B] [INFO] Enriched 8000/29596 pending articles...
[2026-07-06 07:52:00] [TASK_2B] [INFO] Checkpoint saved after 8000 new articles.
[2026-07-06 07:52:08] [TASK_2B] [INFO] Enriched 8050/29596 pending articles...
[2026-07-06 07:52:24] [TASK_2B] [INFO] Enriched 8100/29596 pending articles...
[2026-07-06 07:52:43] [TASK_2B] [INFO] Checkpoint saved after 8100 new articles.
[2026-07-06 07:52:49] [TASK_2B] [INFO] Enriched 8150/29596 pending articles...
[2026-07-06 07:53:04] [TASK_2B] [INFO] Enriched 8200/29596 pending articles...
[2026-07-06 07:53:24] [TASK_2B] [INFO] Checkpoint saved after 8200 new articles.
[2026-07-06 07:53:29] [TASK_2B] [INFO] Enriched 8250/29596 pending articles...
[2026-07-06 07:53:46] [TASK_2B] [INFO] Enriched 8300/29596 pending articles...
[2026-07-06 07:54:05] [TASK_2B] [INFO] Checkpoint saved after 8300 new articles.
[2026-07-06 07:54:13] [TASK_2B] [INFO] Enriched 8350/29596 pending articles...
[2026-07-06 07:54:28] [TASK_2B] [INFO] Enriched 8400/29596 pending articles...
[2026-07-06 07:54:46] [TASK_2B] [INFO] Checkpoint saved after 8400 new articles.
[2026-07-06 07:54:52] [TASK_2B] [INFO] Enriched 8450/29596 pending articles...
[2026-07-06 07:55:08] [TASK_2B] [INFO] Enriched 8500/29596 pending articles...
[2026-07-06 07:55:27] [TASK_2B] [INFO] Checkpoint saved after 8500 new articles.
[2026-07-06 07:55:33] [TASK_2B] [INFO] Enriched 8550/29596 pending articles...
[2026-07-06 07:55:50] [TASK_2B] [INFO] Enriched 8600/29596 pending articles...
[2026-07-06 07:56:10] [TASK_2B] [INFO] Checkpoint saved after 8600 new articles.
[2026-07-06 07:56:16] [TASK_2B] [INFO] Enriched 8650/29596 pending articles...
[2026-07-06 07:56:31] [TASK_2B] [INFO] Enriched 8700/29596 pending articles...
[2026-07-06 07:56:50] [TASK_2B] [INFO] Checkpoint saved after 8700 new articles.
[2026-07-06 07:56:56] [TASK_2B] [INFO] Enriched 8750/29596 pending articles...
[2026-07-06 07:57:13] [TASK_2B] [INFO] Enriched 8800/29596 pending articles...
[2026-07-06 07:57:32] [TASK_2B] [INFO] Checkpoint saved after 8800 new articles.
[2026-07-06 07:57:38] [TASK_2B] [INFO] Enriched 8850/29596 pending articles...
[2026-07-06 07:57:54] [TASK_2B] [INFO] Enriched 8900/29596 pending articles...
[2026-07-06 07:58:14] [TASK_2B] [INFO] Checkpoint saved after 8900 new articles.
[2026-07-06 07:58:20] [TASK_2B] [INFO] Enriched 8950/29596 pending articles...
[2026-07-06 07:58:36] [TASK_2B] [INFO] Enriched 9000/29596 pending articles...
[2026-07-06 07:58:55] [TASK_2B] [INFO] Checkpoint saved after 9000 new articles.
[2026-07-06 07:59:01] [TASK_2B] [INFO] Enriched 9050/29596 pending articles...
[2026-07-06 07:59:17] [TASK_2B] [INFO] Enriched 9100/29596 pending articles...
[2026-07-06 07:59:36] [TASK_2B] [INFO] Checkpoint saved after 9100 new articles.
[2026-07-06 07:59:42] [TASK_2B] [INFO] Enriched 9150/29596 pending articles...
[2026-07-06 07:59:57] [TASK_2B] [INFO] Enriched 9200/29596 pending articles...
[2026-07-06 08:00:17] [TASK_2B] [INFO] Checkpoint saved after 9200 new articles.
[2026-07-06 08:00:24] [TASK_2B] [INFO] Enriched 9250/29596 pending articles...
[2026-07-06 08:00:40] [TASK_2B] [INFO] Enriched 9300/29596 pending articles...
[2026-07-06 08:01:00] [TASK_2B] [INFO] Checkpoint saved after 9300 new articles.
[2026-07-06 08:01:06] [TASK_2B] [INFO] Enriched 9350/29596 pending articles...
[2026-07-06 08:01:23] [TASK_2B] [INFO] Enriched 9400/29596 pending articles...
[2026-07-06 08:01:42] [TASK_2B] [INFO] Checkpoint saved after 9400 new articles.
[2026-07-06 08:01:48] [TASK_2B] [INFO] Enriched 9450/29596 pending articles...
[2026-07-06 08:02:03] [TASK_2B] [INFO] Enriched 9500/29596 pending articles...
[2026-07-06 08:02:23] [TASK_2B] [INFO] Checkpoint saved after 9500 new articles.
[2026-07-06 08:02:29] [TASK_2B] [INFO] Enriched 9550/29596 pending articles...
[2026-07-06 08:02:51] [TASK_2B] [INFO] Enriched 9600/29596 pending articles...
[2026-07-06 08:03:06] [TASK_2B] [INFO] Checkpoint saved after 9600 new articles.
[2026-07-06 08:03:24] [TASK_2B] [INFO] Enriched 9650/29596 pending articles...
[2026-07-06 08:03:46] [TASK_2B] [INFO] Enriched 9700/29596 pending articles...
[2026-07-06 08:04:00] [TASK_2B] [INFO] Checkpoint saved after 9700 new articles.
[2026-07-06 08:04:16] [TASK_2B] [INFO] Enriched 9750/29596 pending articles...
[2026-07-06 08:04:37] [TASK_2B] [INFO] Enriched 9800/29596 pending articles...
[2026-07-06 08:04:52] [TASK_2B] [INFO] Checkpoint saved after 9800 new articles.
[2026-07-06 08:05:07] [TASK_2B] [INFO] Enriched 9850/29596 pending articles...
[2026-07-06 08:05:27] [TASK_2B] [INFO] Enriched 9900/29596 pending articles...
[2026-07-06 08:05:42] [TASK_2B] [INFO] Checkpoint saved after 9900 new articles.
[2026-07-06 08:05:57] [TASK_2B] [INFO] Enriched 9950/29596 pending articles...
[2026-07-06 08:06:17] [TASK_2B] [INFO] Enriched 10000/29596 pending articles...
[2026-07-06 08:06:33] [TASK_2B] [INFO] Checkpoint saved after 10000 new articles.
[2026-07-06 08:06:51] [TASK_2B] [INFO] Enriched 10050/29596 pending articles...
[2026-07-06 08:07:10] [TASK_2B] [INFO] Enriched 10100/29596 pending articles...
[2026-07-06 08:07:25] [TASK_2B] [INFO] Checkpoint saved after 10100 new articles.
[2026-07-06 08:07:39] [TASK_2B] [INFO] Enriched 10150/29596 pending articles...
[2026-07-06 08:07:59] [TASK_2B] [INFO] Enriched 10200/29596 pending articles...
[2026-07-06 08:08:15] [TASK_2B] [INFO] Checkpoint saved after 10200 new articles.
[2026-07-06 08:08:28] [TASK_2B] [INFO] Enriched 10250/29596 pending articles...
[2026-07-06 08:08:50] [TASK_2B] [INFO] Enriched 10300/29596 pending articles...
[2026-07-06 08:09:05] [TASK_2B] [INFO] Checkpoint saved after 10300 new articles.
[2026-07-06 08:09:23] [TASK_2B] [INFO] Enriched 10350/29596 pending articles...
[2026-07-06 08:09:47] [TASK_2B] [INFO] Enriched 10400/29596 pending articles...
[2026-07-06 08:10:02] [TASK_2B] [INFO] Checkpoint saved after 10400 new articles.
[2026-07-06 08:10:18] [TASK_2B] [INFO] Enriched 10450/29596 pending articles...
[2026-07-06 08:10:41] [TASK_2B] [INFO] Enriched 10500/29596 pending articles...
[2026-07-06 08:10:56] [TASK_2B] [INFO] Checkpoint saved after 10500 new articles.
[2026-07-06 08:11:11] [TASK_2B] [INFO] Enriched 10550/29596 pending articles...
[2026-07-06 08:11:31] [TASK_2B] [INFO] Enriched 10600/29596 pending articles...
[2026-07-06 08:11:46] [TASK_2B] [INFO] Checkpoint saved after 10600 new articles.
[2026-07-06 08:12:01] [TASK_2B] [INFO] Enriched 10650/29596 pending articles...
[2026-07-06 08:12:23] [TASK_2B] [INFO] Enriched 10700/29596 pending articles...
[2026-07-06 08:12:38] [TASK_2B] [INFO] Checkpoint saved after 10700 new articles.
[2026-07-06 08:12:54] [TASK_2B] [INFO] Enriched 10750/29596 pending articles...
[2026-07-06 08:13:14] [TASK_2B] [INFO] Enriched 10800/29596 pending articles...
[2026-07-06 08:13:30] [TASK_2B] [INFO] Checkpoint saved after 10800 new articles.
[2026-07-06 08:13:45] [TASK_2B] [INFO] Enriched 10850/29596 pending articles...
[2026-07-06 08:14:08] [TASK_2B] [INFO] Enriched 10900/29596 pending articles...
[2026-07-06 08:14:23] [TASK_2B] [INFO] Checkpoint saved after 10900 new articles.
[2026-07-06 08:14:40] [TASK_2B] [INFO] Enriched 10950/29596 pending articles...
[2026-07-06 08:15:10] [TASK_2B] [INFO] Enriched 11000/29596 pending articles...
[2026-07-06 08:15:25] [TASK_2B] [INFO] Checkpoint saved after 11000 new articles.
[2026-07-06 08:15:39] [TASK_2B] [INFO] Enriched 11050/29596 pending articles...
[2026-07-06 08:16:01] [TASK_2B] [INFO] Enriched 11100/29596 pending articles...
[2026-07-06 08:16:16] [TASK_2B] [INFO] Checkpoint saved after 11100 new articles.
[2026-07-06 08:16:34] [TASK_2B] [INFO] Enriched 11150/29596 pending articles...
[2026-07-06 08:16:57] [TASK_2B] [INFO] Enriched 11200/29596 pending articles...
[2026-07-06 08:17:12] [TASK_2B] [INFO] Checkpoint saved after 11200 new articles.
[2026-07-06 08:17:27] [TASK_2B] [INFO] Enriched 11250/29596 pending articles...
[2026-07-06 08:17:49] [TASK_2B] [INFO] Enriched 11300/29596 pending articles...
[2026-07-06 08:18:05] [TASK_2B] [INFO] Checkpoint saved after 11300 new articles.
[2026-07-06 08:18:18] [TASK_2B] [INFO] Enriched 11350/29596 pending articles...
[2026-07-06 08:18:38] [TASK_2B] [INFO] Enriched 11400/29596 pending articles...
[2026-07-06 08:18:54] [TASK_2B] [INFO] Checkpoint saved after 11400 new articles.
[2026-07-06 08:19:08] [TASK_2B] [INFO] Enriched 11450/29596 pending articles...
[2026-07-06 08:19:31] [TASK_2B] [INFO] Enriched 11500/29596 pending articles...
[2026-07-06 08:19:46] [TASK_2B] [INFO] Checkpoint saved after 11500 new articles.
[2026-07-06 08:20:03] [TASK_2B] [INFO] Enriched 11550/29596 pending articles...
[2026-07-06 08:20:32] [TASK_2B] [INFO] Enriched 11600/29596 pending articles...
[2026-07-06 08:20:47] [TASK_2B] [INFO] Checkpoint saved after 11600 new articles.
[2026-07-06 08:21:05] [TASK_2B] [INFO] Enriched 11650/29596 pending articles...
[2026-07-06 08:21:41] [TASK_2B] [INFO] Enriched 11700/29596 pending articles...
[2026-07-06 08:21:57] [TASK_2B] [INFO] Checkpoint saved after 11700 new articles.
[2026-07-06 08:22:15] [TASK_2B] [INFO] Enriched 11750/29596 pending articles...
[2026-07-06 08:22:37] [TASK_2B] [INFO] Enriched 11800/29596 pending articles...
[2026-07-06 08:22:52] [TASK_2B] [INFO] Checkpoint saved after 11800 new articles.
[2026-07-06 08:23:09] [TASK_2B] [INFO] Enriched 11850/29596 pending articles...
[2026-07-06 08:23:35] [TASK_2B] [INFO] Enriched 11900/29596 pending articles...
[2026-07-06 08:23:52] [TASK_2B] [INFO] Checkpoint saved after 11900 new articles.
[2026-07-06 08:24:19] [TASK_2B] [INFO] Enriched 11950/29596 pending articles...
[2026-07-06 08:24:42] [TASK_2B] [INFO] Enriched 12000/29596 pending articles...
[2026-07-06 08:24:57] [TASK_2B] [INFO] Checkpoint saved after 12000 new articles.
[2026-07-06 08:25:14] [TASK_2B] [INFO] Enriched 12050/29596 pending articles...
[2026-07-06 08:25:45] [TASK_2B] [INFO] Enriched 12100/29596 pending articles...
[2026-07-06 08:25:59] [TASK_2B] [INFO] Checkpoint saved after 12100 new articles.
[2026-07-06 08:26:17] [TASK_2B] [INFO] Enriched 12150/29596 pending articles...
[2026-07-06 08:26:40] [TASK_2B] [INFO] Enriched 12200/29596 pending articles...
[2026-07-06 08:26:55] [TASK_2B] [INFO] Checkpoint saved after 12200 new articles.
[2026-07-06 08:27:14] [TASK_2B] [INFO] Enriched 12250/29596 pending articles...
[2026-07-06 08:27:38] [TASK_2B] [INFO] Enriched 12300/29596 pending articles...
[2026-07-06 08:27:53] [TASK_2B] [INFO] Checkpoint saved after 12300 new articles.
[2026-07-06 08:28:09] [TASK_2B] [INFO] Enriched 12350/29596 pending articles...
[2026-07-06 08:28:34] [TASK_2B] [INFO] Enriched 12400/29596 pending articles...
[2026-07-06 08:28:49] [TASK_2B] [INFO] Checkpoint saved after 12400 new articles.
[2026-07-06 08:29:05] [TASK_2B] [INFO] Enriched 12450/29596 pending articles...
[2026-07-06 08:29:31] [TASK_2B] [INFO] Enriched 12500/29596 pending articles...
[2026-07-06 08:29:46] [TASK_2B] [INFO] Checkpoint saved after 12500 new articles.
[2026-07-06 08:30:02] [TASK_2B] [INFO] Enriched 12550/29596 pending articles...
[2026-07-06 08:30:31] [TASK_2B] [INFO] Enriched 12600/29596 pending articles...
[2026-07-06 08:30:46] [TASK_2B] [INFO] Checkpoint saved after 12600 new articles.
[2026-07-06 08:31:02] [TASK_2B] [INFO] Enriched 12650/29596 pending articles...
[2026-07-06 08:31:26] [TASK_2B] [INFO] Enriched 12700/29596 pending articles...
[2026-07-06 08:31:40] [TASK_2B] [INFO] Checkpoint saved after 12700 new articles.
[2026-07-06 08:32:08] [TASK_2B] [INFO] Enriched 12750/29596 pending articles...
[2026-07-06 08:32:39] [TASK_2B] [INFO] Enriched 12800/29596 pending articles...
[2026-07-06 08:32:54] [TASK_2B] [INFO] Checkpoint saved after 12800 new articles.
[2026-07-06 08:33:09] [TASK_2B] [INFO] Enriched 12850/29596 pending articles...
[2026-07-06 08:33:31] [TASK_2B] [INFO] Enriched 12900/29596 pending articles...
[2026-07-06 08:33:47] [TASK_2B] [INFO] Checkpoint saved after 12900 new articles.
[2026-07-06 08:34:03] [TASK_2B] [INFO] Enriched 12950/29596 pending articles...
[2026-07-06 08:34:25] [TASK_2B] [INFO] Enriched 13000/29596 pending articles...
[2026-07-06 08:34:40] [TASK_2B] [INFO] Checkpoint saved after 13000 new articles.
[2026-07-06 08:34:58] [TASK_2B] [INFO] Enriched 13050/29596 pending articles...
[2026-07-06 08:35:28] [TASK_2B] [INFO] Enriched 13100/29596 pending articles...
[2026-07-06 08:35:44] [TASK_2B] [INFO] Checkpoint saved after 13100 new articles.
[2026-07-06 08:35:58] [TASK_2B] [INFO] Enriched 13150/29596 pending articles...
[2026-07-06 08:36:22] [TASK_2B] [INFO] Enriched 13200/29596 pending articles...
[2026-07-06 08:36:38] [TASK_2B] [INFO] Checkpoint saved after 13200 new articles.
[2026-07-06 08:36:53] [TASK_2B] [INFO] Enriched 13250/29596 pending articles...
[2026-07-06 08:37:20] [TASK_2B] [INFO] Enriched 13300/29596 pending articles...
[2026-07-06 08:37:34] [TASK_2B] [INFO] Checkpoint saved after 13300 new articles.
[2026-07-06 08:37:56] [TASK_2B] [INFO] Enriched 13350/29596 pending articles...
[2026-07-06 08:38:19] [TASK_2B] [INFO] Enriched 13400/29596 pending articles...
[2026-07-06 08:38:35] [TASK_2B] [INFO] Checkpoint saved after 13400 new articles.
[2026-07-06 08:38:50] [TASK_2B] [INFO] Enriched 13450/29596 pending articles...
[2026-07-06 08:39:16] [TASK_2B] [INFO] Enriched 13500/29596 pending articles...
[2026-07-06 08:39:31] [TASK_2B] [INFO] Checkpoint saved after 13500 new articles.
[2026-07-06 08:39:47] [TASK_2B] [INFO] Enriched 13550/29596 pending articles...
[2026-07-06 08:40:11] [TASK_2B] [INFO] Enriched 13600/29596 pending articles...
[2026-07-06 08:40:26] [TASK_2B] [INFO] Checkpoint saved after 13600 new articles.
[2026-07-06 08:40:41] [TASK_2B] [INFO] Enriched 13650/29596 pending articles...
[2026-07-06 08:41:04] [TASK_2B] [INFO] Enriched 13700/29596 pending articles...
[2026-07-06 08:41:20] [TASK_2B] [INFO] Checkpoint saved after 13700 new articles.
[2026-07-06 08:41:43] [TASK_2B] [INFO] Enriched 13750/29596 pending articles...
[2026-07-06 08:42:07] [TASK_2B] [INFO] Enriched 13800/29596 pending articles...
[2026-07-06 08:42:20] [TASK_2B] [INFO] Checkpoint saved after 13800 new articles.
[2026-07-06 08:42:40] [TASK_2B] [INFO] Enriched 13850/29596 pending articles...
[2026-07-06 08:43:01] [TASK_2B] [INFO] Enriched 13900/29596 pending articles...
[2026-07-06 08:43:17] [TASK_2B] [INFO] Checkpoint saved after 13900 new articles.
[2026-07-06 08:43:31] [TASK_2B] [INFO] Enriched 13950/29596 pending articles...
[2026-07-06 08:43:54] [TASK_2B] [INFO] Enriched 14000/29596 pending articles...
[2026-07-06 08:44:10] [TASK_2B] [INFO] Checkpoint saved after 14000 new articles.
[2026-07-06 08:44:29] [TASK_2B] [INFO] Enriched 14050/29596 pending articles...
[2026-07-06 08:44:53] [TASK_2B] [INFO] Enriched 14100/29596 pending articles...
[2026-07-06 08:45:09] [TASK_2B] [INFO] Checkpoint saved after 14100 new articles.
[2026-07-06 08:45:29] [TASK_2B] [INFO] Enriched 14150/29596 pending articles...
[2026-07-06 08:45:56] [TASK_2B] [INFO] Enriched 14200/29596 pending articles...
[2026-07-06 08:46:12] [TASK_2B] [INFO] Checkpoint saved after 14200 new articles.
[2026-07-06 08:46:36] [TASK_2B] [INFO] Enriched 14250/29596 pending articles...
[2026-07-06 08:47:08] [TASK_2B] [INFO] Enriched 14300/29596 pending articles...
[2026-07-06 08:47:31] [TASK_2B] [INFO] Checkpoint saved after 14300 new articles.
[2026-07-06 08:47:46] [TASK_2B] [INFO] Enriched 14350/29596 pending articles...
[2026-07-06 08:47:48] [TASK_2B] [INFO] ============================================================
[2026-07-06 08:47:48] [TASK_2B] [INFO] START TASK_2B: Article Full-Text Enrichment (detail pages → summaries/key facts)
[2026-07-06 08:47:48] [TASK_2B] [INFO] Timestamp: 2026-07-06T08:47:48.523475
[2026-07-06 08:47:48] [TASK_2B] [INFO] ============================================================
[2026-07-06 08:47:48] [TASK_2B] [INFO] Input: data/news/matched/all_news_matched.csv (52807 rows)
[2026-07-06 08:47:48] [TASK_2B] [INFO] ------------------------------------------------------------
[2026-07-06 08:47:48] [TASK_2B] [INFO] END TASK_2B — completed in 0.0 seconds
[2026-07-06 08:47:48] [TASK_2B] [INFO] ============================================================
[2026-07-06 08:47:52] [TASK_2B] [INFO] ============================================================
[2026-07-06 08:47:52] [TASK_2B] [INFO] START TASK_2B: Article Full-Text Enrichment (detail pages → summaries/key facts)
[2026-07-06 08:47:52] [TASK_2B] [INFO] Timestamp: 2026-07-06T08:47:52.401425
[2026-07-06 08:47:52] [TASK_2B] [INFO] ============================================================
[2026-07-06 08:47:52] [TASK_2B] [INFO] Input: data/news/matched/all_news_matched.csv (52807 rows)
[2026-07-06 08:47:52] [TASK_2B] [INFO] ------------------------------------------------------------
[2026-07-06 08:47:52] [TASK_2B] [INFO] END TASK_2B — completed in 0.0 seconds
[2026-07-06 08:47:52] [TASK_2B] [INFO] ============================================================
[2026-07-06 08:47:56] [TASK_2B] [INFO] ============================================================
[2026-07-06 08:47:56] [TASK_2B] [INFO] START TASK_2B: Article Full-Text Enrichment (detail pages → summaries/key facts)
[2026-07-06 08:47:56] [TASK_2B] [INFO] Timestamp: 2026-07-06T08:47:56.160475
[2026-07-06 08:47:56] [TASK_2B] [INFO] ============================================================
[2026-07-06 08:47:56] [TASK_2B] [INFO] Input: data/news/matched/all_news_matched.csv (52807 rows)
[2026-07-06 08:47:56] [TASK_2B] [INFO] ------------------------------------------------------------
[2026-07-06 08:47:56] [TASK_2B] [INFO] END TASK_2B — completed in 0.0 seconds
[2026-07-06 08:47:56] [TASK_2B] [INFO] ============================================================
[2026-07-06 08:48:18] [TASK_2B] [INFO] Enriched 14400/29596 pending articles...
[2026-07-06 08:48:35] [TASK_2B] [INFO] Checkpoint saved after 14400 new articles.
[2026-07-06 08:48:51] [TASK_2B] [INFO] Enriched 14450/29596 pending articles...
[2026-07-06 08:49:20] [TASK_2B] [INFO] Enriched 14500/29596 pending articles...
[2026-07-06 08:49:36] [TASK_2B] [INFO] Checkpoint saved after 14500 new articles.
[2026-07-06 08:49:57] [TASK_2B] [INFO] Enriched 14550/29596 pending articles...
[2026-07-06 08:50:23] [TASK_2B] [INFO] Enriched 14600/29596 pending articles...
[2026-07-06 08:50:42] [TASK_2B] [INFO] Checkpoint saved after 14600 new articles.
[2026-07-06 08:51:02] [TASK_2B] [INFO] Enriched 14650/29596 pending articles...
[2026-07-06 08:51:26] [TASK_2B] [INFO] Enriched 14700/29596 pending articles...
[2026-07-06 08:51:41] [TASK_2B] [INFO] Checkpoint saved after 14700 new articles.
[2026-07-06 08:51:58] [TASK_2B] [INFO] Enriched 14750/29596 pending articles...
[2026-07-06 08:52:24] [TASK_2B] [INFO] Enriched 14800/29596 pending articles...
[2026-07-06 08:52:39] [TASK_2B] [INFO] Checkpoint saved after 14800 new articles.
[2026-07-06 08:52:57] [TASK_2B] [INFO] Enriched 14850/29596 pending articles...
[2026-07-06 08:53:29] [TASK_2B] [INFO] Enriched 14900/29596 pending articles...
[2026-07-06 08:53:44] [TASK_2B] [INFO] Checkpoint saved after 14900 new articles.
[2026-07-06 08:54:00] [TASK_2B] [INFO] Enriched 14950/29596 pending articles...
[2026-07-06 08:54:25] [TASK_2B] [INFO] Enriched 15000/29596 pending articles...
[2026-07-06 08:54:40] [TASK_2B] [INFO] Checkpoint saved after 15000 new articles.
[2026-07-06 08:54:59] [TASK_2B] [INFO] Enriched 15050/29596 pending articles...
[2026-07-06 08:55:22] [TASK_2B] [INFO] Enriched 15100/29596 pending articles...
[2026-07-06 08:55:37] [TASK_2B] [INFO] Checkpoint saved after 15100 new articles.
[2026-07-06 08:55:52] [TASK_2B] [INFO] Enriched 15150/29596 pending articles...
[2026-07-06 08:56:20] [TASK_2B] [INFO] ============================================================
[2026-07-06 08:56:20] [TASK_2B] [INFO] START TASK_2B: Article Full-Text Enrichment (detail pages → summaries/key facts)
[2026-07-06 08:56:20] [TASK_2B] [INFO] Timestamp: 2026-07-06T08:56:20.633286
[2026-07-06 08:56:20] [TASK_2B] [INFO] ============================================================
[2026-07-06 08:56:20] [TASK_2B] [INFO] Input: data/news/matched/all_news_matched.csv (52807 rows)
[2026-07-06 08:56:20] [TASK_2B] [INFO] ------------------------------------------------------------
[2026-07-06 08:56:20] [TASK_2B] [INFO] END TASK_2B — completed in 0.0 seconds
[2026-07-06 08:56:20] [TASK_2B] [INFO] ============================================================
[2026-07-06 08:56:24] [TASK_2B] [INFO] ============================================================
[2026-07-06 08:56:24] [TASK_2B] [INFO] START TASK_2B: Article Full-Text Enrichment (detail pages → summaries/key facts)
[2026-07-06 08:56:24] [TASK_2B] [INFO] Timestamp: 2026-07-06T08:56:24.623975
[2026-07-06 08:56:24] [TASK_2B] [INFO] ============================================================
[2026-07-06 08:56:24] [TASK_2B] [INFO] Input: data/news/matched/all_news_matched.csv (52807 rows)
[2026-07-06 08:56:24] [TASK_2B] [INFO] ------------------------------------------------------------
[2026-07-06 08:56:24] [TASK_2B] [INFO] END TASK_2B — completed in 0.0 seconds
[2026-07-06 08:56:24] [TASK_2B] [INFO] ============================================================
[2026-07-06 08:56:25] [TASK_2B] [INFO] Enriched 15200/29596 pending articles...
[2026-07-06 08:56:28] [TASK_2B] [INFO] ============================================================
[2026-07-06 08:56:28] [TASK_2B] [INFO] START TASK_2B: Article Full-Text Enrichment (detail pages → summaries/key facts)
[2026-07-06 08:56:28] [TASK_2B] [INFO] Timestamp: 2026-07-06T08:56:28.445512
[2026-07-06 08:56:28] [TASK_2B] [INFO] ============================================================
[2026-07-06 08:56:28] [TASK_2B] [INFO] Input: data/news/matched/all_news_matched.csv (52807 rows)
[2026-07-06 08:56:28] [TASK_2B] [INFO] ------------------------------------------------------------
[2026-07-06 08:56:28] [TASK_2B] [INFO] END TASK_2B — completed in 0.0 seconds
[2026-07-06 08:56:28] [TASK_2B] [INFO] ============================================================
[2026-07-06 08:56:44] [TASK_2B] [INFO] Checkpoint saved after 15200 new articles.
[2026-07-06 08:57:00] [TASK_2B] [INFO] Enriched 15250/29596 pending articles...
[2026-07-06 08:57:11] [TASK_2B] [INFO] Starting Article Full-Text Enrichment (TASK 2B)...
[2026-07-06 08:57:26] [TASK_2B] [INFO] Enriched 15300/29596 pending articles...
[2026-07-06 08:57:29] [TASK_2B] [INFO] Article enrichment queue: 52790 matched rows, 45968 unique URLs, 45968 reusable cached, 23932 pending.
[2026-07-06 08:57:29] [TASK_2B] [INFO] Pending by domain: cafef.vn=19364, kinhtechungkhoan.vn=4494, vietnambiz.vn=74
[2026-07-06 08:57:29] [TASK_2B] [INFO] Running article enrichment with 3 domain workers, 0.50s per-domain delay.
[2026-07-06 08:57:46] [TASK_2B] [INFO] Checkpoint saved after 15300 new articles.
[2026-07-06 08:57:48] [TASK_2B] [INFO] Enriched 50/23932 pending articles...
[2026-07-06 08:58:05] [TASK_2B] [INFO] Enriched 15350/29596 pending articles...
[2026-07-06 08:58:06] [TASK_2B] [INFO] Enriched 100/23932 pending articles...
[2026-07-06 08:58:25] [TASK_2B] [INFO] Checkpoint saved after 100 new articles.
[2026-07-06 08:58:25] [TASK_2B] [INFO] Checkpoint coverage: 23897/45968 unique URLs with full text (51.99%). Status: {'ok': 23896, 'failed': 11782, 'restricted': 10189, 'fetch_failed': 100, 'partial': 1}. By source: {'cafef': {'total': 19364, 'full_text': 1530, 'coverage_pct': 7.9}, 'kinhtechungkhoan': {'total': 8513, 'full_text': 4295, 'coverage_pct': 50.45}, 'tnck': {'total': 1446, 'full_text': 1446, 'coverage_pct': 100.0}, 'vietnambiz': {'total': 3598, 'full_text': 3598, 'coverage_pct': 100.0}, 'vietstock': {'total': 11285, 'full_text': 11267, 'coverage_pct': 99.84}, 'vnexpress': {'total': 1762, 'full_text': 1761, 'coverage_pct': 99.94}}
[2026-07-06 08:58:31] [TASK_2B] [INFO] Enriched 15400/29596 pending articles...
[2026-07-06 08:58:33] [TASK_2B] [INFO] Enriched 150/23932 pending articles...
[2026-07-06 08:58:47] [TASK_2B] [INFO] Checkpoint saved after 15400 new articles.
[2026-07-06 08:58:57] [TASK_2B] [INFO] Enriched 200/23932 pending articles...
[2026-07-06 08:59:01] [TASK_2B] [INFO] Enriched 15450/29596 pending articles...
[2026-07-06 08:59:11] [TASK_2B] [INFO] Checkpoint saved after 200 new articles.
[2026-07-06 08:59:11] [TASK_2B] [INFO] Checkpoint coverage: 23898/45968 unique URLs with full text (51.99%). Status: {'ok': 23896, 'failed': 11781, 'restricted': 10189, 'fetch_failed': 100, 'partial': 2}. By source: {'cafef': {'total': 19364, 'full_text': 1531, 'coverage_pct': 7.91}, 'kinhtechungkhoan': {'total': 8513, 'full_text': 4295, 'coverage_pct': 50.45}, 'tnck': {'total': 1446, 'full_text': 1446, 'coverage_pct': 100.0}, 'vietnambiz': {'total': 3598, 'full_text': 3598, 'coverage_pct': 100.0}, 'vietstock': {'total': 11285, 'full_text': 11267, 'coverage_pct': 99.84}, 'vnexpress': {'total': 1762, 'full_text': 1761, 'coverage_pct': 99.94}}
[2026-07-06 08:59:25] [TASK_2B] [INFO] Enriched 250/23932 pending articles...
[2026-07-06 08:59:26] [TASK_2B] [INFO] Enriched 15500/29596 pending articles...
[2026-07-06 08:59:42] [TASK_2B] [INFO] Checkpoint saved after 15500 new articles.
[2026-07-06 08:59:46] [TASK_2B] [INFO] Enriched 300/23932 pending articles...
[2026-07-06 08:59:59] [TASK_2B] [INFO] Enriched 15550/29596 pending articles...
[2026-07-06 09:00:05] [TASK_2B] [INFO] Checkpoint saved after 300 new articles.
[2026-07-06 09:00:06] [TASK_2B] [INFO] Checkpoint coverage: 23898/45968 unique URLs with full text (51.99%). Status: {'ok': 23896, 'failed': 11781, 'restricted': 10189, 'fetch_failed': 100, 'partial': 2}. By source: {'cafef': {'total': 19364, 'full_text': 1531, 'coverage_pct': 7.91}, 'kinhtechungkhoan': {'total': 8513, 'full_text': 4295, 'coverage_pct': 50.45}, 'tnck': {'total': 1446, 'full_text': 1446, 'coverage_pct': 100.0}, 'vietnambiz': {'total': 3598, 'full_text': 3598, 'coverage_pct': 100.0}, 'vietstock': {'total': 11285, 'full_text': 11267, 'coverage_pct': 99.84}, 'vnexpress': {'total': 1762, 'full_text': 1761, 'coverage_pct': 99.94}}
[2026-07-06 09:00:17] [TASK_2B] [INFO] Enriched 350/23932 pending articles...
[2026-07-06 09:00:29] [TASK_2B] [INFO] Enriched 15600/29596 pending articles...
[2026-07-06 09:00:43] [TASK_2B] [INFO] Enriched 400/23932 pending articles...
[2026-07-06 09:00:47] [TASK_2B] [INFO] Checkpoint saved after 15600 new articles.
[2026-07-06 09:01:02] [TASK_2B] [INFO] Checkpoint saved after 400 new articles.
[2026-07-06 09:01:02] [TASK_2B] [INFO] Checkpoint coverage: 23899/45968 unique URLs with full text (51.99%). Status: {'ok': 23896, 'failed': 11780, 'restricted': 10189, 'fetch_failed': 100, 'partial': 3}. By source: {'cafef': {'total': 19364, 'full_text': 1532, 'coverage_pct': 7.91}, 'kinhtechungkhoan': {'total': 8513, 'full_text': 4295, 'coverage_pct': 50.45}, 'tnck': {'total': 1446, 'full_text': 1446, 'coverage_pct': 100.0}, 'vietnambiz': {'total': 3598, 'full_text': 3598, 'coverage_pct': 100.0}, 'vietstock': {'total': 11285, 'full_text': 11267, 'coverage_pct': 99.84}, 'vnexpress': {'total': 1762, 'full_text': 1761, 'coverage_pct': 99.94}}
[2026-07-06 09:01:04] [TASK_2B] [INFO] Enriched 15650/29596 pending articles...
[2026-07-06 09:01:14] [TASK_2B] [INFO] Enriched 450/23932 pending articles...
[2026-07-06 09:01:26] [TASK_2B] [INFO] Enriched 15700/29596 pending articles...
[2026-07-06 09:01:38] [TASK_2B] [INFO] Enriched 500/23932 pending articles...
[2026-07-06 09:01:43] [TASK_2B] [INFO] Checkpoint saved after 15700 new articles.
[2026-07-06 09:01:55] [TASK_2B] [INFO] Checkpoint saved after 500 new articles.
[2026-07-06 09:01:56] [TASK_2B] [INFO] Checkpoint coverage: 23899/45968 unique URLs with full text (51.99%). Status: {'ok': 23896, 'failed': 11780, 'restricted': 10189, 'fetch_failed': 100, 'partial': 3}. By source: {'cafef': {'total': 19364, 'full_text': 1532, 'coverage_pct': 7.91}, 'kinhtechungkhoan': {'total': 8513, 'full_text': 4295, 'coverage_pct': 50.45}, 'tnck': {'total': 1446, 'full_text': 1446, 'coverage_pct': 100.0}, 'vietnambiz': {'total': 3598, 'full_text': 3598, 'coverage_pct': 100.0}, 'vietstock': {'total': 11285, 'full_text': 11267, 'coverage_pct': 99.84}, 'vnexpress': {'total': 1762, 'full_text': 1761, 'coverage_pct': 99.94}}
[2026-07-06 09:01:59] [TASK_2B] [INFO] Enriched 15750/29596 pending articles...
[2026-07-06 09:02:10] [TASK_2B] [INFO] Enriched 550/23932 pending articles...
[2026-07-06 09:02:26] [TASK_2B] [INFO] Enriched 15800/29596 pending articles...
[2026-07-06 09:02:36] [TASK_2B] [INFO] Enriched 600/23932 pending articles...
[2026-07-06 09:02:43] [TASK_2B] [INFO] Checkpoint saved after 15800 new articles.
[2026-07-06 09:02:55] [TASK_2B] [INFO] Checkpoint saved after 600 new articles.
[2026-07-06 09:02:55] [TASK_2B] [INFO] Checkpoint coverage: 23899/45968 unique URLs with full text (51.99%). Status: {'ok': 23896, 'failed': 11780, 'restricted': 10189, 'fetch_failed': 100, 'partial': 3}. By source: {'cafef': {'total': 19364, 'full_text': 1532, 'coverage_pct': 7.91}, 'kinhtechungkhoan': {'total': 8513, 'full_text': 4295, 'coverage_pct': 50.45}, 'tnck': {'total': 1446, 'full_text': 1446, 'coverage_pct': 100.0}, 'vietnambiz': {'total': 3598, 'full_text': 3598, 'coverage_pct': 100.0}, 'vietstock': {'total': 11285, 'full_text': 11267, 'coverage_pct': 99.84}, 'vnexpress': {'total': 1762, 'full_text': 1761, 'coverage_pct': 99.94}}
[2026-07-06 09:03:04] [TASK_2B] [INFO] Enriched 15850/29596 pending articles...
[2026-07-06 09:03:14] [TASK_2B] [INFO] Enriched 650/23932 pending articles...
[2026-07-06 09:03:33] [TASK_2B] [INFO] Enriched 15900/29596 pending articles...
[2026-07-06 09:03:39] [TASK_2B] [INFO] Enriched 700/23932 pending articles...
[2026-07-06 09:03:49] [TASK_2B] [INFO] Checkpoint saved after 15900 new articles.
[2026-07-06 09:03:57] [TASK_2B] [INFO] Checkpoint saved after 700 new articles.
[2026-07-06 09:03:57] [TASK_2B] [INFO] Checkpoint coverage: 23911/45968 unique URLs with full text (52.02%). Status: {'ok': 23904, 'failed': 11768, 'restricted': 10189, 'fetch_failed': 100, 'partial': 7}. By source: {'cafef': {'total': 19364, 'full_text': 1536, 'coverage_pct': 7.93}, 'kinhtechungkhoan': {'total': 8513, 'full_text': 4303, 'coverage_pct': 50.55}, 'tnck': {'total': 1446, 'full_text': 1446, 'coverage_pct': 100.0}, 'vietnambiz': {'total': 3598, 'full_text': 3598, 'coverage_pct': 100.0}, 'vietstock': {'total': 11285, 'full_text': 11267, 'coverage_pct': 99.84}, 'vnexpress': {'total': 1762, 'full_text': 1761, 'coverage_pct': 99.94}}
[2026-07-06 09:04:07] [TASK_2B] [INFO] Enriched 15950/29596 pending articles...
[2026-07-06 09:04:13] [TASK_2B] [INFO] Enriched 750/23932 pending articles...
[2026-07-06 09:04:37] [TASK_2B] [INFO] Enriched 16000/29596 pending articles...
[2026-07-06 09:04:43] [TASK_2B] [INFO] Enriched 800/23932 pending articles...
[2026-07-06 09:04:54] [TASK_2B] [INFO] Checkpoint saved after 16000 new articles.
[2026-07-06 09:05:00] [TASK_2B] [INFO] Checkpoint saved after 800 new articles.
[2026-07-06 09:05:00] [TASK_2B] [INFO] Checkpoint coverage: 23933/45968 unique URLs with full text (52.06%). Status: {'ok': 23926, 'failed': 11746, 'restricted': 10189, 'fetch_failed': 100, 'partial': 7}. By source: {'cafef': {'total': 19364, 'full_text': 1536, 'coverage_pct': 7.93}, 'kinhtechungkhoan': {'total': 8513, 'full_text': 4325, 'coverage_pct': 50.8}, 'tnck': {'total': 1446, 'full_text': 1446, 'coverage_pct': 100.0}, 'vietnambiz': {'total': 3598, 'full_text': 3598, 'coverage_pct': 100.0}, 'vietstock': {'total': 11285, 'full_text': 11267, 'coverage_pct': 99.84}, 'vnexpress': {'total': 1762, 'full_text': 1761, 'coverage_pct': 99.94}}
[2026-07-06 09:05:14] [TASK_2B] [INFO] Enriched 16050/29596 pending articles...
[2026-07-06 09:05:16] [TASK_2B] [INFO] Enriched 850/23932 pending articles...
[2026-07-06 09:05:39] [TASK_2B] [INFO] Enriched 16100/29596 pending articles...
[2026-07-06 09:05:42] [TASK_2B] [INFO] Enriched 900/23932 pending articles...
[2026-07-06 09:05:56] [TASK_2B] [INFO] Checkpoint saved after 16100 new articles.
[2026-07-06 09:05:59] [TASK_2B] [INFO] Checkpoint saved after 900 new articles.
[2026-07-06 09:05:59] [TASK_2B] [INFO] Checkpoint coverage: 23955/45968 unique URLs with full text (52.11%). Status: {'ok': 23948, 'failed': 11724, 'restricted': 10189, 'fetch_failed': 100, 'partial': 7}. By source: {'cafef': {'total': 19364, 'full_text': 1536, 'coverage_pct': 7.93}, 'kinhtechungkhoan': {'total': 8513, 'full_text': 4347, 'coverage_pct': 51.06}, 'tnck': {'total': 1446, 'full_text': 1446, 'coverage_pct': 100.0}, 'vietnambiz': {'total': 3598, 'full_text': 3598, 'coverage_pct': 100.0}, 'vietstock': {'total': 11285, 'full_text': 11267, 'coverage_pct': 99.84}, 'vnexpress': {'total': 1762, 'full_text': 1761, 'coverage_pct': 99.94}}
[2026-07-06 09:06:15] [TASK_2B] [INFO] Enriched 950/23932 pending articles...
[2026-07-06 09:06:15] [TASK_2B] [INFO] Enriched 16150/29596 pending articles...
[2026-07-06 09:06:44] [TASK_2B] [INFO] Enriched 1000/23932 pending articles...
[2026-07-06 09:06:47] [TASK_2B] [INFO] Enriched 16200/29596 pending articles...
[2026-07-06 09:07:00] [TASK_2B] [INFO] Checkpoint saved after 1000 new articles.
[2026-07-06 09:07:01] [TASK_2B] [INFO] Checkpoint coverage: 23982/45968 unique URLs with full text (52.17%). Status: {'ok': 23972, 'failed': 11697, 'restricted': 10189, 'fetch_failed': 100, 'partial': 10}. By source: {'cafef': {'total': 19364, 'full_text': 1539, 'coverage_pct': 7.95}, 'kinhtechungkhoan': {'total': 8513, 'full_text': 4371, 'coverage_pct': 51.35}, 'tnck': {'total': 1446, 'full_text': 1446, 'coverage_pct': 100.0}, 'vietnambiz': {'total': 3598, 'full_text': 3598, 'coverage_pct': 100.0}, 'vietstock': {'total': 11285, 'full_text': 11267, 'coverage_pct': 99.84}, 'vnexpress': {'total': 1762, 'full_text': 1761, 'coverage_pct': 99.94}}
[2026-07-06 09:07:04] [TASK_2B] [INFO] Checkpoint saved after 16200 new articles.
[2026-07-06 09:07:20] [TASK_2B] [INFO] Enriched 1050/23932 pending articles...
[2026-07-06 09:07:25] [TASK_2B] [INFO] Enriched 16250/29596 pending articles...
[2026-07-06 09:07:49] [TASK_2B] [INFO] Enriched 1100/23932 pending articles...
[2026-07-06 09:07:52] [TASK_2B] [INFO] Enriched 16300/29596 pending articles...
[2026-07-06 09:08:05] [TASK_2B] [INFO] Checkpoint saved after 1100 new articles.
[2026-07-06 09:08:06] [TASK_2B] [INFO] Checkpoint coverage: 24004/45968 unique URLs with full text (52.22%). Status: {'ok': 23993, 'failed': 11675, 'restricted': 10189, 'fetch_failed': 100, 'partial': 11}. By source: {'cafef': {'total': 19364, 'full_text': 1540, 'coverage_pct': 7.95}, 'kinhtechungkhoan': {'total': 8513, 'full_text': 4392, 'coverage_pct': 51.59}, 'tnck': {'total': 1446, 'full_text': 1446, 'coverage_pct': 100.0}, 'vietnambiz': {'total': 3598, 'full_text': 3598, 'coverage_pct': 100.0}, 'vietstock': {'total': 11285, 'full_text': 11267, 'coverage_pct': 99.84}, 'vnexpress': {'total': 1762, 'full_text': 1761, 'coverage_pct': 99.94}}
[2026-07-06 09:08:10] [TASK_2B] [INFO] Checkpoint saved after 16300 new articles.
[2026-07-06 09:08:20] [TASK_2B] [INFO] Enriched 1150/23932 pending articles...
[2026-07-06 09:08:28] [TASK_2B] [INFO] Enriched 16350/29596 pending articles...
[2026-07-06 09:08:46] [TASK_2B] [INFO] Enriched 1200/23932 pending articles...
[2026-07-06 09:08:52] [TASK_2B] [INFO] Enriched 16400/29596 pending articles...
[2026-07-06 09:09:02] [TASK_2B] [INFO] Checkpoint saved after 1200 new articles.
[2026-07-06 09:09:02] [TASK_2B] [INFO] Checkpoint coverage: 24026/45968 unique URLs with full text (52.27%). Status: {'ok': 24014, 'failed': 11653, 'restricted': 10189, 'fetch_failed': 100, 'partial': 12}. By source: {'cafef': {'total': 19364, 'full_text': 1541, 'coverage_pct': 7.96}, 'kinhtechungkhoan': {'total': 8513, 'full_text': 4413, 'coverage_pct': 51.84}, 'tnck': {'total': 1446, 'full_text': 1446, 'coverage_pct': 100.0}, 'vietnambiz': {'total': 3598, 'full_text': 3598, 'coverage_pct': 100.0}, 'vietstock': {'total': 11285, 'full_text': 11267, 'coverage_pct': 99.84}, 'vnexpress': {'total': 1762, 'full_text': 1761, 'coverage_pct': 99.94}}
[2026-07-06 09:09:09] [TASK_2B] [INFO] Checkpoint saved after 16400 new articles.
[2026-07-06 09:09:19] [TASK_2B] [INFO] Enriched 1250/23932 pending articles...
[2026-07-06 09:09:28] [TASK_2B] [INFO] Enriched 16450/29596 pending articles...
[2026-07-06 09:09:44] [TASK_2B] [INFO] Enriched 1300/23932 pending articles...
[2026-07-06 09:09:55] [TASK_2B] [INFO] Enriched 16500/29596 pending articles...
[2026-07-06 09:10:02] [TASK_2B] [INFO] Checkpoint saved after 1300 new articles.
[2026-07-06 09:10:02] [TASK_2B] [INFO] Checkpoint coverage: 24047/45968 unique URLs with full text (52.31%). Status: {'ok': 24033, 'failed': 11632, 'restricted': 10189, 'fetch_failed': 100, 'partial': 14}. By source: {'cafef': {'total': 19364, 'full_text': 1543, 'coverage_pct': 7.97}, 'kinhtechungkhoan': {'total': 8513, 'full_text': 4432, 'coverage_pct': 52.06}, 'tnck': {'total': 1446, 'full_text': 1446, 'coverage_pct': 100.0}, 'vietnambiz': {'total': 3598, 'full_text': 3598, 'coverage_pct': 100.0}, 'vietstock': {'total': 11285, 'full_text': 11267, 'coverage_pct': 99.84}, 'vnexpress': {'total': 1762, 'full_text': 1761, 'coverage_pct': 99.94}}
[2026-07-06 09:10:14] [TASK_2B] [INFO] Checkpoint saved after 16500 new articles.
[2026-07-06 09:10:16] [TASK_2B] [INFO] Enriched 1350/23932 pending articles...
[2026-07-06 09:10:25] [TASK_2B] [INFO] Enriched 16550/29596 pending articles...
[2026-07-06 09:10:44] [TASK_2B] [INFO] Enriched 1400/23932 pending articles...
[2026-07-06 09:10:59] [TASK_2B] [INFO] Checkpoint saved after 1400 new articles.
[2026-07-06 09:10:59] [TASK_2B] [INFO] Checkpoint coverage: 24068/45968 unique URLs with full text (52.36%). Status: {'ok': 24053, 'failed': 11611, 'restricted': 10189, 'fetch_failed': 100, 'partial': 15}. By source: {'cafef': {'total': 19364, 'full_text': 1544, 'coverage_pct': 7.97}, 'kinhtechungkhoan': {'total': 8513, 'full_text': 4452, 'coverage_pct': 52.3}, 'tnck': {'total': 1446, 'full_text': 1446, 'coverage_pct': 100.0}, 'vietnambiz': {'total': 3598, 'full_text': 3598, 'coverage_pct': 100.0}, 'vietstock': {'total': 11285, 'full_text': 11267, 'coverage_pct': 99.84}, 'vnexpress': {'total': 1762, 'full_text': 1761, 'coverage_pct': 99.94}}
[2026-07-06 09:11:01] [TASK_2B] [INFO] Enriched 16600/29596 pending articles...
[2026-07-06 09:11:18] [TASK_2B] [INFO] Checkpoint saved after 16600 new articles.
[2026-07-06 09:11:22] [TASK_2B] [INFO] Enriched 1450/23932 pending articles...
[2026-07-06 09:11:36] [TASK_2B] [INFO] Enriched 16650/29596 pending articles...
[2026-07-06 09:11:49] [TASK_2B] [INFO] Enriched 1500/23932 pending articles...
[2026-07-06 09:12:05] [TASK_2B] [INFO] Checkpoint saved after 1500 new articles.
[2026-07-06 09:12:05] [TASK_2B] [INFO] Checkpoint coverage: 24113/45968 unique URLs with full text (52.46%). Status: {'ok': 24091, 'failed': 11566, 'restricted': 10189, 'fetch_failed': 100, 'partial': 22}. By source: {'cafef': {'total': 19364, 'full_text': 1551, 'coverage_pct': 8.01}, 'kinhtechungkhoan': {'total': 8513, 'full_text': 4490, 'coverage_pct': 52.74}, 'tnck': {'total': 1446, 'full_text': 1446, 'coverage_pct': 100.0}, 'vietnambiz': {'total': 3598, 'full_text': 3598, 'coverage_pct': 100.0}, 'vietstock': {'total': 11285, 'full_text': 11267, 'coverage_pct': 99.84}, 'vnexpress': {'total': 1762, 'full_text': 1761, 'coverage_pct': 99.94}}
[2026-07-06 09:12:12] [TASK_2B] [INFO] Enriched 16700/29596 pending articles...
[2026-07-06 09:12:23] [TASK_2B] [INFO] Enriched 1550/23932 pending articles...
[2026-07-06 09:12:27] [TASK_2B] [INFO] Checkpoint saved after 16700 new articles.
[2026-07-06 09:12:48] [TASK_2B] [INFO] Enriched 16750/29596 pending articles...
[2026-07-06 09:12:51] [TASK_2B] [INFO] Enriched 1600/23932 pending articles...
[2026-07-06 09:13:07] [TASK_2B] [INFO] Checkpoint saved after 1600 new articles.
[2026-07-06 09:13:07] [TASK_2B] [INFO] Checkpoint coverage: 24151/45968 unique URLs with full text (52.54%). Status: {'ok': 24126, 'failed': 11528, 'restricted': 10189, 'fetch_failed': 100, 'partial': 25}. By source: {'cafef': {'total': 19364, 'full_text': 1554, 'coverage_pct': 8.03}, 'kinhtechungkhoan': {'total': 8513, 'full_text': 4525, 'coverage_pct': 53.15}, 'tnck': {'total': 1446, 'full_text': 1446, 'coverage_pct': 100.0}, 'vietnambiz': {'total': 3598, 'full_text': 3598, 'coverage_pct': 100.0}, 'vietstock': {'total': 11285, 'full_text': 11267, 'coverage_pct': 99.84}, 'vnexpress': {'total': 1762, 'full_text': 1761, 'coverage_pct': 99.94}}
[2026-07-06 09:13:12] [TASK_2B] [INFO] Enriched 16800/29596 pending articles...
[2026-07-06 09:13:25] [TASK_2B] [INFO] Enriched 1650/23932 pending articles...
[2026-07-06 09:13:30] [TASK_2B] [INFO] Checkpoint saved after 16800 new articles.
[2026-07-06 09:13:45] [TASK_2B] [INFO] Enriched 16850/29596 pending articles...
[2026-07-06 09:13:55] [TASK_2B] [INFO] Enriched 1700/23932 pending articles...
[2026-07-06 09:14:11] [TASK_2B] [INFO] Checkpoint saved after 1700 new articles.
[2026-07-06 09:14:12] [TASK_2B] [INFO] Checkpoint coverage: 24199/45968 unique URLs with full text (52.64%). Status: {'ok': 24169, 'failed': 11480, 'restricted': 10189, 'fetch_failed': 100, 'partial': 30}. By source: {'cafef': {'total': 19364, 'full_text': 1559, 'coverage_pct': 8.05}, 'kinhtechungkhoan': {'total': 8513, 'full_text': 4568, 'coverage_pct': 53.66}, 'tnck': {'total': 1446, 'full_text': 1446, 'coverage_pct': 100.0}, 'vietnambiz': {'total': 3598, 'full_text': 3598, 'coverage_pct': 100.0}, 'vietstock': {'total': 11285, 'full_text': 11267, 'coverage_pct': 99.84}, 'vnexpress': {'total': 1762, 'full_text': 1761, 'coverage_pct': 99.94}}
[2026-07-06 09:14:15] [TASK_2B] [INFO] Enriched 16900/29596 pending articles...
[2026-07-06 09:14:26] [TASK_2B] [INFO] Enriched 1750/23932 pending articles...
[2026-07-06 09:14:31] [TASK_2B] [INFO] Checkpoint saved after 16900 new articles.
[2026-07-06 09:14:50] [TASK_2B] [INFO] Enriched 16950/29596 pending articles...
[2026-07-06 09:14:51] [TASK_2B] [INFO] Enriched 1800/23932 pending articles...
[2026-07-06 09:15:07] [TASK_2B] [INFO] Checkpoint saved after 1800 new articles.
[2026-07-06 09:15:07] [TASK_2B] [INFO] Checkpoint coverage: 24237/45968 unique URLs with full text (52.73%). Status: {'ok': 24205, 'failed': 11442, 'restricted': 10189, 'fetch_failed': 100, 'partial': 32}. By source: {'cafef': {'total': 19364, 'full_text': 1561, 'coverage_pct': 8.06}, 'kinhtechungkhoan': {'total': 8513, 'full_text': 4604, 'coverage_pct': 54.08}, 'tnck': {'total': 1446, 'full_text': 1446, 'coverage_pct': 100.0}, 'vietnambiz': {'total': 3598, 'full_text': 3598, 'coverage_pct': 100.0}, 'vietstock': {'total': 11285, 'full_text': 11267, 'coverage_pct': 99.84}, 'vnexpress': {'total': 1762, 'full_text': 1761, 'coverage_pct': 99.94}}
[2026-07-06 09:15:19] [TASK_2B] [INFO] Enriched 17000/29596 pending articles...
[2026-07-06 09:15:23] [TASK_2B] [INFO] Enriched 1850/23932 pending articles...
[2026-07-06 09:15:36] [TASK_2B] [INFO] Checkpoint saved after 17000 new articles.
[2026-07-06 09:15:52] [TASK_2B] [INFO] Enriched 1900/23932 pending articles...
[2026-07-06 09:15:52] [TASK_2B] [INFO] Enriched 17050/29596 pending articles...
[2026-07-06 09:16:08] [TASK_2B] [INFO] Checkpoint saved after 1900 new articles.
[2026-07-06 09:16:08] [TASK_2B] [INFO] Checkpoint coverage: 24274/45968 unique URLs with full text (52.81%). Status: {'ok': 24241, 'failed': 11405, 'restricted': 10189, 'fetch_failed': 100, 'partial': 33}. By source: {'cafef': {'total': 19364, 'full_text': 1562, 'coverage_pct': 8.07}, 'kinhtechungkhoan': {'total': 8513, 'full_text': 4640, 'coverage_pct': 54.5}, 'tnck': {'total': 1446, 'full_text': 1446, 'coverage_pct': 100.0}, 'vietnambiz': {'total': 3598, 'full_text': 3598, 'coverage_pct': 100.0}, 'vietstock': {'total': 11285, 'full_text': 11267, 'coverage_pct': 99.84}, 'vnexpress': {'total': 1762, 'full_text': 1761, 'coverage_pct': 99.94}}
[2026-07-06 09:16:19] [TASK_2B] [INFO] Enriched 17100/29596 pending articles...
[2026-07-06 09:16:29] [TASK_2B] [INFO] Enriched 1950/23932 pending articles...
[2026-07-06 09:16:34] [TASK_2B] [INFO] Checkpoint saved after 17100 new articles.
[2026-07-06 09:17:01] [TASK_2B] [INFO] Enriched 17150/29596 pending articles...
[2026-07-06 09:17:09] [TASK_2B] [INFO] Enriched 2000/23932 pending articles...
[2026-07-06 09:17:27] [TASK_2B] [INFO] Checkpoint saved after 2000 new articles.
[2026-07-06 09:17:27] [TASK_2B] [INFO] Checkpoint coverage: 24313/45968 unique URLs with full text (52.89%). Status: {'ok': 24275, 'failed': 11366, 'restricted': 10189, 'fetch_failed': 100, 'partial': 38}. By source: {'cafef': {'total': 19364, 'full_text': 1567, 'coverage_pct': 8.09}, 'kinhtechungkhoan': {'total': 8513, 'full_text': 4674, 'coverage_pct': 54.9}, 'tnck': {'total': 1446, 'full_text': 1446, 'coverage_pct': 100.0}, 'vietnambiz': {'total': 3598, 'full_text': 3598, 'coverage_pct': 100.0}, 'vietstock': {'total': 11285, 'full_text': 11267, 'coverage_pct': 99.84}, 'vnexpress': {'total': 1762, 'full_text': 1761, 'coverage_pct': 99.94}}
[2026-07-06 09:17:33] [TASK_2B] [INFO] Enriched 17200/29596 pending articles...
[2026-07-06 09:17:42] [TASK_2B] [INFO] Enriched 2050/23932 pending articles...
[2026-07-06 09:17:50] [TASK_2B] [INFO] Checkpoint saved after 17200 new articles.
[2026-07-06 09:18:07] [TASK_2B] [INFO] Enriched 2100/23932 pending articles...
[2026-07-06 09:18:11] [TASK_2B] [INFO] Enriched 17250/29596 pending articles...
[2026-07-06 09:18:24] [TASK_2B] [INFO] Checkpoint saved after 2100 new articles.
[2026-07-06 09:18:24] [TASK_2B] [INFO] Checkpoint coverage: 24341/45968 unique URLs with full text (52.95%). Status: {'ok': 24303, 'failed': 11338, 'restricted': 10189, 'fetch_failed': 100, 'partial': 38}. By source: {'cafef': {'total': 19364, 'full_text': 1567, 'coverage_pct': 8.09}, 'kinhtechungkhoan': {'total': 8513, 'full_text': 4702, 'coverage_pct': 55.23}, 'tnck': {'total': 1446, 'full_text': 1446, 'coverage_pct': 100.0}, 'vietnambiz': {'total': 3598, 'full_text': 3598, 'coverage_pct': 100.0}, 'vietstock': {'total': 11285, 'full_text': 11267, 'coverage_pct': 99.84}, 'vnexpress': {'total': 1762, 'full_text': 1761, 'coverage_pct': 99.94}}
[2026-07-06 09:18:35] [TASK_2B] [INFO] Enriched 17300/29596 pending articles...
[2026-07-06 09:18:38] [TASK_2B] [INFO] Enriched 2150/23932 pending articles...
[2026-07-06 09:18:55] [TASK_2B] [INFO] Checkpoint saved after 17300 new articles.
[2026-07-06 09:19:01] [TASK_2B] [INFO] Enriched 2200/23932 pending articles...
[2026-07-06 09:19:07] [TASK_2B] [INFO] Enriched 17350/29596 pending articles...
[2026-07-06 09:19:21] [TASK_2B] [INFO] Checkpoint saved after 2200 new articles.
[2026-07-06 09:19:21] [TASK_2B] [INFO] Checkpoint coverage: 24372/45968 unique URLs with full text (53.02%). Status: {'ok': 24334, 'failed': 11307, 'restricted': 10189, 'fetch_failed': 100, 'partial': 38}. By source: {'cafef': {'total': 19364, 'full_text': 1567, 'coverage_pct': 8.09}, 'kinhtechungkhoan': {'total': 8513, 'full_text': 4733, 'coverage_pct': 55.6}, 'tnck': {'total': 1446, 'full_text': 1446, 'coverage_pct': 100.0}, 'vietnambiz': {'total': 3598, 'full_text': 3598, 'coverage_pct': 100.0}, 'vietstock': {'total': 11285, 'full_text': 11267, 'coverage_pct': 99.84}, 'vnexpress': {'total': 1762, 'full_text': 1761, 'coverage_pct': 99.94}}
[2026-07-06 09:19:32] [TASK_2B] [INFO] Enriched 17400/29596 pending articles...
[2026-07-06 09:19:32] [TASK_2B] [INFO] Enriched 2250/23932 pending articles...
[2026-07-06 09:19:49] [TASK_2B] [INFO] Checkpoint saved after 17400 new articles.
[2026-07-06 09:20:02] [TASK_2B] [INFO] Enriched 2300/23932 pending articles...
[2026-07-06 09:20:08] [TASK_2B] [INFO] Enriched 17450/29596 pending articles...
[2026-07-06 09:20:19] [TASK_2B] [INFO] Checkpoint saved after 2300 new articles.
[2026-07-06 09:20:19] [TASK_2B] [INFO] Checkpoint coverage: 24409/45968 unique URLs with full text (53.10%). Status: {'ok': 24370, 'failed': 11270, 'restricted': 10189, 'fetch_failed': 100, 'partial': 39}. By source: {'cafef': {'total': 19364, 'full_text': 1568, 'coverage_pct': 8.1}, 'kinhtechungkhoan': {'total': 8513, 'full_text': 4769, 'coverage_pct': 56.02}, 'tnck': {'total': 1446, 'full_text': 1446, 'coverage_pct': 100.0}, 'vietnambiz': {'total': 3598, 'full_text': 3598, 'coverage_pct': 100.0}, 'vietstock': {'total': 11285, 'full_text': 11267, 'coverage_pct': 99.84}, 'vnexpress': {'total': 1762, 'full_text': 1761, 'coverage_pct': 99.94}}
[2026-07-06 09:20:35] [TASK_2B] [INFO] Enriched 17500/29596 pending articles...
[2026-07-06 09:20:36] [TASK_2B] [INFO] Enriched 2350/23932 pending articles...
[2026-07-06 09:20:52] [TASK_2B] [INFO] Checkpoint saved after 17500 new articles.
[2026-07-06 09:20:58] [TASK_2B] [INFO] Enriched 2400/23932 pending articles...
[2026-07-06 09:21:07] [TASK_2B] [INFO] Enriched 17550/29596 pending articles...
[2026-07-06 09:21:16] [TASK_2B] [INFO] Checkpoint saved after 2400 new articles.
[2026-07-06 09:21:16] [TASK_2B] [INFO] Checkpoint coverage: 24442/45968 unique URLs with full text (53.17%). Status: {'ok': 24402, 'failed': 11237, 'restricted': 10189, 'fetch_failed': 100, 'partial': 40}. By source: {'cafef': {'total': 19364, 'full_text': 1569, 'coverage_pct': 8.1}, 'kinhtechungkhoan': {'total': 8513, 'full_text': 4801, 'coverage_pct': 56.4}, 'tnck': {'total': 1446, 'full_text': 1446, 'coverage_pct': 100.0}, 'vietnambiz': {'total': 3598, 'full_text': 3598, 'coverage_pct': 100.0}, 'vietstock': {'total': 11285, 'full_text': 11267, 'coverage_pct': 99.84}, 'vnexpress': {'total': 1762, 'full_text': 1761, 'coverage_pct': 99.94}}
[2026-07-06 09:21:30] [TASK_2B] [INFO] Enriched 2450/23932 pending articles...
[2026-07-06 09:21:39] [TASK_2B] [INFO] Enriched 17600/29596 pending articles...
[2026-07-06 09:21:55] [TASK_2B] [INFO] Checkpoint saved after 17600 new articles.
[2026-07-06 09:21:59] [TASK_2B] [INFO] Enriched 2500/23932 pending articles...
[2026-07-06 09:22:16] [TASK_2B] [INFO] Checkpoint saved after 2500 new articles.
[2026-07-06 09:22:16] [TASK_2B] [INFO] Checkpoint coverage: 24465/45968 unique URLs with full text (53.22%). Status: {'ok': 24425, 'failed': 11214, 'restricted': 10189, 'fetch_failed': 100, 'partial': 40}. By source: {'cafef': {'total': 19364, 'full_text': 1569, 'coverage_pct': 8.1}, 'kinhtechungkhoan': {'total': 8513, 'full_text': 4824, 'coverage_pct': 56.67}, 'tnck': {'total': 1446, 'full_text': 1446, 'coverage_pct': 100.0}, 'vietnambiz': {'total': 3598, 'full_text': 3598, 'coverage_pct': 100.0}, 'vietstock': {'total': 11285, 'full_text': 11267, 'coverage_pct': 99.84}, 'vnexpress': {'total': 1762, 'full_text': 1761, 'coverage_pct': 99.94}}
[2026-07-06 09:22:21] [TASK_2B] [INFO] Enriched 17650/29596 pending articles...
[2026-07-06 09:22:38] [TASK_2B] [INFO] Enriched 2550/23932 pending articles...
[2026-07-06 09:22:59] [TASK_2B] [INFO] Enriched 17700/29596 pending articles...
[2026-07-06 09:23:07] [TASK_2B] [INFO] Enriched 2600/23932 pending articles...
[2026-07-06 09:23:17] [TASK_2B] [INFO] Checkpoint saved after 17700 new articles.
[2026-07-06 09:23:26] [TASK_2B] [INFO] Checkpoint saved after 2600 new articles.
[2026-07-06 09:23:26] [TASK_2B] [INFO] Checkpoint coverage: 24494/45968 unique URLs with full text (53.28%). Status: {'ok': 24450, 'failed': 11185, 'restricted': 10189, 'fetch_failed': 100, 'partial': 44}. By source: {'cafef': {'total': 19364, 'full_text': 1573, 'coverage_pct': 8.12}, 'kinhtechungkhoan': {'total': 8513, 'full_text': 4849, 'coverage_pct': 56.96}, 'tnck': {'total': 1446, 'full_text': 1446, 'coverage_pct': 100.0}, 'vietnambiz': {'total': 3598, 'full_text': 3598, 'coverage_pct': 100.0}, 'vietstock': {'total': 11285, 'full_text': 11267, 'coverage_pct': 99.84}, 'vnexpress': {'total': 1762, 'full_text': 1761, 'coverage_pct': 99.94}}
[2026-07-06 09:23:32] [TASK_2B] [INFO] Enriched 17750/29596 pending articles...
[2026-07-06 09:24:06] [TASK_2B] [INFO] Enriched 2650/23932 pending articles...
[2026-07-06 09:24:11] [TASK_2B] [INFO] Enriched 17800/29596 pending articles...
[2026-07-06 09:24:27] [TASK_2B] [INFO] Checkpoint saved after 17800 new articles.
[2026-07-06 09:24:34] [TASK_2B] [INFO] Enriched 2700/23932 pending articles...
[2026-07-06 09:24:47] [TASK_2B] [INFO] Enriched 17850/29596 pending articles...
[2026-07-06 09:24:51] [TASK_2B] [INFO] Checkpoint saved after 2700 new articles.
[2026-07-06 09:24:51] [TASK_2B] [INFO] Checkpoint coverage: 24536/45968 unique URLs with full text (53.38%). Status: {'ok': 24480, 'failed': 11143, 'restricted': 10189, 'fetch_failed': 100, 'partial': 56}. By source: {'cafef': {'total': 19364, 'full_text': 1585, 'coverage_pct': 8.19}, 'kinhtechungkhoan': {'total': 8513, 'full_text': 4879, 'coverage_pct': 57.31}, 'tnck': {'total': 1446, 'full_text': 1446, 'coverage_pct': 100.0}, 'vietnambiz': {'total': 3598, 'full_text': 3598, 'coverage_pct': 100.0}, 'vietstock': {'total': 11285, 'full_text': 11267, 'coverage_pct': 99.84}, 'vnexpress': {'total': 1762, 'full_text': 1761, 'coverage_pct': 99.94}}
[2026-07-06 09:25:10] [TASK_2B] [INFO] Enriched 2750/23932 pending articles...
[2026-07-06 09:25:20] [TASK_2B] [INFO] Enriched 17900/29596 pending articles...
[2026-07-06 09:25:37] [TASK_2B] [INFO] Checkpoint saved after 17900 new articles.
[2026-07-06 09:25:43] [TASK_2B] [INFO] Enriched 2800/23932 pending articles...
[2026-07-06 09:25:53] [TASK_2B] [INFO] Enriched 17950/29596 pending articles...
[2026-07-06 09:26:01] [TASK_2B] [INFO] Checkpoint saved after 2800 new articles.
[2026-07-06 09:26:01] [TASK_2B] [INFO] Checkpoint coverage: 24567/45968 unique URLs with full text (53.44%). Status: {'ok': 24508, 'failed': 11112, 'restricted': 10189, 'fetch_failed': 100, 'partial': 59}. By source: {'cafef': {'total': 19364, 'full_text': 1588, 'coverage_pct': 8.2}, 'kinhtechungkhoan': {'total': 8513, 'full_text': 4907, 'coverage_pct': 57.64}, 'tnck': {'total': 1446, 'full_text': 1446, 'coverage_pct': 100.0}, 'vietnambiz': {'total': 3598, 'full_text': 3598, 'coverage_pct': 100.0}, 'vietstock': {'total': 11285, 'full_text': 11267, 'coverage_pct': 99.84}, 'vnexpress': {'total': 1762, 'full_text': 1761, 'coverage_pct': 99.94}}
[2026-07-06 09:26:19] [TASK_2B] [INFO] Enriched 18000/29596 pending articles...
[2026-07-06 09:26:20] [TASK_2B] [INFO] Enriched 2850/23932 pending articles...
[2026-07-06 09:26:35] [TASK_2B] [INFO] Checkpoint saved after 18000 new articles.
[2026-07-06 09:26:55] [TASK_2B] [INFO] Enriched 2900/23932 pending articles...
[2026-07-06 09:27:01] [TASK_2B] [INFO] Enriched 18050/29596 pending articles...
[2026-07-06 09:27:12] [TASK_2B] [INFO] Checkpoint saved after 2900 new articles.
[2026-07-06 09:27:12] [TASK_2B] [INFO] Checkpoint coverage: 24599/45968 unique URLs with full text (53.51%). Status: {'ok': 24534, 'failed': 11080, 'restricted': 10189, 'fetch_failed': 100, 'partial': 65}. By source: {'cafef': {'total': 19364, 'full_text': 1594, 'coverage_pct': 8.23}, 'kinhtechungkhoan': {'total': 8513, 'full_text': 4933, 'coverage_pct': 57.95}, 'tnck': {'total': 1446, 'full_text': 1446, 'coverage_pct': 100.0}, 'vietnambiz': {'total': 3598, 'full_text': 3598, 'coverage_pct': 100.0}, 'vietstock': {'total': 11285, 'full_text': 11267, 'coverage_pct': 99.84}, 'vnexpress': {'total': 1762, 'full_text': 1761, 'coverage_pct': 99.94}}
[2026-07-06 09:27:26] [TASK_2B] [INFO] Enriched 18100/29596 pending articles...
[2026-07-06 09:27:37] [TASK_2B] [INFO] Enriched 2950/23932 pending articles...
[2026-07-06 09:27:43] [TASK_2B] [INFO] Checkpoint saved after 18100 new articles.
[2026-07-06 09:27:59] [TASK_2B] [INFO] Enriched 18150/29596 pending articles...
[2026-07-06 09:28:06] [TASK_2B] [INFO] Enriched 3000/23932 pending articles...
[2026-07-06 09:28:23] [TASK_2B] [INFO] Checkpoint saved after 3000 new articles.
[2026-07-06 09:28:23] [TASK_2B] [INFO] Checkpoint coverage: 24631/45968 unique URLs with full text (53.58%). Status: {'ok': 24566, 'failed': 11048, 'restricted': 10189, 'fetch_failed': 100, 'partial': 65}. By source: {'cafef': {'total': 19364, 'full_text': 1594, 'coverage_pct': 8.23}, 'kinhtechungkhoan': {'total': 8513, 'full_text': 4965, 'coverage_pct': 58.32}, 'tnck': {'total': 1446, 'full_text': 1446, 'coverage_pct': 100.0}, 'vietnambiz': {'total': 3598, 'full_text': 3598, 'coverage_pct': 100.0}, 'vietstock': {'total': 11285, 'full_text': 11267, 'coverage_pct': 99.84}, 'vnexpress': {'total': 1762, 'full_text': 1761, 'coverage_pct': 99.94}}
[2026-07-06 09:28:27] [TASK_2B] [INFO] Enriched 18200/29596 pending articles...
[2026-07-06 09:28:38] [TASK_2B] [INFO] Enriched 3050/23932 pending articles...
[2026-07-06 09:28:45] [TASK_2B] [INFO] Checkpoint saved after 18200 new articles.
[2026-07-06 09:29:01] [TASK_2B] [INFO] Enriched 18250/29596 pending articles...
[2026-07-06 09:29:08] [TASK_2B] [INFO] Enriched 3100/23932 pending articles...
[2026-07-06 09:29:24] [TASK_2B] [INFO] Checkpoint saved after 3100 new articles.
[2026-07-06 09:29:24] [TASK_2B] [INFO] Checkpoint coverage: 24658/45968 unique URLs with full text (53.64%). Status: {'ok': 24592, 'failed': 11021, 'restricted': 10189, 'fetch_failed': 100, 'partial': 66}. By source: {'cafef': {'total': 19364, 'full_text': 1595, 'coverage_pct': 8.24}, 'kinhtechungkhoan': {'total': 8513, 'full_text': 4991, 'coverage_pct': 58.63}, 'tnck': {'total': 1446, 'full_text': 1446, 'coverage_pct': 100.0}, 'vietnambiz': {'total': 3598, 'full_text': 3598, 'coverage_pct': 100.0}, 'vietstock': {'total': 11285, 'full_text': 11267, 'coverage_pct': 99.84}, 'vnexpress': {'total': 1762, 'full_text': 1761, 'coverage_pct': 99.94}}
[2026-07-06 09:29:27] [TASK_2B] [INFO] Enriched 18300/29596 pending articles...
[2026-07-06 09:29:41] [TASK_2B] [INFO] Enriched 3150/23932 pending articles...
[2026-07-06 09:29:44] [TASK_2B] [INFO] Checkpoint saved after 18300 new articles.
[2026-07-06 09:30:05] [TASK_2B] [INFO] Enriched 18350/29596 pending articles...
[2026-07-06 09:30:11] [TASK_2B] [INFO] Enriched 3200/23932 pending articles...
[2026-07-06 09:30:27] [TASK_2B] [INFO] Checkpoint saved after 3200 new articles.
[2026-07-06 09:30:27] [TASK_2B] [INFO] Checkpoint coverage: 24682/45968 unique URLs with full text (53.69%). Status: {'ok': 24615, 'failed': 10997, 'restricted': 10189, 'fetch_failed': 100, 'partial': 67}. By source: {'cafef': {'total': 19364, 'full_text': 1596, 'coverage_pct': 8.24}, 'kinhtechungkhoan': {'total': 8513, 'full_text': 5014, 'coverage_pct': 58.9}, 'tnck': {'total': 1446, 'full_text': 1446, 'coverage_pct': 100.0}, 'vietnambiz': {'total': 3598, 'full_text': 3598, 'coverage_pct': 100.0}, 'vietstock': {'total': 11285, 'full_text': 11267, 'coverage_pct': 99.84}, 'vnexpress': {'total': 1762, 'full_text': 1761, 'coverage_pct': 99.94}}
[2026-07-06 09:30:34] [TASK_2B] [INFO] Enriched 18400/29596 pending articles...
[2026-07-06 09:30:43] [TASK_2B] [INFO] Enriched 3250/23932 pending articles...
[2026-07-06 09:30:51] [TASK_2B] [INFO] Checkpoint saved after 18400 new articles.
[2026-07-06 09:31:15] [TASK_2B] [INFO] Enriched 3300/23932 pending articles...
[2026-07-06 09:31:16] [TASK_2B] [INFO] Enriched 18450/29596 pending articles...
[2026-07-06 09:31:32] [TASK_2B] [INFO] Checkpoint saved after 3300 new articles.
[2026-07-06 09:31:32] [TASK_2B] [INFO] Checkpoint coverage: 24711/45968 unique URLs with full text (53.76%). Status: {'ok': 24644, 'failed': 10968, 'restricted': 10189, 'fetch_failed': 100, 'partial': 67}. By source: {'cafef': {'total': 19364, 'full_text': 1596, 'coverage_pct': 8.24}, 'kinhtechungkhoan': {'total': 8513, 'full_text': 5043, 'coverage_pct': 59.24}, 'tnck': {'total': 1446, 'full_text': 1446, 'coverage_pct': 100.0}, 'vietnambiz': {'total': 3598, 'full_text': 3598, 'coverage_pct': 100.0}, 'vietstock': {'total': 11285, 'full_text': 11267, 'coverage_pct': 99.84}, 'vnexpress': {'total': 1762, 'full_text': 1761, 'coverage_pct': 99.94}}
[2026-07-06 09:31:46] [TASK_2B] [INFO] Enriched 18500/29596 pending articles...
[2026-07-06 09:31:48] [TASK_2B] [INFO] Enriched 3350/23932 pending articles...
[2026-07-06 09:32:04] [TASK_2B] [INFO] Checkpoint saved after 18500 new articles.
[2026-07-06 09:32:12] [TASK_2B] [INFO] Enriched 3400/23932 pending articles...
[2026-07-06 09:32:21] [TASK_2B] [INFO] Enriched 18550/29596 pending articles...
[2026-07-06 09:32:30] [TASK_2B] [INFO] Checkpoint saved after 3400 new articles.
[2026-07-06 09:32:30] [TASK_2B] [INFO] Checkpoint coverage: 24745/45968 unique URLs with full text (53.83%). Status: {'ok': 24678, 'failed': 10934, 'restricted': 10189, 'fetch_failed': 100, 'partial': 67}. By source: {'cafef': {'total': 19364, 'full_text': 1596, 'coverage_pct': 8.24}, 'kinhtechungkhoan': {'total': 8513, 'full_text': 5077, 'coverage_pct': 59.64}, 'tnck': {'total': 1446, 'full_text': 1446, 'coverage_pct': 100.0}, 'vietnambiz': {'total': 3598, 'full_text': 3598, 'coverage_pct': 100.0}, 'vietstock': {'total': 11285, 'full_text': 11267, 'coverage_pct': 99.84}, 'vnexpress': {'total': 1762, 'full_text': 1761, 'coverage_pct': 99.94}}
[2026-07-06 09:32:44] [TASK_2B] [INFO] Enriched 3450/23932 pending articles...
[2026-07-06 09:32:45] [TASK_2B] [INFO] Enriched 18600/29596 pending articles...
[2026-07-06 09:33:03] [TASK_2B] [INFO] Checkpoint saved after 18600 new articles.
[2026-07-06 09:33:09] [TASK_2B] [INFO] Enriched 3500/23932 pending articles...
[2026-07-06 09:33:20] [TASK_2B] [INFO] Enriched 18650/29596 pending articles...
[2026-07-06 09:33:28] [TASK_2B] [INFO] Checkpoint saved after 3500 new articles.
[2026-07-06 09:33:28] [TASK_2B] [INFO] Checkpoint coverage: 24783/45968 unique URLs with full text (53.91%). Status: {'ok': 24715, 'failed': 10896, 'restricted': 10189, 'fetch_failed': 100, 'partial': 68}. By source: {'cafef': {'total': 19364, 'full_text': 1597, 'coverage_pct': 8.25}, 'kinhtechungkhoan': {'total': 8513, 'full_text': 5114, 'coverage_pct': 60.07}, 'tnck': {'total': 1446, 'full_text': 1446, 'coverage_pct': 100.0}, 'vietnambiz': {'total': 3598, 'full_text': 3598, 'coverage_pct': 100.0}, 'vietstock': {'total': 11285, 'full_text': 11267, 'coverage_pct': 99.84}, 'vnexpress': {'total': 1762, 'full_text': 1761, 'coverage_pct': 99.94}}
[2026-07-06 09:33:41] [TASK_2B] [INFO] Enriched 3550/23932 pending articles...
[2026-07-06 09:34:02] [TASK_2B] [INFO] Enriched 18700/29596 pending articles...
[2026-07-06 09:34:07] [TASK_2B] [INFO] Enriched 3600/23932 pending articles...
[2026-07-06 09:34:21] [TASK_2B] [INFO] Checkpoint saved after 18700 new articles.
[2026-07-06 09:34:26] [TASK_2B] [INFO] Checkpoint saved after 3600 new articles.
[2026-07-06 09:34:26] [TASK_2B] [INFO] Checkpoint coverage: 24817/45968 unique URLs with full text (53.99%). Status: {'ok': 24749, 'failed': 10862, 'restricted': 10189, 'fetch_failed': 100, 'partial': 68}. By source: {'cafef': {'total': 19364, 'full_text': 1597, 'coverage_pct': 8.25}, 'kinhtechungkhoan': {'total': 8513, 'full_text': 5148, 'coverage_pct': 60.47}, 'tnck': {'total': 1446, 'full_text': 1446, 'coverage_pct': 100.0}, 'vietnambiz': {'total': 3598, 'full_text': 3598, 'coverage_pct': 100.0}, 'vietstock': {'total': 11285, 'full_text': 11267, 'coverage_pct': 99.84}, 'vnexpress': {'total': 1762, 'full_text': 1761, 'coverage_pct': 99.94}}
[2026-07-06 09:34:35] [TASK_2B] [INFO] Enriched 18750/29596 pending articles...
[2026-07-06 09:34:44] [TASK_2B] [INFO] Enriched 3650/23932 pending articles...
[2026-07-06 09:35:00] [TASK_2B] [INFO] Enriched 18800/29596 pending articles...
[2026-07-06 09:35:06] [TASK_2B] [INFO] Enriched 3700/23932 pending articles...
[2026-07-06 09:35:19] [TASK_2B] [INFO] Checkpoint saved after 18800 new articles.
[2026-07-06 09:35:24] [TASK_2B] [INFO] Checkpoint saved after 3700 new articles.
[2026-07-06 09:35:24] [TASK_2B] [INFO] Checkpoint coverage: 24856/45968 unique URLs with full text (54.07%). Status: {'ok': 24787, 'failed': 10823, 'restricted': 10189, 'fetch_failed': 100, 'partial': 69}. By source: {'cafef': {'total': 19364, 'full_text': 1598, 'coverage_pct': 8.25}, 'kinhtechungkhoan': {'total': 8513, 'full_text': 5186, 'coverage_pct': 60.92}, 'tnck': {'total': 1446, 'full_text': 1446, 'coverage_pct': 100.0}, 'vietnambiz': {'total': 3598, 'full_text': 3598, 'coverage_pct': 100.0}, 'vietstock': {'total': 11285, 'full_text': 11267, 'coverage_pct': 99.84}, 'vnexpress': {'total': 1762, 'full_text': 1761, 'coverage_pct': 99.94}}
[2026-07-06 09:35:34] [TASK_2B] [INFO] Enriched 18850/29596 pending articles...
[2026-07-06 09:35:47] [TASK_2B] [INFO] Enriched 3750/23932 pending articles...
[2026-07-06 09:36:02] [TASK_2B] [INFO] Enriched 18900/29596 pending articles...
[2026-07-06 09:36:14] [TASK_2B] [INFO] Enriched 3800/23932 pending articles...
[2026-07-06 09:36:19] [TASK_2B] [INFO] Checkpoint saved after 18900 new articles.
[2026-07-06 09:36:33] [TASK_2B] [INFO] Checkpoint saved after 3800 new articles.
[2026-07-06 09:36:33] [TASK_2B] [INFO] Checkpoint coverage: 24896/45968 unique URLs with full text (54.16%). Status: {'ok': 24823, 'failed': 10783, 'restricted': 10189, 'fetch_failed': 100, 'partial': 73}. By source: {'cafef': {'total': 19364, 'full_text': 1602, 'coverage_pct': 8.27}, 'kinhtechungkhoan': {'total': 8513, 'full_text': 5222, 'coverage_pct': 61.34}, 'tnck': {'total': 1446, 'full_text': 1446, 'coverage_pct': 100.0}, 'vietnambiz': {'total': 3598, 'full_text': 3598, 'coverage_pct': 100.0}, 'vietstock': {'total': 11285, 'full_text': 11267, 'coverage_pct': 99.84}, 'vnexpress': {'total': 1762, 'full_text': 1761, 'coverage_pct': 99.94}}
[2026-07-06 09:36:46] [TASK_2B] [INFO] Enriched 18950/29596 pending articles...
[2026-07-06 09:36:48] [TASK_2B] [INFO] Enriched 3850/23932 pending articles...
[2026-07-06 09:37:18] [TASK_2B] [INFO] Enriched 19000/29596 pending articles...
[2026-07-06 09:37:26] [TASK_2B] [INFO] Enriched 3900/23932 pending articles...
[2026-07-06 09:37:34] [TASK_2B] [INFO] Checkpoint saved after 19000 new articles.
[2026-07-06 09:37:44] [TASK_2B] [INFO] Checkpoint saved after 3900 new articles.
[2026-07-06 09:37:44] [TASK_2B] [INFO] Checkpoint coverage: 24928/45968 unique URLs with full text (54.23%). Status: {'ok': 24852, 'failed': 10751, 'restricted': 10189, 'fetch_failed': 100, 'partial': 76}. By source: {'cafef': {'total': 19364, 'full_text': 1605, 'coverage_pct': 8.29}, 'kinhtechungkhoan': {'total': 8513, 'full_text': 5251, 'coverage_pct': 61.68}, 'tnck': {'total': 1446, 'full_text': 1446, 'coverage_pct': 100.0}, 'vietnambiz': {'total': 3598, 'full_text': 3598, 'coverage_pct': 100.0}, 'vietstock': {'total': 11285, 'full_text': 11267, 'coverage_pct': 99.84}, 'vnexpress': {'total': 1762, 'full_text': 1761, 'coverage_pct': 99.94}}
[2026-07-06 09:37:56] [TASK_2B] [INFO] Enriched 19050/29596 pending articles...
[2026-07-06 09:38:06] [TASK_2B] [INFO] Enriched 3950/23932 pending articles...
[2026-07-06 09:38:34] [TASK_2B] [INFO] Enriched 19100/29596 pending articles...
[2026-07-06 09:38:36] [TASK_2B] [INFO] Enriched 4000/23932 pending articles...
[2026-07-06 09:38:53] [TASK_2B] [INFO] Checkpoint saved after 19100 new articles.
[2026-07-06 09:38:54] [TASK_2B] [INFO] Checkpoint saved after 4000 new articles.
[2026-07-06 09:38:54] [TASK_2B] [INFO] Checkpoint coverage: 24957/45968 unique URLs with full text (54.29%). Status: {'ok': 24879, 'failed': 10722, 'restricted': 10189, 'fetch_failed': 100, 'partial': 78}. By source: {'cafef': {'total': 19364, 'full_text': 1607, 'coverage_pct': 8.3}, 'kinhtechungkhoan': {'total': 8513, 'full_text': 5278, 'coverage_pct': 62.0}, 'tnck': {'total': 1446, 'full_text': 1446, 'coverage_pct': 100.0}, 'vietnambiz': {'total': 3598, 'full_text': 3598, 'coverage_pct': 100.0}, 'vietstock': {'total': 11285, 'full_text': 11267, 'coverage_pct': 99.84}, 'vnexpress': {'total': 1762, 'full_text': 1761, 'coverage_pct': 99.94}}
[2026-07-06 09:39:10] [TASK_2B] [INFO] Enriched 19150/29596 pending articles...
[2026-07-06 09:39:10] [TASK_2B] [INFO] Enriched 4050/23932 pending articles...
[2026-07-06 09:39:37] [TASK_2B] [INFO] Enriched 19200/29596 pending articles...
[2026-07-06 09:39:44] [TASK_2B] [INFO] Enriched 4100/23932 pending articles...
[2026-07-06 09:39:57] [TASK_2B] [INFO] Checkpoint saved after 19200 new articles.
[2026-07-06 09:40:08] [TASK_2B] [INFO] Checkpoint saved after 4100 new articles.
[2026-07-06 09:40:08] [TASK_2B] [INFO] Checkpoint coverage: 24991/45968 unique URLs with full text (54.37%). Status: {'ok': 24912, 'failed': 10688, 'restricted': 10189, 'fetch_failed': 100, 'partial': 79}. By source: {'cafef': {'total': 19364, 'full_text': 1608, 'coverage_pct': 8.3}, 'kinhtechungkhoan': {'total': 8513, 'full_text': 5311, 'coverage_pct': 62.39}, 'tnck': {'total': 1446, 'full_text': 1446, 'coverage_pct': 100.0}, 'vietnambiz': {'total': 3598, 'full_text': 3598, 'coverage_pct': 100.0}, 'vietstock': {'total': 11285, 'full_text': 11267, 'coverage_pct': 99.84}, 'vnexpress': {'total': 1762, 'full_text': 1761, 'coverage_pct': 99.94}}
[2026-07-06 09:40:10] [TASK_2B] [INFO] Enriched 19250/29596 pending articles...
[2026-07-06 09:40:17] [TASK_2B] [INFO] Enriched 4150/23932 pending articles...
[2026-07-06 09:40:37] [TASK_2B] [INFO] Enriched 19300/29596 pending articles...
[2026-07-06 09:40:41] [TASK_2B] [INFO] Enriched 4200/23932 pending articles...
[2026-07-06 09:40:57] [TASK_2B] [INFO] Checkpoint saved after 19300 new articles.
[2026-07-06 09:41:02] [TASK_2B] [INFO] Checkpoint saved after 4200 new articles.
[2026-07-06 09:41:02] [TASK_2B] [INFO] Checkpoint coverage: 25033/45968 unique URLs with full text (54.46%). Status: {'ok': 24948, 'failed': 10646, 'restricted': 10189, 'fetch_failed': 100, 'partial': 85}. By source: {'cafef': {'total': 19364, 'full_text': 1614, 'coverage_pct': 8.34}, 'kinhtechungkhoan': {'total': 8513, 'full_text': 5347, 'coverage_pct': 62.81}, 'tnck': {'total': 1446, 'full_text': 1446, 'coverage_pct': 100.0}, 'vietnambiz': {'total': 3598, 'full_text': 3598, 'coverage_pct': 100.0}, 'vietstock': {'total': 11285, 'full_text': 11267, 'coverage_pct': 99.84}, 'vnexpress': {'total': 1762, 'full_text': 1761, 'coverage_pct': 99.94}}
[2026-07-06 09:41:11] [TASK_2B] [INFO] Enriched 19350/29596 pending articles...
[2026-07-06 09:41:12] [TASK_2B] [INFO] Enriched 4250/23932 pending articles...
[2026-07-06 09:41:37] [TASK_2B] [INFO] Enriched 19400/29596 pending articles...
[2026-07-06 09:41:40] [TASK_2B] [INFO] Enriched 4300/23932 pending articles...
[2026-07-06 09:41:57] [TASK_2B] [INFO] Checkpoint saved after 19400 new articles.
[2026-07-06 09:42:00] [TASK_2B] [INFO] Checkpoint saved after 4300 new articles.
[2026-07-06 09:42:00] [TASK_2B] [INFO] Checkpoint coverage: 25077/45968 unique URLs with full text (54.55%). Status: {'ok': 24987, 'failed': 10602, 'restricted': 10189, 'fetch_failed': 100, 'partial': 90}. By source: {'cafef': {'total': 19364, 'full_text': 1619, 'coverage_pct': 8.36}, 'kinhtechungkhoan': {'total': 8513, 'full_text': 5386, 'coverage_pct': 63.27}, 'tnck': {'total': 1446, 'full_text': 1446, 'coverage_pct': 100.0}, 'vietnambiz': {'total': 3598, 'full_text': 3598, 'coverage_pct': 100.0}, 'vietstock': {'total': 11285, 'full_text': 11267, 'coverage_pct': 99.84}, 'vnexpress': {'total': 1762, 'full_text': 1761, 'coverage_pct': 99.94}}
[2026-07-06 09:42:07] [TASK_2B] [INFO] Enriched 19450/29596 pending articles...
[2026-07-06 09:42:15] [TASK_2B] [INFO] Enriched 4350/23932 pending articles...
[2026-07-06 09:42:32] [TASK_2B] [INFO] Enriched 19500/29596 pending articles...
[2026-07-06 09:42:42] [TASK_2B] [INFO] Enriched 4400/23932 pending articles...
[2026-07-06 09:42:49] [TASK_2B] [INFO] Checkpoint saved after 19500 new articles.
[2026-07-06 09:43:00] [TASK_2B] [INFO] Checkpoint saved after 4400 new articles.
[2026-07-06 09:43:00] [TASK_2B] [INFO] Checkpoint coverage: 25116/45968 unique URLs with full text (54.64%). Status: {'ok': 25025, 'failed': 10563, 'restricted': 10189, 'fetch_failed': 100, 'partial': 91}. By source: {'cafef': {'total': 19364, 'full_text': 1620, 'coverage_pct': 8.37}, 'kinhtechungkhoan': {'total': 8513, 'full_text': 5424, 'coverage_pct': 63.71}, 'tnck': {'total': 1446, 'full_text': 1446, 'coverage_pct': 100.0}, 'vietnambiz': {'total': 3598, 'full_text': 3598, 'coverage_pct': 100.0}, 'vietstock': {'total': 11285, 'full_text': 11267, 'coverage_pct': 99.84}, 'vnexpress': {'total': 1762, 'full_text': 1761, 'coverage_pct': 99.94}}
[2026-07-06 09:43:12] [TASK_2B] [INFO] Enriched 19550/29596 pending articles...
[2026-07-06 09:43:36] [TASK_2B] [INFO] Enriched 4450/23932 pending articles...
[2026-07-06 09:43:39] [TASK_2B] [INFO] Enriched 19600/29596 pending articles...
[2026-07-06 09:43:56] [TASK_2B] [INFO] Checkpoint saved after 19600 new articles.
[2026-07-06 09:44:04] [TASK_2B] [INFO] Enriched 4500/23932 pending articles...
[2026-07-06 09:44:10] [TASK_2B] [INFO] Enriched 19650/29596 pending articles...
[2026-07-06 09:44:22] [TASK_2B] [INFO] Checkpoint saved after 4500 new articles.
[2026-07-06 09:44:22] [TASK_2B] [INFO] Checkpoint coverage: 25157/45968 unique URLs with full text (54.73%). Status: {'ok': 25064, 'failed': 10522, 'restricted': 10189, 'fetch_failed': 100, 'partial': 93}. By source: {'cafef': {'total': 19364, 'full_text': 1622, 'coverage_pct': 8.38}, 'kinhtechungkhoan': {'total': 8513, 'full_text': 5463, 'coverage_pct': 64.17}, 'tnck': {'total': 1446, 'full_text': 1446, 'coverage_pct': 100.0}, 'vietnambiz': {'total': 3598, 'full_text': 3598, 'coverage_pct': 100.0}, 'vietstock': {'total': 11285, 'full_text': 11267, 'coverage_pct': 99.84}, 'vnexpress': {'total': 1762, 'full_text': 1761, 'coverage_pct': 99.94}}
[2026-07-06 09:44:35] [TASK_2B] [INFO] Enriched 4550/23932 pending articles...
[2026-07-06 09:44:38] [TASK_2B] [INFO] Enriched 19700/29596 pending articles...
[2026-07-06 09:44:55] [TASK_2B] [INFO] Checkpoint saved after 19700 new articles.
[2026-07-06 09:45:06] [TASK_2B] [INFO] Enriched 4600/23932 pending articles...
[2026-07-06 09:45:14] [TASK_2B] [INFO] Enriched 19750/29596 pending articles...
[2026-07-06 09:45:23] [TASK_2B] [INFO] Checkpoint saved after 4600 new articles.
[2026-07-06 09:45:23] [TASK_2B] [INFO] Checkpoint coverage: 25184/45968 unique URLs with full text (54.79%). Status: {'ok': 25090, 'failed': 10495, 'restricted': 10189, 'fetch_failed': 100, 'partial': 94}. By source: {'cafef': {'total': 19364, 'full_text': 1623, 'coverage_pct': 8.38}, 'kinhtechungkhoan': {'total': 8513, 'full_text': 5489, 'coverage_pct': 64.48}, 'tnck': {'total': 1446, 'full_text': 1446, 'coverage_pct': 100.0}, 'vietnambiz': {'total': 3598, 'full_text': 3598, 'coverage_pct': 100.0}, 'vietstock': {'total': 11285, 'full_text': 11267, 'coverage_pct': 99.84}, 'vnexpress': {'total': 1762, 'full_text': 1761, 'coverage_pct': 99.94}}
[2026-07-06 09:45:39] [TASK_2B] [INFO] Enriched 4650/23932 pending articles...
[2026-07-06 09:45:53] [TASK_2B] [INFO] Enriched 19800/29596 pending articles...
[2026-07-06 09:46:08] [TASK_2B] [INFO] Enriched 4700/23932 pending articles...
[2026-07-06 09:46:09] [TASK_2B] [INFO] Checkpoint saved after 19800 new articles.
[2026-07-06 09:46:25] [TASK_2B] [INFO] Checkpoint saved after 4700 new articles.
[2026-07-06 09:46:25] [TASK_2B] [INFO] Checkpoint coverage: 25203/45968 unique URLs with full text (54.83%). Status: {'ok': 25109, 'failed': 10476, 'restricted': 10189, 'fetch_failed': 100, 'partial': 94}. By source: {'cafef': {'total': 19364, 'full_text': 1623, 'coverage_pct': 8.38}, 'kinhtechungkhoan': {'total': 8513, 'full_text': 5508, 'coverage_pct': 64.7}, 'tnck': {'total': 1446, 'full_text': 1446, 'coverage_pct': 100.0}, 'vietnambiz': {'total': 3598, 'full_text': 3598, 'coverage_pct': 100.0}, 'vietstock': {'total': 11285, 'full_text': 11267, 'coverage_pct': 99.84}, 'vnexpress': {'total': 1762, 'full_text': 1761, 'coverage_pct': 99.94}}
[2026-07-06 09:46:33] [TASK_2B] [INFO] Enriched 19850/29596 pending articles...
[2026-07-06 09:46:48] [TASK_2B] [INFO] Enriched 4750/23932 pending articles...
[2026-07-06 09:47:10] [TASK_2B] [INFO] Enriched 19900/29596 pending articles...
[2026-07-06 09:47:14] [TASK_2B] [INFO] Enriched 4800/23932 pending articles...
[2026-07-06 09:47:27] [TASK_2B] [INFO] Checkpoint saved after 19900 new articles.
[2026-07-06 09:47:32] [TASK_2B] [INFO] Checkpoint saved after 4800 new articles.
[2026-07-06 09:47:32] [TASK_2B] [INFO] Checkpoint coverage: 25220/45968 unique URLs with full text (54.86%). Status: {'ok': 25126, 'failed': 10459, 'restricted': 10189, 'fetch_failed': 100, 'partial': 94}. By source: {'cafef': {'total': 19364, 'full_text': 1623, 'coverage_pct': 8.38}, 'kinhtechungkhoan': {'total': 8513, 'full_text': 5525, 'coverage_pct': 64.9}, 'tnck': {'total': 1446, 'full_text': 1446, 'coverage_pct': 100.0}, 'vietnambiz': {'total': 3598, 'full_text': 3598, 'coverage_pct': 100.0}, 'vietstock': {'total': 11285, 'full_text': 11267, 'coverage_pct': 99.84}, 'vnexpress': {'total': 1762, 'full_text': 1761, 'coverage_pct': 99.94}}
[2026-07-06 09:47:47] [TASK_2B] [INFO] Enriched 19950/29596 pending articles...
[2026-07-06 09:47:50] [TASK_2B] [INFO] Enriched 4850/23932 pending articles...
[2026-07-06 09:48:24] [TASK_2B] [INFO] Enriched 4900/23932 pending articles...
[2026-07-06 09:48:27] [TASK_2B] [INFO] Enriched 20000/29596 pending articles...
[2026-07-06 09:48:41] [TASK_2B] [INFO] Checkpoint saved after 4900 new articles.
[2026-07-06 09:48:41] [TASK_2B] [INFO] Checkpoint coverage: 25239/45968 unique URLs with full text (54.91%). Status: {'ok': 25141, 'failed': 10440, 'restricted': 10189, 'fetch_failed': 100, 'partial': 98}. By source: {'cafef': {'total': 19364, 'full_text': 1627, 'coverage_pct': 8.4}, 'kinhtechungkhoan': {'total': 8513, 'full_text': 5540, 'coverage_pct': 65.08}, 'tnck': {'total': 1446, 'full_text': 1446, 'coverage_pct': 100.0}, 'vietnambiz': {'total': 3598, 'full_text': 3598, 'coverage_pct': 100.0}, 'vietstock': {'total': 11285, 'full_text': 11267, 'coverage_pct': 99.84}, 'vnexpress': {'total': 1762, 'full_text': 1761, 'coverage_pct': 99.94}}
[2026-07-06 09:48:45] [TASK_2B] [INFO] Checkpoint saved after 20000 new articles.
[2026-07-06 09:49:04] [TASK_2B] [INFO] Enriched 4950/23932 pending articles...
[2026-07-06 09:49:16] [TASK_2B] [INFO] Enriched 20050/29596 pending articles...
[2026-07-06 09:49:43] [TASK_2B] [INFO] Enriched 5000/23932 pending articles...
[2026-07-06 09:49:49] [TASK_2B] [INFO] Enriched 20100/29596 pending articles...
[2026-07-06 09:50:01] [TASK_2B] [INFO] Checkpoint saved after 5000 new articles.
[2026-07-06 09:50:01] [TASK_2B] [INFO] Checkpoint coverage: 25268/45968 unique URLs with full text (54.97%). Status: {'ok': 25168, 'failed': 10411, 'restricted': 10189, 'partial': 100, 'fetch_failed': 100}. By source: {'cafef': {'total': 19364, 'full_text': 1629, 'coverage_pct': 8.41}, 'kinhtechungkhoan': {'total': 8513, 'full_text': 5567, 'coverage_pct': 65.39}, 'tnck': {'total': 1446, 'full_text': 1446, 'coverage_pct': 100.0}, 'vietnambiz': {'total': 3598, 'full_text': 3598, 'coverage_pct': 100.0}, 'vietstock': {'total': 11285, 'full_text': 11267, 'coverage_pct': 99.84}, 'vnexpress': {'total': 1762, 'full_text': 1761, 'coverage_pct': 99.94}}
[2026-07-06 09:50:08] [TASK_2B] [INFO] Checkpoint saved after 20100 new articles.
[2026-07-06 09:50:26] [TASK_2B] [INFO] Enriched 5050/23932 pending articles...
[2026-07-06 09:50:26] [TASK_2B] [INFO] Enriched 20150/29596 pending articles...
[2026-07-06 09:50:59] [TASK_2B] [INFO] Enriched 20200/29596 pending articles...
[2026-07-06 09:51:00] [TASK_2B] [INFO] Enriched 5100/23932 pending articles...
[2026-07-06 09:51:17] [TASK_2B] [INFO] Checkpoint saved after 20200 new articles.
[2026-07-06 09:51:17] [TASK_2B] [INFO] Checkpoint saved after 5100 new articles.
[2026-07-06 09:51:18] [TASK_2B] [INFO] Checkpoint coverage: 25292/45968 unique URLs with full text (55.02%). Status: {'ok': 25188, 'failed': 10387, 'restricted': 10189, 'partial': 104, 'fetch_failed': 100}. By source: {'cafef': {'total': 19364, 'full_text': 1633, 'coverage_pct': 8.43}, 'kinhtechungkhoan': {'total': 8513, 'full_text': 5587, 'coverage_pct': 65.63}, 'tnck': {'total': 1446, 'full_text': 1446, 'coverage_pct': 100.0}, 'vietnambiz': {'total': 3598, 'full_text': 3598, 'coverage_pct': 100.0}, 'vietstock': {'total': 11285, 'full_text': 11267, 'coverage_pct': 99.84}, 'vnexpress': {'total': 1762, 'full_text': 1761, 'coverage_pct': 99.94}}
[2026-07-06 09:51:40] [TASK_2B] [INFO] Enriched 20250/29596 pending articles...
[2026-07-06 09:51:48] [TASK_2B] [INFO] Enriched 5150/23932 pending articles...
[2026-07-06 09:52:17] [TASK_2B] [INFO] Enriched 20300/29596 pending articles...
[2026-07-06 09:52:23] [TASK_2B] [INFO] Enriched 5200/23932 pending articles...
[2026-07-06 09:52:35] [TASK_2B] [INFO] Checkpoint saved after 20300 new articles.
[2026-07-06 09:52:42] [TASK_2B] [INFO] Checkpoint saved after 5200 new articles.
[2026-07-06 09:52:43] [TASK_2B] [INFO] Checkpoint coverage: 25315/45968 unique URLs with full text (55.07%). Status: {'ok': 25211, 'failed': 10364, 'restricted': 10189, 'partial': 104, 'fetch_failed': 100}. By source: {'cafef': {'total': 19364, 'full_text': 1633, 'coverage_pct': 8.43}, 'kinhtechungkhoan': {'total': 8513, 'full_text': 5610, 'coverage_pct': 65.9}, 'tnck': {'total': 1446, 'full_text': 1446, 'coverage_pct': 100.0}, 'vietnambiz': {'total': 3598, 'full_text': 3598, 'coverage_pct': 100.0}, 'vietstock': {'total': 11285, 'full_text': 11267, 'coverage_pct': 99.84}, 'vnexpress': {'total': 1762, 'full_text': 1761, 'coverage_pct': 99.94}}
[2026-07-06 09:52:50] [TASK_2B] [INFO] Enriched 20350/29596 pending articles...
[2026-07-06 09:52:57] [TASK_2B] [INFO] Enriched 5250/23932 pending articles...
[2026-07-06 09:53:17] [TASK_2B] [INFO] Enriched 20400/29596 pending articles...
[2026-07-06 09:53:33] [TASK_2B] [INFO] Enriched 5300/23932 pending articles...
[2026-07-06 09:53:35] [TASK_2B] [INFO] Checkpoint saved after 20400 new articles.
[2026-07-06 09:53:48] [TASK_2B] [INFO] Enriched 20450/29596 pending articles...
[2026-07-06 09:53:52] [TASK_2B] [INFO] Checkpoint saved after 5300 new articles.
[2026-07-06 09:53:53] [TASK_2B] [INFO] Checkpoint coverage: 25349/45968 unique URLs with full text (55.14%). Status: {'ok': 25244, 'failed': 10330, 'restricted': 10189, 'partial': 105, 'fetch_failed': 100}. By source: {'cafef': {'total': 19364, 'full_text': 1634, 'coverage_pct': 8.44}, 'kinhtechungkhoan': {'total': 8513, 'full_text': 5643, 'coverage_pct': 66.29}, 'tnck': {'total': 1446, 'full_text': 1446, 'coverage_pct': 100.0}, 'vietnambiz': {'total': 3598, 'full_text': 3598, 'coverage_pct': 100.0}, 'vietstock': {'total': 11285, 'full_text': 11267, 'coverage_pct': 99.84}, 'vnexpress': {'total': 1762, 'full_text': 1761, 'coverage_pct': 99.94}}
[2026-07-06 09:54:10] [TASK_2B] [INFO] Enriched 5350/23932 pending articles...
[2026-07-06 09:54:22] [TASK_2B] [INFO] Enriched 20500/29596 pending articles...
[2026-07-06 09:54:36] [TASK_2B] [INFO] Enriched 5400/23932 pending articles...
[2026-07-06 09:54:39] [TASK_2B] [INFO] Checkpoint saved after 20500 new articles.
[2026-07-06 09:54:55] [TASK_2B] [INFO] Enriched 20550/29596 pending articles...
[2026-07-06 09:54:56] [TASK_2B] [INFO] Checkpoint saved after 5400 new articles.
[2026-07-06 09:54:56] [TASK_2B] [INFO] Checkpoint coverage: 25383/45968 unique URLs with full text (55.22%). Status: {'ok': 25278, 'failed': 10296, 'restricted': 10189, 'partial': 105, 'fetch_failed': 100}. By source: {'cafef': {'total': 19364, 'full_text': 1634, 'coverage_pct': 8.44}, 'kinhtechungkhoan': {'total': 8513, 'full_text': 5677, 'coverage_pct': 66.69}, 'tnck': {'total': 1446, 'full_text': 1446, 'coverage_pct': 100.0}, 'vietnambiz': {'total': 3598, 'full_text': 3598, 'coverage_pct': 100.0}, 'vietstock': {'total': 11285, 'full_text': 11267, 'coverage_pct': 99.84}, 'vnexpress': {'total': 1762, 'full_text': 1761, 'coverage_pct': 99.94}}
[2026-07-06 09:55:08] [TASK_2B] [INFO] Enriched 5450/23932 pending articles...
[2026-07-06 09:55:25] [TASK_2B] [INFO] Enriched 20600/29596 pending articles...
[2026-07-06 09:55:42] [TASK_2B] [INFO] Checkpoint saved after 20600 new articles.
[2026-07-06 09:55:45] [TASK_2B] [INFO] Enriched 5500/23932 pending articles...
[2026-07-06 09:56:02] [TASK_2B] [INFO] Enriched 20650/29596 pending articles...
[2026-07-06 09:56:03] [TASK_2B] [INFO] Checkpoint saved after 5500 new articles.
[2026-07-06 09:56:04] [TASK_2B] [INFO] Checkpoint coverage: 25414/45968 unique URLs with full text (55.29%). Status: {'ok': 25308, 'failed': 10265, 'restricted': 10189, 'partial': 106, 'fetch_failed': 100}. By source: {'cafef': {'total': 19364, 'full_text': 1635, 'coverage_pct': 8.44}, 'kinhtechungkhoan': {'total': 8513, 'full_text': 5707, 'coverage_pct': 67.04}, 'tnck': {'total': 1446, 'full_text': 1446, 'coverage_pct': 100.0}, 'vietnambiz': {'total': 3598, 'full_text': 3598, 'coverage_pct': 100.0}, 'vietstock': {'total': 11285, 'full_text': 11267, 'coverage_pct': 99.84}, 'vnexpress': {'total': 1762, 'full_text': 1761, 'coverage_pct': 99.94}}
[2026-07-06 09:56:23] [TASK_2B] [INFO] Enriched 5550/23932 pending articles...
[2026-07-06 09:56:36] [TASK_2B] [INFO] Enriched 20700/29596 pending articles...
[2026-07-06 09:56:51] [TASK_2B] [INFO] Checkpoint saved after 20700 new articles.
[2026-07-06 09:57:02] [TASK_2B] [INFO] Enriched 5600/23932 pending articles...
[2026-07-06 09:57:19] [TASK_2B] [INFO] Checkpoint saved after 5600 new articles.
[2026-07-06 09:57:20] [TASK_2B] [INFO] Checkpoint coverage: 25440/45968 unique URLs with full text (55.34%). Status: {'ok': 25332, 'failed': 10239, 'restricted': 10189, 'partial': 108, 'fetch_failed': 100}. By source: {'cafef': {'total': 19364, 'full_text': 1637, 'coverage_pct': 8.45}, 'kinhtechungkhoan': {'total': 8513, 'full_text': 5731, 'coverage_pct': 67.32}, 'tnck': {'total': 1446, 'full_text': 1446, 'coverage_pct': 100.0}, 'vietnambiz': {'total': 3598, 'full_text': 3598, 'coverage_pct': 100.0}, 'vietstock': {'total': 11285, 'full_text': 11267, 'coverage_pct': 99.84}, 'vnexpress': {'total': 1762, 'full_text': 1761, 'coverage_pct': 99.94}}
[2026-07-06 09:57:21] [TASK_2B] [INFO] Enriched 20750/29596 pending articles...
[2026-07-06 09:57:41] [TASK_2B] [INFO] Enriched 5650/23932 pending articles...
[2026-07-06 09:57:54] [TASK_2B] [INFO] Enriched 20800/29596 pending articles...
[2026-07-06 09:58:10] [TASK_2B] [INFO] Enriched 5700/23932 pending articles...
[2026-07-06 09:58:12] [TASK_2B] [INFO] Checkpoint saved after 20800 new articles.
[2026-07-06 09:58:28] [TASK_2B] [INFO] Checkpoint saved after 5700 new articles.
[2026-07-06 09:58:28] [TASK_2B] [INFO] Checkpoint coverage: 25471/45968 unique URLs with full text (55.41%). Status: {'ok': 25363, 'failed': 10208, 'restricted': 10189, 'partial': 108, 'fetch_failed': 100}. By source: {'cafef': {'total': 19364, 'full_text': 1637, 'coverage_pct': 8.45}, 'kinhtechungkhoan': {'total': 8513, 'full_text': 5762, 'coverage_pct': 67.68}, 'tnck': {'total': 1446, 'full_text': 1446, 'coverage_pct': 100.0}, 'vietnambiz': {'total': 3598, 'full_text': 3598, 'coverage_pct': 100.0}, 'vietstock': {'total': 11285, 'full_text': 11267, 'coverage_pct': 99.84}, 'vnexpress': {'total': 1762, 'full_text': 1761, 'coverage_pct': 99.94}}
[2026-07-06 09:58:40] [TASK_2B] [INFO] Enriched 20850/29596 pending articles...
[2026-07-06 09:58:58] [TASK_2B] [INFO] Enriched 5750/23932 pending articles...
[2026-07-06 09:59:14] [TASK_2B] [INFO] Enriched 20900/29596 pending articles...
[2026-07-06 09:59:26] [TASK_2B] [INFO] Enriched 5800/23932 pending articles...
[2026-07-06 09:59:32] [TASK_2B] [INFO] Checkpoint saved after 20900 new articles.
[2026-07-06 09:59:46] [TASK_2B] [INFO] Checkpoint saved after 5800 new articles.
[2026-07-06 09:59:46] [TASK_2B] [INFO] Checkpoint coverage: 25504/45968 unique URLs with full text (55.48%). Status: {'ok': 25390, 'restricted': 10189, 'failed': 10175, 'partial': 114, 'fetch_failed': 100}. By source: {'cafef': {'total': 19364, 'full_text': 1643, 'coverage_pct': 8.48}, 'kinhtechungkhoan': {'total': 8513, 'full_text': 5789, 'coverage_pct': 68.0}, 'tnck': {'total': 1446, 'full_text': 1446, 'coverage_pct': 100.0}, 'vietnambiz': {'total': 3598, 'full_text': 3598, 'coverage_pct': 100.0}, 'vietstock': {'total': 11285, 'full_text': 11267, 'coverage_pct': 99.84}, 'vnexpress': {'total': 1762, 'full_text': 1761, 'coverage_pct': 99.94}}
[2026-07-06 09:59:48] [TASK_2B] [INFO] Enriched 20950/29596 pending articles...
[2026-07-06 09:59:57] [TASK_2B] [INFO] Enriched 5850/23932 pending articles...
[2026-07-06 10:00:14] [TASK_2B] [INFO] Enriched 21000/29596 pending articles...
[2026-07-06 10:00:21] [TASK_2B] [INFO] Enriched 5900/23932 pending articles...
[2026-07-06 10:00:33] [TASK_2B] [INFO] Checkpoint saved after 21000 new articles.
[2026-07-06 10:00:41] [TASK_2B] [INFO] Checkpoint saved after 5900 new articles.
[2026-07-06 10:00:41] [TASK_2B] [INFO] Checkpoint coverage: 25540/45968 unique URLs with full text (55.56%). Status: {'ok': 25423, 'restricted': 10189, 'failed': 10139, 'partial': 117, 'fetch_failed': 100}. By source: {'cafef': {'total': 19364, 'full_text': 1646, 'coverage_pct': 8.5}, 'kinhtechungkhoan': {'total': 8513, 'full_text': 5822, 'coverage_pct': 68.39}, 'tnck': {'total': 1446, 'full_text': 1446, 'coverage_pct': 100.0}, 'vietnambiz': {'total': 3598, 'full_text': 3598, 'coverage_pct': 100.0}, 'vietstock': {'total': 11285, 'full_text': 11267, 'coverage_pct': 99.84}, 'vnexpress': {'total': 1762, 'full_text': 1761, 'coverage_pct': 99.94}}
[2026-07-06 10:00:46] [TASK_2B] [INFO] Enriched 21050/29596 pending articles...
[2026-07-06 10:00:56] [TASK_2B] [INFO] Enriched 5950/23932 pending articles...
[2026-07-06 10:01:18] [TASK_2B] [INFO] Enriched 21100/29596 pending articles...
[2026-07-06 10:01:21] [TASK_2B] [INFO] Enriched 6000/23932 pending articles...
[2026-07-06 10:01:37] [TASK_2B] [INFO] Checkpoint saved after 21100 new articles.
[2026-07-06 10:01:41] [TASK_2B] [INFO] Checkpoint saved after 6000 new articles.
[2026-07-06 10:01:41] [TASK_2B] [INFO] Checkpoint coverage: 25574/45968 unique URLs with full text (55.63%). Status: {'ok': 25456, 'restricted': 10189, 'failed': 10105, 'partial': 118, 'fetch_failed': 100}. By source: {'cafef': {'total': 19364, 'full_text': 1647, 'coverage_pct': 8.51}, 'kinhtechungkhoan': {'total': 8513, 'full_text': 5855, 'coverage_pct': 68.78}, 'tnck': {'total': 1446, 'full_text': 1446, 'coverage_pct': 100.0}, 'vietnambiz': {'total': 3598, 'full_text': 3598, 'coverage_pct': 100.0}, 'vietstock': {'total': 11285, 'full_text': 11267, 'coverage_pct': 99.84}, 'vnexpress': {'total': 1762, 'full_text': 1761, 'coverage_pct': 99.94}}
[2026-07-06 10:01:52] [TASK_2B] [INFO] Enriched 21150/29596 pending articles...
[2026-07-06 10:02:03] [TASK_2B] [INFO] Enriched 6050/23932 pending articles...
[2026-07-06 10:02:25] [TASK_2B] [INFO] Enriched 21200/29596 pending articles...
[2026-07-06 10:02:33] [TASK_2B] [INFO] Enriched 6100/23932 pending articles...
[2026-07-06 10:02:43] [TASK_2B] [INFO] Checkpoint saved after 21200 new articles.
[2026-07-06 10:02:52] [TASK_2B] [INFO] Checkpoint saved after 6100 new articles.
[2026-07-06 10:02:52] [TASK_2B] [INFO] Checkpoint coverage: 25605/45968 unique URLs with full text (55.70%). Status: {'ok': 25487, 'restricted': 10189, 'failed': 10074, 'partial': 118, 'fetch_failed': 100}. By source: {'cafef': {'total': 19364, 'full_text': 1647, 'coverage_pct': 8.51}, 'kinhtechungkhoan': {'total': 8513, 'full_text': 5886, 'coverage_pct': 69.14}, 'tnck': {'total': 1446, 'full_text': 1446, 'coverage_pct': 100.0}, 'vietnambiz': {'total': 3598, 'full_text': 3598, 'coverage_pct': 100.0}, 'vietstock': {'total': 11285, 'full_text': 11267, 'coverage_pct': 99.84}, 'vnexpress': {'total': 1762, 'full_text': 1761, 'coverage_pct': 99.94}}
[2026-07-06 10:03:06] [TASK_2B] [INFO] Enriched 6150/23932 pending articles...
[2026-07-06 10:03:06] [TASK_2B] [INFO] Enriched 21250/29596 pending articles...
[2026-07-06 10:03:34] [TASK_2B] [INFO] Enriched 6200/23932 pending articles...
[2026-07-06 10:03:38] [TASK_2B] [INFO] Enriched 21300/29596 pending articles...
[2026-07-06 10:03:53] [TASK_2B] [INFO] Checkpoint saved after 6200 new articles.
[2026-07-06 10:03:54] [TASK_2B] [INFO] Checkpoint coverage: 25630/45968 unique URLs with full text (55.76%). Status: {'ok': 25512, 'restricted': 10189, 'failed': 10049, 'partial': 118, 'fetch_failed': 100}. By source: {'cafef': {'total': 19364, 'full_text': 1647, 'coverage_pct': 8.51}, 'kinhtechungkhoan': {'total': 8513, 'full_text': 5911, 'coverage_pct': 69.43}, 'tnck': {'total': 1446, 'full_text': 1446, 'coverage_pct': 100.0}, 'vietnambiz': {'total': 3598, 'full_text': 3598, 'coverage_pct': 100.0}, 'vietstock': {'total': 11285, 'full_text': 11267, 'coverage_pct': 99.84}, 'vnexpress': {'total': 1762, 'full_text': 1761, 'coverage_pct': 99.94}}
[2026-07-06 10:03:57] [TASK_2B] [INFO] Checkpoint saved after 21300 new articles.
[2026-07-06 10:04:06] [TASK_2B] [INFO] Enriched 6250/23932 pending articles...
[2026-07-06 10:04:15] [TASK_2B] [INFO] Enriched 21350/29596 pending articles...
[2026-07-06 10:04:31] [TASK_2B] [INFO] Enriched 6300/23932 pending articles...
[2026-07-06 10:04:42] [TASK_2B] [INFO] Enriched 21400/29596 pending articles...
[2026-07-06 10:04:48] [TASK_2B] [INFO] Checkpoint saved after 6300 new articles.
[2026-07-06 10:04:48] [TASK_2B] [INFO] Checkpoint coverage: 25663/45968 unique URLs with full text (55.83%). Status: {'ok': 25545, 'restricted': 10189, 'failed': 10016, 'partial': 118, 'fetch_failed': 100}. By source: {'cafef': {'total': 19364, 'full_text': 1647, 'coverage_pct': 8.51}, 'kinhtechungkhoan': {'total': 8513, 'full_text': 5944, 'coverage_pct': 69.82}, 'tnck': {'total': 1446, 'full_text': 1446, 'coverage_pct': 100.0}, 'vietnambiz': {'total': 3598, 'full_text': 3598, 'coverage_pct': 100.0}, 'vietstock': {'total': 11285, 'full_text': 11267, 'coverage_pct': 99.84}, 'vnexpress': {'total': 1762, 'full_text': 1761, 'coverage_pct': 99.94}}
[2026-07-06 10:05:03] [TASK_2B] [INFO] Checkpoint saved after 21400 new articles.
[2026-07-06 10:05:07] [TASK_2B] [INFO] Enriched 6350/23932 pending articles...
[2026-07-06 10:05:13] [TASK_2B] [INFO] Enriched 21450/29596 pending articles...
[2026-07-06 10:05:44] [TASK_2B] [INFO] Enriched 21500/29596 pending articles...
[2026-07-06 10:05:51] [TASK_2B] [INFO] Enriched 6400/23932 pending articles...
[2026-07-06 10:06:02] [TASK_2B] [INFO] Checkpoint saved after 21500 new articles.
[2026-07-06 10:06:12] [TASK_2B] [INFO] Checkpoint saved after 6400 new articles.
[2026-07-06 10:06:12] [TASK_2B] [INFO] Checkpoint coverage: 25690/45968 unique URLs with full text (55.89%). Status: {'ok': 25572, 'restricted': 10189, 'failed': 9989, 'partial': 118, 'fetch_failed': 100}. By source: {'cafef': {'total': 19364, 'full_text': 1647, 'coverage_pct': 8.51}, 'kinhtechungkhoan': {'total': 8513, 'full_text': 5971, 'coverage_pct': 70.14}, 'tnck': {'total': 1446, 'full_text': 1446, 'coverage_pct': 100.0}, 'vietnambiz': {'total': 3598, 'full_text': 3598, 'coverage_pct': 100.0}, 'vietstock': {'total': 11285, 'full_text': 11267, 'coverage_pct': 99.84}, 'vnexpress': {'total': 1762, 'full_text': 1761, 'coverage_pct': 99.94}}
[2026-07-06 10:06:19] [TASK_2B] [INFO] Enriched 21550/29596 pending articles...
[2026-07-06 10:06:26] [TASK_2B] [INFO] Enriched 6450/23932 pending articles...
[2026-07-06 10:06:49] [TASK_2B] [INFO] Enriched 21600/29596 pending articles...
[2026-07-06 10:06:56] [TASK_2B] [INFO] Enriched 6500/23932 pending articles...
[2026-07-06 10:07:08] [TASK_2B] [INFO] Checkpoint saved after 21600 new articles.
[2026-07-06 10:07:16] [TASK_2B] [INFO] Checkpoint saved after 6500 new articles.
[2026-07-06 10:07:16] [TASK_2B] [INFO] Checkpoint coverage: 25724/45968 unique URLs with full text (55.96%). Status: {'ok': 25606, 'restricted': 10189, 'failed': 9955, 'partial': 118, 'fetch_failed': 100}. By source: {'cafef': {'total': 19364, 'full_text': 1647, 'coverage_pct': 8.51}, 'kinhtechungkhoan': {'total': 8513, 'full_text': 6005, 'coverage_pct': 70.54}, 'tnck': {'total': 1446, 'full_text': 1446, 'coverage_pct': 100.0}, 'vietnambiz': {'total': 3598, 'full_text': 3598, 'coverage_pct': 100.0}, 'vietstock': {'total': 11285, 'full_text': 11267, 'coverage_pct': 99.84}, 'vnexpress': {'total': 1762, 'full_text': 1761, 'coverage_pct': 99.94}}
[2026-07-06 10:07:29] [TASK_2B] [INFO] Enriched 21650/29596 pending articles...
[2026-07-06 10:07:29] [TASK_2B] [INFO] Enriched 6550/23932 pending articles...
[2026-07-06 10:07:52] [TASK_2B] [INFO] Enriched 6600/23932 pending articles...
[2026-07-06 10:07:52] [TASK_2B] [INFO] Enriched 21700/29596 pending articles...
[2026-07-06 10:08:12] [TASK_2B] [INFO] Checkpoint saved after 6600 new articles.
[2026-07-06 10:08:12] [TASK_2B] [INFO] Checkpoint coverage: 25761/45968 unique URLs with full text (56.04%). Status: {'ok': 25643, 'restricted': 10189, 'failed': 9918, 'partial': 118, 'fetch_failed': 100}. By source: {'cafef': {'total': 19364, 'full_text': 1647, 'coverage_pct': 8.51}, 'kinhtechungkhoan': {'total': 8513, 'full_text': 6042, 'coverage_pct': 70.97}, 'tnck': {'total': 1446, 'full_text': 1446, 'coverage_pct': 100.0}, 'vietnambiz': {'total': 3598, 'full_text': 3598, 'coverage_pct': 100.0}, 'vietstock': {'total': 11285, 'full_text': 11267, 'coverage_pct': 99.84}, 'vnexpress': {'total': 1762, 'full_text': 1761, 'coverage_pct': 99.94}}
[2026-07-06 10:08:12] [TASK_2B] [INFO] Checkpoint saved after 21700 new articles.
[2026-07-06 10:08:27] [TASK_2B] [INFO] Enriched 6650/23932 pending articles...
[2026-07-06 10:08:30] [TASK_2B] [INFO] Enriched 21750/29596 pending articles...
[2026-07-06 10:08:49] [TASK_2B] [INFO] Enriched 6700/23932 pending articles...
[2026-07-06 10:08:56] [TASK_2B] [INFO] Enriched 21800/29596 pending articles...
[2026-07-06 10:09:10] [TASK_2B] [INFO] Checkpoint saved after 6700 new articles.
[2026-07-06 10:09:10] [TASK_2B] [INFO] Checkpoint coverage: 25797/45968 unique URLs with full text (56.12%). Status: {'ok': 25677, 'restricted': 10189, 'failed': 9882, 'partial': 120, 'fetch_failed': 100}. By source: {'cafef': {'total': 19364, 'full_text': 1649, 'coverage_pct': 8.52}, 'kinhtechungkhoan': {'total': 8513, 'full_text': 6076, 'coverage_pct': 71.37}, 'tnck': {'total': 1446, 'full_text': 1446, 'coverage_pct': 100.0}, 'vietnambiz': {'total': 3598, 'full_text': 3598, 'coverage_pct': 100.0}, 'vietstock': {'total': 11285, 'full_text': 11267, 'coverage_pct': 99.84}, 'vnexpress': {'total': 1762, 'full_text': 1761, 'coverage_pct': 99.94}}
[2026-07-06 10:09:17] [TASK_2B] [INFO] Checkpoint saved after 21800 new articles.
[2026-07-06 10:09:33] [TASK_2B] [INFO] Enriched 6750/23932 pending articles...
[2026-07-06 10:09:37] [TASK_2B] [INFO] Enriched 21850/29596 pending articles...
[2026-07-06 10:10:08] [TASK_2B] [INFO] Enriched 21900/29596 pending articles...
[2026-07-06 10:10:21] [TASK_2B] [INFO] Enriched 6800/23932 pending articles...
[2026-07-06 10:10:27] [TASK_2B] [INFO] Checkpoint saved after 21900 new articles.
[2026-07-06 10:10:39] [TASK_2B] [INFO] Checkpoint saved after 6800 new articles.
[2026-07-06 10:10:39] [TASK_2B] [INFO] Checkpoint coverage: 25845/45968 unique URLs with full text (56.22%). Status: {'ok': 25724, 'restricted': 10189, 'failed': 9834, 'partial': 121, 'fetch_failed': 100}. By source: {'cafef': {'total': 19364, 'full_text': 1650, 'coverage_pct': 8.52}, 'kinhtechungkhoan': {'total': 8513, 'full_text': 6123, 'coverage_pct': 71.93}, 'tnck': {'total': 1446, 'full_text': 1446, 'coverage_pct': 100.0}, 'vietnambiz': {'total': 3598, 'full_text': 3598, 'coverage_pct': 100.0}, 'vietstock': {'total': 11285, 'full_text': 11267, 'coverage_pct': 99.84}, 'vnexpress': {'total': 1762, 'full_text': 1761, 'coverage_pct': 99.94}}
[2026-07-06 10:10:41] [TASK_2B] [INFO] Enriched 21950/29596 pending articles...
[2026-07-06 10:10:56] [TASK_2B] [INFO] Enriched 6850/23932 pending articles...
[2026-07-06 10:11:14] [TASK_2B] [INFO] Enriched 22000/29596 pending articles...
[2026-07-06 10:11:19] [TASK_2B] [INFO] Enriched 6900/23932 pending articles...
[2026-07-06 10:11:33] [TASK_2B] [INFO] Checkpoint saved after 22000 new articles.
[2026-07-06 10:11:39] [TASK_2B] [INFO] Checkpoint saved after 6900 new articles.
[2026-07-06 10:11:39] [TASK_2B] [INFO] Checkpoint coverage: 25873/45968 unique URLs with full text (56.28%). Status: {'ok': 25752, 'restricted': 10189, 'failed': 9806, 'partial': 121, 'fetch_failed': 100}. By source: {'cafef': {'total': 19364, 'full_text': 1650, 'coverage_pct': 8.52}, 'kinhtechungkhoan': {'total': 8513, 'full_text': 6151, 'coverage_pct': 72.25}, 'tnck': {'total': 1446, 'full_text': 1446, 'coverage_pct': 100.0}, 'vietnambiz': {'total': 3598, 'full_text': 3598, 'coverage_pct': 100.0}, 'vietstock': {'total': 11285, 'full_text': 11267, 'coverage_pct': 99.84}, 'vnexpress': {'total': 1762, 'full_text': 1761, 'coverage_pct': 99.94}}
[2026-07-06 10:11:53] [TASK_2B] [INFO] Enriched 6950/23932 pending articles...
[2026-07-06 10:11:53] [TASK_2B] [INFO] Enriched 22050/29596 pending articles...
[2026-07-06 10:12:19] [TASK_2B] [INFO] Enriched 22100/29596 pending articles...
[2026-07-06 10:12:22] [TASK_2B] [INFO] Enriched 7000/23932 pending articles...
[2026-07-06 10:12:36] [TASK_2B] [INFO] Checkpoint saved after 22100 new articles.
[2026-07-06 10:12:40] [TASK_2B] [INFO] Checkpoint saved after 7000 new articles.
[2026-07-06 10:12:40] [TASK_2B] [INFO] Checkpoint coverage: 25894/45968 unique URLs with full text (56.33%). Status: {'ok': 25773, 'restricted': 10189, 'failed': 9785, 'partial': 121, 'fetch_failed': 100}. By source: {'cafef': {'total': 19364, 'full_text': 1650, 'coverage_pct': 8.52}, 'kinhtechungkhoan': {'total': 8513, 'full_text': 6172, 'coverage_pct': 72.5}, 'tnck': {'total': 1446, 'full_text': 1446, 'coverage_pct': 100.0}, 'vietnambiz': {'total': 3598, 'full_text': 3598, 'coverage_pct': 100.0}, 'vietstock': {'total': 11285, 'full_text': 11267, 'coverage_pct': 99.84}, 'vnexpress': {'total': 1762, 'full_text': 1761, 'coverage_pct': 99.94}}
[2026-07-06 10:12:57] [TASK_2B] [INFO] Enriched 7050/23932 pending articles...
[2026-07-06 10:13:00] [TASK_2B] [INFO] Enriched 22150/29596 pending articles...
[2026-07-06 10:13:21] [TASK_2B] [INFO] Enriched 7100/23932 pending articles...
[2026-07-06 10:13:32] [TASK_2B] [INFO] Enriched 22200/29596 pending articles...
[2026-07-06 10:13:41] [TASK_2B] [INFO] Checkpoint saved after 7100 new articles.
[2026-07-06 10:13:41] [TASK_2B] [INFO] Checkpoint coverage: 25926/45968 unique URLs with full text (56.40%). Status: {'ok': 25804, 'restricted': 10189, 'failed': 9753, 'partial': 122, 'fetch_failed': 100}. By source: {'cafef': {'total': 19364, 'full_text': 1651, 'coverage_pct': 8.53}, 'kinhtechungkhoan': {'total': 8513, 'full_text': 6203, 'coverage_pct': 72.87}, 'tnck': {'total': 1446, 'full_text': 1446, 'coverage_pct': 100.0}, 'vietnambiz': {'total': 3598, 'full_text': 3598, 'coverage_pct': 100.0}, 'vietstock': {'total': 11285, 'full_text': 11267, 'coverage_pct': 99.84}, 'vnexpress': {'total': 1762, 'full_text': 1761, 'coverage_pct': 99.94}}
[2026-07-06 10:13:53] [TASK_2B] [INFO] Enriched 7150/23932 pending articles...
[2026-07-06 10:13:53] [TASK_2B] [INFO] Checkpoint saved after 22200 new articles.
[2026-07-06 10:14:08] [TASK_2B] [INFO] Enriched 22250/29596 pending articles...
[2026-07-06 10:14:26] [TASK_2B] [INFO] Enriched 7200/23932 pending articles...
[2026-07-06 10:14:31] [TASK_2B] [INFO] Enriched 22300/29596 pending articles...
[2026-07-06 10:14:46] [TASK_2B] [INFO] Checkpoint saved after 7200 new articles.
[2026-07-06 10:14:47] [TASK_2B] [INFO] Checkpoint coverage: 25969/45968 unique URLs with full text (56.49%). Status: {'ok': 25847, 'restricted': 10189, 'failed': 9710, 'partial': 122, 'fetch_failed': 100}. By source: {'cafef': {'total': 19364, 'full_text': 1651, 'coverage_pct': 8.53}, 'kinhtechungkhoan': {'total': 8513, 'full_text': 6246, 'coverage_pct': 73.37}, 'tnck': {'total': 1446, 'full_text': 1446, 'coverage_pct': 100.0}, 'vietnambiz': {'total': 3598, 'full_text': 3598, 'coverage_pct': 100.0}, 'vietstock': {'total': 11285, 'full_text': 11267, 'coverage_pct': 99.84}, 'vnexpress': {'total': 1762, 'full_text': 1761, 'coverage_pct': 99.94}}
[2026-07-06 10:14:52] [TASK_2B] [INFO] Checkpoint saved after 22300 new articles.
[2026-07-06 10:15:04] [TASK_2B] [INFO] Enriched 7250/23932 pending articles...
[2026-07-06 10:15:06] [TASK_2B] [INFO] Enriched 22350/29596 pending articles...
[2026-07-06 10:15:38] [TASK_2B] [INFO] Enriched 7300/23932 pending articles...
[2026-07-06 10:15:38] [TASK_2B] [INFO] Enriched 22400/29596 pending articles...
[2026-07-06 10:15:58] [TASK_2B] [INFO] Checkpoint saved after 22400 new articles.
[2026-07-06 10:15:59] [TASK_2B] [INFO] Checkpoint saved after 7300 new articles.
[2026-07-06 10:15:59] [TASK_2B] [INFO] Checkpoint coverage: 26015/45968 unique URLs with full text (56.59%). Status: {'ok': 25892, 'restricted': 10189, 'failed': 9664, 'partial': 123, 'fetch_failed': 100}. By source: {'cafef': {'total': 19364, 'full_text': 1652, 'coverage_pct': 8.53}, 'kinhtechungkhoan': {'total': 8513, 'full_text': 6291, 'coverage_pct': 73.9}, 'tnck': {'total': 1446, 'full_text': 1446, 'coverage_pct': 100.0}, 'vietnambiz': {'total': 3598, 'full_text': 3598, 'coverage_pct': 100.0}, 'vietstock': {'total': 11285, 'full_text': 11267, 'coverage_pct': 99.84}, 'vnexpress': {'total': 1762, 'full_text': 1761, 'coverage_pct': 99.94}}
[2026-07-06 10:16:08] [TASK_2B] [INFO] Enriched 7350/23932 pending articles...
[2026-07-06 10:16:13] [TASK_2B] [INFO] Enriched 22450/29596 pending articles...
[2026-07-06 10:16:35] [TASK_2B] [INFO] Enriched 7400/23932 pending articles...
[2026-07-06 10:16:39] [TASK_2B] [INFO] Enriched 22500/29596 pending articles...
[2026-07-06 10:16:55] [TASK_2B] [INFO] Checkpoint saved after 7400 new articles.
[2026-07-06 10:16:55] [TASK_2B] [INFO] Checkpoint coverage: 26050/45968 unique URLs with full text (56.67%). Status: {'ok': 25926, 'restricted': 10189, 'failed': 9629, 'partial': 124, 'fetch_failed': 100}. By source: {'cafef': {'total': 19364, 'full_text': 1653, 'coverage_pct': 8.54}, 'kinhtechungkhoan': {'total': 8513, 'full_text': 6325, 'coverage_pct': 74.3}, 'tnck': {'total': 1446, 'full_text': 1446, 'coverage_pct': 100.0}, 'vietnambiz': {'total': 3598, 'full_text': 3598, 'coverage_pct': 100.0}, 'vietstock': {'total': 11285, 'full_text': 11267, 'coverage_pct': 99.84}, 'vnexpress': {'total': 1762, 'full_text': 1761, 'coverage_pct': 99.94}}
[2026-07-06 10:16:59] [TASK_2B] [INFO] Checkpoint saved after 22500 new articles.
[2026-07-06 10:17:06] [TASK_2B] [INFO] Enriched 7450/23932 pending articles...
[2026-07-06 10:17:18] [TASK_2B] [INFO] Enriched 22550/29596 pending articles...
[2026-07-06 10:17:33] [TASK_2B] [INFO] Enriched 7500/23932 pending articles...
[2026-07-06 10:17:41] [TASK_2B] [INFO] Enriched 22600/29596 pending articles...
[2026-07-06 10:17:51] [TASK_2B] [INFO] Checkpoint saved after 7500 new articles.
[2026-07-06 10:17:52] [TASK_2B] [INFO] Checkpoint coverage: 26085/45968 unique URLs with full text (56.75%). Status: {'ok': 25960, 'restricted': 10189, 'failed': 9594, 'partial': 125, 'fetch_failed': 100}. By source: {'cafef': {'total': 19364, 'full_text': 1654, 'coverage_pct': 8.54}, 'kinhtechungkhoan': {'total': 8513, 'full_text': 6359, 'coverage_pct': 74.7}, 'tnck': {'total': 1446, 'full_text': 1446, 'coverage_pct': 100.0}, 'vietnambiz': {'total': 3598, 'full_text': 3598, 'coverage_pct': 100.0}, 'vietstock': {'total': 11285, 'full_text': 11267, 'coverage_pct': 99.84}, 'vnexpress': {'total': 1762, 'full_text': 1761, 'coverage_pct': 99.94}}
[2026-07-06 10:18:00] [TASK_2B] [INFO] Checkpoint saved after 22600 new articles.
[2026-07-06 10:18:06] [TASK_2B] [INFO] Enriched 7550/23932 pending articles...
[2026-07-06 10:18:20] [TASK_2B] [INFO] Enriched 22650/29596 pending articles...
[2026-07-06 10:18:40] [TASK_2B] [INFO] Enriched 7600/23932 pending articles...
[2026-07-06 10:18:46] [TASK_2B] [INFO] Enriched 22700/29596 pending articles...
[2026-07-06 10:18:58] [TASK_2B] [INFO] Checkpoint saved after 7600 new articles.
[2026-07-06 10:18:59] [TASK_2B] [INFO] Checkpoint coverage: 26115/45968 unique URLs with full text (56.81%). Status: {'ok': 25989, 'restricted': 10189, 'failed': 9564, 'partial': 126, 'fetch_failed': 100}. By source: {'cafef': {'total': 19364, 'full_text': 1655, 'coverage_pct': 8.55}, 'kinhtechungkhoan': {'total': 8513, 'full_text': 6388, 'coverage_pct': 75.04}, 'tnck': {'total': 1446, 'full_text': 1446, 'coverage_pct': 100.0}, 'vietnambiz': {'total': 3598, 'full_text': 3598, 'coverage_pct': 100.0}, 'vietstock': {'total': 11285, 'full_text': 11267, 'coverage_pct': 99.84}, 'vnexpress': {'total': 1762, 'full_text': 1761, 'coverage_pct': 99.94}}
[2026-07-06 10:19:06] [TASK_2B] [INFO] Checkpoint saved after 22700 new articles.
[2026-07-06 10:19:17] [TASK_2B] [INFO] Enriched 7650/23932 pending articles...
[2026-07-06 10:19:19] [TASK_2B] [INFO] Enriched 22750/29596 pending articles...
[2026-07-06 10:19:39] [TASK_2B] [INFO] Enriched 7700/23932 pending articles...
[2026-07-06 10:19:46] [TASK_2B] [INFO] Enriched 22800/29596 pending articles...
[2026-07-06 10:20:00] [TASK_2B] [INFO] Checkpoint saved after 7700 new articles.
[2026-07-06 10:20:00] [TASK_2B] [INFO] Checkpoint coverage: 26151/45968 unique URLs with full text (56.89%). Status: {'ok': 26024, 'restricted': 10189, 'failed': 9528, 'partial': 127, 'fetch_failed': 100}. By source: {'cafef': {'total': 19364, 'full_text': 1656, 'coverage_pct': 8.55}, 'kinhtechungkhoan': {'total': 8513, 'full_text': 6423, 'coverage_pct': 75.45}, 'tnck': {'total': 1446, 'full_text': 1446, 'coverage_pct': 100.0}, 'vietnambiz': {'total': 3598, 'full_text': 3598, 'coverage_pct': 100.0}, 'vietstock': {'total': 11285, 'full_text': 11267, 'coverage_pct': 99.84}, 'vnexpress': {'total': 1762, 'full_text': 1761, 'coverage_pct': 99.94}}
[2026-07-06 10:20:06] [TASK_2B] [INFO] Checkpoint saved after 22800 new articles.
[2026-07-06 10:20:11] [TASK_2B] [INFO] Enriched 7750/23932 pending articles...
[2026-07-06 10:20:20] [TASK_2B] [INFO] Enriched 22850/29596 pending articles...
[2026-07-06 10:20:35] [TASK_2B] [INFO] Enriched 7800/23932 pending articles...
[2026-07-06 10:20:47] [TASK_2B] [INFO] Enriched 22900/29596 pending articles...
[2026-07-06 10:20:54] [TASK_2B] [INFO] Checkpoint saved after 7800 new articles.
[2026-07-06 10:20:54] [TASK_2B] [INFO] Checkpoint coverage: 26197/45968 unique URLs with full text (56.99%). Status: {'ok': 26067, 'restricted': 10189, 'failed': 9482, 'partial': 130, 'fetch_failed': 100}. By source: {'cafef': {'total': 19364, 'full_text': 1659, 'coverage_pct': 8.57}, 'kinhtechungkhoan': {'total': 8513, 'full_text': 6466, 'coverage_pct': 75.95}, 'tnck': {'total': 1446, 'full_text': 1446, 'coverage_pct': 100.0}, 'vietnambiz': {'total': 3598, 'full_text': 3598, 'coverage_pct': 100.0}, 'vietstock': {'total': 11285, 'full_text': 11267, 'coverage_pct': 99.84}, 'vnexpress': {'total': 1762, 'full_text': 1761, 'coverage_pct': 99.94}}
[2026-07-06 10:21:07] [TASK_2B] [INFO] Checkpoint saved after 22900 new articles.
[2026-07-06 10:21:08] [TASK_2B] [INFO] Enriched 7850/23932 pending articles...
[2026-07-06 10:21:23] [TASK_2B] [INFO] Enriched 22950/29596 pending articles...
[2026-07-06 10:21:32] [TASK_2B] [INFO] Enriched 7900/23932 pending articles...
[2026-07-06 10:21:50] [TASK_2B] [INFO] Checkpoint saved after 7900 new articles.
[2026-07-06 10:21:50] [TASK_2B] [INFO] Checkpoint coverage: 26237/45968 unique URLs with full text (57.08%). Status: {'ok': 26107, 'restricted': 10189, 'failed': 9442, 'partial': 130, 'fetch_failed': 100}. By source: {'cafef': {'total': 19364, 'full_text': 1659, 'coverage_pct': 8.57}, 'kinhtechungkhoan': {'total': 8513, 'full_text': 6506, 'coverage_pct': 76.42}, 'tnck': {'total': 1446, 'full_text': 1446, 'coverage_pct': 100.0}, 'vietnambiz': {'total': 3598, 'full_text': 3598, 'coverage_pct': 100.0}, 'vietstock': {'total': 11285, 'full_text': 11267, 'coverage_pct': 99.84}, 'vnexpress': {'total': 1762, 'full_text': 1761, 'coverage_pct': 99.94}}
[2026-07-06 10:21:56] [TASK_2B] [INFO] Enriched 23000/29596 pending articles...
[2026-07-06 10:22:06] [TASK_2B] [INFO] Enriched 7950/23932 pending articles...
[2026-07-06 10:22:15] [TASK_2B] [INFO] Checkpoint saved after 23000 new articles.
[2026-07-06 10:22:31] [TASK_2B] [INFO] Enriched 23050/29596 pending articles...
[2026-07-06 10:22:36] [TASK_2B] [INFO] Enriched 8000/23932 pending articles...
[2026-07-06 10:22:53] [TASK_2B] [INFO] Checkpoint saved after 8000 new articles.
[2026-07-06 10:22:53] [TASK_2B] [INFO] Checkpoint coverage: 26266/45968 unique URLs with full text (57.14%). Status: {'ok': 26136, 'restricted': 10189, 'failed': 9413, 'partial': 130, 'fetch_failed': 100}. By source: {'cafef': {'total': 19364, 'full_text': 1659, 'coverage_pct': 8.57}, 'kinhtechungkhoan': {'total': 8513, 'full_text': 6535, 'coverage_pct': 76.76}, 'tnck': {'total': 1446, 'full_text': 1446, 'coverage_pct': 100.0}, 'vietnambiz': {'total': 3598, 'full_text': 3598, 'coverage_pct': 100.0}, 'vietstock': {'total': 11285, 'full_text': 11267, 'coverage_pct': 99.84}, 'vnexpress': {'total': 1762, 'full_text': 1761, 'coverage_pct': 99.94}}
[2026-07-06 10:23:01] [TASK_2B] [INFO] Enriched 23100/29596 pending articles...
[2026-07-06 10:23:11] [TASK_2B] [INFO] Enriched 8050/23932 pending articles...
[2026-07-06 10:23:18] [TASK_2B] [INFO] Checkpoint saved after 23100 new articles.
[2026-07-06 10:23:44] [TASK_2B] [INFO] Enriched 23150/29596 pending articles...
[2026-07-06 10:23:45] [TASK_2B] [INFO] Enriched 8100/23932 pending articles...
[2026-07-06 10:24:01] [TASK_2B] [INFO] Checkpoint saved after 8100 new articles.
[2026-07-06 10:24:02] [TASK_2B] [INFO] Checkpoint coverage: 26288/45968 unique URLs with full text (57.19%). Status: {'ok': 26156, 'restricted': 10189, 'failed': 9391, 'partial': 132, 'fetch_failed': 100}. By source: {'cafef': {'total': 19364, 'full_text': 1661, 'coverage_pct': 8.58}, 'kinhtechungkhoan': {'total': 8513, 'full_text': 6555, 'coverage_pct': 77.0}, 'tnck': {'total': 1446, 'full_text': 1446, 'coverage_pct': 100.0}, 'vietnambiz': {'total': 3598, 'full_text': 3598, 'coverage_pct': 100.0}, 'vietstock': {'total': 11285, 'full_text': 11267, 'coverage_pct': 99.84}, 'vnexpress': {'total': 1762, 'full_text': 1761, 'coverage_pct': 99.94}}
[2026-07-06 10:24:24] [TASK_2B] [INFO] Enriched 23200/29596 pending articles...
[2026-07-06 10:24:29] [TASK_2B] [INFO] Enriched 8150/23932 pending articles...
[2026-07-06 10:24:39] [TASK_2B] [INFO] Checkpoint saved after 23200 new articles.
[2026-07-06 10:24:58] [TASK_2B] [INFO] Enriched 8200/23932 pending articles...
[2026-07-06 10:25:06] [TASK_2B] [INFO] Enriched 23250/29596 pending articles...
[2026-07-06 10:25:15] [TASK_2B] [INFO] Checkpoint saved after 8200 new articles.
[2026-07-06 10:25:16] [TASK_2B] [INFO] Checkpoint coverage: 26309/45968 unique URLs with full text (57.23%). Status: {'ok': 26177, 'restricted': 10189, 'failed': 9370, 'partial': 132, 'fetch_failed': 100}. By source: {'cafef': {'total': 19364, 'full_text': 1661, 'coverage_pct': 8.58}, 'kinhtechungkhoan': {'total': 8513, 'full_text': 6576, 'coverage_pct': 77.25}, 'tnck': {'total': 1446, 'full_text': 1446, 'coverage_pct': 100.0}, 'vietnambiz': {'total': 3598, 'full_text': 3598, 'coverage_pct': 100.0}, 'vietstock': {'total': 11285, 'full_text': 11267, 'coverage_pct': 99.84}, 'vnexpress': {'total': 1762, 'full_text': 1761, 'coverage_pct': 99.94}}
[2026-07-06 10:25:34] [TASK_2B] [INFO] Enriched 8250/23932 pending articles...
[2026-07-06 10:25:38] [TASK_2B] [INFO] Enriched 23300/29596 pending articles...
[2026-07-06 10:25:56] [TASK_2B] [INFO] Checkpoint saved after 23300 new articles.
[2026-07-06 10:25:59] [TASK_2B] [INFO] Enriched 8300/23932 pending articles...
[2026-07-06 10:26:17] [TASK_2B] [INFO] Checkpoint saved after 8300 new articles.
[2026-07-06 10:26:17] [TASK_2B] [INFO] Checkpoint coverage: 26330/45968 unique URLs with full text (57.28%). Status: {'ok': 26198, 'restricted': 10189, 'failed': 9349, 'partial': 132, 'fetch_failed': 100}. By source: {'cafef': {'total': 19364, 'full_text': 1661, 'coverage_pct': 8.58}, 'kinhtechungkhoan': {'total': 8513, 'full_text': 6597, 'coverage_pct': 77.49}, 'tnck': {'total': 1446, 'full_text': 1446, 'coverage_pct': 100.0}, 'vietnambiz': {'total': 3598, 'full_text': 3598, 'coverage_pct': 100.0}, 'vietstock': {'total': 11285, 'full_text': 11267, 'coverage_pct': 99.84}, 'vnexpress': {'total': 1762, 'full_text': 1761, 'coverage_pct': 99.94}}
[2026-07-06 10:26:25] [TASK_2B] [INFO] Enriched 23350/29596 pending articles...
[2026-07-06 10:26:33] [TASK_2B] [INFO] Enriched 8350/23932 pending articles...
[2026-07-06 10:26:52] [TASK_2B] [INFO] Enriched 23400/29596 pending articles...
[2026-07-06 10:26:57] [TASK_2B] [INFO] Enriched 8400/23932 pending articles...
[2026-07-06 10:27:10] [TASK_2B] [INFO] Checkpoint saved after 23400 new articles.
[2026-07-06 10:27:17] [TASK_2B] [INFO] Checkpoint saved after 8400 new articles.
[2026-07-06 10:27:17] [TASK_2B] [INFO] Checkpoint coverage: 26359/45968 unique URLs with full text (57.34%). Status: {'ok': 26227, 'restricted': 10189, 'failed': 9320, 'partial': 132, 'fetch_failed': 100}. By source: {'cafef': {'total': 19364, 'full_text': 1661, 'coverage_pct': 8.58}, 'kinhtechungkhoan': {'total': 8513, 'full_text': 6626, 'coverage_pct': 77.83}, 'tnck': {'total': 1446, 'full_text': 1446, 'coverage_pct': 100.0}, 'vietnambiz': {'total': 3598, 'full_text': 3598, 'coverage_pct': 100.0}, 'vietstock': {'total': 11285, 'full_text': 11267, 'coverage_pct': 99.84}, 'vnexpress': {'total': 1762, 'full_text': 1761, 'coverage_pct': 99.94}}
[2026-07-06 10:27:27] [TASK_2B] [INFO] Enriched 23450/29596 pending articles...
[2026-07-06 10:27:30] [TASK_2B] [INFO] Enriched 8450/23932 pending articles...
[2026-07-06 10:27:55] [TASK_2B] [INFO] Enriched 8500/23932 pending articles...
[2026-07-06 10:27:57] [TASK_2B] [INFO] Enriched 23500/29596 pending articles...
[2026-07-06 10:28:13] [TASK_2B] [INFO] Checkpoint saved after 8500 new articles.
[2026-07-06 10:28:13] [TASK_2B] [INFO] Checkpoint coverage: 26381/45968 unique URLs with full text (57.39%). Status: {'ok': 26248, 'restricted': 10189, 'failed': 9298, 'partial': 133, 'fetch_failed': 100}. By source: {'cafef': {'total': 19364, 'full_text': 1662, 'coverage_pct': 8.58}, 'kinhtechungkhoan': {'total': 8513, 'full_text': 6647, 'coverage_pct': 78.08}, 'tnck': {'total': 1446, 'full_text': 1446, 'coverage_pct': 100.0}, 'vietnambiz': {'total': 3598, 'full_text': 3598, 'coverage_pct': 100.0}, 'vietstock': {'total': 11285, 'full_text': 11267, 'coverage_pct': 99.84}, 'vnexpress': {'total': 1762, 'full_text': 1761, 'coverage_pct': 99.94}}
[2026-07-06 10:28:16] [TASK_2B] [INFO] Checkpoint saved after 23500 new articles.
[2026-07-06 10:28:29] [TASK_2B] [INFO] Enriched 8550/23932 pending articles...
[2026-07-06 10:28:33] [TASK_2B] [INFO] Enriched 23550/29596 pending articles...
[2026-07-06 10:28:57] [TASK_2B] [INFO] Enriched 8600/23932 pending articles...
[2026-07-06 10:29:02] [TASK_2B] [INFO] Enriched 23600/29596 pending articles...
[2026-07-06 10:29:14] [TASK_2B] [INFO] Checkpoint saved after 8600 new articles.
[2026-07-06 10:29:15] [TASK_2B] [INFO] Checkpoint coverage: 26395/45968 unique URLs with full text (57.42%). Status: {'ok': 26259, 'restricted': 10189, 'failed': 9284, 'partial': 136, 'fetch_failed': 100}. By source: {'cafef': {'total': 19364, 'full_text': 1665, 'coverage_pct': 8.6}, 'kinhtechungkhoan': {'total': 8513, 'full_text': 6658, 'coverage_pct': 78.21}, 'tnck': {'total': 1446, 'full_text': 1446, 'coverage_pct': 100.0}, 'vietnambiz': {'total': 3598, 'full_text': 3598, 'coverage_pct': 100.0}, 'vietstock': {'total': 11285, 'full_text': 11267, 'coverage_pct': 99.84}, 'vnexpress': {'total': 1762, 'full_text': 1761, 'coverage_pct': 99.94}}
[2026-07-06 10:29:20] [TASK_2B] [INFO] Checkpoint saved after 23600 new articles.
[2026-07-06 10:29:33] [TASK_2B] [INFO] Enriched 8650/23932 pending articles...
[2026-07-06 10:29:42] [TASK_2B] [INFO] Enriched 23650/29596 pending articles...
[2026-07-06 10:30:03] [TASK_2B] [INFO] Enriched 8700/23932 pending articles...
[2026-07-06 10:30:13] [TASK_2B] [INFO] Enriched 23700/29596 pending articles...
[2026-07-06 10:30:21] [TASK_2B] [INFO] Checkpoint saved after 8700 new articles.
[2026-07-06 10:30:21] [TASK_2B] [INFO] Checkpoint coverage: 26407/45968 unique URLs with full text (57.45%). Status: {'ok': 26268, 'restricted': 10189, 'failed': 9272, 'partial': 139, 'fetch_failed': 100}. By source: {'cafef': {'total': 19364, 'full_text': 1668, 'coverage_pct': 8.61}, 'kinhtechungkhoan': {'total': 8513, 'full_text': 6667, 'coverage_pct': 78.32}, 'tnck': {'total': 1446, 'full_text': 1446, 'coverage_pct': 100.0}, 'vietnambiz': {'total': 3598, 'full_text': 3598, 'coverage_pct': 100.0}, 'vietstock': {'total': 11285, 'full_text': 11267, 'coverage_pct': 99.84}, 'vnexpress': {'total': 1762, 'full_text': 1761, 'coverage_pct': 99.94}}
[2026-07-06 10:30:31] [TASK_2B] [INFO] Checkpoint saved after 23700 new articles.
[2026-07-06 10:30:43] [TASK_2B] [INFO] Enriched 8750/23932 pending articles...
[2026-07-06 10:30:50] [TASK_2B] [INFO] Enriched 23750/29596 pending articles...
[2026-07-06 10:31:14] [TASK_2B] [INFO] Enriched 8800/23932 pending articles...
[2026-07-06 10:31:25] [TASK_2B] [INFO] Enriched 23800/29596 pending articles...
[2026-07-06 10:31:31] [TASK_2B] [INFO] Checkpoint saved after 8800 new articles.
[2026-07-06 10:31:32] [TASK_2B] [INFO] Checkpoint coverage: 26425/45968 unique URLs with full text (57.49%). Status: {'ok': 26280, 'restricted': 10189, 'failed': 9254, 'partial': 145, 'fetch_failed': 100}. By source: {'cafef': {'total': 19364, 'full_text': 1674, 'coverage_pct': 8.64}, 'kinhtechungkhoan': {'total': 8513, 'full_text': 6679, 'coverage_pct': 78.46}, 'tnck': {'total': 1446, 'full_text': 1446, 'coverage_pct': 100.0}, 'vietnambiz': {'total': 3598, 'full_text': 3598, 'coverage_pct': 100.0}, 'vietstock': {'total': 11285, 'full_text': 11267, 'coverage_pct': 99.84}, 'vnexpress': {'total': 1762, 'full_text': 1761, 'coverage_pct': 99.94}}
[2026-07-06 10:31:42] [TASK_2B] [INFO] Checkpoint saved after 23800 new articles.
[2026-07-06 10:31:49] [TASK_2B] [INFO] Enriched 8850/23932 pending articles...
[2026-07-06 10:32:05] [TASK_2B] [INFO] Enriched 23850/29596 pending articles...
[2026-07-06 10:32:23] [TASK_2B] [INFO] Enriched 8900/23932 pending articles...
[2026-07-06 10:32:34] [TASK_2B] [INFO] Enriched 23900/29596 pending articles...
[2026-07-06 10:32:39] [TASK_2B] [INFO] Checkpoint saved after 8900 new articles.
[2026-07-06 10:32:40] [TASK_2B] [INFO] Checkpoint coverage: 26439/45968 unique URLs with full text (57.52%). Status: {'ok': 26293, 'restricted': 10189, 'failed': 9240, 'partial': 146, 'fetch_failed': 100}. By source: {'cafef': {'total': 19364, 'full_text': 1675, 'coverage_pct': 8.65}, 'kinhtechungkhoan': {'total': 8513, 'full_text': 6692, 'coverage_pct': 78.61}, 'tnck': {'total': 1446, 'full_text': 1446, 'coverage_pct': 100.0}, 'vietnambiz': {'total': 3598, 'full_text': 3598, 'coverage_pct': 100.0}, 'vietstock': {'total': 11285, 'full_text': 11267, 'coverage_pct': 99.84}, 'vnexpress': {'total': 1762, 'full_text': 1761, 'coverage_pct': 99.94}}
[2026-07-06 10:32:53] [TASK_2B] [INFO] Checkpoint saved after 23900 new articles.
[2026-07-06 10:32:56] [TASK_2B] [INFO] Enriched 8950/23932 pending articles...
[2026-07-06 10:33:07] [TASK_2B] [INFO] Enriched 23950/29596 pending articles...
[2026-07-06 10:33:21] [TASK_2B] [INFO] Enriched 9000/23932 pending articles...
[2026-07-06 10:33:33] [TASK_2B] [INFO] Enriched 24000/29596 pending articles...
[2026-07-06 10:33:40] [TASK_2B] [INFO] Checkpoint saved after 9000 new articles.
[2026-07-06 10:33:40] [TASK_2B] [INFO] Checkpoint coverage: 26468/45968 unique URLs with full text (57.58%). Status: {'ok': 26318, 'restricted': 10189, 'failed': 9211, 'partial': 150, 'fetch_failed': 100}. By source: {'cafef': {'total': 19364, 'full_text': 1679, 'coverage_pct': 8.67}, 'kinhtechungkhoan': {'total': 8513, 'full_text': 6717, 'coverage_pct': 78.9}, 'tnck': {'total': 1446, 'full_text': 1446, 'coverage_pct': 100.0}, 'vietnambiz': {'total': 3598, 'full_text': 3598, 'coverage_pct': 100.0}, 'vietstock': {'total': 11285, 'full_text': 11267, 'coverage_pct': 99.84}, 'vnexpress': {'total': 1762, 'full_text': 1761, 'coverage_pct': 99.94}}
[2026-07-06 10:33:52] [TASK_2B] [INFO] Checkpoint saved after 24000 new articles.
[2026-07-06 10:34:03] [TASK_2B] [INFO] Enriched 9050/23932 pending articles...
[2026-07-06 10:34:14] [TASK_2B] [INFO] Enriched 24050/29596 pending articles...
[2026-07-06 10:34:28] [TASK_2B] [INFO] Enriched 9100/23932 pending articles...
[2026-07-06 10:34:41] [TASK_2B] [INFO] Enriched 24100/29596 pending articles...
[2026-07-06 10:34:47] [TASK_2B] [INFO] Checkpoint saved after 9100 new articles.
[2026-07-06 10:34:47] [TASK_2B] [INFO] Checkpoint coverage: 26506/45968 unique URLs with full text (57.66%). Status: {'ok': 26351, 'restricted': 10189, 'failed': 9173, 'partial': 155, 'fetch_failed': 100}. By source: {'cafef': {'total': 19364, 'full_text': 1684, 'coverage_pct': 8.7}, 'kinhtechungkhoan': {'total': 8513, 'full_text': 6750, 'coverage_pct': 79.29}, 'tnck': {'total': 1446, 'full_text': 1446, 'coverage_pct': 100.0}, 'vietnambiz': {'total': 3598, 'full_text': 3598, 'coverage_pct': 100.0}, 'vietstock': {'total': 11285, 'full_text': 11267, 'coverage_pct': 99.84}, 'vnexpress': {'total': 1762, 'full_text': 1761, 'coverage_pct': 99.94}}
[2026-07-06 10:35:00] [TASK_2B] [INFO] Checkpoint saved after 24100 new articles.
[2026-07-06 10:35:03] [TASK_2B] [INFO] Enriched 9150/23932 pending articles...
[2026-07-06 10:35:13] [TASK_2B] [INFO] Enriched 24150/29596 pending articles...
[2026-07-06 10:35:29] [TASK_2B] [INFO] Enriched 9200/23932 pending articles...
[2026-07-06 10:35:39] [TASK_2B] [INFO] Enriched 24200/29596 pending articles...
[2026-07-06 10:35:48] [TASK_2B] [INFO] Checkpoint saved after 9200 new articles.
[2026-07-06 10:35:48] [TASK_2B] [INFO] Checkpoint coverage: 26533/45968 unique URLs with full text (57.72%). Status: {'ok': 26376, 'restricted': 10189, 'failed': 9146, 'partial': 157, 'fetch_failed': 100}. By source: {'cafef': {'total': 19364, 'full_text': 1686, 'coverage_pct': 8.71}, 'kinhtechungkhoan': {'total': 8513, 'full_text': 6775, 'coverage_pct': 79.58}, 'tnck': {'total': 1446, 'full_text': 1446, 'coverage_pct': 100.0}, 'vietnambiz': {'total': 3598, 'full_text': 3598, 'coverage_pct': 100.0}, 'vietstock': {'total': 11285, 'full_text': 11267, 'coverage_pct': 99.84}, 'vnexpress': {'total': 1762, 'full_text': 1761, 'coverage_pct': 99.94}}
[2026-07-06 10:35:58] [TASK_2B] [INFO] Checkpoint saved after 24200 new articles.
[2026-07-06 10:36:05] [TASK_2B] [INFO] Enriched 9250/23932 pending articles...
[2026-07-06 10:36:16] [TASK_2B] [INFO] Enriched 24250/29596 pending articles...
[2026-07-06 10:36:34] [TASK_2B] [INFO] Enriched 9300/23932 pending articles...
[2026-07-06 10:36:42] [TASK_2B] [INFO] Enriched 24300/29596 pending articles...
[2026-07-06 10:36:51] [TASK_2B] [INFO] Checkpoint saved after 9300 new articles.
[2026-07-06 10:36:51] [TASK_2B] [INFO] Checkpoint coverage: 26556/45968 unique URLs with full text (57.77%). Status: {'ok': 26398, 'restricted': 10189, 'failed': 9123, 'partial': 158, 'fetch_failed': 100}. By source: {'cafef': {'total': 19364, 'full_text': 1687, 'coverage_pct': 8.71}, 'kinhtechungkhoan': {'total': 8513, 'full_text': 6797, 'coverage_pct': 79.84}, 'tnck': {'total': 1446, 'full_text': 1446, 'coverage_pct': 100.0}, 'vietnambiz': {'total': 3598, 'full_text': 3598, 'coverage_pct': 100.0}, 'vietstock': {'total': 11285, 'full_text': 11267, 'coverage_pct': 99.84}, 'vnexpress': {'total': 1762, 'full_text': 1761, 'coverage_pct': 99.94}}
[2026-07-06 10:37:01] [TASK_2B] [INFO] Checkpoint saved after 24300 new articles.
[2026-07-06 10:37:09] [TASK_2B] [INFO] Enriched 9350/23932 pending articles...
[2026-07-06 10:37:19] [TASK_2B] [INFO] Enriched 24350/29596 pending articles...
[2026-07-06 10:37:47] [TASK_2B] [INFO] Enriched 9400/23932 pending articles...
[2026-07-06 10:37:51] [TASK_2B] [INFO] Enriched 24400/29596 pending articles...
[2026-07-06 10:38:03] [TASK_2B] [INFO] Checkpoint saved after 9400 new articles.
[2026-07-06 10:38:03] [TASK_2B] [INFO] Checkpoint coverage: 26574/45968 unique URLs with full text (57.81%). Status: {'ok': 26415, 'restricted': 10189, 'failed': 9105, 'partial': 159, 'fetch_failed': 100}. By source: {'cafef': {'total': 19364, 'full_text': 1688, 'coverage_pct': 8.72}, 'kinhtechungkhoan': {'total': 8513, 'full_text': 6814, 'coverage_pct': 80.04}, 'tnck': {'total': 1446, 'full_text': 1446, 'coverage_pct': 100.0}, 'vietnambiz': {'total': 3598, 'full_text': 3598, 'coverage_pct': 100.0}, 'vietstock': {'total': 11285, 'full_text': 11267, 'coverage_pct': 99.84}, 'vnexpress': {'total': 1762, 'full_text': 1761, 'coverage_pct': 99.94}}
[2026-07-06 10:38:07] [TASK_2B] [INFO] Checkpoint saved after 24400 new articles.
[2026-07-06 10:38:26] [TASK_2B] [INFO] Enriched 9450/23932 pending articles...
[2026-07-06 10:38:31] [TASK_2B] [INFO] Enriched 24450/29596 pending articles...
[2026-07-06 10:38:55] [TASK_2B] [INFO] Enriched 9500/23932 pending articles...
[2026-07-06 10:38:58] [TASK_2B] [INFO] Enriched 24500/29596 pending articles...
[2026-07-06 10:39:12] [TASK_2B] [INFO] Checkpoint saved after 9500 new articles.
[2026-07-06 10:39:12] [TASK_2B] [INFO] Checkpoint coverage: 26587/45968 unique URLs with full text (57.84%). Status: {'ok': 26428, 'restricted': 10189, 'failed': 9092, 'partial': 159, 'fetch_failed': 100}. By source: {'cafef': {'total': 19364, 'full_text': 1688, 'coverage_pct': 8.72}, 'kinhtechungkhoan': {'total': 8513, 'full_text': 6827, 'coverage_pct': 80.19}, 'tnck': {'total': 1446, 'full_text': 1446, 'coverage_pct': 100.0}, 'vietnambiz': {'total': 3598, 'full_text': 3598, 'coverage_pct': 100.0}, 'vietstock': {'total': 11285, 'full_text': 11267, 'coverage_pct': 99.84}, 'vnexpress': {'total': 1762, 'full_text': 1761, 'coverage_pct': 99.94}}
[2026-07-06 10:39:16] [TASK_2B] [INFO] Checkpoint saved after 24500 new articles.
[2026-07-06 10:39:34] [TASK_2B] [INFO] Enriched 9550/23932 pending articles...
[2026-07-06 10:39:42] [TASK_2B] [INFO] Enriched 24550/29596 pending articles...
[2026-07-06 10:40:07] [TASK_2B] [INFO] Enriched 24600/29596 pending articles...
[2026-07-06 10:40:09] [TASK_2B] [INFO] Enriched 9600/23932 pending articles...
[2026-07-06 10:40:26] [TASK_2B] [INFO] Checkpoint saved after 24600 new articles.
[2026-07-06 10:40:28] [TASK_2B] [INFO] Checkpoint saved after 9600 new articles.
[2026-07-06 10:40:28] [TASK_2B] [INFO] Checkpoint coverage: 26596/45968 unique URLs with full text (57.86%). Status: {'ok': 26436, 'restricted': 10189, 'failed': 9083, 'partial': 160, 'fetch_failed': 100}. By source: {'cafef': {'total': 19364, 'full_text': 1689, 'coverage_pct': 8.72}, 'kinhtechungkhoan': {'total': 8513, 'full_text': 6835, 'coverage_pct': 80.29}, 'tnck': {'total': 1446, 'full_text': 1446, 'coverage_pct': 100.0}, 'vietnambiz': {'total': 3598, 'full_text': 3598, 'coverage_pct': 100.0}, 'vietstock': {'total': 11285, 'full_text': 11267, 'coverage_pct': 99.84}, 'vnexpress': {'total': 1762, 'full_text': 1761, 'coverage_pct': 99.94}}
[2026-07-06 10:40:45] [TASK_2B] [INFO] Enriched 24650/29596 pending articles...
[2026-07-06 10:40:48] [TASK_2B] [INFO] Enriched 9650/23932 pending articles...
[2026-07-06 10:41:13] [TASK_2B] [INFO] Enriched 24700/29596 pending articles...
[2026-07-06 10:41:17] [TASK_2B] [INFO] Enriched 9700/23932 pending articles...
[2026-07-06 10:41:31] [TASK_2B] [INFO] Checkpoint saved after 24700 new articles.
[2026-07-06 10:41:35] [TASK_2B] [INFO] Checkpoint saved after 9700 new articles.
[2026-07-06 10:41:35] [TASK_2B] [INFO] Checkpoint coverage: 26612/45968 unique URLs with full text (57.89%). Status: {'ok': 26450, 'restricted': 10189, 'failed': 9067, 'partial': 162, 'fetch_failed': 100}. By source: {'cafef': {'total': 19364, 'full_text': 1691, 'coverage_pct': 8.73}, 'kinhtechungkhoan': {'total': 8513, 'full_text': 6849, 'coverage_pct': 80.45}, 'tnck': {'total': 1446, 'full_text': 1446, 'coverage_pct': 100.0}, 'vietnambiz': {'total': 3598, 'full_text': 3598, 'coverage_pct': 100.0}, 'vietstock': {'total': 11285, 'full_text': 11267, 'coverage_pct': 99.84}, 'vnexpress': {'total': 1762, 'full_text': 1761, 'coverage_pct': 99.94}}
[2026-07-06 10:41:50] [TASK_2B] [INFO] Enriched 24750/29596 pending articles...
[2026-07-06 10:41:59] [TASK_2B] [INFO] Enriched 9750/23932 pending articles...
[2026-07-06 10:42:24] [TASK_2B] [INFO] Enriched 24800/29596 pending articles...
[2026-07-06 10:42:32] [TASK_2B] [INFO] Enriched 9800/23932 pending articles...
[2026-07-06 10:42:42] [TASK_2B] [INFO] Checkpoint saved after 24800 new articles.
[2026-07-06 10:42:50] [TASK_2B] [INFO] Checkpoint saved after 9800 new articles.
[2026-07-06 10:42:50] [TASK_2B] [INFO] Checkpoint coverage: 26637/45968 unique URLs with full text (57.95%). Status: {'ok': 26474, 'restricted': 10189, 'failed': 9042, 'partial': 163, 'fetch_failed': 100}. By source: {'cafef': {'total': 19364, 'full_text': 1692, 'coverage_pct': 8.74}, 'kinhtechungkhoan': {'total': 8513, 'full_text': 6873, 'coverage_pct': 80.74}, 'tnck': {'total': 1446, 'full_text': 1446, 'coverage_pct': 100.0}, 'vietnambiz': {'total': 3598, 'full_text': 3598, 'coverage_pct': 100.0}, 'vietstock': {'total': 11285, 'full_text': 11267, 'coverage_pct': 99.84}, 'vnexpress': {'total': 1762, 'full_text': 1761, 'coverage_pct': 99.94}}
[2026-07-06 10:42:58] [TASK_2B] [INFO] Enriched 24850/29596 pending articles...
[2026-07-06 10:43:09] [TASK_2B] [INFO] Enriched 9850/23932 pending articles...
[2026-07-06 10:43:37] [TASK_2B] [INFO] Enriched 24900/29596 pending articles...
[2026-07-06 10:43:37] [TASK_2B] [INFO] Enriched 9900/23932 pending articles...
[2026-07-06 10:43:55] [TASK_2B] [INFO] Checkpoint saved after 24900 new articles.
[2026-07-06 10:43:55] [TASK_2B] [INFO] Checkpoint saved after 9900 new articles.
[2026-07-06 10:43:55] [TASK_2B] [INFO] Checkpoint coverage: 26650/45968 unique URLs with full text (57.98%). Status: {'ok': 26487, 'restricted': 10189, 'failed': 9029, 'partial': 163, 'fetch_failed': 100}. By source: {'cafef': {'total': 19364, 'full_text': 1692, 'coverage_pct': 8.74}, 'kinhtechungkhoan': {'total': 8513, 'full_text': 6886, 'coverage_pct': 80.89}, 'tnck': {'total': 1446, 'full_text': 1446, 'coverage_pct': 100.0}, 'vietnambiz': {'total': 3598, 'full_text': 3598, 'coverage_pct': 100.0}, 'vietstock': {'total': 11285, 'full_text': 11267, 'coverage_pct': 99.84}, 'vnexpress': {'total': 1762, 'full_text': 1761, 'coverage_pct': 99.94}}
[2026-07-06 10:44:16] [TASK_2B] [INFO] Enriched 9950/23932 pending articles...
[2026-07-06 10:44:17] [TASK_2B] [INFO] Enriched 24950/29596 pending articles...
[2026-07-06 10:44:41] [TASK_2B] [INFO] Enriched 10000/23932 pending articles...
[2026-07-06 10:44:42] [TASK_2B] [INFO] Enriched 25000/29596 pending articles...
[2026-07-06 10:44:59] [TASK_2B] [INFO] Checkpoint saved after 10000 new articles.
[2026-07-06 10:44:59] [TASK_2B] [INFO] Checkpoint coverage: 26669/45968 unique URLs with full text (58.02%). Status: {'ok': 26506, 'restricted': 10189, 'failed': 9010, 'partial': 163, 'fetch_failed': 100}. By source: {'cafef': {'total': 19364, 'full_text': 1692, 'coverage_pct': 8.74}, 'kinhtechungkhoan': {'total': 8513, 'full_text': 6905, 'coverage_pct': 81.11}, 'tnck': {'total': 1446, 'full_text': 1446, 'coverage_pct': 100.0}, 'vietnambiz': {'total': 3598, 'full_text': 3598, 'coverage_pct': 100.0}, 'vietstock': {'total': 11285, 'full_text': 11267, 'coverage_pct': 99.84}, 'vnexpress': {'total': 1762, 'full_text': 1761, 'coverage_pct': 99.94}}
[2026-07-06 10:45:01] [TASK_2B] [INFO] Checkpoint saved after 25000 new articles.
[2026-07-06 10:45:16] [TASK_2B] [INFO] Enriched 10050/23932 pending articles...
[2026-07-06 10:45:17] [TASK_2B] [INFO] Enriched 25050/29596 pending articles...
[2026-07-06 10:45:48] [TASK_2B] [INFO] Enriched 10100/23932 pending articles...
[2026-07-06 10:45:48] [TASK_2B] [INFO] Enriched 25100/29596 pending articles...
[2026-07-06 10:46:06] [TASK_2B] [INFO] Checkpoint saved after 10100 new articles.
[2026-07-06 10:46:06] [TASK_2B] [INFO] Checkpoint coverage: 26693/45968 unique URLs with full text (58.07%). Status: {'ok': 26529, 'restricted': 10189, 'failed': 8986, 'partial': 164, 'fetch_failed': 100}. By source: {'cafef': {'total': 19364, 'full_text': 1693, 'coverage_pct': 8.74}, 'kinhtechungkhoan': {'total': 8513, 'full_text': 6928, 'coverage_pct': 81.38}, 'tnck': {'total': 1446, 'full_text': 1446, 'coverage_pct': 100.0}, 'vietnambiz': {'total': 3598, 'full_text': 3598, 'coverage_pct': 100.0}, 'vietstock': {'total': 11285, 'full_text': 11267, 'coverage_pct': 99.84}, 'vnexpress': {'total': 1762, 'full_text': 1761, 'coverage_pct': 99.94}}
[2026-07-06 10:46:07] [TASK_2B] [INFO] Checkpoint saved after 25100 new articles.
[2026-07-06 10:46:22] [TASK_2B] [INFO] Enriched 25150/29596 pending articles...
[2026-07-06 10:46:24] [TASK_2B] [INFO] Enriched 10150/23932 pending articles...
[2026-07-06 10:46:53] [TASK_2B] [INFO] Enriched 25200/29596 pending articles...
[2026-07-06 10:46:53] [TASK_2B] [INFO] Enriched 10200/23932 pending articles...
[2026-07-06 10:47:12] [TASK_2B] [INFO] Checkpoint saved after 25200 new articles.
[2026-07-06 10:47:13] [TASK_2B] [INFO] Checkpoint saved after 10200 new articles.
[2026-07-06 10:47:13] [TASK_2B] [INFO] Checkpoint coverage: 26721/45968 unique URLs with full text (58.13%). Status: {'ok': 26551, 'restricted': 10189, 'failed': 8958, 'partial': 170, 'fetch_failed': 100}. By source: {'cafef': {'total': 19364, 'full_text': 1698, 'coverage_pct': 8.77}, 'kinhtechungkhoan': {'total': 8513, 'full_text': 6951, 'coverage_pct': 81.65}, 'tnck': {'total': 1446, 'full_text': 1446, 'coverage_pct': 100.0}, 'vietnambiz': {'total': 3598, 'full_text': 3598, 'coverage_pct': 100.0}, 'vietstock': {'total': 11285, 'full_text': 11267, 'coverage_pct': 99.84}, 'vnexpress': {'total': 1762, 'full_text': 1761, 'coverage_pct': 99.94}}
[2026-07-06 10:47:27] [TASK_2B] [INFO] Enriched 25250/29596 pending articles...
[2026-07-06 10:47:33] [TASK_2B] [INFO] Enriched 10250/23932 pending articles...
[2026-07-06 10:48:00] [TASK_2B] [INFO] Enriched 10300/23932 pending articles...
[2026-07-06 10:48:03] [TASK_2B] [INFO] Enriched 25300/29596 pending articles...
[2026-07-06 10:48:19] [TASK_2B] [INFO] Checkpoint saved after 10300 new articles.
[2026-07-06 10:48:19] [TASK_2B] [INFO] Checkpoint coverage: 26746/45968 unique URLs with full text (58.18%). Status: {'ok': 26573, 'restricted': 10189, 'failed': 8933, 'partial': 173, 'fetch_failed': 100}. By source: {'cafef': {'total': 19364, 'full_text': 1701, 'coverage_pct': 8.78}, 'kinhtechungkhoan': {'total': 8513, 'full_text': 6973, 'coverage_pct': 81.91}, 'tnck': {'total': 1446, 'full_text': 1446, 'coverage_pct': 100.0}, 'vietnambiz': {'total': 3598, 'full_text': 3598, 'coverage_pct': 100.0}, 'vietstock': {'total': 11285, 'full_text': 11267, 'coverage_pct': 99.84}, 'vnexpress': {'total': 1762, 'full_text': 1761, 'coverage_pct': 99.94}}
[2026-07-06 10:48:21] [TASK_2B] [INFO] Checkpoint saved after 25300 new articles.
[2026-07-06 10:48:37] [TASK_2B] [INFO] Enriched 10350/23932 pending articles...
[2026-07-06 10:48:37] [TASK_2B] [INFO] Enriched 25350/29596 pending articles...
[2026-07-06 10:49:06] [TASK_2B] [INFO] Enriched 25400/29596 pending articles...
[2026-07-06 10:49:06] [TASK_2B] [INFO] Enriched 10400/23932 pending articles...
[2026-07-06 10:49:25] [TASK_2B] [INFO] Checkpoint saved after 25400 new articles.
[2026-07-06 10:49:25] [TASK_2B] [INFO] Checkpoint saved after 10400 new articles.
[2026-07-06 10:49:25] [TASK_2B] [INFO] Checkpoint coverage: 26776/45968 unique URLs with full text (58.25%). Status: {'ok': 26596, 'restricted': 10189, 'failed': 8903, 'partial': 180, 'fetch_failed': 100}. By source: {'cafef': {'total': 19364, 'full_text': 1708, 'coverage_pct': 8.82}, 'kinhtechungkhoan': {'total': 8513, 'full_text': 6996, 'coverage_pct': 82.18}, 'tnck': {'total': 1446, 'full_text': 1446, 'coverage_pct': 100.0}, 'vietnambiz': {'total': 3598, 'full_text': 3598, 'coverage_pct': 100.0}, 'vietstock': {'total': 11285, 'full_text': 11267, 'coverage_pct': 99.84}, 'vnexpress': {'total': 1762, 'full_text': 1761, 'coverage_pct': 99.94}}
[2026-07-06 10:49:39] [TASK_2B] [INFO] Enriched 25450/29596 pending articles...
[2026-07-06 10:49:42] [TASK_2B] [INFO] Enriched 10450/23932 pending articles...
[2026-07-06 10:50:03] [TASK_2B] [INFO] Enriched 25500/29596 pending articles...
[2026-07-06 10:50:05] [TASK_2B] [INFO] Enriched 10500/23932 pending articles...
[2026-07-06 10:50:22] [TASK_2B] [INFO] Checkpoint saved after 25500 new articles.
[2026-07-06 10:50:26] [TASK_2B] [INFO] Checkpoint saved after 10500 new articles.
[2026-07-06 10:50:26] [TASK_2B] [INFO] Checkpoint coverage: 26814/45968 unique URLs with full text (58.33%). Status: {'ok': 26621, 'restricted': 10189, 'failed': 8865, 'partial': 193, 'fetch_failed': 100}. By source: {'cafef': {'total': 19364, 'full_text': 1721, 'coverage_pct': 8.89}, 'kinhtechungkhoan': {'total': 8513, 'full_text': 7021, 'coverage_pct': 82.47}, 'tnck': {'total': 1446, 'full_text': 1446, 'coverage_pct': 100.0}, 'vietnambiz': {'total': 3598, 'full_text': 3598, 'coverage_pct': 100.0}, 'vietstock': {'total': 11285, 'full_text': 11267, 'coverage_pct': 99.84}, 'vnexpress': {'total': 1762, 'full_text': 1761, 'coverage_pct': 99.94}}
[2026-07-06 10:50:37] [TASK_2B] [INFO] Enriched 25550/29596 pending articles...
[2026-07-06 10:50:44] [TASK_2B] [INFO] Enriched 10550/23932 pending articles...
[2026-07-06 10:51:10] [TASK_2B] [INFO] Enriched 25600/29596 pending articles...
[2026-07-06 10:51:14] [TASK_2B] [INFO] Enriched 10600/23932 pending articles...
[2026-07-06 10:51:27] [TASK_2B] [INFO] Checkpoint saved after 25600 new articles.
[2026-07-06 10:51:31] [TASK_2B] [INFO] Checkpoint saved after 10600 new articles.
[2026-07-06 10:51:32] [TASK_2B] [INFO] Checkpoint coverage: 26832/45968 unique URLs with full text (58.37%). Status: {'ok': 26635, 'restricted': 10189, 'failed': 8847, 'partial': 197, 'fetch_failed': 100}. By source: {'cafef': {'total': 19364, 'full_text': 1725, 'coverage_pct': 8.91}, 'kinhtechungkhoan': {'total': 8513, 'full_text': 7035, 'coverage_pct': 82.64}, 'tnck': {'total': 1446, 'full_text': 1446, 'coverage_pct': 100.0}, 'vietnambiz': {'total': 3598, 'full_text': 3598, 'coverage_pct': 100.0}, 'vietstock': {'total': 11285, 'full_text': 11267, 'coverage_pct': 99.84}, 'vnexpress': {'total': 1762, 'full_text': 1761, 'coverage_pct': 99.94}}
[2026-07-06 10:51:46] [TASK_2B] [INFO] Enriched 25650/29596 pending articles...
[2026-07-06 10:51:53] [TASK_2B] [INFO] Enriched 10650/23932 pending articles...
[2026-07-06 10:52:16] [TASK_2B] [INFO] Enriched 25700/29596 pending articles...
[2026-07-06 10:52:25] [TASK_2B] [INFO] Enriched 10700/23932 pending articles...
[2026-07-06 10:52:35] [TASK_2B] [INFO] Checkpoint saved after 25700 new articles.
[2026-07-06 10:52:48] [TASK_2B] [INFO] Checkpoint saved after 10700 new articles.
[2026-07-06 10:52:48] [TASK_2B] [INFO] Checkpoint coverage: 26853/45968 unique URLs with full text (58.42%). Status: {'ok': 26647, 'restricted': 10189, 'failed': 8826, 'partial': 206, 'fetch_failed': 100}. By source: {'cafef': {'total': 19364, 'full_text': 1734, 'coverage_pct': 8.95}, 'kinhtechungkhoan': {'total': 8513, 'full_text': 7047, 'coverage_pct': 82.78}, 'tnck': {'total': 1446, 'full_text': 1446, 'coverage_pct': 100.0}, 'vietnambiz': {'total': 3598, 'full_text': 3598, 'coverage_pct': 100.0}, 'vietstock': {'total': 11285, 'full_text': 11267, 'coverage_pct': 99.84}, 'vnexpress': {'total': 1762, 'full_text': 1761, 'coverage_pct': 99.94}}
[2026-07-06 10:52:53] [TASK_2B] [INFO] Enriched 25750/29596 pending articles...
[2026-07-06 10:52:59] [TASK_2B] [INFO] Enriched 10750/23932 pending articles...
[2026-07-06 10:53:19] [TASK_2B] [INFO] Enriched 25800/29596 pending articles...
[2026-07-06 10:53:23] [TASK_2B] [INFO] Enriched 10800/23932 pending articles...
[2026-07-06 10:53:39] [TASK_2B] [INFO] Checkpoint saved after 25800 new articles.
[2026-07-06 10:53:45] [TASK_2B] [INFO] Checkpoint saved after 10800 new articles.
[2026-07-06 10:53:46] [TASK_2B] [INFO] Checkpoint coverage: 26889/45968 unique URLs with full text (58.50%). Status: {'ok': 26678, 'restricted': 10189, 'failed': 8790, 'partial': 211, 'fetch_failed': 100}. By source: {'cafef': {'total': 19364, 'full_text': 1739, 'coverage_pct': 8.98}, 'kinhtechungkhoan': {'total': 8513, 'full_text': 7078, 'coverage_pct': 83.14}, 'tnck': {'total': 1446, 'full_text': 1446, 'coverage_pct': 100.0}, 'vietnambiz': {'total': 3598, 'full_text': 3598, 'coverage_pct': 100.0}, 'vietstock': {'total': 11285, 'full_text': 11267, 'coverage_pct': 99.84}, 'vnexpress': {'total': 1762, 'full_text': 1761, 'coverage_pct': 99.94}}
[2026-07-06 10:53:56] [TASK_2B] [INFO] Enriched 10850/23932 pending articles...
[2026-07-06 10:53:57] [TASK_2B] [INFO] Enriched 25850/29596 pending articles...
[2026-07-06 10:54:22] [TASK_2B] [INFO] Enriched 10900/23932 pending articles...
[2026-07-06 10:54:24] [TASK_2B] [INFO] Enriched 25900/29596 pending articles...
[2026-07-06 10:54:43] [TASK_2B] [INFO] Checkpoint saved after 10900 new articles.
[2026-07-06 10:54:44] [TASK_2B] [INFO] Checkpoint saved after 25900 new articles.
[2026-07-06 10:54:44] [TASK_2B] [INFO] Checkpoint coverage: 26921/45968 unique URLs with full text (58.56%). Status: {'ok': 26707, 'restricted': 10189, 'failed': 8758, 'partial': 214, 'fetch_failed': 100}. By source: {'cafef': {'total': 19364, 'full_text': 1742, 'coverage_pct': 9.0}, 'kinhtechungkhoan': {'total': 8513, 'full_text': 7107, 'coverage_pct': 83.48}, 'tnck': {'total': 1446, 'full_text': 1446, 'coverage_pct': 100.0}, 'vietnambiz': {'total': 3598, 'full_text': 3598, 'coverage_pct': 100.0}, 'vietstock': {'total': 11285, 'full_text': 11267, 'coverage_pct': 99.84}, 'vnexpress': {'total': 1762, 'full_text': 1761, 'coverage_pct': 99.94}}
[2026-07-06 10:54:57] [TASK_2B] [INFO] Enriched 10950/23932 pending articles...
[2026-07-06 10:54:59] [TASK_2B] [INFO] Enriched 25950/29596 pending articles...
[2026-07-06 10:55:21] [TASK_2B] [INFO] Enriched 11000/23932 pending articles...
[2026-07-06 10:55:23] [TASK_2B] [INFO] Enriched 26000/29596 pending articles...
[2026-07-06 10:55:42] [TASK_2B] [INFO] Checkpoint saved after 11000 new articles.
[2026-07-06 10:55:42] [TASK_2B] [INFO] Checkpoint coverage: 26954/45968 unique URLs with full text (58.64%). Status: {'ok': 26739, 'restricted': 10189, 'failed': 8725, 'partial': 215, 'fetch_failed': 100}. By source: {'cafef': {'total': 19364, 'full_text': 1743, 'coverage_pct': 9.0}, 'kinhtechungkhoan': {'total': 8513, 'full_text': 7139, 'coverage_pct': 83.86}, 'tnck': {'total': 1446, 'full_text': 1446, 'coverage_pct': 100.0}, 'vietnambiz': {'total': 3598, 'full_text': 3598, 'coverage_pct': 100.0}, 'vietstock': {'total': 11285, 'full_text': 11267, 'coverage_pct': 99.84}, 'vnexpress': {'total': 1762, 'full_text': 1761, 'coverage_pct': 99.94}}
[2026-07-06 10:55:46] [TASK_2B] [INFO] Checkpoint saved after 26000 new articles.
[2026-07-06 10:55:57] [TASK_2B] [INFO] Enriched 11050/23932 pending articles...
[2026-07-06 10:55:58] [TASK_2B] [INFO] Enriched 26050/29596 pending articles...
[2026-07-06 10:56:23] [TASK_2B] [INFO] Enriched 11100/23932 pending articles...
[2026-07-06 10:56:26] [TASK_2B] [INFO] Enriched 26100/29596 pending articles...
[2026-07-06 10:56:42] [TASK_2B] [INFO] Checkpoint saved after 11100 new articles.
[2026-07-06 10:56:42] [TASK_2B] [INFO] Checkpoint coverage: 26974/45968 unique URLs with full text (58.68%). Status: {'ok': 26758, 'restricted': 10189, 'failed': 8705, 'partial': 216, 'fetch_failed': 100}. By source: {'cafef': {'total': 19364, 'full_text': 1744, 'coverage_pct': 9.01}, 'kinhtechungkhoan': {'total': 8513, 'full_text': 7158, 'coverage_pct': 84.08}, 'tnck': {'total': 1446, 'full_text': 1446, 'coverage_pct': 100.0}, 'vietnambiz': {'total': 3598, 'full_text': 3598, 'coverage_pct': 100.0}, 'vietstock': {'total': 11285, 'full_text': 11267, 'coverage_pct': 99.84}, 'vnexpress': {'total': 1762, 'full_text': 1761, 'coverage_pct': 99.94}}
[2026-07-06 10:56:46] [TASK_2B] [INFO] Checkpoint saved after 26100 new articles.
[2026-07-06 10:57:00] [TASK_2B] [INFO] Enriched 11150/23932 pending articles...
[2026-07-06 10:57:03] [TASK_2B] [INFO] Enriched 26150/29596 pending articles...
[2026-07-06 10:57:28] [TASK_2B] [INFO] Enriched 11200/23932 pending articles...
[2026-07-06 10:57:37] [TASK_2B] [INFO] Enriched 26200/29596 pending articles...
[2026-07-06 10:57:49] [TASK_2B] [INFO] Checkpoint saved after 11200 new articles.
[2026-07-06 10:57:49] [TASK_2B] [INFO] Checkpoint coverage: 27011/45968 unique URLs with full text (58.76%). Status: {'ok': 26779, 'restricted': 10189, 'failed': 8668, 'partial': 232, 'fetch_failed': 100}. By source: {'cafef': {'total': 19364, 'full_text': 1760, 'coverage_pct': 9.09}, 'kinhtechungkhoan': {'total': 8513, 'full_text': 7179, 'coverage_pct': 84.33}, 'tnck': {'total': 1446, 'full_text': 1446, 'coverage_pct': 100.0}, 'vietnambiz': {'total': 3598, 'full_text': 3598, 'coverage_pct': 100.0}, 'vietstock': {'total': 11285, 'full_text': 11267, 'coverage_pct': 99.84}, 'vnexpress': {'total': 1762, 'full_text': 1761, 'coverage_pct': 99.94}}
[2026-07-06 10:57:56] [TASK_2B] [INFO] Checkpoint saved after 26200 new articles.
[2026-07-06 10:58:02] [TASK_2B] [INFO] Enriched 11250/23932 pending articles...
[2026-07-06 10:58:14] [TASK_2B] [INFO] Enriched 26250/29596 pending articles...
[2026-07-06 10:58:33] [TASK_2B] [INFO] Enriched 11300/23932 pending articles...
[2026-07-06 10:58:43] [TASK_2B] [INFO] Enriched 26300/29596 pending articles...
[2026-07-06 10:58:54] [TASK_2B] [INFO] Checkpoint saved after 11300 new articles.
[2026-07-06 10:58:54] [TASK_2B] [INFO] Checkpoint coverage: 27049/45968 unique URLs with full text (58.84%). Status: {'ok': 26809, 'restricted': 10189, 'failed': 8630, 'partial': 240, 'fetch_failed': 100}. By source: {'cafef': {'total': 19364, 'full_text': 1768, 'coverage_pct': 9.13}, 'kinhtechungkhoan': {'total': 8513, 'full_text': 7209, 'coverage_pct': 84.68}, 'tnck': {'total': 1446, 'full_text': 1446, 'coverage_pct': 100.0}, 'vietnambiz': {'total': 3598, 'full_text': 3598, 'coverage_pct': 100.0}, 'vietstock': {'total': 11285, 'full_text': 11267, 'coverage_pct': 99.84}, 'vnexpress': {'total': 1762, 'full_text': 1761, 'coverage_pct': 99.94}}
[2026-07-06 10:59:03] [TASK_2B] [INFO] Checkpoint saved after 26300 new articles.
[2026-07-06 10:59:08] [TASK_2B] [INFO] Enriched 11350/23932 pending articles...
[2026-07-06 10:59:20] [TASK_2B] [INFO] Enriched 26350/29596 pending articles...
[2026-07-06 10:59:34] [TASK_2B] [INFO] Enriched 11400/23932 pending articles...
[2026-07-06 10:59:47] [TASK_2B] [INFO] Enriched 26400/29596 pending articles...
[2026-07-06 10:59:54] [TASK_2B] [INFO] Checkpoint saved after 11400 new articles.
[2026-07-06 10:59:55] [TASK_2B] [INFO] Checkpoint coverage: 27095/45968 unique URLs with full text (58.94%). Status: {'ok': 26833, 'restricted': 10189, 'failed': 8584, 'partial': 262, 'fetch_failed': 100}. By source: {'cafef': {'total': 19364, 'full_text': 1790, 'coverage_pct': 9.24}, 'kinhtechungkhoan': {'total': 8513, 'full_text': 7233, 'coverage_pct': 84.96}, 'tnck': {'total': 1446, 'full_text': 1446, 'coverage_pct': 100.0}, 'vietnambiz': {'total': 3598, 'full_text': 3598, 'coverage_pct': 100.0}, 'vietstock': {'total': 11285, 'full_text': 11267, 'coverage_pct': 99.84}, 'vnexpress': {'total': 1762, 'full_text': 1761, 'coverage_pct': 99.94}}
[2026-07-06 11:00:08] [TASK_2B] [INFO] Checkpoint saved after 26400 new articles.
[2026-07-06 11:00:08] [TASK_2B] [INFO] Enriched 11450/23932 pending articles...
[2026-07-06 11:00:24] [TASK_2B] [INFO] Enriched 26450/29596 pending articles...
[2026-07-06 11:00:33] [TASK_2B] [INFO] Enriched 11500/23932 pending articles...
[2026-07-06 11:00:52] [TASK_2B] [INFO] Checkpoint saved after 11500 new articles.
[2026-07-06 11:00:53] [TASK_2B] [INFO] Checkpoint coverage: 27136/45968 unique URLs with full text (59.03%). Status: {'ok': 26867, 'restricted': 10189, 'failed': 8543, 'partial': 269, 'fetch_failed': 100}. By source: {'cafef': {'total': 19364, 'full_text': 1797, 'coverage_pct': 9.28}, 'kinhtechungkhoan': {'total': 8513, 'full_text': 7267, 'coverage_pct': 85.36}, 'tnck': {'total': 1446, 'full_text': 1446, 'coverage_pct': 100.0}, 'vietnambiz': {'total': 3598, 'full_text': 3598, 'coverage_pct': 100.0}, 'vietstock': {'total': 11285, 'full_text': 11267, 'coverage_pct': 99.84}, 'vnexpress': {'total': 1762, 'full_text': 1761, 'coverage_pct': 99.94}}
[2026-07-06 11:00:55] [TASK_2B] [INFO] Enriched 26500/29596 pending articles...
[2026-07-06 11:01:06] [TASK_2B] [INFO] Enriched 11550/23932 pending articles...
[2026-07-06 11:01:16] [TASK_2B] [INFO] Checkpoint saved after 26500 new articles.
[2026-07-06 11:01:31] [TASK_2B] [INFO] Enriched 26550/29596 pending articles...
[2026-07-06 11:01:32] [TASK_2B] [INFO] Enriched 11600/23932 pending articles...
[2026-07-06 11:01:51] [TASK_2B] [INFO] Checkpoint saved after 11600 new articles.
[2026-07-06 11:01:52] [TASK_2B] [INFO] Checkpoint coverage: 27165/45968 unique URLs with full text (59.10%). Status: {'ok': 26892, 'restricted': 10179, 'failed': 8524, 'partial': 273, 'fetch_failed': 100}. By source: {'cafef': {'total': 19364, 'full_text': 1801, 'coverage_pct': 9.3}, 'kinhtechungkhoan': {'total': 8513, 'full_text': 7292, 'coverage_pct': 85.66}, 'tnck': {'total': 1446, 'full_text': 1446, 'coverage_pct': 100.0}, 'vietnambiz': {'total': 3598, 'full_text': 3598, 'coverage_pct': 100.0}, 'vietstock': {'total': 11285, 'full_text': 11267, 'coverage_pct': 99.84}, 'vnexpress': {'total': 1762, 'full_text': 1761, 'coverage_pct': 99.94}}
[2026-07-06 11:01:59] [TASK_2B] [INFO] Enriched 26600/29596 pending articles...
[2026-07-06 11:02:09] [TASK_2B] [INFO] Enriched 11650/23932 pending articles...
[2026-07-06 11:02:18] [TASK_2B] [INFO] Checkpoint saved after 26600 new articles.
[2026-07-06 11:02:38] [TASK_2B] [INFO] Enriched 26650/29596 pending articles...
[2026-07-06 11:02:43] [TASK_2B] [INFO] Enriched 11700/23932 pending articles...
[2026-07-06 11:03:01] [TASK_2B] [INFO] Checkpoint saved after 11700 new articles.
[2026-07-06 11:03:01] [TASK_2B] [INFO] Checkpoint coverage: 27177/45968 unique URLs with full text (59.12%). Status: {'ok': 26903, 'restricted': 10093, 'failed': 8598, 'partial': 274, 'fetch_failed': 100}. By source: {'cafef': {'total': 19364, 'full_text': 1802, 'coverage_pct': 9.31}, 'kinhtechungkhoan': {'total': 8513, 'full_text': 7303, 'coverage_pct': 85.79}, 'tnck': {'total': 1446, 'full_text': 1446, 'coverage_pct': 100.0}, 'vietnambiz': {'total': 3598, 'full_text': 3598, 'coverage_pct': 100.0}, 'vietstock': {'total': 11285, 'full_text': 11267, 'coverage_pct': 99.84}, 'vnexpress': {'total': 1762, 'full_text': 1761, 'coverage_pct': 99.94}}
[2026-07-06 11:03:06] [TASK_2B] [INFO] Enriched 26700/29596 pending articles...
[2026-07-06 11:03:22] [TASK_2B] [INFO] Enriched 11750/23932 pending articles...
[2026-07-06 11:03:25] [TASK_2B] [INFO] Checkpoint saved after 26700 new articles.
[2026-07-06 11:03:44] [TASK_2B] [INFO] Enriched 26750/29596 pending articles...
[2026-07-06 11:03:51] [TASK_2B] [INFO] Enriched 11800/23932 pending articles...
[2026-07-06 11:04:10] [TASK_2B] [INFO] Checkpoint saved after 11800 new articles.
[2026-07-06 11:04:10] [TASK_2B] [INFO] Checkpoint coverage: 27195/45968 unique URLs with full text (59.16%). Status: {'ok': 26916, 'restricted': 10007, 'failed': 8666, 'partial': 279, 'fetch_failed': 100}. By source: {'cafef': {'total': 19364, 'full_text': 1807, 'coverage_pct': 9.33}, 'kinhtechungkhoan': {'total': 8513, 'full_text': 7316, 'coverage_pct': 85.94}, 'tnck': {'total': 1446, 'full_text': 1446, 'coverage_pct': 100.0}, 'vietnambiz': {'total': 3598, 'full_text': 3598, 'coverage_pct': 100.0}, 'vietstock': {'total': 11285, 'full_text': 11267, 'coverage_pct': 99.84}, 'vnexpress': {'total': 1762, 'full_text': 1761, 'coverage_pct': 99.94}}
[2026-07-06 11:04:14] [TASK_2B] [INFO] Enriched 26800/29596 pending articles...
[2026-07-06 11:04:29] [TASK_2B] [INFO] Enriched 11850/23932 pending articles...
[2026-07-06 11:04:32] [TASK_2B] [INFO] Checkpoint saved after 26800 new articles.
[2026-07-06 11:04:53] [TASK_2B] [INFO] Enriched 26850/29596 pending articles...
[2026-07-06 11:05:00] [TASK_2B] [INFO] Enriched 11900/23932 pending articles...
[2026-07-06 11:05:19] [TASK_2B] [INFO] Checkpoint saved after 11900 new articles.
[2026-07-06 11:05:19] [TASK_2B] [INFO] Checkpoint coverage: 27206/45968 unique URLs with full text (59.18%). Status: {'ok': 26927, 'restricted': 9922, 'failed': 8740, 'partial': 279, 'fetch_failed': 100}. By source: {'cafef': {'total': 19364, 'full_text': 1807, 'coverage_pct': 9.33}, 'kinhtechungkhoan': {'total': 8513, 'full_text': 7327, 'coverage_pct': 86.07}, 'tnck': {'total': 1446, 'full_text': 1446, 'coverage_pct': 100.0}, 'vietnambiz': {'total': 3598, 'full_text': 3598, 'coverage_pct': 100.0}, 'vietstock': {'total': 11285, 'full_text': 11267, 'coverage_pct': 99.84}, 'vnexpress': {'total': 1762, 'full_text': 1761, 'coverage_pct': 99.94}}
[2026-07-06 11:05:23] [TASK_2B] [INFO] Enriched 26900/29596 pending articles...
[2026-07-06 11:05:36] [TASK_2B] [INFO] Enriched 11950/23932 pending articles...
[2026-07-06 11:05:42] [TASK_2B] [INFO] Checkpoint saved after 26900 new articles.
[2026-07-06 11:05:59] [TASK_2B] [INFO] Enriched 26950/29596 pending articles...
[2026-07-06 11:06:00] [TASK_2B] [INFO] Enriched 12000/23932 pending articles...
[2026-07-06 11:06:21] [TASK_2B] [INFO] Checkpoint saved after 12000 new articles.
[2026-07-06 11:06:21] [TASK_2B] [INFO] Checkpoint coverage: 27228/45968 unique URLs with full text (59.23%). Status: {'ok': 26949, 'restricted': 9851, 'failed': 8789, 'partial': 279, 'fetch_failed': 100}. By source: {'cafef': {'total': 19364, 'full_text': 1807, 'coverage_pct': 9.33}, 'kinhtechungkhoan': {'total': 8513, 'full_text': 7349, 'coverage_pct': 86.33}, 'tnck': {'total': 1446, 'full_text': 1446, 'coverage_pct': 100.0}, 'vietnambiz': {'total': 3598, 'full_text': 3598, 'coverage_pct': 100.0}, 'vietstock': {'total': 11285, 'full_text': 11267, 'coverage_pct': 99.84}, 'vnexpress': {'total': 1762, 'full_text': 1761, 'coverage_pct': 99.94}}
[2026-07-06 11:06:27] [TASK_2B] [INFO] Enriched 27000/29596 pending articles...
[2026-07-06 11:06:33] [TASK_2B] [INFO] Enriched 12050/23932 pending articles...
[2026-07-06 11:06:49] [TASK_2B] [INFO] Checkpoint saved after 27000 new articles.
[2026-07-06 11:07:01] [TASK_2B] [INFO] Enriched 12100/23932 pending articles...
[2026-07-06 11:07:03] [TASK_2B] [INFO] Enriched 27050/29596 pending articles...
[2026-07-06 11:07:19] [TASK_2B] [INFO] Checkpoint saved after 12100 new articles.
[2026-07-06 11:07:19] [TASK_2B] [INFO] Checkpoint coverage: 27255/45968 unique URLs with full text (59.29%). Status: {'ok': 26976, 'restricted': 9781, 'failed': 8832, 'partial': 279, 'fetch_failed': 100}. By source: {'cafef': {'total': 19364, 'full_text': 1807, 'coverage_pct': 9.33}, 'kinhtechungkhoan': {'total': 8513, 'full_text': 7376, 'coverage_pct': 86.64}, 'tnck': {'total': 1446, 'full_text': 1446, 'coverage_pct': 100.0}, 'vietnambiz': {'total': 3598, 'full_text': 3598, 'coverage_pct': 100.0}, 'vietstock': {'total': 11285, 'full_text': 11267, 'coverage_pct': 99.84}, 'vnexpress': {'total': 1762, 'full_text': 1761, 'coverage_pct': 99.94}}
[2026-07-06 11:07:30] [TASK_2B] [INFO] Enriched 27100/29596 pending articles...
[2026-07-06 11:07:37] [TASK_2B] [INFO] Enriched 12150/23932 pending articles...
[2026-07-06 11:07:50] [TASK_2B] [INFO] Checkpoint saved after 27100 new articles.
[2026-07-06 11:08:07] [TASK_2B] [INFO] Enriched 27150/29596 pending articles...
[2026-07-06 11:08:13] [TASK_2B] [INFO] Enriched 12200/23932 pending articles...
[2026-07-06 11:08:32] [TASK_2B] [INFO] Checkpoint saved after 12200 new articles.
[2026-07-06 11:08:32] [TASK_2B] [INFO] Checkpoint coverage: 27272/45968 unique URLs with full text (59.33%). Status: {'ok': 26990, 'restricted': 9704, 'failed': 8892, 'partial': 282, 'fetch_failed': 100}. By source: {'cafef': {'total': 19364, 'full_text': 1810, 'coverage_pct': 9.35}, 'kinhtechungkhoan': {'total': 8513, 'full_text': 7390, 'coverage_pct': 86.81}, 'tnck': {'total': 1446, 'full_text': 1446, 'coverage_pct': 100.0}, 'vietnambiz': {'total': 3598, 'full_text': 3598, 'coverage_pct': 100.0}, 'vietstock': {'total': 11285, 'full_text': 11267, 'coverage_pct': 99.84}, 'vnexpress': {'total': 1762, 'full_text': 1761, 'coverage_pct': 99.94}}
[2026-07-06 11:08:36] [TASK_2B] [INFO] Enriched 27200/29596 pending articles...
[2026-07-06 11:08:49] [TASK_2B] [INFO] Enriched 12250/23932 pending articles...
[2026-07-06 11:08:55] [TASK_2B] [INFO] Checkpoint saved after 27200 new articles.
[2026-07-06 11:09:16] [TASK_2B] [INFO] Enriched 27250/29596 pending articles...
[2026-07-06 11:09:28] [TASK_2B] [INFO] Enriched 12300/23932 pending articles...
[2026-07-06 11:09:46] [TASK_2B] [INFO] Checkpoint saved after 12300 new articles.
[2026-07-06 11:09:46] [TASK_2B] [INFO] Checkpoint coverage: 27288/45968 unique URLs with full text (59.36%). Status: {'ok': 27002, 'restricted': 9625, 'failed': 8955, 'partial': 286, 'fetch_failed': 100}. By source: {'cafef': {'total': 19364, 'full_text': 1814, 'coverage_pct': 9.37}, 'kinhtechungkhoan': {'total': 8513, 'full_text': 7402, 'coverage_pct': 86.95}, 'tnck': {'total': 1446, 'full_text': 1446, 'coverage_pct': 100.0}, 'vietnambiz': {'total': 3598, 'full_text': 3598, 'coverage_pct': 100.0}, 'vietstock': {'total': 11285, 'full_text': 11267, 'coverage_pct': 99.84}, 'vnexpress': {'total': 1762, 'full_text': 1761, 'coverage_pct': 99.94}}
[2026-07-06 11:09:57] [TASK_2B] [INFO] Enriched 27300/29596 pending articles...
[2026-07-06 11:10:03] [TASK_2B] [INFO] Enriched 12350/23932 pending articles...
[2026-07-06 11:10:16] [TASK_2B] [INFO] Checkpoint saved after 27300 new articles.
[2026-07-06 11:10:34] [TASK_2B] [INFO] Enriched 27350/29596 pending articles...
[2026-07-06 11:10:36] [TASK_2B] [INFO] Enriched 12400/23932 pending articles...
[2026-07-06 11:10:54] [TASK_2B] [INFO] Checkpoint saved after 12400 new articles.
[2026-07-06 11:10:54] [TASK_2B] [INFO] Checkpoint coverage: 27310/45968 unique URLs with full text (59.41%). Status: {'ok': 27021, 'restricted': 9545, 'failed': 9013, 'partial': 289, 'fetch_failed': 100}. By source: {'cafef': {'total': 19364, 'full_text': 1817, 'coverage_pct': 9.38}, 'kinhtechungkhoan': {'total': 8513, 'full_text': 7421, 'coverage_pct': 87.17}, 'tnck': {'total': 1446, 'full_text': 1446, 'coverage_pct': 100.0}, 'vietnambiz': {'total': 3598, 'full_text': 3598, 'coverage_pct': 100.0}, 'vietstock': {'total': 11285, 'full_text': 11267, 'coverage_pct': 99.84}, 'vnexpress': {'total': 1762, 'full_text': 1761, 'coverage_pct': 99.94}}
[2026-07-06 11:11:10] [TASK_2B] [INFO] Enriched 27400/29596 pending articles...
[2026-07-06 11:11:15] [TASK_2B] [INFO] Enriched 12450/23932 pending articles...
[2026-07-06 11:11:26] [TASK_2B] [INFO] Checkpoint saved after 27400 new articles.
[2026-07-06 11:11:54] [TASK_2B] [INFO] Enriched 12500/23932 pending articles...
[2026-07-06 11:11:58] [TASK_2B] [INFO] Enriched 27450/29596 pending articles...
[2026-07-06 11:12:13] [TASK_2B] [INFO] Checkpoint saved after 12500 new articles.
[2026-07-06 11:12:13] [TASK_2B] [INFO] Checkpoint coverage: 27323/45968 unique URLs with full text (59.44%). Status: {'ok': 27033, 'restricted': 9463, 'failed': 9082, 'partial': 290, 'fetch_failed': 100}. By source: {'cafef': {'total': 19364, 'full_text': 1818, 'coverage_pct': 9.39}, 'kinhtechungkhoan': {'total': 8513, 'full_text': 7433, 'coverage_pct': 87.31}, 'tnck': {'total': 1446, 'full_text': 1446, 'coverage_pct': 100.0}, 'vietnambiz': {'total': 3598, 'full_text': 3598, 'coverage_pct': 100.0}, 'vietstock': {'total': 11285, 'full_text': 11267, 'coverage_pct': 99.84}, 'vnexpress': {'total': 1762, 'full_text': 1761, 'coverage_pct': 99.94}}
[2026-07-06 11:12:26] [TASK_2B] [INFO] Enriched 27500/29596 pending articles...
[2026-07-06 11:12:33] [TASK_2B] [INFO] Enriched 12550/23932 pending articles...
[2026-07-06 11:12:44] [TASK_2B] [INFO] Checkpoint saved after 27500 new articles.
[2026-07-06 11:13:04] [TASK_2B] [INFO] Enriched 27550/29596 pending articles...
[2026-07-06 11:13:07] [TASK_2B] [INFO] Enriched 12600/23932 pending articles...
[2026-07-06 11:13:23] [TASK_2B] [INFO] Checkpoint saved after 12600 new articles.
[2026-07-06 11:13:23] [TASK_2B] [INFO] Checkpoint coverage: 27338/45968 unique URLs with full text (59.47%). Status: {'ok': 27046, 'restricted': 9380, 'failed': 9150, 'partial': 292, 'fetch_failed': 100}. By source: {'cafef': {'total': 19364, 'full_text': 1820, 'coverage_pct': 9.4}, 'kinhtechungkhoan': {'total': 8513, 'full_text': 7446, 'coverage_pct': 87.47}, 'tnck': {'total': 1446, 'full_text': 1446, 'coverage_pct': 100.0}, 'vietnambiz': {'total': 3598, 'full_text': 3598, 'coverage_pct': 100.0}, 'vietstock': {'total': 11285, 'full_text': 11267, 'coverage_pct': 99.84}, 'vnexpress': {'total': 1762, 'full_text': 1761, 'coverage_pct': 99.94}}
[2026-07-06 11:13:43] [TASK_2B] [INFO] Enriched 27600/29596 pending articles...
[2026-07-06 11:13:43] [TASK_2B] [INFO] Enriched 12650/23932 pending articles...
[2026-07-06 11:13:59] [TASK_2B] [INFO] Checkpoint saved after 27600 new articles.
[2026-07-06 11:14:15] [TASK_2B] [INFO] Enriched 12700/23932 pending articles...
[2026-07-06 11:14:31] [TASK_2B] [INFO] Enriched 27650/29596 pending articles...
[2026-07-06 11:14:31] [TASK_2B] [INFO] Checkpoint saved after 12700 new articles.
[2026-07-06 11:14:31] [TASK_2B] [INFO] Checkpoint coverage: 27350/45968 unique URLs with full text (59.50%). Status: {'ok': 27055, 'restricted': 9291, 'failed': 9227, 'partial': 295, 'fetch_failed': 100}. By source: {'cafef': {'total': 19364, 'full_text': 1823, 'coverage_pct': 9.41}, 'kinhtechungkhoan': {'total': 8513, 'full_text': 7455, 'coverage_pct': 87.57}, 'tnck': {'total': 1446, 'full_text': 1446, 'coverage_pct': 100.0}, 'vietnambiz': {'total': 3598, 'full_text': 3598, 'coverage_pct': 100.0}, 'vietstock': {'total': 11285, 'full_text': 11267, 'coverage_pct': 99.84}, 'vnexpress': {'total': 1762, 'full_text': 1761, 'coverage_pct': 99.94}}
[2026-07-06 11:14:57] [TASK_2B] [INFO] Enriched 12750/23932 pending articles...
[2026-07-06 11:15:01] [TASK_2B] [INFO] Enriched 27700/29596 pending articles...
[2026-07-06 11:15:17] [TASK_2B] [INFO] Checkpoint saved after 27700 new articles.
[2026-07-06 11:15:39] [TASK_2B] [INFO] Enriched 12800/23932 pending articles...
[2026-07-06 11:15:47] [TASK_2B] [INFO] Enriched 27750/29596 pending articles...
[2026-07-06 11:15:55] [TASK_2B] [INFO] Checkpoint saved after 12800 new articles.
[2026-07-06 11:15:56] [TASK_2B] [INFO] Checkpoint coverage: 27363/45968 unique URLs with full text (59.53%). Status: {'ok': 27068, 'failed': 9293, 'restricted': 9212, 'partial': 295, 'fetch_failed': 100}. By source: {'cafef': {'total': 19364, 'full_text': 1823, 'coverage_pct': 9.41}, 'kinhtechungkhoan': {'total': 8513, 'full_text': 7468, 'coverage_pct': 87.72}, 'tnck': {'total': 1446, 'full_text': 1446, 'coverage_pct': 100.0}, 'vietnambiz': {'total': 3598, 'full_text': 3598, 'coverage_pct': 100.0}, 'vietstock': {'total': 11285, 'full_text': 11267, 'coverage_pct': 99.84}, 'vnexpress': {'total': 1762, 'full_text': 1761, 'coverage_pct': 99.94}}
[2026-07-06 11:16:13] [TASK_2B] [INFO] Enriched 12850/23932 pending articles...
[2026-07-06 11:16:30] [TASK_2B] [INFO] Enriched 27800/29596 pending articles...
[2026-07-06 11:16:46] [TASK_2B] [INFO] Checkpoint saved after 27800 new articles.
[2026-07-06 11:16:50] [TASK_2B] [INFO] Enriched 12900/23932 pending articles...
[2026-07-06 11:17:07] [TASK_2B] [INFO] Checkpoint saved after 12900 new articles.
[2026-07-06 11:17:07] [TASK_2B] [INFO] Checkpoint coverage: 27372/45968 unique URLs with full text (59.55%). Status: {'ok': 27077, 'failed': 9370, 'restricted': 9126, 'partial': 295, 'fetch_failed': 100}. By source: {'cafef': {'total': 19364, 'full_text': 1823, 'coverage_pct': 9.41}, 'kinhtechungkhoan': {'total': 8513, 'full_text': 7477, 'coverage_pct': 87.83}, 'tnck': {'total': 1446, 'full_text': 1446, 'coverage_pct': 100.0}, 'vietnambiz': {'total': 3598, 'full_text': 3598, 'coverage_pct': 100.0}, 'vietstock': {'total': 11285, 'full_text': 11267, 'coverage_pct': 99.84}, 'vnexpress': {'total': 1762, 'full_text': 1761, 'coverage_pct': 99.94}}
[2026-07-06 11:17:12] [TASK_2B] [INFO] Enriched 27850/29596 pending articles...
[2026-07-06 11:17:34] [TASK_2B] [INFO] Enriched 12950/23932 pending articles...
[2026-07-06 11:17:40] [TASK_2B] [INFO] Enriched 27900/29596 pending articles...
[2026-07-06 11:17:57] [TASK_2B] [INFO] Checkpoint saved after 27900 new articles.
[2026-07-06 11:18:05] [TASK_2B] [INFO] Enriched 13000/23932 pending articles...
[2026-07-06 11:18:16] [TASK_2B] [INFO] Enriched 27950/29596 pending articles...
[2026-07-06 11:18:22] [TASK_2B] [INFO] Checkpoint saved after 13000 new articles.
[2026-07-06 11:18:22] [TASK_2B] [INFO] Checkpoint coverage: 27399/45968 unique URLs with full text (59.60%). Status: {'ok': 27102, 'failed': 9412, 'restricted': 9057, 'partial': 297, 'fetch_failed': 100}. By source: {'cafef': {'total': 19364, 'full_text': 1825, 'coverage_pct': 9.42}, 'kinhtechungkhoan': {'total': 8513, 'full_text': 7502, 'coverage_pct': 88.12}, 'tnck': {'total': 1446, 'full_text': 1446, 'coverage_pct': 100.0}, 'vietnambiz': {'total': 3598, 'full_text': 3598, 'coverage_pct': 100.0}, 'vietstock': {'total': 11285, 'full_text': 11267, 'coverage_pct': 99.84}, 'vnexpress': {'total': 1762, 'full_text': 1761, 'coverage_pct': 99.94}}
[2026-07-06 11:18:41] [TASK_2B] [INFO] Enriched 13050/23932 pending articles...
[2026-07-06 11:18:45] [TASK_2B] [INFO] Enriched 28000/29596 pending articles...
[2026-07-06 11:19:02] [TASK_2B] [INFO] Checkpoint saved after 28000 new articles.
[2026-07-06 11:19:13] [TASK_2B] [INFO] Enriched 13100/23932 pending articles...
[2026-07-06 11:19:20] [TASK_2B] [INFO] Enriched 28050/29596 pending articles...
[2026-07-06 11:19:28] [TASK_2B] [INFO] Checkpoint saved after 13100 new articles.
[2026-07-06 11:19:28] [TASK_2B] [INFO] Checkpoint coverage: 27424/45968 unique URLs with full text (59.66%). Status: {'ok': 27124, 'failed': 9461, 'restricted': 8983, 'partial': 300, 'fetch_failed': 100}. By source: {'cafef': {'total': 19364, 'full_text': 1828, 'coverage_pct': 9.44}, 'kinhtechungkhoan': {'total': 8513, 'full_text': 7524, 'coverage_pct': 88.38}, 'tnck': {'total': 1446, 'full_text': 1446, 'coverage_pct': 100.0}, 'vietnambiz': {'total': 3598, 'full_text': 3598, 'coverage_pct': 100.0}, 'vietstock': {'total': 11285, 'full_text': 11267, 'coverage_pct': 99.84}, 'vnexpress': {'total': 1762, 'full_text': 1761, 'coverage_pct': 99.94}}
[2026-07-06 11:19:53] [TASK_2B] [INFO] Enriched 28100/29596 pending articles...
[2026-07-06 11:19:54] [TASK_2B] [INFO] Enriched 13150/23932 pending articles...
[2026-07-06 11:20:10] [TASK_2B] [INFO] Checkpoint saved after 28100 new articles.
[2026-07-06 11:20:24] [TASK_2B] [INFO] Enriched 13200/23932 pending articles...
[2026-07-06 11:20:28] [TASK_2B] [INFO] Enriched 28150/29596 pending articles...
[2026-07-06 11:20:40] [TASK_2B] [INFO] Checkpoint saved after 13200 new articles.
[2026-07-06 11:20:40] [TASK_2B] [INFO] Checkpoint coverage: 27438/45968 unique URLs with full text (59.69%). Status: {'ok': 27135, 'failed': 9536, 'restricted': 8894, 'partial': 303, 'fetch_failed': 100}. By source: {'cafef': {'total': 19364, 'full_text': 1831, 'coverage_pct': 9.46}, 'kinhtechungkhoan': {'total': 8513, 'full_text': 7535, 'coverage_pct': 88.51}, 'tnck': {'total': 1446, 'full_text': 1446, 'coverage_pct': 100.0}, 'vietnambiz': {'total': 3598, 'full_text': 3598, 'coverage_pct': 100.0}, 'vietstock': {'total': 11285, 'full_text': 11267, 'coverage_pct': 99.84}, 'vnexpress': {'total': 1762, 'full_text': 1761, 'coverage_pct': 99.94}}
[2026-07-06 11:20:56] [TASK_2B] [INFO] Enriched 28200/29596 pending articles...
[2026-07-06 11:21:01] [TASK_2B] [INFO] Enriched 13250/23932 pending articles...
[2026-07-06 11:21:14] [TASK_2B] [INFO] Checkpoint saved after 28200 new articles.
[2026-07-06 11:21:30] [TASK_2B] [INFO] Enriched 13300/23932 pending articles...
[2026-07-06 11:21:30] [TASK_2B] [INFO] Enriched 28250/29596 pending articles...
[2026-07-06 11:21:47] [TASK_2B] [INFO] Checkpoint saved after 13300 new articles.
[2026-07-06 11:21:47] [TASK_2B] [INFO] Checkpoint coverage: 27452/45968 unique URLs with full text (59.72%). Status: {'ok': 27148, 'failed': 9613, 'restricted': 8809, 'partial': 304, 'fetch_failed': 94}. By source: {'cafef': {'total': 19364, 'full_text': 1832, 'coverage_pct': 9.46}, 'kinhtechungkhoan': {'total': 8513, 'full_text': 7548, 'coverage_pct': 88.66}, 'tnck': {'total': 1446, 'full_text': 1446, 'coverage_pct': 100.0}, 'vietnambiz': {'total': 3598, 'full_text': 3598, 'coverage_pct': 100.0}, 'vietstock': {'total': 11285, 'full_text': 11267, 'coverage_pct': 99.84}, 'vnexpress': {'total': 1762, 'full_text': 1761, 'coverage_pct': 99.94}}
[2026-07-06 11:21:59] [TASK_2B] [INFO] Enriched 28300/29596 pending articles...
[2026-07-06 11:22:09] [TASK_2B] [INFO] Enriched 13350/23932 pending articles...
[2026-07-06 11:22:17] [TASK_2B] [INFO] Checkpoint saved after 28300 new articles.
[2026-07-06 11:22:34] [TASK_2B] [INFO] Enriched 28350/29596 pending articles...
[2026-07-06 11:22:46] [TASK_2B] [INFO] Enriched 13400/23932 pending articles...
[2026-07-06 11:23:04] [TASK_2B] [INFO] Enriched 28400/29596 pending articles...
[2026-07-06 11:23:05] [TASK_2B] [INFO] Checkpoint saved after 13400 new articles.
[2026-07-06 11:23:05] [TASK_2B] [INFO] Checkpoint coverage: 27466/45968 unique URLs with full text (59.75%). Status: {'ok': 27162, 'failed': 9689, 'restricted': 8733, 'partial': 304, 'fetch_failed': 80}. By source: {'cafef': {'total': 19364, 'full_text': 1832, 'coverage_pct': 9.46}, 'kinhtechungkhoan': {'total': 8513, 'full_text': 7562, 'coverage_pct': 88.83}, 'tnck': {'total': 1446, 'full_text': 1446, 'coverage_pct': 100.0}, 'vietnambiz': {'total': 3598, 'full_text': 3598, 'coverage_pct': 100.0}, 'vietstock': {'total': 11285, 'full_text': 11267, 'coverage_pct': 99.84}, 'vnexpress': {'total': 1762, 'full_text': 1761, 'coverage_pct': 99.94}}
[2026-07-06 11:23:22] [TASK_2B] [INFO] Enriched 13450/23932 pending articles...
[2026-07-06 11:23:25] [TASK_2B] [INFO] Checkpoint saved after 28400 new articles.
[2026-07-06 11:23:39] [TASK_2B] [INFO] Enriched 28450/29596 pending articles...
[2026-07-06 11:23:50] [TASK_2B] [INFO] Enriched 13500/23932 pending articles...
[2026-07-06 11:24:05] [TASK_2B] [INFO] Enriched 28500/29596 pending articles...
[2026-07-06 11:24:11] [TASK_2B] [INFO] Checkpoint saved after 13500 new articles.
[2026-07-06 11:24:11] [TASK_2B] [INFO] Checkpoint coverage: 27482/45968 unique URLs with full text (59.79%). Status: {'ok': 27176, 'failed': 9757, 'restricted': 8662, 'partial': 306, 'fetch_failed': 67}. By source: {'cafef': {'total': 19364, 'full_text': 1834, 'coverage_pct': 9.47}, 'kinhtechungkhoan': {'total': 8513, 'full_text': 7576, 'coverage_pct': 88.99}, 'tnck': {'total': 1446, 'full_text': 1446, 'coverage_pct': 100.0}, 'vietnambiz': {'total': 3598, 'full_text': 3598, 'coverage_pct': 100.0}, 'vietstock': {'total': 11285, 'full_text': 11267, 'coverage_pct': 99.84}, 'vnexpress': {'total': 1762, 'full_text': 1761, 'coverage_pct': 99.94}}
[2026-07-06 11:24:22] [TASK_2B] [INFO] Enriched 13550/23932 pending articles...
[2026-07-06 11:24:25] [TASK_2B] [INFO] Checkpoint saved after 28500 new articles.
[2026-07-06 11:24:43] [TASK_2B] [INFO] Enriched 13600/23932 pending articles...
[2026-07-06 11:24:44] [TASK_2B] [INFO] Enriched 28550/29596 pending articles...
[2026-07-06 11:25:02] [TASK_2B] [INFO] Checkpoint saved after 13600 new articles.
[2026-07-06 11:25:02] [TASK_2B] [INFO] Checkpoint coverage: 27511/45968 unique URLs with full text (59.85%). Status: {'ok': 27205, 'failed': 9762, 'restricted': 8628, 'partial': 306, 'fetch_failed': 67}. By source: {'cafef': {'total': 19364, 'full_text': 1834, 'coverage_pct': 9.47}, 'kinhtechungkhoan': {'total': 8513, 'full_text': 7605, 'coverage_pct': 89.33}, 'tnck': {'total': 1446, 'full_text': 1446, 'coverage_pct': 100.0}, 'vietnambiz': {'total': 3598, 'full_text': 3598, 'coverage_pct': 100.0}, 'vietstock': {'total': 11285, 'full_text': 11267, 'coverage_pct': 99.84}, 'vnexpress': {'total': 1762, 'full_text': 1761, 'coverage_pct': 99.94}}
[2026-07-06 11:25:14] [TASK_2B] [INFO] Enriched 28600/29596 pending articles...
[2026-07-06 11:25:17] [TASK_2B] [INFO] Enriched 13650/23932 pending articles...
[2026-07-06 11:25:31] [TASK_2B] [INFO] Checkpoint saved after 28600 new articles.
[2026-07-06 11:25:43] [TASK_2B] [INFO] Enriched 13700/23932 pending articles...
[2026-07-06 11:25:48] [TASK_2B] [INFO] Enriched 28650/29596 pending articles...
[2026-07-06 11:26:00] [TASK_2B] [INFO] Checkpoint saved after 13700 new articles.
[2026-07-06 11:26:00] [TASK_2B] [INFO] Checkpoint coverage: 27525/45968 unique URLs with full text (59.88%). Status: {'ok': 27219, 'failed': 9784, 'restricted': 8592, 'partial': 306, 'fetch_failed': 67}. By source: {'cafef': {'total': 19364, 'full_text': 1834, 'coverage_pct': 9.47}, 'kinhtechungkhoan': {'total': 8513, 'full_text': 7619, 'coverage_pct': 89.5}, 'tnck': {'total': 1446, 'full_text': 1446, 'coverage_pct': 100.0}, 'vietnambiz': {'total': 3598, 'full_text': 3598, 'coverage_pct': 100.0}, 'vietstock': {'total': 11285, 'full_text': 11267, 'coverage_pct': 99.84}, 'vnexpress': {'total': 1762, 'full_text': 1761, 'coverage_pct': 99.94}}
[2026-07-06 11:26:17] [TASK_2B] [INFO] Enriched 28700/29596 pending articles...
[2026-07-06 11:26:19] [TASK_2B] [INFO] Enriched 13750/23932 pending articles...
[2026-07-06 11:26:34] [TASK_2B] [INFO] Checkpoint saved after 28700 new articles.
[2026-07-06 11:26:46] [TASK_2B] [INFO] Enriched 13800/23932 pending articles...
[2026-07-06 11:26:51] [TASK_2B] [INFO] Enriched 28750/29596 pending articles...
[2026-07-06 11:27:04] [TASK_2B] [INFO] Checkpoint saved after 13800 new articles.
[2026-07-06 11:27:04] [TASK_2B] [INFO] Checkpoint coverage: 27536/45968 unique URLs with full text (59.90%). Status: {'ok': 27227, 'failed': 9852, 'restricted': 8513, 'partial': 309, 'fetch_failed': 67}. By source: {'cafef': {'total': 19364, 'full_text': 1837, 'coverage_pct': 9.49}, 'kinhtechungkhoan': {'total': 8513, 'full_text': 7627, 'coverage_pct': 89.59}, 'tnck': {'total': 1446, 'full_text': 1446, 'coverage_pct': 100.0}, 'vietnambiz': {'total': 3598, 'full_text': 3598, 'coverage_pct': 100.0}, 'vietstock': {'total': 11285, 'full_text': 11267, 'coverage_pct': 99.84}, 'vnexpress': {'total': 1762, 'full_text': 1761, 'coverage_pct': 99.94}}
[2026-07-06 11:27:19] [TASK_2B] [INFO] Enriched 28800/29596 pending articles...
[2026-07-06 11:27:20] [TASK_2B] [INFO] Enriched 13850/23932 pending articles...
[2026-07-06 11:27:36] [TASK_2B] [INFO] Checkpoint saved after 28800 new articles.
[2026-07-06 11:27:55] [TASK_2B] [INFO] Enriched 13900/23932 pending articles...
[2026-07-06 11:27:58] [TASK_2B] [INFO] Enriched 28850/29596 pending articles...
[2026-07-06 11:28:12] [TASK_2B] [INFO] Checkpoint saved after 13900 new articles.
[2026-07-06 11:28:12] [TASK_2B] [INFO] Checkpoint coverage: 27549/45968 unique URLs with full text (59.93%). Status: {'ok': 27238, 'failed': 9923, 'restricted': 8429, 'partial': 311, 'fetch_failed': 67}. By source: {'cafef': {'total': 19364, 'full_text': 1839, 'coverage_pct': 9.5}, 'kinhtechungkhoan': {'total': 8513, 'full_text': 7638, 'coverage_pct': 89.72}, 'tnck': {'total': 1446, 'full_text': 1446, 'coverage_pct': 100.0}, 'vietnambiz': {'total': 3598, 'full_text': 3598, 'coverage_pct': 100.0}, 'vietstock': {'total': 11285, 'full_text': 11267, 'coverage_pct': 99.84}, 'vnexpress': {'total': 1762, 'full_text': 1761, 'coverage_pct': 99.94}}
[2026-07-06 11:28:31] [TASK_2B] [INFO] Enriched 13950/23932 pending articles...
[2026-07-06 11:28:58] [TASK_2B] [INFO] Enriched 14000/23932 pending articles...
[2026-07-06 11:29:15] [TASK_2B] [INFO] Checkpoint saved after 14000 new articles.
[2026-07-06 11:29:15] [TASK_2B] [INFO] Checkpoint coverage: 27559/45968 unique URLs with full text (59.95%). Status: {'ok': 27247, 'failed': 10000, 'restricted': 8342, 'partial': 312, 'fetch_failed': 67}. By source: {'cafef': {'total': 19364, 'full_text': 1840, 'coverage_pct': 9.5}, 'kinhtechungkhoan': {'total': 8513, 'full_text': 7647, 'coverage_pct': 89.83}, 'tnck': {'total': 1446, 'full_text': 1446, 'coverage_pct': 100.0}, 'vietnambiz': {'total': 3598, 'full_text': 3598, 'coverage_pct': 100.0}, 'vietstock': {'total': 11285, 'full_text': 11267, 'coverage_pct': 99.84}, 'vnexpress': {'total': 1762, 'full_text': 1761, 'coverage_pct': 99.94}}
[2026-07-06 11:29:33] [TASK_2B] [INFO] Enriched 14050/23932 pending articles...
[2026-07-06 11:29:54] [TASK_2B] [INFO] Enriched 28900/29596 pending articles...
[2026-07-06 11:29:59] [TASK_2B] [INFO] Enriched 14100/23932 pending articles...
[2026-07-06 11:30:11] [TASK_2B] [INFO] Checkpoint saved after 28900 new articles.
[2026-07-06 11:30:18] [TASK_2B] [INFO] Checkpoint saved after 14100 new articles.
[2026-07-06 11:30:18] [TASK_2B] [INFO] Checkpoint coverage: 27574/45968 unique URLs with full text (59.99%). Status: {'ok': 27261, 'failed': 10064, 'restricted': 8263, 'partial': 313, 'fetch_failed': 67}. By source: {'cafef': {'total': 19364, 'full_text': 1841, 'coverage_pct': 9.51}, 'kinhtechungkhoan': {'total': 8513, 'full_text': 7661, 'coverage_pct': 89.99}, 'tnck': {'total': 1446, 'full_text': 1446, 'coverage_pct': 100.0}, 'vietnambiz': {'total': 3598, 'full_text': 3598, 'coverage_pct': 100.0}, 'vietstock': {'total': 11285, 'full_text': 11267, 'coverage_pct': 99.84}, 'vnexpress': {'total': 1762, 'full_text': 1761, 'coverage_pct': 99.94}}
[2026-07-06 11:30:35] [TASK_2B] [INFO] Enriched 14150/23932 pending articles...
[2026-07-06 11:30:59] [TASK_2B] [INFO] Enriched 14200/23932 pending articles...
[2026-07-06 11:31:18] [TASK_2B] [INFO] Checkpoint saved after 14200 new articles.
[2026-07-06 11:31:18] [TASK_2B] [INFO] Checkpoint coverage: 27595/45968 unique URLs with full text (60.03%). Status: {'ok': 27277, 'failed': 10121, 'restricted': 8185, 'partial': 318, 'fetch_failed': 67}. By source: {'cafef': {'total': 19364, 'full_text': 1846, 'coverage_pct': 9.53}, 'kinhtechungkhoan': {'total': 8513, 'full_text': 7677, 'coverage_pct': 90.18}, 'tnck': {'total': 1446, 'full_text': 1446, 'coverage_pct': 100.0}, 'vietnambiz': {'total': 3598, 'full_text': 3598, 'coverage_pct': 100.0}, 'vietstock': {'total': 11285, 'full_text': 11267, 'coverage_pct': 99.84}, 'vnexpress': {'total': 1762, 'full_text': 1761, 'coverage_pct': 99.94}}
[2026-07-06 11:31:35] [TASK_2B] [INFO] Enriched 14250/23932 pending articles...
[2026-07-06 11:32:02] [TASK_2B] [INFO] Enriched 14300/23932 pending articles...
[2026-07-06 11:32:20] [TASK_2B] [INFO] Checkpoint saved after 14300 new articles.
[2026-07-06 11:32:20] [TASK_2B] [INFO] Checkpoint coverage: 27623/45968 unique URLs with full text (60.09%). Status: {'ok': 27304, 'failed': 10165, 'restricted': 8118, 'partial': 319, 'fetch_failed': 62}. By source: {'cafef': {'total': 19364, 'full_text': 1847, 'coverage_pct': 9.54}, 'kinhtechungkhoan': {'total': 8513, 'full_text': 7704, 'coverage_pct': 90.5}, 'tnck': {'total': 1446, 'full_text': 1446, 'coverage_pct': 100.0}, 'vietnambiz': {'total': 3598, 'full_text': 3598, 'coverage_pct': 100.0}, 'vietstock': {'total': 11285, 'full_text': 11267, 'coverage_pct': 99.84}, 'vnexpress': {'total': 1762, 'full_text': 1761, 'coverage_pct': 99.94}}
[2026-07-06 11:32:36] [TASK_2B] [INFO] Enriched 14350/23932 pending articles...
[2026-07-06 11:33:06] [TASK_2B] [INFO] Enriched 14400/23932 pending articles...
[2026-07-06 11:33:25] [TASK_2B] [INFO] Checkpoint saved after 14400 new articles.
[2026-07-06 11:33:25] [TASK_2B] [INFO] Checkpoint coverage: 27650/45968 unique URLs with full text (60.15%). Status: {'ok': 27328, 'failed': 10211, 'restricted': 8045, 'partial': 322, 'fetch_failed': 62}. By source: {'cafef': {'total': 19364, 'full_text': 1850, 'coverage_pct': 9.55}, 'kinhtechungkhoan': {'total': 8513, 'full_text': 7728, 'coverage_pct': 90.78}, 'tnck': {'total': 1446, 'full_text': 1446, 'coverage_pct': 100.0}, 'vietnambiz': {'total': 3598, 'full_text': 3598, 'coverage_pct': 100.0}, 'vietstock': {'total': 11285, 'full_text': 11267, 'coverage_pct': 99.84}, 'vnexpress': {'total': 1762, 'full_text': 1761, 'coverage_pct': 99.94}}
[2026-07-06 11:33:39] [TASK_2B] [INFO] Enriched 28950/29596 pending articles...
[2026-07-06 11:33:40] [TASK_2B] [INFO] Enriched 14450/23932 pending articles...
[2026-07-06 11:34:09] [TASK_2B] [INFO] Enriched 14500/23932 pending articles...
[2026-07-06 11:34:26] [TASK_2B] [INFO] Checkpoint saved after 14500 new articles.
[2026-07-06 11:34:26] [TASK_2B] [INFO] Checkpoint coverage: 27663/45968 unique URLs with full text (60.18%). Status: {'ok': 27341, 'failed': 10274, 'restricted': 7969, 'partial': 322, 'fetch_failed': 62}. By source: {'cafef': {'total': 19364, 'full_text': 1850, 'coverage_pct': 9.55}, 'kinhtechungkhoan': {'total': 8513, 'full_text': 7741, 'coverage_pct': 90.93}, 'tnck': {'total': 1446, 'full_text': 1446, 'coverage_pct': 100.0}, 'vietnambiz': {'total': 3598, 'full_text': 3598, 'coverage_pct': 100.0}, 'vietstock': {'total': 11285, 'full_text': 11267, 'coverage_pct': 99.84}, 'vnexpress': {'total': 1762, 'full_text': 1761, 'coverage_pct': 99.94}}
[2026-07-06 11:34:44] [TASK_2B] [INFO] Enriched 14550/23932 pending articles...
[2026-07-06 11:35:11] [TASK_2B] [INFO] Enriched 14600/23932 pending articles...
[2026-07-06 11:35:28] [TASK_2B] [INFO] Checkpoint saved after 14600 new articles.
[2026-07-06 11:35:28] [TASK_2B] [INFO] Checkpoint coverage: 27674/45968 unique URLs with full text (60.20%). Status: {'ok': 27351, 'failed': 10348, 'restricted': 7884, 'partial': 323, 'fetch_failed': 62}. By source: {'cafef': {'total': 19364, 'full_text': 1851, 'coverage_pct': 9.56}, 'kinhtechungkhoan': {'total': 8513, 'full_text': 7751, 'coverage_pct': 91.05}, 'tnck': {'total': 1446, 'full_text': 1446, 'coverage_pct': 100.0}, 'vietnambiz': {'total': 3598, 'full_text': 3598, 'coverage_pct': 100.0}, 'vietstock': {'total': 11285, 'full_text': 11267, 'coverage_pct': 99.84}, 'vnexpress': {'total': 1762, 'full_text': 1761, 'coverage_pct': 99.94}}
[2026-07-06 11:35:48] [TASK_2B] [INFO] Enriched 14650/23932 pending articles...
[2026-07-06 11:36:18] [TASK_2B] [INFO] Enriched 14700/23932 pending articles...
[2026-07-06 11:36:32] [TASK_2B] [INFO] Enriched 29000/29596 pending articles...
[2026-07-06 11:36:35] [TASK_2B] [INFO] Checkpoint saved after 14700 new articles.
[2026-07-06 11:36:35] [TASK_2B] [INFO] Checkpoint coverage: 27684/45968 unique URLs with full text (60.22%). Status: {'ok': 27359, 'failed': 10420, 'restricted': 7802, 'partial': 325, 'fetch_failed': 62}. By source: {'cafef': {'total': 19364, 'full_text': 1853, 'coverage_pct': 9.57}, 'kinhtechungkhoan': {'total': 8513, 'full_text': 7759, 'coverage_pct': 91.14}, 'tnck': {'total': 1446, 'full_text': 1446, 'coverage_pct': 100.0}, 'vietnambiz': {'total': 3598, 'full_text': 3598, 'coverage_pct': 100.0}, 'vietstock': {'total': 11285, 'full_text': 11267, 'coverage_pct': 99.84}, 'vnexpress': {'total': 1762, 'full_text': 1761, 'coverage_pct': 99.94}}
[2026-07-06 11:36:49] [TASK_2B] [INFO] Checkpoint saved after 29000 new articles.
[2026-07-06 11:36:54] [TASK_2B] [INFO] Enriched 14750/23932 pending articles...
[2026-07-06 11:37:23] [TASK_2B] [INFO] Enriched 14800/23932 pending articles...
[2026-07-06 11:37:40] [TASK_2B] [INFO] Checkpoint saved after 14800 new articles.
[2026-07-06 11:37:40] [TASK_2B] [INFO] Checkpoint coverage: 27694/45968 unique URLs with full text (60.25%). Status: {'ok': 27369, 'failed': 10479, 'restricted': 7733, 'partial': 325, 'fetch_failed': 62}. By source: {'cafef': {'total': 19364, 'full_text': 1853, 'coverage_pct': 9.57}, 'kinhtechungkhoan': {'total': 8513, 'full_text': 7769, 'coverage_pct': 91.26}, 'tnck': {'total': 1446, 'full_text': 1446, 'coverage_pct': 100.0}, 'vietnambiz': {'total': 3598, 'full_text': 3598, 'coverage_pct': 100.0}, 'vietstock': {'total': 11285, 'full_text': 11267, 'coverage_pct': 99.84}, 'vnexpress': {'total': 1762, 'full_text': 1761, 'coverage_pct': 99.94}}
[2026-07-06 11:37:59] [TASK_2B] [INFO] Enriched 14850/23932 pending articles...
[2026-07-06 11:38:27] [TASK_2B] [INFO] Enriched 14900/23932 pending articles...
[2026-07-06 11:38:45] [TASK_2B] [INFO] Checkpoint saved after 14900 new articles.
[2026-07-06 11:38:45] [TASK_2B] [INFO] Checkpoint coverage: 27706/45968 unique URLs with full text (60.27%). Status: {'ok': 27380, 'failed': 10540, 'restricted': 7660, 'partial': 326, 'fetch_failed': 62}. By source: {'cafef': {'total': 19364, 'full_text': 1854, 'coverage_pct': 9.57}, 'kinhtechungkhoan': {'total': 8513, 'full_text': 7780, 'coverage_pct': 91.39}, 'tnck': {'total': 1446, 'full_text': 1446, 'coverage_pct': 100.0}, 'vietnambiz': {'total': 3598, 'full_text': 3598, 'coverage_pct': 100.0}, 'vietstock': {'total': 11285, 'full_text': 11267, 'coverage_pct': 99.84}, 'vnexpress': {'total': 1762, 'full_text': 1761, 'coverage_pct': 99.94}}
[2026-07-06 11:39:03] [TASK_2B] [INFO] Enriched 14950/23932 pending articles...
[2026-07-06 11:39:47] [TASK_2B] [INFO] Enriched 15000/23932 pending articles...
[2026-07-06 11:40:05] [TASK_2B] [INFO] Checkpoint saved after 15000 new articles.
[2026-07-06 11:40:05] [TASK_2B] [INFO] Checkpoint coverage: 27730/45968 unique URLs with full text (60.32%). Status: {'ok': 27399, 'failed': 10600, 'restricted': 7584, 'partial': 331, 'fetch_failed': 54}. By source: {'cafef': {'total': 19364, 'full_text': 1859, 'coverage_pct': 9.6}, 'kinhtechungkhoan': {'total': 8513, 'full_text': 7799, 'coverage_pct': 91.61}, 'tnck': {'total': 1446, 'full_text': 1446, 'coverage_pct': 100.0}, 'vietnambiz': {'total': 3598, 'full_text': 3598, 'coverage_pct': 100.0}, 'vietstock': {'total': 11285, 'full_text': 11267, 'coverage_pct': 99.84}, 'vnexpress': {'total': 1762, 'full_text': 1761, 'coverage_pct': 99.94}}
[2026-07-06 11:40:23] [TASK_2B] [INFO] Enriched 15050/23932 pending articles...
[2026-07-06 11:40:57] [TASK_2B] [INFO] Enriched 15100/23932 pending articles...
[2026-07-06 11:41:02] [TASK_2B] [INFO] Enriched 29050/29596 pending articles...
[2026-07-06 11:41:14] [TASK_2B] [INFO] Checkpoint saved after 15100 new articles.
[2026-07-06 11:41:14] [TASK_2B] [INFO] Checkpoint coverage: 27743/45968 unique URLs with full text (60.35%). Status: {'ok': 27410, 'failed': 10679, 'restricted': 7503, 'partial': 333, 'fetch_failed': 43}. By source: {'cafef': {'total': 19364, 'full_text': 1861, 'coverage_pct': 9.61}, 'kinhtechungkhoan': {'total': 8513, 'full_text': 7810, 'coverage_pct': 91.74}, 'tnck': {'total': 1446, 'full_text': 1446, 'coverage_pct': 100.0}, 'vietnambiz': {'total': 3598, 'full_text': 3598, 'coverage_pct': 100.0}, 'vietstock': {'total': 11285, 'full_text': 11267, 'coverage_pct': 99.84}, 'vnexpress': {'total': 1762, 'full_text': 1761, 'coverage_pct': 99.94}}
[2026-07-06 11:41:33] [TASK_2B] [INFO] Enriched 15150/23932 pending articles...
[2026-07-06 11:42:10] [TASK_2B] [INFO] Enriched 15200/23932 pending articles...
[2026-07-06 11:42:27] [TASK_2B] [INFO] Checkpoint saved after 15200 new articles.
[2026-07-06 11:42:27] [TASK_2B] [INFO] Checkpoint coverage: 27754/45968 unique URLs with full text (60.38%). Status: {'ok': 27421, 'failed': 10751, 'restricted': 7420, 'partial': 333, 'fetch_failed': 43}. By source: {'cafef': {'total': 19364, 'full_text': 1861, 'coverage_pct': 9.61}, 'kinhtechungkhoan': {'total': 8513, 'full_text': 7821, 'coverage_pct': 91.87}, 'tnck': {'total': 1446, 'full_text': 1446, 'coverage_pct': 100.0}, 'vietnambiz': {'total': 3598, 'full_text': 3598, 'coverage_pct': 100.0}, 'vietstock': {'total': 11285, 'full_text': 11267, 'coverage_pct': 99.84}, 'vnexpress': {'total': 1762, 'full_text': 1761, 'coverage_pct': 99.94}}
[2026-07-06 11:42:51] [TASK_2B] [INFO] Enriched 15250/23932 pending articles...
[2026-07-06 11:43:20] [TASK_2B] [INFO] Enriched 15300/23932 pending articles...
[2026-07-06 11:43:36] [TASK_2B] [INFO] Checkpoint saved after 15300 new articles.
[2026-07-06 11:43:36] [TASK_2B] [INFO] Checkpoint coverage: 27774/45968 unique URLs with full text (60.42%). Status: {'ok': 27431, 'failed': 10813, 'restricted': 7338, 'partial': 343, 'fetch_failed': 43}. By source: {'cafef': {'total': 19364, 'full_text': 1871, 'coverage_pct': 9.66}, 'kinhtechungkhoan': {'total': 8513, 'full_text': 7831, 'coverage_pct': 91.99}, 'tnck': {'total': 1446, 'full_text': 1446, 'coverage_pct': 100.0}, 'vietnambiz': {'total': 3598, 'full_text': 3598, 'coverage_pct': 100.0}, 'vietstock': {'total': 11285, 'full_text': 11267, 'coverage_pct': 99.84}, 'vnexpress': {'total': 1762, 'full_text': 1761, 'coverage_pct': 99.94}}
[2026-07-06 11:43:55] [TASK_2B] [INFO] Enriched 15350/23932 pending articles...
[2026-07-06 11:44:33] [TASK_2B] [INFO] Enriched 15400/23932 pending articles...
[2026-07-06 11:44:49] [TASK_2B] [INFO] Checkpoint saved after 15400 new articles.
[2026-07-06 11:44:49] [TASK_2B] [INFO] Checkpoint coverage: 27795/45968 unique URLs with full text (60.47%). Status: {'ok': 27438, 'failed': 10881, 'restricted': 7249, 'partial': 357, 'fetch_failed': 43}. By source: {'cafef': {'total': 19364, 'full_text': 1885, 'coverage_pct': 9.73}, 'kinhtechungkhoan': {'total': 8513, 'full_text': 7838, 'coverage_pct': 92.07}, 'tnck': {'total': 1446, 'full_text': 1446, 'coverage_pct': 100.0}, 'vietnambiz': {'total': 3598, 'full_text': 3598, 'coverage_pct': 100.0}, 'vietstock': {'total': 11285, 'full_text': 11267, 'coverage_pct': 99.84}, 'vnexpress': {'total': 1762, 'full_text': 1761, 'coverage_pct': 99.94}}
[2026-07-06 11:45:06] [TASK_2B] [INFO] Enriched 15450/23932 pending articles...
[2026-07-06 11:45:34] [TASK_2B] [INFO] Enriched 15500/23932 pending articles...
[2026-07-06 11:45:51] [TASK_2B] [INFO] Checkpoint saved after 15500 new articles.
[2026-07-06 11:45:51] [TASK_2B] [INFO] Checkpoint coverage: 27803/45968 unique URLs with full text (60.48%). Status: {'ok': 27445, 'failed': 10962, 'restricted': 7160, 'partial': 358, 'fetch_failed': 43}. By source: {'cafef': {'total': 19364, 'full_text': 1886, 'coverage_pct': 9.74}, 'kinhtechungkhoan': {'total': 8513, 'full_text': 7845, 'coverage_pct': 92.15}, 'tnck': {'total': 1446, 'full_text': 1446, 'coverage_pct': 100.0}, 'vietnambiz': {'total': 3598, 'full_text': 3598, 'coverage_pct': 100.0}, 'vietstock': {'total': 11285, 'full_text': 11267, 'coverage_pct': 99.84}, 'vnexpress': {'total': 1762, 'full_text': 1761, 'coverage_pct': 99.94}}
[2026-07-06 11:46:12] [TASK_2B] [INFO] Enriched 15550/23932 pending articles...
[2026-07-06 11:46:12] [TASK_2B] [INFO] Enriched 29100/29596 pending articles...
[2026-07-06 11:46:31] [TASK_2B] [INFO] Checkpoint saved after 29100 new articles.
[2026-07-06 11:46:44] [TASK_2B] [INFO] Enriched 15600/23932 pending articles...
[2026-07-06 11:47:02] [TASK_2B] [INFO] Checkpoint saved after 15600 new articles.
[2026-07-06 11:47:02] [TASK_2B] [INFO] Checkpoint coverage: 27814/45968 unique URLs with full text (60.51%). Status: {'ok': 27456, 'failed': 11037, 'restricted': 7074, 'partial': 358, 'fetch_failed': 43}. By source: {'cafef': {'total': 19364, 'full_text': 1886, 'coverage_pct': 9.74}, 'kinhtechungkhoan': {'total': 8513, 'full_text': 7856, 'coverage_pct': 92.28}, 'tnck': {'total': 1446, 'full_text': 1446, 'coverage_pct': 100.0}, 'vietnambiz': {'total': 3598, 'full_text': 3598, 'coverage_pct': 100.0}, 'vietstock': {'total': 11285, 'full_text': 11267, 'coverage_pct': 99.84}, 'vnexpress': {'total': 1762, 'full_text': 1761, 'coverage_pct': 99.94}}
[2026-07-06 11:47:22] [TASK_2B] [INFO] Enriched 15650/23932 pending articles...
[2026-07-06 11:47:56] [TASK_2B] [INFO] Enriched 15700/23932 pending articles...
[2026-07-06 11:48:13] [TASK_2B] [INFO] Checkpoint saved after 15700 new articles.
[2026-07-06 11:48:13] [TASK_2B] [INFO] Checkpoint coverage: 27827/45968 unique URLs with full text (60.54%). Status: {'ok': 27469, 'failed': 11109, 'restricted': 6989, 'partial': 358, 'fetch_failed': 43}. By source: {'cafef': {'total': 19364, 'full_text': 1886, 'coverage_pct': 9.74}, 'kinhtechungkhoan': {'total': 8513, 'full_text': 7869, 'coverage_pct': 92.44}, 'tnck': {'total': 1446, 'full_text': 1446, 'coverage_pct': 100.0}, 'vietnambiz': {'total': 3598, 'full_text': 3598, 'coverage_pct': 100.0}, 'vietstock': {'total': 11285, 'full_text': 11267, 'coverage_pct': 99.84}, 'vnexpress': {'total': 1762, 'full_text': 1761, 'coverage_pct': 99.94}}
[2026-07-06 11:48:30] [TASK_2B] [INFO] Enriched 15750/23932 pending articles...
[2026-07-06 11:48:54] [TASK_2B] [INFO] Enriched 15800/23932 pending articles...
[2026-07-06 11:49:13] [TASK_2B] [INFO] Checkpoint saved after 15800 new articles.
[2026-07-06 11:49:13] [TASK_2B] [INFO] Checkpoint coverage: 27855/45968 unique URLs with full text (60.60%). Status: {'ok': 27494, 'failed': 11154, 'restricted': 6916, 'partial': 361, 'fetch_failed': 43}. By source: {'cafef': {'total': 19364, 'full_text': 1889, 'coverage_pct': 9.76}, 'kinhtechungkhoan': {'total': 8513, 'full_text': 7894, 'coverage_pct': 92.73}, 'tnck': {'total': 1446, 'full_text': 1446, 'coverage_pct': 100.0}, 'vietnambiz': {'total': 3598, 'full_text': 3598, 'coverage_pct': 100.0}, 'vietstock': {'total': 11285, 'full_text': 11267, 'coverage_pct': 99.84}, 'vnexpress': {'total': 1762, 'full_text': 1761, 'coverage_pct': 99.94}}
[2026-07-06 11:49:20] [TASK_2B] [INFO] Enriched 29150/29596 pending articles...
[2026-07-06 11:49:29] [TASK_2B] [INFO] Enriched 15850/23932 pending articles...
[2026-07-06 11:49:55] [TASK_2B] [INFO] Enriched 15900/23932 pending articles...
[2026-07-06 11:50:13] [TASK_2B] [INFO] Checkpoint saved after 15900 new articles.
[2026-07-06 11:50:13] [TASK_2B] [INFO] Checkpoint coverage: 27871/45968 unique URLs with full text (60.63%). Status: {'ok': 27510, 'failed': 11214, 'restricted': 6840, 'partial': 361, 'fetch_failed': 43}. By source: {'cafef': {'total': 19364, 'full_text': 1889, 'coverage_pct': 9.76}, 'kinhtechungkhoan': {'total': 8513, 'full_text': 7910, 'coverage_pct': 92.92}, 'tnck': {'total': 1446, 'full_text': 1446, 'coverage_pct': 100.0}, 'vietnambiz': {'total': 3598, 'full_text': 3598, 'coverage_pct': 100.0}, 'vietstock': {'total': 11285, 'full_text': 11267, 'coverage_pct': 99.84}, 'vnexpress': {'total': 1762, 'full_text': 1761, 'coverage_pct': 99.94}}
[2026-07-06 11:50:34] [TASK_2B] [INFO] Enriched 15950/23932 pending articles...
[2026-07-06 11:51:07] [TASK_2B] [INFO] Enriched 16000/23932 pending articles...
[2026-07-06 11:51:24] [TASK_2B] [INFO] Checkpoint saved after 16000 new articles.
[2026-07-06 11:51:24] [TASK_2B] [INFO] Checkpoint coverage: 27885/45968 unique URLs with full text (60.66%). Status: {'ok': 27524, 'failed': 11275, 'restricted': 6765, 'partial': 361, 'fetch_failed': 43}. By source: {'cafef': {'total': 19364, 'full_text': 1889, 'coverage_pct': 9.76}, 'kinhtechungkhoan': {'total': 8513, 'full_text': 7924, 'coverage_pct': 93.08}, 'tnck': {'total': 1446, 'full_text': 1446, 'coverage_pct': 100.0}, 'vietnambiz': {'total': 3598, 'full_text': 3598, 'coverage_pct': 100.0}, 'vietstock': {'total': 11285, 'full_text': 11267, 'coverage_pct': 99.84}, 'vnexpress': {'total': 1762, 'full_text': 1761, 'coverage_pct': 99.94}}
[2026-07-06 11:51:42] [TASK_2B] [INFO] Enriched 16050/23932 pending articles...
[2026-07-06 11:52:11] [TASK_2B] [INFO] Enriched 16100/23932 pending articles...
[2026-07-06 11:52:28] [TASK_2B] [INFO] Checkpoint saved after 16100 new articles.
[2026-07-06 11:52:28] [TASK_2B] [INFO] Checkpoint coverage: 27904/45968 unique URLs with full text (60.70%). Status: {'ok': 27533, 'failed': 11342, 'restricted': 6679, 'partial': 371, 'fetch_failed': 43}. By source: {'cafef': {'total': 19364, 'full_text': 1899, 'coverage_pct': 9.81}, 'kinhtechungkhoan': {'total': 8513, 'full_text': 7933, 'coverage_pct': 93.19}, 'tnck': {'total': 1446, 'full_text': 1446, 'coverage_pct': 100.0}, 'vietnambiz': {'total': 3598, 'full_text': 3598, 'coverage_pct': 100.0}, 'vietstock': {'total': 11285, 'full_text': 11267, 'coverage_pct': 99.84}, 'vnexpress': {'total': 1762, 'full_text': 1761, 'coverage_pct': 99.94}}
[2026-07-06 11:52:44] [TASK_2B] [INFO] Enriched 16150/23932 pending articles...
[2026-07-06 11:53:00] [TASK_2B] [INFO] Enriched 29200/29596 pending articles...
[2026-07-06 11:53:14] [TASK_2B] [INFO] Enriched 16200/23932 pending articles...
[2026-07-06 11:53:17] [TASK_2B] [INFO] Checkpoint saved after 29200 new articles.
[2026-07-06 11:53:32] [TASK_2B] [INFO] Checkpoint saved after 16200 new articles.
[2026-07-06 11:53:32] [TASK_2B] [INFO] Checkpoint coverage: 27917/45968 unique URLs with full text (60.73%). Status: {'ok': 27545, 'failed': 11416, 'restricted': 6592, 'partial': 372, 'fetch_failed': 43}. By source: {'cafef': {'total': 19364, 'full_text': 1900, 'coverage_pct': 9.81}, 'kinhtechungkhoan': {'total': 8513, 'full_text': 7945, 'coverage_pct': 93.33}, 'tnck': {'total': 1446, 'full_text': 1446, 'coverage_pct': 100.0}, 'vietnambiz': {'total': 3598, 'full_text': 3598, 'coverage_pct': 100.0}, 'vietstock': {'total': 11285, 'full_text': 11267, 'coverage_pct': 99.84}, 'vnexpress': {'total': 1762, 'full_text': 1761, 'coverage_pct': 99.94}}
[2026-07-06 11:53:52] [TASK_2B] [INFO] Enriched 16250/23932 pending articles...
[2026-07-06 11:54:20] [TASK_2B] [INFO] Enriched 16300/23932 pending articles...
[2026-07-06 11:54:37] [TASK_2B] [INFO] Checkpoint saved after 16300 new articles.
[2026-07-06 11:54:37] [TASK_2B] [INFO] Checkpoint coverage: 27929/45968 unique URLs with full text (60.76%). Status: {'ok': 27555, 'failed': 11490, 'restricted': 6506, 'partial': 374, 'fetch_failed': 43}. By source: {'cafef': {'total': 19364, 'full_text': 1902, 'coverage_pct': 9.82}, 'kinhtechungkhoan': {'total': 8513, 'full_text': 7955, 'coverage_pct': 93.45}, 'tnck': {'total': 1446, 'full_text': 1446, 'coverage_pct': 100.0}, 'vietnambiz': {'total': 3598, 'full_text': 3598, 'coverage_pct': 100.0}, 'vietstock': {'total': 11285, 'full_text': 11267, 'coverage_pct': 99.84}, 'vnexpress': {'total': 1762, 'full_text': 1761, 'coverage_pct': 99.94}}
[2026-07-06 11:54:53] [TASK_2B] [INFO] Enriched 16350/23932 pending articles...
[2026-07-06 11:55:24] [TASK_2B] [INFO] Enriched 16400/23932 pending articles...
[2026-07-06 11:55:42] [TASK_2B] [INFO] Checkpoint saved after 16400 new articles.
[2026-07-06 11:55:42] [TASK_2B] [INFO] Checkpoint coverage: 27947/45968 unique URLs with full text (60.80%). Status: {'ok': 27573, 'failed': 11548, 'restricted': 6430, 'partial': 374, 'fetch_failed': 43}. By source: {'cafef': {'total': 19364, 'full_text': 1902, 'coverage_pct': 9.82}, 'kinhtechungkhoan': {'total': 8513, 'full_text': 7973, 'coverage_pct': 93.66}, 'tnck': {'total': 1446, 'full_text': 1446, 'coverage_pct': 100.0}, 'vietnambiz': {'total': 3598, 'full_text': 3598, 'coverage_pct': 100.0}, 'vietstock': {'total': 11285, 'full_text': 11267, 'coverage_pct': 99.84}, 'vnexpress': {'total': 1762, 'full_text': 1761, 'coverage_pct': 99.94}}
[2026-07-06 11:55:58] [TASK_2B] [INFO] Enriched 16450/23932 pending articles...
[2026-07-06 11:56:27] [TASK_2B] [INFO] Enriched 16500/23932 pending articles...
[2026-07-06 11:56:43] [TASK_2B] [INFO] Checkpoint saved after 16500 new articles.
[2026-07-06 11:56:43] [TASK_2B] [INFO] Checkpoint coverage: 27960/45968 unique URLs with full text (60.82%). Status: {'ok': 27585, 'failed': 11609, 'restricted': 6356, 'partial': 375, 'fetch_failed': 43}. By source: {'cafef': {'total': 19364, 'full_text': 1903, 'coverage_pct': 9.83}, 'kinhtechungkhoan': {'total': 8513, 'full_text': 7985, 'coverage_pct': 93.8}, 'tnck': {'total': 1446, 'full_text': 1446, 'coverage_pct': 100.0}, 'vietnambiz': {'total': 3598, 'full_text': 3598, 'coverage_pct': 100.0}, 'vietstock': {'total': 11285, 'full_text': 11267, 'coverage_pct': 99.84}, 'vnexpress': {'total': 1762, 'full_text': 1761, 'coverage_pct': 99.94}}
[2026-07-06 11:57:00] [TASK_2B] [INFO] Enriched 16550/23932 pending articles...
[2026-07-06 11:57:11] [TASK_2B] [INFO] Enriched 29250/29596 pending articles...
[2026-07-06 11:57:38] [TASK_2B] [INFO] Enriched 16600/23932 pending articles...
[2026-07-06 11:57:57] [TASK_2B] [INFO] Checkpoint saved after 16600 new articles.
[2026-07-06 11:57:57] [TASK_2B] [INFO] Checkpoint coverage: 27978/45968 unique URLs with full text (60.86%). Status: {'ok': 27600, 'failed': 11668, 'restricted': 6279, 'partial': 378, 'fetch_failed': 43}. By source: {'cafef': {'total': 19364, 'full_text': 1906, 'coverage_pct': 9.84}, 'kinhtechungkhoan': {'total': 8513, 'full_text': 8000, 'coverage_pct': 93.97}, 'tnck': {'total': 1446, 'full_text': 1446, 'coverage_pct': 100.0}, 'vietnambiz': {'total': 3598, 'full_text': 3598, 'coverage_pct': 100.0}, 'vietstock': {'total': 11285, 'full_text': 11267, 'coverage_pct': 99.84}, 'vnexpress': {'total': 1762, 'full_text': 1761, 'coverage_pct': 99.94}}
[2026-07-06 11:58:16] [TASK_2B] [INFO] Enriched 16650/23932 pending articles...
[2026-07-06 11:58:38] [TASK_2B] [INFO] Enriched 16700/23932 pending articles...
[2026-07-06 11:58:56] [TASK_2B] [INFO] Checkpoint saved after 16700 new articles.
[2026-07-06 11:58:56] [TASK_2B] [INFO] Checkpoint coverage: 28005/45968 unique URLs with full text (60.92%). Status: {'ok': 27626, 'failed': 11706, 'restricted': 6214, 'partial': 379, 'fetch_failed': 43}. By source: {'cafef': {'total': 19364, 'full_text': 1907, 'coverage_pct': 9.85}, 'kinhtechungkhoan': {'total': 8513, 'full_text': 8026, 'coverage_pct': 94.28}, 'tnck': {'total': 1446, 'full_text': 1446, 'coverage_pct': 100.0}, 'vietnambiz': {'total': 3598, 'full_text': 3598, 'coverage_pct': 100.0}, 'vietstock': {'total': 11285, 'full_text': 11267, 'coverage_pct': 99.84}, 'vnexpress': {'total': 1762, 'full_text': 1761, 'coverage_pct': 99.94}}
[2026-07-06 11:59:14] [TASK_2B] [INFO] Enriched 16750/23932 pending articles...
[2026-07-06 11:59:32] [TASK_2B] [INFO] Enriched 29300/29596 pending articles...
[2026-07-06 11:59:48] [TASK_2B] [INFO] Enriched 16800/23932 pending articles...
[2026-07-06 11:59:51] [TASK_2B] [INFO] Checkpoint saved after 29300 new articles.
[2026-07-06 12:00:07] [TASK_2B] [INFO] Checkpoint saved after 16800 new articles.
[2026-07-06 12:00:07] [TASK_2B] [INFO] Checkpoint coverage: 28021/45968 unique URLs with full text (60.96%). Status: {'ok': 27640, 'failed': 11763, 'restricted': 6141, 'partial': 381, 'fetch_failed': 43}. By source: {'cafef': {'total': 19364, 'full_text': 1909, 'coverage_pct': 9.86}, 'kinhtechungkhoan': {'total': 8513, 'full_text': 8040, 'coverage_pct': 94.44}, 'tnck': {'total': 1446, 'full_text': 1446, 'coverage_pct': 100.0}, 'vietnambiz': {'total': 3598, 'full_text': 3598, 'coverage_pct': 100.0}, 'vietstock': {'total': 11285, 'full_text': 11267, 'coverage_pct': 99.84}, 'vnexpress': {'total': 1762, 'full_text': 1761, 'coverage_pct': 99.94}}
[2026-07-06 12:00:24] [TASK_2B] [INFO] Enriched 16850/23932 pending articles...
[2026-07-06 12:00:51] [TASK_2B] [INFO] Enriched 16900/23932 pending articles...
[2026-07-06 12:01:09] [TASK_2B] [INFO] Checkpoint saved after 16900 new articles.
[2026-07-06 12:01:09] [TASK_2B] [INFO] Checkpoint coverage: 28033/45968 unique URLs with full text (60.98%). Status: {'ok': 27652, 'failed': 11829, 'restricted': 6063, 'partial': 381, 'fetch_failed': 43}. By source: {'cafef': {'total': 19364, 'full_text': 1909, 'coverage_pct': 9.86}, 'kinhtechungkhoan': {'total': 8513, 'full_text': 8052, 'coverage_pct': 94.58}, 'tnck': {'total': 1446, 'full_text': 1446, 'coverage_pct': 100.0}, 'vietnambiz': {'total': 3598, 'full_text': 3598, 'coverage_pct': 100.0}, 'vietstock': {'total': 11285, 'full_text': 11267, 'coverage_pct': 99.84}, 'vnexpress': {'total': 1762, 'full_text': 1761, 'coverage_pct': 99.94}}
[2026-07-06 12:01:22] [TASK_2B] [INFO] Enriched 16950/23932 pending articles...
[2026-07-06 12:01:43] [TASK_2B] [INFO] Enriched 17000/23932 pending articles...
[2026-07-06 12:02:01] [TASK_2B] [INFO] Checkpoint saved after 17000 new articles.
[2026-07-06 12:02:01] [TASK_2B] [INFO] Checkpoint coverage: 28065/45968 unique URLs with full text (61.05%). Status: {'ok': 27680, 'failed': 11860, 'restricted': 6000, 'partial': 385, 'fetch_failed': 43}. By source: {'cafef': {'total': 19364, 'full_text': 1913, 'coverage_pct': 9.88}, 'kinhtechungkhoan': {'total': 8513, 'full_text': 8080, 'coverage_pct': 94.91}, 'tnck': {'total': 1446, 'full_text': 1446, 'coverage_pct': 100.0}, 'vietnambiz': {'total': 3598, 'full_text': 3598, 'coverage_pct': 100.0}, 'vietstock': {'total': 11285, 'full_text': 11267, 'coverage_pct': 99.84}, 'vnexpress': {'total': 1762, 'full_text': 1761, 'coverage_pct': 99.94}}
[2026-07-06 12:02:16] [TASK_2B] [INFO] Enriched 17050/23932 pending articles...
[2026-07-06 12:02:40] [TASK_2B] [INFO] Enriched 17100/23932 pending articles...
[2026-07-06 12:02:45] [TASK_2B] [INFO] Enriched 29350/29596 pending articles...
[2026-07-06 12:02:56] [TASK_2B] [INFO] Checkpoint saved after 17100 new articles.
[2026-07-06 12:02:56] [TASK_2B] [INFO] Checkpoint coverage: 28081/45968 unique URLs with full text (61.09%). Status: {'ok': 27696, 'failed': 11901, 'restricted': 5943, 'partial': 385, 'fetch_failed': 43}. By source: {'cafef': {'total': 19364, 'full_text': 1913, 'coverage_pct': 9.88}, 'kinhtechungkhoan': {'total': 8513, 'full_text': 8096, 'coverage_pct': 95.1}, 'tnck': {'total': 1446, 'full_text': 1446, 'coverage_pct': 100.0}, 'vietnambiz': {'total': 3598, 'full_text': 3598, 'coverage_pct': 100.0}, 'vietstock': {'total': 11285, 'full_text': 11267, 'coverage_pct': 99.84}, 'vnexpress': {'total': 1762, 'full_text': 1761, 'coverage_pct': 99.94}}
[2026-07-06 12:03:14] [TASK_2B] [INFO] Enriched 17150/23932 pending articles...
[2026-07-06 12:03:41] [TASK_2B] [INFO] Enriched 17200/23932 pending articles...
[2026-07-06 12:03:59] [TASK_2B] [INFO] Checkpoint saved after 17200 new articles.
[2026-07-06 12:03:59] [TASK_2B] [INFO] Checkpoint coverage: 28091/45968 unique URLs with full text (61.11%). Status: {'ok': 27706, 'failed': 11976, 'restricted': 5858, 'partial': 385, 'fetch_failed': 43}. By source: {'cafef': {'total': 19364, 'full_text': 1913, 'coverage_pct': 9.88}, 'kinhtechungkhoan': {'total': 8513, 'full_text': 8106, 'coverage_pct': 95.22}, 'tnck': {'total': 1446, 'full_text': 1446, 'coverage_pct': 100.0}, 'vietnambiz': {'total': 3598, 'full_text': 3598, 'coverage_pct': 100.0}, 'vietstock': {'total': 11285, 'full_text': 11267, 'coverage_pct': 99.84}, 'vnexpress': {'total': 1762, 'full_text': 1761, 'coverage_pct': 99.94}}
[2026-07-06 12:04:14] [TASK_2B] [INFO] Enriched 17250/23932 pending articles...
[2026-07-06 12:04:50] [TASK_2B] [INFO] Enriched 17300/23932 pending articles...
[2026-07-06 12:05:06] [TASK_2B] [INFO] Checkpoint saved after 17300 new articles.
[2026-07-06 12:05:06] [TASK_2B] [INFO] Checkpoint coverage: 28108/45968 unique URLs with full text (61.15%). Status: {'ok': 27723, 'failed': 12038, 'restricted': 5779, 'partial': 385, 'fetch_failed': 43}. By source: {'cafef': {'total': 19364, 'full_text': 1913, 'coverage_pct': 9.88}, 'kinhtechungkhoan': {'total': 8513, 'full_text': 8123, 'coverage_pct': 95.42}, 'tnck': {'total': 1446, 'full_text': 1446, 'coverage_pct': 100.0}, 'vietnambiz': {'total': 3598, 'full_text': 3598, 'coverage_pct': 100.0}, 'vietstock': {'total': 11285, 'full_text': 11267, 'coverage_pct': 99.84}, 'vnexpress': {'total': 1762, 'full_text': 1761, 'coverage_pct': 99.94}}
[2026-07-06 12:05:41] [TASK_2B] [INFO] Enriched 17350/23932 pending articles...
[2026-07-06 12:06:08] [TASK_2B] [INFO] Enriched 17400/23932 pending articles...
[2026-07-06 12:06:24] [TASK_2B] [INFO] Checkpoint saved after 17400 new articles.
[2026-07-06 12:06:24] [TASK_2B] [INFO] Checkpoint coverage: 28129/45968 unique URLs with full text (61.19%). Status: {'ok': 27741, 'failed': 12097, 'restricted': 5699, 'partial': 388, 'fetch_failed': 43}. By source: {'cafef': {'total': 19364, 'full_text': 1916, 'coverage_pct': 9.89}, 'kinhtechungkhoan': {'total': 8513, 'full_text': 8141, 'coverage_pct': 95.63}, 'tnck': {'total': 1446, 'full_text': 1446, 'coverage_pct': 100.0}, 'vietnambiz': {'total': 3598, 'full_text': 3598, 'coverage_pct': 100.0}, 'vietstock': {'total': 11285, 'full_text': 11267, 'coverage_pct': 99.84}, 'vnexpress': {'total': 1762, 'full_text': 1761, 'coverage_pct': 99.94}}
[2026-07-06 12:06:42] [TASK_2B] [INFO] Enriched 29400/29596 pending articles...
[2026-07-06 12:06:43] [TASK_2B] [INFO] Enriched 17450/23932 pending articles...
[2026-07-06 12:06:58] [TASK_2B] [INFO] Checkpoint saved after 29400 new articles.
[2026-07-06 12:07:10] [TASK_2B] [INFO] Enriched 17500/23932 pending articles...
[2026-07-06 12:07:27] [TASK_2B] [INFO] Checkpoint saved after 17500 new articles.
[2026-07-06 12:07:27] [TASK_2B] [INFO] Checkpoint coverage: 28146/45968 unique URLs with full text (61.23%). Status: {'ok': 27757, 'failed': 12152, 'restricted': 5627, 'partial': 389, 'fetch_failed': 43}. By source: {'cafef': {'total': 19364, 'full_text': 1917, 'coverage_pct': 9.9}, 'kinhtechungkhoan': {'total': 8513, 'full_text': 8157, 'coverage_pct': 95.82}, 'tnck': {'total': 1446, 'full_text': 1446, 'coverage_pct': 100.0}, 'vietnambiz': {'total': 3598, 'full_text': 3598, 'coverage_pct': 100.0}, 'vietstock': {'total': 11285, 'full_text': 11267, 'coverage_pct': 99.84}, 'vnexpress': {'total': 1762, 'full_text': 1761, 'coverage_pct': 99.94}}
[2026-07-06 12:07:48] [TASK_2B] [INFO] Enriched 17550/23932 pending articles...
[2026-07-06 12:08:19] [TASK_2B] [INFO] Enriched 17600/23932 pending articles...
[2026-07-06 12:08:36] [TASK_2B] [INFO] Checkpoint saved after 17600 new articles.
[2026-07-06 12:08:37] [TASK_2B] [INFO] Checkpoint coverage: 28157/45968 unique URLs with full text (61.25%). Status: {'ok': 27768, 'failed': 12215, 'restricted': 5553, 'partial': 389, 'fetch_failed': 43}. By source: {'cafef': {'total': 19364, 'full_text': 1917, 'coverage_pct': 9.9}, 'kinhtechungkhoan': {'total': 8513, 'full_text': 8168, 'coverage_pct': 95.95}, 'tnck': {'total': 1446, 'full_text': 1446, 'coverage_pct': 100.0}, 'vietnambiz': {'total': 3598, 'full_text': 3598, 'coverage_pct': 100.0}, 'vietstock': {'total': 11285, 'full_text': 11267, 'coverage_pct': 99.84}, 'vnexpress': {'total': 1762, 'full_text': 1761, 'coverage_pct': 99.94}}
[2026-07-06 12:08:55] [TASK_2B] [INFO] Enriched 17650/23932 pending articles...
[2026-07-06 12:09:20] [TASK_2B] [INFO] Enriched 17700/23932 pending articles...
[2026-07-06 12:09:37] [TASK_2B] [INFO] Checkpoint saved after 17700 new articles.
[2026-07-06 12:09:37] [TASK_2B] [INFO] Checkpoint coverage: 28176/45968 unique URLs with full text (61.29%). Status: {'ok': 27786, 'failed': 12264, 'restricted': 5485, 'partial': 390, 'fetch_failed': 43}. By source: {'cafef': {'total': 19364, 'full_text': 1918, 'coverage_pct': 9.9}, 'kinhtechungkhoan': {'total': 8513, 'full_text': 8186, 'coverage_pct': 96.16}, 'tnck': {'total': 1446, 'full_text': 1446, 'coverage_pct': 100.0}, 'vietnambiz': {'total': 3598, 'full_text': 3598, 'coverage_pct': 100.0}, 'vietstock': {'total': 11285, 'full_text': 11267, 'coverage_pct': 99.84}, 'vnexpress': {'total': 1762, 'full_text': 1761, 'coverage_pct': 99.94}}
[2026-07-06 12:09:58] [TASK_2B] [INFO] Enriched 17750/23932 pending articles...
[2026-07-06 12:10:25] [TASK_2B] [INFO] Enriched 29450/29596 pending articles...
[2026-07-06 12:10:34] [TASK_2B] [INFO] Enriched 17800/23932 pending articles...
[2026-07-06 12:10:50] [TASK_2B] [INFO] Checkpoint saved after 17800 new articles.
[2026-07-06 12:10:50] [TASK_2B] [INFO] Checkpoint coverage: 28196/45968 unique URLs with full text (61.34%). Status: {'ok': 27805, 'failed': 12312, 'restricted': 5417, 'partial': 391, 'fetch_failed': 43}. By source: {'cafef': {'total': 19364, 'full_text': 1919, 'coverage_pct': 9.91}, 'kinhtechungkhoan': {'total': 8513, 'full_text': 8205, 'coverage_pct': 96.38}, 'tnck': {'total': 1446, 'full_text': 1446, 'coverage_pct': 100.0}, 'vietnambiz': {'total': 3598, 'full_text': 3598, 'coverage_pct': 100.0}, 'vietstock': {'total': 11285, 'full_text': 11267, 'coverage_pct': 99.84}, 'vnexpress': {'total': 1762, 'full_text': 1761, 'coverage_pct': 99.94}}
[2026-07-06 12:11:13] [TASK_2B] [INFO] Enriched 17850/23932 pending articles...
[2026-07-06 12:11:51] [TASK_2B] [INFO] Enriched 17900/23932 pending articles...
[2026-07-06 12:12:09] [TASK_2B] [INFO] Checkpoint saved after 17900 new articles.
[2026-07-06 12:12:09] [TASK_2B] [INFO] Checkpoint coverage: 28207/45968 unique URLs with full text (61.36%). Status: {'ok': 27815, 'failed': 12384, 'restricted': 5334, 'partial': 392, 'fetch_failed': 43}. By source: {'cafef': {'total': 19364, 'full_text': 1920, 'coverage_pct': 9.92}, 'kinhtechungkhoan': {'total': 8513, 'full_text': 8215, 'coverage_pct': 96.5}, 'tnck': {'total': 1446, 'full_text': 1446, 'coverage_pct': 100.0}, 'vietnambiz': {'total': 3598, 'full_text': 3598, 'coverage_pct': 100.0}, 'vietstock': {'total': 11285, 'full_text': 11267, 'coverage_pct': 99.84}, 'vnexpress': {'total': 1762, 'full_text': 1761, 'coverage_pct': 99.94}}
[2026-07-06 12:12:35] [TASK_2B] [INFO] Enriched 17950/23932 pending articles...
[2026-07-06 12:12:40] [TASK_2B] [INFO] Enriched 29500/29596 pending articles...
[2026-07-06 12:12:58] [TASK_2B] [INFO] Checkpoint saved after 29500 new articles.
[2026-07-06 12:13:05] [TASK_2B] [INFO] Enriched 18000/23932 pending articles...
[2026-07-06 12:13:25] [TASK_2B] [INFO] Checkpoint saved after 18000 new articles.
[2026-07-06 12:13:25] [TASK_2B] [INFO] Checkpoint coverage: 28225/45968 unique URLs with full text (61.40%). Status: {'ok': 27831, 'failed': 12438, 'restricted': 5262, 'partial': 394, 'fetch_failed': 43}. By source: {'cafef': {'total': 19364, 'full_text': 1922, 'coverage_pct': 9.93}, 'kinhtechungkhoan': {'total': 8513, 'full_text': 8231, 'coverage_pct': 96.69}, 'tnck': {'total': 1446, 'full_text': 1446, 'coverage_pct': 100.0}, 'vietnambiz': {'total': 3598, 'full_text': 3598, 'coverage_pct': 100.0}, 'vietstock': {'total': 11285, 'full_text': 11267, 'coverage_pct': 99.84}, 'vnexpress': {'total': 1762, 'full_text': 1761, 'coverage_pct': 99.94}}
[2026-07-06 12:13:42] [TASK_2B] [INFO] Enriched 18050/23932 pending articles...
[2026-07-06 12:14:04] [TASK_2B] [INFO] Enriched 18100/23932 pending articles...
[2026-07-06 12:14:22] [TASK_2B] [INFO] Checkpoint saved after 18100 new articles.
[2026-07-06 12:14:23] [TASK_2B] [INFO] Checkpoint coverage: 28266/45968 unique URLs with full text (61.49%). Status: {'ok': 27869, 'failed': 12456, 'restricted': 5203, 'partial': 397, 'fetch_failed': 43}. By source: {'cafef': {'total': 19364, 'full_text': 1925, 'coverage_pct': 9.94}, 'kinhtechungkhoan': {'total': 8513, 'full_text': 8269, 'coverage_pct': 97.13}, 'tnck': {'total': 1446, 'full_text': 1446, 'coverage_pct': 100.0}, 'vietnambiz': {'total': 3598, 'full_text': 3598, 'coverage_pct': 100.0}, 'vietstock': {'total': 11285, 'full_text': 11267, 'coverage_pct': 99.84}, 'vnexpress': {'total': 1762, 'full_text': 1761, 'coverage_pct': 99.94}}
[2026-07-06 12:14:37] [TASK_2B] [INFO] Enriched 18150/23932 pending articles...
[2026-07-06 12:14:57] [TASK_2B] [INFO] Enriched 18200/23932 pending articles...
[2026-07-06 12:15:16] [TASK_2B] [INFO] Checkpoint saved after 18200 new articles.
[2026-07-06 12:15:16] [TASK_2B] [INFO] Checkpoint coverage: 28304/45968 unique URLs with full text (61.57%). Status: {'ok': 27905, 'failed': 12473, 'restricted': 5148, 'partial': 399, 'fetch_failed': 43}. By source: {'cafef': {'total': 19364, 'full_text': 1927, 'coverage_pct': 9.95}, 'kinhtechungkhoan': {'total': 8513, 'full_text': 8305, 'coverage_pct': 97.56}, 'tnck': {'total': 1446, 'full_text': 1446, 'coverage_pct': 100.0}, 'vietnambiz': {'total': 3598, 'full_text': 3598, 'coverage_pct': 100.0}, 'vietstock': {'total': 11285, 'full_text': 11267, 'coverage_pct': 99.84}, 'vnexpress': {'total': 1762, 'full_text': 1761, 'coverage_pct': 99.94}}
[2026-07-06 12:15:18] [TASK_2B] [INFO] Enriched 29550/29596 pending articles...
[2026-07-06 12:15:30] [TASK_2B] [INFO] Enriched 18250/23932 pending articles...
[2026-07-06 12:15:59] [TASK_2B] [INFO] Enriched 18300/23932 pending articles...
[2026-07-06 12:16:18] [TASK_2B] [INFO] Checkpoint saved after 18300 new articles.
[2026-07-06 12:16:18] [TASK_2B] [INFO] Checkpoint coverage: 28337/45968 unique URLs with full text (61.65%). Status: {'ok': 27938, 'failed': 12501, 'restricted': 5087, 'partial': 399, 'fetch_failed': 43}. By source: {'cafef': {'total': 19364, 'full_text': 1927, 'coverage_pct': 9.95}, 'kinhtechungkhoan': {'total': 8513, 'full_text': 8338, 'coverage_pct': 97.94}, 'tnck': {'total': 1446, 'full_text': 1446, 'coverage_pct': 100.0}, 'vietnambiz': {'total': 3598, 'full_text': 3598, 'coverage_pct': 100.0}, 'vietstock': {'total': 11285, 'full_text': 11267, 'coverage_pct': 99.84}, 'vnexpress': {'total': 1762, 'full_text': 1761, 'coverage_pct': 99.94}}
[2026-07-06 12:16:31] [TASK_2B] [INFO] Enriched 18350/23932 pending articles...
[2026-07-06 12:16:53] [TASK_2B] [INFO] Enriched 18400/23932 pending articles...
[2026-07-06 12:17:13] [TASK_2B] [INFO] Checkpoint saved after 18400 new articles.
[2026-07-06 12:17:13] [TASK_2B] [INFO] Checkpoint coverage: 28369/45968 unique URLs with full text (61.71%). Status: {'ok': 27970, 'failed': 12530, 'restricted': 5026, 'partial': 399, 'fetch_failed': 43}. By source: {'cafef': {'total': 19364, 'full_text': 1927, 'coverage_pct': 9.95}, 'kinhtechungkhoan': {'total': 8513, 'full_text': 8370, 'coverage_pct': 98.32}, 'tnck': {'total': 1446, 'full_text': 1446, 'coverage_pct': 100.0}, 'vietnambiz': {'total': 3598, 'full_text': 3598, 'coverage_pct': 100.0}, 'vietstock': {'total': 11285, 'full_text': 11267, 'coverage_pct': 99.84}, 'vnexpress': {'total': 1762, 'full_text': 1761, 'coverage_pct': 99.94}}
[2026-07-06 12:17:24] [TASK_2B] [INFO] Enriched 18450/23932 pending articles...
[2026-07-06 12:18:00] [TASK_2B] [INFO] Enriched 18500/23932 pending articles...
[2026-07-06 12:18:19] [TASK_2B] [INFO] Checkpoint saved after 18500 new articles.
[2026-07-06 12:18:19] [TASK_2B] [INFO] Checkpoint coverage: 28395/45968 unique URLs with full text (61.77%). Status: {'ok': 27992, 'failed': 12576, 'restricted': 4954, 'partial': 403, 'fetch_failed': 43}. By source: {'cafef': {'total': 19364, 'full_text': 1931, 'coverage_pct': 9.97}, 'kinhtechungkhoan': {'total': 8513, 'full_text': 8392, 'coverage_pct': 98.58}, 'tnck': {'total': 1446, 'full_text': 1446, 'coverage_pct': 100.0}, 'vietnambiz': {'total': 3598, 'full_text': 3598, 'coverage_pct': 100.0}, 'vietstock': {'total': 11285, 'full_text': 11267, 'coverage_pct': 99.84}, 'vnexpress': {'total': 1762, 'full_text': 1761, 'coverage_pct': 99.94}}
[2026-07-06 12:18:30] [TASK_2B] [INFO] Enriched 18550/23932 pending articles...
[2026-07-06 12:18:41] [TASK_2B] [INFO] Saved enriched news to data/news/enriched/all_news_enriched.csv (52790 rows, 33715 with full text, 29596 new fetched). Status counts: {'ok': 28097, 'failed': 17828, 'fetch_failed': 43}
[2026-07-06 12:18:57] [TASK_2B] [INFO] Enriched 18600/23932 pending articles...
[2026-07-06 12:19:17] [TASK_2B] [INFO] Checkpoint saved after 18600 new articles.
[2026-07-06 12:19:18] [TASK_2B] [INFO] Checkpoint coverage: 28438/45968 unique URLs with full text (61.86%). Status: {'ok': 28032, 'failed': 12587, 'restricted': 4900, 'partial': 406, 'fetch_failed': 43}. By source: {'cafef': {'total': 19364, 'full_text': 1934, 'coverage_pct': 9.99}, 'kinhtechungkhoan': {'total': 8513, 'full_text': 8432, 'coverage_pct': 99.05}, 'tnck': {'total': 1446, 'full_text': 1446, 'coverage_pct': 100.0}, 'vietnambiz': {'total': 3598, 'full_text': 3598, 'coverage_pct': 100.0}, 'vietstock': {'total': 11285, 'full_text': 11267, 'coverage_pct': 99.84}, 'vnexpress': {'total': 1762, 'full_text': 1761, 'coverage_pct': 99.94}}
[2026-07-06 12:19:29] [TASK_2B] [INFO] Enriched 18650/23932 pending articles...
[2026-07-06 12:19:52] [TASK_2B] [INFO] Enriched 18700/23932 pending articles...
[2026-07-06 12:20:11] [TASK_2B] [INFO] Checkpoint saved after 18700 new articles.
[2026-07-06 12:20:11] [TASK_2B] [INFO] Checkpoint coverage: 28475/45968 unique URLs with full text (61.95%). Status: {'ok': 28068, 'failed': 12610, 'restricted': 4840, 'partial': 407, 'fetch_failed': 43}. By source: {'cafef': {'total': 19364, 'full_text': 1935, 'coverage_pct': 9.99}, 'kinhtechungkhoan': {'total': 8513, 'full_text': 8468, 'coverage_pct': 99.47}, 'tnck': {'total': 1446, 'full_text': 1446, 'coverage_pct': 100.0}, 'vietnambiz': {'total': 3598, 'full_text': 3598, 'coverage_pct': 100.0}, 'vietstock': {'total': 11285, 'full_text': 11267, 'coverage_pct': 99.84}, 'vnexpress': {'total': 1762, 'full_text': 1761, 'coverage_pct': 99.94}}
[2026-07-06 12:20:23] [TASK_2B] [INFO] Enriched 18750/23932 pending articles...
[2026-07-06 12:20:49] [TASK_2B] [INFO] Enriched 18800/23932 pending articles...
[2026-07-06 12:21:05] [TASK_2B] [INFO] Checkpoint saved after 18800 new articles.
[2026-07-06 12:21:05] [TASK_2B] [INFO] Checkpoint coverage: 28503/45968 unique URLs with full text (62.01%). Status: {'ok': 28096, 'failed': 12647, 'restricted': 4775, 'partial': 407, 'fetch_failed': 43}. By source: {'cafef': {'total': 19364, 'full_text': 1935, 'coverage_pct': 9.99}, 'kinhtechungkhoan': {'total': 8513, 'full_text': 8496, 'coverage_pct': 99.8}, 'tnck': {'total': 1446, 'full_text': 1446, 'coverage_pct': 100.0}, 'vietnambiz': {'total': 3598, 'full_text': 3598, 'coverage_pct': 100.0}, 'vietstock': {'total': 11285, 'full_text': 11267, 'coverage_pct': 99.84}, 'vnexpress': {'total': 1762, 'full_text': 1761, 'coverage_pct': 99.94}}
[2026-07-06 12:21:28] [TASK_2B] [INFO] Enriched 18850/23932 pending articles...
[2026-07-06 12:22:01] [TASK_2B] [INFO] Enriched 18900/23932 pending articles...
[2026-07-06 12:22:17] [TASK_2B] [INFO] Checkpoint saved after 18900 new articles.
[2026-07-06 12:22:17] [TASK_2B] [INFO] Checkpoint coverage: 28508/45968 unique URLs with full text (62.02%). Status: {'ok': 28096, 'failed': 12735, 'restricted': 4682, 'partial': 412, 'fetch_failed': 43}. By source: {'cafef': {'total': 19364, 'full_text': 1940, 'coverage_pct': 10.02}, 'kinhtechungkhoan': {'total': 8513, 'full_text': 8496, 'coverage_pct': 99.8}, 'tnck': {'total': 1446, 'full_text': 1446, 'coverage_pct': 100.0}, 'vietnambiz': {'total': 3598, 'full_text': 3598, 'coverage_pct': 100.0}, 'vietstock': {'total': 11285, 'full_text': 11267, 'coverage_pct': 99.84}, 'vnexpress': {'total': 1762, 'full_text': 1761, 'coverage_pct': 99.94}}
[2026-07-06 12:22:38] [TASK_2B] [INFO] Enriched 18950/23932 pending articles...
[2026-07-06 12:23:12] [TASK_2B] [INFO] Enriched 19000/23932 pending articles...
[2026-07-06 12:23:28] [TASK_2B] [INFO] Checkpoint saved after 19000 new articles.
[2026-07-06 12:23:28] [TASK_2B] [INFO] Checkpoint coverage: 28508/45968 unique URLs with full text (62.02%). Status: {'ok': 28096, 'failed': 12827, 'restricted': 4590, 'partial': 412, 'fetch_failed': 43}. By source: {'cafef': {'total': 19364, 'full_text': 1940, 'coverage_pct': 10.02}, 'kinhtechungkhoan': {'total': 8513, 'full_text': 8496, 'coverage_pct': 99.8}, 'tnck': {'total': 1446, 'full_text': 1446, 'coverage_pct': 100.0}, 'vietnambiz': {'total': 3598, 'full_text': 3598, 'coverage_pct': 100.0}, 'vietstock': {'total': 11285, 'full_text': 11267, 'coverage_pct': 99.84}, 'vnexpress': {'total': 1762, 'full_text': 1761, 'coverage_pct': 99.94}}
[2026-07-06 12:23:50] [TASK_2B] [INFO] Enriched 19050/23932 pending articles...
[2026-07-06 12:24:23] [TASK_2B] [INFO] Enriched 19100/23932 pending articles...
[2026-07-06 12:24:39] [TASK_2B] [INFO] Checkpoint saved after 19100 new articles.
[2026-07-06 12:24:39] [TASK_2B] [INFO] Checkpoint coverage: 28511/45968 unique URLs with full text (62.02%). Status: {'ok': 28096, 'failed': 12919, 'restricted': 4495, 'partial': 415, 'fetch_failed': 43}. By source: {'cafef': {'total': 19364, 'full_text': 1943, 'coverage_pct': 10.03}, 'kinhtechungkhoan': {'total': 8513, 'full_text': 8496, 'coverage_pct': 99.8}, 'tnck': {'total': 1446, 'full_text': 1446, 'coverage_pct': 100.0}, 'vietnambiz': {'total': 3598, 'full_text': 3598, 'coverage_pct': 100.0}, 'vietstock': {'total': 11285, 'full_text': 11267, 'coverage_pct': 99.84}, 'vnexpress': {'total': 1762, 'full_text': 1761, 'coverage_pct': 99.94}}
[2026-07-06 12:25:03] [TASK_2B] [INFO] Enriched 19150/23932 pending articles...
[2026-07-06 12:25:33] [TASK_2B] [INFO] Enriched 19200/23932 pending articles...
[2026-07-06 12:25:49] [TASK_2B] [INFO] Checkpoint saved after 19200 new articles.
[2026-07-06 12:25:49] [TASK_2B] [INFO] Checkpoint coverage: 28514/45968 unique URLs with full text (62.03%). Status: {'ok': 28096, 'failed': 13007, 'restricted': 4404, 'partial': 418, 'fetch_failed': 43}. By source: {'cafef': {'total': 19364, 'full_text': 1946, 'coverage_pct': 10.05}, 'kinhtechungkhoan': {'total': 8513, 'full_text': 8496, 'coverage_pct': 99.8}, 'tnck': {'total': 1446, 'full_text': 1446, 'coverage_pct': 100.0}, 'vietnambiz': {'total': 3598, 'full_text': 3598, 'coverage_pct': 100.0}, 'vietstock': {'total': 11285, 'full_text': 11267, 'coverage_pct': 99.84}, 'vnexpress': {'total': 1762, 'full_text': 1761, 'coverage_pct': 99.94}}
[2026-07-06 12:26:11] [TASK_2B] [INFO] Enriched 19250/23932 pending articles...
[2026-07-06 12:26:43] [TASK_2B] [INFO] Enriched 19300/23932 pending articles...
[2026-07-06 12:26:59] [TASK_2B] [INFO] Checkpoint saved after 19300 new articles.
[2026-07-06 12:26:59] [TASK_2B] [INFO] Checkpoint coverage: 28515/45968 unique URLs with full text (62.03%). Status: {'ok': 28096, 'failed': 13102, 'restricted': 4308, 'partial': 419, 'fetch_failed': 43}. By source: {'cafef': {'total': 19364, 'full_text': 1947, 'coverage_pct': 10.05}, 'kinhtechungkhoan': {'total': 8513, 'full_text': 8496, 'coverage_pct': 99.8}, 'tnck': {'total': 1446, 'full_text': 1446, 'coverage_pct': 100.0}, 'vietnambiz': {'total': 3598, 'full_text': 3598, 'coverage_pct': 100.0}, 'vietstock': {'total': 11285, 'full_text': 11267, 'coverage_pct': 99.84}, 'vnexpress': {'total': 1762, 'full_text': 1761, 'coverage_pct': 99.94}}
[2026-07-06 12:27:23] [TASK_2B] [INFO] Enriched 19350/23932 pending articles...
[2026-07-06 12:27:55] [TASK_2B] [INFO] Enriched 19400/23932 pending articles...
[2026-07-06 12:28:11] [TASK_2B] [INFO] Checkpoint saved after 19400 new articles.
[2026-07-06 12:28:11] [TASK_2B] [INFO] Checkpoint coverage: 28516/45968 unique URLs with full text (62.03%). Status: {'ok': 28096, 'failed': 13197, 'restricted': 4212, 'partial': 420, 'fetch_failed': 43}. By source: {'cafef': {'total': 19364, 'full_text': 1948, 'coverage_pct': 10.06}, 'kinhtechungkhoan': {'total': 8513, 'full_text': 8496, 'coverage_pct': 99.8}, 'tnck': {'total': 1446, 'full_text': 1446, 'coverage_pct': 100.0}, 'vietnambiz': {'total': 3598, 'full_text': 3598, 'coverage_pct': 100.0}, 'vietstock': {'total': 11285, 'full_text': 11267, 'coverage_pct': 99.84}, 'vnexpress': {'total': 1762, 'full_text': 1761, 'coverage_pct': 99.94}}
[2026-07-06 12:28:32] [TASK_2B] [INFO] Enriched 19450/23932 pending articles...
[2026-07-06 12:29:06] [TASK_2B] [INFO] Enriched 19500/23932 pending articles...
[2026-07-06 12:29:22] [TASK_2B] [INFO] Checkpoint saved after 19500 new articles.
[2026-07-06 12:29:22] [TASK_2B] [INFO] Checkpoint coverage: 28517/45968 unique URLs with full text (62.04%). Status: {'ok': 28096, 'failed': 13288, 'restricted': 4120, 'partial': 421, 'fetch_failed': 43}. By source: {'cafef': {'total': 19364, 'full_text': 1949, 'coverage_pct': 10.07}, 'kinhtechungkhoan': {'total': 8513, 'full_text': 8496, 'coverage_pct': 99.8}, 'tnck': {'total': 1446, 'full_text': 1446, 'coverage_pct': 100.0}, 'vietnambiz': {'total': 3598, 'full_text': 3598, 'coverage_pct': 100.0}, 'vietstock': {'total': 11285, 'full_text': 11267, 'coverage_pct': 99.84}, 'vnexpress': {'total': 1762, 'full_text': 1761, 'coverage_pct': 99.94}}
[2026-07-06 12:29:45] [TASK_2B] [INFO] Enriched 19550/23932 pending articles...
[2026-07-06 12:30:17] [TASK_2B] [INFO] Enriched 19600/23932 pending articles...
[2026-07-06 12:30:34] [TASK_2B] [INFO] Checkpoint saved after 19600 new articles.
[2026-07-06 12:30:34] [TASK_2B] [INFO] Checkpoint coverage: 28524/45968 unique URLs with full text (62.05%). Status: {'ok': 28096, 'failed': 13375, 'restricted': 4026, 'partial': 428, 'fetch_failed': 43}. By source: {'cafef': {'total': 19364, 'full_text': 1956, 'coverage_pct': 10.1}, 'kinhtechungkhoan': {'total': 8513, 'full_text': 8496, 'coverage_pct': 99.8}, 'tnck': {'total': 1446, 'full_text': 1446, 'coverage_pct': 100.0}, 'vietnambiz': {'total': 3598, 'full_text': 3598, 'coverage_pct': 100.0}, 'vietstock': {'total': 11285, 'full_text': 11267, 'coverage_pct': 99.84}, 'vnexpress': {'total': 1762, 'full_text': 1761, 'coverage_pct': 99.94}}
[2026-07-06 12:30:55] [TASK_2B] [INFO] Enriched 19650/23932 pending articles...
[2026-07-06 12:31:26] [TASK_2B] [INFO] Enriched 19700/23932 pending articles...
[2026-07-06 12:31:41] [TASK_2B] [INFO] Checkpoint saved after 19700 new articles.
[2026-07-06 12:31:41] [TASK_2B] [INFO] Checkpoint coverage: 28525/45968 unique URLs with full text (62.05%). Status: {'ok': 28096, 'failed': 13460, 'restricted': 3940, 'partial': 429, 'fetch_failed': 43}. By source: {'cafef': {'total': 19364, 'full_text': 1957, 'coverage_pct': 10.11}, 'kinhtechungkhoan': {'total': 8513, 'full_text': 8496, 'coverage_pct': 99.8}, 'tnck': {'total': 1446, 'full_text': 1446, 'coverage_pct': 100.0}, 'vietnambiz': {'total': 3598, 'full_text': 3598, 'coverage_pct': 100.0}, 'vietstock': {'total': 11285, 'full_text': 11267, 'coverage_pct': 99.84}, 'vnexpress': {'total': 1762, 'full_text': 1761, 'coverage_pct': 99.94}}
[2026-07-06 12:32:05] [TASK_2B] [INFO] Enriched 19750/23932 pending articles...
[2026-07-06 12:32:37] [TASK_2B] [INFO] Enriched 19800/23932 pending articles...
[2026-07-06 12:32:52] [TASK_2B] [INFO] Checkpoint saved after 19800 new articles.
[2026-07-06 12:32:52] [TASK_2B] [INFO] Checkpoint coverage: 28525/45968 unique URLs with full text (62.05%). Status: {'ok': 28096, 'failed': 13554, 'restricted': 3846, 'partial': 429, 'fetch_failed': 43}. By source: {'cafef': {'total': 19364, 'full_text': 1957, 'coverage_pct': 10.11}, 'kinhtechungkhoan': {'total': 8513, 'full_text': 8496, 'coverage_pct': 99.8}, 'tnck': {'total': 1446, 'full_text': 1446, 'coverage_pct': 100.0}, 'vietnambiz': {'total': 3598, 'full_text': 3598, 'coverage_pct': 100.0}, 'vietstock': {'total': 11285, 'full_text': 11267, 'coverage_pct': 99.84}, 'vnexpress': {'total': 1762, 'full_text': 1761, 'coverage_pct': 99.94}}
[2026-07-06 12:33:14] [TASK_2B] [INFO] Enriched 19850/23932 pending articles...
[2026-07-06 12:33:48] [TASK_2B] [INFO] Enriched 19900/23932 pending articles...
[2026-07-06 12:34:04] [TASK_2B] [INFO] Checkpoint saved after 19900 new articles.
[2026-07-06 12:34:04] [TASK_2B] [INFO] Checkpoint coverage: 28529/45968 unique URLs with full text (62.06%). Status: {'ok': 28096, 'failed': 13645, 'restricted': 3751, 'partial': 433, 'fetch_failed': 43}. By source: {'cafef': {'total': 19364, 'full_text': 1961, 'coverage_pct': 10.13}, 'kinhtechungkhoan': {'total': 8513, 'full_text': 8496, 'coverage_pct': 99.8}, 'tnck': {'total': 1446, 'full_text': 1446, 'coverage_pct': 100.0}, 'vietnambiz': {'total': 3598, 'full_text': 3598, 'coverage_pct': 100.0}, 'vietstock': {'total': 11285, 'full_text': 11267, 'coverage_pct': 99.84}, 'vnexpress': {'total': 1762, 'full_text': 1761, 'coverage_pct': 99.94}}
[2026-07-06 12:34:34] [TASK_2B] [INFO] Enriched 19950/23932 pending articles...
[2026-07-06 12:35:04] [TASK_2B] [INFO] Enriched 20000/23932 pending articles...
[2026-07-06 12:35:21] [TASK_2B] [INFO] Checkpoint saved after 20000 new articles.
[2026-07-06 12:35:21] [TASK_2B] [INFO] Checkpoint coverage: 28535/45968 unique URLs with full text (62.08%). Status: {'ok': 28096, 'failed': 13735, 'restricted': 3655, 'partial': 439, 'fetch_failed': 43}. By source: {'cafef': {'total': 19364, 'full_text': 1967, 'coverage_pct': 10.16}, 'kinhtechungkhoan': {'total': 8513, 'full_text': 8496, 'coverage_pct': 99.8}, 'tnck': {'total': 1446, 'full_text': 1446, 'coverage_pct': 100.0}, 'vietnambiz': {'total': 3598, 'full_text': 3598, 'coverage_pct': 100.0}, 'vietstock': {'total': 11285, 'full_text': 11267, 'coverage_pct': 99.84}, 'vnexpress': {'total': 1762, 'full_text': 1761, 'coverage_pct': 99.94}}
[2026-07-06 12:35:46] [TASK_2B] [INFO] Enriched 20050/23932 pending articles...
[2026-07-06 12:36:20] [TASK_2B] [INFO] Enriched 20100/23932 pending articles...
[2026-07-06 12:36:36] [TASK_2B] [INFO] Checkpoint saved after 20100 new articles.
[2026-07-06 12:36:36] [TASK_2B] [INFO] Checkpoint coverage: 28538/45968 unique URLs with full text (62.08%). Status: {'ok': 28096, 'failed': 13828, 'restricted': 3559, 'partial': 442, 'fetch_failed': 43}. By source: {'cafef': {'total': 19364, 'full_text': 1970, 'coverage_pct': 10.17}, 'kinhtechungkhoan': {'total': 8513, 'full_text': 8496, 'coverage_pct': 99.8}, 'tnck': {'total': 1446, 'full_text': 1446, 'coverage_pct': 100.0}, 'vietnambiz': {'total': 3598, 'full_text': 3598, 'coverage_pct': 100.0}, 'vietstock': {'total': 11285, 'full_text': 11267, 'coverage_pct': 99.84}, 'vnexpress': {'total': 1762, 'full_text': 1761, 'coverage_pct': 99.94}}
[2026-07-06 12:36:56] [TASK_2B] [INFO] Enriched 20150/23932 pending articles...
[2026-07-06 12:37:26] [TASK_2B] [INFO] Enriched 20200/23932 pending articles...
[2026-07-06 12:37:42] [TASK_2B] [INFO] Checkpoint saved after 20200 new articles.
[2026-07-06 12:37:42] [TASK_2B] [INFO] Checkpoint coverage: 28546/45968 unique URLs with full text (62.10%). Status: {'ok': 28096, 'failed': 13916, 'restricted': 3463, 'partial': 450, 'fetch_failed': 43}. By source: {'cafef': {'total': 19364, 'full_text': 1978, 'coverage_pct': 10.21}, 'kinhtechungkhoan': {'total': 8513, 'full_text': 8496, 'coverage_pct': 99.8}, 'tnck': {'total': 1446, 'full_text': 1446, 'coverage_pct': 100.0}, 'vietnambiz': {'total': 3598, 'full_text': 3598, 'coverage_pct': 100.0}, 'vietstock': {'total': 11285, 'full_text': 11267, 'coverage_pct': 99.84}, 'vnexpress': {'total': 1762, 'full_text': 1761, 'coverage_pct': 99.94}}
[2026-07-06 12:38:01] [TASK_2B] [INFO] Enriched 20250/23932 pending articles...
[2026-07-06 12:38:30] [TASK_2B] [INFO] Enriched 20300/23932 pending articles...
[2026-07-06 12:38:46] [TASK_2B] [INFO] Checkpoint saved after 20300 new articles.
[2026-07-06 12:38:46] [TASK_2B] [INFO] Checkpoint coverage: 28548/45968 unique URLs with full text (62.10%). Status: {'ok': 28096, 'failed': 14013, 'restricted': 3364, 'partial': 452, 'fetch_failed': 43}. By source: {'cafef': {'total': 19364, 'full_text': 1980, 'coverage_pct': 10.23}, 'kinhtechungkhoan': {'total': 8513, 'full_text': 8496, 'coverage_pct': 99.8}, 'tnck': {'total': 1446, 'full_text': 1446, 'coverage_pct': 100.0}, 'vietnambiz': {'total': 3598, 'full_text': 3598, 'coverage_pct': 100.0}, 'vietstock': {'total': 11285, 'full_text': 11267, 'coverage_pct': 99.84}, 'vnexpress': {'total': 1762, 'full_text': 1761, 'coverage_pct': 99.94}}
[2026-07-06 12:39:10] [TASK_2B] [INFO] Enriched 20350/23932 pending articles...
[2026-07-06 12:39:45] [TASK_2B] [INFO] Enriched 20400/23932 pending articles...
[2026-07-06 12:40:00] [TASK_2B] [INFO] Checkpoint saved after 20400 new articles.
[2026-07-06 12:40:01] [TASK_2B] [INFO] Checkpoint coverage: 28552/45968 unique URLs with full text (62.11%). Status: {'ok': 28096, 'failed': 14105, 'restricted': 3268, 'partial': 456, 'fetch_failed': 43}. By source: {'cafef': {'total': 19364, 'full_text': 1984, 'coverage_pct': 10.25}, 'kinhtechungkhoan': {'total': 8513, 'full_text': 8496, 'coverage_pct': 99.8}, 'tnck': {'total': 1446, 'full_text': 1446, 'coverage_pct': 100.0}, 'vietnambiz': {'total': 3598, 'full_text': 3598, 'coverage_pct': 100.0}, 'vietstock': {'total': 11285, 'full_text': 11267, 'coverage_pct': 99.84}, 'vnexpress': {'total': 1762, 'full_text': 1761, 'coverage_pct': 99.94}}
[2026-07-06 12:40:21] [TASK_2B] [INFO] Enriched 20450/23932 pending articles...
[2026-07-06 12:40:59] [TASK_2B] [INFO] Enriched 20500/23932 pending articles...
[2026-07-06 12:41:16] [TASK_2B] [INFO] Checkpoint saved after 20500 new articles.
[2026-07-06 12:41:16] [TASK_2B] [INFO] Checkpoint coverage: 28558/45968 unique URLs with full text (62.13%). Status: {'ok': 28096, 'failed': 14198, 'restricted': 3169, 'partial': 462, 'fetch_failed': 43}. By source: {'cafef': {'total': 19364, 'full_text': 1990, 'coverage_pct': 10.28}, 'kinhtechungkhoan': {'total': 8513, 'full_text': 8496, 'coverage_pct': 99.8}, 'tnck': {'total': 1446, 'full_text': 1446, 'coverage_pct': 100.0}, 'vietnambiz': {'total': 3598, 'full_text': 3598, 'coverage_pct': 100.0}, 'vietstock': {'total': 11285, 'full_text': 11267, 'coverage_pct': 99.84}, 'vnexpress': {'total': 1762, 'full_text': 1761, 'coverage_pct': 99.94}}
[2026-07-06 12:41:40] [TASK_2B] [INFO] Enriched 20550/23932 pending articles...
[2026-07-06 12:42:11] [TASK_2B] [INFO] Enriched 20600/23932 pending articles...
[2026-07-06 12:42:27] [TASK_2B] [INFO] Checkpoint saved after 20600 new articles.
[2026-07-06 12:42:27] [TASK_2B] [INFO] Checkpoint coverage: 28558/45968 unique URLs with full text (62.13%). Status: {'ok': 28096, 'failed': 14294, 'restricted': 3073, 'partial': 462, 'fetch_failed': 43}. By source: {'cafef': {'total': 19364, 'full_text': 1990, 'coverage_pct': 10.28}, 'kinhtechungkhoan': {'total': 8513, 'full_text': 8496, 'coverage_pct': 99.8}, 'tnck': {'total': 1446, 'full_text': 1446, 'coverage_pct': 100.0}, 'vietnambiz': {'total': 3598, 'full_text': 3598, 'coverage_pct': 100.0}, 'vietstock': {'total': 11285, 'full_text': 11267, 'coverage_pct': 99.84}, 'vnexpress': {'total': 1762, 'full_text': 1761, 'coverage_pct': 99.94}}
[2026-07-06 12:42:49] [TASK_2B] [INFO] Enriched 20650/23932 pending articles...
[2026-07-06 12:43:26] [TASK_2B] [INFO] Enriched 20700/23932 pending articles...
[2026-07-06 12:43:42] [TASK_2B] [INFO] Checkpoint saved after 20700 new articles.
[2026-07-06 12:43:42] [TASK_2B] [INFO] Checkpoint coverage: 28558/45968 unique URLs with full text (62.13%). Status: {'ok': 28096, 'failed': 14390, 'restricted': 2977, 'partial': 462, 'fetch_failed': 43}. By source: {'cafef': {'total': 19364, 'full_text': 1990, 'coverage_pct': 10.28}, 'kinhtechungkhoan': {'total': 8513, 'full_text': 8496, 'coverage_pct': 99.8}, 'tnck': {'total': 1446, 'full_text': 1446, 'coverage_pct': 100.0}, 'vietnambiz': {'total': 3598, 'full_text': 3598, 'coverage_pct': 100.0}, 'vietstock': {'total': 11285, 'full_text': 11267, 'coverage_pct': 99.84}, 'vnexpress': {'total': 1762, 'full_text': 1761, 'coverage_pct': 99.94}}
[2026-07-06 12:44:04] [TASK_2B] [INFO] Enriched 20750/23932 pending articles...
[2026-07-06 12:44:34] [TASK_2B] [INFO] Enriched 20800/23932 pending articles...
[2026-07-06 12:44:50] [TASK_2B] [INFO] Checkpoint saved after 20800 new articles.
[2026-07-06 12:44:50] [TASK_2B] [INFO] Checkpoint coverage: 28558/45968 unique URLs with full text (62.13%). Status: {'ok': 28096, 'failed': 14489, 'restricted': 2878, 'partial': 462, 'fetch_failed': 43}. By source: {'cafef': {'total': 19364, 'full_text': 1990, 'coverage_pct': 10.28}, 'kinhtechungkhoan': {'total': 8513, 'full_text': 8496, 'coverage_pct': 99.8}, 'tnck': {'total': 1446, 'full_text': 1446, 'coverage_pct': 100.0}, 'vietnambiz': {'total': 3598, 'full_text': 3598, 'coverage_pct': 100.0}, 'vietstock': {'total': 11285, 'full_text': 11267, 'coverage_pct': 99.84}, 'vnexpress': {'total': 1762, 'full_text': 1761, 'coverage_pct': 99.94}}
[2026-07-06 12:45:10] [TASK_2B] [INFO] Enriched 20850/23932 pending articles...
[2026-07-06 12:45:40] [TASK_2B] [INFO] Enriched 20900/23932 pending articles...
[2026-07-06 12:45:55] [TASK_2B] [INFO] Checkpoint saved after 20900 new articles.
[2026-07-06 12:45:55] [TASK_2B] [INFO] Checkpoint coverage: 28559/45968 unique URLs with full text (62.13%). Status: {'ok': 28096, 'failed': 14576, 'restricted': 2790, 'partial': 463, 'fetch_failed': 43}. By source: {'cafef': {'total': 19364, 'full_text': 1991, 'coverage_pct': 10.28}, 'kinhtechungkhoan': {'total': 8513, 'full_text': 8496, 'coverage_pct': 99.8}, 'tnck': {'total': 1446, 'full_text': 1446, 'coverage_pct': 100.0}, 'vietnambiz': {'total': 3598, 'full_text': 3598, 'coverage_pct': 100.0}, 'vietstock': {'total': 11285, 'full_text': 11267, 'coverage_pct': 99.84}, 'vnexpress': {'total': 1762, 'full_text': 1761, 'coverage_pct': 99.94}}
[2026-07-06 12:46:19] [TASK_2B] [INFO] Enriched 20950/23932 pending articles...
[2026-07-06 12:46:59] [TASK_2B] [INFO] Enriched 21000/23932 pending articles...
[2026-07-06 12:47:16] [TASK_2B] [INFO] Checkpoint saved after 21000 new articles.
[2026-07-06 12:47:16] [TASK_2B] [INFO] Checkpoint coverage: 28560/45968 unique URLs with full text (62.13%). Status: {'ok': 28096, 'failed': 14672, 'restricted': 2693, 'partial': 464, 'fetch_failed': 43}. By source: {'cafef': {'total': 19364, 'full_text': 1992, 'coverage_pct': 10.29}, 'kinhtechungkhoan': {'total': 8513, 'full_text': 8496, 'coverage_pct': 99.8}, 'tnck': {'total': 1446, 'full_text': 1446, 'coverage_pct': 100.0}, 'vietnambiz': {'total': 3598, 'full_text': 3598, 'coverage_pct': 100.0}, 'vietstock': {'total': 11285, 'full_text': 11267, 'coverage_pct': 99.84}, 'vnexpress': {'total': 1762, 'full_text': 1761, 'coverage_pct': 99.94}}
[2026-07-06 12:47:37] [TASK_2B] [INFO] Enriched 21050/23932 pending articles...
[2026-07-06 12:48:08] [TASK_2B] [INFO] Enriched 21100/23932 pending articles...
[2026-07-06 12:48:24] [TASK_2B] [INFO] Checkpoint saved after 21100 new articles.
[2026-07-06 12:48:24] [TASK_2B] [INFO] Checkpoint coverage: 28562/45968 unique URLs with full text (62.13%). Status: {'ok': 28096, 'failed': 14762, 'restricted': 2601, 'partial': 466, 'fetch_failed': 43}. By source: {'cafef': {'total': 19364, 'full_text': 1994, 'coverage_pct': 10.3}, 'kinhtechungkhoan': {'total': 8513, 'full_text': 8496, 'coverage_pct': 99.8}, 'tnck': {'total': 1446, 'full_text': 1446, 'coverage_pct': 100.0}, 'vietnambiz': {'total': 3598, 'full_text': 3598, 'coverage_pct': 100.0}, 'vietstock': {'total': 11285, 'full_text': 11267, 'coverage_pct': 99.84}, 'vnexpress': {'total': 1762, 'full_text': 1761, 'coverage_pct': 99.94}}
[2026-07-06 12:48:50] [TASK_2B] [INFO] Enriched 21150/23932 pending articles...
[2026-07-06 12:49:18] [TASK_2B] [INFO] Enriched 21200/23932 pending articles...
[2026-07-06 12:49:34] [TASK_2B] [INFO] Checkpoint saved after 21200 new articles.
[2026-07-06 12:49:35] [TASK_2B] [INFO] Checkpoint coverage: 28562/45968 unique URLs with full text (62.13%). Status: {'ok': 28096, 'failed': 14851, 'restricted': 2512, 'partial': 466, 'fetch_failed': 43}. By source: {'cafef': {'total': 19364, 'full_text': 1994, 'coverage_pct': 10.3}, 'kinhtechungkhoan': {'total': 8513, 'full_text': 8496, 'coverage_pct': 99.8}, 'tnck': {'total': 1446, 'full_text': 1446, 'coverage_pct': 100.0}, 'vietnambiz': {'total': 3598, 'full_text': 3598, 'coverage_pct': 100.0}, 'vietstock': {'total': 11285, 'full_text': 11267, 'coverage_pct': 99.84}, 'vnexpress': {'total': 1762, 'full_text': 1761, 'coverage_pct': 99.94}}
[2026-07-06 12:49:54] [TASK_2B] [INFO] Enriched 21250/23932 pending articles...
[2026-07-06 12:50:22] [TASK_2B] [INFO] Enriched 21300/23932 pending articles...
[2026-07-06 12:50:38] [TASK_2B] [INFO] Checkpoint saved after 21300 new articles.
[2026-07-06 12:50:38] [TASK_2B] [INFO] Checkpoint coverage: 28563/45968 unique URLs with full text (62.14%). Status: {'ok': 28096, 'failed': 14926, 'restricted': 2436, 'partial': 467, 'fetch_failed': 43}. By source: {'cafef': {'total': 19364, 'full_text': 1995, 'coverage_pct': 10.3}, 'kinhtechungkhoan': {'total': 8513, 'full_text': 8496, 'coverage_pct': 99.8}, 'tnck': {'total': 1446, 'full_text': 1446, 'coverage_pct': 100.0}, 'vietnambiz': {'total': 3598, 'full_text': 3598, 'coverage_pct': 100.0}, 'vietstock': {'total': 11285, 'full_text': 11267, 'coverage_pct': 99.84}, 'vnexpress': {'total': 1762, 'full_text': 1761, 'coverage_pct': 99.94}}
[2026-07-06 12:50:58] [TASK_2B] [INFO] Enriched 21350/23932 pending articles...
[2026-07-06 12:51:28] [TASK_2B] [INFO] Enriched 21400/23932 pending articles...
[2026-07-06 12:51:44] [TASK_2B] [INFO] Checkpoint saved after 21400 new articles.
[2026-07-06 12:51:44] [TASK_2B] [INFO] Checkpoint coverage: 28563/45968 unique URLs with full text (62.14%). Status: {'ok': 28096, 'failed': 15019, 'restricted': 2343, 'partial': 467, 'fetch_failed': 43}. By source: {'cafef': {'total': 19364, 'full_text': 1995, 'coverage_pct': 10.3}, 'kinhtechungkhoan': {'total': 8513, 'full_text': 8496, 'coverage_pct': 99.8}, 'tnck': {'total': 1446, 'full_text': 1446, 'coverage_pct': 100.0}, 'vietnambiz': {'total': 3598, 'full_text': 3598, 'coverage_pct': 100.0}, 'vietstock': {'total': 11285, 'full_text': 11267, 'coverage_pct': 99.84}, 'vnexpress': {'total': 1762, 'full_text': 1761, 'coverage_pct': 99.94}}
[2026-07-06 12:52:05] [TASK_2B] [INFO] Enriched 21450/23932 pending articles...
[2026-07-06 12:52:33] [TASK_2B] [INFO] Enriched 21500/23932 pending articles...
[2026-07-06 12:52:50] [TASK_2B] [INFO] Checkpoint saved after 21500 new articles.
[2026-07-06 12:52:50] [TASK_2B] [INFO] Checkpoint coverage: 28563/45968 unique URLs with full text (62.14%). Status: {'ok': 28096, 'failed': 15108, 'restricted': 2254, 'partial': 467, 'fetch_failed': 43}. By source: {'cafef': {'total': 19364, 'full_text': 1995, 'coverage_pct': 10.3}, 'kinhtechungkhoan': {'total': 8513, 'full_text': 8496, 'coverage_pct': 99.8}, 'tnck': {'total': 1446, 'full_text': 1446, 'coverage_pct': 100.0}, 'vietnambiz': {'total': 3598, 'full_text': 3598, 'coverage_pct': 100.0}, 'vietstock': {'total': 11285, 'full_text': 11267, 'coverage_pct': 99.84}, 'vnexpress': {'total': 1762, 'full_text': 1761, 'coverage_pct': 99.94}}
[2026-07-06 12:53:10] [TASK_2B] [INFO] Enriched 21550/23932 pending articles...
[2026-07-06 12:53:39] [TASK_2B] [INFO] Enriched 21600/23932 pending articles...
[2026-07-06 12:53:55] [TASK_2B] [INFO] Checkpoint saved after 21600 new articles.
[2026-07-06 12:53:55] [TASK_2B] [INFO] Checkpoint coverage: 28563/45968 unique URLs with full text (62.14%). Status: {'ok': 28096, 'failed': 15197, 'restricted': 2165, 'partial': 467, 'fetch_failed': 43}. By source: {'cafef': {'total': 19364, 'full_text': 1995, 'coverage_pct': 10.3}, 'kinhtechungkhoan': {'total': 8513, 'full_text': 8496, 'coverage_pct': 99.8}, 'tnck': {'total': 1446, 'full_text': 1446, 'coverage_pct': 100.0}, 'vietnambiz': {'total': 3598, 'full_text': 3598, 'coverage_pct': 100.0}, 'vietstock': {'total': 11285, 'full_text': 11267, 'coverage_pct': 99.84}, 'vnexpress': {'total': 1762, 'full_text': 1761, 'coverage_pct': 99.94}}
[2026-07-06 12:54:15] [TASK_2B] [INFO] Enriched 21650/23932 pending articles...
[2026-07-06 12:54:43] [TASK_2B] [INFO] Enriched 21700/23932 pending articles...
[2026-07-06 12:55:00] [TASK_2B] [INFO] Checkpoint saved after 21700 new articles.
[2026-07-06 12:55:00] [TASK_2B] [INFO] Checkpoint coverage: 28565/45968 unique URLs with full text (62.14%). Status: {'ok': 28096, 'failed': 15290, 'restricted': 2070, 'partial': 469, 'fetch_failed': 43}. By source: {'cafef': {'total': 19364, 'full_text': 1997, 'coverage_pct': 10.31}, 'kinhtechungkhoan': {'total': 8513, 'full_text': 8496, 'coverage_pct': 99.8}, 'tnck': {'total': 1446, 'full_text': 1446, 'coverage_pct': 100.0}, 'vietnambiz': {'total': 3598, 'full_text': 3598, 'coverage_pct': 100.0}, 'vietstock': {'total': 11285, 'full_text': 11267, 'coverage_pct': 99.84}, 'vnexpress': {'total': 1762, 'full_text': 1761, 'coverage_pct': 99.94}}
[2026-07-06 12:55:20] [TASK_2B] [INFO] Enriched 21750/23932 pending articles...
[2026-07-06 12:55:49] [TASK_2B] [INFO] Enriched 21800/23932 pending articles...
[2026-07-06 12:56:05] [TASK_2B] [INFO] Checkpoint saved after 21800 new articles.
[2026-07-06 12:56:05] [TASK_2B] [INFO] Checkpoint coverage: 28571/45968 unique URLs with full text (62.15%). Status: {'ok': 28096, 'failed': 15377, 'restricted': 1977, 'partial': 475, 'fetch_failed': 43}. By source: {'cafef': {'total': 19364, 'full_text': 2003, 'coverage_pct': 10.34}, 'kinhtechungkhoan': {'total': 8513, 'full_text': 8496, 'coverage_pct': 99.8}, 'tnck': {'total': 1446, 'full_text': 1446, 'coverage_pct': 100.0}, 'vietnambiz': {'total': 3598, 'full_text': 3598, 'coverage_pct': 100.0}, 'vietstock': {'total': 11285, 'full_text': 11267, 'coverage_pct': 99.84}, 'vnexpress': {'total': 1762, 'full_text': 1761, 'coverage_pct': 99.94}}
[2026-07-06 12:56:26] [TASK_2B] [INFO] Enriched 21850/23932 pending articles...
[2026-07-06 12:56:55] [TASK_2B] [INFO] Enriched 21900/23932 pending articles...
[2026-07-06 12:57:11] [TASK_2B] [INFO] Checkpoint saved after 21900 new articles.
[2026-07-06 12:57:11] [TASK_2B] [INFO] Checkpoint coverage: 28572/45968 unique URLs with full text (62.16%). Status: {'ok': 28096, 'failed': 15469, 'restricted': 1884, 'partial': 476, 'fetch_failed': 43}. By source: {'cafef': {'total': 19364, 'full_text': 2004, 'coverage_pct': 10.35}, 'kinhtechungkhoan': {'total': 8513, 'full_text': 8496, 'coverage_pct': 99.8}, 'tnck': {'total': 1446, 'full_text': 1446, 'coverage_pct': 100.0}, 'vietnambiz': {'total': 3598, 'full_text': 3598, 'coverage_pct': 100.0}, 'vietstock': {'total': 11285, 'full_text': 11267, 'coverage_pct': 99.84}, 'vnexpress': {'total': 1762, 'full_text': 1761, 'coverage_pct': 99.94}}
[2026-07-06 12:57:31] [TASK_2B] [INFO] Enriched 21950/23932 pending articles...
[2026-07-06 12:58:03] [TASK_2B] [INFO] Enriched 22000/23932 pending articles...
[2026-07-06 12:58:19] [TASK_2B] [INFO] Checkpoint saved after 22000 new articles.
[2026-07-06 12:58:19] [TASK_2B] [INFO] Checkpoint coverage: 28573/45968 unique URLs with full text (62.16%). Status: {'ok': 28096, 'failed': 15559, 'restricted': 1793, 'partial': 477, 'fetch_failed': 43}. By source: {'cafef': {'total': 19364, 'full_text': 2005, 'coverage_pct': 10.35}, 'kinhtechungkhoan': {'total': 8513, 'full_text': 8496, 'coverage_pct': 99.8}, 'tnck': {'total': 1446, 'full_text': 1446, 'coverage_pct': 100.0}, 'vietnambiz': {'total': 3598, 'full_text': 3598, 'coverage_pct': 100.0}, 'vietstock': {'total': 11285, 'full_text': 11267, 'coverage_pct': 99.84}, 'vnexpress': {'total': 1762, 'full_text': 1761, 'coverage_pct': 99.94}}
[2026-07-06 12:58:45] [TASK_2B] [INFO] Enriched 22050/23932 pending articles...
[2026-07-06 12:59:18] [TASK_2B] [INFO] Enriched 22100/23932 pending articles...
[2026-07-06 12:59:34] [TASK_2B] [INFO] Checkpoint saved after 22100 new articles.
[2026-07-06 12:59:34] [TASK_2B] [INFO] Checkpoint coverage: 28578/45968 unique URLs with full text (62.17%). Status: {'ok': 28096, 'failed': 15646, 'restricted': 1701, 'partial': 482, 'fetch_failed': 43}. By source: {'cafef': {'total': 19364, 'full_text': 2010, 'coverage_pct': 10.38}, 'kinhtechungkhoan': {'total': 8513, 'full_text': 8496, 'coverage_pct': 99.8}, 'tnck': {'total': 1446, 'full_text': 1446, 'coverage_pct': 100.0}, 'vietnambiz': {'total': 3598, 'full_text': 3598, 'coverage_pct': 100.0}, 'vietstock': {'total': 11285, 'full_text': 11267, 'coverage_pct': 99.84}, 'vnexpress': {'total': 1762, 'full_text': 1761, 'coverage_pct': 99.94}}
[2026-07-06 12:59:57] [TASK_2B] [INFO] Enriched 22150/23932 pending articles...
[2026-07-06 13:00:31] [TASK_2B] [INFO] Enriched 22200/23932 pending articles...
[2026-07-06 13:00:47] [TASK_2B] [INFO] Checkpoint saved after 22200 new articles.
[2026-07-06 13:00:47] [TASK_2B] [INFO] Checkpoint coverage: 28580/45968 unique URLs with full text (62.17%). Status: {'ok': 28096, 'failed': 15737, 'restricted': 1608, 'partial': 484, 'fetch_failed': 43}. By source: {'cafef': {'total': 19364, 'full_text': 2012, 'coverage_pct': 10.39}, 'kinhtechungkhoan': {'total': 8513, 'full_text': 8496, 'coverage_pct': 99.8}, 'tnck': {'total': 1446, 'full_text': 1446, 'coverage_pct': 100.0}, 'vietnambiz': {'total': 3598, 'full_text': 3598, 'coverage_pct': 100.0}, 'vietstock': {'total': 11285, 'full_text': 11267, 'coverage_pct': 99.84}, 'vnexpress': {'total': 1762, 'full_text': 1761, 'coverage_pct': 99.94}}
[2026-07-06 13:01:10] [TASK_2B] [INFO] Enriched 22250/23932 pending articles...
[2026-07-06 13:01:42] [TASK_2B] [INFO] Enriched 22300/23932 pending articles...
[2026-07-06 13:01:58] [TASK_2B] [INFO] Checkpoint saved after 22300 new articles.
[2026-07-06 13:01:58] [TASK_2B] [INFO] Checkpoint coverage: 28580/45968 unique URLs with full text (62.17%). Status: {'ok': 28096, 'failed': 15828, 'restricted': 1517, 'partial': 484, 'fetch_failed': 43}. By source: {'cafef': {'total': 19364, 'full_text': 2012, 'coverage_pct': 10.39}, 'kinhtechungkhoan': {'total': 8513, 'full_text': 8496, 'coverage_pct': 99.8}, 'tnck': {'total': 1446, 'full_text': 1446, 'coverage_pct': 100.0}, 'vietnambiz': {'total': 3598, 'full_text': 3598, 'coverage_pct': 100.0}, 'vietstock': {'total': 11285, 'full_text': 11267, 'coverage_pct': 99.84}, 'vnexpress': {'total': 1762, 'full_text': 1761, 'coverage_pct': 99.94}}
[2026-07-06 13:02:21] [TASK_2B] [INFO] Enriched 22350/23932 pending articles...
[2026-07-06 13:02:51] [TASK_2B] [INFO] Enriched 22400/23932 pending articles...
[2026-07-06 13:03:08] [TASK_2B] [INFO] Checkpoint saved after 22400 new articles.
[2026-07-06 13:03:08] [TASK_2B] [INFO] Checkpoint coverage: 28580/45968 unique URLs with full text (62.17%). Status: {'ok': 28096, 'failed': 15917, 'restricted': 1428, 'partial': 484, 'fetch_failed': 43}. By source: {'cafef': {'total': 19364, 'full_text': 2012, 'coverage_pct': 10.39}, 'kinhtechungkhoan': {'total': 8513, 'full_text': 8496, 'coverage_pct': 99.8}, 'tnck': {'total': 1446, 'full_text': 1446, 'coverage_pct': 100.0}, 'vietnambiz': {'total': 3598, 'full_text': 3598, 'coverage_pct': 100.0}, 'vietstock': {'total': 11285, 'full_text': 11267, 'coverage_pct': 99.84}, 'vnexpress': {'total': 1762, 'full_text': 1761, 'coverage_pct': 99.94}}
[2026-07-06 13:03:30] [TASK_2B] [INFO] Enriched 22450/23932 pending articles...
[2026-07-06 13:04:03] [TASK_2B] [INFO] Enriched 22500/23932 pending articles...
[2026-07-06 13:04:19] [TASK_2B] [INFO] Checkpoint saved after 22500 new articles.
[2026-07-06 13:04:19] [TASK_2B] [INFO] Checkpoint coverage: 28581/45968 unique URLs with full text (62.18%). Status: {'ok': 28096, 'failed': 16004, 'restricted': 1340, 'partial': 485, 'fetch_failed': 43}. By source: {'cafef': {'total': 19364, 'full_text': 2013, 'coverage_pct': 10.4}, 'kinhtechungkhoan': {'total': 8513, 'full_text': 8496, 'coverage_pct': 99.8}, 'tnck': {'total': 1446, 'full_text': 1446, 'coverage_pct': 100.0}, 'vietnambiz': {'total': 3598, 'full_text': 3598, 'coverage_pct': 100.0}, 'vietstock': {'total': 11285, 'full_text': 11267, 'coverage_pct': 99.84}, 'vnexpress': {'total': 1762, 'full_text': 1761, 'coverage_pct': 99.94}}
[2026-07-06 13:04:40] [TASK_2B] [INFO] Enriched 22550/23932 pending articles...
[2026-07-06 13:05:11] [TASK_2B] [INFO] Enriched 22600/23932 pending articles...
[2026-07-06 13:05:28] [TASK_2B] [INFO] Checkpoint saved after 22600 new articles.
[2026-07-06 13:05:28] [TASK_2B] [INFO] Checkpoint coverage: 28583/45968 unique URLs with full text (62.18%). Status: {'ok': 28096, 'failed': 16099, 'restricted': 1243, 'partial': 487, 'fetch_failed': 43}. By source: {'cafef': {'total': 19364, 'full_text': 2015, 'coverage_pct': 10.41}, 'kinhtechungkhoan': {'total': 8513, 'full_text': 8496, 'coverage_pct': 99.8}, 'tnck': {'total': 1446, 'full_text': 1446, 'coverage_pct': 100.0}, 'vietnambiz': {'total': 3598, 'full_text': 3598, 'coverage_pct': 100.0}, 'vietstock': {'total': 11285, 'full_text': 11267, 'coverage_pct': 99.84}, 'vnexpress': {'total': 1762, 'full_text': 1761, 'coverage_pct': 99.94}}
[2026-07-06 13:05:47] [TASK_2B] [INFO] Enriched 22650/23932 pending articles...
[2026-07-06 13:06:18] [TASK_2B] [INFO] Enriched 22700/23932 pending articles...
[2026-07-06 13:06:34] [TASK_2B] [INFO] Checkpoint saved after 22700 new articles.
[2026-07-06 13:06:34] [TASK_2B] [INFO] Checkpoint coverage: 28585/45968 unique URLs with full text (62.18%). Status: {'ok': 28096, 'failed': 16182, 'restricted': 1158, 'partial': 489, 'fetch_failed': 43}. By source: {'cafef': {'total': 19364, 'full_text': 2017, 'coverage_pct': 10.42}, 'kinhtechungkhoan': {'total': 8513, 'full_text': 8496, 'coverage_pct': 99.8}, 'tnck': {'total': 1446, 'full_text': 1446, 'coverage_pct': 100.0}, 'vietnambiz': {'total': 3598, 'full_text': 3598, 'coverage_pct': 100.0}, 'vietstock': {'total': 11285, 'full_text': 11267, 'coverage_pct': 99.84}, 'vnexpress': {'total': 1762, 'full_text': 1761, 'coverage_pct': 99.94}}
[2026-07-06 13:06:54] [TASK_2B] [INFO] Enriched 22750/23932 pending articles...
[2026-07-06 13:07:28] [TASK_2B] [INFO] Enriched 22800/23932 pending articles...
[2026-07-06 13:07:43] [TASK_2B] [INFO] Checkpoint saved after 22800 new articles.
[2026-07-06 13:07:44] [TASK_2B] [INFO] Checkpoint coverage: 28590/45968 unique URLs with full text (62.20%). Status: {'ok': 28096, 'failed': 16269, 'restricted': 1066, 'partial': 494, 'fetch_failed': 43}. By source: {'cafef': {'total': 19364, 'full_text': 2022, 'coverage_pct': 10.44}, 'kinhtechungkhoan': {'total': 8513, 'full_text': 8496, 'coverage_pct': 99.8}, 'tnck': {'total': 1446, 'full_text': 1446, 'coverage_pct': 100.0}, 'vietnambiz': {'total': 3598, 'full_text': 3598, 'coverage_pct': 100.0}, 'vietstock': {'total': 11285, 'full_text': 11267, 'coverage_pct': 99.84}, 'vnexpress': {'total': 1762, 'full_text': 1761, 'coverage_pct': 99.94}}
[2026-07-06 13:08:05] [TASK_2B] [INFO] Enriched 22850/23932 pending articles...
[2026-07-06 13:08:36] [TASK_2B] [INFO] Enriched 22900/23932 pending articles...
[2026-07-06 13:08:51] [TASK_2B] [INFO] Checkpoint saved after 22900 new articles.
[2026-07-06 13:08:51] [TASK_2B] [INFO] Checkpoint coverage: 28593/45968 unique URLs with full text (62.20%). Status: {'ok': 28096, 'failed': 16365, 'restricted': 967, 'partial': 497, 'fetch_failed': 43}. By source: {'cafef': {'total': 19364, 'full_text': 2025, 'coverage_pct': 10.46}, 'kinhtechungkhoan': {'total': 8513, 'full_text': 8496, 'coverage_pct': 99.8}, 'tnck': {'total': 1446, 'full_text': 1446, 'coverage_pct': 100.0}, 'vietnambiz': {'total': 3598, 'full_text': 3598, 'coverage_pct': 100.0}, 'vietstock': {'total': 11285, 'full_text': 11267, 'coverage_pct': 99.84}, 'vnexpress': {'total': 1762, 'full_text': 1761, 'coverage_pct': 99.94}}
[2026-07-06 13:09:13] [TASK_2B] [INFO] Enriched 22950/23932 pending articles...
[2026-07-06 13:09:52] [TASK_2B] [INFO] Enriched 23000/23932 pending articles...
[2026-07-06 13:10:09] [TASK_2B] [INFO] Checkpoint saved after 23000 new articles.
[2026-07-06 13:10:09] [TASK_2B] [INFO] Checkpoint coverage: 28593/45968 unique URLs with full text (62.20%). Status: {'ok': 28096, 'failed': 16465, 'restricted': 867, 'partial': 497, 'fetch_failed': 43}. By source: {'cafef': {'total': 19364, 'full_text': 2025, 'coverage_pct': 10.46}, 'kinhtechungkhoan': {'total': 8513, 'full_text': 8496, 'coverage_pct': 99.8}, 'tnck': {'total': 1446, 'full_text': 1446, 'coverage_pct': 100.0}, 'vietnambiz': {'total': 3598, 'full_text': 3598, 'coverage_pct': 100.0}, 'vietstock': {'total': 11285, 'full_text': 11267, 'coverage_pct': 99.84}, 'vnexpress': {'total': 1762, 'full_text': 1761, 'coverage_pct': 99.94}}
[2026-07-06 13:10:30] [TASK_2B] [INFO] Enriched 23050/23932 pending articles...
[2026-07-06 13:11:04] [TASK_2B] [INFO] Enriched 23100/23932 pending articles...
[2026-07-06 13:11:20] [TASK_2B] [INFO] Checkpoint saved after 23100 new articles.
[2026-07-06 13:11:20] [TASK_2B] [INFO] Checkpoint coverage: 28593/45968 unique URLs with full text (62.20%). Status: {'ok': 28096, 'failed': 16552, 'restricted': 780, 'partial': 497, 'fetch_failed': 43}. By source: {'cafef': {'total': 19364, 'full_text': 2025, 'coverage_pct': 10.46}, 'kinhtechungkhoan': {'total': 8513, 'full_text': 8496, 'coverage_pct': 99.8}, 'tnck': {'total': 1446, 'full_text': 1446, 'coverage_pct': 100.0}, 'vietnambiz': {'total': 3598, 'full_text': 3598, 'coverage_pct': 100.0}, 'vietstock': {'total': 11285, 'full_text': 11267, 'coverage_pct': 99.84}, 'vnexpress': {'total': 1762, 'full_text': 1761, 'coverage_pct': 99.94}}
[2026-07-06 13:11:46] [TASK_2B] [INFO] Enriched 23150/23932 pending articles...
[2026-07-06 13:12:18] [TASK_2B] [INFO] Enriched 23200/23932 pending articles...
[2026-07-06 13:12:34] [TASK_2B] [INFO] Checkpoint saved after 23200 new articles.
[2026-07-06 13:12:34] [TASK_2B] [INFO] Checkpoint coverage: 28596/45968 unique URLs with full text (62.21%). Status: {'ok': 28096, 'failed': 16634, 'restricted': 695, 'partial': 500, 'fetch_failed': 43}. By source: {'cafef': {'total': 19364, 'full_text': 2028, 'coverage_pct': 10.47}, 'kinhtechungkhoan': {'total': 8513, 'full_text': 8496, 'coverage_pct': 99.8}, 'tnck': {'total': 1446, 'full_text': 1446, 'coverage_pct': 100.0}, 'vietnambiz': {'total': 3598, 'full_text': 3598, 'coverage_pct': 100.0}, 'vietstock': {'total': 11285, 'full_text': 11267, 'coverage_pct': 99.84}, 'vnexpress': {'total': 1762, 'full_text': 1761, 'coverage_pct': 99.94}}
[2026-07-06 13:13:01] [TASK_2B] [INFO] Enriched 23250/23932 pending articles...
[2026-07-06 13:13:33] [TASK_2B] [INFO] Enriched 23300/23932 pending articles...
[2026-07-06 13:13:49] [TASK_2B] [INFO] Checkpoint saved after 23300 new articles.
[2026-07-06 13:13:50] [TASK_2B] [INFO] Checkpoint coverage: 28600/45968 unique URLs with full text (62.22%). Status: {'ok': 28096, 'failed': 16725, 'restricted': 600, 'partial': 504, 'fetch_failed': 43}. By source: {'cafef': {'total': 19364, 'full_text': 2032, 'coverage_pct': 10.49}, 'kinhtechungkhoan': {'total': 8513, 'full_text': 8496, 'coverage_pct': 99.8}, 'tnck': {'total': 1446, 'full_text': 1446, 'coverage_pct': 100.0}, 'vietnambiz': {'total': 3598, 'full_text': 3598, 'coverage_pct': 100.0}, 'vietstock': {'total': 11285, 'full_text': 11267, 'coverage_pct': 99.84}, 'vnexpress': {'total': 1762, 'full_text': 1761, 'coverage_pct': 99.94}}
[2026-07-06 13:14:14] [TASK_2B] [INFO] Enriched 23350/23932 pending articles...
[2026-07-06 13:14:48] [TASK_2B] [INFO] Enriched 23400/23932 pending articles...
[2026-07-06 13:15:08] [TASK_2B] [INFO] Checkpoint saved after 23400 new articles.
[2026-07-06 13:15:08] [TASK_2B] [INFO] Checkpoint coverage: 28605/45968 unique URLs with full text (62.23%). Status: {'ok': 28096, 'failed': 16814, 'partial': 509, 'restricted': 506, 'fetch_failed': 43}. By source: {'cafef': {'total': 19364, 'full_text': 2037, 'coverage_pct': 10.52}, 'kinhtechungkhoan': {'total': 8513, 'full_text': 8496, 'coverage_pct': 99.8}, 'tnck': {'total': 1446, 'full_text': 1446, 'coverage_pct': 100.0}, 'vietnambiz': {'total': 3598, 'full_text': 3598, 'coverage_pct': 100.0}, 'vietstock': {'total': 11285, 'full_text': 11267, 'coverage_pct': 99.84}, 'vnexpress': {'total': 1762, 'full_text': 1761, 'coverage_pct': 99.94}}
[2026-07-06 13:15:32] [TASK_2B] [INFO] Enriched 23450/23932 pending articles...
[2026-07-06 13:16:15] [TASK_2B] [INFO] Enriched 23500/23932 pending articles...
[2026-07-06 13:16:33] [TASK_2B] [INFO] Checkpoint saved after 23500 new articles.
[2026-07-06 13:16:33] [TASK_2B] [INFO] Checkpoint coverage: 28605/45968 unique URLs with full text (62.23%). Status: {'ok': 28096, 'failed': 16908, 'partial': 509, 'restricted': 412, 'fetch_failed': 43}. By source: {'cafef': {'total': 19364, 'full_text': 2037, 'coverage_pct': 10.52}, 'kinhtechungkhoan': {'total': 8513, 'full_text': 8496, 'coverage_pct': 99.8}, 'tnck': {'total': 1446, 'full_text': 1446, 'coverage_pct': 100.0}, 'vietnambiz': {'total': 3598, 'full_text': 3598, 'coverage_pct': 100.0}, 'vietstock': {'total': 11285, 'full_text': 11267, 'coverage_pct': 99.84}, 'vnexpress': {'total': 1762, 'full_text': 1761, 'coverage_pct': 99.94}}
[2026-07-06 13:17:03] [TASK_2B] [INFO] Enriched 23550/23932 pending articles...
[2026-07-06 13:17:35] [TASK_2B] [INFO] Enriched 23600/23932 pending articles...
[2026-07-06 13:17:52] [TASK_2B] [INFO] Checkpoint saved after 23600 new articles.
[2026-07-06 13:17:53] [TASK_2B] [INFO] Checkpoint coverage: 28606/45968 unique URLs with full text (62.23%). Status: {'ok': 28096, 'failed': 17001, 'partial': 510, 'restricted': 318, 'fetch_failed': 43}. By source: {'cafef': {'total': 19364, 'full_text': 2038, 'coverage_pct': 10.52}, 'kinhtechungkhoan': {'total': 8513, 'full_text': 8496, 'coverage_pct': 99.8}, 'tnck': {'total': 1446, 'full_text': 1446, 'coverage_pct': 100.0}, 'vietnambiz': {'total': 3598, 'full_text': 3598, 'coverage_pct': 100.0}, 'vietstock': {'total': 11285, 'full_text': 11267, 'coverage_pct': 99.84}, 'vnexpress': {'total': 1762, 'full_text': 1761, 'coverage_pct': 99.94}}
[2026-07-06 13:18:16] [TASK_2B] [INFO] Enriched 23650/23932 pending articles...
[2026-07-06 13:18:47] [TASK_2B] [INFO] Enriched 23700/23932 pending articles...
[2026-07-06 13:19:05] [TASK_2B] [INFO] Checkpoint saved after 23700 new articles.
[2026-07-06 13:19:05] [TASK_2B] [INFO] Checkpoint coverage: 28607/45968 unique URLs with full text (62.23%). Status: {'ok': 28096, 'failed': 17095, 'partial': 511, 'restricted': 223, 'fetch_failed': 43}. By source: {'cafef': {'total': 19364, 'full_text': 2039, 'coverage_pct': 10.53}, 'kinhtechungkhoan': {'total': 8513, 'full_text': 8496, 'coverage_pct': 99.8}, 'tnck': {'total': 1446, 'full_text': 1446, 'coverage_pct': 100.0}, 'vietnambiz': {'total': 3598, 'full_text': 3598, 'coverage_pct': 100.0}, 'vietstock': {'total': 11285, 'full_text': 11267, 'coverage_pct': 99.84}, 'vnexpress': {'total': 1762, 'full_text': 1761, 'coverage_pct': 99.94}}
[2026-07-06 13:19:26] [TASK_2B] [INFO] Enriched 23750/23932 pending articles...
[2026-07-06 13:19:56] [TASK_2B] [INFO] Enriched 23800/23932 pending articles...
[2026-07-06 13:20:12] [TASK_2B] [INFO] Checkpoint saved after 23800 new articles.
[2026-07-06 13:20:12] [TASK_2B] [INFO] Checkpoint coverage: 28611/45968 unique URLs with full text (62.24%). Status: {'ok': 28096, 'failed': 17188, 'partial': 515, 'restricted': 126, 'fetch_failed': 43}. By source: {'cafef': {'total': 19364, 'full_text': 2043, 'coverage_pct': 10.55}, 'kinhtechungkhoan': {'total': 8513, 'full_text': 8496, 'coverage_pct': 99.8}, 'tnck': {'total': 1446, 'full_text': 1446, 'coverage_pct': 100.0}, 'vietnambiz': {'total': 3598, 'full_text': 3598, 'coverage_pct': 100.0}, 'vietstock': {'total': 11285, 'full_text': 11267, 'coverage_pct': 99.84}, 'vnexpress': {'total': 1762, 'full_text': 1761, 'coverage_pct': 99.94}}
[2026-07-06 13:20:37] [TASK_2B] [INFO] Enriched 23850/23932 pending articles...
[2026-07-06 13:21:18] [TASK_2B] [INFO] Enriched 23900/23932 pending articles...
[2026-07-06 13:21:36] [TASK_2B] [INFO] Checkpoint saved after 23900 new articles.
[2026-07-06 13:21:36] [TASK_2B] [INFO] Checkpoint coverage: 28613/45968 unique URLs with full text (62.25%). Status: {'ok': 28096, 'failed': 17281, 'partial': 517, 'fetch_failed': 43, 'restricted': 31}. By source: {'cafef': {'total': 19364, 'full_text': 2045, 'coverage_pct': 10.56}, 'kinhtechungkhoan': {'total': 8513, 'full_text': 8496, 'coverage_pct': 99.8}, 'tnck': {'total': 1446, 'full_text': 1446, 'coverage_pct': 100.0}, 'vietnambiz': {'total': 3598, 'full_text': 3598, 'coverage_pct': 100.0}, 'vietstock': {'total': 11285, 'full_text': 11267, 'coverage_pct': 99.84}, 'vnexpress': {'total': 1762, 'full_text': 1761, 'coverage_pct': 99.94}}
[2026-07-06 13:22:01] [TASK_2B] [INFO] Saved enriched news to data/news/enriched/all_news_enriched.csv (52790 rows, 28613/45968 unique URLs with full text, 62.25% coverage, 23932 new fetched). Status counts: {'ok': 28096, 'failed': 17312, 'partial': 517, 'fetch_failed': 43}
[2026-07-06 13:22:01] [TASK_2B] [INFO] Final coverage: 28613/45968 unique URLs with full text (62.25%). Status: {'ok': 28096, 'failed': 17312, 'partial': 517, 'fetch_failed': 43}. By source: {'cafef': {'total': 19364, 'full_text': 2045, 'coverage_pct': 10.56}, 'kinhtechungkhoan': {'total': 8513, 'full_text': 8496, 'coverage_pct': 99.8}, 'tnck': {'total': 1446, 'full_text': 1446, 'coverage_pct': 100.0}, 'vietnambiz': {'total': 3598, 'full_text': 3598, 'coverage_pct': 100.0}, 'vietstock': {'total': 11285, 'full_text': 11267, 'coverage_pct': 99.84}, 'vnexpress': {'total': 1762, 'full_text': 1761, 'coverage_pct': 99.94}}
[2026-07-06 13:37:53] [TASK_2B] [INFO] ============================================================
[2026-07-06 13:37:53] [TASK_2B] [INFO] START TASK_2B: Article Full-Text Enrichment (detail pages → summaries/key facts)
[2026-07-06 13:37:53] [TASK_2B] [INFO] Timestamp: 2026-07-06T13:37:53.444576
[2026-07-06 13:37:53] [TASK_2B] [INFO] ============================================================
[2026-07-06 13:37:53] [TASK_2B] [INFO] Input: data/news/matched/all_news_matched.csv (52807 rows)
[2026-07-06 13:37:54] [TASK_2B] [INFO] Starting Article Full-Text Enrichment (TASK 2B)...
[2026-07-06 13:37:57] [TASK_2B] [INFO] Article enrichment queue: 52790 matched rows, 45968 unique URLs, 0 reusable cached, 45968 pending.
[2026-07-06 13:37:57] [TASK_2B] [INFO] Pending by domain: cafef.vn=19364, vietstock.vn=11284, kinhtechungkhoan.vn=8513, vietnambiz.vn=3591, vnexpress.net=1762, tinnhanhchungkhoan.vn=1446, vietnammoi.vn=7, fili.vn=1
[2026-07-06 13:37:57] [TASK_2B] [INFO] Running article enrichment with 6 domain workers, 0.50s per-domain delay.
[2026-07-06 13:38:09] [TASK_2B] [INFO] Enriched 50/45968 pending articles...
[2026-07-06 13:38:20] [TASK_2B] [INFO] Enriched 100/45968 pending articles...
[2026-07-06 13:38:42] [TASK_2B] [INFO] Checkpoint saved after 100 new articles.
[2026-07-06 13:38:43] [TASK_2B] [INFO] Checkpoint coverage: 100/45968 unique URLs with full text (0.22%). Status: {'pending_resume': 45868, 'ok': 98, 'partial': 2}. By source: {'cafef': {'total': 19364, 'full_text': 2, 'coverage_pct': 0.01}, 'kinhtechungkhoan': {'total': 8513, 'full_text': 4, 'coverage_pct': 0.05}, 'tnck': {'total': 1446, 'full_text': 30, 'coverage_pct': 2.07}, 'vietnambiz': {'total': 3598, 'full_text': 24, 'coverage_pct': 0.67}, 'vietstock': {'total': 11285, 'full_text': 9, 'coverage_pct': 0.08}, 'vnexpress': {'total': 1762, 'full_text': 31, 'coverage_pct': 1.76}}
[2026-07-06 13:38:50] [TASK_2B] [INFO] Enriched 150/45968 pending articles...
[2026-07-06 13:39:02] [TASK_2B] [INFO] Enriched 200/45968 pending articles...
[2026-07-06 13:39:24] [TASK_2B] [INFO] Checkpoint saved after 200 new articles.
[2026-07-06 13:39:24] [TASK_2B] [INFO] Checkpoint coverage: 200/45968 unique URLs with full text (0.44%). Status: {'pending_resume': 45768, 'ok': 192, 'partial': 8}. By source: {'cafef': {'total': 19364, 'full_text': 8, 'coverage_pct': 0.04}, 'kinhtechungkhoan': {'total': 8513, 'full_text': 15, 'coverage_pct': 0.18}, 'tnck': {'total': 1446, 'full_text': 55, 'coverage_pct': 3.8}, 'vietnambiz': {'total': 3598, 'full_text': 41, 'coverage_pct': 1.14}, 'vietstock': {'total': 11285, 'full_text': 18, 'coverage_pct': 0.16}, 'vnexpress': {'total': 1762, 'full_text': 63, 'coverage_pct': 3.58}}
[2026-07-06 13:39:32] [TASK_2B] [INFO] Enriched 250/45968 pending articles...
[2026-07-06 13:39:44] [TASK_2B] [INFO] Enriched 300/45968 pending articles...
[2026-07-06 13:40:05] [TASK_2B] [INFO] Checkpoint saved after 300 new articles.
[2026-07-06 13:40:06] [TASK_2B] [INFO] Checkpoint coverage: 300/45968 unique URLs with full text (0.65%). Status: {'pending_resume': 45668, 'ok': 287, 'partial': 13}. By source: {'cafef': {'total': 19364, 'full_text': 13, 'coverage_pct': 0.07}, 'kinhtechungkhoan': {'total': 8513, 'full_text': 24, 'coverage_pct': 0.28}, 'tnck': {'total': 1446, 'full_text': 84, 'coverage_pct': 5.81}, 'vietnambiz': {'total': 3598, 'full_text': 59, 'coverage_pct': 1.64}, 'vietstock': {'total': 11285, 'full_text': 26, 'coverage_pct': 0.23}, 'vnexpress': {'total': 1762, 'full_text': 94, 'coverage_pct': 5.33}}
[2026-07-06 13:40:12] [TASK_2B] [INFO] Enriched 350/45968 pending articles...
[2026-07-06 13:40:25] [TASK_2B] [INFO] Enriched 400/45968 pending articles...
[2026-07-06 13:40:47] [TASK_2B] [INFO] Checkpoint saved after 400 new articles.
[2026-07-06 13:40:48] [TASK_2B] [INFO] Checkpoint coverage: 400/45968 unique URLs with full text (0.87%). Status: {'pending_resume': 45568, 'ok': 382, 'partial': 18}. By source: {'cafef': {'total': 19364, 'full_text': 18, 'coverage_pct': 0.09}, 'kinhtechungkhoan': {'total': 8513, 'full_text': 34, 'coverage_pct': 0.4}, 'tnck': {'total': 1446, 'full_text': 113, 'coverage_pct': 7.81}, 'vietnambiz': {'total': 3598, 'full_text': 77, 'coverage_pct': 2.14}, 'vietstock': {'total': 11285, 'full_text': 33, 'coverage_pct': 0.29}, 'vnexpress': {'total': 1762, 'full_text': 125, 'coverage_pct': 7.09}}
[2026-07-06 13:40:54] [TASK_2B] [INFO] Enriched 450/45968 pending articles...
[2026-07-06 13:41:08] [TASK_2B] [INFO] Enriched 500/45968 pending articles...
[2026-07-06 13:41:29] [TASK_2B] [INFO] Checkpoint saved after 500 new articles.
[2026-07-06 13:41:30] [TASK_2B] [INFO] Checkpoint coverage: 500/45968 unique URLs with full text (1.09%). Status: {'pending_resume': 45468, 'ok': 476, 'partial': 24}. By source: {'cafef': {'total': 19364, 'full_text': 25, 'coverage_pct': 0.13}, 'kinhtechungkhoan': {'total': 8513, 'full_text': 43, 'coverage_pct': 0.51}, 'tnck': {'total': 1446, 'full_text': 142, 'coverage_pct': 9.82}, 'vietnambiz': {'total': 3598, 'full_text': 96, 'coverage_pct': 2.67}, 'vietstock': {'total': 11285, 'full_text': 42, 'coverage_pct': 0.37}, 'vnexpress': {'total': 1762, 'full_text': 152, 'coverage_pct': 8.63}}
[2026-07-06 13:41:39] [TASK_2B] [INFO] Enriched 550/45968 pending articles...
[2026-07-06 13:41:51] [TASK_2B] [INFO] Enriched 600/45968 pending articles...
[2026-07-06 13:42:13] [TASK_2B] [INFO] Checkpoint saved after 600 new articles.
[2026-07-06 13:42:13] [TASK_2B] [INFO] Checkpoint coverage: 600/45968 unique URLs with full text (1.31%). Status: {'pending_resume': 45368, 'ok': 571, 'partial': 29}. By source: {'cafef': {'total': 19364, 'full_text': 30, 'coverage_pct': 0.15}, 'kinhtechungkhoan': {'total': 8513, 'full_text': 54, 'coverage_pct': 0.63}, 'tnck': {'total': 1446, 'full_text': 174, 'coverage_pct': 12.03}, 'vietnambiz': {'total': 3598, 'full_text': 114, 'coverage_pct': 3.17}, 'vietstock': {'total': 11285, 'full_text': 52, 'coverage_pct': 0.46}, 'vnexpress': {'total': 1762, 'full_text': 176, 'coverage_pct': 9.99}}
[2026-07-06 13:42:22] [TASK_2B] [INFO] Enriched 650/45968 pending articles...
[2026-07-06 13:42:34] [TASK_2B] [INFO] Enriched 700/45968 pending articles...
[2026-07-06 13:42:56] [TASK_2B] [INFO] Checkpoint saved after 700 new articles.
[2026-07-06 13:42:56] [TASK_2B] [INFO] Checkpoint coverage: 700/45968 unique URLs with full text (1.52%). Status: {'pending_resume': 45268, 'ok': 665, 'partial': 35}. By source: {'cafef': {'total': 19364, 'full_text': 36, 'coverage_pct': 0.19}, 'kinhtechungkhoan': {'total': 8513, 'full_text': 64, 'coverage_pct': 0.75}, 'tnck': {'total': 1446, 'full_text': 207, 'coverage_pct': 14.32}, 'vietnambiz': {'total': 3598, 'full_text': 132, 'coverage_pct': 3.67}, 'vietstock': {'total': 11285, 'full_text': 63, 'coverage_pct': 0.56}, 'vnexpress': {'total': 1762, 'full_text': 198, 'coverage_pct': 11.24}}
[2026-07-06 13:43:04] [TASK_2B] [INFO] Enriched 750/45968 pending articles...
[2026-07-06 13:43:18] [TASK_2B] [INFO] Enriched 800/45968 pending articles...
[2026-07-06 13:43:41] [TASK_2B] [INFO] Checkpoint saved after 800 new articles.
[2026-07-06 13:43:41] [TASK_2B] [INFO] Checkpoint coverage: 800/45968 unique URLs with full text (1.74%). Status: {'pending_resume': 45168, 'ok': 760, 'partial': 40}. By source: {'cafef': {'total': 19364, 'full_text': 41, 'coverage_pct': 0.21}, 'kinhtechungkhoan': {'total': 8513, 'full_text': 75, 'coverage_pct': 0.88}, 'tnck': {'total': 1446, 'full_text': 238, 'coverage_pct': 16.46}, 'vietnambiz': {'total': 3598, 'full_text': 153, 'coverage_pct': 4.25}, 'vietstock': {'total': 11285, 'full_text': 73, 'coverage_pct': 0.65}, 'vnexpress': {'total': 1762, 'full_text': 220, 'coverage_pct': 12.49}}
[2026-07-06 13:43:47] [TASK_2B] [INFO] Enriched 850/45968 pending articles...
[2026-07-06 13:44:00] [TASK_2B] [INFO] Enriched 900/45968 pending articles...
[2026-07-06 13:44:22] [TASK_2B] [INFO] Checkpoint saved after 900 new articles.
[2026-07-06 13:44:22] [TASK_2B] [INFO] Checkpoint coverage: 900/45968 unique URLs with full text (1.96%). Status: {'pending_resume': 45068, 'ok': 854, 'partial': 46}. By source: {'cafef': {'total': 19364, 'full_text': 47, 'coverage_pct': 0.24}, 'kinhtechungkhoan': {'total': 8513, 'full_text': 86, 'coverage_pct': 1.01}, 'tnck': {'total': 1446, 'full_text': 270, 'coverage_pct': 18.67}, 'vietnambiz': {'total': 3598, 'full_text': 172, 'coverage_pct': 4.78}, 'vietstock': {'total': 11285, 'full_text': 82, 'coverage_pct': 0.73}, 'vnexpress': {'total': 1762, 'full_text': 243, 'coverage_pct': 13.79}}
[2026-07-06 13:44:30] [TASK_2B] [INFO] Enriched 950/45968 pending articles...
[2026-07-06 13:44:44] [TASK_2B] [INFO] Enriched 1000/45968 pending articles...
[2026-07-06 13:45:07] [TASK_2B] [INFO] Checkpoint saved after 1000 new articles.
[2026-07-06 13:45:07] [TASK_2B] [INFO] Checkpoint coverage: 1000/45968 unique URLs with full text (2.18%). Status: {'pending_resume': 44968, 'ok': 949, 'partial': 51}. By source: {'cafef': {'total': 19364, 'full_text': 53, 'coverage_pct': 0.27}, 'kinhtechungkhoan': {'total': 8513, 'full_text': 96, 'coverage_pct': 1.13}, 'tnck': {'total': 1446, 'full_text': 303, 'coverage_pct': 20.95}, 'vietnambiz': {'total': 3598, 'full_text': 191, 'coverage_pct': 5.31}, 'vietstock': {'total': 11285, 'full_text': 93, 'coverage_pct': 0.82}, 'vnexpress': {'total': 1762, 'full_text': 264, 'coverage_pct': 14.98}}
[2026-07-06 13:45:15] [TASK_2B] [INFO] Enriched 1050/45968 pending articles...
[2026-07-06 13:45:29] [TASK_2B] [INFO] Enriched 1100/45968 pending articles...
[2026-07-06 13:45:51] [TASK_2B] [INFO] Checkpoint saved after 1100 new articles.
[2026-07-06 13:45:51] [TASK_2B] [INFO] Checkpoint coverage: 1100/45968 unique URLs with full text (2.39%). Status: {'pending_resume': 44868, 'ok': 1044, 'partial': 56}. By source: {'cafef': {'total': 19364, 'full_text': 58, 'coverage_pct': 0.3}, 'kinhtechungkhoan': {'total': 8513, 'full_text': 108, 'coverage_pct': 1.27}, 'tnck': {'total': 1446, 'full_text': 338, 'coverage_pct': 23.37}, 'vietnambiz': {'total': 3598, 'full_text': 211, 'coverage_pct': 5.86}, 'vietstock': {'total': 11285, 'full_text': 103, 'coverage_pct': 0.91}, 'vnexpress': {'total': 1762, 'full_text': 282, 'coverage_pct': 16.0}}
[2026-07-06 13:45:57] [TASK_2B] [INFO] Enriched 1150/45968 pending articles...
[2026-07-06 13:46:11] [TASK_2B] [INFO] Enriched 1200/45968 pending articles...
[2026-07-06 13:46:33] [TASK_2B] [INFO] Checkpoint saved after 1200 new articles.
[2026-07-06 13:46:33] [TASK_2B] [INFO] Checkpoint coverage: 1200/45968 unique URLs with full text (2.61%). Status: {'pending_resume': 44768, 'ok': 1139, 'partial': 61}. By source: {'cafef': {'total': 19364, 'full_text': 63, 'coverage_pct': 0.33}, 'kinhtechungkhoan': {'total': 8513, 'full_text': 119, 'coverage_pct': 1.4}, 'tnck': {'total': 1446, 'full_text': 369, 'coverage_pct': 25.52}, 'vietnambiz': {'total': 3598, 'full_text': 231, 'coverage_pct': 6.42}, 'vietstock': {'total': 11285, 'full_text': 112, 'coverage_pct': 0.99}, 'vnexpress': {'total': 1762, 'full_text': 306, 'coverage_pct': 17.37}}
[2026-07-06 13:46:40] [TASK_2B] [INFO] Enriched 1250/45968 pending articles...
[2026-07-06 13:46:54] [TASK_2B] [INFO] Enriched 1300/45968 pending articles...
[2026-07-06 13:47:17] [TASK_2B] [INFO] Checkpoint saved after 1300 new articles.
[2026-07-06 13:47:17] [TASK_2B] [INFO] Checkpoint coverage: 1300/45968 unique URLs with full text (2.83%). Status: {'pending_resume': 44668, 'ok': 1233, 'partial': 67}. By source: {'cafef': {'total': 19364, 'full_text': 69, 'coverage_pct': 0.36}, 'kinhtechungkhoan': {'total': 8513, 'full_text': 130, 'coverage_pct': 1.53}, 'tnck': {'total': 1446, 'full_text': 401, 'coverage_pct': 27.73}, 'vietnambiz': {'total': 3598, 'full_text': 250, 'coverage_pct': 6.95}, 'vietstock': {'total': 11285, 'full_text': 122, 'coverage_pct': 1.08}, 'vnexpress': {'total': 1762, 'full_text': 328, 'coverage_pct': 18.62}}
[2026-07-06 13:47:24] [TASK_2B] [INFO] Enriched 1350/45968 pending articles...
[2026-07-06 13:47:37] [TASK_2B] [INFO] Enriched 1400/45968 pending articles...
[2026-07-06 13:47:59] [TASK_2B] [INFO] Checkpoint saved after 1400 new articles.
[2026-07-06 13:47:59] [TASK_2B] [INFO] Checkpoint coverage: 1400/45968 unique URLs with full text (3.05%). Status: {'pending_resume': 44568, 'ok': 1327, 'partial': 73}. By source: {'cafef': {'total': 19364, 'full_text': 76, 'coverage_pct': 0.39}, 'kinhtechungkhoan': {'total': 8513, 'full_text': 142, 'coverage_pct': 1.67}, 'tnck': {'total': 1446, 'full_text': 433, 'coverage_pct': 29.94}, 'vietnambiz': {'total': 3598, 'full_text': 268, 'coverage_pct': 7.45}, 'vietstock': {'total': 11285, 'full_text': 130, 'coverage_pct': 1.15}, 'vnexpress': {'total': 1762, 'full_text': 351, 'coverage_pct': 19.92}}
[2026-07-06 13:48:07] [TASK_2B] [INFO] Enriched 1450/45968 pending articles...
[2026-07-06 13:48:20] [TASK_2B] [INFO] Enriched 1500/45968 pending articles...
[2026-07-06 13:48:44] [TASK_2B] [INFO] Checkpoint saved after 1500 new articles.
[2026-07-06 13:48:44] [TASK_2B] [INFO] Checkpoint coverage: 1500/45968 unique URLs with full text (3.26%). Status: {'pending_resume': 44468, 'ok': 1422, 'partial': 78}. By source: {'cafef': {'total': 19364, 'full_text': 82, 'coverage_pct': 0.42}, 'kinhtechungkhoan': {'total': 8513, 'full_text': 152, 'coverage_pct': 1.79}, 'tnck': {'total': 1446, 'full_text': 464, 'coverage_pct': 32.09}, 'vietnambiz': {'total': 3598, 'full_text': 289, 'coverage_pct': 8.03}, 'vietstock': {'total': 11285, 'full_text': 139, 'coverage_pct': 1.23}, 'vnexpress': {'total': 1762, 'full_text': 374, 'coverage_pct': 21.23}}
[2026-07-06 13:48:50] [TASK_2B] [INFO] Enriched 1550/45968 pending articles...
[2026-07-06 13:49:05] [TASK_2B] [INFO] Enriched 1600/45968 pending articles...
[2026-07-06 13:49:28] [TASK_2B] [INFO] Checkpoint saved after 1600 new articles.
[2026-07-06 13:49:28] [TASK_2B] [INFO] Checkpoint coverage: 1600/45968 unique URLs with full text (3.48%). Status: {'pending_resume': 44368, 'ok': 1516, 'partial': 84}. By source: {'cafef': {'total': 19364, 'full_text': 90, 'coverage_pct': 0.46}, 'kinhtechungkhoan': {'total': 8513, 'full_text': 165, 'coverage_pct': 1.94}, 'tnck': {'total': 1446, 'full_text': 481, 'coverage_pct': 33.26}, 'vietnambiz': {'total': 3598, 'full_text': 311, 'coverage_pct': 8.64}, 'vietstock': {'total': 11285, 'full_text': 150, 'coverage_pct': 1.33}, 'vnexpress': {'total': 1762, 'full_text': 403, 'coverage_pct': 22.87}}
[2026-07-06 13:49:36] [TASK_2B] [INFO] Enriched 1650/45968 pending articles...
[2026-07-06 13:49:50] [TASK_2B] [INFO] Enriched 1700/45968 pending articles...
[2026-07-06 13:50:13] [TASK_2B] [INFO] Checkpoint saved after 1700 new articles.
[2026-07-06 13:50:13] [TASK_2B] [INFO] Checkpoint coverage: 1700/45968 unique URLs with full text (3.70%). Status: {'pending_resume': 44268, 'ok': 1612, 'partial': 88}. By source: {'cafef': {'total': 19364, 'full_text': 95, 'coverage_pct': 0.49}, 'kinhtechungkhoan': {'total': 8513, 'full_text': 177, 'coverage_pct': 2.08}, 'tnck': {'total': 1446, 'full_text': 511, 'coverage_pct': 35.34}, 'vietnambiz': {'total': 3598, 'full_text': 332, 'coverage_pct': 9.23}, 'vietstock': {'total': 11285, 'full_text': 160, 'coverage_pct': 1.42}, 'vnexpress': {'total': 1762, 'full_text': 425, 'coverage_pct': 24.12}}
[2026-07-06 13:50:19] [TASK_2B] [INFO] Enriched 1750/45968 pending articles...
[2026-07-06 13:50:33] [TASK_2B] [INFO] Enriched 1800/45968 pending articles...
[2026-07-06 13:50:56] [TASK_2B] [INFO] Checkpoint saved after 1800 new articles.
[2026-07-06 13:50:56] [TASK_2B] [INFO] Checkpoint coverage: 1800/45968 unique URLs with full text (3.92%). Status: {'pending_resume': 44168, 'ok': 1706, 'partial': 94}. By source: {'cafef': {'total': 19364, 'full_text': 101, 'coverage_pct': 0.52}, 'kinhtechungkhoan': {'total': 8513, 'full_text': 189, 'coverage_pct': 2.22}, 'tnck': {'total': 1446, 'full_text': 543, 'coverage_pct': 37.55}, 'vietnambiz': {'total': 3598, 'full_text': 351, 'coverage_pct': 9.76}, 'vietstock': {'total': 11285, 'full_text': 170, 'coverage_pct': 1.51}, 'vnexpress': {'total': 1762, 'full_text': 446, 'coverage_pct': 25.31}}
[2026-07-06 13:51:03] [TASK_2B] [INFO] Enriched 1850/45968 pending articles...
[2026-07-06 13:51:16] [TASK_2B] [INFO] Enriched 1900/45968 pending articles...
[2026-07-06 13:51:40] [TASK_2B] [INFO] Checkpoint saved after 1900 new articles.
[2026-07-06 13:51:40] [TASK_2B] [INFO] Checkpoint coverage: 1900/45968 unique URLs with full text (4.13%). Status: {'pending_resume': 44068, 'ok': 1800, 'partial': 100}. By source: {'cafef': {'total': 19364, 'full_text': 107, 'coverage_pct': 0.55}, 'kinhtechungkhoan': {'total': 8513, 'full_text': 199, 'coverage_pct': 2.34}, 'tnck': {'total': 1446, 'full_text': 576, 'coverage_pct': 39.83}, 'vietnambiz': {'total': 3598, 'full_text': 370, 'coverage_pct': 10.28}, 'vietstock': {'total': 11285, 'full_text': 180, 'coverage_pct': 1.6}, 'vnexpress': {'total': 1762, 'full_text': 468, 'coverage_pct': 26.56}}
[2026-07-06 13:51:46] [TASK_2B] [INFO] Enriched 1950/45968 pending articles...
[2026-07-06 13:51:58] [TASK_2B] [INFO] Enriched 2000/45968 pending articles...
[2026-07-06 13:52:23] [TASK_2B] [INFO] Checkpoint saved after 2000 new articles.
[2026-07-06 13:52:23] [TASK_2B] [INFO] Checkpoint coverage: 2000/45968 unique URLs with full text (4.35%). Status: {'pending_resume': 43968, 'ok': 1894, 'partial': 106}. By source: {'cafef': {'total': 19364, 'full_text': 114, 'coverage_pct': 0.59}, 'kinhtechungkhoan': {'total': 8513, 'full_text': 207, 'coverage_pct': 2.43}, 'tnck': {'total': 1446, 'full_text': 608, 'coverage_pct': 42.05}, 'vietnambiz': {'total': 3598, 'full_text': 387, 'coverage_pct': 10.76}, 'vietstock': {'total': 11285, 'full_text': 189, 'coverage_pct': 1.67}, 'vnexpress': {'total': 1762, 'full_text': 495, 'coverage_pct': 28.09}}
[2026-07-06 13:52:29] [TASK_2B] [INFO] Enriched 2050/45968 pending articles...
[2026-07-06 13:52:42] [TASK_2B] [INFO] Enriched 2100/45968 pending articles...
[2026-07-06 13:53:07] [TASK_2B] [INFO] Checkpoint saved after 2100 new articles.
[2026-07-06 13:53:07] [TASK_2B] [INFO] Checkpoint coverage: 2100/45968 unique URLs with full text (4.57%). Status: {'pending_resume': 43868, 'ok': 1991, 'partial': 109}. By source: {'cafef': {'total': 19364, 'full_text': 118, 'coverage_pct': 0.61}, 'kinhtechungkhoan': {'total': 8513, 'full_text': 219, 'coverage_pct': 2.57}, 'tnck': {'total': 1446, 'full_text': 641, 'coverage_pct': 44.33}, 'vietnambiz': {'total': 3598, 'full_text': 406, 'coverage_pct': 11.28}, 'vietstock': {'total': 11285, 'full_text': 198, 'coverage_pct': 1.75}, 'vnexpress': {'total': 1762, 'full_text': 518, 'coverage_pct': 29.4}}
[2026-07-06 13:53:12] [TASK_2B] [INFO] Enriched 2150/45968 pending articles...
[2026-07-06 13:53:25] [TASK_2B] [INFO] Enriched 2200/45968 pending articles...
[2026-07-06 13:53:51] [TASK_2B] [INFO] Checkpoint saved after 2200 new articles.
[2026-07-06 13:53:51] [TASK_2B] [INFO] Checkpoint coverage: 2200/45968 unique URLs with full text (4.79%). Status: {'pending_resume': 43768, 'ok': 2086, 'partial': 114}. By source: {'cafef': {'total': 19364, 'full_text': 124, 'coverage_pct': 0.64}, 'kinhtechungkhoan': {'total': 8513, 'full_text': 230, 'coverage_pct': 2.7}, 'tnck': {'total': 1446, 'full_text': 673, 'coverage_pct': 46.54}, 'vietnambiz': {'total': 3598, 'full_text': 424, 'coverage_pct': 11.78}, 'vietstock': {'total': 11285, 'full_text': 207, 'coverage_pct': 1.83}, 'vnexpress': {'total': 1762, 'full_text': 542, 'coverage_pct': 30.76}}
[2026-07-06 13:53:56] [TASK_2B] [INFO] Enriched 2250/45968 pending articles...
[2026-07-06 13:54:09] [TASK_2B] [INFO] Enriched 2300/45968 pending articles...
[2026-07-06 13:54:33] [TASK_2B] [INFO] Checkpoint saved after 2300 new articles.
[2026-07-06 13:54:33] [TASK_2B] [INFO] Checkpoint coverage: 2300/45968 unique URLs with full text (5.00%). Status: {'pending_resume': 43668, 'ok': 2180, 'partial': 120}. By source: {'cafef': {'total': 19364, 'full_text': 131, 'coverage_pct': 0.68}, 'kinhtechungkhoan': {'total': 8513, 'full_text': 240, 'coverage_pct': 2.82}, 'tnck': {'total': 1446, 'full_text': 705, 'coverage_pct': 48.76}, 'vietnambiz': {'total': 3598, 'full_text': 442, 'coverage_pct': 12.28}, 'vietstock': {'total': 11285, 'full_text': 217, 'coverage_pct': 1.92}, 'vnexpress': {'total': 1762, 'full_text': 565, 'coverage_pct': 32.07}}
[2026-07-06 13:54:39] [TASK_2B] [INFO] Enriched 2350/45968 pending articles...
[2026-07-06 13:54:52] [TASK_2B] [INFO] Enriched 2400/45968 pending articles...
[2026-07-06 13:55:16] [TASK_2B] [INFO] Checkpoint saved after 2400 new articles.
[2026-07-06 13:55:16] [TASK_2B] [INFO] Checkpoint coverage: 2400/45968 unique URLs with full text (5.22%). Status: {'pending_resume': 43568, 'ok': 2274, 'partial': 126}. By source: {'cafef': {'total': 19364, 'full_text': 137, 'coverage_pct': 0.71}, 'kinhtechungkhoan': {'total': 8513, 'full_text': 248, 'coverage_pct': 2.91}, 'tnck': {'total': 1446, 'full_text': 739, 'coverage_pct': 51.11}, 'vietnambiz': {'total': 3598, 'full_text': 461, 'coverage_pct': 12.81}, 'vietstock': {'total': 11285, 'full_text': 227, 'coverage_pct': 2.01}, 'vnexpress': {'total': 1762, 'full_text': 588, 'coverage_pct': 33.37}}
[2026-07-06 13:55:21] [TASK_2B] [INFO] Enriched 2450/45968 pending articles...
[2026-07-06 13:55:34] [TASK_2B] [INFO] Enriched 2500/45968 pending articles...
[2026-07-06 13:55:57] [TASK_2B] [INFO] Checkpoint saved after 2500 new articles.
[2026-07-06 13:55:58] [TASK_2B] [INFO] Checkpoint coverage: 2500/45968 unique URLs with full text (5.44%). Status: {'pending_resume': 43468, 'ok': 2368, 'partial': 132}. By source: {'cafef': {'total': 19364, 'full_text': 144, 'coverage_pct': 0.74}, 'kinhtechungkhoan': {'total': 8513, 'full_text': 252, 'coverage_pct': 2.96}, 'tnck': {'total': 1446, 'full_text': 770, 'coverage_pct': 53.25}, 'vietnambiz': {'total': 3598, 'full_text': 478, 'coverage_pct': 13.29}, 'vietstock': {'total': 11285, 'full_text': 236, 'coverage_pct': 2.09}, 'vnexpress': {'total': 1762, 'full_text': 620, 'coverage_pct': 35.19}}
[2026-07-06 13:56:02] [TASK_2B] [INFO] Enriched 2550/45968 pending articles...
[2026-07-06 13:56:14] [TASK_2B] [INFO] Enriched 2600/45968 pending articles...
[2026-07-06 13:56:37] [TASK_2B] [INFO] Checkpoint saved after 2600 new articles.
[2026-07-06 13:56:37] [TASK_2B] [INFO] Checkpoint coverage: 2600/45968 unique URLs with full text (5.66%). Status: {'pending_resume': 43368, 'ok': 2463, 'partial': 137}. By source: {'cafef': {'total': 19364, 'full_text': 151, 'coverage_pct': 0.78}, 'kinhtechungkhoan': {'total': 8513, 'full_text': 258, 'coverage_pct': 3.03}, 'tnck': {'total': 1446, 'full_text': 802, 'coverage_pct': 55.46}, 'vietnambiz': {'total': 3598, 'full_text': 496, 'coverage_pct': 13.79}, 'vietstock': {'total': 11285, 'full_text': 242, 'coverage_pct': 2.14}, 'vnexpress': {'total': 1762, 'full_text': 651, 'coverage_pct': 36.95}}
[2026-07-06 13:56:42] [TASK_2B] [INFO] Enriched 2650/45968 pending articles...
[2026-07-06 13:56:55] [TASK_2B] [INFO] Enriched 2700/45968 pending articles...
[2026-07-06 13:57:19] [TASK_2B] [INFO] Checkpoint saved after 2700 new articles.
[2026-07-06 13:57:20] [TASK_2B] [INFO] Checkpoint coverage: 2700/45968 unique URLs with full text (5.87%). Status: {'pending_resume': 43268, 'ok': 2559, 'partial': 141}. By source: {'cafef': {'total': 19364, 'full_text': 156, 'coverage_pct': 0.81}, 'kinhtechungkhoan': {'total': 8513, 'full_text': 262, 'coverage_pct': 3.08}, 'tnck': {'total': 1446, 'full_text': 833, 'coverage_pct': 57.61}, 'vietnambiz': {'total': 3598, 'full_text': 514, 'coverage_pct': 14.29}, 'vietstock': {'total': 11285, 'full_text': 251, 'coverage_pct': 2.22}, 'vnexpress': {'total': 1762, 'full_text': 684, 'coverage_pct': 38.82}}
[2026-07-06 13:57:25] [TASK_2B] [INFO] Enriched 2750/45968 pending articles...
[2026-07-06 13:57:39] [TASK_2B] [INFO] Enriched 2800/45968 pending articles...
[2026-07-06 13:58:03] [TASK_2B] [INFO] Checkpoint saved after 2800 new articles.
[2026-07-06 13:58:04] [TASK_2B] [INFO] Checkpoint coverage: 2800/45968 unique URLs with full text (6.09%). Status: {'pending_resume': 43168, 'ok': 2653, 'partial': 147}. By source: {'cafef': {'total': 19364, 'full_text': 162, 'coverage_pct': 0.84}, 'kinhtechungkhoan': {'total': 8513, 'full_text': 269, 'coverage_pct': 3.16}, 'tnck': {'total': 1446, 'full_text': 867, 'coverage_pct': 59.96}, 'vietnambiz': {'total': 3598, 'full_text': 534, 'coverage_pct': 14.84}, 'vietstock': {'total': 11285, 'full_text': 261, 'coverage_pct': 2.31}, 'vnexpress': {'total': 1762, 'full_text': 707, 'coverage_pct': 40.12}}
[2026-07-06 13:58:09] [TASK_2B] [INFO] Enriched 2850/45968 pending articles...
[2026-07-06 13:58:22] [TASK_2B] [INFO] Enriched 2900/45968 pending articles...
[2026-07-06 13:58:47] [TASK_2B] [INFO] Checkpoint saved after 2900 new articles.
[2026-07-06 13:58:47] [TASK_2B] [INFO] Checkpoint coverage: 2900/45968 unique URLs with full text (6.31%). Status: {'pending_resume': 43068, 'ok': 2747, 'partial': 153}. By source: {'cafef': {'total': 19364, 'full_text': 168, 'coverage_pct': 0.87}, 'kinhtechungkhoan': {'total': 8513, 'full_text': 276, 'coverage_pct': 3.24}, 'tnck': {'total': 1446, 'full_text': 905, 'coverage_pct': 62.59}, 'vietnambiz': {'total': 3598, 'full_text': 547, 'coverage_pct': 15.2}, 'vietstock': {'total': 11285, 'full_text': 272, 'coverage_pct': 2.41}, 'vnexpress': {'total': 1762, 'full_text': 732, 'coverage_pct': 41.54}}
[2026-07-06 13:58:52] [TASK_2B] [INFO] Enriched 2950/45968 pending articles...
[2026-07-06 13:59:06] [TASK_2B] [INFO] Enriched 3000/45968 pending articles...
[2026-07-06 13:59:31] [TASK_2B] [INFO] Checkpoint saved after 3000 new articles.
[2026-07-06 13:59:31] [TASK_2B] [INFO] Checkpoint coverage: 3000/45968 unique URLs with full text (6.53%). Status: {'pending_resume': 42968, 'ok': 2841, 'partial': 159}. By source: {'cafef': {'total': 19364, 'full_text': 174, 'coverage_pct': 0.9}, 'kinhtechungkhoan': {'total': 8513, 'full_text': 287, 'coverage_pct': 3.37}, 'tnck': {'total': 1446, 'full_text': 936, 'coverage_pct': 64.73}, 'vietnambiz': {'total': 3598, 'full_text': 567, 'coverage_pct': 15.76}, 'vietstock': {'total': 11285, 'full_text': 281, 'coverage_pct': 2.49}, 'vnexpress': {'total': 1762, 'full_text': 755, 'coverage_pct': 42.85}}
[2026-07-06 13:59:36] [TASK_2B] [INFO] Enriched 3050/45968 pending articles...
[2026-07-06 13:59:48] [TASK_2B] [INFO] Enriched 3100/45968 pending articles...
[2026-07-06 14:00:13] [TASK_2B] [INFO] Checkpoint saved after 3100 new articles.
[2026-07-06 14:00:13] [TASK_2B] [INFO] Checkpoint coverage: 3100/45968 unique URLs with full text (6.74%). Status: {'pending_resume': 42868, 'ok': 2937, 'partial': 163}. By source: {'cafef': {'total': 19364, 'full_text': 180, 'coverage_pct': 0.93}, 'kinhtechungkhoan': {'total': 8513, 'full_text': 296, 'coverage_pct': 3.48}, 'tnck': {'total': 1446, 'full_text': 966, 'coverage_pct': 66.8}, 'vietnambiz': {'total': 3598, 'full_text': 587, 'coverage_pct': 16.31}, 'vietstock': {'total': 11285, 'full_text': 289, 'coverage_pct': 2.56}, 'vnexpress': {'total': 1762, 'full_text': 782, 'coverage_pct': 44.38}}
[2026-07-06 14:00:19] [TASK_2B] [INFO] Enriched 3150/45968 pending articles...
[2026-07-06 14:00:33] [TASK_2B] [INFO] Enriched 3200/45968 pending articles...
[2026-07-06 14:00:57] [TASK_2B] [INFO] Checkpoint saved after 3200 new articles.
[2026-07-06 14:00:57] [TASK_2B] [INFO] Checkpoint coverage: 3200/45968 unique URLs with full text (6.96%). Status: {'pending_resume': 42768, 'ok': 3032, 'partial': 168}. By source: {'cafef': {'total': 19364, 'full_text': 186, 'coverage_pct': 0.96}, 'kinhtechungkhoan': {'total': 8513, 'full_text': 306, 'coverage_pct': 3.59}, 'tnck': {'total': 1446, 'full_text': 1000, 'coverage_pct': 69.16}, 'vietnambiz': {'total': 3598, 'full_text': 606, 'coverage_pct': 16.84}, 'vietstock': {'total': 11285, 'full_text': 299, 'coverage_pct': 2.65}, 'vnexpress': {'total': 1762, 'full_text': 803, 'coverage_pct': 45.57}}
[2026-07-06 14:01:03] [TASK_2B] [INFO] Enriched 3250/45968 pending articles...
[2026-07-06 14:01:16] [TASK_2B] [INFO] Enriched 3300/45968 pending articles...
[2026-07-06 14:01:41] [TASK_2B] [INFO] Checkpoint saved after 3300 new articles.
[2026-07-06 14:01:41] [TASK_2B] [INFO] Checkpoint coverage: 3300/45968 unique URLs with full text (7.18%). Status: {'pending_resume': 42668, 'ok': 3126, 'partial': 174}. By source: {'cafef': {'total': 19364, 'full_text': 193, 'coverage_pct': 1.0}, 'kinhtechungkhoan': {'total': 8513, 'full_text': 315, 'coverage_pct': 3.7}, 'tnck': {'total': 1446, 'full_text': 1032, 'coverage_pct': 71.37}, 'vietnambiz': {'total': 3598, 'full_text': 620, 'coverage_pct': 17.23}, 'vietstock': {'total': 11285, 'full_text': 310, 'coverage_pct': 2.75}, 'vnexpress': {'total': 1762, 'full_text': 830, 'coverage_pct': 47.11}}
[2026-07-06 14:01:47] [TASK_2B] [INFO] Enriched 3350/45968 pending articles...
[2026-07-06 14:02:00] [TASK_2B] [INFO] Enriched 3400/45968 pending articles...
[2026-07-06 14:02:24] [TASK_2B] [INFO] Checkpoint saved after 3400 new articles.
[2026-07-06 14:02:24] [TASK_2B] [INFO] Checkpoint coverage: 3400/45968 unique URLs with full text (7.40%). Status: {'pending_resume': 42568, 'ok': 3221, 'partial': 179}. By source: {'cafef': {'total': 19364, 'full_text': 198, 'coverage_pct': 1.02}, 'kinhtechungkhoan': {'total': 8513, 'full_text': 325, 'coverage_pct': 3.82}, 'tnck': {'total': 1446, 'full_text': 1066, 'coverage_pct': 73.72}, 'vietnambiz': {'total': 3598, 'full_text': 638, 'coverage_pct': 17.73}, 'vietstock': {'total': 11285, 'full_text': 320, 'coverage_pct': 2.84}, 'vnexpress': {'total': 1762, 'full_text': 853, 'coverage_pct': 48.41}}
[2026-07-06 14:02:30] [TASK_2B] [INFO] Enriched 3450/45968 pending articles...
[2026-07-06 14:02:43] [TASK_2B] [INFO] Enriched 3500/45968 pending articles...
[2026-07-06 14:03:06] [TASK_2B] [INFO] Checkpoint saved after 3500 new articles.
[2026-07-06 14:03:06] [TASK_2B] [INFO] Checkpoint coverage: 3500/45968 unique URLs with full text (7.61%). Status: {'pending_resume': 42468, 'ok': 3316, 'partial': 184}. By source: {'cafef': {'total': 19364, 'full_text': 203, 'coverage_pct': 1.05}, 'kinhtechungkhoan': {'total': 8513, 'full_text': 335, 'coverage_pct': 3.94}, 'tnck': {'total': 1446, 'full_text': 1099, 'coverage_pct': 76.0}, 'vietnambiz': {'total': 3598, 'full_text': 654, 'coverage_pct': 18.18}, 'vietstock': {'total': 11285, 'full_text': 330, 'coverage_pct': 2.92}, 'vnexpress': {'total': 1762, 'full_text': 879, 'coverage_pct': 49.89}}
[2026-07-06 14:03:12] [TASK_2B] [INFO] Enriched 3550/45968 pending articles...
[2026-07-06 14:03:25] [TASK_2B] [INFO] Enriched 3600/45968 pending articles...
[2026-07-06 14:03:49] [TASK_2B] [INFO] Checkpoint saved after 3600 new articles.
[2026-07-06 14:03:50] [TASK_2B] [INFO] Checkpoint coverage: 3599/45968 unique URLs with full text (7.83%). Status: {'pending_resume': 42368, 'ok': 3409, 'partial': 190, 'fetch_failed': 1}. By source: {'cafef': {'total': 19364, 'full_text': 209, 'coverage_pct': 1.08}, 'kinhtechungkhoan': {'total': 8513, 'full_text': 344, 'coverage_pct': 4.04}, 'tnck': {'total': 1446, 'full_text': 1132, 'coverage_pct': 78.28}, 'vietnambiz': {'total': 3598, 'full_text': 670, 'coverage_pct': 18.62}, 'vietstock': {'total': 11285, 'full_text': 338, 'coverage_pct': 3.0}, 'vnexpress': {'total': 1762, 'full_text': 906, 'coverage_pct': 51.42}}
[2026-07-06 14:03:54] [TASK_2B] [INFO] Enriched 3650/45968 pending articles...
[2026-07-06 14:04:08] [TASK_2B] [INFO] Enriched 3700/45968 pending articles...
[2026-07-06 14:04:32] [TASK_2B] [INFO] Checkpoint saved after 3700 new articles.
[2026-07-06 14:04:32] [TASK_2B] [INFO] Checkpoint coverage: 3698/45968 unique URLs with full text (8.04%). Status: {'pending_resume': 42268, 'ok': 3502, 'partial': 196, 'fetch_failed': 2}. By source: {'cafef': {'total': 19364, 'full_text': 216, 'coverage_pct': 1.12}, 'kinhtechungkhoan': {'total': 8513, 'full_text': 353, 'coverage_pct': 4.15}, 'tnck': {'total': 1446, 'full_text': 1166, 'coverage_pct': 80.64}, 'vietnambiz': {'total': 3598, 'full_text': 690, 'coverage_pct': 19.18}, 'vietstock': {'total': 11285, 'full_text': 345, 'coverage_pct': 3.06}, 'vnexpress': {'total': 1762, 'full_text': 928, 'coverage_pct': 52.67}}
[2026-07-06 14:04:38] [TASK_2B] [INFO] Enriched 3750/45968 pending articles...
[2026-07-06 14:04:51] [TASK_2B] [INFO] Enriched 3800/45968 pending articles...
[2026-07-06 14:05:17] [TASK_2B] [INFO] Checkpoint saved after 3800 new articles.
[2026-07-06 14:05:18] [TASK_2B] [INFO] Checkpoint coverage: 3798/45968 unique URLs with full text (8.26%). Status: {'pending_resume': 42168, 'ok': 3596, 'partial': 202, 'fetch_failed': 2}. By source: {'cafef': {'total': 19364, 'full_text': 222, 'coverage_pct': 1.15}, 'kinhtechungkhoan': {'total': 8513, 'full_text': 363, 'coverage_pct': 4.26}, 'tnck': {'total': 1446, 'full_text': 1199, 'coverage_pct': 82.92}, 'vietnambiz': {'total': 3598, 'full_text': 709, 'coverage_pct': 19.71}, 'vietstock': {'total': 11285, 'full_text': 355, 'coverage_pct': 3.15}, 'vnexpress': {'total': 1762, 'full_text': 950, 'coverage_pct': 53.92}}
[2026-07-06 14:05:24] [TASK_2B] [INFO] Enriched 3850/45968 pending articles...
[2026-07-06 14:05:37] [TASK_2B] [INFO] Enriched 3900/45968 pending articles...
[2026-07-06 14:06:02] [TASK_2B] [INFO] Checkpoint saved after 3900 new articles.
[2026-07-06 14:06:02] [TASK_2B] [INFO] Checkpoint coverage: 3898/45968 unique URLs with full text (8.48%). Status: {'pending_resume': 42068, 'ok': 3690, 'partial': 208, 'fetch_failed': 2}. By source: {'cafef': {'total': 19364, 'full_text': 229, 'coverage_pct': 1.18}, 'kinhtechungkhoan': {'total': 8513, 'full_text': 372, 'coverage_pct': 4.37}, 'tnck': {'total': 1446, 'full_text': 1231, 'coverage_pct': 85.13}, 'vietnambiz': {'total': 3598, 'full_text': 729, 'coverage_pct': 20.26}, 'vietstock': {'total': 11285, 'full_text': 364, 'coverage_pct': 3.23}, 'vnexpress': {'total': 1762, 'full_text': 973, 'coverage_pct': 55.22}}
[2026-07-06 14:06:07] [TASK_2B] [INFO] Enriched 3950/45968 pending articles...
[2026-07-06 14:06:21] [TASK_2B] [INFO] Enriched 4000/45968 pending articles...
[2026-07-06 14:06:46] [TASK_2B] [INFO] Checkpoint saved after 4000 new articles.
[2026-07-06 14:06:46] [TASK_2B] [INFO] Checkpoint coverage: 3998/45968 unique URLs with full text (8.70%). Status: {'pending_resume': 41968, 'ok': 3784, 'partial': 214, 'fetch_failed': 2}. By source: {'cafef': {'total': 19364, 'full_text': 235, 'coverage_pct': 1.21}, 'kinhtechungkhoan': {'total': 8513, 'full_text': 382, 'coverage_pct': 4.49}, 'tnck': {'total': 1446, 'full_text': 1262, 'coverage_pct': 87.28}, 'vietnambiz': {'total': 3598, 'full_text': 747, 'coverage_pct': 20.76}, 'vietstock': {'total': 11285, 'full_text': 374, 'coverage_pct': 3.31}, 'vnexpress': {'total': 1762, 'full_text': 998, 'coverage_pct': 56.64}}
[2026-07-06 14:06:51] [TASK_2B] [INFO] Enriched 4050/45968 pending articles...
[2026-07-06 14:07:06] [TASK_2B] [INFO] Enriched 4100/45968 pending articles...
[2026-07-06 14:07:31] [TASK_2B] [INFO] Checkpoint saved after 4100 new articles.
[2026-07-06 14:07:31] [TASK_2B] [INFO] Checkpoint coverage: 4098/45968 unique URLs with full text (8.91%). Status: {'pending_resume': 41868, 'ok': 3881, 'partial': 217, 'fetch_failed': 2}. By source: {'cafef': {'total': 19364, 'full_text': 238, 'coverage_pct': 1.23}, 'kinhtechungkhoan': {'total': 8513, 'full_text': 392, 'coverage_pct': 4.6}, 'tnck': {'total': 1446, 'full_text': 1293, 'coverage_pct': 89.42}, 'vietnambiz': {'total': 3598, 'full_text': 766, 'coverage_pct': 21.29}, 'vietstock': {'total': 11285, 'full_text': 383, 'coverage_pct': 3.39}, 'vnexpress': {'total': 1762, 'full_text': 1026, 'coverage_pct': 58.23}}
[2026-07-06 14:07:36] [TASK_2B] [INFO] Enriched 4150/45968 pending articles...
[2026-07-06 14:07:49] [TASK_2B] [INFO] Enriched 4200/45968 pending articles...
[2026-07-06 14:08:15] [TASK_2B] [INFO] Checkpoint saved after 4200 new articles.
[2026-07-06 14:08:15] [TASK_2B] [INFO] Checkpoint coverage: 4198/45968 unique URLs with full text (9.13%). Status: {'pending_resume': 41768, 'ok': 3975, 'partial': 223, 'fetch_failed': 2}. By source: {'cafef': {'total': 19364, 'full_text': 245, 'coverage_pct': 1.27}, 'kinhtechungkhoan': {'total': 8513, 'full_text': 404, 'coverage_pct': 4.75}, 'tnck': {'total': 1446, 'full_text': 1324, 'coverage_pct': 91.56}, 'vietnambiz': {'total': 3598, 'full_text': 785, 'coverage_pct': 21.82}, 'vietstock': {'total': 11285, 'full_text': 391, 'coverage_pct': 3.46}, 'vnexpress': {'total': 1762, 'full_text': 1049, 'coverage_pct': 59.53}}
[2026-07-06 14:08:19] [TASK_2B] [INFO] Enriched 4250/45968 pending articles...
[2026-07-06 14:08:33] [TASK_2B] [INFO] Enriched 4300/45968 pending articles...
[2026-07-06 14:08:59] [TASK_2B] [INFO] Checkpoint saved after 4300 new articles.
[2026-07-06 14:08:59] [TASK_2B] [INFO] Checkpoint coverage: 4298/45968 unique URLs with full text (9.35%). Status: {'pending_resume': 41668, 'ok': 4070, 'partial': 228, 'fetch_failed': 2}. By source: {'cafef': {'total': 19364, 'full_text': 252, 'coverage_pct': 1.3}, 'kinhtechungkhoan': {'total': 8513, 'full_text': 415, 'coverage_pct': 4.87}, 'tnck': {'total': 1446, 'full_text': 1356, 'coverage_pct': 93.78}, 'vietnambiz': {'total': 3598, 'full_text': 805, 'coverage_pct': 22.37}, 'vietstock': {'total': 11285, 'full_text': 400, 'coverage_pct': 3.54}, 'vnexpress': {'total': 1762, 'full_text': 1070, 'coverage_pct': 60.73}}
[2026-07-06 14:09:05] [TASK_2B] [INFO] Enriched 4350/45968 pending articles...
[2026-07-06 14:09:19] [TASK_2B] [INFO] Enriched 4400/45968 pending articles...
[2026-07-06 14:09:50] [TASK_2B] [INFO] Checkpoint saved after 4400 new articles.
[2026-07-06 14:09:50] [TASK_2B] [INFO] Checkpoint coverage: 4398/45968 unique URLs with full text (9.57%). Status: {'pending_resume': 41568, 'ok': 4166, 'partial': 232, 'fetch_failed': 2}. By source: {'cafef': {'total': 19364, 'full_text': 256, 'coverage_pct': 1.32}, 'kinhtechungkhoan': {'total': 8513, 'full_text': 426, 'coverage_pct': 5.0}, 'tnck': {'total': 1446, 'full_text': 1386, 'coverage_pct': 95.85}, 'vietnambiz': {'total': 3598, 'full_text': 826, 'coverage_pct': 22.96}, 'vietstock': {'total': 11285, 'full_text': 410, 'coverage_pct': 3.63}, 'vnexpress': {'total': 1762, 'full_text': 1094, 'coverage_pct': 62.09}}
[2026-07-06 14:09:53] [TASK_2B] [INFO] Enriched 4450/45968 pending articles...
[2026-07-06 14:10:08] [TASK_2B] [INFO] Enriched 4500/45968 pending articles...
[2026-07-06 14:10:33] [TASK_2B] [INFO] Checkpoint saved after 4500 new articles.
[2026-07-06 14:10:34] [TASK_2B] [INFO] Checkpoint coverage: 4495/45968 unique URLs with full text (9.78%). Status: {'pending_resume': 41468, 'ok': 4257, 'partial': 238, 'fetch_failed': 5}. By source: {'cafef': {'total': 19364, 'full_text': 262, 'coverage_pct': 1.35}, 'kinhtechungkhoan': {'total': 8513, 'full_text': 430, 'coverage_pct': 5.05}, 'tnck': {'total': 1446, 'full_text': 1420, 'coverage_pct': 98.2}, 'vietnambiz': {'total': 3598, 'full_text': 844, 'coverage_pct': 23.46}, 'vietstock': {'total': 11285, 'full_text': 419, 'coverage_pct': 3.71}, 'vnexpress': {'total': 1762, 'full_text': 1120, 'coverage_pct': 63.56}}
[2026-07-06 14:10:37] [TASK_2B] [INFO] ============================================================
[2026-07-06 14:10:37] [TASK_2B] [INFO] START TASK_2B: Article Full-Text Enrichment (detail pages → summaries/key facts)
[2026-07-06 14:10:37] [TASK_2B] [INFO] Timestamp: 2026-07-06T14:10:37.284284
[2026-07-06 14:10:37] [TASK_2B] [INFO] ============================================================
[2026-07-06 14:10:37] [TASK_2B] [INFO] Input: data/news/matched/all_news_matched.csv (52807 rows)
[2026-07-06 14:10:37] [TASK_2B] [INFO] ------------------------------------------------------------
[2026-07-06 14:10:37] [TASK_2B] [INFO] END TASK_2B — completed in 0.0 seconds
[2026-07-06 14:10:37] [TASK_2B] [INFO] ============================================================
[2026-07-06 14:10:40] [TASK_2B] [INFO] ============================================================
[2026-07-06 14:10:40] [TASK_2B] [INFO] START TASK_2B: Article Full-Text Enrichment (detail pages → summaries/key facts)
[2026-07-06 14:10:40] [TASK_2B] [INFO] Timestamp: 2026-07-06T14:10:40.110214
[2026-07-06 14:10:40] [TASK_2B] [INFO] ============================================================
[2026-07-06 14:10:40] [TASK_2B] [INFO] Input: data/news/matched/all_news_matched.csv (52807 rows)
[2026-07-06 14:10:40] [TASK_2B] [INFO] ------------------------------------------------------------
[2026-07-06 14:10:40] [TASK_2B] [INFO] END TASK_2B — completed in 0.0 seconds
[2026-07-06 14:10:40] [TASK_2B] [INFO] ============================================================
[2026-07-06 14:10:40] [TASK_2B] [INFO] Enriched 4550/45968 pending articles...
[2026-07-06 14:10:42] [TASK_2B] [INFO] ============================================================
[2026-07-06 14:10:42] [TASK_2B] [INFO] START TASK_2B: Article Full-Text Enrichment (detail pages → summaries/key facts)
[2026-07-06 14:10:42] [TASK_2B] [INFO] Timestamp: 2026-07-06T14:10:42.631970
[2026-07-06 14:10:42] [TASK_2B] [INFO] ============================================================
[2026-07-06 14:10:42] [TASK_2B] [INFO] Input: data/news/matched/all_news_matched.csv (52807 rows)
[2026-07-06 14:10:42] [TASK_2B] [INFO] ------------------------------------------------------------
[2026-07-06 14:10:42] [TASK_2B] [INFO] END TASK_2B — completed in 0.0 seconds
[2026-07-06 14:10:42] [TASK_2B] [INFO] ============================================================
[2026-07-06 14:10:57] [TASK_2B] [INFO] Enriched 4600/45968 pending articles...
[2026-07-06 14:11:23] [TASK_2B] [INFO] Checkpoint saved after 4600 new articles.
[2026-07-06 14:11:24] [TASK_2B] [INFO] Checkpoint coverage: 4586/45968 unique URLs with full text (9.98%). Status: {'pending_resume': 41368, 'ok': 4342, 'partial': 244, 'fetch_failed': 14}. By source: {'cafef': {'total': 19364, 'full_text': 268, 'coverage_pct': 1.38}, 'kinhtechungkhoan': {'total': 8513, 'full_text': 430, 'coverage_pct': 5.05}, 'tnck': {'total': 1446, 'full_text': 1446, 'coverage_pct': 100.0}, 'vietnambiz': {'total': 3598, 'full_text': 866, 'coverage_pct': 24.07}, 'vietstock': {'total': 11285, 'full_text': 431, 'coverage_pct': 3.82}, 'vnexpress': {'total': 1762, 'full_text': 1145, 'coverage_pct': 64.98}}
[2026-07-06 14:11:33] [TASK_2B] [INFO] Enriched 4650/45968 pending articles...
[2026-07-06 14:11:49] [TASK_2B] [INFO] Enriched 4700/45968 pending articles...
[2026-07-06 14:12:14] [TASK_2B] [INFO] Checkpoint saved after 4700 new articles.
[2026-07-06 14:12:15] [TASK_2B] [INFO] Checkpoint coverage: 4682/45968 unique URLs with full text (10.19%). Status: {'pending_resume': 41268, 'ok': 4430, 'partial': 252, 'fetch_failed': 18}. By source: {'cafef': {'total': 19364, 'full_text': 276, 'coverage_pct': 1.43}, 'kinhtechungkhoan': {'total': 8513, 'full_text': 443, 'coverage_pct': 5.2}, 'tnck': {'total': 1446, 'full_text': 1446, 'coverage_pct': 100.0}, 'vietnambiz': {'total': 3598, 'full_text': 889, 'coverage_pct': 24.71}, 'vietstock': {'total': 11285, 'full_text': 446, 'coverage_pct': 3.95}, 'vnexpress': {'total': 1762, 'full_text': 1182, 'coverage_pct': 67.08}}
[2026-07-06 14:12:23] [TASK_2B] [INFO] Enriched 4750/45968 pending articles...
[2026-07-06 14:12:45] [TASK_2B] [INFO] Enriched 4800/45968 pending articles...
[2026-07-06 14:13:19] [TASK_2B] [INFO] Checkpoint saved after 4800 new articles.
[2026-07-06 14:13:19] [TASK_2B] [INFO] Checkpoint coverage: 4782/45968 unique URLs with full text (10.40%). Status: {'pending_resume': 41168, 'ok': 4523, 'partial': 259, 'fetch_failed': 18}. By source: {'cafef': {'total': 19364, 'full_text': 284, 'coverage_pct': 1.47}, 'kinhtechungkhoan': {'total': 8513, 'full_text': 454, 'coverage_pct': 5.33}, 'tnck': {'total': 1446, 'full_text': 1446, 'coverage_pct': 100.0}, 'vietnambiz': {'total': 3598, 'full_text': 910, 'coverage_pct': 25.29}, 'vietstock': {'total': 11285, 'full_text': 459, 'coverage_pct': 4.07}, 'vnexpress': {'total': 1762, 'full_text': 1229, 'coverage_pct': 69.75}}
[2026-07-06 14:13:23] [TASK_2B] [INFO] Enriched 4850/45968 pending articles...
[2026-07-06 14:13:39] [TASK_2B] [INFO] Enriched 4900/45968 pending articles...
[2026-07-06 14:14:03] [TASK_2B] [INFO] Checkpoint saved after 4900 new articles.
[2026-07-06 14:14:03] [TASK_2B] [INFO] Checkpoint coverage: 4882/45968 unique URLs with full text (10.62%). Status: {'pending_resume': 41068, 'ok': 4615, 'partial': 267, 'fetch_failed': 18}. By source: {'cafef': {'total': 19364, 'full_text': 292, 'coverage_pct': 1.51}, 'kinhtechungkhoan': {'total': 8513, 'full_text': 469, 'coverage_pct': 5.51}, 'tnck': {'total': 1446, 'full_text': 1446, 'coverage_pct': 100.0}, 'vietnambiz': {'total': 3598, 'full_text': 931, 'coverage_pct': 25.88}, 'vietstock': {'total': 11285, 'full_text': 469, 'coverage_pct': 4.16}, 'vnexpress': {'total': 1762, 'full_text': 1275, 'coverage_pct': 72.36}}
[2026-07-06 14:14:11] [TASK_2B] [INFO] Enriched 4950/45968 pending articles...
[2026-07-06 14:14:29] [TASK_2B] [INFO] Enriched 5000/45968 pending articles...
[2026-07-06 14:14:56] [TASK_2B] [INFO] Checkpoint saved after 5000 new articles.
[2026-07-06 14:14:56] [TASK_2B] [INFO] Checkpoint coverage: 4982/45968 unique URLs with full text (10.84%). Status: {'pending_resume': 40968, 'ok': 4709, 'partial': 273, 'fetch_failed': 18}. By source: {'cafef': {'total': 19364, 'full_text': 299, 'coverage_pct': 1.54}, 'kinhtechungkhoan': {'total': 8513, 'full_text': 485, 'coverage_pct': 5.7}, 'tnck': {'total': 1446, 'full_text': 1446, 'coverage_pct': 100.0}, 'vietnambiz': {'total': 3598, 'full_text': 958, 'coverage_pct': 26.63}, 'vietstock': {'total': 11285, 'full_text': 486, 'coverage_pct': 4.31}, 'vnexpress': {'total': 1762, 'full_text': 1308, 'coverage_pct': 74.23}}
[2026-07-06 14:15:05] [TASK_2B] [INFO] Enriched 5050/45968 pending articles...
[2026-07-06 14:15:23] [TASK_2B] [INFO] Enriched 5100/45968 pending articles...
[2026-07-06 14:15:50] [TASK_2B] [INFO] Checkpoint saved after 5100 new articles.
[2026-07-06 14:15:50] [TASK_2B] [INFO] Checkpoint coverage: 5081/45968 unique URLs with full text (11.05%). Status: {'pending_resume': 40868, 'ok': 4802, 'partial': 279, 'fetch_failed': 18, 'failed': 1}. By source: {'cafef': {'total': 19364, 'full_text': 305, 'coverage_pct': 1.58}, 'kinhtechungkhoan': {'total': 8513, 'full_text': 505, 'coverage_pct': 5.93}, 'tnck': {'total': 1446, 'full_text': 1446, 'coverage_pct': 100.0}, 'vietnambiz': {'total': 3598, 'full_text': 988, 'coverage_pct': 27.46}, 'vietstock': {'total': 11285, 'full_text': 501, 'coverage_pct': 4.44}, 'vnexpress': {'total': 1762, 'full_text': 1336, 'coverage_pct': 75.82}}
[2026-07-06 14:15:59] [TASK_2B] [INFO] Enriched 5150/45968 pending articles...
[2026-07-06 14:16:16] [TASK_2B] [INFO] Enriched 5200/45968 pending articles...
[2026-07-06 14:16:41] [TASK_2B] [INFO] Checkpoint saved after 5200 new articles.
[2026-07-06 14:16:41] [TASK_2B] [INFO] Checkpoint coverage: 5181/45968 unique URLs with full text (11.27%). Status: {'pending_resume': 40768, 'ok': 4896, 'partial': 285, 'fetch_failed': 18, 'failed': 1}. By source: {'cafef': {'total': 19364, 'full_text': 312, 'coverage_pct': 1.61}, 'kinhtechungkhoan': {'total': 8513, 'full_text': 524, 'coverage_pct': 6.16}, 'tnck': {'total': 1446, 'full_text': 1446, 'coverage_pct': 100.0}, 'vietnambiz': {'total': 3598, 'full_text': 1013, 'coverage_pct': 28.15}, 'vietstock': {'total': 11285, 'full_text': 518, 'coverage_pct': 4.59}, 'vnexpress': {'total': 1762, 'full_text': 1368, 'coverage_pct': 77.64}}
[2026-07-06 14:16:51] [TASK_2B] [INFO] Enriched 5250/45968 pending articles...
[2026-07-06 14:17:08] [TASK_2B] [INFO] Enriched 5300/45968 pending articles...
[2026-07-06 14:17:33] [TASK_2B] [INFO] Checkpoint saved after 5300 new articles.
[2026-07-06 14:17:33] [TASK_2B] [INFO] Checkpoint coverage: 5281/45968 unique URLs with full text (11.49%). Status: {'pending_resume': 40668, 'ok': 4989, 'partial': 292, 'fetch_failed': 18, 'failed': 1}. By source: {'cafef': {'total': 19364, 'full_text': 320, 'coverage_pct': 1.65}, 'kinhtechungkhoan': {'total': 8513, 'full_text': 542, 'coverage_pct': 6.37}, 'tnck': {'total': 1446, 'full_text': 1446, 'coverage_pct': 100.0}, 'vietnambiz': {'total': 3598, 'full_text': 1040, 'coverage_pct': 28.9}, 'vietstock': {'total': 11285, 'full_text': 536, 'coverage_pct': 4.75}, 'vnexpress': {'total': 1762, 'full_text': 1397, 'coverage_pct': 79.28}}
[2026-07-06 14:17:41] [TASK_2B] [INFO] Enriched 5350/45968 pending articles...
[2026-07-06 14:17:57] [TASK_2B] [INFO] Enriched 5400/45968 pending articles...
[2026-07-06 14:18:20] [TASK_2B] [INFO] Checkpoint saved after 5400 new articles.
[2026-07-06 14:18:21] [TASK_2B] [INFO] Checkpoint coverage: 5381/45968 unique URLs with full text (11.71%). Status: {'pending_resume': 40568, 'ok': 5082, 'partial': 299, 'fetch_failed': 18, 'failed': 1}. By source: {'cafef': {'total': 19364, 'full_text': 329, 'coverage_pct': 1.7}, 'kinhtechungkhoan': {'total': 8513, 'full_text': 560, 'coverage_pct': 6.58}, 'tnck': {'total': 1446, 'full_text': 1446, 'coverage_pct': 100.0}, 'vietnambiz': {'total': 3598, 'full_text': 1067, 'coverage_pct': 29.66}, 'vietstock': {'total': 11285, 'full_text': 551, 'coverage_pct': 4.88}, 'vnexpress': {'total': 1762, 'full_text': 1428, 'coverage_pct': 81.04}}
[2026-07-06 14:18:29] [TASK_2B] [INFO] Enriched 5450/45968 pending articles...
[2026-07-06 14:18:45] [TASK_2B] [INFO] Enriched 5500/45968 pending articles...
[2026-07-06 14:19:12] [TASK_2B] [INFO] Checkpoint saved after 5500 new articles.
[2026-07-06 14:19:12] [TASK_2B] [INFO] Checkpoint coverage: 5481/45968 unique URLs with full text (11.92%). Status: {'pending_resume': 40468, 'ok': 5175, 'partial': 306, 'fetch_failed': 18, 'failed': 1}. By source: {'cafef': {'total': 19364, 'full_text': 336, 'coverage_pct': 1.74}, 'kinhtechungkhoan': {'total': 8513, 'full_text': 576, 'coverage_pct': 6.77}, 'tnck': {'total': 1446, 'full_text': 1446, 'coverage_pct': 100.0}, 'vietnambiz': {'total': 3598, 'full_text': 1095, 'coverage_pct': 30.43}, 'vietstock': {'total': 11285, 'full_text': 567, 'coverage_pct': 5.02}, 'vnexpress': {'total': 1762, 'full_text': 1461, 'coverage_pct': 82.92}}
[2026-07-06 14:19:19] [TASK_2B] [INFO] Enriched 5550/45968 pending articles...
[2026-07-06 14:19:35] [TASK_2B] [INFO] Enriched 5600/45968 pending articles...
[2026-07-06 14:19:58] [TASK_2B] [INFO] Checkpoint saved after 5600 new articles.
[2026-07-06 14:19:59] [TASK_2B] [INFO] Checkpoint coverage: 5581/45968 unique URLs with full text (12.14%). Status: {'pending_resume': 40368, 'ok': 5268, 'partial': 313, 'fetch_failed': 18, 'failed': 1}. By source: {'cafef': {'total': 19364, 'full_text': 344, 'coverage_pct': 1.78}, 'kinhtechungkhoan': {'total': 8513, 'full_text': 594, 'coverage_pct': 6.98}, 'tnck': {'total': 1446, 'full_text': 1446, 'coverage_pct': 100.0}, 'vietnambiz': {'total': 3598, 'full_text': 1122, 'coverage_pct': 31.18}, 'vietstock': {'total': 11285, 'full_text': 583, 'coverage_pct': 5.17}, 'vnexpress': {'total': 1762, 'full_text': 1492, 'coverage_pct': 84.68}}
[2026-07-06 14:20:06] [TASK_2B] [INFO] Enriched 5650/45968 pending articles...
[2026-07-06 14:20:22] [TASK_2B] [INFO] Enriched 5700/45968 pending articles...
[2026-07-06 14:20:47] [TASK_2B] [INFO] Checkpoint saved after 5700 new articles.
[2026-07-06 14:20:47] [TASK_2B] [INFO] Checkpoint coverage: 5681/45968 unique URLs with full text (12.36%). Status: {'pending_resume': 40268, 'ok': 5363, 'partial': 318, 'fetch_failed': 18, 'failed': 1}. By source: {'cafef': {'total': 19364, 'full_text': 352, 'coverage_pct': 1.82}, 'kinhtechungkhoan': {'total': 8513, 'full_text': 611, 'coverage_pct': 7.18}, 'tnck': {'total': 1446, 'full_text': 1446, 'coverage_pct': 100.0}, 'vietnambiz': {'total': 3598, 'full_text': 1149, 'coverage_pct': 31.93}, 'vietstock': {'total': 11285, 'full_text': 599, 'coverage_pct': 5.31}, 'vnexpress': {'total': 1762, 'full_text': 1524, 'coverage_pct': 86.49}}
[2026-07-06 14:20:56] [TASK_2B] [INFO] Enriched 5750/45968 pending articles...
[2026-07-06 14:21:14] [TASK_2B] [INFO] Enriched 5800/45968 pending articles...
[2026-07-06 14:21:40] [TASK_2B] [INFO] Checkpoint saved after 5800 new articles.
[2026-07-06 14:21:40] [TASK_2B] [INFO] Checkpoint coverage: 5781/45968 unique URLs with full text (12.58%). Status: {'pending_resume': 40168, 'ok': 5455, 'partial': 326, 'fetch_failed': 18, 'failed': 1}. By source: {'cafef': {'total': 19364, 'full_text': 362, 'coverage_pct': 1.87}, 'kinhtechungkhoan': {'total': 8513, 'full_text': 628, 'coverage_pct': 7.38}, 'tnck': {'total': 1446, 'full_text': 1446, 'coverage_pct': 100.0}, 'vietnambiz': {'total': 3598, 'full_text': 1178, 'coverage_pct': 32.74}, 'vietstock': {'total': 11285, 'full_text': 614, 'coverage_pct': 5.44}, 'vnexpress': {'total': 1762, 'full_text': 1553, 'coverage_pct': 88.14}}
[2026-07-06 14:21:50] [TASK_2B] [INFO] Enriched 5850/45968 pending articles...
[2026-07-06 14:22:09] [TASK_2B] [INFO] Enriched 5900/45968 pending articles...
[2026-07-06 14:22:35] [TASK_2B] [INFO] Checkpoint saved after 5900 new articles.
[2026-07-06 14:22:35] [TASK_2B] [INFO] Checkpoint coverage: 5881/45968 unique URLs with full text (12.79%). Status: {'pending_resume': 40068, 'ok': 5553, 'partial': 328, 'fetch_failed': 18, 'failed': 1}. By source: {'cafef': {'total': 19364, 'full_text': 364, 'coverage_pct': 1.88}, 'kinhtechungkhoan': {'total': 8513, 'full_text': 645, 'coverage_pct': 7.58}, 'tnck': {'total': 1446, 'full_text': 1446, 'coverage_pct': 100.0}, 'vietnambiz': {'total': 3598, 'full_text': 1209, 'coverage_pct': 33.6}, 'vietstock': {'total': 11285, 'full_text': 630, 'coverage_pct': 5.58}, 'vnexpress': {'total': 1762, 'full_text': 1587, 'coverage_pct': 90.07}}
[2026-07-06 14:22:45] [TASK_2B] [INFO] Enriched 5950/45968 pending articles...
[2026-07-06 14:23:03] [TASK_2B] [INFO] Enriched 6000/45968 pending articles...
[2026-07-06 14:23:38] [TASK_2B] [INFO] Checkpoint saved after 6000 new articles.
[2026-07-06 14:23:39] [TASK_2B] [INFO] Checkpoint coverage: 5981/45968 unique URLs with full text (13.01%). Status: {'pending_resume': 39968, 'ok': 5645, 'partial': 336, 'fetch_failed': 18, 'failed': 1}. By source: {'cafef': {'total': 19364, 'full_text': 372, 'coverage_pct': 1.92}, 'kinhtechungkhoan': {'total': 8513, 'full_text': 664, 'coverage_pct': 7.8}, 'tnck': {'total': 1446, 'full_text': 1446, 'coverage_pct': 100.0}, 'vietnambiz': {'total': 3598, 'full_text': 1237, 'coverage_pct': 34.38}, 'vietstock': {'total': 11285, 'full_text': 646, 'coverage_pct': 5.72}, 'vnexpress': {'total': 1762, 'full_text': 1616, 'coverage_pct': 91.71}}
[2026-07-06 14:23:48] [TASK_2B] [INFO] Enriched 6050/45968 pending articles...
[2026-07-06 14:24:06] [TASK_2B] [INFO] Enriched 6100/45968 pending articles...
[2026-07-06 14:24:31] [TASK_2B] [INFO] Checkpoint saved after 6100 new articles.
[2026-07-06 14:24:31] [TASK_2B] [INFO] Checkpoint coverage: 6081/45968 unique URLs with full text (13.23%). Status: {'pending_resume': 39868, 'ok': 5737, 'partial': 344, 'fetch_failed': 18, 'failed': 1}. By source: {'cafef': {'total': 19364, 'full_text': 382, 'coverage_pct': 1.97}, 'kinhtechungkhoan': {'total': 8513, 'full_text': 680, 'coverage_pct': 7.99}, 'tnck': {'total': 1446, 'full_text': 1446, 'coverage_pct': 100.0}, 'vietnambiz': {'total': 3598, 'full_text': 1265, 'coverage_pct': 35.16}, 'vietstock': {'total': 11285, 'full_text': 662, 'coverage_pct': 5.87}, 'vnexpress': {'total': 1762, 'full_text': 1646, 'coverage_pct': 93.42}}
[2026-07-06 14:24:40] [TASK_2B] [INFO] Enriched 6150/45968 pending articles...
[2026-07-06 14:24:56] [TASK_2B] [INFO] Enriched 6200/45968 pending articles...
[2026-07-06 14:25:22] [TASK_2B] [INFO] Checkpoint saved after 6200 new articles.
[2026-07-06 14:25:22] [TASK_2B] [INFO] Checkpoint coverage: 6181/45968 unique URLs with full text (13.45%). Status: {'pending_resume': 39768, 'ok': 5830, 'partial': 351, 'fetch_failed': 18, 'failed': 1}. By source: {'cafef': {'total': 19364, 'full_text': 389, 'coverage_pct': 2.01}, 'kinhtechungkhoan': {'total': 8513, 'full_text': 697, 'coverage_pct': 8.19}, 'tnck': {'total': 1446, 'full_text': 1446, 'coverage_pct': 100.0}, 'vietnambiz': {'total': 3598, 'full_text': 1294, 'coverage_pct': 35.96}, 'vietstock': {'total': 11285, 'full_text': 676, 'coverage_pct': 5.99}, 'vnexpress': {'total': 1762, 'full_text': 1679, 'coverage_pct': 95.29}}
[2026-07-06 14:25:32] [TASK_2B] [INFO] Enriched 6250/45968 pending articles...
[2026-07-06 14:25:49] [TASK_2B] [INFO] Enriched 6300/45968 pending articles...
[2026-07-06 14:26:15] [TASK_2B] [INFO] Checkpoint saved after 6300 new articles.
[2026-07-06 14:26:16] [TASK_2B] [INFO] Checkpoint coverage: 6281/45968 unique URLs with full text (13.66%). Status: {'pending_resume': 39668, 'ok': 5925, 'partial': 356, 'fetch_failed': 18, 'failed': 1}. By source: {'cafef': {'total': 19364, 'full_text': 394, 'coverage_pct': 2.03}, 'kinhtechungkhoan': {'total': 8513, 'full_text': 717, 'coverage_pct': 8.42}, 'tnck': {'total': 1446, 'full_text': 1446, 'coverage_pct': 100.0}, 'vietnambiz': {'total': 3598, 'full_text': 1320, 'coverage_pct': 36.69}, 'vietstock': {'total': 11285, 'full_text': 694, 'coverage_pct': 6.15}, 'vnexpress': {'total': 1762, 'full_text': 1710, 'coverage_pct': 97.05}}
[2026-07-06 14:26:25] [TASK_2B] [INFO] Enriched 6350/45968 pending articles...
[2026-07-06 14:26:41] [TASK_2B] [INFO] Enriched 6400/45968 pending articles...
[2026-07-06 14:27:07] [TASK_2B] [INFO] Checkpoint saved after 6400 new articles.
[2026-07-06 14:27:07] [TASK_2B] [INFO] Checkpoint coverage: 6381/45968 unique URLs with full text (13.88%). Status: {'pending_resume': 39568, 'ok': 6017, 'partial': 364, 'fetch_failed': 18, 'failed': 1}. By source: {'cafef': {'total': 19364, 'full_text': 402, 'coverage_pct': 2.08}, 'kinhtechungkhoan': {'total': 8513, 'full_text': 734, 'coverage_pct': 8.62}, 'tnck': {'total': 1446, 'full_text': 1446, 'coverage_pct': 100.0}, 'vietnambiz': {'total': 3598, 'full_text': 1348, 'coverage_pct': 37.47}, 'vietstock': {'total': 11285, 'full_text': 709, 'coverage_pct': 6.28}, 'vnexpress': {'total': 1762, 'full_text': 1742, 'coverage_pct': 98.86}}
[2026-07-06 14:27:16] [TASK_2B] [INFO] Enriched 6450/45968 pending articles...
[2026-07-06 14:27:39] [TASK_2B] [INFO] Enriched 6500/45968 pending articles...
[2026-07-06 14:28:02] [TASK_2B] [INFO] Checkpoint saved after 6500 new articles.
[2026-07-06 14:28:02] [TASK_2B] [INFO] Checkpoint coverage: 6481/45968 unique URLs with full text (14.10%). Status: {'pending_resume': 39468, 'ok': 6109, 'partial': 372, 'fetch_failed': 18, 'failed': 1}. By source: {'cafef': {'total': 19364, 'full_text': 410, 'coverage_pct': 2.12}, 'kinhtechungkhoan': {'total': 8513, 'full_text': 757, 'coverage_pct': 8.89}, 'tnck': {'total': 1446, 'full_text': 1446, 'coverage_pct': 100.0}, 'vietnambiz': {'total': 3598, 'full_text': 1378, 'coverage_pct': 38.3}, 'vietstock': {'total': 11285, 'full_text': 729, 'coverage_pct': 6.46}, 'vnexpress': {'total': 1762, 'full_text': 1761, 'coverage_pct': 99.94}}
[2026-07-06 14:28:19] [TASK_2B] [INFO] Enriched 6550/45968 pending articles...
[2026-07-06 14:28:41] [TASK_2B] [INFO] Enriched 6600/45968 pending articles...
[2026-07-06 14:29:05] [TASK_2B] [INFO] Checkpoint saved after 6600 new articles.
[2026-07-06 14:29:06] [TASK_2B] [INFO] Checkpoint coverage: 6581/45968 unique URLs with full text (14.32%). Status: {'pending_resume': 39368, 'ok': 6200, 'partial': 381, 'fetch_failed': 18, 'failed': 1}. By source: {'cafef': {'total': 19364, 'full_text': 420, 'coverage_pct': 2.17}, 'kinhtechungkhoan': {'total': 8513, 'full_text': 786, 'coverage_pct': 9.23}, 'tnck': {'total': 1446, 'full_text': 1446, 'coverage_pct': 100.0}, 'vietnambiz': {'total': 3598, 'full_text': 1421, 'coverage_pct': 39.49}, 'vietstock': {'total': 11285, 'full_text': 747, 'coverage_pct': 6.62}, 'vnexpress': {'total': 1762, 'full_text': 1761, 'coverage_pct': 99.94}}
[2026-07-06 14:29:22] [TASK_2B] [INFO] Enriched 6650/45968 pending articles...
[2026-07-06 14:29:47] [TASK_2B] [INFO] Enriched 6700/45968 pending articles...
[2026-07-06 14:30:12] [TASK_2B] [INFO] Checkpoint saved after 6700 new articles.
[2026-07-06 14:30:12] [TASK_2B] [INFO] Checkpoint coverage: 6681/45968 unique URLs with full text (14.53%). Status: {'pending_resume': 39268, 'ok': 6294, 'partial': 387, 'fetch_failed': 18, 'failed': 1}. By source: {'cafef': {'total': 19364, 'full_text': 426, 'coverage_pct': 2.2}, 'kinhtechungkhoan': {'total': 8513, 'full_text': 815, 'coverage_pct': 9.57}, 'tnck': {'total': 1446, 'full_text': 1446, 'coverage_pct': 100.0}, 'vietnambiz': {'total': 3598, 'full_text': 1460, 'coverage_pct': 40.58}, 'vietstock': {'total': 11285, 'full_text': 773, 'coverage_pct': 6.85}, 'vnexpress': {'total': 1762, 'full_text': 1761, 'coverage_pct': 99.94}}
[2026-07-06 14:30:28] [TASK_2B] [INFO] Enriched 6750/45968 pending articles...
[2026-07-06 14:30:50] [TASK_2B] [INFO] Enriched 6800/45968 pending articles...
[2026-07-06 14:31:15] [TASK_2B] [INFO] Checkpoint saved after 6800 new articles.
[2026-07-06 14:31:15] [TASK_2B] [INFO] Checkpoint coverage: 6781/45968 unique URLs with full text (14.75%). Status: {'pending_resume': 39168, 'ok': 6385, 'partial': 396, 'fetch_failed': 18, 'failed': 1}. By source: {'cafef': {'total': 19364, 'full_text': 435, 'coverage_pct': 2.25}, 'kinhtechungkhoan': {'total': 8513, 'full_text': 845, 'coverage_pct': 9.93}, 'tnck': {'total': 1446, 'full_text': 1446, 'coverage_pct': 100.0}, 'vietnambiz': {'total': 3598, 'full_text': 1500, 'coverage_pct': 41.69}, 'vietstock': {'total': 11285, 'full_text': 794, 'coverage_pct': 7.04}, 'vnexpress': {'total': 1762, 'full_text': 1761, 'coverage_pct': 99.94}}
[2026-07-06 14:31:28] [TASK_2B] [INFO] Enriched 6850/45968 pending articles...
[2026-07-06 14:31:50] [TASK_2B] [INFO] Enriched 6900/45968 pending articles...
[2026-07-06 14:32:14] [TASK_2B] [INFO] Checkpoint saved after 6900 new articles.
[2026-07-06 14:32:15] [TASK_2B] [INFO] Checkpoint coverage: 6881/45968 unique URLs with full text (14.97%). Status: {'pending_resume': 39068, 'ok': 6476, 'partial': 405, 'fetch_failed': 18, 'failed': 1}. By source: {'cafef': {'total': 19364, 'full_text': 444, 'coverage_pct': 2.29}, 'kinhtechungkhoan': {'total': 8513, 'full_text': 867, 'coverage_pct': 10.18}, 'tnck': {'total': 1446, 'full_text': 1446, 'coverage_pct': 100.0}, 'vietnambiz': {'total': 3598, 'full_text': 1545, 'coverage_pct': 42.94}, 'vietstock': {'total': 11285, 'full_text': 818, 'coverage_pct': 7.25}, 'vnexpress': {'total': 1762, 'full_text': 1761, 'coverage_pct': 99.94}}
[2026-07-06 14:32:30] [TASK_2B] [INFO] Enriched 6950/45968 pending articles...
[2026-07-06 14:32:54] [TASK_2B] [INFO] Enriched 7000/45968 pending articles...
[2026-07-06 14:33:17] [TASK_2B] [INFO] Checkpoint saved after 7000 new articles.
[2026-07-06 14:33:17] [TASK_2B] [INFO] Checkpoint coverage: 6981/45968 unique URLs with full text (15.19%). Status: {'pending_resume': 38968, 'ok': 6566, 'partial': 415, 'fetch_failed': 18, 'failed': 1}. By source: {'cafef': {'total': 19364, 'full_text': 455, 'coverage_pct': 2.35}, 'kinhtechungkhoan': {'total': 8513, 'full_text': 887, 'coverage_pct': 10.42}, 'tnck': {'total': 1446, 'full_text': 1446, 'coverage_pct': 100.0}, 'vietnambiz': {'total': 3598, 'full_text': 1591, 'coverage_pct': 44.22}, 'vietstock': {'total': 11285, 'full_text': 841, 'coverage_pct': 7.45}, 'vnexpress': {'total': 1762, 'full_text': 1761, 'coverage_pct': 99.94}}
[2026-07-06 14:33:32] [TASK_2B] [INFO] Enriched 7050/45968 pending articles...
[2026-07-06 14:33:53] [TASK_2B] [INFO] Enriched 7100/45968 pending articles...
[2026-07-06 14:34:20] [TASK_2B] [INFO] Checkpoint saved after 7100 new articles.
[2026-07-06 14:34:20] [TASK_2B] [INFO] Checkpoint coverage: 7081/45968 unique URLs with full text (15.40%). Status: {'pending_resume': 38868, 'ok': 6657, 'partial': 424, 'fetch_failed': 18, 'failed': 1}. By source: {'cafef': {'total': 19364, 'full_text': 464, 'coverage_pct': 2.4}, 'kinhtechungkhoan': {'total': 8513, 'full_text': 912, 'coverage_pct': 10.71}, 'tnck': {'total': 1446, 'full_text': 1446, 'coverage_pct': 100.0}, 'vietnambiz': {'total': 3598, 'full_text': 1633, 'coverage_pct': 45.39}, 'vietstock': {'total': 11285, 'full_text': 865, 'coverage_pct': 7.67}, 'vnexpress': {'total': 1762, 'full_text': 1761, 'coverage_pct': 99.94}}
[2026-07-06 14:34:33] [TASK_2B] [INFO] Enriched 7150/45968 pending articles...
[2026-07-06 14:34:56] [TASK_2B] [INFO] Enriched 7200/45968 pending articles...
[2026-07-06 14:35:23] [TASK_2B] [INFO] Checkpoint saved after 7200 new articles.
[2026-07-06 14:35:23] [TASK_2B] [INFO] Checkpoint coverage: 7181/45968 unique URLs with full text (15.62%). Status: {'pending_resume': 38768, 'ok': 6748, 'partial': 433, 'fetch_failed': 18, 'failed': 1}. By source: {'cafef': {'total': 19364, 'full_text': 474, 'coverage_pct': 2.45}, 'kinhtechungkhoan': {'total': 8513, 'full_text': 938, 'coverage_pct': 11.02}, 'tnck': {'total': 1446, 'full_text': 1446, 'coverage_pct': 100.0}, 'vietnambiz': {'total': 3598, 'full_text': 1672, 'coverage_pct': 46.47}, 'vietstock': {'total': 11285, 'full_text': 890, 'coverage_pct': 7.89}, 'vnexpress': {'total': 1762, 'full_text': 1761, 'coverage_pct': 99.94}}
[2026-07-06 14:35:38] [TASK_2B] [INFO] Enriched 7250/45968 pending articles...
[2026-07-06 14:36:00] [TASK_2B] [INFO] Enriched 7300/45968 pending articles...
[2026-07-06 14:36:27] [TASK_2B] [INFO] Checkpoint saved after 7300 new articles.
[2026-07-06 14:36:27] [TASK_2B] [INFO] Checkpoint coverage: 7281/45968 unique URLs with full text (15.84%). Status: {'pending_resume': 38668, 'ok': 6840, 'partial': 441, 'fetch_failed': 18, 'failed': 1}. By source: {'cafef': {'total': 19364, 'full_text': 483, 'coverage_pct': 2.49}, 'kinhtechungkhoan': {'total': 8513, 'full_text': 965, 'coverage_pct': 11.34}, 'tnck': {'total': 1446, 'full_text': 1446, 'coverage_pct': 100.0}, 'vietnambiz': {'total': 3598, 'full_text': 1710, 'coverage_pct': 47.53}, 'vietstock': {'total': 11285, 'full_text': 916, 'coverage_pct': 8.12}, 'vnexpress': {'total': 1762, 'full_text': 1761, 'coverage_pct': 99.94}}
[2026-07-06 14:36:42] [TASK_2B] [INFO] Enriched 7350/45968 pending articles...
[2026-07-06 14:37:05] [TASK_2B] [INFO] Enriched 7400/45968 pending articles...
[2026-07-06 14:37:30] [TASK_2B] [INFO] Checkpoint saved after 7400 new articles.
[2026-07-06 14:37:30] [TASK_2B] [INFO] Checkpoint coverage: 7381/45968 unique URLs with full text (16.06%). Status: {'pending_resume': 38568, 'ok': 6931, 'partial': 450, 'fetch_failed': 18, 'failed': 1}. By source: {'cafef': {'total': 19364, 'full_text': 493, 'coverage_pct': 2.55}, 'kinhtechungkhoan': {'total': 8513, 'full_text': 992, 'coverage_pct': 11.65}, 'tnck': {'total': 1446, 'full_text': 1446, 'coverage_pct': 100.0}, 'vietnambiz': {'total': 3598, 'full_text': 1749, 'coverage_pct': 48.61}, 'vietstock': {'total': 11285, 'full_text': 940, 'coverage_pct': 8.33}, 'vnexpress': {'total': 1762, 'full_text': 1761, 'coverage_pct': 99.94}}
[2026-07-06 14:37:44] [TASK_2B] [INFO] Enriched 7450/45968 pending articles...
[2026-07-06 14:38:09] [TASK_2B] [INFO] Enriched 7500/45968 pending articles...
[2026-07-06 14:38:37] [TASK_2B] [INFO] Checkpoint saved after 7500 new articles.
[2026-07-06 14:38:38] [TASK_2B] [INFO] Checkpoint coverage: 7481/45968 unique URLs with full text (16.27%). Status: {'pending_resume': 38468, 'ok': 7022, 'partial': 459, 'fetch_failed': 18, 'failed': 1}. By source: {'cafef': {'total': 19364, 'full_text': 502, 'coverage_pct': 2.59}, 'kinhtechungkhoan': {'total': 8513, 'full_text': 1018, 'coverage_pct': 11.96}, 'tnck': {'total': 1446, 'full_text': 1446, 'coverage_pct': 100.0}, 'vietnambiz': {'total': 3598, 'full_text': 1788, 'coverage_pct': 49.69}, 'vietstock': {'total': 11285, 'full_text': 966, 'coverage_pct': 8.56}, 'vnexpress': {'total': 1762, 'full_text': 1761, 'coverage_pct': 99.94}}
[2026-07-06 14:38:52] [TASK_2B] [INFO] Enriched 7550/45968 pending articles...
[2026-07-06 14:39:15] [TASK_2B] [INFO] Enriched 7600/45968 pending articles...
[2026-07-06 14:39:40] [TASK_2B] [INFO] Checkpoint saved after 7600 new articles.
[2026-07-06 14:39:40] [TASK_2B] [INFO] Checkpoint coverage: 7581/45968 unique URLs with full text (16.49%). Status: {'pending_resume': 38368, 'ok': 7113, 'partial': 468, 'fetch_failed': 18, 'failed': 1}. By source: {'cafef': {'total': 19364, 'full_text': 511, 'coverage_pct': 2.64}, 'kinhtechungkhoan': {'total': 8513, 'full_text': 1046, 'coverage_pct': 12.29}, 'tnck': {'total': 1446, 'full_text': 1446, 'coverage_pct': 100.0}, 'vietnambiz': {'total': 3598, 'full_text': 1828, 'coverage_pct': 50.81}, 'vietstock': {'total': 11285, 'full_text': 989, 'coverage_pct': 8.76}, 'vnexpress': {'total': 1762, 'full_text': 1761, 'coverage_pct': 99.94}}
[2026-07-06 14:39:53] [TASK_2B] [INFO] Enriched 7650/45968 pending articles...
[2026-07-06 14:40:15] [TASK_2B] [INFO] Enriched 7700/45968 pending articles...
[2026-07-06 14:40:37] [TASK_2B] [INFO] Checkpoint saved after 7700 new articles.
[2026-07-06 14:40:38] [TASK_2B] [INFO] Checkpoint coverage: 7681/45968 unique URLs with full text (16.71%). Status: {'pending_resume': 38268, 'ok': 7205, 'partial': 476, 'fetch_failed': 18, 'failed': 1}. By source: {'cafef': {'total': 19364, 'full_text': 519, 'coverage_pct': 2.68}, 'kinhtechungkhoan': {'total': 8513, 'full_text': 1074, 'coverage_pct': 12.62}, 'tnck': {'total': 1446, 'full_text': 1446, 'coverage_pct': 100.0}, 'vietnambiz': {'total': 3598, 'full_text': 1869, 'coverage_pct': 51.95}, 'vietstock': {'total': 11285, 'full_text': 1012, 'coverage_pct': 8.97}, 'vnexpress': {'total': 1762, 'full_text': 1761, 'coverage_pct': 99.94}}
[2026-07-06 14:40:51] [TASK_2B] [INFO] Enriched 7750/45968 pending articles...
[2026-07-06 14:41:14] [TASK_2B] [INFO] Enriched 7800/45968 pending articles...
[2026-07-06 14:41:37] [TASK_2B] [INFO] Checkpoint saved after 7800 new articles.
[2026-07-06 14:41:38] [TASK_2B] [INFO] Checkpoint coverage: 7781/45968 unique URLs with full text (16.93%). Status: {'pending_resume': 38168, 'ok': 7297, 'partial': 484, 'fetch_failed': 18, 'failed': 1}. By source: {'cafef': {'total': 19364, 'full_text': 527, 'coverage_pct': 2.72}, 'kinhtechungkhoan': {'total': 8513, 'full_text': 1102, 'coverage_pct': 12.94}, 'tnck': {'total': 1446, 'full_text': 1446, 'coverage_pct': 100.0}, 'vietnambiz': {'total': 3598, 'full_text': 1910, 'coverage_pct': 53.09}, 'vietstock': {'total': 11285, 'full_text': 1035, 'coverage_pct': 9.17}, 'vnexpress': {'total': 1762, 'full_text': 1761, 'coverage_pct': 99.94}}
[2026-07-06 14:41:50] [TASK_2B] [INFO] Enriched 7850/45968 pending articles...
[2026-07-06 14:42:11] [TASK_2B] [INFO] Enriched 7900/45968 pending articles...
[2026-07-06 14:42:33] [TASK_2B] [INFO] Checkpoint saved after 7900 new articles.
[2026-07-06 14:42:33] [TASK_2B] [INFO] Checkpoint coverage: 7881/45968 unique URLs with full text (17.14%). Status: {'pending_resume': 38068, 'ok': 7388, 'partial': 493, 'fetch_failed': 18, 'failed': 1}. By source: {'cafef': {'total': 19364, 'full_text': 536, 'coverage_pct': 2.77}, 'kinhtechungkhoan': {'total': 8513, 'full_text': 1128, 'coverage_pct': 13.25}, 'tnck': {'total': 1446, 'full_text': 1446, 'coverage_pct': 100.0}, 'vietnambiz': {'total': 3598, 'full_text': 1950, 'coverage_pct': 54.2}, 'vietstock': {'total': 11285, 'full_text': 1060, 'coverage_pct': 9.39}, 'vnexpress': {'total': 1762, 'full_text': 1761, 'coverage_pct': 99.94}}
[2026-07-06 14:42:49] [TASK_2B] [INFO] Enriched 7950/45968 pending articles...
[2026-07-06 14:43:18] [TASK_2B] [INFO] Enriched 8000/45968 pending articles...
[2026-07-06 14:43:39] [TASK_2B] [INFO] Checkpoint saved after 8000 new articles.
[2026-07-06 14:43:39] [TASK_2B] [INFO] Checkpoint coverage: 7981/45968 unique URLs with full text (17.36%). Status: {'pending_resume': 37968, 'ok': 7477, 'partial': 504, 'fetch_failed': 18, 'failed': 1}. By source: {'cafef': {'total': 19364, 'full_text': 547, 'coverage_pct': 2.82}, 'kinhtechungkhoan': {'total': 8513, 'full_text': 1138, 'coverage_pct': 13.37}, 'tnck': {'total': 1446, 'full_text': 1446, 'coverage_pct': 100.0}, 'vietnambiz': {'total': 3598, 'full_text': 2000, 'coverage_pct': 55.59}, 'vietstock': {'total': 11285, 'full_text': 1089, 'coverage_pct': 9.65}, 'vnexpress': {'total': 1762, 'full_text': 1761, 'coverage_pct': 99.94}}
[2026-07-06 14:43:57] [TASK_2B] [INFO] Enriched 8050/45968 pending articles...
[2026-07-06 14:44:19] [TASK_2B] [INFO] Enriched 8100/45968 pending articles...
[2026-07-06 14:44:41] [TASK_2B] [INFO] Checkpoint saved after 8100 new articles.
[2026-07-06 14:44:41] [TASK_2B] [INFO] Checkpoint coverage: 8081/45968 unique URLs with full text (17.58%). Status: {'pending_resume': 37868, 'ok': 7567, 'partial': 514, 'fetch_failed': 18, 'failed': 1}. By source: {'cafef': {'total': 19364, 'full_text': 557, 'coverage_pct': 2.88}, 'kinhtechungkhoan': {'total': 8513, 'full_text': 1156, 'coverage_pct': 13.58}, 'tnck': {'total': 1446, 'full_text': 1446, 'coverage_pct': 100.0}, 'vietnambiz': {'total': 3598, 'full_text': 2047, 'coverage_pct': 56.89}, 'vietstock': {'total': 11285, 'full_text': 1114, 'coverage_pct': 9.87}, 'vnexpress': {'total': 1762, 'full_text': 1761, 'coverage_pct': 99.94}}
[2026-07-06 14:44:54] [TASK_2B] [INFO] Enriched 8150/45968 pending articles...
[2026-07-06 14:45:16] [TASK_2B] [INFO] Enriched 8200/45968 pending articles...
[2026-07-06 14:45:38] [TASK_2B] [INFO] Checkpoint saved after 8200 new articles.
[2026-07-06 14:45:38] [TASK_2B] [INFO] Checkpoint coverage: 8181/45968 unique URLs with full text (17.80%). Status: {'pending_resume': 37768, 'ok': 7658, 'partial': 523, 'fetch_failed': 18, 'failed': 1}. By source: {'cafef': {'total': 19364, 'full_text': 566, 'coverage_pct': 2.92}, 'kinhtechungkhoan': {'total': 8513, 'full_text': 1182, 'coverage_pct': 13.88}, 'tnck': {'total': 1446, 'full_text': 1446, 'coverage_pct': 100.0}, 'vietnambiz': {'total': 3598, 'full_text': 2089, 'coverage_pct': 58.06}, 'vietstock': {'total': 11285, 'full_text': 1137, 'coverage_pct': 10.08}, 'vnexpress': {'total': 1762, 'full_text': 1761, 'coverage_pct': 99.94}}
[2026-07-06 14:45:52] [TASK_2B] [INFO] Enriched 8250/45968 pending articles...
[2026-07-06 14:46:14] [TASK_2B] [INFO] Enriched 8300/45968 pending articles...
[2026-07-06 14:46:38] [TASK_2B] [INFO] Checkpoint saved after 8300 new articles.
[2026-07-06 14:46:38] [TASK_2B] [INFO] Checkpoint coverage: 8281/45968 unique URLs with full text (18.01%). Status: {'pending_resume': 37668, 'ok': 7749, 'partial': 532, 'fetch_failed': 18, 'failed': 1}. By source: {'cafef': {'total': 19364, 'full_text': 575, 'coverage_pct': 2.97}, 'kinhtechungkhoan': {'total': 8513, 'full_text': 1204, 'coverage_pct': 14.14}, 'tnck': {'total': 1446, 'full_text': 1446, 'coverage_pct': 100.0}, 'vietnambiz': {'total': 3598, 'full_text': 2135, 'coverage_pct': 59.34}, 'vietstock': {'total': 11285, 'full_text': 1160, 'coverage_pct': 10.28}, 'vnexpress': {'total': 1762, 'full_text': 1761, 'coverage_pct': 99.94}}
[2026-07-06 14:46:51] [TASK_2B] [INFO] Enriched 8350/45968 pending articles...
[2026-07-06 14:47:18] [TASK_2B] [INFO] Enriched 8400/45968 pending articles...
[2026-07-06 14:47:40] [TASK_2B] [INFO] Checkpoint saved after 8400 new articles.
[2026-07-06 14:47:41] [TASK_2B] [INFO] Checkpoint coverage: 8381/45968 unique URLs with full text (18.23%). Status: {'pending_resume': 37568, 'ok': 7839, 'partial': 542, 'fetch_failed': 18, 'failed': 1}. By source: {'cafef': {'total': 19364, 'full_text': 585, 'coverage_pct': 3.02}, 'kinhtechungkhoan': {'total': 8513, 'full_text': 1215, 'coverage_pct': 14.27}, 'tnck': {'total': 1446, 'full_text': 1446, 'coverage_pct': 100.0}, 'vietnambiz': {'total': 3598, 'full_text': 2187, 'coverage_pct': 60.78}, 'vietstock': {'total': 11285, 'full_text': 1187, 'coverage_pct': 10.52}, 'vnexpress': {'total': 1762, 'full_text': 1761, 'coverage_pct': 99.94}}
[2026-07-06 14:47:53] [TASK_2B] [INFO] Enriched 8450/45968 pending articles...
[2026-07-06 14:48:14] [TASK_2B] [INFO] Enriched 8500/45968 pending articles...
[2026-07-06 14:48:36] [TASK_2B] [INFO] Checkpoint saved after 8500 new articles.
[2026-07-06 14:48:36] [TASK_2B] [INFO] Checkpoint coverage: 8481/45968 unique URLs with full text (18.45%). Status: {'pending_resume': 37468, 'ok': 7930, 'partial': 551, 'fetch_failed': 18, 'failed': 1}. By source: {'cafef': {'total': 19364, 'full_text': 595, 'coverage_pct': 3.07}, 'kinhtechungkhoan': {'total': 8513, 'full_text': 1243, 'coverage_pct': 14.6}, 'tnck': {'total': 1446, 'full_text': 1446, 'coverage_pct': 100.0}, 'vietnambiz': {'total': 3598, 'full_text': 2232, 'coverage_pct': 62.03}, 'vietstock': {'total': 11285, 'full_text': 1204, 'coverage_pct': 10.67}, 'vnexpress': {'total': 1762, 'full_text': 1761, 'coverage_pct': 99.94}}
[2026-07-06 14:48:48] [TASK_2B] [INFO] Enriched 8550/45968 pending articles...
[2026-07-06 14:49:09] [TASK_2B] [INFO] Enriched 8600/45968 pending articles...
[2026-07-06 14:49:31] [TASK_2B] [INFO] Checkpoint saved after 8600 new articles.
[2026-07-06 14:49:32] [TASK_2B] [INFO] Checkpoint coverage: 8581/45968 unique URLs with full text (18.67%). Status: {'pending_resume': 37368, 'ok': 8021, 'partial': 560, 'fetch_failed': 18, 'failed': 1}. By source: {'cafef': {'total': 19364, 'full_text': 604, 'coverage_pct': 3.12}, 'kinhtechungkhoan': {'total': 8513, 'full_text': 1269, 'coverage_pct': 14.91}, 'tnck': {'total': 1446, 'full_text': 1446, 'coverage_pct': 100.0}, 'vietnambiz': {'total': 3598, 'full_text': 2273, 'coverage_pct': 63.17}, 'vietstock': {'total': 11285, 'full_text': 1228, 'coverage_pct': 10.88}, 'vnexpress': {'total': 1762, 'full_text': 1761, 'coverage_pct': 99.94}}
[2026-07-06 14:49:45] [TASK_2B] [INFO] Enriched 8650/45968 pending articles...
[2026-07-06 14:50:05] [TASK_2B] [INFO] Enriched 8700/45968 pending articles...
[2026-07-06 14:50:31] [TASK_2B] [INFO] Checkpoint saved after 8700 new articles.
[2026-07-06 14:50:31] [TASK_2B] [INFO] Checkpoint coverage: 8681/45968 unique URLs with full text (18.88%). Status: {'pending_resume': 37268, 'ok': 8113, 'partial': 568, 'fetch_failed': 18, 'failed': 1}. By source: {'cafef': {'total': 19364, 'full_text': 612, 'coverage_pct': 3.16}, 'kinhtechungkhoan': {'total': 8513, 'full_text': 1294, 'coverage_pct': 15.2}, 'tnck': {'total': 1446, 'full_text': 1446, 'coverage_pct': 100.0}, 'vietnambiz': {'total': 3598, 'full_text': 2315, 'coverage_pct': 64.34}, 'vietstock': {'total': 11285, 'full_text': 1253, 'coverage_pct': 11.1}, 'vnexpress': {'total': 1762, 'full_text': 1761, 'coverage_pct': 99.94}}
[2026-07-06 14:50:43] [TASK_2B] [INFO] Enriched 8750/45968 pending articles...
[2026-07-06 14:51:04] [TASK_2B] [INFO] Enriched 8800/45968 pending articles...
[2026-07-06 14:51:27] [TASK_2B] [INFO] Checkpoint saved after 8800 new articles.
[2026-07-06 14:51:27] [TASK_2B] [INFO] Checkpoint coverage: 8781/45968 unique URLs with full text (19.10%). Status: {'pending_resume': 37168, 'ok': 8204, 'partial': 577, 'fetch_failed': 18, 'failed': 1}. By source: {'cafef': {'total': 19364, 'full_text': 621, 'coverage_pct': 3.21}, 'kinhtechungkhoan': {'total': 8513, 'full_text': 1320, 'coverage_pct': 15.51}, 'tnck': {'total': 1446, 'full_text': 1446, 'coverage_pct': 100.0}, 'vietnambiz': {'total': 3598, 'full_text': 2356, 'coverage_pct': 65.48}, 'vietstock': {'total': 11285, 'full_text': 1277, 'coverage_pct': 11.32}, 'vnexpress': {'total': 1762, 'full_text': 1761, 'coverage_pct': 99.94}}
[2026-07-06 14:51:40] [TASK_2B] [INFO] Enriched 8850/45968 pending articles...
[2026-07-06 14:52:01] [TASK_2B] [INFO] Enriched 8900/45968 pending articles...
[2026-07-06 14:52:24] [TASK_2B] [INFO] Checkpoint saved after 8900 new articles.
[2026-07-06 14:52:25] [TASK_2B] [INFO] Checkpoint coverage: 8881/45968 unique URLs with full text (19.32%). Status: {'pending_resume': 37068, 'ok': 8296, 'partial': 585, 'fetch_failed': 18, 'failed': 1}. By source: {'cafef': {'total': 19364, 'full_text': 629, 'coverage_pct': 3.25}, 'kinhtechungkhoan': {'total': 8513, 'full_text': 1347, 'coverage_pct': 15.82}, 'tnck': {'total': 1446, 'full_text': 1446, 'coverage_pct': 100.0}, 'vietnambiz': {'total': 3598, 'full_text': 2398, 'coverage_pct': 66.65}, 'vietstock': {'total': 11285, 'full_text': 1300, 'coverage_pct': 11.52}, 'vnexpress': {'total': 1762, 'full_text': 1761, 'coverage_pct': 99.94}}
[2026-07-06 14:52:38] [TASK_2B] [INFO] Enriched 8950/45968 pending articles...
[2026-07-06 14:53:00] [TASK_2B] [INFO] Enriched 9000/45968 pending articles...
[2026-07-06 14:53:30] [TASK_2B] [INFO] Checkpoint saved after 9000 new articles.
[2026-07-06 14:53:30] [TASK_2B] [INFO] Checkpoint coverage: 8981/45968 unique URLs with full text (19.54%). Status: {'pending_resume': 36968, 'ok': 8386, 'partial': 595, 'fetch_failed': 18, 'failed': 1}. By source: {'cafef': {'total': 19364, 'full_text': 639, 'coverage_pct': 3.3}, 'kinhtechungkhoan': {'total': 8513, 'full_text': 1372, 'coverage_pct': 16.12}, 'tnck': {'total': 1446, 'full_text': 1446, 'coverage_pct': 100.0}, 'vietnambiz': {'total': 3598, 'full_text': 2440, 'coverage_pct': 67.82}, 'vietstock': {'total': 11285, 'full_text': 1323, 'coverage_pct': 11.72}, 'vnexpress': {'total': 1762, 'full_text': 1761, 'coverage_pct': 99.94}}
[2026-07-06 14:53:43] [TASK_2B] [INFO] Enriched 9050/45968 pending articles...
[2026-07-06 14:54:07] [TASK_2B] [INFO] Enriched 9100/45968 pending articles...
[2026-07-06 14:54:29] [TASK_2B] [INFO] Checkpoint saved after 9100 new articles.
[2026-07-06 14:54:29] [TASK_2B] [INFO] Checkpoint coverage: 9081/45968 unique URLs with full text (19.76%). Status: {'pending_resume': 36868, 'ok': 8476, 'partial': 605, 'fetch_failed': 18, 'failed': 1}. By source: {'cafef': {'total': 19364, 'full_text': 649, 'coverage_pct': 3.35}, 'kinhtechungkhoan': {'total': 8513, 'full_text': 1393, 'coverage_pct': 16.36}, 'tnck': {'total': 1446, 'full_text': 1446, 'coverage_pct': 100.0}, 'vietnambiz': {'total': 3598, 'full_text': 2485, 'coverage_pct': 69.07}, 'vietstock': {'total': 11285, 'full_text': 1347, 'coverage_pct': 11.94}, 'vnexpress': {'total': 1762, 'full_text': 1761, 'coverage_pct': 99.94}}
[2026-07-06 14:54:46] [TASK_2B] [INFO] Enriched 9150/45968 pending articles...
[2026-07-06 14:55:15] [TASK_2B] [INFO] Enriched 9200/45968 pending articles...
[2026-07-06 14:55:44] [TASK_2B] [INFO] Checkpoint saved after 9200 new articles.
[2026-07-06 14:55:44] [TASK_2B] [INFO] Checkpoint coverage: 9181/45968 unique URLs with full text (19.97%). Status: {'pending_resume': 36768, 'ok': 8565, 'partial': 616, 'fetch_failed': 18, 'failed': 1}. By source: {'cafef': {'total': 19364, 'full_text': 660, 'coverage_pct': 3.41}, 'kinhtechungkhoan': {'total': 8513, 'full_text': 1399, 'coverage_pct': 16.43}, 'tnck': {'total': 1446, 'full_text': 1446, 'coverage_pct': 100.0}, 'vietnambiz': {'total': 3598, 'full_text': 2536, 'coverage_pct': 70.48}, 'vietstock': {'total': 11285, 'full_text': 1379, 'coverage_pct': 12.22}, 'vnexpress': {'total': 1762, 'full_text': 1761, 'coverage_pct': 99.94}}
[2026-07-06 14:56:05] [TASK_2B] [INFO] Enriched 9250/45968 pending articles...
[2026-07-06 14:56:38] [TASK_2B] [INFO] Enriched 9300/45968 pending articles...
[2026-07-06 14:58:13] [TASK_2B] [INFO] Checkpoint saved after 9300 new articles.
[2026-07-06 14:58:13] [TASK_2B] [INFO] Checkpoint coverage: 9281/45968 unique URLs with full text (20.19%). Status: {'pending_resume': 36668, 'ok': 8653, 'partial': 628, 'fetch_failed': 18, 'failed': 1}. By source: {'cafef': {'total': 19364, 'full_text': 673, 'coverage_pct': 3.48}, 'kinhtechungkhoan': {'total': 8513, 'full_text': 1424, 'coverage_pct': 16.73}, 'tnck': {'total': 1446, 'full_text': 1446, 'coverage_pct': 100.0}, 'vietnambiz': {'total': 3598, 'full_text': 2575, 'coverage_pct': 71.57}, 'vietstock': {'total': 11285, 'full_text': 1402, 'coverage_pct': 12.42}, 'vnexpress': {'total': 1762, 'full_text': 1761, 'coverage_pct': 99.94}}
[2026-07-06 14:58:13] [TASK_2B] [INFO] Enriched 9350/45968 pending articles...
[2026-07-06 14:58:32] [TASK_2B] [INFO] Enriched 9400/45968 pending articles...
[2026-07-06 14:59:01] [TASK_2B] [INFO] Checkpoint saved after 9400 new articles.
[2026-07-06 14:59:01] [TASK_2B] [INFO] Checkpoint coverage: 9381/45968 unique URLs with full text (20.41%). Status: {'pending_resume': 36568, 'ok': 8737, 'partial': 644, 'fetch_failed': 18, 'failed': 1}. By source: {'cafef': {'total': 19364, 'full_text': 689, 'coverage_pct': 3.56}, 'kinhtechungkhoan': {'total': 8513, 'full_text': 1450, 'coverage_pct': 17.03}, 'tnck': {'total': 1446, 'full_text': 1446, 'coverage_pct': 100.0}, 'vietnambiz': {'total': 3598, 'full_text': 2613, 'coverage_pct': 72.62}, 'vietstock': {'total': 11285, 'full_text': 1422, 'coverage_pct': 12.6}, 'vnexpress': {'total': 1762, 'full_text': 1761, 'coverage_pct': 99.94}}
[2026-07-06 14:59:19] [TASK_2B] [INFO] Enriched 9450/45968 pending articles...
[2026-07-06 14:59:57] [TASK_2B] [INFO] Enriched 9500/45968 pending articles...
[2026-07-06 15:00:23] [TASK_2B] [INFO] Checkpoint saved after 9500 new articles.
[2026-07-06 15:00:24] [TASK_2B] [INFO] Checkpoint coverage: 9481/45968 unique URLs with full text (20.63%). Status: {'pending_resume': 36468, 'ok': 8824, 'partial': 657, 'fetch_failed': 18, 'failed': 1}. By source: {'cafef': {'total': 19364, 'full_text': 702, 'coverage_pct': 3.63}, 'kinhtechungkhoan': {'total': 8513, 'full_text': 1474, 'coverage_pct': 17.31}, 'tnck': {'total': 1446, 'full_text': 1446, 'coverage_pct': 100.0}, 'vietnambiz': {'total': 3598, 'full_text': 2653, 'coverage_pct': 73.74}, 'vietstock': {'total': 11285, 'full_text': 1445, 'coverage_pct': 12.8}, 'vnexpress': {'total': 1762, 'full_text': 1761, 'coverage_pct': 99.94}}
[2026-07-06 15:00:38] [TASK_2B] [INFO] Enriched 9550/45968 pending articles...
[2026-07-06 15:01:03] [TASK_2B] [INFO] Enriched 9600/45968 pending articles...
[2026-07-06 15:01:27] [TASK_2B] [INFO] Checkpoint saved after 9600 new articles.
[2026-07-06 15:01:28] [TASK_2B] [INFO] Checkpoint coverage: 9581/45968 unique URLs with full text (20.84%). Status: {'pending_resume': 36368, 'ok': 8915, 'partial': 666, 'fetch_failed': 18, 'failed': 1}. By source: {'cafef': {'total': 19364, 'full_text': 711, 'coverage_pct': 3.67}, 'kinhtechungkhoan': {'total': 8513, 'full_text': 1501, 'coverage_pct': 17.63}, 'tnck': {'total': 1446, 'full_text': 1446, 'coverage_pct': 100.0}, 'vietnambiz': {'total': 3598, 'full_text': 2693, 'coverage_pct': 74.85}, 'vietstock': {'total': 11285, 'full_text': 1469, 'coverage_pct': 13.02}, 'vnexpress': {'total': 1762, 'full_text': 1761, 'coverage_pct': 99.94}}
[2026-07-06 15:01:43] [TASK_2B] [INFO] Enriched 9650/45968 pending articles...
[2026-07-06 15:02:08] [TASK_2B] [INFO] Enriched 9700/45968 pending articles...
[2026-07-06 15:02:36] [TASK_2B] [INFO] Checkpoint saved after 9700 new articles.
[2026-07-06 15:02:36] [TASK_2B] [INFO] Checkpoint coverage: 9681/45968 unique URLs with full text (21.06%). Status: {'pending_resume': 36268, 'ok': 9006, 'partial': 675, 'fetch_failed': 18, 'failed': 1}. By source: {'cafef': {'total': 19364, 'full_text': 720, 'coverage_pct': 3.72}, 'kinhtechungkhoan': {'total': 8513, 'full_text': 1524, 'coverage_pct': 17.9}, 'tnck': {'total': 1446, 'full_text': 1446, 'coverage_pct': 100.0}, 'vietnambiz': {'total': 3598, 'full_text': 2739, 'coverage_pct': 76.13}, 'vietstock': {'total': 11285, 'full_text': 1491, 'coverage_pct': 13.21}, 'vnexpress': {'total': 1762, 'full_text': 1761, 'coverage_pct': 99.94}}
[2026-07-06 15:02:51] [TASK_2B] [INFO] Enriched 9750/45968 pending articles...
[2026-07-06 15:03:16] [TASK_2B] [INFO] Enriched 9800/45968 pending articles...
[2026-07-06 15:03:44] [TASK_2B] [INFO] Checkpoint saved after 9800 new articles.
[2026-07-06 15:03:45] [TASK_2B] [INFO] Checkpoint coverage: 9781/45968 unique URLs with full text (21.28%). Status: {'pending_resume': 36168, 'ok': 9096, 'partial': 685, 'fetch_failed': 18, 'failed': 1}. By source: {'cafef': {'total': 19364, 'full_text': 730, 'coverage_pct': 3.77}, 'kinhtechungkhoan': {'total': 8513, 'full_text': 1550, 'coverage_pct': 18.21}, 'tnck': {'total': 1446, 'full_text': 1446, 'coverage_pct': 100.0}, 'vietnambiz': {'total': 3598, 'full_text': 2785, 'coverage_pct': 77.4}, 'vietstock': {'total': 11285, 'full_text': 1509, 'coverage_pct': 13.37}, 'vnexpress': {'total': 1762, 'full_text': 1761, 'coverage_pct': 99.94}}
[2026-07-06 15:03:58] [TASK_2B] [INFO] Enriched 9850/45968 pending articles...
[2026-07-06 15:04:22] [TASK_2B] [INFO] Enriched 9900/45968 pending articles...
[2026-07-06 15:04:51] [TASK_2B] [INFO] Checkpoint saved after 9900 new articles.
[2026-07-06 15:04:51] [TASK_2B] [INFO] Checkpoint coverage: 9881/45968 unique URLs with full text (21.50%). Status: {'pending_resume': 36068, 'ok': 9186, 'partial': 695, 'fetch_failed': 18, 'failed': 1}. By source: {'cafef': {'total': 19364, 'full_text': 740, 'coverage_pct': 3.82}, 'kinhtechungkhoan': {'total': 8513, 'full_text': 1573, 'coverage_pct': 18.48}, 'tnck': {'total': 1446, 'full_text': 1446, 'coverage_pct': 100.0}, 'vietnambiz': {'total': 3598, 'full_text': 2827, 'coverage_pct': 78.57}, 'vietstock': {'total': 11285, 'full_text': 1534, 'coverage_pct': 13.59}, 'vnexpress': {'total': 1762, 'full_text': 1761, 'coverage_pct': 99.94}}
[2026-07-06 15:05:04] [TASK_2B] [INFO] Enriched 9950/45968 pending articles...
[2026-07-06 15:05:26] [TASK_2B] [INFO] Enriched 10000/45968 pending articles...
[2026-07-06 15:05:52] [TASK_2B] [INFO] Checkpoint saved after 10000 new articles.
[2026-07-06 15:05:52] [TASK_2B] [INFO] Checkpoint coverage: 9981/45968 unique URLs with full text (21.71%). Status: {'pending_resume': 35968, 'ok': 9277, 'partial': 704, 'fetch_failed': 18, 'failed': 1}. By source: {'cafef': {'total': 19364, 'full_text': 749, 'coverage_pct': 3.87}, 'kinhtechungkhoan': {'total': 8513, 'full_text': 1599, 'coverage_pct': 18.78}, 'tnck': {'total': 1446, 'full_text': 1446, 'coverage_pct': 100.0}, 'vietnambiz': {'total': 3598, 'full_text': 2868, 'coverage_pct': 79.71}, 'vietstock': {'total': 11285, 'full_text': 1558, 'coverage_pct': 13.81}, 'vnexpress': {'total': 1762, 'full_text': 1761, 'coverage_pct': 99.94}}
[2026-07-06 15:06:06] [TASK_2B] [INFO] Enriched 10050/45968 pending articles...
[2026-07-06 15:06:29] [TASK_2B] [INFO] Enriched 10100/45968 pending articles...
[2026-07-06 15:06:54] [TASK_2B] [INFO] Checkpoint saved after 10100 new articles.
[2026-07-06 15:06:54] [TASK_2B] [INFO] Checkpoint coverage: 10081/45968 unique URLs with full text (21.93%). Status: {'pending_resume': 35868, 'ok': 9368, 'partial': 713, 'fetch_failed': 18, 'failed': 1}. By source: {'cafef': {'total': 19364, 'full_text': 758, 'coverage_pct': 3.91}, 'kinhtechungkhoan': {'total': 8513, 'full_text': 1625, 'coverage_pct': 19.09}, 'tnck': {'total': 1446, 'full_text': 1446, 'coverage_pct': 100.0}, 'vietnambiz': {'total': 3598, 'full_text': 2911, 'coverage_pct': 80.91}, 'vietstock': {'total': 11285, 'full_text': 1580, 'coverage_pct': 14.0}, 'vnexpress': {'total': 1762, 'full_text': 1761, 'coverage_pct': 99.94}}
[2026-07-06 15:07:12] [TASK_2B] [INFO] Enriched 10150/45968 pending articles...
[2026-07-06 15:07:37] [TASK_2B] [INFO] Enriched 10200/45968 pending articles...
[2026-07-06 15:08:03] [TASK_2B] [INFO] Checkpoint saved after 10200 new articles.
[2026-07-06 15:08:03] [TASK_2B] [INFO] Checkpoint coverage: 10181/45968 unique URLs with full text (22.15%). Status: {'pending_resume': 35768, 'ok': 9459, 'partial': 722, 'fetch_failed': 18, 'failed': 1}. By source: {'cafef': {'total': 19364, 'full_text': 767, 'coverage_pct': 3.96}, 'kinhtechungkhoan': {'total': 8513, 'full_text': 1643, 'coverage_pct': 19.3}, 'tnck': {'total': 1446, 'full_text': 1446, 'coverage_pct': 100.0}, 'vietnambiz': {'total': 3598, 'full_text': 2955, 'coverage_pct': 82.13}, 'vietstock': {'total': 11285, 'full_text': 1609, 'coverage_pct': 14.26}, 'vnexpress': {'total': 1762, 'full_text': 1761, 'coverage_pct': 99.94}}
[2026-07-06 15:08:18] [TASK_2B] [INFO] Enriched 10250/45968 pending articles...
[2026-07-06 15:08:44] [TASK_2B] [INFO] Enriched 10300/45968 pending articles...
[2026-07-06 15:09:07] [TASK_2B] [INFO] Checkpoint saved after 10300 new articles.
[2026-07-06 15:09:08] [TASK_2B] [INFO] Checkpoint coverage: 10281/45968 unique URLs with full text (22.37%). Status: {'pending_resume': 35668, 'ok': 9549, 'partial': 732, 'fetch_failed': 18, 'failed': 1}. By source: {'cafef': {'total': 19364, 'full_text': 777, 'coverage_pct': 4.01}, 'kinhtechungkhoan': {'total': 8513, 'full_text': 1659, 'coverage_pct': 19.49}, 'tnck': {'total': 1446, 'full_text': 1446, 'coverage_pct': 100.0}, 'vietnambiz': {'total': 3598, 'full_text': 3001, 'coverage_pct': 83.41}, 'vietstock': {'total': 11285, 'full_text': 1637, 'coverage_pct': 14.51}, 'vnexpress': {'total': 1762, 'full_text': 1761, 'coverage_pct': 99.94}}
[2026-07-06 15:09:25] [TASK_2B] [INFO] Enriched 10350/45968 pending articles...
[2026-07-06 15:09:52] [TASK_2B] [INFO] Enriched 10400/45968 pending articles...
[2026-07-06 15:10:17] [TASK_2B] [INFO] Checkpoint saved after 10400 new articles.
[2026-07-06 15:10:17] [TASK_2B] [INFO] Checkpoint coverage: 10381/45968 unique URLs with full text (22.58%). Status: {'pending_resume': 35568, 'ok': 9638, 'partial': 743, 'fetch_failed': 18, 'failed': 1}. By source: {'cafef': {'total': 19364, 'full_text': 788, 'coverage_pct': 4.07}, 'kinhtechungkhoan': {'total': 8513, 'full_text': 1669, 'coverage_pct': 19.61}, 'tnck': {'total': 1446, 'full_text': 1446, 'coverage_pct': 100.0}, 'vietnambiz': {'total': 3598, 'full_text': 3051, 'coverage_pct': 84.8}, 'vietstock': {'total': 11285, 'full_text': 1666, 'coverage_pct': 14.76}, 'vnexpress': {'total': 1762, 'full_text': 1761, 'coverage_pct': 99.94}}
[2026-07-06 15:10:32] [TASK_2B] [INFO] Enriched 10450/45968 pending articles...
[2026-07-06 15:10:56] [TASK_2B] [INFO] Enriched 10500/45968 pending articles...
[2026-07-06 15:11:20] [TASK_2B] [INFO] Checkpoint saved after 10500 new articles.
[2026-07-06 15:11:20] [TASK_2B] [INFO] Checkpoint coverage: 10481/45968 unique URLs with full text (22.80%). Status: {'pending_resume': 35468, 'ok': 9727, 'partial': 754, 'fetch_failed': 18, 'failed': 1}. By source: {'cafef': {'total': 19364, 'full_text': 799, 'coverage_pct': 4.13}, 'kinhtechungkhoan': {'total': 8513, 'full_text': 1684, 'coverage_pct': 19.78}, 'tnck': {'total': 1446, 'full_text': 1446, 'coverage_pct': 100.0}, 'vietnambiz': {'total': 3598, 'full_text': 3097, 'coverage_pct': 86.08}, 'vietstock': {'total': 11285, 'full_text': 1694, 'coverage_pct': 15.01}, 'vnexpress': {'total': 1762, 'full_text': 1761, 'coverage_pct': 99.94}}
[2026-07-06 15:11:35] [TASK_2B] [INFO] Enriched 10550/45968 pending articles...
[2026-07-06 15:12:00] [TASK_2B] [INFO] Enriched 10600/45968 pending articles...
[2026-07-06 15:12:26] [TASK_2B] [INFO] Checkpoint saved after 10600 new articles.
[2026-07-06 15:12:26] [TASK_2B] [INFO] Checkpoint coverage: 10581/45968 unique URLs with full text (23.02%). Status: {'pending_resume': 35368, 'ok': 9817, 'partial': 764, 'fetch_failed': 18, 'failed': 1}. By source: {'cafef': {'total': 19364, 'full_text': 809, 'coverage_pct': 4.18}, 'kinhtechungkhoan': {'total': 8513, 'full_text': 1700, 'coverage_pct': 19.97}, 'tnck': {'total': 1446, 'full_text': 1446, 'coverage_pct': 100.0}, 'vietnambiz': {'total': 3598, 'full_text': 3143, 'coverage_pct': 87.35}, 'vietstock': {'total': 11285, 'full_text': 1722, 'coverage_pct': 15.26}, 'vnexpress': {'total': 1762, 'full_text': 1761, 'coverage_pct': 99.94}}
[2026-07-06 15:12:43] [TASK_2B] [INFO] Enriched 10650/45968 pending articles...
[2026-07-06 15:13:09] [TASK_2B] [INFO] Enriched 10700/45968 pending articles...
[2026-07-06 15:29:01] [TASK_2B] [INFO] ============================================================
[2026-07-06 15:29:01] [TASK_2B] [INFO] START TASK_2B: Article Full-Text Enrichment (detail pages → summaries/key facts)
[2026-07-06 15:29:01] [TASK_2B] [INFO] Timestamp: 2026-07-06T15:29:01.241002
[2026-07-06 15:29:01] [TASK_2B] [INFO] ============================================================
[2026-07-06 15:29:01] [TASK_2B] [INFO] Input: data/news/matched/all_news_matched.csv (52807 rows)
[2026-07-06 15:29:01] [TASK_2B] [INFO] ------------------------------------------------------------
[2026-07-06 15:29:01] [TASK_2B] [INFO] END TASK_2B — completed in 0.0 seconds
[2026-07-06 15:29:01] [TASK_2B] [INFO] ============================================================
[2026-07-06 15:29:04] [TASK_2B] [INFO] ============================================================
[2026-07-06 15:29:04] [TASK_2B] [INFO] START TASK_2B: Article Full-Text Enrichment (detail pages → summaries/key facts)
[2026-07-06 15:29:04] [TASK_2B] [INFO] Timestamp: 2026-07-06T15:29:04.756249
[2026-07-06 15:29:04] [TASK_2B] [INFO] ============================================================
[2026-07-06 15:29:04] [TASK_2B] [INFO] Input: data/news/matched/all_news_matched.csv (52807 rows)
[2026-07-06 15:29:04] [TASK_2B] [INFO] ------------------------------------------------------------
[2026-07-06 15:29:04] [TASK_2B] [INFO] END TASK_2B — completed in 0.0 seconds
[2026-07-06 15:29:04] [TASK_2B] [INFO] ============================================================
[2026-07-06 15:29:08] [TASK_2B] [INFO] ============================================================
[2026-07-06 15:29:08] [TASK_2B] [INFO] START TASK_2B: Article Full-Text Enrichment (detail pages → summaries/key facts)
[2026-07-06 15:29:08] [TASK_2B] [INFO] Timestamp: 2026-07-06T15:29:08.234383
[2026-07-06 15:29:08] [TASK_2B] [INFO] ============================================================
[2026-07-06 15:29:08] [TASK_2B] [INFO] Input: data/news/matched/all_news_matched.csv (52807 rows)
[2026-07-06 15:29:08] [TASK_2B] [INFO] ------------------------------------------------------------
[2026-07-06 15:29:08] [TASK_2B] [INFO] END TASK_2B — completed in 0.0 seconds
[2026-07-06 15:29:08] [TASK_2B] [INFO] ============================================================
[2026-07-06 15:33:16] [TASK_2B] [INFO] Starting Article Full-Text Enrichment (TASK 2B)...
[2026-07-06 15:33:31] [TASK_2B] [INFO] Article enrichment queue: 52790 matched rows, 45968 unique URLs, 45968 reusable cached, 27877 pending.
[2026-07-06 15:33:31] [TASK_2B] [INFO] Pending by domain: cafef.vn=19364, kinhtechungkhoan.vn=8513
[2026-07-06 15:33:31] [TASK_2B] [INFO] Running article enrichment with 2 domain workers, 0.50s per-domain delay.
[2026-07-06 15:33:42] [TASK_2B] [INFO] Enriched 50/27877 pending articles...
[2026-07-06 15:33:45] [TASK_2B] [INFO] Enriched 100/27877 pending articles...
[2026-07-06 15:34:01] [TASK_2B] [INFO] Checkpoint saved after 100 new articles.
[2026-07-06 15:34:01] [TASK_2B] [INFO] Checkpoint coverage: 23979/45968 unique URLs with full text (52.16%). Status: {'ok': 23896, 'failed': 11700, 'restricted': 10189, 'fetch_failed': 100, 'partial': 83}. By source: {'cafef': {'total': 19364, 'full_text': 1612, 'coverage_pct': 8.32}, 'kinhtechungkhoan': {'total': 8513, 'full_text': 4295, 'coverage_pct': 50.45}, 'tnck': {'total': 1446, 'full_text': 1446, 'coverage_pct': 100.0}, 'vietnambiz': {'total': 3598, 'full_text': 3598, 'coverage_pct': 100.0}, 'vietstock': {'total': 11285, 'full_text': 11267, 'coverage_pct': 99.84}, 'vnexpress': {'total': 1762, 'full_text': 1761, 'coverage_pct': 99.94}}
[2026-07-06 15:34:05] [TASK_2B] [INFO] Enriched 150/27877 pending articles...
[2026-07-06 15:34:09] [TASK_2B] [INFO] Enriched 200/27877 pending articles...
[2026-07-06 15:34:25] [TASK_2B] [INFO] Checkpoint saved after 200 new articles.
[2026-07-06 15:34:25] [TASK_2B] [INFO] Checkpoint coverage: 24055/45968 unique URLs with full text (52.33%). Status: {'ok': 23896, 'failed': 11624, 'restricted': 10189, 'partial': 159, 'fetch_failed': 100}. By source: {'cafef': {'total': 19364, 'full_text': 1688, 'coverage_pct': 8.72}, 'kinhtechungkhoan': {'total': 8513, 'full_text': 4295, 'coverage_pct': 50.45}, 'tnck': {'total': 1446, 'full_text': 1446, 'coverage_pct': 100.0}, 'vietnambiz': {'total': 3598, 'full_text': 3598, 'coverage_pct': 100.0}, 'vietstock': {'total': 11285, 'full_text': 11267, 'coverage_pct': 99.84}, 'vnexpress': {'total': 1762, 'full_text': 1761, 'coverage_pct': 99.94}}
[2026-07-06 15:34:25] [TASK_2B] [INFO] Enriched 250/27877 pending articles...
[2026-07-06 15:34:43] [TASK_2B] [INFO] Enriched 300/27877 pending articles...
[2026-07-06 15:35:00] [TASK_2B] [INFO] Checkpoint saved after 300 new articles.
[2026-07-06 15:35:00] [TASK_2B] [INFO] Checkpoint coverage: 24125/45968 unique URLs with full text (52.48%). Status: {'ok': 23897, 'failed': 11554, 'restricted': 10189, 'partial': 228, 'fetch_failed': 100}. By source: {'cafef': {'total': 19364, 'full_text': 1758, 'coverage_pct': 9.08}, 'kinhtechungkhoan': {'total': 8513, 'full_text': 4295, 'coverage_pct': 50.45}, 'tnck': {'total': 1446, 'full_text': 1446, 'coverage_pct': 100.0}, 'vietnambiz': {'total': 3598, 'full_text': 3598, 'coverage_pct': 100.0}, 'vietstock': {'total': 11285, 'full_text': 11267, 'coverage_pct': 99.84}, 'vnexpress': {'total': 1762, 'full_text': 1761, 'coverage_pct': 99.94}}
[2026-07-06 15:35:00] [TASK_2B] [INFO] Enriched 350/27877 pending articles...
[2026-07-06 15:35:00] [TASK_2B] [INFO] Enriched 400/27877 pending articles...
[2026-07-06 15:35:18] [TASK_2B] [INFO] Checkpoint saved after 400 new articles.
[2026-07-06 15:35:18] [TASK_2B] [INFO] Checkpoint coverage: 24211/45968 unique URLs with full text (52.67%). Status: {'ok': 23897, 'failed': 11468, 'restricted': 10189, 'partial': 314, 'fetch_failed': 100}. By source: {'cafef': {'total': 19364, 'full_text': 1844, 'coverage_pct': 9.52}, 'kinhtechungkhoan': {'total': 8513, 'full_text': 4295, 'coverage_pct': 50.45}, 'tnck': {'total': 1446, 'full_text': 1446, 'coverage_pct': 100.0}, 'vietnambiz': {'total': 3598, 'full_text': 3598, 'coverage_pct': 100.0}, 'vietstock': {'total': 11285, 'full_text': 11267, 'coverage_pct': 99.84}, 'vnexpress': {'total': 1762, 'full_text': 1761, 'coverage_pct': 99.94}}
[2026-07-06 15:35:35] [TASK_2B] [INFO] Enriched 450/27877 pending articles...
[2026-07-06 15:35:47] [TASK_2B] [INFO] Enriched 500/27877 pending articles...
[2026-07-06 15:36:01] [TASK_2B] [INFO] Checkpoint saved after 500 new articles.
[2026-07-06 15:36:01] [TASK_2B] [INFO] Checkpoint coverage: 24278/45968 unique URLs with full text (52.82%). Status: {'ok': 23897, 'failed': 11401, 'restricted': 10189, 'partial': 381, 'fetch_failed': 100}. By source: {'cafef': {'total': 19364, 'full_text': 1911, 'coverage_pct': 9.87}, 'kinhtechungkhoan': {'total': 8513, 'full_text': 4295, 'coverage_pct': 50.45}, 'tnck': {'total': 1446, 'full_text': 1446, 'coverage_pct': 100.0}, 'vietnambiz': {'total': 3598, 'full_text': 3598, 'coverage_pct': 100.0}, 'vietstock': {'total': 11285, 'full_text': 11267, 'coverage_pct': 99.84}, 'vnexpress': {'total': 1762, 'full_text': 1761, 'coverage_pct': 99.94}}
[2026-07-06 15:36:12] [TASK_2B] [INFO] Enriched 550/27877 pending articles...
[2026-07-06 15:36:17] [TASK_2B] [INFO] Enriched 600/27877 pending articles...
[2026-07-06 15:36:32] [TASK_2B] [INFO] Checkpoint saved after 600 new articles.
[2026-07-06 15:36:32] [TASK_2B] [INFO] Checkpoint coverage: 24357/45968 unique URLs with full text (52.99%). Status: {'ok': 23898, 'failed': 11322, 'restricted': 10189, 'partial': 459, 'fetch_failed': 100}. By source: {'cafef': {'total': 19364, 'full_text': 1990, 'coverage_pct': 10.28}, 'kinhtechungkhoan': {'total': 8513, 'full_text': 4295, 'coverage_pct': 50.45}, 'tnck': {'total': 1446, 'full_text': 1446, 'coverage_pct': 100.0}, 'vietnambiz': {'total': 3598, 'full_text': 3598, 'coverage_pct': 100.0}, 'vietstock': {'total': 11285, 'full_text': 11267, 'coverage_pct': 99.84}, 'vnexpress': {'total': 1762, 'full_text': 1761, 'coverage_pct': 99.94}}
[2026-07-06 15:36:45] [TASK_2B] [INFO] Enriched 650/27877 pending articles...
[2026-07-06 15:36:46] [TASK_2B] [INFO] Enriched 700/27877 pending articles...
[2026-07-06 15:37:00] [TASK_2B] [INFO] Checkpoint saved after 700 new articles.
[2026-07-06 15:37:00] [TASK_2B] [INFO] Checkpoint coverage: 24443/45968 unique URLs with full text (53.17%). Status: {'ok': 23898, 'failed': 11236, 'restricted': 10189, 'partial': 545, 'fetch_failed': 100}. By source: {'cafef': {'total': 19364, 'full_text': 2076, 'coverage_pct': 10.72}, 'kinhtechungkhoan': {'total': 8513, 'full_text': 4295, 'coverage_pct': 50.45}, 'tnck': {'total': 1446, 'full_text': 1446, 'coverage_pct': 100.0}, 'vietnambiz': {'total': 3598, 'full_text': 3598, 'coverage_pct': 100.0}, 'vietstock': {'total': 11285, 'full_text': 11267, 'coverage_pct': 99.84}, 'vnexpress': {'total': 1762, 'full_text': 1761, 'coverage_pct': 99.94}}
[2026-07-06 15:37:00] [TASK_2B] [INFO] Enriched 750/27877 pending articles...
[2026-07-06 15:37:00] [TASK_2B] [INFO] Enriched 800/27877 pending articles...
[2026-07-06 15:37:20] [TASK_2B] [INFO] Checkpoint saved after 800 new articles.
[2026-07-06 15:37:20] [TASK_2B] [INFO] Checkpoint coverage: 24543/45968 unique URLs with full text (53.39%). Status: {'ok': 23899, 'failed': 11136, 'restricted': 10189, 'partial': 644, 'fetch_failed': 100}. By source: {'cafef': {'total': 19364, 'full_text': 2176, 'coverage_pct': 11.24}, 'kinhtechungkhoan': {'total': 8513, 'full_text': 4295, 'coverage_pct': 50.45}, 'tnck': {'total': 1446, 'full_text': 1446, 'coverage_pct': 100.0}, 'vietnambiz': {'total': 3598, 'full_text': 3598, 'coverage_pct': 100.0}, 'vietstock': {'total': 11285, 'full_text': 11267, 'coverage_pct': 99.84}, 'vnexpress': {'total': 1762, 'full_text': 1761, 'coverage_pct': 99.94}}
[2026-07-06 15:37:20] [TASK_2B] [INFO] Enriched 850/27877 pending articles...
[2026-07-06 15:37:20] [TASK_2B] [INFO] Enriched 900/27877 pending articles...
[2026-07-06 15:37:38] [TASK_2B] [INFO] Checkpoint saved after 900 new articles.
[2026-07-06 15:37:38] [TASK_2B] [INFO] Checkpoint coverage: 24639/45968 unique URLs with full text (53.60%). Status: {'ok': 23899, 'failed': 11040, 'restricted': 10189, 'partial': 740, 'fetch_failed': 100}. By source: {'cafef': {'total': 19364, 'full_text': 2272, 'coverage_pct': 11.73}, 'kinhtechungkhoan': {'total': 8513, 'full_text': 4295, 'coverage_pct': 50.45}, 'tnck': {'total': 1446, 'full_text': 1446, 'coverage_pct': 100.0}, 'vietnambiz': {'total': 3598, 'full_text': 3598, 'coverage_pct': 100.0}, 'vietstock': {'total': 11285, 'full_text': 11267, 'coverage_pct': 99.84}, 'vnexpress': {'total': 1762, 'full_text': 1761, 'coverage_pct': 99.94}}
[2026-07-06 15:37:38] [TASK_2B] [INFO] Enriched 950/27877 pending articles...
[2026-07-06 15:37:38] [TASK_2B] [INFO] Enriched 1000/27877 pending articles...
[2026-07-06 15:37:57] [TASK_2B] [INFO] Checkpoint saved after 1000 new articles.
[2026-07-06 15:37:57] [TASK_2B] [INFO] Checkpoint coverage: 24738/45968 unique URLs with full text (53.82%). Status: {'ok': 23903, 'failed': 10941, 'restricted': 10189, 'partial': 835, 'fetch_failed': 100}. By source: {'cafef': {'total': 19364, 'full_text': 2371, 'coverage_pct': 12.24}, 'kinhtechungkhoan': {'total': 8513, 'full_text': 4295, 'coverage_pct': 50.45}, 'tnck': {'total': 1446, 'full_text': 1446, 'coverage_pct': 100.0}, 'vietnambiz': {'total': 3598, 'full_text': 3598, 'coverage_pct': 100.0}, 'vietstock': {'total': 11285, 'full_text': 11267, 'coverage_pct': 99.84}, 'vnexpress': {'total': 1762, 'full_text': 1761, 'coverage_pct': 99.94}}
[2026-07-06 15:37:57] [TASK_2B] [INFO] Enriched 1050/27877 pending articles...
[2026-07-06 15:37:57] [TASK_2B] [INFO] Enriched 1100/27877 pending articles...
[2026-07-06 15:38:16] [TASK_2B] [INFO] Checkpoint saved after 1100 new articles.
[2026-07-06 15:38:17] [TASK_2B] [INFO] Checkpoint coverage: 24814/45968 unique URLs with full text (53.98%). Status: {'ok': 23905, 'failed': 10865, 'restricted': 10189, 'partial': 909, 'fetch_failed': 100}. By source: {'cafef': {'total': 19364, 'full_text': 2447, 'coverage_pct': 12.64}, 'kinhtechungkhoan': {'total': 8513, 'full_text': 4295, 'coverage_pct': 50.45}, 'tnck': {'total': 1446, 'full_text': 1446, 'coverage_pct': 100.0}, 'vietnambiz': {'total': 3598, 'full_text': 3598, 'coverage_pct': 100.0}, 'vietstock': {'total': 11285, 'full_text': 11267, 'coverage_pct': 99.84}, 'vnexpress': {'total': 1762, 'full_text': 1761, 'coverage_pct': 99.94}}
[2026-07-06 15:38:17] [TASK_2B] [INFO] Enriched 1150/27877 pending articles...
[2026-07-06 15:38:17] [TASK_2B] [INFO] Enriched 1200/27877 pending articles...
[2026-07-06 15:38:34] [TASK_2B] [INFO] Checkpoint saved after 1200 new articles.
[2026-07-06 15:38:35] [TASK_2B] [INFO] Checkpoint coverage: 24914/45968 unique URLs with full text (54.20%). Status: {'ok': 23911, 'failed': 10765, 'restricted': 10189, 'partial': 1003, 'fetch_failed': 100}. By source: {'cafef': {'total': 19364, 'full_text': 2547, 'coverage_pct': 13.15}, 'kinhtechungkhoan': {'total': 8513, 'full_text': 4295, 'coverage_pct': 50.45}, 'tnck': {'total': 1446, 'full_text': 1446, 'coverage_pct': 100.0}, 'vietnambiz': {'total': 3598, 'full_text': 3598, 'coverage_pct': 100.0}, 'vietstock': {'total': 11285, 'full_text': 11267, 'coverage_pct': 99.84}, 'vnexpress': {'total': 1762, 'full_text': 1761, 'coverage_pct': 99.94}}
[2026-07-06 15:38:35] [TASK_2B] [INFO] Enriched 1250/27877 pending articles...
[2026-07-06 15:38:35] [TASK_2B] [INFO] Enriched 1300/27877 pending articles...
[2026-07-06 15:38:52] [TASK_2B] [INFO] Checkpoint saved after 1300 new articles.
[2026-07-06 15:38:52] [TASK_2B] [INFO] Checkpoint coverage: 25013/45968 unique URLs with full text (54.41%). Status: {'ok': 23922, 'failed': 10666, 'restricted': 10189, 'partial': 1091, 'fetch_failed': 100}. By source: {'cafef': {'total': 19364, 'full_text': 2646, 'coverage_pct': 13.66}, 'kinhtechungkhoan': {'total': 8513, 'full_text': 4295, 'coverage_pct': 50.45}, 'tnck': {'total': 1446, 'full_text': 1446, 'coverage_pct': 100.0}, 'vietnambiz': {'total': 3598, 'full_text': 3598, 'coverage_pct': 100.0}, 'vietstock': {'total': 11285, 'full_text': 11267, 'coverage_pct': 99.84}, 'vnexpress': {'total': 1762, 'full_text': 1761, 'coverage_pct': 99.94}}
[2026-07-06 15:38:52] [TASK_2B] [INFO] Enriched 1350/27877 pending articles...
[2026-07-06 15:38:52] [TASK_2B] [INFO] Enriched 1400/27877 pending articles...
[2026-07-06 15:39:09] [TASK_2B] [INFO] Checkpoint saved after 1400 new articles.
[2026-07-06 15:39:10] [TASK_2B] [INFO] Checkpoint coverage: 25110/45968 unique URLs with full text (54.62%). Status: {'ok': 23924, 'failed': 10569, 'restricted': 10189, 'partial': 1186, 'fetch_failed': 100}. By source: {'cafef': {'total': 19364, 'full_text': 2743, 'coverage_pct': 14.17}, 'kinhtechungkhoan': {'total': 8513, 'full_text': 4295, 'coverage_pct': 50.45}, 'tnck': {'total': 1446, 'full_text': 1446, 'coverage_pct': 100.0}, 'vietnambiz': {'total': 3598, 'full_text': 3598, 'coverage_pct': 100.0}, 'vietstock': {'total': 11285, 'full_text': 11267, 'coverage_pct': 99.84}, 'vnexpress': {'total': 1762, 'full_text': 1761, 'coverage_pct': 99.94}}
[2026-07-06 15:39:10] [TASK_2B] [INFO] Enriched 1450/27877 pending articles...
[2026-07-06 15:39:10] [TASK_2B] [INFO] Enriched 1500/27877 pending articles...
[2026-07-06 15:39:27] [TASK_2B] [INFO] Checkpoint saved after 1500 new articles.
[2026-07-06 15:39:27] [TASK_2B] [INFO] Checkpoint coverage: 25206/45968 unique URLs with full text (54.83%). Status: {'ok': 23924, 'failed': 10473, 'restricted': 10189, 'partial': 1282, 'fetch_failed': 100}. By source: {'cafef': {'total': 19364, 'full_text': 2839, 'coverage_pct': 14.66}, 'kinhtechungkhoan': {'total': 8513, 'full_text': 4295, 'coverage_pct': 50.45}, 'tnck': {'total': 1446, 'full_text': 1446, 'coverage_pct': 100.0}, 'vietnambiz': {'total': 3598, 'full_text': 3598, 'coverage_pct': 100.0}, 'vietstock': {'total': 11285, 'full_text': 11267, 'coverage_pct': 99.84}, 'vnexpress': {'total': 1762, 'full_text': 1761, 'coverage_pct': 99.94}}
[2026-07-06 15:39:27] [TASK_2B] [INFO] Enriched 1550/27877 pending articles...
[2026-07-06 15:39:27] [TASK_2B] [INFO] Enriched 1600/27877 pending articles...
[2026-07-06 15:39:44] [TASK_2B] [INFO] Checkpoint saved after 1600 new articles.
[2026-07-06 15:39:44] [TASK_2B] [INFO] Checkpoint coverage: 25301/45968 unique URLs with full text (55.04%). Status: {'ok': 23925, 'failed': 10378, 'restricted': 10189, 'partial': 1376, 'fetch_failed': 100}. By source: {'cafef': {'total': 19364, 'full_text': 2934, 'coverage_pct': 15.15}, 'kinhtechungkhoan': {'total': 8513, 'full_text': 4295, 'coverage_pct': 50.45}, 'tnck': {'total': 1446, 'full_text': 1446, 'coverage_pct': 100.0}, 'vietnambiz': {'total': 3598, 'full_text': 3598, 'coverage_pct': 100.0}, 'vietstock': {'total': 11285, 'full_text': 11267, 'coverage_pct': 99.84}, 'vnexpress': {'total': 1762, 'full_text': 1761, 'coverage_pct': 99.94}}
[2026-07-06 15:39:44] [TASK_2B] [INFO] Enriched 1650/27877 pending articles...
[2026-07-06 15:39:44] [TASK_2B] [INFO] Enriched 1700/27877 pending articles...
[2026-07-06 15:40:03] [TASK_2B] [INFO] Checkpoint saved after 1700 new articles.
[2026-07-06 15:40:03] [TASK_2B] [INFO] Checkpoint coverage: 25374/45968 unique URLs with full text (55.20%). Status: {'ok': 23925, 'failed': 10305, 'restricted': 10189, 'partial': 1449, 'fetch_failed': 100}. By source: {'cafef': {'total': 19364, 'full_text': 3007, 'coverage_pct': 15.53}, 'kinhtechungkhoan': {'total': 8513, 'full_text': 4295, 'coverage_pct': 50.45}, 'tnck': {'total': 1446, 'full_text': 1446, 'coverage_pct': 100.0}, 'vietnambiz': {'total': 3598, 'full_text': 3598, 'coverage_pct': 100.0}, 'vietstock': {'total': 11285, 'full_text': 11267, 'coverage_pct': 99.84}, 'vnexpress': {'total': 1762, 'full_text': 1761, 'coverage_pct': 99.94}}
[2026-07-06 15:40:03] [TASK_2B] [INFO] Enriched 1750/27877 pending articles...
[2026-07-06 15:40:03] [TASK_2B] [INFO] Enriched 1800/27877 pending articles...
[2026-07-06 15:40:21] [TASK_2B] [INFO] Checkpoint saved after 1800 new articles.
[2026-07-06 15:40:21] [TASK_2B] [INFO] Checkpoint coverage: 25468/45968 unique URLs with full text (55.40%). Status: {'ok': 23925, 'failed': 10211, 'restricted': 10189, 'partial': 1543, 'fetch_failed': 100}. By source: {'cafef': {'total': 19364, 'full_text': 3101, 'coverage_pct': 16.01}, 'kinhtechungkhoan': {'total': 8513, 'full_text': 4295, 'coverage_pct': 50.45}, 'tnck': {'total': 1446, 'full_text': 1446, 'coverage_pct': 100.0}, 'vietnambiz': {'total': 3598, 'full_text': 3598, 'coverage_pct': 100.0}, 'vietstock': {'total': 11285, 'full_text': 11267, 'coverage_pct': 99.84}, 'vnexpress': {'total': 1762, 'full_text': 1761, 'coverage_pct': 99.94}}
[2026-07-06 15:40:21] [TASK_2B] [INFO] Enriched 1850/27877 pending articles...
[2026-07-06 15:40:21] [TASK_2B] [INFO] Enriched 1900/27877 pending articles...
[2026-07-06 15:40:38] [TASK_2B] [INFO] Checkpoint saved after 1900 new articles.
[2026-07-06 15:40:38] [TASK_2B] [INFO] Checkpoint coverage: 25544/45968 unique URLs with full text (55.57%). Status: {'ok': 23929, 'restricted': 10189, 'failed': 10135, 'partial': 1615, 'fetch_failed': 100}. By source: {'cafef': {'total': 19364, 'full_text': 3177, 'coverage_pct': 16.41}, 'kinhtechungkhoan': {'total': 8513, 'full_text': 4295, 'coverage_pct': 50.45}, 'tnck': {'total': 1446, 'full_text': 1446, 'coverage_pct': 100.0}, 'vietnambiz': {'total': 3598, 'full_text': 3598, 'coverage_pct': 100.0}, 'vietstock': {'total': 11285, 'full_text': 11267, 'coverage_pct': 99.84}, 'vnexpress': {'total': 1762, 'full_text': 1761, 'coverage_pct': 99.94}}
[2026-07-06 15:40:38] [TASK_2B] [INFO] Enriched 1950/27877 pending articles...
[2026-07-06 15:40:38] [TASK_2B] [INFO] Enriched 2000/27877 pending articles...
[2026-07-06 15:40:59] [TASK_2B] [INFO] Checkpoint saved after 2000 new articles.
[2026-07-06 15:40:59] [TASK_2B] [INFO] Checkpoint coverage: 25622/45968 unique URLs with full text (55.74%). Status: {'ok': 23933, 'restricted': 10189, 'failed': 10057, 'partial': 1689, 'fetch_failed': 100}. By source: {'cafef': {'total': 19364, 'full_text': 3255, 'coverage_pct': 16.81}, 'kinhtechungkhoan': {'total': 8513, 'full_text': 4295, 'coverage_pct': 50.45}, 'tnck': {'total': 1446, 'full_text': 1446, 'coverage_pct': 100.0}, 'vietnambiz': {'total': 3598, 'full_text': 3598, 'coverage_pct': 100.0}, 'vietstock': {'total': 11285, 'full_text': 11267, 'coverage_pct': 99.84}, 'vnexpress': {'total': 1762, 'full_text': 1761, 'coverage_pct': 99.94}}
[2026-07-06 15:40:59] [TASK_2B] [INFO] Enriched 2050/27877 pending articles...
[2026-07-06 15:40:59] [TASK_2B] [INFO] Enriched 2100/27877 pending articles...
[2026-07-06 15:41:17] [TASK_2B] [INFO] Checkpoint saved after 2100 new articles.
[2026-07-06 15:41:18] [TASK_2B] [INFO] Checkpoint coverage: 25703/45968 unique URLs with full text (55.91%). Status: {'ok': 23935, 'restricted': 10189, 'failed': 9976, 'partial': 1768, 'fetch_failed': 100}. By source: {'cafef': {'total': 19364, 'full_text': 3336, 'coverage_pct': 17.23}, 'kinhtechungkhoan': {'total': 8513, 'full_text': 4295, 'coverage_pct': 50.45}, 'tnck': {'total': 1446, 'full_text': 1446, 'coverage_pct': 100.0}, 'vietnambiz': {'total': 3598, 'full_text': 3598, 'coverage_pct': 100.0}, 'vietstock': {'total': 11285, 'full_text': 11267, 'coverage_pct': 99.84}, 'vnexpress': {'total': 1762, 'full_text': 1761, 'coverage_pct': 99.94}}
[2026-07-06 15:41:18] [TASK_2B] [INFO] Enriched 2150/27877 pending articles...
[2026-07-06 15:41:18] [TASK_2B] [INFO] Enriched 2200/27877 pending articles...
[2026-07-06 15:41:38] [TASK_2B] [INFO] Checkpoint saved after 2200 new articles.
[2026-07-06 15:41:38] [TASK_2B] [INFO] Checkpoint coverage: 25795/45968 unique URLs with full text (56.12%). Status: {'ok': 23937, 'restricted': 10189, 'failed': 9884, 'partial': 1858, 'fetch_failed': 100}. By source: {'cafef': {'total': 19364, 'full_text': 3428, 'coverage_pct': 17.7}, 'kinhtechungkhoan': {'total': 8513, 'full_text': 4295, 'coverage_pct': 50.45}, 'tnck': {'total': 1446, 'full_text': 1446, 'coverage_pct': 100.0}, 'vietnambiz': {'total': 3598, 'full_text': 3598, 'coverage_pct': 100.0}, 'vietstock': {'total': 11285, 'full_text': 11267, 'coverage_pct': 99.84}, 'vnexpress': {'total': 1762, 'full_text': 1761, 'coverage_pct': 99.94}}
[2026-07-06 15:41:38] [TASK_2B] [INFO] Enriched 2250/27877 pending articles...
[2026-07-06 15:41:38] [TASK_2B] [INFO] Enriched 2300/27877 pending articles...
[2026-07-06 15:41:59] [TASK_2B] [INFO] Checkpoint saved after 2300 new articles.
[2026-07-06 15:41:59] [TASK_2B] [INFO] Checkpoint coverage: 25882/45968 unique URLs with full text (56.30%). Status: {'ok': 23937, 'restricted': 10189, 'failed': 9797, 'partial': 1945, 'fetch_failed': 100}. By source: {'cafef': {'total': 19364, 'full_text': 3515, 'coverage_pct': 18.15}, 'kinhtechungkhoan': {'total': 8513, 'full_text': 4295, 'coverage_pct': 50.45}, 'tnck': {'total': 1446, 'full_text': 1446, 'coverage_pct': 100.0}, 'vietnambiz': {'total': 3598, 'full_text': 3598, 'coverage_pct': 100.0}, 'vietstock': {'total': 11285, 'full_text': 11267, 'coverage_pct': 99.84}, 'vnexpress': {'total': 1762, 'full_text': 1761, 'coverage_pct': 99.94}}
[2026-07-06 15:41:59] [TASK_2B] [INFO] Enriched 2350/27877 pending articles...
[2026-07-06 15:41:59] [TASK_2B] [INFO] Enriched 2400/27877 pending articles...
[2026-07-06 15:42:16] [TASK_2B] [INFO] Checkpoint saved after 2400 new articles.
[2026-07-06 15:42:17] [TASK_2B] [INFO] Checkpoint coverage: 25979/45968 unique URLs with full text (56.52%). Status: {'ok': 23937, 'restricted': 10189, 'failed': 9700, 'partial': 2042, 'fetch_failed': 100}. By source: {'cafef': {'total': 19364, 'full_text': 3612, 'coverage_pct': 18.65}, 'kinhtechungkhoan': {'total': 8513, 'full_text': 4295, 'coverage_pct': 50.45}, 'tnck': {'total': 1446, 'full_text': 1446, 'coverage_pct': 100.0}, 'vietnambiz': {'total': 3598, 'full_text': 3598, 'coverage_pct': 100.0}, 'vietstock': {'total': 11285, 'full_text': 11267, 'coverage_pct': 99.84}, 'vnexpress': {'total': 1762, 'full_text': 1761, 'coverage_pct': 99.94}}
[2026-07-06 15:42:17] [TASK_2B] [INFO] Enriched 2450/27877 pending articles...
[2026-07-06 15:42:17] [TASK_2B] [INFO] Enriched 2500/27877 pending articles...
[2026-07-06 15:42:33] [TASK_2B] [INFO] Checkpoint saved after 2500 new articles.
[2026-07-06 15:42:33] [TASK_2B] [INFO] Checkpoint coverage: 26069/45968 unique URLs with full text (56.71%). Status: {'ok': 23937, 'restricted': 10189, 'failed': 9610, 'partial': 2132, 'fetch_failed': 100}. By source: {'cafef': {'total': 19364, 'full_text': 3702, 'coverage_pct': 19.12}, 'kinhtechungkhoan': {'total': 8513, 'full_text': 4295, 'coverage_pct': 50.45}, 'tnck': {'total': 1446, 'full_text': 1446, 'coverage_pct': 100.0}, 'vietnambiz': {'total': 3598, 'full_text': 3598, 'coverage_pct': 100.0}, 'vietstock': {'total': 11285, 'full_text': 11267, 'coverage_pct': 99.84}, 'vnexpress': {'total': 1762, 'full_text': 1761, 'coverage_pct': 99.94}}
[2026-07-06 15:42:33] [TASK_2B] [INFO] Enriched 2550/27877 pending articles...
[2026-07-06 15:42:33] [TASK_2B] [INFO] Enriched 2600/27877 pending articles...
[2026-07-06 15:42:50] [TASK_2B] [INFO] Checkpoint saved after 2600 new articles.
[2026-07-06 15:42:50] [TASK_2B] [INFO] Checkpoint coverage: 26169/45968 unique URLs with full text (56.93%). Status: {'ok': 23939, 'restricted': 10189, 'failed': 9510, 'partial': 2230, 'fetch_failed': 100}. By source: {'cafef': {'total': 19364, 'full_text': 3802, 'coverage_pct': 19.63}, 'kinhtechungkhoan': {'total': 8513, 'full_text': 4295, 'coverage_pct': 50.45}, 'tnck': {'total': 1446, 'full_text': 1446, 'coverage_pct': 100.0}, 'vietnambiz': {'total': 3598, 'full_text': 3598, 'coverage_pct': 100.0}, 'vietstock': {'total': 11285, 'full_text': 11267, 'coverage_pct': 99.84}, 'vnexpress': {'total': 1762, 'full_text': 1761, 'coverage_pct': 99.94}}
[2026-07-06 15:42:50] [TASK_2B] [INFO] Enriched 2650/27877 pending articles...
[2026-07-06 15:42:50] [TASK_2B] [INFO] Enriched 2700/27877 pending articles...
[2026-07-06 15:43:11] [TASK_2B] [INFO] Checkpoint saved after 2700 new articles.
[2026-07-06 15:43:11] [TASK_2B] [INFO] Checkpoint coverage: 26257/45968 unique URLs with full text (57.12%). Status: {'ok': 23939, 'restricted': 10189, 'failed': 9422, 'partial': 2318, 'fetch_failed': 100}. By source: {'cafef': {'total': 19364, 'full_text': 3890, 'coverage_pct': 20.09}, 'kinhtechungkhoan': {'total': 8513, 'full_text': 4295, 'coverage_pct': 50.45}, 'tnck': {'total': 1446, 'full_text': 1446, 'coverage_pct': 100.0}, 'vietnambiz': {'total': 3598, 'full_text': 3598, 'coverage_pct': 100.0}, 'vietstock': {'total': 11285, 'full_text': 11267, 'coverage_pct': 99.84}, 'vnexpress': {'total': 1762, 'full_text': 1761, 'coverage_pct': 99.94}}
[2026-07-06 15:43:11] [TASK_2B] [INFO] Enriched 2750/27877 pending articles...
[2026-07-06 15:43:11] [TASK_2B] [INFO] Enriched 2800/27877 pending articles...
[2026-07-06 15:43:31] [TASK_2B] [INFO] Checkpoint saved after 2800 new articles.
[2026-07-06 15:43:31] [TASK_2B] [INFO] Checkpoint coverage: 26341/45968 unique URLs with full text (57.30%). Status: {'ok': 23941, 'restricted': 10189, 'failed': 9338, 'partial': 2400, 'fetch_failed': 100}. By source: {'cafef': {'total': 19364, 'full_text': 3974, 'coverage_pct': 20.52}, 'kinhtechungkhoan': {'total': 8513, 'full_text': 4295, 'coverage_pct': 50.45}, 'tnck': {'total': 1446, 'full_text': 1446, 'coverage_pct': 100.0}, 'vietnambiz': {'total': 3598, 'full_text': 3598, 'coverage_pct': 100.0}, 'vietstock': {'total': 11285, 'full_text': 11267, 'coverage_pct': 99.84}, 'vnexpress': {'total': 1762, 'full_text': 1761, 'coverage_pct': 99.94}}
[2026-07-06 15:43:31] [TASK_2B] [INFO] Enriched 2850/27877 pending articles...
[2026-07-06 15:43:31] [TASK_2B] [INFO] Enriched 2900/27877 pending articles...
[2026-07-06 15:43:47] [TASK_2B] [INFO] Checkpoint saved after 2900 new articles.
[2026-07-06 15:43:47] [TASK_2B] [INFO] Checkpoint coverage: 26441/45968 unique URLs with full text (57.52%). Status: {'ok': 23946, 'restricted': 10189, 'failed': 9238, 'partial': 2495, 'fetch_failed': 100}. By source: {'cafef': {'total': 19364, 'full_text': 4074, 'coverage_pct': 21.04}, 'kinhtechungkhoan': {'total': 8513, 'full_text': 4295, 'coverage_pct': 50.45}, 'tnck': {'total': 1446, 'full_text': 1446, 'coverage_pct': 100.0}, 'vietnambiz': {'total': 3598, 'full_text': 3598, 'coverage_pct': 100.0}, 'vietstock': {'total': 11285, 'full_text': 11267, 'coverage_pct': 99.84}, 'vnexpress': {'total': 1762, 'full_text': 1761, 'coverage_pct': 99.94}}
[2026-07-06 15:43:47] [TASK_2B] [INFO] Enriched 2950/27877 pending articles...
[2026-07-06 15:43:47] [TASK_2B] [INFO] Enriched 3000/27877 pending articles...
[2026-07-06 15:44:04] [TASK_2B] [INFO] Checkpoint saved after 3000 new articles.
[2026-07-06 15:44:04] [TASK_2B] [INFO] Checkpoint coverage: 26541/45968 unique URLs with full text (57.74%). Status: {'ok': 23948, 'restricted': 10189, 'failed': 9138, 'partial': 2593, 'fetch_failed': 100}. By source: {'cafef': {'total': 19364, 'full_text': 4174, 'coverage_pct': 21.56}, 'kinhtechungkhoan': {'total': 8513, 'full_text': 4295, 'coverage_pct': 50.45}, 'tnck': {'total': 1446, 'full_text': 1446, 'coverage_pct': 100.0}, 'vietnambiz': {'total': 3598, 'full_text': 3598, 'coverage_pct': 100.0}, 'vietstock': {'total': 11285, 'full_text': 11267, 'coverage_pct': 99.84}, 'vnexpress': {'total': 1762, 'full_text': 1761, 'coverage_pct': 99.94}}
[2026-07-06 15:44:04] [TASK_2B] [INFO] Enriched 3050/27877 pending articles...
[2026-07-06 15:44:04] [TASK_2B] [INFO] Enriched 3100/27877 pending articles...
[2026-07-06 15:44:24] [TASK_2B] [INFO] Checkpoint saved after 3100 new articles.
[2026-07-06 15:44:24] [TASK_2B] [INFO] Checkpoint coverage: 26639/45968 unique URLs with full text (57.95%). Status: {'ok': 23952, 'restricted': 10189, 'failed': 9040, 'partial': 2687, 'fetch_failed': 100}. By source: {'cafef': {'total': 19364, 'full_text': 4272, 'coverage_pct': 22.06}, 'kinhtechungkhoan': {'total': 8513, 'full_text': 4295, 'coverage_pct': 50.45}, 'tnck': {'total': 1446, 'full_text': 1446, 'coverage_pct': 100.0}, 'vietnambiz': {'total': 3598, 'full_text': 3598, 'coverage_pct': 100.0}, 'vietstock': {'total': 11285, 'full_text': 11267, 'coverage_pct': 99.84}, 'vnexpress': {'total': 1762, 'full_text': 1761, 'coverage_pct': 99.94}}
[2026-07-06 15:44:24] [TASK_2B] [INFO] Enriched 3150/27877 pending articles...
[2026-07-06 15:44:24] [TASK_2B] [INFO] Enriched 3200/27877 pending articles...
[2026-07-06 15:44:42] [TASK_2B] [INFO] Checkpoint saved after 3200 new articles.
[2026-07-06 15:44:42] [TASK_2B] [INFO] Checkpoint coverage: 26733/45968 unique URLs with full text (58.16%). Status: {'ok': 23955, 'restricted': 10189, 'failed': 8946, 'partial': 2778, 'fetch_failed': 100}. By source: {'cafef': {'total': 19364, 'full_text': 4366, 'coverage_pct': 22.55}, 'kinhtechungkhoan': {'total': 8513, 'full_text': 4295, 'coverage_pct': 50.45}, 'tnck': {'total': 1446, 'full_text': 1446, 'coverage_pct': 100.0}, 'vietnambiz': {'total': 3598, 'full_text': 3598, 'coverage_pct': 100.0}, 'vietstock': {'total': 11285, 'full_text': 11267, 'coverage_pct': 99.84}, 'vnexpress': {'total': 1762, 'full_text': 1761, 'coverage_pct': 99.94}}
[2026-07-06 15:44:42] [TASK_2B] [INFO] Enriched 3250/27877 pending articles...
[2026-07-06 15:44:42] [TASK_2B] [INFO] Enriched 3300/27877 pending articles...
[2026-07-06 15:44:58] [TASK_2B] [INFO] Checkpoint saved after 3300 new articles.
[2026-07-06 15:44:59] [TASK_2B] [INFO] Checkpoint coverage: 26820/45968 unique URLs with full text (58.34%). Status: {'ok': 23956, 'restricted': 10189, 'failed': 8859, 'partial': 2864, 'fetch_failed': 100}. By source: {'cafef': {'total': 19364, 'full_text': 4453, 'coverage_pct': 23.0}, 'kinhtechungkhoan': {'total': 8513, 'full_text': 4295, 'coverage_pct': 50.45}, 'tnck': {'total': 1446, 'full_text': 1446, 'coverage_pct': 100.0}, 'vietnambiz': {'total': 3598, 'full_text': 3598, 'coverage_pct': 100.0}, 'vietstock': {'total': 11285, 'full_text': 11267, 'coverage_pct': 99.84}, 'vnexpress': {'total': 1762, 'full_text': 1761, 'coverage_pct': 99.94}}
[2026-07-06 15:44:59] [TASK_2B] [INFO] Enriched 3350/27877 pending articles...
[2026-07-06 15:44:59] [TASK_2B] [INFO] Enriched 3400/27877 pending articles...
[2026-07-06 15:45:15] [TASK_2B] [INFO] Checkpoint saved after 3400 new articles.
[2026-07-06 15:45:15] [TASK_2B] [INFO] Checkpoint coverage: 26886/45968 unique URLs with full text (58.49%). Status: {'ok': 23956, 'restricted': 10189, 'failed': 8793, 'partial': 2930, 'fetch_failed': 100}. By source: {'cafef': {'total': 19364, 'full_text': 4519, 'coverage_pct': 23.34}, 'kinhtechungkhoan': {'total': 8513, 'full_text': 4295, 'coverage_pct': 50.45}, 'tnck': {'total': 1446, 'full_text': 1446, 'coverage_pct': 100.0}, 'vietnambiz': {'total': 3598, 'full_text': 3598, 'coverage_pct': 100.0}, 'vietstock': {'total': 11285, 'full_text': 11267, 'coverage_pct': 99.84}, 'vnexpress': {'total': 1762, 'full_text': 1761, 'coverage_pct': 99.94}}
[2026-07-06 15:45:15] [TASK_2B] [INFO] Enriched 3450/27877 pending articles...
[2026-07-06 15:45:15] [TASK_2B] [INFO] Enriched 3500/27877 pending articles...
[2026-07-06 15:45:31] [TASK_2B] [INFO] Checkpoint saved after 3500 new articles.
[2026-07-06 15:45:32] [TASK_2B] [INFO] Checkpoint coverage: 26956/45968 unique URLs with full text (58.64%). Status: {'ok': 23956, 'restricted': 10189, 'failed': 8723, 'partial': 3000, 'fetch_failed': 100}. By source: {'cafef': {'total': 19364, 'full_text': 4589, 'coverage_pct': 23.7}, 'kinhtechungkhoan': {'total': 8513, 'full_text': 4295, 'coverage_pct': 50.45}, 'tnck': {'total': 1446, 'full_text': 1446, 'coverage_pct': 100.0}, 'vietnambiz': {'total': 3598, 'full_text': 3598, 'coverage_pct': 100.0}, 'vietstock': {'total': 11285, 'full_text': 11267, 'coverage_pct': 99.84}, 'vnexpress': {'total': 1762, 'full_text': 1761, 'coverage_pct': 99.94}}
[2026-07-06 15:45:32] [TASK_2B] [INFO] Enriched 3550/27877 pending articles...
[2026-07-06 15:45:32] [TASK_2B] [INFO] Enriched 3600/27877 pending articles...
[2026-07-06 15:45:50] [TASK_2B] [INFO] Checkpoint saved after 3600 new articles.
[2026-07-06 15:45:50] [TASK_2B] [INFO] Checkpoint coverage: 27029/45968 unique URLs with full text (58.80%). Status: {'ok': 23956, 'restricted': 10189, 'failed': 8650, 'partial': 3073, 'fetch_failed': 100}. By source: {'cafef': {'total': 19364, 'full_text': 4662, 'coverage_pct': 24.08}, 'kinhtechungkhoan': {'total': 8513, 'full_text': 4295, 'coverage_pct': 50.45}, 'tnck': {'total': 1446, 'full_text': 1446, 'coverage_pct': 100.0}, 'vietnambiz': {'total': 3598, 'full_text': 3598, 'coverage_pct': 100.0}, 'vietstock': {'total': 11285, 'full_text': 11267, 'coverage_pct': 99.84}, 'vnexpress': {'total': 1762, 'full_text': 1761, 'coverage_pct': 99.94}}
[2026-07-06 15:45:50] [TASK_2B] [INFO] Enriched 3650/27877 pending articles...
[2026-07-06 15:45:50] [TASK_2B] [INFO] Enriched 3700/27877 pending articles...
[2026-07-06 15:46:06] [TASK_2B] [INFO] Checkpoint saved after 3700 new articles.
[2026-07-06 15:46:06] [TASK_2B] [INFO] Checkpoint coverage: 27113/45968 unique URLs with full text (58.98%). Status: {'ok': 23961, 'restricted': 10189, 'failed': 8566, 'partial': 3152, 'fetch_failed': 100}. By source: {'cafef': {'total': 19364, 'full_text': 4746, 'coverage_pct': 24.51}, 'kinhtechungkhoan': {'total': 8513, 'full_text': 4295, 'coverage_pct': 50.45}, 'tnck': {'total': 1446, 'full_text': 1446, 'coverage_pct': 100.0}, 'vietnambiz': {'total': 3598, 'full_text': 3598, 'coverage_pct': 100.0}, 'vietstock': {'total': 11285, 'full_text': 11267, 'coverage_pct': 99.84}, 'vnexpress': {'total': 1762, 'full_text': 1761, 'coverage_pct': 99.94}}
[2026-07-06 15:46:06] [TASK_2B] [INFO] Enriched 3750/27877 pending articles...
[2026-07-06 15:46:06] [TASK_2B] [INFO] Enriched 3800/27877 pending articles...
[2026-07-06 15:46:24] [TASK_2B] [INFO] Checkpoint saved after 3800 new articles.
[2026-07-06 15:46:24] [TASK_2B] [INFO] Checkpoint coverage: 27200/45968 unique URLs with full text (59.17%). Status: {'ok': 23965, 'restricted': 10189, 'failed': 8479, 'partial': 3235, 'fetch_failed': 100}. By source: {'cafef': {'total': 19364, 'full_text': 4833, 'coverage_pct': 24.96}, 'kinhtechungkhoan': {'total': 8513, 'full_text': 4295, 'coverage_pct': 50.45}, 'tnck': {'total': 1446, 'full_text': 1446, 'coverage_pct': 100.0}, 'vietnambiz': {'total': 3598, 'full_text': 3598, 'coverage_pct': 100.0}, 'vietstock': {'total': 11285, 'full_text': 11267, 'coverage_pct': 99.84}, 'vnexpress': {'total': 1762, 'full_text': 1761, 'coverage_pct': 99.94}}
[2026-07-06 15:46:24] [TASK_2B] [INFO] Enriched 3850/27877 pending articles...
[2026-07-06 15:46:24] [TASK_2B] [INFO] Enriched 3900/27877 pending articles...
[2026-07-06 15:46:43] [TASK_2B] [INFO] Checkpoint saved after 3900 new articles.
[2026-07-06 15:46:43] [TASK_2B] [INFO] Checkpoint coverage: 27273/45968 unique URLs with full text (59.33%). Status: {'ok': 23965, 'restricted': 10189, 'failed': 8407, 'partial': 3308, 'fetch_failed': 99}. By source: {'cafef': {'total': 19364, 'full_text': 4906, 'coverage_pct': 25.34}, 'kinhtechungkhoan': {'total': 8513, 'full_text': 4295, 'coverage_pct': 50.45}, 'tnck': {'total': 1446, 'full_text': 1446, 'coverage_pct': 100.0}, 'vietnambiz': {'total': 3598, 'full_text': 3598, 'coverage_pct': 100.0}, 'vietstock': {'total': 11285, 'full_text': 11267, 'coverage_pct': 99.84}, 'vnexpress': {'total': 1762, 'full_text': 1761, 'coverage_pct': 99.94}}
[2026-07-06 15:46:43] [TASK_2B] [INFO] Enriched 3950/27877 pending articles...
[2026-07-06 15:46:43] [TASK_2B] [INFO] Enriched 4000/27877 pending articles...
[2026-07-06 15:46:59] [TASK_2B] [INFO] Checkpoint saved after 4000 new articles.
[2026-07-06 15:46:59] [TASK_2B] [INFO] Checkpoint coverage: 27338/45968 unique URLs with full text (59.47%). Status: {'ok': 23967, 'restricted': 10189, 'failed': 8342, 'partial': 3371, 'fetch_failed': 99}. By source: {'cafef': {'total': 19364, 'full_text': 4971, 'coverage_pct': 25.67}, 'kinhtechungkhoan': {'total': 8513, 'full_text': 4295, 'coverage_pct': 50.45}, 'tnck': {'total': 1446, 'full_text': 1446, 'coverage_pct': 100.0}, 'vietnambiz': {'total': 3598, 'full_text': 3598, 'coverage_pct': 100.0}, 'vietstock': {'total': 11285, 'full_text': 11267, 'coverage_pct': 99.84}, 'vnexpress': {'total': 1762, 'full_text': 1761, 'coverage_pct': 99.94}}
[2026-07-06 15:46:59] [TASK_2B] [INFO] Enriched 4050/27877 pending articles...
[2026-07-06 15:46:59] [TASK_2B] [INFO] Enriched 4100/27877 pending articles...
[2026-07-06 15:47:17] [TASK_2B] [INFO] Checkpoint saved after 4100 new articles.
[2026-07-06 15:47:17] [TASK_2B] [INFO] Checkpoint coverage: 27420/45968 unique URLs with full text (59.65%). Status: {'ok': 23969, 'restricted': 10189, 'failed': 8260, 'partial': 3451, 'fetch_failed': 99}. By source: {'cafef': {'total': 19364, 'full_text': 5053, 'coverage_pct': 26.09}, 'kinhtechungkhoan': {'total': 8513, 'full_text': 4295, 'coverage_pct': 50.45}, 'tnck': {'total': 1446, 'full_text': 1446, 'coverage_pct': 100.0}, 'vietnambiz': {'total': 3598, 'full_text': 3598, 'coverage_pct': 100.0}, 'vietstock': {'total': 11285, 'full_text': 11267, 'coverage_pct': 99.84}, 'vnexpress': {'total': 1762, 'full_text': 1761, 'coverage_pct': 99.94}}
[2026-07-06 15:47:17] [TASK_2B] [INFO] Enriched 4150/27877 pending articles...
[2026-07-06 15:47:17] [TASK_2B] [INFO] Enriched 4200/27877 pending articles...
[2026-07-06 15:47:33] [TASK_2B] [INFO] Checkpoint saved after 4200 new articles.
[2026-07-06 15:47:33] [TASK_2B] [INFO] Checkpoint coverage: 27497/45968 unique URLs with full text (59.82%). Status: {'ok': 23970, 'restricted': 10189, 'failed': 8184, 'partial': 3527, 'fetch_failed': 98}. By source: {'cafef': {'total': 19364, 'full_text': 5130, 'coverage_pct': 26.49}, 'kinhtechungkhoan': {'total': 8513, 'full_text': 4295, 'coverage_pct': 50.45}, 'tnck': {'total': 1446, 'full_text': 1446, 'coverage_pct': 100.0}, 'vietnambiz': {'total': 3598, 'full_text': 3598, 'coverage_pct': 100.0}, 'vietstock': {'total': 11285, 'full_text': 11267, 'coverage_pct': 99.84}, 'vnexpress': {'total': 1762, 'full_text': 1761, 'coverage_pct': 99.94}}
[2026-07-06 15:47:33] [TASK_2B] [INFO] Enriched 4250/27877 pending articles...
[2026-07-06 15:47:33] [TASK_2B] [INFO] Enriched 4300/27877 pending articles...
[2026-07-06 15:47:49] [TASK_2B] [INFO] Checkpoint saved after 4300 new articles.
[2026-07-06 15:47:49] [TASK_2B] [INFO] Checkpoint coverage: 27574/45968 unique URLs with full text (59.99%). Status: {'ok': 23972, 'restricted': 10189, 'failed': 8107, 'partial': 3602, 'fetch_failed': 98}. By source: {'cafef': {'total': 19364, 'full_text': 5207, 'coverage_pct': 26.89}, 'kinhtechungkhoan': {'total': 8513, 'full_text': 4295, 'coverage_pct': 50.45}, 'tnck': {'total': 1446, 'full_text': 1446, 'coverage_pct': 100.0}, 'vietnambiz': {'total': 3598, 'full_text': 3598, 'coverage_pct': 100.0}, 'vietstock': {'total': 11285, 'full_text': 11267, 'coverage_pct': 99.84}, 'vnexpress': {'total': 1762, 'full_text': 1761, 'coverage_pct': 99.94}}
[2026-07-06 15:47:49] [TASK_2B] [INFO] Enriched 4350/27877 pending articles...
[2026-07-06 15:47:49] [TASK_2B] [INFO] Enriched 4400/27877 pending articles...
[2026-07-06 15:48:05] [TASK_2B] [INFO] Checkpoint saved after 4400 new articles.
[2026-07-06 15:48:05] [TASK_2B] [INFO] Checkpoint coverage: 27653/45968 unique URLs with full text (60.16%). Status: {'ok': 23977, 'restricted': 10189, 'failed': 8028, 'partial': 3676, 'fetch_failed': 98}. By source: {'cafef': {'total': 19364, 'full_text': 5286, 'coverage_pct': 27.3}, 'kinhtechungkhoan': {'total': 8513, 'full_text': 4295, 'coverage_pct': 50.45}, 'tnck': {'total': 1446, 'full_text': 1446, 'coverage_pct': 100.0}, 'vietnambiz': {'total': 3598, 'full_text': 3598, 'coverage_pct': 100.0}, 'vietstock': {'total': 11285, 'full_text': 11267, 'coverage_pct': 99.84}, 'vnexpress': {'total': 1762, 'full_text': 1761, 'coverage_pct': 99.94}}
[2026-07-06 15:48:05] [TASK_2B] [INFO] Enriched 4450/27877 pending articles...
[2026-07-06 15:48:05] [TASK_2B] [INFO] Enriched 4500/27877 pending articles...
[2026-07-06 15:48:21] [TASK_2B] [INFO] Checkpoint saved after 4500 new articles.
[2026-07-06 15:48:21] [TASK_2B] [INFO] Checkpoint coverage: 27748/45968 unique URLs with full text (60.36%). Status: {'ok': 23981, 'restricted': 10189, 'failed': 7933, 'partial': 3767, 'fetch_failed': 98}. By source: {'cafef': {'total': 19364, 'full_text': 5381, 'coverage_pct': 27.79}, 'kinhtechungkhoan': {'total': 8513, 'full_text': 4295, 'coverage_pct': 50.45}, 'tnck': {'total': 1446, 'full_text': 1446, 'coverage_pct': 100.0}, 'vietnambiz': {'total': 3598, 'full_text': 3598, 'coverage_pct': 100.0}, 'vietstock': {'total': 11285, 'full_text': 11267, 'coverage_pct': 99.84}, 'vnexpress': {'total': 1762, 'full_text': 1761, 'coverage_pct': 99.94}}
[2026-07-06 15:48:21] [TASK_2B] [INFO] Enriched 4550/27877 pending articles...
[2026-07-06 15:48:21] [TASK_2B] [INFO] Enriched 4600/27877 pending articles...
[2026-07-06 15:48:37] [TASK_2B] [INFO] Checkpoint saved after 4600 new articles.
[2026-07-06 15:48:37] [TASK_2B] [INFO] Checkpoint coverage: 27847/45968 unique URLs with full text (60.58%). Status: {'ok': 23982, 'restricted': 10189, 'failed': 7834, 'partial': 3865, 'fetch_failed': 98}. By source: {'cafef': {'total': 19364, 'full_text': 5480, 'coverage_pct': 28.3}, 'kinhtechungkhoan': {'total': 8513, 'full_text': 4295, 'coverage_pct': 50.45}, 'tnck': {'total': 1446, 'full_text': 1446, 'coverage_pct': 100.0}, 'vietnambiz': {'total': 3598, 'full_text': 3598, 'coverage_pct': 100.0}, 'vietstock': {'total': 11285, 'full_text': 11267, 'coverage_pct': 99.84}, 'vnexpress': {'total': 1762, 'full_text': 1761, 'coverage_pct': 99.94}}
[2026-07-06 15:48:37] [TASK_2B] [INFO] Enriched 4650/27877 pending articles...
[2026-07-06 15:48:37] [TASK_2B] [INFO] Enriched 4700/27877 pending articles...
[2026-07-06 15:48:51] [TASK_2B] [INFO] Checkpoint saved after 4700 new articles.
[2026-07-06 15:48:51] [TASK_2B] [INFO] Checkpoint coverage: 27939/45968 unique URLs with full text (60.78%). Status: {'ok': 23982, 'restricted': 10189, 'failed': 7742, 'partial': 3957, 'fetch_failed': 98}. By source: {'cafef': {'total': 19364, 'full_text': 5572, 'coverage_pct': 28.78}, 'kinhtechungkhoan': {'total': 8513, 'full_text': 4295, 'coverage_pct': 50.45}, 'tnck': {'total': 1446, 'full_text': 1446, 'coverage_pct': 100.0}, 'vietnambiz': {'total': 3598, 'full_text': 3598, 'coverage_pct': 100.0}, 'vietstock': {'total': 11285, 'full_text': 11267, 'coverage_pct': 99.84}, 'vnexpress': {'total': 1762, 'full_text': 1761, 'coverage_pct': 99.94}}
[2026-07-06 15:48:51] [TASK_2B] [INFO] Enriched 4750/27877 pending articles...
[2026-07-06 15:48:51] [TASK_2B] [INFO] Enriched 4800/27877 pending articles...
[2026-07-06 15:49:05] [TASK_2B] [INFO] Checkpoint saved after 4800 new articles.
[2026-07-06 15:49:05] [TASK_2B] [INFO] Checkpoint coverage: 28029/45968 unique URLs with full text (60.98%). Status: {'ok': 23983, 'restricted': 10189, 'failed': 7652, 'partial': 4046, 'fetch_failed': 98}. By source: {'cafef': {'total': 19364, 'full_text': 5662, 'coverage_pct': 29.24}, 'kinhtechungkhoan': {'total': 8513, 'full_text': 4295, 'coverage_pct': 50.45}, 'tnck': {'total': 1446, 'full_text': 1446, 'coverage_pct': 100.0}, 'vietnambiz': {'total': 3598, 'full_text': 3598, 'coverage_pct': 100.0}, 'vietstock': {'total': 11285, 'full_text': 11267, 'coverage_pct': 99.84}, 'vnexpress': {'total': 1762, 'full_text': 1761, 'coverage_pct': 99.94}}
[2026-07-06 15:49:05] [TASK_2B] [INFO] Enriched 4850/27877 pending articles...
[2026-07-06 15:49:05] [TASK_2B] [INFO] Enriched 4900/27877 pending articles...
[2026-07-06 15:49:20] [TASK_2B] [INFO] Checkpoint saved after 4900 new articles.
[2026-07-06 15:49:20] [TASK_2B] [INFO] Checkpoint coverage: 28108/45968 unique URLs with full text (61.15%). Status: {'ok': 23983, 'restricted': 10189, 'failed': 7573, 'partial': 4125, 'fetch_failed': 98}. By source: {'cafef': {'total': 19364, 'full_text': 5741, 'coverage_pct': 29.65}, 'kinhtechungkhoan': {'total': 8513, 'full_text': 4295, 'coverage_pct': 50.45}, 'tnck': {'total': 1446, 'full_text': 1446, 'coverage_pct': 100.0}, 'vietnambiz': {'total': 3598, 'full_text': 3598, 'coverage_pct': 100.0}, 'vietstock': {'total': 11285, 'full_text': 11267, 'coverage_pct': 99.84}, 'vnexpress': {'total': 1762, 'full_text': 1761, 'coverage_pct': 99.94}}
[2026-07-06 15:49:20] [TASK_2B] [INFO] Enriched 4950/27877 pending articles...
[2026-07-06 15:49:20] [TASK_2B] [INFO] Enriched 5000/27877 pending articles...
[2026-07-06 15:49:46] [TASK_2B] [INFO] Checkpoint saved after 5000 new articles.
[2026-07-06 15:49:46] [TASK_2B] [INFO] Checkpoint coverage: 28200/45968 unique URLs with full text (61.35%). Status: {'ok': 23985, 'restricted': 10189, 'failed': 7481, 'partial': 4215, 'fetch_failed': 98}. By source: {'cafef': {'total': 19364, 'full_text': 5833, 'coverage_pct': 30.12}, 'kinhtechungkhoan': {'total': 8513, 'full_text': 4295, 'coverage_pct': 50.45}, 'tnck': {'total': 1446, 'full_text': 1446, 'coverage_pct': 100.0}, 'vietnambiz': {'total': 3598, 'full_text': 3598, 'coverage_pct': 100.0}, 'vietstock': {'total': 11285, 'full_text': 11267, 'coverage_pct': 99.84}, 'vnexpress': {'total': 1762, 'full_text': 1761, 'coverage_pct': 99.94}}
[2026-07-06 15:49:46] [TASK_2B] [INFO] Enriched 5050/27877 pending articles...
[2026-07-06 15:49:46] [TASK_2B] [INFO] Enriched 5100/27877 pending articles...
[2026-07-06 15:50:06] [TASK_2B] [INFO] Checkpoint saved after 5100 new articles.
[2026-07-06 15:50:06] [TASK_2B] [INFO] Checkpoint coverage: 28299/45968 unique URLs with full text (61.56%). Status: {'ok': 23985, 'restricted': 10189, 'failed': 7382, 'partial': 4314, 'fetch_failed': 98}. By source: {'cafef': {'total': 19364, 'full_text': 5932, 'coverage_pct': 30.63}, 'kinhtechungkhoan': {'total': 8513, 'full_text': 4295, 'coverage_pct': 50.45}, 'tnck': {'total': 1446, 'full_text': 1446, 'coverage_pct': 100.0}, 'vietnambiz': {'total': 3598, 'full_text': 3598, 'coverage_pct': 100.0}, 'vietstock': {'total': 11285, 'full_text': 11267, 'coverage_pct': 99.84}, 'vnexpress': {'total': 1762, 'full_text': 1761, 'coverage_pct': 99.94}}
[2026-07-06 15:50:06] [TASK_2B] [INFO] Enriched 5150/27877 pending articles...
[2026-07-06 15:50:06] [TASK_2B] [INFO] Enriched 5200/27877 pending articles...
[2026-07-06 15:50:27] [TASK_2B] [INFO] Checkpoint saved after 5200 new articles.
[2026-07-06 15:50:28] [TASK_2B] [INFO] Checkpoint coverage: 28384/45968 unique URLs with full text (61.75%). Status: {'ok': 23985, 'restricted': 10189, 'failed': 7297, 'partial': 4399, 'fetch_failed': 98}. By source: {'cafef': {'total': 19364, 'full_text': 6017, 'coverage_pct': 31.07}, 'kinhtechungkhoan': {'total': 8513, 'full_text': 4295, 'coverage_pct': 50.45}, 'tnck': {'total': 1446, 'full_text': 1446, 'coverage_pct': 100.0}, 'vietnambiz': {'total': 3598, 'full_text': 3598, 'coverage_pct': 100.0}, 'vietstock': {'total': 11285, 'full_text': 11267, 'coverage_pct': 99.84}, 'vnexpress': {'total': 1762, 'full_text': 1761, 'coverage_pct': 99.94}}
[2026-07-06 15:50:28] [TASK_2B] [INFO] Enriched 5250/27877 pending articles...
[2026-07-06 15:50:28] [TASK_2B] [INFO] Enriched 5300/27877 pending articles...
[2026-07-06 15:50:47] [TASK_2B] [INFO] Checkpoint saved after 5300 new articles.
[2026-07-06 15:50:47] [TASK_2B] [INFO] Checkpoint coverage: 28454/45968 unique URLs with full text (61.90%). Status: {'ok': 23986, 'restricted': 10189, 'failed': 7227, 'partial': 4468, 'fetch_failed': 98}. By source: {'cafef': {'total': 19364, 'full_text': 6087, 'coverage_pct': 31.43}, 'kinhtechungkhoan': {'total': 8513, 'full_text': 4295, 'coverage_pct': 50.45}, 'tnck': {'total': 1446, 'full_text': 1446, 'coverage_pct': 100.0}, 'vietnambiz': {'total': 3598, 'full_text': 3598, 'coverage_pct': 100.0}, 'vietstock': {'total': 11285, 'full_text': 11267, 'coverage_pct': 99.84}, 'vnexpress': {'total': 1762, 'full_text': 1761, 'coverage_pct': 99.94}}
[2026-07-06 15:50:47] [TASK_2B] [INFO] Enriched 5350/27877 pending articles...
[2026-07-06 15:50:47] [TASK_2B] [INFO] Enriched 5400/27877 pending articles...
[2026-07-06 15:51:07] [TASK_2B] [INFO] Checkpoint saved after 5400 new articles.
[2026-07-06 15:51:08] [TASK_2B] [INFO] Checkpoint coverage: 28524/45968 unique URLs with full text (62.05%). Status: {'ok': 23987, 'restricted': 10189, 'failed': 7157, 'partial': 4537, 'fetch_failed': 98}. By source: {'cafef': {'total': 19364, 'full_text': 6157, 'coverage_pct': 31.8}, 'kinhtechungkhoan': {'total': 8513, 'full_text': 4295, 'coverage_pct': 50.45}, 'tnck': {'total': 1446, 'full_text': 1446, 'coverage_pct': 100.0}, 'vietnambiz': {'total': 3598, 'full_text': 3598, 'coverage_pct': 100.0}, 'vietstock': {'total': 11285, 'full_text': 11267, 'coverage_pct': 99.84}, 'vnexpress': {'total': 1762, 'full_text': 1761, 'coverage_pct': 99.94}}
[2026-07-06 15:51:08] [TASK_2B] [INFO] Enriched 5450/27877 pending articles...
[2026-07-06 15:51:08] [TASK_2B] [INFO] Enriched 5500/27877 pending articles...
[2026-07-06 15:51:27] [TASK_2B] [INFO] Checkpoint saved after 5500 new articles.
[2026-07-06 15:51:27] [TASK_2B] [INFO] Checkpoint coverage: 28588/45968 unique URLs with full text (62.19%). Status: {'ok': 23987, 'restricted': 10189, 'failed': 7093, 'partial': 4601, 'fetch_failed': 98}. By source: {'cafef': {'total': 19364, 'full_text': 6221, 'coverage_pct': 32.13}, 'kinhtechungkhoan': {'total': 8513, 'full_text': 4295, 'coverage_pct': 50.45}, 'tnck': {'total': 1446, 'full_text': 1446, 'coverage_pct': 100.0}, 'vietnambiz': {'total': 3598, 'full_text': 3598, 'coverage_pct': 100.0}, 'vietstock': {'total': 11285, 'full_text': 11267, 'coverage_pct': 99.84}, 'vnexpress': {'total': 1762, 'full_text': 1761, 'coverage_pct': 99.94}}
[2026-07-06 15:51:27] [TASK_2B] [INFO] Enriched 5550/27877 pending articles...
[2026-07-06 15:51:27] [TASK_2B] [INFO] Enriched 5600/27877 pending articles...
[2026-07-06 15:51:45] [TASK_2B] [INFO] Checkpoint saved after 5600 new articles.
[2026-07-06 15:51:45] [TASK_2B] [INFO] Checkpoint coverage: 28662/45968 unique URLs with full text (62.35%). Status: {'ok': 23988, 'restricted': 10189, 'failed': 7019, 'partial': 4674, 'fetch_failed': 98}. By source: {'cafef': {'total': 19364, 'full_text': 6295, 'coverage_pct': 32.51}, 'kinhtechungkhoan': {'total': 8513, 'full_text': 4295, 'coverage_pct': 50.45}, 'tnck': {'total': 1446, 'full_text': 1446, 'coverage_pct': 100.0}, 'vietnambiz': {'total': 3598, 'full_text': 3598, 'coverage_pct': 100.0}, 'vietstock': {'total': 11285, 'full_text': 11267, 'coverage_pct': 99.84}, 'vnexpress': {'total': 1762, 'full_text': 1761, 'coverage_pct': 99.94}}
[2026-07-06 15:51:45] [TASK_2B] [INFO] Enriched 5650/27877 pending articles...
[2026-07-06 15:51:45] [TASK_2B] [INFO] Enriched 5700/27877 pending articles...
[2026-07-06 15:52:07] [TASK_2B] [INFO] Checkpoint saved after 5700 new articles.
[2026-07-06 15:52:07] [TASK_2B] [INFO] Checkpoint coverage: 28753/45968 unique URLs with full text (62.55%). Status: {'ok': 23990, 'restricted': 10189, 'failed': 6928, 'partial': 4763, 'fetch_failed': 98}. By source: {'cafef': {'total': 19364, 'full_text': 6386, 'coverage_pct': 32.98}, 'kinhtechungkhoan': {'total': 8513, 'full_text': 4295, 'coverage_pct': 50.45}, 'tnck': {'total': 1446, 'full_text': 1446, 'coverage_pct': 100.0}, 'vietnambiz': {'total': 3598, 'full_text': 3598, 'coverage_pct': 100.0}, 'vietstock': {'total': 11285, 'full_text': 11267, 'coverage_pct': 99.84}, 'vnexpress': {'total': 1762, 'full_text': 1761, 'coverage_pct': 99.94}}
[2026-07-06 15:52:07] [TASK_2B] [INFO] Enriched 5750/27877 pending articles...
[2026-07-06 15:52:07] [TASK_2B] [INFO] Enriched 5800/27877 pending articles...
[2026-07-06 15:52:25] [TASK_2B] [INFO] Checkpoint saved after 5800 new articles.
[2026-07-06 15:52:25] [TASK_2B] [INFO] Checkpoint coverage: 28838/45968 unique URLs with full text (62.73%). Status: {'ok': 23993, 'restricted': 10189, 'failed': 6843, 'partial': 4845, 'fetch_failed': 98}. By source: {'cafef': {'total': 19364, 'full_text': 6471, 'coverage_pct': 33.42}, 'kinhtechungkhoan': {'total': 8513, 'full_text': 4295, 'coverage_pct': 50.45}, 'tnck': {'total': 1446, 'full_text': 1446, 'coverage_pct': 100.0}, 'vietnambiz': {'total': 3598, 'full_text': 3598, 'coverage_pct': 100.0}, 'vietstock': {'total': 11285, 'full_text': 11267, 'coverage_pct': 99.84}, 'vnexpress': {'total': 1762, 'full_text': 1761, 'coverage_pct': 99.94}}
[2026-07-06 15:52:25] [TASK_2B] [INFO] Enriched 5850/27877 pending articles...
[2026-07-06 15:52:25] [TASK_2B] [INFO] Enriched 5900/27877 pending articles...
[2026-07-06 15:52:47] [TASK_2B] [INFO] Checkpoint saved after 5900 new articles.
[2026-07-06 15:52:47] [TASK_2B] [INFO] Checkpoint coverage: 28928/45968 unique URLs with full text (62.93%). Status: {'ok': 23993, 'restricted': 10189, 'failed': 6753, 'partial': 4935, 'fetch_failed': 98}. By source: {'cafef': {'total': 19364, 'full_text': 6561, 'coverage_pct': 33.88}, 'kinhtechungkhoan': {'total': 8513, 'full_text': 4295, 'coverage_pct': 50.45}, 'tnck': {'total': 1446, 'full_text': 1446, 'coverage_pct': 100.0}, 'vietnambiz': {'total': 3598, 'full_text': 3598, 'coverage_pct': 100.0}, 'vietstock': {'total': 11285, 'full_text': 11267, 'coverage_pct': 99.84}, 'vnexpress': {'total': 1762, 'full_text': 1761, 'coverage_pct': 99.94}}
[2026-07-06 15:52:47] [TASK_2B] [INFO] Enriched 5950/27877 pending articles...
[2026-07-06 15:52:47] [TASK_2B] [INFO] Enriched 6000/27877 pending articles...
[2026-07-06 15:53:05] [TASK_2B] [INFO] Checkpoint saved after 6000 new articles.
[2026-07-06 15:53:05] [TASK_2B] [INFO] Checkpoint coverage: 29008/45968 unique URLs with full text (63.10%). Status: {'ok': 23994, 'restricted': 10189, 'failed': 6673, 'partial': 5014, 'fetch_failed': 98}. By source: {'cafef': {'total': 19364, 'full_text': 6641, 'coverage_pct': 34.3}, 'kinhtechungkhoan': {'total': 8513, 'full_text': 4295, 'coverage_pct': 50.45}, 'tnck': {'total': 1446, 'full_text': 1446, 'coverage_pct': 100.0}, 'vietnambiz': {'total': 3598, 'full_text': 3598, 'coverage_pct': 100.0}, 'vietstock': {'total': 11285, 'full_text': 11267, 'coverage_pct': 99.84}, 'vnexpress': {'total': 1762, 'full_text': 1761, 'coverage_pct': 99.94}}
[2026-07-06 15:53:05] [TASK_2B] [INFO] Enriched 6050/27877 pending articles...
[2026-07-06 15:53:05] [TASK_2B] [INFO] Enriched 6100/27877 pending articles...
[2026-07-06 15:53:23] [TASK_2B] [INFO] Checkpoint saved after 6100 new articles.
[2026-07-06 15:53:24] [TASK_2B] [INFO] Checkpoint coverage: 29093/45968 unique URLs with full text (63.29%). Status: {'ok': 23995, 'restricted': 10189, 'failed': 6588, 'partial': 5098, 'fetch_failed': 98}. By source: {'cafef': {'total': 19364, 'full_text': 6726, 'coverage_pct': 34.73}, 'kinhtechungkhoan': {'total': 8513, 'full_text': 4295, 'coverage_pct': 50.45}, 'tnck': {'total': 1446, 'full_text': 1446, 'coverage_pct': 100.0}, 'vietnambiz': {'total': 3598, 'full_text': 3598, 'coverage_pct': 100.0}, 'vietstock': {'total': 11285, 'full_text': 11267, 'coverage_pct': 99.84}, 'vnexpress': {'total': 1762, 'full_text': 1761, 'coverage_pct': 99.94}}
[2026-07-06 15:53:24] [TASK_2B] [INFO] Enriched 6150/27877 pending articles...
[2026-07-06 15:53:24] [TASK_2B] [INFO] Enriched 6200/27877 pending articles...
[2026-07-06 15:53:45] [TASK_2B] [INFO] Checkpoint saved after 6200 new articles.
[2026-07-06 15:53:45] [TASK_2B] [INFO] Checkpoint coverage: 29179/45968 unique URLs with full text (63.48%). Status: {'ok': 23995, 'restricted': 10189, 'failed': 6502, 'partial': 5184, 'fetch_failed': 98}. By source: {'cafef': {'total': 19364, 'full_text': 6812, 'coverage_pct': 35.18}, 'kinhtechungkhoan': {'total': 8513, 'full_text': 4295, 'coverage_pct': 50.45}, 'tnck': {'total': 1446, 'full_text': 1446, 'coverage_pct': 100.0}, 'vietnambiz': {'total': 3598, 'full_text': 3598, 'coverage_pct': 100.0}, 'vietstock': {'total': 11285, 'full_text': 11267, 'coverage_pct': 99.84}, 'vnexpress': {'total': 1762, 'full_text': 1761, 'coverage_pct': 99.94}}
[2026-07-06 15:53:45] [TASK_2B] [INFO] Enriched 6250/27877 pending articles...
[2026-07-06 15:53:45] [TASK_2B] [INFO] Enriched 6300/27877 pending articles...
[2026-07-06 15:54:02] [TASK_2B] [INFO] Checkpoint saved after 6300 new articles.
[2026-07-06 15:54:02] [TASK_2B] [INFO] Checkpoint coverage: 29255/45968 unique URLs with full text (63.64%). Status: {'ok': 23995, 'restricted': 10189, 'failed': 6426, 'partial': 5260, 'fetch_failed': 98}. By source: {'cafef': {'total': 19364, 'full_text': 6888, 'coverage_pct': 35.57}, 'kinhtechungkhoan': {'total': 8513, 'full_text': 4295, 'coverage_pct': 50.45}, 'tnck': {'total': 1446, 'full_text': 1446, 'coverage_pct': 100.0}, 'vietnambiz': {'total': 3598, 'full_text': 3598, 'coverage_pct': 100.0}, 'vietstock': {'total': 11285, 'full_text': 11267, 'coverage_pct': 99.84}, 'vnexpress': {'total': 1762, 'full_text': 1761, 'coverage_pct': 99.94}}
[2026-07-06 15:54:02] [TASK_2B] [INFO] Enriched 6350/27877 pending articles...
[2026-07-06 15:54:02] [TASK_2B] [INFO] Enriched 6400/27877 pending articles...
[2026-07-06 15:54:19] [TASK_2B] [INFO] Checkpoint saved after 6400 new articles.
[2026-07-06 15:54:19] [TASK_2B] [INFO] Checkpoint coverage: 29348/45968 unique URLs with full text (63.84%). Status: {'ok': 23995, 'restricted': 10189, 'failed': 6333, 'partial': 5353, 'fetch_failed': 98}. By source: {'cafef': {'total': 19364, 'full_text': 6981, 'coverage_pct': 36.05}, 'kinhtechungkhoan': {'total': 8513, 'full_text': 4295, 'coverage_pct': 50.45}, 'tnck': {'total': 1446, 'full_text': 1446, 'coverage_pct': 100.0}, 'vietnambiz': {'total': 3598, 'full_text': 3598, 'coverage_pct': 100.0}, 'vietstock': {'total': 11285, 'full_text': 11267, 'coverage_pct': 99.84}, 'vnexpress': {'total': 1762, 'full_text': 1761, 'coverage_pct': 99.94}}
[2026-07-06 15:54:19] [TASK_2B] [INFO] Enriched 6450/27877 pending articles...
[2026-07-06 15:54:19] [TASK_2B] [INFO] Enriched 6500/27877 pending articles...
[2026-07-06 15:54:37] [TASK_2B] [INFO] Checkpoint saved after 6500 new articles.
[2026-07-06 15:54:37] [TASK_2B] [INFO] Checkpoint coverage: 29421/45968 unique URLs with full text (64.00%). Status: {'ok': 23996, 'restricted': 10189, 'failed': 6260, 'partial': 5425, 'fetch_failed': 98}. By source: {'cafef': {'total': 19364, 'full_text': 7054, 'coverage_pct': 36.43}, 'kinhtechungkhoan': {'total': 8513, 'full_text': 4295, 'coverage_pct': 50.45}, 'tnck': {'total': 1446, 'full_text': 1446, 'coverage_pct': 100.0}, 'vietnambiz': {'total': 3598, 'full_text': 3598, 'coverage_pct': 100.0}, 'vietstock': {'total': 11285, 'full_text': 11267, 'coverage_pct': 99.84}, 'vnexpress': {'total': 1762, 'full_text': 1761, 'coverage_pct': 99.94}}
[2026-07-06 15:54:37] [TASK_2B] [INFO] Enriched 6550/27877 pending articles...
[2026-07-06 15:54:37] [TASK_2B] [INFO] Enriched 6600/27877 pending articles...
[2026-07-06 15:54:58] [TASK_2B] [INFO] Checkpoint saved after 6600 new articles.
[2026-07-06 15:54:58] [TASK_2B] [INFO] Checkpoint coverage: 29515/45968 unique URLs with full text (64.21%). Status: {'ok': 24000, 'restricted': 10189, 'failed': 6166, 'partial': 5515, 'fetch_failed': 98}. By source: {'cafef': {'total': 19364, 'full_text': 7148, 'coverage_pct': 36.91}, 'kinhtechungkhoan': {'total': 8513, 'full_text': 4295, 'coverage_pct': 50.45}, 'tnck': {'total': 1446, 'full_text': 1446, 'coverage_pct': 100.0}, 'vietnambiz': {'total': 3598, 'full_text': 3598, 'coverage_pct': 100.0}, 'vietstock': {'total': 11285, 'full_text': 11267, 'coverage_pct': 99.84}, 'vnexpress': {'total': 1762, 'full_text': 1761, 'coverage_pct': 99.94}}
[2026-07-06 15:54:58] [TASK_2B] [INFO] Enriched 6650/27877 pending articles...
[2026-07-06 15:54:58] [TASK_2B] [INFO] Enriched 6700/27877 pending articles...
[2026-07-06 15:55:19] [TASK_2B] [INFO] Checkpoint saved after 6700 new articles.
[2026-07-06 15:55:19] [TASK_2B] [INFO] Checkpoint coverage: 29600/45968 unique URLs with full text (64.39%). Status: {'ok': 24006, 'restricted': 10189, 'failed': 6081, 'partial': 5594, 'fetch_failed': 98}. By source: {'cafef': {'total': 19364, 'full_text': 7233, 'coverage_pct': 37.35}, 'kinhtechungkhoan': {'total': 8513, 'full_text': 4295, 'coverage_pct': 50.45}, 'tnck': {'total': 1446, 'full_text': 1446, 'coverage_pct': 100.0}, 'vietnambiz': {'total': 3598, 'full_text': 3598, 'coverage_pct': 100.0}, 'vietstock': {'total': 11285, 'full_text': 11267, 'coverage_pct': 99.84}, 'vnexpress': {'total': 1762, 'full_text': 1761, 'coverage_pct': 99.94}}
[2026-07-06 15:55:19] [TASK_2B] [INFO] Enriched 6750/27877 pending articles...
[2026-07-06 15:55:19] [TASK_2B] [INFO] Enriched 6800/27877 pending articles...
[2026-07-06 15:55:40] [TASK_2B] [INFO] Checkpoint saved after 6800 new articles.
[2026-07-06 15:55:41] [TASK_2B] [INFO] Checkpoint coverage: 29691/45968 unique URLs with full text (64.59%). Status: {'ok': 24014, 'restricted': 10189, 'failed': 5990, 'partial': 5677, 'fetch_failed': 98}. By source: {'cafef': {'total': 19364, 'full_text': 7324, 'coverage_pct': 37.82}, 'kinhtechungkhoan': {'total': 8513, 'full_text': 4295, 'coverage_pct': 50.45}, 'tnck': {'total': 1446, 'full_text': 1446, 'coverage_pct': 100.0}, 'vietnambiz': {'total': 3598, 'full_text': 3598, 'coverage_pct': 100.0}, 'vietstock': {'total': 11285, 'full_text': 11267, 'coverage_pct': 99.84}, 'vnexpress': {'total': 1762, 'full_text': 1761, 'coverage_pct': 99.94}}
[2026-07-06 15:55:41] [TASK_2B] [INFO] Enriched 6850/27877 pending articles...
[2026-07-06 15:55:41] [TASK_2B] [INFO] Enriched 6900/27877 pending articles...
[2026-07-06 15:56:00] [TASK_2B] [INFO] Checkpoint saved after 6900 new articles.
[2026-07-06 15:56:00] [TASK_2B] [INFO] Checkpoint coverage: 29783/45968 unique URLs with full text (64.79%). Status: {'ok': 24020, 'restricted': 10189, 'failed': 5898, 'partial': 5763, 'fetch_failed': 98}. By source: {'cafef': {'total': 19364, 'full_text': 7416, 'coverage_pct': 38.3}, 'kinhtechungkhoan': {'total': 8513, 'full_text': 4295, 'coverage_pct': 50.45}, 'tnck': {'total': 1446, 'full_text': 1446, 'coverage_pct': 100.0}, 'vietnambiz': {'total': 3598, 'full_text': 3598, 'coverage_pct': 100.0}, 'vietstock': {'total': 11285, 'full_text': 11267, 'coverage_pct': 99.84}, 'vnexpress': {'total': 1762, 'full_text': 1761, 'coverage_pct': 99.94}}
[2026-07-06 15:56:00] [TASK_2B] [INFO] Enriched 6950/27877 pending articles...
[2026-07-06 15:56:00] [TASK_2B] [INFO] Enriched 7000/27877 pending articles...
[2026-07-06 15:56:20] [TASK_2B] [INFO] Checkpoint saved after 7000 new articles.
[2026-07-06 15:56:21] [TASK_2B] [INFO] Checkpoint coverage: 29865/45968 unique URLs with full text (64.97%). Status: {'ok': 24022, 'restricted': 10189, 'partial': 5843, 'failed': 5816, 'fetch_failed': 98}. By source: {'cafef': {'total': 19364, 'full_text': 7498, 'coverage_pct': 38.72}, 'kinhtechungkhoan': {'total': 8513, 'full_text': 4295, 'coverage_pct': 50.45}, 'tnck': {'total': 1446, 'full_text': 1446, 'coverage_pct': 100.0}, 'vietnambiz': {'total': 3598, 'full_text': 3598, 'coverage_pct': 100.0}, 'vietstock': {'total': 11285, 'full_text': 11267, 'coverage_pct': 99.84}, 'vnexpress': {'total': 1762, 'full_text': 1761, 'coverage_pct': 99.94}}
[2026-07-06 15:56:21] [TASK_2B] [INFO] Enriched 7050/27877 pending articles...
[2026-07-06 15:56:21] [TASK_2B] [INFO] Enriched 7100/27877 pending articles...
[2026-07-06 15:56:41] [TASK_2B] [INFO] Checkpoint saved after 7100 new articles.
[2026-07-06 15:56:41] [TASK_2B] [INFO] Checkpoint coverage: 29953/45968 unique URLs with full text (65.16%). Status: {'ok': 24023, 'restricted': 10189, 'partial': 5930, 'failed': 5728, 'fetch_failed': 98}. By source: {'cafef': {'total': 19364, 'full_text': 7586, 'coverage_pct': 39.18}, 'kinhtechungkhoan': {'total': 8513, 'full_text': 4295, 'coverage_pct': 50.45}, 'tnck': {'total': 1446, 'full_text': 1446, 'coverage_pct': 100.0}, 'vietnambiz': {'total': 3598, 'full_text': 3598, 'coverage_pct': 100.0}, 'vietstock': {'total': 11285, 'full_text': 11267, 'coverage_pct': 99.84}, 'vnexpress': {'total': 1762, 'full_text': 1761, 'coverage_pct': 99.94}}
[2026-07-06 15:56:41] [TASK_2B] [INFO] Enriched 7150/27877 pending articles...
[2026-07-06 15:56:41] [TASK_2B] [INFO] Enriched 7200/27877 pending articles...
[2026-07-06 15:57:02] [TASK_2B] [INFO] Checkpoint saved after 7200 new articles.
[2026-07-06 15:57:02] [TASK_2B] [INFO] Checkpoint coverage: 30042/45968 unique URLs with full text (65.35%). Status: {'ok': 24026, 'restricted': 10189, 'partial': 6016, 'failed': 5640, 'fetch_failed': 97}. By source: {'cafef': {'total': 19364, 'full_text': 7675, 'coverage_pct': 39.64}, 'kinhtechungkhoan': {'total': 8513, 'full_text': 4295, 'coverage_pct': 50.45}, 'tnck': {'total': 1446, 'full_text': 1446, 'coverage_pct': 100.0}, 'vietnambiz': {'total': 3598, 'full_text': 3598, 'coverage_pct': 100.0}, 'vietstock': {'total': 11285, 'full_text': 11267, 'coverage_pct': 99.84}, 'vnexpress': {'total': 1762, 'full_text': 1761, 'coverage_pct': 99.94}}
[2026-07-06 15:57:02] [TASK_2B] [INFO] Enriched 7250/27877 pending articles...
[2026-07-06 15:57:02] [TASK_2B] [INFO] Enriched 7300/27877 pending articles...
[2026-07-06 15:57:24] [TASK_2B] [INFO] Checkpoint saved after 7300 new articles.
[2026-07-06 15:57:25] [TASK_2B] [INFO] Checkpoint coverage: 30135/45968 unique URLs with full text (65.56%). Status: {'ok': 24026, 'restricted': 10189, 'partial': 6109, 'failed': 5547, 'fetch_failed': 97}. By source: {'cafef': {'total': 19364, 'full_text': 7768, 'coverage_pct': 40.12}, 'kinhtechungkhoan': {'total': 8513, 'full_text': 4295, 'coverage_pct': 50.45}, 'tnck': {'total': 1446, 'full_text': 1446, 'coverage_pct': 100.0}, 'vietnambiz': {'total': 3598, 'full_text': 3598, 'coverage_pct': 100.0}, 'vietstock': {'total': 11285, 'full_text': 11267, 'coverage_pct': 99.84}, 'vnexpress': {'total': 1762, 'full_text': 1761, 'coverage_pct': 99.94}}
[2026-07-06 15:57:25] [TASK_2B] [INFO] Enriched 7350/27877 pending articles...
[2026-07-06 15:57:25] [TASK_2B] [INFO] Enriched 7400/27877 pending articles...
[2026-07-06 15:57:45] [TASK_2B] [INFO] Checkpoint saved after 7400 new articles.
[2026-07-06 15:57:45] [TASK_2B] [INFO] Checkpoint coverage: 30226/45968 unique URLs with full text (65.75%). Status: {'ok': 24026, 'restricted': 10189, 'partial': 6200, 'failed': 5456, 'fetch_failed': 97}. By source: {'cafef': {'total': 19364, 'full_text': 7859, 'coverage_pct': 40.59}, 'kinhtechungkhoan': {'total': 8513, 'full_text': 4295, 'coverage_pct': 50.45}, 'tnck': {'total': 1446, 'full_text': 1446, 'coverage_pct': 100.0}, 'vietnambiz': {'total': 3598, 'full_text': 3598, 'coverage_pct': 100.0}, 'vietstock': {'total': 11285, 'full_text': 11267, 'coverage_pct': 99.84}, 'vnexpress': {'total': 1762, 'full_text': 1761, 'coverage_pct': 99.94}}
[2026-07-06 15:57:45] [TASK_2B] [INFO] Enriched 7450/27877 pending articles...
[2026-07-06 15:57:45] [TASK_2B] [INFO] Enriched 7500/27877 pending articles...
[2026-07-06 15:58:02] [TASK_2B] [INFO] Checkpoint saved after 7500 new articles.
[2026-07-06 15:58:02] [TASK_2B] [INFO] Checkpoint coverage: 30284/45968 unique URLs with full text (65.88%). Status: {'ok': 24026, 'restricted': 10189, 'partial': 6258, 'failed': 5398, 'fetch_failed': 97}. By source: {'cafef': {'total': 19364, 'full_text': 7917, 'coverage_pct': 40.89}, 'kinhtechungkhoan': {'total': 8513, 'full_text': 4295, 'coverage_pct': 50.45}, 'tnck': {'total': 1446, 'full_text': 1446, 'coverage_pct': 100.0}, 'vietnambiz': {'total': 3598, 'full_text': 3598, 'coverage_pct': 100.0}, 'vietstock': {'total': 11285, 'full_text': 11267, 'coverage_pct': 99.84}, 'vnexpress': {'total': 1762, 'full_text': 1761, 'coverage_pct': 99.94}}
[2026-07-06 15:58:02] [TASK_2B] [INFO] Enriched 7550/27877 pending articles...
[2026-07-06 15:58:02] [TASK_2B] [INFO] Enriched 7600/27877 pending articles...
[2026-07-06 15:58:20] [TASK_2B] [INFO] Checkpoint saved after 7600 new articles.
[2026-07-06 15:58:21] [TASK_2B] [INFO] Checkpoint coverage: 30340/45968 unique URLs with full text (66.00%). Status: {'ok': 24027, 'restricted': 10189, 'partial': 6313, 'failed': 5342, 'fetch_failed': 97}. By source: {'cafef': {'total': 19364, 'full_text': 7973, 'coverage_pct': 41.17}, 'kinhtechungkhoan': {'total': 8513, 'full_text': 4295, 'coverage_pct': 50.45}, 'tnck': {'total': 1446, 'full_text': 1446, 'coverage_pct': 100.0}, 'vietnambiz': {'total': 3598, 'full_text': 3598, 'coverage_pct': 100.0}, 'vietstock': {'total': 11285, 'full_text': 11267, 'coverage_pct': 99.84}, 'vnexpress': {'total': 1762, 'full_text': 1761, 'coverage_pct': 99.94}}
[2026-07-06 15:58:21] [TASK_2B] [INFO] Enriched 7650/27877 pending articles...
[2026-07-06 15:58:21] [TASK_2B] [INFO] Enriched 7700/27877 pending articles...
[2026-07-06 15:58:40] [TASK_2B] [INFO] Checkpoint saved after 7700 new articles.
[2026-07-06 15:58:41] [TASK_2B] [INFO] Checkpoint coverage: 30419/45968 unique URLs with full text (66.17%). Status: {'ok': 24027, 'restricted': 10189, 'partial': 6392, 'failed': 5263, 'fetch_failed': 97}. By source: {'cafef': {'total': 19364, 'full_text': 8052, 'coverage_pct': 41.58}, 'kinhtechungkhoan': {'total': 8513, 'full_text': 4295, 'coverage_pct': 50.45}, 'tnck': {'total': 1446, 'full_text': 1446, 'coverage_pct': 100.0}, 'vietnambiz': {'total': 3598, 'full_text': 3598, 'coverage_pct': 100.0}, 'vietstock': {'total': 11285, 'full_text': 11267, 'coverage_pct': 99.84}, 'vnexpress': {'total': 1762, 'full_text': 1761, 'coverage_pct': 99.94}}
[2026-07-06 15:58:41] [TASK_2B] [INFO] Enriched 7750/27877 pending articles...
[2026-07-06 15:58:41] [TASK_2B] [INFO] Enriched 7800/27877 pending articles...
[2026-07-06 15:59:04] [TASK_2B] [INFO] Checkpoint saved after 7800 new articles.
[2026-07-06 15:59:04] [TASK_2B] [INFO] Checkpoint coverage: 30499/45968 unique URLs with full text (66.35%). Status: {'ok': 24028, 'restricted': 10189, 'partial': 6471, 'failed': 5183, 'fetch_failed': 97}. By source: {'cafef': {'total': 19364, 'full_text': 8132, 'coverage_pct': 42.0}, 'kinhtechungkhoan': {'total': 8513, 'full_text': 4295, 'coverage_pct': 50.45}, 'tnck': {'total': 1446, 'full_text': 1446, 'coverage_pct': 100.0}, 'vietnambiz': {'total': 3598, 'full_text': 3598, 'coverage_pct': 100.0}, 'vietstock': {'total': 11285, 'full_text': 11267, 'coverage_pct': 99.84}, 'vnexpress': {'total': 1762, 'full_text': 1761, 'coverage_pct': 99.94}}
[2026-07-06 15:59:04] [TASK_2B] [INFO] Enriched 7850/27877 pending articles...
[2026-07-06 15:59:04] [TASK_2B] [INFO] Enriched 7900/27877 pending articles...
[2026-07-06 15:59:24] [TASK_2B] [INFO] Checkpoint saved after 7900 new articles.
[2026-07-06 15:59:24] [TASK_2B] [INFO] Checkpoint coverage: 30597/45968 unique URLs with full text (66.56%). Status: {'ok': 24031, 'restricted': 10189, 'partial': 6566, 'failed': 5085, 'fetch_failed': 97}. By source: {'cafef': {'total': 19364, 'full_text': 8230, 'coverage_pct': 42.5}, 'kinhtechungkhoan': {'total': 8513, 'full_text': 4295, 'coverage_pct': 50.45}, 'tnck': {'total': 1446, 'full_text': 1446, 'coverage_pct': 100.0}, 'vietnambiz': {'total': 3598, 'full_text': 3598, 'coverage_pct': 100.0}, 'vietstock': {'total': 11285, 'full_text': 11267, 'coverage_pct': 99.84}, 'vnexpress': {'total': 1762, 'full_text': 1761, 'coverage_pct': 99.94}}
[2026-07-06 15:59:24] [TASK_2B] [INFO] Enriched 7950/27877 pending articles...
[2026-07-06 15:59:24] [TASK_2B] [INFO] Enriched 8000/27877 pending articles...
[2026-07-06 15:59:42] [TASK_2B] [INFO] Checkpoint saved after 8000 new articles.
[2026-07-06 15:59:43] [TASK_2B] [INFO] Checkpoint coverage: 30680/45968 unique URLs with full text (66.74%). Status: {'ok': 24034, 'restricted': 10189, 'partial': 6646, 'failed': 5002, 'fetch_failed': 97}. By source: {'cafef': {'total': 19364, 'full_text': 8313, 'coverage_pct': 42.93}, 'kinhtechungkhoan': {'total': 8513, 'full_text': 4295, 'coverage_pct': 50.45}, 'tnck': {'total': 1446, 'full_text': 1446, 'coverage_pct': 100.0}, 'vietnambiz': {'total': 3598, 'full_text': 3598, 'coverage_pct': 100.0}, 'vietstock': {'total': 11285, 'full_text': 11267, 'coverage_pct': 99.84}, 'vnexpress': {'total': 1762, 'full_text': 1761, 'coverage_pct': 99.94}}
[2026-07-06 15:59:43] [TASK_2B] [INFO] Enriched 8050/27877 pending articles...
[2026-07-06 15:59:43] [TASK_2B] [INFO] Enriched 8100/27877 pending articles...
[2026-07-06 16:00:02] [TASK_2B] [INFO] Checkpoint saved after 8100 new articles.
[2026-07-06 16:00:02] [TASK_2B] [INFO] Checkpoint coverage: 30756/45968 unique URLs with full text (66.91%). Status: {'ok': 24038, 'restricted': 10189, 'partial': 6718, 'failed': 4926, 'fetch_failed': 97}. By source: {'cafef': {'total': 19364, 'full_text': 8389, 'coverage_pct': 43.32}, 'kinhtechungkhoan': {'total': 8513, 'full_text': 4295, 'coverage_pct': 50.45}, 'tnck': {'total': 1446, 'full_text': 1446, 'coverage_pct': 100.0}, 'vietnambiz': {'total': 3598, 'full_text': 3598, 'coverage_pct': 100.0}, 'vietstock': {'total': 11285, 'full_text': 11267, 'coverage_pct': 99.84}, 'vnexpress': {'total': 1762, 'full_text': 1761, 'coverage_pct': 99.94}}
[2026-07-06 16:00:02] [TASK_2B] [INFO] Enriched 8150/27877 pending articles...
[2026-07-06 16:00:02] [TASK_2B] [INFO] Enriched 8200/27877 pending articles...
[2026-07-06 16:00:23] [TASK_2B] [INFO] Checkpoint saved after 8200 new articles.
[2026-07-06 16:00:23] [TASK_2B] [INFO] Checkpoint coverage: 30831/45968 unique URLs with full text (67.07%). Status: {'ok': 24044, 'restricted': 10189, 'partial': 6787, 'failed': 4851, 'fetch_failed': 97}. By source: {'cafef': {'total': 19364, 'full_text': 8464, 'coverage_pct': 43.71}, 'kinhtechungkhoan': {'total': 8513, 'full_text': 4295, 'coverage_pct': 50.45}, 'tnck': {'total': 1446, 'full_text': 1446, 'coverage_pct': 100.0}, 'vietnambiz': {'total': 3598, 'full_text': 3598, 'coverage_pct': 100.0}, 'vietstock': {'total': 11285, 'full_text': 11267, 'coverage_pct': 99.84}, 'vnexpress': {'total': 1762, 'full_text': 1761, 'coverage_pct': 99.94}}
[2026-07-06 16:00:23] [TASK_2B] [INFO] Enriched 8250/27877 pending articles...
[2026-07-06 16:00:23] [TASK_2B] [INFO] Enriched 8300/27877 pending articles...
[2026-07-06 16:00:46] [TASK_2B] [INFO] Checkpoint saved after 8300 new articles.
[2026-07-06 16:00:46] [TASK_2B] [INFO] Checkpoint coverage: 30926/45968 unique URLs with full text (67.28%). Status: {'ok': 24047, 'restricted': 10189, 'partial': 6879, 'failed': 4756, 'fetch_failed': 97}. By source: {'cafef': {'total': 19364, 'full_text': 8559, 'coverage_pct': 44.2}, 'kinhtechungkhoan': {'total': 8513, 'full_text': 4295, 'coverage_pct': 50.45}, 'tnck': {'total': 1446, 'full_text': 1446, 'coverage_pct': 100.0}, 'vietnambiz': {'total': 3598, 'full_text': 3598, 'coverage_pct': 100.0}, 'vietstock': {'total': 11285, 'full_text': 11267, 'coverage_pct': 99.84}, 'vnexpress': {'total': 1762, 'full_text': 1761, 'coverage_pct': 99.94}}
[2026-07-06 16:00:46] [TASK_2B] [INFO] Enriched 8350/27877 pending articles...
[2026-07-06 16:00:46] [TASK_2B] [INFO] Enriched 8400/27877 pending articles...
[2026-07-06 16:01:07] [TASK_2B] [INFO] Checkpoint saved after 8400 new articles.
[2026-07-06 16:01:07] [TASK_2B] [INFO] Checkpoint coverage: 31025/45968 unique URLs with full text (67.49%). Status: {'ok': 24054, 'restricted': 10189, 'partial': 6971, 'failed': 4657, 'fetch_failed': 97}. By source: {'cafef': {'total': 19364, 'full_text': 8658, 'coverage_pct': 44.71}, 'kinhtechungkhoan': {'total': 8513, 'full_text': 4295, 'coverage_pct': 50.45}, 'tnck': {'total': 1446, 'full_text': 1446, 'coverage_pct': 100.0}, 'vietnambiz': {'total': 3598, 'full_text': 3598, 'coverage_pct': 100.0}, 'vietstock': {'total': 11285, 'full_text': 11267, 'coverage_pct': 99.84}, 'vnexpress': {'total': 1762, 'full_text': 1761, 'coverage_pct': 99.94}}
[2026-07-06 16:01:07] [TASK_2B] [INFO] Enriched 8450/27877 pending articles...
[2026-07-06 16:01:07] [TASK_2B] [INFO] Enriched 8500/27877 pending articles...
[2026-07-06 16:01:24] [TASK_2B] [INFO] Checkpoint saved after 8500 new articles.
[2026-07-06 16:01:24] [TASK_2B] [INFO] Checkpoint coverage: 31122/45968 unique URLs with full text (67.70%). Status: {'ok': 24055, 'restricted': 10189, 'partial': 7067, 'failed': 4560, 'fetch_failed': 97}. By source: {'cafef': {'total': 19364, 'full_text': 8755, 'coverage_pct': 45.21}, 'kinhtechungkhoan': {'total': 8513, 'full_text': 4295, 'coverage_pct': 50.45}, 'tnck': {'total': 1446, 'full_text': 1446, 'coverage_pct': 100.0}, 'vietnambiz': {'total': 3598, 'full_text': 3598, 'coverage_pct': 100.0}, 'vietstock': {'total': 11285, 'full_text': 11267, 'coverage_pct': 99.84}, 'vnexpress': {'total': 1762, 'full_text': 1761, 'coverage_pct': 99.94}}
[2026-07-06 16:01:24] [TASK_2B] [INFO] Enriched 8550/27877 pending articles...
[2026-07-06 16:01:24] [TASK_2B] [INFO] Enriched 8600/27877 pending articles...
[2026-07-06 16:01:41] [TASK_2B] [INFO] Checkpoint saved after 8600 new articles.
[2026-07-06 16:01:41] [TASK_2B] [INFO] Checkpoint coverage: 31222/45968 unique URLs with full text (67.92%). Status: {'ok': 24056, 'restricted': 10189, 'partial': 7166, 'failed': 4460, 'fetch_failed': 97}. By source: {'cafef': {'total': 19364, 'full_text': 8855, 'coverage_pct': 45.73}, 'kinhtechungkhoan': {'total': 8513, 'full_text': 4295, 'coverage_pct': 50.45}, 'tnck': {'total': 1446, 'full_text': 1446, 'coverage_pct': 100.0}, 'vietnambiz': {'total': 3598, 'full_text': 3598, 'coverage_pct': 100.0}, 'vietstock': {'total': 11285, 'full_text': 11267, 'coverage_pct': 99.84}, 'vnexpress': {'total': 1762, 'full_text': 1761, 'coverage_pct': 99.94}}
[2026-07-06 16:01:41] [TASK_2B] [INFO] Enriched 8650/27877 pending articles...
[2026-07-06 16:01:41] [TASK_2B] [INFO] Enriched 8700/27877 pending articles...
[2026-07-06 16:02:05] [TASK_2B] [INFO] Checkpoint saved after 8700 new articles.
[2026-07-06 16:02:05] [TASK_2B] [INFO] Checkpoint coverage: 31322/45968 unique URLs with full text (68.14%). Status: {'ok': 24060, 'restricted': 10189, 'partial': 7262, 'failed': 4360, 'fetch_failed': 97}. By source: {'cafef': {'total': 19364, 'full_text': 8955, 'coverage_pct': 46.25}, 'kinhtechungkhoan': {'total': 8513, 'full_text': 4295, 'coverage_pct': 50.45}, 'tnck': {'total': 1446, 'full_text': 1446, 'coverage_pct': 100.0}, 'vietnambiz': {'total': 3598, 'full_text': 3598, 'coverage_pct': 100.0}, 'vietstock': {'total': 11285, 'full_text': 11267, 'coverage_pct': 99.84}, 'vnexpress': {'total': 1762, 'full_text': 1761, 'coverage_pct': 99.94}}
[2026-07-06 16:02:05] [TASK_2B] [INFO] Enriched 8750/27877 pending articles...
[2026-07-06 16:02:05] [TASK_2B] [INFO] Enriched 8800/27877 pending articles...
[2026-07-06 16:02:25] [TASK_2B] [INFO] Checkpoint saved after 8800 new articles.
[2026-07-06 16:02:25] [TASK_2B] [INFO] Checkpoint coverage: 31422/45968 unique URLs with full text (68.36%). Status: {'ok': 24068, 'restricted': 10189, 'partial': 7354, 'failed': 4260, 'fetch_failed': 97}. By source: {'cafef': {'total': 19364, 'full_text': 9055, 'coverage_pct': 46.76}, 'kinhtechungkhoan': {'total': 8513, 'full_text': 4295, 'coverage_pct': 50.45}, 'tnck': {'total': 1446, 'full_text': 1446, 'coverage_pct': 100.0}, 'vietnambiz': {'total': 3598, 'full_text': 3598, 'coverage_pct': 100.0}, 'vietstock': {'total': 11285, 'full_text': 11267, 'coverage_pct': 99.84}, 'vnexpress': {'total': 1762, 'full_text': 1761, 'coverage_pct': 99.94}}
[2026-07-06 16:02:25] [TASK_2B] [INFO] Enriched 8850/27877 pending articles...
[2026-07-06 16:02:25] [TASK_2B] [INFO] Enriched 8900/27877 pending articles...
[2026-07-06 16:02:46] [TASK_2B] [INFO] Checkpoint saved after 8900 new articles.
[2026-07-06 16:02:46] [TASK_2B] [INFO] Checkpoint coverage: 31520/45968 unique URLs with full text (68.57%). Status: {'ok': 24072, 'restricted': 10189, 'partial': 7448, 'failed': 4162, 'fetch_failed': 97}. By source: {'cafef': {'total': 19364, 'full_text': 9153, 'coverage_pct': 47.27}, 'kinhtechungkhoan': {'total': 8513, 'full_text': 4295, 'coverage_pct': 50.45}, 'tnck': {'total': 1446, 'full_text': 1446, 'coverage_pct': 100.0}, 'vietnambiz': {'total': 3598, 'full_text': 3598, 'coverage_pct': 100.0}, 'vietstock': {'total': 11285, 'full_text': 11267, 'coverage_pct': 99.84}, 'vnexpress': {'total': 1762, 'full_text': 1761, 'coverage_pct': 99.94}}
[2026-07-06 16:02:46] [TASK_2B] [INFO] Enriched 8950/27877 pending articles...
[2026-07-06 16:02:46] [TASK_2B] [INFO] Enriched 9000/27877 pending articles...
[2026-07-06 16:03:06] [TASK_2B] [INFO] Checkpoint saved after 9000 new articles.
[2026-07-06 16:03:06] [TASK_2B] [INFO] Checkpoint coverage: 31613/45968 unique URLs with full text (68.77%). Status: {'ok': 24073, 'restricted': 10113, 'partial': 7540, 'failed': 4145, 'fetch_failed': 97}. By source: {'cafef': {'total': 19364, 'full_text': 9246, 'coverage_pct': 47.75}, 'kinhtechungkhoan': {'total': 8513, 'full_text': 4295, 'coverage_pct': 50.45}, 'tnck': {'total': 1446, 'full_text': 1446, 'coverage_pct': 100.0}, 'vietnambiz': {'total': 3598, 'full_text': 3598, 'coverage_pct': 100.0}, 'vietstock': {'total': 11285, 'full_text': 11267, 'coverage_pct': 99.84}, 'vnexpress': {'total': 1762, 'full_text': 1761, 'coverage_pct': 99.94}}
[2026-07-06 16:03:06] [TASK_2B] [INFO] Enriched 9050/27877 pending articles...
[2026-07-06 16:03:06] [TASK_2B] [INFO] Enriched 9100/27877 pending articles...
[2026-07-06 16:03:24] [TASK_2B] [INFO] Checkpoint saved after 9100 new articles.
[2026-07-06 16:03:24] [TASK_2B] [INFO] Checkpoint coverage: 31710/45968 unique URLs with full text (68.98%). Status: {'ok': 24076, 'restricted': 10016, 'partial': 7634, 'failed': 4145, 'fetch_failed': 97}. By source: {'cafef': {'total': 19364, 'full_text': 9343, 'coverage_pct': 48.25}, 'kinhtechungkhoan': {'total': 8513, 'full_text': 4295, 'coverage_pct': 50.45}, 'tnck': {'total': 1446, 'full_text': 1446, 'coverage_pct': 100.0}, 'vietnambiz': {'total': 3598, 'full_text': 3598, 'coverage_pct': 100.0}, 'vietstock': {'total': 11285, 'full_text': 11267, 'coverage_pct': 99.84}, 'vnexpress': {'total': 1762, 'full_text': 1761, 'coverage_pct': 99.94}}
[2026-07-06 16:03:24] [TASK_2B] [INFO] Enriched 9150/27877 pending articles...
[2026-07-06 16:03:24] [TASK_2B] [INFO] Enriched 9200/27877 pending articles...
[2026-07-06 16:03:42] [TASK_2B] [INFO] Checkpoint saved after 9200 new articles.
[2026-07-06 16:03:42] [TASK_2B] [INFO] Checkpoint coverage: 31804/45968 unique URLs with full text (69.19%). Status: {'ok': 24077, 'restricted': 9922, 'partial': 7727, 'failed': 4145, 'fetch_failed': 97}. By source: {'cafef': {'total': 19364, 'full_text': 9437, 'coverage_pct': 48.73}, 'kinhtechungkhoan': {'total': 8513, 'full_text': 4295, 'coverage_pct': 50.45}, 'tnck': {'total': 1446, 'full_text': 1446, 'coverage_pct': 100.0}, 'vietnambiz': {'total': 3598, 'full_text': 3598, 'coverage_pct': 100.0}, 'vietstock': {'total': 11285, 'full_text': 11267, 'coverage_pct': 99.84}, 'vnexpress': {'total': 1762, 'full_text': 1761, 'coverage_pct': 99.94}}
[2026-07-06 16:03:42] [TASK_2B] [INFO] Enriched 9250/27877 pending articles...
[2026-07-06 16:03:42] [TASK_2B] [INFO] Enriched 9300/27877 pending articles...
[2026-07-06 16:03:59] [TASK_2B] [INFO] Checkpoint saved after 9300 new articles.
[2026-07-06 16:04:00] [TASK_2B] [INFO] Checkpoint coverage: 31894/45968 unique URLs with full text (69.38%). Status: {'ok': 24077, 'restricted': 9832, 'partial': 7817, 'failed': 4145, 'fetch_failed': 97}. By source: {'cafef': {'total': 19364, 'full_text': 9527, 'coverage_pct': 49.2}, 'kinhtechungkhoan': {'total': 8513, 'full_text': 4295, 'coverage_pct': 50.45}, 'tnck': {'total': 1446, 'full_text': 1446, 'coverage_pct': 100.0}, 'vietnambiz': {'total': 3598, 'full_text': 3598, 'coverage_pct': 100.0}, 'vietstock': {'total': 11285, 'full_text': 11267, 'coverage_pct': 99.84}, 'vnexpress': {'total': 1762, 'full_text': 1761, 'coverage_pct': 99.94}}
[2026-07-06 16:04:00] [TASK_2B] [INFO] Enriched 9350/27877 pending articles...
[2026-07-06 16:04:00] [TASK_2B] [INFO] Enriched 9400/27877 pending articles...
[2026-07-06 16:04:19] [TASK_2B] [INFO] Checkpoint saved after 9400 new articles.
[2026-07-06 16:04:19] [TASK_2B] [INFO] Checkpoint coverage: 31986/45968 unique URLs with full text (69.58%). Status: {'ok': 24077, 'restricted': 9740, 'partial': 7909, 'failed': 4145, 'fetch_failed': 97}. By source: {'cafef': {'total': 19364, 'full_text': 9619, 'coverage_pct': 49.67}, 'kinhtechungkhoan': {'total': 8513, 'full_text': 4295, 'coverage_pct': 50.45}, 'tnck': {'total': 1446, 'full_text': 1446, 'coverage_pct': 100.0}, 'vietnambiz': {'total': 3598, 'full_text': 3598, 'coverage_pct': 100.0}, 'vietstock': {'total': 11285, 'full_text': 11267, 'coverage_pct': 99.84}, 'vnexpress': {'total': 1762, 'full_text': 1761, 'coverage_pct': 99.94}}
[2026-07-06 16:04:19] [TASK_2B] [INFO] Enriched 9450/27877 pending articles...
[2026-07-06 16:04:19] [TASK_2B] [INFO] Enriched 9500/27877 pending articles...
[2026-07-06 16:04:40] [TASK_2B] [INFO] Checkpoint saved after 9500 new articles.
[2026-07-06 16:04:40] [TASK_2B] [INFO] Checkpoint coverage: 32070/45968 unique URLs with full text (69.77%). Status: {'ok': 24080, 'restricted': 9656, 'partial': 7990, 'failed': 4145, 'fetch_failed': 97}. By source: {'cafef': {'total': 19364, 'full_text': 9703, 'coverage_pct': 50.11}, 'kinhtechungkhoan': {'total': 8513, 'full_text': 4295, 'coverage_pct': 50.45}, 'tnck': {'total': 1446, 'full_text': 1446, 'coverage_pct': 100.0}, 'vietnambiz': {'total': 3598, 'full_text': 3598, 'coverage_pct': 100.0}, 'vietstock': {'total': 11285, 'full_text': 11267, 'coverage_pct': 99.84}, 'vnexpress': {'total': 1762, 'full_text': 1761, 'coverage_pct': 99.94}}
[2026-07-06 16:04:40] [TASK_2B] [INFO] Enriched 9550/27877 pending articles...
[2026-07-06 16:04:40] [TASK_2B] [INFO] Enriched 9600/27877 pending articles...
[2026-07-06 16:05:01] [TASK_2B] [INFO] Checkpoint saved after 9600 new articles.
[2026-07-06 16:05:01] [TASK_2B] [INFO] Checkpoint coverage: 32146/45968 unique URLs with full text (69.93%). Status: {'ok': 24080, 'restricted': 9580, 'partial': 8066, 'failed': 4145, 'fetch_failed': 97}. By source: {'cafef': {'total': 19364, 'full_text': 9779, 'coverage_pct': 50.5}, 'kinhtechungkhoan': {'total': 8513, 'full_text': 4295, 'coverage_pct': 50.45}, 'tnck': {'total': 1446, 'full_text': 1446, 'coverage_pct': 100.0}, 'vietnambiz': {'total': 3598, 'full_text': 3598, 'coverage_pct': 100.0}, 'vietstock': {'total': 11285, 'full_text': 11267, 'coverage_pct': 99.84}, 'vnexpress': {'total': 1762, 'full_text': 1761, 'coverage_pct': 99.94}}
[2026-07-06 16:05:01] [TASK_2B] [INFO] Enriched 9650/27877 pending articles...
[2026-07-06 16:05:01] [TASK_2B] [INFO] Enriched 9700/27877 pending articles...
[2026-07-06 16:05:19] [TASK_2B] [INFO] Checkpoint saved after 9700 new articles.
[2026-07-06 16:05:19] [TASK_2B] [INFO] Checkpoint coverage: 32238/45968 unique URLs with full text (70.13%). Status: {'ok': 24080, 'restricted': 9488, 'partial': 8158, 'failed': 4145, 'fetch_failed': 97}. By source: {'cafef': {'total': 19364, 'full_text': 9871, 'coverage_pct': 50.98}, 'kinhtechungkhoan': {'total': 8513, 'full_text': 4295, 'coverage_pct': 50.45}, 'tnck': {'total': 1446, 'full_text': 1446, 'coverage_pct': 100.0}, 'vietnambiz': {'total': 3598, 'full_text': 3598, 'coverage_pct': 100.0}, 'vietstock': {'total': 11285, 'full_text': 11267, 'coverage_pct': 99.84}, 'vnexpress': {'total': 1762, 'full_text': 1761, 'coverage_pct': 99.94}}
[2026-07-06 16:05:19] [TASK_2B] [INFO] Enriched 9750/27877 pending articles...
[2026-07-06 16:05:19] [TASK_2B] [INFO] Enriched 9800/27877 pending articles...
[2026-07-06 16:05:39] [TASK_2B] [INFO] Checkpoint saved after 9800 new articles.
[2026-07-06 16:05:39] [TASK_2B] [INFO] Checkpoint coverage: 32324/45968 unique URLs with full text (70.32%). Status: {'ok': 24081, 'restricted': 9402, 'partial': 8243, 'failed': 4145, 'fetch_failed': 97}. By source: {'cafef': {'total': 19364, 'full_text': 9957, 'coverage_pct': 51.42}, 'kinhtechungkhoan': {'total': 8513, 'full_text': 4295, 'coverage_pct': 50.45}, 'tnck': {'total': 1446, 'full_text': 1446, 'coverage_pct': 100.0}, 'vietnambiz': {'total': 3598, 'full_text': 3598, 'coverage_pct': 100.0}, 'vietstock': {'total': 11285, 'full_text': 11267, 'coverage_pct': 99.84}, 'vnexpress': {'total': 1762, 'full_text': 1761, 'coverage_pct': 99.94}}
[2026-07-06 16:05:39] [TASK_2B] [INFO] Enriched 9850/27877 pending articles...
[2026-07-06 16:05:39] [TASK_2B] [INFO] Enriched 9900/27877 pending articles...
[2026-07-06 16:06:02] [TASK_2B] [INFO] Checkpoint saved after 9900 new articles.
[2026-07-06 16:06:02] [TASK_2B] [INFO] Checkpoint coverage: 32420/45968 unique URLs with full text (70.53%). Status: {'ok': 24084, 'restricted': 9306, 'partial': 8336, 'failed': 4145, 'fetch_failed': 97}. By source: {'cafef': {'total': 19364, 'full_text': 10053, 'coverage_pct': 51.92}, 'kinhtechungkhoan': {'total': 8513, 'full_text': 4295, 'coverage_pct': 50.45}, 'tnck': {'total': 1446, 'full_text': 1446, 'coverage_pct': 100.0}, 'vietnambiz': {'total': 3598, 'full_text': 3598, 'coverage_pct': 100.0}, 'vietstock': {'total': 11285, 'full_text': 11267, 'coverage_pct': 99.84}, 'vnexpress': {'total': 1762, 'full_text': 1761, 'coverage_pct': 99.94}}
[2026-07-06 16:06:02] [TASK_2B] [INFO] Enriched 9950/27877 pending articles...
[2026-07-06 16:06:02] [TASK_2B] [INFO] Enriched 10000/27877 pending articles...
[2026-07-06 16:06:26] [TASK_2B] [INFO] Checkpoint saved after 10000 new articles.
[2026-07-06 16:06:26] [TASK_2B] [INFO] Checkpoint coverage: 32509/45968 unique URLs with full text (70.72%). Status: {'ok': 24086, 'restricted': 9217, 'partial': 8423, 'failed': 4145, 'fetch_failed': 97}. By source: {'cafef': {'total': 19364, 'full_text': 10142, 'coverage_pct': 52.38}, 'kinhtechungkhoan': {'total': 8513, 'full_text': 4295, 'coverage_pct': 50.45}, 'tnck': {'total': 1446, 'full_text': 1446, 'coverage_pct': 100.0}, 'vietnambiz': {'total': 3598, 'full_text': 3598, 'coverage_pct': 100.0}, 'vietstock': {'total': 11285, 'full_text': 11267, 'coverage_pct': 99.84}, 'vnexpress': {'total': 1762, 'full_text': 1761, 'coverage_pct': 99.94}}
[2026-07-06 16:06:26] [TASK_2B] [INFO] Enriched 10050/27877 pending articles...
[2026-07-06 16:06:26] [TASK_2B] [INFO] Enriched 10100/27877 pending articles...
[2026-07-06 16:06:44] [TASK_2B] [INFO] Checkpoint saved after 10100 new articles.
[2026-07-06 16:06:44] [TASK_2B] [INFO] Checkpoint coverage: 32601/45968 unique URLs with full text (70.92%). Status: {'ok': 24087, 'restricted': 9125, 'partial': 8514, 'failed': 4145, 'fetch_failed': 97}. By source: {'cafef': {'total': 19364, 'full_text': 10234, 'coverage_pct': 52.85}, 'kinhtechungkhoan': {'total': 8513, 'full_text': 4295, 'coverage_pct': 50.45}, 'tnck': {'total': 1446, 'full_text': 1446, 'coverage_pct': 100.0}, 'vietnambiz': {'total': 3598, 'full_text': 3598, 'coverage_pct': 100.0}, 'vietstock': {'total': 11285, 'full_text': 11267, 'coverage_pct': 99.84}, 'vnexpress': {'total': 1762, 'full_text': 1761, 'coverage_pct': 99.94}}
[2026-07-06 16:06:44] [TASK_2B] [INFO] Enriched 10150/27877 pending articles...
[2026-07-06 16:06:44] [TASK_2B] [INFO] Enriched 10200/27877 pending articles...
[2026-07-06 16:07:04] [TASK_2B] [INFO] Checkpoint saved after 10200 new articles.
[2026-07-06 16:07:04] [TASK_2B] [INFO] Checkpoint coverage: 32691/45968 unique URLs with full text (71.12%). Status: {'ok': 24087, 'restricted': 9036, 'partial': 8604, 'failed': 4145, 'fetch_failed': 96}. By source: {'cafef': {'total': 19364, 'full_text': 10324, 'coverage_pct': 53.32}, 'kinhtechungkhoan': {'total': 8513, 'full_text': 4295, 'coverage_pct': 50.45}, 'tnck': {'total': 1446, 'full_text': 1446, 'coverage_pct': 100.0}, 'vietnambiz': {'total': 3598, 'full_text': 3598, 'coverage_pct': 100.0}, 'vietstock': {'total': 11285, 'full_text': 11267, 'coverage_pct': 99.84}, 'vnexpress': {'total': 1762, 'full_text': 1761, 'coverage_pct': 99.94}}
[2026-07-06 16:07:04] [TASK_2B] [INFO] Enriched 10250/27877 pending articles...
[2026-07-06 16:07:04] [TASK_2B] [INFO] Enriched 10300/27877 pending articles...
[2026-07-06 16:07:22] [TASK_2B] [INFO] Checkpoint saved after 10300 new articles.
[2026-07-06 16:07:22] [TASK_2B] [INFO] Checkpoint coverage: 32787/45968 unique URLs with full text (71.33%). Status: {'ok': 24090, 'restricted': 8940, 'partial': 8697, 'failed': 4145, 'fetch_failed': 96}. By source: {'cafef': {'total': 19364, 'full_text': 10420, 'coverage_pct': 53.81}, 'kinhtechungkhoan': {'total': 8513, 'full_text': 4295, 'coverage_pct': 50.45}, 'tnck': {'total': 1446, 'full_text': 1446, 'coverage_pct': 100.0}, 'vietnambiz': {'total': 3598, 'full_text': 3598, 'coverage_pct': 100.0}, 'vietstock': {'total': 11285, 'full_text': 11267, 'coverage_pct': 99.84}, 'vnexpress': {'total': 1762, 'full_text': 1761, 'coverage_pct': 99.94}}
[2026-07-06 16:07:22] [TASK_2B] [INFO] Enriched 10350/27877 pending articles...
[2026-07-06 16:07:22] [TASK_2B] [INFO] Enriched 10400/27877 pending articles...
[2026-07-06 16:07:44] [TASK_2B] [INFO] Checkpoint saved after 10400 new articles.
[2026-07-06 16:07:44] [TASK_2B] [INFO] Checkpoint coverage: 32887/45968 unique URLs with full text (71.54%). Status: {'ok': 24092, 'restricted': 8840, 'partial': 8795, 'failed': 4145, 'fetch_failed': 96}. By source: {'cafef': {'total': 19364, 'full_text': 10520, 'coverage_pct': 54.33}, 'kinhtechungkhoan': {'total': 8513, 'full_text': 4295, 'coverage_pct': 50.45}, 'tnck': {'total': 1446, 'full_text': 1446, 'coverage_pct': 100.0}, 'vietnambiz': {'total': 3598, 'full_text': 3598, 'coverage_pct': 100.0}, 'vietstock': {'total': 11285, 'full_text': 11267, 'coverage_pct': 99.84}, 'vnexpress': {'total': 1762, 'full_text': 1761, 'coverage_pct': 99.94}}
[2026-07-06 16:07:44] [TASK_2B] [INFO] Enriched 10450/27877 pending articles...
[2026-07-06 16:07:44] [TASK_2B] [INFO] Enriched 10500/27877 pending articles...
[2026-07-06 16:08:05] [TASK_2B] [INFO] Checkpoint saved after 10500 new articles.
[2026-07-06 16:08:05] [TASK_2B] [INFO] Checkpoint coverage: 32975/45968 unique URLs with full text (71.73%). Status: {'ok': 24092, 'partial': 8883, 'restricted': 8752, 'failed': 4145, 'fetch_failed': 96}. By source: {'cafef': {'total': 19364, 'full_text': 10608, 'coverage_pct': 54.78}, 'kinhtechungkhoan': {'total': 8513, 'full_text': 4295, 'coverage_pct': 50.45}, 'tnck': {'total': 1446, 'full_text': 1446, 'coverage_pct': 100.0}, 'vietnambiz': {'total': 3598, 'full_text': 3598, 'coverage_pct': 100.0}, 'vietstock': {'total': 11285, 'full_text': 11267, 'coverage_pct': 99.84}, 'vnexpress': {'total': 1762, 'full_text': 1761, 'coverage_pct': 99.94}}
[2026-07-06 16:08:05] [TASK_2B] [INFO] Enriched 10550/27877 pending articles...
[2026-07-06 16:08:05] [TASK_2B] [INFO] Enriched 10600/27877 pending articles...
[2026-07-06 16:08:26] [TASK_2B] [INFO] Checkpoint saved after 10600 new articles.
[2026-07-06 16:08:26] [TASK_2B] [INFO] Checkpoint coverage: 33061/45968 unique URLs with full text (71.92%). Status: {'ok': 24095, 'partial': 8966, 'restricted': 8666, 'failed': 4145, 'fetch_failed': 96}. By source: {'cafef': {'total': 19364, 'full_text': 10694, 'coverage_pct': 55.23}, 'kinhtechungkhoan': {'total': 8513, 'full_text': 4295, 'coverage_pct': 50.45}, 'tnck': {'total': 1446, 'full_text': 1446, 'coverage_pct': 100.0}, 'vietnambiz': {'total': 3598, 'full_text': 3598, 'coverage_pct': 100.0}, 'vietstock': {'total': 11285, 'full_text': 11267, 'coverage_pct': 99.84}, 'vnexpress': {'total': 1762, 'full_text': 1761, 'coverage_pct': 99.94}}
[2026-07-06 16:08:26] [TASK_2B] [INFO] Enriched 10650/27877 pending articles...
[2026-07-06 16:08:26] [TASK_2B] [INFO] Enriched 10700/27877 pending articles...
[2026-07-06 16:08:46] [TASK_2B] [INFO] Checkpoint saved after 10700 new articles.
[2026-07-06 16:08:46] [TASK_2B] [INFO] Checkpoint coverage: 33101/45968 unique URLs with full text (72.01%). Status: {'ok': 24095, 'partial': 9006, 'restricted': 8626, 'failed': 4145, 'fetch_failed': 96}. By source: {'cafef': {'total': 19364, 'full_text': 10734, 'coverage_pct': 55.43}, 'kinhtechungkhoan': {'total': 8513, 'full_text': 4295, 'coverage_pct': 50.45}, 'tnck': {'total': 1446, 'full_text': 1446, 'coverage_pct': 100.0}, 'vietnambiz': {'total': 3598, 'full_text': 3598, 'coverage_pct': 100.0}, 'vietstock': {'total': 11285, 'full_text': 11267, 'coverage_pct': 99.84}, 'vnexpress': {'total': 1762, 'full_text': 1761, 'coverage_pct': 99.94}}
[2026-07-06 16:08:46] [TASK_2B] [INFO] Enriched 10750/27877 pending articles...
[2026-07-06 16:08:46] [TASK_2B] [INFO] Enriched 10800/27877 pending articles...
[2026-07-06 16:09:04] [TASK_2B] [INFO] Checkpoint saved after 10800 new articles.
[2026-07-06 16:09:04] [TASK_2B] [INFO] Checkpoint coverage: 33137/45968 unique URLs with full text (72.09%). Status: {'ok': 24095, 'partial': 9042, 'restricted': 8590, 'failed': 4145, 'fetch_failed': 96}. By source: {'cafef': {'total': 19364, 'full_text': 10770, 'coverage_pct': 55.62}, 'kinhtechungkhoan': {'total': 8513, 'full_text': 4295, 'coverage_pct': 50.45}, 'tnck': {'total': 1446, 'full_text': 1446, 'coverage_pct': 100.0}, 'vietnambiz': {'total': 3598, 'full_text': 3598, 'coverage_pct': 100.0}, 'vietstock': {'total': 11285, 'full_text': 11267, 'coverage_pct': 99.84}, 'vnexpress': {'total': 1762, 'full_text': 1761, 'coverage_pct': 99.94}}
[2026-07-06 16:09:04] [TASK_2B] [INFO] Enriched 10850/27877 pending articles...
[2026-07-06 16:09:04] [TASK_2B] [INFO] Enriched 10900/27877 pending articles...
[2026-07-06 16:09:23] [TASK_2B] [INFO] Checkpoint saved after 10900 new articles.
[2026-07-06 16:09:24] [TASK_2B] [INFO] Checkpoint coverage: 33217/45968 unique URLs with full text (72.26%). Status: {'ok': 24097, 'partial': 9120, 'restricted': 8510, 'failed': 4145, 'fetch_failed': 96}. By source: {'cafef': {'total': 19364, 'full_text': 10850, 'coverage_pct': 56.03}, 'kinhtechungkhoan': {'total': 8513, 'full_text': 4295, 'coverage_pct': 50.45}, 'tnck': {'total': 1446, 'full_text': 1446, 'coverage_pct': 100.0}, 'vietnambiz': {'total': 3598, 'full_text': 3598, 'coverage_pct': 100.0}, 'vietstock': {'total': 11285, 'full_text': 11267, 'coverage_pct': 99.84}, 'vnexpress': {'total': 1762, 'full_text': 1761, 'coverage_pct': 99.94}}
[2026-07-06 16:09:24] [TASK_2B] [INFO] Enriched 10950/27877 pending articles...
[2026-07-06 16:09:24] [TASK_2B] [INFO] Enriched 11000/27877 pending articles...
[2026-07-06 16:09:46] [TASK_2B] [INFO] Checkpoint saved after 11000 new articles.
[2026-07-06 16:09:47] [TASK_2B] [INFO] Checkpoint coverage: 33308/45968 unique URLs with full text (72.46%). Status: {'ok': 24098, 'partial': 9210, 'restricted': 8419, 'failed': 4145, 'fetch_failed': 96}. By source: {'cafef': {'total': 19364, 'full_text': 10941, 'coverage_pct': 56.5}, 'kinhtechungkhoan': {'total': 8513, 'full_text': 4295, 'coverage_pct': 50.45}, 'tnck': {'total': 1446, 'full_text': 1446, 'coverage_pct': 100.0}, 'vietnambiz': {'total': 3598, 'full_text': 3598, 'coverage_pct': 100.0}, 'vietstock': {'total': 11285, 'full_text': 11267, 'coverage_pct': 99.84}, 'vnexpress': {'total': 1762, 'full_text': 1761, 'coverage_pct': 99.94}}
[2026-07-06 16:09:47] [TASK_2B] [INFO] Enriched 11050/27877 pending articles...
[2026-07-06 16:09:47] [TASK_2B] [INFO] Enriched 11100/27877 pending articles...
[2026-07-06 16:10:07] [TASK_2B] [INFO] Checkpoint saved after 11100 new articles.
[2026-07-06 16:10:07] [TASK_2B] [INFO] Checkpoint coverage: 33402/45968 unique URLs with full text (72.66%). Status: {'ok': 24098, 'partial': 9304, 'restricted': 8325, 'failed': 4145, 'fetch_failed': 96}. By source: {'cafef': {'total': 19364, 'full_text': 11035, 'coverage_pct': 56.99}, 'kinhtechungkhoan': {'total': 8513, 'full_text': 4295, 'coverage_pct': 50.45}, 'tnck': {'total': 1446, 'full_text': 1446, 'coverage_pct': 100.0}, 'vietnambiz': {'total': 3598, 'full_text': 3598, 'coverage_pct': 100.0}, 'vietstock': {'total': 11285, 'full_text': 11267, 'coverage_pct': 99.84}, 'vnexpress': {'total': 1762, 'full_text': 1761, 'coverage_pct': 99.94}}
[2026-07-06 16:10:07] [TASK_2B] [INFO] Enriched 11150/27877 pending articles...
[2026-07-06 16:10:07] [TASK_2B] [INFO] Enriched 11200/27877 pending articles...
[2026-07-06 16:10:28] [TASK_2B] [INFO] Checkpoint saved after 11200 new articles.
[2026-07-06 16:10:28] [TASK_2B] [INFO] Checkpoint coverage: 33490/45968 unique URLs with full text (72.86%). Status: {'ok': 24098, 'partial': 9392, 'restricted': 8237, 'failed': 4145, 'fetch_failed': 96}. By source: {'cafef': {'total': 19364, 'full_text': 11123, 'coverage_pct': 57.44}, 'kinhtechungkhoan': {'total': 8513, 'full_text': 4295, 'coverage_pct': 50.45}, 'tnck': {'total': 1446, 'full_text': 1446, 'coverage_pct': 100.0}, 'vietnambiz': {'total': 3598, 'full_text': 3598, 'coverage_pct': 100.0}, 'vietstock': {'total': 11285, 'full_text': 11267, 'coverage_pct': 99.84}, 'vnexpress': {'total': 1762, 'full_text': 1761, 'coverage_pct': 99.94}}
[2026-07-06 16:10:28] [TASK_2B] [INFO] Enriched 11250/27877 pending articles...
[2026-07-06 16:10:28] [TASK_2B] [INFO] Enriched 11300/27877 pending articles...
[2026-07-06 16:10:47] [TASK_2B] [INFO] Checkpoint saved after 11300 new articles.
[2026-07-06 16:10:47] [TASK_2B] [INFO] Checkpoint coverage: 33583/45968 unique URLs with full text (73.06%). Status: {'ok': 24099, 'partial': 9484, 'restricted': 8144, 'failed': 4145, 'fetch_failed': 96}. By source: {'cafef': {'total': 19364, 'full_text': 11216, 'coverage_pct': 57.92}, 'kinhtechungkhoan': {'total': 8513, 'full_text': 4295, 'coverage_pct': 50.45}, 'tnck': {'total': 1446, 'full_text': 1446, 'coverage_pct': 100.0}, 'vietnambiz': {'total': 3598, 'full_text': 3598, 'coverage_pct': 100.0}, 'vietstock': {'total': 11285, 'full_text': 11267, 'coverage_pct': 99.84}, 'vnexpress': {'total': 1762, 'full_text': 1761, 'coverage_pct': 99.94}}
[2026-07-06 16:10:47] [TASK_2B] [INFO] Enriched 11350/27877 pending articles...
[2026-07-06 16:10:47] [TASK_2B] [INFO] Enriched 11400/27877 pending articles...
[2026-07-06 16:11:05] [TASK_2B] [INFO] Checkpoint saved after 11400 new articles.
[2026-07-06 16:11:05] [TASK_2B] [INFO] Checkpoint coverage: 33671/45968 unique URLs with full text (73.25%). Status: {'ok': 24102, 'partial': 9569, 'restricted': 8056, 'failed': 4145, 'fetch_failed': 96}. By source: {'cafef': {'total': 19364, 'full_text': 11304, 'coverage_pct': 58.38}, 'kinhtechungkhoan': {'total': 8513, 'full_text': 4295, 'coverage_pct': 50.45}, 'tnck': {'total': 1446, 'full_text': 1446, 'coverage_pct': 100.0}, 'vietnambiz': {'total': 3598, 'full_text': 3598, 'coverage_pct': 100.0}, 'vietstock': {'total': 11285, 'full_text': 11267, 'coverage_pct': 99.84}, 'vnexpress': {'total': 1762, 'full_text': 1761, 'coverage_pct': 99.94}}
[2026-07-06 16:11:05] [TASK_2B] [INFO] Enriched 11450/27877 pending articles...
[2026-07-06 16:11:05] [TASK_2B] [INFO] Enriched 11500/27877 pending articles...
[2026-07-06 16:11:25] [TASK_2B] [INFO] Checkpoint saved after 11500 new articles.
[2026-07-06 16:11:25] [TASK_2B] [INFO] Checkpoint coverage: 33760/45968 unique URLs with full text (73.44%). Status: {'ok': 24102, 'partial': 9658, 'restricted': 7967, 'failed': 4145, 'fetch_failed': 96}. By source: {'cafef': {'total': 19364, 'full_text': 11393, 'coverage_pct': 58.84}, 'kinhtechungkhoan': {'total': 8513, 'full_text': 4295, 'coverage_pct': 50.45}, 'tnck': {'total': 1446, 'full_text': 1446, 'coverage_pct': 100.0}, 'vietnambiz': {'total': 3598, 'full_text': 3598, 'coverage_pct': 100.0}, 'vietstock': {'total': 11285, 'full_text': 11267, 'coverage_pct': 99.84}, 'vnexpress': {'total': 1762, 'full_text': 1761, 'coverage_pct': 99.94}}
[2026-07-06 16:11:25] [TASK_2B] [INFO] Enriched 11550/27877 pending articles...
[2026-07-06 16:11:25] [TASK_2B] [INFO] Enriched 11600/27877 pending articles...
[2026-07-06 16:11:46] [TASK_2B] [INFO] Checkpoint saved after 11600 new articles.
[2026-07-06 16:11:46] [TASK_2B] [INFO] Checkpoint coverage: 33845/45968 unique URLs with full text (73.63%). Status: {'ok': 24103, 'partial': 9742, 'restricted': 7882, 'failed': 4145, 'fetch_failed': 96}. By source: {'cafef': {'total': 19364, 'full_text': 11478, 'coverage_pct': 59.27}, 'kinhtechungkhoan': {'total': 8513, 'full_text': 4295, 'coverage_pct': 50.45}, 'tnck': {'total': 1446, 'full_text': 1446, 'coverage_pct': 100.0}, 'vietnambiz': {'total': 3598, 'full_text': 3598, 'coverage_pct': 100.0}, 'vietstock': {'total': 11285, 'full_text': 11267, 'coverage_pct': 99.84}, 'vnexpress': {'total': 1762, 'full_text': 1761, 'coverage_pct': 99.94}}
[2026-07-06 16:11:46] [TASK_2B] [INFO] Enriched 11650/27877 pending articles...
[2026-07-06 16:11:46] [TASK_2B] [INFO] Enriched 11700/27877 pending articles...
[2026-07-06 16:12:07] [TASK_2B] [INFO] Checkpoint saved after 11700 new articles.
[2026-07-06 16:12:07] [TASK_2B] [INFO] Checkpoint coverage: 33923/45968 unique URLs with full text (73.80%). Status: {'ok': 24103, 'partial': 9820, 'restricted': 7804, 'failed': 4145, 'fetch_failed': 96}. By source: {'cafef': {'total': 19364, 'full_text': 11556, 'coverage_pct': 59.68}, 'kinhtechungkhoan': {'total': 8513, 'full_text': 4295, 'coverage_pct': 50.45}, 'tnck': {'total': 1446, 'full_text': 1446, 'coverage_pct': 100.0}, 'vietnambiz': {'total': 3598, 'full_text': 3598, 'coverage_pct': 100.0}, 'vietstock': {'total': 11285, 'full_text': 11267, 'coverage_pct': 99.84}, 'vnexpress': {'total': 1762, 'full_text': 1761, 'coverage_pct': 99.94}}
[2026-07-06 16:12:07] [TASK_2B] [INFO] Enriched 11750/27877 pending articles...
[2026-07-06 16:12:07] [TASK_2B] [INFO] Enriched 11800/27877 pending articles...
[2026-07-06 16:12:26] [TASK_2B] [INFO] Checkpoint saved after 11800 new articles.
[2026-07-06 16:12:26] [TASK_2B] [INFO] Checkpoint coverage: 33996/45968 unique URLs with full text (73.96%). Status: {'ok': 24103, 'partial': 9893, 'restricted': 7731, 'failed': 4145, 'fetch_failed': 96}. By source: {'cafef': {'total': 19364, 'full_text': 11629, 'coverage_pct': 60.05}, 'kinhtechungkhoan': {'total': 8513, 'full_text': 4295, 'coverage_pct': 50.45}, 'tnck': {'total': 1446, 'full_text': 1446, 'coverage_pct': 100.0}, 'vietnambiz': {'total': 3598, 'full_text': 3598, 'coverage_pct': 100.0}, 'vietstock': {'total': 11285, 'full_text': 11267, 'coverage_pct': 99.84}, 'vnexpress': {'total': 1762, 'full_text': 1761, 'coverage_pct': 99.94}}
[2026-07-06 16:12:26] [TASK_2B] [INFO] Enriched 11850/27877 pending articles...
[2026-07-06 16:12:26] [TASK_2B] [INFO] Enriched 11900/27877 pending articles...
[2026-07-06 16:12:45] [TASK_2B] [INFO] Checkpoint saved after 11900 new articles.
[2026-07-06 16:12:46] [TASK_2B] [INFO] Checkpoint coverage: 34075/45968 unique URLs with full text (74.13%). Status: {'ok': 24105, 'partial': 9970, 'restricted': 7652, 'failed': 4145, 'fetch_failed': 96}. By source: {'cafef': {'total': 19364, 'full_text': 11708, 'coverage_pct': 60.46}, 'kinhtechungkhoan': {'total': 8513, 'full_text': 4295, 'coverage_pct': 50.45}, 'tnck': {'total': 1446, 'full_text': 1446, 'coverage_pct': 100.0}, 'vietnambiz': {'total': 3598, 'full_text': 3598, 'coverage_pct': 100.0}, 'vietstock': {'total': 11285, 'full_text': 11267, 'coverage_pct': 99.84}, 'vnexpress': {'total': 1762, 'full_text': 1761, 'coverage_pct': 99.94}}
[2026-07-06 16:12:46] [TASK_2B] [INFO] Enriched 11950/27877 pending articles...
[2026-07-06 16:12:46] [TASK_2B] [INFO] Enriched 12000/27877 pending articles...
[2026-07-06 16:13:03] [TASK_2B] [INFO] Checkpoint saved after 12000 new articles.
[2026-07-06 16:13:03] [TASK_2B] [INFO] Checkpoint coverage: 34164/45968 unique URLs with full text (74.32%). Status: {'ok': 24105, 'partial': 10059, 'restricted': 7563, 'failed': 4145, 'fetch_failed': 96}. By source: {'cafef': {'total': 19364, 'full_text': 11797, 'coverage_pct': 60.92}, 'kinhtechungkhoan': {'total': 8513, 'full_text': 4295, 'coverage_pct': 50.45}, 'tnck': {'total': 1446, 'full_text': 1446, 'coverage_pct': 100.0}, 'vietnambiz': {'total': 3598, 'full_text': 3598, 'coverage_pct': 100.0}, 'vietstock': {'total': 11285, 'full_text': 11267, 'coverage_pct': 99.84}, 'vnexpress': {'total': 1762, 'full_text': 1761, 'coverage_pct': 99.94}}
[2026-07-06 16:13:03] [TASK_2B] [INFO] Enriched 12050/27877 pending articles...
[2026-07-06 16:13:03] [TASK_2B] [INFO] Enriched 12100/27877 pending articles...
[2026-07-06 16:13:22] [TASK_2B] [INFO] Checkpoint saved after 12100 new articles.
[2026-07-06 16:13:22] [TASK_2B] [INFO] Checkpoint coverage: 34253/45968 unique URLs with full text (74.51%). Status: {'ok': 24105, 'partial': 10148, 'restricted': 7474, 'failed': 4145, 'fetch_failed': 96}. By source: {'cafef': {'total': 19364, 'full_text': 11886, 'coverage_pct': 61.38}, 'kinhtechungkhoan': {'total': 8513, 'full_text': 4295, 'coverage_pct': 50.45}, 'tnck': {'total': 1446, 'full_text': 1446, 'coverage_pct': 100.0}, 'vietnambiz': {'total': 3598, 'full_text': 3598, 'coverage_pct': 100.0}, 'vietstock': {'total': 11285, 'full_text': 11267, 'coverage_pct': 99.84}, 'vnexpress': {'total': 1762, 'full_text': 1761, 'coverage_pct': 99.94}}
[2026-07-06 16:13:22] [TASK_2B] [INFO] Enriched 12150/27877 pending articles...
[2026-07-06 16:13:22] [TASK_2B] [INFO] Enriched 12200/27877 pending articles...
[2026-07-06 16:13:39] [TASK_2B] [INFO] Checkpoint saved after 12200 new articles.
[2026-07-06 16:13:39] [TASK_2B] [INFO] Checkpoint coverage: 34341/45968 unique URLs with full text (74.71%). Status: {'ok': 24105, 'partial': 10236, 'restricted': 7386, 'failed': 4145, 'fetch_failed': 96}. By source: {'cafef': {'total': 19364, 'full_text': 11974, 'coverage_pct': 61.84}, 'kinhtechungkhoan': {'total': 8513, 'full_text': 4295, 'coverage_pct': 50.45}, 'tnck': {'total': 1446, 'full_text': 1446, 'coverage_pct': 100.0}, 'vietnambiz': {'total': 3598, 'full_text': 3598, 'coverage_pct': 100.0}, 'vietstock': {'total': 11285, 'full_text': 11267, 'coverage_pct': 99.84}, 'vnexpress': {'total': 1762, 'full_text': 1761, 'coverage_pct': 99.94}}
[2026-07-06 16:13:39] [TASK_2B] [INFO] Enriched 12250/27877 pending articles...
[2026-07-06 16:13:39] [TASK_2B] [INFO] Enriched 12300/27877 pending articles...
[2026-07-06 16:14:00] [TASK_2B] [INFO] Checkpoint saved after 12300 new articles.
[2026-07-06 16:14:00] [TASK_2B] [INFO] Checkpoint coverage: 34427/45968 unique URLs with full text (74.89%). Status: {'ok': 24110, 'partial': 10317, 'restricted': 7300, 'failed': 4145, 'fetch_failed': 96}. By source: {'cafef': {'total': 19364, 'full_text': 12060, 'coverage_pct': 62.28}, 'kinhtechungkhoan': {'total': 8513, 'full_text': 4295, 'coverage_pct': 50.45}, 'tnck': {'total': 1446, 'full_text': 1446, 'coverage_pct': 100.0}, 'vietnambiz': {'total': 3598, 'full_text': 3598, 'coverage_pct': 100.0}, 'vietstock': {'total': 11285, 'full_text': 11267, 'coverage_pct': 99.84}, 'vnexpress': {'total': 1762, 'full_text': 1761, 'coverage_pct': 99.94}}
[2026-07-06 16:14:00] [TASK_2B] [INFO] Enriched 12350/27877 pending articles...
[2026-07-06 16:14:00] [TASK_2B] [INFO] Enriched 12400/27877 pending articles...
[2026-07-06 16:14:17] [TASK_2B] [INFO] Checkpoint saved after 12400 new articles.
[2026-07-06 16:14:17] [TASK_2B] [INFO] Checkpoint coverage: 34519/45968 unique URLs with full text (75.09%). Status: {'ok': 24116, 'partial': 10403, 'restricted': 7208, 'failed': 4145, 'fetch_failed': 96}. By source: {'cafef': {'total': 19364, 'full_text': 12152, 'coverage_pct': 62.76}, 'kinhtechungkhoan': {'total': 8513, 'full_text': 4295, 'coverage_pct': 50.45}, 'tnck': {'total': 1446, 'full_text': 1446, 'coverage_pct': 100.0}, 'vietnambiz': {'total': 3598, 'full_text': 3598, 'coverage_pct': 100.0}, 'vietstock': {'total': 11285, 'full_text': 11267, 'coverage_pct': 99.84}, 'vnexpress': {'total': 1762, 'full_text': 1761, 'coverage_pct': 99.94}}
[2026-07-06 16:14:17] [TASK_2B] [INFO] Enriched 12450/27877 pending articles...
[2026-07-06 16:14:17] [TASK_2B] [INFO] Enriched 12500/27877 pending articles...
[2026-07-06 16:14:38] [TASK_2B] [INFO] Checkpoint saved after 12500 new articles.
[2026-07-06 16:14:38] [TASK_2B] [INFO] Checkpoint coverage: 34618/45968 unique URLs with full text (75.31%). Status: {'ok': 24116, 'partial': 10502, 'restricted': 7109, 'failed': 4145, 'fetch_failed': 96}. By source: {'cafef': {'total': 19364, 'full_text': 12251, 'coverage_pct': 63.27}, 'kinhtechungkhoan': {'total': 8513, 'full_text': 4295, 'coverage_pct': 50.45}, 'tnck': {'total': 1446, 'full_text': 1446, 'coverage_pct': 100.0}, 'vietnambiz': {'total': 3598, 'full_text': 3598, 'coverage_pct': 100.0}, 'vietstock': {'total': 11285, 'full_text': 11267, 'coverage_pct': 99.84}, 'vnexpress': {'total': 1762, 'full_text': 1761, 'coverage_pct': 99.94}}
[2026-07-06 16:14:38] [TASK_2B] [INFO] Enriched 12550/27877 pending articles...
[2026-07-06 16:14:38] [TASK_2B] [INFO] Enriched 12600/27877 pending articles...
[2026-07-06 16:14:57] [TASK_2B] [INFO] Checkpoint saved after 12600 new articles.
[2026-07-06 16:14:57] [TASK_2B] [INFO] Checkpoint coverage: 34712/45968 unique URLs with full text (75.51%). Status: {'ok': 24116, 'partial': 10596, 'restricted': 7015, 'failed': 4145, 'fetch_failed': 96}. By source: {'cafef': {'total': 19364, 'full_text': 12345, 'coverage_pct': 63.75}, 'kinhtechungkhoan': {'total': 8513, 'full_text': 4295, 'coverage_pct': 50.45}, 'tnck': {'total': 1446, 'full_text': 1446, 'coverage_pct': 100.0}, 'vietnambiz': {'total': 3598, 'full_text': 3598, 'coverage_pct': 100.0}, 'vietstock': {'total': 11285, 'full_text': 11267, 'coverage_pct': 99.84}, 'vnexpress': {'total': 1762, 'full_text': 1761, 'coverage_pct': 99.94}}
[2026-07-06 16:14:57] [TASK_2B] [INFO] Enriched 12650/27877 pending articles...
[2026-07-06 16:14:57] [TASK_2B] [INFO] Enriched 12700/27877 pending articles...
[2026-07-06 16:15:19] [TASK_2B] [INFO] Checkpoint saved after 12700 new articles.
[2026-07-06 16:15:20] [TASK_2B] [INFO] Checkpoint coverage: 34800/45968 unique URLs with full text (75.70%). Status: {'ok': 24119, 'partial': 10681, 'restricted': 6927, 'failed': 4145, 'fetch_failed': 96}. By source: {'cafef': {'total': 19364, 'full_text': 12433, 'coverage_pct': 64.21}, 'kinhtechungkhoan': {'total': 8513, 'full_text': 4295, 'coverage_pct': 50.45}, 'tnck': {'total': 1446, 'full_text': 1446, 'coverage_pct': 100.0}, 'vietnambiz': {'total': 3598, 'full_text': 3598, 'coverage_pct': 100.0}, 'vietstock': {'total': 11285, 'full_text': 11267, 'coverage_pct': 99.84}, 'vnexpress': {'total': 1762, 'full_text': 1761, 'coverage_pct': 99.94}}
[2026-07-06 16:15:20] [TASK_2B] [INFO] Enriched 12750/27877 pending articles...
[2026-07-06 16:15:20] [TASK_2B] [INFO] Enriched 12800/27877 pending articles...
[2026-07-06 16:15:38] [TASK_2B] [INFO] Checkpoint saved after 12800 new articles.
[2026-07-06 16:15:38] [TASK_2B] [INFO] Checkpoint coverage: 34888/45968 unique URLs with full text (75.90%). Status: {'ok': 24119, 'partial': 10769, 'restricted': 6839, 'failed': 4145, 'fetch_failed': 96}. By source: {'cafef': {'total': 19364, 'full_text': 12521, 'coverage_pct': 64.66}, 'kinhtechungkhoan': {'total': 8513, 'full_text': 4295, 'coverage_pct': 50.45}, 'tnck': {'total': 1446, 'full_text': 1446, 'coverage_pct': 100.0}, 'vietnambiz': {'total': 3598, 'full_text': 3598, 'coverage_pct': 100.0}, 'vietstock': {'total': 11285, 'full_text': 11267, 'coverage_pct': 99.84}, 'vnexpress': {'total': 1762, 'full_text': 1761, 'coverage_pct': 99.94}}
[2026-07-06 16:15:38] [TASK_2B] [INFO] Enriched 12850/27877 pending articles...
[2026-07-06 16:15:38] [TASK_2B] [INFO] Enriched 12900/27877 pending articles...
[2026-07-06 16:15:57] [TASK_2B] [INFO] Checkpoint saved after 12900 new articles.
[2026-07-06 16:15:58] [TASK_2B] [INFO] Checkpoint coverage: 34970/45968 unique URLs with full text (76.07%). Status: {'ok': 24120, 'partial': 10850, 'restricted': 6757, 'failed': 4145, 'fetch_failed': 96}. By source: {'cafef': {'total': 19364, 'full_text': 12603, 'coverage_pct': 65.08}, 'kinhtechungkhoan': {'total': 8513, 'full_text': 4295, 'coverage_pct': 50.45}, 'tnck': {'total': 1446, 'full_text': 1446, 'coverage_pct': 100.0}, 'vietnambiz': {'total': 3598, 'full_text': 3598, 'coverage_pct': 100.0}, 'vietstock': {'total': 11285, 'full_text': 11267, 'coverage_pct': 99.84}, 'vnexpress': {'total': 1762, 'full_text': 1761, 'coverage_pct': 99.94}}
[2026-07-06 16:15:58] [TASK_2B] [INFO] Enriched 12950/27877 pending articles...
[2026-07-06 16:15:58] [TASK_2B] [INFO] Enriched 13000/27877 pending articles...
[2026-07-06 16:16:20] [TASK_2B] [INFO] Checkpoint saved after 13000 new articles.
[2026-07-06 16:16:20] [TASK_2B] [INFO] Checkpoint coverage: 35064/45968 unique URLs with full text (76.28%). Status: {'ok': 24122, 'partial': 10942, 'restricted': 6663, 'failed': 4145, 'fetch_failed': 96}. By source: {'cafef': {'total': 19364, 'full_text': 12697, 'coverage_pct': 65.57}, 'kinhtechungkhoan': {'total': 8513, 'full_text': 4295, 'coverage_pct': 50.45}, 'tnck': {'total': 1446, 'full_text': 1446, 'coverage_pct': 100.0}, 'vietnambiz': {'total': 3598, 'full_text': 3598, 'coverage_pct': 100.0}, 'vietstock': {'total': 11285, 'full_text': 11267, 'coverage_pct': 99.84}, 'vnexpress': {'total': 1762, 'full_text': 1761, 'coverage_pct': 99.94}}
[2026-07-06 16:16:20] [TASK_2B] [INFO] Enriched 13050/27877 pending articles...
[2026-07-06 16:16:20] [TASK_2B] [INFO] Enriched 13100/27877 pending articles...
[2026-07-06 16:16:42] [TASK_2B] [INFO] Checkpoint saved after 13100 new articles.
[2026-07-06 16:16:43] [TASK_2B] [INFO] Checkpoint coverage: 35156/45968 unique URLs with full text (76.48%). Status: {'ok': 24122, 'partial': 11034, 'restricted': 6571, 'failed': 4145, 'fetch_failed': 96}. By source: {'cafef': {'total': 19364, 'full_text': 12789, 'coverage_pct': 66.05}, 'kinhtechungkhoan': {'total': 8513, 'full_text': 4295, 'coverage_pct': 50.45}, 'tnck': {'total': 1446, 'full_text': 1446, 'coverage_pct': 100.0}, 'vietnambiz': {'total': 3598, 'full_text': 3598, 'coverage_pct': 100.0}, 'vietstock': {'total': 11285, 'full_text': 11267, 'coverage_pct': 99.84}, 'vnexpress': {'total': 1762, 'full_text': 1761, 'coverage_pct': 99.94}}
[2026-07-06 16:16:43] [TASK_2B] [INFO] Enriched 13150/27877 pending articles...
[2026-07-06 16:16:43] [TASK_2B] [INFO] Enriched 13200/27877 pending articles...
[2026-07-06 16:17:01] [TASK_2B] [INFO] Checkpoint saved after 13200 new articles.
[2026-07-06 16:17:01] [TASK_2B] [INFO] Checkpoint coverage: 35243/45968 unique URLs with full text (76.67%). Status: {'ok': 24122, 'partial': 11121, 'restricted': 6484, 'failed': 4145, 'fetch_failed': 96}. By source: {'cafef': {'total': 19364, 'full_text': 12876, 'coverage_pct': 66.49}, 'kinhtechungkhoan': {'total': 8513, 'full_text': 4295, 'coverage_pct': 50.45}, 'tnck': {'total': 1446, 'full_text': 1446, 'coverage_pct': 100.0}, 'vietnambiz': {'total': 3598, 'full_text': 3598, 'coverage_pct': 100.0}, 'vietstock': {'total': 11285, 'full_text': 11267, 'coverage_pct': 99.84}, 'vnexpress': {'total': 1762, 'full_text': 1761, 'coverage_pct': 99.94}}
[2026-07-06 16:17:01] [TASK_2B] [INFO] Enriched 13250/27877 pending articles...
[2026-07-06 16:17:01] [TASK_2B] [INFO] Enriched 13300/27877 pending articles...
[2026-07-06 16:17:22] [TASK_2B] [INFO] Checkpoint saved after 13300 new articles.
[2026-07-06 16:17:22] [TASK_2B] [INFO] Checkpoint coverage: 35328/45968 unique URLs with full text (76.85%). Status: {'ok': 24122, 'partial': 11206, 'restricted': 6399, 'failed': 4145, 'fetch_failed': 96}. By source: {'cafef': {'total': 19364, 'full_text': 12961, 'coverage_pct': 66.93}, 'kinhtechungkhoan': {'total': 8513, 'full_text': 4295, 'coverage_pct': 50.45}, 'tnck': {'total': 1446, 'full_text': 1446, 'coverage_pct': 100.0}, 'vietnambiz': {'total': 3598, 'full_text': 3598, 'coverage_pct': 100.0}, 'vietstock': {'total': 11285, 'full_text': 11267, 'coverage_pct': 99.84}, 'vnexpress': {'total': 1762, 'full_text': 1761, 'coverage_pct': 99.94}}
[2026-07-06 16:17:22] [TASK_2B] [INFO] Enriched 13350/27877 pending articles...
[2026-07-06 16:17:22] [TASK_2B] [INFO] Enriched 13400/27877 pending articles...
[2026-07-06 16:17:39] [TASK_2B] [INFO] Checkpoint saved after 13400 new articles.
[2026-07-06 16:17:39] [TASK_2B] [INFO] Checkpoint coverage: 35409/45968 unique URLs with full text (77.03%). Status: {'ok': 24122, 'partial': 11287, 'restricted': 6318, 'failed': 4145, 'fetch_failed': 96}. By source: {'cafef': {'total': 19364, 'full_text': 13042, 'coverage_pct': 67.35}, 'kinhtechungkhoan': {'total': 8513, 'full_text': 4295, 'coverage_pct': 50.45}, 'tnck': {'total': 1446, 'full_text': 1446, 'coverage_pct': 100.0}, 'vietnambiz': {'total': 3598, 'full_text': 3598, 'coverage_pct': 100.0}, 'vietstock': {'total': 11285, 'full_text': 11267, 'coverage_pct': 99.84}, 'vnexpress': {'total': 1762, 'full_text': 1761, 'coverage_pct': 99.94}}
[2026-07-06 16:17:39] [TASK_2B] [INFO] Enriched 13450/27877 pending articles...
[2026-07-06 16:17:39] [TASK_2B] [INFO] Enriched 13500/27877 pending articles...
[2026-07-06 16:17:58] [TASK_2B] [INFO] Checkpoint saved after 13500 new articles.
[2026-07-06 16:17:59] [TASK_2B] [INFO] Checkpoint coverage: 35485/45968 unique URLs with full text (77.20%). Status: {'ok': 24125, 'partial': 11360, 'restricted': 6242, 'failed': 4145, 'fetch_failed': 96}. By source: {'cafef': {'total': 19364, 'full_text': 13118, 'coverage_pct': 67.74}, 'kinhtechungkhoan': {'total': 8513, 'full_text': 4295, 'coverage_pct': 50.45}, 'tnck': {'total': 1446, 'full_text': 1446, 'coverage_pct': 100.0}, 'vietnambiz': {'total': 3598, 'full_text': 3598, 'coverage_pct': 100.0}, 'vietstock': {'total': 11285, 'full_text': 11267, 'coverage_pct': 99.84}, 'vnexpress': {'total': 1762, 'full_text': 1761, 'coverage_pct': 99.94}}
[2026-07-06 16:17:59] [TASK_2B] [INFO] Enriched 13550/27877 pending articles...
[2026-07-06 16:17:59] [TASK_2B] [INFO] Enriched 13600/27877 pending articles...
[2026-07-06 16:18:18] [TASK_2B] [INFO] Checkpoint saved after 13600 new articles.
[2026-07-06 16:18:18] [TASK_2B] [INFO] Checkpoint coverage: 35565/45968 unique URLs with full text (77.37%). Status: {'ok': 24127, 'partial': 11438, 'restricted': 6162, 'failed': 4145, 'fetch_failed': 96}. By source: {'cafef': {'total': 19364, 'full_text': 13198, 'coverage_pct': 68.16}, 'kinhtechungkhoan': {'total': 8513, 'full_text': 4295, 'coverage_pct': 50.45}, 'tnck': {'total': 1446, 'full_text': 1446, 'coverage_pct': 100.0}, 'vietnambiz': {'total': 3598, 'full_text': 3598, 'coverage_pct': 100.0}, 'vietstock': {'total': 11285, 'full_text': 11267, 'coverage_pct': 99.84}, 'vnexpress': {'total': 1762, 'full_text': 1761, 'coverage_pct': 99.94}}
[2026-07-06 16:18:18] [TASK_2B] [INFO] Enriched 13650/27877 pending articles...
[2026-07-06 16:18:18] [TASK_2B] [INFO] Enriched 13700/27877 pending articles...
[2026-07-06 16:18:35] [TASK_2B] [INFO] Checkpoint saved after 13700 new articles.
[2026-07-06 16:18:35] [TASK_2B] [INFO] Checkpoint coverage: 35646/45968 unique URLs with full text (77.55%). Status: {'ok': 24127, 'partial': 11519, 'restricted': 6081, 'failed': 4145, 'fetch_failed': 96}. By source: {'cafef': {'total': 19364, 'full_text': 13279, 'coverage_pct': 68.58}, 'kinhtechungkhoan': {'total': 8513, 'full_text': 4295, 'coverage_pct': 50.45}, 'tnck': {'total': 1446, 'full_text': 1446, 'coverage_pct': 100.0}, 'vietnambiz': {'total': 3598, 'full_text': 3598, 'coverage_pct': 100.0}, 'vietstock': {'total': 11285, 'full_text': 11267, 'coverage_pct': 99.84}, 'vnexpress': {'total': 1762, 'full_text': 1761, 'coverage_pct': 99.94}}
[2026-07-06 16:18:35] [TASK_2B] [INFO] Enriched 13750/27877 pending articles...
[2026-07-06 16:18:35] [TASK_2B] [INFO] Enriched 13800/27877 pending articles...
[2026-07-06 16:18:56] [TASK_2B] [INFO] Checkpoint saved after 13800 new articles.
[2026-07-06 16:18:56] [TASK_2B] [INFO] Checkpoint coverage: 35730/45968 unique URLs with full text (77.73%). Status: {'ok': 24130, 'partial': 11600, 'restricted': 5997, 'failed': 4145, 'fetch_failed': 96}. By source: {'cafef': {'total': 19364, 'full_text': 13363, 'coverage_pct': 69.01}, 'kinhtechungkhoan': {'total': 8513, 'full_text': 4295, 'coverage_pct': 50.45}, 'tnck': {'total': 1446, 'full_text': 1446, 'coverage_pct': 100.0}, 'vietnambiz': {'total': 3598, 'full_text': 3598, 'coverage_pct': 100.0}, 'vietstock': {'total': 11285, 'full_text': 11267, 'coverage_pct': 99.84}, 'vnexpress': {'total': 1762, 'full_text': 1761, 'coverage_pct': 99.94}}
[2026-07-06 16:18:56] [TASK_2B] [INFO] Enriched 13850/27877 pending articles...
[2026-07-06 16:18:56] [TASK_2B] [INFO] Enriched 13900/27877 pending articles...
[2026-07-06 16:19:14] [TASK_2B] [INFO] Checkpoint saved after 13900 new articles.
[2026-07-06 16:19:14] [TASK_2B] [INFO] Checkpoint coverage: 35791/45968 unique URLs with full text (77.86%). Status: {'ok': 24131, 'partial': 11660, 'restricted': 5936, 'failed': 4145, 'fetch_failed': 96}. By source: {'cafef': {'total': 19364, 'full_text': 13424, 'coverage_pct': 69.32}, 'kinhtechungkhoan': {'total': 8513, 'full_text': 4295, 'coverage_pct': 50.45}, 'tnck': {'total': 1446, 'full_text': 1446, 'coverage_pct': 100.0}, 'vietnambiz': {'total': 3598, 'full_text': 3598, 'coverage_pct': 100.0}, 'vietstock': {'total': 11285, 'full_text': 11267, 'coverage_pct': 99.84}, 'vnexpress': {'total': 1762, 'full_text': 1761, 'coverage_pct': 99.94}}
[2026-07-06 16:19:14] [TASK_2B] [INFO] Enriched 13950/27877 pending articles...
[2026-07-06 16:19:14] [TASK_2B] [INFO] Enriched 14000/27877 pending articles...
[2026-07-06 16:19:32] [TASK_2B] [INFO] Checkpoint saved after 14000 new articles.
[2026-07-06 16:19:32] [TASK_2B] [INFO] Checkpoint coverage: 35879/45968 unique URLs with full text (78.05%). Status: {'ok': 24131, 'partial': 11748, 'restricted': 5848, 'failed': 4145, 'fetch_failed': 96}. By source: {'cafef': {'total': 19364, 'full_text': 13512, 'coverage_pct': 69.78}, 'kinhtechungkhoan': {'total': 8513, 'full_text': 4295, 'coverage_pct': 50.45}, 'tnck': {'total': 1446, 'full_text': 1446, 'coverage_pct': 100.0}, 'vietnambiz': {'total': 3598, 'full_text': 3598, 'coverage_pct': 100.0}, 'vietstock': {'total': 11285, 'full_text': 11267, 'coverage_pct': 99.84}, 'vnexpress': {'total': 1762, 'full_text': 1761, 'coverage_pct': 99.94}}
[2026-07-06 16:19:32] [TASK_2B] [INFO] Enriched 14050/27877 pending articles...
[2026-07-06 16:19:32] [TASK_2B] [INFO] Enriched 14100/27877 pending articles...
[2026-07-06 16:19:50] [TASK_2B] [INFO] Checkpoint saved after 14100 new articles.
[2026-07-06 16:19:50] [TASK_2B] [INFO] Checkpoint coverage: 35972/45968 unique URLs with full text (78.25%). Status: {'ok': 24131, 'partial': 11841, 'restricted': 5755, 'failed': 4145, 'fetch_failed': 96}. By source: {'cafef': {'total': 19364, 'full_text': 13605, 'coverage_pct': 70.26}, 'kinhtechungkhoan': {'total': 8513, 'full_text': 4295, 'coverage_pct': 50.45}, 'tnck': {'total': 1446, 'full_text': 1446, 'coverage_pct': 100.0}, 'vietnambiz': {'total': 3598, 'full_text': 3598, 'coverage_pct': 100.0}, 'vietstock': {'total': 11285, 'full_text': 11267, 'coverage_pct': 99.84}, 'vnexpress': {'total': 1762, 'full_text': 1761, 'coverage_pct': 99.94}}
[2026-07-06 16:19:50] [TASK_2B] [INFO] Enriched 14150/27877 pending articles...
[2026-07-06 16:19:50] [TASK_2B] [INFO] Enriched 14200/27877 pending articles...
[2026-07-06 16:20:10] [TASK_2B] [INFO] Checkpoint saved after 14200 new articles.
[2026-07-06 16:20:10] [TASK_2B] [INFO] Checkpoint coverage: 36058/45968 unique URLs with full text (78.44%). Status: {'ok': 24134, 'partial': 11924, 'restricted': 5669, 'failed': 4145, 'fetch_failed': 96}. By source: {'cafef': {'total': 19364, 'full_text': 13691, 'coverage_pct': 70.7}, 'kinhtechungkhoan': {'total': 8513, 'full_text': 4295, 'coverage_pct': 50.45}, 'tnck': {'total': 1446, 'full_text': 1446, 'coverage_pct': 100.0}, 'vietnambiz': {'total': 3598, 'full_text': 3598, 'coverage_pct': 100.0}, 'vietstock': {'total': 11285, 'full_text': 11267, 'coverage_pct': 99.84}, 'vnexpress': {'total': 1762, 'full_text': 1761, 'coverage_pct': 99.94}}
[2026-07-06 16:20:10] [TASK_2B] [INFO] Enriched 14250/27877 pending articles...
[2026-07-06 16:20:10] [TASK_2B] [INFO] Enriched 14300/27877 pending articles...
[2026-07-06 16:20:30] [TASK_2B] [INFO] Checkpoint saved after 14300 new articles.
[2026-07-06 16:20:30] [TASK_2B] [INFO] Checkpoint coverage: 36135/45968 unique URLs with full text (78.61%). Status: {'ok': 24134, 'partial': 12001, 'restricted': 5593, 'failed': 4145, 'fetch_failed': 95}. By source: {'cafef': {'total': 19364, 'full_text': 13768, 'coverage_pct': 71.1}, 'kinhtechungkhoan': {'total': 8513, 'full_text': 4295, 'coverage_pct': 50.45}, 'tnck': {'total': 1446, 'full_text': 1446, 'coverage_pct': 100.0}, 'vietnambiz': {'total': 3598, 'full_text': 3598, 'coverage_pct': 100.0}, 'vietstock': {'total': 11285, 'full_text': 11267, 'coverage_pct': 99.84}, 'vnexpress': {'total': 1762, 'full_text': 1761, 'coverage_pct': 99.94}}
[2026-07-06 16:20:30] [TASK_2B] [INFO] Enriched 14350/27877 pending articles...
[2026-07-06 16:20:30] [TASK_2B] [INFO] Enriched 14400/27877 pending articles...
[2026-07-06 16:20:48] [TASK_2B] [INFO] Checkpoint saved after 14400 new articles.
[2026-07-06 16:20:48] [TASK_2B] [INFO] Checkpoint coverage: 36205/45968 unique URLs with full text (78.76%). Status: {'ok': 24135, 'partial': 12070, 'restricted': 5523, 'failed': 4145, 'fetch_failed': 95}. By source: {'cafef': {'total': 19364, 'full_text': 13838, 'coverage_pct': 71.46}, 'kinhtechungkhoan': {'total': 8513, 'full_text': 4295, 'coverage_pct': 50.45}, 'tnck': {'total': 1446, 'full_text': 1446, 'coverage_pct': 100.0}, 'vietnambiz': {'total': 3598, 'full_text': 3598, 'coverage_pct': 100.0}, 'vietstock': {'total': 11285, 'full_text': 11267, 'coverage_pct': 99.84}, 'vnexpress': {'total': 1762, 'full_text': 1761, 'coverage_pct': 99.94}}
[2026-07-06 16:20:48] [TASK_2B] [INFO] Enriched 14450/27877 pending articles...
[2026-07-06 16:20:48] [TASK_2B] [INFO] Enriched 14500/27877 pending articles...
[2026-07-06 16:21:05] [TASK_2B] [INFO] Checkpoint saved after 14500 new articles.
[2026-07-06 16:21:05] [TASK_2B] [INFO] Checkpoint coverage: 36282/45968 unique URLs with full text (78.93%). Status: {'ok': 24135, 'partial': 12147, 'restricted': 5446, 'failed': 4145, 'fetch_failed': 95}. By source: {'cafef': {'total': 19364, 'full_text': 13915, 'coverage_pct': 71.86}, 'kinhtechungkhoan': {'total': 8513, 'full_text': 4295, 'coverage_pct': 50.45}, 'tnck': {'total': 1446, 'full_text': 1446, 'coverage_pct': 100.0}, 'vietnambiz': {'total': 3598, 'full_text': 3598, 'coverage_pct': 100.0}, 'vietstock': {'total': 11285, 'full_text': 11267, 'coverage_pct': 99.84}, 'vnexpress': {'total': 1762, 'full_text': 1761, 'coverage_pct': 99.94}}
[2026-07-06 16:21:05] [TASK_2B] [INFO] Enriched 14550/27877 pending articles...
[2026-07-06 16:21:05] [TASK_2B] [INFO] Enriched 14600/27877 pending articles...
[2026-07-06 16:21:25] [TASK_2B] [INFO] Checkpoint saved after 14600 new articles.
[2026-07-06 16:21:25] [TASK_2B] [INFO] Checkpoint coverage: 36370/45968 unique URLs with full text (79.12%). Status: {'ok': 24137, 'partial': 12233, 'restricted': 5358, 'failed': 4145, 'fetch_failed': 95}. By source: {'cafef': {'total': 19364, 'full_text': 14003, 'coverage_pct': 72.31}, 'kinhtechungkhoan': {'total': 8513, 'full_text': 4295, 'coverage_pct': 50.45}, 'tnck': {'total': 1446, 'full_text': 1446, 'coverage_pct': 100.0}, 'vietnambiz': {'total': 3598, 'full_text': 3598, 'coverage_pct': 100.0}, 'vietstock': {'total': 11285, 'full_text': 11267, 'coverage_pct': 99.84}, 'vnexpress': {'total': 1762, 'full_text': 1761, 'coverage_pct': 99.94}}
[2026-07-06 16:21:25] [TASK_2B] [INFO] Enriched 14650/27877 pending articles...
[2026-07-06 16:21:25] [TASK_2B] [INFO] Enriched 14700/27877 pending articles...
[2026-07-06 16:21:44] [TASK_2B] [INFO] Checkpoint saved after 14700 new articles.
[2026-07-06 16:21:44] [TASK_2B] [INFO] Checkpoint coverage: 36446/45968 unique URLs with full text (79.29%). Status: {'ok': 24137, 'partial': 12309, 'restricted': 5282, 'failed': 4145, 'fetch_failed': 95}. By source: {'cafef': {'total': 19364, 'full_text': 14079, 'coverage_pct': 72.71}, 'kinhtechungkhoan': {'total': 8513, 'full_text': 4295, 'coverage_pct': 50.45}, 'tnck': {'total': 1446, 'full_text': 1446, 'coverage_pct': 100.0}, 'vietnambiz': {'total': 3598, 'full_text': 3598, 'coverage_pct': 100.0}, 'vietstock': {'total': 11285, 'full_text': 11267, 'coverage_pct': 99.84}, 'vnexpress': {'total': 1762, 'full_text': 1761, 'coverage_pct': 99.94}}
[2026-07-06 16:21:44] [TASK_2B] [INFO] Enriched 14750/27877 pending articles...
[2026-07-06 16:21:44] [TASK_2B] [INFO] Enriched 14800/27877 pending articles...
[2026-07-06 16:22:03] [TASK_2B] [INFO] Checkpoint saved after 14800 new articles.
[2026-07-06 16:22:03] [TASK_2B] [INFO] Checkpoint coverage: 36538/45968 unique URLs with full text (79.49%). Status: {'ok': 24140, 'partial': 12398, 'restricted': 5190, 'failed': 4145, 'fetch_failed': 95}. By source: {'cafef': {'total': 19364, 'full_text': 14171, 'coverage_pct': 73.18}, 'kinhtechungkhoan': {'total': 8513, 'full_text': 4295, 'coverage_pct': 50.45}, 'tnck': {'total': 1446, 'full_text': 1446, 'coverage_pct': 100.0}, 'vietnambiz': {'total': 3598, 'full_text': 3598, 'coverage_pct': 100.0}, 'vietstock': {'total': 11285, 'full_text': 11267, 'coverage_pct': 99.84}, 'vnexpress': {'total': 1762, 'full_text': 1761, 'coverage_pct': 99.94}}
[2026-07-06 16:22:03] [TASK_2B] [INFO] Enriched 14850/27877 pending articles...
[2026-07-06 16:22:03] [TASK_2B] [INFO] Enriched 14900/27877 pending articles...
[2026-07-06 16:22:23] [TASK_2B] [INFO] Checkpoint saved after 14900 new articles.
[2026-07-06 16:22:24] [TASK_2B] [INFO] Checkpoint coverage: 36622/45968 unique URLs with full text (79.67%). Status: {'ok': 24141, 'partial': 12481, 'restricted': 5106, 'failed': 4145, 'fetch_failed': 95}. By source: {'cafef': {'total': 19364, 'full_text': 14255, 'coverage_pct': 73.62}, 'kinhtechungkhoan': {'total': 8513, 'full_text': 4295, 'coverage_pct': 50.45}, 'tnck': {'total': 1446, 'full_text': 1446, 'coverage_pct': 100.0}, 'vietnambiz': {'total': 3598, 'full_text': 3598, 'coverage_pct': 100.0}, 'vietstock': {'total': 11285, 'full_text': 11267, 'coverage_pct': 99.84}, 'vnexpress': {'total': 1762, 'full_text': 1761, 'coverage_pct': 99.94}}
[2026-07-06 16:22:24] [TASK_2B] [INFO] Enriched 14950/27877 pending articles...
[2026-07-06 16:22:24] [TASK_2B] [INFO] Enriched 15000/27877 pending articles...
[2026-07-06 16:22:41] [TASK_2B] [INFO] Checkpoint saved after 15000 new articles.
[2026-07-06 16:22:41] [TASK_2B] [INFO] Checkpoint coverage: 36705/45968 unique URLs with full text (79.85%). Status: {'ok': 24142, 'partial': 12563, 'restricted': 5023, 'failed': 4145, 'fetch_failed': 95}. By source: {'cafef': {'total': 19364, 'full_text': 14338, 'coverage_pct': 74.04}, 'kinhtechungkhoan': {'total': 8513, 'full_text': 4295, 'coverage_pct': 50.45}, 'tnck': {'total': 1446, 'full_text': 1446, 'coverage_pct': 100.0}, 'vietnambiz': {'total': 3598, 'full_text': 3598, 'coverage_pct': 100.0}, 'vietstock': {'total': 11285, 'full_text': 11267, 'coverage_pct': 99.84}, 'vnexpress': {'total': 1762, 'full_text': 1761, 'coverage_pct': 99.94}}
[2026-07-06 16:22:41] [TASK_2B] [INFO] Enriched 15050/27877 pending articles...
[2026-07-06 16:22:41] [TASK_2B] [INFO] Enriched 15100/27877 pending articles...
[2026-07-06 16:22:57] [TASK_2B] [INFO] Checkpoint saved after 15100 new articles.
[2026-07-06 16:22:57] [TASK_2B] [INFO] Checkpoint coverage: 36791/45968 unique URLs with full text (80.04%). Status: {'ok': 24146, 'partial': 12645, 'restricted': 4937, 'failed': 4145, 'fetch_failed': 95}. By source: {'cafef': {'total': 19364, 'full_text': 14424, 'coverage_pct': 74.49}, 'kinhtechungkhoan': {'total': 8513, 'full_text': 4295, 'coverage_pct': 50.45}, 'tnck': {'total': 1446, 'full_text': 1446, 'coverage_pct': 100.0}, 'vietnambiz': {'total': 3598, 'full_text': 3598, 'coverage_pct': 100.0}, 'vietstock': {'total': 11285, 'full_text': 11267, 'coverage_pct': 99.84}, 'vnexpress': {'total': 1762, 'full_text': 1761, 'coverage_pct': 99.94}}
[2026-07-06 16:22:57] [TASK_2B] [INFO] Enriched 15150/27877 pending articles...
[2026-07-06 16:22:57] [TASK_2B] [INFO] Enriched 15200/27877 pending articles...
[2026-07-06 16:23:16] [TASK_2B] [INFO] Checkpoint saved after 15200 new articles.
[2026-07-06 16:23:16] [TASK_2B] [INFO] Checkpoint coverage: 36880/45968 unique URLs with full text (80.23%). Status: {'ok': 24151, 'partial': 12729, 'restricted': 4848, 'failed': 4145, 'fetch_failed': 95}. By source: {'cafef': {'total': 19364, 'full_text': 14513, 'coverage_pct': 74.95}, 'kinhtechungkhoan': {'total': 8513, 'full_text': 4295, 'coverage_pct': 50.45}, 'tnck': {'total': 1446, 'full_text': 1446, 'coverage_pct': 100.0}, 'vietnambiz': {'total': 3598, 'full_text': 3598, 'coverage_pct': 100.0}, 'vietstock': {'total': 11285, 'full_text': 11267, 'coverage_pct': 99.84}, 'vnexpress': {'total': 1762, 'full_text': 1761, 'coverage_pct': 99.94}}
[2026-07-06 16:23:16] [TASK_2B] [INFO] Enriched 15250/27877 pending articles...
[2026-07-06 16:23:16] [TASK_2B] [INFO] Enriched 15300/27877 pending articles...
[2026-07-06 16:23:36] [TASK_2B] [INFO] Checkpoint saved after 15300 new articles.
[2026-07-06 16:23:36] [TASK_2B] [INFO] Checkpoint coverage: 36960/45968 unique URLs with full text (80.40%). Status: {'ok': 24154, 'partial': 12806, 'restricted': 4768, 'failed': 4145, 'fetch_failed': 95}. By source: {'cafef': {'total': 19364, 'full_text': 14593, 'coverage_pct': 75.36}, 'kinhtechungkhoan': {'total': 8513, 'full_text': 4295, 'coverage_pct': 50.45}, 'tnck': {'total': 1446, 'full_text': 1446, 'coverage_pct': 100.0}, 'vietnambiz': {'total': 3598, 'full_text': 3598, 'coverage_pct': 100.0}, 'vietstock': {'total': 11285, 'full_text': 11267, 'coverage_pct': 99.84}, 'vnexpress': {'total': 1762, 'full_text': 1761, 'coverage_pct': 99.94}}
[2026-07-06 16:23:36] [TASK_2B] [INFO] Enriched 15350/27877 pending articles...
[2026-07-06 16:23:36] [TASK_2B] [INFO] Enriched 15400/27877 pending articles...
[2026-07-06 16:23:53] [TASK_2B] [INFO] Checkpoint saved after 15400 new articles.
[2026-07-06 16:23:53] [TASK_2B] [INFO] Checkpoint coverage: 37050/45968 unique URLs with full text (80.60%). Status: {'ok': 24155, 'partial': 12895, 'restricted': 4678, 'failed': 4145, 'fetch_failed': 95}. By source: {'cafef': {'total': 19364, 'full_text': 14683, 'coverage_pct': 75.83}, 'kinhtechungkhoan': {'total': 8513, 'full_text': 4295, 'coverage_pct': 50.45}, 'tnck': {'total': 1446, 'full_text': 1446, 'coverage_pct': 100.0}, 'vietnambiz': {'total': 3598, 'full_text': 3598, 'coverage_pct': 100.0}, 'vietstock': {'total': 11285, 'full_text': 11267, 'coverage_pct': 99.84}, 'vnexpress': {'total': 1762, 'full_text': 1761, 'coverage_pct': 99.94}}
[2026-07-06 16:23:53] [TASK_2B] [INFO] Enriched 15450/27877 pending articles...
[2026-07-06 16:23:53] [TASK_2B] [INFO] Enriched 15500/27877 pending articles...
[2026-07-06 16:24:14] [TASK_2B] [INFO] Checkpoint saved after 15500 new articles.
[2026-07-06 16:24:14] [TASK_2B] [INFO] Checkpoint coverage: 37138/45968 unique URLs with full text (80.79%). Status: {'ok': 24155, 'partial': 12983, 'restricted': 4590, 'failed': 4145, 'fetch_failed': 95}. By source: {'cafef': {'total': 19364, 'full_text': 14771, 'coverage_pct': 76.28}, 'kinhtechungkhoan': {'total': 8513, 'full_text': 4295, 'coverage_pct': 50.45}, 'tnck': {'total': 1446, 'full_text': 1446, 'coverage_pct': 100.0}, 'vietnambiz': {'total': 3598, 'full_text': 3598, 'coverage_pct': 100.0}, 'vietstock': {'total': 11285, 'full_text': 11267, 'coverage_pct': 99.84}, 'vnexpress': {'total': 1762, 'full_text': 1761, 'coverage_pct': 99.94}}
[2026-07-06 16:24:14] [TASK_2B] [INFO] Enriched 15550/27877 pending articles...
[2026-07-06 16:24:14] [TASK_2B] [INFO] Enriched 15600/27877 pending articles...
[2026-07-06 16:24:35] [TASK_2B] [INFO] Checkpoint saved after 15600 new articles.
[2026-07-06 16:24:35] [TASK_2B] [INFO] Checkpoint coverage: 37217/45968 unique URLs with full text (80.96%). Status: {'ok': 24158, 'partial': 13059, 'restricted': 4511, 'failed': 4145, 'fetch_failed': 95}. By source: {'cafef': {'total': 19364, 'full_text': 14850, 'coverage_pct': 76.69}, 'kinhtechungkhoan': {'total': 8513, 'full_text': 4295, 'coverage_pct': 50.45}, 'tnck': {'total': 1446, 'full_text': 1446, 'coverage_pct': 100.0}, 'vietnambiz': {'total': 3598, 'full_text': 3598, 'coverage_pct': 100.0}, 'vietstock': {'total': 11285, 'full_text': 11267, 'coverage_pct': 99.84}, 'vnexpress': {'total': 1762, 'full_text': 1761, 'coverage_pct': 99.94}}
[2026-07-06 16:24:35] [TASK_2B] [INFO] Enriched 15650/27877 pending articles...
[2026-07-06 16:24:35] [TASK_2B] [INFO] Enriched 15700/27877 pending articles...
[2026-07-06 16:24:53] [TASK_2B] [INFO] Checkpoint saved after 15700 new articles.
[2026-07-06 16:24:53] [TASK_2B] [INFO] Checkpoint coverage: 37310/45968 unique URLs with full text (81.17%). Status: {'ok': 24161, 'partial': 13149, 'restricted': 4418, 'failed': 4145, 'fetch_failed': 95}. By source: {'cafef': {'total': 19364, 'full_text': 14943, 'coverage_pct': 77.17}, 'kinhtechungkhoan': {'total': 8513, 'full_text': 4295, 'coverage_pct': 50.45}, 'tnck': {'total': 1446, 'full_text': 1446, 'coverage_pct': 100.0}, 'vietnambiz': {'total': 3598, 'full_text': 3598, 'coverage_pct': 100.0}, 'vietstock': {'total': 11285, 'full_text': 11267, 'coverage_pct': 99.84}, 'vnexpress': {'total': 1762, 'full_text': 1761, 'coverage_pct': 99.94}}
[2026-07-06 16:24:53] [TASK_2B] [INFO] Enriched 15750/27877 pending articles...
[2026-07-06 16:24:53] [TASK_2B] [INFO] Enriched 15800/27877 pending articles...
[2026-07-06 16:25:11] [TASK_2B] [INFO] Checkpoint saved after 15800 new articles.
[2026-07-06 16:25:11] [TASK_2B] [INFO] Checkpoint coverage: 37397/45968 unique URLs with full text (81.35%). Status: {'ok': 24161, 'partial': 13236, 'restricted': 4331, 'failed': 4145, 'fetch_failed': 95}. By source: {'cafef': {'total': 19364, 'full_text': 15030, 'coverage_pct': 77.62}, 'kinhtechungkhoan': {'total': 8513, 'full_text': 4295, 'coverage_pct': 50.45}, 'tnck': {'total': 1446, 'full_text': 1446, 'coverage_pct': 100.0}, 'vietnambiz': {'total': 3598, 'full_text': 3598, 'coverage_pct': 100.0}, 'vietstock': {'total': 11285, 'full_text': 11267, 'coverage_pct': 99.84}, 'vnexpress': {'total': 1762, 'full_text': 1761, 'coverage_pct': 99.94}}
[2026-07-06 16:25:11] [TASK_2B] [INFO] Enriched 15850/27877 pending articles...
[2026-07-06 16:25:11] [TASK_2B] [INFO] Enriched 15900/27877 pending articles...
[2026-07-06 16:25:27] [TASK_2B] [INFO] Checkpoint saved after 15900 new articles.
[2026-07-06 16:25:27] [TASK_2B] [INFO] Checkpoint coverage: 37491/45968 unique URLs with full text (81.56%). Status: {'ok': 24162, 'partial': 13329, 'restricted': 4237, 'failed': 4145, 'fetch_failed': 95}. By source: {'cafef': {'total': 19364, 'full_text': 15124, 'coverage_pct': 78.1}, 'kinhtechungkhoan': {'total': 8513, 'full_text': 4295, 'coverage_pct': 50.45}, 'tnck': {'total': 1446, 'full_text': 1446, 'coverage_pct': 100.0}, 'vietnambiz': {'total': 3598, 'full_text': 3598, 'coverage_pct': 100.0}, 'vietstock': {'total': 11285, 'full_text': 11267, 'coverage_pct': 99.84}, 'vnexpress': {'total': 1762, 'full_text': 1761, 'coverage_pct': 99.94}}
[2026-07-06 16:25:27] [TASK_2B] [INFO] Enriched 15950/27877 pending articles...
[2026-07-06 16:25:27] [TASK_2B] [INFO] Enriched 16000/27877 pending articles...
[2026-07-06 16:25:43] [TASK_2B] [INFO] Checkpoint saved after 16000 new articles.
[2026-07-06 16:25:43] [TASK_2B] [INFO] Checkpoint coverage: 37583/45968 unique URLs with full text (81.76%). Status: {'ok': 24162, 'partial': 13421, 'restricted': 4145, 'failed': 4145, 'fetch_failed': 95}. By source: {'cafef': {'total': 19364, 'full_text': 15216, 'coverage_pct': 78.58}, 'kinhtechungkhoan': {'total': 8513, 'full_text': 4295, 'coverage_pct': 50.45}, 'tnck': {'total': 1446, 'full_text': 1446, 'coverage_pct': 100.0}, 'vietnambiz': {'total': 3598, 'full_text': 3598, 'coverage_pct': 100.0}, 'vietstock': {'total': 11285, 'full_text': 11267, 'coverage_pct': 99.84}, 'vnexpress': {'total': 1762, 'full_text': 1761, 'coverage_pct': 99.94}}
[2026-07-06 16:25:43] [TASK_2B] [INFO] Enriched 16050/27877 pending articles...
[2026-07-06 16:25:43] [TASK_2B] [INFO] Enriched 16100/27877 pending articles...
[2026-07-06 16:25:58] [TASK_2B] [INFO] Checkpoint saved after 16100 new articles.
[2026-07-06 16:25:58] [TASK_2B] [INFO] Checkpoint coverage: 37674/45968 unique URLs with full text (81.96%). Status: {'ok': 24165, 'partial': 13509, 'failed': 4145, 'restricted': 4054, 'fetch_failed': 95}. By source: {'cafef': {'total': 19364, 'full_text': 15307, 'coverage_pct': 79.05}, 'kinhtechungkhoan': {'total': 8513, 'full_text': 4295, 'coverage_pct': 50.45}, 'tnck': {'total': 1446, 'full_text': 1446, 'coverage_pct': 100.0}, 'vietnambiz': {'total': 3598, 'full_text': 3598, 'coverage_pct': 100.0}, 'vietstock': {'total': 11285, 'full_text': 11267, 'coverage_pct': 99.84}, 'vnexpress': {'total': 1762, 'full_text': 1761, 'coverage_pct': 99.94}}
[2026-07-06 16:25:58] [TASK_2B] [INFO] Enriched 16150/27877 pending articles...
[2026-07-06 16:25:58] [TASK_2B] [INFO] Enriched 16200/27877 pending articles...
[2026-07-06 16:26:13] [TASK_2B] [INFO] Checkpoint saved after 16200 new articles.
[2026-07-06 16:26:13] [TASK_2B] [INFO] Checkpoint coverage: 37758/45968 unique URLs with full text (82.14%). Status: {'ok': 24167, 'partial': 13591, 'failed': 4145, 'restricted': 3970, 'fetch_failed': 95}. By source: {'cafef': {'total': 19364, 'full_text': 15391, 'coverage_pct': 79.48}, 'kinhtechungkhoan': {'total': 8513, 'full_text': 4295, 'coverage_pct': 50.45}, 'tnck': {'total': 1446, 'full_text': 1446, 'coverage_pct': 100.0}, 'vietnambiz': {'total': 3598, 'full_text': 3598, 'coverage_pct': 100.0}, 'vietstock': {'total': 11285, 'full_text': 11267, 'coverage_pct': 99.84}, 'vnexpress': {'total': 1762, 'full_text': 1761, 'coverage_pct': 99.94}}
[2026-07-06 16:26:13] [TASK_2B] [INFO] Enriched 16250/27877 pending articles...
[2026-07-06 16:26:13] [TASK_2B] [INFO] Enriched 16300/27877 pending articles...
[2026-07-06 16:26:29] [TASK_2B] [INFO] Checkpoint saved after 16300 new articles.
[2026-07-06 16:26:29] [TASK_2B] [INFO] Checkpoint coverage: 37844/45968 unique URLs with full text (82.33%). Status: {'ok': 24167, 'partial': 13677, 'failed': 4145, 'restricted': 3884, 'fetch_failed': 95}. By source: {'cafef': {'total': 19364, 'full_text': 15477, 'coverage_pct': 79.93}, 'kinhtechungkhoan': {'total': 8513, 'full_text': 4295, 'coverage_pct': 50.45}, 'tnck': {'total': 1446, 'full_text': 1446, 'coverage_pct': 100.0}, 'vietnambiz': {'total': 3598, 'full_text': 3598, 'coverage_pct': 100.0}, 'vietstock': {'total': 11285, 'full_text': 11267, 'coverage_pct': 99.84}, 'vnexpress': {'total': 1762, 'full_text': 1761, 'coverage_pct': 99.94}}
[2026-07-06 16:26:29] [TASK_2B] [INFO] Enriched 16350/27877 pending articles...
[2026-07-06 16:26:29] [TASK_2B] [INFO] Enriched 16400/27877 pending articles...
[2026-07-06 16:26:45] [TASK_2B] [INFO] Checkpoint saved after 16400 new articles.
[2026-07-06 16:26:45] [TASK_2B] [INFO] Checkpoint coverage: 37938/45968 unique URLs with full text (82.53%). Status: {'ok': 24167, 'partial': 13771, 'failed': 4145, 'restricted': 3790, 'fetch_failed': 95}. By source: {'cafef': {'total': 19364, 'full_text': 15571, 'coverage_pct': 80.41}, 'kinhtechungkhoan': {'total': 8513, 'full_text': 4295, 'coverage_pct': 50.45}, 'tnck': {'total': 1446, 'full_text': 1446, 'coverage_pct': 100.0}, 'vietnambiz': {'total': 3598, 'full_text': 3598, 'coverage_pct': 100.0}, 'vietstock': {'total': 11285, 'full_text': 11267, 'coverage_pct': 99.84}, 'vnexpress': {'total': 1762, 'full_text': 1761, 'coverage_pct': 99.94}}
[2026-07-06 16:26:45] [TASK_2B] [INFO] Enriched 16450/27877 pending articles...
[2026-07-06 16:26:45] [TASK_2B] [INFO] Enriched 16500/27877 pending articles...
[2026-07-06 16:27:01] [TASK_2B] [INFO] Checkpoint saved after 16500 new articles.
[2026-07-06 16:27:01] [TASK_2B] [INFO] Checkpoint coverage: 38025/45968 unique URLs with full text (82.72%). Status: {'ok': 24170, 'partial': 13855, 'failed': 4145, 'restricted': 3703, 'fetch_failed': 95}. By source: {'cafef': {'total': 19364, 'full_text': 15658, 'coverage_pct': 80.86}, 'kinhtechungkhoan': {'total': 8513, 'full_text': 4295, 'coverage_pct': 50.45}, 'tnck': {'total': 1446, 'full_text': 1446, 'coverage_pct': 100.0}, 'vietnambiz': {'total': 3598, 'full_text': 3598, 'coverage_pct': 100.0}, 'vietstock': {'total': 11285, 'full_text': 11267, 'coverage_pct': 99.84}, 'vnexpress': {'total': 1762, 'full_text': 1761, 'coverage_pct': 99.94}}
[2026-07-06 16:27:01] [TASK_2B] [INFO] Enriched 16550/27877 pending articles...
[2026-07-06 16:27:01] [TASK_2B] [INFO] Enriched 16600/27877 pending articles...
[2026-07-06 16:27:16] [TASK_2B] [INFO] Checkpoint saved after 16600 new articles.
[2026-07-06 16:27:16] [TASK_2B] [INFO] Checkpoint coverage: 38117/45968 unique URLs with full text (82.92%). Status: {'ok': 24172, 'partial': 13945, 'failed': 4145, 'restricted': 3611, 'fetch_failed': 95}. By source: {'cafef': {'total': 19364, 'full_text': 15750, 'coverage_pct': 81.34}, 'kinhtechungkhoan': {'total': 8513, 'full_text': 4295, 'coverage_pct': 50.45}, 'tnck': {'total': 1446, 'full_text': 1446, 'coverage_pct': 100.0}, 'vietnambiz': {'total': 3598, 'full_text': 3598, 'coverage_pct': 100.0}, 'vietstock': {'total': 11285, 'full_text': 11267, 'coverage_pct': 99.84}, 'vnexpress': {'total': 1762, 'full_text': 1761, 'coverage_pct': 99.94}}
[2026-07-06 16:27:16] [TASK_2B] [INFO] Enriched 16650/27877 pending articles...
[2026-07-06 16:27:16] [TASK_2B] [INFO] Enriched 16700/27877 pending articles...
[2026-07-06 16:27:32] [TASK_2B] [INFO] Checkpoint saved after 16700 new articles.
[2026-07-06 16:27:32] [TASK_2B] [INFO] Checkpoint coverage: 38213/45968 unique URLs with full text (83.13%). Status: {'ok': 24173, 'partial': 14040, 'failed': 4145, 'restricted': 3515, 'fetch_failed': 95}. By source: {'cafef': {'total': 19364, 'full_text': 15846, 'coverage_pct': 81.83}, 'kinhtechungkhoan': {'total': 8513, 'full_text': 4295, 'coverage_pct': 50.45}, 'tnck': {'total': 1446, 'full_text': 1446, 'coverage_pct': 100.0}, 'vietnambiz': {'total': 3598, 'full_text': 3598, 'coverage_pct': 100.0}, 'vietstock': {'total': 11285, 'full_text': 11267, 'coverage_pct': 99.84}, 'vnexpress': {'total': 1762, 'full_text': 1761, 'coverage_pct': 99.94}}
[2026-07-06 16:27:32] [TASK_2B] [INFO] Enriched 16750/27877 pending articles...
[2026-07-06 16:27:32] [TASK_2B] [INFO] Enriched 16800/27877 pending articles...
[2026-07-06 16:27:48] [TASK_2B] [INFO] Checkpoint saved after 16800 new articles.
[2026-07-06 16:27:48] [TASK_2B] [INFO] Checkpoint coverage: 38310/45968 unique URLs with full text (83.34%). Status: {'ok': 24174, 'partial': 14136, 'failed': 4145, 'restricted': 3418, 'fetch_failed': 95}. By source: {'cafef': {'total': 19364, 'full_text': 15943, 'coverage_pct': 82.33}, 'kinhtechungkhoan': {'total': 8513, 'full_text': 4295, 'coverage_pct': 50.45}, 'tnck': {'total': 1446, 'full_text': 1446, 'coverage_pct': 100.0}, 'vietnambiz': {'total': 3598, 'full_text': 3598, 'coverage_pct': 100.0}, 'vietstock': {'total': 11285, 'full_text': 11267, 'coverage_pct': 99.84}, 'vnexpress': {'total': 1762, 'full_text': 1761, 'coverage_pct': 99.94}}
[2026-07-06 16:27:48] [TASK_2B] [INFO] Enriched 16850/27877 pending articles...
[2026-07-06 16:27:48] [TASK_2B] [INFO] Enriched 16900/27877 pending articles...
[2026-07-06 16:28:04] [TASK_2B] [INFO] Checkpoint saved after 16900 new articles.
[2026-07-06 16:28:04] [TASK_2B] [INFO] Checkpoint coverage: 38405/45968 unique URLs with full text (83.55%). Status: {'ok': 24177, 'partial': 14228, 'failed': 4145, 'restricted': 3323, 'fetch_failed': 95}. By source: {'cafef': {'total': 19364, 'full_text': 16038, 'coverage_pct': 82.82}, 'kinhtechungkhoan': {'total': 8513, 'full_text': 4295, 'coverage_pct': 50.45}, 'tnck': {'total': 1446, 'full_text': 1446, 'coverage_pct': 100.0}, 'vietnambiz': {'total': 3598, 'full_text': 3598, 'coverage_pct': 100.0}, 'vietstock': {'total': 11285, 'full_text': 11267, 'coverage_pct': 99.84}, 'vnexpress': {'total': 1762, 'full_text': 1761, 'coverage_pct': 99.94}}
[2026-07-06 16:28:04] [TASK_2B] [INFO] Enriched 16950/27877 pending articles...
[2026-07-06 16:28:04] [TASK_2B] [INFO] Enriched 17000/27877 pending articles...
[2026-07-06 16:28:19] [TASK_2B] [INFO] Checkpoint saved after 17000 new articles.
[2026-07-06 16:28:20] [TASK_2B] [INFO] Checkpoint coverage: 38502/45968 unique URLs with full text (83.76%). Status: {'ok': 24177, 'partial': 14325, 'failed': 4145, 'restricted': 3226, 'fetch_failed': 95}. By source: {'cafef': {'total': 19364, 'full_text': 16135, 'coverage_pct': 83.32}, 'kinhtechungkhoan': {'total': 8513, 'full_text': 4295, 'coverage_pct': 50.45}, 'tnck': {'total': 1446, 'full_text': 1446, 'coverage_pct': 100.0}, 'vietnambiz': {'total': 3598, 'full_text': 3598, 'coverage_pct': 100.0}, 'vietstock': {'total': 11285, 'full_text': 11267, 'coverage_pct': 99.84}, 'vnexpress': {'total': 1762, 'full_text': 1761, 'coverage_pct': 99.94}}
[2026-07-06 16:28:20] [TASK_2B] [INFO] Enriched 17050/27877 pending articles...
[2026-07-06 16:28:20] [TASK_2B] [INFO] Enriched 17100/27877 pending articles...
[2026-07-06 16:28:39] [TASK_2B] [INFO] Checkpoint saved after 17100 new articles.
[2026-07-06 16:28:39] [TASK_2B] [INFO] Checkpoint coverage: 38598/45968 unique URLs with full text (83.97%). Status: {'ok': 24178, 'partial': 14420, 'failed': 4145, 'restricted': 3130, 'fetch_failed': 95}. By source: {'cafef': {'total': 19364, 'full_text': 16231, 'coverage_pct': 83.82}, 'kinhtechungkhoan': {'total': 8513, 'full_text': 4295, 'coverage_pct': 50.45}, 'tnck': {'total': 1446, 'full_text': 1446, 'coverage_pct': 100.0}, 'vietnambiz': {'total': 3598, 'full_text': 3598, 'coverage_pct': 100.0}, 'vietstock': {'total': 11285, 'full_text': 11267, 'coverage_pct': 99.84}, 'vnexpress': {'total': 1762, 'full_text': 1761, 'coverage_pct': 99.94}}
[2026-07-06 16:28:39] [TASK_2B] [INFO] Enriched 17150/27877 pending articles...
[2026-07-06 16:28:39] [TASK_2B] [INFO] Enriched 17200/27877 pending articles...
[2026-07-06 16:28:57] [TASK_2B] [INFO] Checkpoint saved after 17200 new articles.
[2026-07-06 16:28:57] [TASK_2B] [INFO] Checkpoint coverage: 38695/45968 unique URLs with full text (84.18%). Status: {'ok': 24178, 'partial': 14517, 'failed': 4145, 'restricted': 3033, 'fetch_failed': 95}. By source: {'cafef': {'total': 19364, 'full_text': 16328, 'coverage_pct': 84.32}, 'kinhtechungkhoan': {'total': 8513, 'full_text': 4295, 'coverage_pct': 50.45}, 'tnck': {'total': 1446, 'full_text': 1446, 'coverage_pct': 100.0}, 'vietnambiz': {'total': 3598, 'full_text': 3598, 'coverage_pct': 100.0}, 'vietstock': {'total': 11285, 'full_text': 11267, 'coverage_pct': 99.84}, 'vnexpress': {'total': 1762, 'full_text': 1761, 'coverage_pct': 99.94}}
[2026-07-06 16:28:57] [TASK_2B] [INFO] Enriched 17250/27877 pending articles...
[2026-07-06 16:28:57] [TASK_2B] [INFO] Enriched 17300/27877 pending articles...
[2026-07-06 16:29:16] [TASK_2B] [INFO] Checkpoint saved after 17300 new articles.
[2026-07-06 16:29:16] [TASK_2B] [INFO] Checkpoint coverage: 38789/45968 unique URLs with full text (84.38%). Status: {'ok': 24180, 'partial': 14609, 'failed': 4145, 'restricted': 2939, 'fetch_failed': 95}. By source: {'cafef': {'total': 19364, 'full_text': 16422, 'coverage_pct': 84.81}, 'kinhtechungkhoan': {'total': 8513, 'full_text': 4295, 'coverage_pct': 50.45}, 'tnck': {'total': 1446, 'full_text': 1446, 'coverage_pct': 100.0}, 'vietnambiz': {'total': 3598, 'full_text': 3598, 'coverage_pct': 100.0}, 'vietstock': {'total': 11285, 'full_text': 11267, 'coverage_pct': 99.84}, 'vnexpress': {'total': 1762, 'full_text': 1761, 'coverage_pct': 99.94}}
[2026-07-06 16:29:16] [TASK_2B] [INFO] Enriched 17350/27877 pending articles...
[2026-07-06 16:29:16] [TASK_2B] [INFO] Enriched 17400/27877 pending articles...
[2026-07-06 16:29:33] [TASK_2B] [INFO] Checkpoint saved after 17400 new articles.
[2026-07-06 16:29:33] [TASK_2B] [INFO] Checkpoint coverage: 38875/45968 unique URLs with full text (84.57%). Status: {'ok': 24182, 'partial': 14693, 'failed': 4145, 'restricted': 2853, 'fetch_failed': 95}. By source: {'cafef': {'total': 19364, 'full_text': 16508, 'coverage_pct': 85.25}, 'kinhtechungkhoan': {'total': 8513, 'full_text': 4295, 'coverage_pct': 50.45}, 'tnck': {'total': 1446, 'full_text': 1446, 'coverage_pct': 100.0}, 'vietnambiz': {'total': 3598, 'full_text': 3598, 'coverage_pct': 100.0}, 'vietstock': {'total': 11285, 'full_text': 11267, 'coverage_pct': 99.84}, 'vnexpress': {'total': 1762, 'full_text': 1761, 'coverage_pct': 99.94}}
[2026-07-06 16:29:33] [TASK_2B] [INFO] Enriched 17450/27877 pending articles...
[2026-07-06 16:29:33] [TASK_2B] [INFO] Enriched 17500/27877 pending articles...
[2026-07-06 16:29:51] [TASK_2B] [INFO] Checkpoint saved after 17500 new articles.
[2026-07-06 16:29:51] [TASK_2B] [INFO] Checkpoint coverage: 38965/45968 unique URLs with full text (84.77%). Status: {'ok': 24184, 'partial': 14781, 'failed': 4145, 'restricted': 2763, 'fetch_failed': 95}. By source: {'cafef': {'total': 19364, 'full_text': 16598, 'coverage_pct': 85.72}, 'kinhtechungkhoan': {'total': 8513, 'full_text': 4295, 'coverage_pct': 50.45}, 'tnck': {'total': 1446, 'full_text': 1446, 'coverage_pct': 100.0}, 'vietnambiz': {'total': 3598, 'full_text': 3598, 'coverage_pct': 100.0}, 'vietstock': {'total': 11285, 'full_text': 11267, 'coverage_pct': 99.84}, 'vnexpress': {'total': 1762, 'full_text': 1761, 'coverage_pct': 99.94}}
[2026-07-06 16:29:51] [TASK_2B] [INFO] Enriched 17550/27877 pending articles...
[2026-07-06 16:29:51] [TASK_2B] [INFO] Enriched 17600/27877 pending articles...
[2026-07-06 16:30:08] [TASK_2B] [INFO] Checkpoint saved after 17600 new articles.
[2026-07-06 16:30:09] [TASK_2B] [INFO] Checkpoint coverage: 39060/45968 unique URLs with full text (84.97%). Status: {'ok': 24185, 'partial': 14875, 'failed': 4145, 'restricted': 2668, 'fetch_failed': 95}. By source: {'cafef': {'total': 19364, 'full_text': 16693, 'coverage_pct': 86.21}, 'kinhtechungkhoan': {'total': 8513, 'full_text': 4295, 'coverage_pct': 50.45}, 'tnck': {'total': 1446, 'full_text': 1446, 'coverage_pct': 100.0}, 'vietnambiz': {'total': 3598, 'full_text': 3598, 'coverage_pct': 100.0}, 'vietstock': {'total': 11285, 'full_text': 11267, 'coverage_pct': 99.84}, 'vnexpress': {'total': 1762, 'full_text': 1761, 'coverage_pct': 99.94}}
[2026-07-06 16:30:09] [TASK_2B] [INFO] Enriched 17650/27877 pending articles...
[2026-07-06 16:30:09] [TASK_2B] [INFO] Enriched 17700/27877 pending articles...
[2026-07-06 16:30:28] [TASK_2B] [INFO] Checkpoint saved after 17700 new articles.
[2026-07-06 16:30:28] [TASK_2B] [INFO] Checkpoint coverage: 39144/45968 unique URLs with full text (85.15%). Status: {'ok': 24186, 'partial': 14958, 'failed': 4145, 'restricted': 2585, 'fetch_failed': 94}. By source: {'cafef': {'total': 19364, 'full_text': 16777, 'coverage_pct': 86.64}, 'kinhtechungkhoan': {'total': 8513, 'full_text': 4295, 'coverage_pct': 50.45}, 'tnck': {'total': 1446, 'full_text': 1446, 'coverage_pct': 100.0}, 'vietnambiz': {'total': 3598, 'full_text': 3598, 'coverage_pct': 100.0}, 'vietstock': {'total': 11285, 'full_text': 11267, 'coverage_pct': 99.84}, 'vnexpress': {'total': 1762, 'full_text': 1761, 'coverage_pct': 99.94}}
[2026-07-06 16:30:28] [TASK_2B] [INFO] Enriched 17750/27877 pending articles...
[2026-07-06 16:30:28] [TASK_2B] [INFO] Enriched 17800/27877 pending articles...
[2026-07-06 16:30:47] [TASK_2B] [INFO] Checkpoint saved after 17800 new articles.
[2026-07-06 16:30:47] [TASK_2B] [INFO] Checkpoint coverage: 39226/45968 unique URLs with full text (85.33%). Status: {'ok': 24186, 'partial': 15040, 'failed': 4145, 'restricted': 2503, 'fetch_failed': 94}. By source: {'cafef': {'total': 19364, 'full_text': 16859, 'coverage_pct': 87.06}, 'kinhtechungkhoan': {'total': 8513, 'full_text': 4295, 'coverage_pct': 50.45}, 'tnck': {'total': 1446, 'full_text': 1446, 'coverage_pct': 100.0}, 'vietnambiz': {'total': 3598, 'full_text': 3598, 'coverage_pct': 100.0}, 'vietstock': {'total': 11285, 'full_text': 11267, 'coverage_pct': 99.84}, 'vnexpress': {'total': 1762, 'full_text': 1761, 'coverage_pct': 99.94}}
[2026-07-06 16:30:47] [TASK_2B] [INFO] Enriched 17850/27877 pending articles...
[2026-07-06 16:30:47] [TASK_2B] [INFO] Enriched 17900/27877 pending articles...
[2026-07-06 16:31:07] [TASK_2B] [INFO] Checkpoint saved after 17900 new articles.
[2026-07-06 16:31:07] [TASK_2B] [INFO] Checkpoint coverage: 39292/45968 unique URLs with full text (85.48%). Status: {'ok': 24186, 'partial': 15106, 'failed': 4145, 'restricted': 2437, 'fetch_failed': 94}. By source: {'cafef': {'total': 19364, 'full_text': 16925, 'coverage_pct': 87.4}, 'kinhtechungkhoan': {'total': 8513, 'full_text': 4295, 'coverage_pct': 50.45}, 'tnck': {'total': 1446, 'full_text': 1446, 'coverage_pct': 100.0}, 'vietnambiz': {'total': 3598, 'full_text': 3598, 'coverage_pct': 100.0}, 'vietstock': {'total': 11285, 'full_text': 11267, 'coverage_pct': 99.84}, 'vnexpress': {'total': 1762, 'full_text': 1761, 'coverage_pct': 99.94}}
[2026-07-06 16:31:07] [TASK_2B] [INFO] Enriched 17950/27877 pending articles...
[2026-07-06 16:31:07] [TASK_2B] [INFO] Enriched 18000/27877 pending articles...
[2026-07-06 16:31:40] [TASK_2B] [INFO] Checkpoint saved after 18000 new articles.
[2026-07-06 16:31:40] [TASK_2B] [INFO] Checkpoint coverage: 39372/45968 unique URLs with full text (85.65%). Status: {'ok': 24186, 'partial': 15186, 'failed': 4145, 'restricted': 2357, 'fetch_failed': 94}. By source: {'cafef': {'total': 19364, 'full_text': 17005, 'coverage_pct': 87.82}, 'kinhtechungkhoan': {'total': 8513, 'full_text': 4295, 'coverage_pct': 50.45}, 'tnck': {'total': 1446, 'full_text': 1446, 'coverage_pct': 100.0}, 'vietnambiz': {'total': 3598, 'full_text': 3598, 'coverage_pct': 100.0}, 'vietstock': {'total': 11285, 'full_text': 11267, 'coverage_pct': 99.84}, 'vnexpress': {'total': 1762, 'full_text': 1761, 'coverage_pct': 99.94}}
[2026-07-06 16:31:40] [TASK_2B] [INFO] Enriched 18050/27877 pending articles...
[2026-07-06 16:31:40] [TASK_2B] [INFO] Enriched 18100/27877 pending articles...
[2026-07-06 16:31:58] [TASK_2B] [INFO] Checkpoint saved after 18100 new articles.
[2026-07-06 16:31:58] [TASK_2B] [INFO] Checkpoint coverage: 39453/45968 unique URLs with full text (85.83%). Status: {'ok': 24186, 'partial': 15267, 'failed': 4145, 'restricted': 2276, 'fetch_failed': 94}. By source: {'cafef': {'total': 19364, 'full_text': 17086, 'coverage_pct': 88.24}, 'kinhtechungkhoan': {'total': 8513, 'full_text': 4295, 'coverage_pct': 50.45}, 'tnck': {'total': 1446, 'full_text': 1446, 'coverage_pct': 100.0}, 'vietnambiz': {'total': 3598, 'full_text': 3598, 'coverage_pct': 100.0}, 'vietstock': {'total': 11285, 'full_text': 11267, 'coverage_pct': 99.84}, 'vnexpress': {'total': 1762, 'full_text': 1761, 'coverage_pct': 99.94}}
[2026-07-06 16:31:58] [TASK_2B] [INFO] Enriched 18150/27877 pending articles...
[2026-07-06 16:31:58] [TASK_2B] [INFO] Enriched 18200/27877 pending articles...
[2026-07-06 16:32:18] [TASK_2B] [INFO] Checkpoint saved after 18200 new articles.
[2026-07-06 16:32:18] [TASK_2B] [INFO] Checkpoint coverage: 39536/45968 unique URLs with full text (86.01%). Status: {'ok': 24186, 'partial': 15350, 'failed': 4145, 'restricted': 2193, 'fetch_failed': 94}. By source: {'cafef': {'total': 19364, 'full_text': 17169, 'coverage_pct': 88.66}, 'kinhtechungkhoan': {'total': 8513, 'full_text': 4295, 'coverage_pct': 50.45}, 'tnck': {'total': 1446, 'full_text': 1446, 'coverage_pct': 100.0}, 'vietnambiz': {'total': 3598, 'full_text': 3598, 'coverage_pct': 100.0}, 'vietstock': {'total': 11285, 'full_text': 11267, 'coverage_pct': 99.84}, 'vnexpress': {'total': 1762, 'full_text': 1761, 'coverage_pct': 99.94}}
[2026-07-06 16:32:18] [TASK_2B] [INFO] Enriched 18250/27877 pending articles...
[2026-07-06 16:32:18] [TASK_2B] [INFO] Enriched 18300/27877 pending articles...
[2026-07-06 16:32:35] [TASK_2B] [INFO] Checkpoint saved after 18300 new articles.
[2026-07-06 16:32:35] [TASK_2B] [INFO] Checkpoint coverage: 39622/45968 unique URLs with full text (86.19%). Status: {'ok': 24186, 'partial': 15436, 'failed': 4145, 'restricted': 2107, 'fetch_failed': 94}. By source: {'cafef': {'total': 19364, 'full_text': 17255, 'coverage_pct': 89.11}, 'kinhtechungkhoan': {'total': 8513, 'full_text': 4295, 'coverage_pct': 50.45}, 'tnck': {'total': 1446, 'full_text': 1446, 'coverage_pct': 100.0}, 'vietnambiz': {'total': 3598, 'full_text': 3598, 'coverage_pct': 100.0}, 'vietstock': {'total': 11285, 'full_text': 11267, 'coverage_pct': 99.84}, 'vnexpress': {'total': 1762, 'full_text': 1761, 'coverage_pct': 99.94}}
[2026-07-06 16:32:35] [TASK_2B] [INFO] Enriched 18350/27877 pending articles...
[2026-07-06 16:32:35] [TASK_2B] [INFO] Enriched 18400/27877 pending articles...
[2026-07-06 16:32:53] [TASK_2B] [INFO] Checkpoint saved after 18400 new articles.
[2026-07-06 16:32:53] [TASK_2B] [INFO] Checkpoint coverage: 39714/45968 unique URLs with full text (86.39%). Status: {'ok': 24189, 'partial': 15525, 'failed': 4145, 'restricted': 2015, 'fetch_failed': 94}. By source: {'cafef': {'total': 19364, 'full_text': 17347, 'coverage_pct': 89.58}, 'kinhtechungkhoan': {'total': 8513, 'full_text': 4295, 'coverage_pct': 50.45}, 'tnck': {'total': 1446, 'full_text': 1446, 'coverage_pct': 100.0}, 'vietnambiz': {'total': 3598, 'full_text': 3598, 'coverage_pct': 100.0}, 'vietstock': {'total': 11285, 'full_text': 11267, 'coverage_pct': 99.84}, 'vnexpress': {'total': 1762, 'full_text': 1761, 'coverage_pct': 99.94}}
[2026-07-06 16:32:53] [TASK_2B] [INFO] Enriched 18450/27877 pending articles...
[2026-07-06 16:32:53] [TASK_2B] [INFO] Enriched 18500/27877 pending articles...
[2026-07-06 16:33:12] [TASK_2B] [INFO] Checkpoint saved after 18500 new articles.
[2026-07-06 16:33:12] [TASK_2B] [INFO] Checkpoint coverage: 39805/45968 unique URLs with full text (86.59%). Status: {'ok': 24191, 'partial': 15614, 'failed': 4145, 'restricted': 1924, 'fetch_failed': 94}. By source: {'cafef': {'total': 19364, 'full_text': 17438, 'coverage_pct': 90.05}, 'kinhtechungkhoan': {'total': 8513, 'full_text': 4295, 'coverage_pct': 50.45}, 'tnck': {'total': 1446, 'full_text': 1446, 'coverage_pct': 100.0}, 'vietnambiz': {'total': 3598, 'full_text': 3598, 'coverage_pct': 100.0}, 'vietstock': {'total': 11285, 'full_text': 11267, 'coverage_pct': 99.84}, 'vnexpress': {'total': 1762, 'full_text': 1761, 'coverage_pct': 99.94}}
[2026-07-06 16:33:12] [TASK_2B] [INFO] Enriched 18550/27877 pending articles...
[2026-07-06 16:33:12] [TASK_2B] [INFO] Enriched 18600/27877 pending articles...
[2026-07-06 16:33:29] [TASK_2B] [INFO] Checkpoint saved after 18600 new articles.
[2026-07-06 16:33:30] [TASK_2B] [INFO] Checkpoint coverage: 39888/45968 unique URLs with full text (86.77%). Status: {'ok': 24192, 'partial': 15696, 'failed': 4145, 'restricted': 1841, 'fetch_failed': 94}. By source: {'cafef': {'total': 19364, 'full_text': 17521, 'coverage_pct': 90.48}, 'kinhtechungkhoan': {'total': 8513, 'full_text': 4295, 'coverage_pct': 50.45}, 'tnck': {'total': 1446, 'full_text': 1446, 'coverage_pct': 100.0}, 'vietnambiz': {'total': 3598, 'full_text': 3598, 'coverage_pct': 100.0}, 'vietstock': {'total': 11285, 'full_text': 11267, 'coverage_pct': 99.84}, 'vnexpress': {'total': 1762, 'full_text': 1761, 'coverage_pct': 99.94}}
[2026-07-06 16:33:30] [TASK_2B] [INFO] Enriched 18650/27877 pending articles...
[2026-07-06 16:33:30] [TASK_2B] [INFO] Enriched 18700/27877 pending articles...
[2026-07-06 16:33:49] [TASK_2B] [INFO] Checkpoint saved after 18700 new articles.
[2026-07-06 16:33:49] [TASK_2B] [INFO] Checkpoint coverage: 39966/45968 unique URLs with full text (86.94%). Status: {'ok': 24194, 'partial': 15772, 'failed': 4145, 'restricted': 1763, 'fetch_failed': 94}. By source: {'cafef': {'total': 19364, 'full_text': 17599, 'coverage_pct': 90.89}, 'kinhtechungkhoan': {'total': 8513, 'full_text': 4295, 'coverage_pct': 50.45}, 'tnck': {'total': 1446, 'full_text': 1446, 'coverage_pct': 100.0}, 'vietnambiz': {'total': 3598, 'full_text': 3598, 'coverage_pct': 100.0}, 'vietstock': {'total': 11285, 'full_text': 11267, 'coverage_pct': 99.84}, 'vnexpress': {'total': 1762, 'full_text': 1761, 'coverage_pct': 99.94}}
[2026-07-06 16:33:49] [TASK_2B] [INFO] Enriched 18750/27877 pending articles...
[2026-07-06 16:33:49] [TASK_2B] [INFO] Enriched 18800/27877 pending articles...
[2026-07-06 16:34:07] [TASK_2B] [INFO] Checkpoint saved after 18800 new articles.
[2026-07-06 16:34:07] [TASK_2B] [INFO] Checkpoint coverage: 40058/45968 unique URLs with full text (87.14%). Status: {'ok': 24196, 'partial': 15862, 'failed': 4145, 'restricted': 1671, 'fetch_failed': 94}. By source: {'cafef': {'total': 19364, 'full_text': 17691, 'coverage_pct': 91.36}, 'kinhtechungkhoan': {'total': 8513, 'full_text': 4295, 'coverage_pct': 50.45}, 'tnck': {'total': 1446, 'full_text': 1446, 'coverage_pct': 100.0}, 'vietnambiz': {'total': 3598, 'full_text': 3598, 'coverage_pct': 100.0}, 'vietstock': {'total': 11285, 'full_text': 11267, 'coverage_pct': 99.84}, 'vnexpress': {'total': 1762, 'full_text': 1761, 'coverage_pct': 99.94}}
[2026-07-06 16:34:07] [TASK_2B] [INFO] Enriched 18850/27877 pending articles...
[2026-07-06 16:34:07] [TASK_2B] [INFO] Enriched 18900/27877 pending articles...
[2026-07-06 16:34:25] [TASK_2B] [INFO] Checkpoint saved after 18900 new articles.
[2026-07-06 16:34:25] [TASK_2B] [INFO] Checkpoint coverage: 40145/45968 unique URLs with full text (87.33%). Status: {'ok': 24198, 'partial': 15947, 'failed': 4145, 'restricted': 1584, 'fetch_failed': 94}. By source: {'cafef': {'total': 19364, 'full_text': 17778, 'coverage_pct': 91.81}, 'kinhtechungkhoan': {'total': 8513, 'full_text': 4295, 'coverage_pct': 50.45}, 'tnck': {'total': 1446, 'full_text': 1446, 'coverage_pct': 100.0}, 'vietnambiz': {'total': 3598, 'full_text': 3598, 'coverage_pct': 100.0}, 'vietstock': {'total': 11285, 'full_text': 11267, 'coverage_pct': 99.84}, 'vnexpress': {'total': 1762, 'full_text': 1761, 'coverage_pct': 99.94}}
[2026-07-06 16:34:25] [TASK_2B] [INFO] Enriched 18950/27877 pending articles...
[2026-07-06 16:34:25] [TASK_2B] [INFO] Enriched 19000/27877 pending articles...
[2026-07-06 16:34:42] [TASK_2B] [INFO] Checkpoint saved after 19000 new articles.
[2026-07-06 16:34:43] [TASK_2B] [INFO] Checkpoint coverage: 40233/45968 unique URLs with full text (87.52%). Status: {'ok': 24198, 'partial': 16035, 'failed': 4145, 'restricted': 1496, 'fetch_failed': 94}. By source: {'cafef': {'total': 19364, 'full_text': 17866, 'coverage_pct': 92.26}, 'kinhtechungkhoan': {'total': 8513, 'full_text': 4295, 'coverage_pct': 50.45}, 'tnck': {'total': 1446, 'full_text': 1446, 'coverage_pct': 100.0}, 'vietnambiz': {'total': 3598, 'full_text': 3598, 'coverage_pct': 100.0}, 'vietstock': {'total': 11285, 'full_text': 11267, 'coverage_pct': 99.84}, 'vnexpress': {'total': 1762, 'full_text': 1761, 'coverage_pct': 99.94}}
[2026-07-06 16:34:43] [TASK_2B] [INFO] Enriched 19050/27877 pending articles...
[2026-07-06 16:34:43] [TASK_2B] [INFO] Enriched 19100/27877 pending articles...
[2026-07-06 16:35:01] [TASK_2B] [INFO] Checkpoint saved after 19100 new articles.
[2026-07-06 16:35:01] [TASK_2B] [INFO] Checkpoint coverage: 40316/45968 unique URLs with full text (87.70%). Status: {'ok': 24198, 'partial': 16118, 'failed': 4145, 'restricted': 1413, 'fetch_failed': 94}. By source: {'cafef': {'total': 19364, 'full_text': 17949, 'coverage_pct': 92.69}, 'kinhtechungkhoan': {'total': 8513, 'full_text': 4295, 'coverage_pct': 50.45}, 'tnck': {'total': 1446, 'full_text': 1446, 'coverage_pct': 100.0}, 'vietnambiz': {'total': 3598, 'full_text': 3598, 'coverage_pct': 100.0}, 'vietstock': {'total': 11285, 'full_text': 11267, 'coverage_pct': 99.84}, 'vnexpress': {'total': 1762, 'full_text': 1761, 'coverage_pct': 99.94}}
[2026-07-06 16:35:01] [TASK_2B] [INFO] Enriched 19150/27877 pending articles...
[2026-07-06 16:35:01] [TASK_2B] [INFO] Enriched 19200/27877 pending articles...
[2026-07-06 16:35:18] [TASK_2B] [INFO] Checkpoint saved after 19200 new articles.
[2026-07-06 16:35:18] [TASK_2B] [INFO] Checkpoint coverage: 40404/45968 unique URLs with full text (87.90%). Status: {'ok': 24199, 'partial': 16205, 'failed': 4145, 'restricted': 1325, 'fetch_failed': 94}. By source: {'cafef': {'total': 19364, 'full_text': 18037, 'coverage_pct': 93.15}, 'kinhtechungkhoan': {'total': 8513, 'full_text': 4295, 'coverage_pct': 50.45}, 'tnck': {'total': 1446, 'full_text': 1446, 'coverage_pct': 100.0}, 'vietnambiz': {'total': 3598, 'full_text': 3598, 'coverage_pct': 100.0}, 'vietstock': {'total': 11285, 'full_text': 11267, 'coverage_pct': 99.84}, 'vnexpress': {'total': 1762, 'full_text': 1761, 'coverage_pct': 99.94}}
[2026-07-06 16:35:18] [TASK_2B] [INFO] Enriched 19250/27877 pending articles...
[2026-07-06 16:35:18] [TASK_2B] [INFO] Enriched 19300/27877 pending articles...
[2026-07-06 16:35:36] [TASK_2B] [INFO] Checkpoint saved after 19300 new articles.
[2026-07-06 16:35:36] [TASK_2B] [INFO] Checkpoint coverage: 40495/45968 unique URLs with full text (88.09%). Status: {'ok': 24200, 'partial': 16295, 'failed': 4145, 'restricted': 1234, 'fetch_failed': 94}. By source: {'cafef': {'total': 19364, 'full_text': 18128, 'coverage_pct': 93.62}, 'kinhtechungkhoan': {'total': 8513, 'full_text': 4295, 'coverage_pct': 50.45}, 'tnck': {'total': 1446, 'full_text': 1446, 'coverage_pct': 100.0}, 'vietnambiz': {'total': 3598, 'full_text': 3598, 'coverage_pct': 100.0}, 'vietstock': {'total': 11285, 'full_text': 11267, 'coverage_pct': 99.84}, 'vnexpress': {'total': 1762, 'full_text': 1761, 'coverage_pct': 99.94}}
[2026-07-06 16:35:36] [TASK_2B] [INFO] Enriched 19350/27877 pending articles...
[2026-07-06 16:35:36] [TASK_2B] [INFO] Enriched 19400/27877 pending articles...
[2026-07-06 16:35:53] [TASK_2B] [INFO] Checkpoint saved after 19400 new articles.
[2026-07-06 16:35:53] [TASK_2B] [INFO] Checkpoint coverage: 40575/45968 unique URLs with full text (88.27%). Status: {'ok': 24200, 'partial': 16375, 'failed': 4145, 'restricted': 1154, 'fetch_failed': 94}. By source: {'cafef': {'total': 19364, 'full_text': 18208, 'coverage_pct': 94.03}, 'kinhtechungkhoan': {'total': 8513, 'full_text': 4295, 'coverage_pct': 50.45}, 'tnck': {'total': 1446, 'full_text': 1446, 'coverage_pct': 100.0}, 'vietnambiz': {'total': 3598, 'full_text': 3598, 'coverage_pct': 100.0}, 'vietstock': {'total': 11285, 'full_text': 11267, 'coverage_pct': 99.84}, 'vnexpress': {'total': 1762, 'full_text': 1761, 'coverage_pct': 99.94}}
[2026-07-06 16:35:53] [TASK_2B] [INFO] Enriched 19450/27877 pending articles...
[2026-07-06 16:35:53] [TASK_2B] [INFO] Enriched 19500/27877 pending articles...
[2026-07-06 16:36:11] [TASK_2B] [INFO] Checkpoint saved after 19500 new articles.
[2026-07-06 16:36:11] [TASK_2B] [INFO] Checkpoint coverage: 40667/45968 unique URLs with full text (88.47%). Status: {'ok': 24202, 'partial': 16465, 'failed': 4145, 'restricted': 1062, 'fetch_failed': 94}. By source: {'cafef': {'total': 19364, 'full_text': 18300, 'coverage_pct': 94.51}, 'kinhtechungkhoan': {'total': 8513, 'full_text': 4295, 'coverage_pct': 50.45}, 'tnck': {'total': 1446, 'full_text': 1446, 'coverage_pct': 100.0}, 'vietnambiz': {'total': 3598, 'full_text': 3598, 'coverage_pct': 100.0}, 'vietstock': {'total': 11285, 'full_text': 11267, 'coverage_pct': 99.84}, 'vnexpress': {'total': 1762, 'full_text': 1761, 'coverage_pct': 99.94}}
[2026-07-06 16:36:11] [TASK_2B] [INFO] Enriched 19550/27877 pending articles...
[2026-07-06 16:36:11] [TASK_2B] [INFO] Enriched 19600/27877 pending articles...
[2026-07-06 16:36:28] [TASK_2B] [INFO] Checkpoint saved after 19600 new articles.
[2026-07-06 16:36:29] [TASK_2B] [INFO] Checkpoint coverage: 40765/45968 unique URLs with full text (88.68%). Status: {'ok': 24202, 'partial': 16563, 'failed': 4145, 'restricted': 964, 'fetch_failed': 94}. By source: {'cafef': {'total': 19364, 'full_text': 18398, 'coverage_pct': 95.01}, 'kinhtechungkhoan': {'total': 8513, 'full_text': 4295, 'coverage_pct': 50.45}, 'tnck': {'total': 1446, 'full_text': 1446, 'coverage_pct': 100.0}, 'vietnambiz': {'total': 3598, 'full_text': 3598, 'coverage_pct': 100.0}, 'vietstock': {'total': 11285, 'full_text': 11267, 'coverage_pct': 99.84}, 'vnexpress': {'total': 1762, 'full_text': 1761, 'coverage_pct': 99.94}}
[2026-07-06 16:36:29] [TASK_2B] [INFO] Enriched 19650/27877 pending articles...
[2026-07-06 16:36:29] [TASK_2B] [INFO] Enriched 19700/27877 pending articles...
[2026-07-06 16:36:48] [TASK_2B] [INFO] Checkpoint saved after 19700 new articles.
[2026-07-06 16:36:48] [TASK_2B] [INFO] Checkpoint coverage: 40865/45968 unique URLs with full text (88.90%). Status: {'ok': 24202, 'partial': 16663, 'failed': 4145, 'restricted': 864, 'fetch_failed': 94}. By source: {'cafef': {'total': 19364, 'full_text': 18498, 'coverage_pct': 95.53}, 'kinhtechungkhoan': {'total': 8513, 'full_text': 4295, 'coverage_pct': 50.45}, 'tnck': {'total': 1446, 'full_text': 1446, 'coverage_pct': 100.0}, 'vietnambiz': {'total': 3598, 'full_text': 3598, 'coverage_pct': 100.0}, 'vietstock': {'total': 11285, 'full_text': 11267, 'coverage_pct': 99.84}, 'vnexpress': {'total': 1762, 'full_text': 1761, 'coverage_pct': 99.94}}
[2026-07-06 16:36:48] [TASK_2B] [INFO] Enriched 19750/27877 pending articles...
[2026-07-06 16:36:48] [TASK_2B] [INFO] Enriched 19800/27877 pending articles...
[2026-07-06 16:37:06] [TASK_2B] [INFO] Checkpoint saved after 19800 new articles.
[2026-07-06 16:37:06] [TASK_2B] [INFO] Checkpoint coverage: 40936/45968 unique URLs with full text (89.05%). Status: {'ok': 24204, 'partial': 16732, 'failed': 4145, 'restricted': 793, 'fetch_failed': 94}. By source: {'cafef': {'total': 19364, 'full_text': 18569, 'coverage_pct': 95.89}, 'kinhtechungkhoan': {'total': 8513, 'full_text': 4295, 'coverage_pct': 50.45}, 'tnck': {'total': 1446, 'full_text': 1446, 'coverage_pct': 100.0}, 'vietnambiz': {'total': 3598, 'full_text': 3598, 'coverage_pct': 100.0}, 'vietstock': {'total': 11285, 'full_text': 11267, 'coverage_pct': 99.84}, 'vnexpress': {'total': 1762, 'full_text': 1761, 'coverage_pct': 99.94}}
[2026-07-06 16:37:06] [TASK_2B] [INFO] Enriched 19850/27877 pending articles...
[2026-07-06 16:37:06] [TASK_2B] [INFO] Enriched 19900/27877 pending articles...
[2026-07-06 16:37:25] [TASK_2B] [INFO] Checkpoint saved after 19900 new articles.
[2026-07-06 16:37:25] [TASK_2B] [INFO] Checkpoint coverage: 41003/45968 unique URLs with full text (89.20%). Status: {'ok': 24206, 'partial': 16797, 'failed': 4145, 'restricted': 726, 'fetch_failed': 94}. By source: {'cafef': {'total': 19364, 'full_text': 18636, 'coverage_pct': 96.24}, 'kinhtechungkhoan': {'total': 8513, 'full_text': 4295, 'coverage_pct': 50.45}, 'tnck': {'total': 1446, 'full_text': 1446, 'coverage_pct': 100.0}, 'vietnambiz': {'total': 3598, 'full_text': 3598, 'coverage_pct': 100.0}, 'vietstock': {'total': 11285, 'full_text': 11267, 'coverage_pct': 99.84}, 'vnexpress': {'total': 1762, 'full_text': 1761, 'coverage_pct': 99.94}}
[2026-07-06 16:37:25] [TASK_2B] [INFO] Enriched 19950/27877 pending articles...
[2026-07-06 16:37:25] [TASK_2B] [INFO] Enriched 20000/27877 pending articles...
[2026-07-06 16:37:46] [TASK_2B] [INFO] Checkpoint saved after 20000 new articles.
[2026-07-06 16:37:46] [TASK_2B] [INFO] Checkpoint coverage: 41098/45968 unique URLs with full text (89.41%). Status: {'ok': 24208, 'partial': 16890, 'failed': 4145, 'restricted': 631, 'fetch_failed': 94}. By source: {'cafef': {'total': 19364, 'full_text': 18731, 'coverage_pct': 96.73}, 'kinhtechungkhoan': {'total': 8513, 'full_text': 4295, 'coverage_pct': 50.45}, 'tnck': {'total': 1446, 'full_text': 1446, 'coverage_pct': 100.0}, 'vietnambiz': {'total': 3598, 'full_text': 3598, 'coverage_pct': 100.0}, 'vietstock': {'total': 11285, 'full_text': 11267, 'coverage_pct': 99.84}, 'vnexpress': {'total': 1762, 'full_text': 1761, 'coverage_pct': 99.94}}
[2026-07-06 16:37:46] [TASK_2B] [INFO] Enriched 20050/27877 pending articles...
[2026-07-06 16:37:46] [TASK_2B] [INFO] Enriched 20100/27877 pending articles...
[2026-07-06 16:38:06] [TASK_2B] [INFO] Checkpoint saved after 20100 new articles.
[2026-07-06 16:38:06] [TASK_2B] [INFO] Checkpoint coverage: 41191/45968 unique URLs with full text (89.61%). Status: {'ok': 24212, 'partial': 16979, 'failed': 4145, 'restricted': 538, 'fetch_failed': 94}. By source: {'cafef': {'total': 19364, 'full_text': 18824, 'coverage_pct': 97.21}, 'kinhtechungkhoan': {'total': 8513, 'full_text': 4295, 'coverage_pct': 50.45}, 'tnck': {'total': 1446, 'full_text': 1446, 'coverage_pct': 100.0}, 'vietnambiz': {'total': 3598, 'full_text': 3598, 'coverage_pct': 100.0}, 'vietstock': {'total': 11285, 'full_text': 11267, 'coverage_pct': 99.84}, 'vnexpress': {'total': 1762, 'full_text': 1761, 'coverage_pct': 99.94}}
[2026-07-06 16:38:06] [TASK_2B] [INFO] Enriched 20150/27877 pending articles...
[2026-07-06 16:38:06] [TASK_2B] [INFO] Enriched 20200/27877 pending articles...
[2026-07-06 16:38:27] [TASK_2B] [INFO] Checkpoint saved after 20200 new articles.
[2026-07-06 16:38:27] [TASK_2B] [INFO] Checkpoint coverage: 41281/45968 unique URLs with full text (89.80%). Status: {'ok': 24214, 'partial': 17067, 'failed': 4145, 'restricted': 448, 'fetch_failed': 94}. By source: {'cafef': {'total': 19364, 'full_text': 18914, 'coverage_pct': 97.68}, 'kinhtechungkhoan': {'total': 8513, 'full_text': 4295, 'coverage_pct': 50.45}, 'tnck': {'total': 1446, 'full_text': 1446, 'coverage_pct': 100.0}, 'vietnambiz': {'total': 3598, 'full_text': 3598, 'coverage_pct': 100.0}, 'vietstock': {'total': 11285, 'full_text': 11267, 'coverage_pct': 99.84}, 'vnexpress': {'total': 1762, 'full_text': 1761, 'coverage_pct': 99.94}}
[2026-07-06 16:38:27] [TASK_2B] [INFO] Enriched 20250/27877 pending articles...
[2026-07-06 16:38:27] [TASK_2B] [INFO] Enriched 20300/27877 pending articles...
[2026-07-06 16:38:45] [TASK_2B] [INFO] Checkpoint saved after 20300 new articles.
[2026-07-06 16:38:45] [TASK_2B] [INFO] Checkpoint coverage: 41372/45968 unique URLs with full text (90.00%). Status: {'ok': 24214, 'partial': 17158, 'failed': 4145, 'restricted': 357, 'fetch_failed': 94}. By source: {'cafef': {'total': 19364, 'full_text': 19005, 'coverage_pct': 98.15}, 'kinhtechungkhoan': {'total': 8513, 'full_text': 4295, 'coverage_pct': 50.45}, 'tnck': {'total': 1446, 'full_text': 1446, 'coverage_pct': 100.0}, 'vietnambiz': {'total': 3598, 'full_text': 3598, 'coverage_pct': 100.0}, 'vietstock': {'total': 11285, 'full_text': 11267, 'coverage_pct': 99.84}, 'vnexpress': {'total': 1762, 'full_text': 1761, 'coverage_pct': 99.94}}
[2026-07-06 16:38:45] [TASK_2B] [INFO] Enriched 20350/27877 pending articles...
[2026-07-06 16:38:45] [TASK_2B] [INFO] Enriched 20400/27877 pending articles...
[2026-07-06 16:39:04] [TASK_2B] [INFO] Checkpoint saved after 20400 new articles.
[2026-07-06 16:39:05] [TASK_2B] [INFO] Checkpoint coverage: 41462/45968 unique URLs with full text (90.20%). Status: {'ok': 24214, 'partial': 17248, 'failed': 4145, 'restricted': 267, 'fetch_failed': 94}. By source: {'cafef': {'total': 19364, 'full_text': 19095, 'coverage_pct': 98.61}, 'kinhtechungkhoan': {'total': 8513, 'full_text': 4295, 'coverage_pct': 50.45}, 'tnck': {'total': 1446, 'full_text': 1446, 'coverage_pct': 100.0}, 'vietnambiz': {'total': 3598, 'full_text': 3598, 'coverage_pct': 100.0}, 'vietstock': {'total': 11285, 'full_text': 11267, 'coverage_pct': 99.84}, 'vnexpress': {'total': 1762, 'full_text': 1761, 'coverage_pct': 99.94}}
[2026-07-06 16:39:05] [TASK_2B] [INFO] Enriched 20450/27877 pending articles...
[2026-07-06 16:39:05] [TASK_2B] [INFO] Enriched 20500/27877 pending articles...
[2026-07-06 16:39:23] [TASK_2B] [INFO] Checkpoint saved after 20500 new articles.
[2026-07-06 16:39:23] [TASK_2B] [INFO] Checkpoint coverage: 41554/45968 unique URLs with full text (90.40%). Status: {'ok': 24215, 'partial': 17339, 'failed': 4145, 'restricted': 175, 'fetch_failed': 94}. By source: {'cafef': {'total': 19364, 'full_text': 19187, 'coverage_pct': 99.09}, 'kinhtechungkhoan': {'total': 8513, 'full_text': 4295, 'coverage_pct': 50.45}, 'tnck': {'total': 1446, 'full_text': 1446, 'coverage_pct': 100.0}, 'vietnambiz': {'total': 3598, 'full_text': 3598, 'coverage_pct': 100.0}, 'vietstock': {'total': 11285, 'full_text': 11267, 'coverage_pct': 99.84}, 'vnexpress': {'total': 1762, 'full_text': 1761, 'coverage_pct': 99.94}}
[2026-07-06 16:39:23] [TASK_2B] [INFO] Enriched 20550/27877 pending articles...
[2026-07-06 16:39:23] [TASK_2B] [INFO] Enriched 20600/27877 pending articles...
[2026-07-06 16:39:41] [TASK_2B] [INFO] Checkpoint saved after 20600 new articles.
[2026-07-06 16:39:42] [TASK_2B] [INFO] Checkpoint coverage: 41648/45968 unique URLs with full text (90.60%). Status: {'ok': 24217, 'partial': 17431, 'failed': 4145, 'fetch_failed': 94, 'restricted': 81}. By source: {'cafef': {'total': 19364, 'full_text': 19281, 'coverage_pct': 99.57}, 'kinhtechungkhoan': {'total': 8513, 'full_text': 4295, 'coverage_pct': 50.45}, 'tnck': {'total': 1446, 'full_text': 1446, 'coverage_pct': 100.0}, 'vietnambiz': {'total': 3598, 'full_text': 3598, 'coverage_pct': 100.0}, 'vietstock': {'total': 11285, 'full_text': 11267, 'coverage_pct': 99.84}, 'vnexpress': {'total': 1762, 'full_text': 1761, 'coverage_pct': 99.94}}
[2026-07-06 16:39:42] [TASK_2B] [INFO] Enriched 20650/27877 pending articles...
[2026-07-06 16:39:42] [TASK_2B] [INFO] Enriched 20700/27877 pending articles...
[2026-07-06 16:40:00] [TASK_2B] [INFO] Checkpoint saved after 20700 new articles.
[2026-07-06 16:40:00] [TASK_2B] [INFO] Checkpoint coverage: 41731/45968 unique URLs with full text (90.78%). Status: {'ok': 24220, 'partial': 17511, 'failed': 4145, 'fetch_failed': 92}. By source: {'cafef': {'total': 19364, 'full_text': 19364, 'coverage_pct': 100.0}, 'kinhtechungkhoan': {'total': 8513, 'full_text': 4295, 'coverage_pct': 50.45}, 'tnck': {'total': 1446, 'full_text': 1446, 'coverage_pct': 100.0}, 'vietnambiz': {'total': 3598, 'full_text': 3598, 'coverage_pct': 100.0}, 'vietstock': {'total': 11285, 'full_text': 11267, 'coverage_pct': 99.84}, 'vnexpress': {'total': 1762, 'full_text': 1761, 'coverage_pct': 99.94}}
[2026-07-06 16:40:00] [TASK_2B] [INFO] Enriched 20750/27877 pending articles...
[2026-07-06 16:40:00] [TASK_2B] [INFO] Enriched 20800/27877 pending articles...
[2026-07-06 16:40:19] [TASK_2B] [INFO] Checkpoint saved after 20800 new articles.
[2026-07-06 16:40:20] [TASK_2B] [INFO] Checkpoint coverage: 41731/45968 unique URLs with full text (90.78%). Status: {'ok': 24220, 'partial': 17511, 'failed': 4145, 'fetch_failed': 92}. By source: {'cafef': {'total': 19364, 'full_text': 19364, 'coverage_pct': 100.0}, 'kinhtechungkhoan': {'total': 8513, 'full_text': 4295, 'coverage_pct': 50.45}, 'tnck': {'total': 1446, 'full_text': 1446, 'coverage_pct': 100.0}, 'vietnambiz': {'total': 3598, 'full_text': 3598, 'coverage_pct': 100.0}, 'vietstock': {'total': 11285, 'full_text': 11267, 'coverage_pct': 99.84}, 'vnexpress': {'total': 1762, 'full_text': 1761, 'coverage_pct': 99.94}}
[2026-07-06 16:40:20] [TASK_2B] [INFO] Enriched 20850/27877 pending articles...
[2026-07-06 16:40:20] [TASK_2B] [INFO] Enriched 20900/27877 pending articles...
[2026-07-06 16:40:37] [TASK_2B] [INFO] Checkpoint saved after 20900 new articles.
[2026-07-06 16:40:37] [TASK_2B] [INFO] Checkpoint coverage: 41731/45968 unique URLs with full text (90.78%). Status: {'ok': 24220, 'partial': 17511, 'failed': 4145, 'fetch_failed': 92}. By source: {'cafef': {'total': 19364, 'full_text': 19364, 'coverage_pct': 100.0}, 'kinhtechungkhoan': {'total': 8513, 'full_text': 4295, 'coverage_pct': 50.45}, 'tnck': {'total': 1446, 'full_text': 1446, 'coverage_pct': 100.0}, 'vietnambiz': {'total': 3598, 'full_text': 3598, 'coverage_pct': 100.0}, 'vietstock': {'total': 11285, 'full_text': 11267, 'coverage_pct': 99.84}, 'vnexpress': {'total': 1762, 'full_text': 1761, 'coverage_pct': 99.94}}
[2026-07-06 16:40:37] [TASK_2B] [INFO] Enriched 20950/27877 pending articles...
[2026-07-06 16:40:37] [TASK_2B] [INFO] Enriched 21000/27877 pending articles...
[2026-07-06 16:40:55] [TASK_2B] [INFO] Checkpoint saved after 21000 new articles.
[2026-07-06 16:40:55] [TASK_2B] [INFO] Checkpoint coverage: 41731/45968 unique URLs with full text (90.78%). Status: {'ok': 24220, 'partial': 17511, 'failed': 4145, 'fetch_failed': 92}. By source: {'cafef': {'total': 19364, 'full_text': 19364, 'coverage_pct': 100.0}, 'kinhtechungkhoan': {'total': 8513, 'full_text': 4295, 'coverage_pct': 50.45}, 'tnck': {'total': 1446, 'full_text': 1446, 'coverage_pct': 100.0}, 'vietnambiz': {'total': 3598, 'full_text': 3598, 'coverage_pct': 100.0}, 'vietstock': {'total': 11285, 'full_text': 11267, 'coverage_pct': 99.84}, 'vnexpress': {'total': 1762, 'full_text': 1761, 'coverage_pct': 99.94}}
[2026-07-06 16:42:45] [TASK_2B] [INFO] Enriched 21050/27877 pending articles...
[2026-07-06 16:45:01] [TASK_2B] [INFO] Enriched 21100/27877 pending articles...
[2026-07-06 16:45:18] [TASK_2B] [INFO] Checkpoint saved after 21100 new articles.
[2026-07-06 16:45:18] [TASK_2B] [INFO] Checkpoint coverage: 41731/45968 unique URLs with full text (90.78%). Status: {'ok': 24220, 'partial': 17511, 'failed': 4145, 'fetch_failed': 92}. By source: {'cafef': {'total': 19364, 'full_text': 19364, 'coverage_pct': 100.0}, 'kinhtechungkhoan': {'total': 8513, 'full_text': 4295, 'coverage_pct': 50.45}, 'tnck': {'total': 1446, 'full_text': 1446, 'coverage_pct': 100.0}, 'vietnambiz': {'total': 3598, 'full_text': 3598, 'coverage_pct': 100.0}, 'vietstock': {'total': 11285, 'full_text': 11267, 'coverage_pct': 99.84}, 'vnexpress': {'total': 1762, 'full_text': 1761, 'coverage_pct': 99.94}}
[2026-07-06 16:49:14] [TASK_2B] [INFO] Enriched 21150/27877 pending articles...
[2026-07-06 16:50:33] [TASK_2B] [INFO] Enriched 21200/27877 pending articles...
[2026-07-06 16:50:52] [TASK_2B] [INFO] Checkpoint saved after 21200 new articles.
[2026-07-06 16:50:52] [TASK_2B] [INFO] Checkpoint coverage: 41731/45968 unique URLs with full text (90.78%). Status: {'ok': 24220, 'partial': 17511, 'failed': 4145, 'fetch_failed': 92}. By source: {'cafef': {'total': 19364, 'full_text': 19364, 'coverage_pct': 100.0}, 'kinhtechungkhoan': {'total': 8513, 'full_text': 4295, 'coverage_pct': 50.45}, 'tnck': {'total': 1446, 'full_text': 1446, 'coverage_pct': 100.0}, 'vietnambiz': {'total': 3598, 'full_text': 3598, 'coverage_pct': 100.0}, 'vietstock': {'total': 11285, 'full_text': 11267, 'coverage_pct': 99.84}, 'vnexpress': {'total': 1762, 'full_text': 1761, 'coverage_pct': 99.94}}
[2026-07-06 16:52:06] [TASK_2B] [INFO] Enriched 21250/27877 pending articles...
[2026-07-06 16:53:27] [TASK_2B] [INFO] Enriched 21300/27877 pending articles...
[2026-07-06 16:53:41] [TASK_2B] [INFO] Checkpoint saved after 21300 new articles.
[2026-07-06 16:53:42] [TASK_2B] [INFO] Checkpoint coverage: 41731/45968 unique URLs with full text (90.78%). Status: {'ok': 24220, 'partial': 17511, 'failed': 4145, 'fetch_failed': 92}. By source: {'cafef': {'total': 19364, 'full_text': 19364, 'coverage_pct': 100.0}, 'kinhtechungkhoan': {'total': 8513, 'full_text': 4295, 'coverage_pct': 50.45}, 'tnck': {'total': 1446, 'full_text': 1446, 'coverage_pct': 100.0}, 'vietnambiz': {'total': 3598, 'full_text': 3598, 'coverage_pct': 100.0}, 'vietstock': {'total': 11285, 'full_text': 11267, 'coverage_pct': 99.84}, 'vnexpress': {'total': 1762, 'full_text': 1761, 'coverage_pct': 99.94}}
[2026-07-06 16:54:58] [TASK_2B] [INFO] Enriched 21350/27877 pending articles...
[2026-07-06 16:56:55] [TASK_2B] [INFO] Enriched 21400/27877 pending articles...
[2026-07-06 16:57:11] [TASK_2B] [INFO] Checkpoint saved after 21400 new articles.
[2026-07-06 16:57:11] [TASK_2B] [INFO] Checkpoint coverage: 41731/45968 unique URLs with full text (90.78%). Status: {'ok': 24220, 'partial': 17511, 'failed': 4145, 'fetch_failed': 92}. By source: {'cafef': {'total': 19364, 'full_text': 19364, 'coverage_pct': 100.0}, 'kinhtechungkhoan': {'total': 8513, 'full_text': 4295, 'coverage_pct': 50.45}, 'tnck': {'total': 1446, 'full_text': 1446, 'coverage_pct': 100.0}, 'vietnambiz': {'total': 3598, 'full_text': 3598, 'coverage_pct': 100.0}, 'vietstock': {'total': 11285, 'full_text': 11267, 'coverage_pct': 99.84}, 'vnexpress': {'total': 1762, 'full_text': 1761, 'coverage_pct': 99.94}}
[2026-07-06 16:58:44] [TASK_2B] [INFO] Enriched 21450/27877 pending articles...
[2026-07-06 17:00:04] [TASK_2B] [INFO] Enriched 21500/27877 pending articles...
[2026-07-06 17:00:21] [TASK_2B] [INFO] Checkpoint saved after 21500 new articles.
[2026-07-06 17:00:21] [TASK_2B] [INFO] Checkpoint coverage: 41731/45968 unique URLs with full text (90.78%). Status: {'ok': 24220, 'partial': 17511, 'failed': 4145, 'fetch_failed': 92}. By source: {'cafef': {'total': 19364, 'full_text': 19364, 'coverage_pct': 100.0}, 'kinhtechungkhoan': {'total': 8513, 'full_text': 4295, 'coverage_pct': 50.45}, 'tnck': {'total': 1446, 'full_text': 1446, 'coverage_pct': 100.0}, 'vietnambiz': {'total': 3598, 'full_text': 3598, 'coverage_pct': 100.0}, 'vietstock': {'total': 11285, 'full_text': 11267, 'coverage_pct': 99.84}, 'vnexpress': {'total': 1762, 'full_text': 1761, 'coverage_pct': 99.94}}
[2026-07-06 17:01:39] [TASK_2B] [INFO] Enriched 21550/27877 pending articles...
[2026-07-06 17:03:18] [TASK_2B] [INFO] Enriched 21600/27877 pending articles...
[2026-07-06 17:03:35] [TASK_2B] [INFO] Checkpoint saved after 21600 new articles.
[2026-07-06 17:03:35] [TASK_2B] [INFO] Checkpoint coverage: 41731/45968 unique URLs with full text (90.78%). Status: {'ok': 24220, 'partial': 17511, 'failed': 4145, 'fetch_failed': 92}. By source: {'cafef': {'total': 19364, 'full_text': 19364, 'coverage_pct': 100.0}, 'kinhtechungkhoan': {'total': 8513, 'full_text': 4295, 'coverage_pct': 50.45}, 'tnck': {'total': 1446, 'full_text': 1446, 'coverage_pct': 100.0}, 'vietnambiz': {'total': 3598, 'full_text': 3598, 'coverage_pct': 100.0}, 'vietstock': {'total': 11285, 'full_text': 11267, 'coverage_pct': 99.84}, 'vnexpress': {'total': 1762, 'full_text': 1761, 'coverage_pct': 99.94}}
[2026-07-06 17:04:58] [TASK_2B] [INFO] Enriched 21650/27877 pending articles...
[2026-07-06 17:06:48] [TASK_2B] [INFO] Enriched 21700/27877 pending articles...
[2026-07-06 17:07:03] [TASK_2B] [INFO] Checkpoint saved after 21700 new articles.
[2026-07-06 17:07:03] [TASK_2B] [INFO] Checkpoint coverage: 41731/45968 unique URLs with full text (90.78%). Status: {'ok': 24220, 'partial': 17511, 'failed': 4145, 'fetch_failed': 92}. By source: {'cafef': {'total': 19364, 'full_text': 19364, 'coverage_pct': 100.0}, 'kinhtechungkhoan': {'total': 8513, 'full_text': 4295, 'coverage_pct': 50.45}, 'tnck': {'total': 1446, 'full_text': 1446, 'coverage_pct': 100.0}, 'vietnambiz': {'total': 3598, 'full_text': 3598, 'coverage_pct': 100.0}, 'vietstock': {'total': 11285, 'full_text': 11267, 'coverage_pct': 99.84}, 'vnexpress': {'total': 1762, 'full_text': 1761, 'coverage_pct': 99.94}}
[2026-07-06 17:08:52] [TASK_2B] [INFO] Enriched 21750/27877 pending articles...
[2026-07-06 17:10:26] [TASK_2B] [INFO] Enriched 21800/27877 pending articles...
[2026-07-06 17:10:44] [TASK_2B] [INFO] Checkpoint saved after 21800 new articles.
[2026-07-06 17:10:44] [TASK_2B] [INFO] Checkpoint coverage: 41731/45968 unique URLs with full text (90.78%). Status: {'ok': 24220, 'partial': 17511, 'failed': 4145, 'fetch_failed': 92}. By source: {'cafef': {'total': 19364, 'full_text': 19364, 'coverage_pct': 100.0}, 'kinhtechungkhoan': {'total': 8513, 'full_text': 4295, 'coverage_pct': 50.45}, 'tnck': {'total': 1446, 'full_text': 1446, 'coverage_pct': 100.0}, 'vietnambiz': {'total': 3598, 'full_text': 3598, 'coverage_pct': 100.0}, 'vietstock': {'total': 11285, 'full_text': 11267, 'coverage_pct': 99.84}, 'vnexpress': {'total': 1762, 'full_text': 1761, 'coverage_pct': 99.94}}
[2026-07-06 17:11:49] [TASK_2B] [INFO] Enriched 21850/27877 pending articles...
[2026-07-06 17:13:18] [TASK_2B] [INFO] Enriched 21900/27877 pending articles...
[2026-07-06 17:13:33] [TASK_2B] [INFO] Checkpoint saved after 21900 new articles.
[2026-07-06 17:13:33] [TASK_2B] [INFO] Checkpoint coverage: 41731/45968 unique URLs with full text (90.78%). Status: {'ok': 24220, 'partial': 17511, 'failed': 4145, 'fetch_failed': 92}. By source: {'cafef': {'total': 19364, 'full_text': 19364, 'coverage_pct': 100.0}, 'kinhtechungkhoan': {'total': 8513, 'full_text': 4295, 'coverage_pct': 50.45}, 'tnck': {'total': 1446, 'full_text': 1446, 'coverage_pct': 100.0}, 'vietnambiz': {'total': 3598, 'full_text': 3598, 'coverage_pct': 100.0}, 'vietstock': {'total': 11285, 'full_text': 11267, 'coverage_pct': 99.84}, 'vnexpress': {'total': 1762, 'full_text': 1761, 'coverage_pct': 99.94}}
[2026-07-06 17:15:03] [TASK_2B] [INFO] Enriched 21950/27877 pending articles...
[2026-07-06 17:17:49] [TASK_2B] [INFO] Enriched 22000/27877 pending articles...
[2026-07-06 17:18:05] [TASK_2B] [INFO] Checkpoint saved after 22000 new articles.
[2026-07-06 17:18:05] [TASK_2B] [INFO] Checkpoint coverage: 41731/45968 unique URLs with full text (90.78%). Status: {'ok': 24220, 'partial': 17511, 'failed': 4145, 'fetch_failed': 92}. By source: {'cafef': {'total': 19364, 'full_text': 19364, 'coverage_pct': 100.0}, 'kinhtechungkhoan': {'total': 8513, 'full_text': 4295, 'coverage_pct': 50.45}, 'tnck': {'total': 1446, 'full_text': 1446, 'coverage_pct': 100.0}, 'vietnambiz': {'total': 3598, 'full_text': 3598, 'coverage_pct': 100.0}, 'vietstock': {'total': 11285, 'full_text': 11267, 'coverage_pct': 99.84}, 'vnexpress': {'total': 1762, 'full_text': 1761, 'coverage_pct': 99.94}}
[2026-07-06 17:19:31] [TASK_2B] [INFO] Enriched 22050/27877 pending articles...
[2026-07-06 17:20:38] [TASK_2B] [INFO] Enriched 22100/27877 pending articles...
[2026-07-06 17:20:56] [TASK_2B] [INFO] Checkpoint saved after 22100 new articles.
[2026-07-06 17:20:56] [TASK_2B] [INFO] Checkpoint coverage: 41731/45968 unique URLs with full text (90.78%). Status: {'ok': 24220, 'partial': 17511, 'failed': 4145, 'fetch_failed': 92}. By source: {'cafef': {'total': 19364, 'full_text': 19364, 'coverage_pct': 100.0}, 'kinhtechungkhoan': {'total': 8513, 'full_text': 4295, 'coverage_pct': 50.45}, 'tnck': {'total': 1446, 'full_text': 1446, 'coverage_pct': 100.0}, 'vietnambiz': {'total': 3598, 'full_text': 3598, 'coverage_pct': 100.0}, 'vietstock': {'total': 11285, 'full_text': 11267, 'coverage_pct': 99.84}, 'vnexpress': {'total': 1762, 'full_text': 1761, 'coverage_pct': 99.94}}
[2026-07-06 17:22:13] [TASK_2B] [INFO] Enriched 22150/27877 pending articles...
[2026-07-06 17:23:33] [TASK_2B] [INFO] Enriched 22200/27877 pending articles...
[2026-07-06 17:23:51] [TASK_2B] [INFO] Checkpoint saved after 22200 new articles.
[2026-07-06 17:23:51] [TASK_2B] [INFO] Checkpoint coverage: 41731/45968 unique URLs with full text (90.78%). Status: {'ok': 24220, 'partial': 17511, 'failed': 4145, 'fetch_failed': 92}. By source: {'cafef': {'total': 19364, 'full_text': 19364, 'coverage_pct': 100.0}, 'kinhtechungkhoan': {'total': 8513, 'full_text': 4295, 'coverage_pct': 50.45}, 'tnck': {'total': 1446, 'full_text': 1446, 'coverage_pct': 100.0}, 'vietnambiz': {'total': 3598, 'full_text': 3598, 'coverage_pct': 100.0}, 'vietstock': {'total': 11285, 'full_text': 11267, 'coverage_pct': 99.84}, 'vnexpress': {'total': 1762, 'full_text': 1761, 'coverage_pct': 99.94}}
[2026-07-06 17:25:17] [TASK_2B] [INFO] Enriched 22250/27877 pending articles...
[2026-07-06 20:55:42] [TASK_2B] [INFO] ============================================================
[2026-07-06 20:55:42] [TASK_2B] [INFO] START TASK_2B: Article Full-Text Enrichment (detail pages → summaries/key facts)
[2026-07-06 20:55:42] [TASK_2B] [INFO] Timestamp: 2026-07-06T20:55:42.081333
[2026-07-06 20:55:42] [TASK_2B] [INFO] ============================================================
[2026-07-06 20:55:42] [TASK_2B] [INFO] Input: data/news/matched/all_news_matched.csv (52807 rows)
[2026-07-06 20:55:42] [TASK_2B] [INFO] ------------------------------------------------------------
[2026-07-06 20:55:42] [TASK_2B] [INFO] END TASK_2B — completed in 0.0 seconds
[2026-07-06 20:55:42] [TASK_2B] [INFO] ============================================================
[2026-07-06 20:55:46] [TASK_2B] [INFO] ============================================================
[2026-07-06 20:55:46] [TASK_2B] [INFO] START TASK_2B: Article Full-Text Enrichment (detail pages → summaries/key facts)
[2026-07-06 20:55:46] [TASK_2B] [INFO] Timestamp: 2026-07-06T20:55:46.302407
[2026-07-06 20:55:46] [TASK_2B] [INFO] ============================================================
[2026-07-06 20:55:46] [TASK_2B] [INFO] Input: data/news/matched/all_news_matched.csv (52807 rows)
[2026-07-06 20:55:46] [TASK_2B] [INFO] ------------------------------------------------------------
[2026-07-06 20:55:46] [TASK_2B] [INFO] END TASK_2B — completed in 0.0 seconds
[2026-07-06 20:55:46] [TASK_2B] [INFO] ============================================================
[2026-07-06 20:55:50] [TASK_2B] [INFO] ============================================================
[2026-07-06 20:55:50] [TASK_2B] [INFO] START TASK_2B: Article Full-Text Enrichment (detail pages → summaries/key facts)
[2026-07-06 20:55:50] [TASK_2B] [INFO] Timestamp: 2026-07-06T20:55:50.018650
[2026-07-06 20:55:50] [TASK_2B] [INFO] ============================================================
[2026-07-06 20:55:50] [TASK_2B] [INFO] Input: data/news/matched/all_news_matched.csv (52807 rows)
[2026-07-06 20:55:50] [TASK_2B] [INFO] ------------------------------------------------------------
[2026-07-06 20:55:50] [TASK_2B] [INFO] END TASK_2B — completed in 0.0 seconds
[2026-07-06 20:55:50] [TASK_2B] [INFO] ============================================================
[2026-07-06 20:56:19] [TASK_2B] [INFO] ============================================================
[2026-07-06 20:56:19] [TASK_2B] [INFO] START TASK_2B: Article Full-Text Enrichment (detail pages → summaries/key facts)
[2026-07-06 20:56:19] [TASK_2B] [INFO] Timestamp: 2026-07-06T20:56:19.728992
[2026-07-06 20:56:19] [TASK_2B] [INFO] ============================================================
[2026-07-06 20:56:19] [TASK_2B] [INFO] Input: data/news/matched/all_news_matched.csv (52807 rows)
[2026-07-06 20:56:19] [TASK_2B] [INFO] ------------------------------------------------------------
[2026-07-06 20:56:19] [TASK_2B] [INFO] END TASK_2B — completed in 0.0 seconds
[2026-07-06 20:56:19] [TASK_2B] [INFO] ============================================================
[2026-07-06 20:56:23] [TASK_2B] [INFO] ============================================================
[2026-07-06 20:56:23] [TASK_2B] [INFO] START TASK_2B: Article Full-Text Enrichment (detail pages → summaries/key facts)
[2026-07-06 20:56:23] [TASK_2B] [INFO] Timestamp: 2026-07-06T20:56:23.418485
[2026-07-06 20:56:23] [TASK_2B] [INFO] ============================================================
[2026-07-06 20:56:23] [TASK_2B] [INFO] Input: data/news/matched/all_news_matched.csv (52807 rows)
[2026-07-06 20:56:23] [TASK_2B] [INFO] ------------------------------------------------------------
[2026-07-06 20:56:23] [TASK_2B] [INFO] END TASK_2B — completed in 0.0 seconds
[2026-07-06 20:56:23] [TASK_2B] [INFO] ============================================================
[2026-07-06 20:56:27] [TASK_2B] [INFO] ============================================================
[2026-07-06 20:56:27] [TASK_2B] [INFO] START TASK_2B: Article Full-Text Enrichment (detail pages → summaries/key facts)
[2026-07-06 20:56:27] [TASK_2B] [INFO] Timestamp: 2026-07-06T20:56:27.059340
[2026-07-06 20:56:27] [TASK_2B] [INFO] ============================================================
[2026-07-06 20:56:27] [TASK_2B] [INFO] Input: data/news/matched/all_news_matched.csv (52807 rows)
[2026-07-06 20:56:27] [TASK_2B] [INFO] ------------------------------------------------------------
[2026-07-06 20:56:27] [TASK_2B] [INFO] END TASK_2B — completed in 0.0 seconds
[2026-07-06 20:56:27] [TASK_2B] [INFO] ============================================================
[2026-07-06 23:10:44] [TASK_2B] [INFO] ============================================================
[2026-07-06 23:10:44] [TASK_2B] [INFO] START TASK_2B: Article Full-Text Enrichment (detail pages → summaries/key facts)
[2026-07-06 23:10:44] [TASK_2B] [INFO] Timestamp: 2026-07-06T23:10:44.660796
[2026-07-06 23:10:44] [TASK_2B] [INFO] ============================================================
[2026-07-06 23:10:44] [TASK_2B] [INFO] Input: data/news/matched/all_news_matched.csv (52807 rows)
[2026-07-06 23:10:44] [TASK_2B] [INFO] ------------------------------------------------------------
[2026-07-06 23:10:44] [TASK_2B] [INFO] END TASK_2B — completed in 0.0 seconds
[2026-07-06 23:10:44] [TASK_2B] [INFO] ============================================================
[2026-07-06 23:11:03] [TASK_2B] [INFO] ============================================================
[2026-07-06 23:11:03] [TASK_2B] [INFO] START TASK_2B: Article Full-Text Enrichment (detail pages → summaries/key facts)
[2026-07-06 23:11:03] [TASK_2B] [INFO] Timestamp: 2026-07-06T23:11:03.777080
[2026-07-06 23:11:03] [TASK_2B] [INFO] ============================================================
[2026-07-06 23:11:03] [TASK_2B] [INFO] Input: data/news/matched/all_news_matched.csv (52807 rows)
[2026-07-06 23:11:03] [TASK_2B] [INFO] ------------------------------------------------------------
[2026-07-06 23:11:03] [TASK_2B] [INFO] END TASK_2B — completed in 0.0 seconds
[2026-07-06 23:11:03] [TASK_2B] [INFO] ============================================================
[2026-07-06 23:11:22] [TASK_2B] [INFO] ============================================================
[2026-07-06 23:11:22] [TASK_2B] [INFO] START TASK_2B: Article Full-Text Enrichment (detail pages → summaries/key facts)
[2026-07-06 23:11:22] [TASK_2B] [INFO] Timestamp: 2026-07-06T23:11:22.212792
[2026-07-06 23:11:22] [TASK_2B] [INFO] ============================================================
[2026-07-06 23:11:22] [TASK_2B] [INFO] Input: data/news/matched/all_news_matched.csv (52807 rows)
[2026-07-06 23:11:22] [TASK_2B] [INFO] ------------------------------------------------------------
[2026-07-06 23:11:22] [TASK_2B] [INFO] END TASK_2B — completed in 0.0 seconds
[2026-07-06 23:11:22] [TASK_2B] [INFO] ============================================================
[2026-07-06 23:12:03] [TASK_2B] [INFO] ============================================================
[2026-07-06 23:12:03] [TASK_2B] [INFO] START TASK_2B: Article Full-Text Enrichment (detail pages → summaries/key facts)
[2026-07-06 23:12:03] [TASK_2B] [INFO] Timestamp: 2026-07-06T23:12:03.400303
[2026-07-06 23:12:03] [TASK_2B] [INFO] ============================================================
[2026-07-06 23:12:03] [TASK_2B] [INFO] Input: data/news/matched/all_news_matched.csv (52807 rows)
[2026-07-06 23:12:03] [TASK_2B] [INFO] ------------------------------------------------------------
[2026-07-06 23:12:03] [TASK_2B] [INFO] END TASK_2B — completed in 0.0 seconds
[2026-07-06 23:12:03] [TASK_2B] [INFO] ============================================================
[2026-07-06 23:12:21] [TASK_2B] [INFO] ============================================================
[2026-07-06 23:12:21] [TASK_2B] [INFO] START TASK_2B: Article Full-Text Enrichment (detail pages → summaries/key facts)
[2026-07-06 23:12:21] [TASK_2B] [INFO] Timestamp: 2026-07-06T23:12:21.760309
[2026-07-06 23:12:21] [TASK_2B] [INFO] ============================================================
[2026-07-06 23:12:21] [TASK_2B] [INFO] Input: data/news/matched/all_news_matched.csv (52807 rows)
[2026-07-06 23:12:21] [TASK_2B] [INFO] ------------------------------------------------------------
[2026-07-06 23:12:21] [TASK_2B] [INFO] END TASK_2B — completed in 0.0 seconds
[2026-07-06 23:12:21] [TASK_2B] [INFO] ============================================================
[2026-07-06 23:12:39] [TASK_2B] [INFO] ============================================================
[2026-07-06 23:12:39] [TASK_2B] [INFO] START TASK_2B: Article Full-Text Enrichment (detail pages → summaries/key facts)
[2026-07-06 23:12:39] [TASK_2B] [INFO] Timestamp: 2026-07-06T23:12:39.909080
[2026-07-06 23:12:39] [TASK_2B] [INFO] ============================================================
[2026-07-06 23:12:40] [TASK_2B] [INFO] Input: data/news/matched/all_news_matched.csv (52807 rows)
[2026-07-06 23:12:40] [TASK_2B] [INFO] ------------------------------------------------------------
[2026-07-06 23:12:40] [TASK_2B] [INFO] END TASK_2B — completed in 0.0 seconds
[2026-07-06 23:12:40] [TASK_2B] [INFO] ============================================================
