[2026-07-01 09:02:12] [TASK_1] [INFO] ============================================================
[2026-07-01 09:02:12] [TASK_1] [INFO] START TASK_1: Price Collection (vnstock OHLCV)
[2026-07-01 09:02:12] [TASK_1] [INFO] Timestamp: 2026-07-01T09:02:12.799111
[2026-07-01 09:02:12] [TASK_1] [INFO] ============================================================
[2026-07-01 09:02:12] [TASK_1] [ERROR] TASK FAILED: TASK_1 after 0.0 seconds
[2026-07-01 09:02:12] [TASK_1] [ERROR] Exception: Simulated failure
[2026-07-01 09:02:12] [TASK_1] [ERROR] Stack trace:
Traceback (most recent call last):
  File "C:\Users\User\KLTN_MASTER\pipeline\run_pipeline.py", line 659, in run_pipeline
    executor(config, task_logger, smoke_test=smoke_test)
  File "C:\Program Files\WindowsApps\PythonSoftwareFoundation.Python.3.10_3.10.3056.0_x64__qbz5n2kfra8p0\lib\unittest\mock.py", line 1114, in __call__
    return self._mock_call(*args, **kwargs)
  File "C:\Program Files\WindowsApps\PythonSoftwareFoundation.Python.3.10_3.10.3056.0_x64__qbz5n2kfra8p0\lib\unittest\mock.py", line 1118, in _mock_call
    return self._execute_mock_call(*args, **kwargs)
  File "C:\Program Files\WindowsApps\PythonSoftwareFoundation.Python.3.10_3.10.3056.0_x64__qbz5n2kfra8p0\lib\unittest\mock.py", line 1173, in _execute_mock_call
    raise effect
RuntimeError: Simulated failure

[2026-07-01 09:02:12] [TASK_1] [INFO] ============================================================
[2026-07-01 09:02:12] [TASK_1] [INFO] START TASK_1: Price Collection (vnstock OHLCV)
[2026-07-01 09:02:12] [TASK_1] [INFO] Timestamp: 2026-07-01T09:02:12.826653
[2026-07-01 09:02:12] [TASK_1] [INFO] ============================================================
[2026-07-01 09:02:12] [TASK_1] [ERROR] TASK FAILED: TASK_1 after 0.0 seconds
[2026-07-01 09:02:12] [TASK_1] [ERROR] Exception: Simulated failure
[2026-07-01 09:02:12] [TASK_1] [ERROR] Stack trace:
Traceback (most recent call last):
  File "C:\Users\User\KLTN_MASTER\pipeline\run_pipeline.py", line 659, in run_pipeline
    executor(config, task_logger, smoke_test=smoke_test)
  File "C:\Program Files\WindowsApps\PythonSoftwareFoundation.Python.3.10_3.10.3056.0_x64__qbz5n2kfra8p0\lib\unittest\mock.py", line 1114, in __call__
    return self._mock_call(*args, **kwargs)
  File "C:\Program Files\WindowsApps\PythonSoftwareFoundation.Python.3.10_3.10.3056.0_x64__qbz5n2kfra8p0\lib\unittest\mock.py", line 1118, in _mock_call
    return self._execute_mock_call(*args, **kwargs)
  File "C:\Program Files\WindowsApps\PythonSoftwareFoundation.Python.3.10_3.10.3056.0_x64__qbz5n2kfra8p0\lib\unittest\mock.py", line 1173, in _execute_mock_call
    raise effect
RuntimeError: Simulated failure

[2026-07-01 09:02:12] [TASK_1] [INFO] ============================================================
[2026-07-01 09:02:12] [TASK_1] [INFO] START TASK_1: Price Collection (vnstock OHLCV)
[2026-07-01 09:02:12] [TASK_1] [INFO] Timestamp: 2026-07-01T09:02:12.979363
[2026-07-01 09:02:12] [TASK_1] [INFO] ============================================================
[2026-07-01 09:02:12] [TASK_1] [INFO] ------------------------------------------------------------
[2026-07-01 09:02:12] [TASK_1] [INFO] END TASK_1 — completed in 0.0 seconds
[2026-07-01 09:02:12] [TASK_1] [INFO] ============================================================
[2026-07-01 09:02:13] [TASK_1] [INFO] ============================================================
[2026-07-01 09:02:13] [TASK_1] [INFO] START TASK_1: Price Collection (vnstock OHLCV)
[2026-07-01 09:02:13] [TASK_1] [INFO] Timestamp: 2026-07-01T09:02:13.865337
[2026-07-01 09:02:13] [TASK_1] [INFO] ============================================================
[2026-07-01 09:02:13] [TASK_1] [INFO] ------------------------------------------------------------
[2026-07-01 09:02:13] [TASK_1] [INFO] END TASK_1 — completed in 0.0 seconds
[2026-07-01 09:02:13] [TASK_1] [INFO] ============================================================
[2026-07-01 09:02:18] [TASK_1] [INFO] Validated 3 tickers total (3 VN30 + 0 expansion).
[2026-07-01 09:02:18] [TASK_1] [INFO] HOSE-80 expansion: 1 non-VN30 tickers included: INVALID
[2026-07-01 09:02:18] [TASK_1] [INFO] Validated 3 tickers total (2 VN30 + 1 expansion).
[2026-07-01 09:02:19] [TASK_1] [INFO] HOSE-80 expansion: 2 non-VN30 tickers included: INVALID1, INVALID2
[2026-07-01 09:02:19] [TASK_1] [INFO] Validated 2 tickers total (0 VN30 + 2 expansion).
[2026-07-01 09:02:19] [TASK_1] [INFO] Validated 30 tickers total (30 VN30 + 0 expansion).
[2026-07-01 09:02:19] [TASK_1] [WARNING] [2026-07-01 09:02:19] Error fetching VNM (attempt 1/3): API down
[2026-07-01 09:02:19] [TASK_1] [INFO] Retrying in 1s...
[2026-07-01 09:02:19] [TASK_1] [WARNING] [2026-07-01 09:02:19] Error fetching VNM (attempt 2/3): API down
[2026-07-01 09:02:19] [TASK_1] [INFO] Retrying in 2s...
[2026-07-01 09:02:19] [TASK_1] [WARNING] [2026-07-01 09:02:19] Error fetching VNM (attempt 3/3): API down
[2026-07-01 09:02:19] [TASK_1] [ERROR] [2026-07-01 09:02:19] Failed to fetch data for VNM after 3 attempts.
[2026-07-01 09:02:19] [TASK_1] [INFO] Fetched 2 rows for VNM (2024-01-02 to 2024-01-03).
[2026-07-01 09:02:19] [TASK_1] [WARNING] Empty data returned for VNM (attempt 1/3).
[2026-07-01 09:02:19] [TASK_1] [INFO] Retrying in 1s...
[2026-07-01 09:02:19] [TASK_1] [INFO] Fetched 1 rows for VNM (2024-01-02 to 2024-01-02).
[2026-07-01 09:02:19] [TASK_1] [INFO] ============================================================
[2026-07-01 09:02:19] [TASK_1] [INFO] TASK 1: Price Collection Started
[2026-07-01 09:02:19] [TASK_1] [INFO] Tickers: 1 | Date range: 2024-01-01 to 2024-01-10
[2026-07-01 09:02:19] [TASK_1] [INFO] ============================================================
[2026-07-01 09:02:19] [TASK_1] [INFO] Validated 1 tickers total (1 VN30 + 0 expansion).
[2026-07-01 09:02:19] [TASK_1] [INFO] Processing VNM (1/1)...
[2026-07-01 09:02:19] [TASK_1] [INFO] Saved VNM → C:\Users\User\AppData\Local\Temp\pytest-of-User\pytest-182\test_collect_prices_output_col0\prices\VNM.csv (2 rows)
[2026-07-01 09:02:19] [TASK_1] [INFO] Saved consolidated file → C:\Users\User\AppData\Local\Temp\pytest-of-User\pytest-182\test_collect_prices_output_col0\prices\all_vn30_prices.csv (2 rows, 1 tickers)
[2026-07-01 09:02:19] [TASK_1] [INFO] ============================================================
[2026-07-01 09:02:19] [TASK_1] [INFO] PRICE COLLECTION SUMMARY
[2026-07-01 09:02:19] [TASK_1] [INFO] ============================================================
[2026-07-01 09:02:19] [TASK_1] [INFO] Successfully collected: 1 tickers
[2026-07-01 09:02:19] [TASK_1] [INFO] Expected trading days (business-day calendar): 8
[2026-07-01 09:02:19] [TASK_1] [INFO] ------------------------------------------------------------
[2026-07-01 09:02:19] [TASK_1] [INFO] Ticker    Earliest      Latest    Days
[2026-07-01 09:02:19] [TASK_1] [INFO] ------------------------------------------------------------
[2026-07-01 09:02:19] [TASK_1] [INFO] VNM     2024-01-02  2024-01-03       2
[2026-07-01 09:02:19] [TASK_1] [WARNING] ⚠ VNM has 75.0% fewer trading days than expected (2 vs 8 expected). Check for missing data.
[2026-07-01 09:02:19] [TASK_1] [INFO] ------------------------------------------------------------
[2026-07-01 09:02:19] [TASK_1] [INFO] Total rows: 2 | Date range: 2024-01-01 to 2024-01-10
[2026-07-01 09:02:19] [TASK_1] [INFO] ============================================================
[2026-07-01 09:02:19] [TASK_1] [INFO] ============================================================
[2026-07-01 09:02:19] [TASK_1] [INFO] TASK 1: Price Collection Started
[2026-07-01 09:02:19] [TASK_1] [INFO] Tickers: 2 | Date range: 2024-01-01 to 2024-01-10
[2026-07-01 09:02:19] [TASK_1] [INFO] ============================================================
[2026-07-01 09:02:19] [TASK_1] [INFO] Validated 2 tickers total (2 VN30 + 0 expansion).
[2026-07-01 09:02:19] [TASK_1] [INFO] Processing VNM (1/2)...
[2026-07-01 09:02:19] [TASK_1] [INFO] Saved VNM → C:\Users\User\AppData\Local\Temp\pytest-of-User\pytest-182\test_individual_ticker_csv_sav0\prices\VNM.csv (1 rows)
[2026-07-01 09:02:19] [TASK_1] [INFO] Processing FPT (2/2)...
[2026-07-01 09:02:19] [TASK_1] [INFO] Saved FPT → C:\Users\User\AppData\Local\Temp\pytest-of-User\pytest-182\test_individual_ticker_csv_sav0\prices\FPT.csv (1 rows)
[2026-07-01 09:02:19] [TASK_1] [INFO] Saved consolidated file → C:\Users\User\AppData\Local\Temp\pytest-of-User\pytest-182\test_individual_ticker_csv_sav0\prices\all_vn30_prices.csv (2 rows, 2 tickers)
[2026-07-01 09:02:19] [TASK_1] [INFO] ============================================================
[2026-07-01 09:02:19] [TASK_1] [INFO] PRICE COLLECTION SUMMARY
[2026-07-01 09:02:19] [TASK_1] [INFO] ============================================================
[2026-07-01 09:02:19] [TASK_1] [INFO] Successfully collected: 2 tickers
[2026-07-01 09:02:19] [TASK_1] [INFO] Expected trading days (business-day calendar): 8
[2026-07-01 09:02:19] [TASK_1] [INFO] ------------------------------------------------------------
[2026-07-01 09:02:19] [TASK_1] [INFO] Ticker    Earliest      Latest    Days
[2026-07-01 09:02:19] [TASK_1] [INFO] ------------------------------------------------------------
[2026-07-01 09:02:19] [TASK_1] [INFO] FPT     2024-01-02  2024-01-02       1
[2026-07-01 09:02:19] [TASK_1] [WARNING] ⚠ FPT has 87.5% fewer trading days than expected (1 vs 8 expected). Check for missing data.
[2026-07-01 09:02:19] [TASK_1] [INFO] VNM     2024-01-02  2024-01-02       1
[2026-07-01 09:02:19] [TASK_1] [WARNING] ⚠ VNM has 87.5% fewer trading days than expected (1 vs 8 expected). Check for missing data.
[2026-07-01 09:02:19] [TASK_1] [INFO] ------------------------------------------------------------
[2026-07-01 09:02:19] [TASK_1] [INFO] Total rows: 2 | Date range: 2024-01-01 to 2024-01-10
[2026-07-01 09:02:19] [TASK_1] [INFO] ============================================================
[2026-07-01 09:02:19] [TASK_1] [INFO] ============================================================
[2026-07-01 09:02:19] [TASK_1] [INFO] TASK 1: Price Collection Started
[2026-07-01 09:02:19] [TASK_1] [INFO] Tickers: 2 | Date range: 2024-01-01 to 2024-01-10
[2026-07-01 09:02:19] [TASK_1] [INFO] ============================================================
[2026-07-01 09:02:19] [TASK_1] [INFO] Validated 2 tickers total (2 VN30 + 0 expansion).
[2026-07-01 09:02:19] [TASK_1] [INFO] Processing VNM (1/2)...
[2026-07-01 09:02:19] [TASK_1] [INFO] Saved VNM → C:\Users\User\AppData\Local\Temp\pytest-of-User\pytest-182\test_consolidated_csv_has_tick0\prices\VNM.csv (1 rows)
[2026-07-01 09:02:20] [TASK_1] [INFO] Processing FPT (2/2)...
[2026-07-01 09:02:20] [TASK_1] [INFO] Saved FPT → C:\Users\User\AppData\Local\Temp\pytest-of-User\pytest-182\test_consolidated_csv_has_tick0\prices\FPT.csv (1 rows)
[2026-07-01 09:02:20] [TASK_1] [INFO] Saved consolidated file → C:\Users\User\AppData\Local\Temp\pytest-of-User\pytest-182\test_consolidated_csv_has_tick0\prices\all_vn30_prices.csv (2 rows, 2 tickers)
[2026-07-01 09:02:20] [TASK_1] [INFO] ============================================================
[2026-07-01 09:02:20] [TASK_1] [INFO] PRICE COLLECTION SUMMARY
[2026-07-01 09:02:20] [TASK_1] [INFO] ============================================================
[2026-07-01 09:02:20] [TASK_1] [INFO] Successfully collected: 2 tickers
[2026-07-01 09:02:20] [TASK_1] [INFO] Expected trading days (business-day calendar): 8
[2026-07-01 09:02:20] [TASK_1] [INFO] ------------------------------------------------------------
[2026-07-01 09:02:20] [TASK_1] [INFO] Ticker    Earliest      Latest    Days
[2026-07-01 09:02:20] [TASK_1] [INFO] ------------------------------------------------------------
[2026-07-01 09:02:20] [TASK_1] [INFO] FPT     2024-01-02  2024-01-02       1
[2026-07-01 09:02:20] [TASK_1] [WARNING] ⚠ FPT has 87.5% fewer trading days than expected (1 vs 8 expected). Check for missing data.
[2026-07-01 09:02:20] [TASK_1] [INFO] VNM     2024-01-02  2024-01-02       1
[2026-07-01 09:02:20] [TASK_1] [WARNING] ⚠ VNM has 87.5% fewer trading days than expected (1 vs 8 expected). Check for missing data.
[2026-07-01 09:02:20] [TASK_1] [INFO] ------------------------------------------------------------
[2026-07-01 09:02:20] [TASK_1] [INFO] Total rows: 2 | Date range: 2024-01-01 to 2024-01-10
[2026-07-01 09:02:20] [TASK_1] [INFO] ============================================================
[2026-07-01 09:02:20] [TASK_1] [INFO] ============================================================
[2026-07-01 09:02:20] [TASK_1] [INFO] TASK 1: Price Collection Started
[2026-07-01 09:02:20] [TASK_1] [INFO] Tickers: 1 | Date range: 2024-01-01 to 2024-01-10
[2026-07-01 09:02:20] [TASK_1] [INFO] ============================================================
[2026-07-01 09:02:20] [TASK_1] [INFO] Validated 1 tickers total (1 VN30 + 0 expansion).
[2026-07-01 09:02:20] [TASK_1] [INFO] Processing VNM (1/1)...
[2026-07-01 09:02:20] [TASK_1] [ERROR] [2026-07-01 09:02:20] FAILED: VNM — no data collected. Continuing with remaining tickers.
[2026-07-01 09:02:20] [TASK_1] [INFO] ============================================================
[2026-07-01 09:02:20] [TASK_1] [INFO] TASK 1: Price Collection Started
[2026-07-01 09:02:20] [TASK_1] [INFO] Tickers: 2 | Date range: 2024-01-01 to 2024-01-10
[2026-07-01 09:02:20] [TASK_1] [INFO] ============================================================
[2026-07-01 09:02:20] [TASK_1] [INFO] Validated 2 tickers total (2 VN30 + 0 expansion).
[2026-07-01 09:02:20] [TASK_1] [INFO] Processing VNM (1/2)...
[2026-07-01 09:02:20] [TASK_1] [INFO] Saved VNM → C:\Users\User\AppData\Local\Temp\pytest-of-User\pytest-182\test_partial_failure_continues0\prices\VNM.csv (1 rows)
[2026-07-01 09:02:20] [TASK_1] [INFO] Processing FPT (2/2)...
[2026-07-01 09:02:20] [TASK_1] [ERROR] [2026-07-01 09:02:20] FAILED: FPT — no data collected. Continuing with remaining tickers.
[2026-07-01 09:02:20] [TASK_1] [INFO] Saved consolidated file → C:\Users\User\AppData\Local\Temp\pytest-of-User\pytest-182\test_partial_failure_continues0\prices\all_vn30_prices.csv (1 rows, 1 tickers)
[2026-07-01 09:02:20] [TASK_1] [INFO] ============================================================
[2026-07-01 09:02:20] [TASK_1] [INFO] PRICE COLLECTION SUMMARY
[2026-07-01 09:02:20] [TASK_1] [INFO] ============================================================
[2026-07-01 09:02:20] [TASK_1] [INFO] Successfully collected: 1 tickers
[2026-07-01 09:02:20] [TASK_1] [WARNING] Failed tickers: FPT
[2026-07-01 09:02:20] [TASK_1] [INFO] Expected trading days (business-day calendar): 8
[2026-07-01 09:02:20] [TASK_1] [INFO] ------------------------------------------------------------
[2026-07-01 09:02:20] [TASK_1] [INFO] Ticker    Earliest      Latest    Days
[2026-07-01 09:02:20] [TASK_1] [INFO] ------------------------------------------------------------
[2026-07-01 09:02:20] [TASK_1] [INFO] VNM     2024-01-02  2024-01-02       1
[2026-07-01 09:02:20] [TASK_1] [WARNING] ⚠ VNM has 87.5% fewer trading days than expected (1 vs 8 expected). Check for missing data.
[2026-07-01 09:02:20] [TASK_1] [INFO] ------------------------------------------------------------
[2026-07-01 09:02:20] [TASK_1] [INFO] Total rows: 1 | Date range: 2024-01-01 to 2024-01-10
[2026-07-01 09:02:20] [TASK_1] [INFO] ============================================================
[2026-07-01 09:02:20] [TASK_1] [WARNING] [2026-07-01 09:02:20] Error fetching VNM (attempt 1/3): API down
[2026-07-01 09:02:20] [TASK_1] [WARNING] [2026-07-01 09:02:20] Error fetching VNM (attempt 2/3): API down
[2026-07-01 09:02:20] [TASK_1] [WARNING] [2026-07-01 09:02:20] Error fetching VNM (attempt 3/3): API down
[2026-07-01 09:02:20] [TASK_1] [ERROR] [2026-07-01 09:02:20] Failed to fetch data for VNM after 3 attempts.
[2026-07-01 09:02:20] [TASK_1] [WARNING] [2026-07-01 09:02:20] Error fetching VNM (attempt 1/3): API down
[2026-07-01 09:02:20] [TASK_1] [WARNING] [2026-07-01 09:02:20] Error fetching VNM (attempt 2/3): API down
[2026-07-01 09:02:20] [TASK_1] [WARNING] [2026-07-01 09:02:20] Error fetching VNM (attempt 3/3): API down
[2026-07-01 09:02:20] [TASK_1] [ERROR] [2026-07-01 09:02:20] Failed to fetch data for VNM after 3 attempts.
[2026-07-01 09:02:20] [TASK_1] [INFO] ============================================================
[2026-07-01 09:02:20] [TASK_1] [INFO] TASK 1: Price Collection Started
[2026-07-01 09:02:20] [TASK_1] [INFO] Tickers: 3 | Date range: 2024-01-01 to 2024-01-10
[2026-07-01 09:02:20] [TASK_1] [INFO] ============================================================
[2026-07-01 09:02:20] [TASK_1] [INFO] Validated 3 tickers total (3 VN30 + 0 expansion).
[2026-07-01 09:02:20] [TASK_1] [INFO] Processing VNM (1/3)...
[2026-07-01 09:02:20] [TASK_1] [ERROR] [2026-07-01 09:02:20] FAILED: VNM — no data collected. Continuing with remaining tickers.
[2026-07-01 09:02:21] [TASK_1] [INFO] Processing VCB (2/3)...
[2026-07-01 09:02:21] [TASK_1] [INFO] Saved VCB → C:\Users\User\AppData\Local\Temp\pytest-of-User\pytest-182\test_continues_after_ticker_fa0\prices\VCB.csv (2 rows)
[2026-07-01 09:02:21] [TASK_1] [INFO] Processing FPT (3/3)...
[2026-07-01 09:02:21] [TASK_1] [INFO] Saved FPT → C:\Users\User\AppData\Local\Temp\pytest-of-User\pytest-182\test_continues_after_ticker_fa0\prices\FPT.csv (2 rows)
[2026-07-01 09:02:21] [TASK_1] [INFO] Saved consolidated file → C:\Users\User\AppData\Local\Temp\pytest-of-User\pytest-182\test_continues_after_ticker_fa0\prices\all_vn30_prices.csv (4 rows, 2 tickers)
[2026-07-01 09:02:21] [TASK_1] [INFO] ============================================================
[2026-07-01 09:02:21] [TASK_1] [INFO] PRICE COLLECTION SUMMARY
[2026-07-01 09:02:21] [TASK_1] [INFO] ============================================================
[2026-07-01 09:02:21] [TASK_1] [INFO] Successfully collected: 2 tickers
[2026-07-01 09:02:21] [TASK_1] [WARNING] Failed tickers: VNM
[2026-07-01 09:02:21] [TASK_1] [INFO] Expected trading days (business-day calendar): 8
[2026-07-01 09:02:21] [TASK_1] [INFO] ------------------------------------------------------------
[2026-07-01 09:02:21] [TASK_1] [INFO] Ticker    Earliest      Latest    Days
[2026-07-01 09:02:21] [TASK_1] [INFO] ------------------------------------------------------------
[2026-07-01 09:02:21] [TASK_1] [INFO] FPT     2024-01-02  2024-01-03       2
[2026-07-01 09:02:21] [TASK_1] [WARNING] ⚠ FPT has 75.0% fewer trading days than expected (2 vs 8 expected). Check for missing data.
[2026-07-01 09:02:21] [TASK_1] [INFO] VCB     2024-01-02  2024-01-03       2
[2026-07-01 09:02:21] [TASK_1] [WARNING] ⚠ VCB has 75.0% fewer trading days than expected (2 vs 8 expected). Check for missing data.
[2026-07-01 09:02:21] [TASK_1] [INFO] ------------------------------------------------------------
[2026-07-01 09:02:21] [TASK_1] [INFO] Total rows: 4 | Date range: 2024-01-01 to 2024-01-10
[2026-07-01 09:02:21] [TASK_1] [INFO] ============================================================
[2026-07-01 09:02:22] [TASK_1] [ERROR] [2026-07-01 09:02:22] FAILED: FPT — no data collected. Continuing with remaining tickers.
[2026-07-01 09:02:22] [TASK_1] [WARNING] Failed tickers: FPT
[2026-07-01 09:02:22] [TASK_1] [WARNING] ⚠ VNM has 87.5% fewer trading days than expected (1 vs 8 expected). Check for missing data.
[2026-07-01 09:02:22] [TASK_1] [INFO] ============================================================
[2026-07-01 09:02:22] [TASK_1] [INFO] PRICE COLLECTION SUMMARY
[2026-07-01 09:02:22] [TASK_1] [INFO] ============================================================
[2026-07-01 09:02:22] [TASK_1] [INFO] Successfully collected: 2 tickers
[2026-07-01 09:02:22] [TASK_1] [INFO] Expected trading days (business-day calendar): 3
[2026-07-01 09:02:22] [TASK_1] [INFO] ------------------------------------------------------------
[2026-07-01 09:02:22] [TASK_1] [INFO] Ticker    Earliest      Latest    Days
[2026-07-01 09:02:22] [TASK_1] [INFO] ------------------------------------------------------------
[2026-07-01 09:02:22] [TASK_1] [INFO] FPT     2024-01-02  2024-01-03       2
[2026-07-01 09:02:22] [TASK_1] [WARNING] ⚠ FPT has 33.3% fewer trading days than expected (2 vs 3 expected). Check for missing data.
[2026-07-01 09:02:22] [TASK_1] [INFO] VNM     2024-01-02  2024-01-04       3
[2026-07-01 09:02:22] [TASK_1] [INFO] ------------------------------------------------------------
[2026-07-01 09:02:22] [TASK_1] [INFO] Total rows: 5 | Date range: 2024-01-02 to 2024-01-04
[2026-07-01 09:02:22] [TASK_1] [INFO] ============================================================
[2026-07-01 09:02:22] [TASK_1] [WARNING] ⚠ FPT has 53.1% fewer trading days than expected (30 vs 64 expected). Check for missing data.
[2026-07-01 09:02:22] [TASK_1] [WARNING] ⚠ VNM has 6.2% fewer trading days than expected (60 vs 64 expected). Check for missing data.
[2026-07-01 09:02:22] [TASK_1] [WARNING] Failed tickers: FPT, VCB
[2026-07-01 09:02:22] [TASK_1] [INFO] ============================================================
[2026-07-01 09:02:22] [TASK_1] [INFO] PRICE COLLECTION SUMMARY
[2026-07-01 09:02:22] [TASK_1] [INFO] ============================================================
[2026-07-01 09:02:22] [TASK_1] [INFO] Successfully collected: 1 tickers
[2026-07-01 09:02:22] [TASK_1] [INFO] Expected trading days (business-day calendar): 4
[2026-07-01 09:02:22] [TASK_1] [INFO] ------------------------------------------------------------
[2026-07-01 09:02:22] [TASK_1] [INFO] Ticker    Earliest      Latest    Days
[2026-07-01 09:02:22] [TASK_1] [INFO] ------------------------------------------------------------
[2026-07-01 09:02:22] [TASK_1] [INFO] VNM     2024-01-02  2024-01-02       1
[2026-07-01 09:02:22] [TASK_1] [WARNING] ⚠ VNM has 75.0% fewer trading days than expected (1 vs 4 expected). Check for missing data.
[2026-07-01 09:02:22] [TASK_1] [INFO] ------------------------------------------------------------
[2026-07-01 09:02:22] [TASK_1] [INFO] Total rows: 1 | Date range: 2024-01-02 to 2024-01-05
[2026-07-01 09:02:22] [TASK_1] [INFO] ============================================================
[2026-07-01 09:02:52] [TASK_1] [INFO] ============================================================
[2026-07-01 09:02:52] [TASK_1] [INFO] START TASK_1: Price Collection (vnstock OHLCV)
[2026-07-01 09:02:52] [TASK_1] [INFO] Timestamp: 2026-07-01T09:02:52.684490
[2026-07-01 09:02:52] [TASK_1] [INFO] ============================================================
[2026-07-01 09:02:52] [TASK_1] [ERROR] TASK FAILED: TASK_1 after 0.0 seconds
[2026-07-01 09:02:52] [TASK_1] [ERROR] Exception: Simulated failure
[2026-07-01 09:02:52] [TASK_1] [ERROR] Stack trace:
Traceback (most recent call last):
  File "C:\Users\User\KLTN_MASTER\pipeline\run_pipeline.py", line 659, in run_pipeline
    executor(config, task_logger, smoke_test=smoke_test)
  File "C:\Program Files\WindowsApps\PythonSoftwareFoundation.Python.3.10_3.10.3056.0_x64__qbz5n2kfra8p0\lib\unittest\mock.py", line 1114, in __call__
    return self._mock_call(*args, **kwargs)
  File "C:\Program Files\WindowsApps\PythonSoftwareFoundation.Python.3.10_3.10.3056.0_x64__qbz5n2kfra8p0\lib\unittest\mock.py", line 1118, in _mock_call
    return self._execute_mock_call(*args, **kwargs)
  File "C:\Program Files\WindowsApps\PythonSoftwareFoundation.Python.3.10_3.10.3056.0_x64__qbz5n2kfra8p0\lib\unittest\mock.py", line 1173, in _execute_mock_call
    raise effect
RuntimeError: Simulated failure

[2026-07-01 09:02:52] [TASK_1] [INFO] ============================================================
[2026-07-01 09:02:52] [TASK_1] [INFO] START TASK_1: Price Collection (vnstock OHLCV)
[2026-07-01 09:02:52] [TASK_1] [INFO] Timestamp: 2026-07-01T09:02:52.698553
[2026-07-01 09:02:52] [TASK_1] [INFO] ============================================================
[2026-07-01 09:02:52] [TASK_1] [ERROR] TASK FAILED: TASK_1 after 0.0 seconds
[2026-07-01 09:02:52] [TASK_1] [ERROR] Exception: Simulated failure
[2026-07-01 09:02:52] [TASK_1] [ERROR] Stack trace:
Traceback (most recent call last):
  File "C:\Users\User\KLTN_MASTER\pipeline\run_pipeline.py", line 659, in run_pipeline
    executor(config, task_logger, smoke_test=smoke_test)
  File "C:\Program Files\WindowsApps\PythonSoftwareFoundation.Python.3.10_3.10.3056.0_x64__qbz5n2kfra8p0\lib\unittest\mock.py", line 1114, in __call__
    return self._mock_call(*args, **kwargs)
  File "C:\Program Files\WindowsApps\PythonSoftwareFoundation.Python.3.10_3.10.3056.0_x64__qbz5n2kfra8p0\lib\unittest\mock.py", line 1118, in _mock_call
    return self._execute_mock_call(*args, **kwargs)
  File "C:\Program Files\WindowsApps\PythonSoftwareFoundation.Python.3.10_3.10.3056.0_x64__qbz5n2kfra8p0\lib\unittest\mock.py", line 1173, in _execute_mock_call
    raise effect
RuntimeError: Simulated failure

[2026-07-01 09:02:52] [TASK_1] [INFO] ============================================================
[2026-07-01 09:02:52] [TASK_1] [INFO] START TASK_1: Price Collection (vnstock OHLCV)
[2026-07-01 09:02:52] [TASK_1] [INFO] Timestamp: 2026-07-01T09:02:52.802790
[2026-07-01 09:02:52] [TASK_1] [INFO] ============================================================
[2026-07-01 09:02:52] [TASK_1] [INFO] ------------------------------------------------------------
[2026-07-01 09:02:52] [TASK_1] [INFO] END TASK_1 — completed in 0.0 seconds
[2026-07-01 09:02:52] [TASK_1] [INFO] ============================================================
[2026-07-01 09:02:53] [TASK_1] [INFO] ============================================================
[2026-07-01 09:02:53] [TASK_1] [INFO] START TASK_1: Price Collection (vnstock OHLCV)
[2026-07-01 09:02:53] [TASK_1] [INFO] Timestamp: 2026-07-01T09:02:53.578596
[2026-07-01 09:02:53] [TASK_1] [INFO] ============================================================
[2026-07-01 09:02:53] [TASK_1] [INFO] ------------------------------------------------------------
[2026-07-01 09:02:53] [TASK_1] [INFO] END TASK_1 — completed in 0.0 seconds
[2026-07-01 09:02:53] [TASK_1] [INFO] ============================================================
[2026-07-01 09:02:58] [TASK_1] [INFO] Validated 3 tickers total (3 VN30 + 0 expansion).
[2026-07-01 09:02:58] [TASK_1] [INFO] HOSE-80 expansion: 1 non-VN30 tickers included: INVALID
[2026-07-01 09:02:58] [TASK_1] [INFO] Validated 3 tickers total (2 VN30 + 1 expansion).
[2026-07-01 09:02:58] [TASK_1] [INFO] HOSE-80 expansion: 2 non-VN30 tickers included: INVALID1, INVALID2
[2026-07-01 09:02:58] [TASK_1] [INFO] Validated 2 tickers total (0 VN30 + 2 expansion).
[2026-07-01 09:02:58] [TASK_1] [INFO] Validated 30 tickers total (30 VN30 + 0 expansion).
[2026-07-01 09:02:58] [TASK_1] [WARNING] [2026-07-01 09:02:58] Error fetching VNM (attempt 1/3): API down
[2026-07-01 09:02:58] [TASK_1] [INFO] Retrying in 1s...
[2026-07-01 09:02:58] [TASK_1] [WARNING] [2026-07-01 09:02:58] Error fetching VNM (attempt 2/3): API down
[2026-07-01 09:02:58] [TASK_1] [INFO] Retrying in 2s...
[2026-07-01 09:02:58] [TASK_1] [WARNING] [2026-07-01 09:02:58] Error fetching VNM (attempt 3/3): API down
[2026-07-01 09:02:58] [TASK_1] [ERROR] [2026-07-01 09:02:58] Failed to fetch data for VNM after 3 attempts.
[2026-07-01 09:02:58] [TASK_1] [INFO] Fetched 2 rows for VNM (2024-01-02 to 2024-01-03).
[2026-07-01 09:02:58] [TASK_1] [WARNING] Empty data returned for VNM (attempt 1/3).
[2026-07-01 09:02:58] [TASK_1] [INFO] Retrying in 1s...
[2026-07-01 09:02:58] [TASK_1] [INFO] Fetched 1 rows for VNM (2024-01-02 to 2024-01-02).
[2026-07-01 09:02:58] [TASK_1] [INFO] ============================================================
[2026-07-01 09:02:58] [TASK_1] [INFO] TASK 1: Price Collection Started
[2026-07-01 09:02:58] [TASK_1] [INFO] Tickers: 1 | Date range: 2024-01-01 to 2024-01-10
[2026-07-01 09:02:58] [TASK_1] [INFO] ============================================================
[2026-07-01 09:02:58] [TASK_1] [INFO] Validated 1 tickers total (1 VN30 + 0 expansion).
[2026-07-01 09:02:58] [TASK_1] [INFO] Processing VNM (1/1)...
[2026-07-01 09:02:58] [TASK_1] [INFO] Saved VNM → C:\Users\User\AppData\Local\Temp\pytest-of-User\pytest-183\test_collect_prices_output_col0\prices\VNM.csv (2 rows)
[2026-07-01 09:02:58] [TASK_1] [INFO] Saved consolidated file → C:\Users\User\AppData\Local\Temp\pytest-of-User\pytest-183\test_collect_prices_output_col0\prices\all_vn30_prices.csv (2 rows, 1 tickers)
[2026-07-01 09:02:58] [TASK_1] [INFO] ============================================================
[2026-07-01 09:02:58] [TASK_1] [INFO] PRICE COLLECTION SUMMARY
[2026-07-01 09:02:58] [TASK_1] [INFO] ============================================================
[2026-07-01 09:02:58] [TASK_1] [INFO] Successfully collected: 1 tickers
[2026-07-01 09:02:58] [TASK_1] [INFO] Expected trading days (business-day calendar): 8
[2026-07-01 09:02:58] [TASK_1] [INFO] ------------------------------------------------------------
[2026-07-01 09:02:58] [TASK_1] [INFO] Ticker    Earliest      Latest    Days
[2026-07-01 09:02:58] [TASK_1] [INFO] ------------------------------------------------------------
[2026-07-01 09:02:58] [TASK_1] [INFO] VNM     2024-01-02  2024-01-03       2
[2026-07-01 09:02:58] [TASK_1] [WARNING] ⚠ VNM has 75.0% fewer trading days than expected (2 vs 8 expected). Check for missing data.
[2026-07-01 09:02:58] [TASK_1] [INFO] ------------------------------------------------------------
[2026-07-01 09:02:58] [TASK_1] [INFO] Total rows: 2 | Date range: 2024-01-01 to 2024-01-10
[2026-07-01 09:02:58] [TASK_1] [INFO] ============================================================
[2026-07-01 09:02:58] [TASK_1] [INFO] ============================================================
[2026-07-01 09:02:58] [TASK_1] [INFO] TASK 1: Price Collection Started
[2026-07-01 09:02:58] [TASK_1] [INFO] Tickers: 2 | Date range: 2024-01-01 to 2024-01-10
[2026-07-01 09:02:58] [TASK_1] [INFO] ============================================================
[2026-07-01 09:02:58] [TASK_1] [INFO] Validated 2 tickers total (2 VN30 + 0 expansion).
[2026-07-01 09:02:58] [TASK_1] [INFO] Processing VNM (1/2)...
[2026-07-01 09:02:58] [TASK_1] [INFO] Saved VNM → C:\Users\User\AppData\Local\Temp\pytest-of-User\pytest-183\test_individual_ticker_csv_sav0\prices\VNM.csv (1 rows)
[2026-07-01 09:02:59] [TASK_1] [INFO] Processing FPT (2/2)...
[2026-07-01 09:02:59] [TASK_1] [INFO] Saved FPT → C:\Users\User\AppData\Local\Temp\pytest-of-User\pytest-183\test_individual_ticker_csv_sav0\prices\FPT.csv (1 rows)
[2026-07-01 09:02:59] [TASK_1] [INFO] Saved consolidated file → C:\Users\User\AppData\Local\Temp\pytest-of-User\pytest-183\test_individual_ticker_csv_sav0\prices\all_vn30_prices.csv (2 rows, 2 tickers)
[2026-07-01 09:02:59] [TASK_1] [INFO] ============================================================
[2026-07-01 09:02:59] [TASK_1] [INFO] PRICE COLLECTION SUMMARY
[2026-07-01 09:02:59] [TASK_1] [INFO] ============================================================
[2026-07-01 09:02:59] [TASK_1] [INFO] Successfully collected: 2 tickers
[2026-07-01 09:02:59] [TASK_1] [INFO] Expected trading days (business-day calendar): 8
[2026-07-01 09:02:59] [TASK_1] [INFO] ------------------------------------------------------------
[2026-07-01 09:02:59] [TASK_1] [INFO] Ticker    Earliest      Latest    Days
[2026-07-01 09:02:59] [TASK_1] [INFO] ------------------------------------------------------------
[2026-07-01 09:02:59] [TASK_1] [INFO] FPT     2024-01-02  2024-01-02       1
[2026-07-01 09:02:59] [TASK_1] [WARNING] ⚠ FPT has 87.5% fewer trading days than expected (1 vs 8 expected). Check for missing data.
[2026-07-01 09:02:59] [TASK_1] [INFO] VNM     2024-01-02  2024-01-02       1
[2026-07-01 09:02:59] [TASK_1] [WARNING] ⚠ VNM has 87.5% fewer trading days than expected (1 vs 8 expected). Check for missing data.
[2026-07-01 09:02:59] [TASK_1] [INFO] ------------------------------------------------------------
[2026-07-01 09:02:59] [TASK_1] [INFO] Total rows: 2 | Date range: 2024-01-01 to 2024-01-10
[2026-07-01 09:02:59] [TASK_1] [INFO] ============================================================
[2026-07-01 09:02:59] [TASK_1] [INFO] ============================================================
[2026-07-01 09:02:59] [TASK_1] [INFO] TASK 1: Price Collection Started
[2026-07-01 09:02:59] [TASK_1] [INFO] Tickers: 2 | Date range: 2024-01-01 to 2024-01-10
[2026-07-01 09:02:59] [TASK_1] [INFO] ============================================================
[2026-07-01 09:02:59] [TASK_1] [INFO] Validated 2 tickers total (2 VN30 + 0 expansion).
[2026-07-01 09:02:59] [TASK_1] [INFO] Processing VNM (1/2)...
[2026-07-01 09:02:59] [TASK_1] [INFO] Saved VNM → C:\Users\User\AppData\Local\Temp\pytest-of-User\pytest-183\test_consolidated_csv_has_tick0\prices\VNM.csv (1 rows)
[2026-07-01 09:02:59] [TASK_1] [INFO] Processing FPT (2/2)...
[2026-07-01 09:02:59] [TASK_1] [INFO] Saved FPT → C:\Users\User\AppData\Local\Temp\pytest-of-User\pytest-183\test_consolidated_csv_has_tick0\prices\FPT.csv (1 rows)
[2026-07-01 09:02:59] [TASK_1] [INFO] Saved consolidated file → C:\Users\User\AppData\Local\Temp\pytest-of-User\pytest-183\test_consolidated_csv_has_tick0\prices\all_vn30_prices.csv (2 rows, 2 tickers)
[2026-07-01 09:02:59] [TASK_1] [INFO] ============================================================
[2026-07-01 09:02:59] [TASK_1] [INFO] PRICE COLLECTION SUMMARY
[2026-07-01 09:02:59] [TASK_1] [INFO] ============================================================
[2026-07-01 09:02:59] [TASK_1] [INFO] Successfully collected: 2 tickers
[2026-07-01 09:02:59] [TASK_1] [INFO] Expected trading days (business-day calendar): 8
[2026-07-01 09:02:59] [TASK_1] [INFO] ------------------------------------------------------------
[2026-07-01 09:02:59] [TASK_1] [INFO] Ticker    Earliest      Latest    Days
[2026-07-01 09:02:59] [TASK_1] [INFO] ------------------------------------------------------------
[2026-07-01 09:02:59] [TASK_1] [INFO] FPT     2024-01-02  2024-01-02       1
[2026-07-01 09:02:59] [TASK_1] [WARNING] ⚠ FPT has 87.5% fewer trading days than expected (1 vs 8 expected). Check for missing data.
[2026-07-01 09:02:59] [TASK_1] [INFO] VNM     2024-01-02  2024-01-02       1
[2026-07-01 09:02:59] [TASK_1] [WARNING] ⚠ VNM has 87.5% fewer trading days than expected (1 vs 8 expected). Check for missing data.
[2026-07-01 09:02:59] [TASK_1] [INFO] ------------------------------------------------------------
[2026-07-01 09:02:59] [TASK_1] [INFO] Total rows: 2 | Date range: 2024-01-01 to 2024-01-10
[2026-07-01 09:02:59] [TASK_1] [INFO] ============================================================
[2026-07-01 09:02:59] [TASK_1] [INFO] ============================================================
[2026-07-01 09:02:59] [TASK_1] [INFO] TASK 1: Price Collection Started
[2026-07-01 09:02:59] [TASK_1] [INFO] Tickers: 1 | Date range: 2024-01-01 to 2024-01-10
[2026-07-01 09:02:59] [TASK_1] [INFO] ============================================================
[2026-07-01 09:02:59] [TASK_1] [INFO] Validated 1 tickers total (1 VN30 + 0 expansion).
[2026-07-01 09:02:59] [TASK_1] [INFO] Processing VNM (1/1)...
[2026-07-01 09:02:59] [TASK_1] [ERROR] [2026-07-01 09:02:59] FAILED: VNM — no data collected. Continuing with remaining tickers.
[2026-07-01 09:02:59] [TASK_1] [INFO] ============================================================
[2026-07-01 09:02:59] [TASK_1] [INFO] TASK 1: Price Collection Started
[2026-07-01 09:02:59] [TASK_1] [INFO] Tickers: 2 | Date range: 2024-01-01 to 2024-01-10
[2026-07-01 09:02:59] [TASK_1] [INFO] ============================================================
[2026-07-01 09:02:59] [TASK_1] [INFO] Validated 2 tickers total (2 VN30 + 0 expansion).
[2026-07-01 09:02:59] [TASK_1] [INFO] Processing VNM (1/2)...
[2026-07-01 09:02:59] [TASK_1] [INFO] Saved VNM → C:\Users\User\AppData\Local\Temp\pytest-of-User\pytest-183\test_partial_failure_continues0\prices\VNM.csv (1 rows)
[2026-07-01 09:03:00] [TASK_1] [INFO] Processing FPT (2/2)...
[2026-07-01 09:03:00] [TASK_1] [ERROR] [2026-07-01 09:03:00] FAILED: FPT — no data collected. Continuing with remaining tickers.
[2026-07-01 09:03:00] [TASK_1] [INFO] Saved consolidated file → C:\Users\User\AppData\Local\Temp\pytest-of-User\pytest-183\test_partial_failure_continues0\prices\all_vn30_prices.csv (1 rows, 1 tickers)
[2026-07-01 09:03:00] [TASK_1] [INFO] ============================================================
[2026-07-01 09:03:00] [TASK_1] [INFO] PRICE COLLECTION SUMMARY
[2026-07-01 09:03:00] [TASK_1] [INFO] ============================================================
[2026-07-01 09:03:00] [TASK_1] [INFO] Successfully collected: 1 tickers
[2026-07-01 09:03:00] [TASK_1] [WARNING] Failed tickers: FPT
[2026-07-01 09:03:00] [TASK_1] [INFO] Expected trading days (business-day calendar): 8
[2026-07-01 09:03:00] [TASK_1] [INFO] ------------------------------------------------------------
[2026-07-01 09:03:00] [TASK_1] [INFO] Ticker    Earliest      Latest    Days
[2026-07-01 09:03:00] [TASK_1] [INFO] ------------------------------------------------------------
[2026-07-01 09:03:00] [TASK_1] [INFO] VNM     2024-01-02  2024-01-02       1
[2026-07-01 09:03:00] [TASK_1] [WARNING] ⚠ VNM has 87.5% fewer trading days than expected (1 vs 8 expected). Check for missing data.
[2026-07-01 09:03:00] [TASK_1] [INFO] ------------------------------------------------------------
[2026-07-01 09:03:00] [TASK_1] [INFO] Total rows: 1 | Date range: 2024-01-01 to 2024-01-10
[2026-07-01 09:03:00] [TASK_1] [INFO] ============================================================
[2026-07-01 09:03:00] [TASK_1] [WARNING] [2026-07-01 09:03:00] Error fetching VNM (attempt 1/3): API down
[2026-07-01 09:03:00] [TASK_1] [WARNING] [2026-07-01 09:03:00] Error fetching VNM (attempt 2/3): API down
[2026-07-01 09:03:00] [TASK_1] [WARNING] [2026-07-01 09:03:00] Error fetching VNM (attempt 3/3): API down
[2026-07-01 09:03:00] [TASK_1] [ERROR] [2026-07-01 09:03:00] Failed to fetch data for VNM after 3 attempts.
[2026-07-01 09:03:00] [TASK_1] [WARNING] [2026-07-01 09:03:00] Error fetching VNM (attempt 1/3): API down
[2026-07-01 09:03:00] [TASK_1] [WARNING] [2026-07-01 09:03:00] Error fetching VNM (attempt 2/3): API down
[2026-07-01 09:03:00] [TASK_1] [WARNING] [2026-07-01 09:03:00] Error fetching VNM (attempt 3/3): API down
[2026-07-01 09:03:00] [TASK_1] [ERROR] [2026-07-01 09:03:00] Failed to fetch data for VNM after 3 attempts.
[2026-07-01 09:03:00] [TASK_1] [INFO] ============================================================
[2026-07-01 09:03:00] [TASK_1] [INFO] TASK 1: Price Collection Started
[2026-07-01 09:03:00] [TASK_1] [INFO] Tickers: 3 | Date range: 2024-01-01 to 2024-01-10
[2026-07-01 09:03:00] [TASK_1] [INFO] ============================================================
[2026-07-01 09:03:00] [TASK_1] [INFO] Validated 3 tickers total (3 VN30 + 0 expansion).
[2026-07-01 09:03:00] [TASK_1] [INFO] Processing VNM (1/3)...
[2026-07-01 09:03:00] [TASK_1] [ERROR] [2026-07-01 09:03:00] FAILED: VNM — no data collected. Continuing with remaining tickers.
[2026-07-01 09:03:00] [TASK_1] [INFO] Processing VCB (2/3)...
[2026-07-01 09:03:00] [TASK_1] [INFO] Saved VCB → C:\Users\User\AppData\Local\Temp\pytest-of-User\pytest-183\test_continues_after_ticker_fa0\prices\VCB.csv (2 rows)
[2026-07-01 09:03:01] [TASK_1] [INFO] Processing FPT (3/3)...
[2026-07-01 09:03:01] [TASK_1] [INFO] Saved FPT → C:\Users\User\AppData\Local\Temp\pytest-of-User\pytest-183\test_continues_after_ticker_fa0\prices\FPT.csv (2 rows)
[2026-07-01 09:03:01] [TASK_1] [INFO] Saved consolidated file → C:\Users\User\AppData\Local\Temp\pytest-of-User\pytest-183\test_continues_after_ticker_fa0\prices\all_vn30_prices.csv (4 rows, 2 tickers)
[2026-07-01 09:03:01] [TASK_1] [INFO] ============================================================
[2026-07-01 09:03:01] [TASK_1] [INFO] PRICE COLLECTION SUMMARY
[2026-07-01 09:03:01] [TASK_1] [INFO] ============================================================
[2026-07-01 09:03:01] [TASK_1] [INFO] Successfully collected: 2 tickers
[2026-07-01 09:03:01] [TASK_1] [WARNING] Failed tickers: VNM
[2026-07-01 09:03:01] [TASK_1] [INFO] Expected trading days (business-day calendar): 8
[2026-07-01 09:03:01] [TASK_1] [INFO] ------------------------------------------------------------
[2026-07-01 09:03:01] [TASK_1] [INFO] Ticker    Earliest      Latest    Days
[2026-07-01 09:03:01] [TASK_1] [INFO] ------------------------------------------------------------
[2026-07-01 09:03:01] [TASK_1] [INFO] FPT     2024-01-02  2024-01-03       2
[2026-07-01 09:03:01] [TASK_1] [WARNING] ⚠ FPT has 75.0% fewer trading days than expected (2 vs 8 expected). Check for missing data.
[2026-07-01 09:03:01] [TASK_1] [INFO] VCB     2024-01-02  2024-01-03       2
[2026-07-01 09:03:01] [TASK_1] [WARNING] ⚠ VCB has 75.0% fewer trading days than expected (2 vs 8 expected). Check for missing data.
[2026-07-01 09:03:01] [TASK_1] [INFO] ------------------------------------------------------------
[2026-07-01 09:03:01] [TASK_1] [INFO] Total rows: 4 | Date range: 2024-01-01 to 2024-01-10
[2026-07-01 09:03:01] [TASK_1] [INFO] ============================================================
[2026-07-01 09:03:02] [TASK_1] [ERROR] [2026-07-01 09:03:02] FAILED: FPT — no data collected. Continuing with remaining tickers.
[2026-07-01 09:03:02] [TASK_1] [WARNING] Failed tickers: FPT
[2026-07-01 09:03:02] [TASK_1] [WARNING] ⚠ VNM has 87.5% fewer trading days than expected (1 vs 8 expected). Check for missing data.
[2026-07-01 09:03:02] [TASK_1] [INFO] ============================================================
[2026-07-01 09:03:02] [TASK_1] [INFO] PRICE COLLECTION SUMMARY
[2026-07-01 09:03:02] [TASK_1] [INFO] ============================================================
[2026-07-01 09:03:02] [TASK_1] [INFO] Successfully collected: 2 tickers
[2026-07-01 09:03:02] [TASK_1] [INFO] Expected trading days (business-day calendar): 3
[2026-07-01 09:03:02] [TASK_1] [INFO] ------------------------------------------------------------
[2026-07-01 09:03:02] [TASK_1] [INFO] Ticker    Earliest      Latest    Days
[2026-07-01 09:03:02] [TASK_1] [INFO] ------------------------------------------------------------
[2026-07-01 09:03:02] [TASK_1] [INFO] FPT     2024-01-02  2024-01-03       2
[2026-07-01 09:03:02] [TASK_1] [WARNING] ⚠ FPT has 33.3% fewer trading days than expected (2 vs 3 expected). Check for missing data.
[2026-07-01 09:03:02] [TASK_1] [INFO] VNM     2024-01-02  2024-01-04       3
[2026-07-01 09:03:02] [TASK_1] [INFO] ------------------------------------------------------------
[2026-07-01 09:03:02] [TASK_1] [INFO] Total rows: 5 | Date range: 2024-01-02 to 2024-01-04
[2026-07-01 09:03:02] [TASK_1] [INFO] ============================================================
[2026-07-01 09:03:02] [TASK_1] [WARNING] ⚠ FPT has 53.1% fewer trading days than expected (30 vs 64 expected). Check for missing data.
[2026-07-01 09:03:02] [TASK_1] [WARNING] ⚠ VNM has 6.2% fewer trading days than expected (60 vs 64 expected). Check for missing data.
[2026-07-01 09:03:02] [TASK_1] [WARNING] Failed tickers: FPT, VCB
[2026-07-01 09:03:02] [TASK_1] [INFO] ============================================================
[2026-07-01 09:03:02] [TASK_1] [INFO] PRICE COLLECTION SUMMARY
[2026-07-01 09:03:02] [TASK_1] [INFO] ============================================================
[2026-07-01 09:03:02] [TASK_1] [INFO] Successfully collected: 1 tickers
[2026-07-01 09:03:02] [TASK_1] [INFO] Expected trading days (business-day calendar): 4
[2026-07-01 09:03:02] [TASK_1] [INFO] ------------------------------------------------------------
[2026-07-01 09:03:02] [TASK_1] [INFO] Ticker    Earliest      Latest    Days
[2026-07-01 09:03:02] [TASK_1] [INFO] ------------------------------------------------------------
[2026-07-01 09:03:02] [TASK_1] [INFO] VNM     2024-01-02  2024-01-02       1
[2026-07-01 09:03:02] [TASK_1] [WARNING] ⚠ VNM has 75.0% fewer trading days than expected (1 vs 4 expected). Check for missing data.
[2026-07-01 09:03:02] [TASK_1] [INFO] ------------------------------------------------------------
[2026-07-01 09:03:02] [TASK_1] [INFO] Total rows: 1 | Date range: 2024-01-02 to 2024-01-05
[2026-07-01 09:03:02] [TASK_1] [INFO] ============================================================
[2026-07-01 09:53:44] [TASK_1] [INFO] ============================================================
[2026-07-01 09:53:44] [TASK_1] [INFO] START TASK_1: Price Collection (vnstock OHLCV)
[2026-07-01 09:53:44] [TASK_1] [INFO] Timestamp: 2026-07-01T09:53:44.808175
[2026-07-01 09:53:44] [TASK_1] [INFO] ============================================================
[2026-07-01 09:53:44] [TASK_1] [ERROR] TASK FAILED: TASK_1 after 0.0 seconds
[2026-07-01 09:53:44] [TASK_1] [ERROR] Exception: Simulated failure
[2026-07-01 09:53:44] [TASK_1] [ERROR] Stack trace:
Traceback (most recent call last):
  File "C:\Users\User\KLTN_MASTER\pipeline\run_pipeline.py", line 659, in run_pipeline
    executor(config, task_logger, smoke_test=smoke_test)
  File "C:\Program Files\WindowsApps\PythonSoftwareFoundation.Python.3.10_3.10.3056.0_x64__qbz5n2kfra8p0\lib\unittest\mock.py", line 1114, in __call__
    return self._mock_call(*args, **kwargs)
  File "C:\Program Files\WindowsApps\PythonSoftwareFoundation.Python.3.10_3.10.3056.0_x64__qbz5n2kfra8p0\lib\unittest\mock.py", line 1118, in _mock_call
    return self._execute_mock_call(*args, **kwargs)
  File "C:\Program Files\WindowsApps\PythonSoftwareFoundation.Python.3.10_3.10.3056.0_x64__qbz5n2kfra8p0\lib\unittest\mock.py", line 1173, in _execute_mock_call
    raise effect
RuntimeError: Simulated failure

[2026-07-01 09:53:44] [TASK_1] [INFO] ============================================================
[2026-07-01 09:53:44] [TASK_1] [INFO] START TASK_1: Price Collection (vnstock OHLCV)
[2026-07-01 09:53:44] [TASK_1] [INFO] Timestamp: 2026-07-01T09:53:44.814184
[2026-07-01 09:53:44] [TASK_1] [INFO] ============================================================
[2026-07-01 09:53:44] [TASK_1] [ERROR] TASK FAILED: TASK_1 after 0.0 seconds
[2026-07-01 09:53:44] [TASK_1] [ERROR] Exception: Simulated failure
[2026-07-01 09:53:44] [TASK_1] [ERROR] Stack trace:
Traceback (most recent call last):
  File "C:\Users\User\KLTN_MASTER\pipeline\run_pipeline.py", line 659, in run_pipeline
    executor(config, task_logger, smoke_test=smoke_test)
  File "C:\Program Files\WindowsApps\PythonSoftwareFoundation.Python.3.10_3.10.3056.0_x64__qbz5n2kfra8p0\lib\unittest\mock.py", line 1114, in __call__
    return self._mock_call(*args, **kwargs)
  File "C:\Program Files\WindowsApps\PythonSoftwareFoundation.Python.3.10_3.10.3056.0_x64__qbz5n2kfra8p0\lib\unittest\mock.py", line 1118, in _mock_call
    return self._execute_mock_call(*args, **kwargs)
  File "C:\Program Files\WindowsApps\PythonSoftwareFoundation.Python.3.10_3.10.3056.0_x64__qbz5n2kfra8p0\lib\unittest\mock.py", line 1173, in _execute_mock_call
    raise effect
RuntimeError: Simulated failure

[2026-07-01 09:53:44] [TASK_1] [INFO] ============================================================
[2026-07-01 09:53:44] [TASK_1] [INFO] START TASK_1: Price Collection (vnstock OHLCV)
[2026-07-01 09:53:44] [TASK_1] [INFO] Timestamp: 2026-07-01T09:53:44.981064
[2026-07-01 09:53:44] [TASK_1] [INFO] ============================================================
[2026-07-01 09:53:44] [TASK_1] [INFO] ------------------------------------------------------------
[2026-07-01 09:53:44] [TASK_1] [INFO] END TASK_1 — completed in 0.0 seconds
[2026-07-01 09:53:44] [TASK_1] [INFO] ============================================================
[2026-07-01 09:53:45] [TASK_1] [INFO] ============================================================
[2026-07-01 09:53:45] [TASK_1] [INFO] START TASK_1: Price Collection (vnstock OHLCV)
[2026-07-01 09:53:45] [TASK_1] [INFO] Timestamp: 2026-07-01T09:53:45.854119
[2026-07-01 09:53:45] [TASK_1] [INFO] ============================================================
[2026-07-01 09:53:45] [TASK_1] [INFO] ------------------------------------------------------------
[2026-07-01 09:53:45] [TASK_1] [INFO] END TASK_1 — completed in 0.0 seconds
[2026-07-01 09:53:45] [TASK_1] [INFO] ============================================================
[2026-07-01 09:54:03] [TASK_1] [INFO] Validated 3 tickers total (3 VN30 + 0 expansion).
[2026-07-01 09:54:03] [TASK_1] [INFO] HOSE-80 expansion: 1 non-VN30 tickers included: INVALID
[2026-07-01 09:54:03] [TASK_1] [INFO] Validated 3 tickers total (2 VN30 + 1 expansion).
[2026-07-01 09:54:03] [TASK_1] [INFO] HOSE-80 expansion: 2 non-VN30 tickers included: INVALID1, INVALID2
[2026-07-01 09:54:03] [TASK_1] [INFO] Validated 2 tickers total (0 VN30 + 2 expansion).
[2026-07-01 09:54:03] [TASK_1] [INFO] Validated 30 tickers total (30 VN30 + 0 expansion).
[2026-07-01 09:54:03] [TASK_1] [WARNING] [2026-07-01 09:54:03] Error fetching VNM (attempt 1/3): API down
[2026-07-01 09:54:03] [TASK_1] [INFO] Retrying in 1s...
[2026-07-01 09:54:03] [TASK_1] [WARNING] [2026-07-01 09:54:03] Error fetching VNM (attempt 2/3): API down
[2026-07-01 09:54:03] [TASK_1] [INFO] Retrying in 2s...
[2026-07-01 09:54:03] [TASK_1] [WARNING] [2026-07-01 09:54:03] Error fetching VNM (attempt 3/3): API down
[2026-07-01 09:54:03] [TASK_1] [ERROR] [2026-07-01 09:54:03] Failed to fetch data for VNM after 3 attempts.
[2026-07-01 09:54:03] [TASK_1] [INFO] Fetched 2 rows for VNM (2024-01-02 to 2024-01-03).
[2026-07-01 09:54:03] [TASK_1] [WARNING] Empty data returned for VNM (attempt 1/3).
[2026-07-01 09:54:03] [TASK_1] [INFO] Retrying in 1s...
[2026-07-01 09:54:03] [TASK_1] [INFO] Fetched 1 rows for VNM (2024-01-02 to 2024-01-02).
[2026-07-01 09:54:03] [TASK_1] [INFO] ============================================================
[2026-07-01 09:54:03] [TASK_1] [INFO] TASK 1: Price Collection Started
[2026-07-01 09:54:03] [TASK_1] [INFO] Tickers: 1 | Date range: 2024-01-01 to 2024-01-10
[2026-07-01 09:54:03] [TASK_1] [INFO] ============================================================
[2026-07-01 09:54:03] [TASK_1] [INFO] Validated 1 tickers total (1 VN30 + 0 expansion).
[2026-07-01 09:54:03] [TASK_1] [INFO] Processing VNM (1/1)...
[2026-07-01 09:54:03] [TASK_1] [INFO] Saved VNM → C:\Users\User\AppData\Local\Temp\pytest-of-User\pytest-186\test_collect_prices_output_col0\prices\VNM.csv (2 rows)
[2026-07-01 09:54:03] [TASK_1] [INFO] Saved consolidated file → C:\Users\User\AppData\Local\Temp\pytest-of-User\pytest-186\test_collect_prices_output_col0\prices\all_vn30_prices.csv (2 rows, 1 tickers)
[2026-07-01 09:54:03] [TASK_1] [INFO] ============================================================
[2026-07-01 09:54:03] [TASK_1] [INFO] PRICE COLLECTION SUMMARY
[2026-07-01 09:54:03] [TASK_1] [INFO] ============================================================
[2026-07-01 09:54:03] [TASK_1] [INFO] Successfully collected: 1 tickers
[2026-07-01 09:54:03] [TASK_1] [INFO] Expected trading days (business-day calendar): 8
[2026-07-01 09:54:03] [TASK_1] [INFO] ------------------------------------------------------------
[2026-07-01 09:54:03] [TASK_1] [INFO] Ticker    Earliest      Latest    Days
[2026-07-01 09:54:03] [TASK_1] [INFO] ------------------------------------------------------------
[2026-07-01 09:54:03] [TASK_1] [INFO] VNM     2024-01-02  2024-01-03       2
[2026-07-01 09:54:03] [TASK_1] [WARNING] ⚠ VNM has 75.0% fewer trading days than expected (2 vs 8 expected). Check for missing data.
[2026-07-01 09:54:03] [TASK_1] [INFO] ------------------------------------------------------------
[2026-07-01 09:54:03] [TASK_1] [INFO] Total rows: 2 | Date range: 2024-01-01 to 2024-01-10
[2026-07-01 09:54:03] [TASK_1] [INFO] ============================================================
[2026-07-01 09:54:04] [TASK_1] [INFO] ============================================================
[2026-07-01 09:54:04] [TASK_1] [INFO] TASK 1: Price Collection Started
[2026-07-01 09:54:04] [TASK_1] [INFO] Tickers: 2 | Date range: 2024-01-01 to 2024-01-10
[2026-07-01 09:54:04] [TASK_1] [INFO] ============================================================
[2026-07-01 09:54:04] [TASK_1] [INFO] Validated 2 tickers total (2 VN30 + 0 expansion).
[2026-07-01 09:54:04] [TASK_1] [INFO] Processing VNM (1/2)...
[2026-07-01 09:54:04] [TASK_1] [INFO] Saved VNM → C:\Users\User\AppData\Local\Temp\pytest-of-User\pytest-186\test_individual_ticker_csv_sav0\prices\VNM.csv (1 rows)
[2026-07-01 09:54:04] [TASK_1] [INFO] Processing FPT (2/2)...
[2026-07-01 09:54:04] [TASK_1] [INFO] Saved FPT → C:\Users\User\AppData\Local\Temp\pytest-of-User\pytest-186\test_individual_ticker_csv_sav0\prices\FPT.csv (1 rows)
[2026-07-01 09:54:04] [TASK_1] [INFO] Saved consolidated file → C:\Users\User\AppData\Local\Temp\pytest-of-User\pytest-186\test_individual_ticker_csv_sav0\prices\all_vn30_prices.csv (2 rows, 2 tickers)
[2026-07-01 09:54:04] [TASK_1] [INFO] ============================================================
[2026-07-01 09:54:04] [TASK_1] [INFO] PRICE COLLECTION SUMMARY
[2026-07-01 09:54:04] [TASK_1] [INFO] ============================================================
[2026-07-01 09:54:04] [TASK_1] [INFO] Successfully collected: 2 tickers
[2026-07-01 09:54:04] [TASK_1] [INFO] Expected trading days (business-day calendar): 8
[2026-07-01 09:54:04] [TASK_1] [INFO] ------------------------------------------------------------
[2026-07-01 09:54:04] [TASK_1] [INFO] Ticker    Earliest      Latest    Days
[2026-07-01 09:54:04] [TASK_1] [INFO] ------------------------------------------------------------
[2026-07-01 09:54:04] [TASK_1] [INFO] FPT     2024-01-02  2024-01-02       1
[2026-07-01 09:54:04] [TASK_1] [WARNING] ⚠ FPT has 87.5% fewer trading days than expected (1 vs 8 expected). Check for missing data.
[2026-07-01 09:54:04] [TASK_1] [INFO] VNM     2024-01-02  2024-01-02       1
[2026-07-01 09:54:04] [TASK_1] [WARNING] ⚠ VNM has 87.5% fewer trading days than expected (1 vs 8 expected). Check for missing data.
[2026-07-01 09:54:04] [TASK_1] [INFO] ------------------------------------------------------------
[2026-07-01 09:54:04] [TASK_1] [INFO] Total rows: 2 | Date range: 2024-01-01 to 2024-01-10
[2026-07-01 09:54:04] [TASK_1] [INFO] ============================================================
[2026-07-01 09:54:04] [TASK_1] [INFO] ============================================================
[2026-07-01 09:54:04] [TASK_1] [INFO] TASK 1: Price Collection Started
[2026-07-01 09:54:04] [TASK_1] [INFO] Tickers: 2 | Date range: 2024-01-01 to 2024-01-10
[2026-07-01 09:54:04] [TASK_1] [INFO] ============================================================
[2026-07-01 09:54:04] [TASK_1] [INFO] Validated 2 tickers total (2 VN30 + 0 expansion).
[2026-07-01 09:54:04] [TASK_1] [INFO] Processing VNM (1/2)...
[2026-07-01 09:54:04] [TASK_1] [INFO] Saved VNM → C:\Users\User\AppData\Local\Temp\pytest-of-User\pytest-186\test_consolidated_csv_has_tick0\prices\VNM.csv (1 rows)
[2026-07-01 09:54:05] [TASK_1] [INFO] Processing FPT (2/2)...
[2026-07-01 09:54:05] [TASK_1] [INFO] Saved FPT → C:\Users\User\AppData\Local\Temp\pytest-of-User\pytest-186\test_consolidated_csv_has_tick0\prices\FPT.csv (1 rows)
[2026-07-01 09:54:05] [TASK_1] [INFO] Saved consolidated file → C:\Users\User\AppData\Local\Temp\pytest-of-User\pytest-186\test_consolidated_csv_has_tick0\prices\all_vn30_prices.csv (2 rows, 2 tickers)
[2026-07-01 09:54:05] [TASK_1] [INFO] ============================================================
[2026-07-01 09:54:05] [TASK_1] [INFO] PRICE COLLECTION SUMMARY
[2026-07-01 09:54:05] [TASK_1] [INFO] ============================================================
[2026-07-01 09:54:05] [TASK_1] [INFO] Successfully collected: 2 tickers
[2026-07-01 09:54:05] [TASK_1] [INFO] Expected trading days (business-day calendar): 8
[2026-07-01 09:54:05] [TASK_1] [INFO] ------------------------------------------------------------
[2026-07-01 09:54:05] [TASK_1] [INFO] Ticker    Earliest      Latest    Days
[2026-07-01 09:54:05] [TASK_1] [INFO] ------------------------------------------------------------
[2026-07-01 09:54:05] [TASK_1] [INFO] FPT     2024-01-02  2024-01-02       1
[2026-07-01 09:54:05] [TASK_1] [WARNING] ⚠ FPT has 87.5% fewer trading days than expected (1 vs 8 expected). Check for missing data.
[2026-07-01 09:54:05] [TASK_1] [INFO] VNM     2024-01-02  2024-01-02       1
[2026-07-01 09:54:05] [TASK_1] [WARNING] ⚠ VNM has 87.5% fewer trading days than expected (1 vs 8 expected). Check for missing data.
[2026-07-01 09:54:05] [TASK_1] [INFO] ------------------------------------------------------------
[2026-07-01 09:54:05] [TASK_1] [INFO] Total rows: 2 | Date range: 2024-01-01 to 2024-01-10
[2026-07-01 09:54:05] [TASK_1] [INFO] ============================================================
[2026-07-01 09:54:05] [TASK_1] [INFO] ============================================================
[2026-07-01 09:54:05] [TASK_1] [INFO] TASK 1: Price Collection Started
[2026-07-01 09:54:05] [TASK_1] [INFO] Tickers: 1 | Date range: 2024-01-01 to 2024-01-10
[2026-07-01 09:54:05] [TASK_1] [INFO] ============================================================
[2026-07-01 09:54:05] [TASK_1] [INFO] Validated 1 tickers total (1 VN30 + 0 expansion).
[2026-07-01 09:54:05] [TASK_1] [INFO] Processing VNM (1/1)...
[2026-07-01 09:54:05] [TASK_1] [ERROR] [2026-07-01 09:54:05] FAILED: VNM — no data collected. Continuing with remaining tickers.
[2026-07-01 09:54:05] [TASK_1] [INFO] ============================================================
[2026-07-01 09:54:05] [TASK_1] [INFO] TASK 1: Price Collection Started
[2026-07-01 09:54:05] [TASK_1] [INFO] Tickers: 2 | Date range: 2024-01-01 to 2024-01-10
[2026-07-01 09:54:05] [TASK_1] [INFO] ============================================================
[2026-07-01 09:54:05] [TASK_1] [INFO] Validated 2 tickers total (2 VN30 + 0 expansion).
[2026-07-01 09:54:05] [TASK_1] [INFO] Processing VNM (1/2)...
[2026-07-01 09:54:05] [TASK_1] [INFO] Saved VNM → C:\Users\User\AppData\Local\Temp\pytest-of-User\pytest-186\test_partial_failure_continues0\prices\VNM.csv (1 rows)
[2026-07-01 09:54:05] [TASK_1] [INFO] Processing FPT (2/2)...
[2026-07-01 09:54:05] [TASK_1] [ERROR] [2026-07-01 09:54:05] FAILED: FPT — no data collected. Continuing with remaining tickers.
[2026-07-01 09:54:05] [TASK_1] [INFO] Saved consolidated file → C:\Users\User\AppData\Local\Temp\pytest-of-User\pytest-186\test_partial_failure_continues0\prices\all_vn30_prices.csv (1 rows, 1 tickers)
[2026-07-01 09:54:05] [TASK_1] [INFO] ============================================================
[2026-07-01 09:54:05] [TASK_1] [INFO] PRICE COLLECTION SUMMARY
[2026-07-01 09:54:05] [TASK_1] [INFO] ============================================================
[2026-07-01 09:54:05] [TASK_1] [INFO] Successfully collected: 1 tickers
[2026-07-01 09:54:05] [TASK_1] [WARNING] Failed tickers: FPT
[2026-07-01 09:54:05] [TASK_1] [INFO] Expected trading days (business-day calendar): 8
[2026-07-01 09:54:05] [TASK_1] [INFO] ------------------------------------------------------------
[2026-07-01 09:54:05] [TASK_1] [INFO] Ticker    Earliest      Latest    Days
[2026-07-01 09:54:05] [TASK_1] [INFO] ------------------------------------------------------------
[2026-07-01 09:54:05] [TASK_1] [INFO] VNM     2024-01-02  2024-01-02       1
[2026-07-01 09:54:05] [TASK_1] [WARNING] ⚠ VNM has 87.5% fewer trading days than expected (1 vs 8 expected). Check for missing data.
[2026-07-01 09:54:05] [TASK_1] [INFO] ------------------------------------------------------------
[2026-07-01 09:54:05] [TASK_1] [INFO] Total rows: 1 | Date range: 2024-01-01 to 2024-01-10
[2026-07-01 09:54:05] [TASK_1] [INFO] ============================================================
[2026-07-01 09:54:05] [TASK_1] [WARNING] [2026-07-01 09:54:05] Error fetching VNM (attempt 1/3): API down
[2026-07-01 09:54:05] [TASK_1] [WARNING] [2026-07-01 09:54:05] Error fetching VNM (attempt 2/3): API down
[2026-07-01 09:54:05] [TASK_1] [WARNING] [2026-07-01 09:54:05] Error fetching VNM (attempt 3/3): API down
[2026-07-01 09:54:05] [TASK_1] [ERROR] [2026-07-01 09:54:05] Failed to fetch data for VNM after 3 attempts.
[2026-07-01 09:54:05] [TASK_1] [WARNING] [2026-07-01 09:54:05] Error fetching VNM (attempt 1/3): API down
[2026-07-01 09:54:05] [TASK_1] [WARNING] [2026-07-01 09:54:05] Error fetching VNM (attempt 2/3): API down
[2026-07-01 09:54:05] [TASK_1] [WARNING] [2026-07-01 09:54:05] Error fetching VNM (attempt 3/3): API down
[2026-07-01 09:54:05] [TASK_1] [ERROR] [2026-07-01 09:54:05] Failed to fetch data for VNM after 3 attempts.
[2026-07-01 09:54:05] [TASK_1] [INFO] ============================================================
[2026-07-01 09:54:05] [TASK_1] [INFO] TASK 1: Price Collection Started
[2026-07-01 09:54:05] [TASK_1] [INFO] Tickers: 3 | Date range: 2024-01-01 to 2024-01-10
[2026-07-01 09:54:05] [TASK_1] [INFO] ============================================================
[2026-07-01 09:54:05] [TASK_1] [INFO] Validated 3 tickers total (3 VN30 + 0 expansion).
[2026-07-01 09:54:05] [TASK_1] [INFO] Processing VNM (1/3)...
[2026-07-01 09:54:05] [TASK_1] [ERROR] [2026-07-01 09:54:05] FAILED: VNM — no data collected. Continuing with remaining tickers.
[2026-07-01 09:54:06] [TASK_1] [INFO] Processing VCB (2/3)...
[2026-07-01 09:54:06] [TASK_1] [INFO] Saved VCB → C:\Users\User\AppData\Local\Temp\pytest-of-User\pytest-186\test_continues_after_ticker_fa0\prices\VCB.csv (2 rows)
[2026-07-01 09:54:06] [TASK_1] [INFO] Processing FPT (3/3)...
[2026-07-01 09:54:06] [TASK_1] [INFO] Saved FPT → C:\Users\User\AppData\Local\Temp\pytest-of-User\pytest-186\test_continues_after_ticker_fa0\prices\FPT.csv (2 rows)
[2026-07-01 09:54:06] [TASK_1] [INFO] Saved consolidated file → C:\Users\User\AppData\Local\Temp\pytest-of-User\pytest-186\test_continues_after_ticker_fa0\prices\all_vn30_prices.csv (4 rows, 2 tickers)
[2026-07-01 09:54:06] [TASK_1] [INFO] ============================================================
[2026-07-01 09:54:06] [TASK_1] [INFO] PRICE COLLECTION SUMMARY
[2026-07-01 09:54:06] [TASK_1] [INFO] ============================================================
[2026-07-01 09:54:06] [TASK_1] [INFO] Successfully collected: 2 tickers
[2026-07-01 09:54:06] [TASK_1] [WARNING] Failed tickers: VNM
[2026-07-01 09:54:06] [TASK_1] [INFO] Expected trading days (business-day calendar): 8
[2026-07-01 09:54:06] [TASK_1] [INFO] ------------------------------------------------------------
[2026-07-01 09:54:06] [TASK_1] [INFO] Ticker    Earliest      Latest    Days
[2026-07-01 09:54:06] [TASK_1] [INFO] ------------------------------------------------------------
[2026-07-01 09:54:06] [TASK_1] [INFO] FPT     2024-01-02  2024-01-03       2
[2026-07-01 09:54:06] [TASK_1] [WARNING] ⚠ FPT has 75.0% fewer trading days than expected (2 vs 8 expected). Check for missing data.
[2026-07-01 09:54:06] [TASK_1] [INFO] VCB     2024-01-02  2024-01-03       2
[2026-07-01 09:54:06] [TASK_1] [WARNING] ⚠ VCB has 75.0% fewer trading days than expected (2 vs 8 expected). Check for missing data.
[2026-07-01 09:54:06] [TASK_1] [INFO] ------------------------------------------------------------
[2026-07-01 09:54:06] [TASK_1] [INFO] Total rows: 4 | Date range: 2024-01-01 to 2024-01-10
[2026-07-01 09:54:06] [TASK_1] [INFO] ============================================================
[2026-07-01 09:54:07] [TASK_1] [ERROR] [2026-07-01 09:54:07] FAILED: FPT — no data collected. Continuing with remaining tickers.
[2026-07-01 09:54:07] [TASK_1] [WARNING] Failed tickers: FPT
[2026-07-01 09:54:07] [TASK_1] [WARNING] ⚠ VNM has 87.5% fewer trading days than expected (1 vs 8 expected). Check for missing data.
[2026-07-01 09:54:07] [TASK_1] [INFO] ============================================================
[2026-07-01 09:54:07] [TASK_1] [INFO] PRICE COLLECTION SUMMARY
[2026-07-01 09:54:07] [TASK_1] [INFO] ============================================================
[2026-07-01 09:54:07] [TASK_1] [INFO] Successfully collected: 2 tickers
[2026-07-01 09:54:07] [TASK_1] [INFO] Expected trading days (business-day calendar): 3
[2026-07-01 09:54:07] [TASK_1] [INFO] ------------------------------------------------------------
[2026-07-01 09:54:07] [TASK_1] [INFO] Ticker    Earliest      Latest    Days
[2026-07-01 09:54:07] [TASK_1] [INFO] ------------------------------------------------------------
[2026-07-01 09:54:07] [TASK_1] [INFO] FPT     2024-01-02  2024-01-03       2
[2026-07-01 09:54:07] [TASK_1] [WARNING] ⚠ FPT has 33.3% fewer trading days than expected (2 vs 3 expected). Check for missing data.
[2026-07-01 09:54:07] [TASK_1] [INFO] VNM     2024-01-02  2024-01-04       3
[2026-07-01 09:54:07] [TASK_1] [INFO] ------------------------------------------------------------
[2026-07-01 09:54:07] [TASK_1] [INFO] Total rows: 5 | Date range: 2024-01-02 to 2024-01-04
[2026-07-01 09:54:07] [TASK_1] [INFO] ============================================================
[2026-07-01 09:54:07] [TASK_1] [WARNING] ⚠ FPT has 53.1% fewer trading days than expected (30 vs 64 expected). Check for missing data.
[2026-07-01 09:54:07] [TASK_1] [WARNING] ⚠ VNM has 6.2% fewer trading days than expected (60 vs 64 expected). Check for missing data.
[2026-07-01 09:54:07] [TASK_1] [WARNING] Failed tickers: FPT, VCB
[2026-07-01 09:54:07] [TASK_1] [INFO] ============================================================
[2026-07-01 09:54:07] [TASK_1] [INFO] PRICE COLLECTION SUMMARY
[2026-07-01 09:54:07] [TASK_1] [INFO] ============================================================
[2026-07-01 09:54:07] [TASK_1] [INFO] Successfully collected: 1 tickers
[2026-07-01 09:54:07] [TASK_1] [INFO] Expected trading days (business-day calendar): 4
[2026-07-01 09:54:07] [TASK_1] [INFO] ------------------------------------------------------------
[2026-07-01 09:54:07] [TASK_1] [INFO] Ticker    Earliest      Latest    Days
[2026-07-01 09:54:07] [TASK_1] [INFO] ------------------------------------------------------------
[2026-07-01 09:54:07] [TASK_1] [INFO] VNM     2024-01-02  2024-01-02       1
[2026-07-01 09:54:07] [TASK_1] [WARNING] ⚠ VNM has 75.0% fewer trading days than expected (1 vs 4 expected). Check for missing data.
[2026-07-01 09:54:07] [TASK_1] [INFO] ------------------------------------------------------------
[2026-07-01 09:54:07] [TASK_1] [INFO] Total rows: 1 | Date range: 2024-01-02 to 2024-01-05
[2026-07-01 09:54:07] [TASK_1] [INFO] ============================================================
[2026-07-01 09:55:11] [TASK_1] [INFO] ============================================================
[2026-07-01 09:55:11] [TASK_1] [INFO] START TASK_1: Price Collection (vnstock OHLCV)
[2026-07-01 09:55:11] [TASK_1] [INFO] Timestamp: 2026-07-01T09:55:11.082775
[2026-07-01 09:55:11] [TASK_1] [INFO] ============================================================
[2026-07-01 09:55:11] [TASK_1] [ERROR] TASK FAILED: TASK_1 after 0.0 seconds
[2026-07-01 09:55:11] [TASK_1] [ERROR] Exception: Simulated failure
[2026-07-01 09:55:11] [TASK_1] [ERROR] Stack trace:
Traceback (most recent call last):
  File "C:\Users\User\KLTN_MASTER\pipeline\run_pipeline.py", line 659, in run_pipeline
    executor(config, task_logger, smoke_test=smoke_test)
  File "C:\Program Files\WindowsApps\PythonSoftwareFoundation.Python.3.10_3.10.3056.0_x64__qbz5n2kfra8p0\lib\unittest\mock.py", line 1114, in __call__
    return self._mock_call(*args, **kwargs)
  File "C:\Program Files\WindowsApps\PythonSoftwareFoundation.Python.3.10_3.10.3056.0_x64__qbz5n2kfra8p0\lib\unittest\mock.py", line 1118, in _mock_call
    return self._execute_mock_call(*args, **kwargs)
  File "C:\Program Files\WindowsApps\PythonSoftwareFoundation.Python.3.10_3.10.3056.0_x64__qbz5n2kfra8p0\lib\unittest\mock.py", line 1173, in _execute_mock_call
    raise effect
RuntimeError: Simulated failure

[2026-07-01 09:55:11] [TASK_1] [INFO] ============================================================
[2026-07-01 09:55:11] [TASK_1] [INFO] START TASK_1: Price Collection (vnstock OHLCV)
[2026-07-01 09:55:11] [TASK_1] [INFO] Timestamp: 2026-07-01T09:55:11.101711
[2026-07-01 09:55:11] [TASK_1] [INFO] ============================================================
[2026-07-01 09:55:11] [TASK_1] [ERROR] TASK FAILED: TASK_1 after 0.0 seconds
[2026-07-01 09:55:11] [TASK_1] [ERROR] Exception: Simulated failure
[2026-07-01 09:55:11] [TASK_1] [ERROR] Stack trace:
Traceback (most recent call last):
  File "C:\Users\User\KLTN_MASTER\pipeline\run_pipeline.py", line 659, in run_pipeline
    executor(config, task_logger, smoke_test=smoke_test)
  File "C:\Program Files\WindowsApps\PythonSoftwareFoundation.Python.3.10_3.10.3056.0_x64__qbz5n2kfra8p0\lib\unittest\mock.py", line 1114, in __call__
    return self._mock_call(*args, **kwargs)
  File "C:\Program Files\WindowsApps\PythonSoftwareFoundation.Python.3.10_3.10.3056.0_x64__qbz5n2kfra8p0\lib\unittest\mock.py", line 1118, in _mock_call
    return self._execute_mock_call(*args, **kwargs)
  File "C:\Program Files\WindowsApps\PythonSoftwareFoundation.Python.3.10_3.10.3056.0_x64__qbz5n2kfra8p0\lib\unittest\mock.py", line 1173, in _execute_mock_call
    raise effect
RuntimeError: Simulated failure

[2026-07-01 09:55:11] [TASK_1] [INFO] ============================================================
[2026-07-01 09:55:11] [TASK_1] [INFO] START TASK_1: Price Collection (vnstock OHLCV)
[2026-07-01 09:55:11] [TASK_1] [INFO] Timestamp: 2026-07-01T09:55:11.239589
[2026-07-01 09:55:11] [TASK_1] [INFO] ============================================================
[2026-07-01 09:55:11] [TASK_1] [INFO] ------------------------------------------------------------
[2026-07-01 09:55:11] [TASK_1] [INFO] END TASK_1 — completed in 0.0 seconds
[2026-07-01 09:55:11] [TASK_1] [INFO] ============================================================
[2026-07-01 09:55:12] [TASK_1] [INFO] ============================================================
[2026-07-01 09:55:12] [TASK_1] [INFO] START TASK_1: Price Collection (vnstock OHLCV)
[2026-07-01 09:55:12] [TASK_1] [INFO] Timestamp: 2026-07-01T09:55:12.193132
[2026-07-01 09:55:12] [TASK_1] [INFO] ============================================================
[2026-07-01 09:55:12] [TASK_1] [INFO] ------------------------------------------------------------
[2026-07-01 09:55:12] [TASK_1] [INFO] END TASK_1 — completed in 0.0 seconds
[2026-07-01 09:55:12] [TASK_1] [INFO] ============================================================
[2026-07-01 09:55:25] [TASK_1] [INFO] Validated 3 tickers total (3 VN30 + 0 expansion).
[2026-07-01 09:55:25] [TASK_1] [INFO] HOSE-80 expansion: 1 non-VN30 tickers included: INVALID
[2026-07-01 09:55:25] [TASK_1] [INFO] Validated 3 tickers total (2 VN30 + 1 expansion).
[2026-07-01 09:55:25] [TASK_1] [INFO] HOSE-80 expansion: 2 non-VN30 tickers included: INVALID1, INVALID2
[2026-07-01 09:55:25] [TASK_1] [INFO] Validated 2 tickers total (0 VN30 + 2 expansion).
[2026-07-01 09:55:25] [TASK_1] [INFO] Validated 30 tickers total (30 VN30 + 0 expansion).
[2026-07-01 09:55:25] [TASK_1] [WARNING] [2026-07-01 09:55:25] Error fetching VNM (attempt 1/3): API down
[2026-07-01 09:55:25] [TASK_1] [INFO] Retrying in 1s...
[2026-07-01 09:55:25] [TASK_1] [WARNING] [2026-07-01 09:55:25] Error fetching VNM (attempt 2/3): API down
[2026-07-01 09:55:25] [TASK_1] [INFO] Retrying in 2s...
[2026-07-01 09:55:25] [TASK_1] [WARNING] [2026-07-01 09:55:25] Error fetching VNM (attempt 3/3): API down
[2026-07-01 09:55:25] [TASK_1] [ERROR] [2026-07-01 09:55:25] Failed to fetch data for VNM after 3 attempts.
[2026-07-01 09:55:25] [TASK_1] [INFO] Fetched 2 rows for VNM (2024-01-02 to 2024-01-03).
[2026-07-01 09:55:25] [TASK_1] [WARNING] Empty data returned for VNM (attempt 1/3).
[2026-07-01 09:55:25] [TASK_1] [INFO] Retrying in 1s...
[2026-07-01 09:55:25] [TASK_1] [INFO] Fetched 1 rows for VNM (2024-01-02 to 2024-01-02).
[2026-07-01 09:55:25] [TASK_1] [INFO] ============================================================
[2026-07-01 09:55:25] [TASK_1] [INFO] TASK 1: Price Collection Started
[2026-07-01 09:55:25] [TASK_1] [INFO] Tickers: 1 | Date range: 2024-01-01 to 2024-01-10
[2026-07-01 09:55:25] [TASK_1] [INFO] ============================================================
[2026-07-01 09:55:25] [TASK_1] [INFO] Validated 1 tickers total (1 VN30 + 0 expansion).
[2026-07-01 09:55:25] [TASK_1] [INFO] Processing VNM (1/1)...
[2026-07-01 09:55:25] [TASK_1] [INFO] Saved VNM → C:\Users\User\AppData\Local\Temp\pytest-of-User\pytest-187\test_collect_prices_output_col0\prices\VNM.csv (2 rows)
[2026-07-01 09:55:25] [TASK_1] [INFO] Saved consolidated file → C:\Users\User\AppData\Local\Temp\pytest-of-User\pytest-187\test_collect_prices_output_col0\prices\all_vn30_prices.csv (2 rows, 1 tickers)
[2026-07-01 09:55:25] [TASK_1] [INFO] ============================================================
[2026-07-01 09:55:25] [TASK_1] [INFO] PRICE COLLECTION SUMMARY
[2026-07-01 09:55:25] [TASK_1] [INFO] ============================================================
[2026-07-01 09:55:25] [TASK_1] [INFO] Successfully collected: 1 tickers
[2026-07-01 09:55:25] [TASK_1] [INFO] Expected trading days (business-day calendar): 8
[2026-07-01 09:55:25] [TASK_1] [INFO] ------------------------------------------------------------
[2026-07-01 09:55:25] [TASK_1] [INFO] Ticker    Earliest      Latest    Days
[2026-07-01 09:55:25] [TASK_1] [INFO] ------------------------------------------------------------
[2026-07-01 09:55:25] [TASK_1] [INFO] VNM     2024-01-02  2024-01-03       2
[2026-07-01 09:55:25] [TASK_1] [WARNING] ⚠ VNM has 75.0% fewer trading days than expected (2 vs 8 expected). Check for missing data.
[2026-07-01 09:55:25] [TASK_1] [INFO] ------------------------------------------------------------
[2026-07-01 09:55:25] [TASK_1] [INFO] Total rows: 2 | Date range: 2024-01-01 to 2024-01-10
[2026-07-01 09:55:25] [TASK_1] [INFO] ============================================================
[2026-07-01 09:55:25] [TASK_1] [INFO] ============================================================
[2026-07-01 09:55:25] [TASK_1] [INFO] TASK 1: Price Collection Started
[2026-07-01 09:55:25] [TASK_1] [INFO] Tickers: 2 | Date range: 2024-01-01 to 2024-01-10
[2026-07-01 09:55:25] [TASK_1] [INFO] ============================================================
[2026-07-01 09:55:25] [TASK_1] [INFO] Validated 2 tickers total (2 VN30 + 0 expansion).
[2026-07-01 09:55:25] [TASK_1] [INFO] Processing VNM (1/2)...
[2026-07-01 09:55:25] [TASK_1] [INFO] Saved VNM → C:\Users\User\AppData\Local\Temp\pytest-of-User\pytest-187\test_individual_ticker_csv_sav0\prices\VNM.csv (1 rows)
[2026-07-01 09:55:26] [TASK_1] [INFO] Processing FPT (2/2)...
[2026-07-01 09:55:26] [TASK_1] [INFO] Saved FPT → C:\Users\User\AppData\Local\Temp\pytest-of-User\pytest-187\test_individual_ticker_csv_sav0\prices\FPT.csv (1 rows)
[2026-07-01 09:55:26] [TASK_1] [INFO] Saved consolidated file → C:\Users\User\AppData\Local\Temp\pytest-of-User\pytest-187\test_individual_ticker_csv_sav0\prices\all_vn30_prices.csv (2 rows, 2 tickers)
[2026-07-01 09:55:26] [TASK_1] [INFO] ============================================================
[2026-07-01 09:55:26] [TASK_1] [INFO] PRICE COLLECTION SUMMARY
[2026-07-01 09:55:26] [TASK_1] [INFO] ============================================================
[2026-07-01 09:55:26] [TASK_1] [INFO] Successfully collected: 2 tickers
[2026-07-01 09:55:26] [TASK_1] [INFO] Expected trading days (business-day calendar): 8
[2026-07-01 09:55:26] [TASK_1] [INFO] ------------------------------------------------------------
[2026-07-01 09:55:26] [TASK_1] [INFO] Ticker    Earliest      Latest    Days
[2026-07-01 09:55:26] [TASK_1] [INFO] ------------------------------------------------------------
[2026-07-01 09:55:26] [TASK_1] [INFO] FPT     2024-01-02  2024-01-02       1
[2026-07-01 09:55:26] [TASK_1] [WARNING] ⚠ FPT has 87.5% fewer trading days than expected (1 vs 8 expected). Check for missing data.
[2026-07-01 09:55:26] [TASK_1] [INFO] VNM     2024-01-02  2024-01-02       1
[2026-07-01 09:55:26] [TASK_1] [WARNING] ⚠ VNM has 87.5% fewer trading days than expected (1 vs 8 expected). Check for missing data.
[2026-07-01 09:55:26] [TASK_1] [INFO] ------------------------------------------------------------
[2026-07-01 09:55:26] [TASK_1] [INFO] Total rows: 2 | Date range: 2024-01-01 to 2024-01-10
[2026-07-01 09:55:26] [TASK_1] [INFO] ============================================================
[2026-07-01 09:55:26] [TASK_1] [INFO] ============================================================
[2026-07-01 09:55:26] [TASK_1] [INFO] TASK 1: Price Collection Started
[2026-07-01 09:55:26] [TASK_1] [INFO] Tickers: 2 | Date range: 2024-01-01 to 2024-01-10
[2026-07-01 09:55:26] [TASK_1] [INFO] ============================================================
[2026-07-01 09:55:26] [TASK_1] [INFO] Validated 2 tickers total (2 VN30 + 0 expansion).
[2026-07-01 09:55:26] [TASK_1] [INFO] Processing VNM (1/2)...
[2026-07-01 09:55:26] [TASK_1] [INFO] Saved VNM → C:\Users\User\AppData\Local\Temp\pytest-of-User\pytest-187\test_consolidated_csv_has_tick0\prices\VNM.csv (1 rows)
[2026-07-01 09:55:26] [TASK_1] [INFO] Processing FPT (2/2)...
[2026-07-01 09:55:26] [TASK_1] [INFO] Saved FPT → C:\Users\User\AppData\Local\Temp\pytest-of-User\pytest-187\test_consolidated_csv_has_tick0\prices\FPT.csv (1 rows)
[2026-07-01 09:55:26] [TASK_1] [INFO] Saved consolidated file → C:\Users\User\AppData\Local\Temp\pytest-of-User\pytest-187\test_consolidated_csv_has_tick0\prices\all_vn30_prices.csv (2 rows, 2 tickers)
[2026-07-01 09:55:26] [TASK_1] [INFO] ============================================================
[2026-07-01 09:55:26] [TASK_1] [INFO] PRICE COLLECTION SUMMARY
[2026-07-01 09:55:26] [TASK_1] [INFO] ============================================================
[2026-07-01 09:55:26] [TASK_1] [INFO] Successfully collected: 2 tickers
[2026-07-01 09:55:26] [TASK_1] [INFO] Expected trading days (business-day calendar): 8
[2026-07-01 09:55:26] [TASK_1] [INFO] ------------------------------------------------------------
[2026-07-01 09:55:26] [TASK_1] [INFO] Ticker    Earliest      Latest    Days
[2026-07-01 09:55:26] [TASK_1] [INFO] ------------------------------------------------------------
[2026-07-01 09:55:26] [TASK_1] [INFO] FPT     2024-01-02  2024-01-02       1
[2026-07-01 09:55:26] [TASK_1] [WARNING] ⚠ FPT has 87.5% fewer trading days than expected (1 vs 8 expected). Check for missing data.
[2026-07-01 09:55:26] [TASK_1] [INFO] VNM     2024-01-02  2024-01-02       1
[2026-07-01 09:55:26] [TASK_1] [WARNING] ⚠ VNM has 87.5% fewer trading days than expected (1 vs 8 expected). Check for missing data.
[2026-07-01 09:55:26] [TASK_1] [INFO] ------------------------------------------------------------
[2026-07-01 09:55:26] [TASK_1] [INFO] Total rows: 2 | Date range: 2024-01-01 to 2024-01-10
[2026-07-01 09:55:26] [TASK_1] [INFO] ============================================================
[2026-07-01 09:55:26] [TASK_1] [INFO] ============================================================
[2026-07-01 09:55:26] [TASK_1] [INFO] TASK 1: Price Collection Started
[2026-07-01 09:55:26] [TASK_1] [INFO] Tickers: 1 | Date range: 2024-01-01 to 2024-01-10
[2026-07-01 09:55:26] [TASK_1] [INFO] ============================================================
[2026-07-01 09:55:26] [TASK_1] [INFO] Validated 1 tickers total (1 VN30 + 0 expansion).
[2026-07-01 09:55:26] [TASK_1] [INFO] Processing VNM (1/1)...
[2026-07-01 09:55:26] [TASK_1] [ERROR] [2026-07-01 09:55:26] FAILED: VNM — no data collected. Continuing with remaining tickers.
[2026-07-01 09:55:26] [TASK_1] [INFO] ============================================================
[2026-07-01 09:55:26] [TASK_1] [INFO] TASK 1: Price Collection Started
[2026-07-01 09:55:26] [TASK_1] [INFO] Tickers: 2 | Date range: 2024-01-01 to 2024-01-10
[2026-07-01 09:55:26] [TASK_1] [INFO] ============================================================
[2026-07-01 09:55:26] [TASK_1] [INFO] Validated 2 tickers total (2 VN30 + 0 expansion).
[2026-07-01 09:55:26] [TASK_1] [INFO] Processing VNM (1/2)...
[2026-07-01 09:55:26] [TASK_1] [INFO] Saved VNM → C:\Users\User\AppData\Local\Temp\pytest-of-User\pytest-187\test_partial_failure_continues0\prices\VNM.csv (1 rows)
[2026-07-01 09:55:27] [TASK_1] [INFO] Processing FPT (2/2)...
[2026-07-01 09:55:27] [TASK_1] [ERROR] [2026-07-01 09:55:27] FAILED: FPT — no data collected. Continuing with remaining tickers.
[2026-07-01 09:55:27] [TASK_1] [INFO] Saved consolidated file → C:\Users\User\AppData\Local\Temp\pytest-of-User\pytest-187\test_partial_failure_continues0\prices\all_vn30_prices.csv (1 rows, 1 tickers)
[2026-07-01 09:55:27] [TASK_1] [INFO] ============================================================
[2026-07-01 09:55:27] [TASK_1] [INFO] PRICE COLLECTION SUMMARY
[2026-07-01 09:55:27] [TASK_1] [INFO] ============================================================
[2026-07-01 09:55:27] [TASK_1] [INFO] Successfully collected: 1 tickers
[2026-07-01 09:55:27] [TASK_1] [WARNING] Failed tickers: FPT
[2026-07-01 09:55:27] [TASK_1] [INFO] Expected trading days (business-day calendar): 8
[2026-07-01 09:55:27] [TASK_1] [INFO] ------------------------------------------------------------
[2026-07-01 09:55:27] [TASK_1] [INFO] Ticker    Earliest      Latest    Days
[2026-07-01 09:55:27] [TASK_1] [INFO] ------------------------------------------------------------
[2026-07-01 09:55:27] [TASK_1] [INFO] VNM     2024-01-02  2024-01-02       1
[2026-07-01 09:55:27] [TASK_1] [WARNING] ⚠ VNM has 87.5% fewer trading days than expected (1 vs 8 expected). Check for missing data.
[2026-07-01 09:55:27] [TASK_1] [INFO] ------------------------------------------------------------
[2026-07-01 09:55:27] [TASK_1] [INFO] Total rows: 1 | Date range: 2024-01-01 to 2024-01-10
[2026-07-01 09:55:27] [TASK_1] [INFO] ============================================================
[2026-07-01 09:55:27] [TASK_1] [WARNING] [2026-07-01 09:55:27] Error fetching VNM (attempt 1/3): API down
[2026-07-01 09:55:27] [TASK_1] [WARNING] [2026-07-01 09:55:27] Error fetching VNM (attempt 2/3): API down
[2026-07-01 09:55:27] [TASK_1] [WARNING] [2026-07-01 09:55:27] Error fetching VNM (attempt 3/3): API down
[2026-07-01 09:55:27] [TASK_1] [ERROR] [2026-07-01 09:55:27] Failed to fetch data for VNM after 3 attempts.
[2026-07-01 09:55:27] [TASK_1] [WARNING] [2026-07-01 09:55:27] Error fetching VNM (attempt 1/3): API down
[2026-07-01 09:55:27] [TASK_1] [WARNING] [2026-07-01 09:55:27] Error fetching VNM (attempt 2/3): API down
[2026-07-01 09:55:27] [TASK_1] [WARNING] [2026-07-01 09:55:27] Error fetching VNM (attempt 3/3): API down
[2026-07-01 09:55:27] [TASK_1] [ERROR] [2026-07-01 09:55:27] Failed to fetch data for VNM after 3 attempts.
[2026-07-01 09:55:27] [TASK_1] [INFO] ============================================================
[2026-07-01 09:55:27] [TASK_1] [INFO] TASK 1: Price Collection Started
[2026-07-01 09:55:27] [TASK_1] [INFO] Tickers: 3 | Date range: 2024-01-01 to 2024-01-10
[2026-07-01 09:55:27] [TASK_1] [INFO] ============================================================
[2026-07-01 09:55:27] [TASK_1] [INFO] Validated 3 tickers total (3 VN30 + 0 expansion).
[2026-07-01 09:55:27] [TASK_1] [INFO] Processing VNM (1/3)...
[2026-07-01 09:55:27] [TASK_1] [ERROR] [2026-07-01 09:55:27] FAILED: VNM — no data collected. Continuing with remaining tickers.
[2026-07-01 09:55:27] [TASK_1] [INFO] Processing VCB (2/3)...
[2026-07-01 09:55:27] [TASK_1] [INFO] Saved VCB → C:\Users\User\AppData\Local\Temp\pytest-of-User\pytest-187\test_continues_after_ticker_fa0\prices\VCB.csv (2 rows)
[2026-07-01 09:55:28] [TASK_1] [INFO] Processing FPT (3/3)...
[2026-07-01 09:55:28] [TASK_1] [INFO] Saved FPT → C:\Users\User\AppData\Local\Temp\pytest-of-User\pytest-187\test_continues_after_ticker_fa0\prices\FPT.csv (2 rows)
[2026-07-01 09:55:28] [TASK_1] [INFO] Saved consolidated file → C:\Users\User\AppData\Local\Temp\pytest-of-User\pytest-187\test_continues_after_ticker_fa0\prices\all_vn30_prices.csv (4 rows, 2 tickers)
[2026-07-01 09:55:28] [TASK_1] [INFO] ============================================================
[2026-07-01 09:55:28] [TASK_1] [INFO] PRICE COLLECTION SUMMARY
[2026-07-01 09:55:28] [TASK_1] [INFO] ============================================================
[2026-07-01 09:55:28] [TASK_1] [INFO] Successfully collected: 2 tickers
[2026-07-01 09:55:28] [TASK_1] [WARNING] Failed tickers: VNM
[2026-07-01 09:55:28] [TASK_1] [INFO] Expected trading days (business-day calendar): 8
[2026-07-01 09:55:28] [TASK_1] [INFO] ------------------------------------------------------------
[2026-07-01 09:55:28] [TASK_1] [INFO] Ticker    Earliest      Latest    Days
[2026-07-01 09:55:28] [TASK_1] [INFO] ------------------------------------------------------------
[2026-07-01 09:55:28] [TASK_1] [INFO] FPT     2024-01-02  2024-01-03       2
[2026-07-01 09:55:28] [TASK_1] [WARNING] ⚠ FPT has 75.0% fewer trading days than expected (2 vs 8 expected). Check for missing data.
[2026-07-01 09:55:28] [TASK_1] [INFO] VCB     2024-01-02  2024-01-03       2
[2026-07-01 09:55:28] [TASK_1] [WARNING] ⚠ VCB has 75.0% fewer trading days than expected (2 vs 8 expected). Check for missing data.
[2026-07-01 09:55:28] [TASK_1] [INFO] ------------------------------------------------------------
[2026-07-01 09:55:28] [TASK_1] [INFO] Total rows: 4 | Date range: 2024-01-01 to 2024-01-10
[2026-07-01 09:55:28] [TASK_1] [INFO] ============================================================
[2026-07-01 09:55:28] [TASK_1] [ERROR] [2026-07-01 09:55:28] FAILED: FPT — no data collected. Continuing with remaining tickers.
[2026-07-01 09:55:28] [TASK_1] [WARNING] Failed tickers: FPT
[2026-07-01 09:55:28] [TASK_1] [WARNING] ⚠ VNM has 87.5% fewer trading days than expected (1 vs 8 expected). Check for missing data.
[2026-07-01 09:55:28] [TASK_1] [INFO] ============================================================
[2026-07-01 09:55:28] [TASK_1] [INFO] PRICE COLLECTION SUMMARY
[2026-07-01 09:55:28] [TASK_1] [INFO] ============================================================
[2026-07-01 09:55:28] [TASK_1] [INFO] Successfully collected: 2 tickers
[2026-07-01 09:55:28] [TASK_1] [INFO] Expected trading days (business-day calendar): 3
[2026-07-01 09:55:28] [TASK_1] [INFO] ------------------------------------------------------------
[2026-07-01 09:55:28] [TASK_1] [INFO] Ticker    Earliest      Latest    Days
[2026-07-01 09:55:28] [TASK_1] [INFO] ------------------------------------------------------------
[2026-07-01 09:55:28] [TASK_1] [INFO] FPT     2024-01-02  2024-01-03       2
[2026-07-01 09:55:28] [TASK_1] [WARNING] ⚠ FPT has 33.3% fewer trading days than expected (2 vs 3 expected). Check for missing data.
[2026-07-01 09:55:28] [TASK_1] [INFO] VNM     2024-01-02  2024-01-04       3
[2026-07-01 09:55:28] [TASK_1] [INFO] ------------------------------------------------------------
[2026-07-01 09:55:28] [TASK_1] [INFO] Total rows: 5 | Date range: 2024-01-02 to 2024-01-04
[2026-07-01 09:55:28] [TASK_1] [INFO] ============================================================
[2026-07-01 09:55:28] [TASK_1] [WARNING] ⚠ FPT has 53.1% fewer trading days than expected (30 vs 64 expected). Check for missing data.
[2026-07-01 09:55:28] [TASK_1] [WARNING] ⚠ VNM has 6.2% fewer trading days than expected (60 vs 64 expected). Check for missing data.
[2026-07-01 09:55:28] [TASK_1] [WARNING] Failed tickers: FPT, VCB
[2026-07-01 09:55:28] [TASK_1] [INFO] ============================================================
[2026-07-01 09:55:28] [TASK_1] [INFO] PRICE COLLECTION SUMMARY
[2026-07-01 09:55:28] [TASK_1] [INFO] ============================================================
[2026-07-01 09:55:28] [TASK_1] [INFO] Successfully collected: 1 tickers
[2026-07-01 09:55:28] [TASK_1] [INFO] Expected trading days (business-day calendar): 4
[2026-07-01 09:55:28] [TASK_1] [INFO] ------------------------------------------------------------
[2026-07-01 09:55:28] [TASK_1] [INFO] Ticker    Earliest      Latest    Days
[2026-07-01 09:55:28] [TASK_1] [INFO] ------------------------------------------------------------
[2026-07-01 09:55:28] [TASK_1] [INFO] VNM     2024-01-02  2024-01-02       1
[2026-07-01 09:55:28] [TASK_1] [WARNING] ⚠ VNM has 75.0% fewer trading days than expected (1 vs 4 expected). Check for missing data.
[2026-07-01 09:55:28] [TASK_1] [INFO] ------------------------------------------------------------
[2026-07-01 09:55:28] [TASK_1] [INFO] Total rows: 1 | Date range: 2024-01-02 to 2024-01-05
[2026-07-01 09:55:28] [TASK_1] [INFO] ============================================================
[2026-07-01 10:03:49] [TASK_1] [INFO] Validated 3 tickers total (3 VN30 + 0 expansion).
[2026-07-01 10:03:49] [TASK_1] [INFO] HOSE-80 expansion: 1 non-VN30 tickers included: INVALID
[2026-07-01 10:03:49] [TASK_1] [INFO] Validated 3 tickers total (2 VN30 + 1 expansion).
[2026-07-01 10:03:49] [TASK_1] [INFO] HOSE-80 expansion: 2 non-VN30 tickers included: INVALID1, INVALID2
[2026-07-01 10:03:49] [TASK_1] [INFO] Validated 2 tickers total (0 VN30 + 2 expansion).
[2026-07-01 10:03:49] [TASK_1] [INFO] Validated 30 tickers total (30 VN30 + 0 expansion).
[2026-07-01 10:03:49] [TASK_1] [WARNING] [2026-07-01 10:03:49] Error fetching VNM (attempt 1/3): API down
[2026-07-01 10:03:49] [TASK_1] [INFO] Retrying in 1s...
[2026-07-01 10:03:49] [TASK_1] [WARNING] [2026-07-01 10:03:49] Error fetching VNM (attempt 2/3): API down
[2026-07-01 10:03:49] [TASK_1] [INFO] Retrying in 2s...
[2026-07-01 10:03:49] [TASK_1] [WARNING] [2026-07-01 10:03:49] Error fetching VNM (attempt 3/3): API down
[2026-07-01 10:03:49] [TASK_1] [ERROR] [2026-07-01 10:03:49] Failed to fetch data for VNM after 3 attempts.
[2026-07-01 10:03:49] [TASK_1] [INFO] Fetched 2 rows for VNM (2024-01-02 to 2024-01-03).
[2026-07-01 10:03:49] [TASK_1] [WARNING] Empty data returned for VNM (attempt 1/3).
[2026-07-01 10:03:49] [TASK_1] [INFO] Retrying in 1s...
[2026-07-01 10:03:49] [TASK_1] [INFO] Fetched 1 rows for VNM (2024-01-02 to 2024-01-02).
[2026-07-01 10:03:49] [TASK_1] [INFO] ============================================================
[2026-07-01 10:03:49] [TASK_1] [INFO] TASK 1: Price Collection Started
[2026-07-01 10:03:49] [TASK_1] [INFO] Tickers: 1 | Date range: 2024-01-01 to 2024-01-10
[2026-07-01 10:03:49] [TASK_1] [INFO] ============================================================
[2026-07-01 10:03:49] [TASK_1] [INFO] Validated 1 tickers total (1 VN30 + 0 expansion).
[2026-07-01 10:03:49] [TASK_1] [INFO] Processing VNM (1/1)...
[2026-07-01 10:03:49] [TASK_1] [INFO] Saved VNM → C:\Users\User\AppData\Local\Temp\pytest-of-User\pytest-188\test_collect_prices_output_col0\prices\VNM.csv (2 rows)
[2026-07-01 10:03:49] [TASK_1] [INFO] Saved consolidated file → C:\Users\User\AppData\Local\Temp\pytest-of-User\pytest-188\test_collect_prices_output_col0\prices\all_vn30_prices.csv (2 rows, 1 tickers)
[2026-07-01 10:03:49] [TASK_1] [INFO] ============================================================
[2026-07-01 10:03:49] [TASK_1] [INFO] PRICE COLLECTION SUMMARY
[2026-07-01 10:03:49] [TASK_1] [INFO] ============================================================
[2026-07-01 10:03:49] [TASK_1] [INFO] Successfully collected: 1 tickers
[2026-07-01 10:03:49] [TASK_1] [INFO] Expected trading days (business-day calendar): 8
[2026-07-01 10:03:49] [TASK_1] [INFO] ------------------------------------------------------------
[2026-07-01 10:03:49] [TASK_1] [INFO] Ticker    Earliest      Latest    Days
[2026-07-01 10:03:49] [TASK_1] [INFO] ------------------------------------------------------------
[2026-07-01 10:03:49] [TASK_1] [INFO] VNM     2024-01-02  2024-01-03       2
[2026-07-01 10:03:49] [TASK_1] [WARNING] ⚠ VNM has 75.0% fewer trading days than expected (2 vs 8 expected). Check for missing data.
[2026-07-01 10:03:49] [TASK_1] [INFO] ------------------------------------------------------------
[2026-07-01 10:03:49] [TASK_1] [INFO] Total rows: 2 | Date range: 2024-01-01 to 2024-01-10
[2026-07-01 10:03:49] [TASK_1] [INFO] ============================================================
[2026-07-01 10:03:49] [TASK_1] [INFO] ============================================================
[2026-07-01 10:03:49] [TASK_1] [INFO] TASK 1: Price Collection Started
[2026-07-01 10:03:49] [TASK_1] [INFO] Tickers: 2 | Date range: 2024-01-01 to 2024-01-10
[2026-07-01 10:03:49] [TASK_1] [INFO] ============================================================
[2026-07-01 10:03:49] [TASK_1] [INFO] Validated 2 tickers total (2 VN30 + 0 expansion).
[2026-07-01 10:03:49] [TASK_1] [INFO] Processing VNM (1/2)...
[2026-07-01 10:03:49] [TASK_1] [INFO] Saved VNM → C:\Users\User\AppData\Local\Temp\pytest-of-User\pytest-188\test_individual_ticker_csv_sav0\prices\VNM.csv (1 rows)
[2026-07-01 10:03:50] [TASK_1] [INFO] Processing FPT (2/2)...
[2026-07-01 10:03:50] [TASK_1] [INFO] Saved FPT → C:\Users\User\AppData\Local\Temp\pytest-of-User\pytest-188\test_individual_ticker_csv_sav0\prices\FPT.csv (1 rows)
[2026-07-01 10:03:50] [TASK_1] [INFO] Saved consolidated file → C:\Users\User\AppData\Local\Temp\pytest-of-User\pytest-188\test_individual_ticker_csv_sav0\prices\all_vn30_prices.csv (2 rows, 2 tickers)
[2026-07-01 10:03:50] [TASK_1] [INFO] ============================================================
[2026-07-01 10:03:50] [TASK_1] [INFO] PRICE COLLECTION SUMMARY
[2026-07-01 10:03:50] [TASK_1] [INFO] ============================================================
[2026-07-01 10:03:50] [TASK_1] [INFO] Successfully collected: 2 tickers
[2026-07-01 10:03:50] [TASK_1] [INFO] Expected trading days (business-day calendar): 8
[2026-07-01 10:03:50] [TASK_1] [INFO] ------------------------------------------------------------
[2026-07-01 10:03:50] [TASK_1] [INFO] Ticker    Earliest      Latest    Days
[2026-07-01 10:03:50] [TASK_1] [INFO] ------------------------------------------------------------
[2026-07-01 10:03:50] [TASK_1] [INFO] FPT     2024-01-02  2024-01-02       1
[2026-07-01 10:03:50] [TASK_1] [WARNING] ⚠ FPT has 87.5% fewer trading days than expected (1 vs 8 expected). Check for missing data.
[2026-07-01 10:03:50] [TASK_1] [INFO] VNM     2024-01-02  2024-01-02       1
[2026-07-01 10:03:50] [TASK_1] [WARNING] ⚠ VNM has 87.5% fewer trading days than expected (1 vs 8 expected). Check for missing data.
[2026-07-01 10:03:50] [TASK_1] [INFO] ------------------------------------------------------------
[2026-07-01 10:03:50] [TASK_1] [INFO] Total rows: 2 | Date range: 2024-01-01 to 2024-01-10
[2026-07-01 10:03:50] [TASK_1] [INFO] ============================================================
[2026-07-01 10:03:50] [TASK_1] [INFO] ============================================================
[2026-07-01 10:03:50] [TASK_1] [INFO] TASK 1: Price Collection Started
[2026-07-01 10:03:50] [TASK_1] [INFO] Tickers: 2 | Date range: 2024-01-01 to 2024-01-10
[2026-07-01 10:03:50] [TASK_1] [INFO] ============================================================
[2026-07-01 10:03:50] [TASK_1] [INFO] Validated 2 tickers total (2 VN30 + 0 expansion).
[2026-07-01 10:03:50] [TASK_1] [INFO] Processing VNM (1/2)...
[2026-07-01 10:03:50] [TASK_1] [INFO] Saved VNM → C:\Users\User\AppData\Local\Temp\pytest-of-User\pytest-188\test_consolidated_csv_has_tick0\prices\VNM.csv (1 rows)
[2026-07-01 10:03:50] [TASK_1] [INFO] Processing FPT (2/2)...
[2026-07-01 10:03:50] [TASK_1] [INFO] Saved FPT → C:\Users\User\AppData\Local\Temp\pytest-of-User\pytest-188\test_consolidated_csv_has_tick0\prices\FPT.csv (1 rows)
[2026-07-01 10:03:50] [TASK_1] [INFO] Saved consolidated file → C:\Users\User\AppData\Local\Temp\pytest-of-User\pytest-188\test_consolidated_csv_has_tick0\prices\all_vn30_prices.csv (2 rows, 2 tickers)
[2026-07-01 10:03:50] [TASK_1] [INFO] ============================================================
[2026-07-01 10:03:50] [TASK_1] [INFO] PRICE COLLECTION SUMMARY
[2026-07-01 10:03:50] [TASK_1] [INFO] ============================================================
[2026-07-01 10:03:50] [TASK_1] [INFO] Successfully collected: 2 tickers
[2026-07-01 10:03:50] [TASK_1] [INFO] Expected trading days (business-day calendar): 8
[2026-07-01 10:03:50] [TASK_1] [INFO] ------------------------------------------------------------
[2026-07-01 10:03:50] [TASK_1] [INFO] Ticker    Earliest      Latest    Days
[2026-07-01 10:03:50] [TASK_1] [INFO] ------------------------------------------------------------
[2026-07-01 10:03:50] [TASK_1] [INFO] FPT     2024-01-02  2024-01-02       1
[2026-07-01 10:03:50] [TASK_1] [WARNING] ⚠ FPT has 87.5% fewer trading days than expected (1 vs 8 expected). Check for missing data.
[2026-07-01 10:03:50] [TASK_1] [INFO] VNM     2024-01-02  2024-01-02       1
[2026-07-01 10:03:50] [TASK_1] [WARNING] ⚠ VNM has 87.5% fewer trading days than expected (1 vs 8 expected). Check for missing data.
[2026-07-01 10:03:50] [TASK_1] [INFO] ------------------------------------------------------------
[2026-07-01 10:03:50] [TASK_1] [INFO] Total rows: 2 | Date range: 2024-01-01 to 2024-01-10
[2026-07-01 10:03:50] [TASK_1] [INFO] ============================================================
[2026-07-01 10:03:51] [TASK_1] [INFO] ============================================================
[2026-07-01 10:03:51] [TASK_1] [INFO] TASK 1: Price Collection Started
[2026-07-01 10:03:51] [TASK_1] [INFO] Tickers: 1 | Date range: 2024-01-01 to 2024-01-10
[2026-07-01 10:03:51] [TASK_1] [INFO] ============================================================
[2026-07-01 10:03:51] [TASK_1] [INFO] Validated 1 tickers total (1 VN30 + 0 expansion).
[2026-07-01 10:03:51] [TASK_1] [INFO] Processing VNM (1/1)...
[2026-07-01 10:03:51] [TASK_1] [ERROR] [2026-07-01 10:03:51] FAILED: VNM — no data collected. Continuing with remaining tickers.
[2026-07-01 10:03:51] [TASK_1] [INFO] ============================================================
[2026-07-01 10:03:51] [TASK_1] [INFO] TASK 1: Price Collection Started
[2026-07-01 10:03:51] [TASK_1] [INFO] Tickers: 2 | Date range: 2024-01-01 to 2024-01-10
[2026-07-01 10:03:51] [TASK_1] [INFO] ============================================================
[2026-07-01 10:03:51] [TASK_1] [INFO] Validated 2 tickers total (2 VN30 + 0 expansion).
[2026-07-01 10:03:51] [TASK_1] [INFO] Processing VNM (1/2)...
[2026-07-01 10:03:51] [TASK_1] [INFO] Saved VNM → C:\Users\User\AppData\Local\Temp\pytest-of-User\pytest-188\test_partial_failure_continues0\prices\VNM.csv (1 rows)
[2026-07-01 10:03:51] [TASK_1] [INFO] Processing FPT (2/2)...
[2026-07-01 10:03:51] [TASK_1] [ERROR] [2026-07-01 10:03:51] FAILED: FPT — no data collected. Continuing with remaining tickers.
[2026-07-01 10:03:51] [TASK_1] [INFO] Saved consolidated file → C:\Users\User\AppData\Local\Temp\pytest-of-User\pytest-188\test_partial_failure_continues0\prices\all_vn30_prices.csv (1 rows, 1 tickers)
[2026-07-01 10:03:51] [TASK_1] [INFO] ============================================================
[2026-07-01 10:03:51] [TASK_1] [INFO] PRICE COLLECTION SUMMARY
[2026-07-01 10:03:51] [TASK_1] [INFO] ============================================================
[2026-07-01 10:03:51] [TASK_1] [INFO] Successfully collected: 1 tickers
[2026-07-01 10:03:51] [TASK_1] [WARNING] Failed tickers: FPT
[2026-07-01 10:03:51] [TASK_1] [INFO] Expected trading days (business-day calendar): 8
[2026-07-01 10:03:51] [TASK_1] [INFO] ------------------------------------------------------------
[2026-07-01 10:03:51] [TASK_1] [INFO] Ticker    Earliest      Latest    Days
[2026-07-01 10:03:51] [TASK_1] [INFO] ------------------------------------------------------------
[2026-07-01 10:03:51] [TASK_1] [INFO] VNM     2024-01-02  2024-01-02       1
[2026-07-01 10:03:51] [TASK_1] [WARNING] ⚠ VNM has 87.5% fewer trading days than expected (1 vs 8 expected). Check for missing data.
[2026-07-01 10:03:51] [TASK_1] [INFO] ------------------------------------------------------------
[2026-07-01 10:03:51] [TASK_1] [INFO] Total rows: 1 | Date range: 2024-01-01 to 2024-01-10
[2026-07-01 10:03:51] [TASK_1] [INFO] ============================================================
[2026-07-01 10:03:51] [TASK_1] [WARNING] [2026-07-01 10:03:51] Error fetching VNM (attempt 1/3): API down
[2026-07-01 10:03:51] [TASK_1] [WARNING] [2026-07-01 10:03:51] Error fetching VNM (attempt 2/3): API down
[2026-07-01 10:03:51] [TASK_1] [WARNING] [2026-07-01 10:03:51] Error fetching VNM (attempt 3/3): API down
[2026-07-01 10:03:51] [TASK_1] [ERROR] [2026-07-01 10:03:51] Failed to fetch data for VNM after 3 attempts.
[2026-07-01 10:03:51] [TASK_1] [WARNING] [2026-07-01 10:03:51] Error fetching VNM (attempt 1/3): API down
[2026-07-01 10:03:51] [TASK_1] [WARNING] [2026-07-01 10:03:51] Error fetching VNM (attempt 2/3): API down
[2026-07-01 10:03:51] [TASK_1] [WARNING] [2026-07-01 10:03:51] Error fetching VNM (attempt 3/3): API down
[2026-07-01 10:03:51] [TASK_1] [ERROR] [2026-07-01 10:03:51] Failed to fetch data for VNM after 3 attempts.
[2026-07-01 10:03:51] [TASK_1] [INFO] ============================================================
[2026-07-01 10:03:51] [TASK_1] [INFO] TASK 1: Price Collection Started
[2026-07-01 10:03:51] [TASK_1] [INFO] Tickers: 3 | Date range: 2024-01-01 to 2024-01-10
[2026-07-01 10:03:51] [TASK_1] [INFO] ============================================================
[2026-07-01 10:03:51] [TASK_1] [INFO] Validated 3 tickers total (3 VN30 + 0 expansion).
[2026-07-01 10:03:51] [TASK_1] [INFO] Processing VNM (1/3)...
[2026-07-01 10:03:51] [TASK_1] [ERROR] [2026-07-01 10:03:51] FAILED: VNM — no data collected. Continuing with remaining tickers.
[2026-07-01 10:03:52] [TASK_1] [INFO] Processing VCB (2/3)...
[2026-07-01 10:03:52] [TASK_1] [INFO] Saved VCB → C:\Users\User\AppData\Local\Temp\pytest-of-User\pytest-188\test_continues_after_ticker_fa0\prices\VCB.csv (2 rows)
[2026-07-01 10:03:52] [TASK_1] [INFO] Processing FPT (3/3)...
[2026-07-01 10:03:52] [TASK_1] [INFO] Saved FPT → C:\Users\User\AppData\Local\Temp\pytest-of-User\pytest-188\test_continues_after_ticker_fa0\prices\FPT.csv (2 rows)
[2026-07-01 10:03:52] [TASK_1] [INFO] Saved consolidated file → C:\Users\User\AppData\Local\Temp\pytest-of-User\pytest-188\test_continues_after_ticker_fa0\prices\all_vn30_prices.csv (4 rows, 2 tickers)
[2026-07-01 10:03:52] [TASK_1] [INFO] ============================================================
[2026-07-01 10:03:52] [TASK_1] [INFO] PRICE COLLECTION SUMMARY
[2026-07-01 10:03:52] [TASK_1] [INFO] ============================================================
[2026-07-01 10:03:52] [TASK_1] [INFO] Successfully collected: 2 tickers
[2026-07-01 10:03:52] [TASK_1] [WARNING] Failed tickers: VNM
[2026-07-01 10:03:52] [TASK_1] [INFO] Expected trading days (business-day calendar): 8
[2026-07-01 10:03:52] [TASK_1] [INFO] ------------------------------------------------------------
[2026-07-01 10:03:52] [TASK_1] [INFO] Ticker    Earliest      Latest    Days
[2026-07-01 10:03:52] [TASK_1] [INFO] ------------------------------------------------------------
[2026-07-01 10:03:52] [TASK_1] [INFO] FPT     2024-01-02  2024-01-03       2
[2026-07-01 10:03:52] [TASK_1] [WARNING] ⚠ FPT has 75.0% fewer trading days than expected (2 vs 8 expected). Check for missing data.
[2026-07-01 10:03:52] [TASK_1] [INFO] VCB     2024-01-02  2024-01-03       2
[2026-07-01 10:03:52] [TASK_1] [WARNING] ⚠ VCB has 75.0% fewer trading days than expected (2 vs 8 expected). Check for missing data.
[2026-07-01 10:03:52] [TASK_1] [INFO] ------------------------------------------------------------
[2026-07-01 10:03:52] [TASK_1] [INFO] Total rows: 4 | Date range: 2024-01-01 to 2024-01-10
[2026-07-01 10:03:52] [TASK_1] [INFO] ============================================================
[2026-07-01 10:03:53] [TASK_1] [ERROR] [2026-07-01 10:03:53] FAILED: FPT — no data collected. Continuing with remaining tickers.
[2026-07-01 10:03:53] [TASK_1] [WARNING] Failed tickers: FPT
[2026-07-01 10:03:53] [TASK_1] [WARNING] ⚠ VNM has 87.5% fewer trading days than expected (1 vs 8 expected). Check for missing data.
[2026-07-01 10:03:53] [TASK_1] [INFO] ============================================================
[2026-07-01 10:03:53] [TASK_1] [INFO] PRICE COLLECTION SUMMARY
[2026-07-01 10:03:53] [TASK_1] [INFO] ============================================================
[2026-07-01 10:03:53] [TASK_1] [INFO] Successfully collected: 2 tickers
[2026-07-01 10:03:53] [TASK_1] [INFO] Expected trading days (business-day calendar): 3
[2026-07-01 10:03:53] [TASK_1] [INFO] ------------------------------------------------------------
[2026-07-01 10:03:53] [TASK_1] [INFO] Ticker    Earliest      Latest    Days
[2026-07-01 10:03:53] [TASK_1] [INFO] ------------------------------------------------------------
[2026-07-01 10:03:53] [TASK_1] [INFO] FPT     2024-01-02  2024-01-03       2
[2026-07-01 10:03:53] [TASK_1] [WARNING] ⚠ FPT has 33.3% fewer trading days than expected (2 vs 3 expected). Check for missing data.
[2026-07-01 10:03:53] [TASK_1] [INFO] VNM     2024-01-02  2024-01-04       3
[2026-07-01 10:03:53] [TASK_1] [INFO] ------------------------------------------------------------
[2026-07-01 10:03:53] [TASK_1] [INFO] Total rows: 5 | Date range: 2024-01-02 to 2024-01-04
[2026-07-01 10:03:53] [TASK_1] [INFO] ============================================================
[2026-07-01 10:03:53] [TASK_1] [WARNING] ⚠ FPT has 53.1% fewer trading days than expected (30 vs 64 expected). Check for missing data.
[2026-07-01 10:03:53] [TASK_1] [WARNING] ⚠ VNM has 6.2% fewer trading days than expected (60 vs 64 expected). Check for missing data.
[2026-07-01 10:03:53] [TASK_1] [WARNING] Failed tickers: FPT, VCB
[2026-07-01 10:03:53] [TASK_1] [INFO] ============================================================
[2026-07-01 10:03:53] [TASK_1] [INFO] PRICE COLLECTION SUMMARY
[2026-07-01 10:03:53] [TASK_1] [INFO] ============================================================
[2026-07-01 10:03:53] [TASK_1] [INFO] Successfully collected: 1 tickers
[2026-07-01 10:03:53] [TASK_1] [INFO] Expected trading days (business-day calendar): 4
[2026-07-01 10:03:53] [TASK_1] [INFO] ------------------------------------------------------------
[2026-07-01 10:03:53] [TASK_1] [INFO] Ticker    Earliest      Latest    Days
[2026-07-01 10:03:53] [TASK_1] [INFO] ------------------------------------------------------------
[2026-07-01 10:03:53] [TASK_1] [INFO] VNM     2024-01-02  2024-01-02       1
[2026-07-01 10:03:53] [TASK_1] [WARNING] ⚠ VNM has 75.0% fewer trading days than expected (1 vs 4 expected). Check for missing data.
[2026-07-01 10:03:53] [TASK_1] [INFO] ------------------------------------------------------------
[2026-07-01 10:03:53] [TASK_1] [INFO] Total rows: 1 | Date range: 2024-01-02 to 2024-01-05
[2026-07-01 10:03:53] [TASK_1] [INFO] ============================================================
[2026-07-01 10:36:05] [TASK_1] [INFO] ============================================================
[2026-07-01 10:36:05] [TASK_1] [INFO] START TASK_1: Price Collection (vnstock OHLCV)
[2026-07-01 10:36:05] [TASK_1] [INFO] Timestamp: 2026-07-01T10:36:05.050814
[2026-07-01 10:36:05] [TASK_1] [INFO] ============================================================
[2026-07-01 10:36:05] [TASK_1] [ERROR] TASK FAILED: TASK_1 after 0.0 seconds
[2026-07-01 10:36:05] [TASK_1] [ERROR] Exception: Simulated failure
[2026-07-01 10:36:05] [TASK_1] [ERROR] Stack trace:
Traceback (most recent call last):
  File "C:\Users\User\KLTN_MASTER\pipeline\run_pipeline.py", line 659, in run_pipeline
    executor(config, task_logger, smoke_test=smoke_test)
  File "C:\Program Files\WindowsApps\PythonSoftwareFoundation.Python.3.10_3.10.3056.0_x64__qbz5n2kfra8p0\lib\unittest\mock.py", line 1114, in __call__
    return self._mock_call(*args, **kwargs)
  File "C:\Program Files\WindowsApps\PythonSoftwareFoundation.Python.3.10_3.10.3056.0_x64__qbz5n2kfra8p0\lib\unittest\mock.py", line 1118, in _mock_call
    return self._execute_mock_call(*args, **kwargs)
  File "C:\Program Files\WindowsApps\PythonSoftwareFoundation.Python.3.10_3.10.3056.0_x64__qbz5n2kfra8p0\lib\unittest\mock.py", line 1173, in _execute_mock_call
    raise effect
RuntimeError: Simulated failure

[2026-07-01 10:36:05] [TASK_1] [INFO] ============================================================
[2026-07-01 10:36:05] [TASK_1] [INFO] START TASK_1: Price Collection (vnstock OHLCV)
[2026-07-01 10:36:05] [TASK_1] [INFO] Timestamp: 2026-07-01T10:36:05.067769
[2026-07-01 10:36:05] [TASK_1] [INFO] ============================================================
[2026-07-01 10:36:05] [TASK_1] [ERROR] TASK FAILED: TASK_1 after 0.0 seconds
[2026-07-01 10:36:05] [TASK_1] [ERROR] Exception: Simulated failure
[2026-07-01 10:36:05] [TASK_1] [ERROR] Stack trace:
Traceback (most recent call last):
  File "C:\Users\User\KLTN_MASTER\pipeline\run_pipeline.py", line 659, in run_pipeline
    executor(config, task_logger, smoke_test=smoke_test)
  File "C:\Program Files\WindowsApps\PythonSoftwareFoundation.Python.3.10_3.10.3056.0_x64__qbz5n2kfra8p0\lib\unittest\mock.py", line 1114, in __call__
    return self._mock_call(*args, **kwargs)
  File "C:\Program Files\WindowsApps\PythonSoftwareFoundation.Python.3.10_3.10.3056.0_x64__qbz5n2kfra8p0\lib\unittest\mock.py", line 1118, in _mock_call
    return self._execute_mock_call(*args, **kwargs)
  File "C:\Program Files\WindowsApps\PythonSoftwareFoundation.Python.3.10_3.10.3056.0_x64__qbz5n2kfra8p0\lib\unittest\mock.py", line 1173, in _execute_mock_call
    raise effect
RuntimeError: Simulated failure

[2026-07-01 10:36:05] [TASK_1] [INFO] ============================================================
[2026-07-01 10:36:05] [TASK_1] [INFO] START TASK_1: Price Collection (vnstock OHLCV)
[2026-07-01 10:36:05] [TASK_1] [INFO] Timestamp: 2026-07-01T10:36:05.223873
[2026-07-01 10:36:05] [TASK_1] [INFO] ============================================================
[2026-07-01 10:36:05] [TASK_1] [INFO] ------------------------------------------------------------
[2026-07-01 10:36:05] [TASK_1] [INFO] END TASK_1 — completed in 0.0 seconds
[2026-07-01 10:36:05] [TASK_1] [INFO] ============================================================
[2026-07-01 10:36:06] [TASK_1] [INFO] ============================================================
[2026-07-01 10:36:06] [TASK_1] [INFO] START TASK_1: Price Collection (vnstock OHLCV)
[2026-07-01 10:36:06] [TASK_1] [INFO] Timestamp: 2026-07-01T10:36:06.068787
[2026-07-01 10:36:06] [TASK_1] [INFO] ============================================================
[2026-07-01 10:36:06] [TASK_1] [INFO] ------------------------------------------------------------
[2026-07-01 10:36:06] [TASK_1] [INFO] END TASK_1 — completed in 0.0 seconds
[2026-07-01 10:36:06] [TASK_1] [INFO] ============================================================
[2026-07-01 10:36:14] [TASK_1] [INFO] Validated 3 tickers total (3 VN30 + 0 expansion).
[2026-07-01 10:36:14] [TASK_1] [INFO] HOSE-80 expansion: 1 non-VN30 tickers included: INVALID
[2026-07-01 10:36:14] [TASK_1] [INFO] Validated 3 tickers total (2 VN30 + 1 expansion).
[2026-07-01 10:36:14] [TASK_1] [INFO] HOSE-80 expansion: 2 non-VN30 tickers included: INVALID1, INVALID2
[2026-07-01 10:36:14] [TASK_1] [INFO] Validated 2 tickers total (0 VN30 + 2 expansion).
[2026-07-01 10:36:14] [TASK_1] [INFO] Validated 30 tickers total (30 VN30 + 0 expansion).
[2026-07-01 10:36:14] [TASK_1] [WARNING] [2026-07-01 10:36:14] Error fetching VNM (attempt 1/3): API down
[2026-07-01 10:36:14] [TASK_1] [INFO] Retrying in 1s...
[2026-07-01 10:36:14] [TASK_1] [WARNING] [2026-07-01 10:36:14] Error fetching VNM (attempt 2/3): API down
[2026-07-01 10:36:14] [TASK_1] [INFO] Retrying in 2s...
[2026-07-01 10:36:14] [TASK_1] [WARNING] [2026-07-01 10:36:14] Error fetching VNM (attempt 3/3): API down
[2026-07-01 10:36:14] [TASK_1] [ERROR] [2026-07-01 10:36:14] Failed to fetch data for VNM after 3 attempts.
[2026-07-01 10:36:14] [TASK_1] [INFO] Fetched 2 rows for VNM (2024-01-02 to 2024-01-03).
[2026-07-01 10:36:14] [TASK_1] [WARNING] Empty data returned for VNM (attempt 1/3).
[2026-07-01 10:36:14] [TASK_1] [INFO] Retrying in 1s...
[2026-07-01 10:36:14] [TASK_1] [INFO] Fetched 1 rows for VNM (2024-01-02 to 2024-01-02).
[2026-07-01 10:36:14] [TASK_1] [INFO] ============================================================
[2026-07-01 10:36:14] [TASK_1] [INFO] TASK 1: Price Collection Started
[2026-07-01 10:36:14] [TASK_1] [INFO] Tickers: 1 | Date range: 2024-01-01 to 2024-01-10
[2026-07-01 10:36:14] [TASK_1] [INFO] ============================================================
[2026-07-01 10:36:14] [TASK_1] [INFO] Validated 1 tickers total (1 VN30 + 0 expansion).
[2026-07-01 10:36:14] [TASK_1] [INFO] Processing VNM (1/1)...
[2026-07-01 10:36:14] [TASK_1] [INFO] Saved VNM → C:\Users\User\AppData\Local\Temp\pytest-of-User\pytest-194\test_collect_prices_output_col0\prices\VNM.csv (2 rows)
[2026-07-01 10:36:14] [TASK_1] [INFO] Saved consolidated file → C:\Users\User\AppData\Local\Temp\pytest-of-User\pytest-194\test_collect_prices_output_col0\prices\all_vn30_prices.csv (2 rows, 1 tickers)
[2026-07-01 10:36:14] [TASK_1] [INFO] ============================================================
[2026-07-01 10:36:14] [TASK_1] [INFO] PRICE COLLECTION SUMMARY
[2026-07-01 10:36:14] [TASK_1] [INFO] ============================================================
[2026-07-01 10:36:14] [TASK_1] [INFO] Successfully collected: 1 tickers
[2026-07-01 10:36:14] [TASK_1] [INFO] Expected trading days (business-day calendar): 8
[2026-07-01 10:36:14] [TASK_1] [INFO] ------------------------------------------------------------
[2026-07-01 10:36:14] [TASK_1] [INFO] Ticker    Earliest      Latest    Days
[2026-07-01 10:36:14] [TASK_1] [INFO] ------------------------------------------------------------
[2026-07-01 10:36:14] [TASK_1] [INFO] VNM     2024-01-02  2024-01-03       2
[2026-07-01 10:36:14] [TASK_1] [WARNING] ⚠ VNM has 75.0% fewer trading days than expected (2 vs 8 expected). Check for missing data.
[2026-07-01 10:36:14] [TASK_1] [INFO] ------------------------------------------------------------
[2026-07-01 10:36:14] [TASK_1] [INFO] Total rows: 2 | Date range: 2024-01-01 to 2024-01-10
[2026-07-01 10:36:14] [TASK_1] [INFO] ============================================================
[2026-07-01 10:36:14] [TASK_1] [INFO] ============================================================
[2026-07-01 10:36:14] [TASK_1] [INFO] TASK 1: Price Collection Started
[2026-07-01 10:36:14] [TASK_1] [INFO] Tickers: 2 | Date range: 2024-01-01 to 2024-01-10
[2026-07-01 10:36:14] [TASK_1] [INFO] ============================================================
[2026-07-01 10:36:14] [TASK_1] [INFO] Validated 2 tickers total (2 VN30 + 0 expansion).
[2026-07-01 10:36:14] [TASK_1] [INFO] Processing VNM (1/2)...
[2026-07-01 10:36:14] [TASK_1] [INFO] Saved VNM → C:\Users\User\AppData\Local\Temp\pytest-of-User\pytest-194\test_individual_ticker_csv_sav0\prices\VNM.csv (1 rows)
[2026-07-01 10:36:14] [TASK_1] [INFO] Processing FPT (2/2)...
[2026-07-01 10:36:14] [TASK_1] [INFO] Saved FPT → C:\Users\User\AppData\Local\Temp\pytest-of-User\pytest-194\test_individual_ticker_csv_sav0\prices\FPT.csv (1 rows)
[2026-07-01 10:36:14] [TASK_1] [INFO] Saved consolidated file → C:\Users\User\AppData\Local\Temp\pytest-of-User\pytest-194\test_individual_ticker_csv_sav0\prices\all_vn30_prices.csv (2 rows, 2 tickers)
[2026-07-01 10:36:14] [TASK_1] [INFO] ============================================================
[2026-07-01 10:36:14] [TASK_1] [INFO] PRICE COLLECTION SUMMARY
[2026-07-01 10:36:14] [TASK_1] [INFO] ============================================================
[2026-07-01 10:36:14] [TASK_1] [INFO] Successfully collected: 2 tickers
[2026-07-01 10:36:14] [TASK_1] [INFO] Expected trading days (business-day calendar): 8
[2026-07-01 10:36:14] [TASK_1] [INFO] ------------------------------------------------------------
[2026-07-01 10:36:14] [TASK_1] [INFO] Ticker    Earliest      Latest    Days
[2026-07-01 10:36:14] [TASK_1] [INFO] ------------------------------------------------------------
[2026-07-01 10:36:14] [TASK_1] [INFO] FPT     2024-01-02  2024-01-02       1
[2026-07-01 10:36:14] [TASK_1] [WARNING] ⚠ FPT has 87.5% fewer trading days than expected (1 vs 8 expected). Check for missing data.
[2026-07-01 10:36:14] [TASK_1] [INFO] VNM     2024-01-02  2024-01-02       1
[2026-07-01 10:36:14] [TASK_1] [WARNING] ⚠ VNM has 87.5% fewer trading days than expected (1 vs 8 expected). Check for missing data.
[2026-07-01 10:36:14] [TASK_1] [INFO] ------------------------------------------------------------
[2026-07-01 10:36:14] [TASK_1] [INFO] Total rows: 2 | Date range: 2024-01-01 to 2024-01-10
[2026-07-01 10:36:14] [TASK_1] [INFO] ============================================================
[2026-07-01 10:36:14] [TASK_1] [INFO] ============================================================
[2026-07-01 10:36:14] [TASK_1] [INFO] TASK 1: Price Collection Started
[2026-07-01 10:36:14] [TASK_1] [INFO] Tickers: 2 | Date range: 2024-01-01 to 2024-01-10
[2026-07-01 10:36:14] [TASK_1] [INFO] ============================================================
[2026-07-01 10:36:14] [TASK_1] [INFO] Validated 2 tickers total (2 VN30 + 0 expansion).
[2026-07-01 10:36:14] [TASK_1] [INFO] Processing VNM (1/2)...
[2026-07-01 10:36:14] [TASK_1] [INFO] Saved VNM → C:\Users\User\AppData\Local\Temp\pytest-of-User\pytest-194\test_consolidated_csv_has_tick0\prices\VNM.csv (1 rows)
[2026-07-01 10:36:15] [TASK_1] [INFO] Processing FPT (2/2)...
[2026-07-01 10:36:15] [TASK_1] [INFO] Saved FPT → C:\Users\User\AppData\Local\Temp\pytest-of-User\pytest-194\test_consolidated_csv_has_tick0\prices\FPT.csv (1 rows)
[2026-07-01 10:36:15] [TASK_1] [INFO] Saved consolidated file → C:\Users\User\AppData\Local\Temp\pytest-of-User\pytest-194\test_consolidated_csv_has_tick0\prices\all_vn30_prices.csv (2 rows, 2 tickers)
[2026-07-01 10:36:15] [TASK_1] [INFO] ============================================================
[2026-07-01 10:36:15] [TASK_1] [INFO] PRICE COLLECTION SUMMARY
[2026-07-01 10:36:15] [TASK_1] [INFO] ============================================================
[2026-07-01 10:36:15] [TASK_1] [INFO] Successfully collected: 2 tickers
[2026-07-01 10:36:15] [TASK_1] [INFO] Expected trading days (business-day calendar): 8
[2026-07-01 10:36:15] [TASK_1] [INFO] ------------------------------------------------------------
[2026-07-01 10:36:15] [TASK_1] [INFO] Ticker    Earliest      Latest    Days
[2026-07-01 10:36:15] [TASK_1] [INFO] ------------------------------------------------------------
[2026-07-01 10:36:15] [TASK_1] [INFO] FPT     2024-01-02  2024-01-02       1
[2026-07-01 10:36:15] [TASK_1] [WARNING] ⚠ FPT has 87.5% fewer trading days than expected (1 vs 8 expected). Check for missing data.
[2026-07-01 10:36:15] [TASK_1] [INFO] VNM     2024-01-02  2024-01-02       1
[2026-07-01 10:36:15] [TASK_1] [WARNING] ⚠ VNM has 87.5% fewer trading days than expected (1 vs 8 expected). Check for missing data.
[2026-07-01 10:36:15] [TASK_1] [INFO] ------------------------------------------------------------
[2026-07-01 10:36:15] [TASK_1] [INFO] Total rows: 2 | Date range: 2024-01-01 to 2024-01-10
[2026-07-01 10:36:15] [TASK_1] [INFO] ============================================================
[2026-07-01 10:36:15] [TASK_1] [INFO] ============================================================
[2026-07-01 10:36:15] [TASK_1] [INFO] TASK 1: Price Collection Started
[2026-07-01 10:36:15] [TASK_1] [INFO] Tickers: 1 | Date range: 2024-01-01 to 2024-01-10
[2026-07-01 10:36:15] [TASK_1] [INFO] ============================================================
[2026-07-01 10:36:15] [TASK_1] [INFO] Validated 1 tickers total (1 VN30 + 0 expansion).
[2026-07-01 10:36:15] [TASK_1] [INFO] Processing VNM (1/1)...
[2026-07-01 10:36:15] [TASK_1] [ERROR] [2026-07-01 10:36:15] FAILED: VNM — no data collected. Continuing with remaining tickers.
[2026-07-01 10:36:15] [TASK_1] [INFO] ============================================================
[2026-07-01 10:36:15] [TASK_1] [INFO] TASK 1: Price Collection Started
[2026-07-01 10:36:15] [TASK_1] [INFO] Tickers: 2 | Date range: 2024-01-01 to 2024-01-10
[2026-07-01 10:36:15] [TASK_1] [INFO] ============================================================
[2026-07-01 10:36:15] [TASK_1] [INFO] Validated 2 tickers total (2 VN30 + 0 expansion).
[2026-07-01 10:36:15] [TASK_1] [INFO] Processing VNM (1/2)...
[2026-07-01 10:36:15] [TASK_1] [INFO] Saved VNM → C:\Users\User\AppData\Local\Temp\pytest-of-User\pytest-194\test_partial_failure_continues0\prices\VNM.csv (1 rows)
[2026-07-01 10:36:16] [TASK_1] [INFO] Processing FPT (2/2)...
[2026-07-01 10:36:16] [TASK_1] [ERROR] [2026-07-01 10:36:16] FAILED: FPT — no data collected. Continuing with remaining tickers.
[2026-07-01 10:36:16] [TASK_1] [INFO] Saved consolidated file → C:\Users\User\AppData\Local\Temp\pytest-of-User\pytest-194\test_partial_failure_continues0\prices\all_vn30_prices.csv (1 rows, 1 tickers)
[2026-07-01 10:36:16] [TASK_1] [INFO] ============================================================
[2026-07-01 10:36:16] [TASK_1] [INFO] PRICE COLLECTION SUMMARY
[2026-07-01 10:36:16] [TASK_1] [INFO] ============================================================
[2026-07-01 10:36:16] [TASK_1] [INFO] Successfully collected: 1 tickers
[2026-07-01 10:36:16] [TASK_1] [WARNING] Failed tickers: FPT
[2026-07-01 10:36:16] [TASK_1] [INFO] Expected trading days (business-day calendar): 8
[2026-07-01 10:36:16] [TASK_1] [INFO] ------------------------------------------------------------
[2026-07-01 10:36:16] [TASK_1] [INFO] Ticker    Earliest      Latest    Days
[2026-07-01 10:36:16] [TASK_1] [INFO] ------------------------------------------------------------
[2026-07-01 10:36:16] [TASK_1] [INFO] VNM     2024-01-02  2024-01-02       1
[2026-07-01 10:36:16] [TASK_1] [WARNING] ⚠ VNM has 87.5% fewer trading days than expected (1 vs 8 expected). Check for missing data.
[2026-07-01 10:36:16] [TASK_1] [INFO] ------------------------------------------------------------
[2026-07-01 10:36:16] [TASK_1] [INFO] Total rows: 1 | Date range: 2024-01-01 to 2024-01-10
[2026-07-01 10:36:16] [TASK_1] [INFO] ============================================================
[2026-07-01 10:36:16] [TASK_1] [WARNING] [2026-07-01 10:36:16] Error fetching VNM (attempt 1/3): API down
[2026-07-01 10:36:16] [TASK_1] [WARNING] [2026-07-01 10:36:16] Error fetching VNM (attempt 2/3): API down
[2026-07-01 10:36:16] [TASK_1] [WARNING] [2026-07-01 10:36:16] Error fetching VNM (attempt 3/3): API down
[2026-07-01 10:36:16] [TASK_1] [ERROR] [2026-07-01 10:36:16] Failed to fetch data for VNM after 3 attempts.
[2026-07-01 10:36:16] [TASK_1] [WARNING] [2026-07-01 10:36:16] Error fetching VNM (attempt 1/3): API down
[2026-07-01 10:36:16] [TASK_1] [WARNING] [2026-07-01 10:36:16] Error fetching VNM (attempt 2/3): API down
[2026-07-01 10:36:16] [TASK_1] [WARNING] [2026-07-01 10:36:16] Error fetching VNM (attempt 3/3): API down
[2026-07-01 10:36:16] [TASK_1] [ERROR] [2026-07-01 10:36:16] Failed to fetch data for VNM after 3 attempts.
[2026-07-01 10:36:16] [TASK_1] [INFO] ============================================================
[2026-07-01 10:36:16] [TASK_1] [INFO] TASK 1: Price Collection Started
[2026-07-01 10:36:16] [TASK_1] [INFO] Tickers: 3 | Date range: 2024-01-01 to 2024-01-10
[2026-07-01 10:36:16] [TASK_1] [INFO] ============================================================
[2026-07-01 10:36:16] [TASK_1] [INFO] Validated 3 tickers total (3 VN30 + 0 expansion).
[2026-07-01 10:36:16] [TASK_1] [INFO] Processing VNM (1/3)...
[2026-07-01 10:36:16] [TASK_1] [ERROR] [2026-07-01 10:36:16] FAILED: VNM — no data collected. Continuing with remaining tickers.
[2026-07-01 10:36:16] [TASK_1] [INFO] Processing VCB (2/3)...
[2026-07-01 10:36:16] [TASK_1] [INFO] Saved VCB → C:\Users\User\AppData\Local\Temp\pytest-of-User\pytest-194\test_continues_after_ticker_fa0\prices\VCB.csv (2 rows)
[2026-07-01 10:36:17] [TASK_1] [INFO] Processing FPT (3/3)...
[2026-07-01 10:36:17] [TASK_1] [INFO] Saved FPT → C:\Users\User\AppData\Local\Temp\pytest-of-User\pytest-194\test_continues_after_ticker_fa0\prices\FPT.csv (2 rows)
[2026-07-01 10:36:17] [TASK_1] [INFO] Saved consolidated file → C:\Users\User\AppData\Local\Temp\pytest-of-User\pytest-194\test_continues_after_ticker_fa0\prices\all_vn30_prices.csv (4 rows, 2 tickers)
[2026-07-01 10:36:17] [TASK_1] [INFO] ============================================================
[2026-07-01 10:36:17] [TASK_1] [INFO] PRICE COLLECTION SUMMARY
[2026-07-01 10:36:17] [TASK_1] [INFO] ============================================================
[2026-07-01 10:36:17] [TASK_1] [INFO] Successfully collected: 2 tickers
[2026-07-01 10:36:17] [TASK_1] [WARNING] Failed tickers: VNM
[2026-07-01 10:36:17] [TASK_1] [INFO] Expected trading days (business-day calendar): 8
[2026-07-01 10:36:17] [TASK_1] [INFO] ------------------------------------------------------------
[2026-07-01 10:36:17] [TASK_1] [INFO] Ticker    Earliest      Latest    Days
[2026-07-01 10:36:17] [TASK_1] [INFO] ------------------------------------------------------------
[2026-07-01 10:36:17] [TASK_1] [INFO] FPT     2024-01-02  2024-01-03       2
[2026-07-01 10:36:17] [TASK_1] [WARNING] ⚠ FPT has 75.0% fewer trading days than expected (2 vs 8 expected). Check for missing data.
[2026-07-01 10:36:17] [TASK_1] [INFO] VCB     2024-01-02  2024-01-03       2
[2026-07-01 10:36:17] [TASK_1] [WARNING] ⚠ VCB has 75.0% fewer trading days than expected (2 vs 8 expected). Check for missing data.
[2026-07-01 10:36:17] [TASK_1] [INFO] ------------------------------------------------------------
[2026-07-01 10:36:17] [TASK_1] [INFO] Total rows: 4 | Date range: 2024-01-01 to 2024-01-10
[2026-07-01 10:36:17] [TASK_1] [INFO] ============================================================
[2026-07-01 10:36:17] [TASK_1] [ERROR] [2026-07-01 10:36:17] FAILED: FPT — no data collected. Continuing with remaining tickers.
[2026-07-01 10:36:17] [TASK_1] [WARNING] Failed tickers: FPT
[2026-07-01 10:36:17] [TASK_1] [WARNING] ⚠ VNM has 87.5% fewer trading days than expected (1 vs 8 expected). Check for missing data.
[2026-07-01 10:36:17] [TASK_1] [INFO] ============================================================
[2026-07-01 10:36:17] [TASK_1] [INFO] PRICE COLLECTION SUMMARY
[2026-07-01 10:36:17] [TASK_1] [INFO] ============================================================
[2026-07-01 10:36:17] [TASK_1] [INFO] Successfully collected: 2 tickers
[2026-07-01 10:36:17] [TASK_1] [INFO] Expected trading days (business-day calendar): 3
[2026-07-01 10:36:17] [TASK_1] [INFO] ------------------------------------------------------------
[2026-07-01 10:36:17] [TASK_1] [INFO] Ticker    Earliest      Latest    Days
[2026-07-01 10:36:17] [TASK_1] [INFO] ------------------------------------------------------------
[2026-07-01 10:36:17] [TASK_1] [INFO] FPT     2024-01-02  2024-01-03       2
[2026-07-01 10:36:17] [TASK_1] [WARNING] ⚠ FPT has 33.3% fewer trading days than expected (2 vs 3 expected). Check for missing data.
[2026-07-01 10:36:17] [TASK_1] [INFO] VNM     2024-01-02  2024-01-04       3
[2026-07-01 10:36:17] [TASK_1] [INFO] ------------------------------------------------------------
[2026-07-01 10:36:17] [TASK_1] [INFO] Total rows: 5 | Date range: 2024-01-02 to 2024-01-04
[2026-07-01 10:36:17] [TASK_1] [INFO] ============================================================
[2026-07-01 10:36:17] [TASK_1] [WARNING] ⚠ FPT has 53.1% fewer trading days than expected (30 vs 64 expected). Check for missing data.
[2026-07-01 10:36:17] [TASK_1] [WARNING] ⚠ VNM has 6.2% fewer trading days than expected (60 vs 64 expected). Check for missing data.
[2026-07-01 10:36:17] [TASK_1] [WARNING] Failed tickers: FPT, VCB
[2026-07-01 10:36:17] [TASK_1] [INFO] ============================================================
[2026-07-01 10:36:17] [TASK_1] [INFO] PRICE COLLECTION SUMMARY
[2026-07-01 10:36:17] [TASK_1] [INFO] ============================================================
[2026-07-01 10:36:17] [TASK_1] [INFO] Successfully collected: 1 tickers
[2026-07-01 10:36:17] [TASK_1] [INFO] Expected trading days (business-day calendar): 4
[2026-07-01 10:36:17] [TASK_1] [INFO] ------------------------------------------------------------
[2026-07-01 10:36:17] [TASK_1] [INFO] Ticker    Earliest      Latest    Days
[2026-07-01 10:36:17] [TASK_1] [INFO] ------------------------------------------------------------
[2026-07-01 10:36:17] [TASK_1] [INFO] VNM     2024-01-02  2024-01-02       1
[2026-07-01 10:36:17] [TASK_1] [WARNING] ⚠ VNM has 75.0% fewer trading days than expected (1 vs 4 expected). Check for missing data.
[2026-07-01 10:36:17] [TASK_1] [INFO] ------------------------------------------------------------
[2026-07-01 10:36:17] [TASK_1] [INFO] Total rows: 1 | Date range: 2024-01-02 to 2024-01-05
[2026-07-01 10:36:17] [TASK_1] [INFO] ============================================================
[2026-07-01 10:42:21] [TASK_1] [INFO] ============================================================
[2026-07-01 10:42:21] [TASK_1] [INFO] START TASK_1: Price Collection (vnstock OHLCV)
[2026-07-01 10:42:21] [TASK_1] [INFO] Timestamp: 2026-07-01T10:42:21.855704
[2026-07-01 10:42:21] [TASK_1] [INFO] ============================================================
[2026-07-01 10:42:21] [TASK_1] [ERROR] TASK FAILED: TASK_1 after 0.0 seconds
[2026-07-01 10:42:21] [TASK_1] [ERROR] Exception: Simulated failure
[2026-07-01 10:42:21] [TASK_1] [ERROR] Stack trace:
Traceback (most recent call last):
  File "C:\Users\User\KLTN_MASTER\pipeline\run_pipeline.py", line 659, in run_pipeline
    executor(config, task_logger, smoke_test=smoke_test)
  File "C:\Program Files\WindowsApps\PythonSoftwareFoundation.Python.3.10_3.10.3056.0_x64__qbz5n2kfra8p0\lib\unittest\mock.py", line 1114, in __call__
    return self._mock_call(*args, **kwargs)
  File "C:\Program Files\WindowsApps\PythonSoftwareFoundation.Python.3.10_3.10.3056.0_x64__qbz5n2kfra8p0\lib\unittest\mock.py", line 1118, in _mock_call
    return self._execute_mock_call(*args, **kwargs)
  File "C:\Program Files\WindowsApps\PythonSoftwareFoundation.Python.3.10_3.10.3056.0_x64__qbz5n2kfra8p0\lib\unittest\mock.py", line 1173, in _execute_mock_call
    raise effect
RuntimeError: Simulated failure

[2026-07-01 10:42:21] [TASK_1] [INFO] ============================================================
[2026-07-01 10:42:21] [TASK_1] [INFO] START TASK_1: Price Collection (vnstock OHLCV)
[2026-07-01 10:42:21] [TASK_1] [INFO] Timestamp: 2026-07-01T10:42:21.863708
[2026-07-01 10:42:21] [TASK_1] [INFO] ============================================================
[2026-07-01 10:42:21] [TASK_1] [ERROR] TASK FAILED: TASK_1 after 0.0 seconds
[2026-07-01 10:42:21] [TASK_1] [ERROR] Exception: Simulated failure
[2026-07-01 10:42:21] [TASK_1] [ERROR] Stack trace:
Traceback (most recent call last):
  File "C:\Users\User\KLTN_MASTER\pipeline\run_pipeline.py", line 659, in run_pipeline
    executor(config, task_logger, smoke_test=smoke_test)
  File "C:\Program Files\WindowsApps\PythonSoftwareFoundation.Python.3.10_3.10.3056.0_x64__qbz5n2kfra8p0\lib\unittest\mock.py", line 1114, in __call__
    return self._mock_call(*args, **kwargs)
  File "C:\Program Files\WindowsApps\PythonSoftwareFoundation.Python.3.10_3.10.3056.0_x64__qbz5n2kfra8p0\lib\unittest\mock.py", line 1118, in _mock_call
    return self._execute_mock_call(*args, **kwargs)
  File "C:\Program Files\WindowsApps\PythonSoftwareFoundation.Python.3.10_3.10.3056.0_x64__qbz5n2kfra8p0\lib\unittest\mock.py", line 1173, in _execute_mock_call
    raise effect
RuntimeError: Simulated failure

[2026-07-01 10:42:21] [TASK_1] [INFO] ============================================================
[2026-07-01 10:42:21] [TASK_1] [INFO] START TASK_1: Price Collection (vnstock OHLCV)
[2026-07-01 10:42:21] [TASK_1] [INFO] Timestamp: 2026-07-01T10:42:21.999044
[2026-07-01 10:42:21] [TASK_1] [INFO] ============================================================
[2026-07-01 10:42:21] [TASK_1] [INFO] ------------------------------------------------------------
[2026-07-01 10:42:21] [TASK_1] [INFO] END TASK_1 — completed in 0.0 seconds
[2026-07-01 10:42:21] [TASK_1] [INFO] ============================================================
[2026-07-01 10:42:22] [TASK_1] [INFO] ============================================================
[2026-07-01 10:42:22] [TASK_1] [INFO] START TASK_1: Price Collection (vnstock OHLCV)
[2026-07-01 10:42:22] [TASK_1] [INFO] Timestamp: 2026-07-01T10:42:22.852787
[2026-07-01 10:42:22] [TASK_1] [INFO] ============================================================
[2026-07-01 10:42:22] [TASK_1] [INFO] ------------------------------------------------------------
[2026-07-01 10:42:22] [TASK_1] [INFO] END TASK_1 — completed in 0.0 seconds
[2026-07-01 10:42:22] [TASK_1] [INFO] ============================================================
[2026-07-01 10:42:30] [TASK_1] [INFO] Validated 3 tickers total (3 VN30 + 0 expansion).
[2026-07-01 10:42:30] [TASK_1] [INFO] HOSE-80 expansion: 1 non-VN30 tickers included: INVALID
[2026-07-01 10:42:30] [TASK_1] [INFO] Validated 3 tickers total (2 VN30 + 1 expansion).
[2026-07-01 10:42:30] [TASK_1] [INFO] HOSE-80 expansion: 2 non-VN30 tickers included: INVALID1, INVALID2
[2026-07-01 10:42:30] [TASK_1] [INFO] Validated 2 tickers total (0 VN30 + 2 expansion).
[2026-07-01 10:42:30] [TASK_1] [INFO] Validated 30 tickers total (30 VN30 + 0 expansion).
[2026-07-01 10:42:30] [TASK_1] [WARNING] [2026-07-01 10:42:30] Error fetching VNM (attempt 1/3): API down
[2026-07-01 10:42:30] [TASK_1] [INFO] Retrying in 1s...
[2026-07-01 10:42:30] [TASK_1] [WARNING] [2026-07-01 10:42:30] Error fetching VNM (attempt 2/3): API down
[2026-07-01 10:42:30] [TASK_1] [INFO] Retrying in 2s...
[2026-07-01 10:42:30] [TASK_1] [WARNING] [2026-07-01 10:42:30] Error fetching VNM (attempt 3/3): API down
[2026-07-01 10:42:30] [TASK_1] [ERROR] [2026-07-01 10:42:30] Failed to fetch data for VNM after 3 attempts.
[2026-07-01 10:42:30] [TASK_1] [INFO] Fetched 2 rows for VNM (2024-01-02 to 2024-01-03).
[2026-07-01 10:42:30] [TASK_1] [WARNING] Empty data returned for VNM (attempt 1/3).
[2026-07-01 10:42:30] [TASK_1] [INFO] Retrying in 1s...
[2026-07-01 10:42:30] [TASK_1] [INFO] Fetched 1 rows for VNM (2024-01-02 to 2024-01-02).
[2026-07-01 10:42:30] [TASK_1] [INFO] ============================================================
[2026-07-01 10:42:30] [TASK_1] [INFO] TASK 1: Price Collection Started
[2026-07-01 10:42:30] [TASK_1] [INFO] Tickers: 1 | Date range: 2024-01-01 to 2024-01-10
[2026-07-01 10:42:30] [TASK_1] [INFO] ============================================================
[2026-07-01 10:42:30] [TASK_1] [INFO] Validated 1 tickers total (1 VN30 + 0 expansion).
[2026-07-01 10:42:30] [TASK_1] [INFO] Processing VNM (1/1)...
[2026-07-01 10:42:30] [TASK_1] [INFO] Saved VNM → C:\Users\User\AppData\Local\Temp\pytest-of-User\pytest-195\test_collect_prices_output_col0\prices\VNM.csv (2 rows)
[2026-07-01 10:42:30] [TASK_1] [INFO] Saved consolidated file → C:\Users\User\AppData\Local\Temp\pytest-of-User\pytest-195\test_collect_prices_output_col0\prices\all_vn30_prices.csv (2 rows, 1 tickers)
[2026-07-01 10:42:30] [TASK_1] [INFO] ============================================================
[2026-07-01 10:42:30] [TASK_1] [INFO] PRICE COLLECTION SUMMARY
[2026-07-01 10:42:30] [TASK_1] [INFO] ============================================================
[2026-07-01 10:42:30] [TASK_1] [INFO] Successfully collected: 1 tickers
[2026-07-01 10:42:30] [TASK_1] [INFO] Expected trading days (business-day calendar): 8
[2026-07-01 10:42:30] [TASK_1] [INFO] ------------------------------------------------------------
[2026-07-01 10:42:30] [TASK_1] [INFO] Ticker    Earliest      Latest    Days
[2026-07-01 10:42:30] [TASK_1] [INFO] ------------------------------------------------------------
[2026-07-01 10:42:30] [TASK_1] [INFO] VNM     2024-01-02  2024-01-03       2
[2026-07-01 10:42:30] [TASK_1] [WARNING] ⚠ VNM has 75.0% fewer trading days than expected (2 vs 8 expected). Check for missing data.
[2026-07-01 10:42:30] [TASK_1] [INFO] ------------------------------------------------------------
[2026-07-01 10:42:30] [TASK_1] [INFO] Total rows: 2 | Date range: 2024-01-01 to 2024-01-10
[2026-07-01 10:42:30] [TASK_1] [INFO] ============================================================
[2026-07-01 10:42:30] [TASK_1] [INFO] ============================================================
[2026-07-01 10:42:30] [TASK_1] [INFO] TASK 1: Price Collection Started
[2026-07-01 10:42:30] [TASK_1] [INFO] Tickers: 2 | Date range: 2024-01-01 to 2024-01-10
[2026-07-01 10:42:30] [TASK_1] [INFO] ============================================================
[2026-07-01 10:42:30] [TASK_1] [INFO] Validated 2 tickers total (2 VN30 + 0 expansion).
[2026-07-01 10:42:30] [TASK_1] [INFO] Processing VNM (1/2)...
[2026-07-01 10:42:30] [TASK_1] [INFO] Saved VNM → C:\Users\User\AppData\Local\Temp\pytest-of-User\pytest-195\test_individual_ticker_csv_sav0\prices\VNM.csv (1 rows)
[2026-07-01 10:42:31] [TASK_1] [INFO] Processing FPT (2/2)...
[2026-07-01 10:42:31] [TASK_1] [INFO] Saved FPT → C:\Users\User\AppData\Local\Temp\pytest-of-User\pytest-195\test_individual_ticker_csv_sav0\prices\FPT.csv (1 rows)
[2026-07-01 10:42:31] [TASK_1] [INFO] Saved consolidated file → C:\Users\User\AppData\Local\Temp\pytest-of-User\pytest-195\test_individual_ticker_csv_sav0\prices\all_vn30_prices.csv (2 rows, 2 tickers)
[2026-07-01 10:42:31] [TASK_1] [INFO] ============================================================
[2026-07-01 10:42:31] [TASK_1] [INFO] PRICE COLLECTION SUMMARY
[2026-07-01 10:42:31] [TASK_1] [INFO] ============================================================
[2026-07-01 10:42:31] [TASK_1] [INFO] Successfully collected: 2 tickers
[2026-07-01 10:42:31] [TASK_1] [INFO] Expected trading days (business-day calendar): 8
[2026-07-01 10:42:31] [TASK_1] [INFO] ------------------------------------------------------------
[2026-07-01 10:42:31] [TASK_1] [INFO] Ticker    Earliest      Latest    Days
[2026-07-01 10:42:31] [TASK_1] [INFO] ------------------------------------------------------------
[2026-07-01 10:42:31] [TASK_1] [INFO] FPT     2024-01-02  2024-01-02       1
[2026-07-01 10:42:31] [TASK_1] [WARNING] ⚠ FPT has 87.5% fewer trading days than expected (1 vs 8 expected). Check for missing data.
[2026-07-01 10:42:31] [TASK_1] [INFO] VNM     2024-01-02  2024-01-02       1
[2026-07-01 10:42:31] [TASK_1] [WARNING] ⚠ VNM has 87.5% fewer trading days than expected (1 vs 8 expected). Check for missing data.
[2026-07-01 10:42:31] [TASK_1] [INFO] ------------------------------------------------------------
[2026-07-01 10:42:31] [TASK_1] [INFO] Total rows: 2 | Date range: 2024-01-01 to 2024-01-10
[2026-07-01 10:42:31] [TASK_1] [INFO] ============================================================
[2026-07-01 10:42:31] [TASK_1] [INFO] ============================================================
[2026-07-01 10:42:31] [TASK_1] [INFO] TASK 1: Price Collection Started
[2026-07-01 10:42:31] [TASK_1] [INFO] Tickers: 2 | Date range: 2024-01-01 to 2024-01-10
[2026-07-01 10:42:31] [TASK_1] [INFO] ============================================================
[2026-07-01 10:42:31] [TASK_1] [INFO] Validated 2 tickers total (2 VN30 + 0 expansion).
[2026-07-01 10:42:31] [TASK_1] [INFO] Processing VNM (1/2)...
[2026-07-01 10:42:31] [TASK_1] [INFO] Saved VNM → C:\Users\User\AppData\Local\Temp\pytest-of-User\pytest-195\test_consolidated_csv_has_tick0\prices\VNM.csv (1 rows)
[2026-07-01 10:42:31] [TASK_1] [INFO] Processing FPT (2/2)...
[2026-07-01 10:42:31] [TASK_1] [INFO] Saved FPT → C:\Users\User\AppData\Local\Temp\pytest-of-User\pytest-195\test_consolidated_csv_has_tick0\prices\FPT.csv (1 rows)
[2026-07-01 10:42:31] [TASK_1] [INFO] Saved consolidated file → C:\Users\User\AppData\Local\Temp\pytest-of-User\pytest-195\test_consolidated_csv_has_tick0\prices\all_vn30_prices.csv (2 rows, 2 tickers)
[2026-07-01 10:42:31] [TASK_1] [INFO] ============================================================
[2026-07-01 10:42:31] [TASK_1] [INFO] PRICE COLLECTION SUMMARY
[2026-07-01 10:42:31] [TASK_1] [INFO] ============================================================
[2026-07-01 10:42:31] [TASK_1] [INFO] Successfully collected: 2 tickers
[2026-07-01 10:42:31] [TASK_1] [INFO] Expected trading days (business-day calendar): 8
[2026-07-01 10:42:31] [TASK_1] [INFO] ------------------------------------------------------------
[2026-07-01 10:42:31] [TASK_1] [INFO] Ticker    Earliest      Latest    Days
[2026-07-01 10:42:31] [TASK_1] [INFO] ------------------------------------------------------------
[2026-07-01 10:42:31] [TASK_1] [INFO] FPT     2024-01-02  2024-01-02       1
[2026-07-01 10:42:31] [TASK_1] [WARNING] ⚠ FPT has 87.5% fewer trading days than expected (1 vs 8 expected). Check for missing data.
[2026-07-01 10:42:31] [TASK_1] [INFO] VNM     2024-01-02  2024-01-02       1
[2026-07-01 10:42:31] [TASK_1] [WARNING] ⚠ VNM has 87.5% fewer trading days than expected (1 vs 8 expected). Check for missing data.
[2026-07-01 10:42:31] [TASK_1] [INFO] ------------------------------------------------------------
[2026-07-01 10:42:31] [TASK_1] [INFO] Total rows: 2 | Date range: 2024-01-01 to 2024-01-10
[2026-07-01 10:42:31] [TASK_1] [INFO] ============================================================
[2026-07-01 10:42:31] [TASK_1] [INFO] ============================================================
[2026-07-01 10:42:31] [TASK_1] [INFO] TASK 1: Price Collection Started
[2026-07-01 10:42:31] [TASK_1] [INFO] Tickers: 1 | Date range: 2024-01-01 to 2024-01-10
[2026-07-01 10:42:31] [TASK_1] [INFO] ============================================================
[2026-07-01 10:42:31] [TASK_1] [INFO] Validated 1 tickers total (1 VN30 + 0 expansion).
[2026-07-01 10:42:31] [TASK_1] [INFO] Processing VNM (1/1)...
[2026-07-01 10:42:31] [TASK_1] [ERROR] [2026-07-01 10:42:31] FAILED: VNM — no data collected. Continuing with remaining tickers.
[2026-07-01 10:42:31] [TASK_1] [INFO] ============================================================
[2026-07-01 10:42:31] [TASK_1] [INFO] TASK 1: Price Collection Started
[2026-07-01 10:42:31] [TASK_1] [INFO] Tickers: 2 | Date range: 2024-01-01 to 2024-01-10
[2026-07-01 10:42:31] [TASK_1] [INFO] ============================================================
[2026-07-01 10:42:31] [TASK_1] [INFO] Validated 2 tickers total (2 VN30 + 0 expansion).
[2026-07-01 10:42:31] [TASK_1] [INFO] Processing VNM (1/2)...
[2026-07-01 10:42:31] [TASK_1] [INFO] Saved VNM → C:\Users\User\AppData\Local\Temp\pytest-of-User\pytest-195\test_partial_failure_continues0\prices\VNM.csv (1 rows)
[2026-07-01 10:42:32] [TASK_1] [INFO] Processing FPT (2/2)...
[2026-07-01 10:42:32] [TASK_1] [ERROR] [2026-07-01 10:42:32] FAILED: FPT — no data collected. Continuing with remaining tickers.
[2026-07-01 10:42:32] [TASK_1] [INFO] Saved consolidated file → C:\Users\User\AppData\Local\Temp\pytest-of-User\pytest-195\test_partial_failure_continues0\prices\all_vn30_prices.csv (1 rows, 1 tickers)
[2026-07-01 10:42:32] [TASK_1] [INFO] ============================================================
[2026-07-01 10:42:32] [TASK_1] [INFO] PRICE COLLECTION SUMMARY
[2026-07-01 10:42:32] [TASK_1] [INFO] ============================================================
[2026-07-01 10:42:32] [TASK_1] [INFO] Successfully collected: 1 tickers
[2026-07-01 10:42:32] [TASK_1] [WARNING] Failed tickers: FPT
[2026-07-01 10:42:32] [TASK_1] [INFO] Expected trading days (business-day calendar): 8
[2026-07-01 10:42:32] [TASK_1] [INFO] ------------------------------------------------------------
[2026-07-01 10:42:32] [TASK_1] [INFO] Ticker    Earliest      Latest    Days
[2026-07-01 10:42:32] [TASK_1] [INFO] ------------------------------------------------------------
[2026-07-01 10:42:32] [TASK_1] [INFO] VNM     2024-01-02  2024-01-02       1
[2026-07-01 10:42:32] [TASK_1] [WARNING] ⚠ VNM has 87.5% fewer trading days than expected (1 vs 8 expected). Check for missing data.
[2026-07-01 10:42:32] [TASK_1] [INFO] ------------------------------------------------------------
[2026-07-01 10:42:32] [TASK_1] [INFO] Total rows: 1 | Date range: 2024-01-01 to 2024-01-10
[2026-07-01 10:42:32] [TASK_1] [INFO] ============================================================
[2026-07-01 10:42:32] [TASK_1] [WARNING] [2026-07-01 10:42:32] Error fetching VNM (attempt 1/3): API down
[2026-07-01 10:42:32] [TASK_1] [WARNING] [2026-07-01 10:42:32] Error fetching VNM (attempt 2/3): API down
[2026-07-01 10:42:32] [TASK_1] [WARNING] [2026-07-01 10:42:32] Error fetching VNM (attempt 3/3): API down
[2026-07-01 10:42:32] [TASK_1] [ERROR] [2026-07-01 10:42:32] Failed to fetch data for VNM after 3 attempts.
[2026-07-01 10:42:32] [TASK_1] [WARNING] [2026-07-01 10:42:32] Error fetching VNM (attempt 1/3): API down
[2026-07-01 10:42:32] [TASK_1] [WARNING] [2026-07-01 10:42:32] Error fetching VNM (attempt 2/3): API down
[2026-07-01 10:42:32] [TASK_1] [WARNING] [2026-07-01 10:42:32] Error fetching VNM (attempt 3/3): API down
[2026-07-01 10:42:32] [TASK_1] [ERROR] [2026-07-01 10:42:32] Failed to fetch data for VNM after 3 attempts.
[2026-07-01 10:42:32] [TASK_1] [INFO] ============================================================
[2026-07-01 10:42:32] [TASK_1] [INFO] TASK 1: Price Collection Started
[2026-07-01 10:42:32] [TASK_1] [INFO] Tickers: 3 | Date range: 2024-01-01 to 2024-01-10
[2026-07-01 10:42:32] [TASK_1] [INFO] ============================================================
[2026-07-01 10:42:32] [TASK_1] [INFO] Validated 3 tickers total (3 VN30 + 0 expansion).
[2026-07-01 10:42:32] [TASK_1] [INFO] Processing VNM (1/3)...
[2026-07-01 10:42:32] [TASK_1] [ERROR] [2026-07-01 10:42:32] FAILED: VNM — no data collected. Continuing with remaining tickers.
[2026-07-01 10:42:32] [TASK_1] [INFO] Processing VCB (2/3)...
[2026-07-01 10:42:32] [TASK_1] [INFO] Saved VCB → C:\Users\User\AppData\Local\Temp\pytest-of-User\pytest-195\test_continues_after_ticker_fa0\prices\VCB.csv (2 rows)
[2026-07-01 10:42:33] [TASK_1] [INFO] Processing FPT (3/3)...
[2026-07-01 10:42:33] [TASK_1] [INFO] Saved FPT → C:\Users\User\AppData\Local\Temp\pytest-of-User\pytest-195\test_continues_after_ticker_fa0\prices\FPT.csv (2 rows)
[2026-07-01 10:42:33] [TASK_1] [INFO] Saved consolidated file → C:\Users\User\AppData\Local\Temp\pytest-of-User\pytest-195\test_continues_after_ticker_fa0\prices\all_vn30_prices.csv (4 rows, 2 tickers)
[2026-07-01 10:42:33] [TASK_1] [INFO] ============================================================
[2026-07-01 10:42:33] [TASK_1] [INFO] PRICE COLLECTION SUMMARY
[2026-07-01 10:42:33] [TASK_1] [INFO] ============================================================
[2026-07-01 10:42:33] [TASK_1] [INFO] Successfully collected: 2 tickers
[2026-07-01 10:42:33] [TASK_1] [WARNING] Failed tickers: VNM
[2026-07-01 10:42:33] [TASK_1] [INFO] Expected trading days (business-day calendar): 8
[2026-07-01 10:42:33] [TASK_1] [INFO] ------------------------------------------------------------
[2026-07-01 10:42:33] [TASK_1] [INFO] Ticker    Earliest      Latest    Days
[2026-07-01 10:42:33] [TASK_1] [INFO] ------------------------------------------------------------
[2026-07-01 10:42:33] [TASK_1] [INFO] FPT     2024-01-02  2024-01-03       2
[2026-07-01 10:42:33] [TASK_1] [WARNING] ⚠ FPT has 75.0% fewer trading days than expected (2 vs 8 expected). Check for missing data.
[2026-07-01 10:42:33] [TASK_1] [INFO] VCB     2024-01-02  2024-01-03       2
[2026-07-01 10:42:33] [TASK_1] [WARNING] ⚠ VCB has 75.0% fewer trading days than expected (2 vs 8 expected). Check for missing data.
[2026-07-01 10:42:33] [TASK_1] [INFO] ------------------------------------------------------------
[2026-07-01 10:42:33] [TASK_1] [INFO] Total rows: 4 | Date range: 2024-01-01 to 2024-01-10
[2026-07-01 10:42:33] [TASK_1] [INFO] ============================================================
[2026-07-01 10:42:34] [TASK_1] [ERROR] [2026-07-01 10:42:34] FAILED: FPT — no data collected. Continuing with remaining tickers.
[2026-07-01 10:42:34] [TASK_1] [WARNING] Failed tickers: FPT
[2026-07-01 10:42:34] [TASK_1] [WARNING] ⚠ VNM has 87.5% fewer trading days than expected (1 vs 8 expected). Check for missing data.
[2026-07-01 10:42:34] [TASK_1] [INFO] ============================================================
[2026-07-01 10:42:34] [TASK_1] [INFO] PRICE COLLECTION SUMMARY
[2026-07-01 10:42:34] [TASK_1] [INFO] ============================================================
[2026-07-01 10:42:34] [TASK_1] [INFO] Successfully collected: 2 tickers
[2026-07-01 10:42:34] [TASK_1] [INFO] Expected trading days (business-day calendar): 3
[2026-07-01 10:42:34] [TASK_1] [INFO] ------------------------------------------------------------
[2026-07-01 10:42:34] [TASK_1] [INFO] Ticker    Earliest      Latest    Days
[2026-07-01 10:42:34] [TASK_1] [INFO] ------------------------------------------------------------
[2026-07-01 10:42:34] [TASK_1] [INFO] FPT     2024-01-02  2024-01-03       2
[2026-07-01 10:42:34] [TASK_1] [WARNING] ⚠ FPT has 33.3% fewer trading days than expected (2 vs 3 expected). Check for missing data.
[2026-07-01 10:42:34] [TASK_1] [INFO] VNM     2024-01-02  2024-01-04       3
[2026-07-01 10:42:34] [TASK_1] [INFO] ------------------------------------------------------------
[2026-07-01 10:42:34] [TASK_1] [INFO] Total rows: 5 | Date range: 2024-01-02 to 2024-01-04
[2026-07-01 10:42:34] [TASK_1] [INFO] ============================================================
[2026-07-01 10:42:34] [TASK_1] [WARNING] ⚠ FPT has 53.1% fewer trading days than expected (30 vs 64 expected). Check for missing data.
[2026-07-01 10:42:34] [TASK_1] [WARNING] ⚠ VNM has 6.2% fewer trading days than expected (60 vs 64 expected). Check for missing data.
[2026-07-01 10:42:34] [TASK_1] [WARNING] Failed tickers: FPT, VCB
[2026-07-01 10:42:34] [TASK_1] [INFO] ============================================================
[2026-07-01 10:42:34] [TASK_1] [INFO] PRICE COLLECTION SUMMARY
[2026-07-01 10:42:34] [TASK_1] [INFO] ============================================================
[2026-07-01 10:42:34] [TASK_1] [INFO] Successfully collected: 1 tickers
[2026-07-01 10:42:34] [TASK_1] [INFO] Expected trading days (business-day calendar): 4
[2026-07-01 10:42:34] [TASK_1] [INFO] ------------------------------------------------------------
[2026-07-01 10:42:34] [TASK_1] [INFO] Ticker    Earliest      Latest    Days
[2026-07-01 10:42:34] [TASK_1] [INFO] ------------------------------------------------------------
[2026-07-01 10:42:34] [TASK_1] [INFO] VNM     2024-01-02  2024-01-02       1
[2026-07-01 10:42:34] [TASK_1] [WARNING] ⚠ VNM has 75.0% fewer trading days than expected (1 vs 4 expected). Check for missing data.
[2026-07-01 10:42:34] [TASK_1] [INFO] ------------------------------------------------------------
[2026-07-01 10:42:34] [TASK_1] [INFO] Total rows: 1 | Date range: 2024-01-02 to 2024-01-05
[2026-07-01 10:42:34] [TASK_1] [INFO] ============================================================
[2026-07-01 10:54:24] [TASK_1] [INFO] ============================================================
[2026-07-01 10:54:24] [TASK_1] [INFO] START TASK_1: Price Collection (vnstock OHLCV)
[2026-07-01 10:54:24] [TASK_1] [INFO] Timestamp: 2026-07-01T10:54:24.138881
[2026-07-01 10:54:24] [TASK_1] [INFO] ============================================================
[2026-07-01 10:54:24] [TASK_1] [ERROR] TASK FAILED: TASK_1 after 0.0 seconds
[2026-07-01 10:54:24] [TASK_1] [ERROR] Exception: Simulated failure
[2026-07-01 10:54:24] [TASK_1] [ERROR] Stack trace:
Traceback (most recent call last):
  File "C:\Users\User\KLTN_MASTER\pipeline\run_pipeline.py", line 659, in run_pipeline
    executor(config, task_logger, smoke_test=smoke_test)
  File "C:\Program Files\WindowsApps\PythonSoftwareFoundation.Python.3.10_3.10.3056.0_x64__qbz5n2kfra8p0\lib\unittest\mock.py", line 1114, in __call__
    return self._mock_call(*args, **kwargs)
  File "C:\Program Files\WindowsApps\PythonSoftwareFoundation.Python.3.10_3.10.3056.0_x64__qbz5n2kfra8p0\lib\unittest\mock.py", line 1118, in _mock_call
    return self._execute_mock_call(*args, **kwargs)
  File "C:\Program Files\WindowsApps\PythonSoftwareFoundation.Python.3.10_3.10.3056.0_x64__qbz5n2kfra8p0\lib\unittest\mock.py", line 1173, in _execute_mock_call
    raise effect
RuntimeError: Simulated failure

[2026-07-01 10:54:24] [TASK_1] [INFO] ============================================================
[2026-07-01 10:54:24] [TASK_1] [INFO] START TASK_1: Price Collection (vnstock OHLCV)
[2026-07-01 10:54:24] [TASK_1] [INFO] Timestamp: 2026-07-01T10:54:24.142936
[2026-07-01 10:54:24] [TASK_1] [INFO] ============================================================
[2026-07-01 10:54:24] [TASK_1] [ERROR] TASK FAILED: TASK_1 after 0.0 seconds
[2026-07-01 10:54:24] [TASK_1] [ERROR] Exception: Simulated failure
[2026-07-01 10:54:24] [TASK_1] [ERROR] Stack trace:
Traceback (most recent call last):
  File "C:\Users\User\KLTN_MASTER\pipeline\run_pipeline.py", line 659, in run_pipeline
    executor(config, task_logger, smoke_test=smoke_test)
  File "C:\Program Files\WindowsApps\PythonSoftwareFoundation.Python.3.10_3.10.3056.0_x64__qbz5n2kfra8p0\lib\unittest\mock.py", line 1114, in __call__
    return self._mock_call(*args, **kwargs)
  File "C:\Program Files\WindowsApps\PythonSoftwareFoundation.Python.3.10_3.10.3056.0_x64__qbz5n2kfra8p0\lib\unittest\mock.py", line 1118, in _mock_call
    return self._execute_mock_call(*args, **kwargs)
  File "C:\Program Files\WindowsApps\PythonSoftwareFoundation.Python.3.10_3.10.3056.0_x64__qbz5n2kfra8p0\lib\unittest\mock.py", line 1173, in _execute_mock_call
    raise effect
RuntimeError: Simulated failure

[2026-07-01 10:54:24] [TASK_1] [INFO] ============================================================
[2026-07-01 10:54:24] [TASK_1] [INFO] START TASK_1: Price Collection (vnstock OHLCV)
[2026-07-01 10:54:24] [TASK_1] [INFO] Timestamp: 2026-07-01T10:54:24.265997
[2026-07-01 10:54:24] [TASK_1] [INFO] ============================================================
[2026-07-01 10:54:24] [TASK_1] [INFO] ------------------------------------------------------------
[2026-07-01 10:54:24] [TASK_1] [INFO] END TASK_1 — completed in 0.0 seconds
[2026-07-01 10:54:24] [TASK_1] [INFO] ============================================================
[2026-07-01 10:54:25] [TASK_1] [INFO] ============================================================
[2026-07-01 10:54:25] [TASK_1] [INFO] START TASK_1: Price Collection (vnstock OHLCV)
[2026-07-01 10:54:25] [TASK_1] [INFO] Timestamp: 2026-07-01T10:54:25.005727
[2026-07-01 10:54:25] [TASK_1] [INFO] ============================================================
[2026-07-01 10:54:25] [TASK_1] [INFO] ------------------------------------------------------------
[2026-07-01 10:54:25] [TASK_1] [INFO] END TASK_1 — completed in 0.0 seconds
[2026-07-01 10:54:25] [TASK_1] [INFO] ============================================================
[2026-07-01 10:54:32] [TASK_1] [INFO] Validated 3 tickers total (3 VN30 + 0 expansion).
[2026-07-01 10:54:32] [TASK_1] [INFO] HOSE-80 expansion: 1 non-VN30 tickers included: INVALID
[2026-07-01 10:54:32] [TASK_1] [INFO] Validated 3 tickers total (2 VN30 + 1 expansion).
[2026-07-01 10:54:32] [TASK_1] [INFO] Validated 3 tickers total (3 VN30 + 0 expansion).
[2026-07-01 10:54:32] [TASK_1] [INFO] HOSE-80 expansion: 2 non-VN30 tickers included: INVALID1, INVALID2
[2026-07-01 10:54:32] [TASK_1] [INFO] Validated 2 tickers total (0 VN30 + 2 expansion).
[2026-07-01 10:54:32] [TASK_1] [INFO] Validated 30 tickers total (30 VN30 + 0 expansion).
[2026-07-01 10:54:32] [TASK_1] [WARNING] [2026-07-01 10:54:32] Error fetching VNM (attempt 1/3): API down
[2026-07-01 10:54:32] [TASK_1] [INFO] Retrying in 1s...
[2026-07-01 10:54:32] [TASK_1] [WARNING] [2026-07-01 10:54:32] Error fetching VNM (attempt 2/3): API down
[2026-07-01 10:54:32] [TASK_1] [INFO] Retrying in 2s...
[2026-07-01 10:54:32] [TASK_1] [WARNING] [2026-07-01 10:54:32] Error fetching VNM (attempt 3/3): API down
[2026-07-01 10:54:32] [TASK_1] [ERROR] [2026-07-01 10:54:32] Failed to fetch data for VNM after 3 attempts.
[2026-07-01 10:54:32] [TASK_1] [INFO] Fetched 2 rows for VNM (2024-01-02 to 2024-01-03).
[2026-07-01 10:54:32] [TASK_1] [WARNING] Empty data returned for VNM (attempt 1/3).
[2026-07-01 10:54:32] [TASK_1] [INFO] Retrying in 1s...
[2026-07-01 10:54:32] [TASK_1] [INFO] Fetched 1 rows for VNM (2024-01-02 to 2024-01-02).
[2026-07-01 10:54:32] [TASK_1] [INFO] ============================================================
[2026-07-01 10:54:32] [TASK_1] [INFO] TASK 1: Price Collection Started
[2026-07-01 10:54:32] [TASK_1] [INFO] Tickers: 1 | Date range: 2024-01-01 to 2024-01-10
[2026-07-01 10:54:32] [TASK_1] [INFO] ============================================================
[2026-07-01 10:54:32] [TASK_1] [INFO] Validated 1 tickers total (1 VN30 + 0 expansion).
[2026-07-01 10:54:32] [TASK_1] [INFO] Processing VNM (1/1)...
[2026-07-01 10:54:32] [TASK_1] [INFO] Saved VNM → C:\Users\User\AppData\Local\Temp\pytest-of-User\pytest-197\test_collect_prices_output_col0\prices\VNM.csv (2 rows)
[2026-07-01 10:54:32] [TASK_1] [INFO] Saved consolidated file → C:\Users\User\AppData\Local\Temp\pytest-of-User\pytest-197\test_collect_prices_output_col0\prices\all_vn30_prices.csv (2 rows, 1 tickers)
[2026-07-01 10:54:32] [TASK_1] [INFO] ============================================================
[2026-07-01 10:54:32] [TASK_1] [INFO] PRICE COLLECTION SUMMARY
[2026-07-01 10:54:32] [TASK_1] [INFO] ============================================================
[2026-07-01 10:54:32] [TASK_1] [INFO] Successfully collected: 1 tickers
[2026-07-01 10:54:32] [TASK_1] [INFO] Expected trading days (business-day calendar): 8
[2026-07-01 10:54:32] [TASK_1] [INFO] ------------------------------------------------------------
[2026-07-01 10:54:32] [TASK_1] [INFO] Ticker    Earliest      Latest    Days
[2026-07-01 10:54:32] [TASK_1] [INFO] ------------------------------------------------------------
[2026-07-01 10:54:32] [TASK_1] [INFO] VNM     2024-01-02  2024-01-03       2
[2026-07-01 10:54:32] [TASK_1] [WARNING] ⚠ VNM has 75.0% fewer trading days than expected (2 vs 8 expected). Check for missing data.
[2026-07-01 10:54:32] [TASK_1] [INFO] ------------------------------------------------------------
[2026-07-01 10:54:32] [TASK_1] [INFO] Total rows: 2 | Date range: 2024-01-01 to 2024-01-10
[2026-07-01 10:54:32] [TASK_1] [INFO] ============================================================
[2026-07-01 10:54:32] [TASK_1] [INFO] ============================================================
[2026-07-01 10:54:32] [TASK_1] [INFO] TASK 1: Price Collection Started
[2026-07-01 10:54:32] [TASK_1] [INFO] Tickers: 2 | Date range: 2024-01-01 to 2024-01-10
[2026-07-01 10:54:32] [TASK_1] [INFO] ============================================================
[2026-07-01 10:54:32] [TASK_1] [INFO] Validated 2 tickers total (2 VN30 + 0 expansion).
[2026-07-01 10:54:32] [TASK_1] [INFO] Processing VNM (1/2)...
[2026-07-01 10:54:32] [TASK_1] [INFO] Saved VNM → C:\Users\User\AppData\Local\Temp\pytest-of-User\pytest-197\test_individual_ticker_csv_sav0\prices\VNM.csv (1 rows)
[2026-07-01 10:54:33] [TASK_1] [INFO] Processing FPT (2/2)...
[2026-07-01 10:54:33] [TASK_1] [INFO] Saved FPT → C:\Users\User\AppData\Local\Temp\pytest-of-User\pytest-197\test_individual_ticker_csv_sav0\prices\FPT.csv (1 rows)
[2026-07-01 10:54:33] [TASK_1] [INFO] Saved consolidated file → C:\Users\User\AppData\Local\Temp\pytest-of-User\pytest-197\test_individual_ticker_csv_sav0\prices\all_vn30_prices.csv (2 rows, 2 tickers)
[2026-07-01 10:54:33] [TASK_1] [INFO] ============================================================
[2026-07-01 10:54:33] [TASK_1] [INFO] PRICE COLLECTION SUMMARY
[2026-07-01 10:54:33] [TASK_1] [INFO] ============================================================
[2026-07-01 10:54:33] [TASK_1] [INFO] Successfully collected: 2 tickers
[2026-07-01 10:54:33] [TASK_1] [INFO] Expected trading days (business-day calendar): 8
[2026-07-01 10:54:33] [TASK_1] [INFO] ------------------------------------------------------------
[2026-07-01 10:54:33] [TASK_1] [INFO] Ticker    Earliest      Latest    Days
[2026-07-01 10:54:33] [TASK_1] [INFO] ------------------------------------------------------------
[2026-07-01 10:54:33] [TASK_1] [INFO] FPT     2024-01-02  2024-01-02       1
[2026-07-01 10:54:33] [TASK_1] [WARNING] ⚠ FPT has 87.5% fewer trading days than expected (1 vs 8 expected). Check for missing data.
[2026-07-01 10:54:33] [TASK_1] [INFO] VNM     2024-01-02  2024-01-02       1
[2026-07-01 10:54:33] [TASK_1] [WARNING] ⚠ VNM has 87.5% fewer trading days than expected (1 vs 8 expected). Check for missing data.
[2026-07-01 10:54:33] [TASK_1] [INFO] ------------------------------------------------------------
[2026-07-01 10:54:33] [TASK_1] [INFO] Total rows: 2 | Date range: 2024-01-01 to 2024-01-10
[2026-07-01 10:54:33] [TASK_1] [INFO] ============================================================
[2026-07-01 10:54:33] [TASK_1] [INFO] ============================================================
[2026-07-01 10:54:33] [TASK_1] [INFO] TASK 1: Price Collection Started
[2026-07-01 10:54:33] [TASK_1] [INFO] Tickers: 2 | Date range: 2024-01-01 to 2024-01-10
[2026-07-01 10:54:33] [TASK_1] [INFO] ============================================================
[2026-07-01 10:54:33] [TASK_1] [INFO] Validated 2 tickers total (2 VN30 + 0 expansion).
[2026-07-01 10:54:33] [TASK_1] [INFO] Processing VNM (1/2)...
[2026-07-01 10:54:33] [TASK_1] [INFO] Saved VNM → C:\Users\User\AppData\Local\Temp\pytest-of-User\pytest-197\test_consolidated_csv_has_tick0\prices\VNM.csv (1 rows)
[2026-07-01 10:54:33] [TASK_1] [INFO] Processing FPT (2/2)...
[2026-07-01 10:54:33] [TASK_1] [INFO] Saved FPT → C:\Users\User\AppData\Local\Temp\pytest-of-User\pytest-197\test_consolidated_csv_has_tick0\prices\FPT.csv (1 rows)
[2026-07-01 10:54:33] [TASK_1] [INFO] Saved consolidated file → C:\Users\User\AppData\Local\Temp\pytest-of-User\pytest-197\test_consolidated_csv_has_tick0\prices\all_vn30_prices.csv (2 rows, 2 tickers)
[2026-07-01 10:54:33] [TASK_1] [INFO] ============================================================
[2026-07-01 10:54:33] [TASK_1] [INFO] PRICE COLLECTION SUMMARY
[2026-07-01 10:54:33] [TASK_1] [INFO] ============================================================
[2026-07-01 10:54:33] [TASK_1] [INFO] Successfully collected: 2 tickers
[2026-07-01 10:54:33] [TASK_1] [INFO] Expected trading days (business-day calendar): 8
[2026-07-01 10:54:33] [TASK_1] [INFO] ------------------------------------------------------------
[2026-07-01 10:54:33] [TASK_1] [INFO] Ticker    Earliest      Latest    Days
[2026-07-01 10:54:33] [TASK_1] [INFO] ------------------------------------------------------------
[2026-07-01 10:54:33] [TASK_1] [INFO] FPT     2024-01-02  2024-01-02       1
[2026-07-01 10:54:33] [TASK_1] [WARNING] ⚠ FPT has 87.5% fewer trading days than expected (1 vs 8 expected). Check for missing data.
[2026-07-01 10:54:33] [TASK_1] [INFO] VNM     2024-01-02  2024-01-02       1
[2026-07-01 10:54:33] [TASK_1] [WARNING] ⚠ VNM has 87.5% fewer trading days than expected (1 vs 8 expected). Check for missing data.
[2026-07-01 10:54:33] [TASK_1] [INFO] ------------------------------------------------------------
[2026-07-01 10:54:33] [TASK_1] [INFO] Total rows: 2 | Date range: 2024-01-01 to 2024-01-10
[2026-07-01 10:54:33] [TASK_1] [INFO] ============================================================
[2026-07-01 10:54:33] [TASK_1] [INFO] ============================================================
[2026-07-01 10:54:33] [TASK_1] [INFO] TASK 1: Price Collection Started
[2026-07-01 10:54:33] [TASK_1] [INFO] Tickers: 1 | Date range: 2024-01-01 to 2024-01-10
[2026-07-01 10:54:33] [TASK_1] [INFO] ============================================================
[2026-07-01 10:54:33] [TASK_1] [INFO] Validated 1 tickers total (1 VN30 + 0 expansion).
[2026-07-01 10:54:33] [TASK_1] [INFO] Processing VNM (1/1)...
[2026-07-01 10:54:33] [TASK_1] [ERROR] [2026-07-01 10:54:33] FAILED: VNM — no data collected. Continuing with remaining tickers.
[2026-07-01 10:54:33] [TASK_1] [INFO] ============================================================
[2026-07-01 10:54:33] [TASK_1] [INFO] TASK 1: Price Collection Started
[2026-07-01 10:54:33] [TASK_1] [INFO] Tickers: 2 | Date range: 2024-01-01 to 2024-01-10
[2026-07-01 10:54:33] [TASK_1] [INFO] ============================================================
[2026-07-01 10:54:33] [TASK_1] [INFO] Validated 2 tickers total (2 VN30 + 0 expansion).
[2026-07-01 10:54:33] [TASK_1] [INFO] Processing VNM (1/2)...
[2026-07-01 10:54:33] [TASK_1] [INFO] Saved VNM → C:\Users\User\AppData\Local\Temp\pytest-of-User\pytest-197\test_partial_failure_continues0\prices\VNM.csv (1 rows)
[2026-07-01 10:54:34] [TASK_1] [INFO] Processing FPT (2/2)...
[2026-07-01 10:54:34] [TASK_1] [ERROR] [2026-07-01 10:54:34] FAILED: FPT — no data collected. Continuing with remaining tickers.
[2026-07-01 10:54:34] [TASK_1] [INFO] Saved consolidated file → C:\Users\User\AppData\Local\Temp\pytest-of-User\pytest-197\test_partial_failure_continues0\prices\all_vn30_prices.csv (1 rows, 1 tickers)
[2026-07-01 10:54:34] [TASK_1] [INFO] ============================================================
[2026-07-01 10:54:34] [TASK_1] [INFO] PRICE COLLECTION SUMMARY
[2026-07-01 10:54:34] [TASK_1] [INFO] ============================================================
[2026-07-01 10:54:34] [TASK_1] [INFO] Successfully collected: 1 tickers
[2026-07-01 10:54:34] [TASK_1] [WARNING] Failed tickers: FPT
[2026-07-01 10:54:34] [TASK_1] [INFO] Expected trading days (business-day calendar): 8
[2026-07-01 10:54:34] [TASK_1] [INFO] ------------------------------------------------------------
[2026-07-01 10:54:34] [TASK_1] [INFO] Ticker    Earliest      Latest    Days
[2026-07-01 10:54:34] [TASK_1] [INFO] ------------------------------------------------------------
[2026-07-01 10:54:34] [TASK_1] [INFO] VNM     2024-01-02  2024-01-02       1
[2026-07-01 10:54:34] [TASK_1] [WARNING] ⚠ VNM has 87.5% fewer trading days than expected (1 vs 8 expected). Check for missing data.
[2026-07-01 10:54:34] [TASK_1] [INFO] ------------------------------------------------------------
[2026-07-01 10:54:34] [TASK_1] [INFO] Total rows: 1 | Date range: 2024-01-01 to 2024-01-10
[2026-07-01 10:54:34] [TASK_1] [INFO] ============================================================
[2026-07-01 10:54:34] [TASK_1] [WARNING] [2026-07-01 10:54:34] Error fetching VNM (attempt 1/3): API down
[2026-07-01 10:54:34] [TASK_1] [WARNING] [2026-07-01 10:54:34] Error fetching VNM (attempt 2/3): API down
[2026-07-01 10:54:34] [TASK_1] [WARNING] [2026-07-01 10:54:34] Error fetching VNM (attempt 3/3): API down
[2026-07-01 10:54:34] [TASK_1] [ERROR] [2026-07-01 10:54:34] Failed to fetch data for VNM after 3 attempts.
[2026-07-01 10:54:34] [TASK_1] [WARNING] [2026-07-01 10:54:34] Error fetching VNM (attempt 1/3): API down
[2026-07-01 10:54:34] [TASK_1] [WARNING] [2026-07-01 10:54:34] Error fetching VNM (attempt 2/3): API down
[2026-07-01 10:54:34] [TASK_1] [WARNING] [2026-07-01 10:54:34] Error fetching VNM (attempt 3/3): API down
[2026-07-01 10:54:34] [TASK_1] [ERROR] [2026-07-01 10:54:34] Failed to fetch data for VNM after 3 attempts.
[2026-07-01 10:54:34] [TASK_1] [INFO] ============================================================
[2026-07-01 10:54:34] [TASK_1] [INFO] TASK 1: Price Collection Started
[2026-07-01 10:54:34] [TASK_1] [INFO] Tickers: 3 | Date range: 2024-01-01 to 2024-01-10
[2026-07-01 10:54:34] [TASK_1] [INFO] ============================================================
[2026-07-01 10:54:34] [TASK_1] [INFO] Validated 3 tickers total (3 VN30 + 0 expansion).
[2026-07-01 10:54:34] [TASK_1] [INFO] Processing VNM (1/3)...
[2026-07-01 10:54:34] [TASK_1] [ERROR] [2026-07-01 10:54:34] FAILED: VNM — no data collected. Continuing with remaining tickers.
[2026-07-01 10:54:34] [TASK_1] [INFO] Processing VCB (2/3)...
[2026-07-01 10:54:34] [TASK_1] [INFO] Saved VCB → C:\Users\User\AppData\Local\Temp\pytest-of-User\pytest-197\test_continues_after_ticker_fa0\prices\VCB.csv (2 rows)
[2026-07-01 10:54:35] [TASK_1] [INFO] Processing FPT (3/3)...
[2026-07-01 10:54:35] [TASK_1] [INFO] Saved FPT → C:\Users\User\AppData\Local\Temp\pytest-of-User\pytest-197\test_continues_after_ticker_fa0\prices\FPT.csv (2 rows)
[2026-07-01 10:54:35] [TASK_1] [INFO] Saved consolidated file → C:\Users\User\AppData\Local\Temp\pytest-of-User\pytest-197\test_continues_after_ticker_fa0\prices\all_vn30_prices.csv (4 rows, 2 tickers)
[2026-07-01 10:54:35] [TASK_1] [INFO] ============================================================
[2026-07-01 10:54:35] [TASK_1] [INFO] PRICE COLLECTION SUMMARY
[2026-07-01 10:54:35] [TASK_1] [INFO] ============================================================
[2026-07-01 10:54:35] [TASK_1] [INFO] Successfully collected: 2 tickers
[2026-07-01 10:54:35] [TASK_1] [WARNING] Failed tickers: VNM
[2026-07-01 10:54:35] [TASK_1] [INFO] Expected trading days (business-day calendar): 8
[2026-07-01 10:54:35] [TASK_1] [INFO] ------------------------------------------------------------
[2026-07-01 10:54:35] [TASK_1] [INFO] Ticker    Earliest      Latest    Days
[2026-07-01 10:54:35] [TASK_1] [INFO] ------------------------------------------------------------
[2026-07-01 10:54:35] [TASK_1] [INFO] FPT     2024-01-02  2024-01-03       2
[2026-07-01 10:54:35] [TASK_1] [WARNING] ⚠ FPT has 75.0% fewer trading days than expected (2 vs 8 expected). Check for missing data.
[2026-07-01 10:54:35] [TASK_1] [INFO] VCB     2024-01-02  2024-01-03       2
[2026-07-01 10:54:35] [TASK_1] [WARNING] ⚠ VCB has 75.0% fewer trading days than expected (2 vs 8 expected). Check for missing data.
[2026-07-01 10:54:35] [TASK_1] [INFO] ------------------------------------------------------------
[2026-07-01 10:54:35] [TASK_1] [INFO] Total rows: 4 | Date range: 2024-01-01 to 2024-01-10
[2026-07-01 10:54:35] [TASK_1] [INFO] ============================================================
[2026-07-01 10:54:35] [TASK_1] [ERROR] [2026-07-01 10:54:35] FAILED: FPT — no data collected. Continuing with remaining tickers.
[2026-07-01 10:54:35] [TASK_1] [WARNING] Failed tickers: FPT
[2026-07-01 10:54:35] [TASK_1] [WARNING] ⚠ VNM has 87.5% fewer trading days than expected (1 vs 8 expected). Check for missing data.
[2026-07-01 10:54:35] [TASK_1] [INFO] ============================================================
[2026-07-01 10:54:35] [TASK_1] [INFO] PRICE COLLECTION SUMMARY
[2026-07-01 10:54:35] [TASK_1] [INFO] ============================================================
[2026-07-01 10:54:35] [TASK_1] [INFO] Successfully collected: 2 tickers
[2026-07-01 10:54:35] [TASK_1] [INFO] Expected trading days (business-day calendar): 3
[2026-07-01 10:54:35] [TASK_1] [INFO] ------------------------------------------------------------
[2026-07-01 10:54:35] [TASK_1] [INFO] Ticker    Earliest      Latest    Days
[2026-07-01 10:54:35] [TASK_1] [INFO] ------------------------------------------------------------
[2026-07-01 10:54:35] [TASK_1] [INFO] FPT     2024-01-02  2024-01-03       2
[2026-07-01 10:54:35] [TASK_1] [WARNING] ⚠ FPT has 33.3% fewer trading days than expected (2 vs 3 expected). Check for missing data.
[2026-07-01 10:54:35] [TASK_1] [INFO] VNM     2024-01-02  2024-01-04       3
[2026-07-01 10:54:35] [TASK_1] [INFO] ------------------------------------------------------------
[2026-07-01 10:54:35] [TASK_1] [INFO] Total rows: 5 | Date range: 2024-01-02 to 2024-01-04
[2026-07-01 10:54:35] [TASK_1] [INFO] ============================================================
[2026-07-01 10:54:35] [TASK_1] [WARNING] ⚠ FPT has 53.1% fewer trading days than expected (30 vs 64 expected). Check for missing data.
[2026-07-01 10:54:35] [TASK_1] [WARNING] ⚠ VNM has 6.2% fewer trading days than expected (60 vs 64 expected). Check for missing data.
[2026-07-01 10:54:35] [TASK_1] [WARNING] Failed tickers: FPT, VCB
[2026-07-01 10:54:35] [TASK_1] [INFO] ============================================================
[2026-07-01 10:54:35] [TASK_1] [INFO] PRICE COLLECTION SUMMARY
[2026-07-01 10:54:35] [TASK_1] [INFO] ============================================================
[2026-07-01 10:54:35] [TASK_1] [INFO] Successfully collected: 1 tickers
[2026-07-01 10:54:35] [TASK_1] [INFO] Expected trading days (business-day calendar): 4
[2026-07-01 10:54:35] [TASK_1] [INFO] ------------------------------------------------------------
[2026-07-01 10:54:35] [TASK_1] [INFO] Ticker    Earliest      Latest    Days
[2026-07-01 10:54:35] [TASK_1] [INFO] ------------------------------------------------------------
[2026-07-01 10:54:35] [TASK_1] [INFO] VNM     2024-01-02  2024-01-02       1
[2026-07-01 10:54:35] [TASK_1] [WARNING] ⚠ VNM has 75.0% fewer trading days than expected (1 vs 4 expected). Check for missing data.
[2026-07-01 10:54:35] [TASK_1] [INFO] ------------------------------------------------------------
[2026-07-01 10:54:35] [TASK_1] [INFO] Total rows: 1 | Date range: 2024-01-02 to 2024-01-05
[2026-07-01 10:54:35] [TASK_1] [INFO] ============================================================
[2026-07-01 11:35:24] [TASK_1] [INFO] ============================================================
[2026-07-01 11:35:24] [TASK_1] [INFO] START TASK_1: Price Collection (vnstock OHLCV)
[2026-07-01 11:35:24] [TASK_1] [INFO] Timestamp: 2026-07-01T11:35:24.752723
[2026-07-01 11:35:24] [TASK_1] [INFO] ============================================================
[2026-07-01 11:35:24] [TASK_1] [ERROR] TASK FAILED: TASK_1 after 0.0 seconds
[2026-07-01 11:35:24] [TASK_1] [ERROR] Exception: Simulated failure
[2026-07-01 11:35:24] [TASK_1] [ERROR] Stack trace:
Traceback (most recent call last):
  File "C:\Users\User\KLTN_MASTER\pipeline\run_pipeline.py", line 659, in run_pipeline
    executor(config, task_logger, smoke_test=smoke_test)
  File "C:\Program Files\WindowsApps\PythonSoftwareFoundation.Python.3.10_3.10.3056.0_x64__qbz5n2kfra8p0\lib\unittest\mock.py", line 1114, in __call__
    return self._mock_call(*args, **kwargs)
  File "C:\Program Files\WindowsApps\PythonSoftwareFoundation.Python.3.10_3.10.3056.0_x64__qbz5n2kfra8p0\lib\unittest\mock.py", line 1118, in _mock_call
    return self._execute_mock_call(*args, **kwargs)
  File "C:\Program Files\WindowsApps\PythonSoftwareFoundation.Python.3.10_3.10.3056.0_x64__qbz5n2kfra8p0\lib\unittest\mock.py", line 1173, in _execute_mock_call
    raise effect
RuntimeError: Simulated failure

[2026-07-01 11:35:24] [TASK_1] [INFO] ============================================================
[2026-07-01 11:35:24] [TASK_1] [INFO] START TASK_1: Price Collection (vnstock OHLCV)
[2026-07-01 11:35:24] [TASK_1] [INFO] Timestamp: 2026-07-01T11:35:24.768598
[2026-07-01 11:35:24] [TASK_1] [INFO] ============================================================
[2026-07-01 11:35:24] [TASK_1] [ERROR] TASK FAILED: TASK_1 after 0.0 seconds
[2026-07-01 11:35:24] [TASK_1] [ERROR] Exception: Simulated failure
[2026-07-01 11:35:24] [TASK_1] [ERROR] Stack trace:
Traceback (most recent call last):
  File "C:\Users\User\KLTN_MASTER\pipeline\run_pipeline.py", line 659, in run_pipeline
    executor(config, task_logger, smoke_test=smoke_test)
  File "C:\Program Files\WindowsApps\PythonSoftwareFoundation.Python.3.10_3.10.3056.0_x64__qbz5n2kfra8p0\lib\unittest\mock.py", line 1114, in __call__
    return self._mock_call(*args, **kwargs)
  File "C:\Program Files\WindowsApps\PythonSoftwareFoundation.Python.3.10_3.10.3056.0_x64__qbz5n2kfra8p0\lib\unittest\mock.py", line 1118, in _mock_call
    return self._execute_mock_call(*args, **kwargs)
  File "C:\Program Files\WindowsApps\PythonSoftwareFoundation.Python.3.10_3.10.3056.0_x64__qbz5n2kfra8p0\lib\unittest\mock.py", line 1173, in _execute_mock_call
    raise effect
RuntimeError: Simulated failure

[2026-07-01 11:35:24] [TASK_1] [INFO] ============================================================
[2026-07-01 11:35:24] [TASK_1] [INFO] START TASK_1: Price Collection (vnstock OHLCV)
[2026-07-01 11:35:24] [TASK_1] [INFO] Timestamp: 2026-07-01T11:35:24.900684
[2026-07-01 11:35:24] [TASK_1] [INFO] ============================================================
[2026-07-01 11:35:24] [TASK_1] [INFO] ------------------------------------------------------------
[2026-07-01 11:35:24] [TASK_1] [INFO] END TASK_1 — completed in 0.0 seconds
[2026-07-01 11:35:24] [TASK_1] [INFO] ============================================================
[2026-07-01 11:35:25] [TASK_1] [INFO] ============================================================
[2026-07-01 11:35:25] [TASK_1] [INFO] START TASK_1: Price Collection (vnstock OHLCV)
[2026-07-01 11:35:25] [TASK_1] [INFO] Timestamp: 2026-07-01T11:35:25.596651
[2026-07-01 11:35:25] [TASK_1] [INFO] ============================================================
[2026-07-01 11:35:25] [TASK_1] [INFO] ------------------------------------------------------------
[2026-07-01 11:35:25] [TASK_1] [INFO] END TASK_1 — completed in 0.0 seconds
[2026-07-01 11:35:25] [TASK_1] [INFO] ============================================================
[2026-07-01 11:35:32] [TASK_1] [INFO] Validated 3 tickers total (3 VN30 + 0 expansion).
[2026-07-01 11:35:32] [TASK_1] [INFO] HOSE-80 expansion: 1 non-VN30 tickers included: INVALID
[2026-07-01 11:35:32] [TASK_1] [INFO] Validated 3 tickers total (2 VN30 + 1 expansion).
[2026-07-01 11:35:32] [TASK_1] [INFO] Validated 3 tickers total (3 VN30 + 0 expansion).
[2026-07-01 11:35:32] [TASK_1] [INFO] HOSE-80 expansion: 2 non-VN30 tickers included: INVALID1, INVALID2
[2026-07-01 11:35:32] [TASK_1] [INFO] Validated 2 tickers total (0 VN30 + 2 expansion).
[2026-07-01 11:35:32] [TASK_1] [INFO] Validated 30 tickers total (30 VN30 + 0 expansion).
[2026-07-01 11:35:32] [TASK_1] [WARNING] [2026-07-01 11:35:32] Error fetching VNM (attempt 1/3): API down
[2026-07-01 11:35:32] [TASK_1] [INFO] Retrying in 1s...
[2026-07-01 11:35:32] [TASK_1] [WARNING] [2026-07-01 11:35:32] Error fetching VNM (attempt 2/3): API down
[2026-07-01 11:35:32] [TASK_1] [INFO] Retrying in 2s...
[2026-07-01 11:35:32] [TASK_1] [WARNING] [2026-07-01 11:35:32] Error fetching VNM (attempt 3/3): API down
[2026-07-01 11:35:32] [TASK_1] [ERROR] [2026-07-01 11:35:32] Failed to fetch data for VNM after 3 attempts.
[2026-07-01 11:35:32] [TASK_1] [INFO] Fetched 2 rows for VNM (2024-01-02 to 2024-01-03).
[2026-07-01 11:35:32] [TASK_1] [WARNING] Empty data returned for VNM (attempt 1/3).
[2026-07-01 11:35:32] [TASK_1] [INFO] Retrying in 1s...
[2026-07-01 11:35:32] [TASK_1] [INFO] Fetched 1 rows for VNM (2024-01-02 to 2024-01-02).
[2026-07-01 11:35:32] [TASK_1] [INFO] ============================================================
[2026-07-01 11:35:32] [TASK_1] [INFO] TASK 1: Price Collection Started
[2026-07-01 11:35:32] [TASK_1] [INFO] Tickers: 1 | Date range: 2024-01-01 to 2024-01-10
[2026-07-01 11:35:32] [TASK_1] [INFO] ============================================================
[2026-07-01 11:35:32] [TASK_1] [INFO] Validated 1 tickers total (1 VN30 + 0 expansion).
[2026-07-01 11:35:32] [TASK_1] [INFO] Processing VNM (1/1)...
[2026-07-01 11:35:32] [TASK_1] [INFO] Saved VNM → C:\Users\User\AppData\Local\Temp\pytest-of-User\pytest-201\test_collect_prices_output_col0\prices\VNM.csv (2 rows)
[2026-07-01 11:35:32] [TASK_1] [INFO] Saved consolidated file → C:\Users\User\AppData\Local\Temp\pytest-of-User\pytest-201\test_collect_prices_output_col0\prices\all_vn30_prices.csv (2 rows, 1 tickers)
[2026-07-01 11:35:32] [TASK_1] [INFO] ============================================================
[2026-07-01 11:35:32] [TASK_1] [INFO] PRICE COLLECTION SUMMARY
[2026-07-01 11:35:32] [TASK_1] [INFO] ============================================================
[2026-07-01 11:35:32] [TASK_1] [INFO] Successfully collected: 1 tickers
[2026-07-01 11:35:32] [TASK_1] [INFO] Expected trading days (business-day calendar): 8
[2026-07-01 11:35:32] [TASK_1] [INFO] ------------------------------------------------------------
[2026-07-01 11:35:32] [TASK_1] [INFO] Ticker    Earliest      Latest    Days
[2026-07-01 11:35:32] [TASK_1] [INFO] ------------------------------------------------------------
[2026-07-01 11:35:32] [TASK_1] [INFO] VNM     2024-01-02  2024-01-03       2
[2026-07-01 11:35:32] [TASK_1] [WARNING] ⚠ VNM has 75.0% fewer trading days than expected (2 vs 8 expected). Check for missing data.
[2026-07-01 11:35:32] [TASK_1] [INFO] ------------------------------------------------------------
[2026-07-01 11:35:32] [TASK_1] [INFO] Total rows: 2 | Date range: 2024-01-01 to 2024-01-10
[2026-07-01 11:35:32] [TASK_1] [INFO] ============================================================
[2026-07-01 11:35:32] [TASK_1] [INFO] ============================================================
[2026-07-01 11:35:32] [TASK_1] [INFO] TASK 1: Price Collection Started
[2026-07-01 11:35:32] [TASK_1] [INFO] Tickers: 2 | Date range: 2024-01-01 to 2024-01-10
[2026-07-01 11:35:32] [TASK_1] [INFO] ============================================================
[2026-07-01 11:35:32] [TASK_1] [INFO] Validated 2 tickers total (2 VN30 + 0 expansion).
[2026-07-01 11:35:32] [TASK_1] [INFO] Processing VNM (1/2)...
[2026-07-01 11:35:32] [TASK_1] [INFO] Saved VNM → C:\Users\User\AppData\Local\Temp\pytest-of-User\pytest-201\test_individual_ticker_csv_sav0\prices\VNM.csv (1 rows)
[2026-07-01 11:35:33] [TASK_1] [INFO] Processing FPT (2/2)...
[2026-07-01 11:35:33] [TASK_1] [INFO] Saved FPT → C:\Users\User\AppData\Local\Temp\pytest-of-User\pytest-201\test_individual_ticker_csv_sav0\prices\FPT.csv (1 rows)
[2026-07-01 11:35:33] [TASK_1] [INFO] Saved consolidated file → C:\Users\User\AppData\Local\Temp\pytest-of-User\pytest-201\test_individual_ticker_csv_sav0\prices\all_vn30_prices.csv (2 rows, 2 tickers)
[2026-07-01 11:35:33] [TASK_1] [INFO] ============================================================
[2026-07-01 11:35:33] [TASK_1] [INFO] PRICE COLLECTION SUMMARY
[2026-07-01 11:35:33] [TASK_1] [INFO] ============================================================
[2026-07-01 11:35:33] [TASK_1] [INFO] Successfully collected: 2 tickers
[2026-07-01 11:35:33] [TASK_1] [INFO] Expected trading days (business-day calendar): 8
[2026-07-01 11:35:33] [TASK_1] [INFO] ------------------------------------------------------------
[2026-07-01 11:35:33] [TASK_1] [INFO] Ticker    Earliest      Latest    Days
[2026-07-01 11:35:33] [TASK_1] [INFO] ------------------------------------------------------------
[2026-07-01 11:35:33] [TASK_1] [INFO] FPT     2024-01-02  2024-01-02       1
[2026-07-01 11:35:33] [TASK_1] [WARNING] ⚠ FPT has 87.5% fewer trading days than expected (1 vs 8 expected). Check for missing data.
[2026-07-01 11:35:33] [TASK_1] [INFO] VNM     2024-01-02  2024-01-02       1
[2026-07-01 11:35:33] [TASK_1] [WARNING] ⚠ VNM has 87.5% fewer trading days than expected (1 vs 8 expected). Check for missing data.
[2026-07-01 11:35:33] [TASK_1] [INFO] ------------------------------------------------------------
[2026-07-01 11:35:33] [TASK_1] [INFO] Total rows: 2 | Date range: 2024-01-01 to 2024-01-10
[2026-07-01 11:35:33] [TASK_1] [INFO] ============================================================
[2026-07-01 11:35:33] [TASK_1] [INFO] ============================================================
[2026-07-01 11:35:33] [TASK_1] [INFO] TASK 1: Price Collection Started
[2026-07-01 11:35:33] [TASK_1] [INFO] Tickers: 2 | Date range: 2024-01-01 to 2024-01-10
[2026-07-01 11:35:33] [TASK_1] [INFO] ============================================================
[2026-07-01 11:35:33] [TASK_1] [INFO] Validated 2 tickers total (2 VN30 + 0 expansion).
[2026-07-01 11:35:33] [TASK_1] [INFO] Processing VNM (1/2)...
[2026-07-01 11:35:33] [TASK_1] [INFO] Saved VNM → C:\Users\User\AppData\Local\Temp\pytest-of-User\pytest-201\test_consolidated_csv_has_tick0\prices\VNM.csv (1 rows)
[2026-07-01 11:35:33] [TASK_1] [INFO] Processing FPT (2/2)...
[2026-07-01 11:35:33] [TASK_1] [INFO] Saved FPT → C:\Users\User\AppData\Local\Temp\pytest-of-User\pytest-201\test_consolidated_csv_has_tick0\prices\FPT.csv (1 rows)
[2026-07-01 11:35:33] [TASK_1] [INFO] Saved consolidated file → C:\Users\User\AppData\Local\Temp\pytest-of-User\pytest-201\test_consolidated_csv_has_tick0\prices\all_vn30_prices.csv (2 rows, 2 tickers)
[2026-07-01 11:35:33] [TASK_1] [INFO] ============================================================
[2026-07-01 11:35:33] [TASK_1] [INFO] PRICE COLLECTION SUMMARY
[2026-07-01 11:35:33] [TASK_1] [INFO] ============================================================
[2026-07-01 11:35:33] [TASK_1] [INFO] Successfully collected: 2 tickers
[2026-07-01 11:35:33] [TASK_1] [INFO] Expected trading days (business-day calendar): 8
[2026-07-01 11:35:33] [TASK_1] [INFO] ------------------------------------------------------------
[2026-07-01 11:35:33] [TASK_1] [INFO] Ticker    Earliest      Latest    Days
[2026-07-01 11:35:33] [TASK_1] [INFO] ------------------------------------------------------------
[2026-07-01 11:35:33] [TASK_1] [INFO] FPT     2024-01-02  2024-01-02       1
[2026-07-01 11:35:33] [TASK_1] [WARNING] ⚠ FPT has 87.5% fewer trading days than expected (1 vs 8 expected). Check for missing data.
[2026-07-01 11:35:33] [TASK_1] [INFO] VNM     2024-01-02  2024-01-02       1
[2026-07-01 11:35:33] [TASK_1] [WARNING] ⚠ VNM has 87.5% fewer trading days than expected (1 vs 8 expected). Check for missing data.
[2026-07-01 11:35:33] [TASK_1] [INFO] ------------------------------------------------------------
[2026-07-01 11:35:33] [TASK_1] [INFO] Total rows: 2 | Date range: 2024-01-01 to 2024-01-10
[2026-07-01 11:35:33] [TASK_1] [INFO] ============================================================
[2026-07-01 11:35:33] [TASK_1] [INFO] ============================================================
[2026-07-01 11:35:33] [TASK_1] [INFO] TASK 1: Price Collection Started
[2026-07-01 11:35:33] [TASK_1] [INFO] Tickers: 1 | Date range: 2024-01-01 to 2024-01-10
[2026-07-01 11:35:33] [TASK_1] [INFO] ============================================================
[2026-07-01 11:35:33] [TASK_1] [INFO] Validated 1 tickers total (1 VN30 + 0 expansion).
[2026-07-01 11:35:33] [TASK_1] [INFO] Processing VNM (1/1)...
[2026-07-01 11:35:33] [TASK_1] [ERROR] [2026-07-01 11:35:33] FAILED: VNM — no data collected. Continuing with remaining tickers.
[2026-07-01 11:35:33] [TASK_1] [INFO] ============================================================
[2026-07-01 11:35:33] [TASK_1] [INFO] TASK 1: Price Collection Started
[2026-07-01 11:35:33] [TASK_1] [INFO] Tickers: 2 | Date range: 2024-01-01 to 2024-01-10
[2026-07-01 11:35:33] [TASK_1] [INFO] ============================================================
[2026-07-01 11:35:33] [TASK_1] [INFO] Validated 2 tickers total (2 VN30 + 0 expansion).
[2026-07-01 11:35:33] [TASK_1] [INFO] Processing VNM (1/2)...
[2026-07-01 11:35:33] [TASK_1] [INFO] Saved VNM → C:\Users\User\AppData\Local\Temp\pytest-of-User\pytest-201\test_partial_failure_continues0\prices\VNM.csv (1 rows)
[2026-07-01 11:35:34] [TASK_1] [INFO] Processing FPT (2/2)...
[2026-07-01 11:35:34] [TASK_1] [ERROR] [2026-07-01 11:35:34] FAILED: FPT — no data collected. Continuing with remaining tickers.
[2026-07-01 11:35:34] [TASK_1] [INFO] Saved consolidated file → C:\Users\User\AppData\Local\Temp\pytest-of-User\pytest-201\test_partial_failure_continues0\prices\all_vn30_prices.csv (1 rows, 1 tickers)
[2026-07-01 11:35:34] [TASK_1] [INFO] ============================================================
[2026-07-01 11:35:34] [TASK_1] [INFO] PRICE COLLECTION SUMMARY
[2026-07-01 11:35:34] [TASK_1] [INFO] ============================================================
[2026-07-01 11:35:34] [TASK_1] [INFO] Successfully collected: 1 tickers
[2026-07-01 11:35:34] [TASK_1] [WARNING] Failed tickers: FPT
[2026-07-01 11:35:34] [TASK_1] [INFO] Expected trading days (business-day calendar): 8
[2026-07-01 11:35:34] [TASK_1] [INFO] ------------------------------------------------------------
[2026-07-01 11:35:34] [TASK_1] [INFO] Ticker    Earliest      Latest    Days
[2026-07-01 11:35:34] [TASK_1] [INFO] ------------------------------------------------------------
[2026-07-01 11:35:34] [TASK_1] [INFO] VNM     2024-01-02  2024-01-02       1
[2026-07-01 11:35:34] [TASK_1] [WARNING] ⚠ VNM has 87.5% fewer trading days than expected (1 vs 8 expected). Check for missing data.
[2026-07-01 11:35:34] [TASK_1] [INFO] ------------------------------------------------------------
[2026-07-01 11:35:34] [TASK_1] [INFO] Total rows: 1 | Date range: 2024-01-01 to 2024-01-10
[2026-07-01 11:35:34] [TASK_1] [INFO] ============================================================
[2026-07-01 11:35:34] [TASK_1] [WARNING] [2026-07-01 11:35:34] Error fetching VNM (attempt 1/3): API down
[2026-07-01 11:35:34] [TASK_1] [WARNING] [2026-07-01 11:35:34] Error fetching VNM (attempt 2/3): API down
[2026-07-01 11:35:34] [TASK_1] [WARNING] [2026-07-01 11:35:34] Error fetching VNM (attempt 3/3): API down
[2026-07-01 11:35:34] [TASK_1] [ERROR] [2026-07-01 11:35:34] Failed to fetch data for VNM after 3 attempts.
[2026-07-01 11:35:34] [TASK_1] [WARNING] [2026-07-01 11:35:34] Error fetching VNM (attempt 1/3): API down
[2026-07-01 11:35:34] [TASK_1] [WARNING] [2026-07-01 11:35:34] Error fetching VNM (attempt 2/3): API down
[2026-07-01 11:35:34] [TASK_1] [WARNING] [2026-07-01 11:35:34] Error fetching VNM (attempt 3/3): API down
[2026-07-01 11:35:34] [TASK_1] [ERROR] [2026-07-01 11:35:34] Failed to fetch data for VNM after 3 attempts.
[2026-07-01 11:35:34] [TASK_1] [INFO] ============================================================
[2026-07-01 11:35:34] [TASK_1] [INFO] TASK 1: Price Collection Started
[2026-07-01 11:35:34] [TASK_1] [INFO] Tickers: 3 | Date range: 2024-01-01 to 2024-01-10
[2026-07-01 11:35:34] [TASK_1] [INFO] ============================================================
[2026-07-01 11:35:34] [TASK_1] [INFO] Validated 3 tickers total (3 VN30 + 0 expansion).
[2026-07-01 11:35:34] [TASK_1] [INFO] Processing VNM (1/3)...
[2026-07-01 11:35:34] [TASK_1] [ERROR] [2026-07-01 11:35:34] FAILED: VNM — no data collected. Continuing with remaining tickers.
[2026-07-01 11:35:34] [TASK_1] [INFO] Processing VCB (2/3)...
[2026-07-01 11:35:34] [TASK_1] [INFO] Saved VCB → C:\Users\User\AppData\Local\Temp\pytest-of-User\pytest-201\test_continues_after_ticker_fa0\prices\VCB.csv (2 rows)
[2026-07-01 11:35:35] [TASK_1] [INFO] Processing FPT (3/3)...
[2026-07-01 11:35:35] [TASK_1] [INFO] Saved FPT → C:\Users\User\AppData\Local\Temp\pytest-of-User\pytest-201\test_continues_after_ticker_fa0\prices\FPT.csv (2 rows)
[2026-07-01 11:35:35] [TASK_1] [INFO] Saved consolidated file → C:\Users\User\AppData\Local\Temp\pytest-of-User\pytest-201\test_continues_after_ticker_fa0\prices\all_vn30_prices.csv (4 rows, 2 tickers)
[2026-07-01 11:35:35] [TASK_1] [INFO] ============================================================
[2026-07-01 11:35:35] [TASK_1] [INFO] PRICE COLLECTION SUMMARY
[2026-07-01 11:35:35] [TASK_1] [INFO] ============================================================
[2026-07-01 11:35:35] [TASK_1] [INFO] Successfully collected: 2 tickers
[2026-07-01 11:35:35] [TASK_1] [WARNING] Failed tickers: VNM
[2026-07-01 11:35:35] [TASK_1] [INFO] Expected trading days (business-day calendar): 8
[2026-07-01 11:35:35] [TASK_1] [INFO] ------------------------------------------------------------
[2026-07-01 11:35:35] [TASK_1] [INFO] Ticker    Earliest      Latest    Days
[2026-07-01 11:35:35] [TASK_1] [INFO] ------------------------------------------------------------
[2026-07-01 11:35:35] [TASK_1] [INFO] FPT     2024-01-02  2024-01-03       2
[2026-07-01 11:35:35] [TASK_1] [WARNING] ⚠ FPT has 75.0% fewer trading days than expected (2 vs 8 expected). Check for missing data.
[2026-07-01 11:35:35] [TASK_1] [INFO] VCB     2024-01-02  2024-01-03       2
[2026-07-01 11:35:35] [TASK_1] [WARNING] ⚠ VCB has 75.0% fewer trading days than expected (2 vs 8 expected). Check for missing data.
[2026-07-01 11:35:35] [TASK_1] [INFO] ------------------------------------------------------------
[2026-07-01 11:35:35] [TASK_1] [INFO] Total rows: 4 | Date range: 2024-01-01 to 2024-01-10
[2026-07-01 11:35:35] [TASK_1] [INFO] ============================================================
[2026-07-01 11:35:35] [TASK_1] [ERROR] [2026-07-01 11:35:35] FAILED: FPT — no data collected. Continuing with remaining tickers.
[2026-07-01 11:35:35] [TASK_1] [WARNING] Failed tickers: FPT
[2026-07-01 11:35:35] [TASK_1] [WARNING] ⚠ VNM has 87.5% fewer trading days than expected (1 vs 8 expected). Check for missing data.
[2026-07-01 11:35:35] [TASK_1] [INFO] ============================================================
[2026-07-01 11:35:35] [TASK_1] [INFO] PRICE COLLECTION SUMMARY
[2026-07-01 11:35:35] [TASK_1] [INFO] ============================================================
[2026-07-01 11:35:35] [TASK_1] [INFO] Successfully collected: 2 tickers
[2026-07-01 11:35:35] [TASK_1] [INFO] Expected trading days (business-day calendar): 3
[2026-07-01 11:35:35] [TASK_1] [INFO] ------------------------------------------------------------
[2026-07-01 11:35:35] [TASK_1] [INFO] Ticker    Earliest      Latest    Days
[2026-07-01 11:35:35] [TASK_1] [INFO] ------------------------------------------------------------
[2026-07-01 11:35:35] [TASK_1] [INFO] FPT     2024-01-02  2024-01-03       2
[2026-07-01 11:35:35] [TASK_1] [WARNING] ⚠ FPT has 33.3% fewer trading days than expected (2 vs 3 expected). Check for missing data.
[2026-07-01 11:35:35] [TASK_1] [INFO] VNM     2024-01-02  2024-01-04       3
[2026-07-01 11:35:35] [TASK_1] [INFO] ------------------------------------------------------------
[2026-07-01 11:35:35] [TASK_1] [INFO] Total rows: 5 | Date range: 2024-01-02 to 2024-01-04
[2026-07-01 11:35:35] [TASK_1] [INFO] ============================================================
[2026-07-01 11:35:35] [TASK_1] [WARNING] ⚠ FPT has 53.1% fewer trading days than expected (30 vs 64 expected). Check for missing data.
[2026-07-01 11:35:35] [TASK_1] [WARNING] ⚠ VNM has 6.2% fewer trading days than expected (60 vs 64 expected). Check for missing data.
[2026-07-01 11:35:35] [TASK_1] [WARNING] Failed tickers: FPT, VCB
[2026-07-01 11:35:35] [TASK_1] [INFO] ============================================================
[2026-07-01 11:35:35] [TASK_1] [INFO] PRICE COLLECTION SUMMARY
[2026-07-01 11:35:35] [TASK_1] [INFO] ============================================================
[2026-07-01 11:35:35] [TASK_1] [INFO] Successfully collected: 1 tickers
[2026-07-01 11:35:35] [TASK_1] [INFO] Expected trading days (business-day calendar): 4
[2026-07-01 11:35:35] [TASK_1] [INFO] ------------------------------------------------------------
[2026-07-01 11:35:35] [TASK_1] [INFO] Ticker    Earliest      Latest    Days
[2026-07-01 11:35:35] [TASK_1] [INFO] ------------------------------------------------------------
[2026-07-01 11:35:35] [TASK_1] [INFO] VNM     2024-01-02  2024-01-02       1
[2026-07-01 11:35:35] [TASK_1] [WARNING] ⚠ VNM has 75.0% fewer trading days than expected (1 vs 4 expected). Check for missing data.
[2026-07-01 11:35:35] [TASK_1] [INFO] ------------------------------------------------------------
[2026-07-01 11:35:35] [TASK_1] [INFO] Total rows: 1 | Date range: 2024-01-02 to 2024-01-05
[2026-07-01 11:35:35] [TASK_1] [INFO] ============================================================
[2026-07-01 11:36:11] [TASK_1] [INFO] ============================================================
[2026-07-01 11:36:11] [TASK_1] [INFO] START TASK_1: Price Collection (vnstock OHLCV)
[2026-07-01 11:36:11] [TASK_1] [INFO] Timestamp: 2026-07-01T11:36:11.647344
[2026-07-01 11:36:11] [TASK_1] [INFO] ============================================================
[2026-07-01 11:36:11] [TASK_1] [ERROR] TASK FAILED: TASK_1 after 0.0 seconds
[2026-07-01 11:36:11] [TASK_1] [ERROR] Exception: Simulated failure
[2026-07-01 11:36:11] [TASK_1] [ERROR] Stack trace:
Traceback (most recent call last):
  File "C:\Users\User\KLTN_MASTER\pipeline\run_pipeline.py", line 659, in run_pipeline
    executor(config, task_logger, smoke_test=smoke_test)
  File "C:\Program Files\WindowsApps\PythonSoftwareFoundation.Python.3.10_3.10.3056.0_x64__qbz5n2kfra8p0\lib\unittest\mock.py", line 1114, in __call__
    return self._mock_call(*args, **kwargs)
  File "C:\Program Files\WindowsApps\PythonSoftwareFoundation.Python.3.10_3.10.3056.0_x64__qbz5n2kfra8p0\lib\unittest\mock.py", line 1118, in _mock_call
    return self._execute_mock_call(*args, **kwargs)
  File "C:\Program Files\WindowsApps\PythonSoftwareFoundation.Python.3.10_3.10.3056.0_x64__qbz5n2kfra8p0\lib\unittest\mock.py", line 1173, in _execute_mock_call
    raise effect
RuntimeError: Simulated failure

[2026-07-01 11:36:11] [TASK_1] [INFO] ============================================================
[2026-07-01 11:36:11] [TASK_1] [INFO] START TASK_1: Price Collection (vnstock OHLCV)
[2026-07-01 11:36:11] [TASK_1] [INFO] Timestamp: 2026-07-01T11:36:11.656518
[2026-07-01 11:36:11] [TASK_1] [INFO] ============================================================
[2026-07-01 11:36:11] [TASK_1] [ERROR] TASK FAILED: TASK_1 after 0.0 seconds
[2026-07-01 11:36:11] [TASK_1] [ERROR] Exception: Simulated failure
[2026-07-01 11:36:11] [TASK_1] [ERROR] Stack trace:
Traceback (most recent call last):
  File "C:\Users\User\KLTN_MASTER\pipeline\run_pipeline.py", line 659, in run_pipeline
    executor(config, task_logger, smoke_test=smoke_test)
  File "C:\Program Files\WindowsApps\PythonSoftwareFoundation.Python.3.10_3.10.3056.0_x64__qbz5n2kfra8p0\lib\unittest\mock.py", line 1114, in __call__
    return self._mock_call(*args, **kwargs)
  File "C:\Program Files\WindowsApps\PythonSoftwareFoundation.Python.3.10_3.10.3056.0_x64__qbz5n2kfra8p0\lib\unittest\mock.py", line 1118, in _mock_call
    return self._execute_mock_call(*args, **kwargs)
  File "C:\Program Files\WindowsApps\PythonSoftwareFoundation.Python.3.10_3.10.3056.0_x64__qbz5n2kfra8p0\lib\unittest\mock.py", line 1173, in _execute_mock_call
    raise effect
RuntimeError: Simulated failure

[2026-07-01 11:36:11] [TASK_1] [INFO] ============================================================
[2026-07-01 11:36:11] [TASK_1] [INFO] START TASK_1: Price Collection (vnstock OHLCV)
[2026-07-01 11:36:11] [TASK_1] [INFO] Timestamp: 2026-07-01T11:36:11.764730
[2026-07-01 11:36:11] [TASK_1] [INFO] ============================================================
[2026-07-01 11:36:11] [TASK_1] [INFO] ------------------------------------------------------------
[2026-07-01 11:36:11] [TASK_1] [INFO] END TASK_1 — completed in 0.0 seconds
[2026-07-01 11:36:11] [TASK_1] [INFO] ============================================================
[2026-07-01 11:36:12] [TASK_1] [INFO] ============================================================
[2026-07-01 11:36:12] [TASK_1] [INFO] START TASK_1: Price Collection (vnstock OHLCV)
[2026-07-01 11:36:12] [TASK_1] [INFO] Timestamp: 2026-07-01T11:36:12.467883
[2026-07-01 11:36:12] [TASK_1] [INFO] ============================================================
[2026-07-01 11:36:12] [TASK_1] [INFO] ------------------------------------------------------------
[2026-07-01 11:36:12] [TASK_1] [INFO] END TASK_1 — completed in 0.0 seconds
[2026-07-01 11:36:12] [TASK_1] [INFO] ============================================================
[2026-07-01 11:36:19] [TASK_1] [INFO] Validated 3 tickers total (3 VN30 + 0 expansion).
[2026-07-01 11:36:19] [TASK_1] [INFO] HOSE-80 expansion: 1 non-VN30 tickers included: INVALID
[2026-07-01 11:36:19] [TASK_1] [INFO] Validated 3 tickers total (2 VN30 + 1 expansion).
[2026-07-01 11:36:19] [TASK_1] [INFO] Validated 3 tickers total (3 VN30 + 0 expansion).
[2026-07-01 11:36:19] [TASK_1] [INFO] HOSE-80 expansion: 2 non-VN30 tickers included: INVALID1, INVALID2
[2026-07-01 11:36:19] [TASK_1] [INFO] Validated 2 tickers total (0 VN30 + 2 expansion).
[2026-07-01 11:36:19] [TASK_1] [INFO] Validated 30 tickers total (30 VN30 + 0 expansion).
[2026-07-01 11:36:19] [TASK_1] [WARNING] [2026-07-01 11:36:19] Error fetching VNM (attempt 1/3): API down
[2026-07-01 11:36:19] [TASK_1] [INFO] Retrying in 1s...
[2026-07-01 11:36:19] [TASK_1] [WARNING] [2026-07-01 11:36:19] Error fetching VNM (attempt 2/3): API down
[2026-07-01 11:36:19] [TASK_1] [INFO] Retrying in 2s...
[2026-07-01 11:36:19] [TASK_1] [WARNING] [2026-07-01 11:36:19] Error fetching VNM (attempt 3/3): API down
[2026-07-01 11:36:19] [TASK_1] [ERROR] [2026-07-01 11:36:19] Failed to fetch data for VNM after 3 attempts.
[2026-07-01 11:36:19] [TASK_1] [INFO] Fetched 2 rows for VNM (2024-01-02 to 2024-01-03).
[2026-07-01 11:36:19] [TASK_1] [WARNING] Empty data returned for VNM (attempt 1/3).
[2026-07-01 11:36:19] [TASK_1] [INFO] Retrying in 1s...
[2026-07-01 11:36:19] [TASK_1] [INFO] Fetched 1 rows for VNM (2024-01-02 to 2024-01-02).
[2026-07-01 11:36:19] [TASK_1] [INFO] ============================================================
[2026-07-01 11:36:19] [TASK_1] [INFO] TASK 1: Price Collection Started
[2026-07-01 11:36:19] [TASK_1] [INFO] Tickers: 1 | Date range: 2024-01-01 to 2024-01-10
[2026-07-01 11:36:19] [TASK_1] [INFO] ============================================================
[2026-07-01 11:36:19] [TASK_1] [INFO] Validated 1 tickers total (1 VN30 + 0 expansion).
[2026-07-01 11:36:19] [TASK_1] [INFO] Processing VNM (1/1)...
[2026-07-01 11:36:19] [TASK_1] [INFO] Saved VNM → C:\Users\User\AppData\Local\Temp\pytest-of-User\pytest-202\test_collect_prices_output_col0\prices\VNM.csv (2 rows)
[2026-07-01 11:36:19] [TASK_1] [INFO] Saved consolidated file → C:\Users\User\AppData\Local\Temp\pytest-of-User\pytest-202\test_collect_prices_output_col0\prices\all_vn30_prices.csv (2 rows, 1 tickers)
[2026-07-01 11:36:19] [TASK_1] [INFO] ============================================================
[2026-07-01 11:36:19] [TASK_1] [INFO] PRICE COLLECTION SUMMARY
[2026-07-01 11:36:19] [TASK_1] [INFO] ============================================================
[2026-07-01 11:36:19] [TASK_1] [INFO] Successfully collected: 1 tickers
[2026-07-01 11:36:19] [TASK_1] [INFO] Expected trading days (business-day calendar): 8
[2026-07-01 11:36:19] [TASK_1] [INFO] ------------------------------------------------------------
[2026-07-01 11:36:19] [TASK_1] [INFO] Ticker    Earliest      Latest    Days
[2026-07-01 11:36:19] [TASK_1] [INFO] ------------------------------------------------------------
[2026-07-01 11:36:19] [TASK_1] [INFO] VNM     2024-01-02  2024-01-03       2
[2026-07-01 11:36:19] [TASK_1] [WARNING] ⚠ VNM has 75.0% fewer trading days than expected (2 vs 8 expected). Check for missing data.
[2026-07-01 11:36:19] [TASK_1] [INFO] ------------------------------------------------------------
[2026-07-01 11:36:19] [TASK_1] [INFO] Total rows: 2 | Date range: 2024-01-01 to 2024-01-10
[2026-07-01 11:36:19] [TASK_1] [INFO] ============================================================
[2026-07-01 11:36:19] [TASK_1] [INFO] ============================================================
[2026-07-01 11:36:19] [TASK_1] [INFO] TASK 1: Price Collection Started
[2026-07-01 11:36:19] [TASK_1] [INFO] Tickers: 2 | Date range: 2024-01-01 to 2024-01-10
[2026-07-01 11:36:19] [TASK_1] [INFO] ============================================================
[2026-07-01 11:36:19] [TASK_1] [INFO] Validated 2 tickers total (2 VN30 + 0 expansion).
[2026-07-01 11:36:19] [TASK_1] [INFO] Processing VNM (1/2)...
[2026-07-01 11:36:19] [TASK_1] [INFO] Saved VNM → C:\Users\User\AppData\Local\Temp\pytest-of-User\pytest-202\test_individual_ticker_csv_sav0\prices\VNM.csv (1 rows)
[2026-07-01 11:36:20] [TASK_1] [INFO] Processing FPT (2/2)...
[2026-07-01 11:36:20] [TASK_1] [INFO] Saved FPT → C:\Users\User\AppData\Local\Temp\pytest-of-User\pytest-202\test_individual_ticker_csv_sav0\prices\FPT.csv (1 rows)
[2026-07-01 11:36:20] [TASK_1] [INFO] Saved consolidated file → C:\Users\User\AppData\Local\Temp\pytest-of-User\pytest-202\test_individual_ticker_csv_sav0\prices\all_vn30_prices.csv (2 rows, 2 tickers)
[2026-07-01 11:36:20] [TASK_1] [INFO] ============================================================
[2026-07-01 11:36:20] [TASK_1] [INFO] PRICE COLLECTION SUMMARY
[2026-07-01 11:36:20] [TASK_1] [INFO] ============================================================
[2026-07-01 11:36:20] [TASK_1] [INFO] Successfully collected: 2 tickers
[2026-07-01 11:36:20] [TASK_1] [INFO] Expected trading days (business-day calendar): 8
[2026-07-01 11:36:20] [TASK_1] [INFO] ------------------------------------------------------------
[2026-07-01 11:36:20] [TASK_1] [INFO] Ticker    Earliest      Latest    Days
[2026-07-01 11:36:20] [TASK_1] [INFO] ------------------------------------------------------------
[2026-07-01 11:36:20] [TASK_1] [INFO] FPT     2024-01-02  2024-01-02       1
[2026-07-01 11:36:20] [TASK_1] [WARNING] ⚠ FPT has 87.5% fewer trading days than expected (1 vs 8 expected). Check for missing data.
[2026-07-01 11:36:20] [TASK_1] [INFO] VNM     2024-01-02  2024-01-02       1
[2026-07-01 11:36:20] [TASK_1] [WARNING] ⚠ VNM has 87.5% fewer trading days than expected (1 vs 8 expected). Check for missing data.
[2026-07-01 11:36:20] [TASK_1] [INFO] ------------------------------------------------------------
[2026-07-01 11:36:20] [TASK_1] [INFO] Total rows: 2 | Date range: 2024-01-01 to 2024-01-10
[2026-07-01 11:36:20] [TASK_1] [INFO] ============================================================
[2026-07-01 11:36:20] [TASK_1] [INFO] ============================================================
[2026-07-01 11:36:20] [TASK_1] [INFO] TASK 1: Price Collection Started
[2026-07-01 11:36:20] [TASK_1] [INFO] Tickers: 2 | Date range: 2024-01-01 to 2024-01-10
[2026-07-01 11:36:20] [TASK_1] [INFO] ============================================================
[2026-07-01 11:36:20] [TASK_1] [INFO] Validated 2 tickers total (2 VN30 + 0 expansion).
[2026-07-01 11:36:20] [TASK_1] [INFO] Processing VNM (1/2)...
[2026-07-01 11:36:20] [TASK_1] [INFO] Saved VNM → C:\Users\User\AppData\Local\Temp\pytest-of-User\pytest-202\test_consolidated_csv_has_tick0\prices\VNM.csv (1 rows)
[2026-07-01 11:36:20] [TASK_1] [INFO] Processing FPT (2/2)...
[2026-07-01 11:36:20] [TASK_1] [INFO] Saved FPT → C:\Users\User\AppData\Local\Temp\pytest-of-User\pytest-202\test_consolidated_csv_has_tick0\prices\FPT.csv (1 rows)
[2026-07-01 11:36:20] [TASK_1] [INFO] Saved consolidated file → C:\Users\User\AppData\Local\Temp\pytest-of-User\pytest-202\test_consolidated_csv_has_tick0\prices\all_vn30_prices.csv (2 rows, 2 tickers)
[2026-07-01 11:36:21] [TASK_1] [INFO] ============================================================
[2026-07-01 11:36:21] [TASK_1] [INFO] PRICE COLLECTION SUMMARY
[2026-07-01 11:36:21] [TASK_1] [INFO] ============================================================
[2026-07-01 11:36:21] [TASK_1] [INFO] Successfully collected: 2 tickers
[2026-07-01 11:36:21] [TASK_1] [INFO] Expected trading days (business-day calendar): 8
[2026-07-01 11:36:21] [TASK_1] [INFO] ------------------------------------------------------------
[2026-07-01 11:36:21] [TASK_1] [INFO] Ticker    Earliest      Latest    Days
[2026-07-01 11:36:21] [TASK_1] [INFO] ------------------------------------------------------------
[2026-07-01 11:36:21] [TASK_1] [INFO] FPT     2024-01-02  2024-01-02       1
[2026-07-01 11:36:21] [TASK_1] [WARNING] ⚠ FPT has 87.5% fewer trading days than expected (1 vs 8 expected). Check for missing data.
[2026-07-01 11:36:21] [TASK_1] [INFO] VNM     2024-01-02  2024-01-02       1
[2026-07-01 11:36:21] [TASK_1] [WARNING] ⚠ VNM has 87.5% fewer trading days than expected (1 vs 8 expected). Check for missing data.
[2026-07-01 11:36:21] [TASK_1] [INFO] ------------------------------------------------------------
[2026-07-01 11:36:21] [TASK_1] [INFO] Total rows: 2 | Date range: 2024-01-01 to 2024-01-10
[2026-07-01 11:36:21] [TASK_1] [INFO] ============================================================
[2026-07-01 11:36:21] [TASK_1] [INFO] ============================================================
[2026-07-01 11:36:21] [TASK_1] [INFO] TASK 1: Price Collection Started
[2026-07-01 11:36:21] [TASK_1] [INFO] Tickers: 1 | Date range: 2024-01-01 to 2024-01-10
[2026-07-01 11:36:21] [TASK_1] [INFO] ============================================================
[2026-07-01 11:36:21] [TASK_1] [INFO] Validated 1 tickers total (1 VN30 + 0 expansion).
[2026-07-01 11:36:21] [TASK_1] [INFO] Processing VNM (1/1)...
[2026-07-01 11:36:21] [TASK_1] [ERROR] [2026-07-01 11:36:21] FAILED: VNM — no data collected. Continuing with remaining tickers.
[2026-07-01 11:36:21] [TASK_1] [INFO] ============================================================
[2026-07-01 11:36:21] [TASK_1] [INFO] TASK 1: Price Collection Started
[2026-07-01 11:36:21] [TASK_1] [INFO] Tickers: 2 | Date range: 2024-01-01 to 2024-01-10
[2026-07-01 11:36:21] [TASK_1] [INFO] ============================================================
[2026-07-01 11:36:21] [TASK_1] [INFO] Validated 2 tickers total (2 VN30 + 0 expansion).
[2026-07-01 11:36:21] [TASK_1] [INFO] Processing VNM (1/2)...
[2026-07-01 11:36:21] [TASK_1] [INFO] Saved VNM → C:\Users\User\AppData\Local\Temp\pytest-of-User\pytest-202\test_partial_failure_continues0\prices\VNM.csv (1 rows)
[2026-07-01 11:36:21] [TASK_1] [INFO] Processing FPT (2/2)...
[2026-07-01 11:36:21] [TASK_1] [ERROR] [2026-07-01 11:36:21] FAILED: FPT — no data collected. Continuing with remaining tickers.
[2026-07-01 11:36:21] [TASK_1] [INFO] Saved consolidated file → C:\Users\User\AppData\Local\Temp\pytest-of-User\pytest-202\test_partial_failure_continues0\prices\all_vn30_prices.csv (1 rows, 1 tickers)
[2026-07-01 11:36:21] [TASK_1] [INFO] ============================================================
[2026-07-01 11:36:21] [TASK_1] [INFO] PRICE COLLECTION SUMMARY
[2026-07-01 11:36:21] [TASK_1] [INFO] ============================================================
[2026-07-01 11:36:21] [TASK_1] [INFO] Successfully collected: 1 tickers
[2026-07-01 11:36:21] [TASK_1] [WARNING] Failed tickers: FPT
[2026-07-01 11:36:21] [TASK_1] [INFO] Expected trading days (business-day calendar): 8
[2026-07-01 11:36:21] [TASK_1] [INFO] ------------------------------------------------------------
[2026-07-01 11:36:21] [TASK_1] [INFO] Ticker    Earliest      Latest    Days
[2026-07-01 11:36:21] [TASK_1] [INFO] ------------------------------------------------------------
[2026-07-01 11:36:21] [TASK_1] [INFO] VNM     2024-01-02  2024-01-02       1
[2026-07-01 11:36:21] [TASK_1] [WARNING] ⚠ VNM has 87.5% fewer trading days than expected (1 vs 8 expected). Check for missing data.
[2026-07-01 11:36:21] [TASK_1] [INFO] ------------------------------------------------------------
[2026-07-01 11:36:21] [TASK_1] [INFO] Total rows: 1 | Date range: 2024-01-01 to 2024-01-10
[2026-07-01 11:36:21] [TASK_1] [INFO] ============================================================
[2026-07-01 11:36:21] [TASK_1] [WARNING] [2026-07-01 11:36:21] Error fetching VNM (attempt 1/3): API down
[2026-07-01 11:36:21] [TASK_1] [WARNING] [2026-07-01 11:36:21] Error fetching VNM (attempt 2/3): API down
[2026-07-01 11:36:21] [TASK_1] [WARNING] [2026-07-01 11:36:21] Error fetching VNM (attempt 3/3): API down
[2026-07-01 11:36:21] [TASK_1] [ERROR] [2026-07-01 11:36:21] Failed to fetch data for VNM after 3 attempts.
[2026-07-01 11:36:21] [TASK_1] [WARNING] [2026-07-01 11:36:21] Error fetching VNM (attempt 1/3): API down
[2026-07-01 11:36:21] [TASK_1] [WARNING] [2026-07-01 11:36:21] Error fetching VNM (attempt 2/3): API down
[2026-07-01 11:36:21] [TASK_1] [WARNING] [2026-07-01 11:36:21] Error fetching VNM (attempt 3/3): API down
[2026-07-01 11:36:21] [TASK_1] [ERROR] [2026-07-01 11:36:21] Failed to fetch data for VNM after 3 attempts.
[2026-07-01 11:36:21] [TASK_1] [INFO] ============================================================
[2026-07-01 11:36:21] [TASK_1] [INFO] TASK 1: Price Collection Started
[2026-07-01 11:36:21] [TASK_1] [INFO] Tickers: 3 | Date range: 2024-01-01 to 2024-01-10
[2026-07-01 11:36:21] [TASK_1] [INFO] ============================================================
[2026-07-01 11:36:21] [TASK_1] [INFO] Validated 3 tickers total (3 VN30 + 0 expansion).
[2026-07-01 11:36:21] [TASK_1] [INFO] Processing VNM (1/3)...
[2026-07-01 11:36:21] [TASK_1] [ERROR] [2026-07-01 11:36:21] FAILED: VNM — no data collected. Continuing with remaining tickers.
[2026-07-01 11:36:22] [TASK_1] [INFO] Processing VCB (2/3)...
[2026-07-01 11:36:22] [TASK_1] [INFO] Saved VCB → C:\Users\User\AppData\Local\Temp\pytest-of-User\pytest-202\test_continues_after_ticker_fa0\prices\VCB.csv (2 rows)
[2026-07-01 11:36:22] [TASK_1] [INFO] Processing FPT (3/3)...
[2026-07-01 11:36:22] [TASK_1] [INFO] Saved FPT → C:\Users\User\AppData\Local\Temp\pytest-of-User\pytest-202\test_continues_after_ticker_fa0\prices\FPT.csv (2 rows)
[2026-07-01 11:36:22] [TASK_1] [INFO] Saved consolidated file → C:\Users\User\AppData\Local\Temp\pytest-of-User\pytest-202\test_continues_after_ticker_fa0\prices\all_vn30_prices.csv (4 rows, 2 tickers)
[2026-07-01 11:36:22] [TASK_1] [INFO] ============================================================
[2026-07-01 11:36:22] [TASK_1] [INFO] PRICE COLLECTION SUMMARY
[2026-07-01 11:36:22] [TASK_1] [INFO] ============================================================
[2026-07-01 11:36:22] [TASK_1] [INFO] Successfully collected: 2 tickers
[2026-07-01 11:36:22] [TASK_1] [WARNING] Failed tickers: VNM
[2026-07-01 11:36:22] [TASK_1] [INFO] Expected trading days (business-day calendar): 8
[2026-07-01 11:36:22] [TASK_1] [INFO] ------------------------------------------------------------
[2026-07-01 11:36:22] [TASK_1] [INFO] Ticker    Earliest      Latest    Days
[2026-07-01 11:36:22] [TASK_1] [INFO] ------------------------------------------------------------
[2026-07-01 11:36:22] [TASK_1] [INFO] FPT     2024-01-02  2024-01-03       2
[2026-07-01 11:36:22] [TASK_1] [WARNING] ⚠ FPT has 75.0% fewer trading days than expected (2 vs 8 expected). Check for missing data.
[2026-07-01 11:36:22] [TASK_1] [INFO] VCB     2024-01-02  2024-01-03       2
[2026-07-01 11:36:22] [TASK_1] [WARNING] ⚠ VCB has 75.0% fewer trading days than expected (2 vs 8 expected). Check for missing data.
[2026-07-01 11:36:22] [TASK_1] [INFO] ------------------------------------------------------------
[2026-07-01 11:36:22] [TASK_1] [INFO] Total rows: 4 | Date range: 2024-01-01 to 2024-01-10
[2026-07-01 11:36:22] [TASK_1] [INFO] ============================================================
[2026-07-01 11:36:23] [TASK_1] [ERROR] [2026-07-01 11:36:23] FAILED: FPT — no data collected. Continuing with remaining tickers.
[2026-07-01 11:36:23] [TASK_1] [WARNING] Failed tickers: FPT
[2026-07-01 11:36:23] [TASK_1] [WARNING] ⚠ VNM has 87.5% fewer trading days than expected (1 vs 8 expected). Check for missing data.
[2026-07-01 11:36:23] [TASK_1] [INFO] ============================================================
[2026-07-01 11:36:23] [TASK_1] [INFO] PRICE COLLECTION SUMMARY
[2026-07-01 11:36:23] [TASK_1] [INFO] ============================================================
[2026-07-01 11:36:23] [TASK_1] [INFO] Successfully collected: 2 tickers
[2026-07-01 11:36:23] [TASK_1] [INFO] Expected trading days (business-day calendar): 3
[2026-07-01 11:36:23] [TASK_1] [INFO] ------------------------------------------------------------
[2026-07-01 11:36:23] [TASK_1] [INFO] Ticker    Earliest      Latest    Days
[2026-07-01 11:36:23] [TASK_1] [INFO] ------------------------------------------------------------
[2026-07-01 11:36:23] [TASK_1] [INFO] FPT     2024-01-02  2024-01-03       2
[2026-07-01 11:36:23] [TASK_1] [WARNING] ⚠ FPT has 33.3% fewer trading days than expected (2 vs 3 expected). Check for missing data.
[2026-07-01 11:36:23] [TASK_1] [INFO] VNM     2024-01-02  2024-01-04       3
[2026-07-01 11:36:23] [TASK_1] [INFO] ------------------------------------------------------------
[2026-07-01 11:36:23] [TASK_1] [INFO] Total rows: 5 | Date range: 2024-01-02 to 2024-01-04
[2026-07-01 11:36:23] [TASK_1] [INFO] ============================================================
[2026-07-01 11:36:23] [TASK_1] [WARNING] ⚠ FPT has 53.1% fewer trading days than expected (30 vs 64 expected). Check for missing data.
[2026-07-01 11:36:23] [TASK_1] [WARNING] ⚠ VNM has 6.2% fewer trading days than expected (60 vs 64 expected). Check for missing data.
[2026-07-01 11:36:23] [TASK_1] [WARNING] Failed tickers: FPT, VCB
[2026-07-01 11:36:23] [TASK_1] [INFO] ============================================================
[2026-07-01 11:36:23] [TASK_1] [INFO] PRICE COLLECTION SUMMARY
[2026-07-01 11:36:23] [TASK_1] [INFO] ============================================================
[2026-07-01 11:36:23] [TASK_1] [INFO] Successfully collected: 1 tickers
[2026-07-01 11:36:23] [TASK_1] [INFO] Expected trading days (business-day calendar): 4
[2026-07-01 11:36:23] [TASK_1] [INFO] ------------------------------------------------------------
[2026-07-01 11:36:23] [TASK_1] [INFO] Ticker    Earliest      Latest    Days
[2026-07-01 11:36:23] [TASK_1] [INFO] ------------------------------------------------------------
[2026-07-01 11:36:23] [TASK_1] [INFO] VNM     2024-01-02  2024-01-02       1
[2026-07-01 11:36:23] [TASK_1] [WARNING] ⚠ VNM has 75.0% fewer trading days than expected (1 vs 4 expected). Check for missing data.
[2026-07-01 11:36:23] [TASK_1] [INFO] ------------------------------------------------------------
[2026-07-01 11:36:23] [TASK_1] [INFO] Total rows: 1 | Date range: 2024-01-02 to 2024-01-05
[2026-07-01 11:36:23] [TASK_1] [INFO] ============================================================
[2026-07-01 11:37:04] [TASK_1] [INFO] ============================================================
[2026-07-01 11:37:04] [TASK_1] [INFO] START TASK_1: Price Collection (vnstock OHLCV)
[2026-07-01 11:37:04] [TASK_1] [INFO] Timestamp: 2026-07-01T11:37:04.877149
[2026-07-01 11:37:04] [TASK_1] [INFO] ============================================================
[2026-07-01 11:37:04] [TASK_1] [ERROR] TASK FAILED: TASK_1 after 0.0 seconds
[2026-07-01 11:37:04] [TASK_1] [ERROR] Exception: Simulated failure
[2026-07-01 11:37:04] [TASK_1] [ERROR] Stack trace:
Traceback (most recent call last):
  File "C:\Users\User\KLTN_MASTER\pipeline\run_pipeline.py", line 659, in run_pipeline
    executor(config, task_logger, smoke_test=smoke_test)
  File "C:\Program Files\WindowsApps\PythonSoftwareFoundation.Python.3.10_3.10.3056.0_x64__qbz5n2kfra8p0\lib\unittest\mock.py", line 1114, in __call__
    return self._mock_call(*args, **kwargs)
  File "C:\Program Files\WindowsApps\PythonSoftwareFoundation.Python.3.10_3.10.3056.0_x64__qbz5n2kfra8p0\lib\unittest\mock.py", line 1118, in _mock_call
    return self._execute_mock_call(*args, **kwargs)
  File "C:\Program Files\WindowsApps\PythonSoftwareFoundation.Python.3.10_3.10.3056.0_x64__qbz5n2kfra8p0\lib\unittest\mock.py", line 1173, in _execute_mock_call
    raise effect
RuntimeError: Simulated failure

[2026-07-01 11:37:04] [TASK_1] [INFO] ============================================================
[2026-07-01 11:37:04] [TASK_1] [INFO] START TASK_1: Price Collection (vnstock OHLCV)
[2026-07-01 11:37:04] [TASK_1] [INFO] Timestamp: 2026-07-01T11:37:04.895031
[2026-07-01 11:37:04] [TASK_1] [INFO] ============================================================
[2026-07-01 11:37:04] [TASK_1] [ERROR] TASK FAILED: TASK_1 after 0.0 seconds
[2026-07-01 11:37:04] [TASK_1] [ERROR] Exception: Simulated failure
[2026-07-01 11:37:04] [TASK_1] [ERROR] Stack trace:
Traceback (most recent call last):
  File "C:\Users\User\KLTN_MASTER\pipeline\run_pipeline.py", line 659, in run_pipeline
    executor(config, task_logger, smoke_test=smoke_test)
  File "C:\Program Files\WindowsApps\PythonSoftwareFoundation.Python.3.10_3.10.3056.0_x64__qbz5n2kfra8p0\lib\unittest\mock.py", line 1114, in __call__
    return self._mock_call(*args, **kwargs)
  File "C:\Program Files\WindowsApps\PythonSoftwareFoundation.Python.3.10_3.10.3056.0_x64__qbz5n2kfra8p0\lib\unittest\mock.py", line 1118, in _mock_call
    return self._execute_mock_call(*args, **kwargs)
  File "C:\Program Files\WindowsApps\PythonSoftwareFoundation.Python.3.10_3.10.3056.0_x64__qbz5n2kfra8p0\lib\unittest\mock.py", line 1173, in _execute_mock_call
    raise effect
RuntimeError: Simulated failure

[2026-07-01 11:37:05] [TASK_1] [INFO] ============================================================
[2026-07-01 11:37:05] [TASK_1] [INFO] START TASK_1: Price Collection (vnstock OHLCV)
[2026-07-01 11:37:05] [TASK_1] [INFO] Timestamp: 2026-07-01T11:37:05.005976
[2026-07-01 11:37:05] [TASK_1] [INFO] ============================================================
[2026-07-01 11:37:05] [TASK_1] [INFO] ------------------------------------------------------------
[2026-07-01 11:37:05] [TASK_1] [INFO] END TASK_1 — completed in 0.0 seconds
[2026-07-01 11:37:05] [TASK_1] [INFO] ============================================================
[2026-07-01 11:37:05] [TASK_1] [INFO] ============================================================
[2026-07-01 11:37:05] [TASK_1] [INFO] START TASK_1: Price Collection (vnstock OHLCV)
[2026-07-01 11:37:05] [TASK_1] [INFO] Timestamp: 2026-07-01T11:37:05.751653
[2026-07-01 11:37:05] [TASK_1] [INFO] ============================================================
[2026-07-01 11:37:05] [TASK_1] [INFO] ------------------------------------------------------------
[2026-07-01 11:37:05] [TASK_1] [INFO] END TASK_1 — completed in 0.0 seconds
[2026-07-01 11:37:05] [TASK_1] [INFO] ============================================================
[2026-07-01 11:37:13] [TASK_1] [INFO] Validated 3 tickers total (3 VN30 + 0 expansion).
[2026-07-01 11:37:13] [TASK_1] [INFO] HOSE-80 expansion: 1 non-VN30 tickers included: INVALID
[2026-07-01 11:37:13] [TASK_1] [INFO] Validated 3 tickers total (2 VN30 + 1 expansion).
[2026-07-01 11:37:13] [TASK_1] [INFO] Validated 3 tickers total (3 VN30 + 0 expansion).
[2026-07-01 11:37:13] [TASK_1] [INFO] HOSE-80 expansion: 2 non-VN30 tickers included: INVALID1, INVALID2
[2026-07-01 11:37:13] [TASK_1] [INFO] Validated 2 tickers total (0 VN30 + 2 expansion).
[2026-07-01 11:37:13] [TASK_1] [INFO] Validated 30 tickers total (30 VN30 + 0 expansion).
[2026-07-01 11:37:13] [TASK_1] [WARNING] [2026-07-01 11:37:13] Error fetching VNM (attempt 1/3): API down
[2026-07-01 11:37:13] [TASK_1] [INFO] Retrying in 1s...
[2026-07-01 11:37:13] [TASK_1] [WARNING] [2026-07-01 11:37:13] Error fetching VNM (attempt 2/3): API down
[2026-07-01 11:37:13] [TASK_1] [INFO] Retrying in 2s...
[2026-07-01 11:37:13] [TASK_1] [WARNING] [2026-07-01 11:37:13] Error fetching VNM (attempt 3/3): API down
[2026-07-01 11:37:13] [TASK_1] [ERROR] [2026-07-01 11:37:13] Failed to fetch data for VNM after 3 attempts.
[2026-07-01 11:37:13] [TASK_1] [INFO] Fetched 2 rows for VNM (2024-01-02 to 2024-01-03).
[2026-07-01 11:37:13] [TASK_1] [WARNING] Empty data returned for VNM (attempt 1/3).
[2026-07-01 11:37:13] [TASK_1] [INFO] Retrying in 1s...
[2026-07-01 11:37:13] [TASK_1] [INFO] Fetched 1 rows for VNM (2024-01-02 to 2024-01-02).
[2026-07-01 11:37:13] [TASK_1] [INFO] ============================================================
[2026-07-01 11:37:13] [TASK_1] [INFO] TASK 1: Price Collection Started
[2026-07-01 11:37:13] [TASK_1] [INFO] Tickers: 1 | Date range: 2024-01-01 to 2024-01-10
[2026-07-01 11:37:13] [TASK_1] [INFO] ============================================================
[2026-07-01 11:37:13] [TASK_1] [INFO] Validated 1 tickers total (1 VN30 + 0 expansion).
[2026-07-01 11:37:13] [TASK_1] [INFO] Processing VNM (1/1)...
[2026-07-01 11:37:13] [TASK_1] [INFO] Saved VNM → C:\Users\User\AppData\Local\Temp\pytest-of-User\pytest-203\test_collect_prices_output_col0\prices\VNM.csv (2 rows)
[2026-07-01 11:37:13] [TASK_1] [INFO] Saved consolidated file → C:\Users\User\AppData\Local\Temp\pytest-of-User\pytest-203\test_collect_prices_output_col0\prices\all_vn30_prices.csv (2 rows, 1 tickers)
[2026-07-01 11:37:13] [TASK_1] [INFO] ============================================================
[2026-07-01 11:37:13] [TASK_1] [INFO] PRICE COLLECTION SUMMARY
[2026-07-01 11:37:13] [TASK_1] [INFO] ============================================================
[2026-07-01 11:37:13] [TASK_1] [INFO] Successfully collected: 1 tickers
[2026-07-01 11:37:13] [TASK_1] [INFO] Expected trading days (business-day calendar): 8
[2026-07-01 11:37:13] [TASK_1] [INFO] ------------------------------------------------------------
[2026-07-01 11:37:13] [TASK_1] [INFO] Ticker    Earliest      Latest    Days
[2026-07-01 11:37:13] [TASK_1] [INFO] ------------------------------------------------------------
[2026-07-01 11:37:13] [TASK_1] [INFO] VNM     2024-01-02  2024-01-03       2
[2026-07-01 11:37:13] [TASK_1] [WARNING] ⚠ VNM has 75.0% fewer trading days than expected (2 vs 8 expected). Check for missing data.
[2026-07-01 11:37:13] [TASK_1] [INFO] ------------------------------------------------------------
[2026-07-01 11:37:13] [TASK_1] [INFO] Total rows: 2 | Date range: 2024-01-01 to 2024-01-10
[2026-07-01 11:37:13] [TASK_1] [INFO] ============================================================
[2026-07-01 11:37:13] [TASK_1] [INFO] ============================================================
[2026-07-01 11:37:13] [TASK_1] [INFO] TASK 1: Price Collection Started
[2026-07-01 11:37:13] [TASK_1] [INFO] Tickers: 2 | Date range: 2024-01-01 to 2024-01-10
[2026-07-01 11:37:13] [TASK_1] [INFO] ============================================================
[2026-07-01 11:37:13] [TASK_1] [INFO] Validated 2 tickers total (2 VN30 + 0 expansion).
[2026-07-01 11:37:13] [TASK_1] [INFO] Processing VNM (1/2)...
[2026-07-01 11:37:13] [TASK_1] [INFO] Saved VNM → C:\Users\User\AppData\Local\Temp\pytest-of-User\pytest-203\test_individual_ticker_csv_sav0\prices\VNM.csv (1 rows)
[2026-07-01 11:37:13] [TASK_1] [INFO] Processing FPT (2/2)...
[2026-07-01 11:37:13] [TASK_1] [INFO] Saved FPT → C:\Users\User\AppData\Local\Temp\pytest-of-User\pytest-203\test_individual_ticker_csv_sav0\prices\FPT.csv (1 rows)
[2026-07-01 11:37:13] [TASK_1] [INFO] Saved consolidated file → C:\Users\User\AppData\Local\Temp\pytest-of-User\pytest-203\test_individual_ticker_csv_sav0\prices\all_vn30_prices.csv (2 rows, 2 tickers)
[2026-07-01 11:37:13] [TASK_1] [INFO] ============================================================
[2026-07-01 11:37:13] [TASK_1] [INFO] PRICE COLLECTION SUMMARY
[2026-07-01 11:37:13] [TASK_1] [INFO] ============================================================
[2026-07-01 11:37:13] [TASK_1] [INFO] Successfully collected: 2 tickers
[2026-07-01 11:37:13] [TASK_1] [INFO] Expected trading days (business-day calendar): 8
[2026-07-01 11:37:13] [TASK_1] [INFO] ------------------------------------------------------------
[2026-07-01 11:37:13] [TASK_1] [INFO] Ticker    Earliest      Latest    Days
[2026-07-01 11:37:13] [TASK_1] [INFO] ------------------------------------------------------------
[2026-07-01 11:37:13] [TASK_1] [INFO] FPT     2024-01-02  2024-01-02       1
[2026-07-01 11:37:13] [TASK_1] [WARNING] ⚠ FPT has 87.5% fewer trading days than expected (1 vs 8 expected). Check for missing data.
[2026-07-01 11:37:13] [TASK_1] [INFO] VNM     2024-01-02  2024-01-02       1
[2026-07-01 11:37:13] [TASK_1] [WARNING] ⚠ VNM has 87.5% fewer trading days than expected (1 vs 8 expected). Check for missing data.
[2026-07-01 11:37:13] [TASK_1] [INFO] ------------------------------------------------------------
[2026-07-01 11:37:13] [TASK_1] [INFO] Total rows: 2 | Date range: 2024-01-01 to 2024-01-10
[2026-07-01 11:37:13] [TASK_1] [INFO] ============================================================
[2026-07-01 11:37:13] [TASK_1] [INFO] ============================================================
[2026-07-01 11:37:13] [TASK_1] [INFO] TASK 1: Price Collection Started
[2026-07-01 11:37:13] [TASK_1] [INFO] Tickers: 2 | Date range: 2024-01-01 to 2024-01-10
[2026-07-01 11:37:13] [TASK_1] [INFO] ============================================================
[2026-07-01 11:37:13] [TASK_1] [INFO] Validated 2 tickers total (2 VN30 + 0 expansion).
[2026-07-01 11:37:13] [TASK_1] [INFO] Processing VNM (1/2)...
[2026-07-01 11:37:13] [TASK_1] [INFO] Saved VNM → C:\Users\User\AppData\Local\Temp\pytest-of-User\pytest-203\test_consolidated_csv_has_tick0\prices\VNM.csv (1 rows)
[2026-07-01 11:37:14] [TASK_1] [INFO] Processing FPT (2/2)...
[2026-07-01 11:37:14] [TASK_1] [INFO] Saved FPT → C:\Users\User\AppData\Local\Temp\pytest-of-User\pytest-203\test_consolidated_csv_has_tick0\prices\FPT.csv (1 rows)
[2026-07-01 11:37:14] [TASK_1] [INFO] Saved consolidated file → C:\Users\User\AppData\Local\Temp\pytest-of-User\pytest-203\test_consolidated_csv_has_tick0\prices\all_vn30_prices.csv (2 rows, 2 tickers)
[2026-07-01 11:37:14] [TASK_1] [INFO] ============================================================
[2026-07-01 11:37:14] [TASK_1] [INFO] PRICE COLLECTION SUMMARY
[2026-07-01 11:37:14] [TASK_1] [INFO] ============================================================
[2026-07-01 11:37:14] [TASK_1] [INFO] Successfully collected: 2 tickers
[2026-07-01 11:37:14] [TASK_1] [INFO] Expected trading days (business-day calendar): 8
[2026-07-01 11:37:14] [TASK_1] [INFO] ------------------------------------------------------------
[2026-07-01 11:37:14] [TASK_1] [INFO] Ticker    Earliest      Latest    Days
[2026-07-01 11:37:14] [TASK_1] [INFO] ------------------------------------------------------------
[2026-07-01 11:37:14] [TASK_1] [INFO] FPT     2024-01-02  2024-01-02       1
[2026-07-01 11:37:14] [TASK_1] [WARNING] ⚠ FPT has 87.5% fewer trading days than expected (1 vs 8 expected). Check for missing data.
[2026-07-01 11:37:14] [TASK_1] [INFO] VNM     2024-01-02  2024-01-02       1
[2026-07-01 11:37:14] [TASK_1] [WARNING] ⚠ VNM has 87.5% fewer trading days than expected (1 vs 8 expected). Check for missing data.
[2026-07-01 11:37:14] [TASK_1] [INFO] ------------------------------------------------------------
[2026-07-01 11:37:14] [TASK_1] [INFO] Total rows: 2 | Date range: 2024-01-01 to 2024-01-10
[2026-07-01 11:37:14] [TASK_1] [INFO] ============================================================
[2026-07-01 11:37:14] [TASK_1] [INFO] ============================================================
[2026-07-01 11:37:14] [TASK_1] [INFO] TASK 1: Price Collection Started
[2026-07-01 11:37:14] [TASK_1] [INFO] Tickers: 1 | Date range: 2024-01-01 to 2024-01-10
[2026-07-01 11:37:14] [TASK_1] [INFO] ============================================================
[2026-07-01 11:37:14] [TASK_1] [INFO] Validated 1 tickers total (1 VN30 + 0 expansion).
[2026-07-01 11:37:14] [TASK_1] [INFO] Processing VNM (1/1)...
[2026-07-01 11:37:14] [TASK_1] [ERROR] [2026-07-01 11:37:14] FAILED: VNM — no data collected. Continuing with remaining tickers.
[2026-07-01 11:37:14] [TASK_1] [INFO] ============================================================
[2026-07-01 11:37:14] [TASK_1] [INFO] TASK 1: Price Collection Started
[2026-07-01 11:37:14] [TASK_1] [INFO] Tickers: 2 | Date range: 2024-01-01 to 2024-01-10
[2026-07-01 11:37:14] [TASK_1] [INFO] ============================================================
[2026-07-01 11:37:14] [TASK_1] [INFO] Validated 2 tickers total (2 VN30 + 0 expansion).
[2026-07-01 11:37:14] [TASK_1] [INFO] Processing VNM (1/2)...
[2026-07-01 11:37:14] [TASK_1] [INFO] Saved VNM → C:\Users\User\AppData\Local\Temp\pytest-of-User\pytest-203\test_partial_failure_continues0\prices\VNM.csv (1 rows)
[2026-07-01 11:37:14] [TASK_1] [INFO] Processing FPT (2/2)...
[2026-07-01 11:37:14] [TASK_1] [ERROR] [2026-07-01 11:37:14] FAILED: FPT — no data collected. Continuing with remaining tickers.
[2026-07-01 11:37:14] [TASK_1] [INFO] Saved consolidated file → C:\Users\User\AppData\Local\Temp\pytest-of-User\pytest-203\test_partial_failure_continues0\prices\all_vn30_prices.csv (1 rows, 1 tickers)
[2026-07-01 11:37:14] [TASK_1] [INFO] ============================================================
[2026-07-01 11:37:14] [TASK_1] [INFO] PRICE COLLECTION SUMMARY
[2026-07-01 11:37:14] [TASK_1] [INFO] ============================================================
[2026-07-01 11:37:14] [TASK_1] [INFO] Successfully collected: 1 tickers
[2026-07-01 11:37:14] [TASK_1] [WARNING] Failed tickers: FPT
[2026-07-01 11:37:14] [TASK_1] [INFO] Expected trading days (business-day calendar): 8
[2026-07-01 11:37:14] [TASK_1] [INFO] ------------------------------------------------------------
[2026-07-01 11:37:14] [TASK_1] [INFO] Ticker    Earliest      Latest    Days
[2026-07-01 11:37:14] [TASK_1] [INFO] ------------------------------------------------------------
[2026-07-01 11:37:14] [TASK_1] [INFO] VNM     2024-01-02  2024-01-02       1
[2026-07-01 11:37:14] [TASK_1] [WARNING] ⚠ VNM has 87.5% fewer trading days than expected (1 vs 8 expected). Check for missing data.
[2026-07-01 11:37:14] [TASK_1] [INFO] ------------------------------------------------------------
[2026-07-01 11:37:14] [TASK_1] [INFO] Total rows: 1 | Date range: 2024-01-01 to 2024-01-10
[2026-07-01 11:37:14] [TASK_1] [INFO] ============================================================
[2026-07-01 11:37:14] [TASK_1] [WARNING] [2026-07-01 11:37:14] Error fetching VNM (attempt 1/3): API down
[2026-07-01 11:37:14] [TASK_1] [WARNING] [2026-07-01 11:37:14] Error fetching VNM (attempt 2/3): API down
[2026-07-01 11:37:14] [TASK_1] [WARNING] [2026-07-01 11:37:14] Error fetching VNM (attempt 3/3): API down
[2026-07-01 11:37:14] [TASK_1] [ERROR] [2026-07-01 11:37:14] Failed to fetch data for VNM after 3 attempts.
[2026-07-01 11:37:14] [TASK_1] [WARNING] [2026-07-01 11:37:14] Error fetching VNM (attempt 1/3): API down
[2026-07-01 11:37:14] [TASK_1] [WARNING] [2026-07-01 11:37:14] Error fetching VNM (attempt 2/3): API down
[2026-07-01 11:37:14] [TASK_1] [WARNING] [2026-07-01 11:37:14] Error fetching VNM (attempt 3/3): API down
[2026-07-01 11:37:14] [TASK_1] [ERROR] [2026-07-01 11:37:14] Failed to fetch data for VNM after 3 attempts.
[2026-07-01 11:37:14] [TASK_1] [INFO] ============================================================
[2026-07-01 11:37:14] [TASK_1] [INFO] TASK 1: Price Collection Started
[2026-07-01 11:37:14] [TASK_1] [INFO] Tickers: 3 | Date range: 2024-01-01 to 2024-01-10
[2026-07-01 11:37:14] [TASK_1] [INFO] ============================================================
[2026-07-01 11:37:14] [TASK_1] [INFO] Validated 3 tickers total (3 VN30 + 0 expansion).
[2026-07-01 11:37:14] [TASK_1] [INFO] Processing VNM (1/3)...
[2026-07-01 11:37:14] [TASK_1] [ERROR] [2026-07-01 11:37:14] FAILED: VNM — no data collected. Continuing with remaining tickers.
[2026-07-01 11:37:15] [TASK_1] [INFO] Processing VCB (2/3)...
[2026-07-01 11:37:15] [TASK_1] [INFO] Saved VCB → C:\Users\User\AppData\Local\Temp\pytest-of-User\pytest-203\test_continues_after_ticker_fa0\prices\VCB.csv (2 rows)
[2026-07-01 11:37:15] [TASK_1] [INFO] Processing FPT (3/3)...
[2026-07-01 11:37:15] [TASK_1] [INFO] Saved FPT → C:\Users\User\AppData\Local\Temp\pytest-of-User\pytest-203\test_continues_after_ticker_fa0\prices\FPT.csv (2 rows)
[2026-07-01 11:37:15] [TASK_1] [INFO] Saved consolidated file → C:\Users\User\AppData\Local\Temp\pytest-of-User\pytest-203\test_continues_after_ticker_fa0\prices\all_vn30_prices.csv (4 rows, 2 tickers)
[2026-07-01 11:37:15] [TASK_1] [INFO] ============================================================
[2026-07-01 11:37:15] [TASK_1] [INFO] PRICE COLLECTION SUMMARY
[2026-07-01 11:37:15] [TASK_1] [INFO] ============================================================
[2026-07-01 11:37:15] [TASK_1] [INFO] Successfully collected: 2 tickers
[2026-07-01 11:37:15] [TASK_1] [WARNING] Failed tickers: VNM
[2026-07-01 11:37:15] [TASK_1] [INFO] Expected trading days (business-day calendar): 8
[2026-07-01 11:37:15] [TASK_1] [INFO] ------------------------------------------------------------
[2026-07-01 11:37:15] [TASK_1] [INFO] Ticker    Earliest      Latest    Days
[2026-07-01 11:37:15] [TASK_1] [INFO] ------------------------------------------------------------
[2026-07-01 11:37:15] [TASK_1] [INFO] FPT     2024-01-02  2024-01-03       2
[2026-07-01 11:37:15] [TASK_1] [WARNING] ⚠ FPT has 75.0% fewer trading days than expected (2 vs 8 expected). Check for missing data.
[2026-07-01 11:37:15] [TASK_1] [INFO] VCB     2024-01-02  2024-01-03       2
[2026-07-01 11:37:15] [TASK_1] [WARNING] ⚠ VCB has 75.0% fewer trading days than expected (2 vs 8 expected). Check for missing data.
[2026-07-01 11:37:15] [TASK_1] [INFO] ------------------------------------------------------------
[2026-07-01 11:37:15] [TASK_1] [INFO] Total rows: 4 | Date range: 2024-01-01 to 2024-01-10
[2026-07-01 11:37:15] [TASK_1] [INFO] ============================================================
[2026-07-01 11:37:16] [TASK_1] [ERROR] [2026-07-01 11:37:16] FAILED: FPT — no data collected. Continuing with remaining tickers.
[2026-07-01 11:37:16] [TASK_1] [WARNING] Failed tickers: FPT
[2026-07-01 11:37:16] [TASK_1] [WARNING] ⚠ VNM has 87.5% fewer trading days than expected (1 vs 8 expected). Check for missing data.
[2026-07-01 11:37:16] [TASK_1] [INFO] ============================================================
[2026-07-01 11:37:16] [TASK_1] [INFO] PRICE COLLECTION SUMMARY
[2026-07-01 11:37:16] [TASK_1] [INFO] ============================================================
[2026-07-01 11:37:16] [TASK_1] [INFO] Successfully collected: 2 tickers
[2026-07-01 11:37:16] [TASK_1] [INFO] Expected trading days (business-day calendar): 3
[2026-07-01 11:37:16] [TASK_1] [INFO] ------------------------------------------------------------
[2026-07-01 11:37:16] [TASK_1] [INFO] Ticker    Earliest      Latest    Days
[2026-07-01 11:37:16] [TASK_1] [INFO] ------------------------------------------------------------
[2026-07-01 11:37:16] [TASK_1] [INFO] FPT     2024-01-02  2024-01-03       2
[2026-07-01 11:37:16] [TASK_1] [WARNING] ⚠ FPT has 33.3% fewer trading days than expected (2 vs 3 expected). Check for missing data.
[2026-07-01 11:37:16] [TASK_1] [INFO] VNM     2024-01-02  2024-01-04       3
[2026-07-01 11:37:16] [TASK_1] [INFO] ------------------------------------------------------------
[2026-07-01 11:37:16] [TASK_1] [INFO] Total rows: 5 | Date range: 2024-01-02 to 2024-01-04
[2026-07-01 11:37:16] [TASK_1] [INFO] ============================================================
[2026-07-01 11:37:16] [TASK_1] [WARNING] ⚠ FPT has 53.1% fewer trading days than expected (30 vs 64 expected). Check for missing data.
[2026-07-01 11:37:16] [TASK_1] [WARNING] ⚠ VNM has 6.2% fewer trading days than expected (60 vs 64 expected). Check for missing data.
[2026-07-01 11:37:16] [TASK_1] [WARNING] Failed tickers: FPT, VCB
[2026-07-01 11:37:16] [TASK_1] [INFO] ============================================================
[2026-07-01 11:37:16] [TASK_1] [INFO] PRICE COLLECTION SUMMARY
[2026-07-01 11:37:16] [TASK_1] [INFO] ============================================================
[2026-07-01 11:37:16] [TASK_1] [INFO] Successfully collected: 1 tickers
[2026-07-01 11:37:16] [TASK_1] [INFO] Expected trading days (business-day calendar): 4
[2026-07-01 11:37:16] [TASK_1] [INFO] ------------------------------------------------------------
[2026-07-01 11:37:16] [TASK_1] [INFO] Ticker    Earliest      Latest    Days
[2026-07-01 11:37:16] [TASK_1] [INFO] ------------------------------------------------------------
[2026-07-01 11:37:16] [TASK_1] [INFO] VNM     2024-01-02  2024-01-02       1
[2026-07-01 11:37:16] [TASK_1] [WARNING] ⚠ VNM has 75.0% fewer trading days than expected (1 vs 4 expected). Check for missing data.
[2026-07-01 11:37:16] [TASK_1] [INFO] ------------------------------------------------------------
[2026-07-01 11:37:16] [TASK_1] [INFO] Total rows: 1 | Date range: 2024-01-02 to 2024-01-05
[2026-07-01 11:37:16] [TASK_1] [INFO] ============================================================
[2026-07-01 11:39:54] [TASK_1] [INFO] ============================================================
[2026-07-01 11:39:54] [TASK_1] [INFO] START TASK_1: Price Collection (vnstock OHLCV)
[2026-07-01 11:39:54] [TASK_1] [INFO] Timestamp: 2026-07-01T11:39:54.946517
[2026-07-01 11:39:54] [TASK_1] [INFO] ============================================================
[2026-07-01 11:39:54] [TASK_1] [ERROR] TASK FAILED: TASK_1 after 0.0 seconds
[2026-07-01 11:39:54] [TASK_1] [ERROR] Exception: Simulated failure
[2026-07-01 11:39:54] [TASK_1] [ERROR] Stack trace:
Traceback (most recent call last):
  File "C:\Users\User\KLTN_MASTER\pipeline\run_pipeline.py", line 659, in run_pipeline
    executor(config, task_logger, smoke_test=smoke_test)
  File "C:\Program Files\WindowsApps\PythonSoftwareFoundation.Python.3.10_3.10.3056.0_x64__qbz5n2kfra8p0\lib\unittest\mock.py", line 1114, in __call__
    return self._mock_call(*args, **kwargs)
  File "C:\Program Files\WindowsApps\PythonSoftwareFoundation.Python.3.10_3.10.3056.0_x64__qbz5n2kfra8p0\lib\unittest\mock.py", line 1118, in _mock_call
    return self._execute_mock_call(*args, **kwargs)
  File "C:\Program Files\WindowsApps\PythonSoftwareFoundation.Python.3.10_3.10.3056.0_x64__qbz5n2kfra8p0\lib\unittest\mock.py", line 1173, in _execute_mock_call
    raise effect
RuntimeError: Simulated failure

[2026-07-01 11:39:54] [TASK_1] [INFO] ============================================================
[2026-07-01 11:39:54] [TASK_1] [INFO] START TASK_1: Price Collection (vnstock OHLCV)
[2026-07-01 11:39:54] [TASK_1] [INFO] Timestamp: 2026-07-01T11:39:54.967604
[2026-07-01 11:39:54] [TASK_1] [INFO] ============================================================
[2026-07-01 11:39:54] [TASK_1] [ERROR] TASK FAILED: TASK_1 after 0.0 seconds
[2026-07-01 11:39:54] [TASK_1] [ERROR] Exception: Simulated failure
[2026-07-01 11:39:54] [TASK_1] [ERROR] Stack trace:
Traceback (most recent call last):
  File "C:\Users\User\KLTN_MASTER\pipeline\run_pipeline.py", line 659, in run_pipeline
    executor(config, task_logger, smoke_test=smoke_test)
  File "C:\Program Files\WindowsApps\PythonSoftwareFoundation.Python.3.10_3.10.3056.0_x64__qbz5n2kfra8p0\lib\unittest\mock.py", line 1114, in __call__
    return self._mock_call(*args, **kwargs)
  File "C:\Program Files\WindowsApps\PythonSoftwareFoundation.Python.3.10_3.10.3056.0_x64__qbz5n2kfra8p0\lib\unittest\mock.py", line 1118, in _mock_call
    return self._execute_mock_call(*args, **kwargs)
  File "C:\Program Files\WindowsApps\PythonSoftwareFoundation.Python.3.10_3.10.3056.0_x64__qbz5n2kfra8p0\lib\unittest\mock.py", line 1173, in _execute_mock_call
    raise effect
RuntimeError: Simulated failure

[2026-07-01 11:39:55] [TASK_1] [INFO] ============================================================
[2026-07-01 11:39:55] [TASK_1] [INFO] START TASK_1: Price Collection (vnstock OHLCV)
[2026-07-01 11:39:55] [TASK_1] [INFO] Timestamp: 2026-07-01T11:39:55.057026
[2026-07-01 11:39:55] [TASK_1] [INFO] ============================================================
[2026-07-01 11:39:55] [TASK_1] [INFO] ------------------------------------------------------------
[2026-07-01 11:39:55] [TASK_1] [INFO] END TASK_1 — completed in 0.0 seconds
[2026-07-01 11:39:55] [TASK_1] [INFO] ============================================================
[2026-07-01 11:39:55] [TASK_1] [INFO] ============================================================
[2026-07-01 11:39:55] [TASK_1] [INFO] START TASK_1: Price Collection (vnstock OHLCV)
[2026-07-01 11:39:55] [TASK_1] [INFO] Timestamp: 2026-07-01T11:39:55.768333
[2026-07-01 11:39:55] [TASK_1] [INFO] ============================================================
[2026-07-01 11:39:55] [TASK_1] [INFO] ------------------------------------------------------------
[2026-07-01 11:39:55] [TASK_1] [INFO] END TASK_1 — completed in 0.0 seconds
[2026-07-01 11:39:55] [TASK_1] [INFO] ============================================================
[2026-07-01 11:40:03] [TASK_1] [INFO] Validated 3 tickers total (3 VN30 + 0 expansion).
[2026-07-01 11:40:03] [TASK_1] [INFO] HOSE-80 expansion: 1 non-VN30 tickers included: INVALID
[2026-07-01 11:40:03] [TASK_1] [INFO] Validated 3 tickers total (2 VN30 + 1 expansion).
[2026-07-01 11:40:03] [TASK_1] [INFO] Validated 3 tickers total (3 VN30 + 0 expansion).
[2026-07-01 11:40:03] [TASK_1] [INFO] HOSE-80 expansion: 2 non-VN30 tickers included: INVALID1, INVALID2
[2026-07-01 11:40:03] [TASK_1] [INFO] Validated 2 tickers total (0 VN30 + 2 expansion).
[2026-07-01 11:40:03] [TASK_1] [INFO] Validated 30 tickers total (30 VN30 + 0 expansion).
[2026-07-01 11:40:03] [TASK_1] [WARNING] [2026-07-01 11:40:03] Error fetching VNM (attempt 1/3): API down
[2026-07-01 11:40:03] [TASK_1] [INFO] Retrying in 1s...
[2026-07-01 11:40:03] [TASK_1] [WARNING] [2026-07-01 11:40:03] Error fetching VNM (attempt 2/3): API down
[2026-07-01 11:40:03] [TASK_1] [INFO] Retrying in 2s...
[2026-07-01 11:40:03] [TASK_1] [WARNING] [2026-07-01 11:40:03] Error fetching VNM (attempt 3/3): API down
[2026-07-01 11:40:03] [TASK_1] [ERROR] [2026-07-01 11:40:03] Failed to fetch data for VNM after 3 attempts.
[2026-07-01 11:40:03] [TASK_1] [INFO] Fetched 2 rows for VNM (2024-01-02 to 2024-01-03).
[2026-07-01 11:40:03] [TASK_1] [WARNING] Empty data returned for VNM (attempt 1/3).
[2026-07-01 11:40:03] [TASK_1] [INFO] Retrying in 1s...
[2026-07-01 11:40:03] [TASK_1] [INFO] Fetched 1 rows for VNM (2024-01-02 to 2024-01-02).
[2026-07-01 11:40:03] [TASK_1] [INFO] ============================================================
[2026-07-01 11:40:03] [TASK_1] [INFO] TASK 1: Price Collection Started
[2026-07-01 11:40:03] [TASK_1] [INFO] Tickers: 1 | Date range: 2024-01-01 to 2024-01-10
[2026-07-01 11:40:03] [TASK_1] [INFO] ============================================================
[2026-07-01 11:40:03] [TASK_1] [INFO] Validated 1 tickers total (1 VN30 + 0 expansion).
[2026-07-01 11:40:03] [TASK_1] [INFO] Processing VNM (1/1)...
[2026-07-01 11:40:03] [TASK_1] [INFO] Saved VNM → C:\Users\User\AppData\Local\Temp\pytest-of-User\pytest-205\test_collect_prices_output_col0\prices\VNM.csv (2 rows)
[2026-07-01 11:40:03] [TASK_1] [INFO] Saved consolidated file → C:\Users\User\AppData\Local\Temp\pytest-of-User\pytest-205\test_collect_prices_output_col0\prices\all_vn30_prices.csv (2 rows, 1 tickers)
[2026-07-01 11:40:03] [TASK_1] [INFO] ============================================================
[2026-07-01 11:40:03] [TASK_1] [INFO] PRICE COLLECTION SUMMARY
[2026-07-01 11:40:03] [TASK_1] [INFO] ============================================================
[2026-07-01 11:40:03] [TASK_1] [INFO] Successfully collected: 1 tickers
[2026-07-01 11:40:03] [TASK_1] [INFO] Expected trading days (business-day calendar): 8
[2026-07-01 11:40:03] [TASK_1] [INFO] ------------------------------------------------------------
[2026-07-01 11:40:03] [TASK_1] [INFO] Ticker    Earliest      Latest    Days
[2026-07-01 11:40:03] [TASK_1] [INFO] ------------------------------------------------------------
[2026-07-01 11:40:03] [TASK_1] [INFO] VNM     2024-01-02  2024-01-03       2
[2026-07-01 11:40:03] [TASK_1] [WARNING] ⚠ VNM has 75.0% fewer trading days than expected (2 vs 8 expected). Check for missing data.
[2026-07-01 11:40:03] [TASK_1] [INFO] ------------------------------------------------------------
[2026-07-01 11:40:03] [TASK_1] [INFO] Total rows: 2 | Date range: 2024-01-01 to 2024-01-10
[2026-07-01 11:40:03] [TASK_1] [INFO] ============================================================
[2026-07-01 11:40:03] [TASK_1] [INFO] ============================================================
[2026-07-01 11:40:03] [TASK_1] [INFO] TASK 1: Price Collection Started
[2026-07-01 11:40:03] [TASK_1] [INFO] Tickers: 2 | Date range: 2024-01-01 to 2024-01-10
[2026-07-01 11:40:03] [TASK_1] [INFO] ============================================================
[2026-07-01 11:40:03] [TASK_1] [INFO] Validated 2 tickers total (2 VN30 + 0 expansion).
[2026-07-01 11:40:03] [TASK_1] [INFO] Processing VNM (1/2)...
[2026-07-01 11:40:03] [TASK_1] [INFO] Saved VNM → C:\Users\User\AppData\Local\Temp\pytest-of-User\pytest-205\test_individual_ticker_csv_sav0\prices\VNM.csv (1 rows)
[2026-07-01 11:40:04] [TASK_1] [INFO] Processing FPT (2/2)...
[2026-07-01 11:40:04] [TASK_1] [INFO] Saved FPT → C:\Users\User\AppData\Local\Temp\pytest-of-User\pytest-205\test_individual_ticker_csv_sav0\prices\FPT.csv (1 rows)
[2026-07-01 11:40:04] [TASK_1] [INFO] Saved consolidated file → C:\Users\User\AppData\Local\Temp\pytest-of-User\pytest-205\test_individual_ticker_csv_sav0\prices\all_vn30_prices.csv (2 rows, 2 tickers)
[2026-07-01 11:40:04] [TASK_1] [INFO] ============================================================
[2026-07-01 11:40:04] [TASK_1] [INFO] PRICE COLLECTION SUMMARY
[2026-07-01 11:40:04] [TASK_1] [INFO] ============================================================
[2026-07-01 11:40:04] [TASK_1] [INFO] Successfully collected: 2 tickers
[2026-07-01 11:40:04] [TASK_1] [INFO] Expected trading days (business-day calendar): 8
[2026-07-01 11:40:04] [TASK_1] [INFO] ------------------------------------------------------------
[2026-07-01 11:40:04] [TASK_1] [INFO] Ticker    Earliest      Latest    Days
[2026-07-01 11:40:04] [TASK_1] [INFO] ------------------------------------------------------------
[2026-07-01 11:40:04] [TASK_1] [INFO] FPT     2024-01-02  2024-01-02       1
[2026-07-01 11:40:04] [TASK_1] [WARNING] ⚠ FPT has 87.5% fewer trading days than expected (1 vs 8 expected). Check for missing data.
[2026-07-01 11:40:04] [TASK_1] [INFO] VNM     2024-01-02  2024-01-02       1
[2026-07-01 11:40:04] [TASK_1] [WARNING] ⚠ VNM has 87.5% fewer trading days than expected (1 vs 8 expected). Check for missing data.
[2026-07-01 11:40:04] [TASK_1] [INFO] ------------------------------------------------------------
[2026-07-01 11:40:04] [TASK_1] [INFO] Total rows: 2 | Date range: 2024-01-01 to 2024-01-10
[2026-07-01 11:40:04] [TASK_1] [INFO] ============================================================
[2026-07-01 11:40:04] [TASK_1] [INFO] ============================================================
[2026-07-01 11:40:04] [TASK_1] [INFO] TASK 1: Price Collection Started
[2026-07-01 11:40:04] [TASK_1] [INFO] Tickers: 2 | Date range: 2024-01-01 to 2024-01-10
[2026-07-01 11:40:04] [TASK_1] [INFO] ============================================================
[2026-07-01 11:40:04] [TASK_1] [INFO] Validated 2 tickers total (2 VN30 + 0 expansion).
[2026-07-01 11:40:04] [TASK_1] [INFO] Processing VNM (1/2)...
[2026-07-01 11:40:04] [TASK_1] [INFO] Saved VNM → C:\Users\User\AppData\Local\Temp\pytest-of-User\pytest-205\test_consolidated_csv_has_tick0\prices\VNM.csv (1 rows)
[2026-07-01 11:40:04] [TASK_1] [INFO] Processing FPT (2/2)...
[2026-07-01 11:40:04] [TASK_1] [INFO] Saved FPT → C:\Users\User\AppData\Local\Temp\pytest-of-User\pytest-205\test_consolidated_csv_has_tick0\prices\FPT.csv (1 rows)
[2026-07-01 11:40:04] [TASK_1] [INFO] Saved consolidated file → C:\Users\User\AppData\Local\Temp\pytest-of-User\pytest-205\test_consolidated_csv_has_tick0\prices\all_vn30_prices.csv (2 rows, 2 tickers)
[2026-07-01 11:40:04] [TASK_1] [INFO] ============================================================
[2026-07-01 11:40:04] [TASK_1] [INFO] PRICE COLLECTION SUMMARY
[2026-07-01 11:40:04] [TASK_1] [INFO] ============================================================
[2026-07-01 11:40:04] [TASK_1] [INFO] Successfully collected: 2 tickers
[2026-07-01 11:40:04] [TASK_1] [INFO] Expected trading days (business-day calendar): 8
[2026-07-01 11:40:04] [TASK_1] [INFO] ------------------------------------------------------------
[2026-07-01 11:40:04] [TASK_1] [INFO] Ticker    Earliest      Latest    Days
[2026-07-01 11:40:04] [TASK_1] [INFO] ------------------------------------------------------------
[2026-07-01 11:40:04] [TASK_1] [INFO] FPT     2024-01-02  2024-01-02       1
[2026-07-01 11:40:04] [TASK_1] [WARNING] ⚠ FPT has 87.5% fewer trading days than expected (1 vs 8 expected). Check for missing data.
[2026-07-01 11:40:04] [TASK_1] [INFO] VNM     2024-01-02  2024-01-02       1
[2026-07-01 11:40:04] [TASK_1] [WARNING] ⚠ VNM has 87.5% fewer trading days than expected (1 vs 8 expected). Check for missing data.
[2026-07-01 11:40:04] [TASK_1] [INFO] ------------------------------------------------------------
[2026-07-01 11:40:04] [TASK_1] [INFO] Total rows: 2 | Date range: 2024-01-01 to 2024-01-10
[2026-07-01 11:40:04] [TASK_1] [INFO] ============================================================
[2026-07-01 11:40:04] [TASK_1] [INFO] ============================================================
[2026-07-01 11:40:04] [TASK_1] [INFO] TASK 1: Price Collection Started
[2026-07-01 11:40:04] [TASK_1] [INFO] Tickers: 1 | Date range: 2024-01-01 to 2024-01-10
[2026-07-01 11:40:04] [TASK_1] [INFO] ============================================================
[2026-07-01 11:40:04] [TASK_1] [INFO] Validated 1 tickers total (1 VN30 + 0 expansion).
[2026-07-01 11:40:04] [TASK_1] [INFO] Processing VNM (1/1)...
[2026-07-01 11:40:04] [TASK_1] [ERROR] [2026-07-01 11:40:04] FAILED: VNM — no data collected. Continuing with remaining tickers.
[2026-07-01 11:40:04] [TASK_1] [INFO] ============================================================
[2026-07-01 11:40:04] [TASK_1] [INFO] TASK 1: Price Collection Started
[2026-07-01 11:40:04] [TASK_1] [INFO] Tickers: 2 | Date range: 2024-01-01 to 2024-01-10
[2026-07-01 11:40:04] [TASK_1] [INFO] ============================================================
[2026-07-01 11:40:04] [TASK_1] [INFO] Validated 2 tickers total (2 VN30 + 0 expansion).
[2026-07-01 11:40:04] [TASK_1] [INFO] Processing VNM (1/2)...
[2026-07-01 11:40:04] [TASK_1] [INFO] Saved VNM → C:\Users\User\AppData\Local\Temp\pytest-of-User\pytest-205\test_partial_failure_continues0\prices\VNM.csv (1 rows)
[2026-07-01 11:40:05] [TASK_1] [INFO] Processing FPT (2/2)...
[2026-07-01 11:40:05] [TASK_1] [ERROR] [2026-07-01 11:40:05] FAILED: FPT — no data collected. Continuing with remaining tickers.
[2026-07-01 11:40:05] [TASK_1] [INFO] Saved consolidated file → C:\Users\User\AppData\Local\Temp\pytest-of-User\pytest-205\test_partial_failure_continues0\prices\all_vn30_prices.csv (1 rows, 1 tickers)
[2026-07-01 11:40:05] [TASK_1] [INFO] ============================================================
[2026-07-01 11:40:05] [TASK_1] [INFO] PRICE COLLECTION SUMMARY
[2026-07-01 11:40:05] [TASK_1] [INFO] ============================================================
[2026-07-01 11:40:05] [TASK_1] [INFO] Successfully collected: 1 tickers
[2026-07-01 11:40:05] [TASK_1] [WARNING] Failed tickers: FPT
[2026-07-01 11:40:05] [TASK_1] [INFO] Expected trading days (business-day calendar): 8
[2026-07-01 11:40:05] [TASK_1] [INFO] ------------------------------------------------------------
[2026-07-01 11:40:05] [TASK_1] [INFO] Ticker    Earliest      Latest    Days
[2026-07-01 11:40:05] [TASK_1] [INFO] ------------------------------------------------------------
[2026-07-01 11:40:05] [TASK_1] [INFO] VNM     2024-01-02  2024-01-02       1
[2026-07-01 11:40:05] [TASK_1] [WARNING] ⚠ VNM has 87.5% fewer trading days than expected (1 vs 8 expected). Check for missing data.
[2026-07-01 11:40:05] [TASK_1] [INFO] ------------------------------------------------------------
[2026-07-01 11:40:05] [TASK_1] [INFO] Total rows: 1 | Date range: 2024-01-01 to 2024-01-10
[2026-07-01 11:40:05] [TASK_1] [INFO] ============================================================
[2026-07-01 11:40:05] [TASK_1] [WARNING] [2026-07-01 11:40:05] Error fetching VNM (attempt 1/3): API down
[2026-07-01 11:40:05] [TASK_1] [WARNING] [2026-07-01 11:40:05] Error fetching VNM (attempt 2/3): API down
[2026-07-01 11:40:05] [TASK_1] [WARNING] [2026-07-01 11:40:05] Error fetching VNM (attempt 3/3): API down
[2026-07-01 11:40:05] [TASK_1] [ERROR] [2026-07-01 11:40:05] Failed to fetch data for VNM after 3 attempts.
[2026-07-01 11:40:05] [TASK_1] [WARNING] [2026-07-01 11:40:05] Error fetching VNM (attempt 1/3): API down
[2026-07-01 11:40:05] [TASK_1] [WARNING] [2026-07-01 11:40:05] Error fetching VNM (attempt 2/3): API down
[2026-07-01 11:40:05] [TASK_1] [WARNING] [2026-07-01 11:40:05] Error fetching VNM (attempt 3/3): API down
[2026-07-01 11:40:05] [TASK_1] [ERROR] [2026-07-01 11:40:05] Failed to fetch data for VNM after 3 attempts.
[2026-07-01 11:40:05] [TASK_1] [INFO] ============================================================
[2026-07-01 11:40:05] [TASK_1] [INFO] TASK 1: Price Collection Started
[2026-07-01 11:40:05] [TASK_1] [INFO] Tickers: 3 | Date range: 2024-01-01 to 2024-01-10
[2026-07-01 11:40:05] [TASK_1] [INFO] ============================================================
[2026-07-01 11:40:05] [TASK_1] [INFO] Validated 3 tickers total (3 VN30 + 0 expansion).
[2026-07-01 11:40:05] [TASK_1] [INFO] Processing VNM (1/3)...
[2026-07-01 11:40:05] [TASK_1] [ERROR] [2026-07-01 11:40:05] FAILED: VNM — no data collected. Continuing with remaining tickers.
[2026-07-01 11:40:05] [TASK_1] [INFO] Processing VCB (2/3)...
[2026-07-01 11:40:05] [TASK_1] [INFO] Saved VCB → C:\Users\User\AppData\Local\Temp\pytest-of-User\pytest-205\test_continues_after_ticker_fa0\prices\VCB.csv (2 rows)
[2026-07-01 11:40:06] [TASK_1] [INFO] Processing FPT (3/3)...
[2026-07-01 11:40:06] [TASK_1] [INFO] Saved FPT → C:\Users\User\AppData\Local\Temp\pytest-of-User\pytest-205\test_continues_after_ticker_fa0\prices\FPT.csv (2 rows)
[2026-07-01 11:40:06] [TASK_1] [INFO] Saved consolidated file → C:\Users\User\AppData\Local\Temp\pytest-of-User\pytest-205\test_continues_after_ticker_fa0\prices\all_vn30_prices.csv (4 rows, 2 tickers)
[2026-07-01 11:40:06] [TASK_1] [INFO] ============================================================
[2026-07-01 11:40:06] [TASK_1] [INFO] PRICE COLLECTION SUMMARY
[2026-07-01 11:40:06] [TASK_1] [INFO] ============================================================
[2026-07-01 11:40:06] [TASK_1] [INFO] Successfully collected: 2 tickers
[2026-07-01 11:40:06] [TASK_1] [WARNING] Failed tickers: VNM
[2026-07-01 11:40:06] [TASK_1] [INFO] Expected trading days (business-day calendar): 8
[2026-07-01 11:40:06] [TASK_1] [INFO] ------------------------------------------------------------
[2026-07-01 11:40:06] [TASK_1] [INFO] Ticker    Earliest      Latest    Days
[2026-07-01 11:40:06] [TASK_1] [INFO] ------------------------------------------------------------
[2026-07-01 11:40:06] [TASK_1] [INFO] FPT     2024-01-02  2024-01-03       2
[2026-07-01 11:40:06] [TASK_1] [WARNING] ⚠ FPT has 75.0% fewer trading days than expected (2 vs 8 expected). Check for missing data.
[2026-07-01 11:40:06] [TASK_1] [INFO] VCB     2024-01-02  2024-01-03       2
[2026-07-01 11:40:06] [TASK_1] [WARNING] ⚠ VCB has 75.0% fewer trading days than expected (2 vs 8 expected). Check for missing data.
[2026-07-01 11:40:06] [TASK_1] [INFO] ------------------------------------------------------------
[2026-07-01 11:40:06] [TASK_1] [INFO] Total rows: 4 | Date range: 2024-01-01 to 2024-01-10
[2026-07-01 11:40:06] [TASK_1] [INFO] ============================================================
[2026-07-01 11:40:06] [TASK_1] [ERROR] [2026-07-01 11:40:06] FAILED: FPT — no data collected. Continuing with remaining tickers.
[2026-07-01 11:40:06] [TASK_1] [WARNING] Failed tickers: FPT
[2026-07-01 11:40:06] [TASK_1] [WARNING] ⚠ VNM has 87.5% fewer trading days than expected (1 vs 8 expected). Check for missing data.
[2026-07-01 11:40:06] [TASK_1] [INFO] ============================================================
[2026-07-01 11:40:06] [TASK_1] [INFO] PRICE COLLECTION SUMMARY
[2026-07-01 11:40:06] [TASK_1] [INFO] ============================================================
[2026-07-01 11:40:06] [TASK_1] [INFO] Successfully collected: 2 tickers
[2026-07-01 11:40:06] [TASK_1] [INFO] Expected trading days (business-day calendar): 3
[2026-07-01 11:40:06] [TASK_1] [INFO] ------------------------------------------------------------
[2026-07-01 11:40:06] [TASK_1] [INFO] Ticker    Earliest      Latest    Days
[2026-07-01 11:40:06] [TASK_1] [INFO] ------------------------------------------------------------
[2026-07-01 11:40:06] [TASK_1] [INFO] FPT     2024-01-02  2024-01-03       2
[2026-07-01 11:40:06] [TASK_1] [WARNING] ⚠ FPT has 33.3% fewer trading days than expected (2 vs 3 expected). Check for missing data.
[2026-07-01 11:40:06] [TASK_1] [INFO] VNM     2024-01-02  2024-01-04       3
[2026-07-01 11:40:06] [TASK_1] [INFO] ------------------------------------------------------------
[2026-07-01 11:40:06] [TASK_1] [INFO] Total rows: 5 | Date range: 2024-01-02 to 2024-01-04
[2026-07-01 11:40:06] [TASK_1] [INFO] ============================================================
[2026-07-01 11:40:06] [TASK_1] [WARNING] ⚠ FPT has 53.1% fewer trading days than expected (30 vs 64 expected). Check for missing data.
[2026-07-01 11:40:06] [TASK_1] [WARNING] ⚠ VNM has 6.2% fewer trading days than expected (60 vs 64 expected). Check for missing data.
[2026-07-01 11:40:06] [TASK_1] [WARNING] Failed tickers: FPT, VCB
[2026-07-01 11:40:06] [TASK_1] [INFO] ============================================================
[2026-07-01 11:40:06] [TASK_1] [INFO] PRICE COLLECTION SUMMARY
[2026-07-01 11:40:06] [TASK_1] [INFO] ============================================================
[2026-07-01 11:40:06] [TASK_1] [INFO] Successfully collected: 1 tickers
[2026-07-01 11:40:06] [TASK_1] [INFO] Expected trading days (business-day calendar): 4
[2026-07-01 11:40:06] [TASK_1] [INFO] ------------------------------------------------------------
[2026-07-01 11:40:06] [TASK_1] [INFO] Ticker    Earliest      Latest    Days
[2026-07-01 11:40:06] [TASK_1] [INFO] ------------------------------------------------------------
[2026-07-01 11:40:06] [TASK_1] [INFO] VNM     2024-01-02  2024-01-02       1
[2026-07-01 11:40:06] [TASK_1] [WARNING] ⚠ VNM has 75.0% fewer trading days than expected (1 vs 4 expected). Check for missing data.
[2026-07-01 11:40:06] [TASK_1] [INFO] ------------------------------------------------------------
[2026-07-01 11:40:06] [TASK_1] [INFO] Total rows: 1 | Date range: 2024-01-02 to 2024-01-05
[2026-07-01 11:40:06] [TASK_1] [INFO] ============================================================
[2026-07-01 11:40:41] [TASK_1] [INFO] ============================================================
[2026-07-01 11:40:41] [TASK_1] [INFO] START TASK_1: Price Collection (vnstock OHLCV)
[2026-07-01 11:40:41] [TASK_1] [INFO] Timestamp: 2026-07-01T11:40:41.676747
[2026-07-01 11:40:41] [TASK_1] [INFO] ============================================================
[2026-07-01 11:40:41] [TASK_1] [ERROR] TASK FAILED: TASK_1 after 0.0 seconds
[2026-07-01 11:40:41] [TASK_1] [ERROR] Exception: Simulated failure
[2026-07-01 11:40:41] [TASK_1] [ERROR] Stack trace:
Traceback (most recent call last):
  File "C:\Users\User\KLTN_MASTER\pipeline\run_pipeline.py", line 659, in run_pipeline
    executor(config, task_logger, smoke_test=smoke_test)
  File "C:\Program Files\WindowsApps\PythonSoftwareFoundation.Python.3.10_3.10.3056.0_x64__qbz5n2kfra8p0\lib\unittest\mock.py", line 1114, in __call__
    return self._mock_call(*args, **kwargs)
  File "C:\Program Files\WindowsApps\PythonSoftwareFoundation.Python.3.10_3.10.3056.0_x64__qbz5n2kfra8p0\lib\unittest\mock.py", line 1118, in _mock_call
    return self._execute_mock_call(*args, **kwargs)
  File "C:\Program Files\WindowsApps\PythonSoftwareFoundation.Python.3.10_3.10.3056.0_x64__qbz5n2kfra8p0\lib\unittest\mock.py", line 1173, in _execute_mock_call
    raise effect
RuntimeError: Simulated failure

[2026-07-01 11:40:41] [TASK_1] [INFO] ============================================================
[2026-07-01 11:40:41] [TASK_1] [INFO] START TASK_1: Price Collection (vnstock OHLCV)
[2026-07-01 11:40:41] [TASK_1] [INFO] Timestamp: 2026-07-01T11:40:41.692373
[2026-07-01 11:40:41] [TASK_1] [INFO] ============================================================
[2026-07-01 11:40:41] [TASK_1] [ERROR] TASK FAILED: TASK_1 after 0.0 seconds
[2026-07-01 11:40:41] [TASK_1] [ERROR] Exception: Simulated failure
[2026-07-01 11:40:41] [TASK_1] [ERROR] Stack trace:
Traceback (most recent call last):
  File "C:\Users\User\KLTN_MASTER\pipeline\run_pipeline.py", line 659, in run_pipeline
    executor(config, task_logger, smoke_test=smoke_test)
  File "C:\Program Files\WindowsApps\PythonSoftwareFoundation.Python.3.10_3.10.3056.0_x64__qbz5n2kfra8p0\lib\unittest\mock.py", line 1114, in __call__
    return self._mock_call(*args, **kwargs)
  File "C:\Program Files\WindowsApps\PythonSoftwareFoundation.Python.3.10_3.10.3056.0_x64__qbz5n2kfra8p0\lib\unittest\mock.py", line 1118, in _mock_call
    return self._execute_mock_call(*args, **kwargs)
  File "C:\Program Files\WindowsApps\PythonSoftwareFoundation.Python.3.10_3.10.3056.0_x64__qbz5n2kfra8p0\lib\unittest\mock.py", line 1173, in _execute_mock_call
    raise effect
RuntimeError: Simulated failure

[2026-07-01 11:40:41] [TASK_1] [INFO] ============================================================
[2026-07-01 11:40:41] [TASK_1] [INFO] START TASK_1: Price Collection (vnstock OHLCV)
[2026-07-01 11:40:41] [TASK_1] [INFO] Timestamp: 2026-07-01T11:40:41.816386
[2026-07-01 11:40:41] [TASK_1] [INFO] ============================================================
[2026-07-01 11:40:41] [TASK_1] [INFO] ------------------------------------------------------------
[2026-07-01 11:40:41] [TASK_1] [INFO] END TASK_1 — completed in 0.0 seconds
[2026-07-01 11:40:41] [TASK_1] [INFO] ============================================================
[2026-07-01 11:40:42] [TASK_1] [INFO] ============================================================
[2026-07-01 11:40:42] [TASK_1] [INFO] START TASK_1: Price Collection (vnstock OHLCV)
[2026-07-01 11:40:42] [TASK_1] [INFO] Timestamp: 2026-07-01T11:40:42.563916
[2026-07-01 11:40:42] [TASK_1] [INFO] ============================================================
[2026-07-01 11:40:42] [TASK_1] [INFO] ------------------------------------------------------------
[2026-07-01 11:40:42] [TASK_1] [INFO] END TASK_1 — completed in 0.0 seconds
[2026-07-01 11:40:42] [TASK_1] [INFO] ============================================================
[2026-07-01 11:40:49] [TASK_1] [INFO] Validated 3 tickers total (3 VN30 + 0 expansion).
[2026-07-01 11:40:49] [TASK_1] [INFO] HOSE-80 expansion: 1 non-VN30 tickers included: INVALID
[2026-07-01 11:40:49] [TASK_1] [INFO] Validated 3 tickers total (2 VN30 + 1 expansion).
[2026-07-01 11:40:49] [TASK_1] [INFO] Validated 3 tickers total (3 VN30 + 0 expansion).
[2026-07-01 11:40:49] [TASK_1] [INFO] HOSE-80 expansion: 2 non-VN30 tickers included: INVALID1, INVALID2
[2026-07-01 11:40:49] [TASK_1] [INFO] Validated 2 tickers total (0 VN30 + 2 expansion).
[2026-07-01 11:40:49] [TASK_1] [INFO] Validated 30 tickers total (30 VN30 + 0 expansion).
[2026-07-01 11:40:49] [TASK_1] [WARNING] [2026-07-01 11:40:49] Error fetching VNM (attempt 1/3): API down
[2026-07-01 11:40:49] [TASK_1] [INFO] Retrying in 1s...
[2026-07-01 11:40:49] [TASK_1] [WARNING] [2026-07-01 11:40:49] Error fetching VNM (attempt 2/3): API down
[2026-07-01 11:40:49] [TASK_1] [INFO] Retrying in 2s...
[2026-07-01 11:40:49] [TASK_1] [WARNING] [2026-07-01 11:40:49] Error fetching VNM (attempt 3/3): API down
[2026-07-01 11:40:49] [TASK_1] [ERROR] [2026-07-01 11:40:49] Failed to fetch data for VNM after 3 attempts.
[2026-07-01 11:40:49] [TASK_1] [INFO] Fetched 2 rows for VNM (2024-01-02 to 2024-01-03).
[2026-07-01 11:40:49] [TASK_1] [WARNING] Empty data returned for VNM (attempt 1/3).
[2026-07-01 11:40:49] [TASK_1] [INFO] Retrying in 1s...
[2026-07-01 11:40:49] [TASK_1] [INFO] Fetched 1 rows for VNM (2024-01-02 to 2024-01-02).
[2026-07-01 11:40:49] [TASK_1] [INFO] ============================================================
[2026-07-01 11:40:49] [TASK_1] [INFO] TASK 1: Price Collection Started
[2026-07-01 11:40:49] [TASK_1] [INFO] Tickers: 1 | Date range: 2024-01-01 to 2024-01-10
[2026-07-01 11:40:49] [TASK_1] [INFO] ============================================================
[2026-07-01 11:40:49] [TASK_1] [INFO] Validated 1 tickers total (1 VN30 + 0 expansion).
[2026-07-01 11:40:49] [TASK_1] [INFO] Processing VNM (1/1)...
[2026-07-01 11:40:49] [TASK_1] [INFO] Saved VNM → C:\Users\User\AppData\Local\Temp\pytest-of-User\pytest-206\test_collect_prices_output_col0\prices\VNM.csv (2 rows)
[2026-07-01 11:40:49] [TASK_1] [INFO] Saved consolidated file → C:\Users\User\AppData\Local\Temp\pytest-of-User\pytest-206\test_collect_prices_output_col0\prices\all_vn30_prices.csv (2 rows, 1 tickers)
[2026-07-01 11:40:49] [TASK_1] [INFO] ============================================================
[2026-07-01 11:40:49] [TASK_1] [INFO] PRICE COLLECTION SUMMARY
[2026-07-01 11:40:49] [TASK_1] [INFO] ============================================================
[2026-07-01 11:40:49] [TASK_1] [INFO] Successfully collected: 1 tickers
[2026-07-01 11:40:49] [TASK_1] [INFO] Expected trading days (business-day calendar): 8
[2026-07-01 11:40:49] [TASK_1] [INFO] ------------------------------------------------------------
[2026-07-01 11:40:49] [TASK_1] [INFO] Ticker    Earliest      Latest    Days
[2026-07-01 11:40:49] [TASK_1] [INFO] ------------------------------------------------------------
[2026-07-01 11:40:49] [TASK_1] [INFO] VNM     2024-01-02  2024-01-03       2
[2026-07-01 11:40:49] [TASK_1] [WARNING] ⚠ VNM has 75.0% fewer trading days than expected (2 vs 8 expected). Check for missing data.
[2026-07-01 11:40:49] [TASK_1] [INFO] ------------------------------------------------------------
[2026-07-01 11:40:49] [TASK_1] [INFO] Total rows: 2 | Date range: 2024-01-01 to 2024-01-10
[2026-07-01 11:40:49] [TASK_1] [INFO] ============================================================
[2026-07-01 11:40:49] [TASK_1] [INFO] ============================================================
[2026-07-01 11:40:49] [TASK_1] [INFO] TASK 1: Price Collection Started
[2026-07-01 11:40:49] [TASK_1] [INFO] Tickers: 2 | Date range: 2024-01-01 to 2024-01-10
[2026-07-01 11:40:49] [TASK_1] [INFO] ============================================================
[2026-07-01 11:40:49] [TASK_1] [INFO] Validated 2 tickers total (2 VN30 + 0 expansion).
[2026-07-01 11:40:49] [TASK_1] [INFO] Processing VNM (1/2)...
[2026-07-01 11:40:49] [TASK_1] [INFO] Saved VNM → C:\Users\User\AppData\Local\Temp\pytest-of-User\pytest-206\test_individual_ticker_csv_sav0\prices\VNM.csv (1 rows)
[2026-07-01 11:40:50] [TASK_1] [INFO] Processing FPT (2/2)...
[2026-07-01 11:40:50] [TASK_1] [INFO] Saved FPT → C:\Users\User\AppData\Local\Temp\pytest-of-User\pytest-206\test_individual_ticker_csv_sav0\prices\FPT.csv (1 rows)
[2026-07-01 11:40:50] [TASK_1] [INFO] Saved consolidated file → C:\Users\User\AppData\Local\Temp\pytest-of-User\pytest-206\test_individual_ticker_csv_sav0\prices\all_vn30_prices.csv (2 rows, 2 tickers)
[2026-07-01 11:40:50] [TASK_1] [INFO] ============================================================
[2026-07-01 11:40:50] [TASK_1] [INFO] PRICE COLLECTION SUMMARY
[2026-07-01 11:40:50] [TASK_1] [INFO] ============================================================
[2026-07-01 11:40:50] [TASK_1] [INFO] Successfully collected: 2 tickers
[2026-07-01 11:40:50] [TASK_1] [INFO] Expected trading days (business-day calendar): 8
[2026-07-01 11:40:50] [TASK_1] [INFO] ------------------------------------------------------------
[2026-07-01 11:40:50] [TASK_1] [INFO] Ticker    Earliest      Latest    Days
[2026-07-01 11:40:50] [TASK_1] [INFO] ------------------------------------------------------------
[2026-07-01 11:40:50] [TASK_1] [INFO] FPT     2024-01-02  2024-01-02       1
[2026-07-01 11:40:50] [TASK_1] [WARNING] ⚠ FPT has 87.5% fewer trading days than expected (1 vs 8 expected). Check for missing data.
[2026-07-01 11:40:50] [TASK_1] [INFO] VNM     2024-01-02  2024-01-02       1
[2026-07-01 11:40:50] [TASK_1] [WARNING] ⚠ VNM has 87.5% fewer trading days than expected (1 vs 8 expected). Check for missing data.
[2026-07-01 11:40:50] [TASK_1] [INFO] ------------------------------------------------------------
[2026-07-01 11:40:50] [TASK_1] [INFO] Total rows: 2 | Date range: 2024-01-01 to 2024-01-10
[2026-07-01 11:40:50] [TASK_1] [INFO] ============================================================
[2026-07-01 11:40:50] [TASK_1] [INFO] ============================================================
[2026-07-01 11:40:50] [TASK_1] [INFO] TASK 1: Price Collection Started
[2026-07-01 11:40:50] [TASK_1] [INFO] Tickers: 2 | Date range: 2024-01-01 to 2024-01-10
[2026-07-01 11:40:50] [TASK_1] [INFO] ============================================================
[2026-07-01 11:40:50] [TASK_1] [INFO] Validated 2 tickers total (2 VN30 + 0 expansion).
[2026-07-01 11:40:50] [TASK_1] [INFO] Processing VNM (1/2)...
[2026-07-01 11:40:50] [TASK_1] [INFO] Saved VNM → C:\Users\User\AppData\Local\Temp\pytest-of-User\pytest-206\test_consolidated_csv_has_tick0\prices\VNM.csv (1 rows)
[2026-07-01 11:40:50] [TASK_1] [INFO] Processing FPT (2/2)...
[2026-07-01 11:40:50] [TASK_1] [INFO] Saved FPT → C:\Users\User\AppData\Local\Temp\pytest-of-User\pytest-206\test_consolidated_csv_has_tick0\prices\FPT.csv (1 rows)
[2026-07-01 11:40:50] [TASK_1] [INFO] Saved consolidated file → C:\Users\User\AppData\Local\Temp\pytest-of-User\pytest-206\test_consolidated_csv_has_tick0\prices\all_vn30_prices.csv (2 rows, 2 tickers)
[2026-07-01 11:40:50] [TASK_1] [INFO] ============================================================
[2026-07-01 11:40:50] [TASK_1] [INFO] PRICE COLLECTION SUMMARY
[2026-07-01 11:40:50] [TASK_1] [INFO] ============================================================
[2026-07-01 11:40:50] [TASK_1] [INFO] Successfully collected: 2 tickers
[2026-07-01 11:40:50] [TASK_1] [INFO] Expected trading days (business-day calendar): 8
[2026-07-01 11:40:50] [TASK_1] [INFO] ------------------------------------------------------------
[2026-07-01 11:40:50] [TASK_1] [INFO] Ticker    Earliest      Latest    Days
[2026-07-01 11:40:50] [TASK_1] [INFO] ------------------------------------------------------------
[2026-07-01 11:40:50] [TASK_1] [INFO] FPT     2024-01-02  2024-01-02       1
[2026-07-01 11:40:50] [TASK_1] [WARNING] ⚠ FPT has 87.5% fewer trading days than expected (1 vs 8 expected). Check for missing data.
[2026-07-01 11:40:50] [TASK_1] [INFO] VNM     2024-01-02  2024-01-02       1
[2026-07-01 11:40:50] [TASK_1] [WARNING] ⚠ VNM has 87.5% fewer trading days than expected (1 vs 8 expected). Check for missing data.
[2026-07-01 11:40:50] [TASK_1] [INFO] ------------------------------------------------------------
[2026-07-01 11:40:50] [TASK_1] [INFO] Total rows: 2 | Date range: 2024-01-01 to 2024-01-10
[2026-07-01 11:40:50] [TASK_1] [INFO] ============================================================
[2026-07-01 11:40:50] [TASK_1] [INFO] ============================================================
[2026-07-01 11:40:50] [TASK_1] [INFO] TASK 1: Price Collection Started
[2026-07-01 11:40:50] [TASK_1] [INFO] Tickers: 1 | Date range: 2024-01-01 to 2024-01-10
[2026-07-01 11:40:50] [TASK_1] [INFO] ============================================================
[2026-07-01 11:40:50] [TASK_1] [INFO] Validated 1 tickers total (1 VN30 + 0 expansion).
[2026-07-01 11:40:50] [TASK_1] [INFO] Processing VNM (1/1)...
[2026-07-01 11:40:50] [TASK_1] [ERROR] [2026-07-01 11:40:50] FAILED: VNM — no data collected. Continuing with remaining tickers.
[2026-07-01 11:40:50] [TASK_1] [INFO] ============================================================
[2026-07-01 11:40:50] [TASK_1] [INFO] TASK 1: Price Collection Started
[2026-07-01 11:40:50] [TASK_1] [INFO] Tickers: 2 | Date range: 2024-01-01 to 2024-01-10
[2026-07-01 11:40:50] [TASK_1] [INFO] ============================================================
[2026-07-01 11:40:50] [TASK_1] [INFO] Validated 2 tickers total (2 VN30 + 0 expansion).
[2026-07-01 11:40:50] [TASK_1] [INFO] Processing VNM (1/2)...
[2026-07-01 11:40:50] [TASK_1] [INFO] Saved VNM → C:\Users\User\AppData\Local\Temp\pytest-of-User\pytest-206\test_partial_failure_continues0\prices\VNM.csv (1 rows)
[2026-07-01 11:40:51] [TASK_1] [INFO] Processing FPT (2/2)...
[2026-07-01 11:40:51] [TASK_1] [ERROR] [2026-07-01 11:40:51] FAILED: FPT — no data collected. Continuing with remaining tickers.
[2026-07-01 11:40:51] [TASK_1] [INFO] Saved consolidated file → C:\Users\User\AppData\Local\Temp\pytest-of-User\pytest-206\test_partial_failure_continues0\prices\all_vn30_prices.csv (1 rows, 1 tickers)
[2026-07-01 11:40:51] [TASK_1] [INFO] ============================================================
[2026-07-01 11:40:51] [TASK_1] [INFO] PRICE COLLECTION SUMMARY
[2026-07-01 11:40:51] [TASK_1] [INFO] ============================================================
[2026-07-01 11:40:51] [TASK_1] [INFO] Successfully collected: 1 tickers
[2026-07-01 11:40:51] [TASK_1] [WARNING] Failed tickers: FPT
[2026-07-01 11:40:51] [TASK_1] [INFO] Expected trading days (business-day calendar): 8
[2026-07-01 11:40:51] [TASK_1] [INFO] ------------------------------------------------------------
[2026-07-01 11:40:51] [TASK_1] [INFO] Ticker    Earliest      Latest    Days
[2026-07-01 11:40:51] [TASK_1] [INFO] ------------------------------------------------------------
[2026-07-01 11:40:51] [TASK_1] [INFO] VNM     2024-01-02  2024-01-02       1
[2026-07-01 11:40:51] [TASK_1] [WARNING] ⚠ VNM has 87.5% fewer trading days than expected (1 vs 8 expected). Check for missing data.
[2026-07-01 11:40:51] [TASK_1] [INFO] ------------------------------------------------------------
[2026-07-01 11:40:51] [TASK_1] [INFO] Total rows: 1 | Date range: 2024-01-01 to 2024-01-10
[2026-07-01 11:40:51] [TASK_1] [INFO] ============================================================
[2026-07-01 11:40:51] [TASK_1] [WARNING] [2026-07-01 11:40:51] Error fetching VNM (attempt 1/3): API down
[2026-07-01 11:40:51] [TASK_1] [WARNING] [2026-07-01 11:40:51] Error fetching VNM (attempt 2/3): API down
[2026-07-01 11:40:51] [TASK_1] [WARNING] [2026-07-01 11:40:51] Error fetching VNM (attempt 3/3): API down
[2026-07-01 11:40:51] [TASK_1] [ERROR] [2026-07-01 11:40:51] Failed to fetch data for VNM after 3 attempts.
[2026-07-01 11:40:51] [TASK_1] [WARNING] [2026-07-01 11:40:51] Error fetching VNM (attempt 1/3): API down
[2026-07-01 11:40:51] [TASK_1] [WARNING] [2026-07-01 11:40:51] Error fetching VNM (attempt 2/3): API down
[2026-07-01 11:40:51] [TASK_1] [WARNING] [2026-07-01 11:40:51] Error fetching VNM (attempt 3/3): API down
[2026-07-01 11:40:51] [TASK_1] [ERROR] [2026-07-01 11:40:51] Failed to fetch data for VNM after 3 attempts.
[2026-07-01 11:40:51] [TASK_1] [INFO] ============================================================
[2026-07-01 11:40:51] [TASK_1] [INFO] TASK 1: Price Collection Started
[2026-07-01 11:40:51] [TASK_1] [INFO] Tickers: 3 | Date range: 2024-01-01 to 2024-01-10
[2026-07-01 11:40:51] [TASK_1] [INFO] ============================================================
[2026-07-01 11:40:51] [TASK_1] [INFO] Validated 3 tickers total (3 VN30 + 0 expansion).
[2026-07-01 11:40:51] [TASK_1] [INFO] Processing VNM (1/3)...
[2026-07-01 11:40:51] [TASK_1] [ERROR] [2026-07-01 11:40:51] FAILED: VNM — no data collected. Continuing with remaining tickers.
[2026-07-01 11:40:51] [TASK_1] [INFO] Processing VCB (2/3)...
[2026-07-01 11:40:51] [TASK_1] [INFO] Saved VCB → C:\Users\User\AppData\Local\Temp\pytest-of-User\pytest-206\test_continues_after_ticker_fa0\prices\VCB.csv (2 rows)
[2026-07-01 11:40:52] [TASK_1] [INFO] Processing FPT (3/3)...
[2026-07-01 11:40:52] [TASK_1] [INFO] Saved FPT → C:\Users\User\AppData\Local\Temp\pytest-of-User\pytest-206\test_continues_after_ticker_fa0\prices\FPT.csv (2 rows)
[2026-07-01 11:40:52] [TASK_1] [INFO] Saved consolidated file → C:\Users\User\AppData\Local\Temp\pytest-of-User\pytest-206\test_continues_after_ticker_fa0\prices\all_vn30_prices.csv (4 rows, 2 tickers)
[2026-07-01 11:40:52] [TASK_1] [INFO] ============================================================
[2026-07-01 11:40:52] [TASK_1] [INFO] PRICE COLLECTION SUMMARY
[2026-07-01 11:40:52] [TASK_1] [INFO] ============================================================
[2026-07-01 11:40:52] [TASK_1] [INFO] Successfully collected: 2 tickers
[2026-07-01 11:40:52] [TASK_1] [WARNING] Failed tickers: VNM
[2026-07-01 11:40:52] [TASK_1] [INFO] Expected trading days (business-day calendar): 8
[2026-07-01 11:40:52] [TASK_1] [INFO] ------------------------------------------------------------
[2026-07-01 11:40:52] [TASK_1] [INFO] Ticker    Earliest      Latest    Days
[2026-07-01 11:40:52] [TASK_1] [INFO] ------------------------------------------------------------
[2026-07-01 11:40:52] [TASK_1] [INFO] FPT     2024-01-02  2024-01-03       2
[2026-07-01 11:40:52] [TASK_1] [WARNING] ⚠ FPT has 75.0% fewer trading days than expected (2 vs 8 expected). Check for missing data.
[2026-07-01 11:40:52] [TASK_1] [INFO] VCB     2024-01-02  2024-01-03       2
[2026-07-01 11:40:52] [TASK_1] [WARNING] ⚠ VCB has 75.0% fewer trading days than expected (2 vs 8 expected). Check for missing data.
[2026-07-01 11:40:52] [TASK_1] [INFO] ------------------------------------------------------------
[2026-07-01 11:40:52] [TASK_1] [INFO] Total rows: 4 | Date range: 2024-01-01 to 2024-01-10
[2026-07-01 11:40:52] [TASK_1] [INFO] ============================================================
[2026-07-01 11:40:53] [TASK_1] [ERROR] [2026-07-01 11:40:53] FAILED: FPT — no data collected. Continuing with remaining tickers.
[2026-07-01 11:40:53] [TASK_1] [WARNING] Failed tickers: FPT
[2026-07-01 11:40:53] [TASK_1] [WARNING] ⚠ VNM has 87.5% fewer trading days than expected (1 vs 8 expected). Check for missing data.
[2026-07-01 11:40:53] [TASK_1] [INFO] ============================================================
[2026-07-01 11:40:53] [TASK_1] [INFO] PRICE COLLECTION SUMMARY
[2026-07-01 11:40:53] [TASK_1] [INFO] ============================================================
[2026-07-01 11:40:53] [TASK_1] [INFO] Successfully collected: 2 tickers
[2026-07-01 11:40:53] [TASK_1] [INFO] Expected trading days (business-day calendar): 3
[2026-07-01 11:40:53] [TASK_1] [INFO] ------------------------------------------------------------
[2026-07-01 11:40:53] [TASK_1] [INFO] Ticker    Earliest      Latest    Days
[2026-07-01 11:40:53] [TASK_1] [INFO] ------------------------------------------------------------
[2026-07-01 11:40:53] [TASK_1] [INFO] FPT     2024-01-02  2024-01-03       2
[2026-07-01 11:40:53] [TASK_1] [WARNING] ⚠ FPT has 33.3% fewer trading days than expected (2 vs 3 expected). Check for missing data.
[2026-07-01 11:40:53] [TASK_1] [INFO] VNM     2024-01-02  2024-01-04       3
[2026-07-01 11:40:53] [TASK_1] [INFO] ------------------------------------------------------------
[2026-07-01 11:40:53] [TASK_1] [INFO] Total rows: 5 | Date range: 2024-01-02 to 2024-01-04
[2026-07-01 11:40:53] [TASK_1] [INFO] ============================================================
[2026-07-01 11:40:53] [TASK_1] [WARNING] ⚠ FPT has 53.1% fewer trading days than expected (30 vs 64 expected). Check for missing data.
[2026-07-01 11:40:53] [TASK_1] [WARNING] ⚠ VNM has 6.2% fewer trading days than expected (60 vs 64 expected). Check for missing data.
[2026-07-01 11:40:53] [TASK_1] [WARNING] Failed tickers: FPT, VCB
[2026-07-01 11:40:53] [TASK_1] [INFO] ============================================================
[2026-07-01 11:40:53] [TASK_1] [INFO] PRICE COLLECTION SUMMARY
[2026-07-01 11:40:53] [TASK_1] [INFO] ============================================================
[2026-07-01 11:40:53] [TASK_1] [INFO] Successfully collected: 1 tickers
[2026-07-01 11:40:53] [TASK_1] [INFO] Expected trading days (business-day calendar): 4
[2026-07-01 11:40:53] [TASK_1] [INFO] ------------------------------------------------------------
[2026-07-01 11:40:53] [TASK_1] [INFO] Ticker    Earliest      Latest    Days
[2026-07-01 11:40:53] [TASK_1] [INFO] ------------------------------------------------------------
[2026-07-01 11:40:53] [TASK_1] [INFO] VNM     2024-01-02  2024-01-02       1
[2026-07-01 11:40:53] [TASK_1] [WARNING] ⚠ VNM has 75.0% fewer trading days than expected (1 vs 4 expected). Check for missing data.
[2026-07-01 11:40:53] [TASK_1] [INFO] ------------------------------------------------------------
[2026-07-01 11:40:53] [TASK_1] [INFO] Total rows: 1 | Date range: 2024-01-02 to 2024-01-05
[2026-07-01 11:40:53] [TASK_1] [INFO] ============================================================
[2026-07-01 12:37:24] [TASK_1] [INFO] ============================================================
[2026-07-01 12:37:24] [TASK_1] [INFO] START TASK_1: Price Collection (vnstock OHLCV)
[2026-07-01 12:37:24] [TASK_1] [INFO] Timestamp: 2026-07-01T12:37:24.083125
[2026-07-01 12:37:24] [TASK_1] [INFO] ============================================================
[2026-07-01 12:37:24] [TASK_1] [ERROR] TASK FAILED: TASK_1 after 0.0 seconds
[2026-07-01 12:37:24] [TASK_1] [ERROR] Exception: Simulated failure
[2026-07-01 12:37:24] [TASK_1] [ERROR] Stack trace:
Traceback (most recent call last):
  File "C:\Users\User\KLTN_MASTER\pipeline\run_pipeline.py", line 659, in run_pipeline
    executor(config, task_logger, smoke_test=smoke_test)
  File "C:\Program Files\WindowsApps\PythonSoftwareFoundation.Python.3.10_3.10.3056.0_x64__qbz5n2kfra8p0\lib\unittest\mock.py", line 1114, in __call__
    return self._mock_call(*args, **kwargs)
  File "C:\Program Files\WindowsApps\PythonSoftwareFoundation.Python.3.10_3.10.3056.0_x64__qbz5n2kfra8p0\lib\unittest\mock.py", line 1118, in _mock_call
    return self._execute_mock_call(*args, **kwargs)
  File "C:\Program Files\WindowsApps\PythonSoftwareFoundation.Python.3.10_3.10.3056.0_x64__qbz5n2kfra8p0\lib\unittest\mock.py", line 1173, in _execute_mock_call
    raise effect
RuntimeError: Simulated failure

[2026-07-01 12:37:24] [TASK_1] [INFO] ============================================================
[2026-07-01 12:37:24] [TASK_1] [INFO] START TASK_1: Price Collection (vnstock OHLCV)
[2026-07-01 12:37:24] [TASK_1] [INFO] Timestamp: 2026-07-01T12:37:24.097057
[2026-07-01 12:37:24] [TASK_1] [INFO] ============================================================
[2026-07-01 12:37:24] [TASK_1] [ERROR] TASK FAILED: TASK_1 after 0.0 seconds
[2026-07-01 12:37:24] [TASK_1] [ERROR] Exception: Simulated failure
[2026-07-01 12:37:24] [TASK_1] [ERROR] Stack trace:
Traceback (most recent call last):
  File "C:\Users\User\KLTN_MASTER\pipeline\run_pipeline.py", line 659, in run_pipeline
    executor(config, task_logger, smoke_test=smoke_test)
  File "C:\Program Files\WindowsApps\PythonSoftwareFoundation.Python.3.10_3.10.3056.0_x64__qbz5n2kfra8p0\lib\unittest\mock.py", line 1114, in __call__
    return self._mock_call(*args, **kwargs)
  File "C:\Program Files\WindowsApps\PythonSoftwareFoundation.Python.3.10_3.10.3056.0_x64__qbz5n2kfra8p0\lib\unittest\mock.py", line 1118, in _mock_call
    return self._execute_mock_call(*args, **kwargs)
  File "C:\Program Files\WindowsApps\PythonSoftwareFoundation.Python.3.10_3.10.3056.0_x64__qbz5n2kfra8p0\lib\unittest\mock.py", line 1173, in _execute_mock_call
    raise effect
RuntimeError: Simulated failure

[2026-07-01 12:37:24] [TASK_1] [INFO] ============================================================
[2026-07-01 12:37:24] [TASK_1] [INFO] START TASK_1: Price Collection (vnstock OHLCV)
[2026-07-01 12:37:24] [TASK_1] [INFO] Timestamp: 2026-07-01T12:37:24.238451
[2026-07-01 12:37:24] [TASK_1] [INFO] ============================================================
[2026-07-01 12:37:24] [TASK_1] [INFO] ------------------------------------------------------------
[2026-07-01 12:37:24] [TASK_1] [INFO] END TASK_1 — completed in 0.0 seconds
[2026-07-01 12:37:24] [TASK_1] [INFO] ============================================================
[2026-07-01 12:37:24] [TASK_1] [INFO] ============================================================
[2026-07-01 12:37:24] [TASK_1] [INFO] START TASK_1: Price Collection (vnstock OHLCV)
[2026-07-01 12:37:24] [TASK_1] [INFO] Timestamp: 2026-07-01T12:37:24.959671
[2026-07-01 12:37:24] [TASK_1] [INFO] ============================================================
[2026-07-01 12:37:24] [TASK_1] [INFO] ------------------------------------------------------------
[2026-07-01 12:37:24] [TASK_1] [INFO] END TASK_1 — completed in 0.0 seconds
[2026-07-01 12:37:24] [TASK_1] [INFO] ============================================================
[2026-07-01 12:37:32] [TASK_1] [INFO] Validated 3 tickers total (3 VN30 + 0 expansion).
[2026-07-01 12:37:32] [TASK_1] [INFO] HOSE-80 expansion: 1 non-VN30 tickers included: INVALID
[2026-07-01 12:37:32] [TASK_1] [INFO] Validated 3 tickers total (2 VN30 + 1 expansion).
[2026-07-01 12:37:32] [TASK_1] [INFO] Validated 3 tickers total (3 VN30 + 0 expansion).
[2026-07-01 12:37:32] [TASK_1] [INFO] HOSE-80 expansion: 2 non-VN30 tickers included: INVALID1, INVALID2
[2026-07-01 12:37:32] [TASK_1] [INFO] Validated 2 tickers total (0 VN30 + 2 expansion).
[2026-07-01 12:37:32] [TASK_1] [INFO] Validated 30 tickers total (30 VN30 + 0 expansion).
[2026-07-01 12:37:32] [TASK_1] [WARNING] [2026-07-01 12:37:32] Error fetching VNM (attempt 1/3): API down
[2026-07-01 12:37:32] [TASK_1] [INFO] Retrying in 1s...
[2026-07-01 12:37:32] [TASK_1] [WARNING] [2026-07-01 12:37:32] Error fetching VNM (attempt 2/3): API down
[2026-07-01 12:37:32] [TASK_1] [INFO] Retrying in 2s...
[2026-07-01 12:37:32] [TASK_1] [WARNING] [2026-07-01 12:37:32] Error fetching VNM (attempt 3/3): API down
[2026-07-01 12:37:32] [TASK_1] [ERROR] [2026-07-01 12:37:32] Failed to fetch data for VNM after 3 attempts.
[2026-07-01 12:37:32] [TASK_1] [INFO] Fetched 2 rows for VNM (2024-01-02 to 2024-01-03).
[2026-07-01 12:37:32] [TASK_1] [WARNING] Empty data returned for VNM (attempt 1/3).
[2026-07-01 12:37:32] [TASK_1] [INFO] Retrying in 1s...
[2026-07-01 12:37:32] [TASK_1] [INFO] Fetched 1 rows for VNM (2024-01-02 to 2024-01-02).
[2026-07-01 12:37:32] [TASK_1] [INFO] ============================================================
[2026-07-01 12:37:32] [TASK_1] [INFO] TASK 1: Price Collection Started
[2026-07-01 12:37:32] [TASK_1] [INFO] Tickers: 1 | Date range: 2024-01-01 to 2024-01-10
[2026-07-01 12:37:32] [TASK_1] [INFO] ============================================================
[2026-07-01 12:37:32] [TASK_1] [INFO] Validated 1 tickers total (1 VN30 + 0 expansion).
[2026-07-01 12:37:32] [TASK_1] [INFO] Processing VNM (1/1)...
[2026-07-01 12:37:32] [TASK_1] [INFO] Saved VNM → C:\Users\User\AppData\Local\Temp\pytest-of-User\pytest-214\test_collect_prices_output_col0\prices\VNM.csv (2 rows)
[2026-07-01 12:37:32] [TASK_1] [INFO] Saved consolidated file → C:\Users\User\AppData\Local\Temp\pytest-of-User\pytest-214\test_collect_prices_output_col0\prices\all_vn30_prices.csv (2 rows, 1 tickers)
[2026-07-01 12:37:32] [TASK_1] [INFO] ============================================================
[2026-07-01 12:37:32] [TASK_1] [INFO] PRICE COLLECTION SUMMARY
[2026-07-01 12:37:32] [TASK_1] [INFO] ============================================================
[2026-07-01 12:37:32] [TASK_1] [INFO] Successfully collected: 1 tickers
[2026-07-01 12:37:32] [TASK_1] [INFO] Expected trading days (business-day calendar): 8
[2026-07-01 12:37:32] [TASK_1] [INFO] ------------------------------------------------------------
[2026-07-01 12:37:32] [TASK_1] [INFO] Ticker    Earliest      Latest    Days
[2026-07-01 12:37:32] [TASK_1] [INFO] ------------------------------------------------------------
[2026-07-01 12:37:32] [TASK_1] [INFO] VNM     2024-01-02  2024-01-03       2
[2026-07-01 12:37:32] [TASK_1] [WARNING] ⚠ VNM has 75.0% fewer trading days than expected (2 vs 8 expected). Check for missing data.
[2026-07-01 12:37:32] [TASK_1] [INFO] ------------------------------------------------------------
[2026-07-01 12:37:32] [TASK_1] [INFO] Total rows: 2 | Date range: 2024-01-01 to 2024-01-10
[2026-07-01 12:37:32] [TASK_1] [INFO] ============================================================
[2026-07-01 12:37:32] [TASK_1] [INFO] ============================================================
[2026-07-01 12:37:32] [TASK_1] [INFO] TASK 1: Price Collection Started
[2026-07-01 12:37:32] [TASK_1] [INFO] Tickers: 2 | Date range: 2024-01-01 to 2024-01-10
[2026-07-01 12:37:32] [TASK_1] [INFO] ============================================================
[2026-07-01 12:37:32] [TASK_1] [INFO] Validated 2 tickers total (2 VN30 + 0 expansion).
[2026-07-01 12:37:32] [TASK_1] [INFO] Processing VNM (1/2)...
[2026-07-01 12:37:32] [TASK_1] [INFO] Saved VNM → C:\Users\User\AppData\Local\Temp\pytest-of-User\pytest-214\test_individual_ticker_csv_sav0\prices\VNM.csv (1 rows)
[2026-07-01 12:37:33] [TASK_1] [INFO] Processing FPT (2/2)...
[2026-07-01 12:37:33] [TASK_1] [INFO] Saved FPT → C:\Users\User\AppData\Local\Temp\pytest-of-User\pytest-214\test_individual_ticker_csv_sav0\prices\FPT.csv (1 rows)
[2026-07-01 12:37:33] [TASK_1] [INFO] Saved consolidated file → C:\Users\User\AppData\Local\Temp\pytest-of-User\pytest-214\test_individual_ticker_csv_sav0\prices\all_vn30_prices.csv (2 rows, 2 tickers)
[2026-07-01 12:37:33] [TASK_1] [INFO] ============================================================
[2026-07-01 12:37:33] [TASK_1] [INFO] PRICE COLLECTION SUMMARY
[2026-07-01 12:37:33] [TASK_1] [INFO] ============================================================
[2026-07-01 12:37:33] [TASK_1] [INFO] Successfully collected: 2 tickers
[2026-07-01 12:37:33] [TASK_1] [INFO] Expected trading days (business-day calendar): 8
[2026-07-01 12:37:33] [TASK_1] [INFO] ------------------------------------------------------------
[2026-07-01 12:37:33] [TASK_1] [INFO] Ticker    Earliest      Latest    Days
[2026-07-01 12:37:33] [TASK_1] [INFO] ------------------------------------------------------------
[2026-07-01 12:37:33] [TASK_1] [INFO] FPT     2024-01-02  2024-01-02       1
[2026-07-01 12:37:33] [TASK_1] [WARNING] ⚠ FPT has 87.5% fewer trading days than expected (1 vs 8 expected). Check for missing data.
[2026-07-01 12:37:33] [TASK_1] [INFO] VNM     2024-01-02  2024-01-02       1
[2026-07-01 12:37:33] [TASK_1] [WARNING] ⚠ VNM has 87.5% fewer trading days than expected (1 vs 8 expected). Check for missing data.
[2026-07-01 12:37:33] [TASK_1] [INFO] ------------------------------------------------------------
[2026-07-01 12:37:33] [TASK_1] [INFO] Total rows: 2 | Date range: 2024-01-01 to 2024-01-10
[2026-07-01 12:37:33] [TASK_1] [INFO] ============================================================
[2026-07-01 12:37:33] [TASK_1] [INFO] ============================================================
[2026-07-01 12:37:33] [TASK_1] [INFO] TASK 1: Price Collection Started
[2026-07-01 12:37:33] [TASK_1] [INFO] Tickers: 2 | Date range: 2024-01-01 to 2024-01-10
[2026-07-01 12:37:33] [TASK_1] [INFO] ============================================================
[2026-07-01 12:37:33] [TASK_1] [INFO] Validated 2 tickers total (2 VN30 + 0 expansion).
[2026-07-01 12:37:33] [TASK_1] [INFO] Processing VNM (1/2)...
[2026-07-01 12:37:33] [TASK_1] [INFO] Saved VNM → C:\Users\User\AppData\Local\Temp\pytest-of-User\pytest-214\test_consolidated_csv_has_tick0\prices\VNM.csv (1 rows)
[2026-07-01 12:37:33] [TASK_1] [INFO] Processing FPT (2/2)...
[2026-07-01 12:37:33] [TASK_1] [INFO] Saved FPT → C:\Users\User\AppData\Local\Temp\pytest-of-User\pytest-214\test_consolidated_csv_has_tick0\prices\FPT.csv (1 rows)
[2026-07-01 12:37:33] [TASK_1] [INFO] Saved consolidated file → C:\Users\User\AppData\Local\Temp\pytest-of-User\pytest-214\test_consolidated_csv_has_tick0\prices\all_vn30_prices.csv (2 rows, 2 tickers)
[2026-07-01 12:37:33] [TASK_1] [INFO] ============================================================
[2026-07-01 12:37:33] [TASK_1] [INFO] PRICE COLLECTION SUMMARY
[2026-07-01 12:37:33] [TASK_1] [INFO] ============================================================
[2026-07-01 12:37:33] [TASK_1] [INFO] Successfully collected: 2 tickers
[2026-07-01 12:37:33] [TASK_1] [INFO] Expected trading days (business-day calendar): 8
[2026-07-01 12:37:33] [TASK_1] [INFO] ------------------------------------------------------------
[2026-07-01 12:37:33] [TASK_1] [INFO] Ticker    Earliest      Latest    Days
[2026-07-01 12:37:33] [TASK_1] [INFO] ------------------------------------------------------------
[2026-07-01 12:37:33] [TASK_1] [INFO] FPT     2024-01-02  2024-01-02       1
[2026-07-01 12:37:33] [TASK_1] [WARNING] ⚠ FPT has 87.5% fewer trading days than expected (1 vs 8 expected). Check for missing data.
[2026-07-01 12:37:33] [TASK_1] [INFO] VNM     2024-01-02  2024-01-02       1
[2026-07-01 12:37:33] [TASK_1] [WARNING] ⚠ VNM has 87.5% fewer trading days than expected (1 vs 8 expected). Check for missing data.
[2026-07-01 12:37:33] [TASK_1] [INFO] ------------------------------------------------------------
[2026-07-01 12:37:33] [TASK_1] [INFO] Total rows: 2 | Date range: 2024-01-01 to 2024-01-10
[2026-07-01 12:37:33] [TASK_1] [INFO] ============================================================
[2026-07-01 12:37:33] [TASK_1] [INFO] ============================================================
[2026-07-01 12:37:33] [TASK_1] [INFO] TASK 1: Price Collection Started
[2026-07-01 12:37:33] [TASK_1] [INFO] Tickers: 1 | Date range: 2024-01-01 to 2024-01-10
[2026-07-01 12:37:33] [TASK_1] [INFO] ============================================================
[2026-07-01 12:37:33] [TASK_1] [INFO] Validated 1 tickers total (1 VN30 + 0 expansion).
[2026-07-01 12:37:33] [TASK_1] [INFO] Processing VNM (1/1)...
[2026-07-01 12:37:33] [TASK_1] [ERROR] [2026-07-01 12:37:33] FAILED: VNM — no data collected. Continuing with remaining tickers.
[2026-07-01 12:37:33] [TASK_1] [INFO] ============================================================
[2026-07-01 12:37:33] [TASK_1] [INFO] TASK 1: Price Collection Started
[2026-07-01 12:37:33] [TASK_1] [INFO] Tickers: 2 | Date range: 2024-01-01 to 2024-01-10
[2026-07-01 12:37:33] [TASK_1] [INFO] ============================================================
[2026-07-01 12:37:33] [TASK_1] [INFO] Validated 2 tickers total (2 VN30 + 0 expansion).
[2026-07-01 12:37:33] [TASK_1] [INFO] Processing VNM (1/2)...
[2026-07-01 12:37:33] [TASK_1] [INFO] Saved VNM → C:\Users\User\AppData\Local\Temp\pytest-of-User\pytest-214\test_partial_failure_continues0\prices\VNM.csv (1 rows)
[2026-07-01 12:37:34] [TASK_1] [INFO] Processing FPT (2/2)...
[2026-07-01 12:37:34] [TASK_1] [ERROR] [2026-07-01 12:37:34] FAILED: FPT — no data collected. Continuing with remaining tickers.
[2026-07-01 12:37:34] [TASK_1] [INFO] Saved consolidated file → C:\Users\User\AppData\Local\Temp\pytest-of-User\pytest-214\test_partial_failure_continues0\prices\all_vn30_prices.csv (1 rows, 1 tickers)
[2026-07-01 12:37:34] [TASK_1] [INFO] ============================================================
[2026-07-01 12:37:34] [TASK_1] [INFO] PRICE COLLECTION SUMMARY
[2026-07-01 12:37:34] [TASK_1] [INFO] ============================================================
[2026-07-01 12:37:34] [TASK_1] [INFO] Successfully collected: 1 tickers
[2026-07-01 12:37:34] [TASK_1] [WARNING] Failed tickers: FPT
[2026-07-01 12:37:34] [TASK_1] [INFO] Expected trading days (business-day calendar): 8
[2026-07-01 12:37:34] [TASK_1] [INFO] ------------------------------------------------------------
[2026-07-01 12:37:34] [TASK_1] [INFO] Ticker    Earliest      Latest    Days
[2026-07-01 12:37:34] [TASK_1] [INFO] ------------------------------------------------------------
[2026-07-01 12:37:34] [TASK_1] [INFO] VNM     2024-01-02  2024-01-02       1
[2026-07-01 12:37:34] [TASK_1] [WARNING] ⚠ VNM has 87.5% fewer trading days than expected (1 vs 8 expected). Check for missing data.
[2026-07-01 12:37:34] [TASK_1] [INFO] ------------------------------------------------------------
[2026-07-01 12:37:34] [TASK_1] [INFO] Total rows: 1 | Date range: 2024-01-01 to 2024-01-10
[2026-07-01 12:37:34] [TASK_1] [INFO] ============================================================
[2026-07-01 12:37:34] [TASK_1] [WARNING] [2026-07-01 12:37:34] Error fetching VNM (attempt 1/3): API down
[2026-07-01 12:37:34] [TASK_1] [WARNING] [2026-07-01 12:37:34] Error fetching VNM (attempt 2/3): API down
[2026-07-01 12:37:34] [TASK_1] [WARNING] [2026-07-01 12:37:34] Error fetching VNM (attempt 3/3): API down
[2026-07-01 12:37:34] [TASK_1] [ERROR] [2026-07-01 12:37:34] Failed to fetch data for VNM after 3 attempts.
[2026-07-01 12:37:34] [TASK_1] [WARNING] [2026-07-01 12:37:34] Error fetching VNM (attempt 1/3): API down
[2026-07-01 12:37:34] [TASK_1] [WARNING] [2026-07-01 12:37:34] Error fetching VNM (attempt 2/3): API down
[2026-07-01 12:37:34] [TASK_1] [WARNING] [2026-07-01 12:37:34] Error fetching VNM (attempt 3/3): API down
[2026-07-01 12:37:34] [TASK_1] [ERROR] [2026-07-01 12:37:34] Failed to fetch data for VNM after 3 attempts.
[2026-07-01 12:37:34] [TASK_1] [INFO] ============================================================
[2026-07-01 12:37:34] [TASK_1] [INFO] TASK 1: Price Collection Started
[2026-07-01 12:37:34] [TASK_1] [INFO] Tickers: 3 | Date range: 2024-01-01 to 2024-01-10
[2026-07-01 12:37:34] [TASK_1] [INFO] ============================================================
[2026-07-01 12:37:34] [TASK_1] [INFO] Validated 3 tickers total (3 VN30 + 0 expansion).
[2026-07-01 12:37:34] [TASK_1] [INFO] Processing VNM (1/3)...
[2026-07-01 12:37:34] [TASK_1] [ERROR] [2026-07-01 12:37:34] FAILED: VNM — no data collected. Continuing with remaining tickers.
[2026-07-01 12:37:34] [TASK_1] [INFO] Processing VCB (2/3)...
[2026-07-01 12:37:34] [TASK_1] [INFO] Saved VCB → C:\Users\User\AppData\Local\Temp\pytest-of-User\pytest-214\test_continues_after_ticker_fa0\prices\VCB.csv (2 rows)
[2026-07-01 12:37:35] [TASK_1] [INFO] Processing FPT (3/3)...
[2026-07-01 12:37:35] [TASK_1] [INFO] Saved FPT → C:\Users\User\AppData\Local\Temp\pytest-of-User\pytest-214\test_continues_after_ticker_fa0\prices\FPT.csv (2 rows)
[2026-07-01 12:37:35] [TASK_1] [INFO] Saved consolidated file → C:\Users\User\AppData\Local\Temp\pytest-of-User\pytest-214\test_continues_after_ticker_fa0\prices\all_vn30_prices.csv (4 rows, 2 tickers)
[2026-07-01 12:37:35] [TASK_1] [INFO] ============================================================
[2026-07-01 12:37:35] [TASK_1] [INFO] PRICE COLLECTION SUMMARY
[2026-07-01 12:37:35] [TASK_1] [INFO] ============================================================
[2026-07-01 12:37:35] [TASK_1] [INFO] Successfully collected: 2 tickers
[2026-07-01 12:37:35] [TASK_1] [WARNING] Failed tickers: VNM
[2026-07-01 12:37:35] [TASK_1] [INFO] Expected trading days (business-day calendar): 8
[2026-07-01 12:37:35] [TASK_1] [INFO] ------------------------------------------------------------
[2026-07-01 12:37:35] [TASK_1] [INFO] Ticker    Earliest      Latest    Days
[2026-07-01 12:37:35] [TASK_1] [INFO] ------------------------------------------------------------
[2026-07-01 12:37:35] [TASK_1] [INFO] FPT     2024-01-02  2024-01-03       2
[2026-07-01 12:37:35] [TASK_1] [WARNING] ⚠ FPT has 75.0% fewer trading days than expected (2 vs 8 expected). Check for missing data.
[2026-07-01 12:37:35] [TASK_1] [INFO] VCB     2024-01-02  2024-01-03       2
[2026-07-01 12:37:35] [TASK_1] [WARNING] ⚠ VCB has 75.0% fewer trading days than expected (2 vs 8 expected). Check for missing data.
[2026-07-01 12:37:35] [TASK_1] [INFO] ------------------------------------------------------------
[2026-07-01 12:37:35] [TASK_1] [INFO] Total rows: 4 | Date range: 2024-01-01 to 2024-01-10
[2026-07-01 12:37:35] [TASK_1] [INFO] ============================================================
[2026-07-01 12:37:35] [TASK_1] [ERROR] [2026-07-01 12:37:35] FAILED: FPT — no data collected. Continuing with remaining tickers.
[2026-07-01 12:37:35] [TASK_1] [WARNING] Failed tickers: FPT
[2026-07-01 12:37:35] [TASK_1] [WARNING] ⚠ VNM has 87.5% fewer trading days than expected (1 vs 8 expected). Check for missing data.
[2026-07-01 12:37:35] [TASK_1] [INFO] ============================================================
[2026-07-01 12:37:35] [TASK_1] [INFO] PRICE COLLECTION SUMMARY
[2026-07-01 12:37:35] [TASK_1] [INFO] ============================================================
[2026-07-01 12:37:35] [TASK_1] [INFO] Successfully collected: 2 tickers
[2026-07-01 12:37:35] [TASK_1] [INFO] Expected trading days (business-day calendar): 3
[2026-07-01 12:37:35] [TASK_1] [INFO] ------------------------------------------------------------
[2026-07-01 12:37:35] [TASK_1] [INFO] Ticker    Earliest      Latest    Days
[2026-07-01 12:37:35] [TASK_1] [INFO] ------------------------------------------------------------
[2026-07-01 12:37:35] [TASK_1] [INFO] FPT     2024-01-02  2024-01-03       2
[2026-07-01 12:37:35] [TASK_1] [WARNING] ⚠ FPT has 33.3% fewer trading days than expected (2 vs 3 expected). Check for missing data.
[2026-07-01 12:37:35] [TASK_1] [INFO] VNM     2024-01-02  2024-01-04       3
[2026-07-01 12:37:35] [TASK_1] [INFO] ------------------------------------------------------------
[2026-07-01 12:37:35] [TASK_1] [INFO] Total rows: 5 | Date range: 2024-01-02 to 2024-01-04
[2026-07-01 12:37:35] [TASK_1] [INFO] ============================================================
[2026-07-01 12:37:35] [TASK_1] [WARNING] ⚠ FPT has 53.1% fewer trading days than expected (30 vs 64 expected). Check for missing data.
[2026-07-01 12:37:35] [TASK_1] [WARNING] ⚠ VNM has 6.2% fewer trading days than expected (60 vs 64 expected). Check for missing data.
[2026-07-01 12:37:36] [TASK_1] [WARNING] Failed tickers: FPT, VCB
[2026-07-01 12:37:36] [TASK_1] [INFO] ============================================================
[2026-07-01 12:37:36] [TASK_1] [INFO] PRICE COLLECTION SUMMARY
[2026-07-01 12:37:36] [TASK_1] [INFO] ============================================================
[2026-07-01 12:37:36] [TASK_1] [INFO] Successfully collected: 1 tickers
[2026-07-01 12:37:36] [TASK_1] [INFO] Expected trading days (business-day calendar): 4
[2026-07-01 12:37:36] [TASK_1] [INFO] ------------------------------------------------------------
[2026-07-01 12:37:36] [TASK_1] [INFO] Ticker    Earliest      Latest    Days
[2026-07-01 12:37:36] [TASK_1] [INFO] ------------------------------------------------------------
[2026-07-01 12:37:36] [TASK_1] [INFO] VNM     2024-01-02  2024-01-02       1
[2026-07-01 12:37:36] [TASK_1] [WARNING] ⚠ VNM has 75.0% fewer trading days than expected (1 vs 4 expected). Check for missing data.
[2026-07-01 12:37:36] [TASK_1] [INFO] ------------------------------------------------------------
[2026-07-01 12:37:36] [TASK_1] [INFO] Total rows: 1 | Date range: 2024-01-02 to 2024-01-05
[2026-07-01 12:37:36] [TASK_1] [INFO] ============================================================
[2026-07-01 12:38:23] [TASK_1] [INFO] ============================================================
[2026-07-01 12:38:23] [TASK_1] [INFO] START TASK_1: Price Collection (vnstock OHLCV)
[2026-07-01 12:38:23] [TASK_1] [INFO] Timestamp: 2026-07-01T12:38:23.928924
[2026-07-01 12:38:23] [TASK_1] [INFO] ============================================================
[2026-07-01 12:38:23] [TASK_1] [ERROR] TASK FAILED: TASK_1 after 0.0 seconds
[2026-07-01 12:38:23] [TASK_1] [ERROR] Exception: Simulated failure
[2026-07-01 12:38:23] [TASK_1] [ERROR] Stack trace:
Traceback (most recent call last):
  File "C:\Users\User\KLTN_MASTER\pipeline\run_pipeline.py", line 659, in run_pipeline
    executor(config, task_logger, smoke_test=smoke_test)
  File "C:\Program Files\WindowsApps\PythonSoftwareFoundation.Python.3.10_3.10.3056.0_x64__qbz5n2kfra8p0\lib\unittest\mock.py", line 1114, in __call__
    return self._mock_call(*args, **kwargs)
  File "C:\Program Files\WindowsApps\PythonSoftwareFoundation.Python.3.10_3.10.3056.0_x64__qbz5n2kfra8p0\lib\unittest\mock.py", line 1118, in _mock_call
    return self._execute_mock_call(*args, **kwargs)
  File "C:\Program Files\WindowsApps\PythonSoftwareFoundation.Python.3.10_3.10.3056.0_x64__qbz5n2kfra8p0\lib\unittest\mock.py", line 1173, in _execute_mock_call
    raise effect
RuntimeError: Simulated failure

[2026-07-01 12:38:23] [TASK_1] [INFO] ============================================================
[2026-07-01 12:38:23] [TASK_1] [INFO] START TASK_1: Price Collection (vnstock OHLCV)
[2026-07-01 12:38:23] [TASK_1] [INFO] Timestamp: 2026-07-01T12:38:23.980357
[2026-07-01 12:38:23] [TASK_1] [INFO] ============================================================
[2026-07-01 12:38:23] [TASK_1] [ERROR] TASK FAILED: TASK_1 after 0.0 seconds
[2026-07-01 12:38:23] [TASK_1] [ERROR] Exception: Simulated failure
[2026-07-01 12:38:23] [TASK_1] [ERROR] Stack trace:
Traceback (most recent call last):
  File "C:\Users\User\KLTN_MASTER\pipeline\run_pipeline.py", line 659, in run_pipeline
    executor(config, task_logger, smoke_test=smoke_test)
  File "C:\Program Files\WindowsApps\PythonSoftwareFoundation.Python.3.10_3.10.3056.0_x64__qbz5n2kfra8p0\lib\unittest\mock.py", line 1114, in __call__
    return self._mock_call(*args, **kwargs)
  File "C:\Program Files\WindowsApps\PythonSoftwareFoundation.Python.3.10_3.10.3056.0_x64__qbz5n2kfra8p0\lib\unittest\mock.py", line 1118, in _mock_call
    return self._execute_mock_call(*args, **kwargs)
  File "C:\Program Files\WindowsApps\PythonSoftwareFoundation.Python.3.10_3.10.3056.0_x64__qbz5n2kfra8p0\lib\unittest\mock.py", line 1173, in _execute_mock_call
    raise effect
RuntimeError: Simulated failure

[2026-07-01 12:38:24] [TASK_1] [INFO] ============================================================
[2026-07-01 12:38:24] [TASK_1] [INFO] START TASK_1: Price Collection (vnstock OHLCV)
[2026-07-01 12:38:24] [TASK_1] [INFO] Timestamp: 2026-07-01T12:38:24.102791
[2026-07-01 12:38:24] [TASK_1] [INFO] ============================================================
[2026-07-01 12:38:24] [TASK_1] [INFO] ------------------------------------------------------------
[2026-07-01 12:38:24] [TASK_1] [INFO] END TASK_1 — completed in 0.0 seconds
[2026-07-01 12:38:24] [TASK_1] [INFO] ============================================================
[2026-07-01 12:38:24] [TASK_1] [INFO] ============================================================
[2026-07-01 12:38:24] [TASK_1] [INFO] START TASK_1: Price Collection (vnstock OHLCV)
[2026-07-01 12:38:24] [TASK_1] [INFO] Timestamp: 2026-07-01T12:38:24.856827
[2026-07-01 12:38:24] [TASK_1] [INFO] ============================================================
[2026-07-01 12:38:24] [TASK_1] [INFO] ------------------------------------------------------------
[2026-07-01 12:38:24] [TASK_1] [INFO] END TASK_1 — completed in 0.0 seconds
[2026-07-01 12:38:24] [TASK_1] [INFO] ============================================================
[2026-07-01 12:38:32] [TASK_1] [INFO] Validated 3 tickers total (3 VN30 + 0 expansion).
[2026-07-01 12:38:32] [TASK_1] [INFO] HOSE-80 expansion: 1 non-VN30 tickers included: INVALID
[2026-07-01 12:38:32] [TASK_1] [INFO] Validated 3 tickers total (2 VN30 + 1 expansion).
[2026-07-01 12:38:32] [TASK_1] [INFO] Validated 3 tickers total (3 VN30 + 0 expansion).
[2026-07-01 12:38:32] [TASK_1] [INFO] HOSE-80 expansion: 2 non-VN30 tickers included: INVALID1, INVALID2
[2026-07-01 12:38:32] [TASK_1] [INFO] Validated 2 tickers total (0 VN30 + 2 expansion).
[2026-07-01 12:38:32] [TASK_1] [INFO] Validated 30 tickers total (30 VN30 + 0 expansion).
[2026-07-01 12:38:32] [TASK_1] [WARNING] [2026-07-01 12:38:32] Error fetching VNM (attempt 1/3): API down
[2026-07-01 12:38:32] [TASK_1] [INFO] Retrying in 1s...
[2026-07-01 12:38:32] [TASK_1] [WARNING] [2026-07-01 12:38:32] Error fetching VNM (attempt 2/3): API down
[2026-07-01 12:38:32] [TASK_1] [INFO] Retrying in 2s...
[2026-07-01 12:38:32] [TASK_1] [WARNING] [2026-07-01 12:38:32] Error fetching VNM (attempt 3/3): API down
[2026-07-01 12:38:32] [TASK_1] [ERROR] [2026-07-01 12:38:32] Failed to fetch data for VNM after 3 attempts.
[2026-07-01 12:38:32] [TASK_1] [INFO] Fetched 2 rows for VNM (2024-01-02 to 2024-01-03).
[2026-07-01 12:38:32] [TASK_1] [WARNING] Empty data returned for VNM (attempt 1/3).
[2026-07-01 12:38:32] [TASK_1] [INFO] Retrying in 1s...
[2026-07-01 12:38:32] [TASK_1] [INFO] Fetched 1 rows for VNM (2024-01-02 to 2024-01-02).
[2026-07-01 12:38:32] [TASK_1] [INFO] ============================================================
[2026-07-01 12:38:32] [TASK_1] [INFO] TASK 1: Price Collection Started
[2026-07-01 12:38:32] [TASK_1] [INFO] Tickers: 1 | Date range: 2024-01-01 to 2024-01-10
[2026-07-01 12:38:32] [TASK_1] [INFO] ============================================================
[2026-07-01 12:38:32] [TASK_1] [INFO] Validated 1 tickers total (1 VN30 + 0 expansion).
[2026-07-01 12:38:32] [TASK_1] [INFO] Processing VNM (1/1)...
[2026-07-01 12:38:32] [TASK_1] [INFO] Saved VNM → C:\Users\User\AppData\Local\Temp\pytest-of-User\pytest-215\test_collect_prices_output_col0\prices\VNM.csv (2 rows)
[2026-07-01 12:38:32] [TASK_1] [INFO] Saved consolidated file → C:\Users\User\AppData\Local\Temp\pytest-of-User\pytest-215\test_collect_prices_output_col0\prices\all_vn30_prices.csv (2 rows, 1 tickers)
[2026-07-01 12:38:32] [TASK_1] [INFO] ============================================================
[2026-07-01 12:38:32] [TASK_1] [INFO] PRICE COLLECTION SUMMARY
[2026-07-01 12:38:32] [TASK_1] [INFO] ============================================================
[2026-07-01 12:38:32] [TASK_1] [INFO] Successfully collected: 1 tickers
[2026-07-01 12:38:32] [TASK_1] [INFO] Expected trading days (business-day calendar): 8
[2026-07-01 12:38:32] [TASK_1] [INFO] ------------------------------------------------------------
[2026-07-01 12:38:32] [TASK_1] [INFO] Ticker    Earliest      Latest    Days
[2026-07-01 12:38:32] [TASK_1] [INFO] ------------------------------------------------------------
[2026-07-01 12:38:32] [TASK_1] [INFO] VNM     2024-01-02  2024-01-03       2
[2026-07-01 12:38:32] [TASK_1] [WARNING] ⚠ VNM has 75.0% fewer trading days than expected (2 vs 8 expected). Check for missing data.
[2026-07-01 12:38:32] [TASK_1] [INFO] ------------------------------------------------------------
[2026-07-01 12:38:32] [TASK_1] [INFO] Total rows: 2 | Date range: 2024-01-01 to 2024-01-10
[2026-07-01 12:38:32] [TASK_1] [INFO] ============================================================
[2026-07-01 12:38:32] [TASK_1] [INFO] ============================================================
[2026-07-01 12:38:32] [TASK_1] [INFO] TASK 1: Price Collection Started
[2026-07-01 12:38:32] [TASK_1] [INFO] Tickers: 2 | Date range: 2024-01-01 to 2024-01-10
[2026-07-01 12:38:32] [TASK_1] [INFO] ============================================================
[2026-07-01 12:38:32] [TASK_1] [INFO] Validated 2 tickers total (2 VN30 + 0 expansion).
[2026-07-01 12:38:32] [TASK_1] [INFO] Processing VNM (1/2)...
[2026-07-01 12:38:32] [TASK_1] [INFO] Saved VNM → C:\Users\User\AppData\Local\Temp\pytest-of-User\pytest-215\test_individual_ticker_csv_sav0\prices\VNM.csv (1 rows)
[2026-07-01 12:38:32] [TASK_1] [INFO] Processing FPT (2/2)...
[2026-07-01 12:38:32] [TASK_1] [INFO] Saved FPT → C:\Users\User\AppData\Local\Temp\pytest-of-User\pytest-215\test_individual_ticker_csv_sav0\prices\FPT.csv (1 rows)
[2026-07-01 12:38:32] [TASK_1] [INFO] Saved consolidated file → C:\Users\User\AppData\Local\Temp\pytest-of-User\pytest-215\test_individual_ticker_csv_sav0\prices\all_vn30_prices.csv (2 rows, 2 tickers)
[2026-07-01 12:38:32] [TASK_1] [INFO] ============================================================
[2026-07-01 12:38:32] [TASK_1] [INFO] PRICE COLLECTION SUMMARY
[2026-07-01 12:38:32] [TASK_1] [INFO] ============================================================
[2026-07-01 12:38:32] [TASK_1] [INFO] Successfully collected: 2 tickers
[2026-07-01 12:38:32] [TASK_1] [INFO] Expected trading days (business-day calendar): 8
[2026-07-01 12:38:32] [TASK_1] [INFO] ------------------------------------------------------------
[2026-07-01 12:38:32] [TASK_1] [INFO] Ticker    Earliest      Latest    Days
[2026-07-01 12:38:32] [TASK_1] [INFO] ------------------------------------------------------------
[2026-07-01 12:38:32] [TASK_1] [INFO] FPT     2024-01-02  2024-01-02       1
[2026-07-01 12:38:32] [TASK_1] [WARNING] ⚠ FPT has 87.5% fewer trading days than expected (1 vs 8 expected). Check for missing data.
[2026-07-01 12:38:32] [TASK_1] [INFO] VNM     2024-01-02  2024-01-02       1
[2026-07-01 12:38:32] [TASK_1] [WARNING] ⚠ VNM has 87.5% fewer trading days than expected (1 vs 8 expected). Check for missing data.
[2026-07-01 12:38:32] [TASK_1] [INFO] ------------------------------------------------------------
[2026-07-01 12:38:32] [TASK_1] [INFO] Total rows: 2 | Date range: 2024-01-01 to 2024-01-10
[2026-07-01 12:38:32] [TASK_1] [INFO] ============================================================
[2026-07-01 12:38:33] [TASK_1] [INFO] ============================================================
[2026-07-01 12:38:33] [TASK_1] [INFO] TASK 1: Price Collection Started
[2026-07-01 12:38:33] [TASK_1] [INFO] Tickers: 2 | Date range: 2024-01-01 to 2024-01-10
[2026-07-01 12:38:33] [TASK_1] [INFO] ============================================================
[2026-07-01 12:38:33] [TASK_1] [INFO] Validated 2 tickers total (2 VN30 + 0 expansion).
[2026-07-01 12:38:33] [TASK_1] [INFO] Processing VNM (1/2)...
[2026-07-01 12:38:33] [TASK_1] [INFO] Saved VNM → C:\Users\User\AppData\Local\Temp\pytest-of-User\pytest-215\test_consolidated_csv_has_tick0\prices\VNM.csv (1 rows)
[2026-07-01 12:38:33] [TASK_1] [INFO] Processing FPT (2/2)...
[2026-07-01 12:38:33] [TASK_1] [INFO] Saved FPT → C:\Users\User\AppData\Local\Temp\pytest-of-User\pytest-215\test_consolidated_csv_has_tick0\prices\FPT.csv (1 rows)
[2026-07-01 12:38:33] [TASK_1] [INFO] Saved consolidated file → C:\Users\User\AppData\Local\Temp\pytest-of-User\pytest-215\test_consolidated_csv_has_tick0\prices\all_vn30_prices.csv (2 rows, 2 tickers)
[2026-07-01 12:38:33] [TASK_1] [INFO] ============================================================
[2026-07-01 12:38:33] [TASK_1] [INFO] PRICE COLLECTION SUMMARY
[2026-07-01 12:38:33] [TASK_1] [INFO] ============================================================
[2026-07-01 12:38:33] [TASK_1] [INFO] Successfully collected: 2 tickers
[2026-07-01 12:38:33] [TASK_1] [INFO] Expected trading days (business-day calendar): 8
[2026-07-01 12:38:33] [TASK_1] [INFO] ------------------------------------------------------------
[2026-07-01 12:38:33] [TASK_1] [INFO] Ticker    Earliest      Latest    Days
[2026-07-01 12:38:33] [TASK_1] [INFO] ------------------------------------------------------------
[2026-07-01 12:38:33] [TASK_1] [INFO] FPT     2024-01-02  2024-01-02       1
[2026-07-01 12:38:33] [TASK_1] [WARNING] ⚠ FPT has 87.5% fewer trading days than expected (1 vs 8 expected). Check for missing data.
[2026-07-01 12:38:33] [TASK_1] [INFO] VNM     2024-01-02  2024-01-02       1
[2026-07-01 12:38:33] [TASK_1] [WARNING] ⚠ VNM has 87.5% fewer trading days than expected (1 vs 8 expected). Check for missing data.
[2026-07-01 12:38:33] [TASK_1] [INFO] ------------------------------------------------------------
[2026-07-01 12:38:33] [TASK_1] [INFO] Total rows: 2 | Date range: 2024-01-01 to 2024-01-10
[2026-07-01 12:38:33] [TASK_1] [INFO] ============================================================
[2026-07-01 12:38:33] [TASK_1] [INFO] ============================================================
[2026-07-01 12:38:33] [TASK_1] [INFO] TASK 1: Price Collection Started
[2026-07-01 12:38:33] [TASK_1] [INFO] Tickers: 1 | Date range: 2024-01-01 to 2024-01-10
[2026-07-01 12:38:33] [TASK_1] [INFO] ============================================================
[2026-07-01 12:38:33] [TASK_1] [INFO] Validated 1 tickers total (1 VN30 + 0 expansion).
[2026-07-01 12:38:33] [TASK_1] [INFO] Processing VNM (1/1)...
[2026-07-01 12:38:33] [TASK_1] [ERROR] [2026-07-01 12:38:33] FAILED: VNM — no data collected. Continuing with remaining tickers.
[2026-07-01 12:38:33] [TASK_1] [INFO] ============================================================
[2026-07-01 12:38:33] [TASK_1] [INFO] TASK 1: Price Collection Started
[2026-07-01 12:38:33] [TASK_1] [INFO] Tickers: 2 | Date range: 2024-01-01 to 2024-01-10
[2026-07-01 12:38:33] [TASK_1] [INFO] ============================================================
[2026-07-01 12:38:33] [TASK_1] [INFO] Validated 2 tickers total (2 VN30 + 0 expansion).
[2026-07-01 12:38:33] [TASK_1] [INFO] Processing VNM (1/2)...
[2026-07-01 12:38:33] [TASK_1] [INFO] Saved VNM → C:\Users\User\AppData\Local\Temp\pytest-of-User\pytest-215\test_partial_failure_continues0\prices\VNM.csv (1 rows)
[2026-07-01 12:38:34] [TASK_1] [INFO] Processing FPT (2/2)...
[2026-07-01 12:38:34] [TASK_1] [ERROR] [2026-07-01 12:38:34] FAILED: FPT — no data collected. Continuing with remaining tickers.
[2026-07-01 12:38:34] [TASK_1] [INFO] Saved consolidated file → C:\Users\User\AppData\Local\Temp\pytest-of-User\pytest-215\test_partial_failure_continues0\prices\all_vn30_prices.csv (1 rows, 1 tickers)
[2026-07-01 12:38:34] [TASK_1] [INFO] ============================================================
[2026-07-01 12:38:34] [TASK_1] [INFO] PRICE COLLECTION SUMMARY
[2026-07-01 12:38:34] [TASK_1] [INFO] ============================================================
[2026-07-01 12:38:34] [TASK_1] [INFO] Successfully collected: 1 tickers
[2026-07-01 12:38:34] [TASK_1] [WARNING] Failed tickers: FPT
[2026-07-01 12:38:34] [TASK_1] [INFO] Expected trading days (business-day calendar): 8
[2026-07-01 12:38:34] [TASK_1] [INFO] ------------------------------------------------------------
[2026-07-01 12:38:34] [TASK_1] [INFO] Ticker    Earliest      Latest    Days
[2026-07-01 12:38:34] [TASK_1] [INFO] ------------------------------------------------------------
[2026-07-01 12:38:34] [TASK_1] [INFO] VNM     2024-01-02  2024-01-02       1
[2026-07-01 12:38:34] [TASK_1] [WARNING] ⚠ VNM has 87.5% fewer trading days than expected (1 vs 8 expected). Check for missing data.
[2026-07-01 12:38:34] [TASK_1] [INFO] ------------------------------------------------------------
[2026-07-01 12:38:34] [TASK_1] [INFO] Total rows: 1 | Date range: 2024-01-01 to 2024-01-10
[2026-07-01 12:38:34] [TASK_1] [INFO] ============================================================
[2026-07-01 12:38:34] [TASK_1] [WARNING] [2026-07-01 12:38:34] Error fetching VNM (attempt 1/3): API down
[2026-07-01 12:38:34] [TASK_1] [WARNING] [2026-07-01 12:38:34] Error fetching VNM (attempt 2/3): API down
[2026-07-01 12:38:34] [TASK_1] [WARNING] [2026-07-01 12:38:34] Error fetching VNM (attempt 3/3): API down
[2026-07-01 12:38:34] [TASK_1] [ERROR] [2026-07-01 12:38:34] Failed to fetch data for VNM after 3 attempts.
[2026-07-01 12:38:34] [TASK_1] [WARNING] [2026-07-01 12:38:34] Error fetching VNM (attempt 1/3): API down
[2026-07-01 12:38:34] [TASK_1] [WARNING] [2026-07-01 12:38:34] Error fetching VNM (attempt 2/3): API down
[2026-07-01 12:38:34] [TASK_1] [WARNING] [2026-07-01 12:38:34] Error fetching VNM (attempt 3/3): API down
[2026-07-01 12:38:34] [TASK_1] [ERROR] [2026-07-01 12:38:34] Failed to fetch data for VNM after 3 attempts.
[2026-07-01 12:38:34] [TASK_1] [INFO] ============================================================
[2026-07-01 12:38:34] [TASK_1] [INFO] TASK 1: Price Collection Started
[2026-07-01 12:38:34] [TASK_1] [INFO] Tickers: 3 | Date range: 2024-01-01 to 2024-01-10
[2026-07-01 12:38:34] [TASK_1] [INFO] ============================================================
[2026-07-01 12:38:34] [TASK_1] [INFO] Validated 3 tickers total (3 VN30 + 0 expansion).
[2026-07-01 12:38:34] [TASK_1] [INFO] Processing VNM (1/3)...
[2026-07-01 12:38:34] [TASK_1] [ERROR] [2026-07-01 12:38:34] FAILED: VNM — no data collected. Continuing with remaining tickers.
[2026-07-01 12:38:34] [TASK_1] [INFO] Processing VCB (2/3)...
[2026-07-01 12:38:34] [TASK_1] [INFO] Saved VCB → C:\Users\User\AppData\Local\Temp\pytest-of-User\pytest-215\test_continues_after_ticker_fa0\prices\VCB.csv (2 rows)
[2026-07-01 12:38:35] [TASK_1] [INFO] Processing FPT (3/3)...
[2026-07-01 12:38:35] [TASK_1] [INFO] Saved FPT → C:\Users\User\AppData\Local\Temp\pytest-of-User\pytest-215\test_continues_after_ticker_fa0\prices\FPT.csv (2 rows)
[2026-07-01 12:38:35] [TASK_1] [INFO] Saved consolidated file → C:\Users\User\AppData\Local\Temp\pytest-of-User\pytest-215\test_continues_after_ticker_fa0\prices\all_vn30_prices.csv (4 rows, 2 tickers)
[2026-07-01 12:38:35] [TASK_1] [INFO] ============================================================
[2026-07-01 12:38:35] [TASK_1] [INFO] PRICE COLLECTION SUMMARY
[2026-07-01 12:38:35] [TASK_1] [INFO] ============================================================
[2026-07-01 12:38:35] [TASK_1] [INFO] Successfully collected: 2 tickers
[2026-07-01 12:38:35] [TASK_1] [WARNING] Failed tickers: VNM
[2026-07-01 12:38:35] [TASK_1] [INFO] Expected trading days (business-day calendar): 8
[2026-07-01 12:38:35] [TASK_1] [INFO] ------------------------------------------------------------
[2026-07-01 12:38:35] [TASK_1] [INFO] Ticker    Earliest      Latest    Days
[2026-07-01 12:38:35] [TASK_1] [INFO] ------------------------------------------------------------
[2026-07-01 12:38:35] [TASK_1] [INFO] FPT     2024-01-02  2024-01-03       2
[2026-07-01 12:38:35] [TASK_1] [WARNING] ⚠ FPT has 75.0% fewer trading days than expected (2 vs 8 expected). Check for missing data.
[2026-07-01 12:38:35] [TASK_1] [INFO] VCB     2024-01-02  2024-01-03       2
[2026-07-01 12:38:35] [TASK_1] [WARNING] ⚠ VCB has 75.0% fewer trading days than expected (2 vs 8 expected). Check for missing data.
[2026-07-01 12:38:35] [TASK_1] [INFO] ------------------------------------------------------------
[2026-07-01 12:38:35] [TASK_1] [INFO] Total rows: 4 | Date range: 2024-01-01 to 2024-01-10
[2026-07-01 12:38:35] [TASK_1] [INFO] ============================================================
[2026-07-01 12:38:35] [TASK_1] [ERROR] [2026-07-01 12:38:35] FAILED: FPT — no data collected. Continuing with remaining tickers.
[2026-07-01 12:38:35] [TASK_1] [WARNING] Failed tickers: FPT
[2026-07-01 12:38:35] [TASK_1] [WARNING] ⚠ VNM has 87.5% fewer trading days than expected (1 vs 8 expected). Check for missing data.
[2026-07-01 12:38:35] [TASK_1] [INFO] ============================================================
[2026-07-01 12:38:35] [TASK_1] [INFO] PRICE COLLECTION SUMMARY
[2026-07-01 12:38:35] [TASK_1] [INFO] ============================================================
[2026-07-01 12:38:35] [TASK_1] [INFO] Successfully collected: 2 tickers
[2026-07-01 12:38:35] [TASK_1] [INFO] Expected trading days (business-day calendar): 3
[2026-07-01 12:38:35] [TASK_1] [INFO] ------------------------------------------------------------
[2026-07-01 12:38:35] [TASK_1] [INFO] Ticker    Earliest      Latest    Days
[2026-07-01 12:38:35] [TASK_1] [INFO] ------------------------------------------------------------
[2026-07-01 12:38:35] [TASK_1] [INFO] FPT     2024-01-02  2024-01-03       2
[2026-07-01 12:38:35] [TASK_1] [WARNING] ⚠ FPT has 33.3% fewer trading days than expected (2 vs 3 expected). Check for missing data.
[2026-07-01 12:38:35] [TASK_1] [INFO] VNM     2024-01-02  2024-01-04       3
[2026-07-01 12:38:35] [TASK_1] [INFO] ------------------------------------------------------------
[2026-07-01 12:38:35] [TASK_1] [INFO] Total rows: 5 | Date range: 2024-01-02 to 2024-01-04
[2026-07-01 12:38:35] [TASK_1] [INFO] ============================================================
[2026-07-01 12:38:35] [TASK_1] [WARNING] ⚠ FPT has 53.1% fewer trading days than expected (30 vs 64 expected). Check for missing data.
[2026-07-01 12:38:35] [TASK_1] [WARNING] ⚠ VNM has 6.2% fewer trading days than expected (60 vs 64 expected). Check for missing data.
[2026-07-01 12:38:35] [TASK_1] [WARNING] Failed tickers: FPT, VCB
[2026-07-01 12:38:35] [TASK_1] [INFO] ============================================================
[2026-07-01 12:38:35] [TASK_1] [INFO] PRICE COLLECTION SUMMARY
[2026-07-01 12:38:35] [TASK_1] [INFO] ============================================================
[2026-07-01 12:38:35] [TASK_1] [INFO] Successfully collected: 1 tickers
[2026-07-01 12:38:35] [TASK_1] [INFO] Expected trading days (business-day calendar): 4
[2026-07-01 12:38:35] [TASK_1] [INFO] ------------------------------------------------------------
[2026-07-01 12:38:35] [TASK_1] [INFO] Ticker    Earliest      Latest    Days
[2026-07-01 12:38:35] [TASK_1] [INFO] ------------------------------------------------------------
[2026-07-01 12:38:35] [TASK_1] [INFO] VNM     2024-01-02  2024-01-02       1
[2026-07-01 12:38:35] [TASK_1] [WARNING] ⚠ VNM has 75.0% fewer trading days than expected (1 vs 4 expected). Check for missing data.
[2026-07-01 12:38:35] [TASK_1] [INFO] ------------------------------------------------------------
[2026-07-01 12:38:35] [TASK_1] [INFO] Total rows: 1 | Date range: 2024-01-02 to 2024-01-05
[2026-07-01 12:38:35] [TASK_1] [INFO] ============================================================
[2026-07-01 13:03:33] [TASK_1] [INFO] ============================================================
[2026-07-01 13:03:33] [TASK_1] [INFO] START TASK_1: Price Collection (vnstock OHLCV)
[2026-07-01 13:03:33] [TASK_1] [INFO] Timestamp: 2026-07-01T13:03:33.918006
[2026-07-01 13:03:33] [TASK_1] [INFO] ============================================================
[2026-07-01 13:03:33] [TASK_1] [ERROR] TASK FAILED: TASK_1 after 0.0 seconds
[2026-07-01 13:03:33] [TASK_1] [ERROR] Exception: Simulated failure
[2026-07-01 13:03:33] [TASK_1] [ERROR] Stack trace:
Traceback (most recent call last):
  File "C:\Users\User\KLTN_MASTER\pipeline\run_pipeline.py", line 659, in run_pipeline
    executor(config, task_logger, smoke_test=smoke_test)
  File "C:\Program Files\WindowsApps\PythonSoftwareFoundation.Python.3.10_3.10.3056.0_x64__qbz5n2kfra8p0\lib\unittest\mock.py", line 1114, in __call__
    return self._mock_call(*args, **kwargs)
  File "C:\Program Files\WindowsApps\PythonSoftwareFoundation.Python.3.10_3.10.3056.0_x64__qbz5n2kfra8p0\lib\unittest\mock.py", line 1118, in _mock_call
    return self._execute_mock_call(*args, **kwargs)
  File "C:\Program Files\WindowsApps\PythonSoftwareFoundation.Python.3.10_3.10.3056.0_x64__qbz5n2kfra8p0\lib\unittest\mock.py", line 1173, in _execute_mock_call
    raise effect
RuntimeError: Simulated failure

[2026-07-01 13:03:33] [TASK_1] [INFO] ============================================================
[2026-07-01 13:03:33] [TASK_1] [INFO] START TASK_1: Price Collection (vnstock OHLCV)
[2026-07-01 13:03:33] [TASK_1] [INFO] Timestamp: 2026-07-01T13:03:33.932646
[2026-07-01 13:03:33] [TASK_1] [INFO] ============================================================
[2026-07-01 13:03:33] [TASK_1] [ERROR] TASK FAILED: TASK_1 after 0.0 seconds
[2026-07-01 13:03:33] [TASK_1] [ERROR] Exception: Simulated failure
[2026-07-01 13:03:33] [TASK_1] [ERROR] Stack trace:
Traceback (most recent call last):
  File "C:\Users\User\KLTN_MASTER\pipeline\run_pipeline.py", line 659, in run_pipeline
    executor(config, task_logger, smoke_test=smoke_test)
  File "C:\Program Files\WindowsApps\PythonSoftwareFoundation.Python.3.10_3.10.3056.0_x64__qbz5n2kfra8p0\lib\unittest\mock.py", line 1114, in __call__
    return self._mock_call(*args, **kwargs)
  File "C:\Program Files\WindowsApps\PythonSoftwareFoundation.Python.3.10_3.10.3056.0_x64__qbz5n2kfra8p0\lib\unittest\mock.py", line 1118, in _mock_call
    return self._execute_mock_call(*args, **kwargs)
  File "C:\Program Files\WindowsApps\PythonSoftwareFoundation.Python.3.10_3.10.3056.0_x64__qbz5n2kfra8p0\lib\unittest\mock.py", line 1173, in _execute_mock_call
    raise effect
RuntimeError: Simulated failure

[2026-07-01 13:03:34] [TASK_1] [INFO] ============================================================
[2026-07-01 13:03:34] [TASK_1] [INFO] START TASK_1: Price Collection (vnstock OHLCV)
[2026-07-01 13:03:34] [TASK_1] [INFO] Timestamp: 2026-07-01T13:03:34.041473
[2026-07-01 13:03:34] [TASK_1] [INFO] ============================================================
[2026-07-01 13:03:34] [TASK_1] [INFO] ------------------------------------------------------------
[2026-07-01 13:03:34] [TASK_1] [INFO] END TASK_1 — completed in 0.0 seconds
[2026-07-01 13:03:34] [TASK_1] [INFO] ============================================================
[2026-07-01 13:03:34] [TASK_1] [INFO] ============================================================
[2026-07-01 13:03:34] [TASK_1] [INFO] START TASK_1: Price Collection (vnstock OHLCV)
[2026-07-01 13:03:34] [TASK_1] [INFO] Timestamp: 2026-07-01T13:03:34.883005
[2026-07-01 13:03:34] [TASK_1] [INFO] ============================================================
[2026-07-01 13:03:34] [TASK_1] [INFO] ------------------------------------------------------------
[2026-07-01 13:03:34] [TASK_1] [INFO] END TASK_1 — completed in 0.0 seconds
[2026-07-01 13:03:34] [TASK_1] [INFO] ============================================================
[2026-07-01 13:03:42] [TASK_1] [INFO] Validated 3 tickers total (3 VN30 + 0 expansion).
[2026-07-01 13:03:42] [TASK_1] [INFO] HOSE-80 expansion: 1 non-VN30 tickers included: INVALID
[2026-07-01 13:03:42] [TASK_1] [INFO] Validated 3 tickers total (2 VN30 + 1 expansion).
[2026-07-01 13:03:42] [TASK_1] [INFO] Validated 3 tickers total (3 VN30 + 0 expansion).
[2026-07-01 13:03:42] [TASK_1] [INFO] HOSE-80 expansion: 2 non-VN30 tickers included: INVALID1, INVALID2
[2026-07-01 13:03:42] [TASK_1] [INFO] Validated 2 tickers total (0 VN30 + 2 expansion).
[2026-07-01 13:03:42] [TASK_1] [INFO] Validated 30 tickers total (30 VN30 + 0 expansion).
[2026-07-01 13:03:42] [TASK_1] [WARNING] [2026-07-01 13:03:42] Error fetching VNM (attempt 1/3): API down
[2026-07-01 13:03:42] [TASK_1] [INFO] Retrying in 1s...
[2026-07-01 13:03:42] [TASK_1] [WARNING] [2026-07-01 13:03:42] Error fetching VNM (attempt 2/3): API down
[2026-07-01 13:03:42] [TASK_1] [INFO] Retrying in 2s...
[2026-07-01 13:03:42] [TASK_1] [WARNING] [2026-07-01 13:03:42] Error fetching VNM (attempt 3/3): API down
[2026-07-01 13:03:42] [TASK_1] [ERROR] [2026-07-01 13:03:42] Failed to fetch data for VNM after 3 attempts.
[2026-07-01 13:03:42] [TASK_1] [INFO] Fetched 2 rows for VNM (2024-01-02 to 2024-01-03).
[2026-07-01 13:03:42] [TASK_1] [WARNING] Empty data returned for VNM (attempt 1/3).
[2026-07-01 13:03:42] [TASK_1] [INFO] Retrying in 1s...
[2026-07-01 13:03:42] [TASK_1] [INFO] Fetched 1 rows for VNM (2024-01-02 to 2024-01-02).
[2026-07-01 13:03:42] [TASK_1] [INFO] ============================================================
[2026-07-01 13:03:42] [TASK_1] [INFO] TASK 1: Price Collection Started
[2026-07-01 13:03:42] [TASK_1] [INFO] Tickers: 1 | Date range: 2024-01-01 to 2024-01-10
[2026-07-01 13:03:42] [TASK_1] [INFO] ============================================================
[2026-07-01 13:03:42] [TASK_1] [INFO] Validated 1 tickers total (1 VN30 + 0 expansion).
[2026-07-01 13:03:42] [TASK_1] [INFO] Processing VNM (1/1)...
[2026-07-01 13:03:42] [TASK_1] [INFO] Saved VNM → C:\Users\User\AppData\Local\Temp\pytest-of-User\pytest-216\test_collect_prices_output_col0\prices\VNM.csv (2 rows)
[2026-07-01 13:03:42] [TASK_1] [INFO] Saved consolidated file → C:\Users\User\AppData\Local\Temp\pytest-of-User\pytest-216\test_collect_prices_output_col0\prices\all_vn30_prices.csv (2 rows, 1 tickers)
[2026-07-01 13:03:42] [TASK_1] [INFO] ============================================================
[2026-07-01 13:03:42] [TASK_1] [INFO] PRICE COLLECTION SUMMARY
[2026-07-01 13:03:42] [TASK_1] [INFO] ============================================================
[2026-07-01 13:03:42] [TASK_1] [INFO] Successfully collected: 1 tickers
[2026-07-01 13:03:42] [TASK_1] [INFO] Expected trading days (business-day calendar): 8
[2026-07-01 13:03:42] [TASK_1] [INFO] ------------------------------------------------------------
[2026-07-01 13:03:42] [TASK_1] [INFO] Ticker    Earliest      Latest    Days
[2026-07-01 13:03:42] [TASK_1] [INFO] ------------------------------------------------------------
[2026-07-01 13:03:42] [TASK_1] [INFO] VNM     2024-01-02  2024-01-03       2
[2026-07-01 13:03:42] [TASK_1] [WARNING] ⚠ VNM has 75.0% fewer trading days than expected (2 vs 8 expected). Check for missing data.
[2026-07-01 13:03:42] [TASK_1] [INFO] ------------------------------------------------------------
[2026-07-01 13:03:42] [TASK_1] [INFO] Total rows: 2 | Date range: 2024-01-01 to 2024-01-10
[2026-07-01 13:03:42] [TASK_1] [INFO] ============================================================
[2026-07-01 13:03:42] [TASK_1] [INFO] ============================================================
[2026-07-01 13:03:42] [TASK_1] [INFO] TASK 1: Price Collection Started
[2026-07-01 13:03:42] [TASK_1] [INFO] Tickers: 2 | Date range: 2024-01-01 to 2024-01-10
[2026-07-01 13:03:42] [TASK_1] [INFO] ============================================================
[2026-07-01 13:03:42] [TASK_1] [INFO] Validated 2 tickers total (2 VN30 + 0 expansion).
[2026-07-01 13:03:42] [TASK_1] [INFO] Processing VNM (1/2)...
[2026-07-01 13:03:42] [TASK_1] [INFO] Saved VNM → C:\Users\User\AppData\Local\Temp\pytest-of-User\pytest-216\test_individual_ticker_csv_sav0\prices\VNM.csv (1 rows)
[2026-07-01 13:03:43] [TASK_1] [INFO] Processing FPT (2/2)...
[2026-07-01 13:03:43] [TASK_1] [INFO] Saved FPT → C:\Users\User\AppData\Local\Temp\pytest-of-User\pytest-216\test_individual_ticker_csv_sav0\prices\FPT.csv (1 rows)
[2026-07-01 13:03:43] [TASK_1] [INFO] Saved consolidated file → C:\Users\User\AppData\Local\Temp\pytest-of-User\pytest-216\test_individual_ticker_csv_sav0\prices\all_vn30_prices.csv (2 rows, 2 tickers)
[2026-07-01 13:03:43] [TASK_1] [INFO] ============================================================
[2026-07-01 13:03:43] [TASK_1] [INFO] PRICE COLLECTION SUMMARY
[2026-07-01 13:03:43] [TASK_1] [INFO] ============================================================
[2026-07-01 13:03:43] [TASK_1] [INFO] Successfully collected: 2 tickers
[2026-07-01 13:03:43] [TASK_1] [INFO] Expected trading days (business-day calendar): 8
[2026-07-01 13:03:43] [TASK_1] [INFO] ------------------------------------------------------------
[2026-07-01 13:03:43] [TASK_1] [INFO] Ticker    Earliest      Latest    Days
[2026-07-01 13:03:43] [TASK_1] [INFO] ------------------------------------------------------------
[2026-07-01 13:03:43] [TASK_1] [INFO] FPT     2024-01-02  2024-01-02       1
[2026-07-01 13:03:43] [TASK_1] [WARNING] ⚠ FPT has 87.5% fewer trading days than expected (1 vs 8 expected). Check for missing data.
[2026-07-01 13:03:43] [TASK_1] [INFO] VNM     2024-01-02  2024-01-02       1
[2026-07-01 13:03:43] [TASK_1] [WARNING] ⚠ VNM has 87.5% fewer trading days than expected (1 vs 8 expected). Check for missing data.
[2026-07-01 13:03:43] [TASK_1] [INFO] ------------------------------------------------------------
[2026-07-01 13:03:43] [TASK_1] [INFO] Total rows: 2 | Date range: 2024-01-01 to 2024-01-10
[2026-07-01 13:03:43] [TASK_1] [INFO] ============================================================
[2026-07-01 13:03:43] [TASK_1] [INFO] ============================================================
[2026-07-01 13:03:43] [TASK_1] [INFO] TASK 1: Price Collection Started
[2026-07-01 13:03:43] [TASK_1] [INFO] Tickers: 2 | Date range: 2024-01-01 to 2024-01-10
[2026-07-01 13:03:43] [TASK_1] [INFO] ============================================================
[2026-07-01 13:03:43] [TASK_1] [INFO] Validated 2 tickers total (2 VN30 + 0 expansion).
[2026-07-01 13:03:43] [TASK_1] [INFO] Processing VNM (1/2)...
[2026-07-01 13:03:43] [TASK_1] [INFO] Saved VNM → C:\Users\User\AppData\Local\Temp\pytest-of-User\pytest-216\test_consolidated_csv_has_tick0\prices\VNM.csv (1 rows)
[2026-07-01 13:03:43] [TASK_1] [INFO] Processing FPT (2/2)...
[2026-07-01 13:03:43] [TASK_1] [INFO] Saved FPT → C:\Users\User\AppData\Local\Temp\pytest-of-User\pytest-216\test_consolidated_csv_has_tick0\prices\FPT.csv (1 rows)
[2026-07-01 13:03:43] [TASK_1] [INFO] Saved consolidated file → C:\Users\User\AppData\Local\Temp\pytest-of-User\pytest-216\test_consolidated_csv_has_tick0\prices\all_vn30_prices.csv (2 rows, 2 tickers)
[2026-07-01 13:03:43] [TASK_1] [INFO] ============================================================
[2026-07-01 13:03:43] [TASK_1] [INFO] PRICE COLLECTION SUMMARY
[2026-07-01 13:03:43] [TASK_1] [INFO] ============================================================
[2026-07-01 13:03:43] [TASK_1] [INFO] Successfully collected: 2 tickers
[2026-07-01 13:03:43] [TASK_1] [INFO] Expected trading days (business-day calendar): 8
[2026-07-01 13:03:43] [TASK_1] [INFO] ------------------------------------------------------------
[2026-07-01 13:03:43] [TASK_1] [INFO] Ticker    Earliest      Latest    Days
[2026-07-01 13:03:43] [TASK_1] [INFO] ------------------------------------------------------------
[2026-07-01 13:03:43] [TASK_1] [INFO] FPT     2024-01-02  2024-01-02       1
[2026-07-01 13:03:43] [TASK_1] [WARNING] ⚠ FPT has 87.5% fewer trading days than expected (1 vs 8 expected). Check for missing data.
[2026-07-01 13:03:43] [TASK_1] [INFO] VNM     2024-01-02  2024-01-02       1
[2026-07-01 13:03:43] [TASK_1] [WARNING] ⚠ VNM has 87.5% fewer trading days than expected (1 vs 8 expected). Check for missing data.
[2026-07-01 13:03:43] [TASK_1] [INFO] ------------------------------------------------------------
[2026-07-01 13:03:43] [TASK_1] [INFO] Total rows: 2 | Date range: 2024-01-01 to 2024-01-10
[2026-07-01 13:03:43] [TASK_1] [INFO] ============================================================
[2026-07-01 13:03:44] [TASK_1] [INFO] ============================================================
[2026-07-01 13:03:44] [TASK_1] [INFO] TASK 1: Price Collection Started
[2026-07-01 13:03:44] [TASK_1] [INFO] Tickers: 1 | Date range: 2024-01-01 to 2024-01-10
[2026-07-01 13:03:44] [TASK_1] [INFO] ============================================================
[2026-07-01 13:03:44] [TASK_1] [INFO] Validated 1 tickers total (1 VN30 + 0 expansion).
[2026-07-01 13:03:44] [TASK_1] [INFO] Processing VNM (1/1)...
[2026-07-01 13:03:44] [TASK_1] [ERROR] [2026-07-01 13:03:44] FAILED: VNM — no data collected. Continuing with remaining tickers.
[2026-07-01 13:03:44] [TASK_1] [INFO] ============================================================
[2026-07-01 13:03:44] [TASK_1] [INFO] TASK 1: Price Collection Started
[2026-07-01 13:03:44] [TASK_1] [INFO] Tickers: 2 | Date range: 2024-01-01 to 2024-01-10
[2026-07-01 13:03:44] [TASK_1] [INFO] ============================================================
[2026-07-01 13:03:44] [TASK_1] [INFO] Validated 2 tickers total (2 VN30 + 0 expansion).
[2026-07-01 13:03:44] [TASK_1] [INFO] Processing VNM (1/2)...
[2026-07-01 13:03:44] [TASK_1] [INFO] Saved VNM → C:\Users\User\AppData\Local\Temp\pytest-of-User\pytest-216\test_partial_failure_continues0\prices\VNM.csv (1 rows)
[2026-07-01 13:03:44] [TASK_1] [INFO] Processing FPT (2/2)...
[2026-07-01 13:03:44] [TASK_1] [ERROR] [2026-07-01 13:03:44] FAILED: FPT — no data collected. Continuing with remaining tickers.
[2026-07-01 13:03:44] [TASK_1] [INFO] Saved consolidated file → C:\Users\User\AppData\Local\Temp\pytest-of-User\pytest-216\test_partial_failure_continues0\prices\all_vn30_prices.csv (1 rows, 1 tickers)
[2026-07-01 13:03:44] [TASK_1] [INFO] ============================================================
[2026-07-01 13:03:44] [TASK_1] [INFO] PRICE COLLECTION SUMMARY
[2026-07-01 13:03:44] [TASK_1] [INFO] ============================================================
[2026-07-01 13:03:44] [TASK_1] [INFO] Successfully collected: 1 tickers
[2026-07-01 13:03:44] [TASK_1] [WARNING] Failed tickers: FPT
[2026-07-01 13:03:44] [TASK_1] [INFO] Expected trading days (business-day calendar): 8
[2026-07-01 13:03:44] [TASK_1] [INFO] ------------------------------------------------------------
[2026-07-01 13:03:44] [TASK_1] [INFO] Ticker    Earliest      Latest    Days
[2026-07-01 13:03:44] [TASK_1] [INFO] ------------------------------------------------------------
[2026-07-01 13:03:44] [TASK_1] [INFO] VNM     2024-01-02  2024-01-02       1
[2026-07-01 13:03:44] [TASK_1] [WARNING] ⚠ VNM has 87.5% fewer trading days than expected (1 vs 8 expected). Check for missing data.
[2026-07-01 13:03:44] [TASK_1] [INFO] ------------------------------------------------------------
[2026-07-01 13:03:44] [TASK_1] [INFO] Total rows: 1 | Date range: 2024-01-01 to 2024-01-10
[2026-07-01 13:03:44] [TASK_1] [INFO] ============================================================
[2026-07-01 13:03:44] [TASK_1] [WARNING] [2026-07-01 13:03:44] Error fetching VNM (attempt 1/3): API down
[2026-07-01 13:03:44] [TASK_1] [WARNING] [2026-07-01 13:03:44] Error fetching VNM (attempt 2/3): API down
[2026-07-01 13:03:44] [TASK_1] [WARNING] [2026-07-01 13:03:44] Error fetching VNM (attempt 3/3): API down
[2026-07-01 13:03:44] [TASK_1] [ERROR] [2026-07-01 13:03:44] Failed to fetch data for VNM after 3 attempts.
[2026-07-01 13:03:44] [TASK_1] [WARNING] [2026-07-01 13:03:44] Error fetching VNM (attempt 1/3): API down
[2026-07-01 13:03:44] [TASK_1] [WARNING] [2026-07-01 13:03:44] Error fetching VNM (attempt 2/3): API down
[2026-07-01 13:03:44] [TASK_1] [WARNING] [2026-07-01 13:03:44] Error fetching VNM (attempt 3/3): API down
[2026-07-01 13:03:44] [TASK_1] [ERROR] [2026-07-01 13:03:44] Failed to fetch data for VNM after 3 attempts.
[2026-07-01 13:03:44] [TASK_1] [INFO] ============================================================
[2026-07-01 13:03:44] [TASK_1] [INFO] TASK 1: Price Collection Started
[2026-07-01 13:03:44] [TASK_1] [INFO] Tickers: 3 | Date range: 2024-01-01 to 2024-01-10
[2026-07-01 13:03:44] [TASK_1] [INFO] ============================================================
[2026-07-01 13:03:44] [TASK_1] [INFO] Validated 3 tickers total (3 VN30 + 0 expansion).
[2026-07-01 13:03:44] [TASK_1] [INFO] Processing VNM (1/3)...
[2026-07-01 13:03:44] [TASK_1] [ERROR] [2026-07-01 13:03:44] FAILED: VNM — no data collected. Continuing with remaining tickers.
[2026-07-01 13:03:45] [TASK_1] [INFO] Processing VCB (2/3)...
[2026-07-01 13:03:45] [TASK_1] [INFO] Saved VCB → C:\Users\User\AppData\Local\Temp\pytest-of-User\pytest-216\test_continues_after_ticker_fa0\prices\VCB.csv (2 rows)
[2026-07-01 13:03:45] [TASK_1] [INFO] Processing FPT (3/3)...
[2026-07-01 13:03:45] [TASK_1] [INFO] Saved FPT → C:\Users\User\AppData\Local\Temp\pytest-of-User\pytest-216\test_continues_after_ticker_fa0\prices\FPT.csv (2 rows)
[2026-07-01 13:03:45] [TASK_1] [INFO] Saved consolidated file → C:\Users\User\AppData\Local\Temp\pytest-of-User\pytest-216\test_continues_after_ticker_fa0\prices\all_vn30_prices.csv (4 rows, 2 tickers)
[2026-07-01 13:03:45] [TASK_1] [INFO] ============================================================
[2026-07-01 13:03:45] [TASK_1] [INFO] PRICE COLLECTION SUMMARY
[2026-07-01 13:03:45] [TASK_1] [INFO] ============================================================
[2026-07-01 13:03:45] [TASK_1] [INFO] Successfully collected: 2 tickers
[2026-07-01 13:03:45] [TASK_1] [WARNING] Failed tickers: VNM
[2026-07-01 13:03:45] [TASK_1] [INFO] Expected trading days (business-day calendar): 8
[2026-07-01 13:03:45] [TASK_1] [INFO] ------------------------------------------------------------
[2026-07-01 13:03:45] [TASK_1] [INFO] Ticker    Earliest      Latest    Days
[2026-07-01 13:03:45] [TASK_1] [INFO] ------------------------------------------------------------
[2026-07-01 13:03:45] [TASK_1] [INFO] FPT     2024-01-02  2024-01-03       2
[2026-07-01 13:03:45] [TASK_1] [WARNING] ⚠ FPT has 75.0% fewer trading days than expected (2 vs 8 expected). Check for missing data.
[2026-07-01 13:03:45] [TASK_1] [INFO] VCB     2024-01-02  2024-01-03       2
[2026-07-01 13:03:45] [TASK_1] [WARNING] ⚠ VCB has 75.0% fewer trading days than expected (2 vs 8 expected). Check for missing data.
[2026-07-01 13:03:45] [TASK_1] [INFO] ------------------------------------------------------------
[2026-07-01 13:03:45] [TASK_1] [INFO] Total rows: 4 | Date range: 2024-01-01 to 2024-01-10
[2026-07-01 13:03:45] [TASK_1] [INFO] ============================================================
[2026-07-01 13:03:46] [TASK_1] [ERROR] [2026-07-01 13:03:46] FAILED: FPT — no data collected. Continuing with remaining tickers.
[2026-07-01 13:03:46] [TASK_1] [WARNING] Failed tickers: FPT
[2026-07-01 13:03:46] [TASK_1] [WARNING] ⚠ VNM has 87.5% fewer trading days than expected (1 vs 8 expected). Check for missing data.
[2026-07-01 13:03:46] [TASK_1] [INFO] ============================================================
[2026-07-01 13:03:46] [TASK_1] [INFO] PRICE COLLECTION SUMMARY
[2026-07-01 13:03:46] [TASK_1] [INFO] ============================================================
[2026-07-01 13:03:46] [TASK_1] [INFO] Successfully collected: 2 tickers
[2026-07-01 13:03:46] [TASK_1] [INFO] Expected trading days (business-day calendar): 3
[2026-07-01 13:03:46] [TASK_1] [INFO] ------------------------------------------------------------
[2026-07-01 13:03:46] [TASK_1] [INFO] Ticker    Earliest      Latest    Days
[2026-07-01 13:03:46] [TASK_1] [INFO] ------------------------------------------------------------
[2026-07-01 13:03:46] [TASK_1] [INFO] FPT     2024-01-02  2024-01-03       2
[2026-07-01 13:03:46] [TASK_1] [WARNING] ⚠ FPT has 33.3% fewer trading days than expected (2 vs 3 expected). Check for missing data.
[2026-07-01 13:03:46] [TASK_1] [INFO] VNM     2024-01-02  2024-01-04       3
[2026-07-01 13:03:46] [TASK_1] [INFO] ------------------------------------------------------------
[2026-07-01 13:03:46] [TASK_1] [INFO] Total rows: 5 | Date range: 2024-01-02 to 2024-01-04
[2026-07-01 13:03:46] [TASK_1] [INFO] ============================================================
[2026-07-01 13:03:46] [TASK_1] [WARNING] ⚠ FPT has 53.1% fewer trading days than expected (30 vs 64 expected). Check for missing data.
[2026-07-01 13:03:46] [TASK_1] [WARNING] ⚠ VNM has 6.2% fewer trading days than expected (60 vs 64 expected). Check for missing data.
[2026-07-01 13:03:46] [TASK_1] [WARNING] Failed tickers: FPT, VCB
[2026-07-01 13:03:46] [TASK_1] [INFO] ============================================================
[2026-07-01 13:03:46] [TASK_1] [INFO] PRICE COLLECTION SUMMARY
[2026-07-01 13:03:46] [TASK_1] [INFO] ============================================================
[2026-07-01 13:03:46] [TASK_1] [INFO] Successfully collected: 1 tickers
[2026-07-01 13:03:46] [TASK_1] [INFO] Expected trading days (business-day calendar): 4
[2026-07-01 13:03:46] [TASK_1] [INFO] ------------------------------------------------------------
[2026-07-01 13:03:46] [TASK_1] [INFO] Ticker    Earliest      Latest    Days
[2026-07-01 13:03:46] [TASK_1] [INFO] ------------------------------------------------------------
[2026-07-01 13:03:46] [TASK_1] [INFO] VNM     2024-01-02  2024-01-02       1
[2026-07-01 13:03:46] [TASK_1] [WARNING] ⚠ VNM has 75.0% fewer trading days than expected (1 vs 4 expected). Check for missing data.
[2026-07-01 13:03:46] [TASK_1] [INFO] ------------------------------------------------------------
[2026-07-01 13:03:46] [TASK_1] [INFO] Total rows: 1 | Date range: 2024-01-02 to 2024-01-05
[2026-07-01 13:03:46] [TASK_1] [INFO] ============================================================
[2026-07-01 13:04:35] [TASK_1] [INFO] ============================================================
[2026-07-01 13:04:35] [TASK_1] [INFO] START TASK_1: Price Collection (vnstock OHLCV)
[2026-07-01 13:04:35] [TASK_1] [INFO] Timestamp: 2026-07-01T13:04:35.974886
[2026-07-01 13:04:35] [TASK_1] [INFO] ============================================================
[2026-07-01 13:04:35] [TASK_1] [ERROR] TASK FAILED: TASK_1 after 0.0 seconds
[2026-07-01 13:04:35] [TASK_1] [ERROR] Exception: Simulated failure
[2026-07-01 13:04:35] [TASK_1] [ERROR] Stack trace:
Traceback (most recent call last):
  File "C:\Users\User\KLTN_MASTER\pipeline\run_pipeline.py", line 659, in run_pipeline
    executor(config, task_logger, smoke_test=smoke_test)
  File "C:\Program Files\WindowsApps\PythonSoftwareFoundation.Python.3.10_3.10.3056.0_x64__qbz5n2kfra8p0\lib\unittest\mock.py", line 1114, in __call__
    return self._mock_call(*args, **kwargs)
  File "C:\Program Files\WindowsApps\PythonSoftwareFoundation.Python.3.10_3.10.3056.0_x64__qbz5n2kfra8p0\lib\unittest\mock.py", line 1118, in _mock_call
    return self._execute_mock_call(*args, **kwargs)
  File "C:\Program Files\WindowsApps\PythonSoftwareFoundation.Python.3.10_3.10.3056.0_x64__qbz5n2kfra8p0\lib\unittest\mock.py", line 1173, in _execute_mock_call
    raise effect
RuntimeError: Simulated failure

[2026-07-01 13:04:35] [TASK_1] [INFO] ============================================================
[2026-07-01 13:04:35] [TASK_1] [INFO] START TASK_1: Price Collection (vnstock OHLCV)
[2026-07-01 13:04:35] [TASK_1] [INFO] Timestamp: 2026-07-01T13:04:35.988960
[2026-07-01 13:04:35] [TASK_1] [INFO] ============================================================
[2026-07-01 13:04:35] [TASK_1] [ERROR] TASK FAILED: TASK_1 after 0.0 seconds
[2026-07-01 13:04:35] [TASK_1] [ERROR] Exception: Simulated failure
[2026-07-01 13:04:35] [TASK_1] [ERROR] Stack trace:
Traceback (most recent call last):
  File "C:\Users\User\KLTN_MASTER\pipeline\run_pipeline.py", line 659, in run_pipeline
    executor(config, task_logger, smoke_test=smoke_test)
  File "C:\Program Files\WindowsApps\PythonSoftwareFoundation.Python.3.10_3.10.3056.0_x64__qbz5n2kfra8p0\lib\unittest\mock.py", line 1114, in __call__
    return self._mock_call(*args, **kwargs)
  File "C:\Program Files\WindowsApps\PythonSoftwareFoundation.Python.3.10_3.10.3056.0_x64__qbz5n2kfra8p0\lib\unittest\mock.py", line 1118, in _mock_call
    return self._execute_mock_call(*args, **kwargs)
  File "C:\Program Files\WindowsApps\PythonSoftwareFoundation.Python.3.10_3.10.3056.0_x64__qbz5n2kfra8p0\lib\unittest\mock.py", line 1173, in _execute_mock_call
    raise effect
RuntimeError: Simulated failure

[2026-07-01 13:04:36] [TASK_1] [INFO] ============================================================
[2026-07-01 13:04:36] [TASK_1] [INFO] START TASK_1: Price Collection (vnstock OHLCV)
[2026-07-01 13:04:36] [TASK_1] [INFO] Timestamp: 2026-07-01T13:04:36.098506
[2026-07-01 13:04:36] [TASK_1] [INFO] ============================================================
[2026-07-01 13:04:36] [TASK_1] [INFO] ------------------------------------------------------------
[2026-07-01 13:04:36] [TASK_1] [INFO] END TASK_1 — completed in 0.0 seconds
[2026-07-01 13:04:36] [TASK_1] [INFO] ============================================================
[2026-07-01 13:04:36] [TASK_1] [INFO] ============================================================
[2026-07-01 13:04:36] [TASK_1] [INFO] START TASK_1: Price Collection (vnstock OHLCV)
[2026-07-01 13:04:36] [TASK_1] [INFO] Timestamp: 2026-07-01T13:04:36.872057
[2026-07-01 13:04:36] [TASK_1] [INFO] ============================================================
[2026-07-01 13:04:36] [TASK_1] [INFO] ------------------------------------------------------------
[2026-07-01 13:04:36] [TASK_1] [INFO] END TASK_1 — completed in 0.0 seconds
[2026-07-01 13:04:36] [TASK_1] [INFO] ============================================================
[2026-07-01 13:04:44] [TASK_1] [INFO] Validated 3 tickers total (3 VN30 + 0 expansion).
[2026-07-01 13:04:44] [TASK_1] [INFO] HOSE-80 expansion: 1 non-VN30 tickers included: INVALID
[2026-07-01 13:04:44] [TASK_1] [INFO] Validated 3 tickers total (2 VN30 + 1 expansion).
[2026-07-01 13:04:44] [TASK_1] [INFO] Validated 3 tickers total (3 VN30 + 0 expansion).
[2026-07-01 13:04:44] [TASK_1] [INFO] HOSE-80 expansion: 2 non-VN30 tickers included: INVALID1, INVALID2
[2026-07-01 13:04:44] [TASK_1] [INFO] Validated 2 tickers total (0 VN30 + 2 expansion).
[2026-07-01 13:04:44] [TASK_1] [INFO] Validated 30 tickers total (30 VN30 + 0 expansion).
[2026-07-01 13:04:44] [TASK_1] [WARNING] [2026-07-01 13:04:44] Error fetching VNM (attempt 1/3): API down
[2026-07-01 13:04:44] [TASK_1] [INFO] Retrying in 1s...
[2026-07-01 13:04:44] [TASK_1] [WARNING] [2026-07-01 13:04:44] Error fetching VNM (attempt 2/3): API down
[2026-07-01 13:04:44] [TASK_1] [INFO] Retrying in 2s...
[2026-07-01 13:04:44] [TASK_1] [WARNING] [2026-07-01 13:04:44] Error fetching VNM (attempt 3/3): API down
[2026-07-01 13:04:44] [TASK_1] [ERROR] [2026-07-01 13:04:44] Failed to fetch data for VNM after 3 attempts.
[2026-07-01 13:04:44] [TASK_1] [INFO] Fetched 2 rows for VNM (2024-01-02 to 2024-01-03).
[2026-07-01 13:04:44] [TASK_1] [WARNING] Empty data returned for VNM (attempt 1/3).
[2026-07-01 13:04:44] [TASK_1] [INFO] Retrying in 1s...
[2026-07-01 13:04:44] [TASK_1] [INFO] Fetched 1 rows for VNM (2024-01-02 to 2024-01-02).
[2026-07-01 13:04:44] [TASK_1] [INFO] ============================================================
[2026-07-01 13:04:44] [TASK_1] [INFO] TASK 1: Price Collection Started
[2026-07-01 13:04:44] [TASK_1] [INFO] Tickers: 1 | Date range: 2024-01-01 to 2024-01-10
[2026-07-01 13:04:44] [TASK_1] [INFO] ============================================================
[2026-07-01 13:04:44] [TASK_1] [INFO] Validated 1 tickers total (1 VN30 + 0 expansion).
[2026-07-01 13:04:44] [TASK_1] [INFO] Processing VNM (1/1)...
[2026-07-01 13:04:44] [TASK_1] [INFO] Saved VNM → C:\Users\User\AppData\Local\Temp\pytest-of-User\pytest-217\test_collect_prices_output_col0\prices\VNM.csv (2 rows)
[2026-07-01 13:04:44] [TASK_1] [INFO] Saved consolidated file → C:\Users\User\AppData\Local\Temp\pytest-of-User\pytest-217\test_collect_prices_output_col0\prices\all_vn30_prices.csv (2 rows, 1 tickers)
[2026-07-01 13:04:44] [TASK_1] [INFO] ============================================================
[2026-07-01 13:04:44] [TASK_1] [INFO] PRICE COLLECTION SUMMARY
[2026-07-01 13:04:44] [TASK_1] [INFO] ============================================================
[2026-07-01 13:04:44] [TASK_1] [INFO] Successfully collected: 1 tickers
[2026-07-01 13:04:44] [TASK_1] [INFO] Expected trading days (business-day calendar): 8
[2026-07-01 13:04:44] [TASK_1] [INFO] ------------------------------------------------------------
[2026-07-01 13:04:44] [TASK_1] [INFO] Ticker    Earliest      Latest    Days
[2026-07-01 13:04:44] [TASK_1] [INFO] ------------------------------------------------------------
[2026-07-01 13:04:44] [TASK_1] [INFO] VNM     2024-01-02  2024-01-03       2
[2026-07-01 13:04:44] [TASK_1] [WARNING] ⚠ VNM has 75.0% fewer trading days than expected (2 vs 8 expected). Check for missing data.
[2026-07-01 13:04:44] [TASK_1] [INFO] ------------------------------------------------------------
[2026-07-01 13:04:44] [TASK_1] [INFO] Total rows: 2 | Date range: 2024-01-01 to 2024-01-10
[2026-07-01 13:04:44] [TASK_1] [INFO] ============================================================
[2026-07-01 13:04:44] [TASK_1] [INFO] ============================================================
[2026-07-01 13:04:44] [TASK_1] [INFO] TASK 1: Price Collection Started
[2026-07-01 13:04:44] [TASK_1] [INFO] Tickers: 2 | Date range: 2024-01-01 to 2024-01-10
[2026-07-01 13:04:44] [TASK_1] [INFO] ============================================================
[2026-07-01 13:04:44] [TASK_1] [INFO] Validated 2 tickers total (2 VN30 + 0 expansion).
[2026-07-01 13:04:44] [TASK_1] [INFO] Processing VNM (1/2)...
[2026-07-01 13:04:44] [TASK_1] [INFO] Saved VNM → C:\Users\User\AppData\Local\Temp\pytest-of-User\pytest-217\test_individual_ticker_csv_sav0\prices\VNM.csv (1 rows)
[2026-07-01 13:04:45] [TASK_1] [INFO] Processing FPT (2/2)...
[2026-07-01 13:04:45] [TASK_1] [INFO] Saved FPT → C:\Users\User\AppData\Local\Temp\pytest-of-User\pytest-217\test_individual_ticker_csv_sav0\prices\FPT.csv (1 rows)
[2026-07-01 13:04:45] [TASK_1] [INFO] Saved consolidated file → C:\Users\User\AppData\Local\Temp\pytest-of-User\pytest-217\test_individual_ticker_csv_sav0\prices\all_vn30_prices.csv (2 rows, 2 tickers)
[2026-07-01 13:04:45] [TASK_1] [INFO] ============================================================
[2026-07-01 13:04:45] [TASK_1] [INFO] PRICE COLLECTION SUMMARY
[2026-07-01 13:04:45] [TASK_1] [INFO] ============================================================
[2026-07-01 13:04:45] [TASK_1] [INFO] Successfully collected: 2 tickers
[2026-07-01 13:04:45] [TASK_1] [INFO] Expected trading days (business-day calendar): 8
[2026-07-01 13:04:45] [TASK_1] [INFO] ------------------------------------------------------------
[2026-07-01 13:04:45] [TASK_1] [INFO] Ticker    Earliest      Latest    Days
[2026-07-01 13:04:45] [TASK_1] [INFO] ------------------------------------------------------------
[2026-07-01 13:04:45] [TASK_1] [INFO] FPT     2024-01-02  2024-01-02       1
[2026-07-01 13:04:45] [TASK_1] [WARNING] ⚠ FPT has 87.5% fewer trading days than expected (1 vs 8 expected). Check for missing data.
[2026-07-01 13:04:45] [TASK_1] [INFO] VNM     2024-01-02  2024-01-02       1
[2026-07-01 13:04:45] [TASK_1] [WARNING] ⚠ VNM has 87.5% fewer trading days than expected (1 vs 8 expected). Check for missing data.
[2026-07-01 13:04:45] [TASK_1] [INFO] ------------------------------------------------------------
[2026-07-01 13:04:45] [TASK_1] [INFO] Total rows: 2 | Date range: 2024-01-01 to 2024-01-10
[2026-07-01 13:04:45] [TASK_1] [INFO] ============================================================
[2026-07-01 13:04:45] [TASK_1] [INFO] ============================================================
[2026-07-01 13:04:45] [TASK_1] [INFO] TASK 1: Price Collection Started
[2026-07-01 13:04:45] [TASK_1] [INFO] Tickers: 2 | Date range: 2024-01-01 to 2024-01-10
[2026-07-01 13:04:45] [TASK_1] [INFO] ============================================================
[2026-07-01 13:04:45] [TASK_1] [INFO] Validated 2 tickers total (2 VN30 + 0 expansion).
[2026-07-01 13:04:45] [TASK_1] [INFO] Processing VNM (1/2)...
[2026-07-01 13:04:45] [TASK_1] [INFO] Saved VNM → C:\Users\User\AppData\Local\Temp\pytest-of-User\pytest-217\test_consolidated_csv_has_tick0\prices\VNM.csv (1 rows)
[2026-07-01 13:04:45] [TASK_1] [INFO] Processing FPT (2/2)...
[2026-07-01 13:04:45] [TASK_1] [INFO] Saved FPT → C:\Users\User\AppData\Local\Temp\pytest-of-User\pytest-217\test_consolidated_csv_has_tick0\prices\FPT.csv (1 rows)
[2026-07-01 13:04:45] [TASK_1] [INFO] Saved consolidated file → C:\Users\User\AppData\Local\Temp\pytest-of-User\pytest-217\test_consolidated_csv_has_tick0\prices\all_vn30_prices.csv (2 rows, 2 tickers)
[2026-07-01 13:04:45] [TASK_1] [INFO] ============================================================
[2026-07-01 13:04:45] [TASK_1] [INFO] PRICE COLLECTION SUMMARY
[2026-07-01 13:04:45] [TASK_1] [INFO] ============================================================
[2026-07-01 13:04:45] [TASK_1] [INFO] Successfully collected: 2 tickers
[2026-07-01 13:04:45] [TASK_1] [INFO] Expected trading days (business-day calendar): 8
[2026-07-01 13:04:45] [TASK_1] [INFO] ------------------------------------------------------------
[2026-07-01 13:04:45] [TASK_1] [INFO] Ticker    Earliest      Latest    Days
[2026-07-01 13:04:45] [TASK_1] [INFO] ------------------------------------------------------------
[2026-07-01 13:04:45] [TASK_1] [INFO] FPT     2024-01-02  2024-01-02       1
[2026-07-01 13:04:45] [TASK_1] [WARNING] ⚠ FPT has 87.5% fewer trading days than expected (1 vs 8 expected). Check for missing data.
[2026-07-01 13:04:45] [TASK_1] [INFO] VNM     2024-01-02  2024-01-02       1
[2026-07-01 13:04:45] [TASK_1] [WARNING] ⚠ VNM has 87.5% fewer trading days than expected (1 vs 8 expected). Check for missing data.
[2026-07-01 13:04:45] [TASK_1] [INFO] ------------------------------------------------------------
[2026-07-01 13:04:45] [TASK_1] [INFO] Total rows: 2 | Date range: 2024-01-01 to 2024-01-10
[2026-07-01 13:04:45] [TASK_1] [INFO] ============================================================
[2026-07-01 13:04:45] [TASK_1] [INFO] ============================================================
[2026-07-01 13:04:45] [TASK_1] [INFO] TASK 1: Price Collection Started
[2026-07-01 13:04:45] [TASK_1] [INFO] Tickers: 1 | Date range: 2024-01-01 to 2024-01-10
[2026-07-01 13:04:45] [TASK_1] [INFO] ============================================================
[2026-07-01 13:04:45] [TASK_1] [INFO] Validated 1 tickers total (1 VN30 + 0 expansion).
[2026-07-01 13:04:45] [TASK_1] [INFO] Processing VNM (1/1)...
[2026-07-01 13:04:45] [TASK_1] [ERROR] [2026-07-01 13:04:45] FAILED: VNM — no data collected. Continuing with remaining tickers.
[2026-07-01 13:04:45] [TASK_1] [INFO] ============================================================
[2026-07-01 13:04:45] [TASK_1] [INFO] TASK 1: Price Collection Started
[2026-07-01 13:04:45] [TASK_1] [INFO] Tickers: 2 | Date range: 2024-01-01 to 2024-01-10
[2026-07-01 13:04:45] [TASK_1] [INFO] ============================================================
[2026-07-01 13:04:45] [TASK_1] [INFO] Validated 2 tickers total (2 VN30 + 0 expansion).
[2026-07-01 13:04:45] [TASK_1] [INFO] Processing VNM (1/2)...
[2026-07-01 13:04:45] [TASK_1] [INFO] Saved VNM → C:\Users\User\AppData\Local\Temp\pytest-of-User\pytest-217\test_partial_failure_continues0\prices\VNM.csv (1 rows)
[2026-07-01 13:04:46] [TASK_1] [INFO] Processing FPT (2/2)...
[2026-07-01 13:04:46] [TASK_1] [ERROR] [2026-07-01 13:04:46] FAILED: FPT — no data collected. Continuing with remaining tickers.
[2026-07-01 13:04:46] [TASK_1] [INFO] Saved consolidated file → C:\Users\User\AppData\Local\Temp\pytest-of-User\pytest-217\test_partial_failure_continues0\prices\all_vn30_prices.csv (1 rows, 1 tickers)
[2026-07-01 13:04:46] [TASK_1] [INFO] ============================================================
[2026-07-01 13:04:46] [TASK_1] [INFO] PRICE COLLECTION SUMMARY
[2026-07-01 13:04:46] [TASK_1] [INFO] ============================================================
[2026-07-01 13:04:46] [TASK_1] [INFO] Successfully collected: 1 tickers
[2026-07-01 13:04:46] [TASK_1] [WARNING] Failed tickers: FPT
[2026-07-01 13:04:46] [TASK_1] [INFO] Expected trading days (business-day calendar): 8
[2026-07-01 13:04:46] [TASK_1] [INFO] ------------------------------------------------------------
[2026-07-01 13:04:46] [TASK_1] [INFO] Ticker    Earliest      Latest    Days
[2026-07-01 13:04:46] [TASK_1] [INFO] ------------------------------------------------------------
[2026-07-01 13:04:46] [TASK_1] [INFO] VNM     2024-01-02  2024-01-02       1
[2026-07-01 13:04:46] [TASK_1] [WARNING] ⚠ VNM has 87.5% fewer trading days than expected (1 vs 8 expected). Check for missing data.
[2026-07-01 13:04:46] [TASK_1] [INFO] ------------------------------------------------------------
[2026-07-01 13:04:46] [TASK_1] [INFO] Total rows: 1 | Date range: 2024-01-01 to 2024-01-10
[2026-07-01 13:04:46] [TASK_1] [INFO] ============================================================
[2026-07-01 13:04:46] [TASK_1] [WARNING] [2026-07-01 13:04:46] Error fetching VNM (attempt 1/3): API down
[2026-07-01 13:04:46] [TASK_1] [WARNING] [2026-07-01 13:04:46] Error fetching VNM (attempt 2/3): API down
[2026-07-01 13:04:46] [TASK_1] [WARNING] [2026-07-01 13:04:46] Error fetching VNM (attempt 3/3): API down
[2026-07-01 13:04:46] [TASK_1] [ERROR] [2026-07-01 13:04:46] Failed to fetch data for VNM after 3 attempts.
[2026-07-01 13:04:46] [TASK_1] [WARNING] [2026-07-01 13:04:46] Error fetching VNM (attempt 1/3): API down
[2026-07-01 13:04:46] [TASK_1] [WARNING] [2026-07-01 13:04:46] Error fetching VNM (attempt 2/3): API down
[2026-07-01 13:04:46] [TASK_1] [WARNING] [2026-07-01 13:04:46] Error fetching VNM (attempt 3/3): API down
[2026-07-01 13:04:46] [TASK_1] [ERROR] [2026-07-01 13:04:46] Failed to fetch data for VNM after 3 attempts.
[2026-07-01 13:04:46] [TASK_1] [INFO] ============================================================
[2026-07-01 13:04:46] [TASK_1] [INFO] TASK 1: Price Collection Started
[2026-07-01 13:04:46] [TASK_1] [INFO] Tickers: 3 | Date range: 2024-01-01 to 2024-01-10
[2026-07-01 13:04:46] [TASK_1] [INFO] ============================================================
[2026-07-01 13:04:46] [TASK_1] [INFO] Validated 3 tickers total (3 VN30 + 0 expansion).
[2026-07-01 13:04:46] [TASK_1] [INFO] Processing VNM (1/3)...
[2026-07-01 13:04:46] [TASK_1] [ERROR] [2026-07-01 13:04:46] FAILED: VNM — no data collected. Continuing with remaining tickers.
[2026-07-01 13:04:46] [TASK_1] [INFO] Processing VCB (2/3)...
[2026-07-01 13:04:46] [TASK_1] [INFO] Saved VCB → C:\Users\User\AppData\Local\Temp\pytest-of-User\pytest-217\test_continues_after_ticker_fa0\prices\VCB.csv (2 rows)
[2026-07-01 13:04:47] [TASK_1] [INFO] Processing FPT (3/3)...
[2026-07-01 13:04:47] [TASK_1] [INFO] Saved FPT → C:\Users\User\AppData\Local\Temp\pytest-of-User\pytest-217\test_continues_after_ticker_fa0\prices\FPT.csv (2 rows)
[2026-07-01 13:04:47] [TASK_1] [INFO] Saved consolidated file → C:\Users\User\AppData\Local\Temp\pytest-of-User\pytest-217\test_continues_after_ticker_fa0\prices\all_vn30_prices.csv (4 rows, 2 tickers)
[2026-07-01 13:04:47] [TASK_1] [INFO] ============================================================
[2026-07-01 13:04:47] [TASK_1] [INFO] PRICE COLLECTION SUMMARY
[2026-07-01 13:04:47] [TASK_1] [INFO] ============================================================
[2026-07-01 13:04:47] [TASK_1] [INFO] Successfully collected: 2 tickers
[2026-07-01 13:04:47] [TASK_1] [WARNING] Failed tickers: VNM
[2026-07-01 13:04:47] [TASK_1] [INFO] Expected trading days (business-day calendar): 8
[2026-07-01 13:04:47] [TASK_1] [INFO] ------------------------------------------------------------
[2026-07-01 13:04:47] [TASK_1] [INFO] Ticker    Earliest      Latest    Days
[2026-07-01 13:04:47] [TASK_1] [INFO] ------------------------------------------------------------
[2026-07-01 13:04:47] [TASK_1] [INFO] FPT     2024-01-02  2024-01-03       2
[2026-07-01 13:04:47] [TASK_1] [WARNING] ⚠ FPT has 75.0% fewer trading days than expected (2 vs 8 expected). Check for missing data.
[2026-07-01 13:04:47] [TASK_1] [INFO] VCB     2024-01-02  2024-01-03       2
[2026-07-01 13:04:47] [TASK_1] [WARNING] ⚠ VCB has 75.0% fewer trading days than expected (2 vs 8 expected). Check for missing data.
[2026-07-01 13:04:47] [TASK_1] [INFO] ------------------------------------------------------------
[2026-07-01 13:04:47] [TASK_1] [INFO] Total rows: 4 | Date range: 2024-01-01 to 2024-01-10
[2026-07-01 13:04:47] [TASK_1] [INFO] ============================================================
[2026-07-01 13:04:47] [TASK_1] [ERROR] [2026-07-01 13:04:47] FAILED: FPT — no data collected. Continuing with remaining tickers.
[2026-07-01 13:04:47] [TASK_1] [WARNING] Failed tickers: FPT
[2026-07-01 13:04:47] [TASK_1] [WARNING] ⚠ VNM has 87.5% fewer trading days than expected (1 vs 8 expected). Check for missing data.
[2026-07-01 13:04:47] [TASK_1] [INFO] ============================================================
[2026-07-01 13:04:47] [TASK_1] [INFO] PRICE COLLECTION SUMMARY
[2026-07-01 13:04:47] [TASK_1] [INFO] ============================================================
[2026-07-01 13:04:47] [TASK_1] [INFO] Successfully collected: 2 tickers
[2026-07-01 13:04:47] [TASK_1] [INFO] Expected trading days (business-day calendar): 3
[2026-07-01 13:04:47] [TASK_1] [INFO] ------------------------------------------------------------
[2026-07-01 13:04:47] [TASK_1] [INFO] Ticker    Earliest      Latest    Days
[2026-07-01 13:04:47] [TASK_1] [INFO] ------------------------------------------------------------
[2026-07-01 13:04:47] [TASK_1] [INFO] FPT     2024-01-02  2024-01-03       2
[2026-07-01 13:04:47] [TASK_1] [WARNING] ⚠ FPT has 33.3% fewer trading days than expected (2 vs 3 expected). Check for missing data.
[2026-07-01 13:04:47] [TASK_1] [INFO] VNM     2024-01-02  2024-01-04       3
[2026-07-01 13:04:47] [TASK_1] [INFO] ------------------------------------------------------------
[2026-07-01 13:04:47] [TASK_1] [INFO] Total rows: 5 | Date range: 2024-01-02 to 2024-01-04
[2026-07-01 13:04:47] [TASK_1] [INFO] ============================================================
[2026-07-01 13:04:47] [TASK_1] [WARNING] ⚠ FPT has 53.1% fewer trading days than expected (30 vs 64 expected). Check for missing data.
[2026-07-01 13:04:47] [TASK_1] [WARNING] ⚠ VNM has 6.2% fewer trading days than expected (60 vs 64 expected). Check for missing data.
[2026-07-01 13:04:47] [TASK_1] [WARNING] Failed tickers: FPT, VCB
[2026-07-01 13:04:48] [TASK_1] [INFO] ============================================================
[2026-07-01 13:04:48] [TASK_1] [INFO] PRICE COLLECTION SUMMARY
[2026-07-01 13:04:48] [TASK_1] [INFO] ============================================================
[2026-07-01 13:04:48] [TASK_1] [INFO] Successfully collected: 1 tickers
[2026-07-01 13:04:48] [TASK_1] [INFO] Expected trading days (business-day calendar): 4
[2026-07-01 13:04:48] [TASK_1] [INFO] ------------------------------------------------------------
[2026-07-01 13:04:48] [TASK_1] [INFO] Ticker    Earliest      Latest    Days
[2026-07-01 13:04:48] [TASK_1] [INFO] ------------------------------------------------------------
[2026-07-01 13:04:48] [TASK_1] [INFO] VNM     2024-01-02  2024-01-02       1
[2026-07-01 13:04:48] [TASK_1] [WARNING] ⚠ VNM has 75.0% fewer trading days than expected (1 vs 4 expected). Check for missing data.
[2026-07-01 13:04:48] [TASK_1] [INFO] ------------------------------------------------------------
[2026-07-01 13:04:48] [TASK_1] [INFO] Total rows: 1 | Date range: 2024-01-02 to 2024-01-05
[2026-07-01 13:04:48] [TASK_1] [INFO] ============================================================
[2026-07-01 13:27:01] [TASK_1] [INFO] ============================================================
[2026-07-01 13:27:01] [TASK_1] [INFO] START TASK_1: Price Collection (vnstock OHLCV)
[2026-07-01 13:27:01] [TASK_1] [INFO] Timestamp: 2026-07-01T13:27:01.228899
[2026-07-01 13:27:01] [TASK_1] [INFO] ============================================================
[2026-07-01 13:27:01] [TASK_1] [ERROR] TASK FAILED: TASK_1 after 0.0 seconds
[2026-07-01 13:27:01] [TASK_1] [ERROR] Exception: Simulated failure
[2026-07-01 13:27:01] [TASK_1] [ERROR] Stack trace:
Traceback (most recent call last):
  File "C:\Users\User\KLTN_MASTER\pipeline\run_pipeline.py", line 659, in run_pipeline
    executor(config, task_logger, smoke_test=smoke_test)
  File "C:\Program Files\WindowsApps\PythonSoftwareFoundation.Python.3.10_3.10.3056.0_x64__qbz5n2kfra8p0\lib\unittest\mock.py", line 1114, in __call__
    return self._mock_call(*args, **kwargs)
  File "C:\Program Files\WindowsApps\PythonSoftwareFoundation.Python.3.10_3.10.3056.0_x64__qbz5n2kfra8p0\lib\unittest\mock.py", line 1118, in _mock_call
    return self._execute_mock_call(*args, **kwargs)
  File "C:\Program Files\WindowsApps\PythonSoftwareFoundation.Python.3.10_3.10.3056.0_x64__qbz5n2kfra8p0\lib\unittest\mock.py", line 1173, in _execute_mock_call
    raise effect
RuntimeError: Simulated failure

[2026-07-01 13:27:01] [TASK_1] [INFO] ============================================================
[2026-07-01 13:27:01] [TASK_1] [INFO] START TASK_1: Price Collection (vnstock OHLCV)
[2026-07-01 13:27:01] [TASK_1] [INFO] Timestamp: 2026-07-01T13:27:01.252836
[2026-07-01 13:27:01] [TASK_1] [INFO] ============================================================
[2026-07-01 13:27:01] [TASK_1] [ERROR] TASK FAILED: TASK_1 after 0.0 seconds
[2026-07-01 13:27:01] [TASK_1] [ERROR] Exception: Simulated failure
[2026-07-01 13:27:01] [TASK_1] [ERROR] Stack trace:
Traceback (most recent call last):
  File "C:\Users\User\KLTN_MASTER\pipeline\run_pipeline.py", line 659, in run_pipeline
    executor(config, task_logger, smoke_test=smoke_test)
  File "C:\Program Files\WindowsApps\PythonSoftwareFoundation.Python.3.10_3.10.3056.0_x64__qbz5n2kfra8p0\lib\unittest\mock.py", line 1114, in __call__
    return self._mock_call(*args, **kwargs)
  File "C:\Program Files\WindowsApps\PythonSoftwareFoundation.Python.3.10_3.10.3056.0_x64__qbz5n2kfra8p0\lib\unittest\mock.py", line 1118, in _mock_call
    return self._execute_mock_call(*args, **kwargs)
  File "C:\Program Files\WindowsApps\PythonSoftwareFoundation.Python.3.10_3.10.3056.0_x64__qbz5n2kfra8p0\lib\unittest\mock.py", line 1173, in _execute_mock_call
    raise effect
RuntimeError: Simulated failure

[2026-07-01 13:27:01] [TASK_1] [INFO] ============================================================
[2026-07-01 13:27:01] [TASK_1] [INFO] START TASK_1: Price Collection (vnstock OHLCV)
[2026-07-01 13:27:01] [TASK_1] [INFO] Timestamp: 2026-07-01T13:27:01.547337
[2026-07-01 13:27:01] [TASK_1] [INFO] ============================================================
[2026-07-01 13:27:01] [TASK_1] [INFO] ------------------------------------------------------------
[2026-07-01 13:27:01] [TASK_1] [INFO] END TASK_1 — completed in 0.0 seconds
[2026-07-01 13:27:01] [TASK_1] [INFO] ============================================================
[2026-07-01 13:27:02] [TASK_1] [INFO] ============================================================
[2026-07-01 13:27:02] [TASK_1] [INFO] START TASK_1: Price Collection (vnstock OHLCV)
[2026-07-01 13:27:02] [TASK_1] [INFO] Timestamp: 2026-07-01T13:27:02.970807
[2026-07-01 13:27:02] [TASK_1] [INFO] ============================================================
[2026-07-01 13:27:02] [TASK_1] [INFO] ------------------------------------------------------------
[2026-07-01 13:27:02] [TASK_1] [INFO] END TASK_1 — completed in 0.0 seconds
[2026-07-01 13:27:02] [TASK_1] [INFO] ============================================================
[2026-07-01 13:27:15] [TASK_1] [INFO] Validated 3 tickers total (3 VN30 + 0 expansion).
[2026-07-01 13:27:15] [TASK_1] [INFO] HOSE-80 expansion: 1 non-VN30 tickers included: INVALID
[2026-07-01 13:27:15] [TASK_1] [INFO] Validated 3 tickers total (2 VN30 + 1 expansion).
[2026-07-01 13:27:15] [TASK_1] [INFO] Validated 3 tickers total (3 VN30 + 0 expansion).
[2026-07-01 13:27:15] [TASK_1] [INFO] HOSE-80 expansion: 2 non-VN30 tickers included: INVALID1, INVALID2
[2026-07-01 13:27:15] [TASK_1] [INFO] Validated 2 tickers total (0 VN30 + 2 expansion).
[2026-07-01 13:27:15] [TASK_1] [INFO] Validated 30 tickers total (30 VN30 + 0 expansion).
[2026-07-01 13:27:15] [TASK_1] [WARNING] [2026-07-01 13:27:15] Error fetching VNM (attempt 1/3): API down
[2026-07-01 13:27:15] [TASK_1] [INFO] Retrying in 1s...
[2026-07-01 13:27:15] [TASK_1] [WARNING] [2026-07-01 13:27:15] Error fetching VNM (attempt 2/3): API down
[2026-07-01 13:27:15] [TASK_1] [INFO] Retrying in 2s...
[2026-07-01 13:27:15] [TASK_1] [WARNING] [2026-07-01 13:27:15] Error fetching VNM (attempt 3/3): API down
[2026-07-01 13:27:15] [TASK_1] [ERROR] [2026-07-01 13:27:15] Failed to fetch data for VNM after 3 attempts.
[2026-07-01 13:27:15] [TASK_1] [INFO] Fetched 2 rows for VNM (2024-01-02 to 2024-01-03).
[2026-07-01 13:27:15] [TASK_1] [WARNING] Empty data returned for VNM (attempt 1/3).
[2026-07-01 13:27:15] [TASK_1] [INFO] Retrying in 1s...
[2026-07-01 13:27:15] [TASK_1] [INFO] Fetched 1 rows for VNM (2024-01-02 to 2024-01-02).
[2026-07-01 13:27:15] [TASK_1] [INFO] ============================================================
[2026-07-01 13:27:15] [TASK_1] [INFO] TASK 1: Price Collection Started
[2026-07-01 13:27:15] [TASK_1] [INFO] Tickers: 1 | Date range: 2024-01-01 to 2024-01-10
[2026-07-01 13:27:15] [TASK_1] [INFO] ============================================================
[2026-07-01 13:27:15] [TASK_1] [INFO] Validated 1 tickers total (1 VN30 + 0 expansion).
[2026-07-01 13:27:15] [TASK_1] [INFO] Processing VNM (1/1)...
[2026-07-01 13:27:15] [TASK_1] [INFO] Saved VNM → C:\Users\User\AppData\Local\Temp\pytest-of-User\pytest-219\test_collect_prices_output_col0\prices\VNM.csv (2 rows)
[2026-07-01 13:27:15] [TASK_1] [INFO] Saved consolidated file → C:\Users\User\AppData\Local\Temp\pytest-of-User\pytest-219\test_collect_prices_output_col0\prices\all_vn30_prices.csv (2 rows, 1 tickers)
[2026-07-01 13:27:15] [TASK_1] [INFO] ============================================================
[2026-07-01 13:27:15] [TASK_1] [INFO] PRICE COLLECTION SUMMARY
[2026-07-01 13:27:15] [TASK_1] [INFO] ============================================================
[2026-07-01 13:27:15] [TASK_1] [INFO] Successfully collected: 1 tickers
[2026-07-01 13:27:15] [TASK_1] [INFO] Expected trading days (business-day calendar): 8
[2026-07-01 13:27:15] [TASK_1] [INFO] ------------------------------------------------------------
[2026-07-01 13:27:15] [TASK_1] [INFO] Ticker    Earliest      Latest    Days
[2026-07-01 13:27:15] [TASK_1] [INFO] ------------------------------------------------------------
[2026-07-01 13:27:15] [TASK_1] [INFO] VNM     2024-01-02  2024-01-03       2
[2026-07-01 13:27:15] [TASK_1] [WARNING] ⚠ VNM has 75.0% fewer trading days than expected (2 vs 8 expected). Check for missing data.
[2026-07-01 13:27:15] [TASK_1] [INFO] ------------------------------------------------------------
[2026-07-01 13:27:15] [TASK_1] [INFO] Total rows: 2 | Date range: 2024-01-01 to 2024-01-10
[2026-07-01 13:27:15] [TASK_1] [INFO] ============================================================
[2026-07-01 13:27:15] [TASK_1] [INFO] ============================================================
[2026-07-01 13:27:15] [TASK_1] [INFO] TASK 1: Price Collection Started
[2026-07-01 13:27:15] [TASK_1] [INFO] Tickers: 2 | Date range: 2024-01-01 to 2024-01-10
[2026-07-01 13:27:15] [TASK_1] [INFO] ============================================================
[2026-07-01 13:27:15] [TASK_1] [INFO] Validated 2 tickers total (2 VN30 + 0 expansion).
[2026-07-01 13:27:15] [TASK_1] [INFO] Processing VNM (1/2)...
[2026-07-01 13:27:15] [TASK_1] [INFO] Saved VNM → C:\Users\User\AppData\Local\Temp\pytest-of-User\pytest-219\test_individual_ticker_csv_sav0\prices\VNM.csv (1 rows)
[2026-07-01 13:27:15] [TASK_1] [INFO] Processing FPT (2/2)...
[2026-07-01 13:27:15] [TASK_1] [INFO] Saved FPT → C:\Users\User\AppData\Local\Temp\pytest-of-User\pytest-219\test_individual_ticker_csv_sav0\prices\FPT.csv (1 rows)
[2026-07-01 13:27:15] [TASK_1] [INFO] Saved consolidated file → C:\Users\User\AppData\Local\Temp\pytest-of-User\pytest-219\test_individual_ticker_csv_sav0\prices\all_vn30_prices.csv (2 rows, 2 tickers)
[2026-07-01 13:27:15] [TASK_1] [INFO] ============================================================
[2026-07-01 13:27:15] [TASK_1] [INFO] PRICE COLLECTION SUMMARY
[2026-07-01 13:27:15] [TASK_1] [INFO] ============================================================
[2026-07-01 13:27:15] [TASK_1] [INFO] Successfully collected: 2 tickers
[2026-07-01 13:27:15] [TASK_1] [INFO] Expected trading days (business-day calendar): 8
[2026-07-01 13:27:15] [TASK_1] [INFO] ------------------------------------------------------------
[2026-07-01 13:27:15] [TASK_1] [INFO] Ticker    Earliest      Latest    Days
[2026-07-01 13:27:15] [TASK_1] [INFO] ------------------------------------------------------------
[2026-07-01 13:27:15] [TASK_1] [INFO] FPT     2024-01-02  2024-01-02       1
[2026-07-01 13:27:15] [TASK_1] [WARNING] ⚠ FPT has 87.5% fewer trading days than expected (1 vs 8 expected). Check for missing data.
[2026-07-01 13:27:15] [TASK_1] [INFO] VNM     2024-01-02  2024-01-02       1
[2026-07-01 13:27:15] [TASK_1] [WARNING] ⚠ VNM has 87.5% fewer trading days than expected (1 vs 8 expected). Check for missing data.
[2026-07-01 13:27:15] [TASK_1] [INFO] ------------------------------------------------------------
[2026-07-01 13:27:15] [TASK_1] [INFO] Total rows: 2 | Date range: 2024-01-01 to 2024-01-10
[2026-07-01 13:27:15] [TASK_1] [INFO] ============================================================
[2026-07-01 13:27:15] [TASK_1] [INFO] ============================================================
[2026-07-01 13:27:15] [TASK_1] [INFO] TASK 1: Price Collection Started
[2026-07-01 13:27:15] [TASK_1] [INFO] Tickers: 2 | Date range: 2024-01-01 to 2024-01-10
[2026-07-01 13:27:15] [TASK_1] [INFO] ============================================================
[2026-07-01 13:27:15] [TASK_1] [INFO] Validated 2 tickers total (2 VN30 + 0 expansion).
[2026-07-01 13:27:15] [TASK_1] [INFO] Processing VNM (1/2)...
[2026-07-01 13:27:15] [TASK_1] [INFO] Saved VNM → C:\Users\User\AppData\Local\Temp\pytest-of-User\pytest-219\test_consolidated_csv_has_tick0\prices\VNM.csv (1 rows)
[2026-07-01 13:27:16] [TASK_1] [INFO] Processing FPT (2/2)...
[2026-07-01 13:27:16] [TASK_1] [INFO] Saved FPT → C:\Users\User\AppData\Local\Temp\pytest-of-User\pytest-219\test_consolidated_csv_has_tick0\prices\FPT.csv (1 rows)
[2026-07-01 13:27:16] [TASK_1] [INFO] Saved consolidated file → C:\Users\User\AppData\Local\Temp\pytest-of-User\pytest-219\test_consolidated_csv_has_tick0\prices\all_vn30_prices.csv (2 rows, 2 tickers)
[2026-07-01 13:27:16] [TASK_1] [INFO] ============================================================
[2026-07-01 13:27:16] [TASK_1] [INFO] PRICE COLLECTION SUMMARY
[2026-07-01 13:27:16] [TASK_1] [INFO] ============================================================
[2026-07-01 13:27:16] [TASK_1] [INFO] Successfully collected: 2 tickers
[2026-07-01 13:27:16] [TASK_1] [INFO] Expected trading days (business-day calendar): 8
[2026-07-01 13:27:16] [TASK_1] [INFO] ------------------------------------------------------------
[2026-07-01 13:27:16] [TASK_1] [INFO] Ticker    Earliest      Latest    Days
[2026-07-01 13:27:16] [TASK_1] [INFO] ------------------------------------------------------------
[2026-07-01 13:27:16] [TASK_1] [INFO] FPT     2024-01-02  2024-01-02       1
[2026-07-01 13:27:16] [TASK_1] [WARNING] ⚠ FPT has 87.5% fewer trading days than expected (1 vs 8 expected). Check for missing data.
[2026-07-01 13:27:16] [TASK_1] [INFO] VNM     2024-01-02  2024-01-02       1
[2026-07-01 13:27:16] [TASK_1] [WARNING] ⚠ VNM has 87.5% fewer trading days than expected (1 vs 8 expected). Check for missing data.
[2026-07-01 13:27:16] [TASK_1] [INFO] ------------------------------------------------------------
[2026-07-01 13:27:16] [TASK_1] [INFO] Total rows: 2 | Date range: 2024-01-01 to 2024-01-10
[2026-07-01 13:27:16] [TASK_1] [INFO] ============================================================
[2026-07-01 13:27:16] [TASK_1] [INFO] ============================================================
[2026-07-01 13:27:16] [TASK_1] [INFO] TASK 1: Price Collection Started
[2026-07-01 13:27:16] [TASK_1] [INFO] Tickers: 1 | Date range: 2024-01-01 to 2024-01-10
[2026-07-01 13:27:16] [TASK_1] [INFO] ============================================================
[2026-07-01 13:27:16] [TASK_1] [INFO] Validated 1 tickers total (1 VN30 + 0 expansion).
[2026-07-01 13:27:16] [TASK_1] [INFO] Processing VNM (1/1)...
[2026-07-01 13:27:16] [TASK_1] [ERROR] [2026-07-01 13:27:16] FAILED: VNM — no data collected. Continuing with remaining tickers.
[2026-07-01 13:27:16] [TASK_1] [INFO] ============================================================
[2026-07-01 13:27:16] [TASK_1] [INFO] TASK 1: Price Collection Started
[2026-07-01 13:27:16] [TASK_1] [INFO] Tickers: 2 | Date range: 2024-01-01 to 2024-01-10
[2026-07-01 13:27:16] [TASK_1] [INFO] ============================================================
[2026-07-01 13:27:16] [TASK_1] [INFO] Validated 2 tickers total (2 VN30 + 0 expansion).
[2026-07-01 13:27:16] [TASK_1] [INFO] Processing VNM (1/2)...
[2026-07-01 13:27:16] [TASK_1] [INFO] Saved VNM → C:\Users\User\AppData\Local\Temp\pytest-of-User\pytest-219\test_partial_failure_continues0\prices\VNM.csv (1 rows)
[2026-07-01 13:27:17] [TASK_1] [INFO] Processing FPT (2/2)...
[2026-07-01 13:27:17] [TASK_1] [ERROR] [2026-07-01 13:27:17] FAILED: FPT — no data collected. Continuing with remaining tickers.
[2026-07-01 13:27:17] [TASK_1] [INFO] Saved consolidated file → C:\Users\User\AppData\Local\Temp\pytest-of-User\pytest-219\test_partial_failure_continues0\prices\all_vn30_prices.csv (1 rows, 1 tickers)
[2026-07-01 13:27:17] [TASK_1] [INFO] ============================================================
[2026-07-01 13:27:17] [TASK_1] [INFO] PRICE COLLECTION SUMMARY
[2026-07-01 13:27:17] [TASK_1] [INFO] ============================================================
[2026-07-01 13:27:17] [TASK_1] [INFO] Successfully collected: 1 tickers
[2026-07-01 13:27:17] [TASK_1] [WARNING] Failed tickers: FPT
[2026-07-01 13:27:17] [TASK_1] [INFO] Expected trading days (business-day calendar): 8
[2026-07-01 13:27:17] [TASK_1] [INFO] ------------------------------------------------------------
[2026-07-01 13:27:17] [TASK_1] [INFO] Ticker    Earliest      Latest    Days
[2026-07-01 13:27:17] [TASK_1] [INFO] ------------------------------------------------------------
[2026-07-01 13:27:17] [TASK_1] [INFO] VNM     2024-01-02  2024-01-02       1
[2026-07-01 13:27:17] [TASK_1] [WARNING] ⚠ VNM has 87.5% fewer trading days than expected (1 vs 8 expected). Check for missing data.
[2026-07-01 13:27:17] [TASK_1] [INFO] ------------------------------------------------------------
[2026-07-01 13:27:17] [TASK_1] [INFO] Total rows: 1 | Date range: 2024-01-01 to 2024-01-10
[2026-07-01 13:27:17] [TASK_1] [INFO] ============================================================
[2026-07-01 13:27:17] [TASK_1] [WARNING] [2026-07-01 13:27:17] Error fetching VNM (attempt 1/3): API down
[2026-07-01 13:27:17] [TASK_1] [WARNING] [2026-07-01 13:27:17] Error fetching VNM (attempt 2/3): API down
[2026-07-01 13:27:17] [TASK_1] [WARNING] [2026-07-01 13:27:17] Error fetching VNM (attempt 3/3): API down
[2026-07-01 13:27:17] [TASK_1] [ERROR] [2026-07-01 13:27:17] Failed to fetch data for VNM after 3 attempts.
[2026-07-01 13:27:17] [TASK_1] [WARNING] [2026-07-01 13:27:17] Error fetching VNM (attempt 1/3): API down
[2026-07-01 13:27:17] [TASK_1] [WARNING] [2026-07-01 13:27:17] Error fetching VNM (attempt 2/3): API down
[2026-07-01 13:27:17] [TASK_1] [WARNING] [2026-07-01 13:27:17] Error fetching VNM (attempt 3/3): API down
[2026-07-01 13:27:17] [TASK_1] [ERROR] [2026-07-01 13:27:17] Failed to fetch data for VNM after 3 attempts.
[2026-07-01 13:27:17] [TASK_1] [INFO] ============================================================
[2026-07-01 13:27:17] [TASK_1] [INFO] TASK 1: Price Collection Started
[2026-07-01 13:27:17] [TASK_1] [INFO] Tickers: 3 | Date range: 2024-01-01 to 2024-01-10
[2026-07-01 13:27:17] [TASK_1] [INFO] ============================================================
[2026-07-01 13:27:17] [TASK_1] [INFO] Validated 3 tickers total (3 VN30 + 0 expansion).
[2026-07-01 13:27:17] [TASK_1] [INFO] Processing VNM (1/3)...
[2026-07-01 13:27:17] [TASK_1] [ERROR] [2026-07-01 13:27:17] FAILED: VNM — no data collected. Continuing with remaining tickers.
[2026-07-01 13:27:17] [TASK_1] [INFO] Processing VCB (2/3)...
[2026-07-01 13:27:17] [TASK_1] [INFO] Saved VCB → C:\Users\User\AppData\Local\Temp\pytest-of-User\pytest-219\test_continues_after_ticker_fa0\prices\VCB.csv (2 rows)
[2026-07-01 13:27:18] [TASK_1] [INFO] Processing FPT (3/3)...
[2026-07-01 13:27:18] [TASK_1] [INFO] Saved FPT → C:\Users\User\AppData\Local\Temp\pytest-of-User\pytest-219\test_continues_after_ticker_fa0\prices\FPT.csv (2 rows)
[2026-07-01 13:27:18] [TASK_1] [INFO] Saved consolidated file → C:\Users\User\AppData\Local\Temp\pytest-of-User\pytest-219\test_continues_after_ticker_fa0\prices\all_vn30_prices.csv (4 rows, 2 tickers)
[2026-07-01 13:27:18] [TASK_1] [INFO] ============================================================
[2026-07-01 13:27:18] [TASK_1] [INFO] PRICE COLLECTION SUMMARY
[2026-07-01 13:27:18] [TASK_1] [INFO] ============================================================
[2026-07-01 13:27:18] [TASK_1] [INFO] Successfully collected: 2 tickers
[2026-07-01 13:27:18] [TASK_1] [WARNING] Failed tickers: VNM
[2026-07-01 13:27:18] [TASK_1] [INFO] Expected trading days (business-day calendar): 8
[2026-07-01 13:27:18] [TASK_1] [INFO] ------------------------------------------------------------
[2026-07-01 13:27:18] [TASK_1] [INFO] Ticker    Earliest      Latest    Days
[2026-07-01 13:27:18] [TASK_1] [INFO] ------------------------------------------------------------
[2026-07-01 13:27:18] [TASK_1] [INFO] FPT     2024-01-02  2024-01-03       2
[2026-07-01 13:27:18] [TASK_1] [WARNING] ⚠ FPT has 75.0% fewer trading days than expected (2 vs 8 expected). Check for missing data.
[2026-07-01 13:27:18] [TASK_1] [INFO] VCB     2024-01-02  2024-01-03       2
[2026-07-01 13:27:18] [TASK_1] [WARNING] ⚠ VCB has 75.0% fewer trading days than expected (2 vs 8 expected). Check for missing data.
[2026-07-01 13:27:18] [TASK_1] [INFO] ------------------------------------------------------------
[2026-07-01 13:27:18] [TASK_1] [INFO] Total rows: 4 | Date range: 2024-01-01 to 2024-01-10
[2026-07-01 13:27:18] [TASK_1] [INFO] ============================================================
[2026-07-01 13:27:18] [TASK_1] [ERROR] [2026-07-01 13:27:18] FAILED: FPT — no data collected. Continuing with remaining tickers.
[2026-07-01 13:27:18] [TASK_1] [WARNING] Failed tickers: FPT
[2026-07-01 13:27:18] [TASK_1] [WARNING] ⚠ VNM has 87.5% fewer trading days than expected (1 vs 8 expected). Check for missing data.
[2026-07-01 13:27:18] [TASK_1] [INFO] ============================================================
[2026-07-01 13:27:18] [TASK_1] [INFO] PRICE COLLECTION SUMMARY
[2026-07-01 13:27:18] [TASK_1] [INFO] ============================================================
[2026-07-01 13:27:18] [TASK_1] [INFO] Successfully collected: 2 tickers
[2026-07-01 13:27:18] [TASK_1] [INFO] Expected trading days (business-day calendar): 3
[2026-07-01 13:27:18] [TASK_1] [INFO] ------------------------------------------------------------
[2026-07-01 13:27:18] [TASK_1] [INFO] Ticker    Earliest      Latest    Days
[2026-07-01 13:27:18] [TASK_1] [INFO] ------------------------------------------------------------
[2026-07-01 13:27:18] [TASK_1] [INFO] FPT     2024-01-02  2024-01-03       2
[2026-07-01 13:27:18] [TASK_1] [WARNING] ⚠ FPT has 33.3% fewer trading days than expected (2 vs 3 expected). Check for missing data.
[2026-07-01 13:27:18] [TASK_1] [INFO] VNM     2024-01-02  2024-01-04       3
[2026-07-01 13:27:18] [TASK_1] [INFO] ------------------------------------------------------------
[2026-07-01 13:27:18] [TASK_1] [INFO] Total rows: 5 | Date range: 2024-01-02 to 2024-01-04
[2026-07-01 13:27:18] [TASK_1] [INFO] ============================================================
[2026-07-01 13:27:18] [TASK_1] [WARNING] ⚠ FPT has 53.1% fewer trading days than expected (30 vs 64 expected). Check for missing data.
[2026-07-01 13:27:18] [TASK_1] [WARNING] ⚠ VNM has 6.2% fewer trading days than expected (60 vs 64 expected). Check for missing data.
[2026-07-01 13:27:18] [TASK_1] [WARNING] Failed tickers: FPT, VCB
[2026-07-01 13:27:18] [TASK_1] [INFO] ============================================================
[2026-07-01 13:27:18] [TASK_1] [INFO] PRICE COLLECTION SUMMARY
[2026-07-01 13:27:18] [TASK_1] [INFO] ============================================================
[2026-07-01 13:27:18] [TASK_1] [INFO] Successfully collected: 1 tickers
[2026-07-01 13:27:18] [TASK_1] [INFO] Expected trading days (business-day calendar): 4
[2026-07-01 13:27:18] [TASK_1] [INFO] ------------------------------------------------------------
[2026-07-01 13:27:18] [TASK_1] [INFO] Ticker    Earliest      Latest    Days
[2026-07-01 13:27:18] [TASK_1] [INFO] ------------------------------------------------------------
[2026-07-01 13:27:18] [TASK_1] [INFO] VNM     2024-01-02  2024-01-02       1
[2026-07-01 13:27:18] [TASK_1] [WARNING] ⚠ VNM has 75.0% fewer trading days than expected (1 vs 4 expected). Check for missing data.
[2026-07-01 13:27:18] [TASK_1] [INFO] ------------------------------------------------------------
[2026-07-01 13:27:18] [TASK_1] [INFO] Total rows: 1 | Date range: 2024-01-02 to 2024-01-05
[2026-07-01 13:27:18] [TASK_1] [INFO] ============================================================
[2026-07-01 13:29:42] [TASK_1] [INFO] ============================================================
[2026-07-01 13:29:42] [TASK_1] [INFO] START TASK_1: Price Collection (vnstock OHLCV)
[2026-07-01 13:29:42] [TASK_1] [INFO] Timestamp: 2026-07-01T13:29:42.316665
[2026-07-01 13:29:42] [TASK_1] [INFO] ============================================================
[2026-07-01 13:29:42] [TASK_1] [ERROR] TASK FAILED: TASK_1 after 0.0 seconds
[2026-07-01 13:29:42] [TASK_1] [ERROR] Exception: Simulated failure
[2026-07-01 13:29:42] [TASK_1] [ERROR] Stack trace:
Traceback (most recent call last):
  File "C:\Users\User\KLTN_MASTER\pipeline\run_pipeline.py", line 659, in run_pipeline
    executor(config, task_logger, smoke_test=smoke_test)
  File "C:\Program Files\WindowsApps\PythonSoftwareFoundation.Python.3.10_3.10.3056.0_x64__qbz5n2kfra8p0\lib\unittest\mock.py", line 1114, in __call__
    return self._mock_call(*args, **kwargs)
  File "C:\Program Files\WindowsApps\PythonSoftwareFoundation.Python.3.10_3.10.3056.0_x64__qbz5n2kfra8p0\lib\unittest\mock.py", line 1118, in _mock_call
    return self._execute_mock_call(*args, **kwargs)
  File "C:\Program Files\WindowsApps\PythonSoftwareFoundation.Python.3.10_3.10.3056.0_x64__qbz5n2kfra8p0\lib\unittest\mock.py", line 1173, in _execute_mock_call
    raise effect
RuntimeError: Simulated failure

[2026-07-01 13:29:42] [TASK_1] [INFO] ============================================================
[2026-07-01 13:29:42] [TASK_1] [INFO] START TASK_1: Price Collection (vnstock OHLCV)
[2026-07-01 13:29:42] [TASK_1] [INFO] Timestamp: 2026-07-01T13:29:42.336684
[2026-07-01 13:29:42] [TASK_1] [INFO] ============================================================
[2026-07-01 13:29:42] [TASK_1] [ERROR] TASK FAILED: TASK_1 after 0.0 seconds
[2026-07-01 13:29:42] [TASK_1] [ERROR] Exception: Simulated failure
[2026-07-01 13:29:42] [TASK_1] [ERROR] Stack trace:
Traceback (most recent call last):
  File "C:\Users\User\KLTN_MASTER\pipeline\run_pipeline.py", line 659, in run_pipeline
    executor(config, task_logger, smoke_test=smoke_test)
  File "C:\Program Files\WindowsApps\PythonSoftwareFoundation.Python.3.10_3.10.3056.0_x64__qbz5n2kfra8p0\lib\unittest\mock.py", line 1114, in __call__
    return self._mock_call(*args, **kwargs)
  File "C:\Program Files\WindowsApps\PythonSoftwareFoundation.Python.3.10_3.10.3056.0_x64__qbz5n2kfra8p0\lib\unittest\mock.py", line 1118, in _mock_call
    return self._execute_mock_call(*args, **kwargs)
  File "C:\Program Files\WindowsApps\PythonSoftwareFoundation.Python.3.10_3.10.3056.0_x64__qbz5n2kfra8p0\lib\unittest\mock.py", line 1173, in _execute_mock_call
    raise effect
RuntimeError: Simulated failure

[2026-07-01 13:29:42] [TASK_1] [INFO] ============================================================
[2026-07-01 13:29:42] [TASK_1] [INFO] START TASK_1: Price Collection (vnstock OHLCV)
[2026-07-01 13:29:42] [TASK_1] [INFO] Timestamp: 2026-07-01T13:29:42.513286
[2026-07-01 13:29:42] [TASK_1] [INFO] ============================================================
[2026-07-01 13:29:42] [TASK_1] [INFO] ------------------------------------------------------------
[2026-07-01 13:29:42] [TASK_1] [INFO] END TASK_1 — completed in 0.0 seconds
[2026-07-01 13:29:42] [TASK_1] [INFO] ============================================================
[2026-07-01 13:29:44] [TASK_1] [INFO] ============================================================
[2026-07-01 13:29:44] [TASK_1] [INFO] START TASK_1: Price Collection (vnstock OHLCV)
[2026-07-01 13:29:44] [TASK_1] [INFO] Timestamp: 2026-07-01T13:29:44.171816
[2026-07-01 13:29:44] [TASK_1] [INFO] ============================================================
[2026-07-01 13:29:44] [TASK_1] [INFO] ------------------------------------------------------------
[2026-07-01 13:29:44] [TASK_1] [INFO] END TASK_1 — completed in 0.0 seconds
[2026-07-01 13:29:44] [TASK_1] [INFO] ============================================================
[2026-07-01 13:29:53] [TASK_1] [INFO] Validated 3 tickers total (3 VN30 + 0 expansion).
[2026-07-01 13:29:53] [TASK_1] [INFO] HOSE-80 expansion: 1 non-VN30 tickers included: INVALID
[2026-07-01 13:29:53] [TASK_1] [INFO] Validated 3 tickers total (2 VN30 + 1 expansion).
[2026-07-01 13:29:53] [TASK_1] [INFO] Validated 3 tickers total (3 VN30 + 0 expansion).
[2026-07-01 13:29:53] [TASK_1] [INFO] HOSE-80 expansion: 2 non-VN30 tickers included: INVALID1, INVALID2
[2026-07-01 13:29:53] [TASK_1] [INFO] Validated 2 tickers total (0 VN30 + 2 expansion).
[2026-07-01 13:29:53] [TASK_1] [INFO] Validated 30 tickers total (30 VN30 + 0 expansion).
[2026-07-01 13:29:53] [TASK_1] [WARNING] [2026-07-01 13:29:53] Error fetching VNM (attempt 1/3): API down
[2026-07-01 13:29:53] [TASK_1] [INFO] Retrying in 1s...
[2026-07-01 13:29:53] [TASK_1] [WARNING] [2026-07-01 13:29:53] Error fetching VNM (attempt 2/3): API down
[2026-07-01 13:29:53] [TASK_1] [INFO] Retrying in 2s...
[2026-07-01 13:29:53] [TASK_1] [WARNING] [2026-07-01 13:29:53] Error fetching VNM (attempt 3/3): API down
[2026-07-01 13:29:53] [TASK_1] [ERROR] [2026-07-01 13:29:53] Failed to fetch data for VNM after 3 attempts.
[2026-07-01 13:29:53] [TASK_1] [INFO] Fetched 2 rows for VNM (2024-01-02 to 2024-01-03).
[2026-07-01 13:29:53] [TASK_1] [WARNING] Empty data returned for VNM (attempt 1/3).
[2026-07-01 13:29:53] [TASK_1] [INFO] Retrying in 1s...
[2026-07-01 13:29:53] [TASK_1] [INFO] Fetched 1 rows for VNM (2024-01-02 to 2024-01-02).
[2026-07-01 13:29:53] [TASK_1] [INFO] ============================================================
[2026-07-01 13:29:53] [TASK_1] [INFO] TASK 1: Price Collection Started
[2026-07-01 13:29:53] [TASK_1] [INFO] Tickers: 1 | Date range: 2024-01-01 to 2024-01-10
[2026-07-01 13:29:53] [TASK_1] [INFO] ============================================================
[2026-07-01 13:29:53] [TASK_1] [INFO] Validated 1 tickers total (1 VN30 + 0 expansion).
[2026-07-01 13:29:53] [TASK_1] [INFO] Processing VNM (1/1)...
[2026-07-01 13:29:53] [TASK_1] [INFO] Saved VNM → C:\Users\User\AppData\Local\Temp\pytest-of-User\pytest-220\test_collect_prices_output_col0\prices\VNM.csv (2 rows)
[2026-07-01 13:29:53] [TASK_1] [INFO] Saved consolidated file → C:\Users\User\AppData\Local\Temp\pytest-of-User\pytest-220\test_collect_prices_output_col0\prices\all_vn30_prices.csv (2 rows, 1 tickers)
[2026-07-01 13:29:53] [TASK_1] [INFO] ============================================================
[2026-07-01 13:29:53] [TASK_1] [INFO] PRICE COLLECTION SUMMARY
[2026-07-01 13:29:53] [TASK_1] [INFO] ============================================================
[2026-07-01 13:29:53] [TASK_1] [INFO] Successfully collected: 1 tickers
[2026-07-01 13:29:53] [TASK_1] [INFO] Expected trading days (business-day calendar): 8
[2026-07-01 13:29:53] [TASK_1] [INFO] ------------------------------------------------------------
[2026-07-01 13:29:53] [TASK_1] [INFO] Ticker    Earliest      Latest    Days
[2026-07-01 13:29:53] [TASK_1] [INFO] ------------------------------------------------------------
[2026-07-01 13:29:53] [TASK_1] [INFO] VNM     2024-01-02  2024-01-03       2
[2026-07-01 13:29:53] [TASK_1] [WARNING] ⚠ VNM has 75.0% fewer trading days than expected (2 vs 8 expected). Check for missing data.
[2026-07-01 13:29:53] [TASK_1] [INFO] ------------------------------------------------------------
[2026-07-01 13:29:53] [TASK_1] [INFO] Total rows: 2 | Date range: 2024-01-01 to 2024-01-10
[2026-07-01 13:29:53] [TASK_1] [INFO] ============================================================
[2026-07-01 13:29:53] [TASK_1] [INFO] ============================================================
[2026-07-01 13:29:53] [TASK_1] [INFO] TASK 1: Price Collection Started
[2026-07-01 13:29:53] [TASK_1] [INFO] Tickers: 2 | Date range: 2024-01-01 to 2024-01-10
[2026-07-01 13:29:53] [TASK_1] [INFO] ============================================================
[2026-07-01 13:29:53] [TASK_1] [INFO] Validated 2 tickers total (2 VN30 + 0 expansion).
[2026-07-01 13:29:53] [TASK_1] [INFO] Processing VNM (1/2)...
[2026-07-01 13:29:53] [TASK_1] [INFO] Saved VNM → C:\Users\User\AppData\Local\Temp\pytest-of-User\pytest-220\test_individual_ticker_csv_sav0\prices\VNM.csv (1 rows)
[2026-07-01 13:29:54] [TASK_1] [INFO] Processing FPT (2/2)...
[2026-07-01 13:29:54] [TASK_1] [INFO] Saved FPT → C:\Users\User\AppData\Local\Temp\pytest-of-User\pytest-220\test_individual_ticker_csv_sav0\prices\FPT.csv (1 rows)
[2026-07-01 13:29:54] [TASK_1] [INFO] Saved consolidated file → C:\Users\User\AppData\Local\Temp\pytest-of-User\pytest-220\test_individual_ticker_csv_sav0\prices\all_vn30_prices.csv (2 rows, 2 tickers)
[2026-07-01 13:29:54] [TASK_1] [INFO] ============================================================
[2026-07-01 13:29:54] [TASK_1] [INFO] PRICE COLLECTION SUMMARY
[2026-07-01 13:29:54] [TASK_1] [INFO] ============================================================
[2026-07-01 13:29:54] [TASK_1] [INFO] Successfully collected: 2 tickers
[2026-07-01 13:29:54] [TASK_1] [INFO] Expected trading days (business-day calendar): 8
[2026-07-01 13:29:54] [TASK_1] [INFO] ------------------------------------------------------------
[2026-07-01 13:29:54] [TASK_1] [INFO] Ticker    Earliest      Latest    Days
[2026-07-01 13:29:54] [TASK_1] [INFO] ------------------------------------------------------------
[2026-07-01 13:29:54] [TASK_1] [INFO] FPT     2024-01-02  2024-01-02       1
[2026-07-01 13:29:54] [TASK_1] [WARNING] ⚠ FPT has 87.5% fewer trading days than expected (1 vs 8 expected). Check for missing data.
[2026-07-01 13:29:54] [TASK_1] [INFO] VNM     2024-01-02  2024-01-02       1
[2026-07-01 13:29:54] [TASK_1] [WARNING] ⚠ VNM has 87.5% fewer trading days than expected (1 vs 8 expected). Check for missing data.
[2026-07-01 13:29:54] [TASK_1] [INFO] ------------------------------------------------------------
[2026-07-01 13:29:54] [TASK_1] [INFO] Total rows: 2 | Date range: 2024-01-01 to 2024-01-10
[2026-07-01 13:29:54] [TASK_1] [INFO] ============================================================
[2026-07-01 13:29:54] [TASK_1] [INFO] ============================================================
[2026-07-01 13:29:54] [TASK_1] [INFO] TASK 1: Price Collection Started
[2026-07-01 13:29:54] [TASK_1] [INFO] Tickers: 2 | Date range: 2024-01-01 to 2024-01-10
[2026-07-01 13:29:54] [TASK_1] [INFO] ============================================================
[2026-07-01 13:29:54] [TASK_1] [INFO] Validated 2 tickers total (2 VN30 + 0 expansion).
[2026-07-01 13:29:54] [TASK_1] [INFO] Processing VNM (1/2)...
[2026-07-01 13:29:54] [TASK_1] [INFO] Saved VNM → C:\Users\User\AppData\Local\Temp\pytest-of-User\pytest-220\test_consolidated_csv_has_tick0\prices\VNM.csv (1 rows)
[2026-07-01 13:29:54] [TASK_1] [INFO] Processing FPT (2/2)...
[2026-07-01 13:29:54] [TASK_1] [INFO] Saved FPT → C:\Users\User\AppData\Local\Temp\pytest-of-User\pytest-220\test_consolidated_csv_has_tick0\prices\FPT.csv (1 rows)
[2026-07-01 13:29:54] [TASK_1] [INFO] Saved consolidated file → C:\Users\User\AppData\Local\Temp\pytest-of-User\pytest-220\test_consolidated_csv_has_tick0\prices\all_vn30_prices.csv (2 rows, 2 tickers)
[2026-07-01 13:29:54] [TASK_1] [INFO] ============================================================
[2026-07-01 13:29:54] [TASK_1] [INFO] PRICE COLLECTION SUMMARY
[2026-07-01 13:29:54] [TASK_1] [INFO] ============================================================
[2026-07-01 13:29:54] [TASK_1] [INFO] Successfully collected: 2 tickers
[2026-07-01 13:29:54] [TASK_1] [INFO] Expected trading days (business-day calendar): 8
[2026-07-01 13:29:54] [TASK_1] [INFO] ------------------------------------------------------------
[2026-07-01 13:29:54] [TASK_1] [INFO] Ticker    Earliest      Latest    Days
[2026-07-01 13:29:54] [TASK_1] [INFO] ------------------------------------------------------------
[2026-07-01 13:29:54] [TASK_1] [INFO] FPT     2024-01-02  2024-01-02       1
[2026-07-01 13:29:54] [TASK_1] [WARNING] ⚠ FPT has 87.5% fewer trading days than expected (1 vs 8 expected). Check for missing data.
[2026-07-01 13:29:54] [TASK_1] [INFO] VNM     2024-01-02  2024-01-02       1
[2026-07-01 13:29:54] [TASK_1] [WARNING] ⚠ VNM has 87.5% fewer trading days than expected (1 vs 8 expected). Check for missing data.
[2026-07-01 13:29:54] [TASK_1] [INFO] ------------------------------------------------------------
[2026-07-01 13:29:54] [TASK_1] [INFO] Total rows: 2 | Date range: 2024-01-01 to 2024-01-10
[2026-07-01 13:29:54] [TASK_1] [INFO] ============================================================
[2026-07-01 13:29:54] [TASK_1] [INFO] ============================================================
[2026-07-01 13:29:54] [TASK_1] [INFO] TASK 1: Price Collection Started
[2026-07-01 13:29:54] [TASK_1] [INFO] Tickers: 1 | Date range: 2024-01-01 to 2024-01-10
[2026-07-01 13:29:54] [TASK_1] [INFO] ============================================================
[2026-07-01 13:29:54] [TASK_1] [INFO] Validated 1 tickers total (1 VN30 + 0 expansion).
[2026-07-01 13:29:54] [TASK_1] [INFO] Processing VNM (1/1)...
[2026-07-01 13:29:54] [TASK_1] [ERROR] [2026-07-01 13:29:54] FAILED: VNM — no data collected. Continuing with remaining tickers.
[2026-07-01 13:29:54] [TASK_1] [INFO] ============================================================
[2026-07-01 13:29:54] [TASK_1] [INFO] TASK 1: Price Collection Started
[2026-07-01 13:29:54] [TASK_1] [INFO] Tickers: 2 | Date range: 2024-01-01 to 2024-01-10
[2026-07-01 13:29:54] [TASK_1] [INFO] ============================================================
[2026-07-01 13:29:54] [TASK_1] [INFO] Validated 2 tickers total (2 VN30 + 0 expansion).
[2026-07-01 13:29:54] [TASK_1] [INFO] Processing VNM (1/2)...
[2026-07-01 13:29:54] [TASK_1] [INFO] Saved VNM → C:\Users\User\AppData\Local\Temp\pytest-of-User\pytest-220\test_partial_failure_continues0\prices\VNM.csv (1 rows)
[2026-07-01 13:29:55] [TASK_1] [INFO] Processing FPT (2/2)...
[2026-07-01 13:29:55] [TASK_1] [ERROR] [2026-07-01 13:29:55] FAILED: FPT — no data collected. Continuing with remaining tickers.
[2026-07-01 13:29:55] [TASK_1] [INFO] Saved consolidated file → C:\Users\User\AppData\Local\Temp\pytest-of-User\pytest-220\test_partial_failure_continues0\prices\all_vn30_prices.csv (1 rows, 1 tickers)
[2026-07-01 13:29:55] [TASK_1] [INFO] ============================================================
[2026-07-01 13:29:55] [TASK_1] [INFO] PRICE COLLECTION SUMMARY
[2026-07-01 13:29:55] [TASK_1] [INFO] ============================================================
[2026-07-01 13:29:55] [TASK_1] [INFO] Successfully collected: 1 tickers
[2026-07-01 13:29:55] [TASK_1] [WARNING] Failed tickers: FPT
[2026-07-01 13:29:55] [TASK_1] [INFO] Expected trading days (business-day calendar): 8
[2026-07-01 13:29:55] [TASK_1] [INFO] ------------------------------------------------------------
[2026-07-01 13:29:55] [TASK_1] [INFO] Ticker    Earliest      Latest    Days
[2026-07-01 13:29:55] [TASK_1] [INFO] ------------------------------------------------------------
[2026-07-01 13:29:55] [TASK_1] [INFO] VNM     2024-01-02  2024-01-02       1
[2026-07-01 13:29:55] [TASK_1] [WARNING] ⚠ VNM has 87.5% fewer trading days than expected (1 vs 8 expected). Check for missing data.
[2026-07-01 13:29:55] [TASK_1] [INFO] ------------------------------------------------------------
[2026-07-01 13:29:55] [TASK_1] [INFO] Total rows: 1 | Date range: 2024-01-01 to 2024-01-10
[2026-07-01 13:29:55] [TASK_1] [INFO] ============================================================
[2026-07-01 13:29:55] [TASK_1] [WARNING] [2026-07-01 13:29:55] Error fetching VNM (attempt 1/3): API down
[2026-07-01 13:29:55] [TASK_1] [WARNING] [2026-07-01 13:29:55] Error fetching VNM (attempt 2/3): API down
[2026-07-01 13:29:55] [TASK_1] [WARNING] [2026-07-01 13:29:55] Error fetching VNM (attempt 3/3): API down
[2026-07-01 13:29:55] [TASK_1] [ERROR] [2026-07-01 13:29:55] Failed to fetch data for VNM after 3 attempts.
[2026-07-01 13:29:55] [TASK_1] [WARNING] [2026-07-01 13:29:55] Error fetching VNM (attempt 1/3): API down
[2026-07-01 13:29:55] [TASK_1] [WARNING] [2026-07-01 13:29:55] Error fetching VNM (attempt 2/3): API down
[2026-07-01 13:29:55] [TASK_1] [WARNING] [2026-07-01 13:29:55] Error fetching VNM (attempt 3/3): API down
[2026-07-01 13:29:55] [TASK_1] [ERROR] [2026-07-01 13:29:55] Failed to fetch data for VNM after 3 attempts.
[2026-07-01 13:29:55] [TASK_1] [INFO] ============================================================
[2026-07-01 13:29:55] [TASK_1] [INFO] TASK 1: Price Collection Started
[2026-07-01 13:29:55] [TASK_1] [INFO] Tickers: 3 | Date range: 2024-01-01 to 2024-01-10
[2026-07-01 13:29:55] [TASK_1] [INFO] ============================================================
[2026-07-01 13:29:55] [TASK_1] [INFO] Validated 3 tickers total (3 VN30 + 0 expansion).
[2026-07-01 13:29:55] [TASK_1] [INFO] Processing VNM (1/3)...
[2026-07-01 13:29:55] [TASK_1] [ERROR] [2026-07-01 13:29:55] FAILED: VNM — no data collected. Continuing with remaining tickers.
[2026-07-01 13:29:55] [TASK_1] [INFO] Processing VCB (2/3)...
[2026-07-01 13:29:55] [TASK_1] [INFO] Saved VCB → C:\Users\User\AppData\Local\Temp\pytest-of-User\pytest-220\test_continues_after_ticker_fa0\prices\VCB.csv (2 rows)
[2026-07-01 13:29:56] [TASK_1] [INFO] Processing FPT (3/3)...
[2026-07-01 13:29:56] [TASK_1] [INFO] Saved FPT → C:\Users\User\AppData\Local\Temp\pytest-of-User\pytest-220\test_continues_after_ticker_fa0\prices\FPT.csv (2 rows)
[2026-07-01 13:29:56] [TASK_1] [INFO] Saved consolidated file → C:\Users\User\AppData\Local\Temp\pytest-of-User\pytest-220\test_continues_after_ticker_fa0\prices\all_vn30_prices.csv (4 rows, 2 tickers)
[2026-07-01 13:29:56] [TASK_1] [INFO] ============================================================
[2026-07-01 13:29:56] [TASK_1] [INFO] PRICE COLLECTION SUMMARY
[2026-07-01 13:29:56] [TASK_1] [INFO] ============================================================
[2026-07-01 13:29:56] [TASK_1] [INFO] Successfully collected: 2 tickers
[2026-07-01 13:29:56] [TASK_1] [WARNING] Failed tickers: VNM
[2026-07-01 13:29:56] [TASK_1] [INFO] Expected trading days (business-day calendar): 8
[2026-07-01 13:29:56] [TASK_1] [INFO] ------------------------------------------------------------
[2026-07-01 13:29:56] [TASK_1] [INFO] Ticker    Earliest      Latest    Days
[2026-07-01 13:29:56] [TASK_1] [INFO] ------------------------------------------------------------
[2026-07-01 13:29:56] [TASK_1] [INFO] FPT     2024-01-02  2024-01-03       2
[2026-07-01 13:29:56] [TASK_1] [WARNING] ⚠ FPT has 75.0% fewer trading days than expected (2 vs 8 expected). Check for missing data.
[2026-07-01 13:29:56] [TASK_1] [INFO] VCB     2024-01-02  2024-01-03       2
[2026-07-01 13:29:56] [TASK_1] [WARNING] ⚠ VCB has 75.0% fewer trading days than expected (2 vs 8 expected). Check for missing data.
[2026-07-01 13:29:56] [TASK_1] [INFO] ------------------------------------------------------------
[2026-07-01 13:29:56] [TASK_1] [INFO] Total rows: 4 | Date range: 2024-01-01 to 2024-01-10
[2026-07-01 13:29:56] [TASK_1] [INFO] ============================================================
[2026-07-01 13:29:56] [TASK_1] [ERROR] [2026-07-01 13:29:56] FAILED: FPT — no data collected. Continuing with remaining tickers.
[2026-07-01 13:29:56] [TASK_1] [WARNING] Failed tickers: FPT
[2026-07-01 13:29:56] [TASK_1] [WARNING] ⚠ VNM has 87.5% fewer trading days than expected (1 vs 8 expected). Check for missing data.
[2026-07-01 13:29:56] [TASK_1] [INFO] ============================================================
[2026-07-01 13:29:56] [TASK_1] [INFO] PRICE COLLECTION SUMMARY
[2026-07-01 13:29:56] [TASK_1] [INFO] ============================================================
[2026-07-01 13:29:56] [TASK_1] [INFO] Successfully collected: 2 tickers
[2026-07-01 13:29:56] [TASK_1] [INFO] Expected trading days (business-day calendar): 3
[2026-07-01 13:29:56] [TASK_1] [INFO] ------------------------------------------------------------
[2026-07-01 13:29:56] [TASK_1] [INFO] Ticker    Earliest      Latest    Days
[2026-07-01 13:29:56] [TASK_1] [INFO] ------------------------------------------------------------
[2026-07-01 13:29:56] [TASK_1] [INFO] FPT     2024-01-02  2024-01-03       2
[2026-07-01 13:29:57] [TASK_1] [WARNING] ⚠ FPT has 33.3% fewer trading days than expected (2 vs 3 expected). Check for missing data.
[2026-07-01 13:29:57] [TASK_1] [INFO] VNM     2024-01-02  2024-01-04       3
[2026-07-01 13:29:57] [TASK_1] [INFO] ------------------------------------------------------------
[2026-07-01 13:29:57] [TASK_1] [INFO] Total rows: 5 | Date range: 2024-01-02 to 2024-01-04
[2026-07-01 13:29:57] [TASK_1] [INFO] ============================================================
[2026-07-01 13:29:57] [TASK_1] [WARNING] ⚠ FPT has 53.1% fewer trading days than expected (30 vs 64 expected). Check for missing data.
[2026-07-01 13:29:57] [TASK_1] [WARNING] ⚠ VNM has 6.2% fewer trading days than expected (60 vs 64 expected). Check for missing data.
[2026-07-01 13:29:57] [TASK_1] [WARNING] Failed tickers: FPT, VCB
[2026-07-01 13:29:57] [TASK_1] [INFO] ============================================================
[2026-07-01 13:29:57] [TASK_1] [INFO] PRICE COLLECTION SUMMARY
[2026-07-01 13:29:57] [TASK_1] [INFO] ============================================================
[2026-07-01 13:29:57] [TASK_1] [INFO] Successfully collected: 1 tickers
[2026-07-01 13:29:57] [TASK_1] [INFO] Expected trading days (business-day calendar): 4
[2026-07-01 13:29:57] [TASK_1] [INFO] ------------------------------------------------------------
[2026-07-01 13:29:57] [TASK_1] [INFO] Ticker    Earliest      Latest    Days
[2026-07-01 13:29:57] [TASK_1] [INFO] ------------------------------------------------------------
[2026-07-01 13:29:57] [TASK_1] [INFO] VNM     2024-01-02  2024-01-02       1
[2026-07-01 13:29:57] [TASK_1] [WARNING] ⚠ VNM has 75.0% fewer trading days than expected (1 vs 4 expected). Check for missing data.
[2026-07-01 13:29:57] [TASK_1] [INFO] ------------------------------------------------------------
[2026-07-01 13:29:57] [TASK_1] [INFO] Total rows: 1 | Date range: 2024-01-02 to 2024-01-05
[2026-07-01 13:29:57] [TASK_1] [INFO] ============================================================
[2026-07-01 13:41:03] [TASK_1] [INFO] ============================================================
[2026-07-01 13:41:03] [TASK_1] [INFO] START TASK_1: Price Collection (vnstock OHLCV)
[2026-07-01 13:41:03] [TASK_1] [INFO] Timestamp: 2026-07-01T13:41:03.788808
[2026-07-01 13:41:03] [TASK_1] [INFO] ============================================================
[2026-07-01 13:41:03] [TASK_1] [ERROR] TASK FAILED: TASK_1 after 0.0 seconds
[2026-07-01 13:41:03] [TASK_1] [ERROR] Exception: Simulated failure
[2026-07-01 13:41:03] [TASK_1] [ERROR] Stack trace:
Traceback (most recent call last):
  File "C:\Users\User\KLTN_MASTER\pipeline\run_pipeline.py", line 659, in run_pipeline
    executor(config, task_logger, smoke_test=smoke_test)
  File "C:\Program Files\WindowsApps\PythonSoftwareFoundation.Python.3.10_3.10.3056.0_x64__qbz5n2kfra8p0\lib\unittest\mock.py", line 1114, in __call__
    return self._mock_call(*args, **kwargs)
  File "C:\Program Files\WindowsApps\PythonSoftwareFoundation.Python.3.10_3.10.3056.0_x64__qbz5n2kfra8p0\lib\unittest\mock.py", line 1118, in _mock_call
    return self._execute_mock_call(*args, **kwargs)
  File "C:\Program Files\WindowsApps\PythonSoftwareFoundation.Python.3.10_3.10.3056.0_x64__qbz5n2kfra8p0\lib\unittest\mock.py", line 1173, in _execute_mock_call
    raise effect
RuntimeError: Simulated failure

[2026-07-01 13:41:03] [TASK_1] [INFO] ============================================================
[2026-07-01 13:41:03] [TASK_1] [INFO] START TASK_1: Price Collection (vnstock OHLCV)
[2026-07-01 13:41:03] [TASK_1] [INFO] Timestamp: 2026-07-01T13:41:03.804743
[2026-07-01 13:41:03] [TASK_1] [INFO] ============================================================
[2026-07-01 13:41:03] [TASK_1] [ERROR] TASK FAILED: TASK_1 after 0.0 seconds
[2026-07-01 13:41:03] [TASK_1] [ERROR] Exception: Simulated failure
[2026-07-01 13:41:03] [TASK_1] [ERROR] Stack trace:
Traceback (most recent call last):
  File "C:\Users\User\KLTN_MASTER\pipeline\run_pipeline.py", line 659, in run_pipeline
    executor(config, task_logger, smoke_test=smoke_test)
  File "C:\Program Files\WindowsApps\PythonSoftwareFoundation.Python.3.10_3.10.3056.0_x64__qbz5n2kfra8p0\lib\unittest\mock.py", line 1114, in __call__
    return self._mock_call(*args, **kwargs)
  File "C:\Program Files\WindowsApps\PythonSoftwareFoundation.Python.3.10_3.10.3056.0_x64__qbz5n2kfra8p0\lib\unittest\mock.py", line 1118, in _mock_call
    return self._execute_mock_call(*args, **kwargs)
  File "C:\Program Files\WindowsApps\PythonSoftwareFoundation.Python.3.10_3.10.3056.0_x64__qbz5n2kfra8p0\lib\unittest\mock.py", line 1173, in _execute_mock_call
    raise effect
RuntimeError: Simulated failure

[2026-07-01 13:41:03] [TASK_1] [INFO] ============================================================
[2026-07-01 13:41:03] [TASK_1] [INFO] START TASK_1: Price Collection (vnstock OHLCV)
[2026-07-01 13:41:03] [TASK_1] [INFO] Timestamp: 2026-07-01T13:41:03.918768
[2026-07-01 13:41:03] [TASK_1] [INFO] ============================================================
[2026-07-01 13:41:03] [TASK_1] [INFO] ------------------------------------------------------------
[2026-07-01 13:41:03] [TASK_1] [INFO] END TASK_1 — completed in 0.0 seconds
[2026-07-01 13:41:03] [TASK_1] [INFO] ============================================================
[2026-07-01 13:41:04] [TASK_1] [INFO] ============================================================
[2026-07-01 13:41:04] [TASK_1] [INFO] START TASK_1: Price Collection (vnstock OHLCV)
[2026-07-01 13:41:04] [TASK_1] [INFO] Timestamp: 2026-07-01T13:41:04.726303
[2026-07-01 13:41:04] [TASK_1] [INFO] ============================================================
[2026-07-01 13:41:04] [TASK_1] [INFO] ------------------------------------------------------------
[2026-07-01 13:41:04] [TASK_1] [INFO] END TASK_1 — completed in 0.0 seconds
[2026-07-01 13:41:04] [TASK_1] [INFO] ============================================================
[2026-07-01 13:41:12] [TASK_1] [INFO] Validated 3 tickers total (3 VN30 + 0 expansion).
[2026-07-01 13:41:12] [TASK_1] [INFO] HOSE-80 expansion: 1 non-VN30 tickers included: INVALID
[2026-07-01 13:41:12] [TASK_1] [INFO] Validated 3 tickers total (2 VN30 + 1 expansion).
[2026-07-01 13:41:12] [TASK_1] [INFO] Validated 3 tickers total (3 VN30 + 0 expansion).
[2026-07-01 13:41:12] [TASK_1] [INFO] HOSE-80 expansion: 2 non-VN30 tickers included: INVALID1, INVALID2
[2026-07-01 13:41:12] [TASK_1] [INFO] Validated 2 tickers total (0 VN30 + 2 expansion).
[2026-07-01 13:41:12] [TASK_1] [INFO] Validated 30 tickers total (30 VN30 + 0 expansion).
[2026-07-01 13:41:12] [TASK_1] [WARNING] [2026-07-01 13:41:12] Error fetching VNM (attempt 1/3): API down
[2026-07-01 13:41:12] [TASK_1] [INFO] Retrying in 1s...
[2026-07-01 13:41:12] [TASK_1] [WARNING] [2026-07-01 13:41:12] Error fetching VNM (attempt 2/3): API down
[2026-07-01 13:41:12] [TASK_1] [INFO] Retrying in 2s...
[2026-07-01 13:41:12] [TASK_1] [WARNING] [2026-07-01 13:41:12] Error fetching VNM (attempt 3/3): API down
[2026-07-01 13:41:12] [TASK_1] [ERROR] [2026-07-01 13:41:12] Failed to fetch data for VNM after 3 attempts.
[2026-07-01 13:41:12] [TASK_1] [INFO] Fetched 2 rows for VNM (2024-01-02 to 2024-01-03).
[2026-07-01 13:41:12] [TASK_1] [WARNING] Empty data returned for VNM (attempt 1/3).
[2026-07-01 13:41:12] [TASK_1] [INFO] Retrying in 1s...
[2026-07-01 13:41:12] [TASK_1] [INFO] Fetched 1 rows for VNM (2024-01-02 to 2024-01-02).
[2026-07-01 13:41:12] [TASK_1] [INFO] ============================================================
[2026-07-01 13:41:12] [TASK_1] [INFO] TASK 1: Price Collection Started
[2026-07-01 13:41:12] [TASK_1] [INFO] Tickers: 1 | Date range: 2024-01-01 to 2024-01-10
[2026-07-01 13:41:12] [TASK_1] [INFO] ============================================================
[2026-07-01 13:41:12] [TASK_1] [INFO] Validated 1 tickers total (1 VN30 + 0 expansion).
[2026-07-01 13:41:12] [TASK_1] [INFO] Processing VNM (1/1)...
[2026-07-01 13:41:12] [TASK_1] [INFO] Saved VNM → C:\Users\User\AppData\Local\Temp\pytest-of-User\pytest-221\test_collect_prices_output_col0\prices\VNM.csv (2 rows)
[2026-07-01 13:41:12] [TASK_1] [INFO] Saved consolidated file → C:\Users\User\AppData\Local\Temp\pytest-of-User\pytest-221\test_collect_prices_output_col0\prices\all_vn30_prices.csv (2 rows, 1 tickers)
[2026-07-01 13:41:12] [TASK_1] [INFO] ============================================================
[2026-07-01 13:41:12] [TASK_1] [INFO] PRICE COLLECTION SUMMARY
[2026-07-01 13:41:12] [TASK_1] [INFO] ============================================================
[2026-07-01 13:41:12] [TASK_1] [INFO] Successfully collected: 1 tickers
[2026-07-01 13:41:12] [TASK_1] [INFO] Expected trading days (business-day calendar): 8
[2026-07-01 13:41:12] [TASK_1] [INFO] ------------------------------------------------------------
[2026-07-01 13:41:12] [TASK_1] [INFO] Ticker    Earliest      Latest    Days
[2026-07-01 13:41:12] [TASK_1] [INFO] ------------------------------------------------------------
[2026-07-01 13:41:12] [TASK_1] [INFO] VNM     2024-01-02  2024-01-03       2
[2026-07-01 13:41:12] [TASK_1] [WARNING] ⚠ VNM has 75.0% fewer trading days than expected (2 vs 8 expected). Check for missing data.
[2026-07-01 13:41:12] [TASK_1] [INFO] ------------------------------------------------------------
[2026-07-01 13:41:12] [TASK_1] [INFO] Total rows: 2 | Date range: 2024-01-01 to 2024-01-10
[2026-07-01 13:41:12] [TASK_1] [INFO] ============================================================
[2026-07-01 13:41:12] [TASK_1] [INFO] ============================================================
[2026-07-01 13:41:12] [TASK_1] [INFO] TASK 1: Price Collection Started
[2026-07-01 13:41:12] [TASK_1] [INFO] Tickers: 2 | Date range: 2024-01-01 to 2024-01-10
[2026-07-01 13:41:12] [TASK_1] [INFO] ============================================================
[2026-07-01 13:41:12] [TASK_1] [INFO] Validated 2 tickers total (2 VN30 + 0 expansion).
[2026-07-01 13:41:12] [TASK_1] [INFO] Processing VNM (1/2)...
[2026-07-01 13:41:12] [TASK_1] [INFO] Saved VNM → C:\Users\User\AppData\Local\Temp\pytest-of-User\pytest-221\test_individual_ticker_csv_sav0\prices\VNM.csv (1 rows)
[2026-07-01 13:41:13] [TASK_1] [INFO] Processing FPT (2/2)...
[2026-07-01 13:41:13] [TASK_1] [INFO] Saved FPT → C:\Users\User\AppData\Local\Temp\pytest-of-User\pytest-221\test_individual_ticker_csv_sav0\prices\FPT.csv (1 rows)
[2026-07-01 13:41:13] [TASK_1] [INFO] Saved consolidated file → C:\Users\User\AppData\Local\Temp\pytest-of-User\pytest-221\test_individual_ticker_csv_sav0\prices\all_vn30_prices.csv (2 rows, 2 tickers)
[2026-07-01 13:41:13] [TASK_1] [INFO] ============================================================
[2026-07-01 13:41:13] [TASK_1] [INFO] PRICE COLLECTION SUMMARY
[2026-07-01 13:41:13] [TASK_1] [INFO] ============================================================
[2026-07-01 13:41:13] [TASK_1] [INFO] Successfully collected: 2 tickers
[2026-07-01 13:41:13] [TASK_1] [INFO] Expected trading days (business-day calendar): 8
[2026-07-01 13:41:13] [TASK_1] [INFO] ------------------------------------------------------------
[2026-07-01 13:41:13] [TASK_1] [INFO] Ticker    Earliest      Latest    Days
[2026-07-01 13:41:13] [TASK_1] [INFO] ------------------------------------------------------------
[2026-07-01 13:41:13] [TASK_1] [INFO] FPT     2024-01-02  2024-01-02       1
[2026-07-01 13:41:13] [TASK_1] [WARNING] ⚠ FPT has 87.5% fewer trading days than expected (1 vs 8 expected). Check for missing data.
[2026-07-01 13:41:13] [TASK_1] [INFO] VNM     2024-01-02  2024-01-02       1
[2026-07-01 13:41:13] [TASK_1] [WARNING] ⚠ VNM has 87.5% fewer trading days than expected (1 vs 8 expected). Check for missing data.
[2026-07-01 13:41:13] [TASK_1] [INFO] ------------------------------------------------------------
[2026-07-01 13:41:13] [TASK_1] [INFO] Total rows: 2 | Date range: 2024-01-01 to 2024-01-10
[2026-07-01 13:41:13] [TASK_1] [INFO] ============================================================
[2026-07-01 13:41:13] [TASK_1] [INFO] ============================================================
[2026-07-01 13:41:13] [TASK_1] [INFO] TASK 1: Price Collection Started
[2026-07-01 13:41:13] [TASK_1] [INFO] Tickers: 2 | Date range: 2024-01-01 to 2024-01-10
[2026-07-01 13:41:13] [TASK_1] [INFO] ============================================================
[2026-07-01 13:41:13] [TASK_1] [INFO] Validated 2 tickers total (2 VN30 + 0 expansion).
[2026-07-01 13:41:13] [TASK_1] [INFO] Processing VNM (1/2)...
[2026-07-01 13:41:13] [TASK_1] [INFO] Saved VNM → C:\Users\User\AppData\Local\Temp\pytest-of-User\pytest-221\test_consolidated_csv_has_tick0\prices\VNM.csv (1 rows)
[2026-07-01 13:41:13] [TASK_1] [INFO] Processing FPT (2/2)...
[2026-07-01 13:41:13] [TASK_1] [INFO] Saved FPT → C:\Users\User\AppData\Local\Temp\pytest-of-User\pytest-221\test_consolidated_csv_has_tick0\prices\FPT.csv (1 rows)
[2026-07-01 13:41:13] [TASK_1] [INFO] Saved consolidated file → C:\Users\User\AppData\Local\Temp\pytest-of-User\pytest-221\test_consolidated_csv_has_tick0\prices\all_vn30_prices.csv (2 rows, 2 tickers)
[2026-07-01 13:41:13] [TASK_1] [INFO] ============================================================
[2026-07-01 13:41:13] [TASK_1] [INFO] PRICE COLLECTION SUMMARY
[2026-07-01 13:41:13] [TASK_1] [INFO] ============================================================
[2026-07-01 13:41:13] [TASK_1] [INFO] Successfully collected: 2 tickers
[2026-07-01 13:41:13] [TASK_1] [INFO] Expected trading days (business-day calendar): 8
[2026-07-01 13:41:13] [TASK_1] [INFO] ------------------------------------------------------------
[2026-07-01 13:41:13] [TASK_1] [INFO] Ticker    Earliest      Latest    Days
[2026-07-01 13:41:13] [TASK_1] [INFO] ------------------------------------------------------------
[2026-07-01 13:41:13] [TASK_1] [INFO] FPT     2024-01-02  2024-01-02       1
[2026-07-01 13:41:13] [TASK_1] [WARNING] ⚠ FPT has 87.5% fewer trading days than expected (1 vs 8 expected). Check for missing data.
[2026-07-01 13:41:13] [TASK_1] [INFO] VNM     2024-01-02  2024-01-02       1
[2026-07-01 13:41:13] [TASK_1] [WARNING] ⚠ VNM has 87.5% fewer trading days than expected (1 vs 8 expected). Check for missing data.
[2026-07-01 13:41:13] [TASK_1] [INFO] ------------------------------------------------------------
[2026-07-01 13:41:13] [TASK_1] [INFO] Total rows: 2 | Date range: 2024-01-01 to 2024-01-10
[2026-07-01 13:41:13] [TASK_1] [INFO] ============================================================
[2026-07-01 13:41:13] [TASK_1] [INFO] ============================================================
[2026-07-01 13:41:13] [TASK_1] [INFO] TASK 1: Price Collection Started
[2026-07-01 13:41:13] [TASK_1] [INFO] Tickers: 1 | Date range: 2024-01-01 to 2024-01-10
[2026-07-01 13:41:13] [TASK_1] [INFO] ============================================================
[2026-07-01 13:41:13] [TASK_1] [INFO] Validated 1 tickers total (1 VN30 + 0 expansion).
[2026-07-01 13:41:13] [TASK_1] [INFO] Processing VNM (1/1)...
[2026-07-01 13:41:13] [TASK_1] [ERROR] [2026-07-01 13:41:13] FAILED: VNM — no data collected. Continuing with remaining tickers.
[2026-07-01 13:41:13] [TASK_1] [INFO] ============================================================
[2026-07-01 13:41:13] [TASK_1] [INFO] TASK 1: Price Collection Started
[2026-07-01 13:41:13] [TASK_1] [INFO] Tickers: 2 | Date range: 2024-01-01 to 2024-01-10
[2026-07-01 13:41:13] [TASK_1] [INFO] ============================================================
[2026-07-01 13:41:13] [TASK_1] [INFO] Validated 2 tickers total (2 VN30 + 0 expansion).
[2026-07-01 13:41:13] [TASK_1] [INFO] Processing VNM (1/2)...
[2026-07-01 13:41:13] [TASK_1] [INFO] Saved VNM → C:\Users\User\AppData\Local\Temp\pytest-of-User\pytest-221\test_partial_failure_continues0\prices\VNM.csv (1 rows)
[2026-07-01 13:41:14] [TASK_1] [INFO] Processing FPT (2/2)...
[2026-07-01 13:41:14] [TASK_1] [ERROR] [2026-07-01 13:41:14] FAILED: FPT — no data collected. Continuing with remaining tickers.
[2026-07-01 13:41:14] [TASK_1] [INFO] Saved consolidated file → C:\Users\User\AppData\Local\Temp\pytest-of-User\pytest-221\test_partial_failure_continues0\prices\all_vn30_prices.csv (1 rows, 1 tickers)
[2026-07-01 13:41:14] [TASK_1] [INFO] ============================================================
[2026-07-01 13:41:14] [TASK_1] [INFO] PRICE COLLECTION SUMMARY
[2026-07-01 13:41:14] [TASK_1] [INFO] ============================================================
[2026-07-01 13:41:14] [TASK_1] [INFO] Successfully collected: 1 tickers
[2026-07-01 13:41:14] [TASK_1] [WARNING] Failed tickers: FPT
[2026-07-01 13:41:14] [TASK_1] [INFO] Expected trading days (business-day calendar): 8
[2026-07-01 13:41:14] [TASK_1] [INFO] ------------------------------------------------------------
[2026-07-01 13:41:14] [TASK_1] [INFO] Ticker    Earliest      Latest    Days
[2026-07-01 13:41:14] [TASK_1] [INFO] ------------------------------------------------------------
[2026-07-01 13:41:14] [TASK_1] [INFO] VNM     2024-01-02  2024-01-02       1
[2026-07-01 13:41:14] [TASK_1] [WARNING] ⚠ VNM has 87.5% fewer trading days than expected (1 vs 8 expected). Check for missing data.
[2026-07-01 13:41:14] [TASK_1] [INFO] ------------------------------------------------------------
[2026-07-01 13:41:14] [TASK_1] [INFO] Total rows: 1 | Date range: 2024-01-01 to 2024-01-10
[2026-07-01 13:41:14] [TASK_1] [INFO] ============================================================
[2026-07-01 13:41:14] [TASK_1] [WARNING] [2026-07-01 13:41:14] Error fetching VNM (attempt 1/3): API down
[2026-07-01 13:41:14] [TASK_1] [WARNING] [2026-07-01 13:41:14] Error fetching VNM (attempt 2/3): API down
[2026-07-01 13:41:14] [TASK_1] [WARNING] [2026-07-01 13:41:14] Error fetching VNM (attempt 3/3): API down
[2026-07-01 13:41:14] [TASK_1] [ERROR] [2026-07-01 13:41:14] Failed to fetch data for VNM after 3 attempts.
[2026-07-01 13:41:14] [TASK_1] [WARNING] [2026-07-01 13:41:14] Error fetching VNM (attempt 1/3): API down
[2026-07-01 13:41:14] [TASK_1] [WARNING] [2026-07-01 13:41:14] Error fetching VNM (attempt 2/3): API down
[2026-07-01 13:41:14] [TASK_1] [WARNING] [2026-07-01 13:41:14] Error fetching VNM (attempt 3/3): API down
[2026-07-01 13:41:14] [TASK_1] [ERROR] [2026-07-01 13:41:14] Failed to fetch data for VNM after 3 attempts.
[2026-07-01 13:41:14] [TASK_1] [INFO] ============================================================
[2026-07-01 13:41:14] [TASK_1] [INFO] TASK 1: Price Collection Started
[2026-07-01 13:41:14] [TASK_1] [INFO] Tickers: 3 | Date range: 2024-01-01 to 2024-01-10
[2026-07-01 13:41:14] [TASK_1] [INFO] ============================================================
[2026-07-01 13:41:14] [TASK_1] [INFO] Validated 3 tickers total (3 VN30 + 0 expansion).
[2026-07-01 13:41:14] [TASK_1] [INFO] Processing VNM (1/3)...
[2026-07-01 13:41:14] [TASK_1] [ERROR] [2026-07-01 13:41:14] FAILED: VNM — no data collected. Continuing with remaining tickers.
[2026-07-01 13:41:14] [TASK_1] [INFO] Processing VCB (2/3)...
[2026-07-01 13:41:14] [TASK_1] [INFO] Saved VCB → C:\Users\User\AppData\Local\Temp\pytest-of-User\pytest-221\test_continues_after_ticker_fa0\prices\VCB.csv (2 rows)
[2026-07-01 13:41:15] [TASK_1] [INFO] Processing FPT (3/3)...
[2026-07-01 13:41:15] [TASK_1] [INFO] Saved FPT → C:\Users\User\AppData\Local\Temp\pytest-of-User\pytest-221\test_continues_after_ticker_fa0\prices\FPT.csv (2 rows)
[2026-07-01 13:41:15] [TASK_1] [INFO] Saved consolidated file → C:\Users\User\AppData\Local\Temp\pytest-of-User\pytest-221\test_continues_after_ticker_fa0\prices\all_vn30_prices.csv (4 rows, 2 tickers)
[2026-07-01 13:41:15] [TASK_1] [INFO] ============================================================
[2026-07-01 13:41:15] [TASK_1] [INFO] PRICE COLLECTION SUMMARY
[2026-07-01 13:41:15] [TASK_1] [INFO] ============================================================
[2026-07-01 13:41:15] [TASK_1] [INFO] Successfully collected: 2 tickers
[2026-07-01 13:41:15] [TASK_1] [WARNING] Failed tickers: VNM
[2026-07-01 13:41:15] [TASK_1] [INFO] Expected trading days (business-day calendar): 8
[2026-07-01 13:41:15] [TASK_1] [INFO] ------------------------------------------------------------
[2026-07-01 13:41:15] [TASK_1] [INFO] Ticker    Earliest      Latest    Days
[2026-07-01 13:41:15] [TASK_1] [INFO] ------------------------------------------------------------
[2026-07-01 13:41:15] [TASK_1] [INFO] FPT     2024-01-02  2024-01-03       2
[2026-07-01 13:41:15] [TASK_1] [WARNING] ⚠ FPT has 75.0% fewer trading days than expected (2 vs 8 expected). Check for missing data.
[2026-07-01 13:41:15] [TASK_1] [INFO] VCB     2024-01-02  2024-01-03       2
[2026-07-01 13:41:15] [TASK_1] [WARNING] ⚠ VCB has 75.0% fewer trading days than expected (2 vs 8 expected). Check for missing data.
[2026-07-01 13:41:15] [TASK_1] [INFO] ------------------------------------------------------------
[2026-07-01 13:41:15] [TASK_1] [INFO] Total rows: 4 | Date range: 2024-01-01 to 2024-01-10
[2026-07-01 13:41:15] [TASK_1] [INFO] ============================================================
[2026-07-01 13:41:15] [TASK_1] [ERROR] [2026-07-01 13:41:15] FAILED: FPT — no data collected. Continuing with remaining tickers.
[2026-07-01 13:41:15] [TASK_1] [WARNING] Failed tickers: FPT
[2026-07-01 13:41:15] [TASK_1] [WARNING] ⚠ VNM has 87.5% fewer trading days than expected (1 vs 8 expected). Check for missing data.
[2026-07-01 13:41:15] [TASK_1] [INFO] ============================================================
[2026-07-01 13:41:15] [TASK_1] [INFO] PRICE COLLECTION SUMMARY
[2026-07-01 13:41:15] [TASK_1] [INFO] ============================================================
[2026-07-01 13:41:15] [TASK_1] [INFO] Successfully collected: 2 tickers
[2026-07-01 13:41:15] [TASK_1] [INFO] Expected trading days (business-day calendar): 3
[2026-07-01 13:41:15] [TASK_1] [INFO] ------------------------------------------------------------
[2026-07-01 13:41:15] [TASK_1] [INFO] Ticker    Earliest      Latest    Days
[2026-07-01 13:41:15] [TASK_1] [INFO] ------------------------------------------------------------
[2026-07-01 13:41:15] [TASK_1] [INFO] FPT     2024-01-02  2024-01-03       2
[2026-07-01 13:41:15] [TASK_1] [WARNING] ⚠ FPT has 33.3% fewer trading days than expected (2 vs 3 expected). Check for missing data.
[2026-07-01 13:41:15] [TASK_1] [INFO] VNM     2024-01-02  2024-01-04       3
[2026-07-01 13:41:15] [TASK_1] [INFO] ------------------------------------------------------------
[2026-07-01 13:41:15] [TASK_1] [INFO] Total rows: 5 | Date range: 2024-01-02 to 2024-01-04
[2026-07-01 13:41:15] [TASK_1] [INFO] ============================================================
[2026-07-01 13:41:15] [TASK_1] [WARNING] ⚠ FPT has 53.1% fewer trading days than expected (30 vs 64 expected). Check for missing data.
[2026-07-01 13:41:15] [TASK_1] [WARNING] ⚠ VNM has 6.2% fewer trading days than expected (60 vs 64 expected). Check for missing data.
[2026-07-01 13:41:15] [TASK_1] [WARNING] Failed tickers: FPT, VCB
[2026-07-01 13:41:15] [TASK_1] [INFO] ============================================================
[2026-07-01 13:41:15] [TASK_1] [INFO] PRICE COLLECTION SUMMARY
[2026-07-01 13:41:15] [TASK_1] [INFO] ============================================================
[2026-07-01 13:41:15] [TASK_1] [INFO] Successfully collected: 1 tickers
[2026-07-01 13:41:15] [TASK_1] [INFO] Expected trading days (business-day calendar): 4
[2026-07-01 13:41:15] [TASK_1] [INFO] ------------------------------------------------------------
[2026-07-01 13:41:15] [TASK_1] [INFO] Ticker    Earliest      Latest    Days
[2026-07-01 13:41:15] [TASK_1] [INFO] ------------------------------------------------------------
[2026-07-01 13:41:15] [TASK_1] [INFO] VNM     2024-01-02  2024-01-02       1
[2026-07-01 13:41:15] [TASK_1] [WARNING] ⚠ VNM has 75.0% fewer trading days than expected (1 vs 4 expected). Check for missing data.
[2026-07-01 13:41:15] [TASK_1] [INFO] ------------------------------------------------------------
[2026-07-01 13:41:15] [TASK_1] [INFO] Total rows: 1 | Date range: 2024-01-02 to 2024-01-05
[2026-07-01 13:41:15] [TASK_1] [INFO] ============================================================
[2026-07-01 14:01:53] [TASK_1] [INFO] ============================================================
[2026-07-01 14:01:53] [TASK_1] [INFO] START TASK_1: Price Collection (vnstock OHLCV)
[2026-07-01 14:01:53] [TASK_1] [INFO] Timestamp: 2026-07-01T14:01:53.190280
[2026-07-01 14:01:53] [TASK_1] [INFO] ============================================================
[2026-07-01 14:01:53] [TASK_1] [ERROR] TASK FAILED: TASK_1 after 0.0 seconds
[2026-07-01 14:01:53] [TASK_1] [ERROR] Exception: Simulated failure
[2026-07-01 14:01:53] [TASK_1] [ERROR] Stack trace:
Traceback (most recent call last):
  File "C:\Users\User\KLTN_MASTER\pipeline\run_pipeline.py", line 659, in run_pipeline
    executor(config, task_logger, smoke_test=smoke_test)
  File "C:\Program Files\WindowsApps\PythonSoftwareFoundation.Python.3.10_3.10.3056.0_x64__qbz5n2kfra8p0\lib\unittest\mock.py", line 1114, in __call__
    return self._mock_call(*args, **kwargs)
  File "C:\Program Files\WindowsApps\PythonSoftwareFoundation.Python.3.10_3.10.3056.0_x64__qbz5n2kfra8p0\lib\unittest\mock.py", line 1118, in _mock_call
    return self._execute_mock_call(*args, **kwargs)
  File "C:\Program Files\WindowsApps\PythonSoftwareFoundation.Python.3.10_3.10.3056.0_x64__qbz5n2kfra8p0\lib\unittest\mock.py", line 1173, in _execute_mock_call
    raise effect
RuntimeError: Simulated failure

[2026-07-01 14:01:53] [TASK_1] [INFO] ============================================================
[2026-07-01 14:01:53] [TASK_1] [INFO] START TASK_1: Price Collection (vnstock OHLCV)
[2026-07-01 14:01:53] [TASK_1] [INFO] Timestamp: 2026-07-01T14:01:53.201081
[2026-07-01 14:01:53] [TASK_1] [INFO] ============================================================
[2026-07-01 14:01:53] [TASK_1] [ERROR] TASK FAILED: TASK_1 after 0.0 seconds
[2026-07-01 14:01:53] [TASK_1] [ERROR] Exception: Simulated failure
[2026-07-01 14:01:53] [TASK_1] [ERROR] Stack trace:
Traceback (most recent call last):
  File "C:\Users\User\KLTN_MASTER\pipeline\run_pipeline.py", line 659, in run_pipeline
    executor(config, task_logger, smoke_test=smoke_test)
  File "C:\Program Files\WindowsApps\PythonSoftwareFoundation.Python.3.10_3.10.3056.0_x64__qbz5n2kfra8p0\lib\unittest\mock.py", line 1114, in __call__
    return self._mock_call(*args, **kwargs)
  File "C:\Program Files\WindowsApps\PythonSoftwareFoundation.Python.3.10_3.10.3056.0_x64__qbz5n2kfra8p0\lib\unittest\mock.py", line 1118, in _mock_call
    return self._execute_mock_call(*args, **kwargs)
  File "C:\Program Files\WindowsApps\PythonSoftwareFoundation.Python.3.10_3.10.3056.0_x64__qbz5n2kfra8p0\lib\unittest\mock.py", line 1173, in _execute_mock_call
    raise effect
RuntimeError: Simulated failure

[2026-07-01 14:01:53] [TASK_1] [INFO] ============================================================
[2026-07-01 14:01:53] [TASK_1] [INFO] START TASK_1: Price Collection (vnstock OHLCV)
[2026-07-01 14:01:53] [TASK_1] [INFO] Timestamp: 2026-07-01T14:01:53.317726
[2026-07-01 14:01:53] [TASK_1] [INFO] ============================================================
[2026-07-01 14:01:53] [TASK_1] [INFO] ------------------------------------------------------------
[2026-07-01 14:01:53] [TASK_1] [INFO] END TASK_1 — completed in 0.0 seconds
[2026-07-01 14:01:53] [TASK_1] [INFO] ============================================================
[2026-07-01 14:01:54] [TASK_1] [INFO] ============================================================
[2026-07-01 14:01:54] [TASK_1] [INFO] START TASK_1: Price Collection (vnstock OHLCV)
[2026-07-01 14:01:54] [TASK_1] [INFO] Timestamp: 2026-07-01T14:01:54.088577
[2026-07-01 14:01:54] [TASK_1] [INFO] ============================================================
[2026-07-01 14:01:54] [TASK_1] [INFO] ------------------------------------------------------------
[2026-07-01 14:01:54] [TASK_1] [INFO] END TASK_1 — completed in 0.0 seconds
[2026-07-01 14:01:54] [TASK_1] [INFO] ============================================================
[2026-07-01 14:02:00] [TASK_1] [INFO] Validated 3 tickers total (3 VN30 + 0 expansion).
[2026-07-01 14:02:00] [TASK_1] [INFO] HOSE-80 expansion: 1 non-VN30 tickers included: INVALID
[2026-07-01 14:02:00] [TASK_1] [INFO] Validated 3 tickers total (2 VN30 + 1 expansion).
[2026-07-01 14:02:00] [TASK_1] [INFO] Validated 3 tickers total (3 VN30 + 0 expansion).
[2026-07-01 14:02:00] [TASK_1] [INFO] HOSE-80 expansion: 2 non-VN30 tickers included: INVALID1, INVALID2
[2026-07-01 14:02:00] [TASK_1] [INFO] Validated 2 tickers total (0 VN30 + 2 expansion).
[2026-07-01 14:02:00] [TASK_1] [INFO] Validated 30 tickers total (30 VN30 + 0 expansion).
[2026-07-01 14:02:00] [TASK_1] [WARNING] [2026-07-01 14:02:00] Error fetching VNM (attempt 1/3): API down
[2026-07-01 14:02:00] [TASK_1] [INFO] Retrying in 1s...
[2026-07-01 14:02:00] [TASK_1] [WARNING] [2026-07-01 14:02:00] Error fetching VNM (attempt 2/3): API down
[2026-07-01 14:02:00] [TASK_1] [INFO] Retrying in 2s...
[2026-07-01 14:02:00] [TASK_1] [WARNING] [2026-07-01 14:02:00] Error fetching VNM (attempt 3/3): API down
[2026-07-01 14:02:00] [TASK_1] [ERROR] [2026-07-01 14:02:00] Failed to fetch data for VNM after 3 attempts.
[2026-07-01 14:02:00] [TASK_1] [INFO] Fetched 2 rows for VNM (2024-01-02 to 2024-01-03).
[2026-07-01 14:02:00] [TASK_1] [WARNING] Empty data returned for VNM (attempt 1/3).
[2026-07-01 14:02:00] [TASK_1] [INFO] Retrying in 1s...
[2026-07-01 14:02:00] [TASK_1] [INFO] Fetched 1 rows for VNM (2024-01-02 to 2024-01-02).
[2026-07-01 14:02:00] [TASK_1] [INFO] ============================================================
[2026-07-01 14:02:00] [TASK_1] [INFO] TASK 1: Price Collection Started
[2026-07-01 14:02:00] [TASK_1] [INFO] Tickers: 1 | Date range: 2024-01-01 to 2024-01-10
[2026-07-01 14:02:00] [TASK_1] [INFO] ============================================================
[2026-07-01 14:02:00] [TASK_1] [INFO] Validated 1 tickers total (1 VN30 + 0 expansion).
[2026-07-01 14:02:00] [TASK_1] [INFO] Processing VNM (1/1)...
[2026-07-01 14:02:00] [TASK_1] [INFO] Saved VNM → C:\Users\User\AppData\Local\Temp\pytest-of-User\pytest-222\test_collect_prices_output_col0\prices\VNM.csv (2 rows)
[2026-07-01 14:02:00] [TASK_1] [INFO] Saved consolidated file → C:\Users\User\AppData\Local\Temp\pytest-of-User\pytest-222\test_collect_prices_output_col0\prices\all_vn30_prices.csv (2 rows, 1 tickers)
[2026-07-01 14:02:00] [TASK_1] [INFO] ============================================================
[2026-07-01 14:02:00] [TASK_1] [INFO] PRICE COLLECTION SUMMARY
[2026-07-01 14:02:00] [TASK_1] [INFO] ============================================================
[2026-07-01 14:02:00] [TASK_1] [INFO] Successfully collected: 1 tickers
[2026-07-01 14:02:00] [TASK_1] [INFO] Expected trading days (business-day calendar): 8
[2026-07-01 14:02:00] [TASK_1] [INFO] ------------------------------------------------------------
[2026-07-01 14:02:00] [TASK_1] [INFO] Ticker    Earliest      Latest    Days
[2026-07-01 14:02:00] [TASK_1] [INFO] ------------------------------------------------------------
[2026-07-01 14:02:00] [TASK_1] [INFO] VNM     2024-01-02  2024-01-03       2
[2026-07-01 14:02:00] [TASK_1] [WARNING] ⚠ VNM has 75.0% fewer trading days than expected (2 vs 8 expected). Check for missing data.
[2026-07-01 14:02:00] [TASK_1] [INFO] ------------------------------------------------------------
[2026-07-01 14:02:00] [TASK_1] [INFO] Total rows: 2 | Date range: 2024-01-01 to 2024-01-10
[2026-07-01 14:02:00] [TASK_1] [INFO] ============================================================
[2026-07-01 14:02:00] [TASK_1] [INFO] ============================================================
[2026-07-01 14:02:00] [TASK_1] [INFO] TASK 1: Price Collection Started
[2026-07-01 14:02:00] [TASK_1] [INFO] Tickers: 2 | Date range: 2024-01-01 to 2024-01-10
[2026-07-01 14:02:00] [TASK_1] [INFO] ============================================================
[2026-07-01 14:02:00] [TASK_1] [INFO] Validated 2 tickers total (2 VN30 + 0 expansion).
[2026-07-01 14:02:00] [TASK_1] [INFO] Processing VNM (1/2)...
[2026-07-01 14:02:00] [TASK_1] [INFO] Saved VNM → C:\Users\User\AppData\Local\Temp\pytest-of-User\pytest-222\test_individual_ticker_csv_sav0\prices\VNM.csv (1 rows)
[2026-07-01 14:02:01] [TASK_1] [INFO] Processing FPT (2/2)...
[2026-07-01 14:02:01] [TASK_1] [INFO] Saved FPT → C:\Users\User\AppData\Local\Temp\pytest-of-User\pytest-222\test_individual_ticker_csv_sav0\prices\FPT.csv (1 rows)
[2026-07-01 14:02:01] [TASK_1] [INFO] Saved consolidated file → C:\Users\User\AppData\Local\Temp\pytest-of-User\pytest-222\test_individual_ticker_csv_sav0\prices\all_vn30_prices.csv (2 rows, 2 tickers)
[2026-07-01 14:02:01] [TASK_1] [INFO] ============================================================
[2026-07-01 14:02:01] [TASK_1] [INFO] PRICE COLLECTION SUMMARY
[2026-07-01 14:02:01] [TASK_1] [INFO] ============================================================
[2026-07-01 14:02:01] [TASK_1] [INFO] Successfully collected: 2 tickers
[2026-07-01 14:02:01] [TASK_1] [INFO] Expected trading days (business-day calendar): 8
[2026-07-01 14:02:01] [TASK_1] [INFO] ------------------------------------------------------------
[2026-07-01 14:02:01] [TASK_1] [INFO] Ticker    Earliest      Latest    Days
[2026-07-01 14:02:01] [TASK_1] [INFO] ------------------------------------------------------------
[2026-07-01 14:02:01] [TASK_1] [INFO] FPT     2024-01-02  2024-01-02       1
[2026-07-01 14:02:01] [TASK_1] [WARNING] ⚠ FPT has 87.5% fewer trading days than expected (1 vs 8 expected). Check for missing data.
[2026-07-01 14:02:01] [TASK_1] [INFO] VNM     2024-01-02  2024-01-02       1
[2026-07-01 14:02:01] [TASK_1] [WARNING] ⚠ VNM has 87.5% fewer trading days than expected (1 vs 8 expected). Check for missing data.
[2026-07-01 14:02:01] [TASK_1] [INFO] ------------------------------------------------------------
[2026-07-01 14:02:01] [TASK_1] [INFO] Total rows: 2 | Date range: 2024-01-01 to 2024-01-10
[2026-07-01 14:02:01] [TASK_1] [INFO] ============================================================
[2026-07-01 14:02:01] [TASK_1] [INFO] ============================================================
[2026-07-01 14:02:01] [TASK_1] [INFO] TASK 1: Price Collection Started
[2026-07-01 14:02:01] [TASK_1] [INFO] Tickers: 2 | Date range: 2024-01-01 to 2024-01-10
[2026-07-01 14:02:01] [TASK_1] [INFO] ============================================================
[2026-07-01 14:02:01] [TASK_1] [INFO] Validated 2 tickers total (2 VN30 + 0 expansion).
[2026-07-01 14:02:01] [TASK_1] [INFO] Processing VNM (1/2)...
[2026-07-01 14:02:01] [TASK_1] [INFO] Saved VNM → C:\Users\User\AppData\Local\Temp\pytest-of-User\pytest-222\test_consolidated_csv_has_tick0\prices\VNM.csv (1 rows)
[2026-07-01 14:02:02] [TASK_1] [INFO] Processing FPT (2/2)...
[2026-07-01 14:02:02] [TASK_1] [INFO] Saved FPT → C:\Users\User\AppData\Local\Temp\pytest-of-User\pytest-222\test_consolidated_csv_has_tick0\prices\FPT.csv (1 rows)
[2026-07-01 14:02:02] [TASK_1] [INFO] Saved consolidated file → C:\Users\User\AppData\Local\Temp\pytest-of-User\pytest-222\test_consolidated_csv_has_tick0\prices\all_vn30_prices.csv (2 rows, 2 tickers)
[2026-07-01 14:02:02] [TASK_1] [INFO] ============================================================
[2026-07-01 14:02:02] [TASK_1] [INFO] PRICE COLLECTION SUMMARY
[2026-07-01 14:02:02] [TASK_1] [INFO] ============================================================
[2026-07-01 14:02:02] [TASK_1] [INFO] Successfully collected: 2 tickers
[2026-07-01 14:02:02] [TASK_1] [INFO] Expected trading days (business-day calendar): 8
[2026-07-01 14:02:02] [TASK_1] [INFO] ------------------------------------------------------------
[2026-07-01 14:02:02] [TASK_1] [INFO] Ticker    Earliest      Latest    Days
[2026-07-01 14:02:02] [TASK_1] [INFO] ------------------------------------------------------------
[2026-07-01 14:02:02] [TASK_1] [INFO] FPT     2024-01-02  2024-01-02       1
[2026-07-01 14:02:02] [TASK_1] [WARNING] ⚠ FPT has 87.5% fewer trading days than expected (1 vs 8 expected). Check for missing data.
[2026-07-01 14:02:02] [TASK_1] [INFO] VNM     2024-01-02  2024-01-02       1
[2026-07-01 14:02:02] [TASK_1] [WARNING] ⚠ VNM has 87.5% fewer trading days than expected (1 vs 8 expected). Check for missing data.
[2026-07-01 14:02:02] [TASK_1] [INFO] ------------------------------------------------------------
[2026-07-01 14:02:02] [TASK_1] [INFO] Total rows: 2 | Date range: 2024-01-01 to 2024-01-10
[2026-07-01 14:02:02] [TASK_1] [INFO] ============================================================
[2026-07-01 14:02:02] [TASK_1] [INFO] ============================================================
[2026-07-01 14:02:02] [TASK_1] [INFO] TASK 1: Price Collection Started
[2026-07-01 14:02:02] [TASK_1] [INFO] Tickers: 1 | Date range: 2024-01-01 to 2024-01-10
[2026-07-01 14:02:02] [TASK_1] [INFO] ============================================================
[2026-07-01 14:02:02] [TASK_1] [INFO] Validated 1 tickers total (1 VN30 + 0 expansion).
[2026-07-01 14:02:02] [TASK_1] [INFO] Processing VNM (1/1)...
[2026-07-01 14:02:02] [TASK_1] [ERROR] [2026-07-01 14:02:02] FAILED: VNM — no data collected. Continuing with remaining tickers.
[2026-07-01 14:02:02] [TASK_1] [INFO] ============================================================
[2026-07-01 14:02:02] [TASK_1] [INFO] TASK 1: Price Collection Started
[2026-07-01 14:02:02] [TASK_1] [INFO] Tickers: 2 | Date range: 2024-01-01 to 2024-01-10
[2026-07-01 14:02:02] [TASK_1] [INFO] ============================================================
[2026-07-01 14:02:02] [TASK_1] [INFO] Validated 2 tickers total (2 VN30 + 0 expansion).
[2026-07-01 14:02:02] [TASK_1] [INFO] Processing VNM (1/2)...
[2026-07-01 14:02:02] [TASK_1] [INFO] Saved VNM → C:\Users\User\AppData\Local\Temp\pytest-of-User\pytest-222\test_partial_failure_continues0\prices\VNM.csv (1 rows)
[2026-07-01 14:02:02] [TASK_1] [INFO] Processing FPT (2/2)...
[2026-07-01 14:02:02] [TASK_1] [ERROR] [2026-07-01 14:02:02] FAILED: FPT — no data collected. Continuing with remaining tickers.
[2026-07-01 14:02:02] [TASK_1] [INFO] Saved consolidated file → C:\Users\User\AppData\Local\Temp\pytest-of-User\pytest-222\test_partial_failure_continues0\prices\all_vn30_prices.csv (1 rows, 1 tickers)
[2026-07-01 14:02:02] [TASK_1] [INFO] ============================================================
[2026-07-01 14:02:02] [TASK_1] [INFO] PRICE COLLECTION SUMMARY
[2026-07-01 14:02:02] [TASK_1] [INFO] ============================================================
[2026-07-01 14:02:02] [TASK_1] [INFO] Successfully collected: 1 tickers
[2026-07-01 14:02:02] [TASK_1] [WARNING] Failed tickers: FPT
[2026-07-01 14:02:02] [TASK_1] [INFO] Expected trading days (business-day calendar): 8
[2026-07-01 14:02:02] [TASK_1] [INFO] ------------------------------------------------------------
[2026-07-01 14:02:02] [TASK_1] [INFO] Ticker    Earliest      Latest    Days
[2026-07-01 14:02:02] [TASK_1] [INFO] ------------------------------------------------------------
[2026-07-01 14:02:02] [TASK_1] [INFO] VNM     2024-01-02  2024-01-02       1
[2026-07-01 14:02:02] [TASK_1] [WARNING] ⚠ VNM has 87.5% fewer trading days than expected (1 vs 8 expected). Check for missing data.
[2026-07-01 14:02:02] [TASK_1] [INFO] ------------------------------------------------------------
[2026-07-01 14:02:02] [TASK_1] [INFO] Total rows: 1 | Date range: 2024-01-01 to 2024-01-10
[2026-07-01 14:02:02] [TASK_1] [INFO] ============================================================
[2026-07-01 14:02:02] [TASK_1] [WARNING] [2026-07-01 14:02:02] Error fetching VNM (attempt 1/3): API down
[2026-07-01 14:02:02] [TASK_1] [WARNING] [2026-07-01 14:02:02] Error fetching VNM (attempt 2/3): API down
[2026-07-01 14:02:02] [TASK_1] [WARNING] [2026-07-01 14:02:02] Error fetching VNM (attempt 3/3): API down
[2026-07-01 14:02:02] [TASK_1] [ERROR] [2026-07-01 14:02:02] Failed to fetch data for VNM after 3 attempts.
[2026-07-01 14:02:02] [TASK_1] [WARNING] [2026-07-01 14:02:02] Error fetching VNM (attempt 1/3): API down
[2026-07-01 14:02:02] [TASK_1] [WARNING] [2026-07-01 14:02:02] Error fetching VNM (attempt 2/3): API down
[2026-07-01 14:02:02] [TASK_1] [WARNING] [2026-07-01 14:02:02] Error fetching VNM (attempt 3/3): API down
[2026-07-01 14:02:02] [TASK_1] [ERROR] [2026-07-01 14:02:02] Failed to fetch data for VNM after 3 attempts.
[2026-07-01 14:02:02] [TASK_1] [INFO] ============================================================
[2026-07-01 14:02:02] [TASK_1] [INFO] TASK 1: Price Collection Started
[2026-07-01 14:02:02] [TASK_1] [INFO] Tickers: 3 | Date range: 2024-01-01 to 2024-01-10
[2026-07-01 14:02:02] [TASK_1] [INFO] ============================================================
[2026-07-01 14:02:02] [TASK_1] [INFO] Validated 3 tickers total (3 VN30 + 0 expansion).
[2026-07-01 14:02:02] [TASK_1] [INFO] Processing VNM (1/3)...
[2026-07-01 14:02:02] [TASK_1] [ERROR] [2026-07-01 14:02:02] FAILED: VNM — no data collected. Continuing with remaining tickers.
[2026-07-01 14:02:03] [TASK_1] [INFO] Processing VCB (2/3)...
[2026-07-01 14:02:03] [TASK_1] [INFO] Saved VCB → C:\Users\User\AppData\Local\Temp\pytest-of-User\pytest-222\test_continues_after_ticker_fa0\prices\VCB.csv (2 rows)
[2026-07-01 14:02:03] [TASK_1] [INFO] Processing FPT (3/3)...
[2026-07-01 14:02:03] [TASK_1] [INFO] Saved FPT → C:\Users\User\AppData\Local\Temp\pytest-of-User\pytest-222\test_continues_after_ticker_fa0\prices\FPT.csv (2 rows)
[2026-07-01 14:02:03] [TASK_1] [INFO] Saved consolidated file → C:\Users\User\AppData\Local\Temp\pytest-of-User\pytest-222\test_continues_after_ticker_fa0\prices\all_vn30_prices.csv (4 rows, 2 tickers)
[2026-07-01 14:02:03] [TASK_1] [INFO] ============================================================
[2026-07-01 14:02:03] [TASK_1] [INFO] PRICE COLLECTION SUMMARY
[2026-07-01 14:02:03] [TASK_1] [INFO] ============================================================
[2026-07-01 14:02:03] [TASK_1] [INFO] Successfully collected: 2 tickers
[2026-07-01 14:02:03] [TASK_1] [WARNING] Failed tickers: VNM
[2026-07-01 14:02:03] [TASK_1] [INFO] Expected trading days (business-day calendar): 8
[2026-07-01 14:02:03] [TASK_1] [INFO] ------------------------------------------------------------
[2026-07-01 14:02:03] [TASK_1] [INFO] Ticker    Earliest      Latest    Days
[2026-07-01 14:02:03] [TASK_1] [INFO] ------------------------------------------------------------
[2026-07-01 14:02:03] [TASK_1] [INFO] FPT     2024-01-02  2024-01-03       2
[2026-07-01 14:02:03] [TASK_1] [WARNING] ⚠ FPT has 75.0% fewer trading days than expected (2 vs 8 expected). Check for missing data.
[2026-07-01 14:02:03] [TASK_1] [INFO] VCB     2024-01-02  2024-01-03       2
[2026-07-01 14:02:03] [TASK_1] [WARNING] ⚠ VCB has 75.0% fewer trading days than expected (2 vs 8 expected). Check for missing data.
[2026-07-01 14:02:03] [TASK_1] [INFO] ------------------------------------------------------------
[2026-07-01 14:02:03] [TASK_1] [INFO] Total rows: 4 | Date range: 2024-01-01 to 2024-01-10
[2026-07-01 14:02:03] [TASK_1] [INFO] ============================================================
[2026-07-01 14:02:04] [TASK_1] [ERROR] [2026-07-01 14:02:04] FAILED: FPT — no data collected. Continuing with remaining tickers.
[2026-07-01 14:02:04] [TASK_1] [WARNING] Failed tickers: FPT
[2026-07-01 14:02:04] [TASK_1] [WARNING] ⚠ VNM has 87.5% fewer trading days than expected (1 vs 8 expected). Check for missing data.
[2026-07-01 14:02:04] [TASK_1] [INFO] ============================================================
[2026-07-01 14:02:04] [TASK_1] [INFO] PRICE COLLECTION SUMMARY
[2026-07-01 14:02:04] [TASK_1] [INFO] ============================================================
[2026-07-01 14:02:04] [TASK_1] [INFO] Successfully collected: 2 tickers
[2026-07-01 14:02:04] [TASK_1] [INFO] Expected trading days (business-day calendar): 3
[2026-07-01 14:02:04] [TASK_1] [INFO] ------------------------------------------------------------
[2026-07-01 14:02:04] [TASK_1] [INFO] Ticker    Earliest      Latest    Days
[2026-07-01 14:02:04] [TASK_1] [INFO] ------------------------------------------------------------
[2026-07-01 14:02:04] [TASK_1] [INFO] FPT     2024-01-02  2024-01-03       2
[2026-07-01 14:02:04] [TASK_1] [WARNING] ⚠ FPT has 33.3% fewer trading days than expected (2 vs 3 expected). Check for missing data.
[2026-07-01 14:02:04] [TASK_1] [INFO] VNM     2024-01-02  2024-01-04       3
[2026-07-01 14:02:04] [TASK_1] [INFO] ------------------------------------------------------------
[2026-07-01 14:02:04] [TASK_1] [INFO] Total rows: 5 | Date range: 2024-01-02 to 2024-01-04
[2026-07-01 14:02:04] [TASK_1] [INFO] ============================================================
[2026-07-01 14:02:04] [TASK_1] [WARNING] ⚠ FPT has 53.1% fewer trading days than expected (30 vs 64 expected). Check for missing data.
[2026-07-01 14:02:04] [TASK_1] [WARNING] ⚠ VNM has 6.2% fewer trading days than expected (60 vs 64 expected). Check for missing data.
[2026-07-01 14:02:04] [TASK_1] [WARNING] Failed tickers: FPT, VCB
[2026-07-01 14:02:04] [TASK_1] [INFO] ============================================================
[2026-07-01 14:02:04] [TASK_1] [INFO] PRICE COLLECTION SUMMARY
[2026-07-01 14:02:04] [TASK_1] [INFO] ============================================================
[2026-07-01 14:02:04] [TASK_1] [INFO] Successfully collected: 1 tickers
[2026-07-01 14:02:04] [TASK_1] [INFO] Expected trading days (business-day calendar): 4
[2026-07-01 14:02:04] [TASK_1] [INFO] ------------------------------------------------------------
[2026-07-01 14:02:04] [TASK_1] [INFO] Ticker    Earliest      Latest    Days
[2026-07-01 14:02:04] [TASK_1] [INFO] ------------------------------------------------------------
[2026-07-01 14:02:04] [TASK_1] [INFO] VNM     2024-01-02  2024-01-02       1
[2026-07-01 14:02:04] [TASK_1] [WARNING] ⚠ VNM has 75.0% fewer trading days than expected (1 vs 4 expected). Check for missing data.
[2026-07-01 14:02:04] [TASK_1] [INFO] ------------------------------------------------------------
[2026-07-01 14:02:04] [TASK_1] [INFO] Total rows: 1 | Date range: 2024-01-02 to 2024-01-05
[2026-07-01 14:02:04] [TASK_1] [INFO] ============================================================
[2026-07-01 14:03:12] [TASK_1] [INFO] ============================================================
[2026-07-01 14:03:12] [TASK_1] [INFO] START TASK_1: Price Collection (vnstock OHLCV)
[2026-07-01 14:03:12] [TASK_1] [INFO] Timestamp: 2026-07-01T14:03:12.825407
[2026-07-01 14:03:12] [TASK_1] [INFO] ============================================================
[2026-07-01 14:03:12] [TASK_1] [ERROR] TASK FAILED: TASK_1 after 0.0 seconds
[2026-07-01 14:03:12] [TASK_1] [ERROR] Exception: Simulated failure
[2026-07-01 14:03:12] [TASK_1] [ERROR] Stack trace:
Traceback (most recent call last):
  File "C:\Users\User\KLTN_MASTER\pipeline\run_pipeline.py", line 659, in run_pipeline
    executor(config, task_logger, smoke_test=smoke_test)
  File "C:\Program Files\WindowsApps\PythonSoftwareFoundation.Python.3.10_3.10.3056.0_x64__qbz5n2kfra8p0\lib\unittest\mock.py", line 1114, in __call__
    return self._mock_call(*args, **kwargs)
  File "C:\Program Files\WindowsApps\PythonSoftwareFoundation.Python.3.10_3.10.3056.0_x64__qbz5n2kfra8p0\lib\unittest\mock.py", line 1118, in _mock_call
    return self._execute_mock_call(*args, **kwargs)
  File "C:\Program Files\WindowsApps\PythonSoftwareFoundation.Python.3.10_3.10.3056.0_x64__qbz5n2kfra8p0\lib\unittest\mock.py", line 1173, in _execute_mock_call
    raise effect
RuntimeError: Simulated failure

[2026-07-01 14:03:12] [TASK_1] [INFO] ============================================================
[2026-07-01 14:03:12] [TASK_1] [INFO] START TASK_1: Price Collection (vnstock OHLCV)
[2026-07-01 14:03:12] [TASK_1] [INFO] Timestamp: 2026-07-01T14:03:12.839394
[2026-07-01 14:03:12] [TASK_1] [INFO] ============================================================
[2026-07-01 14:03:12] [TASK_1] [ERROR] TASK FAILED: TASK_1 after 0.0 seconds
[2026-07-01 14:03:12] [TASK_1] [ERROR] Exception: Simulated failure
[2026-07-01 14:03:12] [TASK_1] [ERROR] Stack trace:
Traceback (most recent call last):
  File "C:\Users\User\KLTN_MASTER\pipeline\run_pipeline.py", line 659, in run_pipeline
    executor(config, task_logger, smoke_test=smoke_test)
  File "C:\Program Files\WindowsApps\PythonSoftwareFoundation.Python.3.10_3.10.3056.0_x64__qbz5n2kfra8p0\lib\unittest\mock.py", line 1114, in __call__
    return self._mock_call(*args, **kwargs)
  File "C:\Program Files\WindowsApps\PythonSoftwareFoundation.Python.3.10_3.10.3056.0_x64__qbz5n2kfra8p0\lib\unittest\mock.py", line 1118, in _mock_call
    return self._execute_mock_call(*args, **kwargs)
  File "C:\Program Files\WindowsApps\PythonSoftwareFoundation.Python.3.10_3.10.3056.0_x64__qbz5n2kfra8p0\lib\unittest\mock.py", line 1173, in _execute_mock_call
    raise effect
RuntimeError: Simulated failure

[2026-07-01 14:03:12] [TASK_1] [INFO] ============================================================
[2026-07-01 14:03:12] [TASK_1] [INFO] START TASK_1: Price Collection (vnstock OHLCV)
[2026-07-01 14:03:12] [TASK_1] [INFO] Timestamp: 2026-07-01T14:03:12.962826
[2026-07-01 14:03:12] [TASK_1] [INFO] ============================================================
[2026-07-01 14:03:12] [TASK_1] [INFO] ------------------------------------------------------------
[2026-07-01 14:03:12] [TASK_1] [INFO] END TASK_1 — completed in 0.0 seconds
[2026-07-01 14:03:12] [TASK_1] [INFO] ============================================================
[2026-07-01 14:03:13] [TASK_1] [INFO] ============================================================
[2026-07-01 14:03:13] [TASK_1] [INFO] START TASK_1: Price Collection (vnstock OHLCV)
[2026-07-01 14:03:13] [TASK_1] [INFO] Timestamp: 2026-07-01T14:03:13.892978
[2026-07-01 14:03:13] [TASK_1] [INFO] ============================================================
[2026-07-01 14:03:13] [TASK_1] [INFO] ------------------------------------------------------------
[2026-07-01 14:03:13] [TASK_1] [INFO] END TASK_1 — completed in 0.0 seconds
[2026-07-01 14:03:13] [TASK_1] [INFO] ============================================================
[2026-07-01 14:03:21] [TASK_1] [INFO] Validated 3 tickers total (3 VN30 + 0 expansion).
[2026-07-01 14:03:21] [TASK_1] [INFO] HOSE-80 expansion: 1 non-VN30 tickers included: INVALID
[2026-07-01 14:03:21] [TASK_1] [INFO] Validated 3 tickers total (2 VN30 + 1 expansion).
[2026-07-01 14:03:21] [TASK_1] [INFO] Validated 3 tickers total (3 VN30 + 0 expansion).
[2026-07-01 14:03:21] [TASK_1] [INFO] HOSE-80 expansion: 2 non-VN30 tickers included: INVALID1, INVALID2
[2026-07-01 14:03:21] [TASK_1] [INFO] Validated 2 tickers total (0 VN30 + 2 expansion).
[2026-07-01 14:03:21] [TASK_1] [INFO] Validated 30 tickers total (30 VN30 + 0 expansion).
[2026-07-01 14:03:21] [TASK_1] [WARNING] [2026-07-01 14:03:21] Error fetching VNM (attempt 1/3): API down
[2026-07-01 14:03:21] [TASK_1] [INFO] Retrying in 1s...
[2026-07-01 14:03:21] [TASK_1] [WARNING] [2026-07-01 14:03:21] Error fetching VNM (attempt 2/3): API down
[2026-07-01 14:03:21] [TASK_1] [INFO] Retrying in 2s...
[2026-07-01 14:03:21] [TASK_1] [WARNING] [2026-07-01 14:03:21] Error fetching VNM (attempt 3/3): API down
[2026-07-01 14:03:21] [TASK_1] [ERROR] [2026-07-01 14:03:21] Failed to fetch data for VNM after 3 attempts.
[2026-07-01 14:03:21] [TASK_1] [INFO] Fetched 2 rows for VNM (2024-01-02 to 2024-01-03).
[2026-07-01 14:03:21] [TASK_1] [WARNING] Empty data returned for VNM (attempt 1/3).
[2026-07-01 14:03:21] [TASK_1] [INFO] Retrying in 1s...
[2026-07-01 14:03:21] [TASK_1] [INFO] Fetched 1 rows for VNM (2024-01-02 to 2024-01-02).
[2026-07-01 14:03:21] [TASK_1] [INFO] ============================================================
[2026-07-01 14:03:21] [TASK_1] [INFO] TASK 1: Price Collection Started
[2026-07-01 14:03:21] [TASK_1] [INFO] Tickers: 1 | Date range: 2024-01-01 to 2024-01-10
[2026-07-01 14:03:21] [TASK_1] [INFO] ============================================================
[2026-07-01 14:03:21] [TASK_1] [INFO] Validated 1 tickers total (1 VN30 + 0 expansion).
[2026-07-01 14:03:21] [TASK_1] [INFO] Processing VNM (1/1)...
[2026-07-01 14:03:21] [TASK_1] [INFO] Saved VNM → C:\Users\User\AppData\Local\Temp\pytest-of-User\pytest-223\test_collect_prices_output_col0\prices\VNM.csv (2 rows)
[2026-07-01 14:03:21] [TASK_1] [INFO] Saved consolidated file → C:\Users\User\AppData\Local\Temp\pytest-of-User\pytest-223\test_collect_prices_output_col0\prices\all_vn30_prices.csv (2 rows, 1 tickers)
[2026-07-01 14:03:21] [TASK_1] [INFO] ============================================================
[2026-07-01 14:03:21] [TASK_1] [INFO] PRICE COLLECTION SUMMARY
[2026-07-01 14:03:21] [TASK_1] [INFO] ============================================================
[2026-07-01 14:03:21] [TASK_1] [INFO] Successfully collected: 1 tickers
[2026-07-01 14:03:21] [TASK_1] [INFO] Expected trading days (business-day calendar): 8
[2026-07-01 14:03:21] [TASK_1] [INFO] ------------------------------------------------------------
[2026-07-01 14:03:21] [TASK_1] [INFO] Ticker    Earliest      Latest    Days
[2026-07-01 14:03:21] [TASK_1] [INFO] ------------------------------------------------------------
[2026-07-01 14:03:21] [TASK_1] [INFO] VNM     2024-01-02  2024-01-03       2
[2026-07-01 14:03:21] [TASK_1] [WARNING] ⚠ VNM has 75.0% fewer trading days than expected (2 vs 8 expected). Check for missing data.
[2026-07-01 14:03:21] [TASK_1] [INFO] ------------------------------------------------------------
[2026-07-01 14:03:21] [TASK_1] [INFO] Total rows: 2 | Date range: 2024-01-01 to 2024-01-10
[2026-07-01 14:03:21] [TASK_1] [INFO] ============================================================
[2026-07-01 14:03:21] [TASK_1] [INFO] ============================================================
[2026-07-01 14:03:21] [TASK_1] [INFO] TASK 1: Price Collection Started
[2026-07-01 14:03:21] [TASK_1] [INFO] Tickers: 2 | Date range: 2024-01-01 to 2024-01-10
[2026-07-01 14:03:21] [TASK_1] [INFO] ============================================================
[2026-07-01 14:03:21] [TASK_1] [INFO] Validated 2 tickers total (2 VN30 + 0 expansion).
[2026-07-01 14:03:21] [TASK_1] [INFO] Processing VNM (1/2)...
[2026-07-01 14:03:21] [TASK_1] [INFO] Saved VNM → C:\Users\User\AppData\Local\Temp\pytest-of-User\pytest-223\test_individual_ticker_csv_sav0\prices\VNM.csv (1 rows)
[2026-07-01 14:03:22] [TASK_1] [INFO] Processing FPT (2/2)...
[2026-07-01 14:03:22] [TASK_1] [INFO] Saved FPT → C:\Users\User\AppData\Local\Temp\pytest-of-User\pytest-223\test_individual_ticker_csv_sav0\prices\FPT.csv (1 rows)
[2026-07-01 14:03:22] [TASK_1] [INFO] Saved consolidated file → C:\Users\User\AppData\Local\Temp\pytest-of-User\pytest-223\test_individual_ticker_csv_sav0\prices\all_vn30_prices.csv (2 rows, 2 tickers)
[2026-07-01 14:03:22] [TASK_1] [INFO] ============================================================
[2026-07-01 14:03:22] [TASK_1] [INFO] PRICE COLLECTION SUMMARY
[2026-07-01 14:03:22] [TASK_1] [INFO] ============================================================
[2026-07-01 14:03:22] [TASK_1] [INFO] Successfully collected: 2 tickers
[2026-07-01 14:03:22] [TASK_1] [INFO] Expected trading days (business-day calendar): 8
[2026-07-01 14:03:22] [TASK_1] [INFO] ------------------------------------------------------------
[2026-07-01 14:03:22] [TASK_1] [INFO] Ticker    Earliest      Latest    Days
[2026-07-01 14:03:22] [TASK_1] [INFO] ------------------------------------------------------------
[2026-07-01 14:03:22] [TASK_1] [INFO] FPT     2024-01-02  2024-01-02       1
[2026-07-01 14:03:22] [TASK_1] [WARNING] ⚠ FPT has 87.5% fewer trading days than expected (1 vs 8 expected). Check for missing data.
[2026-07-01 14:03:22] [TASK_1] [INFO] VNM     2024-01-02  2024-01-02       1
[2026-07-01 14:03:22] [TASK_1] [WARNING] ⚠ VNM has 87.5% fewer trading days than expected (1 vs 8 expected). Check for missing data.
[2026-07-01 14:03:22] [TASK_1] [INFO] ------------------------------------------------------------
[2026-07-01 14:03:22] [TASK_1] [INFO] Total rows: 2 | Date range: 2024-01-01 to 2024-01-10
[2026-07-01 14:03:22] [TASK_1] [INFO] ============================================================
[2026-07-01 14:03:22] [TASK_1] [INFO] ============================================================
[2026-07-01 14:03:22] [TASK_1] [INFO] TASK 1: Price Collection Started
[2026-07-01 14:03:22] [TASK_1] [INFO] Tickers: 2 | Date range: 2024-01-01 to 2024-01-10
[2026-07-01 14:03:22] [TASK_1] [INFO] ============================================================
[2026-07-01 14:03:22] [TASK_1] [INFO] Validated 2 tickers total (2 VN30 + 0 expansion).
[2026-07-01 14:03:22] [TASK_1] [INFO] Processing VNM (1/2)...
[2026-07-01 14:03:22] [TASK_1] [INFO] Saved VNM → C:\Users\User\AppData\Local\Temp\pytest-of-User\pytest-223\test_consolidated_csv_has_tick0\prices\VNM.csv (1 rows)
[2026-07-01 14:03:22] [TASK_1] [INFO] Processing FPT (2/2)...
[2026-07-01 14:03:22] [TASK_1] [INFO] Saved FPT → C:\Users\User\AppData\Local\Temp\pytest-of-User\pytest-223\test_consolidated_csv_has_tick0\prices\FPT.csv (1 rows)
[2026-07-01 14:03:22] [TASK_1] [INFO] Saved consolidated file → C:\Users\User\AppData\Local\Temp\pytest-of-User\pytest-223\test_consolidated_csv_has_tick0\prices\all_vn30_prices.csv (2 rows, 2 tickers)
[2026-07-01 14:03:22] [TASK_1] [INFO] ============================================================
[2026-07-01 14:03:22] [TASK_1] [INFO] PRICE COLLECTION SUMMARY
[2026-07-01 14:03:22] [TASK_1] [INFO] ============================================================
[2026-07-01 14:03:22] [TASK_1] [INFO] Successfully collected: 2 tickers
[2026-07-01 14:03:22] [TASK_1] [INFO] Expected trading days (business-day calendar): 8
[2026-07-01 14:03:22] [TASK_1] [INFO] ------------------------------------------------------------
[2026-07-01 14:03:22] [TASK_1] [INFO] Ticker    Earliest      Latest    Days
[2026-07-01 14:03:22] [TASK_1] [INFO] ------------------------------------------------------------
[2026-07-01 14:03:22] [TASK_1] [INFO] FPT     2024-01-02  2024-01-02       1
[2026-07-01 14:03:22] [TASK_1] [WARNING] ⚠ FPT has 87.5% fewer trading days than expected (1 vs 8 expected). Check for missing data.
[2026-07-01 14:03:22] [TASK_1] [INFO] VNM     2024-01-02  2024-01-02       1
[2026-07-01 14:03:22] [TASK_1] [WARNING] ⚠ VNM has 87.5% fewer trading days than expected (1 vs 8 expected). Check for missing data.
[2026-07-01 14:03:22] [TASK_1] [INFO] ------------------------------------------------------------
[2026-07-01 14:03:22] [TASK_1] [INFO] Total rows: 2 | Date range: 2024-01-01 to 2024-01-10
[2026-07-01 14:03:22] [TASK_1] [INFO] ============================================================
[2026-07-01 14:03:22] [TASK_1] [INFO] ============================================================
[2026-07-01 14:03:22] [TASK_1] [INFO] TASK 1: Price Collection Started
[2026-07-01 14:03:22] [TASK_1] [INFO] Tickers: 1 | Date range: 2024-01-01 to 2024-01-10
[2026-07-01 14:03:22] [TASK_1] [INFO] ============================================================
[2026-07-01 14:03:22] [TASK_1] [INFO] Validated 1 tickers total (1 VN30 + 0 expansion).
[2026-07-01 14:03:22] [TASK_1] [INFO] Processing VNM (1/1)...
[2026-07-01 14:03:22] [TASK_1] [ERROR] [2026-07-01 14:03:22] FAILED: VNM — no data collected. Continuing with remaining tickers.
[2026-07-01 14:03:22] [TASK_1] [INFO] ============================================================
[2026-07-01 14:03:22] [TASK_1] [INFO] TASK 1: Price Collection Started
[2026-07-01 14:03:22] [TASK_1] [INFO] Tickers: 2 | Date range: 2024-01-01 to 2024-01-10
[2026-07-01 14:03:22] [TASK_1] [INFO] ============================================================
[2026-07-01 14:03:22] [TASK_1] [INFO] Validated 2 tickers total (2 VN30 + 0 expansion).
[2026-07-01 14:03:22] [TASK_1] [INFO] Processing VNM (1/2)...
[2026-07-01 14:03:22] [TASK_1] [INFO] Saved VNM → C:\Users\User\AppData\Local\Temp\pytest-of-User\pytest-223\test_partial_failure_continues0\prices\VNM.csv (1 rows)
[2026-07-01 14:03:23] [TASK_1] [INFO] Processing FPT (2/2)...
[2026-07-01 14:03:23] [TASK_1] [ERROR] [2026-07-01 14:03:23] FAILED: FPT — no data collected. Continuing with remaining tickers.
[2026-07-01 14:03:23] [TASK_1] [INFO] Saved consolidated file → C:\Users\User\AppData\Local\Temp\pytest-of-User\pytest-223\test_partial_failure_continues0\prices\all_vn30_prices.csv (1 rows, 1 tickers)
[2026-07-01 14:03:23] [TASK_1] [INFO] ============================================================
[2026-07-01 14:03:23] [TASK_1] [INFO] PRICE COLLECTION SUMMARY
[2026-07-01 14:03:23] [TASK_1] [INFO] ============================================================
[2026-07-01 14:03:23] [TASK_1] [INFO] Successfully collected: 1 tickers
[2026-07-01 14:03:23] [TASK_1] [WARNING] Failed tickers: FPT
[2026-07-01 14:03:23] [TASK_1] [INFO] Expected trading days (business-day calendar): 8
[2026-07-01 14:03:23] [TASK_1] [INFO] ------------------------------------------------------------
[2026-07-01 14:03:23] [TASK_1] [INFO] Ticker    Earliest      Latest    Days
[2026-07-01 14:03:23] [TASK_1] [INFO] ------------------------------------------------------------
[2026-07-01 14:03:23] [TASK_1] [INFO] VNM     2024-01-02  2024-01-02       1
[2026-07-01 14:03:23] [TASK_1] [WARNING] ⚠ VNM has 87.5% fewer trading days than expected (1 vs 8 expected). Check for missing data.
[2026-07-01 14:03:23] [TASK_1] [INFO] ------------------------------------------------------------
[2026-07-01 14:03:23] [TASK_1] [INFO] Total rows: 1 | Date range: 2024-01-01 to 2024-01-10
[2026-07-01 14:03:23] [TASK_1] [INFO] ============================================================
[2026-07-01 14:03:23] [TASK_1] [WARNING] [2026-07-01 14:03:23] Error fetching VNM (attempt 1/3): API down
[2026-07-01 14:03:23] [TASK_1] [WARNING] [2026-07-01 14:03:23] Error fetching VNM (attempt 2/3): API down
[2026-07-01 14:03:23] [TASK_1] [WARNING] [2026-07-01 14:03:23] Error fetching VNM (attempt 3/3): API down
[2026-07-01 14:03:23] [TASK_1] [ERROR] [2026-07-01 14:03:23] Failed to fetch data for VNM after 3 attempts.
[2026-07-01 14:03:23] [TASK_1] [WARNING] [2026-07-01 14:03:23] Error fetching VNM (attempt 1/3): API down
[2026-07-01 14:03:23] [TASK_1] [WARNING] [2026-07-01 14:03:23] Error fetching VNM (attempt 2/3): API down
[2026-07-01 14:03:23] [TASK_1] [WARNING] [2026-07-01 14:03:23] Error fetching VNM (attempt 3/3): API down
[2026-07-01 14:03:23] [TASK_1] [ERROR] [2026-07-01 14:03:23] Failed to fetch data for VNM after 3 attempts.
[2026-07-01 14:03:23] [TASK_1] [INFO] ============================================================
[2026-07-01 14:03:23] [TASK_1] [INFO] TASK 1: Price Collection Started
[2026-07-01 14:03:23] [TASK_1] [INFO] Tickers: 3 | Date range: 2024-01-01 to 2024-01-10
[2026-07-01 14:03:23] [TASK_1] [INFO] ============================================================
[2026-07-01 14:03:23] [TASK_1] [INFO] Validated 3 tickers total (3 VN30 + 0 expansion).
[2026-07-01 14:03:23] [TASK_1] [INFO] Processing VNM (1/3)...
[2026-07-01 14:03:23] [TASK_1] [ERROR] [2026-07-01 14:03:23] FAILED: VNM — no data collected. Continuing with remaining tickers.
[2026-07-01 14:03:23] [TASK_1] [INFO] Processing VCB (2/3)...
[2026-07-01 14:03:23] [TASK_1] [INFO] Saved VCB → C:\Users\User\AppData\Local\Temp\pytest-of-User\pytest-223\test_continues_after_ticker_fa0\prices\VCB.csv (2 rows)
[2026-07-01 14:03:24] [TASK_1] [INFO] Processing FPT (3/3)...
[2026-07-01 14:03:24] [TASK_1] [INFO] Saved FPT → C:\Users\User\AppData\Local\Temp\pytest-of-User\pytest-223\test_continues_after_ticker_fa0\prices\FPT.csv (2 rows)
[2026-07-01 14:03:24] [TASK_1] [INFO] Saved consolidated file → C:\Users\User\AppData\Local\Temp\pytest-of-User\pytest-223\test_continues_after_ticker_fa0\prices\all_vn30_prices.csv (4 rows, 2 tickers)
[2026-07-01 14:03:24] [TASK_1] [INFO] ============================================================
[2026-07-01 14:03:24] [TASK_1] [INFO] PRICE COLLECTION SUMMARY
[2026-07-01 14:03:24] [TASK_1] [INFO] ============================================================
[2026-07-01 14:03:24] [TASK_1] [INFO] Successfully collected: 2 tickers
[2026-07-01 14:03:24] [TASK_1] [WARNING] Failed tickers: VNM
[2026-07-01 14:03:24] [TASK_1] [INFO] Expected trading days (business-day calendar): 8
[2026-07-01 14:03:24] [TASK_1] [INFO] ------------------------------------------------------------
[2026-07-01 14:03:24] [TASK_1] [INFO] Ticker    Earliest      Latest    Days
[2026-07-01 14:03:24] [TASK_1] [INFO] ------------------------------------------------------------
[2026-07-01 14:03:24] [TASK_1] [INFO] FPT     2024-01-02  2024-01-03       2
[2026-07-01 14:03:24] [TASK_1] [WARNING] ⚠ FPT has 75.0% fewer trading days than expected (2 vs 8 expected). Check for missing data.
[2026-07-01 14:03:24] [TASK_1] [INFO] VCB     2024-01-02  2024-01-03       2
[2026-07-01 14:03:24] [TASK_1] [WARNING] ⚠ VCB has 75.0% fewer trading days than expected (2 vs 8 expected). Check for missing data.
[2026-07-01 14:03:24] [TASK_1] [INFO] ------------------------------------------------------------
[2026-07-01 14:03:24] [TASK_1] [INFO] Total rows: 4 | Date range: 2024-01-01 to 2024-01-10
[2026-07-01 14:03:24] [TASK_1] [INFO] ============================================================
[2026-07-01 14:03:24] [TASK_1] [ERROR] [2026-07-01 14:03:24] FAILED: FPT — no data collected. Continuing with remaining tickers.
[2026-07-01 14:03:25] [TASK_1] [WARNING] Failed tickers: FPT
[2026-07-01 14:03:25] [TASK_1] [WARNING] ⚠ VNM has 87.5% fewer trading days than expected (1 vs 8 expected). Check for missing data.
[2026-07-01 14:03:25] [TASK_1] [INFO] ============================================================
[2026-07-01 14:03:25] [TASK_1] [INFO] PRICE COLLECTION SUMMARY
[2026-07-01 14:03:25] [TASK_1] [INFO] ============================================================
[2026-07-01 14:03:25] [TASK_1] [INFO] Successfully collected: 2 tickers
[2026-07-01 14:03:25] [TASK_1] [INFO] Expected trading days (business-day calendar): 3
[2026-07-01 14:03:25] [TASK_1] [INFO] ------------------------------------------------------------
[2026-07-01 14:03:25] [TASK_1] [INFO] Ticker    Earliest      Latest    Days
[2026-07-01 14:03:25] [TASK_1] [INFO] ------------------------------------------------------------
[2026-07-01 14:03:25] [TASK_1] [INFO] FPT     2024-01-02  2024-01-03       2
[2026-07-01 14:03:25] [TASK_1] [WARNING] ⚠ FPT has 33.3% fewer trading days than expected (2 vs 3 expected). Check for missing data.
[2026-07-01 14:03:25] [TASK_1] [INFO] VNM     2024-01-02  2024-01-04       3
[2026-07-01 14:03:25] [TASK_1] [INFO] ------------------------------------------------------------
[2026-07-01 14:03:25] [TASK_1] [INFO] Total rows: 5 | Date range: 2024-01-02 to 2024-01-04
[2026-07-01 14:03:25] [TASK_1] [INFO] ============================================================
[2026-07-01 14:03:25] [TASK_1] [WARNING] ⚠ FPT has 53.1% fewer trading days than expected (30 vs 64 expected). Check for missing data.
[2026-07-01 14:03:25] [TASK_1] [WARNING] ⚠ VNM has 6.2% fewer trading days than expected (60 vs 64 expected). Check for missing data.
[2026-07-01 14:03:25] [TASK_1] [WARNING] Failed tickers: FPT, VCB
[2026-07-01 14:03:25] [TASK_1] [INFO] ============================================================
[2026-07-01 14:03:25] [TASK_1] [INFO] PRICE COLLECTION SUMMARY
[2026-07-01 14:03:25] [TASK_1] [INFO] ============================================================
[2026-07-01 14:03:25] [TASK_1] [INFO] Successfully collected: 1 tickers
[2026-07-01 14:03:25] [TASK_1] [INFO] Expected trading days (business-day calendar): 4
[2026-07-01 14:03:25] [TASK_1] [INFO] ------------------------------------------------------------
[2026-07-01 14:03:25] [TASK_1] [INFO] Ticker    Earliest      Latest    Days
[2026-07-01 14:03:25] [TASK_1] [INFO] ------------------------------------------------------------
[2026-07-01 14:03:25] [TASK_1] [INFO] VNM     2024-01-02  2024-01-02       1
[2026-07-01 14:03:25] [TASK_1] [WARNING] ⚠ VNM has 75.0% fewer trading days than expected (1 vs 4 expected). Check for missing data.
[2026-07-01 14:03:25] [TASK_1] [INFO] ------------------------------------------------------------
[2026-07-01 14:03:25] [TASK_1] [INFO] Total rows: 1 | Date range: 2024-01-02 to 2024-01-05
[2026-07-01 14:03:25] [TASK_1] [INFO] ============================================================
[2026-07-01 14:05:38] [TASK_1] [INFO] ============================================================
[2026-07-01 14:05:38] [TASK_1] [INFO] START TASK_1: Price Collection (vnstock OHLCV)
[2026-07-01 14:05:38] [TASK_1] [INFO] Timestamp: 2026-07-01T14:05:38.171623
[2026-07-01 14:05:38] [TASK_1] [INFO] ============================================================
[2026-07-01 14:05:38] [TASK_1] [ERROR] TASK FAILED: TASK_1 after 0.0 seconds
[2026-07-01 14:05:38] [TASK_1] [ERROR] Exception: Simulated failure
[2026-07-01 14:05:38] [TASK_1] [ERROR] Stack trace:
Traceback (most recent call last):
  File "C:\Users\User\KLTN_MASTER\pipeline\run_pipeline.py", line 659, in run_pipeline
    executor(config, task_logger, smoke_test=smoke_test)
  File "C:\Program Files\WindowsApps\PythonSoftwareFoundation.Python.3.10_3.10.3056.0_x64__qbz5n2kfra8p0\lib\unittest\mock.py", line 1114, in __call__
    return self._mock_call(*args, **kwargs)
  File "C:\Program Files\WindowsApps\PythonSoftwareFoundation.Python.3.10_3.10.3056.0_x64__qbz5n2kfra8p0\lib\unittest\mock.py", line 1118, in _mock_call
    return self._execute_mock_call(*args, **kwargs)
  File "C:\Program Files\WindowsApps\PythonSoftwareFoundation.Python.3.10_3.10.3056.0_x64__qbz5n2kfra8p0\lib\unittest\mock.py", line 1173, in _execute_mock_call
    raise effect
RuntimeError: Simulated failure

[2026-07-01 14:05:38] [TASK_1] [INFO] ============================================================
[2026-07-01 14:05:38] [TASK_1] [INFO] START TASK_1: Price Collection (vnstock OHLCV)
[2026-07-01 14:05:38] [TASK_1] [INFO] Timestamp: 2026-07-01T14:05:38.192750
[2026-07-01 14:05:38] [TASK_1] [INFO] ============================================================
[2026-07-01 14:05:38] [TASK_1] [ERROR] TASK FAILED: TASK_1 after 0.0 seconds
[2026-07-01 14:05:38] [TASK_1] [ERROR] Exception: Simulated failure
[2026-07-01 14:05:38] [TASK_1] [ERROR] Stack trace:
Traceback (most recent call last):
  File "C:\Users\User\KLTN_MASTER\pipeline\run_pipeline.py", line 659, in run_pipeline
    executor(config, task_logger, smoke_test=smoke_test)
  File "C:\Program Files\WindowsApps\PythonSoftwareFoundation.Python.3.10_3.10.3056.0_x64__qbz5n2kfra8p0\lib\unittest\mock.py", line 1114, in __call__
    return self._mock_call(*args, **kwargs)
  File "C:\Program Files\WindowsApps\PythonSoftwareFoundation.Python.3.10_3.10.3056.0_x64__qbz5n2kfra8p0\lib\unittest\mock.py", line 1118, in _mock_call
    return self._execute_mock_call(*args, **kwargs)
  File "C:\Program Files\WindowsApps\PythonSoftwareFoundation.Python.3.10_3.10.3056.0_x64__qbz5n2kfra8p0\lib\unittest\mock.py", line 1173, in _execute_mock_call
    raise effect
RuntimeError: Simulated failure

[2026-07-01 14:05:38] [TASK_1] [INFO] ============================================================
[2026-07-01 14:05:38] [TASK_1] [INFO] START TASK_1: Price Collection (vnstock OHLCV)
[2026-07-01 14:05:38] [TASK_1] [INFO] Timestamp: 2026-07-01T14:05:38.311118
[2026-07-01 14:05:38] [TASK_1] [INFO] ============================================================
[2026-07-01 14:05:38] [TASK_1] [INFO] ------------------------------------------------------------
[2026-07-01 14:05:38] [TASK_1] [INFO] END TASK_1 — completed in 0.0 seconds
[2026-07-01 14:05:38] [TASK_1] [INFO] ============================================================
[2026-07-01 14:05:39] [TASK_1] [INFO] ============================================================
[2026-07-01 14:05:39] [TASK_1] [INFO] START TASK_1: Price Collection (vnstock OHLCV)
[2026-07-01 14:05:39] [TASK_1] [INFO] Timestamp: 2026-07-01T14:05:39.073832
[2026-07-01 14:05:39] [TASK_1] [INFO] ============================================================
[2026-07-01 14:05:39] [TASK_1] [INFO] ------------------------------------------------------------
[2026-07-01 14:05:39] [TASK_1] [INFO] END TASK_1 — completed in 0.0 seconds
[2026-07-01 14:05:39] [TASK_1] [INFO] ============================================================
[2026-07-01 14:05:45] [TASK_1] [INFO] Validated 3 tickers total (3 VN30 + 0 expansion).
[2026-07-01 14:05:45] [TASK_1] [INFO] HOSE-80 expansion: 1 non-VN30 tickers included: INVALID
[2026-07-01 14:05:45] [TASK_1] [INFO] Validated 3 tickers total (2 VN30 + 1 expansion).
[2026-07-01 14:05:45] [TASK_1] [INFO] Validated 3 tickers total (3 VN30 + 0 expansion).
[2026-07-01 14:05:45] [TASK_1] [INFO] HOSE-80 expansion: 2 non-VN30 tickers included: INVALID1, INVALID2
[2026-07-01 14:05:45] [TASK_1] [INFO] Validated 2 tickers total (0 VN30 + 2 expansion).
[2026-07-01 14:05:45] [TASK_1] [INFO] Validated 30 tickers total (30 VN30 + 0 expansion).
[2026-07-01 14:05:45] [TASK_1] [WARNING] [2026-07-01 14:05:45] Error fetching VNM (attempt 1/3): API down
[2026-07-01 14:05:45] [TASK_1] [INFO] Retrying in 1s...
[2026-07-01 14:05:45] [TASK_1] [WARNING] [2026-07-01 14:05:45] Error fetching VNM (attempt 2/3): API down
[2026-07-01 14:05:45] [TASK_1] [INFO] Retrying in 2s...
[2026-07-01 14:05:45] [TASK_1] [WARNING] [2026-07-01 14:05:45] Error fetching VNM (attempt 3/3): API down
[2026-07-01 14:05:45] [TASK_1] [ERROR] [2026-07-01 14:05:45] Failed to fetch data for VNM after 3 attempts.
[2026-07-01 14:05:45] [TASK_1] [INFO] Fetched 2 rows for VNM (2024-01-02 to 2024-01-03).
[2026-07-01 14:05:45] [TASK_1] [WARNING] Empty data returned for VNM (attempt 1/3).
[2026-07-01 14:05:45] [TASK_1] [INFO] Retrying in 1s...
[2026-07-01 14:05:45] [TASK_1] [INFO] Fetched 1 rows for VNM (2024-01-02 to 2024-01-02).
[2026-07-01 14:05:45] [TASK_1] [INFO] ============================================================
[2026-07-01 14:05:45] [TASK_1] [INFO] TASK 1: Price Collection Started
[2026-07-01 14:05:45] [TASK_1] [INFO] Tickers: 1 | Date range: 2024-01-01 to 2024-01-10
[2026-07-01 14:05:45] [TASK_1] [INFO] ============================================================
[2026-07-01 14:05:45] [TASK_1] [INFO] Validated 1 tickers total (1 VN30 + 0 expansion).
[2026-07-01 14:05:45] [TASK_1] [INFO] Processing VNM (1/1)...
[2026-07-01 14:05:45] [TASK_1] [INFO] Saved VNM → C:\Users\User\AppData\Local\Temp\pytest-of-User\pytest-224\test_collect_prices_output_col0\prices\VNM.csv (2 rows)
[2026-07-01 14:05:45] [TASK_1] [INFO] Saved consolidated file → C:\Users\User\AppData\Local\Temp\pytest-of-User\pytest-224\test_collect_prices_output_col0\prices\all_vn30_prices.csv (2 rows, 1 tickers)
[2026-07-01 14:05:45] [TASK_1] [INFO] ============================================================
[2026-07-01 14:05:45] [TASK_1] [INFO] PRICE COLLECTION SUMMARY
[2026-07-01 14:05:45] [TASK_1] [INFO] ============================================================
[2026-07-01 14:05:45] [TASK_1] [INFO] Successfully collected: 1 tickers
[2026-07-01 14:05:45] [TASK_1] [INFO] Expected trading days (business-day calendar): 8
[2026-07-01 14:05:45] [TASK_1] [INFO] ------------------------------------------------------------
[2026-07-01 14:05:45] [TASK_1] [INFO] Ticker    Earliest      Latest    Days
[2026-07-01 14:05:45] [TASK_1] [INFO] ------------------------------------------------------------
[2026-07-01 14:05:45] [TASK_1] [INFO] VNM     2024-01-02  2024-01-03       2
[2026-07-01 14:05:45] [TASK_1] [WARNING] ⚠ VNM has 75.0% fewer trading days than expected (2 vs 8 expected). Check for missing data.
[2026-07-01 14:05:45] [TASK_1] [INFO] ------------------------------------------------------------
[2026-07-01 14:05:45] [TASK_1] [INFO] Total rows: 2 | Date range: 2024-01-01 to 2024-01-10
[2026-07-01 14:05:45] [TASK_1] [INFO] ============================================================
[2026-07-01 14:05:45] [TASK_1] [INFO] ============================================================
[2026-07-01 14:05:45] [TASK_1] [INFO] TASK 1: Price Collection Started
[2026-07-01 14:05:45] [TASK_1] [INFO] Tickers: 2 | Date range: 2024-01-01 to 2024-01-10
[2026-07-01 14:05:45] [TASK_1] [INFO] ============================================================
[2026-07-01 14:05:45] [TASK_1] [INFO] Validated 2 tickers total (2 VN30 + 0 expansion).
[2026-07-01 14:05:45] [TASK_1] [INFO] Processing VNM (1/2)...
[2026-07-01 14:05:45] [TASK_1] [INFO] Saved VNM → C:\Users\User\AppData\Local\Temp\pytest-of-User\pytest-224\test_individual_ticker_csv_sav0\prices\VNM.csv (1 rows)
[2026-07-01 14:05:46] [TASK_1] [INFO] Processing FPT (2/2)...
[2026-07-01 14:05:46] [TASK_1] [INFO] Saved FPT → C:\Users\User\AppData\Local\Temp\pytest-of-User\pytest-224\test_individual_ticker_csv_sav0\prices\FPT.csv (1 rows)
[2026-07-01 14:05:46] [TASK_1] [INFO] Saved consolidated file → C:\Users\User\AppData\Local\Temp\pytest-of-User\pytest-224\test_individual_ticker_csv_sav0\prices\all_vn30_prices.csv (2 rows, 2 tickers)
[2026-07-01 14:05:46] [TASK_1] [INFO] ============================================================
[2026-07-01 14:05:46] [TASK_1] [INFO] PRICE COLLECTION SUMMARY
[2026-07-01 14:05:46] [TASK_1] [INFO] ============================================================
[2026-07-01 14:05:46] [TASK_1] [INFO] Successfully collected: 2 tickers
[2026-07-01 14:05:46] [TASK_1] [INFO] Expected trading days (business-day calendar): 8
[2026-07-01 14:05:46] [TASK_1] [INFO] ------------------------------------------------------------
[2026-07-01 14:05:46] [TASK_1] [INFO] Ticker    Earliest      Latest    Days
[2026-07-01 14:05:46] [TASK_1] [INFO] ------------------------------------------------------------
[2026-07-01 14:05:46] [TASK_1] [INFO] FPT     2024-01-02  2024-01-02       1
[2026-07-01 14:05:46] [TASK_1] [WARNING] ⚠ FPT has 87.5% fewer trading days than expected (1 vs 8 expected). Check for missing data.
[2026-07-01 14:05:46] [TASK_1] [INFO] VNM     2024-01-02  2024-01-02       1
[2026-07-01 14:05:46] [TASK_1] [WARNING] ⚠ VNM has 87.5% fewer trading days than expected (1 vs 8 expected). Check for missing data.
[2026-07-01 14:05:46] [TASK_1] [INFO] ------------------------------------------------------------
[2026-07-01 14:05:46] [TASK_1] [INFO] Total rows: 2 | Date range: 2024-01-01 to 2024-01-10
[2026-07-01 14:05:46] [TASK_1] [INFO] ============================================================
[2026-07-01 14:05:46] [TASK_1] [INFO] ============================================================
[2026-07-01 14:05:46] [TASK_1] [INFO] TASK 1: Price Collection Started
[2026-07-01 14:05:46] [TASK_1] [INFO] Tickers: 2 | Date range: 2024-01-01 to 2024-01-10
[2026-07-01 14:05:46] [TASK_1] [INFO] ============================================================
[2026-07-01 14:05:46] [TASK_1] [INFO] Validated 2 tickers total (2 VN30 + 0 expansion).
[2026-07-01 14:05:46] [TASK_1] [INFO] Processing VNM (1/2)...
[2026-07-01 14:05:46] [TASK_1] [INFO] Saved VNM → C:\Users\User\AppData\Local\Temp\pytest-of-User\pytest-224\test_consolidated_csv_has_tick0\prices\VNM.csv (1 rows)
[2026-07-01 14:05:47] [TASK_1] [INFO] Processing FPT (2/2)...
[2026-07-01 14:05:47] [TASK_1] [INFO] Saved FPT → C:\Users\User\AppData\Local\Temp\pytest-of-User\pytest-224\test_consolidated_csv_has_tick0\prices\FPT.csv (1 rows)
[2026-07-01 14:05:47] [TASK_1] [INFO] Saved consolidated file → C:\Users\User\AppData\Local\Temp\pytest-of-User\pytest-224\test_consolidated_csv_has_tick0\prices\all_vn30_prices.csv (2 rows, 2 tickers)
[2026-07-01 14:05:47] [TASK_1] [INFO] ============================================================
[2026-07-01 14:05:47] [TASK_1] [INFO] PRICE COLLECTION SUMMARY
[2026-07-01 14:05:47] [TASK_1] [INFO] ============================================================
[2026-07-01 14:05:47] [TASK_1] [INFO] Successfully collected: 2 tickers
[2026-07-01 14:05:47] [TASK_1] [INFO] Expected trading days (business-day calendar): 8
[2026-07-01 14:05:47] [TASK_1] [INFO] ------------------------------------------------------------
[2026-07-01 14:05:47] [TASK_1] [INFO] Ticker    Earliest      Latest    Days
[2026-07-01 14:05:47] [TASK_1] [INFO] ------------------------------------------------------------
[2026-07-01 14:05:47] [TASK_1] [INFO] FPT     2024-01-02  2024-01-02       1
[2026-07-01 14:05:47] [TASK_1] [WARNING] ⚠ FPT has 87.5% fewer trading days than expected (1 vs 8 expected). Check for missing data.
[2026-07-01 14:05:47] [TASK_1] [INFO] VNM     2024-01-02  2024-01-02       1
[2026-07-01 14:05:47] [TASK_1] [WARNING] ⚠ VNM has 87.5% fewer trading days than expected (1 vs 8 expected). Check for missing data.
[2026-07-01 14:05:47] [TASK_1] [INFO] ------------------------------------------------------------
[2026-07-01 14:05:47] [TASK_1] [INFO] Total rows: 2 | Date range: 2024-01-01 to 2024-01-10
[2026-07-01 14:05:47] [TASK_1] [INFO] ============================================================
[2026-07-01 14:05:47] [TASK_1] [INFO] ============================================================
[2026-07-01 14:05:47] [TASK_1] [INFO] TASK 1: Price Collection Started
[2026-07-01 14:05:47] [TASK_1] [INFO] Tickers: 1 | Date range: 2024-01-01 to 2024-01-10
[2026-07-01 14:05:47] [TASK_1] [INFO] ============================================================
[2026-07-01 14:05:47] [TASK_1] [INFO] Validated 1 tickers total (1 VN30 + 0 expansion).
[2026-07-01 14:05:47] [TASK_1] [INFO] Processing VNM (1/1)...
[2026-07-01 14:05:47] [TASK_1] [ERROR] [2026-07-01 14:05:47] FAILED: VNM — no data collected. Continuing with remaining tickers.
[2026-07-01 14:05:47] [TASK_1] [INFO] ============================================================
[2026-07-01 14:05:47] [TASK_1] [INFO] TASK 1: Price Collection Started
[2026-07-01 14:05:47] [TASK_1] [INFO] Tickers: 2 | Date range: 2024-01-01 to 2024-01-10
[2026-07-01 14:05:47] [TASK_1] [INFO] ============================================================
[2026-07-01 14:05:47] [TASK_1] [INFO] Validated 2 tickers total (2 VN30 + 0 expansion).
[2026-07-01 14:05:47] [TASK_1] [INFO] Processing VNM (1/2)...
[2026-07-01 14:05:47] [TASK_1] [INFO] Saved VNM → C:\Users\User\AppData\Local\Temp\pytest-of-User\pytest-224\test_partial_failure_continues0\prices\VNM.csv (1 rows)
[2026-07-01 14:05:47] [TASK_1] [INFO] Processing FPT (2/2)...
[2026-07-01 14:05:47] [TASK_1] [ERROR] [2026-07-01 14:05:47] FAILED: FPT — no data collected. Continuing with remaining tickers.
[2026-07-01 14:05:47] [TASK_1] [INFO] Saved consolidated file → C:\Users\User\AppData\Local\Temp\pytest-of-User\pytest-224\test_partial_failure_continues0\prices\all_vn30_prices.csv (1 rows, 1 tickers)
[2026-07-01 14:05:47] [TASK_1] [INFO] ============================================================
[2026-07-01 14:05:47] [TASK_1] [INFO] PRICE COLLECTION SUMMARY
[2026-07-01 14:05:47] [TASK_1] [INFO] ============================================================
[2026-07-01 14:05:47] [TASK_1] [INFO] Successfully collected: 1 tickers
[2026-07-01 14:05:47] [TASK_1] [WARNING] Failed tickers: FPT
[2026-07-01 14:05:47] [TASK_1] [INFO] Expected trading days (business-day calendar): 8
[2026-07-01 14:05:47] [TASK_1] [INFO] ------------------------------------------------------------
[2026-07-01 14:05:47] [TASK_1] [INFO] Ticker    Earliest      Latest    Days
[2026-07-01 14:05:47] [TASK_1] [INFO] ------------------------------------------------------------
[2026-07-01 14:05:47] [TASK_1] [INFO] VNM     2024-01-02  2024-01-02       1
[2026-07-01 14:05:47] [TASK_1] [WARNING] ⚠ VNM has 87.5% fewer trading days than expected (1 vs 8 expected). Check for missing data.
[2026-07-01 14:05:47] [TASK_1] [INFO] ------------------------------------------------------------
[2026-07-01 14:05:47] [TASK_1] [INFO] Total rows: 1 | Date range: 2024-01-01 to 2024-01-10
[2026-07-01 14:05:47] [TASK_1] [INFO] ============================================================
[2026-07-01 14:05:47] [TASK_1] [WARNING] [2026-07-01 14:05:47] Error fetching VNM (attempt 1/3): API down
[2026-07-01 14:05:47] [TASK_1] [WARNING] [2026-07-01 14:05:47] Error fetching VNM (attempt 2/3): API down
[2026-07-01 14:05:47] [TASK_1] [WARNING] [2026-07-01 14:05:47] Error fetching VNM (attempt 3/3): API down
[2026-07-01 14:05:47] [TASK_1] [ERROR] [2026-07-01 14:05:47] Failed to fetch data for VNM after 3 attempts.
[2026-07-01 14:05:47] [TASK_1] [WARNING] [2026-07-01 14:05:47] Error fetching VNM (attempt 1/3): API down
[2026-07-01 14:05:47] [TASK_1] [WARNING] [2026-07-01 14:05:47] Error fetching VNM (attempt 2/3): API down
[2026-07-01 14:05:47] [TASK_1] [WARNING] [2026-07-01 14:05:47] Error fetching VNM (attempt 3/3): API down
[2026-07-01 14:05:47] [TASK_1] [ERROR] [2026-07-01 14:05:47] Failed to fetch data for VNM after 3 attempts.
[2026-07-01 14:05:47] [TASK_1] [INFO] ============================================================
[2026-07-01 14:05:47] [TASK_1] [INFO] TASK 1: Price Collection Started
[2026-07-01 14:05:47] [TASK_1] [INFO] Tickers: 3 | Date range: 2024-01-01 to 2024-01-10
[2026-07-01 14:05:47] [TASK_1] [INFO] ============================================================
[2026-07-01 14:05:47] [TASK_1] [INFO] Validated 3 tickers total (3 VN30 + 0 expansion).
[2026-07-01 14:05:47] [TASK_1] [INFO] Processing VNM (1/3)...
[2026-07-01 14:05:47] [TASK_1] [ERROR] [2026-07-01 14:05:47] FAILED: VNM — no data collected. Continuing with remaining tickers.
[2026-07-01 14:05:48] [TASK_1] [INFO] Processing VCB (2/3)...
[2026-07-01 14:05:48] [TASK_1] [INFO] Saved VCB → C:\Users\User\AppData\Local\Temp\pytest-of-User\pytest-224\test_continues_after_ticker_fa0\prices\VCB.csv (2 rows)
[2026-07-01 14:05:48] [TASK_1] [INFO] Processing FPT (3/3)...
[2026-07-01 14:05:48] [TASK_1] [INFO] Saved FPT → C:\Users\User\AppData\Local\Temp\pytest-of-User\pytest-224\test_continues_after_ticker_fa0\prices\FPT.csv (2 rows)
[2026-07-01 14:05:48] [TASK_1] [INFO] Saved consolidated file → C:\Users\User\AppData\Local\Temp\pytest-of-User\pytest-224\test_continues_after_ticker_fa0\prices\all_vn30_prices.csv (4 rows, 2 tickers)
[2026-07-01 14:05:48] [TASK_1] [INFO] ============================================================
[2026-07-01 14:05:48] [TASK_1] [INFO] PRICE COLLECTION SUMMARY
[2026-07-01 14:05:48] [TASK_1] [INFO] ============================================================
[2026-07-01 14:05:48] [TASK_1] [INFO] Successfully collected: 2 tickers
[2026-07-01 14:05:48] [TASK_1] [WARNING] Failed tickers: VNM
[2026-07-01 14:05:48] [TASK_1] [INFO] Expected trading days (business-day calendar): 8
[2026-07-01 14:05:48] [TASK_1] [INFO] ------------------------------------------------------------
[2026-07-01 14:05:48] [TASK_1] [INFO] Ticker    Earliest      Latest    Days
[2026-07-01 14:05:48] [TASK_1] [INFO] ------------------------------------------------------------
[2026-07-01 14:05:48] [TASK_1] [INFO] FPT     2024-01-02  2024-01-03       2
[2026-07-01 14:05:48] [TASK_1] [WARNING] ⚠ FPT has 75.0% fewer trading days than expected (2 vs 8 expected). Check for missing data.
[2026-07-01 14:05:48] [TASK_1] [INFO] VCB     2024-01-02  2024-01-03       2
[2026-07-01 14:05:48] [TASK_1] [WARNING] ⚠ VCB has 75.0% fewer trading days than expected (2 vs 8 expected). Check for missing data.
[2026-07-01 14:05:48] [TASK_1] [INFO] ------------------------------------------------------------
[2026-07-01 14:05:48] [TASK_1] [INFO] Total rows: 4 | Date range: 2024-01-01 to 2024-01-10
[2026-07-01 14:05:48] [TASK_1] [INFO] ============================================================
[2026-07-01 14:05:49] [TASK_1] [ERROR] [2026-07-01 14:05:49] FAILED: FPT — no data collected. Continuing with remaining tickers.
[2026-07-01 14:05:49] [TASK_1] [WARNING] Failed tickers: FPT
[2026-07-01 14:05:49] [TASK_1] [WARNING] ⚠ VNM has 87.5% fewer trading days than expected (1 vs 8 expected). Check for missing data.
[2026-07-01 14:05:49] [TASK_1] [INFO] ============================================================
[2026-07-01 14:05:49] [TASK_1] [INFO] PRICE COLLECTION SUMMARY
[2026-07-01 14:05:49] [TASK_1] [INFO] ============================================================
[2026-07-01 14:05:49] [TASK_1] [INFO] Successfully collected: 2 tickers
[2026-07-01 14:05:49] [TASK_1] [INFO] Expected trading days (business-day calendar): 3
[2026-07-01 14:05:49] [TASK_1] [INFO] ------------------------------------------------------------
[2026-07-01 14:05:49] [TASK_1] [INFO] Ticker    Earliest      Latest    Days
[2026-07-01 14:05:49] [TASK_1] [INFO] ------------------------------------------------------------
[2026-07-01 14:05:49] [TASK_1] [INFO] FPT     2024-01-02  2024-01-03       2
[2026-07-01 14:05:49] [TASK_1] [WARNING] ⚠ FPT has 33.3% fewer trading days than expected (2 vs 3 expected). Check for missing data.
[2026-07-01 14:05:49] [TASK_1] [INFO] VNM     2024-01-02  2024-01-04       3
[2026-07-01 14:05:49] [TASK_1] [INFO] ------------------------------------------------------------
[2026-07-01 14:05:49] [TASK_1] [INFO] Total rows: 5 | Date range: 2024-01-02 to 2024-01-04
[2026-07-01 14:05:49] [TASK_1] [INFO] ============================================================
[2026-07-01 14:05:49] [TASK_1] [WARNING] ⚠ FPT has 53.1% fewer trading days than expected (30 vs 64 expected). Check for missing data.
[2026-07-01 14:05:49] [TASK_1] [WARNING] ⚠ VNM has 6.2% fewer trading days than expected (60 vs 64 expected). Check for missing data.
[2026-07-01 14:05:49] [TASK_1] [WARNING] Failed tickers: FPT, VCB
[2026-07-01 14:05:49] [TASK_1] [INFO] ============================================================
[2026-07-01 14:05:49] [TASK_1] [INFO] PRICE COLLECTION SUMMARY
[2026-07-01 14:05:49] [TASK_1] [INFO] ============================================================
[2026-07-01 14:05:49] [TASK_1] [INFO] Successfully collected: 1 tickers
[2026-07-01 14:05:49] [TASK_1] [INFO] Expected trading days (business-day calendar): 4
[2026-07-01 14:05:49] [TASK_1] [INFO] ------------------------------------------------------------
[2026-07-01 14:05:49] [TASK_1] [INFO] Ticker    Earliest      Latest    Days
[2026-07-01 14:05:49] [TASK_1] [INFO] ------------------------------------------------------------
[2026-07-01 14:05:49] [TASK_1] [INFO] VNM     2024-01-02  2024-01-02       1
[2026-07-01 14:05:49] [TASK_1] [WARNING] ⚠ VNM has 75.0% fewer trading days than expected (1 vs 4 expected). Check for missing data.
[2026-07-01 14:05:49] [TASK_1] [INFO] ------------------------------------------------------------
[2026-07-01 14:05:49] [TASK_1] [INFO] Total rows: 1 | Date range: 2024-01-02 to 2024-01-05
[2026-07-01 14:05:49] [TASK_1] [INFO] ============================================================
[2026-07-01 14:07:27] [TASK_1] [INFO] ============================================================
[2026-07-01 14:07:27] [TASK_1] [INFO] START TASK_1: Price Collection (vnstock OHLCV)
[2026-07-01 14:07:27] [TASK_1] [INFO] Timestamp: 2026-07-01T14:07:27.983712
[2026-07-01 14:07:27] [TASK_1] [INFO] ============================================================
[2026-07-01 14:07:27] [TASK_1] [ERROR] TASK FAILED: TASK_1 after 0.0 seconds
[2026-07-01 14:07:27] [TASK_1] [ERROR] Exception: Simulated failure
[2026-07-01 14:07:27] [TASK_1] [ERROR] Stack trace:
Traceback (most recent call last):
  File "C:\Users\User\KLTN_MASTER\pipeline\run_pipeline.py", line 659, in run_pipeline
    executor(config, task_logger, smoke_test=smoke_test)
  File "C:\Program Files\WindowsApps\PythonSoftwareFoundation.Python.3.10_3.10.3056.0_x64__qbz5n2kfra8p0\lib\unittest\mock.py", line 1114, in __call__
    return self._mock_call(*args, **kwargs)
  File "C:\Program Files\WindowsApps\PythonSoftwareFoundation.Python.3.10_3.10.3056.0_x64__qbz5n2kfra8p0\lib\unittest\mock.py", line 1118, in _mock_call
    return self._execute_mock_call(*args, **kwargs)
  File "C:\Program Files\WindowsApps\PythonSoftwareFoundation.Python.3.10_3.10.3056.0_x64__qbz5n2kfra8p0\lib\unittest\mock.py", line 1173, in _execute_mock_call
    raise effect
RuntimeError: Simulated failure

[2026-07-01 14:07:27] [TASK_1] [INFO] ============================================================
[2026-07-01 14:07:27] [TASK_1] [INFO] START TASK_1: Price Collection (vnstock OHLCV)
[2026-07-01 14:07:27] [TASK_1] [INFO] Timestamp: 2026-07-01T14:07:27.984734
[2026-07-01 14:07:27] [TASK_1] [INFO] ============================================================
[2026-07-01 14:07:27] [TASK_1] [ERROR] TASK FAILED: TASK_1 after 0.0 seconds
[2026-07-01 14:07:27] [TASK_1] [ERROR] Exception: Simulated failure
[2026-07-01 14:07:27] [TASK_1] [ERROR] Stack trace:
Traceback (most recent call last):
  File "C:\Users\User\KLTN_MASTER\pipeline\run_pipeline.py", line 659, in run_pipeline
    executor(config, task_logger, smoke_test=smoke_test)
  File "C:\Program Files\WindowsApps\PythonSoftwareFoundation.Python.3.10_3.10.3056.0_x64__qbz5n2kfra8p0\lib\unittest\mock.py", line 1114, in __call__
    return self._mock_call(*args, **kwargs)
  File "C:\Program Files\WindowsApps\PythonSoftwareFoundation.Python.3.10_3.10.3056.0_x64__qbz5n2kfra8p0\lib\unittest\mock.py", line 1118, in _mock_call
    return self._execute_mock_call(*args, **kwargs)
  File "C:\Program Files\WindowsApps\PythonSoftwareFoundation.Python.3.10_3.10.3056.0_x64__qbz5n2kfra8p0\lib\unittest\mock.py", line 1173, in _execute_mock_call
    raise effect
RuntimeError: Simulated failure

[2026-07-01 14:07:28] [TASK_1] [INFO] ============================================================
[2026-07-01 14:07:28] [TASK_1] [INFO] START TASK_1: Price Collection (vnstock OHLCV)
[2026-07-01 14:07:28] [TASK_1] [INFO] Timestamp: 2026-07-01T14:07:28.109591
[2026-07-01 14:07:28] [TASK_1] [INFO] ============================================================
[2026-07-01 14:07:28] [TASK_1] [INFO] ------------------------------------------------------------
[2026-07-01 14:07:28] [TASK_1] [INFO] END TASK_1 — completed in 0.0 seconds
[2026-07-01 14:07:28] [TASK_1] [INFO] ============================================================
[2026-07-01 14:07:28] [TASK_1] [INFO] ============================================================
[2026-07-01 14:07:28] [TASK_1] [INFO] START TASK_1: Price Collection (vnstock OHLCV)
[2026-07-01 14:07:28] [TASK_1] [INFO] Timestamp: 2026-07-01T14:07:28.864415
[2026-07-01 14:07:28] [TASK_1] [INFO] ============================================================
[2026-07-01 14:07:28] [TASK_1] [INFO] ------------------------------------------------------------
[2026-07-01 14:07:28] [TASK_1] [INFO] END TASK_1 — completed in 0.0 seconds
[2026-07-01 14:07:28] [TASK_1] [INFO] ============================================================
[2026-07-01 14:07:35] [TASK_1] [INFO] Validated 3 tickers total (3 VN30 + 0 expansion).
[2026-07-01 14:07:35] [TASK_1] [INFO] HOSE-80 expansion: 1 non-VN30 tickers included: INVALID
[2026-07-01 14:07:35] [TASK_1] [INFO] Validated 3 tickers total (2 VN30 + 1 expansion).
[2026-07-01 14:07:35] [TASK_1] [INFO] Validated 3 tickers total (3 VN30 + 0 expansion).
[2026-07-01 14:07:35] [TASK_1] [INFO] HOSE-80 expansion: 2 non-VN30 tickers included: INVALID1, INVALID2
[2026-07-01 14:07:35] [TASK_1] [INFO] Validated 2 tickers total (0 VN30 + 2 expansion).
[2026-07-01 14:07:35] [TASK_1] [INFO] Validated 30 tickers total (30 VN30 + 0 expansion).
[2026-07-01 14:07:35] [TASK_1] [WARNING] [2026-07-01 14:07:35] Error fetching VNM (attempt 1/3): API down
[2026-07-01 14:07:35] [TASK_1] [INFO] Retrying in 1s...
[2026-07-01 14:07:35] [TASK_1] [WARNING] [2026-07-01 14:07:35] Error fetching VNM (attempt 2/3): API down
[2026-07-01 14:07:35] [TASK_1] [INFO] Retrying in 2s...
[2026-07-01 14:07:35] [TASK_1] [WARNING] [2026-07-01 14:07:35] Error fetching VNM (attempt 3/3): API down
[2026-07-01 14:07:35] [TASK_1] [ERROR] [2026-07-01 14:07:35] Failed to fetch data for VNM after 3 attempts.
[2026-07-01 14:07:35] [TASK_1] [INFO] Fetched 2 rows for VNM (2024-01-02 to 2024-01-03).
[2026-07-01 14:07:35] [TASK_1] [WARNING] Empty data returned for VNM (attempt 1/3).
[2026-07-01 14:07:35] [TASK_1] [INFO] Retrying in 1s...
[2026-07-01 14:07:35] [TASK_1] [INFO] Fetched 1 rows for VNM (2024-01-02 to 2024-01-02).
[2026-07-01 14:07:35] [TASK_1] [INFO] ============================================================
[2026-07-01 14:07:35] [TASK_1] [INFO] TASK 1: Price Collection Started
[2026-07-01 14:07:35] [TASK_1] [INFO] Tickers: 1 | Date range: 2024-01-01 to 2024-01-10
[2026-07-01 14:07:35] [TASK_1] [INFO] ============================================================
[2026-07-01 14:07:35] [TASK_1] [INFO] Validated 1 tickers total (1 VN30 + 0 expansion).
[2026-07-01 14:07:35] [TASK_1] [INFO] Processing VNM (1/1)...
[2026-07-01 14:07:35] [TASK_1] [INFO] Saved VNM → C:\Users\User\AppData\Local\Temp\pytest-of-User\pytest-225\test_collect_prices_output_col0\prices\VNM.csv (2 rows)
[2026-07-01 14:07:35] [TASK_1] [INFO] Saved consolidated file → C:\Users\User\AppData\Local\Temp\pytest-of-User\pytest-225\test_collect_prices_output_col0\prices\all_vn30_prices.csv (2 rows, 1 tickers)
[2026-07-01 14:07:35] [TASK_1] [INFO] ============================================================
[2026-07-01 14:07:35] [TASK_1] [INFO] PRICE COLLECTION SUMMARY
[2026-07-01 14:07:35] [TASK_1] [INFO] ============================================================
[2026-07-01 14:07:35] [TASK_1] [INFO] Successfully collected: 1 tickers
[2026-07-01 14:07:35] [TASK_1] [INFO] Expected trading days (business-day calendar): 8
[2026-07-01 14:07:35] [TASK_1] [INFO] ------------------------------------------------------------
[2026-07-01 14:07:35] [TASK_1] [INFO] Ticker    Earliest      Latest    Days
[2026-07-01 14:07:35] [TASK_1] [INFO] ------------------------------------------------------------
[2026-07-01 14:07:35] [TASK_1] [INFO] VNM     2024-01-02  2024-01-03       2
[2026-07-01 14:07:35] [TASK_1] [WARNING] ⚠ VNM has 75.0% fewer trading days than expected (2 vs 8 expected). Check for missing data.
[2026-07-01 14:07:35] [TASK_1] [INFO] ------------------------------------------------------------
[2026-07-01 14:07:35] [TASK_1] [INFO] Total rows: 2 | Date range: 2024-01-01 to 2024-01-10
[2026-07-01 14:07:35] [TASK_1] [INFO] ============================================================
[2026-07-01 14:07:35] [TASK_1] [INFO] ============================================================
[2026-07-01 14:07:35] [TASK_1] [INFO] TASK 1: Price Collection Started
[2026-07-01 14:07:35] [TASK_1] [INFO] Tickers: 2 | Date range: 2024-01-01 to 2024-01-10
[2026-07-01 14:07:35] [TASK_1] [INFO] ============================================================
[2026-07-01 14:07:35] [TASK_1] [INFO] Validated 2 tickers total (2 VN30 + 0 expansion).
[2026-07-01 14:07:35] [TASK_1] [INFO] Processing VNM (1/2)...
[2026-07-01 14:07:35] [TASK_1] [INFO] Saved VNM → C:\Users\User\AppData\Local\Temp\pytest-of-User\pytest-225\test_individual_ticker_csv_sav0\prices\VNM.csv (1 rows)
[2026-07-01 14:07:36] [TASK_1] [INFO] Processing FPT (2/2)...
[2026-07-01 14:07:36] [TASK_1] [INFO] Saved FPT → C:\Users\User\AppData\Local\Temp\pytest-of-User\pytest-225\test_individual_ticker_csv_sav0\prices\FPT.csv (1 rows)
[2026-07-01 14:07:36] [TASK_1] [INFO] Saved consolidated file → C:\Users\User\AppData\Local\Temp\pytest-of-User\pytest-225\test_individual_ticker_csv_sav0\prices\all_vn30_prices.csv (2 rows, 2 tickers)
[2026-07-01 14:07:36] [TASK_1] [INFO] ============================================================
[2026-07-01 14:07:36] [TASK_1] [INFO] PRICE COLLECTION SUMMARY
[2026-07-01 14:07:36] [TASK_1] [INFO] ============================================================
[2026-07-01 14:07:36] [TASK_1] [INFO] Successfully collected: 2 tickers
[2026-07-01 14:07:36] [TASK_1] [INFO] Expected trading days (business-day calendar): 8
[2026-07-01 14:07:36] [TASK_1] [INFO] ------------------------------------------------------------
[2026-07-01 14:07:36] [TASK_1] [INFO] Ticker    Earliest      Latest    Days
[2026-07-01 14:07:36] [TASK_1] [INFO] ------------------------------------------------------------
[2026-07-01 14:07:36] [TASK_1] [INFO] FPT     2024-01-02  2024-01-02       1
[2026-07-01 14:07:36] [TASK_1] [WARNING] ⚠ FPT has 87.5% fewer trading days than expected (1 vs 8 expected). Check for missing data.
[2026-07-01 14:07:36] [TASK_1] [INFO] VNM     2024-01-02  2024-01-02       1
[2026-07-01 14:07:36] [TASK_1] [WARNING] ⚠ VNM has 87.5% fewer trading days than expected (1 vs 8 expected). Check for missing data.
[2026-07-01 14:07:36] [TASK_1] [INFO] ------------------------------------------------------------
[2026-07-01 14:07:36] [TASK_1] [INFO] Total rows: 2 | Date range: 2024-01-01 to 2024-01-10
[2026-07-01 14:07:36] [TASK_1] [INFO] ============================================================
[2026-07-01 14:07:36] [TASK_1] [INFO] ============================================================
[2026-07-01 14:07:36] [TASK_1] [INFO] TASK 1: Price Collection Started
[2026-07-01 14:07:36] [TASK_1] [INFO] Tickers: 2 | Date range: 2024-01-01 to 2024-01-10
[2026-07-01 14:07:36] [TASK_1] [INFO] ============================================================
[2026-07-01 14:07:36] [TASK_1] [INFO] Validated 2 tickers total (2 VN30 + 0 expansion).
[2026-07-01 14:07:36] [TASK_1] [INFO] Processing VNM (1/2)...
[2026-07-01 14:07:36] [TASK_1] [INFO] Saved VNM → C:\Users\User\AppData\Local\Temp\pytest-of-User\pytest-225\test_consolidated_csv_has_tick0\prices\VNM.csv (1 rows)
[2026-07-01 14:07:36] [TASK_1] [INFO] Processing FPT (2/2)...
[2026-07-01 14:07:36] [TASK_1] [INFO] Saved FPT → C:\Users\User\AppData\Local\Temp\pytest-of-User\pytest-225\test_consolidated_csv_has_tick0\prices\FPT.csv (1 rows)
[2026-07-01 14:07:36] [TASK_1] [INFO] Saved consolidated file → C:\Users\User\AppData\Local\Temp\pytest-of-User\pytest-225\test_consolidated_csv_has_tick0\prices\all_vn30_prices.csv (2 rows, 2 tickers)
[2026-07-01 14:07:36] [TASK_1] [INFO] ============================================================
[2026-07-01 14:07:36] [TASK_1] [INFO] PRICE COLLECTION SUMMARY
[2026-07-01 14:07:36] [TASK_1] [INFO] ============================================================
[2026-07-01 14:07:36] [TASK_1] [INFO] Successfully collected: 2 tickers
[2026-07-01 14:07:36] [TASK_1] [INFO] Expected trading days (business-day calendar): 8
[2026-07-01 14:07:36] [TASK_1] [INFO] ------------------------------------------------------------
[2026-07-01 14:07:36] [TASK_1] [INFO] Ticker    Earliest      Latest    Days
[2026-07-01 14:07:36] [TASK_1] [INFO] ------------------------------------------------------------
[2026-07-01 14:07:36] [TASK_1] [INFO] FPT     2024-01-02  2024-01-02       1
[2026-07-01 14:07:36] [TASK_1] [WARNING] ⚠ FPT has 87.5% fewer trading days than expected (1 vs 8 expected). Check for missing data.
[2026-07-01 14:07:36] [TASK_1] [INFO] VNM     2024-01-02  2024-01-02       1
[2026-07-01 14:07:36] [TASK_1] [WARNING] ⚠ VNM has 87.5% fewer trading days than expected (1 vs 8 expected). Check for missing data.
[2026-07-01 14:07:36] [TASK_1] [INFO] ------------------------------------------------------------
[2026-07-01 14:07:36] [TASK_1] [INFO] Total rows: 2 | Date range: 2024-01-01 to 2024-01-10
[2026-07-01 14:07:36] [TASK_1] [INFO] ============================================================
[2026-07-01 14:07:36] [TASK_1] [INFO] ============================================================
[2026-07-01 14:07:36] [TASK_1] [INFO] TASK 1: Price Collection Started
[2026-07-01 14:07:36] [TASK_1] [INFO] Tickers: 1 | Date range: 2024-01-01 to 2024-01-10
[2026-07-01 14:07:36] [TASK_1] [INFO] ============================================================
[2026-07-01 14:07:36] [TASK_1] [INFO] Validated 1 tickers total (1 VN30 + 0 expansion).
[2026-07-01 14:07:36] [TASK_1] [INFO] Processing VNM (1/1)...
[2026-07-01 14:07:36] [TASK_1] [ERROR] [2026-07-01 14:07:36] FAILED: VNM — no data collected. Continuing with remaining tickers.
[2026-07-01 14:07:36] [TASK_1] [INFO] ============================================================
[2026-07-01 14:07:36] [TASK_1] [INFO] TASK 1: Price Collection Started
[2026-07-01 14:07:36] [TASK_1] [INFO] Tickers: 2 | Date range: 2024-01-01 to 2024-01-10
[2026-07-01 14:07:36] [TASK_1] [INFO] ============================================================
[2026-07-01 14:07:36] [TASK_1] [INFO] Validated 2 tickers total (2 VN30 + 0 expansion).
[2026-07-01 14:07:36] [TASK_1] [INFO] Processing VNM (1/2)...
[2026-07-01 14:07:36] [TASK_1] [INFO] Saved VNM → C:\Users\User\AppData\Local\Temp\pytest-of-User\pytest-225\test_partial_failure_continues0\prices\VNM.csv (1 rows)
[2026-07-01 14:07:37] [TASK_1] [INFO] Processing FPT (2/2)...
[2026-07-01 14:07:37] [TASK_1] [ERROR] [2026-07-01 14:07:37] FAILED: FPT — no data collected. Continuing with remaining tickers.
[2026-07-01 14:07:37] [TASK_1] [INFO] Saved consolidated file → C:\Users\User\AppData\Local\Temp\pytest-of-User\pytest-225\test_partial_failure_continues0\prices\all_vn30_prices.csv (1 rows, 1 tickers)
[2026-07-01 14:07:37] [TASK_1] [INFO] ============================================================
[2026-07-01 14:07:37] [TASK_1] [INFO] PRICE COLLECTION SUMMARY
[2026-07-01 14:07:37] [TASK_1] [INFO] ============================================================
[2026-07-01 14:07:37] [TASK_1] [INFO] Successfully collected: 1 tickers
[2026-07-01 14:07:37] [TASK_1] [WARNING] Failed tickers: FPT
[2026-07-01 14:07:37] [TASK_1] [INFO] Expected trading days (business-day calendar): 8
[2026-07-01 14:07:37] [TASK_1] [INFO] ------------------------------------------------------------
[2026-07-01 14:07:37] [TASK_1] [INFO] Ticker    Earliest      Latest    Days
[2026-07-01 14:07:37] [TASK_1] [INFO] ------------------------------------------------------------
[2026-07-01 14:07:37] [TASK_1] [INFO] VNM     2024-01-02  2024-01-02       1
[2026-07-01 14:07:37] [TASK_1] [WARNING] ⚠ VNM has 87.5% fewer trading days than expected (1 vs 8 expected). Check for missing data.
[2026-07-01 14:07:37] [TASK_1] [INFO] ------------------------------------------------------------
[2026-07-01 14:07:37] [TASK_1] [INFO] Total rows: 1 | Date range: 2024-01-01 to 2024-01-10
[2026-07-01 14:07:37] [TASK_1] [INFO] ============================================================
[2026-07-01 14:07:37] [TASK_1] [WARNING] [2026-07-01 14:07:37] Error fetching VNM (attempt 1/3): API down
[2026-07-01 14:07:37] [TASK_1] [WARNING] [2026-07-01 14:07:37] Error fetching VNM (attempt 2/3): API down
[2026-07-01 14:07:37] [TASK_1] [WARNING] [2026-07-01 14:07:37] Error fetching VNM (attempt 3/3): API down
[2026-07-01 14:07:37] [TASK_1] [ERROR] [2026-07-01 14:07:37] Failed to fetch data for VNM after 3 attempts.
[2026-07-01 14:07:37] [TASK_1] [WARNING] [2026-07-01 14:07:37] Error fetching VNM (attempt 1/3): API down
[2026-07-01 14:07:37] [TASK_1] [WARNING] [2026-07-01 14:07:37] Error fetching VNM (attempt 2/3): API down
[2026-07-01 14:07:37] [TASK_1] [WARNING] [2026-07-01 14:07:37] Error fetching VNM (attempt 3/3): API down
[2026-07-01 14:07:37] [TASK_1] [ERROR] [2026-07-01 14:07:37] Failed to fetch data for VNM after 3 attempts.
[2026-07-01 14:07:37] [TASK_1] [INFO] ============================================================
[2026-07-01 14:07:37] [TASK_1] [INFO] TASK 1: Price Collection Started
[2026-07-01 14:07:37] [TASK_1] [INFO] Tickers: 3 | Date range: 2024-01-01 to 2024-01-10
[2026-07-01 14:07:37] [TASK_1] [INFO] ============================================================
[2026-07-01 14:07:37] [TASK_1] [INFO] Validated 3 tickers total (3 VN30 + 0 expansion).
[2026-07-01 14:07:37] [TASK_1] [INFO] Processing VNM (1/3)...
[2026-07-01 14:07:37] [TASK_1] [ERROR] [2026-07-01 14:07:37] FAILED: VNM — no data collected. Continuing with remaining tickers.
[2026-07-01 14:07:37] [TASK_1] [INFO] Processing VCB (2/3)...
[2026-07-01 14:07:37] [TASK_1] [INFO] Saved VCB → C:\Users\User\AppData\Local\Temp\pytest-of-User\pytest-225\test_continues_after_ticker_fa0\prices\VCB.csv (2 rows)
[2026-07-01 14:07:38] [TASK_1] [INFO] Processing FPT (3/3)...
[2026-07-01 14:07:38] [TASK_1] [INFO] Saved FPT → C:\Users\User\AppData\Local\Temp\pytest-of-User\pytest-225\test_continues_after_ticker_fa0\prices\FPT.csv (2 rows)
[2026-07-01 14:07:38] [TASK_1] [INFO] Saved consolidated file → C:\Users\User\AppData\Local\Temp\pytest-of-User\pytest-225\test_continues_after_ticker_fa0\prices\all_vn30_prices.csv (4 rows, 2 tickers)
[2026-07-01 14:07:38] [TASK_1] [INFO] ============================================================
[2026-07-01 14:07:38] [TASK_1] [INFO] PRICE COLLECTION SUMMARY
[2026-07-01 14:07:38] [TASK_1] [INFO] ============================================================
[2026-07-01 14:07:38] [TASK_1] [INFO] Successfully collected: 2 tickers
[2026-07-01 14:07:38] [TASK_1] [WARNING] Failed tickers: VNM
[2026-07-01 14:07:38] [TASK_1] [INFO] Expected trading days (business-day calendar): 8
[2026-07-01 14:07:38] [TASK_1] [INFO] ------------------------------------------------------------
[2026-07-01 14:07:38] [TASK_1] [INFO] Ticker    Earliest      Latest    Days
[2026-07-01 14:07:38] [TASK_1] [INFO] ------------------------------------------------------------
[2026-07-01 14:07:38] [TASK_1] [INFO] FPT     2024-01-02  2024-01-03       2
[2026-07-01 14:07:38] [TASK_1] [WARNING] ⚠ FPT has 75.0% fewer trading days than expected (2 vs 8 expected). Check for missing data.
[2026-07-01 14:07:38] [TASK_1] [INFO] VCB     2024-01-02  2024-01-03       2
[2026-07-01 14:07:38] [TASK_1] [WARNING] ⚠ VCB has 75.0% fewer trading days than expected (2 vs 8 expected). Check for missing data.
[2026-07-01 14:07:38] [TASK_1] [INFO] ------------------------------------------------------------
[2026-07-01 14:07:38] [TASK_1] [INFO] Total rows: 4 | Date range: 2024-01-01 to 2024-01-10
[2026-07-01 14:07:38] [TASK_1] [INFO] ============================================================
[2026-07-01 14:07:38] [TASK_1] [ERROR] [2026-07-01 14:07:38] FAILED: FPT — no data collected. Continuing with remaining tickers.
[2026-07-01 14:07:38] [TASK_1] [WARNING] Failed tickers: FPT
[2026-07-01 14:07:38] [TASK_1] [WARNING] ⚠ VNM has 87.5% fewer trading days than expected (1 vs 8 expected). Check for missing data.
[2026-07-01 14:07:38] [TASK_1] [INFO] ============================================================
[2026-07-01 14:07:38] [TASK_1] [INFO] PRICE COLLECTION SUMMARY
[2026-07-01 14:07:38] [TASK_1] [INFO] ============================================================
[2026-07-01 14:07:38] [TASK_1] [INFO] Successfully collected: 2 tickers
[2026-07-01 14:07:38] [TASK_1] [INFO] Expected trading days (business-day calendar): 3
[2026-07-01 14:07:38] [TASK_1] [INFO] ------------------------------------------------------------
[2026-07-01 14:07:38] [TASK_1] [INFO] Ticker    Earliest      Latest    Days
[2026-07-01 14:07:38] [TASK_1] [INFO] ------------------------------------------------------------
[2026-07-01 14:07:38] [TASK_1] [INFO] FPT     2024-01-02  2024-01-03       2
[2026-07-01 14:07:38] [TASK_1] [WARNING] ⚠ FPT has 33.3% fewer trading days than expected (2 vs 3 expected). Check for missing data.
[2026-07-01 14:07:38] [TASK_1] [INFO] VNM     2024-01-02  2024-01-04       3
[2026-07-01 14:07:38] [TASK_1] [INFO] ------------------------------------------------------------
[2026-07-01 14:07:38] [TASK_1] [INFO] Total rows: 5 | Date range: 2024-01-02 to 2024-01-04
[2026-07-01 14:07:38] [TASK_1] [INFO] ============================================================
[2026-07-01 14:07:38] [TASK_1] [WARNING] ⚠ FPT has 53.1% fewer trading days than expected (30 vs 64 expected). Check for missing data.
[2026-07-01 14:07:38] [TASK_1] [WARNING] ⚠ VNM has 6.2% fewer trading days than expected (60 vs 64 expected). Check for missing data.
[2026-07-01 14:07:38] [TASK_1] [WARNING] Failed tickers: FPT, VCB
[2026-07-01 14:07:38] [TASK_1] [INFO] ============================================================
[2026-07-01 14:07:38] [TASK_1] [INFO] PRICE COLLECTION SUMMARY
[2026-07-01 14:07:38] [TASK_1] [INFO] ============================================================
[2026-07-01 14:07:38] [TASK_1] [INFO] Successfully collected: 1 tickers
[2026-07-01 14:07:38] [TASK_1] [INFO] Expected trading days (business-day calendar): 4
[2026-07-01 14:07:38] [TASK_1] [INFO] ------------------------------------------------------------
[2026-07-01 14:07:38] [TASK_1] [INFO] Ticker    Earliest      Latest    Days
[2026-07-01 14:07:38] [TASK_1] [INFO] ------------------------------------------------------------
[2026-07-01 14:07:38] [TASK_1] [INFO] VNM     2024-01-02  2024-01-02       1
[2026-07-01 14:07:38] [TASK_1] [WARNING] ⚠ VNM has 75.0% fewer trading days than expected (1 vs 4 expected). Check for missing data.
[2026-07-01 14:07:38] [TASK_1] [INFO] ------------------------------------------------------------
[2026-07-01 14:07:38] [TASK_1] [INFO] Total rows: 1 | Date range: 2024-01-02 to 2024-01-05
[2026-07-01 14:07:38] [TASK_1] [INFO] ============================================================
[2026-07-01 14:08:42] [TASK_1] [INFO] ============================================================
[2026-07-01 14:08:42] [TASK_1] [INFO] START TASK_1: Price Collection (vnstock OHLCV)
[2026-07-01 14:08:42] [TASK_1] [INFO] Timestamp: 2026-07-01T14:08:42.180695
[2026-07-01 14:08:42] [TASK_1] [INFO] ============================================================
[2026-07-01 14:08:42] [TASK_1] [ERROR] TASK FAILED: TASK_1 after 0.0 seconds
[2026-07-01 14:08:42] [TASK_1] [ERROR] Exception: Simulated failure
[2026-07-01 14:08:42] [TASK_1] [ERROR] Stack trace:
Traceback (most recent call last):
  File "C:\Users\User\KLTN_MASTER\pipeline\run_pipeline.py", line 659, in run_pipeline
    executor(config, task_logger, smoke_test=smoke_test)
  File "C:\Program Files\WindowsApps\PythonSoftwareFoundation.Python.3.10_3.10.3056.0_x64__qbz5n2kfra8p0\lib\unittest\mock.py", line 1114, in __call__
    return self._mock_call(*args, **kwargs)
  File "C:\Program Files\WindowsApps\PythonSoftwareFoundation.Python.3.10_3.10.3056.0_x64__qbz5n2kfra8p0\lib\unittest\mock.py", line 1118, in _mock_call
    return self._execute_mock_call(*args, **kwargs)
  File "C:\Program Files\WindowsApps\PythonSoftwareFoundation.Python.3.10_3.10.3056.0_x64__qbz5n2kfra8p0\lib\unittest\mock.py", line 1173, in _execute_mock_call
    raise effect
RuntimeError: Simulated failure

[2026-07-01 14:08:42] [TASK_1] [INFO] ============================================================
[2026-07-01 14:08:42] [TASK_1] [INFO] START TASK_1: Price Collection (vnstock OHLCV)
[2026-07-01 14:08:42] [TASK_1] [INFO] Timestamp: 2026-07-01T14:08:42.191070
[2026-07-01 14:08:42] [TASK_1] [INFO] ============================================================
[2026-07-01 14:08:42] [TASK_1] [ERROR] TASK FAILED: TASK_1 after 0.0 seconds
[2026-07-01 14:08:42] [TASK_1] [ERROR] Exception: Simulated failure
[2026-07-01 14:08:42] [TASK_1] [ERROR] Stack trace:
Traceback (most recent call last):
  File "C:\Users\User\KLTN_MASTER\pipeline\run_pipeline.py", line 659, in run_pipeline
    executor(config, task_logger, smoke_test=smoke_test)
  File "C:\Program Files\WindowsApps\PythonSoftwareFoundation.Python.3.10_3.10.3056.0_x64__qbz5n2kfra8p0\lib\unittest\mock.py", line 1114, in __call__
    return self._mock_call(*args, **kwargs)
  File "C:\Program Files\WindowsApps\PythonSoftwareFoundation.Python.3.10_3.10.3056.0_x64__qbz5n2kfra8p0\lib\unittest\mock.py", line 1118, in _mock_call
    return self._execute_mock_call(*args, **kwargs)
  File "C:\Program Files\WindowsApps\PythonSoftwareFoundation.Python.3.10_3.10.3056.0_x64__qbz5n2kfra8p0\lib\unittest\mock.py", line 1173, in _execute_mock_call
    raise effect
RuntimeError: Simulated failure

[2026-07-01 14:08:42] [TASK_1] [INFO] ============================================================
[2026-07-01 14:08:42] [TASK_1] [INFO] START TASK_1: Price Collection (vnstock OHLCV)
[2026-07-01 14:08:42] [TASK_1] [INFO] Timestamp: 2026-07-01T14:08:42.293644
[2026-07-01 14:08:42] [TASK_1] [INFO] ============================================================
[2026-07-01 14:08:42] [TASK_1] [INFO] ------------------------------------------------------------
[2026-07-01 14:08:42] [TASK_1] [INFO] END TASK_1 — completed in 0.0 seconds
[2026-07-01 14:08:42] [TASK_1] [INFO] ============================================================
[2026-07-01 14:08:43] [TASK_1] [INFO] ============================================================
[2026-07-01 14:08:43] [TASK_1] [INFO] START TASK_1: Price Collection (vnstock OHLCV)
[2026-07-01 14:08:43] [TASK_1] [INFO] Timestamp: 2026-07-01T14:08:43.154486
[2026-07-01 14:08:43] [TASK_1] [INFO] ============================================================
[2026-07-01 14:08:43] [TASK_1] [INFO] ------------------------------------------------------------
[2026-07-01 14:08:43] [TASK_1] [INFO] END TASK_1 — completed in 0.0 seconds
[2026-07-01 14:08:43] [TASK_1] [INFO] ============================================================
[2026-07-01 14:08:50] [TASK_1] [INFO] Validated 3 tickers total (3 VN30 + 0 expansion).
[2026-07-01 14:08:50] [TASK_1] [INFO] HOSE-80 expansion: 1 non-VN30 tickers included: INVALID
[2026-07-01 14:08:50] [TASK_1] [INFO] Validated 3 tickers total (2 VN30 + 1 expansion).
[2026-07-01 14:08:50] [TASK_1] [INFO] Validated 3 tickers total (3 VN30 + 0 expansion).
[2026-07-01 14:08:50] [TASK_1] [INFO] HOSE-80 expansion: 2 non-VN30 tickers included: INVALID1, INVALID2
[2026-07-01 14:08:50] [TASK_1] [INFO] Validated 2 tickers total (0 VN30 + 2 expansion).
[2026-07-01 14:08:50] [TASK_1] [INFO] Validated 30 tickers total (30 VN30 + 0 expansion).
[2026-07-01 14:08:50] [TASK_1] [WARNING] [2026-07-01 14:08:50] Error fetching VNM (attempt 1/3): API down
[2026-07-01 14:08:50] [TASK_1] [INFO] Retrying in 1s...
[2026-07-01 14:08:50] [TASK_1] [WARNING] [2026-07-01 14:08:50] Error fetching VNM (attempt 2/3): API down
[2026-07-01 14:08:50] [TASK_1] [INFO] Retrying in 2s...
[2026-07-01 14:08:50] [TASK_1] [WARNING] [2026-07-01 14:08:50] Error fetching VNM (attempt 3/3): API down
[2026-07-01 14:08:50] [TASK_1] [ERROR] [2026-07-01 14:08:50] Failed to fetch data for VNM after 3 attempts.
[2026-07-01 14:08:50] [TASK_1] [INFO] Fetched 2 rows for VNM (2024-01-02 to 2024-01-03).
[2026-07-01 14:08:50] [TASK_1] [WARNING] Empty data returned for VNM (attempt 1/3).
[2026-07-01 14:08:50] [TASK_1] [INFO] Retrying in 1s...
[2026-07-01 14:08:50] [TASK_1] [INFO] Fetched 1 rows for VNM (2024-01-02 to 2024-01-02).
[2026-07-01 14:08:50] [TASK_1] [INFO] ============================================================
[2026-07-01 14:08:50] [TASK_1] [INFO] TASK 1: Price Collection Started
[2026-07-01 14:08:50] [TASK_1] [INFO] Tickers: 1 | Date range: 2024-01-01 to 2024-01-10
[2026-07-01 14:08:50] [TASK_1] [INFO] ============================================================
[2026-07-01 14:08:50] [TASK_1] [INFO] Validated 1 tickers total (1 VN30 + 0 expansion).
[2026-07-01 14:08:50] [TASK_1] [INFO] Processing VNM (1/1)...
[2026-07-01 14:08:50] [TASK_1] [INFO] Saved VNM → C:\Users\User\AppData\Local\Temp\pytest-of-User\pytest-226\test_collect_prices_output_col0\prices\VNM.csv (2 rows)
[2026-07-01 14:08:50] [TASK_1] [INFO] Saved consolidated file → C:\Users\User\AppData\Local\Temp\pytest-of-User\pytest-226\test_collect_prices_output_col0\prices\all_vn30_prices.csv (2 rows, 1 tickers)
[2026-07-01 14:08:50] [TASK_1] [INFO] ============================================================
[2026-07-01 14:08:50] [TASK_1] [INFO] PRICE COLLECTION SUMMARY
[2026-07-01 14:08:50] [TASK_1] [INFO] ============================================================
[2026-07-01 14:08:50] [TASK_1] [INFO] Successfully collected: 1 tickers
[2026-07-01 14:08:50] [TASK_1] [INFO] Expected trading days (business-day calendar): 8
[2026-07-01 14:08:50] [TASK_1] [INFO] ------------------------------------------------------------
[2026-07-01 14:08:50] [TASK_1] [INFO] Ticker    Earliest      Latest    Days
[2026-07-01 14:08:50] [TASK_1] [INFO] ------------------------------------------------------------
[2026-07-01 14:08:50] [TASK_1] [INFO] VNM     2024-01-02  2024-01-03       2
[2026-07-01 14:08:50] [TASK_1] [WARNING] ⚠ VNM has 75.0% fewer trading days than expected (2 vs 8 expected). Check for missing data.
[2026-07-01 14:08:50] [TASK_1] [INFO] ------------------------------------------------------------
[2026-07-01 14:08:50] [TASK_1] [INFO] Total rows: 2 | Date range: 2024-01-01 to 2024-01-10
[2026-07-01 14:08:50] [TASK_1] [INFO] ============================================================
[2026-07-01 14:08:50] [TASK_1] [INFO] ============================================================
[2026-07-01 14:08:50] [TASK_1] [INFO] TASK 1: Price Collection Started
[2026-07-01 14:08:50] [TASK_1] [INFO] Tickers: 2 | Date range: 2024-01-01 to 2024-01-10
[2026-07-01 14:08:50] [TASK_1] [INFO] ============================================================
[2026-07-01 14:08:50] [TASK_1] [INFO] Validated 2 tickers total (2 VN30 + 0 expansion).
[2026-07-01 14:08:50] [TASK_1] [INFO] Processing VNM (1/2)...
[2026-07-01 14:08:50] [TASK_1] [INFO] Saved VNM → C:\Users\User\AppData\Local\Temp\pytest-of-User\pytest-226\test_individual_ticker_csv_sav0\prices\VNM.csv (1 rows)
[2026-07-01 14:08:51] [TASK_1] [INFO] Processing FPT (2/2)...
[2026-07-01 14:08:51] [TASK_1] [INFO] Saved FPT → C:\Users\User\AppData\Local\Temp\pytest-of-User\pytest-226\test_individual_ticker_csv_sav0\prices\FPT.csv (1 rows)
[2026-07-01 14:08:51] [TASK_1] [INFO] Saved consolidated file → C:\Users\User\AppData\Local\Temp\pytest-of-User\pytest-226\test_individual_ticker_csv_sav0\prices\all_vn30_prices.csv (2 rows, 2 tickers)
[2026-07-01 14:08:51] [TASK_1] [INFO] ============================================================
[2026-07-01 14:08:51] [TASK_1] [INFO] PRICE COLLECTION SUMMARY
[2026-07-01 14:08:51] [TASK_1] [INFO] ============================================================
[2026-07-01 14:08:51] [TASK_1] [INFO] Successfully collected: 2 tickers
[2026-07-01 14:08:51] [TASK_1] [INFO] Expected trading days (business-day calendar): 8
[2026-07-01 14:08:51] [TASK_1] [INFO] ------------------------------------------------------------
[2026-07-01 14:08:51] [TASK_1] [INFO] Ticker    Earliest      Latest    Days
[2026-07-01 14:08:51] [TASK_1] [INFO] ------------------------------------------------------------
[2026-07-01 14:08:51] [TASK_1] [INFO] FPT     2024-01-02  2024-01-02       1
[2026-07-01 14:08:51] [TASK_1] [WARNING] ⚠ FPT has 87.5% fewer trading days than expected (1 vs 8 expected). Check for missing data.
[2026-07-01 14:08:51] [TASK_1] [INFO] VNM     2024-01-02  2024-01-02       1
[2026-07-01 14:08:51] [TASK_1] [WARNING] ⚠ VNM has 87.5% fewer trading days than expected (1 vs 8 expected). Check for missing data.
[2026-07-01 14:08:51] [TASK_1] [INFO] ------------------------------------------------------------
[2026-07-01 14:08:51] [TASK_1] [INFO] Total rows: 2 | Date range: 2024-01-01 to 2024-01-10
[2026-07-01 14:08:51] [TASK_1] [INFO] ============================================================
[2026-07-01 14:08:51] [TASK_1] [INFO] ============================================================
[2026-07-01 14:08:51] [TASK_1] [INFO] TASK 1: Price Collection Started
[2026-07-01 14:08:51] [TASK_1] [INFO] Tickers: 2 | Date range: 2024-01-01 to 2024-01-10
[2026-07-01 14:08:51] [TASK_1] [INFO] ============================================================
[2026-07-01 14:08:51] [TASK_1] [INFO] Validated 2 tickers total (2 VN30 + 0 expansion).
[2026-07-01 14:08:51] [TASK_1] [INFO] Processing VNM (1/2)...
[2026-07-01 14:08:51] [TASK_1] [INFO] Saved VNM → C:\Users\User\AppData\Local\Temp\pytest-of-User\pytest-226\test_consolidated_csv_has_tick0\prices\VNM.csv (1 rows)
[2026-07-01 14:08:51] [TASK_1] [INFO] Processing FPT (2/2)...
[2026-07-01 14:08:51] [TASK_1] [INFO] Saved FPT → C:\Users\User\AppData\Local\Temp\pytest-of-User\pytest-226\test_consolidated_csv_has_tick0\prices\FPT.csv (1 rows)
[2026-07-01 14:08:51] [TASK_1] [INFO] Saved consolidated file → C:\Users\User\AppData\Local\Temp\pytest-of-User\pytest-226\test_consolidated_csv_has_tick0\prices\all_vn30_prices.csv (2 rows, 2 tickers)
[2026-07-01 14:08:51] [TASK_1] [INFO] ============================================================
[2026-07-01 14:08:51] [TASK_1] [INFO] PRICE COLLECTION SUMMARY
[2026-07-01 14:08:51] [TASK_1] [INFO] ============================================================
[2026-07-01 14:08:51] [TASK_1] [INFO] Successfully collected: 2 tickers
[2026-07-01 14:08:51] [TASK_1] [INFO] Expected trading days (business-day calendar): 8
[2026-07-01 14:08:51] [TASK_1] [INFO] ------------------------------------------------------------
[2026-07-01 14:08:51] [TASK_1] [INFO] Ticker    Earliest      Latest    Days
[2026-07-01 14:08:51] [TASK_1] [INFO] ------------------------------------------------------------
[2026-07-01 14:08:51] [TASK_1] [INFO] FPT     2024-01-02  2024-01-02       1
[2026-07-01 14:08:51] [TASK_1] [WARNING] ⚠ FPT has 87.5% fewer trading days than expected (1 vs 8 expected). Check for missing data.
[2026-07-01 14:08:51] [TASK_1] [INFO] VNM     2024-01-02  2024-01-02       1
[2026-07-01 14:08:51] [TASK_1] [WARNING] ⚠ VNM has 87.5% fewer trading days than expected (1 vs 8 expected). Check for missing data.
[2026-07-01 14:08:51] [TASK_1] [INFO] ------------------------------------------------------------
[2026-07-01 14:08:51] [TASK_1] [INFO] Total rows: 2 | Date range: 2024-01-01 to 2024-01-10
[2026-07-01 14:08:51] [TASK_1] [INFO] ============================================================
[2026-07-01 14:08:51] [TASK_1] [INFO] ============================================================
[2026-07-01 14:08:51] [TASK_1] [INFO] TASK 1: Price Collection Started
[2026-07-01 14:08:51] [TASK_1] [INFO] Tickers: 1 | Date range: 2024-01-01 to 2024-01-10
[2026-07-01 14:08:51] [TASK_1] [INFO] ============================================================
[2026-07-01 14:08:51] [TASK_1] [INFO] Validated 1 tickers total (1 VN30 + 0 expansion).
[2026-07-01 14:08:51] [TASK_1] [INFO] Processing VNM (1/1)...
[2026-07-01 14:08:51] [TASK_1] [ERROR] [2026-07-01 14:08:51] FAILED: VNM — no data collected. Continuing with remaining tickers.
[2026-07-01 14:08:51] [TASK_1] [INFO] ============================================================
[2026-07-01 14:08:51] [TASK_1] [INFO] TASK 1: Price Collection Started
[2026-07-01 14:08:51] [TASK_1] [INFO] Tickers: 2 | Date range: 2024-01-01 to 2024-01-10
[2026-07-01 14:08:51] [TASK_1] [INFO] ============================================================
[2026-07-01 14:08:51] [TASK_1] [INFO] Validated 2 tickers total (2 VN30 + 0 expansion).
[2026-07-01 14:08:51] [TASK_1] [INFO] Processing VNM (1/2)...
[2026-07-01 14:08:51] [TASK_1] [INFO] Saved VNM → C:\Users\User\AppData\Local\Temp\pytest-of-User\pytest-226\test_partial_failure_continues0\prices\VNM.csv (1 rows)
[2026-07-01 14:08:52] [TASK_1] [INFO] Processing FPT (2/2)...
[2026-07-01 14:08:52] [TASK_1] [ERROR] [2026-07-01 14:08:52] FAILED: FPT — no data collected. Continuing with remaining tickers.
[2026-07-01 14:08:52] [TASK_1] [INFO] Saved consolidated file → C:\Users\User\AppData\Local\Temp\pytest-of-User\pytest-226\test_partial_failure_continues0\prices\all_vn30_prices.csv (1 rows, 1 tickers)
[2026-07-01 14:08:52] [TASK_1] [INFO] ============================================================
[2026-07-01 14:08:52] [TASK_1] [INFO] PRICE COLLECTION SUMMARY
[2026-07-01 14:08:52] [TASK_1] [INFO] ============================================================
[2026-07-01 14:08:52] [TASK_1] [INFO] Successfully collected: 1 tickers
[2026-07-01 14:08:52] [TASK_1] [WARNING] Failed tickers: FPT
[2026-07-01 14:08:52] [TASK_1] [INFO] Expected trading days (business-day calendar): 8
[2026-07-01 14:08:52] [TASK_1] [INFO] ------------------------------------------------------------
[2026-07-01 14:08:52] [TASK_1] [INFO] Ticker    Earliest      Latest    Days
[2026-07-01 14:08:52] [TASK_1] [INFO] ------------------------------------------------------------
[2026-07-01 14:08:52] [TASK_1] [INFO] VNM     2024-01-02  2024-01-02       1
[2026-07-01 14:08:52] [TASK_1] [WARNING] ⚠ VNM has 87.5% fewer trading days than expected (1 vs 8 expected). Check for missing data.
[2026-07-01 14:08:52] [TASK_1] [INFO] ------------------------------------------------------------
[2026-07-01 14:08:52] [TASK_1] [INFO] Total rows: 1 | Date range: 2024-01-01 to 2024-01-10
[2026-07-01 14:08:52] [TASK_1] [INFO] ============================================================
[2026-07-01 14:08:52] [TASK_1] [WARNING] [2026-07-01 14:08:52] Error fetching VNM (attempt 1/3): API down
[2026-07-01 14:08:52] [TASK_1] [WARNING] [2026-07-01 14:08:52] Error fetching VNM (attempt 2/3): API down
[2026-07-01 14:08:52] [TASK_1] [WARNING] [2026-07-01 14:08:52] Error fetching VNM (attempt 3/3): API down
[2026-07-01 14:08:52] [TASK_1] [ERROR] [2026-07-01 14:08:52] Failed to fetch data for VNM after 3 attempts.
[2026-07-01 14:08:52] [TASK_1] [WARNING] [2026-07-01 14:08:52] Error fetching VNM (attempt 1/3): API down
[2026-07-01 14:08:52] [TASK_1] [WARNING] [2026-07-01 14:08:52] Error fetching VNM (attempt 2/3): API down
[2026-07-01 14:08:52] [TASK_1] [WARNING] [2026-07-01 14:08:52] Error fetching VNM (attempt 3/3): API down
[2026-07-01 14:08:52] [TASK_1] [ERROR] [2026-07-01 14:08:52] Failed to fetch data for VNM after 3 attempts.
[2026-07-01 14:08:52] [TASK_1] [INFO] ============================================================
[2026-07-01 14:08:52] [TASK_1] [INFO] TASK 1: Price Collection Started
[2026-07-01 14:08:52] [TASK_1] [INFO] Tickers: 3 | Date range: 2024-01-01 to 2024-01-10
[2026-07-01 14:08:52] [TASK_1] [INFO] ============================================================
[2026-07-01 14:08:52] [TASK_1] [INFO] Validated 3 tickers total (3 VN30 + 0 expansion).
[2026-07-01 14:08:52] [TASK_1] [INFO] Processing VNM (1/3)...
[2026-07-01 14:08:52] [TASK_1] [ERROR] [2026-07-01 14:08:52] FAILED: VNM — no data collected. Continuing with remaining tickers.
[2026-07-01 14:08:52] [TASK_1] [INFO] Processing VCB (2/3)...
[2026-07-01 14:08:52] [TASK_1] [INFO] Saved VCB → C:\Users\User\AppData\Local\Temp\pytest-of-User\pytest-226\test_continues_after_ticker_fa0\prices\VCB.csv (2 rows)
[2026-07-01 14:08:53] [TASK_1] [INFO] Processing FPT (3/3)...
[2026-07-01 14:08:53] [TASK_1] [INFO] Saved FPT → C:\Users\User\AppData\Local\Temp\pytest-of-User\pytest-226\test_continues_after_ticker_fa0\prices\FPT.csv (2 rows)
[2026-07-01 14:08:53] [TASK_1] [INFO] Saved consolidated file → C:\Users\User\AppData\Local\Temp\pytest-of-User\pytest-226\test_continues_after_ticker_fa0\prices\all_vn30_prices.csv (4 rows, 2 tickers)
[2026-07-01 14:08:53] [TASK_1] [INFO] ============================================================
[2026-07-01 14:08:53] [TASK_1] [INFO] PRICE COLLECTION SUMMARY
[2026-07-01 14:08:53] [TASK_1] [INFO] ============================================================
[2026-07-01 14:08:53] [TASK_1] [INFO] Successfully collected: 2 tickers
[2026-07-01 14:08:53] [TASK_1] [WARNING] Failed tickers: VNM
[2026-07-01 14:08:53] [TASK_1] [INFO] Expected trading days (business-day calendar): 8
[2026-07-01 14:08:53] [TASK_1] [INFO] ------------------------------------------------------------
[2026-07-01 14:08:53] [TASK_1] [INFO] Ticker    Earliest      Latest    Days
[2026-07-01 14:08:53] [TASK_1] [INFO] ------------------------------------------------------------
[2026-07-01 14:08:53] [TASK_1] [INFO] FPT     2024-01-02  2024-01-03       2
[2026-07-01 14:08:53] [TASK_1] [WARNING] ⚠ FPT has 75.0% fewer trading days than expected (2 vs 8 expected). Check for missing data.
[2026-07-01 14:08:53] [TASK_1] [INFO] VCB     2024-01-02  2024-01-03       2
[2026-07-01 14:08:53] [TASK_1] [WARNING] ⚠ VCB has 75.0% fewer trading days than expected (2 vs 8 expected). Check for missing data.
[2026-07-01 14:08:53] [TASK_1] [INFO] ------------------------------------------------------------
[2026-07-01 14:08:53] [TASK_1] [INFO] Total rows: 4 | Date range: 2024-01-01 to 2024-01-10
[2026-07-01 14:08:53] [TASK_1] [INFO] ============================================================
[2026-07-01 14:08:54] [TASK_1] [ERROR] [2026-07-01 14:08:54] FAILED: FPT — no data collected. Continuing with remaining tickers.
[2026-07-01 14:08:54] [TASK_1] [WARNING] Failed tickers: FPT
[2026-07-01 14:08:54] [TASK_1] [WARNING] ⚠ VNM has 87.5% fewer trading days than expected (1 vs 8 expected). Check for missing data.
[2026-07-01 14:08:54] [TASK_1] [INFO] ============================================================
[2026-07-01 14:08:54] [TASK_1] [INFO] PRICE COLLECTION SUMMARY
[2026-07-01 14:08:54] [TASK_1] [INFO] ============================================================
[2026-07-01 14:08:54] [TASK_1] [INFO] Successfully collected: 2 tickers
[2026-07-01 14:08:54] [TASK_1] [INFO] Expected trading days (business-day calendar): 3
[2026-07-01 14:08:54] [TASK_1] [INFO] ------------------------------------------------------------
[2026-07-01 14:08:54] [TASK_1] [INFO] Ticker    Earliest      Latest    Days
[2026-07-01 14:08:54] [TASK_1] [INFO] ------------------------------------------------------------
[2026-07-01 14:08:54] [TASK_1] [INFO] FPT     2024-01-02  2024-01-03       2
[2026-07-01 14:08:54] [TASK_1] [WARNING] ⚠ FPT has 33.3% fewer trading days than expected (2 vs 3 expected). Check for missing data.
[2026-07-01 14:08:54] [TASK_1] [INFO] VNM     2024-01-02  2024-01-04       3
[2026-07-01 14:08:54] [TASK_1] [INFO] ------------------------------------------------------------
[2026-07-01 14:08:54] [TASK_1] [INFO] Total rows: 5 | Date range: 2024-01-02 to 2024-01-04
[2026-07-01 14:08:54] [TASK_1] [INFO] ============================================================
[2026-07-01 14:08:54] [TASK_1] [WARNING] ⚠ FPT has 53.1% fewer trading days than expected (30 vs 64 expected). Check for missing data.
[2026-07-01 14:08:54] [TASK_1] [WARNING] ⚠ VNM has 6.2% fewer trading days than expected (60 vs 64 expected). Check for missing data.
[2026-07-01 14:08:54] [TASK_1] [WARNING] Failed tickers: FPT, VCB
[2026-07-01 14:08:54] [TASK_1] [INFO] ============================================================
[2026-07-01 14:08:54] [TASK_1] [INFO] PRICE COLLECTION SUMMARY
[2026-07-01 14:08:54] [TASK_1] [INFO] ============================================================
[2026-07-01 14:08:54] [TASK_1] [INFO] Successfully collected: 1 tickers
[2026-07-01 14:08:54] [TASK_1] [INFO] Expected trading days (business-day calendar): 4
[2026-07-01 14:08:54] [TASK_1] [INFO] ------------------------------------------------------------
[2026-07-01 14:08:54] [TASK_1] [INFO] Ticker    Earliest      Latest    Days
[2026-07-01 14:08:54] [TASK_1] [INFO] ------------------------------------------------------------
[2026-07-01 14:08:54] [TASK_1] [INFO] VNM     2024-01-02  2024-01-02       1
[2026-07-01 14:08:54] [TASK_1] [WARNING] ⚠ VNM has 75.0% fewer trading days than expected (1 vs 4 expected). Check for missing data.
[2026-07-01 14:08:54] [TASK_1] [INFO] ------------------------------------------------------------
[2026-07-01 14:08:54] [TASK_1] [INFO] Total rows: 1 | Date range: 2024-01-02 to 2024-01-05
[2026-07-01 14:08:54] [TASK_1] [INFO] ============================================================
[2026-07-01 14:30:45] [TASK_1] [INFO] ============================================================
[2026-07-01 14:30:45] [TASK_1] [INFO] START TASK_1: Price Collection (vnstock OHLCV)
[2026-07-01 14:30:45] [TASK_1] [INFO] Timestamp: 2026-07-01T14:30:45.030951
[2026-07-01 14:30:45] [TASK_1] [INFO] ============================================================
[2026-07-01 14:30:45] [TASK_1] [ERROR] TASK FAILED: TASK_1 after 0.0 seconds
[2026-07-01 14:30:45] [TASK_1] [ERROR] Exception: Simulated failure
[2026-07-01 14:30:45] [TASK_1] [ERROR] Stack trace:
Traceback (most recent call last):
  File "C:\Users\User\KLTN_MASTER\pipeline\run_pipeline.py", line 659, in run_pipeline
    executor(config, task_logger, smoke_test=smoke_test)
  File "C:\Program Files\WindowsApps\PythonSoftwareFoundation.Python.3.10_3.10.3056.0_x64__qbz5n2kfra8p0\lib\unittest\mock.py", line 1114, in __call__
    return self._mock_call(*args, **kwargs)
  File "C:\Program Files\WindowsApps\PythonSoftwareFoundation.Python.3.10_3.10.3056.0_x64__qbz5n2kfra8p0\lib\unittest\mock.py", line 1118, in _mock_call
    return self._execute_mock_call(*args, **kwargs)
  File "C:\Program Files\WindowsApps\PythonSoftwareFoundation.Python.3.10_3.10.3056.0_x64__qbz5n2kfra8p0\lib\unittest\mock.py", line 1173, in _execute_mock_call
    raise effect
RuntimeError: Simulated failure

[2026-07-01 14:30:45] [TASK_1] [INFO] ============================================================
[2026-07-01 14:30:45] [TASK_1] [INFO] START TASK_1: Price Collection (vnstock OHLCV)
[2026-07-01 14:30:45] [TASK_1] [INFO] Timestamp: 2026-07-01T14:30:45.055534
[2026-07-01 14:30:45] [TASK_1] [INFO] ============================================================
[2026-07-01 14:30:45] [TASK_1] [ERROR] TASK FAILED: TASK_1 after 0.0 seconds
[2026-07-01 14:30:45] [TASK_1] [ERROR] Exception: Simulated failure
[2026-07-01 14:30:45] [TASK_1] [ERROR] Stack trace:
Traceback (most recent call last):
  File "C:\Users\User\KLTN_MASTER\pipeline\run_pipeline.py", line 659, in run_pipeline
    executor(config, task_logger, smoke_test=smoke_test)
  File "C:\Program Files\WindowsApps\PythonSoftwareFoundation.Python.3.10_3.10.3056.0_x64__qbz5n2kfra8p0\lib\unittest\mock.py", line 1114, in __call__
    return self._mock_call(*args, **kwargs)
  File "C:\Program Files\WindowsApps\PythonSoftwareFoundation.Python.3.10_3.10.3056.0_x64__qbz5n2kfra8p0\lib\unittest\mock.py", line 1118, in _mock_call
    return self._execute_mock_call(*args, **kwargs)
  File "C:\Program Files\WindowsApps\PythonSoftwareFoundation.Python.3.10_3.10.3056.0_x64__qbz5n2kfra8p0\lib\unittest\mock.py", line 1173, in _execute_mock_call
    raise effect
RuntimeError: Simulated failure

[2026-07-01 14:30:45] [TASK_1] [INFO] ============================================================
[2026-07-01 14:30:45] [TASK_1] [INFO] START TASK_1: Price Collection (vnstock OHLCV)
[2026-07-01 14:30:45] [TASK_1] [INFO] Timestamp: 2026-07-01T14:30:45.184115
[2026-07-01 14:30:45] [TASK_1] [INFO] ============================================================
[2026-07-01 14:30:45] [TASK_1] [INFO] ------------------------------------------------------------
[2026-07-01 14:30:45] [TASK_1] [INFO] END TASK_1 — completed in 0.0 seconds
[2026-07-01 14:30:45] [TASK_1] [INFO] ============================================================
[2026-07-01 14:30:45] [TASK_1] [INFO] ============================================================
[2026-07-01 14:30:45] [TASK_1] [INFO] START TASK_1: Price Collection (vnstock OHLCV)
[2026-07-01 14:30:45] [TASK_1] [INFO] Timestamp: 2026-07-01T14:30:45.894527
[2026-07-01 14:30:45] [TASK_1] [INFO] ============================================================
[2026-07-01 14:30:45] [TASK_1] [INFO] ------------------------------------------------------------
[2026-07-01 14:30:45] [TASK_1] [INFO] END TASK_1 — completed in 0.0 seconds
[2026-07-01 14:30:45] [TASK_1] [INFO] ============================================================
[2026-07-01 14:30:52] [TASK_1] [INFO] Validated 3 tickers total (3 VN30 + 0 expansion).
[2026-07-01 14:30:52] [TASK_1] [INFO] HOSE-80 expansion: 1 non-VN30 tickers included: INVALID
[2026-07-01 14:30:52] [TASK_1] [INFO] Validated 3 tickers total (2 VN30 + 1 expansion).
[2026-07-01 14:30:52] [TASK_1] [INFO] Validated 3 tickers total (3 VN30 + 0 expansion).
[2026-07-01 14:30:52] [TASK_1] [INFO] HOSE-80 expansion: 2 non-VN30 tickers included: INVALID1, INVALID2
[2026-07-01 14:30:52] [TASK_1] [INFO] Validated 2 tickers total (0 VN30 + 2 expansion).
[2026-07-01 14:30:52] [TASK_1] [INFO] Validated 30 tickers total (30 VN30 + 0 expansion).
[2026-07-01 14:30:52] [TASK_1] [WARNING] [2026-07-01 14:30:52] Error fetching VNM (attempt 1/3): API down
[2026-07-01 14:30:52] [TASK_1] [INFO] Retrying in 1s...
[2026-07-01 14:30:52] [TASK_1] [WARNING] [2026-07-01 14:30:52] Error fetching VNM (attempt 2/3): API down
[2026-07-01 14:30:52] [TASK_1] [INFO] Retrying in 2s...
[2026-07-01 14:30:52] [TASK_1] [WARNING] [2026-07-01 14:30:52] Error fetching VNM (attempt 3/3): API down
[2026-07-01 14:30:52] [TASK_1] [ERROR] [2026-07-01 14:30:52] Failed to fetch data for VNM after 3 attempts.
[2026-07-01 14:30:52] [TASK_1] [INFO] Fetched 2 rows for VNM (2024-01-02 to 2024-01-03).
[2026-07-01 14:30:52] [TASK_1] [WARNING] Empty data returned for VNM (attempt 1/3).
[2026-07-01 14:30:52] [TASK_1] [INFO] Retrying in 1s...
[2026-07-01 14:30:52] [TASK_1] [INFO] Fetched 1 rows for VNM (2024-01-02 to 2024-01-02).
[2026-07-01 14:30:52] [TASK_1] [INFO] ============================================================
[2026-07-01 14:30:52] [TASK_1] [INFO] TASK 1: Price Collection Started
[2026-07-01 14:30:52] [TASK_1] [INFO] Tickers: 1 | Date range: 2024-01-01 to 2024-01-10
[2026-07-01 14:30:52] [TASK_1] [INFO] ============================================================
[2026-07-01 14:30:52] [TASK_1] [INFO] Validated 1 tickers total (1 VN30 + 0 expansion).
[2026-07-01 14:30:52] [TASK_1] [INFO] Processing VNM (1/1)...
[2026-07-01 14:30:52] [TASK_1] [INFO] Saved VNM → C:\Users\User\AppData\Local\Temp\pytest-of-User\pytest-232\test_collect_prices_output_col0\prices\VNM.csv (2 rows)
[2026-07-01 14:30:52] [TASK_1] [INFO] Saved consolidated file → C:\Users\User\AppData\Local\Temp\pytest-of-User\pytest-232\test_collect_prices_output_col0\prices\all_vn30_prices.csv (2 rows, 1 tickers)
[2026-07-01 14:30:52] [TASK_1] [INFO] ============================================================
[2026-07-01 14:30:52] [TASK_1] [INFO] PRICE COLLECTION SUMMARY
[2026-07-01 14:30:52] [TASK_1] [INFO] ============================================================
[2026-07-01 14:30:52] [TASK_1] [INFO] Successfully collected: 1 tickers
[2026-07-01 14:30:52] [TASK_1] [INFO] Expected trading days (business-day calendar): 8
[2026-07-01 14:30:52] [TASK_1] [INFO] ------------------------------------------------------------
[2026-07-01 14:30:52] [TASK_1] [INFO] Ticker    Earliest      Latest    Days
[2026-07-01 14:30:52] [TASK_1] [INFO] ------------------------------------------------------------
[2026-07-01 14:30:52] [TASK_1] [INFO] VNM     2024-01-02  2024-01-03       2
[2026-07-01 14:30:52] [TASK_1] [WARNING] ⚠ VNM has 75.0% fewer trading days than expected (2 vs 8 expected). Check for missing data.
[2026-07-01 14:30:52] [TASK_1] [INFO] ------------------------------------------------------------
[2026-07-01 14:30:52] [TASK_1] [INFO] Total rows: 2 | Date range: 2024-01-01 to 2024-01-10
[2026-07-01 14:30:52] [TASK_1] [INFO] ============================================================
[2026-07-01 14:30:52] [TASK_1] [INFO] ============================================================
[2026-07-01 14:30:52] [TASK_1] [INFO] TASK 1: Price Collection Started
[2026-07-01 14:30:52] [TASK_1] [INFO] Tickers: 2 | Date range: 2024-01-01 to 2024-01-10
[2026-07-01 14:30:52] [TASK_1] [INFO] ============================================================
[2026-07-01 14:30:52] [TASK_1] [INFO] Validated 2 tickers total (2 VN30 + 0 expansion).
[2026-07-01 14:30:52] [TASK_1] [INFO] Processing VNM (1/2)...
[2026-07-01 14:30:52] [TASK_1] [INFO] Saved VNM → C:\Users\User\AppData\Local\Temp\pytest-of-User\pytest-232\test_individual_ticker_csv_sav0\prices\VNM.csv (1 rows)
[2026-07-01 14:30:52] [TASK_1] [INFO] Processing FPT (2/2)...
[2026-07-01 14:30:52] [TASK_1] [INFO] Saved FPT → C:\Users\User\AppData\Local\Temp\pytest-of-User\pytest-232\test_individual_ticker_csv_sav0\prices\FPT.csv (1 rows)
[2026-07-01 14:30:52] [TASK_1] [INFO] Saved consolidated file → C:\Users\User\AppData\Local\Temp\pytest-of-User\pytest-232\test_individual_ticker_csv_sav0\prices\all_vn30_prices.csv (2 rows, 2 tickers)
[2026-07-01 14:30:52] [TASK_1] [INFO] ============================================================
[2026-07-01 14:30:52] [TASK_1] [INFO] PRICE COLLECTION SUMMARY
[2026-07-01 14:30:52] [TASK_1] [INFO] ============================================================
[2026-07-01 14:30:52] [TASK_1] [INFO] Successfully collected: 2 tickers
[2026-07-01 14:30:52] [TASK_1] [INFO] Expected trading days (business-day calendar): 8
[2026-07-01 14:30:52] [TASK_1] [INFO] ------------------------------------------------------------
[2026-07-01 14:30:52] [TASK_1] [INFO] Ticker    Earliest      Latest    Days
[2026-07-01 14:30:52] [TASK_1] [INFO] ------------------------------------------------------------
[2026-07-01 14:30:52] [TASK_1] [INFO] FPT     2024-01-02  2024-01-02       1
[2026-07-01 14:30:52] [TASK_1] [WARNING] ⚠ FPT has 87.5% fewer trading days than expected (1 vs 8 expected). Check for missing data.
[2026-07-01 14:30:52] [TASK_1] [INFO] VNM     2024-01-02  2024-01-02       1
[2026-07-01 14:30:52] [TASK_1] [WARNING] ⚠ VNM has 87.5% fewer trading days than expected (1 vs 8 expected). Check for missing data.
[2026-07-01 14:30:52] [TASK_1] [INFO] ------------------------------------------------------------
[2026-07-01 14:30:52] [TASK_1] [INFO] Total rows: 2 | Date range: 2024-01-01 to 2024-01-10
[2026-07-01 14:30:52] [TASK_1] [INFO] ============================================================
[2026-07-01 14:30:52] [TASK_1] [INFO] ============================================================
[2026-07-01 14:30:52] [TASK_1] [INFO] TASK 1: Price Collection Started
[2026-07-01 14:30:52] [TASK_1] [INFO] Tickers: 2 | Date range: 2024-01-01 to 2024-01-10
[2026-07-01 14:30:52] [TASK_1] [INFO] ============================================================
[2026-07-01 14:30:53] [TASK_1] [INFO] Validated 2 tickers total (2 VN30 + 0 expansion).
[2026-07-01 14:30:53] [TASK_1] [INFO] Processing VNM (1/2)...
[2026-07-01 14:30:53] [TASK_1] [INFO] Saved VNM → C:\Users\User\AppData\Local\Temp\pytest-of-User\pytest-232\test_consolidated_csv_has_tick0\prices\VNM.csv (1 rows)
[2026-07-01 14:30:53] [TASK_1] [INFO] Processing FPT (2/2)...
[2026-07-01 14:30:53] [TASK_1] [INFO] Saved FPT → C:\Users\User\AppData\Local\Temp\pytest-of-User\pytest-232\test_consolidated_csv_has_tick0\prices\FPT.csv (1 rows)
[2026-07-01 14:30:53] [TASK_1] [INFO] Saved consolidated file → C:\Users\User\AppData\Local\Temp\pytest-of-User\pytest-232\test_consolidated_csv_has_tick0\prices\all_vn30_prices.csv (2 rows, 2 tickers)
[2026-07-01 14:30:53] [TASK_1] [INFO] ============================================================
[2026-07-01 14:30:53] [TASK_1] [INFO] PRICE COLLECTION SUMMARY
[2026-07-01 14:30:53] [TASK_1] [INFO] ============================================================
[2026-07-01 14:30:53] [TASK_1] [INFO] Successfully collected: 2 tickers
[2026-07-01 14:30:53] [TASK_1] [INFO] Expected trading days (business-day calendar): 8
[2026-07-01 14:30:53] [TASK_1] [INFO] ------------------------------------------------------------
[2026-07-01 14:30:53] [TASK_1] [INFO] Ticker    Earliest      Latest    Days
[2026-07-01 14:30:53] [TASK_1] [INFO] ------------------------------------------------------------
[2026-07-01 14:30:53] [TASK_1] [INFO] FPT     2024-01-02  2024-01-02       1
[2026-07-01 14:30:53] [TASK_1] [WARNING] ⚠ FPT has 87.5% fewer trading days than expected (1 vs 8 expected). Check for missing data.
[2026-07-01 14:30:53] [TASK_1] [INFO] VNM     2024-01-02  2024-01-02       1
[2026-07-01 14:30:53] [TASK_1] [WARNING] ⚠ VNM has 87.5% fewer trading days than expected (1 vs 8 expected). Check for missing data.
[2026-07-01 14:30:53] [TASK_1] [INFO] ------------------------------------------------------------
[2026-07-01 14:30:53] [TASK_1] [INFO] Total rows: 2 | Date range: 2024-01-01 to 2024-01-10
[2026-07-01 14:30:53] [TASK_1] [INFO] ============================================================
[2026-07-01 14:30:53] [TASK_1] [INFO] ============================================================
[2026-07-01 14:30:53] [TASK_1] [INFO] TASK 1: Price Collection Started
[2026-07-01 14:30:53] [TASK_1] [INFO] Tickers: 1 | Date range: 2024-01-01 to 2024-01-10
[2026-07-01 14:30:53] [TASK_1] [INFO] ============================================================
[2026-07-01 14:30:53] [TASK_1] [INFO] Validated 1 tickers total (1 VN30 + 0 expansion).
[2026-07-01 14:30:53] [TASK_1] [INFO] Processing VNM (1/1)...
[2026-07-01 14:30:53] [TASK_1] [ERROR] [2026-07-01 14:30:53] FAILED: VNM — no data collected. Continuing with remaining tickers.
[2026-07-01 14:30:53] [TASK_1] [INFO] ============================================================
[2026-07-01 14:30:53] [TASK_1] [INFO] TASK 1: Price Collection Started
[2026-07-01 14:30:53] [TASK_1] [INFO] Tickers: 2 | Date range: 2024-01-01 to 2024-01-10
[2026-07-01 14:30:53] [TASK_1] [INFO] ============================================================
[2026-07-01 14:30:53] [TASK_1] [INFO] Validated 2 tickers total (2 VN30 + 0 expansion).
[2026-07-01 14:30:53] [TASK_1] [INFO] Processing VNM (1/2)...
[2026-07-01 14:30:53] [TASK_1] [INFO] Saved VNM → C:\Users\User\AppData\Local\Temp\pytest-of-User\pytest-232\test_partial_failure_continues0\prices\VNM.csv (1 rows)
[2026-07-01 14:30:54] [TASK_1] [INFO] Processing FPT (2/2)...
[2026-07-01 14:30:54] [TASK_1] [ERROR] [2026-07-01 14:30:54] FAILED: FPT — no data collected. Continuing with remaining tickers.
[2026-07-01 14:30:54] [TASK_1] [INFO] Saved consolidated file → C:\Users\User\AppData\Local\Temp\pytest-of-User\pytest-232\test_partial_failure_continues0\prices\all_vn30_prices.csv (1 rows, 1 tickers)
[2026-07-01 14:30:54] [TASK_1] [INFO] ============================================================
[2026-07-01 14:30:54] [TASK_1] [INFO] PRICE COLLECTION SUMMARY
[2026-07-01 14:30:54] [TASK_1] [INFO] ============================================================
[2026-07-01 14:30:54] [TASK_1] [INFO] Successfully collected: 1 tickers
[2026-07-01 14:30:54] [TASK_1] [WARNING] Failed tickers: FPT
[2026-07-01 14:30:54] [TASK_1] [INFO] Expected trading days (business-day calendar): 8
[2026-07-01 14:30:54] [TASK_1] [INFO] ------------------------------------------------------------
[2026-07-01 14:30:54] [TASK_1] [INFO] Ticker    Earliest      Latest    Days
[2026-07-01 14:30:54] [TASK_1] [INFO] ------------------------------------------------------------
[2026-07-01 14:30:54] [TASK_1] [INFO] VNM     2024-01-02  2024-01-02       1
[2026-07-01 14:30:54] [TASK_1] [WARNING] ⚠ VNM has 87.5% fewer trading days than expected (1 vs 8 expected). Check for missing data.
[2026-07-01 14:30:54] [TASK_1] [INFO] ------------------------------------------------------------
[2026-07-01 14:30:54] [TASK_1] [INFO] Total rows: 1 | Date range: 2024-01-01 to 2024-01-10
[2026-07-01 14:30:54] [TASK_1] [INFO] ============================================================
[2026-07-01 14:30:54] [TASK_1] [WARNING] [2026-07-01 14:30:54] Error fetching VNM (attempt 1/3): API down
[2026-07-01 14:30:54] [TASK_1] [WARNING] [2026-07-01 14:30:54] Error fetching VNM (attempt 2/3): API down
[2026-07-01 14:30:54] [TASK_1] [WARNING] [2026-07-01 14:30:54] Error fetching VNM (attempt 3/3): API down
[2026-07-01 14:30:54] [TASK_1] [ERROR] [2026-07-01 14:30:54] Failed to fetch data for VNM after 3 attempts.
[2026-07-01 14:30:54] [TASK_1] [WARNING] [2026-07-01 14:30:54] Error fetching VNM (attempt 1/3): API down
[2026-07-01 14:30:54] [TASK_1] [WARNING] [2026-07-01 14:30:54] Error fetching VNM (attempt 2/3): API down
[2026-07-01 14:30:54] [TASK_1] [WARNING] [2026-07-01 14:30:54] Error fetching VNM (attempt 3/3): API down
[2026-07-01 14:30:54] [TASK_1] [ERROR] [2026-07-01 14:30:54] Failed to fetch data for VNM after 3 attempts.
[2026-07-01 14:30:54] [TASK_1] [INFO] ============================================================
[2026-07-01 14:30:54] [TASK_1] [INFO] TASK 1: Price Collection Started
[2026-07-01 14:30:54] [TASK_1] [INFO] Tickers: 3 | Date range: 2024-01-01 to 2024-01-10
[2026-07-01 14:30:54] [TASK_1] [INFO] ============================================================
[2026-07-01 14:30:54] [TASK_1] [INFO] Validated 3 tickers total (3 VN30 + 0 expansion).
[2026-07-01 14:30:54] [TASK_1] [INFO] Processing VNM (1/3)...
[2026-07-01 14:30:54] [TASK_1] [ERROR] [2026-07-01 14:30:54] FAILED: VNM — no data collected. Continuing with remaining tickers.
[2026-07-01 14:30:54] [TASK_1] [INFO] Processing VCB (2/3)...
[2026-07-01 14:30:54] [TASK_1] [INFO] Saved VCB → C:\Users\User\AppData\Local\Temp\pytest-of-User\pytest-232\test_continues_after_ticker_fa0\prices\VCB.csv (2 rows)
[2026-07-01 14:30:55] [TASK_1] [INFO] Processing FPT (3/3)...
[2026-07-01 14:30:55] [TASK_1] [INFO] Saved FPT → C:\Users\User\AppData\Local\Temp\pytest-of-User\pytest-232\test_continues_after_ticker_fa0\prices\FPT.csv (2 rows)
[2026-07-01 14:30:55] [TASK_1] [INFO] Saved consolidated file → C:\Users\User\AppData\Local\Temp\pytest-of-User\pytest-232\test_continues_after_ticker_fa0\prices\all_vn30_prices.csv (4 rows, 2 tickers)
[2026-07-01 14:30:55] [TASK_1] [INFO] ============================================================
[2026-07-01 14:30:55] [TASK_1] [INFO] PRICE COLLECTION SUMMARY
[2026-07-01 14:30:55] [TASK_1] [INFO] ============================================================
[2026-07-01 14:30:55] [TASK_1] [INFO] Successfully collected: 2 tickers
[2026-07-01 14:30:55] [TASK_1] [WARNING] Failed tickers: VNM
[2026-07-01 14:30:55] [TASK_1] [INFO] Expected trading days (business-day calendar): 8
[2026-07-01 14:30:55] [TASK_1] [INFO] ------------------------------------------------------------
[2026-07-01 14:30:55] [TASK_1] [INFO] Ticker    Earliest      Latest    Days
[2026-07-01 14:30:55] [TASK_1] [INFO] ------------------------------------------------------------
[2026-07-01 14:30:55] [TASK_1] [INFO] FPT     2024-01-02  2024-01-03       2
[2026-07-01 14:30:55] [TASK_1] [WARNING] ⚠ FPT has 75.0% fewer trading days than expected (2 vs 8 expected). Check for missing data.
[2026-07-01 14:30:55] [TASK_1] [INFO] VCB     2024-01-02  2024-01-03       2
[2026-07-01 14:30:55] [TASK_1] [WARNING] ⚠ VCB has 75.0% fewer trading days than expected (2 vs 8 expected). Check for missing data.
[2026-07-01 14:30:55] [TASK_1] [INFO] ------------------------------------------------------------
[2026-07-01 14:30:55] [TASK_1] [INFO] Total rows: 4 | Date range: 2024-01-01 to 2024-01-10
[2026-07-01 14:30:55] [TASK_1] [INFO] ============================================================
[2026-07-01 14:30:55] [TASK_1] [ERROR] [2026-07-01 14:30:55] FAILED: FPT — no data collected. Continuing with remaining tickers.
[2026-07-01 14:30:55] [TASK_1] [WARNING] Failed tickers: FPT
[2026-07-01 14:30:55] [TASK_1] [WARNING] ⚠ VNM has 87.5% fewer trading days than expected (1 vs 8 expected). Check for missing data.
[2026-07-01 14:30:55] [TASK_1] [INFO] ============================================================
[2026-07-01 14:30:55] [TASK_1] [INFO] PRICE COLLECTION SUMMARY
[2026-07-01 14:30:55] [TASK_1] [INFO] ============================================================
[2026-07-01 14:30:55] [TASK_1] [INFO] Successfully collected: 2 tickers
[2026-07-01 14:30:55] [TASK_1] [INFO] Expected trading days (business-day calendar): 3
[2026-07-01 14:30:55] [TASK_1] [INFO] ------------------------------------------------------------
[2026-07-01 14:30:55] [TASK_1] [INFO] Ticker    Earliest      Latest    Days
[2026-07-01 14:30:55] [TASK_1] [INFO] ------------------------------------------------------------
[2026-07-01 14:30:55] [TASK_1] [INFO] FPT     2024-01-02  2024-01-03       2
[2026-07-01 14:30:55] [TASK_1] [WARNING] ⚠ FPT has 33.3% fewer trading days than expected (2 vs 3 expected). Check for missing data.
[2026-07-01 14:30:55] [TASK_1] [INFO] VNM     2024-01-02  2024-01-04       3
[2026-07-01 14:30:55] [TASK_1] [INFO] ------------------------------------------------------------
[2026-07-01 14:30:55] [TASK_1] [INFO] Total rows: 5 | Date range: 2024-01-02 to 2024-01-04
[2026-07-01 14:30:55] [TASK_1] [INFO] ============================================================
[2026-07-01 14:30:55] [TASK_1] [WARNING] ⚠ FPT has 53.1% fewer trading days than expected (30 vs 64 expected). Check for missing data.
[2026-07-01 14:30:55] [TASK_1] [WARNING] ⚠ VNM has 6.2% fewer trading days than expected (60 vs 64 expected). Check for missing data.
[2026-07-01 14:30:55] [TASK_1] [WARNING] Failed tickers: FPT, VCB
[2026-07-01 14:30:55] [TASK_1] [INFO] ============================================================
[2026-07-01 14:30:55] [TASK_1] [INFO] PRICE COLLECTION SUMMARY
[2026-07-01 14:30:55] [TASK_1] [INFO] ============================================================
[2026-07-01 14:30:55] [TASK_1] [INFO] Successfully collected: 1 tickers
[2026-07-01 14:30:55] [TASK_1] [INFO] Expected trading days (business-day calendar): 4
[2026-07-01 14:30:55] [TASK_1] [INFO] ------------------------------------------------------------
[2026-07-01 14:30:55] [TASK_1] [INFO] Ticker    Earliest      Latest    Days
[2026-07-01 14:30:55] [TASK_1] [INFO] ------------------------------------------------------------
[2026-07-01 14:30:55] [TASK_1] [INFO] VNM     2024-01-02  2024-01-02       1
[2026-07-01 14:30:55] [TASK_1] [WARNING] ⚠ VNM has 75.0% fewer trading days than expected (1 vs 4 expected). Check for missing data.
[2026-07-01 14:30:55] [TASK_1] [INFO] ------------------------------------------------------------
[2026-07-01 14:30:55] [TASK_1] [INFO] Total rows: 1 | Date range: 2024-01-02 to 2024-01-05
[2026-07-01 14:30:55] [TASK_1] [INFO] ============================================================
[2026-07-01 14:31:45] [TASK_1] [INFO] ============================================================
[2026-07-01 14:31:45] [TASK_1] [INFO] START TASK_1: Price Collection (vnstock OHLCV)
[2026-07-01 14:31:45] [TASK_1] [INFO] Timestamp: 2026-07-01T14:31:45.042999
[2026-07-01 14:31:45] [TASK_1] [INFO] ============================================================
[2026-07-01 14:31:45] [TASK_1] [ERROR] TASK FAILED: TASK_1 after 0.0 seconds
[2026-07-01 14:31:45] [TASK_1] [ERROR] Exception: Simulated failure
[2026-07-01 14:31:45] [TASK_1] [ERROR] Stack trace:
Traceback (most recent call last):
  File "C:\Users\User\KLTN_MASTER\pipeline\run_pipeline.py", line 659, in run_pipeline
    executor(config, task_logger, smoke_test=smoke_test)
  File "C:\Program Files\WindowsApps\PythonSoftwareFoundation.Python.3.10_3.10.3056.0_x64__qbz5n2kfra8p0\lib\unittest\mock.py", line 1114, in __call__
    return self._mock_call(*args, **kwargs)
  File "C:\Program Files\WindowsApps\PythonSoftwareFoundation.Python.3.10_3.10.3056.0_x64__qbz5n2kfra8p0\lib\unittest\mock.py", line 1118, in _mock_call
    return self._execute_mock_call(*args, **kwargs)
  File "C:\Program Files\WindowsApps\PythonSoftwareFoundation.Python.3.10_3.10.3056.0_x64__qbz5n2kfra8p0\lib\unittest\mock.py", line 1173, in _execute_mock_call
    raise effect
RuntimeError: Simulated failure

[2026-07-01 14:31:45] [TASK_1] [INFO] ============================================================
[2026-07-01 14:31:45] [TASK_1] [INFO] START TASK_1: Price Collection (vnstock OHLCV)
[2026-07-01 14:31:45] [TASK_1] [INFO] Timestamp: 2026-07-01T14:31:45.057368
[2026-07-01 14:31:45] [TASK_1] [INFO] ============================================================
[2026-07-01 14:31:45] [TASK_1] [ERROR] TASK FAILED: TASK_1 after 0.0 seconds
[2026-07-01 14:31:45] [TASK_1] [ERROR] Exception: Simulated failure
[2026-07-01 14:31:45] [TASK_1] [ERROR] Stack trace:
Traceback (most recent call last):
  File "C:\Users\User\KLTN_MASTER\pipeline\run_pipeline.py", line 659, in run_pipeline
    executor(config, task_logger, smoke_test=smoke_test)
  File "C:\Program Files\WindowsApps\PythonSoftwareFoundation.Python.3.10_3.10.3056.0_x64__qbz5n2kfra8p0\lib\unittest\mock.py", line 1114, in __call__
    return self._mock_call(*args, **kwargs)
  File "C:\Program Files\WindowsApps\PythonSoftwareFoundation.Python.3.10_3.10.3056.0_x64__qbz5n2kfra8p0\lib\unittest\mock.py", line 1118, in _mock_call
    return self._execute_mock_call(*args, **kwargs)
  File "C:\Program Files\WindowsApps\PythonSoftwareFoundation.Python.3.10_3.10.3056.0_x64__qbz5n2kfra8p0\lib\unittest\mock.py", line 1173, in _execute_mock_call
    raise effect
RuntimeError: Simulated failure

[2026-07-01 14:31:45] [TASK_1] [INFO] ============================================================
[2026-07-01 14:31:45] [TASK_1] [INFO] START TASK_1: Price Collection (vnstock OHLCV)
[2026-07-01 14:31:45] [TASK_1] [INFO] Timestamp: 2026-07-01T14:31:45.159009
[2026-07-01 14:31:45] [TASK_1] [INFO] ============================================================
[2026-07-01 14:31:45] [TASK_1] [INFO] ------------------------------------------------------------
[2026-07-01 14:31:45] [TASK_1] [INFO] END TASK_1 — completed in 0.0 seconds
[2026-07-01 14:31:45] [TASK_1] [INFO] ============================================================
[2026-07-01 14:31:45] [TASK_1] [INFO] ============================================================
[2026-07-01 14:31:45] [TASK_1] [INFO] START TASK_1: Price Collection (vnstock OHLCV)
[2026-07-01 14:31:45] [TASK_1] [INFO] Timestamp: 2026-07-01T14:31:45.856738
[2026-07-01 14:31:45] [TASK_1] [INFO] ============================================================
[2026-07-01 14:31:45] [TASK_1] [INFO] ------------------------------------------------------------
[2026-07-01 14:31:45] [TASK_1] [INFO] END TASK_1 — completed in 0.0 seconds
[2026-07-01 14:31:45] [TASK_1] [INFO] ============================================================
[2026-07-01 14:31:52] [TASK_1] [INFO] Validated 3 tickers total (3 VN30 + 0 expansion).
[2026-07-01 14:31:52] [TASK_1] [INFO] HOSE-80 expansion: 1 non-VN30 tickers included: INVALID
[2026-07-01 14:31:52] [TASK_1] [INFO] Validated 3 tickers total (2 VN30 + 1 expansion).
[2026-07-01 14:31:52] [TASK_1] [INFO] Validated 3 tickers total (3 VN30 + 0 expansion).
[2026-07-01 14:31:52] [TASK_1] [INFO] HOSE-80 expansion: 2 non-VN30 tickers included: INVALID1, INVALID2
[2026-07-01 14:31:52] [TASK_1] [INFO] Validated 2 tickers total (0 VN30 + 2 expansion).
[2026-07-01 14:31:52] [TASK_1] [INFO] Validated 30 tickers total (30 VN30 + 0 expansion).
[2026-07-01 14:31:52] [TASK_1] [WARNING] [2026-07-01 14:31:52] Error fetching VNM (attempt 1/3): API down
[2026-07-01 14:31:52] [TASK_1] [INFO] Retrying in 1s...
[2026-07-01 14:31:52] [TASK_1] [WARNING] [2026-07-01 14:31:52] Error fetching VNM (attempt 2/3): API down
[2026-07-01 14:31:52] [TASK_1] [INFO] Retrying in 2s...
[2026-07-01 14:31:52] [TASK_1] [WARNING] [2026-07-01 14:31:52] Error fetching VNM (attempt 3/3): API down
[2026-07-01 14:31:52] [TASK_1] [ERROR] [2026-07-01 14:31:52] Failed to fetch data for VNM after 3 attempts.
[2026-07-01 14:31:52] [TASK_1] [INFO] Fetched 2 rows for VNM (2024-01-02 to 2024-01-03).
[2026-07-01 14:31:52] [TASK_1] [WARNING] Empty data returned for VNM (attempt 1/3).
[2026-07-01 14:31:52] [TASK_1] [INFO] Retrying in 1s...
[2026-07-01 14:31:52] [TASK_1] [INFO] Fetched 1 rows for VNM (2024-01-02 to 2024-01-02).
[2026-07-01 14:31:52] [TASK_1] [INFO] ============================================================
[2026-07-01 14:31:52] [TASK_1] [INFO] TASK 1: Price Collection Started
[2026-07-01 14:31:52] [TASK_1] [INFO] Tickers: 1 | Date range: 2024-01-01 to 2024-01-10
[2026-07-01 14:31:52] [TASK_1] [INFO] ============================================================
[2026-07-01 14:31:52] [TASK_1] [INFO] Validated 1 tickers total (1 VN30 + 0 expansion).
[2026-07-01 14:31:52] [TASK_1] [INFO] Processing VNM (1/1)...
[2026-07-01 14:31:52] [TASK_1] [INFO] Saved VNM → C:\Users\User\AppData\Local\Temp\pytest-of-User\pytest-233\test_collect_prices_output_col0\prices\VNM.csv (2 rows)
[2026-07-01 14:31:52] [TASK_1] [INFO] Saved consolidated file → C:\Users\User\AppData\Local\Temp\pytest-of-User\pytest-233\test_collect_prices_output_col0\prices\all_vn30_prices.csv (2 rows, 1 tickers)
[2026-07-01 14:31:52] [TASK_1] [INFO] ============================================================
[2026-07-01 14:31:52] [TASK_1] [INFO] PRICE COLLECTION SUMMARY
[2026-07-01 14:31:52] [TASK_1] [INFO] ============================================================
[2026-07-01 14:31:52] [TASK_1] [INFO] Successfully collected: 1 tickers
[2026-07-01 14:31:52] [TASK_1] [INFO] Expected trading days (business-day calendar): 8
[2026-07-01 14:31:52] [TASK_1] [INFO] ------------------------------------------------------------
[2026-07-01 14:31:52] [TASK_1] [INFO] Ticker    Earliest      Latest    Days
[2026-07-01 14:31:52] [TASK_1] [INFO] ------------------------------------------------------------
[2026-07-01 14:31:52] [TASK_1] [INFO] VNM     2024-01-02  2024-01-03       2
[2026-07-01 14:31:52] [TASK_1] [WARNING] ⚠ VNM has 75.0% fewer trading days than expected (2 vs 8 expected). Check for missing data.
[2026-07-01 14:31:52] [TASK_1] [INFO] ------------------------------------------------------------
[2026-07-01 14:31:52] [TASK_1] [INFO] Total rows: 2 | Date range: 2024-01-01 to 2024-01-10
[2026-07-01 14:31:52] [TASK_1] [INFO] ============================================================
[2026-07-01 14:31:52] [TASK_1] [INFO] ============================================================
[2026-07-01 14:31:52] [TASK_1] [INFO] TASK 1: Price Collection Started
[2026-07-01 14:31:52] [TASK_1] [INFO] Tickers: 2 | Date range: 2024-01-01 to 2024-01-10
[2026-07-01 14:31:52] [TASK_1] [INFO] ============================================================
[2026-07-01 14:31:52] [TASK_1] [INFO] Validated 2 tickers total (2 VN30 + 0 expansion).
[2026-07-01 14:31:52] [TASK_1] [INFO] Processing VNM (1/2)...
[2026-07-01 14:31:52] [TASK_1] [INFO] Saved VNM → C:\Users\User\AppData\Local\Temp\pytest-of-User\pytest-233\test_individual_ticker_csv_sav0\prices\VNM.csv (1 rows)
[2026-07-01 14:31:52] [TASK_1] [INFO] Processing FPT (2/2)...
[2026-07-01 14:31:52] [TASK_1] [INFO] Saved FPT → C:\Users\User\AppData\Local\Temp\pytest-of-User\pytest-233\test_individual_ticker_csv_sav0\prices\FPT.csv (1 rows)
[2026-07-01 14:31:52] [TASK_1] [INFO] Saved consolidated file → C:\Users\User\AppData\Local\Temp\pytest-of-User\pytest-233\test_individual_ticker_csv_sav0\prices\all_vn30_prices.csv (2 rows, 2 tickers)
[2026-07-01 14:31:52] [TASK_1] [INFO] ============================================================
[2026-07-01 14:31:52] [TASK_1] [INFO] PRICE COLLECTION SUMMARY
[2026-07-01 14:31:52] [TASK_1] [INFO] ============================================================
[2026-07-01 14:31:52] [TASK_1] [INFO] Successfully collected: 2 tickers
[2026-07-01 14:31:52] [TASK_1] [INFO] Expected trading days (business-day calendar): 8
[2026-07-01 14:31:52] [TASK_1] [INFO] ------------------------------------------------------------
[2026-07-01 14:31:52] [TASK_1] [INFO] Ticker    Earliest      Latest    Days
[2026-07-01 14:31:52] [TASK_1] [INFO] ------------------------------------------------------------
[2026-07-01 14:31:52] [TASK_1] [INFO] FPT     2024-01-02  2024-01-02       1
[2026-07-01 14:31:52] [TASK_1] [WARNING] ⚠ FPT has 87.5% fewer trading days than expected (1 vs 8 expected). Check for missing data.
[2026-07-01 14:31:52] [TASK_1] [INFO] VNM     2024-01-02  2024-01-02       1
[2026-07-01 14:31:52] [TASK_1] [WARNING] ⚠ VNM has 87.5% fewer trading days than expected (1 vs 8 expected). Check for missing data.
[2026-07-01 14:31:52] [TASK_1] [INFO] ------------------------------------------------------------
[2026-07-01 14:31:52] [TASK_1] [INFO] Total rows: 2 | Date range: 2024-01-01 to 2024-01-10
[2026-07-01 14:31:52] [TASK_1] [INFO] ============================================================
[2026-07-01 14:31:52] [TASK_1] [INFO] ============================================================
[2026-07-01 14:31:52] [TASK_1] [INFO] TASK 1: Price Collection Started
[2026-07-01 14:31:52] [TASK_1] [INFO] Tickers: 2 | Date range: 2024-01-01 to 2024-01-10
[2026-07-01 14:31:52] [TASK_1] [INFO] ============================================================
[2026-07-01 14:31:52] [TASK_1] [INFO] Validated 2 tickers total (2 VN30 + 0 expansion).
[2026-07-01 14:31:52] [TASK_1] [INFO] Processing VNM (1/2)...
[2026-07-01 14:31:52] [TASK_1] [INFO] Saved VNM → C:\Users\User\AppData\Local\Temp\pytest-of-User\pytest-233\test_consolidated_csv_has_tick0\prices\VNM.csv (1 rows)
[2026-07-01 14:31:53] [TASK_1] [INFO] Processing FPT (2/2)...
[2026-07-01 14:31:53] [TASK_1] [INFO] Saved FPT → C:\Users\User\AppData\Local\Temp\pytest-of-User\pytest-233\test_consolidated_csv_has_tick0\prices\FPT.csv (1 rows)
[2026-07-01 14:31:53] [TASK_1] [INFO] Saved consolidated file → C:\Users\User\AppData\Local\Temp\pytest-of-User\pytest-233\test_consolidated_csv_has_tick0\prices\all_vn30_prices.csv (2 rows, 2 tickers)
[2026-07-01 14:31:53] [TASK_1] [INFO] ============================================================
[2026-07-01 14:31:53] [TASK_1] [INFO] PRICE COLLECTION SUMMARY
[2026-07-01 14:31:53] [TASK_1] [INFO] ============================================================
[2026-07-01 14:31:53] [TASK_1] [INFO] Successfully collected: 2 tickers
[2026-07-01 14:31:53] [TASK_1] [INFO] Expected trading days (business-day calendar): 8
[2026-07-01 14:31:53] [TASK_1] [INFO] ------------------------------------------------------------
[2026-07-01 14:31:53] [TASK_1] [INFO] Ticker    Earliest      Latest    Days
[2026-07-01 14:31:53] [TASK_1] [INFO] ------------------------------------------------------------
[2026-07-01 14:31:53] [TASK_1] [INFO] FPT     2024-01-02  2024-01-02       1
[2026-07-01 14:31:53] [TASK_1] [WARNING] ⚠ FPT has 87.5% fewer trading days than expected (1 vs 8 expected). Check for missing data.
[2026-07-01 14:31:53] [TASK_1] [INFO] VNM     2024-01-02  2024-01-02       1
[2026-07-01 14:31:53] [TASK_1] [WARNING] ⚠ VNM has 87.5% fewer trading days than expected (1 vs 8 expected). Check for missing data.
[2026-07-01 14:31:53] [TASK_1] [INFO] ------------------------------------------------------------
[2026-07-01 14:31:53] [TASK_1] [INFO] Total rows: 2 | Date range: 2024-01-01 to 2024-01-10
[2026-07-01 14:31:53] [TASK_1] [INFO] ============================================================
[2026-07-01 14:31:53] [TASK_1] [INFO] ============================================================
[2026-07-01 14:31:53] [TASK_1] [INFO] TASK 1: Price Collection Started
[2026-07-01 14:31:53] [TASK_1] [INFO] Tickers: 1 | Date range: 2024-01-01 to 2024-01-10
[2026-07-01 14:31:53] [TASK_1] [INFO] ============================================================
[2026-07-01 14:31:53] [TASK_1] [INFO] Validated 1 tickers total (1 VN30 + 0 expansion).
[2026-07-01 14:31:53] [TASK_1] [INFO] Processing VNM (1/1)...
[2026-07-01 14:31:53] [TASK_1] [ERROR] [2026-07-01 14:31:53] FAILED: VNM — no data collected. Continuing with remaining tickers.
[2026-07-01 14:31:53] [TASK_1] [INFO] ============================================================
[2026-07-01 14:31:53] [TASK_1] [INFO] TASK 1: Price Collection Started
[2026-07-01 14:31:53] [TASK_1] [INFO] Tickers: 2 | Date range: 2024-01-01 to 2024-01-10
[2026-07-01 14:31:53] [TASK_1] [INFO] ============================================================
[2026-07-01 14:31:53] [TASK_1] [INFO] Validated 2 tickers total (2 VN30 + 0 expansion).
[2026-07-01 14:31:53] [TASK_1] [INFO] Processing VNM (1/2)...
[2026-07-01 14:31:53] [TASK_1] [INFO] Saved VNM → C:\Users\User\AppData\Local\Temp\pytest-of-User\pytest-233\test_partial_failure_continues0\prices\VNM.csv (1 rows)
[2026-07-01 14:31:54] [TASK_1] [INFO] Processing FPT (2/2)...
[2026-07-01 14:31:54] [TASK_1] [ERROR] [2026-07-01 14:31:54] FAILED: FPT — no data collected. Continuing with remaining tickers.
[2026-07-01 14:31:54] [TASK_1] [INFO] Saved consolidated file → C:\Users\User\AppData\Local\Temp\pytest-of-User\pytest-233\test_partial_failure_continues0\prices\all_vn30_prices.csv (1 rows, 1 tickers)
[2026-07-01 14:31:54] [TASK_1] [INFO] ============================================================
[2026-07-01 14:31:54] [TASK_1] [INFO] PRICE COLLECTION SUMMARY
[2026-07-01 14:31:54] [TASK_1] [INFO] ============================================================
[2026-07-01 14:31:54] [TASK_1] [INFO] Successfully collected: 1 tickers
[2026-07-01 14:31:54] [TASK_1] [WARNING] Failed tickers: FPT
[2026-07-01 14:31:54] [TASK_1] [INFO] Expected trading days (business-day calendar): 8
[2026-07-01 14:31:54] [TASK_1] [INFO] ------------------------------------------------------------
[2026-07-01 14:31:54] [TASK_1] [INFO] Ticker    Earliest      Latest    Days
[2026-07-01 14:31:54] [TASK_1] [INFO] ------------------------------------------------------------
[2026-07-01 14:31:54] [TASK_1] [INFO] VNM     2024-01-02  2024-01-02       1
[2026-07-01 14:31:54] [TASK_1] [WARNING] ⚠ VNM has 87.5% fewer trading days than expected (1 vs 8 expected). Check for missing data.
[2026-07-01 14:31:54] [TASK_1] [INFO] ------------------------------------------------------------
[2026-07-01 14:31:54] [TASK_1] [INFO] Total rows: 1 | Date range: 2024-01-01 to 2024-01-10
[2026-07-01 14:31:54] [TASK_1] [INFO] ============================================================
[2026-07-01 14:31:54] [TASK_1] [WARNING] [2026-07-01 14:31:54] Error fetching VNM (attempt 1/3): API down
[2026-07-01 14:31:54] [TASK_1] [WARNING] [2026-07-01 14:31:54] Error fetching VNM (attempt 2/3): API down
[2026-07-01 14:31:54] [TASK_1] [WARNING] [2026-07-01 14:31:54] Error fetching VNM (attempt 3/3): API down
[2026-07-01 14:31:54] [TASK_1] [ERROR] [2026-07-01 14:31:54] Failed to fetch data for VNM after 3 attempts.
[2026-07-01 14:31:54] [TASK_1] [WARNING] [2026-07-01 14:31:54] Error fetching VNM (attempt 1/3): API down
[2026-07-01 14:31:54] [TASK_1] [WARNING] [2026-07-01 14:31:54] Error fetching VNM (attempt 2/3): API down
[2026-07-01 14:31:54] [TASK_1] [WARNING] [2026-07-01 14:31:54] Error fetching VNM (attempt 3/3): API down
[2026-07-01 14:31:54] [TASK_1] [ERROR] [2026-07-01 14:31:54] Failed to fetch data for VNM after 3 attempts.
[2026-07-01 14:31:54] [TASK_1] [INFO] ============================================================
[2026-07-01 14:31:54] [TASK_1] [INFO] TASK 1: Price Collection Started
[2026-07-01 14:31:54] [TASK_1] [INFO] Tickers: 3 | Date range: 2024-01-01 to 2024-01-10
[2026-07-01 14:31:54] [TASK_1] [INFO] ============================================================
[2026-07-01 14:31:54] [TASK_1] [INFO] Validated 3 tickers total (3 VN30 + 0 expansion).
[2026-07-01 14:31:54] [TASK_1] [INFO] Processing VNM (1/3)...
[2026-07-01 14:31:54] [TASK_1] [ERROR] [2026-07-01 14:31:54] FAILED: VNM — no data collected. Continuing with remaining tickers.
[2026-07-01 14:31:54] [TASK_1] [INFO] Processing VCB (2/3)...
[2026-07-01 14:31:54] [TASK_1] [INFO] Saved VCB → C:\Users\User\AppData\Local\Temp\pytest-of-User\pytest-233\test_continues_after_ticker_fa0\prices\VCB.csv (2 rows)
[2026-07-01 14:31:55] [TASK_1] [INFO] Processing FPT (3/3)...
[2026-07-01 14:31:55] [TASK_1] [INFO] Saved FPT → C:\Users\User\AppData\Local\Temp\pytest-of-User\pytest-233\test_continues_after_ticker_fa0\prices\FPT.csv (2 rows)
[2026-07-01 14:31:55] [TASK_1] [INFO] Saved consolidated file → C:\Users\User\AppData\Local\Temp\pytest-of-User\pytest-233\test_continues_after_ticker_fa0\prices\all_vn30_prices.csv (4 rows, 2 tickers)
[2026-07-01 14:31:55] [TASK_1] [INFO] ============================================================
[2026-07-01 14:31:55] [TASK_1] [INFO] PRICE COLLECTION SUMMARY
[2026-07-01 14:31:55] [TASK_1] [INFO] ============================================================
[2026-07-01 14:31:55] [TASK_1] [INFO] Successfully collected: 2 tickers
[2026-07-01 14:31:55] [TASK_1] [WARNING] Failed tickers: VNM
[2026-07-01 14:31:55] [TASK_1] [INFO] Expected trading days (business-day calendar): 8
[2026-07-01 14:31:55] [TASK_1] [INFO] ------------------------------------------------------------
[2026-07-01 14:31:55] [TASK_1] [INFO] Ticker    Earliest      Latest    Days
[2026-07-01 14:31:55] [TASK_1] [INFO] ------------------------------------------------------------
[2026-07-01 14:31:55] [TASK_1] [INFO] FPT     2024-01-02  2024-01-03       2
[2026-07-01 14:31:55] [TASK_1] [WARNING] ⚠ FPT has 75.0% fewer trading days than expected (2 vs 8 expected). Check for missing data.
[2026-07-01 14:31:55] [TASK_1] [INFO] VCB     2024-01-02  2024-01-03       2
[2026-07-01 14:31:55] [TASK_1] [WARNING] ⚠ VCB has 75.0% fewer trading days than expected (2 vs 8 expected). Check for missing data.
[2026-07-01 14:31:55] [TASK_1] [INFO] ------------------------------------------------------------
[2026-07-01 14:31:55] [TASK_1] [INFO] Total rows: 4 | Date range: 2024-01-01 to 2024-01-10
[2026-07-01 14:31:55] [TASK_1] [INFO] ============================================================
[2026-07-01 14:31:55] [TASK_1] [ERROR] [2026-07-01 14:31:55] FAILED: FPT — no data collected. Continuing with remaining tickers.
[2026-07-01 14:31:55] [TASK_1] [WARNING] Failed tickers: FPT
[2026-07-01 14:31:55] [TASK_1] [WARNING] ⚠ VNM has 87.5% fewer trading days than expected (1 vs 8 expected). Check for missing data.
[2026-07-01 14:31:55] [TASK_1] [INFO] ============================================================
[2026-07-01 14:31:55] [TASK_1] [INFO] PRICE COLLECTION SUMMARY
[2026-07-01 14:31:55] [TASK_1] [INFO] ============================================================
[2026-07-01 14:31:55] [TASK_1] [INFO] Successfully collected: 2 tickers
[2026-07-01 14:31:55] [TASK_1] [INFO] Expected trading days (business-day calendar): 3
[2026-07-01 14:31:55] [TASK_1] [INFO] ------------------------------------------------------------
[2026-07-01 14:31:55] [TASK_1] [INFO] Ticker    Earliest      Latest    Days
[2026-07-01 14:31:55] [TASK_1] [INFO] ------------------------------------------------------------
[2026-07-01 14:31:55] [TASK_1] [INFO] FPT     2024-01-02  2024-01-03       2
[2026-07-01 14:31:55] [TASK_1] [WARNING] ⚠ FPT has 33.3% fewer trading days than expected (2 vs 3 expected). Check for missing data.
[2026-07-01 14:31:55] [TASK_1] [INFO] VNM     2024-01-02  2024-01-04       3
[2026-07-01 14:31:55] [TASK_1] [INFO] ------------------------------------------------------------
[2026-07-01 14:31:55] [TASK_1] [INFO] Total rows: 5 | Date range: 2024-01-02 to 2024-01-04
[2026-07-01 14:31:55] [TASK_1] [INFO] ============================================================
[2026-07-01 14:31:55] [TASK_1] [WARNING] ⚠ FPT has 53.1% fewer trading days than expected (30 vs 64 expected). Check for missing data.
[2026-07-01 14:31:55] [TASK_1] [WARNING] ⚠ VNM has 6.2% fewer trading days than expected (60 vs 64 expected). Check for missing data.
[2026-07-01 14:31:55] [TASK_1] [WARNING] Failed tickers: FPT, VCB
[2026-07-01 14:31:55] [TASK_1] [INFO] ============================================================
[2026-07-01 14:31:55] [TASK_1] [INFO] PRICE COLLECTION SUMMARY
[2026-07-01 14:31:55] [TASK_1] [INFO] ============================================================
[2026-07-01 14:31:55] [TASK_1] [INFO] Successfully collected: 1 tickers
[2026-07-01 14:31:55] [TASK_1] [INFO] Expected trading days (business-day calendar): 4
[2026-07-01 14:31:55] [TASK_1] [INFO] ------------------------------------------------------------
[2026-07-01 14:31:55] [TASK_1] [INFO] Ticker    Earliest      Latest    Days
[2026-07-01 14:31:55] [TASK_1] [INFO] ------------------------------------------------------------
[2026-07-01 14:31:55] [TASK_1] [INFO] VNM     2024-01-02  2024-01-02       1
[2026-07-01 14:31:55] [TASK_1] [WARNING] ⚠ VNM has 75.0% fewer trading days than expected (1 vs 4 expected). Check for missing data.
[2026-07-01 14:31:55] [TASK_1] [INFO] ------------------------------------------------------------
[2026-07-01 14:31:55] [TASK_1] [INFO] Total rows: 1 | Date range: 2024-01-02 to 2024-01-05
[2026-07-01 14:31:55] [TASK_1] [INFO] ============================================================
[2026-07-01 14:48:16] [TASK_1] [INFO] ============================================================
[2026-07-01 14:48:16] [TASK_1] [INFO] START TASK_1: Price Collection (vnstock OHLCV)
[2026-07-01 14:48:16] [TASK_1] [INFO] Timestamp: 2026-07-01T14:48:16.529136
[2026-07-01 14:48:16] [TASK_1] [INFO] ============================================================
[2026-07-01 14:48:16] [TASK_1] [ERROR] TASK FAILED: TASK_1 after 0.0 seconds
[2026-07-01 14:48:16] [TASK_1] [ERROR] Exception: Simulated failure
[2026-07-01 14:48:16] [TASK_1] [ERROR] Stack trace:
Traceback (most recent call last):
  File "C:\Users\User\KLTN_MASTER\pipeline\run_pipeline.py", line 659, in run_pipeline
    executor(config, task_logger, smoke_test=smoke_test)
  File "C:\Program Files\WindowsApps\PythonSoftwareFoundation.Python.3.10_3.10.3056.0_x64__qbz5n2kfra8p0\lib\unittest\mock.py", line 1114, in __call__
    return self._mock_call(*args, **kwargs)
  File "C:\Program Files\WindowsApps\PythonSoftwareFoundation.Python.3.10_3.10.3056.0_x64__qbz5n2kfra8p0\lib\unittest\mock.py", line 1118, in _mock_call
    return self._execute_mock_call(*args, **kwargs)
  File "C:\Program Files\WindowsApps\PythonSoftwareFoundation.Python.3.10_3.10.3056.0_x64__qbz5n2kfra8p0\lib\unittest\mock.py", line 1173, in _execute_mock_call
    raise effect
RuntimeError: Simulated failure

[2026-07-01 14:48:16] [TASK_1] [INFO] ============================================================
[2026-07-01 14:48:16] [TASK_1] [INFO] START TASK_1: Price Collection (vnstock OHLCV)
[2026-07-01 14:48:16] [TASK_1] [INFO] Timestamp: 2026-07-01T14:48:16.529136
[2026-07-01 14:48:16] [TASK_1] [INFO] ============================================================
[2026-07-01 14:48:16] [TASK_1] [ERROR] TASK FAILED: TASK_1 after 0.0 seconds
[2026-07-01 14:48:16] [TASK_1] [ERROR] Exception: Simulated failure
[2026-07-01 14:48:16] [TASK_1] [ERROR] Stack trace:
Traceback (most recent call last):
  File "C:\Users\User\KLTN_MASTER\pipeline\run_pipeline.py", line 659, in run_pipeline
    executor(config, task_logger, smoke_test=smoke_test)
  File "C:\Program Files\WindowsApps\PythonSoftwareFoundation.Python.3.10_3.10.3056.0_x64__qbz5n2kfra8p0\lib\unittest\mock.py", line 1114, in __call__
    return self._mock_call(*args, **kwargs)
  File "C:\Program Files\WindowsApps\PythonSoftwareFoundation.Python.3.10_3.10.3056.0_x64__qbz5n2kfra8p0\lib\unittest\mock.py", line 1118, in _mock_call
    return self._execute_mock_call(*args, **kwargs)
  File "C:\Program Files\WindowsApps\PythonSoftwareFoundation.Python.3.10_3.10.3056.0_x64__qbz5n2kfra8p0\lib\unittest\mock.py", line 1173, in _execute_mock_call
    raise effect
RuntimeError: Simulated failure

[2026-07-01 14:48:16] [TASK_1] [INFO] ============================================================
[2026-07-01 14:48:16] [TASK_1] [INFO] START TASK_1: Price Collection (vnstock OHLCV)
[2026-07-01 14:48:16] [TASK_1] [INFO] Timestamp: 2026-07-01T14:48:16.659284
[2026-07-01 14:48:16] [TASK_1] [INFO] ============================================================
[2026-07-01 14:48:16] [TASK_1] [INFO] ------------------------------------------------------------
[2026-07-01 14:48:16] [TASK_1] [INFO] END TASK_1 — completed in 0.0 seconds
[2026-07-01 14:48:16] [TASK_1] [INFO] ============================================================
[2026-07-01 14:48:17] [TASK_1] [INFO] ============================================================
[2026-07-01 14:48:17] [TASK_1] [INFO] START TASK_1: Price Collection (vnstock OHLCV)
[2026-07-01 14:48:17] [TASK_1] [INFO] Timestamp: 2026-07-01T14:48:17.374767
[2026-07-01 14:48:17] [TASK_1] [INFO] ============================================================
[2026-07-01 14:48:17] [TASK_1] [INFO] ------------------------------------------------------------
[2026-07-01 14:48:17] [TASK_1] [INFO] END TASK_1 — completed in 0.0 seconds
[2026-07-01 14:48:17] [TASK_1] [INFO] ============================================================
[2026-07-01 14:48:23] [TASK_1] [INFO] Validated 3 tickers total (3 VN30 + 0 expansion).
[2026-07-01 14:48:23] [TASK_1] [INFO] HOSE-80 expansion: 1 non-VN30 tickers included: INVALID
[2026-07-01 14:48:23] [TASK_1] [INFO] Validated 3 tickers total (2 VN30 + 1 expansion).
[2026-07-01 14:48:23] [TASK_1] [INFO] Validated 3 tickers total (3 VN30 + 0 expansion).
[2026-07-01 14:48:23] [TASK_1] [INFO] HOSE-80 expansion: 2 non-VN30 tickers included: INVALID1, INVALID2
[2026-07-01 14:48:23] [TASK_1] [INFO] Validated 2 tickers total (0 VN30 + 2 expansion).
[2026-07-01 14:48:23] [TASK_1] [INFO] Validated 30 tickers total (30 VN30 + 0 expansion).
[2026-07-01 14:48:23] [TASK_1] [WARNING] [2026-07-01 14:48:23] Error fetching VNM (attempt 1/3): API down
[2026-07-01 14:48:23] [TASK_1] [INFO] Retrying in 1s...
[2026-07-01 14:48:23] [TASK_1] [WARNING] [2026-07-01 14:48:23] Error fetching VNM (attempt 2/3): API down
[2026-07-01 14:48:23] [TASK_1] [INFO] Retrying in 2s...
[2026-07-01 14:48:23] [TASK_1] [WARNING] [2026-07-01 14:48:23] Error fetching VNM (attempt 3/3): API down
[2026-07-01 14:48:23] [TASK_1] [ERROR] [2026-07-01 14:48:23] Failed to fetch data for VNM after 3 attempts.
[2026-07-01 14:48:23] [TASK_1] [INFO] Fetched 2 rows for VNM (2024-01-02 to 2024-01-03).
[2026-07-01 14:48:23] [TASK_1] [WARNING] Empty data returned for VNM (attempt 1/3).
[2026-07-01 14:48:23] [TASK_1] [INFO] Retrying in 1s...
[2026-07-01 14:48:23] [TASK_1] [INFO] Fetched 1 rows for VNM (2024-01-02 to 2024-01-02).
[2026-07-01 14:48:23] [TASK_1] [INFO] ============================================================
[2026-07-01 14:48:23] [TASK_1] [INFO] TASK 1: Price Collection Started
[2026-07-01 14:48:23] [TASK_1] [INFO] Tickers: 1 | Date range: 2024-01-01 to 2024-01-10
[2026-07-01 14:48:23] [TASK_1] [INFO] ============================================================
[2026-07-01 14:48:23] [TASK_1] [INFO] Validated 1 tickers total (1 VN30 + 0 expansion).
[2026-07-01 14:48:23] [TASK_1] [INFO] Processing VNM (1/1)...
[2026-07-01 14:48:23] [TASK_1] [INFO] Saved VNM → C:\Users\User\AppData\Local\Temp\pytest-of-User\pytest-238\test_collect_prices_output_col0\prices\VNM.csv (2 rows)
[2026-07-01 14:48:23] [TASK_1] [INFO] Saved consolidated file → C:\Users\User\AppData\Local\Temp\pytest-of-User\pytest-238\test_collect_prices_output_col0\prices\all_vn30_prices.csv (2 rows, 1 tickers)
[2026-07-01 14:48:23] [TASK_1] [INFO] ============================================================
[2026-07-01 14:48:23] [TASK_1] [INFO] PRICE COLLECTION SUMMARY
[2026-07-01 14:48:23] [TASK_1] [INFO] ============================================================
[2026-07-01 14:48:23] [TASK_1] [INFO] Successfully collected: 1 tickers
[2026-07-01 14:48:23] [TASK_1] [INFO] Expected trading days (business-day calendar): 8
[2026-07-01 14:48:23] [TASK_1] [INFO] ------------------------------------------------------------
[2026-07-01 14:48:23] [TASK_1] [INFO] Ticker    Earliest      Latest    Days
[2026-07-01 14:48:23] [TASK_1] [INFO] ------------------------------------------------------------
[2026-07-01 14:48:23] [TASK_1] [INFO] VNM     2024-01-02  2024-01-03       2
[2026-07-01 14:48:23] [TASK_1] [WARNING] ⚠ VNM has 75.0% fewer trading days than expected (2 vs 8 expected). Check for missing data.
[2026-07-01 14:48:23] [TASK_1] [INFO] ------------------------------------------------------------
[2026-07-01 14:48:23] [TASK_1] [INFO] Total rows: 2 | Date range: 2024-01-01 to 2024-01-10
[2026-07-01 14:48:23] [TASK_1] [INFO] ============================================================
[2026-07-01 14:48:23] [TASK_1] [INFO] ============================================================
[2026-07-01 14:48:23] [TASK_1] [INFO] TASK 1: Price Collection Started
[2026-07-01 14:48:23] [TASK_1] [INFO] Tickers: 2 | Date range: 2024-01-01 to 2024-01-10
[2026-07-01 14:48:23] [TASK_1] [INFO] ============================================================
[2026-07-01 14:48:23] [TASK_1] [INFO] Validated 2 tickers total (2 VN30 + 0 expansion).
[2026-07-01 14:48:23] [TASK_1] [INFO] Processing VNM (1/2)...
[2026-07-01 14:48:23] [TASK_1] [INFO] Saved VNM → C:\Users\User\AppData\Local\Temp\pytest-of-User\pytest-238\test_individual_ticker_csv_sav0\prices\VNM.csv (1 rows)
[2026-07-01 14:48:24] [TASK_1] [INFO] Processing FPT (2/2)...
[2026-07-01 14:48:24] [TASK_1] [INFO] Saved FPT → C:\Users\User\AppData\Local\Temp\pytest-of-User\pytest-238\test_individual_ticker_csv_sav0\prices\FPT.csv (1 rows)
[2026-07-01 14:48:24] [TASK_1] [INFO] Saved consolidated file → C:\Users\User\AppData\Local\Temp\pytest-of-User\pytest-238\test_individual_ticker_csv_sav0\prices\all_vn30_prices.csv (2 rows, 2 tickers)
[2026-07-01 14:48:24] [TASK_1] [INFO] ============================================================
[2026-07-01 14:48:24] [TASK_1] [INFO] PRICE COLLECTION SUMMARY
[2026-07-01 14:48:24] [TASK_1] [INFO] ============================================================
[2026-07-01 14:48:24] [TASK_1] [INFO] Successfully collected: 2 tickers
[2026-07-01 14:48:24] [TASK_1] [INFO] Expected trading days (business-day calendar): 8
[2026-07-01 14:48:24] [TASK_1] [INFO] ------------------------------------------------------------
[2026-07-01 14:48:24] [TASK_1] [INFO] Ticker    Earliest      Latest    Days
[2026-07-01 14:48:24] [TASK_1] [INFO] ------------------------------------------------------------
[2026-07-01 14:48:24] [TASK_1] [INFO] FPT     2024-01-02  2024-01-02       1
[2026-07-01 14:48:24] [TASK_1] [WARNING] ⚠ FPT has 87.5% fewer trading days than expected (1 vs 8 expected). Check for missing data.
[2026-07-01 14:48:24] [TASK_1] [INFO] VNM     2024-01-02  2024-01-02       1
[2026-07-01 14:48:24] [TASK_1] [WARNING] ⚠ VNM has 87.5% fewer trading days than expected (1 vs 8 expected). Check for missing data.
[2026-07-01 14:48:24] [TASK_1] [INFO] ------------------------------------------------------------
[2026-07-01 14:48:24] [TASK_1] [INFO] Total rows: 2 | Date range: 2024-01-01 to 2024-01-10
[2026-07-01 14:48:24] [TASK_1] [INFO] ============================================================
[2026-07-01 14:48:24] [TASK_1] [INFO] ============================================================
[2026-07-01 14:48:24] [TASK_1] [INFO] TASK 1: Price Collection Started
[2026-07-01 14:48:24] [TASK_1] [INFO] Tickers: 2 | Date range: 2024-01-01 to 2024-01-10
[2026-07-01 14:48:24] [TASK_1] [INFO] ============================================================
[2026-07-01 14:48:24] [TASK_1] [INFO] Validated 2 tickers total (2 VN30 + 0 expansion).
[2026-07-01 14:48:24] [TASK_1] [INFO] Processing VNM (1/2)...
[2026-07-01 14:48:24] [TASK_1] [INFO] Saved VNM → C:\Users\User\AppData\Local\Temp\pytest-of-User\pytest-238\test_consolidated_csv_has_tick0\prices\VNM.csv (1 rows)
[2026-07-01 14:48:24] [TASK_1] [INFO] Processing FPT (2/2)...
[2026-07-01 14:48:24] [TASK_1] [INFO] Saved FPT → C:\Users\User\AppData\Local\Temp\pytest-of-User\pytest-238\test_consolidated_csv_has_tick0\prices\FPT.csv (1 rows)
[2026-07-01 14:48:24] [TASK_1] [INFO] Saved consolidated file → C:\Users\User\AppData\Local\Temp\pytest-of-User\pytest-238\test_consolidated_csv_has_tick0\prices\all_vn30_prices.csv (2 rows, 2 tickers)
[2026-07-01 14:48:24] [TASK_1] [INFO] ============================================================
[2026-07-01 14:48:24] [TASK_1] [INFO] PRICE COLLECTION SUMMARY
[2026-07-01 14:48:24] [TASK_1] [INFO] ============================================================
[2026-07-01 14:48:24] [TASK_1] [INFO] Successfully collected: 2 tickers
[2026-07-01 14:48:24] [TASK_1] [INFO] Expected trading days (business-day calendar): 8
[2026-07-01 14:48:24] [TASK_1] [INFO] ------------------------------------------------------------
[2026-07-01 14:48:24] [TASK_1] [INFO] Ticker    Earliest      Latest    Days
[2026-07-01 14:48:24] [TASK_1] [INFO] ------------------------------------------------------------
[2026-07-01 14:48:24] [TASK_1] [INFO] FPT     2024-01-02  2024-01-02       1
[2026-07-01 14:48:24] [TASK_1] [WARNING] ⚠ FPT has 87.5% fewer trading days than expected (1 vs 8 expected). Check for missing data.
[2026-07-01 14:48:24] [TASK_1] [INFO] VNM     2024-01-02  2024-01-02       1
[2026-07-01 14:48:24] [TASK_1] [WARNING] ⚠ VNM has 87.5% fewer trading days than expected (1 vs 8 expected). Check for missing data.
[2026-07-01 14:48:24] [TASK_1] [INFO] ------------------------------------------------------------
[2026-07-01 14:48:24] [TASK_1] [INFO] Total rows: 2 | Date range: 2024-01-01 to 2024-01-10
[2026-07-01 14:48:24] [TASK_1] [INFO] ============================================================
[2026-07-01 14:48:24] [TASK_1] [INFO] ============================================================
[2026-07-01 14:48:24] [TASK_1] [INFO] TASK 1: Price Collection Started
[2026-07-01 14:48:24] [TASK_1] [INFO] Tickers: 1 | Date range: 2024-01-01 to 2024-01-10
[2026-07-01 14:48:24] [TASK_1] [INFO] ============================================================
[2026-07-01 14:48:24] [TASK_1] [INFO] Validated 1 tickers total (1 VN30 + 0 expansion).
[2026-07-01 14:48:24] [TASK_1] [INFO] Processing VNM (1/1)...
[2026-07-01 14:48:24] [TASK_1] [ERROR] [2026-07-01 14:48:24] FAILED: VNM — no data collected. Continuing with remaining tickers.
[2026-07-01 14:48:24] [TASK_1] [INFO] ============================================================
[2026-07-01 14:48:24] [TASK_1] [INFO] TASK 1: Price Collection Started
[2026-07-01 14:48:24] [TASK_1] [INFO] Tickers: 2 | Date range: 2024-01-01 to 2024-01-10
[2026-07-01 14:48:24] [TASK_1] [INFO] ============================================================
[2026-07-01 14:48:24] [TASK_1] [INFO] Validated 2 tickers total (2 VN30 + 0 expansion).
[2026-07-01 14:48:24] [TASK_1] [INFO] Processing VNM (1/2)...
[2026-07-01 14:48:24] [TASK_1] [INFO] Saved VNM → C:\Users\User\AppData\Local\Temp\pytest-of-User\pytest-238\test_partial_failure_continues0\prices\VNM.csv (1 rows)
[2026-07-01 14:48:25] [TASK_1] [INFO] Processing FPT (2/2)...
[2026-07-01 14:48:25] [TASK_1] [ERROR] [2026-07-01 14:48:25] FAILED: FPT — no data collected. Continuing with remaining tickers.
[2026-07-01 14:48:25] [TASK_1] [INFO] Saved consolidated file → C:\Users\User\AppData\Local\Temp\pytest-of-User\pytest-238\test_partial_failure_continues0\prices\all_vn30_prices.csv (1 rows, 1 tickers)
[2026-07-01 14:48:25] [TASK_1] [INFO] ============================================================
[2026-07-01 14:48:25] [TASK_1] [INFO] PRICE COLLECTION SUMMARY
[2026-07-01 14:48:25] [TASK_1] [INFO] ============================================================
[2026-07-01 14:48:25] [TASK_1] [INFO] Successfully collected: 1 tickers
[2026-07-01 14:48:25] [TASK_1] [WARNING] Failed tickers: FPT
[2026-07-01 14:48:25] [TASK_1] [INFO] Expected trading days (business-day calendar): 8
[2026-07-01 14:48:25] [TASK_1] [INFO] ------------------------------------------------------------
[2026-07-01 14:48:25] [TASK_1] [INFO] Ticker    Earliest      Latest    Days
[2026-07-01 14:48:25] [TASK_1] [INFO] ------------------------------------------------------------
[2026-07-01 14:48:25] [TASK_1] [INFO] VNM     2024-01-02  2024-01-02       1
[2026-07-01 14:48:25] [TASK_1] [WARNING] ⚠ VNM has 87.5% fewer trading days than expected (1 vs 8 expected). Check for missing data.
[2026-07-01 14:48:25] [TASK_1] [INFO] ------------------------------------------------------------
[2026-07-01 14:48:25] [TASK_1] [INFO] Total rows: 1 | Date range: 2024-01-01 to 2024-01-10
[2026-07-01 14:48:25] [TASK_1] [INFO] ============================================================
[2026-07-01 14:48:25] [TASK_1] [WARNING] [2026-07-01 14:48:25] Error fetching VNM (attempt 1/3): API down
[2026-07-01 14:48:25] [TASK_1] [WARNING] [2026-07-01 14:48:25] Error fetching VNM (attempt 2/3): API down
[2026-07-01 14:48:25] [TASK_1] [WARNING] [2026-07-01 14:48:25] Error fetching VNM (attempt 3/3): API down
[2026-07-01 14:48:25] [TASK_1] [ERROR] [2026-07-01 14:48:25] Failed to fetch data for VNM after 3 attempts.
[2026-07-01 14:48:25] [TASK_1] [WARNING] [2026-07-01 14:48:25] Error fetching VNM (attempt 1/3): API down
[2026-07-01 14:48:25] [TASK_1] [WARNING] [2026-07-01 14:48:25] Error fetching VNM (attempt 2/3): API down
[2026-07-01 14:48:25] [TASK_1] [WARNING] [2026-07-01 14:48:25] Error fetching VNM (attempt 3/3): API down
[2026-07-01 14:48:25] [TASK_1] [ERROR] [2026-07-01 14:48:25] Failed to fetch data for VNM after 3 attempts.
[2026-07-01 14:48:25] [TASK_1] [INFO] ============================================================
[2026-07-01 14:48:25] [TASK_1] [INFO] TASK 1: Price Collection Started
[2026-07-01 14:48:25] [TASK_1] [INFO] Tickers: 3 | Date range: 2024-01-01 to 2024-01-10
[2026-07-01 14:48:25] [TASK_1] [INFO] ============================================================
[2026-07-01 14:48:25] [TASK_1] [INFO] Validated 3 tickers total (3 VN30 + 0 expansion).
[2026-07-01 14:48:25] [TASK_1] [INFO] Processing VNM (1/3)...
[2026-07-01 14:48:25] [TASK_1] [ERROR] [2026-07-01 14:48:25] FAILED: VNM — no data collected. Continuing with remaining tickers.
[2026-07-01 14:48:25] [TASK_1] [INFO] Processing VCB (2/3)...
[2026-07-01 14:48:25] [TASK_1] [INFO] Saved VCB → C:\Users\User\AppData\Local\Temp\pytest-of-User\pytest-238\test_continues_after_ticker_fa0\prices\VCB.csv (2 rows)
[2026-07-01 14:48:26] [TASK_1] [INFO] Processing FPT (3/3)...
[2026-07-01 14:48:26] [TASK_1] [INFO] Saved FPT → C:\Users\User\AppData\Local\Temp\pytest-of-User\pytest-238\test_continues_after_ticker_fa0\prices\FPT.csv (2 rows)
[2026-07-01 14:48:26] [TASK_1] [INFO] Saved consolidated file → C:\Users\User\AppData\Local\Temp\pytest-of-User\pytest-238\test_continues_after_ticker_fa0\prices\all_vn30_prices.csv (4 rows, 2 tickers)
[2026-07-01 14:48:26] [TASK_1] [INFO] ============================================================
[2026-07-01 14:48:26] [TASK_1] [INFO] PRICE COLLECTION SUMMARY
[2026-07-01 14:48:26] [TASK_1] [INFO] ============================================================
[2026-07-01 14:48:26] [TASK_1] [INFO] Successfully collected: 2 tickers
[2026-07-01 14:48:26] [TASK_1] [WARNING] Failed tickers: VNM
[2026-07-01 14:48:26] [TASK_1] [INFO] Expected trading days (business-day calendar): 8
[2026-07-01 14:48:26] [TASK_1] [INFO] ------------------------------------------------------------
[2026-07-01 14:48:26] [TASK_1] [INFO] Ticker    Earliest      Latest    Days
[2026-07-01 14:48:26] [TASK_1] [INFO] ------------------------------------------------------------
[2026-07-01 14:48:26] [TASK_1] [INFO] FPT     2024-01-02  2024-01-03       2
[2026-07-01 14:48:26] [TASK_1] [WARNING] ⚠ FPT has 75.0% fewer trading days than expected (2 vs 8 expected). Check for missing data.
[2026-07-01 14:48:26] [TASK_1] [INFO] VCB     2024-01-02  2024-01-03       2
[2026-07-01 14:48:26] [TASK_1] [WARNING] ⚠ VCB has 75.0% fewer trading days than expected (2 vs 8 expected). Check for missing data.
[2026-07-01 14:48:26] [TASK_1] [INFO] ------------------------------------------------------------
[2026-07-01 14:48:26] [TASK_1] [INFO] Total rows: 4 | Date range: 2024-01-01 to 2024-01-10
[2026-07-01 14:48:26] [TASK_1] [INFO] ============================================================
[2026-07-01 14:48:27] [TASK_1] [ERROR] [2026-07-01 14:48:27] FAILED: FPT — no data collected. Continuing with remaining tickers.
[2026-07-01 14:48:27] [TASK_1] [WARNING] Failed tickers: FPT
[2026-07-01 14:48:27] [TASK_1] [WARNING] ⚠ VNM has 87.5% fewer trading days than expected (1 vs 8 expected). Check for missing data.
[2026-07-01 14:48:27] [TASK_1] [INFO] ============================================================
[2026-07-01 14:48:27] [TASK_1] [INFO] PRICE COLLECTION SUMMARY
[2026-07-01 14:48:27] [TASK_1] [INFO] ============================================================
[2026-07-01 14:48:27] [TASK_1] [INFO] Successfully collected: 2 tickers
[2026-07-01 14:48:27] [TASK_1] [INFO] Expected trading days (business-day calendar): 3
[2026-07-01 14:48:27] [TASK_1] [INFO] ------------------------------------------------------------
[2026-07-01 14:48:27] [TASK_1] [INFO] Ticker    Earliest      Latest    Days
[2026-07-01 14:48:27] [TASK_1] [INFO] ------------------------------------------------------------
[2026-07-01 14:48:27] [TASK_1] [INFO] FPT     2024-01-02  2024-01-03       2
[2026-07-01 14:48:27] [TASK_1] [WARNING] ⚠ FPT has 33.3% fewer trading days than expected (2 vs 3 expected). Check for missing data.
[2026-07-01 14:48:27] [TASK_1] [INFO] VNM     2024-01-02  2024-01-04       3
[2026-07-01 14:48:27] [TASK_1] [INFO] ------------------------------------------------------------
[2026-07-01 14:48:27] [TASK_1] [INFO] Total rows: 5 | Date range: 2024-01-02 to 2024-01-04
[2026-07-01 14:48:27] [TASK_1] [INFO] ============================================================
[2026-07-01 14:48:27] [TASK_1] [WARNING] ⚠ FPT has 53.1% fewer trading days than expected (30 vs 64 expected). Check for missing data.
[2026-07-01 14:48:27] [TASK_1] [WARNING] ⚠ VNM has 6.2% fewer trading days than expected (60 vs 64 expected). Check for missing data.
[2026-07-01 14:48:27] [TASK_1] [WARNING] Failed tickers: FPT, VCB
[2026-07-01 14:48:27] [TASK_1] [INFO] ============================================================
[2026-07-01 14:48:27] [TASK_1] [INFO] PRICE COLLECTION SUMMARY
[2026-07-01 14:48:27] [TASK_1] [INFO] ============================================================
[2026-07-01 14:48:27] [TASK_1] [INFO] Successfully collected: 1 tickers
[2026-07-01 14:48:27] [TASK_1] [INFO] Expected trading days (business-day calendar): 4
[2026-07-01 14:48:27] [TASK_1] [INFO] ------------------------------------------------------------
[2026-07-01 14:48:27] [TASK_1] [INFO] Ticker    Earliest      Latest    Days
[2026-07-01 14:48:27] [TASK_1] [INFO] ------------------------------------------------------------
[2026-07-01 14:48:27] [TASK_1] [INFO] VNM     2024-01-02  2024-01-02       1
[2026-07-01 14:48:27] [TASK_1] [WARNING] ⚠ VNM has 75.0% fewer trading days than expected (1 vs 4 expected). Check for missing data.
[2026-07-01 14:48:27] [TASK_1] [INFO] ------------------------------------------------------------
[2026-07-01 14:48:27] [TASK_1] [INFO] Total rows: 1 | Date range: 2024-01-02 to 2024-01-05
[2026-07-01 14:48:27] [TASK_1] [INFO] ============================================================
[2026-07-01 14:49:20] [TASK_1] [INFO] ============================================================
[2026-07-01 14:49:20] [TASK_1] [INFO] START TASK_1: Price Collection (vnstock OHLCV)
[2026-07-01 14:49:20] [TASK_1] [INFO] Timestamp: 2026-07-01T14:49:20.107425
[2026-07-01 14:49:20] [TASK_1] [INFO] ============================================================
[2026-07-01 14:49:20] [TASK_1] [ERROR] TASK FAILED: TASK_1 after 0.0 seconds
[2026-07-01 14:49:20] [TASK_1] [ERROR] Exception: Simulated failure
[2026-07-01 14:49:20] [TASK_1] [ERROR] Stack trace:
Traceback (most recent call last):
  File "C:\Users\User\KLTN_MASTER\pipeline\run_pipeline.py", line 659, in run_pipeline
    executor(config, task_logger, smoke_test=smoke_test)
  File "C:\Program Files\WindowsApps\PythonSoftwareFoundation.Python.3.10_3.10.3056.0_x64__qbz5n2kfra8p0\lib\unittest\mock.py", line 1114, in __call__
    return self._mock_call(*args, **kwargs)
  File "C:\Program Files\WindowsApps\PythonSoftwareFoundation.Python.3.10_3.10.3056.0_x64__qbz5n2kfra8p0\lib\unittest\mock.py", line 1118, in _mock_call
    return self._execute_mock_call(*args, **kwargs)
  File "C:\Program Files\WindowsApps\PythonSoftwareFoundation.Python.3.10_3.10.3056.0_x64__qbz5n2kfra8p0\lib\unittest\mock.py", line 1173, in _execute_mock_call
    raise effect
RuntimeError: Simulated failure

[2026-07-01 14:49:20] [TASK_1] [INFO] ============================================================
[2026-07-01 14:49:20] [TASK_1] [INFO] START TASK_1: Price Collection (vnstock OHLCV)
[2026-07-01 14:49:20] [TASK_1] [INFO] Timestamp: 2026-07-01T14:49:20.119765
[2026-07-01 14:49:20] [TASK_1] [INFO] ============================================================
[2026-07-01 14:49:20] [TASK_1] [ERROR] TASK FAILED: TASK_1 after 0.0 seconds
[2026-07-01 14:49:20] [TASK_1] [ERROR] Exception: Simulated failure
[2026-07-01 14:49:20] [TASK_1] [ERROR] Stack trace:
Traceback (most recent call last):
  File "C:\Users\User\KLTN_MASTER\pipeline\run_pipeline.py", line 659, in run_pipeline
    executor(config, task_logger, smoke_test=smoke_test)
  File "C:\Program Files\WindowsApps\PythonSoftwareFoundation.Python.3.10_3.10.3056.0_x64__qbz5n2kfra8p0\lib\unittest\mock.py", line 1114, in __call__
    return self._mock_call(*args, **kwargs)
  File "C:\Program Files\WindowsApps\PythonSoftwareFoundation.Python.3.10_3.10.3056.0_x64__qbz5n2kfra8p0\lib\unittest\mock.py", line 1118, in _mock_call
    return self._execute_mock_call(*args, **kwargs)
  File "C:\Program Files\WindowsApps\PythonSoftwareFoundation.Python.3.10_3.10.3056.0_x64__qbz5n2kfra8p0\lib\unittest\mock.py", line 1173, in _execute_mock_call
    raise effect
RuntimeError: Simulated failure

[2026-07-01 14:49:20] [TASK_1] [INFO] ============================================================
[2026-07-01 14:49:20] [TASK_1] [INFO] START TASK_1: Price Collection (vnstock OHLCV)
[2026-07-01 14:49:20] [TASK_1] [INFO] Timestamp: 2026-07-01T14:49:20.219393
[2026-07-01 14:49:20] [TASK_1] [INFO] ============================================================
[2026-07-01 14:49:20] [TASK_1] [INFO] ------------------------------------------------------------
[2026-07-01 14:49:20] [TASK_1] [INFO] END TASK_1 — completed in 0.0 seconds
[2026-07-01 14:49:20] [TASK_1] [INFO] ============================================================
[2026-07-01 14:49:20] [TASK_1] [INFO] ============================================================
[2026-07-01 14:49:20] [TASK_1] [INFO] START TASK_1: Price Collection (vnstock OHLCV)
[2026-07-01 14:49:20] [TASK_1] [INFO] Timestamp: 2026-07-01T14:49:20.927960
[2026-07-01 14:49:20] [TASK_1] [INFO] ============================================================
[2026-07-01 14:49:20] [TASK_1] [INFO] ------------------------------------------------------------
[2026-07-01 14:49:20] [TASK_1] [INFO] END TASK_1 — completed in 0.0 seconds
[2026-07-01 14:49:20] [TASK_1] [INFO] ============================================================
[2026-07-01 14:49:27] [TASK_1] [INFO] Validated 3 tickers total (3 VN30 + 0 expansion).
[2026-07-01 14:49:27] [TASK_1] [INFO] HOSE-80 expansion: 1 non-VN30 tickers included: INVALID
[2026-07-01 14:49:27] [TASK_1] [INFO] Validated 3 tickers total (2 VN30 + 1 expansion).
[2026-07-01 14:49:27] [TASK_1] [INFO] Validated 3 tickers total (3 VN30 + 0 expansion).
[2026-07-01 14:49:27] [TASK_1] [INFO] HOSE-80 expansion: 2 non-VN30 tickers included: INVALID1, INVALID2
[2026-07-01 14:49:27] [TASK_1] [INFO] Validated 2 tickers total (0 VN30 + 2 expansion).
[2026-07-01 14:49:27] [TASK_1] [INFO] Validated 30 tickers total (30 VN30 + 0 expansion).
[2026-07-01 14:49:27] [TASK_1] [WARNING] [2026-07-01 14:49:27] Error fetching VNM (attempt 1/3): API down
[2026-07-01 14:49:27] [TASK_1] [INFO] Retrying in 1s...
[2026-07-01 14:49:27] [TASK_1] [WARNING] [2026-07-01 14:49:27] Error fetching VNM (attempt 2/3): API down
[2026-07-01 14:49:27] [TASK_1] [INFO] Retrying in 2s...
[2026-07-01 14:49:27] [TASK_1] [WARNING] [2026-07-01 14:49:27] Error fetching VNM (attempt 3/3): API down
[2026-07-01 14:49:27] [TASK_1] [ERROR] [2026-07-01 14:49:27] Failed to fetch data for VNM after 3 attempts.
[2026-07-01 14:49:27] [TASK_1] [INFO] Fetched 2 rows for VNM (2024-01-02 to 2024-01-03).
[2026-07-01 14:49:27] [TASK_1] [WARNING] Empty data returned for VNM (attempt 1/3).
[2026-07-01 14:49:27] [TASK_1] [INFO] Retrying in 1s...
[2026-07-01 14:49:27] [TASK_1] [INFO] Fetched 1 rows for VNM (2024-01-02 to 2024-01-02).
[2026-07-01 14:49:27] [TASK_1] [INFO] ============================================================
[2026-07-01 14:49:27] [TASK_1] [INFO] TASK 1: Price Collection Started
[2026-07-01 14:49:27] [TASK_1] [INFO] Tickers: 1 | Date range: 2024-01-01 to 2024-01-10
[2026-07-01 14:49:27] [TASK_1] [INFO] ============================================================
[2026-07-01 14:49:27] [TASK_1] [INFO] Validated 1 tickers total (1 VN30 + 0 expansion).
[2026-07-01 14:49:27] [TASK_1] [INFO] Processing VNM (1/1)...
[2026-07-01 14:49:27] [TASK_1] [INFO] Saved VNM → C:\Users\User\AppData\Local\Temp\pytest-of-User\pytest-239\test_collect_prices_output_col0\prices\VNM.csv (2 rows)
[2026-07-01 14:49:27] [TASK_1] [INFO] Saved consolidated file → C:\Users\User\AppData\Local\Temp\pytest-of-User\pytest-239\test_collect_prices_output_col0\prices\all_vn30_prices.csv (2 rows, 1 tickers)
[2026-07-01 14:49:27] [TASK_1] [INFO] ============================================================
[2026-07-01 14:49:27] [TASK_1] [INFO] PRICE COLLECTION SUMMARY
[2026-07-01 14:49:27] [TASK_1] [INFO] ============================================================
[2026-07-01 14:49:27] [TASK_1] [INFO] Successfully collected: 1 tickers
[2026-07-01 14:49:27] [TASK_1] [INFO] Expected trading days (business-day calendar): 8
[2026-07-01 14:49:27] [TASK_1] [INFO] ------------------------------------------------------------
[2026-07-01 14:49:27] [TASK_1] [INFO] Ticker    Earliest      Latest    Days
[2026-07-01 14:49:27] [TASK_1] [INFO] ------------------------------------------------------------
[2026-07-01 14:49:27] [TASK_1] [INFO] VNM     2024-01-02  2024-01-03       2
[2026-07-01 14:49:27] [TASK_1] [WARNING] ⚠ VNM has 75.0% fewer trading days than expected (2 vs 8 expected). Check for missing data.
[2026-07-01 14:49:27] [TASK_1] [INFO] ------------------------------------------------------------
[2026-07-01 14:49:27] [TASK_1] [INFO] Total rows: 2 | Date range: 2024-01-01 to 2024-01-10
[2026-07-01 14:49:27] [TASK_1] [INFO] ============================================================
[2026-07-01 14:49:27] [TASK_1] [INFO] ============================================================
[2026-07-01 14:49:27] [TASK_1] [INFO] TASK 1: Price Collection Started
[2026-07-01 14:49:27] [TASK_1] [INFO] Tickers: 2 | Date range: 2024-01-01 to 2024-01-10
[2026-07-01 14:49:27] [TASK_1] [INFO] ============================================================
[2026-07-01 14:49:27] [TASK_1] [INFO] Validated 2 tickers total (2 VN30 + 0 expansion).
[2026-07-01 14:49:27] [TASK_1] [INFO] Processing VNM (1/2)...
[2026-07-01 14:49:27] [TASK_1] [INFO] Saved VNM → C:\Users\User\AppData\Local\Temp\pytest-of-User\pytest-239\test_individual_ticker_csv_sav0\prices\VNM.csv (1 rows)
[2026-07-01 14:49:28] [TASK_1] [INFO] Processing FPT (2/2)...
[2026-07-01 14:49:28] [TASK_1] [INFO] Saved FPT → C:\Users\User\AppData\Local\Temp\pytest-of-User\pytest-239\test_individual_ticker_csv_sav0\prices\FPT.csv (1 rows)
[2026-07-01 14:49:28] [TASK_1] [INFO] Saved consolidated file → C:\Users\User\AppData\Local\Temp\pytest-of-User\pytest-239\test_individual_ticker_csv_sav0\prices\all_vn30_prices.csv (2 rows, 2 tickers)
[2026-07-01 14:49:28] [TASK_1] [INFO] ============================================================
[2026-07-01 14:49:28] [TASK_1] [INFO] PRICE COLLECTION SUMMARY
[2026-07-01 14:49:28] [TASK_1] [INFO] ============================================================
[2026-07-01 14:49:28] [TASK_1] [INFO] Successfully collected: 2 tickers
[2026-07-01 14:49:28] [TASK_1] [INFO] Expected trading days (business-day calendar): 8
[2026-07-01 14:49:28] [TASK_1] [INFO] ------------------------------------------------------------
[2026-07-01 14:49:28] [TASK_1] [INFO] Ticker    Earliest      Latest    Days
[2026-07-01 14:49:28] [TASK_1] [INFO] ------------------------------------------------------------
[2026-07-01 14:49:28] [TASK_1] [INFO] FPT     2024-01-02  2024-01-02       1
[2026-07-01 14:49:28] [TASK_1] [WARNING] ⚠ FPT has 87.5% fewer trading days than expected (1 vs 8 expected). Check for missing data.
[2026-07-01 14:49:28] [TASK_1] [INFO] VNM     2024-01-02  2024-01-02       1
[2026-07-01 14:49:28] [TASK_1] [WARNING] ⚠ VNM has 87.5% fewer trading days than expected (1 vs 8 expected). Check for missing data.
[2026-07-01 14:49:28] [TASK_1] [INFO] ------------------------------------------------------------
[2026-07-01 14:49:28] [TASK_1] [INFO] Total rows: 2 | Date range: 2024-01-01 to 2024-01-10
[2026-07-01 14:49:28] [TASK_1] [INFO] ============================================================
[2026-07-01 14:49:28] [TASK_1] [INFO] ============================================================
[2026-07-01 14:49:28] [TASK_1] [INFO] TASK 1: Price Collection Started
[2026-07-01 14:49:28] [TASK_1] [INFO] Tickers: 2 | Date range: 2024-01-01 to 2024-01-10
[2026-07-01 14:49:28] [TASK_1] [INFO] ============================================================
[2026-07-01 14:49:28] [TASK_1] [INFO] Validated 2 tickers total (2 VN30 + 0 expansion).
[2026-07-01 14:49:28] [TASK_1] [INFO] Processing VNM (1/2)...
[2026-07-01 14:49:28] [TASK_1] [INFO] Saved VNM → C:\Users\User\AppData\Local\Temp\pytest-of-User\pytest-239\test_consolidated_csv_has_tick0\prices\VNM.csv (1 rows)
[2026-07-01 14:49:28] [TASK_1] [INFO] Processing FPT (2/2)...
[2026-07-01 14:49:28] [TASK_1] [INFO] Saved FPT → C:\Users\User\AppData\Local\Temp\pytest-of-User\pytest-239\test_consolidated_csv_has_tick0\prices\FPT.csv (1 rows)
[2026-07-01 14:49:28] [TASK_1] [INFO] Saved consolidated file → C:\Users\User\AppData\Local\Temp\pytest-of-User\pytest-239\test_consolidated_csv_has_tick0\prices\all_vn30_prices.csv (2 rows, 2 tickers)
[2026-07-01 14:49:28] [TASK_1] [INFO] ============================================================
[2026-07-01 14:49:28] [TASK_1] [INFO] PRICE COLLECTION SUMMARY
[2026-07-01 14:49:28] [TASK_1] [INFO] ============================================================
[2026-07-01 14:49:28] [TASK_1] [INFO] Successfully collected: 2 tickers
[2026-07-01 14:49:28] [TASK_1] [INFO] Expected trading days (business-day calendar): 8
[2026-07-01 14:49:28] [TASK_1] [INFO] ------------------------------------------------------------
[2026-07-01 14:49:28] [TASK_1] [INFO] Ticker    Earliest      Latest    Days
[2026-07-01 14:49:28] [TASK_1] [INFO] ------------------------------------------------------------
[2026-07-01 14:49:28] [TASK_1] [INFO] FPT     2024-01-02  2024-01-02       1
[2026-07-01 14:49:28] [TASK_1] [WARNING] ⚠ FPT has 87.5% fewer trading days than expected (1 vs 8 expected). Check for missing data.
[2026-07-01 14:49:28] [TASK_1] [INFO] VNM     2024-01-02  2024-01-02       1
[2026-07-01 14:49:28] [TASK_1] [WARNING] ⚠ VNM has 87.5% fewer trading days than expected (1 vs 8 expected). Check for missing data.
[2026-07-01 14:49:28] [TASK_1] [INFO] ------------------------------------------------------------
[2026-07-01 14:49:28] [TASK_1] [INFO] Total rows: 2 | Date range: 2024-01-01 to 2024-01-10
[2026-07-01 14:49:28] [TASK_1] [INFO] ============================================================
[2026-07-01 14:49:28] [TASK_1] [INFO] ============================================================
[2026-07-01 14:49:28] [TASK_1] [INFO] TASK 1: Price Collection Started
[2026-07-01 14:49:28] [TASK_1] [INFO] Tickers: 1 | Date range: 2024-01-01 to 2024-01-10
[2026-07-01 14:49:28] [TASK_1] [INFO] ============================================================
[2026-07-01 14:49:28] [TASK_1] [INFO] Validated 1 tickers total (1 VN30 + 0 expansion).
[2026-07-01 14:49:28] [TASK_1] [INFO] Processing VNM (1/1)...
[2026-07-01 14:49:28] [TASK_1] [ERROR] [2026-07-01 14:49:28] FAILED: VNM — no data collected. Continuing with remaining tickers.
[2026-07-01 14:49:28] [TASK_1] [INFO] ============================================================
[2026-07-01 14:49:28] [TASK_1] [INFO] TASK 1: Price Collection Started
[2026-07-01 14:49:28] [TASK_1] [INFO] Tickers: 2 | Date range: 2024-01-01 to 2024-01-10
[2026-07-01 14:49:28] [TASK_1] [INFO] ============================================================
[2026-07-01 14:49:28] [TASK_1] [INFO] Validated 2 tickers total (2 VN30 + 0 expansion).
[2026-07-01 14:49:28] [TASK_1] [INFO] Processing VNM (1/2)...
[2026-07-01 14:49:28] [TASK_1] [INFO] Saved VNM → C:\Users\User\AppData\Local\Temp\pytest-of-User\pytest-239\test_partial_failure_continues0\prices\VNM.csv (1 rows)
[2026-07-01 14:49:29] [TASK_1] [INFO] Processing FPT (2/2)...
[2026-07-01 14:49:29] [TASK_1] [ERROR] [2026-07-01 14:49:29] FAILED: FPT — no data collected. Continuing with remaining tickers.
[2026-07-01 14:49:29] [TASK_1] [INFO] Saved consolidated file → C:\Users\User\AppData\Local\Temp\pytest-of-User\pytest-239\test_partial_failure_continues0\prices\all_vn30_prices.csv (1 rows, 1 tickers)
[2026-07-01 14:49:29] [TASK_1] [INFO] ============================================================
[2026-07-01 14:49:29] [TASK_1] [INFO] PRICE COLLECTION SUMMARY
[2026-07-01 14:49:29] [TASK_1] [INFO] ============================================================
[2026-07-01 14:49:29] [TASK_1] [INFO] Successfully collected: 1 tickers
[2026-07-01 14:49:29] [TASK_1] [WARNING] Failed tickers: FPT
[2026-07-01 14:49:29] [TASK_1] [INFO] Expected trading days (business-day calendar): 8
[2026-07-01 14:49:29] [TASK_1] [INFO] ------------------------------------------------------------
[2026-07-01 14:49:29] [TASK_1] [INFO] Ticker    Earliest      Latest    Days
[2026-07-01 14:49:29] [TASK_1] [INFO] ------------------------------------------------------------
[2026-07-01 14:49:29] [TASK_1] [INFO] VNM     2024-01-02  2024-01-02       1
[2026-07-01 14:49:29] [TASK_1] [WARNING] ⚠ VNM has 87.5% fewer trading days than expected (1 vs 8 expected). Check for missing data.
[2026-07-01 14:49:29] [TASK_1] [INFO] ------------------------------------------------------------
[2026-07-01 14:49:29] [TASK_1] [INFO] Total rows: 1 | Date range: 2024-01-01 to 2024-01-10
[2026-07-01 14:49:29] [TASK_1] [INFO] ============================================================
[2026-07-01 14:49:29] [TASK_1] [WARNING] [2026-07-01 14:49:29] Error fetching VNM (attempt 1/3): API down
[2026-07-01 14:49:29] [TASK_1] [WARNING] [2026-07-01 14:49:29] Error fetching VNM (attempt 2/3): API down
[2026-07-01 14:49:29] [TASK_1] [WARNING] [2026-07-01 14:49:29] Error fetching VNM (attempt 3/3): API down
[2026-07-01 14:49:29] [TASK_1] [ERROR] [2026-07-01 14:49:29] Failed to fetch data for VNM after 3 attempts.
[2026-07-01 14:49:29] [TASK_1] [WARNING] [2026-07-01 14:49:29] Error fetching VNM (attempt 1/3): API down
[2026-07-01 14:49:29] [TASK_1] [WARNING] [2026-07-01 14:49:29] Error fetching VNM (attempt 2/3): API down
[2026-07-01 14:49:29] [TASK_1] [WARNING] [2026-07-01 14:49:29] Error fetching VNM (attempt 3/3): API down
[2026-07-01 14:49:29] [TASK_1] [ERROR] [2026-07-01 14:49:29] Failed to fetch data for VNM after 3 attempts.
[2026-07-01 14:49:29] [TASK_1] [INFO] ============================================================
[2026-07-01 14:49:29] [TASK_1] [INFO] TASK 1: Price Collection Started
[2026-07-01 14:49:29] [TASK_1] [INFO] Tickers: 3 | Date range: 2024-01-01 to 2024-01-10
[2026-07-01 14:49:29] [TASK_1] [INFO] ============================================================
[2026-07-01 14:49:29] [TASK_1] [INFO] Validated 3 tickers total (3 VN30 + 0 expansion).
[2026-07-01 14:49:29] [TASK_1] [INFO] Processing VNM (1/3)...
[2026-07-01 14:49:29] [TASK_1] [ERROR] [2026-07-01 14:49:29] FAILED: VNM — no data collected. Continuing with remaining tickers.
[2026-07-01 14:49:30] [TASK_1] [INFO] Processing VCB (2/3)...
[2026-07-01 14:49:30] [TASK_1] [INFO] Saved VCB → C:\Users\User\AppData\Local\Temp\pytest-of-User\pytest-239\test_continues_after_ticker_fa0\prices\VCB.csv (2 rows)
[2026-07-01 14:49:30] [TASK_1] [INFO] Processing FPT (3/3)...
[2026-07-01 14:49:30] [TASK_1] [INFO] Saved FPT → C:\Users\User\AppData\Local\Temp\pytest-of-User\pytest-239\test_continues_after_ticker_fa0\prices\FPT.csv (2 rows)
[2026-07-01 14:49:30] [TASK_1] [INFO] Saved consolidated file → C:\Users\User\AppData\Local\Temp\pytest-of-User\pytest-239\test_continues_after_ticker_fa0\prices\all_vn30_prices.csv (4 rows, 2 tickers)
[2026-07-01 14:49:30] [TASK_1] [INFO] ============================================================
[2026-07-01 14:49:30] [TASK_1] [INFO] PRICE COLLECTION SUMMARY
[2026-07-01 14:49:30] [TASK_1] [INFO] ============================================================
[2026-07-01 14:49:30] [TASK_1] [INFO] Successfully collected: 2 tickers
[2026-07-01 14:49:30] [TASK_1] [WARNING] Failed tickers: VNM
[2026-07-01 14:49:30] [TASK_1] [INFO] Expected trading days (business-day calendar): 8
[2026-07-01 14:49:30] [TASK_1] [INFO] ------------------------------------------------------------
[2026-07-01 14:49:30] [TASK_1] [INFO] Ticker    Earliest      Latest    Days
[2026-07-01 14:49:30] [TASK_1] [INFO] ------------------------------------------------------------
[2026-07-01 14:49:30] [TASK_1] [INFO] FPT     2024-01-02  2024-01-03       2
[2026-07-01 14:49:30] [TASK_1] [WARNING] ⚠ FPT has 75.0% fewer trading days than expected (2 vs 8 expected). Check for missing data.
[2026-07-01 14:49:30] [TASK_1] [INFO] VCB     2024-01-02  2024-01-03       2
[2026-07-01 14:49:30] [TASK_1] [WARNING] ⚠ VCB has 75.0% fewer trading days than expected (2 vs 8 expected). Check for missing data.
[2026-07-01 14:49:30] [TASK_1] [INFO] ------------------------------------------------------------
[2026-07-01 14:49:30] [TASK_1] [INFO] Total rows: 4 | Date range: 2024-01-01 to 2024-01-10
[2026-07-01 14:49:30] [TASK_1] [INFO] ============================================================
[2026-07-01 14:49:31] [TASK_1] [ERROR] [2026-07-01 14:49:31] FAILED: FPT — no data collected. Continuing with remaining tickers.
[2026-07-01 14:49:31] [TASK_1] [WARNING] Failed tickers: FPT
[2026-07-01 14:49:31] [TASK_1] [WARNING] ⚠ VNM has 87.5% fewer trading days than expected (1 vs 8 expected). Check for missing data.
[2026-07-01 14:49:31] [TASK_1] [INFO] ============================================================
[2026-07-01 14:49:31] [TASK_1] [INFO] PRICE COLLECTION SUMMARY
[2026-07-01 14:49:31] [TASK_1] [INFO] ============================================================
[2026-07-01 14:49:31] [TASK_1] [INFO] Successfully collected: 2 tickers
[2026-07-01 14:49:31] [TASK_1] [INFO] Expected trading days (business-day calendar): 3
[2026-07-01 14:49:31] [TASK_1] [INFO] ------------------------------------------------------------
[2026-07-01 14:49:31] [TASK_1] [INFO] Ticker    Earliest      Latest    Days
[2026-07-01 14:49:31] [TASK_1] [INFO] ------------------------------------------------------------
[2026-07-01 14:49:31] [TASK_1] [INFO] FPT     2024-01-02  2024-01-03       2
[2026-07-01 14:49:31] [TASK_1] [WARNING] ⚠ FPT has 33.3% fewer trading days than expected (2 vs 3 expected). Check for missing data.
[2026-07-01 14:49:31] [TASK_1] [INFO] VNM     2024-01-02  2024-01-04       3
[2026-07-01 14:49:31] [TASK_1] [INFO] ------------------------------------------------------------
[2026-07-01 14:49:31] [TASK_1] [INFO] Total rows: 5 | Date range: 2024-01-02 to 2024-01-04
[2026-07-01 14:49:31] [TASK_1] [INFO] ============================================================
[2026-07-01 14:49:31] [TASK_1] [WARNING] ⚠ FPT has 53.1% fewer trading days than expected (30 vs 64 expected). Check for missing data.
[2026-07-01 14:49:31] [TASK_1] [WARNING] ⚠ VNM has 6.2% fewer trading days than expected (60 vs 64 expected). Check for missing data.
[2026-07-01 14:49:31] [TASK_1] [WARNING] Failed tickers: FPT, VCB
[2026-07-01 14:49:31] [TASK_1] [INFO] ============================================================
[2026-07-01 14:49:31] [TASK_1] [INFO] PRICE COLLECTION SUMMARY
[2026-07-01 14:49:31] [TASK_1] [INFO] ============================================================
[2026-07-01 14:49:31] [TASK_1] [INFO] Successfully collected: 1 tickers
[2026-07-01 14:49:31] [TASK_1] [INFO] Expected trading days (business-day calendar): 4
[2026-07-01 14:49:31] [TASK_1] [INFO] ------------------------------------------------------------
[2026-07-01 14:49:31] [TASK_1] [INFO] Ticker    Earliest      Latest    Days
[2026-07-01 14:49:31] [TASK_1] [INFO] ------------------------------------------------------------
[2026-07-01 14:49:31] [TASK_1] [INFO] VNM     2024-01-02  2024-01-02       1
[2026-07-01 14:49:31] [TASK_1] [WARNING] ⚠ VNM has 75.0% fewer trading days than expected (1 vs 4 expected). Check for missing data.
[2026-07-01 14:49:31] [TASK_1] [INFO] ------------------------------------------------------------
[2026-07-01 14:49:31] [TASK_1] [INFO] Total rows: 1 | Date range: 2024-01-02 to 2024-01-05
[2026-07-01 14:49:31] [TASK_1] [INFO] ============================================================
[2026-07-01 16:08:33] [TASK_1] [INFO] ============================================================
[2026-07-01 16:08:33] [TASK_1] [INFO] START TASK_1: Price Collection (vnstock OHLCV)
[2026-07-01 16:08:33] [TASK_1] [INFO] Timestamp: 2026-07-01T16:08:33.397944
[2026-07-01 16:08:33] [TASK_1] [INFO] ============================================================
[2026-07-01 16:08:33] [TASK_1] [ERROR] TASK FAILED: TASK_1 after 0.0 seconds
[2026-07-01 16:08:33] [TASK_1] [ERROR] Exception: Simulated failure
[2026-07-01 16:08:33] [TASK_1] [ERROR] Stack trace:
Traceback (most recent call last):
  File "C:\Users\User\KLTN_MASTER\pipeline\run_pipeline.py", line 659, in run_pipeline
    executor(config, task_logger, smoke_test=smoke_test)
  File "C:\Program Files\WindowsApps\PythonSoftwareFoundation.Python.3.10_3.10.3056.0_x64__qbz5n2kfra8p0\lib\unittest\mock.py", line 1114, in __call__
    return self._mock_call(*args, **kwargs)
  File "C:\Program Files\WindowsApps\PythonSoftwareFoundation.Python.3.10_3.10.3056.0_x64__qbz5n2kfra8p0\lib\unittest\mock.py", line 1118, in _mock_call
    return self._execute_mock_call(*args, **kwargs)
  File "C:\Program Files\WindowsApps\PythonSoftwareFoundation.Python.3.10_3.10.3056.0_x64__qbz5n2kfra8p0\lib\unittest\mock.py", line 1173, in _execute_mock_call
    raise effect
RuntimeError: Simulated failure

[2026-07-01 16:08:33] [TASK_1] [INFO] ============================================================
[2026-07-01 16:08:33] [TASK_1] [INFO] START TASK_1: Price Collection (vnstock OHLCV)
[2026-07-01 16:08:33] [TASK_1] [INFO] Timestamp: 2026-07-01T16:08:33.426842
[2026-07-01 16:08:33] [TASK_1] [INFO] ============================================================
[2026-07-01 16:08:33] [TASK_1] [ERROR] TASK FAILED: TASK_1 after 0.0 seconds
[2026-07-01 16:08:33] [TASK_1] [ERROR] Exception: Simulated failure
[2026-07-01 16:08:33] [TASK_1] [ERROR] Stack trace:
Traceback (most recent call last):
  File "C:\Users\User\KLTN_MASTER\pipeline\run_pipeline.py", line 659, in run_pipeline
    executor(config, task_logger, smoke_test=smoke_test)
  File "C:\Program Files\WindowsApps\PythonSoftwareFoundation.Python.3.10_3.10.3056.0_x64__qbz5n2kfra8p0\lib\unittest\mock.py", line 1114, in __call__
    return self._mock_call(*args, **kwargs)
  File "C:\Program Files\WindowsApps\PythonSoftwareFoundation.Python.3.10_3.10.3056.0_x64__qbz5n2kfra8p0\lib\unittest\mock.py", line 1118, in _mock_call
    return self._execute_mock_call(*args, **kwargs)
  File "C:\Program Files\WindowsApps\PythonSoftwareFoundation.Python.3.10_3.10.3056.0_x64__qbz5n2kfra8p0\lib\unittest\mock.py", line 1173, in _execute_mock_call
    raise effect
RuntimeError: Simulated failure

[2026-07-01 16:08:33] [TASK_1] [INFO] ============================================================
[2026-07-01 16:08:33] [TASK_1] [INFO] START TASK_1: Price Collection (vnstock OHLCV)
[2026-07-01 16:08:33] [TASK_1] [INFO] Timestamp: 2026-07-01T16:08:33.575836
[2026-07-01 16:08:33] [TASK_1] [INFO] ============================================================
[2026-07-01 16:08:33] [TASK_1] [INFO] ------------------------------------------------------------
[2026-07-01 16:08:33] [TASK_1] [INFO] END TASK_1 — completed in 0.0 seconds
[2026-07-01 16:08:33] [TASK_1] [INFO] ============================================================
[2026-07-01 16:08:34] [TASK_1] [INFO] ============================================================
[2026-07-01 16:08:34] [TASK_1] [INFO] START TASK_1: Price Collection (vnstock OHLCV)
[2026-07-01 16:08:34] [TASK_1] [INFO] Timestamp: 2026-07-01T16:08:34.332876
[2026-07-01 16:08:34] [TASK_1] [INFO] ============================================================
[2026-07-01 16:08:34] [TASK_1] [INFO] ------------------------------------------------------------
[2026-07-01 16:08:34] [TASK_1] [INFO] END TASK_1 — completed in 0.0 seconds
[2026-07-01 16:08:34] [TASK_1] [INFO] ============================================================
[2026-07-01 16:08:42] [TASK_1] [INFO] Validated 3 tickers total (3 VN30 + 0 expansion).
[2026-07-01 16:08:42] [TASK_1] [INFO] HOSE-80 expansion: 1 non-VN30 tickers included: INVALID
[2026-07-01 16:08:42] [TASK_1] [INFO] Validated 3 tickers total (2 VN30 + 1 expansion).
[2026-07-01 16:08:42] [TASK_1] [INFO] Validated 3 tickers total (3 VN30 + 0 expansion).
[2026-07-01 16:08:42] [TASK_1] [INFO] HOSE-80 expansion: 2 non-VN30 tickers included: INVALID1, INVALID2
[2026-07-01 16:08:42] [TASK_1] [INFO] Validated 2 tickers total (0 VN30 + 2 expansion).
[2026-07-01 16:08:42] [TASK_1] [INFO] Validated 30 tickers total (30 VN30 + 0 expansion).
[2026-07-01 16:08:42] [TASK_1] [WARNING] [2026-07-01 16:08:42] Error fetching VNM (attempt 1/3): API down
[2026-07-01 16:08:42] [TASK_1] [INFO] Retrying in 1s...
[2026-07-01 16:08:42] [TASK_1] [WARNING] [2026-07-01 16:08:42] Error fetching VNM (attempt 2/3): API down
[2026-07-01 16:08:42] [TASK_1] [INFO] Retrying in 2s...
[2026-07-01 16:08:42] [TASK_1] [WARNING] [2026-07-01 16:08:42] Error fetching VNM (attempt 3/3): API down
[2026-07-01 16:08:42] [TASK_1] [ERROR] [2026-07-01 16:08:42] Failed to fetch data for VNM after 3 attempts.
[2026-07-01 16:08:42] [TASK_1] [INFO] Fetched 2 rows for VNM (2024-01-02 to 2024-01-03).
[2026-07-01 16:08:42] [TASK_1] [WARNING] Empty data returned for VNM (attempt 1/3).
[2026-07-01 16:08:42] [TASK_1] [INFO] Retrying in 1s...
[2026-07-01 16:08:42] [TASK_1] [INFO] Fetched 1 rows for VNM (2024-01-02 to 2024-01-02).
[2026-07-01 16:08:42] [TASK_1] [INFO] ============================================================
[2026-07-01 16:08:42] [TASK_1] [INFO] TASK 1: Price Collection Started
[2026-07-01 16:08:42] [TASK_1] [INFO] Tickers: 1 | Date range: 2024-01-01 to 2024-01-10
[2026-07-01 16:08:42] [TASK_1] [INFO] ============================================================
[2026-07-01 16:08:42] [TASK_1] [INFO] Validated 1 tickers total (1 VN30 + 0 expansion).
[2026-07-01 16:08:42] [TASK_1] [INFO] Processing VNM (1/1)...
[2026-07-01 16:08:42] [TASK_1] [INFO] Saved VNM → C:\Users\User\AppData\Local\Temp\pytest-of-User\pytest-252\test_collect_prices_output_col0\prices\VNM.csv (2 rows)
[2026-07-01 16:08:42] [TASK_1] [INFO] Saved consolidated file → C:\Users\User\AppData\Local\Temp\pytest-of-User\pytest-252\test_collect_prices_output_col0\prices\all_vn30_prices.csv (2 rows, 1 tickers)
[2026-07-01 16:08:42] [TASK_1] [INFO] ============================================================
[2026-07-01 16:08:42] [TASK_1] [INFO] PRICE COLLECTION SUMMARY
[2026-07-01 16:08:42] [TASK_1] [INFO] ============================================================
[2026-07-01 16:08:42] [TASK_1] [INFO] Successfully collected: 1 tickers
[2026-07-01 16:08:42] [TASK_1] [INFO] Expected trading days (business-day calendar): 8
[2026-07-01 16:08:42] [TASK_1] [INFO] ------------------------------------------------------------
[2026-07-01 16:08:42] [TASK_1] [INFO] Ticker    Earliest      Latest    Days
[2026-07-01 16:08:42] [TASK_1] [INFO] ------------------------------------------------------------
[2026-07-01 16:08:42] [TASK_1] [INFO] VNM     2024-01-02  2024-01-03       2
[2026-07-01 16:08:42] [TASK_1] [WARNING] ⚠ VNM has 75.0% fewer trading days than expected (2 vs 8 expected). Check for missing data.
[2026-07-01 16:08:42] [TASK_1] [INFO] ------------------------------------------------------------
[2026-07-01 16:08:42] [TASK_1] [INFO] Total rows: 2 | Date range: 2024-01-01 to 2024-01-10
[2026-07-01 16:08:42] [TASK_1] [INFO] ============================================================
[2026-07-01 16:08:42] [TASK_1] [INFO] ============================================================
[2026-07-01 16:08:42] [TASK_1] [INFO] TASK 1: Price Collection Started
[2026-07-01 16:08:42] [TASK_1] [INFO] Tickers: 2 | Date range: 2024-01-01 to 2024-01-10
[2026-07-01 16:08:42] [TASK_1] [INFO] ============================================================
[2026-07-01 16:08:42] [TASK_1] [INFO] Validated 2 tickers total (2 VN30 + 0 expansion).
[2026-07-01 16:08:42] [TASK_1] [INFO] Processing VNM (1/2)...
[2026-07-01 16:08:42] [TASK_1] [INFO] Saved VNM → C:\Users\User\AppData\Local\Temp\pytest-of-User\pytest-252\test_individual_ticker_csv_sav0\prices\VNM.csv (1 rows)
[2026-07-01 16:08:42] [TASK_1] [INFO] Processing FPT (2/2)...
[2026-07-01 16:08:42] [TASK_1] [INFO] Saved FPT → C:\Users\User\AppData\Local\Temp\pytest-of-User\pytest-252\test_individual_ticker_csv_sav0\prices\FPT.csv (1 rows)
[2026-07-01 16:08:42] [TASK_1] [INFO] Saved consolidated file → C:\Users\User\AppData\Local\Temp\pytest-of-User\pytest-252\test_individual_ticker_csv_sav0\prices\all_vn30_prices.csv (2 rows, 2 tickers)
[2026-07-01 16:08:42] [TASK_1] [INFO] ============================================================
[2026-07-01 16:08:42] [TASK_1] [INFO] PRICE COLLECTION SUMMARY
[2026-07-01 16:08:42] [TASK_1] [INFO] ============================================================
[2026-07-01 16:08:42] [TASK_1] [INFO] Successfully collected: 2 tickers
[2026-07-01 16:08:42] [TASK_1] [INFO] Expected trading days (business-day calendar): 8
[2026-07-01 16:08:42] [TASK_1] [INFO] ------------------------------------------------------------
[2026-07-01 16:08:42] [TASK_1] [INFO] Ticker    Earliest      Latest    Days
[2026-07-01 16:08:42] [TASK_1] [INFO] ------------------------------------------------------------
[2026-07-01 16:08:42] [TASK_1] [INFO] FPT     2024-01-02  2024-01-02       1
[2026-07-01 16:08:42] [TASK_1] [WARNING] ⚠ FPT has 87.5% fewer trading days than expected (1 vs 8 expected). Check for missing data.
[2026-07-01 16:08:42] [TASK_1] [INFO] VNM     2024-01-02  2024-01-02       1
[2026-07-01 16:08:42] [TASK_1] [WARNING] ⚠ VNM has 87.5% fewer trading days than expected (1 vs 8 expected). Check for missing data.
[2026-07-01 16:08:42] [TASK_1] [INFO] ------------------------------------------------------------
[2026-07-01 16:08:42] [TASK_1] [INFO] Total rows: 2 | Date range: 2024-01-01 to 2024-01-10
[2026-07-01 16:08:42] [TASK_1] [INFO] ============================================================
[2026-07-01 16:08:42] [TASK_1] [INFO] ============================================================
[2026-07-01 16:08:42] [TASK_1] [INFO] TASK 1: Price Collection Started
[2026-07-01 16:08:42] [TASK_1] [INFO] Tickers: 2 | Date range: 2024-01-01 to 2024-01-10
[2026-07-01 16:08:42] [TASK_1] [INFO] ============================================================
[2026-07-01 16:08:42] [TASK_1] [INFO] Validated 2 tickers total (2 VN30 + 0 expansion).
[2026-07-01 16:08:42] [TASK_1] [INFO] Processing VNM (1/2)...
[2026-07-01 16:08:42] [TASK_1] [INFO] Saved VNM → C:\Users\User\AppData\Local\Temp\pytest-of-User\pytest-252\test_consolidated_csv_has_tick0\prices\VNM.csv (1 rows)
[2026-07-01 16:08:43] [TASK_1] [INFO] Processing FPT (2/2)...
[2026-07-01 16:08:43] [TASK_1] [INFO] Saved FPT → C:\Users\User\AppData\Local\Temp\pytest-of-User\pytest-252\test_consolidated_csv_has_tick0\prices\FPT.csv (1 rows)
[2026-07-01 16:08:43] [TASK_1] [INFO] Saved consolidated file → C:\Users\User\AppData\Local\Temp\pytest-of-User\pytest-252\test_consolidated_csv_has_tick0\prices\all_vn30_prices.csv (2 rows, 2 tickers)
[2026-07-01 16:08:43] [TASK_1] [INFO] ============================================================
[2026-07-01 16:08:43] [TASK_1] [INFO] PRICE COLLECTION SUMMARY
[2026-07-01 16:08:43] [TASK_1] [INFO] ============================================================
[2026-07-01 16:08:43] [TASK_1] [INFO] Successfully collected: 2 tickers
[2026-07-01 16:08:43] [TASK_1] [INFO] Expected trading days (business-day calendar): 8
[2026-07-01 16:08:43] [TASK_1] [INFO] ------------------------------------------------------------
[2026-07-01 16:08:43] [TASK_1] [INFO] Ticker    Earliest      Latest    Days
[2026-07-01 16:08:43] [TASK_1] [INFO] ------------------------------------------------------------
[2026-07-01 16:08:43] [TASK_1] [INFO] FPT     2024-01-02  2024-01-02       1
[2026-07-01 16:08:43] [TASK_1] [WARNING] ⚠ FPT has 87.5% fewer trading days than expected (1 vs 8 expected). Check for missing data.
[2026-07-01 16:08:43] [TASK_1] [INFO] VNM     2024-01-02  2024-01-02       1
[2026-07-01 16:08:43] [TASK_1] [WARNING] ⚠ VNM has 87.5% fewer trading days than expected (1 vs 8 expected). Check for missing data.
[2026-07-01 16:08:43] [TASK_1] [INFO] ------------------------------------------------------------
[2026-07-01 16:08:43] [TASK_1] [INFO] Total rows: 2 | Date range: 2024-01-01 to 2024-01-10
[2026-07-01 16:08:43] [TASK_1] [INFO] ============================================================
[2026-07-01 16:08:43] [TASK_1] [INFO] ============================================================
[2026-07-01 16:08:43] [TASK_1] [INFO] TASK 1: Price Collection Started
[2026-07-01 16:08:43] [TASK_1] [INFO] Tickers: 1 | Date range: 2024-01-01 to 2024-01-10
[2026-07-01 16:08:43] [TASK_1] [INFO] ============================================================
[2026-07-01 16:08:43] [TASK_1] [INFO] Validated 1 tickers total (1 VN30 + 0 expansion).
[2026-07-01 16:08:43] [TASK_1] [INFO] Processing VNM (1/1)...
[2026-07-01 16:08:43] [TASK_1] [ERROR] [2026-07-01 16:08:43] FAILED: VNM — no data collected. Continuing with remaining tickers.
[2026-07-01 16:08:43] [TASK_1] [INFO] ============================================================
[2026-07-01 16:08:43] [TASK_1] [INFO] TASK 1: Price Collection Started
[2026-07-01 16:08:43] [TASK_1] [INFO] Tickers: 2 | Date range: 2024-01-01 to 2024-01-10
[2026-07-01 16:08:43] [TASK_1] [INFO] ============================================================
[2026-07-01 16:08:43] [TASK_1] [INFO] Validated 2 tickers total (2 VN30 + 0 expansion).
[2026-07-01 16:08:43] [TASK_1] [INFO] Processing VNM (1/2)...
[2026-07-01 16:08:43] [TASK_1] [INFO] Saved VNM → C:\Users\User\AppData\Local\Temp\pytest-of-User\pytest-252\test_partial_failure_continues0\prices\VNM.csv (1 rows)
[2026-07-01 16:08:43] [TASK_1] [INFO] Processing FPT (2/2)...
[2026-07-01 16:08:43] [TASK_1] [ERROR] [2026-07-01 16:08:43] FAILED: FPT — no data collected. Continuing with remaining tickers.
[2026-07-01 16:08:43] [TASK_1] [INFO] Saved consolidated file → C:\Users\User\AppData\Local\Temp\pytest-of-User\pytest-252\test_partial_failure_continues0\prices\all_vn30_prices.csv (1 rows, 1 tickers)
[2026-07-01 16:08:43] [TASK_1] [INFO] ============================================================
[2026-07-01 16:08:43] [TASK_1] [INFO] PRICE COLLECTION SUMMARY
[2026-07-01 16:08:43] [TASK_1] [INFO] ============================================================
[2026-07-01 16:08:43] [TASK_1] [INFO] Successfully collected: 1 tickers
[2026-07-01 16:08:43] [TASK_1] [WARNING] Failed tickers: FPT
[2026-07-01 16:08:43] [TASK_1] [INFO] Expected trading days (business-day calendar): 8
[2026-07-01 16:08:43] [TASK_1] [INFO] ------------------------------------------------------------
[2026-07-01 16:08:43] [TASK_1] [INFO] Ticker    Earliest      Latest    Days
[2026-07-01 16:08:43] [TASK_1] [INFO] ------------------------------------------------------------
[2026-07-01 16:08:43] [TASK_1] [INFO] VNM     2024-01-02  2024-01-02       1
[2026-07-01 16:08:43] [TASK_1] [WARNING] ⚠ VNM has 87.5% fewer trading days than expected (1 vs 8 expected). Check for missing data.
[2026-07-01 16:08:43] [TASK_1] [INFO] ------------------------------------------------------------
[2026-07-01 16:08:43] [TASK_1] [INFO] Total rows: 1 | Date range: 2024-01-01 to 2024-01-10
[2026-07-01 16:08:43] [TASK_1] [INFO] ============================================================
[2026-07-01 16:08:43] [TASK_1] [WARNING] [2026-07-01 16:08:43] Error fetching VNM (attempt 1/3): API down
[2026-07-01 16:08:43] [TASK_1] [WARNING] [2026-07-01 16:08:43] Error fetching VNM (attempt 2/3): API down
[2026-07-01 16:08:43] [TASK_1] [WARNING] [2026-07-01 16:08:43] Error fetching VNM (attempt 3/3): API down
[2026-07-01 16:08:43] [TASK_1] [ERROR] [2026-07-01 16:08:43] Failed to fetch data for VNM after 3 attempts.
[2026-07-01 16:08:43] [TASK_1] [WARNING] [2026-07-01 16:08:43] Error fetching VNM (attempt 1/3): API down
[2026-07-01 16:08:43] [TASK_1] [WARNING] [2026-07-01 16:08:43] Error fetching VNM (attempt 2/3): API down
[2026-07-01 16:08:43] [TASK_1] [WARNING] [2026-07-01 16:08:43] Error fetching VNM (attempt 3/3): API down
[2026-07-01 16:08:43] [TASK_1] [ERROR] [2026-07-01 16:08:43] Failed to fetch data for VNM after 3 attempts.
[2026-07-01 16:08:44] [TASK_1] [INFO] ============================================================
[2026-07-01 16:08:44] [TASK_1] [INFO] TASK 1: Price Collection Started
[2026-07-01 16:08:44] [TASK_1] [INFO] Tickers: 3 | Date range: 2024-01-01 to 2024-01-10
[2026-07-01 16:08:44] [TASK_1] [INFO] ============================================================
[2026-07-01 16:08:44] [TASK_1] [INFO] Validated 3 tickers total (3 VN30 + 0 expansion).
[2026-07-01 16:08:44] [TASK_1] [INFO] Processing VNM (1/3)...
[2026-07-01 16:08:44] [TASK_1] [ERROR] [2026-07-01 16:08:44] FAILED: VNM — no data collected. Continuing with remaining tickers.
[2026-07-01 16:08:44] [TASK_1] [INFO] Processing VCB (2/3)...
[2026-07-01 16:08:44] [TASK_1] [INFO] Saved VCB → C:\Users\User\AppData\Local\Temp\pytest-of-User\pytest-252\test_continues_after_ticker_fa0\prices\VCB.csv (2 rows)
[2026-07-01 16:08:45] [TASK_1] [INFO] Processing FPT (3/3)...
[2026-07-01 16:08:45] [TASK_1] [INFO] Saved FPT → C:\Users\User\AppData\Local\Temp\pytest-of-User\pytest-252\test_continues_after_ticker_fa0\prices\FPT.csv (2 rows)
[2026-07-01 16:08:45] [TASK_1] [INFO] Saved consolidated file → C:\Users\User\AppData\Local\Temp\pytest-of-User\pytest-252\test_continues_after_ticker_fa0\prices\all_vn30_prices.csv (4 rows, 2 tickers)
[2026-07-01 16:08:45] [TASK_1] [INFO] ============================================================
[2026-07-01 16:08:45] [TASK_1] [INFO] PRICE COLLECTION SUMMARY
[2026-07-01 16:08:45] [TASK_1] [INFO] ============================================================
[2026-07-01 16:08:45] [TASK_1] [INFO] Successfully collected: 2 tickers
[2026-07-01 16:08:45] [TASK_1] [WARNING] Failed tickers: VNM
[2026-07-01 16:08:45] [TASK_1] [INFO] Expected trading days (business-day calendar): 8
[2026-07-01 16:08:45] [TASK_1] [INFO] ------------------------------------------------------------
[2026-07-01 16:08:45] [TASK_1] [INFO] Ticker    Earliest      Latest    Days
[2026-07-01 16:08:45] [TASK_1] [INFO] ------------------------------------------------------------
[2026-07-01 16:08:45] [TASK_1] [INFO] FPT     2024-01-02  2024-01-03       2
[2026-07-01 16:08:45] [TASK_1] [WARNING] ⚠ FPT has 75.0% fewer trading days than expected (2 vs 8 expected). Check for missing data.
[2026-07-01 16:08:45] [TASK_1] [INFO] VCB     2024-01-02  2024-01-03       2
[2026-07-01 16:08:45] [TASK_1] [WARNING] ⚠ VCB has 75.0% fewer trading days than expected (2 vs 8 expected). Check for missing data.
[2026-07-01 16:08:45] [TASK_1] [INFO] ------------------------------------------------------------
[2026-07-01 16:08:45] [TASK_1] [INFO] Total rows: 4 | Date range: 2024-01-01 to 2024-01-10
[2026-07-01 16:08:45] [TASK_1] [INFO] ============================================================
[2026-07-01 16:08:45] [TASK_1] [ERROR] [2026-07-01 16:08:45] FAILED: FPT — no data collected. Continuing with remaining tickers.
[2026-07-01 16:08:45] [TASK_1] [WARNING] Failed tickers: FPT
[2026-07-01 16:08:45] [TASK_1] [WARNING] ⚠ VNM has 87.5% fewer trading days than expected (1 vs 8 expected). Check for missing data.
[2026-07-01 16:08:45] [TASK_1] [INFO] ============================================================
[2026-07-01 16:08:45] [TASK_1] [INFO] PRICE COLLECTION SUMMARY
[2026-07-01 16:08:45] [TASK_1] [INFO] ============================================================
[2026-07-01 16:08:45] [TASK_1] [INFO] Successfully collected: 2 tickers
[2026-07-01 16:08:45] [TASK_1] [INFO] Expected trading days (business-day calendar): 3
[2026-07-01 16:08:45] [TASK_1] [INFO] ------------------------------------------------------------
[2026-07-01 16:08:45] [TASK_1] [INFO] Ticker    Earliest      Latest    Days
[2026-07-01 16:08:45] [TASK_1] [INFO] ------------------------------------------------------------
[2026-07-01 16:08:45] [TASK_1] [INFO] FPT     2024-01-02  2024-01-03       2
[2026-07-01 16:08:45] [TASK_1] [WARNING] ⚠ FPT has 33.3% fewer trading days than expected (2 vs 3 expected). Check for missing data.
[2026-07-01 16:08:45] [TASK_1] [INFO] VNM     2024-01-02  2024-01-04       3
[2026-07-01 16:08:45] [TASK_1] [INFO] ------------------------------------------------------------
[2026-07-01 16:08:45] [TASK_1] [INFO] Total rows: 5 | Date range: 2024-01-02 to 2024-01-04
[2026-07-01 16:08:45] [TASK_1] [INFO] ============================================================
[2026-07-01 16:08:45] [TASK_1] [WARNING] ⚠ FPT has 53.1% fewer trading days than expected (30 vs 64 expected). Check for missing data.
[2026-07-01 16:08:45] [TASK_1] [WARNING] ⚠ VNM has 6.2% fewer trading days than expected (60 vs 64 expected). Check for missing data.
[2026-07-01 16:08:45] [TASK_1] [WARNING] Failed tickers: FPT, VCB
[2026-07-01 16:08:45] [TASK_1] [INFO] ============================================================
[2026-07-01 16:08:45] [TASK_1] [INFO] PRICE COLLECTION SUMMARY
[2026-07-01 16:08:45] [TASK_1] [INFO] ============================================================
[2026-07-01 16:08:45] [TASK_1] [INFO] Successfully collected: 1 tickers
[2026-07-01 16:08:45] [TASK_1] [INFO] Expected trading days (business-day calendar): 4
[2026-07-01 16:08:45] [TASK_1] [INFO] ------------------------------------------------------------
[2026-07-01 16:08:45] [TASK_1] [INFO] Ticker    Earliest      Latest    Days
[2026-07-01 16:08:45] [TASK_1] [INFO] ------------------------------------------------------------
[2026-07-01 16:08:45] [TASK_1] [INFO] VNM     2024-01-02  2024-01-02       1
[2026-07-01 16:08:45] [TASK_1] [WARNING] ⚠ VNM has 75.0% fewer trading days than expected (1 vs 4 expected). Check for missing data.
[2026-07-01 16:08:45] [TASK_1] [INFO] ------------------------------------------------------------
[2026-07-01 16:08:45] [TASK_1] [INFO] Total rows: 1 | Date range: 2024-01-02 to 2024-01-05
[2026-07-01 16:08:45] [TASK_1] [INFO] ============================================================
[2026-07-01 16:09:51] [TASK_1] [INFO] ============================================================
[2026-07-01 16:09:51] [TASK_1] [INFO] START TASK_1: Price Collection (vnstock OHLCV)
[2026-07-01 16:09:51] [TASK_1] [INFO] Timestamp: 2026-07-01T16:09:51.708717
[2026-07-01 16:09:51] [TASK_1] [INFO] ============================================================
[2026-07-01 16:09:51] [TASK_1] [ERROR] TASK FAILED: TASK_1 after 0.0 seconds
[2026-07-01 16:09:51] [TASK_1] [ERROR] Exception: Simulated failure
[2026-07-01 16:09:51] [TASK_1] [ERROR] Stack trace:
Traceback (most recent call last):
  File "C:\Users\User\KLTN_MASTER\pipeline\run_pipeline.py", line 659, in run_pipeline
    executor(config, task_logger, smoke_test=smoke_test)
  File "C:\Program Files\WindowsApps\PythonSoftwareFoundation.Python.3.10_3.10.3056.0_x64__qbz5n2kfra8p0\lib\unittest\mock.py", line 1114, in __call__
    return self._mock_call(*args, **kwargs)
  File "C:\Program Files\WindowsApps\PythonSoftwareFoundation.Python.3.10_3.10.3056.0_x64__qbz5n2kfra8p0\lib\unittest\mock.py", line 1118, in _mock_call
    return self._execute_mock_call(*args, **kwargs)
  File "C:\Program Files\WindowsApps\PythonSoftwareFoundation.Python.3.10_3.10.3056.0_x64__qbz5n2kfra8p0\lib\unittest\mock.py", line 1173, in _execute_mock_call
    raise effect
RuntimeError: Simulated failure

[2026-07-01 16:09:51] [TASK_1] [INFO] ============================================================
[2026-07-01 16:09:51] [TASK_1] [INFO] START TASK_1: Price Collection (vnstock OHLCV)
[2026-07-01 16:09:51] [TASK_1] [INFO] Timestamp: 2026-07-01T16:09:51.722057
[2026-07-01 16:09:51] [TASK_1] [INFO] ============================================================
[2026-07-01 16:09:51] [TASK_1] [ERROR] TASK FAILED: TASK_1 after 0.0 seconds
[2026-07-01 16:09:51] [TASK_1] [ERROR] Exception: Simulated failure
[2026-07-01 16:09:51] [TASK_1] [ERROR] Stack trace:
Traceback (most recent call last):
  File "C:\Users\User\KLTN_MASTER\pipeline\run_pipeline.py", line 659, in run_pipeline
    executor(config, task_logger, smoke_test=smoke_test)
  File "C:\Program Files\WindowsApps\PythonSoftwareFoundation.Python.3.10_3.10.3056.0_x64__qbz5n2kfra8p0\lib\unittest\mock.py", line 1114, in __call__
    return self._mock_call(*args, **kwargs)
  File "C:\Program Files\WindowsApps\PythonSoftwareFoundation.Python.3.10_3.10.3056.0_x64__qbz5n2kfra8p0\lib\unittest\mock.py", line 1118, in _mock_call
    return self._execute_mock_call(*args, **kwargs)
  File "C:\Program Files\WindowsApps\PythonSoftwareFoundation.Python.3.10_3.10.3056.0_x64__qbz5n2kfra8p0\lib\unittest\mock.py", line 1173, in _execute_mock_call
    raise effect
RuntimeError: Simulated failure

[2026-07-01 16:09:51] [TASK_1] [INFO] ============================================================
[2026-07-01 16:09:51] [TASK_1] [INFO] START TASK_1: Price Collection (vnstock OHLCV)
[2026-07-01 16:09:51] [TASK_1] [INFO] Timestamp: 2026-07-01T16:09:51.808579
[2026-07-01 16:09:51] [TASK_1] [INFO] ============================================================
[2026-07-01 16:09:51] [TASK_1] [INFO] ------------------------------------------------------------
[2026-07-01 16:09:51] [TASK_1] [INFO] END TASK_1 — completed in 0.0 seconds
[2026-07-01 16:09:51] [TASK_1] [INFO] ============================================================
[2026-07-01 16:09:52] [TASK_1] [INFO] ============================================================
[2026-07-01 16:09:52] [TASK_1] [INFO] START TASK_1: Price Collection (vnstock OHLCV)
[2026-07-01 16:09:52] [TASK_1] [INFO] Timestamp: 2026-07-01T16:09:52.470838
[2026-07-01 16:09:52] [TASK_1] [INFO] ============================================================
[2026-07-01 16:09:52] [TASK_1] [INFO] ------------------------------------------------------------
[2026-07-01 16:09:52] [TASK_1] [INFO] END TASK_1 — completed in 0.0 seconds
[2026-07-01 16:09:52] [TASK_1] [INFO] ============================================================
[2026-07-01 16:09:59] [TASK_1] [INFO] Validated 3 tickers total (3 VN30 + 0 expansion).
[2026-07-01 16:09:59] [TASK_1] [INFO] HOSE-80 expansion: 1 non-VN30 tickers included: INVALID
[2026-07-01 16:09:59] [TASK_1] [INFO] Validated 3 tickers total (2 VN30 + 1 expansion).
[2026-07-01 16:09:59] [TASK_1] [INFO] Validated 3 tickers total (3 VN30 + 0 expansion).
[2026-07-01 16:09:59] [TASK_1] [INFO] HOSE-80 expansion: 2 non-VN30 tickers included: INVALID1, INVALID2
[2026-07-01 16:09:59] [TASK_1] [INFO] Validated 2 tickers total (0 VN30 + 2 expansion).
[2026-07-01 16:09:59] [TASK_1] [INFO] Validated 30 tickers total (30 VN30 + 0 expansion).
[2026-07-01 16:09:59] [TASK_1] [WARNING] [2026-07-01 16:09:59] Error fetching VNM (attempt 1/3): API down
[2026-07-01 16:09:59] [TASK_1] [INFO] Retrying in 1s...
[2026-07-01 16:09:59] [TASK_1] [WARNING] [2026-07-01 16:09:59] Error fetching VNM (attempt 2/3): API down
[2026-07-01 16:09:59] [TASK_1] [INFO] Retrying in 2s...
[2026-07-01 16:09:59] [TASK_1] [WARNING] [2026-07-01 16:09:59] Error fetching VNM (attempt 3/3): API down
[2026-07-01 16:09:59] [TASK_1] [ERROR] [2026-07-01 16:09:59] Failed to fetch data for VNM after 3 attempts.
[2026-07-01 16:09:59] [TASK_1] [INFO] Fetched 2 rows for VNM (2024-01-02 to 2024-01-03).
[2026-07-01 16:09:59] [TASK_1] [WARNING] Empty data returned for VNM (attempt 1/3).
[2026-07-01 16:09:59] [TASK_1] [INFO] Retrying in 1s...
[2026-07-01 16:09:59] [TASK_1] [INFO] Fetched 1 rows for VNM (2024-01-02 to 2024-01-02).
[2026-07-01 16:09:59] [TASK_1] [INFO] ============================================================
[2026-07-01 16:09:59] [TASK_1] [INFO] TASK 1: Price Collection Started
[2026-07-01 16:09:59] [TASK_1] [INFO] Tickers: 1 | Date range: 2024-01-01 to 2024-01-10
[2026-07-01 16:09:59] [TASK_1] [INFO] ============================================================
[2026-07-01 16:09:59] [TASK_1] [INFO] Validated 1 tickers total (1 VN30 + 0 expansion).
[2026-07-01 16:09:59] [TASK_1] [INFO] Processing VNM (1/1)...
[2026-07-01 16:09:59] [TASK_1] [INFO] Saved VNM → C:\Users\User\AppData\Local\Temp\pytest-of-User\pytest-253\test_collect_prices_output_col0\prices\VNM.csv (2 rows)
[2026-07-01 16:09:59] [TASK_1] [INFO] Saved consolidated file → C:\Users\User\AppData\Local\Temp\pytest-of-User\pytest-253\test_collect_prices_output_col0\prices\all_vn30_prices.csv (2 rows, 1 tickers)
[2026-07-01 16:09:59] [TASK_1] [INFO] ============================================================
[2026-07-01 16:09:59] [TASK_1] [INFO] PRICE COLLECTION SUMMARY
[2026-07-01 16:09:59] [TASK_1] [INFO] ============================================================
[2026-07-01 16:09:59] [TASK_1] [INFO] Successfully collected: 1 tickers
[2026-07-01 16:09:59] [TASK_1] [INFO] Expected trading days (business-day calendar): 8
[2026-07-01 16:09:59] [TASK_1] [INFO] ------------------------------------------------------------
[2026-07-01 16:09:59] [TASK_1] [INFO] Ticker    Earliest      Latest    Days
[2026-07-01 16:09:59] [TASK_1] [INFO] ------------------------------------------------------------
[2026-07-01 16:09:59] [TASK_1] [INFO] VNM     2024-01-02  2024-01-03       2
[2026-07-01 16:09:59] [TASK_1] [WARNING] ⚠ VNM has 75.0% fewer trading days than expected (2 vs 8 expected). Check for missing data.
[2026-07-01 16:09:59] [TASK_1] [INFO] ------------------------------------------------------------
[2026-07-01 16:09:59] [TASK_1] [INFO] Total rows: 2 | Date range: 2024-01-01 to 2024-01-10
[2026-07-01 16:09:59] [TASK_1] [INFO] ============================================================
[2026-07-01 16:09:59] [TASK_1] [INFO] ============================================================
[2026-07-01 16:09:59] [TASK_1] [INFO] TASK 1: Price Collection Started
[2026-07-01 16:09:59] [TASK_1] [INFO] Tickers: 2 | Date range: 2024-01-01 to 2024-01-10
[2026-07-01 16:09:59] [TASK_1] [INFO] ============================================================
[2026-07-01 16:09:59] [TASK_1] [INFO] Validated 2 tickers total (2 VN30 + 0 expansion).
[2026-07-01 16:09:59] [TASK_1] [INFO] Processing VNM (1/2)...
[2026-07-01 16:09:59] [TASK_1] [INFO] Saved VNM → C:\Users\User\AppData\Local\Temp\pytest-of-User\pytest-253\test_individual_ticker_csv_sav0\prices\VNM.csv (1 rows)
[2026-07-01 16:09:59] [TASK_1] [INFO] Processing FPT (2/2)...
[2026-07-01 16:09:59] [TASK_1] [INFO] Saved FPT → C:\Users\User\AppData\Local\Temp\pytest-of-User\pytest-253\test_individual_ticker_csv_sav0\prices\FPT.csv (1 rows)
[2026-07-01 16:09:59] [TASK_1] [INFO] Saved consolidated file → C:\Users\User\AppData\Local\Temp\pytest-of-User\pytest-253\test_individual_ticker_csv_sav0\prices\all_vn30_prices.csv (2 rows, 2 tickers)
[2026-07-01 16:09:59] [TASK_1] [INFO] ============================================================
[2026-07-01 16:09:59] [TASK_1] [INFO] PRICE COLLECTION SUMMARY
[2026-07-01 16:09:59] [TASK_1] [INFO] ============================================================
[2026-07-01 16:09:59] [TASK_1] [INFO] Successfully collected: 2 tickers
[2026-07-01 16:09:59] [TASK_1] [INFO] Expected trading days (business-day calendar): 8
[2026-07-01 16:09:59] [TASK_1] [INFO] ------------------------------------------------------------
[2026-07-01 16:09:59] [TASK_1] [INFO] Ticker    Earliest      Latest    Days
[2026-07-01 16:09:59] [TASK_1] [INFO] ------------------------------------------------------------
[2026-07-01 16:09:59] [TASK_1] [INFO] FPT     2024-01-02  2024-01-02       1
[2026-07-01 16:09:59] [TASK_1] [WARNING] ⚠ FPT has 87.5% fewer trading days than expected (1 vs 8 expected). Check for missing data.
[2026-07-01 16:09:59] [TASK_1] [INFO] VNM     2024-01-02  2024-01-02       1
[2026-07-01 16:09:59] [TASK_1] [WARNING] ⚠ VNM has 87.5% fewer trading days than expected (1 vs 8 expected). Check for missing data.
[2026-07-01 16:09:59] [TASK_1] [INFO] ------------------------------------------------------------
[2026-07-01 16:09:59] [TASK_1] [INFO] Total rows: 2 | Date range: 2024-01-01 to 2024-01-10
[2026-07-01 16:09:59] [TASK_1] [INFO] ============================================================
[2026-07-01 16:09:59] [TASK_1] [INFO] ============================================================
[2026-07-01 16:09:59] [TASK_1] [INFO] TASK 1: Price Collection Started
[2026-07-01 16:09:59] [TASK_1] [INFO] Tickers: 2 | Date range: 2024-01-01 to 2024-01-10
[2026-07-01 16:09:59] [TASK_1] [INFO] ============================================================
[2026-07-01 16:09:59] [TASK_1] [INFO] Validated 2 tickers total (2 VN30 + 0 expansion).
[2026-07-01 16:09:59] [TASK_1] [INFO] Processing VNM (1/2)...
[2026-07-01 16:09:59] [TASK_1] [INFO] Saved VNM → C:\Users\User\AppData\Local\Temp\pytest-of-User\pytest-253\test_consolidated_csv_has_tick0\prices\VNM.csv (1 rows)
[2026-07-01 16:10:00] [TASK_1] [INFO] Processing FPT (2/2)...
[2026-07-01 16:10:00] [TASK_1] [INFO] Saved FPT → C:\Users\User\AppData\Local\Temp\pytest-of-User\pytest-253\test_consolidated_csv_has_tick0\prices\FPT.csv (1 rows)
[2026-07-01 16:10:00] [TASK_1] [INFO] Saved consolidated file → C:\Users\User\AppData\Local\Temp\pytest-of-User\pytest-253\test_consolidated_csv_has_tick0\prices\all_vn30_prices.csv (2 rows, 2 tickers)
[2026-07-01 16:10:00] [TASK_1] [INFO] ============================================================
[2026-07-01 16:10:00] [TASK_1] [INFO] PRICE COLLECTION SUMMARY
[2026-07-01 16:10:00] [TASK_1] [INFO] ============================================================
[2026-07-01 16:10:00] [TASK_1] [INFO] Successfully collected: 2 tickers
[2026-07-01 16:10:00] [TASK_1] [INFO] Expected trading days (business-day calendar): 8
[2026-07-01 16:10:00] [TASK_1] [INFO] ------------------------------------------------------------
[2026-07-01 16:10:00] [TASK_1] [INFO] Ticker    Earliest      Latest    Days
[2026-07-01 16:10:00] [TASK_1] [INFO] ------------------------------------------------------------
[2026-07-01 16:10:00] [TASK_1] [INFO] FPT     2024-01-02  2024-01-02       1
[2026-07-01 16:10:00] [TASK_1] [WARNING] ⚠ FPT has 87.5% fewer trading days than expected (1 vs 8 expected). Check for missing data.
[2026-07-01 16:10:00] [TASK_1] [INFO] VNM     2024-01-02  2024-01-02       1
[2026-07-01 16:10:00] [TASK_1] [WARNING] ⚠ VNM has 87.5% fewer trading days than expected (1 vs 8 expected). Check for missing data.
[2026-07-01 16:10:00] [TASK_1] [INFO] ------------------------------------------------------------
[2026-07-01 16:10:00] [TASK_1] [INFO] Total rows: 2 | Date range: 2024-01-01 to 2024-01-10
[2026-07-01 16:10:00] [TASK_1] [INFO] ============================================================
[2026-07-01 16:10:00] [TASK_1] [INFO] ============================================================
[2026-07-01 16:10:00] [TASK_1] [INFO] TASK 1: Price Collection Started
[2026-07-01 16:10:00] [TASK_1] [INFO] Tickers: 1 | Date range: 2024-01-01 to 2024-01-10
[2026-07-01 16:10:00] [TASK_1] [INFO] ============================================================
[2026-07-01 16:10:00] [TASK_1] [INFO] Validated 1 tickers total (1 VN30 + 0 expansion).
[2026-07-01 16:10:00] [TASK_1] [INFO] Processing VNM (1/1)...
[2026-07-01 16:10:00] [TASK_1] [ERROR] [2026-07-01 16:10:00] FAILED: VNM — no data collected. Continuing with remaining tickers.
[2026-07-01 16:10:00] [TASK_1] [INFO] ============================================================
[2026-07-01 16:10:00] [TASK_1] [INFO] TASK 1: Price Collection Started
[2026-07-01 16:10:00] [TASK_1] [INFO] Tickers: 2 | Date range: 2024-01-01 to 2024-01-10
[2026-07-01 16:10:00] [TASK_1] [INFO] ============================================================
[2026-07-01 16:10:00] [TASK_1] [INFO] Validated 2 tickers total (2 VN30 + 0 expansion).
[2026-07-01 16:10:00] [TASK_1] [INFO] Processing VNM (1/2)...
[2026-07-01 16:10:00] [TASK_1] [INFO] Saved VNM → C:\Users\User\AppData\Local\Temp\pytest-of-User\pytest-253\test_partial_failure_continues0\prices\VNM.csv (1 rows)
[2026-07-01 16:10:00] [TASK_1] [INFO] Processing FPT (2/2)...
[2026-07-01 16:10:00] [TASK_1] [ERROR] [2026-07-01 16:10:00] FAILED: FPT — no data collected. Continuing with remaining tickers.
[2026-07-01 16:10:00] [TASK_1] [INFO] Saved consolidated file → C:\Users\User\AppData\Local\Temp\pytest-of-User\pytest-253\test_partial_failure_continues0\prices\all_vn30_prices.csv (1 rows, 1 tickers)
[2026-07-01 16:10:00] [TASK_1] [INFO] ============================================================
[2026-07-01 16:10:00] [TASK_1] [INFO] PRICE COLLECTION SUMMARY
[2026-07-01 16:10:00] [TASK_1] [INFO] ============================================================
[2026-07-01 16:10:00] [TASK_1] [INFO] Successfully collected: 1 tickers
[2026-07-01 16:10:00] [TASK_1] [WARNING] Failed tickers: FPT
[2026-07-01 16:10:00] [TASK_1] [INFO] Expected trading days (business-day calendar): 8
[2026-07-01 16:10:00] [TASK_1] [INFO] ------------------------------------------------------------
[2026-07-01 16:10:00] [TASK_1] [INFO] Ticker    Earliest      Latest    Days
[2026-07-01 16:10:00] [TASK_1] [INFO] ------------------------------------------------------------
[2026-07-01 16:10:00] [TASK_1] [INFO] VNM     2024-01-02  2024-01-02       1
[2026-07-01 16:10:00] [TASK_1] [WARNING] ⚠ VNM has 87.5% fewer trading days than expected (1 vs 8 expected). Check for missing data.
[2026-07-01 16:10:00] [TASK_1] [INFO] ------------------------------------------------------------
[2026-07-01 16:10:00] [TASK_1] [INFO] Total rows: 1 | Date range: 2024-01-01 to 2024-01-10
[2026-07-01 16:10:00] [TASK_1] [INFO] ============================================================
[2026-07-01 16:10:00] [TASK_1] [WARNING] [2026-07-01 16:10:00] Error fetching VNM (attempt 1/3): API down
[2026-07-01 16:10:00] [TASK_1] [WARNING] [2026-07-01 16:10:00] Error fetching VNM (attempt 2/3): API down
[2026-07-01 16:10:00] [TASK_1] [WARNING] [2026-07-01 16:10:00] Error fetching VNM (attempt 3/3): API down
[2026-07-01 16:10:00] [TASK_1] [ERROR] [2026-07-01 16:10:00] Failed to fetch data for VNM after 3 attempts.
[2026-07-01 16:10:00] [TASK_1] [WARNING] [2026-07-01 16:10:00] Error fetching VNM (attempt 1/3): API down
[2026-07-01 16:10:00] [TASK_1] [WARNING] [2026-07-01 16:10:00] Error fetching VNM (attempt 2/3): API down
[2026-07-01 16:10:00] [TASK_1] [WARNING] [2026-07-01 16:10:00] Error fetching VNM (attempt 3/3): API down
[2026-07-01 16:10:00] [TASK_1] [ERROR] [2026-07-01 16:10:00] Failed to fetch data for VNM after 3 attempts.
[2026-07-01 16:10:00] [TASK_1] [INFO] ============================================================
[2026-07-01 16:10:00] [TASK_1] [INFO] TASK 1: Price Collection Started
[2026-07-01 16:10:00] [TASK_1] [INFO] Tickers: 3 | Date range: 2024-01-01 to 2024-01-10
[2026-07-01 16:10:00] [TASK_1] [INFO] ============================================================
[2026-07-01 16:10:00] [TASK_1] [INFO] Validated 3 tickers total (3 VN30 + 0 expansion).
[2026-07-01 16:10:00] [TASK_1] [INFO] Processing VNM (1/3)...
[2026-07-01 16:10:00] [TASK_1] [ERROR] [2026-07-01 16:10:00] FAILED: VNM — no data collected. Continuing with remaining tickers.
[2026-07-01 16:10:01] [TASK_1] [INFO] Processing VCB (2/3)...
[2026-07-01 16:10:01] [TASK_1] [INFO] Saved VCB → C:\Users\User\AppData\Local\Temp\pytest-of-User\pytest-253\test_continues_after_ticker_fa0\prices\VCB.csv (2 rows)
[2026-07-01 16:10:02] [TASK_1] [INFO] Processing FPT (3/3)...
[2026-07-01 16:10:02] [TASK_1] [INFO] Saved FPT → C:\Users\User\AppData\Local\Temp\pytest-of-User\pytest-253\test_continues_after_ticker_fa0\prices\FPT.csv (2 rows)
[2026-07-01 16:10:02] [TASK_1] [INFO] Saved consolidated file → C:\Users\User\AppData\Local\Temp\pytest-of-User\pytest-253\test_continues_after_ticker_fa0\prices\all_vn30_prices.csv (4 rows, 2 tickers)
[2026-07-01 16:10:02] [TASK_1] [INFO] ============================================================
[2026-07-01 16:10:02] [TASK_1] [INFO] PRICE COLLECTION SUMMARY
[2026-07-01 16:10:02] [TASK_1] [INFO] ============================================================
[2026-07-01 16:10:02] [TASK_1] [INFO] Successfully collected: 2 tickers
[2026-07-01 16:10:02] [TASK_1] [WARNING] Failed tickers: VNM
[2026-07-01 16:10:02] [TASK_1] [INFO] Expected trading days (business-day calendar): 8
[2026-07-01 16:10:02] [TASK_1] [INFO] ------------------------------------------------------------
[2026-07-01 16:10:02] [TASK_1] [INFO] Ticker    Earliest      Latest    Days
[2026-07-01 16:10:02] [TASK_1] [INFO] ------------------------------------------------------------
[2026-07-01 16:10:02] [TASK_1] [INFO] FPT     2024-01-02  2024-01-03       2
[2026-07-01 16:10:02] [TASK_1] [WARNING] ⚠ FPT has 75.0% fewer trading days than expected (2 vs 8 expected). Check for missing data.
[2026-07-01 16:10:02] [TASK_1] [INFO] VCB     2024-01-02  2024-01-03       2
[2026-07-01 16:10:02] [TASK_1] [WARNING] ⚠ VCB has 75.0% fewer trading days than expected (2 vs 8 expected). Check for missing data.
[2026-07-01 16:10:02] [TASK_1] [INFO] ------------------------------------------------------------
[2026-07-01 16:10:02] [TASK_1] [INFO] Total rows: 4 | Date range: 2024-01-01 to 2024-01-10
[2026-07-01 16:10:02] [TASK_1] [INFO] ============================================================
[2026-07-01 16:10:02] [TASK_1] [ERROR] [2026-07-01 16:10:02] FAILED: FPT — no data collected. Continuing with remaining tickers.
[2026-07-01 16:10:02] [TASK_1] [WARNING] Failed tickers: FPT
[2026-07-01 16:10:02] [TASK_1] [WARNING] ⚠ VNM has 87.5% fewer trading days than expected (1 vs 8 expected). Check for missing data.
[2026-07-01 16:10:02] [TASK_1] [INFO] ============================================================
[2026-07-01 16:10:02] [TASK_1] [INFO] PRICE COLLECTION SUMMARY
[2026-07-01 16:10:02] [TASK_1] [INFO] ============================================================
[2026-07-01 16:10:02] [TASK_1] [INFO] Successfully collected: 2 tickers
[2026-07-01 16:10:02] [TASK_1] [INFO] Expected trading days (business-day calendar): 3
[2026-07-01 16:10:02] [TASK_1] [INFO] ------------------------------------------------------------
[2026-07-01 16:10:02] [TASK_1] [INFO] Ticker    Earliest      Latest    Days
[2026-07-01 16:10:02] [TASK_1] [INFO] ------------------------------------------------------------
[2026-07-01 16:10:02] [TASK_1] [INFO] FPT     2024-01-02  2024-01-03       2
[2026-07-01 16:10:02] [TASK_1] [WARNING] ⚠ FPT has 33.3% fewer trading days than expected (2 vs 3 expected). Check for missing data.
[2026-07-01 16:10:02] [TASK_1] [INFO] VNM     2024-01-02  2024-01-04       3
[2026-07-01 16:10:02] [TASK_1] [INFO] ------------------------------------------------------------
[2026-07-01 16:10:02] [TASK_1] [INFO] Total rows: 5 | Date range: 2024-01-02 to 2024-01-04
[2026-07-01 16:10:02] [TASK_1] [INFO] ============================================================
[2026-07-01 16:10:02] [TASK_1] [WARNING] ⚠ FPT has 53.1% fewer trading days than expected (30 vs 64 expected). Check for missing data.
[2026-07-01 16:10:02] [TASK_1] [WARNING] ⚠ VNM has 6.2% fewer trading days than expected (60 vs 64 expected). Check for missing data.
[2026-07-01 16:10:02] [TASK_1] [WARNING] Failed tickers: FPT, VCB
[2026-07-01 16:10:02] [TASK_1] [INFO] ============================================================
[2026-07-01 16:10:02] [TASK_1] [INFO] PRICE COLLECTION SUMMARY
[2026-07-01 16:10:02] [TASK_1] [INFO] ============================================================
[2026-07-01 16:10:02] [TASK_1] [INFO] Successfully collected: 1 tickers
[2026-07-01 16:10:02] [TASK_1] [INFO] Expected trading days (business-day calendar): 4
[2026-07-01 16:10:02] [TASK_1] [INFO] ------------------------------------------------------------
[2026-07-01 16:10:02] [TASK_1] [INFO] Ticker    Earliest      Latest    Days
[2026-07-01 16:10:02] [TASK_1] [INFO] ------------------------------------------------------------
[2026-07-01 16:10:02] [TASK_1] [INFO] VNM     2024-01-02  2024-01-02       1
[2026-07-01 16:10:02] [TASK_1] [WARNING] ⚠ VNM has 75.0% fewer trading days than expected (1 vs 4 expected). Check for missing data.
[2026-07-01 16:10:02] [TASK_1] [INFO] ------------------------------------------------------------
[2026-07-01 16:10:02] [TASK_1] [INFO] Total rows: 1 | Date range: 2024-01-02 to 2024-01-05
[2026-07-01 16:10:02] [TASK_1] [INFO] ============================================================
[2026-07-01 17:19:09] [TASK_1] [INFO] ============================================================
[2026-07-01 17:19:09] [TASK_1] [INFO] START TASK_1: Price Collection (vnstock OHLCV)
[2026-07-01 17:19:09] [TASK_1] [INFO] Timestamp: 2026-07-01T17:19:09.931761
[2026-07-01 17:19:09] [TASK_1] [INFO] ============================================================
[2026-07-01 17:19:09] [TASK_1] [ERROR] TASK FAILED: TASK_1 after 0.0 seconds
[2026-07-01 17:19:09] [TASK_1] [ERROR] Exception: Simulated failure
[2026-07-01 17:19:09] [TASK_1] [ERROR] Stack trace:
Traceback (most recent call last):
  File "C:\Users\User\KLTN_MASTER\pipeline\run_pipeline.py", line 659, in run_pipeline
    executor(config, task_logger, smoke_test=smoke_test)
  File "C:\Program Files\WindowsApps\PythonSoftwareFoundation.Python.3.10_3.10.3056.0_x64__qbz5n2kfra8p0\lib\unittest\mock.py", line 1114, in __call__
    return self._mock_call(*args, **kwargs)
  File "C:\Program Files\WindowsApps\PythonSoftwareFoundation.Python.3.10_3.10.3056.0_x64__qbz5n2kfra8p0\lib\unittest\mock.py", line 1118, in _mock_call
    return self._execute_mock_call(*args, **kwargs)
  File "C:\Program Files\WindowsApps\PythonSoftwareFoundation.Python.3.10_3.10.3056.0_x64__qbz5n2kfra8p0\lib\unittest\mock.py", line 1173, in _execute_mock_call
    raise effect
RuntimeError: Simulated failure

[2026-07-01 17:19:09] [TASK_1] [INFO] ============================================================
[2026-07-01 17:19:09] [TASK_1] [INFO] START TASK_1: Price Collection (vnstock OHLCV)
[2026-07-01 17:19:09] [TASK_1] [INFO] Timestamp: 2026-07-01T17:19:09.950083
[2026-07-01 17:19:09] [TASK_1] [INFO] ============================================================
[2026-07-01 17:19:09] [TASK_1] [ERROR] TASK FAILED: TASK_1 after 0.0 seconds
[2026-07-01 17:19:09] [TASK_1] [ERROR] Exception: Simulated failure
[2026-07-01 17:19:09] [TASK_1] [ERROR] Stack trace:
Traceback (most recent call last):
  File "C:\Users\User\KLTN_MASTER\pipeline\run_pipeline.py", line 659, in run_pipeline
    executor(config, task_logger, smoke_test=smoke_test)
  File "C:\Program Files\WindowsApps\PythonSoftwareFoundation.Python.3.10_3.10.3056.0_x64__qbz5n2kfra8p0\lib\unittest\mock.py", line 1114, in __call__
    return self._mock_call(*args, **kwargs)
  File "C:\Program Files\WindowsApps\PythonSoftwareFoundation.Python.3.10_3.10.3056.0_x64__qbz5n2kfra8p0\lib\unittest\mock.py", line 1118, in _mock_call
    return self._execute_mock_call(*args, **kwargs)
  File "C:\Program Files\WindowsApps\PythonSoftwareFoundation.Python.3.10_3.10.3056.0_x64__qbz5n2kfra8p0\lib\unittest\mock.py", line 1173, in _execute_mock_call
    raise effect
RuntimeError: Simulated failure

[2026-07-01 17:19:10] [TASK_1] [INFO] ============================================================
[2026-07-01 17:19:10] [TASK_1] [INFO] START TASK_1: Price Collection (vnstock OHLCV)
[2026-07-01 17:19:10] [TASK_1] [INFO] Timestamp: 2026-07-01T17:19:10.066440
[2026-07-01 17:19:10] [TASK_1] [INFO] ============================================================
[2026-07-01 17:19:10] [TASK_1] [INFO] ------------------------------------------------------------
[2026-07-01 17:19:10] [TASK_1] [INFO] END TASK_1 — completed in 0.0 seconds
[2026-07-01 17:19:10] [TASK_1] [INFO] ============================================================
[2026-07-01 17:19:10] [TASK_1] [INFO] ============================================================
[2026-07-01 17:19:10] [TASK_1] [INFO] START TASK_1: Price Collection (vnstock OHLCV)
[2026-07-01 17:19:10] [TASK_1] [INFO] Timestamp: 2026-07-01T17:19:10.766964
[2026-07-01 17:19:10] [TASK_1] [INFO] ============================================================
[2026-07-01 17:19:10] [TASK_1] [INFO] ------------------------------------------------------------
[2026-07-01 17:19:10] [TASK_1] [INFO] END TASK_1 — completed in 0.0 seconds
[2026-07-01 17:19:10] [TASK_1] [INFO] ============================================================
[2026-07-01 17:19:18] [TASK_1] [INFO] Validated 3 tickers total (3 VN30 + 0 expansion).
[2026-07-01 17:19:18] [TASK_1] [INFO] HOSE-80 expansion: 1 non-VN30 tickers included: INVALID
[2026-07-01 17:19:18] [TASK_1] [INFO] Validated 3 tickers total (2 VN30 + 1 expansion).
[2026-07-01 17:19:18] [TASK_1] [INFO] Validated 3 tickers total (3 VN30 + 0 expansion).
[2026-07-01 17:19:18] [TASK_1] [INFO] HOSE-80 expansion: 2 non-VN30 tickers included: INVALID1, INVALID2
[2026-07-01 17:19:18] [TASK_1] [INFO] Validated 2 tickers total (0 VN30 + 2 expansion).
[2026-07-01 17:19:18] [TASK_1] [INFO] Validated 30 tickers total (30 VN30 + 0 expansion).
[2026-07-01 17:19:18] [TASK_1] [WARNING] [2026-07-01 17:19:18] Error fetching VNM (attempt 1/3): API down
[2026-07-01 17:19:18] [TASK_1] [INFO] Retrying in 1s...
[2026-07-01 17:19:18] [TASK_1] [WARNING] [2026-07-01 17:19:18] Error fetching VNM (attempt 2/3): API down
[2026-07-01 17:19:18] [TASK_1] [INFO] Retrying in 2s...
[2026-07-01 17:19:18] [TASK_1] [WARNING] [2026-07-01 17:19:18] Error fetching VNM (attempt 3/3): API down
[2026-07-01 17:19:18] [TASK_1] [ERROR] [2026-07-01 17:19:18] Failed to fetch data for VNM after 3 attempts.
[2026-07-01 17:19:18] [TASK_1] [INFO] Fetched 2 rows for VNM (2024-01-02 to 2024-01-03).
[2026-07-01 17:19:18] [TASK_1] [WARNING] Empty data returned for VNM (attempt 1/3).
[2026-07-01 17:19:18] [TASK_1] [INFO] Retrying in 1s...
[2026-07-01 17:19:18] [TASK_1] [INFO] Fetched 1 rows for VNM (2024-01-02 to 2024-01-02).
[2026-07-01 17:19:18] [TASK_1] [INFO] ============================================================
[2026-07-01 17:19:18] [TASK_1] [INFO] TASK 1: Price Collection Started
[2026-07-01 17:19:18] [TASK_1] [INFO] Tickers: 1 | Date range: 2024-01-01 to 2024-01-10
[2026-07-01 17:19:18] [TASK_1] [INFO] ============================================================
[2026-07-01 17:19:18] [TASK_1] [INFO] Validated 1 tickers total (1 VN30 + 0 expansion).
[2026-07-01 17:19:18] [TASK_1] [INFO] Processing VNM (1/1)...
[2026-07-01 17:19:18] [TASK_1] [INFO] Saved VNM → C:\Users\User\AppData\Local\Temp\pytest-of-User\pytest-270\test_collect_prices_output_col0\prices\VNM.csv (2 rows)
[2026-07-01 17:19:18] [TASK_1] [INFO] Saved consolidated file → C:\Users\User\AppData\Local\Temp\pytest-of-User\pytest-270\test_collect_prices_output_col0\prices\all_vn30_prices.csv (2 rows, 1 tickers)
[2026-07-01 17:19:18] [TASK_1] [INFO] ============================================================
[2026-07-01 17:19:18] [TASK_1] [INFO] PRICE COLLECTION SUMMARY
[2026-07-01 17:19:18] [TASK_1] [INFO] ============================================================
[2026-07-01 17:19:18] [TASK_1] [INFO] Successfully collected: 1 tickers
[2026-07-01 17:19:18] [TASK_1] [INFO] Expected trading days (business-day calendar): 8
[2026-07-01 17:19:18] [TASK_1] [INFO] ------------------------------------------------------------
[2026-07-01 17:19:18] [TASK_1] [INFO] Ticker    Earliest      Latest    Days
[2026-07-01 17:19:18] [TASK_1] [INFO] ------------------------------------------------------------
[2026-07-01 17:19:18] [TASK_1] [INFO] VNM     2024-01-02  2024-01-03       2
[2026-07-01 17:19:18] [TASK_1] [WARNING] ⚠ VNM has 75.0% fewer trading days than expected (2 vs 8 expected). Check for missing data.
[2026-07-01 17:19:18] [TASK_1] [INFO] ------------------------------------------------------------
[2026-07-01 17:19:18] [TASK_1] [INFO] Total rows: 2 | Date range: 2024-01-01 to 2024-01-10
[2026-07-01 17:19:18] [TASK_1] [INFO] ============================================================
[2026-07-01 17:19:18] [TASK_1] [INFO] ============================================================
[2026-07-01 17:19:18] [TASK_1] [INFO] TASK 1: Price Collection Started
[2026-07-01 17:19:18] [TASK_1] [INFO] Tickers: 2 | Date range: 2024-01-01 to 2024-01-10
[2026-07-01 17:19:18] [TASK_1] [INFO] ============================================================
[2026-07-01 17:19:18] [TASK_1] [INFO] Validated 2 tickers total (2 VN30 + 0 expansion).
[2026-07-01 17:19:18] [TASK_1] [INFO] Processing VNM (1/2)...
[2026-07-01 17:19:18] [TASK_1] [INFO] Saved VNM → C:\Users\User\AppData\Local\Temp\pytest-of-User\pytest-270\test_individual_ticker_csv_sav0\prices\VNM.csv (1 rows)
[2026-07-01 17:19:19] [TASK_1] [INFO] Processing FPT (2/2)...
[2026-07-01 17:19:19] [TASK_1] [INFO] Saved FPT → C:\Users\User\AppData\Local\Temp\pytest-of-User\pytest-270\test_individual_ticker_csv_sav0\prices\FPT.csv (1 rows)
[2026-07-01 17:19:19] [TASK_1] [INFO] Saved consolidated file → C:\Users\User\AppData\Local\Temp\pytest-of-User\pytest-270\test_individual_ticker_csv_sav0\prices\all_vn30_prices.csv (2 rows, 2 tickers)
[2026-07-01 17:19:19] [TASK_1] [INFO] ============================================================
[2026-07-01 17:19:19] [TASK_1] [INFO] PRICE COLLECTION SUMMARY
[2026-07-01 17:19:19] [TASK_1] [INFO] ============================================================
[2026-07-01 17:19:19] [TASK_1] [INFO] Successfully collected: 2 tickers
[2026-07-01 17:19:19] [TASK_1] [INFO] Expected trading days (business-day calendar): 8
[2026-07-01 17:19:19] [TASK_1] [INFO] ------------------------------------------------------------
[2026-07-01 17:19:19] [TASK_1] [INFO] Ticker    Earliest      Latest    Days
[2026-07-01 17:19:19] [TASK_1] [INFO] ------------------------------------------------------------
[2026-07-01 17:19:19] [TASK_1] [INFO] FPT     2024-01-02  2024-01-02       1
[2026-07-01 17:19:19] [TASK_1] [WARNING] ⚠ FPT has 87.5% fewer trading days than expected (1 vs 8 expected). Check for missing data.
[2026-07-01 17:19:19] [TASK_1] [INFO] VNM     2024-01-02  2024-01-02       1
[2026-07-01 17:19:19] [TASK_1] [WARNING] ⚠ VNM has 87.5% fewer trading days than expected (1 vs 8 expected). Check for missing data.
[2026-07-01 17:19:19] [TASK_1] [INFO] ------------------------------------------------------------
[2026-07-01 17:19:19] [TASK_1] [INFO] Total rows: 2 | Date range: 2024-01-01 to 2024-01-10
[2026-07-01 17:19:19] [TASK_1] [INFO] ============================================================
[2026-07-01 17:19:19] [TASK_1] [INFO] ============================================================
[2026-07-01 17:19:19] [TASK_1] [INFO] TASK 1: Price Collection Started
[2026-07-01 17:19:19] [TASK_1] [INFO] Tickers: 2 | Date range: 2024-01-01 to 2024-01-10
[2026-07-01 17:19:19] [TASK_1] [INFO] ============================================================
[2026-07-01 17:19:19] [TASK_1] [INFO] Validated 2 tickers total (2 VN30 + 0 expansion).
[2026-07-01 17:19:19] [TASK_1] [INFO] Processing VNM (1/2)...
[2026-07-01 17:19:19] [TASK_1] [INFO] Saved VNM → C:\Users\User\AppData\Local\Temp\pytest-of-User\pytest-270\test_consolidated_csv_has_tick0\prices\VNM.csv (1 rows)
[2026-07-01 17:19:19] [TASK_1] [INFO] Processing FPT (2/2)...
[2026-07-01 17:19:19] [TASK_1] [INFO] Saved FPT → C:\Users\User\AppData\Local\Temp\pytest-of-User\pytest-270\test_consolidated_csv_has_tick0\prices\FPT.csv (1 rows)
[2026-07-01 17:19:19] [TASK_1] [INFO] Saved consolidated file → C:\Users\User\AppData\Local\Temp\pytest-of-User\pytest-270\test_consolidated_csv_has_tick0\prices\all_vn30_prices.csv (2 rows, 2 tickers)
[2026-07-01 17:19:19] [TASK_1] [INFO] ============================================================
[2026-07-01 17:19:19] [TASK_1] [INFO] PRICE COLLECTION SUMMARY
[2026-07-01 17:19:19] [TASK_1] [INFO] ============================================================
[2026-07-01 17:19:19] [TASK_1] [INFO] Successfully collected: 2 tickers
[2026-07-01 17:19:19] [TASK_1] [INFO] Expected trading days (business-day calendar): 8
[2026-07-01 17:19:19] [TASK_1] [INFO] ------------------------------------------------------------
[2026-07-01 17:19:19] [TASK_1] [INFO] Ticker    Earliest      Latest    Days
[2026-07-01 17:19:19] [TASK_1] [INFO] ------------------------------------------------------------
[2026-07-01 17:19:19] [TASK_1] [INFO] FPT     2024-01-02  2024-01-02       1
[2026-07-01 17:19:19] [TASK_1] [WARNING] ⚠ FPT has 87.5% fewer trading days than expected (1 vs 8 expected). Check for missing data.
[2026-07-01 17:19:19] [TASK_1] [INFO] VNM     2024-01-02  2024-01-02       1
[2026-07-01 17:19:19] [TASK_1] [WARNING] ⚠ VNM has 87.5% fewer trading days than expected (1 vs 8 expected). Check for missing data.
[2026-07-01 17:19:19] [TASK_1] [INFO] ------------------------------------------------------------
[2026-07-01 17:19:19] [TASK_1] [INFO] Total rows: 2 | Date range: 2024-01-01 to 2024-01-10
[2026-07-01 17:19:19] [TASK_1] [INFO] ============================================================
[2026-07-01 17:19:19] [TASK_1] [INFO] ============================================================
[2026-07-01 17:19:19] [TASK_1] [INFO] TASK 1: Price Collection Started
[2026-07-01 17:19:19] [TASK_1] [INFO] Tickers: 1 | Date range: 2024-01-01 to 2024-01-10
[2026-07-01 17:19:19] [TASK_1] [INFO] ============================================================
[2026-07-01 17:19:19] [TASK_1] [INFO] Validated 1 tickers total (1 VN30 + 0 expansion).
[2026-07-01 17:19:19] [TASK_1] [INFO] Processing VNM (1/1)...
[2026-07-01 17:19:19] [TASK_1] [ERROR] [2026-07-01 17:19:19] FAILED: VNM — no data collected. Continuing with remaining tickers.
[2026-07-01 17:19:19] [TASK_1] [INFO] ============================================================
[2026-07-01 17:19:19] [TASK_1] [INFO] TASK 1: Price Collection Started
[2026-07-01 17:19:19] [TASK_1] [INFO] Tickers: 2 | Date range: 2024-01-01 to 2024-01-10
[2026-07-01 17:19:19] [TASK_1] [INFO] ============================================================
[2026-07-01 17:19:19] [TASK_1] [INFO] Validated 2 tickers total (2 VN30 + 0 expansion).
[2026-07-01 17:19:19] [TASK_1] [INFO] Processing VNM (1/2)...
[2026-07-01 17:19:19] [TASK_1] [INFO] Saved VNM → C:\Users\User\AppData\Local\Temp\pytest-of-User\pytest-270\test_partial_failure_continues0\prices\VNM.csv (1 rows)
[2026-07-01 17:19:20] [TASK_1] [INFO] Processing FPT (2/2)...
[2026-07-01 17:19:20] [TASK_1] [ERROR] [2026-07-01 17:19:20] FAILED: FPT — no data collected. Continuing with remaining tickers.
[2026-07-01 17:19:20] [TASK_1] [INFO] Saved consolidated file → C:\Users\User\AppData\Local\Temp\pytest-of-User\pytest-270\test_partial_failure_continues0\prices\all_vn30_prices.csv (1 rows, 1 tickers)
[2026-07-01 17:19:20] [TASK_1] [INFO] ============================================================
[2026-07-01 17:19:20] [TASK_1] [INFO] PRICE COLLECTION SUMMARY
[2026-07-01 17:19:20] [TASK_1] [INFO] ============================================================
[2026-07-01 17:19:20] [TASK_1] [INFO] Successfully collected: 1 tickers
[2026-07-01 17:19:20] [TASK_1] [WARNING] Failed tickers: FPT
[2026-07-01 17:19:20] [TASK_1] [INFO] Expected trading days (business-day calendar): 8
[2026-07-01 17:19:20] [TASK_1] [INFO] ------------------------------------------------------------
[2026-07-01 17:19:20] [TASK_1] [INFO] Ticker    Earliest      Latest    Days
[2026-07-01 17:19:20] [TASK_1] [INFO] ------------------------------------------------------------
[2026-07-01 17:19:20] [TASK_1] [INFO] VNM     2024-01-02  2024-01-02       1
[2026-07-01 17:19:20] [TASK_1] [WARNING] ⚠ VNM has 87.5% fewer trading days than expected (1 vs 8 expected). Check for missing data.
[2026-07-01 17:19:20] [TASK_1] [INFO] ------------------------------------------------------------
[2026-07-01 17:19:20] [TASK_1] [INFO] Total rows: 1 | Date range: 2024-01-01 to 2024-01-10
[2026-07-01 17:19:20] [TASK_1] [INFO] ============================================================
[2026-07-01 17:19:20] [TASK_1] [WARNING] [2026-07-01 17:19:20] Error fetching VNM (attempt 1/3): API down
[2026-07-01 17:19:20] [TASK_1] [WARNING] [2026-07-01 17:19:20] Error fetching VNM (attempt 2/3): API down
[2026-07-01 17:19:20] [TASK_1] [WARNING] [2026-07-01 17:19:20] Error fetching VNM (attempt 3/3): API down
[2026-07-01 17:19:20] [TASK_1] [ERROR] [2026-07-01 17:19:20] Failed to fetch data for VNM after 3 attempts.
[2026-07-01 17:19:20] [TASK_1] [WARNING] [2026-07-01 17:19:20] Error fetching VNM (attempt 1/3): API down
[2026-07-01 17:19:20] [TASK_1] [WARNING] [2026-07-01 17:19:20] Error fetching VNM (attempt 2/3): API down
[2026-07-01 17:19:20] [TASK_1] [WARNING] [2026-07-01 17:19:20] Error fetching VNM (attempt 3/3): API down
[2026-07-01 17:19:20] [TASK_1] [ERROR] [2026-07-01 17:19:20] Failed to fetch data for VNM after 3 attempts.
[2026-07-01 17:19:20] [TASK_1] [INFO] ============================================================
[2026-07-01 17:19:20] [TASK_1] [INFO] TASK 1: Price Collection Started
[2026-07-01 17:19:20] [TASK_1] [INFO] Tickers: 3 | Date range: 2024-01-01 to 2024-01-10
[2026-07-01 17:19:20] [TASK_1] [INFO] ============================================================
[2026-07-01 17:19:20] [TASK_1] [INFO] Validated 3 tickers total (3 VN30 + 0 expansion).
[2026-07-01 17:19:20] [TASK_1] [INFO] Processing VNM (1/3)...
[2026-07-01 17:19:20] [TASK_1] [ERROR] [2026-07-01 17:19:20] FAILED: VNM — no data collected. Continuing with remaining tickers.
[2026-07-01 17:19:20] [TASK_1] [INFO] Processing VCB (2/3)...
[2026-07-01 17:19:20] [TASK_1] [INFO] Saved VCB → C:\Users\User\AppData\Local\Temp\pytest-of-User\pytest-270\test_continues_after_ticker_fa0\prices\VCB.csv (2 rows)
[2026-07-01 17:19:21] [TASK_1] [INFO] Processing FPT (3/3)...
[2026-07-01 17:19:21] [TASK_1] [INFO] Saved FPT → C:\Users\User\AppData\Local\Temp\pytest-of-User\pytest-270\test_continues_after_ticker_fa0\prices\FPT.csv (2 rows)
[2026-07-01 17:19:21] [TASK_1] [INFO] Saved consolidated file → C:\Users\User\AppData\Local\Temp\pytest-of-User\pytest-270\test_continues_after_ticker_fa0\prices\all_vn30_prices.csv (4 rows, 2 tickers)
[2026-07-01 17:19:21] [TASK_1] [INFO] ============================================================
[2026-07-01 17:19:21] [TASK_1] [INFO] PRICE COLLECTION SUMMARY
[2026-07-01 17:19:21] [TASK_1] [INFO] ============================================================
[2026-07-01 17:19:21] [TASK_1] [INFO] Successfully collected: 2 tickers
[2026-07-01 17:19:21] [TASK_1] [WARNING] Failed tickers: VNM
[2026-07-01 17:19:21] [TASK_1] [INFO] Expected trading days (business-day calendar): 8
[2026-07-01 17:19:21] [TASK_1] [INFO] ------------------------------------------------------------
[2026-07-01 17:19:21] [TASK_1] [INFO] Ticker    Earliest      Latest    Days
[2026-07-01 17:19:21] [TASK_1] [INFO] ------------------------------------------------------------
[2026-07-01 17:19:21] [TASK_1] [INFO] FPT     2024-01-02  2024-01-03       2
[2026-07-01 17:19:21] [TASK_1] [WARNING] ⚠ FPT has 75.0% fewer trading days than expected (2 vs 8 expected). Check for missing data.
[2026-07-01 17:19:21] [TASK_1] [INFO] VCB     2024-01-02  2024-01-03       2
[2026-07-01 17:19:21] [TASK_1] [WARNING] ⚠ VCB has 75.0% fewer trading days than expected (2 vs 8 expected). Check for missing data.
[2026-07-01 17:19:21] [TASK_1] [INFO] ------------------------------------------------------------
[2026-07-01 17:19:21] [TASK_1] [INFO] Total rows: 4 | Date range: 2024-01-01 to 2024-01-10
[2026-07-01 17:19:21] [TASK_1] [INFO] ============================================================
[2026-07-01 17:19:21] [TASK_1] [ERROR] [2026-07-01 17:19:21] FAILED: FPT — no data collected. Continuing with remaining tickers.
[2026-07-01 17:19:21] [TASK_1] [WARNING] Failed tickers: FPT
[2026-07-01 17:19:21] [TASK_1] [WARNING] ⚠ VNM has 87.5% fewer trading days than expected (1 vs 8 expected). Check for missing data.
[2026-07-01 17:19:21] [TASK_1] [INFO] ============================================================
[2026-07-01 17:19:21] [TASK_1] [INFO] PRICE COLLECTION SUMMARY
[2026-07-01 17:19:21] [TASK_1] [INFO] ============================================================
[2026-07-01 17:19:21] [TASK_1] [INFO] Successfully collected: 2 tickers
[2026-07-01 17:19:21] [TASK_1] [INFO] Expected trading days (business-day calendar): 3
[2026-07-01 17:19:21] [TASK_1] [INFO] ------------------------------------------------------------
[2026-07-01 17:19:21] [TASK_1] [INFO] Ticker    Earliest      Latest    Days
[2026-07-01 17:19:21] [TASK_1] [INFO] ------------------------------------------------------------
[2026-07-01 17:19:21] [TASK_1] [INFO] FPT     2024-01-02  2024-01-03       2
[2026-07-01 17:19:21] [TASK_1] [WARNING] ⚠ FPT has 33.3% fewer trading days than expected (2 vs 3 expected). Check for missing data.
[2026-07-01 17:19:21] [TASK_1] [INFO] VNM     2024-01-02  2024-01-04       3
[2026-07-01 17:19:21] [TASK_1] [INFO] ------------------------------------------------------------
[2026-07-01 17:19:21] [TASK_1] [INFO] Total rows: 5 | Date range: 2024-01-02 to 2024-01-04
[2026-07-01 17:19:21] [TASK_1] [INFO] ============================================================
[2026-07-01 17:19:21] [TASK_1] [WARNING] ⚠ FPT has 53.1% fewer trading days than expected (30 vs 64 expected). Check for missing data.
[2026-07-01 17:19:21] [TASK_1] [WARNING] ⚠ VNM has 6.2% fewer trading days than expected (60 vs 64 expected). Check for missing data.
[2026-07-01 17:19:21] [TASK_1] [WARNING] Failed tickers: FPT, VCB
[2026-07-01 17:19:21] [TASK_1] [INFO] ============================================================
[2026-07-01 17:19:21] [TASK_1] [INFO] PRICE COLLECTION SUMMARY
[2026-07-01 17:19:21] [TASK_1] [INFO] ============================================================
[2026-07-01 17:19:21] [TASK_1] [INFO] Successfully collected: 1 tickers
[2026-07-01 17:19:21] [TASK_1] [INFO] Expected trading days (business-day calendar): 4
[2026-07-01 17:19:21] [TASK_1] [INFO] ------------------------------------------------------------
[2026-07-01 17:19:21] [TASK_1] [INFO] Ticker    Earliest      Latest    Days
[2026-07-01 17:19:21] [TASK_1] [INFO] ------------------------------------------------------------
[2026-07-01 17:19:21] [TASK_1] [INFO] VNM     2024-01-02  2024-01-02       1
[2026-07-01 17:19:21] [TASK_1] [WARNING] ⚠ VNM has 75.0% fewer trading days than expected (1 vs 4 expected). Check for missing data.
[2026-07-01 17:19:21] [TASK_1] [INFO] ------------------------------------------------------------
[2026-07-01 17:19:21] [TASK_1] [INFO] Total rows: 1 | Date range: 2024-01-02 to 2024-01-05
[2026-07-01 17:19:21] [TASK_1] [INFO] ============================================================
[2026-07-01 17:31:10] [TASK_1] [INFO] ============================================================
[2026-07-01 17:31:10] [TASK_1] [INFO] START TASK_1: Price Collection (vnstock OHLCV)
[2026-07-01 17:31:10] [TASK_1] [INFO] Timestamp: 2026-07-01T17:31:10.591606
[2026-07-01 17:31:10] [TASK_1] [INFO] ============================================================
[2026-07-01 17:31:10] [TASK_1] [ERROR] TASK FAILED: TASK_1 after 0.0 seconds
[2026-07-01 17:31:10] [TASK_1] [ERROR] Exception: Simulated failure
[2026-07-01 17:31:10] [TASK_1] [ERROR] Stack trace:
Traceback (most recent call last):
  File "C:\Users\User\KLTN_MASTER\pipeline\run_pipeline.py", line 659, in run_pipeline
    executor(config, task_logger, smoke_test=smoke_test)
  File "C:\Program Files\WindowsApps\PythonSoftwareFoundation.Python.3.10_3.10.3056.0_x64__qbz5n2kfra8p0\lib\unittest\mock.py", line 1114, in __call__
    return self._mock_call(*args, **kwargs)
  File "C:\Program Files\WindowsApps\PythonSoftwareFoundation.Python.3.10_3.10.3056.0_x64__qbz5n2kfra8p0\lib\unittest\mock.py", line 1118, in _mock_call
    return self._execute_mock_call(*args, **kwargs)
  File "C:\Program Files\WindowsApps\PythonSoftwareFoundation.Python.3.10_3.10.3056.0_x64__qbz5n2kfra8p0\lib\unittest\mock.py", line 1173, in _execute_mock_call
    raise effect
RuntimeError: Simulated failure

[2026-07-01 17:31:10] [TASK_1] [INFO] ============================================================
[2026-07-01 17:31:10] [TASK_1] [INFO] START TASK_1: Price Collection (vnstock OHLCV)
[2026-07-01 17:31:10] [TASK_1] [INFO] Timestamp: 2026-07-01T17:31:10.598293
[2026-07-01 17:31:10] [TASK_1] [INFO] ============================================================
[2026-07-01 17:31:10] [TASK_1] [ERROR] TASK FAILED: TASK_1 after 0.0 seconds
[2026-07-01 17:31:10] [TASK_1] [ERROR] Exception: Simulated failure
[2026-07-01 17:31:10] [TASK_1] [ERROR] Stack trace:
Traceback (most recent call last):
  File "C:\Users\User\KLTN_MASTER\pipeline\run_pipeline.py", line 659, in run_pipeline
    executor(config, task_logger, smoke_test=smoke_test)
  File "C:\Program Files\WindowsApps\PythonSoftwareFoundation.Python.3.10_3.10.3056.0_x64__qbz5n2kfra8p0\lib\unittest\mock.py", line 1114, in __call__
    return self._mock_call(*args, **kwargs)
  File "C:\Program Files\WindowsApps\PythonSoftwareFoundation.Python.3.10_3.10.3056.0_x64__qbz5n2kfra8p0\lib\unittest\mock.py", line 1118, in _mock_call
    return self._execute_mock_call(*args, **kwargs)
  File "C:\Program Files\WindowsApps\PythonSoftwareFoundation.Python.3.10_3.10.3056.0_x64__qbz5n2kfra8p0\lib\unittest\mock.py", line 1173, in _execute_mock_call
    raise effect
RuntimeError: Simulated failure

[2026-07-01 17:31:10] [TASK_1] [INFO] ============================================================
[2026-07-01 17:31:10] [TASK_1] [INFO] START TASK_1: Price Collection (vnstock OHLCV)
[2026-07-01 17:31:10] [TASK_1] [INFO] Timestamp: 2026-07-01T17:31:10.723358
[2026-07-01 17:31:10] [TASK_1] [INFO] ============================================================
[2026-07-01 17:31:10] [TASK_1] [INFO] ------------------------------------------------------------
[2026-07-01 17:31:10] [TASK_1] [INFO] END TASK_1 — completed in 0.0 seconds
[2026-07-01 17:31:10] [TASK_1] [INFO] ============================================================
[2026-07-01 17:31:11] [TASK_1] [INFO] ============================================================
[2026-07-01 17:31:11] [TASK_1] [INFO] START TASK_1: Price Collection (vnstock OHLCV)
[2026-07-01 17:31:11] [TASK_1] [INFO] Timestamp: 2026-07-01T17:31:11.548831
[2026-07-01 17:31:11] [TASK_1] [INFO] ============================================================
[2026-07-01 17:31:11] [TASK_1] [INFO] ------------------------------------------------------------
[2026-07-01 17:31:11] [TASK_1] [INFO] END TASK_1 — completed in 0.0 seconds
[2026-07-01 17:31:11] [TASK_1] [INFO] ============================================================
[2026-07-01 17:31:19] [TASK_1] [INFO] Validated 3 tickers total (3 VN30 + 0 expansion).
[2026-07-01 17:31:19] [TASK_1] [INFO] HOSE-80 expansion: 1 non-VN30 tickers included: INVALID
[2026-07-01 17:31:19] [TASK_1] [INFO] Validated 3 tickers total (2 VN30 + 1 expansion).
[2026-07-01 17:31:19] [TASK_1] [INFO] Validated 3 tickers total (3 VN30 + 0 expansion).
[2026-07-01 17:31:19] [TASK_1] [INFO] HOSE-80 expansion: 2 non-VN30 tickers included: INVALID1, INVALID2
[2026-07-01 17:31:19] [TASK_1] [INFO] Validated 2 tickers total (0 VN30 + 2 expansion).
[2026-07-01 17:31:19] [TASK_1] [INFO] Validated 30 tickers total (30 VN30 + 0 expansion).
[2026-07-01 17:31:19] [TASK_1] [WARNING] [2026-07-01 17:31:19] Error fetching VNM (attempt 1/3): API down
[2026-07-01 17:31:19] [TASK_1] [INFO] Retrying in 1s...
[2026-07-01 17:31:19] [TASK_1] [WARNING] [2026-07-01 17:31:19] Error fetching VNM (attempt 2/3): API down
[2026-07-01 17:31:19] [TASK_1] [INFO] Retrying in 2s...
[2026-07-01 17:31:19] [TASK_1] [WARNING] [2026-07-01 17:31:19] Error fetching VNM (attempt 3/3): API down
[2026-07-01 17:31:19] [TASK_1] [ERROR] [2026-07-01 17:31:19] Failed to fetch data for VNM after 3 attempts.
[2026-07-01 17:31:19] [TASK_1] [INFO] Fetched 2 rows for VNM (2024-01-02 to 2024-01-03).
[2026-07-01 17:31:19] [TASK_1] [WARNING] Empty data returned for VNM (attempt 1/3).
[2026-07-01 17:31:19] [TASK_1] [INFO] Retrying in 1s...
[2026-07-01 17:31:19] [TASK_1] [INFO] Fetched 1 rows for VNM (2024-01-02 to 2024-01-02).
[2026-07-01 17:31:19] [TASK_1] [INFO] ============================================================
[2026-07-01 17:31:19] [TASK_1] [INFO] TASK 1: Price Collection Started
[2026-07-01 17:31:19] [TASK_1] [INFO] Tickers: 1 | Date range: 2024-01-01 to 2024-01-10
[2026-07-01 17:31:19] [TASK_1] [INFO] ============================================================
[2026-07-01 17:31:19] [TASK_1] [INFO] Validated 1 tickers total (1 VN30 + 0 expansion).
[2026-07-01 17:31:19] [TASK_1] [INFO] Processing VNM (1/1)...
[2026-07-01 17:31:19] [TASK_1] [INFO] Saved VNM → C:\Users\User\AppData\Local\Temp\pytest-of-User\pytest-273\test_collect_prices_output_col0\prices\VNM.csv (2 rows)
[2026-07-01 17:31:19] [TASK_1] [INFO] Saved consolidated file → C:\Users\User\AppData\Local\Temp\pytest-of-User\pytest-273\test_collect_prices_output_col0\prices\all_vn30_prices.csv (2 rows, 1 tickers)
[2026-07-01 17:31:19] [TASK_1] [INFO] ============================================================
[2026-07-01 17:31:19] [TASK_1] [INFO] PRICE COLLECTION SUMMARY
[2026-07-01 17:31:19] [TASK_1] [INFO] ============================================================
[2026-07-01 17:31:19] [TASK_1] [INFO] Successfully collected: 1 tickers
[2026-07-01 17:31:19] [TASK_1] [INFO] Expected trading days (business-day calendar): 8
[2026-07-01 17:31:19] [TASK_1] [INFO] ------------------------------------------------------------
[2026-07-01 17:31:19] [TASK_1] [INFO] Ticker    Earliest      Latest    Days
[2026-07-01 17:31:19] [TASK_1] [INFO] ------------------------------------------------------------
[2026-07-01 17:31:19] [TASK_1] [INFO] VNM     2024-01-02  2024-01-03       2
[2026-07-01 17:31:19] [TASK_1] [WARNING] ⚠ VNM has 75.0% fewer trading days than expected (2 vs 8 expected). Check for missing data.
[2026-07-01 17:31:19] [TASK_1] [INFO] ------------------------------------------------------------
[2026-07-01 17:31:19] [TASK_1] [INFO] Total rows: 2 | Date range: 2024-01-01 to 2024-01-10
[2026-07-01 17:31:19] [TASK_1] [INFO] ============================================================
[2026-07-01 17:31:19] [TASK_1] [INFO] ============================================================
[2026-07-01 17:31:19] [TASK_1] [INFO] TASK 1: Price Collection Started
[2026-07-01 17:31:19] [TASK_1] [INFO] Tickers: 2 | Date range: 2024-01-01 to 2024-01-10
[2026-07-01 17:31:19] [TASK_1] [INFO] ============================================================
[2026-07-01 17:31:19] [TASK_1] [INFO] Validated 2 tickers total (2 VN30 + 0 expansion).
[2026-07-01 17:31:19] [TASK_1] [INFO] Processing VNM (1/2)...
[2026-07-01 17:31:19] [TASK_1] [INFO] Saved VNM → C:\Users\User\AppData\Local\Temp\pytest-of-User\pytest-273\test_individual_ticker_csv_sav0\prices\VNM.csv (1 rows)
[2026-07-01 17:31:20] [TASK_1] [INFO] Processing FPT (2/2)...
[2026-07-01 17:31:20] [TASK_1] [INFO] Saved FPT → C:\Users\User\AppData\Local\Temp\pytest-of-User\pytest-273\test_individual_ticker_csv_sav0\prices\FPT.csv (1 rows)
[2026-07-01 17:31:20] [TASK_1] [INFO] Saved consolidated file → C:\Users\User\AppData\Local\Temp\pytest-of-User\pytest-273\test_individual_ticker_csv_sav0\prices\all_vn30_prices.csv (2 rows, 2 tickers)
[2026-07-01 17:31:20] [TASK_1] [INFO] ============================================================
[2026-07-01 17:31:20] [TASK_1] [INFO] PRICE COLLECTION SUMMARY
[2026-07-01 17:31:20] [TASK_1] [INFO] ============================================================
[2026-07-01 17:31:20] [TASK_1] [INFO] Successfully collected: 2 tickers
[2026-07-01 17:31:20] [TASK_1] [INFO] Expected trading days (business-day calendar): 8
[2026-07-01 17:31:20] [TASK_1] [INFO] ------------------------------------------------------------
[2026-07-01 17:31:20] [TASK_1] [INFO] Ticker    Earliest      Latest    Days
[2026-07-01 17:31:20] [TASK_1] [INFO] ------------------------------------------------------------
[2026-07-01 17:31:20] [TASK_1] [INFO] FPT     2024-01-02  2024-01-02       1
[2026-07-01 17:31:20] [TASK_1] [WARNING] ⚠ FPT has 87.5% fewer trading days than expected (1 vs 8 expected). Check for missing data.
[2026-07-01 17:31:20] [TASK_1] [INFO] VNM     2024-01-02  2024-01-02       1
[2026-07-01 17:31:20] [TASK_1] [WARNING] ⚠ VNM has 87.5% fewer trading days than expected (1 vs 8 expected). Check for missing data.
[2026-07-01 17:31:20] [TASK_1] [INFO] ------------------------------------------------------------
[2026-07-01 17:31:20] [TASK_1] [INFO] Total rows: 2 | Date range: 2024-01-01 to 2024-01-10
[2026-07-01 17:31:20] [TASK_1] [INFO] ============================================================
[2026-07-01 17:31:20] [TASK_1] [INFO] ============================================================
[2026-07-01 17:31:20] [TASK_1] [INFO] TASK 1: Price Collection Started
[2026-07-01 17:31:20] [TASK_1] [INFO] Tickers: 2 | Date range: 2024-01-01 to 2024-01-10
[2026-07-01 17:31:20] [TASK_1] [INFO] ============================================================
[2026-07-01 17:31:20] [TASK_1] [INFO] Validated 2 tickers total (2 VN30 + 0 expansion).
[2026-07-01 17:31:20] [TASK_1] [INFO] Processing VNM (1/2)...
[2026-07-01 17:31:20] [TASK_1] [INFO] Saved VNM → C:\Users\User\AppData\Local\Temp\pytest-of-User\pytest-273\test_consolidated_csv_has_tick0\prices\VNM.csv (1 rows)
[2026-07-01 17:31:20] [TASK_1] [INFO] Processing FPT (2/2)...
[2026-07-01 17:31:20] [TASK_1] [INFO] Saved FPT → C:\Users\User\AppData\Local\Temp\pytest-of-User\pytest-273\test_consolidated_csv_has_tick0\prices\FPT.csv (1 rows)
[2026-07-01 17:31:20] [TASK_1] [INFO] Saved consolidated file → C:\Users\User\AppData\Local\Temp\pytest-of-User\pytest-273\test_consolidated_csv_has_tick0\prices\all_vn30_prices.csv (2 rows, 2 tickers)
[2026-07-01 17:31:20] [TASK_1] [INFO] ============================================================
[2026-07-01 17:31:20] [TASK_1] [INFO] PRICE COLLECTION SUMMARY
[2026-07-01 17:31:20] [TASK_1] [INFO] ============================================================
[2026-07-01 17:31:20] [TASK_1] [INFO] Successfully collected: 2 tickers
[2026-07-01 17:31:20] [TASK_1] [INFO] Expected trading days (business-day calendar): 8
[2026-07-01 17:31:20] [TASK_1] [INFO] ------------------------------------------------------------
[2026-07-01 17:31:20] [TASK_1] [INFO] Ticker    Earliest      Latest    Days
[2026-07-01 17:31:20] [TASK_1] [INFO] ------------------------------------------------------------
[2026-07-01 17:31:20] [TASK_1] [INFO] FPT     2024-01-02  2024-01-02       1
[2026-07-01 17:31:20] [TASK_1] [WARNING] ⚠ FPT has 87.5% fewer trading days than expected (1 vs 8 expected). Check for missing data.
[2026-07-01 17:31:20] [TASK_1] [INFO] VNM     2024-01-02  2024-01-02       1
[2026-07-01 17:31:20] [TASK_1] [WARNING] ⚠ VNM has 87.5% fewer trading days than expected (1 vs 8 expected). Check for missing data.
[2026-07-01 17:31:20] [TASK_1] [INFO] ------------------------------------------------------------
[2026-07-01 17:31:20] [TASK_1] [INFO] Total rows: 2 | Date range: 2024-01-01 to 2024-01-10
[2026-07-01 17:31:20] [TASK_1] [INFO] ============================================================
[2026-07-01 17:31:20] [TASK_1] [INFO] ============================================================
[2026-07-01 17:31:20] [TASK_1] [INFO] TASK 1: Price Collection Started
[2026-07-01 17:31:20] [TASK_1] [INFO] Tickers: 1 | Date range: 2024-01-01 to 2024-01-10
[2026-07-01 17:31:20] [TASK_1] [INFO] ============================================================
[2026-07-01 17:31:20] [TASK_1] [INFO] Validated 1 tickers total (1 VN30 + 0 expansion).
[2026-07-01 17:31:20] [TASK_1] [INFO] Processing VNM (1/1)...
[2026-07-01 17:31:20] [TASK_1] [ERROR] [2026-07-01 17:31:20] FAILED: VNM — no data collected. Continuing with remaining tickers.
[2026-07-01 17:31:20] [TASK_1] [INFO] ============================================================
[2026-07-01 17:31:20] [TASK_1] [INFO] TASK 1: Price Collection Started
[2026-07-01 17:31:20] [TASK_1] [INFO] Tickers: 2 | Date range: 2024-01-01 to 2024-01-10
[2026-07-01 17:31:20] [TASK_1] [INFO] ============================================================
[2026-07-01 17:31:20] [TASK_1] [INFO] Validated 2 tickers total (2 VN30 + 0 expansion).
[2026-07-01 17:31:20] [TASK_1] [INFO] Processing VNM (1/2)...
[2026-07-01 17:31:20] [TASK_1] [INFO] Saved VNM → C:\Users\User\AppData\Local\Temp\pytest-of-User\pytest-273\test_partial_failure_continues0\prices\VNM.csv (1 rows)
[2026-07-01 17:31:21] [TASK_1] [INFO] Processing FPT (2/2)...
[2026-07-01 17:31:21] [TASK_1] [ERROR] [2026-07-01 17:31:21] FAILED: FPT — no data collected. Continuing with remaining tickers.
[2026-07-01 17:31:21] [TASK_1] [INFO] Saved consolidated file → C:\Users\User\AppData\Local\Temp\pytest-of-User\pytest-273\test_partial_failure_continues0\prices\all_vn30_prices.csv (1 rows, 1 tickers)
[2026-07-01 17:31:21] [TASK_1] [INFO] ============================================================
[2026-07-01 17:31:21] [TASK_1] [INFO] PRICE COLLECTION SUMMARY
[2026-07-01 17:31:21] [TASK_1] [INFO] ============================================================
[2026-07-01 17:31:21] [TASK_1] [INFO] Successfully collected: 1 tickers
[2026-07-01 17:31:21] [TASK_1] [WARNING] Failed tickers: FPT
[2026-07-01 17:31:21] [TASK_1] [INFO] Expected trading days (business-day calendar): 8
[2026-07-01 17:31:21] [TASK_1] [INFO] ------------------------------------------------------------
[2026-07-01 17:31:21] [TASK_1] [INFO] Ticker    Earliest      Latest    Days
[2026-07-01 17:31:21] [TASK_1] [INFO] ------------------------------------------------------------
[2026-07-01 17:31:21] [TASK_1] [INFO] VNM     2024-01-02  2024-01-02       1
[2026-07-01 17:31:21] [TASK_1] [WARNING] ⚠ VNM has 87.5% fewer trading days than expected (1 vs 8 expected). Check for missing data.
[2026-07-01 17:31:21] [TASK_1] [INFO] ------------------------------------------------------------
[2026-07-01 17:31:21] [TASK_1] [INFO] Total rows: 1 | Date range: 2024-01-01 to 2024-01-10
[2026-07-01 17:31:21] [TASK_1] [INFO] ============================================================
[2026-07-01 17:31:21] [TASK_1] [WARNING] [2026-07-01 17:31:21] Error fetching VNM (attempt 1/3): API down
[2026-07-01 17:31:21] [TASK_1] [WARNING] [2026-07-01 17:31:21] Error fetching VNM (attempt 2/3): API down
[2026-07-01 17:31:21] [TASK_1] [WARNING] [2026-07-01 17:31:21] Error fetching VNM (attempt 3/3): API down
[2026-07-01 17:31:21] [TASK_1] [ERROR] [2026-07-01 17:31:21] Failed to fetch data for VNM after 3 attempts.
[2026-07-01 17:31:21] [TASK_1] [WARNING] [2026-07-01 17:31:21] Error fetching VNM (attempt 1/3): API down
[2026-07-01 17:31:21] [TASK_1] [WARNING] [2026-07-01 17:31:21] Error fetching VNM (attempt 2/3): API down
[2026-07-01 17:31:21] [TASK_1] [WARNING] [2026-07-01 17:31:21] Error fetching VNM (attempt 3/3): API down
[2026-07-01 17:31:21] [TASK_1] [ERROR] [2026-07-01 17:31:21] Failed to fetch data for VNM after 3 attempts.
[2026-07-01 17:31:21] [TASK_1] [INFO] ============================================================
[2026-07-01 17:31:21] [TASK_1] [INFO] TASK 1: Price Collection Started
[2026-07-01 17:31:21] [TASK_1] [INFO] Tickers: 3 | Date range: 2024-01-01 to 2024-01-10
[2026-07-01 17:31:21] [TASK_1] [INFO] ============================================================
[2026-07-01 17:31:21] [TASK_1] [INFO] Validated 3 tickers total (3 VN30 + 0 expansion).
[2026-07-01 17:31:21] [TASK_1] [INFO] Processing VNM (1/3)...
[2026-07-01 17:31:21] [TASK_1] [ERROR] [2026-07-01 17:31:21] FAILED: VNM — no data collected. Continuing with remaining tickers.
[2026-07-01 17:31:22] [TASK_1] [INFO] Processing VCB (2/3)...
[2026-07-01 17:31:22] [TASK_1] [INFO] Saved VCB → C:\Users\User\AppData\Local\Temp\pytest-of-User\pytest-273\test_continues_after_ticker_fa0\prices\VCB.csv (2 rows)
[2026-07-01 17:31:22] [TASK_1] [INFO] Processing FPT (3/3)...
[2026-07-01 17:31:22] [TASK_1] [INFO] Saved FPT → C:\Users\User\AppData\Local\Temp\pytest-of-User\pytest-273\test_continues_after_ticker_fa0\prices\FPT.csv (2 rows)
[2026-07-01 17:31:22] [TASK_1] [INFO] Saved consolidated file → C:\Users\User\AppData\Local\Temp\pytest-of-User\pytest-273\test_continues_after_ticker_fa0\prices\all_vn30_prices.csv (4 rows, 2 tickers)
[2026-07-01 17:31:22] [TASK_1] [INFO] ============================================================
[2026-07-01 17:31:22] [TASK_1] [INFO] PRICE COLLECTION SUMMARY
[2026-07-01 17:31:22] [TASK_1] [INFO] ============================================================
[2026-07-01 17:31:22] [TASK_1] [INFO] Successfully collected: 2 tickers
[2026-07-01 17:31:22] [TASK_1] [WARNING] Failed tickers: VNM
[2026-07-01 17:31:22] [TASK_1] [INFO] Expected trading days (business-day calendar): 8
[2026-07-01 17:31:22] [TASK_1] [INFO] ------------------------------------------------------------
[2026-07-01 17:31:22] [TASK_1] [INFO] Ticker    Earliest      Latest    Days
[2026-07-01 17:31:22] [TASK_1] [INFO] ------------------------------------------------------------
[2026-07-01 17:31:22] [TASK_1] [INFO] FPT     2024-01-02  2024-01-03       2
[2026-07-01 17:31:22] [TASK_1] [WARNING] ⚠ FPT has 75.0% fewer trading days than expected (2 vs 8 expected). Check for missing data.
[2026-07-01 17:31:22] [TASK_1] [INFO] VCB     2024-01-02  2024-01-03       2
[2026-07-01 17:31:22] [TASK_1] [WARNING] ⚠ VCB has 75.0% fewer trading days than expected (2 vs 8 expected). Check for missing data.
[2026-07-01 17:31:22] [TASK_1] [INFO] ------------------------------------------------------------
[2026-07-01 17:31:22] [TASK_1] [INFO] Total rows: 4 | Date range: 2024-01-01 to 2024-01-10
[2026-07-01 17:31:22] [TASK_1] [INFO] ============================================================
[2026-07-01 17:31:23] [TASK_1] [ERROR] [2026-07-01 17:31:23] FAILED: FPT — no data collected. Continuing with remaining tickers.
[2026-07-01 17:31:23] [TASK_1] [WARNING] Failed tickers: FPT
[2026-07-01 17:31:23] [TASK_1] [WARNING] ⚠ VNM has 87.5% fewer trading days than expected (1 vs 8 expected). Check for missing data.
[2026-07-01 17:31:23] [TASK_1] [INFO] ============================================================
[2026-07-01 17:31:23] [TASK_1] [INFO] PRICE COLLECTION SUMMARY
[2026-07-01 17:31:23] [TASK_1] [INFO] ============================================================
[2026-07-01 17:31:23] [TASK_1] [INFO] Successfully collected: 2 tickers
[2026-07-01 17:31:23] [TASK_1] [INFO] Expected trading days (business-day calendar): 3
[2026-07-01 17:31:23] [TASK_1] [INFO] ------------------------------------------------------------
[2026-07-01 17:31:23] [TASK_1] [INFO] Ticker    Earliest      Latest    Days
[2026-07-01 17:31:23] [TASK_1] [INFO] ------------------------------------------------------------
[2026-07-01 17:31:23] [TASK_1] [INFO] FPT     2024-01-02  2024-01-03       2
[2026-07-01 17:31:23] [TASK_1] [WARNING] ⚠ FPT has 33.3% fewer trading days than expected (2 vs 3 expected). Check for missing data.
[2026-07-01 17:31:23] [TASK_1] [INFO] VNM     2024-01-02  2024-01-04       3
[2026-07-01 17:31:23] [TASK_1] [INFO] ------------------------------------------------------------
[2026-07-01 17:31:23] [TASK_1] [INFO] Total rows: 5 | Date range: 2024-01-02 to 2024-01-04
[2026-07-01 17:31:23] [TASK_1] [INFO] ============================================================
[2026-07-01 17:31:23] [TASK_1] [WARNING] ⚠ FPT has 53.1% fewer trading days than expected (30 vs 64 expected). Check for missing data.
[2026-07-01 17:31:23] [TASK_1] [WARNING] ⚠ VNM has 6.2% fewer trading days than expected (60 vs 64 expected). Check for missing data.
[2026-07-01 17:31:23] [TASK_1] [WARNING] Failed tickers: FPT, VCB
[2026-07-01 17:31:23] [TASK_1] [INFO] ============================================================
[2026-07-01 17:31:23] [TASK_1] [INFO] PRICE COLLECTION SUMMARY
[2026-07-01 17:31:23] [TASK_1] [INFO] ============================================================
[2026-07-01 17:31:23] [TASK_1] [INFO] Successfully collected: 1 tickers
[2026-07-01 17:31:23] [TASK_1] [INFO] Expected trading days (business-day calendar): 4
[2026-07-01 17:31:23] [TASK_1] [INFO] ------------------------------------------------------------
[2026-07-01 17:31:23] [TASK_1] [INFO] Ticker    Earliest      Latest    Days
[2026-07-01 17:31:23] [TASK_1] [INFO] ------------------------------------------------------------
[2026-07-01 17:31:23] [TASK_1] [INFO] VNM     2024-01-02  2024-01-02       1
[2026-07-01 17:31:23] [TASK_1] [WARNING] ⚠ VNM has 75.0% fewer trading days than expected (1 vs 4 expected). Check for missing data.
[2026-07-01 17:31:23] [TASK_1] [INFO] ------------------------------------------------------------
[2026-07-01 17:31:23] [TASK_1] [INFO] Total rows: 1 | Date range: 2024-01-02 to 2024-01-05
[2026-07-01 17:31:23] [TASK_1] [INFO] ============================================================
[2026-07-01 17:34:04] [TASK_1] [INFO] ============================================================
[2026-07-01 17:34:04] [TASK_1] [INFO] START TASK_1: Price Collection (vnstock OHLCV)
[2026-07-01 17:34:04] [TASK_1] [INFO] Timestamp: 2026-07-01T17:34:04.497760
[2026-07-01 17:34:04] [TASK_1] [INFO] ============================================================
[2026-07-01 17:34:04] [TASK_1] [ERROR] TASK FAILED: TASK_1 after 0.0 seconds
[2026-07-01 17:34:04] [TASK_1] [ERROR] Exception: Simulated failure
[2026-07-01 17:34:04] [TASK_1] [ERROR] Stack trace:
Traceback (most recent call last):
  File "C:\Users\User\KLTN_MASTER\pipeline\run_pipeline.py", line 659, in run_pipeline
    executor(config, task_logger, smoke_test=smoke_test)
  File "C:\Program Files\WindowsApps\PythonSoftwareFoundation.Python.3.10_3.10.3056.0_x64__qbz5n2kfra8p0\lib\unittest\mock.py", line 1114, in __call__
    return self._mock_call(*args, **kwargs)
  File "C:\Program Files\WindowsApps\PythonSoftwareFoundation.Python.3.10_3.10.3056.0_x64__qbz5n2kfra8p0\lib\unittest\mock.py", line 1118, in _mock_call
    return self._execute_mock_call(*args, **kwargs)
  File "C:\Program Files\WindowsApps\PythonSoftwareFoundation.Python.3.10_3.10.3056.0_x64__qbz5n2kfra8p0\lib\unittest\mock.py", line 1173, in _execute_mock_call
    raise effect
RuntimeError: Simulated failure

[2026-07-01 17:34:04] [TASK_1] [INFO] ============================================================
[2026-07-01 17:34:04] [TASK_1] [INFO] START TASK_1: Price Collection (vnstock OHLCV)
[2026-07-01 17:34:04] [TASK_1] [INFO] Timestamp: 2026-07-01T17:34:04.513401
[2026-07-01 17:34:04] [TASK_1] [INFO] ============================================================
[2026-07-01 17:34:04] [TASK_1] [ERROR] TASK FAILED: TASK_1 after 0.0 seconds
[2026-07-01 17:34:04] [TASK_1] [ERROR] Exception: Simulated failure
[2026-07-01 17:34:04] [TASK_1] [ERROR] Stack trace:
Traceback (most recent call last):
  File "C:\Users\User\KLTN_MASTER\pipeline\run_pipeline.py", line 659, in run_pipeline
    executor(config, task_logger, smoke_test=smoke_test)
  File "C:\Program Files\WindowsApps\PythonSoftwareFoundation.Python.3.10_3.10.3056.0_x64__qbz5n2kfra8p0\lib\unittest\mock.py", line 1114, in __call__
    return self._mock_call(*args, **kwargs)
  File "C:\Program Files\WindowsApps\PythonSoftwareFoundation.Python.3.10_3.10.3056.0_x64__qbz5n2kfra8p0\lib\unittest\mock.py", line 1118, in _mock_call
    return self._execute_mock_call(*args, **kwargs)
  File "C:\Program Files\WindowsApps\PythonSoftwareFoundation.Python.3.10_3.10.3056.0_x64__qbz5n2kfra8p0\lib\unittest\mock.py", line 1173, in _execute_mock_call
    raise effect
RuntimeError: Simulated failure

[2026-07-01 17:34:04] [TASK_1] [INFO] ============================================================
[2026-07-01 17:34:04] [TASK_1] [INFO] START TASK_1: Price Collection (vnstock OHLCV)
[2026-07-01 17:34:04] [TASK_1] [INFO] Timestamp: 2026-07-01T17:34:04.624523
[2026-07-01 17:34:04] [TASK_1] [INFO] ============================================================
[2026-07-01 17:34:04] [TASK_1] [INFO] ------------------------------------------------------------
[2026-07-01 17:34:04] [TASK_1] [INFO] END TASK_1 — completed in 0.0 seconds
[2026-07-01 17:34:04] [TASK_1] [INFO] ============================================================
[2026-07-01 17:34:05] [TASK_1] [INFO] ============================================================
[2026-07-01 17:34:05] [TASK_1] [INFO] START TASK_1: Price Collection (vnstock OHLCV)
[2026-07-01 17:34:05] [TASK_1] [INFO] Timestamp: 2026-07-01T17:34:05.442727
[2026-07-01 17:34:05] [TASK_1] [INFO] ============================================================
[2026-07-01 17:34:05] [TASK_1] [INFO] ------------------------------------------------------------
[2026-07-01 17:34:05] [TASK_1] [INFO] END TASK_1 — completed in 0.0 seconds
[2026-07-01 17:34:05] [TASK_1] [INFO] ============================================================
[2026-07-01 17:34:13] [TASK_1] [INFO] Validated 3 tickers total (3 VN30 + 0 expansion).
[2026-07-01 17:34:13] [TASK_1] [INFO] HOSE-80 expansion: 1 non-VN30 tickers included: INVALID
[2026-07-01 17:34:13] [TASK_1] [INFO] Validated 3 tickers total (2 VN30 + 1 expansion).
[2026-07-01 17:34:13] [TASK_1] [INFO] Validated 3 tickers total (3 VN30 + 0 expansion).
[2026-07-01 17:34:13] [TASK_1] [INFO] HOSE-80 expansion: 2 non-VN30 tickers included: INVALID1, INVALID2
[2026-07-01 17:34:13] [TASK_1] [INFO] Validated 2 tickers total (0 VN30 + 2 expansion).
[2026-07-01 17:34:13] [TASK_1] [INFO] Validated 30 tickers total (30 VN30 + 0 expansion).
[2026-07-01 17:34:13] [TASK_1] [WARNING] [2026-07-01 17:34:13] Error fetching VNM (attempt 1/3): API down
[2026-07-01 17:34:13] [TASK_1] [INFO] Retrying in 1s...
[2026-07-01 17:34:13] [TASK_1] [WARNING] [2026-07-01 17:34:13] Error fetching VNM (attempt 2/3): API down
[2026-07-01 17:34:13] [TASK_1] [INFO] Retrying in 2s...
[2026-07-01 17:34:13] [TASK_1] [WARNING] [2026-07-01 17:34:13] Error fetching VNM (attempt 3/3): API down
[2026-07-01 17:34:13] [TASK_1] [ERROR] [2026-07-01 17:34:13] Failed to fetch data for VNM after 3 attempts.
[2026-07-01 17:34:13] [TASK_1] [INFO] Fetched 2 rows for VNM (2024-01-02 to 2024-01-03).
[2026-07-01 17:34:13] [TASK_1] [WARNING] Empty data returned for VNM (attempt 1/3).
[2026-07-01 17:34:13] [TASK_1] [INFO] Retrying in 1s...
[2026-07-01 17:34:13] [TASK_1] [INFO] Fetched 1 rows for VNM (2024-01-02 to 2024-01-02).
[2026-07-01 17:34:13] [TASK_1] [INFO] ============================================================
[2026-07-01 17:34:13] [TASK_1] [INFO] TASK 1: Price Collection Started
[2026-07-01 17:34:13] [TASK_1] [INFO] Tickers: 1 | Date range: 2024-01-01 to 2024-01-10
[2026-07-01 17:34:13] [TASK_1] [INFO] ============================================================
[2026-07-01 17:34:13] [TASK_1] [INFO] Validated 1 tickers total (1 VN30 + 0 expansion).
[2026-07-01 17:34:13] [TASK_1] [INFO] Processing VNM (1/1)...
[2026-07-01 17:34:13] [TASK_1] [INFO] Saved VNM → C:\Users\User\AppData\Local\Temp\pytest-of-User\pytest-275\test_collect_prices_output_col0\prices\VNM.csv (2 rows)
[2026-07-01 17:34:13] [TASK_1] [INFO] Saved consolidated file → C:\Users\User\AppData\Local\Temp\pytest-of-User\pytest-275\test_collect_prices_output_col0\prices\all_vn30_prices.csv (2 rows, 1 tickers)
[2026-07-01 17:34:13] [TASK_1] [INFO] ============================================================
[2026-07-01 17:34:13] [TASK_1] [INFO] PRICE COLLECTION SUMMARY
[2026-07-01 17:34:13] [TASK_1] [INFO] ============================================================
[2026-07-01 17:34:13] [TASK_1] [INFO] Successfully collected: 1 tickers
[2026-07-01 17:34:13] [TASK_1] [INFO] Expected trading days (business-day calendar): 8
[2026-07-01 17:34:13] [TASK_1] [INFO] ------------------------------------------------------------
[2026-07-01 17:34:13] [TASK_1] [INFO] Ticker    Earliest      Latest    Days
[2026-07-01 17:34:13] [TASK_1] [INFO] ------------------------------------------------------------
[2026-07-01 17:34:13] [TASK_1] [INFO] VNM     2024-01-02  2024-01-03       2
[2026-07-01 17:34:13] [TASK_1] [WARNING] ⚠ VNM has 75.0% fewer trading days than expected (2 vs 8 expected). Check for missing data.
[2026-07-01 17:34:13] [TASK_1] [INFO] ------------------------------------------------------------
[2026-07-01 17:34:13] [TASK_1] [INFO] Total rows: 2 | Date range: 2024-01-01 to 2024-01-10
[2026-07-01 17:34:13] [TASK_1] [INFO] ============================================================
[2026-07-01 17:34:13] [TASK_1] [INFO] ============================================================
[2026-07-01 17:34:13] [TASK_1] [INFO] TASK 1: Price Collection Started
[2026-07-01 17:34:13] [TASK_1] [INFO] Tickers: 2 | Date range: 2024-01-01 to 2024-01-10
[2026-07-01 17:34:13] [TASK_1] [INFO] ============================================================
[2026-07-01 17:34:13] [TASK_1] [INFO] Validated 2 tickers total (2 VN30 + 0 expansion).
[2026-07-01 17:34:13] [TASK_1] [INFO] Processing VNM (1/2)...
[2026-07-01 17:34:13] [TASK_1] [INFO] Saved VNM → C:\Users\User\AppData\Local\Temp\pytest-of-User\pytest-275\test_individual_ticker_csv_sav0\prices\VNM.csv (1 rows)
[2026-07-01 17:34:13] [TASK_1] [INFO] Processing FPT (2/2)...
[2026-07-01 17:34:13] [TASK_1] [INFO] Saved FPT → C:\Users\User\AppData\Local\Temp\pytest-of-User\pytest-275\test_individual_ticker_csv_sav0\prices\FPT.csv (1 rows)
[2026-07-01 17:34:13] [TASK_1] [INFO] Saved consolidated file → C:\Users\User\AppData\Local\Temp\pytest-of-User\pytest-275\test_individual_ticker_csv_sav0\prices\all_vn30_prices.csv (2 rows, 2 tickers)
[2026-07-01 17:34:13] [TASK_1] [INFO] ============================================================
[2026-07-01 17:34:13] [TASK_1] [INFO] PRICE COLLECTION SUMMARY
[2026-07-01 17:34:13] [TASK_1] [INFO] ============================================================
[2026-07-01 17:34:13] [TASK_1] [INFO] Successfully collected: 2 tickers
[2026-07-01 17:34:13] [TASK_1] [INFO] Expected trading days (business-day calendar): 8
[2026-07-01 17:34:13] [TASK_1] [INFO] ------------------------------------------------------------
[2026-07-01 17:34:13] [TASK_1] [INFO] Ticker    Earliest      Latest    Days
[2026-07-01 17:34:13] [TASK_1] [INFO] ------------------------------------------------------------
[2026-07-01 17:34:13] [TASK_1] [INFO] FPT     2024-01-02  2024-01-02       1
[2026-07-01 17:34:13] [TASK_1] [WARNING] ⚠ FPT has 87.5% fewer trading days than expected (1 vs 8 expected). Check for missing data.
[2026-07-01 17:34:13] [TASK_1] [INFO] VNM     2024-01-02  2024-01-02       1
[2026-07-01 17:34:13] [TASK_1] [WARNING] ⚠ VNM has 87.5% fewer trading days than expected (1 vs 8 expected). Check for missing data.
[2026-07-01 17:34:13] [TASK_1] [INFO] ------------------------------------------------------------
[2026-07-01 17:34:13] [TASK_1] [INFO] Total rows: 2 | Date range: 2024-01-01 to 2024-01-10
[2026-07-01 17:34:13] [TASK_1] [INFO] ============================================================
[2026-07-01 17:34:13] [TASK_1] [INFO] ============================================================
[2026-07-01 17:34:13] [TASK_1] [INFO] TASK 1: Price Collection Started
[2026-07-01 17:34:13] [TASK_1] [INFO] Tickers: 2 | Date range: 2024-01-01 to 2024-01-10
[2026-07-01 17:34:13] [TASK_1] [INFO] ============================================================
[2026-07-01 17:34:13] [TASK_1] [INFO] Validated 2 tickers total (2 VN30 + 0 expansion).
[2026-07-01 17:34:13] [TASK_1] [INFO] Processing VNM (1/2)...
[2026-07-01 17:34:13] [TASK_1] [INFO] Saved VNM → C:\Users\User\AppData\Local\Temp\pytest-of-User\pytest-275\test_consolidated_csv_has_tick0\prices\VNM.csv (1 rows)
[2026-07-01 17:34:14] [TASK_1] [INFO] Processing FPT (2/2)...
[2026-07-01 17:34:14] [TASK_1] [INFO] Saved FPT → C:\Users\User\AppData\Local\Temp\pytest-of-User\pytest-275\test_consolidated_csv_has_tick0\prices\FPT.csv (1 rows)
[2026-07-01 17:34:14] [TASK_1] [INFO] Saved consolidated file → C:\Users\User\AppData\Local\Temp\pytest-of-User\pytest-275\test_consolidated_csv_has_tick0\prices\all_vn30_prices.csv (2 rows, 2 tickers)
[2026-07-01 17:34:14] [TASK_1] [INFO] ============================================================
[2026-07-01 17:34:14] [TASK_1] [INFO] PRICE COLLECTION SUMMARY
[2026-07-01 17:34:14] [TASK_1] [INFO] ============================================================
[2026-07-01 17:34:14] [TASK_1] [INFO] Successfully collected: 2 tickers
[2026-07-01 17:34:14] [TASK_1] [INFO] Expected trading days (business-day calendar): 8
[2026-07-01 17:34:14] [TASK_1] [INFO] ------------------------------------------------------------
[2026-07-01 17:34:14] [TASK_1] [INFO] Ticker    Earliest      Latest    Days
[2026-07-01 17:34:14] [TASK_1] [INFO] ------------------------------------------------------------
[2026-07-01 17:34:14] [TASK_1] [INFO] FPT     2024-01-02  2024-01-02       1
[2026-07-01 17:34:14] [TASK_1] [WARNING] ⚠ FPT has 87.5% fewer trading days than expected (1 vs 8 expected). Check for missing data.
[2026-07-01 17:34:14] [TASK_1] [INFO] VNM     2024-01-02  2024-01-02       1
[2026-07-01 17:34:14] [TASK_1] [WARNING] ⚠ VNM has 87.5% fewer trading days than expected (1 vs 8 expected). Check for missing data.
[2026-07-01 17:34:14] [TASK_1] [INFO] ------------------------------------------------------------
[2026-07-01 17:34:14] [TASK_1] [INFO] Total rows: 2 | Date range: 2024-01-01 to 2024-01-10
[2026-07-01 17:34:14] [TASK_1] [INFO] ============================================================
[2026-07-01 17:34:14] [TASK_1] [INFO] ============================================================
[2026-07-01 17:34:14] [TASK_1] [INFO] TASK 1: Price Collection Started
[2026-07-01 17:34:14] [TASK_1] [INFO] Tickers: 1 | Date range: 2024-01-01 to 2024-01-10
[2026-07-01 17:34:14] [TASK_1] [INFO] ============================================================
[2026-07-01 17:34:14] [TASK_1] [INFO] Validated 1 tickers total (1 VN30 + 0 expansion).
[2026-07-01 17:34:14] [TASK_1] [INFO] Processing VNM (1/1)...
[2026-07-01 17:34:14] [TASK_1] [ERROR] [2026-07-01 17:34:14] FAILED: VNM — no data collected. Continuing with remaining tickers.
[2026-07-01 17:34:14] [TASK_1] [INFO] ============================================================
[2026-07-01 17:34:14] [TASK_1] [INFO] TASK 1: Price Collection Started
[2026-07-01 17:34:14] [TASK_1] [INFO] Tickers: 2 | Date range: 2024-01-01 to 2024-01-10
[2026-07-01 17:34:14] [TASK_1] [INFO] ============================================================
[2026-07-01 17:34:14] [TASK_1] [INFO] Validated 2 tickers total (2 VN30 + 0 expansion).
[2026-07-01 17:34:14] [TASK_1] [INFO] Processing VNM (1/2)...
[2026-07-01 17:34:14] [TASK_1] [INFO] Saved VNM → C:\Users\User\AppData\Local\Temp\pytest-of-User\pytest-275\test_partial_failure_continues0\prices\VNM.csv (1 rows)
[2026-07-01 17:34:15] [TASK_1] [INFO] Processing FPT (2/2)...
[2026-07-01 17:34:15] [TASK_1] [ERROR] [2026-07-01 17:34:15] FAILED: FPT — no data collected. Continuing with remaining tickers.
[2026-07-01 17:34:15] [TASK_1] [INFO] Saved consolidated file → C:\Users\User\AppData\Local\Temp\pytest-of-User\pytest-275\test_partial_failure_continues0\prices\all_vn30_prices.csv (1 rows, 1 tickers)
[2026-07-01 17:34:15] [TASK_1] [INFO] ============================================================
[2026-07-01 17:34:15] [TASK_1] [INFO] PRICE COLLECTION SUMMARY
[2026-07-01 17:34:15] [TASK_1] [INFO] ============================================================
[2026-07-01 17:34:15] [TASK_1] [INFO] Successfully collected: 1 tickers
[2026-07-01 17:34:15] [TASK_1] [WARNING] Failed tickers: FPT
[2026-07-01 17:34:15] [TASK_1] [INFO] Expected trading days (business-day calendar): 8
[2026-07-01 17:34:15] [TASK_1] [INFO] ------------------------------------------------------------
[2026-07-01 17:34:15] [TASK_1] [INFO] Ticker    Earliest      Latest    Days
[2026-07-01 17:34:15] [TASK_1] [INFO] ------------------------------------------------------------
[2026-07-01 17:34:15] [TASK_1] [INFO] VNM     2024-01-02  2024-01-02       1
[2026-07-01 17:34:15] [TASK_1] [WARNING] ⚠ VNM has 87.5% fewer trading days than expected (1 vs 8 expected). Check for missing data.
[2026-07-01 17:34:15] [TASK_1] [INFO] ------------------------------------------------------------
[2026-07-01 17:34:15] [TASK_1] [INFO] Total rows: 1 | Date range: 2024-01-01 to 2024-01-10
[2026-07-01 17:34:15] [TASK_1] [INFO] ============================================================
[2026-07-01 17:34:15] [TASK_1] [WARNING] [2026-07-01 17:34:15] Error fetching VNM (attempt 1/3): API down
[2026-07-01 17:34:15] [TASK_1] [WARNING] [2026-07-01 17:34:15] Error fetching VNM (attempt 2/3): API down
[2026-07-01 17:34:15] [TASK_1] [WARNING] [2026-07-01 17:34:15] Error fetching VNM (attempt 3/3): API down
[2026-07-01 17:34:15] [TASK_1] [ERROR] [2026-07-01 17:34:15] Failed to fetch data for VNM after 3 attempts.
[2026-07-01 17:34:15] [TASK_1] [WARNING] [2026-07-01 17:34:15] Error fetching VNM (attempt 1/3): API down
[2026-07-01 17:34:15] [TASK_1] [WARNING] [2026-07-01 17:34:15] Error fetching VNM (attempt 2/3): API down
[2026-07-01 17:34:15] [TASK_1] [WARNING] [2026-07-01 17:34:15] Error fetching VNM (attempt 3/3): API down
[2026-07-01 17:34:15] [TASK_1] [ERROR] [2026-07-01 17:34:15] Failed to fetch data for VNM after 3 attempts.
[2026-07-01 17:34:15] [TASK_1] [INFO] ============================================================
[2026-07-01 17:34:15] [TASK_1] [INFO] TASK 1: Price Collection Started
[2026-07-01 17:34:15] [TASK_1] [INFO] Tickers: 3 | Date range: 2024-01-01 to 2024-01-10
[2026-07-01 17:34:15] [TASK_1] [INFO] ============================================================
[2026-07-01 17:34:15] [TASK_1] [INFO] Validated 3 tickers total (3 VN30 + 0 expansion).
[2026-07-01 17:34:15] [TASK_1] [INFO] Processing VNM (1/3)...
[2026-07-01 17:34:15] [TASK_1] [ERROR] [2026-07-01 17:34:15] FAILED: VNM — no data collected. Continuing with remaining tickers.
[2026-07-01 17:34:15] [TASK_1] [INFO] Processing VCB (2/3)...
[2026-07-01 17:34:15] [TASK_1] [INFO] Saved VCB → C:\Users\User\AppData\Local\Temp\pytest-of-User\pytest-275\test_continues_after_ticker_fa0\prices\VCB.csv (2 rows)
[2026-07-01 17:34:16] [TASK_1] [INFO] Processing FPT (3/3)...
[2026-07-01 17:34:16] [TASK_1] [INFO] Saved FPT → C:\Users\User\AppData\Local\Temp\pytest-of-User\pytest-275\test_continues_after_ticker_fa0\prices\FPT.csv (2 rows)
[2026-07-01 17:34:16] [TASK_1] [INFO] Saved consolidated file → C:\Users\User\AppData\Local\Temp\pytest-of-User\pytest-275\test_continues_after_ticker_fa0\prices\all_vn30_prices.csv (4 rows, 2 tickers)
[2026-07-01 17:34:16] [TASK_1] [INFO] ============================================================
[2026-07-01 17:34:16] [TASK_1] [INFO] PRICE COLLECTION SUMMARY
[2026-07-01 17:34:16] [TASK_1] [INFO] ============================================================
[2026-07-01 17:34:16] [TASK_1] [INFO] Successfully collected: 2 tickers
[2026-07-01 17:34:16] [TASK_1] [WARNING] Failed tickers: VNM
[2026-07-01 17:34:16] [TASK_1] [INFO] Expected trading days (business-day calendar): 8
[2026-07-01 17:34:16] [TASK_1] [INFO] ------------------------------------------------------------
[2026-07-01 17:34:16] [TASK_1] [INFO] Ticker    Earliest      Latest    Days
[2026-07-01 17:34:16] [TASK_1] [INFO] ------------------------------------------------------------
[2026-07-01 17:34:16] [TASK_1] [INFO] FPT     2024-01-02  2024-01-03       2
[2026-07-01 17:34:16] [TASK_1] [WARNING] ⚠ FPT has 75.0% fewer trading days than expected (2 vs 8 expected). Check for missing data.
[2026-07-01 17:34:16] [TASK_1] [INFO] VCB     2024-01-02  2024-01-03       2
[2026-07-01 17:34:16] [TASK_1] [WARNING] ⚠ VCB has 75.0% fewer trading days than expected (2 vs 8 expected). Check for missing data.
[2026-07-01 17:34:16] [TASK_1] [INFO] ------------------------------------------------------------
[2026-07-01 17:34:16] [TASK_1] [INFO] Total rows: 4 | Date range: 2024-01-01 to 2024-01-10
[2026-07-01 17:34:16] [TASK_1] [INFO] ============================================================
[2026-07-01 17:34:16] [TASK_1] [ERROR] [2026-07-01 17:34:16] FAILED: FPT — no data collected. Continuing with remaining tickers.
[2026-07-01 17:34:16] [TASK_1] [WARNING] Failed tickers: FPT
[2026-07-01 17:34:16] [TASK_1] [WARNING] ⚠ VNM has 87.5% fewer trading days than expected (1 vs 8 expected). Check for missing data.
[2026-07-01 17:34:16] [TASK_1] [INFO] ============================================================
[2026-07-01 17:34:16] [TASK_1] [INFO] PRICE COLLECTION SUMMARY
[2026-07-01 17:34:16] [TASK_1] [INFO] ============================================================
[2026-07-01 17:34:16] [TASK_1] [INFO] Successfully collected: 2 tickers
[2026-07-01 17:34:16] [TASK_1] [INFO] Expected trading days (business-day calendar): 3
[2026-07-01 17:34:16] [TASK_1] [INFO] ------------------------------------------------------------
[2026-07-01 17:34:16] [TASK_1] [INFO] Ticker    Earliest      Latest    Days
[2026-07-01 17:34:16] [TASK_1] [INFO] ------------------------------------------------------------
[2026-07-01 17:34:16] [TASK_1] [INFO] FPT     2024-01-02  2024-01-03       2
[2026-07-01 17:34:16] [TASK_1] [WARNING] ⚠ FPT has 33.3% fewer trading days than expected (2 vs 3 expected). Check for missing data.
[2026-07-01 17:34:16] [TASK_1] [INFO] VNM     2024-01-02  2024-01-04       3
[2026-07-01 17:34:16] [TASK_1] [INFO] ------------------------------------------------------------
[2026-07-01 17:34:16] [TASK_1] [INFO] Total rows: 5 | Date range: 2024-01-02 to 2024-01-04
[2026-07-01 17:34:16] [TASK_1] [INFO] ============================================================
[2026-07-01 17:34:16] [TASK_1] [WARNING] ⚠ FPT has 53.1% fewer trading days than expected (30 vs 64 expected). Check for missing data.
[2026-07-01 17:34:16] [TASK_1] [WARNING] ⚠ VNM has 6.2% fewer trading days than expected (60 vs 64 expected). Check for missing data.
[2026-07-01 17:34:16] [TASK_1] [WARNING] Failed tickers: FPT, VCB
[2026-07-01 17:34:16] [TASK_1] [INFO] ============================================================
[2026-07-01 17:34:16] [TASK_1] [INFO] PRICE COLLECTION SUMMARY
[2026-07-01 17:34:16] [TASK_1] [INFO] ============================================================
[2026-07-01 17:34:16] [TASK_1] [INFO] Successfully collected: 1 tickers
[2026-07-01 17:34:16] [TASK_1] [INFO] Expected trading days (business-day calendar): 4
[2026-07-01 17:34:16] [TASK_1] [INFO] ------------------------------------------------------------
[2026-07-01 17:34:16] [TASK_1] [INFO] Ticker    Earliest      Latest    Days
[2026-07-01 17:34:16] [TASK_1] [INFO] ------------------------------------------------------------
[2026-07-01 17:34:16] [TASK_1] [INFO] VNM     2024-01-02  2024-01-02       1
[2026-07-01 17:34:16] [TASK_1] [WARNING] ⚠ VNM has 75.0% fewer trading days than expected (1 vs 4 expected). Check for missing data.
[2026-07-01 17:34:16] [TASK_1] [INFO] ------------------------------------------------------------
[2026-07-01 17:34:16] [TASK_1] [INFO] Total rows: 1 | Date range: 2024-01-02 to 2024-01-05
[2026-07-01 17:34:16] [TASK_1] [INFO] ============================================================
[2026-07-01 17:36:35] [TASK_1] [INFO] ============================================================
[2026-07-01 17:36:35] [TASK_1] [INFO] START TASK_1: Price Collection (vnstock OHLCV)
[2026-07-01 17:36:35] [TASK_1] [INFO] Timestamp: 2026-07-01T17:36:35.957227
[2026-07-01 17:36:35] [TASK_1] [INFO] ============================================================
[2026-07-01 17:36:35] [TASK_1] [ERROR] TASK FAILED: TASK_1 after 0.0 seconds
[2026-07-01 17:36:35] [TASK_1] [ERROR] Exception: Simulated failure
[2026-07-01 17:36:35] [TASK_1] [ERROR] Stack trace:
Traceback (most recent call last):
  File "C:\Users\User\KLTN_MASTER\pipeline\run_pipeline.py", line 659, in run_pipeline
    executor(config, task_logger, smoke_test=smoke_test)
  File "C:\Program Files\WindowsApps\PythonSoftwareFoundation.Python.3.10_3.10.3056.0_x64__qbz5n2kfra8p0\lib\unittest\mock.py", line 1114, in __call__
    return self._mock_call(*args, **kwargs)
  File "C:\Program Files\WindowsApps\PythonSoftwareFoundation.Python.3.10_3.10.3056.0_x64__qbz5n2kfra8p0\lib\unittest\mock.py", line 1118, in _mock_call
    return self._execute_mock_call(*args, **kwargs)
  File "C:\Program Files\WindowsApps\PythonSoftwareFoundation.Python.3.10_3.10.3056.0_x64__qbz5n2kfra8p0\lib\unittest\mock.py", line 1173, in _execute_mock_call
    raise effect
RuntimeError: Simulated failure

[2026-07-01 17:36:35] [TASK_1] [INFO] ============================================================
[2026-07-01 17:36:35] [TASK_1] [INFO] START TASK_1: Price Collection (vnstock OHLCV)
[2026-07-01 17:36:35] [TASK_1] [INFO] Timestamp: 2026-07-01T17:36:35.981803
[2026-07-01 17:36:35] [TASK_1] [INFO] ============================================================
[2026-07-01 17:36:35] [TASK_1] [ERROR] TASK FAILED: TASK_1 after 0.0 seconds
[2026-07-01 17:36:35] [TASK_1] [ERROR] Exception: Simulated failure
[2026-07-01 17:36:35] [TASK_1] [ERROR] Stack trace:
Traceback (most recent call last):
  File "C:\Users\User\KLTN_MASTER\pipeline\run_pipeline.py", line 659, in run_pipeline
    executor(config, task_logger, smoke_test=smoke_test)
  File "C:\Program Files\WindowsApps\PythonSoftwareFoundation.Python.3.10_3.10.3056.0_x64__qbz5n2kfra8p0\lib\unittest\mock.py", line 1114, in __call__
    return self._mock_call(*args, **kwargs)
  File "C:\Program Files\WindowsApps\PythonSoftwareFoundation.Python.3.10_3.10.3056.0_x64__qbz5n2kfra8p0\lib\unittest\mock.py", line 1118, in _mock_call
    return self._execute_mock_call(*args, **kwargs)
  File "C:\Program Files\WindowsApps\PythonSoftwareFoundation.Python.3.10_3.10.3056.0_x64__qbz5n2kfra8p0\lib\unittest\mock.py", line 1173, in _execute_mock_call
    raise effect
RuntimeError: Simulated failure

[2026-07-01 17:36:36] [TASK_1] [INFO] ============================================================
[2026-07-01 17:36:36] [TASK_1] [INFO] START TASK_1: Price Collection (vnstock OHLCV)
[2026-07-01 17:36:36] [TASK_1] [INFO] Timestamp: 2026-07-01T17:36:36.076315
[2026-07-01 17:36:36] [TASK_1] [INFO] ============================================================
[2026-07-01 17:36:36] [TASK_1] [INFO] ------------------------------------------------------------
[2026-07-01 17:36:36] [TASK_1] [INFO] END TASK_1 — completed in 0.0 seconds
[2026-07-01 17:36:36] [TASK_1] [INFO] ============================================================
[2026-07-01 17:36:36] [TASK_1] [INFO] ============================================================
[2026-07-01 17:36:36] [TASK_1] [INFO] START TASK_1: Price Collection (vnstock OHLCV)
[2026-07-01 17:36:36] [TASK_1] [INFO] Timestamp: 2026-07-01T17:36:36.802829
[2026-07-01 17:36:36] [TASK_1] [INFO] ============================================================
[2026-07-01 17:36:36] [TASK_1] [INFO] ------------------------------------------------------------
[2026-07-01 17:36:36] [TASK_1] [INFO] END TASK_1 — completed in 0.0 seconds
[2026-07-01 17:36:36] [TASK_1] [INFO] ============================================================
[2026-07-01 17:36:44] [TASK_1] [INFO] Validated 3 tickers total (3 VN30 + 0 expansion).
[2026-07-01 17:36:44] [TASK_1] [INFO] HOSE-80 expansion: 1 non-VN30 tickers included: INVALID
[2026-07-01 17:36:44] [TASK_1] [INFO] Validated 3 tickers total (2 VN30 + 1 expansion).
[2026-07-01 17:36:44] [TASK_1] [INFO] Validated 3 tickers total (3 VN30 + 0 expansion).
[2026-07-01 17:36:44] [TASK_1] [INFO] HOSE-80 expansion: 2 non-VN30 tickers included: INVALID1, INVALID2
[2026-07-01 17:36:44] [TASK_1] [INFO] Validated 2 tickers total (0 VN30 + 2 expansion).
[2026-07-01 17:36:44] [TASK_1] [INFO] Validated 30 tickers total (30 VN30 + 0 expansion).
[2026-07-01 17:36:44] [TASK_1] [WARNING] [2026-07-01 17:36:44] Error fetching VNM (attempt 1/3): API down
[2026-07-01 17:36:44] [TASK_1] [INFO] Retrying in 1s...
[2026-07-01 17:36:44] [TASK_1] [WARNING] [2026-07-01 17:36:44] Error fetching VNM (attempt 2/3): API down
[2026-07-01 17:36:44] [TASK_1] [INFO] Retrying in 2s...
[2026-07-01 17:36:44] [TASK_1] [WARNING] [2026-07-01 17:36:44] Error fetching VNM (attempt 3/3): API down
[2026-07-01 17:36:44] [TASK_1] [ERROR] [2026-07-01 17:36:44] Failed to fetch data for VNM after 3 attempts.
[2026-07-01 17:36:44] [TASK_1] [INFO] Fetched 2 rows for VNM (2024-01-02 to 2024-01-03).
[2026-07-01 17:36:44] [TASK_1] [WARNING] Empty data returned for VNM (attempt 1/3).
[2026-07-01 17:36:44] [TASK_1] [INFO] Retrying in 1s...
[2026-07-01 17:36:44] [TASK_1] [INFO] Fetched 1 rows for VNM (2024-01-02 to 2024-01-02).
[2026-07-01 17:36:44] [TASK_1] [INFO] ============================================================
[2026-07-01 17:36:44] [TASK_1] [INFO] TASK 1: Price Collection Started
[2026-07-01 17:36:44] [TASK_1] [INFO] Tickers: 1 | Date range: 2024-01-01 to 2024-01-10
[2026-07-01 17:36:44] [TASK_1] [INFO] ============================================================
[2026-07-01 17:36:44] [TASK_1] [INFO] Validated 1 tickers total (1 VN30 + 0 expansion).
[2026-07-01 17:36:44] [TASK_1] [INFO] Processing VNM (1/1)...
[2026-07-01 17:36:44] [TASK_1] [INFO] Saved VNM → C:\Users\User\AppData\Local\Temp\pytest-of-User\pytest-276\test_collect_prices_output_col0\prices\VNM.csv (2 rows)
[2026-07-01 17:36:44] [TASK_1] [INFO] Saved consolidated file → C:\Users\User\AppData\Local\Temp\pytest-of-User\pytest-276\test_collect_prices_output_col0\prices\all_vn30_prices.csv (2 rows, 1 tickers)
[2026-07-01 17:36:44] [TASK_1] [INFO] ============================================================
[2026-07-01 17:36:44] [TASK_1] [INFO] PRICE COLLECTION SUMMARY
[2026-07-01 17:36:44] [TASK_1] [INFO] ============================================================
[2026-07-01 17:36:44] [TASK_1] [INFO] Successfully collected: 1 tickers
[2026-07-01 17:36:44] [TASK_1] [INFO] Expected trading days (business-day calendar): 8
[2026-07-01 17:36:44] [TASK_1] [INFO] ------------------------------------------------------------
[2026-07-01 17:36:44] [TASK_1] [INFO] Ticker    Earliest      Latest    Days
[2026-07-01 17:36:44] [TASK_1] [INFO] ------------------------------------------------------------
[2026-07-01 17:36:44] [TASK_1] [INFO] VNM     2024-01-02  2024-01-03       2
[2026-07-01 17:36:44] [TASK_1] [WARNING] ⚠ VNM has 75.0% fewer trading days than expected (2 vs 8 expected). Check for missing data.
[2026-07-01 17:36:44] [TASK_1] [INFO] ------------------------------------------------------------
[2026-07-01 17:36:44] [TASK_1] [INFO] Total rows: 2 | Date range: 2024-01-01 to 2024-01-10
[2026-07-01 17:36:44] [TASK_1] [INFO] ============================================================
[2026-07-01 17:36:44] [TASK_1] [INFO] ============================================================
[2026-07-01 17:36:44] [TASK_1] [INFO] TASK 1: Price Collection Started
[2026-07-01 17:36:44] [TASK_1] [INFO] Tickers: 2 | Date range: 2024-01-01 to 2024-01-10
[2026-07-01 17:36:44] [TASK_1] [INFO] ============================================================
[2026-07-01 17:36:44] [TASK_1] [INFO] Validated 2 tickers total (2 VN30 + 0 expansion).
[2026-07-01 17:36:44] [TASK_1] [INFO] Processing VNM (1/2)...
[2026-07-01 17:36:44] [TASK_1] [INFO] Saved VNM → C:\Users\User\AppData\Local\Temp\pytest-of-User\pytest-276\test_individual_ticker_csv_sav0\prices\VNM.csv (1 rows)
[2026-07-01 17:36:44] [TASK_1] [INFO] Processing FPT (2/2)...
[2026-07-01 17:36:44] [TASK_1] [INFO] Saved FPT → C:\Users\User\AppData\Local\Temp\pytest-of-User\pytest-276\test_individual_ticker_csv_sav0\prices\FPT.csv (1 rows)
[2026-07-01 17:36:44] [TASK_1] [INFO] Saved consolidated file → C:\Users\User\AppData\Local\Temp\pytest-of-User\pytest-276\test_individual_ticker_csv_sav0\prices\all_vn30_prices.csv (2 rows, 2 tickers)
[2026-07-01 17:36:44] [TASK_1] [INFO] ============================================================
[2026-07-01 17:36:44] [TASK_1] [INFO] PRICE COLLECTION SUMMARY
[2026-07-01 17:36:44] [TASK_1] [INFO] ============================================================
[2026-07-01 17:36:44] [TASK_1] [INFO] Successfully collected: 2 tickers
[2026-07-01 17:36:44] [TASK_1] [INFO] Expected trading days (business-day calendar): 8
[2026-07-01 17:36:44] [TASK_1] [INFO] ------------------------------------------------------------
[2026-07-01 17:36:44] [TASK_1] [INFO] Ticker    Earliest      Latest    Days
[2026-07-01 17:36:44] [TASK_1] [INFO] ------------------------------------------------------------
[2026-07-01 17:36:44] [TASK_1] [INFO] FPT     2024-01-02  2024-01-02       1
[2026-07-01 17:36:44] [TASK_1] [WARNING] ⚠ FPT has 87.5% fewer trading days than expected (1 vs 8 expected). Check for missing data.
[2026-07-01 17:36:44] [TASK_1] [INFO] VNM     2024-01-02  2024-01-02       1
[2026-07-01 17:36:44] [TASK_1] [WARNING] ⚠ VNM has 87.5% fewer trading days than expected (1 vs 8 expected). Check for missing data.
[2026-07-01 17:36:44] [TASK_1] [INFO] ------------------------------------------------------------
[2026-07-01 17:36:44] [TASK_1] [INFO] Total rows: 2 | Date range: 2024-01-01 to 2024-01-10
[2026-07-01 17:36:44] [TASK_1] [INFO] ============================================================
[2026-07-01 17:36:44] [TASK_1] [INFO] ============================================================
[2026-07-01 17:36:44] [TASK_1] [INFO] TASK 1: Price Collection Started
[2026-07-01 17:36:44] [TASK_1] [INFO] Tickers: 2 | Date range: 2024-01-01 to 2024-01-10
[2026-07-01 17:36:44] [TASK_1] [INFO] ============================================================
[2026-07-01 17:36:44] [TASK_1] [INFO] Validated 2 tickers total (2 VN30 + 0 expansion).
[2026-07-01 17:36:44] [TASK_1] [INFO] Processing VNM (1/2)...
[2026-07-01 17:36:44] [TASK_1] [INFO] Saved VNM → C:\Users\User\AppData\Local\Temp\pytest-of-User\pytest-276\test_consolidated_csv_has_tick0\prices\VNM.csv (1 rows)
[2026-07-01 17:36:45] [TASK_1] [INFO] Processing FPT (2/2)...
[2026-07-01 17:36:45] [TASK_1] [INFO] Saved FPT → C:\Users\User\AppData\Local\Temp\pytest-of-User\pytest-276\test_consolidated_csv_has_tick0\prices\FPT.csv (1 rows)
[2026-07-01 17:36:45] [TASK_1] [INFO] Saved consolidated file → C:\Users\User\AppData\Local\Temp\pytest-of-User\pytest-276\test_consolidated_csv_has_tick0\prices\all_vn30_prices.csv (2 rows, 2 tickers)
[2026-07-01 17:36:45] [TASK_1] [INFO] ============================================================
[2026-07-01 17:36:45] [TASK_1] [INFO] PRICE COLLECTION SUMMARY
[2026-07-01 17:36:45] [TASK_1] [INFO] ============================================================
[2026-07-01 17:36:45] [TASK_1] [INFO] Successfully collected: 2 tickers
[2026-07-01 17:36:45] [TASK_1] [INFO] Expected trading days (business-day calendar): 8
[2026-07-01 17:36:45] [TASK_1] [INFO] ------------------------------------------------------------
[2026-07-01 17:36:45] [TASK_1] [INFO] Ticker    Earliest      Latest    Days
[2026-07-01 17:36:45] [TASK_1] [INFO] ------------------------------------------------------------
[2026-07-01 17:36:45] [TASK_1] [INFO] FPT     2024-01-02  2024-01-02       1
[2026-07-01 17:36:45] [TASK_1] [WARNING] ⚠ FPT has 87.5% fewer trading days than expected (1 vs 8 expected). Check for missing data.
[2026-07-01 17:36:45] [TASK_1] [INFO] VNM     2024-01-02  2024-01-02       1
[2026-07-01 17:36:45] [TASK_1] [WARNING] ⚠ VNM has 87.5% fewer trading days than expected (1 vs 8 expected). Check for missing data.
[2026-07-01 17:36:45] [TASK_1] [INFO] ------------------------------------------------------------
[2026-07-01 17:36:45] [TASK_1] [INFO] Total rows: 2 | Date range: 2024-01-01 to 2024-01-10
[2026-07-01 17:36:45] [TASK_1] [INFO] ============================================================
[2026-07-01 17:36:45] [TASK_1] [INFO] ============================================================
[2026-07-01 17:36:45] [TASK_1] [INFO] TASK 1: Price Collection Started
[2026-07-01 17:36:45] [TASK_1] [INFO] Tickers: 1 | Date range: 2024-01-01 to 2024-01-10
[2026-07-01 17:36:45] [TASK_1] [INFO] ============================================================
[2026-07-01 17:36:45] [TASK_1] [INFO] Validated 1 tickers total (1 VN30 + 0 expansion).
[2026-07-01 17:36:45] [TASK_1] [INFO] Processing VNM (1/1)...
[2026-07-01 17:36:45] [TASK_1] [ERROR] [2026-07-01 17:36:45] FAILED: VNM — no data collected. Continuing with remaining tickers.
[2026-07-01 17:36:45] [TASK_1] [INFO] ============================================================
[2026-07-01 17:36:45] [TASK_1] [INFO] TASK 1: Price Collection Started
[2026-07-01 17:36:45] [TASK_1] [INFO] Tickers: 2 | Date range: 2024-01-01 to 2024-01-10
[2026-07-01 17:36:45] [TASK_1] [INFO] ============================================================
[2026-07-01 17:36:45] [TASK_1] [INFO] Validated 2 tickers total (2 VN30 + 0 expansion).
[2026-07-01 17:36:45] [TASK_1] [INFO] Processing VNM (1/2)...
[2026-07-01 17:36:45] [TASK_1] [INFO] Saved VNM → C:\Users\User\AppData\Local\Temp\pytest-of-User\pytest-276\test_partial_failure_continues0\prices\VNM.csv (1 rows)
[2026-07-01 17:36:45] [TASK_1] [INFO] Processing FPT (2/2)...
[2026-07-01 17:36:45] [TASK_1] [ERROR] [2026-07-01 17:36:45] FAILED: FPT — no data collected. Continuing with remaining tickers.
[2026-07-01 17:36:45] [TASK_1] [INFO] Saved consolidated file → C:\Users\User\AppData\Local\Temp\pytest-of-User\pytest-276\test_partial_failure_continues0\prices\all_vn30_prices.csv (1 rows, 1 tickers)
[2026-07-01 17:36:45] [TASK_1] [INFO] ============================================================
[2026-07-01 17:36:45] [TASK_1] [INFO] PRICE COLLECTION SUMMARY
[2026-07-01 17:36:45] [TASK_1] [INFO] ============================================================
[2026-07-01 17:36:45] [TASK_1] [INFO] Successfully collected: 1 tickers
[2026-07-01 17:36:45] [TASK_1] [WARNING] Failed tickers: FPT
[2026-07-01 17:36:45] [TASK_1] [INFO] Expected trading days (business-day calendar): 8
[2026-07-01 17:36:45] [TASK_1] [INFO] ------------------------------------------------------------
[2026-07-01 17:36:45] [TASK_1] [INFO] Ticker    Earliest      Latest    Days
[2026-07-01 17:36:45] [TASK_1] [INFO] ------------------------------------------------------------
[2026-07-01 17:36:45] [TASK_1] [INFO] VNM     2024-01-02  2024-01-02       1
[2026-07-01 17:36:45] [TASK_1] [WARNING] ⚠ VNM has 87.5% fewer trading days than expected (1 vs 8 expected). Check for missing data.
[2026-07-01 17:36:45] [TASK_1] [INFO] ------------------------------------------------------------
[2026-07-01 17:36:45] [TASK_1] [INFO] Total rows: 1 | Date range: 2024-01-01 to 2024-01-10
[2026-07-01 17:36:45] [TASK_1] [INFO] ============================================================
[2026-07-01 17:36:45] [TASK_1] [WARNING] [2026-07-01 17:36:45] Error fetching VNM (attempt 1/3): API down
[2026-07-01 17:36:45] [TASK_1] [WARNING] [2026-07-01 17:36:45] Error fetching VNM (attempt 2/3): API down
[2026-07-01 17:36:45] [TASK_1] [WARNING] [2026-07-01 17:36:45] Error fetching VNM (attempt 3/3): API down
[2026-07-01 17:36:45] [TASK_1] [ERROR] [2026-07-01 17:36:45] Failed to fetch data for VNM after 3 attempts.
[2026-07-01 17:36:45] [TASK_1] [WARNING] [2026-07-01 17:36:45] Error fetching VNM (attempt 1/3): API down
[2026-07-01 17:36:45] [TASK_1] [WARNING] [2026-07-01 17:36:45] Error fetching VNM (attempt 2/3): API down
[2026-07-01 17:36:45] [TASK_1] [WARNING] [2026-07-01 17:36:45] Error fetching VNM (attempt 3/3): API down
[2026-07-01 17:36:45] [TASK_1] [ERROR] [2026-07-01 17:36:45] Failed to fetch data for VNM after 3 attempts.
[2026-07-01 17:36:45] [TASK_1] [INFO] ============================================================
[2026-07-01 17:36:45] [TASK_1] [INFO] TASK 1: Price Collection Started
[2026-07-01 17:36:45] [TASK_1] [INFO] Tickers: 3 | Date range: 2024-01-01 to 2024-01-10
[2026-07-01 17:36:45] [TASK_1] [INFO] ============================================================
[2026-07-01 17:36:45] [TASK_1] [INFO] Validated 3 tickers total (3 VN30 + 0 expansion).
[2026-07-01 17:36:45] [TASK_1] [INFO] Processing VNM (1/3)...
[2026-07-01 17:36:45] [TASK_1] [ERROR] [2026-07-01 17:36:45] FAILED: VNM — no data collected. Continuing with remaining tickers.
[2026-07-01 17:36:46] [TASK_1] [INFO] Processing VCB (2/3)...
[2026-07-01 17:36:46] [TASK_1] [INFO] Saved VCB → C:\Users\User\AppData\Local\Temp\pytest-of-User\pytest-276\test_continues_after_ticker_fa0\prices\VCB.csv (2 rows)
[2026-07-01 17:36:46] [TASK_1] [INFO] Processing FPT (3/3)...
[2026-07-01 17:36:46] [TASK_1] [INFO] Saved FPT → C:\Users\User\AppData\Local\Temp\pytest-of-User\pytest-276\test_continues_after_ticker_fa0\prices\FPT.csv (2 rows)
[2026-07-01 17:36:46] [TASK_1] [INFO] Saved consolidated file → C:\Users\User\AppData\Local\Temp\pytest-of-User\pytest-276\test_continues_after_ticker_fa0\prices\all_vn30_prices.csv (4 rows, 2 tickers)
[2026-07-01 17:36:46] [TASK_1] [INFO] ============================================================
[2026-07-01 17:36:46] [TASK_1] [INFO] PRICE COLLECTION SUMMARY
[2026-07-01 17:36:46] [TASK_1] [INFO] ============================================================
[2026-07-01 17:36:46] [TASK_1] [INFO] Successfully collected: 2 tickers
[2026-07-01 17:36:46] [TASK_1] [WARNING] Failed tickers: VNM
[2026-07-01 17:36:46] [TASK_1] [INFO] Expected trading days (business-day calendar): 8
[2026-07-01 17:36:46] [TASK_1] [INFO] ------------------------------------------------------------
[2026-07-01 17:36:46] [TASK_1] [INFO] Ticker    Earliest      Latest    Days
[2026-07-01 17:36:46] [TASK_1] [INFO] ------------------------------------------------------------
[2026-07-01 17:36:47] [TASK_1] [INFO] FPT     2024-01-02  2024-01-03       2
[2026-07-01 17:36:47] [TASK_1] [WARNING] ⚠ FPT has 75.0% fewer trading days than expected (2 vs 8 expected). Check for missing data.
[2026-07-01 17:36:47] [TASK_1] [INFO] VCB     2024-01-02  2024-01-03       2
[2026-07-01 17:36:47] [TASK_1] [WARNING] ⚠ VCB has 75.0% fewer trading days than expected (2 vs 8 expected). Check for missing data.
[2026-07-01 17:36:47] [TASK_1] [INFO] ------------------------------------------------------------
[2026-07-01 17:36:47] [TASK_1] [INFO] Total rows: 4 | Date range: 2024-01-01 to 2024-01-10
[2026-07-01 17:36:47] [TASK_1] [INFO] ============================================================
[2026-07-01 17:36:47] [TASK_1] [ERROR] [2026-07-01 17:36:47] FAILED: FPT — no data collected. Continuing with remaining tickers.
[2026-07-01 17:36:47] [TASK_1] [WARNING] Failed tickers: FPT
[2026-07-01 17:36:47] [TASK_1] [WARNING] ⚠ VNM has 87.5% fewer trading days than expected (1 vs 8 expected). Check for missing data.
[2026-07-01 17:36:47] [TASK_1] [INFO] ============================================================
[2026-07-01 17:36:47] [TASK_1] [INFO] PRICE COLLECTION SUMMARY
[2026-07-01 17:36:47] [TASK_1] [INFO] ============================================================
[2026-07-01 17:36:47] [TASK_1] [INFO] Successfully collected: 2 tickers
[2026-07-01 17:36:47] [TASK_1] [INFO] Expected trading days (business-day calendar): 3
[2026-07-01 17:36:47] [TASK_1] [INFO] ------------------------------------------------------------
[2026-07-01 17:36:47] [TASK_1] [INFO] Ticker    Earliest      Latest    Days
[2026-07-01 17:36:47] [TASK_1] [INFO] ------------------------------------------------------------
[2026-07-01 17:36:47] [TASK_1] [INFO] FPT     2024-01-02  2024-01-03       2
[2026-07-01 17:36:47] [TASK_1] [WARNING] ⚠ FPT has 33.3% fewer trading days than expected (2 vs 3 expected). Check for missing data.
[2026-07-01 17:36:47] [TASK_1] [INFO] VNM     2024-01-02  2024-01-04       3
[2026-07-01 17:36:47] [TASK_1] [INFO] ------------------------------------------------------------
[2026-07-01 17:36:47] [TASK_1] [INFO] Total rows: 5 | Date range: 2024-01-02 to 2024-01-04
[2026-07-01 17:36:47] [TASK_1] [INFO] ============================================================
[2026-07-01 17:36:47] [TASK_1] [WARNING] ⚠ FPT has 53.1% fewer trading days than expected (30 vs 64 expected). Check for missing data.
[2026-07-01 17:36:47] [TASK_1] [WARNING] ⚠ VNM has 6.2% fewer trading days than expected (60 vs 64 expected). Check for missing data.
[2026-07-01 17:36:47] [TASK_1] [WARNING] Failed tickers: FPT, VCB
[2026-07-01 17:36:47] [TASK_1] [INFO] ============================================================
[2026-07-01 17:36:47] [TASK_1] [INFO] PRICE COLLECTION SUMMARY
[2026-07-01 17:36:47] [TASK_1] [INFO] ============================================================
[2026-07-01 17:36:47] [TASK_1] [INFO] Successfully collected: 1 tickers
[2026-07-01 17:36:47] [TASK_1] [INFO] Expected trading days (business-day calendar): 4
[2026-07-01 17:36:47] [TASK_1] [INFO] ------------------------------------------------------------
[2026-07-01 17:36:47] [TASK_1] [INFO] Ticker    Earliest      Latest    Days
[2026-07-01 17:36:47] [TASK_1] [INFO] ------------------------------------------------------------
[2026-07-01 17:36:47] [TASK_1] [INFO] VNM     2024-01-02  2024-01-02       1
[2026-07-01 17:36:47] [TASK_1] [WARNING] ⚠ VNM has 75.0% fewer trading days than expected (1 vs 4 expected). Check for missing data.
[2026-07-01 17:36:47] [TASK_1] [INFO] ------------------------------------------------------------
[2026-07-01 17:36:47] [TASK_1] [INFO] Total rows: 1 | Date range: 2024-01-02 to 2024-01-05
[2026-07-01 17:36:47] [TASK_1] [INFO] ============================================================
[2026-07-01 17:41:17] [TASK_1] [INFO] ============================================================
[2026-07-01 17:41:17] [TASK_1] [INFO] START TASK_1: Price Collection (vnstock OHLCV)
[2026-07-01 17:41:17] [TASK_1] [INFO] Timestamp: 2026-07-01T17:41:17.265322
[2026-07-01 17:41:17] [TASK_1] [INFO] ============================================================
[2026-07-01 17:41:17] [TASK_1] [ERROR] TASK FAILED: TASK_1 after 0.0 seconds
[2026-07-01 17:41:17] [TASK_1] [ERROR] Exception: Simulated failure
[2026-07-01 17:41:17] [TASK_1] [ERROR] Stack trace:
Traceback (most recent call last):
  File "C:\Users\User\KLTN_MASTER\pipeline\run_pipeline.py", line 659, in run_pipeline
    executor(config, task_logger, smoke_test=smoke_test)
  File "C:\Program Files\WindowsApps\PythonSoftwareFoundation.Python.3.10_3.10.3056.0_x64__qbz5n2kfra8p0\lib\unittest\mock.py", line 1114, in __call__
    return self._mock_call(*args, **kwargs)
  File "C:\Program Files\WindowsApps\PythonSoftwareFoundation.Python.3.10_3.10.3056.0_x64__qbz5n2kfra8p0\lib\unittest\mock.py", line 1118, in _mock_call
    return self._execute_mock_call(*args, **kwargs)
  File "C:\Program Files\WindowsApps\PythonSoftwareFoundation.Python.3.10_3.10.3056.0_x64__qbz5n2kfra8p0\lib\unittest\mock.py", line 1173, in _execute_mock_call
    raise effect
RuntimeError: Simulated failure

[2026-07-01 17:41:17] [TASK_1] [INFO] ============================================================
[2026-07-01 17:41:17] [TASK_1] [INFO] START TASK_1: Price Collection (vnstock OHLCV)
[2026-07-01 17:41:17] [TASK_1] [INFO] Timestamp: 2026-07-01T17:41:17.276771
[2026-07-01 17:41:17] [TASK_1] [INFO] ============================================================
[2026-07-01 17:41:17] [TASK_1] [ERROR] TASK FAILED: TASK_1 after 0.0 seconds
[2026-07-01 17:41:17] [TASK_1] [ERROR] Exception: Simulated failure
[2026-07-01 17:41:17] [TASK_1] [ERROR] Stack trace:
Traceback (most recent call last):
  File "C:\Users\User\KLTN_MASTER\pipeline\run_pipeline.py", line 659, in run_pipeline
    executor(config, task_logger, smoke_test=smoke_test)
  File "C:\Program Files\WindowsApps\PythonSoftwareFoundation.Python.3.10_3.10.3056.0_x64__qbz5n2kfra8p0\lib\unittest\mock.py", line 1114, in __call__
    return self._mock_call(*args, **kwargs)
  File "C:\Program Files\WindowsApps\PythonSoftwareFoundation.Python.3.10_3.10.3056.0_x64__qbz5n2kfra8p0\lib\unittest\mock.py", line 1118, in _mock_call
    return self._execute_mock_call(*args, **kwargs)
  File "C:\Program Files\WindowsApps\PythonSoftwareFoundation.Python.3.10_3.10.3056.0_x64__qbz5n2kfra8p0\lib\unittest\mock.py", line 1173, in _execute_mock_call
    raise effect
RuntimeError: Simulated failure

[2026-07-01 17:41:17] [TASK_1] [INFO] ============================================================
[2026-07-01 17:41:17] [TASK_1] [INFO] START TASK_1: Price Collection (vnstock OHLCV)
[2026-07-01 17:41:17] [TASK_1] [INFO] Timestamp: 2026-07-01T17:41:17.392907
[2026-07-01 17:41:17] [TASK_1] [INFO] ============================================================
[2026-07-01 17:41:17] [TASK_1] [INFO] ------------------------------------------------------------
[2026-07-01 17:41:17] [TASK_1] [INFO] END TASK_1 — completed in 0.0 seconds
[2026-07-01 17:41:17] [TASK_1] [INFO] ============================================================
[2026-07-01 17:41:18] [TASK_1] [INFO] ============================================================
[2026-07-01 17:41:18] [TASK_1] [INFO] START TASK_1: Price Collection (vnstock OHLCV)
[2026-07-01 17:41:18] [TASK_1] [INFO] Timestamp: 2026-07-01T17:41:18.101172
[2026-07-01 17:41:18] [TASK_1] [INFO] ============================================================
[2026-07-01 17:41:18] [TASK_1] [INFO] ------------------------------------------------------------
[2026-07-01 17:41:18] [TASK_1] [INFO] END TASK_1 — completed in 0.0 seconds
[2026-07-01 17:41:18] [TASK_1] [INFO] ============================================================
[2026-07-01 17:41:25] [TASK_1] [INFO] Validated 3 tickers total (3 VN30 + 0 expansion).
[2026-07-01 17:41:25] [TASK_1] [INFO] HOSE-80 expansion: 1 non-VN30 tickers included: INVALID
[2026-07-01 17:41:25] [TASK_1] [INFO] Validated 3 tickers total (2 VN30 + 1 expansion).
[2026-07-01 17:41:25] [TASK_1] [INFO] Validated 3 tickers total (3 VN30 + 0 expansion).
[2026-07-01 17:41:25] [TASK_1] [INFO] HOSE-80 expansion: 2 non-VN30 tickers included: INVALID1, INVALID2
[2026-07-01 17:41:25] [TASK_1] [INFO] Validated 2 tickers total (0 VN30 + 2 expansion).
[2026-07-01 17:41:25] [TASK_1] [INFO] Validated 30 tickers total (30 VN30 + 0 expansion).
[2026-07-01 17:41:25] [TASK_1] [WARNING] [2026-07-01 17:41:25] Error fetching VNM (attempt 1/3): API down
[2026-07-01 17:41:25] [TASK_1] [INFO] Retrying in 1s...
[2026-07-01 17:41:25] [TASK_1] [WARNING] [2026-07-01 17:41:25] Error fetching VNM (attempt 2/3): API down
[2026-07-01 17:41:25] [TASK_1] [INFO] Retrying in 2s...
[2026-07-01 17:41:25] [TASK_1] [WARNING] [2026-07-01 17:41:25] Error fetching VNM (attempt 3/3): API down
[2026-07-01 17:41:25] [TASK_1] [ERROR] [2026-07-01 17:41:25] Failed to fetch data for VNM after 3 attempts.
[2026-07-01 17:41:25] [TASK_1] [INFO] Fetched 2 rows for VNM (2024-01-02 to 2024-01-03).
[2026-07-01 17:41:25] [TASK_1] [WARNING] Empty data returned for VNM (attempt 1/3).
[2026-07-01 17:41:25] [TASK_1] [INFO] Retrying in 1s...
[2026-07-01 17:41:25] [TASK_1] [INFO] Fetched 1 rows for VNM (2024-01-02 to 2024-01-02).
[2026-07-01 17:41:25] [TASK_1] [INFO] ============================================================
[2026-07-01 17:41:25] [TASK_1] [INFO] TASK 1: Price Collection Started
[2026-07-01 17:41:25] [TASK_1] [INFO] Tickers: 1 | Date range: 2024-01-01 to 2024-01-10
[2026-07-01 17:41:25] [TASK_1] [INFO] ============================================================
[2026-07-01 17:41:25] [TASK_1] [INFO] Validated 1 tickers total (1 VN30 + 0 expansion).
[2026-07-01 17:41:25] [TASK_1] [INFO] Processing VNM (1/1)...
[2026-07-01 17:41:25] [TASK_1] [INFO] Saved VNM → C:\Users\User\AppData\Local\Temp\pytest-of-User\pytest-278\test_collect_prices_output_col0\prices\VNM.csv (2 rows)
[2026-07-01 17:41:25] [TASK_1] [INFO] Saved consolidated file → C:\Users\User\AppData\Local\Temp\pytest-of-User\pytest-278\test_collect_prices_output_col0\prices\all_vn30_prices.csv (2 rows, 1 tickers)
[2026-07-01 17:41:25] [TASK_1] [INFO] ============================================================
[2026-07-01 17:41:25] [TASK_1] [INFO] PRICE COLLECTION SUMMARY
[2026-07-01 17:41:25] [TASK_1] [INFO] ============================================================
[2026-07-01 17:41:25] [TASK_1] [INFO] Successfully collected: 1 tickers
[2026-07-01 17:41:25] [TASK_1] [INFO] Expected trading days (business-day calendar): 8
[2026-07-01 17:41:25] [TASK_1] [INFO] ------------------------------------------------------------
[2026-07-01 17:41:25] [TASK_1] [INFO] Ticker    Earliest      Latest    Days
[2026-07-01 17:41:25] [TASK_1] [INFO] ------------------------------------------------------------
[2026-07-01 17:41:25] [TASK_1] [INFO] VNM     2024-01-02  2024-01-03       2
[2026-07-01 17:41:25] [TASK_1] [WARNING] ⚠ VNM has 75.0% fewer trading days than expected (2 vs 8 expected). Check for missing data.
[2026-07-01 17:41:25] [TASK_1] [INFO] ------------------------------------------------------------
[2026-07-01 17:41:25] [TASK_1] [INFO] Total rows: 2 | Date range: 2024-01-01 to 2024-01-10
[2026-07-01 17:41:25] [TASK_1] [INFO] ============================================================
[2026-07-01 17:41:26] [TASK_1] [INFO] ============================================================
[2026-07-01 17:41:26] [TASK_1] [INFO] TASK 1: Price Collection Started
[2026-07-01 17:41:26] [TASK_1] [INFO] Tickers: 2 | Date range: 2024-01-01 to 2024-01-10
[2026-07-01 17:41:26] [TASK_1] [INFO] ============================================================
[2026-07-01 17:41:26] [TASK_1] [INFO] Validated 2 tickers total (2 VN30 + 0 expansion).
[2026-07-01 17:41:26] [TASK_1] [INFO] Processing VNM (1/2)...
[2026-07-01 17:41:26] [TASK_1] [INFO] Saved VNM → C:\Users\User\AppData\Local\Temp\pytest-of-User\pytest-278\test_individual_ticker_csv_sav0\prices\VNM.csv (1 rows)
[2026-07-01 17:41:26] [TASK_1] [INFO] Processing FPT (2/2)...
[2026-07-01 17:41:26] [TASK_1] [INFO] Saved FPT → C:\Users\User\AppData\Local\Temp\pytest-of-User\pytest-278\test_individual_ticker_csv_sav0\prices\FPT.csv (1 rows)
[2026-07-01 17:41:26] [TASK_1] [INFO] Saved consolidated file → C:\Users\User\AppData\Local\Temp\pytest-of-User\pytest-278\test_individual_ticker_csv_sav0\prices\all_vn30_prices.csv (2 rows, 2 tickers)
[2026-07-01 17:41:26] [TASK_1] [INFO] ============================================================
[2026-07-01 17:41:26] [TASK_1] [INFO] PRICE COLLECTION SUMMARY
[2026-07-01 17:41:26] [TASK_1] [INFO] ============================================================
[2026-07-01 17:41:26] [TASK_1] [INFO] Successfully collected: 2 tickers
[2026-07-01 17:41:26] [TASK_1] [INFO] Expected trading days (business-day calendar): 8
[2026-07-01 17:41:26] [TASK_1] [INFO] ------------------------------------------------------------
[2026-07-01 17:41:26] [TASK_1] [INFO] Ticker    Earliest      Latest    Days
[2026-07-01 17:41:26] [TASK_1] [INFO] ------------------------------------------------------------
[2026-07-01 17:41:26] [TASK_1] [INFO] FPT     2024-01-02  2024-01-02       1
[2026-07-01 17:41:26] [TASK_1] [WARNING] ⚠ FPT has 87.5% fewer trading days than expected (1 vs 8 expected). Check for missing data.
[2026-07-01 17:41:26] [TASK_1] [INFO] VNM     2024-01-02  2024-01-02       1
[2026-07-01 17:41:26] [TASK_1] [WARNING] ⚠ VNM has 87.5% fewer trading days than expected (1 vs 8 expected). Check for missing data.
[2026-07-01 17:41:26] [TASK_1] [INFO] ------------------------------------------------------------
[2026-07-01 17:41:26] [TASK_1] [INFO] Total rows: 2 | Date range: 2024-01-01 to 2024-01-10
[2026-07-01 17:41:26] [TASK_1] [INFO] ============================================================
[2026-07-01 17:41:26] [TASK_1] [INFO] ============================================================
[2026-07-01 17:41:26] [TASK_1] [INFO] TASK 1: Price Collection Started
[2026-07-01 17:41:26] [TASK_1] [INFO] Tickers: 2 | Date range: 2024-01-01 to 2024-01-10
[2026-07-01 17:41:26] [TASK_1] [INFO] ============================================================
[2026-07-01 17:41:26] [TASK_1] [INFO] Validated 2 tickers total (2 VN30 + 0 expansion).
[2026-07-01 17:41:26] [TASK_1] [INFO] Processing VNM (1/2)...
[2026-07-01 17:41:26] [TASK_1] [INFO] Saved VNM → C:\Users\User\AppData\Local\Temp\pytest-of-User\pytest-278\test_consolidated_csv_has_tick0\prices\VNM.csv (1 rows)
[2026-07-01 17:41:27] [TASK_1] [INFO] Processing FPT (2/2)...
[2026-07-01 17:41:27] [TASK_1] [INFO] Saved FPT → C:\Users\User\AppData\Local\Temp\pytest-of-User\pytest-278\test_consolidated_csv_has_tick0\prices\FPT.csv (1 rows)
[2026-07-01 17:41:27] [TASK_1] [INFO] Saved consolidated file → C:\Users\User\AppData\Local\Temp\pytest-of-User\pytest-278\test_consolidated_csv_has_tick0\prices\all_vn30_prices.csv (2 rows, 2 tickers)
[2026-07-01 17:41:27] [TASK_1] [INFO] ============================================================
[2026-07-01 17:41:27] [TASK_1] [INFO] PRICE COLLECTION SUMMARY
[2026-07-01 17:41:27] [TASK_1] [INFO] ============================================================
[2026-07-01 17:41:27] [TASK_1] [INFO] Successfully collected: 2 tickers
[2026-07-01 17:41:27] [TASK_1] [INFO] Expected trading days (business-day calendar): 8
[2026-07-01 17:41:27] [TASK_1] [INFO] ------------------------------------------------------------
[2026-07-01 17:41:27] [TASK_1] [INFO] Ticker    Earliest      Latest    Days
[2026-07-01 17:41:27] [TASK_1] [INFO] ------------------------------------------------------------
[2026-07-01 17:41:27] [TASK_1] [INFO] FPT     2024-01-02  2024-01-02       1
[2026-07-01 17:41:27] [TASK_1] [WARNING] ⚠ FPT has 87.5% fewer trading days than expected (1 vs 8 expected). Check for missing data.
[2026-07-01 17:41:27] [TASK_1] [INFO] VNM     2024-01-02  2024-01-02       1
[2026-07-01 17:41:27] [TASK_1] [WARNING] ⚠ VNM has 87.5% fewer trading days than expected (1 vs 8 expected). Check for missing data.
[2026-07-01 17:41:27] [TASK_1] [INFO] ------------------------------------------------------------
[2026-07-01 17:41:27] [TASK_1] [INFO] Total rows: 2 | Date range: 2024-01-01 to 2024-01-10
[2026-07-01 17:41:27] [TASK_1] [INFO] ============================================================
[2026-07-01 17:41:27] [TASK_1] [INFO] ============================================================
[2026-07-01 17:41:27] [TASK_1] [INFO] TASK 1: Price Collection Started
[2026-07-01 17:41:27] [TASK_1] [INFO] Tickers: 1 | Date range: 2024-01-01 to 2024-01-10
[2026-07-01 17:41:27] [TASK_1] [INFO] ============================================================
[2026-07-01 17:41:27] [TASK_1] [INFO] Validated 1 tickers total (1 VN30 + 0 expansion).
[2026-07-01 17:41:27] [TASK_1] [INFO] Processing VNM (1/1)...
[2026-07-01 17:41:27] [TASK_1] [ERROR] [2026-07-01 17:41:27] FAILED: VNM — no data collected. Continuing with remaining tickers.
[2026-07-01 17:41:27] [TASK_1] [INFO] ============================================================
[2026-07-01 17:41:27] [TASK_1] [INFO] TASK 1: Price Collection Started
[2026-07-01 17:41:27] [TASK_1] [INFO] Tickers: 2 | Date range: 2024-01-01 to 2024-01-10
[2026-07-01 17:41:27] [TASK_1] [INFO] ============================================================
[2026-07-01 17:41:27] [TASK_1] [INFO] Validated 2 tickers total (2 VN30 + 0 expansion).
[2026-07-01 17:41:27] [TASK_1] [INFO] Processing VNM (1/2)...
[2026-07-01 17:41:27] [TASK_1] [INFO] Saved VNM → C:\Users\User\AppData\Local\Temp\pytest-of-User\pytest-278\test_partial_failure_continues0\prices\VNM.csv (1 rows)
[2026-07-01 17:41:27] [TASK_1] [INFO] Processing FPT (2/2)...
[2026-07-01 17:41:27] [TASK_1] [ERROR] [2026-07-01 17:41:27] FAILED: FPT — no data collected. Continuing with remaining tickers.
[2026-07-01 17:41:27] [TASK_1] [INFO] Saved consolidated file → C:\Users\User\AppData\Local\Temp\pytest-of-User\pytest-278\test_partial_failure_continues0\prices\all_vn30_prices.csv (1 rows, 1 tickers)
[2026-07-01 17:41:27] [TASK_1] [INFO] ============================================================
[2026-07-01 17:41:27] [TASK_1] [INFO] PRICE COLLECTION SUMMARY
[2026-07-01 17:41:27] [TASK_1] [INFO] ============================================================
[2026-07-01 17:41:27] [TASK_1] [INFO] Successfully collected: 1 tickers
[2026-07-01 17:41:27] [TASK_1] [WARNING] Failed tickers: FPT
[2026-07-01 17:41:27] [TASK_1] [INFO] Expected trading days (business-day calendar): 8
[2026-07-01 17:41:27] [TASK_1] [INFO] ------------------------------------------------------------
[2026-07-01 17:41:27] [TASK_1] [INFO] Ticker    Earliest      Latest    Days
[2026-07-01 17:41:27] [TASK_1] [INFO] ------------------------------------------------------------
[2026-07-01 17:41:27] [TASK_1] [INFO] VNM     2024-01-02  2024-01-02       1
[2026-07-01 17:41:27] [TASK_1] [WARNING] ⚠ VNM has 87.5% fewer trading days than expected (1 vs 8 expected). Check for missing data.
[2026-07-01 17:41:27] [TASK_1] [INFO] ------------------------------------------------------------
[2026-07-01 17:41:27] [TASK_1] [INFO] Total rows: 1 | Date range: 2024-01-01 to 2024-01-10
[2026-07-01 17:41:27] [TASK_1] [INFO] ============================================================
[2026-07-01 17:41:27] [TASK_1] [WARNING] [2026-07-01 17:41:27] Error fetching VNM (attempt 1/3): API down
[2026-07-01 17:41:27] [TASK_1] [WARNING] [2026-07-01 17:41:27] Error fetching VNM (attempt 2/3): API down
[2026-07-01 17:41:27] [TASK_1] [WARNING] [2026-07-01 17:41:27] Error fetching VNM (attempt 3/3): API down
[2026-07-01 17:41:27] [TASK_1] [ERROR] [2026-07-01 17:41:27] Failed to fetch data for VNM after 3 attempts.
[2026-07-01 17:41:27] [TASK_1] [WARNING] [2026-07-01 17:41:27] Error fetching VNM (attempt 1/3): API down
[2026-07-01 17:41:27] [TASK_1] [WARNING] [2026-07-01 17:41:27] Error fetching VNM (attempt 2/3): API down
[2026-07-01 17:41:27] [TASK_1] [WARNING] [2026-07-01 17:41:27] Error fetching VNM (attempt 3/3): API down
[2026-07-01 17:41:27] [TASK_1] [ERROR] [2026-07-01 17:41:27] Failed to fetch data for VNM after 3 attempts.
[2026-07-01 17:41:27] [TASK_1] [INFO] ============================================================
[2026-07-01 17:41:27] [TASK_1] [INFO] TASK 1: Price Collection Started
[2026-07-01 17:41:27] [TASK_1] [INFO] Tickers: 3 | Date range: 2024-01-01 to 2024-01-10
[2026-07-01 17:41:27] [TASK_1] [INFO] ============================================================
[2026-07-01 17:41:27] [TASK_1] [INFO] Validated 3 tickers total (3 VN30 + 0 expansion).
[2026-07-01 17:41:27] [TASK_1] [INFO] Processing VNM (1/3)...
[2026-07-01 17:41:27] [TASK_1] [ERROR] [2026-07-01 17:41:27] FAILED: VNM — no data collected. Continuing with remaining tickers.
[2026-07-01 17:41:28] [TASK_1] [INFO] Processing VCB (2/3)...
[2026-07-01 17:41:28] [TASK_1] [INFO] Saved VCB → C:\Users\User\AppData\Local\Temp\pytest-of-User\pytest-278\test_continues_after_ticker_fa0\prices\VCB.csv (2 rows)
[2026-07-01 17:41:28] [TASK_1] [INFO] Processing FPT (3/3)...
[2026-07-01 17:41:28] [TASK_1] [INFO] Saved FPT → C:\Users\User\AppData\Local\Temp\pytest-of-User\pytest-278\test_continues_after_ticker_fa0\prices\FPT.csv (2 rows)
[2026-07-01 17:41:28] [TASK_1] [INFO] Saved consolidated file → C:\Users\User\AppData\Local\Temp\pytest-of-User\pytest-278\test_continues_after_ticker_fa0\prices\all_vn30_prices.csv (4 rows, 2 tickers)
[2026-07-01 17:41:28] [TASK_1] [INFO] ============================================================
[2026-07-01 17:41:28] [TASK_1] [INFO] PRICE COLLECTION SUMMARY
[2026-07-01 17:41:28] [TASK_1] [INFO] ============================================================
[2026-07-01 17:41:28] [TASK_1] [INFO] Successfully collected: 2 tickers
[2026-07-01 17:41:28] [TASK_1] [WARNING] Failed tickers: VNM
[2026-07-01 17:41:28] [TASK_1] [INFO] Expected trading days (business-day calendar): 8
[2026-07-01 17:41:28] [TASK_1] [INFO] ------------------------------------------------------------
[2026-07-01 17:41:28] [TASK_1] [INFO] Ticker    Earliest      Latest    Days
[2026-07-01 17:41:28] [TASK_1] [INFO] ------------------------------------------------------------
[2026-07-01 17:41:28] [TASK_1] [INFO] FPT     2024-01-02  2024-01-03       2
[2026-07-01 17:41:28] [TASK_1] [WARNING] ⚠ FPT has 75.0% fewer trading days than expected (2 vs 8 expected). Check for missing data.
[2026-07-01 17:41:28] [TASK_1] [INFO] VCB     2024-01-02  2024-01-03       2
[2026-07-01 17:41:28] [TASK_1] [WARNING] ⚠ VCB has 75.0% fewer trading days than expected (2 vs 8 expected). Check for missing data.
[2026-07-01 17:41:28] [TASK_1] [INFO] ------------------------------------------------------------
[2026-07-01 17:41:28] [TASK_1] [INFO] Total rows: 4 | Date range: 2024-01-01 to 2024-01-10
[2026-07-01 17:41:28] [TASK_1] [INFO] ============================================================
[2026-07-01 17:41:29] [TASK_1] [ERROR] [2026-07-01 17:41:29] FAILED: FPT — no data collected. Continuing with remaining tickers.
[2026-07-01 17:41:29] [TASK_1] [WARNING] Failed tickers: FPT
[2026-07-01 17:41:29] [TASK_1] [WARNING] ⚠ VNM has 87.5% fewer trading days than expected (1 vs 8 expected). Check for missing data.
[2026-07-01 17:41:29] [TASK_1] [INFO] ============================================================
[2026-07-01 17:41:29] [TASK_1] [INFO] PRICE COLLECTION SUMMARY
[2026-07-01 17:41:29] [TASK_1] [INFO] ============================================================
[2026-07-01 17:41:29] [TASK_1] [INFO] Successfully collected: 2 tickers
[2026-07-01 17:41:29] [TASK_1] [INFO] Expected trading days (business-day calendar): 3
[2026-07-01 17:41:29] [TASK_1] [INFO] ------------------------------------------------------------
[2026-07-01 17:41:29] [TASK_1] [INFO] Ticker    Earliest      Latest    Days
[2026-07-01 17:41:29] [TASK_1] [INFO] ------------------------------------------------------------
[2026-07-01 17:41:29] [TASK_1] [INFO] FPT     2024-01-02  2024-01-03       2
[2026-07-01 17:41:29] [TASK_1] [WARNING] ⚠ FPT has 33.3% fewer trading days than expected (2 vs 3 expected). Check for missing data.
[2026-07-01 17:41:29] [TASK_1] [INFO] VNM     2024-01-02  2024-01-04       3
[2026-07-01 17:41:29] [TASK_1] [INFO] ------------------------------------------------------------
[2026-07-01 17:41:29] [TASK_1] [INFO] Total rows: 5 | Date range: 2024-01-02 to 2024-01-04
[2026-07-01 17:41:29] [TASK_1] [INFO] ============================================================
[2026-07-01 17:41:29] [TASK_1] [WARNING] ⚠ FPT has 53.1% fewer trading days than expected (30 vs 64 expected). Check for missing data.
[2026-07-01 17:41:29] [TASK_1] [WARNING] ⚠ VNM has 6.2% fewer trading days than expected (60 vs 64 expected). Check for missing data.
[2026-07-01 17:41:29] [TASK_1] [WARNING] Failed tickers: FPT, VCB
[2026-07-01 17:41:29] [TASK_1] [INFO] ============================================================
[2026-07-01 17:41:29] [TASK_1] [INFO] PRICE COLLECTION SUMMARY
[2026-07-01 17:41:29] [TASK_1] [INFO] ============================================================
[2026-07-01 17:41:29] [TASK_1] [INFO] Successfully collected: 1 tickers
[2026-07-01 17:41:29] [TASK_1] [INFO] Expected trading days (business-day calendar): 4
[2026-07-01 17:41:29] [TASK_1] [INFO] ------------------------------------------------------------
[2026-07-01 17:41:29] [TASK_1] [INFO] Ticker    Earliest      Latest    Days
[2026-07-01 17:41:29] [TASK_1] [INFO] ------------------------------------------------------------
[2026-07-01 17:41:29] [TASK_1] [INFO] VNM     2024-01-02  2024-01-02       1
[2026-07-01 17:41:29] [TASK_1] [WARNING] ⚠ VNM has 75.0% fewer trading days than expected (1 vs 4 expected). Check for missing data.
[2026-07-01 17:41:29] [TASK_1] [INFO] ------------------------------------------------------------
[2026-07-01 17:41:29] [TASK_1] [INFO] Total rows: 1 | Date range: 2024-01-02 to 2024-01-05
[2026-07-01 17:41:29] [TASK_1] [INFO] ============================================================
