[2026-07-02 10:06:19] [TASK_10] [WARNING] Fewer than 4 test quarters with cutoff 2025Q1; falling back to last 20% of quarters (1 test quarters).
[2026-07-02 10:06:19] [TASK_10] [INFO] Time-series split — train: 30 rows (3 quarters), test: 10 rows (1 quarters)
[2026-07-02 10:06:22] [TASK_10] [WARNING] Fewer than 4 test quarters with cutoff 2025Q1; falling back to last 20% of quarters (1 test quarters).
[2026-07-02 10:06:22] [TASK_10] [INFO] Time-series split — train: 30 rows (3 quarters), test: 10 rows (1 quarters)
[2026-07-02 10:06:22] [TASK_10] [WARNING] Fewer than 4 test quarters with cutoff 2025Q1; falling back to last 20% of quarters (1 test quarters).
[2026-07-02 10:06:22] [TASK_10] [INFO] Time-series split — train: 30 rows (3 quarters), test: 10 rows (1 quarters)
[2026-07-02 10:06:23] [TASK_10] [WARNING] Fewer than 4 test quarters with cutoff 2025Q1; falling back to last 20% of quarters (1 test quarters).
[2026-07-02 10:06:23] [TASK_10] [INFO] Time-series split — train: 30 rows (3 quarters), test: 10 rows (1 quarters)
[2026-07-02 10:06:24] [TASK_10] [WARNING] Fewer than 4 test quarters with cutoff 2025Q1; falling back to last 20% of quarters (1 test quarters).
[2026-07-02 10:06:24] [TASK_10] [INFO] Time-series split — train: 30 rows (3 quarters), test: 10 rows (1 quarters)
[2026-07-02 10:06:25] [TASK_10] [WARNING] Fewer than 4 test quarters with cutoff 2025Q1; falling back to last 20% of quarters (1 test quarters).
[2026-07-02 10:06:25] [TASK_10] [INFO] Time-series split — train: 30 rows (3 quarters), test: 10 rows (1 quarters)
[2026-07-02 10:06:26] [TASK_10] [WARNING] Fewer than 4 test quarters with cutoff 2025Q1; falling back to last 20% of quarters (1 test quarters).
[2026-07-02 10:06:26] [TASK_10] [INFO] Time-series split — train: 30 rows (3 quarters), test: 10 rows (1 quarters)
[2026-07-02 10:06:26] [TASK_10] [WARNING] Fewer than 4 test quarters with cutoff 2025Q1; falling back to last 20% of quarters (1 test quarters).
[2026-07-02 10:06:26] [TASK_10] [INFO] Time-series split — train: 30 rows (3 quarters), test: 10 rows (1 quarters)
[2026-07-02 10:06:27] [TASK_10] [WARNING] Fewer than 4 test quarters with cutoff 2024Q1; falling back to last 20% of quarters (1 test quarters).
[2026-07-02 10:06:27] [TASK_10] [INFO] Time-series split — train: 30 rows (3 quarters), test: 10 rows (1 quarters)
[2026-07-02 10:06:32] [TASK_10] [INFO] ============================================================
[2026-07-02 10:06:32] [TASK_10] [INFO] START TASK_10: Model Training (3 configs × 4 algorithms)
[2026-07-02 10:06:32] [TASK_10] [INFO] Timestamp: 2026-07-02T10:06:32.653142
[2026-07-02 10:06:32] [TASK_10] [INFO] ============================================================
[2026-07-02 10:06:32] [TASK_10] [INFO] Input: data/features/technical_features.csv (1521 rows)
[2026-07-02 10:06:32] [TASK_10] [INFO] Input: data/features/keyword_features.csv (1450 rows)
[2026-07-02 10:06:32] [TASK_10] [INFO] Input: data/aggregated/master_with_labels.csv (1428 rows)
[2026-07-02 10:06:32] [TASK_10] [INFO] ------------------------------------------------------------
[2026-07-02 10:06:32] [TASK_10] [INFO] END TASK_10 — completed in 0.0 seconds
[2026-07-02 10:06:32] [TASK_10] [INFO] ============================================================
[2026-07-02 10:06:33] [TASK_10] [INFO] ============================================================
[2026-07-02 10:06:33] [TASK_10] [INFO] START TASK_10: Model Training (3 configs × 4 algorithms)
[2026-07-02 10:06:33] [TASK_10] [INFO] Timestamp: 2026-07-02T10:06:33.379482
[2026-07-02 10:06:33] [TASK_10] [INFO] ============================================================
[2026-07-02 10:06:33] [TASK_10] [INFO] Input: data/features/technical_features.csv (1521 rows)
[2026-07-02 10:06:33] [TASK_10] [INFO] Input: data/features/keyword_features.csv (1450 rows)
[2026-07-02 10:06:33] [TASK_10] [INFO] Input: data/aggregated/master_with_labels.csv (1428 rows)
[2026-07-02 10:06:33] [TASK_10] [INFO] ------------------------------------------------------------
[2026-07-02 10:06:33] [TASK_10] [INFO] END TASK_10 — completed in 0.0 seconds
[2026-07-02 10:06:33] [TASK_10] [INFO] ============================================================
[2026-07-02 10:06:33] [TASK_10] [INFO] Time-series split — train: 0 rows (0 quarters), test: 4 rows (4 quarters)
[2026-07-02 10:06:33] [TASK_10] [INFO] Time-series split — train: 0 rows (0 quarters), test: 4 rows (4 quarters)
[2026-07-02 10:06:33] [TASK_10] [INFO] Time-series split — train: 42 rows (7 quarters), test: 24 rows (4 quarters)
[2026-07-02 10:06:33] [TASK_10] [INFO] Time-series split — train: 0 rows (0 quarters), test: 4 rows (4 quarters)
[2026-07-02 10:06:33] [TASK_10] [INFO] Time-series split — train: 6 rows (6 quarters), test: 5 rows (5 quarters)
[2026-07-02 10:06:33] [TASK_10] [INFO] Time-series split — train: 0 rows (0 quarters), test: 4 rows (4 quarters)
[2026-07-02 10:06:33] [TASK_10] [INFO] Time-series split — train: 18 rows (6 quarters), test: 21 rows (7 quarters)
[2026-07-02 10:06:33] [TASK_10] [INFO] Time-series split — train: 0 rows (0 quarters), test: 4 rows (4 quarters)
[2026-07-02 10:06:33] [TASK_10] [INFO] Time-series split — train: 6 rows (1 quarters), test: 36 rows (6 quarters)
[2026-07-02 10:06:33] [TASK_10] [INFO] Time-series split — train: 0 rows (0 quarters), test: 4 rows (4 quarters)
[2026-07-02 10:06:33] [TASK_10] [INFO] Time-series split — train: 6 rows (6 quarters), test: 4 rows (4 quarters)
[2026-07-02 10:06:33] [TASK_10] [INFO] Time-series split — train: 6 rows (6 quarters), test: 4 rows (4 quarters)
[2026-07-02 10:06:33] [TASK_10] [INFO] Time-series split — train: 6 rows (6 quarters), test: 4 rows (4 quarters)
[2026-07-02 10:06:33] [TASK_10] [INFO] Time-series split — train: 2 rows (2 quarters), test: 8 rows (8 quarters)
[2026-07-02 10:06:33] [TASK_10] [INFO] Time-series split — train: 2 rows (2 quarters), test: 8 rows (8 quarters)
[2026-07-02 10:06:33] [TASK_10] [INFO] Time-series split — train: 48 rows (8 quarters), test: 48 rows (8 quarters)
[2026-07-02 10:06:33] [TASK_10] [INFO] Time-series split — train: 48 rows (8 quarters), test: 48 rows (8 quarters)
[2026-07-02 10:06:33] [TASK_10] [INFO] Time-series split — train: 48 rows (8 quarters), test: 48 rows (8 quarters)
[2026-07-02 10:06:33] [TASK_10] [INFO] Time-series split — train: 48 rows (8 quarters), test: 48 rows (8 quarters)
[2026-07-02 10:06:33] [TASK_10] [INFO] Time-series split — train: 48 rows (8 quarters), test: 48 rows (8 quarters)
[2026-07-02 10:06:33] [TASK_10] [INFO] Time-series split — train: 48 rows (8 quarters), test: 48 rows (8 quarters)
[2026-07-02 10:06:33] [TASK_10] [INFO] Time-series split — train: 48 rows (8 quarters), test: 48 rows (8 quarters)
[2026-07-02 10:06:33] [TASK_10] [INFO] Time-series split — train: 21 rows (7 quarters), test: 12 rows (4 quarters)
[2026-07-02 10:06:33] [TASK_10] [INFO] Time-series split — train: 21 rows (7 quarters), test: 12 rows (4 quarters)
[2026-07-02 10:06:33] [TASK_10] [INFO] Time-series split — train: 21 rows (7 quarters), test: 12 rows (4 quarters)
[2026-07-02 10:06:33] [TASK_10] [INFO] Time-series split — train: 21 rows (7 quarters), test: 12 rows (4 quarters)
[2026-07-02 10:06:33] [TASK_10] [INFO] Time-series split — train: 9 rows (3 quarters), test: 24 rows (8 quarters)
[2026-07-02 10:06:33] [TASK_10] [INFO] Time-series split — train: 18 rows (6 quarters), test: 12 rows (4 quarters)
[2026-07-02 10:06:33] [TASK_10] [INFO] Time-series split — train: 4 rows (1 quarters), test: 16 rows (4 quarters)
[2026-07-02 10:06:33] [TASK_10] [INFO] Time-series split — train: 2 rows (2 quarters), test: 7 rows (7 quarters)
[2026-07-02 10:06:33] [TASK_10] [INFO] Time-series split — train: 2 rows (2 quarters), test: 7 rows (7 quarters)
[2026-07-02 10:06:33] [TASK_10] [INFO] Time-series split — train: 2 rows (2 quarters), test: 8 rows (8 quarters)
[2026-07-02 10:06:33] [TASK_10] [INFO] Time-series split — train: 1 rows (1 quarters), test: 8 rows (8 quarters)
[2026-07-02 10:06:33] [TASK_10] [INFO] Time-series split — train: 1 rows (1 quarters), test: 8 rows (8 quarters)
[2026-07-02 10:06:33] [TASK_10] [INFO] Time-series split — train: 8 rows (8 quarters), test: 4 rows (4 quarters)
[2026-07-02 10:06:33] [TASK_10] [INFO] Time-series split — train: 8 rows (8 quarters), test: 4 rows (4 quarters)
[2026-07-02 10:06:33] [TASK_10] [INFO] Time-series split — train: 8 rows (8 quarters), test: 4 rows (4 quarters)
[2026-07-02 10:06:33] [TASK_10] [INFO] Time-series split — train: 8 rows (8 quarters), test: 4 rows (4 quarters)
[2026-07-02 10:06:33] [TASK_10] [INFO] Time-series split — train: 8 rows (8 quarters), test: 4 rows (4 quarters)
[2026-07-02 10:06:33] [TASK_10] [INFO] Time-series split — train: 8 rows (8 quarters), test: 4 rows (4 quarters)
[2026-07-02 10:06:33] [TASK_10] [INFO] Time-series split — train: 8 rows (8 quarters), test: 4 rows (4 quarters)
[2026-07-02 10:06:33] [TASK_10] [INFO] Time-series split — train: 32 rows (8 quarters), test: 32 rows (8 quarters)
[2026-07-02 10:06:33] [TASK_10] [INFO] Time-series split — train: 28 rows (7 quarters), test: 32 rows (8 quarters)
[2026-07-02 10:06:33] [TASK_10] [INFO] Time-series split — train: 28 rows (7 quarters), test: 32 rows (8 quarters)
[2026-07-02 10:06:33] [TASK_10] [INFO] Time-series split — train: 6 rows (6 quarters), test: 8 rows (8 quarters)
[2026-07-02 10:06:33] [TASK_10] [INFO] Time-series split — train: 6 rows (6 quarters), test: 8 rows (8 quarters)
[2026-07-02 10:06:33] [TASK_10] [INFO] Time-series split — train: 6 rows (6 quarters), test: 8 rows (8 quarters)
[2026-07-02 10:06:33] [TASK_10] [INFO] Time-series split — train: 4 rows (4 quarters), test: 8 rows (8 quarters)
[2026-07-02 10:06:33] [TASK_10] [INFO] Time-series split — train: 48 rows (8 quarters), test: 36 rows (6 quarters)
[2026-07-02 10:06:33] [TASK_10] [INFO] Time-series split — train: 48 rows (8 quarters), test: 36 rows (6 quarters)
[2026-07-02 10:06:33] [TASK_10] [INFO] Time-series split — train: 48 rows (8 quarters), test: 36 rows (6 quarters)
[2026-07-02 10:06:33] [TASK_10] [INFO] Time-series split — train: 48 rows (8 quarters), test: 36 rows (6 quarters)
[2026-07-02 10:06:33] [TASK_10] [INFO] Time-series split — train: 48 rows (8 quarters), test: 36 rows (6 quarters)
[2026-07-02 10:06:33] [TASK_10] [INFO] Time-series split — train: 48 rows (8 quarters), test: 36 rows (6 quarters)
[2026-07-02 10:06:33] [TASK_10] [INFO] Time-series split — train: 48 rows (8 quarters), test: 36 rows (6 quarters)
[2026-07-02 10:06:33] [TASK_10] [INFO] Time-series split — train: 0 rows (0 quarters), test: 36 rows (6 quarters)
[2026-07-02 10:06:33] [TASK_10] [INFO] Time-series split — train: 0 rows (0 quarters), test: 36 rows (6 quarters)
[2026-07-02 10:06:33] [TASK_10] [INFO] Time-series split — train: 1 rows (1 quarters), test: 4 rows (4 quarters)
[2026-07-02 10:06:33] [TASK_10] [INFO] Time-series split — train: 1 rows (1 quarters), test: 4 rows (4 quarters)
[2026-07-02 10:06:33] [TASK_10] [INFO] Time-series split — train: 0 rows (0 quarters), test: 4 rows (4 quarters)
[2026-07-02 10:06:33] [TASK_10] [INFO] Time-series split — train: 0 rows (0 quarters), test: 4 rows (4 quarters)
[2026-07-02 10:06:33] [TASK_10] [INFO] Time-series split — train: 16 rows (8 quarters), test: 8 rows (4 quarters)
[2026-07-02 10:06:33] [TASK_10] [INFO] Time-series split — train: 16 rows (8 quarters), test: 8 rows (4 quarters)
[2026-07-02 10:06:33] [TASK_10] [INFO] Time-series split — train: 16 rows (8 quarters), test: 8 rows (4 quarters)
[2026-07-02 10:06:33] [TASK_10] [INFO] Time-series split — train: 16 rows (8 quarters), test: 8 rows (4 quarters)
[2026-07-02 10:06:33] [TASK_10] [INFO] Time-series split — train: 16 rows (8 quarters), test: 8 rows (4 quarters)
[2026-07-02 10:06:33] [TASK_10] [INFO] Time-series split — train: 16 rows (8 quarters), test: 8 rows (4 quarters)
[2026-07-02 10:06:33] [TASK_10] [INFO] Time-series split — train: 0 rows (0 quarters), test: 48 rows (8 quarters)
[2026-07-02 10:06:33] [TASK_10] [INFO] Time-series split — train: 0 rows (0 quarters), test: 48 rows (8 quarters)
[2026-07-02 10:06:33] [TASK_10] [INFO] Time-series split — train: 0 rows (0 quarters), test: 48 rows (8 quarters)
[2026-07-02 10:06:33] [TASK_10] [INFO] Time-series split — train: 0 rows (0 quarters), test: 48 rows (8 quarters)
[2026-07-02 10:06:33] [TASK_10] [INFO] Time-series split — train: 0 rows (0 quarters), test: 48 rows (8 quarters)
[2026-07-02 10:06:33] [TASK_10] [INFO] Time-series split — train: 0 rows (0 quarters), test: 40 rows (8 quarters)
[2026-07-02 10:06:33] [TASK_10] [INFO] Time-series split — train: 15 rows (3 quarters), test: 20 rows (4 quarters)
[2026-07-02 10:06:33] [TASK_10] [INFO] Time-series split — train: 3 rows (1 quarters), test: 12 rows (4 quarters)
[2026-07-02 10:06:33] [TASK_10] [INFO] Time-series split — train: 1 rows (1 quarters), test: 4 rows (4 quarters)
[2026-07-02 10:06:33] [TASK_10] [INFO] Time-series split — train: 1 rows (1 quarters), test: 4 rows (4 quarters)
[2026-07-02 10:06:33] [TASK_10] [INFO] Time-series split — train: 1 rows (1 quarters), test: 4 rows (4 quarters)
[2026-07-02 10:06:33] [TASK_10] [INFO] Time-series split — train: 1 rows (1 quarters), test: 4 rows (4 quarters)
[2026-07-02 10:06:34] [TASK_10] [INFO] Time-series split — train: 4 rows (2 quarters), test: 16 rows (8 quarters)
[2026-07-02 10:06:34] [TASK_10] [INFO] Time-series split — train: 4 rows (2 quarters), test: 16 rows (8 quarters)
[2026-07-02 10:06:34] [TASK_10] [INFO] Time-series split — train: 4 rows (2 quarters), test: 16 rows (8 quarters)
[2026-07-02 10:06:34] [TASK_10] [INFO] Time-series split — train: 4 rows (2 quarters), test: 16 rows (8 quarters)
[2026-07-02 10:06:34] [TASK_10] [INFO] Time-series split — train: 8 rows (4 quarters), test: 10 rows (5 quarters)
[2026-07-02 10:06:34] [TASK_10] [INFO] Time-series split — train: 2 rows (1 quarters), test: 10 rows (5 quarters)
[2026-07-02 10:06:34] [TASK_10] [INFO] Time-series split — train: 48 rows (8 quarters), test: 24 rows (4 quarters)
[2026-07-02 10:06:34] [TASK_10] [INFO] Time-series split — train: 48 rows (8 quarters), test: 24 rows (4 quarters)
[2026-07-02 10:06:34] [TASK_10] [INFO] Time-series split — train: 48 rows (8 quarters), test: 24 rows (4 quarters)
[2026-07-02 10:06:34] [TASK_10] [INFO] Time-series split — train: 48 rows (8 quarters), test: 24 rows (4 quarters)
[2026-07-02 10:06:34] [TASK_10] [INFO] Time-series split — train: 12 rows (2 quarters), test: 24 rows (4 quarters)
[2026-07-02 10:06:34] [TASK_10] [INFO] Time-series split — train: 12 rows (2 quarters), test: 24 rows (4 quarters)
[2026-07-02 10:06:34] [TASK_10] [INFO] Time-series split — train: 12 rows (2 quarters), test: 24 rows (4 quarters)
[2026-07-02 10:06:34] [TASK_10] [INFO] Time-series split — train: 3 rows (3 quarters), test: 6 rows (6 quarters)
[2026-07-02 10:06:34] [TASK_10] [INFO] Time-series split — train: 3 rows (3 quarters), test: 6 rows (6 quarters)
[2026-07-02 10:06:34] [TASK_10] [INFO] Time-series split — train: 3 rows (3 quarters), test: 6 rows (6 quarters)
[2026-07-02 10:06:34] [TASK_10] [INFO] Time-series split — train: 0 rows (0 quarters), test: 12 rows (6 quarters)
[2026-07-02 10:06:34] [TASK_10] [INFO] Time-series split — train: 0 rows (0 quarters), test: 12 rows (6 quarters)
[2026-07-02 10:06:34] [TASK_10] [INFO] Time-series split — train: 1 rows (1 quarters), test: 4 rows (4 quarters)
[2026-07-02 10:06:34] [TASK_10] [INFO] Time-series split — train: 12 rows (2 quarters), test: 42 rows (7 quarters)
[2026-07-02 10:06:34] [TASK_10] [INFO] Time-series split — train: 12 rows (2 quarters), test: 42 rows (7 quarters)
[2026-07-02 10:06:36] [TASK_10] [INFO] Time-series split — train: 12 rows (4 quarters), test: 12 rows (4 quarters)
[2026-07-02 10:06:36] [TASK_10] [INFO] Time-series split — train: 12 rows (4 quarters), test: 12 rows (4 quarters)
[2026-07-02 10:06:36] [TASK_10] [INFO] Time-series split — train: 12 rows (4 quarters), test: 12 rows (4 quarters)
[2026-07-02 10:06:36] [TASK_10] [INFO] Time-series split — train: 12 rows (4 quarters), test: 12 rows (4 quarters)
[2026-07-02 10:06:36] [TASK_10] [WARNING] Fewer than 4 test quarters with cutoff 2024Q4; falling back to last 20% of quarters (1 test quarters).
[2026-07-02 10:06:36] [TASK_10] [INFO] Time-series split — train: 21 rows (7 quarters), test: 3 rows (1 quarters)
[2026-07-02 10:06:36] [TASK_10] [INFO] Time-series split — train: 12 rows (4 quarters), test: 12 rows (4 quarters)
[2026-07-02 10:06:36] [TASK_10] [INFO] Confusion matrix for Dummy - Config_A:
[[10  0]
 [ 2  0]]
[2026-07-02 10:07:37] [TASK_10] [WARNING] Fewer than 4 test quarters with cutoff 2025Q1; falling back to last 20% of quarters (1 test quarters).
[2026-07-02 10:07:37] [TASK_10] [INFO] Time-series split — train: 30 rows (3 quarters), test: 10 rows (1 quarters)
[2026-07-02 10:07:39] [TASK_10] [WARNING] Fewer than 4 test quarters with cutoff 2025Q1; falling back to last 20% of quarters (1 test quarters).
[2026-07-02 10:07:39] [TASK_10] [INFO] Time-series split — train: 30 rows (3 quarters), test: 10 rows (1 quarters)
[2026-07-02 10:07:40] [TASK_10] [WARNING] Fewer than 4 test quarters with cutoff 2025Q1; falling back to last 20% of quarters (1 test quarters).
[2026-07-02 10:07:40] [TASK_10] [INFO] Time-series split — train: 30 rows (3 quarters), test: 10 rows (1 quarters)
[2026-07-02 10:07:41] [TASK_10] [WARNING] Fewer than 4 test quarters with cutoff 2025Q1; falling back to last 20% of quarters (1 test quarters).
[2026-07-02 10:07:41] [TASK_10] [INFO] Time-series split — train: 30 rows (3 quarters), test: 10 rows (1 quarters)
[2026-07-02 10:07:42] [TASK_10] [WARNING] Fewer than 4 test quarters with cutoff 2025Q1; falling back to last 20% of quarters (1 test quarters).
[2026-07-02 10:07:42] [TASK_10] [INFO] Time-series split — train: 30 rows (3 quarters), test: 10 rows (1 quarters)
[2026-07-02 10:07:43] [TASK_10] [WARNING] Fewer than 4 test quarters with cutoff 2025Q1; falling back to last 20% of quarters (1 test quarters).
[2026-07-02 10:07:43] [TASK_10] [INFO] Time-series split — train: 30 rows (3 quarters), test: 10 rows (1 quarters)
[2026-07-02 10:07:43] [TASK_10] [WARNING] Fewer than 4 test quarters with cutoff 2025Q1; falling back to last 20% of quarters (1 test quarters).
[2026-07-02 10:07:43] [TASK_10] [INFO] Time-series split — train: 30 rows (3 quarters), test: 10 rows (1 quarters)
[2026-07-02 10:07:44] [TASK_10] [WARNING] Fewer than 4 test quarters with cutoff 2025Q1; falling back to last 20% of quarters (1 test quarters).
[2026-07-02 10:07:44] [TASK_10] [INFO] Time-series split — train: 30 rows (3 quarters), test: 10 rows (1 quarters)
[2026-07-02 10:07:45] [TASK_10] [WARNING] Fewer than 4 test quarters with cutoff 2024Q1; falling back to last 20% of quarters (1 test quarters).
[2026-07-02 10:07:45] [TASK_10] [INFO] Time-series split — train: 30 rows (3 quarters), test: 10 rows (1 quarters)
[2026-07-02 10:07:49] [TASK_10] [INFO] ============================================================
[2026-07-02 10:07:49] [TASK_10] [INFO] START TASK_10: Model Training (3 configs × 4 algorithms)
[2026-07-02 10:07:49] [TASK_10] [INFO] Timestamp: 2026-07-02T10:07:49.681463
[2026-07-02 10:07:49] [TASK_10] [INFO] ============================================================
[2026-07-02 10:07:49] [TASK_10] [INFO] Input: data/features/technical_features.csv (1521 rows)
[2026-07-02 10:07:49] [TASK_10] [INFO] Input: data/features/keyword_features.csv (1450 rows)
[2026-07-02 10:07:49] [TASK_10] [INFO] Input: data/aggregated/master_with_labels.csv (1428 rows)
[2026-07-02 10:07:49] [TASK_10] [INFO] ------------------------------------------------------------
[2026-07-02 10:07:49] [TASK_10] [INFO] END TASK_10 — completed in 0.0 seconds
[2026-07-02 10:07:49] [TASK_10] [INFO] ============================================================
[2026-07-02 10:07:50] [TASK_10] [INFO] ============================================================
[2026-07-02 10:07:50] [TASK_10] [INFO] START TASK_10: Model Training (3 configs × 4 algorithms)
[2026-07-02 10:07:50] [TASK_10] [INFO] Timestamp: 2026-07-02T10:07:50.352232
[2026-07-02 10:07:50] [TASK_10] [INFO] ============================================================
[2026-07-02 10:07:50] [TASK_10] [INFO] Input: data/features/technical_features.csv (1521 rows)
[2026-07-02 10:07:50] [TASK_10] [INFO] Input: data/features/keyword_features.csv (1450 rows)
[2026-07-02 10:07:50] [TASK_10] [INFO] Input: data/aggregated/master_with_labels.csv (1428 rows)
[2026-07-02 10:07:50] [TASK_10] [INFO] ------------------------------------------------------------
[2026-07-02 10:07:50] [TASK_10] [INFO] END TASK_10 — completed in 0.0 seconds
[2026-07-02 10:07:50] [TASK_10] [INFO] ============================================================
[2026-07-02 10:07:50] [TASK_10] [INFO] Time-series split — train: 0 rows (0 quarters), test: 4 rows (4 quarters)
[2026-07-02 10:07:50] [TASK_10] [INFO] Time-series split — train: 0 rows (0 quarters), test: 4 rows (4 quarters)
[2026-07-02 10:07:50] [TASK_10] [INFO] Time-series split — train: 3 rows (3 quarters), test: 8 rows (8 quarters)
[2026-07-02 10:07:50] [TASK_10] [INFO] Time-series split — train: 0 rows (0 quarters), test: 4 rows (4 quarters)
[2026-07-02 10:07:50] [TASK_10] [INFO] Time-series split — train: 9 rows (3 quarters), test: 15 rows (5 quarters)
[2026-07-02 10:07:50] [TASK_10] [INFO] Time-series split — train: 0 rows (0 quarters), test: 4 rows (4 quarters)
[2026-07-02 10:07:50] [TASK_10] [INFO] Time-series split — train: 0 rows (0 quarters), test: 48 rows (8 quarters)
[2026-07-02 10:07:50] [TASK_10] [INFO] Time-series split — train: 0 rows (0 quarters), test: 4 rows (4 quarters)
[2026-07-02 10:07:50] [TASK_10] [INFO] Time-series split — train: 1 rows (1 quarters), test: 7 rows (7 quarters)
[2026-07-02 10:07:50] [TASK_10] [INFO] Time-series split — train: 0 rows (0 quarters), test: 4 rows (4 quarters)
[2026-07-02 10:07:50] [TASK_10] [INFO] Time-series split — train: 1 rows (1 quarters), test: 5 rows (5 quarters)
[2026-07-02 10:07:50] [TASK_10] [INFO] Time-series split — train: 6 rows (6 quarters), test: 4 rows (4 quarters)
[2026-07-02 10:07:50] [TASK_10] [INFO] Time-series split — train: 6 rows (6 quarters), test: 4 rows (4 quarters)
[2026-07-02 10:07:50] [TASK_10] [INFO] Time-series split — train: 6 rows (6 quarters), test: 4 rows (4 quarters)
[2026-07-02 10:07:50] [TASK_10] [INFO] Time-series split — train: 6 rows (6 quarters), test: 4 rows (4 quarters)
[2026-07-02 10:07:50] [TASK_10] [INFO] Time-series split — train: 6 rows (6 quarters), test: 4 rows (4 quarters)
[2026-07-02 10:07:50] [TASK_10] [INFO] Time-series split — train: 6 rows (6 quarters), test: 4 rows (4 quarters)
[2026-07-02 10:07:50] [TASK_10] [INFO] Time-series split — train: 6 rows (6 quarters), test: 4 rows (4 quarters)
[2026-07-02 10:07:50] [TASK_10] [INFO] Time-series split — train: 18 rows (6 quarters), test: 24 rows (8 quarters)
[2026-07-02 10:07:50] [TASK_10] [INFO] Time-series split — train: 18 rows (6 quarters), test: 24 rows (8 quarters)
[2026-07-02 10:07:50] [TASK_10] [INFO] Time-series split — train: 18 rows (6 quarters), test: 24 rows (8 quarters)
[2026-07-02 10:07:50] [TASK_10] [INFO] Time-series split — train: 18 rows (6 quarters), test: 24 rows (8 quarters)
[2026-07-02 10:07:50] [TASK_10] [INFO] Time-series split — train: 18 rows (6 quarters), test: 24 rows (8 quarters)
[2026-07-02 10:07:50] [TASK_10] [INFO] Time-series split — train: 18 rows (6 quarters), test: 24 rows (8 quarters)
[2026-07-02 10:07:50] [TASK_10] [INFO] Time-series split — train: 48 rows (8 quarters), test: 30 rows (5 quarters)
[2026-07-02 10:07:50] [TASK_10] [INFO] Time-series split — train: 48 rows (8 quarters), test: 30 rows (5 quarters)
[2026-07-02 10:07:50] [TASK_10] [INFO] Time-series split — train: 48 rows (8 quarters), test: 30 rows (5 quarters)
[2026-07-02 10:07:50] [TASK_10] [INFO] Time-series split — train: 48 rows (8 quarters), test: 30 rows (5 quarters)
[2026-07-02 10:07:50] [TASK_10] [INFO] Time-series split — train: 48 rows (8 quarters), test: 30 rows (5 quarters)
[2026-07-02 10:07:50] [TASK_10] [INFO] Time-series split — train: 48 rows (8 quarters), test: 30 rows (5 quarters)
[2026-07-02 10:07:50] [TASK_10] [INFO] Time-series split — train: 8 rows (8 quarters), test: 4 rows (4 quarters)
[2026-07-02 10:07:50] [TASK_10] [INFO] Time-series split — train: 8 rows (8 quarters), test: 4 rows (4 quarters)
[2026-07-02 10:07:50] [TASK_10] [INFO] Time-series split — train: 8 rows (8 quarters), test: 4 rows (4 quarters)
[2026-07-02 10:07:50] [TASK_10] [INFO] Time-series split — train: 7 rows (7 quarters), test: 4 rows (4 quarters)
[2026-07-02 10:07:50] [TASK_10] [INFO] Time-series split — train: 7 rows (7 quarters), test: 4 rows (4 quarters)
[2026-07-02 10:07:50] [TASK_10] [INFO] Time-series split — train: 4 rows (4 quarters), test: 8 rows (8 quarters)
[2026-07-02 10:07:50] [TASK_10] [INFO] Time-series split — train: 4 rows (4 quarters), test: 8 rows (8 quarters)
[2026-07-02 10:07:50] [TASK_10] [INFO] Time-series split — train: 8 rows (8 quarters), test: 8 rows (8 quarters)
[2026-07-02 10:07:50] [TASK_10] [INFO] Time-series split — train: 8 rows (8 quarters), test: 8 rows (8 quarters)
[2026-07-02 10:07:50] [TASK_10] [INFO] Time-series split — train: 8 rows (8 quarters), test: 8 rows (8 quarters)
[2026-07-02 10:07:50] [TASK_10] [INFO] Time-series split — train: 8 rows (8 quarters), test: 8 rows (8 quarters)
[2026-07-02 10:07:50] [TASK_10] [INFO] Time-series split — train: 8 rows (8 quarters), test: 8 rows (8 quarters)
[2026-07-02 10:07:50] [TASK_10] [INFO] Time-series split — train: 8 rows (8 quarters), test: 8 rows (8 quarters)
[2026-07-02 10:07:50] [TASK_10] [INFO] Time-series split — train: 8 rows (8 quarters), test: 8 rows (8 quarters)
[2026-07-02 10:07:50] [TASK_10] [INFO] Time-series split — train: 32 rows (8 quarters), test: 28 rows (7 quarters)
[2026-07-02 10:07:50] [TASK_10] [INFO] Time-series split — train: 32 rows (8 quarters), test: 28 rows (7 quarters)
[2026-07-02 10:07:50] [TASK_10] [INFO] Time-series split — train: 32 rows (8 quarters), test: 28 rows (7 quarters)
[2026-07-02 10:07:50] [TASK_10] [INFO] Time-series split — train: 32 rows (8 quarters), test: 28 rows (7 quarters)
[2026-07-02 10:07:50] [TASK_10] [INFO] Time-series split — train: 6 rows (1 quarters), test: 30 rows (5 quarters)
[2026-07-02 10:07:50] [TASK_10] [INFO] Time-series split — train: 6 rows (1 quarters), test: 30 rows (5 quarters)
[2026-07-02 10:07:50] [TASK_10] [INFO] Time-series split — train: 10 rows (2 quarters), test: 30 rows (6 quarters)
[2026-07-02 10:07:50] [TASK_10] [INFO] Time-series split — train: 2 rows (1 quarters), test: 8 rows (4 quarters)
[2026-07-02 10:07:50] [TASK_10] [INFO] Time-series split — train: 2 rows (1 quarters), test: 8 rows (4 quarters)
[2026-07-02 10:07:50] [TASK_10] [INFO] Time-series split — train: 28 rows (7 quarters), test: 16 rows (4 quarters)
[2026-07-02 10:07:50] [TASK_10] [INFO] Time-series split — train: 28 rows (7 quarters), test: 16 rows (4 quarters)
[2026-07-02 10:07:50] [TASK_10] [INFO] Time-series split — train: 8 rows (2 quarters), test: 16 rows (4 quarters)
[2026-07-02 10:07:50] [TASK_10] [INFO] Time-series split — train: 8 rows (2 quarters), test: 16 rows (4 quarters)
[2026-07-02 10:07:50] [TASK_10] [INFO] Time-series split — train: 0 rows (0 quarters), test: 4 rows (4 quarters)
[2026-07-02 10:07:50] [TASK_10] [INFO] Time-series split — train: 30 rows (5 quarters), test: 48 rows (8 quarters)
[2026-07-02 10:07:50] [TASK_10] [INFO] Time-series split — train: 30 rows (5 quarters), test: 48 rows (8 quarters)
[2026-07-02 10:07:50] [TASK_10] [INFO] Time-series split — train: 30 rows (5 quarters), test: 48 rows (8 quarters)
[2026-07-02 10:07:50] [TASK_10] [INFO] Time-series split — train: 30 rows (5 quarters), test: 48 rows (8 quarters)
[2026-07-02 10:07:50] [TASK_10] [INFO] Time-series split — train: 30 rows (5 quarters), test: 48 rows (8 quarters)
[2026-07-02 10:07:50] [TASK_10] [INFO] Time-series split — train: 30 rows (5 quarters), test: 48 rows (8 quarters)
[2026-07-02 10:07:50] [TASK_10] [INFO] Time-series split — train: 5 rows (5 quarters), test: 8 rows (8 quarters)
[2026-07-02 10:07:50] [TASK_10] [INFO] Time-series split — train: 6 rows (1 quarters), test: 48 rows (8 quarters)
[2026-07-02 10:07:50] [TASK_10] [INFO] Time-series split — train: 6 rows (1 quarters), test: 48 rows (8 quarters)
[2026-07-02 10:07:50] [TASK_10] [INFO] Time-series split — train: 6 rows (1 quarters), test: 48 rows (8 quarters)
[2026-07-02 10:07:50] [TASK_10] [INFO] Time-series split — train: 6 rows (1 quarters), test: 48 rows (8 quarters)
[2026-07-02 10:07:50] [TASK_10] [INFO] Time-series split — train: 6 rows (1 quarters), test: 48 rows (8 quarters)
[2026-07-02 10:07:50] [TASK_10] [INFO] Time-series split — train: 6 rows (1 quarters), test: 48 rows (8 quarters)
[2026-07-02 10:07:50] [TASK_10] [INFO] Time-series split — train: 6 rows (1 quarters), test: 48 rows (8 quarters)
[2026-07-02 10:07:50] [TASK_10] [INFO] Time-series split — train: 0 rows (0 quarters), test: 30 rows (5 quarters)
[2026-07-02 10:07:50] [TASK_10] [INFO] Time-series split — train: 0 rows (0 quarters), test: 30 rows (5 quarters)
[2026-07-02 10:07:50] [TASK_10] [INFO] Time-series split — train: 0 rows (0 quarters), test: 30 rows (5 quarters)
[2026-07-02 10:07:50] [TASK_10] [INFO] Time-series split — train: 0 rows (0 quarters), test: 30 rows (5 quarters)
[2026-07-02 10:07:50] [TASK_10] [INFO] Time-series split — train: 0 rows (0 quarters), test: 30 rows (5 quarters)
[2026-07-02 10:07:50] [TASK_10] [INFO] Time-series split — train: 0 rows (0 quarters), test: 5 rows (5 quarters)
[2026-07-02 10:07:50] [TASK_10] [INFO] Time-series split — train: 4 rows (2 quarters), test: 14 rows (7 quarters)
[2026-07-02 10:07:50] [TASK_10] [INFO] Time-series split — train: 4 rows (2 quarters), test: 14 rows (7 quarters)
[2026-07-02 10:07:50] [TASK_10] [INFO] Time-series split — train: 4 rows (2 quarters), test: 14 rows (7 quarters)
[2026-07-02 10:07:50] [TASK_10] [INFO] Time-series split — train: 4 rows (2 quarters), test: 14 rows (7 quarters)
[2026-07-02 10:07:50] [TASK_10] [INFO] Time-series split — train: 4 rows (2 quarters), test: 14 rows (7 quarters)
[2026-07-02 10:07:50] [TASK_10] [INFO] Time-series split — train: 9 rows (3 quarters), test: 24 rows (8 quarters)
[2026-07-02 10:07:50] [TASK_10] [INFO] Time-series split — train: 9 rows (3 quarters), test: 24 rows (8 quarters)
[2026-07-02 10:07:50] [TASK_10] [INFO] Time-series split — train: 9 rows (3 quarters), test: 24 rows (8 quarters)
[2026-07-02 10:07:50] [TASK_10] [INFO] Time-series split — train: 18 rows (6 quarters), test: 12 rows (4 quarters)
[2026-07-02 10:07:50] [TASK_10] [INFO] Time-series split — train: 0 rows (0 quarters), test: 20 rows (4 quarters)
[2026-07-02 10:07:50] [TASK_10] [INFO] Time-series split — train: 0 rows (0 quarters), test: 24 rows (4 quarters)
[2026-07-02 10:07:50] [TASK_10] [INFO] Time-series split — train: 1 rows (1 quarters), test: 7 rows (7 quarters)
[2026-07-02 10:07:51] [TASK_10] [INFO] Time-series split — train: 1 rows (1 quarters), test: 7 rows (7 quarters)
[2026-07-02 10:07:51] [TASK_10] [INFO] Time-series split — train: 1 rows (1 quarters), test: 7 rows (7 quarters)
[2026-07-02 10:07:51] [TASK_10] [INFO] Time-series split — train: 1 rows (1 quarters), test: 8 rows (8 quarters)
[2026-07-02 10:07:51] [TASK_10] [INFO] Time-series split — train: 4 rows (4 quarters), test: 4 rows (4 quarters)
[2026-07-02 10:07:51] [TASK_10] [INFO] Time-series split — train: 4 rows (4 quarters), test: 4 rows (4 quarters)
[2026-07-02 10:07:51] [TASK_10] [INFO] Time-series split — train: 24 rows (4 quarters), test: 24 rows (4 quarters)
[2026-07-02 10:07:51] [TASK_10] [INFO] Time-series split — train: 24 rows (4 quarters), test: 24 rows (4 quarters)
[2026-07-02 10:07:51] [TASK_10] [INFO] Time-series split — train: 24 rows (4 quarters), test: 24 rows (4 quarters)
[2026-07-02 10:07:51] [TASK_10] [INFO] Time-series split — train: 0 rows (0 quarters), test: 48 rows (8 quarters)
[2026-07-02 10:07:51] [TASK_10] [INFO] Time-series split — train: 0 rows (0 quarters), test: 48 rows (8 quarters)
[2026-07-02 10:07:53] [TASK_10] [INFO] Time-series split — train: 12 rows (4 quarters), test: 12 rows (4 quarters)
[2026-07-02 10:07:53] [TASK_10] [INFO] Time-series split — train: 12 rows (4 quarters), test: 12 rows (4 quarters)
[2026-07-02 10:07:53] [TASK_10] [INFO] Time-series split — train: 12 rows (4 quarters), test: 12 rows (4 quarters)
[2026-07-02 10:07:53] [TASK_10] [INFO] Time-series split — train: 12 rows (4 quarters), test: 12 rows (4 quarters)
[2026-07-02 10:07:53] [TASK_10] [WARNING] Fewer than 4 test quarters with cutoff 2024Q4; falling back to last 20% of quarters (1 test quarters).
[2026-07-02 10:07:53] [TASK_10] [INFO] Time-series split — train: 21 rows (7 quarters), test: 3 rows (1 quarters)
[2026-07-02 10:07:53] [TASK_10] [INFO] Time-series split — train: 12 rows (4 quarters), test: 12 rows (4 quarters)
[2026-07-02 10:07:53] [TASK_10] [INFO] Confusion matrix for Dummy - Config_A:
[[10  0]
 [ 2  0]]
[2026-07-02 11:17:04] [TASK_10] [INFO] Merged dataset: 1348 rows, 343 columns
[2026-07-02 11:17:04] [TASK_10] [INFO] Time-series split — train: 948 rows (12 quarters), test: 400 rows (5 quarters)
[2026-07-02 11:21:38] [TASK_10] [INFO] Merged dataset: 1348 rows, 343 columns
[2026-07-02 11:21:38] [TASK_10] [INFO] Time-series split — train: 948 rows (12 quarters), test: 400 rows (5 quarters)
[2026-07-02 11:21:40] [TASK_10] [INFO] Merged dataset: 1348 rows, 343 columns
[2026-07-02 11:21:40] [TASK_10] [INFO] Time-series split — train: 948 rows (12 quarters), test: 400 rows (5 quarters)
[2026-07-02 17:47:01] [TASK_10] [INFO] Merged dataset: 1348 rows, 343 columns
[2026-07-02 17:47:01] [TASK_10] [INFO] Time-series split — train: 948 rows (12 quarters), test: 400 rows (5 quarters)
[2026-07-02 17:47:03] [TASK_10] [INFO] Merged dataset: 1348 rows, 343 columns
[2026-07-02 17:47:03] [TASK_10] [INFO] Time-series split — train: 948 rows (12 quarters), test: 400 rows (5 quarters)
[2026-07-02 17:47:26] [TASK_10] [WARNING] Fewer than 4 test quarters with cutoff 2025Q1; falling back to last 20% of quarters (1 test quarters).
[2026-07-02 17:47:26] [TASK_10] [INFO] Time-series split — train: 30 rows (3 quarters), test: 10 rows (1 quarters)
[2026-07-02 17:47:27] [TASK_10] [WARNING] Fewer than 4 test quarters with cutoff 2025Q1; falling back to last 20% of quarters (1 test quarters).
[2026-07-02 17:47:27] [TASK_10] [INFO] Time-series split — train: 30 rows (3 quarters), test: 10 rows (1 quarters)
[2026-07-02 17:47:28] [TASK_10] [WARNING] Fewer than 4 test quarters with cutoff 2025Q1; falling back to last 20% of quarters (1 test quarters).
[2026-07-02 17:47:28] [TASK_10] [INFO] Time-series split — train: 30 rows (3 quarters), test: 10 rows (1 quarters)
[2026-07-02 17:47:29] [TASK_10] [WARNING] Fewer than 4 test quarters with cutoff 2025Q1; falling back to last 20% of quarters (1 test quarters).
[2026-07-02 17:47:29] [TASK_10] [INFO] Time-series split — train: 30 rows (3 quarters), test: 10 rows (1 quarters)
[2026-07-02 17:47:30] [TASK_10] [WARNING] Fewer than 4 test quarters with cutoff 2025Q1; falling back to last 20% of quarters (1 test quarters).
[2026-07-02 17:47:30] [TASK_10] [INFO] Time-series split — train: 30 rows (3 quarters), test: 10 rows (1 quarters)
[2026-07-02 17:47:30] [TASK_10] [WARNING] Fewer than 4 test quarters with cutoff 2025Q1; falling back to last 20% of quarters (1 test quarters).
[2026-07-02 17:47:30] [TASK_10] [INFO] Time-series split — train: 30 rows (3 quarters), test: 10 rows (1 quarters)
[2026-07-02 17:47:31] [TASK_10] [WARNING] Fewer than 4 test quarters with cutoff 2025Q1; falling back to last 20% of quarters (1 test quarters).
[2026-07-02 17:47:31] [TASK_10] [INFO] Time-series split — train: 30 rows (3 quarters), test: 10 rows (1 quarters)
[2026-07-02 17:47:32] [TASK_10] [WARNING] Fewer than 4 test quarters with cutoff 2025Q1; falling back to last 20% of quarters (1 test quarters).
[2026-07-02 17:47:32] [TASK_10] [INFO] Time-series split — train: 30 rows (3 quarters), test: 10 rows (1 quarters)
[2026-07-02 17:47:33] [TASK_10] [WARNING] Fewer than 4 test quarters with cutoff 2024Q1; falling back to last 20% of quarters (1 test quarters).
[2026-07-02 17:47:33] [TASK_10] [INFO] Time-series split — train: 30 rows (3 quarters), test: 10 rows (1 quarters)
[2026-07-02 17:47:37] [TASK_10] [INFO] ============================================================
[2026-07-02 17:47:37] [TASK_10] [INFO] START TASK_10: Model Training (3 configs × 4 algorithms)
[2026-07-02 17:47:37] [TASK_10] [INFO] Timestamp: 2026-07-02T17:47:37.879674
[2026-07-02 17:47:37] [TASK_10] [INFO] ============================================================
[2026-07-02 17:47:37] [TASK_10] [INFO] Input: data/features/technical_features.csv (1521 rows)
[2026-07-02 17:47:37] [TASK_10] [INFO] Input: data/features/keyword_features.csv (1450 rows)
[2026-07-02 17:47:37] [TASK_10] [INFO] Input: data/aggregated/master_with_labels.csv (1428 rows)
[2026-07-02 17:47:37] [TASK_10] [INFO] ------------------------------------------------------------
[2026-07-02 17:47:37] [TASK_10] [INFO] END TASK_10 — completed in 0.0 seconds
[2026-07-02 17:47:37] [TASK_10] [INFO] ============================================================
[2026-07-02 17:47:38] [TASK_10] [INFO] ============================================================
[2026-07-02 17:47:38] [TASK_10] [INFO] START TASK_10: Model Training (3 configs × 4 algorithms)
[2026-07-02 17:47:38] [TASK_10] [INFO] Timestamp: 2026-07-02T17:47:38.542685
[2026-07-02 17:47:38] [TASK_10] [INFO] ============================================================
[2026-07-02 17:47:38] [TASK_10] [INFO] Input: data/features/technical_features.csv (1521 rows)
[2026-07-02 17:47:38] [TASK_10] [INFO] Input: data/features/keyword_features.csv (1450 rows)
[2026-07-02 17:47:38] [TASK_10] [INFO] Input: data/aggregated/master_with_labels.csv (1428 rows)
[2026-07-02 17:47:38] [TASK_10] [INFO] ------------------------------------------------------------
[2026-07-02 17:47:38] [TASK_10] [INFO] END TASK_10 — completed in 0.0 seconds
[2026-07-02 17:47:38] [TASK_10] [INFO] ============================================================
[2026-07-02 17:47:38] [TASK_10] [INFO] Time-series split — train: 0 rows (0 quarters), test: 4 rows (4 quarters)
[2026-07-02 17:47:38] [TASK_10] [INFO] Time-series split — train: 0 rows (0 quarters), test: 4 rows (4 quarters)
[2026-07-02 17:47:38] [TASK_10] [INFO] Time-series split — train: 32 rows (8 quarters), test: 16 rows (4 quarters)
[2026-07-02 17:47:38] [TASK_10] [INFO] Time-series split — train: 0 rows (0 quarters), test: 4 rows (4 quarters)
[2026-07-02 17:47:38] [TASK_10] [INFO] Time-series split — train: 12 rows (2 quarters), test: 48 rows (8 quarters)
[2026-07-02 17:47:38] [TASK_10] [INFO] Time-series split — train: 0 rows (0 quarters), test: 4 rows (4 quarters)
[2026-07-02 17:47:38] [TASK_10] [INFO] Time-series split — train: 0 rows (0 quarters), test: 10 rows (5 quarters)
[2026-07-02 17:47:38] [TASK_10] [INFO] Time-series split — train: 0 rows (0 quarters), test: 4 rows (4 quarters)
[2026-07-02 17:47:38] [TASK_10] [INFO] Time-series split — train: 30 rows (5 quarters), test: 42 rows (7 quarters)
[2026-07-02 17:47:38] [TASK_10] [INFO] Time-series split — train: 0 rows (0 quarters), test: 4 rows (4 quarters)
[2026-07-02 17:47:38] [TASK_10] [INFO] Time-series split — train: 12 rows (2 quarters), test: 24 rows (4 quarters)
[2026-07-02 17:47:38] [TASK_10] [INFO] Time-series split — train: 12 rows (2 quarters), test: 24 rows (4 quarters)
[2026-07-02 17:47:38] [TASK_10] [INFO] Time-series split — train: 12 rows (2 quarters), test: 24 rows (4 quarters)
[2026-07-02 17:47:38] [TASK_10] [INFO] Time-series split — train: 12 rows (2 quarters), test: 24 rows (4 quarters)
[2026-07-02 17:47:38] [TASK_10] [INFO] Time-series split — train: 48 rows (8 quarters), test: 48 rows (8 quarters)
[2026-07-02 17:47:38] [TASK_10] [INFO] Time-series split — train: 48 rows (8 quarters), test: 48 rows (8 quarters)
[2026-07-02 17:47:38] [TASK_10] [INFO] Time-series split — train: 48 rows (8 quarters), test: 48 rows (8 quarters)
[2026-07-02 17:47:38] [TASK_10] [INFO] Time-series split — train: 48 rows (8 quarters), test: 48 rows (8 quarters)
[2026-07-02 17:47:38] [TASK_10] [INFO] Time-series split — train: 48 rows (8 quarters), test: 48 rows (8 quarters)
[2026-07-02 17:47:38] [TASK_10] [INFO] Time-series split — train: 48 rows (8 quarters), test: 48 rows (8 quarters)
[2026-07-02 17:47:38] [TASK_10] [INFO] Time-series split — train: 48 rows (8 quarters), test: 48 rows (8 quarters)
[2026-07-02 17:47:38] [TASK_10] [INFO] Time-series split — train: 18 rows (6 quarters), test: 21 rows (7 quarters)
[2026-07-02 17:47:38] [TASK_10] [INFO] Time-series split — train: 18 rows (6 quarters), test: 21 rows (7 quarters)
[2026-07-02 17:47:38] [TASK_10] [INFO] Time-series split — train: 18 rows (6 quarters), test: 21 rows (7 quarters)
[2026-07-02 17:47:38] [TASK_10] [INFO] Time-series split — train: 18 rows (6 quarters), test: 21 rows (7 quarters)
[2026-07-02 17:47:38] [TASK_10] [INFO] Time-series split — train: 18 rows (6 quarters), test: 21 rows (7 quarters)
[2026-07-02 17:47:38] [TASK_10] [INFO] Time-series split — train: 18 rows (6 quarters), test: 21 rows (7 quarters)
[2026-07-02 17:47:38] [TASK_10] [INFO] Time-series split — train: 6 rows (6 quarters), test: 7 rows (7 quarters)
[2026-07-02 17:47:38] [TASK_10] [INFO] Time-series split — train: 4 rows (2 quarters), test: 16 rows (8 quarters)
[2026-07-02 17:47:38] [TASK_10] [INFO] Time-series split — train: 4 rows (2 quarters), test: 16 rows (8 quarters)
[2026-07-02 17:47:38] [TASK_10] [INFO] Time-series split — train: 4 rows (2 quarters), test: 16 rows (8 quarters)
[2026-07-02 17:47:38] [TASK_10] [INFO] Time-series split — train: 4 rows (2 quarters), test: 16 rows (8 quarters)
[2026-07-02 17:47:38] [TASK_10] [INFO] Time-series split — train: 4 rows (2 quarters), test: 16 rows (8 quarters)
[2026-07-02 17:47:38] [TASK_10] [INFO] Time-series split — train: 6 rows (3 quarters), test: 12 rows (6 quarters)
[2026-07-02 17:47:38] [TASK_10] [INFO] Time-series split — train: 3 rows (1 quarters), test: 21 rows (7 quarters)
[2026-07-02 17:47:38] [TASK_10] [INFO] Time-series split — train: 3 rows (1 quarters), test: 21 rows (7 quarters)
[2026-07-02 17:47:38] [TASK_10] [INFO] Time-series split — train: 3 rows (1 quarters), test: 21 rows (7 quarters)
[2026-07-02 17:47:38] [TASK_10] [INFO] Time-series split — train: 1 rows (1 quarters), test: 7 rows (7 quarters)
[2026-07-02 17:47:38] [TASK_10] [INFO] Time-series split — train: 1 rows (1 quarters), test: 7 rows (7 quarters)
[2026-07-02 17:47:38] [TASK_10] [INFO] Time-series split — train: 2 rows (2 quarters), test: 4 rows (4 quarters)
[2026-07-02 17:47:38] [TASK_10] [INFO] Time-series split — train: 36 rows (6 quarters), test: 24 rows (4 quarters)
[2026-07-02 17:47:38] [TASK_10] [INFO] Time-series split — train: 36 rows (6 quarters), test: 24 rows (4 quarters)
[2026-07-02 17:47:38] [TASK_10] [INFO] Time-series split — train: 12 rows (2 quarters), test: 48 rows (8 quarters)
[2026-07-02 17:47:38] [TASK_10] [INFO] Time-series split — train: 12 rows (2 quarters), test: 48 rows (8 quarters)
[2026-07-02 17:47:38] [TASK_10] [INFO] Time-series split — train: 12 rows (2 quarters), test: 48 rows (8 quarters)
[2026-07-02 17:47:38] [TASK_10] [INFO] Time-series split — train: 12 rows (2 quarters), test: 48 rows (8 quarters)
[2026-07-02 17:47:38] [TASK_10] [INFO] Time-series split — train: 3 rows (3 quarters), test: 6 rows (6 quarters)
[2026-07-02 17:47:38] [TASK_10] [INFO] Time-series split — train: 3 rows (1 quarters), test: 12 rows (4 quarters)
[2026-07-02 17:47:38] [TASK_10] [INFO] Time-series split — train: 3 rows (1 quarters), test: 12 rows (4 quarters)
[2026-07-02 17:47:38] [TASK_10] [INFO] Time-series split — train: 16 rows (8 quarters), test: 16 rows (8 quarters)
[2026-07-02 17:47:38] [TASK_10] [INFO] Time-series split — train: 16 rows (8 quarters), test: 16 rows (8 quarters)
[2026-07-02 17:47:38] [TASK_10] [INFO] Time-series split — train: 16 rows (8 quarters), test: 16 rows (8 quarters)
[2026-07-02 17:47:38] [TASK_10] [INFO] Time-series split — train: 16 rows (8 quarters), test: 16 rows (8 quarters)
[2026-07-02 17:47:38] [TASK_10] [INFO] Time-series split — train: 16 rows (8 quarters), test: 16 rows (8 quarters)
[2026-07-02 17:47:38] [TASK_10] [INFO] Time-series split — train: 16 rows (8 quarters), test: 16 rows (8 quarters)
[2026-07-02 17:47:38] [TASK_10] [INFO] Time-series split — train: 16 rows (8 quarters), test: 16 rows (8 quarters)
[2026-07-02 17:47:38] [TASK_10] [INFO] Time-series split — train: 12 rows (3 quarters), test: 20 rows (5 quarters)
[2026-07-02 17:47:39] [TASK_10] [INFO] Time-series split — train: 0 rows (0 quarters), test: 10 rows (5 quarters)
[2026-07-02 17:47:39] [TASK_10] [INFO] Time-series split — train: 0 rows (0 quarters), test: 4 rows (4 quarters)
[2026-07-02 17:47:39] [TASK_10] [INFO] Time-series split — train: 0 rows (0 quarters), test: 4 rows (4 quarters)
[2026-07-02 17:47:39] [TASK_10] [INFO] Time-series split — train: 42 rows (7 quarters), test: 42 rows (7 quarters)
[2026-07-02 17:47:39] [TASK_10] [INFO] Time-series split — train: 42 rows (7 quarters), test: 42 rows (7 quarters)
[2026-07-02 17:47:39] [TASK_10] [INFO] Time-series split — train: 42 rows (7 quarters), test: 42 rows (7 quarters)
[2026-07-02 17:47:39] [TASK_10] [INFO] Time-series split — train: 42 rows (7 quarters), test: 42 rows (7 quarters)
[2026-07-02 17:47:39] [TASK_10] [INFO] Time-series split — train: 42 rows (7 quarters), test: 42 rows (7 quarters)
[2026-07-02 17:47:39] [TASK_10] [INFO] Time-series split — train: 42 rows (7 quarters), test: 42 rows (7 quarters)
[2026-07-02 17:47:39] [TASK_10] [INFO] Time-series split — train: 42 rows (7 quarters), test: 42 rows (7 quarters)
[2026-07-02 17:47:39] [TASK_10] [INFO] Time-series split — train: 48 rows (8 quarters), test: 24 rows (4 quarters)
[2026-07-02 17:47:39] [TASK_10] [INFO] Time-series split — train: 48 rows (8 quarters), test: 24 rows (4 quarters)
[2026-07-02 17:47:39] [TASK_10] [INFO] Time-series split — train: 48 rows (8 quarters), test: 24 rows (4 quarters)
[2026-07-02 17:47:39] [TASK_10] [INFO] Time-series split — train: 48 rows (8 quarters), test: 24 rows (4 quarters)
[2026-07-02 17:47:39] [TASK_10] [INFO] Time-series split — train: 48 rows (8 quarters), test: 24 rows (4 quarters)
[2026-07-02 17:47:39] [TASK_10] [INFO] Time-series split — train: 48 rows (8 quarters), test: 24 rows (4 quarters)
[2026-07-02 17:47:39] [TASK_10] [INFO] Time-series split — train: 48 rows (8 quarters), test: 24 rows (4 quarters)
[2026-07-02 17:47:39] [TASK_10] [INFO] Time-series split — train: 48 rows (8 quarters), test: 48 rows (8 quarters)
[2026-07-02 17:47:39] [TASK_10] [INFO] Time-series split — train: 48 rows (8 quarters), test: 48 rows (8 quarters)
[2026-07-02 17:47:39] [TASK_10] [INFO] Time-series split — train: 48 rows (8 quarters), test: 48 rows (8 quarters)
[2026-07-02 17:47:39] [TASK_10] [INFO] Time-series split — train: 48 rows (8 quarters), test: 48 rows (8 quarters)
[2026-07-02 17:47:39] [TASK_10] [INFO] Time-series split — train: 48 rows (8 quarters), test: 48 rows (8 quarters)
[2026-07-02 17:47:39] [TASK_10] [INFO] Time-series split — train: 48 rows (8 quarters), test: 48 rows (8 quarters)
[2026-07-02 17:47:39] [TASK_10] [INFO] Time-series split — train: 48 rows (8 quarters), test: 48 rows (8 quarters)
[2026-07-02 17:47:39] [TASK_10] [INFO] Time-series split — train: 20 rows (4 quarters), test: 35 rows (7 quarters)
[2026-07-02 17:47:39] [TASK_10] [INFO] Time-series split — train: 20 rows (4 quarters), test: 35 rows (7 quarters)
[2026-07-02 17:47:39] [TASK_10] [INFO] Time-series split — train: 20 rows (4 quarters), test: 35 rows (7 quarters)
[2026-07-02 17:47:39] [TASK_10] [INFO] Time-series split — train: 20 rows (4 quarters), test: 35 rows (7 quarters)
[2026-07-02 17:47:39] [TASK_10] [INFO] Time-series split — train: 20 rows (4 quarters), test: 35 rows (7 quarters)
[2026-07-02 17:47:39] [TASK_10] [INFO] Time-series split — train: 20 rows (4 quarters), test: 35 rows (7 quarters)
[2026-07-02 17:47:39] [TASK_10] [INFO] Time-series split — train: 16 rows (8 quarters), test: 14 rows (7 quarters)
[2026-07-02 17:47:39] [TASK_10] [INFO] Time-series split — train: 48 rows (8 quarters), test: 24 rows (4 quarters)
[2026-07-02 17:47:39] [TASK_10] [INFO] Time-series split — train: 48 rows (8 quarters), test: 24 rows (4 quarters)
[2026-07-02 17:47:39] [TASK_10] [INFO] Time-series split — train: 48 rows (8 quarters), test: 24 rows (4 quarters)
[2026-07-02 17:47:39] [TASK_10] [INFO] Time-series split — train: 48 rows (8 quarters), test: 24 rows (4 quarters)
[2026-07-02 17:47:39] [TASK_10] [INFO] Time-series split — train: 48 rows (8 quarters), test: 24 rows (4 quarters)
[2026-07-02 17:47:39] [TASK_10] [INFO] Time-series split — train: 48 rows (8 quarters), test: 24 rows (4 quarters)
[2026-07-02 17:47:39] [TASK_10] [INFO] Time-series split — train: 48 rows (8 quarters), test: 24 rows (4 quarters)
[2026-07-02 17:47:39] [TASK_10] [INFO] Time-series split — train: 36 rows (6 quarters), test: 48 rows (8 quarters)
[2026-07-02 17:47:39] [TASK_10] [INFO] Time-series split — train: 36 rows (6 quarters), test: 48 rows (8 quarters)
[2026-07-02 17:47:39] [TASK_10] [INFO] Time-series split — train: 36 rows (6 quarters), test: 48 rows (8 quarters)
[2026-07-02 17:47:39] [TASK_10] [INFO] Time-series split — train: 36 rows (6 quarters), test: 48 rows (8 quarters)
[2026-07-02 17:47:39] [TASK_10] [INFO] Time-series split — train: 36 rows (6 quarters), test: 48 rows (8 quarters)
[2026-07-02 17:47:41] [TASK_10] [INFO] Time-series split — train: 12 rows (4 quarters), test: 12 rows (4 quarters)
[2026-07-02 17:47:41] [TASK_10] [INFO] Time-series split — train: 12 rows (4 quarters), test: 12 rows (4 quarters)
[2026-07-02 17:47:41] [TASK_10] [INFO] Time-series split — train: 12 rows (4 quarters), test: 12 rows (4 quarters)
[2026-07-02 17:47:41] [TASK_10] [INFO] Time-series split — train: 12 rows (4 quarters), test: 12 rows (4 quarters)
[2026-07-02 17:47:41] [TASK_10] [WARNING] Fewer than 4 test quarters with cutoff 2024Q4; falling back to last 20% of quarters (1 test quarters).
[2026-07-02 17:47:41] [TASK_10] [INFO] Time-series split — train: 21 rows (7 quarters), test: 3 rows (1 quarters)
[2026-07-02 17:47:41] [TASK_10] [INFO] Time-series split — train: 12 rows (4 quarters), test: 12 rows (4 quarters)
[2026-07-02 17:47:41] [TASK_10] [INFO] Confusion matrix for Dummy - Config_A:
[[10  0]
 [ 2  0]]
[2026-07-02 17:49:48] [TASK_10] [INFO] Merged dataset: 1348 rows, 343 columns
[2026-07-02 17:49:48] [TASK_10] [INFO] Time-series split — train: 948 rows (12 quarters), test: 400 rows (5 quarters)
[2026-07-02 17:49:50] [TASK_10] [INFO] Merged dataset: 1348 rows, 343 columns
[2026-07-02 17:49:50] [TASK_10] [INFO] Time-series split — train: 948 rows (12 quarters), test: 400 rows (5 quarters)
[2026-07-02 17:50:14] [TASK_10] [WARNING] Fewer than 4 test quarters with cutoff 2025Q1; falling back to last 20% of quarters (1 test quarters).
[2026-07-02 17:50:14] [TASK_10] [INFO] Time-series split — train: 30 rows (3 quarters), test: 10 rows (1 quarters)
[2026-07-02 17:50:15] [TASK_10] [WARNING] Fewer than 4 test quarters with cutoff 2025Q1; falling back to last 20% of quarters (1 test quarters).
[2026-07-02 17:50:15] [TASK_10] [INFO] Time-series split — train: 30 rows (3 quarters), test: 10 rows (1 quarters)
[2026-07-02 17:50:16] [TASK_10] [WARNING] Fewer than 4 test quarters with cutoff 2025Q1; falling back to last 20% of quarters (1 test quarters).
[2026-07-02 17:50:16] [TASK_10] [INFO] Time-series split — train: 30 rows (3 quarters), test: 10 rows (1 quarters)
[2026-07-02 17:50:17] [TASK_10] [WARNING] Fewer than 4 test quarters with cutoff 2025Q1; falling back to last 20% of quarters (1 test quarters).
[2026-07-02 17:50:17] [TASK_10] [INFO] Time-series split — train: 30 rows (3 quarters), test: 10 rows (1 quarters)
[2026-07-02 17:50:18] [TASK_10] [WARNING] Fewer than 4 test quarters with cutoff 2025Q1; falling back to last 20% of quarters (1 test quarters).
[2026-07-02 17:50:18] [TASK_10] [INFO] Time-series split — train: 30 rows (3 quarters), test: 10 rows (1 quarters)
[2026-07-02 17:50:18] [TASK_10] [WARNING] Fewer than 4 test quarters with cutoff 2025Q1; falling back to last 20% of quarters (1 test quarters).
[2026-07-02 17:50:18] [TASK_10] [INFO] Time-series split — train: 30 rows (3 quarters), test: 10 rows (1 quarters)
[2026-07-02 17:50:19] [TASK_10] [WARNING] Fewer than 4 test quarters with cutoff 2025Q1; falling back to last 20% of quarters (1 test quarters).
[2026-07-02 17:50:19] [TASK_10] [INFO] Time-series split — train: 30 rows (3 quarters), test: 10 rows (1 quarters)
[2026-07-02 17:50:20] [TASK_10] [WARNING] Fewer than 4 test quarters with cutoff 2025Q1; falling back to last 20% of quarters (1 test quarters).
[2026-07-02 17:50:20] [TASK_10] [INFO] Time-series split — train: 30 rows (3 quarters), test: 10 rows (1 quarters)
[2026-07-02 17:50:21] [TASK_10] [WARNING] Fewer than 4 test quarters with cutoff 2024Q1; falling back to last 20% of quarters (1 test quarters).
[2026-07-02 17:50:21] [TASK_10] [INFO] Time-series split — train: 30 rows (3 quarters), test: 10 rows (1 quarters)
[2026-07-02 17:50:25] [TASK_10] [INFO] ============================================================
[2026-07-02 17:50:25] [TASK_10] [INFO] START TASK_10: Model Training (3 configs × 4 algorithms)
[2026-07-02 17:50:25] [TASK_10] [INFO] Timestamp: 2026-07-02T17:50:25.759364
[2026-07-02 17:50:25] [TASK_10] [INFO] ============================================================
[2026-07-02 17:50:25] [TASK_10] [INFO] Input: data/features/technical_features.csv (1521 rows)
[2026-07-02 17:50:25] [TASK_10] [INFO] Input: data/features/keyword_features.csv (1450 rows)
[2026-07-02 17:50:25] [TASK_10] [INFO] Input: data/aggregated/master_with_labels.csv (1428 rows)
[2026-07-02 17:50:25] [TASK_10] [INFO] ------------------------------------------------------------
[2026-07-02 17:50:25] [TASK_10] [INFO] END TASK_10 — completed in 0.0 seconds
[2026-07-02 17:50:25] [TASK_10] [INFO] ============================================================
[2026-07-02 17:50:26] [TASK_10] [INFO] ============================================================
[2026-07-02 17:50:26] [TASK_10] [INFO] START TASK_10: Model Training (3 configs × 4 algorithms)
[2026-07-02 17:50:26] [TASK_10] [INFO] Timestamp: 2026-07-02T17:50:26.408243
[2026-07-02 17:50:26] [TASK_10] [INFO] ============================================================
[2026-07-02 17:50:26] [TASK_10] [INFO] Input: data/features/technical_features.csv (1521 rows)
[2026-07-02 17:50:26] [TASK_10] [INFO] Input: data/features/keyword_features.csv (1450 rows)
[2026-07-02 17:50:26] [TASK_10] [INFO] Input: data/aggregated/master_with_labels.csv (1428 rows)
[2026-07-02 17:50:26] [TASK_10] [INFO] ------------------------------------------------------------
[2026-07-02 17:50:26] [TASK_10] [INFO] END TASK_10 — completed in 0.0 seconds
[2026-07-02 17:50:26] [TASK_10] [INFO] ============================================================
[2026-07-02 17:50:26] [TASK_10] [INFO] Time-series split — train: 0 rows (0 quarters), test: 4 rows (4 quarters)
[2026-07-02 17:50:26] [TASK_10] [INFO] Time-series split — train: 0 rows (0 quarters), test: 4 rows (4 quarters)
[2026-07-02 17:50:26] [TASK_10] [INFO] Time-series split — train: 16 rows (8 quarters), test: 14 rows (7 quarters)
[2026-07-02 17:50:26] [TASK_10] [INFO] Time-series split — train: 0 rows (0 quarters), test: 4 rows (4 quarters)
[2026-07-02 17:50:26] [TASK_10] [INFO] Time-series split — train: 12 rows (2 quarters), test: 42 rows (7 quarters)
[2026-07-02 17:50:26] [TASK_10] [INFO] Time-series split — train: 0 rows (0 quarters), test: 4 rows (4 quarters)
[2026-07-02 17:50:26] [TASK_10] [INFO] Time-series split — train: 6 rows (3 quarters), test: 8 rows (4 quarters)
[2026-07-02 17:50:26] [TASK_10] [INFO] Time-series split — train: 0 rows (0 quarters), test: 4 rows (4 quarters)
[2026-07-02 17:50:26] [TASK_10] [INFO] Time-series split — train: 0 rows (0 quarters), test: 12 rows (6 quarters)
[2026-07-02 17:50:26] [TASK_10] [INFO] Time-series split — train: 0 rows (0 quarters), test: 4 rows (4 quarters)
[2026-07-02 17:50:26] [TASK_10] [INFO] Time-series split — train: 35 rows (7 quarters), test: 20 rows (4 quarters)
[2026-07-02 17:50:26] [TASK_10] [INFO] Time-series split — train: 35 rows (7 quarters), test: 20 rows (4 quarters)
[2026-07-02 17:50:26] [TASK_10] [INFO] Time-series split — train: 35 rows (7 quarters), test: 20 rows (4 quarters)
[2026-07-02 17:50:26] [TASK_10] [INFO] Time-series split — train: 35 rows (7 quarters), test: 20 rows (4 quarters)
[2026-07-02 17:50:26] [TASK_10] [INFO] Time-series split — train: 35 rows (7 quarters), test: 20 rows (4 quarters)
[2026-07-02 17:50:26] [TASK_10] [INFO] Time-series split — train: 35 rows (7 quarters), test: 20 rows (4 quarters)
[2026-07-02 17:50:26] [TASK_10] [INFO] Time-series split — train: 8 rows (4 quarters), test: 8 rows (4 quarters)
[2026-07-02 17:50:26] [TASK_10] [INFO] Time-series split — train: 6 rows (2 quarters), test: 15 rows (5 quarters)
[2026-07-02 17:50:26] [TASK_10] [INFO] Time-series split — train: 0 rows (0 quarters), test: 8 rows (4 quarters)
[2026-07-02 17:50:26] [TASK_10] [INFO] Time-series split — train: 0 rows (0 quarters), test: 8 rows (4 quarters)
[2026-07-02 17:50:26] [TASK_10] [INFO] Time-series split — train: 0 rows (0 quarters), test: 8 rows (4 quarters)
[2026-07-02 17:50:26] [TASK_10] [INFO] Time-series split — train: 0 rows (0 quarters), test: 4 rows (4 quarters)
[2026-07-02 17:50:26] [TASK_10] [INFO] Time-series split — train: 0 rows (0 quarters), test: 4 rows (4 quarters)
[2026-07-02 17:50:26] [TASK_10] [INFO] Time-series split — train: 0 rows (0 quarters), test: 4 rows (4 quarters)
[2026-07-02 17:50:26] [TASK_10] [INFO] Time-series split — train: 0 rows (0 quarters), test: 4 rows (4 quarters)
[2026-07-02 17:50:26] [TASK_10] [INFO] Time-series split — train: 0 rows (0 quarters), test: 20 rows (5 quarters)
[2026-07-02 17:50:26] [TASK_10] [INFO] Time-series split — train: 0 rows (0 quarters), test: 20 rows (5 quarters)
[2026-07-02 17:50:26] [TASK_10] [INFO] Time-series split — train: 0 rows (0 quarters), test: 4 rows (4 quarters)
[2026-07-02 17:50:26] [TASK_10] [INFO] Time-series split — train: 0 rows (0 quarters), test: 4 rows (4 quarters)
[2026-07-02 17:50:26] [TASK_10] [INFO] Time-series split — train: 0 rows (0 quarters), test: 4 rows (4 quarters)
[2026-07-02 17:50:26] [TASK_10] [INFO] Time-series split — train: 0 rows (0 quarters), test: 8 rows (4 quarters)
[2026-07-02 17:50:26] [TASK_10] [INFO] Time-series split — train: 0 rows (0 quarters), test: 4 rows (4 quarters)
[2026-07-02 17:50:26] [TASK_10] [INFO] Time-series split — train: 0 rows (0 quarters), test: 4 rows (4 quarters)
[2026-07-02 17:50:26] [TASK_10] [INFO] Time-series split — train: 48 rows (8 quarters), test: 36 rows (6 quarters)
[2026-07-02 17:50:26] [TASK_10] [INFO] Time-series split — train: 48 rows (8 quarters), test: 36 rows (6 quarters)
[2026-07-02 17:50:26] [TASK_10] [INFO] Time-series split — train: 48 rows (8 quarters), test: 36 rows (6 quarters)
[2026-07-02 17:50:26] [TASK_10] [INFO] Time-series split — train: 48 rows (8 quarters), test: 36 rows (6 quarters)
[2026-07-02 17:50:26] [TASK_10] [INFO] Time-series split — train: 48 rows (8 quarters), test: 36 rows (6 quarters)
[2026-07-02 17:50:26] [TASK_10] [INFO] Time-series split — train: 48 rows (8 quarters), test: 36 rows (6 quarters)
[2026-07-02 17:50:26] [TASK_10] [INFO] Time-series split — train: 48 rows (8 quarters), test: 36 rows (6 quarters)
[2026-07-02 17:50:26] [TASK_10] [INFO] Time-series split — train: 3 rows (1 quarters), test: 15 rows (5 quarters)
[2026-07-02 17:50:26] [TASK_10] [INFO] Time-series split — train: 1 rows (1 quarters), test: 5 rows (5 quarters)
[2026-07-02 17:50:26] [TASK_10] [INFO] Time-series split — train: 0 rows (0 quarters), test: 4 rows (4 quarters)
[2026-07-02 17:50:26] [TASK_10] [INFO] Time-series split — train: 0 rows (0 quarters), test: 4 rows (4 quarters)
[2026-07-02 17:50:26] [TASK_10] [INFO] Time-series split — train: 0 rows (0 quarters), test: 42 rows (7 quarters)
[2026-07-02 17:50:26] [TASK_10] [INFO] Time-series split — train: 0 rows (0 quarters), test: 42 rows (7 quarters)
[2026-07-02 17:50:26] [TASK_10] [INFO] Time-series split — train: 0 rows (0 quarters), test: 48 rows (8 quarters)
[2026-07-02 17:50:26] [TASK_10] [INFO] Time-series split — train: 0 rows (0 quarters), test: 48 rows (8 quarters)
[2026-07-02 17:50:26] [TASK_10] [INFO] Time-series split — train: 0 rows (0 quarters), test: 48 rows (8 quarters)
[2026-07-02 17:50:26] [TASK_10] [INFO] Time-series split — train: 0 rows (0 quarters), test: 48 rows (8 quarters)
[2026-07-02 17:50:26] [TASK_10] [INFO] Time-series split — train: 0 rows (0 quarters), test: 48 rows (8 quarters)
[2026-07-02 17:50:26] [TASK_10] [INFO] Time-series split — train: 4 rows (2 quarters), test: 8 rows (4 quarters)
[2026-07-02 17:50:26] [TASK_10] [INFO] Time-series split — train: 4 rows (2 quarters), test: 8 rows (4 quarters)
[2026-07-02 17:50:26] [TASK_10] [INFO] Time-series split — train: 4 rows (2 quarters), test: 8 rows (4 quarters)
[2026-07-02 17:50:26] [TASK_10] [INFO] Time-series split — train: 0 rows (0 quarters), test: 4 rows (4 quarters)
[2026-07-02 17:50:26] [TASK_10] [INFO] Time-series split — train: 8 rows (8 quarters), test: 8 rows (8 quarters)
[2026-07-02 17:50:26] [TASK_10] [INFO] Time-series split — train: 7 rows (7 quarters), test: 8 rows (8 quarters)
[2026-07-02 17:50:26] [TASK_10] [INFO] Time-series split — train: 7 rows (7 quarters), test: 8 rows (8 quarters)
[2026-07-02 17:50:26] [TASK_10] [INFO] Time-series split — train: 8 rows (4 quarters), test: 16 rows (8 quarters)
[2026-07-02 17:50:26] [TASK_10] [INFO] Time-series split — train: 14 rows (7 quarters), test: 8 rows (4 quarters)
[2026-07-02 17:50:26] [TASK_10] [INFO] Time-series split — train: 6 rows (3 quarters), test: 16 rows (8 quarters)
[2026-07-02 17:50:26] [TASK_10] [INFO] Time-series split — train: 48 rows (8 quarters), test: 36 rows (6 quarters)
[2026-07-02 17:50:26] [TASK_10] [INFO] Time-series split — train: 48 rows (8 quarters), test: 36 rows (6 quarters)
[2026-07-02 17:50:26] [TASK_10] [INFO] Time-series split — train: 48 rows (8 quarters), test: 36 rows (6 quarters)
[2026-07-02 17:50:26] [TASK_10] [INFO] Time-series split — train: 48 rows (8 quarters), test: 36 rows (6 quarters)
[2026-07-02 17:50:26] [TASK_10] [INFO] Time-series split — train: 48 rows (8 quarters), test: 36 rows (6 quarters)
[2026-07-02 17:50:26] [TASK_10] [INFO] Time-series split — train: 48 rows (8 quarters), test: 36 rows (6 quarters)
[2026-07-02 17:50:26] [TASK_10] [INFO] Time-series split — train: 0 rows (0 quarters), test: 24 rows (4 quarters)
[2026-07-02 17:50:26] [TASK_10] [INFO] Time-series split — train: 0 rows (0 quarters), test: 24 rows (4 quarters)
[2026-07-02 17:50:26] [TASK_10] [INFO] Time-series split — train: 0 rows (0 quarters), test: 24 rows (4 quarters)
[2026-07-02 17:50:26] [TASK_10] [INFO] Time-series split — train: 0 rows (0 quarters), test: 24 rows (4 quarters)
[2026-07-02 17:50:26] [TASK_10] [INFO] Time-series split — train: 0 rows (0 quarters), test: 24 rows (4 quarters)
[2026-07-02 17:50:26] [TASK_10] [INFO] Time-series split — train: 0 rows (0 quarters), test: 24 rows (4 quarters)
[2026-07-02 17:50:26] [TASK_10] [INFO] Time-series split — train: 0 rows (0 quarters), test: 24 rows (4 quarters)
[2026-07-02 17:50:26] [TASK_10] [INFO] Time-series split — train: 8 rows (4 quarters), test: 16 rows (8 quarters)
[2026-07-02 17:50:26] [TASK_10] [INFO] Time-series split — train: 14 rows (7 quarters), test: 8 rows (4 quarters)
[2026-07-02 17:50:26] [TASK_10] [INFO] Time-series split — train: 14 rows (7 quarters), test: 8 rows (4 quarters)
[2026-07-02 17:50:26] [TASK_10] [INFO] Time-series split — train: 14 rows (7 quarters), test: 8 rows (4 quarters)
[2026-07-02 17:50:26] [TASK_10] [INFO] Time-series split — train: 14 rows (7 quarters), test: 8 rows (4 quarters)
[2026-07-02 17:50:26] [TASK_10] [INFO] Time-series split — train: 14 rows (7 quarters), test: 8 rows (4 quarters)
[2026-07-02 17:50:26] [TASK_10] [INFO] Time-series split — train: 0 rows (0 quarters), test: 42 rows (7 quarters)
[2026-07-02 17:50:27] [TASK_10] [INFO] Time-series split — train: 0 rows (0 quarters), test: 42 rows (7 quarters)
[2026-07-02 17:50:27] [TASK_10] [INFO] Time-series split — train: 0 rows (0 quarters), test: 14 rows (7 quarters)
[2026-07-02 17:50:27] [TASK_10] [INFO] Time-series split — train: 0 rows (0 quarters), test: 14 rows (7 quarters)
[2026-07-02 17:50:27] [TASK_10] [INFO] Time-series split — train: 0 rows (0 quarters), test: 14 rows (7 quarters)
[2026-07-02 17:50:27] [TASK_10] [INFO] Time-series split — train: 2 rows (2 quarters), test: 4 rows (4 quarters)
[2026-07-02 17:50:27] [TASK_10] [INFO] Time-series split — train: 2 rows (2 quarters), test: 4 rows (4 quarters)
[2026-07-02 17:50:27] [TASK_10] [INFO] Time-series split — train: 48 rows (8 quarters), test: 48 rows (8 quarters)
[2026-07-02 17:50:27] [TASK_10] [INFO] Time-series split — train: 48 rows (8 quarters), test: 48 rows (8 quarters)
[2026-07-02 17:50:27] [TASK_10] [INFO] Time-series split — train: 48 rows (8 quarters), test: 48 rows (8 quarters)
[2026-07-02 17:50:27] [TASK_10] [INFO] Time-series split — train: 48 rows (8 quarters), test: 48 rows (8 quarters)
[2026-07-02 17:50:27] [TASK_10] [INFO] Time-series split — train: 48 rows (8 quarters), test: 48 rows (8 quarters)
[2026-07-02 17:50:27] [TASK_10] [INFO] Time-series split — train: 48 rows (8 quarters), test: 48 rows (8 quarters)
[2026-07-02 17:50:27] [TASK_10] [INFO] Time-series split — train: 48 rows (8 quarters), test: 48 rows (8 quarters)
[2026-07-02 17:50:27] [TASK_10] [INFO] Time-series split — train: 0 rows (0 quarters), test: 4 rows (4 quarters)
[2026-07-02 17:50:27] [TASK_10] [INFO] Time-series split — train: 0 rows (0 quarters), test: 4 rows (4 quarters)
[2026-07-02 17:50:27] [TASK_10] [INFO] Time-series split — train: 0 rows (0 quarters), test: 4 rows (4 quarters)
[2026-07-02 17:50:27] [TASK_10] [INFO] Time-series split — train: 0 rows (0 quarters), test: 4 rows (4 quarters)
[2026-07-02 17:50:27] [TASK_10] [INFO] Time-series split — train: 12 rows (3 quarters), test: 24 rows (6 quarters)
[2026-07-02 17:50:27] [TASK_10] [INFO] Time-series split — train: 8 rows (2 quarters), test: 32 rows (8 quarters)
[2026-07-02 17:50:29] [TASK_10] [INFO] Time-series split — train: 12 rows (4 quarters), test: 12 rows (4 quarters)
[2026-07-02 17:50:29] [TASK_10] [INFO] Time-series split — train: 12 rows (4 quarters), test: 12 rows (4 quarters)
[2026-07-02 17:50:29] [TASK_10] [INFO] Time-series split — train: 12 rows (4 quarters), test: 12 rows (4 quarters)
[2026-07-02 17:50:29] [TASK_10] [INFO] Time-series split — train: 12 rows (4 quarters), test: 12 rows (4 quarters)
[2026-07-02 17:50:29] [TASK_10] [WARNING] Fewer than 4 test quarters with cutoff 2024Q4; falling back to last 20% of quarters (1 test quarters).
[2026-07-02 17:50:29] [TASK_10] [INFO] Time-series split — train: 21 rows (7 quarters), test: 3 rows (1 quarters)
[2026-07-02 17:50:29] [TASK_10] [INFO] Time-series split — train: 12 rows (4 quarters), test: 12 rows (4 quarters)
[2026-07-02 17:50:29] [TASK_10] [INFO] Confusion matrix for Dummy - Config_A:
[[10  0]
 [ 2  0]]
[2026-07-02 21:45:47] [TASK_10] [INFO] Time-series split — train: 1 rows (1 quarters), test: 4 rows (4 quarters)
[2026-07-02 21:45:47] [TASK_10] [INFO] Time-series split — train: 1 rows (1 quarters), test: 4 rows (4 quarters)
[2026-07-02 21:45:51] [TASK_10] [INFO] Time-series split — train: 8 rows (3 quarters), test: 18 rows (9 quarters)
[2026-07-02 21:45:51] [TASK_10] [INFO] Time-series split — train: 1 rows (1 quarters), test: 4 rows (4 quarters)
[2026-07-02 21:45:51] [TASK_10] [INFO] Time-series split — train: 2 rows (1 quarters), test: 7 rows (4 quarters)
[2026-07-02 21:45:51] [TASK_10] [INFO] Time-series split — train: 1 rows (1 quarters), test: 4 rows (4 quarters)
[2026-07-02 21:45:51] [TASK_10] [INFO] Time-series split — train: 18 rows (7 quarters), test: 7 rows (4 quarters)
[2026-07-02 21:45:51] [TASK_10] [INFO] Time-series split — train: 1 rows (1 quarters), test: 4 rows (4 quarters)
[2026-07-02 21:45:51] [TASK_10] [INFO] Time-series split — train: 15 rows (7 quarters), test: 10 rows (7 quarters)
[2026-07-02 21:45:51] [TASK_10] [INFO] Time-series split — train: 1 rows (1 quarters), test: 4 rows (4 quarters)
[2026-07-02 21:45:51] [TASK_10] [INFO] Time-series split — train: 1 rows (1 quarters), test: 7 rows (4 quarters)
[2026-07-02 21:45:51] [TASK_10] [INFO] Time-series split — train: 1 rows (1 quarters), test: 7 rows (4 quarters)
[2026-07-02 21:45:51] [TASK_10] [INFO] Time-series split — train: 1 rows (1 quarters), test: 7 rows (4 quarters)
[2026-07-02 21:45:51] [TASK_10] [INFO] Time-series split — train: 1 rows (1 quarters), test: 7 rows (4 quarters)
[2026-07-02 21:45:51] [TASK_10] [INFO] Time-series split — train: 1 rows (1 quarters), test: 7 rows (4 quarters)
[2026-07-02 21:45:51] [TASK_10] [INFO] Time-series split — train: 1 rows (1 quarters), test: 7 rows (4 quarters)
[2026-07-02 21:45:51] [TASK_10] [INFO] Time-series split — train: 1 rows (1 quarters), test: 7 rows (4 quarters)
[2026-07-02 21:45:51] [TASK_10] [INFO] Time-series split — train: 3 rows (1 quarters), test: 31 rows (13 quarters)
[2026-07-02 21:45:51] [TASK_10] [INFO] Time-series split — train: 3 rows (1 quarters), test: 31 rows (13 quarters)
[2026-07-02 21:45:51] [TASK_10] [INFO] Time-series split — train: 3 rows (1 quarters), test: 31 rows (13 quarters)
[2026-07-02 21:45:51] [TASK_10] [INFO] Time-series split — train: 3 rows (1 quarters), test: 31 rows (13 quarters)
[2026-07-02 21:45:51] [TASK_10] [INFO] Time-series split — train: 3 rows (1 quarters), test: 31 rows (13 quarters)
[2026-07-02 21:45:51] [TASK_10] [INFO] Time-series split — train: 3 rows (1 quarters), test: 31 rows (13 quarters)
[2026-07-02 21:45:51] [TASK_10] [INFO] Time-series split — train: 3 rows (1 quarters), test: 31 rows (13 quarters)
[2026-07-02 21:45:51] [TASK_10] [INFO] Time-series split — train: 7 rows (5 quarters), test: 9 rows (5 quarters)
[2026-07-02 21:45:51] [TASK_10] [INFO] Time-series split — train: 7 rows (5 quarters), test: 9 rows (5 quarters)
[2026-07-02 21:45:51] [TASK_10] [INFO] Time-series split — train: 7 rows (5 quarters), test: 9 rows (5 quarters)
[2026-07-02 21:45:51] [TASK_10] [INFO] Time-series split — train: 7 rows (5 quarters), test: 9 rows (5 quarters)
[2026-07-02 21:45:51] [TASK_10] [INFO] Time-series split — train: 7 rows (5 quarters), test: 9 rows (5 quarters)
[2026-07-02 21:45:51] [TASK_10] [INFO] Time-series split — train: 7 rows (5 quarters), test: 9 rows (5 quarters)
[2026-07-02 21:45:51] [TASK_10] [INFO] Time-series split — train: 7 rows (5 quarters), test: 9 rows (5 quarters)
[2026-07-02 21:45:51] [TASK_10] [INFO] Time-series split — train: 6 rows (3 quarters), test: 9 rows (4 quarters)
[2026-07-02 21:45:51] [TASK_10] [INFO] Time-series split — train: 6 rows (3 quarters), test: 7 rows (4 quarters)
[2026-07-02 21:45:51] [TASK_10] [INFO] Time-series split — train: 3 rows (3 quarters), test: 7 rows (5 quarters)
[2026-07-02 21:45:51] [TASK_10] [INFO] Time-series split — train: 3 rows (3 quarters), test: 7 rows (5 quarters)
[2026-07-02 21:45:51] [TASK_10] [INFO] Time-series split — train: 3 rows (3 quarters), test: 7 rows (5 quarters)
[2026-07-02 21:45:51] [TASK_10] [INFO] Time-series split — train: 3 rows (3 quarters), test: 7 rows (5 quarters)
[2026-07-02 21:45:51] [TASK_10] [INFO] Time-series split — train: 3 rows (3 quarters), test: 7 rows (5 quarters)
[2026-07-02 21:45:51] [TASK_10] [INFO] Time-series split — train: 7 rows (4 quarters), test: 9 rows (4 quarters)
[2026-07-02 21:45:51] [TASK_10] [INFO] Time-series split — train: 7 rows (4 quarters), test: 9 rows (4 quarters)
[2026-07-02 21:45:51] [TASK_10] [INFO] Time-series split — train: 7 rows (4 quarters), test: 9 rows (4 quarters)
[2026-07-02 21:45:51] [TASK_10] [INFO] Time-series split — train: 7 rows (4 quarters), test: 9 rows (4 quarters)
[2026-07-02 21:45:51] [TASK_10] [INFO] Time-series split — train: 7 rows (4 quarters), test: 9 rows (4 quarters)
[2026-07-02 21:45:51] [TASK_10] [INFO] Time-series split — train: 1 rows (1 quarters), test: 8 rows (8 quarters)
[2026-07-02 21:45:51] [TASK_10] [INFO] Time-series split — train: 1 rows (1 quarters), test: 6 rows (6 quarters)
[2026-07-02 21:45:51] [TASK_10] [INFO] Time-series split — train: 8 rows (4 quarters), test: 11 rows (4 quarters)
[2026-07-02 21:45:51] [TASK_10] [INFO] Time-series split — train: 1 rows (1 quarters), test: 8 rows (4 quarters)
[2026-07-02 21:45:51] [TASK_10] [INFO] Time-series split — train: 1 rows (1 quarters), test: 5 rows (5 quarters)
[2026-07-02 21:45:51] [TASK_10] [INFO] Time-series split — train: 1 rows (1 quarters), test: 5 rows (5 quarters)
[2026-07-02 21:45:51] [TASK_10] [INFO] Time-series split — train: 1 rows (1 quarters), test: 5 rows (5 quarters)
[2026-07-02 21:45:51] [TASK_10] [INFO] Time-series split — train: 1 rows (1 quarters), test: 5 rows (5 quarters)
[2026-07-02 21:45:52] [TASK_10] [INFO] Time-series split — train: 6 rows (4 quarters), test: 9 rows (4 quarters)
[2026-07-02 21:45:52] [TASK_10] [INFO] Time-series split — train: 6 rows (4 quarters), test: 9 rows (4 quarters)
[2026-07-02 21:45:52] [TASK_10] [INFO] Time-series split — train: 6 rows (4 quarters), test: 9 rows (4 quarters)
[2026-07-02 21:45:52] [TASK_10] [INFO] Time-series split — train: 5 rows (4 quarters), test: 4 rows (4 quarters)
[2026-07-02 21:45:52] [TASK_10] [INFO] Time-series split — train: 5 rows (4 quarters), test: 4 rows (4 quarters)
[2026-07-02 21:45:52] [TASK_10] [INFO] Time-series split — train: 5 rows (4 quarters), test: 4 rows (4 quarters)
[2026-07-02 21:45:52] [TASK_10] [INFO] Time-series split — train: 5 rows (4 quarters), test: 4 rows (4 quarters)
[2026-07-02 21:45:52] [TASK_10] [INFO] Time-series split — train: 7 rows (3 quarters), test: 23 rows (11 quarters)
[2026-07-02 21:45:52] [TASK_10] [INFO] Time-series split — train: 7 rows (3 quarters), test: 23 rows (11 quarters)
[2026-07-02 21:45:52] [TASK_10] [INFO] Time-series split — train: 7 rows (3 quarters), test: 16 rows (11 quarters)
[2026-07-02 21:45:52] [TASK_10] [INFO] Time-series split — train: 7 rows (3 quarters), test: 16 rows (11 quarters)
[2026-07-02 21:45:52] [TASK_10] [INFO] Time-series split — train: 3 rows (1 quarters), test: 19 rows (13 quarters)
[2026-07-02 21:45:52] [TASK_10] [INFO] Time-series split — train: 3 rows (1 quarters), test: 19 rows (13 quarters)
[2026-07-02 21:45:52] [TASK_10] [INFO] Time-series split — train: 3 rows (1 quarters), test: 19 rows (13 quarters)
[2026-07-02 21:45:52] [TASK_10] [INFO] Time-series split — train: 3 rows (1 quarters), test: 6 rows (4 quarters)
[2026-07-02 21:45:52] [TASK_10] [INFO] Time-series split — train: 3 rows (1 quarters), test: 6 rows (4 quarters)
[2026-07-02 21:45:52] [TASK_10] [INFO] Time-series split — train: 1 rows (1 quarters), test: 4 rows (4 quarters)
[2026-07-02 21:45:52] [TASK_10] [INFO] Time-series split — train: 1 rows (1 quarters), test: 4 rows (4 quarters)
[2026-07-02 21:45:52] [TASK_10] [INFO] Time-series split — train: 1 rows (1 quarters), test: 4 rows (4 quarters)
[2026-07-02 21:45:52] [TASK_10] [INFO] Time-series split — train: 1 rows (1 quarters), test: 4 rows (4 quarters)
[2026-07-02 21:45:52] [TASK_10] [INFO] Time-series split — train: 6 rows (2 quarters), test: 21 rows (10 quarters)
[2026-07-02 21:45:52] [TASK_10] [INFO] Time-series split — train: 6 rows (2 quarters), test: 21 rows (10 quarters)
[2026-07-02 21:45:52] [TASK_10] [INFO] Time-series split — train: 6 rows (2 quarters), test: 21 rows (10 quarters)
[2026-07-02 21:45:52] [TASK_10] [INFO] Time-series split — train: 6 rows (2 quarters), test: 21 rows (10 quarters)
[2026-07-02 21:45:52] [TASK_10] [INFO] Time-series split — train: 6 rows (2 quarters), test: 15 rows (10 quarters)
[2026-07-02 21:45:52] [TASK_10] [INFO] Time-series split — train: 6 rows (2 quarters), test: 10 rows (10 quarters)
[2026-07-02 21:45:52] [TASK_10] [INFO] Time-series split — train: 6 rows (2 quarters), test: 10 rows (10 quarters)
[2026-07-02 21:45:52] [TASK_10] [INFO] Time-series split — train: 4 rows (3 quarters), test: 21 rows (11 quarters)
[2026-07-02 21:45:52] [TASK_10] [INFO] Time-series split — train: 4 rows (3 quarters), test: 21 rows (11 quarters)
[2026-07-02 21:45:52] [TASK_10] [INFO] Time-series split — train: 4 rows (3 quarters), test: 18 rows (11 quarters)
[2026-07-02 21:45:52] [TASK_10] [INFO] Time-series split — train: 4 rows (3 quarters), test: 18 rows (11 quarters)
[2026-07-02 21:45:52] [TASK_10] [INFO] Time-series split — train: 4 rows (3 quarters), test: 18 rows (11 quarters)
[2026-07-02 21:45:52] [TASK_10] [INFO] Time-series split — train: 4 rows (3 quarters), test: 18 rows (11 quarters)
[2026-07-02 21:45:52] [TASK_10] [INFO] Time-series split — train: 4 rows (3 quarters), test: 18 rows (11 quarters)
[2026-07-02 21:45:52] [TASK_10] [INFO] Time-series split — train: 3 rows (1 quarters), test: 8 rows (4 quarters)
[2026-07-02 21:45:52] [TASK_10] [INFO] Time-series split — train: 3 rows (1 quarters), test: 8 rows (4 quarters)
[2026-07-02 21:45:52] [TASK_10] [INFO] Time-series split — train: 1 rows (1 quarters), test: 4 rows (4 quarters)
[2026-07-02 21:45:52] [TASK_10] [INFO] Time-series split — train: 1 rows (1 quarters), test: 4 rows (4 quarters)
[2026-07-02 21:45:52] [TASK_10] [INFO] Time-series split — train: 1 rows (1 quarters), test: 4 rows (4 quarters)
[2026-07-02 21:45:52] [TASK_10] [INFO] Time-series split — train: 1 rows (1 quarters), test: 4 rows (4 quarters)
[2026-07-02 21:45:52] [TASK_10] [INFO] Time-series split — train: 20 rows (9 quarters), test: 6 rows (4 quarters)
[2026-07-02 21:45:52] [TASK_10] [INFO] Time-series split — train: 20 rows (9 quarters), test: 6 rows (4 quarters)
[2026-07-02 21:45:52] [TASK_10] [INFO] Time-series split — train: 20 rows (9 quarters), test: 6 rows (4 quarters)
[2026-07-02 21:45:52] [TASK_10] [INFO] Time-series split — train: 20 rows (9 quarters), test: 6 rows (4 quarters)
[2026-07-02 21:45:52] [TASK_10] [INFO] Time-series split — train: 20 rows (9 quarters), test: 6 rows (4 quarters)
[2026-07-02 21:45:52] [TASK_10] [INFO] Time-series split — train: 20 rows (9 quarters), test: 6 rows (4 quarters)
[2026-07-02 21:45:52] [TASK_10] [INFO] Time-series split — train: 20 rows (9 quarters), test: 6 rows (4 quarters)
[2026-07-02 21:45:52] [TASK_10] [INFO] Time-series split — train: 2 rows (1 quarters), test: 12 rows (4 quarters)
[2026-07-02 21:45:52] [TASK_10] [INFO] Time-series split — train: 2 rows (1 quarters), test: 12 rows (4 quarters)
[2026-07-02 21:45:52] [TASK_10] [INFO] Time-series split — train: 1 rows (1 quarters), test: 4 rows (4 quarters)
[2026-07-02 21:45:52] [TASK_10] [INFO] Time-series split — train: 1 rows (1 quarters), test: 4 rows (4 quarters)
[2026-07-02 21:45:52] [TASK_10] [INFO] Time-series split — train: 1 rows (1 quarters), test: 4 rows (4 quarters)
[2026-07-02 21:45:52] [TASK_10] [INFO] Time-series split — train: 1 rows (1 quarters), test: 4 rows (4 quarters)
[2026-07-02 21:45:52] [TASK_10] [INFO] Time-series split — train: 4 rows (3 quarters), test: 9 rows (4 quarters)
[2026-07-02 21:45:52] [TASK_10] [INFO] Time-series split — train: 4 rows (3 quarters), test: 9 rows (4 quarters)
[2026-07-02 21:45:52] [TASK_10] [INFO] Time-series split — train: 1 rows (1 quarters), test: 4 rows (4 quarters)
[2026-07-02 21:45:52] [TASK_10] [INFO] Time-series split — train: 1 rows (1 quarters), test: 4 rows (4 quarters)
[2026-07-02 21:45:52] [TASK_10] [INFO] Time-series split — train: 3 rows (1 quarters), test: 24 rows (13 quarters)
[2026-07-02 21:45:52] [TASK_10] [INFO] Time-series split — train: 3 rows (1 quarters), test: 24 rows (13 quarters)
[2026-07-02 21:45:52] [TASK_10] [INFO] Time-series split — train: 1 rows (1 quarters), test: 4 rows (4 quarters)
[2026-07-02 21:45:52] [TASK_10] [INFO] Time-series split — train: 1 rows (1 quarters), test: 4 rows (4 quarters)
[2026-07-02 21:45:52] [TASK_10] [INFO] Time-series split — train: 2 rows (1 quarters), test: 7 rows (4 quarters)
[2026-07-02 21:45:52] [TASK_10] [INFO] Time-series split — train: 2 rows (1 quarters), test: 7 rows (4 quarters)
[2026-07-02 21:45:52] [TASK_10] [INFO] Time-series split — train: 1 rows (1 quarters), test: 4 rows (4 quarters)
[2026-07-02 21:45:52] [TASK_10] [INFO] Time-series split — train: 1 rows (1 quarters), test: 4 rows (4 quarters)
[2026-07-02 21:45:52] [TASK_10] [INFO] Time-series split — train: 20 rows (9 quarters), test: 9 rows (5 quarters)
[2026-07-02 21:45:52] [TASK_10] [INFO] Time-series split — train: 20 rows (9 quarters), test: 9 rows (5 quarters)
[2026-07-02 21:45:52] [TASK_10] [INFO] Time-series split — train: 1 rows (1 quarters), test: 4 rows (4 quarters)
[2026-07-02 21:45:52] [TASK_10] [INFO] Time-series split — train: 1 rows (1 quarters), test: 4 rows (4 quarters)
[2026-07-02 21:45:53] [TASK_10] [INFO] Time-series split — train: 11 rows (5 quarters), test: 11 rows (4 quarters)
[2026-07-02 21:45:53] [TASK_10] [INFO] Time-series split — train: 11 rows (5 quarters), test: 11 rows (4 quarters)
[2026-07-02 21:45:53] [TASK_10] [INFO] Time-series split — train: 11 rows (5 quarters), test: 11 rows (4 quarters)
[2026-07-02 21:45:53] [TASK_10] [INFO] Time-series split — train: 11 rows (5 quarters), test: 11 rows (4 quarters)
[2026-07-02 21:45:53] [TASK_10] [INFO] Time-series split — train: 3 rows (3 quarters), test: 13 rows (7 quarters)
[2026-07-02 21:45:53] [TASK_10] [INFO] Time-series split — train: 3 rows (3 quarters), test: 13 rows (7 quarters)
[2026-07-02 21:45:53] [TASK_10] [INFO] Time-series split — train: 3 rows (3 quarters), test: 13 rows (7 quarters)
[2026-07-02 21:45:53] [TASK_10] [INFO] Time-series split — train: 3 rows (3 quarters), test: 13 rows (7 quarters)
[2026-07-02 21:45:53] [TASK_10] [INFO] Time-series split — train: 1 rows (1 quarters), test: 4 rows (4 quarters)
[2026-07-02 21:45:53] [TASK_10] [INFO] Time-series split — train: 1 rows (1 quarters), test: 4 rows (4 quarters)
[2026-07-02 21:45:53] [TASK_10] [INFO] Time-series split — train: 12 rows (7 quarters), test: 11 rows (4 quarters)
[2026-07-02 21:45:53] [TASK_10] [INFO] Time-series split — train: 12 rows (7 quarters), test: 11 rows (4 quarters)
[2026-07-02 21:45:53] [TASK_10] [INFO] Time-series split — train: 12 rows (7 quarters), test: 11 rows (4 quarters)
[2026-07-02 21:45:53] [TASK_10] [INFO] Time-series split — train: 12 rows (7 quarters), test: 11 rows (4 quarters)
[2026-07-02 21:45:53] [TASK_10] [INFO] Time-series split — train: 12 rows (7 quarters), test: 11 rows (4 quarters)
[2026-07-02 21:45:53] [TASK_10] [INFO] Time-series split — train: 12 rows (7 quarters), test: 11 rows (4 quarters)
[2026-07-02 21:45:53] [TASK_10] [INFO] Time-series split — train: 12 rows (7 quarters), test: 11 rows (4 quarters)
[2026-07-02 21:45:53] [TASK_10] [INFO] Time-series split — train: 12 rows (7 quarters), test: 11 rows (4 quarters)
[2026-07-02 21:45:53] [TASK_10] [INFO] Time-series split — train: 12 rows (7 quarters), test: 11 rows (4 quarters)
[2026-07-02 21:45:53] [TASK_10] [INFO] Time-series split — train: 12 rows (7 quarters), test: 11 rows (4 quarters)
[2026-07-02 21:45:53] [TASK_10] [INFO] Time-series split — train: 12 rows (7 quarters), test: 11 rows (4 quarters)
[2026-07-02 21:45:53] [TASK_10] [INFO] Time-series split — train: 12 rows (7 quarters), test: 11 rows (4 quarters)
[2026-07-02 21:45:53] [TASK_10] [INFO] Time-series split — train: 12 rows (7 quarters), test: 11 rows (4 quarters)
[2026-07-02 21:45:53] [TASK_10] [INFO] Time-series split — train: 12 rows (7 quarters), test: 11 rows (4 quarters)
[2026-07-02 21:45:53] [TASK_10] [INFO] Time-series split — train: 3 rows (1 quarters), test: 25 rows (13 quarters)
[2026-07-02 21:45:53] [TASK_10] [INFO] Time-series split — train: 3 rows (1 quarters), test: 25 rows (13 quarters)
[2026-07-02 21:45:53] [TASK_10] [INFO] Time-series split — train: 3 rows (1 quarters), test: 25 rows (13 quarters)
[2026-07-02 21:45:53] [TASK_10] [INFO] Time-series split — train: 3 rows (1 quarters), test: 25 rows (13 quarters)
[2026-07-02 21:45:53] [TASK_10] [INFO] Time-series split — train: 3 rows (1 quarters), test: 25 rows (13 quarters)
[2026-07-02 21:45:53] [TASK_10] [INFO] Time-series split — train: 3 rows (1 quarters), test: 25 rows (13 quarters)
[2026-07-02 21:45:53] [TASK_10] [INFO] Time-series split — train: 3 rows (1 quarters), test: 25 rows (13 quarters)
[2026-07-02 21:45:53] [TASK_10] [INFO] Time-series split — train: 3 rows (1 quarters), test: 25 rows (13 quarters)
[2026-07-02 21:45:53] [TASK_10] [INFO] Time-series split — train: 3 rows (1 quarters), test: 25 rows (13 quarters)
[2026-07-02 21:45:53] [TASK_10] [INFO] Time-series split — train: 3 rows (1 quarters), test: 25 rows (13 quarters)
[2026-07-02 21:45:53] [TASK_10] [INFO] Time-series split — train: 3 rows (1 quarters), test: 25 rows (13 quarters)
[2026-07-02 21:45:53] [TASK_10] [INFO] Time-series split — train: 3 rows (1 quarters), test: 25 rows (13 quarters)
[2026-07-02 21:45:53] [TASK_10] [INFO] Time-series split — train: 3 rows (1 quarters), test: 25 rows (13 quarters)
[2026-07-02 21:45:53] [TASK_10] [INFO] Time-series split — train: 3 rows (1 quarters), test: 25 rows (13 quarters)
[2026-07-02 21:45:53] [TASK_10] [INFO] Time-series split — train: 6 rows (4 quarters), test: 9 rows (5 quarters)
[2026-07-02 21:45:53] [TASK_10] [INFO] Time-series split — train: 6 rows (4 quarters), test: 9 rows (5 quarters)
[2026-07-02 21:45:53] [TASK_10] [INFO] Time-series split — train: 6 rows (4 quarters), test: 9 rows (5 quarters)
[2026-07-02 21:45:53] [TASK_10] [INFO] Time-series split — train: 6 rows (4 quarters), test: 9 rows (5 quarters)
[2026-07-02 21:45:53] [TASK_10] [INFO] Time-series split — train: 6 rows (4 quarters), test: 9 rows (5 quarters)
[2026-07-02 21:45:53] [TASK_10] [INFO] Time-series split — train: 6 rows (4 quarters), test: 9 rows (5 quarters)
[2026-07-02 21:45:53] [TASK_10] [INFO] Time-series split — train: 1 rows (1 quarters), test: 7 rows (5 quarters)
[2026-07-02 21:45:53] [TASK_10] [INFO] Time-series split — train: 1 rows (1 quarters), test: 7 rows (5 quarters)
[2026-07-02 21:45:53] [TASK_10] [INFO] Time-series split — train: 1 rows (1 quarters), test: 7 rows (5 quarters)
[2026-07-02 21:45:53] [TASK_10] [INFO] Time-series split — train: 1 rows (1 quarters), test: 7 rows (5 quarters)
[2026-07-02 21:45:53] [TASK_10] [INFO] Time-series split — train: 1 rows (1 quarters), test: 7 rows (5 quarters)
[2026-07-02 21:45:53] [TASK_10] [INFO] Time-series split — train: 1 rows (1 quarters), test: 7 rows (5 quarters)
[2026-07-02 21:45:53] [TASK_10] [INFO] Time-series split — train: 1 rows (1 quarters), test: 7 rows (5 quarters)
[2026-07-02 21:45:53] [TASK_10] [INFO] Time-series split — train: 1 rows (1 quarters), test: 7 rows (5 quarters)
[2026-07-02 21:45:53] [TASK_10] [INFO] Time-series split — train: 2 rows (1 quarters), test: 13 rows (6 quarters)
[2026-07-02 21:45:53] [TASK_10] [INFO] Time-series split — train: 2 rows (1 quarters), test: 13 rows (6 quarters)
[2026-07-02 21:45:53] [TASK_10] [INFO] Time-series split — train: 2 rows (1 quarters), test: 13 rows (6 quarters)
[2026-07-02 21:45:53] [TASK_10] [INFO] Time-series split — train: 2 rows (1 quarters), test: 13 rows (6 quarters)
[2026-07-02 21:45:53] [TASK_10] [INFO] Time-series split — train: 2 rows (1 quarters), test: 13 rows (6 quarters)
[2026-07-02 21:45:53] [TASK_10] [INFO] Time-series split — train: 2 rows (1 quarters), test: 13 rows (6 quarters)
[2026-07-02 21:45:53] [TASK_10] [INFO] Time-series split — train: 2 rows (1 quarters), test: 13 rows (6 quarters)
[2026-07-02 21:45:53] [TASK_10] [INFO] Time-series split — train: 2 rows (1 quarters), test: 13 rows (6 quarters)
[2026-07-02 21:45:53] [TASK_10] [INFO] Time-series split — train: 2 rows (1 quarters), test: 13 rows (6 quarters)
[2026-07-02 21:45:53] [TASK_10] [INFO] Time-series split — train: 2 rows (1 quarters), test: 13 rows (6 quarters)
[2026-07-02 21:45:53] [TASK_10] [INFO] Time-series split — train: 2 rows (1 quarters), test: 13 rows (6 quarters)
[2026-07-02 21:45:53] [TASK_10] [INFO] Time-series split — train: 2 rows (1 quarters), test: 13 rows (6 quarters)
[2026-07-02 21:45:53] [TASK_10] [INFO] Time-series split — train: 2 rows (1 quarters), test: 13 rows (6 quarters)
[2026-07-02 21:45:53] [TASK_10] [INFO] Time-series split — train: 2 rows (1 quarters), test: 13 rows (6 quarters)
[2026-07-02 21:45:53] [TASK_10] [INFO] Time-series split — train: 4 rows (2 quarters), test: 13 rows (5 quarters)
[2026-07-02 21:45:53] [TASK_10] [INFO] Time-series split — train: 4 rows (2 quarters), test: 13 rows (5 quarters)
[2026-07-02 21:45:53] [TASK_10] [INFO] Time-series split — train: 2 rows (2 quarters), test: 8 rows (6 quarters)
[2026-07-02 21:45:53] [TASK_10] [INFO] Time-series split — train: 2 rows (2 quarters), test: 8 rows (6 quarters)
[2026-07-02 21:45:53] [TASK_10] [INFO] Time-series split — train: 2 rows (2 quarters), test: 8 rows (6 quarters)
[2026-07-02 21:45:53] [TASK_10] [INFO] Time-series split — train: 2 rows (2 quarters), test: 8 rows (6 quarters)
[2026-07-02 21:45:53] [TASK_10] [INFO] Time-series split — train: 2 rows (2 quarters), test: 8 rows (6 quarters)
[2026-07-02 21:45:53] [TASK_10] [INFO] Time-series split — train: 2 rows (2 quarters), test: 8 rows (6 quarters)
[2026-07-02 21:45:53] [TASK_10] [INFO] Time-series split — train: 2 rows (2 quarters), test: 8 rows (6 quarters)
[2026-07-02 21:45:53] [TASK_10] [INFO] Time-series split — train: 2 rows (2 quarters), test: 8 rows (6 quarters)
[2026-07-02 21:45:53] [TASK_10] [INFO] Time-series split — train: 2 rows (2 quarters), test: 8 rows (6 quarters)
[2026-07-02 21:45:53] [TASK_10] [INFO] Time-series split — train: 2 rows (2 quarters), test: 8 rows (6 quarters)
[2026-07-02 21:45:53] [TASK_10] [INFO] Time-series split — train: 2 rows (2 quarters), test: 8 rows (6 quarters)
[2026-07-02 21:45:53] [TASK_10] [INFO] Time-series split — train: 2 rows (2 quarters), test: 8 rows (6 quarters)
[2026-07-02 21:45:53] [TASK_10] [INFO] Time-series split — train: 8 rows (5 quarters), test: 20 rows (9 quarters)
[2026-07-02 21:45:53] [TASK_10] [INFO] Time-series split — train: 8 rows (5 quarters), test: 20 rows (9 quarters)
[2026-07-02 21:45:53] [TASK_10] [INFO] Time-series split — train: 8 rows (5 quarters), test: 20 rows (9 quarters)
[2026-07-02 21:45:53] [TASK_10] [INFO] Time-series split — train: 8 rows (5 quarters), test: 20 rows (9 quarters)
[2026-07-02 21:45:53] [TASK_10] [INFO] Time-series split — train: 8 rows (5 quarters), test: 20 rows (9 quarters)
[2026-07-02 21:45:53] [TASK_10] [INFO] Time-series split — train: 8 rows (5 quarters), test: 20 rows (9 quarters)
[2026-07-02 21:45:53] [TASK_10] [INFO] Time-series split — train: 8 rows (5 quarters), test: 20 rows (9 quarters)
[2026-07-02 21:45:53] [TASK_10] [INFO] Time-series split — train: 8 rows (5 quarters), test: 20 rows (9 quarters)
[2026-07-02 21:45:53] [TASK_10] [INFO] Time-series split — train: 8 rows (5 quarters), test: 20 rows (9 quarters)
[2026-07-02 21:45:53] [TASK_10] [INFO] Time-series split — train: 8 rows (5 quarters), test: 20 rows (9 quarters)
[2026-07-02 21:45:53] [TASK_10] [INFO] Time-series split — train: 8 rows (5 quarters), test: 20 rows (9 quarters)
[2026-07-02 21:45:53] [TASK_10] [INFO] Time-series split — train: 8 rows (5 quarters), test: 20 rows (9 quarters)
[2026-07-02 21:45:54] [TASK_10] [INFO] Time-series split — train: 8 rows (5 quarters), test: 20 rows (9 quarters)
[2026-07-02 21:45:54] [TASK_10] [INFO] Time-series split — train: 8 rows (5 quarters), test: 20 rows (9 quarters)
[2026-07-02 21:45:54] [TASK_10] [INFO] Time-series split — train: 20 rows (9 quarters), test: 10 rows (5 quarters)
[2026-07-02 21:45:54] [TASK_10] [INFO] Time-series split — train: 20 rows (9 quarters), test: 10 rows (5 quarters)
[2026-07-02 21:45:54] [TASK_10] [INFO] Time-series split — train: 20 rows (9 quarters), test: 10 rows (5 quarters)
[2026-07-02 21:45:54] [TASK_10] [INFO] Time-series split — train: 20 rows (9 quarters), test: 10 rows (5 quarters)
[2026-07-02 21:45:54] [TASK_10] [INFO] Time-series split — train: 20 rows (9 quarters), test: 10 rows (5 quarters)
[2026-07-02 21:45:54] [TASK_10] [INFO] Time-series split — train: 20 rows (9 quarters), test: 10 rows (5 quarters)
[2026-07-02 21:45:54] [TASK_10] [INFO] Time-series split — train: 20 rows (9 quarters), test: 10 rows (5 quarters)
[2026-07-02 21:45:54] [TASK_10] [INFO] Time-series split — train: 20 rows (9 quarters), test: 10 rows (5 quarters)
[2026-07-02 21:45:54] [TASK_10] [INFO] Time-series split — train: 1 rows (1 quarters), test: 17 rows (9 quarters)
[2026-07-02 21:45:54] [TASK_10] [INFO] Time-series split — train: 1 rows (1 quarters), test: 17 rows (9 quarters)
[2026-07-02 21:45:54] [TASK_10] [INFO] Time-series split — train: 1 rows (1 quarters), test: 17 rows (9 quarters)
[2026-07-02 21:45:54] [TASK_10] [INFO] Time-series split — train: 1 rows (1 quarters), test: 17 rows (9 quarters)
[2026-07-02 21:45:54] [TASK_10] [INFO] Time-series split — train: 1 rows (1 quarters), test: 17 rows (9 quarters)
[2026-07-02 21:45:54] [TASK_10] [INFO] Time-series split — train: 1 rows (1 quarters), test: 17 rows (9 quarters)
[2026-07-02 21:45:54] [TASK_10] [INFO] Time-series split — train: 6 rows (2 quarters), test: 19 rows (10 quarters)
[2026-07-02 21:45:54] [TASK_10] [INFO] Time-series split — train: 6 rows (2 quarters), test: 19 rows (10 quarters)
[2026-07-02 21:45:54] [TASK_10] [INFO] Time-series split — train: 6 rows (2 quarters), test: 19 rows (10 quarters)
[2026-07-02 21:45:54] [TASK_10] [INFO] Time-series split — train: 6 rows (2 quarters), test: 19 rows (10 quarters)
[2026-07-02 21:45:54] [TASK_10] [INFO] Time-series split — train: 6 rows (2 quarters), test: 19 rows (10 quarters)
[2026-07-02 21:45:54] [TASK_10] [INFO] Time-series split — train: 6 rows (2 quarters), test: 19 rows (10 quarters)
[2026-07-02 21:45:54] [TASK_10] [INFO] Time-series split — train: 6 rows (2 quarters), test: 19 rows (10 quarters)
[2026-07-02 21:45:54] [TASK_10] [INFO] Time-series split — train: 6 rows (2 quarters), test: 19 rows (10 quarters)
[2026-07-02 21:45:54] [TASK_10] [INFO] Time-series split — train: 3 rows (3 quarters), test: 16 rows (10 quarters)
[2026-07-02 21:45:54] [TASK_10] [INFO] Time-series split — train: 3 rows (3 quarters), test: 16 rows (10 quarters)
[2026-07-02 21:45:54] [TASK_10] [INFO] Time-series split — train: 3 rows (3 quarters), test: 16 rows (10 quarters)
[2026-07-02 21:45:54] [TASK_10] [INFO] Time-series split — train: 3 rows (3 quarters), test: 16 rows (10 quarters)
[2026-07-02 21:45:54] [TASK_10] [INFO] Time-series split — train: 3 rows (3 quarters), test: 16 rows (10 quarters)
[2026-07-02 21:45:54] [TASK_10] [INFO] Time-series split — train: 3 rows (3 quarters), test: 16 rows (10 quarters)
[2026-07-02 21:45:54] [TASK_10] [INFO] Time-series split — train: 7 rows (5 quarters), test: 13 rows (6 quarters)
[2026-07-02 21:45:54] [TASK_10] [INFO] Time-series split — train: 7 rows (5 quarters), test: 13 rows (6 quarters)
[2026-07-02 21:45:54] [TASK_10] [INFO] Time-series split — train: 7 rows (5 quarters), test: 13 rows (6 quarters)
[2026-07-02 21:45:54] [TASK_10] [INFO] Time-series split — train: 7 rows (5 quarters), test: 13 rows (6 quarters)
[2026-07-02 21:45:54] [TASK_10] [INFO] Time-series split — train: 7 rows (5 quarters), test: 13 rows (6 quarters)
[2026-07-02 21:45:54] [TASK_10] [INFO] Time-series split — train: 7 rows (5 quarters), test: 13 rows (6 quarters)
[2026-07-02 21:45:54] [TASK_10] [INFO] Time-series split — train: 7 rows (5 quarters), test: 13 rows (6 quarters)
[2026-07-02 21:45:54] [TASK_10] [INFO] Time-series split — train: 7 rows (5 quarters), test: 13 rows (6 quarters)
[2026-07-02 21:45:54] [TASK_10] [INFO] Time-series split — train: 7 rows (5 quarters), test: 13 rows (6 quarters)
[2026-07-02 21:45:54] [TASK_10] [INFO] Time-series split — train: 7 rows (5 quarters), test: 13 rows (6 quarters)
[2026-07-02 21:45:54] [TASK_10] [INFO] Time-series split — train: 7 rows (5 quarters), test: 13 rows (6 quarters)
[2026-07-02 21:45:54] [TASK_10] [INFO] Time-series split — train: 7 rows (5 quarters), test: 13 rows (6 quarters)
[2026-07-02 21:45:54] [TASK_10] [INFO] Time-series split — train: 7 rows (5 quarters), test: 13 rows (6 quarters)
[2026-07-02 21:45:54] [TASK_10] [INFO] Time-series split — train: 7 rows (5 quarters), test: 13 rows (6 quarters)
[2026-07-02 21:45:54] [TASK_10] [INFO] Time-series split — train: 6 rows (3 quarters), test: 21 rows (11 quarters)
[2026-07-02 21:45:54] [TASK_10] [INFO] Time-series split — train: 6 rows (3 quarters), test: 21 rows (11 quarters)
[2026-07-02 21:45:54] [TASK_10] [INFO] Time-series split — train: 6 rows (3 quarters), test: 21 rows (11 quarters)
[2026-07-02 21:45:54] [TASK_10] [INFO] Time-series split — train: 6 rows (3 quarters), test: 21 rows (11 quarters)
[2026-07-02 21:45:54] [TASK_10] [INFO] Time-series split — train: 6 rows (3 quarters), test: 21 rows (11 quarters)
[2026-07-02 21:45:54] [TASK_10] [INFO] Time-series split — train: 6 rows (3 quarters), test: 21 rows (11 quarters)
[2026-07-02 21:45:54] [TASK_10] [INFO] Time-series split — train: 6 rows (3 quarters), test: 21 rows (11 quarters)
[2026-07-02 21:45:54] [TASK_10] [INFO] Time-series split — train: 6 rows (3 quarters), test: 21 rows (11 quarters)
[2026-07-02 21:45:54] [TASK_10] [INFO] Time-series split — train: 6 rows (3 quarters), test: 21 rows (11 quarters)
[2026-07-02 21:45:54] [TASK_10] [INFO] Time-series split — train: 6 rows (3 quarters), test: 21 rows (11 quarters)
[2026-07-02 21:45:54] [TASK_10] [INFO] Time-series split — train: 6 rows (3 quarters), test: 21 rows (11 quarters)
[2026-07-02 21:45:54] [TASK_10] [INFO] Time-series split — train: 6 rows (3 quarters), test: 21 rows (11 quarters)
[2026-07-02 21:45:54] [TASK_10] [INFO] Time-series split — train: 6 rows (3 quarters), test: 21 rows (11 quarters)
[2026-07-02 21:45:54] [TASK_10] [INFO] Time-series split — train: 6 rows (3 quarters), test: 21 rows (11 quarters)
[2026-07-02 21:45:54] [TASK_10] [INFO] Time-series split — train: 3 rows (1 quarters), test: 11 rows (6 quarters)
[2026-07-02 21:45:54] [TASK_10] [INFO] Time-series split — train: 3 rows (1 quarters), test: 11 rows (6 quarters)
[2026-07-02 21:45:54] [TASK_10] [INFO] Time-series split — train: 3 rows (3 quarters), test: 7 rows (5 quarters)
[2026-07-02 21:45:54] [TASK_10] [INFO] Time-series split — train: 3 rows (3 quarters), test: 7 rows (5 quarters)
[2026-07-02 21:45:54] [TASK_10] [INFO] Time-series split — train: 3 rows (3 quarters), test: 7 rows (5 quarters)
[2026-07-02 21:45:54] [TASK_10] [INFO] Time-series split — train: 3 rows (3 quarters), test: 7 rows (5 quarters)
[2026-07-02 21:45:54] [TASK_10] [INFO] Time-series split — train: 3 rows (3 quarters), test: 7 rows (5 quarters)
[2026-07-02 21:45:54] [TASK_10] [INFO] Time-series split — train: 3 rows (3 quarters), test: 7 rows (5 quarters)
[2026-07-02 21:45:54] [TASK_10] [INFO] Time-series split — train: 3 rows (3 quarters), test: 7 rows (5 quarters)
[2026-07-02 21:45:54] [TASK_10] [INFO] Time-series split — train: 3 rows (3 quarters), test: 7 rows (5 quarters)
[2026-07-02 21:45:54] [TASK_10] [INFO] Time-series split — train: 3 rows (3 quarters), test: 7 rows (5 quarters)
[2026-07-02 21:45:54] [TASK_10] [INFO] Time-series split — train: 3 rows (3 quarters), test: 7 rows (5 quarters)
[2026-07-02 21:45:55] [TASK_10] [INFO] Time-series split — train: 3 rows (3 quarters), test: 7 rows (5 quarters)
[2026-07-02 21:45:55] [TASK_10] [INFO] Time-series split — train: 3 rows (3 quarters), test: 7 rows (5 quarters)
[2026-07-02 21:45:55] [TASK_10] [INFO] Time-series split — train: 6 rows (4 quarters), test: 12 rows (6 quarters)
[2026-07-02 21:45:55] [TASK_10] [INFO] Time-series split — train: 6 rows (4 quarters), test: 12 rows (6 quarters)
[2026-07-02 21:45:55] [TASK_10] [INFO] Time-series split — train: 6 rows (4 quarters), test: 12 rows (6 quarters)
[2026-07-02 21:45:55] [TASK_10] [INFO] Time-series split — train: 6 rows (4 quarters), test: 12 rows (6 quarters)
[2026-07-02 21:45:55] [TASK_10] [INFO] Time-series split — train: 6 rows (4 quarters), test: 12 rows (6 quarters)
[2026-07-02 21:45:55] [TASK_10] [INFO] Time-series split — train: 6 rows (4 quarters), test: 12 rows (6 quarters)
[2026-07-02 21:45:55] [TASK_10] [INFO] Time-series split — train: 6 rows (4 quarters), test: 12 rows (6 quarters)
[2026-07-02 21:45:55] [TASK_10] [INFO] Time-series split — train: 6 rows (4 quarters), test: 12 rows (6 quarters)
[2026-07-02 21:45:55] [TASK_10] [INFO] Time-series split — train: 6 rows (4 quarters), test: 12 rows (6 quarters)
[2026-07-02 21:45:55] [TASK_10] [INFO] Time-series split — train: 6 rows (4 quarters), test: 12 rows (6 quarters)
[2026-07-02 21:45:55] [TASK_10] [INFO] Time-series split — train: 6 rows (4 quarters), test: 12 rows (6 quarters)
[2026-07-02 21:45:55] [TASK_10] [INFO] Time-series split — train: 6 rows (4 quarters), test: 12 rows (6 quarters)
[2026-07-02 21:45:55] [TASK_10] [INFO] Time-series split — train: 4 rows (4 quarters), test: 6 rows (6 quarters)
[2026-07-02 21:45:55] [TASK_10] [INFO] Time-series split — train: 4 rows (4 quarters), test: 6 rows (6 quarters)
[2026-07-02 21:45:55] [TASK_10] [INFO] Time-series split — train: 7 rows (3 quarters), test: 12 rows (6 quarters)
[2026-07-02 21:45:55] [TASK_10] [INFO] Time-series split — train: 7 rows (3 quarters), test: 12 rows (6 quarters)
[2026-07-02 21:48:27] [TASK_10] [INFO] Time-series split — train: 1 rows (1 quarters), test: 4 rows (4 quarters)
[2026-07-02 21:48:27] [TASK_10] [INFO] Time-series split — train: 1 rows (1 quarters), test: 4 rows (4 quarters)
[2026-07-02 21:48:30] [TASK_10] [INFO] Time-series split — train: 7 rows (3 quarters), test: 7 rows (4 quarters)
[2026-07-02 21:48:30] [TASK_10] [INFO] Time-series split — train: 1 rows (1 quarters), test: 4 rows (4 quarters)
[2026-07-02 21:48:30] [TASK_10] [INFO] Time-series split — train: 7 rows (5 quarters), test: 20 rows (8 quarters)
[2026-07-02 21:48:30] [TASK_10] [INFO] Time-series split — train: 1 rows (1 quarters), test: 4 rows (4 quarters)
[2026-07-02 21:48:30] [TASK_10] [INFO] Time-series split — train: 9 rows (4 quarters), test: 9 rows (4 quarters)
[2026-07-02 21:48:30] [TASK_10] [INFO] Time-series split — train: 1 rows (1 quarters), test: 4 rows (4 quarters)
[2026-07-02 21:48:30] [TASK_10] [INFO] Time-series split — train: 16 rows (7 quarters), test: 13 rows (7 quarters)
[2026-07-02 21:48:30] [TASK_10] [INFO] Time-series split — train: 1 rows (1 quarters), test: 4 rows (4 quarters)
[2026-07-02 21:48:30] [TASK_10] [INFO] Time-series split — train: 18 rows (8 quarters), test: 10 rows (4 quarters)
[2026-07-02 21:48:30] [TASK_10] [INFO] Time-series split — train: 18 rows (8 quarters), test: 10 rows (4 quarters)
[2026-07-02 21:48:30] [TASK_10] [INFO] Time-series split — train: 18 rows (8 quarters), test: 10 rows (4 quarters)
[2026-07-02 21:48:30] [TASK_10] [INFO] Time-series split — train: 18 rows (8 quarters), test: 10 rows (4 quarters)
[2026-07-02 21:48:30] [TASK_10] [INFO] Time-series split — train: 18 rows (8 quarters), test: 10 rows (4 quarters)
[2026-07-02 21:48:30] [TASK_10] [INFO] Time-series split — train: 18 rows (8 quarters), test: 10 rows (4 quarters)
[2026-07-02 21:48:30] [TASK_10] [INFO] Time-series split — train: 18 rows (8 quarters), test: 10 rows (4 quarters)
[2026-07-02 21:48:30] [TASK_10] [INFO] Time-series split — train: 6 rows (2 quarters), test: 10 rows (5 quarters)
[2026-07-02 21:48:30] [TASK_10] [INFO] Time-series split — train: 6 rows (2 quarters), test: 10 rows (5 quarters)
[2026-07-02 21:48:30] [TASK_10] [INFO] Time-series split — train: 6 rows (2 quarters), test: 10 rows (5 quarters)
[2026-07-02 21:48:30] [TASK_10] [INFO] Time-series split — train: 6 rows (2 quarters), test: 10 rows (5 quarters)
[2026-07-02 21:48:30] [TASK_10] [INFO] Time-series split — train: 6 rows (2 quarters), test: 10 rows (5 quarters)
[2026-07-02 21:48:30] [TASK_10] [INFO] Time-series split — train: 6 rows (2 quarters), test: 10 rows (5 quarters)
[2026-07-02 21:48:30] [TASK_10] [INFO] Time-series split — train: 6 rows (2 quarters), test: 10 rows (5 quarters)
[2026-07-02 21:48:30] [TASK_10] [INFO] Time-series split — train: 3 rows (2 quarters), test: 27 rows (11 quarters)
[2026-07-02 21:48:30] [TASK_10] [INFO] Time-series split — train: 3 rows (2 quarters), test: 27 rows (11 quarters)
[2026-07-02 21:48:30] [TASK_10] [INFO] Time-series split — train: 3 rows (2 quarters), test: 27 rows (11 quarters)
[2026-07-02 21:48:30] [TASK_10] [INFO] Time-series split — train: 3 rows (2 quarters), test: 27 rows (11 quarters)
[2026-07-02 21:48:30] [TASK_10] [INFO] Time-series split — train: 3 rows (2 quarters), test: 27 rows (11 quarters)
[2026-07-02 21:48:30] [TASK_10] [INFO] Time-series split — train: 3 rows (2 quarters), test: 18 rows (11 quarters)
[2026-07-02 21:48:30] [TASK_10] [INFO] Time-series split — train: 3 rows (2 quarters), test: 18 rows (11 quarters)
[2026-07-02 21:48:30] [TASK_10] [INFO] Time-series split — train: 3 rows (2 quarters), test: 8 rows (4 quarters)
[2026-07-02 21:48:30] [TASK_10] [INFO] Time-series split — train: 3 rows (2 quarters), test: 8 rows (4 quarters)
[2026-07-02 21:48:30] [TASK_10] [INFO] Time-series split — train: 2 rows (1 quarters), test: 4 rows (4 quarters)
[2026-07-02 21:48:30] [TASK_10] [INFO] Time-series split — train: 1 rows (1 quarters), test: 4 rows (4 quarters)
[2026-07-02 21:48:30] [TASK_10] [INFO] Time-series split — train: 1 rows (1 quarters), test: 4 rows (4 quarters)
[2026-07-02 21:48:30] [TASK_10] [INFO] Time-series split — train: 1 rows (1 quarters), test: 4 rows (4 quarters)
[2026-07-02 21:48:30] [TASK_10] [INFO] Time-series split — train: 19 rows (8 quarters), test: 7 rows (4 quarters)
[2026-07-02 21:48:30] [TASK_10] [INFO] Time-series split — train: 19 rows (8 quarters), test: 7 rows (4 quarters)
[2026-07-02 21:48:30] [TASK_10] [INFO] Time-series split — train: 19 rows (8 quarters), test: 7 rows (4 quarters)
[2026-07-02 21:48:30] [TASK_10] [INFO] Time-series split — train: 19 rows (8 quarters), test: 7 rows (4 quarters)
[2026-07-02 21:48:30] [TASK_10] [INFO] Time-series split — train: 19 rows (8 quarters), test: 7 rows (4 quarters)
[2026-07-02 21:48:30] [TASK_10] [INFO] Time-series split — train: 19 rows (8 quarters), test: 7 rows (4 quarters)
[2026-07-02 21:48:30] [TASK_10] [INFO] Time-series split — train: 19 rows (8 quarters), test: 7 rows (4 quarters)
[2026-07-02 21:48:30] [TASK_10] [INFO] Time-series split — train: 2 rows (2 quarters), test: 25 rows (12 quarters)
[2026-07-02 21:48:30] [TASK_10] [INFO] Time-series split — train: 2 rows (2 quarters), test: 25 rows (12 quarters)
[2026-07-02 21:48:30] [TASK_10] [INFO] Time-series split — train: 2 rows (2 quarters), test: 25 rows (12 quarters)
[2026-07-02 21:48:30] [TASK_10] [INFO] Time-series split — train: 2 rows (2 quarters), test: 25 rows (12 quarters)
[2026-07-02 21:48:30] [TASK_10] [INFO] Time-series split — train: 2 rows (2 quarters), test: 25 rows (12 quarters)
[2026-07-02 21:48:30] [TASK_10] [INFO] Time-series split — train: 2 rows (2 quarters), test: 19 rows (12 quarters)
[2026-07-02 21:48:30] [TASK_10] [INFO] Time-series split — train: 2 rows (2 quarters), test: 19 rows (12 quarters)
[2026-07-02 21:48:30] [TASK_10] [INFO] Time-series split — train: 6 rows (3 quarters), test: 15 rows (7 quarters)
[2026-07-02 21:48:30] [TASK_10] [INFO] Time-series split — train: 6 rows (3 quarters), test: 15 rows (7 quarters)
[2026-07-02 21:48:30] [TASK_10] [INFO] Time-series split — train: 6 rows (3 quarters), test: 15 rows (7 quarters)
[2026-07-02 21:48:30] [TASK_10] [INFO] Time-series split — train: 6 rows (3 quarters), test: 15 rows (7 quarters)
[2026-07-02 21:48:30] [TASK_10] [INFO] Time-series split — train: 6 rows (3 quarters), test: 9 rows (7 quarters)
[2026-07-02 21:48:30] [TASK_10] [INFO] Time-series split — train: 6 rows (3 quarters), test: 9 rows (7 quarters)
[2026-07-02 21:48:30] [TASK_10] [INFO] Time-series split — train: 6 rows (3 quarters), test: 9 rows (7 quarters)
[2026-07-02 21:48:30] [TASK_10] [INFO] Time-series split — train: 1 rows (1 quarters), test: 11 rows (6 quarters)
[2026-07-02 21:48:30] [TASK_10] [INFO] Time-series split — train: 1 rows (1 quarters), test: 11 rows (6 quarters)
[2026-07-02 21:48:31] [TASK_10] [INFO] Time-series split — train: 1 rows (1 quarters), test: 11 rows (6 quarters)
[2026-07-02 21:48:31] [TASK_10] [INFO] Time-series split — train: 1 rows (1 quarters), test: 11 rows (6 quarters)
[2026-07-02 21:48:31] [TASK_10] [INFO] Time-series split — train: 1 rows (1 quarters), test: 11 rows (6 quarters)
[2026-07-02 21:48:31] [TASK_10] [INFO] Time-series split — train: 1 rows (1 quarters), test: 4 rows (4 quarters)
[2026-07-02 21:48:31] [TASK_10] [INFO] Time-series split — train: 1 rows (1 quarters), test: 4 rows (4 quarters)
[2026-07-02 21:48:31] [TASK_10] [INFO] Time-series split — train: 4 rows (2 quarters), test: 10 rows (5 quarters)
[2026-07-02 21:48:31] [TASK_10] [INFO] Time-series split — train: 4 rows (2 quarters), test: 10 rows (5 quarters)
[2026-07-02 21:48:31] [TASK_10] [INFO] Time-series split — train: 4 rows (2 quarters), test: 10 rows (5 quarters)
[2026-07-02 21:48:31] [TASK_10] [INFO] Time-series split — train: 4 rows (2 quarters), test: 10 rows (5 quarters)
[2026-07-02 21:48:31] [TASK_10] [INFO] Time-series split — train: 4 rows (2 quarters), test: 10 rows (5 quarters)
[2026-07-02 21:48:31] [TASK_10] [INFO] Time-series split — train: 4 rows (2 quarters), test: 10 rows (5 quarters)
[2026-07-02 21:48:31] [TASK_10] [INFO] Time-series split — train: 4 rows (2 quarters), test: 10 rows (5 quarters)
[2026-07-02 21:48:31] [TASK_10] [INFO] Time-series split — train: 1 rows (1 quarters), test: 11 rows (5 quarters)
[2026-07-02 21:48:31] [TASK_10] [INFO] Time-series split — train: 1 rows (1 quarters), test: 11 rows (5 quarters)
[2026-07-02 21:48:31] [TASK_10] [INFO] Time-series split — train: 1 rows (1 quarters), test: 11 rows (5 quarters)
[2026-07-02 21:48:31] [TASK_10] [INFO] Time-series split — train: 1 rows (1 quarters), test: 11 rows (5 quarters)
[2026-07-02 21:48:31] [TASK_10] [INFO] Time-series split — train: 1 rows (1 quarters), test: 11 rows (5 quarters)
[2026-07-02 21:48:31] [TASK_10] [INFO] Time-series split — train: 1 rows (1 quarters), test: 11 rows (5 quarters)
[2026-07-02 21:48:31] [TASK_10] [INFO] Time-series split — train: 1 rows (1 quarters), test: 11 rows (5 quarters)
[2026-07-02 21:48:31] [TASK_10] [INFO] Time-series split — train: 4 rows (2 quarters), test: 9 rows (5 quarters)
[2026-07-02 21:48:31] [TASK_10] [INFO] Time-series split — train: 2 rows (1 quarters), test: 6 rows (5 quarters)
[2026-07-02 21:48:31] [TASK_10] [INFO] Time-series split — train: 2 rows (1 quarters), test: 6 rows (5 quarters)
[2026-07-02 21:48:31] [TASK_10] [INFO] Time-series split — train: 2 rows (1 quarters), test: 6 rows (5 quarters)
[2026-07-02 21:48:31] [TASK_10] [INFO] Time-series split — train: 2 rows (1 quarters), test: 6 rows (5 quarters)
[2026-07-02 21:48:31] [TASK_10] [INFO] Time-series split — train: 2 rows (1 quarters), test: 6 rows (5 quarters)
[2026-07-02 21:48:31] [TASK_10] [INFO] Time-series split — train: 2 rows (1 quarters), test: 6 rows (5 quarters)
[2026-07-02 21:48:31] [TASK_10] [INFO] Time-series split — train: 8 rows (3 quarters), test: 8 rows (6 quarters)
[2026-07-02 21:48:31] [TASK_10] [INFO] Time-series split — train: 3 rows (3 quarters), test: 9 rows (7 quarters)
[2026-07-02 21:48:31] [TASK_10] [INFO] Time-series split — train: 1 rows (1 quarters), test: 10 rows (10 quarters)
[2026-07-02 21:48:31] [TASK_10] [INFO] Time-series split — train: 1 rows (1 quarters), test: 10 rows (10 quarters)
[2026-07-02 21:48:31] [TASK_10] [INFO] Time-series split — train: 1 rows (1 quarters), test: 10 rows (10 quarters)
[2026-07-02 21:48:31] [TASK_10] [INFO] Time-series split — train: 1 rows (1 quarters), test: 10 rows (10 quarters)
[2026-07-02 21:48:31] [TASK_10] [INFO] Time-series split — train: 1 rows (1 quarters), test: 10 rows (10 quarters)
[2026-07-02 21:48:31] [TASK_10] [INFO] Time-series split — train: 1 rows (1 quarters), test: 10 rows (5 quarters)
[2026-07-02 21:48:31] [TASK_10] [INFO] Time-series split — train: 1 rows (1 quarters), test: 7 rows (4 quarters)
[2026-07-02 21:48:31] [TASK_10] [INFO] Time-series split — train: 1 rows (1 quarters), test: 7 rows (4 quarters)
[2026-07-02 21:48:31] [TASK_10] [INFO] Time-series split — train: 1 rows (1 quarters), test: 7 rows (4 quarters)
[2026-07-02 21:48:31] [TASK_10] [INFO] Time-series split — train: 1 rows (1 quarters), test: 7 rows (4 quarters)
[2026-07-02 21:48:31] [TASK_10] [INFO] Time-series split — train: 1 rows (1 quarters), test: 7 rows (4 quarters)
[2026-07-02 21:48:31] [TASK_10] [INFO] Time-series split — train: 1 rows (1 quarters), test: 7 rows (4 quarters)
[2026-07-02 21:48:31] [TASK_10] [INFO] Time-series split — train: 1 rows (1 quarters), test: 4 rows (4 quarters)
[2026-07-02 21:48:31] [TASK_10] [INFO] Time-series split — train: 1 rows (1 quarters), test: 4 rows (4 quarters)
[2026-07-02 21:48:31] [TASK_10] [INFO] Time-series split — train: 1 rows (1 quarters), test: 4 rows (4 quarters)
[2026-07-02 21:48:31] [TASK_10] [INFO] Time-series split — train: 1 rows (1 quarters), test: 4 rows (4 quarters)
[2026-07-02 21:48:31] [TASK_10] [INFO] Time-series split — train: 2 rows (2 quarters), test: 8 rows (4 quarters)
[2026-07-02 21:48:31] [TASK_10] [INFO] Time-series split — train: 2 rows (2 quarters), test: 8 rows (4 quarters)
[2026-07-02 21:48:31] [TASK_10] [INFO] Time-series split — train: 1 rows (1 quarters), test: 4 rows (4 quarters)
[2026-07-02 21:48:31] [TASK_10] [INFO] Time-series split — train: 1 rows (1 quarters), test: 4 rows (4 quarters)
[2026-07-02 21:48:31] [TASK_10] [INFO] Time-series split — train: 8 rows (4 quarters), test: 11 rows (5 quarters)
[2026-07-02 21:48:31] [TASK_10] [INFO] Time-series split — train: 8 rows (4 quarters), test: 11 rows (5 quarters)
[2026-07-02 21:48:31] [TASK_10] [INFO] Time-series split — train: 1 rows (1 quarters), test: 4 rows (4 quarters)
[2026-07-02 21:48:31] [TASK_10] [INFO] Time-series split — train: 1 rows (1 quarters), test: 4 rows (4 quarters)
[2026-07-02 21:48:31] [TASK_10] [INFO] Time-series split — train: 6 rows (3 quarters), test: 11 rows (6 quarters)
[2026-07-02 21:48:31] [TASK_10] [INFO] Time-series split — train: 6 rows (3 quarters), test: 11 rows (6 quarters)
[2026-07-02 21:48:31] [TASK_10] [INFO] Time-series split — train: 1 rows (1 quarters), test: 4 rows (4 quarters)
[2026-07-02 21:48:31] [TASK_10] [INFO] Time-series split — train: 1 rows (1 quarters), test: 4 rows (4 quarters)
[2026-07-02 21:48:31] [TASK_10] [INFO] Time-series split — train: 4 rows (2 quarters), test: 11 rows (5 quarters)
[2026-07-02 21:48:31] [TASK_10] [INFO] Time-series split — train: 4 rows (2 quarters), test: 11 rows (5 quarters)
[2026-07-02 21:48:31] [TASK_10] [INFO] Time-series split — train: 1 rows (1 quarters), test: 4 rows (4 quarters)
[2026-07-02 21:48:31] [TASK_10] [INFO] Time-series split — train: 1 rows (1 quarters), test: 4 rows (4 quarters)
[2026-07-02 21:48:31] [TASK_10] [INFO] Time-series split — train: 8 rows (3 quarters), test: 5 rows (4 quarters)
[2026-07-02 21:48:31] [TASK_10] [INFO] Time-series split — train: 8 rows (3 quarters), test: 5 rows (4 quarters)
[2026-07-02 21:48:31] [TASK_10] [INFO] Time-series split — train: 8 rows (3 quarters), test: 5 rows (4 quarters)
[2026-07-02 21:48:31] [TASK_10] [INFO] Time-series split — train: 8 rows (3 quarters), test: 5 rows (4 quarters)
[2026-07-02 21:48:31] [TASK_10] [INFO] Time-series split — train: 8 rows (3 quarters), test: 5 rows (4 quarters)
[2026-07-02 21:48:31] [TASK_10] [INFO] Time-series split — train: 8 rows (3 quarters), test: 5 rows (4 quarters)
[2026-07-02 21:48:31] [TASK_10] [INFO] Time-series split — train: 8 rows (3 quarters), test: 5 rows (4 quarters)
[2026-07-02 21:48:31] [TASK_10] [INFO] Time-series split — train: 8 rows (3 quarters), test: 5 rows (4 quarters)
[2026-07-02 21:48:31] [TASK_10] [INFO] Time-series split — train: 8 rows (3 quarters), test: 5 rows (4 quarters)
[2026-07-02 21:48:31] [TASK_10] [INFO] Time-series split — train: 8 rows (3 quarters), test: 5 rows (4 quarters)
[2026-07-02 21:48:31] [TASK_10] [INFO] Time-series split — train: 8 rows (3 quarters), test: 5 rows (4 quarters)
[2026-07-02 21:48:31] [TASK_10] [INFO] Time-series split — train: 8 rows (3 quarters), test: 5 rows (4 quarters)
[2026-07-02 21:48:31] [TASK_10] [INFO] Time-series split — train: 8 rows (3 quarters), test: 5 rows (4 quarters)
[2026-07-02 21:48:31] [TASK_10] [INFO] Time-series split — train: 8 rows (3 quarters), test: 5 rows (4 quarters)
[2026-07-02 21:48:31] [TASK_10] [INFO] Time-series split — train: 4 rows (2 quarters), test: 13 rows (7 quarters)
[2026-07-02 21:48:31] [TASK_10] [INFO] Time-series split — train: 4 rows (2 quarters), test: 13 rows (7 quarters)
[2026-07-02 21:48:31] [TASK_10] [INFO] Time-series split — train: 4 rows (2 quarters), test: 13 rows (7 quarters)
[2026-07-02 21:48:31] [TASK_10] [INFO] Time-series split — train: 4 rows (2 quarters), test: 13 rows (7 quarters)
[2026-07-02 21:48:31] [TASK_10] [INFO] Time-series split — train: 4 rows (2 quarters), test: 13 rows (7 quarters)
[2026-07-02 21:48:31] [TASK_10] [INFO] Time-series split — train: 4 rows (2 quarters), test: 13 rows (7 quarters)
[2026-07-02 21:48:31] [TASK_10] [INFO] Time-series split — train: 4 rows (2 quarters), test: 13 rows (7 quarters)
[2026-07-02 21:48:31] [TASK_10] [INFO] Time-series split — train: 4 rows (2 quarters), test: 13 rows (7 quarters)
[2026-07-02 21:48:31] [TASK_10] [INFO] Time-series split — train: 4 rows (2 quarters), test: 13 rows (7 quarters)
[2026-07-02 21:48:31] [TASK_10] [INFO] Time-series split — train: 4 rows (2 quarters), test: 13 rows (7 quarters)
[2026-07-02 21:48:31] [TASK_10] [INFO] Time-series split — train: 4 rows (2 quarters), test: 13 rows (7 quarters)
[2026-07-02 21:48:31] [TASK_10] [INFO] Time-series split — train: 4 rows (2 quarters), test: 13 rows (7 quarters)
[2026-07-02 21:48:31] [TASK_10] [INFO] Time-series split — train: 4 rows (2 quarters), test: 13 rows (7 quarters)
[2026-07-02 21:48:31] [TASK_10] [INFO] Time-series split — train: 4 rows (2 quarters), test: 13 rows (7 quarters)
[2026-07-02 21:48:31] [TASK_10] [INFO] Time-series split — train: 1 rows (1 quarters), test: 12 rows (5 quarters)
[2026-07-02 21:48:31] [TASK_10] [INFO] Time-series split — train: 1 rows (1 quarters), test: 12 rows (5 quarters)
[2026-07-02 21:48:31] [TASK_10] [INFO] Time-series split — train: 1 rows (1 quarters), test: 4 rows (4 quarters)
[2026-07-02 21:48:31] [TASK_10] [INFO] Time-series split — train: 1 rows (1 quarters), test: 4 rows (4 quarters)
[2026-07-02 21:48:31] [TASK_10] [INFO] Time-series split — train: 1 rows (1 quarters), test: 4 rows (4 quarters)
[2026-07-02 21:48:31] [TASK_10] [INFO] Time-series split — train: 1 rows (1 quarters), test: 4 rows (4 quarters)
[2026-07-02 21:48:31] [TASK_10] [INFO] Time-series split — train: 1 rows (1 quarters), test: 4 rows (4 quarters)
[2026-07-02 21:48:31] [TASK_10] [INFO] Time-series split — train: 1 rows (1 quarters), test: 4 rows (4 quarters)
[2026-07-02 21:48:31] [TASK_10] [INFO] Time-series split — train: 1 rows (1 quarters), test: 4 rows (4 quarters)
[2026-07-02 21:48:31] [TASK_10] [INFO] Time-series split — train: 1 rows (1 quarters), test: 4 rows (4 quarters)
[2026-07-02 21:48:31] [TASK_10] [INFO] Time-series split — train: 1 rows (1 quarters), test: 4 rows (4 quarters)
[2026-07-02 21:48:31] [TASK_10] [INFO] Time-series split — train: 1 rows (1 quarters), test: 4 rows (4 quarters)
[2026-07-02 21:48:31] [TASK_10] [INFO] Time-series split — train: 1 rows (1 quarters), test: 4 rows (4 quarters)
[2026-07-02 21:48:31] [TASK_10] [INFO] Time-series split — train: 1 rows (1 quarters), test: 4 rows (4 quarters)
[2026-07-02 21:48:31] [TASK_10] [INFO] Time-series split — train: 1 rows (1 quarters), test: 18 rows (10 quarters)
[2026-07-02 21:48:31] [TASK_10] [INFO] Time-series split — train: 1 rows (1 quarters), test: 18 rows (10 quarters)
[2026-07-02 21:48:31] [TASK_10] [INFO] Time-series split — train: 1 rows (1 quarters), test: 18 rows (10 quarters)
[2026-07-02 21:48:31] [TASK_10] [INFO] Time-series split — train: 1 rows (1 quarters), test: 18 rows (10 quarters)
[2026-07-02 21:48:31] [TASK_10] [INFO] Time-series split — train: 1 rows (1 quarters), test: 18 rows (10 quarters)
[2026-07-02 21:48:31] [TASK_10] [INFO] Time-series split — train: 1 rows (1 quarters), test: 18 rows (10 quarters)
[2026-07-02 21:48:31] [TASK_10] [INFO] Time-series split — train: 1 rows (1 quarters), test: 18 rows (10 quarters)
[2026-07-02 21:48:31] [TASK_10] [INFO] Time-series split — train: 1 rows (1 quarters), test: 18 rows (10 quarters)
[2026-07-02 21:48:31] [TASK_10] [INFO] Time-series split — train: 1 rows (1 quarters), test: 15 rows (10 quarters)
[2026-07-02 21:48:31] [TASK_10] [INFO] Time-series split — train: 1 rows (1 quarters), test: 15 rows (10 quarters)
[2026-07-02 21:48:31] [TASK_10] [INFO] Time-series split — train: 1 rows (1 quarters), test: 15 rows (10 quarters)
[2026-07-02 21:48:31] [TASK_10] [INFO] Time-series split — train: 1 rows (1 quarters), test: 15 rows (10 quarters)
[2026-07-02 21:48:31] [TASK_10] [INFO] Time-series split — train: 1 rows (1 quarters), test: 15 rows (10 quarters)
[2026-07-02 21:48:31] [TASK_10] [INFO] Time-series split — train: 1 rows (1 quarters), test: 15 rows (10 quarters)
[2026-07-02 21:48:31] [TASK_10] [INFO] Time-series split — train: 10 rows (6 quarters), test: 14 rows (8 quarters)
[2026-07-02 21:48:31] [TASK_10] [INFO] Time-series split — train: 10 rows (6 quarters), test: 14 rows (8 quarters)
[2026-07-02 21:48:31] [TASK_10] [INFO] Time-series split — train: 10 rows (6 quarters), test: 14 rows (8 quarters)
[2026-07-02 21:48:31] [TASK_10] [INFO] Time-series split — train: 10 rows (6 quarters), test: 14 rows (8 quarters)
[2026-07-02 21:48:31] [TASK_10] [INFO] Time-series split — train: 10 rows (6 quarters), test: 14 rows (8 quarters)
[2026-07-02 21:48:31] [TASK_10] [INFO] Time-series split — train: 10 rows (6 quarters), test: 14 rows (8 quarters)
[2026-07-02 21:48:31] [TASK_10] [INFO] Time-series split — train: 10 rows (6 quarters), test: 14 rows (8 quarters)
[2026-07-02 21:48:31] [TASK_10] [INFO] Time-series split — train: 10 rows (6 quarters), test: 14 rows (8 quarters)
[2026-07-02 21:48:32] [TASK_10] [INFO] Time-series split — train: 10 rows (6 quarters), test: 14 rows (8 quarters)
[2026-07-02 21:48:32] [TASK_10] [INFO] Time-series split — train: 10 rows (6 quarters), test: 14 rows (8 quarters)
[2026-07-02 21:48:32] [TASK_10] [INFO] Time-series split — train: 10 rows (6 quarters), test: 14 rows (8 quarters)
[2026-07-02 21:48:32] [TASK_10] [INFO] Time-series split — train: 10 rows (6 quarters), test: 14 rows (8 quarters)
[2026-07-02 21:48:32] [TASK_10] [INFO] Time-series split — train: 10 rows (6 quarters), test: 14 rows (8 quarters)
[2026-07-02 21:48:32] [TASK_10] [INFO] Time-series split — train: 10 rows (6 quarters), test: 14 rows (8 quarters)
[2026-07-02 21:48:32] [TASK_10] [INFO] Time-series split — train: 7 rows (4 quarters), test: 20 rows (10 quarters)
[2026-07-02 21:48:32] [TASK_10] [INFO] Time-series split — train: 7 rows (4 quarters), test: 20 rows (10 quarters)
[2026-07-02 21:48:32] [TASK_10] [INFO] Time-series split — train: 7 rows (4 quarters), test: 20 rows (10 quarters)
[2026-07-02 21:48:32] [TASK_10] [INFO] Time-series split — train: 7 rows (4 quarters), test: 20 rows (10 quarters)
[2026-07-02 21:48:32] [TASK_10] [INFO] Time-series split — train: 7 rows (4 quarters), test: 20 rows (10 quarters)
[2026-07-02 21:48:32] [TASK_10] [INFO] Time-series split — train: 7 rows (4 quarters), test: 20 rows (10 quarters)
[2026-07-02 21:48:32] [TASK_10] [INFO] Time-series split — train: 7 rows (4 quarters), test: 20 rows (10 quarters)
[2026-07-02 21:48:32] [TASK_10] [INFO] Time-series split — train: 7 rows (4 quarters), test: 20 rows (10 quarters)
[2026-07-02 21:48:32] [TASK_10] [INFO] Time-series split — train: 7 rows (4 quarters), test: 20 rows (10 quarters)
[2026-07-02 21:48:32] [TASK_10] [INFO] Time-series split — train: 7 rows (4 quarters), test: 20 rows (10 quarters)
[2026-07-02 21:48:32] [TASK_10] [INFO] Time-series split — train: 7 rows (4 quarters), test: 20 rows (10 quarters)
[2026-07-02 21:48:32] [TASK_10] [INFO] Time-series split — train: 7 rows (4 quarters), test: 20 rows (10 quarters)
[2026-07-02 21:48:32] [TASK_10] [INFO] Time-series split — train: 7 rows (4 quarters), test: 20 rows (10 quarters)
[2026-07-02 21:48:32] [TASK_10] [INFO] Time-series split — train: 7 rows (4 quarters), test: 20 rows (10 quarters)
[2026-07-02 21:48:32] [TASK_10] [INFO] Time-series split — train: 2 rows (2 quarters), test: 7 rows (4 quarters)
[2026-07-02 21:48:32] [TASK_10] [INFO] Time-series split — train: 2 rows (2 quarters), test: 7 rows (4 quarters)
[2026-07-02 21:48:32] [TASK_10] [INFO] Time-series split — train: 2 rows (2 quarters), test: 7 rows (4 quarters)
[2026-07-02 21:48:32] [TASK_10] [INFO] Time-series split — train: 2 rows (2 quarters), test: 7 rows (4 quarters)
[2026-07-02 21:48:32] [TASK_10] [INFO] Time-series split — train: 2 rows (2 quarters), test: 7 rows (4 quarters)
[2026-07-02 21:48:32] [TASK_10] [INFO] Time-series split — train: 2 rows (2 quarters), test: 7 rows (4 quarters)
[2026-07-02 21:48:32] [TASK_10] [INFO] Time-series split — train: 2 rows (2 quarters), test: 7 rows (4 quarters)
[2026-07-02 21:48:32] [TASK_10] [INFO] Time-series split — train: 2 rows (2 quarters), test: 7 rows (4 quarters)
[2026-07-02 21:48:32] [TASK_10] [INFO] Time-series split — train: 2 rows (2 quarters), test: 7 rows (4 quarters)
[2026-07-02 21:48:32] [TASK_10] [INFO] Time-series split — train: 2 rows (2 quarters), test: 7 rows (4 quarters)
[2026-07-02 21:48:32] [TASK_10] [INFO] Time-series split — train: 2 rows (2 quarters), test: 7 rows (4 quarters)
[2026-07-02 21:48:32] [TASK_10] [INFO] Time-series split — train: 2 rows (2 quarters), test: 7 rows (4 quarters)
[2026-07-02 21:48:32] [TASK_10] [INFO] Time-series split — train: 2 rows (2 quarters), test: 7 rows (4 quarters)
[2026-07-02 21:48:32] [TASK_10] [INFO] Time-series split — train: 2 rows (2 quarters), test: 7 rows (4 quarters)
[2026-07-02 21:48:32] [TASK_10] [INFO] Time-series split — train: 5 rows (3 quarters), test: 18 rows (8 quarters)
[2026-07-02 21:48:32] [TASK_10] [INFO] Time-series split — train: 5 rows (3 quarters), test: 18 rows (8 quarters)
[2026-07-02 21:48:32] [TASK_10] [INFO] Time-series split — train: 5 rows (3 quarters), test: 18 rows (8 quarters)
[2026-07-02 21:48:32] [TASK_10] [INFO] Time-series split — train: 5 rows (3 quarters), test: 18 rows (8 quarters)
[2026-07-02 21:48:32] [TASK_10] [INFO] Time-series split — train: 5 rows (3 quarters), test: 18 rows (8 quarters)
[2026-07-02 21:48:32] [TASK_10] [INFO] Time-series split — train: 5 rows (3 quarters), test: 18 rows (8 quarters)
[2026-07-02 21:48:32] [TASK_10] [INFO] Time-series split — train: 5 rows (3 quarters), test: 18 rows (8 quarters)
[2026-07-02 21:48:32] [TASK_10] [INFO] Time-series split — train: 5 rows (3 quarters), test: 18 rows (8 quarters)
[2026-07-02 21:48:32] [TASK_10] [INFO] Time-series split — train: 5 rows (3 quarters), test: 18 rows (8 quarters)
[2026-07-02 21:48:32] [TASK_10] [INFO] Time-series split — train: 5 rows (3 quarters), test: 18 rows (8 quarters)
[2026-07-02 21:48:32] [TASK_10] [INFO] Time-series split — train: 1 rows (1 quarters), test: 6 rows (4 quarters)
[2026-07-02 21:48:32] [TASK_10] [INFO] Time-series split — train: 1 rows (1 quarters), test: 6 rows (4 quarters)
[2026-07-02 21:48:32] [TASK_10] [INFO] Time-series split — train: 2 rows (1 quarters), test: 9 rows (5 quarters)
[2026-07-02 21:48:32] [TASK_10] [INFO] Time-series split — train: 2 rows (1 quarters), test: 9 rows (5 quarters)
[2026-07-02 21:48:32] [TASK_10] [INFO] Time-series split — train: 2 rows (1 quarters), test: 9 rows (5 quarters)
[2026-07-02 21:48:32] [TASK_10] [INFO] Time-series split — train: 2 rows (1 quarters), test: 9 rows (5 quarters)
[2026-07-02 21:48:32] [TASK_10] [INFO] Time-series split — train: 2 rows (1 quarters), test: 9 rows (5 quarters)
[2026-07-02 21:48:32] [TASK_10] [INFO] Time-series split — train: 2 rows (1 quarters), test: 9 rows (5 quarters)
[2026-07-02 21:48:32] [TASK_10] [INFO] Time-series split — train: 2 rows (2 quarters), test: 5 rows (5 quarters)
[2026-07-02 21:48:32] [TASK_10] [INFO] Time-series split — train: 2 rows (2 quarters), test: 5 rows (5 quarters)
[2026-07-02 21:48:32] [TASK_10] [INFO] Time-series split — train: 2 rows (2 quarters), test: 5 rows (5 quarters)
[2026-07-02 21:48:32] [TASK_10] [INFO] Time-series split — train: 2 rows (2 quarters), test: 5 rows (5 quarters)
[2026-07-02 21:48:32] [TASK_10] [INFO] Time-series split — train: 2 rows (2 quarters), test: 5 rows (5 quarters)
[2026-07-02 21:48:32] [TASK_10] [INFO] Time-series split — train: 2 rows (2 quarters), test: 5 rows (5 quarters)
[2026-07-02 21:48:32] [TASK_10] [INFO] Time-series split — train: 2 rows (2 quarters), test: 5 rows (5 quarters)
[2026-07-02 21:48:32] [TASK_10] [INFO] Time-series split — train: 2 rows (2 quarters), test: 5 rows (5 quarters)
[2026-07-02 21:48:32] [TASK_10] [INFO] Time-series split — train: 10 rows (4 quarters), test: 12 rows (5 quarters)
[2026-07-02 21:48:32] [TASK_10] [INFO] Time-series split — train: 10 rows (4 quarters), test: 12 rows (5 quarters)
[2026-07-02 21:48:32] [TASK_10] [INFO] Time-series split — train: 10 rows (4 quarters), test: 12 rows (5 quarters)
[2026-07-02 21:48:32] [TASK_10] [INFO] Time-series split — train: 10 rows (4 quarters), test: 12 rows (5 quarters)
[2026-07-02 21:48:32] [TASK_10] [INFO] Time-series split — train: 10 rows (4 quarters), test: 12 rows (5 quarters)
[2026-07-02 21:48:32] [TASK_10] [INFO] Time-series split — train: 10 rows (4 quarters), test: 12 rows (5 quarters)
[2026-07-02 21:48:32] [TASK_10] [INFO] Time-series split — train: 2 rows (2 quarters), test: 15 rows (8 quarters)
[2026-07-02 21:48:32] [TASK_10] [INFO] Time-series split — train: 2 rows (2 quarters), test: 15 rows (8 quarters)
[2026-07-02 21:48:32] [TASK_10] [INFO] Time-series split — train: 2 rows (2 quarters), test: 15 rows (8 quarters)
[2026-07-02 21:48:32] [TASK_10] [INFO] Time-series split — train: 2 rows (2 quarters), test: 15 rows (8 quarters)
[2026-07-02 21:48:32] [TASK_10] [INFO] Time-series split — train: 2 rows (2 quarters), test: 15 rows (8 quarters)
[2026-07-02 21:48:32] [TASK_10] [INFO] Time-series split — train: 2 rows (2 quarters), test: 15 rows (8 quarters)
[2026-07-02 21:48:32] [TASK_10] [INFO] Time-series split — train: 2 rows (2 quarters), test: 15 rows (8 quarters)
[2026-07-02 21:48:32] [TASK_10] [INFO] Time-series split — train: 2 rows (2 quarters), test: 15 rows (8 quarters)
[2026-07-02 21:48:32] [TASK_10] [INFO] Time-series split — train: 10 rows (5 quarters), test: 17 rows (7 quarters)
[2026-07-02 21:48:32] [TASK_10] [INFO] Time-series split — train: 10 rows (5 quarters), test: 17 rows (7 quarters)
[2026-07-02 21:48:32] [TASK_10] [INFO] Time-series split — train: 10 rows (5 quarters), test: 17 rows (7 quarters)
[2026-07-02 21:48:32] [TASK_10] [INFO] Time-series split — train: 10 rows (5 quarters), test: 17 rows (7 quarters)
[2026-07-02 21:48:32] [TASK_10] [INFO] Time-series split — train: 10 rows (5 quarters), test: 17 rows (7 quarters)
[2026-07-02 21:48:32] [TASK_10] [INFO] Time-series split — train: 10 rows (5 quarters), test: 17 rows (7 quarters)
[2026-07-02 21:48:32] [TASK_10] [INFO] Time-series split — train: 10 rows (5 quarters), test: 17 rows (7 quarters)
[2026-07-02 21:48:32] [TASK_10] [INFO] Time-series split — train: 10 rows (5 quarters), test: 17 rows (7 quarters)
[2026-07-02 21:48:32] [TASK_10] [INFO] Time-series split — train: 10 rows (5 quarters), test: 17 rows (7 quarters)
[2026-07-02 21:48:32] [TASK_10] [INFO] Time-series split — train: 10 rows (5 quarters), test: 17 rows (7 quarters)
[2026-07-02 21:48:32] [TASK_10] [INFO] Time-series split — train: 10 rows (5 quarters), test: 17 rows (7 quarters)
[2026-07-02 21:48:32] [TASK_10] [INFO] Time-series split — train: 10 rows (5 quarters), test: 17 rows (7 quarters)
[2026-07-02 21:48:32] [TASK_10] [INFO] Time-series split — train: 10 rows (5 quarters), test: 17 rows (7 quarters)
[2026-07-02 21:48:32] [TASK_10] [INFO] Time-series split — train: 10 rows (5 quarters), test: 17 rows (7 quarters)
[2026-07-02 21:48:32] [TASK_10] [INFO] Time-series split — train: 11 rows (5 quarters), test: 16 rows (8 quarters)
[2026-07-02 21:48:32] [TASK_10] [INFO] Time-series split — train: 11 rows (5 quarters), test: 16 rows (8 quarters)
[2026-07-02 21:48:32] [TASK_10] [INFO] Time-series split — train: 11 rows (5 quarters), test: 16 rows (8 quarters)
[2026-07-02 21:48:32] [TASK_10] [INFO] Time-series split — train: 11 rows (5 quarters), test: 16 rows (8 quarters)
[2026-07-02 21:48:32] [TASK_10] [INFO] Time-series split — train: 11 rows (5 quarters), test: 16 rows (8 quarters)
[2026-07-02 21:48:32] [TASK_10] [INFO] Time-series split — train: 11 rows (5 quarters), test: 16 rows (8 quarters)
[2026-07-02 21:48:32] [TASK_10] [INFO] Time-series split — train: 3 rows (3 quarters), test: 19 rows (11 quarters)
[2026-07-02 21:48:32] [TASK_10] [INFO] Time-series split — train: 3 rows (3 quarters), test: 19 rows (11 quarters)
[2026-07-02 21:48:32] [TASK_10] [INFO] Time-series split — train: 3 rows (3 quarters), test: 19 rows (11 quarters)
[2026-07-02 21:48:32] [TASK_10] [INFO] Time-series split — train: 3 rows (3 quarters), test: 19 rows (11 quarters)
[2026-07-02 21:48:32] [TASK_10] [INFO] Time-series split — train: 3 rows (3 quarters), test: 19 rows (11 quarters)
[2026-07-02 21:48:32] [TASK_10] [INFO] Time-series split — train: 3 rows (3 quarters), test: 19 rows (11 quarters)
[2026-07-02 21:48:32] [TASK_10] [INFO] Time-series split — train: 3 rows (3 quarters), test: 19 rows (11 quarters)
[2026-07-02 21:48:32] [TASK_10] [INFO] Time-series split — train: 3 rows (3 quarters), test: 19 rows (11 quarters)
[2026-07-02 21:48:32] [TASK_10] [INFO] Time-series split — train: 1 rows (1 quarters), test: 9 rows (4 quarters)
[2026-07-02 21:48:32] [TASK_10] [INFO] Time-series split — train: 1 rows (1 quarters), test: 9 rows (4 quarters)
[2026-07-02 21:48:32] [TASK_10] [INFO] Time-series split — train: 1 rows (1 quarters), test: 9 rows (4 quarters)
[2026-07-02 21:48:32] [TASK_10] [INFO] Time-series split — train: 1 rows (1 quarters), test: 9 rows (4 quarters)
[2026-07-02 21:48:32] [TASK_10] [INFO] Time-series split — train: 1 rows (1 quarters), test: 9 rows (4 quarters)
[2026-07-02 21:48:32] [TASK_10] [INFO] Time-series split — train: 1 rows (1 quarters), test: 9 rows (4 quarters)
[2026-07-02 21:48:32] [TASK_10] [INFO] Time-series split — train: 1 rows (1 quarters), test: 9 rows (4 quarters)
[2026-07-02 21:48:32] [TASK_10] [INFO] Time-series split — train: 1 rows (1 quarters), test: 9 rows (4 quarters)
[2026-07-02 21:48:32] [TASK_10] [INFO] Time-series split — train: 1 rows (1 quarters), test: 9 rows (4 quarters)
[2026-07-02 21:48:32] [TASK_10] [INFO] Time-series split — train: 1 rows (1 quarters), test: 9 rows (4 quarters)
[2026-07-02 21:48:32] [TASK_10] [INFO] Time-series split — train: 1 rows (1 quarters), test: 9 rows (4 quarters)
[2026-07-02 21:48:32] [TASK_10] [INFO] Time-series split — train: 1 rows (1 quarters), test: 9 rows (4 quarters)
[2026-07-02 21:48:32] [TASK_10] [INFO] Time-series split — train: 1 rows (1 quarters), test: 9 rows (4 quarters)
[2026-07-02 21:48:33] [TASK_10] [INFO] Time-series split — train: 1 rows (1 quarters), test: 9 rows (4 quarters)
