[2026-07-01 09:02:13] [TASK_8] [INFO] ============================================================
[2026-07-01 09:02:13] [TASK_8] [INFO] START TASK_8: Keyword Building (curate financial keywords)
[2026-07-01 09:02:13] [TASK_8] [INFO] Timestamp: 2026-07-01T09:02:13.490193
[2026-07-01 09:02:13] [TASK_8] [INFO] ============================================================
[2026-07-01 09:02:13] [TASK_8] [INFO] Input: data/news/processed/all_news_processed.csv (34979 rows)
[2026-07-01 09:02:13] [TASK_8] [INFO] ------------------------------------------------------------
[2026-07-01 09:02:13] [TASK_8] [INFO] END TASK_8 — completed in 0.0 seconds
[2026-07-01 09:02:13] [TASK_8] [INFO] ============================================================
[2026-07-01 09:02:14] [TASK_8] [INFO] ============================================================
[2026-07-01 09:02:14] [TASK_8] [INFO] START TASK_8: Keyword Building (curate financial keywords)
[2026-07-01 09:02:14] [TASK_8] [INFO] Timestamp: 2026-07-01T09:02:14.279725
[2026-07-01 09:02:14] [TASK_8] [INFO] ============================================================
[2026-07-01 09:02:14] [TASK_8] [INFO] Input: data/news/processed/all_news_processed.csv (34979 rows)
[2026-07-01 09:02:14] [TASK_8] [INFO] ------------------------------------------------------------
[2026-07-01 09:02:14] [TASK_8] [INFO] END TASK_8 — completed in 0.0 seconds
[2026-07-01 09:02:14] [TASK_8] [INFO] ============================================================
[2026-07-01 09:02:32] [TASK_8] [INFO] Starting Keyword Builder (TASK 8)...
[2026-07-01 09:02:32] [TASK_8] [INFO] Loaded 23 stopwords.
[2026-07-01 09:02:32] [TASK_8] [INFO] Extracting keyword candidates from 10 documents...
[2026-07-01 09:02:32] [TASK_8] [INFO] Saved 176 keyword candidates to C:\Users\User\AppData\Local\Temp\tmpolgdxtyi\keyword_candidates.csv (unigrams: 83, bigrams: 93).
[2026-07-01 09:02:32] [TASK_8] [INFO] Curated keyword list: 43 positive, 54 negative, 9 neutral (total: 106).
[2026-07-01 09:02:32] [TASK_8] [INFO] Saved flat keyword list to C:\Users\User\AppData\Local\Temp\tmpolgdxtyi\keywords_finance.json.
[2026-07-01 09:02:32] [TASK_8] [INFO] Saved group-level keyword breakdown to C:\Users\User\AppData\Local\Temp\tmpolgdxtyi\keywords_by_group.json.
[2026-07-01 09:02:32] [TASK_8] [INFO] ======================================================================
[2026-07-01 09:02:32] [TASK_8] [INFO] KEYWORD CORPUS FREQUENCY REPORT
[2026-07-01 09:02:32] [TASK_8] [INFO] ======================================================================
[2026-07-01 09:02:32] [TASK_8] [INFO] 
--- POSITIVE keywords (43) ---
[2026-07-01 09:02:32] [TASK_8] [INFO]   lợi nhuận tăng                           1
[2026-07-01 09:02:32] [TASK_8] [INFO]   doanh thu tăng                           1
[2026-07-01 09:02:32] [TASK_8] [INFO]   kỷ lục                                   1
[2026-07-01 09:02:32] [TASK_8] [INFO]   tăng trưởng                              1
[2026-07-01 09:02:32] [TASK_8] [INFO]   tăng mạnh                                1
[2026-07-01 09:02:32] [TASK_8] [INFO]   chia cổ tức                              1
[2026-07-01 09:02:32] [TASK_8] [INFO]   cổ tức cao                               1
[2026-07-01 09:02:32] [TASK_8] [INFO]   cổ tức tiền mặt                          1
[2026-07-01 09:02:32] [TASK_8] [INFO]   giảm nợ                                  1
[2026-07-01 09:02:32] [TASK_8] [INFO]   trả nợ                                   1
[2026-07-01 09:02:32] [TASK_8] [INFO]   cải thiện tài chính                      1
[2026-07-01 09:02:32] [TASK_8] [INFO]   dòng tiền dương                          1
[2026-07-01 09:02:32] [TASK_8] [INFO]   ký kết hợp đồng                          1
[2026-07-01 09:02:32] [TASK_8] [INFO]   mở rộng thị trường                       1
[2026-07-01 09:02:32] [TASK_8] [INFO]   xuất khẩu tăng                           1
[2026-07-01 09:02:32] [TASK_8] [INFO]   tăng trưởng mạnh                         0
[2026-07-01 09:02:32] [TASK_8] [INFO]   vượt kế hoạch                            0
[2026-07-01 09:02:32] [TASK_8] [INFO]   lãi ròng                                 0
[2026-07-01 09:02:32] [TASK_8] [INFO]   lợi nhuận sau thuế tăng                  0
[2026-07-01 09:02:32] [TASK_8] [INFO]   kết quả tích cực                         0
[2026-07-01 09:02:32] [TASK_8] [INFO]   lãi khủng                                0
[2026-07-01 09:02:32] [TASK_8] [INFO]   lãi lớn                                  0
[2026-07-01 09:02:32] [TASK_8] [INFO]   lãi đậm                                  0
[2026-07-01 09:02:32] [TASK_8] [INFO]   báo lãi                                  0
[2026-07-01 09:02:32] [TASK_8] [INFO]   lợi nhuận kỷ lục                         0
[2026-07-01 09:02:32] [TASK_8] [INFO]   doanh thu kỷ lục                         0
[2026-07-01 09:02:32] [TASK_8] [INFO]   lãi kỷ lục                               0
[2026-07-01 09:02:32] [TASK_8] [INFO]   bứt phá                                  0
[2026-07-01 09:02:32] [TASK_8] [INFO]   tăng vọt                                 0
[2026-07-01 09:02:32] [TASK_8] [INFO]   khởi sắc                                 0
[2026-07-01 09:02:32] [TASK_8] [INFO]   phục hồi                                 0
[2026-07-01 09:02:32] [TASK_8] [INFO]   lập đỉnh                                 0
[2026-07-01 09:02:32] [TASK_8] [INFO]   hoàn thành kế hoạch                      0
[2026-07-01 09:02:32] [TASK_8] [INFO]   lợi nhuận cải thiện                      0
[2026-07-01 09:02:32] [TASK_8] [INFO]   mua lại cổ phiếu                         0
[2026-07-01 09:02:32] [TASK_8] [INFO]   phát hành thưởng                         0
[2026-07-01 09:02:32] [TASK_8] [INFO]   tăng vốn điều lệ                         0
[2026-07-01 09:02:32] [TASK_8] [INFO]   hệ số an toàn vốn                        0
[2026-07-01 09:02:32] [TASK_8] [INFO]   tiền mặt dồi dào                         0
[2026-07-01 09:02:32] [TASK_8] [INFO]   dự án mới                                0
[2026-07-01 09:02:32] [TASK_8] [INFO]   đầu tư mới                               0
[2026-07-01 09:02:32] [TASK_8] [INFO]   hợp tác chiến lược                       0
[2026-07-01 09:02:32] [TASK_8] [INFO]   thắng thầu                               0
[2026-07-01 09:02:32] [TASK_8] [INFO] 
--- NEGATIVE keywords (54) ---
[2026-07-01 09:02:32] [TASK_8] [INFO]   lợi nhuận giảm                           1
[2026-07-01 09:02:32] [TASK_8] [INFO]   doanh thu giảm                           1
[2026-07-01 09:02:32] [TASK_8] [INFO]   sụt giảm                                 1
[2026-07-01 09:02:32] [TASK_8] [INFO]   giảm mạnh                                1
[2026-07-01 09:02:32] [TASK_8] [INFO]   nợ xấu                                   1
[2026-07-01 09:02:32] [TASK_8] [INFO]   áp lực tài chính                         1
[2026-07-01 09:02:32] [TASK_8] [INFO]   dòng tiền âm                             1
[2026-07-01 09:02:32] [TASK_8] [INFO]   hủy hợp đồng                             1
[2026-07-01 09:02:32] [TASK_8] [INFO]   dự án trì hoãn                           1
[2026-07-01 09:02:32] [TASK_8] [INFO]   đóng cửa                                 1
[2026-07-01 09:02:32] [TASK_8] [INFO]   bị phạt                                  1
[2026-07-01 09:02:32] [TASK_8] [INFO]   vi phạm                                  1
[2026-07-01 09:02:32] [TASK_8] [INFO]   bị thanh tra                             1
[2026-07-01 09:02:32] [TASK_8] [INFO]   lợi nhuận âm                             0
[2026-07-01 09:02:32] [TASK_8] [INFO]   thua lỗ                                  0
[2026-07-01 09:02:32] [TASK_8] [INFO]   lỗ ròng                                  0
[2026-07-01 09:02:32] [TASK_8] [INFO]   dưới kế hoạch                            0
[2026-07-01 09:02:32] [TASK_8] [INFO]   kết quả tiêu cực                         0
[2026-07-01 09:02:32] [TASK_8] [INFO]   lợi nhuận thấp hơn                       0
[2026-07-01 09:02:32] [TASK_8] [INFO]   báo lỗ                                   0
[2026-07-01 09:02:32] [TASK_8] [INFO]   lỗ nặng                                  0
[2026-07-01 09:02:32] [TASK_8] [INFO]   lỗ lớn                                   0
[2026-07-01 09:02:32] [TASK_8] [INFO]   lỗ kỷ lục                                0
[2026-07-01 09:02:32] [TASK_8] [INFO]   lỗ lũy kế                                0
[2026-07-01 09:02:32] [TASK_8] [INFO]   lao dốc                                  0
[2026-07-01 09:02:32] [TASK_8] [INFO]   giảm sâu                                 0
[2026-07-01 09:02:32] [TASK_8] [INFO]   tụt dốc                                  0
[2026-07-01 09:02:32] [TASK_8] [INFO]   kinh doanh sa sút                        0
[2026-07-01 09:02:32] [TASK_8] [INFO]   âm vốn chủ sở hữu                        0
[2026-07-01 09:02:32] [TASK_8] [INFO]   lợi nhuận không tăng                     0
[2026-07-01 09:02:32] [TASK_8] [INFO]   doanh thu không tăng                     0
[2026-07-01 09:02:32] [TASK_8] [INFO]   không tăng trưởng                        0
[2026-07-01 09:02:32] [TASK_8] [INFO]   tăng trưởng chậm lại                     0
[2026-07-01 09:02:32] [TASK_8] [INFO]   không hoàn thành kế hoạch                0
[2026-07-01 09:02:32] [TASK_8] [INFO]   không đạt kế hoạch                       0
[2026-07-01 09:02:32] [TASK_8] [INFO]   chưa có lãi                              0
[2026-07-01 09:02:32] [TASK_8] [INFO]   không chia cổ tức                        0
[2026-07-01 09:02:32] [TASK_8] [INFO]   hủy cổ tức                               0
[2026-07-01 09:02:32] [TASK_8] [INFO]   giảm cổ tức                              0
[2026-07-01 09:02:32] [TASK_8] [INFO]   phát hành pha loãng                      0
[2026-07-01 09:02:32] [TASK_8] [INFO]   chào bán giá thấp                        0
[2026-07-01 09:02:32] [TASK_8] [INFO]   nợ vay tăng                              0
[2026-07-01 09:02:32] [TASK_8] [INFO]   nợ quá hạn                               0
[2026-07-01 09:02:32] [TASK_8] [INFO]   hệ số nợ cao                             0
[2026-07-01 09:02:32] [TASK_8] [INFO]   thiếu thanh khoản                        0
[2026-07-01 09:02:32] [TASK_8] [INFO]   thu hẹp hoạt động                        0
[2026-07-01 09:02:32] [TASK_8] [INFO]   dừng dự án                               0
[2026-07-01 09:02:32] [TASK_8] [INFO]   bị kiểm toán từ chối                     0
[2026-07-01 09:02:32] [TASK_8] [INFO]   cảnh báo                                 0
[2026-07-01 09:02:32] [TASK_8] [INFO]   đình chỉ                                 0
[2026-07-01 09:02:32] [TASK_8] [INFO]   khởi tố                                  0
[2026-07-01 09:02:32] [TASK_8] [INFO]   điều tra                                 0
[2026-07-01 09:02:32] [TASK_8] [INFO]   tranh chấp pháp lý                       0
[2026-07-01 09:02:32] [TASK_8] [INFO]   bị kiện                                  0
[2026-07-01 09:02:32] [TASK_8] [INFO] 
--- NEUTRAL keywords (9) ---
[2026-07-01 09:02:32] [TASK_8] [INFO]   đại hội cổ đông                          1
[2026-07-01 09:02:32] [TASK_8] [INFO]   thay đổi lãnh đạo                        1
[2026-07-01 09:02:32] [TASK_8] [INFO]   sáp nhập                                 1
[2026-07-01 09:02:32] [TASK_8] [INFO]   mua lại                                  1
[2026-07-01 09:02:32] [TASK_8] [INFO]   phát hành cổ phiếu mới                   1
[2026-07-01 09:02:32] [TASK_8] [INFO]   thoái vốn                                1
[2026-07-01 09:02:32] [TASK_8] [INFO]   họp HĐQT                                 0
[2026-07-01 09:02:32] [TASK_8] [INFO]   thay CEO                                 0
[2026-07-01 09:02:32] [TASK_8] [INFO]   niêm yết thêm                            0
[2026-07-01 09:02:32] [TASK_8] [INFO] 
Total keyword occurrences in corpus: 34
[2026-07-01 09:02:32] [TASK_8] [INFO] Keywords with zero occurrences: 72 / 106
[2026-07-01 09:02:32] [TASK_8] [INFO] ======================================================================
[2026-07-01 09:02:32] [TASK_8] [INFO] Keyword Builder (TASK 8) complete.
[2026-07-01 09:02:32] [TASK_8] [INFO] Starting Keyword Builder (TASK 8)...
[2026-07-01 09:02:32] [TASK_8] [INFO] Loaded 23 stopwords.
[2026-07-01 09:02:32] [TASK_8] [INFO] Extracting keyword candidates from 10 documents...
[2026-07-01 09:02:32] [TASK_8] [INFO] Saved 176 keyword candidates to C:\Users\User\AppData\Local\Temp\tmp74vk50v_\keyword_candidates.csv (unigrams: 83, bigrams: 93).
[2026-07-01 09:02:32] [TASK_8] [INFO] Curated keyword list: 43 positive, 54 negative, 9 neutral (total: 106).
[2026-07-01 09:02:32] [TASK_8] [INFO] Saved flat keyword list to C:\Users\User\AppData\Local\Temp\tmp74vk50v_\keywords_finance.json.
[2026-07-01 09:02:32] [TASK_8] [INFO] Saved group-level keyword breakdown to C:\Users\User\AppData\Local\Temp\tmp74vk50v_\keywords_by_group.json.
[2026-07-01 09:02:32] [TASK_8] [INFO] ======================================================================
[2026-07-01 09:02:32] [TASK_8] [INFO] KEYWORD CORPUS FREQUENCY REPORT
[2026-07-01 09:02:32] [TASK_8] [INFO] ======================================================================
[2026-07-01 09:02:32] [TASK_8] [INFO] 
--- POSITIVE keywords (43) ---
[2026-07-01 09:02:32] [TASK_8] [INFO]   lợi nhuận tăng                           1
[2026-07-01 09:02:32] [TASK_8] [INFO]   doanh thu tăng                           1
[2026-07-01 09:02:32] [TASK_8] [INFO]   kỷ lục                                   1
[2026-07-01 09:02:32] [TASK_8] [INFO]   tăng trưởng                              1
[2026-07-01 09:02:32] [TASK_8] [INFO]   tăng mạnh                                1
[2026-07-01 09:02:32] [TASK_8] [INFO]   chia cổ tức                              1
[2026-07-01 09:02:32] [TASK_8] [INFO]   cổ tức cao                               1
[2026-07-01 09:02:32] [TASK_8] [INFO]   cổ tức tiền mặt                          1
[2026-07-01 09:02:32] [TASK_8] [INFO]   giảm nợ                                  1
[2026-07-01 09:02:32] [TASK_8] [INFO]   trả nợ                                   1
[2026-07-01 09:02:32] [TASK_8] [INFO]   cải thiện tài chính                      1
[2026-07-01 09:02:32] [TASK_8] [INFO]   dòng tiền dương                          1
[2026-07-01 09:02:32] [TASK_8] [INFO]   ký kết hợp đồng                          1
[2026-07-01 09:02:32] [TASK_8] [INFO]   mở rộng thị trường                       1
[2026-07-01 09:02:32] [TASK_8] [INFO]   xuất khẩu tăng                           1
[2026-07-01 09:02:32] [TASK_8] [INFO]   tăng trưởng mạnh                         0
[2026-07-01 09:02:32] [TASK_8] [INFO]   vượt kế hoạch                            0
[2026-07-01 09:02:32] [TASK_8] [INFO]   lãi ròng                                 0
[2026-07-01 09:02:32] [TASK_8] [INFO]   lợi nhuận sau thuế tăng                  0
[2026-07-01 09:02:32] [TASK_8] [INFO]   kết quả tích cực                         0
[2026-07-01 09:02:32] [TASK_8] [INFO]   lãi khủng                                0
[2026-07-01 09:02:32] [TASK_8] [INFO]   lãi lớn                                  0
[2026-07-01 09:02:32] [TASK_8] [INFO]   lãi đậm                                  0
[2026-07-01 09:02:32] [TASK_8] [INFO]   báo lãi                                  0
[2026-07-01 09:02:32] [TASK_8] [INFO]   lợi nhuận kỷ lục                         0
[2026-07-01 09:02:32] [TASK_8] [INFO]   doanh thu kỷ lục                         0
[2026-07-01 09:02:32] [TASK_8] [INFO]   lãi kỷ lục                               0
[2026-07-01 09:02:32] [TASK_8] [INFO]   bứt phá                                  0
[2026-07-01 09:02:32] [TASK_8] [INFO]   tăng vọt                                 0
[2026-07-01 09:02:32] [TASK_8] [INFO]   khởi sắc                                 0
[2026-07-01 09:02:32] [TASK_8] [INFO]   phục hồi                                 0
[2026-07-01 09:02:32] [TASK_8] [INFO]   lập đỉnh                                 0
[2026-07-01 09:02:32] [TASK_8] [INFO]   hoàn thành kế hoạch                      0
[2026-07-01 09:02:32] [TASK_8] [INFO]   lợi nhuận cải thiện                      0
[2026-07-01 09:02:32] [TASK_8] [INFO]   mua lại cổ phiếu                         0
[2026-07-01 09:02:32] [TASK_8] [INFO]   phát hành thưởng                         0
[2026-07-01 09:02:32] [TASK_8] [INFO]   tăng vốn điều lệ                         0
[2026-07-01 09:02:32] [TASK_8] [INFO]   hệ số an toàn vốn                        0
[2026-07-01 09:02:32] [TASK_8] [INFO]   tiền mặt dồi dào                         0
[2026-07-01 09:02:32] [TASK_8] [INFO]   dự án mới                                0
[2026-07-01 09:02:32] [TASK_8] [INFO]   đầu tư mới                               0
[2026-07-01 09:02:32] [TASK_8] [INFO]   hợp tác chiến lược                       0
[2026-07-01 09:02:32] [TASK_8] [INFO]   thắng thầu                               0
[2026-07-01 09:02:32] [TASK_8] [INFO] 
--- NEGATIVE keywords (54) ---
[2026-07-01 09:02:32] [TASK_8] [INFO]   lợi nhuận giảm                           1
[2026-07-01 09:02:32] [TASK_8] [INFO]   doanh thu giảm                           1
[2026-07-01 09:02:32] [TASK_8] [INFO]   sụt giảm                                 1
[2026-07-01 09:02:32] [TASK_8] [INFO]   giảm mạnh                                1
[2026-07-01 09:02:32] [TASK_8] [INFO]   nợ xấu                                   1
[2026-07-01 09:02:32] [TASK_8] [INFO]   áp lực tài chính                         1
[2026-07-01 09:02:32] [TASK_8] [INFO]   dòng tiền âm                             1
[2026-07-01 09:02:32] [TASK_8] [INFO]   hủy hợp đồng                             1
[2026-07-01 09:02:32] [TASK_8] [INFO]   dự án trì hoãn                           1
[2026-07-01 09:02:32] [TASK_8] [INFO]   đóng cửa                                 1
[2026-07-01 09:02:32] [TASK_8] [INFO]   bị phạt                                  1
[2026-07-01 09:02:32] [TASK_8] [INFO]   vi phạm                                  1
[2026-07-01 09:02:32] [TASK_8] [INFO]   bị thanh tra                             1
[2026-07-01 09:02:32] [TASK_8] [INFO]   lợi nhuận âm                             0
[2026-07-01 09:02:32] [TASK_8] [INFO]   thua lỗ                                  0
[2026-07-01 09:02:32] [TASK_8] [INFO]   lỗ ròng                                  0
[2026-07-01 09:02:32] [TASK_8] [INFO]   dưới kế hoạch                            0
[2026-07-01 09:02:32] [TASK_8] [INFO]   kết quả tiêu cực                         0
[2026-07-01 09:02:32] [TASK_8] [INFO]   lợi nhuận thấp hơn                       0
[2026-07-01 09:02:32] [TASK_8] [INFO]   báo lỗ                                   0
[2026-07-01 09:02:32] [TASK_8] [INFO]   lỗ nặng                                  0
[2026-07-01 09:02:32] [TASK_8] [INFO]   lỗ lớn                                   0
[2026-07-01 09:02:32] [TASK_8] [INFO]   lỗ kỷ lục                                0
[2026-07-01 09:02:32] [TASK_8] [INFO]   lỗ lũy kế                                0
[2026-07-01 09:02:32] [TASK_8] [INFO]   lao dốc                                  0
[2026-07-01 09:02:32] [TASK_8] [INFO]   giảm sâu                                 0
[2026-07-01 09:02:32] [TASK_8] [INFO]   tụt dốc                                  0
[2026-07-01 09:02:32] [TASK_8] [INFO]   kinh doanh sa sút                        0
[2026-07-01 09:02:32] [TASK_8] [INFO]   âm vốn chủ sở hữu                        0
[2026-07-01 09:02:32] [TASK_8] [INFO]   lợi nhuận không tăng                     0
[2026-07-01 09:02:32] [TASK_8] [INFO]   doanh thu không tăng                     0
[2026-07-01 09:02:32] [TASK_8] [INFO]   không tăng trưởng                        0
[2026-07-01 09:02:32] [TASK_8] [INFO]   tăng trưởng chậm lại                     0
[2026-07-01 09:02:32] [TASK_8] [INFO]   không hoàn thành kế hoạch                0
[2026-07-01 09:02:32] [TASK_8] [INFO]   không đạt kế hoạch                       0
[2026-07-01 09:02:32] [TASK_8] [INFO]   chưa có lãi                              0
[2026-07-01 09:02:32] [TASK_8] [INFO]   không chia cổ tức                        0
[2026-07-01 09:02:32] [TASK_8] [INFO]   hủy cổ tức                               0
[2026-07-01 09:02:32] [TASK_8] [INFO]   giảm cổ tức                              0
[2026-07-01 09:02:32] [TASK_8] [INFO]   phát hành pha loãng                      0
[2026-07-01 09:02:32] [TASK_8] [INFO]   chào bán giá thấp                        0
[2026-07-01 09:02:32] [TASK_8] [INFO]   nợ vay tăng                              0
[2026-07-01 09:02:32] [TASK_8] [INFO]   nợ quá hạn                               0
[2026-07-01 09:02:32] [TASK_8] [INFO]   hệ số nợ cao                             0
[2026-07-01 09:02:32] [TASK_8] [INFO]   thiếu thanh khoản                        0
[2026-07-01 09:02:32] [TASK_8] [INFO]   thu hẹp hoạt động                        0
[2026-07-01 09:02:32] [TASK_8] [INFO]   dừng dự án                               0
[2026-07-01 09:02:32] [TASK_8] [INFO]   bị kiểm toán từ chối                     0
[2026-07-01 09:02:32] [TASK_8] [INFO]   cảnh báo                                 0
[2026-07-01 09:02:32] [TASK_8] [INFO]   đình chỉ                                 0
[2026-07-01 09:02:32] [TASK_8] [INFO]   khởi tố                                  0
[2026-07-01 09:02:32] [TASK_8] [INFO]   điều tra                                 0
[2026-07-01 09:02:32] [TASK_8] [INFO]   tranh chấp pháp lý                       0
[2026-07-01 09:02:32] [TASK_8] [INFO]   bị kiện                                  0
[2026-07-01 09:02:32] [TASK_8] [INFO] 
--- NEUTRAL keywords (9) ---
[2026-07-01 09:02:32] [TASK_8] [INFO]   đại hội cổ đông                          1
[2026-07-01 09:02:32] [TASK_8] [INFO]   thay đổi lãnh đạo                        1
[2026-07-01 09:02:32] [TASK_8] [INFO]   sáp nhập                                 1
[2026-07-01 09:02:32] [TASK_8] [INFO]   mua lại                                  1
[2026-07-01 09:02:32] [TASK_8] [INFO]   phát hành cổ phiếu mới                   1
[2026-07-01 09:02:32] [TASK_8] [INFO]   thoái vốn                                1
[2026-07-01 09:02:32] [TASK_8] [INFO]   họp HĐQT                                 0
[2026-07-01 09:02:32] [TASK_8] [INFO]   thay CEO                                 0
[2026-07-01 09:02:32] [TASK_8] [INFO]   niêm yết thêm                            0
[2026-07-01 09:02:32] [TASK_8] [INFO] 
Total keyword occurrences in corpus: 34
[2026-07-01 09:02:32] [TASK_8] [INFO] Keywords with zero occurrences: 72 / 106
[2026-07-01 09:02:32] [TASK_8] [INFO] ======================================================================
[2026-07-01 09:02:32] [TASK_8] [INFO] Keyword Builder (TASK 8) complete.
[2026-07-01 09:02:32] [TASK_8] [INFO] Starting Keyword Builder (TASK 8)...
[2026-07-01 09:02:32] [TASK_8] [INFO] Loaded 23 stopwords.
[2026-07-01 09:02:32] [TASK_8] [INFO] No corpus provided — skipping candidate extraction.
[2026-07-01 09:02:32] [TASK_8] [INFO] Curated keyword list: 43 positive, 54 negative, 9 neutral (total: 106).
[2026-07-01 09:02:32] [TASK_8] [INFO] Saved flat keyword list to C:\Users\User\AppData\Local\Temp\tmpuyumlcx0\keywords_finance.json.
[2026-07-01 09:02:32] [TASK_8] [INFO] Saved group-level keyword breakdown to C:\Users\User\AppData\Local\Temp\tmpuyumlcx0\keywords_by_group.json.
[2026-07-01 09:02:32] [TASK_8] [INFO] No corpus provided — skipping frequency report.
[2026-07-01 09:02:32] [TASK_8] [INFO] Keyword Builder (TASK 8) complete.
[2026-07-01 09:02:53] [TASK_8] [INFO] ============================================================
[2026-07-01 09:02:53] [TASK_8] [INFO] START TASK_8: Keyword Building (curate financial keywords)
[2026-07-01 09:02:53] [TASK_8] [INFO] Timestamp: 2026-07-01T09:02:53.235860
[2026-07-01 09:02:53] [TASK_8] [INFO] ============================================================
[2026-07-01 09:02:53] [TASK_8] [INFO] Input: data/news/processed/all_news_processed.csv (34979 rows)
[2026-07-01 09:02:53] [TASK_8] [INFO] ------------------------------------------------------------
[2026-07-01 09:02:53] [TASK_8] [INFO] END TASK_8 — completed in 0.0 seconds
[2026-07-01 09:02:53] [TASK_8] [INFO] ============================================================
[2026-07-01 09:02:54] [TASK_8] [INFO] ============================================================
[2026-07-01 09:02:54] [TASK_8] [INFO] START TASK_8: Keyword Building (curate financial keywords)
[2026-07-01 09:02:54] [TASK_8] [INFO] Timestamp: 2026-07-01T09:02:54.001428
[2026-07-01 09:02:54] [TASK_8] [INFO] ============================================================
[2026-07-01 09:02:54] [TASK_8] [INFO] Input: data/news/processed/all_news_processed.csv (34979 rows)
[2026-07-01 09:02:54] [TASK_8] [INFO] ------------------------------------------------------------
[2026-07-01 09:02:54] [TASK_8] [INFO] END TASK_8 — completed in 0.0 seconds
[2026-07-01 09:02:54] [TASK_8] [INFO] ============================================================
[2026-07-01 09:03:10] [TASK_8] [INFO] Starting Keyword Builder (TASK 8)...
[2026-07-01 09:03:10] [TASK_8] [INFO] Loaded 23 stopwords.
[2026-07-01 09:03:10] [TASK_8] [INFO] Extracting keyword candidates from 10 documents...
[2026-07-01 09:03:10] [TASK_8] [INFO] Saved 176 keyword candidates to C:\Users\User\AppData\Local\Temp\tmps71yvwo7\keyword_candidates.csv (unigrams: 83, bigrams: 93).
[2026-07-01 09:03:10] [TASK_8] [INFO] Curated keyword list: 43 positive, 54 negative, 9 neutral (total: 106).
[2026-07-01 09:03:10] [TASK_8] [INFO] Saved flat keyword list to C:\Users\User\AppData\Local\Temp\tmps71yvwo7\keywords_finance.json.
[2026-07-01 09:03:10] [TASK_8] [INFO] Saved group-level keyword breakdown to C:\Users\User\AppData\Local\Temp\tmps71yvwo7\keywords_by_group.json.
[2026-07-01 09:03:10] [TASK_8] [INFO] ======================================================================
[2026-07-01 09:03:10] [TASK_8] [INFO] KEYWORD CORPUS FREQUENCY REPORT
[2026-07-01 09:03:10] [TASK_8] [INFO] ======================================================================
[2026-07-01 09:03:10] [TASK_8] [INFO] 
--- POSITIVE keywords (43) ---
[2026-07-01 09:03:10] [TASK_8] [INFO]   lợi nhuận tăng                           1
[2026-07-01 09:03:10] [TASK_8] [INFO]   doanh thu tăng                           1
[2026-07-01 09:03:10] [TASK_8] [INFO]   kỷ lục                                   1
[2026-07-01 09:03:10] [TASK_8] [INFO]   tăng trưởng                              1
[2026-07-01 09:03:10] [TASK_8] [INFO]   tăng mạnh                                1
[2026-07-01 09:03:10] [TASK_8] [INFO]   chia cổ tức                              1
[2026-07-01 09:03:10] [TASK_8] [INFO]   cổ tức cao                               1
[2026-07-01 09:03:10] [TASK_8] [INFO]   cổ tức tiền mặt                          1
[2026-07-01 09:03:10] [TASK_8] [INFO]   giảm nợ                                  1
[2026-07-01 09:03:10] [TASK_8] [INFO]   trả nợ                                   1
[2026-07-01 09:03:10] [TASK_8] [INFO]   cải thiện tài chính                      1
[2026-07-01 09:03:10] [TASK_8] [INFO]   dòng tiền dương                          1
[2026-07-01 09:03:10] [TASK_8] [INFO]   ký kết hợp đồng                          1
[2026-07-01 09:03:10] [TASK_8] [INFO]   mở rộng thị trường                       1
[2026-07-01 09:03:10] [TASK_8] [INFO]   xuất khẩu tăng                           1
[2026-07-01 09:03:10] [TASK_8] [INFO]   tăng trưởng mạnh                         0
[2026-07-01 09:03:10] [TASK_8] [INFO]   vượt kế hoạch                            0
[2026-07-01 09:03:10] [TASK_8] [INFO]   lãi ròng                                 0
[2026-07-01 09:03:10] [TASK_8] [INFO]   lợi nhuận sau thuế tăng                  0
[2026-07-01 09:03:10] [TASK_8] [INFO]   kết quả tích cực                         0
[2026-07-01 09:03:10] [TASK_8] [INFO]   lãi khủng                                0
[2026-07-01 09:03:10] [TASK_8] [INFO]   lãi lớn                                  0
[2026-07-01 09:03:10] [TASK_8] [INFO]   lãi đậm                                  0
[2026-07-01 09:03:10] [TASK_8] [INFO]   báo lãi                                  0
[2026-07-01 09:03:10] [TASK_8] [INFO]   lợi nhuận kỷ lục                         0
[2026-07-01 09:03:10] [TASK_8] [INFO]   doanh thu kỷ lục                         0
[2026-07-01 09:03:10] [TASK_8] [INFO]   lãi kỷ lục                               0
[2026-07-01 09:03:10] [TASK_8] [INFO]   bứt phá                                  0
[2026-07-01 09:03:10] [TASK_8] [INFO]   tăng vọt                                 0
[2026-07-01 09:03:10] [TASK_8] [INFO]   khởi sắc                                 0
[2026-07-01 09:03:10] [TASK_8] [INFO]   phục hồi                                 0
[2026-07-01 09:03:10] [TASK_8] [INFO]   lập đỉnh                                 0
[2026-07-01 09:03:10] [TASK_8] [INFO]   hoàn thành kế hoạch                      0
[2026-07-01 09:03:10] [TASK_8] [INFO]   lợi nhuận cải thiện                      0
[2026-07-01 09:03:10] [TASK_8] [INFO]   mua lại cổ phiếu                         0
[2026-07-01 09:03:10] [TASK_8] [INFO]   phát hành thưởng                         0
[2026-07-01 09:03:10] [TASK_8] [INFO]   tăng vốn điều lệ                         0
[2026-07-01 09:03:10] [TASK_8] [INFO]   hệ số an toàn vốn                        0
[2026-07-01 09:03:10] [TASK_8] [INFO]   tiền mặt dồi dào                         0
[2026-07-01 09:03:10] [TASK_8] [INFO]   dự án mới                                0
[2026-07-01 09:03:10] [TASK_8] [INFO]   đầu tư mới                               0
[2026-07-01 09:03:10] [TASK_8] [INFO]   hợp tác chiến lược                       0
[2026-07-01 09:03:10] [TASK_8] [INFO]   thắng thầu                               0
[2026-07-01 09:03:10] [TASK_8] [INFO] 
--- NEGATIVE keywords (54) ---
[2026-07-01 09:03:10] [TASK_8] [INFO]   lợi nhuận giảm                           1
[2026-07-01 09:03:10] [TASK_8] [INFO]   doanh thu giảm                           1
[2026-07-01 09:03:10] [TASK_8] [INFO]   sụt giảm                                 1
[2026-07-01 09:03:10] [TASK_8] [INFO]   giảm mạnh                                1
[2026-07-01 09:03:10] [TASK_8] [INFO]   nợ xấu                                   1
[2026-07-01 09:03:10] [TASK_8] [INFO]   áp lực tài chính                         1
[2026-07-01 09:03:10] [TASK_8] [INFO]   dòng tiền âm                             1
[2026-07-01 09:03:10] [TASK_8] [INFO]   hủy hợp đồng                             1
[2026-07-01 09:03:10] [TASK_8] [INFO]   dự án trì hoãn                           1
[2026-07-01 09:03:10] [TASK_8] [INFO]   đóng cửa                                 1
[2026-07-01 09:03:10] [TASK_8] [INFO]   bị phạt                                  1
[2026-07-01 09:03:10] [TASK_8] [INFO]   vi phạm                                  1
[2026-07-01 09:03:10] [TASK_8] [INFO]   bị thanh tra                             1
[2026-07-01 09:03:10] [TASK_8] [INFO]   lợi nhuận âm                             0
[2026-07-01 09:03:10] [TASK_8] [INFO]   thua lỗ                                  0
[2026-07-01 09:03:10] [TASK_8] [INFO]   lỗ ròng                                  0
[2026-07-01 09:03:10] [TASK_8] [INFO]   dưới kế hoạch                            0
[2026-07-01 09:03:10] [TASK_8] [INFO]   kết quả tiêu cực                         0
[2026-07-01 09:03:10] [TASK_8] [INFO]   lợi nhuận thấp hơn                       0
[2026-07-01 09:03:10] [TASK_8] [INFO]   báo lỗ                                   0
[2026-07-01 09:03:10] [TASK_8] [INFO]   lỗ nặng                                  0
[2026-07-01 09:03:10] [TASK_8] [INFO]   lỗ lớn                                   0
[2026-07-01 09:03:10] [TASK_8] [INFO]   lỗ kỷ lục                                0
[2026-07-01 09:03:10] [TASK_8] [INFO]   lỗ lũy kế                                0
[2026-07-01 09:03:10] [TASK_8] [INFO]   lao dốc                                  0
[2026-07-01 09:03:10] [TASK_8] [INFO]   giảm sâu                                 0
[2026-07-01 09:03:10] [TASK_8] [INFO]   tụt dốc                                  0
[2026-07-01 09:03:10] [TASK_8] [INFO]   kinh doanh sa sút                        0
[2026-07-01 09:03:10] [TASK_8] [INFO]   âm vốn chủ sở hữu                        0
[2026-07-01 09:03:10] [TASK_8] [INFO]   lợi nhuận không tăng                     0
[2026-07-01 09:03:10] [TASK_8] [INFO]   doanh thu không tăng                     0
[2026-07-01 09:03:10] [TASK_8] [INFO]   không tăng trưởng                        0
[2026-07-01 09:03:10] [TASK_8] [INFO]   tăng trưởng chậm lại                     0
[2026-07-01 09:03:10] [TASK_8] [INFO]   không hoàn thành kế hoạch                0
[2026-07-01 09:03:10] [TASK_8] [INFO]   không đạt kế hoạch                       0
[2026-07-01 09:03:10] [TASK_8] [INFO]   chưa có lãi                              0
[2026-07-01 09:03:10] [TASK_8] [INFO]   không chia cổ tức                        0
[2026-07-01 09:03:10] [TASK_8] [INFO]   hủy cổ tức                               0
[2026-07-01 09:03:10] [TASK_8] [INFO]   giảm cổ tức                              0
[2026-07-01 09:03:10] [TASK_8] [INFO]   phát hành pha loãng                      0
[2026-07-01 09:03:10] [TASK_8] [INFO]   chào bán giá thấp                        0
[2026-07-01 09:03:10] [TASK_8] [INFO]   nợ vay tăng                              0
[2026-07-01 09:03:10] [TASK_8] [INFO]   nợ quá hạn                               0
[2026-07-01 09:03:10] [TASK_8] [INFO]   hệ số nợ cao                             0
[2026-07-01 09:03:10] [TASK_8] [INFO]   thiếu thanh khoản                        0
[2026-07-01 09:03:10] [TASK_8] [INFO]   thu hẹp hoạt động                        0
[2026-07-01 09:03:10] [TASK_8] [INFO]   dừng dự án                               0
[2026-07-01 09:03:10] [TASK_8] [INFO]   bị kiểm toán từ chối                     0
[2026-07-01 09:03:10] [TASK_8] [INFO]   cảnh báo                                 0
[2026-07-01 09:03:10] [TASK_8] [INFO]   đình chỉ                                 0
[2026-07-01 09:03:10] [TASK_8] [INFO]   khởi tố                                  0
[2026-07-01 09:03:10] [TASK_8] [INFO]   điều tra                                 0
[2026-07-01 09:03:10] [TASK_8] [INFO]   tranh chấp pháp lý                       0
[2026-07-01 09:03:10] [TASK_8] [INFO]   bị kiện                                  0
[2026-07-01 09:03:10] [TASK_8] [INFO] 
--- NEUTRAL keywords (9) ---
[2026-07-01 09:03:10] [TASK_8] [INFO]   đại hội cổ đông                          1
[2026-07-01 09:03:10] [TASK_8] [INFO]   thay đổi lãnh đạo                        1
[2026-07-01 09:03:10] [TASK_8] [INFO]   sáp nhập                                 1
[2026-07-01 09:03:10] [TASK_8] [INFO]   mua lại                                  1
[2026-07-01 09:03:10] [TASK_8] [INFO]   phát hành cổ phiếu mới                   1
[2026-07-01 09:03:10] [TASK_8] [INFO]   thoái vốn                                1
[2026-07-01 09:03:10] [TASK_8] [INFO]   họp HĐQT                                 0
[2026-07-01 09:03:10] [TASK_8] [INFO]   thay CEO                                 0
[2026-07-01 09:03:10] [TASK_8] [INFO]   niêm yết thêm                            0
[2026-07-01 09:03:10] [TASK_8] [INFO] 
Total keyword occurrences in corpus: 34
[2026-07-01 09:03:10] [TASK_8] [INFO] Keywords with zero occurrences: 72 / 106
[2026-07-01 09:03:10] [TASK_8] [INFO] ======================================================================
[2026-07-01 09:03:10] [TASK_8] [INFO] Keyword Builder (TASK 8) complete.
[2026-07-01 09:03:10] [TASK_8] [INFO] Starting Keyword Builder (TASK 8)...
[2026-07-01 09:03:10] [TASK_8] [INFO] Loaded 23 stopwords.
[2026-07-01 09:03:10] [TASK_8] [INFO] Extracting keyword candidates from 10 documents...
[2026-07-01 09:03:10] [TASK_8] [INFO] Saved 176 keyword candidates to C:\Users\User\AppData\Local\Temp\tmpozq6sygj\keyword_candidates.csv (unigrams: 83, bigrams: 93).
[2026-07-01 09:03:10] [TASK_8] [INFO] Curated keyword list: 43 positive, 54 negative, 9 neutral (total: 106).
[2026-07-01 09:03:10] [TASK_8] [INFO] Saved flat keyword list to C:\Users\User\AppData\Local\Temp\tmpozq6sygj\keywords_finance.json.
[2026-07-01 09:03:10] [TASK_8] [INFO] Saved group-level keyword breakdown to C:\Users\User\AppData\Local\Temp\tmpozq6sygj\keywords_by_group.json.
[2026-07-01 09:03:10] [TASK_8] [INFO] ======================================================================
[2026-07-01 09:03:10] [TASK_8] [INFO] KEYWORD CORPUS FREQUENCY REPORT
[2026-07-01 09:03:10] [TASK_8] [INFO] ======================================================================
[2026-07-01 09:03:10] [TASK_8] [INFO] 
--- POSITIVE keywords (43) ---
[2026-07-01 09:03:10] [TASK_8] [INFO]   lợi nhuận tăng                           1
[2026-07-01 09:03:10] [TASK_8] [INFO]   doanh thu tăng                           1
[2026-07-01 09:03:10] [TASK_8] [INFO]   kỷ lục                                   1
[2026-07-01 09:03:10] [TASK_8] [INFO]   tăng trưởng                              1
[2026-07-01 09:03:10] [TASK_8] [INFO]   tăng mạnh                                1
[2026-07-01 09:03:10] [TASK_8] [INFO]   chia cổ tức                              1
[2026-07-01 09:03:10] [TASK_8] [INFO]   cổ tức cao                               1
[2026-07-01 09:03:10] [TASK_8] [INFO]   cổ tức tiền mặt                          1
[2026-07-01 09:03:10] [TASK_8] [INFO]   giảm nợ                                  1
[2026-07-01 09:03:10] [TASK_8] [INFO]   trả nợ                                   1
[2026-07-01 09:03:10] [TASK_8] [INFO]   cải thiện tài chính                      1
[2026-07-01 09:03:10] [TASK_8] [INFO]   dòng tiền dương                          1
[2026-07-01 09:03:10] [TASK_8] [INFO]   ký kết hợp đồng                          1
[2026-07-01 09:03:10] [TASK_8] [INFO]   mở rộng thị trường                       1
[2026-07-01 09:03:10] [TASK_8] [INFO]   xuất khẩu tăng                           1
[2026-07-01 09:03:10] [TASK_8] [INFO]   tăng trưởng mạnh                         0
[2026-07-01 09:03:10] [TASK_8] [INFO]   vượt kế hoạch                            0
[2026-07-01 09:03:10] [TASK_8] [INFO]   lãi ròng                                 0
[2026-07-01 09:03:10] [TASK_8] [INFO]   lợi nhuận sau thuế tăng                  0
[2026-07-01 09:03:10] [TASK_8] [INFO]   kết quả tích cực                         0
[2026-07-01 09:03:10] [TASK_8] [INFO]   lãi khủng                                0
[2026-07-01 09:03:10] [TASK_8] [INFO]   lãi lớn                                  0
[2026-07-01 09:03:10] [TASK_8] [INFO]   lãi đậm                                  0
[2026-07-01 09:03:10] [TASK_8] [INFO]   báo lãi                                  0
[2026-07-01 09:03:10] [TASK_8] [INFO]   lợi nhuận kỷ lục                         0
[2026-07-01 09:03:10] [TASK_8] [INFO]   doanh thu kỷ lục                         0
[2026-07-01 09:03:10] [TASK_8] [INFO]   lãi kỷ lục                               0
[2026-07-01 09:03:10] [TASK_8] [INFO]   bứt phá                                  0
[2026-07-01 09:03:10] [TASK_8] [INFO]   tăng vọt                                 0
[2026-07-01 09:03:10] [TASK_8] [INFO]   khởi sắc                                 0
[2026-07-01 09:03:10] [TASK_8] [INFO]   phục hồi                                 0
[2026-07-01 09:03:10] [TASK_8] [INFO]   lập đỉnh                                 0
[2026-07-01 09:03:10] [TASK_8] [INFO]   hoàn thành kế hoạch                      0
[2026-07-01 09:03:10] [TASK_8] [INFO]   lợi nhuận cải thiện                      0
[2026-07-01 09:03:10] [TASK_8] [INFO]   mua lại cổ phiếu                         0
[2026-07-01 09:03:10] [TASK_8] [INFO]   phát hành thưởng                         0
[2026-07-01 09:03:10] [TASK_8] [INFO]   tăng vốn điều lệ                         0
[2026-07-01 09:03:10] [TASK_8] [INFO]   hệ số an toàn vốn                        0
[2026-07-01 09:03:10] [TASK_8] [INFO]   tiền mặt dồi dào                         0
[2026-07-01 09:03:10] [TASK_8] [INFO]   dự án mới                                0
[2026-07-01 09:03:10] [TASK_8] [INFO]   đầu tư mới                               0
[2026-07-01 09:03:10] [TASK_8] [INFO]   hợp tác chiến lược                       0
[2026-07-01 09:03:10] [TASK_8] [INFO]   thắng thầu                               0
[2026-07-01 09:03:10] [TASK_8] [INFO] 
--- NEGATIVE keywords (54) ---
[2026-07-01 09:03:10] [TASK_8] [INFO]   lợi nhuận giảm                           1
[2026-07-01 09:03:10] [TASK_8] [INFO]   doanh thu giảm                           1
[2026-07-01 09:03:10] [TASK_8] [INFO]   sụt giảm                                 1
[2026-07-01 09:03:10] [TASK_8] [INFO]   giảm mạnh                                1
[2026-07-01 09:03:10] [TASK_8] [INFO]   nợ xấu                                   1
[2026-07-01 09:03:10] [TASK_8] [INFO]   áp lực tài chính                         1
[2026-07-01 09:03:10] [TASK_8] [INFO]   dòng tiền âm                             1
[2026-07-01 09:03:10] [TASK_8] [INFO]   hủy hợp đồng                             1
[2026-07-01 09:03:10] [TASK_8] [INFO]   dự án trì hoãn                           1
[2026-07-01 09:03:10] [TASK_8] [INFO]   đóng cửa                                 1
[2026-07-01 09:03:10] [TASK_8] [INFO]   bị phạt                                  1
[2026-07-01 09:03:10] [TASK_8] [INFO]   vi phạm                                  1
[2026-07-01 09:03:10] [TASK_8] [INFO]   bị thanh tra                             1
[2026-07-01 09:03:10] [TASK_8] [INFO]   lợi nhuận âm                             0
[2026-07-01 09:03:10] [TASK_8] [INFO]   thua lỗ                                  0
[2026-07-01 09:03:10] [TASK_8] [INFO]   lỗ ròng                                  0
[2026-07-01 09:03:10] [TASK_8] [INFO]   dưới kế hoạch                            0
[2026-07-01 09:03:10] [TASK_8] [INFO]   kết quả tiêu cực                         0
[2026-07-01 09:03:10] [TASK_8] [INFO]   lợi nhuận thấp hơn                       0
[2026-07-01 09:03:10] [TASK_8] [INFO]   báo lỗ                                   0
[2026-07-01 09:03:10] [TASK_8] [INFO]   lỗ nặng                                  0
[2026-07-01 09:03:10] [TASK_8] [INFO]   lỗ lớn                                   0
[2026-07-01 09:03:10] [TASK_8] [INFO]   lỗ kỷ lục                                0
[2026-07-01 09:03:10] [TASK_8] [INFO]   lỗ lũy kế                                0
[2026-07-01 09:03:10] [TASK_8] [INFO]   lao dốc                                  0
[2026-07-01 09:03:10] [TASK_8] [INFO]   giảm sâu                                 0
[2026-07-01 09:03:10] [TASK_8] [INFO]   tụt dốc                                  0
[2026-07-01 09:03:10] [TASK_8] [INFO]   kinh doanh sa sút                        0
[2026-07-01 09:03:10] [TASK_8] [INFO]   âm vốn chủ sở hữu                        0
[2026-07-01 09:03:10] [TASK_8] [INFO]   lợi nhuận không tăng                     0
[2026-07-01 09:03:10] [TASK_8] [INFO]   doanh thu không tăng                     0
[2026-07-01 09:03:10] [TASK_8] [INFO]   không tăng trưởng                        0
[2026-07-01 09:03:10] [TASK_8] [INFO]   tăng trưởng chậm lại                     0
[2026-07-01 09:03:10] [TASK_8] [INFO]   không hoàn thành kế hoạch                0
[2026-07-01 09:03:10] [TASK_8] [INFO]   không đạt kế hoạch                       0
[2026-07-01 09:03:10] [TASK_8] [INFO]   chưa có lãi                              0
[2026-07-01 09:03:10] [TASK_8] [INFO]   không chia cổ tức                        0
[2026-07-01 09:03:10] [TASK_8] [INFO]   hủy cổ tức                               0
[2026-07-01 09:03:10] [TASK_8] [INFO]   giảm cổ tức                              0
[2026-07-01 09:03:10] [TASK_8] [INFO]   phát hành pha loãng                      0
[2026-07-01 09:03:10] [TASK_8] [INFO]   chào bán giá thấp                        0
[2026-07-01 09:03:10] [TASK_8] [INFO]   nợ vay tăng                              0
[2026-07-01 09:03:10] [TASK_8] [INFO]   nợ quá hạn                               0
[2026-07-01 09:03:10] [TASK_8] [INFO]   hệ số nợ cao                             0
[2026-07-01 09:03:10] [TASK_8] [INFO]   thiếu thanh khoản                        0
[2026-07-01 09:03:10] [TASK_8] [INFO]   thu hẹp hoạt động                        0
[2026-07-01 09:03:10] [TASK_8] [INFO]   dừng dự án                               0
[2026-07-01 09:03:10] [TASK_8] [INFO]   bị kiểm toán từ chối                     0
[2026-07-01 09:03:10] [TASK_8] [INFO]   cảnh báo                                 0
[2026-07-01 09:03:10] [TASK_8] [INFO]   đình chỉ                                 0
[2026-07-01 09:03:10] [TASK_8] [INFO]   khởi tố                                  0
[2026-07-01 09:03:10] [TASK_8] [INFO]   điều tra                                 0
[2026-07-01 09:03:10] [TASK_8] [INFO]   tranh chấp pháp lý                       0
[2026-07-01 09:03:10] [TASK_8] [INFO]   bị kiện                                  0
[2026-07-01 09:03:10] [TASK_8] [INFO] 
--- NEUTRAL keywords (9) ---
[2026-07-01 09:03:10] [TASK_8] [INFO]   đại hội cổ đông                          1
[2026-07-01 09:03:10] [TASK_8] [INFO]   thay đổi lãnh đạo                        1
[2026-07-01 09:03:10] [TASK_8] [INFO]   sáp nhập                                 1
[2026-07-01 09:03:10] [TASK_8] [INFO]   mua lại                                  1
[2026-07-01 09:03:10] [TASK_8] [INFO]   phát hành cổ phiếu mới                   1
[2026-07-01 09:03:10] [TASK_8] [INFO]   thoái vốn                                1
[2026-07-01 09:03:10] [TASK_8] [INFO]   họp HĐQT                                 0
[2026-07-01 09:03:10] [TASK_8] [INFO]   thay CEO                                 0
[2026-07-01 09:03:10] [TASK_8] [INFO]   niêm yết thêm                            0
[2026-07-01 09:03:10] [TASK_8] [INFO] 
Total keyword occurrences in corpus: 34
[2026-07-01 09:03:10] [TASK_8] [INFO] Keywords with zero occurrences: 72 / 106
[2026-07-01 09:03:10] [TASK_8] [INFO] ======================================================================
[2026-07-01 09:03:10] [TASK_8] [INFO] Keyword Builder (TASK 8) complete.
[2026-07-01 09:03:10] [TASK_8] [INFO] Starting Keyword Builder (TASK 8)...
[2026-07-01 09:03:10] [TASK_8] [INFO] Loaded 23 stopwords.
[2026-07-01 09:03:10] [TASK_8] [INFO] No corpus provided — skipping candidate extraction.
[2026-07-01 09:03:10] [TASK_8] [INFO] Curated keyword list: 43 positive, 54 negative, 9 neutral (total: 106).
[2026-07-01 09:03:10] [TASK_8] [INFO] Saved flat keyword list to C:\Users\User\AppData\Local\Temp\tmpas1psx2s\keywords_finance.json.
[2026-07-01 09:03:10] [TASK_8] [INFO] Saved group-level keyword breakdown to C:\Users\User\AppData\Local\Temp\tmpas1psx2s\keywords_by_group.json.
[2026-07-01 09:03:10] [TASK_8] [INFO] No corpus provided — skipping frequency report.
[2026-07-01 09:03:10] [TASK_8] [INFO] Keyword Builder (TASK 8) complete.
[2026-07-01 09:53:45] [TASK_8] [INFO] ============================================================
[2026-07-01 09:53:45] [TASK_8] [INFO] START TASK_8: Keyword Building (curate financial keywords)
[2026-07-01 09:53:45] [TASK_8] [INFO] Timestamp: 2026-07-01T09:53:45.444645
[2026-07-01 09:53:45] [TASK_8] [INFO] ============================================================
[2026-07-01 09:53:45] [TASK_8] [INFO] Input: data/news/processed/all_news_processed.csv (34979 rows)
[2026-07-01 09:53:45] [TASK_8] [INFO] ------------------------------------------------------------
[2026-07-01 09:53:45] [TASK_8] [INFO] END TASK_8 — completed in 0.0 seconds
[2026-07-01 09:53:45] [TASK_8] [INFO] ============================================================
[2026-07-01 09:53:46] [TASK_8] [INFO] ============================================================
[2026-07-01 09:53:46] [TASK_8] [INFO] START TASK_8: Keyword Building (curate financial keywords)
[2026-07-01 09:53:46] [TASK_8] [INFO] Timestamp: 2026-07-01T09:53:46.302835
[2026-07-01 09:53:46] [TASK_8] [INFO] ============================================================
[2026-07-01 09:53:46] [TASK_8] [INFO] Input: data/news/processed/all_news_processed.csv (34979 rows)
[2026-07-01 09:53:46] [TASK_8] [INFO] ------------------------------------------------------------
[2026-07-01 09:53:46] [TASK_8] [INFO] END TASK_8 — completed in 0.0 seconds
[2026-07-01 09:53:46] [TASK_8] [INFO] ============================================================
[2026-07-01 09:54:16] [TASK_8] [INFO] Starting Keyword Builder (TASK 8)...
[2026-07-01 09:54:16] [TASK_8] [INFO] Loaded 23 stopwords.
[2026-07-01 09:54:16] [TASK_8] [INFO] Extracting keyword candidates from 10 documents...
[2026-07-01 09:54:16] [TASK_8] [INFO] Saved 176 keyword candidates to C:\Users\User\AppData\Local\Temp\tmpj8d4m307\keyword_candidates.csv (unigrams: 83, bigrams: 93).
[2026-07-01 09:54:16] [TASK_8] [INFO] Curated keyword list: 43 positive, 54 negative, 9 neutral (total: 106).
[2026-07-01 09:54:16] [TASK_8] [INFO] Saved flat keyword list to C:\Users\User\AppData\Local\Temp\tmpj8d4m307\keywords_finance.json.
[2026-07-01 09:54:16] [TASK_8] [INFO] Saved group-level keyword breakdown to C:\Users\User\AppData\Local\Temp\tmpj8d4m307\keywords_by_group.json.
[2026-07-01 09:54:16] [TASK_8] [INFO] ======================================================================
[2026-07-01 09:54:16] [TASK_8] [INFO] KEYWORD CORPUS FREQUENCY REPORT
[2026-07-01 09:54:16] [TASK_8] [INFO] ======================================================================
[2026-07-01 09:54:16] [TASK_8] [INFO] 
--- POSITIVE keywords (43) ---
[2026-07-01 09:54:16] [TASK_8] [INFO]   lợi nhuận tăng                           1
[2026-07-01 09:54:16] [TASK_8] [INFO]   doanh thu tăng                           1
[2026-07-01 09:54:16] [TASK_8] [INFO]   kỷ lục                                   1
[2026-07-01 09:54:16] [TASK_8] [INFO]   tăng trưởng                              1
[2026-07-01 09:54:16] [TASK_8] [INFO]   tăng mạnh                                1
[2026-07-01 09:54:16] [TASK_8] [INFO]   chia cổ tức                              1
[2026-07-01 09:54:16] [TASK_8] [INFO]   cổ tức cao                               1
[2026-07-01 09:54:16] [TASK_8] [INFO]   cổ tức tiền mặt                          1
[2026-07-01 09:54:16] [TASK_8] [INFO]   giảm nợ                                  1
[2026-07-01 09:54:16] [TASK_8] [INFO]   trả nợ                                   1
[2026-07-01 09:54:16] [TASK_8] [INFO]   cải thiện tài chính                      1
[2026-07-01 09:54:16] [TASK_8] [INFO]   dòng tiền dương                          1
[2026-07-01 09:54:16] [TASK_8] [INFO]   ký kết hợp đồng                          1
[2026-07-01 09:54:16] [TASK_8] [INFO]   mở rộng thị trường                       1
[2026-07-01 09:54:16] [TASK_8] [INFO]   xuất khẩu tăng                           1
[2026-07-01 09:54:16] [TASK_8] [INFO]   tăng trưởng mạnh                         0
[2026-07-01 09:54:16] [TASK_8] [INFO]   vượt kế hoạch                            0
[2026-07-01 09:54:16] [TASK_8] [INFO]   lãi ròng                                 0
[2026-07-01 09:54:16] [TASK_8] [INFO]   lợi nhuận sau thuế tăng                  0
[2026-07-01 09:54:16] [TASK_8] [INFO]   kết quả tích cực                         0
[2026-07-01 09:54:16] [TASK_8] [INFO]   lãi khủng                                0
[2026-07-01 09:54:16] [TASK_8] [INFO]   lãi lớn                                  0
[2026-07-01 09:54:16] [TASK_8] [INFO]   lãi đậm                                  0
[2026-07-01 09:54:16] [TASK_8] [INFO]   báo lãi                                  0
[2026-07-01 09:54:16] [TASK_8] [INFO]   lợi nhuận kỷ lục                         0
[2026-07-01 09:54:16] [TASK_8] [INFO]   doanh thu kỷ lục                         0
[2026-07-01 09:54:16] [TASK_8] [INFO]   lãi kỷ lục                               0
[2026-07-01 09:54:16] [TASK_8] [INFO]   bứt phá                                  0
[2026-07-01 09:54:16] [TASK_8] [INFO]   tăng vọt                                 0
[2026-07-01 09:54:16] [TASK_8] [INFO]   khởi sắc                                 0
[2026-07-01 09:54:16] [TASK_8] [INFO]   phục hồi                                 0
[2026-07-01 09:54:16] [TASK_8] [INFO]   lập đỉnh                                 0
[2026-07-01 09:54:16] [TASK_8] [INFO]   hoàn thành kế hoạch                      0
[2026-07-01 09:54:16] [TASK_8] [INFO]   lợi nhuận cải thiện                      0
[2026-07-01 09:54:16] [TASK_8] [INFO]   mua lại cổ phiếu                         0
[2026-07-01 09:54:16] [TASK_8] [INFO]   phát hành thưởng                         0
[2026-07-01 09:54:16] [TASK_8] [INFO]   tăng vốn điều lệ                         0
[2026-07-01 09:54:16] [TASK_8] [INFO]   hệ số an toàn vốn                        0
[2026-07-01 09:54:16] [TASK_8] [INFO]   tiền mặt dồi dào                         0
[2026-07-01 09:54:16] [TASK_8] [INFO]   dự án mới                                0
[2026-07-01 09:54:16] [TASK_8] [INFO]   đầu tư mới                               0
[2026-07-01 09:54:16] [TASK_8] [INFO]   hợp tác chiến lược                       0
[2026-07-01 09:54:16] [TASK_8] [INFO]   thắng thầu                               0
[2026-07-01 09:54:16] [TASK_8] [INFO] 
--- NEGATIVE keywords (54) ---
[2026-07-01 09:54:16] [TASK_8] [INFO]   lợi nhuận giảm                           1
[2026-07-01 09:54:16] [TASK_8] [INFO]   doanh thu giảm                           1
[2026-07-01 09:54:16] [TASK_8] [INFO]   sụt giảm                                 1
[2026-07-01 09:54:16] [TASK_8] [INFO]   giảm mạnh                                1
[2026-07-01 09:54:16] [TASK_8] [INFO]   nợ xấu                                   1
[2026-07-01 09:54:16] [TASK_8] [INFO]   áp lực tài chính                         1
[2026-07-01 09:54:16] [TASK_8] [INFO]   dòng tiền âm                             1
[2026-07-01 09:54:16] [TASK_8] [INFO]   hủy hợp đồng                             1
[2026-07-01 09:54:16] [TASK_8] [INFO]   dự án trì hoãn                           1
[2026-07-01 09:54:16] [TASK_8] [INFO]   đóng cửa                                 1
[2026-07-01 09:54:16] [TASK_8] [INFO]   bị phạt                                  1
[2026-07-01 09:54:16] [TASK_8] [INFO]   vi phạm                                  1
[2026-07-01 09:54:16] [TASK_8] [INFO]   bị thanh tra                             1
[2026-07-01 09:54:16] [TASK_8] [INFO]   lợi nhuận âm                             0
[2026-07-01 09:54:16] [TASK_8] [INFO]   thua lỗ                                  0
[2026-07-01 09:54:16] [TASK_8] [INFO]   lỗ ròng                                  0
[2026-07-01 09:54:16] [TASK_8] [INFO]   dưới kế hoạch                            0
[2026-07-01 09:54:16] [TASK_8] [INFO]   kết quả tiêu cực                         0
[2026-07-01 09:54:16] [TASK_8] [INFO]   lợi nhuận thấp hơn                       0
[2026-07-01 09:54:16] [TASK_8] [INFO]   báo lỗ                                   0
[2026-07-01 09:54:16] [TASK_8] [INFO]   lỗ nặng                                  0
[2026-07-01 09:54:16] [TASK_8] [INFO]   lỗ lớn                                   0
[2026-07-01 09:54:16] [TASK_8] [INFO]   lỗ kỷ lục                                0
[2026-07-01 09:54:16] [TASK_8] [INFO]   lỗ lũy kế                                0
[2026-07-01 09:54:16] [TASK_8] [INFO]   lao dốc                                  0
[2026-07-01 09:54:16] [TASK_8] [INFO]   giảm sâu                                 0
[2026-07-01 09:54:16] [TASK_8] [INFO]   tụt dốc                                  0
[2026-07-01 09:54:16] [TASK_8] [INFO]   kinh doanh sa sút                        0
[2026-07-01 09:54:16] [TASK_8] [INFO]   âm vốn chủ sở hữu                        0
[2026-07-01 09:54:16] [TASK_8] [INFO]   lợi nhuận không tăng                     0
[2026-07-01 09:54:16] [TASK_8] [INFO]   doanh thu không tăng                     0
[2026-07-01 09:54:16] [TASK_8] [INFO]   không tăng trưởng                        0
[2026-07-01 09:54:16] [TASK_8] [INFO]   tăng trưởng chậm lại                     0
[2026-07-01 09:54:16] [TASK_8] [INFO]   không hoàn thành kế hoạch                0
[2026-07-01 09:54:16] [TASK_8] [INFO]   không đạt kế hoạch                       0
[2026-07-01 09:54:16] [TASK_8] [INFO]   chưa có lãi                              0
[2026-07-01 09:54:16] [TASK_8] [INFO]   không chia cổ tức                        0
[2026-07-01 09:54:16] [TASK_8] [INFO]   hủy cổ tức                               0
[2026-07-01 09:54:16] [TASK_8] [INFO]   giảm cổ tức                              0
[2026-07-01 09:54:16] [TASK_8] [INFO]   phát hành pha loãng                      0
[2026-07-01 09:54:16] [TASK_8] [INFO]   chào bán giá thấp                        0
[2026-07-01 09:54:16] [TASK_8] [INFO]   nợ vay tăng                              0
[2026-07-01 09:54:16] [TASK_8] [INFO]   nợ quá hạn                               0
[2026-07-01 09:54:16] [TASK_8] [INFO]   hệ số nợ cao                             0
[2026-07-01 09:54:16] [TASK_8] [INFO]   thiếu thanh khoản                        0
[2026-07-01 09:54:16] [TASK_8] [INFO]   thu hẹp hoạt động                        0
[2026-07-01 09:54:16] [TASK_8] [INFO]   dừng dự án                               0
[2026-07-01 09:54:16] [TASK_8] [INFO]   bị kiểm toán từ chối                     0
[2026-07-01 09:54:16] [TASK_8] [INFO]   cảnh báo                                 0
[2026-07-01 09:54:16] [TASK_8] [INFO]   đình chỉ                                 0
[2026-07-01 09:54:16] [TASK_8] [INFO]   khởi tố                                  0
[2026-07-01 09:54:16] [TASK_8] [INFO]   điều tra                                 0
[2026-07-01 09:54:16] [TASK_8] [INFO]   tranh chấp pháp lý                       0
[2026-07-01 09:54:16] [TASK_8] [INFO]   bị kiện                                  0
[2026-07-01 09:54:16] [TASK_8] [INFO] 
--- NEUTRAL keywords (9) ---
[2026-07-01 09:54:16] [TASK_8] [INFO]   đại hội cổ đông                          1
[2026-07-01 09:54:16] [TASK_8] [INFO]   thay đổi lãnh đạo                        1
[2026-07-01 09:54:16] [TASK_8] [INFO]   sáp nhập                                 1
[2026-07-01 09:54:16] [TASK_8] [INFO]   mua lại                                  1
[2026-07-01 09:54:16] [TASK_8] [INFO]   phát hành cổ phiếu mới                   1
[2026-07-01 09:54:16] [TASK_8] [INFO]   thoái vốn                                1
[2026-07-01 09:54:16] [TASK_8] [INFO]   họp HĐQT                                 0
[2026-07-01 09:54:16] [TASK_8] [INFO]   thay CEO                                 0
[2026-07-01 09:54:16] [TASK_8] [INFO]   niêm yết thêm                            0
[2026-07-01 09:54:16] [TASK_8] [INFO] 
Total keyword occurrences in corpus: 34
[2026-07-01 09:54:16] [TASK_8] [INFO] Keywords with zero occurrences: 72 / 106
[2026-07-01 09:54:16] [TASK_8] [INFO] ======================================================================
[2026-07-01 09:54:16] [TASK_8] [INFO] Keyword Builder (TASK 8) complete.
[2026-07-01 09:54:16] [TASK_8] [INFO] Starting Keyword Builder (TASK 8)...
[2026-07-01 09:54:16] [TASK_8] [INFO] Loaded 23 stopwords.
[2026-07-01 09:54:16] [TASK_8] [INFO] Extracting keyword candidates from 10 documents...
[2026-07-01 09:54:16] [TASK_8] [INFO] Saved 176 keyword candidates to C:\Users\User\AppData\Local\Temp\tmpwavys0ez\keyword_candidates.csv (unigrams: 83, bigrams: 93).
[2026-07-01 09:54:16] [TASK_8] [INFO] Curated keyword list: 43 positive, 54 negative, 9 neutral (total: 106).
[2026-07-01 09:54:16] [TASK_8] [INFO] Saved flat keyword list to C:\Users\User\AppData\Local\Temp\tmpwavys0ez\keywords_finance.json.
[2026-07-01 09:54:16] [TASK_8] [INFO] Saved group-level keyword breakdown to C:\Users\User\AppData\Local\Temp\tmpwavys0ez\keywords_by_group.json.
[2026-07-01 09:54:16] [TASK_8] [INFO] ======================================================================
[2026-07-01 09:54:16] [TASK_8] [INFO] KEYWORD CORPUS FREQUENCY REPORT
[2026-07-01 09:54:16] [TASK_8] [INFO] ======================================================================
[2026-07-01 09:54:16] [TASK_8] [INFO] 
--- POSITIVE keywords (43) ---
[2026-07-01 09:54:16] [TASK_8] [INFO]   lợi nhuận tăng                           1
[2026-07-01 09:54:16] [TASK_8] [INFO]   doanh thu tăng                           1
[2026-07-01 09:54:16] [TASK_8] [INFO]   kỷ lục                                   1
[2026-07-01 09:54:16] [TASK_8] [INFO]   tăng trưởng                              1
[2026-07-01 09:54:16] [TASK_8] [INFO]   tăng mạnh                                1
[2026-07-01 09:54:16] [TASK_8] [INFO]   chia cổ tức                              1
[2026-07-01 09:54:16] [TASK_8] [INFO]   cổ tức cao                               1
[2026-07-01 09:54:16] [TASK_8] [INFO]   cổ tức tiền mặt                          1
[2026-07-01 09:54:16] [TASK_8] [INFO]   giảm nợ                                  1
[2026-07-01 09:54:16] [TASK_8] [INFO]   trả nợ                                   1
[2026-07-01 09:54:16] [TASK_8] [INFO]   cải thiện tài chính                      1
[2026-07-01 09:54:16] [TASK_8] [INFO]   dòng tiền dương                          1
[2026-07-01 09:54:16] [TASK_8] [INFO]   ký kết hợp đồng                          1
[2026-07-01 09:54:16] [TASK_8] [INFO]   mở rộng thị trường                       1
[2026-07-01 09:54:16] [TASK_8] [INFO]   xuất khẩu tăng                           1
[2026-07-01 09:54:16] [TASK_8] [INFO]   tăng trưởng mạnh                         0
[2026-07-01 09:54:16] [TASK_8] [INFO]   vượt kế hoạch                            0
[2026-07-01 09:54:16] [TASK_8] [INFO]   lãi ròng                                 0
[2026-07-01 09:54:16] [TASK_8] [INFO]   lợi nhuận sau thuế tăng                  0
[2026-07-01 09:54:16] [TASK_8] [INFO]   kết quả tích cực                         0
[2026-07-01 09:54:16] [TASK_8] [INFO]   lãi khủng                                0
[2026-07-01 09:54:16] [TASK_8] [INFO]   lãi lớn                                  0
[2026-07-01 09:54:16] [TASK_8] [INFO]   lãi đậm                                  0
[2026-07-01 09:54:16] [TASK_8] [INFO]   báo lãi                                  0
[2026-07-01 09:54:16] [TASK_8] [INFO]   lợi nhuận kỷ lục                         0
[2026-07-01 09:54:16] [TASK_8] [INFO]   doanh thu kỷ lục                         0
[2026-07-01 09:54:16] [TASK_8] [INFO]   lãi kỷ lục                               0
[2026-07-01 09:54:16] [TASK_8] [INFO]   bứt phá                                  0
[2026-07-01 09:54:16] [TASK_8] [INFO]   tăng vọt                                 0
[2026-07-01 09:54:16] [TASK_8] [INFO]   khởi sắc                                 0
[2026-07-01 09:54:16] [TASK_8] [INFO]   phục hồi                                 0
[2026-07-01 09:54:16] [TASK_8] [INFO]   lập đỉnh                                 0
[2026-07-01 09:54:16] [TASK_8] [INFO]   hoàn thành kế hoạch                      0
[2026-07-01 09:54:16] [TASK_8] [INFO]   lợi nhuận cải thiện                      0
[2026-07-01 09:54:16] [TASK_8] [INFO]   mua lại cổ phiếu                         0
[2026-07-01 09:54:16] [TASK_8] [INFO]   phát hành thưởng                         0
[2026-07-01 09:54:16] [TASK_8] [INFO]   tăng vốn điều lệ                         0
[2026-07-01 09:54:16] [TASK_8] [INFO]   hệ số an toàn vốn                        0
[2026-07-01 09:54:16] [TASK_8] [INFO]   tiền mặt dồi dào                         0
[2026-07-01 09:54:16] [TASK_8] [INFO]   dự án mới                                0
[2026-07-01 09:54:16] [TASK_8] [INFO]   đầu tư mới                               0
[2026-07-01 09:54:16] [TASK_8] [INFO]   hợp tác chiến lược                       0
[2026-07-01 09:54:16] [TASK_8] [INFO]   thắng thầu                               0
[2026-07-01 09:54:16] [TASK_8] [INFO] 
--- NEGATIVE keywords (54) ---
[2026-07-01 09:54:16] [TASK_8] [INFO]   lợi nhuận giảm                           1
[2026-07-01 09:54:16] [TASK_8] [INFO]   doanh thu giảm                           1
[2026-07-01 09:54:16] [TASK_8] [INFO]   sụt giảm                                 1
[2026-07-01 09:54:16] [TASK_8] [INFO]   giảm mạnh                                1
[2026-07-01 09:54:16] [TASK_8] [INFO]   nợ xấu                                   1
[2026-07-01 09:54:16] [TASK_8] [INFO]   áp lực tài chính                         1
[2026-07-01 09:54:16] [TASK_8] [INFO]   dòng tiền âm                             1
[2026-07-01 09:54:16] [TASK_8] [INFO]   hủy hợp đồng                             1
[2026-07-01 09:54:16] [TASK_8] [INFO]   dự án trì hoãn                           1
[2026-07-01 09:54:16] [TASK_8] [INFO]   đóng cửa                                 1
[2026-07-01 09:54:16] [TASK_8] [INFO]   bị phạt                                  1
[2026-07-01 09:54:16] [TASK_8] [INFO]   vi phạm                                  1
[2026-07-01 09:54:16] [TASK_8] [INFO]   bị thanh tra                             1
[2026-07-01 09:54:16] [TASK_8] [INFO]   lợi nhuận âm                             0
[2026-07-01 09:54:16] [TASK_8] [INFO]   thua lỗ                                  0
[2026-07-01 09:54:16] [TASK_8] [INFO]   lỗ ròng                                  0
[2026-07-01 09:54:16] [TASK_8] [INFO]   dưới kế hoạch                            0
[2026-07-01 09:54:16] [TASK_8] [INFO]   kết quả tiêu cực                         0
[2026-07-01 09:54:16] [TASK_8] [INFO]   lợi nhuận thấp hơn                       0
[2026-07-01 09:54:16] [TASK_8] [INFO]   báo lỗ                                   0
[2026-07-01 09:54:16] [TASK_8] [INFO]   lỗ nặng                                  0
[2026-07-01 09:54:16] [TASK_8] [INFO]   lỗ lớn                                   0
[2026-07-01 09:54:16] [TASK_8] [INFO]   lỗ kỷ lục                                0
[2026-07-01 09:54:16] [TASK_8] [INFO]   lỗ lũy kế                                0
[2026-07-01 09:54:16] [TASK_8] [INFO]   lao dốc                                  0
[2026-07-01 09:54:16] [TASK_8] [INFO]   giảm sâu                                 0
[2026-07-01 09:54:16] [TASK_8] [INFO]   tụt dốc                                  0
[2026-07-01 09:54:16] [TASK_8] [INFO]   kinh doanh sa sút                        0
[2026-07-01 09:54:16] [TASK_8] [INFO]   âm vốn chủ sở hữu                        0
[2026-07-01 09:54:16] [TASK_8] [INFO]   lợi nhuận không tăng                     0
[2026-07-01 09:54:16] [TASK_8] [INFO]   doanh thu không tăng                     0
[2026-07-01 09:54:16] [TASK_8] [INFO]   không tăng trưởng                        0
[2026-07-01 09:54:16] [TASK_8] [INFO]   tăng trưởng chậm lại                     0
[2026-07-01 09:54:16] [TASK_8] [INFO]   không hoàn thành kế hoạch                0
[2026-07-01 09:54:16] [TASK_8] [INFO]   không đạt kế hoạch                       0
[2026-07-01 09:54:16] [TASK_8] [INFO]   chưa có lãi                              0
[2026-07-01 09:54:16] [TASK_8] [INFO]   không chia cổ tức                        0
[2026-07-01 09:54:16] [TASK_8] [INFO]   hủy cổ tức                               0
[2026-07-01 09:54:16] [TASK_8] [INFO]   giảm cổ tức                              0
[2026-07-01 09:54:16] [TASK_8] [INFO]   phát hành pha loãng                      0
[2026-07-01 09:54:16] [TASK_8] [INFO]   chào bán giá thấp                        0
[2026-07-01 09:54:16] [TASK_8] [INFO]   nợ vay tăng                              0
[2026-07-01 09:54:16] [TASK_8] [INFO]   nợ quá hạn                               0
[2026-07-01 09:54:16] [TASK_8] [INFO]   hệ số nợ cao                             0
[2026-07-01 09:54:16] [TASK_8] [INFO]   thiếu thanh khoản                        0
[2026-07-01 09:54:16] [TASK_8] [INFO]   thu hẹp hoạt động                        0
[2026-07-01 09:54:16] [TASK_8] [INFO]   dừng dự án                               0
[2026-07-01 09:54:16] [TASK_8] [INFO]   bị kiểm toán từ chối                     0
[2026-07-01 09:54:16] [TASK_8] [INFO]   cảnh báo                                 0
[2026-07-01 09:54:16] [TASK_8] [INFO]   đình chỉ                                 0
[2026-07-01 09:54:16] [TASK_8] [INFO]   khởi tố                                  0
[2026-07-01 09:54:16] [TASK_8] [INFO]   điều tra                                 0
[2026-07-01 09:54:16] [TASK_8] [INFO]   tranh chấp pháp lý                       0
[2026-07-01 09:54:16] [TASK_8] [INFO]   bị kiện                                  0
[2026-07-01 09:54:16] [TASK_8] [INFO] 
--- NEUTRAL keywords (9) ---
[2026-07-01 09:54:16] [TASK_8] [INFO]   đại hội cổ đông                          1
[2026-07-01 09:54:16] [TASK_8] [INFO]   thay đổi lãnh đạo                        1
[2026-07-01 09:54:16] [TASK_8] [INFO]   sáp nhập                                 1
[2026-07-01 09:54:16] [TASK_8] [INFO]   mua lại                                  1
[2026-07-01 09:54:16] [TASK_8] [INFO]   phát hành cổ phiếu mới                   1
[2026-07-01 09:54:16] [TASK_8] [INFO]   thoái vốn                                1
[2026-07-01 09:54:16] [TASK_8] [INFO]   họp HĐQT                                 0
[2026-07-01 09:54:16] [TASK_8] [INFO]   thay CEO                                 0
[2026-07-01 09:54:16] [TASK_8] [INFO]   niêm yết thêm                            0
[2026-07-01 09:54:16] [TASK_8] [INFO] 
Total keyword occurrences in corpus: 34
[2026-07-01 09:54:16] [TASK_8] [INFO] Keywords with zero occurrences: 72 / 106
[2026-07-01 09:54:16] [TASK_8] [INFO] ======================================================================
[2026-07-01 09:54:16] [TASK_8] [INFO] Keyword Builder (TASK 8) complete.
[2026-07-01 09:54:16] [TASK_8] [INFO] Starting Keyword Builder (TASK 8)...
[2026-07-01 09:54:16] [TASK_8] [INFO] Loaded 23 stopwords.
[2026-07-01 09:54:16] [TASK_8] [INFO] No corpus provided — skipping candidate extraction.
[2026-07-01 09:54:16] [TASK_8] [INFO] Curated keyword list: 43 positive, 54 negative, 9 neutral (total: 106).
[2026-07-01 09:54:16] [TASK_8] [INFO] Saved flat keyword list to C:\Users\User\AppData\Local\Temp\tmp_8gcqm1x\keywords_finance.json.
[2026-07-01 09:54:16] [TASK_8] [INFO] Saved group-level keyword breakdown to C:\Users\User\AppData\Local\Temp\tmp_8gcqm1x\keywords_by_group.json.
[2026-07-01 09:54:16] [TASK_8] [INFO] No corpus provided — skipping frequency report.
[2026-07-01 09:54:16] [TASK_8] [INFO] Keyword Builder (TASK 8) complete.
[2026-07-01 09:55:11] [TASK_8] [INFO] ============================================================
[2026-07-01 09:55:11] [TASK_8] [INFO] START TASK_8: Keyword Building (curate financial keywords)
[2026-07-01 09:55:11] [TASK_8] [INFO] Timestamp: 2026-07-01T09:55:11.772713
[2026-07-01 09:55:11] [TASK_8] [INFO] ============================================================
[2026-07-01 09:55:11] [TASK_8] [INFO] Input: data/news/processed/all_news_processed.csv (34979 rows)
[2026-07-01 09:55:11] [TASK_8] [INFO] ------------------------------------------------------------
[2026-07-01 09:55:11] [TASK_8] [INFO] END TASK_8 — completed in 0.0 seconds
[2026-07-01 09:55:11] [TASK_8] [INFO] ============================================================
[2026-07-01 09:55:12] [TASK_8] [INFO] ============================================================
[2026-07-01 09:55:12] [TASK_8] [INFO] START TASK_8: Keyword Building (curate financial keywords)
[2026-07-01 09:55:12] [TASK_8] [INFO] Timestamp: 2026-07-01T09:55:12.693496
[2026-07-01 09:55:12] [TASK_8] [INFO] ============================================================
[2026-07-01 09:55:12] [TASK_8] [INFO] Input: data/news/processed/all_news_processed.csv (34979 rows)
[2026-07-01 09:55:12] [TASK_8] [INFO] ------------------------------------------------------------
[2026-07-01 09:55:12] [TASK_8] [INFO] END TASK_8 — completed in 0.0 seconds
[2026-07-01 09:55:12] [TASK_8] [INFO] ============================================================
[2026-07-01 09:55:36] [TASK_8] [INFO] Starting Keyword Builder (TASK 8)...
[2026-07-01 09:55:36] [TASK_8] [INFO] Loaded 23 stopwords.
[2026-07-01 09:55:36] [TASK_8] [INFO] Extracting keyword candidates from 10 documents...
[2026-07-01 09:55:36] [TASK_8] [INFO] Saved 176 keyword candidates to C:\Users\User\AppData\Local\Temp\tmp8chhly4m\keyword_candidates.csv (unigrams: 83, bigrams: 93).
[2026-07-01 09:55:36] [TASK_8] [INFO] Curated keyword list: 43 positive, 54 negative, 9 neutral (total: 106).
[2026-07-01 09:55:36] [TASK_8] [INFO] Saved flat keyword list to C:\Users\User\AppData\Local\Temp\tmp8chhly4m\keywords_finance.json.
[2026-07-01 09:55:36] [TASK_8] [INFO] Saved group-level keyword breakdown to C:\Users\User\AppData\Local\Temp\tmp8chhly4m\keywords_by_group.json.
[2026-07-01 09:55:36] [TASK_8] [INFO] ======================================================================
[2026-07-01 09:55:36] [TASK_8] [INFO] KEYWORD CORPUS FREQUENCY REPORT
[2026-07-01 09:55:36] [TASK_8] [INFO] ======================================================================
[2026-07-01 09:55:36] [TASK_8] [INFO] 
--- POSITIVE keywords (43) ---
[2026-07-01 09:55:36] [TASK_8] [INFO]   lợi nhuận tăng                           1
[2026-07-01 09:55:36] [TASK_8] [INFO]   doanh thu tăng                           1
[2026-07-01 09:55:36] [TASK_8] [INFO]   kỷ lục                                   1
[2026-07-01 09:55:36] [TASK_8] [INFO]   tăng trưởng                              1
[2026-07-01 09:55:36] [TASK_8] [INFO]   tăng mạnh                                1
[2026-07-01 09:55:36] [TASK_8] [INFO]   chia cổ tức                              1
[2026-07-01 09:55:36] [TASK_8] [INFO]   cổ tức cao                               1
[2026-07-01 09:55:36] [TASK_8] [INFO]   cổ tức tiền mặt                          1
[2026-07-01 09:55:36] [TASK_8] [INFO]   giảm nợ                                  1
[2026-07-01 09:55:36] [TASK_8] [INFO]   trả nợ                                   1
[2026-07-01 09:55:36] [TASK_8] [INFO]   cải thiện tài chính                      1
[2026-07-01 09:55:36] [TASK_8] [INFO]   dòng tiền dương                          1
[2026-07-01 09:55:36] [TASK_8] [INFO]   ký kết hợp đồng                          1
[2026-07-01 09:55:36] [TASK_8] [INFO]   mở rộng thị trường                       1
[2026-07-01 09:55:36] [TASK_8] [INFO]   xuất khẩu tăng                           1
[2026-07-01 09:55:36] [TASK_8] [INFO]   tăng trưởng mạnh                         0
[2026-07-01 09:55:36] [TASK_8] [INFO]   vượt kế hoạch                            0
[2026-07-01 09:55:36] [TASK_8] [INFO]   lãi ròng                                 0
[2026-07-01 09:55:36] [TASK_8] [INFO]   lợi nhuận sau thuế tăng                  0
[2026-07-01 09:55:36] [TASK_8] [INFO]   kết quả tích cực                         0
[2026-07-01 09:55:36] [TASK_8] [INFO]   lãi khủng                                0
[2026-07-01 09:55:36] [TASK_8] [INFO]   lãi lớn                                  0
[2026-07-01 09:55:36] [TASK_8] [INFO]   lãi đậm                                  0
[2026-07-01 09:55:36] [TASK_8] [INFO]   báo lãi                                  0
[2026-07-01 09:55:36] [TASK_8] [INFO]   lợi nhuận kỷ lục                         0
[2026-07-01 09:55:36] [TASK_8] [INFO]   doanh thu kỷ lục                         0
[2026-07-01 09:55:36] [TASK_8] [INFO]   lãi kỷ lục                               0
[2026-07-01 09:55:36] [TASK_8] [INFO]   bứt phá                                  0
[2026-07-01 09:55:36] [TASK_8] [INFO]   tăng vọt                                 0
[2026-07-01 09:55:36] [TASK_8] [INFO]   khởi sắc                                 0
[2026-07-01 09:55:36] [TASK_8] [INFO]   phục hồi                                 0
[2026-07-01 09:55:36] [TASK_8] [INFO]   lập đỉnh                                 0
[2026-07-01 09:55:36] [TASK_8] [INFO]   hoàn thành kế hoạch                      0
[2026-07-01 09:55:36] [TASK_8] [INFO]   lợi nhuận cải thiện                      0
[2026-07-01 09:55:36] [TASK_8] [INFO]   mua lại cổ phiếu                         0
[2026-07-01 09:55:36] [TASK_8] [INFO]   phát hành thưởng                         0
[2026-07-01 09:55:36] [TASK_8] [INFO]   tăng vốn điều lệ                         0
[2026-07-01 09:55:36] [TASK_8] [INFO]   hệ số an toàn vốn                        0
[2026-07-01 09:55:36] [TASK_8] [INFO]   tiền mặt dồi dào                         0
[2026-07-01 09:55:36] [TASK_8] [INFO]   dự án mới                                0
[2026-07-01 09:55:36] [TASK_8] [INFO]   đầu tư mới                               0
[2026-07-01 09:55:36] [TASK_8] [INFO]   hợp tác chiến lược                       0
[2026-07-01 09:55:36] [TASK_8] [INFO]   thắng thầu                               0
[2026-07-01 09:55:36] [TASK_8] [INFO] 
--- NEGATIVE keywords (54) ---
[2026-07-01 09:55:36] [TASK_8] [INFO]   lợi nhuận giảm                           1
[2026-07-01 09:55:36] [TASK_8] [INFO]   doanh thu giảm                           1
[2026-07-01 09:55:36] [TASK_8] [INFO]   sụt giảm                                 1
[2026-07-01 09:55:36] [TASK_8] [INFO]   giảm mạnh                                1
[2026-07-01 09:55:36] [TASK_8] [INFO]   nợ xấu                                   1
[2026-07-01 09:55:36] [TASK_8] [INFO]   áp lực tài chính                         1
[2026-07-01 09:55:36] [TASK_8] [INFO]   dòng tiền âm                             1
[2026-07-01 09:55:36] [TASK_8] [INFO]   hủy hợp đồng                             1
[2026-07-01 09:55:36] [TASK_8] [INFO]   dự án trì hoãn                           1
[2026-07-01 09:55:36] [TASK_8] [INFO]   đóng cửa                                 1
[2026-07-01 09:55:36] [TASK_8] [INFO]   bị phạt                                  1
[2026-07-01 09:55:36] [TASK_8] [INFO]   vi phạm                                  1
[2026-07-01 09:55:36] [TASK_8] [INFO]   bị thanh tra                             1
[2026-07-01 09:55:36] [TASK_8] [INFO]   lợi nhuận âm                             0
[2026-07-01 09:55:36] [TASK_8] [INFO]   thua lỗ                                  0
[2026-07-01 09:55:36] [TASK_8] [INFO]   lỗ ròng                                  0
[2026-07-01 09:55:36] [TASK_8] [INFO]   dưới kế hoạch                            0
[2026-07-01 09:55:36] [TASK_8] [INFO]   kết quả tiêu cực                         0
[2026-07-01 09:55:36] [TASK_8] [INFO]   lợi nhuận thấp hơn                       0
[2026-07-01 09:55:36] [TASK_8] [INFO]   báo lỗ                                   0
[2026-07-01 09:55:36] [TASK_8] [INFO]   lỗ nặng                                  0
[2026-07-01 09:55:36] [TASK_8] [INFO]   lỗ lớn                                   0
[2026-07-01 09:55:36] [TASK_8] [INFO]   lỗ kỷ lục                                0
[2026-07-01 09:55:36] [TASK_8] [INFO]   lỗ lũy kế                                0
[2026-07-01 09:55:36] [TASK_8] [INFO]   lao dốc                                  0
[2026-07-01 09:55:36] [TASK_8] [INFO]   giảm sâu                                 0
[2026-07-01 09:55:36] [TASK_8] [INFO]   tụt dốc                                  0
[2026-07-01 09:55:36] [TASK_8] [INFO]   kinh doanh sa sút                        0
[2026-07-01 09:55:36] [TASK_8] [INFO]   âm vốn chủ sở hữu                        0
[2026-07-01 09:55:36] [TASK_8] [INFO]   lợi nhuận không tăng                     0
[2026-07-01 09:55:36] [TASK_8] [INFO]   doanh thu không tăng                     0
[2026-07-01 09:55:36] [TASK_8] [INFO]   không tăng trưởng                        0
[2026-07-01 09:55:36] [TASK_8] [INFO]   tăng trưởng chậm lại                     0
[2026-07-01 09:55:36] [TASK_8] [INFO]   không hoàn thành kế hoạch                0
[2026-07-01 09:55:36] [TASK_8] [INFO]   không đạt kế hoạch                       0
[2026-07-01 09:55:36] [TASK_8] [INFO]   chưa có lãi                              0
[2026-07-01 09:55:36] [TASK_8] [INFO]   không chia cổ tức                        0
[2026-07-01 09:55:36] [TASK_8] [INFO]   hủy cổ tức                               0
[2026-07-01 09:55:36] [TASK_8] [INFO]   giảm cổ tức                              0
[2026-07-01 09:55:36] [TASK_8] [INFO]   phát hành pha loãng                      0
[2026-07-01 09:55:36] [TASK_8] [INFO]   chào bán giá thấp                        0
[2026-07-01 09:55:36] [TASK_8] [INFO]   nợ vay tăng                              0
[2026-07-01 09:55:36] [TASK_8] [INFO]   nợ quá hạn                               0
[2026-07-01 09:55:36] [TASK_8] [INFO]   hệ số nợ cao                             0
[2026-07-01 09:55:36] [TASK_8] [INFO]   thiếu thanh khoản                        0
[2026-07-01 09:55:36] [TASK_8] [INFO]   thu hẹp hoạt động                        0
[2026-07-01 09:55:36] [TASK_8] [INFO]   dừng dự án                               0
[2026-07-01 09:55:36] [TASK_8] [INFO]   bị kiểm toán từ chối                     0
[2026-07-01 09:55:36] [TASK_8] [INFO]   cảnh báo                                 0
[2026-07-01 09:55:36] [TASK_8] [INFO]   đình chỉ                                 0
[2026-07-01 09:55:36] [TASK_8] [INFO]   khởi tố                                  0
[2026-07-01 09:55:36] [TASK_8] [INFO]   điều tra                                 0
[2026-07-01 09:55:36] [TASK_8] [INFO]   tranh chấp pháp lý                       0
[2026-07-01 09:55:36] [TASK_8] [INFO]   bị kiện                                  0
[2026-07-01 09:55:36] [TASK_8] [INFO] 
--- NEUTRAL keywords (9) ---
[2026-07-01 09:55:36] [TASK_8] [INFO]   đại hội cổ đông                          1
[2026-07-01 09:55:36] [TASK_8] [INFO]   thay đổi lãnh đạo                        1
[2026-07-01 09:55:36] [TASK_8] [INFO]   sáp nhập                                 1
[2026-07-01 09:55:36] [TASK_8] [INFO]   mua lại                                  1
[2026-07-01 09:55:36] [TASK_8] [INFO]   phát hành cổ phiếu mới                   1
[2026-07-01 09:55:36] [TASK_8] [INFO]   thoái vốn                                1
[2026-07-01 09:55:36] [TASK_8] [INFO]   họp HĐQT                                 0
[2026-07-01 09:55:36] [TASK_8] [INFO]   thay CEO                                 0
[2026-07-01 09:55:36] [TASK_8] [INFO]   niêm yết thêm                            0
[2026-07-01 09:55:36] [TASK_8] [INFO] 
Total keyword occurrences in corpus: 34
[2026-07-01 09:55:36] [TASK_8] [INFO] Keywords with zero occurrences: 72 / 106
[2026-07-01 09:55:36] [TASK_8] [INFO] ======================================================================
[2026-07-01 09:55:36] [TASK_8] [INFO] Keyword Builder (TASK 8) complete.
[2026-07-01 09:55:36] [TASK_8] [INFO] Starting Keyword Builder (TASK 8)...
[2026-07-01 09:55:36] [TASK_8] [INFO] Loaded 23 stopwords.
[2026-07-01 09:55:36] [TASK_8] [INFO] Extracting keyword candidates from 10 documents...
[2026-07-01 09:55:36] [TASK_8] [INFO] Saved 176 keyword candidates to C:\Users\User\AppData\Local\Temp\tmpkccgcncw\keyword_candidates.csv (unigrams: 83, bigrams: 93).
[2026-07-01 09:55:36] [TASK_8] [INFO] Curated keyword list: 43 positive, 54 negative, 9 neutral (total: 106).
[2026-07-01 09:55:36] [TASK_8] [INFO] Saved flat keyword list to C:\Users\User\AppData\Local\Temp\tmpkccgcncw\keywords_finance.json.
[2026-07-01 09:55:36] [TASK_8] [INFO] Saved group-level keyword breakdown to C:\Users\User\AppData\Local\Temp\tmpkccgcncw\keywords_by_group.json.
[2026-07-01 09:55:36] [TASK_8] [INFO] ======================================================================
[2026-07-01 09:55:36] [TASK_8] [INFO] KEYWORD CORPUS FREQUENCY REPORT
[2026-07-01 09:55:36] [TASK_8] [INFO] ======================================================================
[2026-07-01 09:55:36] [TASK_8] [INFO] 
--- POSITIVE keywords (43) ---
[2026-07-01 09:55:36] [TASK_8] [INFO]   lợi nhuận tăng                           1
[2026-07-01 09:55:36] [TASK_8] [INFO]   doanh thu tăng                           1
[2026-07-01 09:55:36] [TASK_8] [INFO]   kỷ lục                                   1
[2026-07-01 09:55:36] [TASK_8] [INFO]   tăng trưởng                              1
[2026-07-01 09:55:36] [TASK_8] [INFO]   tăng mạnh                                1
[2026-07-01 09:55:36] [TASK_8] [INFO]   chia cổ tức                              1
[2026-07-01 09:55:36] [TASK_8] [INFO]   cổ tức cao                               1
[2026-07-01 09:55:36] [TASK_8] [INFO]   cổ tức tiền mặt                          1
[2026-07-01 09:55:36] [TASK_8] [INFO]   giảm nợ                                  1
[2026-07-01 09:55:36] [TASK_8] [INFO]   trả nợ                                   1
[2026-07-01 09:55:36] [TASK_8] [INFO]   cải thiện tài chính                      1
[2026-07-01 09:55:36] [TASK_8] [INFO]   dòng tiền dương                          1
[2026-07-01 09:55:36] [TASK_8] [INFO]   ký kết hợp đồng                          1
[2026-07-01 09:55:36] [TASK_8] [INFO]   mở rộng thị trường                       1
[2026-07-01 09:55:36] [TASK_8] [INFO]   xuất khẩu tăng                           1
[2026-07-01 09:55:36] [TASK_8] [INFO]   tăng trưởng mạnh                         0
[2026-07-01 09:55:36] [TASK_8] [INFO]   vượt kế hoạch                            0
[2026-07-01 09:55:36] [TASK_8] [INFO]   lãi ròng                                 0
[2026-07-01 09:55:36] [TASK_8] [INFO]   lợi nhuận sau thuế tăng                  0
[2026-07-01 09:55:36] [TASK_8] [INFO]   kết quả tích cực                         0
[2026-07-01 09:55:36] [TASK_8] [INFO]   lãi khủng                                0
[2026-07-01 09:55:36] [TASK_8] [INFO]   lãi lớn                                  0
[2026-07-01 09:55:36] [TASK_8] [INFO]   lãi đậm                                  0
[2026-07-01 09:55:36] [TASK_8] [INFO]   báo lãi                                  0
[2026-07-01 09:55:36] [TASK_8] [INFO]   lợi nhuận kỷ lục                         0
[2026-07-01 09:55:36] [TASK_8] [INFO]   doanh thu kỷ lục                         0
[2026-07-01 09:55:36] [TASK_8] [INFO]   lãi kỷ lục                               0
[2026-07-01 09:55:36] [TASK_8] [INFO]   bứt phá                                  0
[2026-07-01 09:55:36] [TASK_8] [INFO]   tăng vọt                                 0
[2026-07-01 09:55:36] [TASK_8] [INFO]   khởi sắc                                 0
[2026-07-01 09:55:36] [TASK_8] [INFO]   phục hồi                                 0
[2026-07-01 09:55:36] [TASK_8] [INFO]   lập đỉnh                                 0
[2026-07-01 09:55:36] [TASK_8] [INFO]   hoàn thành kế hoạch                      0
[2026-07-01 09:55:36] [TASK_8] [INFO]   lợi nhuận cải thiện                      0
[2026-07-01 09:55:36] [TASK_8] [INFO]   mua lại cổ phiếu                         0
[2026-07-01 09:55:36] [TASK_8] [INFO]   phát hành thưởng                         0
[2026-07-01 09:55:36] [TASK_8] [INFO]   tăng vốn điều lệ                         0
[2026-07-01 09:55:36] [TASK_8] [INFO]   hệ số an toàn vốn                        0
[2026-07-01 09:55:36] [TASK_8] [INFO]   tiền mặt dồi dào                         0
[2026-07-01 09:55:36] [TASK_8] [INFO]   dự án mới                                0
[2026-07-01 09:55:36] [TASK_8] [INFO]   đầu tư mới                               0
[2026-07-01 09:55:36] [TASK_8] [INFO]   hợp tác chiến lược                       0
[2026-07-01 09:55:36] [TASK_8] [INFO]   thắng thầu                               0
[2026-07-01 09:55:36] [TASK_8] [INFO] 
--- NEGATIVE keywords (54) ---
[2026-07-01 09:55:36] [TASK_8] [INFO]   lợi nhuận giảm                           1
[2026-07-01 09:55:36] [TASK_8] [INFO]   doanh thu giảm                           1
[2026-07-01 09:55:36] [TASK_8] [INFO]   sụt giảm                                 1
[2026-07-01 09:55:36] [TASK_8] [INFO]   giảm mạnh                                1
[2026-07-01 09:55:36] [TASK_8] [INFO]   nợ xấu                                   1
[2026-07-01 09:55:36] [TASK_8] [INFO]   áp lực tài chính                         1
[2026-07-01 09:55:36] [TASK_8] [INFO]   dòng tiền âm                             1
[2026-07-01 09:55:36] [TASK_8] [INFO]   hủy hợp đồng                             1
[2026-07-01 09:55:36] [TASK_8] [INFO]   dự án trì hoãn                           1
[2026-07-01 09:55:36] [TASK_8] [INFO]   đóng cửa                                 1
[2026-07-01 09:55:36] [TASK_8] [INFO]   bị phạt                                  1
[2026-07-01 09:55:36] [TASK_8] [INFO]   vi phạm                                  1
[2026-07-01 09:55:36] [TASK_8] [INFO]   bị thanh tra                             1
[2026-07-01 09:55:36] [TASK_8] [INFO]   lợi nhuận âm                             0
[2026-07-01 09:55:36] [TASK_8] [INFO]   thua lỗ                                  0
[2026-07-01 09:55:36] [TASK_8] [INFO]   lỗ ròng                                  0
[2026-07-01 09:55:36] [TASK_8] [INFO]   dưới kế hoạch                            0
[2026-07-01 09:55:36] [TASK_8] [INFO]   kết quả tiêu cực                         0
[2026-07-01 09:55:36] [TASK_8] [INFO]   lợi nhuận thấp hơn                       0
[2026-07-01 09:55:36] [TASK_8] [INFO]   báo lỗ                                   0
[2026-07-01 09:55:36] [TASK_8] [INFO]   lỗ nặng                                  0
[2026-07-01 09:55:36] [TASK_8] [INFO]   lỗ lớn                                   0
[2026-07-01 09:55:36] [TASK_8] [INFO]   lỗ kỷ lục                                0
[2026-07-01 09:55:36] [TASK_8] [INFO]   lỗ lũy kế                                0
[2026-07-01 09:55:36] [TASK_8] [INFO]   lao dốc                                  0
[2026-07-01 09:55:36] [TASK_8] [INFO]   giảm sâu                                 0
[2026-07-01 09:55:36] [TASK_8] [INFO]   tụt dốc                                  0
[2026-07-01 09:55:36] [TASK_8] [INFO]   kinh doanh sa sút                        0
[2026-07-01 09:55:36] [TASK_8] [INFO]   âm vốn chủ sở hữu                        0
[2026-07-01 09:55:36] [TASK_8] [INFO]   lợi nhuận không tăng                     0
[2026-07-01 09:55:36] [TASK_8] [INFO]   doanh thu không tăng                     0
[2026-07-01 09:55:36] [TASK_8] [INFO]   không tăng trưởng                        0
[2026-07-01 09:55:36] [TASK_8] [INFO]   tăng trưởng chậm lại                     0
[2026-07-01 09:55:36] [TASK_8] [INFO]   không hoàn thành kế hoạch                0
[2026-07-01 09:55:36] [TASK_8] [INFO]   không đạt kế hoạch                       0
[2026-07-01 09:55:36] [TASK_8] [INFO]   chưa có lãi                              0
[2026-07-01 09:55:36] [TASK_8] [INFO]   không chia cổ tức                        0
[2026-07-01 09:55:36] [TASK_8] [INFO]   hủy cổ tức                               0
[2026-07-01 09:55:36] [TASK_8] [INFO]   giảm cổ tức                              0
[2026-07-01 09:55:36] [TASK_8] [INFO]   phát hành pha loãng                      0
[2026-07-01 09:55:36] [TASK_8] [INFO]   chào bán giá thấp                        0
[2026-07-01 09:55:36] [TASK_8] [INFO]   nợ vay tăng                              0
[2026-07-01 09:55:36] [TASK_8] [INFO]   nợ quá hạn                               0
[2026-07-01 09:55:36] [TASK_8] [INFO]   hệ số nợ cao                             0
[2026-07-01 09:55:36] [TASK_8] [INFO]   thiếu thanh khoản                        0
[2026-07-01 09:55:36] [TASK_8] [INFO]   thu hẹp hoạt động                        0
[2026-07-01 09:55:36] [TASK_8] [INFO]   dừng dự án                               0
[2026-07-01 09:55:36] [TASK_8] [INFO]   bị kiểm toán từ chối                     0
[2026-07-01 09:55:36] [TASK_8] [INFO]   cảnh báo                                 0
[2026-07-01 09:55:36] [TASK_8] [INFO]   đình chỉ                                 0
[2026-07-01 09:55:36] [TASK_8] [INFO]   khởi tố                                  0
[2026-07-01 09:55:36] [TASK_8] [INFO]   điều tra                                 0
[2026-07-01 09:55:36] [TASK_8] [INFO]   tranh chấp pháp lý                       0
[2026-07-01 09:55:36] [TASK_8] [INFO]   bị kiện                                  0
[2026-07-01 09:55:36] [TASK_8] [INFO] 
--- NEUTRAL keywords (9) ---
[2026-07-01 09:55:36] [TASK_8] [INFO]   đại hội cổ đông                          1
[2026-07-01 09:55:36] [TASK_8] [INFO]   thay đổi lãnh đạo                        1
[2026-07-01 09:55:36] [TASK_8] [INFO]   sáp nhập                                 1
[2026-07-01 09:55:36] [TASK_8] [INFO]   mua lại                                  1
[2026-07-01 09:55:36] [TASK_8] [INFO]   phát hành cổ phiếu mới                   1
[2026-07-01 09:55:36] [TASK_8] [INFO]   thoái vốn                                1
[2026-07-01 09:55:36] [TASK_8] [INFO]   họp HĐQT                                 0
[2026-07-01 09:55:36] [TASK_8] [INFO]   thay CEO                                 0
[2026-07-01 09:55:36] [TASK_8] [INFO]   niêm yết thêm                            0
[2026-07-01 09:55:36] [TASK_8] [INFO] 
Total keyword occurrences in corpus: 34
[2026-07-01 09:55:36] [TASK_8] [INFO] Keywords with zero occurrences: 72 / 106
[2026-07-01 09:55:36] [TASK_8] [INFO] ======================================================================
[2026-07-01 09:55:36] [TASK_8] [INFO] Keyword Builder (TASK 8) complete.
[2026-07-01 09:55:36] [TASK_8] [INFO] Starting Keyword Builder (TASK 8)...
[2026-07-01 09:55:36] [TASK_8] [INFO] Loaded 23 stopwords.
[2026-07-01 09:55:36] [TASK_8] [INFO] No corpus provided — skipping candidate extraction.
[2026-07-01 09:55:36] [TASK_8] [INFO] Curated keyword list: 43 positive, 54 negative, 9 neutral (total: 106).
[2026-07-01 09:55:36] [TASK_8] [INFO] Saved flat keyword list to C:\Users\User\AppData\Local\Temp\tmpkwcq99ps\keywords_finance.json.
[2026-07-01 09:55:36] [TASK_8] [INFO] Saved group-level keyword breakdown to C:\Users\User\AppData\Local\Temp\tmpkwcq99ps\keywords_by_group.json.
[2026-07-01 09:55:36] [TASK_8] [INFO] No corpus provided — skipping frequency report.
[2026-07-01 09:55:36] [TASK_8] [INFO] Keyword Builder (TASK 8) complete.
[2026-07-01 10:36:05] [TASK_8] [INFO] ============================================================
[2026-07-01 10:36:05] [TASK_8] [INFO] START TASK_8: Keyword Building (curate financial keywords)
[2026-07-01 10:36:05] [TASK_8] [INFO] Timestamp: 2026-07-01T10:36:05.724301
[2026-07-01 10:36:05] [TASK_8] [INFO] ============================================================
[2026-07-01 10:36:05] [TASK_8] [INFO] Input: data/news/processed/all_news_processed.csv (34979 rows)
[2026-07-01 10:36:05] [TASK_8] [INFO] ------------------------------------------------------------
[2026-07-01 10:36:05] [TASK_8] [INFO] END TASK_8 — completed in 0.0 seconds
[2026-07-01 10:36:05] [TASK_8] [INFO] ============================================================
[2026-07-01 10:36:06] [TASK_8] [INFO] ============================================================
[2026-07-01 10:36:06] [TASK_8] [INFO] START TASK_8: Keyword Building (curate financial keywords)
[2026-07-01 10:36:06] [TASK_8] [INFO] Timestamp: 2026-07-01T10:36:06.517277
[2026-07-01 10:36:06] [TASK_8] [INFO] ============================================================
[2026-07-01 10:36:06] [TASK_8] [INFO] Input: data/news/processed/all_news_processed.csv (34979 rows)
[2026-07-01 10:36:06] [TASK_8] [INFO] ------------------------------------------------------------
[2026-07-01 10:36:06] [TASK_8] [INFO] END TASK_8 — completed in 0.0 seconds
[2026-07-01 10:36:06] [TASK_8] [INFO] ============================================================
[2026-07-01 10:36:25] [TASK_8] [INFO] Starting Keyword Builder (TASK 8)...
[2026-07-01 10:36:25] [TASK_8] [INFO] Loaded 23 stopwords.
[2026-07-01 10:36:25] [TASK_8] [INFO] Extracting keyword candidates from 10 documents...
[2026-07-01 10:36:25] [TASK_8] [INFO] Saved 176 keyword candidates to C:\Users\User\AppData\Local\Temp\tmpt8yyjls7\keyword_candidates.csv (unigrams: 83, bigrams: 93).
[2026-07-01 10:36:25] [TASK_8] [INFO] Curated keyword list: 43 positive, 54 negative, 9 neutral (total: 106).
[2026-07-01 10:36:25] [TASK_8] [INFO] Saved flat keyword list to C:\Users\User\AppData\Local\Temp\tmpt8yyjls7\keywords_finance.json.
[2026-07-01 10:36:25] [TASK_8] [INFO] Saved group-level keyword breakdown to C:\Users\User\AppData\Local\Temp\tmpt8yyjls7\keywords_by_group.json.
[2026-07-01 10:36:25] [TASK_8] [INFO] ======================================================================
[2026-07-01 10:36:25] [TASK_8] [INFO] KEYWORD CORPUS FREQUENCY REPORT
[2026-07-01 10:36:25] [TASK_8] [INFO] ======================================================================
[2026-07-01 10:36:25] [TASK_8] [INFO] 
--- POSITIVE keywords (43) ---
[2026-07-01 10:36:25] [TASK_8] [INFO]   lợi nhuận tăng                           1
[2026-07-01 10:36:25] [TASK_8] [INFO]   doanh thu tăng                           1
[2026-07-01 10:36:25] [TASK_8] [INFO]   kỷ lục                                   1
[2026-07-01 10:36:25] [TASK_8] [INFO]   tăng trưởng                              1
[2026-07-01 10:36:25] [TASK_8] [INFO]   tăng mạnh                                1
[2026-07-01 10:36:25] [TASK_8] [INFO]   chia cổ tức                              1
[2026-07-01 10:36:25] [TASK_8] [INFO]   cổ tức cao                               1
[2026-07-01 10:36:25] [TASK_8] [INFO]   cổ tức tiền mặt                          1
[2026-07-01 10:36:25] [TASK_8] [INFO]   giảm nợ                                  1
[2026-07-01 10:36:25] [TASK_8] [INFO]   trả nợ                                   1
[2026-07-01 10:36:25] [TASK_8] [INFO]   cải thiện tài chính                      1
[2026-07-01 10:36:25] [TASK_8] [INFO]   dòng tiền dương                          1
[2026-07-01 10:36:25] [TASK_8] [INFO]   ký kết hợp đồng                          1
[2026-07-01 10:36:25] [TASK_8] [INFO]   mở rộng thị trường                       1
[2026-07-01 10:36:25] [TASK_8] [INFO]   xuất khẩu tăng                           1
[2026-07-01 10:36:25] [TASK_8] [INFO]   tăng trưởng mạnh                         0
[2026-07-01 10:36:25] [TASK_8] [INFO]   vượt kế hoạch                            0
[2026-07-01 10:36:25] [TASK_8] [INFO]   lãi ròng                                 0
[2026-07-01 10:36:25] [TASK_8] [INFO]   lợi nhuận sau thuế tăng                  0
[2026-07-01 10:36:25] [TASK_8] [INFO]   kết quả tích cực                         0
[2026-07-01 10:36:25] [TASK_8] [INFO]   lãi khủng                                0
[2026-07-01 10:36:25] [TASK_8] [INFO]   lãi lớn                                  0
[2026-07-01 10:36:25] [TASK_8] [INFO]   lãi đậm                                  0
[2026-07-01 10:36:25] [TASK_8] [INFO]   báo lãi                                  0
[2026-07-01 10:36:25] [TASK_8] [INFO]   lợi nhuận kỷ lục                         0
[2026-07-01 10:36:25] [TASK_8] [INFO]   doanh thu kỷ lục                         0
[2026-07-01 10:36:25] [TASK_8] [INFO]   lãi kỷ lục                               0
[2026-07-01 10:36:25] [TASK_8] [INFO]   bứt phá                                  0
[2026-07-01 10:36:25] [TASK_8] [INFO]   tăng vọt                                 0
[2026-07-01 10:36:25] [TASK_8] [INFO]   khởi sắc                                 0
[2026-07-01 10:36:25] [TASK_8] [INFO]   phục hồi                                 0
[2026-07-01 10:36:25] [TASK_8] [INFO]   lập đỉnh                                 0
[2026-07-01 10:36:25] [TASK_8] [INFO]   hoàn thành kế hoạch                      0
[2026-07-01 10:36:25] [TASK_8] [INFO]   lợi nhuận cải thiện                      0
[2026-07-01 10:36:25] [TASK_8] [INFO]   mua lại cổ phiếu                         0
[2026-07-01 10:36:25] [TASK_8] [INFO]   phát hành thưởng                         0
[2026-07-01 10:36:25] [TASK_8] [INFO]   tăng vốn điều lệ                         0
[2026-07-01 10:36:25] [TASK_8] [INFO]   hệ số an toàn vốn                        0
[2026-07-01 10:36:25] [TASK_8] [INFO]   tiền mặt dồi dào                         0
[2026-07-01 10:36:25] [TASK_8] [INFO]   dự án mới                                0
[2026-07-01 10:36:25] [TASK_8] [INFO]   đầu tư mới                               0
[2026-07-01 10:36:25] [TASK_8] [INFO]   hợp tác chiến lược                       0
[2026-07-01 10:36:25] [TASK_8] [INFO]   thắng thầu                               0
[2026-07-01 10:36:25] [TASK_8] [INFO] 
--- NEGATIVE keywords (54) ---
[2026-07-01 10:36:25] [TASK_8] [INFO]   lợi nhuận giảm                           1
[2026-07-01 10:36:25] [TASK_8] [INFO]   doanh thu giảm                           1
[2026-07-01 10:36:25] [TASK_8] [INFO]   sụt giảm                                 1
[2026-07-01 10:36:25] [TASK_8] [INFO]   giảm mạnh                                1
[2026-07-01 10:36:25] [TASK_8] [INFO]   nợ xấu                                   1
[2026-07-01 10:36:25] [TASK_8] [INFO]   áp lực tài chính                         1
[2026-07-01 10:36:25] [TASK_8] [INFO]   dòng tiền âm                             1
[2026-07-01 10:36:25] [TASK_8] [INFO]   hủy hợp đồng                             1
[2026-07-01 10:36:25] [TASK_8] [INFO]   dự án trì hoãn                           1
[2026-07-01 10:36:25] [TASK_8] [INFO]   đóng cửa                                 1
[2026-07-01 10:36:25] [TASK_8] [INFO]   bị phạt                                  1
[2026-07-01 10:36:25] [TASK_8] [INFO]   vi phạm                                  1
[2026-07-01 10:36:25] [TASK_8] [INFO]   bị thanh tra                             1
[2026-07-01 10:36:25] [TASK_8] [INFO]   lợi nhuận âm                             0
[2026-07-01 10:36:25] [TASK_8] [INFO]   thua lỗ                                  0
[2026-07-01 10:36:25] [TASK_8] [INFO]   lỗ ròng                                  0
[2026-07-01 10:36:25] [TASK_8] [INFO]   dưới kế hoạch                            0
[2026-07-01 10:36:25] [TASK_8] [INFO]   kết quả tiêu cực                         0
[2026-07-01 10:36:25] [TASK_8] [INFO]   lợi nhuận thấp hơn                       0
[2026-07-01 10:36:25] [TASK_8] [INFO]   báo lỗ                                   0
[2026-07-01 10:36:25] [TASK_8] [INFO]   lỗ nặng                                  0
[2026-07-01 10:36:25] [TASK_8] [INFO]   lỗ lớn                                   0
[2026-07-01 10:36:25] [TASK_8] [INFO]   lỗ kỷ lục                                0
[2026-07-01 10:36:25] [TASK_8] [INFO]   lỗ lũy kế                                0
[2026-07-01 10:36:25] [TASK_8] [INFO]   lao dốc                                  0
[2026-07-01 10:36:25] [TASK_8] [INFO]   giảm sâu                                 0
[2026-07-01 10:36:25] [TASK_8] [INFO]   tụt dốc                                  0
[2026-07-01 10:36:25] [TASK_8] [INFO]   kinh doanh sa sút                        0
[2026-07-01 10:36:25] [TASK_8] [INFO]   âm vốn chủ sở hữu                        0
[2026-07-01 10:36:25] [TASK_8] [INFO]   lợi nhuận không tăng                     0
[2026-07-01 10:36:25] [TASK_8] [INFO]   doanh thu không tăng                     0
[2026-07-01 10:36:25] [TASK_8] [INFO]   không tăng trưởng                        0
[2026-07-01 10:36:25] [TASK_8] [INFO]   tăng trưởng chậm lại                     0
[2026-07-01 10:36:25] [TASK_8] [INFO]   không hoàn thành kế hoạch                0
[2026-07-01 10:36:25] [TASK_8] [INFO]   không đạt kế hoạch                       0
[2026-07-01 10:36:25] [TASK_8] [INFO]   chưa có lãi                              0
[2026-07-01 10:36:25] [TASK_8] [INFO]   không chia cổ tức                        0
[2026-07-01 10:36:25] [TASK_8] [INFO]   hủy cổ tức                               0
[2026-07-01 10:36:25] [TASK_8] [INFO]   giảm cổ tức                              0
[2026-07-01 10:36:25] [TASK_8] [INFO]   phát hành pha loãng                      0
[2026-07-01 10:36:25] [TASK_8] [INFO]   chào bán giá thấp                        0
[2026-07-01 10:36:25] [TASK_8] [INFO]   nợ vay tăng                              0
[2026-07-01 10:36:25] [TASK_8] [INFO]   nợ quá hạn                               0
[2026-07-01 10:36:25] [TASK_8] [INFO]   hệ số nợ cao                             0
[2026-07-01 10:36:25] [TASK_8] [INFO]   thiếu thanh khoản                        0
[2026-07-01 10:36:25] [TASK_8] [INFO]   thu hẹp hoạt động                        0
[2026-07-01 10:36:25] [TASK_8] [INFO]   dừng dự án                               0
[2026-07-01 10:36:25] [TASK_8] [INFO]   bị kiểm toán từ chối                     0
[2026-07-01 10:36:25] [TASK_8] [INFO]   cảnh báo                                 0
[2026-07-01 10:36:25] [TASK_8] [INFO]   đình chỉ                                 0
[2026-07-01 10:36:25] [TASK_8] [INFO]   khởi tố                                  0
[2026-07-01 10:36:25] [TASK_8] [INFO]   điều tra                                 0
[2026-07-01 10:36:25] [TASK_8] [INFO]   tranh chấp pháp lý                       0
[2026-07-01 10:36:25] [TASK_8] [INFO]   bị kiện                                  0
[2026-07-01 10:36:25] [TASK_8] [INFO] 
--- NEUTRAL keywords (9) ---
[2026-07-01 10:36:25] [TASK_8] [INFO]   đại hội cổ đông                          1
[2026-07-01 10:36:25] [TASK_8] [INFO]   thay đổi lãnh đạo                        1
[2026-07-01 10:36:25] [TASK_8] [INFO]   sáp nhập                                 1
[2026-07-01 10:36:25] [TASK_8] [INFO]   mua lại                                  1
[2026-07-01 10:36:25] [TASK_8] [INFO]   phát hành cổ phiếu mới                   1
[2026-07-01 10:36:25] [TASK_8] [INFO]   thoái vốn                                1
[2026-07-01 10:36:25] [TASK_8] [INFO]   họp HĐQT                                 0
[2026-07-01 10:36:25] [TASK_8] [INFO]   thay CEO                                 0
[2026-07-01 10:36:25] [TASK_8] [INFO]   niêm yết thêm                            0
[2026-07-01 10:36:25] [TASK_8] [INFO] 
Total keyword occurrences in corpus: 34
[2026-07-01 10:36:25] [TASK_8] [INFO] Keywords with zero occurrences: 72 / 106
[2026-07-01 10:36:25] [TASK_8] [INFO] ======================================================================
[2026-07-01 10:36:25] [TASK_8] [INFO] Keyword Builder (TASK 8) complete.
[2026-07-01 10:36:25] [TASK_8] [INFO] Starting Keyword Builder (TASK 8)...
[2026-07-01 10:36:25] [TASK_8] [INFO] Loaded 23 stopwords.
[2026-07-01 10:36:25] [TASK_8] [INFO] Extracting keyword candidates from 10 documents...
[2026-07-01 10:36:25] [TASK_8] [INFO] Saved 176 keyword candidates to C:\Users\User\AppData\Local\Temp\tmpxgtpptf6\keyword_candidates.csv (unigrams: 83, bigrams: 93).
[2026-07-01 10:36:25] [TASK_8] [INFO] Curated keyword list: 43 positive, 54 negative, 9 neutral (total: 106).
[2026-07-01 10:36:25] [TASK_8] [INFO] Saved flat keyword list to C:\Users\User\AppData\Local\Temp\tmpxgtpptf6\keywords_finance.json.
[2026-07-01 10:36:25] [TASK_8] [INFO] Saved group-level keyword breakdown to C:\Users\User\AppData\Local\Temp\tmpxgtpptf6\keywords_by_group.json.
[2026-07-01 10:36:25] [TASK_8] [INFO] ======================================================================
[2026-07-01 10:36:25] [TASK_8] [INFO] KEYWORD CORPUS FREQUENCY REPORT
[2026-07-01 10:36:25] [TASK_8] [INFO] ======================================================================
[2026-07-01 10:36:25] [TASK_8] [INFO] 
--- POSITIVE keywords (43) ---
[2026-07-01 10:36:25] [TASK_8] [INFO]   lợi nhuận tăng                           1
[2026-07-01 10:36:25] [TASK_8] [INFO]   doanh thu tăng                           1
[2026-07-01 10:36:25] [TASK_8] [INFO]   kỷ lục                                   1
[2026-07-01 10:36:25] [TASK_8] [INFO]   tăng trưởng                              1
[2026-07-01 10:36:25] [TASK_8] [INFO]   tăng mạnh                                1
[2026-07-01 10:36:25] [TASK_8] [INFO]   chia cổ tức                              1
[2026-07-01 10:36:25] [TASK_8] [INFO]   cổ tức cao                               1
[2026-07-01 10:36:25] [TASK_8] [INFO]   cổ tức tiền mặt                          1
[2026-07-01 10:36:25] [TASK_8] [INFO]   giảm nợ                                  1
[2026-07-01 10:36:25] [TASK_8] [INFO]   trả nợ                                   1
[2026-07-01 10:36:25] [TASK_8] [INFO]   cải thiện tài chính                      1
[2026-07-01 10:36:25] [TASK_8] [INFO]   dòng tiền dương                          1
[2026-07-01 10:36:25] [TASK_8] [INFO]   ký kết hợp đồng                          1
[2026-07-01 10:36:25] [TASK_8] [INFO]   mở rộng thị trường                       1
[2026-07-01 10:36:25] [TASK_8] [INFO]   xuất khẩu tăng                           1
[2026-07-01 10:36:25] [TASK_8] [INFO]   tăng trưởng mạnh                         0
[2026-07-01 10:36:25] [TASK_8] [INFO]   vượt kế hoạch                            0
[2026-07-01 10:36:25] [TASK_8] [INFO]   lãi ròng                                 0
[2026-07-01 10:36:25] [TASK_8] [INFO]   lợi nhuận sau thuế tăng                  0
[2026-07-01 10:36:25] [TASK_8] [INFO]   kết quả tích cực                         0
[2026-07-01 10:36:25] [TASK_8] [INFO]   lãi khủng                                0
[2026-07-01 10:36:25] [TASK_8] [INFO]   lãi lớn                                  0
[2026-07-01 10:36:25] [TASK_8] [INFO]   lãi đậm                                  0
[2026-07-01 10:36:25] [TASK_8] [INFO]   báo lãi                                  0
[2026-07-01 10:36:25] [TASK_8] [INFO]   lợi nhuận kỷ lục                         0
[2026-07-01 10:36:25] [TASK_8] [INFO]   doanh thu kỷ lục                         0
[2026-07-01 10:36:25] [TASK_8] [INFO]   lãi kỷ lục                               0
[2026-07-01 10:36:25] [TASK_8] [INFO]   bứt phá                                  0
[2026-07-01 10:36:25] [TASK_8] [INFO]   tăng vọt                                 0
[2026-07-01 10:36:25] [TASK_8] [INFO]   khởi sắc                                 0
[2026-07-01 10:36:25] [TASK_8] [INFO]   phục hồi                                 0
[2026-07-01 10:36:25] [TASK_8] [INFO]   lập đỉnh                                 0
[2026-07-01 10:36:25] [TASK_8] [INFO]   hoàn thành kế hoạch                      0
[2026-07-01 10:36:25] [TASK_8] [INFO]   lợi nhuận cải thiện                      0
[2026-07-01 10:36:25] [TASK_8] [INFO]   mua lại cổ phiếu                         0
[2026-07-01 10:36:25] [TASK_8] [INFO]   phát hành thưởng                         0
[2026-07-01 10:36:25] [TASK_8] [INFO]   tăng vốn điều lệ                         0
[2026-07-01 10:36:25] [TASK_8] [INFO]   hệ số an toàn vốn                        0
[2026-07-01 10:36:25] [TASK_8] [INFO]   tiền mặt dồi dào                         0
[2026-07-01 10:36:25] [TASK_8] [INFO]   dự án mới                                0
[2026-07-01 10:36:25] [TASK_8] [INFO]   đầu tư mới                               0
[2026-07-01 10:36:25] [TASK_8] [INFO]   hợp tác chiến lược                       0
[2026-07-01 10:36:25] [TASK_8] [INFO]   thắng thầu                               0
[2026-07-01 10:36:25] [TASK_8] [INFO] 
--- NEGATIVE keywords (54) ---
[2026-07-01 10:36:25] [TASK_8] [INFO]   lợi nhuận giảm                           1
[2026-07-01 10:36:25] [TASK_8] [INFO]   doanh thu giảm                           1
[2026-07-01 10:36:25] [TASK_8] [INFO]   sụt giảm                                 1
[2026-07-01 10:36:25] [TASK_8] [INFO]   giảm mạnh                                1
[2026-07-01 10:36:25] [TASK_8] [INFO]   nợ xấu                                   1
[2026-07-01 10:36:25] [TASK_8] [INFO]   áp lực tài chính                         1
[2026-07-01 10:36:25] [TASK_8] [INFO]   dòng tiền âm                             1
[2026-07-01 10:36:25] [TASK_8] [INFO]   hủy hợp đồng                             1
[2026-07-01 10:36:25] [TASK_8] [INFO]   dự án trì hoãn                           1
[2026-07-01 10:36:25] [TASK_8] [INFO]   đóng cửa                                 1
[2026-07-01 10:36:25] [TASK_8] [INFO]   bị phạt                                  1
[2026-07-01 10:36:25] [TASK_8] [INFO]   vi phạm                                  1
[2026-07-01 10:36:25] [TASK_8] [INFO]   bị thanh tra                             1
[2026-07-01 10:36:25] [TASK_8] [INFO]   lợi nhuận âm                             0
[2026-07-01 10:36:25] [TASK_8] [INFO]   thua lỗ                                  0
[2026-07-01 10:36:25] [TASK_8] [INFO]   lỗ ròng                                  0
[2026-07-01 10:36:25] [TASK_8] [INFO]   dưới kế hoạch                            0
[2026-07-01 10:36:25] [TASK_8] [INFO]   kết quả tiêu cực                         0
[2026-07-01 10:36:25] [TASK_8] [INFO]   lợi nhuận thấp hơn                       0
[2026-07-01 10:36:25] [TASK_8] [INFO]   báo lỗ                                   0
[2026-07-01 10:36:25] [TASK_8] [INFO]   lỗ nặng                                  0
[2026-07-01 10:36:25] [TASK_8] [INFO]   lỗ lớn                                   0
[2026-07-01 10:36:25] [TASK_8] [INFO]   lỗ kỷ lục                                0
[2026-07-01 10:36:25] [TASK_8] [INFO]   lỗ lũy kế                                0
[2026-07-01 10:36:25] [TASK_8] [INFO]   lao dốc                                  0
[2026-07-01 10:36:25] [TASK_8] [INFO]   giảm sâu                                 0
[2026-07-01 10:36:25] [TASK_8] [INFO]   tụt dốc                                  0
[2026-07-01 10:36:25] [TASK_8] [INFO]   kinh doanh sa sút                        0
[2026-07-01 10:36:25] [TASK_8] [INFO]   âm vốn chủ sở hữu                        0
[2026-07-01 10:36:25] [TASK_8] [INFO]   lợi nhuận không tăng                     0
[2026-07-01 10:36:25] [TASK_8] [INFO]   doanh thu không tăng                     0
[2026-07-01 10:36:25] [TASK_8] [INFO]   không tăng trưởng                        0
[2026-07-01 10:36:25] [TASK_8] [INFO]   tăng trưởng chậm lại                     0
[2026-07-01 10:36:25] [TASK_8] [INFO]   không hoàn thành kế hoạch                0
[2026-07-01 10:36:25] [TASK_8] [INFO]   không đạt kế hoạch                       0
[2026-07-01 10:36:25] [TASK_8] [INFO]   chưa có lãi                              0
[2026-07-01 10:36:25] [TASK_8] [INFO]   không chia cổ tức                        0
[2026-07-01 10:36:25] [TASK_8] [INFO]   hủy cổ tức                               0
[2026-07-01 10:36:25] [TASK_8] [INFO]   giảm cổ tức                              0
[2026-07-01 10:36:25] [TASK_8] [INFO]   phát hành pha loãng                      0
[2026-07-01 10:36:25] [TASK_8] [INFO]   chào bán giá thấp                        0
[2026-07-01 10:36:25] [TASK_8] [INFO]   nợ vay tăng                              0
[2026-07-01 10:36:25] [TASK_8] [INFO]   nợ quá hạn                               0
[2026-07-01 10:36:25] [TASK_8] [INFO]   hệ số nợ cao                             0
[2026-07-01 10:36:25] [TASK_8] [INFO]   thiếu thanh khoản                        0
[2026-07-01 10:36:25] [TASK_8] [INFO]   thu hẹp hoạt động                        0
[2026-07-01 10:36:25] [TASK_8] [INFO]   dừng dự án                               0
[2026-07-01 10:36:25] [TASK_8] [INFO]   bị kiểm toán từ chối                     0
[2026-07-01 10:36:25] [TASK_8] [INFO]   cảnh báo                                 0
[2026-07-01 10:36:25] [TASK_8] [INFO]   đình chỉ                                 0
[2026-07-01 10:36:25] [TASK_8] [INFO]   khởi tố                                  0
[2026-07-01 10:36:25] [TASK_8] [INFO]   điều tra                                 0
[2026-07-01 10:36:25] [TASK_8] [INFO]   tranh chấp pháp lý                       0
[2026-07-01 10:36:25] [TASK_8] [INFO]   bị kiện                                  0
[2026-07-01 10:36:25] [TASK_8] [INFO] 
--- NEUTRAL keywords (9) ---
[2026-07-01 10:36:25] [TASK_8] [INFO]   đại hội cổ đông                          1
[2026-07-01 10:36:25] [TASK_8] [INFO]   thay đổi lãnh đạo                        1
[2026-07-01 10:36:25] [TASK_8] [INFO]   sáp nhập                                 1
[2026-07-01 10:36:25] [TASK_8] [INFO]   mua lại                                  1
[2026-07-01 10:36:25] [TASK_8] [INFO]   phát hành cổ phiếu mới                   1
[2026-07-01 10:36:25] [TASK_8] [INFO]   thoái vốn                                1
[2026-07-01 10:36:25] [TASK_8] [INFO]   họp HĐQT                                 0
[2026-07-01 10:36:25] [TASK_8] [INFO]   thay CEO                                 0
[2026-07-01 10:36:25] [TASK_8] [INFO]   niêm yết thêm                            0
[2026-07-01 10:36:25] [TASK_8] [INFO] 
Total keyword occurrences in corpus: 34
[2026-07-01 10:36:25] [TASK_8] [INFO] Keywords with zero occurrences: 72 / 106
[2026-07-01 10:36:25] [TASK_8] [INFO] ======================================================================
[2026-07-01 10:36:25] [TASK_8] [INFO] Keyword Builder (TASK 8) complete.
[2026-07-01 10:36:25] [TASK_8] [INFO] Starting Keyword Builder (TASK 8)...
[2026-07-01 10:36:25] [TASK_8] [INFO] Loaded 23 stopwords.
[2026-07-01 10:36:25] [TASK_8] [INFO] No corpus provided — skipping candidate extraction.
[2026-07-01 10:36:25] [TASK_8] [INFO] Curated keyword list: 43 positive, 54 negative, 9 neutral (total: 106).
[2026-07-01 10:36:25] [TASK_8] [INFO] Saved flat keyword list to C:\Users\User\AppData\Local\Temp\tmp2gz1h4dx\keywords_finance.json.
[2026-07-01 10:36:25] [TASK_8] [INFO] Saved group-level keyword breakdown to C:\Users\User\AppData\Local\Temp\tmp2gz1h4dx\keywords_by_group.json.
[2026-07-01 10:36:25] [TASK_8] [INFO] No corpus provided — skipping frequency report.
[2026-07-01 10:36:25] [TASK_8] [INFO] Keyword Builder (TASK 8) complete.
[2026-07-01 10:42:22] [TASK_8] [INFO] ============================================================
[2026-07-01 10:42:22] [TASK_8] [INFO] START TASK_8: Keyword Building (curate financial keywords)
[2026-07-01 10:42:22] [TASK_8] [INFO] Timestamp: 2026-07-01T10:42:22.487174
[2026-07-01 10:42:22] [TASK_8] [INFO] ============================================================
[2026-07-01 10:42:22] [TASK_8] [INFO] Input: data/news/processed/all_news_processed.csv (34979 rows)
[2026-07-01 10:42:22] [TASK_8] [INFO] ------------------------------------------------------------
[2026-07-01 10:42:22] [TASK_8] [INFO] END TASK_8 — completed in 0.0 seconds
[2026-07-01 10:42:22] [TASK_8] [INFO] ============================================================
[2026-07-01 10:42:23] [TASK_8] [INFO] ============================================================
[2026-07-01 10:42:23] [TASK_8] [INFO] START TASK_8: Keyword Building (curate financial keywords)
[2026-07-01 10:42:23] [TASK_8] [INFO] Timestamp: 2026-07-01T10:42:23.284312
[2026-07-01 10:42:23] [TASK_8] [INFO] ============================================================
[2026-07-01 10:42:23] [TASK_8] [INFO] Input: data/news/processed/all_news_processed.csv (34979 rows)
[2026-07-01 10:42:23] [TASK_8] [INFO] ------------------------------------------------------------
[2026-07-01 10:42:23] [TASK_8] [INFO] END TASK_8 — completed in 0.0 seconds
[2026-07-01 10:42:23] [TASK_8] [INFO] ============================================================
[2026-07-01 10:42:42] [TASK_8] [INFO] Starting Keyword Builder (TASK 8)...
[2026-07-01 10:42:42] [TASK_8] [INFO] Loaded 23 stopwords.
[2026-07-01 10:42:42] [TASK_8] [INFO] Extracting keyword candidates from 10 documents...
[2026-07-01 10:42:42] [TASK_8] [INFO] Saved 176 keyword candidates to C:\Users\User\AppData\Local\Temp\tmp0dbdrp1n\keyword_candidates.csv (unigrams: 83, bigrams: 93).
[2026-07-01 10:42:42] [TASK_8] [INFO] Curated keyword list: 43 positive, 54 negative, 9 neutral (total: 106).
[2026-07-01 10:42:42] [TASK_8] [INFO] Saved flat keyword list to C:\Users\User\AppData\Local\Temp\tmp0dbdrp1n\keywords_finance.json.
[2026-07-01 10:42:42] [TASK_8] [INFO] Saved group-level keyword breakdown to C:\Users\User\AppData\Local\Temp\tmp0dbdrp1n\keywords_by_group.json.
[2026-07-01 10:42:42] [TASK_8] [INFO] ======================================================================
[2026-07-01 10:42:42] [TASK_8] [INFO] KEYWORD CORPUS FREQUENCY REPORT
[2026-07-01 10:42:42] [TASK_8] [INFO] ======================================================================
[2026-07-01 10:42:42] [TASK_8] [INFO] 
--- POSITIVE keywords (43) ---
[2026-07-01 10:42:42] [TASK_8] [INFO]   lợi nhuận tăng                           1
[2026-07-01 10:42:42] [TASK_8] [INFO]   doanh thu tăng                           1
[2026-07-01 10:42:42] [TASK_8] [INFO]   kỷ lục                                   1
[2026-07-01 10:42:42] [TASK_8] [INFO]   tăng trưởng                              1
[2026-07-01 10:42:42] [TASK_8] [INFO]   tăng mạnh                                1
[2026-07-01 10:42:42] [TASK_8] [INFO]   chia cổ tức                              1
[2026-07-01 10:42:42] [TASK_8] [INFO]   cổ tức cao                               1
[2026-07-01 10:42:42] [TASK_8] [INFO]   cổ tức tiền mặt                          1
[2026-07-01 10:42:42] [TASK_8] [INFO]   giảm nợ                                  1
[2026-07-01 10:42:42] [TASK_8] [INFO]   trả nợ                                   1
[2026-07-01 10:42:42] [TASK_8] [INFO]   cải thiện tài chính                      1
[2026-07-01 10:42:42] [TASK_8] [INFO]   dòng tiền dương                          1
[2026-07-01 10:42:42] [TASK_8] [INFO]   ký kết hợp đồng                          1
[2026-07-01 10:42:42] [TASK_8] [INFO]   mở rộng thị trường                       1
[2026-07-01 10:42:42] [TASK_8] [INFO]   xuất khẩu tăng                           1
[2026-07-01 10:42:42] [TASK_8] [INFO]   tăng trưởng mạnh                         0
[2026-07-01 10:42:42] [TASK_8] [INFO]   vượt kế hoạch                            0
[2026-07-01 10:42:42] [TASK_8] [INFO]   lãi ròng                                 0
[2026-07-01 10:42:42] [TASK_8] [INFO]   lợi nhuận sau thuế tăng                  0
[2026-07-01 10:42:42] [TASK_8] [INFO]   kết quả tích cực                         0
[2026-07-01 10:42:42] [TASK_8] [INFO]   lãi khủng                                0
[2026-07-01 10:42:42] [TASK_8] [INFO]   lãi lớn                                  0
[2026-07-01 10:42:42] [TASK_8] [INFO]   lãi đậm                                  0
[2026-07-01 10:42:42] [TASK_8] [INFO]   báo lãi                                  0
[2026-07-01 10:42:42] [TASK_8] [INFO]   lợi nhuận kỷ lục                         0
[2026-07-01 10:42:42] [TASK_8] [INFO]   doanh thu kỷ lục                         0
[2026-07-01 10:42:42] [TASK_8] [INFO]   lãi kỷ lục                               0
[2026-07-01 10:42:42] [TASK_8] [INFO]   bứt phá                                  0
[2026-07-01 10:42:42] [TASK_8] [INFO]   tăng vọt                                 0
[2026-07-01 10:42:42] [TASK_8] [INFO]   khởi sắc                                 0
[2026-07-01 10:42:42] [TASK_8] [INFO]   phục hồi                                 0
[2026-07-01 10:42:42] [TASK_8] [INFO]   lập đỉnh                                 0
[2026-07-01 10:42:42] [TASK_8] [INFO]   hoàn thành kế hoạch                      0
[2026-07-01 10:42:42] [TASK_8] [INFO]   lợi nhuận cải thiện                      0
[2026-07-01 10:42:42] [TASK_8] [INFO]   mua lại cổ phiếu                         0
[2026-07-01 10:42:42] [TASK_8] [INFO]   phát hành thưởng                         0
[2026-07-01 10:42:42] [TASK_8] [INFO]   tăng vốn điều lệ                         0
[2026-07-01 10:42:42] [TASK_8] [INFO]   hệ số an toàn vốn                        0
[2026-07-01 10:42:42] [TASK_8] [INFO]   tiền mặt dồi dào                         0
[2026-07-01 10:42:42] [TASK_8] [INFO]   dự án mới                                0
[2026-07-01 10:42:42] [TASK_8] [INFO]   đầu tư mới                               0
[2026-07-01 10:42:42] [TASK_8] [INFO]   hợp tác chiến lược                       0
[2026-07-01 10:42:42] [TASK_8] [INFO]   thắng thầu                               0
[2026-07-01 10:42:42] [TASK_8] [INFO] 
--- NEGATIVE keywords (54) ---
[2026-07-01 10:42:42] [TASK_8] [INFO]   lợi nhuận giảm                           1
[2026-07-01 10:42:42] [TASK_8] [INFO]   doanh thu giảm                           1
[2026-07-01 10:42:42] [TASK_8] [INFO]   sụt giảm                                 1
[2026-07-01 10:42:42] [TASK_8] [INFO]   giảm mạnh                                1
[2026-07-01 10:42:42] [TASK_8] [INFO]   nợ xấu                                   1
[2026-07-01 10:42:42] [TASK_8] [INFO]   áp lực tài chính                         1
[2026-07-01 10:42:42] [TASK_8] [INFO]   dòng tiền âm                             1
[2026-07-01 10:42:42] [TASK_8] [INFO]   hủy hợp đồng                             1
[2026-07-01 10:42:42] [TASK_8] [INFO]   dự án trì hoãn                           1
[2026-07-01 10:42:42] [TASK_8] [INFO]   đóng cửa                                 1
[2026-07-01 10:42:42] [TASK_8] [INFO]   bị phạt                                  1
[2026-07-01 10:42:42] [TASK_8] [INFO]   vi phạm                                  1
[2026-07-01 10:42:42] [TASK_8] [INFO]   bị thanh tra                             1
[2026-07-01 10:42:42] [TASK_8] [INFO]   lợi nhuận âm                             0
[2026-07-01 10:42:42] [TASK_8] [INFO]   thua lỗ                                  0
[2026-07-01 10:42:42] [TASK_8] [INFO]   lỗ ròng                                  0
[2026-07-01 10:42:42] [TASK_8] [INFO]   dưới kế hoạch                            0
[2026-07-01 10:42:42] [TASK_8] [INFO]   kết quả tiêu cực                         0
[2026-07-01 10:42:42] [TASK_8] [INFO]   lợi nhuận thấp hơn                       0
[2026-07-01 10:42:42] [TASK_8] [INFO]   báo lỗ                                   0
[2026-07-01 10:42:42] [TASK_8] [INFO]   lỗ nặng                                  0
[2026-07-01 10:42:42] [TASK_8] [INFO]   lỗ lớn                                   0
[2026-07-01 10:42:42] [TASK_8] [INFO]   lỗ kỷ lục                                0
[2026-07-01 10:42:42] [TASK_8] [INFO]   lỗ lũy kế                                0
[2026-07-01 10:42:42] [TASK_8] [INFO]   lao dốc                                  0
[2026-07-01 10:42:42] [TASK_8] [INFO]   giảm sâu                                 0
[2026-07-01 10:42:42] [TASK_8] [INFO]   tụt dốc                                  0
[2026-07-01 10:42:42] [TASK_8] [INFO]   kinh doanh sa sút                        0
[2026-07-01 10:42:42] [TASK_8] [INFO]   âm vốn chủ sở hữu                        0
[2026-07-01 10:42:42] [TASK_8] [INFO]   lợi nhuận không tăng                     0
[2026-07-01 10:42:42] [TASK_8] [INFO]   doanh thu không tăng                     0
[2026-07-01 10:42:42] [TASK_8] [INFO]   không tăng trưởng                        0
[2026-07-01 10:42:42] [TASK_8] [INFO]   tăng trưởng chậm lại                     0
[2026-07-01 10:42:42] [TASK_8] [INFO]   không hoàn thành kế hoạch                0
[2026-07-01 10:42:42] [TASK_8] [INFO]   không đạt kế hoạch                       0
[2026-07-01 10:42:42] [TASK_8] [INFO]   chưa có lãi                              0
[2026-07-01 10:42:42] [TASK_8] [INFO]   không chia cổ tức                        0
[2026-07-01 10:42:42] [TASK_8] [INFO]   hủy cổ tức                               0
[2026-07-01 10:42:42] [TASK_8] [INFO]   giảm cổ tức                              0
[2026-07-01 10:42:42] [TASK_8] [INFO]   phát hành pha loãng                      0
[2026-07-01 10:42:42] [TASK_8] [INFO]   chào bán giá thấp                        0
[2026-07-01 10:42:42] [TASK_8] [INFO]   nợ vay tăng                              0
[2026-07-01 10:42:42] [TASK_8] [INFO]   nợ quá hạn                               0
[2026-07-01 10:42:42] [TASK_8] [INFO]   hệ số nợ cao                             0
[2026-07-01 10:42:42] [TASK_8] [INFO]   thiếu thanh khoản                        0
[2026-07-01 10:42:42] [TASK_8] [INFO]   thu hẹp hoạt động                        0
[2026-07-01 10:42:42] [TASK_8] [INFO]   dừng dự án                               0
[2026-07-01 10:42:42] [TASK_8] [INFO]   bị kiểm toán từ chối                     0
[2026-07-01 10:42:42] [TASK_8] [INFO]   cảnh báo                                 0
[2026-07-01 10:42:42] [TASK_8] [INFO]   đình chỉ                                 0
[2026-07-01 10:42:42] [TASK_8] [INFO]   khởi tố                                  0
[2026-07-01 10:42:42] [TASK_8] [INFO]   điều tra                                 0
[2026-07-01 10:42:42] [TASK_8] [INFO]   tranh chấp pháp lý                       0
[2026-07-01 10:42:42] [TASK_8] [INFO]   bị kiện                                  0
[2026-07-01 10:42:42] [TASK_8] [INFO] 
--- NEUTRAL keywords (9) ---
[2026-07-01 10:42:42] [TASK_8] [INFO]   đại hội cổ đông                          1
[2026-07-01 10:42:42] [TASK_8] [INFO]   thay đổi lãnh đạo                        1
[2026-07-01 10:42:42] [TASK_8] [INFO]   sáp nhập                                 1
[2026-07-01 10:42:42] [TASK_8] [INFO]   mua lại                                  1
[2026-07-01 10:42:42] [TASK_8] [INFO]   phát hành cổ phiếu mới                   1
[2026-07-01 10:42:42] [TASK_8] [INFO]   thoái vốn                                1
[2026-07-01 10:42:42] [TASK_8] [INFO]   họp HĐQT                                 0
[2026-07-01 10:42:42] [TASK_8] [INFO]   thay CEO                                 0
[2026-07-01 10:42:42] [TASK_8] [INFO]   niêm yết thêm                            0
[2026-07-01 10:42:42] [TASK_8] [INFO] 
Total keyword occurrences in corpus: 34
[2026-07-01 10:42:42] [TASK_8] [INFO] Keywords with zero occurrences: 72 / 106
[2026-07-01 10:42:42] [TASK_8] [INFO] ======================================================================
[2026-07-01 10:42:42] [TASK_8] [INFO] Keyword Builder (TASK 8) complete.
[2026-07-01 10:42:42] [TASK_8] [INFO] Starting Keyword Builder (TASK 8)...
[2026-07-01 10:42:42] [TASK_8] [INFO] Loaded 23 stopwords.
[2026-07-01 10:42:42] [TASK_8] [INFO] Extracting keyword candidates from 10 documents...
[2026-07-01 10:42:42] [TASK_8] [INFO] Saved 176 keyword candidates to C:\Users\User\AppData\Local\Temp\tmpz150_7g0\keyword_candidates.csv (unigrams: 83, bigrams: 93).
[2026-07-01 10:42:42] [TASK_8] [INFO] Curated keyword list: 43 positive, 54 negative, 9 neutral (total: 106).
[2026-07-01 10:42:42] [TASK_8] [INFO] Saved flat keyword list to C:\Users\User\AppData\Local\Temp\tmpz150_7g0\keywords_finance.json.
[2026-07-01 10:42:42] [TASK_8] [INFO] Saved group-level keyword breakdown to C:\Users\User\AppData\Local\Temp\tmpz150_7g0\keywords_by_group.json.
[2026-07-01 10:42:42] [TASK_8] [INFO] ======================================================================
[2026-07-01 10:42:42] [TASK_8] [INFO] KEYWORD CORPUS FREQUENCY REPORT
[2026-07-01 10:42:42] [TASK_8] [INFO] ======================================================================
[2026-07-01 10:42:42] [TASK_8] [INFO] 
--- POSITIVE keywords (43) ---
[2026-07-01 10:42:42] [TASK_8] [INFO]   lợi nhuận tăng                           1
[2026-07-01 10:42:42] [TASK_8] [INFO]   doanh thu tăng                           1
[2026-07-01 10:42:42] [TASK_8] [INFO]   kỷ lục                                   1
[2026-07-01 10:42:42] [TASK_8] [INFO]   tăng trưởng                              1
[2026-07-01 10:42:42] [TASK_8] [INFO]   tăng mạnh                                1
[2026-07-01 10:42:42] [TASK_8] [INFO]   chia cổ tức                              1
[2026-07-01 10:42:42] [TASK_8] [INFO]   cổ tức cao                               1
[2026-07-01 10:42:42] [TASK_8] [INFO]   cổ tức tiền mặt                          1
[2026-07-01 10:42:42] [TASK_8] [INFO]   giảm nợ                                  1
[2026-07-01 10:42:42] [TASK_8] [INFO]   trả nợ                                   1
[2026-07-01 10:42:42] [TASK_8] [INFO]   cải thiện tài chính                      1
[2026-07-01 10:42:42] [TASK_8] [INFO]   dòng tiền dương                          1
[2026-07-01 10:42:42] [TASK_8] [INFO]   ký kết hợp đồng                          1
[2026-07-01 10:42:42] [TASK_8] [INFO]   mở rộng thị trường                       1
[2026-07-01 10:42:42] [TASK_8] [INFO]   xuất khẩu tăng                           1
[2026-07-01 10:42:42] [TASK_8] [INFO]   tăng trưởng mạnh                         0
[2026-07-01 10:42:42] [TASK_8] [INFO]   vượt kế hoạch                            0
[2026-07-01 10:42:42] [TASK_8] [INFO]   lãi ròng                                 0
[2026-07-01 10:42:42] [TASK_8] [INFO]   lợi nhuận sau thuế tăng                  0
[2026-07-01 10:42:42] [TASK_8] [INFO]   kết quả tích cực                         0
[2026-07-01 10:42:42] [TASK_8] [INFO]   lãi khủng                                0
[2026-07-01 10:42:42] [TASK_8] [INFO]   lãi lớn                                  0
[2026-07-01 10:42:42] [TASK_8] [INFO]   lãi đậm                                  0
[2026-07-01 10:42:42] [TASK_8] [INFO]   báo lãi                                  0
[2026-07-01 10:42:42] [TASK_8] [INFO]   lợi nhuận kỷ lục                         0
[2026-07-01 10:42:42] [TASK_8] [INFO]   doanh thu kỷ lục                         0
[2026-07-01 10:42:42] [TASK_8] [INFO]   lãi kỷ lục                               0
[2026-07-01 10:42:42] [TASK_8] [INFO]   bứt phá                                  0
[2026-07-01 10:42:42] [TASK_8] [INFO]   tăng vọt                                 0
[2026-07-01 10:42:42] [TASK_8] [INFO]   khởi sắc                                 0
[2026-07-01 10:42:42] [TASK_8] [INFO]   phục hồi                                 0
[2026-07-01 10:42:42] [TASK_8] [INFO]   lập đỉnh                                 0
[2026-07-01 10:42:42] [TASK_8] [INFO]   hoàn thành kế hoạch                      0
[2026-07-01 10:42:42] [TASK_8] [INFO]   lợi nhuận cải thiện                      0
[2026-07-01 10:42:42] [TASK_8] [INFO]   mua lại cổ phiếu                         0
[2026-07-01 10:42:42] [TASK_8] [INFO]   phát hành thưởng                         0
[2026-07-01 10:42:42] [TASK_8] [INFO]   tăng vốn điều lệ                         0
[2026-07-01 10:42:42] [TASK_8] [INFO]   hệ số an toàn vốn                        0
[2026-07-01 10:42:42] [TASK_8] [INFO]   tiền mặt dồi dào                         0
[2026-07-01 10:42:42] [TASK_8] [INFO]   dự án mới                                0
[2026-07-01 10:42:42] [TASK_8] [INFO]   đầu tư mới                               0
[2026-07-01 10:42:42] [TASK_8] [INFO]   hợp tác chiến lược                       0
[2026-07-01 10:42:42] [TASK_8] [INFO]   thắng thầu                               0
[2026-07-01 10:42:42] [TASK_8] [INFO] 
--- NEGATIVE keywords (54) ---
[2026-07-01 10:42:42] [TASK_8] [INFO]   lợi nhuận giảm                           1
[2026-07-01 10:42:42] [TASK_8] [INFO]   doanh thu giảm                           1
[2026-07-01 10:42:42] [TASK_8] [INFO]   sụt giảm                                 1
[2026-07-01 10:42:42] [TASK_8] [INFO]   giảm mạnh                                1
[2026-07-01 10:42:42] [TASK_8] [INFO]   nợ xấu                                   1
[2026-07-01 10:42:42] [TASK_8] [INFO]   áp lực tài chính                         1
[2026-07-01 10:42:42] [TASK_8] [INFO]   dòng tiền âm                             1
[2026-07-01 10:42:42] [TASK_8] [INFO]   hủy hợp đồng                             1
[2026-07-01 10:42:42] [TASK_8] [INFO]   dự án trì hoãn                           1
[2026-07-01 10:42:42] [TASK_8] [INFO]   đóng cửa                                 1
[2026-07-01 10:42:42] [TASK_8] [INFO]   bị phạt                                  1
[2026-07-01 10:42:42] [TASK_8] [INFO]   vi phạm                                  1
[2026-07-01 10:42:42] [TASK_8] [INFO]   bị thanh tra                             1
[2026-07-01 10:42:42] [TASK_8] [INFO]   lợi nhuận âm                             0
[2026-07-01 10:42:42] [TASK_8] [INFO]   thua lỗ                                  0
[2026-07-01 10:42:42] [TASK_8] [INFO]   lỗ ròng                                  0
[2026-07-01 10:42:42] [TASK_8] [INFO]   dưới kế hoạch                            0
[2026-07-01 10:42:42] [TASK_8] [INFO]   kết quả tiêu cực                         0
[2026-07-01 10:42:42] [TASK_8] [INFO]   lợi nhuận thấp hơn                       0
[2026-07-01 10:42:42] [TASK_8] [INFO]   báo lỗ                                   0
[2026-07-01 10:42:42] [TASK_8] [INFO]   lỗ nặng                                  0
[2026-07-01 10:42:42] [TASK_8] [INFO]   lỗ lớn                                   0
[2026-07-01 10:42:42] [TASK_8] [INFO]   lỗ kỷ lục                                0
[2026-07-01 10:42:42] [TASK_8] [INFO]   lỗ lũy kế                                0
[2026-07-01 10:42:42] [TASK_8] [INFO]   lao dốc                                  0
[2026-07-01 10:42:42] [TASK_8] [INFO]   giảm sâu                                 0
[2026-07-01 10:42:42] [TASK_8] [INFO]   tụt dốc                                  0
[2026-07-01 10:42:42] [TASK_8] [INFO]   kinh doanh sa sút                        0
[2026-07-01 10:42:42] [TASK_8] [INFO]   âm vốn chủ sở hữu                        0
[2026-07-01 10:42:42] [TASK_8] [INFO]   lợi nhuận không tăng                     0
[2026-07-01 10:42:42] [TASK_8] [INFO]   doanh thu không tăng                     0
[2026-07-01 10:42:42] [TASK_8] [INFO]   không tăng trưởng                        0
[2026-07-01 10:42:42] [TASK_8] [INFO]   tăng trưởng chậm lại                     0
[2026-07-01 10:42:42] [TASK_8] [INFO]   không hoàn thành kế hoạch                0
[2026-07-01 10:42:42] [TASK_8] [INFO]   không đạt kế hoạch                       0
[2026-07-01 10:42:42] [TASK_8] [INFO]   chưa có lãi                              0
[2026-07-01 10:42:42] [TASK_8] [INFO]   không chia cổ tức                        0
[2026-07-01 10:42:42] [TASK_8] [INFO]   hủy cổ tức                               0
[2026-07-01 10:42:42] [TASK_8] [INFO]   giảm cổ tức                              0
[2026-07-01 10:42:42] [TASK_8] [INFO]   phát hành pha loãng                      0
[2026-07-01 10:42:42] [TASK_8] [INFO]   chào bán giá thấp                        0
[2026-07-01 10:42:42] [TASK_8] [INFO]   nợ vay tăng                              0
[2026-07-01 10:42:42] [TASK_8] [INFO]   nợ quá hạn                               0
[2026-07-01 10:42:42] [TASK_8] [INFO]   hệ số nợ cao                             0
[2026-07-01 10:42:42] [TASK_8] [INFO]   thiếu thanh khoản                        0
[2026-07-01 10:42:42] [TASK_8] [INFO]   thu hẹp hoạt động                        0
[2026-07-01 10:42:42] [TASK_8] [INFO]   dừng dự án                               0
[2026-07-01 10:42:42] [TASK_8] [INFO]   bị kiểm toán từ chối                     0
[2026-07-01 10:42:42] [TASK_8] [INFO]   cảnh báo                                 0
[2026-07-01 10:42:42] [TASK_8] [INFO]   đình chỉ                                 0
[2026-07-01 10:42:42] [TASK_8] [INFO]   khởi tố                                  0
[2026-07-01 10:42:42] [TASK_8] [INFO]   điều tra                                 0
[2026-07-01 10:42:42] [TASK_8] [INFO]   tranh chấp pháp lý                       0
[2026-07-01 10:42:42] [TASK_8] [INFO]   bị kiện                                  0
[2026-07-01 10:42:42] [TASK_8] [INFO] 
--- NEUTRAL keywords (9) ---
[2026-07-01 10:42:42] [TASK_8] [INFO]   đại hội cổ đông                          1
[2026-07-01 10:42:42] [TASK_8] [INFO]   thay đổi lãnh đạo                        1
[2026-07-01 10:42:42] [TASK_8] [INFO]   sáp nhập                                 1
[2026-07-01 10:42:42] [TASK_8] [INFO]   mua lại                                  1
[2026-07-01 10:42:42] [TASK_8] [INFO]   phát hành cổ phiếu mới                   1
[2026-07-01 10:42:42] [TASK_8] [INFO]   thoái vốn                                1
[2026-07-01 10:42:42] [TASK_8] [INFO]   họp HĐQT                                 0
[2026-07-01 10:42:42] [TASK_8] [INFO]   thay CEO                                 0
[2026-07-01 10:42:42] [TASK_8] [INFO]   niêm yết thêm                            0
[2026-07-01 10:42:42] [TASK_8] [INFO] 
Total keyword occurrences in corpus: 34
[2026-07-01 10:42:42] [TASK_8] [INFO] Keywords with zero occurrences: 72 / 106
[2026-07-01 10:42:42] [TASK_8] [INFO] ======================================================================
[2026-07-01 10:42:42] [TASK_8] [INFO] Keyword Builder (TASK 8) complete.
[2026-07-01 10:42:42] [TASK_8] [INFO] Starting Keyword Builder (TASK 8)...
[2026-07-01 10:42:42] [TASK_8] [INFO] Loaded 23 stopwords.
[2026-07-01 10:42:42] [TASK_8] [INFO] No corpus provided — skipping candidate extraction.
[2026-07-01 10:42:42] [TASK_8] [INFO] Curated keyword list: 43 positive, 54 negative, 9 neutral (total: 106).
[2026-07-01 10:42:42] [TASK_8] [INFO] Saved flat keyword list to C:\Users\User\AppData\Local\Temp\tmpcrqmyf00\keywords_finance.json.
[2026-07-01 10:42:42] [TASK_8] [INFO] Saved group-level keyword breakdown to C:\Users\User\AppData\Local\Temp\tmpcrqmyf00\keywords_by_group.json.
[2026-07-01 10:42:42] [TASK_8] [INFO] No corpus provided — skipping frequency report.
[2026-07-01 10:42:42] [TASK_8] [INFO] Keyword Builder (TASK 8) complete.
[2026-07-01 10:54:24] [TASK_8] [INFO] ============================================================
[2026-07-01 10:54:24] [TASK_8] [INFO] START TASK_8: Keyword Building (curate financial keywords)
[2026-07-01 10:54:24] [TASK_8] [INFO] Timestamp: 2026-07-01T10:54:24.661825
[2026-07-01 10:54:24] [TASK_8] [INFO] ============================================================
[2026-07-01 10:54:24] [TASK_8] [INFO] Input: data/news/processed/all_news_processed.csv (34979 rows)
[2026-07-01 10:54:24] [TASK_8] [INFO] ------------------------------------------------------------
[2026-07-01 10:54:24] [TASK_8] [INFO] END TASK_8 — completed in 0.0 seconds
[2026-07-01 10:54:24] [TASK_8] [INFO] ============================================================
[2026-07-01 10:54:25] [TASK_8] [INFO] ============================================================
[2026-07-01 10:54:25] [TASK_8] [INFO] START TASK_8: Keyword Building (curate financial keywords)
[2026-07-01 10:54:25] [TASK_8] [INFO] Timestamp: 2026-07-01T10:54:25.475283
[2026-07-01 10:54:25] [TASK_8] [INFO] ============================================================
[2026-07-01 10:54:25] [TASK_8] [INFO] Input: data/news/processed/all_news_processed.csv (34979 rows)
[2026-07-01 10:54:25] [TASK_8] [INFO] ------------------------------------------------------------
[2026-07-01 10:54:25] [TASK_8] [INFO] END TASK_8 — completed in 0.0 seconds
[2026-07-01 10:54:25] [TASK_8] [INFO] ============================================================
[2026-07-01 10:54:43] [TASK_8] [INFO] Starting Keyword Builder (TASK 8)...
[2026-07-01 10:54:43] [TASK_8] [INFO] Loaded 23 stopwords.
[2026-07-01 10:54:43] [TASK_8] [INFO] Extracting keyword candidates from 10 documents...
[2026-07-01 10:54:43] [TASK_8] [INFO] Saved 176 keyword candidates to C:\Users\User\AppData\Local\Temp\tmpam9pxye5\keyword_candidates.csv (unigrams: 83, bigrams: 93).
[2026-07-01 10:54:43] [TASK_8] [INFO] Curated keyword list: 43 positive, 54 negative, 9 neutral (total: 106).
[2026-07-01 10:54:43] [TASK_8] [INFO] Saved flat keyword list to C:\Users\User\AppData\Local\Temp\tmpam9pxye5\keywords_finance.json.
[2026-07-01 10:54:43] [TASK_8] [INFO] Saved group-level keyword breakdown to C:\Users\User\AppData\Local\Temp\tmpam9pxye5\keywords_by_group.json.
[2026-07-01 10:54:43] [TASK_8] [INFO] ======================================================================
[2026-07-01 10:54:43] [TASK_8] [INFO] KEYWORD CORPUS FREQUENCY REPORT
[2026-07-01 10:54:43] [TASK_8] [INFO] ======================================================================
[2026-07-01 10:54:43] [TASK_8] [INFO] 
--- POSITIVE keywords (43) ---
[2026-07-01 10:54:43] [TASK_8] [INFO]   lợi nhuận tăng                           1
[2026-07-01 10:54:43] [TASK_8] [INFO]   doanh thu tăng                           1
[2026-07-01 10:54:43] [TASK_8] [INFO]   kỷ lục                                   1
[2026-07-01 10:54:43] [TASK_8] [INFO]   tăng trưởng                              1
[2026-07-01 10:54:43] [TASK_8] [INFO]   tăng mạnh                                1
[2026-07-01 10:54:43] [TASK_8] [INFO]   chia cổ tức                              1
[2026-07-01 10:54:43] [TASK_8] [INFO]   cổ tức cao                               1
[2026-07-01 10:54:43] [TASK_8] [INFO]   cổ tức tiền mặt                          1
[2026-07-01 10:54:43] [TASK_8] [INFO]   giảm nợ                                  1
[2026-07-01 10:54:43] [TASK_8] [INFO]   trả nợ                                   1
[2026-07-01 10:54:43] [TASK_8] [INFO]   cải thiện tài chính                      1
[2026-07-01 10:54:43] [TASK_8] [INFO]   dòng tiền dương                          1
[2026-07-01 10:54:43] [TASK_8] [INFO]   ký kết hợp đồng                          1
[2026-07-01 10:54:43] [TASK_8] [INFO]   mở rộng thị trường                       1
[2026-07-01 10:54:43] [TASK_8] [INFO]   xuất khẩu tăng                           1
[2026-07-01 10:54:43] [TASK_8] [INFO]   tăng trưởng mạnh                         0
[2026-07-01 10:54:43] [TASK_8] [INFO]   vượt kế hoạch                            0
[2026-07-01 10:54:43] [TASK_8] [INFO]   lãi ròng                                 0
[2026-07-01 10:54:43] [TASK_8] [INFO]   lợi nhuận sau thuế tăng                  0
[2026-07-01 10:54:43] [TASK_8] [INFO]   kết quả tích cực                         0
[2026-07-01 10:54:43] [TASK_8] [INFO]   lãi khủng                                0
[2026-07-01 10:54:43] [TASK_8] [INFO]   lãi lớn                                  0
[2026-07-01 10:54:43] [TASK_8] [INFO]   lãi đậm                                  0
[2026-07-01 10:54:43] [TASK_8] [INFO]   báo lãi                                  0
[2026-07-01 10:54:43] [TASK_8] [INFO]   lợi nhuận kỷ lục                         0
[2026-07-01 10:54:43] [TASK_8] [INFO]   doanh thu kỷ lục                         0
[2026-07-01 10:54:43] [TASK_8] [INFO]   lãi kỷ lục                               0
[2026-07-01 10:54:43] [TASK_8] [INFO]   bứt phá                                  0
[2026-07-01 10:54:43] [TASK_8] [INFO]   tăng vọt                                 0
[2026-07-01 10:54:43] [TASK_8] [INFO]   khởi sắc                                 0
[2026-07-01 10:54:43] [TASK_8] [INFO]   phục hồi                                 0
[2026-07-01 10:54:43] [TASK_8] [INFO]   lập đỉnh                                 0
[2026-07-01 10:54:43] [TASK_8] [INFO]   hoàn thành kế hoạch                      0
[2026-07-01 10:54:43] [TASK_8] [INFO]   lợi nhuận cải thiện                      0
[2026-07-01 10:54:43] [TASK_8] [INFO]   mua lại cổ phiếu                         0
[2026-07-01 10:54:43] [TASK_8] [INFO]   phát hành thưởng                         0
[2026-07-01 10:54:43] [TASK_8] [INFO]   tăng vốn điều lệ                         0
[2026-07-01 10:54:43] [TASK_8] [INFO]   hệ số an toàn vốn                        0
[2026-07-01 10:54:43] [TASK_8] [INFO]   tiền mặt dồi dào                         0
[2026-07-01 10:54:43] [TASK_8] [INFO]   dự án mới                                0
[2026-07-01 10:54:43] [TASK_8] [INFO]   đầu tư mới                               0
[2026-07-01 10:54:43] [TASK_8] [INFO]   hợp tác chiến lược                       0
[2026-07-01 10:54:43] [TASK_8] [INFO]   thắng thầu                               0
[2026-07-01 10:54:43] [TASK_8] [INFO] 
--- NEGATIVE keywords (54) ---
[2026-07-01 10:54:43] [TASK_8] [INFO]   lợi nhuận giảm                           1
[2026-07-01 10:54:43] [TASK_8] [INFO]   doanh thu giảm                           1
[2026-07-01 10:54:43] [TASK_8] [INFO]   sụt giảm                                 1
[2026-07-01 10:54:43] [TASK_8] [INFO]   giảm mạnh                                1
[2026-07-01 10:54:43] [TASK_8] [INFO]   nợ xấu                                   1
[2026-07-01 10:54:43] [TASK_8] [INFO]   áp lực tài chính                         1
[2026-07-01 10:54:43] [TASK_8] [INFO]   dòng tiền âm                             1
[2026-07-01 10:54:43] [TASK_8] [INFO]   hủy hợp đồng                             1
[2026-07-01 10:54:43] [TASK_8] [INFO]   dự án trì hoãn                           1
[2026-07-01 10:54:43] [TASK_8] [INFO]   đóng cửa                                 1
[2026-07-01 10:54:43] [TASK_8] [INFO]   bị phạt                                  1
[2026-07-01 10:54:43] [TASK_8] [INFO]   vi phạm                                  1
[2026-07-01 10:54:43] [TASK_8] [INFO]   bị thanh tra                             1
[2026-07-01 10:54:43] [TASK_8] [INFO]   lợi nhuận âm                             0
[2026-07-01 10:54:43] [TASK_8] [INFO]   thua lỗ                                  0
[2026-07-01 10:54:43] [TASK_8] [INFO]   lỗ ròng                                  0
[2026-07-01 10:54:43] [TASK_8] [INFO]   dưới kế hoạch                            0
[2026-07-01 10:54:43] [TASK_8] [INFO]   kết quả tiêu cực                         0
[2026-07-01 10:54:43] [TASK_8] [INFO]   lợi nhuận thấp hơn                       0
[2026-07-01 10:54:43] [TASK_8] [INFO]   báo lỗ                                   0
[2026-07-01 10:54:43] [TASK_8] [INFO]   lỗ nặng                                  0
[2026-07-01 10:54:43] [TASK_8] [INFO]   lỗ lớn                                   0
[2026-07-01 10:54:43] [TASK_8] [INFO]   lỗ kỷ lục                                0
[2026-07-01 10:54:43] [TASK_8] [INFO]   lỗ lũy kế                                0
[2026-07-01 10:54:43] [TASK_8] [INFO]   lao dốc                                  0
[2026-07-01 10:54:43] [TASK_8] [INFO]   giảm sâu                                 0
[2026-07-01 10:54:43] [TASK_8] [INFO]   tụt dốc                                  0
[2026-07-01 10:54:43] [TASK_8] [INFO]   kinh doanh sa sút                        0
[2026-07-01 10:54:43] [TASK_8] [INFO]   âm vốn chủ sở hữu                        0
[2026-07-01 10:54:43] [TASK_8] [INFO]   lợi nhuận không tăng                     0
[2026-07-01 10:54:43] [TASK_8] [INFO]   doanh thu không tăng                     0
[2026-07-01 10:54:43] [TASK_8] [INFO]   không tăng trưởng                        0
[2026-07-01 10:54:43] [TASK_8] [INFO]   tăng trưởng chậm lại                     0
[2026-07-01 10:54:43] [TASK_8] [INFO]   không hoàn thành kế hoạch                0
[2026-07-01 10:54:43] [TASK_8] [INFO]   không đạt kế hoạch                       0
[2026-07-01 10:54:43] [TASK_8] [INFO]   chưa có lãi                              0
[2026-07-01 10:54:43] [TASK_8] [INFO]   không chia cổ tức                        0
[2026-07-01 10:54:43] [TASK_8] [INFO]   hủy cổ tức                               0
[2026-07-01 10:54:43] [TASK_8] [INFO]   giảm cổ tức                              0
[2026-07-01 10:54:43] [TASK_8] [INFO]   phát hành pha loãng                      0
[2026-07-01 10:54:43] [TASK_8] [INFO]   chào bán giá thấp                        0
[2026-07-01 10:54:43] [TASK_8] [INFO]   nợ vay tăng                              0
[2026-07-01 10:54:43] [TASK_8] [INFO]   nợ quá hạn                               0
[2026-07-01 10:54:43] [TASK_8] [INFO]   hệ số nợ cao                             0
[2026-07-01 10:54:43] [TASK_8] [INFO]   thiếu thanh khoản                        0
[2026-07-01 10:54:43] [TASK_8] [INFO]   thu hẹp hoạt động                        0
[2026-07-01 10:54:43] [TASK_8] [INFO]   dừng dự án                               0
[2026-07-01 10:54:43] [TASK_8] [INFO]   bị kiểm toán từ chối                     0
[2026-07-01 10:54:43] [TASK_8] [INFO]   cảnh báo                                 0
[2026-07-01 10:54:43] [TASK_8] [INFO]   đình chỉ                                 0
[2026-07-01 10:54:43] [TASK_8] [INFO]   khởi tố                                  0
[2026-07-01 10:54:43] [TASK_8] [INFO]   điều tra                                 0
[2026-07-01 10:54:43] [TASK_8] [INFO]   tranh chấp pháp lý                       0
[2026-07-01 10:54:43] [TASK_8] [INFO]   bị kiện                                  0
[2026-07-01 10:54:43] [TASK_8] [INFO] 
--- NEUTRAL keywords (9) ---
[2026-07-01 10:54:43] [TASK_8] [INFO]   đại hội cổ đông                          1
[2026-07-01 10:54:43] [TASK_8] [INFO]   thay đổi lãnh đạo                        1
[2026-07-01 10:54:43] [TASK_8] [INFO]   sáp nhập                                 1
[2026-07-01 10:54:43] [TASK_8] [INFO]   mua lại                                  1
[2026-07-01 10:54:43] [TASK_8] [INFO]   phát hành cổ phiếu mới                   1
[2026-07-01 10:54:43] [TASK_8] [INFO]   thoái vốn                                1
[2026-07-01 10:54:43] [TASK_8] [INFO]   họp HĐQT                                 0
[2026-07-01 10:54:43] [TASK_8] [INFO]   thay CEO                                 0
[2026-07-01 10:54:43] [TASK_8] [INFO]   niêm yết thêm                            0
[2026-07-01 10:54:43] [TASK_8] [INFO] 
Total keyword occurrences in corpus: 34
[2026-07-01 10:54:43] [TASK_8] [INFO] Keywords with zero occurrences: 72 / 106
[2026-07-01 10:54:43] [TASK_8] [INFO] ======================================================================
[2026-07-01 10:54:43] [TASK_8] [INFO] Keyword Builder (TASK 8) complete.
[2026-07-01 10:54:43] [TASK_8] [INFO] Starting Keyword Builder (TASK 8)...
[2026-07-01 10:54:43] [TASK_8] [INFO] Loaded 23 stopwords.
[2026-07-01 10:54:43] [TASK_8] [INFO] Extracting keyword candidates from 10 documents...
[2026-07-01 10:54:43] [TASK_8] [INFO] Saved 176 keyword candidates to C:\Users\User\AppData\Local\Temp\tmpewfzp5zt\keyword_candidates.csv (unigrams: 83, bigrams: 93).
[2026-07-01 10:54:43] [TASK_8] [INFO] Curated keyword list: 43 positive, 54 negative, 9 neutral (total: 106).
[2026-07-01 10:54:43] [TASK_8] [INFO] Saved flat keyword list to C:\Users\User\AppData\Local\Temp\tmpewfzp5zt\keywords_finance.json.
[2026-07-01 10:54:43] [TASK_8] [INFO] Saved group-level keyword breakdown to C:\Users\User\AppData\Local\Temp\tmpewfzp5zt\keywords_by_group.json.
[2026-07-01 10:54:43] [TASK_8] [INFO] ======================================================================
[2026-07-01 10:54:43] [TASK_8] [INFO] KEYWORD CORPUS FREQUENCY REPORT
[2026-07-01 10:54:43] [TASK_8] [INFO] ======================================================================
[2026-07-01 10:54:43] [TASK_8] [INFO] 
--- POSITIVE keywords (43) ---
[2026-07-01 10:54:43] [TASK_8] [INFO]   lợi nhuận tăng                           1
[2026-07-01 10:54:43] [TASK_8] [INFO]   doanh thu tăng                           1
[2026-07-01 10:54:43] [TASK_8] [INFO]   kỷ lục                                   1
[2026-07-01 10:54:43] [TASK_8] [INFO]   tăng trưởng                              1
[2026-07-01 10:54:43] [TASK_8] [INFO]   tăng mạnh                                1
[2026-07-01 10:54:43] [TASK_8] [INFO]   chia cổ tức                              1
[2026-07-01 10:54:43] [TASK_8] [INFO]   cổ tức cao                               1
[2026-07-01 10:54:43] [TASK_8] [INFO]   cổ tức tiền mặt                          1
[2026-07-01 10:54:43] [TASK_8] [INFO]   giảm nợ                                  1
[2026-07-01 10:54:43] [TASK_8] [INFO]   trả nợ                                   1
[2026-07-01 10:54:43] [TASK_8] [INFO]   cải thiện tài chính                      1
[2026-07-01 10:54:43] [TASK_8] [INFO]   dòng tiền dương                          1
[2026-07-01 10:54:43] [TASK_8] [INFO]   ký kết hợp đồng                          1
[2026-07-01 10:54:43] [TASK_8] [INFO]   mở rộng thị trường                       1
[2026-07-01 10:54:43] [TASK_8] [INFO]   xuất khẩu tăng                           1
[2026-07-01 10:54:43] [TASK_8] [INFO]   tăng trưởng mạnh                         0
[2026-07-01 10:54:43] [TASK_8] [INFO]   vượt kế hoạch                            0
[2026-07-01 10:54:43] [TASK_8] [INFO]   lãi ròng                                 0
[2026-07-01 10:54:43] [TASK_8] [INFO]   lợi nhuận sau thuế tăng                  0
[2026-07-01 10:54:43] [TASK_8] [INFO]   kết quả tích cực                         0
[2026-07-01 10:54:43] [TASK_8] [INFO]   lãi khủng                                0
[2026-07-01 10:54:43] [TASK_8] [INFO]   lãi lớn                                  0
[2026-07-01 10:54:43] [TASK_8] [INFO]   lãi đậm                                  0
[2026-07-01 10:54:43] [TASK_8] [INFO]   báo lãi                                  0
[2026-07-01 10:54:43] [TASK_8] [INFO]   lợi nhuận kỷ lục                         0
[2026-07-01 10:54:43] [TASK_8] [INFO]   doanh thu kỷ lục                         0
[2026-07-01 10:54:43] [TASK_8] [INFO]   lãi kỷ lục                               0
[2026-07-01 10:54:43] [TASK_8] [INFO]   bứt phá                                  0
[2026-07-01 10:54:43] [TASK_8] [INFO]   tăng vọt                                 0
[2026-07-01 10:54:43] [TASK_8] [INFO]   khởi sắc                                 0
[2026-07-01 10:54:43] [TASK_8] [INFO]   phục hồi                                 0
[2026-07-01 10:54:43] [TASK_8] [INFO]   lập đỉnh                                 0
[2026-07-01 10:54:43] [TASK_8] [INFO]   hoàn thành kế hoạch                      0
[2026-07-01 10:54:43] [TASK_8] [INFO]   lợi nhuận cải thiện                      0
[2026-07-01 10:54:43] [TASK_8] [INFO]   mua lại cổ phiếu                         0
[2026-07-01 10:54:43] [TASK_8] [INFO]   phát hành thưởng                         0
[2026-07-01 10:54:43] [TASK_8] [INFO]   tăng vốn điều lệ                         0
[2026-07-01 10:54:43] [TASK_8] [INFO]   hệ số an toàn vốn                        0
[2026-07-01 10:54:43] [TASK_8] [INFO]   tiền mặt dồi dào                         0
[2026-07-01 10:54:43] [TASK_8] [INFO]   dự án mới                                0
[2026-07-01 10:54:43] [TASK_8] [INFO]   đầu tư mới                               0
[2026-07-01 10:54:43] [TASK_8] [INFO]   hợp tác chiến lược                       0
[2026-07-01 10:54:43] [TASK_8] [INFO]   thắng thầu                               0
[2026-07-01 10:54:43] [TASK_8] [INFO] 
--- NEGATIVE keywords (54) ---
[2026-07-01 10:54:43] [TASK_8] [INFO]   lợi nhuận giảm                           1
[2026-07-01 10:54:43] [TASK_8] [INFO]   doanh thu giảm                           1
[2026-07-01 10:54:43] [TASK_8] [INFO]   sụt giảm                                 1
[2026-07-01 10:54:43] [TASK_8] [INFO]   giảm mạnh                                1
[2026-07-01 10:54:43] [TASK_8] [INFO]   nợ xấu                                   1
[2026-07-01 10:54:43] [TASK_8] [INFO]   áp lực tài chính                         1
[2026-07-01 10:54:43] [TASK_8] [INFO]   dòng tiền âm                             1
[2026-07-01 10:54:43] [TASK_8] [INFO]   hủy hợp đồng                             1
[2026-07-01 10:54:43] [TASK_8] [INFO]   dự án trì hoãn                           1
[2026-07-01 10:54:43] [TASK_8] [INFO]   đóng cửa                                 1
[2026-07-01 10:54:43] [TASK_8] [INFO]   bị phạt                                  1
[2026-07-01 10:54:43] [TASK_8] [INFO]   vi phạm                                  1
[2026-07-01 10:54:43] [TASK_8] [INFO]   bị thanh tra                             1
[2026-07-01 10:54:43] [TASK_8] [INFO]   lợi nhuận âm                             0
[2026-07-01 10:54:43] [TASK_8] [INFO]   thua lỗ                                  0
[2026-07-01 10:54:43] [TASK_8] [INFO]   lỗ ròng                                  0
[2026-07-01 10:54:43] [TASK_8] [INFO]   dưới kế hoạch                            0
[2026-07-01 10:54:43] [TASK_8] [INFO]   kết quả tiêu cực                         0
[2026-07-01 10:54:43] [TASK_8] [INFO]   lợi nhuận thấp hơn                       0
[2026-07-01 10:54:43] [TASK_8] [INFO]   báo lỗ                                   0
[2026-07-01 10:54:43] [TASK_8] [INFO]   lỗ nặng                                  0
[2026-07-01 10:54:43] [TASK_8] [INFO]   lỗ lớn                                   0
[2026-07-01 10:54:43] [TASK_8] [INFO]   lỗ kỷ lục                                0
[2026-07-01 10:54:43] [TASK_8] [INFO]   lỗ lũy kế                                0
[2026-07-01 10:54:43] [TASK_8] [INFO]   lao dốc                                  0
[2026-07-01 10:54:43] [TASK_8] [INFO]   giảm sâu                                 0
[2026-07-01 10:54:43] [TASK_8] [INFO]   tụt dốc                                  0
[2026-07-01 10:54:43] [TASK_8] [INFO]   kinh doanh sa sút                        0
[2026-07-01 10:54:43] [TASK_8] [INFO]   âm vốn chủ sở hữu                        0
[2026-07-01 10:54:43] [TASK_8] [INFO]   lợi nhuận không tăng                     0
[2026-07-01 10:54:43] [TASK_8] [INFO]   doanh thu không tăng                     0
[2026-07-01 10:54:43] [TASK_8] [INFO]   không tăng trưởng                        0
[2026-07-01 10:54:43] [TASK_8] [INFO]   tăng trưởng chậm lại                     0
[2026-07-01 10:54:43] [TASK_8] [INFO]   không hoàn thành kế hoạch                0
[2026-07-01 10:54:43] [TASK_8] [INFO]   không đạt kế hoạch                       0
[2026-07-01 10:54:43] [TASK_8] [INFO]   chưa có lãi                              0
[2026-07-01 10:54:43] [TASK_8] [INFO]   không chia cổ tức                        0
[2026-07-01 10:54:43] [TASK_8] [INFO]   hủy cổ tức                               0
[2026-07-01 10:54:43] [TASK_8] [INFO]   giảm cổ tức                              0
[2026-07-01 10:54:43] [TASK_8] [INFO]   phát hành pha loãng                      0
[2026-07-01 10:54:43] [TASK_8] [INFO]   chào bán giá thấp                        0
[2026-07-01 10:54:43] [TASK_8] [INFO]   nợ vay tăng                              0
[2026-07-01 10:54:43] [TASK_8] [INFO]   nợ quá hạn                               0
[2026-07-01 10:54:43] [TASK_8] [INFO]   hệ số nợ cao                             0
[2026-07-01 10:54:43] [TASK_8] [INFO]   thiếu thanh khoản                        0
[2026-07-01 10:54:43] [TASK_8] [INFO]   thu hẹp hoạt động                        0
[2026-07-01 10:54:43] [TASK_8] [INFO]   dừng dự án                               0
[2026-07-01 10:54:43] [TASK_8] [INFO]   bị kiểm toán từ chối                     0
[2026-07-01 10:54:43] [TASK_8] [INFO]   cảnh báo                                 0
[2026-07-01 10:54:43] [TASK_8] [INFO]   đình chỉ                                 0
[2026-07-01 10:54:43] [TASK_8] [INFO]   khởi tố                                  0
[2026-07-01 10:54:43] [TASK_8] [INFO]   điều tra                                 0
[2026-07-01 10:54:43] [TASK_8] [INFO]   tranh chấp pháp lý                       0
[2026-07-01 10:54:43] [TASK_8] [INFO]   bị kiện                                  0
[2026-07-01 10:54:43] [TASK_8] [INFO] 
--- NEUTRAL keywords (9) ---
[2026-07-01 10:54:43] [TASK_8] [INFO]   đại hội cổ đông                          1
[2026-07-01 10:54:43] [TASK_8] [INFO]   thay đổi lãnh đạo                        1
[2026-07-01 10:54:43] [TASK_8] [INFO]   sáp nhập                                 1
[2026-07-01 10:54:43] [TASK_8] [INFO]   mua lại                                  1
[2026-07-01 10:54:43] [TASK_8] [INFO]   phát hành cổ phiếu mới                   1
[2026-07-01 10:54:43] [TASK_8] [INFO]   thoái vốn                                1
[2026-07-01 10:54:43] [TASK_8] [INFO]   họp HĐQT                                 0
[2026-07-01 10:54:43] [TASK_8] [INFO]   thay CEO                                 0
[2026-07-01 10:54:43] [TASK_8] [INFO]   niêm yết thêm                            0
[2026-07-01 10:54:43] [TASK_8] [INFO] 
Total keyword occurrences in corpus: 34
[2026-07-01 10:54:43] [TASK_8] [INFO] Keywords with zero occurrences: 72 / 106
[2026-07-01 10:54:43] [TASK_8] [INFO] ======================================================================
[2026-07-01 10:54:43] [TASK_8] [INFO] Keyword Builder (TASK 8) complete.
[2026-07-01 10:54:43] [TASK_8] [INFO] Starting Keyword Builder (TASK 8)...
[2026-07-01 10:54:43] [TASK_8] [INFO] Loaded 23 stopwords.
[2026-07-01 10:54:43] [TASK_8] [INFO] No corpus provided — skipping candidate extraction.
[2026-07-01 10:54:43] [TASK_8] [INFO] Curated keyword list: 43 positive, 54 negative, 9 neutral (total: 106).
[2026-07-01 10:54:43] [TASK_8] [INFO] Saved flat keyword list to C:\Users\User\AppData\Local\Temp\tmpyedj12t9\keywords_finance.json.
[2026-07-01 10:54:43] [TASK_8] [INFO] Saved group-level keyword breakdown to C:\Users\User\AppData\Local\Temp\tmpyedj12t9\keywords_by_group.json.
[2026-07-01 10:54:43] [TASK_8] [INFO] No corpus provided — skipping frequency report.
[2026-07-01 10:54:43] [TASK_8] [INFO] Keyword Builder (TASK 8) complete.
[2026-07-01 11:35:25] [TASK_8] [INFO] ============================================================
[2026-07-01 11:35:25] [TASK_8] [INFO] START TASK_8: Keyword Building (curate financial keywords)
[2026-07-01 11:35:25] [TASK_8] [INFO] Timestamp: 2026-07-01T11:35:25.314669
[2026-07-01 11:35:25] [TASK_8] [INFO] ============================================================
[2026-07-01 11:35:25] [TASK_8] [INFO] Input: data/news/processed/all_news_processed.csv (34979 rows)
[2026-07-01 11:35:25] [TASK_8] [INFO] ------------------------------------------------------------
[2026-07-01 11:35:25] [TASK_8] [INFO] END TASK_8 — completed in 0.0 seconds
[2026-07-01 11:35:25] [TASK_8] [INFO] ============================================================
[2026-07-01 11:35:26] [TASK_8] [INFO] ============================================================
[2026-07-01 11:35:26] [TASK_8] [INFO] START TASK_8: Keyword Building (curate financial keywords)
[2026-07-01 11:35:26] [TASK_8] [INFO] Timestamp: 2026-07-01T11:35:26.051444
[2026-07-01 11:35:26] [TASK_8] [INFO] ============================================================
[2026-07-01 11:35:26] [TASK_8] [INFO] Input: data/news/processed/all_news_processed.csv (34979 rows)
[2026-07-01 11:35:26] [TASK_8] [INFO] ------------------------------------------------------------
[2026-07-01 11:35:26] [TASK_8] [INFO] END TASK_8 — completed in 0.0 seconds
[2026-07-01 11:35:26] [TASK_8] [INFO] ============================================================
[2026-07-01 11:35:43] [TASK_8] [INFO] Starting Keyword Builder (TASK 8)...
[2026-07-01 11:35:43] [TASK_8] [INFO] Loaded 23 stopwords.
[2026-07-01 11:35:43] [TASK_8] [INFO] Extracting keyword candidates from 10 documents...
[2026-07-01 11:35:43] [TASK_8] [INFO] Saved 176 keyword candidates to C:\Users\User\AppData\Local\Temp\tmpkf48m3kh\keyword_candidates.csv (unigrams: 83, bigrams: 93).
[2026-07-01 11:35:43] [TASK_8] [INFO] Curated keyword list: 43 positive, 54 negative, 9 neutral (total: 106).
[2026-07-01 11:35:43] [TASK_8] [INFO] Saved flat keyword list to C:\Users\User\AppData\Local\Temp\tmpkf48m3kh\keywords_finance.json.
[2026-07-01 11:35:43] [TASK_8] [INFO] Saved group-level keyword breakdown to C:\Users\User\AppData\Local\Temp\tmpkf48m3kh\keywords_by_group.json.
[2026-07-01 11:35:43] [TASK_8] [INFO] ======================================================================
[2026-07-01 11:35:43] [TASK_8] [INFO] KEYWORD CORPUS FREQUENCY REPORT
[2026-07-01 11:35:43] [TASK_8] [INFO] ======================================================================
[2026-07-01 11:35:43] [TASK_8] [INFO] 
--- POSITIVE keywords (43) ---
[2026-07-01 11:35:43] [TASK_8] [INFO]   lợi nhuận tăng                           1
[2026-07-01 11:35:43] [TASK_8] [INFO]   doanh thu tăng                           1
[2026-07-01 11:35:43] [TASK_8] [INFO]   kỷ lục                                   1
[2026-07-01 11:35:43] [TASK_8] [INFO]   tăng trưởng                              1
[2026-07-01 11:35:43] [TASK_8] [INFO]   tăng mạnh                                1
[2026-07-01 11:35:43] [TASK_8] [INFO]   chia cổ tức                              1
[2026-07-01 11:35:43] [TASK_8] [INFO]   cổ tức cao                               1
[2026-07-01 11:35:43] [TASK_8] [INFO]   cổ tức tiền mặt                          1
[2026-07-01 11:35:43] [TASK_8] [INFO]   giảm nợ                                  1
[2026-07-01 11:35:43] [TASK_8] [INFO]   trả nợ                                   1
[2026-07-01 11:35:43] [TASK_8] [INFO]   cải thiện tài chính                      1
[2026-07-01 11:35:43] [TASK_8] [INFO]   dòng tiền dương                          1
[2026-07-01 11:35:43] [TASK_8] [INFO]   ký kết hợp đồng                          1
[2026-07-01 11:35:43] [TASK_8] [INFO]   mở rộng thị trường                       1
[2026-07-01 11:35:43] [TASK_8] [INFO]   xuất khẩu tăng                           1
[2026-07-01 11:35:43] [TASK_8] [INFO]   tăng trưởng mạnh                         0
[2026-07-01 11:35:43] [TASK_8] [INFO]   vượt kế hoạch                            0
[2026-07-01 11:35:43] [TASK_8] [INFO]   lãi ròng                                 0
[2026-07-01 11:35:43] [TASK_8] [INFO]   lợi nhuận sau thuế tăng                  0
[2026-07-01 11:35:43] [TASK_8] [INFO]   kết quả tích cực                         0
[2026-07-01 11:35:43] [TASK_8] [INFO]   lãi khủng                                0
[2026-07-01 11:35:43] [TASK_8] [INFO]   lãi lớn                                  0
[2026-07-01 11:35:43] [TASK_8] [INFO]   lãi đậm                                  0
[2026-07-01 11:35:43] [TASK_8] [INFO]   báo lãi                                  0
[2026-07-01 11:35:43] [TASK_8] [INFO]   lợi nhuận kỷ lục                         0
[2026-07-01 11:35:43] [TASK_8] [INFO]   doanh thu kỷ lục                         0
[2026-07-01 11:35:43] [TASK_8] [INFO]   lãi kỷ lục                               0
[2026-07-01 11:35:43] [TASK_8] [INFO]   bứt phá                                  0
[2026-07-01 11:35:43] [TASK_8] [INFO]   tăng vọt                                 0
[2026-07-01 11:35:43] [TASK_8] [INFO]   khởi sắc                                 0
[2026-07-01 11:35:43] [TASK_8] [INFO]   phục hồi                                 0
[2026-07-01 11:35:43] [TASK_8] [INFO]   lập đỉnh                                 0
[2026-07-01 11:35:43] [TASK_8] [INFO]   hoàn thành kế hoạch                      0
[2026-07-01 11:35:43] [TASK_8] [INFO]   lợi nhuận cải thiện                      0
[2026-07-01 11:35:43] [TASK_8] [INFO]   mua lại cổ phiếu                         0
[2026-07-01 11:35:43] [TASK_8] [INFO]   phát hành thưởng                         0
[2026-07-01 11:35:43] [TASK_8] [INFO]   tăng vốn điều lệ                         0
[2026-07-01 11:35:43] [TASK_8] [INFO]   hệ số an toàn vốn                        0
[2026-07-01 11:35:43] [TASK_8] [INFO]   tiền mặt dồi dào                         0
[2026-07-01 11:35:43] [TASK_8] [INFO]   dự án mới                                0
[2026-07-01 11:35:43] [TASK_8] [INFO]   đầu tư mới                               0
[2026-07-01 11:35:43] [TASK_8] [INFO]   hợp tác chiến lược                       0
[2026-07-01 11:35:43] [TASK_8] [INFO]   thắng thầu                               0
[2026-07-01 11:35:43] [TASK_8] [INFO] 
--- NEGATIVE keywords (54) ---
[2026-07-01 11:35:43] [TASK_8] [INFO]   lợi nhuận giảm                           1
[2026-07-01 11:35:43] [TASK_8] [INFO]   doanh thu giảm                           1
[2026-07-01 11:35:43] [TASK_8] [INFO]   sụt giảm                                 1
[2026-07-01 11:35:43] [TASK_8] [INFO]   giảm mạnh                                1
[2026-07-01 11:35:43] [TASK_8] [INFO]   nợ xấu                                   1
[2026-07-01 11:35:43] [TASK_8] [INFO]   áp lực tài chính                         1
[2026-07-01 11:35:43] [TASK_8] [INFO]   dòng tiền âm                             1
[2026-07-01 11:35:43] [TASK_8] [INFO]   hủy hợp đồng                             1
[2026-07-01 11:35:43] [TASK_8] [INFO]   dự án trì hoãn                           1
[2026-07-01 11:35:43] [TASK_8] [INFO]   đóng cửa                                 1
[2026-07-01 11:35:43] [TASK_8] [INFO]   bị phạt                                  1
[2026-07-01 11:35:43] [TASK_8] [INFO]   vi phạm                                  1
[2026-07-01 11:35:43] [TASK_8] [INFO]   bị thanh tra                             1
[2026-07-01 11:35:43] [TASK_8] [INFO]   lợi nhuận âm                             0
[2026-07-01 11:35:43] [TASK_8] [INFO]   thua lỗ                                  0
[2026-07-01 11:35:43] [TASK_8] [INFO]   lỗ ròng                                  0
[2026-07-01 11:35:43] [TASK_8] [INFO]   dưới kế hoạch                            0
[2026-07-01 11:35:43] [TASK_8] [INFO]   kết quả tiêu cực                         0
[2026-07-01 11:35:43] [TASK_8] [INFO]   lợi nhuận thấp hơn                       0
[2026-07-01 11:35:43] [TASK_8] [INFO]   báo lỗ                                   0
[2026-07-01 11:35:43] [TASK_8] [INFO]   lỗ nặng                                  0
[2026-07-01 11:35:43] [TASK_8] [INFO]   lỗ lớn                                   0
[2026-07-01 11:35:43] [TASK_8] [INFO]   lỗ kỷ lục                                0
[2026-07-01 11:35:43] [TASK_8] [INFO]   lỗ lũy kế                                0
[2026-07-01 11:35:43] [TASK_8] [INFO]   lao dốc                                  0
[2026-07-01 11:35:43] [TASK_8] [INFO]   giảm sâu                                 0
[2026-07-01 11:35:43] [TASK_8] [INFO]   tụt dốc                                  0
[2026-07-01 11:35:43] [TASK_8] [INFO]   kinh doanh sa sút                        0
[2026-07-01 11:35:43] [TASK_8] [INFO]   âm vốn chủ sở hữu                        0
[2026-07-01 11:35:43] [TASK_8] [INFO]   lợi nhuận không tăng                     0
[2026-07-01 11:35:43] [TASK_8] [INFO]   doanh thu không tăng                     0
[2026-07-01 11:35:43] [TASK_8] [INFO]   không tăng trưởng                        0
[2026-07-01 11:35:43] [TASK_8] [INFO]   tăng trưởng chậm lại                     0
[2026-07-01 11:35:43] [TASK_8] [INFO]   không hoàn thành kế hoạch                0
[2026-07-01 11:35:43] [TASK_8] [INFO]   không đạt kế hoạch                       0
[2026-07-01 11:35:43] [TASK_8] [INFO]   chưa có lãi                              0
[2026-07-01 11:35:43] [TASK_8] [INFO]   không chia cổ tức                        0
[2026-07-01 11:35:43] [TASK_8] [INFO]   hủy cổ tức                               0
[2026-07-01 11:35:43] [TASK_8] [INFO]   giảm cổ tức                              0
[2026-07-01 11:35:43] [TASK_8] [INFO]   phát hành pha loãng                      0
[2026-07-01 11:35:43] [TASK_8] [INFO]   chào bán giá thấp                        0
[2026-07-01 11:35:43] [TASK_8] [INFO]   nợ vay tăng                              0
[2026-07-01 11:35:43] [TASK_8] [INFO]   nợ quá hạn                               0
[2026-07-01 11:35:43] [TASK_8] [INFO]   hệ số nợ cao                             0
[2026-07-01 11:35:43] [TASK_8] [INFO]   thiếu thanh khoản                        0
[2026-07-01 11:35:43] [TASK_8] [INFO]   thu hẹp hoạt động                        0
[2026-07-01 11:35:43] [TASK_8] [INFO]   dừng dự án                               0
[2026-07-01 11:35:43] [TASK_8] [INFO]   bị kiểm toán từ chối                     0
[2026-07-01 11:35:43] [TASK_8] [INFO]   cảnh báo                                 0
[2026-07-01 11:35:43] [TASK_8] [INFO]   đình chỉ                                 0
[2026-07-01 11:35:43] [TASK_8] [INFO]   khởi tố                                  0
[2026-07-01 11:35:43] [TASK_8] [INFO]   điều tra                                 0
[2026-07-01 11:35:43] [TASK_8] [INFO]   tranh chấp pháp lý                       0
[2026-07-01 11:35:43] [TASK_8] [INFO]   bị kiện                                  0
[2026-07-01 11:35:43] [TASK_8] [INFO] 
--- NEUTRAL keywords (9) ---
[2026-07-01 11:35:43] [TASK_8] [INFO]   đại hội cổ đông                          1
[2026-07-01 11:35:43] [TASK_8] [INFO]   thay đổi lãnh đạo                        1
[2026-07-01 11:35:43] [TASK_8] [INFO]   sáp nhập                                 1
[2026-07-01 11:35:43] [TASK_8] [INFO]   mua lại                                  1
[2026-07-01 11:35:43] [TASK_8] [INFO]   phát hành cổ phiếu mới                   1
[2026-07-01 11:35:43] [TASK_8] [INFO]   thoái vốn                                1
[2026-07-01 11:35:43] [TASK_8] [INFO]   họp HĐQT                                 0
[2026-07-01 11:35:43] [TASK_8] [INFO]   thay CEO                                 0
[2026-07-01 11:35:43] [TASK_8] [INFO]   niêm yết thêm                            0
[2026-07-01 11:35:43] [TASK_8] [INFO] 
Total keyword occurrences in corpus: 34
[2026-07-01 11:35:43] [TASK_8] [INFO] Keywords with zero occurrences: 72 / 106
[2026-07-01 11:35:43] [TASK_8] [INFO] ======================================================================
[2026-07-01 11:35:43] [TASK_8] [INFO] Keyword Builder (TASK 8) complete.
[2026-07-01 11:35:43] [TASK_8] [INFO] Starting Keyword Builder (TASK 8)...
[2026-07-01 11:35:43] [TASK_8] [INFO] Loaded 23 stopwords.
[2026-07-01 11:35:43] [TASK_8] [INFO] Extracting keyword candidates from 10 documents...
[2026-07-01 11:35:43] [TASK_8] [INFO] Saved 176 keyword candidates to C:\Users\User\AppData\Local\Temp\tmp3ximwje9\keyword_candidates.csv (unigrams: 83, bigrams: 93).
[2026-07-01 11:35:43] [TASK_8] [INFO] Curated keyword list: 43 positive, 54 negative, 9 neutral (total: 106).
[2026-07-01 11:35:43] [TASK_8] [INFO] Saved flat keyword list to C:\Users\User\AppData\Local\Temp\tmp3ximwje9\keywords_finance.json.
[2026-07-01 11:35:43] [TASK_8] [INFO] Saved group-level keyword breakdown to C:\Users\User\AppData\Local\Temp\tmp3ximwje9\keywords_by_group.json.
[2026-07-01 11:35:43] [TASK_8] [INFO] ======================================================================
[2026-07-01 11:35:43] [TASK_8] [INFO] KEYWORD CORPUS FREQUENCY REPORT
[2026-07-01 11:35:43] [TASK_8] [INFO] ======================================================================
[2026-07-01 11:35:43] [TASK_8] [INFO] 
--- POSITIVE keywords (43) ---
[2026-07-01 11:35:43] [TASK_8] [INFO]   lợi nhuận tăng                           1
[2026-07-01 11:35:43] [TASK_8] [INFO]   doanh thu tăng                           1
[2026-07-01 11:35:43] [TASK_8] [INFO]   kỷ lục                                   1
[2026-07-01 11:35:43] [TASK_8] [INFO]   tăng trưởng                              1
[2026-07-01 11:35:43] [TASK_8] [INFO]   tăng mạnh                                1
[2026-07-01 11:35:43] [TASK_8] [INFO]   chia cổ tức                              1
[2026-07-01 11:35:43] [TASK_8] [INFO]   cổ tức cao                               1
[2026-07-01 11:35:43] [TASK_8] [INFO]   cổ tức tiền mặt                          1
[2026-07-01 11:35:43] [TASK_8] [INFO]   giảm nợ                                  1
[2026-07-01 11:35:43] [TASK_8] [INFO]   trả nợ                                   1
[2026-07-01 11:35:43] [TASK_8] [INFO]   cải thiện tài chính                      1
[2026-07-01 11:35:43] [TASK_8] [INFO]   dòng tiền dương                          1
[2026-07-01 11:35:43] [TASK_8] [INFO]   ký kết hợp đồng                          1
[2026-07-01 11:35:43] [TASK_8] [INFO]   mở rộng thị trường                       1
[2026-07-01 11:35:43] [TASK_8] [INFO]   xuất khẩu tăng                           1
[2026-07-01 11:35:43] [TASK_8] [INFO]   tăng trưởng mạnh                         0
[2026-07-01 11:35:43] [TASK_8] [INFO]   vượt kế hoạch                            0
[2026-07-01 11:35:43] [TASK_8] [INFO]   lãi ròng                                 0
[2026-07-01 11:35:43] [TASK_8] [INFO]   lợi nhuận sau thuế tăng                  0
[2026-07-01 11:35:43] [TASK_8] [INFO]   kết quả tích cực                         0
[2026-07-01 11:35:43] [TASK_8] [INFO]   lãi khủng                                0
[2026-07-01 11:35:43] [TASK_8] [INFO]   lãi lớn                                  0
[2026-07-01 11:35:43] [TASK_8] [INFO]   lãi đậm                                  0
[2026-07-01 11:35:43] [TASK_8] [INFO]   báo lãi                                  0
[2026-07-01 11:35:43] [TASK_8] [INFO]   lợi nhuận kỷ lục                         0
[2026-07-01 11:35:43] [TASK_8] [INFO]   doanh thu kỷ lục                         0
[2026-07-01 11:35:43] [TASK_8] [INFO]   lãi kỷ lục                               0
[2026-07-01 11:35:43] [TASK_8] [INFO]   bứt phá                                  0
[2026-07-01 11:35:43] [TASK_8] [INFO]   tăng vọt                                 0
[2026-07-01 11:35:43] [TASK_8] [INFO]   khởi sắc                                 0
[2026-07-01 11:35:43] [TASK_8] [INFO]   phục hồi                                 0
[2026-07-01 11:35:43] [TASK_8] [INFO]   lập đỉnh                                 0
[2026-07-01 11:35:43] [TASK_8] [INFO]   hoàn thành kế hoạch                      0
[2026-07-01 11:35:43] [TASK_8] [INFO]   lợi nhuận cải thiện                      0
[2026-07-01 11:35:43] [TASK_8] [INFO]   mua lại cổ phiếu                         0
[2026-07-01 11:35:43] [TASK_8] [INFO]   phát hành thưởng                         0
[2026-07-01 11:35:43] [TASK_8] [INFO]   tăng vốn điều lệ                         0
[2026-07-01 11:35:43] [TASK_8] [INFO]   hệ số an toàn vốn                        0
[2026-07-01 11:35:43] [TASK_8] [INFO]   tiền mặt dồi dào                         0
[2026-07-01 11:35:43] [TASK_8] [INFO]   dự án mới                                0
[2026-07-01 11:35:43] [TASK_8] [INFO]   đầu tư mới                               0
[2026-07-01 11:35:43] [TASK_8] [INFO]   hợp tác chiến lược                       0
[2026-07-01 11:35:43] [TASK_8] [INFO]   thắng thầu                               0
[2026-07-01 11:35:43] [TASK_8] [INFO] 
--- NEGATIVE keywords (54) ---
[2026-07-01 11:35:43] [TASK_8] [INFO]   lợi nhuận giảm                           1
[2026-07-01 11:35:43] [TASK_8] [INFO]   doanh thu giảm                           1
[2026-07-01 11:35:43] [TASK_8] [INFO]   sụt giảm                                 1
[2026-07-01 11:35:43] [TASK_8] [INFO]   giảm mạnh                                1
[2026-07-01 11:35:43] [TASK_8] [INFO]   nợ xấu                                   1
[2026-07-01 11:35:43] [TASK_8] [INFO]   áp lực tài chính                         1
[2026-07-01 11:35:43] [TASK_8] [INFO]   dòng tiền âm                             1
[2026-07-01 11:35:43] [TASK_8] [INFO]   hủy hợp đồng                             1
[2026-07-01 11:35:43] [TASK_8] [INFO]   dự án trì hoãn                           1
[2026-07-01 11:35:43] [TASK_8] [INFO]   đóng cửa                                 1
[2026-07-01 11:35:43] [TASK_8] [INFO]   bị phạt                                  1
[2026-07-01 11:35:43] [TASK_8] [INFO]   vi phạm                                  1
[2026-07-01 11:35:43] [TASK_8] [INFO]   bị thanh tra                             1
[2026-07-01 11:35:43] [TASK_8] [INFO]   lợi nhuận âm                             0
[2026-07-01 11:35:43] [TASK_8] [INFO]   thua lỗ                                  0
[2026-07-01 11:35:43] [TASK_8] [INFO]   lỗ ròng                                  0
[2026-07-01 11:35:43] [TASK_8] [INFO]   dưới kế hoạch                            0
[2026-07-01 11:35:43] [TASK_8] [INFO]   kết quả tiêu cực                         0
[2026-07-01 11:35:43] [TASK_8] [INFO]   lợi nhuận thấp hơn                       0
[2026-07-01 11:35:43] [TASK_8] [INFO]   báo lỗ                                   0
[2026-07-01 11:35:43] [TASK_8] [INFO]   lỗ nặng                                  0
[2026-07-01 11:35:43] [TASK_8] [INFO]   lỗ lớn                                   0
[2026-07-01 11:35:43] [TASK_8] [INFO]   lỗ kỷ lục                                0
[2026-07-01 11:35:43] [TASK_8] [INFO]   lỗ lũy kế                                0
[2026-07-01 11:35:43] [TASK_8] [INFO]   lao dốc                                  0
[2026-07-01 11:35:43] [TASK_8] [INFO]   giảm sâu                                 0
[2026-07-01 11:35:43] [TASK_8] [INFO]   tụt dốc                                  0
[2026-07-01 11:35:43] [TASK_8] [INFO]   kinh doanh sa sút                        0
[2026-07-01 11:35:43] [TASK_8] [INFO]   âm vốn chủ sở hữu                        0
[2026-07-01 11:35:43] [TASK_8] [INFO]   lợi nhuận không tăng                     0
[2026-07-01 11:35:43] [TASK_8] [INFO]   doanh thu không tăng                     0
[2026-07-01 11:35:43] [TASK_8] [INFO]   không tăng trưởng                        0
[2026-07-01 11:35:43] [TASK_8] [INFO]   tăng trưởng chậm lại                     0
[2026-07-01 11:35:43] [TASK_8] [INFO]   không hoàn thành kế hoạch                0
[2026-07-01 11:35:43] [TASK_8] [INFO]   không đạt kế hoạch                       0
[2026-07-01 11:35:43] [TASK_8] [INFO]   chưa có lãi                              0
[2026-07-01 11:35:43] [TASK_8] [INFO]   không chia cổ tức                        0
[2026-07-01 11:35:43] [TASK_8] [INFO]   hủy cổ tức                               0
[2026-07-01 11:35:43] [TASK_8] [INFO]   giảm cổ tức                              0
[2026-07-01 11:35:43] [TASK_8] [INFO]   phát hành pha loãng                      0
[2026-07-01 11:35:43] [TASK_8] [INFO]   chào bán giá thấp                        0
[2026-07-01 11:35:43] [TASK_8] [INFO]   nợ vay tăng                              0
[2026-07-01 11:35:43] [TASK_8] [INFO]   nợ quá hạn                               0
[2026-07-01 11:35:43] [TASK_8] [INFO]   hệ số nợ cao                             0
[2026-07-01 11:35:43] [TASK_8] [INFO]   thiếu thanh khoản                        0
[2026-07-01 11:35:43] [TASK_8] [INFO]   thu hẹp hoạt động                        0
[2026-07-01 11:35:43] [TASK_8] [INFO]   dừng dự án                               0
[2026-07-01 11:35:43] [TASK_8] [INFO]   bị kiểm toán từ chối                     0
[2026-07-01 11:35:43] [TASK_8] [INFO]   cảnh báo                                 0
[2026-07-01 11:35:43] [TASK_8] [INFO]   đình chỉ                                 0
[2026-07-01 11:35:43] [TASK_8] [INFO]   khởi tố                                  0
[2026-07-01 11:35:43] [TASK_8] [INFO]   điều tra                                 0
[2026-07-01 11:35:43] [TASK_8] [INFO]   tranh chấp pháp lý                       0
[2026-07-01 11:35:43] [TASK_8] [INFO]   bị kiện                                  0
[2026-07-01 11:35:43] [TASK_8] [INFO] 
--- NEUTRAL keywords (9) ---
[2026-07-01 11:35:43] [TASK_8] [INFO]   đại hội cổ đông                          1
[2026-07-01 11:35:43] [TASK_8] [INFO]   thay đổi lãnh đạo                        1
[2026-07-01 11:35:43] [TASK_8] [INFO]   sáp nhập                                 1
[2026-07-01 11:35:43] [TASK_8] [INFO]   mua lại                                  1
[2026-07-01 11:35:43] [TASK_8] [INFO]   phát hành cổ phiếu mới                   1
[2026-07-01 11:35:43] [TASK_8] [INFO]   thoái vốn                                1
[2026-07-01 11:35:43] [TASK_8] [INFO]   họp HĐQT                                 0
[2026-07-01 11:35:43] [TASK_8] [INFO]   thay CEO                                 0
[2026-07-01 11:35:43] [TASK_8] [INFO]   niêm yết thêm                            0
[2026-07-01 11:35:43] [TASK_8] [INFO] 
Total keyword occurrences in corpus: 34
[2026-07-01 11:35:43] [TASK_8] [INFO] Keywords with zero occurrences: 72 / 106
[2026-07-01 11:35:43] [TASK_8] [INFO] ======================================================================
[2026-07-01 11:35:43] [TASK_8] [INFO] Keyword Builder (TASK 8) complete.
[2026-07-01 11:35:43] [TASK_8] [INFO] Starting Keyword Builder (TASK 8)...
[2026-07-01 11:35:43] [TASK_8] [INFO] Loaded 23 stopwords.
[2026-07-01 11:35:43] [TASK_8] [INFO] No corpus provided — skipping candidate extraction.
[2026-07-01 11:35:43] [TASK_8] [INFO] Curated keyword list: 43 positive, 54 negative, 9 neutral (total: 106).
[2026-07-01 11:35:43] [TASK_8] [INFO] Saved flat keyword list to C:\Users\User\AppData\Local\Temp\tmppk6xnwu5\keywords_finance.json.
[2026-07-01 11:35:43] [TASK_8] [INFO] Saved group-level keyword breakdown to C:\Users\User\AppData\Local\Temp\tmppk6xnwu5\keywords_by_group.json.
[2026-07-01 11:35:43] [TASK_8] [INFO] No corpus provided — skipping frequency report.
[2026-07-01 11:35:43] [TASK_8] [INFO] Keyword Builder (TASK 8) complete.
[2026-07-01 11:36:12] [TASK_8] [INFO] ============================================================
[2026-07-01 11:36:12] [TASK_8] [INFO] START TASK_8: Keyword Building (curate financial keywords)
[2026-07-01 11:36:12] [TASK_8] [INFO] Timestamp: 2026-07-01T11:36:12.182704
[2026-07-01 11:36:12] [TASK_8] [INFO] ============================================================
[2026-07-01 11:36:12] [TASK_8] [INFO] Input: data/news/processed/all_news_processed.csv (34979 rows)
[2026-07-01 11:36:12] [TASK_8] [INFO] ------------------------------------------------------------
[2026-07-01 11:36:12] [TASK_8] [INFO] END TASK_8 — completed in 0.0 seconds
[2026-07-01 11:36:12] [TASK_8] [INFO] ============================================================
[2026-07-01 11:36:12] [TASK_8] [INFO] ============================================================
[2026-07-01 11:36:12] [TASK_8] [INFO] START TASK_8: Keyword Building (curate financial keywords)
[2026-07-01 11:36:12] [TASK_8] [INFO] Timestamp: 2026-07-01T11:36:12.858928
[2026-07-01 11:36:12] [TASK_8] [INFO] ============================================================
[2026-07-01 11:36:13] [TASK_8] [INFO] Input: data/news/processed/all_news_processed.csv (34979 rows)
[2026-07-01 11:36:13] [TASK_8] [INFO] ------------------------------------------------------------
[2026-07-01 11:36:13] [TASK_8] [INFO] END TASK_8 — completed in 0.0 seconds
[2026-07-01 11:36:13] [TASK_8] [INFO] ============================================================
[2026-07-01 11:36:30] [TASK_8] [INFO] Starting Keyword Builder (TASK 8)...
[2026-07-01 11:36:30] [TASK_8] [INFO] Loaded 23 stopwords.
[2026-07-01 11:36:30] [TASK_8] [INFO] Extracting keyword candidates from 10 documents...
[2026-07-01 11:36:30] [TASK_8] [INFO] Saved 176 keyword candidates to C:\Users\User\AppData\Local\Temp\tmpt6m_n2r0\keyword_candidates.csv (unigrams: 83, bigrams: 93).
[2026-07-01 11:36:30] [TASK_8] [INFO] Curated keyword list: 43 positive, 54 negative, 9 neutral (total: 106).
[2026-07-01 11:36:30] [TASK_8] [INFO] Saved flat keyword list to C:\Users\User\AppData\Local\Temp\tmpt6m_n2r0\keywords_finance.json.
[2026-07-01 11:36:30] [TASK_8] [INFO] Saved group-level keyword breakdown to C:\Users\User\AppData\Local\Temp\tmpt6m_n2r0\keywords_by_group.json.
[2026-07-01 11:36:30] [TASK_8] [INFO] ======================================================================
[2026-07-01 11:36:30] [TASK_8] [INFO] KEYWORD CORPUS FREQUENCY REPORT
[2026-07-01 11:36:30] [TASK_8] [INFO] ======================================================================
[2026-07-01 11:36:30] [TASK_8] [INFO] 
--- POSITIVE keywords (43) ---
[2026-07-01 11:36:30] [TASK_8] [INFO]   lợi nhuận tăng                           1
[2026-07-01 11:36:30] [TASK_8] [INFO]   doanh thu tăng                           1
[2026-07-01 11:36:30] [TASK_8] [INFO]   kỷ lục                                   1
[2026-07-01 11:36:30] [TASK_8] [INFO]   tăng trưởng                              1
[2026-07-01 11:36:30] [TASK_8] [INFO]   tăng mạnh                                1
[2026-07-01 11:36:30] [TASK_8] [INFO]   chia cổ tức                              1
[2026-07-01 11:36:30] [TASK_8] [INFO]   cổ tức cao                               1
[2026-07-01 11:36:30] [TASK_8] [INFO]   cổ tức tiền mặt                          1
[2026-07-01 11:36:30] [TASK_8] [INFO]   giảm nợ                                  1
[2026-07-01 11:36:30] [TASK_8] [INFO]   trả nợ                                   1
[2026-07-01 11:36:30] [TASK_8] [INFO]   cải thiện tài chính                      1
[2026-07-01 11:36:30] [TASK_8] [INFO]   dòng tiền dương                          1
[2026-07-01 11:36:30] [TASK_8] [INFO]   ký kết hợp đồng                          1
[2026-07-01 11:36:30] [TASK_8] [INFO]   mở rộng thị trường                       1
[2026-07-01 11:36:30] [TASK_8] [INFO]   xuất khẩu tăng                           1
[2026-07-01 11:36:30] [TASK_8] [INFO]   tăng trưởng mạnh                         0
[2026-07-01 11:36:30] [TASK_8] [INFO]   vượt kế hoạch                            0
[2026-07-01 11:36:30] [TASK_8] [INFO]   lãi ròng                                 0
[2026-07-01 11:36:30] [TASK_8] [INFO]   lợi nhuận sau thuế tăng                  0
[2026-07-01 11:36:30] [TASK_8] [INFO]   kết quả tích cực                         0
[2026-07-01 11:36:30] [TASK_8] [INFO]   lãi khủng                                0
[2026-07-01 11:36:30] [TASK_8] [INFO]   lãi lớn                                  0
[2026-07-01 11:36:30] [TASK_8] [INFO]   lãi đậm                                  0
[2026-07-01 11:36:30] [TASK_8] [INFO]   báo lãi                                  0
[2026-07-01 11:36:30] [TASK_8] [INFO]   lợi nhuận kỷ lục                         0
[2026-07-01 11:36:30] [TASK_8] [INFO]   doanh thu kỷ lục                         0
[2026-07-01 11:36:30] [TASK_8] [INFO]   lãi kỷ lục                               0
[2026-07-01 11:36:30] [TASK_8] [INFO]   bứt phá                                  0
[2026-07-01 11:36:30] [TASK_8] [INFO]   tăng vọt                                 0
[2026-07-01 11:36:30] [TASK_8] [INFO]   khởi sắc                                 0
[2026-07-01 11:36:30] [TASK_8] [INFO]   phục hồi                                 0
[2026-07-01 11:36:30] [TASK_8] [INFO]   lập đỉnh                                 0
[2026-07-01 11:36:30] [TASK_8] [INFO]   hoàn thành kế hoạch                      0
[2026-07-01 11:36:30] [TASK_8] [INFO]   lợi nhuận cải thiện                      0
[2026-07-01 11:36:30] [TASK_8] [INFO]   mua lại cổ phiếu                         0
[2026-07-01 11:36:30] [TASK_8] [INFO]   phát hành thưởng                         0
[2026-07-01 11:36:30] [TASK_8] [INFO]   tăng vốn điều lệ                         0
[2026-07-01 11:36:30] [TASK_8] [INFO]   hệ số an toàn vốn                        0
[2026-07-01 11:36:30] [TASK_8] [INFO]   tiền mặt dồi dào                         0
[2026-07-01 11:36:30] [TASK_8] [INFO]   dự án mới                                0
[2026-07-01 11:36:30] [TASK_8] [INFO]   đầu tư mới                               0
[2026-07-01 11:36:30] [TASK_8] [INFO]   hợp tác chiến lược                       0
[2026-07-01 11:36:30] [TASK_8] [INFO]   thắng thầu                               0
[2026-07-01 11:36:30] [TASK_8] [INFO] 
--- NEGATIVE keywords (54) ---
[2026-07-01 11:36:30] [TASK_8] [INFO]   lợi nhuận giảm                           1
[2026-07-01 11:36:30] [TASK_8] [INFO]   doanh thu giảm                           1
[2026-07-01 11:36:30] [TASK_8] [INFO]   sụt giảm                                 1
[2026-07-01 11:36:30] [TASK_8] [INFO]   giảm mạnh                                1
[2026-07-01 11:36:30] [TASK_8] [INFO]   nợ xấu                                   1
[2026-07-01 11:36:30] [TASK_8] [INFO]   áp lực tài chính                         1
[2026-07-01 11:36:30] [TASK_8] [INFO]   dòng tiền âm                             1
[2026-07-01 11:36:30] [TASK_8] [INFO]   hủy hợp đồng                             1
[2026-07-01 11:36:30] [TASK_8] [INFO]   dự án trì hoãn                           1
[2026-07-01 11:36:30] [TASK_8] [INFO]   đóng cửa                                 1
[2026-07-01 11:36:30] [TASK_8] [INFO]   bị phạt                                  1
[2026-07-01 11:36:30] [TASK_8] [INFO]   vi phạm                                  1
[2026-07-01 11:36:30] [TASK_8] [INFO]   bị thanh tra                             1
[2026-07-01 11:36:30] [TASK_8] [INFO]   lợi nhuận âm                             0
[2026-07-01 11:36:30] [TASK_8] [INFO]   thua lỗ                                  0
[2026-07-01 11:36:30] [TASK_8] [INFO]   lỗ ròng                                  0
[2026-07-01 11:36:30] [TASK_8] [INFO]   dưới kế hoạch                            0
[2026-07-01 11:36:30] [TASK_8] [INFO]   kết quả tiêu cực                         0
[2026-07-01 11:36:30] [TASK_8] [INFO]   lợi nhuận thấp hơn                       0
[2026-07-01 11:36:30] [TASK_8] [INFO]   báo lỗ                                   0
[2026-07-01 11:36:30] [TASK_8] [INFO]   lỗ nặng                                  0
[2026-07-01 11:36:30] [TASK_8] [INFO]   lỗ lớn                                   0
[2026-07-01 11:36:30] [TASK_8] [INFO]   lỗ kỷ lục                                0
[2026-07-01 11:36:30] [TASK_8] [INFO]   lỗ lũy kế                                0
[2026-07-01 11:36:30] [TASK_8] [INFO]   lao dốc                                  0
[2026-07-01 11:36:30] [TASK_8] [INFO]   giảm sâu                                 0
[2026-07-01 11:36:30] [TASK_8] [INFO]   tụt dốc                                  0
[2026-07-01 11:36:30] [TASK_8] [INFO]   kinh doanh sa sút                        0
[2026-07-01 11:36:30] [TASK_8] [INFO]   âm vốn chủ sở hữu                        0
[2026-07-01 11:36:30] [TASK_8] [INFO]   lợi nhuận không tăng                     0
[2026-07-01 11:36:30] [TASK_8] [INFO]   doanh thu không tăng                     0
[2026-07-01 11:36:30] [TASK_8] [INFO]   không tăng trưởng                        0
[2026-07-01 11:36:30] [TASK_8] [INFO]   tăng trưởng chậm lại                     0
[2026-07-01 11:36:30] [TASK_8] [INFO]   không hoàn thành kế hoạch                0
[2026-07-01 11:36:30] [TASK_8] [INFO]   không đạt kế hoạch                       0
[2026-07-01 11:36:30] [TASK_8] [INFO]   chưa có lãi                              0
[2026-07-01 11:36:30] [TASK_8] [INFO]   không chia cổ tức                        0
[2026-07-01 11:36:30] [TASK_8] [INFO]   hủy cổ tức                               0
[2026-07-01 11:36:30] [TASK_8] [INFO]   giảm cổ tức                              0
[2026-07-01 11:36:30] [TASK_8] [INFO]   phát hành pha loãng                      0
[2026-07-01 11:36:30] [TASK_8] [INFO]   chào bán giá thấp                        0
[2026-07-01 11:36:30] [TASK_8] [INFO]   nợ vay tăng                              0
[2026-07-01 11:36:30] [TASK_8] [INFO]   nợ quá hạn                               0
[2026-07-01 11:36:30] [TASK_8] [INFO]   hệ số nợ cao                             0
[2026-07-01 11:36:30] [TASK_8] [INFO]   thiếu thanh khoản                        0
[2026-07-01 11:36:30] [TASK_8] [INFO]   thu hẹp hoạt động                        0
[2026-07-01 11:36:30] [TASK_8] [INFO]   dừng dự án                               0
[2026-07-01 11:36:30] [TASK_8] [INFO]   bị kiểm toán từ chối                     0
[2026-07-01 11:36:30] [TASK_8] [INFO]   cảnh báo                                 0
[2026-07-01 11:36:30] [TASK_8] [INFO]   đình chỉ                                 0
[2026-07-01 11:36:30] [TASK_8] [INFO]   khởi tố                                  0
[2026-07-01 11:36:30] [TASK_8] [INFO]   điều tra                                 0
[2026-07-01 11:36:30] [TASK_8] [INFO]   tranh chấp pháp lý                       0
[2026-07-01 11:36:30] [TASK_8] [INFO]   bị kiện                                  0
[2026-07-01 11:36:30] [TASK_8] [INFO] 
--- NEUTRAL keywords (9) ---
[2026-07-01 11:36:30] [TASK_8] [INFO]   đại hội cổ đông                          1
[2026-07-01 11:36:30] [TASK_8] [INFO]   thay đổi lãnh đạo                        1
[2026-07-01 11:36:30] [TASK_8] [INFO]   sáp nhập                                 1
[2026-07-01 11:36:30] [TASK_8] [INFO]   mua lại                                  1
[2026-07-01 11:36:30] [TASK_8] [INFO]   phát hành cổ phiếu mới                   1
[2026-07-01 11:36:30] [TASK_8] [INFO]   thoái vốn                                1
[2026-07-01 11:36:30] [TASK_8] [INFO]   họp HĐQT                                 0
[2026-07-01 11:36:30] [TASK_8] [INFO]   thay CEO                                 0
[2026-07-01 11:36:30] [TASK_8] [INFO]   niêm yết thêm                            0
[2026-07-01 11:36:30] [TASK_8] [INFO] 
Total keyword occurrences in corpus: 34
[2026-07-01 11:36:30] [TASK_8] [INFO] Keywords with zero occurrences: 72 / 106
[2026-07-01 11:36:30] [TASK_8] [INFO] ======================================================================
[2026-07-01 11:36:30] [TASK_8] [INFO] Keyword Builder (TASK 8) complete.
[2026-07-01 11:36:30] [TASK_8] [INFO] Starting Keyword Builder (TASK 8)...
[2026-07-01 11:36:30] [TASK_8] [INFO] Loaded 23 stopwords.
[2026-07-01 11:36:30] [TASK_8] [INFO] Extracting keyword candidates from 10 documents...
[2026-07-01 11:36:30] [TASK_8] [INFO] Saved 176 keyword candidates to C:\Users\User\AppData\Local\Temp\tmphxgzez7e\keyword_candidates.csv (unigrams: 83, bigrams: 93).
[2026-07-01 11:36:30] [TASK_8] [INFO] Curated keyword list: 43 positive, 54 negative, 9 neutral (total: 106).
[2026-07-01 11:36:30] [TASK_8] [INFO] Saved flat keyword list to C:\Users\User\AppData\Local\Temp\tmphxgzez7e\keywords_finance.json.
[2026-07-01 11:36:30] [TASK_8] [INFO] Saved group-level keyword breakdown to C:\Users\User\AppData\Local\Temp\tmphxgzez7e\keywords_by_group.json.
[2026-07-01 11:36:30] [TASK_8] [INFO] ======================================================================
[2026-07-01 11:36:30] [TASK_8] [INFO] KEYWORD CORPUS FREQUENCY REPORT
[2026-07-01 11:36:30] [TASK_8] [INFO] ======================================================================
[2026-07-01 11:36:30] [TASK_8] [INFO] 
--- POSITIVE keywords (43) ---
[2026-07-01 11:36:30] [TASK_8] [INFO]   lợi nhuận tăng                           1
[2026-07-01 11:36:30] [TASK_8] [INFO]   doanh thu tăng                           1
[2026-07-01 11:36:30] [TASK_8] [INFO]   kỷ lục                                   1
[2026-07-01 11:36:30] [TASK_8] [INFO]   tăng trưởng                              1
[2026-07-01 11:36:30] [TASK_8] [INFO]   tăng mạnh                                1
[2026-07-01 11:36:30] [TASK_8] [INFO]   chia cổ tức                              1
[2026-07-01 11:36:30] [TASK_8] [INFO]   cổ tức cao                               1
[2026-07-01 11:36:30] [TASK_8] [INFO]   cổ tức tiền mặt                          1
[2026-07-01 11:36:30] [TASK_8] [INFO]   giảm nợ                                  1
[2026-07-01 11:36:30] [TASK_8] [INFO]   trả nợ                                   1
[2026-07-01 11:36:30] [TASK_8] [INFO]   cải thiện tài chính                      1
[2026-07-01 11:36:30] [TASK_8] [INFO]   dòng tiền dương                          1
[2026-07-01 11:36:30] [TASK_8] [INFO]   ký kết hợp đồng                          1
[2026-07-01 11:36:30] [TASK_8] [INFO]   mở rộng thị trường                       1
[2026-07-01 11:36:30] [TASK_8] [INFO]   xuất khẩu tăng                           1
[2026-07-01 11:36:30] [TASK_8] [INFO]   tăng trưởng mạnh                         0
[2026-07-01 11:36:30] [TASK_8] [INFO]   vượt kế hoạch                            0
[2026-07-01 11:36:30] [TASK_8] [INFO]   lãi ròng                                 0
[2026-07-01 11:36:30] [TASK_8] [INFO]   lợi nhuận sau thuế tăng                  0
[2026-07-01 11:36:30] [TASK_8] [INFO]   kết quả tích cực                         0
[2026-07-01 11:36:30] [TASK_8] [INFO]   lãi khủng                                0
[2026-07-01 11:36:30] [TASK_8] [INFO]   lãi lớn                                  0
[2026-07-01 11:36:30] [TASK_8] [INFO]   lãi đậm                                  0
[2026-07-01 11:36:30] [TASK_8] [INFO]   báo lãi                                  0
[2026-07-01 11:36:30] [TASK_8] [INFO]   lợi nhuận kỷ lục                         0
[2026-07-01 11:36:30] [TASK_8] [INFO]   doanh thu kỷ lục                         0
[2026-07-01 11:36:30] [TASK_8] [INFO]   lãi kỷ lục                               0
[2026-07-01 11:36:30] [TASK_8] [INFO]   bứt phá                                  0
[2026-07-01 11:36:30] [TASK_8] [INFO]   tăng vọt                                 0
[2026-07-01 11:36:30] [TASK_8] [INFO]   khởi sắc                                 0
[2026-07-01 11:36:30] [TASK_8] [INFO]   phục hồi                                 0
[2026-07-01 11:36:30] [TASK_8] [INFO]   lập đỉnh                                 0
[2026-07-01 11:36:30] [TASK_8] [INFO]   hoàn thành kế hoạch                      0
[2026-07-01 11:36:30] [TASK_8] [INFO]   lợi nhuận cải thiện                      0
[2026-07-01 11:36:30] [TASK_8] [INFO]   mua lại cổ phiếu                         0
[2026-07-01 11:36:30] [TASK_8] [INFO]   phát hành thưởng                         0
[2026-07-01 11:36:30] [TASK_8] [INFO]   tăng vốn điều lệ                         0
[2026-07-01 11:36:30] [TASK_8] [INFO]   hệ số an toàn vốn                        0
[2026-07-01 11:36:30] [TASK_8] [INFO]   tiền mặt dồi dào                         0
[2026-07-01 11:36:30] [TASK_8] [INFO]   dự án mới                                0
[2026-07-01 11:36:30] [TASK_8] [INFO]   đầu tư mới                               0
[2026-07-01 11:36:30] [TASK_8] [INFO]   hợp tác chiến lược                       0
[2026-07-01 11:36:30] [TASK_8] [INFO]   thắng thầu                               0
[2026-07-01 11:36:30] [TASK_8] [INFO] 
--- NEGATIVE keywords (54) ---
[2026-07-01 11:36:30] [TASK_8] [INFO]   lợi nhuận giảm                           1
[2026-07-01 11:36:30] [TASK_8] [INFO]   doanh thu giảm                           1
[2026-07-01 11:36:30] [TASK_8] [INFO]   sụt giảm                                 1
[2026-07-01 11:36:30] [TASK_8] [INFO]   giảm mạnh                                1
[2026-07-01 11:36:30] [TASK_8] [INFO]   nợ xấu                                   1
[2026-07-01 11:36:30] [TASK_8] [INFO]   áp lực tài chính                         1
[2026-07-01 11:36:30] [TASK_8] [INFO]   dòng tiền âm                             1
[2026-07-01 11:36:30] [TASK_8] [INFO]   hủy hợp đồng                             1
[2026-07-01 11:36:30] [TASK_8] [INFO]   dự án trì hoãn                           1
[2026-07-01 11:36:30] [TASK_8] [INFO]   đóng cửa                                 1
[2026-07-01 11:36:30] [TASK_8] [INFO]   bị phạt                                  1
[2026-07-01 11:36:30] [TASK_8] [INFO]   vi phạm                                  1
[2026-07-01 11:36:30] [TASK_8] [INFO]   bị thanh tra                             1
[2026-07-01 11:36:30] [TASK_8] [INFO]   lợi nhuận âm                             0
[2026-07-01 11:36:30] [TASK_8] [INFO]   thua lỗ                                  0
[2026-07-01 11:36:30] [TASK_8] [INFO]   lỗ ròng                                  0
[2026-07-01 11:36:30] [TASK_8] [INFO]   dưới kế hoạch                            0
[2026-07-01 11:36:30] [TASK_8] [INFO]   kết quả tiêu cực                         0
[2026-07-01 11:36:30] [TASK_8] [INFO]   lợi nhuận thấp hơn                       0
[2026-07-01 11:36:30] [TASK_8] [INFO]   báo lỗ                                   0
[2026-07-01 11:36:30] [TASK_8] [INFO]   lỗ nặng                                  0
[2026-07-01 11:36:30] [TASK_8] [INFO]   lỗ lớn                                   0
[2026-07-01 11:36:30] [TASK_8] [INFO]   lỗ kỷ lục                                0
[2026-07-01 11:36:30] [TASK_8] [INFO]   lỗ lũy kế                                0
[2026-07-01 11:36:30] [TASK_8] [INFO]   lao dốc                                  0
[2026-07-01 11:36:30] [TASK_8] [INFO]   giảm sâu                                 0
[2026-07-01 11:36:30] [TASK_8] [INFO]   tụt dốc                                  0
[2026-07-01 11:36:30] [TASK_8] [INFO]   kinh doanh sa sút                        0
[2026-07-01 11:36:30] [TASK_8] [INFO]   âm vốn chủ sở hữu                        0
[2026-07-01 11:36:30] [TASK_8] [INFO]   lợi nhuận không tăng                     0
[2026-07-01 11:36:30] [TASK_8] [INFO]   doanh thu không tăng                     0
[2026-07-01 11:36:30] [TASK_8] [INFO]   không tăng trưởng                        0
[2026-07-01 11:36:30] [TASK_8] [INFO]   tăng trưởng chậm lại                     0
[2026-07-01 11:36:30] [TASK_8] [INFO]   không hoàn thành kế hoạch                0
[2026-07-01 11:36:30] [TASK_8] [INFO]   không đạt kế hoạch                       0
[2026-07-01 11:36:30] [TASK_8] [INFO]   chưa có lãi                              0
[2026-07-01 11:36:30] [TASK_8] [INFO]   không chia cổ tức                        0
[2026-07-01 11:36:30] [TASK_8] [INFO]   hủy cổ tức                               0
[2026-07-01 11:36:30] [TASK_8] [INFO]   giảm cổ tức                              0
[2026-07-01 11:36:30] [TASK_8] [INFO]   phát hành pha loãng                      0
[2026-07-01 11:36:30] [TASK_8] [INFO]   chào bán giá thấp                        0
[2026-07-01 11:36:30] [TASK_8] [INFO]   nợ vay tăng                              0
[2026-07-01 11:36:30] [TASK_8] [INFO]   nợ quá hạn                               0
[2026-07-01 11:36:30] [TASK_8] [INFO]   hệ số nợ cao                             0
[2026-07-01 11:36:30] [TASK_8] [INFO]   thiếu thanh khoản                        0
[2026-07-01 11:36:30] [TASK_8] [INFO]   thu hẹp hoạt động                        0
[2026-07-01 11:36:30] [TASK_8] [INFO]   dừng dự án                               0
[2026-07-01 11:36:30] [TASK_8] [INFO]   bị kiểm toán từ chối                     0
[2026-07-01 11:36:30] [TASK_8] [INFO]   cảnh báo                                 0
[2026-07-01 11:36:30] [TASK_8] [INFO]   đình chỉ                                 0
[2026-07-01 11:36:30] [TASK_8] [INFO]   khởi tố                                  0
[2026-07-01 11:36:30] [TASK_8] [INFO]   điều tra                                 0
[2026-07-01 11:36:30] [TASK_8] [INFO]   tranh chấp pháp lý                       0
[2026-07-01 11:36:30] [TASK_8] [INFO]   bị kiện                                  0
[2026-07-01 11:36:30] [TASK_8] [INFO] 
--- NEUTRAL keywords (9) ---
[2026-07-01 11:36:30] [TASK_8] [INFO]   đại hội cổ đông                          1
[2026-07-01 11:36:30] [TASK_8] [INFO]   thay đổi lãnh đạo                        1
[2026-07-01 11:36:30] [TASK_8] [INFO]   sáp nhập                                 1
[2026-07-01 11:36:30] [TASK_8] [INFO]   mua lại                                  1
[2026-07-01 11:36:30] [TASK_8] [INFO]   phát hành cổ phiếu mới                   1
[2026-07-01 11:36:30] [TASK_8] [INFO]   thoái vốn                                1
[2026-07-01 11:36:30] [TASK_8] [INFO]   họp HĐQT                                 0
[2026-07-01 11:36:30] [TASK_8] [INFO]   thay CEO                                 0
[2026-07-01 11:36:30] [TASK_8] [INFO]   niêm yết thêm                            0
[2026-07-01 11:36:30] [TASK_8] [INFO] 
Total keyword occurrences in corpus: 34
[2026-07-01 11:36:30] [TASK_8] [INFO] Keywords with zero occurrences: 72 / 106
[2026-07-01 11:36:30] [TASK_8] [INFO] ======================================================================
[2026-07-01 11:36:30] [TASK_8] [INFO] Keyword Builder (TASK 8) complete.
[2026-07-01 11:36:30] [TASK_8] [INFO] Starting Keyword Builder (TASK 8)...
[2026-07-01 11:36:30] [TASK_8] [INFO] Loaded 23 stopwords.
[2026-07-01 11:36:30] [TASK_8] [INFO] No corpus provided — skipping candidate extraction.
[2026-07-01 11:36:30] [TASK_8] [INFO] Curated keyword list: 43 positive, 54 negative, 9 neutral (total: 106).
[2026-07-01 11:36:30] [TASK_8] [INFO] Saved flat keyword list to C:\Users\User\AppData\Local\Temp\tmp2yef0z4m\keywords_finance.json.
[2026-07-01 11:36:30] [TASK_8] [INFO] Saved group-level keyword breakdown to C:\Users\User\AppData\Local\Temp\tmp2yef0z4m\keywords_by_group.json.
[2026-07-01 11:36:30] [TASK_8] [INFO] No corpus provided — skipping frequency report.
[2026-07-01 11:36:30] [TASK_8] [INFO] Keyword Builder (TASK 8) complete.
[2026-07-01 11:37:05] [TASK_8] [INFO] ============================================================
[2026-07-01 11:37:05] [TASK_8] [INFO] START TASK_8: Keyword Building (curate financial keywords)
[2026-07-01 11:37:05] [TASK_8] [INFO] Timestamp: 2026-07-01T11:37:05.409931
[2026-07-01 11:37:05] [TASK_8] [INFO] ============================================================
[2026-07-01 11:37:05] [TASK_8] [INFO] Input: data/news/processed/all_news_processed.csv (34979 rows)
[2026-07-01 11:37:05] [TASK_8] [INFO] ------------------------------------------------------------
[2026-07-01 11:37:05] [TASK_8] [INFO] END TASK_8 — completed in 0.0 seconds
[2026-07-01 11:37:05] [TASK_8] [INFO] ============================================================
[2026-07-01 11:37:06] [TASK_8] [INFO] ============================================================
[2026-07-01 11:37:06] [TASK_8] [INFO] START TASK_8: Keyword Building (curate financial keywords)
[2026-07-01 11:37:06] [TASK_8] [INFO] Timestamp: 2026-07-01T11:37:06.161674
[2026-07-01 11:37:06] [TASK_8] [INFO] ============================================================
[2026-07-01 11:37:06] [TASK_8] [INFO] Input: data/news/processed/all_news_processed.csv (34979 rows)
[2026-07-01 11:37:06] [TASK_8] [INFO] ------------------------------------------------------------
[2026-07-01 11:37:06] [TASK_8] [INFO] END TASK_8 — completed in 0.0 seconds
[2026-07-01 11:37:06] [TASK_8] [INFO] ============================================================
[2026-07-01 11:37:23] [TASK_8] [INFO] Starting Keyword Builder (TASK 8)...
[2026-07-01 11:37:23] [TASK_8] [INFO] Loaded 23 stopwords.
[2026-07-01 11:37:23] [TASK_8] [INFO] Extracting keyword candidates from 10 documents...
[2026-07-01 11:37:23] [TASK_8] [INFO] Saved 176 keyword candidates to C:\Users\User\AppData\Local\Temp\tmp4m8vkrb3\keyword_candidates.csv (unigrams: 83, bigrams: 93).
[2026-07-01 11:37:23] [TASK_8] [INFO] Curated keyword list: 43 positive, 54 negative, 9 neutral (total: 106).
[2026-07-01 11:37:23] [TASK_8] [INFO] Saved flat keyword list to C:\Users\User\AppData\Local\Temp\tmp4m8vkrb3\keywords_finance.json.
[2026-07-01 11:37:23] [TASK_8] [INFO] Saved group-level keyword breakdown to C:\Users\User\AppData\Local\Temp\tmp4m8vkrb3\keywords_by_group.json.
[2026-07-01 11:37:23] [TASK_8] [INFO] ======================================================================
[2026-07-01 11:37:23] [TASK_8] [INFO] KEYWORD CORPUS FREQUENCY REPORT
[2026-07-01 11:37:23] [TASK_8] [INFO] ======================================================================
[2026-07-01 11:37:23] [TASK_8] [INFO] 
--- POSITIVE keywords (43) ---
[2026-07-01 11:37:23] [TASK_8] [INFO]   lợi nhuận tăng                           1
[2026-07-01 11:37:23] [TASK_8] [INFO]   doanh thu tăng                           1
[2026-07-01 11:37:23] [TASK_8] [INFO]   kỷ lục                                   1
[2026-07-01 11:37:23] [TASK_8] [INFO]   tăng trưởng                              1
[2026-07-01 11:37:23] [TASK_8] [INFO]   tăng mạnh                                1
[2026-07-01 11:37:23] [TASK_8] [INFO]   chia cổ tức                              1
[2026-07-01 11:37:23] [TASK_8] [INFO]   cổ tức cao                               1
[2026-07-01 11:37:23] [TASK_8] [INFO]   cổ tức tiền mặt                          1
[2026-07-01 11:37:23] [TASK_8] [INFO]   giảm nợ                                  1
[2026-07-01 11:37:23] [TASK_8] [INFO]   trả nợ                                   1
[2026-07-01 11:37:23] [TASK_8] [INFO]   cải thiện tài chính                      1
[2026-07-01 11:37:23] [TASK_8] [INFO]   dòng tiền dương                          1
[2026-07-01 11:37:23] [TASK_8] [INFO]   ký kết hợp đồng                          1
[2026-07-01 11:37:23] [TASK_8] [INFO]   mở rộng thị trường                       1
[2026-07-01 11:37:23] [TASK_8] [INFO]   xuất khẩu tăng                           1
[2026-07-01 11:37:23] [TASK_8] [INFO]   tăng trưởng mạnh                         0
[2026-07-01 11:37:23] [TASK_8] [INFO]   vượt kế hoạch                            0
[2026-07-01 11:37:23] [TASK_8] [INFO]   lãi ròng                                 0
[2026-07-01 11:37:23] [TASK_8] [INFO]   lợi nhuận sau thuế tăng                  0
[2026-07-01 11:37:23] [TASK_8] [INFO]   kết quả tích cực                         0
[2026-07-01 11:37:23] [TASK_8] [INFO]   lãi khủng                                0
[2026-07-01 11:37:23] [TASK_8] [INFO]   lãi lớn                                  0
[2026-07-01 11:37:23] [TASK_8] [INFO]   lãi đậm                                  0
[2026-07-01 11:37:23] [TASK_8] [INFO]   báo lãi                                  0
[2026-07-01 11:37:23] [TASK_8] [INFO]   lợi nhuận kỷ lục                         0
[2026-07-01 11:37:23] [TASK_8] [INFO]   doanh thu kỷ lục                         0
[2026-07-01 11:37:23] [TASK_8] [INFO]   lãi kỷ lục                               0
[2026-07-01 11:37:23] [TASK_8] [INFO]   bứt phá                                  0
[2026-07-01 11:37:23] [TASK_8] [INFO]   tăng vọt                                 0
[2026-07-01 11:37:23] [TASK_8] [INFO]   khởi sắc                                 0
[2026-07-01 11:37:23] [TASK_8] [INFO]   phục hồi                                 0
[2026-07-01 11:37:23] [TASK_8] [INFO]   lập đỉnh                                 0
[2026-07-01 11:37:23] [TASK_8] [INFO]   hoàn thành kế hoạch                      0
[2026-07-01 11:37:23] [TASK_8] [INFO]   lợi nhuận cải thiện                      0
[2026-07-01 11:37:23] [TASK_8] [INFO]   mua lại cổ phiếu                         0
[2026-07-01 11:37:23] [TASK_8] [INFO]   phát hành thưởng                         0
[2026-07-01 11:37:23] [TASK_8] [INFO]   tăng vốn điều lệ                         0
[2026-07-01 11:37:23] [TASK_8] [INFO]   hệ số an toàn vốn                        0
[2026-07-01 11:37:23] [TASK_8] [INFO]   tiền mặt dồi dào                         0
[2026-07-01 11:37:23] [TASK_8] [INFO]   dự án mới                                0
[2026-07-01 11:37:23] [TASK_8] [INFO]   đầu tư mới                               0
[2026-07-01 11:37:23] [TASK_8] [INFO]   hợp tác chiến lược                       0
[2026-07-01 11:37:23] [TASK_8] [INFO]   thắng thầu                               0
[2026-07-01 11:37:23] [TASK_8] [INFO] 
--- NEGATIVE keywords (54) ---
[2026-07-01 11:37:23] [TASK_8] [INFO]   lợi nhuận giảm                           1
[2026-07-01 11:37:23] [TASK_8] [INFO]   doanh thu giảm                           1
[2026-07-01 11:37:23] [TASK_8] [INFO]   sụt giảm                                 1
[2026-07-01 11:37:23] [TASK_8] [INFO]   giảm mạnh                                1
[2026-07-01 11:37:23] [TASK_8] [INFO]   nợ xấu                                   1
[2026-07-01 11:37:23] [TASK_8] [INFO]   áp lực tài chính                         1
[2026-07-01 11:37:23] [TASK_8] [INFO]   dòng tiền âm                             1
[2026-07-01 11:37:23] [TASK_8] [INFO]   hủy hợp đồng                             1
[2026-07-01 11:37:23] [TASK_8] [INFO]   dự án trì hoãn                           1
[2026-07-01 11:37:23] [TASK_8] [INFO]   đóng cửa                                 1
[2026-07-01 11:37:23] [TASK_8] [INFO]   bị phạt                                  1
[2026-07-01 11:37:23] [TASK_8] [INFO]   vi phạm                                  1
[2026-07-01 11:37:23] [TASK_8] [INFO]   bị thanh tra                             1
[2026-07-01 11:37:23] [TASK_8] [INFO]   lợi nhuận âm                             0
[2026-07-01 11:37:23] [TASK_8] [INFO]   thua lỗ                                  0
[2026-07-01 11:37:23] [TASK_8] [INFO]   lỗ ròng                                  0
[2026-07-01 11:37:23] [TASK_8] [INFO]   dưới kế hoạch                            0
[2026-07-01 11:37:23] [TASK_8] [INFO]   kết quả tiêu cực                         0
[2026-07-01 11:37:23] [TASK_8] [INFO]   lợi nhuận thấp hơn                       0
[2026-07-01 11:37:23] [TASK_8] [INFO]   báo lỗ                                   0
[2026-07-01 11:37:23] [TASK_8] [INFO]   lỗ nặng                                  0
[2026-07-01 11:37:23] [TASK_8] [INFO]   lỗ lớn                                   0
[2026-07-01 11:37:23] [TASK_8] [INFO]   lỗ kỷ lục                                0
[2026-07-01 11:37:23] [TASK_8] [INFO]   lỗ lũy kế                                0
[2026-07-01 11:37:23] [TASK_8] [INFO]   lao dốc                                  0
[2026-07-01 11:37:23] [TASK_8] [INFO]   giảm sâu                                 0
[2026-07-01 11:37:23] [TASK_8] [INFO]   tụt dốc                                  0
[2026-07-01 11:37:23] [TASK_8] [INFO]   kinh doanh sa sút                        0
[2026-07-01 11:37:23] [TASK_8] [INFO]   âm vốn chủ sở hữu                        0
[2026-07-01 11:37:23] [TASK_8] [INFO]   lợi nhuận không tăng                     0
[2026-07-01 11:37:23] [TASK_8] [INFO]   doanh thu không tăng                     0
[2026-07-01 11:37:23] [TASK_8] [INFO]   không tăng trưởng                        0
[2026-07-01 11:37:23] [TASK_8] [INFO]   tăng trưởng chậm lại                     0
[2026-07-01 11:37:23] [TASK_8] [INFO]   không hoàn thành kế hoạch                0
[2026-07-01 11:37:23] [TASK_8] [INFO]   không đạt kế hoạch                       0
[2026-07-01 11:37:23] [TASK_8] [INFO]   chưa có lãi                              0
[2026-07-01 11:37:23] [TASK_8] [INFO]   không chia cổ tức                        0
[2026-07-01 11:37:23] [TASK_8] [INFO]   hủy cổ tức                               0
[2026-07-01 11:37:23] [TASK_8] [INFO]   giảm cổ tức                              0
[2026-07-01 11:37:23] [TASK_8] [INFO]   phát hành pha loãng                      0
[2026-07-01 11:37:23] [TASK_8] [INFO]   chào bán giá thấp                        0
[2026-07-01 11:37:23] [TASK_8] [INFO]   nợ vay tăng                              0
[2026-07-01 11:37:23] [TASK_8] [INFO]   nợ quá hạn                               0
[2026-07-01 11:37:23] [TASK_8] [INFO]   hệ số nợ cao                             0
[2026-07-01 11:37:23] [TASK_8] [INFO]   thiếu thanh khoản                        0
[2026-07-01 11:37:23] [TASK_8] [INFO]   thu hẹp hoạt động                        0
[2026-07-01 11:37:23] [TASK_8] [INFO]   dừng dự án                               0
[2026-07-01 11:37:23] [TASK_8] [INFO]   bị kiểm toán từ chối                     0
[2026-07-01 11:37:23] [TASK_8] [INFO]   cảnh báo                                 0
[2026-07-01 11:37:23] [TASK_8] [INFO]   đình chỉ                                 0
[2026-07-01 11:37:23] [TASK_8] [INFO]   khởi tố                                  0
[2026-07-01 11:37:23] [TASK_8] [INFO]   điều tra                                 0
[2026-07-01 11:37:23] [TASK_8] [INFO]   tranh chấp pháp lý                       0
[2026-07-01 11:37:23] [TASK_8] [INFO]   bị kiện                                  0
[2026-07-01 11:37:23] [TASK_8] [INFO] 
--- NEUTRAL keywords (9) ---
[2026-07-01 11:37:23] [TASK_8] [INFO]   đại hội cổ đông                          1
[2026-07-01 11:37:23] [TASK_8] [INFO]   thay đổi lãnh đạo                        1
[2026-07-01 11:37:23] [TASK_8] [INFO]   sáp nhập                                 1
[2026-07-01 11:37:23] [TASK_8] [INFO]   mua lại                                  1
[2026-07-01 11:37:23] [TASK_8] [INFO]   phát hành cổ phiếu mới                   1
[2026-07-01 11:37:23] [TASK_8] [INFO]   thoái vốn                                1
[2026-07-01 11:37:23] [TASK_8] [INFO]   họp HĐQT                                 0
[2026-07-01 11:37:23] [TASK_8] [INFO]   thay CEO                                 0
[2026-07-01 11:37:23] [TASK_8] [INFO]   niêm yết thêm                            0
[2026-07-01 11:37:23] [TASK_8] [INFO] 
Total keyword occurrences in corpus: 34
[2026-07-01 11:37:23] [TASK_8] [INFO] Keywords with zero occurrences: 72 / 106
[2026-07-01 11:37:23] [TASK_8] [INFO] ======================================================================
[2026-07-01 11:37:23] [TASK_8] [INFO] Keyword Builder (TASK 8) complete.
[2026-07-01 11:37:23] [TASK_8] [INFO] Starting Keyword Builder (TASK 8)...
[2026-07-01 11:37:23] [TASK_8] [INFO] Loaded 23 stopwords.
[2026-07-01 11:37:23] [TASK_8] [INFO] Extracting keyword candidates from 10 documents...
[2026-07-01 11:37:23] [TASK_8] [INFO] Saved 176 keyword candidates to C:\Users\User\AppData\Local\Temp\tmp0k7ks0j3\keyword_candidates.csv (unigrams: 83, bigrams: 93).
[2026-07-01 11:37:23] [TASK_8] [INFO] Curated keyword list: 43 positive, 54 negative, 9 neutral (total: 106).
[2026-07-01 11:37:23] [TASK_8] [INFO] Saved flat keyword list to C:\Users\User\AppData\Local\Temp\tmp0k7ks0j3\keywords_finance.json.
[2026-07-01 11:37:23] [TASK_8] [INFO] Saved group-level keyword breakdown to C:\Users\User\AppData\Local\Temp\tmp0k7ks0j3\keywords_by_group.json.
[2026-07-01 11:37:23] [TASK_8] [INFO] ======================================================================
[2026-07-01 11:37:23] [TASK_8] [INFO] KEYWORD CORPUS FREQUENCY REPORT
[2026-07-01 11:37:23] [TASK_8] [INFO] ======================================================================
[2026-07-01 11:37:23] [TASK_8] [INFO] 
--- POSITIVE keywords (43) ---
[2026-07-01 11:37:23] [TASK_8] [INFO]   lợi nhuận tăng                           1
[2026-07-01 11:37:23] [TASK_8] [INFO]   doanh thu tăng                           1
[2026-07-01 11:37:23] [TASK_8] [INFO]   kỷ lục                                   1
[2026-07-01 11:37:23] [TASK_8] [INFO]   tăng trưởng                              1
[2026-07-01 11:37:23] [TASK_8] [INFO]   tăng mạnh                                1
[2026-07-01 11:37:23] [TASK_8] [INFO]   chia cổ tức                              1
[2026-07-01 11:37:23] [TASK_8] [INFO]   cổ tức cao                               1
[2026-07-01 11:37:23] [TASK_8] [INFO]   cổ tức tiền mặt                          1
[2026-07-01 11:37:23] [TASK_8] [INFO]   giảm nợ                                  1
[2026-07-01 11:37:23] [TASK_8] [INFO]   trả nợ                                   1
[2026-07-01 11:37:23] [TASK_8] [INFO]   cải thiện tài chính                      1
[2026-07-01 11:37:23] [TASK_8] [INFO]   dòng tiền dương                          1
[2026-07-01 11:37:23] [TASK_8] [INFO]   ký kết hợp đồng                          1
[2026-07-01 11:37:23] [TASK_8] [INFO]   mở rộng thị trường                       1
[2026-07-01 11:37:23] [TASK_8] [INFO]   xuất khẩu tăng                           1
[2026-07-01 11:37:23] [TASK_8] [INFO]   tăng trưởng mạnh                         0
[2026-07-01 11:37:23] [TASK_8] [INFO]   vượt kế hoạch                            0
[2026-07-01 11:37:23] [TASK_8] [INFO]   lãi ròng                                 0
[2026-07-01 11:37:23] [TASK_8] [INFO]   lợi nhuận sau thuế tăng                  0
[2026-07-01 11:37:23] [TASK_8] [INFO]   kết quả tích cực                         0
[2026-07-01 11:37:23] [TASK_8] [INFO]   lãi khủng                                0
[2026-07-01 11:37:23] [TASK_8] [INFO]   lãi lớn                                  0
[2026-07-01 11:37:23] [TASK_8] [INFO]   lãi đậm                                  0
[2026-07-01 11:37:23] [TASK_8] [INFO]   báo lãi                                  0
[2026-07-01 11:37:23] [TASK_8] [INFO]   lợi nhuận kỷ lục                         0
[2026-07-01 11:37:23] [TASK_8] [INFO]   doanh thu kỷ lục                         0
[2026-07-01 11:37:23] [TASK_8] [INFO]   lãi kỷ lục                               0
[2026-07-01 11:37:23] [TASK_8] [INFO]   bứt phá                                  0
[2026-07-01 11:37:23] [TASK_8] [INFO]   tăng vọt                                 0
[2026-07-01 11:37:23] [TASK_8] [INFO]   khởi sắc                                 0
[2026-07-01 11:37:23] [TASK_8] [INFO]   phục hồi                                 0
[2026-07-01 11:37:23] [TASK_8] [INFO]   lập đỉnh                                 0
[2026-07-01 11:37:23] [TASK_8] [INFO]   hoàn thành kế hoạch                      0
[2026-07-01 11:37:23] [TASK_8] [INFO]   lợi nhuận cải thiện                      0
[2026-07-01 11:37:23] [TASK_8] [INFO]   mua lại cổ phiếu                         0
[2026-07-01 11:37:23] [TASK_8] [INFO]   phát hành thưởng                         0
[2026-07-01 11:37:23] [TASK_8] [INFO]   tăng vốn điều lệ                         0
[2026-07-01 11:37:23] [TASK_8] [INFO]   hệ số an toàn vốn                        0
[2026-07-01 11:37:23] [TASK_8] [INFO]   tiền mặt dồi dào                         0
[2026-07-01 11:37:23] [TASK_8] [INFO]   dự án mới                                0
[2026-07-01 11:37:23] [TASK_8] [INFO]   đầu tư mới                               0
[2026-07-01 11:37:23] [TASK_8] [INFO]   hợp tác chiến lược                       0
[2026-07-01 11:37:23] [TASK_8] [INFO]   thắng thầu                               0
[2026-07-01 11:37:23] [TASK_8] [INFO] 
--- NEGATIVE keywords (54) ---
[2026-07-01 11:37:23] [TASK_8] [INFO]   lợi nhuận giảm                           1
[2026-07-01 11:37:23] [TASK_8] [INFO]   doanh thu giảm                           1
[2026-07-01 11:37:23] [TASK_8] [INFO]   sụt giảm                                 1
[2026-07-01 11:37:23] [TASK_8] [INFO]   giảm mạnh                                1
[2026-07-01 11:37:23] [TASK_8] [INFO]   nợ xấu                                   1
[2026-07-01 11:37:23] [TASK_8] [INFO]   áp lực tài chính                         1
[2026-07-01 11:37:23] [TASK_8] [INFO]   dòng tiền âm                             1
[2026-07-01 11:37:23] [TASK_8] [INFO]   hủy hợp đồng                             1
[2026-07-01 11:37:23] [TASK_8] [INFO]   dự án trì hoãn                           1
[2026-07-01 11:37:23] [TASK_8] [INFO]   đóng cửa                                 1
[2026-07-01 11:37:23] [TASK_8] [INFO]   bị phạt                                  1
[2026-07-01 11:37:23] [TASK_8] [INFO]   vi phạm                                  1
[2026-07-01 11:37:23] [TASK_8] [INFO]   bị thanh tra                             1
[2026-07-01 11:37:23] [TASK_8] [INFO]   lợi nhuận âm                             0
[2026-07-01 11:37:23] [TASK_8] [INFO]   thua lỗ                                  0
[2026-07-01 11:37:23] [TASK_8] [INFO]   lỗ ròng                                  0
[2026-07-01 11:37:23] [TASK_8] [INFO]   dưới kế hoạch                            0
[2026-07-01 11:37:23] [TASK_8] [INFO]   kết quả tiêu cực                         0
[2026-07-01 11:37:23] [TASK_8] [INFO]   lợi nhuận thấp hơn                       0
[2026-07-01 11:37:23] [TASK_8] [INFO]   báo lỗ                                   0
[2026-07-01 11:37:23] [TASK_8] [INFO]   lỗ nặng                                  0
[2026-07-01 11:37:23] [TASK_8] [INFO]   lỗ lớn                                   0
[2026-07-01 11:37:23] [TASK_8] [INFO]   lỗ kỷ lục                                0
[2026-07-01 11:37:23] [TASK_8] [INFO]   lỗ lũy kế                                0
[2026-07-01 11:37:23] [TASK_8] [INFO]   lao dốc                                  0
[2026-07-01 11:37:23] [TASK_8] [INFO]   giảm sâu                                 0
[2026-07-01 11:37:23] [TASK_8] [INFO]   tụt dốc                                  0
[2026-07-01 11:37:23] [TASK_8] [INFO]   kinh doanh sa sút                        0
[2026-07-01 11:37:23] [TASK_8] [INFO]   âm vốn chủ sở hữu                        0
[2026-07-01 11:37:23] [TASK_8] [INFO]   lợi nhuận không tăng                     0
[2026-07-01 11:37:23] [TASK_8] [INFO]   doanh thu không tăng                     0
[2026-07-01 11:37:23] [TASK_8] [INFO]   không tăng trưởng                        0
[2026-07-01 11:37:23] [TASK_8] [INFO]   tăng trưởng chậm lại                     0
[2026-07-01 11:37:23] [TASK_8] [INFO]   không hoàn thành kế hoạch                0
[2026-07-01 11:37:23] [TASK_8] [INFO]   không đạt kế hoạch                       0
[2026-07-01 11:37:23] [TASK_8] [INFO]   chưa có lãi                              0
[2026-07-01 11:37:23] [TASK_8] [INFO]   không chia cổ tức                        0
[2026-07-01 11:37:23] [TASK_8] [INFO]   hủy cổ tức                               0
[2026-07-01 11:37:23] [TASK_8] [INFO]   giảm cổ tức                              0
[2026-07-01 11:37:23] [TASK_8] [INFO]   phát hành pha loãng                      0
[2026-07-01 11:37:23] [TASK_8] [INFO]   chào bán giá thấp                        0
[2026-07-01 11:37:23] [TASK_8] [INFO]   nợ vay tăng                              0
[2026-07-01 11:37:23] [TASK_8] [INFO]   nợ quá hạn                               0
[2026-07-01 11:37:23] [TASK_8] [INFO]   hệ số nợ cao                             0
[2026-07-01 11:37:23] [TASK_8] [INFO]   thiếu thanh khoản                        0
[2026-07-01 11:37:23] [TASK_8] [INFO]   thu hẹp hoạt động                        0
[2026-07-01 11:37:23] [TASK_8] [INFO]   dừng dự án                               0
[2026-07-01 11:37:23] [TASK_8] [INFO]   bị kiểm toán từ chối                     0
[2026-07-01 11:37:23] [TASK_8] [INFO]   cảnh báo                                 0
[2026-07-01 11:37:23] [TASK_8] [INFO]   đình chỉ                                 0
[2026-07-01 11:37:23] [TASK_8] [INFO]   khởi tố                                  0
[2026-07-01 11:37:23] [TASK_8] [INFO]   điều tra                                 0
[2026-07-01 11:37:23] [TASK_8] [INFO]   tranh chấp pháp lý                       0
[2026-07-01 11:37:23] [TASK_8] [INFO]   bị kiện                                  0
[2026-07-01 11:37:23] [TASK_8] [INFO] 
--- NEUTRAL keywords (9) ---
[2026-07-01 11:37:23] [TASK_8] [INFO]   đại hội cổ đông                          1
[2026-07-01 11:37:23] [TASK_8] [INFO]   thay đổi lãnh đạo                        1
[2026-07-01 11:37:23] [TASK_8] [INFO]   sáp nhập                                 1
[2026-07-01 11:37:23] [TASK_8] [INFO]   mua lại                                  1
[2026-07-01 11:37:23] [TASK_8] [INFO]   phát hành cổ phiếu mới                   1
[2026-07-01 11:37:23] [TASK_8] [INFO]   thoái vốn                                1
[2026-07-01 11:37:23] [TASK_8] [INFO]   họp HĐQT                                 0
[2026-07-01 11:37:23] [TASK_8] [INFO]   thay CEO                                 0
[2026-07-01 11:37:23] [TASK_8] [INFO]   niêm yết thêm                            0
[2026-07-01 11:37:23] [TASK_8] [INFO] 
Total keyword occurrences in corpus: 34
[2026-07-01 11:37:23] [TASK_8] [INFO] Keywords with zero occurrences: 72 / 106
[2026-07-01 11:37:23] [TASK_8] [INFO] ======================================================================
[2026-07-01 11:37:23] [TASK_8] [INFO] Keyword Builder (TASK 8) complete.
[2026-07-01 11:37:23] [TASK_8] [INFO] Starting Keyword Builder (TASK 8)...
[2026-07-01 11:37:23] [TASK_8] [INFO] Loaded 23 stopwords.
[2026-07-01 11:37:23] [TASK_8] [INFO] No corpus provided — skipping candidate extraction.
[2026-07-01 11:37:23] [TASK_8] [INFO] Curated keyword list: 43 positive, 54 negative, 9 neutral (total: 106).
[2026-07-01 11:37:23] [TASK_8] [INFO] Saved flat keyword list to C:\Users\User\AppData\Local\Temp\tmp6r8d3ihv\keywords_finance.json.
[2026-07-01 11:37:23] [TASK_8] [INFO] Saved group-level keyword breakdown to C:\Users\User\AppData\Local\Temp\tmp6r8d3ihv\keywords_by_group.json.
[2026-07-01 11:37:23] [TASK_8] [INFO] No corpus provided — skipping frequency report.
[2026-07-01 11:37:23] [TASK_8] [INFO] Keyword Builder (TASK 8) complete.
[2026-07-01 11:39:55] [TASK_8] [INFO] ============================================================
[2026-07-01 11:39:55] [TASK_8] [INFO] START TASK_8: Keyword Building (curate financial keywords)
[2026-07-01 11:39:55] [TASK_8] [INFO] Timestamp: 2026-07-01T11:39:55.478546
[2026-07-01 11:39:55] [TASK_8] [INFO] ============================================================
[2026-07-01 11:39:55] [TASK_8] [INFO] Input: data/news/processed/all_news_processed.csv (34979 rows)
[2026-07-01 11:39:55] [TASK_8] [INFO] ------------------------------------------------------------
[2026-07-01 11:39:55] [TASK_8] [INFO] END TASK_8 — completed in 0.0 seconds
[2026-07-01 11:39:55] [TASK_8] [INFO] ============================================================
[2026-07-01 11:39:56] [TASK_8] [INFO] ============================================================
[2026-07-01 11:39:56] [TASK_8] [INFO] START TASK_8: Keyword Building (curate financial keywords)
[2026-07-01 11:39:56] [TASK_8] [INFO] Timestamp: 2026-07-01T11:39:56.161593
[2026-07-01 11:39:56] [TASK_8] [INFO] ============================================================
[2026-07-01 11:39:56] [TASK_8] [INFO] Input: data/news/processed/all_news_processed.csv (34979 rows)
[2026-07-01 11:39:56] [TASK_8] [INFO] ------------------------------------------------------------
[2026-07-01 11:39:56] [TASK_8] [INFO] END TASK_8 — completed in 0.0 seconds
[2026-07-01 11:39:56] [TASK_8] [INFO] ============================================================
[2026-07-01 11:40:13] [TASK_8] [INFO] Starting Keyword Builder (TASK 8)...
[2026-07-01 11:40:13] [TASK_8] [INFO] Loaded 23 stopwords.
[2026-07-01 11:40:13] [TASK_8] [INFO] Extracting keyword candidates from 10 documents...
[2026-07-01 11:40:13] [TASK_8] [INFO] Saved 176 keyword candidates to C:\Users\User\AppData\Local\Temp\tmpd1msf4ou\keyword_candidates.csv (unigrams: 83, bigrams: 93).
[2026-07-01 11:40:13] [TASK_8] [INFO] Curated keyword list: 43 positive, 54 negative, 9 neutral (total: 106).
[2026-07-01 11:40:13] [TASK_8] [INFO] Saved flat keyword list to C:\Users\User\AppData\Local\Temp\tmpd1msf4ou\keywords_finance.json.
[2026-07-01 11:40:13] [TASK_8] [INFO] Saved group-level keyword breakdown to C:\Users\User\AppData\Local\Temp\tmpd1msf4ou\keywords_by_group.json.
[2026-07-01 11:40:13] [TASK_8] [INFO] ======================================================================
[2026-07-01 11:40:13] [TASK_8] [INFO] KEYWORD CORPUS FREQUENCY REPORT
[2026-07-01 11:40:13] [TASK_8] [INFO] ======================================================================
[2026-07-01 11:40:13] [TASK_8] [INFO] 
--- POSITIVE keywords (43) ---
[2026-07-01 11:40:13] [TASK_8] [INFO]   lợi nhuận tăng                           1
[2026-07-01 11:40:13] [TASK_8] [INFO]   doanh thu tăng                           1
[2026-07-01 11:40:13] [TASK_8] [INFO]   kỷ lục                                   1
[2026-07-01 11:40:13] [TASK_8] [INFO]   tăng trưởng                              1
[2026-07-01 11:40:13] [TASK_8] [INFO]   tăng mạnh                                1
[2026-07-01 11:40:13] [TASK_8] [INFO]   chia cổ tức                              1
[2026-07-01 11:40:13] [TASK_8] [INFO]   cổ tức cao                               1
[2026-07-01 11:40:13] [TASK_8] [INFO]   cổ tức tiền mặt                          1
[2026-07-01 11:40:13] [TASK_8] [INFO]   giảm nợ                                  1
[2026-07-01 11:40:13] [TASK_8] [INFO]   trả nợ                                   1
[2026-07-01 11:40:13] [TASK_8] [INFO]   cải thiện tài chính                      1
[2026-07-01 11:40:13] [TASK_8] [INFO]   dòng tiền dương                          1
[2026-07-01 11:40:13] [TASK_8] [INFO]   ký kết hợp đồng                          1
[2026-07-01 11:40:13] [TASK_8] [INFO]   mở rộng thị trường                       1
[2026-07-01 11:40:13] [TASK_8] [INFO]   xuất khẩu tăng                           1
[2026-07-01 11:40:13] [TASK_8] [INFO]   tăng trưởng mạnh                         0
[2026-07-01 11:40:13] [TASK_8] [INFO]   vượt kế hoạch                            0
[2026-07-01 11:40:13] [TASK_8] [INFO]   lãi ròng                                 0
[2026-07-01 11:40:13] [TASK_8] [INFO]   lợi nhuận sau thuế tăng                  0
[2026-07-01 11:40:13] [TASK_8] [INFO]   kết quả tích cực                         0
[2026-07-01 11:40:13] [TASK_8] [INFO]   lãi khủng                                0
[2026-07-01 11:40:13] [TASK_8] [INFO]   lãi lớn                                  0
[2026-07-01 11:40:13] [TASK_8] [INFO]   lãi đậm                                  0
[2026-07-01 11:40:13] [TASK_8] [INFO]   báo lãi                                  0
[2026-07-01 11:40:13] [TASK_8] [INFO]   lợi nhuận kỷ lục                         0
[2026-07-01 11:40:13] [TASK_8] [INFO]   doanh thu kỷ lục                         0
[2026-07-01 11:40:13] [TASK_8] [INFO]   lãi kỷ lục                               0
[2026-07-01 11:40:13] [TASK_8] [INFO]   bứt phá                                  0
[2026-07-01 11:40:13] [TASK_8] [INFO]   tăng vọt                                 0
[2026-07-01 11:40:13] [TASK_8] [INFO]   khởi sắc                                 0
[2026-07-01 11:40:13] [TASK_8] [INFO]   phục hồi                                 0
[2026-07-01 11:40:13] [TASK_8] [INFO]   lập đỉnh                                 0
[2026-07-01 11:40:13] [TASK_8] [INFO]   hoàn thành kế hoạch                      0
[2026-07-01 11:40:13] [TASK_8] [INFO]   lợi nhuận cải thiện                      0
[2026-07-01 11:40:13] [TASK_8] [INFO]   mua lại cổ phiếu                         0
[2026-07-01 11:40:13] [TASK_8] [INFO]   phát hành thưởng                         0
[2026-07-01 11:40:13] [TASK_8] [INFO]   tăng vốn điều lệ                         0
[2026-07-01 11:40:13] [TASK_8] [INFO]   hệ số an toàn vốn                        0
[2026-07-01 11:40:13] [TASK_8] [INFO]   tiền mặt dồi dào                         0
[2026-07-01 11:40:13] [TASK_8] [INFO]   dự án mới                                0
[2026-07-01 11:40:13] [TASK_8] [INFO]   đầu tư mới                               0
[2026-07-01 11:40:13] [TASK_8] [INFO]   hợp tác chiến lược                       0
[2026-07-01 11:40:13] [TASK_8] [INFO]   thắng thầu                               0
[2026-07-01 11:40:13] [TASK_8] [INFO] 
--- NEGATIVE keywords (54) ---
[2026-07-01 11:40:13] [TASK_8] [INFO]   lợi nhuận giảm                           1
[2026-07-01 11:40:13] [TASK_8] [INFO]   doanh thu giảm                           1
[2026-07-01 11:40:13] [TASK_8] [INFO]   sụt giảm                                 1
[2026-07-01 11:40:13] [TASK_8] [INFO]   giảm mạnh                                1
[2026-07-01 11:40:13] [TASK_8] [INFO]   nợ xấu                                   1
[2026-07-01 11:40:13] [TASK_8] [INFO]   áp lực tài chính                         1
[2026-07-01 11:40:13] [TASK_8] [INFO]   dòng tiền âm                             1
[2026-07-01 11:40:13] [TASK_8] [INFO]   hủy hợp đồng                             1
[2026-07-01 11:40:13] [TASK_8] [INFO]   dự án trì hoãn                           1
[2026-07-01 11:40:13] [TASK_8] [INFO]   đóng cửa                                 1
[2026-07-01 11:40:13] [TASK_8] [INFO]   bị phạt                                  1
[2026-07-01 11:40:13] [TASK_8] [INFO]   vi phạm                                  1
[2026-07-01 11:40:13] [TASK_8] [INFO]   bị thanh tra                             1
[2026-07-01 11:40:13] [TASK_8] [INFO]   lợi nhuận âm                             0
[2026-07-01 11:40:13] [TASK_8] [INFO]   thua lỗ                                  0
[2026-07-01 11:40:13] [TASK_8] [INFO]   lỗ ròng                                  0
[2026-07-01 11:40:13] [TASK_8] [INFO]   dưới kế hoạch                            0
[2026-07-01 11:40:13] [TASK_8] [INFO]   kết quả tiêu cực                         0
[2026-07-01 11:40:13] [TASK_8] [INFO]   lợi nhuận thấp hơn                       0
[2026-07-01 11:40:13] [TASK_8] [INFO]   báo lỗ                                   0
[2026-07-01 11:40:13] [TASK_8] [INFO]   lỗ nặng                                  0
[2026-07-01 11:40:13] [TASK_8] [INFO]   lỗ lớn                                   0
[2026-07-01 11:40:13] [TASK_8] [INFO]   lỗ kỷ lục                                0
[2026-07-01 11:40:13] [TASK_8] [INFO]   lỗ lũy kế                                0
[2026-07-01 11:40:13] [TASK_8] [INFO]   lao dốc                                  0
[2026-07-01 11:40:13] [TASK_8] [INFO]   giảm sâu                                 0
[2026-07-01 11:40:13] [TASK_8] [INFO]   tụt dốc                                  0
[2026-07-01 11:40:13] [TASK_8] [INFO]   kinh doanh sa sút                        0
[2026-07-01 11:40:13] [TASK_8] [INFO]   âm vốn chủ sở hữu                        0
[2026-07-01 11:40:13] [TASK_8] [INFO]   lợi nhuận không tăng                     0
[2026-07-01 11:40:13] [TASK_8] [INFO]   doanh thu không tăng                     0
[2026-07-01 11:40:13] [TASK_8] [INFO]   không tăng trưởng                        0
[2026-07-01 11:40:13] [TASK_8] [INFO]   tăng trưởng chậm lại                     0
[2026-07-01 11:40:13] [TASK_8] [INFO]   không hoàn thành kế hoạch                0
[2026-07-01 11:40:13] [TASK_8] [INFO]   không đạt kế hoạch                       0
[2026-07-01 11:40:13] [TASK_8] [INFO]   chưa có lãi                              0
[2026-07-01 11:40:13] [TASK_8] [INFO]   không chia cổ tức                        0
[2026-07-01 11:40:13] [TASK_8] [INFO]   hủy cổ tức                               0
[2026-07-01 11:40:13] [TASK_8] [INFO]   giảm cổ tức                              0
[2026-07-01 11:40:13] [TASK_8] [INFO]   phát hành pha loãng                      0
[2026-07-01 11:40:13] [TASK_8] [INFO]   chào bán giá thấp                        0
[2026-07-01 11:40:13] [TASK_8] [INFO]   nợ vay tăng                              0
[2026-07-01 11:40:13] [TASK_8] [INFO]   nợ quá hạn                               0
[2026-07-01 11:40:13] [TASK_8] [INFO]   hệ số nợ cao                             0
[2026-07-01 11:40:13] [TASK_8] [INFO]   thiếu thanh khoản                        0
[2026-07-01 11:40:13] [TASK_8] [INFO]   thu hẹp hoạt động                        0
[2026-07-01 11:40:13] [TASK_8] [INFO]   dừng dự án                               0
[2026-07-01 11:40:13] [TASK_8] [INFO]   bị kiểm toán từ chối                     0
[2026-07-01 11:40:13] [TASK_8] [INFO]   cảnh báo                                 0
[2026-07-01 11:40:13] [TASK_8] [INFO]   đình chỉ                                 0
[2026-07-01 11:40:13] [TASK_8] [INFO]   khởi tố                                  0
[2026-07-01 11:40:13] [TASK_8] [INFO]   điều tra                                 0
[2026-07-01 11:40:13] [TASK_8] [INFO]   tranh chấp pháp lý                       0
[2026-07-01 11:40:13] [TASK_8] [INFO]   bị kiện                                  0
[2026-07-01 11:40:13] [TASK_8] [INFO] 
--- NEUTRAL keywords (9) ---
[2026-07-01 11:40:13] [TASK_8] [INFO]   đại hội cổ đông                          1
[2026-07-01 11:40:13] [TASK_8] [INFO]   thay đổi lãnh đạo                        1
[2026-07-01 11:40:13] [TASK_8] [INFO]   sáp nhập                                 1
[2026-07-01 11:40:13] [TASK_8] [INFO]   mua lại                                  1
[2026-07-01 11:40:13] [TASK_8] [INFO]   phát hành cổ phiếu mới                   1
[2026-07-01 11:40:13] [TASK_8] [INFO]   thoái vốn                                1
[2026-07-01 11:40:13] [TASK_8] [INFO]   họp HĐQT                                 0
[2026-07-01 11:40:13] [TASK_8] [INFO]   thay CEO                                 0
[2026-07-01 11:40:13] [TASK_8] [INFO]   niêm yết thêm                            0
[2026-07-01 11:40:13] [TASK_8] [INFO] 
Total keyword occurrences in corpus: 34
[2026-07-01 11:40:13] [TASK_8] [INFO] Keywords with zero occurrences: 72 / 106
[2026-07-01 11:40:13] [TASK_8] [INFO] ======================================================================
[2026-07-01 11:40:13] [TASK_8] [INFO] Keyword Builder (TASK 8) complete.
[2026-07-01 11:40:13] [TASK_8] [INFO] Starting Keyword Builder (TASK 8)...
[2026-07-01 11:40:13] [TASK_8] [INFO] Loaded 23 stopwords.
[2026-07-01 11:40:13] [TASK_8] [INFO] Extracting keyword candidates from 10 documents...
[2026-07-01 11:40:13] [TASK_8] [INFO] Saved 176 keyword candidates to C:\Users\User\AppData\Local\Temp\tmpghjv_1_9\keyword_candidates.csv (unigrams: 83, bigrams: 93).
[2026-07-01 11:40:13] [TASK_8] [INFO] Curated keyword list: 43 positive, 54 negative, 9 neutral (total: 106).
[2026-07-01 11:40:13] [TASK_8] [INFO] Saved flat keyword list to C:\Users\User\AppData\Local\Temp\tmpghjv_1_9\keywords_finance.json.
[2026-07-01 11:40:13] [TASK_8] [INFO] Saved group-level keyword breakdown to C:\Users\User\AppData\Local\Temp\tmpghjv_1_9\keywords_by_group.json.
[2026-07-01 11:40:13] [TASK_8] [INFO] ======================================================================
[2026-07-01 11:40:13] [TASK_8] [INFO] KEYWORD CORPUS FREQUENCY REPORT
[2026-07-01 11:40:13] [TASK_8] [INFO] ======================================================================
[2026-07-01 11:40:13] [TASK_8] [INFO] 
--- POSITIVE keywords (43) ---
[2026-07-01 11:40:13] [TASK_8] [INFO]   lợi nhuận tăng                           1
[2026-07-01 11:40:13] [TASK_8] [INFO]   doanh thu tăng                           1
[2026-07-01 11:40:13] [TASK_8] [INFO]   kỷ lục                                   1
[2026-07-01 11:40:13] [TASK_8] [INFO]   tăng trưởng                              1
[2026-07-01 11:40:13] [TASK_8] [INFO]   tăng mạnh                                1
[2026-07-01 11:40:13] [TASK_8] [INFO]   chia cổ tức                              1
[2026-07-01 11:40:13] [TASK_8] [INFO]   cổ tức cao                               1
[2026-07-01 11:40:13] [TASK_8] [INFO]   cổ tức tiền mặt                          1
[2026-07-01 11:40:13] [TASK_8] [INFO]   giảm nợ                                  1
[2026-07-01 11:40:13] [TASK_8] [INFO]   trả nợ                                   1
[2026-07-01 11:40:13] [TASK_8] [INFO]   cải thiện tài chính                      1
[2026-07-01 11:40:13] [TASK_8] [INFO]   dòng tiền dương                          1
[2026-07-01 11:40:13] [TASK_8] [INFO]   ký kết hợp đồng                          1
[2026-07-01 11:40:13] [TASK_8] [INFO]   mở rộng thị trường                       1
[2026-07-01 11:40:13] [TASK_8] [INFO]   xuất khẩu tăng                           1
[2026-07-01 11:40:13] [TASK_8] [INFO]   tăng trưởng mạnh                         0
[2026-07-01 11:40:13] [TASK_8] [INFO]   vượt kế hoạch                            0
[2026-07-01 11:40:13] [TASK_8] [INFO]   lãi ròng                                 0
[2026-07-01 11:40:13] [TASK_8] [INFO]   lợi nhuận sau thuế tăng                  0
[2026-07-01 11:40:13] [TASK_8] [INFO]   kết quả tích cực                         0
[2026-07-01 11:40:13] [TASK_8] [INFO]   lãi khủng                                0
[2026-07-01 11:40:13] [TASK_8] [INFO]   lãi lớn                                  0
[2026-07-01 11:40:13] [TASK_8] [INFO]   lãi đậm                                  0
[2026-07-01 11:40:13] [TASK_8] [INFO]   báo lãi                                  0
[2026-07-01 11:40:13] [TASK_8] [INFO]   lợi nhuận kỷ lục                         0
[2026-07-01 11:40:13] [TASK_8] [INFO]   doanh thu kỷ lục                         0
[2026-07-01 11:40:13] [TASK_8] [INFO]   lãi kỷ lục                               0
[2026-07-01 11:40:13] [TASK_8] [INFO]   bứt phá                                  0
[2026-07-01 11:40:13] [TASK_8] [INFO]   tăng vọt                                 0
[2026-07-01 11:40:13] [TASK_8] [INFO]   khởi sắc                                 0
[2026-07-01 11:40:13] [TASK_8] [INFO]   phục hồi                                 0
[2026-07-01 11:40:13] [TASK_8] [INFO]   lập đỉnh                                 0
[2026-07-01 11:40:13] [TASK_8] [INFO]   hoàn thành kế hoạch                      0
[2026-07-01 11:40:13] [TASK_8] [INFO]   lợi nhuận cải thiện                      0
[2026-07-01 11:40:13] [TASK_8] [INFO]   mua lại cổ phiếu                         0
[2026-07-01 11:40:13] [TASK_8] [INFO]   phát hành thưởng                         0
[2026-07-01 11:40:13] [TASK_8] [INFO]   tăng vốn điều lệ                         0
[2026-07-01 11:40:13] [TASK_8] [INFO]   hệ số an toàn vốn                        0
[2026-07-01 11:40:13] [TASK_8] [INFO]   tiền mặt dồi dào                         0
[2026-07-01 11:40:13] [TASK_8] [INFO]   dự án mới                                0
[2026-07-01 11:40:13] [TASK_8] [INFO]   đầu tư mới                               0
[2026-07-01 11:40:13] [TASK_8] [INFO]   hợp tác chiến lược                       0
[2026-07-01 11:40:13] [TASK_8] [INFO]   thắng thầu                               0
[2026-07-01 11:40:13] [TASK_8] [INFO] 
--- NEGATIVE keywords (54) ---
[2026-07-01 11:40:13] [TASK_8] [INFO]   lợi nhuận giảm                           1
[2026-07-01 11:40:13] [TASK_8] [INFO]   doanh thu giảm                           1
[2026-07-01 11:40:13] [TASK_8] [INFO]   sụt giảm                                 1
[2026-07-01 11:40:13] [TASK_8] [INFO]   giảm mạnh                                1
[2026-07-01 11:40:13] [TASK_8] [INFO]   nợ xấu                                   1
[2026-07-01 11:40:13] [TASK_8] [INFO]   áp lực tài chính                         1
[2026-07-01 11:40:13] [TASK_8] [INFO]   dòng tiền âm                             1
[2026-07-01 11:40:13] [TASK_8] [INFO]   hủy hợp đồng                             1
[2026-07-01 11:40:13] [TASK_8] [INFO]   dự án trì hoãn                           1
[2026-07-01 11:40:13] [TASK_8] [INFO]   đóng cửa                                 1
[2026-07-01 11:40:13] [TASK_8] [INFO]   bị phạt                                  1
[2026-07-01 11:40:13] [TASK_8] [INFO]   vi phạm                                  1
[2026-07-01 11:40:13] [TASK_8] [INFO]   bị thanh tra                             1
[2026-07-01 11:40:13] [TASK_8] [INFO]   lợi nhuận âm                             0
[2026-07-01 11:40:13] [TASK_8] [INFO]   thua lỗ                                  0
[2026-07-01 11:40:13] [TASK_8] [INFO]   lỗ ròng                                  0
[2026-07-01 11:40:13] [TASK_8] [INFO]   dưới kế hoạch                            0
[2026-07-01 11:40:13] [TASK_8] [INFO]   kết quả tiêu cực                         0
[2026-07-01 11:40:13] [TASK_8] [INFO]   lợi nhuận thấp hơn                       0
[2026-07-01 11:40:13] [TASK_8] [INFO]   báo lỗ                                   0
[2026-07-01 11:40:13] [TASK_8] [INFO]   lỗ nặng                                  0
[2026-07-01 11:40:13] [TASK_8] [INFO]   lỗ lớn                                   0
[2026-07-01 11:40:13] [TASK_8] [INFO]   lỗ kỷ lục                                0
[2026-07-01 11:40:13] [TASK_8] [INFO]   lỗ lũy kế                                0
[2026-07-01 11:40:13] [TASK_8] [INFO]   lao dốc                                  0
[2026-07-01 11:40:13] [TASK_8] [INFO]   giảm sâu                                 0
[2026-07-01 11:40:13] [TASK_8] [INFO]   tụt dốc                                  0
[2026-07-01 11:40:13] [TASK_8] [INFO]   kinh doanh sa sút                        0
[2026-07-01 11:40:13] [TASK_8] [INFO]   âm vốn chủ sở hữu                        0
[2026-07-01 11:40:13] [TASK_8] [INFO]   lợi nhuận không tăng                     0
[2026-07-01 11:40:13] [TASK_8] [INFO]   doanh thu không tăng                     0
[2026-07-01 11:40:13] [TASK_8] [INFO]   không tăng trưởng                        0
[2026-07-01 11:40:13] [TASK_8] [INFO]   tăng trưởng chậm lại                     0
[2026-07-01 11:40:13] [TASK_8] [INFO]   không hoàn thành kế hoạch                0
[2026-07-01 11:40:13] [TASK_8] [INFO]   không đạt kế hoạch                       0
[2026-07-01 11:40:13] [TASK_8] [INFO]   chưa có lãi                              0
[2026-07-01 11:40:13] [TASK_8] [INFO]   không chia cổ tức                        0
[2026-07-01 11:40:13] [TASK_8] [INFO]   hủy cổ tức                               0
[2026-07-01 11:40:13] [TASK_8] [INFO]   giảm cổ tức                              0
[2026-07-01 11:40:13] [TASK_8] [INFO]   phát hành pha loãng                      0
[2026-07-01 11:40:13] [TASK_8] [INFO]   chào bán giá thấp                        0
[2026-07-01 11:40:13] [TASK_8] [INFO]   nợ vay tăng                              0
[2026-07-01 11:40:13] [TASK_8] [INFO]   nợ quá hạn                               0
[2026-07-01 11:40:13] [TASK_8] [INFO]   hệ số nợ cao                             0
[2026-07-01 11:40:13] [TASK_8] [INFO]   thiếu thanh khoản                        0
[2026-07-01 11:40:13] [TASK_8] [INFO]   thu hẹp hoạt động                        0
[2026-07-01 11:40:13] [TASK_8] [INFO]   dừng dự án                               0
[2026-07-01 11:40:13] [TASK_8] [INFO]   bị kiểm toán từ chối                     0
[2026-07-01 11:40:13] [TASK_8] [INFO]   cảnh báo                                 0
[2026-07-01 11:40:13] [TASK_8] [INFO]   đình chỉ                                 0
[2026-07-01 11:40:13] [TASK_8] [INFO]   khởi tố                                  0
[2026-07-01 11:40:13] [TASK_8] [INFO]   điều tra                                 0
[2026-07-01 11:40:13] [TASK_8] [INFO]   tranh chấp pháp lý                       0
[2026-07-01 11:40:13] [TASK_8] [INFO]   bị kiện                                  0
[2026-07-01 11:40:13] [TASK_8] [INFO] 
--- NEUTRAL keywords (9) ---
[2026-07-01 11:40:13] [TASK_8] [INFO]   đại hội cổ đông                          1
[2026-07-01 11:40:13] [TASK_8] [INFO]   thay đổi lãnh đạo                        1
[2026-07-01 11:40:13] [TASK_8] [INFO]   sáp nhập                                 1
[2026-07-01 11:40:13] [TASK_8] [INFO]   mua lại                                  1
[2026-07-01 11:40:13] [TASK_8] [INFO]   phát hành cổ phiếu mới                   1
[2026-07-01 11:40:13] [TASK_8] [INFO]   thoái vốn                                1
[2026-07-01 11:40:13] [TASK_8] [INFO]   họp HĐQT                                 0
[2026-07-01 11:40:13] [TASK_8] [INFO]   thay CEO                                 0
[2026-07-01 11:40:13] [TASK_8] [INFO]   niêm yết thêm                            0
[2026-07-01 11:40:13] [TASK_8] [INFO] 
Total keyword occurrences in corpus: 34
[2026-07-01 11:40:13] [TASK_8] [INFO] Keywords with zero occurrences: 72 / 106
[2026-07-01 11:40:13] [TASK_8] [INFO] ======================================================================
[2026-07-01 11:40:13] [TASK_8] [INFO] Keyword Builder (TASK 8) complete.
[2026-07-01 11:40:13] [TASK_8] [INFO] Starting Keyword Builder (TASK 8)...
[2026-07-01 11:40:13] [TASK_8] [INFO] Loaded 23 stopwords.
[2026-07-01 11:40:13] [TASK_8] [INFO] No corpus provided — skipping candidate extraction.
[2026-07-01 11:40:13] [TASK_8] [INFO] Curated keyword list: 43 positive, 54 negative, 9 neutral (total: 106).
[2026-07-01 11:40:13] [TASK_8] [INFO] Saved flat keyword list to C:\Users\User\AppData\Local\Temp\tmptvnr0p_6\keywords_finance.json.
[2026-07-01 11:40:13] [TASK_8] [INFO] Saved group-level keyword breakdown to C:\Users\User\AppData\Local\Temp\tmptvnr0p_6\keywords_by_group.json.
[2026-07-01 11:40:13] [TASK_8] [INFO] No corpus provided — skipping frequency report.
[2026-07-01 11:40:13] [TASK_8] [INFO] Keyword Builder (TASK 8) complete.
[2026-07-01 11:40:42] [TASK_8] [INFO] ============================================================
[2026-07-01 11:40:42] [TASK_8] [INFO] START TASK_8: Keyword Building (curate financial keywords)
[2026-07-01 11:40:42] [TASK_8] [INFO] Timestamp: 2026-07-01T11:40:42.276522
[2026-07-01 11:40:42] [TASK_8] [INFO] ============================================================
[2026-07-01 11:40:42] [TASK_8] [INFO] Input: data/news/processed/all_news_processed.csv (34979 rows)
[2026-07-01 11:40:42] [TASK_8] [INFO] ------------------------------------------------------------
[2026-07-01 11:40:42] [TASK_8] [INFO] END TASK_8 — completed in 0.0 seconds
[2026-07-01 11:40:42] [TASK_8] [INFO] ============================================================
[2026-07-01 11:40:42] [TASK_8] [INFO] ============================================================
[2026-07-01 11:40:42] [TASK_8] [INFO] START TASK_8: Keyword Building (curate financial keywords)
[2026-07-01 11:40:42] [TASK_8] [INFO] Timestamp: 2026-07-01T11:40:42.988169
[2026-07-01 11:40:42] [TASK_8] [INFO] ============================================================
[2026-07-01 11:40:43] [TASK_8] [INFO] Input: data/news/processed/all_news_processed.csv (34979 rows)
[2026-07-01 11:40:43] [TASK_8] [INFO] ------------------------------------------------------------
[2026-07-01 11:40:43] [TASK_8] [INFO] END TASK_8 — completed in 0.0 seconds
[2026-07-01 11:40:43] [TASK_8] [INFO] ============================================================
[2026-07-01 11:41:00] [TASK_8] [INFO] Starting Keyword Builder (TASK 8)...
[2026-07-01 11:41:00] [TASK_8] [INFO] Loaded 23 stopwords.
[2026-07-01 11:41:00] [TASK_8] [INFO] Extracting keyword candidates from 10 documents...
[2026-07-01 11:41:00] [TASK_8] [INFO] Saved 176 keyword candidates to C:\Users\User\AppData\Local\Temp\tmpdfsbuc4p\keyword_candidates.csv (unigrams: 83, bigrams: 93).
[2026-07-01 11:41:00] [TASK_8] [INFO] Curated keyword list: 43 positive, 54 negative, 9 neutral (total: 106).
[2026-07-01 11:41:00] [TASK_8] [INFO] Saved flat keyword list to C:\Users\User\AppData\Local\Temp\tmpdfsbuc4p\keywords_finance.json.
[2026-07-01 11:41:00] [TASK_8] [INFO] Saved group-level keyword breakdown to C:\Users\User\AppData\Local\Temp\tmpdfsbuc4p\keywords_by_group.json.
[2026-07-01 11:41:00] [TASK_8] [INFO] ======================================================================
[2026-07-01 11:41:00] [TASK_8] [INFO] KEYWORD CORPUS FREQUENCY REPORT
[2026-07-01 11:41:00] [TASK_8] [INFO] ======================================================================
[2026-07-01 11:41:00] [TASK_8] [INFO] 
--- POSITIVE keywords (43) ---
[2026-07-01 11:41:00] [TASK_8] [INFO]   lợi nhuận tăng                           1
[2026-07-01 11:41:00] [TASK_8] [INFO]   doanh thu tăng                           1
[2026-07-01 11:41:00] [TASK_8] [INFO]   kỷ lục                                   1
[2026-07-01 11:41:00] [TASK_8] [INFO]   tăng trưởng                              1
[2026-07-01 11:41:00] [TASK_8] [INFO]   tăng mạnh                                1
[2026-07-01 11:41:00] [TASK_8] [INFO]   chia cổ tức                              1
[2026-07-01 11:41:00] [TASK_8] [INFO]   cổ tức cao                               1
[2026-07-01 11:41:00] [TASK_8] [INFO]   cổ tức tiền mặt                          1
[2026-07-01 11:41:00] [TASK_8] [INFO]   giảm nợ                                  1
[2026-07-01 11:41:00] [TASK_8] [INFO]   trả nợ                                   1
[2026-07-01 11:41:00] [TASK_8] [INFO]   cải thiện tài chính                      1
[2026-07-01 11:41:00] [TASK_8] [INFO]   dòng tiền dương                          1
[2026-07-01 11:41:00] [TASK_8] [INFO]   ký kết hợp đồng                          1
[2026-07-01 11:41:00] [TASK_8] [INFO]   mở rộng thị trường                       1
[2026-07-01 11:41:00] [TASK_8] [INFO]   xuất khẩu tăng                           1
[2026-07-01 11:41:00] [TASK_8] [INFO]   tăng trưởng mạnh                         0
[2026-07-01 11:41:00] [TASK_8] [INFO]   vượt kế hoạch                            0
[2026-07-01 11:41:00] [TASK_8] [INFO]   lãi ròng                                 0
[2026-07-01 11:41:00] [TASK_8] [INFO]   lợi nhuận sau thuế tăng                  0
[2026-07-01 11:41:00] [TASK_8] [INFO]   kết quả tích cực                         0
[2026-07-01 11:41:00] [TASK_8] [INFO]   lãi khủng                                0
[2026-07-01 11:41:00] [TASK_8] [INFO]   lãi lớn                                  0
[2026-07-01 11:41:00] [TASK_8] [INFO]   lãi đậm                                  0
[2026-07-01 11:41:00] [TASK_8] [INFO]   báo lãi                                  0
[2026-07-01 11:41:00] [TASK_8] [INFO]   lợi nhuận kỷ lục                         0
[2026-07-01 11:41:00] [TASK_8] [INFO]   doanh thu kỷ lục                         0
[2026-07-01 11:41:00] [TASK_8] [INFO]   lãi kỷ lục                               0
[2026-07-01 11:41:00] [TASK_8] [INFO]   bứt phá                                  0
[2026-07-01 11:41:00] [TASK_8] [INFO]   tăng vọt                                 0
[2026-07-01 11:41:00] [TASK_8] [INFO]   khởi sắc                                 0
[2026-07-01 11:41:00] [TASK_8] [INFO]   phục hồi                                 0
[2026-07-01 11:41:00] [TASK_8] [INFO]   lập đỉnh                                 0
[2026-07-01 11:41:00] [TASK_8] [INFO]   hoàn thành kế hoạch                      0
[2026-07-01 11:41:00] [TASK_8] [INFO]   lợi nhuận cải thiện                      0
[2026-07-01 11:41:00] [TASK_8] [INFO]   mua lại cổ phiếu                         0
[2026-07-01 11:41:00] [TASK_8] [INFO]   phát hành thưởng                         0
[2026-07-01 11:41:00] [TASK_8] [INFO]   tăng vốn điều lệ                         0
[2026-07-01 11:41:00] [TASK_8] [INFO]   hệ số an toàn vốn                        0
[2026-07-01 11:41:00] [TASK_8] [INFO]   tiền mặt dồi dào                         0
[2026-07-01 11:41:00] [TASK_8] [INFO]   dự án mới                                0
[2026-07-01 11:41:00] [TASK_8] [INFO]   đầu tư mới                               0
[2026-07-01 11:41:00] [TASK_8] [INFO]   hợp tác chiến lược                       0
[2026-07-01 11:41:00] [TASK_8] [INFO]   thắng thầu                               0
[2026-07-01 11:41:00] [TASK_8] [INFO] 
--- NEGATIVE keywords (54) ---
[2026-07-01 11:41:00] [TASK_8] [INFO]   lợi nhuận giảm                           1
[2026-07-01 11:41:00] [TASK_8] [INFO]   doanh thu giảm                           1
[2026-07-01 11:41:00] [TASK_8] [INFO]   sụt giảm                                 1
[2026-07-01 11:41:00] [TASK_8] [INFO]   giảm mạnh                                1
[2026-07-01 11:41:00] [TASK_8] [INFO]   nợ xấu                                   1
[2026-07-01 11:41:00] [TASK_8] [INFO]   áp lực tài chính                         1
[2026-07-01 11:41:00] [TASK_8] [INFO]   dòng tiền âm                             1
[2026-07-01 11:41:00] [TASK_8] [INFO]   hủy hợp đồng                             1
[2026-07-01 11:41:00] [TASK_8] [INFO]   dự án trì hoãn                           1
[2026-07-01 11:41:00] [TASK_8] [INFO]   đóng cửa                                 1
[2026-07-01 11:41:00] [TASK_8] [INFO]   bị phạt                                  1
[2026-07-01 11:41:00] [TASK_8] [INFO]   vi phạm                                  1
[2026-07-01 11:41:00] [TASK_8] [INFO]   bị thanh tra                             1
[2026-07-01 11:41:00] [TASK_8] [INFO]   lợi nhuận âm                             0
[2026-07-01 11:41:00] [TASK_8] [INFO]   thua lỗ                                  0
[2026-07-01 11:41:00] [TASK_8] [INFO]   lỗ ròng                                  0
[2026-07-01 11:41:00] [TASK_8] [INFO]   dưới kế hoạch                            0
[2026-07-01 11:41:00] [TASK_8] [INFO]   kết quả tiêu cực                         0
[2026-07-01 11:41:00] [TASK_8] [INFO]   lợi nhuận thấp hơn                       0
[2026-07-01 11:41:00] [TASK_8] [INFO]   báo lỗ                                   0
[2026-07-01 11:41:00] [TASK_8] [INFO]   lỗ nặng                                  0
[2026-07-01 11:41:00] [TASK_8] [INFO]   lỗ lớn                                   0
[2026-07-01 11:41:00] [TASK_8] [INFO]   lỗ kỷ lục                                0
[2026-07-01 11:41:00] [TASK_8] [INFO]   lỗ lũy kế                                0
[2026-07-01 11:41:00] [TASK_8] [INFO]   lao dốc                                  0
[2026-07-01 11:41:00] [TASK_8] [INFO]   giảm sâu                                 0
[2026-07-01 11:41:00] [TASK_8] [INFO]   tụt dốc                                  0
[2026-07-01 11:41:00] [TASK_8] [INFO]   kinh doanh sa sút                        0
[2026-07-01 11:41:00] [TASK_8] [INFO]   âm vốn chủ sở hữu                        0
[2026-07-01 11:41:00] [TASK_8] [INFO]   lợi nhuận không tăng                     0
[2026-07-01 11:41:00] [TASK_8] [INFO]   doanh thu không tăng                     0
[2026-07-01 11:41:00] [TASK_8] [INFO]   không tăng trưởng                        0
[2026-07-01 11:41:00] [TASK_8] [INFO]   tăng trưởng chậm lại                     0
[2026-07-01 11:41:00] [TASK_8] [INFO]   không hoàn thành kế hoạch                0
[2026-07-01 11:41:00] [TASK_8] [INFO]   không đạt kế hoạch                       0
[2026-07-01 11:41:00] [TASK_8] [INFO]   chưa có lãi                              0
[2026-07-01 11:41:00] [TASK_8] [INFO]   không chia cổ tức                        0
[2026-07-01 11:41:00] [TASK_8] [INFO]   hủy cổ tức                               0
[2026-07-01 11:41:00] [TASK_8] [INFO]   giảm cổ tức                              0
[2026-07-01 11:41:00] [TASK_8] [INFO]   phát hành pha loãng                      0
[2026-07-01 11:41:00] [TASK_8] [INFO]   chào bán giá thấp                        0
[2026-07-01 11:41:00] [TASK_8] [INFO]   nợ vay tăng                              0
[2026-07-01 11:41:00] [TASK_8] [INFO]   nợ quá hạn                               0
[2026-07-01 11:41:00] [TASK_8] [INFO]   hệ số nợ cao                             0
[2026-07-01 11:41:00] [TASK_8] [INFO]   thiếu thanh khoản                        0
[2026-07-01 11:41:00] [TASK_8] [INFO]   thu hẹp hoạt động                        0
[2026-07-01 11:41:00] [TASK_8] [INFO]   dừng dự án                               0
[2026-07-01 11:41:00] [TASK_8] [INFO]   bị kiểm toán từ chối                     0
[2026-07-01 11:41:00] [TASK_8] [INFO]   cảnh báo                                 0
[2026-07-01 11:41:00] [TASK_8] [INFO]   đình chỉ                                 0
[2026-07-01 11:41:00] [TASK_8] [INFO]   khởi tố                                  0
[2026-07-01 11:41:00] [TASK_8] [INFO]   điều tra                                 0
[2026-07-01 11:41:00] [TASK_8] [INFO]   tranh chấp pháp lý                       0
[2026-07-01 11:41:00] [TASK_8] [INFO]   bị kiện                                  0
[2026-07-01 11:41:00] [TASK_8] [INFO] 
--- NEUTRAL keywords (9) ---
[2026-07-01 11:41:00] [TASK_8] [INFO]   đại hội cổ đông                          1
[2026-07-01 11:41:00] [TASK_8] [INFO]   thay đổi lãnh đạo                        1
[2026-07-01 11:41:00] [TASK_8] [INFO]   sáp nhập                                 1
[2026-07-01 11:41:00] [TASK_8] [INFO]   mua lại                                  1
[2026-07-01 11:41:00] [TASK_8] [INFO]   phát hành cổ phiếu mới                   1
[2026-07-01 11:41:00] [TASK_8] [INFO]   thoái vốn                                1
[2026-07-01 11:41:00] [TASK_8] [INFO]   họp HĐQT                                 0
[2026-07-01 11:41:00] [TASK_8] [INFO]   thay CEO                                 0
[2026-07-01 11:41:00] [TASK_8] [INFO]   niêm yết thêm                            0
[2026-07-01 11:41:00] [TASK_8] [INFO] 
Total keyword occurrences in corpus: 34
[2026-07-01 11:41:00] [TASK_8] [INFO] Keywords with zero occurrences: 72 / 106
[2026-07-01 11:41:00] [TASK_8] [INFO] ======================================================================
[2026-07-01 11:41:00] [TASK_8] [INFO] Keyword Builder (TASK 8) complete.
[2026-07-01 11:41:00] [TASK_8] [INFO] Starting Keyword Builder (TASK 8)...
[2026-07-01 11:41:00] [TASK_8] [INFO] Loaded 23 stopwords.
[2026-07-01 11:41:00] [TASK_8] [INFO] Extracting keyword candidates from 10 documents...
[2026-07-01 11:41:00] [TASK_8] [INFO] Saved 176 keyword candidates to C:\Users\User\AppData\Local\Temp\tmpcty1xnmo\keyword_candidates.csv (unigrams: 83, bigrams: 93).
[2026-07-01 11:41:00] [TASK_8] [INFO] Curated keyword list: 43 positive, 54 negative, 9 neutral (total: 106).
[2026-07-01 11:41:00] [TASK_8] [INFO] Saved flat keyword list to C:\Users\User\AppData\Local\Temp\tmpcty1xnmo\keywords_finance.json.
[2026-07-01 11:41:00] [TASK_8] [INFO] Saved group-level keyword breakdown to C:\Users\User\AppData\Local\Temp\tmpcty1xnmo\keywords_by_group.json.
[2026-07-01 11:41:00] [TASK_8] [INFO] ======================================================================
[2026-07-01 11:41:00] [TASK_8] [INFO] KEYWORD CORPUS FREQUENCY REPORT
[2026-07-01 11:41:00] [TASK_8] [INFO] ======================================================================
[2026-07-01 11:41:00] [TASK_8] [INFO] 
--- POSITIVE keywords (43) ---
[2026-07-01 11:41:00] [TASK_8] [INFO]   lợi nhuận tăng                           1
[2026-07-01 11:41:00] [TASK_8] [INFO]   doanh thu tăng                           1
[2026-07-01 11:41:00] [TASK_8] [INFO]   kỷ lục                                   1
[2026-07-01 11:41:00] [TASK_8] [INFO]   tăng trưởng                              1
[2026-07-01 11:41:00] [TASK_8] [INFO]   tăng mạnh                                1
[2026-07-01 11:41:00] [TASK_8] [INFO]   chia cổ tức                              1
[2026-07-01 11:41:00] [TASK_8] [INFO]   cổ tức cao                               1
[2026-07-01 11:41:00] [TASK_8] [INFO]   cổ tức tiền mặt                          1
[2026-07-01 11:41:00] [TASK_8] [INFO]   giảm nợ                                  1
[2026-07-01 11:41:00] [TASK_8] [INFO]   trả nợ                                   1
[2026-07-01 11:41:00] [TASK_8] [INFO]   cải thiện tài chính                      1
[2026-07-01 11:41:00] [TASK_8] [INFO]   dòng tiền dương                          1
[2026-07-01 11:41:00] [TASK_8] [INFO]   ký kết hợp đồng                          1
[2026-07-01 11:41:00] [TASK_8] [INFO]   mở rộng thị trường                       1
[2026-07-01 11:41:00] [TASK_8] [INFO]   xuất khẩu tăng                           1
[2026-07-01 11:41:00] [TASK_8] [INFO]   tăng trưởng mạnh                         0
[2026-07-01 11:41:00] [TASK_8] [INFO]   vượt kế hoạch                            0
[2026-07-01 11:41:00] [TASK_8] [INFO]   lãi ròng                                 0
[2026-07-01 11:41:00] [TASK_8] [INFO]   lợi nhuận sau thuế tăng                  0
[2026-07-01 11:41:00] [TASK_8] [INFO]   kết quả tích cực                         0
[2026-07-01 11:41:00] [TASK_8] [INFO]   lãi khủng                                0
[2026-07-01 11:41:00] [TASK_8] [INFO]   lãi lớn                                  0
[2026-07-01 11:41:00] [TASK_8] [INFO]   lãi đậm                                  0
[2026-07-01 11:41:00] [TASK_8] [INFO]   báo lãi                                  0
[2026-07-01 11:41:00] [TASK_8] [INFO]   lợi nhuận kỷ lục                         0
[2026-07-01 11:41:00] [TASK_8] [INFO]   doanh thu kỷ lục                         0
[2026-07-01 11:41:00] [TASK_8] [INFO]   lãi kỷ lục                               0
[2026-07-01 11:41:00] [TASK_8] [INFO]   bứt phá                                  0
[2026-07-01 11:41:00] [TASK_8] [INFO]   tăng vọt                                 0
[2026-07-01 11:41:00] [TASK_8] [INFO]   khởi sắc                                 0
[2026-07-01 11:41:00] [TASK_8] [INFO]   phục hồi                                 0
[2026-07-01 11:41:00] [TASK_8] [INFO]   lập đỉnh                                 0
[2026-07-01 11:41:00] [TASK_8] [INFO]   hoàn thành kế hoạch                      0
[2026-07-01 11:41:00] [TASK_8] [INFO]   lợi nhuận cải thiện                      0
[2026-07-01 11:41:00] [TASK_8] [INFO]   mua lại cổ phiếu                         0
[2026-07-01 11:41:00] [TASK_8] [INFO]   phát hành thưởng                         0
[2026-07-01 11:41:00] [TASK_8] [INFO]   tăng vốn điều lệ                         0
[2026-07-01 11:41:00] [TASK_8] [INFO]   hệ số an toàn vốn                        0
[2026-07-01 11:41:00] [TASK_8] [INFO]   tiền mặt dồi dào                         0
[2026-07-01 11:41:00] [TASK_8] [INFO]   dự án mới                                0
[2026-07-01 11:41:00] [TASK_8] [INFO]   đầu tư mới                               0
[2026-07-01 11:41:00] [TASK_8] [INFO]   hợp tác chiến lược                       0
[2026-07-01 11:41:00] [TASK_8] [INFO]   thắng thầu                               0
[2026-07-01 11:41:00] [TASK_8] [INFO] 
--- NEGATIVE keywords (54) ---
[2026-07-01 11:41:00] [TASK_8] [INFO]   lợi nhuận giảm                           1
[2026-07-01 11:41:00] [TASK_8] [INFO]   doanh thu giảm                           1
[2026-07-01 11:41:00] [TASK_8] [INFO]   sụt giảm                                 1
[2026-07-01 11:41:00] [TASK_8] [INFO]   giảm mạnh                                1
[2026-07-01 11:41:00] [TASK_8] [INFO]   nợ xấu                                   1
[2026-07-01 11:41:00] [TASK_8] [INFO]   áp lực tài chính                         1
[2026-07-01 11:41:00] [TASK_8] [INFO]   dòng tiền âm                             1
[2026-07-01 11:41:00] [TASK_8] [INFO]   hủy hợp đồng                             1
[2026-07-01 11:41:00] [TASK_8] [INFO]   dự án trì hoãn                           1
[2026-07-01 11:41:00] [TASK_8] [INFO]   đóng cửa                                 1
[2026-07-01 11:41:00] [TASK_8] [INFO]   bị phạt                                  1
[2026-07-01 11:41:00] [TASK_8] [INFO]   vi phạm                                  1
[2026-07-01 11:41:00] [TASK_8] [INFO]   bị thanh tra                             1
[2026-07-01 11:41:00] [TASK_8] [INFO]   lợi nhuận âm                             0
[2026-07-01 11:41:00] [TASK_8] [INFO]   thua lỗ                                  0
[2026-07-01 11:41:00] [TASK_8] [INFO]   lỗ ròng                                  0
[2026-07-01 11:41:00] [TASK_8] [INFO]   dưới kế hoạch                            0
[2026-07-01 11:41:00] [TASK_8] [INFO]   kết quả tiêu cực                         0
[2026-07-01 11:41:00] [TASK_8] [INFO]   lợi nhuận thấp hơn                       0
[2026-07-01 11:41:00] [TASK_8] [INFO]   báo lỗ                                   0
[2026-07-01 11:41:00] [TASK_8] [INFO]   lỗ nặng                                  0
[2026-07-01 11:41:00] [TASK_8] [INFO]   lỗ lớn                                   0
[2026-07-01 11:41:00] [TASK_8] [INFO]   lỗ kỷ lục                                0
[2026-07-01 11:41:00] [TASK_8] [INFO]   lỗ lũy kế                                0
[2026-07-01 11:41:00] [TASK_8] [INFO]   lao dốc                                  0
[2026-07-01 11:41:00] [TASK_8] [INFO]   giảm sâu                                 0
[2026-07-01 11:41:00] [TASK_8] [INFO]   tụt dốc                                  0
[2026-07-01 11:41:00] [TASK_8] [INFO]   kinh doanh sa sút                        0
[2026-07-01 11:41:00] [TASK_8] [INFO]   âm vốn chủ sở hữu                        0
[2026-07-01 11:41:00] [TASK_8] [INFO]   lợi nhuận không tăng                     0
[2026-07-01 11:41:00] [TASK_8] [INFO]   doanh thu không tăng                     0
[2026-07-01 11:41:00] [TASK_8] [INFO]   không tăng trưởng                        0
[2026-07-01 11:41:00] [TASK_8] [INFO]   tăng trưởng chậm lại                     0
[2026-07-01 11:41:00] [TASK_8] [INFO]   không hoàn thành kế hoạch                0
[2026-07-01 11:41:00] [TASK_8] [INFO]   không đạt kế hoạch                       0
[2026-07-01 11:41:00] [TASK_8] [INFO]   chưa có lãi                              0
[2026-07-01 11:41:00] [TASK_8] [INFO]   không chia cổ tức                        0
[2026-07-01 11:41:00] [TASK_8] [INFO]   hủy cổ tức                               0
[2026-07-01 11:41:00] [TASK_8] [INFO]   giảm cổ tức                              0
[2026-07-01 11:41:00] [TASK_8] [INFO]   phát hành pha loãng                      0
[2026-07-01 11:41:00] [TASK_8] [INFO]   chào bán giá thấp                        0
[2026-07-01 11:41:00] [TASK_8] [INFO]   nợ vay tăng                              0
[2026-07-01 11:41:00] [TASK_8] [INFO]   nợ quá hạn                               0
[2026-07-01 11:41:00] [TASK_8] [INFO]   hệ số nợ cao                             0
[2026-07-01 11:41:00] [TASK_8] [INFO]   thiếu thanh khoản                        0
[2026-07-01 11:41:00] [TASK_8] [INFO]   thu hẹp hoạt động                        0
[2026-07-01 11:41:00] [TASK_8] [INFO]   dừng dự án                               0
[2026-07-01 11:41:00] [TASK_8] [INFO]   bị kiểm toán từ chối                     0
[2026-07-01 11:41:00] [TASK_8] [INFO]   cảnh báo                                 0
[2026-07-01 11:41:00] [TASK_8] [INFO]   đình chỉ                                 0
[2026-07-01 11:41:00] [TASK_8] [INFO]   khởi tố                                  0
[2026-07-01 11:41:00] [TASK_8] [INFO]   điều tra                                 0
[2026-07-01 11:41:00] [TASK_8] [INFO]   tranh chấp pháp lý                       0
[2026-07-01 11:41:00] [TASK_8] [INFO]   bị kiện                                  0
[2026-07-01 11:41:00] [TASK_8] [INFO] 
--- NEUTRAL keywords (9) ---
[2026-07-01 11:41:00] [TASK_8] [INFO]   đại hội cổ đông                          1
[2026-07-01 11:41:00] [TASK_8] [INFO]   thay đổi lãnh đạo                        1
[2026-07-01 11:41:00] [TASK_8] [INFO]   sáp nhập                                 1
[2026-07-01 11:41:00] [TASK_8] [INFO]   mua lại                                  1
[2026-07-01 11:41:00] [TASK_8] [INFO]   phát hành cổ phiếu mới                   1
[2026-07-01 11:41:00] [TASK_8] [INFO]   thoái vốn                                1
[2026-07-01 11:41:00] [TASK_8] [INFO]   họp HĐQT                                 0
[2026-07-01 11:41:00] [TASK_8] [INFO]   thay CEO                                 0
[2026-07-01 11:41:00] [TASK_8] [INFO]   niêm yết thêm                            0
[2026-07-01 11:41:00] [TASK_8] [INFO] 
Total keyword occurrences in corpus: 34
[2026-07-01 11:41:00] [TASK_8] [INFO] Keywords with zero occurrences: 72 / 106
[2026-07-01 11:41:00] [TASK_8] [INFO] ======================================================================
[2026-07-01 11:41:00] [TASK_8] [INFO] Keyword Builder (TASK 8) complete.
[2026-07-01 11:41:00] [TASK_8] [INFO] Starting Keyword Builder (TASK 8)...
[2026-07-01 11:41:00] [TASK_8] [INFO] Loaded 23 stopwords.
[2026-07-01 11:41:00] [TASK_8] [INFO] No corpus provided — skipping candidate extraction.
[2026-07-01 11:41:00] [TASK_8] [INFO] Curated keyword list: 43 positive, 54 negative, 9 neutral (total: 106).
[2026-07-01 11:41:00] [TASK_8] [INFO] Saved flat keyword list to C:\Users\User\AppData\Local\Temp\tmp49cj_6u7\keywords_finance.json.
[2026-07-01 11:41:00] [TASK_8] [INFO] Saved group-level keyword breakdown to C:\Users\User\AppData\Local\Temp\tmp49cj_6u7\keywords_by_group.json.
[2026-07-01 11:41:00] [TASK_8] [INFO] No corpus provided — skipping frequency report.
[2026-07-01 11:41:00] [TASK_8] [INFO] Keyword Builder (TASK 8) complete.
[2026-07-01 12:37:24] [TASK_8] [INFO] ============================================================
[2026-07-01 12:37:24] [TASK_8] [INFO] START TASK_8: Keyword Building (curate financial keywords)
[2026-07-01 12:37:24] [TASK_8] [INFO] Timestamp: 2026-07-01T12:37:24.661261
[2026-07-01 12:37:24] [TASK_8] [INFO] ============================================================
[2026-07-01 12:37:24] [TASK_8] [INFO] Input: data/news/processed/all_news_processed.csv (34979 rows)
[2026-07-01 12:37:24] [TASK_8] [INFO] ------------------------------------------------------------
[2026-07-01 12:37:24] [TASK_8] [INFO] END TASK_8 — completed in 0.0 seconds
[2026-07-01 12:37:24] [TASK_8] [INFO] ============================================================
[2026-07-01 12:37:25] [TASK_8] [INFO] ============================================================
[2026-07-01 12:37:25] [TASK_8] [INFO] START TASK_8: Keyword Building (curate financial keywords)
[2026-07-01 12:37:25] [TASK_8] [INFO] Timestamp: 2026-07-01T12:37:25.371048
[2026-07-01 12:37:25] [TASK_8] [INFO] ============================================================
[2026-07-01 12:37:25] [TASK_8] [INFO] Input: data/news/processed/all_news_processed.csv (34979 rows)
[2026-07-01 12:37:25] [TASK_8] [INFO] ------------------------------------------------------------
[2026-07-01 12:37:25] [TASK_8] [INFO] END TASK_8 — completed in 0.0 seconds
[2026-07-01 12:37:25] [TASK_8] [INFO] ============================================================
[2026-07-01 12:37:43] [TASK_8] [INFO] Starting Keyword Builder (TASK 8)...
[2026-07-01 12:37:43] [TASK_8] [INFO] Loaded 23 stopwords.
[2026-07-01 12:37:43] [TASK_8] [INFO] Extracting keyword candidates from 10 documents...
[2026-07-01 12:37:43] [TASK_8] [INFO] Saved 176 keyword candidates to C:\Users\User\AppData\Local\Temp\tmp39jkkwof\keyword_candidates.csv (unigrams: 83, bigrams: 93).
[2026-07-01 12:37:43] [TASK_8] [INFO] Curated keyword list: 43 positive, 54 negative, 9 neutral (total: 106).
[2026-07-01 12:37:43] [TASK_8] [INFO] Saved flat keyword list to C:\Users\User\AppData\Local\Temp\tmp39jkkwof\keywords_finance.json.
[2026-07-01 12:37:43] [TASK_8] [INFO] Saved group-level keyword breakdown to C:\Users\User\AppData\Local\Temp\tmp39jkkwof\keywords_by_group.json.
[2026-07-01 12:37:43] [TASK_8] [INFO] ======================================================================
[2026-07-01 12:37:43] [TASK_8] [INFO] KEYWORD CORPUS FREQUENCY REPORT
[2026-07-01 12:37:43] [TASK_8] [INFO] ======================================================================
[2026-07-01 12:37:43] [TASK_8] [INFO] 
--- POSITIVE keywords (43) ---
[2026-07-01 12:37:43] [TASK_8] [INFO]   lợi nhuận tăng                           1
[2026-07-01 12:37:43] [TASK_8] [INFO]   doanh thu tăng                           1
[2026-07-01 12:37:43] [TASK_8] [INFO]   kỷ lục                                   1
[2026-07-01 12:37:43] [TASK_8] [INFO]   tăng trưởng                              1
[2026-07-01 12:37:43] [TASK_8] [INFO]   tăng mạnh                                1
[2026-07-01 12:37:43] [TASK_8] [INFO]   chia cổ tức                              1
[2026-07-01 12:37:43] [TASK_8] [INFO]   cổ tức cao                               1
[2026-07-01 12:37:43] [TASK_8] [INFO]   cổ tức tiền mặt                          1
[2026-07-01 12:37:43] [TASK_8] [INFO]   giảm nợ                                  1
[2026-07-01 12:37:43] [TASK_8] [INFO]   trả nợ                                   1
[2026-07-01 12:37:43] [TASK_8] [INFO]   cải thiện tài chính                      1
[2026-07-01 12:37:43] [TASK_8] [INFO]   dòng tiền dương                          1
[2026-07-01 12:37:43] [TASK_8] [INFO]   ký kết hợp đồng                          1
[2026-07-01 12:37:43] [TASK_8] [INFO]   mở rộng thị trường                       1
[2026-07-01 12:37:43] [TASK_8] [INFO]   xuất khẩu tăng                           1
[2026-07-01 12:37:43] [TASK_8] [INFO]   tăng trưởng mạnh                         0
[2026-07-01 12:37:43] [TASK_8] [INFO]   vượt kế hoạch                            0
[2026-07-01 12:37:43] [TASK_8] [INFO]   lãi ròng                                 0
[2026-07-01 12:37:43] [TASK_8] [INFO]   lợi nhuận sau thuế tăng                  0
[2026-07-01 12:37:43] [TASK_8] [INFO]   kết quả tích cực                         0
[2026-07-01 12:37:43] [TASK_8] [INFO]   lãi khủng                                0
[2026-07-01 12:37:43] [TASK_8] [INFO]   lãi lớn                                  0
[2026-07-01 12:37:43] [TASK_8] [INFO]   lãi đậm                                  0
[2026-07-01 12:37:43] [TASK_8] [INFO]   báo lãi                                  0
[2026-07-01 12:37:43] [TASK_8] [INFO]   lợi nhuận kỷ lục                         0
[2026-07-01 12:37:43] [TASK_8] [INFO]   doanh thu kỷ lục                         0
[2026-07-01 12:37:43] [TASK_8] [INFO]   lãi kỷ lục                               0
[2026-07-01 12:37:43] [TASK_8] [INFO]   bứt phá                                  0
[2026-07-01 12:37:43] [TASK_8] [INFO]   tăng vọt                                 0
[2026-07-01 12:37:43] [TASK_8] [INFO]   khởi sắc                                 0
[2026-07-01 12:37:43] [TASK_8] [INFO]   phục hồi                                 0
[2026-07-01 12:37:43] [TASK_8] [INFO]   lập đỉnh                                 0
[2026-07-01 12:37:43] [TASK_8] [INFO]   hoàn thành kế hoạch                      0
[2026-07-01 12:37:43] [TASK_8] [INFO]   lợi nhuận cải thiện                      0
[2026-07-01 12:37:43] [TASK_8] [INFO]   mua lại cổ phiếu                         0
[2026-07-01 12:37:43] [TASK_8] [INFO]   phát hành thưởng                         0
[2026-07-01 12:37:43] [TASK_8] [INFO]   tăng vốn điều lệ                         0
[2026-07-01 12:37:43] [TASK_8] [INFO]   hệ số an toàn vốn                        0
[2026-07-01 12:37:43] [TASK_8] [INFO]   tiền mặt dồi dào                         0
[2026-07-01 12:37:43] [TASK_8] [INFO]   dự án mới                                0
[2026-07-01 12:37:43] [TASK_8] [INFO]   đầu tư mới                               0
[2026-07-01 12:37:43] [TASK_8] [INFO]   hợp tác chiến lược                       0
[2026-07-01 12:37:43] [TASK_8] [INFO]   thắng thầu                               0
[2026-07-01 12:37:43] [TASK_8] [INFO] 
--- NEGATIVE keywords (54) ---
[2026-07-01 12:37:43] [TASK_8] [INFO]   lợi nhuận giảm                           1
[2026-07-01 12:37:43] [TASK_8] [INFO]   doanh thu giảm                           1
[2026-07-01 12:37:43] [TASK_8] [INFO]   sụt giảm                                 1
[2026-07-01 12:37:43] [TASK_8] [INFO]   giảm mạnh                                1
[2026-07-01 12:37:43] [TASK_8] [INFO]   nợ xấu                                   1
[2026-07-01 12:37:43] [TASK_8] [INFO]   áp lực tài chính                         1
[2026-07-01 12:37:43] [TASK_8] [INFO]   dòng tiền âm                             1
[2026-07-01 12:37:43] [TASK_8] [INFO]   hủy hợp đồng                             1
[2026-07-01 12:37:43] [TASK_8] [INFO]   dự án trì hoãn                           1
[2026-07-01 12:37:43] [TASK_8] [INFO]   đóng cửa                                 1
[2026-07-01 12:37:43] [TASK_8] [INFO]   bị phạt                                  1
[2026-07-01 12:37:43] [TASK_8] [INFO]   vi phạm                                  1
[2026-07-01 12:37:43] [TASK_8] [INFO]   bị thanh tra                             1
[2026-07-01 12:37:43] [TASK_8] [INFO]   lợi nhuận âm                             0
[2026-07-01 12:37:43] [TASK_8] [INFO]   thua lỗ                                  0
[2026-07-01 12:37:43] [TASK_8] [INFO]   lỗ ròng                                  0
[2026-07-01 12:37:43] [TASK_8] [INFO]   dưới kế hoạch                            0
[2026-07-01 12:37:43] [TASK_8] [INFO]   kết quả tiêu cực                         0
[2026-07-01 12:37:43] [TASK_8] [INFO]   lợi nhuận thấp hơn                       0
[2026-07-01 12:37:43] [TASK_8] [INFO]   báo lỗ                                   0
[2026-07-01 12:37:43] [TASK_8] [INFO]   lỗ nặng                                  0
[2026-07-01 12:37:43] [TASK_8] [INFO]   lỗ lớn                                   0
[2026-07-01 12:37:43] [TASK_8] [INFO]   lỗ kỷ lục                                0
[2026-07-01 12:37:43] [TASK_8] [INFO]   lỗ lũy kế                                0
[2026-07-01 12:37:43] [TASK_8] [INFO]   lao dốc                                  0
[2026-07-01 12:37:43] [TASK_8] [INFO]   giảm sâu                                 0
[2026-07-01 12:37:43] [TASK_8] [INFO]   tụt dốc                                  0
[2026-07-01 12:37:43] [TASK_8] [INFO]   kinh doanh sa sút                        0
[2026-07-01 12:37:43] [TASK_8] [INFO]   âm vốn chủ sở hữu                        0
[2026-07-01 12:37:43] [TASK_8] [INFO]   lợi nhuận không tăng                     0
[2026-07-01 12:37:43] [TASK_8] [INFO]   doanh thu không tăng                     0
[2026-07-01 12:37:43] [TASK_8] [INFO]   không tăng trưởng                        0
[2026-07-01 12:37:43] [TASK_8] [INFO]   tăng trưởng chậm lại                     0
[2026-07-01 12:37:43] [TASK_8] [INFO]   không hoàn thành kế hoạch                0
[2026-07-01 12:37:43] [TASK_8] [INFO]   không đạt kế hoạch                       0
[2026-07-01 12:37:43] [TASK_8] [INFO]   chưa có lãi                              0
[2026-07-01 12:37:43] [TASK_8] [INFO]   không chia cổ tức                        0
[2026-07-01 12:37:43] [TASK_8] [INFO]   hủy cổ tức                               0
[2026-07-01 12:37:43] [TASK_8] [INFO]   giảm cổ tức                              0
[2026-07-01 12:37:43] [TASK_8] [INFO]   phát hành pha loãng                      0
[2026-07-01 12:37:43] [TASK_8] [INFO]   chào bán giá thấp                        0
[2026-07-01 12:37:43] [TASK_8] [INFO]   nợ vay tăng                              0
[2026-07-01 12:37:43] [TASK_8] [INFO]   nợ quá hạn                               0
[2026-07-01 12:37:43] [TASK_8] [INFO]   hệ số nợ cao                             0
[2026-07-01 12:37:43] [TASK_8] [INFO]   thiếu thanh khoản                        0
[2026-07-01 12:37:43] [TASK_8] [INFO]   thu hẹp hoạt động                        0
[2026-07-01 12:37:43] [TASK_8] [INFO]   dừng dự án                               0
[2026-07-01 12:37:43] [TASK_8] [INFO]   bị kiểm toán từ chối                     0
[2026-07-01 12:37:43] [TASK_8] [INFO]   cảnh báo                                 0
[2026-07-01 12:37:43] [TASK_8] [INFO]   đình chỉ                                 0
[2026-07-01 12:37:43] [TASK_8] [INFO]   khởi tố                                  0
[2026-07-01 12:37:43] [TASK_8] [INFO]   điều tra                                 0
[2026-07-01 12:37:43] [TASK_8] [INFO]   tranh chấp pháp lý                       0
[2026-07-01 12:37:43] [TASK_8] [INFO]   bị kiện                                  0
[2026-07-01 12:37:43] [TASK_8] [INFO] 
--- NEUTRAL keywords (9) ---
[2026-07-01 12:37:43] [TASK_8] [INFO]   đại hội cổ đông                          1
[2026-07-01 12:37:43] [TASK_8] [INFO]   thay đổi lãnh đạo                        1
[2026-07-01 12:37:43] [TASK_8] [INFO]   sáp nhập                                 1
[2026-07-01 12:37:43] [TASK_8] [INFO]   mua lại                                  1
[2026-07-01 12:37:43] [TASK_8] [INFO]   phát hành cổ phiếu mới                   1
[2026-07-01 12:37:43] [TASK_8] [INFO]   thoái vốn                                1
[2026-07-01 12:37:43] [TASK_8] [INFO]   họp HĐQT                                 0
[2026-07-01 12:37:43] [TASK_8] [INFO]   thay CEO                                 0
[2026-07-01 12:37:43] [TASK_8] [INFO]   niêm yết thêm                            0
[2026-07-01 12:37:43] [TASK_8] [INFO] 
Total keyword occurrences in corpus: 34
[2026-07-01 12:37:43] [TASK_8] [INFO] Keywords with zero occurrences: 72 / 106
[2026-07-01 12:37:43] [TASK_8] [INFO] ======================================================================
[2026-07-01 12:37:43] [TASK_8] [INFO] Keyword Builder (TASK 8) complete.
[2026-07-01 12:37:43] [TASK_8] [INFO] Starting Keyword Builder (TASK 8)...
[2026-07-01 12:37:43] [TASK_8] [INFO] Loaded 23 stopwords.
[2026-07-01 12:37:43] [TASK_8] [INFO] Extracting keyword candidates from 10 documents...
[2026-07-01 12:37:43] [TASK_8] [INFO] Saved 176 keyword candidates to C:\Users\User\AppData\Local\Temp\tmp_04y6dlj\keyword_candidates.csv (unigrams: 83, bigrams: 93).
[2026-07-01 12:37:43] [TASK_8] [INFO] Curated keyword list: 43 positive, 54 negative, 9 neutral (total: 106).
[2026-07-01 12:37:43] [TASK_8] [INFO] Saved flat keyword list to C:\Users\User\AppData\Local\Temp\tmp_04y6dlj\keywords_finance.json.
[2026-07-01 12:37:43] [TASK_8] [INFO] Saved group-level keyword breakdown to C:\Users\User\AppData\Local\Temp\tmp_04y6dlj\keywords_by_group.json.
[2026-07-01 12:37:43] [TASK_8] [INFO] ======================================================================
[2026-07-01 12:37:43] [TASK_8] [INFO] KEYWORD CORPUS FREQUENCY REPORT
[2026-07-01 12:37:43] [TASK_8] [INFO] ======================================================================
[2026-07-01 12:37:43] [TASK_8] [INFO] 
--- POSITIVE keywords (43) ---
[2026-07-01 12:37:43] [TASK_8] [INFO]   lợi nhuận tăng                           1
[2026-07-01 12:37:43] [TASK_8] [INFO]   doanh thu tăng                           1
[2026-07-01 12:37:43] [TASK_8] [INFO]   kỷ lục                                   1
[2026-07-01 12:37:43] [TASK_8] [INFO]   tăng trưởng                              1
[2026-07-01 12:37:43] [TASK_8] [INFO]   tăng mạnh                                1
[2026-07-01 12:37:43] [TASK_8] [INFO]   chia cổ tức                              1
[2026-07-01 12:37:43] [TASK_8] [INFO]   cổ tức cao                               1
[2026-07-01 12:37:43] [TASK_8] [INFO]   cổ tức tiền mặt                          1
[2026-07-01 12:37:43] [TASK_8] [INFO]   giảm nợ                                  1
[2026-07-01 12:37:43] [TASK_8] [INFO]   trả nợ                                   1
[2026-07-01 12:37:43] [TASK_8] [INFO]   cải thiện tài chính                      1
[2026-07-01 12:37:43] [TASK_8] [INFO]   dòng tiền dương                          1
[2026-07-01 12:37:43] [TASK_8] [INFO]   ký kết hợp đồng                          1
[2026-07-01 12:37:43] [TASK_8] [INFO]   mở rộng thị trường                       1
[2026-07-01 12:37:43] [TASK_8] [INFO]   xuất khẩu tăng                           1
[2026-07-01 12:37:43] [TASK_8] [INFO]   tăng trưởng mạnh                         0
[2026-07-01 12:37:43] [TASK_8] [INFO]   vượt kế hoạch                            0
[2026-07-01 12:37:43] [TASK_8] [INFO]   lãi ròng                                 0
[2026-07-01 12:37:43] [TASK_8] [INFO]   lợi nhuận sau thuế tăng                  0
[2026-07-01 12:37:43] [TASK_8] [INFO]   kết quả tích cực                         0
[2026-07-01 12:37:43] [TASK_8] [INFO]   lãi khủng                                0
[2026-07-01 12:37:43] [TASK_8] [INFO]   lãi lớn                                  0
[2026-07-01 12:37:43] [TASK_8] [INFO]   lãi đậm                                  0
[2026-07-01 12:37:43] [TASK_8] [INFO]   báo lãi                                  0
[2026-07-01 12:37:43] [TASK_8] [INFO]   lợi nhuận kỷ lục                         0
[2026-07-01 12:37:43] [TASK_8] [INFO]   doanh thu kỷ lục                         0
[2026-07-01 12:37:43] [TASK_8] [INFO]   lãi kỷ lục                               0
[2026-07-01 12:37:43] [TASK_8] [INFO]   bứt phá                                  0
[2026-07-01 12:37:43] [TASK_8] [INFO]   tăng vọt                                 0
[2026-07-01 12:37:43] [TASK_8] [INFO]   khởi sắc                                 0
[2026-07-01 12:37:43] [TASK_8] [INFO]   phục hồi                                 0
[2026-07-01 12:37:43] [TASK_8] [INFO]   lập đỉnh                                 0
[2026-07-01 12:37:43] [TASK_8] [INFO]   hoàn thành kế hoạch                      0
[2026-07-01 12:37:43] [TASK_8] [INFO]   lợi nhuận cải thiện                      0
[2026-07-01 12:37:43] [TASK_8] [INFO]   mua lại cổ phiếu                         0
[2026-07-01 12:37:43] [TASK_8] [INFO]   phát hành thưởng                         0
[2026-07-01 12:37:43] [TASK_8] [INFO]   tăng vốn điều lệ                         0
[2026-07-01 12:37:43] [TASK_8] [INFO]   hệ số an toàn vốn                        0
[2026-07-01 12:37:43] [TASK_8] [INFO]   tiền mặt dồi dào                         0
[2026-07-01 12:37:43] [TASK_8] [INFO]   dự án mới                                0
[2026-07-01 12:37:43] [TASK_8] [INFO]   đầu tư mới                               0
[2026-07-01 12:37:43] [TASK_8] [INFO]   hợp tác chiến lược                       0
[2026-07-01 12:37:43] [TASK_8] [INFO]   thắng thầu                               0
[2026-07-01 12:37:43] [TASK_8] [INFO] 
--- NEGATIVE keywords (54) ---
[2026-07-01 12:37:43] [TASK_8] [INFO]   lợi nhuận giảm                           1
[2026-07-01 12:37:43] [TASK_8] [INFO]   doanh thu giảm                           1
[2026-07-01 12:37:43] [TASK_8] [INFO]   sụt giảm                                 1
[2026-07-01 12:37:43] [TASK_8] [INFO]   giảm mạnh                                1
[2026-07-01 12:37:43] [TASK_8] [INFO]   nợ xấu                                   1
[2026-07-01 12:37:43] [TASK_8] [INFO]   áp lực tài chính                         1
[2026-07-01 12:37:43] [TASK_8] [INFO]   dòng tiền âm                             1
[2026-07-01 12:37:43] [TASK_8] [INFO]   hủy hợp đồng                             1
[2026-07-01 12:37:43] [TASK_8] [INFO]   dự án trì hoãn                           1
[2026-07-01 12:37:43] [TASK_8] [INFO]   đóng cửa                                 1
[2026-07-01 12:37:43] [TASK_8] [INFO]   bị phạt                                  1
[2026-07-01 12:37:43] [TASK_8] [INFO]   vi phạm                                  1
[2026-07-01 12:37:43] [TASK_8] [INFO]   bị thanh tra                             1
[2026-07-01 12:37:43] [TASK_8] [INFO]   lợi nhuận âm                             0
[2026-07-01 12:37:43] [TASK_8] [INFO]   thua lỗ                                  0
[2026-07-01 12:37:43] [TASK_8] [INFO]   lỗ ròng                                  0
[2026-07-01 12:37:43] [TASK_8] [INFO]   dưới kế hoạch                            0
[2026-07-01 12:37:43] [TASK_8] [INFO]   kết quả tiêu cực                         0
[2026-07-01 12:37:43] [TASK_8] [INFO]   lợi nhuận thấp hơn                       0
[2026-07-01 12:37:43] [TASK_8] [INFO]   báo lỗ                                   0
[2026-07-01 12:37:43] [TASK_8] [INFO]   lỗ nặng                                  0
[2026-07-01 12:37:43] [TASK_8] [INFO]   lỗ lớn                                   0
[2026-07-01 12:37:43] [TASK_8] [INFO]   lỗ kỷ lục                                0
[2026-07-01 12:37:43] [TASK_8] [INFO]   lỗ lũy kế                                0
[2026-07-01 12:37:43] [TASK_8] [INFO]   lao dốc                                  0
[2026-07-01 12:37:43] [TASK_8] [INFO]   giảm sâu                                 0
[2026-07-01 12:37:43] [TASK_8] [INFO]   tụt dốc                                  0
[2026-07-01 12:37:43] [TASK_8] [INFO]   kinh doanh sa sút                        0
[2026-07-01 12:37:43] [TASK_8] [INFO]   âm vốn chủ sở hữu                        0
[2026-07-01 12:37:43] [TASK_8] [INFO]   lợi nhuận không tăng                     0
[2026-07-01 12:37:43] [TASK_8] [INFO]   doanh thu không tăng                     0
[2026-07-01 12:37:43] [TASK_8] [INFO]   không tăng trưởng                        0
[2026-07-01 12:37:43] [TASK_8] [INFO]   tăng trưởng chậm lại                     0
[2026-07-01 12:37:43] [TASK_8] [INFO]   không hoàn thành kế hoạch                0
[2026-07-01 12:37:43] [TASK_8] [INFO]   không đạt kế hoạch                       0
[2026-07-01 12:37:43] [TASK_8] [INFO]   chưa có lãi                              0
[2026-07-01 12:37:43] [TASK_8] [INFO]   không chia cổ tức                        0
[2026-07-01 12:37:43] [TASK_8] [INFO]   hủy cổ tức                               0
[2026-07-01 12:37:43] [TASK_8] [INFO]   giảm cổ tức                              0
[2026-07-01 12:37:43] [TASK_8] [INFO]   phát hành pha loãng                      0
[2026-07-01 12:37:43] [TASK_8] [INFO]   chào bán giá thấp                        0
[2026-07-01 12:37:43] [TASK_8] [INFO]   nợ vay tăng                              0
[2026-07-01 12:37:43] [TASK_8] [INFO]   nợ quá hạn                               0
[2026-07-01 12:37:43] [TASK_8] [INFO]   hệ số nợ cao                             0
[2026-07-01 12:37:43] [TASK_8] [INFO]   thiếu thanh khoản                        0
[2026-07-01 12:37:43] [TASK_8] [INFO]   thu hẹp hoạt động                        0
[2026-07-01 12:37:43] [TASK_8] [INFO]   dừng dự án                               0
[2026-07-01 12:37:43] [TASK_8] [INFO]   bị kiểm toán từ chối                     0
[2026-07-01 12:37:43] [TASK_8] [INFO]   cảnh báo                                 0
[2026-07-01 12:37:43] [TASK_8] [INFO]   đình chỉ                                 0
[2026-07-01 12:37:43] [TASK_8] [INFO]   khởi tố                                  0
[2026-07-01 12:37:43] [TASK_8] [INFO]   điều tra                                 0
[2026-07-01 12:37:43] [TASK_8] [INFO]   tranh chấp pháp lý                       0
[2026-07-01 12:37:43] [TASK_8] [INFO]   bị kiện                                  0
[2026-07-01 12:37:43] [TASK_8] [INFO] 
--- NEUTRAL keywords (9) ---
[2026-07-01 12:37:43] [TASK_8] [INFO]   đại hội cổ đông                          1
[2026-07-01 12:37:43] [TASK_8] [INFO]   thay đổi lãnh đạo                        1
[2026-07-01 12:37:43] [TASK_8] [INFO]   sáp nhập                                 1
[2026-07-01 12:37:43] [TASK_8] [INFO]   mua lại                                  1
[2026-07-01 12:37:43] [TASK_8] [INFO]   phát hành cổ phiếu mới                   1
[2026-07-01 12:37:43] [TASK_8] [INFO]   thoái vốn                                1
[2026-07-01 12:37:43] [TASK_8] [INFO]   họp HĐQT                                 0
[2026-07-01 12:37:43] [TASK_8] [INFO]   thay CEO                                 0
[2026-07-01 12:37:43] [TASK_8] [INFO]   niêm yết thêm                            0
[2026-07-01 12:37:43] [TASK_8] [INFO] 
Total keyword occurrences in corpus: 34
[2026-07-01 12:37:43] [TASK_8] [INFO] Keywords with zero occurrences: 72 / 106
[2026-07-01 12:37:43] [TASK_8] [INFO] ======================================================================
[2026-07-01 12:37:43] [TASK_8] [INFO] Keyword Builder (TASK 8) complete.
[2026-07-01 12:37:43] [TASK_8] [INFO] Starting Keyword Builder (TASK 8)...
[2026-07-01 12:37:43] [TASK_8] [INFO] Loaded 23 stopwords.
[2026-07-01 12:37:43] [TASK_8] [INFO] No corpus provided — skipping candidate extraction.
[2026-07-01 12:37:43] [TASK_8] [INFO] Curated keyword list: 43 positive, 54 negative, 9 neutral (total: 106).
[2026-07-01 12:37:43] [TASK_8] [INFO] Saved flat keyword list to C:\Users\User\AppData\Local\Temp\tmp3fyoeezp\keywords_finance.json.
[2026-07-01 12:37:43] [TASK_8] [INFO] Saved group-level keyword breakdown to C:\Users\User\AppData\Local\Temp\tmp3fyoeezp\keywords_by_group.json.
[2026-07-01 12:37:43] [TASK_8] [INFO] No corpus provided — skipping frequency report.
[2026-07-01 12:37:43] [TASK_8] [INFO] Keyword Builder (TASK 8) complete.
[2026-07-01 12:38:24] [TASK_8] [INFO] ============================================================
[2026-07-01 12:38:24] [TASK_8] [INFO] START TASK_8: Keyword Building (curate financial keywords)
[2026-07-01 12:38:24] [TASK_8] [INFO] Timestamp: 2026-07-01T12:38:24.559498
[2026-07-01 12:38:24] [TASK_8] [INFO] ============================================================
[2026-07-01 12:38:24] [TASK_8] [INFO] Input: data/news/processed/all_news_processed.csv (34979 rows)
[2026-07-01 12:38:24] [TASK_8] [INFO] ------------------------------------------------------------
[2026-07-01 12:38:24] [TASK_8] [INFO] END TASK_8 — completed in 0.0 seconds
[2026-07-01 12:38:24] [TASK_8] [INFO] ============================================================
[2026-07-01 12:38:25] [TASK_8] [INFO] ============================================================
[2026-07-01 12:38:25] [TASK_8] [INFO] START TASK_8: Keyword Building (curate financial keywords)
[2026-07-01 12:38:25] [TASK_8] [INFO] Timestamp: 2026-07-01T12:38:25.265559
[2026-07-01 12:38:25] [TASK_8] [INFO] ============================================================
[2026-07-01 12:38:25] [TASK_8] [INFO] Input: data/news/processed/all_news_processed.csv (34979 rows)
[2026-07-01 12:38:25] [TASK_8] [INFO] ------------------------------------------------------------
[2026-07-01 12:38:25] [TASK_8] [INFO] END TASK_8 — completed in 0.0 seconds
[2026-07-01 12:38:25] [TASK_8] [INFO] ============================================================
[2026-07-01 12:38:43] [TASK_8] [INFO] Starting Keyword Builder (TASK 8)...
[2026-07-01 12:38:43] [TASK_8] [INFO] Loaded 23 stopwords.
[2026-07-01 12:38:43] [TASK_8] [INFO] Extracting keyword candidates from 10 documents...
[2026-07-01 12:38:43] [TASK_8] [INFO] Saved 176 keyword candidates to C:\Users\User\AppData\Local\Temp\tmp4h82c1pf\keyword_candidates.csv (unigrams: 83, bigrams: 93).
[2026-07-01 12:38:43] [TASK_8] [INFO] Curated keyword list: 43 positive, 54 negative, 9 neutral (total: 106).
[2026-07-01 12:38:43] [TASK_8] [INFO] Saved flat keyword list to C:\Users\User\AppData\Local\Temp\tmp4h82c1pf\keywords_finance.json.
[2026-07-01 12:38:43] [TASK_8] [INFO] Saved group-level keyword breakdown to C:\Users\User\AppData\Local\Temp\tmp4h82c1pf\keywords_by_group.json.
[2026-07-01 12:38:43] [TASK_8] [INFO] ======================================================================
[2026-07-01 12:38:43] [TASK_8] [INFO] KEYWORD CORPUS FREQUENCY REPORT
[2026-07-01 12:38:43] [TASK_8] [INFO] ======================================================================
[2026-07-01 12:38:43] [TASK_8] [INFO] 
--- POSITIVE keywords (43) ---
[2026-07-01 12:38:43] [TASK_8] [INFO]   lợi nhuận tăng                           1
[2026-07-01 12:38:43] [TASK_8] [INFO]   doanh thu tăng                           1
[2026-07-01 12:38:43] [TASK_8] [INFO]   kỷ lục                                   1
[2026-07-01 12:38:43] [TASK_8] [INFO]   tăng trưởng                              1
[2026-07-01 12:38:43] [TASK_8] [INFO]   tăng mạnh                                1
[2026-07-01 12:38:43] [TASK_8] [INFO]   chia cổ tức                              1
[2026-07-01 12:38:43] [TASK_8] [INFO]   cổ tức cao                               1
[2026-07-01 12:38:43] [TASK_8] [INFO]   cổ tức tiền mặt                          1
[2026-07-01 12:38:43] [TASK_8] [INFO]   giảm nợ                                  1
[2026-07-01 12:38:43] [TASK_8] [INFO]   trả nợ                                   1
[2026-07-01 12:38:43] [TASK_8] [INFO]   cải thiện tài chính                      1
[2026-07-01 12:38:43] [TASK_8] [INFO]   dòng tiền dương                          1
[2026-07-01 12:38:43] [TASK_8] [INFO]   ký kết hợp đồng                          1
[2026-07-01 12:38:43] [TASK_8] [INFO]   mở rộng thị trường                       1
[2026-07-01 12:38:43] [TASK_8] [INFO]   xuất khẩu tăng                           1
[2026-07-01 12:38:43] [TASK_8] [INFO]   tăng trưởng mạnh                         0
[2026-07-01 12:38:43] [TASK_8] [INFO]   vượt kế hoạch                            0
[2026-07-01 12:38:43] [TASK_8] [INFO]   lãi ròng                                 0
[2026-07-01 12:38:43] [TASK_8] [INFO]   lợi nhuận sau thuế tăng                  0
[2026-07-01 12:38:43] [TASK_8] [INFO]   kết quả tích cực                         0
[2026-07-01 12:38:43] [TASK_8] [INFO]   lãi khủng                                0
[2026-07-01 12:38:43] [TASK_8] [INFO]   lãi lớn                                  0
[2026-07-01 12:38:43] [TASK_8] [INFO]   lãi đậm                                  0
[2026-07-01 12:38:43] [TASK_8] [INFO]   báo lãi                                  0
[2026-07-01 12:38:43] [TASK_8] [INFO]   lợi nhuận kỷ lục                         0
[2026-07-01 12:38:43] [TASK_8] [INFO]   doanh thu kỷ lục                         0
[2026-07-01 12:38:43] [TASK_8] [INFO]   lãi kỷ lục                               0
[2026-07-01 12:38:43] [TASK_8] [INFO]   bứt phá                                  0
[2026-07-01 12:38:43] [TASK_8] [INFO]   tăng vọt                                 0
[2026-07-01 12:38:43] [TASK_8] [INFO]   khởi sắc                                 0
[2026-07-01 12:38:43] [TASK_8] [INFO]   phục hồi                                 0
[2026-07-01 12:38:43] [TASK_8] [INFO]   lập đỉnh                                 0
[2026-07-01 12:38:43] [TASK_8] [INFO]   hoàn thành kế hoạch                      0
[2026-07-01 12:38:43] [TASK_8] [INFO]   lợi nhuận cải thiện                      0
[2026-07-01 12:38:43] [TASK_8] [INFO]   mua lại cổ phiếu                         0
[2026-07-01 12:38:43] [TASK_8] [INFO]   phát hành thưởng                         0
[2026-07-01 12:38:43] [TASK_8] [INFO]   tăng vốn điều lệ                         0
[2026-07-01 12:38:43] [TASK_8] [INFO]   hệ số an toàn vốn                        0
[2026-07-01 12:38:43] [TASK_8] [INFO]   tiền mặt dồi dào                         0
[2026-07-01 12:38:43] [TASK_8] [INFO]   dự án mới                                0
[2026-07-01 12:38:43] [TASK_8] [INFO]   đầu tư mới                               0
[2026-07-01 12:38:43] [TASK_8] [INFO]   hợp tác chiến lược                       0
[2026-07-01 12:38:43] [TASK_8] [INFO]   thắng thầu                               0
[2026-07-01 12:38:43] [TASK_8] [INFO] 
--- NEGATIVE keywords (54) ---
[2026-07-01 12:38:43] [TASK_8] [INFO]   lợi nhuận giảm                           1
[2026-07-01 12:38:43] [TASK_8] [INFO]   doanh thu giảm                           1
[2026-07-01 12:38:43] [TASK_8] [INFO]   sụt giảm                                 1
[2026-07-01 12:38:43] [TASK_8] [INFO]   giảm mạnh                                1
[2026-07-01 12:38:43] [TASK_8] [INFO]   nợ xấu                                   1
[2026-07-01 12:38:43] [TASK_8] [INFO]   áp lực tài chính                         1
[2026-07-01 12:38:43] [TASK_8] [INFO]   dòng tiền âm                             1
[2026-07-01 12:38:43] [TASK_8] [INFO]   hủy hợp đồng                             1
[2026-07-01 12:38:43] [TASK_8] [INFO]   dự án trì hoãn                           1
[2026-07-01 12:38:43] [TASK_8] [INFO]   đóng cửa                                 1
[2026-07-01 12:38:43] [TASK_8] [INFO]   bị phạt                                  1
[2026-07-01 12:38:43] [TASK_8] [INFO]   vi phạm                                  1
[2026-07-01 12:38:43] [TASK_8] [INFO]   bị thanh tra                             1
[2026-07-01 12:38:43] [TASK_8] [INFO]   lợi nhuận âm                             0
[2026-07-01 12:38:43] [TASK_8] [INFO]   thua lỗ                                  0
[2026-07-01 12:38:43] [TASK_8] [INFO]   lỗ ròng                                  0
[2026-07-01 12:38:43] [TASK_8] [INFO]   dưới kế hoạch                            0
[2026-07-01 12:38:43] [TASK_8] [INFO]   kết quả tiêu cực                         0
[2026-07-01 12:38:43] [TASK_8] [INFO]   lợi nhuận thấp hơn                       0
[2026-07-01 12:38:43] [TASK_8] [INFO]   báo lỗ                                   0
[2026-07-01 12:38:43] [TASK_8] [INFO]   lỗ nặng                                  0
[2026-07-01 12:38:43] [TASK_8] [INFO]   lỗ lớn                                   0
[2026-07-01 12:38:43] [TASK_8] [INFO]   lỗ kỷ lục                                0
[2026-07-01 12:38:43] [TASK_8] [INFO]   lỗ lũy kế                                0
[2026-07-01 12:38:43] [TASK_8] [INFO]   lao dốc                                  0
[2026-07-01 12:38:43] [TASK_8] [INFO]   giảm sâu                                 0
[2026-07-01 12:38:43] [TASK_8] [INFO]   tụt dốc                                  0
[2026-07-01 12:38:43] [TASK_8] [INFO]   kinh doanh sa sút                        0
[2026-07-01 12:38:43] [TASK_8] [INFO]   âm vốn chủ sở hữu                        0
[2026-07-01 12:38:43] [TASK_8] [INFO]   lợi nhuận không tăng                     0
[2026-07-01 12:38:43] [TASK_8] [INFO]   doanh thu không tăng                     0
[2026-07-01 12:38:43] [TASK_8] [INFO]   không tăng trưởng                        0
[2026-07-01 12:38:43] [TASK_8] [INFO]   tăng trưởng chậm lại                     0
[2026-07-01 12:38:43] [TASK_8] [INFO]   không hoàn thành kế hoạch                0
[2026-07-01 12:38:43] [TASK_8] [INFO]   không đạt kế hoạch                       0
[2026-07-01 12:38:43] [TASK_8] [INFO]   chưa có lãi                              0
[2026-07-01 12:38:43] [TASK_8] [INFO]   không chia cổ tức                        0
[2026-07-01 12:38:43] [TASK_8] [INFO]   hủy cổ tức                               0
[2026-07-01 12:38:43] [TASK_8] [INFO]   giảm cổ tức                              0
[2026-07-01 12:38:43] [TASK_8] [INFO]   phát hành pha loãng                      0
[2026-07-01 12:38:43] [TASK_8] [INFO]   chào bán giá thấp                        0
[2026-07-01 12:38:43] [TASK_8] [INFO]   nợ vay tăng                              0
[2026-07-01 12:38:43] [TASK_8] [INFO]   nợ quá hạn                               0
[2026-07-01 12:38:43] [TASK_8] [INFO]   hệ số nợ cao                             0
[2026-07-01 12:38:43] [TASK_8] [INFO]   thiếu thanh khoản                        0
[2026-07-01 12:38:43] [TASK_8] [INFO]   thu hẹp hoạt động                        0
[2026-07-01 12:38:43] [TASK_8] [INFO]   dừng dự án                               0
[2026-07-01 12:38:43] [TASK_8] [INFO]   bị kiểm toán từ chối                     0
[2026-07-01 12:38:43] [TASK_8] [INFO]   cảnh báo                                 0
[2026-07-01 12:38:43] [TASK_8] [INFO]   đình chỉ                                 0
[2026-07-01 12:38:43] [TASK_8] [INFO]   khởi tố                                  0
[2026-07-01 12:38:43] [TASK_8] [INFO]   điều tra                                 0
[2026-07-01 12:38:43] [TASK_8] [INFO]   tranh chấp pháp lý                       0
[2026-07-01 12:38:43] [TASK_8] [INFO]   bị kiện                                  0
[2026-07-01 12:38:43] [TASK_8] [INFO] 
--- NEUTRAL keywords (9) ---
[2026-07-01 12:38:43] [TASK_8] [INFO]   đại hội cổ đông                          1
[2026-07-01 12:38:43] [TASK_8] [INFO]   thay đổi lãnh đạo                        1
[2026-07-01 12:38:43] [TASK_8] [INFO]   sáp nhập                                 1
[2026-07-01 12:38:43] [TASK_8] [INFO]   mua lại                                  1
[2026-07-01 12:38:43] [TASK_8] [INFO]   phát hành cổ phiếu mới                   1
[2026-07-01 12:38:43] [TASK_8] [INFO]   thoái vốn                                1
[2026-07-01 12:38:43] [TASK_8] [INFO]   họp HĐQT                                 0
[2026-07-01 12:38:43] [TASK_8] [INFO]   thay CEO                                 0
[2026-07-01 12:38:43] [TASK_8] [INFO]   niêm yết thêm                            0
[2026-07-01 12:38:43] [TASK_8] [INFO] 
Total keyword occurrences in corpus: 34
[2026-07-01 12:38:43] [TASK_8] [INFO] Keywords with zero occurrences: 72 / 106
[2026-07-01 12:38:43] [TASK_8] [INFO] ======================================================================
[2026-07-01 12:38:43] [TASK_8] [INFO] Keyword Builder (TASK 8) complete.
[2026-07-01 12:38:43] [TASK_8] [INFO] Starting Keyword Builder (TASK 8)...
[2026-07-01 12:38:43] [TASK_8] [INFO] Loaded 23 stopwords.
[2026-07-01 12:38:43] [TASK_8] [INFO] Extracting keyword candidates from 10 documents...
[2026-07-01 12:38:43] [TASK_8] [INFO] Saved 176 keyword candidates to C:\Users\User\AppData\Local\Temp\tmp8ylqn88e\keyword_candidates.csv (unigrams: 83, bigrams: 93).
[2026-07-01 12:38:43] [TASK_8] [INFO] Curated keyword list: 43 positive, 54 negative, 9 neutral (total: 106).
[2026-07-01 12:38:43] [TASK_8] [INFO] Saved flat keyword list to C:\Users\User\AppData\Local\Temp\tmp8ylqn88e\keywords_finance.json.
[2026-07-01 12:38:43] [TASK_8] [INFO] Saved group-level keyword breakdown to C:\Users\User\AppData\Local\Temp\tmp8ylqn88e\keywords_by_group.json.
[2026-07-01 12:38:43] [TASK_8] [INFO] ======================================================================
[2026-07-01 12:38:43] [TASK_8] [INFO] KEYWORD CORPUS FREQUENCY REPORT
[2026-07-01 12:38:43] [TASK_8] [INFO] ======================================================================
[2026-07-01 12:38:43] [TASK_8] [INFO] 
--- POSITIVE keywords (43) ---
[2026-07-01 12:38:43] [TASK_8] [INFO]   lợi nhuận tăng                           1
[2026-07-01 12:38:43] [TASK_8] [INFO]   doanh thu tăng                           1
[2026-07-01 12:38:43] [TASK_8] [INFO]   kỷ lục                                   1
[2026-07-01 12:38:43] [TASK_8] [INFO]   tăng trưởng                              1
[2026-07-01 12:38:43] [TASK_8] [INFO]   tăng mạnh                                1
[2026-07-01 12:38:43] [TASK_8] [INFO]   chia cổ tức                              1
[2026-07-01 12:38:43] [TASK_8] [INFO]   cổ tức cao                               1
[2026-07-01 12:38:43] [TASK_8] [INFO]   cổ tức tiền mặt                          1
[2026-07-01 12:38:43] [TASK_8] [INFO]   giảm nợ                                  1
[2026-07-01 12:38:43] [TASK_8] [INFO]   trả nợ                                   1
[2026-07-01 12:38:43] [TASK_8] [INFO]   cải thiện tài chính                      1
[2026-07-01 12:38:43] [TASK_8] [INFO]   dòng tiền dương                          1
[2026-07-01 12:38:43] [TASK_8] [INFO]   ký kết hợp đồng                          1
[2026-07-01 12:38:43] [TASK_8] [INFO]   mở rộng thị trường                       1
[2026-07-01 12:38:43] [TASK_8] [INFO]   xuất khẩu tăng                           1
[2026-07-01 12:38:43] [TASK_8] [INFO]   tăng trưởng mạnh                         0
[2026-07-01 12:38:43] [TASK_8] [INFO]   vượt kế hoạch                            0
[2026-07-01 12:38:43] [TASK_8] [INFO]   lãi ròng                                 0
[2026-07-01 12:38:43] [TASK_8] [INFO]   lợi nhuận sau thuế tăng                  0
[2026-07-01 12:38:43] [TASK_8] [INFO]   kết quả tích cực                         0
[2026-07-01 12:38:43] [TASK_8] [INFO]   lãi khủng                                0
[2026-07-01 12:38:43] [TASK_8] [INFO]   lãi lớn                                  0
[2026-07-01 12:38:43] [TASK_8] [INFO]   lãi đậm                                  0
[2026-07-01 12:38:43] [TASK_8] [INFO]   báo lãi                                  0
[2026-07-01 12:38:43] [TASK_8] [INFO]   lợi nhuận kỷ lục                         0
[2026-07-01 12:38:43] [TASK_8] [INFO]   doanh thu kỷ lục                         0
[2026-07-01 12:38:43] [TASK_8] [INFO]   lãi kỷ lục                               0
[2026-07-01 12:38:43] [TASK_8] [INFO]   bứt phá                                  0
[2026-07-01 12:38:43] [TASK_8] [INFO]   tăng vọt                                 0
[2026-07-01 12:38:43] [TASK_8] [INFO]   khởi sắc                                 0
[2026-07-01 12:38:43] [TASK_8] [INFO]   phục hồi                                 0
[2026-07-01 12:38:43] [TASK_8] [INFO]   lập đỉnh                                 0
[2026-07-01 12:38:43] [TASK_8] [INFO]   hoàn thành kế hoạch                      0
[2026-07-01 12:38:43] [TASK_8] [INFO]   lợi nhuận cải thiện                      0
[2026-07-01 12:38:43] [TASK_8] [INFO]   mua lại cổ phiếu                         0
[2026-07-01 12:38:43] [TASK_8] [INFO]   phát hành thưởng                         0
[2026-07-01 12:38:43] [TASK_8] [INFO]   tăng vốn điều lệ                         0
[2026-07-01 12:38:43] [TASK_8] [INFO]   hệ số an toàn vốn                        0
[2026-07-01 12:38:43] [TASK_8] [INFO]   tiền mặt dồi dào                         0
[2026-07-01 12:38:43] [TASK_8] [INFO]   dự án mới                                0
[2026-07-01 12:38:43] [TASK_8] [INFO]   đầu tư mới                               0
[2026-07-01 12:38:43] [TASK_8] [INFO]   hợp tác chiến lược                       0
[2026-07-01 12:38:43] [TASK_8] [INFO]   thắng thầu                               0
[2026-07-01 12:38:43] [TASK_8] [INFO] 
--- NEGATIVE keywords (54) ---
[2026-07-01 12:38:43] [TASK_8] [INFO]   lợi nhuận giảm                           1
[2026-07-01 12:38:43] [TASK_8] [INFO]   doanh thu giảm                           1
[2026-07-01 12:38:43] [TASK_8] [INFO]   sụt giảm                                 1
[2026-07-01 12:38:43] [TASK_8] [INFO]   giảm mạnh                                1
[2026-07-01 12:38:43] [TASK_8] [INFO]   nợ xấu                                   1
[2026-07-01 12:38:43] [TASK_8] [INFO]   áp lực tài chính                         1
[2026-07-01 12:38:43] [TASK_8] [INFO]   dòng tiền âm                             1
[2026-07-01 12:38:43] [TASK_8] [INFO]   hủy hợp đồng                             1
[2026-07-01 12:38:43] [TASK_8] [INFO]   dự án trì hoãn                           1
[2026-07-01 12:38:43] [TASK_8] [INFO]   đóng cửa                                 1
[2026-07-01 12:38:43] [TASK_8] [INFO]   bị phạt                                  1
[2026-07-01 12:38:43] [TASK_8] [INFO]   vi phạm                                  1
[2026-07-01 12:38:43] [TASK_8] [INFO]   bị thanh tra                             1
[2026-07-01 12:38:43] [TASK_8] [INFO]   lợi nhuận âm                             0
[2026-07-01 12:38:43] [TASK_8] [INFO]   thua lỗ                                  0
[2026-07-01 12:38:43] [TASK_8] [INFO]   lỗ ròng                                  0
[2026-07-01 12:38:43] [TASK_8] [INFO]   dưới kế hoạch                            0
[2026-07-01 12:38:43] [TASK_8] [INFO]   kết quả tiêu cực                         0
[2026-07-01 12:38:43] [TASK_8] [INFO]   lợi nhuận thấp hơn                       0
[2026-07-01 12:38:43] [TASK_8] [INFO]   báo lỗ                                   0
[2026-07-01 12:38:43] [TASK_8] [INFO]   lỗ nặng                                  0
[2026-07-01 12:38:43] [TASK_8] [INFO]   lỗ lớn                                   0
[2026-07-01 12:38:43] [TASK_8] [INFO]   lỗ kỷ lục                                0
[2026-07-01 12:38:43] [TASK_8] [INFO]   lỗ lũy kế                                0
[2026-07-01 12:38:43] [TASK_8] [INFO]   lao dốc                                  0
[2026-07-01 12:38:43] [TASK_8] [INFO]   giảm sâu                                 0
[2026-07-01 12:38:43] [TASK_8] [INFO]   tụt dốc                                  0
[2026-07-01 12:38:43] [TASK_8] [INFO]   kinh doanh sa sút                        0
[2026-07-01 12:38:43] [TASK_8] [INFO]   âm vốn chủ sở hữu                        0
[2026-07-01 12:38:43] [TASK_8] [INFO]   lợi nhuận không tăng                     0
[2026-07-01 12:38:43] [TASK_8] [INFO]   doanh thu không tăng                     0
[2026-07-01 12:38:43] [TASK_8] [INFO]   không tăng trưởng                        0
[2026-07-01 12:38:43] [TASK_8] [INFO]   tăng trưởng chậm lại                     0
[2026-07-01 12:38:43] [TASK_8] [INFO]   không hoàn thành kế hoạch                0
[2026-07-01 12:38:43] [TASK_8] [INFO]   không đạt kế hoạch                       0
[2026-07-01 12:38:43] [TASK_8] [INFO]   chưa có lãi                              0
[2026-07-01 12:38:43] [TASK_8] [INFO]   không chia cổ tức                        0
[2026-07-01 12:38:43] [TASK_8] [INFO]   hủy cổ tức                               0
[2026-07-01 12:38:43] [TASK_8] [INFO]   giảm cổ tức                              0
[2026-07-01 12:38:43] [TASK_8] [INFO]   phát hành pha loãng                      0
[2026-07-01 12:38:43] [TASK_8] [INFO]   chào bán giá thấp                        0
[2026-07-01 12:38:43] [TASK_8] [INFO]   nợ vay tăng                              0
[2026-07-01 12:38:43] [TASK_8] [INFO]   nợ quá hạn                               0
[2026-07-01 12:38:43] [TASK_8] [INFO]   hệ số nợ cao                             0
[2026-07-01 12:38:43] [TASK_8] [INFO]   thiếu thanh khoản                        0
[2026-07-01 12:38:43] [TASK_8] [INFO]   thu hẹp hoạt động                        0
[2026-07-01 12:38:43] [TASK_8] [INFO]   dừng dự án                               0
[2026-07-01 12:38:43] [TASK_8] [INFO]   bị kiểm toán từ chối                     0
[2026-07-01 12:38:43] [TASK_8] [INFO]   cảnh báo                                 0
[2026-07-01 12:38:43] [TASK_8] [INFO]   đình chỉ                                 0
[2026-07-01 12:38:43] [TASK_8] [INFO]   khởi tố                                  0
[2026-07-01 12:38:43] [TASK_8] [INFO]   điều tra                                 0
[2026-07-01 12:38:43] [TASK_8] [INFO]   tranh chấp pháp lý                       0
[2026-07-01 12:38:43] [TASK_8] [INFO]   bị kiện                                  0
[2026-07-01 12:38:43] [TASK_8] [INFO] 
--- NEUTRAL keywords (9) ---
[2026-07-01 12:38:43] [TASK_8] [INFO]   đại hội cổ đông                          1
[2026-07-01 12:38:43] [TASK_8] [INFO]   thay đổi lãnh đạo                        1
[2026-07-01 12:38:43] [TASK_8] [INFO]   sáp nhập                                 1
[2026-07-01 12:38:43] [TASK_8] [INFO]   mua lại                                  1
[2026-07-01 12:38:43] [TASK_8] [INFO]   phát hành cổ phiếu mới                   1
[2026-07-01 12:38:43] [TASK_8] [INFO]   thoái vốn                                1
[2026-07-01 12:38:43] [TASK_8] [INFO]   họp HĐQT                                 0
[2026-07-01 12:38:43] [TASK_8] [INFO]   thay CEO                                 0
[2026-07-01 12:38:43] [TASK_8] [INFO]   niêm yết thêm                            0
[2026-07-01 12:38:43] [TASK_8] [INFO] 
Total keyword occurrences in corpus: 34
[2026-07-01 12:38:43] [TASK_8] [INFO] Keywords with zero occurrences: 72 / 106
[2026-07-01 12:38:43] [TASK_8] [INFO] ======================================================================
[2026-07-01 12:38:43] [TASK_8] [INFO] Keyword Builder (TASK 8) complete.
[2026-07-01 12:38:43] [TASK_8] [INFO] Starting Keyword Builder (TASK 8)...
[2026-07-01 12:38:43] [TASK_8] [INFO] Loaded 23 stopwords.
[2026-07-01 12:38:43] [TASK_8] [INFO] No corpus provided — skipping candidate extraction.
[2026-07-01 12:38:43] [TASK_8] [INFO] Curated keyword list: 43 positive, 54 negative, 9 neutral (total: 106).
[2026-07-01 12:38:43] [TASK_8] [INFO] Saved flat keyword list to C:\Users\User\AppData\Local\Temp\tmp4e487eqi\keywords_finance.json.
[2026-07-01 12:38:43] [TASK_8] [INFO] Saved group-level keyword breakdown to C:\Users\User\AppData\Local\Temp\tmp4e487eqi\keywords_by_group.json.
[2026-07-01 12:38:43] [TASK_8] [INFO] No corpus provided — skipping frequency report.
[2026-07-01 12:38:43] [TASK_8] [INFO] Keyword Builder (TASK 8) complete.
[2026-07-01 13:03:34] [TASK_8] [INFO] ============================================================
[2026-07-01 13:03:34] [TASK_8] [INFO] START TASK_8: Keyword Building (curate financial keywords)
[2026-07-01 13:03:34] [TASK_8] [INFO] Timestamp: 2026-07-01T13:03:34.453085
[2026-07-01 13:03:34] [TASK_8] [INFO] ============================================================
[2026-07-01 13:03:34] [TASK_8] [INFO] Input: data/news/processed/all_news_processed.csv (34979 rows)
[2026-07-01 13:03:34] [TASK_8] [INFO] ------------------------------------------------------------
[2026-07-01 13:03:34] [TASK_8] [INFO] END TASK_8 — completed in 0.0 seconds
[2026-07-01 13:03:34] [TASK_8] [INFO] ============================================================
[2026-07-01 13:03:35] [TASK_8] [INFO] ============================================================
[2026-07-01 13:03:35] [TASK_8] [INFO] START TASK_8: Keyword Building (curate financial keywords)
[2026-07-01 13:03:35] [TASK_8] [INFO] Timestamp: 2026-07-01T13:03:35.400379
[2026-07-01 13:03:35] [TASK_8] [INFO] ============================================================
[2026-07-01 13:03:35] [TASK_8] [INFO] Input: data/news/processed/all_news_processed.csv (34979 rows)
[2026-07-01 13:03:35] [TASK_8] [INFO] ------------------------------------------------------------
[2026-07-01 13:03:35] [TASK_8] [INFO] END TASK_8 — completed in 0.0 seconds
[2026-07-01 13:03:35] [TASK_8] [INFO] ============================================================
[2026-07-01 13:03:53] [TASK_8] [INFO] Starting Keyword Builder (TASK 8)...
[2026-07-01 13:03:53] [TASK_8] [INFO] Loaded 23 stopwords.
[2026-07-01 13:03:53] [TASK_8] [INFO] Extracting keyword candidates from 10 documents...
[2026-07-01 13:03:53] [TASK_8] [INFO] Saved 176 keyword candidates to C:\Users\User\AppData\Local\Temp\tmpqxhuzlm2\keyword_candidates.csv (unigrams: 83, bigrams: 93).
[2026-07-01 13:03:53] [TASK_8] [INFO] Curated keyword list: 43 positive, 54 negative, 9 neutral (total: 106).
[2026-07-01 13:03:53] [TASK_8] [INFO] Saved flat keyword list to C:\Users\User\AppData\Local\Temp\tmpqxhuzlm2\keywords_finance.json.
[2026-07-01 13:03:53] [TASK_8] [INFO] Saved group-level keyword breakdown to C:\Users\User\AppData\Local\Temp\tmpqxhuzlm2\keywords_by_group.json.
[2026-07-01 13:03:53] [TASK_8] [INFO] ======================================================================
[2026-07-01 13:03:53] [TASK_8] [INFO] KEYWORD CORPUS FREQUENCY REPORT
[2026-07-01 13:03:53] [TASK_8] [INFO] ======================================================================
[2026-07-01 13:03:53] [TASK_8] [INFO] 
--- POSITIVE keywords (43) ---
[2026-07-01 13:03:53] [TASK_8] [INFO]   lợi nhuận tăng                           1
[2026-07-01 13:03:53] [TASK_8] [INFO]   doanh thu tăng                           1
[2026-07-01 13:03:53] [TASK_8] [INFO]   kỷ lục                                   1
[2026-07-01 13:03:53] [TASK_8] [INFO]   tăng trưởng                              1
[2026-07-01 13:03:53] [TASK_8] [INFO]   tăng mạnh                                1
[2026-07-01 13:03:53] [TASK_8] [INFO]   chia cổ tức                              1
[2026-07-01 13:03:53] [TASK_8] [INFO]   cổ tức cao                               1
[2026-07-01 13:03:53] [TASK_8] [INFO]   cổ tức tiền mặt                          1
[2026-07-01 13:03:53] [TASK_8] [INFO]   giảm nợ                                  1
[2026-07-01 13:03:53] [TASK_8] [INFO]   trả nợ                                   1
[2026-07-01 13:03:53] [TASK_8] [INFO]   cải thiện tài chính                      1
[2026-07-01 13:03:53] [TASK_8] [INFO]   dòng tiền dương                          1
[2026-07-01 13:03:53] [TASK_8] [INFO]   ký kết hợp đồng                          1
[2026-07-01 13:03:53] [TASK_8] [INFO]   mở rộng thị trường                       1
[2026-07-01 13:03:53] [TASK_8] [INFO]   xuất khẩu tăng                           1
[2026-07-01 13:03:53] [TASK_8] [INFO]   tăng trưởng mạnh                         0
[2026-07-01 13:03:53] [TASK_8] [INFO]   vượt kế hoạch                            0
[2026-07-01 13:03:53] [TASK_8] [INFO]   lãi ròng                                 0
[2026-07-01 13:03:53] [TASK_8] [INFO]   lợi nhuận sau thuế tăng                  0
[2026-07-01 13:03:53] [TASK_8] [INFO]   kết quả tích cực                         0
[2026-07-01 13:03:53] [TASK_8] [INFO]   lãi khủng                                0
[2026-07-01 13:03:53] [TASK_8] [INFO]   lãi lớn                                  0
[2026-07-01 13:03:53] [TASK_8] [INFO]   lãi đậm                                  0
[2026-07-01 13:03:53] [TASK_8] [INFO]   báo lãi                                  0
[2026-07-01 13:03:53] [TASK_8] [INFO]   lợi nhuận kỷ lục                         0
[2026-07-01 13:03:53] [TASK_8] [INFO]   doanh thu kỷ lục                         0
[2026-07-01 13:03:53] [TASK_8] [INFO]   lãi kỷ lục                               0
[2026-07-01 13:03:53] [TASK_8] [INFO]   bứt phá                                  0
[2026-07-01 13:03:53] [TASK_8] [INFO]   tăng vọt                                 0
[2026-07-01 13:03:53] [TASK_8] [INFO]   khởi sắc                                 0
[2026-07-01 13:03:53] [TASK_8] [INFO]   phục hồi                                 0
[2026-07-01 13:03:53] [TASK_8] [INFO]   lập đỉnh                                 0
[2026-07-01 13:03:53] [TASK_8] [INFO]   hoàn thành kế hoạch                      0
[2026-07-01 13:03:53] [TASK_8] [INFO]   lợi nhuận cải thiện                      0
[2026-07-01 13:03:53] [TASK_8] [INFO]   mua lại cổ phiếu                         0
[2026-07-01 13:03:53] [TASK_8] [INFO]   phát hành thưởng                         0
[2026-07-01 13:03:53] [TASK_8] [INFO]   tăng vốn điều lệ                         0
[2026-07-01 13:03:53] [TASK_8] [INFO]   hệ số an toàn vốn                        0
[2026-07-01 13:03:53] [TASK_8] [INFO]   tiền mặt dồi dào                         0
[2026-07-01 13:03:53] [TASK_8] [INFO]   dự án mới                                0
[2026-07-01 13:03:53] [TASK_8] [INFO]   đầu tư mới                               0
[2026-07-01 13:03:53] [TASK_8] [INFO]   hợp tác chiến lược                       0
[2026-07-01 13:03:53] [TASK_8] [INFO]   thắng thầu                               0
[2026-07-01 13:03:53] [TASK_8] [INFO] 
--- NEGATIVE keywords (54) ---
[2026-07-01 13:03:53] [TASK_8] [INFO]   lợi nhuận giảm                           1
[2026-07-01 13:03:53] [TASK_8] [INFO]   doanh thu giảm                           1
[2026-07-01 13:03:53] [TASK_8] [INFO]   sụt giảm                                 1
[2026-07-01 13:03:53] [TASK_8] [INFO]   giảm mạnh                                1
[2026-07-01 13:03:53] [TASK_8] [INFO]   nợ xấu                                   1
[2026-07-01 13:03:53] [TASK_8] [INFO]   áp lực tài chính                         1
[2026-07-01 13:03:53] [TASK_8] [INFO]   dòng tiền âm                             1
[2026-07-01 13:03:53] [TASK_8] [INFO]   hủy hợp đồng                             1
[2026-07-01 13:03:53] [TASK_8] [INFO]   dự án trì hoãn                           1
[2026-07-01 13:03:53] [TASK_8] [INFO]   đóng cửa                                 1
[2026-07-01 13:03:53] [TASK_8] [INFO]   bị phạt                                  1
[2026-07-01 13:03:53] [TASK_8] [INFO]   vi phạm                                  1
[2026-07-01 13:03:53] [TASK_8] [INFO]   bị thanh tra                             1
[2026-07-01 13:03:53] [TASK_8] [INFO]   lợi nhuận âm                             0
[2026-07-01 13:03:53] [TASK_8] [INFO]   thua lỗ                                  0
[2026-07-01 13:03:53] [TASK_8] [INFO]   lỗ ròng                                  0
[2026-07-01 13:03:53] [TASK_8] [INFO]   dưới kế hoạch                            0
[2026-07-01 13:03:53] [TASK_8] [INFO]   kết quả tiêu cực                         0
[2026-07-01 13:03:53] [TASK_8] [INFO]   lợi nhuận thấp hơn                       0
[2026-07-01 13:03:53] [TASK_8] [INFO]   báo lỗ                                   0
[2026-07-01 13:03:53] [TASK_8] [INFO]   lỗ nặng                                  0
[2026-07-01 13:03:53] [TASK_8] [INFO]   lỗ lớn                                   0
[2026-07-01 13:03:53] [TASK_8] [INFO]   lỗ kỷ lục                                0
[2026-07-01 13:03:53] [TASK_8] [INFO]   lỗ lũy kế                                0
[2026-07-01 13:03:53] [TASK_8] [INFO]   lao dốc                                  0
[2026-07-01 13:03:53] [TASK_8] [INFO]   giảm sâu                                 0
[2026-07-01 13:03:53] [TASK_8] [INFO]   tụt dốc                                  0
[2026-07-01 13:03:53] [TASK_8] [INFO]   kinh doanh sa sút                        0
[2026-07-01 13:03:53] [TASK_8] [INFO]   âm vốn chủ sở hữu                        0
[2026-07-01 13:03:53] [TASK_8] [INFO]   lợi nhuận không tăng                     0
[2026-07-01 13:03:53] [TASK_8] [INFO]   doanh thu không tăng                     0
[2026-07-01 13:03:53] [TASK_8] [INFO]   không tăng trưởng                        0
[2026-07-01 13:03:53] [TASK_8] [INFO]   tăng trưởng chậm lại                     0
[2026-07-01 13:03:53] [TASK_8] [INFO]   không hoàn thành kế hoạch                0
[2026-07-01 13:03:53] [TASK_8] [INFO]   không đạt kế hoạch                       0
[2026-07-01 13:03:53] [TASK_8] [INFO]   chưa có lãi                              0
[2026-07-01 13:03:53] [TASK_8] [INFO]   không chia cổ tức                        0
[2026-07-01 13:03:53] [TASK_8] [INFO]   hủy cổ tức                               0
[2026-07-01 13:03:53] [TASK_8] [INFO]   giảm cổ tức                              0
[2026-07-01 13:03:53] [TASK_8] [INFO]   phát hành pha loãng                      0
[2026-07-01 13:03:53] [TASK_8] [INFO]   chào bán giá thấp                        0
[2026-07-01 13:03:53] [TASK_8] [INFO]   nợ vay tăng                              0
[2026-07-01 13:03:53] [TASK_8] [INFO]   nợ quá hạn                               0
[2026-07-01 13:03:53] [TASK_8] [INFO]   hệ số nợ cao                             0
[2026-07-01 13:03:53] [TASK_8] [INFO]   thiếu thanh khoản                        0
[2026-07-01 13:03:53] [TASK_8] [INFO]   thu hẹp hoạt động                        0
[2026-07-01 13:03:53] [TASK_8] [INFO]   dừng dự án                               0
[2026-07-01 13:03:53] [TASK_8] [INFO]   bị kiểm toán từ chối                     0
[2026-07-01 13:03:53] [TASK_8] [INFO]   cảnh báo                                 0
[2026-07-01 13:03:53] [TASK_8] [INFO]   đình chỉ                                 0
[2026-07-01 13:03:53] [TASK_8] [INFO]   khởi tố                                  0
[2026-07-01 13:03:53] [TASK_8] [INFO]   điều tra                                 0
[2026-07-01 13:03:53] [TASK_8] [INFO]   tranh chấp pháp lý                       0
[2026-07-01 13:03:53] [TASK_8] [INFO]   bị kiện                                  0
[2026-07-01 13:03:53] [TASK_8] [INFO] 
--- NEUTRAL keywords (9) ---
[2026-07-01 13:03:53] [TASK_8] [INFO]   đại hội cổ đông                          1
[2026-07-01 13:03:53] [TASK_8] [INFO]   thay đổi lãnh đạo                        1
[2026-07-01 13:03:53] [TASK_8] [INFO]   sáp nhập                                 1
[2026-07-01 13:03:53] [TASK_8] [INFO]   mua lại                                  1
[2026-07-01 13:03:53] [TASK_8] [INFO]   phát hành cổ phiếu mới                   1
[2026-07-01 13:03:53] [TASK_8] [INFO]   thoái vốn                                1
[2026-07-01 13:03:53] [TASK_8] [INFO]   họp HĐQT                                 0
[2026-07-01 13:03:53] [TASK_8] [INFO]   thay CEO                                 0
[2026-07-01 13:03:53] [TASK_8] [INFO]   niêm yết thêm                            0
[2026-07-01 13:03:53] [TASK_8] [INFO] 
Total keyword occurrences in corpus: 34
[2026-07-01 13:03:53] [TASK_8] [INFO] Keywords with zero occurrences: 72 / 106
[2026-07-01 13:03:53] [TASK_8] [INFO] ======================================================================
[2026-07-01 13:03:53] [TASK_8] [INFO] Keyword Builder (TASK 8) complete.
[2026-07-01 13:03:53] [TASK_8] [INFO] Starting Keyword Builder (TASK 8)...
[2026-07-01 13:03:53] [TASK_8] [INFO] Loaded 23 stopwords.
[2026-07-01 13:03:53] [TASK_8] [INFO] Extracting keyword candidates from 10 documents...
[2026-07-01 13:03:53] [TASK_8] [INFO] Saved 176 keyword candidates to C:\Users\User\AppData\Local\Temp\tmpdvn3y6ko\keyword_candidates.csv (unigrams: 83, bigrams: 93).
[2026-07-01 13:03:53] [TASK_8] [INFO] Curated keyword list: 43 positive, 54 negative, 9 neutral (total: 106).
[2026-07-01 13:03:53] [TASK_8] [INFO] Saved flat keyword list to C:\Users\User\AppData\Local\Temp\tmpdvn3y6ko\keywords_finance.json.
[2026-07-01 13:03:53] [TASK_8] [INFO] Saved group-level keyword breakdown to C:\Users\User\AppData\Local\Temp\tmpdvn3y6ko\keywords_by_group.json.
[2026-07-01 13:03:53] [TASK_8] [INFO] ======================================================================
[2026-07-01 13:03:53] [TASK_8] [INFO] KEYWORD CORPUS FREQUENCY REPORT
[2026-07-01 13:03:53] [TASK_8] [INFO] ======================================================================
[2026-07-01 13:03:53] [TASK_8] [INFO] 
--- POSITIVE keywords (43) ---
[2026-07-01 13:03:53] [TASK_8] [INFO]   lợi nhuận tăng                           1
[2026-07-01 13:03:53] [TASK_8] [INFO]   doanh thu tăng                           1
[2026-07-01 13:03:53] [TASK_8] [INFO]   kỷ lục                                   1
[2026-07-01 13:03:53] [TASK_8] [INFO]   tăng trưởng                              1
[2026-07-01 13:03:53] [TASK_8] [INFO]   tăng mạnh                                1
[2026-07-01 13:03:53] [TASK_8] [INFO]   chia cổ tức                              1
[2026-07-01 13:03:53] [TASK_8] [INFO]   cổ tức cao                               1
[2026-07-01 13:03:53] [TASK_8] [INFO]   cổ tức tiền mặt                          1
[2026-07-01 13:03:53] [TASK_8] [INFO]   giảm nợ                                  1
[2026-07-01 13:03:53] [TASK_8] [INFO]   trả nợ                                   1
[2026-07-01 13:03:53] [TASK_8] [INFO]   cải thiện tài chính                      1
[2026-07-01 13:03:53] [TASK_8] [INFO]   dòng tiền dương                          1
[2026-07-01 13:03:53] [TASK_8] [INFO]   ký kết hợp đồng                          1
[2026-07-01 13:03:53] [TASK_8] [INFO]   mở rộng thị trường                       1
[2026-07-01 13:03:53] [TASK_8] [INFO]   xuất khẩu tăng                           1
[2026-07-01 13:03:53] [TASK_8] [INFO]   tăng trưởng mạnh                         0
[2026-07-01 13:03:53] [TASK_8] [INFO]   vượt kế hoạch                            0
[2026-07-01 13:03:53] [TASK_8] [INFO]   lãi ròng                                 0
[2026-07-01 13:03:53] [TASK_8] [INFO]   lợi nhuận sau thuế tăng                  0
[2026-07-01 13:03:53] [TASK_8] [INFO]   kết quả tích cực                         0
[2026-07-01 13:03:53] [TASK_8] [INFO]   lãi khủng                                0
[2026-07-01 13:03:53] [TASK_8] [INFO]   lãi lớn                                  0
[2026-07-01 13:03:53] [TASK_8] [INFO]   lãi đậm                                  0
[2026-07-01 13:03:53] [TASK_8] [INFO]   báo lãi                                  0
[2026-07-01 13:03:53] [TASK_8] [INFO]   lợi nhuận kỷ lục                         0
[2026-07-01 13:03:53] [TASK_8] [INFO]   doanh thu kỷ lục                         0
[2026-07-01 13:03:53] [TASK_8] [INFO]   lãi kỷ lục                               0
[2026-07-01 13:03:53] [TASK_8] [INFO]   bứt phá                                  0
[2026-07-01 13:03:53] [TASK_8] [INFO]   tăng vọt                                 0
[2026-07-01 13:03:53] [TASK_8] [INFO]   khởi sắc                                 0
[2026-07-01 13:03:53] [TASK_8] [INFO]   phục hồi                                 0
[2026-07-01 13:03:53] [TASK_8] [INFO]   lập đỉnh                                 0
[2026-07-01 13:03:53] [TASK_8] [INFO]   hoàn thành kế hoạch                      0
[2026-07-01 13:03:53] [TASK_8] [INFO]   lợi nhuận cải thiện                      0
[2026-07-01 13:03:53] [TASK_8] [INFO]   mua lại cổ phiếu                         0
[2026-07-01 13:03:53] [TASK_8] [INFO]   phát hành thưởng                         0
[2026-07-01 13:03:53] [TASK_8] [INFO]   tăng vốn điều lệ                         0
[2026-07-01 13:03:53] [TASK_8] [INFO]   hệ số an toàn vốn                        0
[2026-07-01 13:03:53] [TASK_8] [INFO]   tiền mặt dồi dào                         0
[2026-07-01 13:03:53] [TASK_8] [INFO]   dự án mới                                0
[2026-07-01 13:03:53] [TASK_8] [INFO]   đầu tư mới                               0
[2026-07-01 13:03:53] [TASK_8] [INFO]   hợp tác chiến lược                       0
[2026-07-01 13:03:53] [TASK_8] [INFO]   thắng thầu                               0
[2026-07-01 13:03:53] [TASK_8] [INFO] 
--- NEGATIVE keywords (54) ---
[2026-07-01 13:03:53] [TASK_8] [INFO]   lợi nhuận giảm                           1
[2026-07-01 13:03:53] [TASK_8] [INFO]   doanh thu giảm                           1
[2026-07-01 13:03:53] [TASK_8] [INFO]   sụt giảm                                 1
[2026-07-01 13:03:53] [TASK_8] [INFO]   giảm mạnh                                1
[2026-07-01 13:03:53] [TASK_8] [INFO]   nợ xấu                                   1
[2026-07-01 13:03:53] [TASK_8] [INFO]   áp lực tài chính                         1
[2026-07-01 13:03:53] [TASK_8] [INFO]   dòng tiền âm                             1
[2026-07-01 13:03:53] [TASK_8] [INFO]   hủy hợp đồng                             1
[2026-07-01 13:03:53] [TASK_8] [INFO]   dự án trì hoãn                           1
[2026-07-01 13:03:53] [TASK_8] [INFO]   đóng cửa                                 1
[2026-07-01 13:03:53] [TASK_8] [INFO]   bị phạt                                  1
[2026-07-01 13:03:53] [TASK_8] [INFO]   vi phạm                                  1
[2026-07-01 13:03:53] [TASK_8] [INFO]   bị thanh tra                             1
[2026-07-01 13:03:53] [TASK_8] [INFO]   lợi nhuận âm                             0
[2026-07-01 13:03:53] [TASK_8] [INFO]   thua lỗ                                  0
[2026-07-01 13:03:53] [TASK_8] [INFO]   lỗ ròng                                  0
[2026-07-01 13:03:53] [TASK_8] [INFO]   dưới kế hoạch                            0
[2026-07-01 13:03:53] [TASK_8] [INFO]   kết quả tiêu cực                         0
[2026-07-01 13:03:53] [TASK_8] [INFO]   lợi nhuận thấp hơn                       0
[2026-07-01 13:03:53] [TASK_8] [INFO]   báo lỗ                                   0
[2026-07-01 13:03:53] [TASK_8] [INFO]   lỗ nặng                                  0
[2026-07-01 13:03:53] [TASK_8] [INFO]   lỗ lớn                                   0
[2026-07-01 13:03:53] [TASK_8] [INFO]   lỗ kỷ lục                                0
[2026-07-01 13:03:53] [TASK_8] [INFO]   lỗ lũy kế                                0
[2026-07-01 13:03:53] [TASK_8] [INFO]   lao dốc                                  0
[2026-07-01 13:03:53] [TASK_8] [INFO]   giảm sâu                                 0
[2026-07-01 13:03:53] [TASK_8] [INFO]   tụt dốc                                  0
[2026-07-01 13:03:53] [TASK_8] [INFO]   kinh doanh sa sút                        0
[2026-07-01 13:03:53] [TASK_8] [INFO]   âm vốn chủ sở hữu                        0
[2026-07-01 13:03:53] [TASK_8] [INFO]   lợi nhuận không tăng                     0
[2026-07-01 13:03:53] [TASK_8] [INFO]   doanh thu không tăng                     0
[2026-07-01 13:03:53] [TASK_8] [INFO]   không tăng trưởng                        0
[2026-07-01 13:03:53] [TASK_8] [INFO]   tăng trưởng chậm lại                     0
[2026-07-01 13:03:53] [TASK_8] [INFO]   không hoàn thành kế hoạch                0
[2026-07-01 13:03:53] [TASK_8] [INFO]   không đạt kế hoạch                       0
[2026-07-01 13:03:53] [TASK_8] [INFO]   chưa có lãi                              0
[2026-07-01 13:03:53] [TASK_8] [INFO]   không chia cổ tức                        0
[2026-07-01 13:03:53] [TASK_8] [INFO]   hủy cổ tức                               0
[2026-07-01 13:03:53] [TASK_8] [INFO]   giảm cổ tức                              0
[2026-07-01 13:03:53] [TASK_8] [INFO]   phát hành pha loãng                      0
[2026-07-01 13:03:53] [TASK_8] [INFO]   chào bán giá thấp                        0
[2026-07-01 13:03:53] [TASK_8] [INFO]   nợ vay tăng                              0
[2026-07-01 13:03:53] [TASK_8] [INFO]   nợ quá hạn                               0
[2026-07-01 13:03:53] [TASK_8] [INFO]   hệ số nợ cao                             0
[2026-07-01 13:03:53] [TASK_8] [INFO]   thiếu thanh khoản                        0
[2026-07-01 13:03:53] [TASK_8] [INFO]   thu hẹp hoạt động                        0
[2026-07-01 13:03:53] [TASK_8] [INFO]   dừng dự án                               0
[2026-07-01 13:03:53] [TASK_8] [INFO]   bị kiểm toán từ chối                     0
[2026-07-01 13:03:53] [TASK_8] [INFO]   cảnh báo                                 0
[2026-07-01 13:03:53] [TASK_8] [INFO]   đình chỉ                                 0
[2026-07-01 13:03:53] [TASK_8] [INFO]   khởi tố                                  0
[2026-07-01 13:03:53] [TASK_8] [INFO]   điều tra                                 0
[2026-07-01 13:03:53] [TASK_8] [INFO]   tranh chấp pháp lý                       0
[2026-07-01 13:03:53] [TASK_8] [INFO]   bị kiện                                  0
[2026-07-01 13:03:53] [TASK_8] [INFO] 
--- NEUTRAL keywords (9) ---
[2026-07-01 13:03:53] [TASK_8] [INFO]   đại hội cổ đông                          1
[2026-07-01 13:03:53] [TASK_8] [INFO]   thay đổi lãnh đạo                        1
[2026-07-01 13:03:53] [TASK_8] [INFO]   sáp nhập                                 1
[2026-07-01 13:03:53] [TASK_8] [INFO]   mua lại                                  1
[2026-07-01 13:03:53] [TASK_8] [INFO]   phát hành cổ phiếu mới                   1
[2026-07-01 13:03:53] [TASK_8] [INFO]   thoái vốn                                1
[2026-07-01 13:03:53] [TASK_8] [INFO]   họp HĐQT                                 0
[2026-07-01 13:03:53] [TASK_8] [INFO]   thay CEO                                 0
[2026-07-01 13:03:53] [TASK_8] [INFO]   niêm yết thêm                            0
[2026-07-01 13:03:53] [TASK_8] [INFO] 
Total keyword occurrences in corpus: 34
[2026-07-01 13:03:53] [TASK_8] [INFO] Keywords with zero occurrences: 72 / 106
[2026-07-01 13:03:53] [TASK_8] [INFO] ======================================================================
[2026-07-01 13:03:53] [TASK_8] [INFO] Keyword Builder (TASK 8) complete.
[2026-07-01 13:03:53] [TASK_8] [INFO] Starting Keyword Builder (TASK 8)...
[2026-07-01 13:03:53] [TASK_8] [INFO] Loaded 23 stopwords.
[2026-07-01 13:03:53] [TASK_8] [INFO] No corpus provided — skipping candidate extraction.
[2026-07-01 13:03:53] [TASK_8] [INFO] Curated keyword list: 43 positive, 54 negative, 9 neutral (total: 106).
[2026-07-01 13:03:53] [TASK_8] [INFO] Saved flat keyword list to C:\Users\User\AppData\Local\Temp\tmpktvbmve4\keywords_finance.json.
[2026-07-01 13:03:53] [TASK_8] [INFO] Saved group-level keyword breakdown to C:\Users\User\AppData\Local\Temp\tmpktvbmve4\keywords_by_group.json.
[2026-07-01 13:03:53] [TASK_8] [INFO] No corpus provided — skipping frequency report.
[2026-07-01 13:03:53] [TASK_8] [INFO] Keyword Builder (TASK 8) complete.
[2026-07-01 13:04:36] [TASK_8] [INFO] ============================================================
[2026-07-01 13:04:36] [TASK_8] [INFO] START TASK_8: Keyword Building (curate financial keywords)
[2026-07-01 13:04:36] [TASK_8] [INFO] Timestamp: 2026-07-01T13:04:36.536592
[2026-07-01 13:04:36] [TASK_8] [INFO] ============================================================
[2026-07-01 13:04:36] [TASK_8] [INFO] Input: data/news/processed/all_news_processed.csv (34979 rows)
[2026-07-01 13:04:36] [TASK_8] [INFO] ------------------------------------------------------------
[2026-07-01 13:04:36] [TASK_8] [INFO] END TASK_8 — completed in 0.0 seconds
[2026-07-01 13:04:36] [TASK_8] [INFO] ============================================================
[2026-07-01 13:04:37] [TASK_8] [INFO] ============================================================
[2026-07-01 13:04:37] [TASK_8] [INFO] START TASK_8: Keyword Building (curate financial keywords)
[2026-07-01 13:04:37] [TASK_8] [INFO] Timestamp: 2026-07-01T13:04:37.315423
[2026-07-01 13:04:37] [TASK_8] [INFO] ============================================================
[2026-07-01 13:04:37] [TASK_8] [INFO] Input: data/news/processed/all_news_processed.csv (34979 rows)
[2026-07-01 13:04:37] [TASK_8] [INFO] ------------------------------------------------------------
[2026-07-01 13:04:37] [TASK_8] [INFO] END TASK_8 — completed in 0.0 seconds
[2026-07-01 13:04:37] [TASK_8] [INFO] ============================================================
[2026-07-01 13:04:55] [TASK_8] [INFO] Starting Keyword Builder (TASK 8)...
[2026-07-01 13:04:55] [TASK_8] [INFO] Loaded 23 stopwords.
[2026-07-01 13:04:55] [TASK_8] [INFO] Extracting keyword candidates from 10 documents...
[2026-07-01 13:04:55] [TASK_8] [INFO] Saved 176 keyword candidates to C:\Users\User\AppData\Local\Temp\tmp4vxxilsa\keyword_candidates.csv (unigrams: 83, bigrams: 93).
[2026-07-01 13:04:55] [TASK_8] [INFO] Curated keyword list: 43 positive, 54 negative, 9 neutral (total: 106).
[2026-07-01 13:04:55] [TASK_8] [INFO] Saved flat keyword list to C:\Users\User\AppData\Local\Temp\tmp4vxxilsa\keywords_finance.json.
[2026-07-01 13:04:55] [TASK_8] [INFO] Saved group-level keyword breakdown to C:\Users\User\AppData\Local\Temp\tmp4vxxilsa\keywords_by_group.json.
[2026-07-01 13:04:55] [TASK_8] [INFO] ======================================================================
[2026-07-01 13:04:55] [TASK_8] [INFO] KEYWORD CORPUS FREQUENCY REPORT
[2026-07-01 13:04:55] [TASK_8] [INFO] ======================================================================
[2026-07-01 13:04:55] [TASK_8] [INFO] 
--- POSITIVE keywords (43) ---
[2026-07-01 13:04:55] [TASK_8] [INFO]   lợi nhuận tăng                           1
[2026-07-01 13:04:55] [TASK_8] [INFO]   doanh thu tăng                           1
[2026-07-01 13:04:55] [TASK_8] [INFO]   kỷ lục                                   1
[2026-07-01 13:04:55] [TASK_8] [INFO]   tăng trưởng                              1
[2026-07-01 13:04:55] [TASK_8] [INFO]   tăng mạnh                                1
[2026-07-01 13:04:55] [TASK_8] [INFO]   chia cổ tức                              1
[2026-07-01 13:04:55] [TASK_8] [INFO]   cổ tức cao                               1
[2026-07-01 13:04:55] [TASK_8] [INFO]   cổ tức tiền mặt                          1
[2026-07-01 13:04:55] [TASK_8] [INFO]   giảm nợ                                  1
[2026-07-01 13:04:55] [TASK_8] [INFO]   trả nợ                                   1
[2026-07-01 13:04:55] [TASK_8] [INFO]   cải thiện tài chính                      1
[2026-07-01 13:04:55] [TASK_8] [INFO]   dòng tiền dương                          1
[2026-07-01 13:04:55] [TASK_8] [INFO]   ký kết hợp đồng                          1
[2026-07-01 13:04:55] [TASK_8] [INFO]   mở rộng thị trường                       1
[2026-07-01 13:04:55] [TASK_8] [INFO]   xuất khẩu tăng                           1
[2026-07-01 13:04:55] [TASK_8] [INFO]   tăng trưởng mạnh                         0
[2026-07-01 13:04:55] [TASK_8] [INFO]   vượt kế hoạch                            0
[2026-07-01 13:04:55] [TASK_8] [INFO]   lãi ròng                                 0
[2026-07-01 13:04:55] [TASK_8] [INFO]   lợi nhuận sau thuế tăng                  0
[2026-07-01 13:04:55] [TASK_8] [INFO]   kết quả tích cực                         0
[2026-07-01 13:04:55] [TASK_8] [INFO]   lãi khủng                                0
[2026-07-01 13:04:55] [TASK_8] [INFO]   lãi lớn                                  0
[2026-07-01 13:04:55] [TASK_8] [INFO]   lãi đậm                                  0
[2026-07-01 13:04:55] [TASK_8] [INFO]   báo lãi                                  0
[2026-07-01 13:04:55] [TASK_8] [INFO]   lợi nhuận kỷ lục                         0
[2026-07-01 13:04:55] [TASK_8] [INFO]   doanh thu kỷ lục                         0
[2026-07-01 13:04:55] [TASK_8] [INFO]   lãi kỷ lục                               0
[2026-07-01 13:04:55] [TASK_8] [INFO]   bứt phá                                  0
[2026-07-01 13:04:55] [TASK_8] [INFO]   tăng vọt                                 0
[2026-07-01 13:04:55] [TASK_8] [INFO]   khởi sắc                                 0
[2026-07-01 13:04:55] [TASK_8] [INFO]   phục hồi                                 0
[2026-07-01 13:04:55] [TASK_8] [INFO]   lập đỉnh                                 0
[2026-07-01 13:04:55] [TASK_8] [INFO]   hoàn thành kế hoạch                      0
[2026-07-01 13:04:55] [TASK_8] [INFO]   lợi nhuận cải thiện                      0
[2026-07-01 13:04:55] [TASK_8] [INFO]   mua lại cổ phiếu                         0
[2026-07-01 13:04:55] [TASK_8] [INFO]   phát hành thưởng                         0
[2026-07-01 13:04:55] [TASK_8] [INFO]   tăng vốn điều lệ                         0
[2026-07-01 13:04:55] [TASK_8] [INFO]   hệ số an toàn vốn                        0
[2026-07-01 13:04:55] [TASK_8] [INFO]   tiền mặt dồi dào                         0
[2026-07-01 13:04:55] [TASK_8] [INFO]   dự án mới                                0
[2026-07-01 13:04:55] [TASK_8] [INFO]   đầu tư mới                               0
[2026-07-01 13:04:55] [TASK_8] [INFO]   hợp tác chiến lược                       0
[2026-07-01 13:04:55] [TASK_8] [INFO]   thắng thầu                               0
[2026-07-01 13:04:55] [TASK_8] [INFO] 
--- NEGATIVE keywords (54) ---
[2026-07-01 13:04:55] [TASK_8] [INFO]   lợi nhuận giảm                           1
[2026-07-01 13:04:55] [TASK_8] [INFO]   doanh thu giảm                           1
[2026-07-01 13:04:55] [TASK_8] [INFO]   sụt giảm                                 1
[2026-07-01 13:04:55] [TASK_8] [INFO]   giảm mạnh                                1
[2026-07-01 13:04:55] [TASK_8] [INFO]   nợ xấu                                   1
[2026-07-01 13:04:55] [TASK_8] [INFO]   áp lực tài chính                         1
[2026-07-01 13:04:55] [TASK_8] [INFO]   dòng tiền âm                             1
[2026-07-01 13:04:55] [TASK_8] [INFO]   hủy hợp đồng                             1
[2026-07-01 13:04:55] [TASK_8] [INFO]   dự án trì hoãn                           1
[2026-07-01 13:04:55] [TASK_8] [INFO]   đóng cửa                                 1
[2026-07-01 13:04:55] [TASK_8] [INFO]   bị phạt                                  1
[2026-07-01 13:04:55] [TASK_8] [INFO]   vi phạm                                  1
[2026-07-01 13:04:55] [TASK_8] [INFO]   bị thanh tra                             1
[2026-07-01 13:04:55] [TASK_8] [INFO]   lợi nhuận âm                             0
[2026-07-01 13:04:55] [TASK_8] [INFO]   thua lỗ                                  0
[2026-07-01 13:04:55] [TASK_8] [INFO]   lỗ ròng                                  0
[2026-07-01 13:04:55] [TASK_8] [INFO]   dưới kế hoạch                            0
[2026-07-01 13:04:55] [TASK_8] [INFO]   kết quả tiêu cực                         0
[2026-07-01 13:04:55] [TASK_8] [INFO]   lợi nhuận thấp hơn                       0
[2026-07-01 13:04:55] [TASK_8] [INFO]   báo lỗ                                   0
[2026-07-01 13:04:55] [TASK_8] [INFO]   lỗ nặng                                  0
[2026-07-01 13:04:55] [TASK_8] [INFO]   lỗ lớn                                   0
[2026-07-01 13:04:55] [TASK_8] [INFO]   lỗ kỷ lục                                0
[2026-07-01 13:04:55] [TASK_8] [INFO]   lỗ lũy kế                                0
[2026-07-01 13:04:55] [TASK_8] [INFO]   lao dốc                                  0
[2026-07-01 13:04:55] [TASK_8] [INFO]   giảm sâu                                 0
[2026-07-01 13:04:55] [TASK_8] [INFO]   tụt dốc                                  0
[2026-07-01 13:04:55] [TASK_8] [INFO]   kinh doanh sa sút                        0
[2026-07-01 13:04:55] [TASK_8] [INFO]   âm vốn chủ sở hữu                        0
[2026-07-01 13:04:55] [TASK_8] [INFO]   lợi nhuận không tăng                     0
[2026-07-01 13:04:55] [TASK_8] [INFO]   doanh thu không tăng                     0
[2026-07-01 13:04:55] [TASK_8] [INFO]   không tăng trưởng                        0
[2026-07-01 13:04:55] [TASK_8] [INFO]   tăng trưởng chậm lại                     0
[2026-07-01 13:04:55] [TASK_8] [INFO]   không hoàn thành kế hoạch                0
[2026-07-01 13:04:55] [TASK_8] [INFO]   không đạt kế hoạch                       0
[2026-07-01 13:04:55] [TASK_8] [INFO]   chưa có lãi                              0
[2026-07-01 13:04:55] [TASK_8] [INFO]   không chia cổ tức                        0
[2026-07-01 13:04:55] [TASK_8] [INFO]   hủy cổ tức                               0
[2026-07-01 13:04:55] [TASK_8] [INFO]   giảm cổ tức                              0
[2026-07-01 13:04:55] [TASK_8] [INFO]   phát hành pha loãng                      0
[2026-07-01 13:04:55] [TASK_8] [INFO]   chào bán giá thấp                        0
[2026-07-01 13:04:55] [TASK_8] [INFO]   nợ vay tăng                              0
[2026-07-01 13:04:55] [TASK_8] [INFO]   nợ quá hạn                               0
[2026-07-01 13:04:55] [TASK_8] [INFO]   hệ số nợ cao                             0
[2026-07-01 13:04:55] [TASK_8] [INFO]   thiếu thanh khoản                        0
[2026-07-01 13:04:55] [TASK_8] [INFO]   thu hẹp hoạt động                        0
[2026-07-01 13:04:55] [TASK_8] [INFO]   dừng dự án                               0
[2026-07-01 13:04:55] [TASK_8] [INFO]   bị kiểm toán từ chối                     0
[2026-07-01 13:04:55] [TASK_8] [INFO]   cảnh báo                                 0
[2026-07-01 13:04:55] [TASK_8] [INFO]   đình chỉ                                 0
[2026-07-01 13:04:55] [TASK_8] [INFO]   khởi tố                                  0
[2026-07-01 13:04:55] [TASK_8] [INFO]   điều tra                                 0
[2026-07-01 13:04:55] [TASK_8] [INFO]   tranh chấp pháp lý                       0
[2026-07-01 13:04:55] [TASK_8] [INFO]   bị kiện                                  0
[2026-07-01 13:04:55] [TASK_8] [INFO] 
--- NEUTRAL keywords (9) ---
[2026-07-01 13:04:55] [TASK_8] [INFO]   đại hội cổ đông                          1
[2026-07-01 13:04:55] [TASK_8] [INFO]   thay đổi lãnh đạo                        1
[2026-07-01 13:04:55] [TASK_8] [INFO]   sáp nhập                                 1
[2026-07-01 13:04:55] [TASK_8] [INFO]   mua lại                                  1
[2026-07-01 13:04:55] [TASK_8] [INFO]   phát hành cổ phiếu mới                   1
[2026-07-01 13:04:55] [TASK_8] [INFO]   thoái vốn                                1
[2026-07-01 13:04:55] [TASK_8] [INFO]   họp HĐQT                                 0
[2026-07-01 13:04:55] [TASK_8] [INFO]   thay CEO                                 0
[2026-07-01 13:04:55] [TASK_8] [INFO]   niêm yết thêm                            0
[2026-07-01 13:04:55] [TASK_8] [INFO] 
Total keyword occurrences in corpus: 34
[2026-07-01 13:04:55] [TASK_8] [INFO] Keywords with zero occurrences: 72 / 106
[2026-07-01 13:04:55] [TASK_8] [INFO] ======================================================================
[2026-07-01 13:04:55] [TASK_8] [INFO] Keyword Builder (TASK 8) complete.
[2026-07-01 13:04:55] [TASK_8] [INFO] Starting Keyword Builder (TASK 8)...
[2026-07-01 13:04:55] [TASK_8] [INFO] Loaded 23 stopwords.
[2026-07-01 13:04:55] [TASK_8] [INFO] Extracting keyword candidates from 10 documents...
[2026-07-01 13:04:55] [TASK_8] [INFO] Saved 176 keyword candidates to C:\Users\User\AppData\Local\Temp\tmpe3mdbtd2\keyword_candidates.csv (unigrams: 83, bigrams: 93).
[2026-07-01 13:04:55] [TASK_8] [INFO] Curated keyword list: 43 positive, 54 negative, 9 neutral (total: 106).
[2026-07-01 13:04:55] [TASK_8] [INFO] Saved flat keyword list to C:\Users\User\AppData\Local\Temp\tmpe3mdbtd2\keywords_finance.json.
[2026-07-01 13:04:55] [TASK_8] [INFO] Saved group-level keyword breakdown to C:\Users\User\AppData\Local\Temp\tmpe3mdbtd2\keywords_by_group.json.
[2026-07-01 13:04:55] [TASK_8] [INFO] ======================================================================
[2026-07-01 13:04:55] [TASK_8] [INFO] KEYWORD CORPUS FREQUENCY REPORT
[2026-07-01 13:04:55] [TASK_8] [INFO] ======================================================================
[2026-07-01 13:04:55] [TASK_8] [INFO] 
--- POSITIVE keywords (43) ---
[2026-07-01 13:04:55] [TASK_8] [INFO]   lợi nhuận tăng                           1
[2026-07-01 13:04:55] [TASK_8] [INFO]   doanh thu tăng                           1
[2026-07-01 13:04:55] [TASK_8] [INFO]   kỷ lục                                   1
[2026-07-01 13:04:55] [TASK_8] [INFO]   tăng trưởng                              1
[2026-07-01 13:04:55] [TASK_8] [INFO]   tăng mạnh                                1
[2026-07-01 13:04:55] [TASK_8] [INFO]   chia cổ tức                              1
[2026-07-01 13:04:55] [TASK_8] [INFO]   cổ tức cao                               1
[2026-07-01 13:04:55] [TASK_8] [INFO]   cổ tức tiền mặt                          1
[2026-07-01 13:04:55] [TASK_8] [INFO]   giảm nợ                                  1
[2026-07-01 13:04:55] [TASK_8] [INFO]   trả nợ                                   1
[2026-07-01 13:04:55] [TASK_8] [INFO]   cải thiện tài chính                      1
[2026-07-01 13:04:55] [TASK_8] [INFO]   dòng tiền dương                          1
[2026-07-01 13:04:55] [TASK_8] [INFO]   ký kết hợp đồng                          1
[2026-07-01 13:04:55] [TASK_8] [INFO]   mở rộng thị trường                       1
[2026-07-01 13:04:55] [TASK_8] [INFO]   xuất khẩu tăng                           1
[2026-07-01 13:04:55] [TASK_8] [INFO]   tăng trưởng mạnh                         0
[2026-07-01 13:04:55] [TASK_8] [INFO]   vượt kế hoạch                            0
[2026-07-01 13:04:55] [TASK_8] [INFO]   lãi ròng                                 0
[2026-07-01 13:04:55] [TASK_8] [INFO]   lợi nhuận sau thuế tăng                  0
[2026-07-01 13:04:55] [TASK_8] [INFO]   kết quả tích cực                         0
[2026-07-01 13:04:55] [TASK_8] [INFO]   lãi khủng                                0
[2026-07-01 13:04:55] [TASK_8] [INFO]   lãi lớn                                  0
[2026-07-01 13:04:55] [TASK_8] [INFO]   lãi đậm                                  0
[2026-07-01 13:04:55] [TASK_8] [INFO]   báo lãi                                  0
[2026-07-01 13:04:55] [TASK_8] [INFO]   lợi nhuận kỷ lục                         0
[2026-07-01 13:04:55] [TASK_8] [INFO]   doanh thu kỷ lục                         0
[2026-07-01 13:04:55] [TASK_8] [INFO]   lãi kỷ lục                               0
[2026-07-01 13:04:55] [TASK_8] [INFO]   bứt phá                                  0
[2026-07-01 13:04:55] [TASK_8] [INFO]   tăng vọt                                 0
[2026-07-01 13:04:55] [TASK_8] [INFO]   khởi sắc                                 0
[2026-07-01 13:04:55] [TASK_8] [INFO]   phục hồi                                 0
[2026-07-01 13:04:55] [TASK_8] [INFO]   lập đỉnh                                 0
[2026-07-01 13:04:55] [TASK_8] [INFO]   hoàn thành kế hoạch                      0
[2026-07-01 13:04:55] [TASK_8] [INFO]   lợi nhuận cải thiện                      0
[2026-07-01 13:04:55] [TASK_8] [INFO]   mua lại cổ phiếu                         0
[2026-07-01 13:04:55] [TASK_8] [INFO]   phát hành thưởng                         0
[2026-07-01 13:04:55] [TASK_8] [INFO]   tăng vốn điều lệ                         0
[2026-07-01 13:04:55] [TASK_8] [INFO]   hệ số an toàn vốn                        0
[2026-07-01 13:04:55] [TASK_8] [INFO]   tiền mặt dồi dào                         0
[2026-07-01 13:04:55] [TASK_8] [INFO]   dự án mới                                0
[2026-07-01 13:04:55] [TASK_8] [INFO]   đầu tư mới                               0
[2026-07-01 13:04:55] [TASK_8] [INFO]   hợp tác chiến lược                       0
[2026-07-01 13:04:55] [TASK_8] [INFO]   thắng thầu                               0
[2026-07-01 13:04:55] [TASK_8] [INFO] 
--- NEGATIVE keywords (54) ---
[2026-07-01 13:04:55] [TASK_8] [INFO]   lợi nhuận giảm                           1
[2026-07-01 13:04:55] [TASK_8] [INFO]   doanh thu giảm                           1
[2026-07-01 13:04:55] [TASK_8] [INFO]   sụt giảm                                 1
[2026-07-01 13:04:55] [TASK_8] [INFO]   giảm mạnh                                1
[2026-07-01 13:04:55] [TASK_8] [INFO]   nợ xấu                                   1
[2026-07-01 13:04:55] [TASK_8] [INFO]   áp lực tài chính                         1
[2026-07-01 13:04:55] [TASK_8] [INFO]   dòng tiền âm                             1
[2026-07-01 13:04:55] [TASK_8] [INFO]   hủy hợp đồng                             1
[2026-07-01 13:04:55] [TASK_8] [INFO]   dự án trì hoãn                           1
[2026-07-01 13:04:55] [TASK_8] [INFO]   đóng cửa                                 1
[2026-07-01 13:04:55] [TASK_8] [INFO]   bị phạt                                  1
[2026-07-01 13:04:55] [TASK_8] [INFO]   vi phạm                                  1
[2026-07-01 13:04:55] [TASK_8] [INFO]   bị thanh tra                             1
[2026-07-01 13:04:55] [TASK_8] [INFO]   lợi nhuận âm                             0
[2026-07-01 13:04:55] [TASK_8] [INFO]   thua lỗ                                  0
[2026-07-01 13:04:55] [TASK_8] [INFO]   lỗ ròng                                  0
[2026-07-01 13:04:55] [TASK_8] [INFO]   dưới kế hoạch                            0
[2026-07-01 13:04:55] [TASK_8] [INFO]   kết quả tiêu cực                         0
[2026-07-01 13:04:55] [TASK_8] [INFO]   lợi nhuận thấp hơn                       0
[2026-07-01 13:04:55] [TASK_8] [INFO]   báo lỗ                                   0
[2026-07-01 13:04:55] [TASK_8] [INFO]   lỗ nặng                                  0
[2026-07-01 13:04:55] [TASK_8] [INFO]   lỗ lớn                                   0
[2026-07-01 13:04:55] [TASK_8] [INFO]   lỗ kỷ lục                                0
[2026-07-01 13:04:55] [TASK_8] [INFO]   lỗ lũy kế                                0
[2026-07-01 13:04:55] [TASK_8] [INFO]   lao dốc                                  0
[2026-07-01 13:04:55] [TASK_8] [INFO]   giảm sâu                                 0
[2026-07-01 13:04:55] [TASK_8] [INFO]   tụt dốc                                  0
[2026-07-01 13:04:55] [TASK_8] [INFO]   kinh doanh sa sút                        0
[2026-07-01 13:04:55] [TASK_8] [INFO]   âm vốn chủ sở hữu                        0
[2026-07-01 13:04:55] [TASK_8] [INFO]   lợi nhuận không tăng                     0
[2026-07-01 13:04:55] [TASK_8] [INFO]   doanh thu không tăng                     0
[2026-07-01 13:04:55] [TASK_8] [INFO]   không tăng trưởng                        0
[2026-07-01 13:04:55] [TASK_8] [INFO]   tăng trưởng chậm lại                     0
[2026-07-01 13:04:55] [TASK_8] [INFO]   không hoàn thành kế hoạch                0
[2026-07-01 13:04:55] [TASK_8] [INFO]   không đạt kế hoạch                       0
[2026-07-01 13:04:55] [TASK_8] [INFO]   chưa có lãi                              0
[2026-07-01 13:04:55] [TASK_8] [INFO]   không chia cổ tức                        0
[2026-07-01 13:04:55] [TASK_8] [INFO]   hủy cổ tức                               0
[2026-07-01 13:04:55] [TASK_8] [INFO]   giảm cổ tức                              0
[2026-07-01 13:04:55] [TASK_8] [INFO]   phát hành pha loãng                      0
[2026-07-01 13:04:55] [TASK_8] [INFO]   chào bán giá thấp                        0
[2026-07-01 13:04:55] [TASK_8] [INFO]   nợ vay tăng                              0
[2026-07-01 13:04:55] [TASK_8] [INFO]   nợ quá hạn                               0
[2026-07-01 13:04:55] [TASK_8] [INFO]   hệ số nợ cao                             0
[2026-07-01 13:04:55] [TASK_8] [INFO]   thiếu thanh khoản                        0
[2026-07-01 13:04:55] [TASK_8] [INFO]   thu hẹp hoạt động                        0
[2026-07-01 13:04:55] [TASK_8] [INFO]   dừng dự án                               0
[2026-07-01 13:04:55] [TASK_8] [INFO]   bị kiểm toán từ chối                     0
[2026-07-01 13:04:55] [TASK_8] [INFO]   cảnh báo                                 0
[2026-07-01 13:04:55] [TASK_8] [INFO]   đình chỉ                                 0
[2026-07-01 13:04:55] [TASK_8] [INFO]   khởi tố                                  0
[2026-07-01 13:04:55] [TASK_8] [INFO]   điều tra                                 0
[2026-07-01 13:04:55] [TASK_8] [INFO]   tranh chấp pháp lý                       0
[2026-07-01 13:04:55] [TASK_8] [INFO]   bị kiện                                  0
[2026-07-01 13:04:55] [TASK_8] [INFO] 
--- NEUTRAL keywords (9) ---
[2026-07-01 13:04:55] [TASK_8] [INFO]   đại hội cổ đông                          1
[2026-07-01 13:04:55] [TASK_8] [INFO]   thay đổi lãnh đạo                        1
[2026-07-01 13:04:55] [TASK_8] [INFO]   sáp nhập                                 1
[2026-07-01 13:04:55] [TASK_8] [INFO]   mua lại                                  1
[2026-07-01 13:04:55] [TASK_8] [INFO]   phát hành cổ phiếu mới                   1
[2026-07-01 13:04:55] [TASK_8] [INFO]   thoái vốn                                1
[2026-07-01 13:04:55] [TASK_8] [INFO]   họp HĐQT                                 0
[2026-07-01 13:04:55] [TASK_8] [INFO]   thay CEO                                 0
[2026-07-01 13:04:55] [TASK_8] [INFO]   niêm yết thêm                            0
[2026-07-01 13:04:55] [TASK_8] [INFO] 
Total keyword occurrences in corpus: 34
[2026-07-01 13:04:55] [TASK_8] [INFO] Keywords with zero occurrences: 72 / 106
[2026-07-01 13:04:55] [TASK_8] [INFO] ======================================================================
[2026-07-01 13:04:55] [TASK_8] [INFO] Keyword Builder (TASK 8) complete.
[2026-07-01 13:04:55] [TASK_8] [INFO] Starting Keyword Builder (TASK 8)...
[2026-07-01 13:04:55] [TASK_8] [INFO] Loaded 23 stopwords.
[2026-07-01 13:04:55] [TASK_8] [INFO] No corpus provided — skipping candidate extraction.
[2026-07-01 13:04:55] [TASK_8] [INFO] Curated keyword list: 43 positive, 54 negative, 9 neutral (total: 106).
[2026-07-01 13:04:55] [TASK_8] [INFO] Saved flat keyword list to C:\Users\User\AppData\Local\Temp\tmpq8f2t3x3\keywords_finance.json.
[2026-07-01 13:04:55] [TASK_8] [INFO] Saved group-level keyword breakdown to C:\Users\User\AppData\Local\Temp\tmpq8f2t3x3\keywords_by_group.json.
[2026-07-01 13:04:55] [TASK_8] [INFO] No corpus provided — skipping frequency report.
[2026-07-01 13:04:55] [TASK_8] [INFO] Keyword Builder (TASK 8) complete.
[2026-07-01 13:27:02] [TASK_8] [INFO] ============================================================
[2026-07-01 13:27:02] [TASK_8] [INFO] START TASK_8: Keyword Building (curate financial keywords)
[2026-07-01 13:27:02] [TASK_8] [INFO] Timestamp: 2026-07-01T13:27:02.374601
[2026-07-01 13:27:02] [TASK_8] [INFO] ============================================================
[2026-07-01 13:27:02] [TASK_8] [INFO] Input: data/news/processed/all_news_processed.csv (34979 rows)
[2026-07-01 13:27:02] [TASK_8] [INFO] ------------------------------------------------------------
[2026-07-01 13:27:02] [TASK_8] [INFO] END TASK_8 — completed in 0.0 seconds
[2026-07-01 13:27:02] [TASK_8] [INFO] ============================================================
[2026-07-01 13:27:03] [TASK_8] [INFO] ============================================================
[2026-07-01 13:27:03] [TASK_8] [INFO] START TASK_8: Keyword Building (curate financial keywords)
[2026-07-01 13:27:03] [TASK_8] [INFO] Timestamp: 2026-07-01T13:27:03.829831
[2026-07-01 13:27:03] [TASK_8] [INFO] ============================================================
[2026-07-01 13:27:04] [TASK_8] [INFO] Input: data/news/processed/all_news_processed.csv (34979 rows)
[2026-07-01 13:27:04] [TASK_8] [INFO] ------------------------------------------------------------
[2026-07-01 13:27:04] [TASK_8] [INFO] END TASK_8 — completed in 0.0 seconds
[2026-07-01 13:27:04] [TASK_8] [INFO] ============================================================
[2026-07-01 13:27:32] [TASK_8] [INFO] Starting Keyword Builder (TASK 8)...
[2026-07-01 13:27:32] [TASK_8] [INFO] Loaded 23 stopwords.
[2026-07-01 13:27:32] [TASK_8] [INFO] Extracting keyword candidates from 10 documents...
[2026-07-01 13:27:33] [TASK_8] [INFO] Saved 176 keyword candidates to C:\Users\User\AppData\Local\Temp\tmpbnrzkfoo\keyword_candidates.csv (unigrams: 83, bigrams: 93).
[2026-07-01 13:27:33] [TASK_8] [INFO] Curated keyword list: 43 positive, 54 negative, 9 neutral (total: 106).
[2026-07-01 13:27:33] [TASK_8] [INFO] Saved flat keyword list to C:\Users\User\AppData\Local\Temp\tmpbnrzkfoo\keywords_finance.json.
[2026-07-01 13:27:33] [TASK_8] [INFO] Saved group-level keyword breakdown to C:\Users\User\AppData\Local\Temp\tmpbnrzkfoo\keywords_by_group.json.
[2026-07-01 13:27:33] [TASK_8] [INFO] ======================================================================
[2026-07-01 13:27:33] [TASK_8] [INFO] KEYWORD CORPUS FREQUENCY REPORT
[2026-07-01 13:27:33] [TASK_8] [INFO] ======================================================================
[2026-07-01 13:27:33] [TASK_8] [INFO] 
--- POSITIVE keywords (43) ---
[2026-07-01 13:27:33] [TASK_8] [INFO]   lợi nhuận tăng                           1
[2026-07-01 13:27:33] [TASK_8] [INFO]   doanh thu tăng                           1
[2026-07-01 13:27:33] [TASK_8] [INFO]   kỷ lục                                   1
[2026-07-01 13:27:33] [TASK_8] [INFO]   tăng trưởng                              1
[2026-07-01 13:27:33] [TASK_8] [INFO]   tăng mạnh                                1
[2026-07-01 13:27:33] [TASK_8] [INFO]   chia cổ tức                              1
[2026-07-01 13:27:33] [TASK_8] [INFO]   cổ tức cao                               1
[2026-07-01 13:27:33] [TASK_8] [INFO]   cổ tức tiền mặt                          1
[2026-07-01 13:27:33] [TASK_8] [INFO]   giảm nợ                                  1
[2026-07-01 13:27:33] [TASK_8] [INFO]   trả nợ                                   1
[2026-07-01 13:27:33] [TASK_8] [INFO]   cải thiện tài chính                      1
[2026-07-01 13:27:33] [TASK_8] [INFO]   dòng tiền dương                          1
[2026-07-01 13:27:33] [TASK_8] [INFO]   ký kết hợp đồng                          1
[2026-07-01 13:27:33] [TASK_8] [INFO]   mở rộng thị trường                       1
[2026-07-01 13:27:33] [TASK_8] [INFO]   xuất khẩu tăng                           1
[2026-07-01 13:27:33] [TASK_8] [INFO]   tăng trưởng mạnh                         0
[2026-07-01 13:27:33] [TASK_8] [INFO]   vượt kế hoạch                            0
[2026-07-01 13:27:33] [TASK_8] [INFO]   lãi ròng                                 0
[2026-07-01 13:27:33] [TASK_8] [INFO]   lợi nhuận sau thuế tăng                  0
[2026-07-01 13:27:33] [TASK_8] [INFO]   kết quả tích cực                         0
[2026-07-01 13:27:33] [TASK_8] [INFO]   lãi khủng                                0
[2026-07-01 13:27:33] [TASK_8] [INFO]   lãi lớn                                  0
[2026-07-01 13:27:33] [TASK_8] [INFO]   lãi đậm                                  0
[2026-07-01 13:27:33] [TASK_8] [INFO]   báo lãi                                  0
[2026-07-01 13:27:33] [TASK_8] [INFO]   lợi nhuận kỷ lục                         0
[2026-07-01 13:27:33] [TASK_8] [INFO]   doanh thu kỷ lục                         0
[2026-07-01 13:27:33] [TASK_8] [INFO]   lãi kỷ lục                               0
[2026-07-01 13:27:33] [TASK_8] [INFO]   bứt phá                                  0
[2026-07-01 13:27:33] [TASK_8] [INFO]   tăng vọt                                 0
[2026-07-01 13:27:33] [TASK_8] [INFO]   khởi sắc                                 0
[2026-07-01 13:27:33] [TASK_8] [INFO]   phục hồi                                 0
[2026-07-01 13:27:33] [TASK_8] [INFO]   lập đỉnh                                 0
[2026-07-01 13:27:33] [TASK_8] [INFO]   hoàn thành kế hoạch                      0
[2026-07-01 13:27:33] [TASK_8] [INFO]   lợi nhuận cải thiện                      0
[2026-07-01 13:27:33] [TASK_8] [INFO]   mua lại cổ phiếu                         0
[2026-07-01 13:27:33] [TASK_8] [INFO]   phát hành thưởng                         0
[2026-07-01 13:27:33] [TASK_8] [INFO]   tăng vốn điều lệ                         0
[2026-07-01 13:27:33] [TASK_8] [INFO]   hệ số an toàn vốn                        0
[2026-07-01 13:27:33] [TASK_8] [INFO]   tiền mặt dồi dào                         0
[2026-07-01 13:27:33] [TASK_8] [INFO]   dự án mới                                0
[2026-07-01 13:27:33] [TASK_8] [INFO]   đầu tư mới                               0
[2026-07-01 13:27:33] [TASK_8] [INFO]   hợp tác chiến lược                       0
[2026-07-01 13:27:33] [TASK_8] [INFO]   thắng thầu                               0
[2026-07-01 13:27:33] [TASK_8] [INFO] 
--- NEGATIVE keywords (54) ---
[2026-07-01 13:27:33] [TASK_8] [INFO]   lợi nhuận giảm                           1
[2026-07-01 13:27:33] [TASK_8] [INFO]   doanh thu giảm                           1
[2026-07-01 13:27:33] [TASK_8] [INFO]   sụt giảm                                 1
[2026-07-01 13:27:33] [TASK_8] [INFO]   giảm mạnh                                1
[2026-07-01 13:27:33] [TASK_8] [INFO]   nợ xấu                                   1
[2026-07-01 13:27:33] [TASK_8] [INFO]   áp lực tài chính                         1
[2026-07-01 13:27:33] [TASK_8] [INFO]   dòng tiền âm                             1
[2026-07-01 13:27:33] [TASK_8] [INFO]   hủy hợp đồng                             1
[2026-07-01 13:27:33] [TASK_8] [INFO]   dự án trì hoãn                           1
[2026-07-01 13:27:33] [TASK_8] [INFO]   đóng cửa                                 1
[2026-07-01 13:27:33] [TASK_8] [INFO]   bị phạt                                  1
[2026-07-01 13:27:33] [TASK_8] [INFO]   vi phạm                                  1
[2026-07-01 13:27:33] [TASK_8] [INFO]   bị thanh tra                             1
[2026-07-01 13:27:33] [TASK_8] [INFO]   lợi nhuận âm                             0
[2026-07-01 13:27:33] [TASK_8] [INFO]   thua lỗ                                  0
[2026-07-01 13:27:33] [TASK_8] [INFO]   lỗ ròng                                  0
[2026-07-01 13:27:33] [TASK_8] [INFO]   dưới kế hoạch                            0
[2026-07-01 13:27:33] [TASK_8] [INFO]   kết quả tiêu cực                         0
[2026-07-01 13:27:33] [TASK_8] [INFO]   lợi nhuận thấp hơn                       0
[2026-07-01 13:27:33] [TASK_8] [INFO]   báo lỗ                                   0
[2026-07-01 13:27:33] [TASK_8] [INFO]   lỗ nặng                                  0
[2026-07-01 13:27:33] [TASK_8] [INFO]   lỗ lớn                                   0
[2026-07-01 13:27:33] [TASK_8] [INFO]   lỗ kỷ lục                                0
[2026-07-01 13:27:33] [TASK_8] [INFO]   lỗ lũy kế                                0
[2026-07-01 13:27:33] [TASK_8] [INFO]   lao dốc                                  0
[2026-07-01 13:27:33] [TASK_8] [INFO]   giảm sâu                                 0
[2026-07-01 13:27:33] [TASK_8] [INFO]   tụt dốc                                  0
[2026-07-01 13:27:33] [TASK_8] [INFO]   kinh doanh sa sút                        0
[2026-07-01 13:27:33] [TASK_8] [INFO]   âm vốn chủ sở hữu                        0
[2026-07-01 13:27:33] [TASK_8] [INFO]   lợi nhuận không tăng                     0
[2026-07-01 13:27:33] [TASK_8] [INFO]   doanh thu không tăng                     0
[2026-07-01 13:27:33] [TASK_8] [INFO]   không tăng trưởng                        0
[2026-07-01 13:27:33] [TASK_8] [INFO]   tăng trưởng chậm lại                     0
[2026-07-01 13:27:33] [TASK_8] [INFO]   không hoàn thành kế hoạch                0
[2026-07-01 13:27:33] [TASK_8] [INFO]   không đạt kế hoạch                       0
[2026-07-01 13:27:33] [TASK_8] [INFO]   chưa có lãi                              0
[2026-07-01 13:27:33] [TASK_8] [INFO]   không chia cổ tức                        0
[2026-07-01 13:27:33] [TASK_8] [INFO]   hủy cổ tức                               0
[2026-07-01 13:27:33] [TASK_8] [INFO]   giảm cổ tức                              0
[2026-07-01 13:27:33] [TASK_8] [INFO]   phát hành pha loãng                      0
[2026-07-01 13:27:33] [TASK_8] [INFO]   chào bán giá thấp                        0
[2026-07-01 13:27:33] [TASK_8] [INFO]   nợ vay tăng                              0
[2026-07-01 13:27:33] [TASK_8] [INFO]   nợ quá hạn                               0
[2026-07-01 13:27:33] [TASK_8] [INFO]   hệ số nợ cao                             0
[2026-07-01 13:27:33] [TASK_8] [INFO]   thiếu thanh khoản                        0
[2026-07-01 13:27:33] [TASK_8] [INFO]   thu hẹp hoạt động                        0
[2026-07-01 13:27:33] [TASK_8] [INFO]   dừng dự án                               0
[2026-07-01 13:27:33] [TASK_8] [INFO]   bị kiểm toán từ chối                     0
[2026-07-01 13:27:33] [TASK_8] [INFO]   cảnh báo                                 0
[2026-07-01 13:27:33] [TASK_8] [INFO]   đình chỉ                                 0
[2026-07-01 13:27:33] [TASK_8] [INFO]   khởi tố                                  0
[2026-07-01 13:27:33] [TASK_8] [INFO]   điều tra                                 0
[2026-07-01 13:27:33] [TASK_8] [INFO]   tranh chấp pháp lý                       0
[2026-07-01 13:27:33] [TASK_8] [INFO]   bị kiện                                  0
[2026-07-01 13:27:33] [TASK_8] [INFO] 
--- NEUTRAL keywords (9) ---
[2026-07-01 13:27:33] [TASK_8] [INFO]   đại hội cổ đông                          1
[2026-07-01 13:27:33] [TASK_8] [INFO]   thay đổi lãnh đạo                        1
[2026-07-01 13:27:33] [TASK_8] [INFO]   sáp nhập                                 1
[2026-07-01 13:27:33] [TASK_8] [INFO]   mua lại                                  1
[2026-07-01 13:27:33] [TASK_8] [INFO]   phát hành cổ phiếu mới                   1
[2026-07-01 13:27:33] [TASK_8] [INFO]   thoái vốn                                1
[2026-07-01 13:27:33] [TASK_8] [INFO]   họp HĐQT                                 0
[2026-07-01 13:27:33] [TASK_8] [INFO]   thay CEO                                 0
[2026-07-01 13:27:33] [TASK_8] [INFO]   niêm yết thêm                            0
[2026-07-01 13:27:33] [TASK_8] [INFO] 
Total keyword occurrences in corpus: 34
[2026-07-01 13:27:33] [TASK_8] [INFO] Keywords with zero occurrences: 72 / 106
[2026-07-01 13:27:33] [TASK_8] [INFO] ======================================================================
[2026-07-01 13:27:33] [TASK_8] [INFO] Keyword Builder (TASK 8) complete.
[2026-07-01 13:27:33] [TASK_8] [INFO] Starting Keyword Builder (TASK 8)...
[2026-07-01 13:27:33] [TASK_8] [INFO] Loaded 23 stopwords.
[2026-07-01 13:27:33] [TASK_8] [INFO] Extracting keyword candidates from 10 documents...
[2026-07-01 13:27:33] [TASK_8] [INFO] Saved 176 keyword candidates to C:\Users\User\AppData\Local\Temp\tmpf7aafx9y\keyword_candidates.csv (unigrams: 83, bigrams: 93).
[2026-07-01 13:27:33] [TASK_8] [INFO] Curated keyword list: 43 positive, 54 negative, 9 neutral (total: 106).
[2026-07-01 13:27:33] [TASK_8] [INFO] Saved flat keyword list to C:\Users\User\AppData\Local\Temp\tmpf7aafx9y\keywords_finance.json.
[2026-07-01 13:27:33] [TASK_8] [INFO] Saved group-level keyword breakdown to C:\Users\User\AppData\Local\Temp\tmpf7aafx9y\keywords_by_group.json.
[2026-07-01 13:27:33] [TASK_8] [INFO] ======================================================================
[2026-07-01 13:27:33] [TASK_8] [INFO] KEYWORD CORPUS FREQUENCY REPORT
[2026-07-01 13:27:33] [TASK_8] [INFO] ======================================================================
[2026-07-01 13:27:33] [TASK_8] [INFO] 
--- POSITIVE keywords (43) ---
[2026-07-01 13:27:33] [TASK_8] [INFO]   lợi nhuận tăng                           1
[2026-07-01 13:27:33] [TASK_8] [INFO]   doanh thu tăng                           1
[2026-07-01 13:27:33] [TASK_8] [INFO]   kỷ lục                                   1
[2026-07-01 13:27:33] [TASK_8] [INFO]   tăng trưởng                              1
[2026-07-01 13:27:33] [TASK_8] [INFO]   tăng mạnh                                1
[2026-07-01 13:27:33] [TASK_8] [INFO]   chia cổ tức                              1
[2026-07-01 13:27:33] [TASK_8] [INFO]   cổ tức cao                               1
[2026-07-01 13:27:33] [TASK_8] [INFO]   cổ tức tiền mặt                          1
[2026-07-01 13:27:33] [TASK_8] [INFO]   giảm nợ                                  1
[2026-07-01 13:27:33] [TASK_8] [INFO]   trả nợ                                   1
[2026-07-01 13:27:33] [TASK_8] [INFO]   cải thiện tài chính                      1
[2026-07-01 13:27:33] [TASK_8] [INFO]   dòng tiền dương                          1
[2026-07-01 13:27:33] [TASK_8] [INFO]   ký kết hợp đồng                          1
[2026-07-01 13:27:33] [TASK_8] [INFO]   mở rộng thị trường                       1
[2026-07-01 13:27:33] [TASK_8] [INFO]   xuất khẩu tăng                           1
[2026-07-01 13:27:33] [TASK_8] [INFO]   tăng trưởng mạnh                         0
[2026-07-01 13:27:33] [TASK_8] [INFO]   vượt kế hoạch                            0
[2026-07-01 13:27:33] [TASK_8] [INFO]   lãi ròng                                 0
[2026-07-01 13:27:33] [TASK_8] [INFO]   lợi nhuận sau thuế tăng                  0
[2026-07-01 13:27:33] [TASK_8] [INFO]   kết quả tích cực                         0
[2026-07-01 13:27:33] [TASK_8] [INFO]   lãi khủng                                0
[2026-07-01 13:27:33] [TASK_8] [INFO]   lãi lớn                                  0
[2026-07-01 13:27:33] [TASK_8] [INFO]   lãi đậm                                  0
[2026-07-01 13:27:33] [TASK_8] [INFO]   báo lãi                                  0
[2026-07-01 13:27:33] [TASK_8] [INFO]   lợi nhuận kỷ lục                         0
[2026-07-01 13:27:33] [TASK_8] [INFO]   doanh thu kỷ lục                         0
[2026-07-01 13:27:33] [TASK_8] [INFO]   lãi kỷ lục                               0
[2026-07-01 13:27:33] [TASK_8] [INFO]   bứt phá                                  0
[2026-07-01 13:27:33] [TASK_8] [INFO]   tăng vọt                                 0
[2026-07-01 13:27:33] [TASK_8] [INFO]   khởi sắc                                 0
[2026-07-01 13:27:33] [TASK_8] [INFO]   phục hồi                                 0
[2026-07-01 13:27:33] [TASK_8] [INFO]   lập đỉnh                                 0
[2026-07-01 13:27:33] [TASK_8] [INFO]   hoàn thành kế hoạch                      0
[2026-07-01 13:27:33] [TASK_8] [INFO]   lợi nhuận cải thiện                      0
[2026-07-01 13:27:33] [TASK_8] [INFO]   mua lại cổ phiếu                         0
[2026-07-01 13:27:33] [TASK_8] [INFO]   phát hành thưởng                         0
[2026-07-01 13:27:33] [TASK_8] [INFO]   tăng vốn điều lệ                         0
[2026-07-01 13:27:33] [TASK_8] [INFO]   hệ số an toàn vốn                        0
[2026-07-01 13:27:33] [TASK_8] [INFO]   tiền mặt dồi dào                         0
[2026-07-01 13:27:33] [TASK_8] [INFO]   dự án mới                                0
[2026-07-01 13:27:33] [TASK_8] [INFO]   đầu tư mới                               0
[2026-07-01 13:27:33] [TASK_8] [INFO]   hợp tác chiến lược                       0
[2026-07-01 13:27:33] [TASK_8] [INFO]   thắng thầu                               0
[2026-07-01 13:27:33] [TASK_8] [INFO] 
--- NEGATIVE keywords (54) ---
[2026-07-01 13:27:33] [TASK_8] [INFO]   lợi nhuận giảm                           1
[2026-07-01 13:27:33] [TASK_8] [INFO]   doanh thu giảm                           1
[2026-07-01 13:27:33] [TASK_8] [INFO]   sụt giảm                                 1
[2026-07-01 13:27:33] [TASK_8] [INFO]   giảm mạnh                                1
[2026-07-01 13:27:33] [TASK_8] [INFO]   nợ xấu                                   1
[2026-07-01 13:27:33] [TASK_8] [INFO]   áp lực tài chính                         1
[2026-07-01 13:27:33] [TASK_8] [INFO]   dòng tiền âm                             1
[2026-07-01 13:27:33] [TASK_8] [INFO]   hủy hợp đồng                             1
[2026-07-01 13:27:33] [TASK_8] [INFO]   dự án trì hoãn                           1
[2026-07-01 13:27:33] [TASK_8] [INFO]   đóng cửa                                 1
[2026-07-01 13:27:33] [TASK_8] [INFO]   bị phạt                                  1
[2026-07-01 13:27:33] [TASK_8] [INFO]   vi phạm                                  1
[2026-07-01 13:27:33] [TASK_8] [INFO]   bị thanh tra                             1
[2026-07-01 13:27:33] [TASK_8] [INFO]   lợi nhuận âm                             0
[2026-07-01 13:27:33] [TASK_8] [INFO]   thua lỗ                                  0
[2026-07-01 13:27:33] [TASK_8] [INFO]   lỗ ròng                                  0
[2026-07-01 13:27:33] [TASK_8] [INFO]   dưới kế hoạch                            0
[2026-07-01 13:27:33] [TASK_8] [INFO]   kết quả tiêu cực                         0
[2026-07-01 13:27:33] [TASK_8] [INFO]   lợi nhuận thấp hơn                       0
[2026-07-01 13:27:33] [TASK_8] [INFO]   báo lỗ                                   0
[2026-07-01 13:27:33] [TASK_8] [INFO]   lỗ nặng                                  0
[2026-07-01 13:27:33] [TASK_8] [INFO]   lỗ lớn                                   0
[2026-07-01 13:27:33] [TASK_8] [INFO]   lỗ kỷ lục                                0
[2026-07-01 13:27:33] [TASK_8] [INFO]   lỗ lũy kế                                0
[2026-07-01 13:27:33] [TASK_8] [INFO]   lao dốc                                  0
[2026-07-01 13:27:33] [TASK_8] [INFO]   giảm sâu                                 0
[2026-07-01 13:27:33] [TASK_8] [INFO]   tụt dốc                                  0
[2026-07-01 13:27:33] [TASK_8] [INFO]   kinh doanh sa sút                        0
[2026-07-01 13:27:33] [TASK_8] [INFO]   âm vốn chủ sở hữu                        0
[2026-07-01 13:27:33] [TASK_8] [INFO]   lợi nhuận không tăng                     0
[2026-07-01 13:27:33] [TASK_8] [INFO]   doanh thu không tăng                     0
[2026-07-01 13:27:33] [TASK_8] [INFO]   không tăng trưởng                        0
[2026-07-01 13:27:33] [TASK_8] [INFO]   tăng trưởng chậm lại                     0
[2026-07-01 13:27:33] [TASK_8] [INFO]   không hoàn thành kế hoạch                0
[2026-07-01 13:27:33] [TASK_8] [INFO]   không đạt kế hoạch                       0
[2026-07-01 13:27:33] [TASK_8] [INFO]   chưa có lãi                              0
[2026-07-01 13:27:33] [TASK_8] [INFO]   không chia cổ tức                        0
[2026-07-01 13:27:33] [TASK_8] [INFO]   hủy cổ tức                               0
[2026-07-01 13:27:33] [TASK_8] [INFO]   giảm cổ tức                              0
[2026-07-01 13:27:33] [TASK_8] [INFO]   phát hành pha loãng                      0
[2026-07-01 13:27:33] [TASK_8] [INFO]   chào bán giá thấp                        0
[2026-07-01 13:27:33] [TASK_8] [INFO]   nợ vay tăng                              0
[2026-07-01 13:27:33] [TASK_8] [INFO]   nợ quá hạn                               0
[2026-07-01 13:27:33] [TASK_8] [INFO]   hệ số nợ cao                             0
[2026-07-01 13:27:33] [TASK_8] [INFO]   thiếu thanh khoản                        0
[2026-07-01 13:27:33] [TASK_8] [INFO]   thu hẹp hoạt động                        0
[2026-07-01 13:27:33] [TASK_8] [INFO]   dừng dự án                               0
[2026-07-01 13:27:33] [TASK_8] [INFO]   bị kiểm toán từ chối                     0
[2026-07-01 13:27:33] [TASK_8] [INFO]   cảnh báo                                 0
[2026-07-01 13:27:33] [TASK_8] [INFO]   đình chỉ                                 0
[2026-07-01 13:27:33] [TASK_8] [INFO]   khởi tố                                  0
[2026-07-01 13:27:33] [TASK_8] [INFO]   điều tra                                 0
[2026-07-01 13:27:33] [TASK_8] [INFO]   tranh chấp pháp lý                       0
[2026-07-01 13:27:33] [TASK_8] [INFO]   bị kiện                                  0
[2026-07-01 13:27:33] [TASK_8] [INFO] 
--- NEUTRAL keywords (9) ---
[2026-07-01 13:27:33] [TASK_8] [INFO]   đại hội cổ đông                          1
[2026-07-01 13:27:33] [TASK_8] [INFO]   thay đổi lãnh đạo                        1
[2026-07-01 13:27:33] [TASK_8] [INFO]   sáp nhập                                 1
[2026-07-01 13:27:33] [TASK_8] [INFO]   mua lại                                  1
[2026-07-01 13:27:33] [TASK_8] [INFO]   phát hành cổ phiếu mới                   1
[2026-07-01 13:27:33] [TASK_8] [INFO]   thoái vốn                                1
[2026-07-01 13:27:33] [TASK_8] [INFO]   họp HĐQT                                 0
[2026-07-01 13:27:33] [TASK_8] [INFO]   thay CEO                                 0
[2026-07-01 13:27:33] [TASK_8] [INFO]   niêm yết thêm                            0
[2026-07-01 13:27:33] [TASK_8] [INFO] 
Total keyword occurrences in corpus: 34
[2026-07-01 13:27:33] [TASK_8] [INFO] Keywords with zero occurrences: 72 / 106
[2026-07-01 13:27:33] [TASK_8] [INFO] ======================================================================
[2026-07-01 13:27:33] [TASK_8] [INFO] Keyword Builder (TASK 8) complete.
[2026-07-01 13:27:33] [TASK_8] [INFO] Starting Keyword Builder (TASK 8)...
[2026-07-01 13:27:33] [TASK_8] [INFO] Loaded 23 stopwords.
[2026-07-01 13:27:33] [TASK_8] [INFO] No corpus provided — skipping candidate extraction.
[2026-07-01 13:27:33] [TASK_8] [INFO] Curated keyword list: 43 positive, 54 negative, 9 neutral (total: 106).
[2026-07-01 13:27:33] [TASK_8] [INFO] Saved flat keyword list to C:\Users\User\AppData\Local\Temp\tmpch554o92\keywords_finance.json.
[2026-07-01 13:27:33] [TASK_8] [INFO] Saved group-level keyword breakdown to C:\Users\User\AppData\Local\Temp\tmpch554o92\keywords_by_group.json.
[2026-07-01 13:27:33] [TASK_8] [INFO] No corpus provided — skipping frequency report.
[2026-07-01 13:27:33] [TASK_8] [INFO] Keyword Builder (TASK 8) complete.
[2026-07-01 13:29:43] [TASK_8] [INFO] ============================================================
[2026-07-01 13:29:43] [TASK_8] [INFO] START TASK_8: Keyword Building (curate financial keywords)
[2026-07-01 13:29:43] [TASK_8] [INFO] Timestamp: 2026-07-01T13:29:43.440278
[2026-07-01 13:29:43] [TASK_8] [INFO] ============================================================
[2026-07-01 13:29:43] [TASK_8] [INFO] Input: data/news/processed/all_news_processed.csv (34979 rows)
[2026-07-01 13:29:43] [TASK_8] [INFO] ------------------------------------------------------------
[2026-07-01 13:29:43] [TASK_8] [INFO] END TASK_8 — completed in 0.0 seconds
[2026-07-01 13:29:43] [TASK_8] [INFO] ============================================================
[2026-07-01 13:29:45] [TASK_8] [INFO] ============================================================
[2026-07-01 13:29:45] [TASK_8] [INFO] START TASK_8: Keyword Building (curate financial keywords)
[2026-07-01 13:29:45] [TASK_8] [INFO] Timestamp: 2026-07-01T13:29:45.266288
[2026-07-01 13:29:45] [TASK_8] [INFO] ============================================================
[2026-07-01 13:29:45] [TASK_8] [INFO] Input: data/news/processed/all_news_processed.csv (34979 rows)
[2026-07-01 13:29:45] [TASK_8] [INFO] ------------------------------------------------------------
[2026-07-01 13:29:45] [TASK_8] [INFO] END TASK_8 — completed in 0.0 seconds
[2026-07-01 13:29:45] [TASK_8] [INFO] ============================================================
[2026-07-01 13:30:04] [TASK_8] [INFO] Starting Keyword Builder (TASK 8)...
[2026-07-01 13:30:04] [TASK_8] [INFO] Loaded 23 stopwords.
[2026-07-01 13:30:04] [TASK_8] [INFO] Extracting keyword candidates from 10 documents...
[2026-07-01 13:30:04] [TASK_8] [INFO] Saved 176 keyword candidates to C:\Users\User\AppData\Local\Temp\tmp46d4v9zo\keyword_candidates.csv (unigrams: 83, bigrams: 93).
[2026-07-01 13:30:04] [TASK_8] [INFO] Curated keyword list: 43 positive, 54 negative, 9 neutral (total: 106).
[2026-07-01 13:30:04] [TASK_8] [INFO] Saved flat keyword list to C:\Users\User\AppData\Local\Temp\tmp46d4v9zo\keywords_finance.json.
[2026-07-01 13:30:04] [TASK_8] [INFO] Saved group-level keyword breakdown to C:\Users\User\AppData\Local\Temp\tmp46d4v9zo\keywords_by_group.json.
[2026-07-01 13:30:04] [TASK_8] [INFO] ======================================================================
[2026-07-01 13:30:04] [TASK_8] [INFO] KEYWORD CORPUS FREQUENCY REPORT
[2026-07-01 13:30:04] [TASK_8] [INFO] ======================================================================
[2026-07-01 13:30:04] [TASK_8] [INFO] 
--- POSITIVE keywords (43) ---
[2026-07-01 13:30:04] [TASK_8] [INFO]   lợi nhuận tăng                           1
[2026-07-01 13:30:04] [TASK_8] [INFO]   doanh thu tăng                           1
[2026-07-01 13:30:04] [TASK_8] [INFO]   kỷ lục                                   1
[2026-07-01 13:30:04] [TASK_8] [INFO]   tăng trưởng                              1
[2026-07-01 13:30:04] [TASK_8] [INFO]   tăng mạnh                                1
[2026-07-01 13:30:04] [TASK_8] [INFO]   chia cổ tức                              1
[2026-07-01 13:30:04] [TASK_8] [INFO]   cổ tức cao                               1
[2026-07-01 13:30:04] [TASK_8] [INFO]   cổ tức tiền mặt                          1
[2026-07-01 13:30:04] [TASK_8] [INFO]   giảm nợ                                  1
[2026-07-01 13:30:04] [TASK_8] [INFO]   trả nợ                                   1
[2026-07-01 13:30:04] [TASK_8] [INFO]   cải thiện tài chính                      1
[2026-07-01 13:30:04] [TASK_8] [INFO]   dòng tiền dương                          1
[2026-07-01 13:30:04] [TASK_8] [INFO]   ký kết hợp đồng                          1
[2026-07-01 13:30:04] [TASK_8] [INFO]   mở rộng thị trường                       1
[2026-07-01 13:30:04] [TASK_8] [INFO]   xuất khẩu tăng                           1
[2026-07-01 13:30:04] [TASK_8] [INFO]   tăng trưởng mạnh                         0
[2026-07-01 13:30:04] [TASK_8] [INFO]   vượt kế hoạch                            0
[2026-07-01 13:30:04] [TASK_8] [INFO]   lãi ròng                                 0
[2026-07-01 13:30:04] [TASK_8] [INFO]   lợi nhuận sau thuế tăng                  0
[2026-07-01 13:30:04] [TASK_8] [INFO]   kết quả tích cực                         0
[2026-07-01 13:30:04] [TASK_8] [INFO]   lãi khủng                                0
[2026-07-01 13:30:04] [TASK_8] [INFO]   lãi lớn                                  0
[2026-07-01 13:30:04] [TASK_8] [INFO]   lãi đậm                                  0
[2026-07-01 13:30:04] [TASK_8] [INFO]   báo lãi                                  0
[2026-07-01 13:30:04] [TASK_8] [INFO]   lợi nhuận kỷ lục                         0
[2026-07-01 13:30:04] [TASK_8] [INFO]   doanh thu kỷ lục                         0
[2026-07-01 13:30:04] [TASK_8] [INFO]   lãi kỷ lục                               0
[2026-07-01 13:30:04] [TASK_8] [INFO]   bứt phá                                  0
[2026-07-01 13:30:04] [TASK_8] [INFO]   tăng vọt                                 0
[2026-07-01 13:30:04] [TASK_8] [INFO]   khởi sắc                                 0
[2026-07-01 13:30:04] [TASK_8] [INFO]   phục hồi                                 0
[2026-07-01 13:30:04] [TASK_8] [INFO]   lập đỉnh                                 0
[2026-07-01 13:30:04] [TASK_8] [INFO]   hoàn thành kế hoạch                      0
[2026-07-01 13:30:04] [TASK_8] [INFO]   lợi nhuận cải thiện                      0
[2026-07-01 13:30:04] [TASK_8] [INFO]   mua lại cổ phiếu                         0
[2026-07-01 13:30:04] [TASK_8] [INFO]   phát hành thưởng                         0
[2026-07-01 13:30:04] [TASK_8] [INFO]   tăng vốn điều lệ                         0
[2026-07-01 13:30:04] [TASK_8] [INFO]   hệ số an toàn vốn                        0
[2026-07-01 13:30:04] [TASK_8] [INFO]   tiền mặt dồi dào                         0
[2026-07-01 13:30:04] [TASK_8] [INFO]   dự án mới                                0
[2026-07-01 13:30:04] [TASK_8] [INFO]   đầu tư mới                               0
[2026-07-01 13:30:04] [TASK_8] [INFO]   hợp tác chiến lược                       0
[2026-07-01 13:30:04] [TASK_8] [INFO]   thắng thầu                               0
[2026-07-01 13:30:04] [TASK_8] [INFO] 
--- NEGATIVE keywords (54) ---
[2026-07-01 13:30:04] [TASK_8] [INFO]   lợi nhuận giảm                           1
[2026-07-01 13:30:04] [TASK_8] [INFO]   doanh thu giảm                           1
[2026-07-01 13:30:04] [TASK_8] [INFO]   sụt giảm                                 1
[2026-07-01 13:30:04] [TASK_8] [INFO]   giảm mạnh                                1
[2026-07-01 13:30:04] [TASK_8] [INFO]   nợ xấu                                   1
[2026-07-01 13:30:04] [TASK_8] [INFO]   áp lực tài chính                         1
[2026-07-01 13:30:04] [TASK_8] [INFO]   dòng tiền âm                             1
[2026-07-01 13:30:04] [TASK_8] [INFO]   hủy hợp đồng                             1
[2026-07-01 13:30:04] [TASK_8] [INFO]   dự án trì hoãn                           1
[2026-07-01 13:30:04] [TASK_8] [INFO]   đóng cửa                                 1
[2026-07-01 13:30:04] [TASK_8] [INFO]   bị phạt                                  1
[2026-07-01 13:30:04] [TASK_8] [INFO]   vi phạm                                  1
[2026-07-01 13:30:04] [TASK_8] [INFO]   bị thanh tra                             1
[2026-07-01 13:30:04] [TASK_8] [INFO]   lợi nhuận âm                             0
[2026-07-01 13:30:04] [TASK_8] [INFO]   thua lỗ                                  0
[2026-07-01 13:30:04] [TASK_8] [INFO]   lỗ ròng                                  0
[2026-07-01 13:30:04] [TASK_8] [INFO]   dưới kế hoạch                            0
[2026-07-01 13:30:04] [TASK_8] [INFO]   kết quả tiêu cực                         0
[2026-07-01 13:30:04] [TASK_8] [INFO]   lợi nhuận thấp hơn                       0
[2026-07-01 13:30:04] [TASK_8] [INFO]   báo lỗ                                   0
[2026-07-01 13:30:04] [TASK_8] [INFO]   lỗ nặng                                  0
[2026-07-01 13:30:04] [TASK_8] [INFO]   lỗ lớn                                   0
[2026-07-01 13:30:04] [TASK_8] [INFO]   lỗ kỷ lục                                0
[2026-07-01 13:30:04] [TASK_8] [INFO]   lỗ lũy kế                                0
[2026-07-01 13:30:04] [TASK_8] [INFO]   lao dốc                                  0
[2026-07-01 13:30:04] [TASK_8] [INFO]   giảm sâu                                 0
[2026-07-01 13:30:04] [TASK_8] [INFO]   tụt dốc                                  0
[2026-07-01 13:30:04] [TASK_8] [INFO]   kinh doanh sa sút                        0
[2026-07-01 13:30:04] [TASK_8] [INFO]   âm vốn chủ sở hữu                        0
[2026-07-01 13:30:04] [TASK_8] [INFO]   lợi nhuận không tăng                     0
[2026-07-01 13:30:04] [TASK_8] [INFO]   doanh thu không tăng                     0
[2026-07-01 13:30:04] [TASK_8] [INFO]   không tăng trưởng                        0
[2026-07-01 13:30:04] [TASK_8] [INFO]   tăng trưởng chậm lại                     0
[2026-07-01 13:30:04] [TASK_8] [INFO]   không hoàn thành kế hoạch                0
[2026-07-01 13:30:04] [TASK_8] [INFO]   không đạt kế hoạch                       0
[2026-07-01 13:30:04] [TASK_8] [INFO]   chưa có lãi                              0
[2026-07-01 13:30:04] [TASK_8] [INFO]   không chia cổ tức                        0
[2026-07-01 13:30:04] [TASK_8] [INFO]   hủy cổ tức                               0
[2026-07-01 13:30:04] [TASK_8] [INFO]   giảm cổ tức                              0
[2026-07-01 13:30:04] [TASK_8] [INFO]   phát hành pha loãng                      0
[2026-07-01 13:30:04] [TASK_8] [INFO]   chào bán giá thấp                        0
[2026-07-01 13:30:04] [TASK_8] [INFO]   nợ vay tăng                              0
[2026-07-01 13:30:04] [TASK_8] [INFO]   nợ quá hạn                               0
[2026-07-01 13:30:04] [TASK_8] [INFO]   hệ số nợ cao                             0
[2026-07-01 13:30:04] [TASK_8] [INFO]   thiếu thanh khoản                        0
[2026-07-01 13:30:04] [TASK_8] [INFO]   thu hẹp hoạt động                        0
[2026-07-01 13:30:04] [TASK_8] [INFO]   dừng dự án                               0
[2026-07-01 13:30:04] [TASK_8] [INFO]   bị kiểm toán từ chối                     0
[2026-07-01 13:30:04] [TASK_8] [INFO]   cảnh báo                                 0
[2026-07-01 13:30:04] [TASK_8] [INFO]   đình chỉ                                 0
[2026-07-01 13:30:04] [TASK_8] [INFO]   khởi tố                                  0
[2026-07-01 13:30:04] [TASK_8] [INFO]   điều tra                                 0
[2026-07-01 13:30:04] [TASK_8] [INFO]   tranh chấp pháp lý                       0
[2026-07-01 13:30:04] [TASK_8] [INFO]   bị kiện                                  0
[2026-07-01 13:30:04] [TASK_8] [INFO] 
--- NEUTRAL keywords (9) ---
[2026-07-01 13:30:04] [TASK_8] [INFO]   đại hội cổ đông                          1
[2026-07-01 13:30:04] [TASK_8] [INFO]   thay đổi lãnh đạo                        1
[2026-07-01 13:30:04] [TASK_8] [INFO]   sáp nhập                                 1
[2026-07-01 13:30:04] [TASK_8] [INFO]   mua lại                                  1
[2026-07-01 13:30:04] [TASK_8] [INFO]   phát hành cổ phiếu mới                   1
[2026-07-01 13:30:04] [TASK_8] [INFO]   thoái vốn                                1
[2026-07-01 13:30:04] [TASK_8] [INFO]   họp HĐQT                                 0
[2026-07-01 13:30:04] [TASK_8] [INFO]   thay CEO                                 0
[2026-07-01 13:30:04] [TASK_8] [INFO]   niêm yết thêm                            0
[2026-07-01 13:30:04] [TASK_8] [INFO] 
Total keyword occurrences in corpus: 34
[2026-07-01 13:30:04] [TASK_8] [INFO] Keywords with zero occurrences: 72 / 106
[2026-07-01 13:30:04] [TASK_8] [INFO] ======================================================================
[2026-07-01 13:30:04] [TASK_8] [INFO] Keyword Builder (TASK 8) complete.
[2026-07-01 13:30:04] [TASK_8] [INFO] Starting Keyword Builder (TASK 8)...
[2026-07-01 13:30:04] [TASK_8] [INFO] Loaded 23 stopwords.
[2026-07-01 13:30:04] [TASK_8] [INFO] Extracting keyword candidates from 10 documents...
[2026-07-01 13:30:04] [TASK_8] [INFO] Saved 176 keyword candidates to C:\Users\User\AppData\Local\Temp\tmp3vxy16lu\keyword_candidates.csv (unigrams: 83, bigrams: 93).
[2026-07-01 13:30:04] [TASK_8] [INFO] Curated keyword list: 43 positive, 54 negative, 9 neutral (total: 106).
[2026-07-01 13:30:04] [TASK_8] [INFO] Saved flat keyword list to C:\Users\User\AppData\Local\Temp\tmp3vxy16lu\keywords_finance.json.
[2026-07-01 13:30:04] [TASK_8] [INFO] Saved group-level keyword breakdown to C:\Users\User\AppData\Local\Temp\tmp3vxy16lu\keywords_by_group.json.
[2026-07-01 13:30:04] [TASK_8] [INFO] ======================================================================
[2026-07-01 13:30:04] [TASK_8] [INFO] KEYWORD CORPUS FREQUENCY REPORT
[2026-07-01 13:30:04] [TASK_8] [INFO] ======================================================================
[2026-07-01 13:30:04] [TASK_8] [INFO] 
--- POSITIVE keywords (43) ---
[2026-07-01 13:30:04] [TASK_8] [INFO]   lợi nhuận tăng                           1
[2026-07-01 13:30:04] [TASK_8] [INFO]   doanh thu tăng                           1
[2026-07-01 13:30:04] [TASK_8] [INFO]   kỷ lục                                   1
[2026-07-01 13:30:04] [TASK_8] [INFO]   tăng trưởng                              1
[2026-07-01 13:30:04] [TASK_8] [INFO]   tăng mạnh                                1
[2026-07-01 13:30:04] [TASK_8] [INFO]   chia cổ tức                              1
[2026-07-01 13:30:04] [TASK_8] [INFO]   cổ tức cao                               1
[2026-07-01 13:30:04] [TASK_8] [INFO]   cổ tức tiền mặt                          1
[2026-07-01 13:30:04] [TASK_8] [INFO]   giảm nợ                                  1
[2026-07-01 13:30:04] [TASK_8] [INFO]   trả nợ                                   1
[2026-07-01 13:30:04] [TASK_8] [INFO]   cải thiện tài chính                      1
[2026-07-01 13:30:04] [TASK_8] [INFO]   dòng tiền dương                          1
[2026-07-01 13:30:04] [TASK_8] [INFO]   ký kết hợp đồng                          1
[2026-07-01 13:30:04] [TASK_8] [INFO]   mở rộng thị trường                       1
[2026-07-01 13:30:04] [TASK_8] [INFO]   xuất khẩu tăng                           1
[2026-07-01 13:30:04] [TASK_8] [INFO]   tăng trưởng mạnh                         0
[2026-07-01 13:30:04] [TASK_8] [INFO]   vượt kế hoạch                            0
[2026-07-01 13:30:04] [TASK_8] [INFO]   lãi ròng                                 0
[2026-07-01 13:30:04] [TASK_8] [INFO]   lợi nhuận sau thuế tăng                  0
[2026-07-01 13:30:04] [TASK_8] [INFO]   kết quả tích cực                         0
[2026-07-01 13:30:04] [TASK_8] [INFO]   lãi khủng                                0
[2026-07-01 13:30:04] [TASK_8] [INFO]   lãi lớn                                  0
[2026-07-01 13:30:04] [TASK_8] [INFO]   lãi đậm                                  0
[2026-07-01 13:30:04] [TASK_8] [INFO]   báo lãi                                  0
[2026-07-01 13:30:04] [TASK_8] [INFO]   lợi nhuận kỷ lục                         0
[2026-07-01 13:30:04] [TASK_8] [INFO]   doanh thu kỷ lục                         0
[2026-07-01 13:30:04] [TASK_8] [INFO]   lãi kỷ lục                               0
[2026-07-01 13:30:04] [TASK_8] [INFO]   bứt phá                                  0
[2026-07-01 13:30:04] [TASK_8] [INFO]   tăng vọt                                 0
[2026-07-01 13:30:04] [TASK_8] [INFO]   khởi sắc                                 0
[2026-07-01 13:30:04] [TASK_8] [INFO]   phục hồi                                 0
[2026-07-01 13:30:04] [TASK_8] [INFO]   lập đỉnh                                 0
[2026-07-01 13:30:04] [TASK_8] [INFO]   hoàn thành kế hoạch                      0
[2026-07-01 13:30:04] [TASK_8] [INFO]   lợi nhuận cải thiện                      0
[2026-07-01 13:30:04] [TASK_8] [INFO]   mua lại cổ phiếu                         0
[2026-07-01 13:30:04] [TASK_8] [INFO]   phát hành thưởng                         0
[2026-07-01 13:30:04] [TASK_8] [INFO]   tăng vốn điều lệ                         0
[2026-07-01 13:30:04] [TASK_8] [INFO]   hệ số an toàn vốn                        0
[2026-07-01 13:30:04] [TASK_8] [INFO]   tiền mặt dồi dào                         0
[2026-07-01 13:30:04] [TASK_8] [INFO]   dự án mới                                0
[2026-07-01 13:30:04] [TASK_8] [INFO]   đầu tư mới                               0
[2026-07-01 13:30:04] [TASK_8] [INFO]   hợp tác chiến lược                       0
[2026-07-01 13:30:04] [TASK_8] [INFO]   thắng thầu                               0
[2026-07-01 13:30:04] [TASK_8] [INFO] 
--- NEGATIVE keywords (54) ---
[2026-07-01 13:30:04] [TASK_8] [INFO]   lợi nhuận giảm                           1
[2026-07-01 13:30:04] [TASK_8] [INFO]   doanh thu giảm                           1
[2026-07-01 13:30:04] [TASK_8] [INFO]   sụt giảm                                 1
[2026-07-01 13:30:04] [TASK_8] [INFO]   giảm mạnh                                1
[2026-07-01 13:30:04] [TASK_8] [INFO]   nợ xấu                                   1
[2026-07-01 13:30:04] [TASK_8] [INFO]   áp lực tài chính                         1
[2026-07-01 13:30:04] [TASK_8] [INFO]   dòng tiền âm                             1
[2026-07-01 13:30:04] [TASK_8] [INFO]   hủy hợp đồng                             1
[2026-07-01 13:30:04] [TASK_8] [INFO]   dự án trì hoãn                           1
[2026-07-01 13:30:04] [TASK_8] [INFO]   đóng cửa                                 1
[2026-07-01 13:30:04] [TASK_8] [INFO]   bị phạt                                  1
[2026-07-01 13:30:04] [TASK_8] [INFO]   vi phạm                                  1
[2026-07-01 13:30:04] [TASK_8] [INFO]   bị thanh tra                             1
[2026-07-01 13:30:04] [TASK_8] [INFO]   lợi nhuận âm                             0
[2026-07-01 13:30:04] [TASK_8] [INFO]   thua lỗ                                  0
[2026-07-01 13:30:04] [TASK_8] [INFO]   lỗ ròng                                  0
[2026-07-01 13:30:04] [TASK_8] [INFO]   dưới kế hoạch                            0
[2026-07-01 13:30:04] [TASK_8] [INFO]   kết quả tiêu cực                         0
[2026-07-01 13:30:04] [TASK_8] [INFO]   lợi nhuận thấp hơn                       0
[2026-07-01 13:30:04] [TASK_8] [INFO]   báo lỗ                                   0
[2026-07-01 13:30:04] [TASK_8] [INFO]   lỗ nặng                                  0
[2026-07-01 13:30:04] [TASK_8] [INFO]   lỗ lớn                                   0
[2026-07-01 13:30:04] [TASK_8] [INFO]   lỗ kỷ lục                                0
[2026-07-01 13:30:04] [TASK_8] [INFO]   lỗ lũy kế                                0
[2026-07-01 13:30:04] [TASK_8] [INFO]   lao dốc                                  0
[2026-07-01 13:30:04] [TASK_8] [INFO]   giảm sâu                                 0
[2026-07-01 13:30:04] [TASK_8] [INFO]   tụt dốc                                  0
[2026-07-01 13:30:04] [TASK_8] [INFO]   kinh doanh sa sút                        0
[2026-07-01 13:30:04] [TASK_8] [INFO]   âm vốn chủ sở hữu                        0
[2026-07-01 13:30:04] [TASK_8] [INFO]   lợi nhuận không tăng                     0
[2026-07-01 13:30:04] [TASK_8] [INFO]   doanh thu không tăng                     0
[2026-07-01 13:30:04] [TASK_8] [INFO]   không tăng trưởng                        0
[2026-07-01 13:30:04] [TASK_8] [INFO]   tăng trưởng chậm lại                     0
[2026-07-01 13:30:04] [TASK_8] [INFO]   không hoàn thành kế hoạch                0
[2026-07-01 13:30:04] [TASK_8] [INFO]   không đạt kế hoạch                       0
[2026-07-01 13:30:04] [TASK_8] [INFO]   chưa có lãi                              0
[2026-07-01 13:30:04] [TASK_8] [INFO]   không chia cổ tức                        0
[2026-07-01 13:30:04] [TASK_8] [INFO]   hủy cổ tức                               0
[2026-07-01 13:30:04] [TASK_8] [INFO]   giảm cổ tức                              0
[2026-07-01 13:30:04] [TASK_8] [INFO]   phát hành pha loãng                      0
[2026-07-01 13:30:04] [TASK_8] [INFO]   chào bán giá thấp                        0
[2026-07-01 13:30:04] [TASK_8] [INFO]   nợ vay tăng                              0
[2026-07-01 13:30:04] [TASK_8] [INFO]   nợ quá hạn                               0
[2026-07-01 13:30:04] [TASK_8] [INFO]   hệ số nợ cao                             0
[2026-07-01 13:30:04] [TASK_8] [INFO]   thiếu thanh khoản                        0
[2026-07-01 13:30:04] [TASK_8] [INFO]   thu hẹp hoạt động                        0
[2026-07-01 13:30:04] [TASK_8] [INFO]   dừng dự án                               0
[2026-07-01 13:30:04] [TASK_8] [INFO]   bị kiểm toán từ chối                     0
[2026-07-01 13:30:04] [TASK_8] [INFO]   cảnh báo                                 0
[2026-07-01 13:30:04] [TASK_8] [INFO]   đình chỉ                                 0
[2026-07-01 13:30:04] [TASK_8] [INFO]   khởi tố                                  0
[2026-07-01 13:30:04] [TASK_8] [INFO]   điều tra                                 0
[2026-07-01 13:30:04] [TASK_8] [INFO]   tranh chấp pháp lý                       0
[2026-07-01 13:30:04] [TASK_8] [INFO]   bị kiện                                  0
[2026-07-01 13:30:04] [TASK_8] [INFO] 
--- NEUTRAL keywords (9) ---
[2026-07-01 13:30:04] [TASK_8] [INFO]   đại hội cổ đông                          1
[2026-07-01 13:30:04] [TASK_8] [INFO]   thay đổi lãnh đạo                        1
[2026-07-01 13:30:04] [TASK_8] [INFO]   sáp nhập                                 1
[2026-07-01 13:30:04] [TASK_8] [INFO]   mua lại                                  1
[2026-07-01 13:30:04] [TASK_8] [INFO]   phát hành cổ phiếu mới                   1
[2026-07-01 13:30:04] [TASK_8] [INFO]   thoái vốn                                1
[2026-07-01 13:30:04] [TASK_8] [INFO]   họp HĐQT                                 0
[2026-07-01 13:30:04] [TASK_8] [INFO]   thay CEO                                 0
[2026-07-01 13:30:04] [TASK_8] [INFO]   niêm yết thêm                            0
[2026-07-01 13:30:04] [TASK_8] [INFO] 
Total keyword occurrences in corpus: 34
[2026-07-01 13:30:04] [TASK_8] [INFO] Keywords with zero occurrences: 72 / 106
[2026-07-01 13:30:04] [TASK_8] [INFO] ======================================================================
[2026-07-01 13:30:04] [TASK_8] [INFO] Keyword Builder (TASK 8) complete.
[2026-07-01 13:30:04] [TASK_8] [INFO] Starting Keyword Builder (TASK 8)...
[2026-07-01 13:30:04] [TASK_8] [INFO] Loaded 23 stopwords.
[2026-07-01 13:30:04] [TASK_8] [INFO] No corpus provided — skipping candidate extraction.
[2026-07-01 13:30:04] [TASK_8] [INFO] Curated keyword list: 43 positive, 54 negative, 9 neutral (total: 106).
[2026-07-01 13:30:04] [TASK_8] [INFO] Saved flat keyword list to C:\Users\User\AppData\Local\Temp\tmpxz13dmez\keywords_finance.json.
[2026-07-01 13:30:04] [TASK_8] [INFO] Saved group-level keyword breakdown to C:\Users\User\AppData\Local\Temp\tmpxz13dmez\keywords_by_group.json.
[2026-07-01 13:30:04] [TASK_8] [INFO] No corpus provided — skipping frequency report.
[2026-07-01 13:30:04] [TASK_8] [INFO] Keyword Builder (TASK 8) complete.
[2026-07-01 13:41:04] [TASK_8] [INFO] ============================================================
[2026-07-01 13:41:04] [TASK_8] [INFO] START TASK_8: Keyword Building (curate financial keywords)
[2026-07-01 13:41:04] [TASK_8] [INFO] Timestamp: 2026-07-01T13:41:04.420013
[2026-07-01 13:41:04] [TASK_8] [INFO] ============================================================
[2026-07-01 13:41:04] [TASK_8] [INFO] Input: data/news/processed/all_news_processed.csv (34979 rows)
[2026-07-01 13:41:04] [TASK_8] [INFO] ------------------------------------------------------------
[2026-07-01 13:41:04] [TASK_8] [INFO] END TASK_8 — completed in 0.0 seconds
[2026-07-01 13:41:04] [TASK_8] [INFO] ============================================================
[2026-07-01 13:41:05] [TASK_8] [INFO] ============================================================
[2026-07-01 13:41:05] [TASK_8] [INFO] START TASK_8: Keyword Building (curate financial keywords)
[2026-07-01 13:41:05] [TASK_8] [INFO] Timestamp: 2026-07-01T13:41:05.162968
[2026-07-01 13:41:05] [TASK_8] [INFO] ============================================================
[2026-07-01 13:41:05] [TASK_8] [INFO] Input: data/news/processed/all_news_processed.csv (34979 rows)
[2026-07-01 13:41:05] [TASK_8] [INFO] ------------------------------------------------------------
[2026-07-01 13:41:05] [TASK_8] [INFO] END TASK_8 — completed in 0.0 seconds
[2026-07-01 13:41:05] [TASK_8] [INFO] ============================================================
[2026-07-01 13:41:24] [TASK_8] [INFO] Starting Keyword Builder (TASK 8)...
[2026-07-01 13:41:24] [TASK_8] [INFO] Loaded 23 stopwords.
[2026-07-01 13:41:24] [TASK_8] [INFO] Extracting keyword candidates from 10 documents...
[2026-07-01 13:41:24] [TASK_8] [INFO] Saved 176 keyword candidates to C:\Users\User\AppData\Local\Temp\tmp_glflscp\keyword_candidates.csv (unigrams: 83, bigrams: 93).
[2026-07-01 13:41:24] [TASK_8] [INFO] Curated keyword list: 43 positive, 54 negative, 9 neutral (total: 106).
[2026-07-01 13:41:24] [TASK_8] [INFO] Saved flat keyword list to C:\Users\User\AppData\Local\Temp\tmp_glflscp\keywords_finance.json.
[2026-07-01 13:41:24] [TASK_8] [INFO] Saved group-level keyword breakdown to C:\Users\User\AppData\Local\Temp\tmp_glflscp\keywords_by_group.json.
[2026-07-01 13:41:24] [TASK_8] [INFO] ======================================================================
[2026-07-01 13:41:24] [TASK_8] [INFO] KEYWORD CORPUS FREQUENCY REPORT
[2026-07-01 13:41:24] [TASK_8] [INFO] ======================================================================
[2026-07-01 13:41:24] [TASK_8] [INFO] 
--- POSITIVE keywords (43) ---
[2026-07-01 13:41:24] [TASK_8] [INFO]   lợi nhuận tăng                           1
[2026-07-01 13:41:24] [TASK_8] [INFO]   doanh thu tăng                           1
[2026-07-01 13:41:24] [TASK_8] [INFO]   kỷ lục                                   1
[2026-07-01 13:41:24] [TASK_8] [INFO]   tăng trưởng                              1
[2026-07-01 13:41:24] [TASK_8] [INFO]   tăng mạnh                                1
[2026-07-01 13:41:24] [TASK_8] [INFO]   chia cổ tức                              1
[2026-07-01 13:41:24] [TASK_8] [INFO]   cổ tức cao                               1
[2026-07-01 13:41:24] [TASK_8] [INFO]   cổ tức tiền mặt                          1
[2026-07-01 13:41:24] [TASK_8] [INFO]   giảm nợ                                  1
[2026-07-01 13:41:24] [TASK_8] [INFO]   trả nợ                                   1
[2026-07-01 13:41:24] [TASK_8] [INFO]   cải thiện tài chính                      1
[2026-07-01 13:41:24] [TASK_8] [INFO]   dòng tiền dương                          1
[2026-07-01 13:41:24] [TASK_8] [INFO]   ký kết hợp đồng                          1
[2026-07-01 13:41:24] [TASK_8] [INFO]   mở rộng thị trường                       1
[2026-07-01 13:41:24] [TASK_8] [INFO]   xuất khẩu tăng                           1
[2026-07-01 13:41:24] [TASK_8] [INFO]   tăng trưởng mạnh                         0
[2026-07-01 13:41:24] [TASK_8] [INFO]   vượt kế hoạch                            0
[2026-07-01 13:41:24] [TASK_8] [INFO]   lãi ròng                                 0
[2026-07-01 13:41:24] [TASK_8] [INFO]   lợi nhuận sau thuế tăng                  0
[2026-07-01 13:41:24] [TASK_8] [INFO]   kết quả tích cực                         0
[2026-07-01 13:41:24] [TASK_8] [INFO]   lãi khủng                                0
[2026-07-01 13:41:24] [TASK_8] [INFO]   lãi lớn                                  0
[2026-07-01 13:41:24] [TASK_8] [INFO]   lãi đậm                                  0
[2026-07-01 13:41:24] [TASK_8] [INFO]   báo lãi                                  0
[2026-07-01 13:41:24] [TASK_8] [INFO]   lợi nhuận kỷ lục                         0
[2026-07-01 13:41:24] [TASK_8] [INFO]   doanh thu kỷ lục                         0
[2026-07-01 13:41:24] [TASK_8] [INFO]   lãi kỷ lục                               0
[2026-07-01 13:41:24] [TASK_8] [INFO]   bứt phá                                  0
[2026-07-01 13:41:24] [TASK_8] [INFO]   tăng vọt                                 0
[2026-07-01 13:41:24] [TASK_8] [INFO]   khởi sắc                                 0
[2026-07-01 13:41:24] [TASK_8] [INFO]   phục hồi                                 0
[2026-07-01 13:41:24] [TASK_8] [INFO]   lập đỉnh                                 0
[2026-07-01 13:41:24] [TASK_8] [INFO]   hoàn thành kế hoạch                      0
[2026-07-01 13:41:24] [TASK_8] [INFO]   lợi nhuận cải thiện                      0
[2026-07-01 13:41:24] [TASK_8] [INFO]   mua lại cổ phiếu                         0
[2026-07-01 13:41:24] [TASK_8] [INFO]   phát hành thưởng                         0
[2026-07-01 13:41:24] [TASK_8] [INFO]   tăng vốn điều lệ                         0
[2026-07-01 13:41:24] [TASK_8] [INFO]   hệ số an toàn vốn                        0
[2026-07-01 13:41:24] [TASK_8] [INFO]   tiền mặt dồi dào                         0
[2026-07-01 13:41:24] [TASK_8] [INFO]   dự án mới                                0
[2026-07-01 13:41:24] [TASK_8] [INFO]   đầu tư mới                               0
[2026-07-01 13:41:24] [TASK_8] [INFO]   hợp tác chiến lược                       0
[2026-07-01 13:41:24] [TASK_8] [INFO]   thắng thầu                               0
[2026-07-01 13:41:24] [TASK_8] [INFO] 
--- NEGATIVE keywords (54) ---
[2026-07-01 13:41:24] [TASK_8] [INFO]   lợi nhuận giảm                           1
[2026-07-01 13:41:24] [TASK_8] [INFO]   doanh thu giảm                           1
[2026-07-01 13:41:24] [TASK_8] [INFO]   sụt giảm                                 1
[2026-07-01 13:41:24] [TASK_8] [INFO]   giảm mạnh                                1
[2026-07-01 13:41:24] [TASK_8] [INFO]   nợ xấu                                   1
[2026-07-01 13:41:24] [TASK_8] [INFO]   áp lực tài chính                         1
[2026-07-01 13:41:24] [TASK_8] [INFO]   dòng tiền âm                             1
[2026-07-01 13:41:24] [TASK_8] [INFO]   hủy hợp đồng                             1
[2026-07-01 13:41:24] [TASK_8] [INFO]   dự án trì hoãn                           1
[2026-07-01 13:41:24] [TASK_8] [INFO]   đóng cửa                                 1
[2026-07-01 13:41:24] [TASK_8] [INFO]   bị phạt                                  1
[2026-07-01 13:41:24] [TASK_8] [INFO]   vi phạm                                  1
[2026-07-01 13:41:24] [TASK_8] [INFO]   bị thanh tra                             1
[2026-07-01 13:41:24] [TASK_8] [INFO]   lợi nhuận âm                             0
[2026-07-01 13:41:24] [TASK_8] [INFO]   thua lỗ                                  0
[2026-07-01 13:41:24] [TASK_8] [INFO]   lỗ ròng                                  0
[2026-07-01 13:41:24] [TASK_8] [INFO]   dưới kế hoạch                            0
[2026-07-01 13:41:24] [TASK_8] [INFO]   kết quả tiêu cực                         0
[2026-07-01 13:41:24] [TASK_8] [INFO]   lợi nhuận thấp hơn                       0
[2026-07-01 13:41:24] [TASK_8] [INFO]   báo lỗ                                   0
[2026-07-01 13:41:24] [TASK_8] [INFO]   lỗ nặng                                  0
[2026-07-01 13:41:24] [TASK_8] [INFO]   lỗ lớn                                   0
[2026-07-01 13:41:24] [TASK_8] [INFO]   lỗ kỷ lục                                0
[2026-07-01 13:41:24] [TASK_8] [INFO]   lỗ lũy kế                                0
[2026-07-01 13:41:24] [TASK_8] [INFO]   lao dốc                                  0
[2026-07-01 13:41:24] [TASK_8] [INFO]   giảm sâu                                 0
[2026-07-01 13:41:24] [TASK_8] [INFO]   tụt dốc                                  0
[2026-07-01 13:41:24] [TASK_8] [INFO]   kinh doanh sa sút                        0
[2026-07-01 13:41:24] [TASK_8] [INFO]   âm vốn chủ sở hữu                        0
[2026-07-01 13:41:24] [TASK_8] [INFO]   lợi nhuận không tăng                     0
[2026-07-01 13:41:24] [TASK_8] [INFO]   doanh thu không tăng                     0
[2026-07-01 13:41:24] [TASK_8] [INFO]   không tăng trưởng                        0
[2026-07-01 13:41:24] [TASK_8] [INFO]   tăng trưởng chậm lại                     0
[2026-07-01 13:41:24] [TASK_8] [INFO]   không hoàn thành kế hoạch                0
[2026-07-01 13:41:24] [TASK_8] [INFO]   không đạt kế hoạch                       0
[2026-07-01 13:41:24] [TASK_8] [INFO]   chưa có lãi                              0
[2026-07-01 13:41:24] [TASK_8] [INFO]   không chia cổ tức                        0
[2026-07-01 13:41:24] [TASK_8] [INFO]   hủy cổ tức                               0
[2026-07-01 13:41:24] [TASK_8] [INFO]   giảm cổ tức                              0
[2026-07-01 13:41:24] [TASK_8] [INFO]   phát hành pha loãng                      0
[2026-07-01 13:41:24] [TASK_8] [INFO]   chào bán giá thấp                        0
[2026-07-01 13:41:24] [TASK_8] [INFO]   nợ vay tăng                              0
[2026-07-01 13:41:24] [TASK_8] [INFO]   nợ quá hạn                               0
[2026-07-01 13:41:24] [TASK_8] [INFO]   hệ số nợ cao                             0
[2026-07-01 13:41:24] [TASK_8] [INFO]   thiếu thanh khoản                        0
[2026-07-01 13:41:24] [TASK_8] [INFO]   thu hẹp hoạt động                        0
[2026-07-01 13:41:24] [TASK_8] [INFO]   dừng dự án                               0
[2026-07-01 13:41:24] [TASK_8] [INFO]   bị kiểm toán từ chối                     0
[2026-07-01 13:41:24] [TASK_8] [INFO]   cảnh báo                                 0
[2026-07-01 13:41:24] [TASK_8] [INFO]   đình chỉ                                 0
[2026-07-01 13:41:24] [TASK_8] [INFO]   khởi tố                                  0
[2026-07-01 13:41:24] [TASK_8] [INFO]   điều tra                                 0
[2026-07-01 13:41:24] [TASK_8] [INFO]   tranh chấp pháp lý                       0
[2026-07-01 13:41:24] [TASK_8] [INFO]   bị kiện                                  0
[2026-07-01 13:41:24] [TASK_8] [INFO] 
--- NEUTRAL keywords (9) ---
[2026-07-01 13:41:24] [TASK_8] [INFO]   đại hội cổ đông                          1
[2026-07-01 13:41:24] [TASK_8] [INFO]   thay đổi lãnh đạo                        1
[2026-07-01 13:41:24] [TASK_8] [INFO]   sáp nhập                                 1
[2026-07-01 13:41:24] [TASK_8] [INFO]   mua lại                                  1
[2026-07-01 13:41:24] [TASK_8] [INFO]   phát hành cổ phiếu mới                   1
[2026-07-01 13:41:24] [TASK_8] [INFO]   thoái vốn                                1
[2026-07-01 13:41:24] [TASK_8] [INFO]   họp HĐQT                                 0
[2026-07-01 13:41:24] [TASK_8] [INFO]   thay CEO                                 0
[2026-07-01 13:41:24] [TASK_8] [INFO]   niêm yết thêm                            0
[2026-07-01 13:41:24] [TASK_8] [INFO] 
Total keyword occurrences in corpus: 34
[2026-07-01 13:41:24] [TASK_8] [INFO] Keywords with zero occurrences: 72 / 106
[2026-07-01 13:41:24] [TASK_8] [INFO] ======================================================================
[2026-07-01 13:41:24] [TASK_8] [INFO] Keyword Builder (TASK 8) complete.
[2026-07-01 13:41:24] [TASK_8] [INFO] Starting Keyword Builder (TASK 8)...
[2026-07-01 13:41:24] [TASK_8] [INFO] Loaded 23 stopwords.
[2026-07-01 13:41:24] [TASK_8] [INFO] Extracting keyword candidates from 10 documents...
[2026-07-01 13:41:24] [TASK_8] [INFO] Saved 176 keyword candidates to C:\Users\User\AppData\Local\Temp\tmptw7v1f87\keyword_candidates.csv (unigrams: 83, bigrams: 93).
[2026-07-01 13:41:24] [TASK_8] [INFO] Curated keyword list: 43 positive, 54 negative, 9 neutral (total: 106).
[2026-07-01 13:41:24] [TASK_8] [INFO] Saved flat keyword list to C:\Users\User\AppData\Local\Temp\tmptw7v1f87\keywords_finance.json.
[2026-07-01 13:41:24] [TASK_8] [INFO] Saved group-level keyword breakdown to C:\Users\User\AppData\Local\Temp\tmptw7v1f87\keywords_by_group.json.
[2026-07-01 13:41:24] [TASK_8] [INFO] ======================================================================
[2026-07-01 13:41:24] [TASK_8] [INFO] KEYWORD CORPUS FREQUENCY REPORT
[2026-07-01 13:41:24] [TASK_8] [INFO] ======================================================================
[2026-07-01 13:41:24] [TASK_8] [INFO] 
--- POSITIVE keywords (43) ---
[2026-07-01 13:41:24] [TASK_8] [INFO]   lợi nhuận tăng                           1
[2026-07-01 13:41:24] [TASK_8] [INFO]   doanh thu tăng                           1
[2026-07-01 13:41:24] [TASK_8] [INFO]   kỷ lục                                   1
[2026-07-01 13:41:24] [TASK_8] [INFO]   tăng trưởng                              1
[2026-07-01 13:41:24] [TASK_8] [INFO]   tăng mạnh                                1
[2026-07-01 13:41:24] [TASK_8] [INFO]   chia cổ tức                              1
[2026-07-01 13:41:24] [TASK_8] [INFO]   cổ tức cao                               1
[2026-07-01 13:41:24] [TASK_8] [INFO]   cổ tức tiền mặt                          1
[2026-07-01 13:41:24] [TASK_8] [INFO]   giảm nợ                                  1
[2026-07-01 13:41:24] [TASK_8] [INFO]   trả nợ                                   1
[2026-07-01 13:41:24] [TASK_8] [INFO]   cải thiện tài chính                      1
[2026-07-01 13:41:24] [TASK_8] [INFO]   dòng tiền dương                          1
[2026-07-01 13:41:24] [TASK_8] [INFO]   ký kết hợp đồng                          1
[2026-07-01 13:41:24] [TASK_8] [INFO]   mở rộng thị trường                       1
[2026-07-01 13:41:24] [TASK_8] [INFO]   xuất khẩu tăng                           1
[2026-07-01 13:41:24] [TASK_8] [INFO]   tăng trưởng mạnh                         0
[2026-07-01 13:41:24] [TASK_8] [INFO]   vượt kế hoạch                            0
[2026-07-01 13:41:24] [TASK_8] [INFO]   lãi ròng                                 0
[2026-07-01 13:41:24] [TASK_8] [INFO]   lợi nhuận sau thuế tăng                  0
[2026-07-01 13:41:24] [TASK_8] [INFO]   kết quả tích cực                         0
[2026-07-01 13:41:24] [TASK_8] [INFO]   lãi khủng                                0
[2026-07-01 13:41:24] [TASK_8] [INFO]   lãi lớn                                  0
[2026-07-01 13:41:24] [TASK_8] [INFO]   lãi đậm                                  0
[2026-07-01 13:41:24] [TASK_8] [INFO]   báo lãi                                  0
[2026-07-01 13:41:24] [TASK_8] [INFO]   lợi nhuận kỷ lục                         0
[2026-07-01 13:41:24] [TASK_8] [INFO]   doanh thu kỷ lục                         0
[2026-07-01 13:41:24] [TASK_8] [INFO]   lãi kỷ lục                               0
[2026-07-01 13:41:24] [TASK_8] [INFO]   bứt phá                                  0
[2026-07-01 13:41:24] [TASK_8] [INFO]   tăng vọt                                 0
[2026-07-01 13:41:24] [TASK_8] [INFO]   khởi sắc                                 0
[2026-07-01 13:41:24] [TASK_8] [INFO]   phục hồi                                 0
[2026-07-01 13:41:24] [TASK_8] [INFO]   lập đỉnh                                 0
[2026-07-01 13:41:24] [TASK_8] [INFO]   hoàn thành kế hoạch                      0
[2026-07-01 13:41:24] [TASK_8] [INFO]   lợi nhuận cải thiện                      0
[2026-07-01 13:41:24] [TASK_8] [INFO]   mua lại cổ phiếu                         0
[2026-07-01 13:41:24] [TASK_8] [INFO]   phát hành thưởng                         0
[2026-07-01 13:41:24] [TASK_8] [INFO]   tăng vốn điều lệ                         0
[2026-07-01 13:41:24] [TASK_8] [INFO]   hệ số an toàn vốn                        0
[2026-07-01 13:41:24] [TASK_8] [INFO]   tiền mặt dồi dào                         0
[2026-07-01 13:41:24] [TASK_8] [INFO]   dự án mới                                0
[2026-07-01 13:41:24] [TASK_8] [INFO]   đầu tư mới                               0
[2026-07-01 13:41:24] [TASK_8] [INFO]   hợp tác chiến lược                       0
[2026-07-01 13:41:24] [TASK_8] [INFO]   thắng thầu                               0
[2026-07-01 13:41:24] [TASK_8] [INFO] 
--- NEGATIVE keywords (54) ---
[2026-07-01 13:41:24] [TASK_8] [INFO]   lợi nhuận giảm                           1
[2026-07-01 13:41:24] [TASK_8] [INFO]   doanh thu giảm                           1
[2026-07-01 13:41:24] [TASK_8] [INFO]   sụt giảm                                 1
[2026-07-01 13:41:24] [TASK_8] [INFO]   giảm mạnh                                1
[2026-07-01 13:41:24] [TASK_8] [INFO]   nợ xấu                                   1
[2026-07-01 13:41:24] [TASK_8] [INFO]   áp lực tài chính                         1
[2026-07-01 13:41:24] [TASK_8] [INFO]   dòng tiền âm                             1
[2026-07-01 13:41:24] [TASK_8] [INFO]   hủy hợp đồng                             1
[2026-07-01 13:41:24] [TASK_8] [INFO]   dự án trì hoãn                           1
[2026-07-01 13:41:24] [TASK_8] [INFO]   đóng cửa                                 1
[2026-07-01 13:41:24] [TASK_8] [INFO]   bị phạt                                  1
[2026-07-01 13:41:24] [TASK_8] [INFO]   vi phạm                                  1
[2026-07-01 13:41:24] [TASK_8] [INFO]   bị thanh tra                             1
[2026-07-01 13:41:24] [TASK_8] [INFO]   lợi nhuận âm                             0
[2026-07-01 13:41:24] [TASK_8] [INFO]   thua lỗ                                  0
[2026-07-01 13:41:24] [TASK_8] [INFO]   lỗ ròng                                  0
[2026-07-01 13:41:24] [TASK_8] [INFO]   dưới kế hoạch                            0
[2026-07-01 13:41:24] [TASK_8] [INFO]   kết quả tiêu cực                         0
[2026-07-01 13:41:24] [TASK_8] [INFO]   lợi nhuận thấp hơn                       0
[2026-07-01 13:41:24] [TASK_8] [INFO]   báo lỗ                                   0
[2026-07-01 13:41:24] [TASK_8] [INFO]   lỗ nặng                                  0
[2026-07-01 13:41:24] [TASK_8] [INFO]   lỗ lớn                                   0
[2026-07-01 13:41:24] [TASK_8] [INFO]   lỗ kỷ lục                                0
[2026-07-01 13:41:24] [TASK_8] [INFO]   lỗ lũy kế                                0
[2026-07-01 13:41:24] [TASK_8] [INFO]   lao dốc                                  0
[2026-07-01 13:41:24] [TASK_8] [INFO]   giảm sâu                                 0
[2026-07-01 13:41:24] [TASK_8] [INFO]   tụt dốc                                  0
[2026-07-01 13:41:24] [TASK_8] [INFO]   kinh doanh sa sút                        0
[2026-07-01 13:41:24] [TASK_8] [INFO]   âm vốn chủ sở hữu                        0
[2026-07-01 13:41:24] [TASK_8] [INFO]   lợi nhuận không tăng                     0
[2026-07-01 13:41:24] [TASK_8] [INFO]   doanh thu không tăng                     0
[2026-07-01 13:41:24] [TASK_8] [INFO]   không tăng trưởng                        0
[2026-07-01 13:41:24] [TASK_8] [INFO]   tăng trưởng chậm lại                     0
[2026-07-01 13:41:24] [TASK_8] [INFO]   không hoàn thành kế hoạch                0
[2026-07-01 13:41:24] [TASK_8] [INFO]   không đạt kế hoạch                       0
[2026-07-01 13:41:24] [TASK_8] [INFO]   chưa có lãi                              0
[2026-07-01 13:41:24] [TASK_8] [INFO]   không chia cổ tức                        0
[2026-07-01 13:41:24] [TASK_8] [INFO]   hủy cổ tức                               0
[2026-07-01 13:41:24] [TASK_8] [INFO]   giảm cổ tức                              0
[2026-07-01 13:41:24] [TASK_8] [INFO]   phát hành pha loãng                      0
[2026-07-01 13:41:24] [TASK_8] [INFO]   chào bán giá thấp                        0
[2026-07-01 13:41:24] [TASK_8] [INFO]   nợ vay tăng                              0
[2026-07-01 13:41:24] [TASK_8] [INFO]   nợ quá hạn                               0
[2026-07-01 13:41:24] [TASK_8] [INFO]   hệ số nợ cao                             0
[2026-07-01 13:41:24] [TASK_8] [INFO]   thiếu thanh khoản                        0
[2026-07-01 13:41:24] [TASK_8] [INFO]   thu hẹp hoạt động                        0
[2026-07-01 13:41:24] [TASK_8] [INFO]   dừng dự án                               0
[2026-07-01 13:41:24] [TASK_8] [INFO]   bị kiểm toán từ chối                     0
[2026-07-01 13:41:24] [TASK_8] [INFO]   cảnh báo                                 0
[2026-07-01 13:41:24] [TASK_8] [INFO]   đình chỉ                                 0
[2026-07-01 13:41:24] [TASK_8] [INFO]   khởi tố                                  0
[2026-07-01 13:41:24] [TASK_8] [INFO]   điều tra                                 0
[2026-07-01 13:41:24] [TASK_8] [INFO]   tranh chấp pháp lý                       0
[2026-07-01 13:41:24] [TASK_8] [INFO]   bị kiện                                  0
[2026-07-01 13:41:24] [TASK_8] [INFO] 
--- NEUTRAL keywords (9) ---
[2026-07-01 13:41:24] [TASK_8] [INFO]   đại hội cổ đông                          1
[2026-07-01 13:41:24] [TASK_8] [INFO]   thay đổi lãnh đạo                        1
[2026-07-01 13:41:24] [TASK_8] [INFO]   sáp nhập                                 1
[2026-07-01 13:41:24] [TASK_8] [INFO]   mua lại                                  1
[2026-07-01 13:41:24] [TASK_8] [INFO]   phát hành cổ phiếu mới                   1
[2026-07-01 13:41:24] [TASK_8] [INFO]   thoái vốn                                1
[2026-07-01 13:41:24] [TASK_8] [INFO]   họp HĐQT                                 0
[2026-07-01 13:41:24] [TASK_8] [INFO]   thay CEO                                 0
[2026-07-01 13:41:24] [TASK_8] [INFO]   niêm yết thêm                            0
[2026-07-01 13:41:24] [TASK_8] [INFO] 
Total keyword occurrences in corpus: 34
[2026-07-01 13:41:24] [TASK_8] [INFO] Keywords with zero occurrences: 72 / 106
[2026-07-01 13:41:24] [TASK_8] [INFO] ======================================================================
[2026-07-01 13:41:24] [TASK_8] [INFO] Keyword Builder (TASK 8) complete.
[2026-07-01 13:41:24] [TASK_8] [INFO] Starting Keyword Builder (TASK 8)...
[2026-07-01 13:41:24] [TASK_8] [INFO] Loaded 23 stopwords.
[2026-07-01 13:41:24] [TASK_8] [INFO] No corpus provided — skipping candidate extraction.
[2026-07-01 13:41:24] [TASK_8] [INFO] Curated keyword list: 43 positive, 54 negative, 9 neutral (total: 106).
[2026-07-01 13:41:24] [TASK_8] [INFO] Saved flat keyword list to C:\Users\User\AppData\Local\Temp\tmp0lecu6kl\keywords_finance.json.
[2026-07-01 13:41:24] [TASK_8] [INFO] Saved group-level keyword breakdown to C:\Users\User\AppData\Local\Temp\tmp0lecu6kl\keywords_by_group.json.
[2026-07-01 13:41:24] [TASK_8] [INFO] No corpus provided — skipping frequency report.
[2026-07-01 13:41:24] [TASK_8] [INFO] Keyword Builder (TASK 8) complete.
[2026-07-01 14:01:53] [TASK_8] [INFO] ============================================================
[2026-07-01 14:01:53] [TASK_8] [INFO] START TASK_8: Keyword Building (curate financial keywords)
[2026-07-01 14:01:53] [TASK_8] [INFO] Timestamp: 2026-07-01T14:01:53.754491
[2026-07-01 14:01:53] [TASK_8] [INFO] ============================================================
[2026-07-01 14:01:53] [TASK_8] [INFO] Input: data/news/processed/all_news_processed.csv (34979 rows)
[2026-07-01 14:01:53] [TASK_8] [INFO] ------------------------------------------------------------
[2026-07-01 14:01:53] [TASK_8] [INFO] END TASK_8 — completed in 0.0 seconds
[2026-07-01 14:01:53] [TASK_8] [INFO] ============================================================
[2026-07-01 14:01:54] [TASK_8] [INFO] ============================================================
[2026-07-01 14:01:54] [TASK_8] [INFO] START TASK_8: Keyword Building (curate financial keywords)
[2026-07-01 14:01:54] [TASK_8] [INFO] Timestamp: 2026-07-01T14:01:54.510190
[2026-07-01 14:01:54] [TASK_8] [INFO] ============================================================
[2026-07-01 14:01:54] [TASK_8] [INFO] Input: data/news/processed/all_news_processed.csv (34979 rows)
[2026-07-01 14:01:54] [TASK_8] [INFO] ------------------------------------------------------------
[2026-07-01 14:01:54] [TASK_8] [INFO] END TASK_8 — completed in 0.0 seconds
[2026-07-01 14:01:54] [TASK_8] [INFO] ============================================================
[2026-07-01 14:02:11] [TASK_8] [INFO] Starting Keyword Builder (TASK 8)...
[2026-07-01 14:02:11] [TASK_8] [INFO] Loaded 23 stopwords.
[2026-07-01 14:02:11] [TASK_8] [INFO] Extracting keyword candidates from 10 documents...
[2026-07-01 14:02:11] [TASK_8] [INFO] Saved 176 keyword candidates to C:\Users\User\AppData\Local\Temp\tmp5_pv3pry\keyword_candidates.csv (unigrams: 83, bigrams: 93).
[2026-07-01 14:02:11] [TASK_8] [INFO] Curated keyword list: 43 positive, 54 negative, 9 neutral (total: 106).
[2026-07-01 14:02:11] [TASK_8] [INFO] Saved flat keyword list to C:\Users\User\AppData\Local\Temp\tmp5_pv3pry\keywords_finance.json.
[2026-07-01 14:02:11] [TASK_8] [INFO] Saved group-level keyword breakdown to C:\Users\User\AppData\Local\Temp\tmp5_pv3pry\keywords_by_group.json.
[2026-07-01 14:02:11] [TASK_8] [INFO] ======================================================================
[2026-07-01 14:02:11] [TASK_8] [INFO] KEYWORD CORPUS FREQUENCY REPORT
[2026-07-01 14:02:11] [TASK_8] [INFO] ======================================================================
[2026-07-01 14:02:11] [TASK_8] [INFO] 
--- POSITIVE keywords (43) ---
[2026-07-01 14:02:11] [TASK_8] [INFO]   lợi nhuận tăng                           1
[2026-07-01 14:02:11] [TASK_8] [INFO]   doanh thu tăng                           1
[2026-07-01 14:02:11] [TASK_8] [INFO]   kỷ lục                                   1
[2026-07-01 14:02:11] [TASK_8] [INFO]   tăng trưởng                              1
[2026-07-01 14:02:11] [TASK_8] [INFO]   tăng mạnh                                1
[2026-07-01 14:02:11] [TASK_8] [INFO]   chia cổ tức                              1
[2026-07-01 14:02:11] [TASK_8] [INFO]   cổ tức cao                               1
[2026-07-01 14:02:11] [TASK_8] [INFO]   cổ tức tiền mặt                          1
[2026-07-01 14:02:11] [TASK_8] [INFO]   giảm nợ                                  1
[2026-07-01 14:02:11] [TASK_8] [INFO]   trả nợ                                   1
[2026-07-01 14:02:11] [TASK_8] [INFO]   cải thiện tài chính                      1
[2026-07-01 14:02:11] [TASK_8] [INFO]   dòng tiền dương                          1
[2026-07-01 14:02:11] [TASK_8] [INFO]   ký kết hợp đồng                          1
[2026-07-01 14:02:11] [TASK_8] [INFO]   mở rộng thị trường                       1
[2026-07-01 14:02:11] [TASK_8] [INFO]   xuất khẩu tăng                           1
[2026-07-01 14:02:11] [TASK_8] [INFO]   tăng trưởng mạnh                         0
[2026-07-01 14:02:11] [TASK_8] [INFO]   vượt kế hoạch                            0
[2026-07-01 14:02:11] [TASK_8] [INFO]   lãi ròng                                 0
[2026-07-01 14:02:11] [TASK_8] [INFO]   lợi nhuận sau thuế tăng                  0
[2026-07-01 14:02:11] [TASK_8] [INFO]   kết quả tích cực                         0
[2026-07-01 14:02:11] [TASK_8] [INFO]   lãi khủng                                0
[2026-07-01 14:02:11] [TASK_8] [INFO]   lãi lớn                                  0
[2026-07-01 14:02:11] [TASK_8] [INFO]   lãi đậm                                  0
[2026-07-01 14:02:11] [TASK_8] [INFO]   báo lãi                                  0
[2026-07-01 14:02:11] [TASK_8] [INFO]   lợi nhuận kỷ lục                         0
[2026-07-01 14:02:11] [TASK_8] [INFO]   doanh thu kỷ lục                         0
[2026-07-01 14:02:11] [TASK_8] [INFO]   lãi kỷ lục                               0
[2026-07-01 14:02:11] [TASK_8] [INFO]   bứt phá                                  0
[2026-07-01 14:02:11] [TASK_8] [INFO]   tăng vọt                                 0
[2026-07-01 14:02:11] [TASK_8] [INFO]   khởi sắc                                 0
[2026-07-01 14:02:11] [TASK_8] [INFO]   phục hồi                                 0
[2026-07-01 14:02:11] [TASK_8] [INFO]   lập đỉnh                                 0
[2026-07-01 14:02:11] [TASK_8] [INFO]   hoàn thành kế hoạch                      0
[2026-07-01 14:02:11] [TASK_8] [INFO]   lợi nhuận cải thiện                      0
[2026-07-01 14:02:11] [TASK_8] [INFO]   mua lại cổ phiếu                         0
[2026-07-01 14:02:11] [TASK_8] [INFO]   phát hành thưởng                         0
[2026-07-01 14:02:11] [TASK_8] [INFO]   tăng vốn điều lệ                         0
[2026-07-01 14:02:11] [TASK_8] [INFO]   hệ số an toàn vốn                        0
[2026-07-01 14:02:11] [TASK_8] [INFO]   tiền mặt dồi dào                         0
[2026-07-01 14:02:11] [TASK_8] [INFO]   dự án mới                                0
[2026-07-01 14:02:11] [TASK_8] [INFO]   đầu tư mới                               0
[2026-07-01 14:02:11] [TASK_8] [INFO]   hợp tác chiến lược                       0
[2026-07-01 14:02:11] [TASK_8] [INFO]   thắng thầu                               0
[2026-07-01 14:02:11] [TASK_8] [INFO] 
--- NEGATIVE keywords (54) ---
[2026-07-01 14:02:11] [TASK_8] [INFO]   lợi nhuận giảm                           1
[2026-07-01 14:02:11] [TASK_8] [INFO]   doanh thu giảm                           1
[2026-07-01 14:02:11] [TASK_8] [INFO]   sụt giảm                                 1
[2026-07-01 14:02:11] [TASK_8] [INFO]   giảm mạnh                                1
[2026-07-01 14:02:11] [TASK_8] [INFO]   nợ xấu                                   1
[2026-07-01 14:02:11] [TASK_8] [INFO]   áp lực tài chính                         1
[2026-07-01 14:02:11] [TASK_8] [INFO]   dòng tiền âm                             1
[2026-07-01 14:02:11] [TASK_8] [INFO]   hủy hợp đồng                             1
[2026-07-01 14:02:11] [TASK_8] [INFO]   dự án trì hoãn                           1
[2026-07-01 14:02:11] [TASK_8] [INFO]   đóng cửa                                 1
[2026-07-01 14:02:11] [TASK_8] [INFO]   bị phạt                                  1
[2026-07-01 14:02:11] [TASK_8] [INFO]   vi phạm                                  1
[2026-07-01 14:02:11] [TASK_8] [INFO]   bị thanh tra                             1
[2026-07-01 14:02:11] [TASK_8] [INFO]   lợi nhuận âm                             0
[2026-07-01 14:02:11] [TASK_8] [INFO]   thua lỗ                                  0
[2026-07-01 14:02:11] [TASK_8] [INFO]   lỗ ròng                                  0
[2026-07-01 14:02:11] [TASK_8] [INFO]   dưới kế hoạch                            0
[2026-07-01 14:02:11] [TASK_8] [INFO]   kết quả tiêu cực                         0
[2026-07-01 14:02:11] [TASK_8] [INFO]   lợi nhuận thấp hơn                       0
[2026-07-01 14:02:11] [TASK_8] [INFO]   báo lỗ                                   0
[2026-07-01 14:02:11] [TASK_8] [INFO]   lỗ nặng                                  0
[2026-07-01 14:02:11] [TASK_8] [INFO]   lỗ lớn                                   0
[2026-07-01 14:02:11] [TASK_8] [INFO]   lỗ kỷ lục                                0
[2026-07-01 14:02:11] [TASK_8] [INFO]   lỗ lũy kế                                0
[2026-07-01 14:02:11] [TASK_8] [INFO]   lao dốc                                  0
[2026-07-01 14:02:11] [TASK_8] [INFO]   giảm sâu                                 0
[2026-07-01 14:02:11] [TASK_8] [INFO]   tụt dốc                                  0
[2026-07-01 14:02:11] [TASK_8] [INFO]   kinh doanh sa sút                        0
[2026-07-01 14:02:11] [TASK_8] [INFO]   âm vốn chủ sở hữu                        0
[2026-07-01 14:02:11] [TASK_8] [INFO]   lợi nhuận không tăng                     0
[2026-07-01 14:02:11] [TASK_8] [INFO]   doanh thu không tăng                     0
[2026-07-01 14:02:11] [TASK_8] [INFO]   không tăng trưởng                        0
[2026-07-01 14:02:11] [TASK_8] [INFO]   tăng trưởng chậm lại                     0
[2026-07-01 14:02:11] [TASK_8] [INFO]   không hoàn thành kế hoạch                0
[2026-07-01 14:02:11] [TASK_8] [INFO]   không đạt kế hoạch                       0
[2026-07-01 14:02:11] [TASK_8] [INFO]   chưa có lãi                              0
[2026-07-01 14:02:11] [TASK_8] [INFO]   không chia cổ tức                        0
[2026-07-01 14:02:11] [TASK_8] [INFO]   hủy cổ tức                               0
[2026-07-01 14:02:11] [TASK_8] [INFO]   giảm cổ tức                              0
[2026-07-01 14:02:11] [TASK_8] [INFO]   phát hành pha loãng                      0
[2026-07-01 14:02:11] [TASK_8] [INFO]   chào bán giá thấp                        0
[2026-07-01 14:02:11] [TASK_8] [INFO]   nợ vay tăng                              0
[2026-07-01 14:02:11] [TASK_8] [INFO]   nợ quá hạn                               0
[2026-07-01 14:02:11] [TASK_8] [INFO]   hệ số nợ cao                             0
[2026-07-01 14:02:11] [TASK_8] [INFO]   thiếu thanh khoản                        0
[2026-07-01 14:02:11] [TASK_8] [INFO]   thu hẹp hoạt động                        0
[2026-07-01 14:02:11] [TASK_8] [INFO]   dừng dự án                               0
[2026-07-01 14:02:11] [TASK_8] [INFO]   bị kiểm toán từ chối                     0
[2026-07-01 14:02:11] [TASK_8] [INFO]   cảnh báo                                 0
[2026-07-01 14:02:11] [TASK_8] [INFO]   đình chỉ                                 0
[2026-07-01 14:02:11] [TASK_8] [INFO]   khởi tố                                  0
[2026-07-01 14:02:11] [TASK_8] [INFO]   điều tra                                 0
[2026-07-01 14:02:11] [TASK_8] [INFO]   tranh chấp pháp lý                       0
[2026-07-01 14:02:11] [TASK_8] [INFO]   bị kiện                                  0
[2026-07-01 14:02:11] [TASK_8] [INFO] 
--- NEUTRAL keywords (9) ---
[2026-07-01 14:02:11] [TASK_8] [INFO]   đại hội cổ đông                          1
[2026-07-01 14:02:11] [TASK_8] [INFO]   thay đổi lãnh đạo                        1
[2026-07-01 14:02:11] [TASK_8] [INFO]   sáp nhập                                 1
[2026-07-01 14:02:11] [TASK_8] [INFO]   mua lại                                  1
[2026-07-01 14:02:11] [TASK_8] [INFO]   phát hành cổ phiếu mới                   1
[2026-07-01 14:02:11] [TASK_8] [INFO]   thoái vốn                                1
[2026-07-01 14:02:11] [TASK_8] [INFO]   họp HĐQT                                 0
[2026-07-01 14:02:11] [TASK_8] [INFO]   thay CEO                                 0
[2026-07-01 14:02:11] [TASK_8] [INFO]   niêm yết thêm                            0
[2026-07-01 14:02:11] [TASK_8] [INFO] 
Total keyword occurrences in corpus: 34
[2026-07-01 14:02:11] [TASK_8] [INFO] Keywords with zero occurrences: 72 / 106
[2026-07-01 14:02:11] [TASK_8] [INFO] ======================================================================
[2026-07-01 14:02:11] [TASK_8] [INFO] Keyword Builder (TASK 8) complete.
[2026-07-01 14:02:11] [TASK_8] [INFO] Starting Keyword Builder (TASK 8)...
[2026-07-01 14:02:11] [TASK_8] [INFO] Loaded 23 stopwords.
[2026-07-01 14:02:11] [TASK_8] [INFO] Extracting keyword candidates from 10 documents...
[2026-07-01 14:02:11] [TASK_8] [INFO] Saved 176 keyword candidates to C:\Users\User\AppData\Local\Temp\tmp9mlkgmez\keyword_candidates.csv (unigrams: 83, bigrams: 93).
[2026-07-01 14:02:11] [TASK_8] [INFO] Curated keyword list: 43 positive, 54 negative, 9 neutral (total: 106).
[2026-07-01 14:02:11] [TASK_8] [INFO] Saved flat keyword list to C:\Users\User\AppData\Local\Temp\tmp9mlkgmez\keywords_finance.json.
[2026-07-01 14:02:11] [TASK_8] [INFO] Saved group-level keyword breakdown to C:\Users\User\AppData\Local\Temp\tmp9mlkgmez\keywords_by_group.json.
[2026-07-01 14:02:11] [TASK_8] [INFO] ======================================================================
[2026-07-01 14:02:11] [TASK_8] [INFO] KEYWORD CORPUS FREQUENCY REPORT
[2026-07-01 14:02:11] [TASK_8] [INFO] ======================================================================
[2026-07-01 14:02:11] [TASK_8] [INFO] 
--- POSITIVE keywords (43) ---
[2026-07-01 14:02:11] [TASK_8] [INFO]   lợi nhuận tăng                           1
[2026-07-01 14:02:11] [TASK_8] [INFO]   doanh thu tăng                           1
[2026-07-01 14:02:11] [TASK_8] [INFO]   kỷ lục                                   1
[2026-07-01 14:02:11] [TASK_8] [INFO]   tăng trưởng                              1
[2026-07-01 14:02:11] [TASK_8] [INFO]   tăng mạnh                                1
[2026-07-01 14:02:11] [TASK_8] [INFO]   chia cổ tức                              1
[2026-07-01 14:02:11] [TASK_8] [INFO]   cổ tức cao                               1
[2026-07-01 14:02:11] [TASK_8] [INFO]   cổ tức tiền mặt                          1
[2026-07-01 14:02:11] [TASK_8] [INFO]   giảm nợ                                  1
[2026-07-01 14:02:11] [TASK_8] [INFO]   trả nợ                                   1
[2026-07-01 14:02:11] [TASK_8] [INFO]   cải thiện tài chính                      1
[2026-07-01 14:02:11] [TASK_8] [INFO]   dòng tiền dương                          1
[2026-07-01 14:02:11] [TASK_8] [INFO]   ký kết hợp đồng                          1
[2026-07-01 14:02:11] [TASK_8] [INFO]   mở rộng thị trường                       1
[2026-07-01 14:02:11] [TASK_8] [INFO]   xuất khẩu tăng                           1
[2026-07-01 14:02:11] [TASK_8] [INFO]   tăng trưởng mạnh                         0
[2026-07-01 14:02:11] [TASK_8] [INFO]   vượt kế hoạch                            0
[2026-07-01 14:02:11] [TASK_8] [INFO]   lãi ròng                                 0
[2026-07-01 14:02:11] [TASK_8] [INFO]   lợi nhuận sau thuế tăng                  0
[2026-07-01 14:02:11] [TASK_8] [INFO]   kết quả tích cực                         0
[2026-07-01 14:02:11] [TASK_8] [INFO]   lãi khủng                                0
[2026-07-01 14:02:11] [TASK_8] [INFO]   lãi lớn                                  0
[2026-07-01 14:02:11] [TASK_8] [INFO]   lãi đậm                                  0
[2026-07-01 14:02:11] [TASK_8] [INFO]   báo lãi                                  0
[2026-07-01 14:02:11] [TASK_8] [INFO]   lợi nhuận kỷ lục                         0
[2026-07-01 14:02:11] [TASK_8] [INFO]   doanh thu kỷ lục                         0
[2026-07-01 14:02:11] [TASK_8] [INFO]   lãi kỷ lục                               0
[2026-07-01 14:02:11] [TASK_8] [INFO]   bứt phá                                  0
[2026-07-01 14:02:11] [TASK_8] [INFO]   tăng vọt                                 0
[2026-07-01 14:02:11] [TASK_8] [INFO]   khởi sắc                                 0
[2026-07-01 14:02:11] [TASK_8] [INFO]   phục hồi                                 0
[2026-07-01 14:02:11] [TASK_8] [INFO]   lập đỉnh                                 0
[2026-07-01 14:02:11] [TASK_8] [INFO]   hoàn thành kế hoạch                      0
[2026-07-01 14:02:11] [TASK_8] [INFO]   lợi nhuận cải thiện                      0
[2026-07-01 14:02:11] [TASK_8] [INFO]   mua lại cổ phiếu                         0
[2026-07-01 14:02:11] [TASK_8] [INFO]   phát hành thưởng                         0
[2026-07-01 14:02:11] [TASK_8] [INFO]   tăng vốn điều lệ                         0
[2026-07-01 14:02:11] [TASK_8] [INFO]   hệ số an toàn vốn                        0
[2026-07-01 14:02:11] [TASK_8] [INFO]   tiền mặt dồi dào                         0
[2026-07-01 14:02:11] [TASK_8] [INFO]   dự án mới                                0
[2026-07-01 14:02:11] [TASK_8] [INFO]   đầu tư mới                               0
[2026-07-01 14:02:11] [TASK_8] [INFO]   hợp tác chiến lược                       0
[2026-07-01 14:02:11] [TASK_8] [INFO]   thắng thầu                               0
[2026-07-01 14:02:11] [TASK_8] [INFO] 
--- NEGATIVE keywords (54) ---
[2026-07-01 14:02:11] [TASK_8] [INFO]   lợi nhuận giảm                           1
[2026-07-01 14:02:11] [TASK_8] [INFO]   doanh thu giảm                           1
[2026-07-01 14:02:11] [TASK_8] [INFO]   sụt giảm                                 1
[2026-07-01 14:02:11] [TASK_8] [INFO]   giảm mạnh                                1
[2026-07-01 14:02:11] [TASK_8] [INFO]   nợ xấu                                   1
[2026-07-01 14:02:11] [TASK_8] [INFO]   áp lực tài chính                         1
[2026-07-01 14:02:11] [TASK_8] [INFO]   dòng tiền âm                             1
[2026-07-01 14:02:11] [TASK_8] [INFO]   hủy hợp đồng                             1
[2026-07-01 14:02:11] [TASK_8] [INFO]   dự án trì hoãn                           1
[2026-07-01 14:02:11] [TASK_8] [INFO]   đóng cửa                                 1
[2026-07-01 14:02:11] [TASK_8] [INFO]   bị phạt                                  1
[2026-07-01 14:02:11] [TASK_8] [INFO]   vi phạm                                  1
[2026-07-01 14:02:11] [TASK_8] [INFO]   bị thanh tra                             1
[2026-07-01 14:02:11] [TASK_8] [INFO]   lợi nhuận âm                             0
[2026-07-01 14:02:11] [TASK_8] [INFO]   thua lỗ                                  0
[2026-07-01 14:02:11] [TASK_8] [INFO]   lỗ ròng                                  0
[2026-07-01 14:02:11] [TASK_8] [INFO]   dưới kế hoạch                            0
[2026-07-01 14:02:11] [TASK_8] [INFO]   kết quả tiêu cực                         0
[2026-07-01 14:02:11] [TASK_8] [INFO]   lợi nhuận thấp hơn                       0
[2026-07-01 14:02:11] [TASK_8] [INFO]   báo lỗ                                   0
[2026-07-01 14:02:11] [TASK_8] [INFO]   lỗ nặng                                  0
[2026-07-01 14:02:11] [TASK_8] [INFO]   lỗ lớn                                   0
[2026-07-01 14:02:11] [TASK_8] [INFO]   lỗ kỷ lục                                0
[2026-07-01 14:02:11] [TASK_8] [INFO]   lỗ lũy kế                                0
[2026-07-01 14:02:11] [TASK_8] [INFO]   lao dốc                                  0
[2026-07-01 14:02:11] [TASK_8] [INFO]   giảm sâu                                 0
[2026-07-01 14:02:11] [TASK_8] [INFO]   tụt dốc                                  0
[2026-07-01 14:02:11] [TASK_8] [INFO]   kinh doanh sa sút                        0
[2026-07-01 14:02:11] [TASK_8] [INFO]   âm vốn chủ sở hữu                        0
[2026-07-01 14:02:11] [TASK_8] [INFO]   lợi nhuận không tăng                     0
[2026-07-01 14:02:11] [TASK_8] [INFO]   doanh thu không tăng                     0
[2026-07-01 14:02:11] [TASK_8] [INFO]   không tăng trưởng                        0
[2026-07-01 14:02:11] [TASK_8] [INFO]   tăng trưởng chậm lại                     0
[2026-07-01 14:02:11] [TASK_8] [INFO]   không hoàn thành kế hoạch                0
[2026-07-01 14:02:11] [TASK_8] [INFO]   không đạt kế hoạch                       0
[2026-07-01 14:02:11] [TASK_8] [INFO]   chưa có lãi                              0
[2026-07-01 14:02:11] [TASK_8] [INFO]   không chia cổ tức                        0
[2026-07-01 14:02:11] [TASK_8] [INFO]   hủy cổ tức                               0
[2026-07-01 14:02:11] [TASK_8] [INFO]   giảm cổ tức                              0
[2026-07-01 14:02:11] [TASK_8] [INFO]   phát hành pha loãng                      0
[2026-07-01 14:02:11] [TASK_8] [INFO]   chào bán giá thấp                        0
[2026-07-01 14:02:11] [TASK_8] [INFO]   nợ vay tăng                              0
[2026-07-01 14:02:11] [TASK_8] [INFO]   nợ quá hạn                               0
[2026-07-01 14:02:11] [TASK_8] [INFO]   hệ số nợ cao                             0
[2026-07-01 14:02:11] [TASK_8] [INFO]   thiếu thanh khoản                        0
[2026-07-01 14:02:11] [TASK_8] [INFO]   thu hẹp hoạt động                        0
[2026-07-01 14:02:11] [TASK_8] [INFO]   dừng dự án                               0
[2026-07-01 14:02:11] [TASK_8] [INFO]   bị kiểm toán từ chối                     0
[2026-07-01 14:02:11] [TASK_8] [INFO]   cảnh báo                                 0
[2026-07-01 14:02:11] [TASK_8] [INFO]   đình chỉ                                 0
[2026-07-01 14:02:11] [TASK_8] [INFO]   khởi tố                                  0
[2026-07-01 14:02:11] [TASK_8] [INFO]   điều tra                                 0
[2026-07-01 14:02:11] [TASK_8] [INFO]   tranh chấp pháp lý                       0
[2026-07-01 14:02:11] [TASK_8] [INFO]   bị kiện                                  0
[2026-07-01 14:02:11] [TASK_8] [INFO] 
--- NEUTRAL keywords (9) ---
[2026-07-01 14:02:11] [TASK_8] [INFO]   đại hội cổ đông                          1
[2026-07-01 14:02:11] [TASK_8] [INFO]   thay đổi lãnh đạo                        1
[2026-07-01 14:02:11] [TASK_8] [INFO]   sáp nhập                                 1
[2026-07-01 14:02:11] [TASK_8] [INFO]   mua lại                                  1
[2026-07-01 14:02:11] [TASK_8] [INFO]   phát hành cổ phiếu mới                   1
[2026-07-01 14:02:11] [TASK_8] [INFO]   thoái vốn                                1
[2026-07-01 14:02:11] [TASK_8] [INFO]   họp HĐQT                                 0
[2026-07-01 14:02:11] [TASK_8] [INFO]   thay CEO                                 0
[2026-07-01 14:02:11] [TASK_8] [INFO]   niêm yết thêm                            0
[2026-07-01 14:02:11] [TASK_8] [INFO] 
Total keyword occurrences in corpus: 34
[2026-07-01 14:02:11] [TASK_8] [INFO] Keywords with zero occurrences: 72 / 106
[2026-07-01 14:02:11] [TASK_8] [INFO] ======================================================================
[2026-07-01 14:02:11] [TASK_8] [INFO] Keyword Builder (TASK 8) complete.
[2026-07-01 14:02:11] [TASK_8] [INFO] Starting Keyword Builder (TASK 8)...
[2026-07-01 14:02:11] [TASK_8] [INFO] Loaded 23 stopwords.
[2026-07-01 14:02:11] [TASK_8] [INFO] No corpus provided — skipping candidate extraction.
[2026-07-01 14:02:11] [TASK_8] [INFO] Curated keyword list: 43 positive, 54 negative, 9 neutral (total: 106).
[2026-07-01 14:02:11] [TASK_8] [INFO] Saved flat keyword list to C:\Users\User\AppData\Local\Temp\tmpngte7y4c\keywords_finance.json.
[2026-07-01 14:02:11] [TASK_8] [INFO] Saved group-level keyword breakdown to C:\Users\User\AppData\Local\Temp\tmpngte7y4c\keywords_by_group.json.
[2026-07-01 14:02:11] [TASK_8] [INFO] No corpus provided — skipping frequency report.
[2026-07-01 14:02:11] [TASK_8] [INFO] Keyword Builder (TASK 8) complete.
[2026-07-01 14:03:13] [TASK_8] [INFO] ============================================================
[2026-07-01 14:03:13] [TASK_8] [INFO] START TASK_8: Keyword Building (curate financial keywords)
[2026-07-01 14:03:13] [TASK_8] [INFO] Timestamp: 2026-07-01T14:03:13.486158
[2026-07-01 14:03:13] [TASK_8] [INFO] ============================================================
[2026-07-01 14:03:13] [TASK_8] [INFO] Input: data/news/processed/all_news_processed.csv (34979 rows)
[2026-07-01 14:03:13] [TASK_8] [INFO] ------------------------------------------------------------
[2026-07-01 14:03:13] [TASK_8] [INFO] END TASK_8 — completed in 0.0 seconds
[2026-07-01 14:03:13] [TASK_8] [INFO] ============================================================
[2026-07-01 14:03:14] [TASK_8] [INFO] ============================================================
[2026-07-01 14:03:14] [TASK_8] [INFO] START TASK_8: Keyword Building (curate financial keywords)
[2026-07-01 14:03:14] [TASK_8] [INFO] Timestamp: 2026-07-01T14:03:14.336943
[2026-07-01 14:03:14] [TASK_8] [INFO] ============================================================
[2026-07-01 14:03:14] [TASK_8] [INFO] Input: data/news/processed/all_news_processed.csv (34979 rows)
[2026-07-01 14:03:14] [TASK_8] [INFO] ------------------------------------------------------------
[2026-07-01 14:03:14] [TASK_8] [INFO] END TASK_8 — completed in 0.0 seconds
[2026-07-01 14:03:14] [TASK_8] [INFO] ============================================================
[2026-07-01 14:03:32] [TASK_8] [INFO] Starting Keyword Builder (TASK 8)...
[2026-07-01 14:03:32] [TASK_8] [INFO] Loaded 23 stopwords.
[2026-07-01 14:03:32] [TASK_8] [INFO] Extracting keyword candidates from 10 documents...
[2026-07-01 14:03:32] [TASK_8] [INFO] Saved 176 keyword candidates to C:\Users\User\AppData\Local\Temp\tmpwcdzn1ze\keyword_candidates.csv (unigrams: 83, bigrams: 93).
[2026-07-01 14:03:32] [TASK_8] [INFO] Curated keyword list: 43 positive, 54 negative, 9 neutral (total: 106).
[2026-07-01 14:03:32] [TASK_8] [INFO] Saved flat keyword list to C:\Users\User\AppData\Local\Temp\tmpwcdzn1ze\keywords_finance.json.
[2026-07-01 14:03:32] [TASK_8] [INFO] Saved group-level keyword breakdown to C:\Users\User\AppData\Local\Temp\tmpwcdzn1ze\keywords_by_group.json.
[2026-07-01 14:03:32] [TASK_8] [INFO] ======================================================================
[2026-07-01 14:03:32] [TASK_8] [INFO] KEYWORD CORPUS FREQUENCY REPORT
[2026-07-01 14:03:32] [TASK_8] [INFO] ======================================================================
[2026-07-01 14:03:32] [TASK_8] [INFO] 
--- POSITIVE keywords (43) ---
[2026-07-01 14:03:32] [TASK_8] [INFO]   lợi nhuận tăng                           1
[2026-07-01 14:03:32] [TASK_8] [INFO]   doanh thu tăng                           1
[2026-07-01 14:03:32] [TASK_8] [INFO]   kỷ lục                                   1
[2026-07-01 14:03:32] [TASK_8] [INFO]   tăng trưởng                              1
[2026-07-01 14:03:32] [TASK_8] [INFO]   tăng mạnh                                1
[2026-07-01 14:03:32] [TASK_8] [INFO]   chia cổ tức                              1
[2026-07-01 14:03:32] [TASK_8] [INFO]   cổ tức cao                               1
[2026-07-01 14:03:32] [TASK_8] [INFO]   cổ tức tiền mặt                          1
[2026-07-01 14:03:32] [TASK_8] [INFO]   giảm nợ                                  1
[2026-07-01 14:03:32] [TASK_8] [INFO]   trả nợ                                   1
[2026-07-01 14:03:32] [TASK_8] [INFO]   cải thiện tài chính                      1
[2026-07-01 14:03:32] [TASK_8] [INFO]   dòng tiền dương                          1
[2026-07-01 14:03:32] [TASK_8] [INFO]   ký kết hợp đồng                          1
[2026-07-01 14:03:32] [TASK_8] [INFO]   mở rộng thị trường                       1
[2026-07-01 14:03:32] [TASK_8] [INFO]   xuất khẩu tăng                           1
[2026-07-01 14:03:32] [TASK_8] [INFO]   tăng trưởng mạnh                         0
[2026-07-01 14:03:32] [TASK_8] [INFO]   vượt kế hoạch                            0
[2026-07-01 14:03:32] [TASK_8] [INFO]   lãi ròng                                 0
[2026-07-01 14:03:32] [TASK_8] [INFO]   lợi nhuận sau thuế tăng                  0
[2026-07-01 14:03:32] [TASK_8] [INFO]   kết quả tích cực                         0
[2026-07-01 14:03:32] [TASK_8] [INFO]   lãi khủng                                0
[2026-07-01 14:03:32] [TASK_8] [INFO]   lãi lớn                                  0
[2026-07-01 14:03:32] [TASK_8] [INFO]   lãi đậm                                  0
[2026-07-01 14:03:32] [TASK_8] [INFO]   báo lãi                                  0
[2026-07-01 14:03:32] [TASK_8] [INFO]   lợi nhuận kỷ lục                         0
[2026-07-01 14:03:32] [TASK_8] [INFO]   doanh thu kỷ lục                         0
[2026-07-01 14:03:32] [TASK_8] [INFO]   lãi kỷ lục                               0
[2026-07-01 14:03:32] [TASK_8] [INFO]   bứt phá                                  0
[2026-07-01 14:03:32] [TASK_8] [INFO]   tăng vọt                                 0
[2026-07-01 14:03:32] [TASK_8] [INFO]   khởi sắc                                 0
[2026-07-01 14:03:32] [TASK_8] [INFO]   phục hồi                                 0
[2026-07-01 14:03:32] [TASK_8] [INFO]   lập đỉnh                                 0
[2026-07-01 14:03:32] [TASK_8] [INFO]   hoàn thành kế hoạch                      0
[2026-07-01 14:03:32] [TASK_8] [INFO]   lợi nhuận cải thiện                      0
[2026-07-01 14:03:32] [TASK_8] [INFO]   mua lại cổ phiếu                         0
[2026-07-01 14:03:32] [TASK_8] [INFO]   phát hành thưởng                         0
[2026-07-01 14:03:32] [TASK_8] [INFO]   tăng vốn điều lệ                         0
[2026-07-01 14:03:32] [TASK_8] [INFO]   hệ số an toàn vốn                        0
[2026-07-01 14:03:32] [TASK_8] [INFO]   tiền mặt dồi dào                         0
[2026-07-01 14:03:32] [TASK_8] [INFO]   dự án mới                                0
[2026-07-01 14:03:32] [TASK_8] [INFO]   đầu tư mới                               0
[2026-07-01 14:03:32] [TASK_8] [INFO]   hợp tác chiến lược                       0
[2026-07-01 14:03:32] [TASK_8] [INFO]   thắng thầu                               0
[2026-07-01 14:03:32] [TASK_8] [INFO] 
--- NEGATIVE keywords (54) ---
[2026-07-01 14:03:32] [TASK_8] [INFO]   lợi nhuận giảm                           1
[2026-07-01 14:03:32] [TASK_8] [INFO]   doanh thu giảm                           1
[2026-07-01 14:03:32] [TASK_8] [INFO]   sụt giảm                                 1
[2026-07-01 14:03:32] [TASK_8] [INFO]   giảm mạnh                                1
[2026-07-01 14:03:32] [TASK_8] [INFO]   nợ xấu                                   1
[2026-07-01 14:03:32] [TASK_8] [INFO]   áp lực tài chính                         1
[2026-07-01 14:03:32] [TASK_8] [INFO]   dòng tiền âm                             1
[2026-07-01 14:03:32] [TASK_8] [INFO]   hủy hợp đồng                             1
[2026-07-01 14:03:32] [TASK_8] [INFO]   dự án trì hoãn                           1
[2026-07-01 14:03:32] [TASK_8] [INFO]   đóng cửa                                 1
[2026-07-01 14:03:32] [TASK_8] [INFO]   bị phạt                                  1
[2026-07-01 14:03:32] [TASK_8] [INFO]   vi phạm                                  1
[2026-07-01 14:03:32] [TASK_8] [INFO]   bị thanh tra                             1
[2026-07-01 14:03:32] [TASK_8] [INFO]   lợi nhuận âm                             0
[2026-07-01 14:03:32] [TASK_8] [INFO]   thua lỗ                                  0
[2026-07-01 14:03:32] [TASK_8] [INFO]   lỗ ròng                                  0
[2026-07-01 14:03:32] [TASK_8] [INFO]   dưới kế hoạch                            0
[2026-07-01 14:03:32] [TASK_8] [INFO]   kết quả tiêu cực                         0
[2026-07-01 14:03:32] [TASK_8] [INFO]   lợi nhuận thấp hơn                       0
[2026-07-01 14:03:32] [TASK_8] [INFO]   báo lỗ                                   0
[2026-07-01 14:03:32] [TASK_8] [INFO]   lỗ nặng                                  0
[2026-07-01 14:03:32] [TASK_8] [INFO]   lỗ lớn                                   0
[2026-07-01 14:03:32] [TASK_8] [INFO]   lỗ kỷ lục                                0
[2026-07-01 14:03:32] [TASK_8] [INFO]   lỗ lũy kế                                0
[2026-07-01 14:03:32] [TASK_8] [INFO]   lao dốc                                  0
[2026-07-01 14:03:32] [TASK_8] [INFO]   giảm sâu                                 0
[2026-07-01 14:03:32] [TASK_8] [INFO]   tụt dốc                                  0
[2026-07-01 14:03:32] [TASK_8] [INFO]   kinh doanh sa sút                        0
[2026-07-01 14:03:32] [TASK_8] [INFO]   âm vốn chủ sở hữu                        0
[2026-07-01 14:03:32] [TASK_8] [INFO]   lợi nhuận không tăng                     0
[2026-07-01 14:03:32] [TASK_8] [INFO]   doanh thu không tăng                     0
[2026-07-01 14:03:32] [TASK_8] [INFO]   không tăng trưởng                        0
[2026-07-01 14:03:32] [TASK_8] [INFO]   tăng trưởng chậm lại                     0
[2026-07-01 14:03:32] [TASK_8] [INFO]   không hoàn thành kế hoạch                0
[2026-07-01 14:03:32] [TASK_8] [INFO]   không đạt kế hoạch                       0
[2026-07-01 14:03:32] [TASK_8] [INFO]   chưa có lãi                              0
[2026-07-01 14:03:32] [TASK_8] [INFO]   không chia cổ tức                        0
[2026-07-01 14:03:32] [TASK_8] [INFO]   hủy cổ tức                               0
[2026-07-01 14:03:32] [TASK_8] [INFO]   giảm cổ tức                              0
[2026-07-01 14:03:32] [TASK_8] [INFO]   phát hành pha loãng                      0
[2026-07-01 14:03:32] [TASK_8] [INFO]   chào bán giá thấp                        0
[2026-07-01 14:03:32] [TASK_8] [INFO]   nợ vay tăng                              0
[2026-07-01 14:03:32] [TASK_8] [INFO]   nợ quá hạn                               0
[2026-07-01 14:03:32] [TASK_8] [INFO]   hệ số nợ cao                             0
[2026-07-01 14:03:32] [TASK_8] [INFO]   thiếu thanh khoản                        0
[2026-07-01 14:03:32] [TASK_8] [INFO]   thu hẹp hoạt động                        0
[2026-07-01 14:03:32] [TASK_8] [INFO]   dừng dự án                               0
[2026-07-01 14:03:32] [TASK_8] [INFO]   bị kiểm toán từ chối                     0
[2026-07-01 14:03:32] [TASK_8] [INFO]   cảnh báo                                 0
[2026-07-01 14:03:32] [TASK_8] [INFO]   đình chỉ                                 0
[2026-07-01 14:03:32] [TASK_8] [INFO]   khởi tố                                  0
[2026-07-01 14:03:32] [TASK_8] [INFO]   điều tra                                 0
[2026-07-01 14:03:32] [TASK_8] [INFO]   tranh chấp pháp lý                       0
[2026-07-01 14:03:32] [TASK_8] [INFO]   bị kiện                                  0
[2026-07-01 14:03:32] [TASK_8] [INFO] 
--- NEUTRAL keywords (9) ---
[2026-07-01 14:03:32] [TASK_8] [INFO]   đại hội cổ đông                          1
[2026-07-01 14:03:32] [TASK_8] [INFO]   thay đổi lãnh đạo                        1
[2026-07-01 14:03:32] [TASK_8] [INFO]   sáp nhập                                 1
[2026-07-01 14:03:32] [TASK_8] [INFO]   mua lại                                  1
[2026-07-01 14:03:32] [TASK_8] [INFO]   phát hành cổ phiếu mới                   1
[2026-07-01 14:03:32] [TASK_8] [INFO]   thoái vốn                                1
[2026-07-01 14:03:32] [TASK_8] [INFO]   họp HĐQT                                 0
[2026-07-01 14:03:32] [TASK_8] [INFO]   thay CEO                                 0
[2026-07-01 14:03:32] [TASK_8] [INFO]   niêm yết thêm                            0
[2026-07-01 14:03:32] [TASK_8] [INFO] 
Total keyword occurrences in corpus: 34
[2026-07-01 14:03:32] [TASK_8] [INFO] Keywords with zero occurrences: 72 / 106
[2026-07-01 14:03:32] [TASK_8] [INFO] ======================================================================
[2026-07-01 14:03:32] [TASK_8] [INFO] Keyword Builder (TASK 8) complete.
[2026-07-01 14:03:32] [TASK_8] [INFO] Starting Keyword Builder (TASK 8)...
[2026-07-01 14:03:32] [TASK_8] [INFO] Loaded 23 stopwords.
[2026-07-01 14:03:32] [TASK_8] [INFO] Extracting keyword candidates from 10 documents...
[2026-07-01 14:03:32] [TASK_8] [INFO] Saved 176 keyword candidates to C:\Users\User\AppData\Local\Temp\tmpq1vgjmyi\keyword_candidates.csv (unigrams: 83, bigrams: 93).
[2026-07-01 14:03:32] [TASK_8] [INFO] Curated keyword list: 43 positive, 54 negative, 9 neutral (total: 106).
[2026-07-01 14:03:32] [TASK_8] [INFO] Saved flat keyword list to C:\Users\User\AppData\Local\Temp\tmpq1vgjmyi\keywords_finance.json.
[2026-07-01 14:03:32] [TASK_8] [INFO] Saved group-level keyword breakdown to C:\Users\User\AppData\Local\Temp\tmpq1vgjmyi\keywords_by_group.json.
[2026-07-01 14:03:32] [TASK_8] [INFO] ======================================================================
[2026-07-01 14:03:32] [TASK_8] [INFO] KEYWORD CORPUS FREQUENCY REPORT
[2026-07-01 14:03:32] [TASK_8] [INFO] ======================================================================
[2026-07-01 14:03:32] [TASK_8] [INFO] 
--- POSITIVE keywords (43) ---
[2026-07-01 14:03:32] [TASK_8] [INFO]   lợi nhuận tăng                           1
[2026-07-01 14:03:32] [TASK_8] [INFO]   doanh thu tăng                           1
[2026-07-01 14:03:32] [TASK_8] [INFO]   kỷ lục                                   1
[2026-07-01 14:03:32] [TASK_8] [INFO]   tăng trưởng                              1
[2026-07-01 14:03:32] [TASK_8] [INFO]   tăng mạnh                                1
[2026-07-01 14:03:32] [TASK_8] [INFO]   chia cổ tức                              1
[2026-07-01 14:03:32] [TASK_8] [INFO]   cổ tức cao                               1
[2026-07-01 14:03:32] [TASK_8] [INFO]   cổ tức tiền mặt                          1
[2026-07-01 14:03:32] [TASK_8] [INFO]   giảm nợ                                  1
[2026-07-01 14:03:32] [TASK_8] [INFO]   trả nợ                                   1
[2026-07-01 14:03:32] [TASK_8] [INFO]   cải thiện tài chính                      1
[2026-07-01 14:03:32] [TASK_8] [INFO]   dòng tiền dương                          1
[2026-07-01 14:03:32] [TASK_8] [INFO]   ký kết hợp đồng                          1
[2026-07-01 14:03:32] [TASK_8] [INFO]   mở rộng thị trường                       1
[2026-07-01 14:03:32] [TASK_8] [INFO]   xuất khẩu tăng                           1
[2026-07-01 14:03:32] [TASK_8] [INFO]   tăng trưởng mạnh                         0
[2026-07-01 14:03:32] [TASK_8] [INFO]   vượt kế hoạch                            0
[2026-07-01 14:03:32] [TASK_8] [INFO]   lãi ròng                                 0
[2026-07-01 14:03:32] [TASK_8] [INFO]   lợi nhuận sau thuế tăng                  0
[2026-07-01 14:03:32] [TASK_8] [INFO]   kết quả tích cực                         0
[2026-07-01 14:03:32] [TASK_8] [INFO]   lãi khủng                                0
[2026-07-01 14:03:32] [TASK_8] [INFO]   lãi lớn                                  0
[2026-07-01 14:03:32] [TASK_8] [INFO]   lãi đậm                                  0
[2026-07-01 14:03:32] [TASK_8] [INFO]   báo lãi                                  0
[2026-07-01 14:03:32] [TASK_8] [INFO]   lợi nhuận kỷ lục                         0
[2026-07-01 14:03:32] [TASK_8] [INFO]   doanh thu kỷ lục                         0
[2026-07-01 14:03:32] [TASK_8] [INFO]   lãi kỷ lục                               0
[2026-07-01 14:03:32] [TASK_8] [INFO]   bứt phá                                  0
[2026-07-01 14:03:32] [TASK_8] [INFO]   tăng vọt                                 0
[2026-07-01 14:03:32] [TASK_8] [INFO]   khởi sắc                                 0
[2026-07-01 14:03:32] [TASK_8] [INFO]   phục hồi                                 0
[2026-07-01 14:03:32] [TASK_8] [INFO]   lập đỉnh                                 0
[2026-07-01 14:03:32] [TASK_8] [INFO]   hoàn thành kế hoạch                      0
[2026-07-01 14:03:32] [TASK_8] [INFO]   lợi nhuận cải thiện                      0
[2026-07-01 14:03:32] [TASK_8] [INFO]   mua lại cổ phiếu                         0
[2026-07-01 14:03:32] [TASK_8] [INFO]   phát hành thưởng                         0
[2026-07-01 14:03:32] [TASK_8] [INFO]   tăng vốn điều lệ                         0
[2026-07-01 14:03:32] [TASK_8] [INFO]   hệ số an toàn vốn                        0
[2026-07-01 14:03:32] [TASK_8] [INFO]   tiền mặt dồi dào                         0
[2026-07-01 14:03:32] [TASK_8] [INFO]   dự án mới                                0
[2026-07-01 14:03:32] [TASK_8] [INFO]   đầu tư mới                               0
[2026-07-01 14:03:32] [TASK_8] [INFO]   hợp tác chiến lược                       0
[2026-07-01 14:03:32] [TASK_8] [INFO]   thắng thầu                               0
[2026-07-01 14:03:32] [TASK_8] [INFO] 
--- NEGATIVE keywords (54) ---
[2026-07-01 14:03:32] [TASK_8] [INFO]   lợi nhuận giảm                           1
[2026-07-01 14:03:32] [TASK_8] [INFO]   doanh thu giảm                           1
[2026-07-01 14:03:32] [TASK_8] [INFO]   sụt giảm                                 1
[2026-07-01 14:03:32] [TASK_8] [INFO]   giảm mạnh                                1
[2026-07-01 14:03:32] [TASK_8] [INFO]   nợ xấu                                   1
[2026-07-01 14:03:32] [TASK_8] [INFO]   áp lực tài chính                         1
[2026-07-01 14:03:32] [TASK_8] [INFO]   dòng tiền âm                             1
[2026-07-01 14:03:32] [TASK_8] [INFO]   hủy hợp đồng                             1
[2026-07-01 14:03:32] [TASK_8] [INFO]   dự án trì hoãn                           1
[2026-07-01 14:03:32] [TASK_8] [INFO]   đóng cửa                                 1
[2026-07-01 14:03:32] [TASK_8] [INFO]   bị phạt                                  1
[2026-07-01 14:03:32] [TASK_8] [INFO]   vi phạm                                  1
[2026-07-01 14:03:32] [TASK_8] [INFO]   bị thanh tra                             1
[2026-07-01 14:03:32] [TASK_8] [INFO]   lợi nhuận âm                             0
[2026-07-01 14:03:32] [TASK_8] [INFO]   thua lỗ                                  0
[2026-07-01 14:03:32] [TASK_8] [INFO]   lỗ ròng                                  0
[2026-07-01 14:03:32] [TASK_8] [INFO]   dưới kế hoạch                            0
[2026-07-01 14:03:32] [TASK_8] [INFO]   kết quả tiêu cực                         0
[2026-07-01 14:03:32] [TASK_8] [INFO]   lợi nhuận thấp hơn                       0
[2026-07-01 14:03:32] [TASK_8] [INFO]   báo lỗ                                   0
[2026-07-01 14:03:32] [TASK_8] [INFO]   lỗ nặng                                  0
[2026-07-01 14:03:32] [TASK_8] [INFO]   lỗ lớn                                   0
[2026-07-01 14:03:32] [TASK_8] [INFO]   lỗ kỷ lục                                0
[2026-07-01 14:03:32] [TASK_8] [INFO]   lỗ lũy kế                                0
[2026-07-01 14:03:32] [TASK_8] [INFO]   lao dốc                                  0
[2026-07-01 14:03:32] [TASK_8] [INFO]   giảm sâu                                 0
[2026-07-01 14:03:32] [TASK_8] [INFO]   tụt dốc                                  0
[2026-07-01 14:03:32] [TASK_8] [INFO]   kinh doanh sa sút                        0
[2026-07-01 14:03:32] [TASK_8] [INFO]   âm vốn chủ sở hữu                        0
[2026-07-01 14:03:32] [TASK_8] [INFO]   lợi nhuận không tăng                     0
[2026-07-01 14:03:32] [TASK_8] [INFO]   doanh thu không tăng                     0
[2026-07-01 14:03:32] [TASK_8] [INFO]   không tăng trưởng                        0
[2026-07-01 14:03:32] [TASK_8] [INFO]   tăng trưởng chậm lại                     0
[2026-07-01 14:03:32] [TASK_8] [INFO]   không hoàn thành kế hoạch                0
[2026-07-01 14:03:32] [TASK_8] [INFO]   không đạt kế hoạch                       0
[2026-07-01 14:03:32] [TASK_8] [INFO]   chưa có lãi                              0
[2026-07-01 14:03:32] [TASK_8] [INFO]   không chia cổ tức                        0
[2026-07-01 14:03:32] [TASK_8] [INFO]   hủy cổ tức                               0
[2026-07-01 14:03:32] [TASK_8] [INFO]   giảm cổ tức                              0
[2026-07-01 14:03:32] [TASK_8] [INFO]   phát hành pha loãng                      0
[2026-07-01 14:03:32] [TASK_8] [INFO]   chào bán giá thấp                        0
[2026-07-01 14:03:32] [TASK_8] [INFO]   nợ vay tăng                              0
[2026-07-01 14:03:32] [TASK_8] [INFO]   nợ quá hạn                               0
[2026-07-01 14:03:32] [TASK_8] [INFO]   hệ số nợ cao                             0
[2026-07-01 14:03:32] [TASK_8] [INFO]   thiếu thanh khoản                        0
[2026-07-01 14:03:32] [TASK_8] [INFO]   thu hẹp hoạt động                        0
[2026-07-01 14:03:32] [TASK_8] [INFO]   dừng dự án                               0
[2026-07-01 14:03:32] [TASK_8] [INFO]   bị kiểm toán từ chối                     0
[2026-07-01 14:03:32] [TASK_8] [INFO]   cảnh báo                                 0
[2026-07-01 14:03:32] [TASK_8] [INFO]   đình chỉ                                 0
[2026-07-01 14:03:32] [TASK_8] [INFO]   khởi tố                                  0
[2026-07-01 14:03:32] [TASK_8] [INFO]   điều tra                                 0
[2026-07-01 14:03:32] [TASK_8] [INFO]   tranh chấp pháp lý                       0
[2026-07-01 14:03:32] [TASK_8] [INFO]   bị kiện                                  0
[2026-07-01 14:03:32] [TASK_8] [INFO] 
--- NEUTRAL keywords (9) ---
[2026-07-01 14:03:32] [TASK_8] [INFO]   đại hội cổ đông                          1
[2026-07-01 14:03:32] [TASK_8] [INFO]   thay đổi lãnh đạo                        1
[2026-07-01 14:03:32] [TASK_8] [INFO]   sáp nhập                                 1
[2026-07-01 14:03:32] [TASK_8] [INFO]   mua lại                                  1
[2026-07-01 14:03:32] [TASK_8] [INFO]   phát hành cổ phiếu mới                   1
[2026-07-01 14:03:32] [TASK_8] [INFO]   thoái vốn                                1
[2026-07-01 14:03:32] [TASK_8] [INFO]   họp HĐQT                                 0
[2026-07-01 14:03:32] [TASK_8] [INFO]   thay CEO                                 0
[2026-07-01 14:03:32] [TASK_8] [INFO]   niêm yết thêm                            0
[2026-07-01 14:03:32] [TASK_8] [INFO] 
Total keyword occurrences in corpus: 34
[2026-07-01 14:03:32] [TASK_8] [INFO] Keywords with zero occurrences: 72 / 106
[2026-07-01 14:03:32] [TASK_8] [INFO] ======================================================================
[2026-07-01 14:03:32] [TASK_8] [INFO] Keyword Builder (TASK 8) complete.
[2026-07-01 14:03:32] [TASK_8] [INFO] Starting Keyword Builder (TASK 8)...
[2026-07-01 14:03:32] [TASK_8] [INFO] Loaded 23 stopwords.
[2026-07-01 14:03:32] [TASK_8] [INFO] No corpus provided — skipping candidate extraction.
[2026-07-01 14:03:32] [TASK_8] [INFO] Curated keyword list: 43 positive, 54 negative, 9 neutral (total: 106).
[2026-07-01 14:03:32] [TASK_8] [INFO] Saved flat keyword list to C:\Users\User\AppData\Local\Temp\tmpr36x51ys\keywords_finance.json.
[2026-07-01 14:03:32] [TASK_8] [INFO] Saved group-level keyword breakdown to C:\Users\User\AppData\Local\Temp\tmpr36x51ys\keywords_by_group.json.
[2026-07-01 14:03:32] [TASK_8] [INFO] No corpus provided — skipping frequency report.
[2026-07-01 14:03:32] [TASK_8] [INFO] Keyword Builder (TASK 8) complete.
[2026-07-01 14:05:38] [TASK_8] [INFO] ============================================================
[2026-07-01 14:05:38] [TASK_8] [INFO] START TASK_8: Keyword Building (curate financial keywords)
[2026-07-01 14:05:38] [TASK_8] [INFO] Timestamp: 2026-07-01T14:05:38.752581
[2026-07-01 14:05:38] [TASK_8] [INFO] ============================================================
[2026-07-01 14:05:38] [TASK_8] [INFO] Input: data/news/processed/all_news_processed.csv (34979 rows)
[2026-07-01 14:05:38] [TASK_8] [INFO] ------------------------------------------------------------
[2026-07-01 14:05:38] [TASK_8] [INFO] END TASK_8 — completed in 0.0 seconds
[2026-07-01 14:05:38] [TASK_8] [INFO] ============================================================
[2026-07-01 14:05:39] [TASK_8] [INFO] ============================================================
[2026-07-01 14:05:39] [TASK_8] [INFO] START TASK_8: Keyword Building (curate financial keywords)
[2026-07-01 14:05:39] [TASK_8] [INFO] Timestamp: 2026-07-01T14:05:39.490424
[2026-07-01 14:05:39] [TASK_8] [INFO] ============================================================
[2026-07-01 14:05:39] [TASK_8] [INFO] Input: data/news/processed/all_news_processed.csv (34979 rows)
[2026-07-01 14:05:39] [TASK_8] [INFO] ------------------------------------------------------------
[2026-07-01 14:05:39] [TASK_8] [INFO] END TASK_8 — completed in 0.0 seconds
[2026-07-01 14:05:39] [TASK_8] [INFO] ============================================================
[2026-07-01 14:05:56] [TASK_8] [INFO] Starting Keyword Builder (TASK 8)...
[2026-07-01 14:05:56] [TASK_8] [INFO] Loaded 23 stopwords.
[2026-07-01 14:05:56] [TASK_8] [INFO] Extracting keyword candidates from 10 documents...
[2026-07-01 14:05:56] [TASK_8] [INFO] Saved 176 keyword candidates to C:\Users\User\AppData\Local\Temp\tmp8jcjjn65\keyword_candidates.csv (unigrams: 83, bigrams: 93).
[2026-07-01 14:05:56] [TASK_8] [INFO] Curated keyword list: 43 positive, 54 negative, 9 neutral (total: 106).
[2026-07-01 14:05:56] [TASK_8] [INFO] Saved flat keyword list to C:\Users\User\AppData\Local\Temp\tmp8jcjjn65\keywords_finance.json.
[2026-07-01 14:05:56] [TASK_8] [INFO] Saved group-level keyword breakdown to C:\Users\User\AppData\Local\Temp\tmp8jcjjn65\keywords_by_group.json.
[2026-07-01 14:05:56] [TASK_8] [INFO] ======================================================================
[2026-07-01 14:05:56] [TASK_8] [INFO] KEYWORD CORPUS FREQUENCY REPORT
[2026-07-01 14:05:56] [TASK_8] [INFO] ======================================================================
[2026-07-01 14:05:56] [TASK_8] [INFO] 
--- POSITIVE keywords (43) ---
[2026-07-01 14:05:56] [TASK_8] [INFO]   lợi nhuận tăng                           1
[2026-07-01 14:05:56] [TASK_8] [INFO]   doanh thu tăng                           1
[2026-07-01 14:05:56] [TASK_8] [INFO]   kỷ lục                                   1
[2026-07-01 14:05:56] [TASK_8] [INFO]   tăng trưởng                              1
[2026-07-01 14:05:56] [TASK_8] [INFO]   tăng mạnh                                1
[2026-07-01 14:05:56] [TASK_8] [INFO]   chia cổ tức                              1
[2026-07-01 14:05:56] [TASK_8] [INFO]   cổ tức cao                               1
[2026-07-01 14:05:56] [TASK_8] [INFO]   cổ tức tiền mặt                          1
[2026-07-01 14:05:56] [TASK_8] [INFO]   giảm nợ                                  1
[2026-07-01 14:05:56] [TASK_8] [INFO]   trả nợ                                   1
[2026-07-01 14:05:56] [TASK_8] [INFO]   cải thiện tài chính                      1
[2026-07-01 14:05:56] [TASK_8] [INFO]   dòng tiền dương                          1
[2026-07-01 14:05:56] [TASK_8] [INFO]   ký kết hợp đồng                          1
[2026-07-01 14:05:56] [TASK_8] [INFO]   mở rộng thị trường                       1
[2026-07-01 14:05:56] [TASK_8] [INFO]   xuất khẩu tăng                           1
[2026-07-01 14:05:56] [TASK_8] [INFO]   tăng trưởng mạnh                         0
[2026-07-01 14:05:56] [TASK_8] [INFO]   vượt kế hoạch                            0
[2026-07-01 14:05:56] [TASK_8] [INFO]   lãi ròng                                 0
[2026-07-01 14:05:56] [TASK_8] [INFO]   lợi nhuận sau thuế tăng                  0
[2026-07-01 14:05:56] [TASK_8] [INFO]   kết quả tích cực                         0
[2026-07-01 14:05:56] [TASK_8] [INFO]   lãi khủng                                0
[2026-07-01 14:05:56] [TASK_8] [INFO]   lãi lớn                                  0
[2026-07-01 14:05:56] [TASK_8] [INFO]   lãi đậm                                  0
[2026-07-01 14:05:56] [TASK_8] [INFO]   báo lãi                                  0
[2026-07-01 14:05:56] [TASK_8] [INFO]   lợi nhuận kỷ lục                         0
[2026-07-01 14:05:56] [TASK_8] [INFO]   doanh thu kỷ lục                         0
[2026-07-01 14:05:56] [TASK_8] [INFO]   lãi kỷ lục                               0
[2026-07-01 14:05:56] [TASK_8] [INFO]   bứt phá                                  0
[2026-07-01 14:05:56] [TASK_8] [INFO]   tăng vọt                                 0
[2026-07-01 14:05:56] [TASK_8] [INFO]   khởi sắc                                 0
[2026-07-01 14:05:56] [TASK_8] [INFO]   phục hồi                                 0
[2026-07-01 14:05:56] [TASK_8] [INFO]   lập đỉnh                                 0
[2026-07-01 14:05:56] [TASK_8] [INFO]   hoàn thành kế hoạch                      0
[2026-07-01 14:05:56] [TASK_8] [INFO]   lợi nhuận cải thiện                      0
[2026-07-01 14:05:56] [TASK_8] [INFO]   mua lại cổ phiếu                         0
[2026-07-01 14:05:56] [TASK_8] [INFO]   phát hành thưởng                         0
[2026-07-01 14:05:56] [TASK_8] [INFO]   tăng vốn điều lệ                         0
[2026-07-01 14:05:56] [TASK_8] [INFO]   hệ số an toàn vốn                        0
[2026-07-01 14:05:56] [TASK_8] [INFO]   tiền mặt dồi dào                         0
[2026-07-01 14:05:56] [TASK_8] [INFO]   dự án mới                                0
[2026-07-01 14:05:56] [TASK_8] [INFO]   đầu tư mới                               0
[2026-07-01 14:05:56] [TASK_8] [INFO]   hợp tác chiến lược                       0
[2026-07-01 14:05:56] [TASK_8] [INFO]   thắng thầu                               0
[2026-07-01 14:05:56] [TASK_8] [INFO] 
--- NEGATIVE keywords (54) ---
[2026-07-01 14:05:56] [TASK_8] [INFO]   lợi nhuận giảm                           1
[2026-07-01 14:05:56] [TASK_8] [INFO]   doanh thu giảm                           1
[2026-07-01 14:05:56] [TASK_8] [INFO]   sụt giảm                                 1
[2026-07-01 14:05:56] [TASK_8] [INFO]   giảm mạnh                                1
[2026-07-01 14:05:56] [TASK_8] [INFO]   nợ xấu                                   1
[2026-07-01 14:05:56] [TASK_8] [INFO]   áp lực tài chính                         1
[2026-07-01 14:05:56] [TASK_8] [INFO]   dòng tiền âm                             1
[2026-07-01 14:05:56] [TASK_8] [INFO]   hủy hợp đồng                             1
[2026-07-01 14:05:56] [TASK_8] [INFO]   dự án trì hoãn                           1
[2026-07-01 14:05:56] [TASK_8] [INFO]   đóng cửa                                 1
[2026-07-01 14:05:56] [TASK_8] [INFO]   bị phạt                                  1
[2026-07-01 14:05:56] [TASK_8] [INFO]   vi phạm                                  1
[2026-07-01 14:05:56] [TASK_8] [INFO]   bị thanh tra                             1
[2026-07-01 14:05:56] [TASK_8] [INFO]   lợi nhuận âm                             0
[2026-07-01 14:05:56] [TASK_8] [INFO]   thua lỗ                                  0
[2026-07-01 14:05:56] [TASK_8] [INFO]   lỗ ròng                                  0
[2026-07-01 14:05:56] [TASK_8] [INFO]   dưới kế hoạch                            0
[2026-07-01 14:05:56] [TASK_8] [INFO]   kết quả tiêu cực                         0
[2026-07-01 14:05:56] [TASK_8] [INFO]   lợi nhuận thấp hơn                       0
[2026-07-01 14:05:56] [TASK_8] [INFO]   báo lỗ                                   0
[2026-07-01 14:05:56] [TASK_8] [INFO]   lỗ nặng                                  0
[2026-07-01 14:05:56] [TASK_8] [INFO]   lỗ lớn                                   0
[2026-07-01 14:05:56] [TASK_8] [INFO]   lỗ kỷ lục                                0
[2026-07-01 14:05:56] [TASK_8] [INFO]   lỗ lũy kế                                0
[2026-07-01 14:05:56] [TASK_8] [INFO]   lao dốc                                  0
[2026-07-01 14:05:56] [TASK_8] [INFO]   giảm sâu                                 0
[2026-07-01 14:05:56] [TASK_8] [INFO]   tụt dốc                                  0
[2026-07-01 14:05:56] [TASK_8] [INFO]   kinh doanh sa sút                        0
[2026-07-01 14:05:56] [TASK_8] [INFO]   âm vốn chủ sở hữu                        0
[2026-07-01 14:05:56] [TASK_8] [INFO]   lợi nhuận không tăng                     0
[2026-07-01 14:05:56] [TASK_8] [INFO]   doanh thu không tăng                     0
[2026-07-01 14:05:56] [TASK_8] [INFO]   không tăng trưởng                        0
[2026-07-01 14:05:56] [TASK_8] [INFO]   tăng trưởng chậm lại                     0
[2026-07-01 14:05:56] [TASK_8] [INFO]   không hoàn thành kế hoạch                0
[2026-07-01 14:05:56] [TASK_8] [INFO]   không đạt kế hoạch                       0
[2026-07-01 14:05:56] [TASK_8] [INFO]   chưa có lãi                              0
[2026-07-01 14:05:56] [TASK_8] [INFO]   không chia cổ tức                        0
[2026-07-01 14:05:56] [TASK_8] [INFO]   hủy cổ tức                               0
[2026-07-01 14:05:56] [TASK_8] [INFO]   giảm cổ tức                              0
[2026-07-01 14:05:56] [TASK_8] [INFO]   phát hành pha loãng                      0
[2026-07-01 14:05:56] [TASK_8] [INFO]   chào bán giá thấp                        0
[2026-07-01 14:05:56] [TASK_8] [INFO]   nợ vay tăng                              0
[2026-07-01 14:05:56] [TASK_8] [INFO]   nợ quá hạn                               0
[2026-07-01 14:05:56] [TASK_8] [INFO]   hệ số nợ cao                             0
[2026-07-01 14:05:56] [TASK_8] [INFO]   thiếu thanh khoản                        0
[2026-07-01 14:05:56] [TASK_8] [INFO]   thu hẹp hoạt động                        0
[2026-07-01 14:05:56] [TASK_8] [INFO]   dừng dự án                               0
[2026-07-01 14:05:56] [TASK_8] [INFO]   bị kiểm toán từ chối                     0
[2026-07-01 14:05:56] [TASK_8] [INFO]   cảnh báo                                 0
[2026-07-01 14:05:56] [TASK_8] [INFO]   đình chỉ                                 0
[2026-07-01 14:05:56] [TASK_8] [INFO]   khởi tố                                  0
[2026-07-01 14:05:56] [TASK_8] [INFO]   điều tra                                 0
[2026-07-01 14:05:56] [TASK_8] [INFO]   tranh chấp pháp lý                       0
[2026-07-01 14:05:56] [TASK_8] [INFO]   bị kiện                                  0
[2026-07-01 14:05:56] [TASK_8] [INFO] 
--- NEUTRAL keywords (9) ---
[2026-07-01 14:05:56] [TASK_8] [INFO]   đại hội cổ đông                          1
[2026-07-01 14:05:56] [TASK_8] [INFO]   thay đổi lãnh đạo                        1
[2026-07-01 14:05:56] [TASK_8] [INFO]   sáp nhập                                 1
[2026-07-01 14:05:56] [TASK_8] [INFO]   mua lại                                  1
[2026-07-01 14:05:56] [TASK_8] [INFO]   phát hành cổ phiếu mới                   1
[2026-07-01 14:05:56] [TASK_8] [INFO]   thoái vốn                                1
[2026-07-01 14:05:56] [TASK_8] [INFO]   họp HĐQT                                 0
[2026-07-01 14:05:56] [TASK_8] [INFO]   thay CEO                                 0
[2026-07-01 14:05:56] [TASK_8] [INFO]   niêm yết thêm                            0
[2026-07-01 14:05:56] [TASK_8] [INFO] 
Total keyword occurrences in corpus: 34
[2026-07-01 14:05:56] [TASK_8] [INFO] Keywords with zero occurrences: 72 / 106
[2026-07-01 14:05:56] [TASK_8] [INFO] ======================================================================
[2026-07-01 14:05:56] [TASK_8] [INFO] Keyword Builder (TASK 8) complete.
[2026-07-01 14:05:56] [TASK_8] [INFO] Starting Keyword Builder (TASK 8)...
[2026-07-01 14:05:56] [TASK_8] [INFO] Loaded 23 stopwords.
[2026-07-01 14:05:56] [TASK_8] [INFO] Extracting keyword candidates from 10 documents...
[2026-07-01 14:05:56] [TASK_8] [INFO] Saved 176 keyword candidates to C:\Users\User\AppData\Local\Temp\tmpc5ti6n4w\keyword_candidates.csv (unigrams: 83, bigrams: 93).
[2026-07-01 14:05:56] [TASK_8] [INFO] Curated keyword list: 43 positive, 54 negative, 9 neutral (total: 106).
[2026-07-01 14:05:56] [TASK_8] [INFO] Saved flat keyword list to C:\Users\User\AppData\Local\Temp\tmpc5ti6n4w\keywords_finance.json.
[2026-07-01 14:05:56] [TASK_8] [INFO] Saved group-level keyword breakdown to C:\Users\User\AppData\Local\Temp\tmpc5ti6n4w\keywords_by_group.json.
[2026-07-01 14:05:57] [TASK_8] [INFO] ======================================================================
[2026-07-01 14:05:57] [TASK_8] [INFO] KEYWORD CORPUS FREQUENCY REPORT
[2026-07-01 14:05:57] [TASK_8] [INFO] ======================================================================
[2026-07-01 14:05:57] [TASK_8] [INFO] 
--- POSITIVE keywords (43) ---
[2026-07-01 14:05:57] [TASK_8] [INFO]   lợi nhuận tăng                           1
[2026-07-01 14:05:57] [TASK_8] [INFO]   doanh thu tăng                           1
[2026-07-01 14:05:57] [TASK_8] [INFO]   kỷ lục                                   1
[2026-07-01 14:05:57] [TASK_8] [INFO]   tăng trưởng                              1
[2026-07-01 14:05:57] [TASK_8] [INFO]   tăng mạnh                                1
[2026-07-01 14:05:57] [TASK_8] [INFO]   chia cổ tức                              1
[2026-07-01 14:05:57] [TASK_8] [INFO]   cổ tức cao                               1
[2026-07-01 14:05:57] [TASK_8] [INFO]   cổ tức tiền mặt                          1
[2026-07-01 14:05:57] [TASK_8] [INFO]   giảm nợ                                  1
[2026-07-01 14:05:57] [TASK_8] [INFO]   trả nợ                                   1
[2026-07-01 14:05:57] [TASK_8] [INFO]   cải thiện tài chính                      1
[2026-07-01 14:05:57] [TASK_8] [INFO]   dòng tiền dương                          1
[2026-07-01 14:05:57] [TASK_8] [INFO]   ký kết hợp đồng                          1
[2026-07-01 14:05:57] [TASK_8] [INFO]   mở rộng thị trường                       1
[2026-07-01 14:05:57] [TASK_8] [INFO]   xuất khẩu tăng                           1
[2026-07-01 14:05:57] [TASK_8] [INFO]   tăng trưởng mạnh                         0
[2026-07-01 14:05:57] [TASK_8] [INFO]   vượt kế hoạch                            0
[2026-07-01 14:05:57] [TASK_8] [INFO]   lãi ròng                                 0
[2026-07-01 14:05:57] [TASK_8] [INFO]   lợi nhuận sau thuế tăng                  0
[2026-07-01 14:05:57] [TASK_8] [INFO]   kết quả tích cực                         0
[2026-07-01 14:05:57] [TASK_8] [INFO]   lãi khủng                                0
[2026-07-01 14:05:57] [TASK_8] [INFO]   lãi lớn                                  0
[2026-07-01 14:05:57] [TASK_8] [INFO]   lãi đậm                                  0
[2026-07-01 14:05:57] [TASK_8] [INFO]   báo lãi                                  0
[2026-07-01 14:05:57] [TASK_8] [INFO]   lợi nhuận kỷ lục                         0
[2026-07-01 14:05:57] [TASK_8] [INFO]   doanh thu kỷ lục                         0
[2026-07-01 14:05:57] [TASK_8] [INFO]   lãi kỷ lục                               0
[2026-07-01 14:05:57] [TASK_8] [INFO]   bứt phá                                  0
[2026-07-01 14:05:57] [TASK_8] [INFO]   tăng vọt                                 0
[2026-07-01 14:05:57] [TASK_8] [INFO]   khởi sắc                                 0
[2026-07-01 14:05:57] [TASK_8] [INFO]   phục hồi                                 0
[2026-07-01 14:05:57] [TASK_8] [INFO]   lập đỉnh                                 0
[2026-07-01 14:05:57] [TASK_8] [INFO]   hoàn thành kế hoạch                      0
[2026-07-01 14:05:57] [TASK_8] [INFO]   lợi nhuận cải thiện                      0
[2026-07-01 14:05:57] [TASK_8] [INFO]   mua lại cổ phiếu                         0
[2026-07-01 14:05:57] [TASK_8] [INFO]   phát hành thưởng                         0
[2026-07-01 14:05:57] [TASK_8] [INFO]   tăng vốn điều lệ                         0
[2026-07-01 14:05:57] [TASK_8] [INFO]   hệ số an toàn vốn                        0
[2026-07-01 14:05:57] [TASK_8] [INFO]   tiền mặt dồi dào                         0
[2026-07-01 14:05:57] [TASK_8] [INFO]   dự án mới                                0
[2026-07-01 14:05:57] [TASK_8] [INFO]   đầu tư mới                               0
[2026-07-01 14:05:57] [TASK_8] [INFO]   hợp tác chiến lược                       0
[2026-07-01 14:05:57] [TASK_8] [INFO]   thắng thầu                               0
[2026-07-01 14:05:57] [TASK_8] [INFO] 
--- NEGATIVE keywords (54) ---
[2026-07-01 14:05:57] [TASK_8] [INFO]   lợi nhuận giảm                           1
[2026-07-01 14:05:57] [TASK_8] [INFO]   doanh thu giảm                           1
[2026-07-01 14:05:57] [TASK_8] [INFO]   sụt giảm                                 1
[2026-07-01 14:05:57] [TASK_8] [INFO]   giảm mạnh                                1
[2026-07-01 14:05:57] [TASK_8] [INFO]   nợ xấu                                   1
[2026-07-01 14:05:57] [TASK_8] [INFO]   áp lực tài chính                         1
[2026-07-01 14:05:57] [TASK_8] [INFO]   dòng tiền âm                             1
[2026-07-01 14:05:57] [TASK_8] [INFO]   hủy hợp đồng                             1
[2026-07-01 14:05:57] [TASK_8] [INFO]   dự án trì hoãn                           1
[2026-07-01 14:05:57] [TASK_8] [INFO]   đóng cửa                                 1
[2026-07-01 14:05:57] [TASK_8] [INFO]   bị phạt                                  1
[2026-07-01 14:05:57] [TASK_8] [INFO]   vi phạm                                  1
[2026-07-01 14:05:57] [TASK_8] [INFO]   bị thanh tra                             1
[2026-07-01 14:05:57] [TASK_8] [INFO]   lợi nhuận âm                             0
[2026-07-01 14:05:57] [TASK_8] [INFO]   thua lỗ                                  0
[2026-07-01 14:05:57] [TASK_8] [INFO]   lỗ ròng                                  0
[2026-07-01 14:05:57] [TASK_8] [INFO]   dưới kế hoạch                            0
[2026-07-01 14:05:57] [TASK_8] [INFO]   kết quả tiêu cực                         0
[2026-07-01 14:05:57] [TASK_8] [INFO]   lợi nhuận thấp hơn                       0
[2026-07-01 14:05:57] [TASK_8] [INFO]   báo lỗ                                   0
[2026-07-01 14:05:57] [TASK_8] [INFO]   lỗ nặng                                  0
[2026-07-01 14:05:57] [TASK_8] [INFO]   lỗ lớn                                   0
[2026-07-01 14:05:57] [TASK_8] [INFO]   lỗ kỷ lục                                0
[2026-07-01 14:05:57] [TASK_8] [INFO]   lỗ lũy kế                                0
[2026-07-01 14:05:57] [TASK_8] [INFO]   lao dốc                                  0
[2026-07-01 14:05:57] [TASK_8] [INFO]   giảm sâu                                 0
[2026-07-01 14:05:57] [TASK_8] [INFO]   tụt dốc                                  0
[2026-07-01 14:05:57] [TASK_8] [INFO]   kinh doanh sa sút                        0
[2026-07-01 14:05:57] [TASK_8] [INFO]   âm vốn chủ sở hữu                        0
[2026-07-01 14:05:57] [TASK_8] [INFO]   lợi nhuận không tăng                     0
[2026-07-01 14:05:57] [TASK_8] [INFO]   doanh thu không tăng                     0
[2026-07-01 14:05:57] [TASK_8] [INFO]   không tăng trưởng                        0
[2026-07-01 14:05:57] [TASK_8] [INFO]   tăng trưởng chậm lại                     0
[2026-07-01 14:05:57] [TASK_8] [INFO]   không hoàn thành kế hoạch                0
[2026-07-01 14:05:57] [TASK_8] [INFO]   không đạt kế hoạch                       0
[2026-07-01 14:05:57] [TASK_8] [INFO]   chưa có lãi                              0
[2026-07-01 14:05:57] [TASK_8] [INFO]   không chia cổ tức                        0
[2026-07-01 14:05:57] [TASK_8] [INFO]   hủy cổ tức                               0
[2026-07-01 14:05:57] [TASK_8] [INFO]   giảm cổ tức                              0
[2026-07-01 14:05:57] [TASK_8] [INFO]   phát hành pha loãng                      0
[2026-07-01 14:05:57] [TASK_8] [INFO]   chào bán giá thấp                        0
[2026-07-01 14:05:57] [TASK_8] [INFO]   nợ vay tăng                              0
[2026-07-01 14:05:57] [TASK_8] [INFO]   nợ quá hạn                               0
[2026-07-01 14:05:57] [TASK_8] [INFO]   hệ số nợ cao                             0
[2026-07-01 14:05:57] [TASK_8] [INFO]   thiếu thanh khoản                        0
[2026-07-01 14:05:57] [TASK_8] [INFO]   thu hẹp hoạt động                        0
[2026-07-01 14:05:57] [TASK_8] [INFO]   dừng dự án                               0
[2026-07-01 14:05:57] [TASK_8] [INFO]   bị kiểm toán từ chối                     0
[2026-07-01 14:05:57] [TASK_8] [INFO]   cảnh báo                                 0
[2026-07-01 14:05:57] [TASK_8] [INFO]   đình chỉ                                 0
[2026-07-01 14:05:57] [TASK_8] [INFO]   khởi tố                                  0
[2026-07-01 14:05:57] [TASK_8] [INFO]   điều tra                                 0
[2026-07-01 14:05:57] [TASK_8] [INFO]   tranh chấp pháp lý                       0
[2026-07-01 14:05:57] [TASK_8] [INFO]   bị kiện                                  0
[2026-07-01 14:05:57] [TASK_8] [INFO] 
--- NEUTRAL keywords (9) ---
[2026-07-01 14:05:57] [TASK_8] [INFO]   đại hội cổ đông                          1
[2026-07-01 14:05:57] [TASK_8] [INFO]   thay đổi lãnh đạo                        1
[2026-07-01 14:05:57] [TASK_8] [INFO]   sáp nhập                                 1
[2026-07-01 14:05:57] [TASK_8] [INFO]   mua lại                                  1
[2026-07-01 14:05:57] [TASK_8] [INFO]   phát hành cổ phiếu mới                   1
[2026-07-01 14:05:57] [TASK_8] [INFO]   thoái vốn                                1
[2026-07-01 14:05:57] [TASK_8] [INFO]   họp HĐQT                                 0
[2026-07-01 14:05:57] [TASK_8] [INFO]   thay CEO                                 0
[2026-07-01 14:05:57] [TASK_8] [INFO]   niêm yết thêm                            0
[2026-07-01 14:05:57] [TASK_8] [INFO] 
Total keyword occurrences in corpus: 34
[2026-07-01 14:05:57] [TASK_8] [INFO] Keywords with zero occurrences: 72 / 106
[2026-07-01 14:05:57] [TASK_8] [INFO] ======================================================================
[2026-07-01 14:05:57] [TASK_8] [INFO] Keyword Builder (TASK 8) complete.
[2026-07-01 14:05:57] [TASK_8] [INFO] Starting Keyword Builder (TASK 8)...
[2026-07-01 14:05:57] [TASK_8] [INFO] Loaded 23 stopwords.
[2026-07-01 14:05:57] [TASK_8] [INFO] No corpus provided — skipping candidate extraction.
[2026-07-01 14:05:57] [TASK_8] [INFO] Curated keyword list: 43 positive, 54 negative, 9 neutral (total: 106).
[2026-07-01 14:05:57] [TASK_8] [INFO] Saved flat keyword list to C:\Users\User\AppData\Local\Temp\tmpih2wl89m\keywords_finance.json.
[2026-07-01 14:05:57] [TASK_8] [INFO] Saved group-level keyword breakdown to C:\Users\User\AppData\Local\Temp\tmpih2wl89m\keywords_by_group.json.
[2026-07-01 14:05:57] [TASK_8] [INFO] No corpus provided — skipping frequency report.
[2026-07-01 14:05:57] [TASK_8] [INFO] Keyword Builder (TASK 8) complete.
[2026-07-01 14:07:28] [TASK_8] [INFO] ============================================================
[2026-07-01 14:07:28] [TASK_8] [INFO] START TASK_8: Keyword Building (curate financial keywords)
[2026-07-01 14:07:28] [TASK_8] [INFO] Timestamp: 2026-07-01T14:07:28.550223
[2026-07-01 14:07:28] [TASK_8] [INFO] ============================================================
[2026-07-01 14:07:28] [TASK_8] [INFO] Input: data/news/processed/all_news_processed.csv (34979 rows)
[2026-07-01 14:07:28] [TASK_8] [INFO] ------------------------------------------------------------
[2026-07-01 14:07:28] [TASK_8] [INFO] END TASK_8 — completed in 0.0 seconds
[2026-07-01 14:07:28] [TASK_8] [INFO] ============================================================
[2026-07-01 14:07:29] [TASK_8] [INFO] ============================================================
[2026-07-01 14:07:29] [TASK_8] [INFO] START TASK_8: Keyword Building (curate financial keywords)
[2026-07-01 14:07:29] [TASK_8] [INFO] Timestamp: 2026-07-01T14:07:29.285141
[2026-07-01 14:07:29] [TASK_8] [INFO] ============================================================
[2026-07-01 14:07:29] [TASK_8] [INFO] Input: data/news/processed/all_news_processed.csv (34979 rows)
[2026-07-01 14:07:29] [TASK_8] [INFO] ------------------------------------------------------------
[2026-07-01 14:07:29] [TASK_8] [INFO] END TASK_8 — completed in 0.0 seconds
[2026-07-01 14:07:29] [TASK_8] [INFO] ============================================================
[2026-07-01 14:07:46] [TASK_8] [INFO] Starting Keyword Builder (TASK 8)...
[2026-07-01 14:07:46] [TASK_8] [INFO] Loaded 23 stopwords.
[2026-07-01 14:07:46] [TASK_8] [INFO] Extracting keyword candidates from 10 documents...
[2026-07-01 14:07:46] [TASK_8] [INFO] Saved 176 keyword candidates to C:\Users\User\AppData\Local\Temp\tmp4t9xv5tz\keyword_candidates.csv (unigrams: 83, bigrams: 93).
[2026-07-01 14:07:46] [TASK_8] [INFO] Curated keyword list: 43 positive, 54 negative, 9 neutral (total: 106).
[2026-07-01 14:07:46] [TASK_8] [INFO] Saved flat keyword list to C:\Users\User\AppData\Local\Temp\tmp4t9xv5tz\keywords_finance.json.
[2026-07-01 14:07:46] [TASK_8] [INFO] Saved group-level keyword breakdown to C:\Users\User\AppData\Local\Temp\tmp4t9xv5tz\keywords_by_group.json.
[2026-07-01 14:07:46] [TASK_8] [INFO] ======================================================================
[2026-07-01 14:07:46] [TASK_8] [INFO] KEYWORD CORPUS FREQUENCY REPORT
[2026-07-01 14:07:46] [TASK_8] [INFO] ======================================================================
[2026-07-01 14:07:46] [TASK_8] [INFO] 
--- POSITIVE keywords (43) ---
[2026-07-01 14:07:46] [TASK_8] [INFO]   lợi nhuận tăng                           1
[2026-07-01 14:07:46] [TASK_8] [INFO]   doanh thu tăng                           1
[2026-07-01 14:07:46] [TASK_8] [INFO]   kỷ lục                                   1
[2026-07-01 14:07:46] [TASK_8] [INFO]   tăng trưởng                              1
[2026-07-01 14:07:46] [TASK_8] [INFO]   tăng mạnh                                1
[2026-07-01 14:07:46] [TASK_8] [INFO]   chia cổ tức                              1
[2026-07-01 14:07:46] [TASK_8] [INFO]   cổ tức cao                               1
[2026-07-01 14:07:46] [TASK_8] [INFO]   cổ tức tiền mặt                          1
[2026-07-01 14:07:46] [TASK_8] [INFO]   giảm nợ                                  1
[2026-07-01 14:07:46] [TASK_8] [INFO]   trả nợ                                   1
[2026-07-01 14:07:46] [TASK_8] [INFO]   cải thiện tài chính                      1
[2026-07-01 14:07:46] [TASK_8] [INFO]   dòng tiền dương                          1
[2026-07-01 14:07:46] [TASK_8] [INFO]   ký kết hợp đồng                          1
[2026-07-01 14:07:46] [TASK_8] [INFO]   mở rộng thị trường                       1
[2026-07-01 14:07:46] [TASK_8] [INFO]   xuất khẩu tăng                           1
[2026-07-01 14:07:46] [TASK_8] [INFO]   tăng trưởng mạnh                         0
[2026-07-01 14:07:46] [TASK_8] [INFO]   vượt kế hoạch                            0
[2026-07-01 14:07:46] [TASK_8] [INFO]   lãi ròng                                 0
[2026-07-01 14:07:46] [TASK_8] [INFO]   lợi nhuận sau thuế tăng                  0
[2026-07-01 14:07:46] [TASK_8] [INFO]   kết quả tích cực                         0
[2026-07-01 14:07:46] [TASK_8] [INFO]   lãi khủng                                0
[2026-07-01 14:07:46] [TASK_8] [INFO]   lãi lớn                                  0
[2026-07-01 14:07:46] [TASK_8] [INFO]   lãi đậm                                  0
[2026-07-01 14:07:46] [TASK_8] [INFO]   báo lãi                                  0
[2026-07-01 14:07:46] [TASK_8] [INFO]   lợi nhuận kỷ lục                         0
[2026-07-01 14:07:46] [TASK_8] [INFO]   doanh thu kỷ lục                         0
[2026-07-01 14:07:46] [TASK_8] [INFO]   lãi kỷ lục                               0
[2026-07-01 14:07:46] [TASK_8] [INFO]   bứt phá                                  0
[2026-07-01 14:07:46] [TASK_8] [INFO]   tăng vọt                                 0
[2026-07-01 14:07:46] [TASK_8] [INFO]   khởi sắc                                 0
[2026-07-01 14:07:46] [TASK_8] [INFO]   phục hồi                                 0
[2026-07-01 14:07:46] [TASK_8] [INFO]   lập đỉnh                                 0
[2026-07-01 14:07:46] [TASK_8] [INFO]   hoàn thành kế hoạch                      0
[2026-07-01 14:07:46] [TASK_8] [INFO]   lợi nhuận cải thiện                      0
[2026-07-01 14:07:46] [TASK_8] [INFO]   mua lại cổ phiếu                         0
[2026-07-01 14:07:46] [TASK_8] [INFO]   phát hành thưởng                         0
[2026-07-01 14:07:46] [TASK_8] [INFO]   tăng vốn điều lệ                         0
[2026-07-01 14:07:46] [TASK_8] [INFO]   hệ số an toàn vốn                        0
[2026-07-01 14:07:46] [TASK_8] [INFO]   tiền mặt dồi dào                         0
[2026-07-01 14:07:46] [TASK_8] [INFO]   dự án mới                                0
[2026-07-01 14:07:46] [TASK_8] [INFO]   đầu tư mới                               0
[2026-07-01 14:07:46] [TASK_8] [INFO]   hợp tác chiến lược                       0
[2026-07-01 14:07:46] [TASK_8] [INFO]   thắng thầu                               0
[2026-07-01 14:07:46] [TASK_8] [INFO] 
--- NEGATIVE keywords (54) ---
[2026-07-01 14:07:46] [TASK_8] [INFO]   lợi nhuận giảm                           1
[2026-07-01 14:07:46] [TASK_8] [INFO]   doanh thu giảm                           1
[2026-07-01 14:07:46] [TASK_8] [INFO]   sụt giảm                                 1
[2026-07-01 14:07:46] [TASK_8] [INFO]   giảm mạnh                                1
[2026-07-01 14:07:46] [TASK_8] [INFO]   nợ xấu                                   1
[2026-07-01 14:07:46] [TASK_8] [INFO]   áp lực tài chính                         1
[2026-07-01 14:07:46] [TASK_8] [INFO]   dòng tiền âm                             1
[2026-07-01 14:07:46] [TASK_8] [INFO]   hủy hợp đồng                             1
[2026-07-01 14:07:46] [TASK_8] [INFO]   dự án trì hoãn                           1
[2026-07-01 14:07:46] [TASK_8] [INFO]   đóng cửa                                 1
[2026-07-01 14:07:46] [TASK_8] [INFO]   bị phạt                                  1
[2026-07-01 14:07:46] [TASK_8] [INFO]   vi phạm                                  1
[2026-07-01 14:07:46] [TASK_8] [INFO]   bị thanh tra                             1
[2026-07-01 14:07:46] [TASK_8] [INFO]   lợi nhuận âm                             0
[2026-07-01 14:07:46] [TASK_8] [INFO]   thua lỗ                                  0
[2026-07-01 14:07:46] [TASK_8] [INFO]   lỗ ròng                                  0
[2026-07-01 14:07:46] [TASK_8] [INFO]   dưới kế hoạch                            0
[2026-07-01 14:07:46] [TASK_8] [INFO]   kết quả tiêu cực                         0
[2026-07-01 14:07:46] [TASK_8] [INFO]   lợi nhuận thấp hơn                       0
[2026-07-01 14:07:46] [TASK_8] [INFO]   báo lỗ                                   0
[2026-07-01 14:07:46] [TASK_8] [INFO]   lỗ nặng                                  0
[2026-07-01 14:07:46] [TASK_8] [INFO]   lỗ lớn                                   0
[2026-07-01 14:07:46] [TASK_8] [INFO]   lỗ kỷ lục                                0
[2026-07-01 14:07:46] [TASK_8] [INFO]   lỗ lũy kế                                0
[2026-07-01 14:07:46] [TASK_8] [INFO]   lao dốc                                  0
[2026-07-01 14:07:46] [TASK_8] [INFO]   giảm sâu                                 0
[2026-07-01 14:07:46] [TASK_8] [INFO]   tụt dốc                                  0
[2026-07-01 14:07:46] [TASK_8] [INFO]   kinh doanh sa sút                        0
[2026-07-01 14:07:46] [TASK_8] [INFO]   âm vốn chủ sở hữu                        0
[2026-07-01 14:07:46] [TASK_8] [INFO]   lợi nhuận không tăng                     0
[2026-07-01 14:07:46] [TASK_8] [INFO]   doanh thu không tăng                     0
[2026-07-01 14:07:46] [TASK_8] [INFO]   không tăng trưởng                        0
[2026-07-01 14:07:46] [TASK_8] [INFO]   tăng trưởng chậm lại                     0
[2026-07-01 14:07:46] [TASK_8] [INFO]   không hoàn thành kế hoạch                0
[2026-07-01 14:07:46] [TASK_8] [INFO]   không đạt kế hoạch                       0
[2026-07-01 14:07:46] [TASK_8] [INFO]   chưa có lãi                              0
[2026-07-01 14:07:46] [TASK_8] [INFO]   không chia cổ tức                        0
[2026-07-01 14:07:46] [TASK_8] [INFO]   hủy cổ tức                               0
[2026-07-01 14:07:46] [TASK_8] [INFO]   giảm cổ tức                              0
[2026-07-01 14:07:46] [TASK_8] [INFO]   phát hành pha loãng                      0
[2026-07-01 14:07:46] [TASK_8] [INFO]   chào bán giá thấp                        0
[2026-07-01 14:07:46] [TASK_8] [INFO]   nợ vay tăng                              0
[2026-07-01 14:07:46] [TASK_8] [INFO]   nợ quá hạn                               0
[2026-07-01 14:07:46] [TASK_8] [INFO]   hệ số nợ cao                             0
[2026-07-01 14:07:46] [TASK_8] [INFO]   thiếu thanh khoản                        0
[2026-07-01 14:07:46] [TASK_8] [INFO]   thu hẹp hoạt động                        0
[2026-07-01 14:07:46] [TASK_8] [INFO]   dừng dự án                               0
[2026-07-01 14:07:46] [TASK_8] [INFO]   bị kiểm toán từ chối                     0
[2026-07-01 14:07:46] [TASK_8] [INFO]   cảnh báo                                 0
[2026-07-01 14:07:46] [TASK_8] [INFO]   đình chỉ                                 0
[2026-07-01 14:07:46] [TASK_8] [INFO]   khởi tố                                  0
[2026-07-01 14:07:46] [TASK_8] [INFO]   điều tra                                 0
[2026-07-01 14:07:46] [TASK_8] [INFO]   tranh chấp pháp lý                       0
[2026-07-01 14:07:46] [TASK_8] [INFO]   bị kiện                                  0
[2026-07-01 14:07:46] [TASK_8] [INFO] 
--- NEUTRAL keywords (9) ---
[2026-07-01 14:07:46] [TASK_8] [INFO]   đại hội cổ đông                          1
[2026-07-01 14:07:46] [TASK_8] [INFO]   thay đổi lãnh đạo                        1
[2026-07-01 14:07:46] [TASK_8] [INFO]   sáp nhập                                 1
[2026-07-01 14:07:46] [TASK_8] [INFO]   mua lại                                  1
[2026-07-01 14:07:46] [TASK_8] [INFO]   phát hành cổ phiếu mới                   1
[2026-07-01 14:07:46] [TASK_8] [INFO]   thoái vốn                                1
[2026-07-01 14:07:46] [TASK_8] [INFO]   họp HĐQT                                 0
[2026-07-01 14:07:46] [TASK_8] [INFO]   thay CEO                                 0
[2026-07-01 14:07:46] [TASK_8] [INFO]   niêm yết thêm                            0
[2026-07-01 14:07:46] [TASK_8] [INFO] 
Total keyword occurrences in corpus: 34
[2026-07-01 14:07:46] [TASK_8] [INFO] Keywords with zero occurrences: 72 / 106
[2026-07-01 14:07:46] [TASK_8] [INFO] ======================================================================
[2026-07-01 14:07:46] [TASK_8] [INFO] Keyword Builder (TASK 8) complete.
[2026-07-01 14:07:46] [TASK_8] [INFO] Starting Keyword Builder (TASK 8)...
[2026-07-01 14:07:46] [TASK_8] [INFO] Loaded 23 stopwords.
[2026-07-01 14:07:46] [TASK_8] [INFO] Extracting keyword candidates from 10 documents...
[2026-07-01 14:07:46] [TASK_8] [INFO] Saved 176 keyword candidates to C:\Users\User\AppData\Local\Temp\tmpvb1b5b6q\keyword_candidates.csv (unigrams: 83, bigrams: 93).
[2026-07-01 14:07:46] [TASK_8] [INFO] Curated keyword list: 43 positive, 54 negative, 9 neutral (total: 106).
[2026-07-01 14:07:46] [TASK_8] [INFO] Saved flat keyword list to C:\Users\User\AppData\Local\Temp\tmpvb1b5b6q\keywords_finance.json.
[2026-07-01 14:07:46] [TASK_8] [INFO] Saved group-level keyword breakdown to C:\Users\User\AppData\Local\Temp\tmpvb1b5b6q\keywords_by_group.json.
[2026-07-01 14:07:46] [TASK_8] [INFO] ======================================================================
[2026-07-01 14:07:46] [TASK_8] [INFO] KEYWORD CORPUS FREQUENCY REPORT
[2026-07-01 14:07:46] [TASK_8] [INFO] ======================================================================
[2026-07-01 14:07:46] [TASK_8] [INFO] 
--- POSITIVE keywords (43) ---
[2026-07-01 14:07:46] [TASK_8] [INFO]   lợi nhuận tăng                           1
[2026-07-01 14:07:46] [TASK_8] [INFO]   doanh thu tăng                           1
[2026-07-01 14:07:46] [TASK_8] [INFO]   kỷ lục                                   1
[2026-07-01 14:07:46] [TASK_8] [INFO]   tăng trưởng                              1
[2026-07-01 14:07:46] [TASK_8] [INFO]   tăng mạnh                                1
[2026-07-01 14:07:46] [TASK_8] [INFO]   chia cổ tức                              1
[2026-07-01 14:07:46] [TASK_8] [INFO]   cổ tức cao                               1
[2026-07-01 14:07:46] [TASK_8] [INFO]   cổ tức tiền mặt                          1
[2026-07-01 14:07:46] [TASK_8] [INFO]   giảm nợ                                  1
[2026-07-01 14:07:46] [TASK_8] [INFO]   trả nợ                                   1
[2026-07-01 14:07:46] [TASK_8] [INFO]   cải thiện tài chính                      1
[2026-07-01 14:07:46] [TASK_8] [INFO]   dòng tiền dương                          1
[2026-07-01 14:07:46] [TASK_8] [INFO]   ký kết hợp đồng                          1
[2026-07-01 14:07:46] [TASK_8] [INFO]   mở rộng thị trường                       1
[2026-07-01 14:07:46] [TASK_8] [INFO]   xuất khẩu tăng                           1
[2026-07-01 14:07:46] [TASK_8] [INFO]   tăng trưởng mạnh                         0
[2026-07-01 14:07:46] [TASK_8] [INFO]   vượt kế hoạch                            0
[2026-07-01 14:07:46] [TASK_8] [INFO]   lãi ròng                                 0
[2026-07-01 14:07:46] [TASK_8] [INFO]   lợi nhuận sau thuế tăng                  0
[2026-07-01 14:07:46] [TASK_8] [INFO]   kết quả tích cực                         0
[2026-07-01 14:07:46] [TASK_8] [INFO]   lãi khủng                                0
[2026-07-01 14:07:46] [TASK_8] [INFO]   lãi lớn                                  0
[2026-07-01 14:07:46] [TASK_8] [INFO]   lãi đậm                                  0
[2026-07-01 14:07:46] [TASK_8] [INFO]   báo lãi                                  0
[2026-07-01 14:07:46] [TASK_8] [INFO]   lợi nhuận kỷ lục                         0
[2026-07-01 14:07:46] [TASK_8] [INFO]   doanh thu kỷ lục                         0
[2026-07-01 14:07:46] [TASK_8] [INFO]   lãi kỷ lục                               0
[2026-07-01 14:07:46] [TASK_8] [INFO]   bứt phá                                  0
[2026-07-01 14:07:46] [TASK_8] [INFO]   tăng vọt                                 0
[2026-07-01 14:07:46] [TASK_8] [INFO]   khởi sắc                                 0
[2026-07-01 14:07:46] [TASK_8] [INFO]   phục hồi                                 0
[2026-07-01 14:07:46] [TASK_8] [INFO]   lập đỉnh                                 0
[2026-07-01 14:07:46] [TASK_8] [INFO]   hoàn thành kế hoạch                      0
[2026-07-01 14:07:46] [TASK_8] [INFO]   lợi nhuận cải thiện                      0
[2026-07-01 14:07:46] [TASK_8] [INFO]   mua lại cổ phiếu                         0
[2026-07-01 14:07:46] [TASK_8] [INFO]   phát hành thưởng                         0
[2026-07-01 14:07:46] [TASK_8] [INFO]   tăng vốn điều lệ                         0
[2026-07-01 14:07:46] [TASK_8] [INFO]   hệ số an toàn vốn                        0
[2026-07-01 14:07:46] [TASK_8] [INFO]   tiền mặt dồi dào                         0
[2026-07-01 14:07:46] [TASK_8] [INFO]   dự án mới                                0
[2026-07-01 14:07:46] [TASK_8] [INFO]   đầu tư mới                               0
[2026-07-01 14:07:46] [TASK_8] [INFO]   hợp tác chiến lược                       0
[2026-07-01 14:07:46] [TASK_8] [INFO]   thắng thầu                               0
[2026-07-01 14:07:46] [TASK_8] [INFO] 
--- NEGATIVE keywords (54) ---
[2026-07-01 14:07:46] [TASK_8] [INFO]   lợi nhuận giảm                           1
[2026-07-01 14:07:46] [TASK_8] [INFO]   doanh thu giảm                           1
[2026-07-01 14:07:46] [TASK_8] [INFO]   sụt giảm                                 1
[2026-07-01 14:07:46] [TASK_8] [INFO]   giảm mạnh                                1
[2026-07-01 14:07:46] [TASK_8] [INFO]   nợ xấu                                   1
[2026-07-01 14:07:46] [TASK_8] [INFO]   áp lực tài chính                         1
[2026-07-01 14:07:46] [TASK_8] [INFO]   dòng tiền âm                             1
[2026-07-01 14:07:46] [TASK_8] [INFO]   hủy hợp đồng                             1
[2026-07-01 14:07:46] [TASK_8] [INFO]   dự án trì hoãn                           1
[2026-07-01 14:07:46] [TASK_8] [INFO]   đóng cửa                                 1
[2026-07-01 14:07:46] [TASK_8] [INFO]   bị phạt                                  1
[2026-07-01 14:07:46] [TASK_8] [INFO]   vi phạm                                  1
[2026-07-01 14:07:46] [TASK_8] [INFO]   bị thanh tra                             1
[2026-07-01 14:07:46] [TASK_8] [INFO]   lợi nhuận âm                             0
[2026-07-01 14:07:46] [TASK_8] [INFO]   thua lỗ                                  0
[2026-07-01 14:07:46] [TASK_8] [INFO]   lỗ ròng                                  0
[2026-07-01 14:07:46] [TASK_8] [INFO]   dưới kế hoạch                            0
[2026-07-01 14:07:46] [TASK_8] [INFO]   kết quả tiêu cực                         0
[2026-07-01 14:07:46] [TASK_8] [INFO]   lợi nhuận thấp hơn                       0
[2026-07-01 14:07:46] [TASK_8] [INFO]   báo lỗ                                   0
[2026-07-01 14:07:46] [TASK_8] [INFO]   lỗ nặng                                  0
[2026-07-01 14:07:46] [TASK_8] [INFO]   lỗ lớn                                   0
[2026-07-01 14:07:46] [TASK_8] [INFO]   lỗ kỷ lục                                0
[2026-07-01 14:07:46] [TASK_8] [INFO]   lỗ lũy kế                                0
[2026-07-01 14:07:46] [TASK_8] [INFO]   lao dốc                                  0
[2026-07-01 14:07:46] [TASK_8] [INFO]   giảm sâu                                 0
[2026-07-01 14:07:46] [TASK_8] [INFO]   tụt dốc                                  0
[2026-07-01 14:07:46] [TASK_8] [INFO]   kinh doanh sa sút                        0
[2026-07-01 14:07:46] [TASK_8] [INFO]   âm vốn chủ sở hữu                        0
[2026-07-01 14:07:46] [TASK_8] [INFO]   lợi nhuận không tăng                     0
[2026-07-01 14:07:46] [TASK_8] [INFO]   doanh thu không tăng                     0
[2026-07-01 14:07:46] [TASK_8] [INFO]   không tăng trưởng                        0
[2026-07-01 14:07:46] [TASK_8] [INFO]   tăng trưởng chậm lại                     0
[2026-07-01 14:07:46] [TASK_8] [INFO]   không hoàn thành kế hoạch                0
[2026-07-01 14:07:46] [TASK_8] [INFO]   không đạt kế hoạch                       0
[2026-07-01 14:07:46] [TASK_8] [INFO]   chưa có lãi                              0
[2026-07-01 14:07:46] [TASK_8] [INFO]   không chia cổ tức                        0
[2026-07-01 14:07:46] [TASK_8] [INFO]   hủy cổ tức                               0
[2026-07-01 14:07:46] [TASK_8] [INFO]   giảm cổ tức                              0
[2026-07-01 14:07:46] [TASK_8] [INFO]   phát hành pha loãng                      0
[2026-07-01 14:07:46] [TASK_8] [INFO]   chào bán giá thấp                        0
[2026-07-01 14:07:46] [TASK_8] [INFO]   nợ vay tăng                              0
[2026-07-01 14:07:46] [TASK_8] [INFO]   nợ quá hạn                               0
[2026-07-01 14:07:46] [TASK_8] [INFO]   hệ số nợ cao                             0
[2026-07-01 14:07:46] [TASK_8] [INFO]   thiếu thanh khoản                        0
[2026-07-01 14:07:46] [TASK_8] [INFO]   thu hẹp hoạt động                        0
[2026-07-01 14:07:46] [TASK_8] [INFO]   dừng dự án                               0
[2026-07-01 14:07:46] [TASK_8] [INFO]   bị kiểm toán từ chối                     0
[2026-07-01 14:07:46] [TASK_8] [INFO]   cảnh báo                                 0
[2026-07-01 14:07:46] [TASK_8] [INFO]   đình chỉ                                 0
[2026-07-01 14:07:46] [TASK_8] [INFO]   khởi tố                                  0
[2026-07-01 14:07:46] [TASK_8] [INFO]   điều tra                                 0
[2026-07-01 14:07:46] [TASK_8] [INFO]   tranh chấp pháp lý                       0
[2026-07-01 14:07:46] [TASK_8] [INFO]   bị kiện                                  0
[2026-07-01 14:07:46] [TASK_8] [INFO] 
--- NEUTRAL keywords (9) ---
[2026-07-01 14:07:46] [TASK_8] [INFO]   đại hội cổ đông                          1
[2026-07-01 14:07:46] [TASK_8] [INFO]   thay đổi lãnh đạo                        1
[2026-07-01 14:07:46] [TASK_8] [INFO]   sáp nhập                                 1
[2026-07-01 14:07:46] [TASK_8] [INFO]   mua lại                                  1
[2026-07-01 14:07:46] [TASK_8] [INFO]   phát hành cổ phiếu mới                   1
[2026-07-01 14:07:46] [TASK_8] [INFO]   thoái vốn                                1
[2026-07-01 14:07:46] [TASK_8] [INFO]   họp HĐQT                                 0
[2026-07-01 14:07:46] [TASK_8] [INFO]   thay CEO                                 0
[2026-07-01 14:07:46] [TASK_8] [INFO]   niêm yết thêm                            0
[2026-07-01 14:07:46] [TASK_8] [INFO] 
Total keyword occurrences in corpus: 34
[2026-07-01 14:07:46] [TASK_8] [INFO] Keywords with zero occurrences: 72 / 106
[2026-07-01 14:07:46] [TASK_8] [INFO] ======================================================================
[2026-07-01 14:07:46] [TASK_8] [INFO] Keyword Builder (TASK 8) complete.
[2026-07-01 14:07:46] [TASK_8] [INFO] Starting Keyword Builder (TASK 8)...
[2026-07-01 14:07:46] [TASK_8] [INFO] Loaded 23 stopwords.
[2026-07-01 14:07:46] [TASK_8] [INFO] No corpus provided — skipping candidate extraction.
[2026-07-01 14:07:46] [TASK_8] [INFO] Curated keyword list: 43 positive, 54 negative, 9 neutral (total: 106).
[2026-07-01 14:07:46] [TASK_8] [INFO] Saved flat keyword list to C:\Users\User\AppData\Local\Temp\tmp68murc8s\keywords_finance.json.
[2026-07-01 14:07:46] [TASK_8] [INFO] Saved group-level keyword breakdown to C:\Users\User\AppData\Local\Temp\tmp68murc8s\keywords_by_group.json.
[2026-07-01 14:07:46] [TASK_8] [INFO] No corpus provided — skipping frequency report.
[2026-07-01 14:07:46] [TASK_8] [INFO] Keyword Builder (TASK 8) complete.
[2026-07-01 14:08:42] [TASK_8] [INFO] ============================================================
[2026-07-01 14:08:42] [TASK_8] [INFO] START TASK_8: Keyword Building (curate financial keywords)
[2026-07-01 14:08:42] [TASK_8] [INFO] Timestamp: 2026-07-01T14:08:42.816057
[2026-07-01 14:08:42] [TASK_8] [INFO] ============================================================
[2026-07-01 14:08:43] [TASK_8] [INFO] Input: data/news/processed/all_news_processed.csv (34979 rows)
[2026-07-01 14:08:43] [TASK_8] [INFO] ------------------------------------------------------------
[2026-07-01 14:08:43] [TASK_8] [INFO] END TASK_8 — completed in 0.0 seconds
[2026-07-01 14:08:43] [TASK_8] [INFO] ============================================================
[2026-07-01 14:08:43] [TASK_8] [INFO] ============================================================
[2026-07-01 14:08:43] [TASK_8] [INFO] START TASK_8: Keyword Building (curate financial keywords)
[2026-07-01 14:08:43] [TASK_8] [INFO] Timestamp: 2026-07-01T14:08:43.739621
[2026-07-01 14:08:43] [TASK_8] [INFO] ============================================================
[2026-07-01 14:08:43] [TASK_8] [INFO] Input: data/news/processed/all_news_processed.csv (34979 rows)
[2026-07-01 14:08:43] [TASK_8] [INFO] ------------------------------------------------------------
[2026-07-01 14:08:43] [TASK_8] [INFO] END TASK_8 — completed in 0.0 seconds
[2026-07-01 14:08:43] [TASK_8] [INFO] ============================================================
[2026-07-01 14:09:02] [TASK_8] [INFO] Starting Keyword Builder (TASK 8)...
[2026-07-01 14:09:02] [TASK_8] [INFO] Loaded 23 stopwords.
[2026-07-01 14:09:02] [TASK_8] [INFO] Extracting keyword candidates from 10 documents...
[2026-07-01 14:09:02] [TASK_8] [INFO] Saved 176 keyword candidates to C:\Users\User\AppData\Local\Temp\tmpp7zec0rf\keyword_candidates.csv (unigrams: 83, bigrams: 93).
[2026-07-01 14:09:02] [TASK_8] [INFO] Curated keyword list: 43 positive, 54 negative, 9 neutral (total: 106).
[2026-07-01 14:09:02] [TASK_8] [INFO] Saved flat keyword list to C:\Users\User\AppData\Local\Temp\tmpp7zec0rf\keywords_finance.json.
[2026-07-01 14:09:02] [TASK_8] [INFO] Saved group-level keyword breakdown to C:\Users\User\AppData\Local\Temp\tmpp7zec0rf\keywords_by_group.json.
[2026-07-01 14:09:02] [TASK_8] [INFO] ======================================================================
[2026-07-01 14:09:02] [TASK_8] [INFO] KEYWORD CORPUS FREQUENCY REPORT
[2026-07-01 14:09:02] [TASK_8] [INFO] ======================================================================
[2026-07-01 14:09:02] [TASK_8] [INFO] 
--- POSITIVE keywords (43) ---
[2026-07-01 14:09:02] [TASK_8] [INFO]   lợi nhuận tăng                           1
[2026-07-01 14:09:02] [TASK_8] [INFO]   doanh thu tăng                           1
[2026-07-01 14:09:02] [TASK_8] [INFO]   kỷ lục                                   1
[2026-07-01 14:09:02] [TASK_8] [INFO]   tăng trưởng                              1
[2026-07-01 14:09:02] [TASK_8] [INFO]   tăng mạnh                                1
[2026-07-01 14:09:02] [TASK_8] [INFO]   chia cổ tức                              1
[2026-07-01 14:09:02] [TASK_8] [INFO]   cổ tức cao                               1
[2026-07-01 14:09:02] [TASK_8] [INFO]   cổ tức tiền mặt                          1
[2026-07-01 14:09:02] [TASK_8] [INFO]   giảm nợ                                  1
[2026-07-01 14:09:02] [TASK_8] [INFO]   trả nợ                                   1
[2026-07-01 14:09:02] [TASK_8] [INFO]   cải thiện tài chính                      1
[2026-07-01 14:09:02] [TASK_8] [INFO]   dòng tiền dương                          1
[2026-07-01 14:09:02] [TASK_8] [INFO]   ký kết hợp đồng                          1
[2026-07-01 14:09:02] [TASK_8] [INFO]   mở rộng thị trường                       1
[2026-07-01 14:09:02] [TASK_8] [INFO]   xuất khẩu tăng                           1
[2026-07-01 14:09:02] [TASK_8] [INFO]   tăng trưởng mạnh                         0
[2026-07-01 14:09:02] [TASK_8] [INFO]   vượt kế hoạch                            0
[2026-07-01 14:09:02] [TASK_8] [INFO]   lãi ròng                                 0
[2026-07-01 14:09:02] [TASK_8] [INFO]   lợi nhuận sau thuế tăng                  0
[2026-07-01 14:09:02] [TASK_8] [INFO]   kết quả tích cực                         0
[2026-07-01 14:09:02] [TASK_8] [INFO]   lãi khủng                                0
[2026-07-01 14:09:02] [TASK_8] [INFO]   lãi lớn                                  0
[2026-07-01 14:09:02] [TASK_8] [INFO]   lãi đậm                                  0
[2026-07-01 14:09:02] [TASK_8] [INFO]   báo lãi                                  0
[2026-07-01 14:09:02] [TASK_8] [INFO]   lợi nhuận kỷ lục                         0
[2026-07-01 14:09:02] [TASK_8] [INFO]   doanh thu kỷ lục                         0
[2026-07-01 14:09:02] [TASK_8] [INFO]   lãi kỷ lục                               0
[2026-07-01 14:09:02] [TASK_8] [INFO]   bứt phá                                  0
[2026-07-01 14:09:02] [TASK_8] [INFO]   tăng vọt                                 0
[2026-07-01 14:09:02] [TASK_8] [INFO]   khởi sắc                                 0
[2026-07-01 14:09:02] [TASK_8] [INFO]   phục hồi                                 0
[2026-07-01 14:09:02] [TASK_8] [INFO]   lập đỉnh                                 0
[2026-07-01 14:09:02] [TASK_8] [INFO]   hoàn thành kế hoạch                      0
[2026-07-01 14:09:02] [TASK_8] [INFO]   lợi nhuận cải thiện                      0
[2026-07-01 14:09:02] [TASK_8] [INFO]   mua lại cổ phiếu                         0
[2026-07-01 14:09:02] [TASK_8] [INFO]   phát hành thưởng                         0
[2026-07-01 14:09:02] [TASK_8] [INFO]   tăng vốn điều lệ                         0
[2026-07-01 14:09:02] [TASK_8] [INFO]   hệ số an toàn vốn                        0
[2026-07-01 14:09:02] [TASK_8] [INFO]   tiền mặt dồi dào                         0
[2026-07-01 14:09:02] [TASK_8] [INFO]   dự án mới                                0
[2026-07-01 14:09:02] [TASK_8] [INFO]   đầu tư mới                               0
[2026-07-01 14:09:02] [TASK_8] [INFO]   hợp tác chiến lược                       0
[2026-07-01 14:09:02] [TASK_8] [INFO]   thắng thầu                               0
[2026-07-01 14:09:02] [TASK_8] [INFO] 
--- NEGATIVE keywords (54) ---
[2026-07-01 14:09:02] [TASK_8] [INFO]   lợi nhuận giảm                           1
[2026-07-01 14:09:02] [TASK_8] [INFO]   doanh thu giảm                           1
[2026-07-01 14:09:02] [TASK_8] [INFO]   sụt giảm                                 1
[2026-07-01 14:09:02] [TASK_8] [INFO]   giảm mạnh                                1
[2026-07-01 14:09:02] [TASK_8] [INFO]   nợ xấu                                   1
[2026-07-01 14:09:02] [TASK_8] [INFO]   áp lực tài chính                         1
[2026-07-01 14:09:02] [TASK_8] [INFO]   dòng tiền âm                             1
[2026-07-01 14:09:02] [TASK_8] [INFO]   hủy hợp đồng                             1
[2026-07-01 14:09:02] [TASK_8] [INFO]   dự án trì hoãn                           1
[2026-07-01 14:09:02] [TASK_8] [INFO]   đóng cửa                                 1
[2026-07-01 14:09:02] [TASK_8] [INFO]   bị phạt                                  1
[2026-07-01 14:09:02] [TASK_8] [INFO]   vi phạm                                  1
[2026-07-01 14:09:02] [TASK_8] [INFO]   bị thanh tra                             1
[2026-07-01 14:09:02] [TASK_8] [INFO]   lợi nhuận âm                             0
[2026-07-01 14:09:02] [TASK_8] [INFO]   thua lỗ                                  0
[2026-07-01 14:09:02] [TASK_8] [INFO]   lỗ ròng                                  0
[2026-07-01 14:09:02] [TASK_8] [INFO]   dưới kế hoạch                            0
[2026-07-01 14:09:02] [TASK_8] [INFO]   kết quả tiêu cực                         0
[2026-07-01 14:09:02] [TASK_8] [INFO]   lợi nhuận thấp hơn                       0
[2026-07-01 14:09:02] [TASK_8] [INFO]   báo lỗ                                   0
[2026-07-01 14:09:02] [TASK_8] [INFO]   lỗ nặng                                  0
[2026-07-01 14:09:02] [TASK_8] [INFO]   lỗ lớn                                   0
[2026-07-01 14:09:02] [TASK_8] [INFO]   lỗ kỷ lục                                0
[2026-07-01 14:09:02] [TASK_8] [INFO]   lỗ lũy kế                                0
[2026-07-01 14:09:02] [TASK_8] [INFO]   lao dốc                                  0
[2026-07-01 14:09:02] [TASK_8] [INFO]   giảm sâu                                 0
[2026-07-01 14:09:02] [TASK_8] [INFO]   tụt dốc                                  0
[2026-07-01 14:09:02] [TASK_8] [INFO]   kinh doanh sa sút                        0
[2026-07-01 14:09:02] [TASK_8] [INFO]   âm vốn chủ sở hữu                        0
[2026-07-01 14:09:02] [TASK_8] [INFO]   lợi nhuận không tăng                     0
[2026-07-01 14:09:02] [TASK_8] [INFO]   doanh thu không tăng                     0
[2026-07-01 14:09:02] [TASK_8] [INFO]   không tăng trưởng                        0
[2026-07-01 14:09:02] [TASK_8] [INFO]   tăng trưởng chậm lại                     0
[2026-07-01 14:09:02] [TASK_8] [INFO]   không hoàn thành kế hoạch                0
[2026-07-01 14:09:02] [TASK_8] [INFO]   không đạt kế hoạch                       0
[2026-07-01 14:09:02] [TASK_8] [INFO]   chưa có lãi                              0
[2026-07-01 14:09:02] [TASK_8] [INFO]   không chia cổ tức                        0
[2026-07-01 14:09:02] [TASK_8] [INFO]   hủy cổ tức                               0
[2026-07-01 14:09:02] [TASK_8] [INFO]   giảm cổ tức                              0
[2026-07-01 14:09:02] [TASK_8] [INFO]   phát hành pha loãng                      0
[2026-07-01 14:09:02] [TASK_8] [INFO]   chào bán giá thấp                        0
[2026-07-01 14:09:02] [TASK_8] [INFO]   nợ vay tăng                              0
[2026-07-01 14:09:02] [TASK_8] [INFO]   nợ quá hạn                               0
[2026-07-01 14:09:02] [TASK_8] [INFO]   hệ số nợ cao                             0
[2026-07-01 14:09:02] [TASK_8] [INFO]   thiếu thanh khoản                        0
[2026-07-01 14:09:02] [TASK_8] [INFO]   thu hẹp hoạt động                        0
[2026-07-01 14:09:02] [TASK_8] [INFO]   dừng dự án                               0
[2026-07-01 14:09:02] [TASK_8] [INFO]   bị kiểm toán từ chối                     0
[2026-07-01 14:09:02] [TASK_8] [INFO]   cảnh báo                                 0
[2026-07-01 14:09:02] [TASK_8] [INFO]   đình chỉ                                 0
[2026-07-01 14:09:02] [TASK_8] [INFO]   khởi tố                                  0
[2026-07-01 14:09:02] [TASK_8] [INFO]   điều tra                                 0
[2026-07-01 14:09:02] [TASK_8] [INFO]   tranh chấp pháp lý                       0
[2026-07-01 14:09:02] [TASK_8] [INFO]   bị kiện                                  0
[2026-07-01 14:09:02] [TASK_8] [INFO] 
--- NEUTRAL keywords (9) ---
[2026-07-01 14:09:02] [TASK_8] [INFO]   đại hội cổ đông                          1
[2026-07-01 14:09:02] [TASK_8] [INFO]   thay đổi lãnh đạo                        1
[2026-07-01 14:09:02] [TASK_8] [INFO]   sáp nhập                                 1
[2026-07-01 14:09:02] [TASK_8] [INFO]   mua lại                                  1
[2026-07-01 14:09:02] [TASK_8] [INFO]   phát hành cổ phiếu mới                   1
[2026-07-01 14:09:02] [TASK_8] [INFO]   thoái vốn                                1
[2026-07-01 14:09:02] [TASK_8] [INFO]   họp HĐQT                                 0
[2026-07-01 14:09:02] [TASK_8] [INFO]   thay CEO                                 0
[2026-07-01 14:09:02] [TASK_8] [INFO]   niêm yết thêm                            0
[2026-07-01 14:09:02] [TASK_8] [INFO] 
Total keyword occurrences in corpus: 34
[2026-07-01 14:09:02] [TASK_8] [INFO] Keywords with zero occurrences: 72 / 106
[2026-07-01 14:09:02] [TASK_8] [INFO] ======================================================================
[2026-07-01 14:09:02] [TASK_8] [INFO] Keyword Builder (TASK 8) complete.
[2026-07-01 14:09:02] [TASK_8] [INFO] Starting Keyword Builder (TASK 8)...
[2026-07-01 14:09:02] [TASK_8] [INFO] Loaded 23 stopwords.
[2026-07-01 14:09:02] [TASK_8] [INFO] Extracting keyword candidates from 10 documents...
[2026-07-01 14:09:02] [TASK_8] [INFO] Saved 176 keyword candidates to C:\Users\User\AppData\Local\Temp\tmp3trroxdx\keyword_candidates.csv (unigrams: 83, bigrams: 93).
[2026-07-01 14:09:02] [TASK_8] [INFO] Curated keyword list: 43 positive, 54 negative, 9 neutral (total: 106).
[2026-07-01 14:09:02] [TASK_8] [INFO] Saved flat keyword list to C:\Users\User\AppData\Local\Temp\tmp3trroxdx\keywords_finance.json.
[2026-07-01 14:09:02] [TASK_8] [INFO] Saved group-level keyword breakdown to C:\Users\User\AppData\Local\Temp\tmp3trroxdx\keywords_by_group.json.
[2026-07-01 14:09:02] [TASK_8] [INFO] ======================================================================
[2026-07-01 14:09:02] [TASK_8] [INFO] KEYWORD CORPUS FREQUENCY REPORT
[2026-07-01 14:09:02] [TASK_8] [INFO] ======================================================================
[2026-07-01 14:09:02] [TASK_8] [INFO] 
--- POSITIVE keywords (43) ---
[2026-07-01 14:09:02] [TASK_8] [INFO]   lợi nhuận tăng                           1
[2026-07-01 14:09:02] [TASK_8] [INFO]   doanh thu tăng                           1
[2026-07-01 14:09:02] [TASK_8] [INFO]   kỷ lục                                   1
[2026-07-01 14:09:02] [TASK_8] [INFO]   tăng trưởng                              1
[2026-07-01 14:09:02] [TASK_8] [INFO]   tăng mạnh                                1
[2026-07-01 14:09:02] [TASK_8] [INFO]   chia cổ tức                              1
[2026-07-01 14:09:02] [TASK_8] [INFO]   cổ tức cao                               1
[2026-07-01 14:09:02] [TASK_8] [INFO]   cổ tức tiền mặt                          1
[2026-07-01 14:09:02] [TASK_8] [INFO]   giảm nợ                                  1
[2026-07-01 14:09:02] [TASK_8] [INFO]   trả nợ                                   1
[2026-07-01 14:09:02] [TASK_8] [INFO]   cải thiện tài chính                      1
[2026-07-01 14:09:02] [TASK_8] [INFO]   dòng tiền dương                          1
[2026-07-01 14:09:02] [TASK_8] [INFO]   ký kết hợp đồng                          1
[2026-07-01 14:09:02] [TASK_8] [INFO]   mở rộng thị trường                       1
[2026-07-01 14:09:02] [TASK_8] [INFO]   xuất khẩu tăng                           1
[2026-07-01 14:09:02] [TASK_8] [INFO]   tăng trưởng mạnh                         0
[2026-07-01 14:09:02] [TASK_8] [INFO]   vượt kế hoạch                            0
[2026-07-01 14:09:02] [TASK_8] [INFO]   lãi ròng                                 0
[2026-07-01 14:09:02] [TASK_8] [INFO]   lợi nhuận sau thuế tăng                  0
[2026-07-01 14:09:02] [TASK_8] [INFO]   kết quả tích cực                         0
[2026-07-01 14:09:02] [TASK_8] [INFO]   lãi khủng                                0
[2026-07-01 14:09:02] [TASK_8] [INFO]   lãi lớn                                  0
[2026-07-01 14:09:02] [TASK_8] [INFO]   lãi đậm                                  0
[2026-07-01 14:09:02] [TASK_8] [INFO]   báo lãi                                  0
[2026-07-01 14:09:02] [TASK_8] [INFO]   lợi nhuận kỷ lục                         0
[2026-07-01 14:09:02] [TASK_8] [INFO]   doanh thu kỷ lục                         0
[2026-07-01 14:09:02] [TASK_8] [INFO]   lãi kỷ lục                               0
[2026-07-01 14:09:02] [TASK_8] [INFO]   bứt phá                                  0
[2026-07-01 14:09:02] [TASK_8] [INFO]   tăng vọt                                 0
[2026-07-01 14:09:02] [TASK_8] [INFO]   khởi sắc                                 0
[2026-07-01 14:09:02] [TASK_8] [INFO]   phục hồi                                 0
[2026-07-01 14:09:02] [TASK_8] [INFO]   lập đỉnh                                 0
[2026-07-01 14:09:02] [TASK_8] [INFO]   hoàn thành kế hoạch                      0
[2026-07-01 14:09:02] [TASK_8] [INFO]   lợi nhuận cải thiện                      0
[2026-07-01 14:09:02] [TASK_8] [INFO]   mua lại cổ phiếu                         0
[2026-07-01 14:09:02] [TASK_8] [INFO]   phát hành thưởng                         0
[2026-07-01 14:09:02] [TASK_8] [INFO]   tăng vốn điều lệ                         0
[2026-07-01 14:09:02] [TASK_8] [INFO]   hệ số an toàn vốn                        0
[2026-07-01 14:09:02] [TASK_8] [INFO]   tiền mặt dồi dào                         0
[2026-07-01 14:09:02] [TASK_8] [INFO]   dự án mới                                0
[2026-07-01 14:09:02] [TASK_8] [INFO]   đầu tư mới                               0
[2026-07-01 14:09:02] [TASK_8] [INFO]   hợp tác chiến lược                       0
[2026-07-01 14:09:02] [TASK_8] [INFO]   thắng thầu                               0
[2026-07-01 14:09:02] [TASK_8] [INFO] 
--- NEGATIVE keywords (54) ---
[2026-07-01 14:09:02] [TASK_8] [INFO]   lợi nhuận giảm                           1
[2026-07-01 14:09:02] [TASK_8] [INFO]   doanh thu giảm                           1
[2026-07-01 14:09:02] [TASK_8] [INFO]   sụt giảm                                 1
[2026-07-01 14:09:02] [TASK_8] [INFO]   giảm mạnh                                1
[2026-07-01 14:09:02] [TASK_8] [INFO]   nợ xấu                                   1
[2026-07-01 14:09:02] [TASK_8] [INFO]   áp lực tài chính                         1
[2026-07-01 14:09:02] [TASK_8] [INFO]   dòng tiền âm                             1
[2026-07-01 14:09:02] [TASK_8] [INFO]   hủy hợp đồng                             1
[2026-07-01 14:09:02] [TASK_8] [INFO]   dự án trì hoãn                           1
[2026-07-01 14:09:02] [TASK_8] [INFO]   đóng cửa                                 1
[2026-07-01 14:09:02] [TASK_8] [INFO]   bị phạt                                  1
[2026-07-01 14:09:02] [TASK_8] [INFO]   vi phạm                                  1
[2026-07-01 14:09:02] [TASK_8] [INFO]   bị thanh tra                             1
[2026-07-01 14:09:02] [TASK_8] [INFO]   lợi nhuận âm                             0
[2026-07-01 14:09:02] [TASK_8] [INFO]   thua lỗ                                  0
[2026-07-01 14:09:02] [TASK_8] [INFO]   lỗ ròng                                  0
[2026-07-01 14:09:02] [TASK_8] [INFO]   dưới kế hoạch                            0
[2026-07-01 14:09:02] [TASK_8] [INFO]   kết quả tiêu cực                         0
[2026-07-01 14:09:02] [TASK_8] [INFO]   lợi nhuận thấp hơn                       0
[2026-07-01 14:09:02] [TASK_8] [INFO]   báo lỗ                                   0
[2026-07-01 14:09:02] [TASK_8] [INFO]   lỗ nặng                                  0
[2026-07-01 14:09:02] [TASK_8] [INFO]   lỗ lớn                                   0
[2026-07-01 14:09:02] [TASK_8] [INFO]   lỗ kỷ lục                                0
[2026-07-01 14:09:02] [TASK_8] [INFO]   lỗ lũy kế                                0
[2026-07-01 14:09:02] [TASK_8] [INFO]   lao dốc                                  0
[2026-07-01 14:09:02] [TASK_8] [INFO]   giảm sâu                                 0
[2026-07-01 14:09:02] [TASK_8] [INFO]   tụt dốc                                  0
[2026-07-01 14:09:02] [TASK_8] [INFO]   kinh doanh sa sút                        0
[2026-07-01 14:09:02] [TASK_8] [INFO]   âm vốn chủ sở hữu                        0
[2026-07-01 14:09:02] [TASK_8] [INFO]   lợi nhuận không tăng                     0
[2026-07-01 14:09:02] [TASK_8] [INFO]   doanh thu không tăng                     0
[2026-07-01 14:09:02] [TASK_8] [INFO]   không tăng trưởng                        0
[2026-07-01 14:09:02] [TASK_8] [INFO]   tăng trưởng chậm lại                     0
[2026-07-01 14:09:02] [TASK_8] [INFO]   không hoàn thành kế hoạch                0
[2026-07-01 14:09:02] [TASK_8] [INFO]   không đạt kế hoạch                       0
[2026-07-01 14:09:02] [TASK_8] [INFO]   chưa có lãi                              0
[2026-07-01 14:09:02] [TASK_8] [INFO]   không chia cổ tức                        0
[2026-07-01 14:09:02] [TASK_8] [INFO]   hủy cổ tức                               0
[2026-07-01 14:09:02] [TASK_8] [INFO]   giảm cổ tức                              0
[2026-07-01 14:09:02] [TASK_8] [INFO]   phát hành pha loãng                      0
[2026-07-01 14:09:02] [TASK_8] [INFO]   chào bán giá thấp                        0
[2026-07-01 14:09:02] [TASK_8] [INFO]   nợ vay tăng                              0
[2026-07-01 14:09:02] [TASK_8] [INFO]   nợ quá hạn                               0
[2026-07-01 14:09:02] [TASK_8] [INFO]   hệ số nợ cao                             0
[2026-07-01 14:09:02] [TASK_8] [INFO]   thiếu thanh khoản                        0
[2026-07-01 14:09:02] [TASK_8] [INFO]   thu hẹp hoạt động                        0
[2026-07-01 14:09:02] [TASK_8] [INFO]   dừng dự án                               0
[2026-07-01 14:09:02] [TASK_8] [INFO]   bị kiểm toán từ chối                     0
[2026-07-01 14:09:02] [TASK_8] [INFO]   cảnh báo                                 0
[2026-07-01 14:09:02] [TASK_8] [INFO]   đình chỉ                                 0
[2026-07-01 14:09:02] [TASK_8] [INFO]   khởi tố                                  0
[2026-07-01 14:09:02] [TASK_8] [INFO]   điều tra                                 0
[2026-07-01 14:09:02] [TASK_8] [INFO]   tranh chấp pháp lý                       0
[2026-07-01 14:09:02] [TASK_8] [INFO]   bị kiện                                  0
[2026-07-01 14:09:02] [TASK_8] [INFO] 
--- NEUTRAL keywords (9) ---
[2026-07-01 14:09:02] [TASK_8] [INFO]   đại hội cổ đông                          1
[2026-07-01 14:09:02] [TASK_8] [INFO]   thay đổi lãnh đạo                        1
[2026-07-01 14:09:02] [TASK_8] [INFO]   sáp nhập                                 1
[2026-07-01 14:09:02] [TASK_8] [INFO]   mua lại                                  1
[2026-07-01 14:09:02] [TASK_8] [INFO]   phát hành cổ phiếu mới                   1
[2026-07-01 14:09:02] [TASK_8] [INFO]   thoái vốn                                1
[2026-07-01 14:09:02] [TASK_8] [INFO]   họp HĐQT                                 0
[2026-07-01 14:09:02] [TASK_8] [INFO]   thay CEO                                 0
[2026-07-01 14:09:02] [TASK_8] [INFO]   niêm yết thêm                            0
[2026-07-01 14:09:02] [TASK_8] [INFO] 
Total keyword occurrences in corpus: 34
[2026-07-01 14:09:02] [TASK_8] [INFO] Keywords with zero occurrences: 72 / 106
[2026-07-01 14:09:02] [TASK_8] [INFO] ======================================================================
[2026-07-01 14:09:02] [TASK_8] [INFO] Keyword Builder (TASK 8) complete.
[2026-07-01 14:09:02] [TASK_8] [INFO] Starting Keyword Builder (TASK 8)...
[2026-07-01 14:09:02] [TASK_8] [INFO] Loaded 23 stopwords.
[2026-07-01 14:09:02] [TASK_8] [INFO] No corpus provided — skipping candidate extraction.
[2026-07-01 14:09:02] [TASK_8] [INFO] Curated keyword list: 43 positive, 54 negative, 9 neutral (total: 106).
[2026-07-01 14:09:02] [TASK_8] [INFO] Saved flat keyword list to C:\Users\User\AppData\Local\Temp\tmpldrkvx7x\keywords_finance.json.
[2026-07-01 14:09:02] [TASK_8] [INFO] Saved group-level keyword breakdown to C:\Users\User\AppData\Local\Temp\tmpldrkvx7x\keywords_by_group.json.
[2026-07-01 14:09:02] [TASK_8] [INFO] No corpus provided — skipping frequency report.
[2026-07-01 14:09:02] [TASK_8] [INFO] Keyword Builder (TASK 8) complete.
[2026-07-01 14:30:45] [TASK_8] [INFO] ============================================================
[2026-07-01 14:30:45] [TASK_8] [INFO] START TASK_8: Keyword Building (curate financial keywords)
[2026-07-01 14:30:45] [TASK_8] [INFO] Timestamp: 2026-07-01T14:30:45.600345
[2026-07-01 14:30:45] [TASK_8] [INFO] ============================================================
[2026-07-01 14:30:45] [TASK_8] [INFO] Input: data/news/processed/all_news_processed.csv (34979 rows)
[2026-07-01 14:30:45] [TASK_8] [INFO] ------------------------------------------------------------
[2026-07-01 14:30:45] [TASK_8] [INFO] END TASK_8 — completed in 0.0 seconds
[2026-07-01 14:30:45] [TASK_8] [INFO] ============================================================
[2026-07-01 14:30:46] [TASK_8] [INFO] ============================================================
[2026-07-01 14:30:46] [TASK_8] [INFO] START TASK_8: Keyword Building (curate financial keywords)
[2026-07-01 14:30:46] [TASK_8] [INFO] Timestamp: 2026-07-01T14:30:46.319308
[2026-07-01 14:30:46] [TASK_8] [INFO] ============================================================
[2026-07-01 14:30:46] [TASK_8] [INFO] Input: data/news/processed/all_news_processed.csv (34979 rows)
[2026-07-01 14:30:46] [TASK_8] [INFO] ------------------------------------------------------------
[2026-07-01 14:30:46] [TASK_8] [INFO] END TASK_8 — completed in 0.0 seconds
[2026-07-01 14:30:46] [TASK_8] [INFO] ============================================================
[2026-07-01 14:31:03] [TASK_8] [INFO] Starting Keyword Builder (TASK 8)...
[2026-07-01 14:31:03] [TASK_8] [INFO] Loaded 23 stopwords.
[2026-07-01 14:31:03] [TASK_8] [INFO] Extracting keyword candidates from 10 documents...
[2026-07-01 14:31:03] [TASK_8] [INFO] Saved 176 keyword candidates to C:\Users\User\AppData\Local\Temp\tmprwetipz6\keyword_candidates.csv (unigrams: 83, bigrams: 93).
[2026-07-01 14:31:03] [TASK_8] [INFO] Curated keyword list: 43 positive, 54 negative, 9 neutral (total: 106).
[2026-07-01 14:31:03] [TASK_8] [INFO] Saved flat keyword list to C:\Users\User\AppData\Local\Temp\tmprwetipz6\keywords_finance.json.
[2026-07-01 14:31:03] [TASK_8] [INFO] Saved group-level keyword breakdown to C:\Users\User\AppData\Local\Temp\tmprwetipz6\keywords_by_group.json.
[2026-07-01 14:31:03] [TASK_8] [INFO] ======================================================================
[2026-07-01 14:31:03] [TASK_8] [INFO] KEYWORD CORPUS FREQUENCY REPORT
[2026-07-01 14:31:03] [TASK_8] [INFO] ======================================================================
[2026-07-01 14:31:03] [TASK_8] [INFO] 
--- POSITIVE keywords (43) ---
[2026-07-01 14:31:03] [TASK_8] [INFO]   lợi nhuận tăng                           1
[2026-07-01 14:31:03] [TASK_8] [INFO]   doanh thu tăng                           1
[2026-07-01 14:31:03] [TASK_8] [INFO]   kỷ lục                                   1
[2026-07-01 14:31:03] [TASK_8] [INFO]   tăng trưởng                              1
[2026-07-01 14:31:03] [TASK_8] [INFO]   tăng mạnh                                1
[2026-07-01 14:31:03] [TASK_8] [INFO]   chia cổ tức                              1
[2026-07-01 14:31:03] [TASK_8] [INFO]   cổ tức cao                               1
[2026-07-01 14:31:03] [TASK_8] [INFO]   cổ tức tiền mặt                          1
[2026-07-01 14:31:03] [TASK_8] [INFO]   giảm nợ                                  1
[2026-07-01 14:31:03] [TASK_8] [INFO]   trả nợ                                   1
[2026-07-01 14:31:03] [TASK_8] [INFO]   cải thiện tài chính                      1
[2026-07-01 14:31:03] [TASK_8] [INFO]   dòng tiền dương                          1
[2026-07-01 14:31:03] [TASK_8] [INFO]   ký kết hợp đồng                          1
[2026-07-01 14:31:03] [TASK_8] [INFO]   mở rộng thị trường                       1
[2026-07-01 14:31:03] [TASK_8] [INFO]   xuất khẩu tăng                           1
[2026-07-01 14:31:03] [TASK_8] [INFO]   tăng trưởng mạnh                         0
[2026-07-01 14:31:03] [TASK_8] [INFO]   vượt kế hoạch                            0
[2026-07-01 14:31:03] [TASK_8] [INFO]   lãi ròng                                 0
[2026-07-01 14:31:03] [TASK_8] [INFO]   lợi nhuận sau thuế tăng                  0
[2026-07-01 14:31:03] [TASK_8] [INFO]   kết quả tích cực                         0
[2026-07-01 14:31:03] [TASK_8] [INFO]   lãi khủng                                0
[2026-07-01 14:31:03] [TASK_8] [INFO]   lãi lớn                                  0
[2026-07-01 14:31:03] [TASK_8] [INFO]   lãi đậm                                  0
[2026-07-01 14:31:03] [TASK_8] [INFO]   báo lãi                                  0
[2026-07-01 14:31:03] [TASK_8] [INFO]   lợi nhuận kỷ lục                         0
[2026-07-01 14:31:03] [TASK_8] [INFO]   doanh thu kỷ lục                         0
[2026-07-01 14:31:03] [TASK_8] [INFO]   lãi kỷ lục                               0
[2026-07-01 14:31:03] [TASK_8] [INFO]   bứt phá                                  0
[2026-07-01 14:31:03] [TASK_8] [INFO]   tăng vọt                                 0
[2026-07-01 14:31:03] [TASK_8] [INFO]   khởi sắc                                 0
[2026-07-01 14:31:03] [TASK_8] [INFO]   phục hồi                                 0
[2026-07-01 14:31:03] [TASK_8] [INFO]   lập đỉnh                                 0
[2026-07-01 14:31:03] [TASK_8] [INFO]   hoàn thành kế hoạch                      0
[2026-07-01 14:31:03] [TASK_8] [INFO]   lợi nhuận cải thiện                      0
[2026-07-01 14:31:03] [TASK_8] [INFO]   mua lại cổ phiếu                         0
[2026-07-01 14:31:03] [TASK_8] [INFO]   phát hành thưởng                         0
[2026-07-01 14:31:03] [TASK_8] [INFO]   tăng vốn điều lệ                         0
[2026-07-01 14:31:03] [TASK_8] [INFO]   hệ số an toàn vốn                        0
[2026-07-01 14:31:03] [TASK_8] [INFO]   tiền mặt dồi dào                         0
[2026-07-01 14:31:03] [TASK_8] [INFO]   dự án mới                                0
[2026-07-01 14:31:03] [TASK_8] [INFO]   đầu tư mới                               0
[2026-07-01 14:31:03] [TASK_8] [INFO]   hợp tác chiến lược                       0
[2026-07-01 14:31:03] [TASK_8] [INFO]   thắng thầu                               0
[2026-07-01 14:31:03] [TASK_8] [INFO] 
--- NEGATIVE keywords (54) ---
[2026-07-01 14:31:03] [TASK_8] [INFO]   lợi nhuận giảm                           1
[2026-07-01 14:31:03] [TASK_8] [INFO]   doanh thu giảm                           1
[2026-07-01 14:31:03] [TASK_8] [INFO]   sụt giảm                                 1
[2026-07-01 14:31:03] [TASK_8] [INFO]   giảm mạnh                                1
[2026-07-01 14:31:03] [TASK_8] [INFO]   nợ xấu                                   1
[2026-07-01 14:31:03] [TASK_8] [INFO]   áp lực tài chính                         1
[2026-07-01 14:31:03] [TASK_8] [INFO]   dòng tiền âm                             1
[2026-07-01 14:31:03] [TASK_8] [INFO]   hủy hợp đồng                             1
[2026-07-01 14:31:03] [TASK_8] [INFO]   dự án trì hoãn                           1
[2026-07-01 14:31:03] [TASK_8] [INFO]   đóng cửa                                 1
[2026-07-01 14:31:03] [TASK_8] [INFO]   bị phạt                                  1
[2026-07-01 14:31:03] [TASK_8] [INFO]   vi phạm                                  1
[2026-07-01 14:31:03] [TASK_8] [INFO]   bị thanh tra                             1
[2026-07-01 14:31:03] [TASK_8] [INFO]   lợi nhuận âm                             0
[2026-07-01 14:31:03] [TASK_8] [INFO]   thua lỗ                                  0
[2026-07-01 14:31:03] [TASK_8] [INFO]   lỗ ròng                                  0
[2026-07-01 14:31:03] [TASK_8] [INFO]   dưới kế hoạch                            0
[2026-07-01 14:31:03] [TASK_8] [INFO]   kết quả tiêu cực                         0
[2026-07-01 14:31:03] [TASK_8] [INFO]   lợi nhuận thấp hơn                       0
[2026-07-01 14:31:03] [TASK_8] [INFO]   báo lỗ                                   0
[2026-07-01 14:31:03] [TASK_8] [INFO]   lỗ nặng                                  0
[2026-07-01 14:31:03] [TASK_8] [INFO]   lỗ lớn                                   0
[2026-07-01 14:31:03] [TASK_8] [INFO]   lỗ kỷ lục                                0
[2026-07-01 14:31:03] [TASK_8] [INFO]   lỗ lũy kế                                0
[2026-07-01 14:31:03] [TASK_8] [INFO]   lao dốc                                  0
[2026-07-01 14:31:03] [TASK_8] [INFO]   giảm sâu                                 0
[2026-07-01 14:31:03] [TASK_8] [INFO]   tụt dốc                                  0
[2026-07-01 14:31:03] [TASK_8] [INFO]   kinh doanh sa sút                        0
[2026-07-01 14:31:03] [TASK_8] [INFO]   âm vốn chủ sở hữu                        0
[2026-07-01 14:31:03] [TASK_8] [INFO]   lợi nhuận không tăng                     0
[2026-07-01 14:31:03] [TASK_8] [INFO]   doanh thu không tăng                     0
[2026-07-01 14:31:03] [TASK_8] [INFO]   không tăng trưởng                        0
[2026-07-01 14:31:03] [TASK_8] [INFO]   tăng trưởng chậm lại                     0
[2026-07-01 14:31:03] [TASK_8] [INFO]   không hoàn thành kế hoạch                0
[2026-07-01 14:31:03] [TASK_8] [INFO]   không đạt kế hoạch                       0
[2026-07-01 14:31:03] [TASK_8] [INFO]   chưa có lãi                              0
[2026-07-01 14:31:03] [TASK_8] [INFO]   không chia cổ tức                        0
[2026-07-01 14:31:03] [TASK_8] [INFO]   hủy cổ tức                               0
[2026-07-01 14:31:03] [TASK_8] [INFO]   giảm cổ tức                              0
[2026-07-01 14:31:03] [TASK_8] [INFO]   phát hành pha loãng                      0
[2026-07-01 14:31:03] [TASK_8] [INFO]   chào bán giá thấp                        0
[2026-07-01 14:31:03] [TASK_8] [INFO]   nợ vay tăng                              0
[2026-07-01 14:31:03] [TASK_8] [INFO]   nợ quá hạn                               0
[2026-07-01 14:31:03] [TASK_8] [INFO]   hệ số nợ cao                             0
[2026-07-01 14:31:03] [TASK_8] [INFO]   thiếu thanh khoản                        0
[2026-07-01 14:31:03] [TASK_8] [INFO]   thu hẹp hoạt động                        0
[2026-07-01 14:31:03] [TASK_8] [INFO]   dừng dự án                               0
[2026-07-01 14:31:03] [TASK_8] [INFO]   bị kiểm toán từ chối                     0
[2026-07-01 14:31:03] [TASK_8] [INFO]   cảnh báo                                 0
[2026-07-01 14:31:03] [TASK_8] [INFO]   đình chỉ                                 0
[2026-07-01 14:31:03] [TASK_8] [INFO]   khởi tố                                  0
[2026-07-01 14:31:03] [TASK_8] [INFO]   điều tra                                 0
[2026-07-01 14:31:03] [TASK_8] [INFO]   tranh chấp pháp lý                       0
[2026-07-01 14:31:03] [TASK_8] [INFO]   bị kiện                                  0
[2026-07-01 14:31:03] [TASK_8] [INFO] 
--- NEUTRAL keywords (9) ---
[2026-07-01 14:31:03] [TASK_8] [INFO]   đại hội cổ đông                          1
[2026-07-01 14:31:03] [TASK_8] [INFO]   thay đổi lãnh đạo                        1
[2026-07-01 14:31:03] [TASK_8] [INFO]   sáp nhập                                 1
[2026-07-01 14:31:03] [TASK_8] [INFO]   mua lại                                  1
[2026-07-01 14:31:03] [TASK_8] [INFO]   phát hành cổ phiếu mới                   1
[2026-07-01 14:31:03] [TASK_8] [INFO]   thoái vốn                                1
[2026-07-01 14:31:03] [TASK_8] [INFO]   họp HĐQT                                 0
[2026-07-01 14:31:03] [TASK_8] [INFO]   thay CEO                                 0
[2026-07-01 14:31:03] [TASK_8] [INFO]   niêm yết thêm                            0
[2026-07-01 14:31:03] [TASK_8] [INFO] 
Total keyword occurrences in corpus: 34
[2026-07-01 14:31:03] [TASK_8] [INFO] Keywords with zero occurrences: 72 / 106
[2026-07-01 14:31:03] [TASK_8] [INFO] ======================================================================
[2026-07-01 14:31:03] [TASK_8] [INFO] Keyword Builder (TASK 8) complete.
[2026-07-01 14:31:03] [TASK_8] [INFO] Starting Keyword Builder (TASK 8)...
[2026-07-01 14:31:03] [TASK_8] [INFO] Loaded 23 stopwords.
[2026-07-01 14:31:03] [TASK_8] [INFO] Extracting keyword candidates from 10 documents...
[2026-07-01 14:31:03] [TASK_8] [INFO] Saved 176 keyword candidates to C:\Users\User\AppData\Local\Temp\tmp7g2yyhxu\keyword_candidates.csv (unigrams: 83, bigrams: 93).
[2026-07-01 14:31:03] [TASK_8] [INFO] Curated keyword list: 43 positive, 54 negative, 9 neutral (total: 106).
[2026-07-01 14:31:03] [TASK_8] [INFO] Saved flat keyword list to C:\Users\User\AppData\Local\Temp\tmp7g2yyhxu\keywords_finance.json.
[2026-07-01 14:31:03] [TASK_8] [INFO] Saved group-level keyword breakdown to C:\Users\User\AppData\Local\Temp\tmp7g2yyhxu\keywords_by_group.json.
[2026-07-01 14:31:03] [TASK_8] [INFO] ======================================================================
[2026-07-01 14:31:03] [TASK_8] [INFO] KEYWORD CORPUS FREQUENCY REPORT
[2026-07-01 14:31:03] [TASK_8] [INFO] ======================================================================
[2026-07-01 14:31:03] [TASK_8] [INFO] 
--- POSITIVE keywords (43) ---
[2026-07-01 14:31:03] [TASK_8] [INFO]   lợi nhuận tăng                           1
[2026-07-01 14:31:03] [TASK_8] [INFO]   doanh thu tăng                           1
[2026-07-01 14:31:03] [TASK_8] [INFO]   kỷ lục                                   1
[2026-07-01 14:31:03] [TASK_8] [INFO]   tăng trưởng                              1
[2026-07-01 14:31:03] [TASK_8] [INFO]   tăng mạnh                                1
[2026-07-01 14:31:03] [TASK_8] [INFO]   chia cổ tức                              1
[2026-07-01 14:31:03] [TASK_8] [INFO]   cổ tức cao                               1
[2026-07-01 14:31:03] [TASK_8] [INFO]   cổ tức tiền mặt                          1
[2026-07-01 14:31:03] [TASK_8] [INFO]   giảm nợ                                  1
[2026-07-01 14:31:03] [TASK_8] [INFO]   trả nợ                                   1
[2026-07-01 14:31:03] [TASK_8] [INFO]   cải thiện tài chính                      1
[2026-07-01 14:31:03] [TASK_8] [INFO]   dòng tiền dương                          1
[2026-07-01 14:31:03] [TASK_8] [INFO]   ký kết hợp đồng                          1
[2026-07-01 14:31:03] [TASK_8] [INFO]   mở rộng thị trường                       1
[2026-07-01 14:31:03] [TASK_8] [INFO]   xuất khẩu tăng                           1
[2026-07-01 14:31:03] [TASK_8] [INFO]   tăng trưởng mạnh                         0
[2026-07-01 14:31:03] [TASK_8] [INFO]   vượt kế hoạch                            0
[2026-07-01 14:31:03] [TASK_8] [INFO]   lãi ròng                                 0
[2026-07-01 14:31:03] [TASK_8] [INFO]   lợi nhuận sau thuế tăng                  0
[2026-07-01 14:31:03] [TASK_8] [INFO]   kết quả tích cực                         0
[2026-07-01 14:31:03] [TASK_8] [INFO]   lãi khủng                                0
[2026-07-01 14:31:03] [TASK_8] [INFO]   lãi lớn                                  0
[2026-07-01 14:31:03] [TASK_8] [INFO]   lãi đậm                                  0
[2026-07-01 14:31:03] [TASK_8] [INFO]   báo lãi                                  0
[2026-07-01 14:31:03] [TASK_8] [INFO]   lợi nhuận kỷ lục                         0
[2026-07-01 14:31:03] [TASK_8] [INFO]   doanh thu kỷ lục                         0
[2026-07-01 14:31:03] [TASK_8] [INFO]   lãi kỷ lục                               0
[2026-07-01 14:31:03] [TASK_8] [INFO]   bứt phá                                  0
[2026-07-01 14:31:03] [TASK_8] [INFO]   tăng vọt                                 0
[2026-07-01 14:31:03] [TASK_8] [INFO]   khởi sắc                                 0
[2026-07-01 14:31:03] [TASK_8] [INFO]   phục hồi                                 0
[2026-07-01 14:31:03] [TASK_8] [INFO]   lập đỉnh                                 0
[2026-07-01 14:31:03] [TASK_8] [INFO]   hoàn thành kế hoạch                      0
[2026-07-01 14:31:03] [TASK_8] [INFO]   lợi nhuận cải thiện                      0
[2026-07-01 14:31:03] [TASK_8] [INFO]   mua lại cổ phiếu                         0
[2026-07-01 14:31:03] [TASK_8] [INFO]   phát hành thưởng                         0
[2026-07-01 14:31:03] [TASK_8] [INFO]   tăng vốn điều lệ                         0
[2026-07-01 14:31:03] [TASK_8] [INFO]   hệ số an toàn vốn                        0
[2026-07-01 14:31:03] [TASK_8] [INFO]   tiền mặt dồi dào                         0
[2026-07-01 14:31:03] [TASK_8] [INFO]   dự án mới                                0
[2026-07-01 14:31:03] [TASK_8] [INFO]   đầu tư mới                               0
[2026-07-01 14:31:03] [TASK_8] [INFO]   hợp tác chiến lược                       0
[2026-07-01 14:31:03] [TASK_8] [INFO]   thắng thầu                               0
[2026-07-01 14:31:03] [TASK_8] [INFO] 
--- NEGATIVE keywords (54) ---
[2026-07-01 14:31:03] [TASK_8] [INFO]   lợi nhuận giảm                           1
[2026-07-01 14:31:03] [TASK_8] [INFO]   doanh thu giảm                           1
[2026-07-01 14:31:03] [TASK_8] [INFO]   sụt giảm                                 1
[2026-07-01 14:31:03] [TASK_8] [INFO]   giảm mạnh                                1
[2026-07-01 14:31:03] [TASK_8] [INFO]   nợ xấu                                   1
[2026-07-01 14:31:03] [TASK_8] [INFO]   áp lực tài chính                         1
[2026-07-01 14:31:03] [TASK_8] [INFO]   dòng tiền âm                             1
[2026-07-01 14:31:03] [TASK_8] [INFO]   hủy hợp đồng                             1
[2026-07-01 14:31:03] [TASK_8] [INFO]   dự án trì hoãn                           1
[2026-07-01 14:31:03] [TASK_8] [INFO]   đóng cửa                                 1
[2026-07-01 14:31:03] [TASK_8] [INFO]   bị phạt                                  1
[2026-07-01 14:31:03] [TASK_8] [INFO]   vi phạm                                  1
[2026-07-01 14:31:03] [TASK_8] [INFO]   bị thanh tra                             1
[2026-07-01 14:31:03] [TASK_8] [INFO]   lợi nhuận âm                             0
[2026-07-01 14:31:03] [TASK_8] [INFO]   thua lỗ                                  0
[2026-07-01 14:31:03] [TASK_8] [INFO]   lỗ ròng                                  0
[2026-07-01 14:31:03] [TASK_8] [INFO]   dưới kế hoạch                            0
[2026-07-01 14:31:03] [TASK_8] [INFO]   kết quả tiêu cực                         0
[2026-07-01 14:31:03] [TASK_8] [INFO]   lợi nhuận thấp hơn                       0
[2026-07-01 14:31:03] [TASK_8] [INFO]   báo lỗ                                   0
[2026-07-01 14:31:03] [TASK_8] [INFO]   lỗ nặng                                  0
[2026-07-01 14:31:03] [TASK_8] [INFO]   lỗ lớn                                   0
[2026-07-01 14:31:03] [TASK_8] [INFO]   lỗ kỷ lục                                0
[2026-07-01 14:31:03] [TASK_8] [INFO]   lỗ lũy kế                                0
[2026-07-01 14:31:03] [TASK_8] [INFO]   lao dốc                                  0
[2026-07-01 14:31:03] [TASK_8] [INFO]   giảm sâu                                 0
[2026-07-01 14:31:03] [TASK_8] [INFO]   tụt dốc                                  0
[2026-07-01 14:31:03] [TASK_8] [INFO]   kinh doanh sa sút                        0
[2026-07-01 14:31:03] [TASK_8] [INFO]   âm vốn chủ sở hữu                        0
[2026-07-01 14:31:03] [TASK_8] [INFO]   lợi nhuận không tăng                     0
[2026-07-01 14:31:03] [TASK_8] [INFO]   doanh thu không tăng                     0
[2026-07-01 14:31:03] [TASK_8] [INFO]   không tăng trưởng                        0
[2026-07-01 14:31:03] [TASK_8] [INFO]   tăng trưởng chậm lại                     0
[2026-07-01 14:31:03] [TASK_8] [INFO]   không hoàn thành kế hoạch                0
[2026-07-01 14:31:03] [TASK_8] [INFO]   không đạt kế hoạch                       0
[2026-07-01 14:31:03] [TASK_8] [INFO]   chưa có lãi                              0
[2026-07-01 14:31:03] [TASK_8] [INFO]   không chia cổ tức                        0
[2026-07-01 14:31:03] [TASK_8] [INFO]   hủy cổ tức                               0
[2026-07-01 14:31:03] [TASK_8] [INFO]   giảm cổ tức                              0
[2026-07-01 14:31:03] [TASK_8] [INFO]   phát hành pha loãng                      0
[2026-07-01 14:31:03] [TASK_8] [INFO]   chào bán giá thấp                        0
[2026-07-01 14:31:03] [TASK_8] [INFO]   nợ vay tăng                              0
[2026-07-01 14:31:03] [TASK_8] [INFO]   nợ quá hạn                               0
[2026-07-01 14:31:03] [TASK_8] [INFO]   hệ số nợ cao                             0
[2026-07-01 14:31:03] [TASK_8] [INFO]   thiếu thanh khoản                        0
[2026-07-01 14:31:03] [TASK_8] [INFO]   thu hẹp hoạt động                        0
[2026-07-01 14:31:03] [TASK_8] [INFO]   dừng dự án                               0
[2026-07-01 14:31:03] [TASK_8] [INFO]   bị kiểm toán từ chối                     0
[2026-07-01 14:31:03] [TASK_8] [INFO]   cảnh báo                                 0
[2026-07-01 14:31:03] [TASK_8] [INFO]   đình chỉ                                 0
[2026-07-01 14:31:03] [TASK_8] [INFO]   khởi tố                                  0
[2026-07-01 14:31:03] [TASK_8] [INFO]   điều tra                                 0
[2026-07-01 14:31:03] [TASK_8] [INFO]   tranh chấp pháp lý                       0
[2026-07-01 14:31:03] [TASK_8] [INFO]   bị kiện                                  0
[2026-07-01 14:31:03] [TASK_8] [INFO] 
--- NEUTRAL keywords (9) ---
[2026-07-01 14:31:03] [TASK_8] [INFO]   đại hội cổ đông                          1
[2026-07-01 14:31:03] [TASK_8] [INFO]   thay đổi lãnh đạo                        1
[2026-07-01 14:31:03] [TASK_8] [INFO]   sáp nhập                                 1
[2026-07-01 14:31:03] [TASK_8] [INFO]   mua lại                                  1
[2026-07-01 14:31:03] [TASK_8] [INFO]   phát hành cổ phiếu mới                   1
[2026-07-01 14:31:03] [TASK_8] [INFO]   thoái vốn                                1
[2026-07-01 14:31:03] [TASK_8] [INFO]   họp HĐQT                                 0
[2026-07-01 14:31:03] [TASK_8] [INFO]   thay CEO                                 0
[2026-07-01 14:31:03] [TASK_8] [INFO]   niêm yết thêm                            0
[2026-07-01 14:31:03] [TASK_8] [INFO] 
Total keyword occurrences in corpus: 34
[2026-07-01 14:31:03] [TASK_8] [INFO] Keywords with zero occurrences: 72 / 106
[2026-07-01 14:31:03] [TASK_8] [INFO] ======================================================================
[2026-07-01 14:31:03] [TASK_8] [INFO] Keyword Builder (TASK 8) complete.
[2026-07-01 14:31:03] [TASK_8] [INFO] Starting Keyword Builder (TASK 8)...
[2026-07-01 14:31:03] [TASK_8] [INFO] Loaded 23 stopwords.
[2026-07-01 14:31:03] [TASK_8] [INFO] No corpus provided — skipping candidate extraction.
[2026-07-01 14:31:03] [TASK_8] [INFO] Curated keyword list: 43 positive, 54 negative, 9 neutral (total: 106).
[2026-07-01 14:31:03] [TASK_8] [INFO] Saved flat keyword list to C:\Users\User\AppData\Local\Temp\tmpoye28ot0\keywords_finance.json.
[2026-07-01 14:31:03] [TASK_8] [INFO] Saved group-level keyword breakdown to C:\Users\User\AppData\Local\Temp\tmpoye28ot0\keywords_by_group.json.
[2026-07-01 14:31:03] [TASK_8] [INFO] No corpus provided — skipping frequency report.
[2026-07-01 14:31:03] [TASK_8] [INFO] Keyword Builder (TASK 8) complete.
[2026-07-01 14:31:45] [TASK_8] [INFO] ============================================================
[2026-07-01 14:31:45] [TASK_8] [INFO] START TASK_8: Keyword Building (curate financial keywords)
[2026-07-01 14:31:45] [TASK_8] [INFO] Timestamp: 2026-07-01T14:31:45.558046
[2026-07-01 14:31:45] [TASK_8] [INFO] ============================================================
[2026-07-01 14:31:45] [TASK_8] [INFO] Input: data/news/processed/all_news_processed.csv (34979 rows)
[2026-07-01 14:31:45] [TASK_8] [INFO] ------------------------------------------------------------
[2026-07-01 14:31:45] [TASK_8] [INFO] END TASK_8 — completed in 0.0 seconds
[2026-07-01 14:31:45] [TASK_8] [INFO] ============================================================
[2026-07-01 14:31:46] [TASK_8] [INFO] ============================================================
[2026-07-01 14:31:46] [TASK_8] [INFO] START TASK_8: Keyword Building (curate financial keywords)
[2026-07-01 14:31:46] [TASK_8] [INFO] Timestamp: 2026-07-01T14:31:46.272249
[2026-07-01 14:31:46] [TASK_8] [INFO] ============================================================
[2026-07-01 14:31:46] [TASK_8] [INFO] Input: data/news/processed/all_news_processed.csv (34979 rows)
[2026-07-01 14:31:46] [TASK_8] [INFO] ------------------------------------------------------------
[2026-07-01 14:31:46] [TASK_8] [INFO] END TASK_8 — completed in 0.0 seconds
[2026-07-01 14:31:46] [TASK_8] [INFO] ============================================================
[2026-07-01 14:32:02] [TASK_8] [INFO] Starting Keyword Builder (TASK 8)...
[2026-07-01 14:32:02] [TASK_8] [INFO] Loaded 23 stopwords.
[2026-07-01 14:32:02] [TASK_8] [INFO] Extracting keyword candidates from 10 documents...
[2026-07-01 14:32:02] [TASK_8] [INFO] Saved 176 keyword candidates to C:\Users\User\AppData\Local\Temp\tmp7b3sndn_\keyword_candidates.csv (unigrams: 83, bigrams: 93).
[2026-07-01 14:32:02] [TASK_8] [INFO] Curated keyword list: 43 positive, 54 negative, 9 neutral (total: 106).
[2026-07-01 14:32:02] [TASK_8] [INFO] Saved flat keyword list to C:\Users\User\AppData\Local\Temp\tmp7b3sndn_\keywords_finance.json.
[2026-07-01 14:32:02] [TASK_8] [INFO] Saved group-level keyword breakdown to C:\Users\User\AppData\Local\Temp\tmp7b3sndn_\keywords_by_group.json.
[2026-07-01 14:32:02] [TASK_8] [INFO] ======================================================================
[2026-07-01 14:32:02] [TASK_8] [INFO] KEYWORD CORPUS FREQUENCY REPORT
[2026-07-01 14:32:02] [TASK_8] [INFO] ======================================================================
[2026-07-01 14:32:02] [TASK_8] [INFO] 
--- POSITIVE keywords (43) ---
[2026-07-01 14:32:02] [TASK_8] [INFO]   lợi nhuận tăng                           1
[2026-07-01 14:32:02] [TASK_8] [INFO]   doanh thu tăng                           1
[2026-07-01 14:32:02] [TASK_8] [INFO]   kỷ lục                                   1
[2026-07-01 14:32:02] [TASK_8] [INFO]   tăng trưởng                              1
[2026-07-01 14:32:02] [TASK_8] [INFO]   tăng mạnh                                1
[2026-07-01 14:32:02] [TASK_8] [INFO]   chia cổ tức                              1
[2026-07-01 14:32:02] [TASK_8] [INFO]   cổ tức cao                               1
[2026-07-01 14:32:02] [TASK_8] [INFO]   cổ tức tiền mặt                          1
[2026-07-01 14:32:02] [TASK_8] [INFO]   giảm nợ                                  1
[2026-07-01 14:32:02] [TASK_8] [INFO]   trả nợ                                   1
[2026-07-01 14:32:02] [TASK_8] [INFO]   cải thiện tài chính                      1
[2026-07-01 14:32:02] [TASK_8] [INFO]   dòng tiền dương                          1
[2026-07-01 14:32:02] [TASK_8] [INFO]   ký kết hợp đồng                          1
[2026-07-01 14:32:02] [TASK_8] [INFO]   mở rộng thị trường                       1
[2026-07-01 14:32:02] [TASK_8] [INFO]   xuất khẩu tăng                           1
[2026-07-01 14:32:02] [TASK_8] [INFO]   tăng trưởng mạnh                         0
[2026-07-01 14:32:02] [TASK_8] [INFO]   vượt kế hoạch                            0
[2026-07-01 14:32:02] [TASK_8] [INFO]   lãi ròng                                 0
[2026-07-01 14:32:02] [TASK_8] [INFO]   lợi nhuận sau thuế tăng                  0
[2026-07-01 14:32:02] [TASK_8] [INFO]   kết quả tích cực                         0
[2026-07-01 14:32:02] [TASK_8] [INFO]   lãi khủng                                0
[2026-07-01 14:32:02] [TASK_8] [INFO]   lãi lớn                                  0
[2026-07-01 14:32:02] [TASK_8] [INFO]   lãi đậm                                  0
[2026-07-01 14:32:02] [TASK_8] [INFO]   báo lãi                                  0
[2026-07-01 14:32:02] [TASK_8] [INFO]   lợi nhuận kỷ lục                         0
[2026-07-01 14:32:02] [TASK_8] [INFO]   doanh thu kỷ lục                         0
[2026-07-01 14:32:02] [TASK_8] [INFO]   lãi kỷ lục                               0
[2026-07-01 14:32:02] [TASK_8] [INFO]   bứt phá                                  0
[2026-07-01 14:32:02] [TASK_8] [INFO]   tăng vọt                                 0
[2026-07-01 14:32:02] [TASK_8] [INFO]   khởi sắc                                 0
[2026-07-01 14:32:02] [TASK_8] [INFO]   phục hồi                                 0
[2026-07-01 14:32:02] [TASK_8] [INFO]   lập đỉnh                                 0
[2026-07-01 14:32:02] [TASK_8] [INFO]   hoàn thành kế hoạch                      0
[2026-07-01 14:32:02] [TASK_8] [INFO]   lợi nhuận cải thiện                      0
[2026-07-01 14:32:02] [TASK_8] [INFO]   mua lại cổ phiếu                         0
[2026-07-01 14:32:02] [TASK_8] [INFO]   phát hành thưởng                         0
[2026-07-01 14:32:02] [TASK_8] [INFO]   tăng vốn điều lệ                         0
[2026-07-01 14:32:02] [TASK_8] [INFO]   hệ số an toàn vốn                        0
[2026-07-01 14:32:02] [TASK_8] [INFO]   tiền mặt dồi dào                         0
[2026-07-01 14:32:02] [TASK_8] [INFO]   dự án mới                                0
[2026-07-01 14:32:02] [TASK_8] [INFO]   đầu tư mới                               0
[2026-07-01 14:32:02] [TASK_8] [INFO]   hợp tác chiến lược                       0
[2026-07-01 14:32:02] [TASK_8] [INFO]   thắng thầu                               0
[2026-07-01 14:32:02] [TASK_8] [INFO] 
--- NEGATIVE keywords (54) ---
[2026-07-01 14:32:02] [TASK_8] [INFO]   lợi nhuận giảm                           1
[2026-07-01 14:32:02] [TASK_8] [INFO]   doanh thu giảm                           1
[2026-07-01 14:32:02] [TASK_8] [INFO]   sụt giảm                                 1
[2026-07-01 14:32:02] [TASK_8] [INFO]   giảm mạnh                                1
[2026-07-01 14:32:02] [TASK_8] [INFO]   nợ xấu                                   1
[2026-07-01 14:32:02] [TASK_8] [INFO]   áp lực tài chính                         1
[2026-07-01 14:32:02] [TASK_8] [INFO]   dòng tiền âm                             1
[2026-07-01 14:32:02] [TASK_8] [INFO]   hủy hợp đồng                             1
[2026-07-01 14:32:02] [TASK_8] [INFO]   dự án trì hoãn                           1
[2026-07-01 14:32:02] [TASK_8] [INFO]   đóng cửa                                 1
[2026-07-01 14:32:02] [TASK_8] [INFO]   bị phạt                                  1
[2026-07-01 14:32:02] [TASK_8] [INFO]   vi phạm                                  1
[2026-07-01 14:32:02] [TASK_8] [INFO]   bị thanh tra                             1
[2026-07-01 14:32:02] [TASK_8] [INFO]   lợi nhuận âm                             0
[2026-07-01 14:32:02] [TASK_8] [INFO]   thua lỗ                                  0
[2026-07-01 14:32:02] [TASK_8] [INFO]   lỗ ròng                                  0
[2026-07-01 14:32:02] [TASK_8] [INFO]   dưới kế hoạch                            0
[2026-07-01 14:32:02] [TASK_8] [INFO]   kết quả tiêu cực                         0
[2026-07-01 14:32:02] [TASK_8] [INFO]   lợi nhuận thấp hơn                       0
[2026-07-01 14:32:02] [TASK_8] [INFO]   báo lỗ                                   0
[2026-07-01 14:32:02] [TASK_8] [INFO]   lỗ nặng                                  0
[2026-07-01 14:32:02] [TASK_8] [INFO]   lỗ lớn                                   0
[2026-07-01 14:32:02] [TASK_8] [INFO]   lỗ kỷ lục                                0
[2026-07-01 14:32:02] [TASK_8] [INFO]   lỗ lũy kế                                0
[2026-07-01 14:32:02] [TASK_8] [INFO]   lao dốc                                  0
[2026-07-01 14:32:02] [TASK_8] [INFO]   giảm sâu                                 0
[2026-07-01 14:32:02] [TASK_8] [INFO]   tụt dốc                                  0
[2026-07-01 14:32:02] [TASK_8] [INFO]   kinh doanh sa sút                        0
[2026-07-01 14:32:02] [TASK_8] [INFO]   âm vốn chủ sở hữu                        0
[2026-07-01 14:32:02] [TASK_8] [INFO]   lợi nhuận không tăng                     0
[2026-07-01 14:32:02] [TASK_8] [INFO]   doanh thu không tăng                     0
[2026-07-01 14:32:02] [TASK_8] [INFO]   không tăng trưởng                        0
[2026-07-01 14:32:02] [TASK_8] [INFO]   tăng trưởng chậm lại                     0
[2026-07-01 14:32:02] [TASK_8] [INFO]   không hoàn thành kế hoạch                0
[2026-07-01 14:32:02] [TASK_8] [INFO]   không đạt kế hoạch                       0
[2026-07-01 14:32:02] [TASK_8] [INFO]   chưa có lãi                              0
[2026-07-01 14:32:02] [TASK_8] [INFO]   không chia cổ tức                        0
[2026-07-01 14:32:02] [TASK_8] [INFO]   hủy cổ tức                               0
[2026-07-01 14:32:02] [TASK_8] [INFO]   giảm cổ tức                              0
[2026-07-01 14:32:02] [TASK_8] [INFO]   phát hành pha loãng                      0
[2026-07-01 14:32:02] [TASK_8] [INFO]   chào bán giá thấp                        0
[2026-07-01 14:32:02] [TASK_8] [INFO]   nợ vay tăng                              0
[2026-07-01 14:32:02] [TASK_8] [INFO]   nợ quá hạn                               0
[2026-07-01 14:32:02] [TASK_8] [INFO]   hệ số nợ cao                             0
[2026-07-01 14:32:02] [TASK_8] [INFO]   thiếu thanh khoản                        0
[2026-07-01 14:32:02] [TASK_8] [INFO]   thu hẹp hoạt động                        0
[2026-07-01 14:32:02] [TASK_8] [INFO]   dừng dự án                               0
[2026-07-01 14:32:02] [TASK_8] [INFO]   bị kiểm toán từ chối                     0
[2026-07-01 14:32:02] [TASK_8] [INFO]   cảnh báo                                 0
[2026-07-01 14:32:02] [TASK_8] [INFO]   đình chỉ                                 0
[2026-07-01 14:32:02] [TASK_8] [INFO]   khởi tố                                  0
[2026-07-01 14:32:02] [TASK_8] [INFO]   điều tra                                 0
[2026-07-01 14:32:02] [TASK_8] [INFO]   tranh chấp pháp lý                       0
[2026-07-01 14:32:02] [TASK_8] [INFO]   bị kiện                                  0
[2026-07-01 14:32:02] [TASK_8] [INFO] 
--- NEUTRAL keywords (9) ---
[2026-07-01 14:32:02] [TASK_8] [INFO]   đại hội cổ đông                          1
[2026-07-01 14:32:02] [TASK_8] [INFO]   thay đổi lãnh đạo                        1
[2026-07-01 14:32:02] [TASK_8] [INFO]   sáp nhập                                 1
[2026-07-01 14:32:02] [TASK_8] [INFO]   mua lại                                  1
[2026-07-01 14:32:02] [TASK_8] [INFO]   phát hành cổ phiếu mới                   1
[2026-07-01 14:32:02] [TASK_8] [INFO]   thoái vốn                                1
[2026-07-01 14:32:02] [TASK_8] [INFO]   họp HĐQT                                 0
[2026-07-01 14:32:02] [TASK_8] [INFO]   thay CEO                                 0
[2026-07-01 14:32:02] [TASK_8] [INFO]   niêm yết thêm                            0
[2026-07-01 14:32:02] [TASK_8] [INFO] 
Total keyword occurrences in corpus: 34
[2026-07-01 14:32:02] [TASK_8] [INFO] Keywords with zero occurrences: 72 / 106
[2026-07-01 14:32:02] [TASK_8] [INFO] ======================================================================
[2026-07-01 14:32:02] [TASK_8] [INFO] Keyword Builder (TASK 8) complete.
[2026-07-01 14:32:02] [TASK_8] [INFO] Starting Keyword Builder (TASK 8)...
[2026-07-01 14:32:02] [TASK_8] [INFO] Loaded 23 stopwords.
[2026-07-01 14:32:02] [TASK_8] [INFO] Extracting keyword candidates from 10 documents...
[2026-07-01 14:32:02] [TASK_8] [INFO] Saved 176 keyword candidates to C:\Users\User\AppData\Local\Temp\tmpffam5io2\keyword_candidates.csv (unigrams: 83, bigrams: 93).
[2026-07-01 14:32:02] [TASK_8] [INFO] Curated keyword list: 43 positive, 54 negative, 9 neutral (total: 106).
[2026-07-01 14:32:02] [TASK_8] [INFO] Saved flat keyword list to C:\Users\User\AppData\Local\Temp\tmpffam5io2\keywords_finance.json.
[2026-07-01 14:32:02] [TASK_8] [INFO] Saved group-level keyword breakdown to C:\Users\User\AppData\Local\Temp\tmpffam5io2\keywords_by_group.json.
[2026-07-01 14:32:02] [TASK_8] [INFO] ======================================================================
[2026-07-01 14:32:02] [TASK_8] [INFO] KEYWORD CORPUS FREQUENCY REPORT
[2026-07-01 14:32:02] [TASK_8] [INFO] ======================================================================
[2026-07-01 14:32:02] [TASK_8] [INFO] 
--- POSITIVE keywords (43) ---
[2026-07-01 14:32:02] [TASK_8] [INFO]   lợi nhuận tăng                           1
[2026-07-01 14:32:02] [TASK_8] [INFO]   doanh thu tăng                           1
[2026-07-01 14:32:02] [TASK_8] [INFO]   kỷ lục                                   1
[2026-07-01 14:32:02] [TASK_8] [INFO]   tăng trưởng                              1
[2026-07-01 14:32:02] [TASK_8] [INFO]   tăng mạnh                                1
[2026-07-01 14:32:02] [TASK_8] [INFO]   chia cổ tức                              1
[2026-07-01 14:32:02] [TASK_8] [INFO]   cổ tức cao                               1
[2026-07-01 14:32:02] [TASK_8] [INFO]   cổ tức tiền mặt                          1
[2026-07-01 14:32:02] [TASK_8] [INFO]   giảm nợ                                  1
[2026-07-01 14:32:02] [TASK_8] [INFO]   trả nợ                                   1
[2026-07-01 14:32:02] [TASK_8] [INFO]   cải thiện tài chính                      1
[2026-07-01 14:32:02] [TASK_8] [INFO]   dòng tiền dương                          1
[2026-07-01 14:32:02] [TASK_8] [INFO]   ký kết hợp đồng                          1
[2026-07-01 14:32:02] [TASK_8] [INFO]   mở rộng thị trường                       1
[2026-07-01 14:32:02] [TASK_8] [INFO]   xuất khẩu tăng                           1
[2026-07-01 14:32:02] [TASK_8] [INFO]   tăng trưởng mạnh                         0
[2026-07-01 14:32:02] [TASK_8] [INFO]   vượt kế hoạch                            0
[2026-07-01 14:32:02] [TASK_8] [INFO]   lãi ròng                                 0
[2026-07-01 14:32:02] [TASK_8] [INFO]   lợi nhuận sau thuế tăng                  0
[2026-07-01 14:32:02] [TASK_8] [INFO]   kết quả tích cực                         0
[2026-07-01 14:32:02] [TASK_8] [INFO]   lãi khủng                                0
[2026-07-01 14:32:02] [TASK_8] [INFO]   lãi lớn                                  0
[2026-07-01 14:32:02] [TASK_8] [INFO]   lãi đậm                                  0
[2026-07-01 14:32:02] [TASK_8] [INFO]   báo lãi                                  0
[2026-07-01 14:32:02] [TASK_8] [INFO]   lợi nhuận kỷ lục                         0
[2026-07-01 14:32:02] [TASK_8] [INFO]   doanh thu kỷ lục                         0
[2026-07-01 14:32:02] [TASK_8] [INFO]   lãi kỷ lục                               0
[2026-07-01 14:32:02] [TASK_8] [INFO]   bứt phá                                  0
[2026-07-01 14:32:02] [TASK_8] [INFO]   tăng vọt                                 0
[2026-07-01 14:32:02] [TASK_8] [INFO]   khởi sắc                                 0
[2026-07-01 14:32:02] [TASK_8] [INFO]   phục hồi                                 0
[2026-07-01 14:32:02] [TASK_8] [INFO]   lập đỉnh                                 0
[2026-07-01 14:32:02] [TASK_8] [INFO]   hoàn thành kế hoạch                      0
[2026-07-01 14:32:02] [TASK_8] [INFO]   lợi nhuận cải thiện                      0
[2026-07-01 14:32:02] [TASK_8] [INFO]   mua lại cổ phiếu                         0
[2026-07-01 14:32:02] [TASK_8] [INFO]   phát hành thưởng                         0
[2026-07-01 14:32:02] [TASK_8] [INFO]   tăng vốn điều lệ                         0
[2026-07-01 14:32:02] [TASK_8] [INFO]   hệ số an toàn vốn                        0
[2026-07-01 14:32:02] [TASK_8] [INFO]   tiền mặt dồi dào                         0
[2026-07-01 14:32:02] [TASK_8] [INFO]   dự án mới                                0
[2026-07-01 14:32:02] [TASK_8] [INFO]   đầu tư mới                               0
[2026-07-01 14:32:02] [TASK_8] [INFO]   hợp tác chiến lược                       0
[2026-07-01 14:32:02] [TASK_8] [INFO]   thắng thầu                               0
[2026-07-01 14:32:02] [TASK_8] [INFO] 
--- NEGATIVE keywords (54) ---
[2026-07-01 14:32:02] [TASK_8] [INFO]   lợi nhuận giảm                           1
[2026-07-01 14:32:02] [TASK_8] [INFO]   doanh thu giảm                           1
[2026-07-01 14:32:02] [TASK_8] [INFO]   sụt giảm                                 1
[2026-07-01 14:32:02] [TASK_8] [INFO]   giảm mạnh                                1
[2026-07-01 14:32:02] [TASK_8] [INFO]   nợ xấu                                   1
[2026-07-01 14:32:02] [TASK_8] [INFO]   áp lực tài chính                         1
[2026-07-01 14:32:02] [TASK_8] [INFO]   dòng tiền âm                             1
[2026-07-01 14:32:02] [TASK_8] [INFO]   hủy hợp đồng                             1
[2026-07-01 14:32:02] [TASK_8] [INFO]   dự án trì hoãn                           1
[2026-07-01 14:32:02] [TASK_8] [INFO]   đóng cửa                                 1
[2026-07-01 14:32:02] [TASK_8] [INFO]   bị phạt                                  1
[2026-07-01 14:32:02] [TASK_8] [INFO]   vi phạm                                  1
[2026-07-01 14:32:02] [TASK_8] [INFO]   bị thanh tra                             1
[2026-07-01 14:32:02] [TASK_8] [INFO]   lợi nhuận âm                             0
[2026-07-01 14:32:02] [TASK_8] [INFO]   thua lỗ                                  0
[2026-07-01 14:32:02] [TASK_8] [INFO]   lỗ ròng                                  0
[2026-07-01 14:32:02] [TASK_8] [INFO]   dưới kế hoạch                            0
[2026-07-01 14:32:02] [TASK_8] [INFO]   kết quả tiêu cực                         0
[2026-07-01 14:32:02] [TASK_8] [INFO]   lợi nhuận thấp hơn                       0
[2026-07-01 14:32:02] [TASK_8] [INFO]   báo lỗ                                   0
[2026-07-01 14:32:02] [TASK_8] [INFO]   lỗ nặng                                  0
[2026-07-01 14:32:02] [TASK_8] [INFO]   lỗ lớn                                   0
[2026-07-01 14:32:02] [TASK_8] [INFO]   lỗ kỷ lục                                0
[2026-07-01 14:32:02] [TASK_8] [INFO]   lỗ lũy kế                                0
[2026-07-01 14:32:02] [TASK_8] [INFO]   lao dốc                                  0
[2026-07-01 14:32:02] [TASK_8] [INFO]   giảm sâu                                 0
[2026-07-01 14:32:02] [TASK_8] [INFO]   tụt dốc                                  0
[2026-07-01 14:32:02] [TASK_8] [INFO]   kinh doanh sa sút                        0
[2026-07-01 14:32:02] [TASK_8] [INFO]   âm vốn chủ sở hữu                        0
[2026-07-01 14:32:02] [TASK_8] [INFO]   lợi nhuận không tăng                     0
[2026-07-01 14:32:02] [TASK_8] [INFO]   doanh thu không tăng                     0
[2026-07-01 14:32:02] [TASK_8] [INFO]   không tăng trưởng                        0
[2026-07-01 14:32:02] [TASK_8] [INFO]   tăng trưởng chậm lại                     0
[2026-07-01 14:32:02] [TASK_8] [INFO]   không hoàn thành kế hoạch                0
[2026-07-01 14:32:02] [TASK_8] [INFO]   không đạt kế hoạch                       0
[2026-07-01 14:32:02] [TASK_8] [INFO]   chưa có lãi                              0
[2026-07-01 14:32:02] [TASK_8] [INFO]   không chia cổ tức                        0
[2026-07-01 14:32:02] [TASK_8] [INFO]   hủy cổ tức                               0
[2026-07-01 14:32:02] [TASK_8] [INFO]   giảm cổ tức                              0
[2026-07-01 14:32:02] [TASK_8] [INFO]   phát hành pha loãng                      0
[2026-07-01 14:32:02] [TASK_8] [INFO]   chào bán giá thấp                        0
[2026-07-01 14:32:02] [TASK_8] [INFO]   nợ vay tăng                              0
[2026-07-01 14:32:02] [TASK_8] [INFO]   nợ quá hạn                               0
[2026-07-01 14:32:02] [TASK_8] [INFO]   hệ số nợ cao                             0
[2026-07-01 14:32:02] [TASK_8] [INFO]   thiếu thanh khoản                        0
[2026-07-01 14:32:02] [TASK_8] [INFO]   thu hẹp hoạt động                        0
[2026-07-01 14:32:02] [TASK_8] [INFO]   dừng dự án                               0
[2026-07-01 14:32:02] [TASK_8] [INFO]   bị kiểm toán từ chối                     0
[2026-07-01 14:32:02] [TASK_8] [INFO]   cảnh báo                                 0
[2026-07-01 14:32:02] [TASK_8] [INFO]   đình chỉ                                 0
[2026-07-01 14:32:02] [TASK_8] [INFO]   khởi tố                                  0
[2026-07-01 14:32:02] [TASK_8] [INFO]   điều tra                                 0
[2026-07-01 14:32:02] [TASK_8] [INFO]   tranh chấp pháp lý                       0
[2026-07-01 14:32:02] [TASK_8] [INFO]   bị kiện                                  0
[2026-07-01 14:32:02] [TASK_8] [INFO] 
--- NEUTRAL keywords (9) ---
[2026-07-01 14:32:02] [TASK_8] [INFO]   đại hội cổ đông                          1
[2026-07-01 14:32:02] [TASK_8] [INFO]   thay đổi lãnh đạo                        1
[2026-07-01 14:32:02] [TASK_8] [INFO]   sáp nhập                                 1
[2026-07-01 14:32:02] [TASK_8] [INFO]   mua lại                                  1
[2026-07-01 14:32:02] [TASK_8] [INFO]   phát hành cổ phiếu mới                   1
[2026-07-01 14:32:02] [TASK_8] [INFO]   thoái vốn                                1
[2026-07-01 14:32:02] [TASK_8] [INFO]   họp HĐQT                                 0
[2026-07-01 14:32:02] [TASK_8] [INFO]   thay CEO                                 0
[2026-07-01 14:32:02] [TASK_8] [INFO]   niêm yết thêm                            0
[2026-07-01 14:32:02] [TASK_8] [INFO] 
Total keyword occurrences in corpus: 34
[2026-07-01 14:32:02] [TASK_8] [INFO] Keywords with zero occurrences: 72 / 106
[2026-07-01 14:32:02] [TASK_8] [INFO] ======================================================================
[2026-07-01 14:32:02] [TASK_8] [INFO] Keyword Builder (TASK 8) complete.
[2026-07-01 14:32:02] [TASK_8] [INFO] Starting Keyword Builder (TASK 8)...
[2026-07-01 14:32:02] [TASK_8] [INFO] Loaded 23 stopwords.
[2026-07-01 14:32:02] [TASK_8] [INFO] No corpus provided — skipping candidate extraction.
[2026-07-01 14:32:02] [TASK_8] [INFO] Curated keyword list: 43 positive, 54 negative, 9 neutral (total: 106).
[2026-07-01 14:32:02] [TASK_8] [INFO] Saved flat keyword list to C:\Users\User\AppData\Local\Temp\tmpn99i6p_a\keywords_finance.json.
[2026-07-01 14:32:02] [TASK_8] [INFO] Saved group-level keyword breakdown to C:\Users\User\AppData\Local\Temp\tmpn99i6p_a\keywords_by_group.json.
[2026-07-01 14:32:02] [TASK_8] [INFO] No corpus provided — skipping frequency report.
[2026-07-01 14:32:02] [TASK_8] [INFO] Keyword Builder (TASK 8) complete.
[2026-07-01 14:48:17] [TASK_8] [INFO] ============================================================
[2026-07-01 14:48:17] [TASK_8] [INFO] START TASK_8: Keyword Building (curate financial keywords)
[2026-07-01 14:48:17] [TASK_8] [INFO] Timestamp: 2026-07-01T14:48:17.058164
[2026-07-01 14:48:17] [TASK_8] [INFO] ============================================================
[2026-07-01 14:48:17] [TASK_8] [INFO] Input: data/news/processed/all_news_processed.csv (34979 rows)
[2026-07-01 14:48:17] [TASK_8] [INFO] ------------------------------------------------------------
[2026-07-01 14:48:17] [TASK_8] [INFO] END TASK_8 — completed in 0.0 seconds
[2026-07-01 14:48:17] [TASK_8] [INFO] ============================================================
[2026-07-01 14:48:17] [TASK_8] [INFO] ============================================================
[2026-07-01 14:48:17] [TASK_8] [INFO] START TASK_8: Keyword Building (curate financial keywords)
[2026-07-01 14:48:17] [TASK_8] [INFO] Timestamp: 2026-07-01T14:48:17.766304
[2026-07-01 14:48:17] [TASK_8] [INFO] ============================================================
[2026-07-01 14:48:17] [TASK_8] [INFO] Input: data/news/processed/all_news_processed.csv (34979 rows)
[2026-07-01 14:48:17] [TASK_8] [INFO] ------------------------------------------------------------
[2026-07-01 14:48:17] [TASK_8] [INFO] END TASK_8 — completed in 0.0 seconds
[2026-07-01 14:48:17] [TASK_8] [INFO] ============================================================
[2026-07-01 14:48:34] [TASK_8] [INFO] Starting Keyword Builder (TASK 8)...
[2026-07-01 14:48:34] [TASK_8] [INFO] Loaded 23 stopwords.
[2026-07-01 14:48:34] [TASK_8] [INFO] Extracting keyword candidates from 10 documents...
[2026-07-01 14:48:34] [TASK_8] [INFO] Saved 176 keyword candidates to C:\Users\User\AppData\Local\Temp\tmp18pdcq32\keyword_candidates.csv (unigrams: 83, bigrams: 93).
[2026-07-01 14:48:34] [TASK_8] [INFO] Curated keyword list: 43 positive, 54 negative, 9 neutral (total: 106).
[2026-07-01 14:48:34] [TASK_8] [INFO] Saved flat keyword list to C:\Users\User\AppData\Local\Temp\tmp18pdcq32\keywords_finance.json.
[2026-07-01 14:48:34] [TASK_8] [INFO] Saved group-level keyword breakdown to C:\Users\User\AppData\Local\Temp\tmp18pdcq32\keywords_by_group.json.
[2026-07-01 14:48:34] [TASK_8] [INFO] ======================================================================
[2026-07-01 14:48:34] [TASK_8] [INFO] KEYWORD CORPUS FREQUENCY REPORT
[2026-07-01 14:48:34] [TASK_8] [INFO] ======================================================================
[2026-07-01 14:48:34] [TASK_8] [INFO] 
--- POSITIVE keywords (43) ---
[2026-07-01 14:48:34] [TASK_8] [INFO]   lợi nhuận tăng                           1
[2026-07-01 14:48:34] [TASK_8] [INFO]   doanh thu tăng                           1
[2026-07-01 14:48:34] [TASK_8] [INFO]   kỷ lục                                   1
[2026-07-01 14:48:34] [TASK_8] [INFO]   tăng trưởng                              1
[2026-07-01 14:48:34] [TASK_8] [INFO]   tăng mạnh                                1
[2026-07-01 14:48:34] [TASK_8] [INFO]   chia cổ tức                              1
[2026-07-01 14:48:34] [TASK_8] [INFO]   cổ tức cao                               1
[2026-07-01 14:48:34] [TASK_8] [INFO]   cổ tức tiền mặt                          1
[2026-07-01 14:48:34] [TASK_8] [INFO]   giảm nợ                                  1
[2026-07-01 14:48:34] [TASK_8] [INFO]   trả nợ                                   1
[2026-07-01 14:48:34] [TASK_8] [INFO]   cải thiện tài chính                      1
[2026-07-01 14:48:34] [TASK_8] [INFO]   dòng tiền dương                          1
[2026-07-01 14:48:34] [TASK_8] [INFO]   ký kết hợp đồng                          1
[2026-07-01 14:48:34] [TASK_8] [INFO]   mở rộng thị trường                       1
[2026-07-01 14:48:34] [TASK_8] [INFO]   xuất khẩu tăng                           1
[2026-07-01 14:48:34] [TASK_8] [INFO]   tăng trưởng mạnh                         0
[2026-07-01 14:48:34] [TASK_8] [INFO]   vượt kế hoạch                            0
[2026-07-01 14:48:34] [TASK_8] [INFO]   lãi ròng                                 0
[2026-07-01 14:48:34] [TASK_8] [INFO]   lợi nhuận sau thuế tăng                  0
[2026-07-01 14:48:34] [TASK_8] [INFO]   kết quả tích cực                         0
[2026-07-01 14:48:34] [TASK_8] [INFO]   lãi khủng                                0
[2026-07-01 14:48:34] [TASK_8] [INFO]   lãi lớn                                  0
[2026-07-01 14:48:34] [TASK_8] [INFO]   lãi đậm                                  0
[2026-07-01 14:48:34] [TASK_8] [INFO]   báo lãi                                  0
[2026-07-01 14:48:34] [TASK_8] [INFO]   lợi nhuận kỷ lục                         0
[2026-07-01 14:48:34] [TASK_8] [INFO]   doanh thu kỷ lục                         0
[2026-07-01 14:48:34] [TASK_8] [INFO]   lãi kỷ lục                               0
[2026-07-01 14:48:34] [TASK_8] [INFO]   bứt phá                                  0
[2026-07-01 14:48:34] [TASK_8] [INFO]   tăng vọt                                 0
[2026-07-01 14:48:34] [TASK_8] [INFO]   khởi sắc                                 0
[2026-07-01 14:48:34] [TASK_8] [INFO]   phục hồi                                 0
[2026-07-01 14:48:34] [TASK_8] [INFO]   lập đỉnh                                 0
[2026-07-01 14:48:34] [TASK_8] [INFO]   hoàn thành kế hoạch                      0
[2026-07-01 14:48:34] [TASK_8] [INFO]   lợi nhuận cải thiện                      0
[2026-07-01 14:48:34] [TASK_8] [INFO]   mua lại cổ phiếu                         0
[2026-07-01 14:48:34] [TASK_8] [INFO]   phát hành thưởng                         0
[2026-07-01 14:48:34] [TASK_8] [INFO]   tăng vốn điều lệ                         0
[2026-07-01 14:48:34] [TASK_8] [INFO]   hệ số an toàn vốn                        0
[2026-07-01 14:48:34] [TASK_8] [INFO]   tiền mặt dồi dào                         0
[2026-07-01 14:48:34] [TASK_8] [INFO]   dự án mới                                0
[2026-07-01 14:48:34] [TASK_8] [INFO]   đầu tư mới                               0
[2026-07-01 14:48:34] [TASK_8] [INFO]   hợp tác chiến lược                       0
[2026-07-01 14:48:34] [TASK_8] [INFO]   thắng thầu                               0
[2026-07-01 14:48:34] [TASK_8] [INFO] 
--- NEGATIVE keywords (54) ---
[2026-07-01 14:48:34] [TASK_8] [INFO]   lợi nhuận giảm                           1
[2026-07-01 14:48:34] [TASK_8] [INFO]   doanh thu giảm                           1
[2026-07-01 14:48:34] [TASK_8] [INFO]   sụt giảm                                 1
[2026-07-01 14:48:34] [TASK_8] [INFO]   giảm mạnh                                1
[2026-07-01 14:48:34] [TASK_8] [INFO]   nợ xấu                                   1
[2026-07-01 14:48:34] [TASK_8] [INFO]   áp lực tài chính                         1
[2026-07-01 14:48:34] [TASK_8] [INFO]   dòng tiền âm                             1
[2026-07-01 14:48:34] [TASK_8] [INFO]   hủy hợp đồng                             1
[2026-07-01 14:48:34] [TASK_8] [INFO]   dự án trì hoãn                           1
[2026-07-01 14:48:34] [TASK_8] [INFO]   đóng cửa                                 1
[2026-07-01 14:48:34] [TASK_8] [INFO]   bị phạt                                  1
[2026-07-01 14:48:34] [TASK_8] [INFO]   vi phạm                                  1
[2026-07-01 14:48:34] [TASK_8] [INFO]   bị thanh tra                             1
[2026-07-01 14:48:34] [TASK_8] [INFO]   lợi nhuận âm                             0
[2026-07-01 14:48:34] [TASK_8] [INFO]   thua lỗ                                  0
[2026-07-01 14:48:34] [TASK_8] [INFO]   lỗ ròng                                  0
[2026-07-01 14:48:34] [TASK_8] [INFO]   dưới kế hoạch                            0
[2026-07-01 14:48:34] [TASK_8] [INFO]   kết quả tiêu cực                         0
[2026-07-01 14:48:34] [TASK_8] [INFO]   lợi nhuận thấp hơn                       0
[2026-07-01 14:48:34] [TASK_8] [INFO]   báo lỗ                                   0
[2026-07-01 14:48:34] [TASK_8] [INFO]   lỗ nặng                                  0
[2026-07-01 14:48:34] [TASK_8] [INFO]   lỗ lớn                                   0
[2026-07-01 14:48:34] [TASK_8] [INFO]   lỗ kỷ lục                                0
[2026-07-01 14:48:34] [TASK_8] [INFO]   lỗ lũy kế                                0
[2026-07-01 14:48:34] [TASK_8] [INFO]   lao dốc                                  0
[2026-07-01 14:48:34] [TASK_8] [INFO]   giảm sâu                                 0
[2026-07-01 14:48:34] [TASK_8] [INFO]   tụt dốc                                  0
[2026-07-01 14:48:34] [TASK_8] [INFO]   kinh doanh sa sút                        0
[2026-07-01 14:48:34] [TASK_8] [INFO]   âm vốn chủ sở hữu                        0
[2026-07-01 14:48:34] [TASK_8] [INFO]   lợi nhuận không tăng                     0
[2026-07-01 14:48:34] [TASK_8] [INFO]   doanh thu không tăng                     0
[2026-07-01 14:48:34] [TASK_8] [INFO]   không tăng trưởng                        0
[2026-07-01 14:48:34] [TASK_8] [INFO]   tăng trưởng chậm lại                     0
[2026-07-01 14:48:34] [TASK_8] [INFO]   không hoàn thành kế hoạch                0
[2026-07-01 14:48:34] [TASK_8] [INFO]   không đạt kế hoạch                       0
[2026-07-01 14:48:34] [TASK_8] [INFO]   chưa có lãi                              0
[2026-07-01 14:48:34] [TASK_8] [INFO]   không chia cổ tức                        0
[2026-07-01 14:48:34] [TASK_8] [INFO]   hủy cổ tức                               0
[2026-07-01 14:48:34] [TASK_8] [INFO]   giảm cổ tức                              0
[2026-07-01 14:48:34] [TASK_8] [INFO]   phát hành pha loãng                      0
[2026-07-01 14:48:34] [TASK_8] [INFO]   chào bán giá thấp                        0
[2026-07-01 14:48:34] [TASK_8] [INFO]   nợ vay tăng                              0
[2026-07-01 14:48:34] [TASK_8] [INFO]   nợ quá hạn                               0
[2026-07-01 14:48:34] [TASK_8] [INFO]   hệ số nợ cao                             0
[2026-07-01 14:48:34] [TASK_8] [INFO]   thiếu thanh khoản                        0
[2026-07-01 14:48:34] [TASK_8] [INFO]   thu hẹp hoạt động                        0
[2026-07-01 14:48:34] [TASK_8] [INFO]   dừng dự án                               0
[2026-07-01 14:48:34] [TASK_8] [INFO]   bị kiểm toán từ chối                     0
[2026-07-01 14:48:34] [TASK_8] [INFO]   cảnh báo                                 0
[2026-07-01 14:48:34] [TASK_8] [INFO]   đình chỉ                                 0
[2026-07-01 14:48:34] [TASK_8] [INFO]   khởi tố                                  0
[2026-07-01 14:48:34] [TASK_8] [INFO]   điều tra                                 0
[2026-07-01 14:48:34] [TASK_8] [INFO]   tranh chấp pháp lý                       0
[2026-07-01 14:48:34] [TASK_8] [INFO]   bị kiện                                  0
[2026-07-01 14:48:34] [TASK_8] [INFO] 
--- NEUTRAL keywords (9) ---
[2026-07-01 14:48:34] [TASK_8] [INFO]   đại hội cổ đông                          1
[2026-07-01 14:48:34] [TASK_8] [INFO]   thay đổi lãnh đạo                        1
[2026-07-01 14:48:34] [TASK_8] [INFO]   sáp nhập                                 1
[2026-07-01 14:48:34] [TASK_8] [INFO]   mua lại                                  1
[2026-07-01 14:48:34] [TASK_8] [INFO]   phát hành cổ phiếu mới                   1
[2026-07-01 14:48:34] [TASK_8] [INFO]   thoái vốn                                1
[2026-07-01 14:48:34] [TASK_8] [INFO]   họp HĐQT                                 0
[2026-07-01 14:48:34] [TASK_8] [INFO]   thay CEO                                 0
[2026-07-01 14:48:34] [TASK_8] [INFO]   niêm yết thêm                            0
[2026-07-01 14:48:34] [TASK_8] [INFO] 
Total keyword occurrences in corpus: 34
[2026-07-01 14:48:34] [TASK_8] [INFO] Keywords with zero occurrences: 72 / 106
[2026-07-01 14:48:34] [TASK_8] [INFO] ======================================================================
[2026-07-01 14:48:34] [TASK_8] [INFO] Keyword Builder (TASK 8) complete.
[2026-07-01 14:48:34] [TASK_8] [INFO] Starting Keyword Builder (TASK 8)...
[2026-07-01 14:48:34] [TASK_8] [INFO] Loaded 23 stopwords.
[2026-07-01 14:48:34] [TASK_8] [INFO] Extracting keyword candidates from 10 documents...
[2026-07-01 14:48:34] [TASK_8] [INFO] Saved 176 keyword candidates to C:\Users\User\AppData\Local\Temp\tmp6tz7rml8\keyword_candidates.csv (unigrams: 83, bigrams: 93).
[2026-07-01 14:48:34] [TASK_8] [INFO] Curated keyword list: 43 positive, 54 negative, 9 neutral (total: 106).
[2026-07-01 14:48:34] [TASK_8] [INFO] Saved flat keyword list to C:\Users\User\AppData\Local\Temp\tmp6tz7rml8\keywords_finance.json.
[2026-07-01 14:48:34] [TASK_8] [INFO] Saved group-level keyword breakdown to C:\Users\User\AppData\Local\Temp\tmp6tz7rml8\keywords_by_group.json.
[2026-07-01 14:48:34] [TASK_8] [INFO] ======================================================================
[2026-07-01 14:48:34] [TASK_8] [INFO] KEYWORD CORPUS FREQUENCY REPORT
[2026-07-01 14:48:34] [TASK_8] [INFO] ======================================================================
[2026-07-01 14:48:34] [TASK_8] [INFO] 
--- POSITIVE keywords (43) ---
[2026-07-01 14:48:34] [TASK_8] [INFO]   lợi nhuận tăng                           1
[2026-07-01 14:48:34] [TASK_8] [INFO]   doanh thu tăng                           1
[2026-07-01 14:48:34] [TASK_8] [INFO]   kỷ lục                                   1
[2026-07-01 14:48:34] [TASK_8] [INFO]   tăng trưởng                              1
[2026-07-01 14:48:34] [TASK_8] [INFO]   tăng mạnh                                1
[2026-07-01 14:48:34] [TASK_8] [INFO]   chia cổ tức                              1
[2026-07-01 14:48:34] [TASK_8] [INFO]   cổ tức cao                               1
[2026-07-01 14:48:34] [TASK_8] [INFO]   cổ tức tiền mặt                          1
[2026-07-01 14:48:34] [TASK_8] [INFO]   giảm nợ                                  1
[2026-07-01 14:48:34] [TASK_8] [INFO]   trả nợ                                   1
[2026-07-01 14:48:34] [TASK_8] [INFO]   cải thiện tài chính                      1
[2026-07-01 14:48:34] [TASK_8] [INFO]   dòng tiền dương                          1
[2026-07-01 14:48:34] [TASK_8] [INFO]   ký kết hợp đồng                          1
[2026-07-01 14:48:34] [TASK_8] [INFO]   mở rộng thị trường                       1
[2026-07-01 14:48:34] [TASK_8] [INFO]   xuất khẩu tăng                           1
[2026-07-01 14:48:34] [TASK_8] [INFO]   tăng trưởng mạnh                         0
[2026-07-01 14:48:34] [TASK_8] [INFO]   vượt kế hoạch                            0
[2026-07-01 14:48:34] [TASK_8] [INFO]   lãi ròng                                 0
[2026-07-01 14:48:34] [TASK_8] [INFO]   lợi nhuận sau thuế tăng                  0
[2026-07-01 14:48:34] [TASK_8] [INFO]   kết quả tích cực                         0
[2026-07-01 14:48:34] [TASK_8] [INFO]   lãi khủng                                0
[2026-07-01 14:48:34] [TASK_8] [INFO]   lãi lớn                                  0
[2026-07-01 14:48:34] [TASK_8] [INFO]   lãi đậm                                  0
[2026-07-01 14:48:34] [TASK_8] [INFO]   báo lãi                                  0
[2026-07-01 14:48:34] [TASK_8] [INFO]   lợi nhuận kỷ lục                         0
[2026-07-01 14:48:34] [TASK_8] [INFO]   doanh thu kỷ lục                         0
[2026-07-01 14:48:34] [TASK_8] [INFO]   lãi kỷ lục                               0
[2026-07-01 14:48:34] [TASK_8] [INFO]   bứt phá                                  0
[2026-07-01 14:48:34] [TASK_8] [INFO]   tăng vọt                                 0
[2026-07-01 14:48:34] [TASK_8] [INFO]   khởi sắc                                 0
[2026-07-01 14:48:34] [TASK_8] [INFO]   phục hồi                                 0
[2026-07-01 14:48:34] [TASK_8] [INFO]   lập đỉnh                                 0
[2026-07-01 14:48:34] [TASK_8] [INFO]   hoàn thành kế hoạch                      0
[2026-07-01 14:48:34] [TASK_8] [INFO]   lợi nhuận cải thiện                      0
[2026-07-01 14:48:34] [TASK_8] [INFO]   mua lại cổ phiếu                         0
[2026-07-01 14:48:34] [TASK_8] [INFO]   phát hành thưởng                         0
[2026-07-01 14:48:34] [TASK_8] [INFO]   tăng vốn điều lệ                         0
[2026-07-01 14:48:34] [TASK_8] [INFO]   hệ số an toàn vốn                        0
[2026-07-01 14:48:34] [TASK_8] [INFO]   tiền mặt dồi dào                         0
[2026-07-01 14:48:34] [TASK_8] [INFO]   dự án mới                                0
[2026-07-01 14:48:34] [TASK_8] [INFO]   đầu tư mới                               0
[2026-07-01 14:48:34] [TASK_8] [INFO]   hợp tác chiến lược                       0
[2026-07-01 14:48:34] [TASK_8] [INFO]   thắng thầu                               0
[2026-07-01 14:48:34] [TASK_8] [INFO] 
--- NEGATIVE keywords (54) ---
[2026-07-01 14:48:34] [TASK_8] [INFO]   lợi nhuận giảm                           1
[2026-07-01 14:48:34] [TASK_8] [INFO]   doanh thu giảm                           1
[2026-07-01 14:48:34] [TASK_8] [INFO]   sụt giảm                                 1
[2026-07-01 14:48:34] [TASK_8] [INFO]   giảm mạnh                                1
[2026-07-01 14:48:34] [TASK_8] [INFO]   nợ xấu                                   1
[2026-07-01 14:48:34] [TASK_8] [INFO]   áp lực tài chính                         1
[2026-07-01 14:48:34] [TASK_8] [INFO]   dòng tiền âm                             1
[2026-07-01 14:48:34] [TASK_8] [INFO]   hủy hợp đồng                             1
[2026-07-01 14:48:34] [TASK_8] [INFO]   dự án trì hoãn                           1
[2026-07-01 14:48:34] [TASK_8] [INFO]   đóng cửa                                 1
[2026-07-01 14:48:34] [TASK_8] [INFO]   bị phạt                                  1
[2026-07-01 14:48:34] [TASK_8] [INFO]   vi phạm                                  1
[2026-07-01 14:48:34] [TASK_8] [INFO]   bị thanh tra                             1
[2026-07-01 14:48:34] [TASK_8] [INFO]   lợi nhuận âm                             0
[2026-07-01 14:48:34] [TASK_8] [INFO]   thua lỗ                                  0
[2026-07-01 14:48:34] [TASK_8] [INFO]   lỗ ròng                                  0
[2026-07-01 14:48:34] [TASK_8] [INFO]   dưới kế hoạch                            0
[2026-07-01 14:48:34] [TASK_8] [INFO]   kết quả tiêu cực                         0
[2026-07-01 14:48:34] [TASK_8] [INFO]   lợi nhuận thấp hơn                       0
[2026-07-01 14:48:34] [TASK_8] [INFO]   báo lỗ                                   0
[2026-07-01 14:48:34] [TASK_8] [INFO]   lỗ nặng                                  0
[2026-07-01 14:48:34] [TASK_8] [INFO]   lỗ lớn                                   0
[2026-07-01 14:48:34] [TASK_8] [INFO]   lỗ kỷ lục                                0
[2026-07-01 14:48:34] [TASK_8] [INFO]   lỗ lũy kế                                0
[2026-07-01 14:48:34] [TASK_8] [INFO]   lao dốc                                  0
[2026-07-01 14:48:34] [TASK_8] [INFO]   giảm sâu                                 0
[2026-07-01 14:48:34] [TASK_8] [INFO]   tụt dốc                                  0
[2026-07-01 14:48:34] [TASK_8] [INFO]   kinh doanh sa sút                        0
[2026-07-01 14:48:34] [TASK_8] [INFO]   âm vốn chủ sở hữu                        0
[2026-07-01 14:48:34] [TASK_8] [INFO]   lợi nhuận không tăng                     0
[2026-07-01 14:48:34] [TASK_8] [INFO]   doanh thu không tăng                     0
[2026-07-01 14:48:34] [TASK_8] [INFO]   không tăng trưởng                        0
[2026-07-01 14:48:34] [TASK_8] [INFO]   tăng trưởng chậm lại                     0
[2026-07-01 14:48:34] [TASK_8] [INFO]   không hoàn thành kế hoạch                0
[2026-07-01 14:48:34] [TASK_8] [INFO]   không đạt kế hoạch                       0
[2026-07-01 14:48:34] [TASK_8] [INFO]   chưa có lãi                              0
[2026-07-01 14:48:34] [TASK_8] [INFO]   không chia cổ tức                        0
[2026-07-01 14:48:34] [TASK_8] [INFO]   hủy cổ tức                               0
[2026-07-01 14:48:34] [TASK_8] [INFO]   giảm cổ tức                              0
[2026-07-01 14:48:34] [TASK_8] [INFO]   phát hành pha loãng                      0
[2026-07-01 14:48:34] [TASK_8] [INFO]   chào bán giá thấp                        0
[2026-07-01 14:48:34] [TASK_8] [INFO]   nợ vay tăng                              0
[2026-07-01 14:48:34] [TASK_8] [INFO]   nợ quá hạn                               0
[2026-07-01 14:48:34] [TASK_8] [INFO]   hệ số nợ cao                             0
[2026-07-01 14:48:34] [TASK_8] [INFO]   thiếu thanh khoản                        0
[2026-07-01 14:48:34] [TASK_8] [INFO]   thu hẹp hoạt động                        0
[2026-07-01 14:48:34] [TASK_8] [INFO]   dừng dự án                               0
[2026-07-01 14:48:34] [TASK_8] [INFO]   bị kiểm toán từ chối                     0
[2026-07-01 14:48:34] [TASK_8] [INFO]   cảnh báo                                 0
[2026-07-01 14:48:34] [TASK_8] [INFO]   đình chỉ                                 0
[2026-07-01 14:48:34] [TASK_8] [INFO]   khởi tố                                  0
[2026-07-01 14:48:34] [TASK_8] [INFO]   điều tra                                 0
[2026-07-01 14:48:34] [TASK_8] [INFO]   tranh chấp pháp lý                       0
[2026-07-01 14:48:34] [TASK_8] [INFO]   bị kiện                                  0
[2026-07-01 14:48:34] [TASK_8] [INFO] 
--- NEUTRAL keywords (9) ---
[2026-07-01 14:48:34] [TASK_8] [INFO]   đại hội cổ đông                          1
[2026-07-01 14:48:34] [TASK_8] [INFO]   thay đổi lãnh đạo                        1
[2026-07-01 14:48:34] [TASK_8] [INFO]   sáp nhập                                 1
[2026-07-01 14:48:34] [TASK_8] [INFO]   mua lại                                  1
[2026-07-01 14:48:34] [TASK_8] [INFO]   phát hành cổ phiếu mới                   1
[2026-07-01 14:48:34] [TASK_8] [INFO]   thoái vốn                                1
[2026-07-01 14:48:34] [TASK_8] [INFO]   họp HĐQT                                 0
[2026-07-01 14:48:34] [TASK_8] [INFO]   thay CEO                                 0
[2026-07-01 14:48:34] [TASK_8] [INFO]   niêm yết thêm                            0
[2026-07-01 14:48:34] [TASK_8] [INFO] 
Total keyword occurrences in corpus: 34
[2026-07-01 14:48:34] [TASK_8] [INFO] Keywords with zero occurrences: 72 / 106
[2026-07-01 14:48:34] [TASK_8] [INFO] ======================================================================
[2026-07-01 14:48:34] [TASK_8] [INFO] Keyword Builder (TASK 8) complete.
[2026-07-01 14:48:34] [TASK_8] [INFO] Starting Keyword Builder (TASK 8)...
[2026-07-01 14:48:34] [TASK_8] [INFO] Loaded 23 stopwords.
[2026-07-01 14:48:34] [TASK_8] [INFO] No corpus provided — skipping candidate extraction.
[2026-07-01 14:48:34] [TASK_8] [INFO] Curated keyword list: 43 positive, 54 negative, 9 neutral (total: 106).
[2026-07-01 14:48:34] [TASK_8] [INFO] Saved flat keyword list to C:\Users\User\AppData\Local\Temp\tmp77qlorqu\keywords_finance.json.
[2026-07-01 14:48:34] [TASK_8] [INFO] Saved group-level keyword breakdown to C:\Users\User\AppData\Local\Temp\tmp77qlorqu\keywords_by_group.json.
[2026-07-01 14:48:34] [TASK_8] [INFO] No corpus provided — skipping frequency report.
[2026-07-01 14:48:34] [TASK_8] [INFO] Keyword Builder (TASK 8) complete.
[2026-07-01 14:49:20] [TASK_8] [INFO] ============================================================
[2026-07-01 14:49:20] [TASK_8] [INFO] START TASK_8: Keyword Building (curate financial keywords)
[2026-07-01 14:49:20] [TASK_8] [INFO] Timestamp: 2026-07-01T14:49:20.640285
[2026-07-01 14:49:20] [TASK_8] [INFO] ============================================================
[2026-07-01 14:49:20] [TASK_8] [INFO] Input: data/news/processed/all_news_processed.csv (34979 rows)
[2026-07-01 14:49:20] [TASK_8] [INFO] ------------------------------------------------------------
[2026-07-01 14:49:20] [TASK_8] [INFO] END TASK_8 — completed in 0.0 seconds
[2026-07-01 14:49:20] [TASK_8] [INFO] ============================================================
[2026-07-01 14:49:21] [TASK_8] [INFO] ============================================================
[2026-07-01 14:49:21] [TASK_8] [INFO] START TASK_8: Keyword Building (curate financial keywords)
[2026-07-01 14:49:21] [TASK_8] [INFO] Timestamp: 2026-07-01T14:49:21.313532
[2026-07-01 14:49:21] [TASK_8] [INFO] ============================================================
[2026-07-01 14:49:21] [TASK_8] [INFO] Input: data/news/processed/all_news_processed.csv (34979 rows)
[2026-07-01 14:49:21] [TASK_8] [INFO] ------------------------------------------------------------
[2026-07-01 14:49:21] [TASK_8] [INFO] END TASK_8 — completed in 0.0 seconds
[2026-07-01 14:49:21] [TASK_8] [INFO] ============================================================
[2026-07-01 14:49:38] [TASK_8] [INFO] Starting Keyword Builder (TASK 8)...
[2026-07-01 14:49:38] [TASK_8] [INFO] Loaded 23 stopwords.
[2026-07-01 14:49:38] [TASK_8] [INFO] Extracting keyword candidates from 10 documents...
[2026-07-01 14:49:38] [TASK_8] [INFO] Saved 176 keyword candidates to C:\Users\User\AppData\Local\Temp\tmplljdtlqi\keyword_candidates.csv (unigrams: 83, bigrams: 93).
[2026-07-01 14:49:38] [TASK_8] [INFO] Curated keyword list: 43 positive, 54 negative, 9 neutral (total: 106).
[2026-07-01 14:49:38] [TASK_8] [INFO] Saved flat keyword list to C:\Users\User\AppData\Local\Temp\tmplljdtlqi\keywords_finance.json.
[2026-07-01 14:49:38] [TASK_8] [INFO] Saved group-level keyword breakdown to C:\Users\User\AppData\Local\Temp\tmplljdtlqi\keywords_by_group.json.
[2026-07-01 14:49:38] [TASK_8] [INFO] ======================================================================
[2026-07-01 14:49:38] [TASK_8] [INFO] KEYWORD CORPUS FREQUENCY REPORT
[2026-07-01 14:49:38] [TASK_8] [INFO] ======================================================================
[2026-07-01 14:49:38] [TASK_8] [INFO] 
--- POSITIVE keywords (43) ---
[2026-07-01 14:49:38] [TASK_8] [INFO]   lợi nhuận tăng                           1
[2026-07-01 14:49:38] [TASK_8] [INFO]   doanh thu tăng                           1
[2026-07-01 14:49:38] [TASK_8] [INFO]   kỷ lục                                   1
[2026-07-01 14:49:38] [TASK_8] [INFO]   tăng trưởng                              1
[2026-07-01 14:49:38] [TASK_8] [INFO]   tăng mạnh                                1
[2026-07-01 14:49:38] [TASK_8] [INFO]   chia cổ tức                              1
[2026-07-01 14:49:38] [TASK_8] [INFO]   cổ tức cao                               1
[2026-07-01 14:49:38] [TASK_8] [INFO]   cổ tức tiền mặt                          1
[2026-07-01 14:49:38] [TASK_8] [INFO]   giảm nợ                                  1
[2026-07-01 14:49:38] [TASK_8] [INFO]   trả nợ                                   1
[2026-07-01 14:49:38] [TASK_8] [INFO]   cải thiện tài chính                      1
[2026-07-01 14:49:38] [TASK_8] [INFO]   dòng tiền dương                          1
[2026-07-01 14:49:38] [TASK_8] [INFO]   ký kết hợp đồng                          1
[2026-07-01 14:49:38] [TASK_8] [INFO]   mở rộng thị trường                       1
[2026-07-01 14:49:38] [TASK_8] [INFO]   xuất khẩu tăng                           1
[2026-07-01 14:49:38] [TASK_8] [INFO]   tăng trưởng mạnh                         0
[2026-07-01 14:49:38] [TASK_8] [INFO]   vượt kế hoạch                            0
[2026-07-01 14:49:38] [TASK_8] [INFO]   lãi ròng                                 0
[2026-07-01 14:49:38] [TASK_8] [INFO]   lợi nhuận sau thuế tăng                  0
[2026-07-01 14:49:38] [TASK_8] [INFO]   kết quả tích cực                         0
[2026-07-01 14:49:38] [TASK_8] [INFO]   lãi khủng                                0
[2026-07-01 14:49:38] [TASK_8] [INFO]   lãi lớn                                  0
[2026-07-01 14:49:38] [TASK_8] [INFO]   lãi đậm                                  0
[2026-07-01 14:49:38] [TASK_8] [INFO]   báo lãi                                  0
[2026-07-01 14:49:38] [TASK_8] [INFO]   lợi nhuận kỷ lục                         0
[2026-07-01 14:49:38] [TASK_8] [INFO]   doanh thu kỷ lục                         0
[2026-07-01 14:49:38] [TASK_8] [INFO]   lãi kỷ lục                               0
[2026-07-01 14:49:38] [TASK_8] [INFO]   bứt phá                                  0
[2026-07-01 14:49:38] [TASK_8] [INFO]   tăng vọt                                 0
[2026-07-01 14:49:38] [TASK_8] [INFO]   khởi sắc                                 0
[2026-07-01 14:49:38] [TASK_8] [INFO]   phục hồi                                 0
[2026-07-01 14:49:38] [TASK_8] [INFO]   lập đỉnh                                 0
[2026-07-01 14:49:38] [TASK_8] [INFO]   hoàn thành kế hoạch                      0
[2026-07-01 14:49:38] [TASK_8] [INFO]   lợi nhuận cải thiện                      0
[2026-07-01 14:49:38] [TASK_8] [INFO]   mua lại cổ phiếu                         0
[2026-07-01 14:49:38] [TASK_8] [INFO]   phát hành thưởng                         0
[2026-07-01 14:49:38] [TASK_8] [INFO]   tăng vốn điều lệ                         0
[2026-07-01 14:49:38] [TASK_8] [INFO]   hệ số an toàn vốn                        0
[2026-07-01 14:49:38] [TASK_8] [INFO]   tiền mặt dồi dào                         0
[2026-07-01 14:49:38] [TASK_8] [INFO]   dự án mới                                0
[2026-07-01 14:49:38] [TASK_8] [INFO]   đầu tư mới                               0
[2026-07-01 14:49:38] [TASK_8] [INFO]   hợp tác chiến lược                       0
[2026-07-01 14:49:38] [TASK_8] [INFO]   thắng thầu                               0
[2026-07-01 14:49:38] [TASK_8] [INFO] 
--- NEGATIVE keywords (54) ---
[2026-07-01 14:49:38] [TASK_8] [INFO]   lợi nhuận giảm                           1
[2026-07-01 14:49:38] [TASK_8] [INFO]   doanh thu giảm                           1
[2026-07-01 14:49:38] [TASK_8] [INFO]   sụt giảm                                 1
[2026-07-01 14:49:38] [TASK_8] [INFO]   giảm mạnh                                1
[2026-07-01 14:49:38] [TASK_8] [INFO]   nợ xấu                                   1
[2026-07-01 14:49:38] [TASK_8] [INFO]   áp lực tài chính                         1
[2026-07-01 14:49:38] [TASK_8] [INFO]   dòng tiền âm                             1
[2026-07-01 14:49:38] [TASK_8] [INFO]   hủy hợp đồng                             1
[2026-07-01 14:49:38] [TASK_8] [INFO]   dự án trì hoãn                           1
[2026-07-01 14:49:38] [TASK_8] [INFO]   đóng cửa                                 1
[2026-07-01 14:49:38] [TASK_8] [INFO]   bị phạt                                  1
[2026-07-01 14:49:38] [TASK_8] [INFO]   vi phạm                                  1
[2026-07-01 14:49:38] [TASK_8] [INFO]   bị thanh tra                             1
[2026-07-01 14:49:38] [TASK_8] [INFO]   lợi nhuận âm                             0
[2026-07-01 14:49:38] [TASK_8] [INFO]   thua lỗ                                  0
[2026-07-01 14:49:38] [TASK_8] [INFO]   lỗ ròng                                  0
[2026-07-01 14:49:38] [TASK_8] [INFO]   dưới kế hoạch                            0
[2026-07-01 14:49:38] [TASK_8] [INFO]   kết quả tiêu cực                         0
[2026-07-01 14:49:38] [TASK_8] [INFO]   lợi nhuận thấp hơn                       0
[2026-07-01 14:49:38] [TASK_8] [INFO]   báo lỗ                                   0
[2026-07-01 14:49:38] [TASK_8] [INFO]   lỗ nặng                                  0
[2026-07-01 14:49:38] [TASK_8] [INFO]   lỗ lớn                                   0
[2026-07-01 14:49:38] [TASK_8] [INFO]   lỗ kỷ lục                                0
[2026-07-01 14:49:38] [TASK_8] [INFO]   lỗ lũy kế                                0
[2026-07-01 14:49:38] [TASK_8] [INFO]   lao dốc                                  0
[2026-07-01 14:49:38] [TASK_8] [INFO]   giảm sâu                                 0
[2026-07-01 14:49:38] [TASK_8] [INFO]   tụt dốc                                  0
[2026-07-01 14:49:38] [TASK_8] [INFO]   kinh doanh sa sút                        0
[2026-07-01 14:49:38] [TASK_8] [INFO]   âm vốn chủ sở hữu                        0
[2026-07-01 14:49:38] [TASK_8] [INFO]   lợi nhuận không tăng                     0
[2026-07-01 14:49:38] [TASK_8] [INFO]   doanh thu không tăng                     0
[2026-07-01 14:49:38] [TASK_8] [INFO]   không tăng trưởng                        0
[2026-07-01 14:49:38] [TASK_8] [INFO]   tăng trưởng chậm lại                     0
[2026-07-01 14:49:38] [TASK_8] [INFO]   không hoàn thành kế hoạch                0
[2026-07-01 14:49:38] [TASK_8] [INFO]   không đạt kế hoạch                       0
[2026-07-01 14:49:38] [TASK_8] [INFO]   chưa có lãi                              0
[2026-07-01 14:49:38] [TASK_8] [INFO]   không chia cổ tức                        0
[2026-07-01 14:49:38] [TASK_8] [INFO]   hủy cổ tức                               0
[2026-07-01 14:49:38] [TASK_8] [INFO]   giảm cổ tức                              0
[2026-07-01 14:49:38] [TASK_8] [INFO]   phát hành pha loãng                      0
[2026-07-01 14:49:38] [TASK_8] [INFO]   chào bán giá thấp                        0
[2026-07-01 14:49:38] [TASK_8] [INFO]   nợ vay tăng                              0
[2026-07-01 14:49:38] [TASK_8] [INFO]   nợ quá hạn                               0
[2026-07-01 14:49:38] [TASK_8] [INFO]   hệ số nợ cao                             0
[2026-07-01 14:49:38] [TASK_8] [INFO]   thiếu thanh khoản                        0
[2026-07-01 14:49:38] [TASK_8] [INFO]   thu hẹp hoạt động                        0
[2026-07-01 14:49:38] [TASK_8] [INFO]   dừng dự án                               0
[2026-07-01 14:49:38] [TASK_8] [INFO]   bị kiểm toán từ chối                     0
[2026-07-01 14:49:38] [TASK_8] [INFO]   cảnh báo                                 0
[2026-07-01 14:49:38] [TASK_8] [INFO]   đình chỉ                                 0
[2026-07-01 14:49:38] [TASK_8] [INFO]   khởi tố                                  0
[2026-07-01 14:49:38] [TASK_8] [INFO]   điều tra                                 0
[2026-07-01 14:49:38] [TASK_8] [INFO]   tranh chấp pháp lý                       0
[2026-07-01 14:49:38] [TASK_8] [INFO]   bị kiện                                  0
[2026-07-01 14:49:38] [TASK_8] [INFO] 
--- NEUTRAL keywords (9) ---
[2026-07-01 14:49:38] [TASK_8] [INFO]   đại hội cổ đông                          1
[2026-07-01 14:49:38] [TASK_8] [INFO]   thay đổi lãnh đạo                        1
[2026-07-01 14:49:38] [TASK_8] [INFO]   sáp nhập                                 1
[2026-07-01 14:49:38] [TASK_8] [INFO]   mua lại                                  1
[2026-07-01 14:49:38] [TASK_8] [INFO]   phát hành cổ phiếu mới                   1
[2026-07-01 14:49:38] [TASK_8] [INFO]   thoái vốn                                1
[2026-07-01 14:49:38] [TASK_8] [INFO]   họp HĐQT                                 0
[2026-07-01 14:49:38] [TASK_8] [INFO]   thay CEO                                 0
[2026-07-01 14:49:38] [TASK_8] [INFO]   niêm yết thêm                            0
[2026-07-01 14:49:38] [TASK_8] [INFO] 
Total keyword occurrences in corpus: 34
[2026-07-01 14:49:38] [TASK_8] [INFO] Keywords with zero occurrences: 72 / 106
[2026-07-01 14:49:38] [TASK_8] [INFO] ======================================================================
[2026-07-01 14:49:38] [TASK_8] [INFO] Keyword Builder (TASK 8) complete.
[2026-07-01 14:49:38] [TASK_8] [INFO] Starting Keyword Builder (TASK 8)...
[2026-07-01 14:49:38] [TASK_8] [INFO] Loaded 23 stopwords.
[2026-07-01 14:49:38] [TASK_8] [INFO] Extracting keyword candidates from 10 documents...
[2026-07-01 14:49:38] [TASK_8] [INFO] Saved 176 keyword candidates to C:\Users\User\AppData\Local\Temp\tmpx__8jmpj\keyword_candidates.csv (unigrams: 83, bigrams: 93).
[2026-07-01 14:49:38] [TASK_8] [INFO] Curated keyword list: 43 positive, 54 negative, 9 neutral (total: 106).
[2026-07-01 14:49:38] [TASK_8] [INFO] Saved flat keyword list to C:\Users\User\AppData\Local\Temp\tmpx__8jmpj\keywords_finance.json.
[2026-07-01 14:49:38] [TASK_8] [INFO] Saved group-level keyword breakdown to C:\Users\User\AppData\Local\Temp\tmpx__8jmpj\keywords_by_group.json.
[2026-07-01 14:49:38] [TASK_8] [INFO] ======================================================================
[2026-07-01 14:49:38] [TASK_8] [INFO] KEYWORD CORPUS FREQUENCY REPORT
[2026-07-01 14:49:38] [TASK_8] [INFO] ======================================================================
[2026-07-01 14:49:38] [TASK_8] [INFO] 
--- POSITIVE keywords (43) ---
[2026-07-01 14:49:38] [TASK_8] [INFO]   lợi nhuận tăng                           1
[2026-07-01 14:49:38] [TASK_8] [INFO]   doanh thu tăng                           1
[2026-07-01 14:49:38] [TASK_8] [INFO]   kỷ lục                                   1
[2026-07-01 14:49:38] [TASK_8] [INFO]   tăng trưởng                              1
[2026-07-01 14:49:38] [TASK_8] [INFO]   tăng mạnh                                1
[2026-07-01 14:49:38] [TASK_8] [INFO]   chia cổ tức                              1
[2026-07-01 14:49:38] [TASK_8] [INFO]   cổ tức cao                               1
[2026-07-01 14:49:38] [TASK_8] [INFO]   cổ tức tiền mặt                          1
[2026-07-01 14:49:38] [TASK_8] [INFO]   giảm nợ                                  1
[2026-07-01 14:49:38] [TASK_8] [INFO]   trả nợ                                   1
[2026-07-01 14:49:38] [TASK_8] [INFO]   cải thiện tài chính                      1
[2026-07-01 14:49:38] [TASK_8] [INFO]   dòng tiền dương                          1
[2026-07-01 14:49:38] [TASK_8] [INFO]   ký kết hợp đồng                          1
[2026-07-01 14:49:38] [TASK_8] [INFO]   mở rộng thị trường                       1
[2026-07-01 14:49:38] [TASK_8] [INFO]   xuất khẩu tăng                           1
[2026-07-01 14:49:38] [TASK_8] [INFO]   tăng trưởng mạnh                         0
[2026-07-01 14:49:38] [TASK_8] [INFO]   vượt kế hoạch                            0
[2026-07-01 14:49:38] [TASK_8] [INFO]   lãi ròng                                 0
[2026-07-01 14:49:38] [TASK_8] [INFO]   lợi nhuận sau thuế tăng                  0
[2026-07-01 14:49:38] [TASK_8] [INFO]   kết quả tích cực                         0
[2026-07-01 14:49:38] [TASK_8] [INFO]   lãi khủng                                0
[2026-07-01 14:49:38] [TASK_8] [INFO]   lãi lớn                                  0
[2026-07-01 14:49:38] [TASK_8] [INFO]   lãi đậm                                  0
[2026-07-01 14:49:38] [TASK_8] [INFO]   báo lãi                                  0
[2026-07-01 14:49:38] [TASK_8] [INFO]   lợi nhuận kỷ lục                         0
[2026-07-01 14:49:38] [TASK_8] [INFO]   doanh thu kỷ lục                         0
[2026-07-01 14:49:38] [TASK_8] [INFO]   lãi kỷ lục                               0
[2026-07-01 14:49:38] [TASK_8] [INFO]   bứt phá                                  0
[2026-07-01 14:49:38] [TASK_8] [INFO]   tăng vọt                                 0
[2026-07-01 14:49:38] [TASK_8] [INFO]   khởi sắc                                 0
[2026-07-01 14:49:38] [TASK_8] [INFO]   phục hồi                                 0
[2026-07-01 14:49:38] [TASK_8] [INFO]   lập đỉnh                                 0
[2026-07-01 14:49:38] [TASK_8] [INFO]   hoàn thành kế hoạch                      0
[2026-07-01 14:49:38] [TASK_8] [INFO]   lợi nhuận cải thiện                      0
[2026-07-01 14:49:38] [TASK_8] [INFO]   mua lại cổ phiếu                         0
[2026-07-01 14:49:38] [TASK_8] [INFO]   phát hành thưởng                         0
[2026-07-01 14:49:38] [TASK_8] [INFO]   tăng vốn điều lệ                         0
[2026-07-01 14:49:38] [TASK_8] [INFO]   hệ số an toàn vốn                        0
[2026-07-01 14:49:38] [TASK_8] [INFO]   tiền mặt dồi dào                         0
[2026-07-01 14:49:38] [TASK_8] [INFO]   dự án mới                                0
[2026-07-01 14:49:38] [TASK_8] [INFO]   đầu tư mới                               0
[2026-07-01 14:49:38] [TASK_8] [INFO]   hợp tác chiến lược                       0
[2026-07-01 14:49:38] [TASK_8] [INFO]   thắng thầu                               0
[2026-07-01 14:49:38] [TASK_8] [INFO] 
--- NEGATIVE keywords (54) ---
[2026-07-01 14:49:38] [TASK_8] [INFO]   lợi nhuận giảm                           1
[2026-07-01 14:49:38] [TASK_8] [INFO]   doanh thu giảm                           1
[2026-07-01 14:49:38] [TASK_8] [INFO]   sụt giảm                                 1
[2026-07-01 14:49:38] [TASK_8] [INFO]   giảm mạnh                                1
[2026-07-01 14:49:38] [TASK_8] [INFO]   nợ xấu                                   1
[2026-07-01 14:49:38] [TASK_8] [INFO]   áp lực tài chính                         1
[2026-07-01 14:49:38] [TASK_8] [INFO]   dòng tiền âm                             1
[2026-07-01 14:49:38] [TASK_8] [INFO]   hủy hợp đồng                             1
[2026-07-01 14:49:38] [TASK_8] [INFO]   dự án trì hoãn                           1
[2026-07-01 14:49:38] [TASK_8] [INFO]   đóng cửa                                 1
[2026-07-01 14:49:38] [TASK_8] [INFO]   bị phạt                                  1
[2026-07-01 14:49:38] [TASK_8] [INFO]   vi phạm                                  1
[2026-07-01 14:49:38] [TASK_8] [INFO]   bị thanh tra                             1
[2026-07-01 14:49:38] [TASK_8] [INFO]   lợi nhuận âm                             0
[2026-07-01 14:49:38] [TASK_8] [INFO]   thua lỗ                                  0
[2026-07-01 14:49:38] [TASK_8] [INFO]   lỗ ròng                                  0
[2026-07-01 14:49:38] [TASK_8] [INFO]   dưới kế hoạch                            0
[2026-07-01 14:49:38] [TASK_8] [INFO]   kết quả tiêu cực                         0
[2026-07-01 14:49:38] [TASK_8] [INFO]   lợi nhuận thấp hơn                       0
[2026-07-01 14:49:38] [TASK_8] [INFO]   báo lỗ                                   0
[2026-07-01 14:49:38] [TASK_8] [INFO]   lỗ nặng                                  0
[2026-07-01 14:49:38] [TASK_8] [INFO]   lỗ lớn                                   0
[2026-07-01 14:49:38] [TASK_8] [INFO]   lỗ kỷ lục                                0
[2026-07-01 14:49:38] [TASK_8] [INFO]   lỗ lũy kế                                0
[2026-07-01 14:49:38] [TASK_8] [INFO]   lao dốc                                  0
[2026-07-01 14:49:38] [TASK_8] [INFO]   giảm sâu                                 0
[2026-07-01 14:49:38] [TASK_8] [INFO]   tụt dốc                                  0
[2026-07-01 14:49:38] [TASK_8] [INFO]   kinh doanh sa sút                        0
[2026-07-01 14:49:38] [TASK_8] [INFO]   âm vốn chủ sở hữu                        0
[2026-07-01 14:49:38] [TASK_8] [INFO]   lợi nhuận không tăng                     0
[2026-07-01 14:49:38] [TASK_8] [INFO]   doanh thu không tăng                     0
[2026-07-01 14:49:38] [TASK_8] [INFO]   không tăng trưởng                        0
[2026-07-01 14:49:38] [TASK_8] [INFO]   tăng trưởng chậm lại                     0
[2026-07-01 14:49:38] [TASK_8] [INFO]   không hoàn thành kế hoạch                0
[2026-07-01 14:49:38] [TASK_8] [INFO]   không đạt kế hoạch                       0
[2026-07-01 14:49:38] [TASK_8] [INFO]   chưa có lãi                              0
[2026-07-01 14:49:38] [TASK_8] [INFO]   không chia cổ tức                        0
[2026-07-01 14:49:38] [TASK_8] [INFO]   hủy cổ tức                               0
[2026-07-01 14:49:38] [TASK_8] [INFO]   giảm cổ tức                              0
[2026-07-01 14:49:38] [TASK_8] [INFO]   phát hành pha loãng                      0
[2026-07-01 14:49:38] [TASK_8] [INFO]   chào bán giá thấp                        0
[2026-07-01 14:49:38] [TASK_8] [INFO]   nợ vay tăng                              0
[2026-07-01 14:49:38] [TASK_8] [INFO]   nợ quá hạn                               0
[2026-07-01 14:49:38] [TASK_8] [INFO]   hệ số nợ cao                             0
[2026-07-01 14:49:38] [TASK_8] [INFO]   thiếu thanh khoản                        0
[2026-07-01 14:49:38] [TASK_8] [INFO]   thu hẹp hoạt động                        0
[2026-07-01 14:49:38] [TASK_8] [INFO]   dừng dự án                               0
[2026-07-01 14:49:38] [TASK_8] [INFO]   bị kiểm toán từ chối                     0
[2026-07-01 14:49:38] [TASK_8] [INFO]   cảnh báo                                 0
[2026-07-01 14:49:38] [TASK_8] [INFO]   đình chỉ                                 0
[2026-07-01 14:49:38] [TASK_8] [INFO]   khởi tố                                  0
[2026-07-01 14:49:38] [TASK_8] [INFO]   điều tra                                 0
[2026-07-01 14:49:38] [TASK_8] [INFO]   tranh chấp pháp lý                       0
[2026-07-01 14:49:38] [TASK_8] [INFO]   bị kiện                                  0
[2026-07-01 14:49:38] [TASK_8] [INFO] 
--- NEUTRAL keywords (9) ---
[2026-07-01 14:49:38] [TASK_8] [INFO]   đại hội cổ đông                          1
[2026-07-01 14:49:38] [TASK_8] [INFO]   thay đổi lãnh đạo                        1
[2026-07-01 14:49:38] [TASK_8] [INFO]   sáp nhập                                 1
[2026-07-01 14:49:38] [TASK_8] [INFO]   mua lại                                  1
[2026-07-01 14:49:38] [TASK_8] [INFO]   phát hành cổ phiếu mới                   1
[2026-07-01 14:49:38] [TASK_8] [INFO]   thoái vốn                                1
[2026-07-01 14:49:38] [TASK_8] [INFO]   họp HĐQT                                 0
[2026-07-01 14:49:38] [TASK_8] [INFO]   thay CEO                                 0
[2026-07-01 14:49:38] [TASK_8] [INFO]   niêm yết thêm                            0
[2026-07-01 14:49:38] [TASK_8] [INFO] 
Total keyword occurrences in corpus: 34
[2026-07-01 14:49:38] [TASK_8] [INFO] Keywords with zero occurrences: 72 / 106
[2026-07-01 14:49:38] [TASK_8] [INFO] ======================================================================
[2026-07-01 14:49:38] [TASK_8] [INFO] Keyword Builder (TASK 8) complete.
[2026-07-01 14:49:38] [TASK_8] [INFO] Starting Keyword Builder (TASK 8)...
[2026-07-01 14:49:38] [TASK_8] [INFO] Loaded 23 stopwords.
[2026-07-01 14:49:38] [TASK_8] [INFO] No corpus provided — skipping candidate extraction.
[2026-07-01 14:49:38] [TASK_8] [INFO] Curated keyword list: 43 positive, 54 negative, 9 neutral (total: 106).
[2026-07-01 14:49:38] [TASK_8] [INFO] Saved flat keyword list to C:\Users\User\AppData\Local\Temp\tmp_efo4jxm\keywords_finance.json.
[2026-07-01 14:49:38] [TASK_8] [INFO] Saved group-level keyword breakdown to C:\Users\User\AppData\Local\Temp\tmp_efo4jxm\keywords_by_group.json.
[2026-07-01 14:49:38] [TASK_8] [INFO] No corpus provided — skipping frequency report.
[2026-07-01 14:49:38] [TASK_8] [INFO] Keyword Builder (TASK 8) complete.
[2026-07-01 16:08:34] [TASK_8] [INFO] ============================================================
[2026-07-01 16:08:34] [TASK_8] [INFO] START TASK_8: Keyword Building (curate financial keywords)
[2026-07-01 16:08:34] [TASK_8] [INFO] Timestamp: 2026-07-01T16:08:34.002607
[2026-07-01 16:08:34] [TASK_8] [INFO] ============================================================
[2026-07-01 16:08:34] [TASK_8] [INFO] Input: data/news/processed/all_news_processed.csv (34979 rows)
[2026-07-01 16:08:34] [TASK_8] [INFO] ------------------------------------------------------------
[2026-07-01 16:08:34] [TASK_8] [INFO] END TASK_8 — completed in 0.0 seconds
[2026-07-01 16:08:34] [TASK_8] [INFO] ============================================================
[2026-07-01 16:08:34] [TASK_8] [INFO] ============================================================
[2026-07-01 16:08:34] [TASK_8] [INFO] START TASK_8: Keyword Building (curate financial keywords)
[2026-07-01 16:08:34] [TASK_8] [INFO] Timestamp: 2026-07-01T16:08:34.750585
[2026-07-01 16:08:34] [TASK_8] [INFO] ============================================================
[2026-07-01 16:08:34] [TASK_8] [INFO] Input: data/news/processed/all_news_processed.csv (34979 rows)
[2026-07-01 16:08:34] [TASK_8] [INFO] ------------------------------------------------------------
[2026-07-01 16:08:34] [TASK_8] [INFO] END TASK_8 — completed in 0.0 seconds
[2026-07-01 16:08:34] [TASK_8] [INFO] ============================================================
[2026-07-01 16:08:53] [TASK_8] [INFO] Starting Keyword Builder (TASK 8)...
[2026-07-01 16:08:53] [TASK_8] [INFO] Loaded 23 stopwords.
[2026-07-01 16:08:53] [TASK_8] [INFO] Extracting keyword candidates from 10 documents...
[2026-07-01 16:08:53] [TASK_8] [INFO] Saved 176 keyword candidates to C:\Users\User\AppData\Local\Temp\tmpw9mbjo7x\keyword_candidates.csv (unigrams: 83, bigrams: 93).
[2026-07-01 16:08:53] [TASK_8] [INFO] Curated keyword list: 43 positive, 54 negative, 9 neutral (total: 106).
[2026-07-01 16:08:53] [TASK_8] [INFO] Saved flat keyword list to C:\Users\User\AppData\Local\Temp\tmpw9mbjo7x\keywords_finance.json.
[2026-07-01 16:08:53] [TASK_8] [INFO] Saved group-level keyword breakdown to C:\Users\User\AppData\Local\Temp\tmpw9mbjo7x\keywords_by_group.json.
[2026-07-01 16:08:53] [TASK_8] [INFO] ======================================================================
[2026-07-01 16:08:53] [TASK_8] [INFO] KEYWORD CORPUS FREQUENCY REPORT
[2026-07-01 16:08:53] [TASK_8] [INFO] ======================================================================
[2026-07-01 16:08:53] [TASK_8] [INFO] 
--- POSITIVE keywords (43) ---
[2026-07-01 16:08:53] [TASK_8] [INFO]   lợi nhuận tăng                           1
[2026-07-01 16:08:53] [TASK_8] [INFO]   doanh thu tăng                           1
[2026-07-01 16:08:53] [TASK_8] [INFO]   kỷ lục                                   1
[2026-07-01 16:08:53] [TASK_8] [INFO]   tăng trưởng                              1
[2026-07-01 16:08:53] [TASK_8] [INFO]   tăng mạnh                                1
[2026-07-01 16:08:53] [TASK_8] [INFO]   chia cổ tức                              1
[2026-07-01 16:08:53] [TASK_8] [INFO]   cổ tức cao                               1
[2026-07-01 16:08:53] [TASK_8] [INFO]   cổ tức tiền mặt                          1
[2026-07-01 16:08:53] [TASK_8] [INFO]   giảm nợ                                  1
[2026-07-01 16:08:53] [TASK_8] [INFO]   trả nợ                                   1
[2026-07-01 16:08:53] [TASK_8] [INFO]   cải thiện tài chính                      1
[2026-07-01 16:08:53] [TASK_8] [INFO]   dòng tiền dương                          1
[2026-07-01 16:08:53] [TASK_8] [INFO]   ký kết hợp đồng                          1
[2026-07-01 16:08:53] [TASK_8] [INFO]   mở rộng thị trường                       1
[2026-07-01 16:08:53] [TASK_8] [INFO]   xuất khẩu tăng                           1
[2026-07-01 16:08:53] [TASK_8] [INFO]   tăng trưởng mạnh                         0
[2026-07-01 16:08:53] [TASK_8] [INFO]   vượt kế hoạch                            0
[2026-07-01 16:08:53] [TASK_8] [INFO]   lãi ròng                                 0
[2026-07-01 16:08:53] [TASK_8] [INFO]   lợi nhuận sau thuế tăng                  0
[2026-07-01 16:08:53] [TASK_8] [INFO]   kết quả tích cực                         0
[2026-07-01 16:08:53] [TASK_8] [INFO]   lãi khủng                                0
[2026-07-01 16:08:53] [TASK_8] [INFO]   lãi lớn                                  0
[2026-07-01 16:08:53] [TASK_8] [INFO]   lãi đậm                                  0
[2026-07-01 16:08:53] [TASK_8] [INFO]   báo lãi                                  0
[2026-07-01 16:08:53] [TASK_8] [INFO]   lợi nhuận kỷ lục                         0
[2026-07-01 16:08:53] [TASK_8] [INFO]   doanh thu kỷ lục                         0
[2026-07-01 16:08:53] [TASK_8] [INFO]   lãi kỷ lục                               0
[2026-07-01 16:08:53] [TASK_8] [INFO]   bứt phá                                  0
[2026-07-01 16:08:53] [TASK_8] [INFO]   tăng vọt                                 0
[2026-07-01 16:08:53] [TASK_8] [INFO]   khởi sắc                                 0
[2026-07-01 16:08:53] [TASK_8] [INFO]   phục hồi                                 0
[2026-07-01 16:08:53] [TASK_8] [INFO]   lập đỉnh                                 0
[2026-07-01 16:08:53] [TASK_8] [INFO]   hoàn thành kế hoạch                      0
[2026-07-01 16:08:53] [TASK_8] [INFO]   lợi nhuận cải thiện                      0
[2026-07-01 16:08:53] [TASK_8] [INFO]   mua lại cổ phiếu                         0
[2026-07-01 16:08:53] [TASK_8] [INFO]   phát hành thưởng                         0
[2026-07-01 16:08:53] [TASK_8] [INFO]   tăng vốn điều lệ                         0
[2026-07-01 16:08:53] [TASK_8] [INFO]   hệ số an toàn vốn                        0
[2026-07-01 16:08:53] [TASK_8] [INFO]   tiền mặt dồi dào                         0
[2026-07-01 16:08:53] [TASK_8] [INFO]   dự án mới                                0
[2026-07-01 16:08:53] [TASK_8] [INFO]   đầu tư mới                               0
[2026-07-01 16:08:53] [TASK_8] [INFO]   hợp tác chiến lược                       0
[2026-07-01 16:08:53] [TASK_8] [INFO]   thắng thầu                               0
[2026-07-01 16:08:53] [TASK_8] [INFO] 
--- NEGATIVE keywords (54) ---
[2026-07-01 16:08:53] [TASK_8] [INFO]   lợi nhuận giảm                           1
[2026-07-01 16:08:53] [TASK_8] [INFO]   doanh thu giảm                           1
[2026-07-01 16:08:53] [TASK_8] [INFO]   sụt giảm                                 1
[2026-07-01 16:08:53] [TASK_8] [INFO]   giảm mạnh                                1
[2026-07-01 16:08:53] [TASK_8] [INFO]   nợ xấu                                   1
[2026-07-01 16:08:53] [TASK_8] [INFO]   áp lực tài chính                         1
[2026-07-01 16:08:53] [TASK_8] [INFO]   dòng tiền âm                             1
[2026-07-01 16:08:53] [TASK_8] [INFO]   hủy hợp đồng                             1
[2026-07-01 16:08:53] [TASK_8] [INFO]   dự án trì hoãn                           1
[2026-07-01 16:08:53] [TASK_8] [INFO]   đóng cửa                                 1
[2026-07-01 16:08:53] [TASK_8] [INFO]   bị phạt                                  1
[2026-07-01 16:08:53] [TASK_8] [INFO]   vi phạm                                  1
[2026-07-01 16:08:53] [TASK_8] [INFO]   bị thanh tra                             1
[2026-07-01 16:08:53] [TASK_8] [INFO]   lợi nhuận âm                             0
[2026-07-01 16:08:53] [TASK_8] [INFO]   thua lỗ                                  0
[2026-07-01 16:08:53] [TASK_8] [INFO]   lỗ ròng                                  0
[2026-07-01 16:08:53] [TASK_8] [INFO]   dưới kế hoạch                            0
[2026-07-01 16:08:53] [TASK_8] [INFO]   kết quả tiêu cực                         0
[2026-07-01 16:08:53] [TASK_8] [INFO]   lợi nhuận thấp hơn                       0
[2026-07-01 16:08:53] [TASK_8] [INFO]   báo lỗ                                   0
[2026-07-01 16:08:53] [TASK_8] [INFO]   lỗ nặng                                  0
[2026-07-01 16:08:53] [TASK_8] [INFO]   lỗ lớn                                   0
[2026-07-01 16:08:53] [TASK_8] [INFO]   lỗ kỷ lục                                0
[2026-07-01 16:08:53] [TASK_8] [INFO]   lỗ lũy kế                                0
[2026-07-01 16:08:53] [TASK_8] [INFO]   lao dốc                                  0
[2026-07-01 16:08:53] [TASK_8] [INFO]   giảm sâu                                 0
[2026-07-01 16:08:53] [TASK_8] [INFO]   tụt dốc                                  0
[2026-07-01 16:08:53] [TASK_8] [INFO]   kinh doanh sa sút                        0
[2026-07-01 16:08:53] [TASK_8] [INFO]   âm vốn chủ sở hữu                        0
[2026-07-01 16:08:53] [TASK_8] [INFO]   lợi nhuận không tăng                     0
[2026-07-01 16:08:53] [TASK_8] [INFO]   doanh thu không tăng                     0
[2026-07-01 16:08:53] [TASK_8] [INFO]   không tăng trưởng                        0
[2026-07-01 16:08:53] [TASK_8] [INFO]   tăng trưởng chậm lại                     0
[2026-07-01 16:08:53] [TASK_8] [INFO]   không hoàn thành kế hoạch                0
[2026-07-01 16:08:53] [TASK_8] [INFO]   không đạt kế hoạch                       0
[2026-07-01 16:08:53] [TASK_8] [INFO]   chưa có lãi                              0
[2026-07-01 16:08:53] [TASK_8] [INFO]   không chia cổ tức                        0
[2026-07-01 16:08:53] [TASK_8] [INFO]   hủy cổ tức                               0
[2026-07-01 16:08:53] [TASK_8] [INFO]   giảm cổ tức                              0
[2026-07-01 16:08:53] [TASK_8] [INFO]   phát hành pha loãng                      0
[2026-07-01 16:08:53] [TASK_8] [INFO]   chào bán giá thấp                        0
[2026-07-01 16:08:53] [TASK_8] [INFO]   nợ vay tăng                              0
[2026-07-01 16:08:53] [TASK_8] [INFO]   nợ quá hạn                               0
[2026-07-01 16:08:53] [TASK_8] [INFO]   hệ số nợ cao                             0
[2026-07-01 16:08:53] [TASK_8] [INFO]   thiếu thanh khoản                        0
[2026-07-01 16:08:53] [TASK_8] [INFO]   thu hẹp hoạt động                        0
[2026-07-01 16:08:53] [TASK_8] [INFO]   dừng dự án                               0
[2026-07-01 16:08:53] [TASK_8] [INFO]   bị kiểm toán từ chối                     0
[2026-07-01 16:08:53] [TASK_8] [INFO]   cảnh báo                                 0
[2026-07-01 16:08:53] [TASK_8] [INFO]   đình chỉ                                 0
[2026-07-01 16:08:53] [TASK_8] [INFO]   khởi tố                                  0
[2026-07-01 16:08:53] [TASK_8] [INFO]   điều tra                                 0
[2026-07-01 16:08:53] [TASK_8] [INFO]   tranh chấp pháp lý                       0
[2026-07-01 16:08:53] [TASK_8] [INFO]   bị kiện                                  0
[2026-07-01 16:08:53] [TASK_8] [INFO] 
--- NEUTRAL keywords (9) ---
[2026-07-01 16:08:53] [TASK_8] [INFO]   đại hội cổ đông                          1
[2026-07-01 16:08:53] [TASK_8] [INFO]   thay đổi lãnh đạo                        1
[2026-07-01 16:08:53] [TASK_8] [INFO]   sáp nhập                                 1
[2026-07-01 16:08:53] [TASK_8] [INFO]   mua lại                                  1
[2026-07-01 16:08:53] [TASK_8] [INFO]   phát hành cổ phiếu mới                   1
[2026-07-01 16:08:53] [TASK_8] [INFO]   thoái vốn                                1
[2026-07-01 16:08:53] [TASK_8] [INFO]   họp HĐQT                                 0
[2026-07-01 16:08:53] [TASK_8] [INFO]   thay CEO                                 0
[2026-07-01 16:08:53] [TASK_8] [INFO]   niêm yết thêm                            0
[2026-07-01 16:08:53] [TASK_8] [INFO] 
Total keyword occurrences in corpus: 34
[2026-07-01 16:08:53] [TASK_8] [INFO] Keywords with zero occurrences: 72 / 106
[2026-07-01 16:08:53] [TASK_8] [INFO] ======================================================================
[2026-07-01 16:08:53] [TASK_8] [INFO] Keyword Builder (TASK 8) complete.
[2026-07-01 16:08:53] [TASK_8] [INFO] Starting Keyword Builder (TASK 8)...
[2026-07-01 16:08:53] [TASK_8] [INFO] Loaded 23 stopwords.
[2026-07-01 16:08:53] [TASK_8] [INFO] Extracting keyword candidates from 10 documents...
[2026-07-01 16:08:53] [TASK_8] [INFO] Saved 176 keyword candidates to C:\Users\User\AppData\Local\Temp\tmpd1itz088\keyword_candidates.csv (unigrams: 83, bigrams: 93).
[2026-07-01 16:08:53] [TASK_8] [INFO] Curated keyword list: 43 positive, 54 negative, 9 neutral (total: 106).
[2026-07-01 16:08:53] [TASK_8] [INFO] Saved flat keyword list to C:\Users\User\AppData\Local\Temp\tmpd1itz088\keywords_finance.json.
[2026-07-01 16:08:53] [TASK_8] [INFO] Saved group-level keyword breakdown to C:\Users\User\AppData\Local\Temp\tmpd1itz088\keywords_by_group.json.
[2026-07-01 16:08:53] [TASK_8] [INFO] ======================================================================
[2026-07-01 16:08:53] [TASK_8] [INFO] KEYWORD CORPUS FREQUENCY REPORT
[2026-07-01 16:08:53] [TASK_8] [INFO] ======================================================================
[2026-07-01 16:08:53] [TASK_8] [INFO] 
--- POSITIVE keywords (43) ---
[2026-07-01 16:08:53] [TASK_8] [INFO]   lợi nhuận tăng                           1
[2026-07-01 16:08:53] [TASK_8] [INFO]   doanh thu tăng                           1
[2026-07-01 16:08:53] [TASK_8] [INFO]   kỷ lục                                   1
[2026-07-01 16:08:53] [TASK_8] [INFO]   tăng trưởng                              1
[2026-07-01 16:08:53] [TASK_8] [INFO]   tăng mạnh                                1
[2026-07-01 16:08:53] [TASK_8] [INFO]   chia cổ tức                              1
[2026-07-01 16:08:53] [TASK_8] [INFO]   cổ tức cao                               1
[2026-07-01 16:08:53] [TASK_8] [INFO]   cổ tức tiền mặt                          1
[2026-07-01 16:08:53] [TASK_8] [INFO]   giảm nợ                                  1
[2026-07-01 16:08:53] [TASK_8] [INFO]   trả nợ                                   1
[2026-07-01 16:08:53] [TASK_8] [INFO]   cải thiện tài chính                      1
[2026-07-01 16:08:53] [TASK_8] [INFO]   dòng tiền dương                          1
[2026-07-01 16:08:53] [TASK_8] [INFO]   ký kết hợp đồng                          1
[2026-07-01 16:08:53] [TASK_8] [INFO]   mở rộng thị trường                       1
[2026-07-01 16:08:53] [TASK_8] [INFO]   xuất khẩu tăng                           1
[2026-07-01 16:08:53] [TASK_8] [INFO]   tăng trưởng mạnh                         0
[2026-07-01 16:08:53] [TASK_8] [INFO]   vượt kế hoạch                            0
[2026-07-01 16:08:53] [TASK_8] [INFO]   lãi ròng                                 0
[2026-07-01 16:08:53] [TASK_8] [INFO]   lợi nhuận sau thuế tăng                  0
[2026-07-01 16:08:53] [TASK_8] [INFO]   kết quả tích cực                         0
[2026-07-01 16:08:53] [TASK_8] [INFO]   lãi khủng                                0
[2026-07-01 16:08:53] [TASK_8] [INFO]   lãi lớn                                  0
[2026-07-01 16:08:53] [TASK_8] [INFO]   lãi đậm                                  0
[2026-07-01 16:08:53] [TASK_8] [INFO]   báo lãi                                  0
[2026-07-01 16:08:53] [TASK_8] [INFO]   lợi nhuận kỷ lục                         0
[2026-07-01 16:08:53] [TASK_8] [INFO]   doanh thu kỷ lục                         0
[2026-07-01 16:08:53] [TASK_8] [INFO]   lãi kỷ lục                               0
[2026-07-01 16:08:53] [TASK_8] [INFO]   bứt phá                                  0
[2026-07-01 16:08:53] [TASK_8] [INFO]   tăng vọt                                 0
[2026-07-01 16:08:53] [TASK_8] [INFO]   khởi sắc                                 0
[2026-07-01 16:08:53] [TASK_8] [INFO]   phục hồi                                 0
[2026-07-01 16:08:53] [TASK_8] [INFO]   lập đỉnh                                 0
[2026-07-01 16:08:53] [TASK_8] [INFO]   hoàn thành kế hoạch                      0
[2026-07-01 16:08:53] [TASK_8] [INFO]   lợi nhuận cải thiện                      0
[2026-07-01 16:08:53] [TASK_8] [INFO]   mua lại cổ phiếu                         0
[2026-07-01 16:08:53] [TASK_8] [INFO]   phát hành thưởng                         0
[2026-07-01 16:08:53] [TASK_8] [INFO]   tăng vốn điều lệ                         0
[2026-07-01 16:08:53] [TASK_8] [INFO]   hệ số an toàn vốn                        0
[2026-07-01 16:08:53] [TASK_8] [INFO]   tiền mặt dồi dào                         0
[2026-07-01 16:08:53] [TASK_8] [INFO]   dự án mới                                0
[2026-07-01 16:08:53] [TASK_8] [INFO]   đầu tư mới                               0
[2026-07-01 16:08:53] [TASK_8] [INFO]   hợp tác chiến lược                       0
[2026-07-01 16:08:53] [TASK_8] [INFO]   thắng thầu                               0
[2026-07-01 16:08:53] [TASK_8] [INFO] 
--- NEGATIVE keywords (54) ---
[2026-07-01 16:08:53] [TASK_8] [INFO]   lợi nhuận giảm                           1
[2026-07-01 16:08:53] [TASK_8] [INFO]   doanh thu giảm                           1
[2026-07-01 16:08:53] [TASK_8] [INFO]   sụt giảm                                 1
[2026-07-01 16:08:53] [TASK_8] [INFO]   giảm mạnh                                1
[2026-07-01 16:08:53] [TASK_8] [INFO]   nợ xấu                                   1
[2026-07-01 16:08:53] [TASK_8] [INFO]   áp lực tài chính                         1
[2026-07-01 16:08:53] [TASK_8] [INFO]   dòng tiền âm                             1
[2026-07-01 16:08:53] [TASK_8] [INFO]   hủy hợp đồng                             1
[2026-07-01 16:08:53] [TASK_8] [INFO]   dự án trì hoãn                           1
[2026-07-01 16:08:53] [TASK_8] [INFO]   đóng cửa                                 1
[2026-07-01 16:08:53] [TASK_8] [INFO]   bị phạt                                  1
[2026-07-01 16:08:53] [TASK_8] [INFO]   vi phạm                                  1
[2026-07-01 16:08:53] [TASK_8] [INFO]   bị thanh tra                             1
[2026-07-01 16:08:53] [TASK_8] [INFO]   lợi nhuận âm                             0
[2026-07-01 16:08:53] [TASK_8] [INFO]   thua lỗ                                  0
[2026-07-01 16:08:53] [TASK_8] [INFO]   lỗ ròng                                  0
[2026-07-01 16:08:53] [TASK_8] [INFO]   dưới kế hoạch                            0
[2026-07-01 16:08:53] [TASK_8] [INFO]   kết quả tiêu cực                         0
[2026-07-01 16:08:53] [TASK_8] [INFO]   lợi nhuận thấp hơn                       0
[2026-07-01 16:08:53] [TASK_8] [INFO]   báo lỗ                                   0
[2026-07-01 16:08:53] [TASK_8] [INFO]   lỗ nặng                                  0
[2026-07-01 16:08:53] [TASK_8] [INFO]   lỗ lớn                                   0
[2026-07-01 16:08:53] [TASK_8] [INFO]   lỗ kỷ lục                                0
[2026-07-01 16:08:53] [TASK_8] [INFO]   lỗ lũy kế                                0
[2026-07-01 16:08:53] [TASK_8] [INFO]   lao dốc                                  0
[2026-07-01 16:08:53] [TASK_8] [INFO]   giảm sâu                                 0
[2026-07-01 16:08:53] [TASK_8] [INFO]   tụt dốc                                  0
[2026-07-01 16:08:53] [TASK_8] [INFO]   kinh doanh sa sút                        0
[2026-07-01 16:08:53] [TASK_8] [INFO]   âm vốn chủ sở hữu                        0
[2026-07-01 16:08:53] [TASK_8] [INFO]   lợi nhuận không tăng                     0
[2026-07-01 16:08:53] [TASK_8] [INFO]   doanh thu không tăng                     0
[2026-07-01 16:08:53] [TASK_8] [INFO]   không tăng trưởng                        0
[2026-07-01 16:08:53] [TASK_8] [INFO]   tăng trưởng chậm lại                     0
[2026-07-01 16:08:53] [TASK_8] [INFO]   không hoàn thành kế hoạch                0
[2026-07-01 16:08:53] [TASK_8] [INFO]   không đạt kế hoạch                       0
[2026-07-01 16:08:53] [TASK_8] [INFO]   chưa có lãi                              0
[2026-07-01 16:08:53] [TASK_8] [INFO]   không chia cổ tức                        0
[2026-07-01 16:08:53] [TASK_8] [INFO]   hủy cổ tức                               0
[2026-07-01 16:08:53] [TASK_8] [INFO]   giảm cổ tức                              0
[2026-07-01 16:08:53] [TASK_8] [INFO]   phát hành pha loãng                      0
[2026-07-01 16:08:53] [TASK_8] [INFO]   chào bán giá thấp                        0
[2026-07-01 16:08:53] [TASK_8] [INFO]   nợ vay tăng                              0
[2026-07-01 16:08:53] [TASK_8] [INFO]   nợ quá hạn                               0
[2026-07-01 16:08:53] [TASK_8] [INFO]   hệ số nợ cao                             0
[2026-07-01 16:08:53] [TASK_8] [INFO]   thiếu thanh khoản                        0
[2026-07-01 16:08:53] [TASK_8] [INFO]   thu hẹp hoạt động                        0
[2026-07-01 16:08:53] [TASK_8] [INFO]   dừng dự án                               0
[2026-07-01 16:08:53] [TASK_8] [INFO]   bị kiểm toán từ chối                     0
[2026-07-01 16:08:53] [TASK_8] [INFO]   cảnh báo                                 0
[2026-07-01 16:08:53] [TASK_8] [INFO]   đình chỉ                                 0
[2026-07-01 16:08:53] [TASK_8] [INFO]   khởi tố                                  0
[2026-07-01 16:08:53] [TASK_8] [INFO]   điều tra                                 0
[2026-07-01 16:08:53] [TASK_8] [INFO]   tranh chấp pháp lý                       0
[2026-07-01 16:08:53] [TASK_8] [INFO]   bị kiện                                  0
[2026-07-01 16:08:53] [TASK_8] [INFO] 
--- NEUTRAL keywords (9) ---
[2026-07-01 16:08:53] [TASK_8] [INFO]   đại hội cổ đông                          1
[2026-07-01 16:08:53] [TASK_8] [INFO]   thay đổi lãnh đạo                        1
[2026-07-01 16:08:53] [TASK_8] [INFO]   sáp nhập                                 1
[2026-07-01 16:08:53] [TASK_8] [INFO]   mua lại                                  1
[2026-07-01 16:08:53] [TASK_8] [INFO]   phát hành cổ phiếu mới                   1
[2026-07-01 16:08:53] [TASK_8] [INFO]   thoái vốn                                1
[2026-07-01 16:08:53] [TASK_8] [INFO]   họp HĐQT                                 0
[2026-07-01 16:08:53] [TASK_8] [INFO]   thay CEO                                 0
[2026-07-01 16:08:53] [TASK_8] [INFO]   niêm yết thêm                            0
[2026-07-01 16:08:53] [TASK_8] [INFO] 
Total keyword occurrences in corpus: 34
[2026-07-01 16:08:53] [TASK_8] [INFO] Keywords with zero occurrences: 72 / 106
[2026-07-01 16:08:53] [TASK_8] [INFO] ======================================================================
[2026-07-01 16:08:53] [TASK_8] [INFO] Keyword Builder (TASK 8) complete.
[2026-07-01 16:08:53] [TASK_8] [INFO] Starting Keyword Builder (TASK 8)...
[2026-07-01 16:08:53] [TASK_8] [INFO] Loaded 23 stopwords.
[2026-07-01 16:08:53] [TASK_8] [INFO] No corpus provided — skipping candidate extraction.
[2026-07-01 16:08:53] [TASK_8] [INFO] Curated keyword list: 43 positive, 54 negative, 9 neutral (total: 106).
[2026-07-01 16:08:53] [TASK_8] [INFO] Saved flat keyword list to C:\Users\User\AppData\Local\Temp\tmpd5vporgk\keywords_finance.json.
[2026-07-01 16:08:53] [TASK_8] [INFO] Saved group-level keyword breakdown to C:\Users\User\AppData\Local\Temp\tmpd5vporgk\keywords_by_group.json.
[2026-07-01 16:08:53] [TASK_8] [INFO] No corpus provided — skipping frequency report.
[2026-07-01 16:08:53] [TASK_8] [INFO] Keyword Builder (TASK 8) complete.
[2026-07-01 16:09:52] [TASK_8] [INFO] ============================================================
[2026-07-01 16:09:52] [TASK_8] [INFO] START TASK_8: Keyword Building (curate financial keywords)
[2026-07-01 16:09:52] [TASK_8] [INFO] Timestamp: 2026-07-01T16:09:52.200097
[2026-07-01 16:09:52] [TASK_8] [INFO] ============================================================
[2026-07-01 16:09:52] [TASK_8] [INFO] Input: data/news/processed/all_news_processed.csv (34979 rows)
[2026-07-01 16:09:52] [TASK_8] [INFO] ------------------------------------------------------------
[2026-07-01 16:09:52] [TASK_8] [INFO] END TASK_8 — completed in 0.0 seconds
[2026-07-01 16:09:52] [TASK_8] [INFO] ============================================================
[2026-07-01 16:09:52] [TASK_8] [INFO] ============================================================
[2026-07-01 16:09:52] [TASK_8] [INFO] START TASK_8: Keyword Building (curate financial keywords)
[2026-07-01 16:09:52] [TASK_8] [INFO] Timestamp: 2026-07-01T16:09:52.838433
[2026-07-01 16:09:52] [TASK_8] [INFO] ============================================================
[2026-07-01 16:09:53] [TASK_8] [INFO] Input: data/news/processed/all_news_processed.csv (34979 rows)
[2026-07-01 16:09:53] [TASK_8] [INFO] ------------------------------------------------------------
[2026-07-01 16:09:53] [TASK_8] [INFO] END TASK_8 — completed in 0.0 seconds
[2026-07-01 16:09:53] [TASK_8] [INFO] ============================================================
[2026-07-01 16:10:09] [TASK_8] [INFO] Starting Keyword Builder (TASK 8)...
[2026-07-01 16:10:09] [TASK_8] [INFO] Loaded 23 stopwords.
[2026-07-01 16:10:09] [TASK_8] [INFO] Extracting keyword candidates from 10 documents...
[2026-07-01 16:10:09] [TASK_8] [INFO] Saved 176 keyword candidates to C:\Users\User\AppData\Local\Temp\tmp3qsx726t\keyword_candidates.csv (unigrams: 83, bigrams: 93).
[2026-07-01 16:10:09] [TASK_8] [INFO] Curated keyword list: 43 positive, 54 negative, 9 neutral (total: 106).
[2026-07-01 16:10:09] [TASK_8] [INFO] Saved flat keyword list to C:\Users\User\AppData\Local\Temp\tmp3qsx726t\keywords_finance.json.
[2026-07-01 16:10:09] [TASK_8] [INFO] Saved group-level keyword breakdown to C:\Users\User\AppData\Local\Temp\tmp3qsx726t\keywords_by_group.json.
[2026-07-01 16:10:09] [TASK_8] [INFO] ======================================================================
[2026-07-01 16:10:09] [TASK_8] [INFO] KEYWORD CORPUS FREQUENCY REPORT
[2026-07-01 16:10:09] [TASK_8] [INFO] ======================================================================
[2026-07-01 16:10:09] [TASK_8] [INFO] 
--- POSITIVE keywords (43) ---
[2026-07-01 16:10:09] [TASK_8] [INFO]   lợi nhuận tăng                           1
[2026-07-01 16:10:09] [TASK_8] [INFO]   doanh thu tăng                           1
[2026-07-01 16:10:09] [TASK_8] [INFO]   kỷ lục                                   1
[2026-07-01 16:10:09] [TASK_8] [INFO]   tăng trưởng                              1
[2026-07-01 16:10:09] [TASK_8] [INFO]   tăng mạnh                                1
[2026-07-01 16:10:09] [TASK_8] [INFO]   chia cổ tức                              1
[2026-07-01 16:10:09] [TASK_8] [INFO]   cổ tức cao                               1
[2026-07-01 16:10:09] [TASK_8] [INFO]   cổ tức tiền mặt                          1
[2026-07-01 16:10:09] [TASK_8] [INFO]   giảm nợ                                  1
[2026-07-01 16:10:09] [TASK_8] [INFO]   trả nợ                                   1
[2026-07-01 16:10:09] [TASK_8] [INFO]   cải thiện tài chính                      1
[2026-07-01 16:10:09] [TASK_8] [INFO]   dòng tiền dương                          1
[2026-07-01 16:10:09] [TASK_8] [INFO]   ký kết hợp đồng                          1
[2026-07-01 16:10:09] [TASK_8] [INFO]   mở rộng thị trường                       1
[2026-07-01 16:10:09] [TASK_8] [INFO]   xuất khẩu tăng                           1
[2026-07-01 16:10:09] [TASK_8] [INFO]   tăng trưởng mạnh                         0
[2026-07-01 16:10:09] [TASK_8] [INFO]   vượt kế hoạch                            0
[2026-07-01 16:10:09] [TASK_8] [INFO]   lãi ròng                                 0
[2026-07-01 16:10:09] [TASK_8] [INFO]   lợi nhuận sau thuế tăng                  0
[2026-07-01 16:10:09] [TASK_8] [INFO]   kết quả tích cực                         0
[2026-07-01 16:10:09] [TASK_8] [INFO]   lãi khủng                                0
[2026-07-01 16:10:09] [TASK_8] [INFO]   lãi lớn                                  0
[2026-07-01 16:10:09] [TASK_8] [INFO]   lãi đậm                                  0
[2026-07-01 16:10:09] [TASK_8] [INFO]   báo lãi                                  0
[2026-07-01 16:10:09] [TASK_8] [INFO]   lợi nhuận kỷ lục                         0
[2026-07-01 16:10:09] [TASK_8] [INFO]   doanh thu kỷ lục                         0
[2026-07-01 16:10:09] [TASK_8] [INFO]   lãi kỷ lục                               0
[2026-07-01 16:10:09] [TASK_8] [INFO]   bứt phá                                  0
[2026-07-01 16:10:09] [TASK_8] [INFO]   tăng vọt                                 0
[2026-07-01 16:10:09] [TASK_8] [INFO]   khởi sắc                                 0
[2026-07-01 16:10:09] [TASK_8] [INFO]   phục hồi                                 0
[2026-07-01 16:10:09] [TASK_8] [INFO]   lập đỉnh                                 0
[2026-07-01 16:10:09] [TASK_8] [INFO]   hoàn thành kế hoạch                      0
[2026-07-01 16:10:09] [TASK_8] [INFO]   lợi nhuận cải thiện                      0
[2026-07-01 16:10:09] [TASK_8] [INFO]   mua lại cổ phiếu                         0
[2026-07-01 16:10:09] [TASK_8] [INFO]   phát hành thưởng                         0
[2026-07-01 16:10:09] [TASK_8] [INFO]   tăng vốn điều lệ                         0
[2026-07-01 16:10:09] [TASK_8] [INFO]   hệ số an toàn vốn                        0
[2026-07-01 16:10:09] [TASK_8] [INFO]   tiền mặt dồi dào                         0
[2026-07-01 16:10:09] [TASK_8] [INFO]   dự án mới                                0
[2026-07-01 16:10:09] [TASK_8] [INFO]   đầu tư mới                               0
[2026-07-01 16:10:09] [TASK_8] [INFO]   hợp tác chiến lược                       0
[2026-07-01 16:10:09] [TASK_8] [INFO]   thắng thầu                               0
[2026-07-01 16:10:09] [TASK_8] [INFO] 
--- NEGATIVE keywords (54) ---
[2026-07-01 16:10:09] [TASK_8] [INFO]   lợi nhuận giảm                           1
[2026-07-01 16:10:09] [TASK_8] [INFO]   doanh thu giảm                           1
[2026-07-01 16:10:09] [TASK_8] [INFO]   sụt giảm                                 1
[2026-07-01 16:10:09] [TASK_8] [INFO]   giảm mạnh                                1
[2026-07-01 16:10:09] [TASK_8] [INFO]   nợ xấu                                   1
[2026-07-01 16:10:09] [TASK_8] [INFO]   áp lực tài chính                         1
[2026-07-01 16:10:09] [TASK_8] [INFO]   dòng tiền âm                             1
[2026-07-01 16:10:09] [TASK_8] [INFO]   hủy hợp đồng                             1
[2026-07-01 16:10:09] [TASK_8] [INFO]   dự án trì hoãn                           1
[2026-07-01 16:10:09] [TASK_8] [INFO]   đóng cửa                                 1
[2026-07-01 16:10:09] [TASK_8] [INFO]   bị phạt                                  1
[2026-07-01 16:10:09] [TASK_8] [INFO]   vi phạm                                  1
[2026-07-01 16:10:09] [TASK_8] [INFO]   bị thanh tra                             1
[2026-07-01 16:10:09] [TASK_8] [INFO]   lợi nhuận âm                             0
[2026-07-01 16:10:09] [TASK_8] [INFO]   thua lỗ                                  0
[2026-07-01 16:10:09] [TASK_8] [INFO]   lỗ ròng                                  0
[2026-07-01 16:10:09] [TASK_8] [INFO]   dưới kế hoạch                            0
[2026-07-01 16:10:09] [TASK_8] [INFO]   kết quả tiêu cực                         0
[2026-07-01 16:10:09] [TASK_8] [INFO]   lợi nhuận thấp hơn                       0
[2026-07-01 16:10:09] [TASK_8] [INFO]   báo lỗ                                   0
[2026-07-01 16:10:09] [TASK_8] [INFO]   lỗ nặng                                  0
[2026-07-01 16:10:09] [TASK_8] [INFO]   lỗ lớn                                   0
[2026-07-01 16:10:09] [TASK_8] [INFO]   lỗ kỷ lục                                0
[2026-07-01 16:10:09] [TASK_8] [INFO]   lỗ lũy kế                                0
[2026-07-01 16:10:09] [TASK_8] [INFO]   lao dốc                                  0
[2026-07-01 16:10:09] [TASK_8] [INFO]   giảm sâu                                 0
[2026-07-01 16:10:09] [TASK_8] [INFO]   tụt dốc                                  0
[2026-07-01 16:10:09] [TASK_8] [INFO]   kinh doanh sa sút                        0
[2026-07-01 16:10:09] [TASK_8] [INFO]   âm vốn chủ sở hữu                        0
[2026-07-01 16:10:09] [TASK_8] [INFO]   lợi nhuận không tăng                     0
[2026-07-01 16:10:09] [TASK_8] [INFO]   doanh thu không tăng                     0
[2026-07-01 16:10:09] [TASK_8] [INFO]   không tăng trưởng                        0
[2026-07-01 16:10:09] [TASK_8] [INFO]   tăng trưởng chậm lại                     0
[2026-07-01 16:10:09] [TASK_8] [INFO]   không hoàn thành kế hoạch                0
[2026-07-01 16:10:09] [TASK_8] [INFO]   không đạt kế hoạch                       0
[2026-07-01 16:10:09] [TASK_8] [INFO]   chưa có lãi                              0
[2026-07-01 16:10:09] [TASK_8] [INFO]   không chia cổ tức                        0
[2026-07-01 16:10:09] [TASK_8] [INFO]   hủy cổ tức                               0
[2026-07-01 16:10:09] [TASK_8] [INFO]   giảm cổ tức                              0
[2026-07-01 16:10:09] [TASK_8] [INFO]   phát hành pha loãng                      0
[2026-07-01 16:10:09] [TASK_8] [INFO]   chào bán giá thấp                        0
[2026-07-01 16:10:09] [TASK_8] [INFO]   nợ vay tăng                              0
[2026-07-01 16:10:09] [TASK_8] [INFO]   nợ quá hạn                               0
[2026-07-01 16:10:09] [TASK_8] [INFO]   hệ số nợ cao                             0
[2026-07-01 16:10:09] [TASK_8] [INFO]   thiếu thanh khoản                        0
[2026-07-01 16:10:09] [TASK_8] [INFO]   thu hẹp hoạt động                        0
[2026-07-01 16:10:09] [TASK_8] [INFO]   dừng dự án                               0
[2026-07-01 16:10:09] [TASK_8] [INFO]   bị kiểm toán từ chối                     0
[2026-07-01 16:10:09] [TASK_8] [INFO]   cảnh báo                                 0
[2026-07-01 16:10:09] [TASK_8] [INFO]   đình chỉ                                 0
[2026-07-01 16:10:09] [TASK_8] [INFO]   khởi tố                                  0
[2026-07-01 16:10:09] [TASK_8] [INFO]   điều tra                                 0
[2026-07-01 16:10:09] [TASK_8] [INFO]   tranh chấp pháp lý                       0
[2026-07-01 16:10:09] [TASK_8] [INFO]   bị kiện                                  0
[2026-07-01 16:10:09] [TASK_8] [INFO] 
--- NEUTRAL keywords (9) ---
[2026-07-01 16:10:09] [TASK_8] [INFO]   đại hội cổ đông                          1
[2026-07-01 16:10:09] [TASK_8] [INFO]   thay đổi lãnh đạo                        1
[2026-07-01 16:10:09] [TASK_8] [INFO]   sáp nhập                                 1
[2026-07-01 16:10:09] [TASK_8] [INFO]   mua lại                                  1
[2026-07-01 16:10:09] [TASK_8] [INFO]   phát hành cổ phiếu mới                   1
[2026-07-01 16:10:09] [TASK_8] [INFO]   thoái vốn                                1
[2026-07-01 16:10:09] [TASK_8] [INFO]   họp HĐQT                                 0
[2026-07-01 16:10:09] [TASK_8] [INFO]   thay CEO                                 0
[2026-07-01 16:10:09] [TASK_8] [INFO]   niêm yết thêm                            0
[2026-07-01 16:10:09] [TASK_8] [INFO] 
Total keyword occurrences in corpus: 34
[2026-07-01 16:10:09] [TASK_8] [INFO] Keywords with zero occurrences: 72 / 106
[2026-07-01 16:10:09] [TASK_8] [INFO] ======================================================================
[2026-07-01 16:10:09] [TASK_8] [INFO] Keyword Builder (TASK 8) complete.
[2026-07-01 16:10:09] [TASK_8] [INFO] Starting Keyword Builder (TASK 8)...
[2026-07-01 16:10:09] [TASK_8] [INFO] Loaded 23 stopwords.
[2026-07-01 16:10:09] [TASK_8] [INFO] Extracting keyword candidates from 10 documents...
[2026-07-01 16:10:09] [TASK_8] [INFO] Saved 176 keyword candidates to C:\Users\User\AppData\Local\Temp\tmp0nniffrq\keyword_candidates.csv (unigrams: 83, bigrams: 93).
[2026-07-01 16:10:09] [TASK_8] [INFO] Curated keyword list: 43 positive, 54 negative, 9 neutral (total: 106).
[2026-07-01 16:10:09] [TASK_8] [INFO] Saved flat keyword list to C:\Users\User\AppData\Local\Temp\tmp0nniffrq\keywords_finance.json.
[2026-07-01 16:10:09] [TASK_8] [INFO] Saved group-level keyword breakdown to C:\Users\User\AppData\Local\Temp\tmp0nniffrq\keywords_by_group.json.
[2026-07-01 16:10:09] [TASK_8] [INFO] ======================================================================
[2026-07-01 16:10:09] [TASK_8] [INFO] KEYWORD CORPUS FREQUENCY REPORT
[2026-07-01 16:10:09] [TASK_8] [INFO] ======================================================================
[2026-07-01 16:10:09] [TASK_8] [INFO] 
--- POSITIVE keywords (43) ---
[2026-07-01 16:10:09] [TASK_8] [INFO]   lợi nhuận tăng                           1
[2026-07-01 16:10:09] [TASK_8] [INFO]   doanh thu tăng                           1
[2026-07-01 16:10:09] [TASK_8] [INFO]   kỷ lục                                   1
[2026-07-01 16:10:09] [TASK_8] [INFO]   tăng trưởng                              1
[2026-07-01 16:10:09] [TASK_8] [INFO]   tăng mạnh                                1
[2026-07-01 16:10:09] [TASK_8] [INFO]   chia cổ tức                              1
[2026-07-01 16:10:09] [TASK_8] [INFO]   cổ tức cao                               1
[2026-07-01 16:10:09] [TASK_8] [INFO]   cổ tức tiền mặt                          1
[2026-07-01 16:10:09] [TASK_8] [INFO]   giảm nợ                                  1
[2026-07-01 16:10:09] [TASK_8] [INFO]   trả nợ                                   1
[2026-07-01 16:10:09] [TASK_8] [INFO]   cải thiện tài chính                      1
[2026-07-01 16:10:09] [TASK_8] [INFO]   dòng tiền dương                          1
[2026-07-01 16:10:09] [TASK_8] [INFO]   ký kết hợp đồng                          1
[2026-07-01 16:10:09] [TASK_8] [INFO]   mở rộng thị trường                       1
[2026-07-01 16:10:09] [TASK_8] [INFO]   xuất khẩu tăng                           1
[2026-07-01 16:10:09] [TASK_8] [INFO]   tăng trưởng mạnh                         0
[2026-07-01 16:10:09] [TASK_8] [INFO]   vượt kế hoạch                            0
[2026-07-01 16:10:09] [TASK_8] [INFO]   lãi ròng                                 0
[2026-07-01 16:10:09] [TASK_8] [INFO]   lợi nhuận sau thuế tăng                  0
[2026-07-01 16:10:09] [TASK_8] [INFO]   kết quả tích cực                         0
[2026-07-01 16:10:09] [TASK_8] [INFO]   lãi khủng                                0
[2026-07-01 16:10:09] [TASK_8] [INFO]   lãi lớn                                  0
[2026-07-01 16:10:09] [TASK_8] [INFO]   lãi đậm                                  0
[2026-07-01 16:10:09] [TASK_8] [INFO]   báo lãi                                  0
[2026-07-01 16:10:09] [TASK_8] [INFO]   lợi nhuận kỷ lục                         0
[2026-07-01 16:10:09] [TASK_8] [INFO]   doanh thu kỷ lục                         0
[2026-07-01 16:10:09] [TASK_8] [INFO]   lãi kỷ lục                               0
[2026-07-01 16:10:09] [TASK_8] [INFO]   bứt phá                                  0
[2026-07-01 16:10:09] [TASK_8] [INFO]   tăng vọt                                 0
[2026-07-01 16:10:09] [TASK_8] [INFO]   khởi sắc                                 0
[2026-07-01 16:10:09] [TASK_8] [INFO]   phục hồi                                 0
[2026-07-01 16:10:09] [TASK_8] [INFO]   lập đỉnh                                 0
[2026-07-01 16:10:09] [TASK_8] [INFO]   hoàn thành kế hoạch                      0
[2026-07-01 16:10:09] [TASK_8] [INFO]   lợi nhuận cải thiện                      0
[2026-07-01 16:10:09] [TASK_8] [INFO]   mua lại cổ phiếu                         0
[2026-07-01 16:10:09] [TASK_8] [INFO]   phát hành thưởng                         0
[2026-07-01 16:10:09] [TASK_8] [INFO]   tăng vốn điều lệ                         0
[2026-07-01 16:10:09] [TASK_8] [INFO]   hệ số an toàn vốn                        0
[2026-07-01 16:10:09] [TASK_8] [INFO]   tiền mặt dồi dào                         0
[2026-07-01 16:10:09] [TASK_8] [INFO]   dự án mới                                0
[2026-07-01 16:10:09] [TASK_8] [INFO]   đầu tư mới                               0
[2026-07-01 16:10:09] [TASK_8] [INFO]   hợp tác chiến lược                       0
[2026-07-01 16:10:09] [TASK_8] [INFO]   thắng thầu                               0
[2026-07-01 16:10:09] [TASK_8] [INFO] 
--- NEGATIVE keywords (54) ---
[2026-07-01 16:10:09] [TASK_8] [INFO]   lợi nhuận giảm                           1
[2026-07-01 16:10:09] [TASK_8] [INFO]   doanh thu giảm                           1
[2026-07-01 16:10:09] [TASK_8] [INFO]   sụt giảm                                 1
[2026-07-01 16:10:09] [TASK_8] [INFO]   giảm mạnh                                1
[2026-07-01 16:10:09] [TASK_8] [INFO]   nợ xấu                                   1
[2026-07-01 16:10:09] [TASK_8] [INFO]   áp lực tài chính                         1
[2026-07-01 16:10:09] [TASK_8] [INFO]   dòng tiền âm                             1
[2026-07-01 16:10:09] [TASK_8] [INFO]   hủy hợp đồng                             1
[2026-07-01 16:10:09] [TASK_8] [INFO]   dự án trì hoãn                           1
[2026-07-01 16:10:09] [TASK_8] [INFO]   đóng cửa                                 1
[2026-07-01 16:10:09] [TASK_8] [INFO]   bị phạt                                  1
[2026-07-01 16:10:09] [TASK_8] [INFO]   vi phạm                                  1
[2026-07-01 16:10:09] [TASK_8] [INFO]   bị thanh tra                             1
[2026-07-01 16:10:09] [TASK_8] [INFO]   lợi nhuận âm                             0
[2026-07-01 16:10:09] [TASK_8] [INFO]   thua lỗ                                  0
[2026-07-01 16:10:09] [TASK_8] [INFO]   lỗ ròng                                  0
[2026-07-01 16:10:09] [TASK_8] [INFO]   dưới kế hoạch                            0
[2026-07-01 16:10:09] [TASK_8] [INFO]   kết quả tiêu cực                         0
[2026-07-01 16:10:09] [TASK_8] [INFO]   lợi nhuận thấp hơn                       0
[2026-07-01 16:10:09] [TASK_8] [INFO]   báo lỗ                                   0
[2026-07-01 16:10:09] [TASK_8] [INFO]   lỗ nặng                                  0
[2026-07-01 16:10:09] [TASK_8] [INFO]   lỗ lớn                                   0
[2026-07-01 16:10:09] [TASK_8] [INFO]   lỗ kỷ lục                                0
[2026-07-01 16:10:09] [TASK_8] [INFO]   lỗ lũy kế                                0
[2026-07-01 16:10:09] [TASK_8] [INFO]   lao dốc                                  0
[2026-07-01 16:10:09] [TASK_8] [INFO]   giảm sâu                                 0
[2026-07-01 16:10:09] [TASK_8] [INFO]   tụt dốc                                  0
[2026-07-01 16:10:09] [TASK_8] [INFO]   kinh doanh sa sút                        0
[2026-07-01 16:10:09] [TASK_8] [INFO]   âm vốn chủ sở hữu                        0
[2026-07-01 16:10:09] [TASK_8] [INFO]   lợi nhuận không tăng                     0
[2026-07-01 16:10:09] [TASK_8] [INFO]   doanh thu không tăng                     0
[2026-07-01 16:10:09] [TASK_8] [INFO]   không tăng trưởng                        0
[2026-07-01 16:10:09] [TASK_8] [INFO]   tăng trưởng chậm lại                     0
[2026-07-01 16:10:09] [TASK_8] [INFO]   không hoàn thành kế hoạch                0
[2026-07-01 16:10:09] [TASK_8] [INFO]   không đạt kế hoạch                       0
[2026-07-01 16:10:09] [TASK_8] [INFO]   chưa có lãi                              0
[2026-07-01 16:10:09] [TASK_8] [INFO]   không chia cổ tức                        0
[2026-07-01 16:10:09] [TASK_8] [INFO]   hủy cổ tức                               0
[2026-07-01 16:10:09] [TASK_8] [INFO]   giảm cổ tức                              0
[2026-07-01 16:10:09] [TASK_8] [INFO]   phát hành pha loãng                      0
[2026-07-01 16:10:09] [TASK_8] [INFO]   chào bán giá thấp                        0
[2026-07-01 16:10:09] [TASK_8] [INFO]   nợ vay tăng                              0
[2026-07-01 16:10:09] [TASK_8] [INFO]   nợ quá hạn                               0
[2026-07-01 16:10:09] [TASK_8] [INFO]   hệ số nợ cao                             0
[2026-07-01 16:10:09] [TASK_8] [INFO]   thiếu thanh khoản                        0
[2026-07-01 16:10:09] [TASK_8] [INFO]   thu hẹp hoạt động                        0
[2026-07-01 16:10:09] [TASK_8] [INFO]   dừng dự án                               0
[2026-07-01 16:10:09] [TASK_8] [INFO]   bị kiểm toán từ chối                     0
[2026-07-01 16:10:09] [TASK_8] [INFO]   cảnh báo                                 0
[2026-07-01 16:10:09] [TASK_8] [INFO]   đình chỉ                                 0
[2026-07-01 16:10:09] [TASK_8] [INFO]   khởi tố                                  0
[2026-07-01 16:10:09] [TASK_8] [INFO]   điều tra                                 0
[2026-07-01 16:10:09] [TASK_8] [INFO]   tranh chấp pháp lý                       0
[2026-07-01 16:10:09] [TASK_8] [INFO]   bị kiện                                  0
[2026-07-01 16:10:09] [TASK_8] [INFO] 
--- NEUTRAL keywords (9) ---
[2026-07-01 16:10:09] [TASK_8] [INFO]   đại hội cổ đông                          1
[2026-07-01 16:10:09] [TASK_8] [INFO]   thay đổi lãnh đạo                        1
[2026-07-01 16:10:09] [TASK_8] [INFO]   sáp nhập                                 1
[2026-07-01 16:10:09] [TASK_8] [INFO]   mua lại                                  1
[2026-07-01 16:10:09] [TASK_8] [INFO]   phát hành cổ phiếu mới                   1
[2026-07-01 16:10:09] [TASK_8] [INFO]   thoái vốn                                1
[2026-07-01 16:10:09] [TASK_8] [INFO]   họp HĐQT                                 0
[2026-07-01 16:10:09] [TASK_8] [INFO]   thay CEO                                 0
[2026-07-01 16:10:09] [TASK_8] [INFO]   niêm yết thêm                            0
[2026-07-01 16:10:09] [TASK_8] [INFO] 
Total keyword occurrences in corpus: 34
[2026-07-01 16:10:09] [TASK_8] [INFO] Keywords with zero occurrences: 72 / 106
[2026-07-01 16:10:09] [TASK_8] [INFO] ======================================================================
[2026-07-01 16:10:09] [TASK_8] [INFO] Keyword Builder (TASK 8) complete.
[2026-07-01 16:10:09] [TASK_8] [INFO] Starting Keyword Builder (TASK 8)...
[2026-07-01 16:10:09] [TASK_8] [INFO] Loaded 23 stopwords.
[2026-07-01 16:10:09] [TASK_8] [INFO] No corpus provided — skipping candidate extraction.
[2026-07-01 16:10:09] [TASK_8] [INFO] Curated keyword list: 43 positive, 54 negative, 9 neutral (total: 106).
[2026-07-01 16:10:09] [TASK_8] [INFO] Saved flat keyword list to C:\Users\User\AppData\Local\Temp\tmp9cdsry_y\keywords_finance.json.
[2026-07-01 16:10:09] [TASK_8] [INFO] Saved group-level keyword breakdown to C:\Users\User\AppData\Local\Temp\tmp9cdsry_y\keywords_by_group.json.
[2026-07-01 16:10:09] [TASK_8] [INFO] No corpus provided — skipping frequency report.
[2026-07-01 16:10:09] [TASK_8] [INFO] Keyword Builder (TASK 8) complete.
[2026-07-01 17:19:10] [TASK_8] [INFO] ============================================================
[2026-07-01 17:19:10] [TASK_8] [INFO] START TASK_8: Keyword Building (curate financial keywords)
[2026-07-01 17:19:10] [TASK_8] [INFO] Timestamp: 2026-07-01T17:19:10.475955
[2026-07-01 17:19:10] [TASK_8] [INFO] ============================================================
[2026-07-01 17:19:10] [TASK_8] [INFO] Input: data/news/processed/all_news_processed.csv (34979 rows)
[2026-07-01 17:19:10] [TASK_8] [INFO] ------------------------------------------------------------
[2026-07-01 17:19:10] [TASK_8] [INFO] END TASK_8 — completed in 0.0 seconds
[2026-07-01 17:19:10] [TASK_8] [INFO] ============================================================
[2026-07-01 17:19:11] [TASK_8] [INFO] ============================================================
[2026-07-01 17:19:11] [TASK_8] [INFO] START TASK_8: Keyword Building (curate financial keywords)
[2026-07-01 17:19:11] [TASK_8] [INFO] Timestamp: 2026-07-01T17:19:11.189392
[2026-07-01 17:19:11] [TASK_8] [INFO] ============================================================
[2026-07-01 17:19:11] [TASK_8] [INFO] Input: data/news/processed/all_news_processed.csv (34979 rows)
[2026-07-01 17:19:11] [TASK_8] [INFO] ------------------------------------------------------------
[2026-07-01 17:19:11] [TASK_8] [INFO] END TASK_8 — completed in 0.0 seconds
[2026-07-01 17:19:11] [TASK_8] [INFO] ============================================================
[2026-07-01 17:19:29] [TASK_8] [INFO] Starting Keyword Builder (TASK 8)...
[2026-07-01 17:19:29] [TASK_8] [INFO] Loaded 23 stopwords.
[2026-07-01 17:19:29] [TASK_8] [INFO] Extracting keyword candidates from 10 documents...
[2026-07-01 17:19:29] [TASK_8] [INFO] Saved 176 keyword candidates to C:\Users\User\AppData\Local\Temp\tmp4icg4nsv\keyword_candidates.csv (unigrams: 83, bigrams: 93).
[2026-07-01 17:19:29] [TASK_8] [INFO] Curated keyword list: 43 positive, 54 negative, 9 neutral (total: 106).
[2026-07-01 17:19:29] [TASK_8] [INFO] Saved flat keyword list to C:\Users\User\AppData\Local\Temp\tmp4icg4nsv\keywords_finance.json.
[2026-07-01 17:19:29] [TASK_8] [INFO] Saved group-level keyword breakdown to C:\Users\User\AppData\Local\Temp\tmp4icg4nsv\keywords_by_group.json.
[2026-07-01 17:19:29] [TASK_8] [INFO] ======================================================================
[2026-07-01 17:19:29] [TASK_8] [INFO] KEYWORD CORPUS FREQUENCY REPORT
[2026-07-01 17:19:29] [TASK_8] [INFO] ======================================================================
[2026-07-01 17:19:29] [TASK_8] [INFO] 
--- POSITIVE keywords (43) ---
[2026-07-01 17:19:29] [TASK_8] [INFO]   lợi nhuận tăng                           1
[2026-07-01 17:19:29] [TASK_8] [INFO]   doanh thu tăng                           1
[2026-07-01 17:19:29] [TASK_8] [INFO]   kỷ lục                                   1
[2026-07-01 17:19:29] [TASK_8] [INFO]   tăng trưởng                              1
[2026-07-01 17:19:29] [TASK_8] [INFO]   tăng mạnh                                1
[2026-07-01 17:19:29] [TASK_8] [INFO]   chia cổ tức                              1
[2026-07-01 17:19:29] [TASK_8] [INFO]   cổ tức cao                               1
[2026-07-01 17:19:29] [TASK_8] [INFO]   cổ tức tiền mặt                          1
[2026-07-01 17:19:29] [TASK_8] [INFO]   giảm nợ                                  1
[2026-07-01 17:19:29] [TASK_8] [INFO]   trả nợ                                   1
[2026-07-01 17:19:29] [TASK_8] [INFO]   cải thiện tài chính                      1
[2026-07-01 17:19:29] [TASK_8] [INFO]   dòng tiền dương                          1
[2026-07-01 17:19:29] [TASK_8] [INFO]   ký kết hợp đồng                          1
[2026-07-01 17:19:29] [TASK_8] [INFO]   mở rộng thị trường                       1
[2026-07-01 17:19:29] [TASK_8] [INFO]   xuất khẩu tăng                           1
[2026-07-01 17:19:29] [TASK_8] [INFO]   tăng trưởng mạnh                         0
[2026-07-01 17:19:29] [TASK_8] [INFO]   vượt kế hoạch                            0
[2026-07-01 17:19:29] [TASK_8] [INFO]   lãi ròng                                 0
[2026-07-01 17:19:29] [TASK_8] [INFO]   lợi nhuận sau thuế tăng                  0
[2026-07-01 17:19:29] [TASK_8] [INFO]   kết quả tích cực                         0
[2026-07-01 17:19:29] [TASK_8] [INFO]   lãi khủng                                0
[2026-07-01 17:19:29] [TASK_8] [INFO]   lãi lớn                                  0
[2026-07-01 17:19:29] [TASK_8] [INFO]   lãi đậm                                  0
[2026-07-01 17:19:29] [TASK_8] [INFO]   báo lãi                                  0
[2026-07-01 17:19:29] [TASK_8] [INFO]   lợi nhuận kỷ lục                         0
[2026-07-01 17:19:29] [TASK_8] [INFO]   doanh thu kỷ lục                         0
[2026-07-01 17:19:29] [TASK_8] [INFO]   lãi kỷ lục                               0
[2026-07-01 17:19:29] [TASK_8] [INFO]   bứt phá                                  0
[2026-07-01 17:19:29] [TASK_8] [INFO]   tăng vọt                                 0
[2026-07-01 17:19:29] [TASK_8] [INFO]   khởi sắc                                 0
[2026-07-01 17:19:29] [TASK_8] [INFO]   phục hồi                                 0
[2026-07-01 17:19:29] [TASK_8] [INFO]   lập đỉnh                                 0
[2026-07-01 17:19:29] [TASK_8] [INFO]   hoàn thành kế hoạch                      0
[2026-07-01 17:19:29] [TASK_8] [INFO]   lợi nhuận cải thiện                      0
[2026-07-01 17:19:29] [TASK_8] [INFO]   mua lại cổ phiếu                         0
[2026-07-01 17:19:29] [TASK_8] [INFO]   phát hành thưởng                         0
[2026-07-01 17:19:29] [TASK_8] [INFO]   tăng vốn điều lệ                         0
[2026-07-01 17:19:29] [TASK_8] [INFO]   hệ số an toàn vốn                        0
[2026-07-01 17:19:29] [TASK_8] [INFO]   tiền mặt dồi dào                         0
[2026-07-01 17:19:29] [TASK_8] [INFO]   dự án mới                                0
[2026-07-01 17:19:29] [TASK_8] [INFO]   đầu tư mới                               0
[2026-07-01 17:19:29] [TASK_8] [INFO]   hợp tác chiến lược                       0
[2026-07-01 17:19:29] [TASK_8] [INFO]   thắng thầu                               0
[2026-07-01 17:19:29] [TASK_8] [INFO] 
--- NEGATIVE keywords (54) ---
[2026-07-01 17:19:29] [TASK_8] [INFO]   lợi nhuận giảm                           1
[2026-07-01 17:19:29] [TASK_8] [INFO]   doanh thu giảm                           1
[2026-07-01 17:19:29] [TASK_8] [INFO]   sụt giảm                                 1
[2026-07-01 17:19:29] [TASK_8] [INFO]   giảm mạnh                                1
[2026-07-01 17:19:29] [TASK_8] [INFO]   nợ xấu                                   1
[2026-07-01 17:19:29] [TASK_8] [INFO]   áp lực tài chính                         1
[2026-07-01 17:19:29] [TASK_8] [INFO]   dòng tiền âm                             1
[2026-07-01 17:19:29] [TASK_8] [INFO]   hủy hợp đồng                             1
[2026-07-01 17:19:29] [TASK_8] [INFO]   dự án trì hoãn                           1
[2026-07-01 17:19:29] [TASK_8] [INFO]   đóng cửa                                 1
[2026-07-01 17:19:29] [TASK_8] [INFO]   bị phạt                                  1
[2026-07-01 17:19:29] [TASK_8] [INFO]   vi phạm                                  1
[2026-07-01 17:19:29] [TASK_8] [INFO]   bị thanh tra                             1
[2026-07-01 17:19:29] [TASK_8] [INFO]   lợi nhuận âm                             0
[2026-07-01 17:19:29] [TASK_8] [INFO]   thua lỗ                                  0
[2026-07-01 17:19:29] [TASK_8] [INFO]   lỗ ròng                                  0
[2026-07-01 17:19:29] [TASK_8] [INFO]   dưới kế hoạch                            0
[2026-07-01 17:19:29] [TASK_8] [INFO]   kết quả tiêu cực                         0
[2026-07-01 17:19:29] [TASK_8] [INFO]   lợi nhuận thấp hơn                       0
[2026-07-01 17:19:29] [TASK_8] [INFO]   báo lỗ                                   0
[2026-07-01 17:19:29] [TASK_8] [INFO]   lỗ nặng                                  0
[2026-07-01 17:19:29] [TASK_8] [INFO]   lỗ lớn                                   0
[2026-07-01 17:19:29] [TASK_8] [INFO]   lỗ kỷ lục                                0
[2026-07-01 17:19:29] [TASK_8] [INFO]   lỗ lũy kế                                0
[2026-07-01 17:19:29] [TASK_8] [INFO]   lao dốc                                  0
[2026-07-01 17:19:29] [TASK_8] [INFO]   giảm sâu                                 0
[2026-07-01 17:19:29] [TASK_8] [INFO]   tụt dốc                                  0
[2026-07-01 17:19:29] [TASK_8] [INFO]   kinh doanh sa sút                        0
[2026-07-01 17:19:29] [TASK_8] [INFO]   âm vốn chủ sở hữu                        0
[2026-07-01 17:19:29] [TASK_8] [INFO]   lợi nhuận không tăng                     0
[2026-07-01 17:19:29] [TASK_8] [INFO]   doanh thu không tăng                     0
[2026-07-01 17:19:29] [TASK_8] [INFO]   không tăng trưởng                        0
[2026-07-01 17:19:29] [TASK_8] [INFO]   tăng trưởng chậm lại                     0
[2026-07-01 17:19:29] [TASK_8] [INFO]   không hoàn thành kế hoạch                0
[2026-07-01 17:19:29] [TASK_8] [INFO]   không đạt kế hoạch                       0
[2026-07-01 17:19:29] [TASK_8] [INFO]   chưa có lãi                              0
[2026-07-01 17:19:29] [TASK_8] [INFO]   không chia cổ tức                        0
[2026-07-01 17:19:29] [TASK_8] [INFO]   hủy cổ tức                               0
[2026-07-01 17:19:29] [TASK_8] [INFO]   giảm cổ tức                              0
[2026-07-01 17:19:29] [TASK_8] [INFO]   phát hành pha loãng                      0
[2026-07-01 17:19:29] [TASK_8] [INFO]   chào bán giá thấp                        0
[2026-07-01 17:19:29] [TASK_8] [INFO]   nợ vay tăng                              0
[2026-07-01 17:19:29] [TASK_8] [INFO]   nợ quá hạn                               0
[2026-07-01 17:19:29] [TASK_8] [INFO]   hệ số nợ cao                             0
[2026-07-01 17:19:29] [TASK_8] [INFO]   thiếu thanh khoản                        0
[2026-07-01 17:19:29] [TASK_8] [INFO]   thu hẹp hoạt động                        0
[2026-07-01 17:19:29] [TASK_8] [INFO]   dừng dự án                               0
[2026-07-01 17:19:29] [TASK_8] [INFO]   bị kiểm toán từ chối                     0
[2026-07-01 17:19:29] [TASK_8] [INFO]   cảnh báo                                 0
[2026-07-01 17:19:29] [TASK_8] [INFO]   đình chỉ                                 0
[2026-07-01 17:19:29] [TASK_8] [INFO]   khởi tố                                  0
[2026-07-01 17:19:29] [TASK_8] [INFO]   điều tra                                 0
[2026-07-01 17:19:29] [TASK_8] [INFO]   tranh chấp pháp lý                       0
[2026-07-01 17:19:29] [TASK_8] [INFO]   bị kiện                                  0
[2026-07-01 17:19:29] [TASK_8] [INFO] 
--- NEUTRAL keywords (9) ---
[2026-07-01 17:19:29] [TASK_8] [INFO]   đại hội cổ đông                          1
[2026-07-01 17:19:29] [TASK_8] [INFO]   thay đổi lãnh đạo                        1
[2026-07-01 17:19:29] [TASK_8] [INFO]   sáp nhập                                 1
[2026-07-01 17:19:29] [TASK_8] [INFO]   mua lại                                  1
[2026-07-01 17:19:29] [TASK_8] [INFO]   phát hành cổ phiếu mới                   1
[2026-07-01 17:19:29] [TASK_8] [INFO]   thoái vốn                                1
[2026-07-01 17:19:29] [TASK_8] [INFO]   họp HĐQT                                 0
[2026-07-01 17:19:29] [TASK_8] [INFO]   thay CEO                                 0
[2026-07-01 17:19:29] [TASK_8] [INFO]   niêm yết thêm                            0
[2026-07-01 17:19:29] [TASK_8] [INFO] 
Total keyword occurrences in corpus: 34
[2026-07-01 17:19:29] [TASK_8] [INFO] Keywords with zero occurrences: 72 / 106
[2026-07-01 17:19:29] [TASK_8] [INFO] ======================================================================
[2026-07-01 17:19:29] [TASK_8] [INFO] Keyword Builder (TASK 8) complete.
[2026-07-01 17:19:29] [TASK_8] [INFO] Starting Keyword Builder (TASK 8)...
[2026-07-01 17:19:29] [TASK_8] [INFO] Loaded 23 stopwords.
[2026-07-01 17:19:29] [TASK_8] [INFO] Extracting keyword candidates from 10 documents...
[2026-07-01 17:19:29] [TASK_8] [INFO] Saved 176 keyword candidates to C:\Users\User\AppData\Local\Temp\tmp9cgrgk5r\keyword_candidates.csv (unigrams: 83, bigrams: 93).
[2026-07-01 17:19:29] [TASK_8] [INFO] Curated keyword list: 43 positive, 54 negative, 9 neutral (total: 106).
[2026-07-01 17:19:29] [TASK_8] [INFO] Saved flat keyword list to C:\Users\User\AppData\Local\Temp\tmp9cgrgk5r\keywords_finance.json.
[2026-07-01 17:19:29] [TASK_8] [INFO] Saved group-level keyword breakdown to C:\Users\User\AppData\Local\Temp\tmp9cgrgk5r\keywords_by_group.json.
[2026-07-01 17:19:29] [TASK_8] [INFO] ======================================================================
[2026-07-01 17:19:29] [TASK_8] [INFO] KEYWORD CORPUS FREQUENCY REPORT
[2026-07-01 17:19:29] [TASK_8] [INFO] ======================================================================
[2026-07-01 17:19:29] [TASK_8] [INFO] 
--- POSITIVE keywords (43) ---
[2026-07-01 17:19:29] [TASK_8] [INFO]   lợi nhuận tăng                           1
[2026-07-01 17:19:29] [TASK_8] [INFO]   doanh thu tăng                           1
[2026-07-01 17:19:29] [TASK_8] [INFO]   kỷ lục                                   1
[2026-07-01 17:19:29] [TASK_8] [INFO]   tăng trưởng                              1
[2026-07-01 17:19:29] [TASK_8] [INFO]   tăng mạnh                                1
[2026-07-01 17:19:29] [TASK_8] [INFO]   chia cổ tức                              1
[2026-07-01 17:19:29] [TASK_8] [INFO]   cổ tức cao                               1
[2026-07-01 17:19:29] [TASK_8] [INFO]   cổ tức tiền mặt                          1
[2026-07-01 17:19:29] [TASK_8] [INFO]   giảm nợ                                  1
[2026-07-01 17:19:29] [TASK_8] [INFO]   trả nợ                                   1
[2026-07-01 17:19:29] [TASK_8] [INFO]   cải thiện tài chính                      1
[2026-07-01 17:19:29] [TASK_8] [INFO]   dòng tiền dương                          1
[2026-07-01 17:19:29] [TASK_8] [INFO]   ký kết hợp đồng                          1
[2026-07-01 17:19:29] [TASK_8] [INFO]   mở rộng thị trường                       1
[2026-07-01 17:19:29] [TASK_8] [INFO]   xuất khẩu tăng                           1
[2026-07-01 17:19:29] [TASK_8] [INFO]   tăng trưởng mạnh                         0
[2026-07-01 17:19:29] [TASK_8] [INFO]   vượt kế hoạch                            0
[2026-07-01 17:19:29] [TASK_8] [INFO]   lãi ròng                                 0
[2026-07-01 17:19:29] [TASK_8] [INFO]   lợi nhuận sau thuế tăng                  0
[2026-07-01 17:19:29] [TASK_8] [INFO]   kết quả tích cực                         0
[2026-07-01 17:19:29] [TASK_8] [INFO]   lãi khủng                                0
[2026-07-01 17:19:29] [TASK_8] [INFO]   lãi lớn                                  0
[2026-07-01 17:19:29] [TASK_8] [INFO]   lãi đậm                                  0
[2026-07-01 17:19:29] [TASK_8] [INFO]   báo lãi                                  0
[2026-07-01 17:19:29] [TASK_8] [INFO]   lợi nhuận kỷ lục                         0
[2026-07-01 17:19:29] [TASK_8] [INFO]   doanh thu kỷ lục                         0
[2026-07-01 17:19:29] [TASK_8] [INFO]   lãi kỷ lục                               0
[2026-07-01 17:19:29] [TASK_8] [INFO]   bứt phá                                  0
[2026-07-01 17:19:29] [TASK_8] [INFO]   tăng vọt                                 0
[2026-07-01 17:19:29] [TASK_8] [INFO]   khởi sắc                                 0
[2026-07-01 17:19:29] [TASK_8] [INFO]   phục hồi                                 0
[2026-07-01 17:19:29] [TASK_8] [INFO]   lập đỉnh                                 0
[2026-07-01 17:19:29] [TASK_8] [INFO]   hoàn thành kế hoạch                      0
[2026-07-01 17:19:29] [TASK_8] [INFO]   lợi nhuận cải thiện                      0
[2026-07-01 17:19:29] [TASK_8] [INFO]   mua lại cổ phiếu                         0
[2026-07-01 17:19:29] [TASK_8] [INFO]   phát hành thưởng                         0
[2026-07-01 17:19:29] [TASK_8] [INFO]   tăng vốn điều lệ                         0
[2026-07-01 17:19:29] [TASK_8] [INFO]   hệ số an toàn vốn                        0
[2026-07-01 17:19:29] [TASK_8] [INFO]   tiền mặt dồi dào                         0
[2026-07-01 17:19:29] [TASK_8] [INFO]   dự án mới                                0
[2026-07-01 17:19:29] [TASK_8] [INFO]   đầu tư mới                               0
[2026-07-01 17:19:29] [TASK_8] [INFO]   hợp tác chiến lược                       0
[2026-07-01 17:19:29] [TASK_8] [INFO]   thắng thầu                               0
[2026-07-01 17:19:29] [TASK_8] [INFO] 
--- NEGATIVE keywords (54) ---
[2026-07-01 17:19:29] [TASK_8] [INFO]   lợi nhuận giảm                           1
[2026-07-01 17:19:29] [TASK_8] [INFO]   doanh thu giảm                           1
[2026-07-01 17:19:29] [TASK_8] [INFO]   sụt giảm                                 1
[2026-07-01 17:19:29] [TASK_8] [INFO]   giảm mạnh                                1
[2026-07-01 17:19:29] [TASK_8] [INFO]   nợ xấu                                   1
[2026-07-01 17:19:29] [TASK_8] [INFO]   áp lực tài chính                         1
[2026-07-01 17:19:29] [TASK_8] [INFO]   dòng tiền âm                             1
[2026-07-01 17:19:29] [TASK_8] [INFO]   hủy hợp đồng                             1
[2026-07-01 17:19:29] [TASK_8] [INFO]   dự án trì hoãn                           1
[2026-07-01 17:19:29] [TASK_8] [INFO]   đóng cửa                                 1
[2026-07-01 17:19:29] [TASK_8] [INFO]   bị phạt                                  1
[2026-07-01 17:19:29] [TASK_8] [INFO]   vi phạm                                  1
[2026-07-01 17:19:29] [TASK_8] [INFO]   bị thanh tra                             1
[2026-07-01 17:19:29] [TASK_8] [INFO]   lợi nhuận âm                             0
[2026-07-01 17:19:29] [TASK_8] [INFO]   thua lỗ                                  0
[2026-07-01 17:19:29] [TASK_8] [INFO]   lỗ ròng                                  0
[2026-07-01 17:19:29] [TASK_8] [INFO]   dưới kế hoạch                            0
[2026-07-01 17:19:29] [TASK_8] [INFO]   kết quả tiêu cực                         0
[2026-07-01 17:19:29] [TASK_8] [INFO]   lợi nhuận thấp hơn                       0
[2026-07-01 17:19:29] [TASK_8] [INFO]   báo lỗ                                   0
[2026-07-01 17:19:29] [TASK_8] [INFO]   lỗ nặng                                  0
[2026-07-01 17:19:29] [TASK_8] [INFO]   lỗ lớn                                   0
[2026-07-01 17:19:29] [TASK_8] [INFO]   lỗ kỷ lục                                0
[2026-07-01 17:19:29] [TASK_8] [INFO]   lỗ lũy kế                                0
[2026-07-01 17:19:29] [TASK_8] [INFO]   lao dốc                                  0
[2026-07-01 17:19:29] [TASK_8] [INFO]   giảm sâu                                 0
[2026-07-01 17:19:29] [TASK_8] [INFO]   tụt dốc                                  0
[2026-07-01 17:19:29] [TASK_8] [INFO]   kinh doanh sa sút                        0
[2026-07-01 17:19:29] [TASK_8] [INFO]   âm vốn chủ sở hữu                        0
[2026-07-01 17:19:29] [TASK_8] [INFO]   lợi nhuận không tăng                     0
[2026-07-01 17:19:29] [TASK_8] [INFO]   doanh thu không tăng                     0
[2026-07-01 17:19:29] [TASK_8] [INFO]   không tăng trưởng                        0
[2026-07-01 17:19:29] [TASK_8] [INFO]   tăng trưởng chậm lại                     0
[2026-07-01 17:19:29] [TASK_8] [INFO]   không hoàn thành kế hoạch                0
[2026-07-01 17:19:29] [TASK_8] [INFO]   không đạt kế hoạch                       0
[2026-07-01 17:19:29] [TASK_8] [INFO]   chưa có lãi                              0
[2026-07-01 17:19:29] [TASK_8] [INFO]   không chia cổ tức                        0
[2026-07-01 17:19:29] [TASK_8] [INFO]   hủy cổ tức                               0
[2026-07-01 17:19:29] [TASK_8] [INFO]   giảm cổ tức                              0
[2026-07-01 17:19:29] [TASK_8] [INFO]   phát hành pha loãng                      0
[2026-07-01 17:19:29] [TASK_8] [INFO]   chào bán giá thấp                        0
[2026-07-01 17:19:29] [TASK_8] [INFO]   nợ vay tăng                              0
[2026-07-01 17:19:29] [TASK_8] [INFO]   nợ quá hạn                               0
[2026-07-01 17:19:29] [TASK_8] [INFO]   hệ số nợ cao                             0
[2026-07-01 17:19:29] [TASK_8] [INFO]   thiếu thanh khoản                        0
[2026-07-01 17:19:29] [TASK_8] [INFO]   thu hẹp hoạt động                        0
[2026-07-01 17:19:29] [TASK_8] [INFO]   dừng dự án                               0
[2026-07-01 17:19:29] [TASK_8] [INFO]   bị kiểm toán từ chối                     0
[2026-07-01 17:19:29] [TASK_8] [INFO]   cảnh báo                                 0
[2026-07-01 17:19:29] [TASK_8] [INFO]   đình chỉ                                 0
[2026-07-01 17:19:29] [TASK_8] [INFO]   khởi tố                                  0
[2026-07-01 17:19:29] [TASK_8] [INFO]   điều tra                                 0
[2026-07-01 17:19:29] [TASK_8] [INFO]   tranh chấp pháp lý                       0
[2026-07-01 17:19:29] [TASK_8] [INFO]   bị kiện                                  0
[2026-07-01 17:19:29] [TASK_8] [INFO] 
--- NEUTRAL keywords (9) ---
[2026-07-01 17:19:29] [TASK_8] [INFO]   đại hội cổ đông                          1
[2026-07-01 17:19:29] [TASK_8] [INFO]   thay đổi lãnh đạo                        1
[2026-07-01 17:19:29] [TASK_8] [INFO]   sáp nhập                                 1
[2026-07-01 17:19:29] [TASK_8] [INFO]   mua lại                                  1
[2026-07-01 17:19:29] [TASK_8] [INFO]   phát hành cổ phiếu mới                   1
[2026-07-01 17:19:29] [TASK_8] [INFO]   thoái vốn                                1
[2026-07-01 17:19:29] [TASK_8] [INFO]   họp HĐQT                                 0
[2026-07-01 17:19:29] [TASK_8] [INFO]   thay CEO                                 0
[2026-07-01 17:19:29] [TASK_8] [INFO]   niêm yết thêm                            0
[2026-07-01 17:19:29] [TASK_8] [INFO] 
Total keyword occurrences in corpus: 34
[2026-07-01 17:19:29] [TASK_8] [INFO] Keywords with zero occurrences: 72 / 106
[2026-07-01 17:19:29] [TASK_8] [INFO] ======================================================================
[2026-07-01 17:19:29] [TASK_8] [INFO] Keyword Builder (TASK 8) complete.
[2026-07-01 17:19:29] [TASK_8] [INFO] Starting Keyword Builder (TASK 8)...
[2026-07-01 17:19:29] [TASK_8] [INFO] Loaded 23 stopwords.
[2026-07-01 17:19:29] [TASK_8] [INFO] No corpus provided — skipping candidate extraction.
[2026-07-01 17:19:29] [TASK_8] [INFO] Curated keyword list: 43 positive, 54 negative, 9 neutral (total: 106).
[2026-07-01 17:19:29] [TASK_8] [INFO] Saved flat keyword list to C:\Users\User\AppData\Local\Temp\tmpy1zy22dv\keywords_finance.json.
[2026-07-01 17:19:29] [TASK_8] [INFO] Saved group-level keyword breakdown to C:\Users\User\AppData\Local\Temp\tmpy1zy22dv\keywords_by_group.json.
[2026-07-01 17:19:29] [TASK_8] [INFO] No corpus provided — skipping frequency report.
[2026-07-01 17:19:29] [TASK_8] [INFO] Keyword Builder (TASK 8) complete.
[2026-07-01 17:31:11] [TASK_8] [INFO] ============================================================
[2026-07-01 17:31:11] [TASK_8] [INFO] START TASK_8: Keyword Building (curate financial keywords)
[2026-07-01 17:31:11] [TASK_8] [INFO] Timestamp: 2026-07-01T17:31:11.202091
[2026-07-01 17:31:11] [TASK_8] [INFO] ============================================================
[2026-07-01 17:31:11] [TASK_8] [INFO] Input: data/news/processed/all_news_processed.csv (34979 rows)
[2026-07-01 17:31:11] [TASK_8] [INFO] ------------------------------------------------------------
[2026-07-01 17:31:11] [TASK_8] [INFO] END TASK_8 — completed in 0.0 seconds
[2026-07-01 17:31:11] [TASK_8] [INFO] ============================================================
[2026-07-01 17:31:11] [TASK_8] [INFO] ============================================================
[2026-07-01 17:31:11] [TASK_8] [INFO] START TASK_8: Keyword Building (curate financial keywords)
[2026-07-01 17:31:11] [TASK_8] [INFO] Timestamp: 2026-07-01T17:31:11.973180
[2026-07-01 17:31:11] [TASK_8] [INFO] ============================================================
[2026-07-01 17:31:12] [TASK_8] [INFO] Input: data/news/processed/all_news_processed.csv (34979 rows)
[2026-07-01 17:31:12] [TASK_8] [INFO] ------------------------------------------------------------
[2026-07-01 17:31:12] [TASK_8] [INFO] END TASK_8 — completed in 0.0 seconds
[2026-07-01 17:31:12] [TASK_8] [INFO] ============================================================
[2026-07-01 17:31:30] [TASK_8] [INFO] Starting Keyword Builder (TASK 8)...
[2026-07-01 17:31:30] [TASK_8] [INFO] Loaded 23 stopwords.
[2026-07-01 17:31:30] [TASK_8] [INFO] Extracting keyword candidates from 10 documents...
[2026-07-01 17:31:30] [TASK_8] [INFO] Saved 176 keyword candidates to C:\Users\User\AppData\Local\Temp\tmp0h5lqdq4\keyword_candidates.csv (unigrams: 83, bigrams: 93).
[2026-07-01 17:31:30] [TASK_8] [INFO] Curated keyword list: 43 positive, 54 negative, 9 neutral (total: 106).
[2026-07-01 17:31:30] [TASK_8] [INFO] Saved flat keyword list to C:\Users\User\AppData\Local\Temp\tmp0h5lqdq4\keywords_finance.json.
[2026-07-01 17:31:30] [TASK_8] [INFO] Saved group-level keyword breakdown to C:\Users\User\AppData\Local\Temp\tmp0h5lqdq4\keywords_by_group.json.
[2026-07-01 17:31:30] [TASK_8] [INFO] ======================================================================
[2026-07-01 17:31:30] [TASK_8] [INFO] KEYWORD CORPUS FREQUENCY REPORT
[2026-07-01 17:31:30] [TASK_8] [INFO] ======================================================================
[2026-07-01 17:31:30] [TASK_8] [INFO] 
--- POSITIVE keywords (43) ---
[2026-07-01 17:31:30] [TASK_8] [INFO]   lợi nhuận tăng                           1
[2026-07-01 17:31:30] [TASK_8] [INFO]   doanh thu tăng                           1
[2026-07-01 17:31:30] [TASK_8] [INFO]   kỷ lục                                   1
[2026-07-01 17:31:30] [TASK_8] [INFO]   tăng trưởng                              1
[2026-07-01 17:31:30] [TASK_8] [INFO]   tăng mạnh                                1
[2026-07-01 17:31:30] [TASK_8] [INFO]   chia cổ tức                              1
[2026-07-01 17:31:30] [TASK_8] [INFO]   cổ tức cao                               1
[2026-07-01 17:31:30] [TASK_8] [INFO]   cổ tức tiền mặt                          1
[2026-07-01 17:31:30] [TASK_8] [INFO]   giảm nợ                                  1
[2026-07-01 17:31:30] [TASK_8] [INFO]   trả nợ                                   1
[2026-07-01 17:31:30] [TASK_8] [INFO]   cải thiện tài chính                      1
[2026-07-01 17:31:30] [TASK_8] [INFO]   dòng tiền dương                          1
[2026-07-01 17:31:30] [TASK_8] [INFO]   ký kết hợp đồng                          1
[2026-07-01 17:31:30] [TASK_8] [INFO]   mở rộng thị trường                       1
[2026-07-01 17:31:30] [TASK_8] [INFO]   xuất khẩu tăng                           1
[2026-07-01 17:31:30] [TASK_8] [INFO]   tăng trưởng mạnh                         0
[2026-07-01 17:31:30] [TASK_8] [INFO]   vượt kế hoạch                            0
[2026-07-01 17:31:30] [TASK_8] [INFO]   lãi ròng                                 0
[2026-07-01 17:31:30] [TASK_8] [INFO]   lợi nhuận sau thuế tăng                  0
[2026-07-01 17:31:30] [TASK_8] [INFO]   kết quả tích cực                         0
[2026-07-01 17:31:30] [TASK_8] [INFO]   lãi khủng                                0
[2026-07-01 17:31:30] [TASK_8] [INFO]   lãi lớn                                  0
[2026-07-01 17:31:30] [TASK_8] [INFO]   lãi đậm                                  0
[2026-07-01 17:31:30] [TASK_8] [INFO]   báo lãi                                  0
[2026-07-01 17:31:30] [TASK_8] [INFO]   lợi nhuận kỷ lục                         0
[2026-07-01 17:31:30] [TASK_8] [INFO]   doanh thu kỷ lục                         0
[2026-07-01 17:31:30] [TASK_8] [INFO]   lãi kỷ lục                               0
[2026-07-01 17:31:30] [TASK_8] [INFO]   bứt phá                                  0
[2026-07-01 17:31:30] [TASK_8] [INFO]   tăng vọt                                 0
[2026-07-01 17:31:30] [TASK_8] [INFO]   khởi sắc                                 0
[2026-07-01 17:31:30] [TASK_8] [INFO]   phục hồi                                 0
[2026-07-01 17:31:30] [TASK_8] [INFO]   lập đỉnh                                 0
[2026-07-01 17:31:30] [TASK_8] [INFO]   hoàn thành kế hoạch                      0
[2026-07-01 17:31:30] [TASK_8] [INFO]   lợi nhuận cải thiện                      0
[2026-07-01 17:31:30] [TASK_8] [INFO]   mua lại cổ phiếu                         0
[2026-07-01 17:31:30] [TASK_8] [INFO]   phát hành thưởng                         0
[2026-07-01 17:31:30] [TASK_8] [INFO]   tăng vốn điều lệ                         0
[2026-07-01 17:31:30] [TASK_8] [INFO]   hệ số an toàn vốn                        0
[2026-07-01 17:31:30] [TASK_8] [INFO]   tiền mặt dồi dào                         0
[2026-07-01 17:31:30] [TASK_8] [INFO]   dự án mới                                0
[2026-07-01 17:31:30] [TASK_8] [INFO]   đầu tư mới                               0
[2026-07-01 17:31:30] [TASK_8] [INFO]   hợp tác chiến lược                       0
[2026-07-01 17:31:30] [TASK_8] [INFO]   thắng thầu                               0
[2026-07-01 17:31:30] [TASK_8] [INFO] 
--- NEGATIVE keywords (54) ---
[2026-07-01 17:31:30] [TASK_8] [INFO]   lợi nhuận giảm                           1
[2026-07-01 17:31:30] [TASK_8] [INFO]   doanh thu giảm                           1
[2026-07-01 17:31:30] [TASK_8] [INFO]   sụt giảm                                 1
[2026-07-01 17:31:30] [TASK_8] [INFO]   giảm mạnh                                1
[2026-07-01 17:31:30] [TASK_8] [INFO]   nợ xấu                                   1
[2026-07-01 17:31:30] [TASK_8] [INFO]   áp lực tài chính                         1
[2026-07-01 17:31:30] [TASK_8] [INFO]   dòng tiền âm                             1
[2026-07-01 17:31:30] [TASK_8] [INFO]   hủy hợp đồng                             1
[2026-07-01 17:31:30] [TASK_8] [INFO]   dự án trì hoãn                           1
[2026-07-01 17:31:30] [TASK_8] [INFO]   đóng cửa                                 1
[2026-07-01 17:31:30] [TASK_8] [INFO]   bị phạt                                  1
[2026-07-01 17:31:30] [TASK_8] [INFO]   vi phạm                                  1
[2026-07-01 17:31:30] [TASK_8] [INFO]   bị thanh tra                             1
[2026-07-01 17:31:30] [TASK_8] [INFO]   lợi nhuận âm                             0
[2026-07-01 17:31:30] [TASK_8] [INFO]   thua lỗ                                  0
[2026-07-01 17:31:30] [TASK_8] [INFO]   lỗ ròng                                  0
[2026-07-01 17:31:30] [TASK_8] [INFO]   dưới kế hoạch                            0
[2026-07-01 17:31:30] [TASK_8] [INFO]   kết quả tiêu cực                         0
[2026-07-01 17:31:30] [TASK_8] [INFO]   lợi nhuận thấp hơn                       0
[2026-07-01 17:31:30] [TASK_8] [INFO]   báo lỗ                                   0
[2026-07-01 17:31:30] [TASK_8] [INFO]   lỗ nặng                                  0
[2026-07-01 17:31:30] [TASK_8] [INFO]   lỗ lớn                                   0
[2026-07-01 17:31:30] [TASK_8] [INFO]   lỗ kỷ lục                                0
[2026-07-01 17:31:30] [TASK_8] [INFO]   lỗ lũy kế                                0
[2026-07-01 17:31:30] [TASK_8] [INFO]   lao dốc                                  0
[2026-07-01 17:31:30] [TASK_8] [INFO]   giảm sâu                                 0
[2026-07-01 17:31:30] [TASK_8] [INFO]   tụt dốc                                  0
[2026-07-01 17:31:30] [TASK_8] [INFO]   kinh doanh sa sút                        0
[2026-07-01 17:31:30] [TASK_8] [INFO]   âm vốn chủ sở hữu                        0
[2026-07-01 17:31:30] [TASK_8] [INFO]   lợi nhuận không tăng                     0
[2026-07-01 17:31:30] [TASK_8] [INFO]   doanh thu không tăng                     0
[2026-07-01 17:31:30] [TASK_8] [INFO]   không tăng trưởng                        0
[2026-07-01 17:31:30] [TASK_8] [INFO]   tăng trưởng chậm lại                     0
[2026-07-01 17:31:30] [TASK_8] [INFO]   không hoàn thành kế hoạch                0
[2026-07-01 17:31:30] [TASK_8] [INFO]   không đạt kế hoạch                       0
[2026-07-01 17:31:30] [TASK_8] [INFO]   chưa có lãi                              0
[2026-07-01 17:31:30] [TASK_8] [INFO]   không chia cổ tức                        0
[2026-07-01 17:31:30] [TASK_8] [INFO]   hủy cổ tức                               0
[2026-07-01 17:31:30] [TASK_8] [INFO]   giảm cổ tức                              0
[2026-07-01 17:31:30] [TASK_8] [INFO]   phát hành pha loãng                      0
[2026-07-01 17:31:30] [TASK_8] [INFO]   chào bán giá thấp                        0
[2026-07-01 17:31:30] [TASK_8] [INFO]   nợ vay tăng                              0
[2026-07-01 17:31:30] [TASK_8] [INFO]   nợ quá hạn                               0
[2026-07-01 17:31:30] [TASK_8] [INFO]   hệ số nợ cao                             0
[2026-07-01 17:31:30] [TASK_8] [INFO]   thiếu thanh khoản                        0
[2026-07-01 17:31:30] [TASK_8] [INFO]   thu hẹp hoạt động                        0
[2026-07-01 17:31:30] [TASK_8] [INFO]   dừng dự án                               0
[2026-07-01 17:31:30] [TASK_8] [INFO]   bị kiểm toán từ chối                     0
[2026-07-01 17:31:30] [TASK_8] [INFO]   cảnh báo                                 0
[2026-07-01 17:31:30] [TASK_8] [INFO]   đình chỉ                                 0
[2026-07-01 17:31:30] [TASK_8] [INFO]   khởi tố                                  0
[2026-07-01 17:31:30] [TASK_8] [INFO]   điều tra                                 0
[2026-07-01 17:31:30] [TASK_8] [INFO]   tranh chấp pháp lý                       0
[2026-07-01 17:31:30] [TASK_8] [INFO]   bị kiện                                  0
[2026-07-01 17:31:30] [TASK_8] [INFO] 
--- NEUTRAL keywords (9) ---
[2026-07-01 17:31:30] [TASK_8] [INFO]   đại hội cổ đông                          1
[2026-07-01 17:31:30] [TASK_8] [INFO]   thay đổi lãnh đạo                        1
[2026-07-01 17:31:30] [TASK_8] [INFO]   sáp nhập                                 1
[2026-07-01 17:31:30] [TASK_8] [INFO]   mua lại                                  1
[2026-07-01 17:31:30] [TASK_8] [INFO]   phát hành cổ phiếu mới                   1
[2026-07-01 17:31:30] [TASK_8] [INFO]   thoái vốn                                1
[2026-07-01 17:31:30] [TASK_8] [INFO]   họp HĐQT                                 0
[2026-07-01 17:31:30] [TASK_8] [INFO]   thay CEO                                 0
[2026-07-01 17:31:30] [TASK_8] [INFO]   niêm yết thêm                            0
[2026-07-01 17:31:30] [TASK_8] [INFO] 
Total keyword occurrences in corpus: 34
[2026-07-01 17:31:30] [TASK_8] [INFO] Keywords with zero occurrences: 72 / 106
[2026-07-01 17:31:30] [TASK_8] [INFO] ======================================================================
[2026-07-01 17:31:30] [TASK_8] [INFO] Keyword Builder (TASK 8) complete.
[2026-07-01 17:31:30] [TASK_8] [INFO] Starting Keyword Builder (TASK 8)...
[2026-07-01 17:31:30] [TASK_8] [INFO] Loaded 23 stopwords.
[2026-07-01 17:31:30] [TASK_8] [INFO] Extracting keyword candidates from 10 documents...
[2026-07-01 17:31:30] [TASK_8] [INFO] Saved 176 keyword candidates to C:\Users\User\AppData\Local\Temp\tmp7w2hjkzp\keyword_candidates.csv (unigrams: 83, bigrams: 93).
[2026-07-01 17:31:30] [TASK_8] [INFO] Curated keyword list: 43 positive, 54 negative, 9 neutral (total: 106).
[2026-07-01 17:31:30] [TASK_8] [INFO] Saved flat keyword list to C:\Users\User\AppData\Local\Temp\tmp7w2hjkzp\keywords_finance.json.
[2026-07-01 17:31:30] [TASK_8] [INFO] Saved group-level keyword breakdown to C:\Users\User\AppData\Local\Temp\tmp7w2hjkzp\keywords_by_group.json.
[2026-07-01 17:31:30] [TASK_8] [INFO] ======================================================================
[2026-07-01 17:31:30] [TASK_8] [INFO] KEYWORD CORPUS FREQUENCY REPORT
[2026-07-01 17:31:30] [TASK_8] [INFO] ======================================================================
[2026-07-01 17:31:30] [TASK_8] [INFO] 
--- POSITIVE keywords (43) ---
[2026-07-01 17:31:30] [TASK_8] [INFO]   lợi nhuận tăng                           1
[2026-07-01 17:31:30] [TASK_8] [INFO]   doanh thu tăng                           1
[2026-07-01 17:31:30] [TASK_8] [INFO]   kỷ lục                                   1
[2026-07-01 17:31:30] [TASK_8] [INFO]   tăng trưởng                              1
[2026-07-01 17:31:30] [TASK_8] [INFO]   tăng mạnh                                1
[2026-07-01 17:31:30] [TASK_8] [INFO]   chia cổ tức                              1
[2026-07-01 17:31:30] [TASK_8] [INFO]   cổ tức cao                               1
[2026-07-01 17:31:30] [TASK_8] [INFO]   cổ tức tiền mặt                          1
[2026-07-01 17:31:30] [TASK_8] [INFO]   giảm nợ                                  1
[2026-07-01 17:31:30] [TASK_8] [INFO]   trả nợ                                   1
[2026-07-01 17:31:30] [TASK_8] [INFO]   cải thiện tài chính                      1
[2026-07-01 17:31:30] [TASK_8] [INFO]   dòng tiền dương                          1
[2026-07-01 17:31:30] [TASK_8] [INFO]   ký kết hợp đồng                          1
[2026-07-01 17:31:30] [TASK_8] [INFO]   mở rộng thị trường                       1
[2026-07-01 17:31:30] [TASK_8] [INFO]   xuất khẩu tăng                           1
[2026-07-01 17:31:30] [TASK_8] [INFO]   tăng trưởng mạnh                         0
[2026-07-01 17:31:30] [TASK_8] [INFO]   vượt kế hoạch                            0
[2026-07-01 17:31:30] [TASK_8] [INFO]   lãi ròng                                 0
[2026-07-01 17:31:30] [TASK_8] [INFO]   lợi nhuận sau thuế tăng                  0
[2026-07-01 17:31:30] [TASK_8] [INFO]   kết quả tích cực                         0
[2026-07-01 17:31:30] [TASK_8] [INFO]   lãi khủng                                0
[2026-07-01 17:31:30] [TASK_8] [INFO]   lãi lớn                                  0
[2026-07-01 17:31:30] [TASK_8] [INFO]   lãi đậm                                  0
[2026-07-01 17:31:30] [TASK_8] [INFO]   báo lãi                                  0
[2026-07-01 17:31:30] [TASK_8] [INFO]   lợi nhuận kỷ lục                         0
[2026-07-01 17:31:30] [TASK_8] [INFO]   doanh thu kỷ lục                         0
[2026-07-01 17:31:30] [TASK_8] [INFO]   lãi kỷ lục                               0
[2026-07-01 17:31:30] [TASK_8] [INFO]   bứt phá                                  0
[2026-07-01 17:31:30] [TASK_8] [INFO]   tăng vọt                                 0
[2026-07-01 17:31:30] [TASK_8] [INFO]   khởi sắc                                 0
[2026-07-01 17:31:30] [TASK_8] [INFO]   phục hồi                                 0
[2026-07-01 17:31:30] [TASK_8] [INFO]   lập đỉnh                                 0
[2026-07-01 17:31:30] [TASK_8] [INFO]   hoàn thành kế hoạch                      0
[2026-07-01 17:31:30] [TASK_8] [INFO]   lợi nhuận cải thiện                      0
[2026-07-01 17:31:30] [TASK_8] [INFO]   mua lại cổ phiếu                         0
[2026-07-01 17:31:30] [TASK_8] [INFO]   phát hành thưởng                         0
[2026-07-01 17:31:30] [TASK_8] [INFO]   tăng vốn điều lệ                         0
[2026-07-01 17:31:30] [TASK_8] [INFO]   hệ số an toàn vốn                        0
[2026-07-01 17:31:30] [TASK_8] [INFO]   tiền mặt dồi dào                         0
[2026-07-01 17:31:30] [TASK_8] [INFO]   dự án mới                                0
[2026-07-01 17:31:30] [TASK_8] [INFO]   đầu tư mới                               0
[2026-07-01 17:31:30] [TASK_8] [INFO]   hợp tác chiến lược                       0
[2026-07-01 17:31:30] [TASK_8] [INFO]   thắng thầu                               0
[2026-07-01 17:31:30] [TASK_8] [INFO] 
--- NEGATIVE keywords (54) ---
[2026-07-01 17:31:30] [TASK_8] [INFO]   lợi nhuận giảm                           1
[2026-07-01 17:31:30] [TASK_8] [INFO]   doanh thu giảm                           1
[2026-07-01 17:31:30] [TASK_8] [INFO]   sụt giảm                                 1
[2026-07-01 17:31:30] [TASK_8] [INFO]   giảm mạnh                                1
[2026-07-01 17:31:30] [TASK_8] [INFO]   nợ xấu                                   1
[2026-07-01 17:31:30] [TASK_8] [INFO]   áp lực tài chính                         1
[2026-07-01 17:31:30] [TASK_8] [INFO]   dòng tiền âm                             1
[2026-07-01 17:31:30] [TASK_8] [INFO]   hủy hợp đồng                             1
[2026-07-01 17:31:30] [TASK_8] [INFO]   dự án trì hoãn                           1
[2026-07-01 17:31:30] [TASK_8] [INFO]   đóng cửa                                 1
[2026-07-01 17:31:30] [TASK_8] [INFO]   bị phạt                                  1
[2026-07-01 17:31:30] [TASK_8] [INFO]   vi phạm                                  1
[2026-07-01 17:31:30] [TASK_8] [INFO]   bị thanh tra                             1
[2026-07-01 17:31:30] [TASK_8] [INFO]   lợi nhuận âm                             0
[2026-07-01 17:31:30] [TASK_8] [INFO]   thua lỗ                                  0
[2026-07-01 17:31:30] [TASK_8] [INFO]   lỗ ròng                                  0
[2026-07-01 17:31:30] [TASK_8] [INFO]   dưới kế hoạch                            0
[2026-07-01 17:31:30] [TASK_8] [INFO]   kết quả tiêu cực                         0
[2026-07-01 17:31:30] [TASK_8] [INFO]   lợi nhuận thấp hơn                       0
[2026-07-01 17:31:30] [TASK_8] [INFO]   báo lỗ                                   0
[2026-07-01 17:31:30] [TASK_8] [INFO]   lỗ nặng                                  0
[2026-07-01 17:31:30] [TASK_8] [INFO]   lỗ lớn                                   0
[2026-07-01 17:31:30] [TASK_8] [INFO]   lỗ kỷ lục                                0
[2026-07-01 17:31:30] [TASK_8] [INFO]   lỗ lũy kế                                0
[2026-07-01 17:31:30] [TASK_8] [INFO]   lao dốc                                  0
[2026-07-01 17:31:30] [TASK_8] [INFO]   giảm sâu                                 0
[2026-07-01 17:31:30] [TASK_8] [INFO]   tụt dốc                                  0
[2026-07-01 17:31:30] [TASK_8] [INFO]   kinh doanh sa sút                        0
[2026-07-01 17:31:30] [TASK_8] [INFO]   âm vốn chủ sở hữu                        0
[2026-07-01 17:31:30] [TASK_8] [INFO]   lợi nhuận không tăng                     0
[2026-07-01 17:31:30] [TASK_8] [INFO]   doanh thu không tăng                     0
[2026-07-01 17:31:30] [TASK_8] [INFO]   không tăng trưởng                        0
[2026-07-01 17:31:30] [TASK_8] [INFO]   tăng trưởng chậm lại                     0
[2026-07-01 17:31:30] [TASK_8] [INFO]   không hoàn thành kế hoạch                0
[2026-07-01 17:31:30] [TASK_8] [INFO]   không đạt kế hoạch                       0
[2026-07-01 17:31:30] [TASK_8] [INFO]   chưa có lãi                              0
[2026-07-01 17:31:30] [TASK_8] [INFO]   không chia cổ tức                        0
[2026-07-01 17:31:30] [TASK_8] [INFO]   hủy cổ tức                               0
[2026-07-01 17:31:30] [TASK_8] [INFO]   giảm cổ tức                              0
[2026-07-01 17:31:30] [TASK_8] [INFO]   phát hành pha loãng                      0
[2026-07-01 17:31:30] [TASK_8] [INFO]   chào bán giá thấp                        0
[2026-07-01 17:31:30] [TASK_8] [INFO]   nợ vay tăng                              0
[2026-07-01 17:31:30] [TASK_8] [INFO]   nợ quá hạn                               0
[2026-07-01 17:31:30] [TASK_8] [INFO]   hệ số nợ cao                             0
[2026-07-01 17:31:30] [TASK_8] [INFO]   thiếu thanh khoản                        0
[2026-07-01 17:31:30] [TASK_8] [INFO]   thu hẹp hoạt động                        0
[2026-07-01 17:31:30] [TASK_8] [INFO]   dừng dự án                               0
[2026-07-01 17:31:30] [TASK_8] [INFO]   bị kiểm toán từ chối                     0
[2026-07-01 17:31:30] [TASK_8] [INFO]   cảnh báo                                 0
[2026-07-01 17:31:30] [TASK_8] [INFO]   đình chỉ                                 0
[2026-07-01 17:31:30] [TASK_8] [INFO]   khởi tố                                  0
[2026-07-01 17:31:30] [TASK_8] [INFO]   điều tra                                 0
[2026-07-01 17:31:30] [TASK_8] [INFO]   tranh chấp pháp lý                       0
[2026-07-01 17:31:30] [TASK_8] [INFO]   bị kiện                                  0
[2026-07-01 17:31:30] [TASK_8] [INFO] 
--- NEUTRAL keywords (9) ---
[2026-07-01 17:31:30] [TASK_8] [INFO]   đại hội cổ đông                          1
[2026-07-01 17:31:30] [TASK_8] [INFO]   thay đổi lãnh đạo                        1
[2026-07-01 17:31:30] [TASK_8] [INFO]   sáp nhập                                 1
[2026-07-01 17:31:30] [TASK_8] [INFO]   mua lại                                  1
[2026-07-01 17:31:30] [TASK_8] [INFO]   phát hành cổ phiếu mới                   1
[2026-07-01 17:31:30] [TASK_8] [INFO]   thoái vốn                                1
[2026-07-01 17:31:30] [TASK_8] [INFO]   họp HĐQT                                 0
[2026-07-01 17:31:30] [TASK_8] [INFO]   thay CEO                                 0
[2026-07-01 17:31:30] [TASK_8] [INFO]   niêm yết thêm                            0
[2026-07-01 17:31:30] [TASK_8] [INFO] 
Total keyword occurrences in corpus: 34
[2026-07-01 17:31:30] [TASK_8] [INFO] Keywords with zero occurrences: 72 / 106
[2026-07-01 17:31:30] [TASK_8] [INFO] ======================================================================
[2026-07-01 17:31:30] [TASK_8] [INFO] Keyword Builder (TASK 8) complete.
[2026-07-01 17:31:30] [TASK_8] [INFO] Starting Keyword Builder (TASK 8)...
[2026-07-01 17:31:30] [TASK_8] [INFO] Loaded 23 stopwords.
[2026-07-01 17:31:30] [TASK_8] [INFO] No corpus provided — skipping candidate extraction.
[2026-07-01 17:31:30] [TASK_8] [INFO] Curated keyword list: 43 positive, 54 negative, 9 neutral (total: 106).
[2026-07-01 17:31:31] [TASK_8] [INFO] Saved flat keyword list to C:\Users\User\AppData\Local\Temp\tmpw21tkixo\keywords_finance.json.
[2026-07-01 17:31:31] [TASK_8] [INFO] Saved group-level keyword breakdown to C:\Users\User\AppData\Local\Temp\tmpw21tkixo\keywords_by_group.json.
[2026-07-01 17:31:31] [TASK_8] [INFO] No corpus provided — skipping frequency report.
[2026-07-01 17:31:31] [TASK_8] [INFO] Keyword Builder (TASK 8) complete.
[2026-07-01 17:34:05] [TASK_8] [INFO] ============================================================
[2026-07-01 17:34:05] [TASK_8] [INFO] START TASK_8: Keyword Building (curate financial keywords)
[2026-07-01 17:34:05] [TASK_8] [INFO] Timestamp: 2026-07-01T17:34:05.130362
[2026-07-01 17:34:05] [TASK_8] [INFO] ============================================================
[2026-07-01 17:34:05] [TASK_8] [INFO] Input: data/news/processed/all_news_processed.csv (34979 rows)
[2026-07-01 17:34:05] [TASK_8] [INFO] ------------------------------------------------------------
[2026-07-01 17:34:05] [TASK_8] [INFO] END TASK_8 — completed in 0.0 seconds
[2026-07-01 17:34:05] [TASK_8] [INFO] ============================================================
[2026-07-01 17:34:05] [TASK_8] [INFO] ============================================================
[2026-07-01 17:34:05] [TASK_8] [INFO] START TASK_8: Keyword Building (curate financial keywords)
[2026-07-01 17:34:05] [TASK_8] [INFO] Timestamp: 2026-07-01T17:34:05.855131
[2026-07-01 17:34:05] [TASK_8] [INFO] ============================================================
[2026-07-01 17:34:06] [TASK_8] [INFO] Input: data/news/processed/all_news_processed.csv (34979 rows)
[2026-07-01 17:34:06] [TASK_8] [INFO] ------------------------------------------------------------
[2026-07-01 17:34:06] [TASK_8] [INFO] END TASK_8 — completed in 0.0 seconds
[2026-07-01 17:34:06] [TASK_8] [INFO] ============================================================
[2026-07-01 17:34:23] [TASK_8] [INFO] Starting Keyword Builder (TASK 8)...
[2026-07-01 17:34:23] [TASK_8] [INFO] Loaded 23 stopwords.
[2026-07-01 17:34:23] [TASK_8] [INFO] Extracting keyword candidates from 10 documents...
[2026-07-01 17:34:23] [TASK_8] [INFO] Saved 176 keyword candidates to C:\Users\User\AppData\Local\Temp\tmpa_1a_2d_\keyword_candidates.csv (unigrams: 83, bigrams: 93).
[2026-07-01 17:34:23] [TASK_8] [INFO] Curated keyword list: 43 positive, 54 negative, 9 neutral (total: 106).
[2026-07-01 17:34:23] [TASK_8] [INFO] Saved flat keyword list to C:\Users\User\AppData\Local\Temp\tmpa_1a_2d_\keywords_finance.json.
[2026-07-01 17:34:23] [TASK_8] [INFO] Saved group-level keyword breakdown to C:\Users\User\AppData\Local\Temp\tmpa_1a_2d_\keywords_by_group.json.
[2026-07-01 17:34:23] [TASK_8] [INFO] ======================================================================
[2026-07-01 17:34:23] [TASK_8] [INFO] KEYWORD CORPUS FREQUENCY REPORT
[2026-07-01 17:34:23] [TASK_8] [INFO] ======================================================================
[2026-07-01 17:34:23] [TASK_8] [INFO] 
--- POSITIVE keywords (43) ---
[2026-07-01 17:34:23] [TASK_8] [INFO]   lợi nhuận tăng                           1
[2026-07-01 17:34:23] [TASK_8] [INFO]   doanh thu tăng                           1
[2026-07-01 17:34:23] [TASK_8] [INFO]   kỷ lục                                   1
[2026-07-01 17:34:23] [TASK_8] [INFO]   tăng trưởng                              1
[2026-07-01 17:34:23] [TASK_8] [INFO]   tăng mạnh                                1
[2026-07-01 17:34:23] [TASK_8] [INFO]   chia cổ tức                              1
[2026-07-01 17:34:23] [TASK_8] [INFO]   cổ tức cao                               1
[2026-07-01 17:34:23] [TASK_8] [INFO]   cổ tức tiền mặt                          1
[2026-07-01 17:34:23] [TASK_8] [INFO]   giảm nợ                                  1
[2026-07-01 17:34:23] [TASK_8] [INFO]   trả nợ                                   1
[2026-07-01 17:34:23] [TASK_8] [INFO]   cải thiện tài chính                      1
[2026-07-01 17:34:23] [TASK_8] [INFO]   dòng tiền dương                          1
[2026-07-01 17:34:23] [TASK_8] [INFO]   ký kết hợp đồng                          1
[2026-07-01 17:34:23] [TASK_8] [INFO]   mở rộng thị trường                       1
[2026-07-01 17:34:23] [TASK_8] [INFO]   xuất khẩu tăng                           1
[2026-07-01 17:34:23] [TASK_8] [INFO]   tăng trưởng mạnh                         0
[2026-07-01 17:34:23] [TASK_8] [INFO]   vượt kế hoạch                            0
[2026-07-01 17:34:23] [TASK_8] [INFO]   lãi ròng                                 0
[2026-07-01 17:34:23] [TASK_8] [INFO]   lợi nhuận sau thuế tăng                  0
[2026-07-01 17:34:23] [TASK_8] [INFO]   kết quả tích cực                         0
[2026-07-01 17:34:23] [TASK_8] [INFO]   lãi khủng                                0
[2026-07-01 17:34:23] [TASK_8] [INFO]   lãi lớn                                  0
[2026-07-01 17:34:23] [TASK_8] [INFO]   lãi đậm                                  0
[2026-07-01 17:34:23] [TASK_8] [INFO]   báo lãi                                  0
[2026-07-01 17:34:23] [TASK_8] [INFO]   lợi nhuận kỷ lục                         0
[2026-07-01 17:34:23] [TASK_8] [INFO]   doanh thu kỷ lục                         0
[2026-07-01 17:34:23] [TASK_8] [INFO]   lãi kỷ lục                               0
[2026-07-01 17:34:23] [TASK_8] [INFO]   bứt phá                                  0
[2026-07-01 17:34:23] [TASK_8] [INFO]   tăng vọt                                 0
[2026-07-01 17:34:23] [TASK_8] [INFO]   khởi sắc                                 0
[2026-07-01 17:34:23] [TASK_8] [INFO]   phục hồi                                 0
[2026-07-01 17:34:23] [TASK_8] [INFO]   lập đỉnh                                 0
[2026-07-01 17:34:23] [TASK_8] [INFO]   hoàn thành kế hoạch                      0
[2026-07-01 17:34:23] [TASK_8] [INFO]   lợi nhuận cải thiện                      0
[2026-07-01 17:34:23] [TASK_8] [INFO]   mua lại cổ phiếu                         0
[2026-07-01 17:34:23] [TASK_8] [INFO]   phát hành thưởng                         0
[2026-07-01 17:34:23] [TASK_8] [INFO]   tăng vốn điều lệ                         0
[2026-07-01 17:34:23] [TASK_8] [INFO]   hệ số an toàn vốn                        0
[2026-07-01 17:34:23] [TASK_8] [INFO]   tiền mặt dồi dào                         0
[2026-07-01 17:34:23] [TASK_8] [INFO]   dự án mới                                0
[2026-07-01 17:34:23] [TASK_8] [INFO]   đầu tư mới                               0
[2026-07-01 17:34:23] [TASK_8] [INFO]   hợp tác chiến lược                       0
[2026-07-01 17:34:23] [TASK_8] [INFO]   thắng thầu                               0
[2026-07-01 17:34:23] [TASK_8] [INFO] 
--- NEGATIVE keywords (54) ---
[2026-07-01 17:34:23] [TASK_8] [INFO]   lợi nhuận giảm                           1
[2026-07-01 17:34:23] [TASK_8] [INFO]   doanh thu giảm                           1
[2026-07-01 17:34:23] [TASK_8] [INFO]   sụt giảm                                 1
[2026-07-01 17:34:23] [TASK_8] [INFO]   giảm mạnh                                1
[2026-07-01 17:34:23] [TASK_8] [INFO]   nợ xấu                                   1
[2026-07-01 17:34:23] [TASK_8] [INFO]   áp lực tài chính                         1
[2026-07-01 17:34:23] [TASK_8] [INFO]   dòng tiền âm                             1
[2026-07-01 17:34:23] [TASK_8] [INFO]   hủy hợp đồng                             1
[2026-07-01 17:34:23] [TASK_8] [INFO]   dự án trì hoãn                           1
[2026-07-01 17:34:23] [TASK_8] [INFO]   đóng cửa                                 1
[2026-07-01 17:34:23] [TASK_8] [INFO]   bị phạt                                  1
[2026-07-01 17:34:23] [TASK_8] [INFO]   vi phạm                                  1
[2026-07-01 17:34:23] [TASK_8] [INFO]   bị thanh tra                             1
[2026-07-01 17:34:23] [TASK_8] [INFO]   lợi nhuận âm                             0
[2026-07-01 17:34:23] [TASK_8] [INFO]   thua lỗ                                  0
[2026-07-01 17:34:23] [TASK_8] [INFO]   lỗ ròng                                  0
[2026-07-01 17:34:23] [TASK_8] [INFO]   dưới kế hoạch                            0
[2026-07-01 17:34:23] [TASK_8] [INFO]   kết quả tiêu cực                         0
[2026-07-01 17:34:23] [TASK_8] [INFO]   lợi nhuận thấp hơn                       0
[2026-07-01 17:34:23] [TASK_8] [INFO]   báo lỗ                                   0
[2026-07-01 17:34:23] [TASK_8] [INFO]   lỗ nặng                                  0
[2026-07-01 17:34:23] [TASK_8] [INFO]   lỗ lớn                                   0
[2026-07-01 17:34:23] [TASK_8] [INFO]   lỗ kỷ lục                                0
[2026-07-01 17:34:23] [TASK_8] [INFO]   lỗ lũy kế                                0
[2026-07-01 17:34:23] [TASK_8] [INFO]   lao dốc                                  0
[2026-07-01 17:34:23] [TASK_8] [INFO]   giảm sâu                                 0
[2026-07-01 17:34:23] [TASK_8] [INFO]   tụt dốc                                  0
[2026-07-01 17:34:23] [TASK_8] [INFO]   kinh doanh sa sút                        0
[2026-07-01 17:34:23] [TASK_8] [INFO]   âm vốn chủ sở hữu                        0
[2026-07-01 17:34:23] [TASK_8] [INFO]   lợi nhuận không tăng                     0
[2026-07-01 17:34:23] [TASK_8] [INFO]   doanh thu không tăng                     0
[2026-07-01 17:34:23] [TASK_8] [INFO]   không tăng trưởng                        0
[2026-07-01 17:34:23] [TASK_8] [INFO]   tăng trưởng chậm lại                     0
[2026-07-01 17:34:23] [TASK_8] [INFO]   không hoàn thành kế hoạch                0
[2026-07-01 17:34:23] [TASK_8] [INFO]   không đạt kế hoạch                       0
[2026-07-01 17:34:23] [TASK_8] [INFO]   chưa có lãi                              0
[2026-07-01 17:34:23] [TASK_8] [INFO]   không chia cổ tức                        0
[2026-07-01 17:34:23] [TASK_8] [INFO]   hủy cổ tức                               0
[2026-07-01 17:34:23] [TASK_8] [INFO]   giảm cổ tức                              0
[2026-07-01 17:34:23] [TASK_8] [INFO]   phát hành pha loãng                      0
[2026-07-01 17:34:23] [TASK_8] [INFO]   chào bán giá thấp                        0
[2026-07-01 17:34:23] [TASK_8] [INFO]   nợ vay tăng                              0
[2026-07-01 17:34:23] [TASK_8] [INFO]   nợ quá hạn                               0
[2026-07-01 17:34:23] [TASK_8] [INFO]   hệ số nợ cao                             0
[2026-07-01 17:34:23] [TASK_8] [INFO]   thiếu thanh khoản                        0
[2026-07-01 17:34:23] [TASK_8] [INFO]   thu hẹp hoạt động                        0
[2026-07-01 17:34:23] [TASK_8] [INFO]   dừng dự án                               0
[2026-07-01 17:34:23] [TASK_8] [INFO]   bị kiểm toán từ chối                     0
[2026-07-01 17:34:23] [TASK_8] [INFO]   cảnh báo                                 0
[2026-07-01 17:34:23] [TASK_8] [INFO]   đình chỉ                                 0
[2026-07-01 17:34:23] [TASK_8] [INFO]   khởi tố                                  0
[2026-07-01 17:34:23] [TASK_8] [INFO]   điều tra                                 0
[2026-07-01 17:34:23] [TASK_8] [INFO]   tranh chấp pháp lý                       0
[2026-07-01 17:34:23] [TASK_8] [INFO]   bị kiện                                  0
[2026-07-01 17:34:23] [TASK_8] [INFO] 
--- NEUTRAL keywords (9) ---
[2026-07-01 17:34:23] [TASK_8] [INFO]   đại hội cổ đông                          1
[2026-07-01 17:34:23] [TASK_8] [INFO]   thay đổi lãnh đạo                        1
[2026-07-01 17:34:23] [TASK_8] [INFO]   sáp nhập                                 1
[2026-07-01 17:34:23] [TASK_8] [INFO]   mua lại                                  1
[2026-07-01 17:34:23] [TASK_8] [INFO]   phát hành cổ phiếu mới                   1
[2026-07-01 17:34:23] [TASK_8] [INFO]   thoái vốn                                1
[2026-07-01 17:34:23] [TASK_8] [INFO]   họp HĐQT                                 0
[2026-07-01 17:34:23] [TASK_8] [INFO]   thay CEO                                 0
[2026-07-01 17:34:23] [TASK_8] [INFO]   niêm yết thêm                            0
[2026-07-01 17:34:23] [TASK_8] [INFO] 
Total keyword occurrences in corpus: 34
[2026-07-01 17:34:23] [TASK_8] [INFO] Keywords with zero occurrences: 72 / 106
[2026-07-01 17:34:23] [TASK_8] [INFO] ======================================================================
[2026-07-01 17:34:23] [TASK_8] [INFO] Keyword Builder (TASK 8) complete.
[2026-07-01 17:34:23] [TASK_8] [INFO] Starting Keyword Builder (TASK 8)...
[2026-07-01 17:34:23] [TASK_8] [INFO] Loaded 23 stopwords.
[2026-07-01 17:34:23] [TASK_8] [INFO] Extracting keyword candidates from 10 documents...
[2026-07-01 17:34:23] [TASK_8] [INFO] Saved 176 keyword candidates to C:\Users\User\AppData\Local\Temp\tmp9yz22v_a\keyword_candidates.csv (unigrams: 83, bigrams: 93).
[2026-07-01 17:34:23] [TASK_8] [INFO] Curated keyword list: 43 positive, 54 negative, 9 neutral (total: 106).
[2026-07-01 17:34:23] [TASK_8] [INFO] Saved flat keyword list to C:\Users\User\AppData\Local\Temp\tmp9yz22v_a\keywords_finance.json.
[2026-07-01 17:34:23] [TASK_8] [INFO] Saved group-level keyword breakdown to C:\Users\User\AppData\Local\Temp\tmp9yz22v_a\keywords_by_group.json.
[2026-07-01 17:34:23] [TASK_8] [INFO] ======================================================================
[2026-07-01 17:34:23] [TASK_8] [INFO] KEYWORD CORPUS FREQUENCY REPORT
[2026-07-01 17:34:23] [TASK_8] [INFO] ======================================================================
[2026-07-01 17:34:23] [TASK_8] [INFO] 
--- POSITIVE keywords (43) ---
[2026-07-01 17:34:23] [TASK_8] [INFO]   lợi nhuận tăng                           1
[2026-07-01 17:34:23] [TASK_8] [INFO]   doanh thu tăng                           1
[2026-07-01 17:34:23] [TASK_8] [INFO]   kỷ lục                                   1
[2026-07-01 17:34:23] [TASK_8] [INFO]   tăng trưởng                              1
[2026-07-01 17:34:23] [TASK_8] [INFO]   tăng mạnh                                1
[2026-07-01 17:34:23] [TASK_8] [INFO]   chia cổ tức                              1
[2026-07-01 17:34:23] [TASK_8] [INFO]   cổ tức cao                               1
[2026-07-01 17:34:23] [TASK_8] [INFO]   cổ tức tiền mặt                          1
[2026-07-01 17:34:23] [TASK_8] [INFO]   giảm nợ                                  1
[2026-07-01 17:34:23] [TASK_8] [INFO]   trả nợ                                   1
[2026-07-01 17:34:23] [TASK_8] [INFO]   cải thiện tài chính                      1
[2026-07-01 17:34:23] [TASK_8] [INFO]   dòng tiền dương                          1
[2026-07-01 17:34:23] [TASK_8] [INFO]   ký kết hợp đồng                          1
[2026-07-01 17:34:23] [TASK_8] [INFO]   mở rộng thị trường                       1
[2026-07-01 17:34:23] [TASK_8] [INFO]   xuất khẩu tăng                           1
[2026-07-01 17:34:23] [TASK_8] [INFO]   tăng trưởng mạnh                         0
[2026-07-01 17:34:23] [TASK_8] [INFO]   vượt kế hoạch                            0
[2026-07-01 17:34:23] [TASK_8] [INFO]   lãi ròng                                 0
[2026-07-01 17:34:23] [TASK_8] [INFO]   lợi nhuận sau thuế tăng                  0
[2026-07-01 17:34:23] [TASK_8] [INFO]   kết quả tích cực                         0
[2026-07-01 17:34:23] [TASK_8] [INFO]   lãi khủng                                0
[2026-07-01 17:34:23] [TASK_8] [INFO]   lãi lớn                                  0
[2026-07-01 17:34:23] [TASK_8] [INFO]   lãi đậm                                  0
[2026-07-01 17:34:23] [TASK_8] [INFO]   báo lãi                                  0
[2026-07-01 17:34:23] [TASK_8] [INFO]   lợi nhuận kỷ lục                         0
[2026-07-01 17:34:23] [TASK_8] [INFO]   doanh thu kỷ lục                         0
[2026-07-01 17:34:23] [TASK_8] [INFO]   lãi kỷ lục                               0
[2026-07-01 17:34:23] [TASK_8] [INFO]   bứt phá                                  0
[2026-07-01 17:34:23] [TASK_8] [INFO]   tăng vọt                                 0
[2026-07-01 17:34:23] [TASK_8] [INFO]   khởi sắc                                 0
[2026-07-01 17:34:23] [TASK_8] [INFO]   phục hồi                                 0
[2026-07-01 17:34:23] [TASK_8] [INFO]   lập đỉnh                                 0
[2026-07-01 17:34:23] [TASK_8] [INFO]   hoàn thành kế hoạch                      0
[2026-07-01 17:34:23] [TASK_8] [INFO]   lợi nhuận cải thiện                      0
[2026-07-01 17:34:23] [TASK_8] [INFO]   mua lại cổ phiếu                         0
[2026-07-01 17:34:23] [TASK_8] [INFO]   phát hành thưởng                         0
[2026-07-01 17:34:23] [TASK_8] [INFO]   tăng vốn điều lệ                         0
[2026-07-01 17:34:23] [TASK_8] [INFO]   hệ số an toàn vốn                        0
[2026-07-01 17:34:23] [TASK_8] [INFO]   tiền mặt dồi dào                         0
[2026-07-01 17:34:23] [TASK_8] [INFO]   dự án mới                                0
[2026-07-01 17:34:23] [TASK_8] [INFO]   đầu tư mới                               0
[2026-07-01 17:34:23] [TASK_8] [INFO]   hợp tác chiến lược                       0
[2026-07-01 17:34:23] [TASK_8] [INFO]   thắng thầu                               0
[2026-07-01 17:34:23] [TASK_8] [INFO] 
--- NEGATIVE keywords (54) ---
[2026-07-01 17:34:23] [TASK_8] [INFO]   lợi nhuận giảm                           1
[2026-07-01 17:34:23] [TASK_8] [INFO]   doanh thu giảm                           1
[2026-07-01 17:34:23] [TASK_8] [INFO]   sụt giảm                                 1
[2026-07-01 17:34:23] [TASK_8] [INFO]   giảm mạnh                                1
[2026-07-01 17:34:23] [TASK_8] [INFO]   nợ xấu                                   1
[2026-07-01 17:34:23] [TASK_8] [INFO]   áp lực tài chính                         1
[2026-07-01 17:34:23] [TASK_8] [INFO]   dòng tiền âm                             1
[2026-07-01 17:34:23] [TASK_8] [INFO]   hủy hợp đồng                             1
[2026-07-01 17:34:23] [TASK_8] [INFO]   dự án trì hoãn                           1
[2026-07-01 17:34:23] [TASK_8] [INFO]   đóng cửa                                 1
[2026-07-01 17:34:23] [TASK_8] [INFO]   bị phạt                                  1
[2026-07-01 17:34:23] [TASK_8] [INFO]   vi phạm                                  1
[2026-07-01 17:34:23] [TASK_8] [INFO]   bị thanh tra                             1
[2026-07-01 17:34:23] [TASK_8] [INFO]   lợi nhuận âm                             0
[2026-07-01 17:34:23] [TASK_8] [INFO]   thua lỗ                                  0
[2026-07-01 17:34:23] [TASK_8] [INFO]   lỗ ròng                                  0
[2026-07-01 17:34:23] [TASK_8] [INFO]   dưới kế hoạch                            0
[2026-07-01 17:34:23] [TASK_8] [INFO]   kết quả tiêu cực                         0
[2026-07-01 17:34:23] [TASK_8] [INFO]   lợi nhuận thấp hơn                       0
[2026-07-01 17:34:23] [TASK_8] [INFO]   báo lỗ                                   0
[2026-07-01 17:34:23] [TASK_8] [INFO]   lỗ nặng                                  0
[2026-07-01 17:34:23] [TASK_8] [INFO]   lỗ lớn                                   0
[2026-07-01 17:34:23] [TASK_8] [INFO]   lỗ kỷ lục                                0
[2026-07-01 17:34:23] [TASK_8] [INFO]   lỗ lũy kế                                0
[2026-07-01 17:34:23] [TASK_8] [INFO]   lao dốc                                  0
[2026-07-01 17:34:23] [TASK_8] [INFO]   giảm sâu                                 0
[2026-07-01 17:34:23] [TASK_8] [INFO]   tụt dốc                                  0
[2026-07-01 17:34:23] [TASK_8] [INFO]   kinh doanh sa sút                        0
[2026-07-01 17:34:23] [TASK_8] [INFO]   âm vốn chủ sở hữu                        0
[2026-07-01 17:34:23] [TASK_8] [INFO]   lợi nhuận không tăng                     0
[2026-07-01 17:34:23] [TASK_8] [INFO]   doanh thu không tăng                     0
[2026-07-01 17:34:23] [TASK_8] [INFO]   không tăng trưởng                        0
[2026-07-01 17:34:23] [TASK_8] [INFO]   tăng trưởng chậm lại                     0
[2026-07-01 17:34:23] [TASK_8] [INFO]   không hoàn thành kế hoạch                0
[2026-07-01 17:34:23] [TASK_8] [INFO]   không đạt kế hoạch                       0
[2026-07-01 17:34:23] [TASK_8] [INFO]   chưa có lãi                              0
[2026-07-01 17:34:23] [TASK_8] [INFO]   không chia cổ tức                        0
[2026-07-01 17:34:23] [TASK_8] [INFO]   hủy cổ tức                               0
[2026-07-01 17:34:23] [TASK_8] [INFO]   giảm cổ tức                              0
[2026-07-01 17:34:23] [TASK_8] [INFO]   phát hành pha loãng                      0
[2026-07-01 17:34:23] [TASK_8] [INFO]   chào bán giá thấp                        0
[2026-07-01 17:34:23] [TASK_8] [INFO]   nợ vay tăng                              0
[2026-07-01 17:34:23] [TASK_8] [INFO]   nợ quá hạn                               0
[2026-07-01 17:34:23] [TASK_8] [INFO]   hệ số nợ cao                             0
[2026-07-01 17:34:23] [TASK_8] [INFO]   thiếu thanh khoản                        0
[2026-07-01 17:34:23] [TASK_8] [INFO]   thu hẹp hoạt động                        0
[2026-07-01 17:34:23] [TASK_8] [INFO]   dừng dự án                               0
[2026-07-01 17:34:23] [TASK_8] [INFO]   bị kiểm toán từ chối                     0
[2026-07-01 17:34:23] [TASK_8] [INFO]   cảnh báo                                 0
[2026-07-01 17:34:23] [TASK_8] [INFO]   đình chỉ                                 0
[2026-07-01 17:34:23] [TASK_8] [INFO]   khởi tố                                  0
[2026-07-01 17:34:23] [TASK_8] [INFO]   điều tra                                 0
[2026-07-01 17:34:23] [TASK_8] [INFO]   tranh chấp pháp lý                       0
[2026-07-01 17:34:23] [TASK_8] [INFO]   bị kiện                                  0
[2026-07-01 17:34:23] [TASK_8] [INFO] 
--- NEUTRAL keywords (9) ---
[2026-07-01 17:34:23] [TASK_8] [INFO]   đại hội cổ đông                          1
[2026-07-01 17:34:23] [TASK_8] [INFO]   thay đổi lãnh đạo                        1
[2026-07-01 17:34:23] [TASK_8] [INFO]   sáp nhập                                 1
[2026-07-01 17:34:23] [TASK_8] [INFO]   mua lại                                  1
[2026-07-01 17:34:23] [TASK_8] [INFO]   phát hành cổ phiếu mới                   1
[2026-07-01 17:34:23] [TASK_8] [INFO]   thoái vốn                                1
[2026-07-01 17:34:23] [TASK_8] [INFO]   họp HĐQT                                 0
[2026-07-01 17:34:23] [TASK_8] [INFO]   thay CEO                                 0
[2026-07-01 17:34:23] [TASK_8] [INFO]   niêm yết thêm                            0
[2026-07-01 17:34:23] [TASK_8] [INFO] 
Total keyword occurrences in corpus: 34
[2026-07-01 17:34:23] [TASK_8] [INFO] Keywords with zero occurrences: 72 / 106
[2026-07-01 17:34:23] [TASK_8] [INFO] ======================================================================
[2026-07-01 17:34:23] [TASK_8] [INFO] Keyword Builder (TASK 8) complete.
[2026-07-01 17:34:23] [TASK_8] [INFO] Starting Keyword Builder (TASK 8)...
[2026-07-01 17:34:23] [TASK_8] [INFO] Loaded 23 stopwords.
[2026-07-01 17:34:23] [TASK_8] [INFO] No corpus provided — skipping candidate extraction.
[2026-07-01 17:34:23] [TASK_8] [INFO] Curated keyword list: 43 positive, 54 negative, 9 neutral (total: 106).
[2026-07-01 17:34:23] [TASK_8] [INFO] Saved flat keyword list to C:\Users\User\AppData\Local\Temp\tmpdbhhlbtt\keywords_finance.json.
[2026-07-01 17:34:23] [TASK_8] [INFO] Saved group-level keyword breakdown to C:\Users\User\AppData\Local\Temp\tmpdbhhlbtt\keywords_by_group.json.
[2026-07-01 17:34:23] [TASK_8] [INFO] No corpus provided — skipping frequency report.
[2026-07-01 17:34:23] [TASK_8] [INFO] Keyword Builder (TASK 8) complete.
[2026-07-01 17:36:36] [TASK_8] [INFO] ============================================================
[2026-07-01 17:36:36] [TASK_8] [INFO] START TASK_8: Keyword Building (curate financial keywords)
[2026-07-01 17:36:36] [TASK_8] [INFO] Timestamp: 2026-07-01T17:36:36.503757
[2026-07-01 17:36:36] [TASK_8] [INFO] ============================================================
[2026-07-01 17:36:36] [TASK_8] [INFO] Input: data/news/processed/all_news_processed.csv (34979 rows)
[2026-07-01 17:36:36] [TASK_8] [INFO] ------------------------------------------------------------
[2026-07-01 17:36:36] [TASK_8] [INFO] END TASK_8 — completed in 0.0 seconds
[2026-07-01 17:36:36] [TASK_8] [INFO] ============================================================
[2026-07-01 17:36:37] [TASK_8] [INFO] ============================================================
[2026-07-01 17:36:37] [TASK_8] [INFO] START TASK_8: Keyword Building (curate financial keywords)
[2026-07-01 17:36:37] [TASK_8] [INFO] Timestamp: 2026-07-01T17:36:37.238468
[2026-07-01 17:36:37] [TASK_8] [INFO] ============================================================
[2026-07-01 17:36:37] [TASK_8] [INFO] Input: data/news/processed/all_news_processed.csv (34979 rows)
[2026-07-01 17:36:37] [TASK_8] [INFO] ------------------------------------------------------------
[2026-07-01 17:36:37] [TASK_8] [INFO] END TASK_8 — completed in 0.0 seconds
[2026-07-01 17:36:37] [TASK_8] [INFO] ============================================================
[2026-07-01 17:36:54] [TASK_8] [INFO] Starting Keyword Builder (TASK 8)...
[2026-07-01 17:36:54] [TASK_8] [INFO] Loaded 23 stopwords.
[2026-07-01 17:36:54] [TASK_8] [INFO] Extracting keyword candidates from 10 documents...
[2026-07-01 17:36:54] [TASK_8] [INFO] Saved 176 keyword candidates to C:\Users\User\AppData\Local\Temp\tmppev3e1jb\keyword_candidates.csv (unigrams: 83, bigrams: 93).
[2026-07-01 17:36:54] [TASK_8] [INFO] Curated keyword list: 43 positive, 54 negative, 9 neutral (total: 106).
[2026-07-01 17:36:54] [TASK_8] [INFO] Saved flat keyword list to C:\Users\User\AppData\Local\Temp\tmppev3e1jb\keywords_finance.json.
[2026-07-01 17:36:54] [TASK_8] [INFO] Saved group-level keyword breakdown to C:\Users\User\AppData\Local\Temp\tmppev3e1jb\keywords_by_group.json.
[2026-07-01 17:36:54] [TASK_8] [INFO] ======================================================================
[2026-07-01 17:36:54] [TASK_8] [INFO] KEYWORD CORPUS FREQUENCY REPORT
[2026-07-01 17:36:54] [TASK_8] [INFO] ======================================================================
[2026-07-01 17:36:54] [TASK_8] [INFO] 
--- POSITIVE keywords (43) ---
[2026-07-01 17:36:54] [TASK_8] [INFO]   lợi nhuận tăng                           1
[2026-07-01 17:36:54] [TASK_8] [INFO]   doanh thu tăng                           1
[2026-07-01 17:36:54] [TASK_8] [INFO]   kỷ lục                                   1
[2026-07-01 17:36:54] [TASK_8] [INFO]   tăng trưởng                              1
[2026-07-01 17:36:54] [TASK_8] [INFO]   tăng mạnh                                1
[2026-07-01 17:36:54] [TASK_8] [INFO]   chia cổ tức                              1
[2026-07-01 17:36:54] [TASK_8] [INFO]   cổ tức cao                               1
[2026-07-01 17:36:54] [TASK_8] [INFO]   cổ tức tiền mặt                          1
[2026-07-01 17:36:54] [TASK_8] [INFO]   giảm nợ                                  1
[2026-07-01 17:36:54] [TASK_8] [INFO]   trả nợ                                   1
[2026-07-01 17:36:54] [TASK_8] [INFO]   cải thiện tài chính                      1
[2026-07-01 17:36:54] [TASK_8] [INFO]   dòng tiền dương                          1
[2026-07-01 17:36:54] [TASK_8] [INFO]   ký kết hợp đồng                          1
[2026-07-01 17:36:54] [TASK_8] [INFO]   mở rộng thị trường                       1
[2026-07-01 17:36:54] [TASK_8] [INFO]   xuất khẩu tăng                           1
[2026-07-01 17:36:54] [TASK_8] [INFO]   tăng trưởng mạnh                         0
[2026-07-01 17:36:54] [TASK_8] [INFO]   vượt kế hoạch                            0
[2026-07-01 17:36:54] [TASK_8] [INFO]   lãi ròng                                 0
[2026-07-01 17:36:54] [TASK_8] [INFO]   lợi nhuận sau thuế tăng                  0
[2026-07-01 17:36:54] [TASK_8] [INFO]   kết quả tích cực                         0
[2026-07-01 17:36:54] [TASK_8] [INFO]   lãi khủng                                0
[2026-07-01 17:36:54] [TASK_8] [INFO]   lãi lớn                                  0
[2026-07-01 17:36:54] [TASK_8] [INFO]   lãi đậm                                  0
[2026-07-01 17:36:54] [TASK_8] [INFO]   báo lãi                                  0
[2026-07-01 17:36:54] [TASK_8] [INFO]   lợi nhuận kỷ lục                         0
[2026-07-01 17:36:54] [TASK_8] [INFO]   doanh thu kỷ lục                         0
[2026-07-01 17:36:54] [TASK_8] [INFO]   lãi kỷ lục                               0
[2026-07-01 17:36:54] [TASK_8] [INFO]   bứt phá                                  0
[2026-07-01 17:36:54] [TASK_8] [INFO]   tăng vọt                                 0
[2026-07-01 17:36:54] [TASK_8] [INFO]   khởi sắc                                 0
[2026-07-01 17:36:54] [TASK_8] [INFO]   phục hồi                                 0
[2026-07-01 17:36:54] [TASK_8] [INFO]   lập đỉnh                                 0
[2026-07-01 17:36:54] [TASK_8] [INFO]   hoàn thành kế hoạch                      0
[2026-07-01 17:36:54] [TASK_8] [INFO]   lợi nhuận cải thiện                      0
[2026-07-01 17:36:54] [TASK_8] [INFO]   mua lại cổ phiếu                         0
[2026-07-01 17:36:54] [TASK_8] [INFO]   phát hành thưởng                         0
[2026-07-01 17:36:54] [TASK_8] [INFO]   tăng vốn điều lệ                         0
[2026-07-01 17:36:54] [TASK_8] [INFO]   hệ số an toàn vốn                        0
[2026-07-01 17:36:54] [TASK_8] [INFO]   tiền mặt dồi dào                         0
[2026-07-01 17:36:54] [TASK_8] [INFO]   dự án mới                                0
[2026-07-01 17:36:54] [TASK_8] [INFO]   đầu tư mới                               0
[2026-07-01 17:36:54] [TASK_8] [INFO]   hợp tác chiến lược                       0
[2026-07-01 17:36:54] [TASK_8] [INFO]   thắng thầu                               0
[2026-07-01 17:36:54] [TASK_8] [INFO] 
--- NEGATIVE keywords (54) ---
[2026-07-01 17:36:54] [TASK_8] [INFO]   lợi nhuận giảm                           1
[2026-07-01 17:36:54] [TASK_8] [INFO]   doanh thu giảm                           1
[2026-07-01 17:36:54] [TASK_8] [INFO]   sụt giảm                                 1
[2026-07-01 17:36:54] [TASK_8] [INFO]   giảm mạnh                                1
[2026-07-01 17:36:54] [TASK_8] [INFO]   nợ xấu                                   1
[2026-07-01 17:36:54] [TASK_8] [INFO]   áp lực tài chính                         1
[2026-07-01 17:36:54] [TASK_8] [INFO]   dòng tiền âm                             1
[2026-07-01 17:36:54] [TASK_8] [INFO]   hủy hợp đồng                             1
[2026-07-01 17:36:54] [TASK_8] [INFO]   dự án trì hoãn                           1
[2026-07-01 17:36:54] [TASK_8] [INFO]   đóng cửa                                 1
[2026-07-01 17:36:54] [TASK_8] [INFO]   bị phạt                                  1
[2026-07-01 17:36:54] [TASK_8] [INFO]   vi phạm                                  1
[2026-07-01 17:36:54] [TASK_8] [INFO]   bị thanh tra                             1
[2026-07-01 17:36:54] [TASK_8] [INFO]   lợi nhuận âm                             0
[2026-07-01 17:36:54] [TASK_8] [INFO]   thua lỗ                                  0
[2026-07-01 17:36:54] [TASK_8] [INFO]   lỗ ròng                                  0
[2026-07-01 17:36:54] [TASK_8] [INFO]   dưới kế hoạch                            0
[2026-07-01 17:36:54] [TASK_8] [INFO]   kết quả tiêu cực                         0
[2026-07-01 17:36:54] [TASK_8] [INFO]   lợi nhuận thấp hơn                       0
[2026-07-01 17:36:54] [TASK_8] [INFO]   báo lỗ                                   0
[2026-07-01 17:36:54] [TASK_8] [INFO]   lỗ nặng                                  0
[2026-07-01 17:36:54] [TASK_8] [INFO]   lỗ lớn                                   0
[2026-07-01 17:36:54] [TASK_8] [INFO]   lỗ kỷ lục                                0
[2026-07-01 17:36:54] [TASK_8] [INFO]   lỗ lũy kế                                0
[2026-07-01 17:36:54] [TASK_8] [INFO]   lao dốc                                  0
[2026-07-01 17:36:54] [TASK_8] [INFO]   giảm sâu                                 0
[2026-07-01 17:36:54] [TASK_8] [INFO]   tụt dốc                                  0
[2026-07-01 17:36:54] [TASK_8] [INFO]   kinh doanh sa sút                        0
[2026-07-01 17:36:54] [TASK_8] [INFO]   âm vốn chủ sở hữu                        0
[2026-07-01 17:36:54] [TASK_8] [INFO]   lợi nhuận không tăng                     0
[2026-07-01 17:36:54] [TASK_8] [INFO]   doanh thu không tăng                     0
[2026-07-01 17:36:54] [TASK_8] [INFO]   không tăng trưởng                        0
[2026-07-01 17:36:54] [TASK_8] [INFO]   tăng trưởng chậm lại                     0
[2026-07-01 17:36:54] [TASK_8] [INFO]   không hoàn thành kế hoạch                0
[2026-07-01 17:36:54] [TASK_8] [INFO]   không đạt kế hoạch                       0
[2026-07-01 17:36:54] [TASK_8] [INFO]   chưa có lãi                              0
[2026-07-01 17:36:54] [TASK_8] [INFO]   không chia cổ tức                        0
[2026-07-01 17:36:54] [TASK_8] [INFO]   hủy cổ tức                               0
[2026-07-01 17:36:54] [TASK_8] [INFO]   giảm cổ tức                              0
[2026-07-01 17:36:54] [TASK_8] [INFO]   phát hành pha loãng                      0
[2026-07-01 17:36:54] [TASK_8] [INFO]   chào bán giá thấp                        0
[2026-07-01 17:36:54] [TASK_8] [INFO]   nợ vay tăng                              0
[2026-07-01 17:36:54] [TASK_8] [INFO]   nợ quá hạn                               0
[2026-07-01 17:36:54] [TASK_8] [INFO]   hệ số nợ cao                             0
[2026-07-01 17:36:54] [TASK_8] [INFO]   thiếu thanh khoản                        0
[2026-07-01 17:36:54] [TASK_8] [INFO]   thu hẹp hoạt động                        0
[2026-07-01 17:36:54] [TASK_8] [INFO]   dừng dự án                               0
[2026-07-01 17:36:54] [TASK_8] [INFO]   bị kiểm toán từ chối                     0
[2026-07-01 17:36:54] [TASK_8] [INFO]   cảnh báo                                 0
[2026-07-01 17:36:54] [TASK_8] [INFO]   đình chỉ                                 0
[2026-07-01 17:36:54] [TASK_8] [INFO]   khởi tố                                  0
[2026-07-01 17:36:54] [TASK_8] [INFO]   điều tra                                 0
[2026-07-01 17:36:54] [TASK_8] [INFO]   tranh chấp pháp lý                       0
[2026-07-01 17:36:54] [TASK_8] [INFO]   bị kiện                                  0
[2026-07-01 17:36:54] [TASK_8] [INFO] 
--- NEUTRAL keywords (9) ---
[2026-07-01 17:36:54] [TASK_8] [INFO]   đại hội cổ đông                          1
[2026-07-01 17:36:54] [TASK_8] [INFO]   thay đổi lãnh đạo                        1
[2026-07-01 17:36:54] [TASK_8] [INFO]   sáp nhập                                 1
[2026-07-01 17:36:54] [TASK_8] [INFO]   mua lại                                  1
[2026-07-01 17:36:54] [TASK_8] [INFO]   phát hành cổ phiếu mới                   1
[2026-07-01 17:36:54] [TASK_8] [INFO]   thoái vốn                                1
[2026-07-01 17:36:54] [TASK_8] [INFO]   họp HĐQT                                 0
[2026-07-01 17:36:54] [TASK_8] [INFO]   thay CEO                                 0
[2026-07-01 17:36:54] [TASK_8] [INFO]   niêm yết thêm                            0
[2026-07-01 17:36:54] [TASK_8] [INFO] 
Total keyword occurrences in corpus: 34
[2026-07-01 17:36:54] [TASK_8] [INFO] Keywords with zero occurrences: 72 / 106
[2026-07-01 17:36:54] [TASK_8] [INFO] ======================================================================
[2026-07-01 17:36:54] [TASK_8] [INFO] Keyword Builder (TASK 8) complete.
[2026-07-01 17:36:54] [TASK_8] [INFO] Starting Keyword Builder (TASK 8)...
[2026-07-01 17:36:54] [TASK_8] [INFO] Loaded 23 stopwords.
[2026-07-01 17:36:54] [TASK_8] [INFO] Extracting keyword candidates from 10 documents...
[2026-07-01 17:36:54] [TASK_8] [INFO] Saved 176 keyword candidates to C:\Users\User\AppData\Local\Temp\tmpl9s9g83_\keyword_candidates.csv (unigrams: 83, bigrams: 93).
[2026-07-01 17:36:54] [TASK_8] [INFO] Curated keyword list: 43 positive, 54 negative, 9 neutral (total: 106).
[2026-07-01 17:36:54] [TASK_8] [INFO] Saved flat keyword list to C:\Users\User\AppData\Local\Temp\tmpl9s9g83_\keywords_finance.json.
[2026-07-01 17:36:54] [TASK_8] [INFO] Saved group-level keyword breakdown to C:\Users\User\AppData\Local\Temp\tmpl9s9g83_\keywords_by_group.json.
[2026-07-01 17:36:54] [TASK_8] [INFO] ======================================================================
[2026-07-01 17:36:54] [TASK_8] [INFO] KEYWORD CORPUS FREQUENCY REPORT
[2026-07-01 17:36:54] [TASK_8] [INFO] ======================================================================
[2026-07-01 17:36:54] [TASK_8] [INFO] 
--- POSITIVE keywords (43) ---
[2026-07-01 17:36:54] [TASK_8] [INFO]   lợi nhuận tăng                           1
[2026-07-01 17:36:54] [TASK_8] [INFO]   doanh thu tăng                           1
[2026-07-01 17:36:54] [TASK_8] [INFO]   kỷ lục                                   1
[2026-07-01 17:36:54] [TASK_8] [INFO]   tăng trưởng                              1
[2026-07-01 17:36:54] [TASK_8] [INFO]   tăng mạnh                                1
[2026-07-01 17:36:54] [TASK_8] [INFO]   chia cổ tức                              1
[2026-07-01 17:36:54] [TASK_8] [INFO]   cổ tức cao                               1
[2026-07-01 17:36:54] [TASK_8] [INFO]   cổ tức tiền mặt                          1
[2026-07-01 17:36:54] [TASK_8] [INFO]   giảm nợ                                  1
[2026-07-01 17:36:54] [TASK_8] [INFO]   trả nợ                                   1
[2026-07-01 17:36:54] [TASK_8] [INFO]   cải thiện tài chính                      1
[2026-07-01 17:36:54] [TASK_8] [INFO]   dòng tiền dương                          1
[2026-07-01 17:36:54] [TASK_8] [INFO]   ký kết hợp đồng                          1
[2026-07-01 17:36:54] [TASK_8] [INFO]   mở rộng thị trường                       1
[2026-07-01 17:36:54] [TASK_8] [INFO]   xuất khẩu tăng                           1
[2026-07-01 17:36:54] [TASK_8] [INFO]   tăng trưởng mạnh                         0
[2026-07-01 17:36:54] [TASK_8] [INFO]   vượt kế hoạch                            0
[2026-07-01 17:36:54] [TASK_8] [INFO]   lãi ròng                                 0
[2026-07-01 17:36:54] [TASK_8] [INFO]   lợi nhuận sau thuế tăng                  0
[2026-07-01 17:36:54] [TASK_8] [INFO]   kết quả tích cực                         0
[2026-07-01 17:36:54] [TASK_8] [INFO]   lãi khủng                                0
[2026-07-01 17:36:54] [TASK_8] [INFO]   lãi lớn                                  0
[2026-07-01 17:36:54] [TASK_8] [INFO]   lãi đậm                                  0
[2026-07-01 17:36:54] [TASK_8] [INFO]   báo lãi                                  0
[2026-07-01 17:36:54] [TASK_8] [INFO]   lợi nhuận kỷ lục                         0
[2026-07-01 17:36:54] [TASK_8] [INFO]   doanh thu kỷ lục                         0
[2026-07-01 17:36:54] [TASK_8] [INFO]   lãi kỷ lục                               0
[2026-07-01 17:36:54] [TASK_8] [INFO]   bứt phá                                  0
[2026-07-01 17:36:54] [TASK_8] [INFO]   tăng vọt                                 0
[2026-07-01 17:36:54] [TASK_8] [INFO]   khởi sắc                                 0
[2026-07-01 17:36:54] [TASK_8] [INFO]   phục hồi                                 0
[2026-07-01 17:36:54] [TASK_8] [INFO]   lập đỉnh                                 0
[2026-07-01 17:36:54] [TASK_8] [INFO]   hoàn thành kế hoạch                      0
[2026-07-01 17:36:54] [TASK_8] [INFO]   lợi nhuận cải thiện                      0
[2026-07-01 17:36:54] [TASK_8] [INFO]   mua lại cổ phiếu                         0
[2026-07-01 17:36:54] [TASK_8] [INFO]   phát hành thưởng                         0
[2026-07-01 17:36:54] [TASK_8] [INFO]   tăng vốn điều lệ                         0
[2026-07-01 17:36:54] [TASK_8] [INFO]   hệ số an toàn vốn                        0
[2026-07-01 17:36:54] [TASK_8] [INFO]   tiền mặt dồi dào                         0
[2026-07-01 17:36:54] [TASK_8] [INFO]   dự án mới                                0
[2026-07-01 17:36:54] [TASK_8] [INFO]   đầu tư mới                               0
[2026-07-01 17:36:54] [TASK_8] [INFO]   hợp tác chiến lược                       0
[2026-07-01 17:36:54] [TASK_8] [INFO]   thắng thầu                               0
[2026-07-01 17:36:54] [TASK_8] [INFO] 
--- NEGATIVE keywords (54) ---
[2026-07-01 17:36:54] [TASK_8] [INFO]   lợi nhuận giảm                           1
[2026-07-01 17:36:54] [TASK_8] [INFO]   doanh thu giảm                           1
[2026-07-01 17:36:54] [TASK_8] [INFO]   sụt giảm                                 1
[2026-07-01 17:36:54] [TASK_8] [INFO]   giảm mạnh                                1
[2026-07-01 17:36:54] [TASK_8] [INFO]   nợ xấu                                   1
[2026-07-01 17:36:54] [TASK_8] [INFO]   áp lực tài chính                         1
[2026-07-01 17:36:54] [TASK_8] [INFO]   dòng tiền âm                             1
[2026-07-01 17:36:54] [TASK_8] [INFO]   hủy hợp đồng                             1
[2026-07-01 17:36:54] [TASK_8] [INFO]   dự án trì hoãn                           1
[2026-07-01 17:36:54] [TASK_8] [INFO]   đóng cửa                                 1
[2026-07-01 17:36:54] [TASK_8] [INFO]   bị phạt                                  1
[2026-07-01 17:36:54] [TASK_8] [INFO]   vi phạm                                  1
[2026-07-01 17:36:54] [TASK_8] [INFO]   bị thanh tra                             1
[2026-07-01 17:36:54] [TASK_8] [INFO]   lợi nhuận âm                             0
[2026-07-01 17:36:54] [TASK_8] [INFO]   thua lỗ                                  0
[2026-07-01 17:36:54] [TASK_8] [INFO]   lỗ ròng                                  0
[2026-07-01 17:36:54] [TASK_8] [INFO]   dưới kế hoạch                            0
[2026-07-01 17:36:54] [TASK_8] [INFO]   kết quả tiêu cực                         0
[2026-07-01 17:36:54] [TASK_8] [INFO]   lợi nhuận thấp hơn                       0
[2026-07-01 17:36:54] [TASK_8] [INFO]   báo lỗ                                   0
[2026-07-01 17:36:54] [TASK_8] [INFO]   lỗ nặng                                  0
[2026-07-01 17:36:54] [TASK_8] [INFO]   lỗ lớn                                   0
[2026-07-01 17:36:54] [TASK_8] [INFO]   lỗ kỷ lục                                0
[2026-07-01 17:36:54] [TASK_8] [INFO]   lỗ lũy kế                                0
[2026-07-01 17:36:54] [TASK_8] [INFO]   lao dốc                                  0
[2026-07-01 17:36:54] [TASK_8] [INFO]   giảm sâu                                 0
[2026-07-01 17:36:54] [TASK_8] [INFO]   tụt dốc                                  0
[2026-07-01 17:36:54] [TASK_8] [INFO]   kinh doanh sa sút                        0
[2026-07-01 17:36:54] [TASK_8] [INFO]   âm vốn chủ sở hữu                        0
[2026-07-01 17:36:54] [TASK_8] [INFO]   lợi nhuận không tăng                     0
[2026-07-01 17:36:54] [TASK_8] [INFO]   doanh thu không tăng                     0
[2026-07-01 17:36:54] [TASK_8] [INFO]   không tăng trưởng                        0
[2026-07-01 17:36:54] [TASK_8] [INFO]   tăng trưởng chậm lại                     0
[2026-07-01 17:36:54] [TASK_8] [INFO]   không hoàn thành kế hoạch                0
[2026-07-01 17:36:54] [TASK_8] [INFO]   không đạt kế hoạch                       0
[2026-07-01 17:36:54] [TASK_8] [INFO]   chưa có lãi                              0
[2026-07-01 17:36:54] [TASK_8] [INFO]   không chia cổ tức                        0
[2026-07-01 17:36:54] [TASK_8] [INFO]   hủy cổ tức                               0
[2026-07-01 17:36:54] [TASK_8] [INFO]   giảm cổ tức                              0
[2026-07-01 17:36:54] [TASK_8] [INFO]   phát hành pha loãng                      0
[2026-07-01 17:36:54] [TASK_8] [INFO]   chào bán giá thấp                        0
[2026-07-01 17:36:54] [TASK_8] [INFO]   nợ vay tăng                              0
[2026-07-01 17:36:54] [TASK_8] [INFO]   nợ quá hạn                               0
[2026-07-01 17:36:54] [TASK_8] [INFO]   hệ số nợ cao                             0
[2026-07-01 17:36:54] [TASK_8] [INFO]   thiếu thanh khoản                        0
[2026-07-01 17:36:54] [TASK_8] [INFO]   thu hẹp hoạt động                        0
[2026-07-01 17:36:54] [TASK_8] [INFO]   dừng dự án                               0
[2026-07-01 17:36:54] [TASK_8] [INFO]   bị kiểm toán từ chối                     0
[2026-07-01 17:36:54] [TASK_8] [INFO]   cảnh báo                                 0
[2026-07-01 17:36:54] [TASK_8] [INFO]   đình chỉ                                 0
[2026-07-01 17:36:54] [TASK_8] [INFO]   khởi tố                                  0
[2026-07-01 17:36:54] [TASK_8] [INFO]   điều tra                                 0
[2026-07-01 17:36:54] [TASK_8] [INFO]   tranh chấp pháp lý                       0
[2026-07-01 17:36:54] [TASK_8] [INFO]   bị kiện                                  0
[2026-07-01 17:36:54] [TASK_8] [INFO] 
--- NEUTRAL keywords (9) ---
[2026-07-01 17:36:54] [TASK_8] [INFO]   đại hội cổ đông                          1
[2026-07-01 17:36:54] [TASK_8] [INFO]   thay đổi lãnh đạo                        1
[2026-07-01 17:36:54] [TASK_8] [INFO]   sáp nhập                                 1
[2026-07-01 17:36:54] [TASK_8] [INFO]   mua lại                                  1
[2026-07-01 17:36:54] [TASK_8] [INFO]   phát hành cổ phiếu mới                   1
[2026-07-01 17:36:54] [TASK_8] [INFO]   thoái vốn                                1
[2026-07-01 17:36:54] [TASK_8] [INFO]   họp HĐQT                                 0
[2026-07-01 17:36:54] [TASK_8] [INFO]   thay CEO                                 0
[2026-07-01 17:36:54] [TASK_8] [INFO]   niêm yết thêm                            0
[2026-07-01 17:36:54] [TASK_8] [INFO] 
Total keyword occurrences in corpus: 34
[2026-07-01 17:36:54] [TASK_8] [INFO] Keywords with zero occurrences: 72 / 106
[2026-07-01 17:36:54] [TASK_8] [INFO] ======================================================================
[2026-07-01 17:36:54] [TASK_8] [INFO] Keyword Builder (TASK 8) complete.
[2026-07-01 17:36:54] [TASK_8] [INFO] Starting Keyword Builder (TASK 8)...
[2026-07-01 17:36:54] [TASK_8] [INFO] Loaded 23 stopwords.
[2026-07-01 17:36:54] [TASK_8] [INFO] No corpus provided — skipping candidate extraction.
[2026-07-01 17:36:54] [TASK_8] [INFO] Curated keyword list: 43 positive, 54 negative, 9 neutral (total: 106).
[2026-07-01 17:36:54] [TASK_8] [INFO] Saved flat keyword list to C:\Users\User\AppData\Local\Temp\tmp6ftcqp2y\keywords_finance.json.
[2026-07-01 17:36:54] [TASK_8] [INFO] Saved group-level keyword breakdown to C:\Users\User\AppData\Local\Temp\tmp6ftcqp2y\keywords_by_group.json.
[2026-07-01 17:36:54] [TASK_8] [INFO] No corpus provided — skipping frequency report.
[2026-07-01 17:36:54] [TASK_8] [INFO] Keyword Builder (TASK 8) complete.
[2026-07-01 17:41:17] [TASK_8] [INFO] ============================================================
[2026-07-01 17:41:17] [TASK_8] [INFO] START TASK_8: Keyword Building (curate financial keywords)
[2026-07-01 17:41:17] [TASK_8] [INFO] Timestamp: 2026-07-01T17:41:17.815508
[2026-07-01 17:41:17] [TASK_8] [INFO] ============================================================
[2026-07-01 17:41:18] [TASK_8] [INFO] Input: data/news/processed/all_news_processed.csv (34979 rows)
[2026-07-01 17:41:18] [TASK_8] [INFO] ------------------------------------------------------------
[2026-07-01 17:41:18] [TASK_8] [INFO] END TASK_8 — completed in 0.0 seconds
[2026-07-01 17:41:18] [TASK_8] [INFO] ============================================================
[2026-07-01 17:41:18] [TASK_8] [INFO] ============================================================
[2026-07-01 17:41:18] [TASK_8] [INFO] START TASK_8: Keyword Building (curate financial keywords)
[2026-07-01 17:41:18] [TASK_8] [INFO] Timestamp: 2026-07-01T17:41:18.529780
[2026-07-01 17:41:18] [TASK_8] [INFO] ============================================================
[2026-07-01 17:41:18] [TASK_8] [INFO] Input: data/news/processed/all_news_processed.csv (34979 rows)
[2026-07-01 17:41:18] [TASK_8] [INFO] ------------------------------------------------------------
[2026-07-01 17:41:18] [TASK_8] [INFO] END TASK_8 — completed in 0.0 seconds
[2026-07-01 17:41:18] [TASK_8] [INFO] ============================================================
[2026-07-01 17:41:36] [TASK_8] [INFO] Starting Keyword Builder (TASK 8)...
[2026-07-01 17:41:36] [TASK_8] [INFO] Loaded 23 stopwords.
[2026-07-01 17:41:36] [TASK_8] [INFO] Extracting keyword candidates from 10 documents...
[2026-07-01 17:41:36] [TASK_8] [INFO] Saved 176 keyword candidates to C:\Users\User\AppData\Local\Temp\tmp95_smg3u\keyword_candidates.csv (unigrams: 83, bigrams: 93).
[2026-07-01 17:41:36] [TASK_8] [INFO] Curated keyword list: 43 positive, 54 negative, 9 neutral (total: 106).
[2026-07-01 17:41:36] [TASK_8] [INFO] Saved flat keyword list to C:\Users\User\AppData\Local\Temp\tmp95_smg3u\keywords_finance.json.
[2026-07-01 17:41:36] [TASK_8] [INFO] Saved group-level keyword breakdown to C:\Users\User\AppData\Local\Temp\tmp95_smg3u\keywords_by_group.json.
[2026-07-01 17:41:36] [TASK_8] [INFO] ======================================================================
[2026-07-01 17:41:36] [TASK_8] [INFO] KEYWORD CORPUS FREQUENCY REPORT
[2026-07-01 17:41:36] [TASK_8] [INFO] ======================================================================
[2026-07-01 17:41:36] [TASK_8] [INFO] 
--- POSITIVE keywords (43) ---
[2026-07-01 17:41:36] [TASK_8] [INFO]   lợi nhuận tăng                           1
[2026-07-01 17:41:36] [TASK_8] [INFO]   doanh thu tăng                           1
[2026-07-01 17:41:36] [TASK_8] [INFO]   kỷ lục                                   1
[2026-07-01 17:41:36] [TASK_8] [INFO]   tăng trưởng                              1
[2026-07-01 17:41:36] [TASK_8] [INFO]   tăng mạnh                                1
[2026-07-01 17:41:36] [TASK_8] [INFO]   chia cổ tức                              1
[2026-07-01 17:41:36] [TASK_8] [INFO]   cổ tức cao                               1
[2026-07-01 17:41:36] [TASK_8] [INFO]   cổ tức tiền mặt                          1
[2026-07-01 17:41:36] [TASK_8] [INFO]   giảm nợ                                  1
[2026-07-01 17:41:36] [TASK_8] [INFO]   trả nợ                                   1
[2026-07-01 17:41:36] [TASK_8] [INFO]   cải thiện tài chính                      1
[2026-07-01 17:41:36] [TASK_8] [INFO]   dòng tiền dương                          1
[2026-07-01 17:41:36] [TASK_8] [INFO]   ký kết hợp đồng                          1
[2026-07-01 17:41:36] [TASK_8] [INFO]   mở rộng thị trường                       1
[2026-07-01 17:41:36] [TASK_8] [INFO]   xuất khẩu tăng                           1
[2026-07-01 17:41:36] [TASK_8] [INFO]   tăng trưởng mạnh                         0
[2026-07-01 17:41:36] [TASK_8] [INFO]   vượt kế hoạch                            0
[2026-07-01 17:41:36] [TASK_8] [INFO]   lãi ròng                                 0
[2026-07-01 17:41:36] [TASK_8] [INFO]   lợi nhuận sau thuế tăng                  0
[2026-07-01 17:41:36] [TASK_8] [INFO]   kết quả tích cực                         0
[2026-07-01 17:41:36] [TASK_8] [INFO]   lãi khủng                                0
[2026-07-01 17:41:36] [TASK_8] [INFO]   lãi lớn                                  0
[2026-07-01 17:41:36] [TASK_8] [INFO]   lãi đậm                                  0
[2026-07-01 17:41:36] [TASK_8] [INFO]   báo lãi                                  0
[2026-07-01 17:41:36] [TASK_8] [INFO]   lợi nhuận kỷ lục                         0
[2026-07-01 17:41:36] [TASK_8] [INFO]   doanh thu kỷ lục                         0
[2026-07-01 17:41:36] [TASK_8] [INFO]   lãi kỷ lục                               0
[2026-07-01 17:41:36] [TASK_8] [INFO]   bứt phá                                  0
[2026-07-01 17:41:36] [TASK_8] [INFO]   tăng vọt                                 0
[2026-07-01 17:41:36] [TASK_8] [INFO]   khởi sắc                                 0
[2026-07-01 17:41:36] [TASK_8] [INFO]   phục hồi                                 0
[2026-07-01 17:41:36] [TASK_8] [INFO]   lập đỉnh                                 0
[2026-07-01 17:41:36] [TASK_8] [INFO]   hoàn thành kế hoạch                      0
[2026-07-01 17:41:36] [TASK_8] [INFO]   lợi nhuận cải thiện                      0
[2026-07-01 17:41:36] [TASK_8] [INFO]   mua lại cổ phiếu                         0
[2026-07-01 17:41:36] [TASK_8] [INFO]   phát hành thưởng                         0
[2026-07-01 17:41:36] [TASK_8] [INFO]   tăng vốn điều lệ                         0
[2026-07-01 17:41:36] [TASK_8] [INFO]   hệ số an toàn vốn                        0
[2026-07-01 17:41:36] [TASK_8] [INFO]   tiền mặt dồi dào                         0
[2026-07-01 17:41:36] [TASK_8] [INFO]   dự án mới                                0
[2026-07-01 17:41:36] [TASK_8] [INFO]   đầu tư mới                               0
[2026-07-01 17:41:36] [TASK_8] [INFO]   hợp tác chiến lược                       0
[2026-07-01 17:41:36] [TASK_8] [INFO]   thắng thầu                               0
[2026-07-01 17:41:36] [TASK_8] [INFO] 
--- NEGATIVE keywords (54) ---
[2026-07-01 17:41:36] [TASK_8] [INFO]   lợi nhuận giảm                           1
[2026-07-01 17:41:36] [TASK_8] [INFO]   doanh thu giảm                           1
[2026-07-01 17:41:36] [TASK_8] [INFO]   sụt giảm                                 1
[2026-07-01 17:41:36] [TASK_8] [INFO]   giảm mạnh                                1
[2026-07-01 17:41:36] [TASK_8] [INFO]   nợ xấu                                   1
[2026-07-01 17:41:36] [TASK_8] [INFO]   áp lực tài chính                         1
[2026-07-01 17:41:36] [TASK_8] [INFO]   dòng tiền âm                             1
[2026-07-01 17:41:36] [TASK_8] [INFO]   hủy hợp đồng                             1
[2026-07-01 17:41:36] [TASK_8] [INFO]   dự án trì hoãn                           1
[2026-07-01 17:41:36] [TASK_8] [INFO]   đóng cửa                                 1
[2026-07-01 17:41:36] [TASK_8] [INFO]   bị phạt                                  1
[2026-07-01 17:41:36] [TASK_8] [INFO]   vi phạm                                  1
[2026-07-01 17:41:36] [TASK_8] [INFO]   bị thanh tra                             1
[2026-07-01 17:41:36] [TASK_8] [INFO]   lợi nhuận âm                             0
[2026-07-01 17:41:36] [TASK_8] [INFO]   thua lỗ                                  0
[2026-07-01 17:41:36] [TASK_8] [INFO]   lỗ ròng                                  0
[2026-07-01 17:41:36] [TASK_8] [INFO]   dưới kế hoạch                            0
[2026-07-01 17:41:36] [TASK_8] [INFO]   kết quả tiêu cực                         0
[2026-07-01 17:41:36] [TASK_8] [INFO]   lợi nhuận thấp hơn                       0
[2026-07-01 17:41:36] [TASK_8] [INFO]   báo lỗ                                   0
[2026-07-01 17:41:36] [TASK_8] [INFO]   lỗ nặng                                  0
[2026-07-01 17:41:36] [TASK_8] [INFO]   lỗ lớn                                   0
[2026-07-01 17:41:36] [TASK_8] [INFO]   lỗ kỷ lục                                0
[2026-07-01 17:41:36] [TASK_8] [INFO]   lỗ lũy kế                                0
[2026-07-01 17:41:36] [TASK_8] [INFO]   lao dốc                                  0
[2026-07-01 17:41:36] [TASK_8] [INFO]   giảm sâu                                 0
[2026-07-01 17:41:36] [TASK_8] [INFO]   tụt dốc                                  0
[2026-07-01 17:41:36] [TASK_8] [INFO]   kinh doanh sa sút                        0
[2026-07-01 17:41:36] [TASK_8] [INFO]   âm vốn chủ sở hữu                        0
[2026-07-01 17:41:36] [TASK_8] [INFO]   lợi nhuận không tăng                     0
[2026-07-01 17:41:36] [TASK_8] [INFO]   doanh thu không tăng                     0
[2026-07-01 17:41:36] [TASK_8] [INFO]   không tăng trưởng                        0
[2026-07-01 17:41:36] [TASK_8] [INFO]   tăng trưởng chậm lại                     0
[2026-07-01 17:41:36] [TASK_8] [INFO]   không hoàn thành kế hoạch                0
[2026-07-01 17:41:36] [TASK_8] [INFO]   không đạt kế hoạch                       0
[2026-07-01 17:41:36] [TASK_8] [INFO]   chưa có lãi                              0
[2026-07-01 17:41:36] [TASK_8] [INFO]   không chia cổ tức                        0
[2026-07-01 17:41:36] [TASK_8] [INFO]   hủy cổ tức                               0
[2026-07-01 17:41:36] [TASK_8] [INFO]   giảm cổ tức                              0
[2026-07-01 17:41:36] [TASK_8] [INFO]   phát hành pha loãng                      0
[2026-07-01 17:41:36] [TASK_8] [INFO]   chào bán giá thấp                        0
[2026-07-01 17:41:36] [TASK_8] [INFO]   nợ vay tăng                              0
[2026-07-01 17:41:36] [TASK_8] [INFO]   nợ quá hạn                               0
[2026-07-01 17:41:36] [TASK_8] [INFO]   hệ số nợ cao                             0
[2026-07-01 17:41:36] [TASK_8] [INFO]   thiếu thanh khoản                        0
[2026-07-01 17:41:36] [TASK_8] [INFO]   thu hẹp hoạt động                        0
[2026-07-01 17:41:36] [TASK_8] [INFO]   dừng dự án                               0
[2026-07-01 17:41:36] [TASK_8] [INFO]   bị kiểm toán từ chối                     0
[2026-07-01 17:41:36] [TASK_8] [INFO]   cảnh báo                                 0
[2026-07-01 17:41:36] [TASK_8] [INFO]   đình chỉ                                 0
[2026-07-01 17:41:36] [TASK_8] [INFO]   khởi tố                                  0
[2026-07-01 17:41:36] [TASK_8] [INFO]   điều tra                                 0
[2026-07-01 17:41:36] [TASK_8] [INFO]   tranh chấp pháp lý                       0
[2026-07-01 17:41:36] [TASK_8] [INFO]   bị kiện                                  0
[2026-07-01 17:41:36] [TASK_8] [INFO] 
--- NEUTRAL keywords (9) ---
[2026-07-01 17:41:36] [TASK_8] [INFO]   đại hội cổ đông                          1
[2026-07-01 17:41:36] [TASK_8] [INFO]   thay đổi lãnh đạo                        1
[2026-07-01 17:41:36] [TASK_8] [INFO]   sáp nhập                                 1
[2026-07-01 17:41:36] [TASK_8] [INFO]   mua lại                                  1
[2026-07-01 17:41:36] [TASK_8] [INFO]   phát hành cổ phiếu mới                   1
[2026-07-01 17:41:36] [TASK_8] [INFO]   thoái vốn                                1
[2026-07-01 17:41:36] [TASK_8] [INFO]   họp HĐQT                                 0
[2026-07-01 17:41:36] [TASK_8] [INFO]   thay CEO                                 0
[2026-07-01 17:41:36] [TASK_8] [INFO]   niêm yết thêm                            0
[2026-07-01 17:41:36] [TASK_8] [INFO] 
Total keyword occurrences in corpus: 34
[2026-07-01 17:41:36] [TASK_8] [INFO] Keywords with zero occurrences: 72 / 106
[2026-07-01 17:41:36] [TASK_8] [INFO] ======================================================================
[2026-07-01 17:41:36] [TASK_8] [INFO] Keyword Builder (TASK 8) complete.
[2026-07-01 17:41:36] [TASK_8] [INFO] Starting Keyword Builder (TASK 8)...
[2026-07-01 17:41:36] [TASK_8] [INFO] Loaded 23 stopwords.
[2026-07-01 17:41:36] [TASK_8] [INFO] Extracting keyword candidates from 10 documents...
[2026-07-01 17:41:36] [TASK_8] [INFO] Saved 176 keyword candidates to C:\Users\User\AppData\Local\Temp\tmpm6pg3xe1\keyword_candidates.csv (unigrams: 83, bigrams: 93).
[2026-07-01 17:41:36] [TASK_8] [INFO] Curated keyword list: 43 positive, 54 negative, 9 neutral (total: 106).
[2026-07-01 17:41:36] [TASK_8] [INFO] Saved flat keyword list to C:\Users\User\AppData\Local\Temp\tmpm6pg3xe1\keywords_finance.json.
[2026-07-01 17:41:36] [TASK_8] [INFO] Saved group-level keyword breakdown to C:\Users\User\AppData\Local\Temp\tmpm6pg3xe1\keywords_by_group.json.
[2026-07-01 17:41:36] [TASK_8] [INFO] ======================================================================
[2026-07-01 17:41:36] [TASK_8] [INFO] KEYWORD CORPUS FREQUENCY REPORT
[2026-07-01 17:41:36] [TASK_8] [INFO] ======================================================================
[2026-07-01 17:41:36] [TASK_8] [INFO] 
--- POSITIVE keywords (43) ---
[2026-07-01 17:41:36] [TASK_8] [INFO]   lợi nhuận tăng                           1
[2026-07-01 17:41:36] [TASK_8] [INFO]   doanh thu tăng                           1
[2026-07-01 17:41:36] [TASK_8] [INFO]   kỷ lục                                   1
[2026-07-01 17:41:36] [TASK_8] [INFO]   tăng trưởng                              1
[2026-07-01 17:41:36] [TASK_8] [INFO]   tăng mạnh                                1
[2026-07-01 17:41:36] [TASK_8] [INFO]   chia cổ tức                              1
[2026-07-01 17:41:36] [TASK_8] [INFO]   cổ tức cao                               1
[2026-07-01 17:41:36] [TASK_8] [INFO]   cổ tức tiền mặt                          1
[2026-07-01 17:41:36] [TASK_8] [INFO]   giảm nợ                                  1
[2026-07-01 17:41:36] [TASK_8] [INFO]   trả nợ                                   1
[2026-07-01 17:41:36] [TASK_8] [INFO]   cải thiện tài chính                      1
[2026-07-01 17:41:36] [TASK_8] [INFO]   dòng tiền dương                          1
[2026-07-01 17:41:36] [TASK_8] [INFO]   ký kết hợp đồng                          1
[2026-07-01 17:41:36] [TASK_8] [INFO]   mở rộng thị trường                       1
[2026-07-01 17:41:36] [TASK_8] [INFO]   xuất khẩu tăng                           1
[2026-07-01 17:41:36] [TASK_8] [INFO]   tăng trưởng mạnh                         0
[2026-07-01 17:41:36] [TASK_8] [INFO]   vượt kế hoạch                            0
[2026-07-01 17:41:36] [TASK_8] [INFO]   lãi ròng                                 0
[2026-07-01 17:41:36] [TASK_8] [INFO]   lợi nhuận sau thuế tăng                  0
[2026-07-01 17:41:36] [TASK_8] [INFO]   kết quả tích cực                         0
[2026-07-01 17:41:36] [TASK_8] [INFO]   lãi khủng                                0
[2026-07-01 17:41:36] [TASK_8] [INFO]   lãi lớn                                  0
[2026-07-01 17:41:36] [TASK_8] [INFO]   lãi đậm                                  0
[2026-07-01 17:41:36] [TASK_8] [INFO]   báo lãi                                  0
[2026-07-01 17:41:36] [TASK_8] [INFO]   lợi nhuận kỷ lục                         0
[2026-07-01 17:41:36] [TASK_8] [INFO]   doanh thu kỷ lục                         0
[2026-07-01 17:41:36] [TASK_8] [INFO]   lãi kỷ lục                               0
[2026-07-01 17:41:36] [TASK_8] [INFO]   bứt phá                                  0
[2026-07-01 17:41:36] [TASK_8] [INFO]   tăng vọt                                 0
[2026-07-01 17:41:36] [TASK_8] [INFO]   khởi sắc                                 0
[2026-07-01 17:41:36] [TASK_8] [INFO]   phục hồi                                 0
[2026-07-01 17:41:36] [TASK_8] [INFO]   lập đỉnh                                 0
[2026-07-01 17:41:36] [TASK_8] [INFO]   hoàn thành kế hoạch                      0
[2026-07-01 17:41:36] [TASK_8] [INFO]   lợi nhuận cải thiện                      0
[2026-07-01 17:41:36] [TASK_8] [INFO]   mua lại cổ phiếu                         0
[2026-07-01 17:41:36] [TASK_8] [INFO]   phát hành thưởng                         0
[2026-07-01 17:41:36] [TASK_8] [INFO]   tăng vốn điều lệ                         0
[2026-07-01 17:41:36] [TASK_8] [INFO]   hệ số an toàn vốn                        0
[2026-07-01 17:41:36] [TASK_8] [INFO]   tiền mặt dồi dào                         0
[2026-07-01 17:41:36] [TASK_8] [INFO]   dự án mới                                0
[2026-07-01 17:41:36] [TASK_8] [INFO]   đầu tư mới                               0
[2026-07-01 17:41:36] [TASK_8] [INFO]   hợp tác chiến lược                       0
[2026-07-01 17:41:36] [TASK_8] [INFO]   thắng thầu                               0
[2026-07-01 17:41:36] [TASK_8] [INFO] 
--- NEGATIVE keywords (54) ---
[2026-07-01 17:41:36] [TASK_8] [INFO]   lợi nhuận giảm                           1
[2026-07-01 17:41:36] [TASK_8] [INFO]   doanh thu giảm                           1
[2026-07-01 17:41:36] [TASK_8] [INFO]   sụt giảm                                 1
[2026-07-01 17:41:36] [TASK_8] [INFO]   giảm mạnh                                1
[2026-07-01 17:41:36] [TASK_8] [INFO]   nợ xấu                                   1
[2026-07-01 17:41:36] [TASK_8] [INFO]   áp lực tài chính                         1
[2026-07-01 17:41:36] [TASK_8] [INFO]   dòng tiền âm                             1
[2026-07-01 17:41:36] [TASK_8] [INFO]   hủy hợp đồng                             1
[2026-07-01 17:41:36] [TASK_8] [INFO]   dự án trì hoãn                           1
[2026-07-01 17:41:36] [TASK_8] [INFO]   đóng cửa                                 1
[2026-07-01 17:41:36] [TASK_8] [INFO]   bị phạt                                  1
[2026-07-01 17:41:36] [TASK_8] [INFO]   vi phạm                                  1
[2026-07-01 17:41:36] [TASK_8] [INFO]   bị thanh tra                             1
[2026-07-01 17:41:36] [TASK_8] [INFO]   lợi nhuận âm                             0
[2026-07-01 17:41:36] [TASK_8] [INFO]   thua lỗ                                  0
[2026-07-01 17:41:36] [TASK_8] [INFO]   lỗ ròng                                  0
[2026-07-01 17:41:36] [TASK_8] [INFO]   dưới kế hoạch                            0
[2026-07-01 17:41:36] [TASK_8] [INFO]   kết quả tiêu cực                         0
[2026-07-01 17:41:36] [TASK_8] [INFO]   lợi nhuận thấp hơn                       0
[2026-07-01 17:41:36] [TASK_8] [INFO]   báo lỗ                                   0
[2026-07-01 17:41:36] [TASK_8] [INFO]   lỗ nặng                                  0
[2026-07-01 17:41:36] [TASK_8] [INFO]   lỗ lớn                                   0
[2026-07-01 17:41:36] [TASK_8] [INFO]   lỗ kỷ lục                                0
[2026-07-01 17:41:36] [TASK_8] [INFO]   lỗ lũy kế                                0
[2026-07-01 17:41:36] [TASK_8] [INFO]   lao dốc                                  0
[2026-07-01 17:41:36] [TASK_8] [INFO]   giảm sâu                                 0
[2026-07-01 17:41:36] [TASK_8] [INFO]   tụt dốc                                  0
[2026-07-01 17:41:36] [TASK_8] [INFO]   kinh doanh sa sút                        0
[2026-07-01 17:41:36] [TASK_8] [INFO]   âm vốn chủ sở hữu                        0
[2026-07-01 17:41:36] [TASK_8] [INFO]   lợi nhuận không tăng                     0
[2026-07-01 17:41:36] [TASK_8] [INFO]   doanh thu không tăng                     0
[2026-07-01 17:41:36] [TASK_8] [INFO]   không tăng trưởng                        0
[2026-07-01 17:41:36] [TASK_8] [INFO]   tăng trưởng chậm lại                     0
[2026-07-01 17:41:36] [TASK_8] [INFO]   không hoàn thành kế hoạch                0
[2026-07-01 17:41:36] [TASK_8] [INFO]   không đạt kế hoạch                       0
[2026-07-01 17:41:36] [TASK_8] [INFO]   chưa có lãi                              0
[2026-07-01 17:41:36] [TASK_8] [INFO]   không chia cổ tức                        0
[2026-07-01 17:41:36] [TASK_8] [INFO]   hủy cổ tức                               0
[2026-07-01 17:41:36] [TASK_8] [INFO]   giảm cổ tức                              0
[2026-07-01 17:41:36] [TASK_8] [INFO]   phát hành pha loãng                      0
[2026-07-01 17:41:36] [TASK_8] [INFO]   chào bán giá thấp                        0
[2026-07-01 17:41:36] [TASK_8] [INFO]   nợ vay tăng                              0
[2026-07-01 17:41:36] [TASK_8] [INFO]   nợ quá hạn                               0
[2026-07-01 17:41:36] [TASK_8] [INFO]   hệ số nợ cao                             0
[2026-07-01 17:41:36] [TASK_8] [INFO]   thiếu thanh khoản                        0
[2026-07-01 17:41:36] [TASK_8] [INFO]   thu hẹp hoạt động                        0
[2026-07-01 17:41:36] [TASK_8] [INFO]   dừng dự án                               0
[2026-07-01 17:41:36] [TASK_8] [INFO]   bị kiểm toán từ chối                     0
[2026-07-01 17:41:36] [TASK_8] [INFO]   cảnh báo                                 0
[2026-07-01 17:41:36] [TASK_8] [INFO]   đình chỉ                                 0
[2026-07-01 17:41:36] [TASK_8] [INFO]   khởi tố                                  0
[2026-07-01 17:41:36] [TASK_8] [INFO]   điều tra                                 0
[2026-07-01 17:41:36] [TASK_8] [INFO]   tranh chấp pháp lý                       0
[2026-07-01 17:41:36] [TASK_8] [INFO]   bị kiện                                  0
[2026-07-01 17:41:36] [TASK_8] [INFO] 
--- NEUTRAL keywords (9) ---
[2026-07-01 17:41:36] [TASK_8] [INFO]   đại hội cổ đông                          1
[2026-07-01 17:41:36] [TASK_8] [INFO]   thay đổi lãnh đạo                        1
[2026-07-01 17:41:36] [TASK_8] [INFO]   sáp nhập                                 1
[2026-07-01 17:41:36] [TASK_8] [INFO]   mua lại                                  1
[2026-07-01 17:41:36] [TASK_8] [INFO]   phát hành cổ phiếu mới                   1
[2026-07-01 17:41:36] [TASK_8] [INFO]   thoái vốn                                1
[2026-07-01 17:41:36] [TASK_8] [INFO]   họp HĐQT                                 0
[2026-07-01 17:41:36] [TASK_8] [INFO]   thay CEO                                 0
[2026-07-01 17:41:36] [TASK_8] [INFO]   niêm yết thêm                            0
[2026-07-01 17:41:36] [TASK_8] [INFO] 
Total keyword occurrences in corpus: 34
[2026-07-01 17:41:36] [TASK_8] [INFO] Keywords with zero occurrences: 72 / 106
[2026-07-01 17:41:36] [TASK_8] [INFO] ======================================================================
[2026-07-01 17:41:36] [TASK_8] [INFO] Keyword Builder (TASK 8) complete.
[2026-07-01 17:41:36] [TASK_8] [INFO] Starting Keyword Builder (TASK 8)...
[2026-07-01 17:41:36] [TASK_8] [INFO] Loaded 23 stopwords.
[2026-07-01 17:41:36] [TASK_8] [INFO] No corpus provided — skipping candidate extraction.
[2026-07-01 17:41:36] [TASK_8] [INFO] Curated keyword list: 43 positive, 54 negative, 9 neutral (total: 106).
[2026-07-01 17:41:36] [TASK_8] [INFO] Saved flat keyword list to C:\Users\User\AppData\Local\Temp\tmprj1y_ja1\keywords_finance.json.
[2026-07-01 17:41:36] [TASK_8] [INFO] Saved group-level keyword breakdown to C:\Users\User\AppData\Local\Temp\tmprj1y_ja1\keywords_by_group.json.
[2026-07-01 17:41:36] [TASK_8] [INFO] No corpus provided — skipping frequency report.
[2026-07-01 17:41:36] [TASK_8] [INFO] Keyword Builder (TASK 8) complete.
