[2026-06-28 08:06:14] [TASK_10] [INFO] ============================================================
[2026-06-28 08:06:14] [TASK_10] [INFO] START TASK_10: Model Training (3 configs × 4 algorithms)
[2026-06-28 08:06:14] [TASK_10] [INFO] Timestamp: 2026-06-28T08:06:14.221662
[2026-06-28 08:06:14] [TASK_10] [INFO] ============================================================
[2026-06-28 08:06:14] [TASK_10] [INFO] Input: data/features/technical_features.csv (15 rows)
[2026-06-28 08:06:14] [TASK_10] [INFO] Input: data/features/keyword_features.csv (0 rows)
[2026-06-28 08:06:14] [TASK_10] [INFO] Input: data/aggregated/master_with_labels.csv (0 rows)
[2026-06-28 08:06:14] [TASK_10] [INFO] ------------------------------------------------------------
[2026-06-28 08:06:14] [TASK_10] [INFO] END TASK_10 — completed in 0.0 seconds
[2026-06-28 08:06:14] [TASK_10] [INFO] ============================================================
[2026-06-28 08:06:14] [TASK_10] [INFO] ============================================================
[2026-06-28 08:06:14] [TASK_10] [INFO] START TASK_10: Model Training (3 configs × 4 algorithms)
[2026-06-28 08:06:14] [TASK_10] [INFO] Timestamp: 2026-06-28T08:06:14.248683
[2026-06-28 08:06:14] [TASK_10] [INFO] ============================================================
[2026-06-28 08:06:14] [TASK_10] [INFO] Input: data/features/technical_features.csv (15 rows)
[2026-06-28 08:06:14] [TASK_10] [INFO] Input: data/features/keyword_features.csv (0 rows)
[2026-06-28 08:06:14] [TASK_10] [INFO] Input: data/aggregated/master_with_labels.csv (0 rows)
[2026-06-28 08:06:14] [TASK_10] [INFO] ------------------------------------------------------------
[2026-06-28 08:06:14] [TASK_10] [INFO] END TASK_10 — completed in 0.0 seconds
[2026-06-28 08:06:14] [TASK_10] [INFO] ============================================================
[2026-06-28 08:06:14] [TASK_10] [INFO] Time-series split — train: 12 rows (4 quarters), test: 12 rows (4 quarters)
[2026-06-28 08:06:14] [TASK_10] [INFO] Time-series split — train: 12 rows (4 quarters), test: 12 rows (4 quarters)
[2026-06-28 08:06:14] [TASK_10] [INFO] Time-series split — train: 12 rows (4 quarters), test: 12 rows (4 quarters)
[2026-06-28 08:06:14] [TASK_10] [INFO] Time-series split — train: 12 rows (4 quarters), test: 12 rows (4 quarters)
[2026-06-28 08:06:14] [TASK_10] [WARNING] Fewer than 4 test quarters with cutoff 2024Q4; falling back to last 20% of quarters (1 test quarters).
[2026-06-28 08:06:14] [TASK_10] [INFO] Time-series split — train: 21 rows (7 quarters), test: 3 rows (1 quarters)
[2026-06-28 08:06:14] [TASK_10] [INFO] Time-series split — train: 12 rows (4 quarters), test: 12 rows (4 quarters)
[2026-06-28 08:06:14] [TASK_10] [INFO] Confusion matrix for Dummy - Config_A:
[[10  0]
 [ 2  0]]
[2026-06-28 08:32:41] [TASK_10] [INFO] ============================================================
[2026-06-28 08:32:41] [TASK_10] [INFO] START TASK_10: Model Training (3 configs × 4 algorithms)
[2026-06-28 08:32:41] [TASK_10] [INFO] Timestamp: 2026-06-28T08:32:41.732731
[2026-06-28 08:32:41] [TASK_10] [INFO] ============================================================
[2026-06-28 08:32:41] [TASK_10] [INFO] Input: data/features/technical_features.csv (15 rows)
[2026-06-28 08:32:41] [TASK_10] [INFO] Input: data/features/keyword_features.csv (0 rows)
[2026-06-28 08:32:41] [TASK_10] [INFO] Input: data/aggregated/master_with_labels.csv (0 rows)
[2026-06-28 08:32:41] [TASK_10] [INFO] ------------------------------------------------------------
[2026-06-28 08:32:41] [TASK_10] [INFO] END TASK_10 — completed in 0.0 seconds
[2026-06-28 08:32:41] [TASK_10] [INFO] ============================================================
[2026-06-28 08:32:41] [TASK_10] [INFO] ============================================================
[2026-06-28 08:32:41] [TASK_10] [INFO] START TASK_10: Model Training (3 configs × 4 algorithms)
[2026-06-28 08:32:41] [TASK_10] [INFO] Timestamp: 2026-06-28T08:32:41.766058
[2026-06-28 08:32:41] [TASK_10] [INFO] ============================================================
[2026-06-28 08:32:41] [TASK_10] [INFO] Input: data/features/technical_features.csv (15 rows)
[2026-06-28 08:32:41] [TASK_10] [INFO] Input: data/features/keyword_features.csv (0 rows)
[2026-06-28 08:32:41] [TASK_10] [INFO] Input: data/aggregated/master_with_labels.csv (0 rows)
[2026-06-28 08:32:41] [TASK_10] [INFO] ------------------------------------------------------------
[2026-06-28 08:32:41] [TASK_10] [INFO] END TASK_10 — completed in 0.0 seconds
[2026-06-28 08:32:41] [TASK_10] [INFO] ============================================================
[2026-06-28 08:32:41] [TASK_10] [INFO] Time-series split — train: 12 rows (4 quarters), test: 12 rows (4 quarters)
[2026-06-28 08:32:41] [TASK_10] [INFO] Time-series split — train: 12 rows (4 quarters), test: 12 rows (4 quarters)
[2026-06-28 08:32:41] [TASK_10] [INFO] Time-series split — train: 12 rows (4 quarters), test: 12 rows (4 quarters)
[2026-06-28 08:32:41] [TASK_10] [INFO] Time-series split — train: 12 rows (4 quarters), test: 12 rows (4 quarters)
[2026-06-28 08:32:41] [TASK_10] [WARNING] Fewer than 4 test quarters with cutoff 2024Q4; falling back to last 20% of quarters (1 test quarters).
[2026-06-28 08:32:41] [TASK_10] [INFO] Time-series split — train: 21 rows (7 quarters), test: 3 rows (1 quarters)
[2026-06-28 08:32:41] [TASK_10] [INFO] Time-series split — train: 12 rows (4 quarters), test: 12 rows (4 quarters)
[2026-06-28 08:32:41] [TASK_10] [INFO] Confusion matrix for Dummy - Config_A:
[[10  0]
 [ 2  0]]
[2026-06-28 08:33:51] [TASK_10] [INFO] ============================================================
[2026-06-28 08:33:51] [TASK_10] [INFO] START TASK_10: Model Training (3 configs × 4 algorithms)
[2026-06-28 08:33:51] [TASK_10] [INFO] Timestamp: 2026-06-28T08:33:51.414222
[2026-06-28 08:33:51] [TASK_10] [INFO] ============================================================
[2026-06-28 08:33:51] [TASK_10] [INFO] Input: data/features/technical_features.csv (15 rows)
[2026-06-28 08:33:51] [TASK_10] [INFO] Input: data/features/keyword_features.csv (0 rows)
[2026-06-28 08:33:51] [TASK_10] [INFO] Input: data/aggregated/master_with_labels.csv (0 rows)
[2026-06-28 08:33:51] [TASK_10] [INFO] ------------------------------------------------------------
[2026-06-28 08:33:51] [TASK_10] [INFO] END TASK_10 — completed in 0.0 seconds
[2026-06-28 08:33:51] [TASK_10] [INFO] ============================================================
[2026-06-28 08:33:51] [TASK_10] [INFO] ============================================================
[2026-06-28 08:33:51] [TASK_10] [INFO] START TASK_10: Model Training (3 configs × 4 algorithms)
[2026-06-28 08:33:51] [TASK_10] [INFO] Timestamp: 2026-06-28T08:33:51.442524
[2026-06-28 08:33:51] [TASK_10] [INFO] ============================================================
[2026-06-28 08:33:51] [TASK_10] [INFO] Input: data/features/technical_features.csv (15 rows)
[2026-06-28 08:33:51] [TASK_10] [INFO] Input: data/features/keyword_features.csv (0 rows)
[2026-06-28 08:33:51] [TASK_10] [INFO] Input: data/aggregated/master_with_labels.csv (0 rows)
[2026-06-28 08:33:51] [TASK_10] [INFO] ------------------------------------------------------------
[2026-06-28 08:33:51] [TASK_10] [INFO] END TASK_10 — completed in 0.0 seconds
[2026-06-28 08:33:51] [TASK_10] [INFO] ============================================================
[2026-06-28 08:33:51] [TASK_10] [INFO] Time-series split — train: 12 rows (4 quarters), test: 12 rows (4 quarters)
[2026-06-28 08:33:51] [TASK_10] [INFO] Time-series split — train: 12 rows (4 quarters), test: 12 rows (4 quarters)
[2026-06-28 08:33:51] [TASK_10] [INFO] Time-series split — train: 12 rows (4 quarters), test: 12 rows (4 quarters)
[2026-06-28 08:33:51] [TASK_10] [INFO] Time-series split — train: 12 rows (4 quarters), test: 12 rows (4 quarters)
[2026-06-28 08:33:51] [TASK_10] [WARNING] Fewer than 4 test quarters with cutoff 2024Q4; falling back to last 20% of quarters (1 test quarters).
[2026-06-28 08:33:51] [TASK_10] [INFO] Time-series split — train: 21 rows (7 quarters), test: 3 rows (1 quarters)
[2026-06-28 08:33:51] [TASK_10] [INFO] Time-series split — train: 12 rows (4 quarters), test: 12 rows (4 quarters)
[2026-06-28 08:33:51] [TASK_10] [INFO] Confusion matrix for Dummy - Config_A:
[[10  0]
 [ 2  0]]
[2026-06-28 08:52:31] [TASK_10] [INFO] ============================================================
[2026-06-28 08:52:31] [TASK_10] [INFO] START TASK_10: Model Training (3 configs × 4 algorithms)
[2026-06-28 08:52:31] [TASK_10] [INFO] Timestamp: 2026-06-28T08:52:31.086482
[2026-06-28 08:52:31] [TASK_10] [INFO] ============================================================
[2026-06-28 08:52:31] [TASK_10] [INFO] Input: data/features/technical_features.csv (15 rows)
[2026-06-28 08:52:31] [TASK_10] [INFO] Input: data/features/keyword_features.csv (0 rows)
[2026-06-28 08:52:31] [TASK_10] [INFO] Input: data/aggregated/master_with_labels.csv (0 rows)
[2026-06-28 08:52:31] [TASK_10] [INFO] ------------------------------------------------------------
[2026-06-28 08:52:31] [TASK_10] [INFO] END TASK_10 — completed in 0.0 seconds
[2026-06-28 08:52:31] [TASK_10] [INFO] ============================================================
[2026-06-28 08:52:31] [TASK_10] [INFO] ============================================================
[2026-06-28 08:52:31] [TASK_10] [INFO] START TASK_10: Model Training (3 configs × 4 algorithms)
[2026-06-28 08:52:31] [TASK_10] [INFO] Timestamp: 2026-06-28T08:52:31.117078
[2026-06-28 08:52:31] [TASK_10] [INFO] ============================================================
[2026-06-28 08:52:31] [TASK_10] [INFO] Input: data/features/technical_features.csv (15 rows)
[2026-06-28 08:52:31] [TASK_10] [INFO] Input: data/features/keyword_features.csv (0 rows)
[2026-06-28 08:52:31] [TASK_10] [INFO] Input: data/aggregated/master_with_labels.csv (0 rows)
[2026-06-28 08:52:31] [TASK_10] [INFO] ------------------------------------------------------------
[2026-06-28 08:52:31] [TASK_10] [INFO] END TASK_10 — completed in 0.0 seconds
[2026-06-28 08:52:31] [TASK_10] [INFO] ============================================================
[2026-06-28 08:52:31] [TASK_10] [INFO] Time-series split — train: 12 rows (4 quarters), test: 12 rows (4 quarters)
[2026-06-28 08:52:31] [TASK_10] [INFO] Time-series split — train: 12 rows (4 quarters), test: 12 rows (4 quarters)
[2026-06-28 08:52:31] [TASK_10] [INFO] Time-series split — train: 12 rows (4 quarters), test: 12 rows (4 quarters)
[2026-06-28 08:52:31] [TASK_10] [INFO] Time-series split — train: 12 rows (4 quarters), test: 12 rows (4 quarters)
[2026-06-28 08:52:31] [TASK_10] [WARNING] Fewer than 4 test quarters with cutoff 2024Q4; falling back to last 20% of quarters (1 test quarters).
[2026-06-28 08:52:31] [TASK_10] [INFO] Time-series split — train: 21 rows (7 quarters), test: 3 rows (1 quarters)
[2026-06-28 08:52:31] [TASK_10] [INFO] Time-series split — train: 12 rows (4 quarters), test: 12 rows (4 quarters)
[2026-06-28 08:52:31] [TASK_10] [INFO] Confusion matrix for Dummy - Config_A:
[[10  0]
 [ 2  0]]
[2026-06-28 08:53:02] [TASK_10] [INFO] ============================================================
[2026-06-28 08:53:02] [TASK_10] [INFO] START TASK_10: Model Training (3 configs × 4 algorithms)
[2026-06-28 08:53:02] [TASK_10] [INFO] Timestamp: 2026-06-28T08:53:02.395098
[2026-06-28 08:53:02] [TASK_10] [INFO] ============================================================
[2026-06-28 08:53:02] [TASK_10] [INFO] Input: data/features/technical_features.csv (15 rows)
[2026-06-28 08:53:02] [TASK_10] [INFO] Input: data/features/keyword_features.csv (0 rows)
[2026-06-28 08:53:02] [TASK_10] [INFO] Input: data/aggregated/master_with_labels.csv (0 rows)
[2026-06-28 08:53:02] [TASK_10] [INFO] ------------------------------------------------------------
[2026-06-28 08:53:02] [TASK_10] [INFO] END TASK_10 — completed in 0.0 seconds
[2026-06-28 08:53:02] [TASK_10] [INFO] ============================================================
[2026-06-28 08:53:02] [TASK_10] [INFO] ============================================================
[2026-06-28 08:53:02] [TASK_10] [INFO] START TASK_10: Model Training (3 configs × 4 algorithms)
[2026-06-28 08:53:02] [TASK_10] [INFO] Timestamp: 2026-06-28T08:53:02.428253
[2026-06-28 08:53:02] [TASK_10] [INFO] ============================================================
[2026-06-28 08:53:02] [TASK_10] [INFO] Input: data/features/technical_features.csv (15 rows)
[2026-06-28 08:53:02] [TASK_10] [INFO] Input: data/features/keyword_features.csv (0 rows)
[2026-06-28 08:53:02] [TASK_10] [INFO] Input: data/aggregated/master_with_labels.csv (0 rows)
[2026-06-28 08:53:02] [TASK_10] [INFO] ------------------------------------------------------------
[2026-06-28 08:53:02] [TASK_10] [INFO] END TASK_10 — completed in 0.0 seconds
[2026-06-28 08:53:02] [TASK_10] [INFO] ============================================================
[2026-06-28 08:53:02] [TASK_10] [INFO] Time-series split — train: 12 rows (4 quarters), test: 12 rows (4 quarters)
[2026-06-28 08:53:02] [TASK_10] [INFO] Time-series split — train: 12 rows (4 quarters), test: 12 rows (4 quarters)
[2026-06-28 08:53:02] [TASK_10] [INFO] Time-series split — train: 12 rows (4 quarters), test: 12 rows (4 quarters)
[2026-06-28 08:53:02] [TASK_10] [INFO] Time-series split — train: 12 rows (4 quarters), test: 12 rows (4 quarters)
[2026-06-28 08:53:02] [TASK_10] [WARNING] Fewer than 4 test quarters with cutoff 2024Q4; falling back to last 20% of quarters (1 test quarters).
[2026-06-28 08:53:02] [TASK_10] [INFO] Time-series split — train: 21 rows (7 quarters), test: 3 rows (1 quarters)
[2026-06-28 08:53:02] [TASK_10] [INFO] Time-series split — train: 12 rows (4 quarters), test: 12 rows (4 quarters)
[2026-06-28 08:53:02] [TASK_10] [INFO] Confusion matrix for Dummy - Config_A:
[[10  0]
 [ 2  0]]
[2026-06-28 09:17:03] [TASK_10] [INFO] ============================================================
[2026-06-28 09:17:03] [TASK_10] [INFO] START TASK_10: Model Training (3 configs × 4 algorithms)
[2026-06-28 09:17:03] [TASK_10] [INFO] Timestamp: 2026-06-28T09:17:03.801045
[2026-06-28 09:17:03] [TASK_10] [INFO] ============================================================
[2026-06-28 09:17:03] [TASK_10] [INFO] Input: data/features/technical_features.csv (15 rows)
[2026-06-28 09:17:03] [TASK_10] [INFO] Input: data/features/keyword_features.csv (0 rows)
[2026-06-28 09:17:03] [TASK_10] [INFO] Input: data/aggregated/master_with_labels.csv (0 rows)
[2026-06-28 09:17:04] [TASK_10] [INFO] Merged dataset: 0 rows, 244 columns
[2026-06-28 09:17:04] [TASK_10] [ERROR] No training samples after merging technical/keyword/label data. This usually means upstream tasks produced empty outputs (e.g. news scraping in TASK 2 collected no articles, so labels or keyword features are empty). Cannot train a model without data — fix the upstream data collection and rerun.
[2026-06-28 09:17:04] [TASK_10] [ERROR] TASK FAILED: TASK_10 after 1.0 seconds
[2026-06-28 09:17:04] [TASK_10] [ERROR] Exception: No training samples after merging technical/keyword/label data. This usually means upstream tasks produced empty outputs (e.g. news scraping in TASK 2 collected no articles, so labels or keyword features are empty). Cannot train a model without data — fix the upstream data collection and rerun.
[2026-06-28 09:17:04] [TASK_10] [ERROR] Stack trace:
Traceback (most recent call last):
  File "C:\Users\User\KLTN_MASTER\pipeline\run_pipeline.py", line 647, in run_pipeline
    executor(config, task_logger, smoke_test=smoke_test)
  File "C:\Users\User\KLTN_MASTER\pipeline\run_pipeline.py", line 420, in execute_task_10
    run_model_training()
  File "C:\Users\User\KLTN_MASTER\pipeline\task10_train.py", line 592, in run_model_training
    raise ValueError(msg)
ValueError: No training samples after merging technical/keyword/label data. This usually means upstream tasks produced empty outputs (e.g. news scraping in TASK 2 collected no articles, so labels or keyword features are empty). Cannot train a model without data — fix the upstream data collection and rerun.

[2026-06-28 09:22:07] [TASK_10] [INFO] ============================================================
[2026-06-28 09:22:07] [TASK_10] [INFO] START TASK_10: Model Training (3 configs × 4 algorithms)
[2026-06-28 09:22:07] [TASK_10] [INFO] Timestamp: 2026-06-28T09:22:07.544792
[2026-06-28 09:22:07] [TASK_10] [INFO] ============================================================
[2026-06-28 09:22:07] [TASK_10] [INFO] Input: data/features/technical_features.csv (15 rows)
[2026-06-28 09:22:07] [TASK_10] [INFO] Input: data/features/keyword_features.csv (554 rows)
[2026-06-28 09:22:07] [TASK_10] [INFO] Input: data/aggregated/master_with_labels.csv (12 rows)
[2026-06-28 09:22:09] [TASK_10] [INFO] Merged dataset: 9 rows, 244 columns
[2026-06-28 09:22:09] [TASK_10] [INFO] Feature columns — technical: 16, keyword: 225
[2026-06-28 09:22:09] [TASK_10] [WARNING] Fewer than 4 test quarters with cutoff 2025Q1; falling back to last 20% of quarters (1 test quarters).
[2026-06-28 09:22:09] [TASK_10] [INFO] Time-series split — train: 6 rows (2 quarters), test: 3 rows (1 quarters)
[2026-06-28 09:22:09] [TASK_10] [INFO] === Config_A (16 features) ===
[2026-06-28 09:22:09] [TASK_10] [INFO]   Train: 6 samples, Test: 3 samples, Features: 16
[2026-06-28 09:22:09] [TASK_10] [INFO] Confusion matrix for Majority_Class - Config_A:
[[2 0]
 [1 0]]
[2026-06-28 09:22:09] [TASK_10] [INFO] Confusion matrix for Naive_Momentum - Config_A:
[[2 0]
 [1 0]]
[2026-06-28 09:22:09] [TASK_10] [INFO]   Training Logistic_Regression …
[2026-06-28 09:22:09] [TASK_10] [INFO] Confusion matrix for Logistic_Regression - Config_A:
[[2 0]
 [1 0]]
[2026-06-28 09:22:09] [TASK_10] [INFO]   Training Random_Forest …
[2026-06-28 09:22:10] [TASK_10] [INFO] Confusion matrix for Random_Forest - Config_A:
[[2 0]
 [1 0]]
[2026-06-28 09:22:10] [TASK_10] [INFO]   Training XGBoost …
[2026-06-28 09:22:10] [TASK_10] [INFO] Confusion matrix for XGBoost - Config_A:
[[2 0]
 [1 0]]
[2026-06-28 09:22:10] [TASK_10] [INFO]   Training LightGBM …
[2026-06-28 09:22:11] [TASK_10] [INFO] Confusion matrix for LightGBM - Config_A:
[[2 0]
 [1 0]]
[2026-06-28 09:22:11] [TASK_10] [INFO] === Config_B (225 features) ===
[2026-06-28 09:22:11] [TASK_10] [INFO]   Train: 6 samples, Test: 3 samples, Features: 225
[2026-06-28 09:22:11] [TASK_10] [INFO] Confusion matrix for Majority_Class - Config_B:
[[2 0]
 [1 0]]
[2026-06-28 09:22:11] [TASK_10] [INFO] Confusion matrix for Naive_Momentum - Config_B:
[[2 0]
 [1 0]]
[2026-06-28 09:22:11] [TASK_10] [INFO]   Training Logistic_Regression …
[2026-06-28 09:22:11] [TASK_10] [INFO] Confusion matrix for Logistic_Regression - Config_B:
[[2 0]
 [0 1]]
[2026-06-28 09:22:11] [TASK_10] [INFO]   Training Random_Forest …
[2026-06-28 09:22:12] [TASK_10] [INFO] Confusion matrix for Random_Forest - Config_B:
[[2 0]
 [1 0]]
[2026-06-28 09:22:12] [TASK_10] [INFO]   Training XGBoost …
[2026-06-28 09:22:12] [TASK_10] [INFO] Confusion matrix for XGBoost - Config_B:
[[2 0]
 [1 0]]
[2026-06-28 09:22:12] [TASK_10] [INFO]   Training LightGBM …
[2026-06-28 09:22:12] [TASK_10] [INFO] Confusion matrix for LightGBM - Config_B:
[[2 0]
 [1 0]]
[2026-06-28 09:22:12] [TASK_10] [INFO] === Config_C (241 features) ===
[2026-06-28 09:22:12] [TASK_10] [INFO]   Train: 6 samples, Test: 3 samples, Features: 241
[2026-06-28 09:22:12] [TASK_10] [INFO] Confusion matrix for Majority_Class - Config_C:
[[2 0]
 [1 0]]
[2026-06-28 09:22:12] [TASK_10] [INFO] Confusion matrix for Naive_Momentum - Config_C:
[[2 0]
 [1 0]]
[2026-06-28 09:22:12] [TASK_10] [INFO]   Training Logistic_Regression …
[2026-06-28 09:22:13] [TASK_10] [INFO] Confusion matrix for Logistic_Regression - Config_C:
[[2 0]
 [1 0]]
[2026-06-28 09:22:13] [TASK_10] [INFO]   Training Random_Forest …
[2026-06-28 09:22:13] [TASK_10] [INFO] Confusion matrix for Random_Forest - Config_C:
[[2 0]
 [1 0]]
[2026-06-28 09:22:13] [TASK_10] [INFO]   Training XGBoost …
[2026-06-28 09:22:13] [TASK_10] [INFO] Confusion matrix for XGBoost - Config_C:
[[2 0]
 [1 0]]
[2026-06-28 09:22:13] [TASK_10] [INFO]   Training LightGBM …
[2026-06-28 09:22:13] [TASK_10] [INFO] Confusion matrix for LightGBM - Config_C:
[[2 0]
 [1 0]]
[2026-06-28 09:22:13] [TASK_10] [INFO] Saved model comparison to reports/model_comparison.csv (18 rows)
[2026-06-28 09:22:13] [TASK_10] [INFO] Best model: Logistic_Regression (Config_B) — Balanced Accuracy = 1.0000
[2026-06-28 09:22:13] [TASK_10] [INFO] Majority_Class: Config_C does not improve over Config_A by 0.0000 (BA: 0.5000 → 0.5000)
[2026-06-28 09:22:13] [TASK_10] [INFO] Note: Config_C does not improve over Config_A for Majority_Class. This is still a valid research finding.
[2026-06-28 09:22:13] [TASK_10] [INFO] Naive_Momentum: Config_C does not improve over Config_A by 0.0000 (BA: 0.5000 → 0.5000)
[2026-06-28 09:22:13] [TASK_10] [INFO] Note: Config_C does not improve over Config_A for Naive_Momentum. This is still a valid research finding.
[2026-06-28 09:22:13] [TASK_10] [INFO] Logistic_Regression: Config_C does not improve over Config_A by 0.0000 (BA: 0.5000 → 0.5000)
[2026-06-28 09:22:13] [TASK_10] [INFO] Note: Config_C does not improve over Config_A for Logistic_Regression. This is still a valid research finding.
[2026-06-28 09:22:13] [TASK_10] [INFO] Random_Forest: Config_C does not improve over Config_A by 0.0000 (BA: 0.5000 → 0.5000)
[2026-06-28 09:22:13] [TASK_10] [INFO] Note: Config_C does not improve over Config_A for Random_Forest. This is still a valid research finding.
[2026-06-28 09:22:13] [TASK_10] [INFO] XGBoost: Config_C does not improve over Config_A by 0.0000 (BA: 0.5000 → 0.5000)
[2026-06-28 09:22:13] [TASK_10] [INFO] Note: Config_C does not improve over Config_A for XGBoost. This is still a valid research finding.
[2026-06-28 09:22:13] [TASK_10] [INFO] LightGBM: Config_C does not improve over Config_A by 0.0000 (BA: 0.5000 → 0.5000)
[2026-06-28 09:22:13] [TASK_10] [INFO] Note: Config_C does not improve over Config_A for LightGBM. This is still a valid research finding.
[2026-06-28 09:22:13] [TASK_10] [INFO] Saved best model to models/best_model.pkl
[2026-06-28 09:22:13] [TASK_10] [INFO] Saved best model metadata to models/best_model.pkl.meta.json
[2026-06-28 09:22:13] [TASK_10] [INFO] ------------------------------------------------------------
[2026-06-28 09:22:13] [TASK_10] [INFO] END TASK_10 — completed in 6.4 seconds
[2026-06-28 09:22:14] [TASK_10] [INFO] Output: reports/model_comparison.csv (18 rows)
[2026-06-28 09:22:14] [TASK_10] [INFO] ============================================================
[2026-06-28 09:22:15] [TASK_10] [INFO] Merged dataset: 9 rows, 244 columns
[2026-06-28 09:22:15] [TASK_10] [WARNING] Fewer than 4 test quarters with cutoff 2025Q1; falling back to last 20% of quarters (1 test quarters).
[2026-06-28 09:22:15] [TASK_10] [INFO] Time-series split — train: 6 rows (2 quarters), test: 3 rows (1 quarters)
[2026-06-28 09:27:41] [TASK_10] [INFO] ============================================================
[2026-06-28 09:27:41] [TASK_10] [INFO] START TASK_10: Model Training (3 configs × 4 algorithms)
[2026-06-28 09:27:41] [TASK_10] [INFO] Timestamp: 2026-06-28T09:27:41.512091
[2026-06-28 09:27:41] [TASK_10] [INFO] ============================================================
[2026-06-28 09:27:41] [TASK_10] [INFO] Input: data/features/technical_features.csv (15 rows)
[2026-06-28 09:27:41] [TASK_10] [INFO] Input: data/features/keyword_features.csv (554 rows)
[2026-06-28 09:27:41] [TASK_10] [INFO] Input: data/aggregated/master_with_labels.csv (12 rows)
[2026-06-28 09:27:43] [TASK_10] [INFO] Merged dataset: 9 rows, 244 columns
[2026-06-28 09:27:43] [TASK_10] [INFO] Feature columns — technical: 16, keyword: 225
[2026-06-28 09:27:43] [TASK_10] [WARNING] Fewer than 4 test quarters with cutoff 2025Q1; falling back to last 20% of quarters (1 test quarters).
[2026-06-28 09:27:43] [TASK_10] [INFO] Time-series split — train: 6 rows (2 quarters), test: 3 rows (1 quarters)
[2026-06-28 09:27:43] [TASK_10] [INFO] === Config_A (16 features) ===
[2026-06-28 09:27:43] [TASK_10] [INFO]   Train: 6 samples, Test: 3 samples, Features: 16
[2026-06-28 09:27:43] [TASK_10] [INFO] Confusion matrix for Majority_Class - Config_A:
[[2 0]
 [1 0]]
[2026-06-28 09:27:43] [TASK_10] [INFO] Confusion matrix for Naive_Momentum - Config_A:
[[2 0]
 [1 0]]
[2026-06-28 09:27:43] [TASK_10] [INFO]   Training Logistic_Regression …
[2026-06-28 09:27:43] [TASK_10] [INFO] Confusion matrix for Logistic_Regression - Config_A:
[[2 0]
 [1 0]]
[2026-06-28 09:27:43] [TASK_10] [INFO]   Training Random_Forest …
[2026-06-28 09:27:44] [TASK_10] [INFO] Confusion matrix for Random_Forest - Config_A:
[[2 0]
 [1 0]]
[2026-06-28 09:27:44] [TASK_10] [INFO]   Training XGBoost …
[2026-06-28 09:27:44] [TASK_10] [INFO] Confusion matrix for XGBoost - Config_A:
[[2 0]
 [1 0]]
[2026-06-28 09:27:44] [TASK_10] [INFO]   Training LightGBM …
[2026-06-28 09:27:45] [TASK_10] [INFO] Confusion matrix for LightGBM - Config_A:
[[2 0]
 [1 0]]
[2026-06-28 09:27:45] [TASK_10] [INFO] === Config_B (225 features) ===
[2026-06-28 09:27:45] [TASK_10] [INFO]   Train: 6 samples, Test: 3 samples, Features: 225
[2026-06-28 09:27:45] [TASK_10] [INFO] Confusion matrix for Majority_Class - Config_B:
[[2 0]
 [1 0]]
[2026-06-28 09:27:45] [TASK_10] [INFO] Confusion matrix for Naive_Momentum - Config_B:
[[2 0]
 [1 0]]
[2026-06-28 09:27:45] [TASK_10] [INFO]   Training Logistic_Regression …
[2026-06-28 09:27:45] [TASK_10] [INFO] Confusion matrix for Logistic_Regression - Config_B:
[[2 0]
 [0 1]]
[2026-06-28 09:27:45] [TASK_10] [INFO]   Training Random_Forest …
[2026-06-28 09:27:46] [TASK_10] [INFO] Confusion matrix for Random_Forest - Config_B:
[[2 0]
 [1 0]]
[2026-06-28 09:27:46] [TASK_10] [INFO]   Training XGBoost …
[2026-06-28 09:27:46] [TASK_10] [INFO] Confusion matrix for XGBoost - Config_B:
[[2 0]
 [1 0]]
[2026-06-28 09:27:46] [TASK_10] [INFO]   Training LightGBM …
[2026-06-28 09:27:46] [TASK_10] [INFO] Confusion matrix for LightGBM - Config_B:
[[2 0]
 [1 0]]
[2026-06-28 09:27:46] [TASK_10] [INFO] === Config_C (241 features) ===
[2026-06-28 09:27:46] [TASK_10] [INFO]   Train: 6 samples, Test: 3 samples, Features: 241
[2026-06-28 09:27:46] [TASK_10] [INFO] Confusion matrix for Majority_Class - Config_C:
[[2 0]
 [1 0]]
[2026-06-28 09:27:46] [TASK_10] [INFO] Confusion matrix for Naive_Momentum - Config_C:
[[2 0]
 [1 0]]
[2026-06-28 09:27:46] [TASK_10] [INFO]   Training Logistic_Regression …
[2026-06-28 09:27:46] [TASK_10] [INFO] Confusion matrix for Logistic_Regression - Config_C:
[[2 0]
 [1 0]]
[2026-06-28 09:27:46] [TASK_10] [INFO]   Training Random_Forest …
[2026-06-28 09:27:47] [TASK_10] [INFO] Confusion matrix for Random_Forest - Config_C:
[[2 0]
 [1 0]]
[2026-06-28 09:27:47] [TASK_10] [INFO]   Training XGBoost …
[2026-06-28 09:27:47] [TASK_10] [INFO] Confusion matrix for XGBoost - Config_C:
[[2 0]
 [1 0]]
[2026-06-28 09:27:47] [TASK_10] [INFO]   Training LightGBM …
[2026-06-28 09:27:47] [TASK_10] [INFO] Confusion matrix for LightGBM - Config_C:
[[2 0]
 [1 0]]
[2026-06-28 09:27:47] [TASK_10] [INFO] Saved model comparison to reports/model_comparison.csv (18 rows)
[2026-06-28 09:27:47] [TASK_10] [INFO] Best model: Logistic_Regression (Config_B) — Balanced Accuracy = 1.0000
[2026-06-28 09:27:47] [TASK_10] [INFO] Majority_Class: Config_C does not improve over Config_A by 0.0000 (BA: 0.5000 → 0.5000)
[2026-06-28 09:27:47] [TASK_10] [INFO] Note: Config_C does not improve over Config_A for Majority_Class. This is still a valid research finding.
[2026-06-28 09:27:47] [TASK_10] [INFO] Naive_Momentum: Config_C does not improve over Config_A by 0.0000 (BA: 0.5000 → 0.5000)
[2026-06-28 09:27:47] [TASK_10] [INFO] Note: Config_C does not improve over Config_A for Naive_Momentum. This is still a valid research finding.
[2026-06-28 09:27:47] [TASK_10] [INFO] Logistic_Regression: Config_C does not improve over Config_A by 0.0000 (BA: 0.5000 → 0.5000)
[2026-06-28 09:27:47] [TASK_10] [INFO] Note: Config_C does not improve over Config_A for Logistic_Regression. This is still a valid research finding.
[2026-06-28 09:27:47] [TASK_10] [INFO] Random_Forest: Config_C does not improve over Config_A by 0.0000 (BA: 0.5000 → 0.5000)
[2026-06-28 09:27:47] [TASK_10] [INFO] Note: Config_C does not improve over Config_A for Random_Forest. This is still a valid research finding.
[2026-06-28 09:27:47] [TASK_10] [INFO] XGBoost: Config_C does not improve over Config_A by 0.0000 (BA: 0.5000 → 0.5000)
[2026-06-28 09:27:47] [TASK_10] [INFO] Note: Config_C does not improve over Config_A for XGBoost. This is still a valid research finding.
[2026-06-28 09:27:47] [TASK_10] [INFO] LightGBM: Config_C does not improve over Config_A by 0.0000 (BA: 0.5000 → 0.5000)
[2026-06-28 09:27:47] [TASK_10] [INFO] Note: Config_C does not improve over Config_A for LightGBM. This is still a valid research finding.
[2026-06-28 09:27:47] [TASK_10] [INFO] Saved best model to models/best_model.pkl
[2026-06-28 09:27:47] [TASK_10] [INFO] Saved best model metadata to models/best_model.pkl.meta.json
[2026-06-28 09:27:47] [TASK_10] [INFO] ------------------------------------------------------------
[2026-06-28 09:27:47] [TASK_10] [INFO] END TASK_10 — completed in 6.4 seconds
[2026-06-28 09:27:47] [TASK_10] [INFO] Output: reports/model_comparison.csv (18 rows)
[2026-06-28 09:27:47] [TASK_10] [INFO] ============================================================
[2026-06-28 09:27:49] [TASK_10] [INFO] Merged dataset: 9 rows, 244 columns
[2026-06-28 09:27:49] [TASK_10] [WARNING] Fewer than 4 test quarters with cutoff 2025Q1; falling back to last 20% of quarters (1 test quarters).
[2026-06-28 09:27:49] [TASK_10] [INFO] Time-series split — train: 6 rows (2 quarters), test: 3 rows (1 quarters)
[2026-06-28 09:28:02] [TASK_10] [INFO] Merged dataset: 9 rows, 244 columns
[2026-06-28 09:28:02] [TASK_10] [WARNING] Fewer than 4 test quarters with cutoff 2025Q1; falling back to last 20% of quarters (1 test quarters).
[2026-06-28 09:28:02] [TASK_10] [INFO] Time-series split — train: 6 rows (2 quarters), test: 3 rows (1 quarters)
[2026-06-28 09:28:02] [TASK_10] [INFO] Merged dataset: 9 rows, 244 columns
[2026-06-28 09:28:02] [TASK_10] [WARNING] Fewer than 4 test quarters with cutoff 2025Q1; falling back to last 20% of quarters (1 test quarters).
[2026-06-28 09:28:02] [TASK_10] [INFO] Time-series split — train: 6 rows (2 quarters), test: 3 rows (1 quarters)
[2026-06-28 09:29:58] [TASK_10] [INFO] ============================================================
[2026-06-28 09:29:58] [TASK_10] [INFO] START TASK_10: Model Training (3 configs × 4 algorithms)
[2026-06-28 09:29:58] [TASK_10] [INFO] Timestamp: 2026-06-28T09:29:58.417893
[2026-06-28 09:29:58] [TASK_10] [INFO] ============================================================
[2026-06-28 09:29:58] [TASK_10] [INFO] Input: data/features/technical_features.csv (15 rows)
[2026-06-28 09:29:58] [TASK_10] [INFO] Input: data/features/keyword_features.csv (554 rows)
[2026-06-28 09:29:58] [TASK_10] [INFO] Input: data/aggregated/master_with_labels.csv (12 rows)
[2026-06-28 09:29:58] [TASK_10] [INFO] ------------------------------------------------------------
[2026-06-28 09:29:58] [TASK_10] [INFO] END TASK_10 — completed in 0.0 seconds
[2026-06-28 09:29:58] [TASK_10] [INFO] ============================================================
[2026-06-28 09:29:58] [TASK_10] [INFO] ============================================================
[2026-06-28 09:29:58] [TASK_10] [INFO] START TASK_10: Model Training (3 configs × 4 algorithms)
[2026-06-28 09:29:58] [TASK_10] [INFO] Timestamp: 2026-06-28T09:29:58.602032
[2026-06-28 09:29:58] [TASK_10] [INFO] ============================================================
[2026-06-28 09:29:58] [TASK_10] [INFO] Input: data/features/technical_features.csv (15 rows)
[2026-06-28 09:29:58] [TASK_10] [INFO] Input: data/features/keyword_features.csv (554 rows)
[2026-06-28 09:29:58] [TASK_10] [INFO] Input: data/aggregated/master_with_labels.csv (12 rows)
[2026-06-28 09:29:58] [TASK_10] [INFO] ------------------------------------------------------------
[2026-06-28 09:29:58] [TASK_10] [INFO] END TASK_10 — completed in 0.0 seconds
[2026-06-28 09:29:58] [TASK_10] [INFO] ============================================================
[2026-06-28 09:29:58] [TASK_10] [INFO] Time-series split — train: 12 rows (4 quarters), test: 12 rows (4 quarters)
[2026-06-28 09:29:58] [TASK_10] [INFO] Time-series split — train: 12 rows (4 quarters), test: 12 rows (4 quarters)
[2026-06-28 09:29:58] [TASK_10] [INFO] Time-series split — train: 12 rows (4 quarters), test: 12 rows (4 quarters)
[2026-06-28 09:29:58] [TASK_10] [INFO] Time-series split — train: 12 rows (4 quarters), test: 12 rows (4 quarters)
[2026-06-28 09:29:58] [TASK_10] [WARNING] Fewer than 4 test quarters with cutoff 2024Q4; falling back to last 20% of quarters (1 test quarters).
[2026-06-28 09:29:58] [TASK_10] [INFO] Time-series split — train: 21 rows (7 quarters), test: 3 rows (1 quarters)
[2026-06-28 09:29:58] [TASK_10] [INFO] Time-series split — train: 12 rows (4 quarters), test: 12 rows (4 quarters)
[2026-06-28 09:29:58] [TASK_10] [INFO] Confusion matrix for Dummy - Config_A:
[[10  0]
 [ 2  0]]
[2026-06-28 10:37:24] [TASK_10] [INFO] ============================================================
[2026-06-28 10:37:24] [TASK_10] [INFO] START TASK_10: Model Training (3 configs × 4 algorithms)
[2026-06-28 10:37:24] [TASK_10] [INFO] Timestamp: 2026-06-28T10:37:24.948570
[2026-06-28 10:37:24] [TASK_10] [INFO] ============================================================
[2026-06-28 10:37:24] [TASK_10] [INFO] Input: data/features/technical_features.csv (570 rows)
[2026-06-28 10:37:24] [TASK_10] [INFO] Input: data/features/keyword_features.csv (554 rows)
[2026-06-28 10:37:24] [TASK_10] [INFO] Input: data/aggregated/master_with_labels.csv (536 rows)
[2026-06-28 10:37:29] [TASK_10] [INFO] Merged dataset: 506 rows, 244 columns
[2026-06-28 10:37:29] [TASK_10] [INFO] Feature columns — technical: 16, keyword: 225
[2026-06-28 10:37:29] [TASK_10] [INFO] Time-series split — train: 356 rows (12 quarters), test: 150 rows (5 quarters)
[2026-06-28 10:37:29] [TASK_10] [INFO] === Config_A (16 features) ===
[2026-06-28 10:37:29] [TASK_10] [INFO]   Train: 356 samples, Test: 150 samples, Features: 16
[2026-06-28 10:37:29] [TASK_10] [INFO] Confusion matrix for Majority_Class - Config_A:
[[71  0]
 [79  0]]
[2026-06-28 10:37:29] [TASK_10] [INFO] Confusion matrix for Naive_Momentum - Config_A:
[[38 33]
 [48 31]]
[2026-06-28 10:37:30] [TASK_10] [INFO]   Training Logistic_Regression …
[2026-06-28 10:37:30] [TASK_10] [INFO] Confusion matrix for Logistic_Regression - Config_A:
[[58 13]
 [29 50]]
[2026-06-28 10:37:30] [TASK_10] [INFO]   Training Random_Forest …
[2026-06-28 10:37:30] [TASK_10] [INFO] Confusion matrix for Random_Forest - Config_A:
[[58 13]
 [21 58]]
[2026-06-28 10:37:30] [TASK_10] [INFO]   Training XGBoost …
[2026-06-28 10:37:30] [TASK_10] [INFO] Confusion matrix for XGBoost - Config_A:
[[56 15]
 [26 53]]
[2026-06-28 10:37:30] [TASK_10] [INFO]   Training LightGBM …
[2026-06-28 10:37:32] [TASK_10] [INFO] Confusion matrix for LightGBM - Config_A:
[[55 16]
 [26 53]]
[2026-06-28 10:37:32] [TASK_10] [INFO] === Config_B (225 features) ===
[2026-06-28 10:37:32] [TASK_10] [INFO]   Train: 356 samples, Test: 150 samples, Features: 225
[2026-06-28 10:37:32] [TASK_10] [INFO] Confusion matrix for Majority_Class - Config_B:
[[71  0]
 [79  0]]
[2026-06-28 10:37:32] [TASK_10] [INFO] Confusion matrix for Naive_Momentum - Config_B:
[[38 33]
 [48 31]]
[2026-06-28 10:37:32] [TASK_10] [INFO]   Training Logistic_Regression …
[2026-06-28 10:37:32] [TASK_10] [INFO] Confusion matrix for Logistic_Regression - Config_B:
[[39 32]
 [42 37]]
[2026-06-28 10:37:32] [TASK_10] [INFO]   Training Random_Forest …
[2026-06-28 10:37:33] [TASK_10] [INFO] Confusion matrix for Random_Forest - Config_B:
[[29 42]
 [37 42]]
[2026-06-28 10:37:33] [TASK_10] [INFO]   Training XGBoost …
[2026-06-28 10:37:33] [TASK_10] [INFO] Confusion matrix for XGBoost - Config_B:
[[40 31]
 [37 42]]
[2026-06-28 10:37:33] [TASK_10] [INFO]   Training LightGBM …
[2026-06-28 10:37:33] [TASK_10] [INFO] Confusion matrix for LightGBM - Config_B:
[[33 38]
 [37 42]]
[2026-06-28 10:37:33] [TASK_10] [INFO] === Config_C (241 features) ===
[2026-06-28 10:37:33] [TASK_10] [INFO]   Train: 356 samples, Test: 150 samples, Features: 241
[2026-06-28 10:37:33] [TASK_10] [INFO] Confusion matrix for Majority_Class - Config_C:
[[71  0]
 [79  0]]
[2026-06-28 10:37:34] [TASK_10] [INFO] Confusion matrix for Naive_Momentum - Config_C:
[[38 33]
 [48 31]]
[2026-06-28 10:37:34] [TASK_10] [INFO]   Training Logistic_Regression …
[2026-06-28 10:37:34] [TASK_10] [INFO] Confusion matrix for Logistic_Regression - Config_C:
[[55 16]
 [30 49]]
[2026-06-28 10:37:34] [TASK_10] [INFO]   Training Random_Forest …
[2026-06-28 10:37:34] [TASK_10] [INFO] Confusion matrix for Random_Forest - Config_C:
[[53 18]
 [20 59]]
[2026-06-28 10:37:34] [TASK_10] [INFO]   Training XGBoost …
[2026-06-28 10:37:35] [TASK_10] [INFO] Confusion matrix for XGBoost - Config_C:
[[55 16]
 [24 55]]
[2026-06-28 10:37:35] [TASK_10] [INFO]   Training LightGBM …
[2026-06-28 10:37:35] [TASK_10] [INFO] Confusion matrix for LightGBM - Config_C:
[[53 18]
 [24 55]]
[2026-06-28 10:37:35] [TASK_10] [INFO] Saved model comparison to reports/model_comparison.csv (18 rows)
[2026-06-28 10:37:35] [TASK_10] [INFO] Best model: Random_Forest (Config_A) — Balanced Accuracy = 0.7755
[2026-06-28 10:37:35] [TASK_10] [INFO] Majority_Class: Config_C does not improve over Config_A by 0.0000 (BA: 0.5000 → 0.5000)
[2026-06-28 10:37:35] [TASK_10] [INFO] Note: Config_C does not improve over Config_A for Majority_Class. This is still a valid research finding.
[2026-06-28 10:37:35] [TASK_10] [INFO] Naive_Momentum: Config_C does not improve over Config_A by 0.0000 (BA: 0.4638 → 0.4638)
[2026-06-28 10:37:35] [TASK_10] [INFO] Note: Config_C does not improve over Config_A for Naive_Momentum. This is still a valid research finding.
[2026-06-28 10:37:35] [TASK_10] [INFO] Logistic_Regression: Config_C does not improve over Config_A by 0.0275 (BA: 0.7249 → 0.6975)
[2026-06-28 10:37:35] [TASK_10] [INFO] Note: Config_C does not improve over Config_A for Logistic_Regression. This is still a valid research finding.
[2026-06-28 10:37:35] [TASK_10] [INFO] Random_Forest: Config_C does not improve over Config_A by 0.0289 (BA: 0.7755 → 0.7467)
[2026-06-28 10:37:35] [TASK_10] [INFO] Note: Config_C does not improve over Config_A for Random_Forest. This is still a valid research finding.
[2026-06-28 10:37:35] [TASK_10] [INFO] XGBoost: Config_C improves over Config_A by 0.0056 (BA: 0.7298 → 0.7354)
[2026-06-28 10:37:35] [TASK_10] [INFO] LightGBM: Config_C does not improve over Config_A by 0.0014 (BA: 0.7228 → 0.7213)
[2026-06-28 10:37:35] [TASK_10] [INFO] Note: Config_C does not improve over Config_A for LightGBM. This is still a valid research finding.
[2026-06-28 10:37:35] [TASK_10] [INFO] Saved best model to models/best_model.pkl
[2026-06-28 10:37:35] [TASK_10] [INFO] Saved best model metadata to models/best_model.pkl.meta.json
[2026-06-28 10:37:35] [TASK_10] [INFO] ------------------------------------------------------------
[2026-06-28 10:37:35] [TASK_10] [INFO] END TASK_10 — completed in 10.5 seconds
[2026-06-28 10:37:35] [TASK_10] [INFO] Output: reports/model_comparison.csv (18 rows)
[2026-06-28 10:37:35] [TASK_10] [INFO] ============================================================
[2026-06-28 10:37:38] [TASK_10] [INFO] Merged dataset: 506 rows, 244 columns
[2026-06-28 10:37:38] [TASK_10] [INFO] Time-series split — train: 356 rows (12 quarters), test: 150 rows (5 quarters)
[2026-06-28 10:37:46] [TASK_10] [INFO] Merged dataset: 506 rows, 244 columns
[2026-06-28 10:37:46] [TASK_10] [INFO] Time-series split — train: 356 rows (12 quarters), test: 150 rows (5 quarters)
[2026-06-28 10:37:46] [TASK_10] [INFO] Merged dataset: 506 rows, 244 columns
[2026-06-28 10:37:46] [TASK_10] [INFO] Time-series split — train: 356 rows (12 quarters), test: 150 rows (5 quarters)
[2026-06-28 10:40:15] [TASK_10] [INFO] ============================================================
[2026-06-28 10:40:15] [TASK_10] [INFO] START TASK_10: Model Training (3 configs × 4 algorithms)
[2026-06-28 10:40:15] [TASK_10] [INFO] Timestamp: 2026-06-28T10:40:15.613438
[2026-06-28 10:40:15] [TASK_10] [INFO] ============================================================
[2026-06-28 10:40:15] [TASK_10] [INFO] Input: data/features/technical_features.csv (570 rows)
[2026-06-28 10:40:15] [TASK_10] [INFO] Input: data/features/keyword_features.csv (554 rows)
[2026-06-28 10:40:15] [TASK_10] [INFO] Input: data/aggregated/master_with_labels.csv (536 rows)
[2026-06-28 10:40:15] [TASK_10] [INFO] ------------------------------------------------------------
[2026-06-28 10:40:15] [TASK_10] [INFO] END TASK_10 — completed in 0.0 seconds
[2026-06-28 10:40:15] [TASK_10] [INFO] ============================================================
[2026-06-28 10:40:15] [TASK_10] [INFO] ============================================================
[2026-06-28 10:40:15] [TASK_10] [INFO] START TASK_10: Model Training (3 configs × 4 algorithms)
[2026-06-28 10:40:15] [TASK_10] [INFO] Timestamp: 2026-06-28T10:40:15.866762
[2026-06-28 10:40:15] [TASK_10] [INFO] ============================================================
[2026-06-28 10:40:15] [TASK_10] [INFO] Input: data/features/technical_features.csv (570 rows)
[2026-06-28 10:40:15] [TASK_10] [INFO] Input: data/features/keyword_features.csv (554 rows)
[2026-06-28 10:40:15] [TASK_10] [INFO] Input: data/aggregated/master_with_labels.csv (536 rows)
[2026-06-28 10:40:15] [TASK_10] [INFO] ------------------------------------------------------------
[2026-06-28 10:40:15] [TASK_10] [INFO] END TASK_10 — completed in 0.0 seconds
[2026-06-28 10:40:15] [TASK_10] [INFO] ============================================================
[2026-06-28 10:40:15] [TASK_10] [INFO] Time-series split — train: 12 rows (4 quarters), test: 12 rows (4 quarters)
[2026-06-28 10:40:15] [TASK_10] [INFO] Time-series split — train: 12 rows (4 quarters), test: 12 rows (4 quarters)
[2026-06-28 10:40:15] [TASK_10] [INFO] Time-series split — train: 12 rows (4 quarters), test: 12 rows (4 quarters)
[2026-06-28 10:40:15] [TASK_10] [INFO] Time-series split — train: 12 rows (4 quarters), test: 12 rows (4 quarters)
[2026-06-28 10:40:15] [TASK_10] [WARNING] Fewer than 4 test quarters with cutoff 2024Q4; falling back to last 20% of quarters (1 test quarters).
[2026-06-28 10:40:15] [TASK_10] [INFO] Time-series split — train: 21 rows (7 quarters), test: 3 rows (1 quarters)
[2026-06-28 10:40:16] [TASK_10] [INFO] Time-series split — train: 12 rows (4 quarters), test: 12 rows (4 quarters)
[2026-06-28 10:40:16] [TASK_10] [INFO] Confusion matrix for Dummy - Config_A:
[[10  0]
 [ 2  0]]
[2026-06-28 10:44:02] [TASK_10] [INFO] ============================================================
[2026-06-28 10:44:02] [TASK_10] [INFO] START TASK_10: Model Training (3 configs × 4 algorithms)
[2026-06-28 10:44:02] [TASK_10] [INFO] Timestamp: 2026-06-28T10:44:02.009392
[2026-06-28 10:44:02] [TASK_10] [INFO] ============================================================
[2026-06-28 10:44:02] [TASK_10] [INFO] Input: data/features/technical_features.csv (570 rows)
[2026-06-28 10:44:02] [TASK_10] [INFO] Input: data/features/keyword_features.csv (554 rows)
[2026-06-28 10:44:02] [TASK_10] [INFO] Input: data/aggregated/master_with_labels.csv (536 rows)
[2026-06-28 10:44:03] [TASK_10] [INFO] Merged dataset: 506 rows, 244 columns
[2026-06-28 10:44:03] [TASK_10] [INFO] Feature columns — technical: 16, keyword: 225
[2026-06-28 10:44:03] [TASK_10] [INFO] Time-series split — train: 356 rows (12 quarters), test: 150 rows (5 quarters)
[2026-06-28 10:44:03] [TASK_10] [INFO] === Config_A (16 features) ===
[2026-06-28 10:44:03] [TASK_10] [INFO]   Train: 356 samples, Test: 150 samples, Features: 16
[2026-06-28 10:44:03] [TASK_10] [INFO] Confusion matrix for Majority_Class - Config_A:
[[71  0]
 [79  0]]
[2026-06-28 10:44:04] [TASK_10] [INFO] Confusion matrix for Naive_Momentum - Config_A:
[[38 33]
 [48 31]]
[2026-06-28 10:44:04] [TASK_10] [INFO]   Training Logistic_Regression …
[2026-06-28 10:44:04] [TASK_10] [INFO] Confusion matrix for Logistic_Regression - Config_A:
[[58 13]
 [29 50]]
[2026-06-28 10:44:04] [TASK_10] [INFO]   Training Random_Forest …
[2026-06-28 10:44:04] [TASK_10] [INFO] Confusion matrix for Random_Forest - Config_A:
[[58 13]
 [21 58]]
[2026-06-28 10:44:04] [TASK_10] [INFO]   Training XGBoost …
[2026-06-28 10:44:04] [TASK_10] [INFO] Confusion matrix for XGBoost - Config_A:
[[56 15]
 [26 53]]
[2026-06-28 10:44:04] [TASK_10] [INFO]   Training LightGBM …
[2026-06-28 10:44:06] [TASK_10] [INFO] Confusion matrix for LightGBM - Config_A:
[[55 16]
 [26 53]]
[2026-06-28 10:44:06] [TASK_10] [INFO] === Config_B (225 features) ===
[2026-06-28 10:44:06] [TASK_10] [INFO]   Train: 356 samples, Test: 150 samples, Features: 225
[2026-06-28 10:44:06] [TASK_10] [INFO] Confusion matrix for Majority_Class - Config_B:
[[71  0]
 [79  0]]
[2026-06-28 10:44:06] [TASK_10] [INFO] Confusion matrix for Naive_Momentum - Config_B:
[[38 33]
 [48 31]]
[2026-06-28 10:44:06] [TASK_10] [INFO]   Training Logistic_Regression …
[2026-06-28 10:44:06] [TASK_10] [INFO] Confusion matrix for Logistic_Regression - Config_B:
[[39 32]
 [42 37]]
[2026-06-28 10:44:06] [TASK_10] [INFO]   Training Random_Forest …
[2026-06-28 10:44:06] [TASK_10] [INFO] Confusion matrix for Random_Forest - Config_B:
[[29 42]
 [37 42]]
[2026-06-28 10:44:06] [TASK_10] [INFO]   Training XGBoost …
[2026-06-28 10:44:07] [TASK_10] [INFO] Confusion matrix for XGBoost - Config_B:
[[40 31]
 [37 42]]
[2026-06-28 10:44:07] [TASK_10] [INFO]   Training LightGBM …
[2026-06-28 10:44:07] [TASK_10] [INFO] Confusion matrix for LightGBM - Config_B:
[[33 38]
 [37 42]]
[2026-06-28 10:44:07] [TASK_10] [INFO] === Config_C (241 features) ===
[2026-06-28 10:44:07] [TASK_10] [INFO]   Train: 356 samples, Test: 150 samples, Features: 241
[2026-06-28 10:44:07] [TASK_10] [INFO] Confusion matrix for Majority_Class - Config_C:
[[71  0]
 [79  0]]
[2026-06-28 10:44:07] [TASK_10] [INFO] Confusion matrix for Naive_Momentum - Config_C:
[[38 33]
 [48 31]]
[2026-06-28 10:44:07] [TASK_10] [INFO]   Training Logistic_Regression …
[2026-06-28 10:44:08] [TASK_10] [INFO] Confusion matrix for Logistic_Regression - Config_C:
[[55 16]
 [30 49]]
[2026-06-28 10:44:08] [TASK_10] [INFO]   Training Random_Forest …
[2026-06-28 10:44:08] [TASK_10] [INFO] Confusion matrix for Random_Forest - Config_C:
[[53 18]
 [20 59]]
[2026-06-28 10:44:08] [TASK_10] [INFO]   Training XGBoost …
[2026-06-28 10:44:09] [TASK_10] [INFO] Confusion matrix for XGBoost - Config_C:
[[55 16]
 [24 55]]
[2026-06-28 10:44:09] [TASK_10] [INFO]   Training LightGBM …
[2026-06-28 10:44:09] [TASK_10] [INFO] Confusion matrix for LightGBM - Config_C:
[[53 18]
 [24 55]]
[2026-06-28 10:44:09] [TASK_10] [INFO] Saved model comparison to reports/model_comparison.csv (18 rows)
[2026-06-28 10:44:09] [TASK_10] [INFO] Best model: Random_Forest (Config_A) — Balanced Accuracy = 0.7755
[2026-06-28 10:44:09] [TASK_10] [INFO] Majority_Class: Config_C does not improve over Config_A by 0.0000 (BA: 0.5000 → 0.5000)
[2026-06-28 10:44:09] [TASK_10] [INFO] Note: Config_C does not improve over Config_A for Majority_Class. This is still a valid research finding.
[2026-06-28 10:44:09] [TASK_10] [INFO] Naive_Momentum: Config_C does not improve over Config_A by 0.0000 (BA: 0.4638 → 0.4638)
[2026-06-28 10:44:09] [TASK_10] [INFO] Note: Config_C does not improve over Config_A for Naive_Momentum. This is still a valid research finding.
[2026-06-28 10:44:09] [TASK_10] [INFO] Logistic_Regression: Config_C does not improve over Config_A by 0.0275 (BA: 0.7249 → 0.6975)
[2026-06-28 10:44:09] [TASK_10] [INFO] Note: Config_C does not improve over Config_A for Logistic_Regression. This is still a valid research finding.
[2026-06-28 10:44:09] [TASK_10] [INFO] Random_Forest: Config_C does not improve over Config_A by 0.0289 (BA: 0.7755 → 0.7467)
[2026-06-28 10:44:09] [TASK_10] [INFO] Note: Config_C does not improve over Config_A for Random_Forest. This is still a valid research finding.
[2026-06-28 10:44:09] [TASK_10] [INFO] XGBoost: Config_C improves over Config_A by 0.0056 (BA: 0.7298 → 0.7354)
[2026-06-28 10:44:09] [TASK_10] [INFO] LightGBM: Config_C does not improve over Config_A by 0.0014 (BA: 0.7228 → 0.7213)
[2026-06-28 10:44:09] [TASK_10] [INFO] Note: Config_C does not improve over Config_A for LightGBM. This is still a valid research finding.
[2026-06-28 10:44:09] [TASK_10] [INFO] Saved best model to models/best_model.pkl
[2026-06-28 10:44:09] [TASK_10] [INFO] Saved best model metadata to models/best_model.pkl.meta.json
[2026-06-28 10:44:09] [TASK_10] [INFO] ------------------------------------------------------------
[2026-06-28 10:44:09] [TASK_10] [INFO] END TASK_10 — completed in 7.3 seconds
[2026-06-28 10:44:09] [TASK_10] [INFO] Output: reports/model_comparison.csv (18 rows)
[2026-06-28 10:44:09] [TASK_10] [INFO] ============================================================
[2026-06-28 10:44:11] [TASK_10] [INFO] Merged dataset: 506 rows, 244 columns
[2026-06-28 10:44:11] [TASK_10] [INFO] Time-series split — train: 356 rows (12 quarters), test: 150 rows (5 quarters)
[2026-06-28 10:44:21] [TASK_10] [INFO] Merged dataset: 506 rows, 244 columns
[2026-06-28 10:44:21] [TASK_10] [INFO] Time-series split — train: 356 rows (12 quarters), test: 150 rows (5 quarters)
[2026-06-28 10:44:21] [TASK_10] [INFO] Merged dataset: 506 rows, 244 columns
[2026-06-28 10:44:21] [TASK_10] [INFO] Time-series split — train: 356 rows (12 quarters), test: 150 rows (5 quarters)
[2026-06-28 10:52:19] [TASK_10] [INFO] Merged dataset: 506 rows, 244 columns
[2026-06-28 10:52:19] [TASK_10] [INFO] Time-series split — train: 237 rows (8 quarters), test: 269 rows (9 quarters)
[2026-06-28 10:52:20] [TASK_10] [INFO] Confusion matrix for Logistic_Regression - Config_A:
[[94 29]
 [60 86]]
[2026-06-28 10:52:20] [TASK_10] [INFO] Confusion matrix for Random_Forest - Config_A:
[[88 35]
 [48 98]]
[2026-06-28 10:52:20] [TASK_10] [INFO] Confusion matrix for XGBoost - Config_A:
[[ 83  40]
 [ 38 108]]
[2026-06-28 10:52:22] [TASK_10] [INFO] Confusion matrix for LightGBM - Config_A:
[[ 80  43]
 [ 42 104]]
[2026-06-28 10:52:22] [TASK_10] [INFO] Confusion matrix for Logistic_Regression - Config_C:
[[92 31]
 [58 88]]
[2026-06-28 10:52:22] [TASK_10] [INFO] Confusion matrix for Random_Forest - Config_C:
[[ 82  41]
 [ 38 108]]
[2026-06-28 10:52:23] [TASK_10] [INFO] Confusion matrix for XGBoost - Config_C:
[[ 79  44]
 [ 38 108]]
[2026-06-28 10:52:23] [TASK_10] [INFO] Confusion matrix for LightGBM - Config_C:
[[ 79  44]
 [ 39 107]]
[2026-06-28 10:52:23] [TASK_10] [INFO] Time-series split — train: 297 rows (10 quarters), test: 209 rows (7 quarters)
[2026-06-28 10:52:23] [TASK_10] [INFO] Confusion matrix for Logistic_Regression - Config_A:
[[64 32]
 [37 76]]
[2026-06-28 10:52:23] [TASK_10] [INFO] Confusion matrix for Random_Forest - Config_A:
[[69 27]
 [28 85]]
[2026-06-28 10:52:23] [TASK_10] [INFO] Confusion matrix for XGBoost - Config_A:
[[61 35]
 [25 88]]
[2026-06-28 10:52:23] [TASK_10] [INFO] Confusion matrix for LightGBM - Config_A:
[[63 33]
 [26 87]]
[2026-06-28 10:52:24] [TASK_10] [INFO] Confusion matrix for Logistic_Regression - Config_C:
[[65 31]
 [36 77]]
[2026-06-28 10:52:24] [TASK_10] [INFO] Confusion matrix for Random_Forest - Config_C:
[[64 32]
 [33 80]]
[2026-06-28 10:52:24] [TASK_10] [INFO] Confusion matrix for XGBoost - Config_C:
[[61 35]
 [23 90]]
[2026-06-28 10:52:25] [TASK_10] [INFO] Confusion matrix for LightGBM - Config_C:
[[62 34]
 [30 83]]
[2026-06-28 10:52:25] [TASK_10] [INFO] Time-series split — train: 356 rows (12 quarters), test: 150 rows (5 quarters)
[2026-06-28 10:52:25] [TASK_10] [INFO] Confusion matrix for Logistic_Regression - Config_A:
[[58 13]
 [29 50]]
[2026-06-28 10:52:25] [TASK_10] [INFO] Confusion matrix for Random_Forest - Config_A:
[[58 13]
 [21 58]]
[2026-06-28 10:52:25] [TASK_10] [INFO] Confusion matrix for XGBoost - Config_A:
[[56 15]
 [26 53]]
[2026-06-28 10:52:25] [TASK_10] [INFO] Confusion matrix for LightGBM - Config_A:
[[55 16]
 [26 53]]
[2026-06-28 10:52:25] [TASK_10] [INFO] Confusion matrix for Logistic_Regression - Config_C:
[[55 16]
 [30 49]]
[2026-06-28 10:52:26] [TASK_10] [INFO] Confusion matrix for Random_Forest - Config_C:
[[53 18]
 [20 59]]
[2026-06-28 10:52:26] [TASK_10] [INFO] Confusion matrix for XGBoost - Config_C:
[[55 16]
 [24 55]]
[2026-06-28 10:52:26] [TASK_10] [INFO] Confusion matrix for LightGBM - Config_C:
[[53 18]
 [24 55]]
[2026-06-28 10:52:26] [TASK_10] [WARNING] Fewer than 4 test quarters with cutoff 2025Q3; falling back to last 20% of quarters (3 test quarters).
[2026-06-28 10:52:26] [TASK_10] [INFO] Time-series split — train: 416 rows (14 quarters), test: 90 rows (3 quarters)
[2026-06-28 10:52:26] [TASK_10] [INFO] Confusion matrix for Logistic_Regression - Config_A:
[[30 20]
 [21 19]]
[2026-06-28 10:52:27] [TASK_10] [INFO] Confusion matrix for Random_Forest - Config_A:
[[36 14]
 [13 27]]
[2026-06-28 10:52:27] [TASK_10] [INFO] Confusion matrix for XGBoost - Config_A:
[[38 12]
 [14 26]]
[2026-06-28 10:52:27] [TASK_10] [INFO] Confusion matrix for LightGBM - Config_A:
[[37 13]
 [14 26]]
[2026-06-28 10:52:27] [TASK_10] [INFO] Confusion matrix for Logistic_Regression - Config_C:
[[28 22]
 [21 19]]
[2026-06-28 10:52:27] [TASK_10] [INFO] Confusion matrix for Random_Forest - Config_C:
[[28 22]
 [12 28]]
[2026-06-28 10:52:28] [TASK_10] [INFO] Confusion matrix for XGBoost - Config_C:
[[31 19]
 [13 27]]
[2026-06-28 10:52:28] [TASK_10] [INFO] Confusion matrix for LightGBM - Config_C:
[[37 13]
 [16 24]]
[2026-06-28 10:52:28] [TASK_10] [WARNING] Fewer than 4 test quarters with cutoff 2026Q1; falling back to last 20% of quarters (3 test quarters).
[2026-06-28 10:52:28] [TASK_10] [INFO] Time-series split — train: 416 rows (14 quarters), test: 90 rows (3 quarters)
[2026-06-28 10:52:28] [TASK_10] [INFO] Confusion matrix for Logistic_Regression - Config_A:
[[30 20]
 [21 19]]
[2026-06-28 10:52:29] [TASK_10] [INFO] Confusion matrix for Random_Forest - Config_A:
[[36 14]
 [13 27]]
[2026-06-28 10:52:29] [TASK_10] [INFO] Confusion matrix for XGBoost - Config_A:
[[38 12]
 [14 26]]
[2026-06-28 10:52:29] [TASK_10] [INFO] Confusion matrix for LightGBM - Config_A:
[[37 13]
 [14 26]]
[2026-06-28 10:52:29] [TASK_10] [INFO] Confusion matrix for Logistic_Regression - Config_C:
[[28 22]
 [21 19]]
[2026-06-28 10:52:29] [TASK_10] [INFO] Confusion matrix for Random_Forest - Config_C:
[[28 22]
 [12 28]]
[2026-06-28 10:52:30] [TASK_10] [INFO] Confusion matrix for XGBoost - Config_C:
[[31 19]
 [13 27]]
[2026-06-28 10:52:30] [TASK_10] [INFO] Confusion matrix for LightGBM - Config_C:
[[37 13]
 [16 24]]
[2026-06-28 11:15:44] [TASK_10] [INFO] ============================================================
[2026-06-28 11:15:44] [TASK_10] [INFO] START TASK_10: Model Training (3 configs × 4 algorithms)
[2026-06-28 11:15:44] [TASK_10] [INFO] Timestamp: 2026-06-28T11:15:44.775468
[2026-06-28 11:15:44] [TASK_10] [INFO] ============================================================
[2026-06-28 11:15:44] [TASK_10] [INFO] Input: data/features/technical_features.csv (570 rows)
[2026-06-28 11:15:44] [TASK_10] [INFO] Input: data/features/keyword_features.csv (554 rows)
[2026-06-28 11:15:44] [TASK_10] [INFO] Input: data/aggregated/master_with_labels.csv (536 rows)
[2026-06-28 11:15:46] [TASK_10] [INFO] Merged dataset: 506 rows, 244 columns
[2026-06-28 11:15:46] [TASK_10] [INFO] Feature columns — technical: 16, keyword: 225
[2026-06-28 11:15:46] [TASK_10] [INFO] Time-series split — train: 356 rows (12 quarters), test: 150 rows (5 quarters)
[2026-06-28 11:15:46] [TASK_10] [INFO] === Config_A (16 features) ===
[2026-06-28 11:15:46] [TASK_10] [INFO]   Train: 356 samples, Test: 150 samples, Features: 16
[2026-06-28 11:15:46] [TASK_10] [INFO] Confusion matrix for Majority_Class - Config_A:
[[71  0]
 [79  0]]
[2026-06-28 11:15:46] [TASK_10] [INFO] Confusion matrix for Naive_Momentum - Config_A:
[[38 33]
 [48 31]]
[2026-06-28 11:15:46] [TASK_10] [INFO]   Training Logistic_Regression …
[2026-06-28 11:15:46] [TASK_10] [INFO] Confusion matrix for Logistic_Regression - Config_A:
[[58 13]
 [29 50]]
[2026-06-28 11:15:46] [TASK_10] [INFO]   Training Random_Forest …
[2026-06-28 11:15:47] [TASK_10] [INFO] Confusion matrix for Random_Forest - Config_A:
[[58 13]
 [21 58]]
[2026-06-28 11:15:47] [TASK_10] [INFO]   Training XGBoost …
[2026-06-28 11:15:47] [TASK_10] [INFO] Confusion matrix for XGBoost - Config_A:
[[56 15]
 [26 53]]
[2026-06-28 11:15:47] [TASK_10] [INFO]   Training LightGBM …
[2026-06-28 11:15:48] [TASK_10] [INFO] Confusion matrix for LightGBM - Config_A:
[[55 16]
 [26 53]]
[2026-06-28 11:15:48] [TASK_10] [INFO] === Config_B (225 features) ===
[2026-06-28 11:15:48] [TASK_10] [INFO]   Train: 356 samples, Test: 150 samples, Features: 225
[2026-06-28 11:15:48] [TASK_10] [INFO] Confusion matrix for Majority_Class - Config_B:
[[71  0]
 [79  0]]
[2026-06-28 11:15:48] [TASK_10] [INFO] Confusion matrix for Naive_Momentum - Config_B:
[[38 33]
 [48 31]]
[2026-06-28 11:15:48] [TASK_10] [INFO]   Training Logistic_Regression …
[2026-06-28 11:15:48] [TASK_10] [INFO] Confusion matrix for Logistic_Regression - Config_B:
[[39 32]
 [42 37]]
[2026-06-28 11:15:48] [TASK_10] [INFO]   Training Random_Forest …
[2026-06-28 11:15:49] [TASK_10] [INFO] Confusion matrix for Random_Forest - Config_B:
[[29 42]
 [37 42]]
[2026-06-28 11:15:49] [TASK_10] [INFO]   Training XGBoost …
[2026-06-28 11:15:49] [TASK_10] [INFO] Confusion matrix for XGBoost - Config_B:
[[40 31]
 [37 42]]
[2026-06-28 11:15:49] [TASK_10] [INFO]   Training LightGBM …
[2026-06-28 11:15:49] [TASK_10] [INFO] Confusion matrix for LightGBM - Config_B:
[[33 38]
 [37 42]]
[2026-06-28 11:15:49] [TASK_10] [INFO] === Config_C (241 features) ===
[2026-06-28 11:15:49] [TASK_10] [INFO]   Train: 356 samples, Test: 150 samples, Features: 241
[2026-06-28 11:15:49] [TASK_10] [INFO] Confusion matrix for Majority_Class - Config_C:
[[71  0]
 [79  0]]
[2026-06-28 11:15:49] [TASK_10] [INFO] Confusion matrix for Naive_Momentum - Config_C:
[[38 33]
 [48 31]]
[2026-06-28 11:15:49] [TASK_10] [INFO]   Training Logistic_Regression …
[2026-06-28 11:15:50] [TASK_10] [INFO] Confusion matrix for Logistic_Regression - Config_C:
[[55 16]
 [30 49]]
[2026-06-28 11:15:50] [TASK_10] [INFO]   Training Random_Forest …
[2026-06-28 11:15:50] [TASK_10] [INFO] Confusion matrix for Random_Forest - Config_C:
[[53 18]
 [20 59]]
[2026-06-28 11:15:50] [TASK_10] [INFO]   Training XGBoost …
[2026-06-28 11:15:51] [TASK_10] [INFO] Confusion matrix for XGBoost - Config_C:
[[55 16]
 [24 55]]
[2026-06-28 11:15:51] [TASK_10] [INFO]   Training LightGBM …
[2026-06-28 11:15:51] [TASK_10] [INFO] Confusion matrix for LightGBM - Config_C:
[[53 18]
 [24 55]]
[2026-06-28 11:15:51] [TASK_10] [INFO] Saved model comparison to reports/model_comparison.csv (18 rows)
[2026-06-28 11:15:51] [TASK_10] [INFO] Best model: Random_Forest (Config_A) — Balanced Accuracy = 0.7755
[2026-06-28 11:15:51] [TASK_10] [INFO] Majority_Class: Config_C does not improve over Config_A by 0.0000 (BA: 0.5000 → 0.5000)
[2026-06-28 11:15:51] [TASK_10] [INFO] Note: Config_C does not improve over Config_A for Majority_Class. This is still a valid research finding.
[2026-06-28 11:15:51] [TASK_10] [INFO] Naive_Momentum: Config_C does not improve over Config_A by 0.0000 (BA: 0.4638 → 0.4638)
[2026-06-28 11:15:51] [TASK_10] [INFO] Note: Config_C does not improve over Config_A for Naive_Momentum. This is still a valid research finding.
[2026-06-28 11:15:51] [TASK_10] [INFO] Logistic_Regression: Config_C does not improve over Config_A by 0.0275 (BA: 0.7249 → 0.6975)
[2026-06-28 11:15:51] [TASK_10] [INFO] Note: Config_C does not improve over Config_A for Logistic_Regression. This is still a valid research finding.
[2026-06-28 11:15:51] [TASK_10] [INFO] Random_Forest: Config_C does not improve over Config_A by 0.0289 (BA: 0.7755 → 0.7467)
[2026-06-28 11:15:51] [TASK_10] [INFO] Note: Config_C does not improve over Config_A for Random_Forest. This is still a valid research finding.
[2026-06-28 11:15:51] [TASK_10] [INFO] XGBoost: Config_C improves over Config_A by 0.0056 (BA: 0.7298 → 0.7354)
[2026-06-28 11:15:51] [TASK_10] [INFO] LightGBM: Config_C does not improve over Config_A by 0.0014 (BA: 0.7228 → 0.7213)
[2026-06-28 11:15:51] [TASK_10] [INFO] Note: Config_C does not improve over Config_A for LightGBM. This is still a valid research finding.
[2026-06-28 11:15:51] [TASK_10] [INFO] Saved best model to models/best_model.pkl
[2026-06-28 11:15:51] [TASK_10] [INFO] Saved best model metadata to models/best_model.pkl.meta.json
[2026-06-28 11:15:51] [TASK_10] [INFO] ------------------------------------------------------------
[2026-06-28 11:15:51] [TASK_10] [INFO] END TASK_10 — completed in 6.5 seconds
[2026-06-28 11:15:51] [TASK_10] [INFO] Output: reports/model_comparison.csv (18 rows)
[2026-06-28 11:15:51] [TASK_10] [INFO] ============================================================
[2026-06-28 11:15:52] [TASK_10] [INFO] Merged dataset: 506 rows, 244 columns
[2026-06-28 11:15:52] [TASK_10] [INFO] Time-series split — train: 356 rows (12 quarters), test: 150 rows (5 quarters)
[2026-06-28 11:16:01] [TASK_10] [INFO] Merged dataset: 506 rows, 244 columns
[2026-06-28 11:16:01] [TASK_10] [INFO] Time-series split — train: 356 rows (12 quarters), test: 150 rows (5 quarters)
[2026-06-28 11:16:01] [TASK_10] [INFO] Merged dataset: 506 rows, 244 columns
[2026-06-28 11:16:01] [TASK_10] [INFO] Time-series split — train: 356 rows (12 quarters), test: 150 rows (5 quarters)
[2026-06-28 11:17:42] [TASK_10] [INFO] Confusion matrix for Logistic_Regression - Config_A:
[[106  46]
 [ 44  90]]
[2026-06-28 11:17:42] [TASK_10] [INFO] Confusion matrix for Random_Forest - Config_A:
[[ 86  66]
 [ 30 104]]
[2026-06-28 11:17:42] [TASK_10] [INFO] Confusion matrix for XGBoost - Config_A:
[[ 82  70]
 [ 30 104]]
[2026-06-28 11:17:44] [TASK_10] [INFO] Confusion matrix for LightGBM - Config_A:
[[ 89  63]
 [ 34 100]]
[2026-06-28 11:17:44] [TASK_10] [INFO] Confusion matrix for Logistic_Regression - Config_C:
[[109  43]
 [ 45  89]]
[2026-06-28 11:17:44] [TASK_10] [INFO] Confusion matrix for Random_Forest - Config_C:
[[ 88  64]
 [ 22 112]]
[2026-06-28 11:17:45] [TASK_10] [INFO] Confusion matrix for XGBoost - Config_C:
[[ 84  68]
 [ 30 104]]
[2026-06-28 11:17:45] [TASK_10] [INFO] Confusion matrix for LightGBM - Config_C:
[[ 85  67]
 [ 32 102]]
[2026-06-28 11:17:48] [TASK_10] [INFO] Confusion matrix for Logistic_Regression - Config_A:
[[47 30]
 [29 44]]
[2026-06-28 11:17:48] [TASK_10] [INFO] Confusion matrix for Random_Forest - Config_A:
[[56 21]
 [17 56]]
[2026-06-28 11:17:48] [TASK_10] [INFO] Confusion matrix for XGBoost - Config_A:
[[55 22]
 [19 54]]
[2026-06-28 11:17:49] [TASK_10] [INFO] Confusion matrix for LightGBM - Config_A:
[[53 24]
 [18 55]]
[2026-06-28 11:17:49] [TASK_10] [INFO] Confusion matrix for Logistic_Regression - Config_C:
[[47 30]
 [28 45]]
[2026-06-28 11:17:49] [TASK_10] [INFO] Confusion matrix for Random_Forest - Config_C:
[[53 24]
 [16 57]]
[2026-06-28 11:17:50] [TASK_10] [INFO] Confusion matrix for XGBoost - Config_C:
[[51 26]
 [17 56]]
[2026-06-28 11:17:50] [TASK_10] [INFO] Confusion matrix for LightGBM - Config_C:
[[53 24]
 [17 56]]
[2026-06-28 11:17:52] [TASK_10] [INFO] Confusion matrix for Logistic_Regression - Config_A:
[[30 20]
 [21 19]]
[2026-06-28 11:17:52] [TASK_10] [INFO] Confusion matrix for Random_Forest - Config_A:
[[32 18]
 [12 28]]
[2026-06-28 11:17:52] [TASK_10] [INFO] Confusion matrix for XGBoost - Config_A:
[[38 12]
 [14 26]]
[2026-06-28 11:17:52] [TASK_10] [INFO] Confusion matrix for LightGBM - Config_A:
[[37 13]
 [14 26]]
[2026-06-28 11:17:53] [TASK_10] [INFO] Confusion matrix for Logistic_Regression - Config_C:
[[28 22]
 [21 19]]
[2026-06-28 11:17:53] [TASK_10] [INFO] Confusion matrix for Random_Forest - Config_C:
[[28 22]
 [10 30]]
[2026-06-28 11:17:53] [TASK_10] [INFO] Confusion matrix for XGBoost - Config_C:
[[35 15]
 [13 27]]
[2026-06-28 11:17:54] [TASK_10] [INFO] Confusion matrix for LightGBM - Config_C:
[[36 14]
 [14 26]]
[2026-06-28 11:34:35] [TASK_10] [INFO] Confusion matrix for Logistic_Regression - Config_A:
[[221  87]
 [ 78 190]]
[2026-06-28 11:34:35] [TASK_10] [INFO] Confusion matrix for Random_Forest - Config_A:
[[195 113]
 [ 71 197]]
[2026-06-28 11:34:35] [TASK_10] [INFO] Confusion matrix for XGBoost - Config_A:
[[180 128]
 [ 60 208]]
[2026-06-28 11:34:37] [TASK_10] [INFO] Confusion matrix for LightGBM - Config_A:
[[196 112]
 [ 65 203]]
[2026-06-28 11:34:37] [TASK_10] [INFO] Confusion matrix for Logistic_Regression - Config_C:
[[223  85]
 [ 76 192]]
[2026-06-28 11:34:37] [TASK_10] [INFO] Confusion matrix for Random_Forest - Config_C:
[[194 114]
 [ 66 202]]
[2026-06-28 11:34:38] [TASK_10] [INFO] Confusion matrix for XGBoost - Config_C:
[[178 130]
 [ 60 208]]
[2026-06-28 11:34:38] [TASK_10] [INFO] Confusion matrix for LightGBM - Config_C:
[[189 119]
 [ 64 204]]
[2026-06-28 11:34:43] [TASK_10] [INFO] Confusion matrix for Logistic_Regression - Config_A:
[[106  46]
 [ 44  90]]
[2026-06-28 11:34:43] [TASK_10] [INFO] Confusion matrix for Random_Forest - Config_A:
[[ 86  66]
 [ 30 104]]
[2026-06-28 11:34:43] [TASK_10] [INFO] Confusion matrix for XGBoost - Config_A:
[[ 82  70]
 [ 30 104]]
[2026-06-28 11:34:44] [TASK_10] [INFO] Confusion matrix for LightGBM - Config_A:
[[ 89  63]
 [ 34 100]]
[2026-06-28 11:34:44] [TASK_10] [INFO] Confusion matrix for Logistic_Regression - Config_C:
[[109  43]
 [ 45  89]]
[2026-06-28 11:34:44] [TASK_10] [INFO] Confusion matrix for Random_Forest - Config_C:
[[ 88  64]
 [ 22 112]]
[2026-06-28 11:34:45] [TASK_10] [INFO] Confusion matrix for XGBoost - Config_C:
[[ 84  68]
 [ 30 104]]
[2026-06-28 11:34:45] [TASK_10] [INFO] Confusion matrix for LightGBM - Config_C:
[[ 85  67]
 [ 32 102]]
[2026-06-28 11:34:48] [TASK_10] [INFO] Confusion matrix for Logistic_Regression - Config_A:
[[47 30]
 [29 44]]
[2026-06-28 11:34:49] [TASK_10] [INFO] Confusion matrix for Random_Forest - Config_A:
[[56 21]
 [17 56]]
[2026-06-28 11:34:49] [TASK_10] [INFO] Confusion matrix for XGBoost - Config_A:
[[55 22]
 [19 54]]
[2026-06-28 11:34:49] [TASK_10] [INFO] Confusion matrix for LightGBM - Config_A:
[[53 24]
 [18 55]]
[2026-06-28 11:34:49] [TASK_10] [INFO] Confusion matrix for Logistic_Regression - Config_C:
[[47 30]
 [28 45]]
[2026-06-28 11:34:49] [TASK_10] [INFO] Confusion matrix for Random_Forest - Config_C:
[[53 24]
 [16 57]]
[2026-06-28 11:34:50] [TASK_10] [INFO] Confusion matrix for XGBoost - Config_C:
[[51 26]
 [17 56]]
[2026-06-28 11:34:50] [TASK_10] [INFO] Confusion matrix for LightGBM - Config_C:
[[53 24]
 [17 56]]
[2026-06-28 11:34:52] [TASK_10] [INFO] Confusion matrix for Logistic_Regression - Config_A:
[[30 20]
 [21 19]]
[2026-06-28 11:34:53] [TASK_10] [INFO] Confusion matrix for Random_Forest - Config_A:
[[32 18]
 [12 28]]
[2026-06-28 11:34:53] [TASK_10] [INFO] Confusion matrix for XGBoost - Config_A:
[[38 12]
 [14 26]]
[2026-06-28 11:34:53] [TASK_10] [INFO] Confusion matrix for LightGBM - Config_A:
[[37 13]
 [14 26]]
[2026-06-28 11:34:53] [TASK_10] [INFO] Confusion matrix for Logistic_Regression - Config_C:
[[28 22]
 [21 19]]
[2026-06-28 11:34:53] [TASK_10] [INFO] Confusion matrix for Random_Forest - Config_C:
[[28 22]
 [10 30]]
[2026-06-28 11:34:54] [TASK_10] [INFO] Confusion matrix for XGBoost - Config_C:
[[35 15]
 [13 27]]
[2026-06-28 11:34:54] [TASK_10] [INFO] Confusion matrix for LightGBM - Config_C:
[[36 14]
 [14 26]]
[2026-06-28 13:55:37] [TASK_10] [INFO] ============================================================
[2026-06-28 13:55:37] [TASK_10] [INFO] START TASK_10: Model Training (3 configs × 4 algorithms)
[2026-06-28 13:55:37] [TASK_10] [INFO] Timestamp: 2026-06-28T13:55:37.219831
[2026-06-28 13:55:37] [TASK_10] [INFO] ============================================================
[2026-06-28 13:55:37] [TASK_10] [INFO] Input: data/features/technical_features.csv (570 rows)
[2026-06-28 13:55:37] [TASK_10] [INFO] Input: data/features/keyword_features.csv (555 rows)
[2026-06-28 13:55:37] [TASK_10] [INFO] Input: data/aggregated/master_with_labels.csv (537 rows)
[2026-06-28 13:55:39] [TASK_10] [INFO] Merged dataset: 507 rows, 244 columns
[2026-06-28 13:55:39] [TASK_10] [INFO] Feature columns — technical: 16, keyword: 225
[2026-06-28 13:55:39] [TASK_10] [INFO] Time-series split — train: 357 rows (12 quarters), test: 150 rows (5 quarters)
[2026-06-28 13:55:39] [TASK_10] [INFO] === Config_A (16 features) ===
[2026-06-28 13:55:39] [TASK_10] [INFO]   Train: 357 samples, Test: 150 samples, Features: 16
[2026-06-28 13:55:39] [TASK_10] [INFO] Confusion matrix for Majority_Class - Config_A:
[[71  0]
 [79  0]]
[2026-06-28 13:55:39] [TASK_10] [INFO] Confusion matrix for Naive_Momentum - Config_A:
[[41 30]
 [44 35]]
[2026-06-28 13:55:39] [TASK_10] [INFO]   Training Logistic_Regression …
[2026-06-28 13:55:39] [TASK_10] [INFO] Confusion matrix for Logistic_Regression - Config_A:
[[58 13]
 [29 50]]
[2026-06-28 13:55:39] [TASK_10] [INFO]   Training Random_Forest …
[2026-06-28 13:55:40] [TASK_10] [INFO] Confusion matrix for Random_Forest - Config_A:
[[56 15]
 [23 56]]
[2026-06-28 13:55:40] [TASK_10] [INFO]   Training XGBoost …
[2026-06-28 13:55:40] [TASK_10] [INFO] Confusion matrix for XGBoost - Config_A:
[[55 16]
 [25 54]]
[2026-06-28 13:55:40] [TASK_10] [INFO]   Training LightGBM …
[2026-06-28 13:55:41] [TASK_10] [INFO] Confusion matrix for LightGBM - Config_A:
[[57 14]
 [26 53]]
[2026-06-28 13:55:41] [TASK_10] [INFO] === Config_B (225 features) ===
[2026-06-28 13:55:41] [TASK_10] [INFO]   Train: 357 samples, Test: 150 samples, Features: 225
[2026-06-28 13:55:41] [TASK_10] [INFO] Confusion matrix for Majority_Class - Config_B:
[[71  0]
 [79  0]]
[2026-06-28 13:55:41] [TASK_10] [INFO] Confusion matrix for Naive_Momentum - Config_B:
[[41 30]
 [44 35]]
[2026-06-28 13:55:41] [TASK_10] [INFO]   Training Logistic_Regression …
[2026-06-28 13:55:41] [TASK_10] [INFO] Confusion matrix for Logistic_Regression - Config_B:
[[34 37]
 [39 40]]
[2026-06-28 13:55:41] [TASK_10] [INFO]   Training Random_Forest …
[2026-06-28 13:55:42] [TASK_10] [INFO] Confusion matrix for Random_Forest - Config_B:
[[28 43]
 [24 55]]
[2026-06-28 13:55:42] [TASK_10] [INFO]   Training XGBoost …
[2026-06-28 13:55:42] [TASK_10] [INFO] Confusion matrix for XGBoost - Config_B:
[[31 40]
 [28 51]]
[2026-06-28 13:55:42] [TASK_10] [INFO]   Training LightGBM …
[2026-06-28 13:55:43] [TASK_10] [INFO] Confusion matrix for LightGBM - Config_B:
[[30 41]
 [27 52]]
[2026-06-28 13:55:43] [TASK_10] [INFO] === Config_C (241 features) ===
[2026-06-28 13:55:43] [TASK_10] [INFO]   Train: 357 samples, Test: 150 samples, Features: 241
[2026-06-28 13:55:43] [TASK_10] [INFO] Confusion matrix for Majority_Class - Config_C:
[[71  0]
 [79  0]]
[2026-06-28 13:55:43] [TASK_10] [INFO] Confusion matrix for Naive_Momentum - Config_C:
[[41 30]
 [44 35]]
[2026-06-28 13:55:43] [TASK_10] [INFO]   Training Logistic_Regression …
[2026-06-28 13:55:43] [TASK_10] [INFO] Confusion matrix for Logistic_Regression - Config_C:
[[55 16]
 [26 53]]
[2026-06-28 13:55:43] [TASK_10] [INFO]   Training Random_Forest …
[2026-06-28 13:55:43] [TASK_10] [INFO] Confusion matrix for Random_Forest - Config_C:
[[53 18]
 [21 58]]
[2026-06-28 13:55:43] [TASK_10] [INFO]   Training XGBoost …
[2026-06-28 13:55:44] [TASK_10] [INFO] Confusion matrix for XGBoost - Config_C:
[[54 17]
 [27 52]]
[2026-06-28 13:55:44] [TASK_10] [INFO]   Training LightGBM …
[2026-06-28 13:55:44] [TASK_10] [INFO] Confusion matrix for LightGBM - Config_C:
[[52 19]
 [25 54]]
[2026-06-28 13:55:44] [TASK_10] [INFO] Saved model comparison to reports/model_comparison.csv (18 rows)
[2026-06-28 13:55:44] [TASK_10] [INFO] Best model: Random_Forest (Config_A) — Balanced Accuracy = 0.7488
[2026-06-28 13:55:44] [TASK_10] [INFO] Majority_Class: Config_C does not improve over Config_A by 0.0000 (BA: 0.5000 → 0.5000)
[2026-06-28 13:55:44] [TASK_10] [INFO] Note: Config_C does not improve over Config_A for Majority_Class. This is still a valid research finding.
[2026-06-28 13:55:44] [TASK_10] [INFO] Naive_Momentum: Config_C does not improve over Config_A by 0.0000 (BA: 0.5103 → 0.5103)
[2026-06-28 13:55:44] [TASK_10] [INFO] Note: Config_C does not improve over Config_A for Naive_Momentum. This is still a valid research finding.
[2026-06-28 13:55:44] [TASK_10] [INFO] Logistic_Regression: Config_C does not improve over Config_A by 0.0021 (BA: 0.7249 → 0.7228)
[2026-06-28 13:55:44] [TASK_10] [INFO] Note: Config_C does not improve over Config_A for Logistic_Regression. This is still a valid research finding.
[2026-06-28 13:55:44] [TASK_10] [INFO] Random_Forest: Config_C does not improve over Config_A by 0.0085 (BA: 0.7488 → 0.7403)
[2026-06-28 13:55:44] [TASK_10] [INFO] Note: Config_C does not improve over Config_A for Random_Forest. This is still a valid research finding.
[2026-06-28 13:55:44] [TASK_10] [INFO] XGBoost: Config_C does not improve over Config_A by 0.0197 (BA: 0.7291 → 0.7094)
[2026-06-28 13:55:44] [TASK_10] [INFO] Note: Config_C does not improve over Config_A for XGBoost. This is still a valid research finding.
[2026-06-28 13:55:44] [TASK_10] [INFO] LightGBM: Config_C does not improve over Config_A by 0.0289 (BA: 0.7369 → 0.7080)
[2026-06-28 13:55:44] [TASK_10] [INFO] Note: Config_C does not improve over Config_A for LightGBM. This is still a valid research finding.
[2026-06-28 13:55:44] [TASK_10] [INFO] Saved best model to models/best_model.pkl
[2026-06-28 13:55:44] [TASK_10] [INFO] Saved best model metadata to models/best_model.pkl.meta.json
[2026-06-28 13:55:44] [TASK_10] [INFO] ------------------------------------------------------------
[2026-06-28 13:55:44] [TASK_10] [INFO] END TASK_10 — completed in 7.3 seconds
[2026-06-28 13:55:44] [TASK_10] [INFO] Output: reports/model_comparison.csv (18 rows)
[2026-06-28 13:55:44] [TASK_10] [INFO] ============================================================
[2026-06-28 13:55:46] [TASK_10] [INFO] Merged dataset: 507 rows, 244 columns
[2026-06-28 13:55:46] [TASK_10] [INFO] Time-series split — train: 357 rows (12 quarters), test: 150 rows (5 quarters)
[2026-06-28 13:55:55] [TASK_10] [INFO] Merged dataset: 507 rows, 244 columns
[2026-06-28 13:55:55] [TASK_10] [INFO] Time-series split — train: 357 rows (12 quarters), test: 150 rows (5 quarters)
[2026-06-28 13:55:55] [TASK_10] [INFO] Merged dataset: 507 rows, 244 columns
[2026-06-28 13:55:55] [TASK_10] [INFO] Time-series split — train: 357 rows (12 quarters), test: 150 rows (5 quarters)
[2026-06-28 13:59:09] [TASK_10] [INFO] Confusion matrix for Logistic_Regression - Config_A:
[[225  88]
 [ 79 194]]
[2026-06-28 13:59:09] [TASK_10] [INFO] Confusion matrix for Random_Forest - Config_A:
[[202 111]
 [ 63 210]]
[2026-06-28 13:59:10] [TASK_10] [INFO] Confusion matrix for XGBoost - Config_A:
[[188 125]
 [ 64 209]]
[2026-06-28 13:59:11] [TASK_10] [INFO] Confusion matrix for LightGBM - Config_A:
[[199 114]
 [ 72 201]]
[2026-06-28 13:59:11] [TASK_10] [INFO] Confusion matrix for Logistic_Regression - Config_C:
[[226  87]
 [ 78 195]]
[2026-06-28 13:59:12] [TASK_10] [INFO] Confusion matrix for Random_Forest - Config_C:
[[193 120]
 [ 62 211]]
[2026-06-28 13:59:12] [TASK_10] [INFO] Confusion matrix for XGBoost - Config_C:
[[182 131]
 [ 68 205]]
[2026-06-28 13:59:13] [TASK_10] [INFO] Confusion matrix for LightGBM - Config_C:
[[207 106]
 [ 66 207]]
[2026-06-28 13:59:18] [TASK_10] [INFO] Confusion matrix for Logistic_Regression - Config_A:
[[110  42]
 [ 34 102]]
[2026-06-28 13:59:18] [TASK_10] [INFO] Confusion matrix for Random_Forest - Config_A:
[[ 85  67]
 [ 26 110]]
[2026-06-28 13:59:18] [TASK_10] [INFO] Confusion matrix for XGBoost - Config_A:
[[ 91  61]
 [ 31 105]]
[2026-06-28 13:59:18] [TASK_10] [INFO] Confusion matrix for LightGBM - Config_A:
[[ 86  66]
 [ 31 105]]
[2026-06-28 13:59:18] [TASK_10] [INFO] Confusion matrix for Logistic_Regression - Config_C:
[[105  47]
 [ 44  92]]
[2026-06-28 13:59:19] [TASK_10] [INFO] Confusion matrix for Random_Forest - Config_C:
[[ 83  69]
 [ 25 111]]
[2026-06-28 13:59:19] [TASK_10] [INFO] Confusion matrix for XGBoost - Config_C:
[[ 80  72]
 [ 29 107]]
[2026-06-28 13:59:20] [TASK_10] [INFO] Confusion matrix for LightGBM - Config_C:
[[ 82  70]
 [ 31 105]]
[2026-06-28 13:59:23] [TASK_10] [INFO] Confusion matrix for Logistic_Regression - Config_A:
[[50 27]
 [19 54]]
[2026-06-28 13:59:23] [TASK_10] [INFO] Confusion matrix for Random_Forest - Config_A:
[[55 22]
 [17 56]]
[2026-06-28 13:59:24] [TASK_10] [INFO] Confusion matrix for XGBoost - Config_A:
[[55 22]
 [18 55]]
[2026-06-28 13:59:24] [TASK_10] [INFO] Confusion matrix for LightGBM - Config_A:
[[54 23]
 [18 55]]
[2026-06-28 13:59:24] [TASK_10] [INFO] Confusion matrix for Logistic_Regression - Config_C:
[[46 31]
 [28 45]]
[2026-06-28 13:59:24] [TASK_10] [INFO] Confusion matrix for Random_Forest - Config_C:
[[53 24]
 [20 53]]
[2026-06-28 13:59:25] [TASK_10] [INFO] Confusion matrix for XGBoost - Config_C:
[[51 26]
 [17 56]]
[2026-06-28 13:59:25] [TASK_10] [INFO] Confusion matrix for LightGBM - Config_C:
[[54 23]
 [16 57]]
[2026-06-28 13:59:27] [TASK_10] [INFO] Confusion matrix for Logistic_Regression - Config_A:
[[30 20]
 [21 19]]
[2026-06-28 13:59:27] [TASK_10] [INFO] Confusion matrix for Random_Forest - Config_A:
[[31 19]
 [12 28]]
[2026-06-28 13:59:28] [TASK_10] [INFO] Confusion matrix for XGBoost - Config_A:
[[36 14]
 [14 26]]
[2026-06-28 13:59:28] [TASK_10] [INFO] Confusion matrix for LightGBM - Config_A:
[[41  9]
 [15 25]]
[2026-06-28 13:59:28] [TASK_10] [INFO] Confusion matrix for Logistic_Regression - Config_C:
[[33 17]
 [22 18]]
[2026-06-28 13:59:28] [TASK_10] [INFO] Confusion matrix for Random_Forest - Config_C:
[[30 20]
 [12 28]]
[2026-06-28 13:59:29] [TASK_10] [INFO] Confusion matrix for XGBoost - Config_C:
[[35 15]
 [14 26]]
[2026-06-28 13:59:29] [TASK_10] [INFO] Confusion matrix for LightGBM - Config_C:
[[31 19]
 [13 27]]
[2026-06-28 14:04:24] [TASK_10] [INFO] ============================================================
[2026-06-28 14:04:24] [TASK_10] [INFO] START TASK_10: Model Training (3 configs × 4 algorithms)
[2026-06-28 14:04:24] [TASK_10] [INFO] Timestamp: 2026-06-28T14:04:24.236437
[2026-06-28 14:04:24] [TASK_10] [INFO] ============================================================
[2026-06-28 14:04:24] [TASK_10] [INFO] Input: data/features/technical_features.csv (570 rows)
[2026-06-28 14:04:24] [TASK_10] [INFO] Input: data/features/keyword_features.csv (555 rows)
[2026-06-28 14:04:24] [TASK_10] [INFO] Input: data/aggregated/master_with_labels.csv (537 rows)
[2026-06-28 14:04:24] [TASK_10] [INFO] ------------------------------------------------------------
[2026-06-28 14:04:24] [TASK_10] [INFO] END TASK_10 — completed in 0.0 seconds
[2026-06-28 14:04:24] [TASK_10] [INFO] ============================================================
[2026-06-28 14:04:24] [TASK_10] [INFO] ============================================================
[2026-06-28 14:04:24] [TASK_10] [INFO] START TASK_10: Model Training (3 configs × 4 algorithms)
[2026-06-28 14:04:24] [TASK_10] [INFO] Timestamp: 2026-06-28T14:04:24.500768
[2026-06-28 14:04:24] [TASK_10] [INFO] ============================================================
[2026-06-28 14:04:24] [TASK_10] [INFO] Input: data/features/technical_features.csv (570 rows)
[2026-06-28 14:04:24] [TASK_10] [INFO] Input: data/features/keyword_features.csv (555 rows)
[2026-06-28 14:04:24] [TASK_10] [INFO] Input: data/aggregated/master_with_labels.csv (537 rows)
[2026-06-28 14:04:24] [TASK_10] [INFO] ------------------------------------------------------------
[2026-06-28 14:04:24] [TASK_10] [INFO] END TASK_10 — completed in 0.0 seconds
[2026-06-28 14:04:24] [TASK_10] [INFO] ============================================================
[2026-06-28 14:04:24] [TASK_10] [INFO] Time-series split — train: 12 rows (4 quarters), test: 12 rows (4 quarters)
[2026-06-28 14:04:24] [TASK_10] [INFO] Time-series split — train: 12 rows (4 quarters), test: 12 rows (4 quarters)
[2026-06-28 14:04:24] [TASK_10] [INFO] Time-series split — train: 12 rows (4 quarters), test: 12 rows (4 quarters)
[2026-06-28 14:04:24] [TASK_10] [INFO] Time-series split — train: 12 rows (4 quarters), test: 12 rows (4 quarters)
[2026-06-28 14:04:24] [TASK_10] [WARNING] Fewer than 4 test quarters with cutoff 2024Q4; falling back to last 20% of quarters (1 test quarters).
[2026-06-28 14:04:24] [TASK_10] [INFO] Time-series split — train: 21 rows (7 quarters), test: 3 rows (1 quarters)
[2026-06-28 14:04:24] [TASK_10] [INFO] Time-series split — train: 12 rows (4 quarters), test: 12 rows (4 quarters)
[2026-06-28 14:04:24] [TASK_10] [INFO] Confusion matrix for Dummy - Config_A:
[[10  0]
 [ 2  0]]
[2026-06-28 14:56:38] [TASK_10] [INFO] ============================================================
[2026-06-28 14:56:38] [TASK_10] [INFO] START TASK_10: Model Training (3 configs × 4 algorithms)
[2026-06-28 14:56:38] [TASK_10] [INFO] Timestamp: 2026-06-28T14:56:38.143500
[2026-06-28 14:56:38] [TASK_10] [INFO] ============================================================
[2026-06-28 14:56:38] [TASK_10] [INFO] Input: data/features/technical_features.csv (570 rows)
[2026-06-28 14:56:38] [TASK_10] [INFO] Input: data/features/keyword_features.csv (557 rows)
[2026-06-28 14:56:38] [TASK_10] [INFO] Input: data/aggregated/master_with_labels.csv (537 rows)
[2026-06-28 14:56:42] [TASK_10] [INFO] Merged dataset: 507 rows, 244 columns
[2026-06-28 14:56:42] [TASK_10] [INFO] Feature columns — technical: 16, keyword: 225
[2026-06-28 14:56:42] [TASK_10] [INFO] Time-series split — train: 357 rows (12 quarters), test: 150 rows (5 quarters)
[2026-06-28 14:56:42] [TASK_10] [INFO] === Config_A (16 features) ===
[2026-06-28 14:56:42] [TASK_10] [INFO]   Train: 357 samples, Test: 150 samples, Features: 16
[2026-06-28 14:56:42] [TASK_10] [INFO] Confusion matrix for Majority_Class - Config_A:
[[71  0]
 [79  0]]
[2026-06-28 14:56:42] [TASK_10] [INFO] Confusion matrix for Naive_Momentum - Config_A:
[[41 30]
 [44 35]]
[2026-06-28 14:56:43] [TASK_10] [INFO]   Training Logistic_Regression …
[2026-06-28 14:56:43] [TASK_10] [INFO] Confusion matrix for Logistic_Regression - Config_A:
[[58 13]
 [29 50]]
[2026-06-28 14:56:43] [TASK_10] [INFO]   Training Random_Forest …
[2026-06-28 14:56:43] [TASK_10] [INFO] Confusion matrix for Random_Forest - Config_A:
[[56 15]
 [23 56]]
[2026-06-28 14:56:43] [TASK_10] [INFO]   Training XGBoost …
[2026-06-28 14:56:43] [TASK_10] [INFO] Confusion matrix for XGBoost - Config_A:
[[55 16]
 [25 54]]
[2026-06-28 14:56:43] [TASK_10] [INFO]   Training LightGBM …
[2026-06-28 14:56:45] [TASK_10] [INFO] Confusion matrix for LightGBM - Config_A:
[[57 14]
 [26 53]]
[2026-06-28 14:56:45] [TASK_10] [INFO] === Config_B (225 features) ===
[2026-06-28 14:56:45] [TASK_10] [INFO]   Train: 357 samples, Test: 150 samples, Features: 225
[2026-06-28 14:56:45] [TASK_10] [INFO] Confusion matrix for Majority_Class - Config_B:
[[71  0]
 [79  0]]
[2026-06-28 14:56:45] [TASK_10] [INFO] Confusion matrix for Naive_Momentum - Config_B:
[[41 30]
 [44 35]]
[2026-06-28 14:56:45] [TASK_10] [INFO]   Training Logistic_Regression …
[2026-06-28 14:56:45] [TASK_10] [INFO] Confusion matrix for Logistic_Regression - Config_B:
[[26 45]
 [30 49]]
[2026-06-28 14:56:45] [TASK_10] [INFO]   Training Random_Forest …
[2026-06-28 14:56:46] [TASK_10] [INFO] Confusion matrix for Random_Forest - Config_B:
[[21 50]
 [24 55]]
[2026-06-28 14:56:46] [TASK_10] [INFO]   Training XGBoost …
[2026-06-28 14:56:46] [TASK_10] [INFO] Confusion matrix for XGBoost - Config_B:
[[19 52]
 [24 55]]
[2026-06-28 14:56:46] [TASK_10] [INFO]   Training LightGBM …
[2026-06-28 14:56:46] [TASK_10] [INFO] Confusion matrix for LightGBM - Config_B:
[[17 54]
 [18 61]]
[2026-06-28 14:56:46] [TASK_10] [INFO] === Config_C (241 features) ===
[2026-06-28 14:56:46] [TASK_10] [INFO]   Train: 357 samples, Test: 150 samples, Features: 241
[2026-06-28 14:56:46] [TASK_10] [INFO] Confusion matrix for Majority_Class - Config_C:
[[71  0]
 [79  0]]
[2026-06-28 14:56:46] [TASK_10] [INFO] Confusion matrix for Naive_Momentum - Config_C:
[[41 30]
 [44 35]]
[2026-06-28 14:56:46] [TASK_10] [INFO]   Training Logistic_Regression …
[2026-06-28 14:56:47] [TASK_10] [INFO] Confusion matrix for Logistic_Regression - Config_C:
[[54 17]
 [28 51]]
[2026-06-28 14:56:47] [TASK_10] [INFO]   Training Random_Forest …
[2026-06-28 14:56:47] [TASK_10] [INFO] Confusion matrix for Random_Forest - Config_C:
[[46 25]
 [17 62]]
[2026-06-28 14:56:47] [TASK_10] [INFO]   Training XGBoost …
[2026-06-28 14:56:48] [TASK_10] [INFO] Confusion matrix for XGBoost - Config_C:
[[54 17]
 [21 58]]
[2026-06-28 14:56:48] [TASK_10] [INFO]   Training LightGBM …
[2026-06-28 14:56:48] [TASK_10] [INFO] Confusion matrix for LightGBM - Config_C:
[[52 19]
 [21 58]]
[2026-06-28 14:56:48] [TASK_10] [INFO] Saved model comparison to reports/model_comparison.csv (18 rows)
[2026-06-28 14:56:48] [TASK_10] [INFO] Best model: Random_Forest (Config_A) — Balanced Accuracy = 0.7488
[2026-06-28 14:56:48] [TASK_10] [INFO] Majority_Class: Config_C does not improve over Config_A by 0.0000 (BA: 0.5000 → 0.5000)
[2026-06-28 14:56:48] [TASK_10] [INFO] Note: Config_C does not improve over Config_A for Majority_Class. This is still a valid research finding.
[2026-06-28 14:56:48] [TASK_10] [INFO] Naive_Momentum: Config_C does not improve over Config_A by 0.0000 (BA: 0.5103 → 0.5103)
[2026-06-28 14:56:48] [TASK_10] [INFO] Note: Config_C does not improve over Config_A for Naive_Momentum. This is still a valid research finding.
[2026-06-28 14:56:48] [TASK_10] [INFO] Logistic_Regression: Config_C does not improve over Config_A by 0.0218 (BA: 0.7249 → 0.7031)
[2026-06-28 14:56:48] [TASK_10] [INFO] Note: Config_C does not improve over Config_A for Logistic_Regression. This is still a valid research finding.
[2026-06-28 14:56:48] [TASK_10] [INFO] Random_Forest: Config_C does not improve over Config_A by 0.0324 (BA: 0.7488 → 0.7163)
[2026-06-28 14:56:48] [TASK_10] [INFO] Note: Config_C does not improve over Config_A for Random_Forest. This is still a valid research finding.
[2026-06-28 14:56:48] [TASK_10] [INFO] XGBoost: Config_C improves over Config_A by 0.0183 (BA: 0.7291 → 0.7474)
[2026-06-28 14:56:48] [TASK_10] [INFO] LightGBM: Config_C does not improve over Config_A by 0.0036 (BA: 0.7369 → 0.7333)
[2026-06-28 14:56:48] [TASK_10] [INFO] Note: Config_C does not improve over Config_A for LightGBM. This is still a valid research finding.
[2026-06-28 14:56:48] [TASK_10] [INFO] Saved best model to models/best_model.pkl
[2026-06-28 14:56:48] [TASK_10] [INFO] Saved best model metadata to models/best_model.pkl.meta.json
[2026-06-28 14:56:48] [TASK_10] [INFO] ------------------------------------------------------------
[2026-06-28 14:56:48] [TASK_10] [INFO] END TASK_10 — completed in 10.1 seconds
[2026-06-28 14:56:48] [TASK_10] [INFO] Output: reports/model_comparison.csv (18 rows)
[2026-06-28 14:56:48] [TASK_10] [INFO] ============================================================
[2026-06-28 14:56:55] [TASK_10] [INFO] Merged dataset: 507 rows, 244 columns
[2026-06-28 14:56:55] [TASK_10] [INFO] Time-series split — train: 357 rows (12 quarters), test: 150 rows (5 quarters)
[2026-06-28 14:57:02] [TASK_10] [INFO] Merged dataset: 507 rows, 244 columns
[2026-06-28 14:57:02] [TASK_10] [INFO] Time-series split — train: 357 rows (12 quarters), test: 150 rows (5 quarters)
[2026-06-28 14:57:02] [TASK_10] [INFO] Merged dataset: 507 rows, 244 columns
[2026-06-28 14:57:02] [TASK_10] [INFO] Time-series split — train: 357 rows (12 quarters), test: 150 rows (5 quarters)
[2026-06-28 14:57:16] [TASK_10] [INFO] Confusion matrix for Logistic_Regression - Config_A:
[[246  97]
 [ 83 213]]
[2026-06-28 14:57:16] [TASK_10] [INFO] Confusion matrix for Random_Forest - Config_A:
[[222 121]
 [ 68 228]]
[2026-06-28 14:57:16] [TASK_10] [INFO] Confusion matrix for XGBoost - Config_A:
[[208 135]
 [ 78 218]]
[2026-06-28 14:57:18] [TASK_10] [INFO] Confusion matrix for LightGBM - Config_A:
[[220 123]
 [ 80 216]]
[2026-06-28 14:57:18] [TASK_10] [INFO] Confusion matrix for Logistic_Regression - Config_C:
[[238 105]
 [ 70 226]]
[2026-06-28 14:57:19] [TASK_10] [INFO] Confusion matrix for Random_Forest - Config_C:
[[215 128]
 [ 68 228]]
[2026-06-28 14:57:20] [TASK_10] [INFO] Confusion matrix for XGBoost - Config_C:
[[207 136]
 [ 72 224]]
[2026-06-28 14:57:20] [TASK_10] [INFO] Confusion matrix for LightGBM - Config_C:
[[208 135]
 [ 77 219]]
[2026-06-28 14:57:26] [TASK_10] [INFO] Confusion matrix for Logistic_Regression - Config_A:
[[112  45]
 [ 46  91]]
[2026-06-28 14:57:26] [TASK_10] [INFO] Confusion matrix for Random_Forest - Config_A:
[[ 88  69]
 [ 33 104]]
[2026-06-28 14:57:26] [TASK_10] [INFO] Confusion matrix for XGBoost - Config_A:
[[ 89  68]
 [ 33 104]]
[2026-06-28 14:57:26] [TASK_10] [INFO] Confusion matrix for LightGBM - Config_A:
[[ 90  67]
 [ 33 104]]
[2026-06-28 14:57:27] [TASK_10] [INFO] Confusion matrix for Logistic_Regression - Config_C:
[[93 64]
 [38 99]]
[2026-06-28 14:57:27] [TASK_10] [INFO] Confusion matrix for Random_Forest - Config_C:
[[ 82  75]
 [ 29 108]]
[2026-06-28 14:57:28] [TASK_10] [INFO] Confusion matrix for XGBoost - Config_C:
[[ 84  73]
 [ 25 112]]
[2026-06-28 14:57:28] [TASK_10] [INFO] Confusion matrix for LightGBM - Config_C:
[[ 87  70]
 [ 27 110]]
[2026-06-28 14:57:32] [TASK_10] [INFO] Confusion matrix for Logistic_Regression - Config_A:
[[50 27]
 [19 54]]
[2026-06-28 14:57:32] [TASK_10] [INFO] Confusion matrix for Random_Forest - Config_A:
[[55 22]
 [17 56]]
[2026-06-28 14:57:32] [TASK_10] [INFO] Confusion matrix for XGBoost - Config_A:
[[55 22]
 [18 55]]
[2026-06-28 14:57:32] [TASK_10] [INFO] Confusion matrix for LightGBM - Config_A:
[[54 23]
 [18 55]]
[2026-06-28 14:57:33] [TASK_10] [INFO] Confusion matrix for Logistic_Regression - Config_C:
[[39 38]
 [17 56]]
[2026-06-28 14:57:33] [TASK_10] [INFO] Confusion matrix for Random_Forest - Config_C:
[[50 27]
 [19 54]]
[2026-06-28 14:57:34] [TASK_10] [INFO] Confusion matrix for XGBoost - Config_C:
[[52 25]
 [15 58]]
[2026-06-28 14:57:34] [TASK_10] [INFO] Confusion matrix for LightGBM - Config_C:
[[51 26]
 [16 57]]
[2026-06-28 14:57:37] [TASK_10] [INFO] Confusion matrix for Logistic_Regression - Config_A:
[[30 20]
 [21 19]]
[2026-06-28 14:57:37] [TASK_10] [INFO] Confusion matrix for Random_Forest - Config_A:
[[31 19]
 [12 28]]
[2026-06-28 14:57:37] [TASK_10] [INFO] Confusion matrix for XGBoost - Config_A:
[[36 14]
 [14 26]]
[2026-06-28 14:57:37] [TASK_10] [INFO] Confusion matrix for LightGBM - Config_A:
[[41  9]
 [15 25]]
[2026-06-28 14:57:37] [TASK_10] [INFO] Confusion matrix for Logistic_Regression - Config_C:
[[26 24]
 [18 22]]
[2026-06-28 14:57:37] [TASK_10] [INFO] Confusion matrix for Random_Forest - Config_C:
[[26 24]
 [ 7 33]]
[2026-06-28 14:57:38] [TASK_10] [INFO] Confusion matrix for XGBoost - Config_C:
[[30 20]
 [13 27]]
[2026-06-28 14:57:38] [TASK_10] [INFO] Confusion matrix for LightGBM - Config_C:
[[32 18]
 [12 28]]
[2026-06-28 15:02:39] [TASK_10] [INFO] ============================================================
[2026-06-28 15:02:39] [TASK_10] [INFO] START TASK_10: Model Training (3 configs × 4 algorithms)
[2026-06-28 15:02:39] [TASK_10] [INFO] Timestamp: 2026-06-28T15:02:39.502780
[2026-06-28 15:02:39] [TASK_10] [INFO] ============================================================
[2026-06-28 15:02:39] [TASK_10] [INFO] Input: data/features/technical_features.csv (570 rows)
[2026-06-28 15:02:39] [TASK_10] [INFO] Input: data/features/keyword_features.csv (557 rows)
[2026-06-28 15:02:39] [TASK_10] [INFO] Input: data/aggregated/master_with_labels.csv (537 rows)
[2026-06-28 15:02:39] [TASK_10] [INFO] ------------------------------------------------------------
[2026-06-28 15:02:39] [TASK_10] [INFO] END TASK_10 — completed in 0.0 seconds
[2026-06-28 15:02:39] [TASK_10] [INFO] ============================================================
[2026-06-28 15:02:39] [TASK_10] [INFO] ============================================================
[2026-06-28 15:02:39] [TASK_10] [INFO] START TASK_10: Model Training (3 configs × 4 algorithms)
[2026-06-28 15:02:39] [TASK_10] [INFO] Timestamp: 2026-06-28T15:02:39.818471
[2026-06-28 15:02:39] [TASK_10] [INFO] ============================================================
[2026-06-28 15:02:39] [TASK_10] [INFO] Input: data/features/technical_features.csv (570 rows)
[2026-06-28 15:02:39] [TASK_10] [INFO] Input: data/features/keyword_features.csv (557 rows)
[2026-06-28 15:02:39] [TASK_10] [INFO] Input: data/aggregated/master_with_labels.csv (537 rows)
[2026-06-28 15:02:39] [TASK_10] [INFO] ------------------------------------------------------------
[2026-06-28 15:02:39] [TASK_10] [INFO] END TASK_10 — completed in 0.0 seconds
[2026-06-28 15:02:39] [TASK_10] [INFO] ============================================================
[2026-06-28 15:02:39] [TASK_10] [INFO] Time-series split — train: 12 rows (4 quarters), test: 12 rows (4 quarters)
[2026-06-28 15:02:39] [TASK_10] [INFO] Time-series split — train: 12 rows (4 quarters), test: 12 rows (4 quarters)
[2026-06-28 15:02:39] [TASK_10] [INFO] Time-series split — train: 12 rows (4 quarters), test: 12 rows (4 quarters)
[2026-06-28 15:02:39] [TASK_10] [INFO] Time-series split — train: 12 rows (4 quarters), test: 12 rows (4 quarters)
[2026-06-28 15:02:39] [TASK_10] [WARNING] Fewer than 4 test quarters with cutoff 2024Q4; falling back to last 20% of quarters (1 test quarters).
[2026-06-28 15:02:39] [TASK_10] [INFO] Time-series split — train: 21 rows (7 quarters), test: 3 rows (1 quarters)
[2026-06-28 15:02:40] [TASK_10] [INFO] Time-series split — train: 12 rows (4 quarters), test: 12 rows (4 quarters)
[2026-06-28 15:02:40] [TASK_10] [INFO] Confusion matrix for Dummy - Config_A:
[[10  0]
 [ 2  0]]
[2026-06-28 16:04:07] [TASK_10] [INFO] ============================================================
[2026-06-28 16:04:07] [TASK_10] [INFO] START TASK_10: Model Training (3 configs × 4 algorithms)
[2026-06-28 16:04:07] [TASK_10] [INFO] Timestamp: 2026-06-28T16:04:07.371021
[2026-06-28 16:04:07] [TASK_10] [INFO] ============================================================
[2026-06-28 16:04:07] [TASK_10] [INFO] Input: data/features/technical_features.csv (570 rows)
[2026-06-28 16:04:07] [TASK_10] [INFO] Input: data/features/keyword_features.csv (557 rows)
[2026-06-28 16:04:07] [TASK_10] [INFO] Input: data/aggregated/master_with_labels.csv (537 rows)
[2026-06-28 16:04:09] [TASK_10] [INFO] Merged dataset: 507 rows, 244 columns
[2026-06-28 16:04:09] [TASK_10] [INFO] Feature columns — technical: 16, keyword: 225
[2026-06-28 16:04:09] [TASK_10] [INFO] Time-series split — train: 357 rows (12 quarters), test: 150 rows (5 quarters)
[2026-06-28 16:04:09] [TASK_10] [INFO] === Config_A (16 features) ===
[2026-06-28 16:04:09] [TASK_10] [INFO]   Train: 357 samples, Test: 150 samples, Features: 16
[2026-06-28 16:04:09] [TASK_10] [INFO] Confusion matrix for Majority_Class - Config_A:
[[71  0]
 [79  0]]
[2026-06-28 16:04:09] [TASK_10] [INFO] Confusion matrix for Naive_Momentum - Config_A:
[[41 30]
 [44 35]]
[2026-06-28 16:04:09] [TASK_10] [INFO]   Training Logistic_Regression …
[2026-06-28 16:04:09] [TASK_10] [INFO] Confusion matrix for Logistic_Regression - Config_A:
[[58 13]
 [29 50]]
[2026-06-28 16:04:09] [TASK_10] [INFO]   Training Random_Forest …
[2026-06-28 16:04:09] [TASK_10] [INFO] Confusion matrix for Random_Forest - Config_A:
[[56 15]
 [23 56]]
[2026-06-28 16:04:09] [TASK_10] [INFO]   Training XGBoost …
[2026-06-28 16:04:10] [TASK_10] [INFO] Confusion matrix for XGBoost - Config_A:
[[55 16]
 [25 54]]
[2026-06-28 16:04:10] [TASK_10] [INFO]   Training LightGBM …
[2026-06-28 16:04:11] [TASK_10] [INFO] Confusion matrix for LightGBM - Config_A:
[[57 14]
 [26 53]]
[2026-06-28 16:04:11] [TASK_10] [INFO] === Config_B (225 features) ===
[2026-06-28 16:04:11] [TASK_10] [INFO]   Train: 357 samples, Test: 150 samples, Features: 225
[2026-06-28 16:04:11] [TASK_10] [INFO] Confusion matrix for Majority_Class - Config_B:
[[71  0]
 [79  0]]
[2026-06-28 16:04:11] [TASK_10] [INFO] Confusion matrix for Naive_Momentum - Config_B:
[[41 30]
 [44 35]]
[2026-06-28 16:04:11] [TASK_10] [INFO]   Training Logistic_Regression …
[2026-06-28 16:04:11] [TASK_10] [INFO] Confusion matrix for Logistic_Regression - Config_B:
[[26 45]
 [31 48]]
[2026-06-28 16:04:11] [TASK_10] [INFO]   Training Random_Forest …
[2026-06-28 16:04:12] [TASK_10] [INFO] Confusion matrix for Random_Forest - Config_B:
[[20 51]
 [22 57]]
[2026-06-28 16:04:12] [TASK_10] [INFO]   Training XGBoost …
[2026-06-28 16:04:12] [TASK_10] [INFO] Confusion matrix for XGBoost - Config_B:
[[18 53]
 [24 55]]
[2026-06-28 16:04:12] [TASK_10] [INFO]   Training LightGBM …
[2026-06-28 16:04:12] [TASK_10] [INFO] Confusion matrix for LightGBM - Config_B:
[[19 52]
 [16 63]]
[2026-06-28 16:04:12] [TASK_10] [INFO] === Config_C (241 features) ===
[2026-06-28 16:04:12] [TASK_10] [INFO]   Train: 357 samples, Test: 150 samples, Features: 241
[2026-06-28 16:04:12] [TASK_10] [INFO] Confusion matrix for Majority_Class - Config_C:
[[71  0]
 [79  0]]
[2026-06-28 16:04:12] [TASK_10] [INFO] Confusion matrix for Naive_Momentum - Config_C:
[[41 30]
 [44 35]]
[2026-06-28 16:04:12] [TASK_10] [INFO]   Training Logistic_Regression …
[2026-06-28 16:04:13] [TASK_10] [INFO] Confusion matrix for Logistic_Regression - Config_C:
[[51 20]
 [29 50]]
[2026-06-28 16:04:13] [TASK_10] [INFO]   Training Random_Forest …
[2026-06-28 16:04:13] [TASK_10] [INFO] Confusion matrix for Random_Forest - Config_C:
[[42 29]
 [14 65]]
[2026-06-28 16:04:13] [TASK_10] [INFO]   Training XGBoost …
[2026-06-28 16:04:14] [TASK_10] [INFO] Confusion matrix for XGBoost - Config_C:
[[55 16]
 [23 56]]
[2026-06-28 16:04:14] [TASK_10] [INFO]   Training LightGBM …
[2026-06-28 16:04:14] [TASK_10] [INFO] Confusion matrix for LightGBM - Config_C:
[[52 19]
 [27 52]]
[2026-06-28 16:04:14] [TASK_10] [INFO] Saved model comparison to reports/model_comparison.csv (18 rows)
[2026-06-28 16:04:14] [TASK_10] [INFO] Best model: Random_Forest (Config_A) — Balanced Accuracy = 0.7488
[2026-06-28 16:04:14] [TASK_10] [INFO] Majority_Class: Config_C does not improve over Config_A by 0.0000 (BA: 0.5000 → 0.5000)
[2026-06-28 16:04:14] [TASK_10] [INFO] Note: Config_C does not improve over Config_A for Majority_Class. This is still a valid research finding.
[2026-06-28 16:04:14] [TASK_10] [INFO] Naive_Momentum: Config_C does not improve over Config_A by 0.0000 (BA: 0.5103 → 0.5103)
[2026-06-28 16:04:14] [TASK_10] [INFO] Note: Config_C does not improve over Config_A for Naive_Momentum. This is still a valid research finding.
[2026-06-28 16:04:14] [TASK_10] [INFO] Logistic_Regression: Config_C does not improve over Config_A by 0.0493 (BA: 0.7249 → 0.6756)
[2026-06-28 16:04:14] [TASK_10] [INFO] Note: Config_C does not improve over Config_A for Logistic_Regression. This is still a valid research finding.
[2026-06-28 16:04:14] [TASK_10] [INFO] Random_Forest: Config_C does not improve over Config_A by 0.0416 (BA: 0.7488 → 0.7072)
[2026-06-28 16:04:14] [TASK_10] [INFO] Note: Config_C does not improve over Config_A for Random_Forest. This is still a valid research finding.
[2026-06-28 16:04:14] [TASK_10] [INFO] XGBoost: Config_C improves over Config_A by 0.0127 (BA: 0.7291 → 0.7418)
[2026-06-28 16:04:14] [TASK_10] [INFO] LightGBM: Config_C does not improve over Config_A by 0.0415 (BA: 0.7369 → 0.6953)
[2026-06-28 16:04:14] [TASK_10] [INFO] Note: Config_C does not improve over Config_A for LightGBM. This is still a valid research finding.
[2026-06-28 16:04:14] [TASK_10] [INFO] Saved best model to models/best_model.pkl
[2026-06-28 16:04:14] [TASK_10] [INFO] Saved best model metadata to models/best_model.pkl.meta.json
[2026-06-28 16:04:14] [TASK_10] [INFO] ------------------------------------------------------------
[2026-06-28 16:04:14] [TASK_10] [INFO] END TASK_10 — completed in 6.9 seconds
[2026-06-28 16:04:14] [TASK_10] [INFO] Output: reports/model_comparison.csv (18 rows)
[2026-06-28 16:04:14] [TASK_10] [INFO] ============================================================
[2026-06-28 16:04:16] [TASK_10] [INFO] Merged dataset: 507 rows, 244 columns
[2026-06-28 16:04:16] [TASK_10] [INFO] Time-series split — train: 357 rows (12 quarters), test: 150 rows (5 quarters)
[2026-06-28 16:04:25] [TASK_10] [INFO] Merged dataset: 507 rows, 244 columns
[2026-06-28 16:04:25] [TASK_10] [INFO] Time-series split — train: 357 rows (12 quarters), test: 150 rows (5 quarters)
[2026-06-28 16:04:25] [TASK_10] [INFO] Merged dataset: 507 rows, 244 columns
[2026-06-28 16:04:25] [TASK_10] [INFO] Time-series split — train: 357 rows (12 quarters), test: 150 rows (5 quarters)
[2026-06-28 16:04:39] [TASK_10] [INFO] Confusion matrix for Logistic_Regression - Config_A:
[[248  95]
 [ 85 217]]
[2026-06-28 16:04:39] [TASK_10] [INFO] Confusion matrix for Random_Forest - Config_A:
[[220 123]
 [ 68 234]]
[2026-06-28 16:04:39] [TASK_10] [INFO] Confusion matrix for XGBoost - Config_A:
[[207 136]
 [ 72 230]]
[2026-06-28 16:04:41] [TASK_10] [INFO] Confusion matrix for LightGBM - Config_A:
[[226 117]
 [ 81 221]]
[2026-06-28 16:04:41] [TASK_10] [INFO] Confusion matrix for Logistic_Regression - Config_C:
[[248  95]
 [ 83 219]]
[2026-06-28 16:04:41] [TASK_10] [INFO] Confusion matrix for Random_Forest - Config_C:
[[214 129]
 [ 69 233]]
[2026-06-28 16:04:42] [TASK_10] [INFO] Confusion matrix for XGBoost - Config_C:
[[192 151]
 [ 68 234]]
[2026-06-28 16:04:42] [TASK_10] [INFO] Confusion matrix for LightGBM - Config_C:
[[221 122]
 [ 75 227]]
[2026-06-28 16:04:47] [TASK_10] [INFO] Confusion matrix for Logistic_Regression - Config_A:
[[113  46]
 [ 46  91]]
[2026-06-28 16:04:48] [TASK_10] [INFO] Confusion matrix for Random_Forest - Config_A:
[[ 95  64]
 [ 31 106]]
[2026-06-28 16:04:48] [TASK_10] [INFO] Confusion matrix for XGBoost - Config_A:
[[ 93  66]
 [ 32 105]]
[2026-06-28 16:04:48] [TASK_10] [INFO] Confusion matrix for LightGBM - Config_A:
[[ 95  64]
 [ 32 105]]
[2026-06-28 16:04:48] [TASK_10] [INFO] Confusion matrix for Logistic_Regression - Config_C:
[[ 91  68]
 [ 36 101]]
[2026-06-28 16:04:48] [TASK_10] [INFO] Confusion matrix for Random_Forest - Config_C:
[[ 79  80]
 [ 24 113]]
[2026-06-28 16:04:49] [TASK_10] [INFO] Confusion matrix for XGBoost - Config_C:
[[ 82  77]
 [ 33 104]]
[2026-06-28 16:04:49] [TASK_10] [INFO] Confusion matrix for LightGBM - Config_C:
[[ 87  72]
 [ 28 109]]
[2026-06-28 16:04:53] [TASK_10] [INFO] Confusion matrix for Logistic_Regression - Config_A:
[[50 27]
 [19 54]]
[2026-06-28 16:04:53] [TASK_10] [INFO] Confusion matrix for Random_Forest - Config_A:
[[55 22]
 [17 56]]
[2026-06-28 16:04:54] [TASK_10] [INFO] Confusion matrix for XGBoost - Config_A:
[[55 22]
 [18 55]]
[2026-06-28 16:04:54] [TASK_10] [INFO] Confusion matrix for LightGBM - Config_A:
[[54 23]
 [18 55]]
[2026-06-28 16:04:54] [TASK_10] [INFO] Confusion matrix for Logistic_Regression - Config_C:
[[41 36]
 [21 52]]
[2026-06-28 16:04:54] [TASK_10] [INFO] Confusion matrix for Random_Forest - Config_C:
[[51 26]
 [18 55]]
[2026-06-28 16:04:55] [TASK_10] [INFO] Confusion matrix for XGBoost - Config_C:
[[49 28]
 [17 56]]
[2026-06-28 16:04:55] [TASK_10] [INFO] Confusion matrix for LightGBM - Config_C:
[[52 25]
 [13 60]]
[2026-06-28 16:04:58] [TASK_10] [INFO] Confusion matrix for Logistic_Regression - Config_A:
[[30 20]
 [21 19]]
[2026-06-28 16:04:58] [TASK_10] [INFO] Confusion matrix for Random_Forest - Config_A:
[[31 19]
 [12 28]]
[2026-06-28 16:04:58] [TASK_10] [INFO] Confusion matrix for XGBoost - Config_A:
[[36 14]
 [14 26]]
[2026-06-28 16:04:58] [TASK_10] [INFO] Confusion matrix for LightGBM - Config_A:
[[41  9]
 [15 25]]
[2026-06-28 16:04:59] [TASK_10] [INFO] Confusion matrix for Logistic_Regression - Config_C:
[[26 24]
 [17 23]]
[2026-06-28 16:04:59] [TASK_10] [INFO] Confusion matrix for Random_Forest - Config_C:
[[23 27]
 [ 8 32]]
[2026-06-28 16:04:59] [TASK_10] [INFO] Confusion matrix for XGBoost - Config_C:
[[32 18]
 [13 27]]
[2026-06-28 16:04:59] [TASK_10] [INFO] Confusion matrix for LightGBM - Config_C:
[[31 19]
 [11 29]]
[2026-06-28 16:14:39] [TASK_10] [INFO] ============================================================
[2026-06-28 16:14:39] [TASK_10] [INFO] START TASK_10: Model Training (3 configs × 4 algorithms)
[2026-06-28 16:14:39] [TASK_10] [INFO] Timestamp: 2026-06-28T16:14:39.099048
[2026-06-28 16:14:39] [TASK_10] [INFO] ============================================================
[2026-06-28 16:14:39] [TASK_10] [INFO] Input: data/features/technical_features.csv (570 rows)
[2026-06-28 16:14:39] [TASK_10] [INFO] Input: data/features/keyword_features.csv (557 rows)
[2026-06-28 16:14:39] [TASK_10] [INFO] Input: data/aggregated/master_with_labels.csv (537 rows)
[2026-06-28 16:14:39] [TASK_10] [INFO] ------------------------------------------------------------
[2026-06-28 16:14:39] [TASK_10] [INFO] END TASK_10 — completed in 0.0 seconds
[2026-06-28 16:14:39] [TASK_10] [INFO] ============================================================
[2026-06-28 16:14:39] [TASK_10] [INFO] ============================================================
[2026-06-28 16:14:39] [TASK_10] [INFO] START TASK_10: Model Training (3 configs × 4 algorithms)
[2026-06-28 16:14:39] [TASK_10] [INFO] Timestamp: 2026-06-28T16:14:39.414235
[2026-06-28 16:14:39] [TASK_10] [INFO] ============================================================
[2026-06-28 16:14:39] [TASK_10] [INFO] Input: data/features/technical_features.csv (570 rows)
[2026-06-28 16:14:39] [TASK_10] [INFO] Input: data/features/keyword_features.csv (557 rows)
[2026-06-28 16:14:39] [TASK_10] [INFO] Input: data/aggregated/master_with_labels.csv (537 rows)
[2026-06-28 16:14:39] [TASK_10] [INFO] ------------------------------------------------------------
[2026-06-28 16:14:39] [TASK_10] [INFO] END TASK_10 — completed in 0.0 seconds
[2026-06-28 16:14:39] [TASK_10] [INFO] ============================================================
[2026-06-28 16:14:39] [TASK_10] [INFO] Time-series split — train: 12 rows (4 quarters), test: 12 rows (4 quarters)
[2026-06-28 16:14:39] [TASK_10] [INFO] Time-series split — train: 12 rows (4 quarters), test: 12 rows (4 quarters)
[2026-06-28 16:14:39] [TASK_10] [INFO] Time-series split — train: 12 rows (4 quarters), test: 12 rows (4 quarters)
[2026-06-28 16:14:39] [TASK_10] [INFO] Time-series split — train: 12 rows (4 quarters), test: 12 rows (4 quarters)
[2026-06-28 16:14:39] [TASK_10] [WARNING] Fewer than 4 test quarters with cutoff 2024Q4; falling back to last 20% of quarters (1 test quarters).
[2026-06-28 16:14:39] [TASK_10] [INFO] Time-series split — train: 21 rows (7 quarters), test: 3 rows (1 quarters)
[2026-06-28 16:14:39] [TASK_10] [INFO] Time-series split — train: 12 rows (4 quarters), test: 12 rows (4 quarters)
[2026-06-28 16:14:39] [TASK_10] [INFO] Confusion matrix for Dummy - Config_A:
[[10  0]
 [ 2  0]]
[2026-06-28 21:28:54] [TASK_10] [INFO] ============================================================
[2026-06-28 21:28:54] [TASK_10] [INFO] START TASK_10: Model Training (3 configs × 4 algorithms)
[2026-06-28 21:28:54] [TASK_10] [INFO] Timestamp: 2026-06-28T21:28:54.816725
[2026-06-28 21:28:54] [TASK_10] [INFO] ============================================================
[2026-06-28 21:28:54] [TASK_10] [INFO] Input: data/features/technical_features.csv (570 rows)
[2026-06-28 21:28:54] [TASK_10] [INFO] Input: data/features/keyword_features.csv (560 rows)
[2026-06-28 21:28:54] [TASK_10] [INFO] Input: data/aggregated/master_with_labels.csv (540 rows)
[2026-06-28 21:28:56] [TASK_10] [INFO] Merged dataset: 510 rows, 244 columns
[2026-06-28 21:28:56] [TASK_10] [INFO] Feature columns — technical: 16, keyword: 225
[2026-06-28 21:28:56] [TASK_10] [INFO] Time-series split — train: 360 rows (12 quarters), test: 150 rows (5 quarters)
[2026-06-28 21:28:56] [TASK_10] [INFO] === Config_A (16 features) ===
[2026-06-28 21:28:56] [TASK_10] [INFO]   Train: 360 samples, Test: 150 samples, Features: 16
[2026-06-28 21:28:56] [TASK_10] [INFO] Confusion matrix for Majority_Class - Config_A:
[[71  0]
 [79  0]]
[2026-06-28 21:28:56] [TASK_10] [INFO] Confusion matrix for Naive_Momentum - Config_A:
[[42 29]
 [43 36]]
[2026-06-28 21:28:56] [TASK_10] [INFO]   Training Logistic_Regression …
[2026-06-28 21:28:56] [TASK_10] [INFO] Confusion matrix for Logistic_Regression - Config_A:
[[58 13]
 [29 50]]
[2026-06-28 21:28:56] [TASK_10] [INFO]   Training Random_Forest …
[2026-06-28 21:28:57] [TASK_10] [INFO] Confusion matrix for Random_Forest - Config_A:
[[59 12]
 [24 55]]
[2026-06-28 21:28:57] [TASK_10] [INFO]   Training XGBoost …
[2026-06-28 21:28:57] [TASK_10] [INFO] Confusion matrix for XGBoost - Config_A:
[[58 13]
 [29 50]]
[2026-06-28 21:28:57] [TASK_10] [INFO]   Training LightGBM …
[2026-06-28 21:28:58] [TASK_10] [INFO] Confusion matrix for LightGBM - Config_A:
[[56 15]
 [27 52]]
[2026-06-28 21:28:58] [TASK_10] [INFO] === Config_B (225 features) ===
[2026-06-28 21:28:58] [TASK_10] [INFO]   Train: 360 samples, Test: 150 samples, Features: 225
[2026-06-28 21:28:58] [TASK_10] [INFO] Confusion matrix for Majority_Class - Config_B:
[[71  0]
 [79  0]]
[2026-06-28 21:28:58] [TASK_10] [INFO] Confusion matrix for Naive_Momentum - Config_B:
[[42 29]
 [43 36]]
[2026-06-28 21:28:59] [TASK_10] [INFO]   Training Logistic_Regression …
[2026-06-28 21:28:59] [TASK_10] [INFO] Confusion matrix for Logistic_Regression - Config_B:
[[36 35]
 [40 39]]
[2026-06-28 21:28:59] [TASK_10] [INFO]   Training Random_Forest …
[2026-06-28 21:28:59] [TASK_10] [INFO] Confusion matrix for Random_Forest - Config_B:
[[32 39]
 [26 53]]
[2026-06-28 21:28:59] [TASK_10] [INFO]   Training XGBoost …
[2026-06-28 21:28:59] [TASK_10] [INFO] Confusion matrix for XGBoost - Config_B:
[[37 34]
 [38 41]]
[2026-06-28 21:29:00] [TASK_10] [INFO]   Training LightGBM …
[2026-06-28 21:29:00] [TASK_10] [INFO] Confusion matrix for LightGBM - Config_B:
[[34 37]
 [28 51]]
[2026-06-28 21:29:00] [TASK_10] [INFO] === Config_C (241 features) ===
[2026-06-28 21:29:00] [TASK_10] [INFO]   Train: 360 samples, Test: 150 samples, Features: 241
[2026-06-28 21:29:00] [TASK_10] [INFO] Confusion matrix for Majority_Class - Config_C:
[[71  0]
 [79  0]]
[2026-06-28 21:29:00] [TASK_10] [INFO] Confusion matrix for Naive_Momentum - Config_C:
[[42 29]
 [43 36]]
[2026-06-28 21:29:00] [TASK_10] [INFO]   Training Logistic_Regression …
[2026-06-28 21:29:00] [TASK_10] [INFO] Confusion matrix for Logistic_Regression - Config_C:
[[54 17]
 [28 51]]
[2026-06-28 21:29:00] [TASK_10] [INFO]   Training Random_Forest …
[2026-06-28 21:29:00] [TASK_10] [INFO] Confusion matrix for Random_Forest - Config_C:
[[49 22]
 [18 61]]
[2026-06-28 21:29:00] [TASK_10] [INFO]   Training XGBoost …
[2026-06-28 21:29:01] [TASK_10] [INFO] Confusion matrix for XGBoost - Config_C:
[[52 19]
 [22 57]]
[2026-06-28 21:29:01] [TASK_10] [INFO]   Training LightGBM …
[2026-06-28 21:29:01] [TASK_10] [INFO] Confusion matrix for LightGBM - Config_C:
[[54 17]
 [25 54]]
[2026-06-28 21:29:01] [TASK_10] [INFO] Saved model comparison to reports/model_comparison.csv (18 rows)
[2026-06-28 21:29:01] [TASK_10] [INFO] Best model: Random_Forest (Config_A) — Balanced Accuracy = 0.7636
[2026-06-28 21:29:01] [TASK_10] [INFO] Majority_Class: Config_C does not improve over Config_A by 0.0000 (BA: 0.5000 → 0.5000)
[2026-06-28 21:29:01] [TASK_10] [INFO] Note: Config_C does not improve over Config_A for Majority_Class. This is still a valid research finding.
[2026-06-28 21:29:01] [TASK_10] [INFO] Naive_Momentum: Config_C does not improve over Config_A by 0.0000 (BA: 0.5236 → 0.5236)
[2026-06-28 21:29:01] [TASK_10] [INFO] Note: Config_C does not improve over Config_A for Naive_Momentum. This is still a valid research finding.
[2026-06-28 21:29:01] [TASK_10] [INFO] Logistic_Regression: Config_C does not improve over Config_A by 0.0218 (BA: 0.7249 → 0.7031)
[2026-06-28 21:29:01] [TASK_10] [INFO] Note: Config_C does not improve over Config_A for Logistic_Regression. This is still a valid research finding.
[2026-06-28 21:29:01] [TASK_10] [INFO] Random_Forest: Config_C does not improve over Config_A by 0.0324 (BA: 0.7636 → 0.7311)
[2026-06-28 21:29:01] [TASK_10] [INFO] Note: Config_C does not improve over Config_A for Random_Forest. This is still a valid research finding.
[2026-06-28 21:29:01] [TASK_10] [INFO] XGBoost: Config_C improves over Config_A by 0.0021 (BA: 0.7249 → 0.7270)
[2026-06-28 21:29:01] [TASK_10] [INFO] LightGBM: Config_C does not improve over Config_A by 0.0014 (BA: 0.7235 → 0.7221)
[2026-06-28 21:29:01] [TASK_10] [INFO] Note: Config_C does not improve over Config_A for LightGBM. This is still a valid research finding.
[2026-06-28 21:29:01] [TASK_10] [INFO] Saved best model to models/best_model.pkl
[2026-06-28 21:29:01] [TASK_10] [INFO] Saved best model metadata to models/best_model.pkl.meta.json
[2026-06-28 21:29:01] [TASK_10] [INFO] ------------------------------------------------------------
[2026-06-28 21:29:01] [TASK_10] [INFO] END TASK_10 — completed in 6.7 seconds
[2026-06-28 21:29:01] [TASK_10] [INFO] Output: reports/model_comparison.csv (18 rows)
[2026-06-28 21:29:01] [TASK_10] [INFO] ============================================================
[2026-06-28 21:29:02] [TASK_10] [INFO] Merged dataset: 510 rows, 244 columns
[2026-06-28 21:29:02] [TASK_10] [INFO] Time-series split — train: 360 rows (12 quarters), test: 150 rows (5 quarters)
[2026-06-28 21:29:11] [TASK_10] [INFO] Merged dataset: 510 rows, 244 columns
[2026-06-28 21:29:11] [TASK_10] [INFO] Time-series split — train: 360 rows (12 quarters), test: 150 rows (5 quarters)
[2026-06-28 21:29:11] [TASK_10] [INFO] Merged dataset: 510 rows, 244 columns
[2026-06-28 21:29:11] [TASK_10] [INFO] Time-series split — train: 360 rows (12 quarters), test: 150 rows (5 quarters)
[2026-06-28 21:29:24] [TASK_10] [INFO] Confusion matrix for Logistic_Regression - Config_A:
[[264  87]
 [ 87 221]]
[2026-06-28 21:29:25] [TASK_10] [INFO] Confusion matrix for Random_Forest - Config_A:
[[233 118]
 [ 79 229]]
[2026-06-28 21:29:25] [TASK_10] [INFO] Confusion matrix for XGBoost - Config_A:
[[216 135]
 [ 72 236]]
[2026-06-28 21:29:27] [TASK_10] [INFO] Confusion matrix for LightGBM - Config_A:
[[229 122]
 [ 79 229]]
[2026-06-28 21:29:27] [TASK_10] [INFO] Confusion matrix for Logistic_Regression - Config_C:
[[257  94]
 [ 91 217]]
[2026-06-28 21:29:27] [TASK_10] [INFO] Confusion matrix for Random_Forest - Config_C:
[[227 124]
 [ 77 231]]
[2026-06-28 21:29:28] [TASK_10] [INFO] Confusion matrix for XGBoost - Config_C:
[[225 126]
 [ 74 234]]
[2026-06-28 21:29:28] [TASK_10] [INFO] Confusion matrix for LightGBM - Config_C:
[[232 119]
 [ 79 229]]
[2026-06-28 21:29:34] [TASK_10] [INFO] Confusion matrix for Logistic_Regression - Config_A:
[[113  45]
 [ 47  92]]
[2026-06-28 21:29:34] [TASK_10] [INFO] Confusion matrix for Random_Forest - Config_A:
[[104  54]
 [ 40  99]]
[2026-06-28 21:29:34] [TASK_10] [INFO] Confusion matrix for XGBoost - Config_A:
[[ 91  67]
 [ 35 104]]
[2026-06-28 21:29:34] [TASK_10] [INFO] Confusion matrix for LightGBM - Config_A:
[[94 64]
 [40 99]]
[2026-06-28 21:29:35] [TASK_10] [INFO] Confusion matrix for Logistic_Regression - Config_C:
[[112  46]
 [ 48  91]]
[2026-06-28 21:29:35] [TASK_10] [INFO] Confusion matrix for Random_Forest - Config_C:
[[ 92  66]
 [ 34 105]]
[2026-06-28 21:29:36] [TASK_10] [INFO] Confusion matrix for XGBoost - Config_C:
[[ 93  65]
 [ 36 103]]
[2026-06-28 21:29:36] [TASK_10] [INFO] Confusion matrix for LightGBM - Config_C:
[[ 88  70]
 [ 35 104]]
[2026-06-28 21:29:40] [TASK_10] [INFO] Confusion matrix for Logistic_Regression - Config_A:
[[46 31]
 [29 44]]
[2026-06-28 21:29:40] [TASK_10] [INFO] Confusion matrix for Random_Forest - Config_A:
[[54 23]
 [18 55]]
[2026-06-28 21:29:40] [TASK_10] [INFO] Confusion matrix for XGBoost - Config_A:
[[54 23]
 [21 52]]
[2026-06-28 21:29:40] [TASK_10] [INFO] Confusion matrix for LightGBM - Config_A:
[[54 23]
 [17 56]]
[2026-06-28 21:29:40] [TASK_10] [INFO] Confusion matrix for Logistic_Regression - Config_C:
[[49 28]
 [30 43]]
[2026-06-28 21:29:41] [TASK_10] [INFO] Confusion matrix for Random_Forest - Config_C:
[[49 28]
 [17 56]]
[2026-06-28 21:29:41] [TASK_10] [INFO] Confusion matrix for XGBoost - Config_C:
[[51 26]
 [17 56]]
[2026-06-28 21:29:42] [TASK_10] [INFO] Confusion matrix for LightGBM - Config_C:
[[49 28]
 [17 56]]
[2026-06-28 21:29:45] [TASK_10] [INFO] Confusion matrix for Logistic_Regression - Config_A:
[[31 19]
 [21 19]]
[2026-06-28 21:29:45] [TASK_10] [INFO] Confusion matrix for Random_Forest - Config_A:
[[29 21]
 [ 9 31]]
[2026-06-28 21:29:45] [TASK_10] [INFO] Confusion matrix for XGBoost - Config_A:
[[39 11]
 [12 28]]
[2026-06-28 21:29:45] [TASK_10] [INFO] Confusion matrix for LightGBM - Config_A:
[[36 14]
 [12 28]]
[2026-06-28 21:29:45] [TASK_10] [INFO] Confusion matrix for Logistic_Regression - Config_C:
[[29 21]
 [19 21]]
[2026-06-28 21:29:46] [TASK_10] [INFO] Confusion matrix for Random_Forest - Config_C:
[[30 20]
 [ 9 31]]
[2026-06-28 21:29:46] [TASK_10] [INFO] Confusion matrix for XGBoost - Config_C:
[[33 17]
 [14 26]]
[2026-06-28 21:29:47] [TASK_10] [INFO] Confusion matrix for LightGBM - Config_C:
[[37 13]
 [12 28]]
[2026-06-28 21:34:28] [TASK_10] [INFO] ============================================================
[2026-06-28 21:34:28] [TASK_10] [INFO] START TASK_10: Model Training (3 configs × 4 algorithms)
[2026-06-28 21:34:28] [TASK_10] [INFO] Timestamp: 2026-06-28T21:34:28.350088
[2026-06-28 21:34:28] [TASK_10] [INFO] ============================================================
[2026-06-28 21:34:28] [TASK_10] [INFO] Input: data/features/technical_features.csv (570 rows)
[2026-06-28 21:34:28] [TASK_10] [INFO] Input: data/features/keyword_features.csv (560 rows)
[2026-06-28 21:34:28] [TASK_10] [INFO] Input: data/aggregated/master_with_labels.csv (540 rows)
[2026-06-28 21:34:28] [TASK_10] [INFO] ------------------------------------------------------------
[2026-06-28 21:34:28] [TASK_10] [INFO] END TASK_10 — completed in 0.0 seconds
[2026-06-28 21:34:28] [TASK_10] [INFO] ============================================================
[2026-06-28 21:34:28] [TASK_10] [INFO] ============================================================
[2026-06-28 21:34:28] [TASK_10] [INFO] START TASK_10: Model Training (3 configs × 4 algorithms)
[2026-06-28 21:34:28] [TASK_10] [INFO] Timestamp: 2026-06-28T21:34:28.906117
[2026-06-28 21:34:28] [TASK_10] [INFO] ============================================================
[2026-06-28 21:34:28] [TASK_10] [INFO] Input: data/features/technical_features.csv (570 rows)
[2026-06-28 21:34:28] [TASK_10] [INFO] Input: data/features/keyword_features.csv (560 rows)
[2026-06-28 21:34:28] [TASK_10] [INFO] Input: data/aggregated/master_with_labels.csv (540 rows)
[2026-06-28 21:34:28] [TASK_10] [INFO] ------------------------------------------------------------
[2026-06-28 21:34:28] [TASK_10] [INFO] END TASK_10 — completed in 0.0 seconds
[2026-06-28 21:34:28] [TASK_10] [INFO] ============================================================
[2026-06-28 21:34:28] [TASK_10] [INFO] Time-series split — train: 12 rows (4 quarters), test: 12 rows (4 quarters)
[2026-06-28 21:34:28] [TASK_10] [INFO] Time-series split — train: 12 rows (4 quarters), test: 12 rows (4 quarters)
[2026-06-28 21:34:28] [TASK_10] [INFO] Time-series split — train: 12 rows (4 quarters), test: 12 rows (4 quarters)
[2026-06-28 21:34:28] [TASK_10] [INFO] Time-series split — train: 12 rows (4 quarters), test: 12 rows (4 quarters)
[2026-06-28 21:34:28] [TASK_10] [WARNING] Fewer than 4 test quarters with cutoff 2024Q4; falling back to last 20% of quarters (1 test quarters).
[2026-06-28 21:34:28] [TASK_10] [INFO] Time-series split — train: 21 rows (7 quarters), test: 3 rows (1 quarters)
[2026-06-28 21:34:29] [TASK_10] [INFO] Time-series split — train: 12 rows (4 quarters), test: 12 rows (4 quarters)
[2026-06-28 21:34:29] [TASK_10] [INFO] Confusion matrix for Dummy - Config_A:
[[10  0]
 [ 2  0]]
[2026-06-28 21:57:51] [TASK_10] [INFO] ============================================================
[2026-06-28 21:57:51] [TASK_10] [INFO] START TASK_10: Model Training (3 configs × 4 algorithms)
[2026-06-28 21:57:51] [TASK_10] [INFO] Timestamp: 2026-06-28T21:57:51.051959
[2026-06-28 21:57:51] [TASK_10] [INFO] ============================================================
[2026-06-28 21:57:51] [TASK_10] [INFO] Input: data/features/technical_features.csv (570 rows)
[2026-06-28 21:57:51] [TASK_10] [INFO] Input: data/features/keyword_features.csv (560 rows)
[2026-06-28 21:57:51] [TASK_10] [INFO] Input: data/aggregated/master_with_labels.csv (540 rows)
[2026-06-28 21:57:52] [TASK_10] [INFO] Merged dataset: 510 rows, 343 columns
[2026-06-28 21:57:52] [TASK_10] [INFO] Feature columns — technical: 16, keyword: 324
[2026-06-28 21:57:52] [TASK_10] [INFO] Time-series split — train: 360 rows (12 quarters), test: 150 rows (5 quarters)
[2026-06-28 21:57:52] [TASK_10] [INFO] === Config_A (16 features) ===
[2026-06-28 21:57:52] [TASK_10] [INFO]   Train: 360 samples, Test: 150 samples, Features: 16
[2026-06-28 21:57:52] [TASK_10] [INFO] Confusion matrix for Majority_Class - Config_A:
[[71  0]
 [79  0]]
[2026-06-28 21:57:52] [TASK_10] [INFO] Confusion matrix for Naive_Momentum - Config_A:
[[42 29]
 [43 36]]
[2026-06-28 21:57:53] [TASK_10] [INFO]   Training Logistic_Regression …
[2026-06-28 21:57:53] [TASK_10] [INFO] Confusion matrix for Logistic_Regression - Config_A:
[[58 13]
 [29 50]]
[2026-06-28 21:57:53] [TASK_10] [INFO]   Training Random_Forest …
[2026-06-28 21:57:53] [TASK_10] [INFO] Confusion matrix for Random_Forest - Config_A:
[[59 12]
 [24 55]]
[2026-06-28 21:57:53] [TASK_10] [INFO]   Training XGBoost …
[2026-06-28 21:57:53] [TASK_10] [INFO] Confusion matrix for XGBoost - Config_A:
[[58 13]
 [29 50]]
[2026-06-28 21:57:53] [TASK_10] [INFO]   Training LightGBM …
[2026-06-28 21:57:55] [TASK_10] [INFO] Confusion matrix for LightGBM - Config_A:
[[56 15]
 [27 52]]
[2026-06-28 21:57:55] [TASK_10] [INFO] === Config_B (324 features) ===
[2026-06-28 21:57:55] [TASK_10] [INFO]   Train: 360 samples, Test: 150 samples, Features: 324
[2026-06-28 21:57:55] [TASK_10] [INFO] Confusion matrix for Majority_Class - Config_B:
[[71  0]
 [79  0]]
[2026-06-28 21:57:55] [TASK_10] [INFO] Confusion matrix for Naive_Momentum - Config_B:
[[42 29]
 [43 36]]
[2026-06-28 21:57:55] [TASK_10] [INFO]   Training Logistic_Regression …
[2026-06-28 21:57:55] [TASK_10] [INFO] Confusion matrix for Logistic_Regression - Config_B:
[[32 39]
 [36 43]]
[2026-06-28 21:57:55] [TASK_10] [INFO]   Training Random_Forest …
[2026-06-28 21:57:55] [TASK_10] [INFO] Confusion matrix for Random_Forest - Config_B:
[[34 37]
 [21 58]]
[2026-06-28 21:57:55] [TASK_10] [INFO]   Training XGBoost …
[2026-06-28 21:57:56] [TASK_10] [INFO] Confusion matrix for XGBoost - Config_B:
[[37 34]
 [37 42]]
[2026-06-28 21:57:56] [TASK_10] [INFO]   Training LightGBM …
[2026-06-28 21:57:56] [TASK_10] [INFO] Confusion matrix for LightGBM - Config_B:
[[33 38]
 [32 47]]
[2026-06-28 21:57:56] [TASK_10] [INFO] === Config_C (340 features) ===
[2026-06-28 21:57:56] [TASK_10] [INFO]   Train: 360 samples, Test: 150 samples, Features: 340
[2026-06-28 21:57:56] [TASK_10] [INFO] Confusion matrix for Majority_Class - Config_C:
[[71  0]
 [79  0]]
[2026-06-28 21:57:56] [TASK_10] [INFO] Confusion matrix for Naive_Momentum - Config_C:
[[42 29]
 [43 36]]
[2026-06-28 21:57:56] [TASK_10] [INFO]   Training Logistic_Regression …
[2026-06-28 21:57:56] [TASK_10] [INFO] Confusion matrix for Logistic_Regression - Config_C:
[[54 17]
 [28 51]]
[2026-06-28 21:57:56] [TASK_10] [INFO]   Training Random_Forest …
[2026-06-28 21:57:56] [TASK_10] [INFO] Confusion matrix for Random_Forest - Config_C:
[[52 19]
 [18 61]]
[2026-06-28 21:57:56] [TASK_10] [INFO]   Training XGBoost …
[2026-06-28 21:57:57] [TASK_10] [INFO] Confusion matrix for XGBoost - Config_C:
[[53 18]
 [25 54]]
[2026-06-28 21:57:57] [TASK_10] [INFO]   Training LightGBM …
[2026-06-28 21:57:58] [TASK_10] [INFO] Confusion matrix for LightGBM - Config_C:
[[52 19]
 [25 54]]
[2026-06-28 21:57:58] [TASK_10] [INFO] Saved model comparison to reports/model_comparison.csv (18 rows)
[2026-06-28 21:57:58] [TASK_10] [INFO] Best model: Random_Forest (Config_A) — Balanced Accuracy = 0.7636
[2026-06-28 21:57:58] [TASK_10] [INFO] Majority_Class: Config_C does not improve over Config_A by 0.0000 (BA: 0.5000 → 0.5000)
[2026-06-28 21:57:58] [TASK_10] [INFO] Note: Config_C does not improve over Config_A for Majority_Class. This is still a valid research finding.
[2026-06-28 21:57:58] [TASK_10] [INFO] Naive_Momentum: Config_C does not improve over Config_A by 0.0000 (BA: 0.5236 → 0.5236)
[2026-06-28 21:57:58] [TASK_10] [INFO] Note: Config_C does not improve over Config_A for Naive_Momentum. This is still a valid research finding.
[2026-06-28 21:57:58] [TASK_10] [INFO] Logistic_Regression: Config_C does not improve over Config_A by 0.0218 (BA: 0.7249 → 0.7031)
[2026-06-28 21:57:58] [TASK_10] [INFO] Note: Config_C does not improve over Config_A for Logistic_Regression. This is still a valid research finding.
[2026-06-28 21:57:58] [TASK_10] [INFO] Random_Forest: Config_C does not improve over Config_A by 0.0113 (BA: 0.7636 → 0.7523)
[2026-06-28 21:57:58] [TASK_10] [INFO] Note: Config_C does not improve over Config_A for Random_Forest. This is still a valid research finding.
[2026-06-28 21:57:58] [TASK_10] [INFO] XGBoost: Config_C does not improve over Config_A by 0.0099 (BA: 0.7249 → 0.7150)
[2026-06-28 21:57:58] [TASK_10] [INFO] Note: Config_C does not improve over Config_A for XGBoost. This is still a valid research finding.
[2026-06-28 21:57:58] [TASK_10] [INFO] LightGBM: Config_C does not improve over Config_A by 0.0155 (BA: 0.7235 → 0.7080)
[2026-06-28 21:57:58] [TASK_10] [INFO] Note: Config_C does not improve over Config_A for LightGBM. This is still a valid research finding.
[2026-06-28 21:57:58] [TASK_10] [INFO] Saved best model to models/best_model.pkl
[2026-06-28 21:57:58] [TASK_10] [INFO] Saved best model metadata to models/best_model.pkl.meta.json
[2026-06-28 21:57:58] [TASK_10] [INFO] ------------------------------------------------------------
[2026-06-28 21:57:58] [TASK_10] [INFO] END TASK_10 — completed in 7.0 seconds
[2026-06-28 21:57:58] [TASK_10] [INFO] Output: reports/model_comparison.csv (18 rows)
[2026-06-28 21:57:58] [TASK_10] [INFO] ============================================================
[2026-06-28 21:57:59] [TASK_10] [INFO] Merged dataset: 510 rows, 343 columns
[2026-06-28 21:57:59] [TASK_10] [INFO] Time-series split — train: 360 rows (12 quarters), test: 150 rows (5 quarters)
[2026-06-28 21:58:07] [TASK_10] [INFO] Merged dataset: 510 rows, 343 columns
[2026-06-28 21:58:07] [TASK_10] [INFO] Time-series split — train: 360 rows (12 quarters), test: 150 rows (5 quarters)
[2026-06-28 21:58:07] [TASK_10] [INFO] Merged dataset: 510 rows, 343 columns
[2026-06-28 21:58:07] [TASK_10] [INFO] Time-series split — train: 360 rows (12 quarters), test: 150 rows (5 quarters)
[2026-06-28 21:58:52] [TASK_10] [INFO] Confusion matrix for Logistic_Regression - Config_A:
[[264  87]
 [ 87 221]]
[2026-06-28 21:58:52] [TASK_10] [INFO] Confusion matrix for Random_Forest - Config_A:
[[233 118]
 [ 79 229]]
[2026-06-28 21:58:52] [TASK_10] [INFO] Confusion matrix for XGBoost - Config_A:
[[216 135]
 [ 72 236]]
[2026-06-28 21:58:54] [TASK_10] [INFO] Confusion matrix for LightGBM - Config_A:
[[229 122]
 [ 79 229]]
[2026-06-28 21:58:54] [TASK_10] [INFO] Confusion matrix for Logistic_Regression - Config_C:
[[257  94]
 [ 91 217]]
[2026-06-28 21:58:55] [TASK_10] [INFO] Confusion matrix for Random_Forest - Config_C:
[[230 121]
 [ 77 231]]
[2026-06-28 21:58:55] [TASK_10] [INFO] Confusion matrix for XGBoost - Config_C:
[[208 143]
 [ 80 228]]
[2026-06-28 21:58:56] [TASK_10] [INFO] Confusion matrix for LightGBM - Config_C:
[[224 127]
 [ 84 224]]
[2026-06-28 21:59:03] [TASK_10] [INFO] Confusion matrix for Logistic_Regression - Config_A:
[[113  45]
 [ 47  92]]
[2026-06-28 21:59:03] [TASK_10] [INFO] Confusion matrix for Random_Forest - Config_A:
[[104  54]
 [ 40  99]]
[2026-06-28 21:59:03] [TASK_10] [INFO] Confusion matrix for XGBoost - Config_A:
[[ 91  67]
 [ 35 104]]
[2026-06-28 21:59:04] [TASK_10] [INFO] Confusion matrix for LightGBM - Config_A:
[[94 64]
 [40 99]]
[2026-06-28 21:59:04] [TASK_10] [INFO] Confusion matrix for Logistic_Regression - Config_C:
[[102  56]
 [ 36 103]]
[2026-06-28 21:59:04] [TASK_10] [INFO] Confusion matrix for Random_Forest - Config_C:
[[ 91  67]
 [ 37 102]]
[2026-06-28 21:59:05] [TASK_10] [INFO] Confusion matrix for XGBoost - Config_C:
[[ 93  65]
 [ 38 101]]
[2026-06-28 21:59:05] [TASK_10] [INFO] Confusion matrix for LightGBM - Config_C:
[[ 88  70]
 [ 36 103]]
[2026-06-28 21:59:10] [TASK_10] [INFO] Confusion matrix for Logistic_Regression - Config_A:
[[46 31]
 [29 44]]
[2026-06-28 21:59:10] [TASK_10] [INFO] Confusion matrix for Random_Forest - Config_A:
[[54 23]
 [18 55]]
[2026-06-28 21:59:10] [TASK_10] [INFO] Confusion matrix for XGBoost - Config_A:
[[54 23]
 [21 52]]
[2026-06-28 21:59:10] [TASK_10] [INFO] Confusion matrix for LightGBM - Config_A:
[[54 23]
 [17 56]]
[2026-06-28 21:59:10] [TASK_10] [INFO] Confusion matrix for Logistic_Regression - Config_C:
[[47 30]
 [17 56]]
[2026-06-28 21:59:11] [TASK_10] [INFO] Confusion matrix for Random_Forest - Config_C:
[[49 28]
 [18 55]]
[2026-06-28 21:59:11] [TASK_10] [INFO] Confusion matrix for XGBoost - Config_C:
[[49 28]
 [18 55]]
[2026-06-28 21:59:12] [TASK_10] [INFO] Confusion matrix for LightGBM - Config_C:
[[49 28]
 [16 57]]
[2026-06-28 21:59:15] [TASK_10] [INFO] Confusion matrix for Logistic_Regression - Config_A:
[[31 19]
 [21 19]]
[2026-06-28 21:59:15] [TASK_10] [INFO] Confusion matrix for Random_Forest - Config_A:
[[29 21]
 [ 9 31]]
[2026-06-28 21:59:15] [TASK_10] [INFO] Confusion matrix for XGBoost - Config_A:
[[39 11]
 [12 28]]
[2026-06-28 21:59:15] [TASK_10] [INFO] Confusion matrix for LightGBM - Config_A:
[[36 14]
 [12 28]]
[2026-06-28 21:59:15] [TASK_10] [INFO] Confusion matrix for Logistic_Regression - Config_C:
[[30 20]
 [20 20]]
[2026-06-28 21:59:15] [TASK_10] [INFO] Confusion matrix for Random_Forest - Config_C:
[[20 30]
 [ 9 31]]
[2026-06-28 21:59:16] [TASK_10] [INFO] Confusion matrix for XGBoost - Config_C:
[[34 16]
 [13 27]]
[2026-06-28 21:59:16] [TASK_10] [INFO] Confusion matrix for LightGBM - Config_C:
[[37 13]
 [13 27]]
[2026-06-28 21:59:31] [TASK_10] [INFO] Confusion matrix for Logistic_Regression - Config_A:
[[264  87]
 [ 87 221]]
[2026-06-28 21:59:31] [TASK_10] [INFO] Confusion matrix for Random_Forest - Config_A:
[[233 118]
 [ 79 229]]
[2026-06-28 21:59:31] [TASK_10] [INFO] Confusion matrix for XGBoost - Config_A:
[[216 135]
 [ 72 236]]
[2026-06-28 21:59:33] [TASK_10] [INFO] Confusion matrix for LightGBM - Config_A:
[[229 122]
 [ 79 229]]
[2026-06-28 21:59:33] [TASK_10] [INFO] Confusion matrix for Logistic_Regression - Config_C:
[[257  94]
 [ 91 217]]
[2026-06-28 21:59:33] [TASK_10] [INFO] Confusion matrix for Random_Forest - Config_C:
[[230 121]
 [ 77 231]]
[2026-06-28 21:59:34] [TASK_10] [INFO] Confusion matrix for XGBoost - Config_C:
[[208 143]
 [ 80 228]]
[2026-06-28 21:59:35] [TASK_10] [INFO] Confusion matrix for LightGBM - Config_C:
[[224 127]
 [ 84 224]]
[2026-06-28 21:59:40] [TASK_10] [INFO] Confusion matrix for Logistic_Regression - Config_A:
[[113  45]
 [ 47  92]]
[2026-06-28 21:59:41] [TASK_10] [INFO] Confusion matrix for Random_Forest - Config_A:
[[104  54]
 [ 40  99]]
[2026-06-28 21:59:41] [TASK_10] [INFO] Confusion matrix for XGBoost - Config_A:
[[ 91  67]
 [ 35 104]]
[2026-06-28 21:59:41] [TASK_10] [INFO] Confusion matrix for LightGBM - Config_A:
[[94 64]
 [40 99]]
[2026-06-28 21:59:41] [TASK_10] [INFO] Confusion matrix for Logistic_Regression - Config_C:
[[102  56]
 [ 36 103]]
[2026-06-28 21:59:41] [TASK_10] [INFO] Confusion matrix for Random_Forest - Config_C:
[[ 91  67]
 [ 37 102]]
[2026-06-28 21:59:42] [TASK_10] [INFO] Confusion matrix for XGBoost - Config_C:
[[ 93  65]
 [ 38 101]]
[2026-06-28 21:59:42] [TASK_10] [INFO] Confusion matrix for LightGBM - Config_C:
[[ 88  70]
 [ 36 103]]
[2026-06-28 21:59:46] [TASK_10] [INFO] Confusion matrix for Logistic_Regression - Config_A:
[[46 31]
 [29 44]]
[2026-06-28 21:59:46] [TASK_10] [INFO] Confusion matrix for Random_Forest - Config_A:
[[54 23]
 [18 55]]
[2026-06-28 21:59:47] [TASK_10] [INFO] Confusion matrix for XGBoost - Config_A:
[[54 23]
 [21 52]]
[2026-06-28 21:59:47] [TASK_10] [INFO] Confusion matrix for LightGBM - Config_A:
[[54 23]
 [17 56]]
[2026-06-28 21:59:47] [TASK_10] [INFO] Confusion matrix for Logistic_Regression - Config_C:
[[47 30]
 [17 56]]
[2026-06-28 21:59:47] [TASK_10] [INFO] Confusion matrix for Random_Forest - Config_C:
[[49 28]
 [18 55]]
[2026-06-28 21:59:48] [TASK_10] [INFO] Confusion matrix for XGBoost - Config_C:
[[49 28]
 [18 55]]
[2026-06-28 21:59:48] [TASK_10] [INFO] Confusion matrix for LightGBM - Config_C:
[[49 28]
 [16 57]]
[2026-06-28 21:59:51] [TASK_10] [INFO] Confusion matrix for Logistic_Regression - Config_A:
[[31 19]
 [21 19]]
[2026-06-28 21:59:51] [TASK_10] [INFO] Confusion matrix for Random_Forest - Config_A:
[[29 21]
 [ 9 31]]
[2026-06-28 21:59:51] [TASK_10] [INFO] Confusion matrix for XGBoost - Config_A:
[[39 11]
 [12 28]]
[2026-06-28 21:59:51] [TASK_10] [INFO] Confusion matrix for LightGBM - Config_A:
[[36 14]
 [12 28]]
[2026-06-28 21:59:52] [TASK_10] [INFO] Confusion matrix for Logistic_Regression - Config_C:
[[30 20]
 [20 20]]
[2026-06-28 21:59:52] [TASK_10] [INFO] Confusion matrix for Random_Forest - Config_C:
[[20 30]
 [ 9 31]]
[2026-06-28 21:59:53] [TASK_10] [INFO] Confusion matrix for XGBoost - Config_C:
[[34 16]
 [13 27]]
[2026-06-28 21:59:53] [TASK_10] [INFO] Confusion matrix for LightGBM - Config_C:
[[37 13]
 [13 27]]
[2026-06-28 22:03:53] [TASK_10] [INFO] ============================================================
[2026-06-28 22:03:53] [TASK_10] [INFO] START TASK_10: Model Training (3 configs × 4 algorithms)
[2026-06-28 22:03:53] [TASK_10] [INFO] Timestamp: 2026-06-28T22:03:53.327322
[2026-06-28 22:03:53] [TASK_10] [INFO] ============================================================
[2026-06-28 22:03:53] [TASK_10] [INFO] Input: data/features/technical_features.csv (570 rows)
[2026-06-28 22:03:53] [TASK_10] [INFO] Input: data/features/keyword_features.csv (560 rows)
[2026-06-28 22:03:53] [TASK_10] [INFO] Input: data/aggregated/master_with_labels.csv (540 rows)
[2026-06-28 22:03:53] [TASK_10] [INFO] ------------------------------------------------------------
[2026-06-28 22:03:53] [TASK_10] [INFO] END TASK_10 — completed in 0.0 seconds
[2026-06-28 22:03:53] [TASK_10] [INFO] ============================================================
[2026-06-28 22:03:53] [TASK_10] [INFO] ============================================================
[2026-06-28 22:03:53] [TASK_10] [INFO] START TASK_10: Model Training (3 configs × 4 algorithms)
[2026-06-28 22:03:53] [TASK_10] [INFO] Timestamp: 2026-06-28T22:03:53.700831
[2026-06-28 22:03:53] [TASK_10] [INFO] ============================================================
[2026-06-28 22:03:53] [TASK_10] [INFO] Input: data/features/technical_features.csv (570 rows)
[2026-06-28 22:03:53] [TASK_10] [INFO] Input: data/features/keyword_features.csv (560 rows)
[2026-06-28 22:03:53] [TASK_10] [INFO] Input: data/aggregated/master_with_labels.csv (540 rows)
[2026-06-28 22:03:53] [TASK_10] [INFO] ------------------------------------------------------------
[2026-06-28 22:03:53] [TASK_10] [INFO] END TASK_10 — completed in 0.0 seconds
[2026-06-28 22:03:53] [TASK_10] [INFO] ============================================================
[2026-06-28 22:03:53] [TASK_10] [INFO] Time-series split — train: 12 rows (4 quarters), test: 12 rows (4 quarters)
[2026-06-28 22:03:53] [TASK_10] [INFO] Time-series split — train: 12 rows (4 quarters), test: 12 rows (4 quarters)
[2026-06-28 22:03:53] [TASK_10] [INFO] Time-series split — train: 12 rows (4 quarters), test: 12 rows (4 quarters)
[2026-06-28 22:03:53] [TASK_10] [INFO] Time-series split — train: 12 rows (4 quarters), test: 12 rows (4 quarters)
[2026-06-28 22:03:53] [TASK_10] [WARNING] Fewer than 4 test quarters with cutoff 2024Q4; falling back to last 20% of quarters (1 test quarters).
[2026-06-28 22:03:53] [TASK_10] [INFO] Time-series split — train: 21 rows (7 quarters), test: 3 rows (1 quarters)
[2026-06-28 22:03:53] [TASK_10] [INFO] Time-series split — train: 12 rows (4 quarters), test: 12 rows (4 quarters)
[2026-06-28 22:03:53] [TASK_10] [INFO] Confusion matrix for Dummy - Config_A:
[[10  0]
 [ 2  0]]
[2026-06-28 22:04:17] [TASK_10] [INFO] ============================================================
[2026-06-28 22:04:17] [TASK_10] [INFO] START TASK_10: Model Training (3 configs × 4 algorithms)
[2026-06-28 22:04:17] [TASK_10] [INFO] Timestamp: 2026-06-28T22:04:17.008193
[2026-06-28 22:04:17] [TASK_10] [INFO] ============================================================
[2026-06-28 22:04:17] [TASK_10] [INFO] Input: data/features/technical_features.csv (570 rows)
[2026-06-28 22:04:17] [TASK_10] [INFO] Input: data/features/keyword_features.csv (560 rows)
[2026-06-28 22:04:17] [TASK_10] [INFO] Input: data/aggregated/master_with_labels.csv (540 rows)
[2026-06-28 22:04:17] [TASK_10] [INFO] ------------------------------------------------------------
[2026-06-28 22:04:17] [TASK_10] [INFO] END TASK_10 — completed in 0.0 seconds
[2026-06-28 22:04:17] [TASK_10] [INFO] ============================================================
[2026-06-28 22:04:17] [TASK_10] [INFO] ============================================================
[2026-06-28 22:04:17] [TASK_10] [INFO] START TASK_10: Model Training (3 configs × 4 algorithms)
[2026-06-28 22:04:17] [TASK_10] [INFO] Timestamp: 2026-06-28T22:04:17.384396
[2026-06-28 22:04:17] [TASK_10] [INFO] ============================================================
[2026-06-28 22:04:17] [TASK_10] [INFO] Input: data/features/technical_features.csv (570 rows)
[2026-06-28 22:04:17] [TASK_10] [INFO] Input: data/features/keyword_features.csv (560 rows)
[2026-06-28 22:04:17] [TASK_10] [INFO] Input: data/aggregated/master_with_labels.csv (540 rows)
[2026-06-28 22:04:17] [TASK_10] [INFO] ------------------------------------------------------------
[2026-06-28 22:04:17] [TASK_10] [INFO] END TASK_10 — completed in 0.0 seconds
[2026-06-28 22:04:17] [TASK_10] [INFO] ============================================================
[2026-06-28 22:04:17] [TASK_10] [INFO] Time-series split — train: 12 rows (4 quarters), test: 12 rows (4 quarters)
[2026-06-28 22:04:17] [TASK_10] [INFO] Time-series split — train: 12 rows (4 quarters), test: 12 rows (4 quarters)
[2026-06-28 22:04:17] [TASK_10] [INFO] Time-series split — train: 12 rows (4 quarters), test: 12 rows (4 quarters)
[2026-06-28 22:04:17] [TASK_10] [INFO] Time-series split — train: 12 rows (4 quarters), test: 12 rows (4 quarters)
[2026-06-28 22:04:17] [TASK_10] [WARNING] Fewer than 4 test quarters with cutoff 2024Q4; falling back to last 20% of quarters (1 test quarters).
[2026-06-28 22:04:17] [TASK_10] [INFO] Time-series split — train: 21 rows (7 quarters), test: 3 rows (1 quarters)
[2026-06-28 22:04:17] [TASK_10] [INFO] Time-series split — train: 12 rows (4 quarters), test: 12 rows (4 quarters)
[2026-06-28 22:04:17] [TASK_10] [INFO] Confusion matrix for Dummy - Config_A:
[[10  0]
 [ 2  0]]
[2026-06-28 22:37:16] [TASK_10] [INFO] ============================================================
[2026-06-28 22:37:16] [TASK_10] [INFO] START TASK_10: Model Training (3 configs × 4 algorithms)
[2026-06-28 22:37:16] [TASK_10] [INFO] Timestamp: 2026-06-28T22:37:16.426638
[2026-06-28 22:37:16] [TASK_10] [INFO] ============================================================
[2026-06-28 22:37:16] [TASK_10] [INFO] Input: data/features/technical_features.csv (570 rows)
[2026-06-28 22:37:16] [TASK_10] [INFO] Input: data/features/keyword_features.csv (560 rows)
[2026-06-28 22:37:16] [TASK_10] [INFO] Input: data/aggregated/master_with_labels.csv (540 rows)
[2026-06-28 22:37:16] [TASK_10] [INFO] ------------------------------------------------------------
[2026-06-28 22:37:16] [TASK_10] [INFO] END TASK_10 — completed in 0.0 seconds
[2026-06-28 22:37:16] [TASK_10] [INFO] ============================================================
[2026-06-28 22:37:16] [TASK_10] [INFO] ============================================================
[2026-06-28 22:37:16] [TASK_10] [INFO] START TASK_10: Model Training (3 configs × 4 algorithms)
[2026-06-28 22:37:16] [TASK_10] [INFO] Timestamp: 2026-06-28T22:37:16.808620
[2026-06-28 22:37:16] [TASK_10] [INFO] ============================================================
[2026-06-28 22:37:16] [TASK_10] [INFO] Input: data/features/technical_features.csv (570 rows)
[2026-06-28 22:37:16] [TASK_10] [INFO] Input: data/features/keyword_features.csv (560 rows)
[2026-06-28 22:37:16] [TASK_10] [INFO] Input: data/aggregated/master_with_labels.csv (540 rows)
[2026-06-28 22:37:16] [TASK_10] [INFO] ------------------------------------------------------------
[2026-06-28 22:37:16] [TASK_10] [INFO] END TASK_10 — completed in 0.0 seconds
[2026-06-28 22:37:16] [TASK_10] [INFO] ============================================================
[2026-06-28 22:37:16] [TASK_10] [INFO] Time-series split — train: 12 rows (4 quarters), test: 12 rows (4 quarters)
[2026-06-28 22:37:16] [TASK_10] [INFO] Time-series split — train: 12 rows (4 quarters), test: 12 rows (4 quarters)
[2026-06-28 22:37:16] [TASK_10] [INFO] Time-series split — train: 12 rows (4 quarters), test: 12 rows (4 quarters)
[2026-06-28 22:37:16] [TASK_10] [INFO] Time-series split — train: 12 rows (4 quarters), test: 12 rows (4 quarters)
[2026-06-28 22:37:16] [TASK_10] [WARNING] Fewer than 4 test quarters with cutoff 2024Q4; falling back to last 20% of quarters (1 test quarters).
[2026-06-28 22:37:16] [TASK_10] [INFO] Time-series split — train: 21 rows (7 quarters), test: 3 rows (1 quarters)
[2026-06-28 22:37:16] [TASK_10] [INFO] Time-series split — train: 12 rows (4 quarters), test: 12 rows (4 quarters)
[2026-06-28 22:37:17] [TASK_10] [INFO] Confusion matrix for Dummy - Config_A:
[[10  0]
 [ 2  0]]
[2026-06-28 22:37:53] [TASK_10] [INFO] ============================================================
[2026-06-28 22:37:53] [TASK_10] [INFO] START TASK_10: Model Training (3 configs × 4 algorithms)
[2026-06-28 22:37:53] [TASK_10] [INFO] Timestamp: 2026-06-28T22:37:53.409398
[2026-06-28 22:37:53] [TASK_10] [INFO] ============================================================
[2026-06-28 22:37:53] [TASK_10] [INFO] Input: data/features/technical_features.csv (570 rows)
[2026-06-28 22:37:53] [TASK_10] [INFO] Input: data/features/keyword_features.csv (560 rows)
[2026-06-28 22:37:53] [TASK_10] [INFO] Input: data/aggregated/master_with_labels.csv (540 rows)
[2026-06-28 22:37:53] [TASK_10] [INFO] ------------------------------------------------------------
[2026-06-28 22:37:53] [TASK_10] [INFO] END TASK_10 — completed in 0.0 seconds
[2026-06-28 22:37:53] [TASK_10] [INFO] ============================================================
[2026-06-28 22:37:53] [TASK_10] [INFO] ============================================================
[2026-06-28 22:37:53] [TASK_10] [INFO] START TASK_10: Model Training (3 configs × 4 algorithms)
[2026-06-28 22:37:53] [TASK_10] [INFO] Timestamp: 2026-06-28T22:37:53.790563
[2026-06-28 22:37:53] [TASK_10] [INFO] ============================================================
[2026-06-28 22:37:53] [TASK_10] [INFO] Input: data/features/technical_features.csv (570 rows)
[2026-06-28 22:37:53] [TASK_10] [INFO] Input: data/features/keyword_features.csv (560 rows)
[2026-06-28 22:37:53] [TASK_10] [INFO] Input: data/aggregated/master_with_labels.csv (540 rows)
[2026-06-28 22:37:53] [TASK_10] [INFO] ------------------------------------------------------------
[2026-06-28 22:37:53] [TASK_10] [INFO] END TASK_10 — completed in 0.0 seconds
[2026-06-28 22:37:53] [TASK_10] [INFO] ============================================================
[2026-06-28 22:37:53] [TASK_10] [INFO] Time-series split — train: 12 rows (4 quarters), test: 12 rows (4 quarters)
[2026-06-28 22:37:53] [TASK_10] [INFO] Time-series split — train: 12 rows (4 quarters), test: 12 rows (4 quarters)
[2026-06-28 22:37:53] [TASK_10] [INFO] Time-series split — train: 12 rows (4 quarters), test: 12 rows (4 quarters)
[2026-06-28 22:37:53] [TASK_10] [INFO] Time-series split — train: 12 rows (4 quarters), test: 12 rows (4 quarters)
[2026-06-28 22:37:53] [TASK_10] [WARNING] Fewer than 4 test quarters with cutoff 2024Q4; falling back to last 20% of quarters (1 test quarters).
[2026-06-28 22:37:53] [TASK_10] [INFO] Time-series split — train: 21 rows (7 quarters), test: 3 rows (1 quarters)
[2026-06-28 22:37:53] [TASK_10] [INFO] Time-series split — train: 12 rows (4 quarters), test: 12 rows (4 quarters)
[2026-06-28 22:37:53] [TASK_10] [INFO] Confusion matrix for Dummy - Config_A:
[[10  0]
 [ 2  0]]
[2026-06-28 22:44:25] [TASK_10] [INFO] ============================================================
[2026-06-28 22:44:25] [TASK_10] [INFO] START TASK_10: Model Training (3 configs × 4 algorithms)
[2026-06-28 22:44:25] [TASK_10] [INFO] Timestamp: 2026-06-28T22:44:25.811581
[2026-06-28 22:44:25] [TASK_10] [INFO] ============================================================
[2026-06-28 22:44:25] [TASK_10] [INFO] Input: data/features/technical_features.csv (570 rows)
[2026-06-28 22:44:25] [TASK_10] [INFO] Input: data/features/keyword_features.csv (560 rows)
[2026-06-28 22:44:25] [TASK_10] [INFO] Input: data/aggregated/master_with_labels.csv (540 rows)
[2026-06-28 22:44:25] [TASK_10] [INFO] ------------------------------------------------------------
[2026-06-28 22:44:25] [TASK_10] [INFO] END TASK_10 — completed in 0.0 seconds
[2026-06-28 22:44:25] [TASK_10] [INFO] ============================================================
[2026-06-28 22:44:26] [TASK_10] [INFO] ============================================================
[2026-06-28 22:44:26] [TASK_10] [INFO] START TASK_10: Model Training (3 configs × 4 algorithms)
[2026-06-28 22:44:26] [TASK_10] [INFO] Timestamp: 2026-06-28T22:44:26.190551
[2026-06-28 22:44:26] [TASK_10] [INFO] ============================================================
[2026-06-28 22:44:26] [TASK_10] [INFO] Input: data/features/technical_features.csv (570 rows)
[2026-06-28 22:44:26] [TASK_10] [INFO] Input: data/features/keyword_features.csv (560 rows)
[2026-06-28 22:44:26] [TASK_10] [INFO] Input: data/aggregated/master_with_labels.csv (540 rows)
[2026-06-28 22:44:26] [TASK_10] [INFO] ------------------------------------------------------------
[2026-06-28 22:44:26] [TASK_10] [INFO] END TASK_10 — completed in 0.0 seconds
[2026-06-28 22:44:26] [TASK_10] [INFO] ============================================================
[2026-06-28 22:44:26] [TASK_10] [INFO] Time-series split — train: 12 rows (4 quarters), test: 12 rows (4 quarters)
[2026-06-28 22:44:26] [TASK_10] [INFO] Time-series split — train: 12 rows (4 quarters), test: 12 rows (4 quarters)
[2026-06-28 22:44:26] [TASK_10] [INFO] Time-series split — train: 12 rows (4 quarters), test: 12 rows (4 quarters)
[2026-06-28 22:44:26] [TASK_10] [INFO] Time-series split — train: 12 rows (4 quarters), test: 12 rows (4 quarters)
[2026-06-28 22:44:26] [TASK_10] [WARNING] Fewer than 4 test quarters with cutoff 2024Q4; falling back to last 20% of quarters (1 test quarters).
[2026-06-28 22:44:26] [TASK_10] [INFO] Time-series split — train: 21 rows (7 quarters), test: 3 rows (1 quarters)
[2026-06-28 22:44:26] [TASK_10] [INFO] Time-series split — train: 12 rows (4 quarters), test: 12 rows (4 quarters)
[2026-06-28 22:44:26] [TASK_10] [INFO] Confusion matrix for Dummy - Config_A:
[[10  0]
 [ 2  0]]
[2026-06-28 22:49:55] [TASK_10] [WARNING] Fewer than 4 test quarters with cutoff 2025Q1; falling back to last 20% of quarters (1 test quarters).
[2026-06-28 22:49:55] [TASK_10] [INFO] Time-series split — train: 30 rows (3 quarters), test: 10 rows (1 quarters)
[2026-06-28 22:49:57] [TASK_10] [WARNING] Fewer than 4 test quarters with cutoff 2025Q1; falling back to last 20% of quarters (1 test quarters).
[2026-06-28 22:49:57] [TASK_10] [INFO] Time-series split — train: 30 rows (3 quarters), test: 10 rows (1 quarters)
[2026-06-28 22:49:58] [TASK_10] [WARNING] Fewer than 4 test quarters with cutoff 2025Q1; falling back to last 20% of quarters (1 test quarters).
[2026-06-28 22:49:58] [TASK_10] [INFO] Time-series split — train: 30 rows (3 quarters), test: 10 rows (1 quarters)
[2026-06-28 22:49:59] [TASK_10] [WARNING] Fewer than 4 test quarters with cutoff 2025Q1; falling back to last 20% of quarters (1 test quarters).
[2026-06-28 22:49:59] [TASK_10] [INFO] Time-series split — train: 30 rows (3 quarters), test: 10 rows (1 quarters)
[2026-06-28 22:50:00] [TASK_10] [WARNING] Fewer than 4 test quarters with cutoff 2025Q1; falling back to last 20% of quarters (1 test quarters).
[2026-06-28 22:50:00] [TASK_10] [INFO] Time-series split — train: 30 rows (3 quarters), test: 10 rows (1 quarters)
[2026-06-28 22:50:01] [TASK_10] [WARNING] Fewer than 4 test quarters with cutoff 2025Q1; falling back to last 20% of quarters (1 test quarters).
[2026-06-28 22:50:01] [TASK_10] [INFO] Time-series split — train: 30 rows (3 quarters), test: 10 rows (1 quarters)
[2026-06-28 22:50:02] [TASK_10] [WARNING] Fewer than 4 test quarters with cutoff 2025Q1; falling back to last 20% of quarters (1 test quarters).
[2026-06-28 22:50:02] [TASK_10] [INFO] Time-series split — train: 30 rows (3 quarters), test: 10 rows (1 quarters)
[2026-06-28 22:50:03] [TASK_10] [WARNING] Fewer than 4 test quarters with cutoff 2025Q1; falling back to last 20% of quarters (1 test quarters).
[2026-06-28 22:50:03] [TASK_10] [INFO] Time-series split — train: 30 rows (3 quarters), test: 10 rows (1 quarters)
[2026-06-28 22:50:03] [TASK_10] [WARNING] Fewer than 4 test quarters with cutoff 2024Q1; falling back to last 20% of quarters (1 test quarters).
[2026-06-28 22:50:03] [TASK_10] [INFO] Time-series split — train: 30 rows (3 quarters), test: 10 rows (1 quarters)
[2026-06-28 22:55:00] [TASK_10] [WARNING] Fewer than 4 test quarters with cutoff 2025Q1; falling back to last 20% of quarters (1 test quarters).
[2026-06-28 22:55:00] [TASK_10] [INFO] Time-series split — train: 30 rows (3 quarters), test: 10 rows (1 quarters)
[2026-06-28 22:55:02] [TASK_10] [WARNING] Fewer than 4 test quarters with cutoff 2025Q1; falling back to last 20% of quarters (1 test quarters).
[2026-06-28 22:55:02] [TASK_10] [INFO] Time-series split — train: 30 rows (3 quarters), test: 10 rows (1 quarters)
[2026-06-28 22:55:03] [TASK_10] [WARNING] Fewer than 4 test quarters with cutoff 2025Q1; falling back to last 20% of quarters (1 test quarters).
[2026-06-28 22:55:03] [TASK_10] [INFO] Time-series split — train: 30 rows (3 quarters), test: 10 rows (1 quarters)
[2026-06-28 22:55:04] [TASK_10] [WARNING] Fewer than 4 test quarters with cutoff 2025Q1; falling back to last 20% of quarters (1 test quarters).
[2026-06-28 22:55:04] [TASK_10] [INFO] Time-series split — train: 30 rows (3 quarters), test: 10 rows (1 quarters)
[2026-06-28 22:55:05] [TASK_10] [WARNING] Fewer than 4 test quarters with cutoff 2025Q1; falling back to last 20% of quarters (1 test quarters).
[2026-06-28 22:55:05] [TASK_10] [INFO] Time-series split — train: 30 rows (3 quarters), test: 10 rows (1 quarters)
[2026-06-28 22:55:06] [TASK_10] [WARNING] Fewer than 4 test quarters with cutoff 2025Q1; falling back to last 20% of quarters (1 test quarters).
[2026-06-28 22:55:06] [TASK_10] [INFO] Time-series split — train: 30 rows (3 quarters), test: 10 rows (1 quarters)
[2026-06-28 22:55:06] [TASK_10] [WARNING] Fewer than 4 test quarters with cutoff 2025Q1; falling back to last 20% of quarters (1 test quarters).
[2026-06-28 22:55:06] [TASK_10] [INFO] Time-series split — train: 30 rows (3 quarters), test: 10 rows (1 quarters)
[2026-06-28 22:55:07] [TASK_10] [WARNING] Fewer than 4 test quarters with cutoff 2025Q1; falling back to last 20% of quarters (1 test quarters).
[2026-06-28 22:55:07] [TASK_10] [INFO] Time-series split — train: 30 rows (3 quarters), test: 10 rows (1 quarters)
[2026-06-28 22:55:08] [TASK_10] [WARNING] Fewer than 4 test quarters with cutoff 2024Q1; falling back to last 20% of quarters (1 test quarters).
[2026-06-28 22:55:08] [TASK_10] [INFO] Time-series split — train: 30 rows (3 quarters), test: 10 rows (1 quarters)
[2026-06-28 22:55:10] [TASK_10] [INFO] ============================================================
[2026-06-28 22:55:10] [TASK_10] [INFO] START TASK_10: Model Training (3 configs × 4 algorithms)
[2026-06-28 22:55:10] [TASK_10] [INFO] Timestamp: 2026-06-28T22:55:10.094823
[2026-06-28 22:55:10] [TASK_10] [INFO] ============================================================
[2026-06-28 22:55:10] [TASK_10] [INFO] Input: data/features/technical_features.csv (570 rows)
[2026-06-28 22:55:10] [TASK_10] [INFO] Input: data/features/keyword_features.csv (560 rows)
[2026-06-28 22:55:10] [TASK_10] [INFO] Input: data/aggregated/master_with_labels.csv (540 rows)
[2026-06-28 22:55:10] [TASK_10] [INFO] ------------------------------------------------------------
[2026-06-28 22:55:10] [TASK_10] [INFO] END TASK_10 — completed in 0.0 seconds
[2026-06-28 22:55:10] [TASK_10] [INFO] ============================================================
[2026-06-28 22:55:10] [TASK_10] [INFO] ============================================================
[2026-06-28 22:55:10] [TASK_10] [INFO] START TASK_10: Model Training (3 configs × 4 algorithms)
[2026-06-28 22:55:10] [TASK_10] [INFO] Timestamp: 2026-06-28T22:55:10.483256
[2026-06-28 22:55:10] [TASK_10] [INFO] ============================================================
[2026-06-28 22:55:10] [TASK_10] [INFO] Input: data/features/technical_features.csv (570 rows)
[2026-06-28 22:55:10] [TASK_10] [INFO] Input: data/features/keyword_features.csv (560 rows)
[2026-06-28 22:55:10] [TASK_10] [INFO] Input: data/aggregated/master_with_labels.csv (540 rows)
[2026-06-28 22:55:10] [TASK_10] [INFO] ------------------------------------------------------------
[2026-06-28 22:55:10] [TASK_10] [INFO] END TASK_10 — completed in 0.0 seconds
[2026-06-28 22:55:10] [TASK_10] [INFO] ============================================================
[2026-06-28 22:55:10] [TASK_10] [INFO] Time-series split — train: 12 rows (4 quarters), test: 12 rows (4 quarters)
[2026-06-28 22:55:10] [TASK_10] [INFO] Time-series split — train: 12 rows (4 quarters), test: 12 rows (4 quarters)
[2026-06-28 22:55:10] [TASK_10] [INFO] Time-series split — train: 12 rows (4 quarters), test: 12 rows (4 quarters)
[2026-06-28 22:55:10] [TASK_10] [INFO] Time-series split — train: 12 rows (4 quarters), test: 12 rows (4 quarters)
[2026-06-28 22:55:10] [TASK_10] [WARNING] Fewer than 4 test quarters with cutoff 2024Q4; falling back to last 20% of quarters (1 test quarters).
[2026-06-28 22:55:10] [TASK_10] [INFO] Time-series split — train: 21 rows (7 quarters), test: 3 rows (1 quarters)
[2026-06-28 22:55:10] [TASK_10] [INFO] Time-series split — train: 12 rows (4 quarters), test: 12 rows (4 quarters)
[2026-06-28 22:55:10] [TASK_10] [INFO] Confusion matrix for Dummy - Config_A:
[[10  0]
 [ 2  0]]
[2026-06-28 22:56:18] [TASK_10] [WARNING] Fewer than 4 test quarters with cutoff 2025Q1; falling back to last 20% of quarters (1 test quarters).
[2026-06-28 22:56:18] [TASK_10] [INFO] Time-series split — train: 30 rows (3 quarters), test: 10 rows (1 quarters)
[2026-06-28 22:56:21] [TASK_10] [WARNING] Fewer than 4 test quarters with cutoff 2025Q1; falling back to last 20% of quarters (1 test quarters).
[2026-06-28 22:56:21] [TASK_10] [INFO] Time-series split — train: 30 rows (3 quarters), test: 10 rows (1 quarters)
[2026-06-28 22:56:22] [TASK_10] [WARNING] Fewer than 4 test quarters with cutoff 2025Q1; falling back to last 20% of quarters (1 test quarters).
[2026-06-28 22:56:22] [TASK_10] [INFO] Time-series split — train: 30 rows (3 quarters), test: 10 rows (1 quarters)
[2026-06-28 22:56:23] [TASK_10] [WARNING] Fewer than 4 test quarters with cutoff 2025Q1; falling back to last 20% of quarters (1 test quarters).
[2026-06-28 22:56:23] [TASK_10] [INFO] Time-series split — train: 30 rows (3 quarters), test: 10 rows (1 quarters)
[2026-06-28 22:56:24] [TASK_10] [WARNING] Fewer than 4 test quarters with cutoff 2025Q1; falling back to last 20% of quarters (1 test quarters).
[2026-06-28 22:56:24] [TASK_10] [INFO] Time-series split — train: 30 rows (3 quarters), test: 10 rows (1 quarters)
[2026-06-28 22:56:25] [TASK_10] [WARNING] Fewer than 4 test quarters with cutoff 2025Q1; falling back to last 20% of quarters (1 test quarters).
[2026-06-28 22:56:25] [TASK_10] [INFO] Time-series split — train: 30 rows (3 quarters), test: 10 rows (1 quarters)
[2026-06-28 22:56:26] [TASK_10] [WARNING] Fewer than 4 test quarters with cutoff 2025Q1; falling back to last 20% of quarters (1 test quarters).
[2026-06-28 22:56:26] [TASK_10] [INFO] Time-series split — train: 30 rows (3 quarters), test: 10 rows (1 quarters)
[2026-06-28 22:56:26] [TASK_10] [WARNING] Fewer than 4 test quarters with cutoff 2025Q1; falling back to last 20% of quarters (1 test quarters).
[2026-06-28 22:56:26] [TASK_10] [INFO] Time-series split — train: 30 rows (3 quarters), test: 10 rows (1 quarters)
[2026-06-28 22:56:27] [TASK_10] [WARNING] Fewer than 4 test quarters with cutoff 2024Q1; falling back to last 20% of quarters (1 test quarters).
[2026-06-28 22:56:27] [TASK_10] [INFO] Time-series split — train: 30 rows (3 quarters), test: 10 rows (1 quarters)
[2026-06-28 22:56:29] [TASK_10] [INFO] ============================================================
[2026-06-28 22:56:29] [TASK_10] [INFO] START TASK_10: Model Training (3 configs × 4 algorithms)
[2026-06-28 22:56:29] [TASK_10] [INFO] Timestamp: 2026-06-28T22:56:29.302413
[2026-06-28 22:56:29] [TASK_10] [INFO] ============================================================
[2026-06-28 22:56:29] [TASK_10] [INFO] Input: data/features/technical_features.csv (570 rows)
[2026-06-28 22:56:29] [TASK_10] [INFO] Input: data/features/keyword_features.csv (560 rows)
[2026-06-28 22:56:29] [TASK_10] [INFO] Input: data/aggregated/master_with_labels.csv (540 rows)
[2026-06-28 22:56:29] [TASK_10] [INFO] ------------------------------------------------------------
[2026-06-28 22:56:29] [TASK_10] [INFO] END TASK_10 — completed in 0.0 seconds
[2026-06-28 22:56:29] [TASK_10] [INFO] ============================================================
[2026-06-28 22:56:29] [TASK_10] [INFO] ============================================================
[2026-06-28 22:56:29] [TASK_10] [INFO] START TASK_10: Model Training (3 configs × 4 algorithms)
[2026-06-28 22:56:29] [TASK_10] [INFO] Timestamp: 2026-06-28T22:56:29.676447
[2026-06-28 22:56:29] [TASK_10] [INFO] ============================================================
[2026-06-28 22:56:29] [TASK_10] [INFO] Input: data/features/technical_features.csv (570 rows)
[2026-06-28 22:56:29] [TASK_10] [INFO] Input: data/features/keyword_features.csv (560 rows)
[2026-06-28 22:56:29] [TASK_10] [INFO] Input: data/aggregated/master_with_labels.csv (540 rows)
[2026-06-28 22:56:29] [TASK_10] [INFO] ------------------------------------------------------------
[2026-06-28 22:56:29] [TASK_10] [INFO] END TASK_10 — completed in 0.0 seconds
[2026-06-28 22:56:29] [TASK_10] [INFO] ============================================================
[2026-06-28 22:56:29] [TASK_10] [INFO] Time-series split — train: 12 rows (4 quarters), test: 12 rows (4 quarters)
[2026-06-28 22:56:29] [TASK_10] [INFO] Time-series split — train: 12 rows (4 quarters), test: 12 rows (4 quarters)
[2026-06-28 22:56:29] [TASK_10] [INFO] Time-series split — train: 12 rows (4 quarters), test: 12 rows (4 quarters)
[2026-06-28 22:56:29] [TASK_10] [INFO] Time-series split — train: 12 rows (4 quarters), test: 12 rows (4 quarters)
[2026-06-28 22:56:29] [TASK_10] [WARNING] Fewer than 4 test quarters with cutoff 2024Q4; falling back to last 20% of quarters (1 test quarters).
[2026-06-28 22:56:29] [TASK_10] [INFO] Time-series split — train: 21 rows (7 quarters), test: 3 rows (1 quarters)
[2026-06-28 22:56:29] [TASK_10] [INFO] Time-series split — train: 12 rows (4 quarters), test: 12 rows (4 quarters)
[2026-06-28 22:56:29] [TASK_10] [INFO] Confusion matrix for Dummy - Config_A:
[[10  0]
 [ 2  0]]
[2026-06-28 23:02:01] [TASK_10] [WARNING] Fewer than 4 test quarters with cutoff 2025Q1; falling back to last 20% of quarters (1 test quarters).
[2026-06-28 23:02:01] [TASK_10] [INFO] Time-series split — train: 30 rows (3 quarters), test: 10 rows (1 quarters)
[2026-06-28 23:02:04] [TASK_10] [WARNING] Fewer than 4 test quarters with cutoff 2025Q1; falling back to last 20% of quarters (1 test quarters).
[2026-06-28 23:02:04] [TASK_10] [INFO] Time-series split — train: 30 rows (3 quarters), test: 10 rows (1 quarters)
[2026-06-28 23:02:04] [TASK_10] [WARNING] Fewer than 4 test quarters with cutoff 2025Q1; falling back to last 20% of quarters (1 test quarters).
[2026-06-28 23:02:04] [TASK_10] [INFO] Time-series split — train: 30 rows (3 quarters), test: 10 rows (1 quarters)
[2026-06-28 23:02:05] [TASK_10] [WARNING] Fewer than 4 test quarters with cutoff 2025Q1; falling back to last 20% of quarters (1 test quarters).
[2026-06-28 23:02:05] [TASK_10] [INFO] Time-series split — train: 30 rows (3 quarters), test: 10 rows (1 quarters)
[2026-06-28 23:02:06] [TASK_10] [WARNING] Fewer than 4 test quarters with cutoff 2025Q1; falling back to last 20% of quarters (1 test quarters).
[2026-06-28 23:02:06] [TASK_10] [INFO] Time-series split — train: 30 rows (3 quarters), test: 10 rows (1 quarters)
[2026-06-28 23:02:07] [TASK_10] [WARNING] Fewer than 4 test quarters with cutoff 2025Q1; falling back to last 20% of quarters (1 test quarters).
[2026-06-28 23:02:07] [TASK_10] [INFO] Time-series split — train: 30 rows (3 quarters), test: 10 rows (1 quarters)
[2026-06-28 23:02:08] [TASK_10] [WARNING] Fewer than 4 test quarters with cutoff 2025Q1; falling back to last 20% of quarters (1 test quarters).
[2026-06-28 23:02:08] [TASK_10] [INFO] Time-series split — train: 30 rows (3 quarters), test: 10 rows (1 quarters)
[2026-06-28 23:02:08] [TASK_10] [WARNING] Fewer than 4 test quarters with cutoff 2025Q1; falling back to last 20% of quarters (1 test quarters).
[2026-06-28 23:02:08] [TASK_10] [INFO] Time-series split — train: 30 rows (3 quarters), test: 10 rows (1 quarters)
[2026-06-28 23:02:09] [TASK_10] [WARNING] Fewer than 4 test quarters with cutoff 2024Q1; falling back to last 20% of quarters (1 test quarters).
[2026-06-28 23:02:09] [TASK_10] [INFO] Time-series split — train: 30 rows (3 quarters), test: 10 rows (1 quarters)
[2026-06-28 23:02:11] [TASK_10] [INFO] ============================================================
[2026-06-28 23:02:11] [TASK_10] [INFO] START TASK_10: Model Training (3 configs × 4 algorithms)
[2026-06-28 23:02:11] [TASK_10] [INFO] Timestamp: 2026-06-28T23:02:11.275856
[2026-06-28 23:02:11] [TASK_10] [INFO] ============================================================
[2026-06-28 23:02:11] [TASK_10] [INFO] Input: data/features/technical_features.csv (570 rows)
[2026-06-28 23:02:11] [TASK_10] [INFO] Input: data/features/keyword_features.csv (560 rows)
[2026-06-28 23:02:11] [TASK_10] [INFO] Input: data/aggregated/master_with_labels.csv (540 rows)
[2026-06-28 23:02:11] [TASK_10] [INFO] ------------------------------------------------------------
[2026-06-28 23:02:11] [TASK_10] [INFO] END TASK_10 — completed in 0.0 seconds
[2026-06-28 23:02:11] [TASK_10] [INFO] ============================================================
[2026-06-28 23:02:11] [TASK_10] [INFO] ============================================================
[2026-06-28 23:02:11] [TASK_10] [INFO] START TASK_10: Model Training (3 configs × 4 algorithms)
[2026-06-28 23:02:11] [TASK_10] [INFO] Timestamp: 2026-06-28T23:02:11.646499
[2026-06-28 23:02:11] [TASK_10] [INFO] ============================================================
[2026-06-28 23:02:11] [TASK_10] [INFO] Input: data/features/technical_features.csv (570 rows)
[2026-06-28 23:02:11] [TASK_10] [INFO] Input: data/features/keyword_features.csv (560 rows)
[2026-06-28 23:02:11] [TASK_10] [INFO] Input: data/aggregated/master_with_labels.csv (540 rows)
[2026-06-28 23:02:11] [TASK_10] [INFO] ------------------------------------------------------------
[2026-06-28 23:02:11] [TASK_10] [INFO] END TASK_10 — completed in 0.0 seconds
[2026-06-28 23:02:11] [TASK_10] [INFO] ============================================================
[2026-06-28 23:02:11] [TASK_10] [INFO] Time-series split — train: 12 rows (4 quarters), test: 12 rows (4 quarters)
[2026-06-28 23:02:11] [TASK_10] [INFO] Time-series split — train: 12 rows (4 quarters), test: 12 rows (4 quarters)
[2026-06-28 23:02:11] [TASK_10] [INFO] Time-series split — train: 12 rows (4 quarters), test: 12 rows (4 quarters)
[2026-06-28 23:02:11] [TASK_10] [INFO] Time-series split — train: 12 rows (4 quarters), test: 12 rows (4 quarters)
[2026-06-28 23:02:11] [TASK_10] [WARNING] Fewer than 4 test quarters with cutoff 2024Q4; falling back to last 20% of quarters (1 test quarters).
[2026-06-28 23:02:11] [TASK_10] [INFO] Time-series split — train: 21 rows (7 quarters), test: 3 rows (1 quarters)
[2026-06-28 23:02:11] [TASK_10] [INFO] Time-series split — train: 12 rows (4 quarters), test: 12 rows (4 quarters)
[2026-06-28 23:02:11] [TASK_10] [INFO] Confusion matrix for Dummy - Config_A:
[[10  0]
 [ 2  0]]
[2026-06-28 23:02:33] [TASK_10] [WARNING] Fewer than 4 test quarters with cutoff 2025Q1; falling back to last 20% of quarters (1 test quarters).
[2026-06-28 23:02:33] [TASK_10] [INFO] Time-series split — train: 30 rows (3 quarters), test: 10 rows (1 quarters)
[2026-06-28 23:02:35] [TASK_10] [WARNING] Fewer than 4 test quarters with cutoff 2025Q1; falling back to last 20% of quarters (1 test quarters).
[2026-06-28 23:02:35] [TASK_10] [INFO] Time-series split — train: 30 rows (3 quarters), test: 10 rows (1 quarters)
[2026-06-28 23:02:36] [TASK_10] [WARNING] Fewer than 4 test quarters with cutoff 2025Q1; falling back to last 20% of quarters (1 test quarters).
[2026-06-28 23:02:36] [TASK_10] [INFO] Time-series split — train: 30 rows (3 quarters), test: 10 rows (1 quarters)
[2026-06-28 23:02:37] [TASK_10] [WARNING] Fewer than 4 test quarters with cutoff 2025Q1; falling back to last 20% of quarters (1 test quarters).
[2026-06-28 23:02:37] [TASK_10] [INFO] Time-series split — train: 30 rows (3 quarters), test: 10 rows (1 quarters)
[2026-06-28 23:02:38] [TASK_10] [WARNING] Fewer than 4 test quarters with cutoff 2025Q1; falling back to last 20% of quarters (1 test quarters).
[2026-06-28 23:02:38] [TASK_10] [INFO] Time-series split — train: 30 rows (3 quarters), test: 10 rows (1 quarters)
[2026-06-28 23:02:39] [TASK_10] [WARNING] Fewer than 4 test quarters with cutoff 2025Q1; falling back to last 20% of quarters (1 test quarters).
[2026-06-28 23:02:39] [TASK_10] [INFO] Time-series split — train: 30 rows (3 quarters), test: 10 rows (1 quarters)
[2026-06-28 23:02:39] [TASK_10] [WARNING] Fewer than 4 test quarters with cutoff 2025Q1; falling back to last 20% of quarters (1 test quarters).
[2026-06-28 23:02:39] [TASK_10] [INFO] Time-series split — train: 30 rows (3 quarters), test: 10 rows (1 quarters)
[2026-06-28 23:02:40] [TASK_10] [WARNING] Fewer than 4 test quarters with cutoff 2025Q1; falling back to last 20% of quarters (1 test quarters).
[2026-06-28 23:02:40] [TASK_10] [INFO] Time-series split — train: 30 rows (3 quarters), test: 10 rows (1 quarters)
[2026-06-28 23:02:41] [TASK_10] [WARNING] Fewer than 4 test quarters with cutoff 2024Q1; falling back to last 20% of quarters (1 test quarters).
[2026-06-28 23:02:41] [TASK_10] [INFO] Time-series split — train: 30 rows (3 quarters), test: 10 rows (1 quarters)
[2026-06-28 23:02:43] [TASK_10] [INFO] ============================================================
[2026-06-28 23:02:43] [TASK_10] [INFO] START TASK_10: Model Training (3 configs × 4 algorithms)
[2026-06-28 23:02:43] [TASK_10] [INFO] Timestamp: 2026-06-28T23:02:43.180786
[2026-06-28 23:02:43] [TASK_10] [INFO] ============================================================
[2026-06-28 23:02:43] [TASK_10] [INFO] Input: data/features/technical_features.csv (570 rows)
[2026-06-28 23:02:43] [TASK_10] [INFO] Input: data/features/keyword_features.csv (560 rows)
[2026-06-28 23:02:43] [TASK_10] [INFO] Input: data/aggregated/master_with_labels.csv (540 rows)
[2026-06-28 23:02:43] [TASK_10] [INFO] ------------------------------------------------------------
[2026-06-28 23:02:43] [TASK_10] [INFO] END TASK_10 — completed in 0.0 seconds
[2026-06-28 23:02:43] [TASK_10] [INFO] ============================================================
[2026-06-28 23:02:43] [TASK_10] [INFO] ============================================================
[2026-06-28 23:02:43] [TASK_10] [INFO] START TASK_10: Model Training (3 configs × 4 algorithms)
[2026-06-28 23:02:43] [TASK_10] [INFO] Timestamp: 2026-06-28T23:02:43.572154
[2026-06-28 23:02:43] [TASK_10] [INFO] ============================================================
[2026-06-28 23:02:43] [TASK_10] [INFO] Input: data/features/technical_features.csv (570 rows)
[2026-06-28 23:02:43] [TASK_10] [INFO] Input: data/features/keyword_features.csv (560 rows)
[2026-06-28 23:02:43] [TASK_10] [INFO] Input: data/aggregated/master_with_labels.csv (540 rows)
[2026-06-28 23:02:43] [TASK_10] [INFO] ------------------------------------------------------------
[2026-06-28 23:02:43] [TASK_10] [INFO] END TASK_10 — completed in 0.0 seconds
[2026-06-28 23:02:43] [TASK_10] [INFO] ============================================================
[2026-06-28 23:02:43] [TASK_10] [INFO] Time-series split — train: 12 rows (4 quarters), test: 12 rows (4 quarters)
[2026-06-28 23:02:43] [TASK_10] [INFO] Time-series split — train: 12 rows (4 quarters), test: 12 rows (4 quarters)
[2026-06-28 23:02:43] [TASK_10] [INFO] Time-series split — train: 12 rows (4 quarters), test: 12 rows (4 quarters)
[2026-06-28 23:02:43] [TASK_10] [INFO] Time-series split — train: 12 rows (4 quarters), test: 12 rows (4 quarters)
[2026-06-28 23:02:43] [TASK_10] [WARNING] Fewer than 4 test quarters with cutoff 2024Q4; falling back to last 20% of quarters (1 test quarters).
[2026-06-28 23:02:43] [TASK_10] [INFO] Time-series split — train: 21 rows (7 quarters), test: 3 rows (1 quarters)
[2026-06-28 23:02:43] [TASK_10] [INFO] Time-series split — train: 12 rows (4 quarters), test: 12 rows (4 quarters)
[2026-06-28 23:02:43] [TASK_10] [INFO] Confusion matrix for Dummy - Config_A:
[[10  0]
 [ 2  0]]
[2026-06-28 23:08:13] [TASK_10] [WARNING] Fewer than 4 test quarters with cutoff 2025Q1; falling back to last 20% of quarters (1 test quarters).
[2026-06-28 23:08:13] [TASK_10] [INFO] Time-series split — train: 30 rows (3 quarters), test: 10 rows (1 quarters)
[2026-06-28 23:08:15] [TASK_10] [WARNING] Fewer than 4 test quarters with cutoff 2025Q1; falling back to last 20% of quarters (1 test quarters).
[2026-06-28 23:08:15] [TASK_10] [INFO] Time-series split — train: 30 rows (3 quarters), test: 10 rows (1 quarters)
[2026-06-28 23:08:16] [TASK_10] [WARNING] Fewer than 4 test quarters with cutoff 2025Q1; falling back to last 20% of quarters (1 test quarters).
[2026-06-28 23:08:16] [TASK_10] [INFO] Time-series split — train: 30 rows (3 quarters), test: 10 rows (1 quarters)
[2026-06-28 23:08:16] [TASK_10] [WARNING] Fewer than 4 test quarters with cutoff 2025Q1; falling back to last 20% of quarters (1 test quarters).
[2026-06-28 23:08:16] [TASK_10] [INFO] Time-series split — train: 30 rows (3 quarters), test: 10 rows (1 quarters)
[2026-06-28 23:08:17] [TASK_10] [WARNING] Fewer than 4 test quarters with cutoff 2025Q1; falling back to last 20% of quarters (1 test quarters).
[2026-06-28 23:08:17] [TASK_10] [INFO] Time-series split — train: 30 rows (3 quarters), test: 10 rows (1 quarters)
[2026-06-28 23:08:18] [TASK_10] [WARNING] Fewer than 4 test quarters with cutoff 2025Q1; falling back to last 20% of quarters (1 test quarters).
[2026-06-28 23:08:18] [TASK_10] [INFO] Time-series split — train: 30 rows (3 quarters), test: 10 rows (1 quarters)
[2026-06-28 23:08:19] [TASK_10] [WARNING] Fewer than 4 test quarters with cutoff 2025Q1; falling back to last 20% of quarters (1 test quarters).
[2026-06-28 23:08:19] [TASK_10] [INFO] Time-series split — train: 30 rows (3 quarters), test: 10 rows (1 quarters)
[2026-06-28 23:08:20] [TASK_10] [WARNING] Fewer than 4 test quarters with cutoff 2025Q1; falling back to last 20% of quarters (1 test quarters).
[2026-06-28 23:08:20] [TASK_10] [INFO] Time-series split — train: 30 rows (3 quarters), test: 10 rows (1 quarters)
[2026-06-28 23:08:21] [TASK_10] [WARNING] Fewer than 4 test quarters with cutoff 2024Q1; falling back to last 20% of quarters (1 test quarters).
[2026-06-28 23:08:21] [TASK_10] [INFO] Time-series split — train: 30 rows (3 quarters), test: 10 rows (1 quarters)
[2026-06-28 23:08:22] [TASK_10] [INFO] ============================================================
[2026-06-28 23:08:22] [TASK_10] [INFO] START TASK_10: Model Training (3 configs × 4 algorithms)
[2026-06-28 23:08:22] [TASK_10] [INFO] Timestamp: 2026-06-28T23:08:22.413593
[2026-06-28 23:08:22] [TASK_10] [INFO] ============================================================
[2026-06-28 23:08:22] [TASK_10] [INFO] Input: data/features/technical_features.csv (570 rows)
[2026-06-28 23:08:22] [TASK_10] [INFO] Input: data/features/keyword_features.csv (560 rows)
[2026-06-28 23:08:22] [TASK_10] [INFO] Input: data/aggregated/master_with_labels.csv (540 rows)
[2026-06-28 23:08:22] [TASK_10] [INFO] ------------------------------------------------------------
[2026-06-28 23:08:22] [TASK_10] [INFO] END TASK_10 — completed in 0.0 seconds
[2026-06-28 23:08:22] [TASK_10] [INFO] ============================================================
[2026-06-28 23:08:22] [TASK_10] [INFO] ============================================================
[2026-06-28 23:08:22] [TASK_10] [INFO] START TASK_10: Model Training (3 configs × 4 algorithms)
[2026-06-28 23:08:22] [TASK_10] [INFO] Timestamp: 2026-06-28T23:08:22.783886
[2026-06-28 23:08:22] [TASK_10] [INFO] ============================================================
[2026-06-28 23:08:22] [TASK_10] [INFO] Input: data/features/technical_features.csv (570 rows)
[2026-06-28 23:08:22] [TASK_10] [INFO] Input: data/features/keyword_features.csv (560 rows)
[2026-06-28 23:08:22] [TASK_10] [INFO] Input: data/aggregated/master_with_labels.csv (540 rows)
[2026-06-28 23:08:22] [TASK_10] [INFO] ------------------------------------------------------------
[2026-06-28 23:08:22] [TASK_10] [INFO] END TASK_10 — completed in 0.0 seconds
[2026-06-28 23:08:22] [TASK_10] [INFO] ============================================================
[2026-06-28 23:08:22] [TASK_10] [INFO] Time-series split — train: 12 rows (4 quarters), test: 12 rows (4 quarters)
[2026-06-28 23:08:22] [TASK_10] [INFO] Time-series split — train: 12 rows (4 quarters), test: 12 rows (4 quarters)
[2026-06-28 23:08:22] [TASK_10] [INFO] Time-series split — train: 12 rows (4 quarters), test: 12 rows (4 quarters)
[2026-06-28 23:08:22] [TASK_10] [INFO] Time-series split — train: 12 rows (4 quarters), test: 12 rows (4 quarters)
[2026-06-28 23:08:22] [TASK_10] [WARNING] Fewer than 4 test quarters with cutoff 2024Q4; falling back to last 20% of quarters (1 test quarters).
[2026-06-28 23:08:22] [TASK_10] [INFO] Time-series split — train: 21 rows (7 quarters), test: 3 rows (1 quarters)
[2026-06-28 23:08:22] [TASK_10] [INFO] Time-series split — train: 12 rows (4 quarters), test: 12 rows (4 quarters)
[2026-06-28 23:08:22] [TASK_10] [INFO] Confusion matrix for Dummy - Config_A:
[[10  0]
 [ 2  0]]
[2026-06-28 23:08:44] [TASK_10] [WARNING] Fewer than 4 test quarters with cutoff 2025Q1; falling back to last 20% of quarters (1 test quarters).
[2026-06-28 23:08:44] [TASK_10] [INFO] Time-series split — train: 30 rows (3 quarters), test: 10 rows (1 quarters)
[2026-06-28 23:08:46] [TASK_10] [WARNING] Fewer than 4 test quarters with cutoff 2025Q1; falling back to last 20% of quarters (1 test quarters).
[2026-06-28 23:08:46] [TASK_10] [INFO] Time-series split — train: 30 rows (3 quarters), test: 10 rows (1 quarters)
[2026-06-28 23:08:47] [TASK_10] [WARNING] Fewer than 4 test quarters with cutoff 2025Q1; falling back to last 20% of quarters (1 test quarters).
[2026-06-28 23:08:47] [TASK_10] [INFO] Time-series split — train: 30 rows (3 quarters), test: 10 rows (1 quarters)
[2026-06-28 23:08:48] [TASK_10] [WARNING] Fewer than 4 test quarters with cutoff 2025Q1; falling back to last 20% of quarters (1 test quarters).
[2026-06-28 23:08:48] [TASK_10] [INFO] Time-series split — train: 30 rows (3 quarters), test: 10 rows (1 quarters)
[2026-06-28 23:08:49] [TASK_10] [WARNING] Fewer than 4 test quarters with cutoff 2025Q1; falling back to last 20% of quarters (1 test quarters).
[2026-06-28 23:08:49] [TASK_10] [INFO] Time-series split — train: 30 rows (3 quarters), test: 10 rows (1 quarters)
[2026-06-28 23:08:50] [TASK_10] [WARNING] Fewer than 4 test quarters with cutoff 2025Q1; falling back to last 20% of quarters (1 test quarters).
[2026-06-28 23:08:50] [TASK_10] [INFO] Time-series split — train: 30 rows (3 quarters), test: 10 rows (1 quarters)
[2026-06-28 23:08:50] [TASK_10] [WARNING] Fewer than 4 test quarters with cutoff 2025Q1; falling back to last 20% of quarters (1 test quarters).
[2026-06-28 23:08:50] [TASK_10] [INFO] Time-series split — train: 30 rows (3 quarters), test: 10 rows (1 quarters)
[2026-06-28 23:08:51] [TASK_10] [WARNING] Fewer than 4 test quarters with cutoff 2025Q1; falling back to last 20% of quarters (1 test quarters).
[2026-06-28 23:08:51] [TASK_10] [INFO] Time-series split — train: 30 rows (3 quarters), test: 10 rows (1 quarters)
[2026-06-28 23:08:52] [TASK_10] [WARNING] Fewer than 4 test quarters with cutoff 2024Q1; falling back to last 20% of quarters (1 test quarters).
[2026-06-28 23:08:52] [TASK_10] [INFO] Time-series split — train: 30 rows (3 quarters), test: 10 rows (1 quarters)
[2026-06-28 23:08:53] [TASK_10] [INFO] ============================================================
[2026-06-28 23:08:53] [TASK_10] [INFO] START TASK_10: Model Training (3 configs × 4 algorithms)
[2026-06-28 23:08:53] [TASK_10] [INFO] Timestamp: 2026-06-28T23:08:53.979394
[2026-06-28 23:08:53] [TASK_10] [INFO] ============================================================
[2026-06-28 23:08:53] [TASK_10] [INFO] Input: data/features/technical_features.csv (570 rows)
[2026-06-28 23:08:53] [TASK_10] [INFO] Input: data/features/keyword_features.csv (560 rows)
[2026-06-28 23:08:54] [TASK_10] [INFO] Input: data/aggregated/master_with_labels.csv (540 rows)
[2026-06-28 23:08:54] [TASK_10] [INFO] ------------------------------------------------------------
[2026-06-28 23:08:54] [TASK_10] [INFO] END TASK_10 — completed in 0.0 seconds
[2026-06-28 23:08:54] [TASK_10] [INFO] ============================================================
[2026-06-28 23:08:54] [TASK_10] [INFO] ============================================================
[2026-06-28 23:08:54] [TASK_10] [INFO] START TASK_10: Model Training (3 configs × 4 algorithms)
[2026-06-28 23:08:54] [TASK_10] [INFO] Timestamp: 2026-06-28T23:08:54.362947
[2026-06-28 23:08:54] [TASK_10] [INFO] ============================================================
[2026-06-28 23:08:54] [TASK_10] [INFO] Input: data/features/technical_features.csv (570 rows)
[2026-06-28 23:08:54] [TASK_10] [INFO] Input: data/features/keyword_features.csv (560 rows)
[2026-06-28 23:08:54] [TASK_10] [INFO] Input: data/aggregated/master_with_labels.csv (540 rows)
[2026-06-28 23:08:54] [TASK_10] [INFO] ------------------------------------------------------------
[2026-06-28 23:08:54] [TASK_10] [INFO] END TASK_10 — completed in 0.0 seconds
[2026-06-28 23:08:54] [TASK_10] [INFO] ============================================================
[2026-06-28 23:08:54] [TASK_10] [INFO] Time-series split — train: 12 rows (4 quarters), test: 12 rows (4 quarters)
[2026-06-28 23:08:54] [TASK_10] [INFO] Time-series split — train: 12 rows (4 quarters), test: 12 rows (4 quarters)
[2026-06-28 23:08:54] [TASK_10] [INFO] Time-series split — train: 12 rows (4 quarters), test: 12 rows (4 quarters)
[2026-06-28 23:08:54] [TASK_10] [INFO] Time-series split — train: 12 rows (4 quarters), test: 12 rows (4 quarters)
[2026-06-28 23:08:54] [TASK_10] [WARNING] Fewer than 4 test quarters with cutoff 2024Q4; falling back to last 20% of quarters (1 test quarters).
[2026-06-28 23:08:54] [TASK_10] [INFO] Time-series split — train: 21 rows (7 quarters), test: 3 rows (1 quarters)
[2026-06-28 23:08:54] [TASK_10] [INFO] Time-series split — train: 12 rows (4 quarters), test: 12 rows (4 quarters)
[2026-06-28 23:08:54] [TASK_10] [INFO] Confusion matrix for Dummy - Config_A:
[[10  0]
 [ 2  0]]
