[2026-06-27 22:31:45] [TASK_2] [INFO] ============================================================
[2026-06-27 22:31:45] [TASK_2] [INFO] START TASK_2: News Scraping (CafeF, Vietstock, TNCK)
[2026-06-27 22:31:45] [TASK_2] [INFO] Timestamp: 2026-06-27T22:31:45.787275
[2026-06-27 22:31:45] [TASK_2] [INFO] ============================================================
[2026-06-27 22:31:45] [TASK_2] [INFO] ------------------------------------------------------------
[2026-06-27 22:31:45] [TASK_2] [INFO] END TASK_2 — completed in 0.0 seconds
[2026-06-27 22:31:45] [TASK_2] [INFO] ============================================================
[2026-06-27 22:31:45] [TASK_2] [INFO] ============================================================
[2026-06-27 22:31:45] [TASK_2] [INFO] START TASK_2: News Scraping (CafeF, Vietstock, TNCK)
[2026-06-27 22:31:45] [TASK_2] [INFO] Timestamp: 2026-06-27T22:31:45.820247
[2026-06-27 22:31:45] [TASK_2] [INFO] ============================================================
[2026-06-27 22:31:45] [TASK_2] [INFO] ------------------------------------------------------------
[2026-06-27 22:31:45] [TASK_2] [INFO] END TASK_2 — completed in 0.0 seconds
[2026-06-27 22:31:45] [TASK_2] [INFO] ============================================================
[2026-06-27 22:31:56] [TASK_2] [WARNING] Request failed for https://cafef.vn/test (attempt 1/3): Connection refused
[2026-06-27 22:31:56] [TASK_2] [INFO] Retrying in 1s…
[2026-06-27 22:31:56] [TASK_2] [WARNING] Request failed for https://cafef.vn/test (attempt 2/3): Connection refused
[2026-06-27 22:31:56] [TASK_2] [INFO] Retrying in 2s…
[2026-06-27 22:31:56] [TASK_2] [WARNING] Request failed for https://cafef.vn/test (attempt 3/3): Connection refused
[2026-06-27 22:31:56] [TASK_2] [ERROR] All 3 attempts failed for https://cafef.vn/test. Skipping.
[2026-06-27 22:31:56] [TASK_2] [WARNING] Request failed for https://cafef.vn/test (attempt 1/3): timeout
[2026-06-27 22:31:56] [TASK_2] [INFO] Retrying in 1s…
[2026-06-27 22:31:56] [TASK_2] [WARNING] Request failed for https://cafef.vn/test (attempt 1/3): 503 Service Unavailable
[2026-06-27 22:31:56] [TASK_2] [INFO] Retrying in 1s…
[2026-06-27 22:31:56] [TASK_2] [WARNING] Request failed for https://cafef.vn/test (attempt 2/3): 503 Service Unavailable
[2026-06-27 22:31:56] [TASK_2] [INFO] Retrying in 2s…
[2026-06-27 22:31:56] [TASK_2] [WARNING] Request failed for https://cafef.vn/test (attempt 3/3): 503 Service Unavailable
[2026-06-27 22:31:56] [TASK_2] [ERROR] All 3 attempts failed for https://cafef.vn/test. Skipping.
[2026-06-27 22:31:57] [TASK_2] [WARNING] Missing required fields in article: https://cafef.vn/test.chn
[2026-06-27 22:31:57] [TASK_2] [WARNING] Missing required fields in article: ?
[2026-06-27 22:31:57] [TASK_2] [WARNING] Missing required fields in article: https://cafef.vn/test.chn
[2026-06-27 22:31:57] [TASK_2] [INFO] Saved 1 rows to C:\Users\User\AppData\Local\Temp\pytest-of-User\pytest-113\test_writes_csv_correctly0\output.csv
[2026-06-27 22:31:57] [TASK_2] [INFO] Saved 1 rows to C:\Users\User\AppData\Local\Temp\pytest-of-User\pytest-113\test_no_temp_file_left_behind0\output.csv
[2026-06-27 22:31:57] [TASK_2] [INFO] Saved 1 rows to C:\Users\User\AppData\Local\Temp\pytest-of-User\pytest-113\test_creates_parent_directorie0\sub\dir\output.csv
[2026-06-27 22:31:57] [TASK_2] [WARNING] Could not parse CafeF date: not a date
[2026-06-27 22:31:57] [TASK_2] [INFO] CafeF: collected 2 articles for VNM
[2026-06-27 22:31:57] [TASK_2] [INFO] CafeF: collected 0 articles for VNM
[2026-06-27 22:31:57] [TASK_2] [WARNING] Failed to fetch CafeF page 1 for VNM. Stopping pagination.
[2026-06-27 22:31:57] [TASK_2] [INFO] CafeF: collected 0 articles for VNM
[2026-06-27 22:31:57] [TASK_2] [INFO] CafeF: collected 1 articles for VNM
[2026-06-27 22:31:57] [TASK_2] [INFO] CafeF: collected 2 articles for FPT
[2026-06-27 22:31:57] [TASK_2] [WARNING] Failed to fetch CafeF page 1 for VNM. Stopping pagination.
[2026-06-27 22:31:57] [TASK_2] [INFO] CafeF: collected 0 articles for VNM
[2026-06-27 22:31:57] [TASK_2] [INFO] Scraping cafef for ticker=VNM from 2022-01-01 (existing URLs: 0)
[2026-06-27 22:31:57] [TASK_2] [WARNING] Could not parse Vietstock date: 2 giờ trước
[2026-06-27 22:31:57] [TASK_2] [INFO] Vietstock: login wall detected — collecting only publicly visible title and summary (Req 2.3).
[2026-06-27 22:31:57] [TASK_2] [INFO] Vietstock: collected 2 articles for VNM
[2026-06-27 22:31:57] [TASK_2] [INFO] Vietstock tag page yielded no articles for VNM. Trying finance sub-domain fallback.
[2026-06-27 22:31:57] [TASK_2] [INFO] Vietstock: collected 0 articles for VNM
[2026-06-27 22:31:57] [TASK_2] [WARNING] Failed to fetch Vietstock tag page 1 for VNM. Stopping pagination.
[2026-06-27 22:31:57] [TASK_2] [INFO] Vietstock tag page yielded no articles for VNM. Trying finance sub-domain fallback.
[2026-06-27 22:31:57] [TASK_2] [INFO] Vietstock: collected 0 articles for VNM
[2026-06-27 22:31:57] [TASK_2] [INFO] Vietstock: collected 1 articles for VNM
[2026-06-27 22:31:57] [TASK_2] [INFO] Vietstock tag page yielded no articles for FPT. Trying finance sub-domain fallback.
[2026-06-27 22:31:57] [TASK_2] [INFO] Vietstock: collected 1 articles for FPT
[2026-06-27 22:31:57] [TASK_2] [WARNING] Failed to fetch Vietstock tag page 1 for VNM. Stopping pagination.
[2026-06-27 22:31:57] [TASK_2] [INFO] Vietstock tag page yielded no articles for VNM. Trying finance sub-domain fallback.
[2026-06-27 22:31:57] [TASK_2] [INFO] Vietstock: collected 0 articles for VNM
[2026-06-27 22:31:57] [TASK_2] [INFO] Vietstock: collected 2 articles for FPT
[2026-06-27 22:31:57] [TASK_2] [INFO] Scraping vietstock for ticker=VNM from 2022-01-01 (existing URLs: 0)
[2026-06-27 22:31:57] [TASK_2] [WARNING] Could not parse TNCK date: 2 giờ trước
[2026-06-27 22:31:57] [TASK_2] [INFO] ============================================================
[2026-06-27 22:31:57] [TASK_2] [INFO] TNCK MONTHLY ARTICLE COUNT REPORT
[2026-06-27 22:31:57] [TASK_2] [INFO] ============================================================
[2026-06-27 22:31:57] [TASK_2] [INFO]   2024-01: 3 articles
[2026-06-27 22:31:57] [TASK_2] [INFO]   2024-02: 2 articles
[2026-06-27 22:31:57] [TASK_2] [INFO]   2024-03: 1 articles
[2026-06-27 22:31:57] [TASK_2] [INFO] ------------------------------------------------------------
[2026-06-27 22:31:57] [TASK_2] [INFO] Total: 6 articles across 3 months
[2026-06-27 22:31:57] [TASK_2] [INFO] Average: 2.0 articles/month
[2026-06-27 22:31:57] [TASK_2] [INFO] ============================================================
[2026-06-27 22:31:57] [TASK_2] [INFO] TNCK monthly report: no articles to report.
[2026-06-27 22:31:57] [TASK_2] [INFO] TNCK monthly report: no articles with valid dates.
[2026-06-27 22:31:57] [TASK_2] [INFO] TNCK: searching by VN30 ticker symbols…
[2026-06-27 22:31:57] [TASK_2] [INFO] TNCK search 'ACB': 1 new articles
[2026-06-27 22:31:57] [TASK_2] [INFO] TNCK: scraping category pages…
[2026-06-27 22:31:57] [TASK_2] [INFO] TNCK: collected 1 total articles
[2026-06-27 22:31:57] [TASK_2] [INFO] ============================================================
[2026-06-27 22:31:57] [TASK_2] [INFO] TNCK MONTHLY ARTICLE COUNT REPORT
[2026-06-27 22:31:57] [TASK_2] [INFO] ============================================================
[2026-06-27 22:31:57] [TASK_2] [INFO]   2024-01: 1 articles
[2026-06-27 22:31:57] [TASK_2] [INFO] ------------------------------------------------------------
[2026-06-27 22:31:57] [TASK_2] [INFO] Total: 1 articles across 1 months
[2026-06-27 22:31:57] [TASK_2] [INFO] Average: 1.0 articles/month
[2026-06-27 22:31:57] [TASK_2] [INFO] ============================================================
[2026-06-27 22:31:57] [TASK_2] [INFO] TNCK: searching by VN30 ticker symbols…
[2026-06-27 22:31:57] [TASK_2] [WARNING] Failed to fetch TNCK search page 1 for query 'ACB'. Stopping pagination.
[2026-06-27 22:31:57] [TASK_2] [WARNING] Failed to fetch TNCK search page 1 for query 'BCM'. Stopping pagination.
[2026-06-27 22:31:57] [TASK_2] [WARNING] Failed to fetch TNCK search page 1 for query 'BID'. Stopping pagination.
[2026-06-27 22:31:57] [TASK_2] [WARNING] Failed to fetch TNCK search page 1 for query 'BVH'. Stopping pagination.
[2026-06-27 22:31:57] [TASK_2] [WARNING] Failed to fetch TNCK search page 1 for query 'CTG'. Stopping pagination.
[2026-06-27 22:31:57] [TASK_2] [WARNING] Failed to fetch TNCK search page 1 for query 'FPT'. Stopping pagination.
[2026-06-27 22:31:57] [TASK_2] [WARNING] Failed to fetch TNCK search page 1 for query 'GAS'. Stopping pagination.
[2026-06-27 22:31:57] [TASK_2] [WARNING] Failed to fetch TNCK search page 1 for query 'GVR'. Stopping pagination.
[2026-06-27 22:31:57] [TASK_2] [WARNING] Failed to fetch TNCK search page 1 for query 'HDB'. Stopping pagination.
[2026-06-27 22:31:57] [TASK_2] [WARNING] Failed to fetch TNCK search page 1 for query 'HPG'. Stopping pagination.
[2026-06-27 22:31:57] [TASK_2] [WARNING] Failed to fetch TNCK search page 1 for query 'MBB'. Stopping pagination.
[2026-06-27 22:31:57] [TASK_2] [WARNING] Failed to fetch TNCK search page 1 for query 'MSN'. Stopping pagination.
[2026-06-27 22:31:57] [TASK_2] [WARNING] Failed to fetch TNCK search page 1 for query 'MWG'. Stopping pagination.
[2026-06-27 22:31:57] [TASK_2] [WARNING] Failed to fetch TNCK search page 1 for query 'PLX'. Stopping pagination.
[2026-06-27 22:31:57] [TASK_2] [WARNING] Failed to fetch TNCK search page 1 for query 'POW'. Stopping pagination.
[2026-06-27 22:31:57] [TASK_2] [WARNING] Failed to fetch TNCK search page 1 for query 'SAB'. Stopping pagination.
[2026-06-27 22:31:57] [TASK_2] [WARNING] Failed to fetch TNCK search page 1 for query 'SHB'. Stopping pagination.
[2026-06-27 22:31:57] [TASK_2] [WARNING] Failed to fetch TNCK search page 1 for query 'SSB'. Stopping pagination.
[2026-06-27 22:31:57] [TASK_2] [WARNING] Failed to fetch TNCK search page 1 for query 'SSI'. Stopping pagination.
[2026-06-27 22:31:57] [TASK_2] [WARNING] Failed to fetch TNCK search page 1 for query 'STB'. Stopping pagination.
[2026-06-27 22:31:57] [TASK_2] [WARNING] Failed to fetch TNCK search page 1 for query 'TCB'. Stopping pagination.
[2026-06-27 22:31:57] [TASK_2] [WARNING] Failed to fetch TNCK search page 1 for query 'TPB'. Stopping pagination.
[2026-06-27 22:31:57] [TASK_2] [WARNING] Failed to fetch TNCK search page 1 for query 'VCB'. Stopping pagination.
[2026-06-27 22:31:57] [TASK_2] [WARNING] Failed to fetch TNCK search page 1 for query 'VHM'. Stopping pagination.
[2026-06-27 22:31:57] [TASK_2] [WARNING] Failed to fetch TNCK search page 1 for query 'VIB'. Stopping pagination.
[2026-06-27 22:31:57] [TASK_2] [WARNING] Failed to fetch TNCK search page 1 for query 'VIC'. Stopping pagination.
[2026-06-27 22:31:57] [TASK_2] [WARNING] Failed to fetch TNCK search page 1 for query 'VJC'. Stopping pagination.
[2026-06-27 22:31:57] [TASK_2] [WARNING] Failed to fetch TNCK search page 1 for query 'VNM'. Stopping pagination.
[2026-06-27 22:31:57] [TASK_2] [WARNING] Failed to fetch TNCK search page 1 for query 'VPB'. Stopping pagination.
[2026-06-27 22:31:57] [TASK_2] [WARNING] Failed to fetch TNCK search page 1 for query 'VRE'. Stopping pagination.
[2026-06-27 22:31:57] [TASK_2] [INFO] TNCK: scraping category pages…
[2026-06-27 22:31:57] [TASK_2] [WARNING] Failed to fetch TNCK category page 1: https://tinnhanhchungkhoan.vn/chung-khoan/. Stopping pagination.
[2026-06-27 22:31:57] [TASK_2] [WARNING] Failed to fetch TNCK category page 1: https://tinnhanhchungkhoan.vn/doanh-nghiep/. Stopping pagination.
[2026-06-27 22:31:57] [TASK_2] [WARNING] Failed to fetch TNCK category page 1: https://tinnhanhchungkhoan.vn/ngan-hang/. Stopping pagination.
[2026-06-27 22:31:57] [TASK_2] [WARNING] Failed to fetch TNCK category page 1: https://tinnhanhchungkhoan.vn/bat-dong-san/. Stopping pagination.
[2026-06-27 22:31:57] [TASK_2] [WARNING] Failed to fetch TNCK category page 1: https://tinnhanhchungkhoan.vn/tai-chinh/. Stopping pagination.
[2026-06-27 22:31:57] [TASK_2] [INFO] TNCK: collected 0 total articles
[2026-06-27 22:31:57] [TASK_2] [INFO] TNCK: searching by VN30 ticker symbols…
[2026-06-27 22:31:57] [TASK_2] [INFO] TNCK search 'ACB': 1 new articles
[2026-06-27 22:31:57] [TASK_2] [INFO] TNCK: scraping category pages…
[2026-06-27 22:31:57] [TASK_2] [INFO] TNCK: collected 1 total articles
[2026-06-27 22:31:57] [TASK_2] [INFO] ============================================================
[2026-06-27 22:31:57] [TASK_2] [INFO] TNCK MONTHLY ARTICLE COUNT REPORT
[2026-06-27 22:31:57] [TASK_2] [INFO] ============================================================
[2026-06-27 22:31:57] [TASK_2] [INFO]   2024-01: 1 articles
[2026-06-27 22:31:57] [TASK_2] [INFO] ------------------------------------------------------------
[2026-06-27 22:31:57] [TASK_2] [INFO] Total: 1 articles across 1 months
[2026-06-27 22:31:57] [TASK_2] [INFO] Average: 1.0 articles/month
[2026-06-27 22:31:57] [TASK_2] [INFO] ============================================================
[2026-06-27 22:31:57] [TASK_2] [INFO] TNCK: searching by VN30 ticker symbols…
[2026-06-27 22:31:57] [TASK_2] [INFO] TNCK search 'ACB': 1 new articles
[2026-06-27 22:31:57] [TASK_2] [INFO] TNCK: scraping category pages…
[2026-06-27 22:31:57] [TASK_2] [INFO] TNCK: collected 1 total articles
[2026-06-27 22:31:57] [TASK_2] [INFO] ============================================================
[2026-06-27 22:31:57] [TASK_2] [INFO] TNCK MONTHLY ARTICLE COUNT REPORT
[2026-06-27 22:31:57] [TASK_2] [INFO] ============================================================
[2026-06-27 22:31:57] [TASK_2] [INFO]   2024-01: 1 articles
[2026-06-27 22:31:57] [TASK_2] [INFO] ------------------------------------------------------------
[2026-06-27 22:31:57] [TASK_2] [INFO] Total: 1 articles across 1 months
[2026-06-27 22:31:57] [TASK_2] [INFO] Average: 1.0 articles/month
[2026-06-27 22:31:57] [TASK_2] [INFO] ============================================================
[2026-06-27 22:31:57] [TASK_2] [INFO] Scraping tnck for ticker=ALL from 2022-01-01 (existing URLs: 0)
[2026-06-27 22:31:57] [TASK_2] [WARNING] Failed to parse CafeF page 2 for VNM (URL: https://cafef.vn/thi-truong-chung-khoan/vnm-ctck/trang-2.chn): Simulated HTML parse failure. Skipping page. HTML selectors may need adjustment if page structure changed.
[2026-06-27 22:31:57] [TASK_2] [INFO] CafeF: collected 1 articles for VNM
[2026-06-27 22:31:57] [TASK_2] [INFO] CafeF: collected 2 articles for VNM
[2026-06-27 22:31:57] [TASK_2] [WARNING] Failed to parse Vietstock tag page 2 for VNM (URL: https://vietstock.vn/tag/VNM/page/2): Simulated HTML parse failure. Skipping page. HTML selectors may need adjustment if page structure changed.
[2026-06-27 22:31:57] [TASK_2] [INFO] Vietstock: collected 1 articles for VNM
[2026-06-27 22:31:57] [TASK_2] [INFO] TNCK: searching by VN30 ticker symbols…
[2026-06-27 22:31:57] [TASK_2] [WARNING] Failed to parse TNCK search page 1 for query 'ACB' (URL: https://tinnhanhchungkhoan.vn/tim-kiem/?q=ACB): Simulated HTML parse failure. Skipping page. HTML selectors may need adjustment if page structure changed.
[2026-06-27 22:31:57] [TASK_2] [INFO] TNCK: scraping category pages…
[2026-06-27 22:31:57] [TASK_2] [INFO] TNCK: collected 0 total articles
[2026-06-27 22:31:57] [TASK_2] [INFO] ============================================================
[2026-06-27 22:31:57] [TASK_2] [INFO] SCRAPING REPORT — CAFEF
[2026-06-27 22:31:57] [TASK_2] [INFO] ============================================================
[2026-06-27 22:31:57] [TASK_2] [INFO]   FPT   : 1 articles (2024-02-01 to 2024-02-01)
[2026-06-27 22:31:57] [TASK_2] [INFO]   VNM   : 2 articles (2024-01-10 to 2024-03-15)
[2026-06-27 22:31:57] [TASK_2] [INFO] ------------------------------------------------------------
[2026-06-27 22:31:57] [TASK_2] [INFO] Total articles from CAFEF: 3
[2026-06-27 22:31:57] [TASK_2] [INFO] ============================================================
[2026-06-27 22:31:57] [TASK_2] [INFO] ============================================================
[2026-06-27 22:31:57] [TASK_2] [INFO] SCRAPING REPORT — CAFEF
[2026-06-27 22:31:57] [TASK_2] [INFO] ============================================================
[2026-06-27 22:31:57] [TASK_2] [INFO]   VNM   : 0 articles
[2026-06-27 22:31:57] [TASK_2] [INFO] ------------------------------------------------------------
[2026-06-27 22:31:57] [TASK_2] [INFO] Total articles from CAFEF: 0
[2026-06-27 22:31:57] [TASK_2] [INFO] ============================================================
[2026-06-27 22:31:57] [TASK_2] [INFO] ============================================================
[2026-06-27 22:31:57] [TASK_2] [INFO] SCRAPING REPORT — CAFEF
[2026-06-27 22:31:57] [TASK_2] [INFO] ============================================================
[2026-06-27 22:31:57] [TASK_2] [INFO]   VNM   : 2 articles (no valid dates)
[2026-06-27 22:31:57] [TASK_2] [INFO] ------------------------------------------------------------
[2026-06-27 22:31:57] [TASK_2] [INFO] Total articles from CAFEF: 2
[2026-06-27 22:31:57] [TASK_2] [INFO] ============================================================
[2026-06-27 22:31:57] [TASK_2] [INFO] ============================================================
[2026-06-27 22:31:57] [TASK_2] [INFO] SCRAPING REPORT — CAFEF
[2026-06-27 22:31:57] [TASK_2] [INFO] ============================================================
[2026-06-27 22:31:57] [TASK_2] [INFO]   VNM   : 3 articles (2024-01-10 to 2024-03-15)
[2026-06-27 22:31:57] [TASK_2] [INFO] ------------------------------------------------------------
[2026-06-27 22:31:57] [TASK_2] [INFO] Total articles from CAFEF: 3
[2026-06-27 22:31:57] [TASK_2] [INFO] ============================================================
[2026-06-27 22:31:57] [TASK_2] [INFO] ============================================================
[2026-06-27 22:31:57] [TASK_2] [INFO] SCRAPING REPORT — CAFEF
[2026-06-27 22:31:57] [TASK_2] [INFO] ============================================================
[2026-06-27 22:31:57] [TASK_2] [INFO] ------------------------------------------------------------
[2026-06-27 22:31:57] [TASK_2] [INFO] Total articles from CAFEF: 0
[2026-06-27 22:31:57] [TASK_2] [INFO] ============================================================
[2026-06-27 22:31:57] [TASK_2] [INFO] ============================================================
[2026-06-27 22:31:57] [TASK_2] [INFO] SCRAPING REPORT — CAFEF
[2026-06-27 22:31:57] [TASK_2] [INFO] ============================================================
[2026-06-27 22:31:57] [TASK_2] [INFO]   ACB   : 1 articles (2024-02-01 to 2024-02-01)
[2026-06-27 22:31:57] [TASK_2] [INFO]   FPT   : 1 articles (2024-03-01 to 2024-03-01)
[2026-06-27 22:31:57] [TASK_2] [INFO]   VNM   : 1 articles (2024-01-10 to 2024-01-10)
[2026-06-27 22:31:57] [TASK_2] [INFO] ------------------------------------------------------------
[2026-06-27 22:31:57] [TASK_2] [INFO] Total articles from CAFEF: 3
[2026-06-27 22:31:57] [TASK_2] [INFO] ============================================================
[2026-06-27 22:32:14] [TASK_2] [INFO] ============================================================
[2026-06-27 22:32:14] [TASK_2] [INFO] START TASK_2: News Scraping (CafeF, Vietstock, TNCK)
[2026-06-27 22:32:14] [TASK_2] [INFO] Timestamp: 2026-06-27T22:32:14.043841
[2026-06-27 22:32:14] [TASK_2] [INFO] ============================================================
[2026-06-27 22:32:14] [TASK_2] [INFO] ------------------------------------------------------------
[2026-06-27 22:32:14] [TASK_2] [INFO] END TASK_2 — completed in 0.0 seconds
[2026-06-27 22:32:14] [TASK_2] [INFO] ============================================================
[2026-06-27 22:32:14] [TASK_2] [INFO] ============================================================
[2026-06-27 22:32:14] [TASK_2] [INFO] START TASK_2: News Scraping (CafeF, Vietstock, TNCK)
[2026-06-27 22:32:14] [TASK_2] [INFO] Timestamp: 2026-06-27T22:32:14.070427
[2026-06-27 22:32:14] [TASK_2] [INFO] ============================================================
[2026-06-27 22:32:14] [TASK_2] [INFO] ------------------------------------------------------------
[2026-06-27 22:32:14] [TASK_2] [INFO] END TASK_2 — completed in 0.0 seconds
[2026-06-27 22:32:14] [TASK_2] [INFO] ============================================================
[2026-06-27 22:32:24] [TASK_2] [WARNING] Request failed for https://cafef.vn/test (attempt 1/3): Connection refused
[2026-06-27 22:32:24] [TASK_2] [INFO] Retrying in 1s…
[2026-06-27 22:32:24] [TASK_2] [WARNING] Request failed for https://cafef.vn/test (attempt 2/3): Connection refused
[2026-06-27 22:32:24] [TASK_2] [INFO] Retrying in 2s…
[2026-06-27 22:32:24] [TASK_2] [WARNING] Request failed for https://cafef.vn/test (attempt 3/3): Connection refused
[2026-06-27 22:32:24] [TASK_2] [ERROR] All 3 attempts failed for https://cafef.vn/test. Skipping.
[2026-06-27 22:32:24] [TASK_2] [WARNING] Request failed for https://cafef.vn/test (attempt 1/3): timeout
[2026-06-27 22:32:24] [TASK_2] [INFO] Retrying in 1s…
[2026-06-27 22:32:24] [TASK_2] [WARNING] Request failed for https://cafef.vn/test (attempt 1/3): 503 Service Unavailable
[2026-06-27 22:32:24] [TASK_2] [INFO] Retrying in 1s…
[2026-06-27 22:32:24] [TASK_2] [WARNING] Request failed for https://cafef.vn/test (attempt 2/3): 503 Service Unavailable
[2026-06-27 22:32:24] [TASK_2] [INFO] Retrying in 2s…
[2026-06-27 22:32:24] [TASK_2] [WARNING] Request failed for https://cafef.vn/test (attempt 3/3): 503 Service Unavailable
[2026-06-27 22:32:24] [TASK_2] [ERROR] All 3 attempts failed for https://cafef.vn/test. Skipping.
[2026-06-27 22:32:24] [TASK_2] [WARNING] Missing required fields in article: https://cafef.vn/test.chn
[2026-06-27 22:32:24] [TASK_2] [WARNING] Missing required fields in article: ?
[2026-06-27 22:32:24] [TASK_2] [WARNING] Missing required fields in article: https://cafef.vn/test.chn
[2026-06-27 22:32:24] [TASK_2] [INFO] Saved 1 rows to C:\Users\User\AppData\Local\Temp\pytest-of-User\pytest-114\test_writes_csv_correctly0\output.csv
[2026-06-27 22:32:24] [TASK_2] [INFO] Saved 1 rows to C:\Users\User\AppData\Local\Temp\pytest-of-User\pytest-114\test_no_temp_file_left_behind0\output.csv
[2026-06-27 22:32:24] [TASK_2] [INFO] Saved 1 rows to C:\Users\User\AppData\Local\Temp\pytest-of-User\pytest-114\test_creates_parent_directorie0\sub\dir\output.csv
[2026-06-27 22:32:24] [TASK_2] [WARNING] Could not parse CafeF date: not a date
[2026-06-27 22:32:24] [TASK_2] [INFO] CafeF: collected 2 articles for VNM
[2026-06-27 22:32:24] [TASK_2] [INFO] CafeF: collected 0 articles for VNM
[2026-06-27 22:32:24] [TASK_2] [WARNING] Failed to fetch CafeF page 1 for VNM. Stopping pagination.
[2026-06-27 22:32:24] [TASK_2] [INFO] CafeF: collected 0 articles for VNM
[2026-06-27 22:32:24] [TASK_2] [INFO] CafeF: collected 1 articles for VNM
[2026-06-27 22:32:24] [TASK_2] [INFO] CafeF: collected 2 articles for FPT
[2026-06-27 22:32:24] [TASK_2] [WARNING] Failed to fetch CafeF page 1 for VNM. Stopping pagination.
[2026-06-27 22:32:24] [TASK_2] [INFO] CafeF: collected 0 articles for VNM
[2026-06-27 22:32:24] [TASK_2] [INFO] Scraping cafef for ticker=VNM from 2022-01-01 (existing URLs: 0)
[2026-06-27 22:32:24] [TASK_2] [WARNING] Could not parse Vietstock date: 2 giờ trước
[2026-06-27 22:32:24] [TASK_2] [INFO] Vietstock: login wall detected — collecting only publicly visible title and summary (Req 2.3).
[2026-06-27 22:32:25] [TASK_2] [INFO] Vietstock: collected 2 articles for VNM
[2026-06-27 22:32:25] [TASK_2] [INFO] Vietstock tag page yielded no articles for VNM. Trying finance sub-domain fallback.
[2026-06-27 22:32:25] [TASK_2] [INFO] Vietstock: collected 0 articles for VNM
[2026-06-27 22:32:25] [TASK_2] [WARNING] Failed to fetch Vietstock tag page 1 for VNM. Stopping pagination.
[2026-06-27 22:32:25] [TASK_2] [INFO] Vietstock tag page yielded no articles for VNM. Trying finance sub-domain fallback.
[2026-06-27 22:32:25] [TASK_2] [INFO] Vietstock: collected 0 articles for VNM
[2026-06-27 22:32:25] [TASK_2] [INFO] Vietstock: collected 1 articles for VNM
[2026-06-27 22:32:25] [TASK_2] [INFO] Vietstock tag page yielded no articles for FPT. Trying finance sub-domain fallback.
[2026-06-27 22:32:25] [TASK_2] [INFO] Vietstock: collected 1 articles for FPT
[2026-06-27 22:32:25] [TASK_2] [WARNING] Failed to fetch Vietstock tag page 1 for VNM. Stopping pagination.
[2026-06-27 22:32:25] [TASK_2] [INFO] Vietstock tag page yielded no articles for VNM. Trying finance sub-domain fallback.
[2026-06-27 22:32:25] [TASK_2] [INFO] Vietstock: collected 0 articles for VNM
[2026-06-27 22:32:25] [TASK_2] [INFO] Vietstock: collected 2 articles for FPT
[2026-06-27 22:32:25] [TASK_2] [INFO] Scraping vietstock for ticker=VNM from 2022-01-01 (existing URLs: 0)
[2026-06-27 22:32:25] [TASK_2] [WARNING] Could not parse TNCK date: 2 giờ trước
[2026-06-27 22:32:25] [TASK_2] [INFO] ============================================================
[2026-06-27 22:32:25] [TASK_2] [INFO] TNCK MONTHLY ARTICLE COUNT REPORT
[2026-06-27 22:32:25] [TASK_2] [INFO] ============================================================
[2026-06-27 22:32:25] [TASK_2] [INFO]   2024-01: 3 articles
[2026-06-27 22:32:25] [TASK_2] [INFO]   2024-02: 2 articles
[2026-06-27 22:32:25] [TASK_2] [INFO]   2024-03: 1 articles
[2026-06-27 22:32:25] [TASK_2] [INFO] ------------------------------------------------------------
[2026-06-27 22:32:25] [TASK_2] [INFO] Total: 6 articles across 3 months
[2026-06-27 22:32:25] [TASK_2] [INFO] Average: 2.0 articles/month
[2026-06-27 22:32:25] [TASK_2] [INFO] ============================================================
[2026-06-27 22:32:25] [TASK_2] [INFO] TNCK monthly report: no articles to report.
[2026-06-27 22:32:25] [TASK_2] [INFO] TNCK monthly report: no articles with valid dates.
[2026-06-27 22:32:25] [TASK_2] [INFO] TNCK: searching by VN30 ticker symbols…
[2026-06-27 22:32:25] [TASK_2] [INFO] TNCK search 'ACB': 1 new articles
[2026-06-27 22:32:25] [TASK_2] [INFO] TNCK: scraping category pages…
[2026-06-27 22:32:25] [TASK_2] [INFO] TNCK: collected 1 total articles
[2026-06-27 22:32:25] [TASK_2] [INFO] ============================================================
[2026-06-27 22:32:25] [TASK_2] [INFO] TNCK MONTHLY ARTICLE COUNT REPORT
[2026-06-27 22:32:25] [TASK_2] [INFO] ============================================================
[2026-06-27 22:32:25] [TASK_2] [INFO]   2024-01: 1 articles
[2026-06-27 22:32:25] [TASK_2] [INFO] ------------------------------------------------------------
[2026-06-27 22:32:25] [TASK_2] [INFO] Total: 1 articles across 1 months
[2026-06-27 22:32:25] [TASK_2] [INFO] Average: 1.0 articles/month
[2026-06-27 22:32:25] [TASK_2] [INFO] ============================================================
[2026-06-27 22:32:25] [TASK_2] [INFO] TNCK: searching by VN30 ticker symbols…
[2026-06-27 22:32:25] [TASK_2] [WARNING] Failed to fetch TNCK search page 1 for query 'ACB'. Stopping pagination.
[2026-06-27 22:32:25] [TASK_2] [WARNING] Failed to fetch TNCK search page 1 for query 'BCM'. Stopping pagination.
[2026-06-27 22:32:25] [TASK_2] [WARNING] Failed to fetch TNCK search page 1 for query 'BID'. Stopping pagination.
[2026-06-27 22:32:25] [TASK_2] [WARNING] Failed to fetch TNCK search page 1 for query 'BVH'. Stopping pagination.
[2026-06-27 22:32:25] [TASK_2] [WARNING] Failed to fetch TNCK search page 1 for query 'CTG'. Stopping pagination.
[2026-06-27 22:32:25] [TASK_2] [WARNING] Failed to fetch TNCK search page 1 for query 'FPT'. Stopping pagination.
[2026-06-27 22:32:25] [TASK_2] [WARNING] Failed to fetch TNCK search page 1 for query 'GAS'. Stopping pagination.
[2026-06-27 22:32:25] [TASK_2] [WARNING] Failed to fetch TNCK search page 1 for query 'GVR'. Stopping pagination.
[2026-06-27 22:32:25] [TASK_2] [WARNING] Failed to fetch TNCK search page 1 for query 'HDB'. Stopping pagination.
[2026-06-27 22:32:25] [TASK_2] [WARNING] Failed to fetch TNCK search page 1 for query 'HPG'. Stopping pagination.
[2026-06-27 22:32:25] [TASK_2] [WARNING] Failed to fetch TNCK search page 1 for query 'MBB'. Stopping pagination.
[2026-06-27 22:32:25] [TASK_2] [WARNING] Failed to fetch TNCK search page 1 for query 'MSN'. Stopping pagination.
[2026-06-27 22:32:25] [TASK_2] [WARNING] Failed to fetch TNCK search page 1 for query 'MWG'. Stopping pagination.
[2026-06-27 22:32:25] [TASK_2] [WARNING] Failed to fetch TNCK search page 1 for query 'PLX'. Stopping pagination.
[2026-06-27 22:32:25] [TASK_2] [WARNING] Failed to fetch TNCK search page 1 for query 'POW'. Stopping pagination.
[2026-06-27 22:32:25] [TASK_2] [WARNING] Failed to fetch TNCK search page 1 for query 'SAB'. Stopping pagination.
[2026-06-27 22:32:25] [TASK_2] [WARNING] Failed to fetch TNCK search page 1 for query 'SHB'. Stopping pagination.
[2026-06-27 22:32:25] [TASK_2] [WARNING] Failed to fetch TNCK search page 1 for query 'SSB'. Stopping pagination.
[2026-06-27 22:32:25] [TASK_2] [WARNING] Failed to fetch TNCK search page 1 for query 'SSI'. Stopping pagination.
[2026-06-27 22:32:25] [TASK_2] [WARNING] Failed to fetch TNCK search page 1 for query 'STB'. Stopping pagination.
[2026-06-27 22:32:25] [TASK_2] [WARNING] Failed to fetch TNCK search page 1 for query 'TCB'. Stopping pagination.
[2026-06-27 22:32:25] [TASK_2] [WARNING] Failed to fetch TNCK search page 1 for query 'TPB'. Stopping pagination.
[2026-06-27 22:32:25] [TASK_2] [WARNING] Failed to fetch TNCK search page 1 for query 'VCB'. Stopping pagination.
[2026-06-27 22:32:25] [TASK_2] [WARNING] Failed to fetch TNCK search page 1 for query 'VHM'. Stopping pagination.
[2026-06-27 22:32:25] [TASK_2] [WARNING] Failed to fetch TNCK search page 1 for query 'VIB'. Stopping pagination.
[2026-06-27 22:32:25] [TASK_2] [WARNING] Failed to fetch TNCK search page 1 for query 'VIC'. Stopping pagination.
[2026-06-27 22:32:25] [TASK_2] [WARNING] Failed to fetch TNCK search page 1 for query 'VJC'. Stopping pagination.
[2026-06-27 22:32:25] [TASK_2] [WARNING] Failed to fetch TNCK search page 1 for query 'VNM'. Stopping pagination.
[2026-06-27 22:32:25] [TASK_2] [WARNING] Failed to fetch TNCK search page 1 for query 'VPB'. Stopping pagination.
[2026-06-27 22:32:25] [TASK_2] [WARNING] Failed to fetch TNCK search page 1 for query 'VRE'. Stopping pagination.
[2026-06-27 22:32:25] [TASK_2] [INFO] TNCK: scraping category pages…
[2026-06-27 22:32:25] [TASK_2] [WARNING] Failed to fetch TNCK category page 1: https://tinnhanhchungkhoan.vn/chung-khoan/. Stopping pagination.
[2026-06-27 22:32:25] [TASK_2] [WARNING] Failed to fetch TNCK category page 1: https://tinnhanhchungkhoan.vn/doanh-nghiep/. Stopping pagination.
[2026-06-27 22:32:25] [TASK_2] [WARNING] Failed to fetch TNCK category page 1: https://tinnhanhchungkhoan.vn/ngan-hang/. Stopping pagination.
[2026-06-27 22:32:25] [TASK_2] [WARNING] Failed to fetch TNCK category page 1: https://tinnhanhchungkhoan.vn/bat-dong-san/. Stopping pagination.
[2026-06-27 22:32:25] [TASK_2] [WARNING] Failed to fetch TNCK category page 1: https://tinnhanhchungkhoan.vn/tai-chinh/. Stopping pagination.
[2026-06-27 22:32:25] [TASK_2] [INFO] TNCK: collected 0 total articles
[2026-06-27 22:32:25] [TASK_2] [INFO] TNCK: searching by VN30 ticker symbols…
[2026-06-27 22:32:25] [TASK_2] [INFO] TNCK search 'ACB': 1 new articles
[2026-06-27 22:32:25] [TASK_2] [INFO] TNCK: scraping category pages…
[2026-06-27 22:32:25] [TASK_2] [INFO] TNCK: collected 1 total articles
[2026-06-27 22:32:25] [TASK_2] [INFO] ============================================================
[2026-06-27 22:32:25] [TASK_2] [INFO] TNCK MONTHLY ARTICLE COUNT REPORT
[2026-06-27 22:32:25] [TASK_2] [INFO] ============================================================
[2026-06-27 22:32:25] [TASK_2] [INFO]   2024-01: 1 articles
[2026-06-27 22:32:25] [TASK_2] [INFO] ------------------------------------------------------------
[2026-06-27 22:32:25] [TASK_2] [INFO] Total: 1 articles across 1 months
[2026-06-27 22:32:25] [TASK_2] [INFO] Average: 1.0 articles/month
[2026-06-27 22:32:25] [TASK_2] [INFO] ============================================================
[2026-06-27 22:32:25] [TASK_2] [INFO] TNCK: searching by VN30 ticker symbols…
[2026-06-27 22:32:25] [TASK_2] [INFO] TNCK search 'ACB': 1 new articles
[2026-06-27 22:32:25] [TASK_2] [INFO] TNCK: scraping category pages…
[2026-06-27 22:32:25] [TASK_2] [INFO] TNCK: collected 1 total articles
[2026-06-27 22:32:25] [TASK_2] [INFO] ============================================================
[2026-06-27 22:32:25] [TASK_2] [INFO] TNCK MONTHLY ARTICLE COUNT REPORT
[2026-06-27 22:32:25] [TASK_2] [INFO] ============================================================
[2026-06-27 22:32:25] [TASK_2] [INFO]   2024-01: 1 articles
[2026-06-27 22:32:25] [TASK_2] [INFO] ------------------------------------------------------------
[2026-06-27 22:32:25] [TASK_2] [INFO] Total: 1 articles across 1 months
[2026-06-27 22:32:25] [TASK_2] [INFO] Average: 1.0 articles/month
[2026-06-27 22:32:25] [TASK_2] [INFO] ============================================================
[2026-06-27 22:32:25] [TASK_2] [INFO] Scraping tnck for ticker=ALL from 2022-01-01 (existing URLs: 0)
[2026-06-27 22:32:25] [TASK_2] [WARNING] Failed to parse CafeF page 2 for VNM (URL: https://cafef.vn/thi-truong-chung-khoan/vnm-ctck/trang-2.chn): Simulated HTML parse failure. Skipping page. HTML selectors may need adjustment if page structure changed.
[2026-06-27 22:32:25] [TASK_2] [INFO] CafeF: collected 1 articles for VNM
[2026-06-27 22:32:25] [TASK_2] [INFO] CafeF: collected 2 articles for VNM
[2026-06-27 22:32:25] [TASK_2] [WARNING] Failed to parse Vietstock tag page 2 for VNM (URL: https://vietstock.vn/tag/VNM/page/2): Simulated HTML parse failure. Skipping page. HTML selectors may need adjustment if page structure changed.
[2026-06-27 22:32:25] [TASK_2] [INFO] Vietstock: collected 1 articles for VNM
[2026-06-27 22:32:25] [TASK_2] [INFO] TNCK: searching by VN30 ticker symbols…
[2026-06-27 22:32:25] [TASK_2] [WARNING] Failed to parse TNCK search page 1 for query 'ACB' (URL: https://tinnhanhchungkhoan.vn/tim-kiem/?q=ACB): Simulated HTML parse failure. Skipping page. HTML selectors may need adjustment if page structure changed.
[2026-06-27 22:32:25] [TASK_2] [INFO] TNCK: scraping category pages…
[2026-06-27 22:32:25] [TASK_2] [INFO] TNCK: collected 0 total articles
[2026-06-27 22:32:25] [TASK_2] [INFO] ============================================================
[2026-06-27 22:32:25] [TASK_2] [INFO] SCRAPING REPORT — CAFEF
[2026-06-27 22:32:25] [TASK_2] [INFO] ============================================================
[2026-06-27 22:32:25] [TASK_2] [INFO]   FPT   : 1 articles (2024-02-01 to 2024-02-01)
[2026-06-27 22:32:25] [TASK_2] [INFO]   VNM   : 2 articles (2024-01-10 to 2024-03-15)
[2026-06-27 22:32:25] [TASK_2] [INFO] ------------------------------------------------------------
[2026-06-27 22:32:25] [TASK_2] [INFO] Total articles from CAFEF: 3
[2026-06-27 22:32:25] [TASK_2] [INFO] ============================================================
[2026-06-27 22:32:25] [TASK_2] [INFO] ============================================================
[2026-06-27 22:32:25] [TASK_2] [INFO] SCRAPING REPORT — CAFEF
[2026-06-27 22:32:25] [TASK_2] [INFO] ============================================================
[2026-06-27 22:32:25] [TASK_2] [INFO]   VNM   : 0 articles
[2026-06-27 22:32:25] [TASK_2] [INFO] ------------------------------------------------------------
[2026-06-27 22:32:25] [TASK_2] [INFO] Total articles from CAFEF: 0
[2026-06-27 22:32:25] [TASK_2] [INFO] ============================================================
[2026-06-27 22:32:25] [TASK_2] [INFO] ============================================================
[2026-06-27 22:32:25] [TASK_2] [INFO] SCRAPING REPORT — CAFEF
[2026-06-27 22:32:25] [TASK_2] [INFO] ============================================================
[2026-06-27 22:32:25] [TASK_2] [INFO]   VNM   : 2 articles (no valid dates)
[2026-06-27 22:32:25] [TASK_2] [INFO] ------------------------------------------------------------
[2026-06-27 22:32:25] [TASK_2] [INFO] Total articles from CAFEF: 2
[2026-06-27 22:32:25] [TASK_2] [INFO] ============================================================
[2026-06-27 22:32:25] [TASK_2] [INFO] ============================================================
[2026-06-27 22:32:25] [TASK_2] [INFO] SCRAPING REPORT — CAFEF
[2026-06-27 22:32:25] [TASK_2] [INFO] ============================================================
[2026-06-27 22:32:25] [TASK_2] [INFO]   VNM   : 3 articles (2024-01-10 to 2024-03-15)
[2026-06-27 22:32:25] [TASK_2] [INFO] ------------------------------------------------------------
[2026-06-27 22:32:25] [TASK_2] [INFO] Total articles from CAFEF: 3
[2026-06-27 22:32:25] [TASK_2] [INFO] ============================================================
[2026-06-27 22:32:25] [TASK_2] [INFO] ============================================================
[2026-06-27 22:32:25] [TASK_2] [INFO] SCRAPING REPORT — CAFEF
[2026-06-27 22:32:25] [TASK_2] [INFO] ============================================================
[2026-06-27 22:32:25] [TASK_2] [INFO] ------------------------------------------------------------
[2026-06-27 22:32:25] [TASK_2] [INFO] Total articles from CAFEF: 0
[2026-06-27 22:32:25] [TASK_2] [INFO] ============================================================
[2026-06-27 22:32:25] [TASK_2] [INFO] ============================================================
[2026-06-27 22:32:25] [TASK_2] [INFO] SCRAPING REPORT — CAFEF
[2026-06-27 22:32:25] [TASK_2] [INFO] ============================================================
[2026-06-27 22:32:25] [TASK_2] [INFO]   ACB   : 1 articles (2024-02-01 to 2024-02-01)
[2026-06-27 22:32:25] [TASK_2] [INFO]   FPT   : 1 articles (2024-03-01 to 2024-03-01)
[2026-06-27 22:32:25] [TASK_2] [INFO]   VNM   : 1 articles (2024-01-10 to 2024-01-10)
[2026-06-27 22:32:25] [TASK_2] [INFO] ------------------------------------------------------------
[2026-06-27 22:32:25] [TASK_2] [INFO] Total articles from CAFEF: 3
[2026-06-27 22:32:25] [TASK_2] [INFO] ============================================================
[2026-06-27 23:05:46] [TASK_2] [INFO] ============================================================
[2026-06-27 23:05:46] [TASK_2] [INFO] START TASK_2: News Scraping (CafeF, Vietstock, TNCK)
[2026-06-27 23:05:46] [TASK_2] [INFO] Timestamp: 2026-06-27T23:05:46.186308
[2026-06-27 23:05:46] [TASK_2] [INFO] ============================================================
[2026-06-27 23:05:46] [TASK_2] [INFO] ------------------------------------------------------------
[2026-06-27 23:05:46] [TASK_2] [INFO] END TASK_2 — completed in 0.0 seconds
[2026-06-27 23:05:46] [TASK_2] [INFO] ============================================================
[2026-06-27 23:05:46] [TASK_2] [INFO] ============================================================
[2026-06-27 23:05:46] [TASK_2] [INFO] START TASK_2: News Scraping (CafeF, Vietstock, TNCK)
[2026-06-27 23:05:46] [TASK_2] [INFO] Timestamp: 2026-06-27T23:05:46.225019
[2026-06-27 23:05:46] [TASK_2] [INFO] ============================================================
[2026-06-27 23:05:46] [TASK_2] [INFO] ------------------------------------------------------------
[2026-06-27 23:05:46] [TASK_2] [INFO] END TASK_2 — completed in 0.0 seconds
[2026-06-27 23:05:46] [TASK_2] [INFO] ============================================================
[2026-06-27 23:05:57] [TASK_2] [WARNING] Request failed for https://cafef.vn/test (attempt 1/3): Connection refused
[2026-06-27 23:05:57] [TASK_2] [INFO] Retrying in 1s…
[2026-06-27 23:05:57] [TASK_2] [WARNING] Request failed for https://cafef.vn/test (attempt 2/3): Connection refused
[2026-06-27 23:05:57] [TASK_2] [INFO] Retrying in 2s…
[2026-06-27 23:05:57] [TASK_2] [WARNING] Request failed for https://cafef.vn/test (attempt 3/3): Connection refused
[2026-06-27 23:05:57] [TASK_2] [ERROR] All 3 attempts failed for https://cafef.vn/test. Skipping.
[2026-06-27 23:05:57] [TASK_2] [WARNING] Request failed for https://cafef.vn/test (attempt 1/3): timeout
[2026-06-27 23:05:57] [TASK_2] [INFO] Retrying in 1s…
[2026-06-27 23:05:57] [TASK_2] [WARNING] Request failed for https://cafef.vn/test (attempt 1/3): 503 Service Unavailable
[2026-06-27 23:05:57] [TASK_2] [INFO] Retrying in 1s…
[2026-06-27 23:05:57] [TASK_2] [WARNING] Request failed for https://cafef.vn/test (attempt 2/3): 503 Service Unavailable
[2026-06-27 23:05:57] [TASK_2] [INFO] Retrying in 2s…
[2026-06-27 23:05:57] [TASK_2] [WARNING] Request failed for https://cafef.vn/test (attempt 3/3): 503 Service Unavailable
[2026-06-27 23:05:57] [TASK_2] [ERROR] All 3 attempts failed for https://cafef.vn/test. Skipping.
[2026-06-27 23:05:57] [TASK_2] [WARNING] Missing required fields in article: https://cafef.vn/test.chn
[2026-06-27 23:05:57] [TASK_2] [WARNING] Missing required fields in article: ?
[2026-06-27 23:05:57] [TASK_2] [WARNING] Missing required fields in article: https://cafef.vn/test.chn
[2026-06-27 23:05:57] [TASK_2] [INFO] Saved 1 rows to C:\Users\User\AppData\Local\Temp\pytest-of-User\pytest-115\test_writes_csv_correctly0\output.csv
[2026-06-27 23:05:57] [TASK_2] [INFO] Saved 1 rows to C:\Users\User\AppData\Local\Temp\pytest-of-User\pytest-115\test_no_temp_file_left_behind0\output.csv
[2026-06-27 23:05:57] [TASK_2] [INFO] Saved 1 rows to C:\Users\User\AppData\Local\Temp\pytest-of-User\pytest-115\test_creates_parent_directorie0\sub\dir\output.csv
[2026-06-27 23:05:57] [TASK_2] [WARNING] Could not parse CafeF date: not a date
[2026-06-27 23:05:57] [TASK_2] [INFO] CafeF: collected 2 articles for VNM
[2026-06-27 23:05:57] [TASK_2] [INFO] CafeF: collected 0 articles for VNM
[2026-06-27 23:05:57] [TASK_2] [WARNING] Failed to fetch CafeF page 1 for VNM. Stopping pagination.
[2026-06-27 23:05:57] [TASK_2] [INFO] CafeF: collected 0 articles for VNM
[2026-06-27 23:05:57] [TASK_2] [INFO] CafeF: collected 1 articles for VNM
[2026-06-27 23:05:57] [TASK_2] [INFO] CafeF: collected 2 articles for FPT
[2026-06-27 23:05:57] [TASK_2] [WARNING] Failed to fetch CafeF page 1 for VNM. Stopping pagination.
[2026-06-27 23:05:57] [TASK_2] [INFO] CafeF: collected 0 articles for VNM
[2026-06-27 23:05:57] [TASK_2] [INFO] Scraping cafef for ticker=VNM from 2022-01-01 (existing URLs: 0)
[2026-06-27 23:05:57] [TASK_2] [WARNING] Could not parse Vietstock date: 2 giờ trước
[2026-06-27 23:05:58] [TASK_2] [INFO] Vietstock: login wall detected — collecting only publicly visible title and summary (Req 2.3).
[2026-06-27 23:05:58] [TASK_2] [INFO] Vietstock: collected 2 articles for VNM
[2026-06-27 23:05:58] [TASK_2] [INFO] Vietstock tag page yielded no articles for VNM. Trying finance sub-domain fallback.
[2026-06-27 23:05:58] [TASK_2] [INFO] Vietstock: collected 0 articles for VNM
[2026-06-27 23:05:58] [TASK_2] [WARNING] Failed to fetch Vietstock tag page 1 for VNM. Stopping pagination.
[2026-06-27 23:05:58] [TASK_2] [INFO] Vietstock tag page yielded no articles for VNM. Trying finance sub-domain fallback.
[2026-06-27 23:05:58] [TASK_2] [INFO] Vietstock: collected 0 articles for VNM
[2026-06-27 23:05:58] [TASK_2] [INFO] Vietstock: collected 1 articles for VNM
[2026-06-27 23:05:58] [TASK_2] [INFO] Vietstock tag page yielded no articles for FPT. Trying finance sub-domain fallback.
[2026-06-27 23:05:58] [TASK_2] [INFO] Vietstock: collected 1 articles for FPT
[2026-06-27 23:05:58] [TASK_2] [WARNING] Failed to fetch Vietstock tag page 1 for VNM. Stopping pagination.
[2026-06-27 23:05:58] [TASK_2] [INFO] Vietstock tag page yielded no articles for VNM. Trying finance sub-domain fallback.
[2026-06-27 23:05:58] [TASK_2] [INFO] Vietstock: collected 0 articles for VNM
[2026-06-27 23:05:58] [TASK_2] [INFO] Vietstock: collected 2 articles for FPT
[2026-06-27 23:05:58] [TASK_2] [INFO] Scraping vietstock for ticker=VNM from 2022-01-01 (existing URLs: 0)
[2026-06-27 23:05:58] [TASK_2] [WARNING] Could not parse TNCK date: 2 giờ trước
[2026-06-27 23:05:58] [TASK_2] [INFO] ============================================================
[2026-06-27 23:05:58] [TASK_2] [INFO] TNCK MONTHLY ARTICLE COUNT REPORT
[2026-06-27 23:05:58] [TASK_2] [INFO] ============================================================
[2026-06-27 23:05:58] [TASK_2] [INFO]   2024-01: 3 articles
[2026-06-27 23:05:58] [TASK_2] [INFO]   2024-02: 2 articles
[2026-06-27 23:05:58] [TASK_2] [INFO]   2024-03: 1 articles
[2026-06-27 23:05:58] [TASK_2] [INFO] ------------------------------------------------------------
[2026-06-27 23:05:58] [TASK_2] [INFO] Total: 6 articles across 3 months
[2026-06-27 23:05:58] [TASK_2] [INFO] Average: 2.0 articles/month
[2026-06-27 23:05:58] [TASK_2] [INFO] ============================================================
[2026-06-27 23:05:58] [TASK_2] [INFO] TNCK monthly report: no articles to report.
[2026-06-27 23:05:58] [TASK_2] [INFO] TNCK monthly report: no articles with valid dates.
[2026-06-27 23:05:58] [TASK_2] [INFO] TNCK: searching by VN30 ticker symbols…
[2026-06-27 23:05:58] [TASK_2] [INFO] TNCK search 'ACB': 1 new articles
[2026-06-27 23:05:58] [TASK_2] [INFO] TNCK: scraping category pages…
[2026-06-27 23:05:58] [TASK_2] [INFO] TNCK: collected 1 total articles
[2026-06-27 23:05:58] [TASK_2] [INFO] ============================================================
[2026-06-27 23:05:58] [TASK_2] [INFO] TNCK MONTHLY ARTICLE COUNT REPORT
[2026-06-27 23:05:58] [TASK_2] [INFO] ============================================================
[2026-06-27 23:05:58] [TASK_2] [INFO]   2024-01: 1 articles
[2026-06-27 23:05:58] [TASK_2] [INFO] ------------------------------------------------------------
[2026-06-27 23:05:58] [TASK_2] [INFO] Total: 1 articles across 1 months
[2026-06-27 23:05:58] [TASK_2] [INFO] Average: 1.0 articles/month
[2026-06-27 23:05:58] [TASK_2] [INFO] ============================================================
[2026-06-27 23:05:58] [TASK_2] [INFO] TNCK: searching by VN30 ticker symbols…
[2026-06-27 23:05:58] [TASK_2] [WARNING] Failed to fetch TNCK search page 1 for query 'ACB'. Stopping pagination.
[2026-06-27 23:05:58] [TASK_2] [WARNING] Failed to fetch TNCK search page 1 for query 'BCM'. Stopping pagination.
[2026-06-27 23:05:58] [TASK_2] [WARNING] Failed to fetch TNCK search page 1 for query 'BID'. Stopping pagination.
[2026-06-27 23:05:58] [TASK_2] [WARNING] Failed to fetch TNCK search page 1 for query 'BVH'. Stopping pagination.
[2026-06-27 23:05:58] [TASK_2] [WARNING] Failed to fetch TNCK search page 1 for query 'CTG'. Stopping pagination.
[2026-06-27 23:05:58] [TASK_2] [WARNING] Failed to fetch TNCK search page 1 for query 'FPT'. Stopping pagination.
[2026-06-27 23:05:58] [TASK_2] [WARNING] Failed to fetch TNCK search page 1 for query 'GAS'. Stopping pagination.
[2026-06-27 23:05:58] [TASK_2] [WARNING] Failed to fetch TNCK search page 1 for query 'GVR'. Stopping pagination.
[2026-06-27 23:05:58] [TASK_2] [WARNING] Failed to fetch TNCK search page 1 for query 'HDB'. Stopping pagination.
[2026-06-27 23:05:58] [TASK_2] [WARNING] Failed to fetch TNCK search page 1 for query 'HPG'. Stopping pagination.
[2026-06-27 23:05:58] [TASK_2] [WARNING] Failed to fetch TNCK search page 1 for query 'MBB'. Stopping pagination.
[2026-06-27 23:05:58] [TASK_2] [WARNING] Failed to fetch TNCK search page 1 for query 'MSN'. Stopping pagination.
[2026-06-27 23:05:58] [TASK_2] [WARNING] Failed to fetch TNCK search page 1 for query 'MWG'. Stopping pagination.
[2026-06-27 23:05:58] [TASK_2] [WARNING] Failed to fetch TNCK search page 1 for query 'PLX'. Stopping pagination.
[2026-06-27 23:05:58] [TASK_2] [WARNING] Failed to fetch TNCK search page 1 for query 'POW'. Stopping pagination.
[2026-06-27 23:05:58] [TASK_2] [WARNING] Failed to fetch TNCK search page 1 for query 'SAB'. Stopping pagination.
[2026-06-27 23:05:58] [TASK_2] [WARNING] Failed to fetch TNCK search page 1 for query 'SHB'. Stopping pagination.
[2026-06-27 23:05:58] [TASK_2] [WARNING] Failed to fetch TNCK search page 1 for query 'SSB'. Stopping pagination.
[2026-06-27 23:05:58] [TASK_2] [WARNING] Failed to fetch TNCK search page 1 for query 'SSI'. Stopping pagination.
[2026-06-27 23:05:58] [TASK_2] [WARNING] Failed to fetch TNCK search page 1 for query 'STB'. Stopping pagination.
[2026-06-27 23:05:58] [TASK_2] [WARNING] Failed to fetch TNCK search page 1 for query 'TCB'. Stopping pagination.
[2026-06-27 23:05:58] [TASK_2] [WARNING] Failed to fetch TNCK search page 1 for query 'TPB'. Stopping pagination.
[2026-06-27 23:05:58] [TASK_2] [WARNING] Failed to fetch TNCK search page 1 for query 'VCB'. Stopping pagination.
[2026-06-27 23:05:58] [TASK_2] [WARNING] Failed to fetch TNCK search page 1 for query 'VHM'. Stopping pagination.
[2026-06-27 23:05:58] [TASK_2] [WARNING] Failed to fetch TNCK search page 1 for query 'VIB'. Stopping pagination.
[2026-06-27 23:05:58] [TASK_2] [WARNING] Failed to fetch TNCK search page 1 for query 'VIC'. Stopping pagination.
[2026-06-27 23:05:58] [TASK_2] [WARNING] Failed to fetch TNCK search page 1 for query 'VJC'. Stopping pagination.
[2026-06-27 23:05:58] [TASK_2] [WARNING] Failed to fetch TNCK search page 1 for query 'VNM'. Stopping pagination.
[2026-06-27 23:05:58] [TASK_2] [WARNING] Failed to fetch TNCK search page 1 for query 'VPB'. Stopping pagination.
[2026-06-27 23:05:58] [TASK_2] [WARNING] Failed to fetch TNCK search page 1 for query 'VRE'. Stopping pagination.
[2026-06-27 23:05:58] [TASK_2] [INFO] TNCK: scraping category pages…
[2026-06-27 23:05:58] [TASK_2] [WARNING] Failed to fetch TNCK category page 1: https://tinnhanhchungkhoan.vn/chung-khoan/. Stopping pagination.
[2026-06-27 23:05:58] [TASK_2] [WARNING] Failed to fetch TNCK category page 1: https://tinnhanhchungkhoan.vn/doanh-nghiep/. Stopping pagination.
[2026-06-27 23:05:58] [TASK_2] [WARNING] Failed to fetch TNCK category page 1: https://tinnhanhchungkhoan.vn/ngan-hang/. Stopping pagination.
[2026-06-27 23:05:58] [TASK_2] [WARNING] Failed to fetch TNCK category page 1: https://tinnhanhchungkhoan.vn/bat-dong-san/. Stopping pagination.
[2026-06-27 23:05:58] [TASK_2] [WARNING] Failed to fetch TNCK category page 1: https://tinnhanhchungkhoan.vn/tai-chinh/. Stopping pagination.
[2026-06-27 23:05:58] [TASK_2] [INFO] TNCK: collected 0 total articles
[2026-06-27 23:05:58] [TASK_2] [INFO] TNCK: searching by VN30 ticker symbols…
[2026-06-27 23:05:58] [TASK_2] [INFO] TNCK search 'ACB': 1 new articles
[2026-06-27 23:05:58] [TASK_2] [INFO] TNCK: scraping category pages…
[2026-06-27 23:05:58] [TASK_2] [INFO] TNCK: collected 1 total articles
[2026-06-27 23:05:58] [TASK_2] [INFO] ============================================================
[2026-06-27 23:05:58] [TASK_2] [INFO] TNCK MONTHLY ARTICLE COUNT REPORT
[2026-06-27 23:05:58] [TASK_2] [INFO] ============================================================
[2026-06-27 23:05:58] [TASK_2] [INFO]   2024-01: 1 articles
[2026-06-27 23:05:58] [TASK_2] [INFO] ------------------------------------------------------------
[2026-06-27 23:05:58] [TASK_2] [INFO] Total: 1 articles across 1 months
[2026-06-27 23:05:58] [TASK_2] [INFO] Average: 1.0 articles/month
[2026-06-27 23:05:58] [TASK_2] [INFO] ============================================================
[2026-06-27 23:05:58] [TASK_2] [INFO] TNCK: searching by VN30 ticker symbols…
[2026-06-27 23:05:58] [TASK_2] [INFO] TNCK search 'ACB': 1 new articles
[2026-06-27 23:05:58] [TASK_2] [INFO] TNCK: scraping category pages…
[2026-06-27 23:05:58] [TASK_2] [INFO] TNCK: collected 1 total articles
[2026-06-27 23:05:58] [TASK_2] [INFO] ============================================================
[2026-06-27 23:05:58] [TASK_2] [INFO] TNCK MONTHLY ARTICLE COUNT REPORT
[2026-06-27 23:05:58] [TASK_2] [INFO] ============================================================
[2026-06-27 23:05:58] [TASK_2] [INFO]   2024-01: 1 articles
[2026-06-27 23:05:58] [TASK_2] [INFO] ------------------------------------------------------------
[2026-06-27 23:05:58] [TASK_2] [INFO] Total: 1 articles across 1 months
[2026-06-27 23:05:58] [TASK_2] [INFO] Average: 1.0 articles/month
[2026-06-27 23:05:58] [TASK_2] [INFO] ============================================================
[2026-06-27 23:05:58] [TASK_2] [INFO] Scraping tnck for ticker=ALL from 2022-01-01 (existing URLs: 0)
[2026-06-27 23:05:58] [TASK_2] [WARNING] Failed to parse CafeF page 2 for VNM (URL: https://cafef.vn/thi-truong-chung-khoan/vnm-ctck/trang-2.chn): Simulated HTML parse failure. Skipping page. HTML selectors may need adjustment if page structure changed.
[2026-06-27 23:05:58] [TASK_2] [INFO] CafeF: collected 1 articles for VNM
[2026-06-27 23:05:58] [TASK_2] [INFO] CafeF: collected 2 articles for VNM
[2026-06-27 23:05:58] [TASK_2] [WARNING] Failed to parse Vietstock tag page 2 for VNM (URL: https://vietstock.vn/tag/VNM/page/2): Simulated HTML parse failure. Skipping page. HTML selectors may need adjustment if page structure changed.
[2026-06-27 23:05:58] [TASK_2] [INFO] Vietstock: collected 1 articles for VNM
[2026-06-27 23:05:58] [TASK_2] [INFO] TNCK: searching by VN30 ticker symbols…
[2026-06-27 23:05:58] [TASK_2] [WARNING] Failed to parse TNCK search page 1 for query 'ACB' (URL: https://tinnhanhchungkhoan.vn/tim-kiem/?q=ACB): Simulated HTML parse failure. Skipping page. HTML selectors may need adjustment if page structure changed.
[2026-06-27 23:05:58] [TASK_2] [INFO] TNCK: scraping category pages…
[2026-06-27 23:05:58] [TASK_2] [INFO] TNCK: collected 0 total articles
[2026-06-27 23:05:58] [TASK_2] [INFO] ============================================================
[2026-06-27 23:05:58] [TASK_2] [INFO] SCRAPING REPORT — CAFEF
[2026-06-27 23:05:58] [TASK_2] [INFO] ============================================================
[2026-06-27 23:05:58] [TASK_2] [INFO]   FPT   : 1 articles (2024-02-01 to 2024-02-01)
[2026-06-27 23:05:58] [TASK_2] [INFO]   VNM   : 2 articles (2024-01-10 to 2024-03-15)
[2026-06-27 23:05:58] [TASK_2] [INFO] ------------------------------------------------------------
[2026-06-27 23:05:58] [TASK_2] [INFO] Total articles from CAFEF: 3
[2026-06-27 23:05:58] [TASK_2] [INFO] ============================================================
[2026-06-27 23:05:58] [TASK_2] [INFO] ============================================================
[2026-06-27 23:05:58] [TASK_2] [INFO] SCRAPING REPORT — CAFEF
[2026-06-27 23:05:58] [TASK_2] [INFO] ============================================================
[2026-06-27 23:05:58] [TASK_2] [INFO]   VNM   : 0 articles
[2026-06-27 23:05:58] [TASK_2] [INFO] ------------------------------------------------------------
[2026-06-27 23:05:58] [TASK_2] [INFO] Total articles from CAFEF: 0
[2026-06-27 23:05:58] [TASK_2] [INFO] ============================================================
[2026-06-27 23:05:58] [TASK_2] [INFO] ============================================================
[2026-06-27 23:05:58] [TASK_2] [INFO] SCRAPING REPORT — CAFEF
[2026-06-27 23:05:58] [TASK_2] [INFO] ============================================================
[2026-06-27 23:05:58] [TASK_2] [INFO]   VNM   : 2 articles (no valid dates)
[2026-06-27 23:05:58] [TASK_2] [INFO] ------------------------------------------------------------
[2026-06-27 23:05:58] [TASK_2] [INFO] Total articles from CAFEF: 2
[2026-06-27 23:05:58] [TASK_2] [INFO] ============================================================
[2026-06-27 23:05:58] [TASK_2] [INFO] ============================================================
[2026-06-27 23:05:58] [TASK_2] [INFO] SCRAPING REPORT — CAFEF
[2026-06-27 23:05:58] [TASK_2] [INFO] ============================================================
[2026-06-27 23:05:58] [TASK_2] [INFO]   VNM   : 3 articles (2024-01-10 to 2024-03-15)
[2026-06-27 23:05:58] [TASK_2] [INFO] ------------------------------------------------------------
[2026-06-27 23:05:58] [TASK_2] [INFO] Total articles from CAFEF: 3
[2026-06-27 23:05:58] [TASK_2] [INFO] ============================================================
[2026-06-27 23:05:58] [TASK_2] [INFO] ============================================================
[2026-06-27 23:05:58] [TASK_2] [INFO] SCRAPING REPORT — CAFEF
[2026-06-27 23:05:58] [TASK_2] [INFO] ============================================================
[2026-06-27 23:05:58] [TASK_2] [INFO] ------------------------------------------------------------
[2026-06-27 23:05:58] [TASK_2] [INFO] Total articles from CAFEF: 0
[2026-06-27 23:05:58] [TASK_2] [INFO] ============================================================
[2026-06-27 23:05:58] [TASK_2] [INFO] ============================================================
[2026-06-27 23:05:58] [TASK_2] [INFO] SCRAPING REPORT — CAFEF
[2026-06-27 23:05:58] [TASK_2] [INFO] ============================================================
[2026-06-27 23:05:58] [TASK_2] [INFO]   ACB   : 1 articles (2024-02-01 to 2024-02-01)
[2026-06-27 23:05:58] [TASK_2] [INFO]   FPT   : 1 articles (2024-03-01 to 2024-03-01)
[2026-06-27 23:05:58] [TASK_2] [INFO]   VNM   : 1 articles (2024-01-10 to 2024-01-10)
[2026-06-27 23:05:58] [TASK_2] [INFO] ------------------------------------------------------------
[2026-06-27 23:05:58] [TASK_2] [INFO] Total articles from CAFEF: 3
[2026-06-27 23:05:58] [TASK_2] [INFO] ============================================================
[2026-06-27 23:06:10] [TASK_2] [INFO] ============================================================
[2026-06-27 23:06:10] [TASK_2] [INFO] START TASK_2: News Scraping (CafeF, Vietstock, TNCK)
[2026-06-27 23:06:10] [TASK_2] [INFO] Timestamp: 2026-06-27T23:06:10.402628
[2026-06-27 23:06:10] [TASK_2] [INFO] ============================================================
[2026-06-27 23:06:10] [TASK_2] [INFO] ------------------------------------------------------------
[2026-06-27 23:06:10] [TASK_2] [INFO] END TASK_2 — completed in 0.0 seconds
[2026-06-27 23:06:10] [TASK_2] [INFO] ============================================================
[2026-06-27 23:06:10] [TASK_2] [INFO] ============================================================
[2026-06-27 23:06:10] [TASK_2] [INFO] START TASK_2: News Scraping (CafeF, Vietstock, TNCK)
[2026-06-27 23:06:10] [TASK_2] [INFO] Timestamp: 2026-06-27T23:06:10.430732
[2026-06-27 23:06:10] [TASK_2] [INFO] ============================================================
[2026-06-27 23:06:10] [TASK_2] [INFO] ------------------------------------------------------------
[2026-06-27 23:06:10] [TASK_2] [INFO] END TASK_2 — completed in 0.0 seconds
[2026-06-27 23:06:10] [TASK_2] [INFO] ============================================================
[2026-06-27 23:06:20] [TASK_2] [WARNING] Request failed for https://cafef.vn/test (attempt 1/3): Connection refused
[2026-06-27 23:06:20] [TASK_2] [INFO] Retrying in 1s…
[2026-06-27 23:06:20] [TASK_2] [WARNING] Request failed for https://cafef.vn/test (attempt 2/3): Connection refused
[2026-06-27 23:06:20] [TASK_2] [INFO] Retrying in 2s…
[2026-06-27 23:06:20] [TASK_2] [WARNING] Request failed for https://cafef.vn/test (attempt 3/3): Connection refused
[2026-06-27 23:06:20] [TASK_2] [ERROR] All 3 attempts failed for https://cafef.vn/test. Skipping.
[2026-06-27 23:06:21] [TASK_2] [WARNING] Request failed for https://cafef.vn/test (attempt 1/3): timeout
[2026-06-27 23:06:21] [TASK_2] [INFO] Retrying in 1s…
[2026-06-27 23:06:21] [TASK_2] [WARNING] Request failed for https://cafef.vn/test (attempt 1/3): 503 Service Unavailable
[2026-06-27 23:06:21] [TASK_2] [INFO] Retrying in 1s…
[2026-06-27 23:06:21] [TASK_2] [WARNING] Request failed for https://cafef.vn/test (attempt 2/3): 503 Service Unavailable
[2026-06-27 23:06:21] [TASK_2] [INFO] Retrying in 2s…
[2026-06-27 23:06:21] [TASK_2] [WARNING] Request failed for https://cafef.vn/test (attempt 3/3): 503 Service Unavailable
[2026-06-27 23:06:21] [TASK_2] [ERROR] All 3 attempts failed for https://cafef.vn/test. Skipping.
[2026-06-27 23:06:21] [TASK_2] [WARNING] Missing required fields in article: https://cafef.vn/test.chn
[2026-06-27 23:06:21] [TASK_2] [WARNING] Missing required fields in article: ?
[2026-06-27 23:06:21] [TASK_2] [WARNING] Missing required fields in article: https://cafef.vn/test.chn
[2026-06-27 23:06:21] [TASK_2] [INFO] Saved 1 rows to C:\Users\User\AppData\Local\Temp\pytest-of-User\pytest-116\test_writes_csv_correctly0\output.csv
[2026-06-27 23:06:21] [TASK_2] [INFO] Saved 1 rows to C:\Users\User\AppData\Local\Temp\pytest-of-User\pytest-116\test_no_temp_file_left_behind0\output.csv
[2026-06-27 23:06:21] [TASK_2] [INFO] Saved 1 rows to C:\Users\User\AppData\Local\Temp\pytest-of-User\pytest-116\test_creates_parent_directorie0\sub\dir\output.csv
[2026-06-27 23:06:21] [TASK_2] [WARNING] Could not parse CafeF date: not a date
[2026-06-27 23:06:21] [TASK_2] [INFO] CafeF: collected 2 articles for VNM
[2026-06-27 23:06:21] [TASK_2] [INFO] CafeF: collected 0 articles for VNM
[2026-06-27 23:06:21] [TASK_2] [WARNING] Failed to fetch CafeF page 1 for VNM. Stopping pagination.
[2026-06-27 23:06:21] [TASK_2] [INFO] CafeF: collected 0 articles for VNM
[2026-06-27 23:06:21] [TASK_2] [INFO] CafeF: collected 1 articles for VNM
[2026-06-27 23:06:21] [TASK_2] [INFO] CafeF: collected 2 articles for FPT
[2026-06-27 23:06:21] [TASK_2] [WARNING] Failed to fetch CafeF page 1 for VNM. Stopping pagination.
[2026-06-27 23:06:21] [TASK_2] [INFO] CafeF: collected 0 articles for VNM
[2026-06-27 23:06:21] [TASK_2] [INFO] Scraping cafef for ticker=VNM from 2022-01-01 (existing URLs: 0)
[2026-06-27 23:06:21] [TASK_2] [WARNING] Could not parse Vietstock date: 2 giờ trước
[2026-06-27 23:06:21] [TASK_2] [INFO] Vietstock: login wall detected — collecting only publicly visible title and summary (Req 2.3).
[2026-06-27 23:06:21] [TASK_2] [INFO] Vietstock: collected 2 articles for VNM
[2026-06-27 23:06:21] [TASK_2] [INFO] Vietstock tag page yielded no articles for VNM. Trying finance sub-domain fallback.
[2026-06-27 23:06:21] [TASK_2] [INFO] Vietstock: collected 0 articles for VNM
[2026-06-27 23:06:21] [TASK_2] [WARNING] Failed to fetch Vietstock tag page 1 for VNM. Stopping pagination.
[2026-06-27 23:06:21] [TASK_2] [INFO] Vietstock tag page yielded no articles for VNM. Trying finance sub-domain fallback.
[2026-06-27 23:06:21] [TASK_2] [INFO] Vietstock: collected 0 articles for VNM
[2026-06-27 23:06:21] [TASK_2] [INFO] Vietstock: collected 1 articles for VNM
[2026-06-27 23:06:21] [TASK_2] [INFO] Vietstock tag page yielded no articles for FPT. Trying finance sub-domain fallback.
[2026-06-27 23:06:21] [TASK_2] [INFO] Vietstock: collected 1 articles for FPT
[2026-06-27 23:06:21] [TASK_2] [WARNING] Failed to fetch Vietstock tag page 1 for VNM. Stopping pagination.
[2026-06-27 23:06:21] [TASK_2] [INFO] Vietstock tag page yielded no articles for VNM. Trying finance sub-domain fallback.
[2026-06-27 23:06:21] [TASK_2] [INFO] Vietstock: collected 0 articles for VNM
[2026-06-27 23:06:21] [TASK_2] [INFO] Vietstock: collected 2 articles for FPT
[2026-06-27 23:06:21] [TASK_2] [INFO] Scraping vietstock for ticker=VNM from 2022-01-01 (existing URLs: 0)
[2026-06-27 23:06:21] [TASK_2] [WARNING] Could not parse TNCK date: 2 giờ trước
[2026-06-27 23:06:21] [TASK_2] [INFO] ============================================================
[2026-06-27 23:06:21] [TASK_2] [INFO] TNCK MONTHLY ARTICLE COUNT REPORT
[2026-06-27 23:06:21] [TASK_2] [INFO] ============================================================
[2026-06-27 23:06:21] [TASK_2] [INFO]   2024-01: 3 articles
[2026-06-27 23:06:21] [TASK_2] [INFO]   2024-02: 2 articles
[2026-06-27 23:06:21] [TASK_2] [INFO]   2024-03: 1 articles
[2026-06-27 23:06:21] [TASK_2] [INFO] ------------------------------------------------------------
[2026-06-27 23:06:21] [TASK_2] [INFO] Total: 6 articles across 3 months
[2026-06-27 23:06:21] [TASK_2] [INFO] Average: 2.0 articles/month
[2026-06-27 23:06:21] [TASK_2] [INFO] ============================================================
[2026-06-27 23:06:21] [TASK_2] [INFO] TNCK monthly report: no articles to report.
[2026-06-27 23:06:21] [TASK_2] [INFO] TNCK monthly report: no articles with valid dates.
[2026-06-27 23:06:21] [TASK_2] [INFO] TNCK: searching by VN30 ticker symbols…
[2026-06-27 23:06:21] [TASK_2] [INFO] TNCK search 'ACB': 1 new articles
[2026-06-27 23:06:21] [TASK_2] [INFO] TNCK: scraping category pages…
[2026-06-27 23:06:21] [TASK_2] [INFO] TNCK: collected 1 total articles
[2026-06-27 23:06:21] [TASK_2] [INFO] ============================================================
[2026-06-27 23:06:21] [TASK_2] [INFO] TNCK MONTHLY ARTICLE COUNT REPORT
[2026-06-27 23:06:21] [TASK_2] [INFO] ============================================================
[2026-06-27 23:06:21] [TASK_2] [INFO]   2024-01: 1 articles
[2026-06-27 23:06:21] [TASK_2] [INFO] ------------------------------------------------------------
[2026-06-27 23:06:21] [TASK_2] [INFO] Total: 1 articles across 1 months
[2026-06-27 23:06:21] [TASK_2] [INFO] Average: 1.0 articles/month
[2026-06-27 23:06:21] [TASK_2] [INFO] ============================================================
[2026-06-27 23:06:21] [TASK_2] [INFO] TNCK: searching by VN30 ticker symbols…
[2026-06-27 23:06:21] [TASK_2] [WARNING] Failed to fetch TNCK search page 1 for query 'ACB'. Stopping pagination.
[2026-06-27 23:06:21] [TASK_2] [WARNING] Failed to fetch TNCK search page 1 for query 'BCM'. Stopping pagination.
[2026-06-27 23:06:21] [TASK_2] [WARNING] Failed to fetch TNCK search page 1 for query 'BID'. Stopping pagination.
[2026-06-27 23:06:21] [TASK_2] [WARNING] Failed to fetch TNCK search page 1 for query 'BVH'. Stopping pagination.
[2026-06-27 23:06:21] [TASK_2] [WARNING] Failed to fetch TNCK search page 1 for query 'CTG'. Stopping pagination.
[2026-06-27 23:06:21] [TASK_2] [WARNING] Failed to fetch TNCK search page 1 for query 'FPT'. Stopping pagination.
[2026-06-27 23:06:21] [TASK_2] [WARNING] Failed to fetch TNCK search page 1 for query 'GAS'. Stopping pagination.
[2026-06-27 23:06:21] [TASK_2] [WARNING] Failed to fetch TNCK search page 1 for query 'GVR'. Stopping pagination.
[2026-06-27 23:06:21] [TASK_2] [WARNING] Failed to fetch TNCK search page 1 for query 'HDB'. Stopping pagination.
[2026-06-27 23:06:21] [TASK_2] [WARNING] Failed to fetch TNCK search page 1 for query 'HPG'. Stopping pagination.
[2026-06-27 23:06:21] [TASK_2] [WARNING] Failed to fetch TNCK search page 1 for query 'MBB'. Stopping pagination.
[2026-06-27 23:06:21] [TASK_2] [WARNING] Failed to fetch TNCK search page 1 for query 'MSN'. Stopping pagination.
[2026-06-27 23:06:21] [TASK_2] [WARNING] Failed to fetch TNCK search page 1 for query 'MWG'. Stopping pagination.
[2026-06-27 23:06:21] [TASK_2] [WARNING] Failed to fetch TNCK search page 1 for query 'PLX'. Stopping pagination.
[2026-06-27 23:06:21] [TASK_2] [WARNING] Failed to fetch TNCK search page 1 for query 'POW'. Stopping pagination.
[2026-06-27 23:06:21] [TASK_2] [WARNING] Failed to fetch TNCK search page 1 for query 'SAB'. Stopping pagination.
[2026-06-27 23:06:21] [TASK_2] [WARNING] Failed to fetch TNCK search page 1 for query 'SHB'. Stopping pagination.
[2026-06-27 23:06:21] [TASK_2] [WARNING] Failed to fetch TNCK search page 1 for query 'SSB'. Stopping pagination.
[2026-06-27 23:06:21] [TASK_2] [WARNING] Failed to fetch TNCK search page 1 for query 'SSI'. Stopping pagination.
[2026-06-27 23:06:21] [TASK_2] [WARNING] Failed to fetch TNCK search page 1 for query 'STB'. Stopping pagination.
[2026-06-27 23:06:21] [TASK_2] [WARNING] Failed to fetch TNCK search page 1 for query 'TCB'. Stopping pagination.
[2026-06-27 23:06:21] [TASK_2] [WARNING] Failed to fetch TNCK search page 1 for query 'TPB'. Stopping pagination.
[2026-06-27 23:06:21] [TASK_2] [WARNING] Failed to fetch TNCK search page 1 for query 'VCB'. Stopping pagination.
[2026-06-27 23:06:21] [TASK_2] [WARNING] Failed to fetch TNCK search page 1 for query 'VHM'. Stopping pagination.
[2026-06-27 23:06:21] [TASK_2] [WARNING] Failed to fetch TNCK search page 1 for query 'VIB'. Stopping pagination.
[2026-06-27 23:06:21] [TASK_2] [WARNING] Failed to fetch TNCK search page 1 for query 'VIC'. Stopping pagination.
[2026-06-27 23:06:21] [TASK_2] [WARNING] Failed to fetch TNCK search page 1 for query 'VJC'. Stopping pagination.
[2026-06-27 23:06:21] [TASK_2] [WARNING] Failed to fetch TNCK search page 1 for query 'VNM'. Stopping pagination.
[2026-06-27 23:06:21] [TASK_2] [WARNING] Failed to fetch TNCK search page 1 for query 'VPB'. Stopping pagination.
[2026-06-27 23:06:21] [TASK_2] [WARNING] Failed to fetch TNCK search page 1 for query 'VRE'. Stopping pagination.
[2026-06-27 23:06:21] [TASK_2] [INFO] TNCK: scraping category pages…
[2026-06-27 23:06:21] [TASK_2] [WARNING] Failed to fetch TNCK category page 1: https://tinnhanhchungkhoan.vn/chung-khoan/. Stopping pagination.
[2026-06-27 23:06:21] [TASK_2] [WARNING] Failed to fetch TNCK category page 1: https://tinnhanhchungkhoan.vn/doanh-nghiep/. Stopping pagination.
[2026-06-27 23:06:21] [TASK_2] [WARNING] Failed to fetch TNCK category page 1: https://tinnhanhchungkhoan.vn/ngan-hang/. Stopping pagination.
[2026-06-27 23:06:21] [TASK_2] [WARNING] Failed to fetch TNCK category page 1: https://tinnhanhchungkhoan.vn/bat-dong-san/. Stopping pagination.
[2026-06-27 23:06:21] [TASK_2] [WARNING] Failed to fetch TNCK category page 1: https://tinnhanhchungkhoan.vn/tai-chinh/. Stopping pagination.
[2026-06-27 23:06:21] [TASK_2] [INFO] TNCK: collected 0 total articles
[2026-06-27 23:06:21] [TASK_2] [INFO] TNCK: searching by VN30 ticker symbols…
[2026-06-27 23:06:21] [TASK_2] [INFO] TNCK search 'ACB': 1 new articles
[2026-06-27 23:06:21] [TASK_2] [INFO] TNCK: scraping category pages…
[2026-06-27 23:06:21] [TASK_2] [INFO] TNCK: collected 1 total articles
[2026-06-27 23:06:21] [TASK_2] [INFO] ============================================================
[2026-06-27 23:06:21] [TASK_2] [INFO] TNCK MONTHLY ARTICLE COUNT REPORT
[2026-06-27 23:06:21] [TASK_2] [INFO] ============================================================
[2026-06-27 23:06:21] [TASK_2] [INFO]   2024-01: 1 articles
[2026-06-27 23:06:21] [TASK_2] [INFO] ------------------------------------------------------------
[2026-06-27 23:06:21] [TASK_2] [INFO] Total: 1 articles across 1 months
[2026-06-27 23:06:21] [TASK_2] [INFO] Average: 1.0 articles/month
[2026-06-27 23:06:21] [TASK_2] [INFO] ============================================================
[2026-06-27 23:06:21] [TASK_2] [INFO] TNCK: searching by VN30 ticker symbols…
[2026-06-27 23:06:21] [TASK_2] [INFO] TNCK search 'ACB': 1 new articles
[2026-06-27 23:06:21] [TASK_2] [INFO] TNCK: scraping category pages…
[2026-06-27 23:06:21] [TASK_2] [INFO] TNCK: collected 1 total articles
[2026-06-27 23:06:21] [TASK_2] [INFO] ============================================================
[2026-06-27 23:06:21] [TASK_2] [INFO] TNCK MONTHLY ARTICLE COUNT REPORT
[2026-06-27 23:06:21] [TASK_2] [INFO] ============================================================
[2026-06-27 23:06:21] [TASK_2] [INFO]   2024-01: 1 articles
[2026-06-27 23:06:21] [TASK_2] [INFO] ------------------------------------------------------------
[2026-06-27 23:06:21] [TASK_2] [INFO] Total: 1 articles across 1 months
[2026-06-27 23:06:21] [TASK_2] [INFO] Average: 1.0 articles/month
[2026-06-27 23:06:21] [TASK_2] [INFO] ============================================================
[2026-06-27 23:06:21] [TASK_2] [INFO] Scraping tnck for ticker=ALL from 2022-01-01 (existing URLs: 0)
[2026-06-27 23:06:21] [TASK_2] [WARNING] Failed to parse CafeF page 2 for VNM (URL: https://cafef.vn/thi-truong-chung-khoan/vnm-ctck/trang-2.chn): Simulated HTML parse failure. Skipping page. HTML selectors may need adjustment if page structure changed.
[2026-06-27 23:06:21] [TASK_2] [INFO] CafeF: collected 1 articles for VNM
[2026-06-27 23:06:21] [TASK_2] [INFO] CafeF: collected 2 articles for VNM
[2026-06-27 23:06:21] [TASK_2] [WARNING] Failed to parse Vietstock tag page 2 for VNM (URL: https://vietstock.vn/tag/VNM/page/2): Simulated HTML parse failure. Skipping page. HTML selectors may need adjustment if page structure changed.
[2026-06-27 23:06:21] [TASK_2] [INFO] Vietstock: collected 1 articles for VNM
[2026-06-27 23:06:21] [TASK_2] [INFO] TNCK: searching by VN30 ticker symbols…
[2026-06-27 23:06:21] [TASK_2] [WARNING] Failed to parse TNCK search page 1 for query 'ACB' (URL: https://tinnhanhchungkhoan.vn/tim-kiem/?q=ACB): Simulated HTML parse failure. Skipping page. HTML selectors may need adjustment if page structure changed.
[2026-06-27 23:06:21] [TASK_2] [INFO] TNCK: scraping category pages…
[2026-06-27 23:06:21] [TASK_2] [INFO] TNCK: collected 0 total articles
[2026-06-27 23:06:21] [TASK_2] [INFO] ============================================================
[2026-06-27 23:06:21] [TASK_2] [INFO] SCRAPING REPORT — CAFEF
[2026-06-27 23:06:21] [TASK_2] [INFO] ============================================================
[2026-06-27 23:06:21] [TASK_2] [INFO]   FPT   : 1 articles (2024-02-01 to 2024-02-01)
[2026-06-27 23:06:21] [TASK_2] [INFO]   VNM   : 2 articles (2024-01-10 to 2024-03-15)
[2026-06-27 23:06:21] [TASK_2] [INFO] ------------------------------------------------------------
[2026-06-27 23:06:21] [TASK_2] [INFO] Total articles from CAFEF: 3
[2026-06-27 23:06:21] [TASK_2] [INFO] ============================================================
[2026-06-27 23:06:21] [TASK_2] [INFO] ============================================================
[2026-06-27 23:06:21] [TASK_2] [INFO] SCRAPING REPORT — CAFEF
[2026-06-27 23:06:21] [TASK_2] [INFO] ============================================================
[2026-06-27 23:06:21] [TASK_2] [INFO]   VNM   : 0 articles
[2026-06-27 23:06:21] [TASK_2] [INFO] ------------------------------------------------------------
[2026-06-27 23:06:21] [TASK_2] [INFO] Total articles from CAFEF: 0
[2026-06-27 23:06:21] [TASK_2] [INFO] ============================================================
[2026-06-27 23:06:21] [TASK_2] [INFO] ============================================================
[2026-06-27 23:06:21] [TASK_2] [INFO] SCRAPING REPORT — CAFEF
[2026-06-27 23:06:21] [TASK_2] [INFO] ============================================================
[2026-06-27 23:06:21] [TASK_2] [INFO]   VNM   : 2 articles (no valid dates)
[2026-06-27 23:06:21] [TASK_2] [INFO] ------------------------------------------------------------
[2026-06-27 23:06:21] [TASK_2] [INFO] Total articles from CAFEF: 2
[2026-06-27 23:06:21] [TASK_2] [INFO] ============================================================
[2026-06-27 23:06:21] [TASK_2] [INFO] ============================================================
[2026-06-27 23:06:21] [TASK_2] [INFO] SCRAPING REPORT — CAFEF
[2026-06-27 23:06:21] [TASK_2] [INFO] ============================================================
[2026-06-27 23:06:21] [TASK_2] [INFO]   VNM   : 3 articles (2024-01-10 to 2024-03-15)
[2026-06-27 23:06:21] [TASK_2] [INFO] ------------------------------------------------------------
[2026-06-27 23:06:21] [TASK_2] [INFO] Total articles from CAFEF: 3
[2026-06-27 23:06:21] [TASK_2] [INFO] ============================================================
[2026-06-27 23:06:21] [TASK_2] [INFO] ============================================================
[2026-06-27 23:06:21] [TASK_2] [INFO] SCRAPING REPORT — CAFEF
[2026-06-27 23:06:21] [TASK_2] [INFO] ============================================================
[2026-06-27 23:06:21] [TASK_2] [INFO] ------------------------------------------------------------
[2026-06-27 23:06:21] [TASK_2] [INFO] Total articles from CAFEF: 0
[2026-06-27 23:06:21] [TASK_2] [INFO] ============================================================
[2026-06-27 23:06:21] [TASK_2] [INFO] ============================================================
[2026-06-27 23:06:21] [TASK_2] [INFO] SCRAPING REPORT — CAFEF
[2026-06-27 23:06:21] [TASK_2] [INFO] ============================================================
[2026-06-27 23:06:21] [TASK_2] [INFO]   ACB   : 1 articles (2024-02-01 to 2024-02-01)
[2026-06-27 23:06:21] [TASK_2] [INFO]   FPT   : 1 articles (2024-03-01 to 2024-03-01)
[2026-06-27 23:06:21] [TASK_2] [INFO]   VNM   : 1 articles (2024-01-10 to 2024-01-10)
[2026-06-27 23:06:21] [TASK_2] [INFO] ------------------------------------------------------------
[2026-06-27 23:06:21] [TASK_2] [INFO] Total articles from CAFEF: 3
[2026-06-27 23:06:21] [TASK_2] [INFO] ============================================================
[2026-06-27 23:10:10] [TASK_2] [INFO] ============================================================
[2026-06-27 23:10:10] [TASK_2] [INFO] START TASK_2: News Scraping (CafeF, Vietstock, TNCK)
[2026-06-27 23:10:10] [TASK_2] [INFO] Timestamp: 2026-06-27T23:10:10.496717
[2026-06-27 23:10:10] [TASK_2] [INFO] ============================================================
[2026-06-27 23:10:10] [TASK_2] [INFO] Scraping cafef for ticker=VNM from 2022-01-01 (existing URLs: 0)
[2026-06-27 23:10:10] [TASK_2] [WARNING] Request failed for https://cafef.vn/thi-truong-chung-khoan/vnm-ctck.chn (attempt 1/3): 404 Client Error: Not Found for url: https://cafef.vn/thi-truong-chung-khoan/vnm-ctck.chn
[2026-06-27 23:10:10] [TASK_2] [INFO] Retrying in 1s…
[2026-06-27 23:10:11] [TASK_2] [WARNING] Request failed for https://cafef.vn/thi-truong-chung-khoan/vnm-ctck.chn (attempt 2/3): 404 Client Error: Not Found for url: https://cafef.vn/thi-truong-chung-khoan/vnm-ctck.chn
[2026-06-27 23:10:11] [TASK_2] [INFO] Retrying in 2s…
[2026-06-27 23:10:14] [TASK_2] [WARNING] Request failed for https://cafef.vn/thi-truong-chung-khoan/vnm-ctck.chn (attempt 3/3): 404 Client Error: Not Found for url: https://cafef.vn/thi-truong-chung-khoan/vnm-ctck.chn
[2026-06-27 23:10:14] [TASK_2] [ERROR] All 3 attempts failed for https://cafef.vn/thi-truong-chung-khoan/vnm-ctck.chn. Skipping.
[2026-06-27 23:10:14] [TASK_2] [WARNING] Failed to fetch CafeF page 1 for VNM. Stopping pagination.
[2026-06-27 23:10:14] [TASK_2] [INFO] CafeF: collected 0 articles for VNM
[2026-06-27 23:10:14] [TASK_2] [INFO] Scraping cafef for ticker=VCB from 2022-01-01 (existing URLs: 0)
[2026-06-27 23:10:14] [TASK_2] [WARNING] Request failed for https://cafef.vn/thi-truong-chung-khoan/vcb-ctck.chn (attempt 1/3): 404 Client Error: Not Found for url: https://cafef.vn/thi-truong-chung-khoan/vcb-ctck.chn
[2026-06-27 23:10:14] [TASK_2] [INFO] Retrying in 1s…
[2026-06-27 23:10:15] [TASK_2] [WARNING] Request failed for https://cafef.vn/thi-truong-chung-khoan/vcb-ctck.chn (attempt 2/3): 404 Client Error: Not Found for url: https://cafef.vn/thi-truong-chung-khoan/vcb-ctck.chn
[2026-06-27 23:10:15] [TASK_2] [INFO] Retrying in 2s…
[2026-06-27 23:10:17] [TASK_2] [WARNING] Request failed for https://cafef.vn/thi-truong-chung-khoan/vcb-ctck.chn (attempt 3/3): 404 Client Error: Not Found for url: https://cafef.vn/thi-truong-chung-khoan/vcb-ctck.chn
[2026-06-27 23:10:17] [TASK_2] [ERROR] All 3 attempts failed for https://cafef.vn/thi-truong-chung-khoan/vcb-ctck.chn. Skipping.
[2026-06-27 23:10:17] [TASK_2] [WARNING] Failed to fetch CafeF page 1 for VCB. Stopping pagination.
[2026-06-27 23:10:17] [TASK_2] [INFO] CafeF: collected 0 articles for VCB
[2026-06-27 23:10:17] [TASK_2] [INFO] Scraping cafef for ticker=FPT from 2022-01-01 (existing URLs: 0)
[2026-06-27 23:10:18] [TASK_2] [WARNING] Request failed for https://cafef.vn/thi-truong-chung-khoan/fpt-ctck.chn (attempt 1/3): 404 Client Error: Not Found for url: https://cafef.vn/thi-truong-chung-khoan/fpt-ctck.chn
[2026-06-27 23:10:18] [TASK_2] [INFO] Retrying in 1s…
[2026-06-27 23:10:19] [TASK_2] [WARNING] Request failed for https://cafef.vn/thi-truong-chung-khoan/fpt-ctck.chn (attempt 2/3): 404 Client Error: Not Found for url: https://cafef.vn/thi-truong-chung-khoan/fpt-ctck.chn
[2026-06-27 23:10:19] [TASK_2] [INFO] Retrying in 2s…
[2026-06-27 23:10:21] [TASK_2] [WARNING] Request failed for https://cafef.vn/thi-truong-chung-khoan/fpt-ctck.chn (attempt 3/3): 404 Client Error: Not Found for url: https://cafef.vn/thi-truong-chung-khoan/fpt-ctck.chn
[2026-06-27 23:10:21] [TASK_2] [ERROR] All 3 attempts failed for https://cafef.vn/thi-truong-chung-khoan/fpt-ctck.chn. Skipping.
[2026-06-27 23:10:21] [TASK_2] [WARNING] Failed to fetch CafeF page 1 for FPT. Stopping pagination.
[2026-06-27 23:10:21] [TASK_2] [INFO] CafeF: collected 0 articles for FPT
[2026-06-27 23:10:21] [TASK_2] [INFO] ============================================================
[2026-06-27 23:10:21] [TASK_2] [INFO] SCRAPING REPORT — CAFEF
[2026-06-27 23:10:21] [TASK_2] [INFO] ============================================================
[2026-06-27 23:10:21] [TASK_2] [INFO]   FPT   : 0 articles
[2026-06-27 23:10:21] [TASK_2] [INFO]   VCB   : 0 articles
[2026-06-27 23:10:21] [TASK_2] [INFO]   VNM   : 0 articles
[2026-06-27 23:10:21] [TASK_2] [INFO] ------------------------------------------------------------
[2026-06-27 23:10:21] [TASK_2] [INFO] Total articles from CAFEF: 0
[2026-06-27 23:10:21] [TASK_2] [INFO] ============================================================
[2026-06-27 23:10:21] [TASK_2] [INFO] Scraping vietstock for ticker=VNM from 2022-01-01 (existing URLs: 0)
[2026-06-27 23:10:22] [TASK_2] [WARNING] Missing required fields in article: https://vietstock.vn/chu-de/1-2/moi-cap-nhat.htm
[2026-06-27 23:10:22] [TASK_2] [WARNING] Missing required fields in article: https://vietstock.vn/chung-khoan.htm
[2026-06-27 23:10:22] [TASK_2] [WARNING] Missing required fields in article: https://vietstock.vn/chung-khoan/co-phieu.htm
[2026-06-27 23:10:22] [TASK_2] [WARNING] Missing required fields in article: https://vietstock.vn/chung-khoan/giao-dich-noi-bo.htm
[2026-06-27 23:10:22] [TASK_2] [WARNING] Missing required fields in article: https://vietstock.vn/chung-khoan/niem-yet.htm
[2026-06-27 23:10:22] [TASK_2] [WARNING] Missing required fields in article: https://vietstock.vn/chung-khoan/etf-va-cac-quy.htm
[2026-06-27 23:10:22] [TASK_2] [WARNING] Missing required fields in article: https://vietstock.vn/chung-khoan/chung-khoan-phai-sinh.htm
[2026-06-27 23:10:22] [TASK_2] [WARNING] Missing required fields in article: https://vietstock.vn/chung-khoan/chung-quyen.htm
[2026-06-27 23:10:22] [TASK_2] [WARNING] Missing required fields in article: https://vietstock.vn/chung-khoan/y-kien-chuyen-gia.htm
[2026-06-27 23:10:22] [TASK_2] [WARNING] Missing required fields in article: https://vietstock.vn/chung-khoan/cau-chuyen-dau-tu.htm
[2026-06-27 23:10:22] [TASK_2] [WARNING] Missing required fields in article: https://vietstock.vn/chung-khoan/chinh-sach.htm
[2026-06-27 23:10:22] [TASK_2] [WARNING] Missing required fields in article: https://vietstock.vn/chung-khoan/thi-truong-trai-phieu.htm
[2026-06-27 23:10:22] [TASK_2] [WARNING] Missing required fields in article: https://vietstock.vn/doanh-nghiep.htm
[2026-06-27 23:10:22] [TASK_2] [WARNING] Missing required fields in article: https://vietstock.vn/doanh-nghiep/hoat-dong-kinh-doanh.htm
[2026-06-27 23:10:22] [TASK_2] [WARNING] Missing required fields in article: https://vietstock.vn/doanh-nghiep/co-tuc.htm
[2026-06-27 23:10:22] [TASK_2] [WARNING] Missing required fields in article: https://vietstock.vn/doanh-nghiep/tang-von-m-a.htm
[2026-06-27 23:10:22] [TASK_2] [WARNING] Missing required fields in article: https://vietstock.vn/doanh-nghiep/ipo-co-phan-hoa.htm
[2026-06-27 23:10:22] [TASK_2] [WARNING] Missing required fields in article: https://vietstock.vn/doanh-nghiep/nhan-vat.htm
[2026-06-27 23:10:22] [TASK_2] [WARNING] Missing required fields in article: https://vietstock.vn/doanh-nghiep/trai-phieu-doanh-nghiep.htm
[2026-06-27 23:10:22] [TASK_2] [WARNING] Missing required fields in article: https://vietstock.vn/bat-dong-san.htm
[2026-06-27 23:10:22] [TASK_2] [WARNING] Missing required fields in article: https://vietstock.vn/bat-dong-san/thi-truong-nha-dat.htm
[2026-06-27 23:10:22] [TASK_2] [WARNING] Missing required fields in article: https://vietstock.vn/bat-dong-san/quy-hoach-ha-tang.htm
[2026-06-27 23:10:22] [TASK_2] [WARNING] Missing required fields in article: https://vietstock.vn/bat-dong-san/du-an.htm
[2026-06-27 23:10:22] [TASK_2] [WARNING] Missing required fields in article: https://vietstock.vn/bat-dong-san/bao-hiem-va-thue-nha-dat.htm
[2026-06-27 23:10:22] [TASK_2] [WARNING] Missing required fields in article: https://vietstock.vn/tai-chinh.htm
[2026-06-27 23:10:22] [TASK_2] [WARNING] Missing required fields in article: https://vietstock.vn/tai-chinh/ngan-hang.htm
[2026-06-27 23:10:22] [TASK_2] [WARNING] Missing required fields in article: https://vietstock.vn/tai-chinh/bao-hiem.htm
[2026-06-27 23:10:22] [TASK_2] [WARNING] Missing required fields in article: https://vietstock.vn/tai-chinh/thue-va-ngan-sach.htm
[2026-06-27 23:10:22] [TASK_2] [WARNING] Missing required fields in article: https://vietstock.vn/tai-chinh/tai-san-so.htm
[2026-06-27 23:10:22] [TASK_2] [WARNING] Missing required fields in article: https://vietstock.vn/hang-hoa.htm
[2026-06-27 23:10:22] [TASK_2] [WARNING] Missing required fields in article: https://vietstock.vn/hang-hoa/vang-va-kim-loai-quy.htm
[2026-06-27 23:10:22] [TASK_2] [WARNING] Missing required fields in article: https://vietstock.vn/hang-hoa/nhien-lieu.htm
[2026-06-27 23:10:22] [TASK_2] [WARNING] Missing required fields in article: https://vietstock.vn/hang-hoa/kim-loai.htm
[2026-06-27 23:10:22] [TASK_2] [WARNING] Missing required fields in article: https://vietstock.vn/hang-hoa/nong-san-thuc-pham.htm
[2026-06-27 23:10:22] [TASK_2] [WARNING] Missing required fields in article: https://vietstock.vn/kinh-te.htm
[2026-06-27 23:10:22] [TASK_2] [WARNING] Missing required fields in article: https://vietstock.vn/kinh-te/vi-mo.htm
[2026-06-27 23:10:22] [TASK_2] [WARNING] Missing required fields in article: https://vietstock.vn/kinh-te/kinh-te-dau-tu.htm
[2026-06-27 23:10:22] [TASK_2] [WARNING] Missing required fields in article: https://vietstock.vn/the-gioi.htm
[2026-06-27 23:10:22] [TASK_2] [WARNING] Missing required fields in article: https://vietstock.vn/the-gioi/chung-khoan-the-gioi.htm
[2026-06-27 23:10:22] [TASK_2] [WARNING] Missing required fields in article: https://vietstock.vn/the-gioi/tien-ky-thuat-so.htm
[2026-06-27 23:10:22] [TASK_2] [WARNING] Missing required fields in article: https://vietstock.vn/the-gioi/tai-chinh-quoc-te.htm
[2026-06-27 23:10:22] [TASK_2] [WARNING] Missing required fields in article: https://vietstock.vn/the-gioi/kinh-te-nganh.htm
[2026-06-27 23:10:22] [TASK_2] [WARNING] Missing required fields in article: https://vietstock.vn/tai-chinh-ca-nhan.htm
[2026-06-27 23:10:22] [TASK_2] [WARNING] Missing required fields in article: https://vietstock.vn/tai-chinh-ca-nhan/lam-chu-dong-tien.htm
[2026-06-27 23:10:22] [TASK_2] [WARNING] Missing required fields in article: https://vietstock.vn/tai-chinh-ca-nhan/dau-tu-kinh-doanh-nho.htm
[2026-06-27 23:10:22] [TASK_2] [WARNING] Missing required fields in article: https://vietstock.vn/tai-chinh-ca-nhan/doanh-nhan-va-khoi-nghiep.htm
[2026-06-27 23:10:22] [TASK_2] [WARNING] Missing required fields in article: https://vietstock.vn/tai-chinh-ca-nhan/choi-sang.htm
[2026-06-27 23:10:22] [TASK_2] [WARNING] Missing required fields in article: https://vietstock.vn/tai-chinh-ca-nhan/xe-cong-nghe.htm
[2026-06-27 23:10:22] [TASK_2] [WARNING] Missing required fields in article: https://vietstock.vn/tai-chinh-ca-nhan/tieu-dung-va-cuoc-song.htm
[2026-06-27 23:10:22] [TASK_2] [WARNING] Missing required fields in article: https://vietstock.vn/tai-chinh-ca-nhan/vi-cong-dong.htm
[2026-06-27 23:10:22] [TASK_2] [WARNING] Missing required fields in article: https://vietstock.vn/nhan-dinh-phan-tich.htm
[2026-06-27 23:10:22] [TASK_2] [WARNING] Missing required fields in article: https://vietstock.vn/nhan-dinh-phan-tich/nhan-dinh-thi-truong.htm
[2026-06-27 23:10:22] [TASK_2] [WARNING] Missing required fields in article: https://vietstock.vn/nhan-dinh-phan-tich/phan-tich-co-ban.htm
[2026-06-27 23:10:22] [TASK_2] [WARNING] Missing required fields in article: https://vietstock.vn/nhan-dinh-phan-tich/phan-tich-ky-thuat.htm
[2026-06-27 23:10:22] [TASK_2] [WARNING] Missing required fields in article: https://vietstock.vn/dong-duong.htm
[2026-06-27 23:10:22] [TASK_2] [WARNING] Missing required fields in article: https://vietstock.vn/dong-duong/vi-mo-dau-tu.htm
[2026-06-27 23:10:22] [TASK_2] [WARNING] Missing required fields in article: https://vietstock.vn/dong-duong/tai-chinh-ngan-hang.htm
[2026-06-27 23:10:22] [TASK_2] [WARNING] Missing required fields in article: https://vietstock.vn/dong-duong/thi-truong-chung-khoan.htm
[2026-06-27 23:10:22] [TASK_2] [WARNING] Missing required fields in article: https://vietstock.vn/dong-duong/kinh-te-nganh.htm
[2026-06-27 23:10:22] [TASK_2] [WARNING] Missing required fields in article: javascript:void(0)
[2026-06-27 23:10:22] [TASK_2] [WARNING] Missing required fields in article: https://vietstock.vn/chu-de/217-7/quan-he-nha-dau-tu-ir.htm
[2026-06-27 23:10:22] [TASK_2] [WARNING] Missing required fields in article: https://vietstock.vn/chu-de/665-7/dhdcd-thuong-nien-2026.htm
[2026-06-27 23:10:22] [TASK_2] [WARNING] Missing required fields in article: https://vietstock.vn/chu-de/503-7/nang-hang-thi-truong.htm
[2026-06-27 23:10:22] [TASK_2] [WARNING] Missing required fields in article: https://vietstock.vn/chu-de/644-7/trump-20.htm
[2026-06-27 23:10:22] [TASK_2] [WARNING] Missing required fields in article: https://vietstock.vn/chu-de/652-7/trung-tam-tai-chinh.htm
[2026-06-27 23:10:22] [TASK_2] [WARNING] Missing required fields in article: https://vietstock.vn/chu-de/467-7/cac-kenh-dau-tu.htm
[2026-06-27 23:10:22] [TASK_2] [WARNING] Missing required fields in article: https://vietstock.vn/chu-de/1-8/tat-ca.htm
[2026-06-27 23:10:22] [TASK_2] [WARNING] Missing required fields in article: https://finance.vietstock.vn/du-lieu-vi-mo
[2026-06-27 23:10:22] [TASK_2] [WARNING] Missing required fields in article: https://finance.vietstock.vn/du-lieu-nganh.htm
[2026-06-27 23:10:22] [TASK_2] [WARNING] Missing required fields in article: https://finance.vietstock.vn/du-lieu-nganh.htm
[2026-06-27 23:10:22] [TASK_2] [WARNING] Missing required fields in article: https://finance.vietstock.vn/nganh/40-tai-chinh.htm
[2026-06-27 23:10:22] [TASK_2] [WARNING] Missing required fields in article: https://finance.vietstock.vn/doanh-nghiep-a-z?page=1
[2026-06-27 23:10:22] [TASK_2] [WARNING] Missing required fields in article: https://finance.vietstock.vn/doanh-nghiep-a-z?page=1
[2026-06-27 23:10:22] [TASK_2] [WARNING] Missing required fields in article: https://finance.vietstock.vn/lich-su-kien.htm?page=1
[2026-06-27 23:10:22] [TASK_2] [WARNING] Missing required fields in article: https://finance.vietstock.vn/ket-qua-kinh-doanh
[2026-06-27 23:10:22] [TASK_2] [WARNING] Missing required fields in article: https://finance.vietstock.vn/giao-dich-noi-bo
[2026-06-27 23:10:22] [TASK_2] [WARNING] Missing required fields in article: https://finance.vietstock.vn/tai-lieu/bao-cao-tai-chinh.htm
[2026-06-27 23:10:22] [TASK_2] [WARNING] Missing required fields in article: https://finance.vietstock.vn/nien-giam.htm
[2026-06-27 23:10:22] [TASK_2] [WARNING] Missing required fields in article: https://finance.vietstock.vn/chung-khoan-phai-sinh/hop-dong-tuong-lai.htm
[2026-06-27 23:10:22] [TASK_2] [WARNING] Missing required fields in article: https://finance.vietstock.vn/chung-khoan-phai-sinh/hop-dong-tuong-lai.htm
[2026-06-27 23:10:22] [TASK_2] [WARNING] Missing required fields in article: https://finance.vietstock.vn/chung-khoan-phai-sinh/hop-dong-tuong-lai.htm
[2026-06-27 23:10:22] [TASK_2] [WARNING] Missing required fields in article: https://finance.vietstock.vn/chung-khoan-phai-sinh/thong-ke-giao-dich.htm
[2026-06-27 23:10:22] [TASK_2] [WARNING] Missing required fields in article: https://finance.vietstock.vn/chung-khoan-phai-sinh/qui-dinh-huong-dan.htm
[2026-06-27 23:10:22] [TASK_2] [WARNING] Missing required fields in article: https://finance.vietstock.vn/chung-khoan-phai-sinh/chung-quyen.htm
[2026-06-27 23:10:22] [TASK_2] [WARNING] Missing required fields in article: https://finance.vietstock.vn/chung-khoan-phai-sinh/chung-quyen.htm
[2026-06-27 23:10:22] [TASK_2] [WARNING] Missing required fields in article: https://finance.vietstock.vn/chung-khoan-phai-sinh/cw-thong-ke-giao-dich.htm
[2026-06-27 23:10:22] [TASK_2] [WARNING] Missing required fields in article: https://finance.vietstock.vn/chung-khoan-phai-sinh/cw-blackschole.htm
[2026-06-27 23:10:22] [TASK_2] [WARNING] Missing required fields in article: https://finance.vietstock.vn/trai-phieu/tp-doanh-nghiep/tong-quan.htm
[2026-06-27 23:10:22] [TASK_2] [WARNING] Missing required fields in article: https://finance.vietstock.vn/trai-phieu/tp-doanh-nghiep/tong-quan.htm
[2026-06-27 23:10:22] [TASK_2] [WARNING] Missing required fields in article: https://finance.vietstock.vn/trai-phieu/tp-doanh-nghiep/to-chuc-phat-hanh.htm?page=1
[2026-06-27 23:10:22] [TASK_2] [WARNING] Missing required fields in article: https://finance.vietstock.vn/trai-phieu/tp-doanh-nghiep/danh-sach.htm
[2026-06-27 23:10:22] [TASK_2] [WARNING] Missing required fields in article: https://finance.vietstock.vn/trai-phieu/tp-doanh-nghiep/thong-ke-giao-dich.htm
[2026-06-27 23:10:22] [TASK_2] [WARNING] Missing required fields in article: https://finance.vietstock.vn/suc-manh-gia-rrg
[2026-06-27 23:10:22] [TASK_2] [WARNING] Missing required fields in article: https://finance.vietstock.vn/suc-manh-gia-rrg
[2026-06-27 23:10:22] [TASK_2] [WARNING] Missing required fields in article: https://finance.vietstock.vn/phan-tich-ky-thuat.htm
[2026-06-27 23:10:22] [TASK_2] [WARNING] Missing required fields in article: https://banggia.vietstock.vn/
[2026-06-27 23:10:22] [TASK_2] [WARNING] Missing required fields in article: https://finance.vietstock.vn/bo-loc-co-phieu.htm
[2026-06-27 23:10:22] [TASK_2] [WARNING] Missing required fields in article: https://finance.vietstock.vn/so-sanh-co-phieu.htm
[2026-06-27 23:10:22] [TASK_2] [WARNING] Missing required fields in article: https://finance.vietstock.vn/bao-cao-phan-tich
[2026-06-27 23:10:22] [TASK_2] [WARNING] Missing required fields in article: https://finance.vietstock.vn/bieu-do-tai-chinh.htm
[2026-06-27 23:10:22] [TASK_2] [WARNING] Missing required fields in article: https://finance.vietstock.vn/truy-xuat-du-lieu/tong-hop-doanh-nghiep.htm
[2026-06-27 23:10:22] [TASK_2] [WARNING] Missing required fields in article: https://finance.vietstock.vn/truy-xuat-du-lieu/tong-hop-doanh-nghiep.htm
[2026-06-27 23:10:22] [TASK_2] [WARNING] Missing required fields in article: https://finance.vietstock.vn/truy-xuat-du-lieu/bao-cao-tai-chinh.htm
[2026-06-27 23:10:22] [TASK_2] [WARNING] Missing required fields in article: https://finance.vietstock.vn/truy-xuat-du-lieu/bao-cao-tai-chinh-nganh.htm
[2026-06-27 23:10:22] [TASK_2] [WARNING] Missing required fields in article: https://finance.vietstock.vn/du-lieu-vi-mo
[2026-06-27 23:10:22] [TASK_2] [WARNING] Missing required fields in article: https://vietstock.vn/chu-de/1-2/moi-cap-nhat.htm
[2026-06-27 23:10:22] [TASK_2] [WARNING] Missing required fields in article: https://vietstock.vn/chung-khoan.htm
[2026-06-27 23:10:22] [TASK_2] [WARNING] Missing required fields in article: https://vietstock.vn/doanh-nghiep.htm
[2026-06-27 23:10:22] [TASK_2] [WARNING] Missing required fields in article: https://vietstock.vn/bat-dong-san.htm
[2026-06-27 23:10:22] [TASK_2] [WARNING] Missing required fields in article: https://vietstock.vn/tai-chinh.htm
[2026-06-27 23:10:22] [TASK_2] [WARNING] Missing required fields in article: https://vietstock.vn/hang-hoa.htm
[2026-06-27 23:10:22] [TASK_2] [WARNING] Missing required fields in article: https://vietstock.vn/kinh-te.htm
[2026-06-27 23:10:22] [TASK_2] [WARNING] Missing required fields in article: https://vietstock.vn/the-gioi.htm
[2026-06-27 23:10:22] [TASK_2] [WARNING] Missing required fields in article: https://vietstock.vn/tai-chinh-ca-nhan.htm
[2026-06-27 23:10:22] [TASK_2] [WARNING] Missing required fields in article: https://vietstock.vn/nhan-dinh-phan-tich.htm
[2026-06-27 23:10:22] [TASK_2] [WARNING] Missing required fields in article: https://vietstock.vn/dong-duong.htm
[2026-06-27 23:10:23] [TASK_2] [WARNING] Missing required fields in article: https://vietstock.vn/chu-de/1-2/moi-cap-nhat.htm
[2026-06-27 23:10:23] [TASK_2] [WARNING] Missing required fields in article: https://vietstock.vn/chung-khoan.htm
[2026-06-27 23:10:23] [TASK_2] [WARNING] Missing required fields in article: https://vietstock.vn/chung-khoan/co-phieu.htm
[2026-06-27 23:10:23] [TASK_2] [WARNING] Missing required fields in article: https://vietstock.vn/chung-khoan/giao-dich-noi-bo.htm
[2026-06-27 23:10:23] [TASK_2] [WARNING] Missing required fields in article: https://vietstock.vn/chung-khoan/niem-yet.htm
[2026-06-27 23:10:23] [TASK_2] [WARNING] Missing required fields in article: https://vietstock.vn/chung-khoan/etf-va-cac-quy.htm
[2026-06-27 23:10:23] [TASK_2] [WARNING] Missing required fields in article: https://vietstock.vn/chung-khoan/chung-khoan-phai-sinh.htm
[2026-06-27 23:10:23] [TASK_2] [WARNING] Missing required fields in article: https://vietstock.vn/chung-khoan/chung-quyen.htm
[2026-06-27 23:10:23] [TASK_2] [WARNING] Missing required fields in article: https://vietstock.vn/chung-khoan/y-kien-chuyen-gia.htm
[2026-06-27 23:10:23] [TASK_2] [WARNING] Missing required fields in article: https://vietstock.vn/chung-khoan/cau-chuyen-dau-tu.htm
[2026-06-27 23:10:23] [TASK_2] [WARNING] Missing required fields in article: https://vietstock.vn/chung-khoan/chinh-sach.htm
[2026-06-27 23:10:23] [TASK_2] [WARNING] Missing required fields in article: https://vietstock.vn/chung-khoan/thi-truong-trai-phieu.htm
[2026-06-27 23:10:23] [TASK_2] [WARNING] Missing required fields in article: https://vietstock.vn/doanh-nghiep.htm
[2026-06-27 23:10:23] [TASK_2] [WARNING] Missing required fields in article: https://vietstock.vn/doanh-nghiep/hoat-dong-kinh-doanh.htm
[2026-06-27 23:10:23] [TASK_2] [WARNING] Missing required fields in article: https://vietstock.vn/doanh-nghiep/co-tuc.htm
[2026-06-27 23:10:23] [TASK_2] [WARNING] Missing required fields in article: https://vietstock.vn/doanh-nghiep/tang-von-m-a.htm
[2026-06-27 23:10:23] [TASK_2] [WARNING] Missing required fields in article: https://vietstock.vn/doanh-nghiep/ipo-co-phan-hoa.htm
[2026-06-27 23:10:23] [TASK_2] [WARNING] Missing required fields in article: https://vietstock.vn/doanh-nghiep/nhan-vat.htm
[2026-06-27 23:10:23] [TASK_2] [WARNING] Missing required fields in article: https://vietstock.vn/doanh-nghiep/trai-phieu-doanh-nghiep.htm
[2026-06-27 23:10:23] [TASK_2] [WARNING] Missing required fields in article: https://vietstock.vn/bat-dong-san.htm
[2026-06-27 23:10:23] [TASK_2] [WARNING] Missing required fields in article: https://vietstock.vn/bat-dong-san/thi-truong-nha-dat.htm
[2026-06-27 23:10:23] [TASK_2] [WARNING] Missing required fields in article: https://vietstock.vn/bat-dong-san/quy-hoach-ha-tang.htm
[2026-06-27 23:10:23] [TASK_2] [WARNING] Missing required fields in article: https://vietstock.vn/bat-dong-san/du-an.htm
[2026-06-27 23:10:23] [TASK_2] [WARNING] Missing required fields in article: https://vietstock.vn/bat-dong-san/bao-hiem-va-thue-nha-dat.htm
[2026-06-27 23:10:23] [TASK_2] [WARNING] Missing required fields in article: https://vietstock.vn/tai-chinh.htm
[2026-06-27 23:10:23] [TASK_2] [WARNING] Missing required fields in article: https://vietstock.vn/tai-chinh/ngan-hang.htm
[2026-06-27 23:10:23] [TASK_2] [WARNING] Missing required fields in article: https://vietstock.vn/tai-chinh/bao-hiem.htm
[2026-06-27 23:10:23] [TASK_2] [WARNING] Missing required fields in article: https://vietstock.vn/tai-chinh/thue-va-ngan-sach.htm
[2026-06-27 23:10:23] [TASK_2] [WARNING] Missing required fields in article: https://vietstock.vn/tai-chinh/tai-san-so.htm
[2026-06-27 23:10:23] [TASK_2] [WARNING] Missing required fields in article: https://vietstock.vn/hang-hoa.htm
[2026-06-27 23:10:23] [TASK_2] [WARNING] Missing required fields in article: https://vietstock.vn/hang-hoa/vang-va-kim-loai-quy.htm
[2026-06-27 23:10:23] [TASK_2] [WARNING] Missing required fields in article: https://vietstock.vn/hang-hoa/nhien-lieu.htm
[2026-06-27 23:10:23] [TASK_2] [WARNING] Missing required fields in article: https://vietstock.vn/hang-hoa/kim-loai.htm
[2026-06-27 23:10:23] [TASK_2] [WARNING] Missing required fields in article: https://vietstock.vn/hang-hoa/nong-san-thuc-pham.htm
[2026-06-27 23:10:23] [TASK_2] [WARNING] Missing required fields in article: https://vietstock.vn/kinh-te.htm
[2026-06-27 23:10:23] [TASK_2] [WARNING] Missing required fields in article: https://vietstock.vn/kinh-te/vi-mo.htm
[2026-06-27 23:10:23] [TASK_2] [WARNING] Missing required fields in article: https://vietstock.vn/kinh-te/kinh-te-dau-tu.htm
[2026-06-27 23:10:23] [TASK_2] [WARNING] Missing required fields in article: https://vietstock.vn/the-gioi.htm
[2026-06-27 23:10:23] [TASK_2] [WARNING] Missing required fields in article: https://vietstock.vn/the-gioi/chung-khoan-the-gioi.htm
[2026-06-27 23:10:23] [TASK_2] [WARNING] Missing required fields in article: https://vietstock.vn/the-gioi/tien-ky-thuat-so.htm
[2026-06-27 23:10:23] [TASK_2] [WARNING] Missing required fields in article: https://vietstock.vn/the-gioi/tai-chinh-quoc-te.htm
[2026-06-27 23:10:23] [TASK_2] [WARNING] Missing required fields in article: https://vietstock.vn/the-gioi/kinh-te-nganh.htm
[2026-06-27 23:10:23] [TASK_2] [WARNING] Missing required fields in article: https://vietstock.vn/tai-chinh-ca-nhan.htm
[2026-06-27 23:10:23] [TASK_2] [WARNING] Missing required fields in article: https://vietstock.vn/tai-chinh-ca-nhan/lam-chu-dong-tien.htm
[2026-06-27 23:10:23] [TASK_2] [WARNING] Missing required fields in article: https://vietstock.vn/tai-chinh-ca-nhan/dau-tu-kinh-doanh-nho.htm
[2026-06-27 23:10:24] [TASK_2] [WARNING] Missing required fields in article: https://vietstock.vn/tai-chinh-ca-nhan/doanh-nhan-va-khoi-nghiep.htm
[2026-06-27 23:10:24] [TASK_2] [WARNING] Missing required fields in article: https://vietstock.vn/tai-chinh-ca-nhan/choi-sang.htm
[2026-06-27 23:10:24] [TASK_2] [WARNING] Missing required fields in article: https://vietstock.vn/tai-chinh-ca-nhan/xe-cong-nghe.htm
[2026-06-27 23:10:24] [TASK_2] [WARNING] Missing required fields in article: https://vietstock.vn/tai-chinh-ca-nhan/tieu-dung-va-cuoc-song.htm
[2026-06-27 23:10:24] [TASK_2] [WARNING] Missing required fields in article: https://vietstock.vn/tai-chinh-ca-nhan/vi-cong-dong.htm
[2026-06-27 23:10:24] [TASK_2] [WARNING] Missing required fields in article: https://vietstock.vn/nhan-dinh-phan-tich.htm
[2026-06-27 23:10:24] [TASK_2] [WARNING] Missing required fields in article: https://vietstock.vn/nhan-dinh-phan-tich/nhan-dinh-thi-truong.htm
[2026-06-27 23:10:24] [TASK_2] [WARNING] Missing required fields in article: https://vietstock.vn/nhan-dinh-phan-tich/phan-tich-co-ban.htm
[2026-06-27 23:10:24] [TASK_2] [WARNING] Missing required fields in article: https://vietstock.vn/nhan-dinh-phan-tich/phan-tich-ky-thuat.htm
[2026-06-27 23:10:24] [TASK_2] [WARNING] Missing required fields in article: https://vietstock.vn/dong-duong.htm
[2026-06-27 23:10:24] [TASK_2] [WARNING] Missing required fields in article: https://vietstock.vn/dong-duong/vi-mo-dau-tu.htm
[2026-06-27 23:10:24] [TASK_2] [WARNING] Missing required fields in article: https://vietstock.vn/dong-duong/tai-chinh-ngan-hang.htm
[2026-06-27 23:10:24] [TASK_2] [WARNING] Missing required fields in article: https://vietstock.vn/dong-duong/thi-truong-chung-khoan.htm
[2026-06-27 23:10:24] [TASK_2] [WARNING] Missing required fields in article: https://vietstock.vn/dong-duong/kinh-te-nganh.htm
[2026-06-27 23:10:24] [TASK_2] [WARNING] Missing required fields in article: javascript:void(0)
[2026-06-27 23:10:24] [TASK_2] [WARNING] Missing required fields in article: https://vietstock.vn/chu-de/217-7/quan-he-nha-dau-tu-ir.htm
[2026-06-27 23:10:24] [TASK_2] [WARNING] Missing required fields in article: https://vietstock.vn/chu-de/665-7/dhdcd-thuong-nien-2026.htm
[2026-06-27 23:10:24] [TASK_2] [WARNING] Missing required fields in article: https://vietstock.vn/chu-de/503-7/nang-hang-thi-truong.htm
[2026-06-27 23:10:24] [TASK_2] [WARNING] Missing required fields in article: https://vietstock.vn/chu-de/644-7/trump-20.htm
[2026-06-27 23:10:24] [TASK_2] [WARNING] Missing required fields in article: https://vietstock.vn/chu-de/652-7/trung-tam-tai-chinh.htm
[2026-06-27 23:10:24] [TASK_2] [WARNING] Missing required fields in article: https://vietstock.vn/chu-de/467-7/cac-kenh-dau-tu.htm
[2026-06-27 23:10:24] [TASK_2] [WARNING] Missing required fields in article: https://vietstock.vn/chu-de/1-8/tat-ca.htm
[2026-06-27 23:10:24] [TASK_2] [WARNING] Missing required fields in article: https://finance.vietstock.vn/du-lieu-vi-mo
[2026-06-27 23:10:24] [TASK_2] [WARNING] Missing required fields in article: https://finance.vietstock.vn/du-lieu-nganh.htm
[2026-06-27 23:10:24] [TASK_2] [WARNING] Missing required fields in article: https://finance.vietstock.vn/du-lieu-nganh.htm
[2026-06-27 23:10:24] [TASK_2] [WARNING] Missing required fields in article: https://finance.vietstock.vn/nganh/40-tai-chinh.htm
[2026-06-27 23:10:24] [TASK_2] [WARNING] Missing required fields in article: https://finance.vietstock.vn/doanh-nghiep-a-z?page=1
[2026-06-27 23:10:24] [TASK_2] [WARNING] Missing required fields in article: https://finance.vietstock.vn/doanh-nghiep-a-z?page=1
[2026-06-27 23:10:24] [TASK_2] [WARNING] Missing required fields in article: https://finance.vietstock.vn/lich-su-kien.htm?page=1
[2026-06-27 23:10:24] [TASK_2] [WARNING] Missing required fields in article: https://finance.vietstock.vn/ket-qua-kinh-doanh
[2026-06-27 23:10:24] [TASK_2] [WARNING] Missing required fields in article: https://finance.vietstock.vn/giao-dich-noi-bo
[2026-06-27 23:10:24] [TASK_2] [WARNING] Missing required fields in article: https://finance.vietstock.vn/tai-lieu/bao-cao-tai-chinh.htm
[2026-06-27 23:10:24] [TASK_2] [WARNING] Missing required fields in article: https://finance.vietstock.vn/nien-giam.htm
[2026-06-27 23:10:24] [TASK_2] [WARNING] Missing required fields in article: https://finance.vietstock.vn/chung-khoan-phai-sinh/hop-dong-tuong-lai.htm
[2026-06-27 23:10:24] [TASK_2] [WARNING] Missing required fields in article: https://finance.vietstock.vn/chung-khoan-phai-sinh/hop-dong-tuong-lai.htm
[2026-06-27 23:10:24] [TASK_2] [WARNING] Missing required fields in article: https://finance.vietstock.vn/chung-khoan-phai-sinh/hop-dong-tuong-lai.htm
[2026-06-27 23:10:24] [TASK_2] [WARNING] Missing required fields in article: https://finance.vietstock.vn/chung-khoan-phai-sinh/thong-ke-giao-dich.htm
[2026-06-27 23:10:24] [TASK_2] [WARNING] Missing required fields in article: https://finance.vietstock.vn/chung-khoan-phai-sinh/qui-dinh-huong-dan.htm
[2026-06-27 23:10:24] [TASK_2] [WARNING] Missing required fields in article: https://finance.vietstock.vn/chung-khoan-phai-sinh/chung-quyen.htm
[2026-06-27 23:10:24] [TASK_2] [WARNING] Missing required fields in article: https://finance.vietstock.vn/chung-khoan-phai-sinh/chung-quyen.htm
[2026-06-27 23:10:24] [TASK_2] [WARNING] Missing required fields in article: https://finance.vietstock.vn/chung-khoan-phai-sinh/cw-thong-ke-giao-dich.htm
[2026-06-27 23:10:24] [TASK_2] [WARNING] Missing required fields in article: https://finance.vietstock.vn/chung-khoan-phai-sinh/cw-blackschole.htm
[2026-06-27 23:10:24] [TASK_2] [WARNING] Missing required fields in article: https://finance.vietstock.vn/trai-phieu/tp-doanh-nghiep/tong-quan.htm
[2026-06-27 23:10:24] [TASK_2] [WARNING] Missing required fields in article: https://finance.vietstock.vn/trai-phieu/tp-doanh-nghiep/tong-quan.htm
[2026-06-27 23:10:24] [TASK_2] [WARNING] Missing required fields in article: https://finance.vietstock.vn/trai-phieu/tp-doanh-nghiep/to-chuc-phat-hanh.htm?page=1
[2026-06-27 23:10:24] [TASK_2] [WARNING] Missing required fields in article: https://finance.vietstock.vn/trai-phieu/tp-doanh-nghiep/danh-sach.htm
[2026-06-27 23:10:24] [TASK_2] [WARNING] Missing required fields in article: https://finance.vietstock.vn/trai-phieu/tp-doanh-nghiep/thong-ke-giao-dich.htm
[2026-06-27 23:10:24] [TASK_2] [WARNING] Missing required fields in article: https://finance.vietstock.vn/suc-manh-gia-rrg
[2026-06-27 23:10:24] [TASK_2] [WARNING] Missing required fields in article: https://finance.vietstock.vn/suc-manh-gia-rrg
[2026-06-27 23:10:24] [TASK_2] [WARNING] Missing required fields in article: https://finance.vietstock.vn/phan-tich-ky-thuat.htm
[2026-06-27 23:10:24] [TASK_2] [WARNING] Missing required fields in article: https://banggia.vietstock.vn/
[2026-06-27 23:10:24] [TASK_2] [WARNING] Missing required fields in article: https://finance.vietstock.vn/bo-loc-co-phieu.htm
[2026-06-27 23:10:24] [TASK_2] [WARNING] Missing required fields in article: https://finance.vietstock.vn/so-sanh-co-phieu.htm
[2026-06-27 23:10:24] [TASK_2] [WARNING] Missing required fields in article: https://finance.vietstock.vn/bao-cao-phan-tich
[2026-06-27 23:10:24] [TASK_2] [WARNING] Missing required fields in article: https://finance.vietstock.vn/bieu-do-tai-chinh.htm
[2026-06-27 23:10:24] [TASK_2] [WARNING] Missing required fields in article: https://finance.vietstock.vn/truy-xuat-du-lieu/tong-hop-doanh-nghiep.htm
[2026-06-27 23:10:24] [TASK_2] [WARNING] Missing required fields in article: https://finance.vietstock.vn/truy-xuat-du-lieu/tong-hop-doanh-nghiep.htm
[2026-06-27 23:10:24] [TASK_2] [WARNING] Missing required fields in article: https://finance.vietstock.vn/truy-xuat-du-lieu/bao-cao-tai-chinh.htm
[2026-06-27 23:10:24] [TASK_2] [WARNING] Missing required fields in article: https://finance.vietstock.vn/truy-xuat-du-lieu/bao-cao-tai-chinh-nganh.htm
[2026-06-27 23:10:24] [TASK_2] [WARNING] Missing required fields in article: https://finance.vietstock.vn/du-lieu-vi-mo
[2026-06-27 23:10:24] [TASK_2] [WARNING] Missing required fields in article: https://vietstock.vn/chu-de/1-2/moi-cap-nhat.htm
[2026-06-27 23:10:24] [TASK_2] [WARNING] Missing required fields in article: https://vietstock.vn/chung-khoan.htm
[2026-06-27 23:10:24] [TASK_2] [WARNING] Missing required fields in article: https://vietstock.vn/doanh-nghiep.htm
[2026-06-27 23:10:24] [TASK_2] [WARNING] Missing required fields in article: https://vietstock.vn/bat-dong-san.htm
[2026-06-27 23:10:24] [TASK_2] [WARNING] Missing required fields in article: https://vietstock.vn/tai-chinh.htm
[2026-06-27 23:10:24] [TASK_2] [WARNING] Missing required fields in article: https://vietstock.vn/hang-hoa.htm
[2026-06-27 23:10:24] [TASK_2] [WARNING] Missing required fields in article: https://vietstock.vn/kinh-te.htm
[2026-06-27 23:10:24] [TASK_2] [WARNING] Missing required fields in article: https://vietstock.vn/the-gioi.htm
[2026-06-27 23:10:24] [TASK_2] [WARNING] Missing required fields in article: https://vietstock.vn/tai-chinh-ca-nhan.htm
[2026-06-27 23:10:24] [TASK_2] [WARNING] Missing required fields in article: https://vietstock.vn/nhan-dinh-phan-tich.htm
[2026-06-27 23:10:24] [TASK_2] [WARNING] Missing required fields in article: https://vietstock.vn/dong-duong.htm
[2026-06-27 23:10:24] [TASK_2] [INFO] Vietstock tag page yielded no articles for VNM. Trying finance sub-domain fallback.
[2026-06-27 23:10:25] [TASK_2] [WARNING] Missing required fields in article: https://dichvu.vietstock.vn/
[2026-06-27 23:10:25] [TASK_2] [WARNING] Missing required fields in article: https://finance.vietstock.vn/chinh-sach-thanh-vien
[2026-06-27 23:10:25] [TASK_2] [WARNING] Missing required fields in article: https://dichvu.vietstock.vn/
[2026-06-27 23:10:25] [TASK_2] [WARNING] Missing required fields in article: https://finance.vietstock.vn/chinh-sach-thanh-vien
[2026-06-27 23:10:25] [TASK_2] [INFO] Vietstock: collected 1 articles for VNM
[2026-06-27 23:10:25] [TASK_2] [INFO] Scraping vietstock for ticker=VCB from 2022-01-01 (existing URLs: 0)
[2026-06-27 23:10:26] [TASK_2] [WARNING] Missing required fields in article: https://vietstock.vn/chu-de/1-2/moi-cap-nhat.htm
[2026-06-27 23:10:26] [TASK_2] [WARNING] Missing required fields in article: https://vietstock.vn/chung-khoan.htm
[2026-06-27 23:10:26] [TASK_2] [WARNING] Missing required fields in article: https://vietstock.vn/chung-khoan/co-phieu.htm
[2026-06-27 23:10:26] [TASK_2] [WARNING] Missing required fields in article: https://vietstock.vn/chung-khoan/giao-dich-noi-bo.htm
[2026-06-27 23:10:26] [TASK_2] [WARNING] Missing required fields in article: https://vietstock.vn/chung-khoan/niem-yet.htm
[2026-06-27 23:10:26] [TASK_2] [WARNING] Missing required fields in article: https://vietstock.vn/chung-khoan/etf-va-cac-quy.htm
[2026-06-27 23:10:26] [TASK_2] [WARNING] Missing required fields in article: https://vietstock.vn/chung-khoan/chung-khoan-phai-sinh.htm
[2026-06-27 23:10:26] [TASK_2] [WARNING] Missing required fields in article: https://vietstock.vn/chung-khoan/chung-quyen.htm
[2026-06-27 23:10:26] [TASK_2] [WARNING] Missing required fields in article: https://vietstock.vn/chung-khoan/y-kien-chuyen-gia.htm
[2026-06-27 23:10:26] [TASK_2] [WARNING] Missing required fields in article: https://vietstock.vn/chung-khoan/cau-chuyen-dau-tu.htm
[2026-06-27 23:10:26] [TASK_2] [WARNING] Missing required fields in article: https://vietstock.vn/chung-khoan/chinh-sach.htm
[2026-06-27 23:10:26] [TASK_2] [WARNING] Missing required fields in article: https://vietstock.vn/chung-khoan/thi-truong-trai-phieu.htm
[2026-06-27 23:10:26] [TASK_2] [WARNING] Missing required fields in article: https://vietstock.vn/doanh-nghiep.htm
[2026-06-27 23:10:26] [TASK_2] [WARNING] Missing required fields in article: https://vietstock.vn/doanh-nghiep/hoat-dong-kinh-doanh.htm
[2026-06-27 23:10:26] [TASK_2] [WARNING] Missing required fields in article: https://vietstock.vn/doanh-nghiep/co-tuc.htm
[2026-06-27 23:10:26] [TASK_2] [WARNING] Missing required fields in article: https://vietstock.vn/doanh-nghiep/tang-von-m-a.htm
[2026-06-27 23:10:26] [TASK_2] [WARNING] Missing required fields in article: https://vietstock.vn/doanh-nghiep/ipo-co-phan-hoa.htm
[2026-06-27 23:10:26] [TASK_2] [WARNING] Missing required fields in article: https://vietstock.vn/doanh-nghiep/nhan-vat.htm
[2026-06-27 23:10:26] [TASK_2] [WARNING] Missing required fields in article: https://vietstock.vn/doanh-nghiep/trai-phieu-doanh-nghiep.htm
[2026-06-27 23:10:26] [TASK_2] [WARNING] Missing required fields in article: https://vietstock.vn/bat-dong-san.htm
[2026-06-27 23:10:26] [TASK_2] [WARNING] Missing required fields in article: https://vietstock.vn/bat-dong-san/thi-truong-nha-dat.htm
[2026-06-27 23:10:26] [TASK_2] [WARNING] Missing required fields in article: https://vietstock.vn/bat-dong-san/quy-hoach-ha-tang.htm
[2026-06-27 23:10:26] [TASK_2] [WARNING] Missing required fields in article: https://vietstock.vn/bat-dong-san/du-an.htm
[2026-06-27 23:10:26] [TASK_2] [WARNING] Missing required fields in article: https://vietstock.vn/bat-dong-san/bao-hiem-va-thue-nha-dat.htm
[2026-06-27 23:10:26] [TASK_2] [WARNING] Missing required fields in article: https://vietstock.vn/tai-chinh.htm
[2026-06-27 23:10:26] [TASK_2] [WARNING] Missing required fields in article: https://vietstock.vn/tai-chinh/ngan-hang.htm
[2026-06-27 23:10:26] [TASK_2] [WARNING] Missing required fields in article: https://vietstock.vn/tai-chinh/bao-hiem.htm
[2026-06-27 23:10:26] [TASK_2] [WARNING] Missing required fields in article: https://vietstock.vn/tai-chinh/thue-va-ngan-sach.htm
[2026-06-27 23:10:26] [TASK_2] [WARNING] Missing required fields in article: https://vietstock.vn/tai-chinh/tai-san-so.htm
[2026-06-27 23:10:26] [TASK_2] [WARNING] Missing required fields in article: https://vietstock.vn/hang-hoa.htm
[2026-06-27 23:10:26] [TASK_2] [WARNING] Missing required fields in article: https://vietstock.vn/hang-hoa/vang-va-kim-loai-quy.htm
[2026-06-27 23:10:26] [TASK_2] [WARNING] Missing required fields in article: https://vietstock.vn/hang-hoa/nhien-lieu.htm
[2026-06-27 23:10:26] [TASK_2] [WARNING] Missing required fields in article: https://vietstock.vn/hang-hoa/kim-loai.htm
[2026-06-27 23:10:26] [TASK_2] [WARNING] Missing required fields in article: https://vietstock.vn/hang-hoa/nong-san-thuc-pham.htm
[2026-06-27 23:10:26] [TASK_2] [WARNING] Missing required fields in article: https://vietstock.vn/kinh-te.htm
[2026-06-27 23:10:26] [TASK_2] [WARNING] Missing required fields in article: https://vietstock.vn/kinh-te/vi-mo.htm
[2026-06-27 23:10:26] [TASK_2] [WARNING] Missing required fields in article: https://vietstock.vn/kinh-te/kinh-te-dau-tu.htm
[2026-06-27 23:10:26] [TASK_2] [WARNING] Missing required fields in article: https://vietstock.vn/the-gioi.htm
[2026-06-27 23:10:26] [TASK_2] [WARNING] Missing required fields in article: https://vietstock.vn/the-gioi/chung-khoan-the-gioi.htm
[2026-06-27 23:10:26] [TASK_2] [WARNING] Missing required fields in article: https://vietstock.vn/the-gioi/tien-ky-thuat-so.htm
[2026-06-27 23:10:26] [TASK_2] [WARNING] Missing required fields in article: https://vietstock.vn/the-gioi/tai-chinh-quoc-te.htm
[2026-06-27 23:10:26] [TASK_2] [WARNING] Missing required fields in article: https://vietstock.vn/the-gioi/kinh-te-nganh.htm
[2026-06-27 23:10:26] [TASK_2] [WARNING] Missing required fields in article: https://vietstock.vn/tai-chinh-ca-nhan.htm
[2026-06-27 23:10:26] [TASK_2] [WARNING] Missing required fields in article: https://vietstock.vn/tai-chinh-ca-nhan/lam-chu-dong-tien.htm
[2026-06-27 23:10:26] [TASK_2] [WARNING] Missing required fields in article: https://vietstock.vn/tai-chinh-ca-nhan/dau-tu-kinh-doanh-nho.htm
[2026-06-27 23:10:26] [TASK_2] [WARNING] Missing required fields in article: https://vietstock.vn/tai-chinh-ca-nhan/doanh-nhan-va-khoi-nghiep.htm
[2026-06-27 23:10:26] [TASK_2] [WARNING] Missing required fields in article: https://vietstock.vn/tai-chinh-ca-nhan/choi-sang.htm
[2026-06-27 23:10:26] [TASK_2] [WARNING] Missing required fields in article: https://vietstock.vn/tai-chinh-ca-nhan/xe-cong-nghe.htm
[2026-06-27 23:10:26] [TASK_2] [WARNING] Missing required fields in article: https://vietstock.vn/tai-chinh-ca-nhan/tieu-dung-va-cuoc-song.htm
[2026-06-27 23:10:26] [TASK_2] [WARNING] Missing required fields in article: https://vietstock.vn/tai-chinh-ca-nhan/vi-cong-dong.htm
[2026-06-27 23:10:26] [TASK_2] [WARNING] Missing required fields in article: https://vietstock.vn/nhan-dinh-phan-tich.htm
[2026-06-27 23:10:26] [TASK_2] [WARNING] Missing required fields in article: https://vietstock.vn/nhan-dinh-phan-tich/nhan-dinh-thi-truong.htm
[2026-06-27 23:10:26] [TASK_2] [WARNING] Missing required fields in article: https://vietstock.vn/nhan-dinh-phan-tich/phan-tich-co-ban.htm
[2026-06-27 23:10:26] [TASK_2] [WARNING] Missing required fields in article: https://vietstock.vn/nhan-dinh-phan-tich/phan-tich-ky-thuat.htm
[2026-06-27 23:10:26] [TASK_2] [WARNING] Missing required fields in article: https://vietstock.vn/dong-duong.htm
[2026-06-27 23:10:26] [TASK_2] [WARNING] Missing required fields in article: https://vietstock.vn/dong-duong/vi-mo-dau-tu.htm
[2026-06-27 23:10:26] [TASK_2] [WARNING] Missing required fields in article: https://vietstock.vn/dong-duong/tai-chinh-ngan-hang.htm
[2026-06-27 23:10:26] [TASK_2] [WARNING] Missing required fields in article: https://vietstock.vn/dong-duong/thi-truong-chung-khoan.htm
[2026-06-27 23:10:26] [TASK_2] [WARNING] Missing required fields in article: https://vietstock.vn/dong-duong/kinh-te-nganh.htm
[2026-06-27 23:10:26] [TASK_2] [WARNING] Missing required fields in article: javascript:void(0)
[2026-06-27 23:10:26] [TASK_2] [WARNING] Missing required fields in article: https://vietstock.vn/chu-de/217-7/quan-he-nha-dau-tu-ir.htm
[2026-06-27 23:10:26] [TASK_2] [WARNING] Missing required fields in article: https://vietstock.vn/chu-de/665-7/dhdcd-thuong-nien-2026.htm
[2026-06-27 23:10:26] [TASK_2] [WARNING] Missing required fields in article: https://vietstock.vn/chu-de/503-7/nang-hang-thi-truong.htm
[2026-06-27 23:10:26] [TASK_2] [WARNING] Missing required fields in article: https://vietstock.vn/chu-de/644-7/trump-20.htm
[2026-06-27 23:10:26] [TASK_2] [WARNING] Missing required fields in article: https://vietstock.vn/chu-de/652-7/trung-tam-tai-chinh.htm
[2026-06-27 23:10:26] [TASK_2] [WARNING] Missing required fields in article: https://vietstock.vn/chu-de/467-7/cac-kenh-dau-tu.htm
[2026-06-27 23:10:26] [TASK_2] [WARNING] Missing required fields in article: https://vietstock.vn/chu-de/1-8/tat-ca.htm
[2026-06-27 23:10:26] [TASK_2] [WARNING] Missing required fields in article: https://finance.vietstock.vn/du-lieu-vi-mo
[2026-06-27 23:10:26] [TASK_2] [WARNING] Missing required fields in article: https://finance.vietstock.vn/du-lieu-nganh.htm
[2026-06-27 23:10:26] [TASK_2] [WARNING] Missing required fields in article: https://finance.vietstock.vn/du-lieu-nganh.htm
[2026-06-27 23:10:26] [TASK_2] [WARNING] Missing required fields in article: https://finance.vietstock.vn/nganh/40-tai-chinh.htm
[2026-06-27 23:10:26] [TASK_2] [WARNING] Missing required fields in article: https://finance.vietstock.vn/doanh-nghiep-a-z?page=1
[2026-06-27 23:10:26] [TASK_2] [WARNING] Missing required fields in article: https://finance.vietstock.vn/doanh-nghiep-a-z?page=1
[2026-06-27 23:10:26] [TASK_2] [WARNING] Missing required fields in article: https://finance.vietstock.vn/lich-su-kien.htm?page=1
[2026-06-27 23:10:26] [TASK_2] [WARNING] Missing required fields in article: https://finance.vietstock.vn/ket-qua-kinh-doanh
[2026-06-27 23:10:26] [TASK_2] [WARNING] Missing required fields in article: https://finance.vietstock.vn/giao-dich-noi-bo
[2026-06-27 23:10:26] [TASK_2] [WARNING] Missing required fields in article: https://finance.vietstock.vn/tai-lieu/bao-cao-tai-chinh.htm
[2026-06-27 23:10:26] [TASK_2] [WARNING] Missing required fields in article: https://finance.vietstock.vn/nien-giam.htm
[2026-06-27 23:10:26] [TASK_2] [WARNING] Missing required fields in article: https://finance.vietstock.vn/chung-khoan-phai-sinh/hop-dong-tuong-lai.htm
[2026-06-27 23:10:26] [TASK_2] [WARNING] Missing required fields in article: https://finance.vietstock.vn/chung-khoan-phai-sinh/hop-dong-tuong-lai.htm
[2026-06-27 23:10:26] [TASK_2] [WARNING] Missing required fields in article: https://finance.vietstock.vn/chung-khoan-phai-sinh/hop-dong-tuong-lai.htm
[2026-06-27 23:10:26] [TASK_2] [WARNING] Missing required fields in article: https://finance.vietstock.vn/chung-khoan-phai-sinh/thong-ke-giao-dich.htm
[2026-06-27 23:10:26] [TASK_2] [WARNING] Missing required fields in article: https://finance.vietstock.vn/chung-khoan-phai-sinh/qui-dinh-huong-dan.htm
[2026-06-27 23:10:26] [TASK_2] [WARNING] Missing required fields in article: https://finance.vietstock.vn/chung-khoan-phai-sinh/chung-quyen.htm
[2026-06-27 23:10:26] [TASK_2] [WARNING] Missing required fields in article: https://finance.vietstock.vn/chung-khoan-phai-sinh/chung-quyen.htm
[2026-06-27 23:10:26] [TASK_2] [WARNING] Missing required fields in article: https://finance.vietstock.vn/chung-khoan-phai-sinh/cw-thong-ke-giao-dich.htm
[2026-06-27 23:10:26] [TASK_2] [WARNING] Missing required fields in article: https://finance.vietstock.vn/chung-khoan-phai-sinh/cw-blackschole.htm
[2026-06-27 23:10:26] [TASK_2] [WARNING] Missing required fields in article: https://finance.vietstock.vn/trai-phieu/tp-doanh-nghiep/tong-quan.htm
[2026-06-27 23:10:26] [TASK_2] [WARNING] Missing required fields in article: https://finance.vietstock.vn/trai-phieu/tp-doanh-nghiep/tong-quan.htm
[2026-06-27 23:10:26] [TASK_2] [WARNING] Missing required fields in article: https://finance.vietstock.vn/trai-phieu/tp-doanh-nghiep/to-chuc-phat-hanh.htm?page=1
[2026-06-27 23:10:26] [TASK_2] [WARNING] Missing required fields in article: https://finance.vietstock.vn/trai-phieu/tp-doanh-nghiep/danh-sach.htm
[2026-06-27 23:10:26] [TASK_2] [WARNING] Missing required fields in article: https://finance.vietstock.vn/trai-phieu/tp-doanh-nghiep/thong-ke-giao-dich.htm
[2026-06-27 23:10:26] [TASK_2] [WARNING] Missing required fields in article: https://finance.vietstock.vn/suc-manh-gia-rrg
[2026-06-27 23:10:26] [TASK_2] [WARNING] Missing required fields in article: https://finance.vietstock.vn/suc-manh-gia-rrg
[2026-06-27 23:10:26] [TASK_2] [WARNING] Missing required fields in article: https://finance.vietstock.vn/phan-tich-ky-thuat.htm
[2026-06-27 23:10:26] [TASK_2] [WARNING] Missing required fields in article: https://banggia.vietstock.vn/
[2026-06-27 23:10:26] [TASK_2] [WARNING] Missing required fields in article: https://finance.vietstock.vn/bo-loc-co-phieu.htm
[2026-06-27 23:10:26] [TASK_2] [WARNING] Missing required fields in article: https://finance.vietstock.vn/so-sanh-co-phieu.htm
[2026-06-27 23:10:26] [TASK_2] [WARNING] Missing required fields in article: https://finance.vietstock.vn/bao-cao-phan-tich
[2026-06-27 23:10:26] [TASK_2] [WARNING] Missing required fields in article: https://finance.vietstock.vn/bieu-do-tai-chinh.htm
[2026-06-27 23:10:26] [TASK_2] [WARNING] Missing required fields in article: https://finance.vietstock.vn/truy-xuat-du-lieu/tong-hop-doanh-nghiep.htm
[2026-06-27 23:10:26] [TASK_2] [WARNING] Missing required fields in article: https://finance.vietstock.vn/truy-xuat-du-lieu/tong-hop-doanh-nghiep.htm
[2026-06-27 23:10:26] [TASK_2] [WARNING] Missing required fields in article: https://finance.vietstock.vn/truy-xuat-du-lieu/bao-cao-tai-chinh.htm
[2026-06-27 23:10:26] [TASK_2] [WARNING] Missing required fields in article: https://finance.vietstock.vn/truy-xuat-du-lieu/bao-cao-tai-chinh-nganh.htm
[2026-06-27 23:10:26] [TASK_2] [WARNING] Missing required fields in article: https://finance.vietstock.vn/du-lieu-vi-mo
[2026-06-27 23:10:26] [TASK_2] [WARNING] Missing required fields in article: https://vietstock.vn/chu-de/1-2/moi-cap-nhat.htm
[2026-06-27 23:10:26] [TASK_2] [WARNING] Missing required fields in article: https://vietstock.vn/chung-khoan.htm
[2026-06-27 23:10:26] [TASK_2] [WARNING] Missing required fields in article: https://vietstock.vn/doanh-nghiep.htm
[2026-06-27 23:10:26] [TASK_2] [WARNING] Missing required fields in article: https://vietstock.vn/bat-dong-san.htm
[2026-06-27 23:10:26] [TASK_2] [WARNING] Missing required fields in article: https://vietstock.vn/tai-chinh.htm
[2026-06-27 23:10:26] [TASK_2] [WARNING] Missing required fields in article: https://vietstock.vn/hang-hoa.htm
[2026-06-27 23:10:26] [TASK_2] [WARNING] Missing required fields in article: https://vietstock.vn/kinh-te.htm
[2026-06-27 23:10:26] [TASK_2] [WARNING] Missing required fields in article: https://vietstock.vn/the-gioi.htm
[2026-06-27 23:10:26] [TASK_2] [WARNING] Missing required fields in article: https://vietstock.vn/tai-chinh-ca-nhan.htm
[2026-06-27 23:10:26] [TASK_2] [WARNING] Missing required fields in article: https://vietstock.vn/nhan-dinh-phan-tich.htm
[2026-06-27 23:10:26] [TASK_2] [WARNING] Missing required fields in article: https://vietstock.vn/dong-duong.htm
[2026-06-27 23:10:27] [TASK_2] [WARNING] Missing required fields in article: https://vietstock.vn/chu-de/1-2/moi-cap-nhat.htm
[2026-06-27 23:10:27] [TASK_2] [WARNING] Missing required fields in article: https://vietstock.vn/chung-khoan.htm
[2026-06-27 23:10:27] [TASK_2] [WARNING] Missing required fields in article: https://vietstock.vn/chung-khoan/co-phieu.htm
[2026-06-27 23:10:27] [TASK_2] [WARNING] Missing required fields in article: https://vietstock.vn/chung-khoan/giao-dich-noi-bo.htm
[2026-06-27 23:10:27] [TASK_2] [WARNING] Missing required fields in article: https://vietstock.vn/chung-khoan/niem-yet.htm
[2026-06-27 23:10:27] [TASK_2] [WARNING] Missing required fields in article: https://vietstock.vn/chung-khoan/etf-va-cac-quy.htm
[2026-06-27 23:10:27] [TASK_2] [WARNING] Missing required fields in article: https://vietstock.vn/chung-khoan/chung-khoan-phai-sinh.htm
[2026-06-27 23:10:27] [TASK_2] [WARNING] Missing required fields in article: https://vietstock.vn/chung-khoan/chung-quyen.htm
[2026-06-27 23:10:27] [TASK_2] [WARNING] Missing required fields in article: https://vietstock.vn/chung-khoan/y-kien-chuyen-gia.htm
[2026-06-27 23:10:27] [TASK_2] [WARNING] Missing required fields in article: https://vietstock.vn/chung-khoan/cau-chuyen-dau-tu.htm
[2026-06-27 23:10:27] [TASK_2] [WARNING] Missing required fields in article: https://vietstock.vn/chung-khoan/chinh-sach.htm
[2026-06-27 23:10:27] [TASK_2] [WARNING] Missing required fields in article: https://vietstock.vn/chung-khoan/thi-truong-trai-phieu.htm
[2026-06-27 23:10:27] [TASK_2] [WARNING] Missing required fields in article: https://vietstock.vn/doanh-nghiep.htm
[2026-06-27 23:10:27] [TASK_2] [WARNING] Missing required fields in article: https://vietstock.vn/doanh-nghiep/hoat-dong-kinh-doanh.htm
[2026-06-27 23:10:27] [TASK_2] [WARNING] Missing required fields in article: https://vietstock.vn/doanh-nghiep/co-tuc.htm
[2026-06-27 23:10:27] [TASK_2] [WARNING] Missing required fields in article: https://vietstock.vn/doanh-nghiep/tang-von-m-a.htm
[2026-06-27 23:10:27] [TASK_2] [WARNING] Missing required fields in article: https://vietstock.vn/doanh-nghiep/ipo-co-phan-hoa.htm
[2026-06-27 23:10:27] [TASK_2] [WARNING] Missing required fields in article: https://vietstock.vn/doanh-nghiep/nhan-vat.htm
[2026-06-27 23:10:27] [TASK_2] [WARNING] Missing required fields in article: https://vietstock.vn/doanh-nghiep/trai-phieu-doanh-nghiep.htm
[2026-06-27 23:10:27] [TASK_2] [WARNING] Missing required fields in article: https://vietstock.vn/bat-dong-san.htm
[2026-06-27 23:10:27] [TASK_2] [WARNING] Missing required fields in article: https://vietstock.vn/bat-dong-san/thi-truong-nha-dat.htm
[2026-06-27 23:10:27] [TASK_2] [WARNING] Missing required fields in article: https://vietstock.vn/bat-dong-san/quy-hoach-ha-tang.htm
[2026-06-27 23:10:27] [TASK_2] [WARNING] Missing required fields in article: https://vietstock.vn/bat-dong-san/du-an.htm
[2026-06-27 23:10:27] [TASK_2] [WARNING] Missing required fields in article: https://vietstock.vn/bat-dong-san/bao-hiem-va-thue-nha-dat.htm
[2026-06-27 23:10:27] [TASK_2] [WARNING] Missing required fields in article: https://vietstock.vn/tai-chinh.htm
[2026-06-27 23:10:27] [TASK_2] [WARNING] Missing required fields in article: https://vietstock.vn/tai-chinh/ngan-hang.htm
[2026-06-27 23:10:27] [TASK_2] [WARNING] Missing required fields in article: https://vietstock.vn/tai-chinh/bao-hiem.htm
[2026-06-27 23:10:27] [TASK_2] [WARNING] Missing required fields in article: https://vietstock.vn/tai-chinh/thue-va-ngan-sach.htm
[2026-06-27 23:10:27] [TASK_2] [WARNING] Missing required fields in article: https://vietstock.vn/tai-chinh/tai-san-so.htm
[2026-06-27 23:10:27] [TASK_2] [WARNING] Missing required fields in article: https://vietstock.vn/hang-hoa.htm
[2026-06-27 23:10:27] [TASK_2] [WARNING] Missing required fields in article: https://vietstock.vn/hang-hoa/vang-va-kim-loai-quy.htm
[2026-06-27 23:10:27] [TASK_2] [WARNING] Missing required fields in article: https://vietstock.vn/hang-hoa/nhien-lieu.htm
[2026-06-27 23:10:27] [TASK_2] [WARNING] Missing required fields in article: https://vietstock.vn/hang-hoa/kim-loai.htm
[2026-06-27 23:10:27] [TASK_2] [WARNING] Missing required fields in article: https://vietstock.vn/hang-hoa/nong-san-thuc-pham.htm
[2026-06-27 23:10:27] [TASK_2] [WARNING] Missing required fields in article: https://vietstock.vn/kinh-te.htm
[2026-06-27 23:10:27] [TASK_2] [WARNING] Missing required fields in article: https://vietstock.vn/kinh-te/vi-mo.htm
[2026-06-27 23:10:27] [TASK_2] [WARNING] Missing required fields in article: https://vietstock.vn/kinh-te/kinh-te-dau-tu.htm
[2026-06-27 23:10:27] [TASK_2] [WARNING] Missing required fields in article: https://vietstock.vn/the-gioi.htm
[2026-06-27 23:10:27] [TASK_2] [WARNING] Missing required fields in article: https://vietstock.vn/the-gioi/chung-khoan-the-gioi.htm
[2026-06-27 23:10:27] [TASK_2] [WARNING] Missing required fields in article: https://vietstock.vn/the-gioi/tien-ky-thuat-so.htm
[2026-06-27 23:10:27] [TASK_2] [WARNING] Missing required fields in article: https://vietstock.vn/the-gioi/tai-chinh-quoc-te.htm
[2026-06-27 23:10:27] [TASK_2] [WARNING] Missing required fields in article: https://vietstock.vn/the-gioi/kinh-te-nganh.htm
[2026-06-27 23:10:27] [TASK_2] [WARNING] Missing required fields in article: https://vietstock.vn/tai-chinh-ca-nhan.htm
[2026-06-27 23:10:27] [TASK_2] [WARNING] Missing required fields in article: https://vietstock.vn/tai-chinh-ca-nhan/lam-chu-dong-tien.htm
[2026-06-27 23:10:27] [TASK_2] [WARNING] Missing required fields in article: https://vietstock.vn/tai-chinh-ca-nhan/dau-tu-kinh-doanh-nho.htm
[2026-06-27 23:10:27] [TASK_2] [WARNING] Missing required fields in article: https://vietstock.vn/tai-chinh-ca-nhan/doanh-nhan-va-khoi-nghiep.htm
[2026-06-27 23:10:27] [TASK_2] [WARNING] Missing required fields in article: https://vietstock.vn/tai-chinh-ca-nhan/choi-sang.htm
[2026-06-27 23:10:27] [TASK_2] [WARNING] Missing required fields in article: https://vietstock.vn/tai-chinh-ca-nhan/xe-cong-nghe.htm
[2026-06-27 23:10:27] [TASK_2] [WARNING] Missing required fields in article: https://vietstock.vn/tai-chinh-ca-nhan/tieu-dung-va-cuoc-song.htm
[2026-06-27 23:10:27] [TASK_2] [WARNING] Missing required fields in article: https://vietstock.vn/tai-chinh-ca-nhan/vi-cong-dong.htm
[2026-06-27 23:10:27] [TASK_2] [WARNING] Missing required fields in article: https://vietstock.vn/nhan-dinh-phan-tich.htm
[2026-06-27 23:10:27] [TASK_2] [WARNING] Missing required fields in article: https://vietstock.vn/nhan-dinh-phan-tich/nhan-dinh-thi-truong.htm
[2026-06-27 23:10:27] [TASK_2] [WARNING] Missing required fields in article: https://vietstock.vn/nhan-dinh-phan-tich/phan-tich-co-ban.htm
[2026-06-27 23:10:27] [TASK_2] [WARNING] Missing required fields in article: https://vietstock.vn/nhan-dinh-phan-tich/phan-tich-ky-thuat.htm
[2026-06-27 23:10:27] [TASK_2] [WARNING] Missing required fields in article: https://vietstock.vn/dong-duong.htm
[2026-06-27 23:10:27] [TASK_2] [WARNING] Missing required fields in article: https://vietstock.vn/dong-duong/vi-mo-dau-tu.htm
[2026-06-27 23:10:27] [TASK_2] [WARNING] Missing required fields in article: https://vietstock.vn/dong-duong/tai-chinh-ngan-hang.htm
[2026-06-27 23:10:27] [TASK_2] [WARNING] Missing required fields in article: https://vietstock.vn/dong-duong/thi-truong-chung-khoan.htm
[2026-06-27 23:10:27] [TASK_2] [WARNING] Missing required fields in article: https://vietstock.vn/dong-duong/kinh-te-nganh.htm
[2026-06-27 23:10:27] [TASK_2] [WARNING] Missing required fields in article: javascript:void(0)
[2026-06-27 23:10:27] [TASK_2] [WARNING] Missing required fields in article: https://vietstock.vn/chu-de/217-7/quan-he-nha-dau-tu-ir.htm
[2026-06-27 23:10:27] [TASK_2] [WARNING] Missing required fields in article: https://vietstock.vn/chu-de/665-7/dhdcd-thuong-nien-2026.htm
[2026-06-27 23:10:27] [TASK_2] [WARNING] Missing required fields in article: https://vietstock.vn/chu-de/503-7/nang-hang-thi-truong.htm
[2026-06-27 23:10:27] [TASK_2] [WARNING] Missing required fields in article: https://vietstock.vn/chu-de/644-7/trump-20.htm
[2026-06-27 23:10:27] [TASK_2] [WARNING] Missing required fields in article: https://vietstock.vn/chu-de/652-7/trung-tam-tai-chinh.htm
[2026-06-27 23:10:27] [TASK_2] [WARNING] Missing required fields in article: https://vietstock.vn/chu-de/467-7/cac-kenh-dau-tu.htm
[2026-06-27 23:10:27] [TASK_2] [WARNING] Missing required fields in article: https://vietstock.vn/chu-de/1-8/tat-ca.htm
[2026-06-27 23:10:27] [TASK_2] [WARNING] Missing required fields in article: https://finance.vietstock.vn/du-lieu-vi-mo
[2026-06-27 23:10:27] [TASK_2] [WARNING] Missing required fields in article: https://finance.vietstock.vn/du-lieu-nganh.htm
[2026-06-27 23:10:27] [TASK_2] [WARNING] Missing required fields in article: https://finance.vietstock.vn/du-lieu-nganh.htm
[2026-06-27 23:10:27] [TASK_2] [WARNING] Missing required fields in article: https://finance.vietstock.vn/nganh/40-tai-chinh.htm
[2026-06-27 23:10:27] [TASK_2] [WARNING] Missing required fields in article: https://finance.vietstock.vn/doanh-nghiep-a-z?page=1
[2026-06-27 23:10:27] [TASK_2] [WARNING] Missing required fields in article: https://finance.vietstock.vn/doanh-nghiep-a-z?page=1
[2026-06-27 23:10:27] [TASK_2] [WARNING] Missing required fields in article: https://finance.vietstock.vn/lich-su-kien.htm?page=1
[2026-06-27 23:10:27] [TASK_2] [WARNING] Missing required fields in article: https://finance.vietstock.vn/ket-qua-kinh-doanh
[2026-06-27 23:10:27] [TASK_2] [WARNING] Missing required fields in article: https://finance.vietstock.vn/giao-dich-noi-bo
[2026-06-27 23:10:27] [TASK_2] [WARNING] Missing required fields in article: https://finance.vietstock.vn/tai-lieu/bao-cao-tai-chinh.htm
[2026-06-27 23:10:27] [TASK_2] [WARNING] Missing required fields in article: https://finance.vietstock.vn/nien-giam.htm
[2026-06-27 23:10:27] [TASK_2] [WARNING] Missing required fields in article: https://finance.vietstock.vn/chung-khoan-phai-sinh/hop-dong-tuong-lai.htm
[2026-06-27 23:10:27] [TASK_2] [WARNING] Missing required fields in article: https://finance.vietstock.vn/chung-khoan-phai-sinh/hop-dong-tuong-lai.htm
[2026-06-27 23:10:27] [TASK_2] [WARNING] Missing required fields in article: https://finance.vietstock.vn/chung-khoan-phai-sinh/hop-dong-tuong-lai.htm
[2026-06-27 23:10:27] [TASK_2] [WARNING] Missing required fields in article: https://finance.vietstock.vn/chung-khoan-phai-sinh/thong-ke-giao-dich.htm
[2026-06-27 23:10:27] [TASK_2] [WARNING] Missing required fields in article: https://finance.vietstock.vn/chung-khoan-phai-sinh/qui-dinh-huong-dan.htm
[2026-06-27 23:10:27] [TASK_2] [WARNING] Missing required fields in article: https://finance.vietstock.vn/chung-khoan-phai-sinh/chung-quyen.htm
[2026-06-27 23:10:27] [TASK_2] [WARNING] Missing required fields in article: https://finance.vietstock.vn/chung-khoan-phai-sinh/chung-quyen.htm
[2026-06-27 23:10:27] [TASK_2] [WARNING] Missing required fields in article: https://finance.vietstock.vn/chung-khoan-phai-sinh/cw-thong-ke-giao-dich.htm
[2026-06-27 23:10:27] [TASK_2] [WARNING] Missing required fields in article: https://finance.vietstock.vn/chung-khoan-phai-sinh/cw-blackschole.htm
[2026-06-27 23:10:27] [TASK_2] [WARNING] Missing required fields in article: https://finance.vietstock.vn/trai-phieu/tp-doanh-nghiep/tong-quan.htm
[2026-06-27 23:10:27] [TASK_2] [WARNING] Missing required fields in article: https://finance.vietstock.vn/trai-phieu/tp-doanh-nghiep/tong-quan.htm
[2026-06-27 23:10:27] [TASK_2] [WARNING] Missing required fields in article: https://finance.vietstock.vn/trai-phieu/tp-doanh-nghiep/to-chuc-phat-hanh.htm?page=1
[2026-06-27 23:10:27] [TASK_2] [WARNING] Missing required fields in article: https://finance.vietstock.vn/trai-phieu/tp-doanh-nghiep/danh-sach.htm
[2026-06-27 23:10:27] [TASK_2] [WARNING] Missing required fields in article: https://finance.vietstock.vn/trai-phieu/tp-doanh-nghiep/thong-ke-giao-dich.htm
[2026-06-27 23:10:27] [TASK_2] [WARNING] Missing required fields in article: https://finance.vietstock.vn/suc-manh-gia-rrg
[2026-06-27 23:10:27] [TASK_2] [WARNING] Missing required fields in article: https://finance.vietstock.vn/suc-manh-gia-rrg
[2026-06-27 23:10:27] [TASK_2] [WARNING] Missing required fields in article: https://finance.vietstock.vn/phan-tich-ky-thuat.htm
[2026-06-27 23:10:27] [TASK_2] [WARNING] Missing required fields in article: https://banggia.vietstock.vn/
[2026-06-27 23:10:27] [TASK_2] [WARNING] Missing required fields in article: https://finance.vietstock.vn/bo-loc-co-phieu.htm
[2026-06-27 23:10:27] [TASK_2] [WARNING] Missing required fields in article: https://finance.vietstock.vn/so-sanh-co-phieu.htm
[2026-06-27 23:10:27] [TASK_2] [WARNING] Missing required fields in article: https://finance.vietstock.vn/bao-cao-phan-tich
[2026-06-27 23:10:27] [TASK_2] [WARNING] Missing required fields in article: https://finance.vietstock.vn/bieu-do-tai-chinh.htm
[2026-06-27 23:10:27] [TASK_2] [WARNING] Missing required fields in article: https://finance.vietstock.vn/truy-xuat-du-lieu/tong-hop-doanh-nghiep.htm
[2026-06-27 23:10:27] [TASK_2] [WARNING] Missing required fields in article: https://finance.vietstock.vn/truy-xuat-du-lieu/tong-hop-doanh-nghiep.htm
[2026-06-27 23:10:27] [TASK_2] [WARNING] Missing required fields in article: https://finance.vietstock.vn/truy-xuat-du-lieu/bao-cao-tai-chinh.htm
[2026-06-27 23:10:27] [TASK_2] [WARNING] Missing required fields in article: https://finance.vietstock.vn/truy-xuat-du-lieu/bao-cao-tai-chinh-nganh.htm
[2026-06-27 23:10:27] [TASK_2] [WARNING] Missing required fields in article: https://finance.vietstock.vn/du-lieu-vi-mo
[2026-06-27 23:10:27] [TASK_2] [WARNING] Missing required fields in article: https://vietstock.vn/chu-de/1-2/moi-cap-nhat.htm
[2026-06-27 23:10:27] [TASK_2] [WARNING] Missing required fields in article: https://vietstock.vn/chung-khoan.htm
[2026-06-27 23:10:27] [TASK_2] [WARNING] Missing required fields in article: https://vietstock.vn/doanh-nghiep.htm
[2026-06-27 23:10:27] [TASK_2] [WARNING] Missing required fields in article: https://vietstock.vn/bat-dong-san.htm
[2026-06-27 23:10:27] [TASK_2] [WARNING] Missing required fields in article: https://vietstock.vn/tai-chinh.htm
[2026-06-27 23:10:27] [TASK_2] [WARNING] Missing required fields in article: https://vietstock.vn/hang-hoa.htm
[2026-06-27 23:10:28] [TASK_2] [WARNING] Missing required fields in article: https://vietstock.vn/kinh-te.htm
[2026-06-27 23:10:28] [TASK_2] [WARNING] Missing required fields in article: https://vietstock.vn/the-gioi.htm
[2026-06-27 23:10:28] [TASK_2] [WARNING] Missing required fields in article: https://vietstock.vn/tai-chinh-ca-nhan.htm
[2026-06-27 23:10:28] [TASK_2] [WARNING] Missing required fields in article: https://vietstock.vn/nhan-dinh-phan-tich.htm
[2026-06-27 23:10:28] [TASK_2] [WARNING] Missing required fields in article: https://vietstock.vn/dong-duong.htm
[2026-06-27 23:10:28] [TASK_2] [INFO] Vietstock tag page yielded no articles for VCB. Trying finance sub-domain fallback.
[2026-06-27 23:10:29] [TASK_2] [INFO] Vietstock: collected 3 articles for VCB
[2026-06-27 23:10:29] [TASK_2] [INFO] Scraping vietstock for ticker=FPT from 2022-01-01 (existing URLs: 0)
[2026-06-27 23:10:30] [TASK_2] [WARNING] Missing required fields in article: https://vietstock.vn/chu-de/1-2/moi-cap-nhat.htm
[2026-06-27 23:10:30] [TASK_2] [WARNING] Missing required fields in article: https://vietstock.vn/chung-khoan.htm
[2026-06-27 23:10:30] [TASK_2] [WARNING] Missing required fields in article: https://vietstock.vn/chung-khoan/co-phieu.htm
[2026-06-27 23:10:30] [TASK_2] [WARNING] Missing required fields in article: https://vietstock.vn/chung-khoan/giao-dich-noi-bo.htm
[2026-06-27 23:10:30] [TASK_2] [WARNING] Missing required fields in article: https://vietstock.vn/chung-khoan/niem-yet.htm
[2026-06-27 23:10:30] [TASK_2] [WARNING] Missing required fields in article: https://vietstock.vn/chung-khoan/etf-va-cac-quy.htm
[2026-06-27 23:10:30] [TASK_2] [WARNING] Missing required fields in article: https://vietstock.vn/chung-khoan/chung-khoan-phai-sinh.htm
[2026-06-27 23:10:30] [TASK_2] [WARNING] Missing required fields in article: https://vietstock.vn/chung-khoan/chung-quyen.htm
[2026-06-27 23:10:30] [TASK_2] [WARNING] Missing required fields in article: https://vietstock.vn/chung-khoan/y-kien-chuyen-gia.htm
[2026-06-27 23:10:30] [TASK_2] [WARNING] Missing required fields in article: https://vietstock.vn/chung-khoan/cau-chuyen-dau-tu.htm
[2026-06-27 23:10:30] [TASK_2] [WARNING] Missing required fields in article: https://vietstock.vn/chung-khoan/chinh-sach.htm
[2026-06-27 23:10:30] [TASK_2] [WARNING] Missing required fields in article: https://vietstock.vn/chung-khoan/thi-truong-trai-phieu.htm
[2026-06-27 23:10:30] [TASK_2] [WARNING] Missing required fields in article: https://vietstock.vn/doanh-nghiep.htm
[2026-06-27 23:10:30] [TASK_2] [WARNING] Missing required fields in article: https://vietstock.vn/doanh-nghiep/hoat-dong-kinh-doanh.htm
[2026-06-27 23:10:30] [TASK_2] [WARNING] Missing required fields in article: https://vietstock.vn/doanh-nghiep/co-tuc.htm
[2026-06-27 23:10:30] [TASK_2] [WARNING] Missing required fields in article: https://vietstock.vn/doanh-nghiep/tang-von-m-a.htm
[2026-06-27 23:10:30] [TASK_2] [WARNING] Missing required fields in article: https://vietstock.vn/doanh-nghiep/ipo-co-phan-hoa.htm
[2026-06-27 23:10:30] [TASK_2] [WARNING] Missing required fields in article: https://vietstock.vn/doanh-nghiep/nhan-vat.htm
[2026-06-27 23:10:30] [TASK_2] [WARNING] Missing required fields in article: https://vietstock.vn/doanh-nghiep/trai-phieu-doanh-nghiep.htm
[2026-06-27 23:10:30] [TASK_2] [WARNING] Missing required fields in article: https://vietstock.vn/bat-dong-san.htm
[2026-06-27 23:10:30] [TASK_2] [WARNING] Missing required fields in article: https://vietstock.vn/bat-dong-san/thi-truong-nha-dat.htm
[2026-06-27 23:10:30] [TASK_2] [WARNING] Missing required fields in article: https://vietstock.vn/bat-dong-san/quy-hoach-ha-tang.htm
[2026-06-27 23:10:30] [TASK_2] [WARNING] Missing required fields in article: https://vietstock.vn/bat-dong-san/du-an.htm
[2026-06-27 23:10:30] [TASK_2] [WARNING] Missing required fields in article: https://vietstock.vn/bat-dong-san/bao-hiem-va-thue-nha-dat.htm
[2026-06-27 23:10:30] [TASK_2] [WARNING] Missing required fields in article: https://vietstock.vn/tai-chinh.htm
[2026-06-27 23:10:30] [TASK_2] [WARNING] Missing required fields in article: https://vietstock.vn/tai-chinh/ngan-hang.htm
[2026-06-27 23:10:30] [TASK_2] [WARNING] Missing required fields in article: https://vietstock.vn/tai-chinh/bao-hiem.htm
[2026-06-27 23:10:30] [TASK_2] [WARNING] Missing required fields in article: https://vietstock.vn/tai-chinh/thue-va-ngan-sach.htm
[2026-06-27 23:10:30] [TASK_2] [WARNING] Missing required fields in article: https://vietstock.vn/tai-chinh/tai-san-so.htm
[2026-06-27 23:10:30] [TASK_2] [WARNING] Missing required fields in article: https://vietstock.vn/hang-hoa.htm
[2026-06-27 23:10:30] [TASK_2] [WARNING] Missing required fields in article: https://vietstock.vn/hang-hoa/vang-va-kim-loai-quy.htm
[2026-06-27 23:10:30] [TASK_2] [WARNING] Missing required fields in article: https://vietstock.vn/hang-hoa/nhien-lieu.htm
[2026-06-27 23:10:30] [TASK_2] [WARNING] Missing required fields in article: https://vietstock.vn/hang-hoa/kim-loai.htm
[2026-06-27 23:10:30] [TASK_2] [WARNING] Missing required fields in article: https://vietstock.vn/hang-hoa/nong-san-thuc-pham.htm
[2026-06-27 23:10:30] [TASK_2] [WARNING] Missing required fields in article: https://vietstock.vn/kinh-te.htm
[2026-06-27 23:10:30] [TASK_2] [WARNING] Missing required fields in article: https://vietstock.vn/kinh-te/vi-mo.htm
[2026-06-27 23:10:30] [TASK_2] [WARNING] Missing required fields in article: https://vietstock.vn/kinh-te/kinh-te-dau-tu.htm
[2026-06-27 23:10:30] [TASK_2] [WARNING] Missing required fields in article: https://vietstock.vn/the-gioi.htm
[2026-06-27 23:10:30] [TASK_2] [WARNING] Missing required fields in article: https://vietstock.vn/the-gioi/chung-khoan-the-gioi.htm
[2026-06-27 23:10:30] [TASK_2] [WARNING] Missing required fields in article: https://vietstock.vn/the-gioi/tien-ky-thuat-so.htm
[2026-06-27 23:10:30] [TASK_2] [WARNING] Missing required fields in article: https://vietstock.vn/the-gioi/tai-chinh-quoc-te.htm
[2026-06-27 23:10:30] [TASK_2] [WARNING] Missing required fields in article: https://vietstock.vn/the-gioi/kinh-te-nganh.htm
[2026-06-27 23:10:30] [TASK_2] [WARNING] Missing required fields in article: https://vietstock.vn/tai-chinh-ca-nhan.htm
[2026-06-27 23:10:30] [TASK_2] [WARNING] Missing required fields in article: https://vietstock.vn/tai-chinh-ca-nhan/lam-chu-dong-tien.htm
[2026-06-27 23:10:30] [TASK_2] [WARNING] Missing required fields in article: https://vietstock.vn/tai-chinh-ca-nhan/dau-tu-kinh-doanh-nho.htm
[2026-06-27 23:10:30] [TASK_2] [WARNING] Missing required fields in article: https://vietstock.vn/tai-chinh-ca-nhan/doanh-nhan-va-khoi-nghiep.htm
[2026-06-27 23:10:30] [TASK_2] [WARNING] Missing required fields in article: https://vietstock.vn/tai-chinh-ca-nhan/choi-sang.htm
[2026-06-27 23:10:30] [TASK_2] [WARNING] Missing required fields in article: https://vietstock.vn/tai-chinh-ca-nhan/xe-cong-nghe.htm
[2026-06-27 23:10:30] [TASK_2] [WARNING] Missing required fields in article: https://vietstock.vn/tai-chinh-ca-nhan/tieu-dung-va-cuoc-song.htm
[2026-06-27 23:10:30] [TASK_2] [WARNING] Missing required fields in article: https://vietstock.vn/tai-chinh-ca-nhan/vi-cong-dong.htm
[2026-06-27 23:10:30] [TASK_2] [WARNING] Missing required fields in article: https://vietstock.vn/nhan-dinh-phan-tich.htm
[2026-06-27 23:10:30] [TASK_2] [WARNING] Missing required fields in article: https://vietstock.vn/nhan-dinh-phan-tich/nhan-dinh-thi-truong.htm
[2026-06-27 23:10:30] [TASK_2] [WARNING] Missing required fields in article: https://vietstock.vn/nhan-dinh-phan-tich/phan-tich-co-ban.htm
[2026-06-27 23:10:30] [TASK_2] [WARNING] Missing required fields in article: https://vietstock.vn/nhan-dinh-phan-tich/phan-tich-ky-thuat.htm
[2026-06-27 23:10:30] [TASK_2] [WARNING] Missing required fields in article: https://vietstock.vn/dong-duong.htm
[2026-06-27 23:10:30] [TASK_2] [WARNING] Missing required fields in article: https://vietstock.vn/dong-duong/vi-mo-dau-tu.htm
[2026-06-27 23:10:30] [TASK_2] [WARNING] Missing required fields in article: https://vietstock.vn/dong-duong/tai-chinh-ngan-hang.htm
[2026-06-27 23:10:30] [TASK_2] [WARNING] Missing required fields in article: https://vietstock.vn/dong-duong/thi-truong-chung-khoan.htm
[2026-06-27 23:10:30] [TASK_2] [WARNING] Missing required fields in article: https://vietstock.vn/dong-duong/kinh-te-nganh.htm
[2026-06-27 23:10:30] [TASK_2] [WARNING] Missing required fields in article: javascript:void(0)
[2026-06-27 23:10:30] [TASK_2] [WARNING] Missing required fields in article: https://vietstock.vn/chu-de/217-7/quan-he-nha-dau-tu-ir.htm
[2026-06-27 23:10:30] [TASK_2] [WARNING] Missing required fields in article: https://vietstock.vn/chu-de/665-7/dhdcd-thuong-nien-2026.htm
[2026-06-27 23:10:30] [TASK_2] [WARNING] Missing required fields in article: https://vietstock.vn/chu-de/503-7/nang-hang-thi-truong.htm
[2026-06-27 23:10:30] [TASK_2] [WARNING] Missing required fields in article: https://vietstock.vn/chu-de/644-7/trump-20.htm
[2026-06-27 23:10:30] [TASK_2] [WARNING] Missing required fields in article: https://vietstock.vn/chu-de/652-7/trung-tam-tai-chinh.htm
[2026-06-27 23:10:30] [TASK_2] [WARNING] Missing required fields in article: https://vietstock.vn/chu-de/467-7/cac-kenh-dau-tu.htm
[2026-06-27 23:10:30] [TASK_2] [WARNING] Missing required fields in article: https://vietstock.vn/chu-de/1-8/tat-ca.htm
[2026-06-27 23:10:30] [TASK_2] [WARNING] Missing required fields in article: https://finance.vietstock.vn/du-lieu-vi-mo
[2026-06-27 23:10:30] [TASK_2] [WARNING] Missing required fields in article: https://finance.vietstock.vn/du-lieu-nganh.htm
[2026-06-27 23:10:30] [TASK_2] [WARNING] Missing required fields in article: https://finance.vietstock.vn/du-lieu-nganh.htm
[2026-06-27 23:10:30] [TASK_2] [WARNING] Missing required fields in article: https://finance.vietstock.vn/nganh/40-tai-chinh.htm
[2026-06-27 23:10:30] [TASK_2] [WARNING] Missing required fields in article: https://finance.vietstock.vn/doanh-nghiep-a-z?page=1
[2026-06-27 23:10:30] [TASK_2] [WARNING] Missing required fields in article: https://finance.vietstock.vn/doanh-nghiep-a-z?page=1
[2026-06-27 23:10:30] [TASK_2] [WARNING] Missing required fields in article: https://finance.vietstock.vn/lich-su-kien.htm?page=1
[2026-06-27 23:10:30] [TASK_2] [WARNING] Missing required fields in article: https://finance.vietstock.vn/ket-qua-kinh-doanh
[2026-06-27 23:10:30] [TASK_2] [WARNING] Missing required fields in article: https://finance.vietstock.vn/giao-dich-noi-bo
[2026-06-27 23:10:30] [TASK_2] [WARNING] Missing required fields in article: https://finance.vietstock.vn/tai-lieu/bao-cao-tai-chinh.htm
[2026-06-27 23:10:30] [TASK_2] [WARNING] Missing required fields in article: https://finance.vietstock.vn/nien-giam.htm
[2026-06-27 23:10:30] [TASK_2] [WARNING] Missing required fields in article: https://finance.vietstock.vn/chung-khoan-phai-sinh/hop-dong-tuong-lai.htm
[2026-06-27 23:10:30] [TASK_2] [WARNING] Missing required fields in article: https://finance.vietstock.vn/chung-khoan-phai-sinh/hop-dong-tuong-lai.htm
[2026-06-27 23:10:30] [TASK_2] [WARNING] Missing required fields in article: https://finance.vietstock.vn/chung-khoan-phai-sinh/hop-dong-tuong-lai.htm
[2026-06-27 23:10:30] [TASK_2] [WARNING] Missing required fields in article: https://finance.vietstock.vn/chung-khoan-phai-sinh/thong-ke-giao-dich.htm
[2026-06-27 23:10:30] [TASK_2] [WARNING] Missing required fields in article: https://finance.vietstock.vn/chung-khoan-phai-sinh/qui-dinh-huong-dan.htm
[2026-06-27 23:10:30] [TASK_2] [WARNING] Missing required fields in article: https://finance.vietstock.vn/chung-khoan-phai-sinh/chung-quyen.htm
[2026-06-27 23:10:30] [TASK_2] [WARNING] Missing required fields in article: https://finance.vietstock.vn/chung-khoan-phai-sinh/chung-quyen.htm
[2026-06-27 23:10:30] [TASK_2] [WARNING] Missing required fields in article: https://finance.vietstock.vn/chung-khoan-phai-sinh/cw-thong-ke-giao-dich.htm
[2026-06-27 23:10:30] [TASK_2] [WARNING] Missing required fields in article: https://finance.vietstock.vn/chung-khoan-phai-sinh/cw-blackschole.htm
[2026-06-27 23:10:30] [TASK_2] [WARNING] Missing required fields in article: https://finance.vietstock.vn/trai-phieu/tp-doanh-nghiep/tong-quan.htm
[2026-06-27 23:10:30] [TASK_2] [WARNING] Missing required fields in article: https://finance.vietstock.vn/trai-phieu/tp-doanh-nghiep/tong-quan.htm
[2026-06-27 23:10:30] [TASK_2] [WARNING] Missing required fields in article: https://finance.vietstock.vn/trai-phieu/tp-doanh-nghiep/to-chuc-phat-hanh.htm?page=1
[2026-06-27 23:10:30] [TASK_2] [WARNING] Missing required fields in article: https://finance.vietstock.vn/trai-phieu/tp-doanh-nghiep/danh-sach.htm
[2026-06-27 23:10:30] [TASK_2] [WARNING] Missing required fields in article: https://finance.vietstock.vn/trai-phieu/tp-doanh-nghiep/thong-ke-giao-dich.htm
[2026-06-27 23:10:30] [TASK_2] [WARNING] Missing required fields in article: https://finance.vietstock.vn/suc-manh-gia-rrg
[2026-06-27 23:10:30] [TASK_2] [WARNING] Missing required fields in article: https://finance.vietstock.vn/suc-manh-gia-rrg
[2026-06-27 23:10:30] [TASK_2] [WARNING] Missing required fields in article: https://finance.vietstock.vn/phan-tich-ky-thuat.htm
[2026-06-27 23:10:30] [TASK_2] [WARNING] Missing required fields in article: https://banggia.vietstock.vn/
[2026-06-27 23:10:30] [TASK_2] [WARNING] Missing required fields in article: https://finance.vietstock.vn/bo-loc-co-phieu.htm
[2026-06-27 23:10:30] [TASK_2] [WARNING] Missing required fields in article: https://finance.vietstock.vn/so-sanh-co-phieu.htm
[2026-06-27 23:10:30] [TASK_2] [WARNING] Missing required fields in article: https://finance.vietstock.vn/bao-cao-phan-tich
[2026-06-27 23:10:30] [TASK_2] [WARNING] Missing required fields in article: https://finance.vietstock.vn/bieu-do-tai-chinh.htm
[2026-06-27 23:10:30] [TASK_2] [WARNING] Missing required fields in article: https://finance.vietstock.vn/truy-xuat-du-lieu/tong-hop-doanh-nghiep.htm
[2026-06-27 23:10:30] [TASK_2] [WARNING] Missing required fields in article: https://finance.vietstock.vn/truy-xuat-du-lieu/tong-hop-doanh-nghiep.htm
[2026-06-27 23:10:30] [TASK_2] [WARNING] Missing required fields in article: https://finance.vietstock.vn/truy-xuat-du-lieu/bao-cao-tai-chinh.htm
[2026-06-27 23:10:30] [TASK_2] [WARNING] Missing required fields in article: https://finance.vietstock.vn/truy-xuat-du-lieu/bao-cao-tai-chinh-nganh.htm
[2026-06-27 23:10:30] [TASK_2] [WARNING] Missing required fields in article: https://finance.vietstock.vn/du-lieu-vi-mo
[2026-06-27 23:10:30] [TASK_2] [WARNING] Missing required fields in article: https://vietstock.vn/chu-de/1-2/moi-cap-nhat.htm
[2026-06-27 23:10:30] [TASK_2] [WARNING] Missing required fields in article: https://vietstock.vn/chung-khoan.htm
[2026-06-27 23:10:30] [TASK_2] [WARNING] Missing required fields in article: https://vietstock.vn/doanh-nghiep.htm
[2026-06-27 23:10:30] [TASK_2] [WARNING] Missing required fields in article: https://vietstock.vn/bat-dong-san.htm
[2026-06-27 23:10:30] [TASK_2] [WARNING] Missing required fields in article: https://vietstock.vn/tai-chinh.htm
[2026-06-27 23:10:30] [TASK_2] [WARNING] Missing required fields in article: https://vietstock.vn/hang-hoa.htm
[2026-06-27 23:10:30] [TASK_2] [WARNING] Missing required fields in article: https://vietstock.vn/kinh-te.htm
[2026-06-27 23:10:30] [TASK_2] [WARNING] Missing required fields in article: https://vietstock.vn/the-gioi.htm
[2026-06-27 23:10:30] [TASK_2] [WARNING] Missing required fields in article: https://vietstock.vn/tai-chinh-ca-nhan.htm
[2026-06-27 23:10:30] [TASK_2] [WARNING] Missing required fields in article: https://vietstock.vn/nhan-dinh-phan-tich.htm
[2026-06-27 23:10:30] [TASK_2] [WARNING] Missing required fields in article: https://vietstock.vn/dong-duong.htm
[2026-06-27 23:10:31] [TASK_2] [WARNING] Missing required fields in article: https://vietstock.vn/chu-de/1-2/moi-cap-nhat.htm
[2026-06-27 23:10:31] [TASK_2] [WARNING] Missing required fields in article: https://vietstock.vn/chung-khoan.htm
[2026-06-27 23:10:31] [TASK_2] [WARNING] Missing required fields in article: https://vietstock.vn/chung-khoan/co-phieu.htm
[2026-06-27 23:10:31] [TASK_2] [WARNING] Missing required fields in article: https://vietstock.vn/chung-khoan/giao-dich-noi-bo.htm
[2026-06-27 23:10:31] [TASK_2] [WARNING] Missing required fields in article: https://vietstock.vn/chung-khoan/niem-yet.htm
[2026-06-27 23:10:31] [TASK_2] [WARNING] Missing required fields in article: https://vietstock.vn/chung-khoan/etf-va-cac-quy.htm
[2026-06-27 23:10:31] [TASK_2] [WARNING] Missing required fields in article: https://vietstock.vn/chung-khoan/chung-khoan-phai-sinh.htm
[2026-06-27 23:10:31] [TASK_2] [WARNING] Missing required fields in article: https://vietstock.vn/chung-khoan/chung-quyen.htm
[2026-06-27 23:10:31] [TASK_2] [WARNING] Missing required fields in article: https://vietstock.vn/chung-khoan/y-kien-chuyen-gia.htm
[2026-06-27 23:10:31] [TASK_2] [WARNING] Missing required fields in article: https://vietstock.vn/chung-khoan/cau-chuyen-dau-tu.htm
[2026-06-27 23:10:31] [TASK_2] [WARNING] Missing required fields in article: https://vietstock.vn/chung-khoan/chinh-sach.htm
[2026-06-27 23:10:31] [TASK_2] [WARNING] Missing required fields in article: https://vietstock.vn/chung-khoan/thi-truong-trai-phieu.htm
[2026-06-27 23:10:31] [TASK_2] [WARNING] Missing required fields in article: https://vietstock.vn/doanh-nghiep.htm
[2026-06-27 23:10:31] [TASK_2] [WARNING] Missing required fields in article: https://vietstock.vn/doanh-nghiep/hoat-dong-kinh-doanh.htm
[2026-06-27 23:10:31] [TASK_2] [WARNING] Missing required fields in article: https://vietstock.vn/doanh-nghiep/co-tuc.htm
[2026-06-27 23:10:31] [TASK_2] [WARNING] Missing required fields in article: https://vietstock.vn/doanh-nghiep/tang-von-m-a.htm
[2026-06-27 23:10:31] [TASK_2] [WARNING] Missing required fields in article: https://vietstock.vn/doanh-nghiep/ipo-co-phan-hoa.htm
[2026-06-27 23:10:31] [TASK_2] [WARNING] Missing required fields in article: https://vietstock.vn/doanh-nghiep/nhan-vat.htm
[2026-06-27 23:10:31] [TASK_2] [WARNING] Missing required fields in article: https://vietstock.vn/doanh-nghiep/trai-phieu-doanh-nghiep.htm
[2026-06-27 23:10:31] [TASK_2] [WARNING] Missing required fields in article: https://vietstock.vn/bat-dong-san.htm
[2026-06-27 23:10:31] [TASK_2] [WARNING] Missing required fields in article: https://vietstock.vn/bat-dong-san/thi-truong-nha-dat.htm
[2026-06-27 23:10:31] [TASK_2] [WARNING] Missing required fields in article: https://vietstock.vn/bat-dong-san/quy-hoach-ha-tang.htm
[2026-06-27 23:10:31] [TASK_2] [WARNING] Missing required fields in article: https://vietstock.vn/bat-dong-san/du-an.htm
[2026-06-27 23:10:31] [TASK_2] [WARNING] Missing required fields in article: https://vietstock.vn/bat-dong-san/bao-hiem-va-thue-nha-dat.htm
[2026-06-27 23:10:31] [TASK_2] [WARNING] Missing required fields in article: https://vietstock.vn/tai-chinh.htm
[2026-06-27 23:10:31] [TASK_2] [WARNING] Missing required fields in article: https://vietstock.vn/tai-chinh/ngan-hang.htm
[2026-06-27 23:10:32] [TASK_2] [WARNING] Missing required fields in article: https://vietstock.vn/tai-chinh/bao-hiem.htm
[2026-06-27 23:10:32] [TASK_2] [WARNING] Missing required fields in article: https://vietstock.vn/tai-chinh/thue-va-ngan-sach.htm
[2026-06-27 23:10:32] [TASK_2] [WARNING] Missing required fields in article: https://vietstock.vn/tai-chinh/tai-san-so.htm
[2026-06-27 23:10:32] [TASK_2] [WARNING] Missing required fields in article: https://vietstock.vn/hang-hoa.htm
[2026-06-27 23:10:32] [TASK_2] [WARNING] Missing required fields in article: https://vietstock.vn/hang-hoa/vang-va-kim-loai-quy.htm
[2026-06-27 23:10:32] [TASK_2] [WARNING] Missing required fields in article: https://vietstock.vn/hang-hoa/nhien-lieu.htm
[2026-06-27 23:10:32] [TASK_2] [WARNING] Missing required fields in article: https://vietstock.vn/hang-hoa/kim-loai.htm
[2026-06-27 23:10:32] [TASK_2] [WARNING] Missing required fields in article: https://vietstock.vn/hang-hoa/nong-san-thuc-pham.htm
[2026-06-27 23:10:32] [TASK_2] [WARNING] Missing required fields in article: https://vietstock.vn/kinh-te.htm
[2026-06-27 23:10:32] [TASK_2] [WARNING] Missing required fields in article: https://vietstock.vn/kinh-te/vi-mo.htm
[2026-06-27 23:10:32] [TASK_2] [WARNING] Missing required fields in article: https://vietstock.vn/kinh-te/kinh-te-dau-tu.htm
[2026-06-27 23:10:32] [TASK_2] [WARNING] Missing required fields in article: https://vietstock.vn/the-gioi.htm
[2026-06-27 23:10:32] [TASK_2] [WARNING] Missing required fields in article: https://vietstock.vn/the-gioi/chung-khoan-the-gioi.htm
[2026-06-27 23:10:32] [TASK_2] [WARNING] Missing required fields in article: https://vietstock.vn/the-gioi/tien-ky-thuat-so.htm
[2026-06-27 23:10:32] [TASK_2] [WARNING] Missing required fields in article: https://vietstock.vn/the-gioi/tai-chinh-quoc-te.htm
[2026-06-27 23:10:32] [TASK_2] [WARNING] Missing required fields in article: https://vietstock.vn/the-gioi/kinh-te-nganh.htm
[2026-06-27 23:10:32] [TASK_2] [WARNING] Missing required fields in article: https://vietstock.vn/tai-chinh-ca-nhan.htm
[2026-06-27 23:10:32] [TASK_2] [WARNING] Missing required fields in article: https://vietstock.vn/tai-chinh-ca-nhan/lam-chu-dong-tien.htm
[2026-06-27 23:10:32] [TASK_2] [WARNING] Missing required fields in article: https://vietstock.vn/tai-chinh-ca-nhan/dau-tu-kinh-doanh-nho.htm
[2026-06-27 23:10:32] [TASK_2] [WARNING] Missing required fields in article: https://vietstock.vn/tai-chinh-ca-nhan/doanh-nhan-va-khoi-nghiep.htm
[2026-06-27 23:10:32] [TASK_2] [WARNING] Missing required fields in article: https://vietstock.vn/tai-chinh-ca-nhan/choi-sang.htm
[2026-06-27 23:10:32] [TASK_2] [WARNING] Missing required fields in article: https://vietstock.vn/tai-chinh-ca-nhan/xe-cong-nghe.htm
[2026-06-27 23:10:32] [TASK_2] [WARNING] Missing required fields in article: https://vietstock.vn/tai-chinh-ca-nhan/tieu-dung-va-cuoc-song.htm
[2026-06-27 23:10:32] [TASK_2] [WARNING] Missing required fields in article: https://vietstock.vn/tai-chinh-ca-nhan/vi-cong-dong.htm
[2026-06-27 23:10:32] [TASK_2] [WARNING] Missing required fields in article: https://vietstock.vn/nhan-dinh-phan-tich.htm
[2026-06-27 23:10:32] [TASK_2] [WARNING] Missing required fields in article: https://vietstock.vn/nhan-dinh-phan-tich/nhan-dinh-thi-truong.htm
[2026-06-27 23:10:32] [TASK_2] [WARNING] Missing required fields in article: https://vietstock.vn/nhan-dinh-phan-tich/phan-tich-co-ban.htm
[2026-06-27 23:10:32] [TASK_2] [WARNING] Missing required fields in article: https://vietstock.vn/nhan-dinh-phan-tich/phan-tich-ky-thuat.htm
[2026-06-27 23:10:32] [TASK_2] [WARNING] Missing required fields in article: https://vietstock.vn/dong-duong.htm
[2026-06-27 23:10:32] [TASK_2] [WARNING] Missing required fields in article: https://vietstock.vn/dong-duong/vi-mo-dau-tu.htm
[2026-06-27 23:10:32] [TASK_2] [WARNING] Missing required fields in article: https://vietstock.vn/dong-duong/tai-chinh-ngan-hang.htm
[2026-06-27 23:10:32] [TASK_2] [WARNING] Missing required fields in article: https://vietstock.vn/dong-duong/thi-truong-chung-khoan.htm
[2026-06-27 23:10:32] [TASK_2] [WARNING] Missing required fields in article: https://vietstock.vn/dong-duong/kinh-te-nganh.htm
[2026-06-27 23:10:32] [TASK_2] [WARNING] Missing required fields in article: javascript:void(0)
[2026-06-27 23:10:32] [TASK_2] [WARNING] Missing required fields in article: https://vietstock.vn/chu-de/217-7/quan-he-nha-dau-tu-ir.htm
[2026-06-27 23:10:32] [TASK_2] [WARNING] Missing required fields in article: https://vietstock.vn/chu-de/665-7/dhdcd-thuong-nien-2026.htm
[2026-06-27 23:10:32] [TASK_2] [WARNING] Missing required fields in article: https://vietstock.vn/chu-de/503-7/nang-hang-thi-truong.htm
[2026-06-27 23:10:32] [TASK_2] [WARNING] Missing required fields in article: https://vietstock.vn/chu-de/644-7/trump-20.htm
[2026-06-27 23:10:32] [TASK_2] [WARNING] Missing required fields in article: https://vietstock.vn/chu-de/652-7/trung-tam-tai-chinh.htm
[2026-06-27 23:10:32] [TASK_2] [WARNING] Missing required fields in article: https://vietstock.vn/chu-de/467-7/cac-kenh-dau-tu.htm
[2026-06-27 23:10:32] [TASK_2] [WARNING] Missing required fields in article: https://vietstock.vn/chu-de/1-8/tat-ca.htm
[2026-06-27 23:10:32] [TASK_2] [WARNING] Missing required fields in article: https://finance.vietstock.vn/du-lieu-vi-mo
[2026-06-27 23:10:32] [TASK_2] [WARNING] Missing required fields in article: https://finance.vietstock.vn/du-lieu-nganh.htm
[2026-06-27 23:10:32] [TASK_2] [WARNING] Missing required fields in article: https://finance.vietstock.vn/du-lieu-nganh.htm
[2026-06-27 23:10:32] [TASK_2] [WARNING] Missing required fields in article: https://finance.vietstock.vn/nganh/40-tai-chinh.htm
[2026-06-27 23:10:32] [TASK_2] [WARNING] Missing required fields in article: https://finance.vietstock.vn/doanh-nghiep-a-z?page=1
[2026-06-27 23:10:32] [TASK_2] [WARNING] Missing required fields in article: https://finance.vietstock.vn/doanh-nghiep-a-z?page=1
[2026-06-27 23:10:32] [TASK_2] [WARNING] Missing required fields in article: https://finance.vietstock.vn/lich-su-kien.htm?page=1
[2026-06-27 23:10:32] [TASK_2] [WARNING] Missing required fields in article: https://finance.vietstock.vn/ket-qua-kinh-doanh
[2026-06-27 23:10:32] [TASK_2] [WARNING] Missing required fields in article: https://finance.vietstock.vn/giao-dich-noi-bo
[2026-06-27 23:10:32] [TASK_2] [WARNING] Missing required fields in article: https://finance.vietstock.vn/tai-lieu/bao-cao-tai-chinh.htm
[2026-06-27 23:10:32] [TASK_2] [WARNING] Missing required fields in article: https://finance.vietstock.vn/nien-giam.htm
[2026-06-27 23:10:32] [TASK_2] [WARNING] Missing required fields in article: https://finance.vietstock.vn/chung-khoan-phai-sinh/hop-dong-tuong-lai.htm
[2026-06-27 23:10:32] [TASK_2] [WARNING] Missing required fields in article: https://finance.vietstock.vn/chung-khoan-phai-sinh/hop-dong-tuong-lai.htm
[2026-06-27 23:10:32] [TASK_2] [WARNING] Missing required fields in article: https://finance.vietstock.vn/chung-khoan-phai-sinh/hop-dong-tuong-lai.htm
[2026-06-27 23:10:32] [TASK_2] [WARNING] Missing required fields in article: https://finance.vietstock.vn/chung-khoan-phai-sinh/thong-ke-giao-dich.htm
[2026-06-27 23:10:32] [TASK_2] [WARNING] Missing required fields in article: https://finance.vietstock.vn/chung-khoan-phai-sinh/qui-dinh-huong-dan.htm
[2026-06-27 23:10:32] [TASK_2] [WARNING] Missing required fields in article: https://finance.vietstock.vn/chung-khoan-phai-sinh/chung-quyen.htm
[2026-06-27 23:10:32] [TASK_2] [WARNING] Missing required fields in article: https://finance.vietstock.vn/chung-khoan-phai-sinh/chung-quyen.htm
[2026-06-27 23:10:32] [TASK_2] [WARNING] Missing required fields in article: https://finance.vietstock.vn/chung-khoan-phai-sinh/cw-thong-ke-giao-dich.htm
[2026-06-27 23:10:32] [TASK_2] [WARNING] Missing required fields in article: https://finance.vietstock.vn/chung-khoan-phai-sinh/cw-blackschole.htm
[2026-06-27 23:10:32] [TASK_2] [WARNING] Missing required fields in article: https://finance.vietstock.vn/trai-phieu/tp-doanh-nghiep/tong-quan.htm
[2026-06-27 23:10:32] [TASK_2] [WARNING] Missing required fields in article: https://finance.vietstock.vn/trai-phieu/tp-doanh-nghiep/tong-quan.htm
[2026-06-27 23:10:32] [TASK_2] [WARNING] Missing required fields in article: https://finance.vietstock.vn/trai-phieu/tp-doanh-nghiep/to-chuc-phat-hanh.htm?page=1
[2026-06-27 23:10:32] [TASK_2] [WARNING] Missing required fields in article: https://finance.vietstock.vn/trai-phieu/tp-doanh-nghiep/danh-sach.htm
[2026-06-27 23:10:32] [TASK_2] [WARNING] Missing required fields in article: https://finance.vietstock.vn/trai-phieu/tp-doanh-nghiep/thong-ke-giao-dich.htm
[2026-06-27 23:10:32] [TASK_2] [WARNING] Missing required fields in article: https://finance.vietstock.vn/suc-manh-gia-rrg
[2026-06-27 23:10:32] [TASK_2] [WARNING] Missing required fields in article: https://finance.vietstock.vn/suc-manh-gia-rrg
[2026-06-27 23:10:32] [TASK_2] [WARNING] Missing required fields in article: https://finance.vietstock.vn/phan-tich-ky-thuat.htm
[2026-06-27 23:10:32] [TASK_2] [WARNING] Missing required fields in article: https://banggia.vietstock.vn/
[2026-06-27 23:10:32] [TASK_2] [WARNING] Missing required fields in article: https://finance.vietstock.vn/bo-loc-co-phieu.htm
[2026-06-27 23:10:32] [TASK_2] [WARNING] Missing required fields in article: https://finance.vietstock.vn/so-sanh-co-phieu.htm
[2026-06-27 23:10:32] [TASK_2] [WARNING] Missing required fields in article: https://finance.vietstock.vn/bao-cao-phan-tich
[2026-06-27 23:10:32] [TASK_2] [WARNING] Missing required fields in article: https://finance.vietstock.vn/bieu-do-tai-chinh.htm
[2026-06-27 23:10:32] [TASK_2] [WARNING] Missing required fields in article: https://finance.vietstock.vn/truy-xuat-du-lieu/tong-hop-doanh-nghiep.htm
[2026-06-27 23:10:32] [TASK_2] [WARNING] Missing required fields in article: https://finance.vietstock.vn/truy-xuat-du-lieu/tong-hop-doanh-nghiep.htm
[2026-06-27 23:10:32] [TASK_2] [WARNING] Missing required fields in article: https://finance.vietstock.vn/truy-xuat-du-lieu/bao-cao-tai-chinh.htm
[2026-06-27 23:10:32] [TASK_2] [WARNING] Missing required fields in article: https://finance.vietstock.vn/truy-xuat-du-lieu/bao-cao-tai-chinh-nganh.htm
[2026-06-27 23:10:32] [TASK_2] [WARNING] Missing required fields in article: https://finance.vietstock.vn/du-lieu-vi-mo
[2026-06-27 23:10:32] [TASK_2] [WARNING] Missing required fields in article: https://vietstock.vn/chu-de/1-2/moi-cap-nhat.htm
[2026-06-27 23:10:32] [TASK_2] [WARNING] Missing required fields in article: https://vietstock.vn/chung-khoan.htm
[2026-06-27 23:10:32] [TASK_2] [WARNING] Missing required fields in article: https://vietstock.vn/doanh-nghiep.htm
[2026-06-27 23:10:32] [TASK_2] [WARNING] Missing required fields in article: https://vietstock.vn/bat-dong-san.htm
[2026-06-27 23:10:32] [TASK_2] [WARNING] Missing required fields in article: https://vietstock.vn/tai-chinh.htm
[2026-06-27 23:10:32] [TASK_2] [WARNING] Missing required fields in article: https://vietstock.vn/hang-hoa.htm
[2026-06-27 23:10:32] [TASK_2] [WARNING] Missing required fields in article: https://vietstock.vn/kinh-te.htm
[2026-06-27 23:10:32] [TASK_2] [WARNING] Missing required fields in article: https://vietstock.vn/the-gioi.htm
[2026-06-27 23:10:32] [TASK_2] [WARNING] Missing required fields in article: https://vietstock.vn/tai-chinh-ca-nhan.htm
[2026-06-27 23:10:32] [TASK_2] [WARNING] Missing required fields in article: https://vietstock.vn/nhan-dinh-phan-tich.htm
[2026-06-27 23:10:32] [TASK_2] [WARNING] Missing required fields in article: https://vietstock.vn/dong-duong.htm
[2026-06-27 23:10:32] [TASK_2] [INFO] Vietstock tag page yielded no articles for FPT. Trying finance sub-domain fallback.
[2026-06-27 23:10:33] [TASK_2] [INFO] Vietstock: collected 3 articles for FPT
[2026-06-27 23:10:33] [TASK_2] [INFO] ============================================================
[2026-06-27 23:10:33] [TASK_2] [INFO] SCRAPING REPORT — VIETSTOCK
[2026-06-27 23:10:33] [TASK_2] [INFO] ============================================================
[2026-06-27 23:10:33] [TASK_2] [INFO]   FPT   : 3 articles (2026-07-25 to 2026-07-25)
[2026-06-27 23:10:33] [TASK_2] [INFO]   VCB   : 3 articles (2026-07-25 to 2026-07-25)
[2026-06-27 23:10:33] [TASK_2] [INFO]   VNM   : 1 articles (2026-07-25 to 2026-07-25)
[2026-06-27 23:10:33] [TASK_2] [INFO] ------------------------------------------------------------
[2026-06-27 23:10:33] [TASK_2] [INFO] Total articles from VIETSTOCK: 7
[2026-06-27 23:10:33] [TASK_2] [INFO] ============================================================
[2026-06-27 23:10:33] [TASK_2] [INFO] Scraping tnck for ticker=ALL from 2022-01-01 (existing URLs: 0)
[2026-06-27 23:10:33] [TASK_2] [INFO] TNCK: searching by VN30 ticker symbols…
[2026-06-27 23:10:34] [TASK_2] [WARNING] Missing required fields in article: https://www.tinnhanhchungkhoan.vn/bao-dau-tu-so-49-50-post392804.html
[2026-06-27 23:10:34] [TASK_2] [WARNING] Missing required fields in article: https://www.tinnhanhchungkhoan.vn/vietnam-investment-review-so-1810-post392791.html
[2026-06-27 23:10:34] [TASK_2] [WARNING] Missing required fields in article: https://www.tinnhanhchungkhoan.vn/bao-dau-tu-chung-khoan-so-25-post392730.html
[2026-06-27 23:10:34] [TASK_2] [WARNING] Missing required fields in article: https://www.tinnhanhchungkhoan.vn/bhh-ngay-gdkhq-tra-co-tuc-nam-2025-bang-tien-7-post392773.html
[2026-06-27 23:10:34] [TASK_2] [WARNING] Missing required fields in article: https://www.tinnhanhchungkhoan.vn/vhm-ngay-gdkhq-tra-co-tuc-bang-tien-60-post392779.html
[2026-06-27 23:10:34] [TASK_2] [WARNING] Missing required fields in article: https://www.tinnhanhchungkhoan.vn/cmd-ngay-gdkhq-tam-ung-co-tuc-dot-1-nam-2026-bang-tien-10-post392786.html
[2026-06-27 23:10:34] [TASK_2] [WARNING] Missing required fields in article: https://www.tinnhanhchungkhoan.vn/vbc-ngay-gdkhq-tra-co-tuc-nam-2025-bang-tien-18-post392792.html
[2026-06-27 23:10:34] [TASK_2] [WARNING] Missing required fields in article: https://www.tinnhanhchungkhoan.vn/ccl-ngay-gdkhq-tra-co-tuc-nam-2025-bang-co-phieu-101-post392793.html
[2026-06-27 23:10:34] [TASK_2] [WARNING] Missing required fields in article: https://www.tinnhanhchungkhoan.vn/htc-ngay-gdkhq-tam-ung-co-tuc-dot-1-nam-2026-bang-tien-3-post392798.html
[2026-06-27 23:10:34] [TASK_2] [WARNING] Missing required fields in article: https://www.tinnhanhchungkhoan.vn/khp-ngay-gdkhq-tra-co-tuc-nam-2025-bang-tien-5-post392799.html
[2026-06-27 23:10:34] [TASK_2] [WARNING] Missing required fields in article: https://www.tinnhanhchungkhoan.vn/vnp-ngay-gdkhq-tra-co-tuc-nam-2025-bang-tien-8-post392802.html
[2026-06-27 23:10:34] [TASK_2] [WARNING] Missing required fields in article: https://www.tinnhanhchungkhoan.vn/ijc-ngay-gdkhq-tra-co-tuc-bang-tien-nam-2025-5-post392811.html
[2026-06-27 23:10:34] [TASK_2] [WARNING] Missing required fields in article: https://www.tinnhanhchungkhoan.vn/vpw-ngay-gdkhq-tra-co-tuc-nam-2025-bang-tien-202-post392781.html
[2026-06-27 23:10:34] [TASK_2] [WARNING] Missing required fields in article: https://www.tinnhanhchungkhoan.vn/ocb-ngay-gdkhq-nhan-co-phieu-tang-von-tu-nguon-von-chu-so-huu-10015-post392785.html
[2026-06-27 23:10:34] [TASK_2] [WARNING] Missing required fields in article: https://www.tinnhanhchungkhoan.vn/sed-ngay-gdkhq-tra-co-tuc-nam-2025-bang-tien-15-post392806.html
[2026-06-27 23:10:34] [TASK_2] [WARNING] Missing required fields in article: https://www.tinnhanhchungkhoan.vn/ads-ngay-gdkhq-tra-co-tuc-nam-2025-bang-tien-10-post392795.html
[2026-06-27 23:10:34] [TASK_2] [WARNING] Missing required fields in article: https://www.tinnhanhchungkhoan.vn/png-ngay-gdkhq-tra-co-tuc-nam-2025-bang-tien-10-post392803.html
[2026-06-27 23:10:34] [TASK_2] [WARNING] Missing required fields in article: https://www.tinnhanhchungkhoan.vn/clc-ngay-gdkhq-tra-co-tuc-dot-cuoi-nam-2025-bang-tien-25-post392805.html
[2026-06-27 23:10:34] [TASK_2] [WARNING] Missing required fields in article: https://www.tinnhanhchungkhoan.vn/tvt-ngay-gdkhq-tra-co-tuc-dot-cuoi-nam-2025-bang-tien-10-post392774.html
[2026-06-27 23:10:34] [TASK_2] [WARNING] Missing required fields in article: https://www.tinnhanhchungkhoan.vn/ibd-ngay-gdkhq-tra-co-tuc-nam-2025-bang-tien-5-post392777.html
[2026-06-27 23:10:34] [TASK_2] [WARNING] Missing required fields in article: https://www.tinnhanhchungkhoan.vn/adp-ngay-gdkhq-tra-co-tuc-dot-1-nam-2026-bang-tien-7-post392775.html
[2026-06-27 23:10:34] [TASK_2] [WARNING] Missing required fields in article: https://www.tinnhanhchungkhoan.vn/ctr-ngay-gdkhq-tra-co-tuc-nam-2025-bang-tien-15-va-co-phieu-10012-post392778.html
[2026-06-27 23:10:34] [TASK_2] [WARNING] Missing required fields in article: https://www.tinnhanhchungkhoan.vn/tmp-ngay-gdkhq-tra-co-tuc-con-lai-nam-2025-bang-tien-20-post392790.html
[2026-06-27 23:10:34] [TASK_2] [WARNING] Missing required fields in article: https://www.tinnhanhchungkhoan.vn/fhs-ngay-gdkhq-tam-ung-co-tuc-dot-1-nam-2026-bang-tien-8-va-co-phieu-tang-von-104-post392789.html
[2026-06-27 23:10:34] [TASK_2] [WARNING] Missing required fields in article: https://www.tinnhanhchungkhoan.vn/tku-ngay-gdkhq-tra-co-tuc-nam-2025-bang-tien-5-post392808.html
[2026-06-27 23:10:34] [TASK_2] [WARNING] Missing required fields in article: https://www.tinnhanhchungkhoan.vn/nth-ngay-gdkhq-tam-ung-co-tuc-lan-1-nam-2026-bang-tien-15-post392809.html
[2026-06-27 23:10:34] [TASK_2] [WARNING] Missing required fields in article: https://www.tinnhanhchungkhoan.vn/nbc-ngay-gdkhq-tra-co-tuc-nam-2025-bang-tien-6-post392783.html
[2026-06-27 23:10:35] [TASK_2] [WARNING] Request failed for https://tinnhanhchungkhoan.vn/tim-kiem/page/2/?q=ACB (attempt 1/3): 404 Client Error: Not Found for url: https://www.tinnhanhchungkhoan.vn/404
[2026-06-27 23:10:35] [TASK_2] [INFO] Retrying in 1s…
[2026-06-27 23:10:36] [TASK_2] [WARNING] Request failed for https://tinnhanhchungkhoan.vn/tim-kiem/page/2/?q=ACB (attempt 2/3): 404 Client Error: Not Found for url: https://www.tinnhanhchungkhoan.vn/404
[2026-06-27 23:10:36] [TASK_2] [INFO] Retrying in 2s…
[2026-06-27 23:10:38] [TASK_2] [WARNING] Request failed for https://tinnhanhchungkhoan.vn/tim-kiem/page/2/?q=ACB (attempt 3/3): 404 Client Error: Not Found for url: https://www.tinnhanhchungkhoan.vn/404
[2026-06-27 23:10:38] [TASK_2] [ERROR] All 3 attempts failed for https://tinnhanhchungkhoan.vn/tim-kiem/page/2/?q=ACB. Skipping.
[2026-06-27 23:10:38] [TASK_2] [WARNING] Failed to fetch TNCK search page 2 for query 'ACB'. Stopping pagination.
[2026-06-27 23:10:38] [TASK_2] [INFO] TNCK search 'ACB': 53 new articles
[2026-06-27 23:10:39] [TASK_2] [WARNING] Missing required fields in article: https://www.tinnhanhchungkhoan.vn/bao-dau-tu-so-49-50-post392804.html
[2026-06-27 23:10:39] [TASK_2] [WARNING] Missing required fields in article: https://www.tinnhanhchungkhoan.vn/vietnam-investment-review-so-1810-post392791.html
[2026-06-27 23:10:39] [TASK_2] [WARNING] Missing required fields in article: https://www.tinnhanhchungkhoan.vn/bao-dau-tu-chung-khoan-so-25-post392730.html
[2026-06-27 23:10:39] [TASK_2] [WARNING] Missing required fields in article: https://www.tinnhanhchungkhoan.vn/bhh-ngay-gdkhq-tra-co-tuc-nam-2025-bang-tien-7-post392773.html
[2026-06-27 23:10:39] [TASK_2] [WARNING] Missing required fields in article: https://www.tinnhanhchungkhoan.vn/vhm-ngay-gdkhq-tra-co-tuc-bang-tien-60-post392779.html
[2026-06-27 23:10:39] [TASK_2] [WARNING] Missing required fields in article: https://www.tinnhanhchungkhoan.vn/cmd-ngay-gdkhq-tam-ung-co-tuc-dot-1-nam-2026-bang-tien-10-post392786.html
[2026-06-27 23:10:39] [TASK_2] [WARNING] Missing required fields in article: https://www.tinnhanhchungkhoan.vn/vbc-ngay-gdkhq-tra-co-tuc-nam-2025-bang-tien-18-post392792.html
[2026-06-27 23:10:39] [TASK_2] [WARNING] Missing required fields in article: https://www.tinnhanhchungkhoan.vn/ccl-ngay-gdkhq-tra-co-tuc-nam-2025-bang-co-phieu-101-post392793.html
[2026-06-27 23:10:39] [TASK_2] [WARNING] Missing required fields in article: https://www.tinnhanhchungkhoan.vn/htc-ngay-gdkhq-tam-ung-co-tuc-dot-1-nam-2026-bang-tien-3-post392798.html
[2026-06-27 23:10:39] [TASK_2] [WARNING] Missing required fields in article: https://www.tinnhanhchungkhoan.vn/khp-ngay-gdkhq-tra-co-tuc-nam-2025-bang-tien-5-post392799.html
[2026-06-27 23:10:39] [TASK_2] [WARNING] Missing required fields in article: https://www.tinnhanhchungkhoan.vn/vnp-ngay-gdkhq-tra-co-tuc-nam-2025-bang-tien-8-post392802.html
[2026-06-27 23:10:39] [TASK_2] [WARNING] Missing required fields in article: https://www.tinnhanhchungkhoan.vn/ijc-ngay-gdkhq-tra-co-tuc-bang-tien-nam-2025-5-post392811.html
[2026-06-27 23:10:39] [TASK_2] [WARNING] Missing required fields in article: https://www.tinnhanhchungkhoan.vn/vpw-ngay-gdkhq-tra-co-tuc-nam-2025-bang-tien-202-post392781.html
[2026-06-27 23:10:39] [TASK_2] [WARNING] Missing required fields in article: https://www.tinnhanhchungkhoan.vn/ocb-ngay-gdkhq-nhan-co-phieu-tang-von-tu-nguon-von-chu-so-huu-10015-post392785.html
[2026-06-27 23:10:39] [TASK_2] [WARNING] Missing required fields in article: https://www.tinnhanhchungkhoan.vn/sed-ngay-gdkhq-tra-co-tuc-nam-2025-bang-tien-15-post392806.html
[2026-06-27 23:10:39] [TASK_2] [WARNING] Missing required fields in article: https://www.tinnhanhchungkhoan.vn/ads-ngay-gdkhq-tra-co-tuc-nam-2025-bang-tien-10-post392795.html
[2026-06-27 23:10:39] [TASK_2] [WARNING] Missing required fields in article: https://www.tinnhanhchungkhoan.vn/png-ngay-gdkhq-tra-co-tuc-nam-2025-bang-tien-10-post392803.html
[2026-06-27 23:10:39] [TASK_2] [WARNING] Missing required fields in article: https://www.tinnhanhchungkhoan.vn/clc-ngay-gdkhq-tra-co-tuc-dot-cuoi-nam-2025-bang-tien-25-post392805.html
[2026-06-27 23:10:39] [TASK_2] [WARNING] Missing required fields in article: https://www.tinnhanhchungkhoan.vn/tvt-ngay-gdkhq-tra-co-tuc-dot-cuoi-nam-2025-bang-tien-10-post392774.html
[2026-06-27 23:10:39] [TASK_2] [WARNING] Missing required fields in article: https://www.tinnhanhchungkhoan.vn/ibd-ngay-gdkhq-tra-co-tuc-nam-2025-bang-tien-5-post392777.html
[2026-06-27 23:10:39] [TASK_2] [WARNING] Missing required fields in article: https://www.tinnhanhchungkhoan.vn/adp-ngay-gdkhq-tra-co-tuc-dot-1-nam-2026-bang-tien-7-post392775.html
[2026-06-27 23:10:39] [TASK_2] [WARNING] Missing required fields in article: https://www.tinnhanhchungkhoan.vn/ctr-ngay-gdkhq-tra-co-tuc-nam-2025-bang-tien-15-va-co-phieu-10012-post392778.html
[2026-06-27 23:10:39] [TASK_2] [WARNING] Missing required fields in article: https://www.tinnhanhchungkhoan.vn/tmp-ngay-gdkhq-tra-co-tuc-con-lai-nam-2025-bang-tien-20-post392790.html
[2026-06-27 23:10:39] [TASK_2] [WARNING] Missing required fields in article: https://www.tinnhanhchungkhoan.vn/fhs-ngay-gdkhq-tam-ung-co-tuc-dot-1-nam-2026-bang-tien-8-va-co-phieu-tang-von-104-post392789.html
[2026-06-27 23:10:39] [TASK_2] [WARNING] Missing required fields in article: https://www.tinnhanhchungkhoan.vn/tku-ngay-gdkhq-tra-co-tuc-nam-2025-bang-tien-5-post392808.html
[2026-06-27 23:10:39] [TASK_2] [WARNING] Missing required fields in article: https://www.tinnhanhchungkhoan.vn/nth-ngay-gdkhq-tam-ung-co-tuc-lan-1-nam-2026-bang-tien-15-post392809.html
[2026-06-27 23:10:39] [TASK_2] [WARNING] Missing required fields in article: https://www.tinnhanhchungkhoan.vn/nbc-ngay-gdkhq-tra-co-tuc-nam-2025-bang-tien-6-post392783.html
[2026-06-27 23:10:40] [TASK_2] [WARNING] Request failed for https://tinnhanhchungkhoan.vn/tim-kiem/page/2/?q=BCM (attempt 1/3): 404 Client Error: Not Found for url: https://www.tinnhanhchungkhoan.vn/404
[2026-06-27 23:10:40] [TASK_2] [INFO] Retrying in 1s…
[2026-06-27 23:10:41] [TASK_2] [WARNING] Request failed for https://tinnhanhchungkhoan.vn/tim-kiem/page/2/?q=BCM (attempt 2/3): 404 Client Error: Not Found for url: https://www.tinnhanhchungkhoan.vn/404
[2026-06-27 23:10:41] [TASK_2] [INFO] Retrying in 2s…
[2026-06-27 23:10:43] [TASK_2] [WARNING] Request failed for https://tinnhanhchungkhoan.vn/tim-kiem/page/2/?q=BCM (attempt 3/3): 404 Client Error: Not Found for url: https://www.tinnhanhchungkhoan.vn/404
[2026-06-27 23:10:43] [TASK_2] [ERROR] All 3 attempts failed for https://tinnhanhchungkhoan.vn/tim-kiem/page/2/?q=BCM. Skipping.
[2026-06-27 23:10:43] [TASK_2] [WARNING] Failed to fetch TNCK search page 2 for query 'BCM'. Stopping pagination.
[2026-06-27 23:10:43] [TASK_2] [INFO] TNCK search 'BCM': 40 new articles
[2026-06-27 23:10:44] [TASK_2] [WARNING] Missing required fields in article: https://www.tinnhanhchungkhoan.vn/bao-dau-tu-so-49-50-post392804.html
[2026-06-27 23:10:44] [TASK_2] [WARNING] Missing required fields in article: https://www.tinnhanhchungkhoan.vn/vietnam-investment-review-so-1810-post392791.html
[2026-06-27 23:10:44] [TASK_2] [WARNING] Missing required fields in article: https://www.tinnhanhchungkhoan.vn/bao-dau-tu-chung-khoan-so-25-post392730.html
[2026-06-27 23:10:44] [TASK_2] [WARNING] Missing required fields in article: https://www.tinnhanhchungkhoan.vn/bhh-ngay-gdkhq-tra-co-tuc-nam-2025-bang-tien-7-post392773.html
[2026-06-27 23:10:44] [TASK_2] [WARNING] Missing required fields in article: https://www.tinnhanhchungkhoan.vn/vhm-ngay-gdkhq-tra-co-tuc-bang-tien-60-post392779.html
[2026-06-27 23:10:44] [TASK_2] [WARNING] Missing required fields in article: https://www.tinnhanhchungkhoan.vn/cmd-ngay-gdkhq-tam-ung-co-tuc-dot-1-nam-2026-bang-tien-10-post392786.html
[2026-06-27 23:10:44] [TASK_2] [WARNING] Missing required fields in article: https://www.tinnhanhchungkhoan.vn/vbc-ngay-gdkhq-tra-co-tuc-nam-2025-bang-tien-18-post392792.html
[2026-06-27 23:10:44] [TASK_2] [WARNING] Missing required fields in article: https://www.tinnhanhchungkhoan.vn/ccl-ngay-gdkhq-tra-co-tuc-nam-2025-bang-co-phieu-101-post392793.html
[2026-06-27 23:10:44] [TASK_2] [WARNING] Missing required fields in article: https://www.tinnhanhchungkhoan.vn/htc-ngay-gdkhq-tam-ung-co-tuc-dot-1-nam-2026-bang-tien-3-post392798.html
[2026-06-27 23:10:44] [TASK_2] [WARNING] Missing required fields in article: https://www.tinnhanhchungkhoan.vn/khp-ngay-gdkhq-tra-co-tuc-nam-2025-bang-tien-5-post392799.html
[2026-06-27 23:10:44] [TASK_2] [WARNING] Missing required fields in article: https://www.tinnhanhchungkhoan.vn/vnp-ngay-gdkhq-tra-co-tuc-nam-2025-bang-tien-8-post392802.html
[2026-06-27 23:10:44] [TASK_2] [WARNING] Missing required fields in article: https://www.tinnhanhchungkhoan.vn/ijc-ngay-gdkhq-tra-co-tuc-bang-tien-nam-2025-5-post392811.html
[2026-06-27 23:10:44] [TASK_2] [WARNING] Missing required fields in article: https://www.tinnhanhchungkhoan.vn/vpw-ngay-gdkhq-tra-co-tuc-nam-2025-bang-tien-202-post392781.html
[2026-06-27 23:10:44] [TASK_2] [WARNING] Missing required fields in article: https://www.tinnhanhchungkhoan.vn/ocb-ngay-gdkhq-nhan-co-phieu-tang-von-tu-nguon-von-chu-so-huu-10015-post392785.html
[2026-06-27 23:10:44] [TASK_2] [WARNING] Missing required fields in article: https://www.tinnhanhchungkhoan.vn/sed-ngay-gdkhq-tra-co-tuc-nam-2025-bang-tien-15-post392806.html
[2026-06-27 23:10:44] [TASK_2] [WARNING] Missing required fields in article: https://www.tinnhanhchungkhoan.vn/ads-ngay-gdkhq-tra-co-tuc-nam-2025-bang-tien-10-post392795.html
[2026-06-27 23:10:44] [TASK_2] [WARNING] Missing required fields in article: https://www.tinnhanhchungkhoan.vn/png-ngay-gdkhq-tra-co-tuc-nam-2025-bang-tien-10-post392803.html
[2026-06-27 23:10:44] [TASK_2] [WARNING] Missing required fields in article: https://www.tinnhanhchungkhoan.vn/clc-ngay-gdkhq-tra-co-tuc-dot-cuoi-nam-2025-bang-tien-25-post392805.html
[2026-06-27 23:10:44] [TASK_2] [WARNING] Missing required fields in article: https://www.tinnhanhchungkhoan.vn/tvt-ngay-gdkhq-tra-co-tuc-dot-cuoi-nam-2025-bang-tien-10-post392774.html
[2026-06-27 23:10:44] [TASK_2] [WARNING] Missing required fields in article: https://www.tinnhanhchungkhoan.vn/ibd-ngay-gdkhq-tra-co-tuc-nam-2025-bang-tien-5-post392777.html
[2026-06-27 23:10:44] [TASK_2] [WARNING] Missing required fields in article: https://www.tinnhanhchungkhoan.vn/adp-ngay-gdkhq-tra-co-tuc-dot-1-nam-2026-bang-tien-7-post392775.html
[2026-06-27 23:10:44] [TASK_2] [WARNING] Missing required fields in article: https://www.tinnhanhchungkhoan.vn/ctr-ngay-gdkhq-tra-co-tuc-nam-2025-bang-tien-15-va-co-phieu-10012-post392778.html
[2026-06-27 23:10:44] [TASK_2] [WARNING] Missing required fields in article: https://www.tinnhanhchungkhoan.vn/tmp-ngay-gdkhq-tra-co-tuc-con-lai-nam-2025-bang-tien-20-post392790.html
[2026-06-27 23:10:44] [TASK_2] [WARNING] Missing required fields in article: https://www.tinnhanhchungkhoan.vn/fhs-ngay-gdkhq-tam-ung-co-tuc-dot-1-nam-2026-bang-tien-8-va-co-phieu-tang-von-104-post392789.html
[2026-06-27 23:10:44] [TASK_2] [WARNING] Missing required fields in article: https://www.tinnhanhchungkhoan.vn/tku-ngay-gdkhq-tra-co-tuc-nam-2025-bang-tien-5-post392808.html
[2026-06-27 23:10:44] [TASK_2] [WARNING] Missing required fields in article: https://www.tinnhanhchungkhoan.vn/nth-ngay-gdkhq-tam-ung-co-tuc-lan-1-nam-2026-bang-tien-15-post392809.html
[2026-06-27 23:10:44] [TASK_2] [WARNING] Missing required fields in article: https://www.tinnhanhchungkhoan.vn/nbc-ngay-gdkhq-tra-co-tuc-nam-2025-bang-tien-6-post392783.html
[2026-06-27 23:10:45] [TASK_2] [WARNING] Request failed for https://tinnhanhchungkhoan.vn/tim-kiem/page/2/?q=BID (attempt 1/3): 404 Client Error: Not Found for url: https://www.tinnhanhchungkhoan.vn/404
[2026-06-27 23:10:45] [TASK_2] [INFO] Retrying in 1s…
[2026-06-27 23:10:46] [TASK_2] [WARNING] Request failed for https://tinnhanhchungkhoan.vn/tim-kiem/page/2/?q=BID (attempt 2/3): 404 Client Error: Not Found for url: https://www.tinnhanhchungkhoan.vn/404
[2026-06-27 23:10:46] [TASK_2] [INFO] Retrying in 2s…
[2026-06-27 23:10:48] [TASK_2] [WARNING] Request failed for https://tinnhanhchungkhoan.vn/tim-kiem/page/2/?q=BID (attempt 3/3): 404 Client Error: Not Found for url: https://www.tinnhanhchungkhoan.vn/404
[2026-06-27 23:10:48] [TASK_2] [ERROR] All 3 attempts failed for https://tinnhanhchungkhoan.vn/tim-kiem/page/2/?q=BID. Skipping.
[2026-06-27 23:10:48] [TASK_2] [WARNING] Failed to fetch TNCK search page 2 for query 'BID'. Stopping pagination.
[2026-06-27 23:10:48] [TASK_2] [INFO] TNCK search 'BID': 39 new articles
[2026-06-27 23:10:49] [TASK_2] [WARNING] Missing required fields in article: https://www.tinnhanhchungkhoan.vn/bao-dau-tu-so-49-50-post392804.html
[2026-06-27 23:10:49] [TASK_2] [WARNING] Missing required fields in article: https://www.tinnhanhchungkhoan.vn/vietnam-investment-review-so-1810-post392791.html
[2026-06-27 23:10:49] [TASK_2] [WARNING] Missing required fields in article: https://www.tinnhanhchungkhoan.vn/bao-dau-tu-chung-khoan-so-25-post392730.html
[2026-06-27 23:10:49] [TASK_2] [WARNING] Missing required fields in article: https://www.tinnhanhchungkhoan.vn/bhh-ngay-gdkhq-tra-co-tuc-nam-2025-bang-tien-7-post392773.html
[2026-06-27 23:10:49] [TASK_2] [WARNING] Missing required fields in article: https://www.tinnhanhchungkhoan.vn/vhm-ngay-gdkhq-tra-co-tuc-bang-tien-60-post392779.html
[2026-06-27 23:10:49] [TASK_2] [WARNING] Missing required fields in article: https://www.tinnhanhchungkhoan.vn/cmd-ngay-gdkhq-tam-ung-co-tuc-dot-1-nam-2026-bang-tien-10-post392786.html
[2026-06-27 23:10:49] [TASK_2] [WARNING] Missing required fields in article: https://www.tinnhanhchungkhoan.vn/vbc-ngay-gdkhq-tra-co-tuc-nam-2025-bang-tien-18-post392792.html
[2026-06-27 23:10:49] [TASK_2] [WARNING] Missing required fields in article: https://www.tinnhanhchungkhoan.vn/ccl-ngay-gdkhq-tra-co-tuc-nam-2025-bang-co-phieu-101-post392793.html
[2026-06-27 23:10:49] [TASK_2] [WARNING] Missing required fields in article: https://www.tinnhanhchungkhoan.vn/htc-ngay-gdkhq-tam-ung-co-tuc-dot-1-nam-2026-bang-tien-3-post392798.html
[2026-06-27 23:10:49] [TASK_2] [WARNING] Missing required fields in article: https://www.tinnhanhchungkhoan.vn/khp-ngay-gdkhq-tra-co-tuc-nam-2025-bang-tien-5-post392799.html
[2026-06-27 23:10:49] [TASK_2] [WARNING] Missing required fields in article: https://www.tinnhanhchungkhoan.vn/vnp-ngay-gdkhq-tra-co-tuc-nam-2025-bang-tien-8-post392802.html
[2026-06-27 23:10:49] [TASK_2] [WARNING] Missing required fields in article: https://www.tinnhanhchungkhoan.vn/ijc-ngay-gdkhq-tra-co-tuc-bang-tien-nam-2025-5-post392811.html
[2026-06-27 23:10:49] [TASK_2] [WARNING] Missing required fields in article: https://www.tinnhanhchungkhoan.vn/vpw-ngay-gdkhq-tra-co-tuc-nam-2025-bang-tien-202-post392781.html
[2026-06-27 23:10:49] [TASK_2] [WARNING] Missing required fields in article: https://www.tinnhanhchungkhoan.vn/ocb-ngay-gdkhq-nhan-co-phieu-tang-von-tu-nguon-von-chu-so-huu-10015-post392785.html
[2026-06-27 23:10:49] [TASK_2] [WARNING] Missing required fields in article: https://www.tinnhanhchungkhoan.vn/sed-ngay-gdkhq-tra-co-tuc-nam-2025-bang-tien-15-post392806.html
[2026-06-27 23:10:49] [TASK_2] [WARNING] Missing required fields in article: https://www.tinnhanhchungkhoan.vn/ads-ngay-gdkhq-tra-co-tuc-nam-2025-bang-tien-10-post392795.html
[2026-06-27 23:10:49] [TASK_2] [WARNING] Missing required fields in article: https://www.tinnhanhchungkhoan.vn/png-ngay-gdkhq-tra-co-tuc-nam-2025-bang-tien-10-post392803.html
[2026-06-27 23:10:49] [TASK_2] [WARNING] Missing required fields in article: https://www.tinnhanhchungkhoan.vn/clc-ngay-gdkhq-tra-co-tuc-dot-cuoi-nam-2025-bang-tien-25-post392805.html
[2026-06-27 23:10:49] [TASK_2] [WARNING] Missing required fields in article: https://www.tinnhanhchungkhoan.vn/tvt-ngay-gdkhq-tra-co-tuc-dot-cuoi-nam-2025-bang-tien-10-post392774.html
[2026-06-27 23:10:49] [TASK_2] [WARNING] Missing required fields in article: https://www.tinnhanhchungkhoan.vn/ibd-ngay-gdkhq-tra-co-tuc-nam-2025-bang-tien-5-post392777.html
[2026-06-27 23:10:49] [TASK_2] [WARNING] Missing required fields in article: https://www.tinnhanhchungkhoan.vn/adp-ngay-gdkhq-tra-co-tuc-dot-1-nam-2026-bang-tien-7-post392775.html
[2026-06-27 23:10:49] [TASK_2] [WARNING] Missing required fields in article: https://www.tinnhanhchungkhoan.vn/ctr-ngay-gdkhq-tra-co-tuc-nam-2025-bang-tien-15-va-co-phieu-10012-post392778.html
[2026-06-27 23:10:49] [TASK_2] [WARNING] Missing required fields in article: https://www.tinnhanhchungkhoan.vn/tmp-ngay-gdkhq-tra-co-tuc-con-lai-nam-2025-bang-tien-20-post392790.html
[2026-06-27 23:10:49] [TASK_2] [WARNING] Missing required fields in article: https://www.tinnhanhchungkhoan.vn/fhs-ngay-gdkhq-tam-ung-co-tuc-dot-1-nam-2026-bang-tien-8-va-co-phieu-tang-von-104-post392789.html
[2026-06-27 23:10:49] [TASK_2] [WARNING] Missing required fields in article: https://www.tinnhanhchungkhoan.vn/tku-ngay-gdkhq-tra-co-tuc-nam-2025-bang-tien-5-post392808.html
[2026-06-27 23:10:49] [TASK_2] [WARNING] Missing required fields in article: https://www.tinnhanhchungkhoan.vn/nth-ngay-gdkhq-tam-ung-co-tuc-lan-1-nam-2026-bang-tien-15-post392809.html
[2026-06-27 23:10:49] [TASK_2] [WARNING] Missing required fields in article: https://www.tinnhanhchungkhoan.vn/nbc-ngay-gdkhq-tra-co-tuc-nam-2025-bang-tien-6-post392783.html
[2026-06-27 23:10:50] [TASK_2] [WARNING] Request failed for https://tinnhanhchungkhoan.vn/tim-kiem/page/2/?q=BVH (attempt 1/3): 404 Client Error: Not Found for url: https://www.tinnhanhchungkhoan.vn/404
[2026-06-27 23:10:50] [TASK_2] [INFO] Retrying in 1s…
[2026-06-27 23:10:52] [TASK_2] [WARNING] Request failed for https://tinnhanhchungkhoan.vn/tim-kiem/page/2/?q=BVH (attempt 2/3): 404 Client Error: Not Found for url: https://www.tinnhanhchungkhoan.vn/404
[2026-06-27 23:10:52] [TASK_2] [INFO] Retrying in 2s…
[2026-06-27 23:10:54] [TASK_2] [WARNING] Request failed for https://tinnhanhchungkhoan.vn/tim-kiem/page/2/?q=BVH (attempt 3/3): 404 Client Error: Not Found for url: https://www.tinnhanhchungkhoan.vn/404
[2026-06-27 23:10:54] [TASK_2] [ERROR] All 3 attempts failed for https://tinnhanhchungkhoan.vn/tim-kiem/page/2/?q=BVH. Skipping.
[2026-06-27 23:10:54] [TASK_2] [WARNING] Failed to fetch TNCK search page 2 for query 'BVH'. Stopping pagination.
[2026-06-27 23:10:54] [TASK_2] [INFO] TNCK search 'BVH': 39 new articles
[2026-06-27 23:10:55] [TASK_2] [WARNING] Missing required fields in article: https://www.tinnhanhchungkhoan.vn/bao-dau-tu-so-49-50-post392804.html
[2026-06-27 23:10:55] [TASK_2] [WARNING] Missing required fields in article: https://www.tinnhanhchungkhoan.vn/vietnam-investment-review-so-1810-post392791.html
[2026-06-27 23:10:55] [TASK_2] [WARNING] Missing required fields in article: https://www.tinnhanhchungkhoan.vn/bao-dau-tu-chung-khoan-so-25-post392730.html
[2026-06-27 23:10:55] [TASK_2] [WARNING] Missing required fields in article: https://www.tinnhanhchungkhoan.vn/bhh-ngay-gdkhq-tra-co-tuc-nam-2025-bang-tien-7-post392773.html
[2026-06-27 23:10:55] [TASK_2] [WARNING] Missing required fields in article: https://www.tinnhanhchungkhoan.vn/vhm-ngay-gdkhq-tra-co-tuc-bang-tien-60-post392779.html
[2026-06-27 23:10:55] [TASK_2] [WARNING] Missing required fields in article: https://www.tinnhanhchungkhoan.vn/cmd-ngay-gdkhq-tam-ung-co-tuc-dot-1-nam-2026-bang-tien-10-post392786.html
[2026-06-27 23:10:55] [TASK_2] [WARNING] Missing required fields in article: https://www.tinnhanhchungkhoan.vn/vbc-ngay-gdkhq-tra-co-tuc-nam-2025-bang-tien-18-post392792.html
[2026-06-27 23:10:55] [TASK_2] [WARNING] Missing required fields in article: https://www.tinnhanhchungkhoan.vn/ccl-ngay-gdkhq-tra-co-tuc-nam-2025-bang-co-phieu-101-post392793.html
[2026-06-27 23:10:55] [TASK_2] [WARNING] Missing required fields in article: https://www.tinnhanhchungkhoan.vn/htc-ngay-gdkhq-tam-ung-co-tuc-dot-1-nam-2026-bang-tien-3-post392798.html
[2026-06-27 23:10:55] [TASK_2] [WARNING] Missing required fields in article: https://www.tinnhanhchungkhoan.vn/khp-ngay-gdkhq-tra-co-tuc-nam-2025-bang-tien-5-post392799.html
[2026-06-27 23:10:55] [TASK_2] [WARNING] Missing required fields in article: https://www.tinnhanhchungkhoan.vn/vnp-ngay-gdkhq-tra-co-tuc-nam-2025-bang-tien-8-post392802.html
[2026-06-27 23:10:55] [TASK_2] [WARNING] Missing required fields in article: https://www.tinnhanhchungkhoan.vn/ijc-ngay-gdkhq-tra-co-tuc-bang-tien-nam-2025-5-post392811.html
[2026-06-27 23:10:55] [TASK_2] [WARNING] Missing required fields in article: https://www.tinnhanhchungkhoan.vn/vpw-ngay-gdkhq-tra-co-tuc-nam-2025-bang-tien-202-post392781.html
[2026-06-27 23:10:55] [TASK_2] [WARNING] Missing required fields in article: https://www.tinnhanhchungkhoan.vn/ocb-ngay-gdkhq-nhan-co-phieu-tang-von-tu-nguon-von-chu-so-huu-10015-post392785.html
[2026-06-27 23:10:55] [TASK_2] [WARNING] Missing required fields in article: https://www.tinnhanhchungkhoan.vn/sed-ngay-gdkhq-tra-co-tuc-nam-2025-bang-tien-15-post392806.html
[2026-06-27 23:10:55] [TASK_2] [WARNING] Missing required fields in article: https://www.tinnhanhchungkhoan.vn/ads-ngay-gdkhq-tra-co-tuc-nam-2025-bang-tien-10-post392795.html
[2026-06-27 23:10:55] [TASK_2] [WARNING] Missing required fields in article: https://www.tinnhanhchungkhoan.vn/png-ngay-gdkhq-tra-co-tuc-nam-2025-bang-tien-10-post392803.html
[2026-06-27 23:10:55] [TASK_2] [WARNING] Missing required fields in article: https://www.tinnhanhchungkhoan.vn/clc-ngay-gdkhq-tra-co-tuc-dot-cuoi-nam-2025-bang-tien-25-post392805.html
[2026-06-27 23:10:55] [TASK_2] [WARNING] Missing required fields in article: https://www.tinnhanhchungkhoan.vn/tvt-ngay-gdkhq-tra-co-tuc-dot-cuoi-nam-2025-bang-tien-10-post392774.html
[2026-06-27 23:10:55] [TASK_2] [WARNING] Missing required fields in article: https://www.tinnhanhchungkhoan.vn/ibd-ngay-gdkhq-tra-co-tuc-nam-2025-bang-tien-5-post392777.html
[2026-06-27 23:10:55] [TASK_2] [WARNING] Missing required fields in article: https://www.tinnhanhchungkhoan.vn/adp-ngay-gdkhq-tra-co-tuc-dot-1-nam-2026-bang-tien-7-post392775.html
[2026-06-27 23:10:55] [TASK_2] [WARNING] Missing required fields in article: https://www.tinnhanhchungkhoan.vn/ctr-ngay-gdkhq-tra-co-tuc-nam-2025-bang-tien-15-va-co-phieu-10012-post392778.html
[2026-06-27 23:10:55] [TASK_2] [WARNING] Missing required fields in article: https://www.tinnhanhchungkhoan.vn/tmp-ngay-gdkhq-tra-co-tuc-con-lai-nam-2025-bang-tien-20-post392790.html
[2026-06-27 23:10:55] [TASK_2] [WARNING] Missing required fields in article: https://www.tinnhanhchungkhoan.vn/fhs-ngay-gdkhq-tam-ung-co-tuc-dot-1-nam-2026-bang-tien-8-va-co-phieu-tang-von-104-post392789.html
[2026-06-27 23:10:55] [TASK_2] [WARNING] Missing required fields in article: https://www.tinnhanhchungkhoan.vn/tku-ngay-gdkhq-tra-co-tuc-nam-2025-bang-tien-5-post392808.html
[2026-06-27 23:10:55] [TASK_2] [WARNING] Missing required fields in article: https://www.tinnhanhchungkhoan.vn/nth-ngay-gdkhq-tam-ung-co-tuc-lan-1-nam-2026-bang-tien-15-post392809.html
[2026-06-27 23:10:55] [TASK_2] [WARNING] Missing required fields in article: https://www.tinnhanhchungkhoan.vn/nbc-ngay-gdkhq-tra-co-tuc-nam-2025-bang-tien-6-post392783.html
[2026-06-27 23:10:59] [TASK_2] [WARNING] Request failed for https://tinnhanhchungkhoan.vn/tim-kiem/page/2/?q=CTG (attempt 1/3): 404 Client Error: Not Found for url: https://www.tinnhanhchungkhoan.vn/404
[2026-06-27 23:10:59] [TASK_2] [INFO] Retrying in 1s…
[2026-06-27 23:11:00] [TASK_2] [WARNING] Request failed for https://tinnhanhchungkhoan.vn/tim-kiem/page/2/?q=CTG (attempt 2/3): 404 Client Error: Not Found for url: https://www.tinnhanhchungkhoan.vn/404
[2026-06-27 23:11:00] [TASK_2] [INFO] Retrying in 2s…
[2026-06-27 23:11:02] [TASK_2] [WARNING] Request failed for https://tinnhanhchungkhoan.vn/tim-kiem/page/2/?q=CTG (attempt 3/3): 404 Client Error: Not Found for url: https://www.tinnhanhchungkhoan.vn/404
[2026-06-27 23:11:02] [TASK_2] [ERROR] All 3 attempts failed for https://tinnhanhchungkhoan.vn/tim-kiem/page/2/?q=CTG. Skipping.
[2026-06-27 23:11:02] [TASK_2] [WARNING] Failed to fetch TNCK search page 2 for query 'CTG'. Stopping pagination.
[2026-06-27 23:11:02] [TASK_2] [INFO] TNCK search 'CTG': 30 new articles
[2026-06-27 23:11:03] [TASK_2] [WARNING] Missing required fields in article: https://www.tinnhanhchungkhoan.vn/bao-dau-tu-so-49-50-post392804.html
[2026-06-27 23:11:03] [TASK_2] [WARNING] Missing required fields in article: https://www.tinnhanhchungkhoan.vn/vietnam-investment-review-so-1810-post392791.html
[2026-06-27 23:11:03] [TASK_2] [WARNING] Missing required fields in article: https://www.tinnhanhchungkhoan.vn/bao-dau-tu-chung-khoan-so-25-post392730.html
[2026-06-27 23:11:03] [TASK_2] [WARNING] Missing required fields in article: https://www.tinnhanhchungkhoan.vn/bhh-ngay-gdkhq-tra-co-tuc-nam-2025-bang-tien-7-post392773.html
[2026-06-27 23:11:03] [TASK_2] [WARNING] Missing required fields in article: https://www.tinnhanhchungkhoan.vn/vhm-ngay-gdkhq-tra-co-tuc-bang-tien-60-post392779.html
[2026-06-27 23:11:03] [TASK_2] [WARNING] Missing required fields in article: https://www.tinnhanhchungkhoan.vn/cmd-ngay-gdkhq-tam-ung-co-tuc-dot-1-nam-2026-bang-tien-10-post392786.html
[2026-06-27 23:11:03] [TASK_2] [WARNING] Missing required fields in article: https://www.tinnhanhchungkhoan.vn/vbc-ngay-gdkhq-tra-co-tuc-nam-2025-bang-tien-18-post392792.html
[2026-06-27 23:11:03] [TASK_2] [WARNING] Missing required fields in article: https://www.tinnhanhchungkhoan.vn/ccl-ngay-gdkhq-tra-co-tuc-nam-2025-bang-co-phieu-101-post392793.html
[2026-06-27 23:11:03] [TASK_2] [WARNING] Missing required fields in article: https://www.tinnhanhchungkhoan.vn/htc-ngay-gdkhq-tam-ung-co-tuc-dot-1-nam-2026-bang-tien-3-post392798.html
[2026-06-27 23:11:03] [TASK_2] [WARNING] Missing required fields in article: https://www.tinnhanhchungkhoan.vn/khp-ngay-gdkhq-tra-co-tuc-nam-2025-bang-tien-5-post392799.html
[2026-06-27 23:11:03] [TASK_2] [WARNING] Missing required fields in article: https://www.tinnhanhchungkhoan.vn/vnp-ngay-gdkhq-tra-co-tuc-nam-2025-bang-tien-8-post392802.html
[2026-06-27 23:11:03] [TASK_2] [WARNING] Missing required fields in article: https://www.tinnhanhchungkhoan.vn/ijc-ngay-gdkhq-tra-co-tuc-bang-tien-nam-2025-5-post392811.html
[2026-06-27 23:11:03] [TASK_2] [WARNING] Missing required fields in article: https://www.tinnhanhchungkhoan.vn/vpw-ngay-gdkhq-tra-co-tuc-nam-2025-bang-tien-202-post392781.html
[2026-06-27 23:11:03] [TASK_2] [WARNING] Missing required fields in article: https://www.tinnhanhchungkhoan.vn/ocb-ngay-gdkhq-nhan-co-phieu-tang-von-tu-nguon-von-chu-so-huu-10015-post392785.html
[2026-06-27 23:11:03] [TASK_2] [WARNING] Missing required fields in article: https://www.tinnhanhchungkhoan.vn/sed-ngay-gdkhq-tra-co-tuc-nam-2025-bang-tien-15-post392806.html
[2026-06-27 23:11:03] [TASK_2] [WARNING] Missing required fields in article: https://www.tinnhanhchungkhoan.vn/ads-ngay-gdkhq-tra-co-tuc-nam-2025-bang-tien-10-post392795.html
[2026-06-27 23:11:03] [TASK_2] [WARNING] Missing required fields in article: https://www.tinnhanhchungkhoan.vn/png-ngay-gdkhq-tra-co-tuc-nam-2025-bang-tien-10-post392803.html
[2026-06-27 23:11:03] [TASK_2] [WARNING] Missing required fields in article: https://www.tinnhanhchungkhoan.vn/clc-ngay-gdkhq-tra-co-tuc-dot-cuoi-nam-2025-bang-tien-25-post392805.html
[2026-06-27 23:11:03] [TASK_2] [WARNING] Missing required fields in article: https://www.tinnhanhchungkhoan.vn/tvt-ngay-gdkhq-tra-co-tuc-dot-cuoi-nam-2025-bang-tien-10-post392774.html
[2026-06-27 23:11:03] [TASK_2] [WARNING] Missing required fields in article: https://www.tinnhanhchungkhoan.vn/ibd-ngay-gdkhq-tra-co-tuc-nam-2025-bang-tien-5-post392777.html
[2026-06-27 23:11:03] [TASK_2] [WARNING] Missing required fields in article: https://www.tinnhanhchungkhoan.vn/adp-ngay-gdkhq-tra-co-tuc-dot-1-nam-2026-bang-tien-7-post392775.html
[2026-06-27 23:11:03] [TASK_2] [WARNING] Missing required fields in article: https://www.tinnhanhchungkhoan.vn/ctr-ngay-gdkhq-tra-co-tuc-nam-2025-bang-tien-15-va-co-phieu-10012-post392778.html
[2026-06-27 23:11:03] [TASK_2] [WARNING] Missing required fields in article: https://www.tinnhanhchungkhoan.vn/tmp-ngay-gdkhq-tra-co-tuc-con-lai-nam-2025-bang-tien-20-post392790.html
[2026-06-27 23:11:03] [TASK_2] [WARNING] Missing required fields in article: https://www.tinnhanhchungkhoan.vn/fhs-ngay-gdkhq-tam-ung-co-tuc-dot-1-nam-2026-bang-tien-8-va-co-phieu-tang-von-104-post392789.html
[2026-06-27 23:11:03] [TASK_2] [WARNING] Missing required fields in article: https://www.tinnhanhchungkhoan.vn/tku-ngay-gdkhq-tra-co-tuc-nam-2025-bang-tien-5-post392808.html
[2026-06-27 23:11:03] [TASK_2] [WARNING] Missing required fields in article: https://www.tinnhanhchungkhoan.vn/nth-ngay-gdkhq-tam-ung-co-tuc-lan-1-nam-2026-bang-tien-15-post392809.html
[2026-06-27 23:11:03] [TASK_2] [WARNING] Missing required fields in article: https://www.tinnhanhchungkhoan.vn/nbc-ngay-gdkhq-tra-co-tuc-nam-2025-bang-tien-6-post392783.html
[2026-06-27 23:11:04] [TASK_2] [WARNING] Request failed for https://tinnhanhchungkhoan.vn/tim-kiem/page/2/?q=FPT (attempt 1/3): 404 Client Error: Not Found for url: https://www.tinnhanhchungkhoan.vn/404
[2026-06-27 23:11:04] [TASK_2] [INFO] Retrying in 1s…
[2026-06-27 23:11:05] [TASK_2] [WARNING] Request failed for https://tinnhanhchungkhoan.vn/tim-kiem/page/2/?q=FPT (attempt 2/3): 404 Client Error: Not Found for url: https://www.tinnhanhchungkhoan.vn/404
[2026-06-27 23:11:05] [TASK_2] [INFO] Retrying in 2s…
[2026-06-27 23:11:07] [TASK_2] [WARNING] Request failed for https://tinnhanhchungkhoan.vn/tim-kiem/page/2/?q=FPT (attempt 3/3): 404 Client Error: Not Found for url: https://www.tinnhanhchungkhoan.vn/404
[2026-06-27 23:11:07] [TASK_2] [ERROR] All 3 attempts failed for https://tinnhanhchungkhoan.vn/tim-kiem/page/2/?q=FPT. Skipping.
[2026-06-27 23:11:07] [TASK_2] [WARNING] Failed to fetch TNCK search page 2 for query 'FPT'. Stopping pagination.
[2026-06-27 23:11:07] [TASK_2] [INFO] TNCK search 'FPT': 40 new articles
[2026-06-27 23:11:08] [TASK_2] [WARNING] Missing required fields in article: https://www.tinnhanhchungkhoan.vn/bao-dau-tu-so-49-50-post392804.html
[2026-06-27 23:11:08] [TASK_2] [WARNING] Missing required fields in article: https://www.tinnhanhchungkhoan.vn/vietnam-investment-review-so-1810-post392791.html
[2026-06-27 23:11:08] [TASK_2] [WARNING] Missing required fields in article: https://www.tinnhanhchungkhoan.vn/bao-dau-tu-chung-khoan-so-25-post392730.html
[2026-06-27 23:11:09] [TASK_2] [WARNING] Missing required fields in article: https://www.tinnhanhchungkhoan.vn/bhh-ngay-gdkhq-tra-co-tuc-nam-2025-bang-tien-7-post392773.html
[2026-06-27 23:11:09] [TASK_2] [WARNING] Missing required fields in article: https://www.tinnhanhchungkhoan.vn/vhm-ngay-gdkhq-tra-co-tuc-bang-tien-60-post392779.html
[2026-06-27 23:11:09] [TASK_2] [WARNING] Missing required fields in article: https://www.tinnhanhchungkhoan.vn/cmd-ngay-gdkhq-tam-ung-co-tuc-dot-1-nam-2026-bang-tien-10-post392786.html
[2026-06-27 23:11:09] [TASK_2] [WARNING] Missing required fields in article: https://www.tinnhanhchungkhoan.vn/vbc-ngay-gdkhq-tra-co-tuc-nam-2025-bang-tien-18-post392792.html
[2026-06-27 23:11:09] [TASK_2] [WARNING] Missing required fields in article: https://www.tinnhanhchungkhoan.vn/ccl-ngay-gdkhq-tra-co-tuc-nam-2025-bang-co-phieu-101-post392793.html
[2026-06-27 23:11:09] [TASK_2] [WARNING] Missing required fields in article: https://www.tinnhanhchungkhoan.vn/htc-ngay-gdkhq-tam-ung-co-tuc-dot-1-nam-2026-bang-tien-3-post392798.html
[2026-06-27 23:11:09] [TASK_2] [WARNING] Missing required fields in article: https://www.tinnhanhchungkhoan.vn/khp-ngay-gdkhq-tra-co-tuc-nam-2025-bang-tien-5-post392799.html
[2026-06-27 23:11:09] [TASK_2] [WARNING] Missing required fields in article: https://www.tinnhanhchungkhoan.vn/vnp-ngay-gdkhq-tra-co-tuc-nam-2025-bang-tien-8-post392802.html
[2026-06-27 23:11:09] [TASK_2] [WARNING] Missing required fields in article: https://www.tinnhanhchungkhoan.vn/ijc-ngay-gdkhq-tra-co-tuc-bang-tien-nam-2025-5-post392811.html
[2026-06-27 23:11:09] [TASK_2] [WARNING] Missing required fields in article: https://www.tinnhanhchungkhoan.vn/vpw-ngay-gdkhq-tra-co-tuc-nam-2025-bang-tien-202-post392781.html
[2026-06-27 23:11:09] [TASK_2] [WARNING] Missing required fields in article: https://www.tinnhanhchungkhoan.vn/ocb-ngay-gdkhq-nhan-co-phieu-tang-von-tu-nguon-von-chu-so-huu-10015-post392785.html
[2026-06-27 23:11:09] [TASK_2] [WARNING] Missing required fields in article: https://www.tinnhanhchungkhoan.vn/sed-ngay-gdkhq-tra-co-tuc-nam-2025-bang-tien-15-post392806.html
[2026-06-27 23:11:09] [TASK_2] [WARNING] Missing required fields in article: https://www.tinnhanhchungkhoan.vn/ads-ngay-gdkhq-tra-co-tuc-nam-2025-bang-tien-10-post392795.html
[2026-06-27 23:11:09] [TASK_2] [WARNING] Missing required fields in article: https://www.tinnhanhchungkhoan.vn/png-ngay-gdkhq-tra-co-tuc-nam-2025-bang-tien-10-post392803.html
[2026-06-27 23:11:09] [TASK_2] [WARNING] Missing required fields in article: https://www.tinnhanhchungkhoan.vn/clc-ngay-gdkhq-tra-co-tuc-dot-cuoi-nam-2025-bang-tien-25-post392805.html
[2026-06-27 23:11:09] [TASK_2] [WARNING] Missing required fields in article: https://www.tinnhanhchungkhoan.vn/tvt-ngay-gdkhq-tra-co-tuc-dot-cuoi-nam-2025-bang-tien-10-post392774.html
[2026-06-27 23:11:09] [TASK_2] [WARNING] Missing required fields in article: https://www.tinnhanhchungkhoan.vn/ibd-ngay-gdkhq-tra-co-tuc-nam-2025-bang-tien-5-post392777.html
[2026-06-27 23:11:09] [TASK_2] [WARNING] Missing required fields in article: https://www.tinnhanhchungkhoan.vn/adp-ngay-gdkhq-tra-co-tuc-dot-1-nam-2026-bang-tien-7-post392775.html
[2026-06-27 23:11:09] [TASK_2] [WARNING] Missing required fields in article: https://www.tinnhanhchungkhoan.vn/ctr-ngay-gdkhq-tra-co-tuc-nam-2025-bang-tien-15-va-co-phieu-10012-post392778.html
[2026-06-27 23:11:09] [TASK_2] [WARNING] Missing required fields in article: https://www.tinnhanhchungkhoan.vn/tmp-ngay-gdkhq-tra-co-tuc-con-lai-nam-2025-bang-tien-20-post392790.html
[2026-06-27 23:11:09] [TASK_2] [WARNING] Missing required fields in article: https://www.tinnhanhchungkhoan.vn/fhs-ngay-gdkhq-tam-ung-co-tuc-dot-1-nam-2026-bang-tien-8-va-co-phieu-tang-von-104-post392789.html
[2026-06-27 23:11:09] [TASK_2] [WARNING] Missing required fields in article: https://www.tinnhanhchungkhoan.vn/tku-ngay-gdkhq-tra-co-tuc-nam-2025-bang-tien-5-post392808.html
[2026-06-27 23:11:09] [TASK_2] [WARNING] Missing required fields in article: https://www.tinnhanhchungkhoan.vn/nth-ngay-gdkhq-tam-ung-co-tuc-lan-1-nam-2026-bang-tien-15-post392809.html
[2026-06-27 23:11:09] [TASK_2] [WARNING] Missing required fields in article: https://www.tinnhanhchungkhoan.vn/nbc-ngay-gdkhq-tra-co-tuc-nam-2025-bang-tien-6-post392783.html
[2026-06-27 23:11:09] [TASK_2] [WARNING] Request failed for https://tinnhanhchungkhoan.vn/tim-kiem/page/2/?q=GAS (attempt 1/3): 404 Client Error: Not Found for url: https://www.tinnhanhchungkhoan.vn/404
[2026-06-27 23:11:09] [TASK_2] [INFO] Retrying in 1s…
[2026-06-27 23:11:10] [TASK_2] [WARNING] Request failed for https://tinnhanhchungkhoan.vn/tim-kiem/page/2/?q=GAS (attempt 2/3): 404 Client Error: Not Found for url: https://www.tinnhanhchungkhoan.vn/404
[2026-06-27 23:11:10] [TASK_2] [INFO] Retrying in 2s…
[2026-06-27 23:11:13] [TASK_2] [WARNING] Request failed for https://tinnhanhchungkhoan.vn/tim-kiem/page/2/?q=GAS (attempt 3/3): 404 Client Error: Not Found for url: https://www.tinnhanhchungkhoan.vn/404
[2026-06-27 23:11:13] [TASK_2] [ERROR] All 3 attempts failed for https://tinnhanhchungkhoan.vn/tim-kiem/page/2/?q=GAS. Skipping.
[2026-06-27 23:11:13] [TASK_2] [WARNING] Failed to fetch TNCK search page 2 for query 'GAS'. Stopping pagination.
[2026-06-27 23:11:13] [TASK_2] [INFO] TNCK search 'GAS': 40 new articles
[2026-06-27 23:11:14] [TASK_2] [WARNING] Missing required fields in article: https://www.tinnhanhchungkhoan.vn/bao-dau-tu-so-49-50-post392804.html
[2026-06-27 23:11:14] [TASK_2] [WARNING] Missing required fields in article: https://www.tinnhanhchungkhoan.vn/vietnam-investment-review-so-1810-post392791.html
[2026-06-27 23:11:14] [TASK_2] [WARNING] Missing required fields in article: https://www.tinnhanhchungkhoan.vn/bao-dau-tu-chung-khoan-so-25-post392730.html
[2026-06-27 23:11:14] [TASK_2] [WARNING] Missing required fields in article: https://www.tinnhanhchungkhoan.vn/bhh-ngay-gdkhq-tra-co-tuc-nam-2025-bang-tien-7-post392773.html
[2026-06-27 23:11:14] [TASK_2] [WARNING] Missing required fields in article: https://www.tinnhanhchungkhoan.vn/vhm-ngay-gdkhq-tra-co-tuc-bang-tien-60-post392779.html
[2026-06-27 23:11:14] [TASK_2] [WARNING] Missing required fields in article: https://www.tinnhanhchungkhoan.vn/cmd-ngay-gdkhq-tam-ung-co-tuc-dot-1-nam-2026-bang-tien-10-post392786.html
[2026-06-27 23:11:14] [TASK_2] [WARNING] Missing required fields in article: https://www.tinnhanhchungkhoan.vn/vbc-ngay-gdkhq-tra-co-tuc-nam-2025-bang-tien-18-post392792.html
[2026-06-27 23:11:14] [TASK_2] [WARNING] Missing required fields in article: https://www.tinnhanhchungkhoan.vn/ccl-ngay-gdkhq-tra-co-tuc-nam-2025-bang-co-phieu-101-post392793.html
[2026-06-27 23:11:14] [TASK_2] [WARNING] Missing required fields in article: https://www.tinnhanhchungkhoan.vn/htc-ngay-gdkhq-tam-ung-co-tuc-dot-1-nam-2026-bang-tien-3-post392798.html
[2026-06-27 23:11:14] [TASK_2] [WARNING] Missing required fields in article: https://www.tinnhanhchungkhoan.vn/khp-ngay-gdkhq-tra-co-tuc-nam-2025-bang-tien-5-post392799.html
[2026-06-27 23:11:14] [TASK_2] [WARNING] Missing required fields in article: https://www.tinnhanhchungkhoan.vn/vnp-ngay-gdkhq-tra-co-tuc-nam-2025-bang-tien-8-post392802.html
[2026-06-27 23:11:14] [TASK_2] [WARNING] Missing required fields in article: https://www.tinnhanhchungkhoan.vn/ijc-ngay-gdkhq-tra-co-tuc-bang-tien-nam-2025-5-post392811.html
[2026-06-27 23:11:14] [TASK_2] [WARNING] Missing required fields in article: https://www.tinnhanhchungkhoan.vn/vpw-ngay-gdkhq-tra-co-tuc-nam-2025-bang-tien-202-post392781.html
[2026-06-27 23:11:14] [TASK_2] [WARNING] Missing required fields in article: https://www.tinnhanhchungkhoan.vn/ocb-ngay-gdkhq-nhan-co-phieu-tang-von-tu-nguon-von-chu-so-huu-10015-post392785.html
[2026-06-27 23:11:14] [TASK_2] [WARNING] Missing required fields in article: https://www.tinnhanhchungkhoan.vn/sed-ngay-gdkhq-tra-co-tuc-nam-2025-bang-tien-15-post392806.html
[2026-06-27 23:11:14] [TASK_2] [WARNING] Missing required fields in article: https://www.tinnhanhchungkhoan.vn/ads-ngay-gdkhq-tra-co-tuc-nam-2025-bang-tien-10-post392795.html
[2026-06-27 23:11:14] [TASK_2] [WARNING] Missing required fields in article: https://www.tinnhanhchungkhoan.vn/png-ngay-gdkhq-tra-co-tuc-nam-2025-bang-tien-10-post392803.html
[2026-06-27 23:11:14] [TASK_2] [WARNING] Missing required fields in article: https://www.tinnhanhchungkhoan.vn/clc-ngay-gdkhq-tra-co-tuc-dot-cuoi-nam-2025-bang-tien-25-post392805.html
[2026-06-27 23:11:14] [TASK_2] [WARNING] Missing required fields in article: https://www.tinnhanhchungkhoan.vn/tvt-ngay-gdkhq-tra-co-tuc-dot-cuoi-nam-2025-bang-tien-10-post392774.html
[2026-06-27 23:11:14] [TASK_2] [WARNING] Missing required fields in article: https://www.tinnhanhchungkhoan.vn/ibd-ngay-gdkhq-tra-co-tuc-nam-2025-bang-tien-5-post392777.html
[2026-06-27 23:11:14] [TASK_2] [WARNING] Missing required fields in article: https://www.tinnhanhchungkhoan.vn/adp-ngay-gdkhq-tra-co-tuc-dot-1-nam-2026-bang-tien-7-post392775.html
[2026-06-27 23:11:14] [TASK_2] [WARNING] Missing required fields in article: https://www.tinnhanhchungkhoan.vn/ctr-ngay-gdkhq-tra-co-tuc-nam-2025-bang-tien-15-va-co-phieu-10012-post392778.html
[2026-06-27 23:11:14] [TASK_2] [WARNING] Missing required fields in article: https://www.tinnhanhchungkhoan.vn/tmp-ngay-gdkhq-tra-co-tuc-con-lai-nam-2025-bang-tien-20-post392790.html
[2026-06-27 23:11:14] [TASK_2] [WARNING] Missing required fields in article: https://www.tinnhanhchungkhoan.vn/fhs-ngay-gdkhq-tam-ung-co-tuc-dot-1-nam-2026-bang-tien-8-va-co-phieu-tang-von-104-post392789.html
[2026-06-27 23:11:14] [TASK_2] [WARNING] Missing required fields in article: https://www.tinnhanhchungkhoan.vn/tku-ngay-gdkhq-tra-co-tuc-nam-2025-bang-tien-5-post392808.html
[2026-06-27 23:11:14] [TASK_2] [WARNING] Missing required fields in article: https://www.tinnhanhchungkhoan.vn/nth-ngay-gdkhq-tam-ung-co-tuc-lan-1-nam-2026-bang-tien-15-post392809.html
[2026-06-27 23:11:14] [TASK_2] [WARNING] Missing required fields in article: https://www.tinnhanhchungkhoan.vn/nbc-ngay-gdkhq-tra-co-tuc-nam-2025-bang-tien-6-post392783.html
[2026-06-27 23:11:15] [TASK_2] [WARNING] Request failed for https://tinnhanhchungkhoan.vn/tim-kiem/page/2/?q=GVR (attempt 1/3): 404 Client Error: Not Found for url: https://www.tinnhanhchungkhoan.vn/404
[2026-06-27 23:11:15] [TASK_2] [INFO] Retrying in 1s…
[2026-06-27 23:11:16] [TASK_2] [WARNING] Request failed for https://tinnhanhchungkhoan.vn/tim-kiem/page/2/?q=GVR (attempt 2/3): 404 Client Error: Not Found for url: https://www.tinnhanhchungkhoan.vn/404
[2026-06-27 23:11:16] [TASK_2] [INFO] Retrying in 2s…
[2026-06-27 23:11:18] [TASK_2] [WARNING] Request failed for https://tinnhanhchungkhoan.vn/tim-kiem/page/2/?q=GVR (attempt 3/3): 404 Client Error: Not Found for url: https://www.tinnhanhchungkhoan.vn/404
[2026-06-27 23:11:18] [TASK_2] [ERROR] All 3 attempts failed for https://tinnhanhchungkhoan.vn/tim-kiem/page/2/?q=GVR. Skipping.
[2026-06-27 23:11:18] [TASK_2] [WARNING] Failed to fetch TNCK search page 2 for query 'GVR'. Stopping pagination.
[2026-06-27 23:11:18] [TASK_2] [INFO] TNCK search 'GVR': 39 new articles
[2026-06-27 23:11:19] [TASK_2] [WARNING] Missing required fields in article: https://www.tinnhanhchungkhoan.vn/bao-dau-tu-so-49-50-post392804.html
[2026-06-27 23:11:19] [TASK_2] [WARNING] Missing required fields in article: https://www.tinnhanhchungkhoan.vn/vietnam-investment-review-so-1810-post392791.html
[2026-06-27 23:11:19] [TASK_2] [WARNING] Missing required fields in article: https://www.tinnhanhchungkhoan.vn/bao-dau-tu-chung-khoan-so-25-post392730.html
[2026-06-27 23:11:19] [TASK_2] [WARNING] Missing required fields in article: https://www.tinnhanhchungkhoan.vn/bhh-ngay-gdkhq-tra-co-tuc-nam-2025-bang-tien-7-post392773.html
[2026-06-27 23:11:19] [TASK_2] [WARNING] Missing required fields in article: https://www.tinnhanhchungkhoan.vn/vhm-ngay-gdkhq-tra-co-tuc-bang-tien-60-post392779.html
[2026-06-27 23:11:19] [TASK_2] [WARNING] Missing required fields in article: https://www.tinnhanhchungkhoan.vn/cmd-ngay-gdkhq-tam-ung-co-tuc-dot-1-nam-2026-bang-tien-10-post392786.html
[2026-06-27 23:11:19] [TASK_2] [WARNING] Missing required fields in article: https://www.tinnhanhchungkhoan.vn/vbc-ngay-gdkhq-tra-co-tuc-nam-2025-bang-tien-18-post392792.html
[2026-06-27 23:11:19] [TASK_2] [WARNING] Missing required fields in article: https://www.tinnhanhchungkhoan.vn/ccl-ngay-gdkhq-tra-co-tuc-nam-2025-bang-co-phieu-101-post392793.html
[2026-06-27 23:11:19] [TASK_2] [WARNING] Missing required fields in article: https://www.tinnhanhchungkhoan.vn/htc-ngay-gdkhq-tam-ung-co-tuc-dot-1-nam-2026-bang-tien-3-post392798.html
[2026-06-27 23:11:19] [TASK_2] [WARNING] Missing required fields in article: https://www.tinnhanhchungkhoan.vn/khp-ngay-gdkhq-tra-co-tuc-nam-2025-bang-tien-5-post392799.html
[2026-06-27 23:11:19] [TASK_2] [WARNING] Missing required fields in article: https://www.tinnhanhchungkhoan.vn/vnp-ngay-gdkhq-tra-co-tuc-nam-2025-bang-tien-8-post392802.html
[2026-06-27 23:11:19] [TASK_2] [WARNING] Missing required fields in article: https://www.tinnhanhchungkhoan.vn/ijc-ngay-gdkhq-tra-co-tuc-bang-tien-nam-2025-5-post392811.html
[2026-06-27 23:11:19] [TASK_2] [WARNING] Missing required fields in article: https://www.tinnhanhchungkhoan.vn/vpw-ngay-gdkhq-tra-co-tuc-nam-2025-bang-tien-202-post392781.html
[2026-06-27 23:11:19] [TASK_2] [WARNING] Missing required fields in article: https://www.tinnhanhchungkhoan.vn/ocb-ngay-gdkhq-nhan-co-phieu-tang-von-tu-nguon-von-chu-so-huu-10015-post392785.html
[2026-06-27 23:11:19] [TASK_2] [WARNING] Missing required fields in article: https://www.tinnhanhchungkhoan.vn/sed-ngay-gdkhq-tra-co-tuc-nam-2025-bang-tien-15-post392806.html
[2026-06-27 23:11:19] [TASK_2] [WARNING] Missing required fields in article: https://www.tinnhanhchungkhoan.vn/ads-ngay-gdkhq-tra-co-tuc-nam-2025-bang-tien-10-post392795.html
[2026-06-27 23:11:19] [TASK_2] [WARNING] Missing required fields in article: https://www.tinnhanhchungkhoan.vn/png-ngay-gdkhq-tra-co-tuc-nam-2025-bang-tien-10-post392803.html
[2026-06-27 23:11:19] [TASK_2] [WARNING] Missing required fields in article: https://www.tinnhanhchungkhoan.vn/clc-ngay-gdkhq-tra-co-tuc-dot-cuoi-nam-2025-bang-tien-25-post392805.html
[2026-06-27 23:11:19] [TASK_2] [WARNING] Missing required fields in article: https://www.tinnhanhchungkhoan.vn/tvt-ngay-gdkhq-tra-co-tuc-dot-cuoi-nam-2025-bang-tien-10-post392774.html
[2026-06-27 23:11:19] [TASK_2] [WARNING] Missing required fields in article: https://www.tinnhanhchungkhoan.vn/ibd-ngay-gdkhq-tra-co-tuc-nam-2025-bang-tien-5-post392777.html
[2026-06-27 23:11:19] [TASK_2] [WARNING] Missing required fields in article: https://www.tinnhanhchungkhoan.vn/adp-ngay-gdkhq-tra-co-tuc-dot-1-nam-2026-bang-tien-7-post392775.html
[2026-06-27 23:11:19] [TASK_2] [WARNING] Missing required fields in article: https://www.tinnhanhchungkhoan.vn/ctr-ngay-gdkhq-tra-co-tuc-nam-2025-bang-tien-15-va-co-phieu-10012-post392778.html
[2026-06-27 23:11:19] [TASK_2] [WARNING] Missing required fields in article: https://www.tinnhanhchungkhoan.vn/tmp-ngay-gdkhq-tra-co-tuc-con-lai-nam-2025-bang-tien-20-post392790.html
[2026-06-27 23:11:19] [TASK_2] [WARNING] Missing required fields in article: https://www.tinnhanhchungkhoan.vn/fhs-ngay-gdkhq-tam-ung-co-tuc-dot-1-nam-2026-bang-tien-8-va-co-phieu-tang-von-104-post392789.html
[2026-06-27 23:11:19] [TASK_2] [WARNING] Missing required fields in article: https://www.tinnhanhchungkhoan.vn/tku-ngay-gdkhq-tra-co-tuc-nam-2025-bang-tien-5-post392808.html
[2026-06-27 23:11:19] [TASK_2] [WARNING] Missing required fields in article: https://www.tinnhanhchungkhoan.vn/nth-ngay-gdkhq-tam-ung-co-tuc-lan-1-nam-2026-bang-tien-15-post392809.html
[2026-06-27 23:11:19] [TASK_2] [WARNING] Missing required fields in article: https://www.tinnhanhchungkhoan.vn/nbc-ngay-gdkhq-tra-co-tuc-nam-2025-bang-tien-6-post392783.html
[2026-06-27 23:11:20] [TASK_2] [WARNING] Request failed for https://tinnhanhchungkhoan.vn/tim-kiem/page/2/?q=HDB (attempt 1/3): 404 Client Error: Not Found for url: https://www.tinnhanhchungkhoan.vn/404
[2026-06-27 23:11:20] [TASK_2] [INFO] Retrying in 1s…
[2026-06-27 23:11:22] [TASK_2] [WARNING] Request failed for https://tinnhanhchungkhoan.vn/tim-kiem/page/2/?q=HDB (attempt 2/3): 404 Client Error: Not Found for url: https://www.tinnhanhchungkhoan.vn/404
[2026-06-27 23:11:22] [TASK_2] [INFO] Retrying in 2s…
[2026-06-27 23:11:24] [TASK_2] [WARNING] Request failed for https://tinnhanhchungkhoan.vn/tim-kiem/page/2/?q=HDB (attempt 3/3): 404 Client Error: Not Found for url: https://www.tinnhanhchungkhoan.vn/404
[2026-06-27 23:11:24] [TASK_2] [ERROR] All 3 attempts failed for https://tinnhanhchungkhoan.vn/tim-kiem/page/2/?q=HDB. Skipping.
[2026-06-27 23:11:24] [TASK_2] [WARNING] Failed to fetch TNCK search page 2 for query 'HDB'. Stopping pagination.
[2026-06-27 23:11:24] [TASK_2] [INFO] TNCK search 'HDB': 38 new articles
[2026-06-27 23:11:25] [TASK_2] [WARNING] Missing required fields in article: https://www.tinnhanhchungkhoan.vn/bao-dau-tu-so-49-50-post392804.html
[2026-06-27 23:11:25] [TASK_2] [WARNING] Missing required fields in article: https://www.tinnhanhchungkhoan.vn/vietnam-investment-review-so-1810-post392791.html
[2026-06-27 23:11:25] [TASK_2] [WARNING] Missing required fields in article: https://www.tinnhanhchungkhoan.vn/bao-dau-tu-chung-khoan-so-25-post392730.html
[2026-06-27 23:11:25] [TASK_2] [WARNING] Missing required fields in article: https://www.tinnhanhchungkhoan.vn/bhh-ngay-gdkhq-tra-co-tuc-nam-2025-bang-tien-7-post392773.html
[2026-06-27 23:11:25] [TASK_2] [WARNING] Missing required fields in article: https://www.tinnhanhchungkhoan.vn/vhm-ngay-gdkhq-tra-co-tuc-bang-tien-60-post392779.html
[2026-06-27 23:11:25] [TASK_2] [WARNING] Missing required fields in article: https://www.tinnhanhchungkhoan.vn/cmd-ngay-gdkhq-tam-ung-co-tuc-dot-1-nam-2026-bang-tien-10-post392786.html
[2026-06-27 23:11:25] [TASK_2] [WARNING] Missing required fields in article: https://www.tinnhanhchungkhoan.vn/vbc-ngay-gdkhq-tra-co-tuc-nam-2025-bang-tien-18-post392792.html
[2026-06-27 23:11:25] [TASK_2] [WARNING] Missing required fields in article: https://www.tinnhanhchungkhoan.vn/ccl-ngay-gdkhq-tra-co-tuc-nam-2025-bang-co-phieu-101-post392793.html
[2026-06-27 23:11:25] [TASK_2] [WARNING] Missing required fields in article: https://www.tinnhanhchungkhoan.vn/htc-ngay-gdkhq-tam-ung-co-tuc-dot-1-nam-2026-bang-tien-3-post392798.html
[2026-06-27 23:11:25] [TASK_2] [WARNING] Missing required fields in article: https://www.tinnhanhchungkhoan.vn/khp-ngay-gdkhq-tra-co-tuc-nam-2025-bang-tien-5-post392799.html
[2026-06-27 23:11:25] [TASK_2] [WARNING] Missing required fields in article: https://www.tinnhanhchungkhoan.vn/vnp-ngay-gdkhq-tra-co-tuc-nam-2025-bang-tien-8-post392802.html
[2026-06-27 23:11:25] [TASK_2] [WARNING] Missing required fields in article: https://www.tinnhanhchungkhoan.vn/ijc-ngay-gdkhq-tra-co-tuc-bang-tien-nam-2025-5-post392811.html
[2026-06-27 23:11:25] [TASK_2] [WARNING] Missing required fields in article: https://www.tinnhanhchungkhoan.vn/vpw-ngay-gdkhq-tra-co-tuc-nam-2025-bang-tien-202-post392781.html
[2026-06-27 23:11:25] [TASK_2] [WARNING] Missing required fields in article: https://www.tinnhanhchungkhoan.vn/ocb-ngay-gdkhq-nhan-co-phieu-tang-von-tu-nguon-von-chu-so-huu-10015-post392785.html
[2026-06-27 23:11:25] [TASK_2] [WARNING] Missing required fields in article: https://www.tinnhanhchungkhoan.vn/sed-ngay-gdkhq-tra-co-tuc-nam-2025-bang-tien-15-post392806.html
[2026-06-27 23:11:25] [TASK_2] [WARNING] Missing required fields in article: https://www.tinnhanhchungkhoan.vn/ads-ngay-gdkhq-tra-co-tuc-nam-2025-bang-tien-10-post392795.html
[2026-06-27 23:11:25] [TASK_2] [WARNING] Missing required fields in article: https://www.tinnhanhchungkhoan.vn/png-ngay-gdkhq-tra-co-tuc-nam-2025-bang-tien-10-post392803.html
[2026-06-27 23:11:25] [TASK_2] [WARNING] Missing required fields in article: https://www.tinnhanhchungkhoan.vn/clc-ngay-gdkhq-tra-co-tuc-dot-cuoi-nam-2025-bang-tien-25-post392805.html
[2026-06-27 23:11:25] [TASK_2] [WARNING] Missing required fields in article: https://www.tinnhanhchungkhoan.vn/tvt-ngay-gdkhq-tra-co-tuc-dot-cuoi-nam-2025-bang-tien-10-post392774.html
[2026-06-27 23:11:25] [TASK_2] [WARNING] Missing required fields in article: https://www.tinnhanhchungkhoan.vn/ibd-ngay-gdkhq-tra-co-tuc-nam-2025-bang-tien-5-post392777.html
[2026-06-27 23:11:25] [TASK_2] [WARNING] Missing required fields in article: https://www.tinnhanhchungkhoan.vn/adp-ngay-gdkhq-tra-co-tuc-dot-1-nam-2026-bang-tien-7-post392775.html
[2026-06-27 23:11:25] [TASK_2] [WARNING] Missing required fields in article: https://www.tinnhanhchungkhoan.vn/ctr-ngay-gdkhq-tra-co-tuc-nam-2025-bang-tien-15-va-co-phieu-10012-post392778.html
[2026-06-27 23:11:25] [TASK_2] [WARNING] Missing required fields in article: https://www.tinnhanhchungkhoan.vn/tmp-ngay-gdkhq-tra-co-tuc-con-lai-nam-2025-bang-tien-20-post392790.html
[2026-06-27 23:11:25] [TASK_2] [WARNING] Missing required fields in article: https://www.tinnhanhchungkhoan.vn/fhs-ngay-gdkhq-tam-ung-co-tuc-dot-1-nam-2026-bang-tien-8-va-co-phieu-tang-von-104-post392789.html
[2026-06-27 23:11:25] [TASK_2] [WARNING] Missing required fields in article: https://www.tinnhanhchungkhoan.vn/tku-ngay-gdkhq-tra-co-tuc-nam-2025-bang-tien-5-post392808.html
[2026-06-27 23:11:25] [TASK_2] [WARNING] Missing required fields in article: https://www.tinnhanhchungkhoan.vn/nth-ngay-gdkhq-tam-ung-co-tuc-lan-1-nam-2026-bang-tien-15-post392809.html
[2026-06-27 23:11:25] [TASK_2] [WARNING] Missing required fields in article: https://www.tinnhanhchungkhoan.vn/nbc-ngay-gdkhq-tra-co-tuc-nam-2025-bang-tien-6-post392783.html
[2026-06-27 23:11:26] [TASK_2] [WARNING] Request failed for https://tinnhanhchungkhoan.vn/tim-kiem/page/2/?q=HPG (attempt 1/3): 404 Client Error: Not Found for url: https://www.tinnhanhchungkhoan.vn/404
[2026-06-27 23:11:26] [TASK_2] [INFO] Retrying in 1s…
[2026-06-27 23:11:27] [TASK_2] [WARNING] Request failed for https://tinnhanhchungkhoan.vn/tim-kiem/page/2/?q=HPG (attempt 2/3): 404 Client Error: Not Found for url: https://www.tinnhanhchungkhoan.vn/404
[2026-06-27 23:11:27] [TASK_2] [INFO] Retrying in 2s…
[2026-06-27 23:11:29] [TASK_2] [WARNING] Request failed for https://tinnhanhchungkhoan.vn/tim-kiem/page/2/?q=HPG (attempt 3/3): 404 Client Error: Not Found for url: https://www.tinnhanhchungkhoan.vn/404
[2026-06-27 23:11:29] [TASK_2] [ERROR] All 3 attempts failed for https://tinnhanhchungkhoan.vn/tim-kiem/page/2/?q=HPG. Skipping.
[2026-06-27 23:11:29] [TASK_2] [WARNING] Failed to fetch TNCK search page 2 for query 'HPG'. Stopping pagination.
[2026-06-27 23:11:29] [TASK_2] [INFO] TNCK search 'HPG': 38 new articles
[2026-06-27 23:11:31] [TASK_2] [WARNING] Missing required fields in article: https://www.tinnhanhchungkhoan.vn/bao-dau-tu-so-49-50-post392804.html
[2026-06-27 23:11:31] [TASK_2] [WARNING] Missing required fields in article: https://www.tinnhanhchungkhoan.vn/vietnam-investment-review-so-1810-post392791.html
[2026-06-27 23:11:31] [TASK_2] [WARNING] Missing required fields in article: https://www.tinnhanhchungkhoan.vn/bao-dau-tu-chung-khoan-so-25-post392730.html
[2026-06-27 23:11:31] [TASK_2] [WARNING] Missing required fields in article: https://www.tinnhanhchungkhoan.vn/bhh-ngay-gdkhq-tra-co-tuc-nam-2025-bang-tien-7-post392773.html
[2026-06-27 23:11:31] [TASK_2] [WARNING] Missing required fields in article: https://www.tinnhanhchungkhoan.vn/vhm-ngay-gdkhq-tra-co-tuc-bang-tien-60-post392779.html
[2026-06-27 23:11:31] [TASK_2] [WARNING] Missing required fields in article: https://www.tinnhanhchungkhoan.vn/cmd-ngay-gdkhq-tam-ung-co-tuc-dot-1-nam-2026-bang-tien-10-post392786.html
[2026-06-27 23:11:31] [TASK_2] [WARNING] Missing required fields in article: https://www.tinnhanhchungkhoan.vn/vbc-ngay-gdkhq-tra-co-tuc-nam-2025-bang-tien-18-post392792.html
[2026-06-27 23:11:31] [TASK_2] [WARNING] Missing required fields in article: https://www.tinnhanhchungkhoan.vn/ccl-ngay-gdkhq-tra-co-tuc-nam-2025-bang-co-phieu-101-post392793.html
[2026-06-27 23:11:31] [TASK_2] [WARNING] Missing required fields in article: https://www.tinnhanhchungkhoan.vn/htc-ngay-gdkhq-tam-ung-co-tuc-dot-1-nam-2026-bang-tien-3-post392798.html
[2026-06-27 23:11:31] [TASK_2] [WARNING] Missing required fields in article: https://www.tinnhanhchungkhoan.vn/khp-ngay-gdkhq-tra-co-tuc-nam-2025-bang-tien-5-post392799.html
[2026-06-27 23:11:31] [TASK_2] [WARNING] Missing required fields in article: https://www.tinnhanhchungkhoan.vn/vnp-ngay-gdkhq-tra-co-tuc-nam-2025-bang-tien-8-post392802.html
[2026-06-27 23:11:31] [TASK_2] [WARNING] Missing required fields in article: https://www.tinnhanhchungkhoan.vn/ijc-ngay-gdkhq-tra-co-tuc-bang-tien-nam-2025-5-post392811.html
[2026-06-27 23:11:31] [TASK_2] [WARNING] Missing required fields in article: https://www.tinnhanhchungkhoan.vn/vpw-ngay-gdkhq-tra-co-tuc-nam-2025-bang-tien-202-post392781.html
[2026-06-27 23:11:31] [TASK_2] [WARNING] Missing required fields in article: https://www.tinnhanhchungkhoan.vn/ocb-ngay-gdkhq-nhan-co-phieu-tang-von-tu-nguon-von-chu-so-huu-10015-post392785.html
[2026-06-27 23:11:31] [TASK_2] [WARNING] Missing required fields in article: https://www.tinnhanhchungkhoan.vn/sed-ngay-gdkhq-tra-co-tuc-nam-2025-bang-tien-15-post392806.html
[2026-06-27 23:11:31] [TASK_2] [WARNING] Missing required fields in article: https://www.tinnhanhchungkhoan.vn/ads-ngay-gdkhq-tra-co-tuc-nam-2025-bang-tien-10-post392795.html
[2026-06-27 23:11:31] [TASK_2] [WARNING] Missing required fields in article: https://www.tinnhanhchungkhoan.vn/png-ngay-gdkhq-tra-co-tuc-nam-2025-bang-tien-10-post392803.html
[2026-06-27 23:11:31] [TASK_2] [WARNING] Missing required fields in article: https://www.tinnhanhchungkhoan.vn/clc-ngay-gdkhq-tra-co-tuc-dot-cuoi-nam-2025-bang-tien-25-post392805.html
[2026-06-27 23:11:31] [TASK_2] [WARNING] Missing required fields in article: https://www.tinnhanhchungkhoan.vn/tvt-ngay-gdkhq-tra-co-tuc-dot-cuoi-nam-2025-bang-tien-10-post392774.html
[2026-06-27 23:11:31] [TASK_2] [WARNING] Missing required fields in article: https://www.tinnhanhchungkhoan.vn/ibd-ngay-gdkhq-tra-co-tuc-nam-2025-bang-tien-5-post392777.html
[2026-06-27 23:11:31] [TASK_2] [WARNING] Missing required fields in article: https://www.tinnhanhchungkhoan.vn/adp-ngay-gdkhq-tra-co-tuc-dot-1-nam-2026-bang-tien-7-post392775.html
[2026-06-27 23:11:31] [TASK_2] [WARNING] Missing required fields in article: https://www.tinnhanhchungkhoan.vn/ctr-ngay-gdkhq-tra-co-tuc-nam-2025-bang-tien-15-va-co-phieu-10012-post392778.html
[2026-06-27 23:11:31] [TASK_2] [WARNING] Missing required fields in article: https://www.tinnhanhchungkhoan.vn/tmp-ngay-gdkhq-tra-co-tuc-con-lai-nam-2025-bang-tien-20-post392790.html
[2026-06-27 23:11:31] [TASK_2] [WARNING] Missing required fields in article: https://www.tinnhanhchungkhoan.vn/fhs-ngay-gdkhq-tam-ung-co-tuc-dot-1-nam-2026-bang-tien-8-va-co-phieu-tang-von-104-post392789.html
[2026-06-27 23:11:31] [TASK_2] [WARNING] Missing required fields in article: https://www.tinnhanhchungkhoan.vn/tku-ngay-gdkhq-tra-co-tuc-nam-2025-bang-tien-5-post392808.html
[2026-06-27 23:11:31] [TASK_2] [WARNING] Missing required fields in article: https://www.tinnhanhchungkhoan.vn/nth-ngay-gdkhq-tam-ung-co-tuc-lan-1-nam-2026-bang-tien-15-post392809.html
[2026-06-27 23:11:31] [TASK_2] [WARNING] Missing required fields in article: https://www.tinnhanhchungkhoan.vn/nbc-ngay-gdkhq-tra-co-tuc-nam-2025-bang-tien-6-post392783.html
[2026-06-27 23:11:31] [TASK_2] [WARNING] Request failed for https://tinnhanhchungkhoan.vn/tim-kiem/page/2/?q=MBB (attempt 1/3): 404 Client Error: Not Found for url: https://www.tinnhanhchungkhoan.vn/404
[2026-06-27 23:11:31] [TASK_2] [INFO] Retrying in 1s…
[2026-06-27 23:11:33] [TASK_2] [WARNING] Request failed for https://tinnhanhchungkhoan.vn/tim-kiem/page/2/?q=MBB (attempt 2/3): 404 Client Error: Not Found for url: https://www.tinnhanhchungkhoan.vn/404
[2026-06-27 23:11:33] [TASK_2] [INFO] Retrying in 2s…
[2026-06-27 23:11:35] [TASK_2] [WARNING] Request failed for https://tinnhanhchungkhoan.vn/tim-kiem/page/2/?q=MBB (attempt 3/3): 404 Client Error: Not Found for url: https://www.tinnhanhchungkhoan.vn/404
[2026-06-27 23:11:35] [TASK_2] [ERROR] All 3 attempts failed for https://tinnhanhchungkhoan.vn/tim-kiem/page/2/?q=MBB. Skipping.
[2026-06-27 23:11:35] [TASK_2] [WARNING] Failed to fetch TNCK search page 2 for query 'MBB'. Stopping pagination.
[2026-06-27 23:11:35] [TASK_2] [INFO] TNCK search 'MBB': 36 new articles
[2026-06-27 23:11:36] [TASK_2] [WARNING] Missing required fields in article: https://www.tinnhanhchungkhoan.vn/bao-dau-tu-so-49-50-post392804.html
[2026-06-27 23:11:36] [TASK_2] [WARNING] Missing required fields in article: https://www.tinnhanhchungkhoan.vn/vietnam-investment-review-so-1810-post392791.html
[2026-06-27 23:11:36] [TASK_2] [WARNING] Missing required fields in article: https://www.tinnhanhchungkhoan.vn/bao-dau-tu-chung-khoan-so-25-post392730.html
[2026-06-27 23:11:36] [TASK_2] [WARNING] Missing required fields in article: https://www.tinnhanhchungkhoan.vn/bhh-ngay-gdkhq-tra-co-tuc-nam-2025-bang-tien-7-post392773.html
[2026-06-27 23:11:36] [TASK_2] [WARNING] Missing required fields in article: https://www.tinnhanhchungkhoan.vn/vhm-ngay-gdkhq-tra-co-tuc-bang-tien-60-post392779.html
[2026-06-27 23:11:36] [TASK_2] [WARNING] Missing required fields in article: https://www.tinnhanhchungkhoan.vn/cmd-ngay-gdkhq-tam-ung-co-tuc-dot-1-nam-2026-bang-tien-10-post392786.html
[2026-06-27 23:11:36] [TASK_2] [WARNING] Missing required fields in article: https://www.tinnhanhchungkhoan.vn/vbc-ngay-gdkhq-tra-co-tuc-nam-2025-bang-tien-18-post392792.html
[2026-06-27 23:11:36] [TASK_2] [WARNING] Missing required fields in article: https://www.tinnhanhchungkhoan.vn/ccl-ngay-gdkhq-tra-co-tuc-nam-2025-bang-co-phieu-101-post392793.html
[2026-06-27 23:11:36] [TASK_2] [WARNING] Missing required fields in article: https://www.tinnhanhchungkhoan.vn/htc-ngay-gdkhq-tam-ung-co-tuc-dot-1-nam-2026-bang-tien-3-post392798.html
[2026-06-27 23:11:36] [TASK_2] [WARNING] Missing required fields in article: https://www.tinnhanhchungkhoan.vn/khp-ngay-gdkhq-tra-co-tuc-nam-2025-bang-tien-5-post392799.html
[2026-06-27 23:11:36] [TASK_2] [WARNING] Missing required fields in article: https://www.tinnhanhchungkhoan.vn/vnp-ngay-gdkhq-tra-co-tuc-nam-2025-bang-tien-8-post392802.html
[2026-06-27 23:11:36] [TASK_2] [WARNING] Missing required fields in article: https://www.tinnhanhchungkhoan.vn/ijc-ngay-gdkhq-tra-co-tuc-bang-tien-nam-2025-5-post392811.html
[2026-06-27 23:11:36] [TASK_2] [WARNING] Missing required fields in article: https://www.tinnhanhchungkhoan.vn/vpw-ngay-gdkhq-tra-co-tuc-nam-2025-bang-tien-202-post392781.html
[2026-06-27 23:11:36] [TASK_2] [WARNING] Missing required fields in article: https://www.tinnhanhchungkhoan.vn/ocb-ngay-gdkhq-nhan-co-phieu-tang-von-tu-nguon-von-chu-so-huu-10015-post392785.html
[2026-06-27 23:11:36] [TASK_2] [WARNING] Missing required fields in article: https://www.tinnhanhchungkhoan.vn/sed-ngay-gdkhq-tra-co-tuc-nam-2025-bang-tien-15-post392806.html
[2026-06-27 23:11:36] [TASK_2] [WARNING] Missing required fields in article: https://www.tinnhanhchungkhoan.vn/ads-ngay-gdkhq-tra-co-tuc-nam-2025-bang-tien-10-post392795.html
[2026-06-27 23:11:36] [TASK_2] [WARNING] Missing required fields in article: https://www.tinnhanhchungkhoan.vn/png-ngay-gdkhq-tra-co-tuc-nam-2025-bang-tien-10-post392803.html
[2026-06-27 23:11:36] [TASK_2] [WARNING] Missing required fields in article: https://www.tinnhanhchungkhoan.vn/clc-ngay-gdkhq-tra-co-tuc-dot-cuoi-nam-2025-bang-tien-25-post392805.html
[2026-06-27 23:11:36] [TASK_2] [WARNING] Missing required fields in article: https://www.tinnhanhchungkhoan.vn/tvt-ngay-gdkhq-tra-co-tuc-dot-cuoi-nam-2025-bang-tien-10-post392774.html
[2026-06-27 23:11:36] [TASK_2] [WARNING] Missing required fields in article: https://www.tinnhanhchungkhoan.vn/ibd-ngay-gdkhq-tra-co-tuc-nam-2025-bang-tien-5-post392777.html
[2026-06-27 23:11:36] [TASK_2] [WARNING] Missing required fields in article: https://www.tinnhanhchungkhoan.vn/adp-ngay-gdkhq-tra-co-tuc-dot-1-nam-2026-bang-tien-7-post392775.html
[2026-06-27 23:11:36] [TASK_2] [WARNING] Missing required fields in article: https://www.tinnhanhchungkhoan.vn/ctr-ngay-gdkhq-tra-co-tuc-nam-2025-bang-tien-15-va-co-phieu-10012-post392778.html
[2026-06-27 23:11:36] [TASK_2] [WARNING] Missing required fields in article: https://www.tinnhanhchungkhoan.vn/tmp-ngay-gdkhq-tra-co-tuc-con-lai-nam-2025-bang-tien-20-post392790.html
[2026-06-27 23:11:36] [TASK_2] [WARNING] Missing required fields in article: https://www.tinnhanhchungkhoan.vn/fhs-ngay-gdkhq-tam-ung-co-tuc-dot-1-nam-2026-bang-tien-8-va-co-phieu-tang-von-104-post392789.html
[2026-06-27 23:11:36] [TASK_2] [WARNING] Missing required fields in article: https://www.tinnhanhchungkhoan.vn/tku-ngay-gdkhq-tra-co-tuc-nam-2025-bang-tien-5-post392808.html
[2026-06-27 23:11:36] [TASK_2] [WARNING] Missing required fields in article: https://www.tinnhanhchungkhoan.vn/nth-ngay-gdkhq-tam-ung-co-tuc-lan-1-nam-2026-bang-tien-15-post392809.html
[2026-06-27 23:11:36] [TASK_2] [WARNING] Missing required fields in article: https://www.tinnhanhchungkhoan.vn/nbc-ngay-gdkhq-tra-co-tuc-nam-2025-bang-tien-6-post392783.html
[2026-06-27 23:11:37] [TASK_2] [WARNING] Request failed for https://tinnhanhchungkhoan.vn/tim-kiem/page/2/?q=MSN (attempt 1/3): 404 Client Error: Not Found for url: https://www.tinnhanhchungkhoan.vn/404
[2026-06-27 23:11:37] [TASK_2] [INFO] Retrying in 1s…
[2026-06-27 23:11:38] [TASK_2] [WARNING] Request failed for https://tinnhanhchungkhoan.vn/tim-kiem/page/2/?q=MSN (attempt 2/3): 404 Client Error: Not Found for url: https://www.tinnhanhchungkhoan.vn/404
[2026-06-27 23:11:38] [TASK_2] [INFO] Retrying in 2s…
[2026-06-27 23:11:40] [TASK_2] [WARNING] Request failed for https://tinnhanhchungkhoan.vn/tim-kiem/page/2/?q=MSN (attempt 3/3): 404 Client Error: Not Found for url: https://www.tinnhanhchungkhoan.vn/404
[2026-06-27 23:11:40] [TASK_2] [ERROR] All 3 attempts failed for https://tinnhanhchungkhoan.vn/tim-kiem/page/2/?q=MSN. Skipping.
[2026-06-27 23:11:40] [TASK_2] [WARNING] Failed to fetch TNCK search page 2 for query 'MSN'. Stopping pagination.
[2026-06-27 23:11:40] [TASK_2] [INFO] TNCK search 'MSN': 40 new articles
[2026-06-27 23:11:41] [TASK_2] [WARNING] Missing required fields in article: https://www.tinnhanhchungkhoan.vn/bao-dau-tu-so-49-50-post392804.html
[2026-06-27 23:11:41] [TASK_2] [WARNING] Missing required fields in article: https://www.tinnhanhchungkhoan.vn/vietnam-investment-review-so-1810-post392791.html
[2026-06-27 23:11:41] [TASK_2] [WARNING] Missing required fields in article: https://www.tinnhanhchungkhoan.vn/bao-dau-tu-chung-khoan-so-25-post392730.html
[2026-06-27 23:11:41] [TASK_2] [WARNING] Missing required fields in article: https://www.tinnhanhchungkhoan.vn/bhh-ngay-gdkhq-tra-co-tuc-nam-2025-bang-tien-7-post392773.html
[2026-06-27 23:11:41] [TASK_2] [WARNING] Missing required fields in article: https://www.tinnhanhchungkhoan.vn/vhm-ngay-gdkhq-tra-co-tuc-bang-tien-60-post392779.html
[2026-06-27 23:11:41] [TASK_2] [WARNING] Missing required fields in article: https://www.tinnhanhchungkhoan.vn/cmd-ngay-gdkhq-tam-ung-co-tuc-dot-1-nam-2026-bang-tien-10-post392786.html
[2026-06-27 23:11:41] [TASK_2] [WARNING] Missing required fields in article: https://www.tinnhanhchungkhoan.vn/vbc-ngay-gdkhq-tra-co-tuc-nam-2025-bang-tien-18-post392792.html
[2026-06-27 23:11:41] [TASK_2] [WARNING] Missing required fields in article: https://www.tinnhanhchungkhoan.vn/ccl-ngay-gdkhq-tra-co-tuc-nam-2025-bang-co-phieu-101-post392793.html
[2026-06-27 23:11:41] [TASK_2] [WARNING] Missing required fields in article: https://www.tinnhanhchungkhoan.vn/htc-ngay-gdkhq-tam-ung-co-tuc-dot-1-nam-2026-bang-tien-3-post392798.html
[2026-06-27 23:11:41] [TASK_2] [WARNING] Missing required fields in article: https://www.tinnhanhchungkhoan.vn/khp-ngay-gdkhq-tra-co-tuc-nam-2025-bang-tien-5-post392799.html
[2026-06-27 23:11:41] [TASK_2] [WARNING] Missing required fields in article: https://www.tinnhanhchungkhoan.vn/vnp-ngay-gdkhq-tra-co-tuc-nam-2025-bang-tien-8-post392802.html
[2026-06-27 23:11:41] [TASK_2] [WARNING] Missing required fields in article: https://www.tinnhanhchungkhoan.vn/ijc-ngay-gdkhq-tra-co-tuc-bang-tien-nam-2025-5-post392811.html
[2026-06-27 23:11:41] [TASK_2] [WARNING] Missing required fields in article: https://www.tinnhanhchungkhoan.vn/vpw-ngay-gdkhq-tra-co-tuc-nam-2025-bang-tien-202-post392781.html
[2026-06-27 23:11:41] [TASK_2] [WARNING] Missing required fields in article: https://www.tinnhanhchungkhoan.vn/ocb-ngay-gdkhq-nhan-co-phieu-tang-von-tu-nguon-von-chu-so-huu-10015-post392785.html
[2026-06-27 23:11:41] [TASK_2] [WARNING] Missing required fields in article: https://www.tinnhanhchungkhoan.vn/sed-ngay-gdkhq-tra-co-tuc-nam-2025-bang-tien-15-post392806.html
[2026-06-27 23:11:41] [TASK_2] [WARNING] Missing required fields in article: https://www.tinnhanhchungkhoan.vn/ads-ngay-gdkhq-tra-co-tuc-nam-2025-bang-tien-10-post392795.html
[2026-06-27 23:11:41] [TASK_2] [WARNING] Missing required fields in article: https://www.tinnhanhchungkhoan.vn/png-ngay-gdkhq-tra-co-tuc-nam-2025-bang-tien-10-post392803.html
[2026-06-27 23:11:41] [TASK_2] [WARNING] Missing required fields in article: https://www.tinnhanhchungkhoan.vn/clc-ngay-gdkhq-tra-co-tuc-dot-cuoi-nam-2025-bang-tien-25-post392805.html
[2026-06-27 23:11:41] [TASK_2] [WARNING] Missing required fields in article: https://www.tinnhanhchungkhoan.vn/tvt-ngay-gdkhq-tra-co-tuc-dot-cuoi-nam-2025-bang-tien-10-post392774.html
[2026-06-27 23:11:41] [TASK_2] [WARNING] Missing required fields in article: https://www.tinnhanhchungkhoan.vn/ibd-ngay-gdkhq-tra-co-tuc-nam-2025-bang-tien-5-post392777.html
[2026-06-27 23:11:41] [TASK_2] [WARNING] Missing required fields in article: https://www.tinnhanhchungkhoan.vn/adp-ngay-gdkhq-tra-co-tuc-dot-1-nam-2026-bang-tien-7-post392775.html
[2026-06-27 23:11:41] [TASK_2] [WARNING] Missing required fields in article: https://www.tinnhanhchungkhoan.vn/ctr-ngay-gdkhq-tra-co-tuc-nam-2025-bang-tien-15-va-co-phieu-10012-post392778.html
[2026-06-27 23:11:41] [TASK_2] [WARNING] Missing required fields in article: https://www.tinnhanhchungkhoan.vn/tmp-ngay-gdkhq-tra-co-tuc-con-lai-nam-2025-bang-tien-20-post392790.html
[2026-06-27 23:11:41] [TASK_2] [WARNING] Missing required fields in article: https://www.tinnhanhchungkhoan.vn/fhs-ngay-gdkhq-tam-ung-co-tuc-dot-1-nam-2026-bang-tien-8-va-co-phieu-tang-von-104-post392789.html
[2026-06-27 23:11:41] [TASK_2] [WARNING] Missing required fields in article: https://www.tinnhanhchungkhoan.vn/tku-ngay-gdkhq-tra-co-tuc-nam-2025-bang-tien-5-post392808.html
[2026-06-27 23:11:41] [TASK_2] [WARNING] Missing required fields in article: https://www.tinnhanhchungkhoan.vn/nth-ngay-gdkhq-tam-ung-co-tuc-lan-1-nam-2026-bang-tien-15-post392809.html
[2026-06-27 23:11:41] [TASK_2] [WARNING] Missing required fields in article: https://www.tinnhanhchungkhoan.vn/nbc-ngay-gdkhq-tra-co-tuc-nam-2025-bang-tien-6-post392783.html
[2026-06-27 23:11:42] [TASK_2] [WARNING] Request failed for https://tinnhanhchungkhoan.vn/tim-kiem/page/2/?q=MWG (attempt 1/3): 404 Client Error: Not Found for url: https://www.tinnhanhchungkhoan.vn/404
[2026-06-27 23:11:42] [TASK_2] [INFO] Retrying in 1s…
[2026-06-27 23:11:43] [TASK_2] [WARNING] Request failed for https://tinnhanhchungkhoan.vn/tim-kiem/page/2/?q=MWG (attempt 2/3): 404 Client Error: Not Found for url: https://www.tinnhanhchungkhoan.vn/404
[2026-06-27 23:11:43] [TASK_2] [INFO] Retrying in 2s…
[2026-06-27 23:11:45] [TASK_2] [WARNING] Request failed for https://tinnhanhchungkhoan.vn/tim-kiem/page/2/?q=MWG (attempt 3/3): 404 Client Error: Not Found for url: https://www.tinnhanhchungkhoan.vn/404
[2026-06-27 23:11:45] [TASK_2] [ERROR] All 3 attempts failed for https://tinnhanhchungkhoan.vn/tim-kiem/page/2/?q=MWG. Skipping.
[2026-06-27 23:11:45] [TASK_2] [WARNING] Failed to fetch TNCK search page 2 for query 'MWG'. Stopping pagination.
[2026-06-27 23:11:45] [TASK_2] [INFO] TNCK search 'MWG': 38 new articles
[2026-06-27 23:11:46] [TASK_2] [WARNING] Missing required fields in article: https://www.tinnhanhchungkhoan.vn/bao-dau-tu-so-49-50-post392804.html
[2026-06-27 23:11:46] [TASK_2] [WARNING] Missing required fields in article: https://www.tinnhanhchungkhoan.vn/vietnam-investment-review-so-1810-post392791.html
[2026-06-27 23:11:46] [TASK_2] [WARNING] Missing required fields in article: https://www.tinnhanhchungkhoan.vn/bao-dau-tu-chung-khoan-so-25-post392730.html
[2026-06-27 23:11:46] [TASK_2] [WARNING] Missing required fields in article: https://www.tinnhanhchungkhoan.vn/bhh-ngay-gdkhq-tra-co-tuc-nam-2025-bang-tien-7-post392773.html
[2026-06-27 23:11:46] [TASK_2] [WARNING] Missing required fields in article: https://www.tinnhanhchungkhoan.vn/vhm-ngay-gdkhq-tra-co-tuc-bang-tien-60-post392779.html
[2026-06-27 23:11:46] [TASK_2] [WARNING] Missing required fields in article: https://www.tinnhanhchungkhoan.vn/cmd-ngay-gdkhq-tam-ung-co-tuc-dot-1-nam-2026-bang-tien-10-post392786.html
[2026-06-27 23:11:46] [TASK_2] [WARNING] Missing required fields in article: https://www.tinnhanhchungkhoan.vn/vbc-ngay-gdkhq-tra-co-tuc-nam-2025-bang-tien-18-post392792.html
[2026-06-27 23:11:46] [TASK_2] [WARNING] Missing required fields in article: https://www.tinnhanhchungkhoan.vn/ccl-ngay-gdkhq-tra-co-tuc-nam-2025-bang-co-phieu-101-post392793.html
[2026-06-27 23:11:46] [TASK_2] [WARNING] Missing required fields in article: https://www.tinnhanhchungkhoan.vn/htc-ngay-gdkhq-tam-ung-co-tuc-dot-1-nam-2026-bang-tien-3-post392798.html
[2026-06-27 23:11:46] [TASK_2] [WARNING] Missing required fields in article: https://www.tinnhanhchungkhoan.vn/khp-ngay-gdkhq-tra-co-tuc-nam-2025-bang-tien-5-post392799.html
[2026-06-27 23:11:46] [TASK_2] [WARNING] Missing required fields in article: https://www.tinnhanhchungkhoan.vn/vnp-ngay-gdkhq-tra-co-tuc-nam-2025-bang-tien-8-post392802.html
[2026-06-27 23:11:46] [TASK_2] [WARNING] Missing required fields in article: https://www.tinnhanhchungkhoan.vn/ijc-ngay-gdkhq-tra-co-tuc-bang-tien-nam-2025-5-post392811.html
[2026-06-27 23:11:46] [TASK_2] [WARNING] Missing required fields in article: https://www.tinnhanhchungkhoan.vn/vpw-ngay-gdkhq-tra-co-tuc-nam-2025-bang-tien-202-post392781.html
[2026-06-27 23:11:46] [TASK_2] [WARNING] Missing required fields in article: https://www.tinnhanhchungkhoan.vn/ocb-ngay-gdkhq-nhan-co-phieu-tang-von-tu-nguon-von-chu-so-huu-10015-post392785.html
[2026-06-27 23:11:46] [TASK_2] [WARNING] Missing required fields in article: https://www.tinnhanhchungkhoan.vn/sed-ngay-gdkhq-tra-co-tuc-nam-2025-bang-tien-15-post392806.html
[2026-06-27 23:11:46] [TASK_2] [WARNING] Missing required fields in article: https://www.tinnhanhchungkhoan.vn/ads-ngay-gdkhq-tra-co-tuc-nam-2025-bang-tien-10-post392795.html
[2026-06-27 23:11:46] [TASK_2] [WARNING] Missing required fields in article: https://www.tinnhanhchungkhoan.vn/png-ngay-gdkhq-tra-co-tuc-nam-2025-bang-tien-10-post392803.html
[2026-06-27 23:11:46] [TASK_2] [WARNING] Missing required fields in article: https://www.tinnhanhchungkhoan.vn/clc-ngay-gdkhq-tra-co-tuc-dot-cuoi-nam-2025-bang-tien-25-post392805.html
[2026-06-27 23:11:46] [TASK_2] [WARNING] Missing required fields in article: https://www.tinnhanhchungkhoan.vn/tvt-ngay-gdkhq-tra-co-tuc-dot-cuoi-nam-2025-bang-tien-10-post392774.html
[2026-06-27 23:11:46] [TASK_2] [WARNING] Missing required fields in article: https://www.tinnhanhchungkhoan.vn/ibd-ngay-gdkhq-tra-co-tuc-nam-2025-bang-tien-5-post392777.html
[2026-06-27 23:11:46] [TASK_2] [WARNING] Missing required fields in article: https://www.tinnhanhchungkhoan.vn/adp-ngay-gdkhq-tra-co-tuc-dot-1-nam-2026-bang-tien-7-post392775.html
[2026-06-27 23:11:46] [TASK_2] [WARNING] Missing required fields in article: https://www.tinnhanhchungkhoan.vn/ctr-ngay-gdkhq-tra-co-tuc-nam-2025-bang-tien-15-va-co-phieu-10012-post392778.html
[2026-06-27 23:11:46] [TASK_2] [WARNING] Missing required fields in article: https://www.tinnhanhchungkhoan.vn/tmp-ngay-gdkhq-tra-co-tuc-con-lai-nam-2025-bang-tien-20-post392790.html
[2026-06-27 23:11:46] [TASK_2] [WARNING] Missing required fields in article: https://www.tinnhanhchungkhoan.vn/fhs-ngay-gdkhq-tam-ung-co-tuc-dot-1-nam-2026-bang-tien-8-va-co-phieu-tang-von-104-post392789.html
[2026-06-27 23:11:46] [TASK_2] [WARNING] Missing required fields in article: https://www.tinnhanhchungkhoan.vn/tku-ngay-gdkhq-tra-co-tuc-nam-2025-bang-tien-5-post392808.html
[2026-06-27 23:11:46] [TASK_2] [WARNING] Missing required fields in article: https://www.tinnhanhchungkhoan.vn/nth-ngay-gdkhq-tam-ung-co-tuc-lan-1-nam-2026-bang-tien-15-post392809.html
[2026-06-27 23:11:46] [TASK_2] [WARNING] Missing required fields in article: https://www.tinnhanhchungkhoan.vn/nbc-ngay-gdkhq-tra-co-tuc-nam-2025-bang-tien-6-post392783.html
[2026-06-27 23:11:47] [TASK_2] [WARNING] Request failed for https://tinnhanhchungkhoan.vn/tim-kiem/page/2/?q=PLX (attempt 1/3): 404 Client Error: Not Found for url: https://www.tinnhanhchungkhoan.vn/404
[2026-06-27 23:11:47] [TASK_2] [INFO] Retrying in 1s…
[2026-06-27 23:11:48] [TASK_2] [WARNING] Request failed for https://tinnhanhchungkhoan.vn/tim-kiem/page/2/?q=PLX (attempt 2/3): 404 Client Error: Not Found for url: https://www.tinnhanhchungkhoan.vn/404
[2026-06-27 23:11:48] [TASK_2] [INFO] Retrying in 2s…
[2026-06-27 23:11:51] [TASK_2] [WARNING] Request failed for https://tinnhanhchungkhoan.vn/tim-kiem/page/2/?q=PLX (attempt 3/3): 404 Client Error: Not Found for url: https://www.tinnhanhchungkhoan.vn/404
[2026-06-27 23:11:51] [TASK_2] [ERROR] All 3 attempts failed for https://tinnhanhchungkhoan.vn/tim-kiem/page/2/?q=PLX. Skipping.
[2026-06-27 23:11:51] [TASK_2] [WARNING] Failed to fetch TNCK search page 2 for query 'PLX'. Stopping pagination.
[2026-06-27 23:11:51] [TASK_2] [INFO] TNCK search 'PLX': 36 new articles
[2026-06-27 23:11:52] [TASK_2] [WARNING] Missing required fields in article: https://www.tinnhanhchungkhoan.vn/bao-dau-tu-so-49-50-post392804.html
[2026-06-27 23:11:52] [TASK_2] [WARNING] Missing required fields in article: https://www.tinnhanhchungkhoan.vn/vietnam-investment-review-so-1810-post392791.html
[2026-06-27 23:11:52] [TASK_2] [WARNING] Missing required fields in article: https://www.tinnhanhchungkhoan.vn/bao-dau-tu-chung-khoan-so-25-post392730.html
[2026-06-27 23:11:52] [TASK_2] [WARNING] Missing required fields in article: https://www.tinnhanhchungkhoan.vn/bhh-ngay-gdkhq-tra-co-tuc-nam-2025-bang-tien-7-post392773.html
[2026-06-27 23:11:52] [TASK_2] [WARNING] Missing required fields in article: https://www.tinnhanhchungkhoan.vn/vhm-ngay-gdkhq-tra-co-tuc-bang-tien-60-post392779.html
[2026-06-27 23:11:52] [TASK_2] [WARNING] Missing required fields in article: https://www.tinnhanhchungkhoan.vn/cmd-ngay-gdkhq-tam-ung-co-tuc-dot-1-nam-2026-bang-tien-10-post392786.html
[2026-06-27 23:11:52] [TASK_2] [WARNING] Missing required fields in article: https://www.tinnhanhchungkhoan.vn/vbc-ngay-gdkhq-tra-co-tuc-nam-2025-bang-tien-18-post392792.html
[2026-06-27 23:11:52] [TASK_2] [WARNING] Missing required fields in article: https://www.tinnhanhchungkhoan.vn/ccl-ngay-gdkhq-tra-co-tuc-nam-2025-bang-co-phieu-101-post392793.html
[2026-06-27 23:11:52] [TASK_2] [WARNING] Missing required fields in article: https://www.tinnhanhchungkhoan.vn/htc-ngay-gdkhq-tam-ung-co-tuc-dot-1-nam-2026-bang-tien-3-post392798.html
[2026-06-27 23:11:52] [TASK_2] [WARNING] Missing required fields in article: https://www.tinnhanhchungkhoan.vn/khp-ngay-gdkhq-tra-co-tuc-nam-2025-bang-tien-5-post392799.html
[2026-06-27 23:11:52] [TASK_2] [WARNING] Missing required fields in article: https://www.tinnhanhchungkhoan.vn/vnp-ngay-gdkhq-tra-co-tuc-nam-2025-bang-tien-8-post392802.html
[2026-06-27 23:11:52] [TASK_2] [WARNING] Missing required fields in article: https://www.tinnhanhchungkhoan.vn/ijc-ngay-gdkhq-tra-co-tuc-bang-tien-nam-2025-5-post392811.html
[2026-06-27 23:11:52] [TASK_2] [WARNING] Missing required fields in article: https://www.tinnhanhchungkhoan.vn/vpw-ngay-gdkhq-tra-co-tuc-nam-2025-bang-tien-202-post392781.html
[2026-06-27 23:11:52] [TASK_2] [WARNING] Missing required fields in article: https://www.tinnhanhchungkhoan.vn/ocb-ngay-gdkhq-nhan-co-phieu-tang-von-tu-nguon-von-chu-so-huu-10015-post392785.html
[2026-06-27 23:11:52] [TASK_2] [WARNING] Missing required fields in article: https://www.tinnhanhchungkhoan.vn/sed-ngay-gdkhq-tra-co-tuc-nam-2025-bang-tien-15-post392806.html
[2026-06-27 23:11:52] [TASK_2] [WARNING] Missing required fields in article: https://www.tinnhanhchungkhoan.vn/ads-ngay-gdkhq-tra-co-tuc-nam-2025-bang-tien-10-post392795.html
[2026-06-27 23:11:52] [TASK_2] [WARNING] Missing required fields in article: https://www.tinnhanhchungkhoan.vn/png-ngay-gdkhq-tra-co-tuc-nam-2025-bang-tien-10-post392803.html
[2026-06-27 23:11:52] [TASK_2] [WARNING] Missing required fields in article: https://www.tinnhanhchungkhoan.vn/clc-ngay-gdkhq-tra-co-tuc-dot-cuoi-nam-2025-bang-tien-25-post392805.html
[2026-06-27 23:11:52] [TASK_2] [WARNING] Missing required fields in article: https://www.tinnhanhchungkhoan.vn/tvt-ngay-gdkhq-tra-co-tuc-dot-cuoi-nam-2025-bang-tien-10-post392774.html
[2026-06-27 23:11:52] [TASK_2] [WARNING] Missing required fields in article: https://www.tinnhanhchungkhoan.vn/ibd-ngay-gdkhq-tra-co-tuc-nam-2025-bang-tien-5-post392777.html
[2026-06-27 23:11:52] [TASK_2] [WARNING] Missing required fields in article: https://www.tinnhanhchungkhoan.vn/adp-ngay-gdkhq-tra-co-tuc-dot-1-nam-2026-bang-tien-7-post392775.html
[2026-06-27 23:11:52] [TASK_2] [WARNING] Missing required fields in article: https://www.tinnhanhchungkhoan.vn/ctr-ngay-gdkhq-tra-co-tuc-nam-2025-bang-tien-15-va-co-phieu-10012-post392778.html
[2026-06-27 23:11:52] [TASK_2] [WARNING] Missing required fields in article: https://www.tinnhanhchungkhoan.vn/tmp-ngay-gdkhq-tra-co-tuc-con-lai-nam-2025-bang-tien-20-post392790.html
[2026-06-27 23:11:52] [TASK_2] [WARNING] Missing required fields in article: https://www.tinnhanhchungkhoan.vn/fhs-ngay-gdkhq-tam-ung-co-tuc-dot-1-nam-2026-bang-tien-8-va-co-phieu-tang-von-104-post392789.html
[2026-06-27 23:11:52] [TASK_2] [WARNING] Missing required fields in article: https://www.tinnhanhchungkhoan.vn/tku-ngay-gdkhq-tra-co-tuc-nam-2025-bang-tien-5-post392808.html
[2026-06-27 23:11:52] [TASK_2] [WARNING] Missing required fields in article: https://www.tinnhanhchungkhoan.vn/nth-ngay-gdkhq-tam-ung-co-tuc-lan-1-nam-2026-bang-tien-15-post392809.html
[2026-06-27 23:11:52] [TASK_2] [WARNING] Missing required fields in article: https://www.tinnhanhchungkhoan.vn/nbc-ngay-gdkhq-tra-co-tuc-nam-2025-bang-tien-6-post392783.html
[2026-06-27 23:11:53] [TASK_2] [WARNING] Request failed for https://tinnhanhchungkhoan.vn/tim-kiem/page/2/?q=POW (attempt 1/3): 404 Client Error: Not Found for url: https://www.tinnhanhchungkhoan.vn/404
[2026-06-27 23:11:53] [TASK_2] [INFO] Retrying in 1s…
[2026-06-27 23:11:54] [TASK_2] [WARNING] Request failed for https://tinnhanhchungkhoan.vn/tim-kiem/page/2/?q=POW (attempt 2/3): 404 Client Error: Not Found for url: https://www.tinnhanhchungkhoan.vn/404
[2026-06-27 23:11:54] [TASK_2] [INFO] Retrying in 2s…
[2026-06-27 23:11:56] [TASK_2] [WARNING] Request failed for https://tinnhanhchungkhoan.vn/tim-kiem/page/2/?q=POW (attempt 3/3): 404 Client Error: Not Found for url: https://www.tinnhanhchungkhoan.vn/404
[2026-06-27 23:11:56] [TASK_2] [ERROR] All 3 attempts failed for https://tinnhanhchungkhoan.vn/tim-kiem/page/2/?q=POW. Skipping.
[2026-06-27 23:11:56] [TASK_2] [WARNING] Failed to fetch TNCK search page 2 for query 'POW'. Stopping pagination.
[2026-06-27 23:11:56] [TASK_2] [INFO] TNCK search 'POW': 39 new articles
[2026-06-27 23:11:57] [TASK_2] [WARNING] Missing required fields in article: https://www.tinnhanhchungkhoan.vn/bao-dau-tu-so-49-50-post392804.html
[2026-06-27 23:11:57] [TASK_2] [WARNING] Missing required fields in article: https://www.tinnhanhchungkhoan.vn/vietnam-investment-review-so-1810-post392791.html
[2026-06-27 23:11:57] [TASK_2] [WARNING] Missing required fields in article: https://www.tinnhanhchungkhoan.vn/bao-dau-tu-chung-khoan-so-25-post392730.html
[2026-06-27 23:11:57] [TASK_2] [WARNING] Missing required fields in article: https://www.tinnhanhchungkhoan.vn/bhh-ngay-gdkhq-tra-co-tuc-nam-2025-bang-tien-7-post392773.html
[2026-06-27 23:11:57] [TASK_2] [WARNING] Missing required fields in article: https://www.tinnhanhchungkhoan.vn/vhm-ngay-gdkhq-tra-co-tuc-bang-tien-60-post392779.html
[2026-06-27 23:11:57] [TASK_2] [WARNING] Missing required fields in article: https://www.tinnhanhchungkhoan.vn/cmd-ngay-gdkhq-tam-ung-co-tuc-dot-1-nam-2026-bang-tien-10-post392786.html
[2026-06-27 23:11:57] [TASK_2] [WARNING] Missing required fields in article: https://www.tinnhanhchungkhoan.vn/vbc-ngay-gdkhq-tra-co-tuc-nam-2025-bang-tien-18-post392792.html
[2026-06-27 23:11:57] [TASK_2] [WARNING] Missing required fields in article: https://www.tinnhanhchungkhoan.vn/ccl-ngay-gdkhq-tra-co-tuc-nam-2025-bang-co-phieu-101-post392793.html
[2026-06-27 23:11:57] [TASK_2] [WARNING] Missing required fields in article: https://www.tinnhanhchungkhoan.vn/htc-ngay-gdkhq-tam-ung-co-tuc-dot-1-nam-2026-bang-tien-3-post392798.html
[2026-06-27 23:11:57] [TASK_2] [WARNING] Missing required fields in article: https://www.tinnhanhchungkhoan.vn/khp-ngay-gdkhq-tra-co-tuc-nam-2025-bang-tien-5-post392799.html
[2026-06-27 23:11:57] [TASK_2] [WARNING] Missing required fields in article: https://www.tinnhanhchungkhoan.vn/vnp-ngay-gdkhq-tra-co-tuc-nam-2025-bang-tien-8-post392802.html
[2026-06-27 23:11:57] [TASK_2] [WARNING] Missing required fields in article: https://www.tinnhanhchungkhoan.vn/ijc-ngay-gdkhq-tra-co-tuc-bang-tien-nam-2025-5-post392811.html
[2026-06-27 23:11:57] [TASK_2] [WARNING] Missing required fields in article: https://www.tinnhanhchungkhoan.vn/vpw-ngay-gdkhq-tra-co-tuc-nam-2025-bang-tien-202-post392781.html
[2026-06-27 23:11:57] [TASK_2] [WARNING] Missing required fields in article: https://www.tinnhanhchungkhoan.vn/ocb-ngay-gdkhq-nhan-co-phieu-tang-von-tu-nguon-von-chu-so-huu-10015-post392785.html
[2026-06-27 23:11:57] [TASK_2] [WARNING] Missing required fields in article: https://www.tinnhanhchungkhoan.vn/sed-ngay-gdkhq-tra-co-tuc-nam-2025-bang-tien-15-post392806.html
[2026-06-27 23:11:57] [TASK_2] [WARNING] Missing required fields in article: https://www.tinnhanhchungkhoan.vn/ads-ngay-gdkhq-tra-co-tuc-nam-2025-bang-tien-10-post392795.html
[2026-06-27 23:11:57] [TASK_2] [WARNING] Missing required fields in article: https://www.tinnhanhchungkhoan.vn/png-ngay-gdkhq-tra-co-tuc-nam-2025-bang-tien-10-post392803.html
[2026-06-27 23:11:57] [TASK_2] [WARNING] Missing required fields in article: https://www.tinnhanhchungkhoan.vn/clc-ngay-gdkhq-tra-co-tuc-dot-cuoi-nam-2025-bang-tien-25-post392805.html
[2026-06-27 23:11:57] [TASK_2] [WARNING] Missing required fields in article: https://www.tinnhanhchungkhoan.vn/tvt-ngay-gdkhq-tra-co-tuc-dot-cuoi-nam-2025-bang-tien-10-post392774.html
[2026-06-27 23:11:57] [TASK_2] [WARNING] Missing required fields in article: https://www.tinnhanhchungkhoan.vn/ibd-ngay-gdkhq-tra-co-tuc-nam-2025-bang-tien-5-post392777.html
[2026-06-27 23:11:57] [TASK_2] [WARNING] Missing required fields in article: https://www.tinnhanhchungkhoan.vn/adp-ngay-gdkhq-tra-co-tuc-dot-1-nam-2026-bang-tien-7-post392775.html
[2026-06-27 23:11:57] [TASK_2] [WARNING] Missing required fields in article: https://www.tinnhanhchungkhoan.vn/ctr-ngay-gdkhq-tra-co-tuc-nam-2025-bang-tien-15-va-co-phieu-10012-post392778.html
[2026-06-27 23:11:57] [TASK_2] [WARNING] Missing required fields in article: https://www.tinnhanhchungkhoan.vn/tmp-ngay-gdkhq-tra-co-tuc-con-lai-nam-2025-bang-tien-20-post392790.html
[2026-06-27 23:11:57] [TASK_2] [WARNING] Missing required fields in article: https://www.tinnhanhchungkhoan.vn/fhs-ngay-gdkhq-tam-ung-co-tuc-dot-1-nam-2026-bang-tien-8-va-co-phieu-tang-von-104-post392789.html
[2026-06-27 23:11:57] [TASK_2] [WARNING] Missing required fields in article: https://www.tinnhanhchungkhoan.vn/tku-ngay-gdkhq-tra-co-tuc-nam-2025-bang-tien-5-post392808.html
[2026-06-27 23:11:57] [TASK_2] [WARNING] Missing required fields in article: https://www.tinnhanhchungkhoan.vn/nth-ngay-gdkhq-tam-ung-co-tuc-lan-1-nam-2026-bang-tien-15-post392809.html
[2026-06-27 23:11:57] [TASK_2] [WARNING] Missing required fields in article: https://www.tinnhanhchungkhoan.vn/nbc-ngay-gdkhq-tra-co-tuc-nam-2025-bang-tien-6-post392783.html
[2026-06-27 23:11:58] [TASK_2] [WARNING] Request failed for https://tinnhanhchungkhoan.vn/tim-kiem/page/2/?q=SAB (attempt 1/3): 404 Client Error: Not Found for url: https://www.tinnhanhchungkhoan.vn/404
[2026-06-27 23:11:58] [TASK_2] [INFO] Retrying in 1s…
[2026-06-27 23:11:59] [TASK_2] [WARNING] Request failed for https://tinnhanhchungkhoan.vn/tim-kiem/page/2/?q=SAB (attempt 2/3): 404 Client Error: Not Found for url: https://www.tinnhanhchungkhoan.vn/404
[2026-06-27 23:11:59] [TASK_2] [INFO] Retrying in 2s…
[2026-06-27 23:12:01] [TASK_2] [WARNING] Request failed for https://tinnhanhchungkhoan.vn/tim-kiem/page/2/?q=SAB (attempt 3/3): 404 Client Error: Not Found for url: https://www.tinnhanhchungkhoan.vn/404
[2026-06-27 23:12:01] [TASK_2] [ERROR] All 3 attempts failed for https://tinnhanhchungkhoan.vn/tim-kiem/page/2/?q=SAB. Skipping.
[2026-06-27 23:12:01] [TASK_2] [WARNING] Failed to fetch TNCK search page 2 for query 'SAB'. Stopping pagination.
[2026-06-27 23:12:01] [TASK_2] [INFO] TNCK search 'SAB': 38 new articles
[2026-06-27 23:12:02] [TASK_2] [WARNING] Missing required fields in article: https://www.tinnhanhchungkhoan.vn/bao-dau-tu-so-49-50-post392804.html
[2026-06-27 23:12:02] [TASK_2] [WARNING] Missing required fields in article: https://www.tinnhanhchungkhoan.vn/vietnam-investment-review-so-1810-post392791.html
[2026-06-27 23:12:02] [TASK_2] [WARNING] Missing required fields in article: https://www.tinnhanhchungkhoan.vn/bao-dau-tu-chung-khoan-so-25-post392730.html
[2026-06-27 23:12:02] [TASK_2] [WARNING] Missing required fields in article: https://www.tinnhanhchungkhoan.vn/bhh-ngay-gdkhq-tra-co-tuc-nam-2025-bang-tien-7-post392773.html
[2026-06-27 23:12:02] [TASK_2] [WARNING] Missing required fields in article: https://www.tinnhanhchungkhoan.vn/vhm-ngay-gdkhq-tra-co-tuc-bang-tien-60-post392779.html
[2026-06-27 23:12:02] [TASK_2] [WARNING] Missing required fields in article: https://www.tinnhanhchungkhoan.vn/cmd-ngay-gdkhq-tam-ung-co-tuc-dot-1-nam-2026-bang-tien-10-post392786.html
[2026-06-27 23:12:02] [TASK_2] [WARNING] Missing required fields in article: https://www.tinnhanhchungkhoan.vn/vbc-ngay-gdkhq-tra-co-tuc-nam-2025-bang-tien-18-post392792.html
[2026-06-27 23:12:02] [TASK_2] [WARNING] Missing required fields in article: https://www.tinnhanhchungkhoan.vn/ccl-ngay-gdkhq-tra-co-tuc-nam-2025-bang-co-phieu-101-post392793.html
[2026-06-27 23:12:02] [TASK_2] [WARNING] Missing required fields in article: https://www.tinnhanhchungkhoan.vn/htc-ngay-gdkhq-tam-ung-co-tuc-dot-1-nam-2026-bang-tien-3-post392798.html
[2026-06-27 23:12:02] [TASK_2] [WARNING] Missing required fields in article: https://www.tinnhanhchungkhoan.vn/khp-ngay-gdkhq-tra-co-tuc-nam-2025-bang-tien-5-post392799.html
[2026-06-27 23:12:02] [TASK_2] [WARNING] Missing required fields in article: https://www.tinnhanhchungkhoan.vn/vnp-ngay-gdkhq-tra-co-tuc-nam-2025-bang-tien-8-post392802.html
[2026-06-27 23:12:02] [TASK_2] [WARNING] Missing required fields in article: https://www.tinnhanhchungkhoan.vn/ijc-ngay-gdkhq-tra-co-tuc-bang-tien-nam-2025-5-post392811.html
[2026-06-27 23:12:02] [TASK_2] [WARNING] Missing required fields in article: https://www.tinnhanhchungkhoan.vn/vpw-ngay-gdkhq-tra-co-tuc-nam-2025-bang-tien-202-post392781.html
[2026-06-27 23:12:02] [TASK_2] [WARNING] Missing required fields in article: https://www.tinnhanhchungkhoan.vn/ocb-ngay-gdkhq-nhan-co-phieu-tang-von-tu-nguon-von-chu-so-huu-10015-post392785.html
[2026-06-27 23:12:02] [TASK_2] [WARNING] Missing required fields in article: https://www.tinnhanhchungkhoan.vn/sed-ngay-gdkhq-tra-co-tuc-nam-2025-bang-tien-15-post392806.html
[2026-06-27 23:12:02] [TASK_2] [WARNING] Missing required fields in article: https://www.tinnhanhchungkhoan.vn/ads-ngay-gdkhq-tra-co-tuc-nam-2025-bang-tien-10-post392795.html
[2026-06-27 23:12:02] [TASK_2] [WARNING] Missing required fields in article: https://www.tinnhanhchungkhoan.vn/png-ngay-gdkhq-tra-co-tuc-nam-2025-bang-tien-10-post392803.html
[2026-06-27 23:12:02] [TASK_2] [WARNING] Missing required fields in article: https://www.tinnhanhchungkhoan.vn/clc-ngay-gdkhq-tra-co-tuc-dot-cuoi-nam-2025-bang-tien-25-post392805.html
[2026-06-27 23:12:02] [TASK_2] [WARNING] Missing required fields in article: https://www.tinnhanhchungkhoan.vn/tvt-ngay-gdkhq-tra-co-tuc-dot-cuoi-nam-2025-bang-tien-10-post392774.html
[2026-06-27 23:12:02] [TASK_2] [WARNING] Missing required fields in article: https://www.tinnhanhchungkhoan.vn/ibd-ngay-gdkhq-tra-co-tuc-nam-2025-bang-tien-5-post392777.html
[2026-06-27 23:12:02] [TASK_2] [WARNING] Missing required fields in article: https://www.tinnhanhchungkhoan.vn/adp-ngay-gdkhq-tra-co-tuc-dot-1-nam-2026-bang-tien-7-post392775.html
[2026-06-27 23:12:02] [TASK_2] [WARNING] Missing required fields in article: https://www.tinnhanhchungkhoan.vn/ctr-ngay-gdkhq-tra-co-tuc-nam-2025-bang-tien-15-va-co-phieu-10012-post392778.html
[2026-06-27 23:12:02] [TASK_2] [WARNING] Missing required fields in article: https://www.tinnhanhchungkhoan.vn/tmp-ngay-gdkhq-tra-co-tuc-con-lai-nam-2025-bang-tien-20-post392790.html
[2026-06-27 23:12:02] [TASK_2] [WARNING] Missing required fields in article: https://www.tinnhanhchungkhoan.vn/fhs-ngay-gdkhq-tam-ung-co-tuc-dot-1-nam-2026-bang-tien-8-va-co-phieu-tang-von-104-post392789.html
[2026-06-27 23:12:02] [TASK_2] [WARNING] Missing required fields in article: https://www.tinnhanhchungkhoan.vn/tku-ngay-gdkhq-tra-co-tuc-nam-2025-bang-tien-5-post392808.html
[2026-06-27 23:12:02] [TASK_2] [WARNING] Missing required fields in article: https://www.tinnhanhchungkhoan.vn/nth-ngay-gdkhq-tam-ung-co-tuc-lan-1-nam-2026-bang-tien-15-post392809.html
[2026-06-27 23:12:02] [TASK_2] [WARNING] Missing required fields in article: https://www.tinnhanhchungkhoan.vn/nbc-ngay-gdkhq-tra-co-tuc-nam-2025-bang-tien-6-post392783.html
[2026-06-27 23:12:03] [TASK_2] [WARNING] Request failed for https://tinnhanhchungkhoan.vn/tim-kiem/page/2/?q=SHB (attempt 1/3): 404 Client Error: Not Found for url: https://www.tinnhanhchungkhoan.vn/404
[2026-06-27 23:12:03] [TASK_2] [INFO] Retrying in 1s…
[2026-06-27 23:12:04] [TASK_2] [WARNING] Request failed for https://tinnhanhchungkhoan.vn/tim-kiem/page/2/?q=SHB (attempt 2/3): 404 Client Error: Not Found for url: https://www.tinnhanhchungkhoan.vn/404
[2026-06-27 23:12:04] [TASK_2] [INFO] Retrying in 2s…
[2026-06-27 23:12:06] [TASK_2] [WARNING] Request failed for https://tinnhanhchungkhoan.vn/tim-kiem/page/2/?q=SHB (attempt 3/3): 404 Client Error: Not Found for url: https://www.tinnhanhchungkhoan.vn/404
[2026-06-27 23:12:06] [TASK_2] [ERROR] All 3 attempts failed for https://tinnhanhchungkhoan.vn/tim-kiem/page/2/?q=SHB. Skipping.
[2026-06-27 23:12:06] [TASK_2] [WARNING] Failed to fetch TNCK search page 2 for query 'SHB'. Stopping pagination.
[2026-06-27 23:12:06] [TASK_2] [INFO] TNCK search 'SHB': 40 new articles
[2026-06-27 23:12:08] [TASK_2] [WARNING] Missing required fields in article: https://www.tinnhanhchungkhoan.vn/bao-dau-tu-so-49-50-post392804.html
[2026-06-27 23:12:08] [TASK_2] [WARNING] Missing required fields in article: https://www.tinnhanhchungkhoan.vn/vietnam-investment-review-so-1810-post392791.html
[2026-06-27 23:12:08] [TASK_2] [WARNING] Missing required fields in article: https://www.tinnhanhchungkhoan.vn/bao-dau-tu-chung-khoan-so-25-post392730.html
[2026-06-27 23:12:08] [TASK_2] [WARNING] Missing required fields in article: https://www.tinnhanhchungkhoan.vn/bhh-ngay-gdkhq-tra-co-tuc-nam-2025-bang-tien-7-post392773.html
[2026-06-27 23:12:08] [TASK_2] [WARNING] Missing required fields in article: https://www.tinnhanhchungkhoan.vn/vhm-ngay-gdkhq-tra-co-tuc-bang-tien-60-post392779.html
[2026-06-27 23:12:08] [TASK_2] [WARNING] Missing required fields in article: https://www.tinnhanhchungkhoan.vn/cmd-ngay-gdkhq-tam-ung-co-tuc-dot-1-nam-2026-bang-tien-10-post392786.html
[2026-06-27 23:12:08] [TASK_2] [WARNING] Missing required fields in article: https://www.tinnhanhchungkhoan.vn/vbc-ngay-gdkhq-tra-co-tuc-nam-2025-bang-tien-18-post392792.html
[2026-06-27 23:12:08] [TASK_2] [WARNING] Missing required fields in article: https://www.tinnhanhchungkhoan.vn/ccl-ngay-gdkhq-tra-co-tuc-nam-2025-bang-co-phieu-101-post392793.html
[2026-06-27 23:12:08] [TASK_2] [WARNING] Missing required fields in article: https://www.tinnhanhchungkhoan.vn/htc-ngay-gdkhq-tam-ung-co-tuc-dot-1-nam-2026-bang-tien-3-post392798.html
[2026-06-27 23:12:08] [TASK_2] [WARNING] Missing required fields in article: https://www.tinnhanhchungkhoan.vn/khp-ngay-gdkhq-tra-co-tuc-nam-2025-bang-tien-5-post392799.html
[2026-06-27 23:12:08] [TASK_2] [WARNING] Missing required fields in article: https://www.tinnhanhchungkhoan.vn/vnp-ngay-gdkhq-tra-co-tuc-nam-2025-bang-tien-8-post392802.html
[2026-06-27 23:12:08] [TASK_2] [WARNING] Missing required fields in article: https://www.tinnhanhchungkhoan.vn/ijc-ngay-gdkhq-tra-co-tuc-bang-tien-nam-2025-5-post392811.html
[2026-06-27 23:12:08] [TASK_2] [WARNING] Missing required fields in article: https://www.tinnhanhchungkhoan.vn/vpw-ngay-gdkhq-tra-co-tuc-nam-2025-bang-tien-202-post392781.html
[2026-06-27 23:12:08] [TASK_2] [WARNING] Missing required fields in article: https://www.tinnhanhchungkhoan.vn/ocb-ngay-gdkhq-nhan-co-phieu-tang-von-tu-nguon-von-chu-so-huu-10015-post392785.html
[2026-06-27 23:12:08] [TASK_2] [WARNING] Missing required fields in article: https://www.tinnhanhchungkhoan.vn/sed-ngay-gdkhq-tra-co-tuc-nam-2025-bang-tien-15-post392806.html
[2026-06-27 23:12:08] [TASK_2] [WARNING] Missing required fields in article: https://www.tinnhanhchungkhoan.vn/ads-ngay-gdkhq-tra-co-tuc-nam-2025-bang-tien-10-post392795.html
[2026-06-27 23:12:08] [TASK_2] [WARNING] Missing required fields in article: https://www.tinnhanhchungkhoan.vn/png-ngay-gdkhq-tra-co-tuc-nam-2025-bang-tien-10-post392803.html
[2026-06-27 23:12:08] [TASK_2] [WARNING] Missing required fields in article: https://www.tinnhanhchungkhoan.vn/clc-ngay-gdkhq-tra-co-tuc-dot-cuoi-nam-2025-bang-tien-25-post392805.html
[2026-06-27 23:12:08] [TASK_2] [WARNING] Missing required fields in article: https://www.tinnhanhchungkhoan.vn/tvt-ngay-gdkhq-tra-co-tuc-dot-cuoi-nam-2025-bang-tien-10-post392774.html
[2026-06-27 23:12:08] [TASK_2] [WARNING] Missing required fields in article: https://www.tinnhanhchungkhoan.vn/ibd-ngay-gdkhq-tra-co-tuc-nam-2025-bang-tien-5-post392777.html
[2026-06-27 23:12:08] [TASK_2] [WARNING] Missing required fields in article: https://www.tinnhanhchungkhoan.vn/adp-ngay-gdkhq-tra-co-tuc-dot-1-nam-2026-bang-tien-7-post392775.html
[2026-06-27 23:12:08] [TASK_2] [WARNING] Missing required fields in article: https://www.tinnhanhchungkhoan.vn/ctr-ngay-gdkhq-tra-co-tuc-nam-2025-bang-tien-15-va-co-phieu-10012-post392778.html
[2026-06-27 23:12:08] [TASK_2] [WARNING] Missing required fields in article: https://www.tinnhanhchungkhoan.vn/tmp-ngay-gdkhq-tra-co-tuc-con-lai-nam-2025-bang-tien-20-post392790.html
[2026-06-27 23:12:08] [TASK_2] [WARNING] Missing required fields in article: https://www.tinnhanhchungkhoan.vn/fhs-ngay-gdkhq-tam-ung-co-tuc-dot-1-nam-2026-bang-tien-8-va-co-phieu-tang-von-104-post392789.html
[2026-06-27 23:12:08] [TASK_2] [WARNING] Missing required fields in article: https://www.tinnhanhchungkhoan.vn/tku-ngay-gdkhq-tra-co-tuc-nam-2025-bang-tien-5-post392808.html
[2026-06-27 23:12:08] [TASK_2] [WARNING] Missing required fields in article: https://www.tinnhanhchungkhoan.vn/nth-ngay-gdkhq-tam-ung-co-tuc-lan-1-nam-2026-bang-tien-15-post392809.html
[2026-06-27 23:12:08] [TASK_2] [WARNING] Missing required fields in article: https://www.tinnhanhchungkhoan.vn/nbc-ngay-gdkhq-tra-co-tuc-nam-2025-bang-tien-6-post392783.html
[2026-06-27 23:12:08] [TASK_2] [WARNING] Request failed for https://tinnhanhchungkhoan.vn/tim-kiem/page/2/?q=SSB (attempt 1/3): 404 Client Error: Not Found for url: https://www.tinnhanhchungkhoan.vn/404
[2026-06-27 23:12:08] [TASK_2] [INFO] Retrying in 1s…
[2026-06-27 23:12:09] [TASK_2] [WARNING] Request failed for https://tinnhanhchungkhoan.vn/tim-kiem/page/2/?q=SSB (attempt 2/3): 404 Client Error: Not Found for url: https://www.tinnhanhchungkhoan.vn/404
[2026-06-27 23:12:09] [TASK_2] [INFO] Retrying in 2s…
[2026-06-27 23:12:12] [TASK_2] [WARNING] Request failed for https://tinnhanhchungkhoan.vn/tim-kiem/page/2/?q=SSB (attempt 3/3): 404 Client Error: Not Found for url: https://www.tinnhanhchungkhoan.vn/404
[2026-06-27 23:12:12] [TASK_2] [ERROR] All 3 attempts failed for https://tinnhanhchungkhoan.vn/tim-kiem/page/2/?q=SSB. Skipping.
[2026-06-27 23:12:12] [TASK_2] [WARNING] Failed to fetch TNCK search page 2 for query 'SSB'. Stopping pagination.
[2026-06-27 23:12:12] [TASK_2] [INFO] TNCK search 'SSB': 35 new articles
[2026-06-27 23:12:13] [TASK_2] [WARNING] Missing required fields in article: https://www.tinnhanhchungkhoan.vn/bao-dau-tu-so-49-50-post392804.html
[2026-06-27 23:12:13] [TASK_2] [WARNING] Missing required fields in article: https://www.tinnhanhchungkhoan.vn/vietnam-investment-review-so-1810-post392791.html
[2026-06-27 23:12:13] [TASK_2] [WARNING] Missing required fields in article: https://www.tinnhanhchungkhoan.vn/bao-dau-tu-chung-khoan-so-25-post392730.html
[2026-06-27 23:12:13] [TASK_2] [WARNING] Missing required fields in article: https://www.tinnhanhchungkhoan.vn/bhh-ngay-gdkhq-tra-co-tuc-nam-2025-bang-tien-7-post392773.html
[2026-06-27 23:12:13] [TASK_2] [WARNING] Missing required fields in article: https://www.tinnhanhchungkhoan.vn/vhm-ngay-gdkhq-tra-co-tuc-bang-tien-60-post392779.html
[2026-06-27 23:12:13] [TASK_2] [WARNING] Missing required fields in article: https://www.tinnhanhchungkhoan.vn/cmd-ngay-gdkhq-tam-ung-co-tuc-dot-1-nam-2026-bang-tien-10-post392786.html
[2026-06-27 23:12:13] [TASK_2] [WARNING] Missing required fields in article: https://www.tinnhanhchungkhoan.vn/vbc-ngay-gdkhq-tra-co-tuc-nam-2025-bang-tien-18-post392792.html
[2026-06-27 23:12:13] [TASK_2] [WARNING] Missing required fields in article: https://www.tinnhanhchungkhoan.vn/ccl-ngay-gdkhq-tra-co-tuc-nam-2025-bang-co-phieu-101-post392793.html
[2026-06-27 23:12:13] [TASK_2] [WARNING] Missing required fields in article: https://www.tinnhanhchungkhoan.vn/htc-ngay-gdkhq-tam-ung-co-tuc-dot-1-nam-2026-bang-tien-3-post392798.html
[2026-06-27 23:12:13] [TASK_2] [WARNING] Missing required fields in article: https://www.tinnhanhchungkhoan.vn/khp-ngay-gdkhq-tra-co-tuc-nam-2025-bang-tien-5-post392799.html
[2026-06-27 23:12:13] [TASK_2] [WARNING] Missing required fields in article: https://www.tinnhanhchungkhoan.vn/vnp-ngay-gdkhq-tra-co-tuc-nam-2025-bang-tien-8-post392802.html
[2026-06-27 23:12:13] [TASK_2] [WARNING] Missing required fields in article: https://www.tinnhanhchungkhoan.vn/ijc-ngay-gdkhq-tra-co-tuc-bang-tien-nam-2025-5-post392811.html
[2026-06-27 23:12:13] [TASK_2] [WARNING] Missing required fields in article: https://www.tinnhanhchungkhoan.vn/vpw-ngay-gdkhq-tra-co-tuc-nam-2025-bang-tien-202-post392781.html
[2026-06-27 23:12:13] [TASK_2] [WARNING] Missing required fields in article: https://www.tinnhanhchungkhoan.vn/ocb-ngay-gdkhq-nhan-co-phieu-tang-von-tu-nguon-von-chu-so-huu-10015-post392785.html
[2026-06-27 23:12:13] [TASK_2] [WARNING] Missing required fields in article: https://www.tinnhanhchungkhoan.vn/sed-ngay-gdkhq-tra-co-tuc-nam-2025-bang-tien-15-post392806.html
[2026-06-27 23:12:13] [TASK_2] [WARNING] Missing required fields in article: https://www.tinnhanhchungkhoan.vn/ads-ngay-gdkhq-tra-co-tuc-nam-2025-bang-tien-10-post392795.html
[2026-06-27 23:12:13] [TASK_2] [WARNING] Missing required fields in article: https://www.tinnhanhchungkhoan.vn/png-ngay-gdkhq-tra-co-tuc-nam-2025-bang-tien-10-post392803.html
[2026-06-27 23:12:13] [TASK_2] [WARNING] Missing required fields in article: https://www.tinnhanhchungkhoan.vn/clc-ngay-gdkhq-tra-co-tuc-dot-cuoi-nam-2025-bang-tien-25-post392805.html
[2026-06-27 23:12:13] [TASK_2] [WARNING] Missing required fields in article: https://www.tinnhanhchungkhoan.vn/tvt-ngay-gdkhq-tra-co-tuc-dot-cuoi-nam-2025-bang-tien-10-post392774.html
[2026-06-27 23:12:13] [TASK_2] [WARNING] Missing required fields in article: https://www.tinnhanhchungkhoan.vn/ibd-ngay-gdkhq-tra-co-tuc-nam-2025-bang-tien-5-post392777.html
[2026-06-27 23:12:13] [TASK_2] [WARNING] Missing required fields in article: https://www.tinnhanhchungkhoan.vn/adp-ngay-gdkhq-tra-co-tuc-dot-1-nam-2026-bang-tien-7-post392775.html
[2026-06-27 23:12:13] [TASK_2] [WARNING] Missing required fields in article: https://www.tinnhanhchungkhoan.vn/ctr-ngay-gdkhq-tra-co-tuc-nam-2025-bang-tien-15-va-co-phieu-10012-post392778.html
[2026-06-27 23:12:13] [TASK_2] [WARNING] Missing required fields in article: https://www.tinnhanhchungkhoan.vn/tmp-ngay-gdkhq-tra-co-tuc-con-lai-nam-2025-bang-tien-20-post392790.html
[2026-06-27 23:12:13] [TASK_2] [WARNING] Missing required fields in article: https://www.tinnhanhchungkhoan.vn/fhs-ngay-gdkhq-tam-ung-co-tuc-dot-1-nam-2026-bang-tien-8-va-co-phieu-tang-von-104-post392789.html
[2026-06-27 23:12:13] [TASK_2] [WARNING] Missing required fields in article: https://www.tinnhanhchungkhoan.vn/tku-ngay-gdkhq-tra-co-tuc-nam-2025-bang-tien-5-post392808.html
[2026-06-27 23:12:13] [TASK_2] [WARNING] Missing required fields in article: https://www.tinnhanhchungkhoan.vn/nth-ngay-gdkhq-tam-ung-co-tuc-lan-1-nam-2026-bang-tien-15-post392809.html
[2026-06-27 23:12:13] [TASK_2] [WARNING] Missing required fields in article: https://www.tinnhanhchungkhoan.vn/nbc-ngay-gdkhq-tra-co-tuc-nam-2025-bang-tien-6-post392783.html
[2026-06-27 23:12:14] [TASK_2] [WARNING] Request failed for https://tinnhanhchungkhoan.vn/tim-kiem/page/2/?q=SSI (attempt 1/3): 404 Client Error: Not Found for url: https://www.tinnhanhchungkhoan.vn/404
[2026-06-27 23:12:14] [TASK_2] [INFO] Retrying in 1s…
[2026-06-27 23:12:15] [TASK_2] [WARNING] Request failed for https://tinnhanhchungkhoan.vn/tim-kiem/page/2/?q=SSI (attempt 2/3): 404 Client Error: Not Found for url: https://www.tinnhanhchungkhoan.vn/404
[2026-06-27 23:12:15] [TASK_2] [INFO] Retrying in 2s…
[2026-06-27 23:12:17] [TASK_2] [WARNING] Request failed for https://tinnhanhchungkhoan.vn/tim-kiem/page/2/?q=SSI (attempt 3/3): 404 Client Error: Not Found for url: https://www.tinnhanhchungkhoan.vn/404
[2026-06-27 23:12:17] [TASK_2] [ERROR] All 3 attempts failed for https://tinnhanhchungkhoan.vn/tim-kiem/page/2/?q=SSI. Skipping.
[2026-06-27 23:12:17] [TASK_2] [WARNING] Failed to fetch TNCK search page 2 for query 'SSI'. Stopping pagination.
[2026-06-27 23:12:17] [TASK_2] [INFO] TNCK search 'SSI': 40 new articles
[2026-06-27 23:12:24] [TASK_2] [WARNING] Missing required fields in article: https://www.tinnhanhchungkhoan.vn/bao-dau-tu-so-49-50-post392804.html
[2026-06-27 23:12:24] [TASK_2] [WARNING] Missing required fields in article: https://www.tinnhanhchungkhoan.vn/vietnam-investment-review-so-1810-post392791.html
[2026-06-27 23:12:24] [TASK_2] [WARNING] Missing required fields in article: https://www.tinnhanhchungkhoan.vn/bao-dau-tu-chung-khoan-so-25-post392730.html
[2026-06-27 23:12:24] [TASK_2] [WARNING] Missing required fields in article: https://www.tinnhanhchungkhoan.vn/bhh-ngay-gdkhq-tra-co-tuc-nam-2025-bang-tien-7-post392773.html
[2026-06-27 23:12:24] [TASK_2] [WARNING] Missing required fields in article: https://www.tinnhanhchungkhoan.vn/vhm-ngay-gdkhq-tra-co-tuc-bang-tien-60-post392779.html
[2026-06-27 23:12:24] [TASK_2] [WARNING] Missing required fields in article: https://www.tinnhanhchungkhoan.vn/cmd-ngay-gdkhq-tam-ung-co-tuc-dot-1-nam-2026-bang-tien-10-post392786.html
[2026-06-27 23:12:24] [TASK_2] [WARNING] Missing required fields in article: https://www.tinnhanhchungkhoan.vn/vbc-ngay-gdkhq-tra-co-tuc-nam-2025-bang-tien-18-post392792.html
[2026-06-27 23:12:24] [TASK_2] [WARNING] Missing required fields in article: https://www.tinnhanhchungkhoan.vn/ccl-ngay-gdkhq-tra-co-tuc-nam-2025-bang-co-phieu-101-post392793.html
[2026-06-27 23:12:24] [TASK_2] [WARNING] Missing required fields in article: https://www.tinnhanhchungkhoan.vn/htc-ngay-gdkhq-tam-ung-co-tuc-dot-1-nam-2026-bang-tien-3-post392798.html
[2026-06-27 23:12:24] [TASK_2] [WARNING] Missing required fields in article: https://www.tinnhanhchungkhoan.vn/khp-ngay-gdkhq-tra-co-tuc-nam-2025-bang-tien-5-post392799.html
[2026-06-27 23:12:24] [TASK_2] [WARNING] Missing required fields in article: https://www.tinnhanhchungkhoan.vn/vnp-ngay-gdkhq-tra-co-tuc-nam-2025-bang-tien-8-post392802.html
[2026-06-27 23:12:24] [TASK_2] [WARNING] Missing required fields in article: https://www.tinnhanhchungkhoan.vn/ijc-ngay-gdkhq-tra-co-tuc-bang-tien-nam-2025-5-post392811.html
[2026-06-27 23:12:24] [TASK_2] [WARNING] Missing required fields in article: https://www.tinnhanhchungkhoan.vn/vpw-ngay-gdkhq-tra-co-tuc-nam-2025-bang-tien-202-post392781.html
[2026-06-27 23:12:24] [TASK_2] [WARNING] Missing required fields in article: https://www.tinnhanhchungkhoan.vn/ocb-ngay-gdkhq-nhan-co-phieu-tang-von-tu-nguon-von-chu-so-huu-10015-post392785.html
[2026-06-27 23:12:24] [TASK_2] [WARNING] Missing required fields in article: https://www.tinnhanhchungkhoan.vn/sed-ngay-gdkhq-tra-co-tuc-nam-2025-bang-tien-15-post392806.html
[2026-06-27 23:12:24] [TASK_2] [WARNING] Missing required fields in article: https://www.tinnhanhchungkhoan.vn/ads-ngay-gdkhq-tra-co-tuc-nam-2025-bang-tien-10-post392795.html
[2026-06-27 23:12:24] [TASK_2] [WARNING] Missing required fields in article: https://www.tinnhanhchungkhoan.vn/png-ngay-gdkhq-tra-co-tuc-nam-2025-bang-tien-10-post392803.html
[2026-06-27 23:12:24] [TASK_2] [WARNING] Missing required fields in article: https://www.tinnhanhchungkhoan.vn/clc-ngay-gdkhq-tra-co-tuc-dot-cuoi-nam-2025-bang-tien-25-post392805.html
[2026-06-27 23:12:24] [TASK_2] [WARNING] Missing required fields in article: https://www.tinnhanhchungkhoan.vn/tvt-ngay-gdkhq-tra-co-tuc-dot-cuoi-nam-2025-bang-tien-10-post392774.html
[2026-06-27 23:12:24] [TASK_2] [WARNING] Missing required fields in article: https://www.tinnhanhchungkhoan.vn/ibd-ngay-gdkhq-tra-co-tuc-nam-2025-bang-tien-5-post392777.html
[2026-06-27 23:12:24] [TASK_2] [WARNING] Missing required fields in article: https://www.tinnhanhchungkhoan.vn/adp-ngay-gdkhq-tra-co-tuc-dot-1-nam-2026-bang-tien-7-post392775.html
[2026-06-27 23:12:24] [TASK_2] [WARNING] Missing required fields in article: https://www.tinnhanhchungkhoan.vn/ctr-ngay-gdkhq-tra-co-tuc-nam-2025-bang-tien-15-va-co-phieu-10012-post392778.html
[2026-06-27 23:12:24] [TASK_2] [WARNING] Missing required fields in article: https://www.tinnhanhchungkhoan.vn/tmp-ngay-gdkhq-tra-co-tuc-con-lai-nam-2025-bang-tien-20-post392790.html
[2026-06-27 23:12:24] [TASK_2] [WARNING] Missing required fields in article: https://www.tinnhanhchungkhoan.vn/fhs-ngay-gdkhq-tam-ung-co-tuc-dot-1-nam-2026-bang-tien-8-va-co-phieu-tang-von-104-post392789.html
[2026-06-27 23:12:24] [TASK_2] [WARNING] Missing required fields in article: https://www.tinnhanhchungkhoan.vn/tku-ngay-gdkhq-tra-co-tuc-nam-2025-bang-tien-5-post392808.html
[2026-06-27 23:12:24] [TASK_2] [WARNING] Missing required fields in article: https://www.tinnhanhchungkhoan.vn/nth-ngay-gdkhq-tam-ung-co-tuc-lan-1-nam-2026-bang-tien-15-post392809.html
[2026-06-27 23:12:24] [TASK_2] [WARNING] Missing required fields in article: https://www.tinnhanhchungkhoan.vn/nbc-ngay-gdkhq-tra-co-tuc-nam-2025-bang-tien-6-post392783.html
[2026-06-27 23:12:24] [TASK_2] [WARNING] Request failed for https://tinnhanhchungkhoan.vn/tim-kiem/page/2/?q=STB (attempt 1/3): 404 Client Error: Not Found for url: https://www.tinnhanhchungkhoan.vn/404
[2026-06-27 23:12:24] [TASK_2] [INFO] Retrying in 1s…
[2026-06-27 23:12:25] [TASK_2] [WARNING] Request failed for https://tinnhanhchungkhoan.vn/tim-kiem/page/2/?q=STB (attempt 2/3): 404 Client Error: Not Found for url: https://www.tinnhanhchungkhoan.vn/404
[2026-06-27 23:12:25] [TASK_2] [INFO] Retrying in 2s…
[2026-06-27 23:12:28] [TASK_2] [WARNING] Request failed for https://tinnhanhchungkhoan.vn/tim-kiem/page/2/?q=STB (attempt 3/3): 404 Client Error: Not Found for url: https://www.tinnhanhchungkhoan.vn/404
[2026-06-27 23:12:28] [TASK_2] [ERROR] All 3 attempts failed for https://tinnhanhchungkhoan.vn/tim-kiem/page/2/?q=STB. Skipping.
[2026-06-27 23:12:28] [TASK_2] [WARNING] Failed to fetch TNCK search page 2 for query 'STB'. Stopping pagination.
[2026-06-27 23:12:28] [TASK_2] [INFO] TNCK search 'STB': 40 new articles
[2026-06-27 23:12:29] [TASK_2] [WARNING] Missing required fields in article: https://www.tinnhanhchungkhoan.vn/bao-dau-tu-so-49-50-post392804.html
[2026-06-27 23:12:29] [TASK_2] [WARNING] Missing required fields in article: https://www.tinnhanhchungkhoan.vn/vietnam-investment-review-so-1810-post392791.html
[2026-06-27 23:12:29] [TASK_2] [WARNING] Missing required fields in article: https://www.tinnhanhchungkhoan.vn/bao-dau-tu-chung-khoan-so-25-post392730.html
[2026-06-27 23:12:29] [TASK_2] [WARNING] Missing required fields in article: https://www.tinnhanhchungkhoan.vn/bhh-ngay-gdkhq-tra-co-tuc-nam-2025-bang-tien-7-post392773.html
[2026-06-27 23:12:29] [TASK_2] [WARNING] Missing required fields in article: https://www.tinnhanhchungkhoan.vn/vhm-ngay-gdkhq-tra-co-tuc-bang-tien-60-post392779.html
[2026-06-27 23:12:29] [TASK_2] [WARNING] Missing required fields in article: https://www.tinnhanhchungkhoan.vn/cmd-ngay-gdkhq-tam-ung-co-tuc-dot-1-nam-2026-bang-tien-10-post392786.html
[2026-06-27 23:12:29] [TASK_2] [WARNING] Missing required fields in article: https://www.tinnhanhchungkhoan.vn/vbc-ngay-gdkhq-tra-co-tuc-nam-2025-bang-tien-18-post392792.html
[2026-06-27 23:12:29] [TASK_2] [WARNING] Missing required fields in article: https://www.tinnhanhchungkhoan.vn/ccl-ngay-gdkhq-tra-co-tuc-nam-2025-bang-co-phieu-101-post392793.html
[2026-06-27 23:12:29] [TASK_2] [WARNING] Missing required fields in article: https://www.tinnhanhchungkhoan.vn/htc-ngay-gdkhq-tam-ung-co-tuc-dot-1-nam-2026-bang-tien-3-post392798.html
[2026-06-27 23:12:29] [TASK_2] [WARNING] Missing required fields in article: https://www.tinnhanhchungkhoan.vn/khp-ngay-gdkhq-tra-co-tuc-nam-2025-bang-tien-5-post392799.html
[2026-06-27 23:12:29] [TASK_2] [WARNING] Missing required fields in article: https://www.tinnhanhchungkhoan.vn/vnp-ngay-gdkhq-tra-co-tuc-nam-2025-bang-tien-8-post392802.html
[2026-06-27 23:12:29] [TASK_2] [WARNING] Missing required fields in article: https://www.tinnhanhchungkhoan.vn/ijc-ngay-gdkhq-tra-co-tuc-bang-tien-nam-2025-5-post392811.html
[2026-06-27 23:12:29] [TASK_2] [WARNING] Missing required fields in article: https://www.tinnhanhchungkhoan.vn/vpw-ngay-gdkhq-tra-co-tuc-nam-2025-bang-tien-202-post392781.html
[2026-06-27 23:12:29] [TASK_2] [WARNING] Missing required fields in article: https://www.tinnhanhchungkhoan.vn/ocb-ngay-gdkhq-nhan-co-phieu-tang-von-tu-nguon-von-chu-so-huu-10015-post392785.html
[2026-06-27 23:12:29] [TASK_2] [WARNING] Missing required fields in article: https://www.tinnhanhchungkhoan.vn/sed-ngay-gdkhq-tra-co-tuc-nam-2025-bang-tien-15-post392806.html
[2026-06-27 23:12:29] [TASK_2] [WARNING] Missing required fields in article: https://www.tinnhanhchungkhoan.vn/ads-ngay-gdkhq-tra-co-tuc-nam-2025-bang-tien-10-post392795.html
[2026-06-27 23:12:29] [TASK_2] [WARNING] Missing required fields in article: https://www.tinnhanhchungkhoan.vn/png-ngay-gdkhq-tra-co-tuc-nam-2025-bang-tien-10-post392803.html
[2026-06-27 23:12:29] [TASK_2] [WARNING] Missing required fields in article: https://www.tinnhanhchungkhoan.vn/clc-ngay-gdkhq-tra-co-tuc-dot-cuoi-nam-2025-bang-tien-25-post392805.html
[2026-06-27 23:12:29] [TASK_2] [WARNING] Missing required fields in article: https://www.tinnhanhchungkhoan.vn/tvt-ngay-gdkhq-tra-co-tuc-dot-cuoi-nam-2025-bang-tien-10-post392774.html
[2026-06-27 23:12:29] [TASK_2] [WARNING] Missing required fields in article: https://www.tinnhanhchungkhoan.vn/ibd-ngay-gdkhq-tra-co-tuc-nam-2025-bang-tien-5-post392777.html
[2026-06-27 23:12:29] [TASK_2] [WARNING] Missing required fields in article: https://www.tinnhanhchungkhoan.vn/adp-ngay-gdkhq-tra-co-tuc-dot-1-nam-2026-bang-tien-7-post392775.html
[2026-06-27 23:12:29] [TASK_2] [WARNING] Missing required fields in article: https://www.tinnhanhchungkhoan.vn/ctr-ngay-gdkhq-tra-co-tuc-nam-2025-bang-tien-15-va-co-phieu-10012-post392778.html
[2026-06-27 23:12:29] [TASK_2] [WARNING] Missing required fields in article: https://www.tinnhanhchungkhoan.vn/tmp-ngay-gdkhq-tra-co-tuc-con-lai-nam-2025-bang-tien-20-post392790.html
[2026-06-27 23:12:29] [TASK_2] [WARNING] Missing required fields in article: https://www.tinnhanhchungkhoan.vn/fhs-ngay-gdkhq-tam-ung-co-tuc-dot-1-nam-2026-bang-tien-8-va-co-phieu-tang-von-104-post392789.html
[2026-06-27 23:12:29] [TASK_2] [WARNING] Missing required fields in article: https://www.tinnhanhchungkhoan.vn/tku-ngay-gdkhq-tra-co-tuc-nam-2025-bang-tien-5-post392808.html
[2026-06-27 23:12:29] [TASK_2] [WARNING] Missing required fields in article: https://www.tinnhanhchungkhoan.vn/nth-ngay-gdkhq-tam-ung-co-tuc-lan-1-nam-2026-bang-tien-15-post392809.html
[2026-06-27 23:12:29] [TASK_2] [WARNING] Missing required fields in article: https://www.tinnhanhchungkhoan.vn/nbc-ngay-gdkhq-tra-co-tuc-nam-2025-bang-tien-6-post392783.html
[2026-06-27 23:12:30] [TASK_2] [WARNING] Request failed for https://tinnhanhchungkhoan.vn/tim-kiem/page/2/?q=TCB (attempt 1/3): 404 Client Error: Not Found for url: https://www.tinnhanhchungkhoan.vn/404
[2026-06-27 23:12:30] [TASK_2] [INFO] Retrying in 1s…
[2026-06-27 23:12:31] [TASK_2] [WARNING] Request failed for https://tinnhanhchungkhoan.vn/tim-kiem/page/2/?q=TCB (attempt 2/3): 404 Client Error: Not Found for url: https://www.tinnhanhchungkhoan.vn/404
[2026-06-27 23:12:31] [TASK_2] [INFO] Retrying in 2s…
[2026-06-27 23:12:33] [TASK_2] [WARNING] Request failed for https://tinnhanhchungkhoan.vn/tim-kiem/page/2/?q=TCB (attempt 3/3): 404 Client Error: Not Found for url: https://www.tinnhanhchungkhoan.vn/404
[2026-06-27 23:12:33] [TASK_2] [ERROR] All 3 attempts failed for https://tinnhanhchungkhoan.vn/tim-kiem/page/2/?q=TCB. Skipping.
[2026-06-27 23:12:33] [TASK_2] [WARNING] Failed to fetch TNCK search page 2 for query 'TCB'. Stopping pagination.
[2026-06-27 23:12:33] [TASK_2] [INFO] TNCK search 'TCB': 32 new articles
[2026-06-27 23:12:34] [TASK_2] [WARNING] Missing required fields in article: https://www.tinnhanhchungkhoan.vn/bao-dau-tu-so-49-50-post392804.html
[2026-06-27 23:12:34] [TASK_2] [WARNING] Missing required fields in article: https://www.tinnhanhchungkhoan.vn/vietnam-investment-review-so-1810-post392791.html
[2026-06-27 23:12:34] [TASK_2] [WARNING] Missing required fields in article: https://www.tinnhanhchungkhoan.vn/bao-dau-tu-chung-khoan-so-25-post392730.html
[2026-06-27 23:12:34] [TASK_2] [WARNING] Missing required fields in article: https://www.tinnhanhchungkhoan.vn/bhh-ngay-gdkhq-tra-co-tuc-nam-2025-bang-tien-7-post392773.html
[2026-06-27 23:12:34] [TASK_2] [WARNING] Missing required fields in article: https://www.tinnhanhchungkhoan.vn/vhm-ngay-gdkhq-tra-co-tuc-bang-tien-60-post392779.html
[2026-06-27 23:12:34] [TASK_2] [WARNING] Missing required fields in article: https://www.tinnhanhchungkhoan.vn/cmd-ngay-gdkhq-tam-ung-co-tuc-dot-1-nam-2026-bang-tien-10-post392786.html
[2026-06-27 23:12:34] [TASK_2] [WARNING] Missing required fields in article: https://www.tinnhanhchungkhoan.vn/vbc-ngay-gdkhq-tra-co-tuc-nam-2025-bang-tien-18-post392792.html
[2026-06-27 23:12:34] [TASK_2] [WARNING] Missing required fields in article: https://www.tinnhanhchungkhoan.vn/ccl-ngay-gdkhq-tra-co-tuc-nam-2025-bang-co-phieu-101-post392793.html
[2026-06-27 23:12:34] [TASK_2] [WARNING] Missing required fields in article: https://www.tinnhanhchungkhoan.vn/htc-ngay-gdkhq-tam-ung-co-tuc-dot-1-nam-2026-bang-tien-3-post392798.html
[2026-06-27 23:12:34] [TASK_2] [WARNING] Missing required fields in article: https://www.tinnhanhchungkhoan.vn/khp-ngay-gdkhq-tra-co-tuc-nam-2025-bang-tien-5-post392799.html
[2026-06-27 23:12:34] [TASK_2] [WARNING] Missing required fields in article: https://www.tinnhanhchungkhoan.vn/vnp-ngay-gdkhq-tra-co-tuc-nam-2025-bang-tien-8-post392802.html
[2026-06-27 23:12:34] [TASK_2] [WARNING] Missing required fields in article: https://www.tinnhanhchungkhoan.vn/ijc-ngay-gdkhq-tra-co-tuc-bang-tien-nam-2025-5-post392811.html
[2026-06-27 23:12:34] [TASK_2] [WARNING] Missing required fields in article: https://www.tinnhanhchungkhoan.vn/vpw-ngay-gdkhq-tra-co-tuc-nam-2025-bang-tien-202-post392781.html
[2026-06-27 23:12:34] [TASK_2] [WARNING] Missing required fields in article: https://www.tinnhanhchungkhoan.vn/ocb-ngay-gdkhq-nhan-co-phieu-tang-von-tu-nguon-von-chu-so-huu-10015-post392785.html
[2026-06-27 23:12:34] [TASK_2] [WARNING] Missing required fields in article: https://www.tinnhanhchungkhoan.vn/sed-ngay-gdkhq-tra-co-tuc-nam-2025-bang-tien-15-post392806.html
[2026-06-27 23:12:34] [TASK_2] [WARNING] Missing required fields in article: https://www.tinnhanhchungkhoan.vn/ads-ngay-gdkhq-tra-co-tuc-nam-2025-bang-tien-10-post392795.html
[2026-06-27 23:12:34] [TASK_2] [WARNING] Missing required fields in article: https://www.tinnhanhchungkhoan.vn/png-ngay-gdkhq-tra-co-tuc-nam-2025-bang-tien-10-post392803.html
[2026-06-27 23:12:34] [TASK_2] [WARNING] Missing required fields in article: https://www.tinnhanhchungkhoan.vn/clc-ngay-gdkhq-tra-co-tuc-dot-cuoi-nam-2025-bang-tien-25-post392805.html
[2026-06-27 23:12:34] [TASK_2] [WARNING] Missing required fields in article: https://www.tinnhanhchungkhoan.vn/tvt-ngay-gdkhq-tra-co-tuc-dot-cuoi-nam-2025-bang-tien-10-post392774.html
[2026-06-27 23:12:34] [TASK_2] [WARNING] Missing required fields in article: https://www.tinnhanhchungkhoan.vn/ibd-ngay-gdkhq-tra-co-tuc-nam-2025-bang-tien-5-post392777.html
[2026-06-27 23:12:34] [TASK_2] [WARNING] Missing required fields in article: https://www.tinnhanhchungkhoan.vn/adp-ngay-gdkhq-tra-co-tuc-dot-1-nam-2026-bang-tien-7-post392775.html
[2026-06-27 23:12:34] [TASK_2] [WARNING] Missing required fields in article: https://www.tinnhanhchungkhoan.vn/ctr-ngay-gdkhq-tra-co-tuc-nam-2025-bang-tien-15-va-co-phieu-10012-post392778.html
[2026-06-27 23:12:34] [TASK_2] [WARNING] Missing required fields in article: https://www.tinnhanhchungkhoan.vn/tmp-ngay-gdkhq-tra-co-tuc-con-lai-nam-2025-bang-tien-20-post392790.html
[2026-06-27 23:12:34] [TASK_2] [WARNING] Missing required fields in article: https://www.tinnhanhchungkhoan.vn/fhs-ngay-gdkhq-tam-ung-co-tuc-dot-1-nam-2026-bang-tien-8-va-co-phieu-tang-von-104-post392789.html
[2026-06-27 23:12:34] [TASK_2] [WARNING] Missing required fields in article: https://www.tinnhanhchungkhoan.vn/tku-ngay-gdkhq-tra-co-tuc-nam-2025-bang-tien-5-post392808.html
[2026-06-27 23:12:34] [TASK_2] [WARNING] Missing required fields in article: https://www.tinnhanhchungkhoan.vn/nth-ngay-gdkhq-tam-ung-co-tuc-lan-1-nam-2026-bang-tien-15-post392809.html
[2026-06-27 23:12:34] [TASK_2] [WARNING] Missing required fields in article: https://www.tinnhanhchungkhoan.vn/nbc-ngay-gdkhq-tra-co-tuc-nam-2025-bang-tien-6-post392783.html
[2026-06-27 23:12:35] [TASK_2] [WARNING] Request failed for https://tinnhanhchungkhoan.vn/tim-kiem/page/2/?q=TPB (attempt 1/3): 404 Client Error: Not Found for url: https://www.tinnhanhchungkhoan.vn/404
[2026-06-27 23:12:35] [TASK_2] [INFO] Retrying in 1s…
[2026-06-27 23:12:36] [TASK_2] [WARNING] Request failed for https://tinnhanhchungkhoan.vn/tim-kiem/page/2/?q=TPB (attempt 2/3): 404 Client Error: Not Found for url: https://www.tinnhanhchungkhoan.vn/404
[2026-06-27 23:12:36] [TASK_2] [INFO] Retrying in 2s…
[2026-06-27 23:12:38] [TASK_2] [WARNING] Request failed for https://tinnhanhchungkhoan.vn/tim-kiem/page/2/?q=TPB (attempt 3/3): 404 Client Error: Not Found for url: https://www.tinnhanhchungkhoan.vn/404
[2026-06-27 23:12:38] [TASK_2] [ERROR] All 3 attempts failed for https://tinnhanhchungkhoan.vn/tim-kiem/page/2/?q=TPB. Skipping.
[2026-06-27 23:12:38] [TASK_2] [WARNING] Failed to fetch TNCK search page 2 for query 'TPB'. Stopping pagination.
[2026-06-27 23:12:38] [TASK_2] [INFO] TNCK search 'TPB': 37 new articles
[2026-06-27 23:12:39] [TASK_2] [WARNING] Missing required fields in article: https://www.tinnhanhchungkhoan.vn/bao-dau-tu-so-49-50-post392804.html
[2026-06-27 23:12:39] [TASK_2] [WARNING] Missing required fields in article: https://www.tinnhanhchungkhoan.vn/vietnam-investment-review-so-1810-post392791.html
[2026-06-27 23:12:39] [TASK_2] [WARNING] Missing required fields in article: https://www.tinnhanhchungkhoan.vn/bao-dau-tu-chung-khoan-so-25-post392730.html
[2026-06-27 23:12:39] [TASK_2] [WARNING] Missing required fields in article: https://www.tinnhanhchungkhoan.vn/bhh-ngay-gdkhq-tra-co-tuc-nam-2025-bang-tien-7-post392773.html
[2026-06-27 23:12:39] [TASK_2] [WARNING] Missing required fields in article: https://www.tinnhanhchungkhoan.vn/vhm-ngay-gdkhq-tra-co-tuc-bang-tien-60-post392779.html
[2026-06-27 23:12:39] [TASK_2] [WARNING] Missing required fields in article: https://www.tinnhanhchungkhoan.vn/cmd-ngay-gdkhq-tam-ung-co-tuc-dot-1-nam-2026-bang-tien-10-post392786.html
[2026-06-27 23:12:39] [TASK_2] [WARNING] Missing required fields in article: https://www.tinnhanhchungkhoan.vn/vbc-ngay-gdkhq-tra-co-tuc-nam-2025-bang-tien-18-post392792.html
[2026-06-27 23:12:39] [TASK_2] [WARNING] Missing required fields in article: https://www.tinnhanhchungkhoan.vn/ccl-ngay-gdkhq-tra-co-tuc-nam-2025-bang-co-phieu-101-post392793.html
[2026-06-27 23:12:39] [TASK_2] [WARNING] Missing required fields in article: https://www.tinnhanhchungkhoan.vn/htc-ngay-gdkhq-tam-ung-co-tuc-dot-1-nam-2026-bang-tien-3-post392798.html
[2026-06-27 23:12:39] [TASK_2] [WARNING] Missing required fields in article: https://www.tinnhanhchungkhoan.vn/khp-ngay-gdkhq-tra-co-tuc-nam-2025-bang-tien-5-post392799.html
[2026-06-27 23:12:39] [TASK_2] [WARNING] Missing required fields in article: https://www.tinnhanhchungkhoan.vn/vnp-ngay-gdkhq-tra-co-tuc-nam-2025-bang-tien-8-post392802.html
[2026-06-27 23:12:39] [TASK_2] [WARNING] Missing required fields in article: https://www.tinnhanhchungkhoan.vn/ijc-ngay-gdkhq-tra-co-tuc-bang-tien-nam-2025-5-post392811.html
[2026-06-27 23:12:39] [TASK_2] [WARNING] Missing required fields in article: https://www.tinnhanhchungkhoan.vn/vpw-ngay-gdkhq-tra-co-tuc-nam-2025-bang-tien-202-post392781.html
[2026-06-27 23:12:39] [TASK_2] [WARNING] Missing required fields in article: https://www.tinnhanhchungkhoan.vn/ocb-ngay-gdkhq-nhan-co-phieu-tang-von-tu-nguon-von-chu-so-huu-10015-post392785.html
[2026-06-27 23:12:39] [TASK_2] [WARNING] Missing required fields in article: https://www.tinnhanhchungkhoan.vn/sed-ngay-gdkhq-tra-co-tuc-nam-2025-bang-tien-15-post392806.html
[2026-06-27 23:12:39] [TASK_2] [WARNING] Missing required fields in article: https://www.tinnhanhchungkhoan.vn/ads-ngay-gdkhq-tra-co-tuc-nam-2025-bang-tien-10-post392795.html
[2026-06-27 23:12:39] [TASK_2] [WARNING] Missing required fields in article: https://www.tinnhanhchungkhoan.vn/png-ngay-gdkhq-tra-co-tuc-nam-2025-bang-tien-10-post392803.html
[2026-06-27 23:12:39] [TASK_2] [WARNING] Missing required fields in article: https://www.tinnhanhchungkhoan.vn/clc-ngay-gdkhq-tra-co-tuc-dot-cuoi-nam-2025-bang-tien-25-post392805.html
[2026-06-27 23:12:39] [TASK_2] [WARNING] Missing required fields in article: https://www.tinnhanhchungkhoan.vn/tvt-ngay-gdkhq-tra-co-tuc-dot-cuoi-nam-2025-bang-tien-10-post392774.html
[2026-06-27 23:12:39] [TASK_2] [WARNING] Missing required fields in article: https://www.tinnhanhchungkhoan.vn/ibd-ngay-gdkhq-tra-co-tuc-nam-2025-bang-tien-5-post392777.html
[2026-06-27 23:12:39] [TASK_2] [WARNING] Missing required fields in article: https://www.tinnhanhchungkhoan.vn/adp-ngay-gdkhq-tra-co-tuc-dot-1-nam-2026-bang-tien-7-post392775.html
[2026-06-27 23:12:39] [TASK_2] [WARNING] Missing required fields in article: https://www.tinnhanhchungkhoan.vn/ctr-ngay-gdkhq-tra-co-tuc-nam-2025-bang-tien-15-va-co-phieu-10012-post392778.html
[2026-06-27 23:12:39] [TASK_2] [WARNING] Missing required fields in article: https://www.tinnhanhchungkhoan.vn/tmp-ngay-gdkhq-tra-co-tuc-con-lai-nam-2025-bang-tien-20-post392790.html
[2026-06-27 23:12:39] [TASK_2] [WARNING] Missing required fields in article: https://www.tinnhanhchungkhoan.vn/fhs-ngay-gdkhq-tam-ung-co-tuc-dot-1-nam-2026-bang-tien-8-va-co-phieu-tang-von-104-post392789.html
[2026-06-27 23:12:39] [TASK_2] [WARNING] Missing required fields in article: https://www.tinnhanhchungkhoan.vn/tku-ngay-gdkhq-tra-co-tuc-nam-2025-bang-tien-5-post392808.html
[2026-06-27 23:12:39] [TASK_2] [WARNING] Missing required fields in article: https://www.tinnhanhchungkhoan.vn/nth-ngay-gdkhq-tam-ung-co-tuc-lan-1-nam-2026-bang-tien-15-post392809.html
[2026-06-27 23:12:39] [TASK_2] [WARNING] Missing required fields in article: https://www.tinnhanhchungkhoan.vn/nbc-ngay-gdkhq-tra-co-tuc-nam-2025-bang-tien-6-post392783.html
[2026-06-27 23:12:40] [TASK_2] [WARNING] Request failed for https://tinnhanhchungkhoan.vn/tim-kiem/page/2/?q=VCB (attempt 1/3): 404 Client Error: Not Found for url: https://www.tinnhanhchungkhoan.vn/404
[2026-06-27 23:12:40] [TASK_2] [INFO] Retrying in 1s…
[2026-06-27 23:12:41] [TASK_2] [WARNING] Request failed for https://tinnhanhchungkhoan.vn/tim-kiem/page/2/?q=VCB (attempt 2/3): 404 Client Error: Not Found for url: https://www.tinnhanhchungkhoan.vn/404
[2026-06-27 23:12:41] [TASK_2] [INFO] Retrying in 2s…
[2026-06-27 23:12:43] [TASK_2] [WARNING] Request failed for https://tinnhanhchungkhoan.vn/tim-kiem/page/2/?q=VCB (attempt 3/3): 404 Client Error: Not Found for url: https://www.tinnhanhchungkhoan.vn/404
[2026-06-27 23:12:43] [TASK_2] [ERROR] All 3 attempts failed for https://tinnhanhchungkhoan.vn/tim-kiem/page/2/?q=VCB. Skipping.
[2026-06-27 23:12:43] [TASK_2] [WARNING] Failed to fetch TNCK search page 2 for query 'VCB'. Stopping pagination.
[2026-06-27 23:12:43] [TASK_2] [INFO] TNCK search 'VCB': 38 new articles
[2026-06-27 23:12:45] [TASK_2] [WARNING] Missing required fields in article: https://www.tinnhanhchungkhoan.vn/bao-dau-tu-so-49-50-post392804.html
[2026-06-27 23:12:45] [TASK_2] [WARNING] Missing required fields in article: https://www.tinnhanhchungkhoan.vn/vietnam-investment-review-so-1810-post392791.html
[2026-06-27 23:12:45] [TASK_2] [WARNING] Missing required fields in article: https://www.tinnhanhchungkhoan.vn/bao-dau-tu-chung-khoan-so-25-post392730.html
[2026-06-27 23:12:45] [TASK_2] [WARNING] Missing required fields in article: https://www.tinnhanhchungkhoan.vn/bhh-ngay-gdkhq-tra-co-tuc-nam-2025-bang-tien-7-post392773.html
[2026-06-27 23:12:45] [TASK_2] [WARNING] Missing required fields in article: https://www.tinnhanhchungkhoan.vn/cmd-ngay-gdkhq-tam-ung-co-tuc-dot-1-nam-2026-bang-tien-10-post392786.html
[2026-06-27 23:12:45] [TASK_2] [WARNING] Missing required fields in article: https://www.tinnhanhchungkhoan.vn/vbc-ngay-gdkhq-tra-co-tuc-nam-2025-bang-tien-18-post392792.html
[2026-06-27 23:12:45] [TASK_2] [WARNING] Missing required fields in article: https://www.tinnhanhchungkhoan.vn/ccl-ngay-gdkhq-tra-co-tuc-nam-2025-bang-co-phieu-101-post392793.html
[2026-06-27 23:12:45] [TASK_2] [WARNING] Missing required fields in article: https://www.tinnhanhchungkhoan.vn/htc-ngay-gdkhq-tam-ung-co-tuc-dot-1-nam-2026-bang-tien-3-post392798.html
[2026-06-27 23:12:45] [TASK_2] [WARNING] Missing required fields in article: https://www.tinnhanhchungkhoan.vn/khp-ngay-gdkhq-tra-co-tuc-nam-2025-bang-tien-5-post392799.html
[2026-06-27 23:12:45] [TASK_2] [WARNING] Missing required fields in article: https://www.tinnhanhchungkhoan.vn/vnp-ngay-gdkhq-tra-co-tuc-nam-2025-bang-tien-8-post392802.html
[2026-06-27 23:12:45] [TASK_2] [WARNING] Missing required fields in article: https://www.tinnhanhchungkhoan.vn/ijc-ngay-gdkhq-tra-co-tuc-bang-tien-nam-2025-5-post392811.html
[2026-06-27 23:12:45] [TASK_2] [WARNING] Missing required fields in article: https://www.tinnhanhchungkhoan.vn/vpw-ngay-gdkhq-tra-co-tuc-nam-2025-bang-tien-202-post392781.html
[2026-06-27 23:12:45] [TASK_2] [WARNING] Missing required fields in article: https://www.tinnhanhchungkhoan.vn/ocb-ngay-gdkhq-nhan-co-phieu-tang-von-tu-nguon-von-chu-so-huu-10015-post392785.html
[2026-06-27 23:12:45] [TASK_2] [WARNING] Missing required fields in article: https://www.tinnhanhchungkhoan.vn/sed-ngay-gdkhq-tra-co-tuc-nam-2025-bang-tien-15-post392806.html
[2026-06-27 23:12:45] [TASK_2] [WARNING] Missing required fields in article: https://www.tinnhanhchungkhoan.vn/ads-ngay-gdkhq-tra-co-tuc-nam-2025-bang-tien-10-post392795.html
[2026-06-27 23:12:45] [TASK_2] [WARNING] Missing required fields in article: https://www.tinnhanhchungkhoan.vn/png-ngay-gdkhq-tra-co-tuc-nam-2025-bang-tien-10-post392803.html
[2026-06-27 23:12:45] [TASK_2] [WARNING] Missing required fields in article: https://www.tinnhanhchungkhoan.vn/clc-ngay-gdkhq-tra-co-tuc-dot-cuoi-nam-2025-bang-tien-25-post392805.html
[2026-06-27 23:12:45] [TASK_2] [WARNING] Missing required fields in article: https://www.tinnhanhchungkhoan.vn/tvt-ngay-gdkhq-tra-co-tuc-dot-cuoi-nam-2025-bang-tien-10-post392774.html
[2026-06-27 23:12:45] [TASK_2] [WARNING] Missing required fields in article: https://www.tinnhanhchungkhoan.vn/ibd-ngay-gdkhq-tra-co-tuc-nam-2025-bang-tien-5-post392777.html
[2026-06-27 23:12:45] [TASK_2] [WARNING] Missing required fields in article: https://www.tinnhanhchungkhoan.vn/adp-ngay-gdkhq-tra-co-tuc-dot-1-nam-2026-bang-tien-7-post392775.html
[2026-06-27 23:12:45] [TASK_2] [WARNING] Missing required fields in article: https://www.tinnhanhchungkhoan.vn/ctr-ngay-gdkhq-tra-co-tuc-nam-2025-bang-tien-15-va-co-phieu-10012-post392778.html
[2026-06-27 23:12:45] [TASK_2] [WARNING] Missing required fields in article: https://www.tinnhanhchungkhoan.vn/tmp-ngay-gdkhq-tra-co-tuc-con-lai-nam-2025-bang-tien-20-post392790.html
[2026-06-27 23:12:45] [TASK_2] [WARNING] Missing required fields in article: https://www.tinnhanhchungkhoan.vn/fhs-ngay-gdkhq-tam-ung-co-tuc-dot-1-nam-2026-bang-tien-8-va-co-phieu-tang-von-104-post392789.html
[2026-06-27 23:12:45] [TASK_2] [WARNING] Missing required fields in article: https://www.tinnhanhchungkhoan.vn/tku-ngay-gdkhq-tra-co-tuc-nam-2025-bang-tien-5-post392808.html
[2026-06-27 23:12:45] [TASK_2] [WARNING] Missing required fields in article: https://www.tinnhanhchungkhoan.vn/nth-ngay-gdkhq-tam-ung-co-tuc-lan-1-nam-2026-bang-tien-15-post392809.html
[2026-06-27 23:12:45] [TASK_2] [WARNING] Missing required fields in article: https://www.tinnhanhchungkhoan.vn/nbc-ngay-gdkhq-tra-co-tuc-nam-2025-bang-tien-6-post392783.html
[2026-06-27 23:12:45] [TASK_2] [WARNING] Request failed for https://tinnhanhchungkhoan.vn/tim-kiem/page/2/?q=VHM (attempt 1/3): 404 Client Error: Not Found for url: https://www.tinnhanhchungkhoan.vn/404
[2026-06-27 23:12:45] [TASK_2] [INFO] Retrying in 1s…
[2026-06-27 23:12:47] [TASK_2] [WARNING] Request failed for https://tinnhanhchungkhoan.vn/tim-kiem/page/2/?q=VHM (attempt 2/3): 404 Client Error: Not Found for url: https://www.tinnhanhchungkhoan.vn/404
[2026-06-27 23:12:47] [TASK_2] [INFO] Retrying in 2s…
[2026-06-27 23:12:49] [TASK_2] [WARNING] Request failed for https://tinnhanhchungkhoan.vn/tim-kiem/page/2/?q=VHM (attempt 3/3): 404 Client Error: Not Found for url: https://www.tinnhanhchungkhoan.vn/404
[2026-06-27 23:12:49] [TASK_2] [ERROR] All 3 attempts failed for https://tinnhanhchungkhoan.vn/tim-kiem/page/2/?q=VHM. Skipping.
[2026-06-27 23:12:49] [TASK_2] [WARNING] Failed to fetch TNCK search page 2 for query 'VHM'. Stopping pagination.
[2026-06-27 23:12:49] [TASK_2] [INFO] TNCK search 'VHM': 32 new articles
[2026-06-27 23:12:50] [TASK_2] [WARNING] Missing required fields in article: https://www.tinnhanhchungkhoan.vn/bao-dau-tu-so-49-50-post392804.html
[2026-06-27 23:12:50] [TASK_2] [WARNING] Missing required fields in article: https://www.tinnhanhchungkhoan.vn/vietnam-investment-review-so-1810-post392791.html
[2026-06-27 23:12:50] [TASK_2] [WARNING] Missing required fields in article: https://www.tinnhanhchungkhoan.vn/bao-dau-tu-chung-khoan-so-25-post392730.html
[2026-06-27 23:12:50] [TASK_2] [WARNING] Missing required fields in article: https://www.tinnhanhchungkhoan.vn/bhh-ngay-gdkhq-tra-co-tuc-nam-2025-bang-tien-7-post392773.html
[2026-06-27 23:12:50] [TASK_2] [WARNING] Missing required fields in article: https://www.tinnhanhchungkhoan.vn/cmd-ngay-gdkhq-tam-ung-co-tuc-dot-1-nam-2026-bang-tien-10-post392786.html
[2026-06-27 23:12:50] [TASK_2] [WARNING] Missing required fields in article: https://www.tinnhanhchungkhoan.vn/vbc-ngay-gdkhq-tra-co-tuc-nam-2025-bang-tien-18-post392792.html
[2026-06-27 23:12:50] [TASK_2] [WARNING] Missing required fields in article: https://www.tinnhanhchungkhoan.vn/ccl-ngay-gdkhq-tra-co-tuc-nam-2025-bang-co-phieu-101-post392793.html
[2026-06-27 23:12:50] [TASK_2] [WARNING] Missing required fields in article: https://www.tinnhanhchungkhoan.vn/htc-ngay-gdkhq-tam-ung-co-tuc-dot-1-nam-2026-bang-tien-3-post392798.html
[2026-06-27 23:12:50] [TASK_2] [WARNING] Missing required fields in article: https://www.tinnhanhchungkhoan.vn/khp-ngay-gdkhq-tra-co-tuc-nam-2025-bang-tien-5-post392799.html
[2026-06-27 23:12:50] [TASK_2] [WARNING] Missing required fields in article: https://www.tinnhanhchungkhoan.vn/vnp-ngay-gdkhq-tra-co-tuc-nam-2025-bang-tien-8-post392802.html
[2026-06-27 23:12:50] [TASK_2] [WARNING] Missing required fields in article: https://www.tinnhanhchungkhoan.vn/ijc-ngay-gdkhq-tra-co-tuc-bang-tien-nam-2025-5-post392811.html
[2026-06-27 23:12:50] [TASK_2] [WARNING] Missing required fields in article: https://www.tinnhanhchungkhoan.vn/vpw-ngay-gdkhq-tra-co-tuc-nam-2025-bang-tien-202-post392781.html
[2026-06-27 23:12:50] [TASK_2] [WARNING] Missing required fields in article: https://www.tinnhanhchungkhoan.vn/ocb-ngay-gdkhq-nhan-co-phieu-tang-von-tu-nguon-von-chu-so-huu-10015-post392785.html
[2026-06-27 23:12:50] [TASK_2] [WARNING] Missing required fields in article: https://www.tinnhanhchungkhoan.vn/sed-ngay-gdkhq-tra-co-tuc-nam-2025-bang-tien-15-post392806.html
[2026-06-27 23:12:50] [TASK_2] [WARNING] Missing required fields in article: https://www.tinnhanhchungkhoan.vn/ads-ngay-gdkhq-tra-co-tuc-nam-2025-bang-tien-10-post392795.html
[2026-06-27 23:12:50] [TASK_2] [WARNING] Missing required fields in article: https://www.tinnhanhchungkhoan.vn/png-ngay-gdkhq-tra-co-tuc-nam-2025-bang-tien-10-post392803.html
[2026-06-27 23:12:50] [TASK_2] [WARNING] Missing required fields in article: https://www.tinnhanhchungkhoan.vn/clc-ngay-gdkhq-tra-co-tuc-dot-cuoi-nam-2025-bang-tien-25-post392805.html
[2026-06-27 23:12:50] [TASK_2] [WARNING] Missing required fields in article: https://www.tinnhanhchungkhoan.vn/tvt-ngay-gdkhq-tra-co-tuc-dot-cuoi-nam-2025-bang-tien-10-post392774.html
[2026-06-27 23:12:50] [TASK_2] [WARNING] Missing required fields in article: https://www.tinnhanhchungkhoan.vn/ibd-ngay-gdkhq-tra-co-tuc-nam-2025-bang-tien-5-post392777.html
[2026-06-27 23:12:50] [TASK_2] [WARNING] Missing required fields in article: https://www.tinnhanhchungkhoan.vn/adp-ngay-gdkhq-tra-co-tuc-dot-1-nam-2026-bang-tien-7-post392775.html
[2026-06-27 23:12:50] [TASK_2] [WARNING] Missing required fields in article: https://www.tinnhanhchungkhoan.vn/ctr-ngay-gdkhq-tra-co-tuc-nam-2025-bang-tien-15-va-co-phieu-10012-post392778.html
[2026-06-27 23:12:50] [TASK_2] [WARNING] Missing required fields in article: https://www.tinnhanhchungkhoan.vn/tmp-ngay-gdkhq-tra-co-tuc-con-lai-nam-2025-bang-tien-20-post392790.html
[2026-06-27 23:12:50] [TASK_2] [WARNING] Missing required fields in article: https://www.tinnhanhchungkhoan.vn/fhs-ngay-gdkhq-tam-ung-co-tuc-dot-1-nam-2026-bang-tien-8-va-co-phieu-tang-von-104-post392789.html
[2026-06-27 23:12:50] [TASK_2] [WARNING] Missing required fields in article: https://www.tinnhanhchungkhoan.vn/tku-ngay-gdkhq-tra-co-tuc-nam-2025-bang-tien-5-post392808.html
[2026-06-27 23:12:50] [TASK_2] [WARNING] Missing required fields in article: https://www.tinnhanhchungkhoan.vn/nth-ngay-gdkhq-tam-ung-co-tuc-lan-1-nam-2026-bang-tien-15-post392809.html
[2026-06-27 23:12:50] [TASK_2] [WARNING] Missing required fields in article: https://www.tinnhanhchungkhoan.vn/nbc-ngay-gdkhq-tra-co-tuc-nam-2025-bang-tien-6-post392783.html
[2026-06-27 23:12:51] [TASK_2] [WARNING] Request failed for https://tinnhanhchungkhoan.vn/tim-kiem/page/2/?q=VIB (attempt 1/3): 404 Client Error: Not Found for url: https://www.tinnhanhchungkhoan.vn/404
[2026-06-27 23:12:51] [TASK_2] [INFO] Retrying in 1s…
[2026-06-27 23:12:52] [TASK_2] [WARNING] Request failed for https://tinnhanhchungkhoan.vn/tim-kiem/page/2/?q=VIB (attempt 2/3): 404 Client Error: Not Found for url: https://www.tinnhanhchungkhoan.vn/404
[2026-06-27 23:12:52] [TASK_2] [INFO] Retrying in 2s…
[2026-06-27 23:12:54] [TASK_2] [WARNING] Request failed for https://tinnhanhchungkhoan.vn/tim-kiem/page/2/?q=VIB (attempt 3/3): 404 Client Error: Not Found for url: https://www.tinnhanhchungkhoan.vn/404
[2026-06-27 23:12:54] [TASK_2] [ERROR] All 3 attempts failed for https://tinnhanhchungkhoan.vn/tim-kiem/page/2/?q=VIB. Skipping.
[2026-06-27 23:12:54] [TASK_2] [WARNING] Failed to fetch TNCK search page 2 for query 'VIB'. Stopping pagination.
[2026-06-27 23:12:54] [TASK_2] [INFO] TNCK search 'VIB': 39 new articles
[2026-06-27 23:12:55] [TASK_2] [WARNING] Missing required fields in article: https://www.tinnhanhchungkhoan.vn/bao-dau-tu-so-49-50-post392804.html
[2026-06-27 23:12:55] [TASK_2] [WARNING] Missing required fields in article: https://www.tinnhanhchungkhoan.vn/vietnam-investment-review-so-1810-post392791.html
[2026-06-27 23:12:55] [TASK_2] [WARNING] Missing required fields in article: https://www.tinnhanhchungkhoan.vn/bao-dau-tu-chung-khoan-so-25-post392730.html
[2026-06-27 23:12:55] [TASK_2] [WARNING] Missing required fields in article: https://www.tinnhanhchungkhoan.vn/bhh-ngay-gdkhq-tra-co-tuc-nam-2025-bang-tien-7-post392773.html
[2026-06-27 23:12:55] [TASK_2] [WARNING] Missing required fields in article: https://www.tinnhanhchungkhoan.vn/cmd-ngay-gdkhq-tam-ung-co-tuc-dot-1-nam-2026-bang-tien-10-post392786.html
[2026-06-27 23:12:55] [TASK_2] [WARNING] Missing required fields in article: https://www.tinnhanhchungkhoan.vn/vbc-ngay-gdkhq-tra-co-tuc-nam-2025-bang-tien-18-post392792.html
[2026-06-27 23:12:55] [TASK_2] [WARNING] Missing required fields in article: https://www.tinnhanhchungkhoan.vn/ccl-ngay-gdkhq-tra-co-tuc-nam-2025-bang-co-phieu-101-post392793.html
[2026-06-27 23:12:55] [TASK_2] [WARNING] Missing required fields in article: https://www.tinnhanhchungkhoan.vn/htc-ngay-gdkhq-tam-ung-co-tuc-dot-1-nam-2026-bang-tien-3-post392798.html
[2026-06-27 23:12:55] [TASK_2] [WARNING] Missing required fields in article: https://www.tinnhanhchungkhoan.vn/khp-ngay-gdkhq-tra-co-tuc-nam-2025-bang-tien-5-post392799.html
[2026-06-27 23:12:55] [TASK_2] [WARNING] Missing required fields in article: https://www.tinnhanhchungkhoan.vn/vnp-ngay-gdkhq-tra-co-tuc-nam-2025-bang-tien-8-post392802.html
[2026-06-27 23:12:55] [TASK_2] [WARNING] Missing required fields in article: https://www.tinnhanhchungkhoan.vn/ijc-ngay-gdkhq-tra-co-tuc-bang-tien-nam-2025-5-post392811.html
[2026-06-27 23:12:55] [TASK_2] [WARNING] Missing required fields in article: https://www.tinnhanhchungkhoan.vn/vpw-ngay-gdkhq-tra-co-tuc-nam-2025-bang-tien-202-post392781.html
[2026-06-27 23:12:55] [TASK_2] [WARNING] Missing required fields in article: https://www.tinnhanhchungkhoan.vn/ocb-ngay-gdkhq-nhan-co-phieu-tang-von-tu-nguon-von-chu-so-huu-10015-post392785.html
[2026-06-27 23:12:55] [TASK_2] [WARNING] Missing required fields in article: https://www.tinnhanhchungkhoan.vn/sed-ngay-gdkhq-tra-co-tuc-nam-2025-bang-tien-15-post392806.html
[2026-06-27 23:12:55] [TASK_2] [WARNING] Missing required fields in article: https://www.tinnhanhchungkhoan.vn/ads-ngay-gdkhq-tra-co-tuc-nam-2025-bang-tien-10-post392795.html
[2026-06-27 23:12:55] [TASK_2] [WARNING] Missing required fields in article: https://www.tinnhanhchungkhoan.vn/png-ngay-gdkhq-tra-co-tuc-nam-2025-bang-tien-10-post392803.html
[2026-06-27 23:12:55] [TASK_2] [WARNING] Missing required fields in article: https://www.tinnhanhchungkhoan.vn/clc-ngay-gdkhq-tra-co-tuc-dot-cuoi-nam-2025-bang-tien-25-post392805.html
[2026-06-27 23:12:55] [TASK_2] [WARNING] Missing required fields in article: https://www.tinnhanhchungkhoan.vn/tvt-ngay-gdkhq-tra-co-tuc-dot-cuoi-nam-2025-bang-tien-10-post392774.html
[2026-06-27 23:12:55] [TASK_2] [WARNING] Missing required fields in article: https://www.tinnhanhchungkhoan.vn/ibd-ngay-gdkhq-tra-co-tuc-nam-2025-bang-tien-5-post392777.html
[2026-06-27 23:12:55] [TASK_2] [WARNING] Missing required fields in article: https://www.tinnhanhchungkhoan.vn/adp-ngay-gdkhq-tra-co-tuc-dot-1-nam-2026-bang-tien-7-post392775.html
[2026-06-27 23:12:55] [TASK_2] [WARNING] Missing required fields in article: https://www.tinnhanhchungkhoan.vn/ctr-ngay-gdkhq-tra-co-tuc-nam-2025-bang-tien-15-va-co-phieu-10012-post392778.html
[2026-06-27 23:12:55] [TASK_2] [WARNING] Missing required fields in article: https://www.tinnhanhchungkhoan.vn/tmp-ngay-gdkhq-tra-co-tuc-con-lai-nam-2025-bang-tien-20-post392790.html
[2026-06-27 23:12:55] [TASK_2] [WARNING] Missing required fields in article: https://www.tinnhanhchungkhoan.vn/fhs-ngay-gdkhq-tam-ung-co-tuc-dot-1-nam-2026-bang-tien-8-va-co-phieu-tang-von-104-post392789.html
[2026-06-27 23:12:55] [TASK_2] [WARNING] Missing required fields in article: https://www.tinnhanhchungkhoan.vn/tku-ngay-gdkhq-tra-co-tuc-nam-2025-bang-tien-5-post392808.html
[2026-06-27 23:12:55] [TASK_2] [WARNING] Missing required fields in article: https://www.tinnhanhchungkhoan.vn/nth-ngay-gdkhq-tam-ung-co-tuc-lan-1-nam-2026-bang-tien-15-post392809.html
[2026-06-27 23:12:55] [TASK_2] [WARNING] Missing required fields in article: https://www.tinnhanhchungkhoan.vn/nbc-ngay-gdkhq-tra-co-tuc-nam-2025-bang-tien-6-post392783.html
[2026-06-27 23:12:56] [TASK_2] [WARNING] Request failed for https://tinnhanhchungkhoan.vn/tim-kiem/page/2/?q=VIC (attempt 1/3): 404 Client Error: Not Found for url: https://www.tinnhanhchungkhoan.vn/404
[2026-06-27 23:12:56] [TASK_2] [INFO] Retrying in 1s…
[2026-06-27 23:12:57] [TASK_2] [WARNING] Request failed for https://tinnhanhchungkhoan.vn/tim-kiem/page/2/?q=VIC (attempt 2/3): 404 Client Error: Not Found for url: https://www.tinnhanhchungkhoan.vn/404
[2026-06-27 23:12:57] [TASK_2] [INFO] Retrying in 2s…
[2026-06-27 23:12:59] [TASK_2] [WARNING] Request failed for https://tinnhanhchungkhoan.vn/tim-kiem/page/2/?q=VIC (attempt 3/3): 404 Client Error: Not Found for url: https://www.tinnhanhchungkhoan.vn/404
[2026-06-27 23:12:59] [TASK_2] [ERROR] All 3 attempts failed for https://tinnhanhchungkhoan.vn/tim-kiem/page/2/?q=VIC. Skipping.
[2026-06-27 23:12:59] [TASK_2] [WARNING] Failed to fetch TNCK search page 2 for query 'VIC'. Stopping pagination.
[2026-06-27 23:12:59] [TASK_2] [INFO] TNCK search 'VIC': 32 new articles
[2026-06-27 23:13:00] [TASK_2] [WARNING] Missing required fields in article: https://www.tinnhanhchungkhoan.vn/bao-dau-tu-so-49-50-post392804.html
[2026-06-27 23:13:00] [TASK_2] [WARNING] Missing required fields in article: https://www.tinnhanhchungkhoan.vn/vietnam-investment-review-so-1810-post392791.html
[2026-06-27 23:13:00] [TASK_2] [WARNING] Missing required fields in article: https://www.tinnhanhchungkhoan.vn/bao-dau-tu-chung-khoan-so-25-post392730.html
[2026-06-27 23:13:00] [TASK_2] [WARNING] Missing required fields in article: https://www.tinnhanhchungkhoan.vn/bhh-ngay-gdkhq-tra-co-tuc-nam-2025-bang-tien-7-post392773.html
[2026-06-27 23:13:00] [TASK_2] [WARNING] Missing required fields in article: https://www.tinnhanhchungkhoan.vn/cmd-ngay-gdkhq-tam-ung-co-tuc-dot-1-nam-2026-bang-tien-10-post392786.html
[2026-06-27 23:13:00] [TASK_2] [WARNING] Missing required fields in article: https://www.tinnhanhchungkhoan.vn/vbc-ngay-gdkhq-tra-co-tuc-nam-2025-bang-tien-18-post392792.html
[2026-06-27 23:13:00] [TASK_2] [WARNING] Missing required fields in article: https://www.tinnhanhchungkhoan.vn/ccl-ngay-gdkhq-tra-co-tuc-nam-2025-bang-co-phieu-101-post392793.html
[2026-06-27 23:13:00] [TASK_2] [WARNING] Missing required fields in article: https://www.tinnhanhchungkhoan.vn/htc-ngay-gdkhq-tam-ung-co-tuc-dot-1-nam-2026-bang-tien-3-post392798.html
[2026-06-27 23:13:00] [TASK_2] [WARNING] Missing required fields in article: https://www.tinnhanhchungkhoan.vn/khp-ngay-gdkhq-tra-co-tuc-nam-2025-bang-tien-5-post392799.html
[2026-06-27 23:13:00] [TASK_2] [WARNING] Missing required fields in article: https://www.tinnhanhchungkhoan.vn/vnp-ngay-gdkhq-tra-co-tuc-nam-2025-bang-tien-8-post392802.html
[2026-06-27 23:13:00] [TASK_2] [WARNING] Missing required fields in article: https://www.tinnhanhchungkhoan.vn/ijc-ngay-gdkhq-tra-co-tuc-bang-tien-nam-2025-5-post392811.html
[2026-06-27 23:13:00] [TASK_2] [WARNING] Missing required fields in article: https://www.tinnhanhchungkhoan.vn/vpw-ngay-gdkhq-tra-co-tuc-nam-2025-bang-tien-202-post392781.html
[2026-06-27 23:13:00] [TASK_2] [WARNING] Missing required fields in article: https://www.tinnhanhchungkhoan.vn/ocb-ngay-gdkhq-nhan-co-phieu-tang-von-tu-nguon-von-chu-so-huu-10015-post392785.html
[2026-06-27 23:13:00] [TASK_2] [WARNING] Missing required fields in article: https://www.tinnhanhchungkhoan.vn/sed-ngay-gdkhq-tra-co-tuc-nam-2025-bang-tien-15-post392806.html
[2026-06-27 23:13:00] [TASK_2] [WARNING] Missing required fields in article: https://www.tinnhanhchungkhoan.vn/ads-ngay-gdkhq-tra-co-tuc-nam-2025-bang-tien-10-post392795.html
[2026-06-27 23:13:00] [TASK_2] [WARNING] Missing required fields in article: https://www.tinnhanhchungkhoan.vn/png-ngay-gdkhq-tra-co-tuc-nam-2025-bang-tien-10-post392803.html
[2026-06-27 23:13:00] [TASK_2] [WARNING] Missing required fields in article: https://www.tinnhanhchungkhoan.vn/clc-ngay-gdkhq-tra-co-tuc-dot-cuoi-nam-2025-bang-tien-25-post392805.html
[2026-06-27 23:13:00] [TASK_2] [WARNING] Missing required fields in article: https://www.tinnhanhchungkhoan.vn/tvt-ngay-gdkhq-tra-co-tuc-dot-cuoi-nam-2025-bang-tien-10-post392774.html
[2026-06-27 23:13:00] [TASK_2] [WARNING] Missing required fields in article: https://www.tinnhanhchungkhoan.vn/ibd-ngay-gdkhq-tra-co-tuc-nam-2025-bang-tien-5-post392777.html
[2026-06-27 23:13:00] [TASK_2] [WARNING] Missing required fields in article: https://www.tinnhanhchungkhoan.vn/adp-ngay-gdkhq-tra-co-tuc-dot-1-nam-2026-bang-tien-7-post392775.html
[2026-06-27 23:13:00] [TASK_2] [WARNING] Missing required fields in article: https://www.tinnhanhchungkhoan.vn/ctr-ngay-gdkhq-tra-co-tuc-nam-2025-bang-tien-15-va-co-phieu-10012-post392778.html
[2026-06-27 23:13:00] [TASK_2] [WARNING] Missing required fields in article: https://www.tinnhanhchungkhoan.vn/tmp-ngay-gdkhq-tra-co-tuc-con-lai-nam-2025-bang-tien-20-post392790.html
[2026-06-27 23:13:00] [TASK_2] [WARNING] Missing required fields in article: https://www.tinnhanhchungkhoan.vn/fhs-ngay-gdkhq-tam-ung-co-tuc-dot-1-nam-2026-bang-tien-8-va-co-phieu-tang-von-104-post392789.html
[2026-06-27 23:13:00] [TASK_2] [WARNING] Missing required fields in article: https://www.tinnhanhchungkhoan.vn/tku-ngay-gdkhq-tra-co-tuc-nam-2025-bang-tien-5-post392808.html
[2026-06-27 23:13:00] [TASK_2] [WARNING] Missing required fields in article: https://www.tinnhanhchungkhoan.vn/nth-ngay-gdkhq-tam-ung-co-tuc-lan-1-nam-2026-bang-tien-15-post392809.html
[2026-06-27 23:13:00] [TASK_2] [WARNING] Missing required fields in article: https://www.tinnhanhchungkhoan.vn/nbc-ngay-gdkhq-tra-co-tuc-nam-2025-bang-tien-6-post392783.html
[2026-06-27 23:13:01] [TASK_2] [WARNING] Request failed for https://tinnhanhchungkhoan.vn/tim-kiem/page/2/?q=VJC (attempt 1/3): 404 Client Error: Not Found for url: https://www.tinnhanhchungkhoan.vn/404
[2026-06-27 23:13:01] [TASK_2] [INFO] Retrying in 1s…
[2026-06-27 23:13:02] [TASK_2] [WARNING] Request failed for https://tinnhanhchungkhoan.vn/tim-kiem/page/2/?q=VJC (attempt 2/3): 404 Client Error: Not Found for url: https://www.tinnhanhchungkhoan.vn/404
[2026-06-27 23:13:02] [TASK_2] [INFO] Retrying in 2s…
[2026-06-27 23:13:05] [TASK_2] [WARNING] Request failed for https://tinnhanhchungkhoan.vn/tim-kiem/page/2/?q=VJC (attempt 3/3): 404 Client Error: Not Found for url: https://www.tinnhanhchungkhoan.vn/404
[2026-06-27 23:13:05] [TASK_2] [ERROR] All 3 attempts failed for https://tinnhanhchungkhoan.vn/tim-kiem/page/2/?q=VJC. Skipping.
[2026-06-27 23:13:05] [TASK_2] [WARNING] Failed to fetch TNCK search page 2 for query 'VJC'. Stopping pagination.
[2026-06-27 23:13:05] [TASK_2] [INFO] TNCK search 'VJC': 38 new articles
[2026-06-27 23:13:06] [TASK_2] [WARNING] Missing required fields in article: https://www.tinnhanhchungkhoan.vn/bao-dau-tu-so-49-50-post392804.html
[2026-06-27 23:13:06] [TASK_2] [WARNING] Missing required fields in article: https://www.tinnhanhchungkhoan.vn/vietnam-investment-review-so-1810-post392791.html
[2026-06-27 23:13:06] [TASK_2] [WARNING] Missing required fields in article: https://www.tinnhanhchungkhoan.vn/bao-dau-tu-chung-khoan-so-25-post392730.html
[2026-06-27 23:13:06] [TASK_2] [WARNING] Missing required fields in article: https://www.tinnhanhchungkhoan.vn/bhh-ngay-gdkhq-tra-co-tuc-nam-2025-bang-tien-7-post392773.html
[2026-06-27 23:13:06] [TASK_2] [WARNING] Missing required fields in article: https://www.tinnhanhchungkhoan.vn/cmd-ngay-gdkhq-tam-ung-co-tuc-dot-1-nam-2026-bang-tien-10-post392786.html
[2026-06-27 23:13:06] [TASK_2] [WARNING] Missing required fields in article: https://www.tinnhanhchungkhoan.vn/vbc-ngay-gdkhq-tra-co-tuc-nam-2025-bang-tien-18-post392792.html
[2026-06-27 23:13:06] [TASK_2] [WARNING] Missing required fields in article: https://www.tinnhanhchungkhoan.vn/ccl-ngay-gdkhq-tra-co-tuc-nam-2025-bang-co-phieu-101-post392793.html
[2026-06-27 23:13:06] [TASK_2] [WARNING] Missing required fields in article: https://www.tinnhanhchungkhoan.vn/htc-ngay-gdkhq-tam-ung-co-tuc-dot-1-nam-2026-bang-tien-3-post392798.html
[2026-06-27 23:13:06] [TASK_2] [WARNING] Missing required fields in article: https://www.tinnhanhchungkhoan.vn/khp-ngay-gdkhq-tra-co-tuc-nam-2025-bang-tien-5-post392799.html
[2026-06-27 23:13:06] [TASK_2] [WARNING] Missing required fields in article: https://www.tinnhanhchungkhoan.vn/vnp-ngay-gdkhq-tra-co-tuc-nam-2025-bang-tien-8-post392802.html
[2026-06-27 23:13:06] [TASK_2] [WARNING] Missing required fields in article: https://www.tinnhanhchungkhoan.vn/ijc-ngay-gdkhq-tra-co-tuc-bang-tien-nam-2025-5-post392811.html
[2026-06-27 23:13:06] [TASK_2] [WARNING] Missing required fields in article: https://www.tinnhanhchungkhoan.vn/vpw-ngay-gdkhq-tra-co-tuc-nam-2025-bang-tien-202-post392781.html
[2026-06-27 23:13:06] [TASK_2] [WARNING] Missing required fields in article: https://www.tinnhanhchungkhoan.vn/ocb-ngay-gdkhq-nhan-co-phieu-tang-von-tu-nguon-von-chu-so-huu-10015-post392785.html
[2026-06-27 23:13:06] [TASK_2] [WARNING] Missing required fields in article: https://www.tinnhanhchungkhoan.vn/sed-ngay-gdkhq-tra-co-tuc-nam-2025-bang-tien-15-post392806.html
[2026-06-27 23:13:06] [TASK_2] [WARNING] Missing required fields in article: https://www.tinnhanhchungkhoan.vn/ads-ngay-gdkhq-tra-co-tuc-nam-2025-bang-tien-10-post392795.html
[2026-06-27 23:13:06] [TASK_2] [WARNING] Missing required fields in article: https://www.tinnhanhchungkhoan.vn/png-ngay-gdkhq-tra-co-tuc-nam-2025-bang-tien-10-post392803.html
[2026-06-27 23:13:06] [TASK_2] [WARNING] Missing required fields in article: https://www.tinnhanhchungkhoan.vn/clc-ngay-gdkhq-tra-co-tuc-dot-cuoi-nam-2025-bang-tien-25-post392805.html
[2026-06-27 23:13:06] [TASK_2] [WARNING] Missing required fields in article: https://www.tinnhanhchungkhoan.vn/tvt-ngay-gdkhq-tra-co-tuc-dot-cuoi-nam-2025-bang-tien-10-post392774.html
[2026-06-27 23:13:06] [TASK_2] [WARNING] Missing required fields in article: https://www.tinnhanhchungkhoan.vn/ibd-ngay-gdkhq-tra-co-tuc-nam-2025-bang-tien-5-post392777.html
[2026-06-27 23:13:06] [TASK_2] [WARNING] Missing required fields in article: https://www.tinnhanhchungkhoan.vn/adp-ngay-gdkhq-tra-co-tuc-dot-1-nam-2026-bang-tien-7-post392775.html
[2026-06-27 23:13:06] [TASK_2] [WARNING] Missing required fields in article: https://www.tinnhanhchungkhoan.vn/ctr-ngay-gdkhq-tra-co-tuc-nam-2025-bang-tien-15-va-co-phieu-10012-post392778.html
[2026-06-27 23:13:06] [TASK_2] [WARNING] Missing required fields in article: https://www.tinnhanhchungkhoan.vn/tmp-ngay-gdkhq-tra-co-tuc-con-lai-nam-2025-bang-tien-20-post392790.html
[2026-06-27 23:13:06] [TASK_2] [WARNING] Missing required fields in article: https://www.tinnhanhchungkhoan.vn/fhs-ngay-gdkhq-tam-ung-co-tuc-dot-1-nam-2026-bang-tien-8-va-co-phieu-tang-von-104-post392789.html
[2026-06-27 23:13:06] [TASK_2] [WARNING] Missing required fields in article: https://www.tinnhanhchungkhoan.vn/tku-ngay-gdkhq-tra-co-tuc-nam-2025-bang-tien-5-post392808.html
[2026-06-27 23:13:06] [TASK_2] [WARNING] Missing required fields in article: https://www.tinnhanhchungkhoan.vn/nth-ngay-gdkhq-tam-ung-co-tuc-lan-1-nam-2026-bang-tien-15-post392809.html
[2026-06-27 23:13:06] [TASK_2] [WARNING] Missing required fields in article: https://www.tinnhanhchungkhoan.vn/nbc-ngay-gdkhq-tra-co-tuc-nam-2025-bang-tien-6-post392783.html
[2026-06-27 23:13:07] [TASK_2] [WARNING] Request failed for https://tinnhanhchungkhoan.vn/tim-kiem/page/2/?q=VNM (attempt 1/3): 404 Client Error: Not Found for url: https://www.tinnhanhchungkhoan.vn/404
[2026-06-27 23:13:07] [TASK_2] [INFO] Retrying in 1s…
[2026-06-27 23:13:08] [TASK_2] [WARNING] Request failed for https://tinnhanhchungkhoan.vn/tim-kiem/page/2/?q=VNM (attempt 2/3): 404 Client Error: Not Found for url: https://www.tinnhanhchungkhoan.vn/404
[2026-06-27 23:13:08] [TASK_2] [INFO] Retrying in 2s…
[2026-06-27 23:13:10] [TASK_2] [WARNING] Request failed for https://tinnhanhchungkhoan.vn/tim-kiem/page/2/?q=VNM (attempt 3/3): 404 Client Error: Not Found for url: https://www.tinnhanhchungkhoan.vn/404
[2026-06-27 23:13:10] [TASK_2] [ERROR] All 3 attempts failed for https://tinnhanhchungkhoan.vn/tim-kiem/page/2/?q=VNM. Skipping.
[2026-06-27 23:13:10] [TASK_2] [WARNING] Failed to fetch TNCK search page 2 for query 'VNM'. Stopping pagination.
[2026-06-27 23:13:10] [TASK_2] [INFO] TNCK search 'VNM': 29 new articles
[2026-06-27 23:13:11] [TASK_2] [WARNING] Missing required fields in article: https://www.tinnhanhchungkhoan.vn/bao-dau-tu-so-49-50-post392804.html
[2026-06-27 23:13:11] [TASK_2] [WARNING] Missing required fields in article: https://www.tinnhanhchungkhoan.vn/vietnam-investment-review-so-1810-post392791.html
[2026-06-27 23:13:11] [TASK_2] [WARNING] Missing required fields in article: https://www.tinnhanhchungkhoan.vn/bao-dau-tu-chung-khoan-so-25-post392730.html
[2026-06-27 23:13:11] [TASK_2] [WARNING] Missing required fields in article: https://www.tinnhanhchungkhoan.vn/bhh-ngay-gdkhq-tra-co-tuc-nam-2025-bang-tien-7-post392773.html
[2026-06-27 23:13:11] [TASK_2] [WARNING] Missing required fields in article: https://www.tinnhanhchungkhoan.vn/cmd-ngay-gdkhq-tam-ung-co-tuc-dot-1-nam-2026-bang-tien-10-post392786.html
[2026-06-27 23:13:11] [TASK_2] [WARNING] Missing required fields in article: https://www.tinnhanhchungkhoan.vn/vbc-ngay-gdkhq-tra-co-tuc-nam-2025-bang-tien-18-post392792.html
[2026-06-27 23:13:11] [TASK_2] [WARNING] Missing required fields in article: https://www.tinnhanhchungkhoan.vn/ccl-ngay-gdkhq-tra-co-tuc-nam-2025-bang-co-phieu-101-post392793.html
[2026-06-27 23:13:11] [TASK_2] [WARNING] Missing required fields in article: https://www.tinnhanhchungkhoan.vn/htc-ngay-gdkhq-tam-ung-co-tuc-dot-1-nam-2026-bang-tien-3-post392798.html
[2026-06-27 23:13:11] [TASK_2] [WARNING] Missing required fields in article: https://www.tinnhanhchungkhoan.vn/khp-ngay-gdkhq-tra-co-tuc-nam-2025-bang-tien-5-post392799.html
[2026-06-27 23:13:11] [TASK_2] [WARNING] Missing required fields in article: https://www.tinnhanhchungkhoan.vn/vnp-ngay-gdkhq-tra-co-tuc-nam-2025-bang-tien-8-post392802.html
[2026-06-27 23:13:11] [TASK_2] [WARNING] Missing required fields in article: https://www.tinnhanhchungkhoan.vn/ijc-ngay-gdkhq-tra-co-tuc-bang-tien-nam-2025-5-post392811.html
[2026-06-27 23:13:11] [TASK_2] [WARNING] Missing required fields in article: https://www.tinnhanhchungkhoan.vn/vpw-ngay-gdkhq-tra-co-tuc-nam-2025-bang-tien-202-post392781.html
[2026-06-27 23:13:11] [TASK_2] [WARNING] Missing required fields in article: https://www.tinnhanhchungkhoan.vn/ocb-ngay-gdkhq-nhan-co-phieu-tang-von-tu-nguon-von-chu-so-huu-10015-post392785.html
[2026-06-27 23:13:11] [TASK_2] [WARNING] Missing required fields in article: https://www.tinnhanhchungkhoan.vn/sed-ngay-gdkhq-tra-co-tuc-nam-2025-bang-tien-15-post392806.html
[2026-06-27 23:13:11] [TASK_2] [WARNING] Missing required fields in article: https://www.tinnhanhchungkhoan.vn/ads-ngay-gdkhq-tra-co-tuc-nam-2025-bang-tien-10-post392795.html
[2026-06-27 23:13:11] [TASK_2] [WARNING] Missing required fields in article: https://www.tinnhanhchungkhoan.vn/png-ngay-gdkhq-tra-co-tuc-nam-2025-bang-tien-10-post392803.html
[2026-06-27 23:13:11] [TASK_2] [WARNING] Missing required fields in article: https://www.tinnhanhchungkhoan.vn/clc-ngay-gdkhq-tra-co-tuc-dot-cuoi-nam-2025-bang-tien-25-post392805.html
[2026-06-27 23:13:11] [TASK_2] [WARNING] Missing required fields in article: https://www.tinnhanhchungkhoan.vn/tvt-ngay-gdkhq-tra-co-tuc-dot-cuoi-nam-2025-bang-tien-10-post392774.html
[2026-06-27 23:13:11] [TASK_2] [WARNING] Missing required fields in article: https://www.tinnhanhchungkhoan.vn/ibd-ngay-gdkhq-tra-co-tuc-nam-2025-bang-tien-5-post392777.html
[2026-06-27 23:13:11] [TASK_2] [WARNING] Missing required fields in article: https://www.tinnhanhchungkhoan.vn/adp-ngay-gdkhq-tra-co-tuc-dot-1-nam-2026-bang-tien-7-post392775.html
[2026-06-27 23:13:11] [TASK_2] [WARNING] Missing required fields in article: https://www.tinnhanhchungkhoan.vn/ctr-ngay-gdkhq-tra-co-tuc-nam-2025-bang-tien-15-va-co-phieu-10012-post392778.html
[2026-06-27 23:13:11] [TASK_2] [WARNING] Missing required fields in article: https://www.tinnhanhchungkhoan.vn/tmp-ngay-gdkhq-tra-co-tuc-con-lai-nam-2025-bang-tien-20-post392790.html
[2026-06-27 23:13:11] [TASK_2] [WARNING] Missing required fields in article: https://www.tinnhanhchungkhoan.vn/fhs-ngay-gdkhq-tam-ung-co-tuc-dot-1-nam-2026-bang-tien-8-va-co-phieu-tang-von-104-post392789.html
[2026-06-27 23:13:11] [TASK_2] [WARNING] Missing required fields in article: https://www.tinnhanhchungkhoan.vn/tku-ngay-gdkhq-tra-co-tuc-nam-2025-bang-tien-5-post392808.html
[2026-06-27 23:13:11] [TASK_2] [WARNING] Missing required fields in article: https://www.tinnhanhchungkhoan.vn/nth-ngay-gdkhq-tam-ung-co-tuc-lan-1-nam-2026-bang-tien-15-post392809.html
[2026-06-27 23:13:11] [TASK_2] [WARNING] Missing required fields in article: https://www.tinnhanhchungkhoan.vn/nbc-ngay-gdkhq-tra-co-tuc-nam-2025-bang-tien-6-post392783.html
[2026-06-27 23:13:12] [TASK_2] [WARNING] Request failed for https://tinnhanhchungkhoan.vn/tim-kiem/page/2/?q=VPB (attempt 1/3): 404 Client Error: Not Found for url: https://www.tinnhanhchungkhoan.vn/404
[2026-06-27 23:13:12] [TASK_2] [INFO] Retrying in 1s…
[2026-06-27 23:13:13] [TASK_2] [WARNING] Request failed for https://tinnhanhchungkhoan.vn/tim-kiem/page/2/?q=VPB (attempt 2/3): 404 Client Error: Not Found for url: https://www.tinnhanhchungkhoan.vn/404
[2026-06-27 23:13:13] [TASK_2] [INFO] Retrying in 2s…
[2026-06-27 23:13:15] [TASK_2] [WARNING] Request failed for https://tinnhanhchungkhoan.vn/tim-kiem/page/2/?q=VPB (attempt 3/3): 404 Client Error: Not Found for url: https://www.tinnhanhchungkhoan.vn/404
[2026-06-27 23:13:15] [TASK_2] [ERROR] All 3 attempts failed for https://tinnhanhchungkhoan.vn/tim-kiem/page/2/?q=VPB. Skipping.
[2026-06-27 23:13:15] [TASK_2] [WARNING] Failed to fetch TNCK search page 2 for query 'VPB'. Stopping pagination.
[2026-06-27 23:13:15] [TASK_2] [INFO] TNCK search 'VPB': 30 new articles
[2026-06-27 23:13:16] [TASK_2] [WARNING] Missing required fields in article: https://www.tinnhanhchungkhoan.vn/bao-dau-tu-so-49-50-post392804.html
[2026-06-27 23:13:16] [TASK_2] [WARNING] Missing required fields in article: https://www.tinnhanhchungkhoan.vn/vietnam-investment-review-so-1810-post392791.html
[2026-06-27 23:13:16] [TASK_2] [WARNING] Missing required fields in article: https://www.tinnhanhchungkhoan.vn/bao-dau-tu-chung-khoan-so-25-post392730.html
[2026-06-27 23:13:16] [TASK_2] [WARNING] Missing required fields in article: https://www.tinnhanhchungkhoan.vn/bhh-ngay-gdkhq-tra-co-tuc-nam-2025-bang-tien-7-post392773.html
[2026-06-27 23:13:16] [TASK_2] [WARNING] Missing required fields in article: https://www.tinnhanhchungkhoan.vn/cmd-ngay-gdkhq-tam-ung-co-tuc-dot-1-nam-2026-bang-tien-10-post392786.html
[2026-06-27 23:13:16] [TASK_2] [WARNING] Missing required fields in article: https://www.tinnhanhchungkhoan.vn/vbc-ngay-gdkhq-tra-co-tuc-nam-2025-bang-tien-18-post392792.html
[2026-06-27 23:13:16] [TASK_2] [WARNING] Missing required fields in article: https://www.tinnhanhchungkhoan.vn/ccl-ngay-gdkhq-tra-co-tuc-nam-2025-bang-co-phieu-101-post392793.html
[2026-06-27 23:13:16] [TASK_2] [WARNING] Missing required fields in article: https://www.tinnhanhchungkhoan.vn/htc-ngay-gdkhq-tam-ung-co-tuc-dot-1-nam-2026-bang-tien-3-post392798.html
[2026-06-27 23:13:16] [TASK_2] [WARNING] Missing required fields in article: https://www.tinnhanhchungkhoan.vn/khp-ngay-gdkhq-tra-co-tuc-nam-2025-bang-tien-5-post392799.html
[2026-06-27 23:13:16] [TASK_2] [WARNING] Missing required fields in article: https://www.tinnhanhchungkhoan.vn/vnp-ngay-gdkhq-tra-co-tuc-nam-2025-bang-tien-8-post392802.html
[2026-06-27 23:13:16] [TASK_2] [WARNING] Missing required fields in article: https://www.tinnhanhchungkhoan.vn/ijc-ngay-gdkhq-tra-co-tuc-bang-tien-nam-2025-5-post392811.html
[2026-06-27 23:13:16] [TASK_2] [WARNING] Missing required fields in article: https://www.tinnhanhchungkhoan.vn/vpw-ngay-gdkhq-tra-co-tuc-nam-2025-bang-tien-202-post392781.html
[2026-06-27 23:13:16] [TASK_2] [WARNING] Missing required fields in article: https://www.tinnhanhchungkhoan.vn/ocb-ngay-gdkhq-nhan-co-phieu-tang-von-tu-nguon-von-chu-so-huu-10015-post392785.html
[2026-06-27 23:13:16] [TASK_2] [WARNING] Missing required fields in article: https://www.tinnhanhchungkhoan.vn/sed-ngay-gdkhq-tra-co-tuc-nam-2025-bang-tien-15-post392806.html
[2026-06-27 23:13:16] [TASK_2] [WARNING] Missing required fields in article: https://www.tinnhanhchungkhoan.vn/ads-ngay-gdkhq-tra-co-tuc-nam-2025-bang-tien-10-post392795.html
[2026-06-27 23:13:16] [TASK_2] [WARNING] Missing required fields in article: https://www.tinnhanhchungkhoan.vn/png-ngay-gdkhq-tra-co-tuc-nam-2025-bang-tien-10-post392803.html
[2026-06-27 23:13:16] [TASK_2] [WARNING] Missing required fields in article: https://www.tinnhanhchungkhoan.vn/clc-ngay-gdkhq-tra-co-tuc-dot-cuoi-nam-2025-bang-tien-25-post392805.html
[2026-06-27 23:13:16] [TASK_2] [WARNING] Missing required fields in article: https://www.tinnhanhchungkhoan.vn/tvt-ngay-gdkhq-tra-co-tuc-dot-cuoi-nam-2025-bang-tien-10-post392774.html
[2026-06-27 23:13:16] [TASK_2] [WARNING] Missing required fields in article: https://www.tinnhanhchungkhoan.vn/ibd-ngay-gdkhq-tra-co-tuc-nam-2025-bang-tien-5-post392777.html
[2026-06-27 23:13:16] [TASK_2] [WARNING] Missing required fields in article: https://www.tinnhanhchungkhoan.vn/adp-ngay-gdkhq-tra-co-tuc-dot-1-nam-2026-bang-tien-7-post392775.html
[2026-06-27 23:13:16] [TASK_2] [WARNING] Missing required fields in article: https://www.tinnhanhchungkhoan.vn/ctr-ngay-gdkhq-tra-co-tuc-nam-2025-bang-tien-15-va-co-phieu-10012-post392778.html
[2026-06-27 23:13:16] [TASK_2] [WARNING] Missing required fields in article: https://www.tinnhanhchungkhoan.vn/tmp-ngay-gdkhq-tra-co-tuc-con-lai-nam-2025-bang-tien-20-post392790.html
[2026-06-27 23:13:16] [TASK_2] [WARNING] Missing required fields in article: https://www.tinnhanhchungkhoan.vn/fhs-ngay-gdkhq-tam-ung-co-tuc-dot-1-nam-2026-bang-tien-8-va-co-phieu-tang-von-104-post392789.html
[2026-06-27 23:13:16] [TASK_2] [WARNING] Missing required fields in article: https://www.tinnhanhchungkhoan.vn/tku-ngay-gdkhq-tra-co-tuc-nam-2025-bang-tien-5-post392808.html
[2026-06-27 23:13:16] [TASK_2] [WARNING] Missing required fields in article: https://www.tinnhanhchungkhoan.vn/nth-ngay-gdkhq-tam-ung-co-tuc-lan-1-nam-2026-bang-tien-15-post392809.html
[2026-06-27 23:13:16] [TASK_2] [WARNING] Missing required fields in article: https://www.tinnhanhchungkhoan.vn/nbc-ngay-gdkhq-tra-co-tuc-nam-2025-bang-tien-6-post392783.html
[2026-06-27 23:13:17] [TASK_2] [WARNING] Request failed for https://tinnhanhchungkhoan.vn/tim-kiem/page/2/?q=VRE (attempt 1/3): 404 Client Error: Not Found for url: https://www.tinnhanhchungkhoan.vn/404
[2026-06-27 23:13:17] [TASK_2] [INFO] Retrying in 1s…
[2026-06-27 23:13:18] [TASK_2] [WARNING] Request failed for https://tinnhanhchungkhoan.vn/tim-kiem/page/2/?q=VRE (attempt 2/3): 404 Client Error: Not Found for url: https://www.tinnhanhchungkhoan.vn/404
[2026-06-27 23:13:18] [TASK_2] [INFO] Retrying in 2s…
[2026-06-27 23:13:20] [TASK_2] [WARNING] Request failed for https://tinnhanhchungkhoan.vn/tim-kiem/page/2/?q=VRE (attempt 3/3): 404 Client Error: Not Found for url: https://www.tinnhanhchungkhoan.vn/404
[2026-06-27 23:13:20] [TASK_2] [ERROR] All 3 attempts failed for https://tinnhanhchungkhoan.vn/tim-kiem/page/2/?q=VRE. Skipping.
[2026-06-27 23:13:20] [TASK_2] [WARNING] Failed to fetch TNCK search page 2 for query 'VRE'. Stopping pagination.
[2026-06-27 23:13:20] [TASK_2] [INFO] TNCK search 'VRE': 27 new articles
[2026-06-27 23:13:20] [TASK_2] [INFO] TNCK: scraping category pages…
[2026-06-27 23:13:22] [TASK_2] [WARNING] Missing required fields in article: https://vir.com.vn/us-giant-coherent-expands-business-in-vietnam-155424.html
[2026-06-27 23:13:22] [TASK_2] [WARNING] Missing required fields in article: https://vir.com.vn/scg-presents-low-carbon-cement-innovations-at-cemtech-asia-2026-in-net-zero-push-155471.html
[2026-06-27 23:13:22] [TASK_2] [WARNING] Missing required fields in article: https://vir.com.vn/msci-highlights-reform-gains-while-flagging-barriers-in-vietnams-stock-market-155141.html
[2026-06-27 23:13:22] [TASK_2] [WARNING] Missing required fields in article: https://vir.com.vn/sunasia-energy-vinenergo-launch-solar-on-water-portfolio-in-the-philippines-155322.html
[2026-06-27 23:13:22] [TASK_2] [WARNING] Missing required fields in article: https://vir.com.vn/vietnam-not-in-msci-upgrade-watchlist-despite-capital-market-progress-155395.html
[2026-06-27 23:13:22] [TASK_2] [WARNING] Missing required fields in article: https://vir.com.vn/vifc-set-to-raise-the-bar-for-ho-chi-minh-citys-office-market-155144.html
[2026-06-27 23:13:22] [TASK_2] [WARNING] Missing required fields in article: https://baodautu.vn/phat-hien-hon-2000-vu-co-dau-hieu-xam-pham-quyen-so-huu-tri-tue-sau-1-thang-cao-diem-d626183.html
[2026-06-27 23:13:22] [TASK_2] [WARNING] Missing required fields in article: https://baodautu.vn/khoi-to-3-doi-tuong-rua-tien-thue-cho-duong-day-lua-dao-d626143.html
[2026-06-27 23:13:22] [TASK_2] [WARNING] Missing required fields in article: https://baodautu.vn/hon-10000-tan-chan-ga-ban-tuon-ra-thi-truong-d623796.html
[2026-06-27 23:13:22] [TASK_2] [WARNING] Missing required fields in article: https://baodautu.vn/lan-toa-thong-diep-dia-ban-khong-ma-tuy-tai-vung-bien-d623098.html
[2026-06-27 23:13:22] [TASK_2] [WARNING] Missing required fields in article: https://baodautu.vn/danh-sach-doanh-nghiep-lien-quan-vu-an-mua-ban-chuyen-nhuong-ky-nghi-du-lich-d623034.html
[2026-06-27 23:13:22] [TASK_2] [WARNING] Missing required fields in article: https://www.tinnhanhchungkhoan.vn/nhung-diem-moi-dang-chu-y-tai-nghi-dinh-moi-ve-trai-phieu-doanh-nghiep-rieng-le-post392699.html
[2026-06-27 23:13:22] [TASK_2] [WARNING] Missing required fields in article: https://www.tinnhanhchungkhoan.vn/hnx-ky-ket-bien-ban-phoi-hop-hoan-thien-ha-tang-van-hanh-san-giao-dich-cac-bon-post392851.html
[2026-06-27 23:13:22] [TASK_2] [WARNING] Missing required fields in article: https://www.tinnhanhchungkhoan.vn/chung-khoan-hoa-de-goi-von-dau-tu-nha-cho-thue-post392457.html
[2026-06-27 23:13:22] [TASK_2] [WARNING] Missing required fields in article: https://www.tinnhanhchungkhoan.vn/bao-chi-va-du-lieu-minh-bach-nen-tang-cua-niem-tin-thi-truong-post392386.html
[2026-06-27 23:13:22] [TASK_2] [WARNING] Missing required fields in article: https://www.tinnhanhchungkhoan.vn/bao-chi-tai-chinh-va-su-menh-bao-ve-niem-tin-thi-truong-post392307.html
[2026-06-27 23:13:22] [TASK_2] [WARNING] Missing required fields in article: https://www.tinnhanhchungkhoan.vn/bao-dau-tu-so-49-50-post392804.html
[2026-06-27 23:13:22] [TASK_2] [WARNING] Missing required fields in article: https://www.tinnhanhchungkhoan.vn/vietnam-investment-review-so-1810-post392791.html
[2026-06-27 23:13:22] [TASK_2] [WARNING] Missing required fields in article: https://www.tinnhanhchungkhoan.vn/bao-dau-tu-chung-khoan-so-25-post392730.html
[2026-06-27 23:13:22] [TASK_2] [WARNING] Missing required fields in article: https://www.tinnhanhchungkhoan.vn/bhh-ngay-gdkhq-tra-co-tuc-nam-2025-bang-tien-7-post392773.html
[2026-06-27 23:13:22] [TASK_2] [WARNING] Missing required fields in article: https://www.tinnhanhchungkhoan.vn/cmd-ngay-gdkhq-tam-ung-co-tuc-dot-1-nam-2026-bang-tien-10-post392786.html
[2026-06-27 23:13:22] [TASK_2] [WARNING] Missing required fields in article: https://www.tinnhanhchungkhoan.vn/vbc-ngay-gdkhq-tra-co-tuc-nam-2025-bang-tien-18-post392792.html
[2026-06-27 23:13:22] [TASK_2] [WARNING] Missing required fields in article: https://www.tinnhanhchungkhoan.vn/ccl-ngay-gdkhq-tra-co-tuc-nam-2025-bang-co-phieu-101-post392793.html
[2026-06-27 23:13:22] [TASK_2] [WARNING] Missing required fields in article: https://www.tinnhanhchungkhoan.vn/htc-ngay-gdkhq-tam-ung-co-tuc-dot-1-nam-2026-bang-tien-3-post392798.html
[2026-06-27 23:13:22] [TASK_2] [WARNING] Missing required fields in article: https://www.tinnhanhchungkhoan.vn/khp-ngay-gdkhq-tra-co-tuc-nam-2025-bang-tien-5-post392799.html
[2026-06-27 23:13:22] [TASK_2] [WARNING] Missing required fields in article: https://www.tinnhanhchungkhoan.vn/vnp-ngay-gdkhq-tra-co-tuc-nam-2025-bang-tien-8-post392802.html
[2026-06-27 23:13:22] [TASK_2] [WARNING] Missing required fields in article: https://www.tinnhanhchungkhoan.vn/ijc-ngay-gdkhq-tra-co-tuc-bang-tien-nam-2025-5-post392811.html
[2026-06-27 23:13:22] [TASK_2] [WARNING] Missing required fields in article: https://www.tinnhanhchungkhoan.vn/vpw-ngay-gdkhq-tra-co-tuc-nam-2025-bang-tien-202-post392781.html
[2026-06-27 23:13:22] [TASK_2] [WARNING] Missing required fields in article: https://www.tinnhanhchungkhoan.vn/ocb-ngay-gdkhq-nhan-co-phieu-tang-von-tu-nguon-von-chu-so-huu-10015-post392785.html
[2026-06-27 23:13:22] [TASK_2] [WARNING] Missing required fields in article: https://www.tinnhanhchungkhoan.vn/sed-ngay-gdkhq-tra-co-tuc-nam-2025-bang-tien-15-post392806.html
[2026-06-27 23:13:22] [TASK_2] [WARNING] Missing required fields in article: https://www.tinnhanhchungkhoan.vn/ads-ngay-gdkhq-tra-co-tuc-nam-2025-bang-tien-10-post392795.html
[2026-06-27 23:13:22] [TASK_2] [WARNING] Missing required fields in article: https://www.tinnhanhchungkhoan.vn/png-ngay-gdkhq-tra-co-tuc-nam-2025-bang-tien-10-post392803.html
[2026-06-27 23:13:22] [TASK_2] [WARNING] Missing required fields in article: https://www.tinnhanhchungkhoan.vn/clc-ngay-gdkhq-tra-co-tuc-dot-cuoi-nam-2025-bang-tien-25-post392805.html
[2026-06-27 23:13:22] [TASK_2] [WARNING] Missing required fields in article: https://www.tinnhanhchungkhoan.vn/tvt-ngay-gdkhq-tra-co-tuc-dot-cuoi-nam-2025-bang-tien-10-post392774.html
[2026-06-27 23:13:22] [TASK_2] [WARNING] Missing required fields in article: https://www.tinnhanhchungkhoan.vn/ibd-ngay-gdkhq-tra-co-tuc-nam-2025-bang-tien-5-post392777.html
[2026-06-27 23:13:22] [TASK_2] [WARNING] Missing required fields in article: https://www.tinnhanhchungkhoan.vn/adp-ngay-gdkhq-tra-co-tuc-dot-1-nam-2026-bang-tien-7-post392775.html
[2026-06-27 23:13:22] [TASK_2] [WARNING] Missing required fields in article: https://www.tinnhanhchungkhoan.vn/ctr-ngay-gdkhq-tra-co-tuc-nam-2025-bang-tien-15-va-co-phieu-10012-post392778.html
[2026-06-27 23:13:22] [TASK_2] [WARNING] Missing required fields in article: https://www.tinnhanhchungkhoan.vn/tmp-ngay-gdkhq-tra-co-tuc-con-lai-nam-2025-bang-tien-20-post392790.html
[2026-06-27 23:13:22] [TASK_2] [WARNING] Missing required fields in article: https://www.tinnhanhchungkhoan.vn/fhs-ngay-gdkhq-tam-ung-co-tuc-dot-1-nam-2026-bang-tien-8-va-co-phieu-tang-von-104-post392789.html
[2026-06-27 23:13:22] [TASK_2] [WARNING] Missing required fields in article: https://www.tinnhanhchungkhoan.vn/tku-ngay-gdkhq-tra-co-tuc-nam-2025-bang-tien-5-post392808.html
[2026-06-27 23:13:22] [TASK_2] [WARNING] Missing required fields in article: https://www.tinnhanhchungkhoan.vn/nth-ngay-gdkhq-tam-ung-co-tuc-lan-1-nam-2026-bang-tien-15-post392809.html
[2026-06-27 23:13:22] [TASK_2] [WARNING] Missing required fields in article: https://www.tinnhanhchungkhoan.vn/nbc-ngay-gdkhq-tra-co-tuc-nam-2025-bang-tien-6-post392783.html
[2026-06-27 23:13:22] [TASK_2] [WARNING] Request failed for https://tinnhanhchungkhoan.vn/chung-khoan/page/2/ (attempt 1/3): 404 Client Error: Not Found for url: https://www.tinnhanhchungkhoan.vn/404
[2026-06-27 23:13:22] [TASK_2] [INFO] Retrying in 1s…
[2026-06-27 23:13:24] [TASK_2] [WARNING] Request failed for https://tinnhanhchungkhoan.vn/chung-khoan/page/2/ (attempt 2/3): 404 Client Error: Not Found for url: https://www.tinnhanhchungkhoan.vn/404
[2026-06-27 23:13:24] [TASK_2] [INFO] Retrying in 2s…
[2026-06-27 23:13:26] [TASK_2] [WARNING] Request failed for https://tinnhanhchungkhoan.vn/chung-khoan/page/2/ (attempt 3/3): 404 Client Error: Not Found for url: https://www.tinnhanhchungkhoan.vn/404
[2026-06-27 23:13:26] [TASK_2] [ERROR] All 3 attempts failed for https://tinnhanhchungkhoan.vn/chung-khoan/page/2/. Skipping.
[2026-06-27 23:13:26] [TASK_2] [WARNING] Failed to fetch TNCK category page 2: https://tinnhanhchungkhoan.vn/chung-khoan/page/2/. Stopping pagination.
[2026-06-27 23:13:26] [TASK_2] [INFO] TNCK category 'chung-khoan': 42 new articles
[2026-06-27 23:13:38] [TASK_2] [WARNING] Request failed for https://tinnhanhchungkhoan.vn/doanh-nghiep/ (attempt 1/3): ('Connection aborted.', RemoteDisconnected('Remote end closed connection without response'))
[2026-06-27 23:13:38] [TASK_2] [INFO] Retrying in 1s…
[2026-06-27 23:13:39] [TASK_2] [WARNING] Missing required fields in article: https://vir.com.vn/us-giant-coherent-expands-business-in-vietnam-155424.html
[2026-06-27 23:13:39] [TASK_2] [WARNING] Missing required fields in article: https://vir.com.vn/scg-presents-low-carbon-cement-innovations-at-cemtech-asia-2026-in-net-zero-push-155471.html
[2026-06-27 23:13:39] [TASK_2] [WARNING] Missing required fields in article: https://vir.com.vn/msci-highlights-reform-gains-while-flagging-barriers-in-vietnams-stock-market-155141.html
[2026-06-27 23:13:39] [TASK_2] [WARNING] Missing required fields in article: https://vir.com.vn/sunasia-energy-vinenergo-launch-solar-on-water-portfolio-in-the-philippines-155322.html
[2026-06-27 23:13:39] [TASK_2] [WARNING] Missing required fields in article: https://vir.com.vn/vietnam-not-in-msci-upgrade-watchlist-despite-capital-market-progress-155395.html
[2026-06-27 23:13:39] [TASK_2] [WARNING] Missing required fields in article: https://vir.com.vn/vifc-set-to-raise-the-bar-for-ho-chi-minh-citys-office-market-155144.html
[2026-06-27 23:13:39] [TASK_2] [WARNING] Missing required fields in article: https://baodautu.vn/phat-hien-hon-2000-vu-co-dau-hieu-xam-pham-quyen-so-huu-tri-tue-sau-1-thang-cao-diem-d626183.html
[2026-06-27 23:13:39] [TASK_2] [WARNING] Missing required fields in article: https://baodautu.vn/khoi-to-3-doi-tuong-rua-tien-thue-cho-duong-day-lua-dao-d626143.html
[2026-06-27 23:13:39] [TASK_2] [WARNING] Missing required fields in article: https://baodautu.vn/hon-10000-tan-chan-ga-ban-tuon-ra-thi-truong-d623796.html
[2026-06-27 23:13:39] [TASK_2] [WARNING] Missing required fields in article: https://baodautu.vn/lan-toa-thong-diep-dia-ban-khong-ma-tuy-tai-vung-bien-d623098.html
[2026-06-27 23:13:39] [TASK_2] [WARNING] Missing required fields in article: https://baodautu.vn/danh-sach-doanh-nghiep-lien-quan-vu-an-mua-ban-chuyen-nhuong-ky-nghi-du-lich-d623034.html
[2026-06-27 23:13:39] [TASK_2] [WARNING] Missing required fields in article: https://www.tinnhanhchungkhoan.vn/bao-dau-tu-so-49-50-post392804.html
[2026-06-27 23:13:39] [TASK_2] [WARNING] Missing required fields in article: https://www.tinnhanhchungkhoan.vn/vietnam-investment-review-so-1810-post392791.html
[2026-06-27 23:13:39] [TASK_2] [WARNING] Missing required fields in article: https://www.tinnhanhchungkhoan.vn/bao-dau-tu-chung-khoan-so-25-post392730.html
[2026-06-27 23:13:39] [TASK_2] [WARNING] Missing required fields in article: https://www.tinnhanhchungkhoan.vn/bhh-ngay-gdkhq-tra-co-tuc-nam-2025-bang-tien-7-post392773.html
[2026-06-27 23:13:39] [TASK_2] [WARNING] Missing required fields in article: https://www.tinnhanhchungkhoan.vn/cmd-ngay-gdkhq-tam-ung-co-tuc-dot-1-nam-2026-bang-tien-10-post392786.html
[2026-06-27 23:13:39] [TASK_2] [WARNING] Missing required fields in article: https://www.tinnhanhchungkhoan.vn/vbc-ngay-gdkhq-tra-co-tuc-nam-2025-bang-tien-18-post392792.html
[2026-06-27 23:13:39] [TASK_2] [WARNING] Missing required fields in article: https://www.tinnhanhchungkhoan.vn/ccl-ngay-gdkhq-tra-co-tuc-nam-2025-bang-co-phieu-101-post392793.html
[2026-06-27 23:13:39] [TASK_2] [WARNING] Missing required fields in article: https://www.tinnhanhchungkhoan.vn/htc-ngay-gdkhq-tam-ung-co-tuc-dot-1-nam-2026-bang-tien-3-post392798.html
[2026-06-27 23:13:39] [TASK_2] [WARNING] Missing required fields in article: https://www.tinnhanhchungkhoan.vn/khp-ngay-gdkhq-tra-co-tuc-nam-2025-bang-tien-5-post392799.html
[2026-06-27 23:13:39] [TASK_2] [WARNING] Missing required fields in article: https://www.tinnhanhchungkhoan.vn/vnp-ngay-gdkhq-tra-co-tuc-nam-2025-bang-tien-8-post392802.html
[2026-06-27 23:13:39] [TASK_2] [WARNING] Missing required fields in article: https://www.tinnhanhchungkhoan.vn/ijc-ngay-gdkhq-tra-co-tuc-bang-tien-nam-2025-5-post392811.html
[2026-06-27 23:13:39] [TASK_2] [WARNING] Missing required fields in article: https://www.tinnhanhchungkhoan.vn/vpw-ngay-gdkhq-tra-co-tuc-nam-2025-bang-tien-202-post392781.html
[2026-06-27 23:13:39] [TASK_2] [WARNING] Missing required fields in article: https://www.tinnhanhchungkhoan.vn/ocb-ngay-gdkhq-nhan-co-phieu-tang-von-tu-nguon-von-chu-so-huu-10015-post392785.html
[2026-06-27 23:13:39] [TASK_2] [WARNING] Missing required fields in article: https://www.tinnhanhchungkhoan.vn/sed-ngay-gdkhq-tra-co-tuc-nam-2025-bang-tien-15-post392806.html
[2026-06-27 23:13:39] [TASK_2] [WARNING] Missing required fields in article: https://www.tinnhanhchungkhoan.vn/ads-ngay-gdkhq-tra-co-tuc-nam-2025-bang-tien-10-post392795.html
[2026-06-27 23:13:39] [TASK_2] [WARNING] Missing required fields in article: https://www.tinnhanhchungkhoan.vn/png-ngay-gdkhq-tra-co-tuc-nam-2025-bang-tien-10-post392803.html
[2026-06-27 23:13:39] [TASK_2] [WARNING] Missing required fields in article: https://www.tinnhanhchungkhoan.vn/clc-ngay-gdkhq-tra-co-tuc-dot-cuoi-nam-2025-bang-tien-25-post392805.html
[2026-06-27 23:13:39] [TASK_2] [WARNING] Missing required fields in article: https://www.tinnhanhchungkhoan.vn/tvt-ngay-gdkhq-tra-co-tuc-dot-cuoi-nam-2025-bang-tien-10-post392774.html
[2026-06-27 23:13:39] [TASK_2] [WARNING] Missing required fields in article: https://www.tinnhanhchungkhoan.vn/ibd-ngay-gdkhq-tra-co-tuc-nam-2025-bang-tien-5-post392777.html
[2026-06-27 23:13:39] [TASK_2] [WARNING] Missing required fields in article: https://www.tinnhanhchungkhoan.vn/adp-ngay-gdkhq-tra-co-tuc-dot-1-nam-2026-bang-tien-7-post392775.html
[2026-06-27 23:13:39] [TASK_2] [WARNING] Missing required fields in article: https://www.tinnhanhchungkhoan.vn/ctr-ngay-gdkhq-tra-co-tuc-nam-2025-bang-tien-15-va-co-phieu-10012-post392778.html
[2026-06-27 23:13:39] [TASK_2] [WARNING] Missing required fields in article: https://www.tinnhanhchungkhoan.vn/tmp-ngay-gdkhq-tra-co-tuc-con-lai-nam-2025-bang-tien-20-post392790.html
[2026-06-27 23:13:39] [TASK_2] [WARNING] Missing required fields in article: https://www.tinnhanhchungkhoan.vn/fhs-ngay-gdkhq-tam-ung-co-tuc-dot-1-nam-2026-bang-tien-8-va-co-phieu-tang-von-104-post392789.html
[2026-06-27 23:13:39] [TASK_2] [WARNING] Missing required fields in article: https://www.tinnhanhchungkhoan.vn/tku-ngay-gdkhq-tra-co-tuc-nam-2025-bang-tien-5-post392808.html
[2026-06-27 23:13:39] [TASK_2] [WARNING] Missing required fields in article: https://www.tinnhanhchungkhoan.vn/nth-ngay-gdkhq-tam-ung-co-tuc-lan-1-nam-2026-bang-tien-15-post392809.html
[2026-06-27 23:13:39] [TASK_2] [WARNING] Missing required fields in article: https://www.tinnhanhchungkhoan.vn/nbc-ngay-gdkhq-tra-co-tuc-nam-2025-bang-tien-6-post392783.html
[2026-06-27 23:13:40] [TASK_2] [WARNING] Request failed for https://tinnhanhchungkhoan.vn/doanh-nghiep/page/2/ (attempt 1/3): 404 Client Error: Not Found for url: https://www.tinnhanhchungkhoan.vn/404
[2026-06-27 23:13:40] [TASK_2] [INFO] Retrying in 1s…
[2026-06-27 23:13:42] [TASK_2] [WARNING] Request failed for https://tinnhanhchungkhoan.vn/doanh-nghiep/page/2/ (attempt 2/3): 404 Client Error: Not Found for url: https://www.tinnhanhchungkhoan.vn/404
[2026-06-27 23:13:42] [TASK_2] [INFO] Retrying in 2s…
[2026-06-27 23:13:44] [TASK_2] [WARNING] Request failed for https://tinnhanhchungkhoan.vn/doanh-nghiep/page/2/ (attempt 3/3): 404 Client Error: Not Found for url: https://www.tinnhanhchungkhoan.vn/404
[2026-06-27 23:13:44] [TASK_2] [ERROR] All 3 attempts failed for https://tinnhanhchungkhoan.vn/doanh-nghiep/page/2/. Skipping.
[2026-06-27 23:13:44] [TASK_2] [WARNING] Failed to fetch TNCK category page 2: https://tinnhanhchungkhoan.vn/doanh-nghiep/page/2/. Stopping pagination.
[2026-06-27 23:13:44] [TASK_2] [INFO] TNCK category 'doanh-nghiep': 46 new articles
[2026-06-27 23:13:45] [TASK_2] [WARNING] Missing required fields in article: https://vir.com.vn/us-giant-coherent-expands-business-in-vietnam-155424.html
[2026-06-27 23:13:45] [TASK_2] [WARNING] Missing required fields in article: https://vir.com.vn/scg-presents-low-carbon-cement-innovations-at-cemtech-asia-2026-in-net-zero-push-155471.html
[2026-06-27 23:13:45] [TASK_2] [WARNING] Missing required fields in article: https://vir.com.vn/msci-highlights-reform-gains-while-flagging-barriers-in-vietnams-stock-market-155141.html
[2026-06-27 23:13:45] [TASK_2] [WARNING] Missing required fields in article: https://vir.com.vn/sunasia-energy-vinenergo-launch-solar-on-water-portfolio-in-the-philippines-155322.html
[2026-06-27 23:13:45] [TASK_2] [WARNING] Missing required fields in article: https://vir.com.vn/vietnam-not-in-msci-upgrade-watchlist-despite-capital-market-progress-155395.html
[2026-06-27 23:13:45] [TASK_2] [WARNING] Missing required fields in article: https://vir.com.vn/vifc-set-to-raise-the-bar-for-ho-chi-minh-citys-office-market-155144.html
[2026-06-27 23:13:45] [TASK_2] [WARNING] Missing required fields in article: https://baodautu.vn/phat-hien-hon-2000-vu-co-dau-hieu-xam-pham-quyen-so-huu-tri-tue-sau-1-thang-cao-diem-d626183.html
[2026-06-27 23:13:45] [TASK_2] [WARNING] Missing required fields in article: https://baodautu.vn/khoi-to-3-doi-tuong-rua-tien-thue-cho-duong-day-lua-dao-d626143.html
[2026-06-27 23:13:45] [TASK_2] [WARNING] Missing required fields in article: https://baodautu.vn/hon-10000-tan-chan-ga-ban-tuon-ra-thi-truong-d623796.html
[2026-06-27 23:13:45] [TASK_2] [WARNING] Missing required fields in article: https://baodautu.vn/lan-toa-thong-diep-dia-ban-khong-ma-tuy-tai-vung-bien-d623098.html
[2026-06-27 23:13:45] [TASK_2] [WARNING] Missing required fields in article: https://baodautu.vn/danh-sach-doanh-nghiep-lien-quan-vu-an-mua-ban-chuyen-nhuong-ky-nghi-du-lich-d623034.html
[2026-06-27 23:13:45] [TASK_2] [WARNING] Missing required fields in article: https://www.tinnhanhchungkhoan.vn/sua-quy-dinh-ve-dia-ban-hoat-dong-hai-quan-de-dap-ung-yeu-cau-quan-ly-moi-post392978.html
[2026-06-27 23:13:45] [TASK_2] [WARNING] Missing required fields in article: https://www.tinnhanhchungkhoan.vn/hai-quan-viet-nam-hoa-ky-hop-tac-chia-se-du-lieu-dien-tu-hang-hoa-post392979.html
[2026-06-27 23:13:45] [TASK_2] [WARNING] Missing required fields in article: https://www.tinnhanhchungkhoan.vn/thue-mo-duong-cho-thi-truong-tai-san-ma-hoa-post392745.html
[2026-06-27 23:13:45] [TASK_2] [WARNING] Missing required fields in article: https://www.tinnhanhchungkhoan.vn/gia-vang-hom-nay-ngay-276-vang-tang-vot-15-trieu-dongluong-post393032.html
[2026-06-27 23:13:45] [TASK_2] [WARNING] Missing required fields in article: https://www.tinnhanhchungkhoan.vn/nhung-luc-do-cho-tien-dong-post392756.html
[2026-06-27 23:13:45] [TASK_2] [WARNING] Missing required fields in article: https://www.tinnhanhchungkhoan.vn/gia-vang-hom-nay-ngay-266-vang-hoi-phuc-sau-4-phien-ban-thao-post393001.html
[2026-06-27 23:13:45] [TASK_2] [WARNING] Missing required fields in article: https://www.tinnhanhchungkhoan.vn/dong-von-bao-hiem-tu-dam-bao-an-sinh-xa-hoi-den-gop-phan-tang-truong-gdp-post392966.html
[2026-06-27 23:13:45] [TASK_2] [WARNING] Missing required fields in article: https://www.tinnhanhchungkhoan.vn/doanh-thu-phi-bao-hiem-phi-nhan-tho-tang-truong-hon-15-trong-5-thang-dau-nam-2026-post392956.html
[2026-06-27 23:13:45] [TASK_2] [WARNING] Missing required fields in article: https://www.tinnhanhchungkhoan.vn/bic-bao-hiem-toan-dien-cho-tai-san-va-doi-ngu-nhan-su-cua-innovation-tuong-lai-viet-nam-post392915.html
[2026-06-27 23:13:45] [TASK_2] [WARNING] Missing required fields in article: https://www.tinnhanhchungkhoan.vn/tang-luong-co-so-len-2530000-dongthang-tu-172026-post390592.html
[2026-06-27 23:13:45] [TASK_2] [WARNING] Missing required fields in article: https://www.tinnhanhchungkhoan.vn/bo-noi-vu-ly-giai-phuong-an-tang-luong-huu-45-cong-200000-dong-tu-17-post387052.html
[2026-06-27 23:13:45] [TASK_2] [WARNING] Missing required fields in article: https://www.tinnhanhchungkhoan.vn/de-xuat-tang-luong-huu-tu-17-theo-huong-uu-tien-nguoi-huong-thap-post386996.html
[2026-06-27 23:13:45] [TASK_2] [WARNING] Missing required fields in article: https://www.tinnhanhchungkhoan.vn/tai-chinh-toan-dien-sang-trang-moi-post392757.html
[2026-06-27 23:13:45] [TASK_2] [WARNING] Missing required fields in article: https://www.tinnhanhchungkhoan.vn/tin-dung-tieu-dung-thich-nghi-voi-khau-vi-moi-post392554.html
[2026-06-27 23:13:45] [TASK_2] [WARNING] Missing required fields in article: https://www.tinnhanhchungkhoan.vn/ngan-hang-bo-loc-esg-cua-nen-kinh-te-post392100.html
[2026-06-27 23:13:45] [TASK_2] [WARNING] Missing required fields in article: https://www.tinnhanhchungkhoan.vn/khi-dich-vu-tai-chinh-hoa-cung-nghe-thuat-va-phong-cach-song-post392469.html
[2026-06-27 23:13:45] [TASK_2] [WARNING] Missing required fields in article: https://www.tinnhanhchungkhoan.vn/bao-dau-tu-so-49-50-post392804.html
[2026-06-27 23:13:45] [TASK_2] [WARNING] Missing required fields in article: https://www.tinnhanhchungkhoan.vn/vietnam-investment-review-so-1810-post392791.html
[2026-06-27 23:13:45] [TASK_2] [WARNING] Missing required fields in article: https://www.tinnhanhchungkhoan.vn/bao-dau-tu-chung-khoan-so-25-post392730.html
[2026-06-27 23:13:45] [TASK_2] [WARNING] Missing required fields in article: https://www.tinnhanhchungkhoan.vn/bhh-ngay-gdkhq-tra-co-tuc-nam-2025-bang-tien-7-post392773.html
[2026-06-27 23:13:45] [TASK_2] [WARNING] Missing required fields in article: https://www.tinnhanhchungkhoan.vn/cmd-ngay-gdkhq-tam-ung-co-tuc-dot-1-nam-2026-bang-tien-10-post392786.html
[2026-06-27 23:13:45] [TASK_2] [WARNING] Missing required fields in article: https://www.tinnhanhchungkhoan.vn/vbc-ngay-gdkhq-tra-co-tuc-nam-2025-bang-tien-18-post392792.html
[2026-06-27 23:13:45] [TASK_2] [WARNING] Missing required fields in article: https://www.tinnhanhchungkhoan.vn/ccl-ngay-gdkhq-tra-co-tuc-nam-2025-bang-co-phieu-101-post392793.html
[2026-06-27 23:13:45] [TASK_2] [WARNING] Missing required fields in article: https://www.tinnhanhchungkhoan.vn/htc-ngay-gdkhq-tam-ung-co-tuc-dot-1-nam-2026-bang-tien-3-post392798.html
[2026-06-27 23:13:45] [TASK_2] [WARNING] Missing required fields in article: https://www.tinnhanhchungkhoan.vn/khp-ngay-gdkhq-tra-co-tuc-nam-2025-bang-tien-5-post392799.html
[2026-06-27 23:13:45] [TASK_2] [WARNING] Missing required fields in article: https://www.tinnhanhchungkhoan.vn/vnp-ngay-gdkhq-tra-co-tuc-nam-2025-bang-tien-8-post392802.html
[2026-06-27 23:13:45] [TASK_2] [WARNING] Missing required fields in article: https://www.tinnhanhchungkhoan.vn/ijc-ngay-gdkhq-tra-co-tuc-bang-tien-nam-2025-5-post392811.html
[2026-06-27 23:13:45] [TASK_2] [WARNING] Missing required fields in article: https://www.tinnhanhchungkhoan.vn/vpw-ngay-gdkhq-tra-co-tuc-nam-2025-bang-tien-202-post392781.html
[2026-06-27 23:13:45] [TASK_2] [WARNING] Missing required fields in article: https://www.tinnhanhchungkhoan.vn/ocb-ngay-gdkhq-nhan-co-phieu-tang-von-tu-nguon-von-chu-so-huu-10015-post392785.html
[2026-06-27 23:13:45] [TASK_2] [WARNING] Missing required fields in article: https://www.tinnhanhchungkhoan.vn/sed-ngay-gdkhq-tra-co-tuc-nam-2025-bang-tien-15-post392806.html
[2026-06-27 23:13:45] [TASK_2] [WARNING] Missing required fields in article: https://www.tinnhanhchungkhoan.vn/ads-ngay-gdkhq-tra-co-tuc-nam-2025-bang-tien-10-post392795.html
[2026-06-27 23:13:45] [TASK_2] [WARNING] Missing required fields in article: https://www.tinnhanhchungkhoan.vn/png-ngay-gdkhq-tra-co-tuc-nam-2025-bang-tien-10-post392803.html
[2026-06-27 23:13:45] [TASK_2] [WARNING] Missing required fields in article: https://www.tinnhanhchungkhoan.vn/clc-ngay-gdkhq-tra-co-tuc-dot-cuoi-nam-2025-bang-tien-25-post392805.html
[2026-06-27 23:13:45] [TASK_2] [WARNING] Missing required fields in article: https://www.tinnhanhchungkhoan.vn/tvt-ngay-gdkhq-tra-co-tuc-dot-cuoi-nam-2025-bang-tien-10-post392774.html
[2026-06-27 23:13:45] [TASK_2] [WARNING] Missing required fields in article: https://www.tinnhanhchungkhoan.vn/ibd-ngay-gdkhq-tra-co-tuc-nam-2025-bang-tien-5-post392777.html
[2026-06-27 23:13:45] [TASK_2] [WARNING] Missing required fields in article: https://www.tinnhanhchungkhoan.vn/adp-ngay-gdkhq-tra-co-tuc-dot-1-nam-2026-bang-tien-7-post392775.html
[2026-06-27 23:13:45] [TASK_2] [WARNING] Missing required fields in article: https://www.tinnhanhchungkhoan.vn/ctr-ngay-gdkhq-tra-co-tuc-nam-2025-bang-tien-15-va-co-phieu-10012-post392778.html
[2026-06-27 23:13:45] [TASK_2] [WARNING] Missing required fields in article: https://www.tinnhanhchungkhoan.vn/tmp-ngay-gdkhq-tra-co-tuc-con-lai-nam-2025-bang-tien-20-post392790.html
[2026-06-27 23:13:45] [TASK_2] [WARNING] Missing required fields in article: https://www.tinnhanhchungkhoan.vn/fhs-ngay-gdkhq-tam-ung-co-tuc-dot-1-nam-2026-bang-tien-8-va-co-phieu-tang-von-104-post392789.html
[2026-06-27 23:13:45] [TASK_2] [WARNING] Missing required fields in article: https://www.tinnhanhchungkhoan.vn/tku-ngay-gdkhq-tra-co-tuc-nam-2025-bang-tien-5-post392808.html
[2026-06-27 23:13:45] [TASK_2] [WARNING] Missing required fields in article: https://www.tinnhanhchungkhoan.vn/nth-ngay-gdkhq-tam-ung-co-tuc-lan-1-nam-2026-bang-tien-15-post392809.html
[2026-06-27 23:13:45] [TASK_2] [WARNING] Missing required fields in article: https://www.tinnhanhchungkhoan.vn/nbc-ngay-gdkhq-tra-co-tuc-nam-2025-bang-tien-6-post392783.html
[2026-06-27 23:13:46] [TASK_2] [WARNING] Request failed for https://tinnhanhchungkhoan.vn/ngan-hang/page/2/ (attempt 1/3): 404 Client Error: Not Found for url: https://www.tinnhanhchungkhoan.vn/404
[2026-06-27 23:13:46] [TASK_2] [INFO] Retrying in 1s…
[2026-06-27 23:13:47] [TASK_2] [WARNING] Request failed for https://tinnhanhchungkhoan.vn/ngan-hang/page/2/ (attempt 2/3): 404 Client Error: Not Found for url: https://www.tinnhanhchungkhoan.vn/404
[2026-06-27 23:13:47] [TASK_2] [INFO] Retrying in 2s…
[2026-06-27 23:13:49] [TASK_2] [WARNING] Request failed for https://tinnhanhchungkhoan.vn/ngan-hang/page/2/ (attempt 3/3): 404 Client Error: Not Found for url: https://www.tinnhanhchungkhoan.vn/404
[2026-06-27 23:13:49] [TASK_2] [ERROR] All 3 attempts failed for https://tinnhanhchungkhoan.vn/ngan-hang/page/2/. Skipping.
[2026-06-27 23:13:49] [TASK_2] [WARNING] Failed to fetch TNCK category page 2: https://tinnhanhchungkhoan.vn/ngan-hang/page/2/. Stopping pagination.
[2026-06-27 23:13:49] [TASK_2] [INFO] TNCK category 'ngan-hang': 41 new articles
[2026-06-27 23:13:50] [TASK_2] [WARNING] Missing required fields in article: https://vir.com.vn/us-giant-coherent-expands-business-in-vietnam-155424.html
[2026-06-27 23:13:50] [TASK_2] [WARNING] Missing required fields in article: https://vir.com.vn/scg-presents-low-carbon-cement-innovations-at-cemtech-asia-2026-in-net-zero-push-155471.html
[2026-06-27 23:13:50] [TASK_2] [WARNING] Missing required fields in article: https://vir.com.vn/msci-highlights-reform-gains-while-flagging-barriers-in-vietnams-stock-market-155141.html
[2026-06-27 23:13:50] [TASK_2] [WARNING] Missing required fields in article: https://vir.com.vn/sunasia-energy-vinenergo-launch-solar-on-water-portfolio-in-the-philippines-155322.html
[2026-06-27 23:13:50] [TASK_2] [WARNING] Missing required fields in article: https://vir.com.vn/vietnam-not-in-msci-upgrade-watchlist-despite-capital-market-progress-155395.html
[2026-06-27 23:13:50] [TASK_2] [WARNING] Missing required fields in article: https://vir.com.vn/vifc-set-to-raise-the-bar-for-ho-chi-minh-citys-office-market-155144.html
[2026-06-27 23:13:50] [TASK_2] [WARNING] Missing required fields in article: https://baodautu.vn/phat-hien-hon-2000-vu-co-dau-hieu-xam-pham-quyen-so-huu-tri-tue-sau-1-thang-cao-diem-d626183.html
[2026-06-27 23:13:50] [TASK_2] [WARNING] Missing required fields in article: https://baodautu.vn/khoi-to-3-doi-tuong-rua-tien-thue-cho-duong-day-lua-dao-d626143.html
[2026-06-27 23:13:50] [TASK_2] [WARNING] Missing required fields in article: https://baodautu.vn/hon-10000-tan-chan-ga-ban-tuon-ra-thi-truong-d623796.html
[2026-06-27 23:13:50] [TASK_2] [WARNING] Missing required fields in article: https://baodautu.vn/lan-toa-thong-diep-dia-ban-khong-ma-tuy-tai-vung-bien-d623098.html
[2026-06-27 23:13:50] [TASK_2] [WARNING] Missing required fields in article: https://baodautu.vn/danh-sach-doanh-nghiep-lien-quan-vu-an-mua-ban-chuyen-nhuong-ky-nghi-du-lich-d623034.html
[2026-06-27 23:13:50] [TASK_2] [WARNING] Missing required fields in article: https://www.tinnhanhchungkhoan.vn/bao-dau-tu-so-49-50-post392804.html
[2026-06-27 23:13:50] [TASK_2] [WARNING] Missing required fields in article: https://www.tinnhanhchungkhoan.vn/vietnam-investment-review-so-1810-post392791.html
[2026-06-27 23:13:50] [TASK_2] [WARNING] Missing required fields in article: https://www.tinnhanhchungkhoan.vn/bao-dau-tu-chung-khoan-so-25-post392730.html
[2026-06-27 23:13:50] [TASK_2] [WARNING] Missing required fields in article: https://www.tinnhanhchungkhoan.vn/bhh-ngay-gdkhq-tra-co-tuc-nam-2025-bang-tien-7-post392773.html
[2026-06-27 23:13:50] [TASK_2] [WARNING] Missing required fields in article: https://www.tinnhanhchungkhoan.vn/cmd-ngay-gdkhq-tam-ung-co-tuc-dot-1-nam-2026-bang-tien-10-post392786.html
[2026-06-27 23:13:50] [TASK_2] [WARNING] Missing required fields in article: https://www.tinnhanhchungkhoan.vn/vbc-ngay-gdkhq-tra-co-tuc-nam-2025-bang-tien-18-post392792.html
[2026-06-27 23:13:50] [TASK_2] [WARNING] Missing required fields in article: https://www.tinnhanhchungkhoan.vn/ccl-ngay-gdkhq-tra-co-tuc-nam-2025-bang-co-phieu-101-post392793.html
[2026-06-27 23:13:50] [TASK_2] [WARNING] Missing required fields in article: https://www.tinnhanhchungkhoan.vn/htc-ngay-gdkhq-tam-ung-co-tuc-dot-1-nam-2026-bang-tien-3-post392798.html
[2026-06-27 23:13:50] [TASK_2] [WARNING] Missing required fields in article: https://www.tinnhanhchungkhoan.vn/khp-ngay-gdkhq-tra-co-tuc-nam-2025-bang-tien-5-post392799.html
[2026-06-27 23:13:50] [TASK_2] [WARNING] Missing required fields in article: https://www.tinnhanhchungkhoan.vn/vnp-ngay-gdkhq-tra-co-tuc-nam-2025-bang-tien-8-post392802.html
[2026-06-27 23:13:50] [TASK_2] [WARNING] Missing required fields in article: https://www.tinnhanhchungkhoan.vn/ijc-ngay-gdkhq-tra-co-tuc-bang-tien-nam-2025-5-post392811.html
[2026-06-27 23:13:50] [TASK_2] [WARNING] Missing required fields in article: https://www.tinnhanhchungkhoan.vn/vpw-ngay-gdkhq-tra-co-tuc-nam-2025-bang-tien-202-post392781.html
[2026-06-27 23:13:50] [TASK_2] [WARNING] Missing required fields in article: https://www.tinnhanhchungkhoan.vn/ocb-ngay-gdkhq-nhan-co-phieu-tang-von-tu-nguon-von-chu-so-huu-10015-post392785.html
[2026-06-27 23:13:50] [TASK_2] [WARNING] Missing required fields in article: https://www.tinnhanhchungkhoan.vn/sed-ngay-gdkhq-tra-co-tuc-nam-2025-bang-tien-15-post392806.html
[2026-06-27 23:13:50] [TASK_2] [WARNING] Missing required fields in article: https://www.tinnhanhchungkhoan.vn/ads-ngay-gdkhq-tra-co-tuc-nam-2025-bang-tien-10-post392795.html
[2026-06-27 23:13:50] [TASK_2] [WARNING] Missing required fields in article: https://www.tinnhanhchungkhoan.vn/png-ngay-gdkhq-tra-co-tuc-nam-2025-bang-tien-10-post392803.html
[2026-06-27 23:13:50] [TASK_2] [WARNING] Missing required fields in article: https://www.tinnhanhchungkhoan.vn/clc-ngay-gdkhq-tra-co-tuc-dot-cuoi-nam-2025-bang-tien-25-post392805.html
[2026-06-27 23:13:50] [TASK_2] [WARNING] Missing required fields in article: https://www.tinnhanhchungkhoan.vn/tvt-ngay-gdkhq-tra-co-tuc-dot-cuoi-nam-2025-bang-tien-10-post392774.html
[2026-06-27 23:13:50] [TASK_2] [WARNING] Missing required fields in article: https://www.tinnhanhchungkhoan.vn/ibd-ngay-gdkhq-tra-co-tuc-nam-2025-bang-tien-5-post392777.html
[2026-06-27 23:13:50] [TASK_2] [WARNING] Missing required fields in article: https://www.tinnhanhchungkhoan.vn/adp-ngay-gdkhq-tra-co-tuc-dot-1-nam-2026-bang-tien-7-post392775.html
[2026-06-27 23:13:50] [TASK_2] [WARNING] Missing required fields in article: https://www.tinnhanhchungkhoan.vn/ctr-ngay-gdkhq-tra-co-tuc-nam-2025-bang-tien-15-va-co-phieu-10012-post392778.html
[2026-06-27 23:13:50] [TASK_2] [WARNING] Missing required fields in article: https://www.tinnhanhchungkhoan.vn/tmp-ngay-gdkhq-tra-co-tuc-con-lai-nam-2025-bang-tien-20-post392790.html
[2026-06-27 23:13:50] [TASK_2] [WARNING] Missing required fields in article: https://www.tinnhanhchungkhoan.vn/fhs-ngay-gdkhq-tam-ung-co-tuc-dot-1-nam-2026-bang-tien-8-va-co-phieu-tang-von-104-post392789.html
[2026-06-27 23:13:50] [TASK_2] [WARNING] Missing required fields in article: https://www.tinnhanhchungkhoan.vn/tku-ngay-gdkhq-tra-co-tuc-nam-2025-bang-tien-5-post392808.html
[2026-06-27 23:13:50] [TASK_2] [WARNING] Missing required fields in article: https://www.tinnhanhchungkhoan.vn/nth-ngay-gdkhq-tam-ung-co-tuc-lan-1-nam-2026-bang-tien-15-post392809.html
[2026-06-27 23:13:50] [TASK_2] [WARNING] Missing required fields in article: https://www.tinnhanhchungkhoan.vn/nbc-ngay-gdkhq-tra-co-tuc-nam-2025-bang-tien-6-post392783.html
[2026-06-27 23:13:51] [TASK_2] [WARNING] Request failed for https://tinnhanhchungkhoan.vn/bat-dong-san/page/2/ (attempt 1/3): 404 Client Error: Not Found for url: https://www.tinnhanhchungkhoan.vn/404
[2026-06-27 23:13:51] [TASK_2] [INFO] Retrying in 1s…
[2026-06-27 23:13:52] [TASK_2] [WARNING] Request failed for https://tinnhanhchungkhoan.vn/bat-dong-san/page/2/ (attempt 2/3): 404 Client Error: Not Found for url: https://www.tinnhanhchungkhoan.vn/404
[2026-06-27 23:13:52] [TASK_2] [INFO] Retrying in 2s…
[2026-06-27 23:13:54] [TASK_2] [WARNING] Request failed for https://tinnhanhchungkhoan.vn/bat-dong-san/page/2/ (attempt 3/3): 404 Client Error: Not Found for url: https://www.tinnhanhchungkhoan.vn/404
[2026-06-27 23:13:54] [TASK_2] [ERROR] All 3 attempts failed for https://tinnhanhchungkhoan.vn/bat-dong-san/page/2/. Skipping.
[2026-06-27 23:13:54] [TASK_2] [WARNING] Failed to fetch TNCK category page 2: https://tinnhanhchungkhoan.vn/bat-dong-san/page/2/. Stopping pagination.
[2026-06-27 23:13:54] [TASK_2] [INFO] TNCK category 'bat-dong-san': 48 new articles
[2026-06-27 23:13:55] [TASK_2] [WARNING] Missing required fields in article: https://vir.com.vn/us-giant-coherent-expands-business-in-vietnam-155424.html
[2026-06-27 23:13:55] [TASK_2] [WARNING] Missing required fields in article: https://vir.com.vn/scg-presents-low-carbon-cement-innovations-at-cemtech-asia-2026-in-net-zero-push-155471.html
[2026-06-27 23:13:55] [TASK_2] [WARNING] Missing required fields in article: https://vir.com.vn/msci-highlights-reform-gains-while-flagging-barriers-in-vietnams-stock-market-155141.html
[2026-06-27 23:13:55] [TASK_2] [WARNING] Missing required fields in article: https://vir.com.vn/sunasia-energy-vinenergo-launch-solar-on-water-portfolio-in-the-philippines-155322.html
[2026-06-27 23:13:55] [TASK_2] [WARNING] Missing required fields in article: https://vir.com.vn/vietnam-not-in-msci-upgrade-watchlist-despite-capital-market-progress-155395.html
[2026-06-27 23:13:55] [TASK_2] [WARNING] Missing required fields in article: https://vir.com.vn/vifc-set-to-raise-the-bar-for-ho-chi-minh-citys-office-market-155144.html
[2026-06-27 23:13:55] [TASK_2] [WARNING] Missing required fields in article: https://baodautu.vn/phat-hien-hon-2000-vu-co-dau-hieu-xam-pham-quyen-so-huu-tri-tue-sau-1-thang-cao-diem-d626183.html
[2026-06-27 23:13:55] [TASK_2] [WARNING] Missing required fields in article: https://baodautu.vn/khoi-to-3-doi-tuong-rua-tien-thue-cho-duong-day-lua-dao-d626143.html
[2026-06-27 23:13:55] [TASK_2] [WARNING] Missing required fields in article: https://baodautu.vn/hon-10000-tan-chan-ga-ban-tuon-ra-thi-truong-d623796.html
[2026-06-27 23:13:55] [TASK_2] [WARNING] Missing required fields in article: https://baodautu.vn/lan-toa-thong-diep-dia-ban-khong-ma-tuy-tai-vung-bien-d623098.html
[2026-06-27 23:13:55] [TASK_2] [WARNING] Missing required fields in article: https://baodautu.vn/danh-sach-doanh-nghiep-lien-quan-vu-an-mua-ban-chuyen-nhuong-ky-nghi-du-lich-d623034.html
[2026-06-27 23:13:55] [TASK_2] [WARNING] Missing required fields in article: https://www.tinnhanhchungkhoan.vn/sua-quy-dinh-ve-dia-ban-hoat-dong-hai-quan-de-dap-ung-yeu-cau-quan-ly-moi-post392978.html
[2026-06-27 23:13:55] [TASK_2] [WARNING] Missing required fields in article: https://www.tinnhanhchungkhoan.vn/thue-mo-duong-cho-thi-truong-tai-san-ma-hoa-post392745.html
[2026-06-27 23:13:55] [TASK_2] [WARNING] Missing required fields in article: https://www.tinnhanhchungkhoan.vn/nhung-luc-do-cho-tien-dong-post392756.html
[2026-06-27 23:13:55] [TASK_2] [WARNING] Missing required fields in article: https://www.tinnhanhchungkhoan.vn/tang-luong-co-so-len-2530000-dongthang-tu-172026-post390592.html
[2026-06-27 23:13:55] [TASK_2] [WARNING] Missing required fields in article: https://www.tinnhanhchungkhoan.vn/bo-noi-vu-ly-giai-phuong-an-tang-luong-huu-45-cong-200000-dong-tu-17-post387052.html
[2026-06-27 23:13:55] [TASK_2] [WARNING] Missing required fields in article: https://www.tinnhanhchungkhoan.vn/de-xuat-tang-luong-huu-tu-17-theo-huong-uu-tien-nguoi-huong-thap-post386996.html
[2026-06-27 23:13:55] [TASK_2] [WARNING] Missing required fields in article: https://www.tinnhanhchungkhoan.vn/khi-dich-vu-tai-chinh-hoa-cung-nghe-thuat-va-phong-cach-song-post392469.html
[2026-06-27 23:13:55] [TASK_2] [WARNING] Missing required fields in article: https://www.tinnhanhchungkhoan.vn/bao-dau-tu-so-49-50-post392804.html
[2026-06-27 23:13:55] [TASK_2] [WARNING] Missing required fields in article: https://www.tinnhanhchungkhoan.vn/vietnam-investment-review-so-1810-post392791.html
[2026-06-27 23:13:55] [TASK_2] [WARNING] Missing required fields in article: https://www.tinnhanhchungkhoan.vn/bao-dau-tu-chung-khoan-so-25-post392730.html
[2026-06-27 23:13:55] [TASK_2] [WARNING] Missing required fields in article: https://www.tinnhanhchungkhoan.vn/bhh-ngay-gdkhq-tra-co-tuc-nam-2025-bang-tien-7-post392773.html
[2026-06-27 23:13:55] [TASK_2] [WARNING] Missing required fields in article: https://www.tinnhanhchungkhoan.vn/cmd-ngay-gdkhq-tam-ung-co-tuc-dot-1-nam-2026-bang-tien-10-post392786.html
[2026-06-27 23:13:55] [TASK_2] [WARNING] Missing required fields in article: https://www.tinnhanhchungkhoan.vn/vbc-ngay-gdkhq-tra-co-tuc-nam-2025-bang-tien-18-post392792.html
[2026-06-27 23:13:55] [TASK_2] [WARNING] Missing required fields in article: https://www.tinnhanhchungkhoan.vn/ccl-ngay-gdkhq-tra-co-tuc-nam-2025-bang-co-phieu-101-post392793.html
[2026-06-27 23:13:55] [TASK_2] [WARNING] Missing required fields in article: https://www.tinnhanhchungkhoan.vn/htc-ngay-gdkhq-tam-ung-co-tuc-dot-1-nam-2026-bang-tien-3-post392798.html
[2026-06-27 23:13:55] [TASK_2] [WARNING] Missing required fields in article: https://www.tinnhanhchungkhoan.vn/khp-ngay-gdkhq-tra-co-tuc-nam-2025-bang-tien-5-post392799.html
[2026-06-27 23:13:55] [TASK_2] [WARNING] Missing required fields in article: https://www.tinnhanhchungkhoan.vn/vnp-ngay-gdkhq-tra-co-tuc-nam-2025-bang-tien-8-post392802.html
[2026-06-27 23:13:55] [TASK_2] [WARNING] Missing required fields in article: https://www.tinnhanhchungkhoan.vn/ijc-ngay-gdkhq-tra-co-tuc-bang-tien-nam-2025-5-post392811.html
[2026-06-27 23:13:55] [TASK_2] [WARNING] Missing required fields in article: https://www.tinnhanhchungkhoan.vn/vpw-ngay-gdkhq-tra-co-tuc-nam-2025-bang-tien-202-post392781.html
[2026-06-27 23:13:55] [TASK_2] [WARNING] Missing required fields in article: https://www.tinnhanhchungkhoan.vn/ocb-ngay-gdkhq-nhan-co-phieu-tang-von-tu-nguon-von-chu-so-huu-10015-post392785.html
[2026-06-27 23:13:55] [TASK_2] [WARNING] Missing required fields in article: https://www.tinnhanhchungkhoan.vn/sed-ngay-gdkhq-tra-co-tuc-nam-2025-bang-tien-15-post392806.html
[2026-06-27 23:13:55] [TASK_2] [WARNING] Missing required fields in article: https://www.tinnhanhchungkhoan.vn/ads-ngay-gdkhq-tra-co-tuc-nam-2025-bang-tien-10-post392795.html
[2026-06-27 23:13:55] [TASK_2] [WARNING] Missing required fields in article: https://www.tinnhanhchungkhoan.vn/png-ngay-gdkhq-tra-co-tuc-nam-2025-bang-tien-10-post392803.html
[2026-06-27 23:13:55] [TASK_2] [WARNING] Missing required fields in article: https://www.tinnhanhchungkhoan.vn/clc-ngay-gdkhq-tra-co-tuc-dot-cuoi-nam-2025-bang-tien-25-post392805.html
[2026-06-27 23:13:55] [TASK_2] [WARNING] Missing required fields in article: https://www.tinnhanhchungkhoan.vn/tvt-ngay-gdkhq-tra-co-tuc-dot-cuoi-nam-2025-bang-tien-10-post392774.html
[2026-06-27 23:13:55] [TASK_2] [WARNING] Missing required fields in article: https://www.tinnhanhchungkhoan.vn/ibd-ngay-gdkhq-tra-co-tuc-nam-2025-bang-tien-5-post392777.html
[2026-06-27 23:13:55] [TASK_2] [WARNING] Missing required fields in article: https://www.tinnhanhchungkhoan.vn/adp-ngay-gdkhq-tra-co-tuc-dot-1-nam-2026-bang-tien-7-post392775.html
[2026-06-27 23:13:55] [TASK_2] [WARNING] Missing required fields in article: https://www.tinnhanhchungkhoan.vn/ctr-ngay-gdkhq-tra-co-tuc-nam-2025-bang-tien-15-va-co-phieu-10012-post392778.html
[2026-06-27 23:13:55] [TASK_2] [WARNING] Missing required fields in article: https://www.tinnhanhchungkhoan.vn/tmp-ngay-gdkhq-tra-co-tuc-con-lai-nam-2025-bang-tien-20-post392790.html
[2026-06-27 23:13:55] [TASK_2] [WARNING] Missing required fields in article: https://www.tinnhanhchungkhoan.vn/fhs-ngay-gdkhq-tam-ung-co-tuc-dot-1-nam-2026-bang-tien-8-va-co-phieu-tang-von-104-post392789.html
[2026-06-27 23:13:55] [TASK_2] [WARNING] Missing required fields in article: https://www.tinnhanhchungkhoan.vn/tku-ngay-gdkhq-tra-co-tuc-nam-2025-bang-tien-5-post392808.html
[2026-06-27 23:13:55] [TASK_2] [WARNING] Missing required fields in article: https://www.tinnhanhchungkhoan.vn/nth-ngay-gdkhq-tam-ung-co-tuc-lan-1-nam-2026-bang-tien-15-post392809.html
[2026-06-27 23:13:55] [TASK_2] [WARNING] Missing required fields in article: https://www.tinnhanhchungkhoan.vn/nbc-ngay-gdkhq-tra-co-tuc-nam-2025-bang-tien-6-post392783.html
[2026-06-27 23:13:56] [TASK_2] [WARNING] Request failed for https://tinnhanhchungkhoan.vn/tai-chinh/page/2/ (attempt 1/3): 404 Client Error: Not Found for url: https://www.tinnhanhchungkhoan.vn/404
[2026-06-27 23:13:56] [TASK_2] [INFO] Retrying in 1s…
[2026-06-27 23:13:58] [TASK_2] [WARNING] Request failed for https://tinnhanhchungkhoan.vn/tai-chinh/page/2/ (attempt 2/3): 404 Client Error: Not Found for url: https://www.tinnhanhchungkhoan.vn/404
[2026-06-27 23:13:58] [TASK_2] [INFO] Retrying in 2s…
[2026-06-27 23:14:00] [TASK_2] [WARNING] Request failed for https://tinnhanhchungkhoan.vn/tai-chinh/page/2/ (attempt 3/3): 404 Client Error: Not Found for url: https://www.tinnhanhchungkhoan.vn/404
[2026-06-27 23:14:00] [TASK_2] [ERROR] All 3 attempts failed for https://tinnhanhchungkhoan.vn/tai-chinh/page/2/. Skipping.
[2026-06-27 23:14:00] [TASK_2] [WARNING] Failed to fetch TNCK category page 2: https://tinnhanhchungkhoan.vn/tai-chinh/page/2/. Stopping pagination.
[2026-06-27 23:14:00] [TASK_2] [INFO] TNCK category 'tai-chinh': 37 new articles
[2026-06-27 23:14:00] [TASK_2] [INFO] TNCK: collected 1326 total articles
[2026-06-27 23:14:00] [TASK_2] [INFO] ============================================================
[2026-06-27 23:14:00] [TASK_2] [INFO] TNCK MONTHLY ARTICLE COUNT REPORT
[2026-06-27 23:14:00] [TASK_2] [INFO] ============================================================
[2026-06-27 23:14:00] [TASK_2] [INFO]   2024-04: 1 articles
[2026-06-27 23:14:00] [TASK_2] [INFO]   2024-06: 3 articles
[2026-06-27 23:14:00] [TASK_2] [INFO]   2024-07: 1 articles
[2026-06-27 23:14:00] [TASK_2] [INFO]   2024-08: 10 articles
[2026-06-27 23:14:00] [TASK_2] [INFO]   2024-09: 6 articles
[2026-06-27 23:14:00] [TASK_2] [INFO]   2024-10: 16 articles
[2026-06-27 23:14:00] [TASK_2] [INFO]   2024-11: 23 articles
[2026-06-27 23:14:00] [TASK_2] [INFO]   2024-12: 31 articles
[2026-06-27 23:14:00] [TASK_2] [INFO]   2025-01: 16 articles
[2026-06-27 23:14:00] [TASK_2] [INFO]   2025-02: 30 articles
[2026-06-27 23:14:00] [TASK_2] [INFO]   2025-03: 42 articles
[2026-06-27 23:14:00] [TASK_2] [INFO]   2025-04: 46 articles
[2026-06-27 23:14:00] [TASK_2] [INFO]   2025-05: 32 articles
[2026-06-27 23:14:00] [TASK_2] [INFO]   2025-06: 32 articles
[2026-06-27 23:14:00] [TASK_2] [INFO]   2025-07: 50 articles
[2026-06-27 23:14:00] [TASK_2] [INFO]   2025-08: 46 articles
[2026-06-27 23:14:00] [TASK_2] [INFO]   2025-09: 42 articles
[2026-06-27 23:14:00] [TASK_2] [INFO]   2025-10: 77 articles
[2026-06-27 23:14:00] [TASK_2] [INFO]   2025-11: 56 articles
[2026-06-27 23:14:00] [TASK_2] [INFO]   2025-12: 75 articles
[2026-06-27 23:14:00] [TASK_2] [INFO]   2026-01: 76 articles
[2026-06-27 23:14:00] [TASK_2] [INFO]   2026-02: 54 articles
[2026-06-27 23:14:00] [TASK_2] [INFO]   2026-03: 78 articles
[2026-06-27 23:14:00] [TASK_2] [INFO]   2026-04: 103 articles
[2026-06-27 23:14:00] [TASK_2] [INFO]   2026-05: 73 articles
[2026-06-27 23:14:00] [TASK_2] [INFO]   2026-06: 307 articles
[2026-06-27 23:14:00] [TASK_2] [INFO] ------------------------------------------------------------
[2026-06-27 23:14:00] [TASK_2] [INFO] Total: 1326 articles across 26 months
[2026-06-27 23:14:00] [TASK_2] [INFO] Average: 51.0 articles/month
[2026-06-27 23:14:00] [TASK_2] [INFO] ============================================================
[2026-06-27 23:14:00] [TASK_2] [INFO] ============================================================
[2026-06-27 23:14:00] [TASK_2] [INFO] SCRAPING REPORT — TNCK
[2026-06-27 23:14:00] [TASK_2] [INFO] ============================================================
[2026-06-27 23:14:00] [TASK_2] [INFO]   ALL   : 1326 articles (2024-04-26 to 2026-06-27)
[2026-06-27 23:14:00] [TASK_2] [INFO] ------------------------------------------------------------
[2026-06-27 23:14:00] [TASK_2] [INFO] Total articles from TNCK: 1326
[2026-06-27 23:14:00] [TASK_2] [INFO] ============================================================
[2026-06-27 23:14:00] [TASK_2] [INFO] ------------------------------------------------------------
[2026-06-27 23:14:00] [TASK_2] [INFO] END TASK_2 — completed in 229.8 seconds
[2026-06-27 23:14:00] [TASK_2] [INFO] ============================================================
[2026-06-27 23:29:09] [TASK_2] [INFO] ============================================================
[2026-06-27 23:29:09] [TASK_2] [INFO] START TASK_2: News Scraping (CafeF, Vietstock, TNCK)
[2026-06-27 23:29:09] [TASK_2] [INFO] Timestamp: 2026-06-27T23:29:09.621557
[2026-06-27 23:29:09] [TASK_2] [INFO] ============================================================
[2026-06-27 23:29:09] [TASK_2] [INFO] Scraping cafef for ticker=VNM from 2022-01-01 (existing URLs: 0)
[2026-06-27 23:29:09] [TASK_2] [WARNING] Request failed for https://cafef.vn/thi-truong-chung-khoan/vnm-ctck.chn (attempt 1/3): 404 Client Error: Not Found for url: https://cafef.vn/thi-truong-chung-khoan/vnm-ctck.chn
[2026-06-27 23:29:09] [TASK_2] [INFO] Retrying in 1s…
[2026-06-27 23:29:11] [TASK_2] [WARNING] Request failed for https://cafef.vn/thi-truong-chung-khoan/vnm-ctck.chn (attempt 2/3): 404 Client Error: Not Found for url: https://cafef.vn/thi-truong-chung-khoan/vnm-ctck.chn
[2026-06-27 23:29:11] [TASK_2] [INFO] Retrying in 2s…
[2026-06-27 23:29:13] [TASK_2] [WARNING] Request failed for https://cafef.vn/thi-truong-chung-khoan/vnm-ctck.chn (attempt 3/3): 404 Client Error: Not Found for url: https://cafef.vn/thi-truong-chung-khoan/vnm-ctck.chn
[2026-06-27 23:29:13] [TASK_2] [ERROR] All 3 attempts failed for https://cafef.vn/thi-truong-chung-khoan/vnm-ctck.chn. Skipping.
[2026-06-27 23:29:13] [TASK_2] [WARNING] Failed to fetch CafeF page 1 for VNM. Stopping pagination.
[2026-06-27 23:29:13] [TASK_2] [INFO] CafeF: collected 0 articles for VNM
[2026-06-27 23:29:13] [TASK_2] [INFO] Scraping cafef for ticker=VCB from 2022-01-01 (existing URLs: 0)
[2026-06-27 23:29:13] [TASK_2] [WARNING] Request failed for https://cafef.vn/thi-truong-chung-khoan/vcb-ctck.chn (attempt 1/3): 404 Client Error: Not Found for url: https://cafef.vn/thi-truong-chung-khoan/vcb-ctck.chn
[2026-06-27 23:29:13] [TASK_2] [INFO] Retrying in 1s…
[2026-06-27 23:29:14] [TASK_2] [WARNING] Request failed for https://cafef.vn/thi-truong-chung-khoan/vcb-ctck.chn (attempt 2/3): 404 Client Error: Not Found for url: https://cafef.vn/thi-truong-chung-khoan/vcb-ctck.chn
[2026-06-27 23:29:14] [TASK_2] [INFO] Retrying in 2s…
[2026-06-27 23:29:16] [TASK_2] [WARNING] Request failed for https://cafef.vn/thi-truong-chung-khoan/vcb-ctck.chn (attempt 3/3): 404 Client Error: Not Found for url: https://cafef.vn/thi-truong-chung-khoan/vcb-ctck.chn
[2026-06-27 23:29:16] [TASK_2] [ERROR] All 3 attempts failed for https://cafef.vn/thi-truong-chung-khoan/vcb-ctck.chn. Skipping.
[2026-06-27 23:29:16] [TASK_2] [WARNING] Failed to fetch CafeF page 1 for VCB. Stopping pagination.
[2026-06-27 23:29:16] [TASK_2] [INFO] CafeF: collected 0 articles for VCB
[2026-06-27 23:29:16] [TASK_2] [INFO] Scraping cafef for ticker=FPT from 2022-01-01 (existing URLs: 0)
[2026-06-27 23:29:17] [TASK_2] [WARNING] Request failed for https://cafef.vn/thi-truong-chung-khoan/fpt-ctck.chn (attempt 1/3): 404 Client Error: Not Found for url: https://cafef.vn/thi-truong-chung-khoan/fpt-ctck.chn
[2026-06-27 23:29:17] [TASK_2] [INFO] Retrying in 1s…
[2026-06-27 23:29:18] [TASK_2] [WARNING] Request failed for https://cafef.vn/thi-truong-chung-khoan/fpt-ctck.chn (attempt 2/3): 404 Client Error: Not Found for url: https://cafef.vn/thi-truong-chung-khoan/fpt-ctck.chn
[2026-06-27 23:29:18] [TASK_2] [INFO] Retrying in 2s…
[2026-06-27 23:29:20] [TASK_2] [WARNING] Request failed for https://cafef.vn/thi-truong-chung-khoan/fpt-ctck.chn (attempt 3/3): 404 Client Error: Not Found for url: https://cafef.vn/thi-truong-chung-khoan/fpt-ctck.chn
[2026-06-27 23:29:20] [TASK_2] [ERROR] All 3 attempts failed for https://cafef.vn/thi-truong-chung-khoan/fpt-ctck.chn. Skipping.
[2026-06-27 23:29:20] [TASK_2] [WARNING] Failed to fetch CafeF page 1 for FPT. Stopping pagination.
[2026-06-27 23:29:20] [TASK_2] [INFO] CafeF: collected 0 articles for FPT
[2026-06-27 23:29:20] [TASK_2] [INFO] ============================================================
[2026-06-27 23:29:20] [TASK_2] [INFO] SCRAPING REPORT — CAFEF
[2026-06-27 23:29:20] [TASK_2] [INFO] ============================================================
[2026-06-27 23:29:20] [TASK_2] [INFO]   FPT   : 0 articles
[2026-06-27 23:29:20] [TASK_2] [INFO]   VCB   : 0 articles
[2026-06-27 23:29:20] [TASK_2] [INFO]   VNM   : 0 articles
[2026-06-27 23:29:20] [TASK_2] [INFO] ------------------------------------------------------------
[2026-06-27 23:29:20] [TASK_2] [INFO] Total articles from CAFEF: 0
[2026-06-27 23:29:20] [TASK_2] [INFO] ============================================================
[2026-06-27 23:29:20] [TASK_2] [INFO] Scraping vietstock for ticker=VNM from 2022-01-01 (existing URLs: 0)
[2026-06-27 23:29:21] [TASK_2] [WARNING] Missing required fields in article: https://vietstock.vn/chu-de/1-2/moi-cap-nhat.htm
[2026-06-27 23:29:21] [TASK_2] [WARNING] Missing required fields in article: https://vietstock.vn/chung-khoan.htm
[2026-06-27 23:29:21] [TASK_2] [WARNING] Missing required fields in article: https://vietstock.vn/chung-khoan/co-phieu.htm
[2026-06-27 23:29:21] [TASK_2] [WARNING] Missing required fields in article: https://vietstock.vn/chung-khoan/giao-dich-noi-bo.htm
[2026-06-27 23:29:21] [TASK_2] [WARNING] Missing required fields in article: https://vietstock.vn/chung-khoan/niem-yet.htm
[2026-06-27 23:29:21] [TASK_2] [WARNING] Missing required fields in article: https://vietstock.vn/chung-khoan/etf-va-cac-quy.htm
[2026-06-27 23:29:21] [TASK_2] [WARNING] Missing required fields in article: https://vietstock.vn/chung-khoan/chung-khoan-phai-sinh.htm
[2026-06-27 23:29:21] [TASK_2] [WARNING] Missing required fields in article: https://vietstock.vn/chung-khoan/chung-quyen.htm
[2026-06-27 23:29:21] [TASK_2] [WARNING] Missing required fields in article: https://vietstock.vn/chung-khoan/y-kien-chuyen-gia.htm
[2026-06-27 23:29:21] [TASK_2] [WARNING] Missing required fields in article: https://vietstock.vn/chung-khoan/cau-chuyen-dau-tu.htm
[2026-06-27 23:29:21] [TASK_2] [WARNING] Missing required fields in article: https://vietstock.vn/chung-khoan/chinh-sach.htm
[2026-06-27 23:29:21] [TASK_2] [WARNING] Missing required fields in article: https://vietstock.vn/chung-khoan/thi-truong-trai-phieu.htm
[2026-06-27 23:29:21] [TASK_2] [WARNING] Missing required fields in article: https://vietstock.vn/doanh-nghiep.htm
[2026-06-27 23:29:21] [TASK_2] [WARNING] Missing required fields in article: https://vietstock.vn/doanh-nghiep/hoat-dong-kinh-doanh.htm
[2026-06-27 23:29:21] [TASK_2] [WARNING] Missing required fields in article: https://vietstock.vn/doanh-nghiep/co-tuc.htm
[2026-06-27 23:29:21] [TASK_2] [WARNING] Missing required fields in article: https://vietstock.vn/doanh-nghiep/tang-von-m-a.htm
[2026-06-27 23:29:21] [TASK_2] [WARNING] Missing required fields in article: https://vietstock.vn/doanh-nghiep/ipo-co-phan-hoa.htm
[2026-06-27 23:29:21] [TASK_2] [WARNING] Missing required fields in article: https://vietstock.vn/doanh-nghiep/nhan-vat.htm
[2026-06-27 23:29:21] [TASK_2] [WARNING] Missing required fields in article: https://vietstock.vn/doanh-nghiep/trai-phieu-doanh-nghiep.htm
[2026-06-27 23:29:21] [TASK_2] [WARNING] Missing required fields in article: https://vietstock.vn/bat-dong-san.htm
[2026-06-27 23:29:21] [TASK_2] [WARNING] Missing required fields in article: https://vietstock.vn/bat-dong-san/thi-truong-nha-dat.htm
[2026-06-27 23:29:21] [TASK_2] [WARNING] Missing required fields in article: https://vietstock.vn/bat-dong-san/quy-hoach-ha-tang.htm
[2026-06-27 23:29:21] [TASK_2] [WARNING] Missing required fields in article: https://vietstock.vn/bat-dong-san/du-an.htm
[2026-06-27 23:29:21] [TASK_2] [WARNING] Missing required fields in article: https://vietstock.vn/bat-dong-san/bao-hiem-va-thue-nha-dat.htm
[2026-06-27 23:29:21] [TASK_2] [WARNING] Missing required fields in article: https://vietstock.vn/tai-chinh.htm
[2026-06-27 23:29:21] [TASK_2] [WARNING] Missing required fields in article: https://vietstock.vn/tai-chinh/ngan-hang.htm
[2026-06-27 23:29:21] [TASK_2] [WARNING] Missing required fields in article: https://vietstock.vn/tai-chinh/bao-hiem.htm
[2026-06-27 23:29:21] [TASK_2] [WARNING] Missing required fields in article: https://vietstock.vn/tai-chinh/thue-va-ngan-sach.htm
[2026-06-27 23:29:21] [TASK_2] [WARNING] Missing required fields in article: https://vietstock.vn/tai-chinh/tai-san-so.htm
[2026-06-27 23:29:21] [TASK_2] [WARNING] Missing required fields in article: https://vietstock.vn/hang-hoa.htm
[2026-06-27 23:29:21] [TASK_2] [WARNING] Missing required fields in article: https://vietstock.vn/hang-hoa/vang-va-kim-loai-quy.htm
[2026-06-27 23:29:21] [TASK_2] [WARNING] Missing required fields in article: https://vietstock.vn/hang-hoa/nhien-lieu.htm
[2026-06-27 23:29:21] [TASK_2] [WARNING] Missing required fields in article: https://vietstock.vn/hang-hoa/kim-loai.htm
[2026-06-27 23:29:21] [TASK_2] [WARNING] Missing required fields in article: https://vietstock.vn/hang-hoa/nong-san-thuc-pham.htm
[2026-06-27 23:29:21] [TASK_2] [WARNING] Missing required fields in article: https://vietstock.vn/kinh-te.htm
[2026-06-27 23:29:21] [TASK_2] [WARNING] Missing required fields in article: https://vietstock.vn/kinh-te/vi-mo.htm
[2026-06-27 23:29:21] [TASK_2] [WARNING] Missing required fields in article: https://vietstock.vn/kinh-te/kinh-te-dau-tu.htm
[2026-06-27 23:29:21] [TASK_2] [WARNING] Missing required fields in article: https://vietstock.vn/the-gioi.htm
[2026-06-27 23:29:21] [TASK_2] [WARNING] Missing required fields in article: https://vietstock.vn/the-gioi/chung-khoan-the-gioi.htm
[2026-06-27 23:29:21] [TASK_2] [WARNING] Missing required fields in article: https://vietstock.vn/the-gioi/tien-ky-thuat-so.htm
[2026-06-27 23:29:21] [TASK_2] [WARNING] Missing required fields in article: https://vietstock.vn/the-gioi/tai-chinh-quoc-te.htm
[2026-06-27 23:29:21] [TASK_2] [WARNING] Missing required fields in article: https://vietstock.vn/the-gioi/kinh-te-nganh.htm
[2026-06-27 23:29:21] [TASK_2] [WARNING] Missing required fields in article: https://vietstock.vn/tai-chinh-ca-nhan.htm
[2026-06-27 23:29:21] [TASK_2] [WARNING] Missing required fields in article: https://vietstock.vn/tai-chinh-ca-nhan/lam-chu-dong-tien.htm
[2026-06-27 23:29:21] [TASK_2] [WARNING] Missing required fields in article: https://vietstock.vn/tai-chinh-ca-nhan/dau-tu-kinh-doanh-nho.htm
[2026-06-27 23:29:21] [TASK_2] [WARNING] Missing required fields in article: https://vietstock.vn/tai-chinh-ca-nhan/doanh-nhan-va-khoi-nghiep.htm
[2026-06-27 23:29:21] [TASK_2] [WARNING] Missing required fields in article: https://vietstock.vn/tai-chinh-ca-nhan/choi-sang.htm
[2026-06-27 23:29:21] [TASK_2] [WARNING] Missing required fields in article: https://vietstock.vn/tai-chinh-ca-nhan/xe-cong-nghe.htm
[2026-06-27 23:29:21] [TASK_2] [WARNING] Missing required fields in article: https://vietstock.vn/tai-chinh-ca-nhan/tieu-dung-va-cuoc-song.htm
[2026-06-27 23:29:21] [TASK_2] [WARNING] Missing required fields in article: https://vietstock.vn/tai-chinh-ca-nhan/vi-cong-dong.htm
[2026-06-27 23:29:21] [TASK_2] [WARNING] Missing required fields in article: https://vietstock.vn/nhan-dinh-phan-tich.htm
[2026-06-27 23:29:21] [TASK_2] [WARNING] Missing required fields in article: https://vietstock.vn/nhan-dinh-phan-tich/nhan-dinh-thi-truong.htm
[2026-06-27 23:29:21] [TASK_2] [WARNING] Missing required fields in article: https://vietstock.vn/nhan-dinh-phan-tich/phan-tich-co-ban.htm
[2026-06-27 23:29:21] [TASK_2] [WARNING] Missing required fields in article: https://vietstock.vn/nhan-dinh-phan-tich/phan-tich-ky-thuat.htm
[2026-06-27 23:29:21] [TASK_2] [WARNING] Missing required fields in article: https://vietstock.vn/dong-duong.htm
[2026-06-27 23:29:21] [TASK_2] [WARNING] Missing required fields in article: https://vietstock.vn/dong-duong/vi-mo-dau-tu.htm
[2026-06-27 23:29:21] [TASK_2] [WARNING] Missing required fields in article: https://vietstock.vn/dong-duong/tai-chinh-ngan-hang.htm
[2026-06-27 23:29:21] [TASK_2] [WARNING] Missing required fields in article: https://vietstock.vn/dong-duong/thi-truong-chung-khoan.htm
[2026-06-27 23:29:21] [TASK_2] [WARNING] Missing required fields in article: https://vietstock.vn/dong-duong/kinh-te-nganh.htm
[2026-06-27 23:29:21] [TASK_2] [WARNING] Missing required fields in article: javascript:void(0)
[2026-06-27 23:29:21] [TASK_2] [WARNING] Missing required fields in article: https://vietstock.vn/chu-de/217-7/quan-he-nha-dau-tu-ir.htm
[2026-06-27 23:29:21] [TASK_2] [WARNING] Missing required fields in article: https://vietstock.vn/chu-de/665-7/dhdcd-thuong-nien-2026.htm
[2026-06-27 23:29:21] [TASK_2] [WARNING] Missing required fields in article: https://vietstock.vn/chu-de/503-7/nang-hang-thi-truong.htm
[2026-06-27 23:29:21] [TASK_2] [WARNING] Missing required fields in article: https://vietstock.vn/chu-de/644-7/trump-20.htm
[2026-06-27 23:29:21] [TASK_2] [WARNING] Missing required fields in article: https://vietstock.vn/chu-de/652-7/trung-tam-tai-chinh.htm
[2026-06-27 23:29:21] [TASK_2] [WARNING] Missing required fields in article: https://vietstock.vn/chu-de/467-7/cac-kenh-dau-tu.htm
[2026-06-27 23:29:21] [TASK_2] [WARNING] Missing required fields in article: https://vietstock.vn/chu-de/1-8/tat-ca.htm
[2026-06-27 23:29:21] [TASK_2] [WARNING] Missing required fields in article: https://finance.vietstock.vn/du-lieu-vi-mo
[2026-06-27 23:29:21] [TASK_2] [WARNING] Missing required fields in article: https://finance.vietstock.vn/du-lieu-nganh.htm
[2026-06-27 23:29:21] [TASK_2] [WARNING] Missing required fields in article: https://finance.vietstock.vn/du-lieu-nganh.htm
[2026-06-27 23:29:21] [TASK_2] [WARNING] Missing required fields in article: https://finance.vietstock.vn/nganh/40-tai-chinh.htm
[2026-06-27 23:29:21] [TASK_2] [WARNING] Missing required fields in article: https://finance.vietstock.vn/doanh-nghiep-a-z?page=1
[2026-06-27 23:29:21] [TASK_2] [WARNING] Missing required fields in article: https://finance.vietstock.vn/doanh-nghiep-a-z?page=1
[2026-06-27 23:29:21] [TASK_2] [WARNING] Missing required fields in article: https://finance.vietstock.vn/lich-su-kien.htm?page=1
[2026-06-27 23:29:21] [TASK_2] [WARNING] Missing required fields in article: https://finance.vietstock.vn/ket-qua-kinh-doanh
[2026-06-27 23:29:21] [TASK_2] [WARNING] Missing required fields in article: https://finance.vietstock.vn/giao-dich-noi-bo
[2026-06-27 23:29:21] [TASK_2] [WARNING] Missing required fields in article: https://finance.vietstock.vn/tai-lieu/bao-cao-tai-chinh.htm
[2026-06-27 23:29:21] [TASK_2] [WARNING] Missing required fields in article: https://finance.vietstock.vn/nien-giam.htm
[2026-06-27 23:29:21] [TASK_2] [WARNING] Missing required fields in article: https://finance.vietstock.vn/chung-khoan-phai-sinh/hop-dong-tuong-lai.htm
[2026-06-27 23:29:21] [TASK_2] [WARNING] Missing required fields in article: https://finance.vietstock.vn/chung-khoan-phai-sinh/hop-dong-tuong-lai.htm
[2026-06-27 23:29:21] [TASK_2] [WARNING] Missing required fields in article: https://finance.vietstock.vn/chung-khoan-phai-sinh/hop-dong-tuong-lai.htm
[2026-06-27 23:29:21] [TASK_2] [WARNING] Missing required fields in article: https://finance.vietstock.vn/chung-khoan-phai-sinh/thong-ke-giao-dich.htm
[2026-06-27 23:29:21] [TASK_2] [WARNING] Missing required fields in article: https://finance.vietstock.vn/chung-khoan-phai-sinh/qui-dinh-huong-dan.htm
[2026-06-27 23:29:21] [TASK_2] [WARNING] Missing required fields in article: https://finance.vietstock.vn/chung-khoan-phai-sinh/chung-quyen.htm
[2026-06-27 23:29:21] [TASK_2] [WARNING] Missing required fields in article: https://finance.vietstock.vn/chung-khoan-phai-sinh/chung-quyen.htm
[2026-06-27 23:29:21] [TASK_2] [WARNING] Missing required fields in article: https://finance.vietstock.vn/chung-khoan-phai-sinh/cw-thong-ke-giao-dich.htm
[2026-06-27 23:29:21] [TASK_2] [WARNING] Missing required fields in article: https://finance.vietstock.vn/chung-khoan-phai-sinh/cw-blackschole.htm
[2026-06-27 23:29:21] [TASK_2] [WARNING] Missing required fields in article: https://finance.vietstock.vn/trai-phieu/tp-doanh-nghiep/tong-quan.htm
[2026-06-27 23:29:21] [TASK_2] [WARNING] Missing required fields in article: https://finance.vietstock.vn/trai-phieu/tp-doanh-nghiep/tong-quan.htm
[2026-06-27 23:29:21] [TASK_2] [WARNING] Missing required fields in article: https://finance.vietstock.vn/trai-phieu/tp-doanh-nghiep/to-chuc-phat-hanh.htm?page=1
[2026-06-27 23:29:21] [TASK_2] [WARNING] Missing required fields in article: https://finance.vietstock.vn/trai-phieu/tp-doanh-nghiep/danh-sach.htm
[2026-06-27 23:29:21] [TASK_2] [WARNING] Missing required fields in article: https://finance.vietstock.vn/trai-phieu/tp-doanh-nghiep/thong-ke-giao-dich.htm
[2026-06-27 23:29:21] [TASK_2] [WARNING] Missing required fields in article: https://finance.vietstock.vn/suc-manh-gia-rrg
[2026-06-27 23:29:21] [TASK_2] [WARNING] Missing required fields in article: https://finance.vietstock.vn/suc-manh-gia-rrg
[2026-06-27 23:29:21] [TASK_2] [WARNING] Missing required fields in article: https://finance.vietstock.vn/phan-tich-ky-thuat.htm
[2026-06-27 23:29:21] [TASK_2] [WARNING] Missing required fields in article: https://banggia.vietstock.vn/
[2026-06-27 23:29:21] [TASK_2] [WARNING] Missing required fields in article: https://finance.vietstock.vn/bo-loc-co-phieu.htm
[2026-06-27 23:29:21] [TASK_2] [WARNING] Missing required fields in article: https://finance.vietstock.vn/so-sanh-co-phieu.htm
[2026-06-27 23:29:21] [TASK_2] [WARNING] Missing required fields in article: https://finance.vietstock.vn/bao-cao-phan-tich
[2026-06-27 23:29:21] [TASK_2] [WARNING] Missing required fields in article: https://finance.vietstock.vn/bieu-do-tai-chinh.htm
[2026-06-27 23:29:21] [TASK_2] [WARNING] Missing required fields in article: https://finance.vietstock.vn/truy-xuat-du-lieu/tong-hop-doanh-nghiep.htm
[2026-06-27 23:29:21] [TASK_2] [WARNING] Missing required fields in article: https://finance.vietstock.vn/truy-xuat-du-lieu/tong-hop-doanh-nghiep.htm
[2026-06-27 23:29:21] [TASK_2] [WARNING] Missing required fields in article: https://finance.vietstock.vn/truy-xuat-du-lieu/bao-cao-tai-chinh.htm
[2026-06-27 23:29:21] [TASK_2] [WARNING] Missing required fields in article: https://finance.vietstock.vn/truy-xuat-du-lieu/bao-cao-tai-chinh-nganh.htm
[2026-06-27 23:29:21] [TASK_2] [WARNING] Missing required fields in article: https://finance.vietstock.vn/du-lieu-vi-mo
[2026-06-27 23:29:21] [TASK_2] [WARNING] Missing required fields in article: https://vietstock.vn/chu-de/1-2/moi-cap-nhat.htm
[2026-06-27 23:29:21] [TASK_2] [WARNING] Missing required fields in article: https://vietstock.vn/chung-khoan.htm
[2026-06-27 23:29:21] [TASK_2] [WARNING] Missing required fields in article: https://vietstock.vn/doanh-nghiep.htm
[2026-06-27 23:29:21] [TASK_2] [WARNING] Missing required fields in article: https://vietstock.vn/bat-dong-san.htm
[2026-06-27 23:29:21] [TASK_2] [WARNING] Missing required fields in article: https://vietstock.vn/tai-chinh.htm
[2026-06-27 23:29:21] [TASK_2] [WARNING] Missing required fields in article: https://vietstock.vn/hang-hoa.htm
[2026-06-27 23:29:21] [TASK_2] [WARNING] Missing required fields in article: https://vietstock.vn/kinh-te.htm
[2026-06-27 23:29:21] [TASK_2] [WARNING] Missing required fields in article: https://vietstock.vn/the-gioi.htm
[2026-06-27 23:29:21] [TASK_2] [WARNING] Missing required fields in article: https://vietstock.vn/tai-chinh-ca-nhan.htm
[2026-06-27 23:29:21] [TASK_2] [WARNING] Missing required fields in article: https://vietstock.vn/nhan-dinh-phan-tich.htm
[2026-06-27 23:29:21] [TASK_2] [WARNING] Missing required fields in article: https://vietstock.vn/dong-duong.htm
[2026-06-27 23:29:22] [TASK_2] [WARNING] Missing required fields in article: https://vietstock.vn/chu-de/1-2/moi-cap-nhat.htm
[2026-06-27 23:29:22] [TASK_2] [WARNING] Missing required fields in article: https://vietstock.vn/chung-khoan.htm
[2026-06-27 23:29:22] [TASK_2] [WARNING] Missing required fields in article: https://vietstock.vn/chung-khoan/co-phieu.htm
[2026-06-27 23:29:22] [TASK_2] [WARNING] Missing required fields in article: https://vietstock.vn/chung-khoan/giao-dich-noi-bo.htm
[2026-06-27 23:29:22] [TASK_2] [WARNING] Missing required fields in article: https://vietstock.vn/chung-khoan/niem-yet.htm
[2026-06-27 23:29:22] [TASK_2] [WARNING] Missing required fields in article: https://vietstock.vn/chung-khoan/etf-va-cac-quy.htm
[2026-06-27 23:29:22] [TASK_2] [WARNING] Missing required fields in article: https://vietstock.vn/chung-khoan/chung-khoan-phai-sinh.htm
[2026-06-27 23:29:22] [TASK_2] [WARNING] Missing required fields in article: https://vietstock.vn/chung-khoan/chung-quyen.htm
[2026-06-27 23:29:22] [TASK_2] [WARNING] Missing required fields in article: https://vietstock.vn/chung-khoan/y-kien-chuyen-gia.htm
[2026-06-27 23:29:23] [TASK_2] [WARNING] Missing required fields in article: https://vietstock.vn/chung-khoan/cau-chuyen-dau-tu.htm
[2026-06-27 23:29:23] [TASK_2] [WARNING] Missing required fields in article: https://vietstock.vn/chung-khoan/chinh-sach.htm
[2026-06-27 23:29:23] [TASK_2] [WARNING] Missing required fields in article: https://vietstock.vn/chung-khoan/thi-truong-trai-phieu.htm
[2026-06-27 23:29:23] [TASK_2] [WARNING] Missing required fields in article: https://vietstock.vn/doanh-nghiep.htm
[2026-06-27 23:29:23] [TASK_2] [WARNING] Missing required fields in article: https://vietstock.vn/doanh-nghiep/hoat-dong-kinh-doanh.htm
[2026-06-27 23:29:23] [TASK_2] [WARNING] Missing required fields in article: https://vietstock.vn/doanh-nghiep/co-tuc.htm
[2026-06-27 23:29:23] [TASK_2] [WARNING] Missing required fields in article: https://vietstock.vn/doanh-nghiep/tang-von-m-a.htm
[2026-06-27 23:29:23] [TASK_2] [WARNING] Missing required fields in article: https://vietstock.vn/doanh-nghiep/ipo-co-phan-hoa.htm
[2026-06-27 23:29:23] [TASK_2] [WARNING] Missing required fields in article: https://vietstock.vn/doanh-nghiep/nhan-vat.htm
[2026-06-27 23:29:23] [TASK_2] [WARNING] Missing required fields in article: https://vietstock.vn/doanh-nghiep/trai-phieu-doanh-nghiep.htm
[2026-06-27 23:29:23] [TASK_2] [WARNING] Missing required fields in article: https://vietstock.vn/bat-dong-san.htm
[2026-06-27 23:29:23] [TASK_2] [WARNING] Missing required fields in article: https://vietstock.vn/bat-dong-san/thi-truong-nha-dat.htm
[2026-06-27 23:29:23] [TASK_2] [WARNING] Missing required fields in article: https://vietstock.vn/bat-dong-san/quy-hoach-ha-tang.htm
[2026-06-27 23:29:23] [TASK_2] [WARNING] Missing required fields in article: https://vietstock.vn/bat-dong-san/du-an.htm
[2026-06-27 23:29:23] [TASK_2] [WARNING] Missing required fields in article: https://vietstock.vn/bat-dong-san/bao-hiem-va-thue-nha-dat.htm
[2026-06-27 23:29:23] [TASK_2] [WARNING] Missing required fields in article: https://vietstock.vn/tai-chinh.htm
[2026-06-27 23:29:23] [TASK_2] [WARNING] Missing required fields in article: https://vietstock.vn/tai-chinh/ngan-hang.htm
[2026-06-27 23:29:23] [TASK_2] [WARNING] Missing required fields in article: https://vietstock.vn/tai-chinh/bao-hiem.htm
[2026-06-27 23:29:23] [TASK_2] [WARNING] Missing required fields in article: https://vietstock.vn/tai-chinh/thue-va-ngan-sach.htm
[2026-06-27 23:29:23] [TASK_2] [WARNING] Missing required fields in article: https://vietstock.vn/tai-chinh/tai-san-so.htm
[2026-06-27 23:29:23] [TASK_2] [WARNING] Missing required fields in article: https://vietstock.vn/hang-hoa.htm
[2026-06-27 23:29:23] [TASK_2] [WARNING] Missing required fields in article: https://vietstock.vn/hang-hoa/vang-va-kim-loai-quy.htm
[2026-06-27 23:29:23] [TASK_2] [WARNING] Missing required fields in article: https://vietstock.vn/hang-hoa/nhien-lieu.htm
[2026-06-27 23:29:23] [TASK_2] [WARNING] Missing required fields in article: https://vietstock.vn/hang-hoa/kim-loai.htm
[2026-06-27 23:29:23] [TASK_2] [WARNING] Missing required fields in article: https://vietstock.vn/hang-hoa/nong-san-thuc-pham.htm
[2026-06-27 23:29:23] [TASK_2] [WARNING] Missing required fields in article: https://vietstock.vn/kinh-te.htm
[2026-06-27 23:29:23] [TASK_2] [WARNING] Missing required fields in article: https://vietstock.vn/kinh-te/vi-mo.htm
[2026-06-27 23:29:23] [TASK_2] [WARNING] Missing required fields in article: https://vietstock.vn/kinh-te/kinh-te-dau-tu.htm
[2026-06-27 23:29:23] [TASK_2] [WARNING] Missing required fields in article: https://vietstock.vn/the-gioi.htm
[2026-06-27 23:29:23] [TASK_2] [WARNING] Missing required fields in article: https://vietstock.vn/the-gioi/chung-khoan-the-gioi.htm
[2026-06-27 23:29:23] [TASK_2] [WARNING] Missing required fields in article: https://vietstock.vn/the-gioi/tien-ky-thuat-so.htm
[2026-06-27 23:29:23] [TASK_2] [WARNING] Missing required fields in article: https://vietstock.vn/the-gioi/tai-chinh-quoc-te.htm
[2026-06-27 23:29:23] [TASK_2] [WARNING] Missing required fields in article: https://vietstock.vn/the-gioi/kinh-te-nganh.htm
[2026-06-27 23:29:23] [TASK_2] [WARNING] Missing required fields in article: https://vietstock.vn/tai-chinh-ca-nhan.htm
[2026-06-27 23:29:23] [TASK_2] [WARNING] Missing required fields in article: https://vietstock.vn/tai-chinh-ca-nhan/lam-chu-dong-tien.htm
[2026-06-27 23:29:23] [TASK_2] [WARNING] Missing required fields in article: https://vietstock.vn/tai-chinh-ca-nhan/dau-tu-kinh-doanh-nho.htm
[2026-06-27 23:29:23] [TASK_2] [WARNING] Missing required fields in article: https://vietstock.vn/tai-chinh-ca-nhan/doanh-nhan-va-khoi-nghiep.htm
[2026-06-27 23:29:23] [TASK_2] [WARNING] Missing required fields in article: https://vietstock.vn/tai-chinh-ca-nhan/choi-sang.htm
[2026-06-27 23:29:23] [TASK_2] [WARNING] Missing required fields in article: https://vietstock.vn/tai-chinh-ca-nhan/xe-cong-nghe.htm
[2026-06-27 23:29:23] [TASK_2] [WARNING] Missing required fields in article: https://vietstock.vn/tai-chinh-ca-nhan/tieu-dung-va-cuoc-song.htm
[2026-06-27 23:29:23] [TASK_2] [WARNING] Missing required fields in article: https://vietstock.vn/tai-chinh-ca-nhan/vi-cong-dong.htm
[2026-06-27 23:29:23] [TASK_2] [WARNING] Missing required fields in article: https://vietstock.vn/nhan-dinh-phan-tich.htm
[2026-06-27 23:29:23] [TASK_2] [WARNING] Missing required fields in article: https://vietstock.vn/nhan-dinh-phan-tich/nhan-dinh-thi-truong.htm
[2026-06-27 23:29:23] [TASK_2] [WARNING] Missing required fields in article: https://vietstock.vn/nhan-dinh-phan-tich/phan-tich-co-ban.htm
[2026-06-27 23:29:23] [TASK_2] [WARNING] Missing required fields in article: https://vietstock.vn/nhan-dinh-phan-tich/phan-tich-ky-thuat.htm
[2026-06-27 23:29:23] [TASK_2] [WARNING] Missing required fields in article: https://vietstock.vn/dong-duong.htm
[2026-06-27 23:29:23] [TASK_2] [WARNING] Missing required fields in article: https://vietstock.vn/dong-duong/vi-mo-dau-tu.htm
[2026-06-27 23:29:23] [TASK_2] [WARNING] Missing required fields in article: https://vietstock.vn/dong-duong/tai-chinh-ngan-hang.htm
[2026-06-27 23:29:23] [TASK_2] [WARNING] Missing required fields in article: https://vietstock.vn/dong-duong/thi-truong-chung-khoan.htm
[2026-06-27 23:29:23] [TASK_2] [WARNING] Missing required fields in article: https://vietstock.vn/dong-duong/kinh-te-nganh.htm
[2026-06-27 23:29:23] [TASK_2] [WARNING] Missing required fields in article: javascript:void(0)
[2026-06-27 23:29:23] [TASK_2] [WARNING] Missing required fields in article: https://vietstock.vn/chu-de/217-7/quan-he-nha-dau-tu-ir.htm
[2026-06-27 23:29:23] [TASK_2] [WARNING] Missing required fields in article: https://vietstock.vn/chu-de/665-7/dhdcd-thuong-nien-2026.htm
[2026-06-27 23:29:23] [TASK_2] [WARNING] Missing required fields in article: https://vietstock.vn/chu-de/503-7/nang-hang-thi-truong.htm
[2026-06-27 23:29:23] [TASK_2] [WARNING] Missing required fields in article: https://vietstock.vn/chu-de/644-7/trump-20.htm
[2026-06-27 23:29:23] [TASK_2] [WARNING] Missing required fields in article: https://vietstock.vn/chu-de/652-7/trung-tam-tai-chinh.htm
[2026-06-27 23:29:23] [TASK_2] [WARNING] Missing required fields in article: https://vietstock.vn/chu-de/467-7/cac-kenh-dau-tu.htm
[2026-06-27 23:29:23] [TASK_2] [WARNING] Missing required fields in article: https://vietstock.vn/chu-de/1-8/tat-ca.htm
[2026-06-27 23:29:23] [TASK_2] [WARNING] Missing required fields in article: https://finance.vietstock.vn/du-lieu-vi-mo
[2026-06-27 23:29:23] [TASK_2] [WARNING] Missing required fields in article: https://finance.vietstock.vn/du-lieu-nganh.htm
[2026-06-27 23:29:23] [TASK_2] [WARNING] Missing required fields in article: https://finance.vietstock.vn/du-lieu-nganh.htm
[2026-06-27 23:29:23] [TASK_2] [WARNING] Missing required fields in article: https://finance.vietstock.vn/nganh/40-tai-chinh.htm
[2026-06-27 23:29:23] [TASK_2] [WARNING] Missing required fields in article: https://finance.vietstock.vn/doanh-nghiep-a-z?page=1
[2026-06-27 23:29:23] [TASK_2] [WARNING] Missing required fields in article: https://finance.vietstock.vn/doanh-nghiep-a-z?page=1
[2026-06-27 23:29:23] [TASK_2] [WARNING] Missing required fields in article: https://finance.vietstock.vn/lich-su-kien.htm?page=1
[2026-06-27 23:29:23] [TASK_2] [WARNING] Missing required fields in article: https://finance.vietstock.vn/ket-qua-kinh-doanh
[2026-06-27 23:29:23] [TASK_2] [WARNING] Missing required fields in article: https://finance.vietstock.vn/giao-dich-noi-bo
[2026-06-27 23:29:23] [TASK_2] [WARNING] Missing required fields in article: https://finance.vietstock.vn/tai-lieu/bao-cao-tai-chinh.htm
[2026-06-27 23:29:23] [TASK_2] [WARNING] Missing required fields in article: https://finance.vietstock.vn/nien-giam.htm
[2026-06-27 23:29:23] [TASK_2] [WARNING] Missing required fields in article: https://finance.vietstock.vn/chung-khoan-phai-sinh/hop-dong-tuong-lai.htm
[2026-06-27 23:29:23] [TASK_2] [WARNING] Missing required fields in article: https://finance.vietstock.vn/chung-khoan-phai-sinh/hop-dong-tuong-lai.htm
[2026-06-27 23:29:23] [TASK_2] [WARNING] Missing required fields in article: https://finance.vietstock.vn/chung-khoan-phai-sinh/hop-dong-tuong-lai.htm
[2026-06-27 23:29:23] [TASK_2] [WARNING] Missing required fields in article: https://finance.vietstock.vn/chung-khoan-phai-sinh/thong-ke-giao-dich.htm
[2026-06-27 23:29:23] [TASK_2] [WARNING] Missing required fields in article: https://finance.vietstock.vn/chung-khoan-phai-sinh/qui-dinh-huong-dan.htm
[2026-06-27 23:29:23] [TASK_2] [WARNING] Missing required fields in article: https://finance.vietstock.vn/chung-khoan-phai-sinh/chung-quyen.htm
[2026-06-27 23:29:23] [TASK_2] [WARNING] Missing required fields in article: https://finance.vietstock.vn/chung-khoan-phai-sinh/chung-quyen.htm
[2026-06-27 23:29:23] [TASK_2] [WARNING] Missing required fields in article: https://finance.vietstock.vn/chung-khoan-phai-sinh/cw-thong-ke-giao-dich.htm
[2026-06-27 23:29:23] [TASK_2] [WARNING] Missing required fields in article: https://finance.vietstock.vn/chung-khoan-phai-sinh/cw-blackschole.htm
[2026-06-27 23:29:23] [TASK_2] [WARNING] Missing required fields in article: https://finance.vietstock.vn/trai-phieu/tp-doanh-nghiep/tong-quan.htm
[2026-06-27 23:29:23] [TASK_2] [WARNING] Missing required fields in article: https://finance.vietstock.vn/trai-phieu/tp-doanh-nghiep/tong-quan.htm
[2026-06-27 23:29:23] [TASK_2] [WARNING] Missing required fields in article: https://finance.vietstock.vn/trai-phieu/tp-doanh-nghiep/to-chuc-phat-hanh.htm?page=1
[2026-06-27 23:29:23] [TASK_2] [WARNING] Missing required fields in article: https://finance.vietstock.vn/trai-phieu/tp-doanh-nghiep/danh-sach.htm
[2026-06-27 23:29:23] [TASK_2] [WARNING] Missing required fields in article: https://finance.vietstock.vn/trai-phieu/tp-doanh-nghiep/thong-ke-giao-dich.htm
[2026-06-27 23:29:23] [TASK_2] [WARNING] Missing required fields in article: https://finance.vietstock.vn/suc-manh-gia-rrg
[2026-06-27 23:29:23] [TASK_2] [WARNING] Missing required fields in article: https://finance.vietstock.vn/suc-manh-gia-rrg
[2026-06-27 23:29:23] [TASK_2] [WARNING] Missing required fields in article: https://finance.vietstock.vn/phan-tich-ky-thuat.htm
[2026-06-27 23:29:23] [TASK_2] [WARNING] Missing required fields in article: https://banggia.vietstock.vn/
[2026-06-27 23:29:23] [TASK_2] [WARNING] Missing required fields in article: https://finance.vietstock.vn/bo-loc-co-phieu.htm
[2026-06-27 23:29:23] [TASK_2] [WARNING] Missing required fields in article: https://finance.vietstock.vn/so-sanh-co-phieu.htm
[2026-06-27 23:29:23] [TASK_2] [WARNING] Missing required fields in article: https://finance.vietstock.vn/bao-cao-phan-tich
[2026-06-27 23:29:23] [TASK_2] [WARNING] Missing required fields in article: https://finance.vietstock.vn/bieu-do-tai-chinh.htm
[2026-06-27 23:29:23] [TASK_2] [WARNING] Missing required fields in article: https://finance.vietstock.vn/truy-xuat-du-lieu/tong-hop-doanh-nghiep.htm
[2026-06-27 23:29:23] [TASK_2] [WARNING] Missing required fields in article: https://finance.vietstock.vn/truy-xuat-du-lieu/tong-hop-doanh-nghiep.htm
[2026-06-27 23:29:23] [TASK_2] [WARNING] Missing required fields in article: https://finance.vietstock.vn/truy-xuat-du-lieu/bao-cao-tai-chinh.htm
[2026-06-27 23:29:23] [TASK_2] [WARNING] Missing required fields in article: https://finance.vietstock.vn/truy-xuat-du-lieu/bao-cao-tai-chinh-nganh.htm
[2026-06-27 23:29:23] [TASK_2] [WARNING] Missing required fields in article: https://finance.vietstock.vn/du-lieu-vi-mo
[2026-06-27 23:29:23] [TASK_2] [WARNING] Missing required fields in article: https://vietstock.vn/chu-de/1-2/moi-cap-nhat.htm
[2026-06-27 23:29:23] [TASK_2] [WARNING] Missing required fields in article: https://vietstock.vn/chung-khoan.htm
[2026-06-27 23:29:23] [TASK_2] [WARNING] Missing required fields in article: https://vietstock.vn/doanh-nghiep.htm
[2026-06-27 23:29:23] [TASK_2] [WARNING] Missing required fields in article: https://vietstock.vn/bat-dong-san.htm
[2026-06-27 23:29:23] [TASK_2] [WARNING] Missing required fields in article: https://vietstock.vn/tai-chinh.htm
[2026-06-27 23:29:23] [TASK_2] [WARNING] Missing required fields in article: https://vietstock.vn/hang-hoa.htm
[2026-06-27 23:29:23] [TASK_2] [WARNING] Missing required fields in article: https://vietstock.vn/kinh-te.htm
[2026-06-27 23:29:23] [TASK_2] [WARNING] Missing required fields in article: https://vietstock.vn/the-gioi.htm
[2026-06-27 23:29:23] [TASK_2] [WARNING] Missing required fields in article: https://vietstock.vn/tai-chinh-ca-nhan.htm
[2026-06-27 23:29:23] [TASK_2] [WARNING] Missing required fields in article: https://vietstock.vn/nhan-dinh-phan-tich.htm
[2026-06-27 23:29:23] [TASK_2] [WARNING] Missing required fields in article: https://vietstock.vn/dong-duong.htm
[2026-06-27 23:29:23] [TASK_2] [INFO] Vietstock tag page yielded no articles for VNM. Trying finance sub-domain fallback.
[2026-06-27 23:29:24] [TASK_2] [WARNING] Missing required fields in article: https://dichvu.vietstock.vn/
[2026-06-27 23:29:24] [TASK_2] [WARNING] Missing required fields in article: https://dichvu.vietstock.vn/
[2026-06-27 23:29:24] [TASK_2] [INFO] Vietstock: collected 2 articles for VNM
[2026-06-27 23:29:24] [TASK_2] [INFO] Scraping vietstock for ticker=VCB from 2022-01-01 (existing URLs: 0)
[2026-06-27 23:29:25] [TASK_2] [WARNING] Missing required fields in article: https://vietstock.vn/chu-de/1-2/moi-cap-nhat.htm
[2026-06-27 23:29:25] [TASK_2] [WARNING] Missing required fields in article: https://vietstock.vn/chung-khoan.htm
[2026-06-27 23:29:25] [TASK_2] [WARNING] Missing required fields in article: https://vietstock.vn/chung-khoan/co-phieu.htm
[2026-06-27 23:29:25] [TASK_2] [WARNING] Missing required fields in article: https://vietstock.vn/chung-khoan/giao-dich-noi-bo.htm
[2026-06-27 23:29:25] [TASK_2] [WARNING] Missing required fields in article: https://vietstock.vn/chung-khoan/niem-yet.htm
[2026-06-27 23:29:25] [TASK_2] [WARNING] Missing required fields in article: https://vietstock.vn/chung-khoan/etf-va-cac-quy.htm
[2026-06-27 23:29:25] [TASK_2] [WARNING] Missing required fields in article: https://vietstock.vn/chung-khoan/chung-khoan-phai-sinh.htm
[2026-06-27 23:29:25] [TASK_2] [WARNING] Missing required fields in article: https://vietstock.vn/chung-khoan/chung-quyen.htm
[2026-06-27 23:29:25] [TASK_2] [WARNING] Missing required fields in article: https://vietstock.vn/chung-khoan/y-kien-chuyen-gia.htm
[2026-06-27 23:29:25] [TASK_2] [WARNING] Missing required fields in article: https://vietstock.vn/chung-khoan/cau-chuyen-dau-tu.htm
[2026-06-27 23:29:25] [TASK_2] [WARNING] Missing required fields in article: https://vietstock.vn/chung-khoan/chinh-sach.htm
[2026-06-27 23:29:25] [TASK_2] [WARNING] Missing required fields in article: https://vietstock.vn/chung-khoan/thi-truong-trai-phieu.htm
[2026-06-27 23:29:25] [TASK_2] [WARNING] Missing required fields in article: https://vietstock.vn/doanh-nghiep.htm
[2026-06-27 23:29:25] [TASK_2] [WARNING] Missing required fields in article: https://vietstock.vn/doanh-nghiep/hoat-dong-kinh-doanh.htm
[2026-06-27 23:29:25] [TASK_2] [WARNING] Missing required fields in article: https://vietstock.vn/doanh-nghiep/co-tuc.htm
[2026-06-27 23:29:25] [TASK_2] [WARNING] Missing required fields in article: https://vietstock.vn/doanh-nghiep/tang-von-m-a.htm
[2026-06-27 23:29:25] [TASK_2] [WARNING] Missing required fields in article: https://vietstock.vn/doanh-nghiep/ipo-co-phan-hoa.htm
[2026-06-27 23:29:25] [TASK_2] [WARNING] Missing required fields in article: https://vietstock.vn/doanh-nghiep/nhan-vat.htm
[2026-06-27 23:29:25] [TASK_2] [WARNING] Missing required fields in article: https://vietstock.vn/doanh-nghiep/trai-phieu-doanh-nghiep.htm
[2026-06-27 23:29:25] [TASK_2] [WARNING] Missing required fields in article: https://vietstock.vn/bat-dong-san.htm
[2026-06-27 23:29:25] [TASK_2] [WARNING] Missing required fields in article: https://vietstock.vn/bat-dong-san/thi-truong-nha-dat.htm
[2026-06-27 23:29:25] [TASK_2] [WARNING] Missing required fields in article: https://vietstock.vn/bat-dong-san/quy-hoach-ha-tang.htm
[2026-06-27 23:29:25] [TASK_2] [WARNING] Missing required fields in article: https://vietstock.vn/bat-dong-san/du-an.htm
[2026-06-27 23:29:25] [TASK_2] [WARNING] Missing required fields in article: https://vietstock.vn/bat-dong-san/bao-hiem-va-thue-nha-dat.htm
[2026-06-27 23:29:25] [TASK_2] [WARNING] Missing required fields in article: https://vietstock.vn/tai-chinh.htm
[2026-06-27 23:29:25] [TASK_2] [WARNING] Missing required fields in article: https://vietstock.vn/tai-chinh/ngan-hang.htm
[2026-06-27 23:29:25] [TASK_2] [WARNING] Missing required fields in article: https://vietstock.vn/tai-chinh/bao-hiem.htm
[2026-06-27 23:29:25] [TASK_2] [WARNING] Missing required fields in article: https://vietstock.vn/tai-chinh/thue-va-ngan-sach.htm
[2026-06-27 23:29:25] [TASK_2] [WARNING] Missing required fields in article: https://vietstock.vn/tai-chinh/tai-san-so.htm
[2026-06-27 23:29:25] [TASK_2] [WARNING] Missing required fields in article: https://vietstock.vn/hang-hoa.htm
[2026-06-27 23:29:25] [TASK_2] [WARNING] Missing required fields in article: https://vietstock.vn/hang-hoa/vang-va-kim-loai-quy.htm
[2026-06-27 23:29:25] [TASK_2] [WARNING] Missing required fields in article: https://vietstock.vn/hang-hoa/nhien-lieu.htm
[2026-06-27 23:29:25] [TASK_2] [WARNING] Missing required fields in article: https://vietstock.vn/hang-hoa/kim-loai.htm
[2026-06-27 23:29:25] [TASK_2] [WARNING] Missing required fields in article: https://vietstock.vn/hang-hoa/nong-san-thuc-pham.htm
[2026-06-27 23:29:25] [TASK_2] [WARNING] Missing required fields in article: https://vietstock.vn/kinh-te.htm
[2026-06-27 23:29:25] [TASK_2] [WARNING] Missing required fields in article: https://vietstock.vn/kinh-te/vi-mo.htm
[2026-06-27 23:29:25] [TASK_2] [WARNING] Missing required fields in article: https://vietstock.vn/kinh-te/kinh-te-dau-tu.htm
[2026-06-27 23:29:25] [TASK_2] [WARNING] Missing required fields in article: https://vietstock.vn/the-gioi.htm
[2026-06-27 23:29:25] [TASK_2] [WARNING] Missing required fields in article: https://vietstock.vn/the-gioi/chung-khoan-the-gioi.htm
[2026-06-27 23:29:25] [TASK_2] [WARNING] Missing required fields in article: https://vietstock.vn/the-gioi/tien-ky-thuat-so.htm
[2026-06-27 23:29:25] [TASK_2] [WARNING] Missing required fields in article: https://vietstock.vn/the-gioi/tai-chinh-quoc-te.htm
[2026-06-27 23:29:25] [TASK_2] [WARNING] Missing required fields in article: https://vietstock.vn/the-gioi/kinh-te-nganh.htm
[2026-06-27 23:29:25] [TASK_2] [WARNING] Missing required fields in article: https://vietstock.vn/tai-chinh-ca-nhan.htm
[2026-06-27 23:29:25] [TASK_2] [WARNING] Missing required fields in article: https://vietstock.vn/tai-chinh-ca-nhan/lam-chu-dong-tien.htm
[2026-06-27 23:29:25] [TASK_2] [WARNING] Missing required fields in article: https://vietstock.vn/tai-chinh-ca-nhan/dau-tu-kinh-doanh-nho.htm
[2026-06-27 23:29:25] [TASK_2] [WARNING] Missing required fields in article: https://vietstock.vn/tai-chinh-ca-nhan/doanh-nhan-va-khoi-nghiep.htm
[2026-06-27 23:29:25] [TASK_2] [WARNING] Missing required fields in article: https://vietstock.vn/tai-chinh-ca-nhan/choi-sang.htm
[2026-06-27 23:29:25] [TASK_2] [WARNING] Missing required fields in article: https://vietstock.vn/tai-chinh-ca-nhan/xe-cong-nghe.htm
[2026-06-27 23:29:25] [TASK_2] [WARNING] Missing required fields in article: https://vietstock.vn/tai-chinh-ca-nhan/tieu-dung-va-cuoc-song.htm
[2026-06-27 23:29:25] [TASK_2] [WARNING] Missing required fields in article: https://vietstock.vn/tai-chinh-ca-nhan/vi-cong-dong.htm
[2026-06-27 23:29:25] [TASK_2] [WARNING] Missing required fields in article: https://vietstock.vn/nhan-dinh-phan-tich.htm
[2026-06-27 23:29:25] [TASK_2] [WARNING] Missing required fields in article: https://vietstock.vn/nhan-dinh-phan-tich/nhan-dinh-thi-truong.htm
[2026-06-27 23:29:25] [TASK_2] [WARNING] Missing required fields in article: https://vietstock.vn/nhan-dinh-phan-tich/phan-tich-co-ban.htm
[2026-06-27 23:29:25] [TASK_2] [WARNING] Missing required fields in article: https://vietstock.vn/nhan-dinh-phan-tich/phan-tich-ky-thuat.htm
[2026-06-27 23:29:25] [TASK_2] [WARNING] Missing required fields in article: https://vietstock.vn/dong-duong.htm
[2026-06-27 23:29:25] [TASK_2] [WARNING] Missing required fields in article: https://vietstock.vn/dong-duong/vi-mo-dau-tu.htm
[2026-06-27 23:29:25] [TASK_2] [WARNING] Missing required fields in article: https://vietstock.vn/dong-duong/tai-chinh-ngan-hang.htm
[2026-06-27 23:29:25] [TASK_2] [WARNING] Missing required fields in article: https://vietstock.vn/dong-duong/thi-truong-chung-khoan.htm
[2026-06-27 23:29:25] [TASK_2] [WARNING] Missing required fields in article: https://vietstock.vn/dong-duong/kinh-te-nganh.htm
[2026-06-27 23:29:25] [TASK_2] [WARNING] Missing required fields in article: javascript:void(0)
[2026-06-27 23:29:25] [TASK_2] [WARNING] Missing required fields in article: https://vietstock.vn/chu-de/217-7/quan-he-nha-dau-tu-ir.htm
[2026-06-27 23:29:25] [TASK_2] [WARNING] Missing required fields in article: https://vietstock.vn/chu-de/665-7/dhdcd-thuong-nien-2026.htm
[2026-06-27 23:29:25] [TASK_2] [WARNING] Missing required fields in article: https://vietstock.vn/chu-de/503-7/nang-hang-thi-truong.htm
[2026-06-27 23:29:25] [TASK_2] [WARNING] Missing required fields in article: https://vietstock.vn/chu-de/644-7/trump-20.htm
[2026-06-27 23:29:25] [TASK_2] [WARNING] Missing required fields in article: https://vietstock.vn/chu-de/652-7/trung-tam-tai-chinh.htm
[2026-06-27 23:29:25] [TASK_2] [WARNING] Missing required fields in article: https://vietstock.vn/chu-de/467-7/cac-kenh-dau-tu.htm
[2026-06-27 23:29:25] [TASK_2] [WARNING] Missing required fields in article: https://vietstock.vn/chu-de/1-8/tat-ca.htm
[2026-06-27 23:29:25] [TASK_2] [WARNING] Missing required fields in article: https://finance.vietstock.vn/du-lieu-vi-mo
[2026-06-27 23:29:25] [TASK_2] [WARNING] Missing required fields in article: https://finance.vietstock.vn/du-lieu-nganh.htm
[2026-06-27 23:29:25] [TASK_2] [WARNING] Missing required fields in article: https://finance.vietstock.vn/du-lieu-nganh.htm
[2026-06-27 23:29:25] [TASK_2] [WARNING] Missing required fields in article: https://finance.vietstock.vn/nganh/40-tai-chinh.htm
[2026-06-27 23:29:25] [TASK_2] [WARNING] Missing required fields in article: https://finance.vietstock.vn/doanh-nghiep-a-z?page=1
[2026-06-27 23:29:25] [TASK_2] [WARNING] Missing required fields in article: https://finance.vietstock.vn/doanh-nghiep-a-z?page=1
[2026-06-27 23:29:25] [TASK_2] [WARNING] Missing required fields in article: https://finance.vietstock.vn/lich-su-kien.htm?page=1
[2026-06-27 23:29:25] [TASK_2] [WARNING] Missing required fields in article: https://finance.vietstock.vn/ket-qua-kinh-doanh
[2026-06-27 23:29:25] [TASK_2] [WARNING] Missing required fields in article: https://finance.vietstock.vn/giao-dich-noi-bo
[2026-06-27 23:29:25] [TASK_2] [WARNING] Missing required fields in article: https://finance.vietstock.vn/tai-lieu/bao-cao-tai-chinh.htm
[2026-06-27 23:29:25] [TASK_2] [WARNING] Missing required fields in article: https://finance.vietstock.vn/nien-giam.htm
[2026-06-27 23:29:25] [TASK_2] [WARNING] Missing required fields in article: https://finance.vietstock.vn/chung-khoan-phai-sinh/hop-dong-tuong-lai.htm
[2026-06-27 23:29:25] [TASK_2] [WARNING] Missing required fields in article: https://finance.vietstock.vn/chung-khoan-phai-sinh/hop-dong-tuong-lai.htm
[2026-06-27 23:29:25] [TASK_2] [WARNING] Missing required fields in article: https://finance.vietstock.vn/chung-khoan-phai-sinh/hop-dong-tuong-lai.htm
[2026-06-27 23:29:25] [TASK_2] [WARNING] Missing required fields in article: https://finance.vietstock.vn/chung-khoan-phai-sinh/thong-ke-giao-dich.htm
[2026-06-27 23:29:25] [TASK_2] [WARNING] Missing required fields in article: https://finance.vietstock.vn/chung-khoan-phai-sinh/qui-dinh-huong-dan.htm
[2026-06-27 23:29:25] [TASK_2] [WARNING] Missing required fields in article: https://finance.vietstock.vn/chung-khoan-phai-sinh/chung-quyen.htm
[2026-06-27 23:29:25] [TASK_2] [WARNING] Missing required fields in article: https://finance.vietstock.vn/chung-khoan-phai-sinh/chung-quyen.htm
[2026-06-27 23:29:25] [TASK_2] [WARNING] Missing required fields in article: https://finance.vietstock.vn/chung-khoan-phai-sinh/cw-thong-ke-giao-dich.htm
[2026-06-27 23:29:25] [TASK_2] [WARNING] Missing required fields in article: https://finance.vietstock.vn/chung-khoan-phai-sinh/cw-blackschole.htm
[2026-06-27 23:29:25] [TASK_2] [WARNING] Missing required fields in article: https://finance.vietstock.vn/trai-phieu/tp-doanh-nghiep/tong-quan.htm
[2026-06-27 23:29:25] [TASK_2] [WARNING] Missing required fields in article: https://finance.vietstock.vn/trai-phieu/tp-doanh-nghiep/tong-quan.htm
[2026-06-27 23:29:25] [TASK_2] [WARNING] Missing required fields in article: https://finance.vietstock.vn/trai-phieu/tp-doanh-nghiep/to-chuc-phat-hanh.htm?page=1
[2026-06-27 23:29:25] [TASK_2] [WARNING] Missing required fields in article: https://finance.vietstock.vn/trai-phieu/tp-doanh-nghiep/danh-sach.htm
[2026-06-27 23:29:25] [TASK_2] [WARNING] Missing required fields in article: https://finance.vietstock.vn/trai-phieu/tp-doanh-nghiep/thong-ke-giao-dich.htm
[2026-06-27 23:29:25] [TASK_2] [WARNING] Missing required fields in article: https://finance.vietstock.vn/suc-manh-gia-rrg
[2026-06-27 23:29:25] [TASK_2] [WARNING] Missing required fields in article: https://finance.vietstock.vn/suc-manh-gia-rrg
[2026-06-27 23:29:25] [TASK_2] [WARNING] Missing required fields in article: https://finance.vietstock.vn/phan-tich-ky-thuat.htm
[2026-06-27 23:29:25] [TASK_2] [WARNING] Missing required fields in article: https://banggia.vietstock.vn/
[2026-06-27 23:29:25] [TASK_2] [WARNING] Missing required fields in article: https://finance.vietstock.vn/bo-loc-co-phieu.htm
[2026-06-27 23:29:25] [TASK_2] [WARNING] Missing required fields in article: https://finance.vietstock.vn/so-sanh-co-phieu.htm
[2026-06-27 23:29:25] [TASK_2] [WARNING] Missing required fields in article: https://finance.vietstock.vn/bao-cao-phan-tich
[2026-06-27 23:29:25] [TASK_2] [WARNING] Missing required fields in article: https://finance.vietstock.vn/bieu-do-tai-chinh.htm
[2026-06-27 23:29:25] [TASK_2] [WARNING] Missing required fields in article: https://finance.vietstock.vn/truy-xuat-du-lieu/tong-hop-doanh-nghiep.htm
[2026-06-27 23:29:25] [TASK_2] [WARNING] Missing required fields in article: https://finance.vietstock.vn/truy-xuat-du-lieu/tong-hop-doanh-nghiep.htm
[2026-06-27 23:29:25] [TASK_2] [WARNING] Missing required fields in article: https://finance.vietstock.vn/truy-xuat-du-lieu/bao-cao-tai-chinh.htm
[2026-06-27 23:29:25] [TASK_2] [WARNING] Missing required fields in article: https://finance.vietstock.vn/truy-xuat-du-lieu/bao-cao-tai-chinh-nganh.htm
[2026-06-27 23:29:25] [TASK_2] [WARNING] Missing required fields in article: https://finance.vietstock.vn/du-lieu-vi-mo
[2026-06-27 23:29:25] [TASK_2] [WARNING] Missing required fields in article: https://vietstock.vn/chu-de/1-2/moi-cap-nhat.htm
[2026-06-27 23:29:25] [TASK_2] [WARNING] Missing required fields in article: https://vietstock.vn/chung-khoan.htm
[2026-06-27 23:29:25] [TASK_2] [WARNING] Missing required fields in article: https://vietstock.vn/doanh-nghiep.htm
[2026-06-27 23:29:25] [TASK_2] [WARNING] Missing required fields in article: https://vietstock.vn/bat-dong-san.htm
[2026-06-27 23:29:25] [TASK_2] [WARNING] Missing required fields in article: https://vietstock.vn/tai-chinh.htm
[2026-06-27 23:29:25] [TASK_2] [WARNING] Missing required fields in article: https://vietstock.vn/hang-hoa.htm
[2026-06-27 23:29:25] [TASK_2] [WARNING] Missing required fields in article: https://vietstock.vn/kinh-te.htm
[2026-06-27 23:29:25] [TASK_2] [WARNING] Missing required fields in article: https://vietstock.vn/the-gioi.htm
[2026-06-27 23:29:25] [TASK_2] [WARNING] Missing required fields in article: https://vietstock.vn/tai-chinh-ca-nhan.htm
[2026-06-27 23:29:25] [TASK_2] [WARNING] Missing required fields in article: https://vietstock.vn/nhan-dinh-phan-tich.htm
[2026-06-27 23:29:25] [TASK_2] [WARNING] Missing required fields in article: https://vietstock.vn/dong-duong.htm
[2026-06-27 23:29:27] [TASK_2] [WARNING] Missing required fields in article: https://vietstock.vn/chu-de/1-2/moi-cap-nhat.htm
[2026-06-27 23:29:27] [TASK_2] [WARNING] Missing required fields in article: https://vietstock.vn/chung-khoan.htm
[2026-06-27 23:29:27] [TASK_2] [WARNING] Missing required fields in article: https://vietstock.vn/chung-khoan/co-phieu.htm
[2026-06-27 23:29:27] [TASK_2] [WARNING] Missing required fields in article: https://vietstock.vn/chung-khoan/giao-dich-noi-bo.htm
[2026-06-27 23:29:27] [TASK_2] [WARNING] Missing required fields in article: https://vietstock.vn/chung-khoan/niem-yet.htm
[2026-06-27 23:29:27] [TASK_2] [WARNING] Missing required fields in article: https://vietstock.vn/chung-khoan/etf-va-cac-quy.htm
[2026-06-27 23:29:27] [TASK_2] [WARNING] Missing required fields in article: https://vietstock.vn/chung-khoan/chung-khoan-phai-sinh.htm
[2026-06-27 23:29:27] [TASK_2] [WARNING] Missing required fields in article: https://vietstock.vn/chung-khoan/chung-quyen.htm
[2026-06-27 23:29:27] [TASK_2] [WARNING] Missing required fields in article: https://vietstock.vn/chung-khoan/y-kien-chuyen-gia.htm
[2026-06-27 23:29:27] [TASK_2] [WARNING] Missing required fields in article: https://vietstock.vn/chung-khoan/cau-chuyen-dau-tu.htm
[2026-06-27 23:29:27] [TASK_2] [WARNING] Missing required fields in article: https://vietstock.vn/chung-khoan/chinh-sach.htm
[2026-06-27 23:29:27] [TASK_2] [WARNING] Missing required fields in article: https://vietstock.vn/chung-khoan/thi-truong-trai-phieu.htm
[2026-06-27 23:29:27] [TASK_2] [WARNING] Missing required fields in article: https://vietstock.vn/doanh-nghiep.htm
[2026-06-27 23:29:27] [TASK_2] [WARNING] Missing required fields in article: https://vietstock.vn/doanh-nghiep/hoat-dong-kinh-doanh.htm
[2026-06-27 23:29:27] [TASK_2] [WARNING] Missing required fields in article: https://vietstock.vn/doanh-nghiep/co-tuc.htm
[2026-06-27 23:29:27] [TASK_2] [WARNING] Missing required fields in article: https://vietstock.vn/doanh-nghiep/tang-von-m-a.htm
[2026-06-27 23:29:27] [TASK_2] [WARNING] Missing required fields in article: https://vietstock.vn/doanh-nghiep/ipo-co-phan-hoa.htm
[2026-06-27 23:29:27] [TASK_2] [WARNING] Missing required fields in article: https://vietstock.vn/doanh-nghiep/nhan-vat.htm
[2026-06-27 23:29:27] [TASK_2] [WARNING] Missing required fields in article: https://vietstock.vn/doanh-nghiep/trai-phieu-doanh-nghiep.htm
[2026-06-27 23:29:27] [TASK_2] [WARNING] Missing required fields in article: https://vietstock.vn/bat-dong-san.htm
[2026-06-27 23:29:27] [TASK_2] [WARNING] Missing required fields in article: https://vietstock.vn/bat-dong-san/thi-truong-nha-dat.htm
[2026-06-27 23:29:27] [TASK_2] [WARNING] Missing required fields in article: https://vietstock.vn/bat-dong-san/quy-hoach-ha-tang.htm
[2026-06-27 23:29:27] [TASK_2] [WARNING] Missing required fields in article: https://vietstock.vn/bat-dong-san/du-an.htm
[2026-06-27 23:29:27] [TASK_2] [WARNING] Missing required fields in article: https://vietstock.vn/bat-dong-san/bao-hiem-va-thue-nha-dat.htm
[2026-06-27 23:29:27] [TASK_2] [WARNING] Missing required fields in article: https://vietstock.vn/tai-chinh.htm
[2026-06-27 23:29:27] [TASK_2] [WARNING] Missing required fields in article: https://vietstock.vn/tai-chinh/ngan-hang.htm
[2026-06-27 23:29:27] [TASK_2] [WARNING] Missing required fields in article: https://vietstock.vn/tai-chinh/bao-hiem.htm
[2026-06-27 23:29:27] [TASK_2] [WARNING] Missing required fields in article: https://vietstock.vn/tai-chinh/thue-va-ngan-sach.htm
[2026-06-27 23:29:27] [TASK_2] [WARNING] Missing required fields in article: https://vietstock.vn/tai-chinh/tai-san-so.htm
[2026-06-27 23:29:27] [TASK_2] [WARNING] Missing required fields in article: https://vietstock.vn/hang-hoa.htm
[2026-06-27 23:29:27] [TASK_2] [WARNING] Missing required fields in article: https://vietstock.vn/hang-hoa/vang-va-kim-loai-quy.htm
[2026-06-27 23:29:27] [TASK_2] [WARNING] Missing required fields in article: https://vietstock.vn/hang-hoa/nhien-lieu.htm
[2026-06-27 23:29:27] [TASK_2] [WARNING] Missing required fields in article: https://vietstock.vn/hang-hoa/kim-loai.htm
[2026-06-27 23:29:27] [TASK_2] [WARNING] Missing required fields in article: https://vietstock.vn/hang-hoa/nong-san-thuc-pham.htm
[2026-06-27 23:29:27] [TASK_2] [WARNING] Missing required fields in article: https://vietstock.vn/kinh-te.htm
[2026-06-27 23:29:27] [TASK_2] [WARNING] Missing required fields in article: https://vietstock.vn/kinh-te/vi-mo.htm
[2026-06-27 23:29:27] [TASK_2] [WARNING] Missing required fields in article: https://vietstock.vn/kinh-te/kinh-te-dau-tu.htm
[2026-06-27 23:29:27] [TASK_2] [WARNING] Missing required fields in article: https://vietstock.vn/the-gioi.htm
[2026-06-27 23:29:27] [TASK_2] [WARNING] Missing required fields in article: https://vietstock.vn/the-gioi/chung-khoan-the-gioi.htm
[2026-06-27 23:29:27] [TASK_2] [WARNING] Missing required fields in article: https://vietstock.vn/the-gioi/tien-ky-thuat-so.htm
[2026-06-27 23:29:27] [TASK_2] [WARNING] Missing required fields in article: https://vietstock.vn/the-gioi/tai-chinh-quoc-te.htm
[2026-06-27 23:29:27] [TASK_2] [WARNING] Missing required fields in article: https://vietstock.vn/the-gioi/kinh-te-nganh.htm
[2026-06-27 23:29:27] [TASK_2] [WARNING] Missing required fields in article: https://vietstock.vn/tai-chinh-ca-nhan.htm
[2026-06-27 23:29:27] [TASK_2] [WARNING] Missing required fields in article: https://vietstock.vn/tai-chinh-ca-nhan/lam-chu-dong-tien.htm
[2026-06-27 23:29:27] [TASK_2] [WARNING] Missing required fields in article: https://vietstock.vn/tai-chinh-ca-nhan/dau-tu-kinh-doanh-nho.htm
[2026-06-27 23:29:27] [TASK_2] [WARNING] Missing required fields in article: https://vietstock.vn/tai-chinh-ca-nhan/doanh-nhan-va-khoi-nghiep.htm
[2026-06-27 23:29:27] [TASK_2] [WARNING] Missing required fields in article: https://vietstock.vn/tai-chinh-ca-nhan/choi-sang.htm
[2026-06-27 23:29:27] [TASK_2] [WARNING] Missing required fields in article: https://vietstock.vn/tai-chinh-ca-nhan/xe-cong-nghe.htm
[2026-06-27 23:29:27] [TASK_2] [WARNING] Missing required fields in article: https://vietstock.vn/tai-chinh-ca-nhan/tieu-dung-va-cuoc-song.htm
[2026-06-27 23:29:27] [TASK_2] [WARNING] Missing required fields in article: https://vietstock.vn/tai-chinh-ca-nhan/vi-cong-dong.htm
[2026-06-27 23:29:27] [TASK_2] [WARNING] Missing required fields in article: https://vietstock.vn/nhan-dinh-phan-tich.htm
[2026-06-27 23:29:27] [TASK_2] [WARNING] Missing required fields in article: https://vietstock.vn/nhan-dinh-phan-tich/nhan-dinh-thi-truong.htm
[2026-06-27 23:29:27] [TASK_2] [WARNING] Missing required fields in article: https://vietstock.vn/nhan-dinh-phan-tich/phan-tich-co-ban.htm
[2026-06-27 23:29:27] [TASK_2] [WARNING] Missing required fields in article: https://vietstock.vn/nhan-dinh-phan-tich/phan-tich-ky-thuat.htm
[2026-06-27 23:29:27] [TASK_2] [WARNING] Missing required fields in article: https://vietstock.vn/dong-duong.htm
[2026-06-27 23:29:27] [TASK_2] [WARNING] Missing required fields in article: https://vietstock.vn/dong-duong/vi-mo-dau-tu.htm
[2026-06-27 23:29:27] [TASK_2] [WARNING] Missing required fields in article: https://vietstock.vn/dong-duong/tai-chinh-ngan-hang.htm
[2026-06-27 23:29:27] [TASK_2] [WARNING] Missing required fields in article: https://vietstock.vn/dong-duong/thi-truong-chung-khoan.htm
[2026-06-27 23:29:27] [TASK_2] [WARNING] Missing required fields in article: https://vietstock.vn/dong-duong/kinh-te-nganh.htm
[2026-06-27 23:29:27] [TASK_2] [WARNING] Missing required fields in article: javascript:void(0)
[2026-06-27 23:29:27] [TASK_2] [WARNING] Missing required fields in article: https://vietstock.vn/chu-de/217-7/quan-he-nha-dau-tu-ir.htm
[2026-06-27 23:29:27] [TASK_2] [WARNING] Missing required fields in article: https://vietstock.vn/chu-de/665-7/dhdcd-thuong-nien-2026.htm
[2026-06-27 23:29:27] [TASK_2] [WARNING] Missing required fields in article: https://vietstock.vn/chu-de/503-7/nang-hang-thi-truong.htm
[2026-06-27 23:29:27] [TASK_2] [WARNING] Missing required fields in article: https://vietstock.vn/chu-de/644-7/trump-20.htm
[2026-06-27 23:29:27] [TASK_2] [WARNING] Missing required fields in article: https://vietstock.vn/chu-de/652-7/trung-tam-tai-chinh.htm
[2026-06-27 23:29:27] [TASK_2] [WARNING] Missing required fields in article: https://vietstock.vn/chu-de/467-7/cac-kenh-dau-tu.htm
[2026-06-27 23:29:27] [TASK_2] [WARNING] Missing required fields in article: https://vietstock.vn/chu-de/1-8/tat-ca.htm
[2026-06-27 23:29:27] [TASK_2] [WARNING] Missing required fields in article: https://finance.vietstock.vn/du-lieu-vi-mo
[2026-06-27 23:29:27] [TASK_2] [WARNING] Missing required fields in article: https://finance.vietstock.vn/du-lieu-nganh.htm
[2026-06-27 23:29:27] [TASK_2] [WARNING] Missing required fields in article: https://finance.vietstock.vn/du-lieu-nganh.htm
[2026-06-27 23:29:27] [TASK_2] [WARNING] Missing required fields in article: https://finance.vietstock.vn/nganh/40-tai-chinh.htm
[2026-06-27 23:29:27] [TASK_2] [WARNING] Missing required fields in article: https://finance.vietstock.vn/doanh-nghiep-a-z?page=1
[2026-06-27 23:29:27] [TASK_2] [WARNING] Missing required fields in article: https://finance.vietstock.vn/doanh-nghiep-a-z?page=1
[2026-06-27 23:29:27] [TASK_2] [WARNING] Missing required fields in article: https://finance.vietstock.vn/lich-su-kien.htm?page=1
[2026-06-27 23:29:27] [TASK_2] [WARNING] Missing required fields in article: https://finance.vietstock.vn/ket-qua-kinh-doanh
[2026-06-27 23:29:27] [TASK_2] [WARNING] Missing required fields in article: https://finance.vietstock.vn/giao-dich-noi-bo
[2026-06-27 23:29:27] [TASK_2] [WARNING] Missing required fields in article: https://finance.vietstock.vn/tai-lieu/bao-cao-tai-chinh.htm
[2026-06-27 23:29:27] [TASK_2] [WARNING] Missing required fields in article: https://finance.vietstock.vn/nien-giam.htm
[2026-06-27 23:29:27] [TASK_2] [WARNING] Missing required fields in article: https://finance.vietstock.vn/chung-khoan-phai-sinh/hop-dong-tuong-lai.htm
[2026-06-27 23:29:27] [TASK_2] [WARNING] Missing required fields in article: https://finance.vietstock.vn/chung-khoan-phai-sinh/hop-dong-tuong-lai.htm
[2026-06-27 23:29:27] [TASK_2] [WARNING] Missing required fields in article: https://finance.vietstock.vn/chung-khoan-phai-sinh/hop-dong-tuong-lai.htm
[2026-06-27 23:29:27] [TASK_2] [WARNING] Missing required fields in article: https://finance.vietstock.vn/chung-khoan-phai-sinh/thong-ke-giao-dich.htm
[2026-06-27 23:29:27] [TASK_2] [WARNING] Missing required fields in article: https://finance.vietstock.vn/chung-khoan-phai-sinh/qui-dinh-huong-dan.htm
[2026-06-27 23:29:27] [TASK_2] [WARNING] Missing required fields in article: https://finance.vietstock.vn/chung-khoan-phai-sinh/chung-quyen.htm
[2026-06-27 23:29:27] [TASK_2] [WARNING] Missing required fields in article: https://finance.vietstock.vn/chung-khoan-phai-sinh/chung-quyen.htm
[2026-06-27 23:29:27] [TASK_2] [WARNING] Missing required fields in article: https://finance.vietstock.vn/chung-khoan-phai-sinh/cw-thong-ke-giao-dich.htm
[2026-06-27 23:29:27] [TASK_2] [WARNING] Missing required fields in article: https://finance.vietstock.vn/chung-khoan-phai-sinh/cw-blackschole.htm
[2026-06-27 23:29:27] [TASK_2] [WARNING] Missing required fields in article: https://finance.vietstock.vn/trai-phieu/tp-doanh-nghiep/tong-quan.htm
[2026-06-27 23:29:27] [TASK_2] [WARNING] Missing required fields in article: https://finance.vietstock.vn/trai-phieu/tp-doanh-nghiep/tong-quan.htm
[2026-06-27 23:29:27] [TASK_2] [WARNING] Missing required fields in article: https://finance.vietstock.vn/trai-phieu/tp-doanh-nghiep/to-chuc-phat-hanh.htm?page=1
[2026-06-27 23:29:27] [TASK_2] [WARNING] Missing required fields in article: https://finance.vietstock.vn/trai-phieu/tp-doanh-nghiep/danh-sach.htm
[2026-06-27 23:29:27] [TASK_2] [WARNING] Missing required fields in article: https://finance.vietstock.vn/trai-phieu/tp-doanh-nghiep/thong-ke-giao-dich.htm
[2026-06-27 23:29:27] [TASK_2] [WARNING] Missing required fields in article: https://finance.vietstock.vn/suc-manh-gia-rrg
[2026-06-27 23:29:27] [TASK_2] [WARNING] Missing required fields in article: https://finance.vietstock.vn/suc-manh-gia-rrg
[2026-06-27 23:29:27] [TASK_2] [WARNING] Missing required fields in article: https://finance.vietstock.vn/phan-tich-ky-thuat.htm
[2026-06-27 23:29:27] [TASK_2] [WARNING] Missing required fields in article: https://banggia.vietstock.vn/
[2026-06-27 23:29:27] [TASK_2] [WARNING] Missing required fields in article: https://finance.vietstock.vn/bo-loc-co-phieu.htm
[2026-06-27 23:29:27] [TASK_2] [WARNING] Missing required fields in article: https://finance.vietstock.vn/so-sanh-co-phieu.htm
[2026-06-27 23:29:27] [TASK_2] [WARNING] Missing required fields in article: https://finance.vietstock.vn/bao-cao-phan-tich
[2026-06-27 23:29:27] [TASK_2] [WARNING] Missing required fields in article: https://finance.vietstock.vn/bieu-do-tai-chinh.htm
[2026-06-27 23:29:27] [TASK_2] [WARNING] Missing required fields in article: https://finance.vietstock.vn/truy-xuat-du-lieu/tong-hop-doanh-nghiep.htm
[2026-06-27 23:29:27] [TASK_2] [WARNING] Missing required fields in article: https://finance.vietstock.vn/truy-xuat-du-lieu/tong-hop-doanh-nghiep.htm
[2026-06-27 23:29:27] [TASK_2] [WARNING] Missing required fields in article: https://finance.vietstock.vn/truy-xuat-du-lieu/bao-cao-tai-chinh.htm
[2026-06-27 23:29:27] [TASK_2] [WARNING] Missing required fields in article: https://finance.vietstock.vn/truy-xuat-du-lieu/bao-cao-tai-chinh-nganh.htm
[2026-06-27 23:29:27] [TASK_2] [WARNING] Missing required fields in article: https://finance.vietstock.vn/du-lieu-vi-mo
[2026-06-27 23:29:27] [TASK_2] [WARNING] Missing required fields in article: https://vietstock.vn/chu-de/1-2/moi-cap-nhat.htm
[2026-06-27 23:29:27] [TASK_2] [WARNING] Missing required fields in article: https://vietstock.vn/chung-khoan.htm
[2026-06-27 23:29:27] [TASK_2] [WARNING] Missing required fields in article: https://vietstock.vn/doanh-nghiep.htm
[2026-06-27 23:29:27] [TASK_2] [WARNING] Missing required fields in article: https://vietstock.vn/bat-dong-san.htm
[2026-06-27 23:29:27] [TASK_2] [WARNING] Missing required fields in article: https://vietstock.vn/tai-chinh.htm
[2026-06-27 23:29:27] [TASK_2] [WARNING] Missing required fields in article: https://vietstock.vn/hang-hoa.htm
[2026-06-27 23:29:27] [TASK_2] [WARNING] Missing required fields in article: https://vietstock.vn/kinh-te.htm
[2026-06-27 23:29:27] [TASK_2] [WARNING] Missing required fields in article: https://vietstock.vn/the-gioi.htm
[2026-06-27 23:29:27] [TASK_2] [WARNING] Missing required fields in article: https://vietstock.vn/tai-chinh-ca-nhan.htm
[2026-06-27 23:29:27] [TASK_2] [WARNING] Missing required fields in article: https://vietstock.vn/nhan-dinh-phan-tich.htm
[2026-06-27 23:29:27] [TASK_2] [WARNING] Missing required fields in article: https://vietstock.vn/dong-duong.htm
[2026-06-27 23:29:27] [TASK_2] [INFO] Vietstock tag page yielded no articles for VCB. Trying finance sub-domain fallback.
[2026-06-27 23:29:28] [TASK_2] [INFO] Vietstock: collected 3 articles for VCB
[2026-06-27 23:29:28] [TASK_2] [INFO] Scraping vietstock for ticker=FPT from 2022-01-01 (existing URLs: 0)
[2026-06-27 23:29:29] [TASK_2] [WARNING] Missing required fields in article: https://vietstock.vn/chu-de/1-2/moi-cap-nhat.htm
[2026-06-27 23:29:29] [TASK_2] [WARNING] Missing required fields in article: https://vietstock.vn/chung-khoan.htm
[2026-06-27 23:29:29] [TASK_2] [WARNING] Missing required fields in article: https://vietstock.vn/chung-khoan/co-phieu.htm
[2026-06-27 23:29:29] [TASK_2] [WARNING] Missing required fields in article: https://vietstock.vn/chung-khoan/giao-dich-noi-bo.htm
[2026-06-27 23:29:29] [TASK_2] [WARNING] Missing required fields in article: https://vietstock.vn/chung-khoan/niem-yet.htm
[2026-06-27 23:29:29] [TASK_2] [WARNING] Missing required fields in article: https://vietstock.vn/chung-khoan/etf-va-cac-quy.htm
[2026-06-27 23:29:29] [TASK_2] [WARNING] Missing required fields in article: https://vietstock.vn/chung-khoan/chung-khoan-phai-sinh.htm
[2026-06-27 23:29:29] [TASK_2] [WARNING] Missing required fields in article: https://vietstock.vn/chung-khoan/chung-quyen.htm
[2026-06-27 23:29:29] [TASK_2] [WARNING] Missing required fields in article: https://vietstock.vn/chung-khoan/y-kien-chuyen-gia.htm
[2026-06-27 23:29:29] [TASK_2] [WARNING] Missing required fields in article: https://vietstock.vn/chung-khoan/cau-chuyen-dau-tu.htm
[2026-06-27 23:29:29] [TASK_2] [WARNING] Missing required fields in article: https://vietstock.vn/chung-khoan/chinh-sach.htm
[2026-06-27 23:29:29] [TASK_2] [WARNING] Missing required fields in article: https://vietstock.vn/chung-khoan/thi-truong-trai-phieu.htm
[2026-06-27 23:29:29] [TASK_2] [WARNING] Missing required fields in article: https://vietstock.vn/doanh-nghiep.htm
[2026-06-27 23:29:29] [TASK_2] [WARNING] Missing required fields in article: https://vietstock.vn/doanh-nghiep/hoat-dong-kinh-doanh.htm
[2026-06-27 23:29:29] [TASK_2] [WARNING] Missing required fields in article: https://vietstock.vn/doanh-nghiep/co-tuc.htm
[2026-06-27 23:29:29] [TASK_2] [WARNING] Missing required fields in article: https://vietstock.vn/doanh-nghiep/tang-von-m-a.htm
[2026-06-27 23:29:29] [TASK_2] [WARNING] Missing required fields in article: https://vietstock.vn/doanh-nghiep/ipo-co-phan-hoa.htm
[2026-06-27 23:29:29] [TASK_2] [WARNING] Missing required fields in article: https://vietstock.vn/doanh-nghiep/nhan-vat.htm
[2026-06-27 23:29:29] [TASK_2] [WARNING] Missing required fields in article: https://vietstock.vn/doanh-nghiep/trai-phieu-doanh-nghiep.htm
[2026-06-27 23:29:29] [TASK_2] [WARNING] Missing required fields in article: https://vietstock.vn/bat-dong-san.htm
[2026-06-27 23:29:29] [TASK_2] [WARNING] Missing required fields in article: https://vietstock.vn/bat-dong-san/thi-truong-nha-dat.htm
[2026-06-27 23:29:29] [TASK_2] [WARNING] Missing required fields in article: https://vietstock.vn/bat-dong-san/quy-hoach-ha-tang.htm
[2026-06-27 23:29:29] [TASK_2] [WARNING] Missing required fields in article: https://vietstock.vn/bat-dong-san/du-an.htm
[2026-06-27 23:29:29] [TASK_2] [WARNING] Missing required fields in article: https://vietstock.vn/bat-dong-san/bao-hiem-va-thue-nha-dat.htm
[2026-06-27 23:29:29] [TASK_2] [WARNING] Missing required fields in article: https://vietstock.vn/tai-chinh.htm
[2026-06-27 23:29:29] [TASK_2] [WARNING] Missing required fields in article: https://vietstock.vn/tai-chinh/ngan-hang.htm
[2026-06-27 23:29:29] [TASK_2] [WARNING] Missing required fields in article: https://vietstock.vn/tai-chinh/bao-hiem.htm
[2026-06-27 23:29:29] [TASK_2] [WARNING] Missing required fields in article: https://vietstock.vn/tai-chinh/thue-va-ngan-sach.htm
[2026-06-27 23:29:29] [TASK_2] [WARNING] Missing required fields in article: https://vietstock.vn/tai-chinh/tai-san-so.htm
[2026-06-27 23:29:29] [TASK_2] [WARNING] Missing required fields in article: https://vietstock.vn/hang-hoa.htm
[2026-06-27 23:29:29] [TASK_2] [WARNING] Missing required fields in article: https://vietstock.vn/hang-hoa/vang-va-kim-loai-quy.htm
[2026-06-27 23:29:29] [TASK_2] [WARNING] Missing required fields in article: https://vietstock.vn/hang-hoa/nhien-lieu.htm
[2026-06-27 23:29:29] [TASK_2] [WARNING] Missing required fields in article: https://vietstock.vn/hang-hoa/kim-loai.htm
[2026-06-27 23:29:29] [TASK_2] [WARNING] Missing required fields in article: https://vietstock.vn/hang-hoa/nong-san-thuc-pham.htm
[2026-06-27 23:29:29] [TASK_2] [WARNING] Missing required fields in article: https://vietstock.vn/kinh-te.htm
[2026-06-27 23:29:29] [TASK_2] [WARNING] Missing required fields in article: https://vietstock.vn/kinh-te/vi-mo.htm
[2026-06-27 23:29:29] [TASK_2] [WARNING] Missing required fields in article: https://vietstock.vn/kinh-te/kinh-te-dau-tu.htm
[2026-06-27 23:29:29] [TASK_2] [WARNING] Missing required fields in article: https://vietstock.vn/the-gioi.htm
[2026-06-27 23:29:29] [TASK_2] [WARNING] Missing required fields in article: https://vietstock.vn/the-gioi/chung-khoan-the-gioi.htm
[2026-06-27 23:29:29] [TASK_2] [WARNING] Missing required fields in article: https://vietstock.vn/the-gioi/tien-ky-thuat-so.htm
[2026-06-27 23:29:29] [TASK_2] [WARNING] Missing required fields in article: https://vietstock.vn/the-gioi/tai-chinh-quoc-te.htm
[2026-06-27 23:29:29] [TASK_2] [WARNING] Missing required fields in article: https://vietstock.vn/the-gioi/kinh-te-nganh.htm
[2026-06-27 23:29:29] [TASK_2] [WARNING] Missing required fields in article: https://vietstock.vn/tai-chinh-ca-nhan.htm
[2026-06-27 23:29:29] [TASK_2] [WARNING] Missing required fields in article: https://vietstock.vn/tai-chinh-ca-nhan/lam-chu-dong-tien.htm
[2026-06-27 23:29:29] [TASK_2] [WARNING] Missing required fields in article: https://vietstock.vn/tai-chinh-ca-nhan/dau-tu-kinh-doanh-nho.htm
[2026-06-27 23:29:29] [TASK_2] [WARNING] Missing required fields in article: https://vietstock.vn/tai-chinh-ca-nhan/doanh-nhan-va-khoi-nghiep.htm
[2026-06-27 23:29:29] [TASK_2] [WARNING] Missing required fields in article: https://vietstock.vn/tai-chinh-ca-nhan/choi-sang.htm
[2026-06-27 23:29:29] [TASK_2] [WARNING] Missing required fields in article: https://vietstock.vn/tai-chinh-ca-nhan/xe-cong-nghe.htm
[2026-06-27 23:29:29] [TASK_2] [WARNING] Missing required fields in article: https://vietstock.vn/tai-chinh-ca-nhan/tieu-dung-va-cuoc-song.htm
[2026-06-27 23:29:29] [TASK_2] [WARNING] Missing required fields in article: https://vietstock.vn/tai-chinh-ca-nhan/vi-cong-dong.htm
[2026-06-27 23:29:29] [TASK_2] [WARNING] Missing required fields in article: https://vietstock.vn/nhan-dinh-phan-tich.htm
[2026-06-27 23:29:29] [TASK_2] [WARNING] Missing required fields in article: https://vietstock.vn/nhan-dinh-phan-tich/nhan-dinh-thi-truong.htm
[2026-06-27 23:29:29] [TASK_2] [WARNING] Missing required fields in article: https://vietstock.vn/nhan-dinh-phan-tich/phan-tich-co-ban.htm
[2026-06-27 23:29:29] [TASK_2] [WARNING] Missing required fields in article: https://vietstock.vn/nhan-dinh-phan-tich/phan-tich-ky-thuat.htm
[2026-06-27 23:29:29] [TASK_2] [WARNING] Missing required fields in article: https://vietstock.vn/dong-duong.htm
[2026-06-27 23:29:29] [TASK_2] [WARNING] Missing required fields in article: https://vietstock.vn/dong-duong/vi-mo-dau-tu.htm
[2026-06-27 23:29:29] [TASK_2] [WARNING] Missing required fields in article: https://vietstock.vn/dong-duong/tai-chinh-ngan-hang.htm
[2026-06-27 23:29:29] [TASK_2] [WARNING] Missing required fields in article: https://vietstock.vn/dong-duong/thi-truong-chung-khoan.htm
[2026-06-27 23:29:29] [TASK_2] [WARNING] Missing required fields in article: https://vietstock.vn/dong-duong/kinh-te-nganh.htm
[2026-06-27 23:29:29] [TASK_2] [WARNING] Missing required fields in article: javascript:void(0)
[2026-06-27 23:29:29] [TASK_2] [WARNING] Missing required fields in article: https://vietstock.vn/chu-de/217-7/quan-he-nha-dau-tu-ir.htm
[2026-06-27 23:29:29] [TASK_2] [WARNING] Missing required fields in article: https://vietstock.vn/chu-de/665-7/dhdcd-thuong-nien-2026.htm
[2026-06-27 23:29:29] [TASK_2] [WARNING] Missing required fields in article: https://vietstock.vn/chu-de/503-7/nang-hang-thi-truong.htm
[2026-06-27 23:29:29] [TASK_2] [WARNING] Missing required fields in article: https://vietstock.vn/chu-de/644-7/trump-20.htm
[2026-06-27 23:29:29] [TASK_2] [WARNING] Missing required fields in article: https://vietstock.vn/chu-de/652-7/trung-tam-tai-chinh.htm
[2026-06-27 23:29:29] [TASK_2] [WARNING] Missing required fields in article: https://vietstock.vn/chu-de/467-7/cac-kenh-dau-tu.htm
[2026-06-27 23:29:29] [TASK_2] [WARNING] Missing required fields in article: https://vietstock.vn/chu-de/1-8/tat-ca.htm
[2026-06-27 23:29:29] [TASK_2] [WARNING] Missing required fields in article: https://finance.vietstock.vn/du-lieu-vi-mo
[2026-06-27 23:29:29] [TASK_2] [WARNING] Missing required fields in article: https://finance.vietstock.vn/du-lieu-nganh.htm
[2026-06-27 23:29:29] [TASK_2] [WARNING] Missing required fields in article: https://finance.vietstock.vn/du-lieu-nganh.htm
[2026-06-27 23:29:29] [TASK_2] [WARNING] Missing required fields in article: https://finance.vietstock.vn/nganh/40-tai-chinh.htm
[2026-06-27 23:29:29] [TASK_2] [WARNING] Missing required fields in article: https://finance.vietstock.vn/doanh-nghiep-a-z?page=1
[2026-06-27 23:29:29] [TASK_2] [WARNING] Missing required fields in article: https://finance.vietstock.vn/doanh-nghiep-a-z?page=1
[2026-06-27 23:29:29] [TASK_2] [WARNING] Missing required fields in article: https://finance.vietstock.vn/lich-su-kien.htm?page=1
[2026-06-27 23:29:29] [TASK_2] [WARNING] Missing required fields in article: https://finance.vietstock.vn/ket-qua-kinh-doanh
[2026-06-27 23:29:29] [TASK_2] [WARNING] Missing required fields in article: https://finance.vietstock.vn/giao-dich-noi-bo
[2026-06-27 23:29:29] [TASK_2] [WARNING] Missing required fields in article: https://finance.vietstock.vn/tai-lieu/bao-cao-tai-chinh.htm
[2026-06-27 23:29:29] [TASK_2] [WARNING] Missing required fields in article: https://finance.vietstock.vn/nien-giam.htm
[2026-06-27 23:29:29] [TASK_2] [WARNING] Missing required fields in article: https://finance.vietstock.vn/chung-khoan-phai-sinh/hop-dong-tuong-lai.htm
[2026-06-27 23:29:29] [TASK_2] [WARNING] Missing required fields in article: https://finance.vietstock.vn/chung-khoan-phai-sinh/hop-dong-tuong-lai.htm
[2026-06-27 23:29:29] [TASK_2] [WARNING] Missing required fields in article: https://finance.vietstock.vn/chung-khoan-phai-sinh/hop-dong-tuong-lai.htm
[2026-06-27 23:29:29] [TASK_2] [WARNING] Missing required fields in article: https://finance.vietstock.vn/chung-khoan-phai-sinh/thong-ke-giao-dich.htm
[2026-06-27 23:29:29] [TASK_2] [WARNING] Missing required fields in article: https://finance.vietstock.vn/chung-khoan-phai-sinh/qui-dinh-huong-dan.htm
[2026-06-27 23:29:29] [TASK_2] [WARNING] Missing required fields in article: https://finance.vietstock.vn/chung-khoan-phai-sinh/chung-quyen.htm
[2026-06-27 23:29:29] [TASK_2] [WARNING] Missing required fields in article: https://finance.vietstock.vn/chung-khoan-phai-sinh/chung-quyen.htm
[2026-06-27 23:29:29] [TASK_2] [WARNING] Missing required fields in article: https://finance.vietstock.vn/chung-khoan-phai-sinh/cw-thong-ke-giao-dich.htm
[2026-06-27 23:29:29] [TASK_2] [WARNING] Missing required fields in article: https://finance.vietstock.vn/chung-khoan-phai-sinh/cw-blackschole.htm
[2026-06-27 23:29:29] [TASK_2] [WARNING] Missing required fields in article: https://finance.vietstock.vn/trai-phieu/tp-doanh-nghiep/tong-quan.htm
[2026-06-27 23:29:29] [TASK_2] [WARNING] Missing required fields in article: https://finance.vietstock.vn/trai-phieu/tp-doanh-nghiep/tong-quan.htm
[2026-06-27 23:29:29] [TASK_2] [WARNING] Missing required fields in article: https://finance.vietstock.vn/trai-phieu/tp-doanh-nghiep/to-chuc-phat-hanh.htm?page=1
[2026-06-27 23:29:29] [TASK_2] [WARNING] Missing required fields in article: https://finance.vietstock.vn/trai-phieu/tp-doanh-nghiep/danh-sach.htm
[2026-06-27 23:29:29] [TASK_2] [WARNING] Missing required fields in article: https://finance.vietstock.vn/trai-phieu/tp-doanh-nghiep/thong-ke-giao-dich.htm
[2026-06-27 23:29:29] [TASK_2] [WARNING] Missing required fields in article: https://finance.vietstock.vn/suc-manh-gia-rrg
[2026-06-27 23:29:29] [TASK_2] [WARNING] Missing required fields in article: https://finance.vietstock.vn/suc-manh-gia-rrg
[2026-06-27 23:29:29] [TASK_2] [WARNING] Missing required fields in article: https://finance.vietstock.vn/phan-tich-ky-thuat.htm
[2026-06-27 23:29:29] [TASK_2] [WARNING] Missing required fields in article: https://banggia.vietstock.vn/
[2026-06-27 23:29:29] [TASK_2] [WARNING] Missing required fields in article: https://finance.vietstock.vn/bo-loc-co-phieu.htm
[2026-06-27 23:29:29] [TASK_2] [WARNING] Missing required fields in article: https://finance.vietstock.vn/so-sanh-co-phieu.htm
[2026-06-27 23:29:29] [TASK_2] [WARNING] Missing required fields in article: https://finance.vietstock.vn/bao-cao-phan-tich
[2026-06-27 23:29:29] [TASK_2] [WARNING] Missing required fields in article: https://finance.vietstock.vn/bieu-do-tai-chinh.htm
[2026-06-27 23:29:29] [TASK_2] [WARNING] Missing required fields in article: https://finance.vietstock.vn/truy-xuat-du-lieu/tong-hop-doanh-nghiep.htm
[2026-06-27 23:29:29] [TASK_2] [WARNING] Missing required fields in article: https://finance.vietstock.vn/truy-xuat-du-lieu/tong-hop-doanh-nghiep.htm
[2026-06-27 23:29:29] [TASK_2] [WARNING] Missing required fields in article: https://finance.vietstock.vn/truy-xuat-du-lieu/bao-cao-tai-chinh.htm
[2026-06-27 23:29:29] [TASK_2] [WARNING] Missing required fields in article: https://finance.vietstock.vn/truy-xuat-du-lieu/bao-cao-tai-chinh-nganh.htm
[2026-06-27 23:29:29] [TASK_2] [WARNING] Missing required fields in article: https://finance.vietstock.vn/du-lieu-vi-mo
[2026-06-27 23:29:29] [TASK_2] [WARNING] Missing required fields in article: https://vietstock.vn/chu-de/1-2/moi-cap-nhat.htm
[2026-06-27 23:29:29] [TASK_2] [WARNING] Missing required fields in article: https://vietstock.vn/chung-khoan.htm
[2026-06-27 23:29:29] [TASK_2] [WARNING] Missing required fields in article: https://vietstock.vn/doanh-nghiep.htm
[2026-06-27 23:29:29] [TASK_2] [WARNING] Missing required fields in article: https://vietstock.vn/bat-dong-san.htm
[2026-06-27 23:29:29] [TASK_2] [WARNING] Missing required fields in article: https://vietstock.vn/tai-chinh.htm
[2026-06-27 23:29:29] [TASK_2] [WARNING] Missing required fields in article: https://vietstock.vn/hang-hoa.htm
[2026-06-27 23:29:29] [TASK_2] [WARNING] Missing required fields in article: https://vietstock.vn/kinh-te.htm
[2026-06-27 23:29:29] [TASK_2] [WARNING] Missing required fields in article: https://vietstock.vn/the-gioi.htm
[2026-06-27 23:29:29] [TASK_2] [WARNING] Missing required fields in article: https://vietstock.vn/tai-chinh-ca-nhan.htm
[2026-06-27 23:29:29] [TASK_2] [WARNING] Missing required fields in article: https://vietstock.vn/nhan-dinh-phan-tich.htm
[2026-06-27 23:29:29] [TASK_2] [WARNING] Missing required fields in article: https://vietstock.vn/dong-duong.htm
[2026-06-27 23:29:31] [TASK_2] [WARNING] Missing required fields in article: https://vietstock.vn/chu-de/1-2/moi-cap-nhat.htm
[2026-06-27 23:29:31] [TASK_2] [WARNING] Missing required fields in article: https://vietstock.vn/chung-khoan.htm
[2026-06-27 23:29:31] [TASK_2] [WARNING] Missing required fields in article: https://vietstock.vn/chung-khoan/co-phieu.htm
[2026-06-27 23:29:31] [TASK_2] [WARNING] Missing required fields in article: https://vietstock.vn/chung-khoan/giao-dich-noi-bo.htm
[2026-06-27 23:29:31] [TASK_2] [WARNING] Missing required fields in article: https://vietstock.vn/chung-khoan/niem-yet.htm
[2026-06-27 23:29:31] [TASK_2] [WARNING] Missing required fields in article: https://vietstock.vn/chung-khoan/etf-va-cac-quy.htm
[2026-06-27 23:29:31] [TASK_2] [WARNING] Missing required fields in article: https://vietstock.vn/chung-khoan/chung-khoan-phai-sinh.htm
[2026-06-27 23:29:31] [TASK_2] [WARNING] Missing required fields in article: https://vietstock.vn/chung-khoan/chung-quyen.htm
[2026-06-27 23:29:31] [TASK_2] [WARNING] Missing required fields in article: https://vietstock.vn/chung-khoan/y-kien-chuyen-gia.htm
[2026-06-27 23:29:31] [TASK_2] [WARNING] Missing required fields in article: https://vietstock.vn/chung-khoan/cau-chuyen-dau-tu.htm
[2026-06-27 23:29:31] [TASK_2] [WARNING] Missing required fields in article: https://vietstock.vn/chung-khoan/chinh-sach.htm
[2026-06-27 23:29:31] [TASK_2] [WARNING] Missing required fields in article: https://vietstock.vn/chung-khoan/thi-truong-trai-phieu.htm
[2026-06-27 23:29:31] [TASK_2] [WARNING] Missing required fields in article: https://vietstock.vn/doanh-nghiep.htm
[2026-06-27 23:29:31] [TASK_2] [WARNING] Missing required fields in article: https://vietstock.vn/doanh-nghiep/hoat-dong-kinh-doanh.htm
[2026-06-27 23:29:31] [TASK_2] [WARNING] Missing required fields in article: https://vietstock.vn/doanh-nghiep/co-tuc.htm
[2026-06-27 23:29:31] [TASK_2] [WARNING] Missing required fields in article: https://vietstock.vn/doanh-nghiep/tang-von-m-a.htm
[2026-06-27 23:29:31] [TASK_2] [WARNING] Missing required fields in article: https://vietstock.vn/doanh-nghiep/ipo-co-phan-hoa.htm
[2026-06-27 23:29:31] [TASK_2] [WARNING] Missing required fields in article: https://vietstock.vn/doanh-nghiep/nhan-vat.htm
[2026-06-27 23:29:31] [TASK_2] [WARNING] Missing required fields in article: https://vietstock.vn/doanh-nghiep/trai-phieu-doanh-nghiep.htm
[2026-06-27 23:29:31] [TASK_2] [WARNING] Missing required fields in article: https://vietstock.vn/bat-dong-san.htm
[2026-06-27 23:29:31] [TASK_2] [WARNING] Missing required fields in article: https://vietstock.vn/bat-dong-san/thi-truong-nha-dat.htm
[2026-06-27 23:29:31] [TASK_2] [WARNING] Missing required fields in article: https://vietstock.vn/bat-dong-san/quy-hoach-ha-tang.htm
[2026-06-27 23:29:31] [TASK_2] [WARNING] Missing required fields in article: https://vietstock.vn/bat-dong-san/du-an.htm
[2026-06-27 23:29:31] [TASK_2] [WARNING] Missing required fields in article: https://vietstock.vn/bat-dong-san/bao-hiem-va-thue-nha-dat.htm
[2026-06-27 23:29:31] [TASK_2] [WARNING] Missing required fields in article: https://vietstock.vn/tai-chinh.htm
[2026-06-27 23:29:31] [TASK_2] [WARNING] Missing required fields in article: https://vietstock.vn/tai-chinh/ngan-hang.htm
[2026-06-27 23:29:31] [TASK_2] [WARNING] Missing required fields in article: https://vietstock.vn/tai-chinh/bao-hiem.htm
[2026-06-27 23:29:31] [TASK_2] [WARNING] Missing required fields in article: https://vietstock.vn/tai-chinh/thue-va-ngan-sach.htm
[2026-06-27 23:29:31] [TASK_2] [WARNING] Missing required fields in article: https://vietstock.vn/tai-chinh/tai-san-so.htm
[2026-06-27 23:29:31] [TASK_2] [WARNING] Missing required fields in article: https://vietstock.vn/hang-hoa.htm
[2026-06-27 23:29:31] [TASK_2] [WARNING] Missing required fields in article: https://vietstock.vn/hang-hoa/vang-va-kim-loai-quy.htm
[2026-06-27 23:29:31] [TASK_2] [WARNING] Missing required fields in article: https://vietstock.vn/hang-hoa/nhien-lieu.htm
[2026-06-27 23:29:31] [TASK_2] [WARNING] Missing required fields in article: https://vietstock.vn/hang-hoa/kim-loai.htm
[2026-06-27 23:29:31] [TASK_2] [WARNING] Missing required fields in article: https://vietstock.vn/hang-hoa/nong-san-thuc-pham.htm
[2026-06-27 23:29:31] [TASK_2] [WARNING] Missing required fields in article: https://vietstock.vn/kinh-te.htm
[2026-06-27 23:29:31] [TASK_2] [WARNING] Missing required fields in article: https://vietstock.vn/kinh-te/vi-mo.htm
[2026-06-27 23:29:31] [TASK_2] [WARNING] Missing required fields in article: https://vietstock.vn/kinh-te/kinh-te-dau-tu.htm
[2026-06-27 23:29:31] [TASK_2] [WARNING] Missing required fields in article: https://vietstock.vn/the-gioi.htm
[2026-06-27 23:29:31] [TASK_2] [WARNING] Missing required fields in article: https://vietstock.vn/the-gioi/chung-khoan-the-gioi.htm
[2026-06-27 23:29:31] [TASK_2] [WARNING] Missing required fields in article: https://vietstock.vn/the-gioi/tien-ky-thuat-so.htm
[2026-06-27 23:29:31] [TASK_2] [WARNING] Missing required fields in article: https://vietstock.vn/the-gioi/tai-chinh-quoc-te.htm
[2026-06-27 23:29:31] [TASK_2] [WARNING] Missing required fields in article: https://vietstock.vn/the-gioi/kinh-te-nganh.htm
[2026-06-27 23:29:31] [TASK_2] [WARNING] Missing required fields in article: https://vietstock.vn/tai-chinh-ca-nhan.htm
[2026-06-27 23:29:31] [TASK_2] [WARNING] Missing required fields in article: https://vietstock.vn/tai-chinh-ca-nhan/lam-chu-dong-tien.htm
[2026-06-27 23:29:31] [TASK_2] [WARNING] Missing required fields in article: https://vietstock.vn/tai-chinh-ca-nhan/dau-tu-kinh-doanh-nho.htm
[2026-06-27 23:29:31] [TASK_2] [WARNING] Missing required fields in article: https://vietstock.vn/tai-chinh-ca-nhan/doanh-nhan-va-khoi-nghiep.htm
[2026-06-27 23:29:31] [TASK_2] [WARNING] Missing required fields in article: https://vietstock.vn/tai-chinh-ca-nhan/choi-sang.htm
[2026-06-27 23:29:31] [TASK_2] [WARNING] Missing required fields in article: https://vietstock.vn/tai-chinh-ca-nhan/xe-cong-nghe.htm
[2026-06-27 23:29:31] [TASK_2] [WARNING] Missing required fields in article: https://vietstock.vn/tai-chinh-ca-nhan/tieu-dung-va-cuoc-song.htm
[2026-06-27 23:29:31] [TASK_2] [WARNING] Missing required fields in article: https://vietstock.vn/tai-chinh-ca-nhan/vi-cong-dong.htm
[2026-06-27 23:29:31] [TASK_2] [WARNING] Missing required fields in article: https://vietstock.vn/nhan-dinh-phan-tich.htm
[2026-06-27 23:29:31] [TASK_2] [WARNING] Missing required fields in article: https://vietstock.vn/nhan-dinh-phan-tich/nhan-dinh-thi-truong.htm
[2026-06-27 23:29:31] [TASK_2] [WARNING] Missing required fields in article: https://vietstock.vn/nhan-dinh-phan-tich/phan-tich-co-ban.htm
[2026-06-27 23:29:31] [TASK_2] [WARNING] Missing required fields in article: https://vietstock.vn/nhan-dinh-phan-tich/phan-tich-ky-thuat.htm
[2026-06-27 23:29:31] [TASK_2] [WARNING] Missing required fields in article: https://vietstock.vn/dong-duong.htm
[2026-06-27 23:29:31] [TASK_2] [WARNING] Missing required fields in article: https://vietstock.vn/dong-duong/vi-mo-dau-tu.htm
[2026-06-27 23:29:31] [TASK_2] [WARNING] Missing required fields in article: https://vietstock.vn/dong-duong/tai-chinh-ngan-hang.htm
[2026-06-27 23:29:31] [TASK_2] [WARNING] Missing required fields in article: https://vietstock.vn/dong-duong/thi-truong-chung-khoan.htm
[2026-06-27 23:29:31] [TASK_2] [WARNING] Missing required fields in article: https://vietstock.vn/dong-duong/kinh-te-nganh.htm
[2026-06-27 23:29:31] [TASK_2] [WARNING] Missing required fields in article: javascript:void(0)
[2026-06-27 23:29:31] [TASK_2] [WARNING] Missing required fields in article: https://vietstock.vn/chu-de/217-7/quan-he-nha-dau-tu-ir.htm
[2026-06-27 23:29:31] [TASK_2] [WARNING] Missing required fields in article: https://vietstock.vn/chu-de/665-7/dhdcd-thuong-nien-2026.htm
[2026-06-27 23:29:31] [TASK_2] [WARNING] Missing required fields in article: https://vietstock.vn/chu-de/503-7/nang-hang-thi-truong.htm
[2026-06-27 23:29:31] [TASK_2] [WARNING] Missing required fields in article: https://vietstock.vn/chu-de/644-7/trump-20.htm
[2026-06-27 23:29:31] [TASK_2] [WARNING] Missing required fields in article: https://vietstock.vn/chu-de/652-7/trung-tam-tai-chinh.htm
[2026-06-27 23:29:31] [TASK_2] [WARNING] Missing required fields in article: https://vietstock.vn/chu-de/467-7/cac-kenh-dau-tu.htm
[2026-06-27 23:29:31] [TASK_2] [WARNING] Missing required fields in article: https://vietstock.vn/chu-de/1-8/tat-ca.htm
[2026-06-27 23:29:31] [TASK_2] [WARNING] Missing required fields in article: https://finance.vietstock.vn/du-lieu-vi-mo
[2026-06-27 23:29:31] [TASK_2] [WARNING] Missing required fields in article: https://finance.vietstock.vn/du-lieu-nganh.htm
[2026-06-27 23:29:31] [TASK_2] [WARNING] Missing required fields in article: https://finance.vietstock.vn/du-lieu-nganh.htm
[2026-06-27 23:29:31] [TASK_2] [WARNING] Missing required fields in article: https://finance.vietstock.vn/nganh/40-tai-chinh.htm
[2026-06-27 23:29:31] [TASK_2] [WARNING] Missing required fields in article: https://finance.vietstock.vn/doanh-nghiep-a-z?page=1
[2026-06-27 23:29:31] [TASK_2] [WARNING] Missing required fields in article: https://finance.vietstock.vn/doanh-nghiep-a-z?page=1
[2026-06-27 23:29:31] [TASK_2] [WARNING] Missing required fields in article: https://finance.vietstock.vn/lich-su-kien.htm?page=1
[2026-06-27 23:29:31] [TASK_2] [WARNING] Missing required fields in article: https://finance.vietstock.vn/ket-qua-kinh-doanh
[2026-06-27 23:29:31] [TASK_2] [WARNING] Missing required fields in article: https://finance.vietstock.vn/giao-dich-noi-bo
[2026-06-27 23:29:31] [TASK_2] [WARNING] Missing required fields in article: https://finance.vietstock.vn/tai-lieu/bao-cao-tai-chinh.htm
[2026-06-27 23:29:31] [TASK_2] [WARNING] Missing required fields in article: https://finance.vietstock.vn/nien-giam.htm
[2026-06-27 23:29:31] [TASK_2] [WARNING] Missing required fields in article: https://finance.vietstock.vn/chung-khoan-phai-sinh/hop-dong-tuong-lai.htm
[2026-06-27 23:29:31] [TASK_2] [WARNING] Missing required fields in article: https://finance.vietstock.vn/chung-khoan-phai-sinh/hop-dong-tuong-lai.htm
[2026-06-27 23:29:31] [TASK_2] [WARNING] Missing required fields in article: https://finance.vietstock.vn/chung-khoan-phai-sinh/hop-dong-tuong-lai.htm
[2026-06-27 23:29:31] [TASK_2] [WARNING] Missing required fields in article: https://finance.vietstock.vn/chung-khoan-phai-sinh/thong-ke-giao-dich.htm
[2026-06-27 23:29:31] [TASK_2] [WARNING] Missing required fields in article: https://finance.vietstock.vn/chung-khoan-phai-sinh/qui-dinh-huong-dan.htm
[2026-06-27 23:29:31] [TASK_2] [WARNING] Missing required fields in article: https://finance.vietstock.vn/chung-khoan-phai-sinh/chung-quyen.htm
[2026-06-27 23:29:31] [TASK_2] [WARNING] Missing required fields in article: https://finance.vietstock.vn/chung-khoan-phai-sinh/chung-quyen.htm
[2026-06-27 23:29:31] [TASK_2] [WARNING] Missing required fields in article: https://finance.vietstock.vn/chung-khoan-phai-sinh/cw-thong-ke-giao-dich.htm
[2026-06-27 23:29:31] [TASK_2] [WARNING] Missing required fields in article: https://finance.vietstock.vn/chung-khoan-phai-sinh/cw-blackschole.htm
[2026-06-27 23:29:31] [TASK_2] [WARNING] Missing required fields in article: https://finance.vietstock.vn/trai-phieu/tp-doanh-nghiep/tong-quan.htm
[2026-06-27 23:29:31] [TASK_2] [WARNING] Missing required fields in article: https://finance.vietstock.vn/trai-phieu/tp-doanh-nghiep/tong-quan.htm
[2026-06-27 23:29:31] [TASK_2] [WARNING] Missing required fields in article: https://finance.vietstock.vn/trai-phieu/tp-doanh-nghiep/to-chuc-phat-hanh.htm?page=1
[2026-06-27 23:29:31] [TASK_2] [WARNING] Missing required fields in article: https://finance.vietstock.vn/trai-phieu/tp-doanh-nghiep/danh-sach.htm
[2026-06-27 23:29:31] [TASK_2] [WARNING] Missing required fields in article: https://finance.vietstock.vn/trai-phieu/tp-doanh-nghiep/thong-ke-giao-dich.htm
[2026-06-27 23:29:31] [TASK_2] [WARNING] Missing required fields in article: https://finance.vietstock.vn/suc-manh-gia-rrg
[2026-06-27 23:29:31] [TASK_2] [WARNING] Missing required fields in article: https://finance.vietstock.vn/suc-manh-gia-rrg
[2026-06-27 23:29:31] [TASK_2] [WARNING] Missing required fields in article: https://finance.vietstock.vn/phan-tich-ky-thuat.htm
[2026-06-27 23:29:31] [TASK_2] [WARNING] Missing required fields in article: https://banggia.vietstock.vn/
[2026-06-27 23:29:31] [TASK_2] [WARNING] Missing required fields in article: https://finance.vietstock.vn/bo-loc-co-phieu.htm
[2026-06-27 23:29:31] [TASK_2] [WARNING] Missing required fields in article: https://finance.vietstock.vn/so-sanh-co-phieu.htm
[2026-06-27 23:29:31] [TASK_2] [WARNING] Missing required fields in article: https://finance.vietstock.vn/bao-cao-phan-tich
[2026-06-27 23:29:31] [TASK_2] [WARNING] Missing required fields in article: https://finance.vietstock.vn/bieu-do-tai-chinh.htm
[2026-06-27 23:29:31] [TASK_2] [WARNING] Missing required fields in article: https://finance.vietstock.vn/truy-xuat-du-lieu/tong-hop-doanh-nghiep.htm
[2026-06-27 23:29:31] [TASK_2] [WARNING] Missing required fields in article: https://finance.vietstock.vn/truy-xuat-du-lieu/tong-hop-doanh-nghiep.htm
[2026-06-27 23:29:31] [TASK_2] [WARNING] Missing required fields in article: https://finance.vietstock.vn/truy-xuat-du-lieu/bao-cao-tai-chinh.htm
[2026-06-27 23:29:31] [TASK_2] [WARNING] Missing required fields in article: https://finance.vietstock.vn/truy-xuat-du-lieu/bao-cao-tai-chinh-nganh.htm
[2026-06-27 23:29:31] [TASK_2] [WARNING] Missing required fields in article: https://finance.vietstock.vn/du-lieu-vi-mo
[2026-06-27 23:29:31] [TASK_2] [WARNING] Missing required fields in article: https://vietstock.vn/chu-de/1-2/moi-cap-nhat.htm
[2026-06-27 23:29:31] [TASK_2] [WARNING] Missing required fields in article: https://vietstock.vn/chung-khoan.htm
[2026-06-27 23:29:31] [TASK_2] [WARNING] Missing required fields in article: https://vietstock.vn/doanh-nghiep.htm
[2026-06-27 23:29:31] [TASK_2] [WARNING] Missing required fields in article: https://vietstock.vn/bat-dong-san.htm
[2026-06-27 23:29:31] [TASK_2] [WARNING] Missing required fields in article: https://vietstock.vn/tai-chinh.htm
[2026-06-27 23:29:31] [TASK_2] [WARNING] Missing required fields in article: https://vietstock.vn/hang-hoa.htm
[2026-06-27 23:29:31] [TASK_2] [WARNING] Missing required fields in article: https://vietstock.vn/kinh-te.htm
[2026-06-27 23:29:31] [TASK_2] [WARNING] Missing required fields in article: https://vietstock.vn/the-gioi.htm
[2026-06-27 23:29:31] [TASK_2] [WARNING] Missing required fields in article: https://vietstock.vn/tai-chinh-ca-nhan.htm
[2026-06-27 23:29:31] [TASK_2] [WARNING] Missing required fields in article: https://vietstock.vn/nhan-dinh-phan-tich.htm
[2026-06-27 23:29:31] [TASK_2] [WARNING] Missing required fields in article: https://vietstock.vn/dong-duong.htm
[2026-06-27 23:29:31] [TASK_2] [INFO] Vietstock tag page yielded no articles for FPT. Trying finance sub-domain fallback.
[2026-06-27 23:29:32] [TASK_2] [WARNING] Missing required fields in article: https://finance.vietstock.vn/chinh-sach-thanh-vien
[2026-06-27 23:29:32] [TASK_2] [WARNING] Missing required fields in article: https://dichvu.vietstock.vn/
[2026-06-27 23:29:32] [TASK_2] [WARNING] Missing required fields in article: https://finance.vietstock.vn/chinh-sach-thanh-vien
[2026-06-27 23:29:32] [TASK_2] [INFO] Vietstock: collected 2 articles for FPT
[2026-06-27 23:29:32] [TASK_2] [INFO] ============================================================
[2026-06-27 23:29:32] [TASK_2] [INFO] SCRAPING REPORT — VIETSTOCK
[2026-06-27 23:29:32] [TASK_2] [INFO] ============================================================
[2026-06-27 23:29:32] [TASK_2] [INFO]   FPT   : 2 articles (2026-07-25 to 2026-07-25)
[2026-06-27 23:29:32] [TASK_2] [INFO]   VCB   : 3 articles (2026-07-25 to 2026-07-25)
[2026-06-27 23:29:32] [TASK_2] [INFO]   VNM   : 2 articles (2026-07-25 to 2026-07-25)
[2026-06-27 23:29:32] [TASK_2] [INFO] ------------------------------------------------------------
[2026-06-27 23:29:32] [TASK_2] [INFO] Total articles from VIETSTOCK: 7
[2026-06-27 23:29:32] [TASK_2] [INFO] ============================================================
[2026-06-27 23:29:32] [TASK_2] [INFO] Scraping tnck for ticker=ALL from 2022-01-01 (existing URLs: 0)
[2026-06-27 23:29:32] [TASK_2] [INFO] TNCK: searching by VN30 ticker symbols…
[2026-06-27 23:29:32] [TASK_2] [WARNING] Missing required fields in article: https://www.tinnhanhchungkhoan.vn/bao-dau-tu-so-49-50-post392804.html
[2026-06-27 23:29:32] [TASK_2] [WARNING] Missing required fields in article: https://www.tinnhanhchungkhoan.vn/vietnam-investment-review-so-1810-post392791.html
[2026-06-27 23:29:33] [TASK_2] [WARNING] Missing required fields in article: https://www.tinnhanhchungkhoan.vn/bao-dau-tu-chung-khoan-so-25-post392730.html
[2026-06-27 23:29:33] [TASK_2] [WARNING] Missing required fields in article: https://www.tinnhanhchungkhoan.vn/bhh-ngay-gdkhq-tra-co-tuc-nam-2025-bang-tien-7-post392773.html
[2026-06-27 23:29:33] [TASK_2] [WARNING] Missing required fields in article: https://www.tinnhanhchungkhoan.vn/vhm-ngay-gdkhq-tra-co-tuc-bang-tien-60-post392779.html
[2026-06-27 23:29:33] [TASK_2] [WARNING] Missing required fields in article: https://www.tinnhanhchungkhoan.vn/cmd-ngay-gdkhq-tam-ung-co-tuc-dot-1-nam-2026-bang-tien-10-post392786.html
[2026-06-27 23:29:33] [TASK_2] [WARNING] Missing required fields in article: https://www.tinnhanhchungkhoan.vn/vbc-ngay-gdkhq-tra-co-tuc-nam-2025-bang-tien-18-post392792.html
[2026-06-27 23:29:33] [TASK_2] [WARNING] Missing required fields in article: https://www.tinnhanhchungkhoan.vn/ccl-ngay-gdkhq-tra-co-tuc-nam-2025-bang-co-phieu-101-post392793.html
[2026-06-27 23:29:33] [TASK_2] [WARNING] Missing required fields in article: https://www.tinnhanhchungkhoan.vn/htc-ngay-gdkhq-tam-ung-co-tuc-dot-1-nam-2026-bang-tien-3-post392798.html
[2026-06-27 23:29:33] [TASK_2] [WARNING] Missing required fields in article: https://www.tinnhanhchungkhoan.vn/khp-ngay-gdkhq-tra-co-tuc-nam-2025-bang-tien-5-post392799.html
[2026-06-27 23:29:33] [TASK_2] [WARNING] Missing required fields in article: https://www.tinnhanhchungkhoan.vn/vnp-ngay-gdkhq-tra-co-tuc-nam-2025-bang-tien-8-post392802.html
[2026-06-27 23:29:33] [TASK_2] [WARNING] Missing required fields in article: https://www.tinnhanhchungkhoan.vn/ijc-ngay-gdkhq-tra-co-tuc-bang-tien-nam-2025-5-post392811.html
[2026-06-27 23:29:33] [TASK_2] [WARNING] Missing required fields in article: https://www.tinnhanhchungkhoan.vn/vpw-ngay-gdkhq-tra-co-tuc-nam-2025-bang-tien-202-post392781.html
[2026-06-27 23:29:33] [TASK_2] [WARNING] Missing required fields in article: https://www.tinnhanhchungkhoan.vn/ocb-ngay-gdkhq-nhan-co-phieu-tang-von-tu-nguon-von-chu-so-huu-10015-post392785.html
[2026-06-27 23:29:33] [TASK_2] [WARNING] Missing required fields in article: https://www.tinnhanhchungkhoan.vn/sed-ngay-gdkhq-tra-co-tuc-nam-2025-bang-tien-15-post392806.html
[2026-06-27 23:29:33] [TASK_2] [WARNING] Missing required fields in article: https://www.tinnhanhchungkhoan.vn/ads-ngay-gdkhq-tra-co-tuc-nam-2025-bang-tien-10-post392795.html
[2026-06-27 23:29:33] [TASK_2] [WARNING] Missing required fields in article: https://www.tinnhanhchungkhoan.vn/png-ngay-gdkhq-tra-co-tuc-nam-2025-bang-tien-10-post392803.html
[2026-06-27 23:29:33] [TASK_2] [WARNING] Missing required fields in article: https://www.tinnhanhchungkhoan.vn/clc-ngay-gdkhq-tra-co-tuc-dot-cuoi-nam-2025-bang-tien-25-post392805.html
[2026-06-27 23:29:33] [TASK_2] [WARNING] Missing required fields in article: https://www.tinnhanhchungkhoan.vn/tvt-ngay-gdkhq-tra-co-tuc-dot-cuoi-nam-2025-bang-tien-10-post392774.html
[2026-06-27 23:29:33] [TASK_2] [WARNING] Missing required fields in article: https://www.tinnhanhchungkhoan.vn/ibd-ngay-gdkhq-tra-co-tuc-nam-2025-bang-tien-5-post392777.html
[2026-06-27 23:29:33] [TASK_2] [WARNING] Missing required fields in article: https://www.tinnhanhchungkhoan.vn/adp-ngay-gdkhq-tra-co-tuc-dot-1-nam-2026-bang-tien-7-post392775.html
[2026-06-27 23:29:33] [TASK_2] [WARNING] Missing required fields in article: https://www.tinnhanhchungkhoan.vn/ctr-ngay-gdkhq-tra-co-tuc-nam-2025-bang-tien-15-va-co-phieu-10012-post392778.html
[2026-06-27 23:29:33] [TASK_2] [WARNING] Missing required fields in article: https://www.tinnhanhchungkhoan.vn/tmp-ngay-gdkhq-tra-co-tuc-con-lai-nam-2025-bang-tien-20-post392790.html
[2026-06-27 23:29:33] [TASK_2] [WARNING] Missing required fields in article: https://www.tinnhanhchungkhoan.vn/fhs-ngay-gdkhq-tam-ung-co-tuc-dot-1-nam-2026-bang-tien-8-va-co-phieu-tang-von-104-post392789.html
[2026-06-27 23:29:33] [TASK_2] [WARNING] Missing required fields in article: https://www.tinnhanhchungkhoan.vn/tku-ngay-gdkhq-tra-co-tuc-nam-2025-bang-tien-5-post392808.html
[2026-06-27 23:29:33] [TASK_2] [WARNING] Missing required fields in article: https://www.tinnhanhchungkhoan.vn/nth-ngay-gdkhq-tam-ung-co-tuc-lan-1-nam-2026-bang-tien-15-post392809.html
[2026-06-27 23:29:33] [TASK_2] [WARNING] Missing required fields in article: https://www.tinnhanhchungkhoan.vn/nbc-ngay-gdkhq-tra-co-tuc-nam-2025-bang-tien-6-post392783.html
[2026-06-27 23:29:33] [TASK_2] [WARNING] Request failed for https://tinnhanhchungkhoan.vn/tim-kiem/page/2/?q=ACB (attempt 1/3): 404 Client Error: Not Found for url: https://www.tinnhanhchungkhoan.vn/404
[2026-06-27 23:29:33] [TASK_2] [INFO] Retrying in 1s…
[2026-06-27 23:29:34] [TASK_2] [WARNING] Request failed for https://tinnhanhchungkhoan.vn/tim-kiem/page/2/?q=ACB (attempt 2/3): 404 Client Error: Not Found for url: https://www.tinnhanhchungkhoan.vn/404
[2026-06-27 23:29:34] [TASK_2] [INFO] Retrying in 2s…
[2026-06-27 23:29:37] [TASK_2] [WARNING] Request failed for https://tinnhanhchungkhoan.vn/tim-kiem/page/2/?q=ACB (attempt 3/3): 404 Client Error: Not Found for url: https://www.tinnhanhchungkhoan.vn/404
[2026-06-27 23:29:37] [TASK_2] [ERROR] All 3 attempts failed for https://tinnhanhchungkhoan.vn/tim-kiem/page/2/?q=ACB. Skipping.
[2026-06-27 23:29:37] [TASK_2] [WARNING] Failed to fetch TNCK search page 2 for query 'ACB'. Stopping pagination.
[2026-06-27 23:29:37] [TASK_2] [INFO] TNCK search 'ACB': 54 new articles
[2026-06-27 23:29:38] [TASK_2] [WARNING] Missing required fields in article: https://www.tinnhanhchungkhoan.vn/bao-dau-tu-so-49-50-post392804.html
[2026-06-27 23:29:38] [TASK_2] [WARNING] Missing required fields in article: https://www.tinnhanhchungkhoan.vn/vietnam-investment-review-so-1810-post392791.html
[2026-06-27 23:29:38] [TASK_2] [WARNING] Missing required fields in article: https://www.tinnhanhchungkhoan.vn/bao-dau-tu-chung-khoan-so-25-post392730.html
[2026-06-27 23:29:38] [TASK_2] [WARNING] Missing required fields in article: https://www.tinnhanhchungkhoan.vn/bhh-ngay-gdkhq-tra-co-tuc-nam-2025-bang-tien-7-post392773.html
[2026-06-27 23:29:38] [TASK_2] [WARNING] Missing required fields in article: https://www.tinnhanhchungkhoan.vn/vhm-ngay-gdkhq-tra-co-tuc-bang-tien-60-post392779.html
[2026-06-27 23:29:38] [TASK_2] [WARNING] Missing required fields in article: https://www.tinnhanhchungkhoan.vn/cmd-ngay-gdkhq-tam-ung-co-tuc-dot-1-nam-2026-bang-tien-10-post392786.html
[2026-06-27 23:29:38] [TASK_2] [WARNING] Missing required fields in article: https://www.tinnhanhchungkhoan.vn/vbc-ngay-gdkhq-tra-co-tuc-nam-2025-bang-tien-18-post392792.html
[2026-06-27 23:29:38] [TASK_2] [WARNING] Missing required fields in article: https://www.tinnhanhchungkhoan.vn/ccl-ngay-gdkhq-tra-co-tuc-nam-2025-bang-co-phieu-101-post392793.html
[2026-06-27 23:29:38] [TASK_2] [WARNING] Missing required fields in article: https://www.tinnhanhchungkhoan.vn/htc-ngay-gdkhq-tam-ung-co-tuc-dot-1-nam-2026-bang-tien-3-post392798.html
[2026-06-27 23:29:38] [TASK_2] [WARNING] Missing required fields in article: https://www.tinnhanhchungkhoan.vn/khp-ngay-gdkhq-tra-co-tuc-nam-2025-bang-tien-5-post392799.html
[2026-06-27 23:29:38] [TASK_2] [WARNING] Missing required fields in article: https://www.tinnhanhchungkhoan.vn/vnp-ngay-gdkhq-tra-co-tuc-nam-2025-bang-tien-8-post392802.html
[2026-06-27 23:29:38] [TASK_2] [WARNING] Missing required fields in article: https://www.tinnhanhchungkhoan.vn/ijc-ngay-gdkhq-tra-co-tuc-bang-tien-nam-2025-5-post392811.html
[2026-06-27 23:29:38] [TASK_2] [WARNING] Missing required fields in article: https://www.tinnhanhchungkhoan.vn/vpw-ngay-gdkhq-tra-co-tuc-nam-2025-bang-tien-202-post392781.html
[2026-06-27 23:29:38] [TASK_2] [WARNING] Missing required fields in article: https://www.tinnhanhchungkhoan.vn/ocb-ngay-gdkhq-nhan-co-phieu-tang-von-tu-nguon-von-chu-so-huu-10015-post392785.html
[2026-06-27 23:29:38] [TASK_2] [WARNING] Missing required fields in article: https://www.tinnhanhchungkhoan.vn/sed-ngay-gdkhq-tra-co-tuc-nam-2025-bang-tien-15-post392806.html
[2026-06-27 23:29:38] [TASK_2] [WARNING] Missing required fields in article: https://www.tinnhanhchungkhoan.vn/ads-ngay-gdkhq-tra-co-tuc-nam-2025-bang-tien-10-post392795.html
[2026-06-27 23:29:38] [TASK_2] [WARNING] Missing required fields in article: https://www.tinnhanhchungkhoan.vn/png-ngay-gdkhq-tra-co-tuc-nam-2025-bang-tien-10-post392803.html
[2026-06-27 23:29:38] [TASK_2] [WARNING] Missing required fields in article: https://www.tinnhanhchungkhoan.vn/clc-ngay-gdkhq-tra-co-tuc-dot-cuoi-nam-2025-bang-tien-25-post392805.html
[2026-06-27 23:29:38] [TASK_2] [WARNING] Missing required fields in article: https://www.tinnhanhchungkhoan.vn/tvt-ngay-gdkhq-tra-co-tuc-dot-cuoi-nam-2025-bang-tien-10-post392774.html
[2026-06-27 23:29:38] [TASK_2] [WARNING] Missing required fields in article: https://www.tinnhanhchungkhoan.vn/ibd-ngay-gdkhq-tra-co-tuc-nam-2025-bang-tien-5-post392777.html
[2026-06-27 23:29:38] [TASK_2] [WARNING] Missing required fields in article: https://www.tinnhanhchungkhoan.vn/adp-ngay-gdkhq-tra-co-tuc-dot-1-nam-2026-bang-tien-7-post392775.html
[2026-06-27 23:29:38] [TASK_2] [WARNING] Missing required fields in article: https://www.tinnhanhchungkhoan.vn/ctr-ngay-gdkhq-tra-co-tuc-nam-2025-bang-tien-15-va-co-phieu-10012-post392778.html
[2026-06-27 23:29:38] [TASK_2] [WARNING] Missing required fields in article: https://www.tinnhanhchungkhoan.vn/tmp-ngay-gdkhq-tra-co-tuc-con-lai-nam-2025-bang-tien-20-post392790.html
[2026-06-27 23:29:38] [TASK_2] [WARNING] Missing required fields in article: https://www.tinnhanhchungkhoan.vn/fhs-ngay-gdkhq-tam-ung-co-tuc-dot-1-nam-2026-bang-tien-8-va-co-phieu-tang-von-104-post392789.html
[2026-06-27 23:29:38] [TASK_2] [WARNING] Missing required fields in article: https://www.tinnhanhchungkhoan.vn/tku-ngay-gdkhq-tra-co-tuc-nam-2025-bang-tien-5-post392808.html
[2026-06-27 23:29:38] [TASK_2] [WARNING] Missing required fields in article: https://www.tinnhanhchungkhoan.vn/nth-ngay-gdkhq-tam-ung-co-tuc-lan-1-nam-2026-bang-tien-15-post392809.html
[2026-06-27 23:29:38] [TASK_2] [WARNING] Missing required fields in article: https://www.tinnhanhchungkhoan.vn/nbc-ngay-gdkhq-tra-co-tuc-nam-2025-bang-tien-6-post392783.html
[2026-06-27 23:29:39] [TASK_2] [WARNING] Request failed for https://tinnhanhchungkhoan.vn/tim-kiem/page/2/?q=BCM (attempt 1/3): 404 Client Error: Not Found for url: https://www.tinnhanhchungkhoan.vn/404
[2026-06-27 23:29:39] [TASK_2] [INFO] Retrying in 1s…
[2026-06-27 23:29:40] [TASK_2] [WARNING] Request failed for https://tinnhanhchungkhoan.vn/tim-kiem/page/2/?q=BCM (attempt 2/3): 404 Client Error: Not Found for url: https://www.tinnhanhchungkhoan.vn/404
[2026-06-27 23:29:40] [TASK_2] [INFO] Retrying in 2s…
[2026-06-27 23:29:42] [TASK_2] [WARNING] Request failed for https://tinnhanhchungkhoan.vn/tim-kiem/page/2/?q=BCM (attempt 3/3): 404 Client Error: Not Found for url: https://www.tinnhanhchungkhoan.vn/404
[2026-06-27 23:29:42] [TASK_2] [ERROR] All 3 attempts failed for https://tinnhanhchungkhoan.vn/tim-kiem/page/2/?q=BCM. Skipping.
[2026-06-27 23:29:42] [TASK_2] [WARNING] Failed to fetch TNCK search page 2 for query 'BCM'. Stopping pagination.
[2026-06-27 23:29:42] [TASK_2] [INFO] TNCK search 'BCM': 40 new articles
[2026-06-27 23:29:43] [TASK_2] [WARNING] Missing required fields in article: https://www.tinnhanhchungkhoan.vn/bao-dau-tu-so-49-50-post392804.html
[2026-06-27 23:29:43] [TASK_2] [WARNING] Missing required fields in article: https://www.tinnhanhchungkhoan.vn/vietnam-investment-review-so-1810-post392791.html
[2026-06-27 23:29:43] [TASK_2] [WARNING] Missing required fields in article: https://www.tinnhanhchungkhoan.vn/bao-dau-tu-chung-khoan-so-25-post392730.html
[2026-06-27 23:29:43] [TASK_2] [WARNING] Missing required fields in article: https://www.tinnhanhchungkhoan.vn/bhh-ngay-gdkhq-tra-co-tuc-nam-2025-bang-tien-7-post392773.html
[2026-06-27 23:29:43] [TASK_2] [WARNING] Missing required fields in article: https://www.tinnhanhchungkhoan.vn/vhm-ngay-gdkhq-tra-co-tuc-bang-tien-60-post392779.html
[2026-06-27 23:29:43] [TASK_2] [WARNING] Missing required fields in article: https://www.tinnhanhchungkhoan.vn/cmd-ngay-gdkhq-tam-ung-co-tuc-dot-1-nam-2026-bang-tien-10-post392786.html
[2026-06-27 23:29:43] [TASK_2] [WARNING] Missing required fields in article: https://www.tinnhanhchungkhoan.vn/vbc-ngay-gdkhq-tra-co-tuc-nam-2025-bang-tien-18-post392792.html
[2026-06-27 23:29:43] [TASK_2] [WARNING] Missing required fields in article: https://www.tinnhanhchungkhoan.vn/ccl-ngay-gdkhq-tra-co-tuc-nam-2025-bang-co-phieu-101-post392793.html
[2026-06-27 23:29:43] [TASK_2] [WARNING] Missing required fields in article: https://www.tinnhanhchungkhoan.vn/htc-ngay-gdkhq-tam-ung-co-tuc-dot-1-nam-2026-bang-tien-3-post392798.html
[2026-06-27 23:29:43] [TASK_2] [WARNING] Missing required fields in article: https://www.tinnhanhchungkhoan.vn/khp-ngay-gdkhq-tra-co-tuc-nam-2025-bang-tien-5-post392799.html
[2026-06-27 23:29:43] [TASK_2] [WARNING] Missing required fields in article: https://www.tinnhanhchungkhoan.vn/vnp-ngay-gdkhq-tra-co-tuc-nam-2025-bang-tien-8-post392802.html
[2026-06-27 23:29:43] [TASK_2] [WARNING] Missing required fields in article: https://www.tinnhanhchungkhoan.vn/ijc-ngay-gdkhq-tra-co-tuc-bang-tien-nam-2025-5-post392811.html
[2026-06-27 23:29:43] [TASK_2] [WARNING] Missing required fields in article: https://www.tinnhanhchungkhoan.vn/vpw-ngay-gdkhq-tra-co-tuc-nam-2025-bang-tien-202-post392781.html
[2026-06-27 23:29:43] [TASK_2] [WARNING] Missing required fields in article: https://www.tinnhanhchungkhoan.vn/ocb-ngay-gdkhq-nhan-co-phieu-tang-von-tu-nguon-von-chu-so-huu-10015-post392785.html
[2026-06-27 23:29:43] [TASK_2] [WARNING] Missing required fields in article: https://www.tinnhanhchungkhoan.vn/sed-ngay-gdkhq-tra-co-tuc-nam-2025-bang-tien-15-post392806.html
[2026-06-27 23:29:43] [TASK_2] [WARNING] Missing required fields in article: https://www.tinnhanhchungkhoan.vn/ads-ngay-gdkhq-tra-co-tuc-nam-2025-bang-tien-10-post392795.html
[2026-06-27 23:29:43] [TASK_2] [WARNING] Missing required fields in article: https://www.tinnhanhchungkhoan.vn/png-ngay-gdkhq-tra-co-tuc-nam-2025-bang-tien-10-post392803.html
[2026-06-27 23:29:43] [TASK_2] [WARNING] Missing required fields in article: https://www.tinnhanhchungkhoan.vn/clc-ngay-gdkhq-tra-co-tuc-dot-cuoi-nam-2025-bang-tien-25-post392805.html
[2026-06-27 23:29:43] [TASK_2] [WARNING] Missing required fields in article: https://www.tinnhanhchungkhoan.vn/tvt-ngay-gdkhq-tra-co-tuc-dot-cuoi-nam-2025-bang-tien-10-post392774.html
[2026-06-27 23:29:43] [TASK_2] [WARNING] Missing required fields in article: https://www.tinnhanhchungkhoan.vn/ibd-ngay-gdkhq-tra-co-tuc-nam-2025-bang-tien-5-post392777.html
[2026-06-27 23:29:43] [TASK_2] [WARNING] Missing required fields in article: https://www.tinnhanhchungkhoan.vn/adp-ngay-gdkhq-tra-co-tuc-dot-1-nam-2026-bang-tien-7-post392775.html
[2026-06-27 23:29:43] [TASK_2] [WARNING] Missing required fields in article: https://www.tinnhanhchungkhoan.vn/ctr-ngay-gdkhq-tra-co-tuc-nam-2025-bang-tien-15-va-co-phieu-10012-post392778.html
[2026-06-27 23:29:43] [TASK_2] [WARNING] Missing required fields in article: https://www.tinnhanhchungkhoan.vn/tmp-ngay-gdkhq-tra-co-tuc-con-lai-nam-2025-bang-tien-20-post392790.html
[2026-06-27 23:29:43] [TASK_2] [WARNING] Missing required fields in article: https://www.tinnhanhchungkhoan.vn/fhs-ngay-gdkhq-tam-ung-co-tuc-dot-1-nam-2026-bang-tien-8-va-co-phieu-tang-von-104-post392789.html
[2026-06-27 23:29:43] [TASK_2] [WARNING] Missing required fields in article: https://www.tinnhanhchungkhoan.vn/tku-ngay-gdkhq-tra-co-tuc-nam-2025-bang-tien-5-post392808.html
[2026-06-27 23:29:43] [TASK_2] [WARNING] Missing required fields in article: https://www.tinnhanhchungkhoan.vn/nth-ngay-gdkhq-tam-ung-co-tuc-lan-1-nam-2026-bang-tien-15-post392809.html
[2026-06-27 23:29:43] [TASK_2] [WARNING] Missing required fields in article: https://www.tinnhanhchungkhoan.vn/nbc-ngay-gdkhq-tra-co-tuc-nam-2025-bang-tien-6-post392783.html
[2026-06-27 23:29:44] [TASK_2] [WARNING] Request failed for https://tinnhanhchungkhoan.vn/tim-kiem/page/2/?q=BID (attempt 1/3): 404 Client Error: Not Found for url: https://www.tinnhanhchungkhoan.vn/404
[2026-06-27 23:29:44] [TASK_2] [INFO] Retrying in 1s…
[2026-06-27 23:29:45] [TASK_2] [WARNING] Request failed for https://tinnhanhchungkhoan.vn/tim-kiem/page/2/?q=BID (attempt 2/3): 404 Client Error: Not Found for url: https://www.tinnhanhchungkhoan.vn/404
[2026-06-27 23:29:45] [TASK_2] [INFO] Retrying in 2s…
[2026-06-27 23:29:47] [TASK_2] [WARNING] Request failed for https://tinnhanhchungkhoan.vn/tim-kiem/page/2/?q=BID (attempt 3/3): 404 Client Error: Not Found for url: https://www.tinnhanhchungkhoan.vn/404
[2026-06-27 23:29:47] [TASK_2] [ERROR] All 3 attempts failed for https://tinnhanhchungkhoan.vn/tim-kiem/page/2/?q=BID. Skipping.
[2026-06-27 23:29:47] [TASK_2] [WARNING] Failed to fetch TNCK search page 2 for query 'BID'. Stopping pagination.
[2026-06-27 23:29:47] [TASK_2] [INFO] TNCK search 'BID': 39 new articles
[2026-06-27 23:29:48] [TASK_2] [WARNING] Missing required fields in article: https://www.tinnhanhchungkhoan.vn/bao-dau-tu-so-49-50-post392804.html
[2026-06-27 23:29:48] [TASK_2] [WARNING] Missing required fields in article: https://www.tinnhanhchungkhoan.vn/vietnam-investment-review-so-1810-post392791.html
[2026-06-27 23:29:48] [TASK_2] [WARNING] Missing required fields in article: https://www.tinnhanhchungkhoan.vn/bao-dau-tu-chung-khoan-so-25-post392730.html
[2026-06-27 23:29:48] [TASK_2] [WARNING] Missing required fields in article: https://www.tinnhanhchungkhoan.vn/bhh-ngay-gdkhq-tra-co-tuc-nam-2025-bang-tien-7-post392773.html
[2026-06-27 23:29:48] [TASK_2] [WARNING] Missing required fields in article: https://www.tinnhanhchungkhoan.vn/vhm-ngay-gdkhq-tra-co-tuc-bang-tien-60-post392779.html
[2026-06-27 23:29:48] [TASK_2] [WARNING] Missing required fields in article: https://www.tinnhanhchungkhoan.vn/cmd-ngay-gdkhq-tam-ung-co-tuc-dot-1-nam-2026-bang-tien-10-post392786.html
[2026-06-27 23:29:48] [TASK_2] [WARNING] Missing required fields in article: https://www.tinnhanhchungkhoan.vn/vbc-ngay-gdkhq-tra-co-tuc-nam-2025-bang-tien-18-post392792.html
[2026-06-27 23:29:48] [TASK_2] [WARNING] Missing required fields in article: https://www.tinnhanhchungkhoan.vn/ccl-ngay-gdkhq-tra-co-tuc-nam-2025-bang-co-phieu-101-post392793.html
[2026-06-27 23:29:48] [TASK_2] [WARNING] Missing required fields in article: https://www.tinnhanhchungkhoan.vn/htc-ngay-gdkhq-tam-ung-co-tuc-dot-1-nam-2026-bang-tien-3-post392798.html
[2026-06-27 23:29:48] [TASK_2] [WARNING] Missing required fields in article: https://www.tinnhanhchungkhoan.vn/khp-ngay-gdkhq-tra-co-tuc-nam-2025-bang-tien-5-post392799.html
[2026-06-27 23:29:48] [TASK_2] [WARNING] Missing required fields in article: https://www.tinnhanhchungkhoan.vn/vnp-ngay-gdkhq-tra-co-tuc-nam-2025-bang-tien-8-post392802.html
[2026-06-27 23:29:48] [TASK_2] [WARNING] Missing required fields in article: https://www.tinnhanhchungkhoan.vn/ijc-ngay-gdkhq-tra-co-tuc-bang-tien-nam-2025-5-post392811.html
[2026-06-27 23:29:48] [TASK_2] [WARNING] Missing required fields in article: https://www.tinnhanhchungkhoan.vn/vpw-ngay-gdkhq-tra-co-tuc-nam-2025-bang-tien-202-post392781.html
[2026-06-27 23:29:48] [TASK_2] [WARNING] Missing required fields in article: https://www.tinnhanhchungkhoan.vn/ocb-ngay-gdkhq-nhan-co-phieu-tang-von-tu-nguon-von-chu-so-huu-10015-post392785.html
[2026-06-27 23:29:48] [TASK_2] [WARNING] Missing required fields in article: https://www.tinnhanhchungkhoan.vn/sed-ngay-gdkhq-tra-co-tuc-nam-2025-bang-tien-15-post392806.html
[2026-06-27 23:29:48] [TASK_2] [WARNING] Missing required fields in article: https://www.tinnhanhchungkhoan.vn/ads-ngay-gdkhq-tra-co-tuc-nam-2025-bang-tien-10-post392795.html
[2026-06-27 23:29:48] [TASK_2] [WARNING] Missing required fields in article: https://www.tinnhanhchungkhoan.vn/png-ngay-gdkhq-tra-co-tuc-nam-2025-bang-tien-10-post392803.html
[2026-06-27 23:29:48] [TASK_2] [WARNING] Missing required fields in article: https://www.tinnhanhchungkhoan.vn/clc-ngay-gdkhq-tra-co-tuc-dot-cuoi-nam-2025-bang-tien-25-post392805.html
[2026-06-27 23:29:48] [TASK_2] [WARNING] Missing required fields in article: https://www.tinnhanhchungkhoan.vn/tvt-ngay-gdkhq-tra-co-tuc-dot-cuoi-nam-2025-bang-tien-10-post392774.html
[2026-06-27 23:29:48] [TASK_2] [WARNING] Missing required fields in article: https://www.tinnhanhchungkhoan.vn/ibd-ngay-gdkhq-tra-co-tuc-nam-2025-bang-tien-5-post392777.html
[2026-06-27 23:29:48] [TASK_2] [WARNING] Missing required fields in article: https://www.tinnhanhchungkhoan.vn/adp-ngay-gdkhq-tra-co-tuc-dot-1-nam-2026-bang-tien-7-post392775.html
[2026-06-27 23:29:48] [TASK_2] [WARNING] Missing required fields in article: https://www.tinnhanhchungkhoan.vn/ctr-ngay-gdkhq-tra-co-tuc-nam-2025-bang-tien-15-va-co-phieu-10012-post392778.html
[2026-06-27 23:29:48] [TASK_2] [WARNING] Missing required fields in article: https://www.tinnhanhchungkhoan.vn/tmp-ngay-gdkhq-tra-co-tuc-con-lai-nam-2025-bang-tien-20-post392790.html
[2026-06-27 23:29:48] [TASK_2] [WARNING] Missing required fields in article: https://www.tinnhanhchungkhoan.vn/fhs-ngay-gdkhq-tam-ung-co-tuc-dot-1-nam-2026-bang-tien-8-va-co-phieu-tang-von-104-post392789.html
[2026-06-27 23:29:48] [TASK_2] [WARNING] Missing required fields in article: https://www.tinnhanhchungkhoan.vn/tku-ngay-gdkhq-tra-co-tuc-nam-2025-bang-tien-5-post392808.html
[2026-06-27 23:29:48] [TASK_2] [WARNING] Missing required fields in article: https://www.tinnhanhchungkhoan.vn/nth-ngay-gdkhq-tam-ung-co-tuc-lan-1-nam-2026-bang-tien-15-post392809.html
[2026-06-27 23:29:48] [TASK_2] [WARNING] Missing required fields in article: https://www.tinnhanhchungkhoan.vn/nbc-ngay-gdkhq-tra-co-tuc-nam-2025-bang-tien-6-post392783.html
[2026-06-27 23:29:49] [TASK_2] [WARNING] Request failed for https://tinnhanhchungkhoan.vn/tim-kiem/page/2/?q=BVH (attempt 1/3): 404 Client Error: Not Found for url: https://www.tinnhanhchungkhoan.vn/404
[2026-06-27 23:29:49] [TASK_2] [INFO] Retrying in 1s…
[2026-06-27 23:29:50] [TASK_2] [WARNING] Request failed for https://tinnhanhchungkhoan.vn/tim-kiem/page/2/?q=BVH (attempt 2/3): 404 Client Error: Not Found for url: https://www.tinnhanhchungkhoan.vn/404
[2026-06-27 23:29:50] [TASK_2] [INFO] Retrying in 2s…
[2026-06-27 23:29:52] [TASK_2] [WARNING] Request failed for https://tinnhanhchungkhoan.vn/tim-kiem/page/2/?q=BVH (attempt 3/3): 404 Client Error: Not Found for url: https://www.tinnhanhchungkhoan.vn/404
[2026-06-27 23:29:52] [TASK_2] [ERROR] All 3 attempts failed for https://tinnhanhchungkhoan.vn/tim-kiem/page/2/?q=BVH. Skipping.
[2026-06-27 23:29:52] [TASK_2] [WARNING] Failed to fetch TNCK search page 2 for query 'BVH'. Stopping pagination.
[2026-06-27 23:29:52] [TASK_2] [INFO] TNCK search 'BVH': 39 new articles
[2026-06-27 23:29:53] [TASK_2] [WARNING] Missing required fields in article: https://www.tinnhanhchungkhoan.vn/bao-dau-tu-so-49-50-post392804.html
[2026-06-27 23:29:53] [TASK_2] [WARNING] Missing required fields in article: https://www.tinnhanhchungkhoan.vn/vietnam-investment-review-so-1810-post392791.html
[2026-06-27 23:29:53] [TASK_2] [WARNING] Missing required fields in article: https://www.tinnhanhchungkhoan.vn/bao-dau-tu-chung-khoan-so-25-post392730.html
[2026-06-27 23:29:53] [TASK_2] [WARNING] Missing required fields in article: https://www.tinnhanhchungkhoan.vn/bhh-ngay-gdkhq-tra-co-tuc-nam-2025-bang-tien-7-post392773.html
[2026-06-27 23:29:53] [TASK_2] [WARNING] Missing required fields in article: https://www.tinnhanhchungkhoan.vn/vhm-ngay-gdkhq-tra-co-tuc-bang-tien-60-post392779.html
[2026-06-27 23:29:53] [TASK_2] [WARNING] Missing required fields in article: https://www.tinnhanhchungkhoan.vn/cmd-ngay-gdkhq-tam-ung-co-tuc-dot-1-nam-2026-bang-tien-10-post392786.html
[2026-06-27 23:29:53] [TASK_2] [WARNING] Missing required fields in article: https://www.tinnhanhchungkhoan.vn/vbc-ngay-gdkhq-tra-co-tuc-nam-2025-bang-tien-18-post392792.html
[2026-06-27 23:29:53] [TASK_2] [WARNING] Missing required fields in article: https://www.tinnhanhchungkhoan.vn/ccl-ngay-gdkhq-tra-co-tuc-nam-2025-bang-co-phieu-101-post392793.html
[2026-06-27 23:29:53] [TASK_2] [WARNING] Missing required fields in article: https://www.tinnhanhchungkhoan.vn/htc-ngay-gdkhq-tam-ung-co-tuc-dot-1-nam-2026-bang-tien-3-post392798.html
[2026-06-27 23:29:53] [TASK_2] [WARNING] Missing required fields in article: https://www.tinnhanhchungkhoan.vn/khp-ngay-gdkhq-tra-co-tuc-nam-2025-bang-tien-5-post392799.html
[2026-06-27 23:29:53] [TASK_2] [WARNING] Missing required fields in article: https://www.tinnhanhchungkhoan.vn/vnp-ngay-gdkhq-tra-co-tuc-nam-2025-bang-tien-8-post392802.html
[2026-06-27 23:29:54] [TASK_2] [WARNING] Missing required fields in article: https://www.tinnhanhchungkhoan.vn/ijc-ngay-gdkhq-tra-co-tuc-bang-tien-nam-2025-5-post392811.html
[2026-06-27 23:29:54] [TASK_2] [WARNING] Missing required fields in article: https://www.tinnhanhchungkhoan.vn/vpw-ngay-gdkhq-tra-co-tuc-nam-2025-bang-tien-202-post392781.html
[2026-06-27 23:29:54] [TASK_2] [WARNING] Missing required fields in article: https://www.tinnhanhchungkhoan.vn/ocb-ngay-gdkhq-nhan-co-phieu-tang-von-tu-nguon-von-chu-so-huu-10015-post392785.html
[2026-06-27 23:29:54] [TASK_2] [WARNING] Missing required fields in article: https://www.tinnhanhchungkhoan.vn/sed-ngay-gdkhq-tra-co-tuc-nam-2025-bang-tien-15-post392806.html
[2026-06-27 23:29:54] [TASK_2] [WARNING] Missing required fields in article: https://www.tinnhanhchungkhoan.vn/ads-ngay-gdkhq-tra-co-tuc-nam-2025-bang-tien-10-post392795.html
[2026-06-27 23:29:54] [TASK_2] [WARNING] Missing required fields in article: https://www.tinnhanhchungkhoan.vn/png-ngay-gdkhq-tra-co-tuc-nam-2025-bang-tien-10-post392803.html
[2026-06-27 23:29:54] [TASK_2] [WARNING] Missing required fields in article: https://www.tinnhanhchungkhoan.vn/clc-ngay-gdkhq-tra-co-tuc-dot-cuoi-nam-2025-bang-tien-25-post392805.html
[2026-06-27 23:29:54] [TASK_2] [WARNING] Missing required fields in article: https://www.tinnhanhchungkhoan.vn/tvt-ngay-gdkhq-tra-co-tuc-dot-cuoi-nam-2025-bang-tien-10-post392774.html
[2026-06-27 23:29:54] [TASK_2] [WARNING] Missing required fields in article: https://www.tinnhanhchungkhoan.vn/ibd-ngay-gdkhq-tra-co-tuc-nam-2025-bang-tien-5-post392777.html
[2026-06-27 23:29:54] [TASK_2] [WARNING] Missing required fields in article: https://www.tinnhanhchungkhoan.vn/adp-ngay-gdkhq-tra-co-tuc-dot-1-nam-2026-bang-tien-7-post392775.html
[2026-06-27 23:29:54] [TASK_2] [WARNING] Missing required fields in article: https://www.tinnhanhchungkhoan.vn/ctr-ngay-gdkhq-tra-co-tuc-nam-2025-bang-tien-15-va-co-phieu-10012-post392778.html
[2026-06-27 23:29:54] [TASK_2] [WARNING] Missing required fields in article: https://www.tinnhanhchungkhoan.vn/tmp-ngay-gdkhq-tra-co-tuc-con-lai-nam-2025-bang-tien-20-post392790.html
[2026-06-27 23:29:54] [TASK_2] [WARNING] Missing required fields in article: https://www.tinnhanhchungkhoan.vn/fhs-ngay-gdkhq-tam-ung-co-tuc-dot-1-nam-2026-bang-tien-8-va-co-phieu-tang-von-104-post392789.html
[2026-06-27 23:29:54] [TASK_2] [WARNING] Missing required fields in article: https://www.tinnhanhchungkhoan.vn/tku-ngay-gdkhq-tra-co-tuc-nam-2025-bang-tien-5-post392808.html
[2026-06-27 23:29:54] [TASK_2] [WARNING] Missing required fields in article: https://www.tinnhanhchungkhoan.vn/nth-ngay-gdkhq-tam-ung-co-tuc-lan-1-nam-2026-bang-tien-15-post392809.html
[2026-06-27 23:29:54] [TASK_2] [WARNING] Missing required fields in article: https://www.tinnhanhchungkhoan.vn/nbc-ngay-gdkhq-tra-co-tuc-nam-2025-bang-tien-6-post392783.html
[2026-06-27 23:29:54] [TASK_2] [WARNING] Request failed for https://tinnhanhchungkhoan.vn/tim-kiem/page/2/?q=CTG (attempt 1/3): 404 Client Error: Not Found for url: https://www.tinnhanhchungkhoan.vn/404
[2026-06-27 23:29:54] [TASK_2] [INFO] Retrying in 1s…
[2026-06-27 23:29:55] [TASK_2] [WARNING] Request failed for https://tinnhanhchungkhoan.vn/tim-kiem/page/2/?q=CTG (attempt 2/3): 404 Client Error: Not Found for url: https://www.tinnhanhchungkhoan.vn/404
[2026-06-27 23:29:55] [TASK_2] [INFO] Retrying in 2s…
[2026-06-27 23:29:58] [TASK_2] [WARNING] Request failed for https://tinnhanhchungkhoan.vn/tim-kiem/page/2/?q=CTG (attempt 3/3): 404 Client Error: Not Found for url: https://www.tinnhanhchungkhoan.vn/404
[2026-06-27 23:29:58] [TASK_2] [ERROR] All 3 attempts failed for https://tinnhanhchungkhoan.vn/tim-kiem/page/2/?q=CTG. Skipping.
[2026-06-27 23:29:58] [TASK_2] [WARNING] Failed to fetch TNCK search page 2 for query 'CTG'. Stopping pagination.
[2026-06-27 23:29:58] [TASK_2] [INFO] TNCK search 'CTG': 30 new articles
[2026-06-27 23:29:59] [TASK_2] [WARNING] Missing required fields in article: https://www.tinnhanhchungkhoan.vn/bao-dau-tu-so-49-50-post392804.html
[2026-06-27 23:29:59] [TASK_2] [WARNING] Missing required fields in article: https://www.tinnhanhchungkhoan.vn/vietnam-investment-review-so-1810-post392791.html
[2026-06-27 23:29:59] [TASK_2] [WARNING] Missing required fields in article: https://www.tinnhanhchungkhoan.vn/bao-dau-tu-chung-khoan-so-25-post392730.html
[2026-06-27 23:29:59] [TASK_2] [WARNING] Missing required fields in article: https://www.tinnhanhchungkhoan.vn/bhh-ngay-gdkhq-tra-co-tuc-nam-2025-bang-tien-7-post392773.html
[2026-06-27 23:29:59] [TASK_2] [WARNING] Missing required fields in article: https://www.tinnhanhchungkhoan.vn/vhm-ngay-gdkhq-tra-co-tuc-bang-tien-60-post392779.html
[2026-06-27 23:29:59] [TASK_2] [WARNING] Missing required fields in article: https://www.tinnhanhchungkhoan.vn/cmd-ngay-gdkhq-tam-ung-co-tuc-dot-1-nam-2026-bang-tien-10-post392786.html
[2026-06-27 23:29:59] [TASK_2] [WARNING] Missing required fields in article: https://www.tinnhanhchungkhoan.vn/vbc-ngay-gdkhq-tra-co-tuc-nam-2025-bang-tien-18-post392792.html
[2026-06-27 23:29:59] [TASK_2] [WARNING] Missing required fields in article: https://www.tinnhanhchungkhoan.vn/ccl-ngay-gdkhq-tra-co-tuc-nam-2025-bang-co-phieu-101-post392793.html
[2026-06-27 23:29:59] [TASK_2] [WARNING] Missing required fields in article: https://www.tinnhanhchungkhoan.vn/htc-ngay-gdkhq-tam-ung-co-tuc-dot-1-nam-2026-bang-tien-3-post392798.html
[2026-06-27 23:29:59] [TASK_2] [WARNING] Missing required fields in article: https://www.tinnhanhchungkhoan.vn/khp-ngay-gdkhq-tra-co-tuc-nam-2025-bang-tien-5-post392799.html
[2026-06-27 23:29:59] [TASK_2] [WARNING] Missing required fields in article: https://www.tinnhanhchungkhoan.vn/vnp-ngay-gdkhq-tra-co-tuc-nam-2025-bang-tien-8-post392802.html
[2026-06-27 23:29:59] [TASK_2] [WARNING] Missing required fields in article: https://www.tinnhanhchungkhoan.vn/ijc-ngay-gdkhq-tra-co-tuc-bang-tien-nam-2025-5-post392811.html
[2026-06-27 23:29:59] [TASK_2] [WARNING] Missing required fields in article: https://www.tinnhanhchungkhoan.vn/vpw-ngay-gdkhq-tra-co-tuc-nam-2025-bang-tien-202-post392781.html
[2026-06-27 23:29:59] [TASK_2] [WARNING] Missing required fields in article: https://www.tinnhanhchungkhoan.vn/ocb-ngay-gdkhq-nhan-co-phieu-tang-von-tu-nguon-von-chu-so-huu-10015-post392785.html
[2026-06-27 23:29:59] [TASK_2] [WARNING] Missing required fields in article: https://www.tinnhanhchungkhoan.vn/sed-ngay-gdkhq-tra-co-tuc-nam-2025-bang-tien-15-post392806.html
[2026-06-27 23:29:59] [TASK_2] [WARNING] Missing required fields in article: https://www.tinnhanhchungkhoan.vn/ads-ngay-gdkhq-tra-co-tuc-nam-2025-bang-tien-10-post392795.html
[2026-06-27 23:29:59] [TASK_2] [WARNING] Missing required fields in article: https://www.tinnhanhchungkhoan.vn/png-ngay-gdkhq-tra-co-tuc-nam-2025-bang-tien-10-post392803.html
[2026-06-27 23:29:59] [TASK_2] [WARNING] Missing required fields in article: https://www.tinnhanhchungkhoan.vn/clc-ngay-gdkhq-tra-co-tuc-dot-cuoi-nam-2025-bang-tien-25-post392805.html
[2026-06-27 23:29:59] [TASK_2] [WARNING] Missing required fields in article: https://www.tinnhanhchungkhoan.vn/tvt-ngay-gdkhq-tra-co-tuc-dot-cuoi-nam-2025-bang-tien-10-post392774.html
[2026-06-27 23:29:59] [TASK_2] [WARNING] Missing required fields in article: https://www.tinnhanhchungkhoan.vn/ibd-ngay-gdkhq-tra-co-tuc-nam-2025-bang-tien-5-post392777.html
[2026-06-27 23:29:59] [TASK_2] [WARNING] Missing required fields in article: https://www.tinnhanhchungkhoan.vn/adp-ngay-gdkhq-tra-co-tuc-dot-1-nam-2026-bang-tien-7-post392775.html
[2026-06-27 23:29:59] [TASK_2] [WARNING] Missing required fields in article: https://www.tinnhanhchungkhoan.vn/ctr-ngay-gdkhq-tra-co-tuc-nam-2025-bang-tien-15-va-co-phieu-10012-post392778.html
[2026-06-27 23:29:59] [TASK_2] [WARNING] Missing required fields in article: https://www.tinnhanhchungkhoan.vn/tmp-ngay-gdkhq-tra-co-tuc-con-lai-nam-2025-bang-tien-20-post392790.html
[2026-06-27 23:29:59] [TASK_2] [WARNING] Missing required fields in article: https://www.tinnhanhchungkhoan.vn/fhs-ngay-gdkhq-tam-ung-co-tuc-dot-1-nam-2026-bang-tien-8-va-co-phieu-tang-von-104-post392789.html
[2026-06-27 23:29:59] [TASK_2] [WARNING] Missing required fields in article: https://www.tinnhanhchungkhoan.vn/tku-ngay-gdkhq-tra-co-tuc-nam-2025-bang-tien-5-post392808.html
[2026-06-27 23:29:59] [TASK_2] [WARNING] Missing required fields in article: https://www.tinnhanhchungkhoan.vn/nth-ngay-gdkhq-tam-ung-co-tuc-lan-1-nam-2026-bang-tien-15-post392809.html
[2026-06-27 23:29:59] [TASK_2] [WARNING] Missing required fields in article: https://www.tinnhanhchungkhoan.vn/nbc-ngay-gdkhq-tra-co-tuc-nam-2025-bang-tien-6-post392783.html
[2026-06-27 23:30:00] [TASK_2] [WARNING] Request failed for https://tinnhanhchungkhoan.vn/tim-kiem/page/2/?q=FPT (attempt 1/3): 404 Client Error: Not Found for url: https://www.tinnhanhchungkhoan.vn/404
[2026-06-27 23:30:00] [TASK_2] [INFO] Retrying in 1s…
[2026-06-27 23:30:01] [TASK_2] [WARNING] Request failed for https://tinnhanhchungkhoan.vn/tim-kiem/page/2/?q=FPT (attempt 2/3): 404 Client Error: Not Found for url: https://www.tinnhanhchungkhoan.vn/404
[2026-06-27 23:30:01] [TASK_2] [INFO] Retrying in 2s…
[2026-06-27 23:30:03] [TASK_2] [WARNING] Request failed for https://tinnhanhchungkhoan.vn/tim-kiem/page/2/?q=FPT (attempt 3/3): 404 Client Error: Not Found for url: https://www.tinnhanhchungkhoan.vn/404
[2026-06-27 23:30:03] [TASK_2] [ERROR] All 3 attempts failed for https://tinnhanhchungkhoan.vn/tim-kiem/page/2/?q=FPT. Skipping.
[2026-06-27 23:30:03] [TASK_2] [WARNING] Failed to fetch TNCK search page 2 for query 'FPT'. Stopping pagination.
[2026-06-27 23:30:03] [TASK_2] [INFO] TNCK search 'FPT': 40 new articles
[2026-06-27 23:30:04] [TASK_2] [WARNING] Missing required fields in article: https://www.tinnhanhchungkhoan.vn/bao-dau-tu-so-49-50-post392804.html
[2026-06-27 23:30:04] [TASK_2] [WARNING] Missing required fields in article: https://www.tinnhanhchungkhoan.vn/vietnam-investment-review-so-1810-post392791.html
[2026-06-27 23:30:04] [TASK_2] [WARNING] Missing required fields in article: https://www.tinnhanhchungkhoan.vn/bao-dau-tu-chung-khoan-so-25-post392730.html
[2026-06-27 23:30:04] [TASK_2] [WARNING] Missing required fields in article: https://www.tinnhanhchungkhoan.vn/bhh-ngay-gdkhq-tra-co-tuc-nam-2025-bang-tien-7-post392773.html
[2026-06-27 23:30:04] [TASK_2] [WARNING] Missing required fields in article: https://www.tinnhanhchungkhoan.vn/vhm-ngay-gdkhq-tra-co-tuc-bang-tien-60-post392779.html
[2026-06-27 23:30:04] [TASK_2] [WARNING] Missing required fields in article: https://www.tinnhanhchungkhoan.vn/cmd-ngay-gdkhq-tam-ung-co-tuc-dot-1-nam-2026-bang-tien-10-post392786.html
[2026-06-27 23:30:04] [TASK_2] [WARNING] Missing required fields in article: https://www.tinnhanhchungkhoan.vn/vbc-ngay-gdkhq-tra-co-tuc-nam-2025-bang-tien-18-post392792.html
[2026-06-27 23:30:04] [TASK_2] [WARNING] Missing required fields in article: https://www.tinnhanhchungkhoan.vn/ccl-ngay-gdkhq-tra-co-tuc-nam-2025-bang-co-phieu-101-post392793.html
[2026-06-27 23:30:04] [TASK_2] [WARNING] Missing required fields in article: https://www.tinnhanhchungkhoan.vn/htc-ngay-gdkhq-tam-ung-co-tuc-dot-1-nam-2026-bang-tien-3-post392798.html
[2026-06-27 23:30:04] [TASK_2] [WARNING] Missing required fields in article: https://www.tinnhanhchungkhoan.vn/khp-ngay-gdkhq-tra-co-tuc-nam-2025-bang-tien-5-post392799.html
[2026-06-27 23:30:04] [TASK_2] [WARNING] Missing required fields in article: https://www.tinnhanhchungkhoan.vn/vnp-ngay-gdkhq-tra-co-tuc-nam-2025-bang-tien-8-post392802.html
[2026-06-27 23:30:04] [TASK_2] [WARNING] Missing required fields in article: https://www.tinnhanhchungkhoan.vn/ijc-ngay-gdkhq-tra-co-tuc-bang-tien-nam-2025-5-post392811.html
[2026-06-27 23:30:04] [TASK_2] [WARNING] Missing required fields in article: https://www.tinnhanhchungkhoan.vn/vpw-ngay-gdkhq-tra-co-tuc-nam-2025-bang-tien-202-post392781.html
[2026-06-27 23:30:04] [TASK_2] [WARNING] Missing required fields in article: https://www.tinnhanhchungkhoan.vn/ocb-ngay-gdkhq-nhan-co-phieu-tang-von-tu-nguon-von-chu-so-huu-10015-post392785.html
[2026-06-27 23:30:04] [TASK_2] [WARNING] Missing required fields in article: https://www.tinnhanhchungkhoan.vn/sed-ngay-gdkhq-tra-co-tuc-nam-2025-bang-tien-15-post392806.html
[2026-06-27 23:30:04] [TASK_2] [WARNING] Missing required fields in article: https://www.tinnhanhchungkhoan.vn/ads-ngay-gdkhq-tra-co-tuc-nam-2025-bang-tien-10-post392795.html
[2026-06-27 23:30:04] [TASK_2] [WARNING] Missing required fields in article: https://www.tinnhanhchungkhoan.vn/png-ngay-gdkhq-tra-co-tuc-nam-2025-bang-tien-10-post392803.html
[2026-06-27 23:30:04] [TASK_2] [WARNING] Missing required fields in article: https://www.tinnhanhchungkhoan.vn/clc-ngay-gdkhq-tra-co-tuc-dot-cuoi-nam-2025-bang-tien-25-post392805.html
[2026-06-27 23:30:04] [TASK_2] [WARNING] Missing required fields in article: https://www.tinnhanhchungkhoan.vn/tvt-ngay-gdkhq-tra-co-tuc-dot-cuoi-nam-2025-bang-tien-10-post392774.html
[2026-06-27 23:30:04] [TASK_2] [WARNING] Missing required fields in article: https://www.tinnhanhchungkhoan.vn/ibd-ngay-gdkhq-tra-co-tuc-nam-2025-bang-tien-5-post392777.html
[2026-06-27 23:30:04] [TASK_2] [WARNING] Missing required fields in article: https://www.tinnhanhchungkhoan.vn/adp-ngay-gdkhq-tra-co-tuc-dot-1-nam-2026-bang-tien-7-post392775.html
[2026-06-27 23:30:04] [TASK_2] [WARNING] Missing required fields in article: https://www.tinnhanhchungkhoan.vn/ctr-ngay-gdkhq-tra-co-tuc-nam-2025-bang-tien-15-va-co-phieu-10012-post392778.html
[2026-06-27 23:30:04] [TASK_2] [WARNING] Missing required fields in article: https://www.tinnhanhchungkhoan.vn/tmp-ngay-gdkhq-tra-co-tuc-con-lai-nam-2025-bang-tien-20-post392790.html
[2026-06-27 23:30:04] [TASK_2] [WARNING] Missing required fields in article: https://www.tinnhanhchungkhoan.vn/fhs-ngay-gdkhq-tam-ung-co-tuc-dot-1-nam-2026-bang-tien-8-va-co-phieu-tang-von-104-post392789.html
[2026-06-27 23:30:04] [TASK_2] [WARNING] Missing required fields in article: https://www.tinnhanhchungkhoan.vn/tku-ngay-gdkhq-tra-co-tuc-nam-2025-bang-tien-5-post392808.html
[2026-06-27 23:30:04] [TASK_2] [WARNING] Missing required fields in article: https://www.tinnhanhchungkhoan.vn/nth-ngay-gdkhq-tam-ung-co-tuc-lan-1-nam-2026-bang-tien-15-post392809.html
[2026-06-27 23:30:04] [TASK_2] [WARNING] Missing required fields in article: https://www.tinnhanhchungkhoan.vn/nbc-ngay-gdkhq-tra-co-tuc-nam-2025-bang-tien-6-post392783.html
[2026-06-27 23:30:05] [TASK_2] [WARNING] Request failed for https://tinnhanhchungkhoan.vn/tim-kiem/page/2/?q=GAS (attempt 1/3): 404 Client Error: Not Found for url: https://www.tinnhanhchungkhoan.vn/404
[2026-06-27 23:30:05] [TASK_2] [INFO] Retrying in 1s…
[2026-06-27 23:30:06] [TASK_2] [WARNING] Request failed for https://tinnhanhchungkhoan.vn/tim-kiem/page/2/?q=GAS (attempt 2/3): 404 Client Error: Not Found for url: https://www.tinnhanhchungkhoan.vn/404
[2026-06-27 23:30:06] [TASK_2] [INFO] Retrying in 2s…
[2026-06-27 23:30:08] [TASK_2] [WARNING] Request failed for https://tinnhanhchungkhoan.vn/tim-kiem/page/2/?q=GAS (attempt 3/3): 404 Client Error: Not Found for url: https://www.tinnhanhchungkhoan.vn/404
[2026-06-27 23:30:08] [TASK_2] [ERROR] All 3 attempts failed for https://tinnhanhchungkhoan.vn/tim-kiem/page/2/?q=GAS. Skipping.
[2026-06-27 23:30:08] [TASK_2] [WARNING] Failed to fetch TNCK search page 2 for query 'GAS'. Stopping pagination.
[2026-06-27 23:30:08] [TASK_2] [INFO] TNCK search 'GAS': 40 new articles
[2026-06-27 23:30:09] [TASK_2] [WARNING] Missing required fields in article: https://www.tinnhanhchungkhoan.vn/bao-dau-tu-so-49-50-post392804.html
[2026-06-27 23:30:09] [TASK_2] [WARNING] Missing required fields in article: https://www.tinnhanhchungkhoan.vn/vietnam-investment-review-so-1810-post392791.html
[2026-06-27 23:30:09] [TASK_2] [WARNING] Missing required fields in article: https://www.tinnhanhchungkhoan.vn/bao-dau-tu-chung-khoan-so-25-post392730.html
[2026-06-27 23:30:09] [TASK_2] [WARNING] Missing required fields in article: https://www.tinnhanhchungkhoan.vn/bhh-ngay-gdkhq-tra-co-tuc-nam-2025-bang-tien-7-post392773.html
[2026-06-27 23:30:09] [TASK_2] [WARNING] Missing required fields in article: https://www.tinnhanhchungkhoan.vn/vhm-ngay-gdkhq-tra-co-tuc-bang-tien-60-post392779.html
[2026-06-27 23:30:09] [TASK_2] [WARNING] Missing required fields in article: https://www.tinnhanhchungkhoan.vn/cmd-ngay-gdkhq-tam-ung-co-tuc-dot-1-nam-2026-bang-tien-10-post392786.html
[2026-06-27 23:30:09] [TASK_2] [WARNING] Missing required fields in article: https://www.tinnhanhchungkhoan.vn/vbc-ngay-gdkhq-tra-co-tuc-nam-2025-bang-tien-18-post392792.html
[2026-06-27 23:30:09] [TASK_2] [WARNING] Missing required fields in article: https://www.tinnhanhchungkhoan.vn/ccl-ngay-gdkhq-tra-co-tuc-nam-2025-bang-co-phieu-101-post392793.html
[2026-06-27 23:30:09] [TASK_2] [WARNING] Missing required fields in article: https://www.tinnhanhchungkhoan.vn/htc-ngay-gdkhq-tam-ung-co-tuc-dot-1-nam-2026-bang-tien-3-post392798.html
[2026-06-27 23:30:09] [TASK_2] [WARNING] Missing required fields in article: https://www.tinnhanhchungkhoan.vn/khp-ngay-gdkhq-tra-co-tuc-nam-2025-bang-tien-5-post392799.html
[2026-06-27 23:30:09] [TASK_2] [WARNING] Missing required fields in article: https://www.tinnhanhchungkhoan.vn/vnp-ngay-gdkhq-tra-co-tuc-nam-2025-bang-tien-8-post392802.html
[2026-06-27 23:30:09] [TASK_2] [WARNING] Missing required fields in article: https://www.tinnhanhchungkhoan.vn/ijc-ngay-gdkhq-tra-co-tuc-bang-tien-nam-2025-5-post392811.html
[2026-06-27 23:30:09] [TASK_2] [WARNING] Missing required fields in article: https://www.tinnhanhchungkhoan.vn/vpw-ngay-gdkhq-tra-co-tuc-nam-2025-bang-tien-202-post392781.html
[2026-06-27 23:30:09] [TASK_2] [WARNING] Missing required fields in article: https://www.tinnhanhchungkhoan.vn/ocb-ngay-gdkhq-nhan-co-phieu-tang-von-tu-nguon-von-chu-so-huu-10015-post392785.html
[2026-06-27 23:30:09] [TASK_2] [WARNING] Missing required fields in article: https://www.tinnhanhchungkhoan.vn/sed-ngay-gdkhq-tra-co-tuc-nam-2025-bang-tien-15-post392806.html
[2026-06-27 23:30:09] [TASK_2] [WARNING] Missing required fields in article: https://www.tinnhanhchungkhoan.vn/ads-ngay-gdkhq-tra-co-tuc-nam-2025-bang-tien-10-post392795.html
[2026-06-27 23:30:09] [TASK_2] [WARNING] Missing required fields in article: https://www.tinnhanhchungkhoan.vn/png-ngay-gdkhq-tra-co-tuc-nam-2025-bang-tien-10-post392803.html
[2026-06-27 23:30:09] [TASK_2] [WARNING] Missing required fields in article: https://www.tinnhanhchungkhoan.vn/clc-ngay-gdkhq-tra-co-tuc-dot-cuoi-nam-2025-bang-tien-25-post392805.html
[2026-06-27 23:30:09] [TASK_2] [WARNING] Missing required fields in article: https://www.tinnhanhchungkhoan.vn/tvt-ngay-gdkhq-tra-co-tuc-dot-cuoi-nam-2025-bang-tien-10-post392774.html
[2026-06-27 23:30:09] [TASK_2] [WARNING] Missing required fields in article: https://www.tinnhanhchungkhoan.vn/ibd-ngay-gdkhq-tra-co-tuc-nam-2025-bang-tien-5-post392777.html
[2026-06-27 23:30:09] [TASK_2] [WARNING] Missing required fields in article: https://www.tinnhanhchungkhoan.vn/adp-ngay-gdkhq-tra-co-tuc-dot-1-nam-2026-bang-tien-7-post392775.html
[2026-06-27 23:30:09] [TASK_2] [WARNING] Missing required fields in article: https://www.tinnhanhchungkhoan.vn/ctr-ngay-gdkhq-tra-co-tuc-nam-2025-bang-tien-15-va-co-phieu-10012-post392778.html
[2026-06-27 23:30:09] [TASK_2] [WARNING] Missing required fields in article: https://www.tinnhanhchungkhoan.vn/tmp-ngay-gdkhq-tra-co-tuc-con-lai-nam-2025-bang-tien-20-post392790.html
[2026-06-27 23:30:09] [TASK_2] [WARNING] Missing required fields in article: https://www.tinnhanhchungkhoan.vn/fhs-ngay-gdkhq-tam-ung-co-tuc-dot-1-nam-2026-bang-tien-8-va-co-phieu-tang-von-104-post392789.html
[2026-06-27 23:30:09] [TASK_2] [WARNING] Missing required fields in article: https://www.tinnhanhchungkhoan.vn/tku-ngay-gdkhq-tra-co-tuc-nam-2025-bang-tien-5-post392808.html
[2026-06-27 23:30:09] [TASK_2] [WARNING] Missing required fields in article: https://www.tinnhanhchungkhoan.vn/nth-ngay-gdkhq-tam-ung-co-tuc-lan-1-nam-2026-bang-tien-15-post392809.html
[2026-06-27 23:30:09] [TASK_2] [WARNING] Missing required fields in article: https://www.tinnhanhchungkhoan.vn/nbc-ngay-gdkhq-tra-co-tuc-nam-2025-bang-tien-6-post392783.html
[2026-06-27 23:30:10] [TASK_2] [WARNING] Request failed for https://tinnhanhchungkhoan.vn/tim-kiem/page/2/?q=GVR (attempt 1/3): 404 Client Error: Not Found for url: https://www.tinnhanhchungkhoan.vn/404
[2026-06-27 23:30:10] [TASK_2] [INFO] Retrying in 1s…
[2026-06-27 23:30:11] [TASK_2] [WARNING] Request failed for https://tinnhanhchungkhoan.vn/tim-kiem/page/2/?q=GVR (attempt 2/3): 404 Client Error: Not Found for url: https://www.tinnhanhchungkhoan.vn/404
[2026-06-27 23:30:11] [TASK_2] [INFO] Retrying in 2s…
[2026-06-27 23:30:13] [TASK_2] [WARNING] Request failed for https://tinnhanhchungkhoan.vn/tim-kiem/page/2/?q=GVR (attempt 3/3): 404 Client Error: Not Found for url: https://www.tinnhanhchungkhoan.vn/404
[2026-06-27 23:30:13] [TASK_2] [ERROR] All 3 attempts failed for https://tinnhanhchungkhoan.vn/tim-kiem/page/2/?q=GVR. Skipping.
[2026-06-27 23:30:13] [TASK_2] [WARNING] Failed to fetch TNCK search page 2 for query 'GVR'. Stopping pagination.
[2026-06-27 23:30:13] [TASK_2] [INFO] TNCK search 'GVR': 39 new articles
[2026-06-27 23:30:14] [TASK_2] [WARNING] Missing required fields in article: https://www.tinnhanhchungkhoan.vn/bao-dau-tu-so-49-50-post392804.html
[2026-06-27 23:30:14] [TASK_2] [WARNING] Missing required fields in article: https://www.tinnhanhchungkhoan.vn/vietnam-investment-review-so-1810-post392791.html
[2026-06-27 23:30:14] [TASK_2] [WARNING] Missing required fields in article: https://www.tinnhanhchungkhoan.vn/bao-dau-tu-chung-khoan-so-25-post392730.html
[2026-06-27 23:30:14] [TASK_2] [WARNING] Missing required fields in article: https://www.tinnhanhchungkhoan.vn/bhh-ngay-gdkhq-tra-co-tuc-nam-2025-bang-tien-7-post392773.html
[2026-06-27 23:30:14] [TASK_2] [WARNING] Missing required fields in article: https://www.tinnhanhchungkhoan.vn/vhm-ngay-gdkhq-tra-co-tuc-bang-tien-60-post392779.html
[2026-06-27 23:30:14] [TASK_2] [WARNING] Missing required fields in article: https://www.tinnhanhchungkhoan.vn/cmd-ngay-gdkhq-tam-ung-co-tuc-dot-1-nam-2026-bang-tien-10-post392786.html
[2026-06-27 23:30:14] [TASK_2] [WARNING] Missing required fields in article: https://www.tinnhanhchungkhoan.vn/vbc-ngay-gdkhq-tra-co-tuc-nam-2025-bang-tien-18-post392792.html
[2026-06-27 23:30:14] [TASK_2] [WARNING] Missing required fields in article: https://www.tinnhanhchungkhoan.vn/ccl-ngay-gdkhq-tra-co-tuc-nam-2025-bang-co-phieu-101-post392793.html
[2026-06-27 23:30:14] [TASK_2] [WARNING] Missing required fields in article: https://www.tinnhanhchungkhoan.vn/htc-ngay-gdkhq-tam-ung-co-tuc-dot-1-nam-2026-bang-tien-3-post392798.html
[2026-06-27 23:30:14] [TASK_2] [WARNING] Missing required fields in article: https://www.tinnhanhchungkhoan.vn/khp-ngay-gdkhq-tra-co-tuc-nam-2025-bang-tien-5-post392799.html
[2026-06-27 23:30:14] [TASK_2] [WARNING] Missing required fields in article: https://www.tinnhanhchungkhoan.vn/vnp-ngay-gdkhq-tra-co-tuc-nam-2025-bang-tien-8-post392802.html
[2026-06-27 23:30:14] [TASK_2] [WARNING] Missing required fields in article: https://www.tinnhanhchungkhoan.vn/ijc-ngay-gdkhq-tra-co-tuc-bang-tien-nam-2025-5-post392811.html
[2026-06-27 23:30:14] [TASK_2] [WARNING] Missing required fields in article: https://www.tinnhanhchungkhoan.vn/vpw-ngay-gdkhq-tra-co-tuc-nam-2025-bang-tien-202-post392781.html
[2026-06-27 23:30:14] [TASK_2] [WARNING] Missing required fields in article: https://www.tinnhanhchungkhoan.vn/ocb-ngay-gdkhq-nhan-co-phieu-tang-von-tu-nguon-von-chu-so-huu-10015-post392785.html
[2026-06-27 23:30:15] [TASK_2] [WARNING] Missing required fields in article: https://www.tinnhanhchungkhoan.vn/sed-ngay-gdkhq-tra-co-tuc-nam-2025-bang-tien-15-post392806.html
[2026-06-27 23:30:15] [TASK_2] [WARNING] Missing required fields in article: https://www.tinnhanhchungkhoan.vn/ads-ngay-gdkhq-tra-co-tuc-nam-2025-bang-tien-10-post392795.html
[2026-06-27 23:30:15] [TASK_2] [WARNING] Missing required fields in article: https://www.tinnhanhchungkhoan.vn/png-ngay-gdkhq-tra-co-tuc-nam-2025-bang-tien-10-post392803.html
[2026-06-27 23:30:15] [TASK_2] [WARNING] Missing required fields in article: https://www.tinnhanhchungkhoan.vn/clc-ngay-gdkhq-tra-co-tuc-dot-cuoi-nam-2025-bang-tien-25-post392805.html
[2026-06-27 23:30:15] [TASK_2] [WARNING] Missing required fields in article: https://www.tinnhanhchungkhoan.vn/tvt-ngay-gdkhq-tra-co-tuc-dot-cuoi-nam-2025-bang-tien-10-post392774.html
[2026-06-27 23:30:15] [TASK_2] [WARNING] Missing required fields in article: https://www.tinnhanhchungkhoan.vn/ibd-ngay-gdkhq-tra-co-tuc-nam-2025-bang-tien-5-post392777.html
[2026-06-27 23:30:15] [TASK_2] [WARNING] Missing required fields in article: https://www.tinnhanhchungkhoan.vn/adp-ngay-gdkhq-tra-co-tuc-dot-1-nam-2026-bang-tien-7-post392775.html
[2026-06-27 23:30:15] [TASK_2] [WARNING] Missing required fields in article: https://www.tinnhanhchungkhoan.vn/ctr-ngay-gdkhq-tra-co-tuc-nam-2025-bang-tien-15-va-co-phieu-10012-post392778.html
[2026-06-27 23:30:15] [TASK_2] [WARNING] Missing required fields in article: https://www.tinnhanhchungkhoan.vn/tmp-ngay-gdkhq-tra-co-tuc-con-lai-nam-2025-bang-tien-20-post392790.html
[2026-06-27 23:30:15] [TASK_2] [WARNING] Missing required fields in article: https://www.tinnhanhchungkhoan.vn/fhs-ngay-gdkhq-tam-ung-co-tuc-dot-1-nam-2026-bang-tien-8-va-co-phieu-tang-von-104-post392789.html
[2026-06-27 23:30:15] [TASK_2] [WARNING] Missing required fields in article: https://www.tinnhanhchungkhoan.vn/tku-ngay-gdkhq-tra-co-tuc-nam-2025-bang-tien-5-post392808.html
[2026-06-27 23:30:15] [TASK_2] [WARNING] Missing required fields in article: https://www.tinnhanhchungkhoan.vn/nth-ngay-gdkhq-tam-ung-co-tuc-lan-1-nam-2026-bang-tien-15-post392809.html
[2026-06-27 23:30:15] [TASK_2] [WARNING] Missing required fields in article: https://www.tinnhanhchungkhoan.vn/nbc-ngay-gdkhq-tra-co-tuc-nam-2025-bang-tien-6-post392783.html
[2026-06-27 23:30:15] [TASK_2] [WARNING] Request failed for https://tinnhanhchungkhoan.vn/tim-kiem/page/2/?q=HDB (attempt 1/3): 404 Client Error: Not Found for url: https://www.tinnhanhchungkhoan.vn/404
[2026-06-27 23:30:15] [TASK_2] [INFO] Retrying in 1s…
[2026-06-27 23:30:16] [TASK_2] [WARNING] Request failed for https://tinnhanhchungkhoan.vn/tim-kiem/page/2/?q=HDB (attempt 2/3): 404 Client Error: Not Found for url: https://www.tinnhanhchungkhoan.vn/404
[2026-06-27 23:30:16] [TASK_2] [INFO] Retrying in 2s…
[2026-06-27 23:30:19] [TASK_2] [WARNING] Request failed for https://tinnhanhchungkhoan.vn/tim-kiem/page/2/?q=HDB (attempt 3/3): 404 Client Error: Not Found for url: https://www.tinnhanhchungkhoan.vn/404
[2026-06-27 23:30:19] [TASK_2] [ERROR] All 3 attempts failed for https://tinnhanhchungkhoan.vn/tim-kiem/page/2/?q=HDB. Skipping.
[2026-06-27 23:30:19] [TASK_2] [WARNING] Failed to fetch TNCK search page 2 for query 'HDB'. Stopping pagination.
[2026-06-27 23:30:19] [TASK_2] [INFO] TNCK search 'HDB': 38 new articles
[2026-06-27 23:30:20] [TASK_2] [WARNING] Missing required fields in article: https://www.tinnhanhchungkhoan.vn/bao-dau-tu-so-49-50-post392804.html
[2026-06-27 23:30:20] [TASK_2] [WARNING] Missing required fields in article: https://www.tinnhanhchungkhoan.vn/vietnam-investment-review-so-1810-post392791.html
[2026-06-27 23:30:20] [TASK_2] [WARNING] Missing required fields in article: https://www.tinnhanhchungkhoan.vn/bao-dau-tu-chung-khoan-so-25-post392730.html
[2026-06-27 23:30:20] [TASK_2] [WARNING] Missing required fields in article: https://www.tinnhanhchungkhoan.vn/bhh-ngay-gdkhq-tra-co-tuc-nam-2025-bang-tien-7-post392773.html
[2026-06-27 23:30:20] [TASK_2] [WARNING] Missing required fields in article: https://www.tinnhanhchungkhoan.vn/vhm-ngay-gdkhq-tra-co-tuc-bang-tien-60-post392779.html
[2026-06-27 23:30:20] [TASK_2] [WARNING] Missing required fields in article: https://www.tinnhanhchungkhoan.vn/cmd-ngay-gdkhq-tam-ung-co-tuc-dot-1-nam-2026-bang-tien-10-post392786.html
[2026-06-27 23:30:20] [TASK_2] [WARNING] Missing required fields in article: https://www.tinnhanhchungkhoan.vn/vbc-ngay-gdkhq-tra-co-tuc-nam-2025-bang-tien-18-post392792.html
[2026-06-27 23:30:20] [TASK_2] [WARNING] Missing required fields in article: https://www.tinnhanhchungkhoan.vn/ccl-ngay-gdkhq-tra-co-tuc-nam-2025-bang-co-phieu-101-post392793.html
[2026-06-27 23:30:20] [TASK_2] [WARNING] Missing required fields in article: https://www.tinnhanhchungkhoan.vn/htc-ngay-gdkhq-tam-ung-co-tuc-dot-1-nam-2026-bang-tien-3-post392798.html
[2026-06-27 23:30:20] [TASK_2] [WARNING] Missing required fields in article: https://www.tinnhanhchungkhoan.vn/khp-ngay-gdkhq-tra-co-tuc-nam-2025-bang-tien-5-post392799.html
[2026-06-27 23:30:20] [TASK_2] [WARNING] Missing required fields in article: https://www.tinnhanhchungkhoan.vn/vnp-ngay-gdkhq-tra-co-tuc-nam-2025-bang-tien-8-post392802.html
[2026-06-27 23:30:20] [TASK_2] [WARNING] Missing required fields in article: https://www.tinnhanhchungkhoan.vn/ijc-ngay-gdkhq-tra-co-tuc-bang-tien-nam-2025-5-post392811.html
[2026-06-27 23:30:20] [TASK_2] [WARNING] Missing required fields in article: https://www.tinnhanhchungkhoan.vn/vpw-ngay-gdkhq-tra-co-tuc-nam-2025-bang-tien-202-post392781.html
[2026-06-27 23:30:20] [TASK_2] [WARNING] Missing required fields in article: https://www.tinnhanhchungkhoan.vn/ocb-ngay-gdkhq-nhan-co-phieu-tang-von-tu-nguon-von-chu-so-huu-10015-post392785.html
[2026-06-27 23:30:20] [TASK_2] [WARNING] Missing required fields in article: https://www.tinnhanhchungkhoan.vn/sed-ngay-gdkhq-tra-co-tuc-nam-2025-bang-tien-15-post392806.html
[2026-06-27 23:30:20] [TASK_2] [WARNING] Missing required fields in article: https://www.tinnhanhchungkhoan.vn/ads-ngay-gdkhq-tra-co-tuc-nam-2025-bang-tien-10-post392795.html
[2026-06-27 23:30:20] [TASK_2] [WARNING] Missing required fields in article: https://www.tinnhanhchungkhoan.vn/png-ngay-gdkhq-tra-co-tuc-nam-2025-bang-tien-10-post392803.html
[2026-06-27 23:30:20] [TASK_2] [WARNING] Missing required fields in article: https://www.tinnhanhchungkhoan.vn/clc-ngay-gdkhq-tra-co-tuc-dot-cuoi-nam-2025-bang-tien-25-post392805.html
[2026-06-27 23:30:20] [TASK_2] [WARNING] Missing required fields in article: https://www.tinnhanhchungkhoan.vn/tvt-ngay-gdkhq-tra-co-tuc-dot-cuoi-nam-2025-bang-tien-10-post392774.html
[2026-06-27 23:30:20] [TASK_2] [WARNING] Missing required fields in article: https://www.tinnhanhchungkhoan.vn/ibd-ngay-gdkhq-tra-co-tuc-nam-2025-bang-tien-5-post392777.html
[2026-06-27 23:30:20] [TASK_2] [WARNING] Missing required fields in article: https://www.tinnhanhchungkhoan.vn/adp-ngay-gdkhq-tra-co-tuc-dot-1-nam-2026-bang-tien-7-post392775.html
[2026-06-27 23:30:20] [TASK_2] [WARNING] Missing required fields in article: https://www.tinnhanhchungkhoan.vn/ctr-ngay-gdkhq-tra-co-tuc-nam-2025-bang-tien-15-va-co-phieu-10012-post392778.html
[2026-06-27 23:30:20] [TASK_2] [WARNING] Missing required fields in article: https://www.tinnhanhchungkhoan.vn/tmp-ngay-gdkhq-tra-co-tuc-con-lai-nam-2025-bang-tien-20-post392790.html
[2026-06-27 23:30:20] [TASK_2] [WARNING] Missing required fields in article: https://www.tinnhanhchungkhoan.vn/fhs-ngay-gdkhq-tam-ung-co-tuc-dot-1-nam-2026-bang-tien-8-va-co-phieu-tang-von-104-post392789.html
[2026-06-27 23:30:20] [TASK_2] [WARNING] Missing required fields in article: https://www.tinnhanhchungkhoan.vn/tku-ngay-gdkhq-tra-co-tuc-nam-2025-bang-tien-5-post392808.html
[2026-06-27 23:30:20] [TASK_2] [WARNING] Missing required fields in article: https://www.tinnhanhchungkhoan.vn/nth-ngay-gdkhq-tam-ung-co-tuc-lan-1-nam-2026-bang-tien-15-post392809.html
[2026-06-27 23:30:20] [TASK_2] [WARNING] Missing required fields in article: https://www.tinnhanhchungkhoan.vn/nbc-ngay-gdkhq-tra-co-tuc-nam-2025-bang-tien-6-post392783.html
[2026-06-27 23:30:21] [TASK_2] [WARNING] Request failed for https://tinnhanhchungkhoan.vn/tim-kiem/page/2/?q=HPG (attempt 1/3): 404 Client Error: Not Found for url: https://www.tinnhanhchungkhoan.vn/404
[2026-06-27 23:30:21] [TASK_2] [INFO] Retrying in 1s…
[2026-06-27 23:30:22] [TASK_2] [WARNING] Request failed for https://tinnhanhchungkhoan.vn/tim-kiem/page/2/?q=HPG (attempt 2/3): 404 Client Error: Not Found for url: https://www.tinnhanhchungkhoan.vn/404
[2026-06-27 23:30:22] [TASK_2] [INFO] Retrying in 2s…
[2026-06-27 23:30:24] [TASK_2] [WARNING] Request failed for https://tinnhanhchungkhoan.vn/tim-kiem/page/2/?q=HPG (attempt 3/3): 404 Client Error: Not Found for url: https://www.tinnhanhchungkhoan.vn/404
[2026-06-27 23:30:24] [TASK_2] [ERROR] All 3 attempts failed for https://tinnhanhchungkhoan.vn/tim-kiem/page/2/?q=HPG. Skipping.
[2026-06-27 23:30:24] [TASK_2] [WARNING] Failed to fetch TNCK search page 2 for query 'HPG'. Stopping pagination.
[2026-06-27 23:30:24] [TASK_2] [INFO] TNCK search 'HPG': 38 new articles
[2026-06-27 23:30:25] [TASK_2] [WARNING] Missing required fields in article: https://www.tinnhanhchungkhoan.vn/bao-dau-tu-so-49-50-post392804.html
[2026-06-27 23:30:25] [TASK_2] [WARNING] Missing required fields in article: https://www.tinnhanhchungkhoan.vn/vietnam-investment-review-so-1810-post392791.html
[2026-06-27 23:30:25] [TASK_2] [WARNING] Missing required fields in article: https://www.tinnhanhchungkhoan.vn/bao-dau-tu-chung-khoan-so-25-post392730.html
[2026-06-27 23:30:25] [TASK_2] [WARNING] Missing required fields in article: https://www.tinnhanhchungkhoan.vn/bhh-ngay-gdkhq-tra-co-tuc-nam-2025-bang-tien-7-post392773.html
[2026-06-27 23:30:25] [TASK_2] [WARNING] Missing required fields in article: https://www.tinnhanhchungkhoan.vn/vhm-ngay-gdkhq-tra-co-tuc-bang-tien-60-post392779.html
[2026-06-27 23:30:25] [TASK_2] [WARNING] Missing required fields in article: https://www.tinnhanhchungkhoan.vn/cmd-ngay-gdkhq-tam-ung-co-tuc-dot-1-nam-2026-bang-tien-10-post392786.html
[2026-06-27 23:30:25] [TASK_2] [WARNING] Missing required fields in article: https://www.tinnhanhchungkhoan.vn/vbc-ngay-gdkhq-tra-co-tuc-nam-2025-bang-tien-18-post392792.html
[2026-06-27 23:30:25] [TASK_2] [WARNING] Missing required fields in article: https://www.tinnhanhchungkhoan.vn/ccl-ngay-gdkhq-tra-co-tuc-nam-2025-bang-co-phieu-101-post392793.html
[2026-06-27 23:30:25] [TASK_2] [WARNING] Missing required fields in article: https://www.tinnhanhchungkhoan.vn/htc-ngay-gdkhq-tam-ung-co-tuc-dot-1-nam-2026-bang-tien-3-post392798.html
[2026-06-27 23:30:25] [TASK_2] [WARNING] Missing required fields in article: https://www.tinnhanhchungkhoan.vn/khp-ngay-gdkhq-tra-co-tuc-nam-2025-bang-tien-5-post392799.html
[2026-06-27 23:30:25] [TASK_2] [WARNING] Missing required fields in article: https://www.tinnhanhchungkhoan.vn/vnp-ngay-gdkhq-tra-co-tuc-nam-2025-bang-tien-8-post392802.html
[2026-06-27 23:30:25] [TASK_2] [WARNING] Missing required fields in article: https://www.tinnhanhchungkhoan.vn/ijc-ngay-gdkhq-tra-co-tuc-bang-tien-nam-2025-5-post392811.html
[2026-06-27 23:30:25] [TASK_2] [WARNING] Missing required fields in article: https://www.tinnhanhchungkhoan.vn/vpw-ngay-gdkhq-tra-co-tuc-nam-2025-bang-tien-202-post392781.html
[2026-06-27 23:30:25] [TASK_2] [WARNING] Missing required fields in article: https://www.tinnhanhchungkhoan.vn/ocb-ngay-gdkhq-nhan-co-phieu-tang-von-tu-nguon-von-chu-so-huu-10015-post392785.html
[2026-06-27 23:30:25] [TASK_2] [WARNING] Missing required fields in article: https://www.tinnhanhchungkhoan.vn/sed-ngay-gdkhq-tra-co-tuc-nam-2025-bang-tien-15-post392806.html
[2026-06-27 23:30:25] [TASK_2] [WARNING] Missing required fields in article: https://www.tinnhanhchungkhoan.vn/ads-ngay-gdkhq-tra-co-tuc-nam-2025-bang-tien-10-post392795.html
[2026-06-27 23:30:25] [TASK_2] [WARNING] Missing required fields in article: https://www.tinnhanhchungkhoan.vn/png-ngay-gdkhq-tra-co-tuc-nam-2025-bang-tien-10-post392803.html
[2026-06-27 23:30:25] [TASK_2] [WARNING] Missing required fields in article: https://www.tinnhanhchungkhoan.vn/clc-ngay-gdkhq-tra-co-tuc-dot-cuoi-nam-2025-bang-tien-25-post392805.html
[2026-06-27 23:30:25] [TASK_2] [WARNING] Missing required fields in article: https://www.tinnhanhchungkhoan.vn/tvt-ngay-gdkhq-tra-co-tuc-dot-cuoi-nam-2025-bang-tien-10-post392774.html
[2026-06-27 23:30:25] [TASK_2] [WARNING] Missing required fields in article: https://www.tinnhanhchungkhoan.vn/ibd-ngay-gdkhq-tra-co-tuc-nam-2025-bang-tien-5-post392777.html
[2026-06-27 23:30:25] [TASK_2] [WARNING] Missing required fields in article: https://www.tinnhanhchungkhoan.vn/adp-ngay-gdkhq-tra-co-tuc-dot-1-nam-2026-bang-tien-7-post392775.html
[2026-06-27 23:30:25] [TASK_2] [WARNING] Missing required fields in article: https://www.tinnhanhchungkhoan.vn/ctr-ngay-gdkhq-tra-co-tuc-nam-2025-bang-tien-15-va-co-phieu-10012-post392778.html
[2026-06-27 23:30:25] [TASK_2] [WARNING] Missing required fields in article: https://www.tinnhanhchungkhoan.vn/tmp-ngay-gdkhq-tra-co-tuc-con-lai-nam-2025-bang-tien-20-post392790.html
[2026-06-27 23:30:25] [TASK_2] [WARNING] Missing required fields in article: https://www.tinnhanhchungkhoan.vn/fhs-ngay-gdkhq-tam-ung-co-tuc-dot-1-nam-2026-bang-tien-8-va-co-phieu-tang-von-104-post392789.html
[2026-06-27 23:30:25] [TASK_2] [WARNING] Missing required fields in article: https://www.tinnhanhchungkhoan.vn/tku-ngay-gdkhq-tra-co-tuc-nam-2025-bang-tien-5-post392808.html
[2026-06-27 23:30:25] [TASK_2] [WARNING] Missing required fields in article: https://www.tinnhanhchungkhoan.vn/nth-ngay-gdkhq-tam-ung-co-tuc-lan-1-nam-2026-bang-tien-15-post392809.html
[2026-06-27 23:30:25] [TASK_2] [WARNING] Missing required fields in article: https://www.tinnhanhchungkhoan.vn/nbc-ngay-gdkhq-tra-co-tuc-nam-2025-bang-tien-6-post392783.html
[2026-06-27 23:30:26] [TASK_2] [WARNING] Request failed for https://tinnhanhchungkhoan.vn/tim-kiem/page/2/?q=MBB (attempt 1/3): 404 Client Error: Not Found for url: https://www.tinnhanhchungkhoan.vn/404
[2026-06-27 23:30:26] [TASK_2] [INFO] Retrying in 1s…
[2026-06-27 23:30:27] [TASK_2] [WARNING] Request failed for https://tinnhanhchungkhoan.vn/tim-kiem/page/2/?q=MBB (attempt 2/3): 404 Client Error: Not Found for url: https://www.tinnhanhchungkhoan.vn/404
[2026-06-27 23:30:27] [TASK_2] [INFO] Retrying in 2s…
[2026-06-27 23:30:29] [TASK_2] [WARNING] Request failed for https://tinnhanhchungkhoan.vn/tim-kiem/page/2/?q=MBB (attempt 3/3): 404 Client Error: Not Found for url: https://www.tinnhanhchungkhoan.vn/404
[2026-06-27 23:30:29] [TASK_2] [ERROR] All 3 attempts failed for https://tinnhanhchungkhoan.vn/tim-kiem/page/2/?q=MBB. Skipping.
[2026-06-27 23:30:29] [TASK_2] [WARNING] Failed to fetch TNCK search page 2 for query 'MBB'. Stopping pagination.
[2026-06-27 23:30:29] [TASK_2] [INFO] TNCK search 'MBB': 36 new articles
[2026-06-27 23:30:30] [TASK_2] [WARNING] Missing required fields in article: https://www.tinnhanhchungkhoan.vn/bao-dau-tu-so-49-50-post392804.html
[2026-06-27 23:30:30] [TASK_2] [WARNING] Missing required fields in article: https://www.tinnhanhchungkhoan.vn/vietnam-investment-review-so-1810-post392791.html
[2026-06-27 23:30:30] [TASK_2] [WARNING] Missing required fields in article: https://www.tinnhanhchungkhoan.vn/bao-dau-tu-chung-khoan-so-25-post392730.html
[2026-06-27 23:30:30] [TASK_2] [WARNING] Missing required fields in article: https://www.tinnhanhchungkhoan.vn/bhh-ngay-gdkhq-tra-co-tuc-nam-2025-bang-tien-7-post392773.html
[2026-06-27 23:30:30] [TASK_2] [WARNING] Missing required fields in article: https://www.tinnhanhchungkhoan.vn/vhm-ngay-gdkhq-tra-co-tuc-bang-tien-60-post392779.html
[2026-06-27 23:30:30] [TASK_2] [WARNING] Missing required fields in article: https://www.tinnhanhchungkhoan.vn/cmd-ngay-gdkhq-tam-ung-co-tuc-dot-1-nam-2026-bang-tien-10-post392786.html
[2026-06-27 23:30:30] [TASK_2] [WARNING] Missing required fields in article: https://www.tinnhanhchungkhoan.vn/vbc-ngay-gdkhq-tra-co-tuc-nam-2025-bang-tien-18-post392792.html
[2026-06-27 23:30:30] [TASK_2] [WARNING] Missing required fields in article: https://www.tinnhanhchungkhoan.vn/ccl-ngay-gdkhq-tra-co-tuc-nam-2025-bang-co-phieu-101-post392793.html
[2026-06-27 23:30:30] [TASK_2] [WARNING] Missing required fields in article: https://www.tinnhanhchungkhoan.vn/htc-ngay-gdkhq-tam-ung-co-tuc-dot-1-nam-2026-bang-tien-3-post392798.html
[2026-06-27 23:30:30] [TASK_2] [WARNING] Missing required fields in article: https://www.tinnhanhchungkhoan.vn/khp-ngay-gdkhq-tra-co-tuc-nam-2025-bang-tien-5-post392799.html
[2026-06-27 23:30:30] [TASK_2] [WARNING] Missing required fields in article: https://www.tinnhanhchungkhoan.vn/vnp-ngay-gdkhq-tra-co-tuc-nam-2025-bang-tien-8-post392802.html
[2026-06-27 23:30:30] [TASK_2] [WARNING] Missing required fields in article: https://www.tinnhanhchungkhoan.vn/ijc-ngay-gdkhq-tra-co-tuc-bang-tien-nam-2025-5-post392811.html
[2026-06-27 23:30:30] [TASK_2] [WARNING] Missing required fields in article: https://www.tinnhanhchungkhoan.vn/vpw-ngay-gdkhq-tra-co-tuc-nam-2025-bang-tien-202-post392781.html
[2026-06-27 23:30:30] [TASK_2] [WARNING] Missing required fields in article: https://www.tinnhanhchungkhoan.vn/ocb-ngay-gdkhq-nhan-co-phieu-tang-von-tu-nguon-von-chu-so-huu-10015-post392785.html
[2026-06-27 23:30:30] [TASK_2] [WARNING] Missing required fields in article: https://www.tinnhanhchungkhoan.vn/sed-ngay-gdkhq-tra-co-tuc-nam-2025-bang-tien-15-post392806.html
[2026-06-27 23:30:30] [TASK_2] [WARNING] Missing required fields in article: https://www.tinnhanhchungkhoan.vn/ads-ngay-gdkhq-tra-co-tuc-nam-2025-bang-tien-10-post392795.html
[2026-06-27 23:30:30] [TASK_2] [WARNING] Missing required fields in article: https://www.tinnhanhchungkhoan.vn/png-ngay-gdkhq-tra-co-tuc-nam-2025-bang-tien-10-post392803.html
[2026-06-27 23:30:30] [TASK_2] [WARNING] Missing required fields in article: https://www.tinnhanhchungkhoan.vn/clc-ngay-gdkhq-tra-co-tuc-dot-cuoi-nam-2025-bang-tien-25-post392805.html
[2026-06-27 23:30:30] [TASK_2] [WARNING] Missing required fields in article: https://www.tinnhanhchungkhoan.vn/tvt-ngay-gdkhq-tra-co-tuc-dot-cuoi-nam-2025-bang-tien-10-post392774.html
[2026-06-27 23:30:30] [TASK_2] [WARNING] Missing required fields in article: https://www.tinnhanhchungkhoan.vn/ibd-ngay-gdkhq-tra-co-tuc-nam-2025-bang-tien-5-post392777.html
[2026-06-27 23:30:30] [TASK_2] [WARNING] Missing required fields in article: https://www.tinnhanhchungkhoan.vn/adp-ngay-gdkhq-tra-co-tuc-dot-1-nam-2026-bang-tien-7-post392775.html
[2026-06-27 23:30:30] [TASK_2] [WARNING] Missing required fields in article: https://www.tinnhanhchungkhoan.vn/ctr-ngay-gdkhq-tra-co-tuc-nam-2025-bang-tien-15-va-co-phieu-10012-post392778.html
[2026-06-27 23:30:30] [TASK_2] [WARNING] Missing required fields in article: https://www.tinnhanhchungkhoan.vn/tmp-ngay-gdkhq-tra-co-tuc-con-lai-nam-2025-bang-tien-20-post392790.html
[2026-06-27 23:30:30] [TASK_2] [WARNING] Missing required fields in article: https://www.tinnhanhchungkhoan.vn/fhs-ngay-gdkhq-tam-ung-co-tuc-dot-1-nam-2026-bang-tien-8-va-co-phieu-tang-von-104-post392789.html
[2026-06-27 23:30:30] [TASK_2] [WARNING] Missing required fields in article: https://www.tinnhanhchungkhoan.vn/tku-ngay-gdkhq-tra-co-tuc-nam-2025-bang-tien-5-post392808.html
[2026-06-27 23:30:30] [TASK_2] [WARNING] Missing required fields in article: https://www.tinnhanhchungkhoan.vn/nth-ngay-gdkhq-tam-ung-co-tuc-lan-1-nam-2026-bang-tien-15-post392809.html
[2026-06-27 23:30:30] [TASK_2] [WARNING] Missing required fields in article: https://www.tinnhanhchungkhoan.vn/nbc-ngay-gdkhq-tra-co-tuc-nam-2025-bang-tien-6-post392783.html
[2026-06-27 23:30:31] [TASK_2] [WARNING] Request failed for https://tinnhanhchungkhoan.vn/tim-kiem/page/2/?q=MSN (attempt 1/3): 404 Client Error: Not Found for url: https://www.tinnhanhchungkhoan.vn/404
[2026-06-27 23:30:31] [TASK_2] [INFO] Retrying in 1s…
[2026-06-27 23:30:32] [TASK_2] [WARNING] Request failed for https://tinnhanhchungkhoan.vn/tim-kiem/page/2/?q=MSN (attempt 2/3): 404 Client Error: Not Found for url: https://www.tinnhanhchungkhoan.vn/404
[2026-06-27 23:30:32] [TASK_2] [INFO] Retrying in 2s…
[2026-06-27 23:30:34] [TASK_2] [WARNING] Request failed for https://tinnhanhchungkhoan.vn/tim-kiem/page/2/?q=MSN (attempt 3/3): 404 Client Error: Not Found for url: https://www.tinnhanhchungkhoan.vn/404
[2026-06-27 23:30:34] [TASK_2] [ERROR] All 3 attempts failed for https://tinnhanhchungkhoan.vn/tim-kiem/page/2/?q=MSN. Skipping.
[2026-06-27 23:30:34] [TASK_2] [WARNING] Failed to fetch TNCK search page 2 for query 'MSN'. Stopping pagination.
[2026-06-27 23:30:34] [TASK_2] [INFO] TNCK search 'MSN': 40 new articles
[2026-06-27 23:30:35] [TASK_2] [WARNING] Missing required fields in article: https://www.tinnhanhchungkhoan.vn/bao-dau-tu-so-49-50-post392804.html
[2026-06-27 23:30:35] [TASK_2] [WARNING] Missing required fields in article: https://www.tinnhanhchungkhoan.vn/vietnam-investment-review-so-1810-post392791.html
[2026-06-27 23:30:35] [TASK_2] [WARNING] Missing required fields in article: https://www.tinnhanhchungkhoan.vn/bao-dau-tu-chung-khoan-so-25-post392730.html
[2026-06-27 23:30:35] [TASK_2] [WARNING] Missing required fields in article: https://www.tinnhanhchungkhoan.vn/bhh-ngay-gdkhq-tra-co-tuc-nam-2025-bang-tien-7-post392773.html
[2026-06-27 23:30:35] [TASK_2] [WARNING] Missing required fields in article: https://www.tinnhanhchungkhoan.vn/vhm-ngay-gdkhq-tra-co-tuc-bang-tien-60-post392779.html
[2026-06-27 23:30:35] [TASK_2] [WARNING] Missing required fields in article: https://www.tinnhanhchungkhoan.vn/cmd-ngay-gdkhq-tam-ung-co-tuc-dot-1-nam-2026-bang-tien-10-post392786.html
[2026-06-27 23:30:35] [TASK_2] [WARNING] Missing required fields in article: https://www.tinnhanhchungkhoan.vn/vbc-ngay-gdkhq-tra-co-tuc-nam-2025-bang-tien-18-post392792.html
[2026-06-27 23:30:35] [TASK_2] [WARNING] Missing required fields in article: https://www.tinnhanhchungkhoan.vn/ccl-ngay-gdkhq-tra-co-tuc-nam-2025-bang-co-phieu-101-post392793.html
[2026-06-27 23:30:35] [TASK_2] [WARNING] Missing required fields in article: https://www.tinnhanhchungkhoan.vn/htc-ngay-gdkhq-tam-ung-co-tuc-dot-1-nam-2026-bang-tien-3-post392798.html
[2026-06-27 23:30:35] [TASK_2] [WARNING] Missing required fields in article: https://www.tinnhanhchungkhoan.vn/khp-ngay-gdkhq-tra-co-tuc-nam-2025-bang-tien-5-post392799.html
[2026-06-27 23:30:35] [TASK_2] [WARNING] Missing required fields in article: https://www.tinnhanhchungkhoan.vn/vnp-ngay-gdkhq-tra-co-tuc-nam-2025-bang-tien-8-post392802.html
[2026-06-27 23:30:35] [TASK_2] [WARNING] Missing required fields in article: https://www.tinnhanhchungkhoan.vn/ijc-ngay-gdkhq-tra-co-tuc-bang-tien-nam-2025-5-post392811.html
[2026-06-27 23:30:35] [TASK_2] [WARNING] Missing required fields in article: https://www.tinnhanhchungkhoan.vn/vpw-ngay-gdkhq-tra-co-tuc-nam-2025-bang-tien-202-post392781.html
[2026-06-27 23:30:35] [TASK_2] [WARNING] Missing required fields in article: https://www.tinnhanhchungkhoan.vn/ocb-ngay-gdkhq-nhan-co-phieu-tang-von-tu-nguon-von-chu-so-huu-10015-post392785.html
[2026-06-27 23:30:35] [TASK_2] [WARNING] Missing required fields in article: https://www.tinnhanhchungkhoan.vn/sed-ngay-gdkhq-tra-co-tuc-nam-2025-bang-tien-15-post392806.html
[2026-06-27 23:30:35] [TASK_2] [WARNING] Missing required fields in article: https://www.tinnhanhchungkhoan.vn/ads-ngay-gdkhq-tra-co-tuc-nam-2025-bang-tien-10-post392795.html
[2026-06-27 23:30:35] [TASK_2] [WARNING] Missing required fields in article: https://www.tinnhanhchungkhoan.vn/png-ngay-gdkhq-tra-co-tuc-nam-2025-bang-tien-10-post392803.html
[2026-06-27 23:30:35] [TASK_2] [WARNING] Missing required fields in article: https://www.tinnhanhchungkhoan.vn/clc-ngay-gdkhq-tra-co-tuc-dot-cuoi-nam-2025-bang-tien-25-post392805.html
[2026-06-27 23:30:36] [TASK_2] [WARNING] Missing required fields in article: https://www.tinnhanhchungkhoan.vn/tvt-ngay-gdkhq-tra-co-tuc-dot-cuoi-nam-2025-bang-tien-10-post392774.html
[2026-06-27 23:30:36] [TASK_2] [WARNING] Missing required fields in article: https://www.tinnhanhchungkhoan.vn/ibd-ngay-gdkhq-tra-co-tuc-nam-2025-bang-tien-5-post392777.html
[2026-06-27 23:30:36] [TASK_2] [WARNING] Missing required fields in article: https://www.tinnhanhchungkhoan.vn/adp-ngay-gdkhq-tra-co-tuc-dot-1-nam-2026-bang-tien-7-post392775.html
[2026-06-27 23:30:36] [TASK_2] [WARNING] Missing required fields in article: https://www.tinnhanhchungkhoan.vn/ctr-ngay-gdkhq-tra-co-tuc-nam-2025-bang-tien-15-va-co-phieu-10012-post392778.html
[2026-06-27 23:30:36] [TASK_2] [WARNING] Missing required fields in article: https://www.tinnhanhchungkhoan.vn/tmp-ngay-gdkhq-tra-co-tuc-con-lai-nam-2025-bang-tien-20-post392790.html
[2026-06-27 23:30:36] [TASK_2] [WARNING] Missing required fields in article: https://www.tinnhanhchungkhoan.vn/fhs-ngay-gdkhq-tam-ung-co-tuc-dot-1-nam-2026-bang-tien-8-va-co-phieu-tang-von-104-post392789.html
[2026-06-27 23:30:36] [TASK_2] [WARNING] Missing required fields in article: https://www.tinnhanhchungkhoan.vn/tku-ngay-gdkhq-tra-co-tuc-nam-2025-bang-tien-5-post392808.html
[2026-06-27 23:30:36] [TASK_2] [WARNING] Missing required fields in article: https://www.tinnhanhchungkhoan.vn/nth-ngay-gdkhq-tam-ung-co-tuc-lan-1-nam-2026-bang-tien-15-post392809.html
[2026-06-27 23:30:36] [TASK_2] [WARNING] Missing required fields in article: https://www.tinnhanhchungkhoan.vn/nbc-ngay-gdkhq-tra-co-tuc-nam-2025-bang-tien-6-post392783.html
[2026-06-27 23:30:36] [TASK_2] [WARNING] Request failed for https://tinnhanhchungkhoan.vn/tim-kiem/page/2/?q=MWG (attempt 1/3): 404 Client Error: Not Found for url: https://www.tinnhanhchungkhoan.vn/404
[2026-06-27 23:30:36] [TASK_2] [INFO] Retrying in 1s…
[2026-06-27 23:30:38] [TASK_2] [WARNING] Request failed for https://tinnhanhchungkhoan.vn/tim-kiem/page/2/?q=MWG (attempt 2/3): 404 Client Error: Not Found for url: https://www.tinnhanhchungkhoan.vn/404
[2026-06-27 23:30:38] [TASK_2] [INFO] Retrying in 2s…
[2026-06-27 23:30:40] [TASK_2] [WARNING] Request failed for https://tinnhanhchungkhoan.vn/tim-kiem/page/2/?q=MWG (attempt 3/3): 404 Client Error: Not Found for url: https://www.tinnhanhchungkhoan.vn/404
[2026-06-27 23:30:40] [TASK_2] [ERROR] All 3 attempts failed for https://tinnhanhchungkhoan.vn/tim-kiem/page/2/?q=MWG. Skipping.
[2026-06-27 23:30:40] [TASK_2] [WARNING] Failed to fetch TNCK search page 2 for query 'MWG'. Stopping pagination.
[2026-06-27 23:30:40] [TASK_2] [INFO] TNCK search 'MWG': 38 new articles
[2026-06-27 23:30:41] [TASK_2] [WARNING] Missing required fields in article: https://www.tinnhanhchungkhoan.vn/bao-dau-tu-so-49-50-post392804.html
[2026-06-27 23:30:41] [TASK_2] [WARNING] Missing required fields in article: https://www.tinnhanhchungkhoan.vn/vietnam-investment-review-so-1810-post392791.html
[2026-06-27 23:30:41] [TASK_2] [WARNING] Missing required fields in article: https://www.tinnhanhchungkhoan.vn/bao-dau-tu-chung-khoan-so-25-post392730.html
[2026-06-27 23:30:41] [TASK_2] [WARNING] Missing required fields in article: https://www.tinnhanhchungkhoan.vn/bhh-ngay-gdkhq-tra-co-tuc-nam-2025-bang-tien-7-post392773.html
[2026-06-27 23:30:41] [TASK_2] [WARNING] Missing required fields in article: https://www.tinnhanhchungkhoan.vn/vhm-ngay-gdkhq-tra-co-tuc-bang-tien-60-post392779.html
[2026-06-27 23:30:41] [TASK_2] [WARNING] Missing required fields in article: https://www.tinnhanhchungkhoan.vn/cmd-ngay-gdkhq-tam-ung-co-tuc-dot-1-nam-2026-bang-tien-10-post392786.html
[2026-06-27 23:30:41] [TASK_2] [WARNING] Missing required fields in article: https://www.tinnhanhchungkhoan.vn/vbc-ngay-gdkhq-tra-co-tuc-nam-2025-bang-tien-18-post392792.html
[2026-06-27 23:30:41] [TASK_2] [WARNING] Missing required fields in article: https://www.tinnhanhchungkhoan.vn/ccl-ngay-gdkhq-tra-co-tuc-nam-2025-bang-co-phieu-101-post392793.html
[2026-06-27 23:30:41] [TASK_2] [WARNING] Missing required fields in article: https://www.tinnhanhchungkhoan.vn/htc-ngay-gdkhq-tam-ung-co-tuc-dot-1-nam-2026-bang-tien-3-post392798.html
[2026-06-27 23:30:41] [TASK_2] [WARNING] Missing required fields in article: https://www.tinnhanhchungkhoan.vn/khp-ngay-gdkhq-tra-co-tuc-nam-2025-bang-tien-5-post392799.html
[2026-06-27 23:30:41] [TASK_2] [WARNING] Missing required fields in article: https://www.tinnhanhchungkhoan.vn/vnp-ngay-gdkhq-tra-co-tuc-nam-2025-bang-tien-8-post392802.html
[2026-06-27 23:30:41] [TASK_2] [WARNING] Missing required fields in article: https://www.tinnhanhchungkhoan.vn/ijc-ngay-gdkhq-tra-co-tuc-bang-tien-nam-2025-5-post392811.html
[2026-06-27 23:30:41] [TASK_2] [WARNING] Missing required fields in article: https://www.tinnhanhchungkhoan.vn/vpw-ngay-gdkhq-tra-co-tuc-nam-2025-bang-tien-202-post392781.html
[2026-06-27 23:30:41] [TASK_2] [WARNING] Missing required fields in article: https://www.tinnhanhchungkhoan.vn/ocb-ngay-gdkhq-nhan-co-phieu-tang-von-tu-nguon-von-chu-so-huu-10015-post392785.html
[2026-06-27 23:30:41] [TASK_2] [WARNING] Missing required fields in article: https://www.tinnhanhchungkhoan.vn/sed-ngay-gdkhq-tra-co-tuc-nam-2025-bang-tien-15-post392806.html
[2026-06-27 23:30:41] [TASK_2] [WARNING] Missing required fields in article: https://www.tinnhanhchungkhoan.vn/ads-ngay-gdkhq-tra-co-tuc-nam-2025-bang-tien-10-post392795.html
[2026-06-27 23:30:41] [TASK_2] [WARNING] Missing required fields in article: https://www.tinnhanhchungkhoan.vn/png-ngay-gdkhq-tra-co-tuc-nam-2025-bang-tien-10-post392803.html
[2026-06-27 23:30:41] [TASK_2] [WARNING] Missing required fields in article: https://www.tinnhanhchungkhoan.vn/clc-ngay-gdkhq-tra-co-tuc-dot-cuoi-nam-2025-bang-tien-25-post392805.html
[2026-06-27 23:30:41] [TASK_2] [WARNING] Missing required fields in article: https://www.tinnhanhchungkhoan.vn/tvt-ngay-gdkhq-tra-co-tuc-dot-cuoi-nam-2025-bang-tien-10-post392774.html
[2026-06-27 23:30:41] [TASK_2] [WARNING] Missing required fields in article: https://www.tinnhanhchungkhoan.vn/ibd-ngay-gdkhq-tra-co-tuc-nam-2025-bang-tien-5-post392777.html
[2026-06-27 23:30:41] [TASK_2] [WARNING] Missing required fields in article: https://www.tinnhanhchungkhoan.vn/adp-ngay-gdkhq-tra-co-tuc-dot-1-nam-2026-bang-tien-7-post392775.html
[2026-06-27 23:30:41] [TASK_2] [WARNING] Missing required fields in article: https://www.tinnhanhchungkhoan.vn/ctr-ngay-gdkhq-tra-co-tuc-nam-2025-bang-tien-15-va-co-phieu-10012-post392778.html
[2026-06-27 23:30:41] [TASK_2] [WARNING] Missing required fields in article: https://www.tinnhanhchungkhoan.vn/tmp-ngay-gdkhq-tra-co-tuc-con-lai-nam-2025-bang-tien-20-post392790.html
[2026-06-27 23:30:41] [TASK_2] [WARNING] Missing required fields in article: https://www.tinnhanhchungkhoan.vn/fhs-ngay-gdkhq-tam-ung-co-tuc-dot-1-nam-2026-bang-tien-8-va-co-phieu-tang-von-104-post392789.html
[2026-06-27 23:30:41] [TASK_2] [WARNING] Missing required fields in article: https://www.tinnhanhchungkhoan.vn/tku-ngay-gdkhq-tra-co-tuc-nam-2025-bang-tien-5-post392808.html
[2026-06-27 23:30:41] [TASK_2] [WARNING] Missing required fields in article: https://www.tinnhanhchungkhoan.vn/nth-ngay-gdkhq-tam-ung-co-tuc-lan-1-nam-2026-bang-tien-15-post392809.html
[2026-06-27 23:30:41] [TASK_2] [WARNING] Missing required fields in article: https://www.tinnhanhchungkhoan.vn/nbc-ngay-gdkhq-tra-co-tuc-nam-2025-bang-tien-6-post392783.html
[2026-06-27 23:30:42] [TASK_2] [WARNING] Request failed for https://tinnhanhchungkhoan.vn/tim-kiem/page/2/?q=PLX (attempt 1/3): 404 Client Error: Not Found for url: https://www.tinnhanhchungkhoan.vn/404
[2026-06-27 23:30:42] [TASK_2] [INFO] Retrying in 1s…
[2026-06-27 23:30:43] [TASK_2] [WARNING] Request failed for https://tinnhanhchungkhoan.vn/tim-kiem/page/2/?q=PLX (attempt 2/3): 404 Client Error: Not Found for url: https://www.tinnhanhchungkhoan.vn/404
[2026-06-27 23:30:43] [TASK_2] [INFO] Retrying in 2s…
[2026-06-27 23:30:45] [TASK_2] [WARNING] Request failed for https://tinnhanhchungkhoan.vn/tim-kiem/page/2/?q=PLX (attempt 3/3): 404 Client Error: Not Found for url: https://www.tinnhanhchungkhoan.vn/404
[2026-06-27 23:30:45] [TASK_2] [ERROR] All 3 attempts failed for https://tinnhanhchungkhoan.vn/tim-kiem/page/2/?q=PLX. Skipping.
[2026-06-27 23:30:45] [TASK_2] [WARNING] Failed to fetch TNCK search page 2 for query 'PLX'. Stopping pagination.
[2026-06-27 23:30:45] [TASK_2] [INFO] TNCK search 'PLX': 36 new articles
[2026-06-27 23:30:46] [TASK_2] [WARNING] Missing required fields in article: https://www.tinnhanhchungkhoan.vn/bao-dau-tu-so-49-50-post392804.html
[2026-06-27 23:30:46] [TASK_2] [WARNING] Missing required fields in article: https://www.tinnhanhchungkhoan.vn/vietnam-investment-review-so-1810-post392791.html
[2026-06-27 23:30:46] [TASK_2] [WARNING] Missing required fields in article: https://www.tinnhanhchungkhoan.vn/bao-dau-tu-chung-khoan-so-25-post392730.html
[2026-06-27 23:30:46] [TASK_2] [WARNING] Missing required fields in article: https://www.tinnhanhchungkhoan.vn/bhh-ngay-gdkhq-tra-co-tuc-nam-2025-bang-tien-7-post392773.html
[2026-06-27 23:30:46] [TASK_2] [WARNING] Missing required fields in article: https://www.tinnhanhchungkhoan.vn/vhm-ngay-gdkhq-tra-co-tuc-bang-tien-60-post392779.html
[2026-06-27 23:30:46] [TASK_2] [WARNING] Missing required fields in article: https://www.tinnhanhchungkhoan.vn/cmd-ngay-gdkhq-tam-ung-co-tuc-dot-1-nam-2026-bang-tien-10-post392786.html
[2026-06-27 23:30:46] [TASK_2] [WARNING] Missing required fields in article: https://www.tinnhanhchungkhoan.vn/vbc-ngay-gdkhq-tra-co-tuc-nam-2025-bang-tien-18-post392792.html
[2026-06-27 23:30:46] [TASK_2] [WARNING] Missing required fields in article: https://www.tinnhanhchungkhoan.vn/ccl-ngay-gdkhq-tra-co-tuc-nam-2025-bang-co-phieu-101-post392793.html
[2026-06-27 23:30:46] [TASK_2] [WARNING] Missing required fields in article: https://www.tinnhanhchungkhoan.vn/htc-ngay-gdkhq-tam-ung-co-tuc-dot-1-nam-2026-bang-tien-3-post392798.html
[2026-06-27 23:30:46] [TASK_2] [WARNING] Missing required fields in article: https://www.tinnhanhchungkhoan.vn/khp-ngay-gdkhq-tra-co-tuc-nam-2025-bang-tien-5-post392799.html
[2026-06-27 23:30:46] [TASK_2] [WARNING] Missing required fields in article: https://www.tinnhanhchungkhoan.vn/vnp-ngay-gdkhq-tra-co-tuc-nam-2025-bang-tien-8-post392802.html
[2026-06-27 23:30:46] [TASK_2] [WARNING] Missing required fields in article: https://www.tinnhanhchungkhoan.vn/ijc-ngay-gdkhq-tra-co-tuc-bang-tien-nam-2025-5-post392811.html
[2026-06-27 23:30:46] [TASK_2] [WARNING] Missing required fields in article: https://www.tinnhanhchungkhoan.vn/vpw-ngay-gdkhq-tra-co-tuc-nam-2025-bang-tien-202-post392781.html
[2026-06-27 23:30:46] [TASK_2] [WARNING] Missing required fields in article: https://www.tinnhanhchungkhoan.vn/ocb-ngay-gdkhq-nhan-co-phieu-tang-von-tu-nguon-von-chu-so-huu-10015-post392785.html
[2026-06-27 23:30:46] [TASK_2] [WARNING] Missing required fields in article: https://www.tinnhanhchungkhoan.vn/sed-ngay-gdkhq-tra-co-tuc-nam-2025-bang-tien-15-post392806.html
[2026-06-27 23:30:46] [TASK_2] [WARNING] Missing required fields in article: https://www.tinnhanhchungkhoan.vn/ads-ngay-gdkhq-tra-co-tuc-nam-2025-bang-tien-10-post392795.html
[2026-06-27 23:30:46] [TASK_2] [WARNING] Missing required fields in article: https://www.tinnhanhchungkhoan.vn/png-ngay-gdkhq-tra-co-tuc-nam-2025-bang-tien-10-post392803.html
[2026-06-27 23:30:46] [TASK_2] [WARNING] Missing required fields in article: https://www.tinnhanhchungkhoan.vn/clc-ngay-gdkhq-tra-co-tuc-dot-cuoi-nam-2025-bang-tien-25-post392805.html
[2026-06-27 23:30:46] [TASK_2] [WARNING] Missing required fields in article: https://www.tinnhanhchungkhoan.vn/tvt-ngay-gdkhq-tra-co-tuc-dot-cuoi-nam-2025-bang-tien-10-post392774.html
[2026-06-27 23:30:46] [TASK_2] [WARNING] Missing required fields in article: https://www.tinnhanhchungkhoan.vn/ibd-ngay-gdkhq-tra-co-tuc-nam-2025-bang-tien-5-post392777.html
[2026-06-27 23:30:46] [TASK_2] [WARNING] Missing required fields in article: https://www.tinnhanhchungkhoan.vn/adp-ngay-gdkhq-tra-co-tuc-dot-1-nam-2026-bang-tien-7-post392775.html
[2026-06-27 23:30:46] [TASK_2] [WARNING] Missing required fields in article: https://www.tinnhanhchungkhoan.vn/ctr-ngay-gdkhq-tra-co-tuc-nam-2025-bang-tien-15-va-co-phieu-10012-post392778.html
[2026-06-27 23:30:46] [TASK_2] [WARNING] Missing required fields in article: https://www.tinnhanhchungkhoan.vn/tmp-ngay-gdkhq-tra-co-tuc-con-lai-nam-2025-bang-tien-20-post392790.html
[2026-06-27 23:30:46] [TASK_2] [WARNING] Missing required fields in article: https://www.tinnhanhchungkhoan.vn/fhs-ngay-gdkhq-tam-ung-co-tuc-dot-1-nam-2026-bang-tien-8-va-co-phieu-tang-von-104-post392789.html
[2026-06-27 23:30:46] [TASK_2] [WARNING] Missing required fields in article: https://www.tinnhanhchungkhoan.vn/tku-ngay-gdkhq-tra-co-tuc-nam-2025-bang-tien-5-post392808.html
[2026-06-27 23:30:46] [TASK_2] [WARNING] Missing required fields in article: https://www.tinnhanhchungkhoan.vn/nth-ngay-gdkhq-tam-ung-co-tuc-lan-1-nam-2026-bang-tien-15-post392809.html
[2026-06-27 23:30:46] [TASK_2] [WARNING] Missing required fields in article: https://www.tinnhanhchungkhoan.vn/nbc-ngay-gdkhq-tra-co-tuc-nam-2025-bang-tien-6-post392783.html
[2026-06-27 23:30:47] [TASK_2] [WARNING] Request failed for https://tinnhanhchungkhoan.vn/tim-kiem/page/2/?q=POW (attempt 1/3): 404 Client Error: Not Found for url: https://www.tinnhanhchungkhoan.vn/404
[2026-06-27 23:30:47] [TASK_2] [INFO] Retrying in 1s…
[2026-06-27 23:30:48] [TASK_2] [WARNING] Request failed for https://tinnhanhchungkhoan.vn/tim-kiem/page/2/?q=POW (attempt 2/3): 404 Client Error: Not Found for url: https://www.tinnhanhchungkhoan.vn/404
[2026-06-27 23:30:48] [TASK_2] [INFO] Retrying in 2s…
[2026-06-27 23:30:50] [TASK_2] [WARNING] Request failed for https://tinnhanhchungkhoan.vn/tim-kiem/page/2/?q=POW (attempt 3/3): 404 Client Error: Not Found for url: https://www.tinnhanhchungkhoan.vn/404
[2026-06-27 23:30:50] [TASK_2] [ERROR] All 3 attempts failed for https://tinnhanhchungkhoan.vn/tim-kiem/page/2/?q=POW. Skipping.
[2026-06-27 23:30:50] [TASK_2] [WARNING] Failed to fetch TNCK search page 2 for query 'POW'. Stopping pagination.
[2026-06-27 23:30:50] [TASK_2] [INFO] TNCK search 'POW': 39 new articles
[2026-06-27 23:30:52] [TASK_2] [WARNING] Missing required fields in article: https://www.tinnhanhchungkhoan.vn/bao-dau-tu-so-49-50-post392804.html
[2026-06-27 23:30:52] [TASK_2] [WARNING] Missing required fields in article: https://www.tinnhanhchungkhoan.vn/vietnam-investment-review-so-1810-post392791.html
[2026-06-27 23:30:52] [TASK_2] [WARNING] Missing required fields in article: https://www.tinnhanhchungkhoan.vn/bao-dau-tu-chung-khoan-so-25-post392730.html
[2026-06-27 23:30:52] [TASK_2] [WARNING] Missing required fields in article: https://www.tinnhanhchungkhoan.vn/bhh-ngay-gdkhq-tra-co-tuc-nam-2025-bang-tien-7-post392773.html
[2026-06-27 23:30:52] [TASK_2] [WARNING] Missing required fields in article: https://www.tinnhanhchungkhoan.vn/vhm-ngay-gdkhq-tra-co-tuc-bang-tien-60-post392779.html
[2026-06-27 23:30:52] [TASK_2] [WARNING] Missing required fields in article: https://www.tinnhanhchungkhoan.vn/cmd-ngay-gdkhq-tam-ung-co-tuc-dot-1-nam-2026-bang-tien-10-post392786.html
[2026-06-27 23:30:52] [TASK_2] [WARNING] Missing required fields in article: https://www.tinnhanhchungkhoan.vn/vbc-ngay-gdkhq-tra-co-tuc-nam-2025-bang-tien-18-post392792.html
[2026-06-27 23:30:52] [TASK_2] [WARNING] Missing required fields in article: https://www.tinnhanhchungkhoan.vn/ccl-ngay-gdkhq-tra-co-tuc-nam-2025-bang-co-phieu-101-post392793.html
[2026-06-27 23:30:52] [TASK_2] [WARNING] Missing required fields in article: https://www.tinnhanhchungkhoan.vn/htc-ngay-gdkhq-tam-ung-co-tuc-dot-1-nam-2026-bang-tien-3-post392798.html
[2026-06-27 23:30:52] [TASK_2] [WARNING] Missing required fields in article: https://www.tinnhanhchungkhoan.vn/khp-ngay-gdkhq-tra-co-tuc-nam-2025-bang-tien-5-post392799.html
[2026-06-27 23:30:52] [TASK_2] [WARNING] Missing required fields in article: https://www.tinnhanhchungkhoan.vn/vnp-ngay-gdkhq-tra-co-tuc-nam-2025-bang-tien-8-post392802.html
[2026-06-27 23:30:52] [TASK_2] [WARNING] Missing required fields in article: https://www.tinnhanhchungkhoan.vn/ijc-ngay-gdkhq-tra-co-tuc-bang-tien-nam-2025-5-post392811.html
[2026-06-27 23:30:52] [TASK_2] [WARNING] Missing required fields in article: https://www.tinnhanhchungkhoan.vn/vpw-ngay-gdkhq-tra-co-tuc-nam-2025-bang-tien-202-post392781.html
[2026-06-27 23:30:52] [TASK_2] [WARNING] Missing required fields in article: https://www.tinnhanhchungkhoan.vn/ocb-ngay-gdkhq-nhan-co-phieu-tang-von-tu-nguon-von-chu-so-huu-10015-post392785.html
[2026-06-27 23:30:52] [TASK_2] [WARNING] Missing required fields in article: https://www.tinnhanhchungkhoan.vn/sed-ngay-gdkhq-tra-co-tuc-nam-2025-bang-tien-15-post392806.html
[2026-06-27 23:30:52] [TASK_2] [WARNING] Missing required fields in article: https://www.tinnhanhchungkhoan.vn/ads-ngay-gdkhq-tra-co-tuc-nam-2025-bang-tien-10-post392795.html
[2026-06-27 23:30:52] [TASK_2] [WARNING] Missing required fields in article: https://www.tinnhanhchungkhoan.vn/png-ngay-gdkhq-tra-co-tuc-nam-2025-bang-tien-10-post392803.html
[2026-06-27 23:30:52] [TASK_2] [WARNING] Missing required fields in article: https://www.tinnhanhchungkhoan.vn/clc-ngay-gdkhq-tra-co-tuc-dot-cuoi-nam-2025-bang-tien-25-post392805.html
[2026-06-27 23:30:52] [TASK_2] [WARNING] Missing required fields in article: https://www.tinnhanhchungkhoan.vn/tvt-ngay-gdkhq-tra-co-tuc-dot-cuoi-nam-2025-bang-tien-10-post392774.html
[2026-06-27 23:30:52] [TASK_2] [WARNING] Missing required fields in article: https://www.tinnhanhchungkhoan.vn/ibd-ngay-gdkhq-tra-co-tuc-nam-2025-bang-tien-5-post392777.html
[2026-06-27 23:30:52] [TASK_2] [WARNING] Missing required fields in article: https://www.tinnhanhchungkhoan.vn/adp-ngay-gdkhq-tra-co-tuc-dot-1-nam-2026-bang-tien-7-post392775.html
[2026-06-27 23:30:52] [TASK_2] [WARNING] Missing required fields in article: https://www.tinnhanhchungkhoan.vn/ctr-ngay-gdkhq-tra-co-tuc-nam-2025-bang-tien-15-va-co-phieu-10012-post392778.html
[2026-06-27 23:30:52] [TASK_2] [WARNING] Missing required fields in article: https://www.tinnhanhchungkhoan.vn/tmp-ngay-gdkhq-tra-co-tuc-con-lai-nam-2025-bang-tien-20-post392790.html
[2026-06-27 23:30:52] [TASK_2] [WARNING] Missing required fields in article: https://www.tinnhanhchungkhoan.vn/fhs-ngay-gdkhq-tam-ung-co-tuc-dot-1-nam-2026-bang-tien-8-va-co-phieu-tang-von-104-post392789.html
[2026-06-27 23:30:52] [TASK_2] [WARNING] Missing required fields in article: https://www.tinnhanhchungkhoan.vn/tku-ngay-gdkhq-tra-co-tuc-nam-2025-bang-tien-5-post392808.html
[2026-06-27 23:30:52] [TASK_2] [WARNING] Missing required fields in article: https://www.tinnhanhchungkhoan.vn/nth-ngay-gdkhq-tam-ung-co-tuc-lan-1-nam-2026-bang-tien-15-post392809.html
[2026-06-27 23:30:52] [TASK_2] [WARNING] Missing required fields in article: https://www.tinnhanhchungkhoan.vn/nbc-ngay-gdkhq-tra-co-tuc-nam-2025-bang-tien-6-post392783.html
[2026-06-27 23:30:52] [TASK_2] [WARNING] Request failed for https://tinnhanhchungkhoan.vn/tim-kiem/page/2/?q=SAB (attempt 1/3): 404 Client Error: Not Found for url: https://www.tinnhanhchungkhoan.vn/404
[2026-06-27 23:30:52] [TASK_2] [INFO] Retrying in 1s…
[2026-06-27 23:30:54] [TASK_2] [WARNING] Request failed for https://tinnhanhchungkhoan.vn/tim-kiem/page/2/?q=SAB (attempt 2/3): 404 Client Error: Not Found for url: https://www.tinnhanhchungkhoan.vn/404
[2026-06-27 23:30:54] [TASK_2] [INFO] Retrying in 2s…
[2026-06-27 23:30:56] [TASK_2] [WARNING] Request failed for https://tinnhanhchungkhoan.vn/tim-kiem/page/2/?q=SAB (attempt 3/3): 404 Client Error: Not Found for url: https://www.tinnhanhchungkhoan.vn/404
[2026-06-27 23:30:56] [TASK_2] [ERROR] All 3 attempts failed for https://tinnhanhchungkhoan.vn/tim-kiem/page/2/?q=SAB. Skipping.
[2026-06-27 23:30:56] [TASK_2] [WARNING] Failed to fetch TNCK search page 2 for query 'SAB'. Stopping pagination.
[2026-06-27 23:30:56] [TASK_2] [INFO] TNCK search 'SAB': 38 new articles
[2026-06-27 23:30:57] [TASK_2] [WARNING] Missing required fields in article: https://www.tinnhanhchungkhoan.vn/bao-dau-tu-so-49-50-post392804.html
[2026-06-27 23:30:57] [TASK_2] [WARNING] Missing required fields in article: https://www.tinnhanhchungkhoan.vn/vietnam-investment-review-so-1810-post392791.html
[2026-06-27 23:30:57] [TASK_2] [WARNING] Missing required fields in article: https://www.tinnhanhchungkhoan.vn/bao-dau-tu-chung-khoan-so-25-post392730.html
[2026-06-27 23:30:57] [TASK_2] [WARNING] Missing required fields in article: https://www.tinnhanhchungkhoan.vn/bhh-ngay-gdkhq-tra-co-tuc-nam-2025-bang-tien-7-post392773.html
[2026-06-27 23:30:57] [TASK_2] [WARNING] Missing required fields in article: https://www.tinnhanhchungkhoan.vn/vhm-ngay-gdkhq-tra-co-tuc-bang-tien-60-post392779.html
[2026-06-27 23:30:57] [TASK_2] [WARNING] Missing required fields in article: https://www.tinnhanhchungkhoan.vn/cmd-ngay-gdkhq-tam-ung-co-tuc-dot-1-nam-2026-bang-tien-10-post392786.html
[2026-06-27 23:30:57] [TASK_2] [WARNING] Missing required fields in article: https://www.tinnhanhchungkhoan.vn/vbc-ngay-gdkhq-tra-co-tuc-nam-2025-bang-tien-18-post392792.html
[2026-06-27 23:30:57] [TASK_2] [WARNING] Missing required fields in article: https://www.tinnhanhchungkhoan.vn/ccl-ngay-gdkhq-tra-co-tuc-nam-2025-bang-co-phieu-101-post392793.html
[2026-06-27 23:30:57] [TASK_2] [WARNING] Missing required fields in article: https://www.tinnhanhchungkhoan.vn/htc-ngay-gdkhq-tam-ung-co-tuc-dot-1-nam-2026-bang-tien-3-post392798.html
[2026-06-27 23:30:57] [TASK_2] [WARNING] Missing required fields in article: https://www.tinnhanhchungkhoan.vn/khp-ngay-gdkhq-tra-co-tuc-nam-2025-bang-tien-5-post392799.html
[2026-06-27 23:30:57] [TASK_2] [WARNING] Missing required fields in article: https://www.tinnhanhchungkhoan.vn/vnp-ngay-gdkhq-tra-co-tuc-nam-2025-bang-tien-8-post392802.html
[2026-06-27 23:30:57] [TASK_2] [WARNING] Missing required fields in article: https://www.tinnhanhchungkhoan.vn/ijc-ngay-gdkhq-tra-co-tuc-bang-tien-nam-2025-5-post392811.html
[2026-06-27 23:30:57] [TASK_2] [WARNING] Missing required fields in article: https://www.tinnhanhchungkhoan.vn/vpw-ngay-gdkhq-tra-co-tuc-nam-2025-bang-tien-202-post392781.html
[2026-06-27 23:30:57] [TASK_2] [WARNING] Missing required fields in article: https://www.tinnhanhchungkhoan.vn/ocb-ngay-gdkhq-nhan-co-phieu-tang-von-tu-nguon-von-chu-so-huu-10015-post392785.html
[2026-06-27 23:30:57] [TASK_2] [WARNING] Missing required fields in article: https://www.tinnhanhchungkhoan.vn/sed-ngay-gdkhq-tra-co-tuc-nam-2025-bang-tien-15-post392806.html
[2026-06-27 23:30:57] [TASK_2] [WARNING] Missing required fields in article: https://www.tinnhanhchungkhoan.vn/ads-ngay-gdkhq-tra-co-tuc-nam-2025-bang-tien-10-post392795.html
[2026-06-27 23:30:57] [TASK_2] [WARNING] Missing required fields in article: https://www.tinnhanhchungkhoan.vn/png-ngay-gdkhq-tra-co-tuc-nam-2025-bang-tien-10-post392803.html
[2026-06-27 23:30:57] [TASK_2] [WARNING] Missing required fields in article: https://www.tinnhanhchungkhoan.vn/clc-ngay-gdkhq-tra-co-tuc-dot-cuoi-nam-2025-bang-tien-25-post392805.html
[2026-06-27 23:30:57] [TASK_2] [WARNING] Missing required fields in article: https://www.tinnhanhchungkhoan.vn/tvt-ngay-gdkhq-tra-co-tuc-dot-cuoi-nam-2025-bang-tien-10-post392774.html
[2026-06-27 23:30:57] [TASK_2] [WARNING] Missing required fields in article: https://www.tinnhanhchungkhoan.vn/ibd-ngay-gdkhq-tra-co-tuc-nam-2025-bang-tien-5-post392777.html
[2026-06-27 23:30:57] [TASK_2] [WARNING] Missing required fields in article: https://www.tinnhanhchungkhoan.vn/adp-ngay-gdkhq-tra-co-tuc-dot-1-nam-2026-bang-tien-7-post392775.html
[2026-06-27 23:30:57] [TASK_2] [WARNING] Missing required fields in article: https://www.tinnhanhchungkhoan.vn/ctr-ngay-gdkhq-tra-co-tuc-nam-2025-bang-tien-15-va-co-phieu-10012-post392778.html
[2026-06-27 23:30:57] [TASK_2] [WARNING] Missing required fields in article: https://www.tinnhanhchungkhoan.vn/tmp-ngay-gdkhq-tra-co-tuc-con-lai-nam-2025-bang-tien-20-post392790.html
[2026-06-27 23:30:57] [TASK_2] [WARNING] Missing required fields in article: https://www.tinnhanhchungkhoan.vn/fhs-ngay-gdkhq-tam-ung-co-tuc-dot-1-nam-2026-bang-tien-8-va-co-phieu-tang-von-104-post392789.html
[2026-06-27 23:30:57] [TASK_2] [WARNING] Missing required fields in article: https://www.tinnhanhchungkhoan.vn/tku-ngay-gdkhq-tra-co-tuc-nam-2025-bang-tien-5-post392808.html
[2026-06-27 23:30:57] [TASK_2] [WARNING] Missing required fields in article: https://www.tinnhanhchungkhoan.vn/nth-ngay-gdkhq-tam-ung-co-tuc-lan-1-nam-2026-bang-tien-15-post392809.html
[2026-06-27 23:30:57] [TASK_2] [WARNING] Missing required fields in article: https://www.tinnhanhchungkhoan.vn/nbc-ngay-gdkhq-tra-co-tuc-nam-2025-bang-tien-6-post392783.html
[2026-06-27 23:30:58] [TASK_2] [WARNING] Request failed for https://tinnhanhchungkhoan.vn/tim-kiem/page/2/?q=SHB (attempt 1/3): 404 Client Error: Not Found for url: https://www.tinnhanhchungkhoan.vn/404
[2026-06-27 23:30:58] [TASK_2] [INFO] Retrying in 1s…
[2026-06-27 23:30:59] [TASK_2] [WARNING] Request failed for https://tinnhanhchungkhoan.vn/tim-kiem/page/2/?q=SHB (attempt 2/3): 404 Client Error: Not Found for url: https://www.tinnhanhchungkhoan.vn/404
[2026-06-27 23:30:59] [TASK_2] [INFO] Retrying in 2s…
[2026-06-27 23:31:01] [TASK_2] [WARNING] Request failed for https://tinnhanhchungkhoan.vn/tim-kiem/page/2/?q=SHB (attempt 3/3): 404 Client Error: Not Found for url: https://www.tinnhanhchungkhoan.vn/404
[2026-06-27 23:31:01] [TASK_2] [ERROR] All 3 attempts failed for https://tinnhanhchungkhoan.vn/tim-kiem/page/2/?q=SHB. Skipping.
[2026-06-27 23:31:01] [TASK_2] [WARNING] Failed to fetch TNCK search page 2 for query 'SHB'. Stopping pagination.
[2026-06-27 23:31:01] [TASK_2] [INFO] TNCK search 'SHB': 40 new articles
[2026-06-27 23:31:02] [TASK_2] [WARNING] Missing required fields in article: https://www.tinnhanhchungkhoan.vn/bao-dau-tu-so-49-50-post392804.html
[2026-06-27 23:31:02] [TASK_2] [WARNING] Missing required fields in article: https://www.tinnhanhchungkhoan.vn/vietnam-investment-review-so-1810-post392791.html
[2026-06-27 23:31:02] [TASK_2] [WARNING] Missing required fields in article: https://www.tinnhanhchungkhoan.vn/bao-dau-tu-chung-khoan-so-25-post392730.html
[2026-06-27 23:31:02] [TASK_2] [WARNING] Missing required fields in article: https://www.tinnhanhchungkhoan.vn/bhh-ngay-gdkhq-tra-co-tuc-nam-2025-bang-tien-7-post392773.html
[2026-06-27 23:31:02] [TASK_2] [WARNING] Missing required fields in article: https://www.tinnhanhchungkhoan.vn/vhm-ngay-gdkhq-tra-co-tuc-bang-tien-60-post392779.html
[2026-06-27 23:31:02] [TASK_2] [WARNING] Missing required fields in article: https://www.tinnhanhchungkhoan.vn/cmd-ngay-gdkhq-tam-ung-co-tuc-dot-1-nam-2026-bang-tien-10-post392786.html
[2026-06-27 23:31:02] [TASK_2] [WARNING] Missing required fields in article: https://www.tinnhanhchungkhoan.vn/vbc-ngay-gdkhq-tra-co-tuc-nam-2025-bang-tien-18-post392792.html
[2026-06-27 23:31:02] [TASK_2] [WARNING] Missing required fields in article: https://www.tinnhanhchungkhoan.vn/ccl-ngay-gdkhq-tra-co-tuc-nam-2025-bang-co-phieu-101-post392793.html
[2026-06-27 23:31:02] [TASK_2] [WARNING] Missing required fields in article: https://www.tinnhanhchungkhoan.vn/htc-ngay-gdkhq-tam-ung-co-tuc-dot-1-nam-2026-bang-tien-3-post392798.html
[2026-06-27 23:31:02] [TASK_2] [WARNING] Missing required fields in article: https://www.tinnhanhchungkhoan.vn/khp-ngay-gdkhq-tra-co-tuc-nam-2025-bang-tien-5-post392799.html
[2026-06-27 23:31:02] [TASK_2] [WARNING] Missing required fields in article: https://www.tinnhanhchungkhoan.vn/vnp-ngay-gdkhq-tra-co-tuc-nam-2025-bang-tien-8-post392802.html
[2026-06-27 23:31:02] [TASK_2] [WARNING] Missing required fields in article: https://www.tinnhanhchungkhoan.vn/ijc-ngay-gdkhq-tra-co-tuc-bang-tien-nam-2025-5-post392811.html
[2026-06-27 23:31:02] [TASK_2] [WARNING] Missing required fields in article: https://www.tinnhanhchungkhoan.vn/vpw-ngay-gdkhq-tra-co-tuc-nam-2025-bang-tien-202-post392781.html
[2026-06-27 23:31:02] [TASK_2] [WARNING] Missing required fields in article: https://www.tinnhanhchungkhoan.vn/ocb-ngay-gdkhq-nhan-co-phieu-tang-von-tu-nguon-von-chu-so-huu-10015-post392785.html
[2026-06-27 23:31:02] [TASK_2] [WARNING] Missing required fields in article: https://www.tinnhanhchungkhoan.vn/sed-ngay-gdkhq-tra-co-tuc-nam-2025-bang-tien-15-post392806.html
[2026-06-27 23:31:02] [TASK_2] [WARNING] Missing required fields in article: https://www.tinnhanhchungkhoan.vn/ads-ngay-gdkhq-tra-co-tuc-nam-2025-bang-tien-10-post392795.html
[2026-06-27 23:31:02] [TASK_2] [WARNING] Missing required fields in article: https://www.tinnhanhchungkhoan.vn/png-ngay-gdkhq-tra-co-tuc-nam-2025-bang-tien-10-post392803.html
[2026-06-27 23:31:02] [TASK_2] [WARNING] Missing required fields in article: https://www.tinnhanhchungkhoan.vn/clc-ngay-gdkhq-tra-co-tuc-dot-cuoi-nam-2025-bang-tien-25-post392805.html
[2026-06-27 23:31:02] [TASK_2] [WARNING] Missing required fields in article: https://www.tinnhanhchungkhoan.vn/tvt-ngay-gdkhq-tra-co-tuc-dot-cuoi-nam-2025-bang-tien-10-post392774.html
[2026-06-27 23:31:02] [TASK_2] [WARNING] Missing required fields in article: https://www.tinnhanhchungkhoan.vn/ibd-ngay-gdkhq-tra-co-tuc-nam-2025-bang-tien-5-post392777.html
[2026-06-27 23:31:02] [TASK_2] [WARNING] Missing required fields in article: https://www.tinnhanhchungkhoan.vn/adp-ngay-gdkhq-tra-co-tuc-dot-1-nam-2026-bang-tien-7-post392775.html
[2026-06-27 23:31:02] [TASK_2] [WARNING] Missing required fields in article: https://www.tinnhanhchungkhoan.vn/ctr-ngay-gdkhq-tra-co-tuc-nam-2025-bang-tien-15-va-co-phieu-10012-post392778.html
[2026-06-27 23:31:02] [TASK_2] [WARNING] Missing required fields in article: https://www.tinnhanhchungkhoan.vn/tmp-ngay-gdkhq-tra-co-tuc-con-lai-nam-2025-bang-tien-20-post392790.html
[2026-06-27 23:31:02] [TASK_2] [WARNING] Missing required fields in article: https://www.tinnhanhchungkhoan.vn/fhs-ngay-gdkhq-tam-ung-co-tuc-dot-1-nam-2026-bang-tien-8-va-co-phieu-tang-von-104-post392789.html
[2026-06-27 23:31:02] [TASK_2] [WARNING] Missing required fields in article: https://www.tinnhanhchungkhoan.vn/tku-ngay-gdkhq-tra-co-tuc-nam-2025-bang-tien-5-post392808.html
[2026-06-27 23:31:02] [TASK_2] [WARNING] Missing required fields in article: https://www.tinnhanhchungkhoan.vn/nth-ngay-gdkhq-tam-ung-co-tuc-lan-1-nam-2026-bang-tien-15-post392809.html
[2026-06-27 23:31:02] [TASK_2] [WARNING] Missing required fields in article: https://www.tinnhanhchungkhoan.vn/nbc-ngay-gdkhq-tra-co-tuc-nam-2025-bang-tien-6-post392783.html
[2026-06-27 23:31:03] [TASK_2] [WARNING] Request failed for https://tinnhanhchungkhoan.vn/tim-kiem/page/2/?q=SSB (attempt 1/3): 404 Client Error: Not Found for url: https://www.tinnhanhchungkhoan.vn/404
[2026-06-27 23:31:03] [TASK_2] [INFO] Retrying in 1s…
[2026-06-27 23:31:04] [TASK_2] [WARNING] Request failed for https://tinnhanhchungkhoan.vn/tim-kiem/page/2/?q=SSB (attempt 2/3): 404 Client Error: Not Found for url: https://www.tinnhanhchungkhoan.vn/404
[2026-06-27 23:31:04] [TASK_2] [INFO] Retrying in 2s…
[2026-06-27 23:31:06] [TASK_2] [WARNING] Request failed for https://tinnhanhchungkhoan.vn/tim-kiem/page/2/?q=SSB (attempt 3/3): 404 Client Error: Not Found for url: https://www.tinnhanhchungkhoan.vn/404
[2026-06-27 23:31:06] [TASK_2] [ERROR] All 3 attempts failed for https://tinnhanhchungkhoan.vn/tim-kiem/page/2/?q=SSB. Skipping.
[2026-06-27 23:31:06] [TASK_2] [WARNING] Failed to fetch TNCK search page 2 for query 'SSB'. Stopping pagination.
[2026-06-27 23:31:06] [TASK_2] [INFO] TNCK search 'SSB': 35 new articles
[2026-06-27 23:31:07] [TASK_2] [WARNING] Missing required fields in article: https://www.tinnhanhchungkhoan.vn/bao-dau-tu-so-49-50-post392804.html
[2026-06-27 23:31:07] [TASK_2] [WARNING] Missing required fields in article: https://www.tinnhanhchungkhoan.vn/vietnam-investment-review-so-1810-post392791.html
[2026-06-27 23:31:07] [TASK_2] [WARNING] Missing required fields in article: https://www.tinnhanhchungkhoan.vn/bao-dau-tu-chung-khoan-so-25-post392730.html
[2026-06-27 23:31:07] [TASK_2] [WARNING] Missing required fields in article: https://www.tinnhanhchungkhoan.vn/bhh-ngay-gdkhq-tra-co-tuc-nam-2025-bang-tien-7-post392773.html
[2026-06-27 23:31:07] [TASK_2] [WARNING] Missing required fields in article: https://www.tinnhanhchungkhoan.vn/vhm-ngay-gdkhq-tra-co-tuc-bang-tien-60-post392779.html
[2026-06-27 23:31:07] [TASK_2] [WARNING] Missing required fields in article: https://www.tinnhanhchungkhoan.vn/cmd-ngay-gdkhq-tam-ung-co-tuc-dot-1-nam-2026-bang-tien-10-post392786.html
[2026-06-27 23:31:07] [TASK_2] [WARNING] Missing required fields in article: https://www.tinnhanhchungkhoan.vn/vbc-ngay-gdkhq-tra-co-tuc-nam-2025-bang-tien-18-post392792.html
[2026-06-27 23:31:07] [TASK_2] [WARNING] Missing required fields in article: https://www.tinnhanhchungkhoan.vn/ccl-ngay-gdkhq-tra-co-tuc-nam-2025-bang-co-phieu-101-post392793.html
[2026-06-27 23:31:07] [TASK_2] [WARNING] Missing required fields in article: https://www.tinnhanhchungkhoan.vn/htc-ngay-gdkhq-tam-ung-co-tuc-dot-1-nam-2026-bang-tien-3-post392798.html
[2026-06-27 23:31:07] [TASK_2] [WARNING] Missing required fields in article: https://www.tinnhanhchungkhoan.vn/khp-ngay-gdkhq-tra-co-tuc-nam-2025-bang-tien-5-post392799.html
[2026-06-27 23:31:07] [TASK_2] [WARNING] Missing required fields in article: https://www.tinnhanhchungkhoan.vn/vnp-ngay-gdkhq-tra-co-tuc-nam-2025-bang-tien-8-post392802.html
[2026-06-27 23:31:07] [TASK_2] [WARNING] Missing required fields in article: https://www.tinnhanhchungkhoan.vn/ijc-ngay-gdkhq-tra-co-tuc-bang-tien-nam-2025-5-post392811.html
[2026-06-27 23:31:07] [TASK_2] [WARNING] Missing required fields in article: https://www.tinnhanhchungkhoan.vn/vpw-ngay-gdkhq-tra-co-tuc-nam-2025-bang-tien-202-post392781.html
[2026-06-27 23:31:07] [TASK_2] [WARNING] Missing required fields in article: https://www.tinnhanhchungkhoan.vn/ocb-ngay-gdkhq-nhan-co-phieu-tang-von-tu-nguon-von-chu-so-huu-10015-post392785.html
[2026-06-27 23:31:07] [TASK_2] [WARNING] Missing required fields in article: https://www.tinnhanhchungkhoan.vn/sed-ngay-gdkhq-tra-co-tuc-nam-2025-bang-tien-15-post392806.html
[2026-06-27 23:31:07] [TASK_2] [WARNING] Missing required fields in article: https://www.tinnhanhchungkhoan.vn/ads-ngay-gdkhq-tra-co-tuc-nam-2025-bang-tien-10-post392795.html
[2026-06-27 23:31:07] [TASK_2] [WARNING] Missing required fields in article: https://www.tinnhanhchungkhoan.vn/png-ngay-gdkhq-tra-co-tuc-nam-2025-bang-tien-10-post392803.html
[2026-06-27 23:31:07] [TASK_2] [WARNING] Missing required fields in article: https://www.tinnhanhchungkhoan.vn/clc-ngay-gdkhq-tra-co-tuc-dot-cuoi-nam-2025-bang-tien-25-post392805.html
[2026-06-27 23:31:07] [TASK_2] [WARNING] Missing required fields in article: https://www.tinnhanhchungkhoan.vn/tvt-ngay-gdkhq-tra-co-tuc-dot-cuoi-nam-2025-bang-tien-10-post392774.html
[2026-06-27 23:31:07] [TASK_2] [WARNING] Missing required fields in article: https://www.tinnhanhchungkhoan.vn/ibd-ngay-gdkhq-tra-co-tuc-nam-2025-bang-tien-5-post392777.html
[2026-06-27 23:31:07] [TASK_2] [WARNING] Missing required fields in article: https://www.tinnhanhchungkhoan.vn/adp-ngay-gdkhq-tra-co-tuc-dot-1-nam-2026-bang-tien-7-post392775.html
[2026-06-27 23:31:07] [TASK_2] [WARNING] Missing required fields in article: https://www.tinnhanhchungkhoan.vn/ctr-ngay-gdkhq-tra-co-tuc-nam-2025-bang-tien-15-va-co-phieu-10012-post392778.html
[2026-06-27 23:31:07] [TASK_2] [WARNING] Missing required fields in article: https://www.tinnhanhchungkhoan.vn/tmp-ngay-gdkhq-tra-co-tuc-con-lai-nam-2025-bang-tien-20-post392790.html
[2026-06-27 23:31:07] [TASK_2] [WARNING] Missing required fields in article: https://www.tinnhanhchungkhoan.vn/fhs-ngay-gdkhq-tam-ung-co-tuc-dot-1-nam-2026-bang-tien-8-va-co-phieu-tang-von-104-post392789.html
[2026-06-27 23:31:07] [TASK_2] [WARNING] Missing required fields in article: https://www.tinnhanhchungkhoan.vn/tku-ngay-gdkhq-tra-co-tuc-nam-2025-bang-tien-5-post392808.html
[2026-06-27 23:31:07] [TASK_2] [WARNING] Missing required fields in article: https://www.tinnhanhchungkhoan.vn/nth-ngay-gdkhq-tam-ung-co-tuc-lan-1-nam-2026-bang-tien-15-post392809.html
[2026-06-27 23:31:07] [TASK_2] [WARNING] Missing required fields in article: https://www.tinnhanhchungkhoan.vn/nbc-ngay-gdkhq-tra-co-tuc-nam-2025-bang-tien-6-post392783.html
[2026-06-27 23:31:08] [TASK_2] [WARNING] Request failed for https://tinnhanhchungkhoan.vn/tim-kiem/page/2/?q=SSI (attempt 1/3): 404 Client Error: Not Found for url: https://www.tinnhanhchungkhoan.vn/404
[2026-06-27 23:31:08] [TASK_2] [INFO] Retrying in 1s…
[2026-06-27 23:31:09] [TASK_2] [WARNING] Request failed for https://tinnhanhchungkhoan.vn/tim-kiem/page/2/?q=SSI (attempt 2/3): 404 Client Error: Not Found for url: https://www.tinnhanhchungkhoan.vn/404
[2026-06-27 23:31:09] [TASK_2] [INFO] Retrying in 2s…
[2026-06-27 23:31:12] [TASK_2] [WARNING] Request failed for https://tinnhanhchungkhoan.vn/tim-kiem/page/2/?q=SSI (attempt 3/3): 404 Client Error: Not Found for url: https://www.tinnhanhchungkhoan.vn/404
[2026-06-27 23:31:12] [TASK_2] [ERROR] All 3 attempts failed for https://tinnhanhchungkhoan.vn/tim-kiem/page/2/?q=SSI. Skipping.
[2026-06-27 23:31:12] [TASK_2] [WARNING] Failed to fetch TNCK search page 2 for query 'SSI'. Stopping pagination.
[2026-06-27 23:31:12] [TASK_2] [INFO] TNCK search 'SSI': 40 new articles
[2026-06-27 23:31:13] [TASK_2] [WARNING] Missing required fields in article: https://www.tinnhanhchungkhoan.vn/bao-dau-tu-so-49-50-post392804.html
[2026-06-27 23:31:13] [TASK_2] [WARNING] Missing required fields in article: https://www.tinnhanhchungkhoan.vn/vietnam-investment-review-so-1810-post392791.html
[2026-06-27 23:31:13] [TASK_2] [WARNING] Missing required fields in article: https://www.tinnhanhchungkhoan.vn/bao-dau-tu-chung-khoan-so-25-post392730.html
[2026-06-27 23:31:13] [TASK_2] [WARNING] Missing required fields in article: https://www.tinnhanhchungkhoan.vn/bhh-ngay-gdkhq-tra-co-tuc-nam-2025-bang-tien-7-post392773.html
[2026-06-27 23:31:13] [TASK_2] [WARNING] Missing required fields in article: https://www.tinnhanhchungkhoan.vn/vhm-ngay-gdkhq-tra-co-tuc-bang-tien-60-post392779.html
[2026-06-27 23:31:13] [TASK_2] [WARNING] Missing required fields in article: https://www.tinnhanhchungkhoan.vn/cmd-ngay-gdkhq-tam-ung-co-tuc-dot-1-nam-2026-bang-tien-10-post392786.html
[2026-06-27 23:31:13] [TASK_2] [WARNING] Missing required fields in article: https://www.tinnhanhchungkhoan.vn/vbc-ngay-gdkhq-tra-co-tuc-nam-2025-bang-tien-18-post392792.html
[2026-06-27 23:31:13] [TASK_2] [WARNING] Missing required fields in article: https://www.tinnhanhchungkhoan.vn/ccl-ngay-gdkhq-tra-co-tuc-nam-2025-bang-co-phieu-101-post392793.html
[2026-06-27 23:31:13] [TASK_2] [WARNING] Missing required fields in article: https://www.tinnhanhchungkhoan.vn/htc-ngay-gdkhq-tam-ung-co-tuc-dot-1-nam-2026-bang-tien-3-post392798.html
[2026-06-27 23:31:13] [TASK_2] [WARNING] Missing required fields in article: https://www.tinnhanhchungkhoan.vn/khp-ngay-gdkhq-tra-co-tuc-nam-2025-bang-tien-5-post392799.html
[2026-06-27 23:31:13] [TASK_2] [WARNING] Missing required fields in article: https://www.tinnhanhchungkhoan.vn/vnp-ngay-gdkhq-tra-co-tuc-nam-2025-bang-tien-8-post392802.html
[2026-06-27 23:31:13] [TASK_2] [WARNING] Missing required fields in article: https://www.tinnhanhchungkhoan.vn/ijc-ngay-gdkhq-tra-co-tuc-bang-tien-nam-2025-5-post392811.html
[2026-06-27 23:31:13] [TASK_2] [WARNING] Missing required fields in article: https://www.tinnhanhchungkhoan.vn/vpw-ngay-gdkhq-tra-co-tuc-nam-2025-bang-tien-202-post392781.html
[2026-06-27 23:31:13] [TASK_2] [WARNING] Missing required fields in article: https://www.tinnhanhchungkhoan.vn/ocb-ngay-gdkhq-nhan-co-phieu-tang-von-tu-nguon-von-chu-so-huu-10015-post392785.html
[2026-06-27 23:31:13] [TASK_2] [WARNING] Missing required fields in article: https://www.tinnhanhchungkhoan.vn/sed-ngay-gdkhq-tra-co-tuc-nam-2025-bang-tien-15-post392806.html
[2026-06-27 23:31:13] [TASK_2] [WARNING] Missing required fields in article: https://www.tinnhanhchungkhoan.vn/ads-ngay-gdkhq-tra-co-tuc-nam-2025-bang-tien-10-post392795.html
[2026-06-27 23:31:13] [TASK_2] [WARNING] Missing required fields in article: https://www.tinnhanhchungkhoan.vn/png-ngay-gdkhq-tra-co-tuc-nam-2025-bang-tien-10-post392803.html
[2026-06-27 23:31:13] [TASK_2] [WARNING] Missing required fields in article: https://www.tinnhanhchungkhoan.vn/clc-ngay-gdkhq-tra-co-tuc-dot-cuoi-nam-2025-bang-tien-25-post392805.html
[2026-06-27 23:31:13] [TASK_2] [WARNING] Missing required fields in article: https://www.tinnhanhchungkhoan.vn/tvt-ngay-gdkhq-tra-co-tuc-dot-cuoi-nam-2025-bang-tien-10-post392774.html
[2026-06-27 23:31:13] [TASK_2] [WARNING] Missing required fields in article: https://www.tinnhanhchungkhoan.vn/ibd-ngay-gdkhq-tra-co-tuc-nam-2025-bang-tien-5-post392777.html
[2026-06-27 23:31:13] [TASK_2] [WARNING] Missing required fields in article: https://www.tinnhanhchungkhoan.vn/adp-ngay-gdkhq-tra-co-tuc-dot-1-nam-2026-bang-tien-7-post392775.html
[2026-06-27 23:31:13] [TASK_2] [WARNING] Missing required fields in article: https://www.tinnhanhchungkhoan.vn/ctr-ngay-gdkhq-tra-co-tuc-nam-2025-bang-tien-15-va-co-phieu-10012-post392778.html
[2026-06-27 23:31:13] [TASK_2] [WARNING] Missing required fields in article: https://www.tinnhanhchungkhoan.vn/tmp-ngay-gdkhq-tra-co-tuc-con-lai-nam-2025-bang-tien-20-post392790.html
[2026-06-27 23:31:13] [TASK_2] [WARNING] Missing required fields in article: https://www.tinnhanhchungkhoan.vn/fhs-ngay-gdkhq-tam-ung-co-tuc-dot-1-nam-2026-bang-tien-8-va-co-phieu-tang-von-104-post392789.html
[2026-06-27 23:31:13] [TASK_2] [WARNING] Missing required fields in article: https://www.tinnhanhchungkhoan.vn/tku-ngay-gdkhq-tra-co-tuc-nam-2025-bang-tien-5-post392808.html
[2026-06-27 23:31:13] [TASK_2] [WARNING] Missing required fields in article: https://www.tinnhanhchungkhoan.vn/nth-ngay-gdkhq-tam-ung-co-tuc-lan-1-nam-2026-bang-tien-15-post392809.html
[2026-06-27 23:31:13] [TASK_2] [WARNING] Missing required fields in article: https://www.tinnhanhchungkhoan.vn/nbc-ngay-gdkhq-tra-co-tuc-nam-2025-bang-tien-6-post392783.html
[2026-06-27 23:31:14] [TASK_2] [WARNING] Request failed for https://tinnhanhchungkhoan.vn/tim-kiem/page/2/?q=STB (attempt 1/3): 404 Client Error: Not Found for url: https://www.tinnhanhchungkhoan.vn/404
[2026-06-27 23:31:14] [TASK_2] [INFO] Retrying in 1s…
[2026-06-27 23:31:15] [TASK_2] [WARNING] Request failed for https://tinnhanhchungkhoan.vn/tim-kiem/page/2/?q=STB (attempt 2/3): 404 Client Error: Not Found for url: https://www.tinnhanhchungkhoan.vn/404
[2026-06-27 23:31:15] [TASK_2] [INFO] Retrying in 2s…
[2026-06-27 23:31:17] [TASK_2] [WARNING] Request failed for https://tinnhanhchungkhoan.vn/tim-kiem/page/2/?q=STB (attempt 3/3): 404 Client Error: Not Found for url: https://www.tinnhanhchungkhoan.vn/404
[2026-06-27 23:31:17] [TASK_2] [ERROR] All 3 attempts failed for https://tinnhanhchungkhoan.vn/tim-kiem/page/2/?q=STB. Skipping.
[2026-06-27 23:31:17] [TASK_2] [WARNING] Failed to fetch TNCK search page 2 for query 'STB'. Stopping pagination.
[2026-06-27 23:31:17] [TASK_2] [INFO] TNCK search 'STB': 40 new articles
[2026-06-27 23:31:18] [TASK_2] [WARNING] Missing required fields in article: https://www.tinnhanhchungkhoan.vn/bao-dau-tu-so-49-50-post392804.html
[2026-06-27 23:31:18] [TASK_2] [WARNING] Missing required fields in article: https://www.tinnhanhchungkhoan.vn/vietnam-investment-review-so-1810-post392791.html
[2026-06-27 23:31:18] [TASK_2] [WARNING] Missing required fields in article: https://www.tinnhanhchungkhoan.vn/bao-dau-tu-chung-khoan-so-25-post392730.html
[2026-06-27 23:31:18] [TASK_2] [WARNING] Missing required fields in article: https://www.tinnhanhchungkhoan.vn/bhh-ngay-gdkhq-tra-co-tuc-nam-2025-bang-tien-7-post392773.html
[2026-06-27 23:31:18] [TASK_2] [WARNING] Missing required fields in article: https://www.tinnhanhchungkhoan.vn/vhm-ngay-gdkhq-tra-co-tuc-bang-tien-60-post392779.html
[2026-06-27 23:31:18] [TASK_2] [WARNING] Missing required fields in article: https://www.tinnhanhchungkhoan.vn/cmd-ngay-gdkhq-tam-ung-co-tuc-dot-1-nam-2026-bang-tien-10-post392786.html
[2026-06-27 23:31:18] [TASK_2] [WARNING] Missing required fields in article: https://www.tinnhanhchungkhoan.vn/vbc-ngay-gdkhq-tra-co-tuc-nam-2025-bang-tien-18-post392792.html
[2026-06-27 23:31:18] [TASK_2] [WARNING] Missing required fields in article: https://www.tinnhanhchungkhoan.vn/ccl-ngay-gdkhq-tra-co-tuc-nam-2025-bang-co-phieu-101-post392793.html
[2026-06-27 23:31:18] [TASK_2] [WARNING] Missing required fields in article: https://www.tinnhanhchungkhoan.vn/htc-ngay-gdkhq-tam-ung-co-tuc-dot-1-nam-2026-bang-tien-3-post392798.html
[2026-06-27 23:31:18] [TASK_2] [WARNING] Missing required fields in article: https://www.tinnhanhchungkhoan.vn/khp-ngay-gdkhq-tra-co-tuc-nam-2025-bang-tien-5-post392799.html
[2026-06-27 23:31:18] [TASK_2] [WARNING] Missing required fields in article: https://www.tinnhanhchungkhoan.vn/vnp-ngay-gdkhq-tra-co-tuc-nam-2025-bang-tien-8-post392802.html
[2026-06-27 23:31:18] [TASK_2] [WARNING] Missing required fields in article: https://www.tinnhanhchungkhoan.vn/ijc-ngay-gdkhq-tra-co-tuc-bang-tien-nam-2025-5-post392811.html
[2026-06-27 23:31:18] [TASK_2] [WARNING] Missing required fields in article: https://www.tinnhanhchungkhoan.vn/vpw-ngay-gdkhq-tra-co-tuc-nam-2025-bang-tien-202-post392781.html
[2026-06-27 23:31:18] [TASK_2] [WARNING] Missing required fields in article: https://www.tinnhanhchungkhoan.vn/ocb-ngay-gdkhq-nhan-co-phieu-tang-von-tu-nguon-von-chu-so-huu-10015-post392785.html
[2026-06-27 23:31:18] [TASK_2] [WARNING] Missing required fields in article: https://www.tinnhanhchungkhoan.vn/sed-ngay-gdkhq-tra-co-tuc-nam-2025-bang-tien-15-post392806.html
[2026-06-27 23:31:18] [TASK_2] [WARNING] Missing required fields in article: https://www.tinnhanhchungkhoan.vn/ads-ngay-gdkhq-tra-co-tuc-nam-2025-bang-tien-10-post392795.html
[2026-06-27 23:31:18] [TASK_2] [WARNING] Missing required fields in article: https://www.tinnhanhchungkhoan.vn/png-ngay-gdkhq-tra-co-tuc-nam-2025-bang-tien-10-post392803.html
[2026-06-27 23:31:18] [TASK_2] [WARNING] Missing required fields in article: https://www.tinnhanhchungkhoan.vn/clc-ngay-gdkhq-tra-co-tuc-dot-cuoi-nam-2025-bang-tien-25-post392805.html
[2026-06-27 23:31:18] [TASK_2] [WARNING] Missing required fields in article: https://www.tinnhanhchungkhoan.vn/tvt-ngay-gdkhq-tra-co-tuc-dot-cuoi-nam-2025-bang-tien-10-post392774.html
[2026-06-27 23:31:18] [TASK_2] [WARNING] Missing required fields in article: https://www.tinnhanhchungkhoan.vn/ibd-ngay-gdkhq-tra-co-tuc-nam-2025-bang-tien-5-post392777.html
[2026-06-27 23:31:18] [TASK_2] [WARNING] Missing required fields in article: https://www.tinnhanhchungkhoan.vn/adp-ngay-gdkhq-tra-co-tuc-dot-1-nam-2026-bang-tien-7-post392775.html
[2026-06-27 23:31:18] [TASK_2] [WARNING] Missing required fields in article: https://www.tinnhanhchungkhoan.vn/ctr-ngay-gdkhq-tra-co-tuc-nam-2025-bang-tien-15-va-co-phieu-10012-post392778.html
[2026-06-27 23:31:18] [TASK_2] [WARNING] Missing required fields in article: https://www.tinnhanhchungkhoan.vn/tmp-ngay-gdkhq-tra-co-tuc-con-lai-nam-2025-bang-tien-20-post392790.html
[2026-06-27 23:31:18] [TASK_2] [WARNING] Missing required fields in article: https://www.tinnhanhchungkhoan.vn/fhs-ngay-gdkhq-tam-ung-co-tuc-dot-1-nam-2026-bang-tien-8-va-co-phieu-tang-von-104-post392789.html
[2026-06-27 23:31:18] [TASK_2] [WARNING] Missing required fields in article: https://www.tinnhanhchungkhoan.vn/tku-ngay-gdkhq-tra-co-tuc-nam-2025-bang-tien-5-post392808.html
[2026-06-27 23:31:18] [TASK_2] [WARNING] Missing required fields in article: https://www.tinnhanhchungkhoan.vn/nth-ngay-gdkhq-tam-ung-co-tuc-lan-1-nam-2026-bang-tien-15-post392809.html
[2026-06-27 23:31:18] [TASK_2] [WARNING] Missing required fields in article: https://www.tinnhanhchungkhoan.vn/nbc-ngay-gdkhq-tra-co-tuc-nam-2025-bang-tien-6-post392783.html
[2026-06-27 23:31:19] [TASK_2] [WARNING] Request failed for https://tinnhanhchungkhoan.vn/tim-kiem/page/2/?q=TCB (attempt 1/3): 404 Client Error: Not Found for url: https://www.tinnhanhchungkhoan.vn/404
[2026-06-27 23:31:19] [TASK_2] [INFO] Retrying in 1s…
[2026-06-27 23:31:20] [TASK_2] [WARNING] Request failed for https://tinnhanhchungkhoan.vn/tim-kiem/page/2/?q=TCB (attempt 2/3): 404 Client Error: Not Found for url: https://www.tinnhanhchungkhoan.vn/404
[2026-06-27 23:31:20] [TASK_2] [INFO] Retrying in 2s…
[2026-06-27 23:31:22] [TASK_2] [WARNING] Request failed for https://tinnhanhchungkhoan.vn/tim-kiem/page/2/?q=TCB (attempt 3/3): 404 Client Error: Not Found for url: https://www.tinnhanhchungkhoan.vn/404
[2026-06-27 23:31:22] [TASK_2] [ERROR] All 3 attempts failed for https://tinnhanhchungkhoan.vn/tim-kiem/page/2/?q=TCB. Skipping.
[2026-06-27 23:31:22] [TASK_2] [WARNING] Failed to fetch TNCK search page 2 for query 'TCB'. Stopping pagination.
[2026-06-27 23:31:22] [TASK_2] [INFO] TNCK search 'TCB': 32 new articles
[2026-06-27 23:31:23] [TASK_2] [WARNING] Missing required fields in article: https://www.tinnhanhchungkhoan.vn/bao-dau-tu-so-49-50-post392804.html
[2026-06-27 23:31:23] [TASK_2] [WARNING] Missing required fields in article: https://www.tinnhanhchungkhoan.vn/vietnam-investment-review-so-1810-post392791.html
[2026-06-27 23:31:23] [TASK_2] [WARNING] Missing required fields in article: https://www.tinnhanhchungkhoan.vn/bao-dau-tu-chung-khoan-so-25-post392730.html
[2026-06-27 23:31:23] [TASK_2] [WARNING] Missing required fields in article: https://www.tinnhanhchungkhoan.vn/bhh-ngay-gdkhq-tra-co-tuc-nam-2025-bang-tien-7-post392773.html
[2026-06-27 23:31:23] [TASK_2] [WARNING] Missing required fields in article: https://www.tinnhanhchungkhoan.vn/vhm-ngay-gdkhq-tra-co-tuc-bang-tien-60-post392779.html
[2026-06-27 23:31:23] [TASK_2] [WARNING] Missing required fields in article: https://www.tinnhanhchungkhoan.vn/cmd-ngay-gdkhq-tam-ung-co-tuc-dot-1-nam-2026-bang-tien-10-post392786.html
[2026-06-27 23:31:23] [TASK_2] [WARNING] Missing required fields in article: https://www.tinnhanhchungkhoan.vn/vbc-ngay-gdkhq-tra-co-tuc-nam-2025-bang-tien-18-post392792.html
[2026-06-27 23:31:23] [TASK_2] [WARNING] Missing required fields in article: https://www.tinnhanhchungkhoan.vn/ccl-ngay-gdkhq-tra-co-tuc-nam-2025-bang-co-phieu-101-post392793.html
[2026-06-27 23:31:23] [TASK_2] [WARNING] Missing required fields in article: https://www.tinnhanhchungkhoan.vn/htc-ngay-gdkhq-tam-ung-co-tuc-dot-1-nam-2026-bang-tien-3-post392798.html
[2026-06-27 23:31:23] [TASK_2] [WARNING] Missing required fields in article: https://www.tinnhanhchungkhoan.vn/khp-ngay-gdkhq-tra-co-tuc-nam-2025-bang-tien-5-post392799.html
[2026-06-27 23:31:23] [TASK_2] [WARNING] Missing required fields in article: https://www.tinnhanhchungkhoan.vn/vnp-ngay-gdkhq-tra-co-tuc-nam-2025-bang-tien-8-post392802.html
[2026-06-27 23:31:23] [TASK_2] [WARNING] Missing required fields in article: https://www.tinnhanhchungkhoan.vn/ijc-ngay-gdkhq-tra-co-tuc-bang-tien-nam-2025-5-post392811.html
[2026-06-27 23:31:23] [TASK_2] [WARNING] Missing required fields in article: https://www.tinnhanhchungkhoan.vn/vpw-ngay-gdkhq-tra-co-tuc-nam-2025-bang-tien-202-post392781.html
[2026-06-27 23:31:23] [TASK_2] [WARNING] Missing required fields in article: https://www.tinnhanhchungkhoan.vn/ocb-ngay-gdkhq-nhan-co-phieu-tang-von-tu-nguon-von-chu-so-huu-10015-post392785.html
[2026-06-27 23:31:23] [TASK_2] [WARNING] Missing required fields in article: https://www.tinnhanhchungkhoan.vn/sed-ngay-gdkhq-tra-co-tuc-nam-2025-bang-tien-15-post392806.html
[2026-06-27 23:31:23] [TASK_2] [WARNING] Missing required fields in article: https://www.tinnhanhchungkhoan.vn/ads-ngay-gdkhq-tra-co-tuc-nam-2025-bang-tien-10-post392795.html
[2026-06-27 23:31:23] [TASK_2] [WARNING] Missing required fields in article: https://www.tinnhanhchungkhoan.vn/png-ngay-gdkhq-tra-co-tuc-nam-2025-bang-tien-10-post392803.html
[2026-06-27 23:31:23] [TASK_2] [WARNING] Missing required fields in article: https://www.tinnhanhchungkhoan.vn/clc-ngay-gdkhq-tra-co-tuc-dot-cuoi-nam-2025-bang-tien-25-post392805.html
[2026-06-27 23:31:23] [TASK_2] [WARNING] Missing required fields in article: https://www.tinnhanhchungkhoan.vn/tvt-ngay-gdkhq-tra-co-tuc-dot-cuoi-nam-2025-bang-tien-10-post392774.html
[2026-06-27 23:31:23] [TASK_2] [WARNING] Missing required fields in article: https://www.tinnhanhchungkhoan.vn/ibd-ngay-gdkhq-tra-co-tuc-nam-2025-bang-tien-5-post392777.html
[2026-06-27 23:31:23] [TASK_2] [WARNING] Missing required fields in article: https://www.tinnhanhchungkhoan.vn/adp-ngay-gdkhq-tra-co-tuc-dot-1-nam-2026-bang-tien-7-post392775.html
[2026-06-27 23:31:23] [TASK_2] [WARNING] Missing required fields in article: https://www.tinnhanhchungkhoan.vn/ctr-ngay-gdkhq-tra-co-tuc-nam-2025-bang-tien-15-va-co-phieu-10012-post392778.html
[2026-06-27 23:31:23] [TASK_2] [WARNING] Missing required fields in article: https://www.tinnhanhchungkhoan.vn/tmp-ngay-gdkhq-tra-co-tuc-con-lai-nam-2025-bang-tien-20-post392790.html
[2026-06-27 23:31:23] [TASK_2] [WARNING] Missing required fields in article: https://www.tinnhanhchungkhoan.vn/fhs-ngay-gdkhq-tam-ung-co-tuc-dot-1-nam-2026-bang-tien-8-va-co-phieu-tang-von-104-post392789.html
[2026-06-27 23:31:23] [TASK_2] [WARNING] Missing required fields in article: https://www.tinnhanhchungkhoan.vn/tku-ngay-gdkhq-tra-co-tuc-nam-2025-bang-tien-5-post392808.html
[2026-06-27 23:31:23] [TASK_2] [WARNING] Missing required fields in article: https://www.tinnhanhchungkhoan.vn/nth-ngay-gdkhq-tam-ung-co-tuc-lan-1-nam-2026-bang-tien-15-post392809.html
[2026-06-27 23:31:23] [TASK_2] [WARNING] Missing required fields in article: https://www.tinnhanhchungkhoan.vn/nbc-ngay-gdkhq-tra-co-tuc-nam-2025-bang-tien-6-post392783.html
[2026-06-27 23:31:24] [TASK_2] [WARNING] Request failed for https://tinnhanhchungkhoan.vn/tim-kiem/page/2/?q=TPB (attempt 1/3): 404 Client Error: Not Found for url: https://www.tinnhanhchungkhoan.vn/404
[2026-06-27 23:31:24] [TASK_2] [INFO] Retrying in 1s…
[2026-06-27 23:31:25] [TASK_2] [WARNING] Request failed for https://tinnhanhchungkhoan.vn/tim-kiem/page/2/?q=TPB (attempt 2/3): 404 Client Error: Not Found for url: https://www.tinnhanhchungkhoan.vn/404
[2026-06-27 23:31:25] [TASK_2] [INFO] Retrying in 2s…
[2026-06-27 23:31:27] [TASK_2] [WARNING] Request failed for https://tinnhanhchungkhoan.vn/tim-kiem/page/2/?q=TPB (attempt 3/3): 404 Client Error: Not Found for url: https://www.tinnhanhchungkhoan.vn/404
[2026-06-27 23:31:27] [TASK_2] [ERROR] All 3 attempts failed for https://tinnhanhchungkhoan.vn/tim-kiem/page/2/?q=TPB. Skipping.
[2026-06-27 23:31:27] [TASK_2] [WARNING] Failed to fetch TNCK search page 2 for query 'TPB'. Stopping pagination.
[2026-06-27 23:31:27] [TASK_2] [INFO] TNCK search 'TPB': 37 new articles
[2026-06-27 23:31:28] [TASK_2] [WARNING] Missing required fields in article: https://www.tinnhanhchungkhoan.vn/bao-dau-tu-so-49-50-post392804.html
[2026-06-27 23:31:28] [TASK_2] [WARNING] Missing required fields in article: https://www.tinnhanhchungkhoan.vn/vietnam-investment-review-so-1810-post392791.html
[2026-06-27 23:31:28] [TASK_2] [WARNING] Missing required fields in article: https://www.tinnhanhchungkhoan.vn/bao-dau-tu-chung-khoan-so-25-post392730.html
[2026-06-27 23:31:28] [TASK_2] [WARNING] Missing required fields in article: https://www.tinnhanhchungkhoan.vn/bhh-ngay-gdkhq-tra-co-tuc-nam-2025-bang-tien-7-post392773.html
[2026-06-27 23:31:28] [TASK_2] [WARNING] Missing required fields in article: https://www.tinnhanhchungkhoan.vn/vhm-ngay-gdkhq-tra-co-tuc-bang-tien-60-post392779.html
[2026-06-27 23:31:28] [TASK_2] [WARNING] Missing required fields in article: https://www.tinnhanhchungkhoan.vn/cmd-ngay-gdkhq-tam-ung-co-tuc-dot-1-nam-2026-bang-tien-10-post392786.html
[2026-06-27 23:31:28] [TASK_2] [WARNING] Missing required fields in article: https://www.tinnhanhchungkhoan.vn/vbc-ngay-gdkhq-tra-co-tuc-nam-2025-bang-tien-18-post392792.html
[2026-06-27 23:31:28] [TASK_2] [WARNING] Missing required fields in article: https://www.tinnhanhchungkhoan.vn/ccl-ngay-gdkhq-tra-co-tuc-nam-2025-bang-co-phieu-101-post392793.html
[2026-06-27 23:31:28] [TASK_2] [WARNING] Missing required fields in article: https://www.tinnhanhchungkhoan.vn/htc-ngay-gdkhq-tam-ung-co-tuc-dot-1-nam-2026-bang-tien-3-post392798.html
[2026-06-27 23:31:28] [TASK_2] [WARNING] Missing required fields in article: https://www.tinnhanhchungkhoan.vn/khp-ngay-gdkhq-tra-co-tuc-nam-2025-bang-tien-5-post392799.html
[2026-06-27 23:31:29] [TASK_2] [WARNING] Missing required fields in article: https://www.tinnhanhchungkhoan.vn/vnp-ngay-gdkhq-tra-co-tuc-nam-2025-bang-tien-8-post392802.html
[2026-06-27 23:31:29] [TASK_2] [WARNING] Missing required fields in article: https://www.tinnhanhchungkhoan.vn/ijc-ngay-gdkhq-tra-co-tuc-bang-tien-nam-2025-5-post392811.html
[2026-06-27 23:31:29] [TASK_2] [WARNING] Missing required fields in article: https://www.tinnhanhchungkhoan.vn/vpw-ngay-gdkhq-tra-co-tuc-nam-2025-bang-tien-202-post392781.html
[2026-06-27 23:31:29] [TASK_2] [WARNING] Missing required fields in article: https://www.tinnhanhchungkhoan.vn/ocb-ngay-gdkhq-nhan-co-phieu-tang-von-tu-nguon-von-chu-so-huu-10015-post392785.html
[2026-06-27 23:31:29] [TASK_2] [WARNING] Missing required fields in article: https://www.tinnhanhchungkhoan.vn/sed-ngay-gdkhq-tra-co-tuc-nam-2025-bang-tien-15-post392806.html
[2026-06-27 23:31:29] [TASK_2] [WARNING] Missing required fields in article: https://www.tinnhanhchungkhoan.vn/ads-ngay-gdkhq-tra-co-tuc-nam-2025-bang-tien-10-post392795.html
[2026-06-27 23:31:29] [TASK_2] [WARNING] Missing required fields in article: https://www.tinnhanhchungkhoan.vn/png-ngay-gdkhq-tra-co-tuc-nam-2025-bang-tien-10-post392803.html
[2026-06-27 23:31:29] [TASK_2] [WARNING] Missing required fields in article: https://www.tinnhanhchungkhoan.vn/clc-ngay-gdkhq-tra-co-tuc-dot-cuoi-nam-2025-bang-tien-25-post392805.html
[2026-06-27 23:31:29] [TASK_2] [WARNING] Missing required fields in article: https://www.tinnhanhchungkhoan.vn/tvt-ngay-gdkhq-tra-co-tuc-dot-cuoi-nam-2025-bang-tien-10-post392774.html
[2026-06-27 23:31:29] [TASK_2] [WARNING] Missing required fields in article: https://www.tinnhanhchungkhoan.vn/ibd-ngay-gdkhq-tra-co-tuc-nam-2025-bang-tien-5-post392777.html
[2026-06-27 23:31:29] [TASK_2] [WARNING] Missing required fields in article: https://www.tinnhanhchungkhoan.vn/adp-ngay-gdkhq-tra-co-tuc-dot-1-nam-2026-bang-tien-7-post392775.html
[2026-06-27 23:31:29] [TASK_2] [WARNING] Missing required fields in article: https://www.tinnhanhchungkhoan.vn/ctr-ngay-gdkhq-tra-co-tuc-nam-2025-bang-tien-15-va-co-phieu-10012-post392778.html
[2026-06-27 23:31:29] [TASK_2] [WARNING] Missing required fields in article: https://www.tinnhanhchungkhoan.vn/tmp-ngay-gdkhq-tra-co-tuc-con-lai-nam-2025-bang-tien-20-post392790.html
[2026-06-27 23:31:29] [TASK_2] [WARNING] Missing required fields in article: https://www.tinnhanhchungkhoan.vn/fhs-ngay-gdkhq-tam-ung-co-tuc-dot-1-nam-2026-bang-tien-8-va-co-phieu-tang-von-104-post392789.html
[2026-06-27 23:31:29] [TASK_2] [WARNING] Missing required fields in article: https://www.tinnhanhchungkhoan.vn/tku-ngay-gdkhq-tra-co-tuc-nam-2025-bang-tien-5-post392808.html
[2026-06-27 23:31:29] [TASK_2] [WARNING] Missing required fields in article: https://www.tinnhanhchungkhoan.vn/nth-ngay-gdkhq-tam-ung-co-tuc-lan-1-nam-2026-bang-tien-15-post392809.html
[2026-06-27 23:31:29] [TASK_2] [WARNING] Missing required fields in article: https://www.tinnhanhchungkhoan.vn/nbc-ngay-gdkhq-tra-co-tuc-nam-2025-bang-tien-6-post392783.html
[2026-06-27 23:31:29] [TASK_2] [WARNING] Request failed for https://tinnhanhchungkhoan.vn/tim-kiem/page/2/?q=VCB (attempt 1/3): 404 Client Error: Not Found for url: https://www.tinnhanhchungkhoan.vn/404
[2026-06-27 23:31:29] [TASK_2] [INFO] Retrying in 1s…
[2026-06-27 23:31:30] [TASK_2] [WARNING] Request failed for https://tinnhanhchungkhoan.vn/tim-kiem/page/2/?q=VCB (attempt 2/3): 404 Client Error: Not Found for url: https://www.tinnhanhchungkhoan.vn/404
[2026-06-27 23:31:30] [TASK_2] [INFO] Retrying in 2s…
[2026-06-27 23:31:33] [TASK_2] [WARNING] Request failed for https://tinnhanhchungkhoan.vn/tim-kiem/page/2/?q=VCB (attempt 3/3): 404 Client Error: Not Found for url: https://www.tinnhanhchungkhoan.vn/404
[2026-06-27 23:31:33] [TASK_2] [ERROR] All 3 attempts failed for https://tinnhanhchungkhoan.vn/tim-kiem/page/2/?q=VCB. Skipping.
[2026-06-27 23:31:33] [TASK_2] [WARNING] Failed to fetch TNCK search page 2 for query 'VCB'. Stopping pagination.
[2026-06-27 23:31:33] [TASK_2] [INFO] TNCK search 'VCB': 38 new articles
[2026-06-27 23:31:34] [TASK_2] [WARNING] Missing required fields in article: https://www.tinnhanhchungkhoan.vn/bao-dau-tu-so-49-50-post392804.html
[2026-06-27 23:31:34] [TASK_2] [WARNING] Missing required fields in article: https://www.tinnhanhchungkhoan.vn/vietnam-investment-review-so-1810-post392791.html
[2026-06-27 23:31:34] [TASK_2] [WARNING] Missing required fields in article: https://www.tinnhanhchungkhoan.vn/bao-dau-tu-chung-khoan-so-25-post392730.html
[2026-06-27 23:31:34] [TASK_2] [WARNING] Missing required fields in article: https://www.tinnhanhchungkhoan.vn/bhh-ngay-gdkhq-tra-co-tuc-nam-2025-bang-tien-7-post392773.html
[2026-06-27 23:31:34] [TASK_2] [WARNING] Missing required fields in article: https://www.tinnhanhchungkhoan.vn/cmd-ngay-gdkhq-tam-ung-co-tuc-dot-1-nam-2026-bang-tien-10-post392786.html
[2026-06-27 23:31:34] [TASK_2] [WARNING] Missing required fields in article: https://www.tinnhanhchungkhoan.vn/vbc-ngay-gdkhq-tra-co-tuc-nam-2025-bang-tien-18-post392792.html
[2026-06-27 23:31:34] [TASK_2] [WARNING] Missing required fields in article: https://www.tinnhanhchungkhoan.vn/ccl-ngay-gdkhq-tra-co-tuc-nam-2025-bang-co-phieu-101-post392793.html
[2026-06-27 23:31:34] [TASK_2] [WARNING] Missing required fields in article: https://www.tinnhanhchungkhoan.vn/htc-ngay-gdkhq-tam-ung-co-tuc-dot-1-nam-2026-bang-tien-3-post392798.html
[2026-06-27 23:31:34] [TASK_2] [WARNING] Missing required fields in article: https://www.tinnhanhchungkhoan.vn/khp-ngay-gdkhq-tra-co-tuc-nam-2025-bang-tien-5-post392799.html
[2026-06-27 23:31:34] [TASK_2] [WARNING] Missing required fields in article: https://www.tinnhanhchungkhoan.vn/vnp-ngay-gdkhq-tra-co-tuc-nam-2025-bang-tien-8-post392802.html
[2026-06-27 23:31:34] [TASK_2] [WARNING] Missing required fields in article: https://www.tinnhanhchungkhoan.vn/ijc-ngay-gdkhq-tra-co-tuc-bang-tien-nam-2025-5-post392811.html
[2026-06-27 23:31:34] [TASK_2] [WARNING] Missing required fields in article: https://www.tinnhanhchungkhoan.vn/vpw-ngay-gdkhq-tra-co-tuc-nam-2025-bang-tien-202-post392781.html
[2026-06-27 23:31:34] [TASK_2] [WARNING] Missing required fields in article: https://www.tinnhanhchungkhoan.vn/ocb-ngay-gdkhq-nhan-co-phieu-tang-von-tu-nguon-von-chu-so-huu-10015-post392785.html
[2026-06-27 23:31:34] [TASK_2] [WARNING] Missing required fields in article: https://www.tinnhanhchungkhoan.vn/sed-ngay-gdkhq-tra-co-tuc-nam-2025-bang-tien-15-post392806.html
[2026-06-27 23:31:34] [TASK_2] [WARNING] Missing required fields in article: https://www.tinnhanhchungkhoan.vn/ads-ngay-gdkhq-tra-co-tuc-nam-2025-bang-tien-10-post392795.html
[2026-06-27 23:31:34] [TASK_2] [WARNING] Missing required fields in article: https://www.tinnhanhchungkhoan.vn/png-ngay-gdkhq-tra-co-tuc-nam-2025-bang-tien-10-post392803.html
[2026-06-27 23:31:34] [TASK_2] [WARNING] Missing required fields in article: https://www.tinnhanhchungkhoan.vn/clc-ngay-gdkhq-tra-co-tuc-dot-cuoi-nam-2025-bang-tien-25-post392805.html
[2026-06-27 23:31:34] [TASK_2] [WARNING] Missing required fields in article: https://www.tinnhanhchungkhoan.vn/tvt-ngay-gdkhq-tra-co-tuc-dot-cuoi-nam-2025-bang-tien-10-post392774.html
[2026-06-27 23:31:34] [TASK_2] [WARNING] Missing required fields in article: https://www.tinnhanhchungkhoan.vn/ibd-ngay-gdkhq-tra-co-tuc-nam-2025-bang-tien-5-post392777.html
[2026-06-27 23:31:34] [TASK_2] [WARNING] Missing required fields in article: https://www.tinnhanhchungkhoan.vn/adp-ngay-gdkhq-tra-co-tuc-dot-1-nam-2026-bang-tien-7-post392775.html
[2026-06-27 23:31:34] [TASK_2] [WARNING] Missing required fields in article: https://www.tinnhanhchungkhoan.vn/ctr-ngay-gdkhq-tra-co-tuc-nam-2025-bang-tien-15-va-co-phieu-10012-post392778.html
[2026-06-27 23:31:34] [TASK_2] [WARNING] Missing required fields in article: https://www.tinnhanhchungkhoan.vn/tmp-ngay-gdkhq-tra-co-tuc-con-lai-nam-2025-bang-tien-20-post392790.html
[2026-06-27 23:31:34] [TASK_2] [WARNING] Missing required fields in article: https://www.tinnhanhchungkhoan.vn/fhs-ngay-gdkhq-tam-ung-co-tuc-dot-1-nam-2026-bang-tien-8-va-co-phieu-tang-von-104-post392789.html
[2026-06-27 23:31:34] [TASK_2] [WARNING] Missing required fields in article: https://www.tinnhanhchungkhoan.vn/tku-ngay-gdkhq-tra-co-tuc-nam-2025-bang-tien-5-post392808.html
[2026-06-27 23:31:34] [TASK_2] [WARNING] Missing required fields in article: https://www.tinnhanhchungkhoan.vn/nth-ngay-gdkhq-tam-ung-co-tuc-lan-1-nam-2026-bang-tien-15-post392809.html
[2026-06-27 23:31:34] [TASK_2] [WARNING] Missing required fields in article: https://www.tinnhanhchungkhoan.vn/nbc-ngay-gdkhq-tra-co-tuc-nam-2025-bang-tien-6-post392783.html
[2026-06-27 23:31:35] [TASK_2] [WARNING] Request failed for https://tinnhanhchungkhoan.vn/tim-kiem/page/2/?q=VHM (attempt 1/3): 404 Client Error: Not Found for url: https://www.tinnhanhchungkhoan.vn/404
[2026-06-27 23:31:35] [TASK_2] [INFO] Retrying in 1s…
[2026-06-27 23:31:36] [TASK_2] [WARNING] Request failed for https://tinnhanhchungkhoan.vn/tim-kiem/page/2/?q=VHM (attempt 2/3): 404 Client Error: Not Found for url: https://www.tinnhanhchungkhoan.vn/404
[2026-06-27 23:31:36] [TASK_2] [INFO] Retrying in 2s…
[2026-06-27 23:31:38] [TASK_2] [WARNING] Request failed for https://tinnhanhchungkhoan.vn/tim-kiem/page/2/?q=VHM (attempt 3/3): 404 Client Error: Not Found for url: https://www.tinnhanhchungkhoan.vn/404
[2026-06-27 23:31:38] [TASK_2] [ERROR] All 3 attempts failed for https://tinnhanhchungkhoan.vn/tim-kiem/page/2/?q=VHM. Skipping.
[2026-06-27 23:31:38] [TASK_2] [WARNING] Failed to fetch TNCK search page 2 for query 'VHM'. Stopping pagination.
[2026-06-27 23:31:38] [TASK_2] [INFO] TNCK search 'VHM': 32 new articles
[2026-06-27 23:31:39] [TASK_2] [WARNING] Missing required fields in article: https://www.tinnhanhchungkhoan.vn/bao-dau-tu-so-49-50-post392804.html
[2026-06-27 23:31:39] [TASK_2] [WARNING] Missing required fields in article: https://www.tinnhanhchungkhoan.vn/vietnam-investment-review-so-1810-post392791.html
[2026-06-27 23:31:39] [TASK_2] [WARNING] Missing required fields in article: https://www.tinnhanhchungkhoan.vn/bao-dau-tu-chung-khoan-so-25-post392730.html
[2026-06-27 23:31:39] [TASK_2] [WARNING] Missing required fields in article: https://www.tinnhanhchungkhoan.vn/bhh-ngay-gdkhq-tra-co-tuc-nam-2025-bang-tien-7-post392773.html
[2026-06-27 23:31:39] [TASK_2] [WARNING] Missing required fields in article: https://www.tinnhanhchungkhoan.vn/cmd-ngay-gdkhq-tam-ung-co-tuc-dot-1-nam-2026-bang-tien-10-post392786.html
[2026-06-27 23:31:39] [TASK_2] [WARNING] Missing required fields in article: https://www.tinnhanhchungkhoan.vn/vbc-ngay-gdkhq-tra-co-tuc-nam-2025-bang-tien-18-post392792.html
[2026-06-27 23:31:39] [TASK_2] [WARNING] Missing required fields in article: https://www.tinnhanhchungkhoan.vn/ccl-ngay-gdkhq-tra-co-tuc-nam-2025-bang-co-phieu-101-post392793.html
[2026-06-27 23:31:39] [TASK_2] [WARNING] Missing required fields in article: https://www.tinnhanhchungkhoan.vn/htc-ngay-gdkhq-tam-ung-co-tuc-dot-1-nam-2026-bang-tien-3-post392798.html
[2026-06-27 23:31:39] [TASK_2] [WARNING] Missing required fields in article: https://www.tinnhanhchungkhoan.vn/khp-ngay-gdkhq-tra-co-tuc-nam-2025-bang-tien-5-post392799.html
[2026-06-27 23:31:39] [TASK_2] [WARNING] Missing required fields in article: https://www.tinnhanhchungkhoan.vn/vnp-ngay-gdkhq-tra-co-tuc-nam-2025-bang-tien-8-post392802.html
[2026-06-27 23:31:39] [TASK_2] [WARNING] Missing required fields in article: https://www.tinnhanhchungkhoan.vn/ijc-ngay-gdkhq-tra-co-tuc-bang-tien-nam-2025-5-post392811.html
[2026-06-27 23:31:39] [TASK_2] [WARNING] Missing required fields in article: https://www.tinnhanhchungkhoan.vn/vpw-ngay-gdkhq-tra-co-tuc-nam-2025-bang-tien-202-post392781.html
[2026-06-27 23:31:39] [TASK_2] [WARNING] Missing required fields in article: https://www.tinnhanhchungkhoan.vn/ocb-ngay-gdkhq-nhan-co-phieu-tang-von-tu-nguon-von-chu-so-huu-10015-post392785.html
[2026-06-27 23:31:39] [TASK_2] [WARNING] Missing required fields in article: https://www.tinnhanhchungkhoan.vn/sed-ngay-gdkhq-tra-co-tuc-nam-2025-bang-tien-15-post392806.html
[2026-06-27 23:31:39] [TASK_2] [WARNING] Missing required fields in article: https://www.tinnhanhchungkhoan.vn/ads-ngay-gdkhq-tra-co-tuc-nam-2025-bang-tien-10-post392795.html
[2026-06-27 23:31:39] [TASK_2] [WARNING] Missing required fields in article: https://www.tinnhanhchungkhoan.vn/png-ngay-gdkhq-tra-co-tuc-nam-2025-bang-tien-10-post392803.html
[2026-06-27 23:31:39] [TASK_2] [WARNING] Missing required fields in article: https://www.tinnhanhchungkhoan.vn/clc-ngay-gdkhq-tra-co-tuc-dot-cuoi-nam-2025-bang-tien-25-post392805.html
[2026-06-27 23:31:39] [TASK_2] [WARNING] Missing required fields in article: https://www.tinnhanhchungkhoan.vn/tvt-ngay-gdkhq-tra-co-tuc-dot-cuoi-nam-2025-bang-tien-10-post392774.html
[2026-06-27 23:31:39] [TASK_2] [WARNING] Missing required fields in article: https://www.tinnhanhchungkhoan.vn/ibd-ngay-gdkhq-tra-co-tuc-nam-2025-bang-tien-5-post392777.html
[2026-06-27 23:31:39] [TASK_2] [WARNING] Missing required fields in article: https://www.tinnhanhchungkhoan.vn/adp-ngay-gdkhq-tra-co-tuc-dot-1-nam-2026-bang-tien-7-post392775.html
[2026-06-27 23:31:39] [TASK_2] [WARNING] Missing required fields in article: https://www.tinnhanhchungkhoan.vn/ctr-ngay-gdkhq-tra-co-tuc-nam-2025-bang-tien-15-va-co-phieu-10012-post392778.html
[2026-06-27 23:31:39] [TASK_2] [WARNING] Missing required fields in article: https://www.tinnhanhchungkhoan.vn/tmp-ngay-gdkhq-tra-co-tuc-con-lai-nam-2025-bang-tien-20-post392790.html
[2026-06-27 23:31:39] [TASK_2] [WARNING] Missing required fields in article: https://www.tinnhanhchungkhoan.vn/fhs-ngay-gdkhq-tam-ung-co-tuc-dot-1-nam-2026-bang-tien-8-va-co-phieu-tang-von-104-post392789.html
[2026-06-27 23:31:39] [TASK_2] [WARNING] Missing required fields in article: https://www.tinnhanhchungkhoan.vn/tku-ngay-gdkhq-tra-co-tuc-nam-2025-bang-tien-5-post392808.html
[2026-06-27 23:31:39] [TASK_2] [WARNING] Missing required fields in article: https://www.tinnhanhchungkhoan.vn/nth-ngay-gdkhq-tam-ung-co-tuc-lan-1-nam-2026-bang-tien-15-post392809.html
[2026-06-27 23:31:39] [TASK_2] [WARNING] Missing required fields in article: https://www.tinnhanhchungkhoan.vn/nbc-ngay-gdkhq-tra-co-tuc-nam-2025-bang-tien-6-post392783.html
[2026-06-27 23:31:40] [TASK_2] [WARNING] Request failed for https://tinnhanhchungkhoan.vn/tim-kiem/page/2/?q=VIB (attempt 1/3): 404 Client Error: Not Found for url: https://www.tinnhanhchungkhoan.vn/404
[2026-06-27 23:31:40] [TASK_2] [INFO] Retrying in 1s…
[2026-06-27 23:31:41] [TASK_2] [WARNING] Request failed for https://tinnhanhchungkhoan.vn/tim-kiem/page/2/?q=VIB (attempt 2/3): 404 Client Error: Not Found for url: https://www.tinnhanhchungkhoan.vn/404
[2026-06-27 23:31:41] [TASK_2] [INFO] Retrying in 2s…
[2026-06-27 23:31:43] [TASK_2] [WARNING] Request failed for https://tinnhanhchungkhoan.vn/tim-kiem/page/2/?q=VIB (attempt 3/3): 404 Client Error: Not Found for url: https://www.tinnhanhchungkhoan.vn/404
[2026-06-27 23:31:43] [TASK_2] [ERROR] All 3 attempts failed for https://tinnhanhchungkhoan.vn/tim-kiem/page/2/?q=VIB. Skipping.
[2026-06-27 23:31:43] [TASK_2] [WARNING] Failed to fetch TNCK search page 2 for query 'VIB'. Stopping pagination.
[2026-06-27 23:31:43] [TASK_2] [INFO] TNCK search 'VIB': 39 new articles
[2026-06-27 23:31:44] [TASK_2] [WARNING] Missing required fields in article: https://www.tinnhanhchungkhoan.vn/bao-dau-tu-so-49-50-post392804.html
[2026-06-27 23:31:44] [TASK_2] [WARNING] Missing required fields in article: https://www.tinnhanhchungkhoan.vn/vietnam-investment-review-so-1810-post392791.html
[2026-06-27 23:31:44] [TASK_2] [WARNING] Missing required fields in article: https://www.tinnhanhchungkhoan.vn/bao-dau-tu-chung-khoan-so-25-post392730.html
[2026-06-27 23:31:44] [TASK_2] [WARNING] Missing required fields in article: https://www.tinnhanhchungkhoan.vn/bhh-ngay-gdkhq-tra-co-tuc-nam-2025-bang-tien-7-post392773.html
[2026-06-27 23:31:44] [TASK_2] [WARNING] Missing required fields in article: https://www.tinnhanhchungkhoan.vn/cmd-ngay-gdkhq-tam-ung-co-tuc-dot-1-nam-2026-bang-tien-10-post392786.html
[2026-06-27 23:31:44] [TASK_2] [WARNING] Missing required fields in article: https://www.tinnhanhchungkhoan.vn/vbc-ngay-gdkhq-tra-co-tuc-nam-2025-bang-tien-18-post392792.html
[2026-06-27 23:31:44] [TASK_2] [WARNING] Missing required fields in article: https://www.tinnhanhchungkhoan.vn/ccl-ngay-gdkhq-tra-co-tuc-nam-2025-bang-co-phieu-101-post392793.html
[2026-06-27 23:31:44] [TASK_2] [WARNING] Missing required fields in article: https://www.tinnhanhchungkhoan.vn/htc-ngay-gdkhq-tam-ung-co-tuc-dot-1-nam-2026-bang-tien-3-post392798.html
[2026-06-27 23:31:44] [TASK_2] [WARNING] Missing required fields in article: https://www.tinnhanhchungkhoan.vn/khp-ngay-gdkhq-tra-co-tuc-nam-2025-bang-tien-5-post392799.html
[2026-06-27 23:31:44] [TASK_2] [WARNING] Missing required fields in article: https://www.tinnhanhchungkhoan.vn/vnp-ngay-gdkhq-tra-co-tuc-nam-2025-bang-tien-8-post392802.html
[2026-06-27 23:31:44] [TASK_2] [WARNING] Missing required fields in article: https://www.tinnhanhchungkhoan.vn/ijc-ngay-gdkhq-tra-co-tuc-bang-tien-nam-2025-5-post392811.html
[2026-06-27 23:31:44] [TASK_2] [WARNING] Missing required fields in article: https://www.tinnhanhchungkhoan.vn/vpw-ngay-gdkhq-tra-co-tuc-nam-2025-bang-tien-202-post392781.html
[2026-06-27 23:31:44] [TASK_2] [WARNING] Missing required fields in article: https://www.tinnhanhchungkhoan.vn/ocb-ngay-gdkhq-nhan-co-phieu-tang-von-tu-nguon-von-chu-so-huu-10015-post392785.html
[2026-06-27 23:31:44] [TASK_2] [WARNING] Missing required fields in article: https://www.tinnhanhchungkhoan.vn/sed-ngay-gdkhq-tra-co-tuc-nam-2025-bang-tien-15-post392806.html
[2026-06-27 23:31:44] [TASK_2] [WARNING] Missing required fields in article: https://www.tinnhanhchungkhoan.vn/ads-ngay-gdkhq-tra-co-tuc-nam-2025-bang-tien-10-post392795.html
[2026-06-27 23:31:44] [TASK_2] [WARNING] Missing required fields in article: https://www.tinnhanhchungkhoan.vn/png-ngay-gdkhq-tra-co-tuc-nam-2025-bang-tien-10-post392803.html
[2026-06-27 23:31:44] [TASK_2] [WARNING] Missing required fields in article: https://www.tinnhanhchungkhoan.vn/clc-ngay-gdkhq-tra-co-tuc-dot-cuoi-nam-2025-bang-tien-25-post392805.html
[2026-06-27 23:31:44] [TASK_2] [WARNING] Missing required fields in article: https://www.tinnhanhchungkhoan.vn/tvt-ngay-gdkhq-tra-co-tuc-dot-cuoi-nam-2025-bang-tien-10-post392774.html
[2026-06-27 23:31:44] [TASK_2] [WARNING] Missing required fields in article: https://www.tinnhanhchungkhoan.vn/ibd-ngay-gdkhq-tra-co-tuc-nam-2025-bang-tien-5-post392777.html
[2026-06-27 23:31:44] [TASK_2] [WARNING] Missing required fields in article: https://www.tinnhanhchungkhoan.vn/adp-ngay-gdkhq-tra-co-tuc-dot-1-nam-2026-bang-tien-7-post392775.html
[2026-06-27 23:31:44] [TASK_2] [WARNING] Missing required fields in article: https://www.tinnhanhchungkhoan.vn/ctr-ngay-gdkhq-tra-co-tuc-nam-2025-bang-tien-15-va-co-phieu-10012-post392778.html
[2026-06-27 23:31:44] [TASK_2] [WARNING] Missing required fields in article: https://www.tinnhanhchungkhoan.vn/tmp-ngay-gdkhq-tra-co-tuc-con-lai-nam-2025-bang-tien-20-post392790.html
[2026-06-27 23:31:44] [TASK_2] [WARNING] Missing required fields in article: https://www.tinnhanhchungkhoan.vn/fhs-ngay-gdkhq-tam-ung-co-tuc-dot-1-nam-2026-bang-tien-8-va-co-phieu-tang-von-104-post392789.html
[2026-06-27 23:31:44] [TASK_2] [WARNING] Missing required fields in article: https://www.tinnhanhchungkhoan.vn/tku-ngay-gdkhq-tra-co-tuc-nam-2025-bang-tien-5-post392808.html
[2026-06-27 23:31:44] [TASK_2] [WARNING] Missing required fields in article: https://www.tinnhanhchungkhoan.vn/nth-ngay-gdkhq-tam-ung-co-tuc-lan-1-nam-2026-bang-tien-15-post392809.html
[2026-06-27 23:31:44] [TASK_2] [WARNING] Missing required fields in article: https://www.tinnhanhchungkhoan.vn/nbc-ngay-gdkhq-tra-co-tuc-nam-2025-bang-tien-6-post392783.html
[2026-06-27 23:31:45] [TASK_2] [WARNING] Request failed for https://tinnhanhchungkhoan.vn/tim-kiem/page/2/?q=VIC (attempt 1/3): 404 Client Error: Not Found for url: https://www.tinnhanhchungkhoan.vn/404
[2026-06-27 23:31:45] [TASK_2] [INFO] Retrying in 1s…
[2026-06-27 23:31:46] [TASK_2] [WARNING] Request failed for https://tinnhanhchungkhoan.vn/tim-kiem/page/2/?q=VIC (attempt 2/3): 404 Client Error: Not Found for url: https://www.tinnhanhchungkhoan.vn/404
[2026-06-27 23:31:46] [TASK_2] [INFO] Retrying in 2s…
[2026-06-27 23:31:48] [TASK_2] [WARNING] Request failed for https://tinnhanhchungkhoan.vn/tim-kiem/page/2/?q=VIC (attempt 3/3): 404 Client Error: Not Found for url: https://www.tinnhanhchungkhoan.vn/404
[2026-06-27 23:31:48] [TASK_2] [ERROR] All 3 attempts failed for https://tinnhanhchungkhoan.vn/tim-kiem/page/2/?q=VIC. Skipping.
[2026-06-27 23:31:48] [TASK_2] [WARNING] Failed to fetch TNCK search page 2 for query 'VIC'. Stopping pagination.
[2026-06-27 23:31:48] [TASK_2] [INFO] TNCK search 'VIC': 32 new articles
[2026-06-27 23:31:50] [TASK_2] [WARNING] Missing required fields in article: https://www.tinnhanhchungkhoan.vn/bao-dau-tu-so-49-50-post392804.html
[2026-06-27 23:31:50] [TASK_2] [WARNING] Missing required fields in article: https://www.tinnhanhchungkhoan.vn/vietnam-investment-review-so-1810-post392791.html
[2026-06-27 23:31:50] [TASK_2] [WARNING] Missing required fields in article: https://www.tinnhanhchungkhoan.vn/bao-dau-tu-chung-khoan-so-25-post392730.html
[2026-06-27 23:31:50] [TASK_2] [WARNING] Missing required fields in article: https://www.tinnhanhchungkhoan.vn/bhh-ngay-gdkhq-tra-co-tuc-nam-2025-bang-tien-7-post392773.html
[2026-06-27 23:31:50] [TASK_2] [WARNING] Missing required fields in article: https://www.tinnhanhchungkhoan.vn/cmd-ngay-gdkhq-tam-ung-co-tuc-dot-1-nam-2026-bang-tien-10-post392786.html
[2026-06-27 23:31:50] [TASK_2] [WARNING] Missing required fields in article: https://www.tinnhanhchungkhoan.vn/vbc-ngay-gdkhq-tra-co-tuc-nam-2025-bang-tien-18-post392792.html
[2026-06-27 23:31:50] [TASK_2] [WARNING] Missing required fields in article: https://www.tinnhanhchungkhoan.vn/ccl-ngay-gdkhq-tra-co-tuc-nam-2025-bang-co-phieu-101-post392793.html
[2026-06-27 23:31:50] [TASK_2] [WARNING] Missing required fields in article: https://www.tinnhanhchungkhoan.vn/htc-ngay-gdkhq-tam-ung-co-tuc-dot-1-nam-2026-bang-tien-3-post392798.html
[2026-06-27 23:31:50] [TASK_2] [WARNING] Missing required fields in article: https://www.tinnhanhchungkhoan.vn/khp-ngay-gdkhq-tra-co-tuc-nam-2025-bang-tien-5-post392799.html
[2026-06-27 23:31:50] [TASK_2] [WARNING] Missing required fields in article: https://www.tinnhanhchungkhoan.vn/vnp-ngay-gdkhq-tra-co-tuc-nam-2025-bang-tien-8-post392802.html
[2026-06-27 23:31:50] [TASK_2] [WARNING] Missing required fields in article: https://www.tinnhanhchungkhoan.vn/ijc-ngay-gdkhq-tra-co-tuc-bang-tien-nam-2025-5-post392811.html
[2026-06-27 23:31:50] [TASK_2] [WARNING] Missing required fields in article: https://www.tinnhanhchungkhoan.vn/vpw-ngay-gdkhq-tra-co-tuc-nam-2025-bang-tien-202-post392781.html
[2026-06-27 23:31:50] [TASK_2] [WARNING] Missing required fields in article: https://www.tinnhanhchungkhoan.vn/ocb-ngay-gdkhq-nhan-co-phieu-tang-von-tu-nguon-von-chu-so-huu-10015-post392785.html
[2026-06-27 23:31:50] [TASK_2] [WARNING] Missing required fields in article: https://www.tinnhanhchungkhoan.vn/sed-ngay-gdkhq-tra-co-tuc-nam-2025-bang-tien-15-post392806.html
[2026-06-27 23:31:50] [TASK_2] [WARNING] Missing required fields in article: https://www.tinnhanhchungkhoan.vn/ads-ngay-gdkhq-tra-co-tuc-nam-2025-bang-tien-10-post392795.html
[2026-06-27 23:31:50] [TASK_2] [WARNING] Missing required fields in article: https://www.tinnhanhchungkhoan.vn/png-ngay-gdkhq-tra-co-tuc-nam-2025-bang-tien-10-post392803.html
[2026-06-27 23:31:50] [TASK_2] [WARNING] Missing required fields in article: https://www.tinnhanhchungkhoan.vn/clc-ngay-gdkhq-tra-co-tuc-dot-cuoi-nam-2025-bang-tien-25-post392805.html
[2026-06-27 23:31:50] [TASK_2] [WARNING] Missing required fields in article: https://www.tinnhanhchungkhoan.vn/tvt-ngay-gdkhq-tra-co-tuc-dot-cuoi-nam-2025-bang-tien-10-post392774.html
[2026-06-27 23:31:50] [TASK_2] [WARNING] Missing required fields in article: https://www.tinnhanhchungkhoan.vn/ibd-ngay-gdkhq-tra-co-tuc-nam-2025-bang-tien-5-post392777.html
[2026-06-27 23:31:50] [TASK_2] [WARNING] Missing required fields in article: https://www.tinnhanhchungkhoan.vn/adp-ngay-gdkhq-tra-co-tuc-dot-1-nam-2026-bang-tien-7-post392775.html
[2026-06-27 23:31:50] [TASK_2] [WARNING] Missing required fields in article: https://www.tinnhanhchungkhoan.vn/ctr-ngay-gdkhq-tra-co-tuc-nam-2025-bang-tien-15-va-co-phieu-10012-post392778.html
[2026-06-27 23:31:50] [TASK_2] [WARNING] Missing required fields in article: https://www.tinnhanhchungkhoan.vn/tmp-ngay-gdkhq-tra-co-tuc-con-lai-nam-2025-bang-tien-20-post392790.html
[2026-06-27 23:31:50] [TASK_2] [WARNING] Missing required fields in article: https://www.tinnhanhchungkhoan.vn/fhs-ngay-gdkhq-tam-ung-co-tuc-dot-1-nam-2026-bang-tien-8-va-co-phieu-tang-von-104-post392789.html
[2026-06-27 23:31:50] [TASK_2] [WARNING] Missing required fields in article: https://www.tinnhanhchungkhoan.vn/tku-ngay-gdkhq-tra-co-tuc-nam-2025-bang-tien-5-post392808.html
[2026-06-27 23:31:50] [TASK_2] [WARNING] Missing required fields in article: https://www.tinnhanhchungkhoan.vn/nth-ngay-gdkhq-tam-ung-co-tuc-lan-1-nam-2026-bang-tien-15-post392809.html
[2026-06-27 23:31:50] [TASK_2] [WARNING] Missing required fields in article: https://www.tinnhanhchungkhoan.vn/nbc-ngay-gdkhq-tra-co-tuc-nam-2025-bang-tien-6-post392783.html
[2026-06-27 23:31:50] [TASK_2] [WARNING] Request failed for https://tinnhanhchungkhoan.vn/tim-kiem/page/2/?q=VJC (attempt 1/3): 404 Client Error: Not Found for url: https://www.tinnhanhchungkhoan.vn/404
[2026-06-27 23:31:50] [TASK_2] [INFO] Retrying in 1s…
[2026-06-27 23:31:52] [TASK_2] [WARNING] Request failed for https://tinnhanhchungkhoan.vn/tim-kiem/page/2/?q=VJC (attempt 2/3): 404 Client Error: Not Found for url: https://www.tinnhanhchungkhoan.vn/404
[2026-06-27 23:31:52] [TASK_2] [INFO] Retrying in 2s…
[2026-06-27 23:31:54] [TASK_2] [WARNING] Request failed for https://tinnhanhchungkhoan.vn/tim-kiem/page/2/?q=VJC (attempt 3/3): 404 Client Error: Not Found for url: https://www.tinnhanhchungkhoan.vn/404
[2026-06-27 23:31:54] [TASK_2] [ERROR] All 3 attempts failed for https://tinnhanhchungkhoan.vn/tim-kiem/page/2/?q=VJC. Skipping.
[2026-06-27 23:31:54] [TASK_2] [WARNING] Failed to fetch TNCK search page 2 for query 'VJC'. Stopping pagination.
[2026-06-27 23:31:54] [TASK_2] [INFO] TNCK search 'VJC': 38 new articles
[2026-06-27 23:31:55] [TASK_2] [WARNING] Missing required fields in article: https://www.tinnhanhchungkhoan.vn/bao-dau-tu-so-49-50-post392804.html
[2026-06-27 23:31:55] [TASK_2] [WARNING] Missing required fields in article: https://www.tinnhanhchungkhoan.vn/vietnam-investment-review-so-1810-post392791.html
[2026-06-27 23:31:55] [TASK_2] [WARNING] Missing required fields in article: https://www.tinnhanhchungkhoan.vn/bao-dau-tu-chung-khoan-so-25-post392730.html
[2026-06-27 23:31:55] [TASK_2] [WARNING] Missing required fields in article: https://www.tinnhanhchungkhoan.vn/bhh-ngay-gdkhq-tra-co-tuc-nam-2025-bang-tien-7-post392773.html
[2026-06-27 23:31:55] [TASK_2] [WARNING] Missing required fields in article: https://www.tinnhanhchungkhoan.vn/cmd-ngay-gdkhq-tam-ung-co-tuc-dot-1-nam-2026-bang-tien-10-post392786.html
[2026-06-27 23:31:55] [TASK_2] [WARNING] Missing required fields in article: https://www.tinnhanhchungkhoan.vn/vbc-ngay-gdkhq-tra-co-tuc-nam-2025-bang-tien-18-post392792.html
[2026-06-27 23:31:55] [TASK_2] [WARNING] Missing required fields in article: https://www.tinnhanhchungkhoan.vn/ccl-ngay-gdkhq-tra-co-tuc-nam-2025-bang-co-phieu-101-post392793.html
[2026-06-27 23:31:55] [TASK_2] [WARNING] Missing required fields in article: https://www.tinnhanhchungkhoan.vn/htc-ngay-gdkhq-tam-ung-co-tuc-dot-1-nam-2026-bang-tien-3-post392798.html
[2026-06-27 23:31:55] [TASK_2] [WARNING] Missing required fields in article: https://www.tinnhanhchungkhoan.vn/khp-ngay-gdkhq-tra-co-tuc-nam-2025-bang-tien-5-post392799.html
[2026-06-27 23:31:55] [TASK_2] [WARNING] Missing required fields in article: https://www.tinnhanhchungkhoan.vn/vnp-ngay-gdkhq-tra-co-tuc-nam-2025-bang-tien-8-post392802.html
[2026-06-27 23:31:55] [TASK_2] [WARNING] Missing required fields in article: https://www.tinnhanhchungkhoan.vn/ijc-ngay-gdkhq-tra-co-tuc-bang-tien-nam-2025-5-post392811.html
[2026-06-27 23:31:55] [TASK_2] [WARNING] Missing required fields in article: https://www.tinnhanhchungkhoan.vn/vpw-ngay-gdkhq-tra-co-tuc-nam-2025-bang-tien-202-post392781.html
[2026-06-27 23:31:55] [TASK_2] [WARNING] Missing required fields in article: https://www.tinnhanhchungkhoan.vn/ocb-ngay-gdkhq-nhan-co-phieu-tang-von-tu-nguon-von-chu-so-huu-10015-post392785.html
[2026-06-27 23:31:55] [TASK_2] [WARNING] Missing required fields in article: https://www.tinnhanhchungkhoan.vn/sed-ngay-gdkhq-tra-co-tuc-nam-2025-bang-tien-15-post392806.html
[2026-06-27 23:31:55] [TASK_2] [WARNING] Missing required fields in article: https://www.tinnhanhchungkhoan.vn/ads-ngay-gdkhq-tra-co-tuc-nam-2025-bang-tien-10-post392795.html
[2026-06-27 23:31:55] [TASK_2] [WARNING] Missing required fields in article: https://www.tinnhanhchungkhoan.vn/png-ngay-gdkhq-tra-co-tuc-nam-2025-bang-tien-10-post392803.html
[2026-06-27 23:31:55] [TASK_2] [WARNING] Missing required fields in article: https://www.tinnhanhchungkhoan.vn/clc-ngay-gdkhq-tra-co-tuc-dot-cuoi-nam-2025-bang-tien-25-post392805.html
[2026-06-27 23:31:55] [TASK_2] [WARNING] Missing required fields in article: https://www.tinnhanhchungkhoan.vn/tvt-ngay-gdkhq-tra-co-tuc-dot-cuoi-nam-2025-bang-tien-10-post392774.html
[2026-06-27 23:31:55] [TASK_2] [WARNING] Missing required fields in article: https://www.tinnhanhchungkhoan.vn/ibd-ngay-gdkhq-tra-co-tuc-nam-2025-bang-tien-5-post392777.html
[2026-06-27 23:31:55] [TASK_2] [WARNING] Missing required fields in article: https://www.tinnhanhchungkhoan.vn/adp-ngay-gdkhq-tra-co-tuc-dot-1-nam-2026-bang-tien-7-post392775.html
[2026-06-27 23:31:55] [TASK_2] [WARNING] Missing required fields in article: https://www.tinnhanhchungkhoan.vn/ctr-ngay-gdkhq-tra-co-tuc-nam-2025-bang-tien-15-va-co-phieu-10012-post392778.html
[2026-06-27 23:31:55] [TASK_2] [WARNING] Missing required fields in article: https://www.tinnhanhchungkhoan.vn/tmp-ngay-gdkhq-tra-co-tuc-con-lai-nam-2025-bang-tien-20-post392790.html
[2026-06-27 23:31:55] [TASK_2] [WARNING] Missing required fields in article: https://www.tinnhanhchungkhoan.vn/fhs-ngay-gdkhq-tam-ung-co-tuc-dot-1-nam-2026-bang-tien-8-va-co-phieu-tang-von-104-post392789.html
[2026-06-27 23:31:55] [TASK_2] [WARNING] Missing required fields in article: https://www.tinnhanhchungkhoan.vn/tku-ngay-gdkhq-tra-co-tuc-nam-2025-bang-tien-5-post392808.html
[2026-06-27 23:31:55] [TASK_2] [WARNING] Missing required fields in article: https://www.tinnhanhchungkhoan.vn/nth-ngay-gdkhq-tam-ung-co-tuc-lan-1-nam-2026-bang-tien-15-post392809.html
[2026-06-27 23:31:55] [TASK_2] [WARNING] Missing required fields in article: https://www.tinnhanhchungkhoan.vn/nbc-ngay-gdkhq-tra-co-tuc-nam-2025-bang-tien-6-post392783.html
[2026-06-27 23:31:56] [TASK_2] [WARNING] Request failed for https://tinnhanhchungkhoan.vn/tim-kiem/page/2/?q=VNM (attempt 1/3): 404 Client Error: Not Found for url: https://www.tinnhanhchungkhoan.vn/404
[2026-06-27 23:31:56] [TASK_2] [INFO] Retrying in 1s…
[2026-06-27 23:31:57] [TASK_2] [WARNING] Request failed for https://tinnhanhchungkhoan.vn/tim-kiem/page/2/?q=VNM (attempt 2/3): 404 Client Error: Not Found for url: https://www.tinnhanhchungkhoan.vn/404
[2026-06-27 23:31:57] [TASK_2] [INFO] Retrying in 2s…
[2026-06-27 23:31:59] [TASK_2] [WARNING] Request failed for https://tinnhanhchungkhoan.vn/tim-kiem/page/2/?q=VNM (attempt 3/3): 404 Client Error: Not Found for url: https://www.tinnhanhchungkhoan.vn/404
[2026-06-27 23:31:59] [TASK_2] [ERROR] All 3 attempts failed for https://tinnhanhchungkhoan.vn/tim-kiem/page/2/?q=VNM. Skipping.
[2026-06-27 23:31:59] [TASK_2] [WARNING] Failed to fetch TNCK search page 2 for query 'VNM'. Stopping pagination.
[2026-06-27 23:31:59] [TASK_2] [INFO] TNCK search 'VNM': 29 new articles
[2026-06-27 23:32:00] [TASK_2] [WARNING] Missing required fields in article: https://www.tinnhanhchungkhoan.vn/bao-dau-tu-so-49-50-post392804.html
[2026-06-27 23:32:00] [TASK_2] [WARNING] Missing required fields in article: https://www.tinnhanhchungkhoan.vn/vietnam-investment-review-so-1810-post392791.html
[2026-06-27 23:32:00] [TASK_2] [WARNING] Missing required fields in article: https://www.tinnhanhchungkhoan.vn/bao-dau-tu-chung-khoan-so-25-post392730.html
[2026-06-27 23:32:00] [TASK_2] [WARNING] Missing required fields in article: https://www.tinnhanhchungkhoan.vn/bhh-ngay-gdkhq-tra-co-tuc-nam-2025-bang-tien-7-post392773.html
[2026-06-27 23:32:00] [TASK_2] [WARNING] Missing required fields in article: https://www.tinnhanhchungkhoan.vn/cmd-ngay-gdkhq-tam-ung-co-tuc-dot-1-nam-2026-bang-tien-10-post392786.html
[2026-06-27 23:32:00] [TASK_2] [WARNING] Missing required fields in article: https://www.tinnhanhchungkhoan.vn/vbc-ngay-gdkhq-tra-co-tuc-nam-2025-bang-tien-18-post392792.html
[2026-06-27 23:32:00] [TASK_2] [WARNING] Missing required fields in article: https://www.tinnhanhchungkhoan.vn/ccl-ngay-gdkhq-tra-co-tuc-nam-2025-bang-co-phieu-101-post392793.html
[2026-06-27 23:32:00] [TASK_2] [WARNING] Missing required fields in article: https://www.tinnhanhchungkhoan.vn/htc-ngay-gdkhq-tam-ung-co-tuc-dot-1-nam-2026-bang-tien-3-post392798.html
[2026-06-27 23:32:00] [TASK_2] [WARNING] Missing required fields in article: https://www.tinnhanhchungkhoan.vn/khp-ngay-gdkhq-tra-co-tuc-nam-2025-bang-tien-5-post392799.html
[2026-06-27 23:32:00] [TASK_2] [WARNING] Missing required fields in article: https://www.tinnhanhchungkhoan.vn/vnp-ngay-gdkhq-tra-co-tuc-nam-2025-bang-tien-8-post392802.html
[2026-06-27 23:32:00] [TASK_2] [WARNING] Missing required fields in article: https://www.tinnhanhchungkhoan.vn/ijc-ngay-gdkhq-tra-co-tuc-bang-tien-nam-2025-5-post392811.html
[2026-06-27 23:32:00] [TASK_2] [WARNING] Missing required fields in article: https://www.tinnhanhchungkhoan.vn/vpw-ngay-gdkhq-tra-co-tuc-nam-2025-bang-tien-202-post392781.html
[2026-06-27 23:32:00] [TASK_2] [WARNING] Missing required fields in article: https://www.tinnhanhchungkhoan.vn/ocb-ngay-gdkhq-nhan-co-phieu-tang-von-tu-nguon-von-chu-so-huu-10015-post392785.html
[2026-06-27 23:32:00] [TASK_2] [WARNING] Missing required fields in article: https://www.tinnhanhchungkhoan.vn/sed-ngay-gdkhq-tra-co-tuc-nam-2025-bang-tien-15-post392806.html
[2026-06-27 23:32:00] [TASK_2] [WARNING] Missing required fields in article: https://www.tinnhanhchungkhoan.vn/ads-ngay-gdkhq-tra-co-tuc-nam-2025-bang-tien-10-post392795.html
[2026-06-27 23:32:00] [TASK_2] [WARNING] Missing required fields in article: https://www.tinnhanhchungkhoan.vn/png-ngay-gdkhq-tra-co-tuc-nam-2025-bang-tien-10-post392803.html
[2026-06-27 23:32:00] [TASK_2] [WARNING] Missing required fields in article: https://www.tinnhanhchungkhoan.vn/clc-ngay-gdkhq-tra-co-tuc-dot-cuoi-nam-2025-bang-tien-25-post392805.html
[2026-06-27 23:32:00] [TASK_2] [WARNING] Missing required fields in article: https://www.tinnhanhchungkhoan.vn/tvt-ngay-gdkhq-tra-co-tuc-dot-cuoi-nam-2025-bang-tien-10-post392774.html
[2026-06-27 23:32:00] [TASK_2] [WARNING] Missing required fields in article: https://www.tinnhanhchungkhoan.vn/ibd-ngay-gdkhq-tra-co-tuc-nam-2025-bang-tien-5-post392777.html
[2026-06-27 23:32:00] [TASK_2] [WARNING] Missing required fields in article: https://www.tinnhanhchungkhoan.vn/adp-ngay-gdkhq-tra-co-tuc-dot-1-nam-2026-bang-tien-7-post392775.html
[2026-06-27 23:32:00] [TASK_2] [WARNING] Missing required fields in article: https://www.tinnhanhchungkhoan.vn/ctr-ngay-gdkhq-tra-co-tuc-nam-2025-bang-tien-15-va-co-phieu-10012-post392778.html
[2026-06-27 23:32:00] [TASK_2] [WARNING] Missing required fields in article: https://www.tinnhanhchungkhoan.vn/tmp-ngay-gdkhq-tra-co-tuc-con-lai-nam-2025-bang-tien-20-post392790.html
[2026-06-27 23:32:00] [TASK_2] [WARNING] Missing required fields in article: https://www.tinnhanhchungkhoan.vn/fhs-ngay-gdkhq-tam-ung-co-tuc-dot-1-nam-2026-bang-tien-8-va-co-phieu-tang-von-104-post392789.html
[2026-06-27 23:32:00] [TASK_2] [WARNING] Missing required fields in article: https://www.tinnhanhchungkhoan.vn/tku-ngay-gdkhq-tra-co-tuc-nam-2025-bang-tien-5-post392808.html
[2026-06-27 23:32:00] [TASK_2] [WARNING] Missing required fields in article: https://www.tinnhanhchungkhoan.vn/nth-ngay-gdkhq-tam-ung-co-tuc-lan-1-nam-2026-bang-tien-15-post392809.html
[2026-06-27 23:32:00] [TASK_2] [WARNING] Missing required fields in article: https://www.tinnhanhchungkhoan.vn/nbc-ngay-gdkhq-tra-co-tuc-nam-2025-bang-tien-6-post392783.html
[2026-06-27 23:32:01] [TASK_2] [WARNING] Request failed for https://tinnhanhchungkhoan.vn/tim-kiem/page/2/?q=VPB (attempt 1/3): 404 Client Error: Not Found for url: https://www.tinnhanhchungkhoan.vn/404
[2026-06-27 23:32:01] [TASK_2] [INFO] Retrying in 1s…
[2026-06-27 23:32:02] [TASK_2] [WARNING] Request failed for https://tinnhanhchungkhoan.vn/tim-kiem/page/2/?q=VPB (attempt 2/3): 404 Client Error: Not Found for url: https://www.tinnhanhchungkhoan.vn/404
[2026-06-27 23:32:02] [TASK_2] [INFO] Retrying in 2s…
[2026-06-27 23:32:04] [TASK_2] [WARNING] Request failed for https://tinnhanhchungkhoan.vn/tim-kiem/page/2/?q=VPB (attempt 3/3): 404 Client Error: Not Found for url: https://www.tinnhanhchungkhoan.vn/404
[2026-06-27 23:32:04] [TASK_2] [ERROR] All 3 attempts failed for https://tinnhanhchungkhoan.vn/tim-kiem/page/2/?q=VPB. Skipping.
[2026-06-27 23:32:04] [TASK_2] [WARNING] Failed to fetch TNCK search page 2 for query 'VPB'. Stopping pagination.
[2026-06-27 23:32:04] [TASK_2] [INFO] TNCK search 'VPB': 30 new articles
[2026-06-27 23:32:05] [TASK_2] [WARNING] Missing required fields in article: https://www.tinnhanhchungkhoan.vn/bao-dau-tu-so-49-50-post392804.html
[2026-06-27 23:32:05] [TASK_2] [WARNING] Missing required fields in article: https://www.tinnhanhchungkhoan.vn/vietnam-investment-review-so-1810-post392791.html
[2026-06-27 23:32:05] [TASK_2] [WARNING] Missing required fields in article: https://www.tinnhanhchungkhoan.vn/bao-dau-tu-chung-khoan-so-25-post392730.html
[2026-06-27 23:32:05] [TASK_2] [WARNING] Missing required fields in article: https://www.tinnhanhchungkhoan.vn/bhh-ngay-gdkhq-tra-co-tuc-nam-2025-bang-tien-7-post392773.html
[2026-06-27 23:32:05] [TASK_2] [WARNING] Missing required fields in article: https://www.tinnhanhchungkhoan.vn/cmd-ngay-gdkhq-tam-ung-co-tuc-dot-1-nam-2026-bang-tien-10-post392786.html
[2026-06-27 23:32:05] [TASK_2] [WARNING] Missing required fields in article: https://www.tinnhanhchungkhoan.vn/vbc-ngay-gdkhq-tra-co-tuc-nam-2025-bang-tien-18-post392792.html
[2026-06-27 23:32:05] [TASK_2] [WARNING] Missing required fields in article: https://www.tinnhanhchungkhoan.vn/ccl-ngay-gdkhq-tra-co-tuc-nam-2025-bang-co-phieu-101-post392793.html
[2026-06-27 23:32:05] [TASK_2] [WARNING] Missing required fields in article: https://www.tinnhanhchungkhoan.vn/htc-ngay-gdkhq-tam-ung-co-tuc-dot-1-nam-2026-bang-tien-3-post392798.html
[2026-06-27 23:32:05] [TASK_2] [WARNING] Missing required fields in article: https://www.tinnhanhchungkhoan.vn/khp-ngay-gdkhq-tra-co-tuc-nam-2025-bang-tien-5-post392799.html
[2026-06-27 23:32:05] [TASK_2] [WARNING] Missing required fields in article: https://www.tinnhanhchungkhoan.vn/vnp-ngay-gdkhq-tra-co-tuc-nam-2025-bang-tien-8-post392802.html
[2026-06-27 23:32:05] [TASK_2] [WARNING] Missing required fields in article: https://www.tinnhanhchungkhoan.vn/ijc-ngay-gdkhq-tra-co-tuc-bang-tien-nam-2025-5-post392811.html
[2026-06-27 23:32:05] [TASK_2] [WARNING] Missing required fields in article: https://www.tinnhanhchungkhoan.vn/vpw-ngay-gdkhq-tra-co-tuc-nam-2025-bang-tien-202-post392781.html
[2026-06-27 23:32:05] [TASK_2] [WARNING] Missing required fields in article: https://www.tinnhanhchungkhoan.vn/ocb-ngay-gdkhq-nhan-co-phieu-tang-von-tu-nguon-von-chu-so-huu-10015-post392785.html
[2026-06-27 23:32:05] [TASK_2] [WARNING] Missing required fields in article: https://www.tinnhanhchungkhoan.vn/sed-ngay-gdkhq-tra-co-tuc-nam-2025-bang-tien-15-post392806.html
[2026-06-27 23:32:05] [TASK_2] [WARNING] Missing required fields in article: https://www.tinnhanhchungkhoan.vn/ads-ngay-gdkhq-tra-co-tuc-nam-2025-bang-tien-10-post392795.html
[2026-06-27 23:32:05] [TASK_2] [WARNING] Missing required fields in article: https://www.tinnhanhchungkhoan.vn/png-ngay-gdkhq-tra-co-tuc-nam-2025-bang-tien-10-post392803.html
[2026-06-27 23:32:05] [TASK_2] [WARNING] Missing required fields in article: https://www.tinnhanhchungkhoan.vn/clc-ngay-gdkhq-tra-co-tuc-dot-cuoi-nam-2025-bang-tien-25-post392805.html
[2026-06-27 23:32:05] [TASK_2] [WARNING] Missing required fields in article: https://www.tinnhanhchungkhoan.vn/tvt-ngay-gdkhq-tra-co-tuc-dot-cuoi-nam-2025-bang-tien-10-post392774.html
[2026-06-27 23:32:05] [TASK_2] [WARNING] Missing required fields in article: https://www.tinnhanhchungkhoan.vn/ibd-ngay-gdkhq-tra-co-tuc-nam-2025-bang-tien-5-post392777.html
[2026-06-27 23:32:05] [TASK_2] [WARNING] Missing required fields in article: https://www.tinnhanhchungkhoan.vn/adp-ngay-gdkhq-tra-co-tuc-dot-1-nam-2026-bang-tien-7-post392775.html
[2026-06-27 23:32:05] [TASK_2] [WARNING] Missing required fields in article: https://www.tinnhanhchungkhoan.vn/ctr-ngay-gdkhq-tra-co-tuc-nam-2025-bang-tien-15-va-co-phieu-10012-post392778.html
[2026-06-27 23:32:05] [TASK_2] [WARNING] Missing required fields in article: https://www.tinnhanhchungkhoan.vn/tmp-ngay-gdkhq-tra-co-tuc-con-lai-nam-2025-bang-tien-20-post392790.html
[2026-06-27 23:32:05] [TASK_2] [WARNING] Missing required fields in article: https://www.tinnhanhchungkhoan.vn/fhs-ngay-gdkhq-tam-ung-co-tuc-dot-1-nam-2026-bang-tien-8-va-co-phieu-tang-von-104-post392789.html
[2026-06-27 23:32:05] [TASK_2] [WARNING] Missing required fields in article: https://www.tinnhanhchungkhoan.vn/tku-ngay-gdkhq-tra-co-tuc-nam-2025-bang-tien-5-post392808.html
[2026-06-27 23:32:05] [TASK_2] [WARNING] Missing required fields in article: https://www.tinnhanhchungkhoan.vn/nth-ngay-gdkhq-tam-ung-co-tuc-lan-1-nam-2026-bang-tien-15-post392809.html
[2026-06-27 23:32:05] [TASK_2] [WARNING] Missing required fields in article: https://www.tinnhanhchungkhoan.vn/nbc-ngay-gdkhq-tra-co-tuc-nam-2025-bang-tien-6-post392783.html
[2026-06-27 23:32:06] [TASK_2] [WARNING] Request failed for https://tinnhanhchungkhoan.vn/tim-kiem/page/2/?q=VRE (attempt 1/3): 404 Client Error: Not Found for url: https://www.tinnhanhchungkhoan.vn/404
[2026-06-27 23:32:06] [TASK_2] [INFO] Retrying in 1s…
[2026-06-27 23:32:07] [TASK_2] [WARNING] Request failed for https://tinnhanhchungkhoan.vn/tim-kiem/page/2/?q=VRE (attempt 2/3): 404 Client Error: Not Found for url: https://www.tinnhanhchungkhoan.vn/404
[2026-06-27 23:32:07] [TASK_2] [INFO] Retrying in 2s…
[2026-06-27 23:32:10] [TASK_2] [WARNING] Request failed for https://tinnhanhchungkhoan.vn/tim-kiem/page/2/?q=VRE (attempt 3/3): 404 Client Error: Not Found for url: https://www.tinnhanhchungkhoan.vn/404
[2026-06-27 23:32:10] [TASK_2] [ERROR] All 3 attempts failed for https://tinnhanhchungkhoan.vn/tim-kiem/page/2/?q=VRE. Skipping.
[2026-06-27 23:32:10] [TASK_2] [WARNING] Failed to fetch TNCK search page 2 for query 'VRE'. Stopping pagination.
[2026-06-27 23:32:10] [TASK_2] [INFO] TNCK search 'VRE': 27 new articles
[2026-06-27 23:32:10] [TASK_2] [INFO] TNCK: scraping category pages…
[2026-06-27 23:32:11] [TASK_2] [WARNING] Missing required fields in article: https://vir.com.vn/us-giant-coherent-expands-business-in-vietnam-155424.html
[2026-06-27 23:32:11] [TASK_2] [WARNING] Missing required fields in article: https://vir.com.vn/scg-presents-low-carbon-cement-innovations-at-cemtech-asia-2026-in-net-zero-push-155471.html
[2026-06-27 23:32:11] [TASK_2] [WARNING] Missing required fields in article: https://vir.com.vn/msci-highlights-reform-gains-while-flagging-barriers-in-vietnams-stock-market-155141.html
[2026-06-27 23:32:11] [TASK_2] [WARNING] Missing required fields in article: https://vir.com.vn/sunasia-energy-vinenergo-launch-solar-on-water-portfolio-in-the-philippines-155322.html
[2026-06-27 23:32:11] [TASK_2] [WARNING] Missing required fields in article: https://vir.com.vn/vietnam-not-in-msci-upgrade-watchlist-despite-capital-market-progress-155395.html
[2026-06-27 23:32:11] [TASK_2] [WARNING] Missing required fields in article: https://vir.com.vn/vifc-set-to-raise-the-bar-for-ho-chi-minh-citys-office-market-155144.html
[2026-06-27 23:32:11] [TASK_2] [WARNING] Missing required fields in article: https://baodautu.vn/phat-hien-hon-2000-vu-co-dau-hieu-xam-pham-quyen-so-huu-tri-tue-sau-1-thang-cao-diem-d626183.html
[2026-06-27 23:32:11] [TASK_2] [WARNING] Missing required fields in article: https://baodautu.vn/khoi-to-3-doi-tuong-rua-tien-thue-cho-duong-day-lua-dao-d626143.html
[2026-06-27 23:32:11] [TASK_2] [WARNING] Missing required fields in article: https://baodautu.vn/hon-10000-tan-chan-ga-ban-tuon-ra-thi-truong-d623796.html
[2026-06-27 23:32:11] [TASK_2] [WARNING] Missing required fields in article: https://baodautu.vn/lan-toa-thong-diep-dia-ban-khong-ma-tuy-tai-vung-bien-d623098.html
[2026-06-27 23:32:11] [TASK_2] [WARNING] Missing required fields in article: https://baodautu.vn/danh-sach-doanh-nghiep-lien-quan-vu-an-mua-ban-chuyen-nhuong-ky-nghi-du-lich-d623034.html
[2026-06-27 23:32:11] [TASK_2] [WARNING] Missing required fields in article: https://www.tinnhanhchungkhoan.vn/nhung-diem-moi-dang-chu-y-tai-nghi-dinh-moi-ve-trai-phieu-doanh-nghiep-rieng-le-post392699.html
[2026-06-27 23:32:11] [TASK_2] [WARNING] Missing required fields in article: https://www.tinnhanhchungkhoan.vn/hnx-ky-ket-bien-ban-phoi-hop-hoan-thien-ha-tang-van-hanh-san-giao-dich-cac-bon-post392851.html
[2026-06-27 23:32:11] [TASK_2] [WARNING] Missing required fields in article: https://www.tinnhanhchungkhoan.vn/chung-khoan-hoa-de-goi-von-dau-tu-nha-cho-thue-post392457.html
[2026-06-27 23:32:11] [TASK_2] [WARNING] Missing required fields in article: https://www.tinnhanhchungkhoan.vn/bao-chi-va-du-lieu-minh-bach-nen-tang-cua-niem-tin-thi-truong-post392386.html
[2026-06-27 23:32:11] [TASK_2] [WARNING] Missing required fields in article: https://www.tinnhanhchungkhoan.vn/bao-chi-tai-chinh-va-su-menh-bao-ve-niem-tin-thi-truong-post392307.html
[2026-06-27 23:32:11] [TASK_2] [WARNING] Missing required fields in article: https://www.tinnhanhchungkhoan.vn/bao-dau-tu-so-49-50-post392804.html
[2026-06-27 23:32:11] [TASK_2] [WARNING] Missing required fields in article: https://www.tinnhanhchungkhoan.vn/vietnam-investment-review-so-1810-post392791.html
[2026-06-27 23:32:11] [TASK_2] [WARNING] Missing required fields in article: https://www.tinnhanhchungkhoan.vn/bao-dau-tu-chung-khoan-so-25-post392730.html
[2026-06-27 23:32:11] [TASK_2] [WARNING] Missing required fields in article: https://www.tinnhanhchungkhoan.vn/bhh-ngay-gdkhq-tra-co-tuc-nam-2025-bang-tien-7-post392773.html
[2026-06-27 23:32:11] [TASK_2] [WARNING] Missing required fields in article: https://www.tinnhanhchungkhoan.vn/cmd-ngay-gdkhq-tam-ung-co-tuc-dot-1-nam-2026-bang-tien-10-post392786.html
[2026-06-27 23:32:11] [TASK_2] [WARNING] Missing required fields in article: https://www.tinnhanhchungkhoan.vn/vbc-ngay-gdkhq-tra-co-tuc-nam-2025-bang-tien-18-post392792.html
[2026-06-27 23:32:11] [TASK_2] [WARNING] Missing required fields in article: https://www.tinnhanhchungkhoan.vn/ccl-ngay-gdkhq-tra-co-tuc-nam-2025-bang-co-phieu-101-post392793.html
[2026-06-27 23:32:11] [TASK_2] [WARNING] Missing required fields in article: https://www.tinnhanhchungkhoan.vn/htc-ngay-gdkhq-tam-ung-co-tuc-dot-1-nam-2026-bang-tien-3-post392798.html
[2026-06-27 23:32:11] [TASK_2] [WARNING] Missing required fields in article: https://www.tinnhanhchungkhoan.vn/khp-ngay-gdkhq-tra-co-tuc-nam-2025-bang-tien-5-post392799.html
[2026-06-27 23:32:11] [TASK_2] [WARNING] Missing required fields in article: https://www.tinnhanhchungkhoan.vn/vnp-ngay-gdkhq-tra-co-tuc-nam-2025-bang-tien-8-post392802.html
[2026-06-27 23:32:11] [TASK_2] [WARNING] Missing required fields in article: https://www.tinnhanhchungkhoan.vn/ijc-ngay-gdkhq-tra-co-tuc-bang-tien-nam-2025-5-post392811.html
[2026-06-27 23:32:11] [TASK_2] [WARNING] Missing required fields in article: https://www.tinnhanhchungkhoan.vn/vpw-ngay-gdkhq-tra-co-tuc-nam-2025-bang-tien-202-post392781.html
[2026-06-27 23:32:11] [TASK_2] [WARNING] Missing required fields in article: https://www.tinnhanhchungkhoan.vn/ocb-ngay-gdkhq-nhan-co-phieu-tang-von-tu-nguon-von-chu-so-huu-10015-post392785.html
[2026-06-27 23:32:11] [TASK_2] [WARNING] Missing required fields in article: https://www.tinnhanhchungkhoan.vn/sed-ngay-gdkhq-tra-co-tuc-nam-2025-bang-tien-15-post392806.html
[2026-06-27 23:32:11] [TASK_2] [WARNING] Missing required fields in article: https://www.tinnhanhchungkhoan.vn/ads-ngay-gdkhq-tra-co-tuc-nam-2025-bang-tien-10-post392795.html
[2026-06-27 23:32:11] [TASK_2] [WARNING] Missing required fields in article: https://www.tinnhanhchungkhoan.vn/png-ngay-gdkhq-tra-co-tuc-nam-2025-bang-tien-10-post392803.html
[2026-06-27 23:32:11] [TASK_2] [WARNING] Missing required fields in article: https://www.tinnhanhchungkhoan.vn/clc-ngay-gdkhq-tra-co-tuc-dot-cuoi-nam-2025-bang-tien-25-post392805.html
[2026-06-27 23:32:11] [TASK_2] [WARNING] Missing required fields in article: https://www.tinnhanhchungkhoan.vn/tvt-ngay-gdkhq-tra-co-tuc-dot-cuoi-nam-2025-bang-tien-10-post392774.html
[2026-06-27 23:32:11] [TASK_2] [WARNING] Missing required fields in article: https://www.tinnhanhchungkhoan.vn/ibd-ngay-gdkhq-tra-co-tuc-nam-2025-bang-tien-5-post392777.html
[2026-06-27 23:32:11] [TASK_2] [WARNING] Missing required fields in article: https://www.tinnhanhchungkhoan.vn/adp-ngay-gdkhq-tra-co-tuc-dot-1-nam-2026-bang-tien-7-post392775.html
[2026-06-27 23:32:11] [TASK_2] [WARNING] Missing required fields in article: https://www.tinnhanhchungkhoan.vn/ctr-ngay-gdkhq-tra-co-tuc-nam-2025-bang-tien-15-va-co-phieu-10012-post392778.html
[2026-06-27 23:32:11] [TASK_2] [WARNING] Missing required fields in article: https://www.tinnhanhchungkhoan.vn/tmp-ngay-gdkhq-tra-co-tuc-con-lai-nam-2025-bang-tien-20-post392790.html
[2026-06-27 23:32:11] [TASK_2] [WARNING] Missing required fields in article: https://www.tinnhanhchungkhoan.vn/fhs-ngay-gdkhq-tam-ung-co-tuc-dot-1-nam-2026-bang-tien-8-va-co-phieu-tang-von-104-post392789.html
[2026-06-27 23:32:11] [TASK_2] [WARNING] Missing required fields in article: https://www.tinnhanhchungkhoan.vn/tku-ngay-gdkhq-tra-co-tuc-nam-2025-bang-tien-5-post392808.html
[2026-06-27 23:32:11] [TASK_2] [WARNING] Missing required fields in article: https://www.tinnhanhchungkhoan.vn/nth-ngay-gdkhq-tam-ung-co-tuc-lan-1-nam-2026-bang-tien-15-post392809.html
[2026-06-27 23:32:11] [TASK_2] [WARNING] Missing required fields in article: https://www.tinnhanhchungkhoan.vn/nbc-ngay-gdkhq-tra-co-tuc-nam-2025-bang-tien-6-post392783.html
[2026-06-27 23:32:12] [TASK_2] [WARNING] Request failed for https://tinnhanhchungkhoan.vn/chung-khoan/page/2/ (attempt 1/3): 404 Client Error: Not Found for url: https://www.tinnhanhchungkhoan.vn/404
[2026-06-27 23:32:12] [TASK_2] [INFO] Retrying in 1s…
[2026-06-27 23:32:13] [TASK_2] [WARNING] Request failed for https://tinnhanhchungkhoan.vn/chung-khoan/page/2/ (attempt 2/3): 404 Client Error: Not Found for url: https://www.tinnhanhchungkhoan.vn/404
[2026-06-27 23:32:13] [TASK_2] [INFO] Retrying in 2s…
[2026-06-27 23:32:15] [TASK_2] [WARNING] Request failed for https://tinnhanhchungkhoan.vn/chung-khoan/page/2/ (attempt 3/3): 404 Client Error: Not Found for url: https://www.tinnhanhchungkhoan.vn/404
[2026-06-27 23:32:15] [TASK_2] [ERROR] All 3 attempts failed for https://tinnhanhchungkhoan.vn/chung-khoan/page/2/. Skipping.
[2026-06-27 23:32:15] [TASK_2] [WARNING] Failed to fetch TNCK category page 2: https://tinnhanhchungkhoan.vn/chung-khoan/page/2/. Stopping pagination.
[2026-06-27 23:32:15] [TASK_2] [INFO] TNCK category 'chung-khoan': 43 new articles
[2026-06-27 23:32:16] [TASK_2] [WARNING] Missing required fields in article: https://vir.com.vn/us-giant-coherent-expands-business-in-vietnam-155424.html
[2026-06-27 23:32:16] [TASK_2] [WARNING] Missing required fields in article: https://vir.com.vn/scg-presents-low-carbon-cement-innovations-at-cemtech-asia-2026-in-net-zero-push-155471.html
[2026-06-27 23:32:16] [TASK_2] [WARNING] Missing required fields in article: https://vir.com.vn/msci-highlights-reform-gains-while-flagging-barriers-in-vietnams-stock-market-155141.html
[2026-06-27 23:32:16] [TASK_2] [WARNING] Missing required fields in article: https://vir.com.vn/sunasia-energy-vinenergo-launch-solar-on-water-portfolio-in-the-philippines-155322.html
[2026-06-27 23:32:16] [TASK_2] [WARNING] Missing required fields in article: https://vir.com.vn/vietnam-not-in-msci-upgrade-watchlist-despite-capital-market-progress-155395.html
[2026-06-27 23:32:16] [TASK_2] [WARNING] Missing required fields in article: https://vir.com.vn/vifc-set-to-raise-the-bar-for-ho-chi-minh-citys-office-market-155144.html
[2026-06-27 23:32:16] [TASK_2] [WARNING] Missing required fields in article: https://baodautu.vn/phat-hien-hon-2000-vu-co-dau-hieu-xam-pham-quyen-so-huu-tri-tue-sau-1-thang-cao-diem-d626183.html
[2026-06-27 23:32:16] [TASK_2] [WARNING] Missing required fields in article: https://baodautu.vn/khoi-to-3-doi-tuong-rua-tien-thue-cho-duong-day-lua-dao-d626143.html
[2026-06-27 23:32:16] [TASK_2] [WARNING] Missing required fields in article: https://baodautu.vn/hon-10000-tan-chan-ga-ban-tuon-ra-thi-truong-d623796.html
[2026-06-27 23:32:16] [TASK_2] [WARNING] Missing required fields in article: https://baodautu.vn/lan-toa-thong-diep-dia-ban-khong-ma-tuy-tai-vung-bien-d623098.html
[2026-06-27 23:32:16] [TASK_2] [WARNING] Missing required fields in article: https://baodautu.vn/danh-sach-doanh-nghiep-lien-quan-vu-an-mua-ban-chuyen-nhuong-ky-nghi-du-lich-d623034.html
[2026-06-27 23:32:16] [TASK_2] [WARNING] Missing required fields in article: https://www.tinnhanhchungkhoan.vn/bao-dau-tu-so-49-50-post392804.html
[2026-06-27 23:32:16] [TASK_2] [WARNING] Missing required fields in article: https://www.tinnhanhchungkhoan.vn/vietnam-investment-review-so-1810-post392791.html
[2026-06-27 23:32:16] [TASK_2] [WARNING] Missing required fields in article: https://www.tinnhanhchungkhoan.vn/bao-dau-tu-chung-khoan-so-25-post392730.html
[2026-06-27 23:32:16] [TASK_2] [WARNING] Missing required fields in article: https://www.tinnhanhchungkhoan.vn/bhh-ngay-gdkhq-tra-co-tuc-nam-2025-bang-tien-7-post392773.html
[2026-06-27 23:32:16] [TASK_2] [WARNING] Missing required fields in article: https://www.tinnhanhchungkhoan.vn/cmd-ngay-gdkhq-tam-ung-co-tuc-dot-1-nam-2026-bang-tien-10-post392786.html
[2026-06-27 23:32:16] [TASK_2] [WARNING] Missing required fields in article: https://www.tinnhanhchungkhoan.vn/vbc-ngay-gdkhq-tra-co-tuc-nam-2025-bang-tien-18-post392792.html
[2026-06-27 23:32:16] [TASK_2] [WARNING] Missing required fields in article: https://www.tinnhanhchungkhoan.vn/ccl-ngay-gdkhq-tra-co-tuc-nam-2025-bang-co-phieu-101-post392793.html
[2026-06-27 23:32:16] [TASK_2] [WARNING] Missing required fields in article: https://www.tinnhanhchungkhoan.vn/htc-ngay-gdkhq-tam-ung-co-tuc-dot-1-nam-2026-bang-tien-3-post392798.html
[2026-06-27 23:32:16] [TASK_2] [WARNING] Missing required fields in article: https://www.tinnhanhchungkhoan.vn/khp-ngay-gdkhq-tra-co-tuc-nam-2025-bang-tien-5-post392799.html
[2026-06-27 23:32:16] [TASK_2] [WARNING] Missing required fields in article: https://www.tinnhanhchungkhoan.vn/vnp-ngay-gdkhq-tra-co-tuc-nam-2025-bang-tien-8-post392802.html
[2026-06-27 23:32:16] [TASK_2] [WARNING] Missing required fields in article: https://www.tinnhanhchungkhoan.vn/ijc-ngay-gdkhq-tra-co-tuc-bang-tien-nam-2025-5-post392811.html
[2026-06-27 23:32:16] [TASK_2] [WARNING] Missing required fields in article: https://www.tinnhanhchungkhoan.vn/vpw-ngay-gdkhq-tra-co-tuc-nam-2025-bang-tien-202-post392781.html
[2026-06-27 23:32:16] [TASK_2] [WARNING] Missing required fields in article: https://www.tinnhanhchungkhoan.vn/ocb-ngay-gdkhq-nhan-co-phieu-tang-von-tu-nguon-von-chu-so-huu-10015-post392785.html
[2026-06-27 23:32:16] [TASK_2] [WARNING] Missing required fields in article: https://www.tinnhanhchungkhoan.vn/sed-ngay-gdkhq-tra-co-tuc-nam-2025-bang-tien-15-post392806.html
[2026-06-27 23:32:16] [TASK_2] [WARNING] Missing required fields in article: https://www.tinnhanhchungkhoan.vn/ads-ngay-gdkhq-tra-co-tuc-nam-2025-bang-tien-10-post392795.html
[2026-06-27 23:32:16] [TASK_2] [WARNING] Missing required fields in article: https://www.tinnhanhchungkhoan.vn/png-ngay-gdkhq-tra-co-tuc-nam-2025-bang-tien-10-post392803.html
[2026-06-27 23:32:16] [TASK_2] [WARNING] Missing required fields in article: https://www.tinnhanhchungkhoan.vn/clc-ngay-gdkhq-tra-co-tuc-dot-cuoi-nam-2025-bang-tien-25-post392805.html
[2026-06-27 23:32:16] [TASK_2] [WARNING] Missing required fields in article: https://www.tinnhanhchungkhoan.vn/tvt-ngay-gdkhq-tra-co-tuc-dot-cuoi-nam-2025-bang-tien-10-post392774.html
[2026-06-27 23:32:16] [TASK_2] [WARNING] Missing required fields in article: https://www.tinnhanhchungkhoan.vn/ibd-ngay-gdkhq-tra-co-tuc-nam-2025-bang-tien-5-post392777.html
[2026-06-27 23:32:16] [TASK_2] [WARNING] Missing required fields in article: https://www.tinnhanhchungkhoan.vn/adp-ngay-gdkhq-tra-co-tuc-dot-1-nam-2026-bang-tien-7-post392775.html
[2026-06-27 23:32:16] [TASK_2] [WARNING] Missing required fields in article: https://www.tinnhanhchungkhoan.vn/ctr-ngay-gdkhq-tra-co-tuc-nam-2025-bang-tien-15-va-co-phieu-10012-post392778.html
[2026-06-27 23:32:16] [TASK_2] [WARNING] Missing required fields in article: https://www.tinnhanhchungkhoan.vn/tmp-ngay-gdkhq-tra-co-tuc-con-lai-nam-2025-bang-tien-20-post392790.html
[2026-06-27 23:32:16] [TASK_2] [WARNING] Missing required fields in article: https://www.tinnhanhchungkhoan.vn/fhs-ngay-gdkhq-tam-ung-co-tuc-dot-1-nam-2026-bang-tien-8-va-co-phieu-tang-von-104-post392789.html
[2026-06-27 23:32:16] [TASK_2] [WARNING] Missing required fields in article: https://www.tinnhanhchungkhoan.vn/tku-ngay-gdkhq-tra-co-tuc-nam-2025-bang-tien-5-post392808.html
[2026-06-27 23:32:16] [TASK_2] [WARNING] Missing required fields in article: https://www.tinnhanhchungkhoan.vn/nth-ngay-gdkhq-tam-ung-co-tuc-lan-1-nam-2026-bang-tien-15-post392809.html
[2026-06-27 23:32:16] [TASK_2] [WARNING] Missing required fields in article: https://www.tinnhanhchungkhoan.vn/nbc-ngay-gdkhq-tra-co-tuc-nam-2025-bang-tien-6-post392783.html
[2026-06-27 23:32:17] [TASK_2] [WARNING] Request failed for https://tinnhanhchungkhoan.vn/doanh-nghiep/page/2/ (attempt 1/3): 404 Client Error: Not Found for url: https://www.tinnhanhchungkhoan.vn/404
[2026-06-27 23:32:17] [TASK_2] [INFO] Retrying in 1s…
[2026-06-27 23:32:18] [TASK_2] [WARNING] Request failed for https://tinnhanhchungkhoan.vn/doanh-nghiep/page/2/ (attempt 2/3): 404 Client Error: Not Found for url: https://www.tinnhanhchungkhoan.vn/404
[2026-06-27 23:32:18] [TASK_2] [INFO] Retrying in 2s…
[2026-06-27 23:32:20] [TASK_2] [WARNING] Request failed for https://tinnhanhchungkhoan.vn/doanh-nghiep/page/2/ (attempt 3/3): 404 Client Error: Not Found for url: https://www.tinnhanhchungkhoan.vn/404
[2026-06-27 23:32:20] [TASK_2] [ERROR] All 3 attempts failed for https://tinnhanhchungkhoan.vn/doanh-nghiep/page/2/. Skipping.
[2026-06-27 23:32:20] [TASK_2] [WARNING] Failed to fetch TNCK category page 2: https://tinnhanhchungkhoan.vn/doanh-nghiep/page/2/. Stopping pagination.
[2026-06-27 23:32:20] [TASK_2] [INFO] TNCK category 'doanh-nghiep': 44 new articles
[2026-06-27 23:32:21] [TASK_2] [WARNING] Missing required fields in article: https://vir.com.vn/us-giant-coherent-expands-business-in-vietnam-155424.html
[2026-06-27 23:32:21] [TASK_2] [WARNING] Missing required fields in article: https://vir.com.vn/scg-presents-low-carbon-cement-innovations-at-cemtech-asia-2026-in-net-zero-push-155471.html
[2026-06-27 23:32:21] [TASK_2] [WARNING] Missing required fields in article: https://vir.com.vn/msci-highlights-reform-gains-while-flagging-barriers-in-vietnams-stock-market-155141.html
[2026-06-27 23:32:21] [TASK_2] [WARNING] Missing required fields in article: https://vir.com.vn/sunasia-energy-vinenergo-launch-solar-on-water-portfolio-in-the-philippines-155322.html
[2026-06-27 23:32:21] [TASK_2] [WARNING] Missing required fields in article: https://vir.com.vn/vietnam-not-in-msci-upgrade-watchlist-despite-capital-market-progress-155395.html
[2026-06-27 23:32:21] [TASK_2] [WARNING] Missing required fields in article: https://vir.com.vn/vifc-set-to-raise-the-bar-for-ho-chi-minh-citys-office-market-155144.html
[2026-06-27 23:32:21] [TASK_2] [WARNING] Missing required fields in article: https://baodautu.vn/phat-hien-hon-2000-vu-co-dau-hieu-xam-pham-quyen-so-huu-tri-tue-sau-1-thang-cao-diem-d626183.html
[2026-06-27 23:32:21] [TASK_2] [WARNING] Missing required fields in article: https://baodautu.vn/khoi-to-3-doi-tuong-rua-tien-thue-cho-duong-day-lua-dao-d626143.html
[2026-06-27 23:32:21] [TASK_2] [WARNING] Missing required fields in article: https://baodautu.vn/hon-10000-tan-chan-ga-ban-tuon-ra-thi-truong-d623796.html
[2026-06-27 23:32:21] [TASK_2] [WARNING] Missing required fields in article: https://baodautu.vn/lan-toa-thong-diep-dia-ban-khong-ma-tuy-tai-vung-bien-d623098.html
[2026-06-27 23:32:21] [TASK_2] [WARNING] Missing required fields in article: https://baodautu.vn/danh-sach-doanh-nghiep-lien-quan-vu-an-mua-ban-chuyen-nhuong-ky-nghi-du-lich-d623034.html
[2026-06-27 23:32:21] [TASK_2] [WARNING] Missing required fields in article: https://www.tinnhanhchungkhoan.vn/sua-quy-dinh-ve-dia-ban-hoat-dong-hai-quan-de-dap-ung-yeu-cau-quan-ly-moi-post392978.html
[2026-06-27 23:32:21] [TASK_2] [WARNING] Missing required fields in article: https://www.tinnhanhchungkhoan.vn/hai-quan-viet-nam-hoa-ky-hop-tac-chia-se-du-lieu-dien-tu-hang-hoa-post392979.html
[2026-06-27 23:32:21] [TASK_2] [WARNING] Missing required fields in article: https://www.tinnhanhchungkhoan.vn/thue-mo-duong-cho-thi-truong-tai-san-ma-hoa-post392745.html
[2026-06-27 23:32:21] [TASK_2] [WARNING] Missing required fields in article: https://www.tinnhanhchungkhoan.vn/gia-vang-hom-nay-ngay-276-vang-tang-vot-15-trieu-dongluong-post393032.html
[2026-06-27 23:32:21] [TASK_2] [WARNING] Missing required fields in article: https://www.tinnhanhchungkhoan.vn/nhung-luc-do-cho-tien-dong-post392756.html
[2026-06-27 23:32:21] [TASK_2] [WARNING] Missing required fields in article: https://www.tinnhanhchungkhoan.vn/gia-vang-hom-nay-ngay-266-vang-hoi-phuc-sau-4-phien-ban-thao-post393001.html
[2026-06-27 23:32:21] [TASK_2] [WARNING] Missing required fields in article: https://www.tinnhanhchungkhoan.vn/dong-von-bao-hiem-tu-dam-bao-an-sinh-xa-hoi-den-gop-phan-tang-truong-gdp-post392966.html
[2026-06-27 23:32:21] [TASK_2] [WARNING] Missing required fields in article: https://www.tinnhanhchungkhoan.vn/doanh-thu-phi-bao-hiem-phi-nhan-tho-tang-truong-hon-15-trong-5-thang-dau-nam-2026-post392956.html
[2026-06-27 23:32:21] [TASK_2] [WARNING] Missing required fields in article: https://www.tinnhanhchungkhoan.vn/bic-bao-hiem-toan-dien-cho-tai-san-va-doi-ngu-nhan-su-cua-innovation-tuong-lai-viet-nam-post392915.html
[2026-06-27 23:32:21] [TASK_2] [WARNING] Missing required fields in article: https://www.tinnhanhchungkhoan.vn/tang-luong-co-so-len-2530000-dongthang-tu-172026-post390592.html
[2026-06-27 23:32:21] [TASK_2] [WARNING] Missing required fields in article: https://www.tinnhanhchungkhoan.vn/bo-noi-vu-ly-giai-phuong-an-tang-luong-huu-45-cong-200000-dong-tu-17-post387052.html
[2026-06-27 23:32:21] [TASK_2] [WARNING] Missing required fields in article: https://www.tinnhanhchungkhoan.vn/de-xuat-tang-luong-huu-tu-17-theo-huong-uu-tien-nguoi-huong-thap-post386996.html
[2026-06-27 23:32:21] [TASK_2] [WARNING] Missing required fields in article: https://www.tinnhanhchungkhoan.vn/tai-chinh-toan-dien-sang-trang-moi-post392757.html
[2026-06-27 23:32:21] [TASK_2] [WARNING] Missing required fields in article: https://www.tinnhanhchungkhoan.vn/tin-dung-tieu-dung-thich-nghi-voi-khau-vi-moi-post392554.html
[2026-06-27 23:32:21] [TASK_2] [WARNING] Missing required fields in article: https://www.tinnhanhchungkhoan.vn/ngan-hang-bo-loc-esg-cua-nen-kinh-te-post392100.html
[2026-06-27 23:32:21] [TASK_2] [WARNING] Missing required fields in article: https://www.tinnhanhchungkhoan.vn/khi-dich-vu-tai-chinh-hoa-cung-nghe-thuat-va-phong-cach-song-post392469.html
[2026-06-27 23:32:21] [TASK_2] [WARNING] Missing required fields in article: https://www.tinnhanhchungkhoan.vn/bao-dau-tu-so-49-50-post392804.html
[2026-06-27 23:32:21] [TASK_2] [WARNING] Missing required fields in article: https://www.tinnhanhchungkhoan.vn/vietnam-investment-review-so-1810-post392791.html
[2026-06-27 23:32:21] [TASK_2] [WARNING] Missing required fields in article: https://www.tinnhanhchungkhoan.vn/bao-dau-tu-chung-khoan-so-25-post392730.html
[2026-06-27 23:32:21] [TASK_2] [WARNING] Missing required fields in article: https://www.tinnhanhchungkhoan.vn/bhh-ngay-gdkhq-tra-co-tuc-nam-2025-bang-tien-7-post392773.html
[2026-06-27 23:32:21] [TASK_2] [WARNING] Missing required fields in article: https://www.tinnhanhchungkhoan.vn/cmd-ngay-gdkhq-tam-ung-co-tuc-dot-1-nam-2026-bang-tien-10-post392786.html
[2026-06-27 23:32:21] [TASK_2] [WARNING] Missing required fields in article: https://www.tinnhanhchungkhoan.vn/vbc-ngay-gdkhq-tra-co-tuc-nam-2025-bang-tien-18-post392792.html
[2026-06-27 23:32:21] [TASK_2] [WARNING] Missing required fields in article: https://www.tinnhanhchungkhoan.vn/ccl-ngay-gdkhq-tra-co-tuc-nam-2025-bang-co-phieu-101-post392793.html
[2026-06-27 23:32:21] [TASK_2] [WARNING] Missing required fields in article: https://www.tinnhanhchungkhoan.vn/htc-ngay-gdkhq-tam-ung-co-tuc-dot-1-nam-2026-bang-tien-3-post392798.html
[2026-06-27 23:32:21] [TASK_2] [WARNING] Missing required fields in article: https://www.tinnhanhchungkhoan.vn/khp-ngay-gdkhq-tra-co-tuc-nam-2025-bang-tien-5-post392799.html
[2026-06-27 23:32:21] [TASK_2] [WARNING] Missing required fields in article: https://www.tinnhanhchungkhoan.vn/vnp-ngay-gdkhq-tra-co-tuc-nam-2025-bang-tien-8-post392802.html
[2026-06-27 23:32:21] [TASK_2] [WARNING] Missing required fields in article: https://www.tinnhanhchungkhoan.vn/ijc-ngay-gdkhq-tra-co-tuc-bang-tien-nam-2025-5-post392811.html
[2026-06-27 23:32:21] [TASK_2] [WARNING] Missing required fields in article: https://www.tinnhanhchungkhoan.vn/vpw-ngay-gdkhq-tra-co-tuc-nam-2025-bang-tien-202-post392781.html
[2026-06-27 23:32:21] [TASK_2] [WARNING] Missing required fields in article: https://www.tinnhanhchungkhoan.vn/ocb-ngay-gdkhq-nhan-co-phieu-tang-von-tu-nguon-von-chu-so-huu-10015-post392785.html
[2026-06-27 23:32:21] [TASK_2] [WARNING] Missing required fields in article: https://www.tinnhanhchungkhoan.vn/sed-ngay-gdkhq-tra-co-tuc-nam-2025-bang-tien-15-post392806.html
[2026-06-27 23:32:21] [TASK_2] [WARNING] Missing required fields in article: https://www.tinnhanhchungkhoan.vn/ads-ngay-gdkhq-tra-co-tuc-nam-2025-bang-tien-10-post392795.html
[2026-06-27 23:32:21] [TASK_2] [WARNING] Missing required fields in article: https://www.tinnhanhchungkhoan.vn/png-ngay-gdkhq-tra-co-tuc-nam-2025-bang-tien-10-post392803.html
[2026-06-27 23:32:21] [TASK_2] [WARNING] Missing required fields in article: https://www.tinnhanhchungkhoan.vn/clc-ngay-gdkhq-tra-co-tuc-dot-cuoi-nam-2025-bang-tien-25-post392805.html
[2026-06-27 23:32:21] [TASK_2] [WARNING] Missing required fields in article: https://www.tinnhanhchungkhoan.vn/tvt-ngay-gdkhq-tra-co-tuc-dot-cuoi-nam-2025-bang-tien-10-post392774.html
[2026-06-27 23:32:21] [TASK_2] [WARNING] Missing required fields in article: https://www.tinnhanhchungkhoan.vn/ibd-ngay-gdkhq-tra-co-tuc-nam-2025-bang-tien-5-post392777.html
[2026-06-27 23:32:21] [TASK_2] [WARNING] Missing required fields in article: https://www.tinnhanhchungkhoan.vn/adp-ngay-gdkhq-tra-co-tuc-dot-1-nam-2026-bang-tien-7-post392775.html
[2026-06-27 23:32:21] [TASK_2] [WARNING] Missing required fields in article: https://www.tinnhanhchungkhoan.vn/ctr-ngay-gdkhq-tra-co-tuc-nam-2025-bang-tien-15-va-co-phieu-10012-post392778.html
[2026-06-27 23:32:21] [TASK_2] [WARNING] Missing required fields in article: https://www.tinnhanhchungkhoan.vn/tmp-ngay-gdkhq-tra-co-tuc-con-lai-nam-2025-bang-tien-20-post392790.html
[2026-06-27 23:32:21] [TASK_2] [WARNING] Missing required fields in article: https://www.tinnhanhchungkhoan.vn/fhs-ngay-gdkhq-tam-ung-co-tuc-dot-1-nam-2026-bang-tien-8-va-co-phieu-tang-von-104-post392789.html
[2026-06-27 23:32:21] [TASK_2] [WARNING] Missing required fields in article: https://www.tinnhanhchungkhoan.vn/tku-ngay-gdkhq-tra-co-tuc-nam-2025-bang-tien-5-post392808.html
[2026-06-27 23:32:21] [TASK_2] [WARNING] Missing required fields in article: https://www.tinnhanhchungkhoan.vn/nth-ngay-gdkhq-tam-ung-co-tuc-lan-1-nam-2026-bang-tien-15-post392809.html
[2026-06-27 23:32:21] [TASK_2] [WARNING] Missing required fields in article: https://www.tinnhanhchungkhoan.vn/nbc-ngay-gdkhq-tra-co-tuc-nam-2025-bang-tien-6-post392783.html
[2026-06-27 23:32:22] [TASK_2] [WARNING] Request failed for https://tinnhanhchungkhoan.vn/ngan-hang/page/2/ (attempt 1/3): 404 Client Error: Not Found for url: https://www.tinnhanhchungkhoan.vn/404
[2026-06-27 23:32:22] [TASK_2] [INFO] Retrying in 1s…
[2026-06-27 23:32:23] [TASK_2] [WARNING] Request failed for https://tinnhanhchungkhoan.vn/ngan-hang/page/2/ (attempt 2/3): 404 Client Error: Not Found for url: https://www.tinnhanhchungkhoan.vn/404
[2026-06-27 23:32:23] [TASK_2] [INFO] Retrying in 2s…
[2026-06-27 23:32:25] [TASK_2] [WARNING] Request failed for https://tinnhanhchungkhoan.vn/ngan-hang/page/2/ (attempt 3/3): 404 Client Error: Not Found for url: https://www.tinnhanhchungkhoan.vn/404
[2026-06-27 23:32:25] [TASK_2] [ERROR] All 3 attempts failed for https://tinnhanhchungkhoan.vn/ngan-hang/page/2/. Skipping.
[2026-06-27 23:32:25] [TASK_2] [WARNING] Failed to fetch TNCK category page 2: https://tinnhanhchungkhoan.vn/ngan-hang/page/2/. Stopping pagination.
[2026-06-27 23:32:25] [TASK_2] [INFO] TNCK category 'ngan-hang': 41 new articles
[2026-06-27 23:32:26] [TASK_2] [WARNING] Missing required fields in article: https://vir.com.vn/us-giant-coherent-expands-business-in-vietnam-155424.html
[2026-06-27 23:32:26] [TASK_2] [WARNING] Missing required fields in article: https://vir.com.vn/scg-presents-low-carbon-cement-innovations-at-cemtech-asia-2026-in-net-zero-push-155471.html
[2026-06-27 23:32:26] [TASK_2] [WARNING] Missing required fields in article: https://vir.com.vn/msci-highlights-reform-gains-while-flagging-barriers-in-vietnams-stock-market-155141.html
[2026-06-27 23:32:26] [TASK_2] [WARNING] Missing required fields in article: https://vir.com.vn/sunasia-energy-vinenergo-launch-solar-on-water-portfolio-in-the-philippines-155322.html
[2026-06-27 23:32:26] [TASK_2] [WARNING] Missing required fields in article: https://vir.com.vn/vietnam-not-in-msci-upgrade-watchlist-despite-capital-market-progress-155395.html
[2026-06-27 23:32:26] [TASK_2] [WARNING] Missing required fields in article: https://vir.com.vn/vifc-set-to-raise-the-bar-for-ho-chi-minh-citys-office-market-155144.html
[2026-06-27 23:32:26] [TASK_2] [WARNING] Missing required fields in article: https://baodautu.vn/phat-hien-hon-2000-vu-co-dau-hieu-xam-pham-quyen-so-huu-tri-tue-sau-1-thang-cao-diem-d626183.html
[2026-06-27 23:32:26] [TASK_2] [WARNING] Missing required fields in article: https://baodautu.vn/khoi-to-3-doi-tuong-rua-tien-thue-cho-duong-day-lua-dao-d626143.html
[2026-06-27 23:32:26] [TASK_2] [WARNING] Missing required fields in article: https://baodautu.vn/hon-10000-tan-chan-ga-ban-tuon-ra-thi-truong-d623796.html
[2026-06-27 23:32:26] [TASK_2] [WARNING] Missing required fields in article: https://baodautu.vn/lan-toa-thong-diep-dia-ban-khong-ma-tuy-tai-vung-bien-d623098.html
[2026-06-27 23:32:26] [TASK_2] [WARNING] Missing required fields in article: https://baodautu.vn/danh-sach-doanh-nghiep-lien-quan-vu-an-mua-ban-chuyen-nhuong-ky-nghi-du-lich-d623034.html
[2026-06-27 23:32:26] [TASK_2] [WARNING] Missing required fields in article: https://www.tinnhanhchungkhoan.vn/bao-dau-tu-so-49-50-post392804.html
[2026-06-27 23:32:26] [TASK_2] [WARNING] Missing required fields in article: https://www.tinnhanhchungkhoan.vn/vietnam-investment-review-so-1810-post392791.html
[2026-06-27 23:32:26] [TASK_2] [WARNING] Missing required fields in article: https://www.tinnhanhchungkhoan.vn/bao-dau-tu-chung-khoan-so-25-post392730.html
[2026-06-27 23:32:26] [TASK_2] [WARNING] Missing required fields in article: https://www.tinnhanhchungkhoan.vn/bhh-ngay-gdkhq-tra-co-tuc-nam-2025-bang-tien-7-post392773.html
[2026-06-27 23:32:26] [TASK_2] [WARNING] Missing required fields in article: https://www.tinnhanhchungkhoan.vn/cmd-ngay-gdkhq-tam-ung-co-tuc-dot-1-nam-2026-bang-tien-10-post392786.html
[2026-06-27 23:32:26] [TASK_2] [WARNING] Missing required fields in article: https://www.tinnhanhchungkhoan.vn/vbc-ngay-gdkhq-tra-co-tuc-nam-2025-bang-tien-18-post392792.html
[2026-06-27 23:32:26] [TASK_2] [WARNING] Missing required fields in article: https://www.tinnhanhchungkhoan.vn/ccl-ngay-gdkhq-tra-co-tuc-nam-2025-bang-co-phieu-101-post392793.html
[2026-06-27 23:32:26] [TASK_2] [WARNING] Missing required fields in article: https://www.tinnhanhchungkhoan.vn/htc-ngay-gdkhq-tam-ung-co-tuc-dot-1-nam-2026-bang-tien-3-post392798.html
[2026-06-27 23:32:26] [TASK_2] [WARNING] Missing required fields in article: https://www.tinnhanhchungkhoan.vn/khp-ngay-gdkhq-tra-co-tuc-nam-2025-bang-tien-5-post392799.html
[2026-06-27 23:32:26] [TASK_2] [WARNING] Missing required fields in article: https://www.tinnhanhchungkhoan.vn/vnp-ngay-gdkhq-tra-co-tuc-nam-2025-bang-tien-8-post392802.html
[2026-06-27 23:32:26] [TASK_2] [WARNING] Missing required fields in article: https://www.tinnhanhchungkhoan.vn/ijc-ngay-gdkhq-tra-co-tuc-bang-tien-nam-2025-5-post392811.html
[2026-06-27 23:32:26] [TASK_2] [WARNING] Missing required fields in article: https://www.tinnhanhchungkhoan.vn/vpw-ngay-gdkhq-tra-co-tuc-nam-2025-bang-tien-202-post392781.html
[2026-06-27 23:32:26] [TASK_2] [WARNING] Missing required fields in article: https://www.tinnhanhchungkhoan.vn/ocb-ngay-gdkhq-nhan-co-phieu-tang-von-tu-nguon-von-chu-so-huu-10015-post392785.html
[2026-06-27 23:32:26] [TASK_2] [WARNING] Missing required fields in article: https://www.tinnhanhchungkhoan.vn/sed-ngay-gdkhq-tra-co-tuc-nam-2025-bang-tien-15-post392806.html
[2026-06-27 23:32:26] [TASK_2] [WARNING] Missing required fields in article: https://www.tinnhanhchungkhoan.vn/ads-ngay-gdkhq-tra-co-tuc-nam-2025-bang-tien-10-post392795.html
[2026-06-27 23:32:26] [TASK_2] [WARNING] Missing required fields in article: https://www.tinnhanhchungkhoan.vn/png-ngay-gdkhq-tra-co-tuc-nam-2025-bang-tien-10-post392803.html
[2026-06-27 23:32:26] [TASK_2] [WARNING] Missing required fields in article: https://www.tinnhanhchungkhoan.vn/clc-ngay-gdkhq-tra-co-tuc-dot-cuoi-nam-2025-bang-tien-25-post392805.html
[2026-06-27 23:32:26] [TASK_2] [WARNING] Missing required fields in article: https://www.tinnhanhchungkhoan.vn/tvt-ngay-gdkhq-tra-co-tuc-dot-cuoi-nam-2025-bang-tien-10-post392774.html
[2026-06-27 23:32:26] [TASK_2] [WARNING] Missing required fields in article: https://www.tinnhanhchungkhoan.vn/ibd-ngay-gdkhq-tra-co-tuc-nam-2025-bang-tien-5-post392777.html
[2026-06-27 23:32:26] [TASK_2] [WARNING] Missing required fields in article: https://www.tinnhanhchungkhoan.vn/adp-ngay-gdkhq-tra-co-tuc-dot-1-nam-2026-bang-tien-7-post392775.html
[2026-06-27 23:32:26] [TASK_2] [WARNING] Missing required fields in article: https://www.tinnhanhchungkhoan.vn/ctr-ngay-gdkhq-tra-co-tuc-nam-2025-bang-tien-15-va-co-phieu-10012-post392778.html
[2026-06-27 23:32:26] [TASK_2] [WARNING] Missing required fields in article: https://www.tinnhanhchungkhoan.vn/tmp-ngay-gdkhq-tra-co-tuc-con-lai-nam-2025-bang-tien-20-post392790.html
[2026-06-27 23:32:26] [TASK_2] [WARNING] Missing required fields in article: https://www.tinnhanhchungkhoan.vn/fhs-ngay-gdkhq-tam-ung-co-tuc-dot-1-nam-2026-bang-tien-8-va-co-phieu-tang-von-104-post392789.html
[2026-06-27 23:32:26] [TASK_2] [WARNING] Missing required fields in article: https://www.tinnhanhchungkhoan.vn/tku-ngay-gdkhq-tra-co-tuc-nam-2025-bang-tien-5-post392808.html
[2026-06-27 23:32:26] [TASK_2] [WARNING] Missing required fields in article: https://www.tinnhanhchungkhoan.vn/nth-ngay-gdkhq-tam-ung-co-tuc-lan-1-nam-2026-bang-tien-15-post392809.html
[2026-06-27 23:32:26] [TASK_2] [WARNING] Missing required fields in article: https://www.tinnhanhchungkhoan.vn/nbc-ngay-gdkhq-tra-co-tuc-nam-2025-bang-tien-6-post392783.html
[2026-06-27 23:32:27] [TASK_2] [WARNING] Request failed for https://tinnhanhchungkhoan.vn/bat-dong-san/page/2/ (attempt 1/3): 404 Client Error: Not Found for url: https://www.tinnhanhchungkhoan.vn/404
[2026-06-27 23:32:27] [TASK_2] [INFO] Retrying in 1s…
[2026-06-27 23:32:28] [TASK_2] [WARNING] Request failed for https://tinnhanhchungkhoan.vn/bat-dong-san/page/2/ (attempt 2/3): 404 Client Error: Not Found for url: https://www.tinnhanhchungkhoan.vn/404
[2026-06-27 23:32:28] [TASK_2] [INFO] Retrying in 2s…
[2026-06-27 23:32:31] [TASK_2] [WARNING] Request failed for https://tinnhanhchungkhoan.vn/bat-dong-san/page/2/ (attempt 3/3): 404 Client Error: Not Found for url: https://www.tinnhanhchungkhoan.vn/404
[2026-06-27 23:32:31] [TASK_2] [ERROR] All 3 attempts failed for https://tinnhanhchungkhoan.vn/bat-dong-san/page/2/. Skipping.
[2026-06-27 23:32:31] [TASK_2] [WARNING] Failed to fetch TNCK category page 2: https://tinnhanhchungkhoan.vn/bat-dong-san/page/2/. Stopping pagination.
[2026-06-27 23:32:31] [TASK_2] [INFO] TNCK category 'bat-dong-san': 48 new articles
[2026-06-27 23:32:32] [TASK_2] [WARNING] Missing required fields in article: https://vir.com.vn/us-giant-coherent-expands-business-in-vietnam-155424.html
[2026-06-27 23:32:32] [TASK_2] [WARNING] Missing required fields in article: https://vir.com.vn/scg-presents-low-carbon-cement-innovations-at-cemtech-asia-2026-in-net-zero-push-155471.html
[2026-06-27 23:32:32] [TASK_2] [WARNING] Missing required fields in article: https://vir.com.vn/msci-highlights-reform-gains-while-flagging-barriers-in-vietnams-stock-market-155141.html
[2026-06-27 23:32:32] [TASK_2] [WARNING] Missing required fields in article: https://vir.com.vn/sunasia-energy-vinenergo-launch-solar-on-water-portfolio-in-the-philippines-155322.html
[2026-06-27 23:32:32] [TASK_2] [WARNING] Missing required fields in article: https://vir.com.vn/vietnam-not-in-msci-upgrade-watchlist-despite-capital-market-progress-155395.html
[2026-06-27 23:32:32] [TASK_2] [WARNING] Missing required fields in article: https://vir.com.vn/vifc-set-to-raise-the-bar-for-ho-chi-minh-citys-office-market-155144.html
[2026-06-27 23:32:32] [TASK_2] [WARNING] Missing required fields in article: https://baodautu.vn/phat-hien-hon-2000-vu-co-dau-hieu-xam-pham-quyen-so-huu-tri-tue-sau-1-thang-cao-diem-d626183.html
[2026-06-27 23:32:32] [TASK_2] [WARNING] Missing required fields in article: https://baodautu.vn/khoi-to-3-doi-tuong-rua-tien-thue-cho-duong-day-lua-dao-d626143.html
[2026-06-27 23:32:32] [TASK_2] [WARNING] Missing required fields in article: https://baodautu.vn/hon-10000-tan-chan-ga-ban-tuon-ra-thi-truong-d623796.html
[2026-06-27 23:32:32] [TASK_2] [WARNING] Missing required fields in article: https://baodautu.vn/lan-toa-thong-diep-dia-ban-khong-ma-tuy-tai-vung-bien-d623098.html
[2026-06-27 23:32:32] [TASK_2] [WARNING] Missing required fields in article: https://baodautu.vn/danh-sach-doanh-nghiep-lien-quan-vu-an-mua-ban-chuyen-nhuong-ky-nghi-du-lich-d623034.html
[2026-06-27 23:32:32] [TASK_2] [WARNING] Missing required fields in article: https://www.tinnhanhchungkhoan.vn/sua-quy-dinh-ve-dia-ban-hoat-dong-hai-quan-de-dap-ung-yeu-cau-quan-ly-moi-post392978.html
[2026-06-27 23:32:32] [TASK_2] [WARNING] Missing required fields in article: https://www.tinnhanhchungkhoan.vn/thue-mo-duong-cho-thi-truong-tai-san-ma-hoa-post392745.html
[2026-06-27 23:32:32] [TASK_2] [WARNING] Missing required fields in article: https://www.tinnhanhchungkhoan.vn/nhung-luc-do-cho-tien-dong-post392756.html
[2026-06-27 23:32:32] [TASK_2] [WARNING] Missing required fields in article: https://www.tinnhanhchungkhoan.vn/tang-luong-co-so-len-2530000-dongthang-tu-172026-post390592.html
[2026-06-27 23:32:32] [TASK_2] [WARNING] Missing required fields in article: https://www.tinnhanhchungkhoan.vn/bo-noi-vu-ly-giai-phuong-an-tang-luong-huu-45-cong-200000-dong-tu-17-post387052.html
[2026-06-27 23:32:32] [TASK_2] [WARNING] Missing required fields in article: https://www.tinnhanhchungkhoan.vn/de-xuat-tang-luong-huu-tu-17-theo-huong-uu-tien-nguoi-huong-thap-post386996.html
[2026-06-27 23:32:32] [TASK_2] [WARNING] Missing required fields in article: https://www.tinnhanhchungkhoan.vn/khi-dich-vu-tai-chinh-hoa-cung-nghe-thuat-va-phong-cach-song-post392469.html
[2026-06-27 23:32:32] [TASK_2] [WARNING] Missing required fields in article: https://www.tinnhanhchungkhoan.vn/bao-dau-tu-so-49-50-post392804.html
[2026-06-27 23:32:32] [TASK_2] [WARNING] Missing required fields in article: https://www.tinnhanhchungkhoan.vn/vietnam-investment-review-so-1810-post392791.html
[2026-06-27 23:32:32] [TASK_2] [WARNING] Missing required fields in article: https://www.tinnhanhchungkhoan.vn/bao-dau-tu-chung-khoan-so-25-post392730.html
[2026-06-27 23:32:32] [TASK_2] [WARNING] Missing required fields in article: https://www.tinnhanhchungkhoan.vn/bhh-ngay-gdkhq-tra-co-tuc-nam-2025-bang-tien-7-post392773.html
[2026-06-27 23:32:32] [TASK_2] [WARNING] Missing required fields in article: https://www.tinnhanhchungkhoan.vn/cmd-ngay-gdkhq-tam-ung-co-tuc-dot-1-nam-2026-bang-tien-10-post392786.html
[2026-06-27 23:32:32] [TASK_2] [WARNING] Missing required fields in article: https://www.tinnhanhchungkhoan.vn/vbc-ngay-gdkhq-tra-co-tuc-nam-2025-bang-tien-18-post392792.html
[2026-06-27 23:32:32] [TASK_2] [WARNING] Missing required fields in article: https://www.tinnhanhchungkhoan.vn/ccl-ngay-gdkhq-tra-co-tuc-nam-2025-bang-co-phieu-101-post392793.html
[2026-06-27 23:32:32] [TASK_2] [WARNING] Missing required fields in article: https://www.tinnhanhchungkhoan.vn/htc-ngay-gdkhq-tam-ung-co-tuc-dot-1-nam-2026-bang-tien-3-post392798.html
[2026-06-27 23:32:32] [TASK_2] [WARNING] Missing required fields in article: https://www.tinnhanhchungkhoan.vn/khp-ngay-gdkhq-tra-co-tuc-nam-2025-bang-tien-5-post392799.html
[2026-06-27 23:32:32] [TASK_2] [WARNING] Missing required fields in article: https://www.tinnhanhchungkhoan.vn/vnp-ngay-gdkhq-tra-co-tuc-nam-2025-bang-tien-8-post392802.html
[2026-06-27 23:32:32] [TASK_2] [WARNING] Missing required fields in article: https://www.tinnhanhchungkhoan.vn/ijc-ngay-gdkhq-tra-co-tuc-bang-tien-nam-2025-5-post392811.html
[2026-06-27 23:32:32] [TASK_2] [WARNING] Missing required fields in article: https://www.tinnhanhchungkhoan.vn/vpw-ngay-gdkhq-tra-co-tuc-nam-2025-bang-tien-202-post392781.html
[2026-06-27 23:32:32] [TASK_2] [WARNING] Missing required fields in article: https://www.tinnhanhchungkhoan.vn/ocb-ngay-gdkhq-nhan-co-phieu-tang-von-tu-nguon-von-chu-so-huu-10015-post392785.html
[2026-06-27 23:32:32] [TASK_2] [WARNING] Missing required fields in article: https://www.tinnhanhchungkhoan.vn/sed-ngay-gdkhq-tra-co-tuc-nam-2025-bang-tien-15-post392806.html
[2026-06-27 23:32:32] [TASK_2] [WARNING] Missing required fields in article: https://www.tinnhanhchungkhoan.vn/ads-ngay-gdkhq-tra-co-tuc-nam-2025-bang-tien-10-post392795.html
[2026-06-27 23:32:32] [TASK_2] [WARNING] Missing required fields in article: https://www.tinnhanhchungkhoan.vn/png-ngay-gdkhq-tra-co-tuc-nam-2025-bang-tien-10-post392803.html
[2026-06-27 23:32:32] [TASK_2] [WARNING] Missing required fields in article: https://www.tinnhanhchungkhoan.vn/clc-ngay-gdkhq-tra-co-tuc-dot-cuoi-nam-2025-bang-tien-25-post392805.html
[2026-06-27 23:32:32] [TASK_2] [WARNING] Missing required fields in article: https://www.tinnhanhchungkhoan.vn/tvt-ngay-gdkhq-tra-co-tuc-dot-cuoi-nam-2025-bang-tien-10-post392774.html
[2026-06-27 23:32:32] [TASK_2] [WARNING] Missing required fields in article: https://www.tinnhanhchungkhoan.vn/ibd-ngay-gdkhq-tra-co-tuc-nam-2025-bang-tien-5-post392777.html
[2026-06-27 23:32:32] [TASK_2] [WARNING] Missing required fields in article: https://www.tinnhanhchungkhoan.vn/adp-ngay-gdkhq-tra-co-tuc-dot-1-nam-2026-bang-tien-7-post392775.html
[2026-06-27 23:32:32] [TASK_2] [WARNING] Missing required fields in article: https://www.tinnhanhchungkhoan.vn/ctr-ngay-gdkhq-tra-co-tuc-nam-2025-bang-tien-15-va-co-phieu-10012-post392778.html
[2026-06-27 23:32:32] [TASK_2] [WARNING] Missing required fields in article: https://www.tinnhanhchungkhoan.vn/tmp-ngay-gdkhq-tra-co-tuc-con-lai-nam-2025-bang-tien-20-post392790.html
[2026-06-27 23:32:32] [TASK_2] [WARNING] Missing required fields in article: https://www.tinnhanhchungkhoan.vn/fhs-ngay-gdkhq-tam-ung-co-tuc-dot-1-nam-2026-bang-tien-8-va-co-phieu-tang-von-104-post392789.html
[2026-06-27 23:32:32] [TASK_2] [WARNING] Missing required fields in article: https://www.tinnhanhchungkhoan.vn/tku-ngay-gdkhq-tra-co-tuc-nam-2025-bang-tien-5-post392808.html
[2026-06-27 23:32:32] [TASK_2] [WARNING] Missing required fields in article: https://www.tinnhanhchungkhoan.vn/nth-ngay-gdkhq-tam-ung-co-tuc-lan-1-nam-2026-bang-tien-15-post392809.html
[2026-06-27 23:32:32] [TASK_2] [WARNING] Missing required fields in article: https://www.tinnhanhchungkhoan.vn/nbc-ngay-gdkhq-tra-co-tuc-nam-2025-bang-tien-6-post392783.html
[2026-06-27 23:32:33] [TASK_2] [WARNING] Request failed for https://tinnhanhchungkhoan.vn/tai-chinh/page/2/ (attempt 1/3): 404 Client Error: Not Found for url: https://www.tinnhanhchungkhoan.vn/404
[2026-06-27 23:32:33] [TASK_2] [INFO] Retrying in 1s…
[2026-06-27 23:32:34] [TASK_2] [WARNING] Request failed for https://tinnhanhchungkhoan.vn/tai-chinh/page/2/ (attempt 2/3): 404 Client Error: Not Found for url: https://www.tinnhanhchungkhoan.vn/404
[2026-06-27 23:32:34] [TASK_2] [INFO] Retrying in 2s…
[2026-06-27 23:32:36] [TASK_2] [WARNING] Request failed for https://tinnhanhchungkhoan.vn/tai-chinh/page/2/ (attempt 3/3): 404 Client Error: Not Found for url: https://www.tinnhanhchungkhoan.vn/404
[2026-06-27 23:32:36] [TASK_2] [ERROR] All 3 attempts failed for https://tinnhanhchungkhoan.vn/tai-chinh/page/2/. Skipping.
[2026-06-27 23:32:36] [TASK_2] [WARNING] Failed to fetch TNCK category page 2: https://tinnhanhchungkhoan.vn/tai-chinh/page/2/. Stopping pagination.
[2026-06-27 23:32:36] [TASK_2] [INFO] TNCK category 'tai-chinh': 37 new articles
[2026-06-27 23:32:36] [TASK_2] [INFO] TNCK: collected 1326 total articles
[2026-06-27 23:32:36] [TASK_2] [INFO] ============================================================
[2026-06-27 23:32:36] [TASK_2] [INFO] TNCK MONTHLY ARTICLE COUNT REPORT
[2026-06-27 23:32:36] [TASK_2] [INFO] ============================================================
[2026-06-27 23:32:36] [TASK_2] [INFO]   2024-04: 1 articles
[2026-06-27 23:32:36] [TASK_2] [INFO]   2024-06: 3 articles
[2026-06-27 23:32:36] [TASK_2] [INFO]   2024-07: 1 articles
[2026-06-27 23:32:36] [TASK_2] [INFO]   2024-08: 10 articles
[2026-06-27 23:32:36] [TASK_2] [INFO]   2024-09: 6 articles
[2026-06-27 23:32:36] [TASK_2] [INFO]   2024-10: 16 articles
[2026-06-27 23:32:36] [TASK_2] [INFO]   2024-11: 23 articles
[2026-06-27 23:32:36] [TASK_2] [INFO]   2024-12: 31 articles
[2026-06-27 23:32:36] [TASK_2] [INFO]   2025-01: 16 articles
[2026-06-27 23:32:36] [TASK_2] [INFO]   2025-02: 30 articles
[2026-06-27 23:32:36] [TASK_2] [INFO]   2025-03: 42 articles
[2026-06-27 23:32:36] [TASK_2] [INFO]   2025-04: 46 articles
[2026-06-27 23:32:36] [TASK_2] [INFO]   2025-05: 32 articles
[2026-06-27 23:32:36] [TASK_2] [INFO]   2025-06: 32 articles
[2026-06-27 23:32:36] [TASK_2] [INFO]   2025-07: 50 articles
[2026-06-27 23:32:36] [TASK_2] [INFO]   2025-08: 46 articles
[2026-06-27 23:32:36] [TASK_2] [INFO]   2025-09: 42 articles
[2026-06-27 23:32:36] [TASK_2] [INFO]   2025-10: 77 articles
[2026-06-27 23:32:36] [TASK_2] [INFO]   2025-11: 56 articles
[2026-06-27 23:32:36] [TASK_2] [INFO]   2025-12: 75 articles
[2026-06-27 23:32:36] [TASK_2] [INFO]   2026-01: 76 articles
[2026-06-27 23:32:36] [TASK_2] [INFO]   2026-02: 54 articles
[2026-06-27 23:32:36] [TASK_2] [INFO]   2026-03: 78 articles
[2026-06-27 23:32:36] [TASK_2] [INFO]   2026-04: 103 articles
[2026-06-27 23:32:36] [TASK_2] [INFO]   2026-05: 73 articles
[2026-06-27 23:32:36] [TASK_2] [INFO]   2026-06: 307 articles
[2026-06-27 23:32:36] [TASK_2] [INFO] ------------------------------------------------------------
[2026-06-27 23:32:36] [TASK_2] [INFO] Total: 1326 articles across 26 months
[2026-06-27 23:32:36] [TASK_2] [INFO] Average: 51.0 articles/month
[2026-06-27 23:32:36] [TASK_2] [INFO] ============================================================
[2026-06-27 23:32:36] [TASK_2] [INFO] ============================================================
[2026-06-27 23:32:36] [TASK_2] [INFO] SCRAPING REPORT — TNCK
[2026-06-27 23:32:36] [TASK_2] [INFO] ============================================================
[2026-06-27 23:32:36] [TASK_2] [INFO]   ALL   : 1326 articles (2024-04-26 to 2026-06-27)
[2026-06-27 23:32:36] [TASK_2] [INFO] ------------------------------------------------------------
[2026-06-27 23:32:36] [TASK_2] [INFO] Total articles from TNCK: 1326
[2026-06-27 23:32:36] [TASK_2] [INFO] ============================================================
[2026-06-27 23:32:36] [TASK_2] [INFO] ------------------------------------------------------------
[2026-06-27 23:32:36] [TASK_2] [INFO] END TASK_2 — completed in 206.8 seconds
[2026-06-27 23:32:36] [TASK_2] [INFO] ============================================================
[2026-06-27 23:44:07] [TASK_2] [INFO] ============================================================
[2026-06-27 23:44:07] [TASK_2] [INFO] START TASK_2: News Scraping (CafeF, Vietstock, TNCK)
[2026-06-27 23:44:07] [TASK_2] [INFO] Timestamp: 2026-06-27T23:44:07.621022
[2026-06-27 23:44:07] [TASK_2] [INFO] ============================================================
[2026-06-27 23:44:07] [TASK_2] [INFO] ------------------------------------------------------------
[2026-06-27 23:44:07] [TASK_2] [INFO] END TASK_2 — completed in 0.0 seconds
[2026-06-27 23:44:07] [TASK_2] [INFO] ============================================================
[2026-06-27 23:44:07] [TASK_2] [INFO] ============================================================
[2026-06-27 23:44:07] [TASK_2] [INFO] START TASK_2: News Scraping (CafeF, Vietstock, TNCK)
[2026-06-27 23:44:07] [TASK_2] [INFO] Timestamp: 2026-06-27T23:44:07.662969
[2026-06-27 23:44:07] [TASK_2] [INFO] ============================================================
[2026-06-27 23:44:07] [TASK_2] [INFO] ------------------------------------------------------------
[2026-06-27 23:44:07] [TASK_2] [INFO] END TASK_2 — completed in 0.0 seconds
[2026-06-27 23:44:07] [TASK_2] [INFO] ============================================================
[2026-06-27 23:44:19] [TASK_2] [WARNING] Request failed for https://cafef.vn/test (attempt 1/3): Connection refused
[2026-06-27 23:44:19] [TASK_2] [INFO] Retrying in 1s…
[2026-06-27 23:44:19] [TASK_2] [WARNING] Request failed for https://cafef.vn/test (attempt 2/3): Connection refused
[2026-06-27 23:44:19] [TASK_2] [INFO] Retrying in 2s…
[2026-06-27 23:44:19] [TASK_2] [WARNING] Request failed for https://cafef.vn/test (attempt 3/3): Connection refused
[2026-06-27 23:44:19] [TASK_2] [ERROR] All 3 attempts failed for https://cafef.vn/test. Skipping.
[2026-06-27 23:44:19] [TASK_2] [WARNING] Request failed for https://cafef.vn/test (attempt 1/3): timeout
[2026-06-27 23:44:19] [TASK_2] [INFO] Retrying in 1s…
[2026-06-27 23:44:19] [TASK_2] [WARNING] Request failed for https://cafef.vn/test (attempt 1/3): 503 Service Unavailable
[2026-06-27 23:44:19] [TASK_2] [INFO] Retrying in 1s…
[2026-06-27 23:44:19] [TASK_2] [WARNING] Request failed for https://cafef.vn/test (attempt 2/3): 503 Service Unavailable
[2026-06-27 23:44:19] [TASK_2] [INFO] Retrying in 2s…
[2026-06-27 23:44:19] [TASK_2] [WARNING] Request failed for https://cafef.vn/test (attempt 3/3): 503 Service Unavailable
[2026-06-27 23:44:19] [TASK_2] [ERROR] All 3 attempts failed for https://cafef.vn/test. Skipping.
[2026-06-27 23:44:19] [TASK_2] [WARNING] Missing required fields in article: https://cafef.vn/test.chn
[2026-06-27 23:44:19] [TASK_2] [WARNING] Missing required fields in article: ?
[2026-06-27 23:44:19] [TASK_2] [WARNING] Missing required fields in article: https://cafef.vn/test.chn
[2026-06-27 23:44:19] [TASK_2] [INFO] Saved 1 rows to C:\Users\User\AppData\Local\Temp\pytest-of-User\pytest-118\test_writes_csv_correctly0\output.csv
[2026-06-27 23:44:19] [TASK_2] [INFO] Saved 1 rows to C:\Users\User\AppData\Local\Temp\pytest-of-User\pytest-118\test_no_temp_file_left_behind0\output.csv
[2026-06-27 23:44:19] [TASK_2] [INFO] Saved 1 rows to C:\Users\User\AppData\Local\Temp\pytest-of-User\pytest-118\test_creates_parent_directorie0\sub\dir\output.csv
[2026-06-27 23:44:19] [TASK_2] [WARNING] Could not parse CafeF date: not a date
[2026-06-27 23:44:19] [TASK_2] [INFO] CafeF: collected 2 articles for VNM
[2026-06-27 23:44:19] [TASK_2] [INFO] CafeF: collected 0 articles for VNM
[2026-06-27 23:44:19] [TASK_2] [WARNING] Failed to fetch CafeF page 1 for VNM. Stopping pagination.
[2026-06-27 23:44:19] [TASK_2] [INFO] CafeF: collected 0 articles for VNM
[2026-06-27 23:44:19] [TASK_2] [INFO] CafeF: collected 1 articles for VNM
[2026-06-27 23:44:19] [TASK_2] [INFO] CafeF: collected 2 articles for FPT
[2026-06-27 23:44:19] [TASK_2] [WARNING] Failed to fetch CafeF page 1 for VNM. Stopping pagination.
[2026-06-27 23:44:19] [TASK_2] [INFO] CafeF: collected 0 articles for VNM
[2026-06-27 23:44:19] [TASK_2] [INFO] Scraping cafef for ticker=VNM from 2022-01-01 (existing URLs: 0)
[2026-06-27 23:44:19] [TASK_2] [WARNING] Could not parse Vietstock date: 2 giờ trước
[2026-06-27 23:44:19] [TASK_2] [INFO] Vietstock: login wall detected — collecting only publicly visible title and summary (Req 2.3).
[2026-06-27 23:44:19] [TASK_2] [INFO] Vietstock: collected 2 articles for VNM
[2026-06-27 23:44:19] [TASK_2] [INFO] Vietstock tag page yielded no articles for VNM. Trying finance sub-domain fallback.
[2026-06-27 23:44:19] [TASK_2] [INFO] Vietstock: collected 0 articles for VNM
[2026-06-27 23:44:19] [TASK_2] [WARNING] Failed to fetch Vietstock tag page 1 for VNM. Stopping pagination.
[2026-06-27 23:44:19] [TASK_2] [INFO] Vietstock tag page yielded no articles for VNM. Trying finance sub-domain fallback.
[2026-06-27 23:44:19] [TASK_2] [INFO] Vietstock: collected 0 articles for VNM
[2026-06-27 23:44:19] [TASK_2] [INFO] Vietstock: collected 1 articles for VNM
[2026-06-27 23:44:19] [TASK_2] [INFO] Vietstock tag page yielded no articles for FPT. Trying finance sub-domain fallback.
[2026-06-27 23:44:19] [TASK_2] [INFO] Vietstock: collected 1 articles for FPT
[2026-06-27 23:44:19] [TASK_2] [WARNING] Failed to fetch Vietstock tag page 1 for VNM. Stopping pagination.
[2026-06-27 23:44:19] [TASK_2] [INFO] Vietstock tag page yielded no articles for VNM. Trying finance sub-domain fallback.
[2026-06-27 23:44:19] [TASK_2] [INFO] Vietstock: collected 0 articles for VNM
[2026-06-27 23:44:19] [TASK_2] [INFO] Vietstock: collected 2 articles for FPT
[2026-06-27 23:44:19] [TASK_2] [INFO] Scraping vietstock for ticker=VNM from 2022-01-01 (existing URLs: 0)
[2026-06-27 23:44:19] [TASK_2] [WARNING] Could not parse TNCK date: 2 giờ trước
[2026-06-27 23:44:19] [TASK_2] [INFO] ============================================================
[2026-06-27 23:44:19] [TASK_2] [INFO] TNCK MONTHLY ARTICLE COUNT REPORT
[2026-06-27 23:44:19] [TASK_2] [INFO] ============================================================
[2026-06-27 23:44:19] [TASK_2] [INFO]   2024-01: 3 articles
[2026-06-27 23:44:19] [TASK_2] [INFO]   2024-02: 2 articles
[2026-06-27 23:44:19] [TASK_2] [INFO]   2024-03: 1 articles
[2026-06-27 23:44:19] [TASK_2] [INFO] ------------------------------------------------------------
[2026-06-27 23:44:19] [TASK_2] [INFO] Total: 6 articles across 3 months
[2026-06-27 23:44:19] [TASK_2] [INFO] Average: 2.0 articles/month
[2026-06-27 23:44:19] [TASK_2] [INFO] ============================================================
[2026-06-27 23:44:19] [TASK_2] [INFO] TNCK monthly report: no articles to report.
[2026-06-27 23:44:19] [TASK_2] [INFO] TNCK monthly report: no articles with valid dates.
[2026-06-27 23:44:19] [TASK_2] [INFO] TNCK: searching by VN30 ticker symbols…
[2026-06-27 23:44:19] [TASK_2] [INFO] TNCK search 'ACB': 1 new articles
[2026-06-27 23:44:19] [TASK_2] [INFO] TNCK: scraping category pages…
[2026-06-27 23:44:19] [TASK_2] [INFO] TNCK: collected 1 total articles
[2026-06-27 23:44:19] [TASK_2] [INFO] ============================================================
[2026-06-27 23:44:19] [TASK_2] [INFO] TNCK MONTHLY ARTICLE COUNT REPORT
[2026-06-27 23:44:19] [TASK_2] [INFO] ============================================================
[2026-06-27 23:44:19] [TASK_2] [INFO]   2024-01: 1 articles
[2026-06-27 23:44:19] [TASK_2] [INFO] ------------------------------------------------------------
[2026-06-27 23:44:19] [TASK_2] [INFO] Total: 1 articles across 1 months
[2026-06-27 23:44:19] [TASK_2] [INFO] Average: 1.0 articles/month
[2026-06-27 23:44:19] [TASK_2] [INFO] ============================================================
[2026-06-27 23:44:19] [TASK_2] [INFO] TNCK: searching by VN30 ticker symbols…
[2026-06-27 23:44:19] [TASK_2] [WARNING] Failed to fetch TNCK search page 1 for query 'ACB'. Stopping pagination.
[2026-06-27 23:44:19] [TASK_2] [WARNING] Failed to fetch TNCK search page 1 for query 'BCM'. Stopping pagination.
[2026-06-27 23:44:19] [TASK_2] [WARNING] Failed to fetch TNCK search page 1 for query 'BID'. Stopping pagination.
[2026-06-27 23:44:19] [TASK_2] [WARNING] Failed to fetch TNCK search page 1 for query 'BVH'. Stopping pagination.
[2026-06-27 23:44:19] [TASK_2] [WARNING] Failed to fetch TNCK search page 1 for query 'CTG'. Stopping pagination.
[2026-06-27 23:44:19] [TASK_2] [WARNING] Failed to fetch TNCK search page 1 for query 'FPT'. Stopping pagination.
[2026-06-27 23:44:19] [TASK_2] [WARNING] Failed to fetch TNCK search page 1 for query 'GAS'. Stopping pagination.
[2026-06-27 23:44:19] [TASK_2] [WARNING] Failed to fetch TNCK search page 1 for query 'GVR'. Stopping pagination.
[2026-06-27 23:44:19] [TASK_2] [WARNING] Failed to fetch TNCK search page 1 for query 'HDB'. Stopping pagination.
[2026-06-27 23:44:19] [TASK_2] [WARNING] Failed to fetch TNCK search page 1 for query 'HPG'. Stopping pagination.
[2026-06-27 23:44:19] [TASK_2] [WARNING] Failed to fetch TNCK search page 1 for query 'MBB'. Stopping pagination.
[2026-06-27 23:44:19] [TASK_2] [WARNING] Failed to fetch TNCK search page 1 for query 'MSN'. Stopping pagination.
[2026-06-27 23:44:19] [TASK_2] [WARNING] Failed to fetch TNCK search page 1 for query 'MWG'. Stopping pagination.
[2026-06-27 23:44:19] [TASK_2] [WARNING] Failed to fetch TNCK search page 1 for query 'PLX'. Stopping pagination.
[2026-06-27 23:44:19] [TASK_2] [WARNING] Failed to fetch TNCK search page 1 for query 'POW'. Stopping pagination.
[2026-06-27 23:44:19] [TASK_2] [WARNING] Failed to fetch TNCK search page 1 for query 'SAB'. Stopping pagination.
[2026-06-27 23:44:19] [TASK_2] [WARNING] Failed to fetch TNCK search page 1 for query 'SHB'. Stopping pagination.
[2026-06-27 23:44:19] [TASK_2] [WARNING] Failed to fetch TNCK search page 1 for query 'SSB'. Stopping pagination.
[2026-06-27 23:44:19] [TASK_2] [WARNING] Failed to fetch TNCK search page 1 for query 'SSI'. Stopping pagination.
[2026-06-27 23:44:19] [TASK_2] [WARNING] Failed to fetch TNCK search page 1 for query 'STB'. Stopping pagination.
[2026-06-27 23:44:19] [TASK_2] [WARNING] Failed to fetch TNCK search page 1 for query 'TCB'. Stopping pagination.
[2026-06-27 23:44:19] [TASK_2] [WARNING] Failed to fetch TNCK search page 1 for query 'TPB'. Stopping pagination.
[2026-06-27 23:44:19] [TASK_2] [WARNING] Failed to fetch TNCK search page 1 for query 'VCB'. Stopping pagination.
[2026-06-27 23:44:19] [TASK_2] [WARNING] Failed to fetch TNCK search page 1 for query 'VHM'. Stopping pagination.
[2026-06-27 23:44:19] [TASK_2] [WARNING] Failed to fetch TNCK search page 1 for query 'VIB'. Stopping pagination.
[2026-06-27 23:44:19] [TASK_2] [WARNING] Failed to fetch TNCK search page 1 for query 'VIC'. Stopping pagination.
[2026-06-27 23:44:19] [TASK_2] [WARNING] Failed to fetch TNCK search page 1 for query 'VJC'. Stopping pagination.
[2026-06-27 23:44:19] [TASK_2] [WARNING] Failed to fetch TNCK search page 1 for query 'VNM'. Stopping pagination.
[2026-06-27 23:44:19] [TASK_2] [WARNING] Failed to fetch TNCK search page 1 for query 'VPB'. Stopping pagination.
[2026-06-27 23:44:19] [TASK_2] [WARNING] Failed to fetch TNCK search page 1 for query 'VRE'. Stopping pagination.
[2026-06-27 23:44:19] [TASK_2] [INFO] TNCK: scraping category pages…
[2026-06-27 23:44:19] [TASK_2] [WARNING] Failed to fetch TNCK category page 1: https://tinnhanhchungkhoan.vn/chung-khoan/. Stopping pagination.
[2026-06-27 23:44:19] [TASK_2] [WARNING] Failed to fetch TNCK category page 1: https://tinnhanhchungkhoan.vn/doanh-nghiep/. Stopping pagination.
[2026-06-27 23:44:19] [TASK_2] [WARNING] Failed to fetch TNCK category page 1: https://tinnhanhchungkhoan.vn/ngan-hang/. Stopping pagination.
[2026-06-27 23:44:19] [TASK_2] [WARNING] Failed to fetch TNCK category page 1: https://tinnhanhchungkhoan.vn/bat-dong-san/. Stopping pagination.
[2026-06-27 23:44:19] [TASK_2] [WARNING] Failed to fetch TNCK category page 1: https://tinnhanhchungkhoan.vn/tai-chinh/. Stopping pagination.
[2026-06-27 23:44:19] [TASK_2] [INFO] TNCK: collected 0 total articles
[2026-06-27 23:44:19] [TASK_2] [INFO] TNCK: searching by VN30 ticker symbols…
[2026-06-27 23:44:19] [TASK_2] [INFO] TNCK search 'ACB': 1 new articles
[2026-06-27 23:44:19] [TASK_2] [INFO] TNCK: scraping category pages…
[2026-06-27 23:44:19] [TASK_2] [INFO] TNCK: collected 1 total articles
[2026-06-27 23:44:19] [TASK_2] [INFO] ============================================================
[2026-06-27 23:44:19] [TASK_2] [INFO] TNCK MONTHLY ARTICLE COUNT REPORT
[2026-06-27 23:44:19] [TASK_2] [INFO] ============================================================
[2026-06-27 23:44:19] [TASK_2] [INFO]   2024-01: 1 articles
[2026-06-27 23:44:19] [TASK_2] [INFO] ------------------------------------------------------------
[2026-06-27 23:44:19] [TASK_2] [INFO] Total: 1 articles across 1 months
[2026-06-27 23:44:19] [TASK_2] [INFO] Average: 1.0 articles/month
[2026-06-27 23:44:19] [TASK_2] [INFO] ============================================================
[2026-06-27 23:44:19] [TASK_2] [INFO] TNCK: searching by VN30 ticker symbols…
[2026-06-27 23:44:19] [TASK_2] [INFO] TNCK search 'ACB': 1 new articles
[2026-06-27 23:44:19] [TASK_2] [INFO] TNCK: scraping category pages…
[2026-06-27 23:44:19] [TASK_2] [INFO] TNCK: collected 1 total articles
[2026-06-27 23:44:19] [TASK_2] [INFO] ============================================================
[2026-06-27 23:44:19] [TASK_2] [INFO] TNCK MONTHLY ARTICLE COUNT REPORT
[2026-06-27 23:44:19] [TASK_2] [INFO] ============================================================
[2026-06-27 23:44:19] [TASK_2] [INFO]   2024-01: 1 articles
[2026-06-27 23:44:19] [TASK_2] [INFO] ------------------------------------------------------------
[2026-06-27 23:44:19] [TASK_2] [INFO] Total: 1 articles across 1 months
[2026-06-27 23:44:19] [TASK_2] [INFO] Average: 1.0 articles/month
[2026-06-27 23:44:19] [TASK_2] [INFO] ============================================================
[2026-06-27 23:44:19] [TASK_2] [INFO] Scraping tnck for ticker=ALL from 2022-01-01 (existing URLs: 0)
[2026-06-27 23:44:20] [TASK_2] [WARNING] Failed to parse CafeF page 2 for VNM (URL: https://cafef.vn/thi-truong-chung-khoan/vnm-ctck/trang-2.chn): Simulated HTML parse failure. Skipping page. HTML selectors may need adjustment if page structure changed.
[2026-06-27 23:44:20] [TASK_2] [INFO] CafeF: collected 1 articles for VNM
[2026-06-27 23:44:20] [TASK_2] [INFO] CafeF: collected 2 articles for VNM
[2026-06-27 23:44:20] [TASK_2] [WARNING] Failed to parse Vietstock tag page 2 for VNM (URL: https://vietstock.vn/tag/VNM/page/2): Simulated HTML parse failure. Skipping page. HTML selectors may need adjustment if page structure changed.
[2026-06-27 23:44:20] [TASK_2] [INFO] Vietstock: collected 1 articles for VNM
[2026-06-27 23:44:20] [TASK_2] [INFO] TNCK: searching by VN30 ticker symbols…
[2026-06-27 23:44:20] [TASK_2] [WARNING] Failed to parse TNCK search page 1 for query 'ACB' (URL: https://tinnhanhchungkhoan.vn/tim-kiem/?q=ACB): Simulated HTML parse failure. Skipping page. HTML selectors may need adjustment if page structure changed.
[2026-06-27 23:44:20] [TASK_2] [INFO] TNCK: scraping category pages…
[2026-06-27 23:44:20] [TASK_2] [INFO] TNCK: collected 0 total articles
[2026-06-27 23:44:20] [TASK_2] [INFO] ============================================================
[2026-06-27 23:44:20] [TASK_2] [INFO] SCRAPING REPORT — CAFEF
[2026-06-27 23:44:20] [TASK_2] [INFO] ============================================================
[2026-06-27 23:44:20] [TASK_2] [INFO]   FPT   : 1 articles (2024-02-01 to 2024-02-01)
[2026-06-27 23:44:20] [TASK_2] [INFO]   VNM   : 2 articles (2024-01-10 to 2024-03-15)
[2026-06-27 23:44:20] [TASK_2] [INFO] ------------------------------------------------------------
[2026-06-27 23:44:20] [TASK_2] [INFO] Total articles from CAFEF: 3
[2026-06-27 23:44:20] [TASK_2] [INFO] ============================================================
[2026-06-27 23:44:20] [TASK_2] [INFO] ============================================================
[2026-06-27 23:44:20] [TASK_2] [INFO] SCRAPING REPORT — CAFEF
[2026-06-27 23:44:20] [TASK_2] [INFO] ============================================================
[2026-06-27 23:44:20] [TASK_2] [INFO]   VNM   : 0 articles
[2026-06-27 23:44:20] [TASK_2] [INFO] ------------------------------------------------------------
[2026-06-27 23:44:20] [TASK_2] [INFO] Total articles from CAFEF: 0
[2026-06-27 23:44:20] [TASK_2] [INFO] ============================================================
[2026-06-27 23:44:20] [TASK_2] [INFO] ============================================================
[2026-06-27 23:44:20] [TASK_2] [INFO] SCRAPING REPORT — CAFEF
[2026-06-27 23:44:20] [TASK_2] [INFO] ============================================================
[2026-06-27 23:44:20] [TASK_2] [INFO]   VNM   : 2 articles (no valid dates)
[2026-06-27 23:44:20] [TASK_2] [INFO] ------------------------------------------------------------
[2026-06-27 23:44:20] [TASK_2] [INFO] Total articles from CAFEF: 2
[2026-06-27 23:44:20] [TASK_2] [INFO] ============================================================
[2026-06-27 23:44:20] [TASK_2] [INFO] ============================================================
[2026-06-27 23:44:20] [TASK_2] [INFO] SCRAPING REPORT — CAFEF
[2026-06-27 23:44:20] [TASK_2] [INFO] ============================================================
[2026-06-27 23:44:20] [TASK_2] [INFO]   VNM   : 3 articles (2024-01-10 to 2024-03-15)
[2026-06-27 23:44:20] [TASK_2] [INFO] ------------------------------------------------------------
[2026-06-27 23:44:20] [TASK_2] [INFO] Total articles from CAFEF: 3
[2026-06-27 23:44:20] [TASK_2] [INFO] ============================================================
[2026-06-27 23:44:20] [TASK_2] [INFO] ============================================================
[2026-06-27 23:44:20] [TASK_2] [INFO] SCRAPING REPORT — CAFEF
[2026-06-27 23:44:20] [TASK_2] [INFO] ============================================================
[2026-06-27 23:44:20] [TASK_2] [INFO] ------------------------------------------------------------
[2026-06-27 23:44:20] [TASK_2] [INFO] Total articles from CAFEF: 0
[2026-06-27 23:44:20] [TASK_2] [INFO] ============================================================
[2026-06-27 23:44:20] [TASK_2] [INFO] ============================================================
[2026-06-27 23:44:20] [TASK_2] [INFO] SCRAPING REPORT — CAFEF
[2026-06-27 23:44:20] [TASK_2] [INFO] ============================================================
[2026-06-27 23:44:20] [TASK_2] [INFO]   ACB   : 1 articles (2024-02-01 to 2024-02-01)
[2026-06-27 23:44:20] [TASK_2] [INFO]   FPT   : 1 articles (2024-03-01 to 2024-03-01)
[2026-06-27 23:44:20] [TASK_2] [INFO]   VNM   : 1 articles (2024-01-10 to 2024-01-10)
[2026-06-27 23:44:20] [TASK_2] [INFO] ------------------------------------------------------------
[2026-06-27 23:44:20] [TASK_2] [INFO] Total articles from CAFEF: 3
[2026-06-27 23:44:20] [TASK_2] [INFO] ============================================================
