universe,relevance_variant,unit,model,config,ticker,period_id,y_true,y_pred
liquid100_mat5,any_relevance,2week,Logistic_Regression,Config_A,ACB,D00119,1,1
liquid100_mat5,any_relevance,2week,Logistic_Regression,Config_A,ACB,D00120,1,1
liquid100_mat5,any_relevance,2week,Logistic_Regression,Config_A,ACB,D00121,0,0
liquid100_mat5,any_relevance,2week,Logistic_Regression,Config_A,ACB,D00122,0,0
liquid100_mat5,any_relevance,2week,Logistic_Regression,Config_A,ACB,D00123,1,1
liquid100_mat5,any_relevance,2week,Logistic_Regression,Config_A,ACB,D00124,0,0
liquid100_mat5,any_relevance,2week,Logistic_Regression,Config_A,ACB,D00125,0,1
liquid100_mat5,any_relevance,2week,Logistic_Regression,Config_A,ACB,D00126,0,0
liquid100_mat5,any_relevance,2week,Logistic_Regression,Config_A,ACB,D00127,0,0
liquid100_mat5,any_relevance,2week,Logistic_Regression,Config_A,ACB,D00128,0,0
liquid100_mat5,any_relevance,2week,Logistic_Regression,Config_A,ACB,D00129,0,1
liquid100_mat5,any_relevance,2week,Logistic_Regression,Config_A,ACB,D00130,1,1
liquid100_mat5,any_relevance,2week,Logistic_Regression,Config_A,ACB,D00131,0,0
liquid100_mat5,any_relevance,2week,Logistic_Regression,Config_A,ACB,D00132,0,0
liquid100_mat5,any_relevance,2week,Logistic_Regression,Config_A,ACB,D00133,1,1
liquid100_mat5,any_relevance,2week,Logistic_Regression,Config_A,ACB,D00134,0,0
liquid100_mat5,any_relevance,2week,Logistic_Regression,Config_A,ACB,D00135,0,1
liquid100_mat5,any_relevance,2week,Logistic_Regression,Config_A,ACB,D00136,0,1
liquid100_mat5,any_relevance,2week,Logistic_Regression,Config_A,ACB,D00137,0,0
liquid100_mat5,any_relevance,2week,Logistic_Regression,Config_A,ACB,D00138,0,0
liquid100_mat5,any_relevance,2week,Logistic_Regression,Config_A,ACB,D00139,1,1
liquid100_mat5,any_relevance,2week,Logistic_Regression,Config_A,ACB,D00140,1,1
liquid100_mat5,any_relevance,2week,Logistic_Regression,Config_A,ACB,D00141,0,1
liquid100_mat5,any_relevance,2week,Logistic_Regression,Config_A,ACB,D00142,0,0
liquid100_mat5,any_relevance,2week,Logistic_Regression,Config_A,BID,D00119,1,1
liquid100_mat5,any_relevance,2week,Logistic_Regression,Config_A,BID,D00120,1,1
liquid100_mat5,any_relevance,2week,Logistic_Regression,Config_A,BID,D00121,0,1
liquid100_mat5,any_relevance,2week,Logistic_Regression,Config_A,BID,D00122,0,0
liquid100_mat5,any_relevance,2week,Logistic_Regression,Config_A,BID,D00123,0,0
liquid100_mat5,any_relevance,2week,Logistic_Regression,Config_A,BID,D00124,0,0
liquid100_mat5,any_relevance,2week,Logistic_Regression,Config_A,BID,D00125,0,1
liquid100_mat5,any_relevance,2week,Logistic_Regression,Config_A,BID,D00126,0,1
liquid100_mat5,any_relevance,2week,Logistic_Regression,Config_A,BID,D00127,0,0
liquid100_mat5,any_relevance,2week,Logistic_Regression,Config_A,BID,D00128,0,0
liquid100_mat5,any_relevance,2week,Logistic_Regression,Config_A,BID,D00129,1,1
liquid100_mat5,any_relevance,2week,Logistic_Regression,Config_A,BID,D00130,1,1
liquid100_mat5,any_relevance,2week,Logistic_Regression,Config_A,BID,D00131,1,0
liquid100_mat5,any_relevance,2week,Logistic_Regression,Config_A,BID,D00132,0,0
liquid100_mat5,any_relevance,2week,Logistic_Regression,Config_A,BID,D00133,0,0
liquid100_mat5,any_relevance,2week,Logistic_Regression,Config_A,BID,D00134,0,0
liquid100_mat5,any_relevance,2week,Logistic_Regression,Config_A,BID,D00135,0,0
liquid100_mat5,any_relevance,2week,Logistic_Regression,Config_A,BID,D00136,0,1
liquid100_mat5,any_relevance,2week,Logistic_Regression,Config_A,BID,D00137,0,0
liquid100_mat5,any_relevance,2week,Logistic_Regression,Config_A,BID,D00138,1,0
liquid100_mat5,any_relevance,2week,Logistic_Regression,Config_A,BID,D00139,1,1
liquid100_mat5,any_relevance,2week,Logistic_Regression,Config_A,BID,D00140,0,0
liquid100_mat5,any_relevance,2week,Logistic_Regression,Config_A,BID,D00141,0,0
liquid100_mat5,any_relevance,2week,Logistic_Regression,Config_A,BID,D00142,0,0
liquid100_mat5,any_relevance,2week,Logistic_Regression,Config_A,CTG,D00119,1,1
liquid100_mat5,any_relevance,2week,Logistic_Regression,Config_A,CTG,D00120,1,1
liquid100_mat5,any_relevance,2week,Logistic_Regression,Config_A,CTG,D00121,0,0
liquid100_mat5,any_relevance,2week,Logistic_Regression,Config_A,CTG,D00122,0,0
liquid100_mat5,any_relevance,2week,Logistic_Regression,Config_A,CTG,D00123,1,1
liquid100_mat5,any_relevance,2week,Logistic_Regression,Config_A,CTG,D00124,0,0
liquid100_mat5,any_relevance,2week,Logistic_Regression,Config_A,CTG,D00125,0,0
liquid100_mat5,any_relevance,2week,Logistic_Regression,Config_A,CTG,D00126,0,0
liquid100_mat5,any_relevance,2week,Logistic_Regression,Config_A,CTG,D00127,1,0
liquid100_mat5,any_relevance,2week,Logistic_Regression,Config_A,CTG,D00128,0,0
liquid100_mat5,any_relevance,2week,Logistic_Regression,Config_A,CTG,D00129,1,0
liquid100_mat5,any_relevance,2week,Logistic_Regression,Config_A,CTG,D00130,1,1
liquid100_mat5,any_relevance,2week,Logistic_Regression,Config_A,CTG,D00131,0,0
liquid100_mat5,any_relevance,2week,Logistic_Regression,Config_A,CTG,D00132,0,0
liquid100_mat5,any_relevance,2week,Logistic_Regression,Config_A,CTG,D00133,0,1
liquid100_mat5,any_relevance,2week,Logistic_Regression,Config_A,CTG,D00134,0,0
liquid100_mat5,any_relevance,2week,Logistic_Regression,Config_A,CTG,D00135,0,1
liquid100_mat5,any_relevance,2week,Logistic_Regression,Config_A,CTG,D00136,0,1
liquid100_mat5,any_relevance,2week,Logistic_Regression,Config_A,CTG,D00137,0,0
liquid100_mat5,any_relevance,2week,Logistic_Regression,Config_A,CTG,D00138,0,0
liquid100_mat5,any_relevance,2week,Logistic_Regression,Config_A,CTG,D00139,0,1
liquid100_mat5,any_relevance,2week,Logistic_Regression,Config_A,CTG,D00140,0,0
liquid100_mat5,any_relevance,2week,Logistic_Regression,Config_A,CTG,D00141,0,0
liquid100_mat5,any_relevance,2week,Logistic_Regression,Config_A,CTG,D00142,0,0
liquid100_mat5,any_relevance,2week,Logistic_Regression,Config_A,DCM,D00119,1,1
liquid100_mat5,any_relevance,2week,Logistic_Regression,Config_A,DCM,D00120,0,0
liquid100_mat5,any_relevance,2week,Logistic_Regression,Config_A,DCM,D00121,0,0
liquid100_mat5,any_relevance,2week,Logistic_Regression,Config_A,DCM,D00122,0,0
liquid100_mat5,any_relevance,2week,Logistic_Regression,Config_A,DCM,D00123,0,0
liquid100_mat5,any_relevance,2week,Logistic_Regression,Config_A,DCM,D00124,0,0
liquid100_mat5,any_relevance,2week,Logistic_Regression,Config_A,DCM,D00125,0,1
liquid100_mat5,any_relevance,2week,Logistic_Regression,Config_A,DCM,D00126,0,1
liquid100_mat5,any_relevance,2week,Logistic_Regression,Config_A,DCM,D00127,0,0
liquid100_mat5,any_relevance,2week,Logistic_Regression,Config_A,DCM,D00128,0,0
liquid100_mat5,any_relevance,2week,Logistic_Regression,Config_A,DCM,D00129,1,0
liquid100_mat5,any_relevance,2week,Logistic_Regression,Config_A,DCM,D00130,1,1
liquid100_mat5,any_relevance,2week,Logistic_Regression,Config_A,DCM,D00131,1,1
liquid100_mat5,any_relevance,2week,Logistic_Regression,Config_A,DCM,D00132,1,1
liquid100_mat5,any_relevance,2week,Logistic_Regression,Config_A,DCM,D00133,1,0
liquid100_mat5,any_relevance,2week,Logistic_Regression,Config_A,DCM,D00134,1,0
liquid100_mat5,any_relevance,2week,Logistic_Regression,Config_A,DCM,D00135,0,0
liquid100_mat5,any_relevance,2week,Logistic_Regression,Config_A,DCM,D00136,0,0
liquid100_mat5,any_relevance,2week,Logistic_Regression,Config_A,DCM,D00137,0,0
liquid100_mat5,any_relevance,2week,Logistic_Regression,Config_A,DCM,D00138,0,0
liquid100_mat5,any_relevance,2week,Logistic_Regression,Config_A,DCM,D00139,0,1
liquid100_mat5,any_relevance,2week,Logistic_Regression,Config_A,DCM,D00140,0,0
liquid100_mat5,any_relevance,2week,Logistic_Regression,Config_A,DCM,D00141,0,0
liquid100_mat5,any_relevance,2week,Logistic_Regression,Config_A,DCM,D00142,0,0
liquid100_mat5,any_relevance,2week,Logistic_Regression,Config_A,DIG,D00119,1,0
liquid100_mat5,any_relevance,2week,Logistic_Regression,Config_A,DIG,D00120,0,0
liquid100_mat5,any_relevance,2week,Logistic_Regression,Config_A,DIG,D00121,1,1
liquid100_mat5,any_relevance,2week,Logistic_Regression,Config_A,DIG,D00122,0,0
liquid100_mat5,any_relevance,2week,Logistic_Regression,Config_A,DIG,D00123,0,0
liquid100_mat5,any_relevance,2week,Logistic_Regression,Config_A,DIG,D00124,0,1
liquid100_mat5,any_relevance,2week,Logistic_Regression,Config_A,DIG,D00125,0,0
liquid100_mat5,any_relevance,2week,Logistic_Regression,Config_A,DIG,D00126,1,1
liquid100_mat5,any_relevance,2week,Logistic_Regression,Config_A,DIG,D00127,0,0
liquid100_mat5,any_relevance,2week,Logistic_Regression,Config_A,DIG,D00128,0,0
liquid100_mat5,any_relevance,2week,Logistic_Regression,Config_A,DIG,D00129,0,1
liquid100_mat5,any_relevance,2week,Logistic_Regression,Config_A,DIG,D00130,0,1
liquid100_mat5,any_relevance,2week,Logistic_Regression,Config_A,DIG,D00131,0,1
liquid100_mat5,any_relevance,2week,Logistic_Regression,Config_A,DIG,D00132,0,0
liquid100_mat5,any_relevance,2week,Logistic_Regression,Config_A,DIG,D00133,0,1
liquid100_mat5,any_relevance,2week,Logistic_Regression,Config_A,DIG,D00134,0,0
liquid100_mat5,any_relevance,2week,Logistic_Regression,Config_A,DIG,D00135,1,1
liquid100_mat5,any_relevance,2week,Logistic_Regression,Config_A,DIG,D00136,1,1
liquid100_mat5,any_relevance,2week,Logistic_Regression,Config_A,DIG,D00137,0,1
liquid100_mat5,any_relevance,2week,Logistic_Regression,Config_A,DIG,D00138,1,1
liquid100_mat5,any_relevance,2week,Logistic_Regression,Config_A,DIG,D00139,0,1
liquid100_mat5,any_relevance,2week,Logistic_Regression,Config_A,DIG,D00140,0,0
liquid100_mat5,any_relevance,2week,Logistic_Regression,Config_A,DIG,D00141,0,1
liquid100_mat5,any_relevance,2week,Logistic_Regression,Config_A,DIG,D00142,0,0
liquid100_mat5,any_relevance,2week,Logistic_Regression,Config_A,DPM,D00119,1,1
liquid100_mat5,any_relevance,2week,Logistic_Regression,Config_A,DPM,D00120,0,0
liquid100_mat5,any_relevance,2week,Logistic_Regression,Config_A,DPM,D00121,0,1
liquid100_mat5,any_relevance,2week,Logistic_Regression,Config_A,DPM,D00122,0,0
liquid100_mat5,any_relevance,2week,Logistic_Regression,Config_A,DPM,D00123,0,0
liquid100_mat5,any_relevance,2week,Logistic_Regression,Config_A,DPM,D00124,0,1
liquid100_mat5,any_relevance,2week,Logistic_Regression,Config_A,DPM,D00125,0,1
liquid100_mat5,any_relevance,2week,Logistic_Regression,Config_A,DPM,D00126,0,1
liquid100_mat5,any_relevance,2week,Logistic_Regression,Config_A,DPM,D00127,0,0
liquid100_mat5,any_relevance,2week,Logistic_Regression,Config_A,DPM,D00128,0,0
liquid100_mat5,any_relevance,2week,Logistic_Regression,Config_A,DPM,D00129,1,1
liquid100_mat5,any_relevance,2week,Logistic_Regression,Config_A,DPM,D00130,1,1
liquid100_mat5,any_relevance,2week,Logistic_Regression,Config_A,DPM,D00131,0,1
liquid100_mat5,any_relevance,2week,Logistic_Regression,Config_A,DPM,D00132,1,1
liquid100_mat5,any_relevance,2week,Logistic_Regression,Config_A,DPM,D00133,1,0
liquid100_mat5,any_relevance,2week,Logistic_Regression,Config_A,DPM,D00134,1,1
liquid100_mat5,any_relevance,2week,Logistic_Regression,Config_A,DPM,D00135,0,0
liquid100_mat5,any_relevance,2week,Logistic_Regression,Config_A,DPM,D00136,0,0
liquid100_mat5,any_relevance,2week,Logistic_Regression,Config_A,DPM,D00137,0,0
liquid100_mat5,any_relevance,2week,Logistic_Regression,Config_A,DPM,D00138,0,0
liquid100_mat5,any_relevance,2week,Logistic_Regression,Config_A,DPM,D00139,0,1
liquid100_mat5,any_relevance,2week,Logistic_Regression,Config_A,DPM,D00140,0,0
liquid100_mat5,any_relevance,2week,Logistic_Regression,Config_A,DPM,D00141,0,0
liquid100_mat5,any_relevance,2week,Logistic_Regression,Config_A,DPM,D00142,0,0
liquid100_mat5,any_relevance,2week,Logistic_Regression,Config_A,DXG,D00119,1,1
liquid100_mat5,any_relevance,2week,Logistic_Regression,Config_A,DXG,D00120,1,0
liquid100_mat5,any_relevance,2week,Logistic_Regression,Config_A,DXG,D00121,1,1
liquid100_mat5,any_relevance,2week,Logistic_Regression,Config_A,DXG,D00122,0,0
liquid100_mat5,any_relevance,2week,Logistic_Regression,Config_A,DXG,D00123,0,0
liquid100_mat5,any_relevance,2week,Logistic_Regression,Config_A,DXG,D00124,0,1
liquid100_mat5,any_relevance,2week,Logistic_Regression,Config_A,DXG,D00125,0,1
liquid100_mat5,any_relevance,2week,Logistic_Regression,Config_A,DXG,D00126,0,1
liquid100_mat5,any_relevance,2week,Logistic_Regression,Config_A,DXG,D00127,0,0
liquid100_mat5,any_relevance,2week,Logistic_Regression,Config_A,DXG,D00128,0,0
liquid100_mat5,any_relevance,2week,Logistic_Regression,Config_A,DXG,D00129,0,1
liquid100_mat5,any_relevance,2week,Logistic_Regression,Config_A,DXG,D00130,0,0
liquid100_mat5,any_relevance,2week,Logistic_Regression,Config_A,DXG,D00131,0,1
liquid100_mat5,any_relevance,2week,Logistic_Regression,Config_A,DXG,D00132,0,1
liquid100_mat5,any_relevance,2week,Logistic_Regression,Config_A,DXG,D00133,0,1
liquid100_mat5,any_relevance,2week,Logistic_Regression,Config_A,DXG,D00134,0,0
liquid100_mat5,any_relevance,2week,Logistic_Regression,Config_A,DXG,D00135,1,1
liquid100_mat5,any_relevance,2week,Logistic_Regression,Config_A,DXG,D00136,1,1
liquid100_mat5,any_relevance,2week,Logistic_Regression,Config_A,DXG,D00137,0,1
liquid100_mat5,any_relevance,2week,Logistic_Regression,Config_A,DXG,D00138,1,1
liquid100_mat5,any_relevance,2week,Logistic_Regression,Config_A,DXG,D00139,0,1
liquid100_mat5,any_relevance,2week,Logistic_Regression,Config_A,DXG,D00140,0,1
liquid100_mat5,any_relevance,2week,Logistic_Regression,Config_A,DXG,D00141,0,1
liquid100_mat5,any_relevance,2week,Logistic_Regression,Config_A,DXG,D00142,0,0
liquid100_mat5,any_relevance,2week,Logistic_Regression,Config_A,EIB,D00119,1,0
liquid100_mat5,any_relevance,2week,Logistic_Regression,Config_A,EIB,D00120,0,1
liquid100_mat5,any_relevance,2week,Logistic_Regression,Config_A,EIB,D00121,0,1
liquid100_mat5,any_relevance,2week,Logistic_Regression,Config_A,EIB,D00122,0,0
liquid100_mat5,any_relevance,2week,Logistic_Regression,Config_A,EIB,D00123,1,0
liquid100_mat5,any_relevance,2week,Logistic_Regression,Config_A,EIB,D00124,0,1
liquid100_mat5,any_relevance,2week,Logistic_Regression,Config_A,EIB,D00125,0,0
liquid100_mat5,any_relevance,2week,Logistic_Regression,Config_A,EIB,D00126,1,1
liquid100_mat5,any_relevance,2week,Logistic_Regression,Config_A,EIB,D00127,0,1
liquid100_mat5,any_relevance,2week,Logistic_Regression,Config_A,EIB,D00128,0,0
liquid100_mat5,any_relevance,2week,Logistic_Regression,Config_A,EIB,D00129,0,1
liquid100_mat5,any_relevance,2week,Logistic_Regression,Config_A,EIB,D00130,1,1
liquid100_mat5,any_relevance,2week,Logistic_Regression,Config_A,EIB,D00131,0,0
liquid100_mat5,any_relevance,2week,Logistic_Regression,Config_A,EIB,D00132,0,0
liquid100_mat5,any_relevance,2week,Logistic_Regression,Config_A,EIB,D00133,1,1
liquid100_mat5,any_relevance,2week,Logistic_Regression,Config_A,EIB,D00134,0,0
liquid100_mat5,any_relevance,2week,Logistic_Regression,Config_A,EIB,D00135,1,1
liquid100_mat5,any_relevance,2week,Logistic_Regression,Config_A,EIB,D00136,0,1
liquid100_mat5,any_relevance,2week,Logistic_Regression,Config_A,EIB,D00137,0,0
liquid100_mat5,any_relevance,2week,Logistic_Regression,Config_A,EIB,D00138,0,0
liquid100_mat5,any_relevance,2week,Logistic_Regression,Config_A,EIB,D00139,0,0
liquid100_mat5,any_relevance,2week,Logistic_Regression,Config_A,EIB,D00140,0,0
liquid100_mat5,any_relevance,2week,Logistic_Regression,Config_A,EIB,D00141,0,0
liquid100_mat5,any_relevance,2week,Logistic_Regression,Config_A,EIB,D00142,0,0
liquid100_mat5,any_relevance,2week,Logistic_Regression,Config_A,FPT,D00119,0,0
liquid100_mat5,any_relevance,2week,Logistic_Regression,Config_A,FPT,D00120,0,0
liquid100_mat5,any_relevance,2week,Logistic_Regression,Config_A,FPT,D00121,0,0
liquid100_mat5,any_relevance,2week,Logistic_Regression,Config_A,FPT,D00122,0,0
liquid100_mat5,any_relevance,2week,Logistic_Regression,Config_A,FPT,D00123,0,0
liquid100_mat5,any_relevance,2week,Logistic_Regression,Config_A,FPT,D00124,1,0
liquid100_mat5,any_relevance,2week,Logistic_Regression,Config_A,FPT,D00125,1,1
liquid100_mat5,any_relevance,2week,Logistic_Regression,Config_A,FPT,D00126,0,0
liquid100_mat5,any_relevance,2week,Logistic_Regression,Config_A,FPT,D00127,0,0
liquid100_mat5,any_relevance,2week,Logistic_Regression,Config_A,FPT,D00128,0,0
liquid100_mat5,any_relevance,2week,Logistic_Regression,Config_A,FPT,D00129,0,0
liquid100_mat5,any_relevance,2week,Logistic_Regression,Config_A,FPT,D00130,1,0
liquid100_mat5,any_relevance,2week,Logistic_Regression,Config_A,FPT,D00131,0,0
liquid100_mat5,any_relevance,2week,Logistic_Regression,Config_A,FPT,D00132,0,0
liquid100_mat5,any_relevance,2week,Logistic_Regression,Config_A,FPT,D00133,0,0
liquid100_mat5,any_relevance,2week,Logistic_Regression,Config_A,FPT,D00134,0,0
liquid100_mat5,any_relevance,2week,Logistic_Regression,Config_A,FPT,D00135,0,0
liquid100_mat5,any_relevance,2week,Logistic_Regression,Config_A,FPT,D00136,0,0
liquid100_mat5,any_relevance,2week,Logistic_Regression,Config_A,FPT,D00137,0,0
liquid100_mat5,any_relevance,2week,Logistic_Regression,Config_A,FPT,D00138,0,0
liquid100_mat5,any_relevance,2week,Logistic_Regression,Config_A,FPT,D00139,1,1
liquid100_mat5,any_relevance,2week,Logistic_Regression,Config_A,FPT,D00140,0,0
liquid100_mat5,any_relevance,2week,Logistic_Regression,Config_A,FPT,D00141,0,0
liquid100_mat5,any_relevance,2week,Logistic_Regression,Config_A,FPT,D00142,0,0
liquid100_mat5,any_relevance,2week,Logistic_Regression,Config_A,GAS,D00119,1,1
liquid100_mat5,any_relevance,2week,Logistic_Regression,Config_A,GAS,D00120,0,0
liquid100_mat5,any_relevance,2week,Logistic_Regression,Config_A,GAS,D00121,0,0
liquid100_mat5,any_relevance,2week,Logistic_Regression,Config_A,GAS,D00122,0,0
liquid100_mat5,any_relevance,2week,Logistic_Regression,Config_A,GAS,D00123,0,0
liquid100_mat5,any_relevance,2week,Logistic_Regression,Config_A,GAS,D00124,0,0
liquid100_mat5,any_relevance,2week,Logistic_Regression,Config_A,GAS,D00125,1,1
liquid100_mat5,any_relevance,2week,Logistic_Regression,Config_A,GAS,D00126,0,0
liquid100_mat5,any_relevance,2week,Logistic_Regression,Config_A,GAS,D00127,1,1
liquid100_mat5,any_relevance,2week,Logistic_Regression,Config_A,GAS,D00128,0,0
liquid100_mat5,any_relevance,2week,Logistic_Regression,Config_A,GAS,D00129,1,1
liquid100_mat5,any_relevance,2week,Logistic_Regression,Config_A,GAS,D00130,1,1
liquid100_mat5,any_relevance,2week,Logistic_Regression,Config_A,GAS,D00131,1,0
liquid100_mat5,any_relevance,2week,Logistic_Regression,Config_A,GAS,D00132,0,0
liquid100_mat5,any_relevance,2week,Logistic_Regression,Config_A,GAS,D00133,1,0
liquid100_mat5,any_relevance,2week,Logistic_Regression,Config_A,GAS,D00134,0,0
liquid100_mat5,any_relevance,2week,Logistic_Regression,Config_A,GAS,D00135,0,0
liquid100_mat5,any_relevance,2week,Logistic_Regression,Config_A,GAS,D00136,0,0
liquid100_mat5,any_relevance,2week,Logistic_Regression,Config_A,GAS,D00137,0,0
liquid100_mat5,any_relevance,2week,Logistic_Regression,Config_A,GAS,D00138,0,0
liquid100_mat5,any_relevance,2week,Logistic_Regression,Config_A,GAS,D00139,1,1
liquid100_mat5,any_relevance,2week,Logistic_Regression,Config_A,GAS,D00140,0,0
liquid100_mat5,any_relevance,2week,Logistic_Regression,Config_A,GAS,D00141,0,0
liquid100_mat5,any_relevance,2week,Logistic_Regression,Config_A,GAS,D00142,0,0
liquid100_mat5,any_relevance,2week,Logistic_Regression,Config_A,GEX,D00119,0,0
liquid100_mat5,any_relevance,2week,Logistic_Regression,Config_A,GEX,D00120,0,0
liquid100_mat5,any_relevance,2week,Logistic_Regression,Config_A,GEX,D00121,0,0
liquid100_mat5,any_relevance,2week,Logistic_Regression,Config_A,GEX,D00122,0,1
liquid100_mat5,any_relevance,2week,Logistic_Regression,Config_A,GEX,D00123,1,0
liquid100_mat5,any_relevance,2week,Logistic_Regression,Config_A,GEX,D00124,0,1
liquid100_mat5,any_relevance,2week,Logistic_Regression,Config_A,GEX,D00125,0,0
liquid100_mat5,any_relevance,2week,Logistic_Regression,Config_A,GEX,D00126,1,1
liquid100_mat5,any_relevance,2week,Logistic_Regression,Config_A,GEX,D00127,0,1
liquid100_mat5,any_relevance,2week,Logistic_Regression,Config_A,GEX,D00128,0,0
liquid100_mat5,any_relevance,2week,Logistic_Regression,Config_A,GEX,D00129,0,1
liquid100_mat5,any_relevance,2week,Logistic_Regression,Config_A,GEX,D00130,0,0
liquid100_mat5,any_relevance,2week,Logistic_Regression,Config_A,GEX,D00131,0,0
liquid100_mat5,any_relevance,2week,Logistic_Regression,Config_A,GEX,D00132,0,1
liquid100_mat5,any_relevance,2week,Logistic_Regression,Config_A,GEX,D00133,1,1
liquid100_mat5,any_relevance,2week,Logistic_Regression,Config_A,GEX,D00134,0,0
liquid100_mat5,any_relevance,2week,Logistic_Regression,Config_A,GEX,D00135,1,1
liquid100_mat5,any_relevance,2week,Logistic_Regression,Config_A,GEX,D00136,1,1
liquid100_mat5,any_relevance,2week,Logistic_Regression,Config_A,GEX,D00137,0,1
liquid100_mat5,any_relevance,2week,Logistic_Regression,Config_A,GEX,D00138,1,0
liquid100_mat5,any_relevance,2week,Logistic_Regression,Config_A,GEX,D00139,1,1
liquid100_mat5,any_relevance,2week,Logistic_Regression,Config_A,GEX,D00140,0,0
liquid100_mat5,any_relevance,2week,Logistic_Regression,Config_A,GEX,D00141,0,0
liquid100_mat5,any_relevance,2week,Logistic_Regression,Config_A,GEX,D00142,0,0
liquid100_mat5,any_relevance,2week,Logistic_Regression,Config_A,GMD,D00119,1,1
liquid100_mat5,any_relevance,2week,Logistic_Regression,Config_A,GMD,D00120,1,0
liquid100_mat5,any_relevance,2week,Logistic_Regression,Config_A,GMD,D00121,1,1
liquid100_mat5,any_relevance,2week,Logistic_Regression,Config_A,GMD,D00122,0,0
liquid100_mat5,any_relevance,2week,Logistic_Regression,Config_A,GMD,D00123,0,0
liquid100_mat5,any_relevance,2week,Logistic_Regression,Config_A,GMD,D00124,0,0
liquid100_mat5,any_relevance,2week,Logistic_Regression,Config_A,GMD,D00125,0,1
liquid100_mat5,any_relevance,2week,Logistic_Regression,Config_A,GMD,D00126,0,0
liquid100_mat5,any_relevance,2week,Logistic_Regression,Config_A,GMD,D00127,0,0
liquid100_mat5,any_relevance,2week,Logistic_Regression,Config_A,GMD,D00128,0,0
liquid100_mat5,any_relevance,2week,Logistic_Regression,Config_A,GMD,D00129,1,1
liquid100_mat5,any_relevance,2week,Logistic_Regression,Config_A,GMD,D00130,1,1
liquid100_mat5,any_relevance,2week,Logistic_Regression,Config_A,GMD,D00131,1,1
liquid100_mat5,any_relevance,2week,Logistic_Regression,Config_A,GMD,D00132,1,0
liquid100_mat5,any_relevance,2week,Logistic_Regression,Config_A,GMD,D00133,1,1
liquid100_mat5,any_relevance,2week,Logistic_Regression,Config_A,GMD,D00134,0,0
liquid100_mat5,any_relevance,2week,Logistic_Regression,Config_A,GMD,D00135,0,0
liquid100_mat5,any_relevance,2week,Logistic_Regression,Config_A,GMD,D00136,0,0
liquid100_mat5,any_relevance,2week,Logistic_Regression,Config_A,GMD,D00137,1,0
liquid100_mat5,any_relevance,2week,Logistic_Regression,Config_A,GMD,D00138,1,0
liquid100_mat5,any_relevance,2week,Logistic_Regression,Config_A,GMD,D00139,0,0
liquid100_mat5,any_relevance,2week,Logistic_Regression,Config_A,GMD,D00140,0,0
liquid100_mat5,any_relevance,2week,Logistic_Regression,Config_A,GMD,D00141,1,0
liquid100_mat5,any_relevance,2week,Logistic_Regression,Config_A,GMD,D00142,0,0
liquid100_mat5,any_relevance,2week,Logistic_Regression,Config_A,GVR,D00119,1,1
liquid100_mat5,any_relevance,2week,Logistic_Regression,Config_A,GVR,D00120,0,0
liquid100_mat5,any_relevance,2week,Logistic_Regression,Config_A,GVR,D00121,0,1
liquid100_mat5,any_relevance,2week,Logistic_Regression,Config_A,GVR,D00122,0,0
liquid100_mat5,any_relevance,2week,Logistic_Regression,Config_A,GVR,D00123,0,0
liquid100_mat5,any_relevance,2week,Logistic_Regression,Config_A,GVR,D00124,0,0
liquid100_mat5,any_relevance,2week,Logistic_Regression,Config_A,GVR,D00125,1,1
liquid100_mat5,any_relevance,2week,Logistic_Regression,Config_A,GVR,D00126,0,1
liquid100_mat5,any_relevance,2week,Logistic_Regression,Config_A,GVR,D00127,0,0
liquid100_mat5,any_relevance,2week,Logistic_Regression,Config_A,GVR,D00128,0,0
liquid100_mat5,any_relevance,2week,Logistic_Regression,Config_A,GVR,D00129,1,0
liquid100_mat5,any_relevance,2week,Logistic_Regression,Config_A,GVR,D00130,1,1
liquid100_mat5,any_relevance,2week,Logistic_Regression,Config_A,GVR,D00131,1,0
liquid100_mat5,any_relevance,2week,Logistic_Regression,Config_A,GVR,D00132,0,0
liquid100_mat5,any_relevance,2week,Logistic_Regression,Config_A,GVR,D00133,1,0
liquid100_mat5,any_relevance,2week,Logistic_Regression,Config_A,GVR,D00134,0,0
liquid100_mat5,any_relevance,2week,Logistic_Regression,Config_A,GVR,D00135,0,0
liquid100_mat5,any_relevance,2week,Logistic_Regression,Config_A,GVR,D00136,1,1
liquid100_mat5,any_relevance,2week,Logistic_Regression,Config_A,GVR,D00137,0,0
liquid100_mat5,any_relevance,2week,Logistic_Regression,Config_A,GVR,D00138,1,1
liquid100_mat5,any_relevance,2week,Logistic_Regression,Config_A,GVR,D00139,0,0
liquid100_mat5,any_relevance,2week,Logistic_Regression,Config_A,GVR,D00140,0,0
liquid100_mat5,any_relevance,2week,Logistic_Regression,Config_A,GVR,D00141,0,1
liquid100_mat5,any_relevance,2week,Logistic_Regression,Config_A,GVR,D00142,0,0
liquid100_mat5,any_relevance,2week,Logistic_Regression,Config_A,HCM,D00119,1,1
liquid100_mat5,any_relevance,2week,Logistic_Regression,Config_A,HCM,D00120,0,0
liquid100_mat5,any_relevance,2week,Logistic_Regression,Config_A,HCM,D00121,0,1
liquid100_mat5,any_relevance,2week,Logistic_Regression,Config_A,HCM,D00122,0,0
liquid100_mat5,any_relevance,2week,Logistic_Regression,Config_A,HCM,D00123,1,0
liquid100_mat5,any_relevance,2week,Logistic_Regression,Config_A,HCM,D00124,0,0
liquid100_mat5,any_relevance,2week,Logistic_Regression,Config_A,HCM,D00125,0,0
liquid100_mat5,any_relevance,2week,Logistic_Regression,Config_A,HCM,D00126,0,1
liquid100_mat5,any_relevance,2week,Logistic_Regression,Config_A,HCM,D00127,0,1
liquid100_mat5,any_relevance,2week,Logistic_Regression,Config_A,HCM,D00128,0,1
liquid100_mat5,any_relevance,2week,Logistic_Regression,Config_A,HCM,D00129,0,0
liquid100_mat5,any_relevance,2week,Logistic_Regression,Config_A,HCM,D00130,1,1
liquid100_mat5,any_relevance,2week,Logistic_Regression,Config_A,HCM,D00131,0,0
liquid100_mat5,any_relevance,2week,Logistic_Regression,Config_A,HCM,D00132,0,0
liquid100_mat5,any_relevance,2week,Logistic_Regression,Config_A,HCM,D00133,1,1
liquid100_mat5,any_relevance,2week,Logistic_Regression,Config_A,HCM,D00134,0,1
liquid100_mat5,any_relevance,2week,Logistic_Regression,Config_A,HCM,D00135,0,0
liquid100_mat5,any_relevance,2week,Logistic_Regression,Config_A,HCM,D00136,1,1
liquid100_mat5,any_relevance,2week,Logistic_Regression,Config_A,HCM,D00137,1,1
liquid100_mat5,any_relevance,2week,Logistic_Regression,Config_A,HCM,D00138,1,0
liquid100_mat5,any_relevance,2week,Logistic_Regression,Config_A,HCM,D00139,1,1
liquid100_mat5,any_relevance,2week,Logistic_Regression,Config_A,HCM,D00140,0,0
liquid100_mat5,any_relevance,2week,Logistic_Regression,Config_A,HCM,D00141,0,1
liquid100_mat5,any_relevance,2week,Logistic_Regression,Config_A,HCM,D00142,0,0
liquid100_mat5,any_relevance,2week,Logistic_Regression,Config_A,HDB,D00119,1,1
liquid100_mat5,any_relevance,2week,Logistic_Regression,Config_A,HDB,D00120,1,1
liquid100_mat5,any_relevance,2week,Logistic_Regression,Config_A,HDB,D00121,0,1
liquid100_mat5,any_relevance,2week,Logistic_Regression,Config_A,HDB,D00122,0,0
liquid100_mat5,any_relevance,2week,Logistic_Regression,Config_A,HDB,D00123,1,1
liquid100_mat5,any_relevance,2week,Logistic_Regression,Config_A,HDB,D00124,0,1
liquid100_mat5,any_relevance,2week,Logistic_Regression,Config_A,HDB,D00125,0,1
liquid100_mat5,any_relevance,2week,Logistic_Regression,Config_A,HDB,D00126,1,0
liquid100_mat5,any_relevance,2week,Logistic_Regression,Config_A,HDB,D00127,1,1
liquid100_mat5,any_relevance,2week,Logistic_Regression,Config_A,HDB,D00128,1,0
liquid100_mat5,any_relevance,2week,Logistic_Regression,Config_A,HDB,D00129,1,1
liquid100_mat5,any_relevance,2week,Logistic_Regression,Config_A,HDB,D00130,0,0
liquid100_mat5,any_relevance,2week,Logistic_Regression,Config_A,HDB,D00131,0,1
liquid100_mat5,any_relevance,2week,Logistic_Regression,Config_A,HDB,D00132,0,0
liquid100_mat5,any_relevance,2week,Logistic_Regression,Config_A,HDB,D00133,0,1
liquid100_mat5,any_relevance,2week,Logistic_Regression,Config_A,HDB,D00134,0,0
liquid100_mat5,any_relevance,2week,Logistic_Regression,Config_A,HDB,D00135,0,1
liquid100_mat5,any_relevance,2week,Logistic_Regression,Config_A,HDB,D00136,1,1
liquid100_mat5,any_relevance,2week,Logistic_Regression,Config_A,HDB,D00137,1,1
liquid100_mat5,any_relevance,2week,Logistic_Regression,Config_A,HDB,D00138,0,0
liquid100_mat5,any_relevance,2week,Logistic_Regression,Config_A,HDB,D00139,0,1
liquid100_mat5,any_relevance,2week,Logistic_Regression,Config_A,HDB,D00140,0,0
liquid100_mat5,any_relevance,2week,Logistic_Regression,Config_A,HDB,D00141,0,0
liquid100_mat5,any_relevance,2week,Logistic_Regression,Config_A,HDB,D00142,0,1
liquid100_mat5,any_relevance,2week,Logistic_Regression,Config_A,HPG,D00119,1,1
liquid100_mat5,any_relevance,2week,Logistic_Regression,Config_A,HPG,D00120,0,0
liquid100_mat5,any_relevance,2week,Logistic_Regression,Config_A,HPG,D00121,1,1
liquid100_mat5,any_relevance,2week,Logistic_Regression,Config_A,HPG,D00122,0,0
liquid100_mat5,any_relevance,2week,Logistic_Regression,Config_A,HPG,D00123,0,0
liquid100_mat5,any_relevance,2week,Logistic_Regression,Config_A,HPG,D00124,0,0
liquid100_mat5,any_relevance,2week,Logistic_Regression,Config_A,HPG,D00125,0,1
liquid100_mat5,any_relevance,2week,Logistic_Regression,Config_A,HPG,D00126,1,1
liquid100_mat5,any_relevance,2week,Logistic_Regression,Config_A,HPG,D00127,0,0
liquid100_mat5,any_relevance,2week,Logistic_Regression,Config_A,HPG,D00128,0,0
liquid100_mat5,any_relevance,2week,Logistic_Regression,Config_A,HPG,D00129,0,0
liquid100_mat5,any_relevance,2week,Logistic_Regression,Config_A,HPG,D00130,1,0
liquid100_mat5,any_relevance,2week,Logistic_Regression,Config_A,HPG,D00131,0,0
liquid100_mat5,any_relevance,2week,Logistic_Regression,Config_A,HPG,D00132,0,1
liquid100_mat5,any_relevance,2week,Logistic_Regression,Config_A,HPG,D00133,1,0
liquid100_mat5,any_relevance,2week,Logistic_Regression,Config_A,HPG,D00134,0,0
liquid100_mat5,any_relevance,2week,Logistic_Regression,Config_A,HPG,D00135,0,0
liquid100_mat5,any_relevance,2week,Logistic_Regression,Config_A,HPG,D00136,1,1
liquid100_mat5,any_relevance,2week,Logistic_Regression,Config_A,HPG,D00137,0,0
liquid100_mat5,any_relevance,2week,Logistic_Regression,Config_A,HPG,D00138,0,0
liquid100_mat5,any_relevance,2week,Logistic_Regression,Config_A,HPG,D00139,0,0
liquid100_mat5,any_relevance,2week,Logistic_Regression,Config_A,HPG,D00140,0,0
liquid100_mat5,any_relevance,2week,Logistic_Regression,Config_A,HPG,D00141,0,0
liquid100_mat5,any_relevance,2week,Logistic_Regression,Config_A,HPG,D00142,0,0
liquid100_mat5,any_relevance,2week,Logistic_Regression,Config_A,KDH,D00119,1,1
liquid100_mat5,any_relevance,2week,Logistic_Regression,Config_A,KDH,D00120,0,0
liquid100_mat5,any_relevance,2week,Logistic_Regression,Config_A,KDH,D00121,0,1
liquid100_mat5,any_relevance,2week,Logistic_Regression,Config_A,KDH,D00122,0,0
liquid100_mat5,any_relevance,2week,Logistic_Regression,Config_A,KDH,D00123,0,0
liquid100_mat5,any_relevance,2week,Logistic_Regression,Config_A,KDH,D00124,0,1
liquid100_mat5,any_relevance,2week,Logistic_Regression,Config_A,KDH,D00125,1,1
liquid100_mat5,any_relevance,2week,Logistic_Regression,Config_A,KDH,D00126,1,1
liquid100_mat5,any_relevance,2week,Logistic_Regression,Config_A,KDH,D00127,0,1
liquid100_mat5,any_relevance,2week,Logistic_Regression,Config_A,KDH,D00128,0,0
liquid100_mat5,any_relevance,2week,Logistic_Regression,Config_A,KDH,D00129,0,1
liquid100_mat5,any_relevance,2week,Logistic_Regression,Config_A,KDH,D00130,0,0
liquid100_mat5,any_relevance,2week,Logistic_Regression,Config_A,KDH,D00131,0,1
liquid100_mat5,any_relevance,2week,Logistic_Regression,Config_A,KDH,D00132,0,0
liquid100_mat5,any_relevance,2week,Logistic_Regression,Config_A,KDH,D00133,0,1
liquid100_mat5,any_relevance,2week,Logistic_Regression,Config_A,KDH,D00134,0,0
liquid100_mat5,any_relevance,2week,Logistic_Regression,Config_A,KDH,D00135,0,1
liquid100_mat5,any_relevance,2week,Logistic_Regression,Config_A,KDH,D00136,0,1
liquid100_mat5,any_relevance,2week,Logistic_Regression,Config_A,KDH,D00137,0,1
liquid100_mat5,any_relevance,2week,Logistic_Regression,Config_A,KDH,D00138,0,0
liquid100_mat5,any_relevance,2week,Logistic_Regression,Config_A,KDH,D00139,0,1
liquid100_mat5,any_relevance,2week,Logistic_Regression,Config_A,KDH,D00140,0,1
liquid100_mat5,any_relevance,2week,Logistic_Regression,Config_A,KDH,D00141,0,1
liquid100_mat5,any_relevance,2week,Logistic_Regression,Config_A,KDH,D00142,0,0
liquid100_mat5,any_relevance,2week,Logistic_Regression,Config_A,MBB,D00119,1,1
liquid100_mat5,any_relevance,2week,Logistic_Regression,Config_A,MBB,D00120,1,0
liquid100_mat5,any_relevance,2week,Logistic_Regression,Config_A,MBB,D00121,0,1
liquid100_mat5,any_relevance,2week,Logistic_Regression,Config_A,MBB,D00122,0,0
liquid100_mat5,any_relevance,2week,Logistic_Regression,Config_A,MBB,D00123,1,1
liquid100_mat5,any_relevance,2week,Logistic_Regression,Config_A,MBB,D00124,0,0
liquid100_mat5,any_relevance,2week,Logistic_Regression,Config_A,MBB,D00125,0,0
liquid100_mat5,any_relevance,2week,Logistic_Regression,Config_A,MBB,D00126,0,1
liquid100_mat5,any_relevance,2week,Logistic_Regression,Config_A,MBB,D00127,1,1
liquid100_mat5,any_relevance,2week,Logistic_Regression,Config_A,MBB,D00128,0,1
liquid100_mat5,any_relevance,2week,Logistic_Regression,Config_A,MBB,D00129,1,1
liquid100_mat5,any_relevance,2week,Logistic_Regression,Config_A,MBB,D00130,1,1
liquid100_mat5,any_relevance,2week,Logistic_Regression,Config_A,MBB,D00131,0,0
liquid100_mat5,any_relevance,2week,Logistic_Regression,Config_A,MBB,D00132,1,0
liquid100_mat5,any_relevance,2week,Logistic_Regression,Config_A,MBB,D00133,0,0
liquid100_mat5,any_relevance,2week,Logistic_Regression,Config_A,MBB,D00134,0,0
liquid100_mat5,any_relevance,2week,Logistic_Regression,Config_A,MBB,D00135,0,1
liquid100_mat5,any_relevance,2week,Logistic_Regression,Config_A,MBB,D00136,0,1
liquid100_mat5,any_relevance,2week,Logistic_Regression,Config_A,MBB,D00137,0,0
liquid100_mat5,any_relevance,2week,Logistic_Regression,Config_A,MBB,D00138,0,0
liquid100_mat5,any_relevance,2week,Logistic_Regression,Config_A,MBB,D00139,0,0
liquid100_mat5,any_relevance,2week,Logistic_Regression,Config_A,MBB,D00140,0,1
liquid100_mat5,any_relevance,2week,Logistic_Regression,Config_A,MBB,D00141,0,0
liquid100_mat5,any_relevance,2week,Logistic_Regression,Config_A,MBB,D00142,0,0
liquid100_mat5,any_relevance,2week,Logistic_Regression,Config_A,MSB,D00119,1,1
liquid100_mat5,any_relevance,2week,Logistic_Regression,Config_A,MSB,D00120,1,1
liquid100_mat5,any_relevance,2week,Logistic_Regression,Config_A,MSB,D00121,0,1
liquid100_mat5,any_relevance,2week,Logistic_Regression,Config_A,MSB,D00122,0,0
liquid100_mat5,any_relevance,2week,Logistic_Regression,Config_A,MSB,D00123,0,1
liquid100_mat5,any_relevance,2week,Logistic_Regression,Config_A,MSB,D00124,0,0
liquid100_mat5,any_relevance,2week,Logistic_Regression,Config_A,MSB,D00125,0,1
liquid100_mat5,any_relevance,2week,Logistic_Regression,Config_A,MSB,D00126,0,1
liquid100_mat5,any_relevance,2week,Logistic_Regression,Config_A,MSB,D00127,1,1
liquid100_mat5,any_relevance,2week,Logistic_Regression,Config_A,MSB,D00128,0,0
liquid100_mat5,any_relevance,2week,Logistic_Regression,Config_A,MSB,D00129,0,0
liquid100_mat5,any_relevance,2week,Logistic_Regression,Config_A,MSB,D00130,0,1
liquid100_mat5,any_relevance,2week,Logistic_Regression,Config_A,MSB,D00131,0,1
liquid100_mat5,any_relevance,2week,Logistic_Regression,Config_A,MSB,D00132,0,0
liquid100_mat5,any_relevance,2week,Logistic_Regression,Config_A,MSB,D00133,0,1
liquid100_mat5,any_relevance,2week,Logistic_Regression,Config_A,MSB,D00134,0,0
liquid100_mat5,any_relevance,2week,Logistic_Regression,Config_A,MSB,D00135,0,1
liquid100_mat5,any_relevance,2week,Logistic_Regression,Config_A,MSB,D00136,1,1
liquid100_mat5,any_relevance,2week,Logistic_Regression,Config_A,MSB,D00137,1,1
liquid100_mat5,any_relevance,2week,Logistic_Regression,Config_A,MSB,D00138,1,0
liquid100_mat5,any_relevance,2week,Logistic_Regression,Config_A,MSB,D00139,1,1
liquid100_mat5,any_relevance,2week,Logistic_Regression,Config_A,MSB,D00140,0,1
liquid100_mat5,any_relevance,2week,Logistic_Regression,Config_A,MSB,D00141,1,0
liquid100_mat5,any_relevance,2week,Logistic_Regression,Config_A,MSB,D00142,1,1
liquid100_mat5,any_relevance,2week,Logistic_Regression,Config_A,MSN,D00119,1,0
liquid100_mat5,any_relevance,2week,Logistic_Regression,Config_A,MSN,D00120,0,0
liquid100_mat5,any_relevance,2week,Logistic_Regression,Config_A,MSN,D00121,0,0
liquid100_mat5,any_relevance,2week,Logistic_Regression,Config_A,MSN,D00122,0,0
liquid100_mat5,any_relevance,2week,Logistic_Regression,Config_A,MSN,D00123,0,0
liquid100_mat5,any_relevance,2week,Logistic_Regression,Config_A,MSN,D00124,0,1
liquid100_mat5,any_relevance,2week,Logistic_Regression,Config_A,MSN,D00125,0,0
liquid100_mat5,any_relevance,2week,Logistic_Regression,Config_A,MSN,D00126,0,0
liquid100_mat5,any_relevance,2week,Logistic_Regression,Config_A,MSN,D00127,0,0
liquid100_mat5,any_relevance,2week,Logistic_Regression,Config_A,MSN,D00128,0,0
liquid100_mat5,any_relevance,2week,Logistic_Regression,Config_A,MSN,D00129,1,1
liquid100_mat5,any_relevance,2week,Logistic_Regression,Config_A,MSN,D00130,1,1
liquid100_mat5,any_relevance,2week,Logistic_Regression,Config_A,MSN,D00131,0,0
liquid100_mat5,any_relevance,2week,Logistic_Regression,Config_A,MSN,D00132,0,0
liquid100_mat5,any_relevance,2week,Logistic_Regression,Config_A,MSN,D00133,0,0
liquid100_mat5,any_relevance,2week,Logistic_Regression,Config_A,MSN,D00134,0,0
liquid100_mat5,any_relevance,2week,Logistic_Regression,Config_A,MSN,D00135,0,1
liquid100_mat5,any_relevance,2week,Logistic_Regression,Config_A,MSN,D00136,1,1
liquid100_mat5,any_relevance,2week,Logistic_Regression,Config_A,MSN,D00137,0,0
liquid100_mat5,any_relevance,2week,Logistic_Regression,Config_A,MSN,D00138,0,0
liquid100_mat5,any_relevance,2week,Logistic_Regression,Config_A,MSN,D00139,0,0
liquid100_mat5,any_relevance,2week,Logistic_Regression,Config_A,MSN,D00140,0,0
liquid100_mat5,any_relevance,2week,Logistic_Regression,Config_A,MSN,D00141,0,0
liquid100_mat5,any_relevance,2week,Logistic_Regression,Config_A,MSN,D00142,0,0
liquid100_mat5,any_relevance,2week,Logistic_Regression,Config_A,NVL,D00119,1,1
liquid100_mat5,any_relevance,2week,Logistic_Regression,Config_A,NVL,D00120,0,0
liquid100_mat5,any_relevance,2week,Logistic_Regression,Config_A,NVL,D00121,0,1
liquid100_mat5,any_relevance,2week,Logistic_Regression,Config_A,NVL,D00122,0,0
liquid100_mat5,any_relevance,2week,Logistic_Regression,Config_A,NVL,D00123,0,0
liquid100_mat5,any_relevance,2week,Logistic_Regression,Config_A,NVL,D00124,0,1
liquid100_mat5,any_relevance,2week,Logistic_Regression,Config_A,NVL,D00125,0,0
liquid100_mat5,any_relevance,2week,Logistic_Regression,Config_A,NVL,D00126,1,1
liquid100_mat5,any_relevance,2week,Logistic_Regression,Config_A,NVL,D00127,0,0
liquid100_mat5,any_relevance,2week,Logistic_Regression,Config_A,NVL,D00128,0,0
liquid100_mat5,any_relevance,2week,Logistic_Regression,Config_A,NVL,D00129,0,1
liquid100_mat5,any_relevance,2week,Logistic_Regression,Config_A,NVL,D00130,0,0
liquid100_mat5,any_relevance,2week,Logistic_Regression,Config_A,NVL,D00131,0,1
liquid100_mat5,any_relevance,2week,Logistic_Regression,Config_A,NVL,D00132,0,1
liquid100_mat5,any_relevance,2week,Logistic_Regression,Config_A,NVL,D00133,0,1
liquid100_mat5,any_relevance,2week,Logistic_Regression,Config_A,NVL,D00134,0,0
liquid100_mat5,any_relevance,2week,Logistic_Regression,Config_A,NVL,D00135,1,1
liquid100_mat5,any_relevance,2week,Logistic_Regression,Config_A,NVL,D00136,1,1
liquid100_mat5,any_relevance,2week,Logistic_Regression,Config_A,NVL,D00137,1,1
liquid100_mat5,any_relevance,2week,Logistic_Regression,Config_A,NVL,D00138,0,1
liquid100_mat5,any_relevance,2week,Logistic_Regression,Config_A,NVL,D00139,0,0
liquid100_mat5,any_relevance,2week,Logistic_Regression,Config_A,NVL,D00140,0,0
liquid100_mat5,any_relevance,2week,Logistic_Regression,Config_A,NVL,D00141,0,1
liquid100_mat5,any_relevance,2week,Logistic_Regression,Config_A,NVL,D00142,0,0
liquid100_mat5,any_relevance,2week,Logistic_Regression,Config_A,PDR,D00119,1,1
liquid100_mat5,any_relevance,2week,Logistic_Regression,Config_A,PDR,D00120,1,0
liquid100_mat5,any_relevance,2week,Logistic_Regression,Config_A,PDR,D00121,0,1
liquid100_mat5,any_relevance,2week,Logistic_Regression,Config_A,PDR,D00122,0,0
liquid100_mat5,any_relevance,2week,Logistic_Regression,Config_A,PDR,D00123,0,0
liquid100_mat5,any_relevance,2week,Logistic_Regression,Config_A,PDR,D00124,0,1
liquid100_mat5,any_relevance,2week,Logistic_Regression,Config_A,PDR,D00125,0,0
liquid100_mat5,any_relevance,2week,Logistic_Regression,Config_A,PDR,D00126,1,1
liquid100_mat5,any_relevance,2week,Logistic_Regression,Config_A,PDR,D00127,0,0
liquid100_mat5,any_relevance,2week,Logistic_Regression,Config_A,PDR,D00128,0,0
liquid100_mat5,any_relevance,2week,Logistic_Regression,Config_A,PDR,D00129,0,1
liquid100_mat5,any_relevance,2week,Logistic_Regression,Config_A,PDR,D00130,0,0
liquid100_mat5,any_relevance,2week,Logistic_Regression,Config_A,PDR,D00131,0,1
liquid100_mat5,any_relevance,2week,Logistic_Regression,Config_A,PDR,D00132,0,1
liquid100_mat5,any_relevance,2week,Logistic_Regression,Config_A,PDR,D00133,0,1
liquid100_mat5,any_relevance,2week,Logistic_Regression,Config_A,PDR,D00134,0,0
liquid100_mat5,any_relevance,2week,Logistic_Regression,Config_A,PDR,D00135,1,1
liquid100_mat5,any_relevance,2week,Logistic_Regression,Config_A,PDR,D00136,1,1
liquid100_mat5,any_relevance,2week,Logistic_Regression,Config_A,PDR,D00137,0,1
liquid100_mat5,any_relevance,2week,Logistic_Regression,Config_A,PDR,D00138,0,1
liquid100_mat5,any_relevance,2week,Logistic_Regression,Config_A,PDR,D00139,0,1
liquid100_mat5,any_relevance,2week,Logistic_Regression,Config_A,PDR,D00140,0,1
liquid100_mat5,any_relevance,2week,Logistic_Regression,Config_A,PDR,D00141,0,0
liquid100_mat5,any_relevance,2week,Logistic_Regression,Config_A,PDR,D00142,0,0
liquid100_mat5,any_relevance,2week,Logistic_Regression,Config_A,PLX,D00119,1,1
liquid100_mat5,any_relevance,2week,Logistic_Regression,Config_A,PLX,D00120,0,0
liquid100_mat5,any_relevance,2week,Logistic_Regression,Config_A,PLX,D00121,0,1
liquid100_mat5,any_relevance,2week,Logistic_Regression,Config_A,PLX,D00122,0,0
liquid100_mat5,any_relevance,2week,Logistic_Regression,Config_A,PLX,D00123,0,0
liquid100_mat5,any_relevance,2week,Logistic_Regression,Config_A,PLX,D00124,0,0
liquid100_mat5,any_relevance,2week,Logistic_Regression,Config_A,PLX,D00125,0,1
liquid100_mat5,any_relevance,2week,Logistic_Regression,Config_A,PLX,D00126,0,1
liquid100_mat5,any_relevance,2week,Logistic_Regression,Config_A,PLX,D00127,0,0
liquid100_mat5,any_relevance,2week,Logistic_Regression,Config_A,PLX,D00128,0,0
liquid100_mat5,any_relevance,2week,Logistic_Regression,Config_A,PLX,D00129,1,1
liquid100_mat5,any_relevance,2week,Logistic_Regression,Config_A,PLX,D00130,1,1
liquid100_mat5,any_relevance,2week,Logistic_Regression,Config_A,PLX,D00131,1,0
liquid100_mat5,any_relevance,2week,Logistic_Regression,Config_A,PLX,D00132,0,0
liquid100_mat5,any_relevance,2week,Logistic_Regression,Config_A,PLX,D00133,1,0
liquid100_mat5,any_relevance,2week,Logistic_Regression,Config_A,PLX,D00134,0,0
liquid100_mat5,any_relevance,2week,Logistic_Regression,Config_A,PLX,D00135,0,0
liquid100_mat5,any_relevance,2week,Logistic_Regression,Config_A,PLX,D00136,0,0
liquid100_mat5,any_relevance,2week,Logistic_Regression,Config_A,PLX,D00137,0,0
liquid100_mat5,any_relevance,2week,Logistic_Regression,Config_A,PLX,D00138,0,0
liquid100_mat5,any_relevance,2week,Logistic_Regression,Config_A,PLX,D00139,1,1
liquid100_mat5,any_relevance,2week,Logistic_Regression,Config_A,PLX,D00140,0,0
liquid100_mat5,any_relevance,2week,Logistic_Regression,Config_A,PLX,D00141,0,0
liquid100_mat5,any_relevance,2week,Logistic_Regression,Config_A,PLX,D00142,0,0
liquid100_mat5,any_relevance,2week,Logistic_Regression,Config_A,PNJ,D00119,0,0
liquid100_mat5,any_relevance,2week,Logistic_Regression,Config_A,PNJ,D00120,0,0
liquid100_mat5,any_relevance,2week,Logistic_Regression,Config_A,PNJ,D00121,0,1
liquid100_mat5,any_relevance,2week,Logistic_Regression,Config_A,PNJ,D00122,0,0
liquid100_mat5,any_relevance,2week,Logistic_Regression,Config_A,PNJ,D00123,0,0
liquid100_mat5,any_relevance,2week,Logistic_Regression,Config_A,PNJ,D00124,1,1
liquid100_mat5,any_relevance,2week,Logistic_Regression,Config_A,PNJ,D00125,0,0
liquid100_mat5,any_relevance,2week,Logistic_Regression,Config_A,PNJ,D00126,0,0
liquid100_mat5,any_relevance,2week,Logistic_Regression,Config_A,PNJ,D00127,0,1
liquid100_mat5,any_relevance,2week,Logistic_Regression,Config_A,PNJ,D00128,1,0
liquid100_mat5,any_relevance,2week,Logistic_Regression,Config_A,PNJ,D00129,1,1
liquid100_mat5,any_relevance,2week,Logistic_Regression,Config_A,PNJ,D00130,1,1
liquid100_mat5,any_relevance,2week,Logistic_Regression,Config_A,PNJ,D00131,1,0
liquid100_mat5,any_relevance,2week,Logistic_Regression,Config_A,PNJ,D00132,0,0
liquid100_mat5,any_relevance,2week,Logistic_Regression,Config_A,PNJ,D00133,1,1
liquid100_mat5,any_relevance,2week,Logistic_Regression,Config_A,PNJ,D00134,0,0
liquid100_mat5,any_relevance,2week,Logistic_Regression,Config_A,PNJ,D00135,0,0
liquid100_mat5,any_relevance,2week,Logistic_Regression,Config_A,PNJ,D00136,0,0
liquid100_mat5,any_relevance,2week,Logistic_Regression,Config_A,PNJ,D00137,0,0
liquid100_mat5,any_relevance,2week,Logistic_Regression,Config_A,PNJ,D00138,0,0
liquid100_mat5,any_relevance,2week,Logistic_Regression,Config_A,PNJ,D00139,0,0
liquid100_mat5,any_relevance,2week,Logistic_Regression,Config_A,PNJ,D00140,0,0
liquid100_mat5,any_relevance,2week,Logistic_Regression,Config_A,PNJ,D00141,0,0
liquid100_mat5,any_relevance,2week,Logistic_Regression,Config_A,PNJ,D00142,0,0
liquid100_mat5,any_relevance,2week,Logistic_Regression,Config_A,POW,D00119,1,1
liquid100_mat5,any_relevance,2week,Logistic_Regression,Config_A,POW,D00120,1,0
liquid100_mat5,any_relevance,2week,Logistic_Regression,Config_A,POW,D00121,0,1
liquid100_mat5,any_relevance,2week,Logistic_Regression,Config_A,POW,D00122,0,1
liquid100_mat5,any_relevance,2week,Logistic_Regression,Config_A,POW,D00123,0,0
liquid100_mat5,any_relevance,2week,Logistic_Regression,Config_A,POW,D00124,0,1
liquid100_mat5,any_relevance,2week,Logistic_Regression,Config_A,POW,D00125,1,1
liquid100_mat5,any_relevance,2week,Logistic_Regression,Config_A,POW,D00126,1,1
liquid100_mat5,any_relevance,2week,Logistic_Regression,Config_A,POW,D00127,0,1
liquid100_mat5,any_relevance,2week,Logistic_Regression,Config_A,POW,D00128,0,0
liquid100_mat5,any_relevance,2week,Logistic_Regression,Config_A,POW,D00129,1,1
liquid100_mat5,any_relevance,2week,Logistic_Regression,Config_A,POW,D00130,1,1
liquid100_mat5,any_relevance,2week,Logistic_Regression,Config_A,POW,D00131,0,1
liquid100_mat5,any_relevance,2week,Logistic_Regression,Config_A,POW,D00132,0,1
liquid100_mat5,any_relevance,2week,Logistic_Regression,Config_A,POW,D00133,1,1
liquid100_mat5,any_relevance,2week,Logistic_Regression,Config_A,POW,D00134,0,0
liquid100_mat5,any_relevance,2week,Logistic_Regression,Config_A,POW,D00135,0,0
liquid100_mat5,any_relevance,2week,Logistic_Regression,Config_A,POW,D00136,0,0
liquid100_mat5,any_relevance,2week,Logistic_Regression,Config_A,POW,D00137,0,1
liquid100_mat5,any_relevance,2week,Logistic_Regression,Config_A,POW,D00138,1,0
liquid100_mat5,any_relevance,2week,Logistic_Regression,Config_A,POW,D00139,0,0
liquid100_mat5,any_relevance,2week,Logistic_Regression,Config_A,POW,D00140,0,1
liquid100_mat5,any_relevance,2week,Logistic_Regression,Config_A,POW,D00141,1,1
liquid100_mat5,any_relevance,2week,Logistic_Regression,Config_A,POW,D00142,1,1
liquid100_mat5,any_relevance,2week,Logistic_Regression,Config_A,PVT,D00119,1,0
liquid100_mat5,any_relevance,2week,Logistic_Regression,Config_A,PVT,D00120,0,0
liquid100_mat5,any_relevance,2week,Logistic_Regression,Config_A,PVT,D00121,0,1
liquid100_mat5,any_relevance,2week,Logistic_Regression,Config_A,PVT,D00122,0,1
liquid100_mat5,any_relevance,2week,Logistic_Regression,Config_A,PVT,D00123,0,0
liquid100_mat5,any_relevance,2week,Logistic_Regression,Config_A,PVT,D00124,0,0
liquid100_mat5,any_relevance,2week,Logistic_Regression,Config_A,PVT,D00125,1,1
liquid100_mat5,any_relevance,2week,Logistic_Regression,Config_A,PVT,D00126,1,1
liquid100_mat5,any_relevance,2week,Logistic_Regression,Config_A,PVT,D00127,0,1
liquid100_mat5,any_relevance,2week,Logistic_Regression,Config_A,PVT,D00128,0,0
liquid100_mat5,any_relevance,2week,Logistic_Regression,Config_A,PVT,D00129,1,1
liquid100_mat5,any_relevance,2week,Logistic_Regression,Config_A,PVT,D00130,1,1
liquid100_mat5,any_relevance,2week,Logistic_Regression,Config_A,PVT,D00131,1,1
liquid100_mat5,any_relevance,2week,Logistic_Regression,Config_A,PVT,D00132,0,1
liquid100_mat5,any_relevance,2week,Logistic_Regression,Config_A,PVT,D00133,1,0
liquid100_mat5,any_relevance,2week,Logistic_Regression,Config_A,PVT,D00134,1,1
liquid100_mat5,any_relevance,2week,Logistic_Regression,Config_A,PVT,D00135,0,0
liquid100_mat5,any_relevance,2week,Logistic_Regression,Config_A,PVT,D00136,0,0
liquid100_mat5,any_relevance,2week,Logistic_Regression,Config_A,PVT,D00137,1,0
liquid100_mat5,any_relevance,2week,Logistic_Regression,Config_A,PVT,D00138,1,0
liquid100_mat5,any_relevance,2week,Logistic_Regression,Config_A,PVT,D00139,0,1
liquid100_mat5,any_relevance,2week,Logistic_Regression,Config_A,PVT,D00140,0,0
liquid100_mat5,any_relevance,2week,Logistic_Regression,Config_A,PVT,D00141,0,0
liquid100_mat5,any_relevance,2week,Logistic_Regression,Config_A,PVT,D00142,0,0
liquid100_mat5,any_relevance,2week,Logistic_Regression,Config_A,SHB,D00119,1,1
liquid100_mat5,any_relevance,2week,Logistic_Regression,Config_A,SHB,D00120,0,0
liquid100_mat5,any_relevance,2week,Logistic_Regression,Config_A,SHB,D00121,0,1
liquid100_mat5,any_relevance,2week,Logistic_Regression,Config_A,SHB,D00122,0,0
liquid100_mat5,any_relevance,2week,Logistic_Regression,Config_A,SHB,D00123,1,0
liquid100_mat5,any_relevance,2week,Logistic_Regression,Config_A,SHB,D00124,0,1
liquid100_mat5,any_relevance,2week,Logistic_Regression,Config_A,SHB,D00125,0,1
liquid100_mat5,any_relevance,2week,Logistic_Regression,Config_A,SHB,D00126,1,1
liquid100_mat5,any_relevance,2week,Logistic_Regression,Config_A,SHB,D00127,0,1
liquid100_mat5,any_relevance,2week,Logistic_Regression,Config_A,SHB,D00128,0,0
liquid100_mat5,any_relevance,2week,Logistic_Regression,Config_A,SHB,D00129,0,1
liquid100_mat5,any_relevance,2week,Logistic_Regression,Config_A,SHB,D00130,0,1
liquid100_mat5,any_relevance,2week,Logistic_Regression,Config_A,SHB,D00131,0,0
liquid100_mat5,any_relevance,2week,Logistic_Regression,Config_A,SHB,D00132,0,0
liquid100_mat5,any_relevance,2week,Logistic_Regression,Config_A,SHB,D00133,1,1
liquid100_mat5,any_relevance,2week,Logistic_Regression,Config_A,SHB,D00134,0,0
liquid100_mat5,any_relevance,2week,Logistic_Regression,Config_A,SHB,D00135,0,1
liquid100_mat5,any_relevance,2week,Logistic_Regression,Config_A,SHB,D00136,1,0
liquid100_mat5,any_relevance,2week,Logistic_Regression,Config_A,SHB,D00137,0,1
liquid100_mat5,any_relevance,2week,Logistic_Regression,Config_A,SHB,D00138,0,0
liquid100_mat5,any_relevance,2week,Logistic_Regression,Config_A,SHB,D00139,0,0
liquid100_mat5,any_relevance,2week,Logistic_Regression,Config_A,SHB,D00140,0,1
liquid100_mat5,any_relevance,2week,Logistic_Regression,Config_A,SHB,D00141,0,0
liquid100_mat5,any_relevance,2week,Logistic_Regression,Config_A,SHB,D00142,0,0
liquid100_mat5,any_relevance,2week,Logistic_Regression,Config_A,SSI,D00119,1,0
liquid100_mat5,any_relevance,2week,Logistic_Regression,Config_A,SSI,D00120,1,0
liquid100_mat5,any_relevance,2week,Logistic_Regression,Config_A,SSI,D00121,1,1
liquid100_mat5,any_relevance,2week,Logistic_Regression,Config_A,SSI,D00122,0,0
liquid100_mat5,any_relevance,2week,Logistic_Regression,Config_A,SSI,D00123,1,0
liquid100_mat5,any_relevance,2week,Logistic_Regression,Config_A,SSI,D00124,0,1
liquid100_mat5,any_relevance,2week,Logistic_Regression,Config_A,SSI,D00125,0,0
liquid100_mat5,any_relevance,2week,Logistic_Regression,Config_A,SSI,D00126,0,1
liquid100_mat5,any_relevance,2week,Logistic_Regression,Config_A,SSI,D00127,0,0
liquid100_mat5,any_relevance,2week,Logistic_Regression,Config_A,SSI,D00128,1,0
liquid100_mat5,any_relevance,2week,Logistic_Regression,Config_A,SSI,D00129,0,1
liquid100_mat5,any_relevance,2week,Logistic_Regression,Config_A,SSI,D00130,1,1
liquid100_mat5,any_relevance,2week,Logistic_Regression,Config_A,SSI,D00131,0,0
liquid100_mat5,any_relevance,2week,Logistic_Regression,Config_A,SSI,D00132,0,0
liquid100_mat5,any_relevance,2week,Logistic_Regression,Config_A,SSI,D00133,1,1
liquid100_mat5,any_relevance,2week,Logistic_Regression,Config_A,SSI,D00134,0,1
liquid100_mat5,any_relevance,2week,Logistic_Regression,Config_A,SSI,D00135,0,0
liquid100_mat5,any_relevance,2week,Logistic_Regression,Config_A,SSI,D00136,1,1
liquid100_mat5,any_relevance,2week,Logistic_Regression,Config_A,SSI,D00137,0,1
liquid100_mat5,any_relevance,2week,Logistic_Regression,Config_A,SSI,D00138,0,0
liquid100_mat5,any_relevance,2week,Logistic_Regression,Config_A,SSI,D00139,0,0
liquid100_mat5,any_relevance,2week,Logistic_Regression,Config_A,SSI,D00140,0,0
liquid100_mat5,any_relevance,2week,Logistic_Regression,Config_A,SSI,D00141,0,0
liquid100_mat5,any_relevance,2week,Logistic_Regression,Config_A,SSI,D00142,0,0
liquid100_mat5,any_relevance,2week,Logistic_Regression,Config_A,STB,D00119,1,1
liquid100_mat5,any_relevance,2week,Logistic_Regression,Config_A,STB,D00120,0,1
liquid100_mat5,any_relevance,2week,Logistic_Regression,Config_A,STB,D00121,0,0
liquid100_mat5,any_relevance,2week,Logistic_Regression,Config_A,STB,D00122,1,1
liquid100_mat5,any_relevance,2week,Logistic_Regression,Config_A,STB,D00123,1,1
liquid100_mat5,any_relevance,2week,Logistic_Regression,Config_A,STB,D00124,0,0
liquid100_mat5,any_relevance,2week,Logistic_Regression,Config_A,STB,D00125,0,1
liquid100_mat5,any_relevance,2week,Logistic_Regression,Config_A,STB,D00126,0,0
liquid100_mat5,any_relevance,2week,Logistic_Regression,Config_A,STB,D00127,0,0
liquid100_mat5,any_relevance,2week,Logistic_Regression,Config_A,STB,D00128,1,0
liquid100_mat5,any_relevance,2week,Logistic_Regression,Config_A,STB,D00129,1,1
liquid100_mat5,any_relevance,2week,Logistic_Regression,Config_A,STB,D00130,0,0
liquid100_mat5,any_relevance,2week,Logistic_Regression,Config_A,STB,D00131,1,1
liquid100_mat5,any_relevance,2week,Logistic_Regression,Config_A,STB,D00132,0,0
liquid100_mat5,any_relevance,2week,Logistic_Regression,Config_A,STB,D00133,1,1
liquid100_mat5,any_relevance,2week,Logistic_Regression,Config_A,STB,D00134,0,0
liquid100_mat5,any_relevance,2week,Logistic_Regression,Config_A,STB,D00135,0,0
liquid100_mat5,any_relevance,2week,Logistic_Regression,Config_A,STB,D00136,1,0
liquid100_mat5,any_relevance,2week,Logistic_Regression,Config_A,STB,D00137,1,0
liquid100_mat5,any_relevance,2week,Logistic_Regression,Config_A,STB,D00138,1,0
liquid100_mat5,any_relevance,2week,Logistic_Regression,Config_A,STB,D00139,0,0
liquid100_mat5,any_relevance,2week,Logistic_Regression,Config_A,STB,D00140,0,0
liquid100_mat5,any_relevance,2week,Logistic_Regression,Config_A,STB,D00141,1,1
liquid100_mat5,any_relevance,2week,Logistic_Regression,Config_A,STB,D00142,1,0
liquid100_mat5,any_relevance,2week,Logistic_Regression,Config_A,TCB,D00119,1,1
liquid100_mat5,any_relevance,2week,Logistic_Regression,Config_A,TCB,D00120,0,1
liquid100_mat5,any_relevance,2week,Logistic_Regression,Config_A,TCB,D00121,0,0
liquid100_mat5,any_relevance,2week,Logistic_Regression,Config_A,TCB,D00122,0,0
liquid100_mat5,any_relevance,2week,Logistic_Regression,Config_A,TCB,D00123,1,1
liquid100_mat5,any_relevance,2week,Logistic_Regression,Config_A,TCB,D00124,0,1
liquid100_mat5,any_relevance,2week,Logistic_Regression,Config_A,TCB,D00125,0,0
liquid100_mat5,any_relevance,2week,Logistic_Regression,Config_A,TCB,D00126,0,1
liquid100_mat5,any_relevance,2week,Logistic_Regression,Config_A,TCB,D00127,0,0
liquid100_mat5,any_relevance,2week,Logistic_Regression,Config_A,TCB,D00128,0,0
liquid100_mat5,any_relevance,2week,Logistic_Regression,Config_A,TCB,D00129,1,1
liquid100_mat5,any_relevance,2week,Logistic_Regression,Config_A,TCB,D00130,1,1
liquid100_mat5,any_relevance,2week,Logistic_Regression,Config_A,TCB,D00131,0,0
liquid100_mat5,any_relevance,2week,Logistic_Regression,Config_A,TCB,D00132,0,0
liquid100_mat5,any_relevance,2week,Logistic_Regression,Config_A,TCB,D00133,0,1
liquid100_mat5,any_relevance,2week,Logistic_Regression,Config_A,TCB,D00134,0,0
liquid100_mat5,any_relevance,2week,Logistic_Regression,Config_A,TCB,D00135,0,0
liquid100_mat5,any_relevance,2week,Logistic_Regression,Config_A,TCB,D00136,1,1
liquid100_mat5,any_relevance,2week,Logistic_Regression,Config_A,TCB,D00137,1,1
liquid100_mat5,any_relevance,2week,Logistic_Regression,Config_A,TCB,D00138,0,0
liquid100_mat5,any_relevance,2week,Logistic_Regression,Config_A,TCB,D00139,0,1
liquid100_mat5,any_relevance,2week,Logistic_Regression,Config_A,TCB,D00140,0,0
liquid100_mat5,any_relevance,2week,Logistic_Regression,Config_A,TCB,D00141,0,0
liquid100_mat5,any_relevance,2week,Logistic_Regression,Config_A,TCB,D00142,1,1
liquid100_mat5,any_relevance,2week,Logistic_Regression,Config_A,TPB,D00119,1,1
liquid100_mat5,any_relevance,2week,Logistic_Regression,Config_A,TPB,D00120,1,1
liquid100_mat5,any_relevance,2week,Logistic_Regression,Config_A,TPB,D00121,0,1
liquid100_mat5,any_relevance,2week,Logistic_Regression,Config_A,TPB,D00122,0,0
liquid100_mat5,any_relevance,2week,Logistic_Regression,Config_A,TPB,D00123,1,0
liquid100_mat5,any_relevance,2week,Logistic_Regression,Config_A,TPB,D00124,0,1
liquid100_mat5,any_relevance,2week,Logistic_Regression,Config_A,TPB,D00125,0,1
liquid100_mat5,any_relevance,2week,Logistic_Regression,Config_A,TPB,D00126,1,1
liquid100_mat5,any_relevance,2week,Logistic_Regression,Config_A,TPB,D00127,0,1
liquid100_mat5,any_relevance,2week,Logistic_Regression,Config_A,TPB,D00128,0,0
liquid100_mat5,any_relevance,2week,Logistic_Regression,Config_A,TPB,D00129,0,1
liquid100_mat5,any_relevance,2week,Logistic_Regression,Config_A,TPB,D00130,1,1
liquid100_mat5,any_relevance,2week,Logistic_Regression,Config_A,TPB,D00131,0,0
liquid100_mat5,any_relevance,2week,Logistic_Regression,Config_A,TPB,D00132,0,1
liquid100_mat5,any_relevance,2week,Logistic_Regression,Config_A,TPB,D00133,1,1
liquid100_mat5,any_relevance,2week,Logistic_Regression,Config_A,TPB,D00134,0,0
liquid100_mat5,any_relevance,2week,Logistic_Regression,Config_A,TPB,D00135,0,1
liquid100_mat5,any_relevance,2week,Logistic_Regression,Config_A,TPB,D00136,0,1
liquid100_mat5,any_relevance,2week,Logistic_Regression,Config_A,TPB,D00137,0,1
liquid100_mat5,any_relevance,2week,Logistic_Regression,Config_A,TPB,D00138,0,0
liquid100_mat5,any_relevance,2week,Logistic_Regression,Config_A,TPB,D00139,0,1
liquid100_mat5,any_relevance,2week,Logistic_Regression,Config_A,TPB,D00140,0,1
liquid100_mat5,any_relevance,2week,Logistic_Regression,Config_A,TPB,D00141,1,1
liquid100_mat5,any_relevance,2week,Logistic_Regression,Config_A,TPB,D00142,0,0
liquid100_mat5,any_relevance,2week,Logistic_Regression,Config_A,VCB,D00119,1,0
liquid100_mat5,any_relevance,2week,Logistic_Regression,Config_A,VCB,D00120,1,0
liquid100_mat5,any_relevance,2week,Logistic_Regression,Config_A,VCB,D00121,0,0
liquid100_mat5,any_relevance,2week,Logistic_Regression,Config_A,VCB,D00122,0,0
liquid100_mat5,any_relevance,2week,Logistic_Regression,Config_A,VCB,D00123,1,0
liquid100_mat5,any_relevance,2week,Logistic_Regression,Config_A,VCB,D00124,0,0
liquid100_mat5,any_relevance,2week,Logistic_Regression,Config_A,VCB,D00125,0,1
liquid100_mat5,any_relevance,2week,Logistic_Regression,Config_A,VCB,D00126,0,0
liquid100_mat5,any_relevance,2week,Logistic_Regression,Config_A,VCB,D00127,0,0
liquid100_mat5,any_relevance,2week,Logistic_Regression,Config_A,VCB,D00128,0,0
liquid100_mat5,any_relevance,2week,Logistic_Regression,Config_A,VCB,D00129,1,0
liquid100_mat5,any_relevance,2week,Logistic_Regression,Config_A,VCB,D00130,1,1
liquid100_mat5,any_relevance,2week,Logistic_Regression,Config_A,VCB,D00131,0,0
liquid100_mat5,any_relevance,2week,Logistic_Regression,Config_A,VCB,D00132,0,0
liquid100_mat5,any_relevance,2week,Logistic_Regression,Config_A,VCB,D00133,0,0
liquid100_mat5,any_relevance,2week,Logistic_Regression,Config_A,VCB,D00134,0,0
liquid100_mat5,any_relevance,2week,Logistic_Regression,Config_A,VCB,D00135,0,0
liquid100_mat5,any_relevance,2week,Logistic_Regression,Config_A,VCB,D00136,0,0
liquid100_mat5,any_relevance,2week,Logistic_Regression,Config_A,VCB,D00137,0,0
liquid100_mat5,any_relevance,2week,Logistic_Regression,Config_A,VCB,D00138,0,0
liquid100_mat5,any_relevance,2week,Logistic_Regression,Config_A,VCB,D00139,1,0
liquid100_mat5,any_relevance,2week,Logistic_Regression,Config_A,VCB,D00140,0,0
liquid100_mat5,any_relevance,2week,Logistic_Regression,Config_A,VCB,D00141,0,0
liquid100_mat5,any_relevance,2week,Logistic_Regression,Config_A,VCB,D00142,0,0
liquid100_mat5,any_relevance,2week,Logistic_Regression,Config_A,VCG,D00119,1,0
liquid100_mat5,any_relevance,2week,Logistic_Regression,Config_A,VCG,D00120,0,0
liquid100_mat5,any_relevance,2week,Logistic_Regression,Config_A,VCG,D00121,1,1
liquid100_mat5,any_relevance,2week,Logistic_Regression,Config_A,VCG,D00122,1,1
liquid100_mat5,any_relevance,2week,Logistic_Regression,Config_A,VCG,D00123,0,0
liquid100_mat5,any_relevance,2week,Logistic_Regression,Config_A,VCG,D00124,0,0
liquid100_mat5,any_relevance,2week,Logistic_Regression,Config_A,VCG,D00125,0,1
liquid100_mat5,any_relevance,2week,Logistic_Regression,Config_A,VCG,D00126,0,1
liquid100_mat5,any_relevance,2week,Logistic_Regression,Config_A,VCG,D00127,0,1
liquid100_mat5,any_relevance,2week,Logistic_Regression,Config_A,VCG,D00128,0,1
liquid100_mat5,any_relevance,2week,Logistic_Regression,Config_A,VCG,D00129,0,0
liquid100_mat5,any_relevance,2week,Logistic_Regression,Config_A,VCG,D00130,0,0
liquid100_mat5,any_relevance,2week,Logistic_Regression,Config_A,VCG,D00131,0,1
liquid100_mat5,any_relevance,2week,Logistic_Regression,Config_A,VCG,D00132,0,0
liquid100_mat5,any_relevance,2week,Logistic_Regression,Config_A,VCG,D00133,1,1
liquid100_mat5,any_relevance,2week,Logistic_Regression,Config_A,VCG,D00134,1,1
liquid100_mat5,any_relevance,2week,Logistic_Regression,Config_A,VCG,D00135,0,1
liquid100_mat5,any_relevance,2week,Logistic_Regression,Config_A,VCG,D00136,0,1
liquid100_mat5,any_relevance,2week,Logistic_Regression,Config_A,VCG,D00137,0,0
liquid100_mat5,any_relevance,2week,Logistic_Regression,Config_A,VCG,D00138,0,0
liquid100_mat5,any_relevance,2week,Logistic_Regression,Config_A,VCG,D00139,0,0
liquid100_mat5,any_relevance,2week,Logistic_Regression,Config_A,VCG,D00140,0,0
liquid100_mat5,any_relevance,2week,Logistic_Regression,Config_A,VCG,D00141,0,1
liquid100_mat5,any_relevance,2week,Logistic_Regression,Config_A,VCG,D00142,1,0
liquid100_mat5,any_relevance,2week,Logistic_Regression,Config_A,VCI,D00119,1,1
liquid100_mat5,any_relevance,2week,Logistic_Regression,Config_A,VCI,D00120,0,0
liquid100_mat5,any_relevance,2week,Logistic_Regression,Config_A,VCI,D00121,0,1
liquid100_mat5,any_relevance,2week,Logistic_Regression,Config_A,VCI,D00122,0,0
liquid100_mat5,any_relevance,2week,Logistic_Regression,Config_A,VCI,D00123,0,0
liquid100_mat5,any_relevance,2week,Logistic_Regression,Config_A,VCI,D00124,0,0
liquid100_mat5,any_relevance,2week,Logistic_Regression,Config_A,VCI,D00125,0,0
liquid100_mat5,any_relevance,2week,Logistic_Regression,Config_A,VCI,D00126,0,0
liquid100_mat5,any_relevance,2week,Logistic_Regression,Config_A,VCI,D00127,0,0
liquid100_mat5,any_relevance,2week,Logistic_Regression,Config_A,VCI,D00128,0,1
liquid100_mat5,any_relevance,2week,Logistic_Regression,Config_A,VCI,D00129,0,1
liquid100_mat5,any_relevance,2week,Logistic_Regression,Config_A,VCI,D00130,1,0
liquid100_mat5,any_relevance,2week,Logistic_Regression,Config_A,VCI,D00131,1,0
liquid100_mat5,any_relevance,2week,Logistic_Regression,Config_A,VCI,D00132,0,0
liquid100_mat5,any_relevance,2week,Logistic_Regression,Config_A,VCI,D00133,1,1
liquid100_mat5,any_relevance,2week,Logistic_Regression,Config_A,VCI,D00134,0,1
liquid100_mat5,any_relevance,2week,Logistic_Regression,Config_A,VCI,D00135,0,0
liquid100_mat5,any_relevance,2week,Logistic_Regression,Config_A,VCI,D00136,1,1
liquid100_mat5,any_relevance,2week,Logistic_Regression,Config_A,VCI,D00137,0,0
liquid100_mat5,any_relevance,2week,Logistic_Regression,Config_A,VCI,D00138,0,0
liquid100_mat5,any_relevance,2week,Logistic_Regression,Config_A,VCI,D00139,0,1
liquid100_mat5,any_relevance,2week,Logistic_Regression,Config_A,VCI,D00140,0,0
liquid100_mat5,any_relevance,2week,Logistic_Regression,Config_A,VCI,D00141,0,0
liquid100_mat5,any_relevance,2week,Logistic_Regression,Config_A,VCI,D00142,0,0
liquid100_mat5,any_relevance,2week,Logistic_Regression,Config_A,VHM,D00119,0,0
liquid100_mat5,any_relevance,2week,Logistic_Regression,Config_A,VHM,D00120,1,1
liquid100_mat5,any_relevance,2week,Logistic_Regression,Config_A,VHM,D00121,0,0
liquid100_mat5,any_relevance,2week,Logistic_Regression,Config_A,VHM,D00122,0,0
liquid100_mat5,any_relevance,2week,Logistic_Regression,Config_A,VHM,D00123,1,0
liquid100_mat5,any_relevance,2week,Logistic_Regression,Config_A,VHM,D00124,0,0
liquid100_mat5,any_relevance,2week,Logistic_Regression,Config_A,VHM,D00125,0,0
liquid100_mat5,any_relevance,2week,Logistic_Regression,Config_A,VHM,D00126,1,0
liquid100_mat5,any_relevance,2week,Logistic_Regression,Config_A,VHM,D00127,1,0
liquid100_mat5,any_relevance,2week,Logistic_Regression,Config_A,VHM,D00128,0,0
liquid100_mat5,any_relevance,2week,Logistic_Regression,Config_A,VHM,D00129,1,1
liquid100_mat5,any_relevance,2week,Logistic_Regression,Config_A,VHM,D00130,0,0
liquid100_mat5,any_relevance,2week,Logistic_Regression,Config_A,VHM,D00131,0,0
liquid100_mat5,any_relevance,2week,Logistic_Regression,Config_A,VHM,D00132,0,0
liquid100_mat5,any_relevance,2week,Logistic_Regression,Config_A,VHM,D00133,0,0
liquid100_mat5,any_relevance,2week,Logistic_Regression,Config_A,VHM,D00134,0,0
liquid100_mat5,any_relevance,2week,Logistic_Regression,Config_A,VHM,D00135,1,0
liquid100_mat5,any_relevance,2week,Logistic_Regression,Config_A,VHM,D00136,1,1
liquid100_mat5,any_relevance,2week,Logistic_Regression,Config_A,VHM,D00137,1,1
liquid100_mat5,any_relevance,2week,Logistic_Regression,Config_A,VHM,D00138,1,0
liquid100_mat5,any_relevance,2week,Logistic_Regression,Config_A,VHM,D00139,0,0
liquid100_mat5,any_relevance,2week,Logistic_Regression,Config_A,VHM,D00140,0,0
liquid100_mat5,any_relevance,2week,Logistic_Regression,Config_A,VHM,D00141,0,0
liquid100_mat5,any_relevance,2week,Logistic_Regression,Config_A,VHM,D00142,1,0
liquid100_mat5,any_relevance,2week,Logistic_Regression,Config_A,VIB,D00119,1,0
liquid100_mat5,any_relevance,2week,Logistic_Regression,Config_A,VIB,D00120,1,1
liquid100_mat5,any_relevance,2week,Logistic_Regression,Config_A,VIB,D00121,0,0
liquid100_mat5,any_relevance,2week,Logistic_Regression,Config_A,VIB,D00122,0,0
liquid100_mat5,any_relevance,2week,Logistic_Regression,Config_A,VIB,D00123,0,0
liquid100_mat5,any_relevance,2week,Logistic_Regression,Config_A,VIB,D00124,0,0
liquid100_mat5,any_relevance,2week,Logistic_Regression,Config_A,VIB,D00125,0,1
liquid100_mat5,any_relevance,2week,Logistic_Regression,Config_A,VIB,D00126,0,1
liquid100_mat5,any_relevance,2week,Logistic_Regression,Config_A,VIB,D00127,0,1
liquid100_mat5,any_relevance,2week,Logistic_Regression,Config_A,VIB,D00128,0,0
liquid100_mat5,any_relevance,2week,Logistic_Regression,Config_A,VIB,D00129,0,1
liquid100_mat5,any_relevance,2week,Logistic_Regression,Config_A,VIB,D00130,1,1
liquid100_mat5,any_relevance,2week,Logistic_Regression,Config_A,VIB,D00131,0,0
liquid100_mat5,any_relevance,2week,Logistic_Regression,Config_A,VIB,D00132,0,0
liquid100_mat5,any_relevance,2week,Logistic_Regression,Config_A,VIB,D00133,0,1
liquid100_mat5,any_relevance,2week,Logistic_Regression,Config_A,VIB,D00134,0,0
liquid100_mat5,any_relevance,2week,Logistic_Regression,Config_A,VIB,D00135,0,1
liquid100_mat5,any_relevance,2week,Logistic_Regression,Config_A,VIB,D00136,0,1
liquid100_mat5,any_relevance,2week,Logistic_Regression,Config_A,VIB,D00137,0,0
liquid100_mat5,any_relevance,2week,Logistic_Regression,Config_A,VIB,D00138,0,0
liquid100_mat5,any_relevance,2week,Logistic_Regression,Config_A,VIB,D00139,0,1
liquid100_mat5,any_relevance,2week,Logistic_Regression,Config_A,VIB,D00140,0,1
liquid100_mat5,any_relevance,2week,Logistic_Regression,Config_A,VIB,D00141,0,1
liquid100_mat5,any_relevance,2week,Logistic_Regression,Config_A,VIB,D00142,0,0
liquid100_mat5,any_relevance,2week,Logistic_Regression,Config_A,VIC,D00119,1,0
liquid100_mat5,any_relevance,2week,Logistic_Regression,Config_A,VIC,D00120,1,1
liquid100_mat5,any_relevance,2week,Logistic_Regression,Config_A,VIC,D00121,1,0
liquid100_mat5,any_relevance,2week,Logistic_Regression,Config_A,VIC,D00122,1,1
liquid100_mat5,any_relevance,2week,Logistic_Regression,Config_A,VIC,D00123,1,0
liquid100_mat5,any_relevance,2week,Logistic_Regression,Config_A,VIC,D00124,1,0
liquid100_mat5,any_relevance,2week,Logistic_Regression,Config_A,VIC,D00125,0,0
liquid100_mat5,any_relevance,2week,Logistic_Regression,Config_A,VIC,D00126,1,0
liquid100_mat5,any_relevance,2week,Logistic_Regression,Config_A,VIC,D00127,1,0
liquid100_mat5,any_relevance,2week,Logistic_Regression,Config_A,VIC,D00128,1,0
liquid100_mat5,any_relevance,2week,Logistic_Regression,Config_A,VIC,D00129,1,0
liquid100_mat5,any_relevance,2week,Logistic_Regression,Config_A,VIC,D00130,0,0
liquid100_mat5,any_relevance,2week,Logistic_Regression,Config_A,VIC,D00131,0,0
liquid100_mat5,any_relevance,2week,Logistic_Regression,Config_A,VIC,D00132,1,0
liquid100_mat5,any_relevance,2week,Logistic_Regression,Config_A,VIC,D00133,1,0
liquid100_mat5,any_relevance,2week,Logistic_Regression,Config_A,VIC,D00134,0,0
liquid100_mat5,any_relevance,2week,Logistic_Regression,Config_A,VIC,D00135,0,0
liquid100_mat5,any_relevance,2week,Logistic_Regression,Config_A,VIC,D00136,1,0
liquid100_mat5,any_relevance,2week,Logistic_Regression,Config_A,VIC,D00137,1,1
liquid100_mat5,any_relevance,2week,Logistic_Regression,Config_A,VIC,D00138,1,0
liquid100_mat5,any_relevance,2week,Logistic_Regression,Config_A,VIC,D00139,0,0
liquid100_mat5,any_relevance,2week,Logistic_Regression,Config_A,VIC,D00140,0,0
liquid100_mat5,any_relevance,2week,Logistic_Regression,Config_A,VIC,D00141,1,0
liquid100_mat5,any_relevance,2week,Logistic_Regression,Config_A,VIC,D00142,1,0
liquid100_mat5,any_relevance,2week,Logistic_Regression,Config_A,VJC,D00119,1,0
liquid100_mat5,any_relevance,2week,Logistic_Regression,Config_A,VJC,D00120,1,0
liquid100_mat5,any_relevance,2week,Logistic_Regression,Config_A,VJC,D00121,0,0
liquid100_mat5,any_relevance,2week,Logistic_Regression,Config_A,VJC,D00122,0,0
liquid100_mat5,any_relevance,2week,Logistic_Regression,Config_A,VJC,D00123,1,0
liquid100_mat5,any_relevance,2week,Logistic_Regression,Config_A,VJC,D00124,1,1
liquid100_mat5,any_relevance,2week,Logistic_Regression,Config_A,VJC,D00125,0,0
liquid100_mat5,any_relevance,2week,Logistic_Regression,Config_A,VJC,D00126,1,0
liquid100_mat5,any_relevance,2week,Logistic_Regression,Config_A,VJC,D00127,1,0
liquid100_mat5,any_relevance,2week,Logistic_Regression,Config_A,VJC,D00128,0,0
liquid100_mat5,any_relevance,2week,Logistic_Regression,Config_A,VJC,D00129,1,0
liquid100_mat5,any_relevance,2week,Logistic_Regression,Config_A,VJC,D00130,0,0
liquid100_mat5,any_relevance,2week,Logistic_Regression,Config_A,VJC,D00131,0,0
liquid100_mat5,any_relevance,2week,Logistic_Regression,Config_A,VJC,D00132,0,0
liquid100_mat5,any_relevance,2week,Logistic_Regression,Config_A,VJC,D00133,1,0
liquid100_mat5,any_relevance,2week,Logistic_Regression,Config_A,VJC,D00134,0,0
liquid100_mat5,any_relevance,2week,Logistic_Regression,Config_A,VJC,D00135,0,0
liquid100_mat5,any_relevance,2week,Logistic_Regression,Config_A,VJC,D00136,1,0
liquid100_mat5,any_relevance,2week,Logistic_Regression,Config_A,VJC,D00137,1,0
liquid100_mat5,any_relevance,2week,Logistic_Regression,Config_A,VJC,D00138,0,0
liquid100_mat5,any_relevance,2week,Logistic_Regression,Config_A,VJC,D00139,0,0
liquid100_mat5,any_relevance,2week,Logistic_Regression,Config_A,VJC,D00140,1,0
liquid100_mat5,any_relevance,2week,Logistic_Regression,Config_A,VJC,D00141,1,0
liquid100_mat5,any_relevance,2week,Logistic_Regression,Config_A,VJC,D00142,0,0
liquid100_mat5,any_relevance,2week,Logistic_Regression,Config_A,VND,D00119,1,0
liquid100_mat5,any_relevance,2week,Logistic_Regression,Config_A,VND,D00120,0,0
liquid100_mat5,any_relevance,2week,Logistic_Regression,Config_A,VND,D00121,0,1
liquid100_mat5,any_relevance,2week,Logistic_Regression,Config_A,VND,D00122,0,0
liquid100_mat5,any_relevance,2week,Logistic_Regression,Config_A,VND,D00123,1,0
liquid100_mat5,any_relevance,2week,Logistic_Regression,Config_A,VND,D00124,0,1
liquid100_mat5,any_relevance,2week,Logistic_Regression,Config_A,VND,D00125,0,0
liquid100_mat5,any_relevance,2week,Logistic_Regression,Config_A,VND,D00126,0,1
liquid100_mat5,any_relevance,2week,Logistic_Regression,Config_A,VND,D00127,0,0
liquid100_mat5,any_relevance,2week,Logistic_Regression,Config_A,VND,D00128,1,0
liquid100_mat5,any_relevance,2week,Logistic_Regression,Config_A,VND,D00129,0,1
liquid100_mat5,any_relevance,2week,Logistic_Regression,Config_A,VND,D00130,1,1
liquid100_mat5,any_relevance,2week,Logistic_Regression,Config_A,VND,D00131,0,0
liquid100_mat5,any_relevance,2week,Logistic_Regression,Config_A,VND,D00132,0,0
liquid100_mat5,any_relevance,2week,Logistic_Regression,Config_A,VND,D00133,1,1
liquid100_mat5,any_relevance,2week,Logistic_Regression,Config_A,VND,D00134,0,1
liquid100_mat5,any_relevance,2week,Logistic_Regression,Config_A,VND,D00135,0,0
liquid100_mat5,any_relevance,2week,Logistic_Regression,Config_A,VND,D00136,1,1
liquid100_mat5,any_relevance,2week,Logistic_Regression,Config_A,VND,D00137,0,1
liquid100_mat5,any_relevance,2week,Logistic_Regression,Config_A,VND,D00138,0,0
liquid100_mat5,any_relevance,2week,Logistic_Regression,Config_A,VND,D00139,1,1
liquid100_mat5,any_relevance,2week,Logistic_Regression,Config_A,VND,D00140,1,1
liquid100_mat5,any_relevance,2week,Logistic_Regression,Config_A,VND,D00141,1,0
liquid100_mat5,any_relevance,2week,Logistic_Regression,Config_A,VND,D00142,0,0
liquid100_mat5,any_relevance,2week,Logistic_Regression,Config_A,VNM,D00119,0,0
liquid100_mat5,any_relevance,2week,Logistic_Regression,Config_A,VNM,D00120,0,0
liquid100_mat5,any_relevance,2week,Logistic_Regression,Config_A,VNM,D00121,1,1
liquid100_mat5,any_relevance,2week,Logistic_Regression,Config_A,VNM,D00122,0,0
liquid100_mat5,any_relevance,2week,Logistic_Regression,Config_A,VNM,D00123,1,0
liquid100_mat5,any_relevance,2week,Logistic_Regression,Config_A,VNM,D00124,0,1
liquid100_mat5,any_relevance,2week,Logistic_Regression,Config_A,VNM,D00125,1,0
liquid100_mat5,any_relevance,2week,Logistic_Regression,Config_A,VNM,D00126,1,1
liquid100_mat5,any_relevance,2week,Logistic_Regression,Config_A,VNM,D00127,1,0
liquid100_mat5,any_relevance,2week,Logistic_Regression,Config_A,VNM,D00128,0,0
liquid100_mat5,any_relevance,2week,Logistic_Regression,Config_A,VNM,D00129,0,0
liquid100_mat5,any_relevance,2week,Logistic_Regression,Config_A,VNM,D00130,1,1
liquid100_mat5,any_relevance,2week,Logistic_Regression,Config_A,VNM,D00131,1,0
liquid100_mat5,any_relevance,2week,Logistic_Regression,Config_A,VNM,D00132,0,0
liquid100_mat5,any_relevance,2week,Logistic_Regression,Config_A,VNM,D00133,0,0
liquid100_mat5,any_relevance,2week,Logistic_Regression,Config_A,VNM,D00134,0,0
liquid100_mat5,any_relevance,2week,Logistic_Regression,Config_A,VNM,D00135,0,0
liquid100_mat5,any_relevance,2week,Logistic_Regression,Config_A,VNM,D00136,0,0
liquid100_mat5,any_relevance,2week,Logistic_Regression,Config_A,VNM,D00137,0,0
liquid100_mat5,any_relevance,2week,Logistic_Regression,Config_A,VNM,D00138,0,0
liquid100_mat5,any_relevance,2week,Logistic_Regression,Config_A,VNM,D00139,0,0
liquid100_mat5,any_relevance,2week,Logistic_Regression,Config_A,VNM,D00140,0,0
liquid100_mat5,any_relevance,2week,Logistic_Regression,Config_A,VNM,D00141,0,1
liquid100_mat5,any_relevance,2week,Logistic_Regression,Config_A,VNM,D00142,0,0
liquid100_mat5,any_relevance,2week,Logistic_Regression,Config_A,VPB,D00119,1,1
liquid100_mat5,any_relevance,2week,Logistic_Regression,Config_A,VPB,D00120,1,1
liquid100_mat5,any_relevance,2week,Logistic_Regression,Config_A,VPB,D00121,0,0
liquid100_mat5,any_relevance,2week,Logistic_Regression,Config_A,VPB,D00122,0,0
liquid100_mat5,any_relevance,2week,Logistic_Regression,Config_A,VPB,D00123,1,0
liquid100_mat5,any_relevance,2week,Logistic_Regression,Config_A,VPB,D00124,0,1
liquid100_mat5,any_relevance,2week,Logistic_Regression,Config_A,VPB,D00125,0,0
liquid100_mat5,any_relevance,2week,Logistic_Regression,Config_A,VPB,D00126,0,0
liquid100_mat5,any_relevance,2week,Logistic_Regression,Config_A,VPB,D00127,1,1
liquid100_mat5,any_relevance,2week,Logistic_Regression,Config_A,VPB,D00128,0,0
liquid100_mat5,any_relevance,2week,Logistic_Regression,Config_A,VPB,D00129,0,1
liquid100_mat5,any_relevance,2week,Logistic_Regression,Config_A,VPB,D00130,1,1
liquid100_mat5,any_relevance,2week,Logistic_Regression,Config_A,VPB,D00131,0,0
liquid100_mat5,any_relevance,2week,Logistic_Regression,Config_A,VPB,D00132,0,0
liquid100_mat5,any_relevance,2week,Logistic_Regression,Config_A,VPB,D00133,1,1
liquid100_mat5,any_relevance,2week,Logistic_Regression,Config_A,VPB,D00134,0,0
liquid100_mat5,any_relevance,2week,Logistic_Regression,Config_A,VPB,D00135,0,1
liquid100_mat5,any_relevance,2week,Logistic_Regression,Config_A,VPB,D00136,1,1
liquid100_mat5,any_relevance,2week,Logistic_Regression,Config_A,VPB,D00137,1,1
liquid100_mat5,any_relevance,2week,Logistic_Regression,Config_A,VPB,D00138,0,0
liquid100_mat5,any_relevance,2week,Logistic_Regression,Config_A,VPB,D00139,0,1
liquid100_mat5,any_relevance,2week,Logistic_Regression,Config_A,VPB,D00140,0,0
liquid100_mat5,any_relevance,2week,Logistic_Regression,Config_A,VPB,D00141,0,0
liquid100_mat5,any_relevance,2week,Logistic_Regression,Config_A,VPB,D00142,0,1
liquid100_mat5,any_relevance,2week,Logistic_Regression,Config_A,VSC,D00119,1,0
liquid100_mat5,any_relevance,2week,Logistic_Regression,Config_A,VSC,D00120,0,0
liquid100_mat5,any_relevance,2week,Logistic_Regression,Config_A,VSC,D00121,0,1
liquid100_mat5,any_relevance,2week,Logistic_Regression,Config_A,VSC,D00122,0,0
liquid100_mat5,any_relevance,2week,Logistic_Regression,Config_A,VSC,D00123,0,0
liquid100_mat5,any_relevance,2week,Logistic_Regression,Config_A,VSC,D00124,0,0
liquid100_mat5,any_relevance,2week,Logistic_Regression,Config_A,VSC,D00125,0,1
liquid100_mat5,any_relevance,2week,Logistic_Regression,Config_A,VSC,D00126,1,1
liquid100_mat5,any_relevance,2week,Logistic_Regression,Config_A,VSC,D00127,0,1
liquid100_mat5,any_relevance,2week,Logistic_Regression,Config_A,VSC,D00128,0,0
liquid100_mat5,any_relevance,2week,Logistic_Regression,Config_A,VSC,D00129,0,1
liquid100_mat5,any_relevance,2week,Logistic_Regression,Config_A,VSC,D00130,1,1
liquid100_mat5,any_relevance,2week,Logistic_Regression,Config_A,VSC,D00131,0,1
liquid100_mat5,any_relevance,2week,Logistic_Regression,Config_A,VSC,D00132,1,1
liquid100_mat5,any_relevance,2week,Logistic_Regression,Config_A,VSC,D00133,1,1
liquid100_mat5,any_relevance,2week,Logistic_Regression,Config_A,VSC,D00134,0,0
liquid100_mat5,any_relevance,2week,Logistic_Regression,Config_A,VSC,D00135,0,1
liquid100_mat5,any_relevance,2week,Logistic_Regression,Config_A,VSC,D00136,1,1
liquid100_mat5,any_relevance,2week,Logistic_Regression,Config_A,VSC,D00137,0,0
liquid100_mat5,any_relevance,2week,Logistic_Regression,Config_A,VSC,D00138,0,0
liquid100_mat5,any_relevance,2week,Logistic_Regression,Config_A,VSC,D00139,0,0
liquid100_mat5,any_relevance,2week,Logistic_Regression,Config_A,VSC,D00140,0,0
liquid100_mat5,any_relevance,2week,Logistic_Regression,Config_A,VSC,D00141,0,0
liquid100_mat5,any_relevance,2week,Logistic_Regression,Config_A,VSC,D00142,0,0
liquid100_mat5,any_relevance,2week,Random_Forest,Config_A,ACB,D00119,1,1
liquid100_mat5,any_relevance,2week,Random_Forest,Config_A,ACB,D00120,1,1
liquid100_mat5,any_relevance,2week,Random_Forest,Config_A,ACB,D00121,0,0
liquid100_mat5,any_relevance,2week,Random_Forest,Config_A,ACB,D00122,0,0
liquid100_mat5,any_relevance,2week,Random_Forest,Config_A,ACB,D00123,1,1
liquid100_mat5,any_relevance,2week,Random_Forest,Config_A,ACB,D00124,0,0
liquid100_mat5,any_relevance,2week,Random_Forest,Config_A,ACB,D00125,0,0
liquid100_mat5,any_relevance,2week,Random_Forest,Config_A,ACB,D00126,0,0
liquid100_mat5,any_relevance,2week,Random_Forest,Config_A,ACB,D00127,0,0
liquid100_mat5,any_relevance,2week,Random_Forest,Config_A,ACB,D00128,0,0
liquid100_mat5,any_relevance,2week,Random_Forest,Config_A,ACB,D00129,0,0
liquid100_mat5,any_relevance,2week,Random_Forest,Config_A,ACB,D00130,1,0
liquid100_mat5,any_relevance,2week,Random_Forest,Config_A,ACB,D00131,0,0
liquid100_mat5,any_relevance,2week,Random_Forest,Config_A,ACB,D00132,0,0
liquid100_mat5,any_relevance,2week,Random_Forest,Config_A,ACB,D00133,1,1
liquid100_mat5,any_relevance,2week,Random_Forest,Config_A,ACB,D00134,0,0
liquid100_mat5,any_relevance,2week,Random_Forest,Config_A,ACB,D00135,0,1
liquid100_mat5,any_relevance,2week,Random_Forest,Config_A,ACB,D00136,0,0
liquid100_mat5,any_relevance,2week,Random_Forest,Config_A,ACB,D00137,0,0
liquid100_mat5,any_relevance,2week,Random_Forest,Config_A,ACB,D00138,0,0
liquid100_mat5,any_relevance,2week,Random_Forest,Config_A,ACB,D00139,1,0
liquid100_mat5,any_relevance,2week,Random_Forest,Config_A,ACB,D00140,1,1
liquid100_mat5,any_relevance,2week,Random_Forest,Config_A,ACB,D00141,0,1
liquid100_mat5,any_relevance,2week,Random_Forest,Config_A,ACB,D00142,0,0
liquid100_mat5,any_relevance,2week,Random_Forest,Config_A,BID,D00119,1,1
liquid100_mat5,any_relevance,2week,Random_Forest,Config_A,BID,D00120,1,1
liquid100_mat5,any_relevance,2week,Random_Forest,Config_A,BID,D00121,0,0
liquid100_mat5,any_relevance,2week,Random_Forest,Config_A,BID,D00122,0,0
liquid100_mat5,any_relevance,2week,Random_Forest,Config_A,BID,D00123,0,0
liquid100_mat5,any_relevance,2week,Random_Forest,Config_A,BID,D00124,0,0
liquid100_mat5,any_relevance,2week,Random_Forest,Config_A,BID,D00125,0,0
liquid100_mat5,any_relevance,2week,Random_Forest,Config_A,BID,D00126,0,0
liquid100_mat5,any_relevance,2week,Random_Forest,Config_A,BID,D00127,0,0
liquid100_mat5,any_relevance,2week,Random_Forest,Config_A,BID,D00128,0,0
liquid100_mat5,any_relevance,2week,Random_Forest,Config_A,BID,D00129,1,0
liquid100_mat5,any_relevance,2week,Random_Forest,Config_A,BID,D00130,1,1
liquid100_mat5,any_relevance,2week,Random_Forest,Config_A,BID,D00131,1,1
liquid100_mat5,any_relevance,2week,Random_Forest,Config_A,BID,D00132,0,0
liquid100_mat5,any_relevance,2week,Random_Forest,Config_A,BID,D00133,0,0
liquid100_mat5,any_relevance,2week,Random_Forest,Config_A,BID,D00134,0,0
liquid100_mat5,any_relevance,2week,Random_Forest,Config_A,BID,D00135,0,0
liquid100_mat5,any_relevance,2week,Random_Forest,Config_A,BID,D00136,0,0
liquid100_mat5,any_relevance,2week,Random_Forest,Config_A,BID,D00137,0,0
liquid100_mat5,any_relevance,2week,Random_Forest,Config_A,BID,D00138,1,0
liquid100_mat5,any_relevance,2week,Random_Forest,Config_A,BID,D00139,1,1
liquid100_mat5,any_relevance,2week,Random_Forest,Config_A,BID,D00140,0,0
liquid100_mat5,any_relevance,2week,Random_Forest,Config_A,BID,D00141,0,0
liquid100_mat5,any_relevance,2week,Random_Forest,Config_A,BID,D00142,0,0
liquid100_mat5,any_relevance,2week,Random_Forest,Config_A,CTG,D00119,1,1
liquid100_mat5,any_relevance,2week,Random_Forest,Config_A,CTG,D00120,1,1
liquid100_mat5,any_relevance,2week,Random_Forest,Config_A,CTG,D00121,0,0
liquid100_mat5,any_relevance,2week,Random_Forest,Config_A,CTG,D00122,0,0
liquid100_mat5,any_relevance,2week,Random_Forest,Config_A,CTG,D00123,1,0
liquid100_mat5,any_relevance,2week,Random_Forest,Config_A,CTG,D00124,0,0
liquid100_mat5,any_relevance,2week,Random_Forest,Config_A,CTG,D00125,0,0
liquid100_mat5,any_relevance,2week,Random_Forest,Config_A,CTG,D00126,0,0
liquid100_mat5,any_relevance,2week,Random_Forest,Config_A,CTG,D00127,1,0
liquid100_mat5,any_relevance,2week,Random_Forest,Config_A,CTG,D00128,0,0
liquid100_mat5,any_relevance,2week,Random_Forest,Config_A,CTG,D00129,1,0
liquid100_mat5,any_relevance,2week,Random_Forest,Config_A,CTG,D00130,1,1
liquid100_mat5,any_relevance,2week,Random_Forest,Config_A,CTG,D00131,0,0
liquid100_mat5,any_relevance,2week,Random_Forest,Config_A,CTG,D00132,0,0
liquid100_mat5,any_relevance,2week,Random_Forest,Config_A,CTG,D00133,0,0
liquid100_mat5,any_relevance,2week,Random_Forest,Config_A,CTG,D00134,0,0
liquid100_mat5,any_relevance,2week,Random_Forest,Config_A,CTG,D00135,0,0
liquid100_mat5,any_relevance,2week,Random_Forest,Config_A,CTG,D00136,0,0
liquid100_mat5,any_relevance,2week,Random_Forest,Config_A,CTG,D00137,0,0
liquid100_mat5,any_relevance,2week,Random_Forest,Config_A,CTG,D00138,0,0
liquid100_mat5,any_relevance,2week,Random_Forest,Config_A,CTG,D00139,0,0
liquid100_mat5,any_relevance,2week,Random_Forest,Config_A,CTG,D00140,0,0
liquid100_mat5,any_relevance,2week,Random_Forest,Config_A,CTG,D00141,0,0
liquid100_mat5,any_relevance,2week,Random_Forest,Config_A,CTG,D00142,0,0
liquid100_mat5,any_relevance,2week,Random_Forest,Config_A,DCM,D00119,1,1
liquid100_mat5,any_relevance,2week,Random_Forest,Config_A,DCM,D00120,0,0
liquid100_mat5,any_relevance,2week,Random_Forest,Config_A,DCM,D00121,0,0
liquid100_mat5,any_relevance,2week,Random_Forest,Config_A,DCM,D00122,0,0
liquid100_mat5,any_relevance,2week,Random_Forest,Config_A,DCM,D00123,0,0
liquid100_mat5,any_relevance,2week,Random_Forest,Config_A,DCM,D00124,0,0
liquid100_mat5,any_relevance,2week,Random_Forest,Config_A,DCM,D00125,0,1
liquid100_mat5,any_relevance,2week,Random_Forest,Config_A,DCM,D00126,0,0
liquid100_mat5,any_relevance,2week,Random_Forest,Config_A,DCM,D00127,0,0
liquid100_mat5,any_relevance,2week,Random_Forest,Config_A,DCM,D00128,0,0
liquid100_mat5,any_relevance,2week,Random_Forest,Config_A,DCM,D00129,1,0
liquid100_mat5,any_relevance,2week,Random_Forest,Config_A,DCM,D00130,1,1
liquid100_mat5,any_relevance,2week,Random_Forest,Config_A,DCM,D00131,1,1
liquid100_mat5,any_relevance,2week,Random_Forest,Config_A,DCM,D00132,1,0
liquid100_mat5,any_relevance,2week,Random_Forest,Config_A,DCM,D00133,1,0
liquid100_mat5,any_relevance,2week,Random_Forest,Config_A,DCM,D00134,1,1
liquid100_mat5,any_relevance,2week,Random_Forest,Config_A,DCM,D00135,0,0
liquid100_mat5,any_relevance,2week,Random_Forest,Config_A,DCM,D00136,0,0
liquid100_mat5,any_relevance,2week,Random_Forest,Config_A,DCM,D00137,0,0
liquid100_mat5,any_relevance,2week,Random_Forest,Config_A,DCM,D00138,0,0
liquid100_mat5,any_relevance,2week,Random_Forest,Config_A,DCM,D00139,0,0
liquid100_mat5,any_relevance,2week,Random_Forest,Config_A,DCM,D00140,0,0
liquid100_mat5,any_relevance,2week,Random_Forest,Config_A,DCM,D00141,0,0
liquid100_mat5,any_relevance,2week,Random_Forest,Config_A,DCM,D00142,0,0
liquid100_mat5,any_relevance,2week,Random_Forest,Config_A,DIG,D00119,1,0
liquid100_mat5,any_relevance,2week,Random_Forest,Config_A,DIG,D00120,0,1
liquid100_mat5,any_relevance,2week,Random_Forest,Config_A,DIG,D00121,1,1
liquid100_mat5,any_relevance,2week,Random_Forest,Config_A,DIG,D00122,0,1
liquid100_mat5,any_relevance,2week,Random_Forest,Config_A,DIG,D00123,0,0
liquid100_mat5,any_relevance,2week,Random_Forest,Config_A,DIG,D00124,0,1
liquid100_mat5,any_relevance,2week,Random_Forest,Config_A,DIG,D00125,0,0
liquid100_mat5,any_relevance,2week,Random_Forest,Config_A,DIG,D00126,1,0
liquid100_mat5,any_relevance,2week,Random_Forest,Config_A,DIG,D00127,0,0
liquid100_mat5,any_relevance,2week,Random_Forest,Config_A,DIG,D00128,0,0
liquid100_mat5,any_relevance,2week,Random_Forest,Config_A,DIG,D00129,0,0
liquid100_mat5,any_relevance,2week,Random_Forest,Config_A,DIG,D00130,0,0
liquid100_mat5,any_relevance,2week,Random_Forest,Config_A,DIG,D00131,0,1
liquid100_mat5,any_relevance,2week,Random_Forest,Config_A,DIG,D00132,0,0
liquid100_mat5,any_relevance,2week,Random_Forest,Config_A,DIG,D00133,0,1
liquid100_mat5,any_relevance,2week,Random_Forest,Config_A,DIG,D00134,0,0
liquid100_mat5,any_relevance,2week,Random_Forest,Config_A,DIG,D00135,1,0
liquid100_mat5,any_relevance,2week,Random_Forest,Config_A,DIG,D00136,1,1
liquid100_mat5,any_relevance,2week,Random_Forest,Config_A,DIG,D00137,0,1
liquid100_mat5,any_relevance,2week,Random_Forest,Config_A,DIG,D00138,1,1
liquid100_mat5,any_relevance,2week,Random_Forest,Config_A,DIG,D00139,0,0
liquid100_mat5,any_relevance,2week,Random_Forest,Config_A,DIG,D00140,0,0
liquid100_mat5,any_relevance,2week,Random_Forest,Config_A,DIG,D00141,0,0
liquid100_mat5,any_relevance,2week,Random_Forest,Config_A,DIG,D00142,0,0
liquid100_mat5,any_relevance,2week,Random_Forest,Config_A,DPM,D00119,1,1
liquid100_mat5,any_relevance,2week,Random_Forest,Config_A,DPM,D00120,0,0
liquid100_mat5,any_relevance,2week,Random_Forest,Config_A,DPM,D00121,0,0
liquid100_mat5,any_relevance,2week,Random_Forest,Config_A,DPM,D00122,0,0
liquid100_mat5,any_relevance,2week,Random_Forest,Config_A,DPM,D00123,0,0
liquid100_mat5,any_relevance,2week,Random_Forest,Config_A,DPM,D00124,0,0
liquid100_mat5,any_relevance,2week,Random_Forest,Config_A,DPM,D00125,0,1
liquid100_mat5,any_relevance,2week,Random_Forest,Config_A,DPM,D00126,0,0
liquid100_mat5,any_relevance,2week,Random_Forest,Config_A,DPM,D00127,0,0
liquid100_mat5,any_relevance,2week,Random_Forest,Config_A,DPM,D00128,0,0
liquid100_mat5,any_relevance,2week,Random_Forest,Config_A,DPM,D00129,1,0
liquid100_mat5,any_relevance,2week,Random_Forest,Config_A,DPM,D00130,1,1
liquid100_mat5,any_relevance,2week,Random_Forest,Config_A,DPM,D00131,0,1
liquid100_mat5,any_relevance,2week,Random_Forest,Config_A,DPM,D00132,1,1
liquid100_mat5,any_relevance,2week,Random_Forest,Config_A,DPM,D00133,1,0
liquid100_mat5,any_relevance,2week,Random_Forest,Config_A,DPM,D00134,1,1
liquid100_mat5,any_relevance,2week,Random_Forest,Config_A,DPM,D00135,0,0
liquid100_mat5,any_relevance,2week,Random_Forest,Config_A,DPM,D00136,0,0
liquid100_mat5,any_relevance,2week,Random_Forest,Config_A,DPM,D00137,0,0
liquid100_mat5,any_relevance,2week,Random_Forest,Config_A,DPM,D00138,0,0
liquid100_mat5,any_relevance,2week,Random_Forest,Config_A,DPM,D00139,0,0
liquid100_mat5,any_relevance,2week,Random_Forest,Config_A,DPM,D00140,0,0
liquid100_mat5,any_relevance,2week,Random_Forest,Config_A,DPM,D00141,0,0
liquid100_mat5,any_relevance,2week,Random_Forest,Config_A,DPM,D00142,0,0
liquid100_mat5,any_relevance,2week,Random_Forest,Config_A,DXG,D00119,1,1
liquid100_mat5,any_relevance,2week,Random_Forest,Config_A,DXG,D00120,1,0
liquid100_mat5,any_relevance,2week,Random_Forest,Config_A,DXG,D00121,1,1
liquid100_mat5,any_relevance,2week,Random_Forest,Config_A,DXG,D00122,0,0
liquid100_mat5,any_relevance,2week,Random_Forest,Config_A,DXG,D00123,0,0
liquid100_mat5,any_relevance,2week,Random_Forest,Config_A,DXG,D00124,0,1
liquid100_mat5,any_relevance,2week,Random_Forest,Config_A,DXG,D00125,0,1
liquid100_mat5,any_relevance,2week,Random_Forest,Config_A,DXG,D00126,0,0
liquid100_mat5,any_relevance,2week,Random_Forest,Config_A,DXG,D00127,0,0
liquid100_mat5,any_relevance,2week,Random_Forest,Config_A,DXG,D00128,0,0
liquid100_mat5,any_relevance,2week,Random_Forest,Config_A,DXG,D00129,0,1
liquid100_mat5,any_relevance,2week,Random_Forest,Config_A,DXG,D00130,0,0
liquid100_mat5,any_relevance,2week,Random_Forest,Config_A,DXG,D00131,0,0
liquid100_mat5,any_relevance,2week,Random_Forest,Config_A,DXG,D00132,0,0
liquid100_mat5,any_relevance,2week,Random_Forest,Config_A,DXG,D00133,0,1
liquid100_mat5,any_relevance,2week,Random_Forest,Config_A,DXG,D00134,0,0
liquid100_mat5,any_relevance,2week,Random_Forest,Config_A,DXG,D00135,1,0
liquid100_mat5,any_relevance,2week,Random_Forest,Config_A,DXG,D00136,1,1
liquid100_mat5,any_relevance,2week,Random_Forest,Config_A,DXG,D00137,0,1
liquid100_mat5,any_relevance,2week,Random_Forest,Config_A,DXG,D00138,1,1
liquid100_mat5,any_relevance,2week,Random_Forest,Config_A,DXG,D00139,0,0
liquid100_mat5,any_relevance,2week,Random_Forest,Config_A,DXG,D00140,0,0
liquid100_mat5,any_relevance,2week,Random_Forest,Config_A,DXG,D00141,0,0
liquid100_mat5,any_relevance,2week,Random_Forest,Config_A,DXG,D00142,0,0
liquid100_mat5,any_relevance,2week,Random_Forest,Config_A,EIB,D00119,1,0
liquid100_mat5,any_relevance,2week,Random_Forest,Config_A,EIB,D00120,0,1
liquid100_mat5,any_relevance,2week,Random_Forest,Config_A,EIB,D00121,0,1
liquid100_mat5,any_relevance,2week,Random_Forest,Config_A,EIB,D00122,0,0
liquid100_mat5,any_relevance,2week,Random_Forest,Config_A,EIB,D00123,1,0
liquid100_mat5,any_relevance,2week,Random_Forest,Config_A,EIB,D00124,0,0
liquid100_mat5,any_relevance,2week,Random_Forest,Config_A,EIB,D00125,0,0
liquid100_mat5,any_relevance,2week,Random_Forest,Config_A,EIB,D00126,1,0
liquid100_mat5,any_relevance,2week,Random_Forest,Config_A,EIB,D00127,0,1
liquid100_mat5,any_relevance,2week,Random_Forest,Config_A,EIB,D00128,0,0
liquid100_mat5,any_relevance,2week,Random_Forest,Config_A,EIB,D00129,0,0
liquid100_mat5,any_relevance,2week,Random_Forest,Config_A,EIB,D00130,1,0
liquid100_mat5,any_relevance,2week,Random_Forest,Config_A,EIB,D00131,0,0
liquid100_mat5,any_relevance,2week,Random_Forest,Config_A,EIB,D00132,0,0
liquid100_mat5,any_relevance,2week,Random_Forest,Config_A,EIB,D00133,1,1
liquid100_mat5,any_relevance,2week,Random_Forest,Config_A,EIB,D00134,0,0
liquid100_mat5,any_relevance,2week,Random_Forest,Config_A,EIB,D00135,1,0
liquid100_mat5,any_relevance,2week,Random_Forest,Config_A,EIB,D00136,0,1
liquid100_mat5,any_relevance,2week,Random_Forest,Config_A,EIB,D00137,0,0
liquid100_mat5,any_relevance,2week,Random_Forest,Config_A,EIB,D00138,0,0
liquid100_mat5,any_relevance,2week,Random_Forest,Config_A,EIB,D00139,0,0
liquid100_mat5,any_relevance,2week,Random_Forest,Config_A,EIB,D00140,0,0
liquid100_mat5,any_relevance,2week,Random_Forest,Config_A,EIB,D00141,0,0
liquid100_mat5,any_relevance,2week,Random_Forest,Config_A,EIB,D00142,0,0
liquid100_mat5,any_relevance,2week,Random_Forest,Config_A,FPT,D00119,0,0
liquid100_mat5,any_relevance,2week,Random_Forest,Config_A,FPT,D00120,0,0
liquid100_mat5,any_relevance,2week,Random_Forest,Config_A,FPT,D00121,0,0
liquid100_mat5,any_relevance,2week,Random_Forest,Config_A,FPT,D00122,0,0
liquid100_mat5,any_relevance,2week,Random_Forest,Config_A,FPT,D00123,0,0
liquid100_mat5,any_relevance,2week,Random_Forest,Config_A,FPT,D00124,1,0
liquid100_mat5,any_relevance,2week,Random_Forest,Config_A,FPT,D00125,1,1
liquid100_mat5,any_relevance,2week,Random_Forest,Config_A,FPT,D00126,0,0
liquid100_mat5,any_relevance,2week,Random_Forest,Config_A,FPT,D00127,0,0
liquid100_mat5,any_relevance,2week,Random_Forest,Config_A,FPT,D00128,0,0
liquid100_mat5,any_relevance,2week,Random_Forest,Config_A,FPT,D00129,0,0
liquid100_mat5,any_relevance,2week,Random_Forest,Config_A,FPT,D00130,1,0
liquid100_mat5,any_relevance,2week,Random_Forest,Config_A,FPT,D00131,0,0
liquid100_mat5,any_relevance,2week,Random_Forest,Config_A,FPT,D00132,0,0
liquid100_mat5,any_relevance,2week,Random_Forest,Config_A,FPT,D00133,0,0
liquid100_mat5,any_relevance,2week,Random_Forest,Config_A,FPT,D00134,0,0
liquid100_mat5,any_relevance,2week,Random_Forest,Config_A,FPT,D00135,0,0
liquid100_mat5,any_relevance,2week,Random_Forest,Config_A,FPT,D00136,0,0
liquid100_mat5,any_relevance,2week,Random_Forest,Config_A,FPT,D00137,0,0
liquid100_mat5,any_relevance,2week,Random_Forest,Config_A,FPT,D00138,0,0
liquid100_mat5,any_relevance,2week,Random_Forest,Config_A,FPT,D00139,1,0
liquid100_mat5,any_relevance,2week,Random_Forest,Config_A,FPT,D00140,0,0
liquid100_mat5,any_relevance,2week,Random_Forest,Config_A,FPT,D00141,0,0
liquid100_mat5,any_relevance,2week,Random_Forest,Config_A,FPT,D00142,0,0
liquid100_mat5,any_relevance,2week,Random_Forest,Config_A,GAS,D00119,1,0
liquid100_mat5,any_relevance,2week,Random_Forest,Config_A,GAS,D00120,0,0
liquid100_mat5,any_relevance,2week,Random_Forest,Config_A,GAS,D00121,0,0
liquid100_mat5,any_relevance,2week,Random_Forest,Config_A,GAS,D00122,0,0
liquid100_mat5,any_relevance,2week,Random_Forest,Config_A,GAS,D00123,0,0
liquid100_mat5,any_relevance,2week,Random_Forest,Config_A,GAS,D00124,0,0
liquid100_mat5,any_relevance,2week,Random_Forest,Config_A,GAS,D00125,1,0
liquid100_mat5,any_relevance,2week,Random_Forest,Config_A,GAS,D00126,0,0
liquid100_mat5,any_relevance,2week,Random_Forest,Config_A,GAS,D00127,1,0
liquid100_mat5,any_relevance,2week,Random_Forest,Config_A,GAS,D00128,0,0
liquid100_mat5,any_relevance,2week,Random_Forest,Config_A,GAS,D00129,1,1
liquid100_mat5,any_relevance,2week,Random_Forest,Config_A,GAS,D00130,1,1
liquid100_mat5,any_relevance,2week,Random_Forest,Config_A,GAS,D00131,1,1
liquid100_mat5,any_relevance,2week,Random_Forest,Config_A,GAS,D00132,0,0
liquid100_mat5,any_relevance,2week,Random_Forest,Config_A,GAS,D00133,1,0
liquid100_mat5,any_relevance,2week,Random_Forest,Config_A,GAS,D00134,0,1
liquid100_mat5,any_relevance,2week,Random_Forest,Config_A,GAS,D00135,0,0
liquid100_mat5,any_relevance,2week,Random_Forest,Config_A,GAS,D00136,0,0
liquid100_mat5,any_relevance,2week,Random_Forest,Config_A,GAS,D00137,0,0
liquid100_mat5,any_relevance,2week,Random_Forest,Config_A,GAS,D00138,0,0
liquid100_mat5,any_relevance,2week,Random_Forest,Config_A,GAS,D00139,1,1
liquid100_mat5,any_relevance,2week,Random_Forest,Config_A,GAS,D00140,0,0
liquid100_mat5,any_relevance,2week,Random_Forest,Config_A,GAS,D00141,0,0
liquid100_mat5,any_relevance,2week,Random_Forest,Config_A,GAS,D00142,0,0
liquid100_mat5,any_relevance,2week,Random_Forest,Config_A,GEX,D00119,0,1
liquid100_mat5,any_relevance,2week,Random_Forest,Config_A,GEX,D00120,0,0
liquid100_mat5,any_relevance,2week,Random_Forest,Config_A,GEX,D00121,0,0
liquid100_mat5,any_relevance,2week,Random_Forest,Config_A,GEX,D00122,0,1
liquid100_mat5,any_relevance,2week,Random_Forest,Config_A,GEX,D00123,1,0
liquid100_mat5,any_relevance,2week,Random_Forest,Config_A,GEX,D00124,0,1
liquid100_mat5,any_relevance,2week,Random_Forest,Config_A,GEX,D00125,0,0
liquid100_mat5,any_relevance,2week,Random_Forest,Config_A,GEX,D00126,1,1
liquid100_mat5,any_relevance,2week,Random_Forest,Config_A,GEX,D00127,0,1
liquid100_mat5,any_relevance,2week,Random_Forest,Config_A,GEX,D00128,0,0
liquid100_mat5,any_relevance,2week,Random_Forest,Config_A,GEX,D00129,0,0
liquid100_mat5,any_relevance,2week,Random_Forest,Config_A,GEX,D00130,0,0
liquid100_mat5,any_relevance,2week,Random_Forest,Config_A,GEX,D00131,0,0
liquid100_mat5,any_relevance,2week,Random_Forest,Config_A,GEX,D00132,0,0
liquid100_mat5,any_relevance,2week,Random_Forest,Config_A,GEX,D00133,1,1
liquid100_mat5,any_relevance,2week,Random_Forest,Config_A,GEX,D00134,0,0
liquid100_mat5,any_relevance,2week,Random_Forest,Config_A,GEX,D00135,1,0
liquid100_mat5,any_relevance,2week,Random_Forest,Config_A,GEX,D00136,1,1
liquid100_mat5,any_relevance,2week,Random_Forest,Config_A,GEX,D00137,0,1
liquid100_mat5,any_relevance,2week,Random_Forest,Config_A,GEX,D00138,1,0
liquid100_mat5,any_relevance,2week,Random_Forest,Config_A,GEX,D00139,1,1
liquid100_mat5,any_relevance,2week,Random_Forest,Config_A,GEX,D00140,0,0
liquid100_mat5,any_relevance,2week,Random_Forest,Config_A,GEX,D00141,0,0
liquid100_mat5,any_relevance,2week,Random_Forest,Config_A,GEX,D00142,0,0
liquid100_mat5,any_relevance,2week,Random_Forest,Config_A,GMD,D00119,1,1
liquid100_mat5,any_relevance,2week,Random_Forest,Config_A,GMD,D00120,1,0
liquid100_mat5,any_relevance,2week,Random_Forest,Config_A,GMD,D00121,1,1
liquid100_mat5,any_relevance,2week,Random_Forest,Config_A,GMD,D00122,0,1
liquid100_mat5,any_relevance,2week,Random_Forest,Config_A,GMD,D00123,0,0
liquid100_mat5,any_relevance,2week,Random_Forest,Config_A,GMD,D00124,0,0
liquid100_mat5,any_relevance,2week,Random_Forest,Config_A,GMD,D00125,0,1
liquid100_mat5,any_relevance,2week,Random_Forest,Config_A,GMD,D00126,0,0
liquid100_mat5,any_relevance,2week,Random_Forest,Config_A,GMD,D00127,0,0
liquid100_mat5,any_relevance,2week,Random_Forest,Config_A,GMD,D00128,0,0
liquid100_mat5,any_relevance,2week,Random_Forest,Config_A,GMD,D00129,1,0
liquid100_mat5,any_relevance,2week,Random_Forest,Config_A,GMD,D00130,1,1
liquid100_mat5,any_relevance,2week,Random_Forest,Config_A,GMD,D00131,1,1
liquid100_mat5,any_relevance,2week,Random_Forest,Config_A,GMD,D00132,1,0
liquid100_mat5,any_relevance,2week,Random_Forest,Config_A,GMD,D00133,1,1
liquid100_mat5,any_relevance,2week,Random_Forest,Config_A,GMD,D00134,0,0
liquid100_mat5,any_relevance,2week,Random_Forest,Config_A,GMD,D00135,0,0
liquid100_mat5,any_relevance,2week,Random_Forest,Config_A,GMD,D00136,0,0
liquid100_mat5,any_relevance,2week,Random_Forest,Config_A,GMD,D00137,1,0
liquid100_mat5,any_relevance,2week,Random_Forest,Config_A,GMD,D00138,1,0
liquid100_mat5,any_relevance,2week,Random_Forest,Config_A,GMD,D00139,0,0
liquid100_mat5,any_relevance,2week,Random_Forest,Config_A,GMD,D00140,0,0
liquid100_mat5,any_relevance,2week,Random_Forest,Config_A,GMD,D00141,1,0
liquid100_mat5,any_relevance,2week,Random_Forest,Config_A,GMD,D00142,0,0
liquid100_mat5,any_relevance,2week,Random_Forest,Config_A,GVR,D00119,1,0
liquid100_mat5,any_relevance,2week,Random_Forest,Config_A,GVR,D00120,0,0
liquid100_mat5,any_relevance,2week,Random_Forest,Config_A,GVR,D00121,0,0
liquid100_mat5,any_relevance,2week,Random_Forest,Config_A,GVR,D00122,0,0
liquid100_mat5,any_relevance,2week,Random_Forest,Config_A,GVR,D00123,0,0
liquid100_mat5,any_relevance,2week,Random_Forest,Config_A,GVR,D00124,0,0
liquid100_mat5,any_relevance,2week,Random_Forest,Config_A,GVR,D00125,1,1
liquid100_mat5,any_relevance,2week,Random_Forest,Config_A,GVR,D00126,0,1
liquid100_mat5,any_relevance,2week,Random_Forest,Config_A,GVR,D00127,0,0
liquid100_mat5,any_relevance,2week,Random_Forest,Config_A,GVR,D00128,0,0
liquid100_mat5,any_relevance,2week,Random_Forest,Config_A,GVR,D00129,1,0
liquid100_mat5,any_relevance,2week,Random_Forest,Config_A,GVR,D00130,1,1
liquid100_mat5,any_relevance,2week,Random_Forest,Config_A,GVR,D00131,1,1
liquid100_mat5,any_relevance,2week,Random_Forest,Config_A,GVR,D00132,0,0
liquid100_mat5,any_relevance,2week,Random_Forest,Config_A,GVR,D00133,1,0
liquid100_mat5,any_relevance,2week,Random_Forest,Config_A,GVR,D00134,0,0
liquid100_mat5,any_relevance,2week,Random_Forest,Config_A,GVR,D00135,0,0
liquid100_mat5,any_relevance,2week,Random_Forest,Config_A,GVR,D00136,1,1
liquid100_mat5,any_relevance,2week,Random_Forest,Config_A,GVR,D00137,0,0
liquid100_mat5,any_relevance,2week,Random_Forest,Config_A,GVR,D00138,1,0
liquid100_mat5,any_relevance,2week,Random_Forest,Config_A,GVR,D00139,0,0
liquid100_mat5,any_relevance,2week,Random_Forest,Config_A,GVR,D00140,0,0
liquid100_mat5,any_relevance,2week,Random_Forest,Config_A,GVR,D00141,0,0
liquid100_mat5,any_relevance,2week,Random_Forest,Config_A,GVR,D00142,0,0
liquid100_mat5,any_relevance,2week,Random_Forest,Config_A,HCM,D00119,1,1
liquid100_mat5,any_relevance,2week,Random_Forest,Config_A,HCM,D00120,0,0
liquid100_mat5,any_relevance,2week,Random_Forest,Config_A,HCM,D00121,0,1
liquid100_mat5,any_relevance,2week,Random_Forest,Config_A,HCM,D00122,0,0
liquid100_mat5,any_relevance,2week,Random_Forest,Config_A,HCM,D00123,1,0
liquid100_mat5,any_relevance,2week,Random_Forest,Config_A,HCM,D00124,0,0
liquid100_mat5,any_relevance,2week,Random_Forest,Config_A,HCM,D00125,0,0
liquid100_mat5,any_relevance,2week,Random_Forest,Config_A,HCM,D00126,0,0
liquid100_mat5,any_relevance,2week,Random_Forest,Config_A,HCM,D00127,0,0
liquid100_mat5,any_relevance,2week,Random_Forest,Config_A,HCM,D00128,0,0
liquid100_mat5,any_relevance,2week,Random_Forest,Config_A,HCM,D00129,0,0
liquid100_mat5,any_relevance,2week,Random_Forest,Config_A,HCM,D00130,1,0
liquid100_mat5,any_relevance,2week,Random_Forest,Config_A,HCM,D00131,0,0
liquid100_mat5,any_relevance,2week,Random_Forest,Config_A,HCM,D00132,0,0
liquid100_mat5,any_relevance,2week,Random_Forest,Config_A,HCM,D00133,1,0
liquid100_mat5,any_relevance,2week,Random_Forest,Config_A,HCM,D00134,0,0
liquid100_mat5,any_relevance,2week,Random_Forest,Config_A,HCM,D00135,0,0
liquid100_mat5,any_relevance,2week,Random_Forest,Config_A,HCM,D00136,1,1
liquid100_mat5,any_relevance,2week,Random_Forest,Config_A,HCM,D00137,1,1
liquid100_mat5,any_relevance,2week,Random_Forest,Config_A,HCM,D00138,1,0
liquid100_mat5,any_relevance,2week,Random_Forest,Config_A,HCM,D00139,1,0
liquid100_mat5,any_relevance,2week,Random_Forest,Config_A,HCM,D00140,0,0
liquid100_mat5,any_relevance,2week,Random_Forest,Config_A,HCM,D00141,0,1
liquid100_mat5,any_relevance,2week,Random_Forest,Config_A,HCM,D00142,0,0
liquid100_mat5,any_relevance,2week,Random_Forest,Config_A,HDB,D00119,1,0
liquid100_mat5,any_relevance,2week,Random_Forest,Config_A,HDB,D00120,1,1
liquid100_mat5,any_relevance,2week,Random_Forest,Config_A,HDB,D00121,0,0
liquid100_mat5,any_relevance,2week,Random_Forest,Config_A,HDB,D00122,0,0
liquid100_mat5,any_relevance,2week,Random_Forest,Config_A,HDB,D00123,1,1
liquid100_mat5,any_relevance,2week,Random_Forest,Config_A,HDB,D00124,0,1
liquid100_mat5,any_relevance,2week,Random_Forest,Config_A,HDB,D00125,0,1
liquid100_mat5,any_relevance,2week,Random_Forest,Config_A,HDB,D00126,1,0
liquid100_mat5,any_relevance,2week,Random_Forest,Config_A,HDB,D00127,1,1
liquid100_mat5,any_relevance,2week,Random_Forest,Config_A,HDB,D00128,1,0
liquid100_mat5,any_relevance,2week,Random_Forest,Config_A,HDB,D00129,1,1
liquid100_mat5,any_relevance,2week,Random_Forest,Config_A,HDB,D00130,0,0
liquid100_mat5,any_relevance,2week,Random_Forest,Config_A,HDB,D00131,0,1
liquid100_mat5,any_relevance,2week,Random_Forest,Config_A,HDB,D00132,0,0
liquid100_mat5,any_relevance,2week,Random_Forest,Config_A,HDB,D00133,0,1
liquid100_mat5,any_relevance,2week,Random_Forest,Config_A,HDB,D00134,0,0
liquid100_mat5,any_relevance,2week,Random_Forest,Config_A,HDB,D00135,0,0
liquid100_mat5,any_relevance,2week,Random_Forest,Config_A,HDB,D00136,1,1
liquid100_mat5,any_relevance,2week,Random_Forest,Config_A,HDB,D00137,1,0
liquid100_mat5,any_relevance,2week,Random_Forest,Config_A,HDB,D00138,0,0
liquid100_mat5,any_relevance,2week,Random_Forest,Config_A,HDB,D00139,0,1
liquid100_mat5,any_relevance,2week,Random_Forest,Config_A,HDB,D00140,0,0
liquid100_mat5,any_relevance,2week,Random_Forest,Config_A,HDB,D00141,0,0
liquid100_mat5,any_relevance,2week,Random_Forest,Config_A,HDB,D00142,0,0
liquid100_mat5,any_relevance,2week,Random_Forest,Config_A,HPG,D00119,1,1
liquid100_mat5,any_relevance,2week,Random_Forest,Config_A,HPG,D00120,0,0
liquid100_mat5,any_relevance,2week,Random_Forest,Config_A,HPG,D00121,1,1
liquid100_mat5,any_relevance,2week,Random_Forest,Config_A,HPG,D00122,0,0
liquid100_mat5,any_relevance,2week,Random_Forest,Config_A,HPG,D00123,0,0
liquid100_mat5,any_relevance,2week,Random_Forest,Config_A,HPG,D00124,0,0
liquid100_mat5,any_relevance,2week,Random_Forest,Config_A,HPG,D00125,0,0
liquid100_mat5,any_relevance,2week,Random_Forest,Config_A,HPG,D00126,1,0
liquid100_mat5,any_relevance,2week,Random_Forest,Config_A,HPG,D00127,0,0
liquid100_mat5,any_relevance,2week,Random_Forest,Config_A,HPG,D00128,0,0
liquid100_mat5,any_relevance,2week,Random_Forest,Config_A,HPG,D00129,0,0
liquid100_mat5,any_relevance,2week,Random_Forest,Config_A,HPG,D00130,1,0
liquid100_mat5,any_relevance,2week,Random_Forest,Config_A,HPG,D00131,0,0
liquid100_mat5,any_relevance,2week,Random_Forest,Config_A,HPG,D00132,0,1
liquid100_mat5,any_relevance,2week,Random_Forest,Config_A,HPG,D00133,1,0
liquid100_mat5,any_relevance,2week,Random_Forest,Config_A,HPG,D00134,0,0
liquid100_mat5,any_relevance,2week,Random_Forest,Config_A,HPG,D00135,0,0
liquid100_mat5,any_relevance,2week,Random_Forest,Config_A,HPG,D00136,1,1
liquid100_mat5,any_relevance,2week,Random_Forest,Config_A,HPG,D00137,0,0
liquid100_mat5,any_relevance,2week,Random_Forest,Config_A,HPG,D00138,0,0
liquid100_mat5,any_relevance,2week,Random_Forest,Config_A,HPG,D00139,0,0
liquid100_mat5,any_relevance,2week,Random_Forest,Config_A,HPG,D00140,0,0
liquid100_mat5,any_relevance,2week,Random_Forest,Config_A,HPG,D00141,0,0
liquid100_mat5,any_relevance,2week,Random_Forest,Config_A,HPG,D00142,0,0
liquid100_mat5,any_relevance,2week,Random_Forest,Config_A,KDH,D00119,1,1
liquid100_mat5,any_relevance,2week,Random_Forest,Config_A,KDH,D00120,0,1
liquid100_mat5,any_relevance,2week,Random_Forest,Config_A,KDH,D00121,0,1
liquid100_mat5,any_relevance,2week,Random_Forest,Config_A,KDH,D00122,0,0
liquid100_mat5,any_relevance,2week,Random_Forest,Config_A,KDH,D00123,0,0
liquid100_mat5,any_relevance,2week,Random_Forest,Config_A,KDH,D00124,0,1
liquid100_mat5,any_relevance,2week,Random_Forest,Config_A,KDH,D00125,1,1
liquid100_mat5,any_relevance,2week,Random_Forest,Config_A,KDH,D00126,1,0
liquid100_mat5,any_relevance,2week,Random_Forest,Config_A,KDH,D00127,0,0
liquid100_mat5,any_relevance,2week,Random_Forest,Config_A,KDH,D00128,0,0
liquid100_mat5,any_relevance,2week,Random_Forest,Config_A,KDH,D00129,0,1
liquid100_mat5,any_relevance,2week,Random_Forest,Config_A,KDH,D00130,0,0
liquid100_mat5,any_relevance,2week,Random_Forest,Config_A,KDH,D00131,0,0
liquid100_mat5,any_relevance,2week,Random_Forest,Config_A,KDH,D00132,0,0
liquid100_mat5,any_relevance,2week,Random_Forest,Config_A,KDH,D00133,0,1
liquid100_mat5,any_relevance,2week,Random_Forest,Config_A,KDH,D00134,0,0
liquid100_mat5,any_relevance,2week,Random_Forest,Config_A,KDH,D00135,0,0
liquid100_mat5,any_relevance,2week,Random_Forest,Config_A,KDH,D00136,0,0
liquid100_mat5,any_relevance,2week,Random_Forest,Config_A,KDH,D00137,0,0
liquid100_mat5,any_relevance,2week,Random_Forest,Config_A,KDH,D00138,0,0
liquid100_mat5,any_relevance,2week,Random_Forest,Config_A,KDH,D00139,0,0
liquid100_mat5,any_relevance,2week,Random_Forest,Config_A,KDH,D00140,0,0
liquid100_mat5,any_relevance,2week,Random_Forest,Config_A,KDH,D00141,0,0
liquid100_mat5,any_relevance,2week,Random_Forest,Config_A,KDH,D00142,0,0
liquid100_mat5,any_relevance,2week,Random_Forest,Config_A,MBB,D00119,1,1
liquid100_mat5,any_relevance,2week,Random_Forest,Config_A,MBB,D00120,1,1
liquid100_mat5,any_relevance,2week,Random_Forest,Config_A,MBB,D00121,0,0
liquid100_mat5,any_relevance,2week,Random_Forest,Config_A,MBB,D00122,0,0
liquid100_mat5,any_relevance,2week,Random_Forest,Config_A,MBB,D00123,1,0
liquid100_mat5,any_relevance,2week,Random_Forest,Config_A,MBB,D00124,0,0
liquid100_mat5,any_relevance,2week,Random_Forest,Config_A,MBB,D00125,0,0
liquid100_mat5,any_relevance,2week,Random_Forest,Config_A,MBB,D00126,0,0
liquid100_mat5,any_relevance,2week,Random_Forest,Config_A,MBB,D00127,1,0
liquid100_mat5,any_relevance,2week,Random_Forest,Config_A,MBB,D00128,0,0
liquid100_mat5,any_relevance,2week,Random_Forest,Config_A,MBB,D00129,1,1
liquid100_mat5,any_relevance,2week,Random_Forest,Config_A,MBB,D00130,1,1
liquid100_mat5,any_relevance,2week,Random_Forest,Config_A,MBB,D00131,0,0
liquid100_mat5,any_relevance,2week,Random_Forest,Config_A,MBB,D00132,1,0
liquid100_mat5,any_relevance,2week,Random_Forest,Config_A,MBB,D00133,0,0
liquid100_mat5,any_relevance,2week,Random_Forest,Config_A,MBB,D00134,0,0
liquid100_mat5,any_relevance,2week,Random_Forest,Config_A,MBB,D00135,0,0
liquid100_mat5,any_relevance,2week,Random_Forest,Config_A,MBB,D00136,0,0
liquid100_mat5,any_relevance,2week,Random_Forest,Config_A,MBB,D00137,0,0
liquid100_mat5,any_relevance,2week,Random_Forest,Config_A,MBB,D00138,0,0
liquid100_mat5,any_relevance,2week,Random_Forest,Config_A,MBB,D00139,0,0
liquid100_mat5,any_relevance,2week,Random_Forest,Config_A,MBB,D00140,0,0
liquid100_mat5,any_relevance,2week,Random_Forest,Config_A,MBB,D00141,0,0
liquid100_mat5,any_relevance,2week,Random_Forest,Config_A,MBB,D00142,0,0
liquid100_mat5,any_relevance,2week,Random_Forest,Config_A,MSB,D00119,1,1
liquid100_mat5,any_relevance,2week,Random_Forest,Config_A,MSB,D00120,1,1
liquid100_mat5,any_relevance,2week,Random_Forest,Config_A,MSB,D00121,0,1
liquid100_mat5,any_relevance,2week,Random_Forest,Config_A,MSB,D00122,0,0
liquid100_mat5,any_relevance,2week,Random_Forest,Config_A,MSB,D00123,0,0
liquid100_mat5,any_relevance,2week,Random_Forest,Config_A,MSB,D00124,0,0
liquid100_mat5,any_relevance,2week,Random_Forest,Config_A,MSB,D00125,0,0
liquid100_mat5,any_relevance,2week,Random_Forest,Config_A,MSB,D00126,0,0
liquid100_mat5,any_relevance,2week,Random_Forest,Config_A,MSB,D00127,1,1
liquid100_mat5,any_relevance,2week,Random_Forest,Config_A,MSB,D00128,0,0
liquid100_mat5,any_relevance,2week,Random_Forest,Config_A,MSB,D00129,0,0
liquid100_mat5,any_relevance,2week,Random_Forest,Config_A,MSB,D00130,0,1
liquid100_mat5,any_relevance,2week,Random_Forest,Config_A,MSB,D00131,0,0
liquid100_mat5,any_relevance,2week,Random_Forest,Config_A,MSB,D00132,0,0
liquid100_mat5,any_relevance,2week,Random_Forest,Config_A,MSB,D00133,0,0
liquid100_mat5,any_relevance,2week,Random_Forest,Config_A,MSB,D00134,0,0
liquid100_mat5,any_relevance,2week,Random_Forest,Config_A,MSB,D00135,0,0
liquid100_mat5,any_relevance,2week,Random_Forest,Config_A,MSB,D00136,1,0
liquid100_mat5,any_relevance,2week,Random_Forest,Config_A,MSB,D00137,1,1
liquid100_mat5,any_relevance,2week,Random_Forest,Config_A,MSB,D00138,1,0
liquid100_mat5,any_relevance,2week,Random_Forest,Config_A,MSB,D00139,1,1
liquid100_mat5,any_relevance,2week,Random_Forest,Config_A,MSB,D00140,0,1
liquid100_mat5,any_relevance,2week,Random_Forest,Config_A,MSB,D00141,1,0
liquid100_mat5,any_relevance,2week,Random_Forest,Config_A,MSB,D00142,1,0
liquid100_mat5,any_relevance,2week,Random_Forest,Config_A,MSN,D00119,1,1
liquid100_mat5,any_relevance,2week,Random_Forest,Config_A,MSN,D00120,0,1
liquid100_mat5,any_relevance,2week,Random_Forest,Config_A,MSN,D00121,0,0
liquid100_mat5,any_relevance,2week,Random_Forest,Config_A,MSN,D00122,0,0
liquid100_mat5,any_relevance,2week,Random_Forest,Config_A,MSN,D00123,0,0
liquid100_mat5,any_relevance,2week,Random_Forest,Config_A,MSN,D00124,0,1
liquid100_mat5,any_relevance,2week,Random_Forest,Config_A,MSN,D00125,0,0
liquid100_mat5,any_relevance,2week,Random_Forest,Config_A,MSN,D00126,0,0
liquid100_mat5,any_relevance,2week,Random_Forest,Config_A,MSN,D00127,0,0
liquid100_mat5,any_relevance,2week,Random_Forest,Config_A,MSN,D00128,0,0
liquid100_mat5,any_relevance,2week,Random_Forest,Config_A,MSN,D00129,1,0
liquid100_mat5,any_relevance,2week,Random_Forest,Config_A,MSN,D00130,1,0
liquid100_mat5,any_relevance,2week,Random_Forest,Config_A,MSN,D00131,0,0
liquid100_mat5,any_relevance,2week,Random_Forest,Config_A,MSN,D00132,0,0
liquid100_mat5,any_relevance,2week,Random_Forest,Config_A,MSN,D00133,0,0
liquid100_mat5,any_relevance,2week,Random_Forest,Config_A,MSN,D00134,0,0
liquid100_mat5,any_relevance,2week,Random_Forest,Config_A,MSN,D00135,0,1
liquid100_mat5,any_relevance,2week,Random_Forest,Config_A,MSN,D00136,1,1
liquid100_mat5,any_relevance,2week,Random_Forest,Config_A,MSN,D00137,0,0
liquid100_mat5,any_relevance,2week,Random_Forest,Config_A,MSN,D00138,0,0
liquid100_mat5,any_relevance,2week,Random_Forest,Config_A,MSN,D00139,0,0
liquid100_mat5,any_relevance,2week,Random_Forest,Config_A,MSN,D00140,0,0
liquid100_mat5,any_relevance,2week,Random_Forest,Config_A,MSN,D00141,0,0
liquid100_mat5,any_relevance,2week,Random_Forest,Config_A,MSN,D00142,0,0
liquid100_mat5,any_relevance,2week,Random_Forest,Config_A,NVL,D00119,1,1
liquid100_mat5,any_relevance,2week,Random_Forest,Config_A,NVL,D00120,0,0
liquid100_mat5,any_relevance,2week,Random_Forest,Config_A,NVL,D00121,0,1
liquid100_mat5,any_relevance,2week,Random_Forest,Config_A,NVL,D00122,0,0
liquid100_mat5,any_relevance,2week,Random_Forest,Config_A,NVL,D00123,0,0
liquid100_mat5,any_relevance,2week,Random_Forest,Config_A,NVL,D00124,0,1
liquid100_mat5,any_relevance,2week,Random_Forest,Config_A,NVL,D00125,0,0
liquid100_mat5,any_relevance,2week,Random_Forest,Config_A,NVL,D00126,1,0
liquid100_mat5,any_relevance,2week,Random_Forest,Config_A,NVL,D00127,0,0
liquid100_mat5,any_relevance,2week,Random_Forest,Config_A,NVL,D00128,0,0
liquid100_mat5,any_relevance,2week,Random_Forest,Config_A,NVL,D00129,0,0
liquid100_mat5,any_relevance,2week,Random_Forest,Config_A,NVL,D00130,0,0
liquid100_mat5,any_relevance,2week,Random_Forest,Config_A,NVL,D00131,0,0
liquid100_mat5,any_relevance,2week,Random_Forest,Config_A,NVL,D00132,0,0
liquid100_mat5,any_relevance,2week,Random_Forest,Config_A,NVL,D00133,0,0
liquid100_mat5,any_relevance,2week,Random_Forest,Config_A,NVL,D00134,0,0
liquid100_mat5,any_relevance,2week,Random_Forest,Config_A,NVL,D00135,1,1
liquid100_mat5,any_relevance,2week,Random_Forest,Config_A,NVL,D00136,1,0
liquid100_mat5,any_relevance,2week,Random_Forest,Config_A,NVL,D00137,1,1
liquid100_mat5,any_relevance,2week,Random_Forest,Config_A,NVL,D00138,0,1
liquid100_mat5,any_relevance,2week,Random_Forest,Config_A,NVL,D00139,0,0
liquid100_mat5,any_relevance,2week,Random_Forest,Config_A,NVL,D00140,0,0
liquid100_mat5,any_relevance,2week,Random_Forest,Config_A,NVL,D00141,0,0
liquid100_mat5,any_relevance,2week,Random_Forest,Config_A,NVL,D00142,0,0
liquid100_mat5,any_relevance,2week,Random_Forest,Config_A,PDR,D00119,1,1
liquid100_mat5,any_relevance,2week,Random_Forest,Config_A,PDR,D00120,1,1
liquid100_mat5,any_relevance,2week,Random_Forest,Config_A,PDR,D00121,0,1
liquid100_mat5,any_relevance,2week,Random_Forest,Config_A,PDR,D00122,0,0
liquid100_mat5,any_relevance,2week,Random_Forest,Config_A,PDR,D00123,0,0
liquid100_mat5,any_relevance,2week,Random_Forest,Config_A,PDR,D00124,0,1
liquid100_mat5,any_relevance,2week,Random_Forest,Config_A,PDR,D00125,0,0
liquid100_mat5,any_relevance,2week,Random_Forest,Config_A,PDR,D00126,1,0
liquid100_mat5,any_relevance,2week,Random_Forest,Config_A,PDR,D00127,0,0
liquid100_mat5,any_relevance,2week,Random_Forest,Config_A,PDR,D00128,0,0
liquid100_mat5,any_relevance,2week,Random_Forest,Config_A,PDR,D00129,0,0
liquid100_mat5,any_relevance,2week,Random_Forest,Config_A,PDR,D00130,0,0
liquid100_mat5,any_relevance,2week,Random_Forest,Config_A,PDR,D00131,0,1
liquid100_mat5,any_relevance,2week,Random_Forest,Config_A,PDR,D00132,0,0
liquid100_mat5,any_relevance,2week,Random_Forest,Config_A,PDR,D00133,0,0
liquid100_mat5,any_relevance,2week,Random_Forest,Config_A,PDR,D00134,0,0
liquid100_mat5,any_relevance,2week,Random_Forest,Config_A,PDR,D00135,1,0
liquid100_mat5,any_relevance,2week,Random_Forest,Config_A,PDR,D00136,1,1
liquid100_mat5,any_relevance,2week,Random_Forest,Config_A,PDR,D00137,0,1
liquid100_mat5,any_relevance,2week,Random_Forest,Config_A,PDR,D00138,0,0
liquid100_mat5,any_relevance,2week,Random_Forest,Config_A,PDR,D00139,0,0
liquid100_mat5,any_relevance,2week,Random_Forest,Config_A,PDR,D00140,0,1
liquid100_mat5,any_relevance,2week,Random_Forest,Config_A,PDR,D00141,0,0
liquid100_mat5,any_relevance,2week,Random_Forest,Config_A,PDR,D00142,0,0
liquid100_mat5,any_relevance,2week,Random_Forest,Config_A,PLX,D00119,1,0
liquid100_mat5,any_relevance,2week,Random_Forest,Config_A,PLX,D00120,0,0
liquid100_mat5,any_relevance,2week,Random_Forest,Config_A,PLX,D00121,0,0
liquid100_mat5,any_relevance,2week,Random_Forest,Config_A,PLX,D00122,0,0
liquid100_mat5,any_relevance,2week,Random_Forest,Config_A,PLX,D00123,0,0
liquid100_mat5,any_relevance,2week,Random_Forest,Config_A,PLX,D00124,0,0
liquid100_mat5,any_relevance,2week,Random_Forest,Config_A,PLX,D00125,0,0
liquid100_mat5,any_relevance,2week,Random_Forest,Config_A,PLX,D00126,0,0
liquid100_mat5,any_relevance,2week,Random_Forest,Config_A,PLX,D00127,0,0
liquid100_mat5,any_relevance,2week,Random_Forest,Config_A,PLX,D00128,0,0
liquid100_mat5,any_relevance,2week,Random_Forest,Config_A,PLX,D00129,1,0
liquid100_mat5,any_relevance,2week,Random_Forest,Config_A,PLX,D00130,1,1
liquid100_mat5,any_relevance,2week,Random_Forest,Config_A,PLX,D00131,1,1
liquid100_mat5,any_relevance,2week,Random_Forest,Config_A,PLX,D00132,0,0
liquid100_mat5,any_relevance,2week,Random_Forest,Config_A,PLX,D00133,1,0
liquid100_mat5,any_relevance,2week,Random_Forest,Config_A,PLX,D00134,0,1
liquid100_mat5,any_relevance,2week,Random_Forest,Config_A,PLX,D00135,0,0
liquid100_mat5,any_relevance,2week,Random_Forest,Config_A,PLX,D00136,0,0
liquid100_mat5,any_relevance,2week,Random_Forest,Config_A,PLX,D00137,0,0
liquid100_mat5,any_relevance,2week,Random_Forest,Config_A,PLX,D00138,0,0
liquid100_mat5,any_relevance,2week,Random_Forest,Config_A,PLX,D00139,1,1
liquid100_mat5,any_relevance,2week,Random_Forest,Config_A,PLX,D00140,0,0
liquid100_mat5,any_relevance,2week,Random_Forest,Config_A,PLX,D00141,0,0
liquid100_mat5,any_relevance,2week,Random_Forest,Config_A,PLX,D00142,0,0
liquid100_mat5,any_relevance,2week,Random_Forest,Config_A,PNJ,D00119,0,0
liquid100_mat5,any_relevance,2week,Random_Forest,Config_A,PNJ,D00120,0,0
liquid100_mat5,any_relevance,2week,Random_Forest,Config_A,PNJ,D00121,0,1
liquid100_mat5,any_relevance,2week,Random_Forest,Config_A,PNJ,D00122,0,0
liquid100_mat5,any_relevance,2week,Random_Forest,Config_A,PNJ,D00123,0,0
liquid100_mat5,any_relevance,2week,Random_Forest,Config_A,PNJ,D00124,1,1
liquid100_mat5,any_relevance,2week,Random_Forest,Config_A,PNJ,D00125,0,0
liquid100_mat5,any_relevance,2week,Random_Forest,Config_A,PNJ,D00126,0,0
liquid100_mat5,any_relevance,2week,Random_Forest,Config_A,PNJ,D00127,0,0
liquid100_mat5,any_relevance,2week,Random_Forest,Config_A,PNJ,D00128,1,0
liquid100_mat5,any_relevance,2week,Random_Forest,Config_A,PNJ,D00129,1,0
liquid100_mat5,any_relevance,2week,Random_Forest,Config_A,PNJ,D00130,1,1
liquid100_mat5,any_relevance,2week,Random_Forest,Config_A,PNJ,D00131,1,1
liquid100_mat5,any_relevance,2week,Random_Forest,Config_A,PNJ,D00132,0,0
liquid100_mat5,any_relevance,2week,Random_Forest,Config_A,PNJ,D00133,1,1
liquid100_mat5,any_relevance,2week,Random_Forest,Config_A,PNJ,D00134,0,0
liquid100_mat5,any_relevance,2week,Random_Forest,Config_A,PNJ,D00135,0,0
liquid100_mat5,any_relevance,2week,Random_Forest,Config_A,PNJ,D00136,0,0
liquid100_mat5,any_relevance,2week,Random_Forest,Config_A,PNJ,D00137,0,0
liquid100_mat5,any_relevance,2week,Random_Forest,Config_A,PNJ,D00138,0,0
liquid100_mat5,any_relevance,2week,Random_Forest,Config_A,PNJ,D00139,0,0
liquid100_mat5,any_relevance,2week,Random_Forest,Config_A,PNJ,D00140,0,0
liquid100_mat5,any_relevance,2week,Random_Forest,Config_A,PNJ,D00141,0,0
liquid100_mat5,any_relevance,2week,Random_Forest,Config_A,PNJ,D00142,0,0
liquid100_mat5,any_relevance,2week,Random_Forest,Config_A,POW,D00119,1,1
liquid100_mat5,any_relevance,2week,Random_Forest,Config_A,POW,D00120,1,1
liquid100_mat5,any_relevance,2week,Random_Forest,Config_A,POW,D00121,0,1
liquid100_mat5,any_relevance,2week,Random_Forest,Config_A,POW,D00122,0,0
liquid100_mat5,any_relevance,2week,Random_Forest,Config_A,POW,D00123,0,0
liquid100_mat5,any_relevance,2week,Random_Forest,Config_A,POW,D00124,0,0
liquid100_mat5,any_relevance,2week,Random_Forest,Config_A,POW,D00125,1,1
liquid100_mat5,any_relevance,2week,Random_Forest,Config_A,POW,D00126,1,0
liquid100_mat5,any_relevance,2week,Random_Forest,Config_A,POW,D00127,0,0
liquid100_mat5,any_relevance,2week,Random_Forest,Config_A,POW,D00128,0,0
liquid100_mat5,any_relevance,2week,Random_Forest,Config_A,POW,D00129,1,1
liquid100_mat5,any_relevance,2week,Random_Forest,Config_A,POW,D00130,1,1
liquid100_mat5,any_relevance,2week,Random_Forest,Config_A,POW,D00131,0,1
liquid100_mat5,any_relevance,2week,Random_Forest,Config_A,POW,D00132,0,0
liquid100_mat5,any_relevance,2week,Random_Forest,Config_A,POW,D00133,1,0
liquid100_mat5,any_relevance,2week,Random_Forest,Config_A,POW,D00134,0,1
liquid100_mat5,any_relevance,2week,Random_Forest,Config_A,POW,D00135,0,0
liquid100_mat5,any_relevance,2week,Random_Forest,Config_A,POW,D00136,0,0
liquid100_mat5,any_relevance,2week,Random_Forest,Config_A,POW,D00137,0,1
liquid100_mat5,any_relevance,2week,Random_Forest,Config_A,POW,D00138,1,0
liquid100_mat5,any_relevance,2week,Random_Forest,Config_A,POW,D00139,0,0
liquid100_mat5,any_relevance,2week,Random_Forest,Config_A,POW,D00140,0,0
liquid100_mat5,any_relevance,2week,Random_Forest,Config_A,POW,D00141,1,0
liquid100_mat5,any_relevance,2week,Random_Forest,Config_A,POW,D00142,1,0
liquid100_mat5,any_relevance,2week,Random_Forest,Config_A,PVT,D00119,1,0
liquid100_mat5,any_relevance,2week,Random_Forest,Config_A,PVT,D00120,0,0
liquid100_mat5,any_relevance,2week,Random_Forest,Config_A,PVT,D00121,0,1
liquid100_mat5,any_relevance,2week,Random_Forest,Config_A,PVT,D00122,0,0
liquid100_mat5,any_relevance,2week,Random_Forest,Config_A,PVT,D00123,0,0
liquid100_mat5,any_relevance,2week,Random_Forest,Config_A,PVT,D00124,0,0
liquid100_mat5,any_relevance,2week,Random_Forest,Config_A,PVT,D00125,1,0
liquid100_mat5,any_relevance,2week,Random_Forest,Config_A,PVT,D00126,1,1
liquid100_mat5,any_relevance,2week,Random_Forest,Config_A,PVT,D00127,0,0
liquid100_mat5,any_relevance,2week,Random_Forest,Config_A,PVT,D00128,0,0
liquid100_mat5,any_relevance,2week,Random_Forest,Config_A,PVT,D00129,1,0
liquid100_mat5,any_relevance,2week,Random_Forest,Config_A,PVT,D00130,1,1
liquid100_mat5,any_relevance,2week,Random_Forest,Config_A,PVT,D00131,1,0
liquid100_mat5,any_relevance,2week,Random_Forest,Config_A,PVT,D00132,0,0
liquid100_mat5,any_relevance,2week,Random_Forest,Config_A,PVT,D00133,1,0
liquid100_mat5,any_relevance,2week,Random_Forest,Config_A,PVT,D00134,1,1
liquid100_mat5,any_relevance,2week,Random_Forest,Config_A,PVT,D00135,0,0
liquid100_mat5,any_relevance,2week,Random_Forest,Config_A,PVT,D00136,0,0
liquid100_mat5,any_relevance,2week,Random_Forest,Config_A,PVT,D00137,1,0
liquid100_mat5,any_relevance,2week,Random_Forest,Config_A,PVT,D00138,1,0
liquid100_mat5,any_relevance,2week,Random_Forest,Config_A,PVT,D00139,0,1
liquid100_mat5,any_relevance,2week,Random_Forest,Config_A,PVT,D00140,0,0
liquid100_mat5,any_relevance,2week,Random_Forest,Config_A,PVT,D00141,0,0
liquid100_mat5,any_relevance,2week,Random_Forest,Config_A,PVT,D00142,0,0
liquid100_mat5,any_relevance,2week,Random_Forest,Config_A,SHB,D00119,1,1
liquid100_mat5,any_relevance,2week,Random_Forest,Config_A,SHB,D00120,0,1
liquid100_mat5,any_relevance,2week,Random_Forest,Config_A,SHB,D00121,0,1
liquid100_mat5,any_relevance,2week,Random_Forest,Config_A,SHB,D00122,0,0
liquid100_mat5,any_relevance,2week,Random_Forest,Config_A,SHB,D00123,1,0
liquid100_mat5,any_relevance,2week,Random_Forest,Config_A,SHB,D00124,0,1
liquid100_mat5,any_relevance,2week,Random_Forest,Config_A,SHB,D00125,0,0
liquid100_mat5,any_relevance,2week,Random_Forest,Config_A,SHB,D00126,1,0
liquid100_mat5,any_relevance,2week,Random_Forest,Config_A,SHB,D00127,0,0
liquid100_mat5,any_relevance,2week,Random_Forest,Config_A,SHB,D00128,0,0
liquid100_mat5,any_relevance,2week,Random_Forest,Config_A,SHB,D00129,0,0
liquid100_mat5,any_relevance,2week,Random_Forest,Config_A,SHB,D00130,0,0
liquid100_mat5,any_relevance,2week,Random_Forest,Config_A,SHB,D00131,0,0
liquid100_mat5,any_relevance,2week,Random_Forest,Config_A,SHB,D00132,0,0
liquid100_mat5,any_relevance,2week,Random_Forest,Config_A,SHB,D00133,1,0
liquid100_mat5,any_relevance,2week,Random_Forest,Config_A,SHB,D00134,0,0
liquid100_mat5,any_relevance,2week,Random_Forest,Config_A,SHB,D00135,0,0
liquid100_mat5,any_relevance,2week,Random_Forest,Config_A,SHB,D00136,1,0
liquid100_mat5,any_relevance,2week,Random_Forest,Config_A,SHB,D00137,0,1
liquid100_mat5,any_relevance,2week,Random_Forest,Config_A,SHB,D00138,0,0
liquid100_mat5,any_relevance,2week,Random_Forest,Config_A,SHB,D00139,0,0
liquid100_mat5,any_relevance,2week,Random_Forest,Config_A,SHB,D00140,0,0
liquid100_mat5,any_relevance,2week,Random_Forest,Config_A,SHB,D00141,0,0
liquid100_mat5,any_relevance,2week,Random_Forest,Config_A,SHB,D00142,0,0
liquid100_mat5,any_relevance,2week,Random_Forest,Config_A,SSI,D00119,1,1
liquid100_mat5,any_relevance,2week,Random_Forest,Config_A,SSI,D00120,1,0
liquid100_mat5,any_relevance,2week,Random_Forest,Config_A,SSI,D00121,1,1
liquid100_mat5,any_relevance,2week,Random_Forest,Config_A,SSI,D00122,0,0
liquid100_mat5,any_relevance,2week,Random_Forest,Config_A,SSI,D00123,1,0
liquid100_mat5,any_relevance,2week,Random_Forest,Config_A,SSI,D00124,0,1
liquid100_mat5,any_relevance,2week,Random_Forest,Config_A,SSI,D00125,0,0
liquid100_mat5,any_relevance,2week,Random_Forest,Config_A,SSI,D00126,0,0
liquid100_mat5,any_relevance,2week,Random_Forest,Config_A,SSI,D00127,0,0
liquid100_mat5,any_relevance,2week,Random_Forest,Config_A,SSI,D00128,1,0
liquid100_mat5,any_relevance,2week,Random_Forest,Config_A,SSI,D00129,0,0
liquid100_mat5,any_relevance,2week,Random_Forest,Config_A,SSI,D00130,1,0
liquid100_mat5,any_relevance,2week,Random_Forest,Config_A,SSI,D00131,0,0
liquid100_mat5,any_relevance,2week,Random_Forest,Config_A,SSI,D00132,0,0
liquid100_mat5,any_relevance,2week,Random_Forest,Config_A,SSI,D00133,1,0
liquid100_mat5,any_relevance,2week,Random_Forest,Config_A,SSI,D00134,0,0
liquid100_mat5,any_relevance,2week,Random_Forest,Config_A,SSI,D00135,0,0
liquid100_mat5,any_relevance,2week,Random_Forest,Config_A,SSI,D00136,1,0
liquid100_mat5,any_relevance,2week,Random_Forest,Config_A,SSI,D00137,0,1
liquid100_mat5,any_relevance,2week,Random_Forest,Config_A,SSI,D00138,0,0
liquid100_mat5,any_relevance,2week,Random_Forest,Config_A,SSI,D00139,0,0
liquid100_mat5,any_relevance,2week,Random_Forest,Config_A,SSI,D00140,0,0
liquid100_mat5,any_relevance,2week,Random_Forest,Config_A,SSI,D00141,0,0
liquid100_mat5,any_relevance,2week,Random_Forest,Config_A,SSI,D00142,0,0
liquid100_mat5,any_relevance,2week,Random_Forest,Config_A,STB,D00119,1,1
liquid100_mat5,any_relevance,2week,Random_Forest,Config_A,STB,D00120,0,1
liquid100_mat5,any_relevance,2week,Random_Forest,Config_A,STB,D00121,0,0
liquid100_mat5,any_relevance,2week,Random_Forest,Config_A,STB,D00122,1,0
liquid100_mat5,any_relevance,2week,Random_Forest,Config_A,STB,D00123,1,1
liquid100_mat5,any_relevance,2week,Random_Forest,Config_A,STB,D00124,0,0
liquid100_mat5,any_relevance,2week,Random_Forest,Config_A,STB,D00125,0,0
liquid100_mat5,any_relevance,2week,Random_Forest,Config_A,STB,D00126,0,0
liquid100_mat5,any_relevance,2week,Random_Forest,Config_A,STB,D00127,0,0
liquid100_mat5,any_relevance,2week,Random_Forest,Config_A,STB,D00128,1,0
liquid100_mat5,any_relevance,2week,Random_Forest,Config_A,STB,D00129,1,1
liquid100_mat5,any_relevance,2week,Random_Forest,Config_A,STB,D00130,0,0
liquid100_mat5,any_relevance,2week,Random_Forest,Config_A,STB,D00131,1,1
liquid100_mat5,any_relevance,2week,Random_Forest,Config_A,STB,D00132,0,0
liquid100_mat5,any_relevance,2week,Random_Forest,Config_A,STB,D00133,1,0
liquid100_mat5,any_relevance,2week,Random_Forest,Config_A,STB,D00134,0,0
liquid100_mat5,any_relevance,2week,Random_Forest,Config_A,STB,D00135,0,0
liquid100_mat5,any_relevance,2week,Random_Forest,Config_A,STB,D00136,1,0
liquid100_mat5,any_relevance,2week,Random_Forest,Config_A,STB,D00137,1,0
liquid100_mat5,any_relevance,2week,Random_Forest,Config_A,STB,D00138,1,1
liquid100_mat5,any_relevance,2week,Random_Forest,Config_A,STB,D00139,0,1
liquid100_mat5,any_relevance,2week,Random_Forest,Config_A,STB,D00140,0,0
liquid100_mat5,any_relevance,2week,Random_Forest,Config_A,STB,D00141,1,1
liquid100_mat5,any_relevance,2week,Random_Forest,Config_A,STB,D00142,1,0
liquid100_mat5,any_relevance,2week,Random_Forest,Config_A,TCB,D00119,1,1
liquid100_mat5,any_relevance,2week,Random_Forest,Config_A,TCB,D00120,0,1
liquid100_mat5,any_relevance,2week,Random_Forest,Config_A,TCB,D00121,0,0
liquid100_mat5,any_relevance,2week,Random_Forest,Config_A,TCB,D00122,0,0
liquid100_mat5,any_relevance,2week,Random_Forest,Config_A,TCB,D00123,1,1
liquid100_mat5,any_relevance,2week,Random_Forest,Config_A,TCB,D00124,0,1
liquid100_mat5,any_relevance,2week,Random_Forest,Config_A,TCB,D00125,0,0
liquid100_mat5,any_relevance,2week,Random_Forest,Config_A,TCB,D00126,0,0
liquid100_mat5,any_relevance,2week,Random_Forest,Config_A,TCB,D00127,0,0
liquid100_mat5,any_relevance,2week,Random_Forest,Config_A,TCB,D00128,0,0
liquid100_mat5,any_relevance,2week,Random_Forest,Config_A,TCB,D00129,1,1
liquid100_mat5,any_relevance,2week,Random_Forest,Config_A,TCB,D00130,1,1
liquid100_mat5,any_relevance,2week,Random_Forest,Config_A,TCB,D00131,0,0
liquid100_mat5,any_relevance,2week,Random_Forest,Config_A,TCB,D00132,0,0
liquid100_mat5,any_relevance,2week,Random_Forest,Config_A,TCB,D00133,0,0
liquid100_mat5,any_relevance,2week,Random_Forest,Config_A,TCB,D00134,0,0
liquid100_mat5,any_relevance,2week,Random_Forest,Config_A,TCB,D00135,0,0
liquid100_mat5,any_relevance,2week,Random_Forest,Config_A,TCB,D00136,1,0
liquid100_mat5,any_relevance,2week,Random_Forest,Config_A,TCB,D00137,1,1
liquid100_mat5,any_relevance,2week,Random_Forest,Config_A,TCB,D00138,0,0
liquid100_mat5,any_relevance,2week,Random_Forest,Config_A,TCB,D00139,0,0
liquid100_mat5,any_relevance,2week,Random_Forest,Config_A,TCB,D00140,0,0
liquid100_mat5,any_relevance,2week,Random_Forest,Config_A,TCB,D00141,0,0
liquid100_mat5,any_relevance,2week,Random_Forest,Config_A,TCB,D00142,1,1
liquid100_mat5,any_relevance,2week,Random_Forest,Config_A,TPB,D00119,1,1
liquid100_mat5,any_relevance,2week,Random_Forest,Config_A,TPB,D00120,1,1
liquid100_mat5,any_relevance,2week,Random_Forest,Config_A,TPB,D00121,0,1
liquid100_mat5,any_relevance,2week,Random_Forest,Config_A,TPB,D00122,0,0
liquid100_mat5,any_relevance,2week,Random_Forest,Config_A,TPB,D00123,1,0
liquid100_mat5,any_relevance,2week,Random_Forest,Config_A,TPB,D00124,0,1
liquid100_mat5,any_relevance,2week,Random_Forest,Config_A,TPB,D00125,0,0
liquid100_mat5,any_relevance,2week,Random_Forest,Config_A,TPB,D00126,1,0
liquid100_mat5,any_relevance,2week,Random_Forest,Config_A,TPB,D00127,0,0
liquid100_mat5,any_relevance,2week,Random_Forest,Config_A,TPB,D00128,0,0
liquid100_mat5,any_relevance,2week,Random_Forest,Config_A,TPB,D00129,0,0
liquid100_mat5,any_relevance,2week,Random_Forest,Config_A,TPB,D00130,1,1
liquid100_mat5,any_relevance,2week,Random_Forest,Config_A,TPB,D00131,0,0
liquid100_mat5,any_relevance,2week,Random_Forest,Config_A,TPB,D00132,0,0
liquid100_mat5,any_relevance,2week,Random_Forest,Config_A,TPB,D00133,1,1
liquid100_mat5,any_relevance,2week,Random_Forest,Config_A,TPB,D00134,0,0
liquid100_mat5,any_relevance,2week,Random_Forest,Config_A,TPB,D00135,0,0
liquid100_mat5,any_relevance,2week,Random_Forest,Config_A,TPB,D00136,0,0
liquid100_mat5,any_relevance,2week,Random_Forest,Config_A,TPB,D00137,0,0
liquid100_mat5,any_relevance,2week,Random_Forest,Config_A,TPB,D00138,0,0
liquid100_mat5,any_relevance,2week,Random_Forest,Config_A,TPB,D00139,0,0
liquid100_mat5,any_relevance,2week,Random_Forest,Config_A,TPB,D00140,0,0
liquid100_mat5,any_relevance,2week,Random_Forest,Config_A,TPB,D00141,1,0
liquid100_mat5,any_relevance,2week,Random_Forest,Config_A,TPB,D00142,0,0
liquid100_mat5,any_relevance,2week,Random_Forest,Config_A,VCB,D00119,1,0
liquid100_mat5,any_relevance,2week,Random_Forest,Config_A,VCB,D00120,1,0
liquid100_mat5,any_relevance,2week,Random_Forest,Config_A,VCB,D00121,0,0
liquid100_mat5,any_relevance,2week,Random_Forest,Config_A,VCB,D00122,0,0
liquid100_mat5,any_relevance,2week,Random_Forest,Config_A,VCB,D00123,1,0
liquid100_mat5,any_relevance,2week,Random_Forest,Config_A,VCB,D00124,0,0
liquid100_mat5,any_relevance,2week,Random_Forest,Config_A,VCB,D00125,0,0
liquid100_mat5,any_relevance,2week,Random_Forest,Config_A,VCB,D00126,0,0
liquid100_mat5,any_relevance,2week,Random_Forest,Config_A,VCB,D00127,0,0
liquid100_mat5,any_relevance,2week,Random_Forest,Config_A,VCB,D00128,0,0
liquid100_mat5,any_relevance,2week,Random_Forest,Config_A,VCB,D00129,1,0
liquid100_mat5,any_relevance,2week,Random_Forest,Config_A,VCB,D00130,1,1
liquid100_mat5,any_relevance,2week,Random_Forest,Config_A,VCB,D00131,0,0
liquid100_mat5,any_relevance,2week,Random_Forest,Config_A,VCB,D00132,0,0
liquid100_mat5,any_relevance,2week,Random_Forest,Config_A,VCB,D00133,0,0
liquid100_mat5,any_relevance,2week,Random_Forest,Config_A,VCB,D00134,0,0
liquid100_mat5,any_relevance,2week,Random_Forest,Config_A,VCB,D00135,0,0
liquid100_mat5,any_relevance,2week,Random_Forest,Config_A,VCB,D00136,0,0
liquid100_mat5,any_relevance,2week,Random_Forest,Config_A,VCB,D00137,0,0
liquid100_mat5,any_relevance,2week,Random_Forest,Config_A,VCB,D00138,0,0
liquid100_mat5,any_relevance,2week,Random_Forest,Config_A,VCB,D00139,1,0
liquid100_mat5,any_relevance,2week,Random_Forest,Config_A,VCB,D00140,0,0
liquid100_mat5,any_relevance,2week,Random_Forest,Config_A,VCB,D00141,0,0
liquid100_mat5,any_relevance,2week,Random_Forest,Config_A,VCB,D00142,0,0
liquid100_mat5,any_relevance,2week,Random_Forest,Config_A,VCG,D00119,1,0
liquid100_mat5,any_relevance,2week,Random_Forest,Config_A,VCG,D00120,0,0
liquid100_mat5,any_relevance,2week,Random_Forest,Config_A,VCG,D00121,1,0
liquid100_mat5,any_relevance,2week,Random_Forest,Config_A,VCG,D00122,1,1
liquid100_mat5,any_relevance,2week,Random_Forest,Config_A,VCG,D00123,0,0
liquid100_mat5,any_relevance,2week,Random_Forest,Config_A,VCG,D00124,0,0
liquid100_mat5,any_relevance,2week,Random_Forest,Config_A,VCG,D00125,0,0
liquid100_mat5,any_relevance,2week,Random_Forest,Config_A,VCG,D00126,0,0
liquid100_mat5,any_relevance,2week,Random_Forest,Config_A,VCG,D00127,0,0
liquid100_mat5,any_relevance,2week,Random_Forest,Config_A,VCG,D00128,0,0
liquid100_mat5,any_relevance,2week,Random_Forest,Config_A,VCG,D00129,0,0
liquid100_mat5,any_relevance,2week,Random_Forest,Config_A,VCG,D00130,0,0
liquid100_mat5,any_relevance,2week,Random_Forest,Config_A,VCG,D00131,0,0
liquid100_mat5,any_relevance,2week,Random_Forest,Config_A,VCG,D00132,0,0
liquid100_mat5,any_relevance,2week,Random_Forest,Config_A,VCG,D00133,1,0
liquid100_mat5,any_relevance,2week,Random_Forest,Config_A,VCG,D00134,1,0
liquid100_mat5,any_relevance,2week,Random_Forest,Config_A,VCG,D00135,0,0
liquid100_mat5,any_relevance,2week,Random_Forest,Config_A,VCG,D00136,0,1
liquid100_mat5,any_relevance,2week,Random_Forest,Config_A,VCG,D00137,0,0
liquid100_mat5,any_relevance,2week,Random_Forest,Config_A,VCG,D00138,0,0
liquid100_mat5,any_relevance,2week,Random_Forest,Config_A,VCG,D00139,0,0
liquid100_mat5,any_relevance,2week,Random_Forest,Config_A,VCG,D00140,0,0
liquid100_mat5,any_relevance,2week,Random_Forest,Config_A,VCG,D00141,0,0
liquid100_mat5,any_relevance,2week,Random_Forest,Config_A,VCG,D00142,1,0
liquid100_mat5,any_relevance,2week,Random_Forest,Config_A,VCI,D00119,1,1
liquid100_mat5,any_relevance,2week,Random_Forest,Config_A,VCI,D00120,0,0
liquid100_mat5,any_relevance,2week,Random_Forest,Config_A,VCI,D00121,0,1
liquid100_mat5,any_relevance,2week,Random_Forest,Config_A,VCI,D00122,0,0
liquid100_mat5,any_relevance,2week,Random_Forest,Config_A,VCI,D00123,0,0
liquid100_mat5,any_relevance,2week,Random_Forest,Config_A,VCI,D00124,0,0
liquid100_mat5,any_relevance,2week,Random_Forest,Config_A,VCI,D00125,0,0
liquid100_mat5,any_relevance,2week,Random_Forest,Config_A,VCI,D00126,0,0
liquid100_mat5,any_relevance,2week,Random_Forest,Config_A,VCI,D00127,0,0
liquid100_mat5,any_relevance,2week,Random_Forest,Config_A,VCI,D00128,0,0
liquid100_mat5,any_relevance,2week,Random_Forest,Config_A,VCI,D00129,0,0
liquid100_mat5,any_relevance,2week,Random_Forest,Config_A,VCI,D00130,1,0
liquid100_mat5,any_relevance,2week,Random_Forest,Config_A,VCI,D00131,1,0
liquid100_mat5,any_relevance,2week,Random_Forest,Config_A,VCI,D00132,0,0
liquid100_mat5,any_relevance,2week,Random_Forest,Config_A,VCI,D00133,1,1
liquid100_mat5,any_relevance,2week,Random_Forest,Config_A,VCI,D00134,0,1
liquid100_mat5,any_relevance,2week,Random_Forest,Config_A,VCI,D00135,0,0
liquid100_mat5,any_relevance,2week,Random_Forest,Config_A,VCI,D00136,1,0
liquid100_mat5,any_relevance,2week,Random_Forest,Config_A,VCI,D00137,0,1
liquid100_mat5,any_relevance,2week,Random_Forest,Config_A,VCI,D00138,0,0
liquid100_mat5,any_relevance,2week,Random_Forest,Config_A,VCI,D00139,0,0
liquid100_mat5,any_relevance,2week,Random_Forest,Config_A,VCI,D00140,0,0
liquid100_mat5,any_relevance,2week,Random_Forest,Config_A,VCI,D00141,0,0
liquid100_mat5,any_relevance,2week,Random_Forest,Config_A,VCI,D00142,0,0
liquid100_mat5,any_relevance,2week,Random_Forest,Config_A,VHM,D00119,0,0
liquid100_mat5,any_relevance,2week,Random_Forest,Config_A,VHM,D00120,1,1
liquid100_mat5,any_relevance,2week,Random_Forest,Config_A,VHM,D00121,0,0
liquid100_mat5,any_relevance,2week,Random_Forest,Config_A,VHM,D00122,0,0
liquid100_mat5,any_relevance,2week,Random_Forest,Config_A,VHM,D00123,1,0
liquid100_mat5,any_relevance,2week,Random_Forest,Config_A,VHM,D00124,0,0
liquid100_mat5,any_relevance,2week,Random_Forest,Config_A,VHM,D00125,0,0
liquid100_mat5,any_relevance,2week,Random_Forest,Config_A,VHM,D00126,1,0
liquid100_mat5,any_relevance,2week,Random_Forest,Config_A,VHM,D00127,1,0
liquid100_mat5,any_relevance,2week,Random_Forest,Config_A,VHM,D00128,0,0
liquid100_mat5,any_relevance,2week,Random_Forest,Config_A,VHM,D00129,1,1
liquid100_mat5,any_relevance,2week,Random_Forest,Config_A,VHM,D00130,0,0
liquid100_mat5,any_relevance,2week,Random_Forest,Config_A,VHM,D00131,0,0
liquid100_mat5,any_relevance,2week,Random_Forest,Config_A,VHM,D00132,0,0
liquid100_mat5,any_relevance,2week,Random_Forest,Config_A,VHM,D00133,0,1
liquid100_mat5,any_relevance,2week,Random_Forest,Config_A,VHM,D00134,0,0
liquid100_mat5,any_relevance,2week,Random_Forest,Config_A,VHM,D00135,1,1
liquid100_mat5,any_relevance,2week,Random_Forest,Config_A,VHM,D00136,1,0
liquid100_mat5,any_relevance,2week,Random_Forest,Config_A,VHM,D00137,1,1
liquid100_mat5,any_relevance,2week,Random_Forest,Config_A,VHM,D00138,1,0
liquid100_mat5,any_relevance,2week,Random_Forest,Config_A,VHM,D00139,0,0
liquid100_mat5,any_relevance,2week,Random_Forest,Config_A,VHM,D00140,0,0
liquid100_mat5,any_relevance,2week,Random_Forest,Config_A,VHM,D00141,0,0
liquid100_mat5,any_relevance,2week,Random_Forest,Config_A,VHM,D00142,1,1
liquid100_mat5,any_relevance,2week,Random_Forest,Config_A,VIB,D00119,1,1
liquid100_mat5,any_relevance,2week,Random_Forest,Config_A,VIB,D00120,1,1
liquid100_mat5,any_relevance,2week,Random_Forest,Config_A,VIB,D00121,0,0
liquid100_mat5,any_relevance,2week,Random_Forest,Config_A,VIB,D00122,0,0
liquid100_mat5,any_relevance,2week,Random_Forest,Config_A,VIB,D00123,0,0
liquid100_mat5,any_relevance,2week,Random_Forest,Config_A,VIB,D00124,0,0
liquid100_mat5,any_relevance,2week,Random_Forest,Config_A,VIB,D00125,0,0
liquid100_mat5,any_relevance,2week,Random_Forest,Config_A,VIB,D00126,0,0
liquid100_mat5,any_relevance,2week,Random_Forest,Config_A,VIB,D00127,0,0
liquid100_mat5,any_relevance,2week,Random_Forest,Config_A,VIB,D00128,0,0
liquid100_mat5,any_relevance,2week,Random_Forest,Config_A,VIB,D00129,0,1
liquid100_mat5,any_relevance,2week,Random_Forest,Config_A,VIB,D00130,1,0
liquid100_mat5,any_relevance,2week,Random_Forest,Config_A,VIB,D00131,0,0
liquid100_mat5,any_relevance,2week,Random_Forest,Config_A,VIB,D00132,0,0
liquid100_mat5,any_relevance,2week,Random_Forest,Config_A,VIB,D00133,0,1
liquid100_mat5,any_relevance,2week,Random_Forest,Config_A,VIB,D00134,0,0
liquid100_mat5,any_relevance,2week,Random_Forest,Config_A,VIB,D00135,0,0
liquid100_mat5,any_relevance,2week,Random_Forest,Config_A,VIB,D00136,0,0
liquid100_mat5,any_relevance,2week,Random_Forest,Config_A,VIB,D00137,0,0
liquid100_mat5,any_relevance,2week,Random_Forest,Config_A,VIB,D00138,0,0
liquid100_mat5,any_relevance,2week,Random_Forest,Config_A,VIB,D00139,0,0
liquid100_mat5,any_relevance,2week,Random_Forest,Config_A,VIB,D00140,0,0
liquid100_mat5,any_relevance,2week,Random_Forest,Config_A,VIB,D00141,0,0
liquid100_mat5,any_relevance,2week,Random_Forest,Config_A,VIB,D00142,0,0
liquid100_mat5,any_relevance,2week,Random_Forest,Config_A,VIC,D00119,1,0
liquid100_mat5,any_relevance,2week,Random_Forest,Config_A,VIC,D00120,1,1
liquid100_mat5,any_relevance,2week,Random_Forest,Config_A,VIC,D00121,1,0
liquid100_mat5,any_relevance,2week,Random_Forest,Config_A,VIC,D00122,1,1
liquid100_mat5,any_relevance,2week,Random_Forest,Config_A,VIC,D00123,1,1
liquid100_mat5,any_relevance,2week,Random_Forest,Config_A,VIC,D00124,1,1
liquid100_mat5,any_relevance,2week,Random_Forest,Config_A,VIC,D00125,0,0
liquid100_mat5,any_relevance,2week,Random_Forest,Config_A,VIC,D00126,1,0
liquid100_mat5,any_relevance,2week,Random_Forest,Config_A,VIC,D00127,1,1
liquid100_mat5,any_relevance,2week,Random_Forest,Config_A,VIC,D00128,1,0
liquid100_mat5,any_relevance,2week,Random_Forest,Config_A,VIC,D00129,1,0
liquid100_mat5,any_relevance,2week,Random_Forest,Config_A,VIC,D00130,0,0
liquid100_mat5,any_relevance,2week,Random_Forest,Config_A,VIC,D00131,0,0
liquid100_mat5,any_relevance,2week,Random_Forest,Config_A,VIC,D00132,1,0
liquid100_mat5,any_relevance,2week,Random_Forest,Config_A,VIC,D00133,1,0
liquid100_mat5,any_relevance,2week,Random_Forest,Config_A,VIC,D00134,0,0
liquid100_mat5,any_relevance,2week,Random_Forest,Config_A,VIC,D00135,0,0
liquid100_mat5,any_relevance,2week,Random_Forest,Config_A,VIC,D00136,1,1
liquid100_mat5,any_relevance,2week,Random_Forest,Config_A,VIC,D00137,1,0
liquid100_mat5,any_relevance,2week,Random_Forest,Config_A,VIC,D00138,1,0
liquid100_mat5,any_relevance,2week,Random_Forest,Config_A,VIC,D00139,0,0
liquid100_mat5,any_relevance,2week,Random_Forest,Config_A,VIC,D00140,0,0
liquid100_mat5,any_relevance,2week,Random_Forest,Config_A,VIC,D00141,1,0
liquid100_mat5,any_relevance,2week,Random_Forest,Config_A,VIC,D00142,1,0
liquid100_mat5,any_relevance,2week,Random_Forest,Config_A,VJC,D00119,1,1
liquid100_mat5,any_relevance,2week,Random_Forest,Config_A,VJC,D00120,1,1
liquid100_mat5,any_relevance,2week,Random_Forest,Config_A,VJC,D00121,0,0
liquid100_mat5,any_relevance,2week,Random_Forest,Config_A,VJC,D00122,0,0
liquid100_mat5,any_relevance,2week,Random_Forest,Config_A,VJC,D00123,1,0
liquid100_mat5,any_relevance,2week,Random_Forest,Config_A,VJC,D00124,1,1
liquid100_mat5,any_relevance,2week,Random_Forest,Config_A,VJC,D00125,0,0
liquid100_mat5,any_relevance,2week,Random_Forest,Config_A,VJC,D00126,1,0
liquid100_mat5,any_relevance,2week,Random_Forest,Config_A,VJC,D00127,1,0
liquid100_mat5,any_relevance,2week,Random_Forest,Config_A,VJC,D00128,0,0
liquid100_mat5,any_relevance,2week,Random_Forest,Config_A,VJC,D00129,1,1
liquid100_mat5,any_relevance,2week,Random_Forest,Config_A,VJC,D00130,0,0
liquid100_mat5,any_relevance,2week,Random_Forest,Config_A,VJC,D00131,0,0
liquid100_mat5,any_relevance,2week,Random_Forest,Config_A,VJC,D00132,0,0
liquid100_mat5,any_relevance,2week,Random_Forest,Config_A,VJC,D00133,1,0
liquid100_mat5,any_relevance,2week,Random_Forest,Config_A,VJC,D00134,0,0
liquid100_mat5,any_relevance,2week,Random_Forest,Config_A,VJC,D00135,0,0
liquid100_mat5,any_relevance,2week,Random_Forest,Config_A,VJC,D00136,1,1
liquid100_mat5,any_relevance,2week,Random_Forest,Config_A,VJC,D00137,1,0
liquid100_mat5,any_relevance,2week,Random_Forest,Config_A,VJC,D00138,0,0
liquid100_mat5,any_relevance,2week,Random_Forest,Config_A,VJC,D00139,0,0
liquid100_mat5,any_relevance,2week,Random_Forest,Config_A,VJC,D00140,1,0
liquid100_mat5,any_relevance,2week,Random_Forest,Config_A,VJC,D00141,1,0
liquid100_mat5,any_relevance,2week,Random_Forest,Config_A,VJC,D00142,0,0
liquid100_mat5,any_relevance,2week,Random_Forest,Config_A,VND,D00119,1,1
liquid100_mat5,any_relevance,2week,Random_Forest,Config_A,VND,D00120,0,0
liquid100_mat5,any_relevance,2week,Random_Forest,Config_A,VND,D00121,0,1
liquid100_mat5,any_relevance,2week,Random_Forest,Config_A,VND,D00122,0,0
liquid100_mat5,any_relevance,2week,Random_Forest,Config_A,VND,D00123,1,0
liquid100_mat5,any_relevance,2week,Random_Forest,Config_A,VND,D00124,0,1
liquid100_mat5,any_relevance,2week,Random_Forest,Config_A,VND,D00125,0,0
liquid100_mat5,any_relevance,2week,Random_Forest,Config_A,VND,D00126,0,0
liquid100_mat5,any_relevance,2week,Random_Forest,Config_A,VND,D00127,0,0
liquid100_mat5,any_relevance,2week,Random_Forest,Config_A,VND,D00128,1,0
liquid100_mat5,any_relevance,2week,Random_Forest,Config_A,VND,D00129,0,1
liquid100_mat5,any_relevance,2week,Random_Forest,Config_A,VND,D00130,1,0
liquid100_mat5,any_relevance,2week,Random_Forest,Config_A,VND,D00131,0,0
liquid100_mat5,any_relevance,2week,Random_Forest,Config_A,VND,D00132,0,0
liquid100_mat5,any_relevance,2week,Random_Forest,Config_A,VND,D00133,1,1
liquid100_mat5,any_relevance,2week,Random_Forest,Config_A,VND,D00134,0,0
liquid100_mat5,any_relevance,2week,Random_Forest,Config_A,VND,D00135,0,0
liquid100_mat5,any_relevance,2week,Random_Forest,Config_A,VND,D00136,1,1
liquid100_mat5,any_relevance,2week,Random_Forest,Config_A,VND,D00137,0,1
liquid100_mat5,any_relevance,2week,Random_Forest,Config_A,VND,D00138,0,0
liquid100_mat5,any_relevance,2week,Random_Forest,Config_A,VND,D00139,1,0
liquid100_mat5,any_relevance,2week,Random_Forest,Config_A,VND,D00140,1,1
liquid100_mat5,any_relevance,2week,Random_Forest,Config_A,VND,D00141,1,0
liquid100_mat5,any_relevance,2week,Random_Forest,Config_A,VND,D00142,0,0
liquid100_mat5,any_relevance,2week,Random_Forest,Config_A,VNM,D00119,0,0
liquid100_mat5,any_relevance,2week,Random_Forest,Config_A,VNM,D00120,0,0
liquid100_mat5,any_relevance,2week,Random_Forest,Config_A,VNM,D00121,1,0
liquid100_mat5,any_relevance,2week,Random_Forest,Config_A,VNM,D00122,0,1
liquid100_mat5,any_relevance,2week,Random_Forest,Config_A,VNM,D00123,1,0
liquid100_mat5,any_relevance,2week,Random_Forest,Config_A,VNM,D00124,0,0
liquid100_mat5,any_relevance,2week,Random_Forest,Config_A,VNM,D00125,1,0
liquid100_mat5,any_relevance,2week,Random_Forest,Config_A,VNM,D00126,1,1
liquid100_mat5,any_relevance,2week,Random_Forest,Config_A,VNM,D00127,1,0
liquid100_mat5,any_relevance,2week,Random_Forest,Config_A,VNM,D00128,0,0
liquid100_mat5,any_relevance,2week,Random_Forest,Config_A,VNM,D00129,0,0
liquid100_mat5,any_relevance,2week,Random_Forest,Config_A,VNM,D00130,1,0
liquid100_mat5,any_relevance,2week,Random_Forest,Config_A,VNM,D00131,1,1
liquid100_mat5,any_relevance,2week,Random_Forest,Config_A,VNM,D00132,0,0
liquid100_mat5,any_relevance,2week,Random_Forest,Config_A,VNM,D00133,0,0
liquid100_mat5,any_relevance,2week,Random_Forest,Config_A,VNM,D00134,0,0
liquid100_mat5,any_relevance,2week,Random_Forest,Config_A,VNM,D00135,0,0
liquid100_mat5,any_relevance,2week,Random_Forest,Config_A,VNM,D00136,0,0
liquid100_mat5,any_relevance,2week,Random_Forest,Config_A,VNM,D00137,0,0
liquid100_mat5,any_relevance,2week,Random_Forest,Config_A,VNM,D00138,0,0
liquid100_mat5,any_relevance,2week,Random_Forest,Config_A,VNM,D00139,0,0
liquid100_mat5,any_relevance,2week,Random_Forest,Config_A,VNM,D00140,0,0
liquid100_mat5,any_relevance,2week,Random_Forest,Config_A,VNM,D00141,0,0
liquid100_mat5,any_relevance,2week,Random_Forest,Config_A,VNM,D00142,0,0
liquid100_mat5,any_relevance,2week,Random_Forest,Config_A,VPB,D00119,1,1
liquid100_mat5,any_relevance,2week,Random_Forest,Config_A,VPB,D00120,1,1
liquid100_mat5,any_relevance,2week,Random_Forest,Config_A,VPB,D00121,0,0
liquid100_mat5,any_relevance,2week,Random_Forest,Config_A,VPB,D00122,0,0
liquid100_mat5,any_relevance,2week,Random_Forest,Config_A,VPB,D00123,1,0
liquid100_mat5,any_relevance,2week,Random_Forest,Config_A,VPB,D00124,0,1
liquid100_mat5,any_relevance,2week,Random_Forest,Config_A,VPB,D00125,0,0
liquid100_mat5,any_relevance,2week,Random_Forest,Config_A,VPB,D00126,0,0
liquid100_mat5,any_relevance,2week,Random_Forest,Config_A,VPB,D00127,1,0
liquid100_mat5,any_relevance,2week,Random_Forest,Config_A,VPB,D00128,0,0
liquid100_mat5,any_relevance,2week,Random_Forest,Config_A,VPB,D00129,0,0
liquid100_mat5,any_relevance,2week,Random_Forest,Config_A,VPB,D00130,1,0
liquid100_mat5,any_relevance,2week,Random_Forest,Config_A,VPB,D00131,0,0
liquid100_mat5,any_relevance,2week,Random_Forest,Config_A,VPB,D00132,0,0
liquid100_mat5,any_relevance,2week,Random_Forest,Config_A,VPB,D00133,1,0
liquid100_mat5,any_relevance,2week,Random_Forest,Config_A,VPB,D00134,0,0
liquid100_mat5,any_relevance,2week,Random_Forest,Config_A,VPB,D00135,0,0
liquid100_mat5,any_relevance,2week,Random_Forest,Config_A,VPB,D00136,1,0
liquid100_mat5,any_relevance,2week,Random_Forest,Config_A,VPB,D00137,1,1
liquid100_mat5,any_relevance,2week,Random_Forest,Config_A,VPB,D00138,0,0
liquid100_mat5,any_relevance,2week,Random_Forest,Config_A,VPB,D00139,0,1
liquid100_mat5,any_relevance,2week,Random_Forest,Config_A,VPB,D00140,0,0
liquid100_mat5,any_relevance,2week,Random_Forest,Config_A,VPB,D00141,0,0
liquid100_mat5,any_relevance,2week,Random_Forest,Config_A,VPB,D00142,0,0
liquid100_mat5,any_relevance,2week,Random_Forest,Config_A,VSC,D00119,1,1
liquid100_mat5,any_relevance,2week,Random_Forest,Config_A,VSC,D00120,0,1
liquid100_mat5,any_relevance,2week,Random_Forest,Config_A,VSC,D00121,0,1
liquid100_mat5,any_relevance,2week,Random_Forest,Config_A,VSC,D00122,0,0
liquid100_mat5,any_relevance,2week,Random_Forest,Config_A,VSC,D00123,0,0
liquid100_mat5,any_relevance,2week,Random_Forest,Config_A,VSC,D00124,0,0
liquid100_mat5,any_relevance,2week,Random_Forest,Config_A,VSC,D00125,0,0
liquid100_mat5,any_relevance,2week,Random_Forest,Config_A,VSC,D00126,1,1
liquid100_mat5,any_relevance,2week,Random_Forest,Config_A,VSC,D00127,0,0
liquid100_mat5,any_relevance,2week,Random_Forest,Config_A,VSC,D00128,0,0
liquid100_mat5,any_relevance,2week,Random_Forest,Config_A,VSC,D00129,0,1
liquid100_mat5,any_relevance,2week,Random_Forest,Config_A,VSC,D00130,1,0
liquid100_mat5,any_relevance,2week,Random_Forest,Config_A,VSC,D00131,0,1
liquid100_mat5,any_relevance,2week,Random_Forest,Config_A,VSC,D00132,1,1
liquid100_mat5,any_relevance,2week,Random_Forest,Config_A,VSC,D00133,1,1
liquid100_mat5,any_relevance,2week,Random_Forest,Config_A,VSC,D00134,0,0
liquid100_mat5,any_relevance,2week,Random_Forest,Config_A,VSC,D00135,0,1
liquid100_mat5,any_relevance,2week,Random_Forest,Config_A,VSC,D00136,1,1
liquid100_mat5,any_relevance,2week,Random_Forest,Config_A,VSC,D00137,0,0
liquid100_mat5,any_relevance,2week,Random_Forest,Config_A,VSC,D00138,0,0
liquid100_mat5,any_relevance,2week,Random_Forest,Config_A,VSC,D00139,0,0
liquid100_mat5,any_relevance,2week,Random_Forest,Config_A,VSC,D00140,0,0
liquid100_mat5,any_relevance,2week,Random_Forest,Config_A,VSC,D00141,0,0
liquid100_mat5,any_relevance,2week,Random_Forest,Config_A,VSC,D00142,0,0
liquid100_mat5,any_relevance,2week,XGBoost,Config_A,ACB,D00119,1,1
liquid100_mat5,any_relevance,2week,XGBoost,Config_A,ACB,D00120,1,1
liquid100_mat5,any_relevance,2week,XGBoost,Config_A,ACB,D00121,0,1
liquid100_mat5,any_relevance,2week,XGBoost,Config_A,ACB,D00122,0,0
liquid100_mat5,any_relevance,2week,XGBoost,Config_A,ACB,D00123,1,1
liquid100_mat5,any_relevance,2week,XGBoost,Config_A,ACB,D00124,0,0
liquid100_mat5,any_relevance,2week,XGBoost,Config_A,ACB,D00125,0,0
liquid100_mat5,any_relevance,2week,XGBoost,Config_A,ACB,D00126,0,0
liquid100_mat5,any_relevance,2week,XGBoost,Config_A,ACB,D00127,0,0
liquid100_mat5,any_relevance,2week,XGBoost,Config_A,ACB,D00128,0,0
liquid100_mat5,any_relevance,2week,XGBoost,Config_A,ACB,D00129,0,0
liquid100_mat5,any_relevance,2week,XGBoost,Config_A,ACB,D00130,1,0
liquid100_mat5,any_relevance,2week,XGBoost,Config_A,ACB,D00131,0,0
liquid100_mat5,any_relevance,2week,XGBoost,Config_A,ACB,D00132,0,0
liquid100_mat5,any_relevance,2week,XGBoost,Config_A,ACB,D00133,1,1
liquid100_mat5,any_relevance,2week,XGBoost,Config_A,ACB,D00134,0,0
liquid100_mat5,any_relevance,2week,XGBoost,Config_A,ACB,D00135,0,1
liquid100_mat5,any_relevance,2week,XGBoost,Config_A,ACB,D00136,0,1
liquid100_mat5,any_relevance,2week,XGBoost,Config_A,ACB,D00137,0,0
liquid100_mat5,any_relevance,2week,XGBoost,Config_A,ACB,D00138,0,1
liquid100_mat5,any_relevance,2week,XGBoost,Config_A,ACB,D00139,1,0
liquid100_mat5,any_relevance,2week,XGBoost,Config_A,ACB,D00140,1,1
liquid100_mat5,any_relevance,2week,XGBoost,Config_A,ACB,D00141,0,1
liquid100_mat5,any_relevance,2week,XGBoost,Config_A,ACB,D00142,0,0
liquid100_mat5,any_relevance,2week,XGBoost,Config_A,BID,D00119,1,1
liquid100_mat5,any_relevance,2week,XGBoost,Config_A,BID,D00120,1,0
liquid100_mat5,any_relevance,2week,XGBoost,Config_A,BID,D00121,0,0
liquid100_mat5,any_relevance,2week,XGBoost,Config_A,BID,D00122,0,0
liquid100_mat5,any_relevance,2week,XGBoost,Config_A,BID,D00123,0,0
liquid100_mat5,any_relevance,2week,XGBoost,Config_A,BID,D00124,0,0
liquid100_mat5,any_relevance,2week,XGBoost,Config_A,BID,D00125,0,0
liquid100_mat5,any_relevance,2week,XGBoost,Config_A,BID,D00126,0,0
liquid100_mat5,any_relevance,2week,XGBoost,Config_A,BID,D00127,0,0
liquid100_mat5,any_relevance,2week,XGBoost,Config_A,BID,D00128,0,0
liquid100_mat5,any_relevance,2week,XGBoost,Config_A,BID,D00129,1,1
liquid100_mat5,any_relevance,2week,XGBoost,Config_A,BID,D00130,1,1
liquid100_mat5,any_relevance,2week,XGBoost,Config_A,BID,D00131,1,1
liquid100_mat5,any_relevance,2week,XGBoost,Config_A,BID,D00132,0,0
liquid100_mat5,any_relevance,2week,XGBoost,Config_A,BID,D00133,0,0
liquid100_mat5,any_relevance,2week,XGBoost,Config_A,BID,D00134,0,0
liquid100_mat5,any_relevance,2week,XGBoost,Config_A,BID,D00135,0,0
liquid100_mat5,any_relevance,2week,XGBoost,Config_A,BID,D00136,0,0
liquid100_mat5,any_relevance,2week,XGBoost,Config_A,BID,D00137,0,0
liquid100_mat5,any_relevance,2week,XGBoost,Config_A,BID,D00138,1,0
liquid100_mat5,any_relevance,2week,XGBoost,Config_A,BID,D00139,1,1
liquid100_mat5,any_relevance,2week,XGBoost,Config_A,BID,D00140,0,0
liquid100_mat5,any_relevance,2week,XGBoost,Config_A,BID,D00141,0,0
liquid100_mat5,any_relevance,2week,XGBoost,Config_A,BID,D00142,0,0
liquid100_mat5,any_relevance,2week,XGBoost,Config_A,CTG,D00119,1,1
liquid100_mat5,any_relevance,2week,XGBoost,Config_A,CTG,D00120,1,1
liquid100_mat5,any_relevance,2week,XGBoost,Config_A,CTG,D00121,0,0
liquid100_mat5,any_relevance,2week,XGBoost,Config_A,CTG,D00122,0,0
liquid100_mat5,any_relevance,2week,XGBoost,Config_A,CTG,D00123,1,1
liquid100_mat5,any_relevance,2week,XGBoost,Config_A,CTG,D00124,0,1
liquid100_mat5,any_relevance,2week,XGBoost,Config_A,CTG,D00125,0,0
liquid100_mat5,any_relevance,2week,XGBoost,Config_A,CTG,D00126,0,0
liquid100_mat5,any_relevance,2week,XGBoost,Config_A,CTG,D00127,1,0
liquid100_mat5,any_relevance,2week,XGBoost,Config_A,CTG,D00128,0,0
liquid100_mat5,any_relevance,2week,XGBoost,Config_A,CTG,D00129,1,0
liquid100_mat5,any_relevance,2week,XGBoost,Config_A,CTG,D00130,1,1
liquid100_mat5,any_relevance,2week,XGBoost,Config_A,CTG,D00131,0,0
liquid100_mat5,any_relevance,2week,XGBoost,Config_A,CTG,D00132,0,0
liquid100_mat5,any_relevance,2week,XGBoost,Config_A,CTG,D00133,0,1
liquid100_mat5,any_relevance,2week,XGBoost,Config_A,CTG,D00134,0,0
liquid100_mat5,any_relevance,2week,XGBoost,Config_A,CTG,D00135,0,1
liquid100_mat5,any_relevance,2week,XGBoost,Config_A,CTG,D00136,0,0
liquid100_mat5,any_relevance,2week,XGBoost,Config_A,CTG,D00137,0,0
liquid100_mat5,any_relevance,2week,XGBoost,Config_A,CTG,D00138,0,0
liquid100_mat5,any_relevance,2week,XGBoost,Config_A,CTG,D00139,0,0
liquid100_mat5,any_relevance,2week,XGBoost,Config_A,CTG,D00140,0,0
liquid100_mat5,any_relevance,2week,XGBoost,Config_A,CTG,D00141,0,0
liquid100_mat5,any_relevance,2week,XGBoost,Config_A,CTG,D00142,0,0
liquid100_mat5,any_relevance,2week,XGBoost,Config_A,DCM,D00119,1,1
liquid100_mat5,any_relevance,2week,XGBoost,Config_A,DCM,D00120,0,0
liquid100_mat5,any_relevance,2week,XGBoost,Config_A,DCM,D00121,0,0
liquid100_mat5,any_relevance,2week,XGBoost,Config_A,DCM,D00122,0,0
liquid100_mat5,any_relevance,2week,XGBoost,Config_A,DCM,D00123,0,0
liquid100_mat5,any_relevance,2week,XGBoost,Config_A,DCM,D00124,0,0
liquid100_mat5,any_relevance,2week,XGBoost,Config_A,DCM,D00125,0,1
liquid100_mat5,any_relevance,2week,XGBoost,Config_A,DCM,D00126,0,0
liquid100_mat5,any_relevance,2week,XGBoost,Config_A,DCM,D00127,0,0
liquid100_mat5,any_relevance,2week,XGBoost,Config_A,DCM,D00128,0,0
liquid100_mat5,any_relevance,2week,XGBoost,Config_A,DCM,D00129,1,0
liquid100_mat5,any_relevance,2week,XGBoost,Config_A,DCM,D00130,1,1
liquid100_mat5,any_relevance,2week,XGBoost,Config_A,DCM,D00131,1,1
liquid100_mat5,any_relevance,2week,XGBoost,Config_A,DCM,D00132,1,1
liquid100_mat5,any_relevance,2week,XGBoost,Config_A,DCM,D00133,1,0
liquid100_mat5,any_relevance,2week,XGBoost,Config_A,DCM,D00134,1,1
liquid100_mat5,any_relevance,2week,XGBoost,Config_A,DCM,D00135,0,1
liquid100_mat5,any_relevance,2week,XGBoost,Config_A,DCM,D00136,0,0
liquid100_mat5,any_relevance,2week,XGBoost,Config_A,DCM,D00137,0,0
liquid100_mat5,any_relevance,2week,XGBoost,Config_A,DCM,D00138,0,0
liquid100_mat5,any_relevance,2week,XGBoost,Config_A,DCM,D00139,0,0
liquid100_mat5,any_relevance,2week,XGBoost,Config_A,DCM,D00140,0,0
liquid100_mat5,any_relevance,2week,XGBoost,Config_A,DCM,D00141,0,0
liquid100_mat5,any_relevance,2week,XGBoost,Config_A,DCM,D00142,0,0
liquid100_mat5,any_relevance,2week,XGBoost,Config_A,DIG,D00119,1,1
liquid100_mat5,any_relevance,2week,XGBoost,Config_A,DIG,D00120,0,0
liquid100_mat5,any_relevance,2week,XGBoost,Config_A,DIG,D00121,1,1
liquid100_mat5,any_relevance,2week,XGBoost,Config_A,DIG,D00122,0,1
liquid100_mat5,any_relevance,2week,XGBoost,Config_A,DIG,D00123,0,0
liquid100_mat5,any_relevance,2week,XGBoost,Config_A,DIG,D00124,0,1
liquid100_mat5,any_relevance,2week,XGBoost,Config_A,DIG,D00125,0,0
liquid100_mat5,any_relevance,2week,XGBoost,Config_A,DIG,D00126,1,0
liquid100_mat5,any_relevance,2week,XGBoost,Config_A,DIG,D00127,0,0
liquid100_mat5,any_relevance,2week,XGBoost,Config_A,DIG,D00128,0,0
liquid100_mat5,any_relevance,2week,XGBoost,Config_A,DIG,D00129,0,1
liquid100_mat5,any_relevance,2week,XGBoost,Config_A,DIG,D00130,0,0
liquid100_mat5,any_relevance,2week,XGBoost,Config_A,DIG,D00131,0,1
liquid100_mat5,any_relevance,2week,XGBoost,Config_A,DIG,D00132,0,0
liquid100_mat5,any_relevance,2week,XGBoost,Config_A,DIG,D00133,0,1
liquid100_mat5,any_relevance,2week,XGBoost,Config_A,DIG,D00134,0,0
liquid100_mat5,any_relevance,2week,XGBoost,Config_A,DIG,D00135,1,0
liquid100_mat5,any_relevance,2week,XGBoost,Config_A,DIG,D00136,1,1
liquid100_mat5,any_relevance,2week,XGBoost,Config_A,DIG,D00137,0,1
liquid100_mat5,any_relevance,2week,XGBoost,Config_A,DIG,D00138,1,1
liquid100_mat5,any_relevance,2week,XGBoost,Config_A,DIG,D00139,0,1
liquid100_mat5,any_relevance,2week,XGBoost,Config_A,DIG,D00140,0,0
liquid100_mat5,any_relevance,2week,XGBoost,Config_A,DIG,D00141,0,0
liquid100_mat5,any_relevance,2week,XGBoost,Config_A,DIG,D00142,0,0
liquid100_mat5,any_relevance,2week,XGBoost,Config_A,DPM,D00119,1,1
liquid100_mat5,any_relevance,2week,XGBoost,Config_A,DPM,D00120,0,0
liquid100_mat5,any_relevance,2week,XGBoost,Config_A,DPM,D00121,0,0
liquid100_mat5,any_relevance,2week,XGBoost,Config_A,DPM,D00122,0,0
liquid100_mat5,any_relevance,2week,XGBoost,Config_A,DPM,D00123,0,0
liquid100_mat5,any_relevance,2week,XGBoost,Config_A,DPM,D00124,0,0
liquid100_mat5,any_relevance,2week,XGBoost,Config_A,DPM,D00125,0,1
liquid100_mat5,any_relevance,2week,XGBoost,Config_A,DPM,D00126,0,0
liquid100_mat5,any_relevance,2week,XGBoost,Config_A,DPM,D00127,0,0
liquid100_mat5,any_relevance,2week,XGBoost,Config_A,DPM,D00128,0,0
liquid100_mat5,any_relevance,2week,XGBoost,Config_A,DPM,D00129,1,0
liquid100_mat5,any_relevance,2week,XGBoost,Config_A,DPM,D00130,1,1
liquid100_mat5,any_relevance,2week,XGBoost,Config_A,DPM,D00131,0,1
liquid100_mat5,any_relevance,2week,XGBoost,Config_A,DPM,D00132,1,1
liquid100_mat5,any_relevance,2week,XGBoost,Config_A,DPM,D00133,1,0
liquid100_mat5,any_relevance,2week,XGBoost,Config_A,DPM,D00134,1,1
liquid100_mat5,any_relevance,2week,XGBoost,Config_A,DPM,D00135,0,0
liquid100_mat5,any_relevance,2week,XGBoost,Config_A,DPM,D00136,0,0
liquid100_mat5,any_relevance,2week,XGBoost,Config_A,DPM,D00137,0,1
liquid100_mat5,any_relevance,2week,XGBoost,Config_A,DPM,D00138,0,0
liquid100_mat5,any_relevance,2week,XGBoost,Config_A,DPM,D00139,0,1
liquid100_mat5,any_relevance,2week,XGBoost,Config_A,DPM,D00140,0,0
liquid100_mat5,any_relevance,2week,XGBoost,Config_A,DPM,D00141,0,0
liquid100_mat5,any_relevance,2week,XGBoost,Config_A,DPM,D00142,0,0
liquid100_mat5,any_relevance,2week,XGBoost,Config_A,DXG,D00119,1,1
liquid100_mat5,any_relevance,2week,XGBoost,Config_A,DXG,D00120,1,0
liquid100_mat5,any_relevance,2week,XGBoost,Config_A,DXG,D00121,1,1
liquid100_mat5,any_relevance,2week,XGBoost,Config_A,DXG,D00122,0,1
liquid100_mat5,any_relevance,2week,XGBoost,Config_A,DXG,D00123,0,0
liquid100_mat5,any_relevance,2week,XGBoost,Config_A,DXG,D00124,0,1
liquid100_mat5,any_relevance,2week,XGBoost,Config_A,DXG,D00125,0,0
liquid100_mat5,any_relevance,2week,XGBoost,Config_A,DXG,D00126,0,0
liquid100_mat5,any_relevance,2week,XGBoost,Config_A,DXG,D00127,0,0
liquid100_mat5,any_relevance,2week,XGBoost,Config_A,DXG,D00128,0,0
liquid100_mat5,any_relevance,2week,XGBoost,Config_A,DXG,D00129,0,1
liquid100_mat5,any_relevance,2week,XGBoost,Config_A,DXG,D00130,0,0
liquid100_mat5,any_relevance,2week,XGBoost,Config_A,DXG,D00131,0,0
liquid100_mat5,any_relevance,2week,XGBoost,Config_A,DXG,D00132,0,0
liquid100_mat5,any_relevance,2week,XGBoost,Config_A,DXG,D00133,0,1
liquid100_mat5,any_relevance,2week,XGBoost,Config_A,DXG,D00134,0,0
liquid100_mat5,any_relevance,2week,XGBoost,Config_A,DXG,D00135,1,1
liquid100_mat5,any_relevance,2week,XGBoost,Config_A,DXG,D00136,1,1
liquid100_mat5,any_relevance,2week,XGBoost,Config_A,DXG,D00137,0,0
liquid100_mat5,any_relevance,2week,XGBoost,Config_A,DXG,D00138,1,1
liquid100_mat5,any_relevance,2week,XGBoost,Config_A,DXG,D00139,0,0
liquid100_mat5,any_relevance,2week,XGBoost,Config_A,DXG,D00140,0,0
liquid100_mat5,any_relevance,2week,XGBoost,Config_A,DXG,D00141,0,0
liquid100_mat5,any_relevance,2week,XGBoost,Config_A,DXG,D00142,0,0
liquid100_mat5,any_relevance,2week,XGBoost,Config_A,EIB,D00119,1,0
liquid100_mat5,any_relevance,2week,XGBoost,Config_A,EIB,D00120,0,1
liquid100_mat5,any_relevance,2week,XGBoost,Config_A,EIB,D00121,0,0
liquid100_mat5,any_relevance,2week,XGBoost,Config_A,EIB,D00122,0,0
liquid100_mat5,any_relevance,2week,XGBoost,Config_A,EIB,D00123,1,0
liquid100_mat5,any_relevance,2week,XGBoost,Config_A,EIB,D00124,0,1
liquid100_mat5,any_relevance,2week,XGBoost,Config_A,EIB,D00125,0,0
liquid100_mat5,any_relevance,2week,XGBoost,Config_A,EIB,D00126,1,0
liquid100_mat5,any_relevance,2week,XGBoost,Config_A,EIB,D00127,0,1
liquid100_mat5,any_relevance,2week,XGBoost,Config_A,EIB,D00128,0,0
liquid100_mat5,any_relevance,2week,XGBoost,Config_A,EIB,D00129,0,1
liquid100_mat5,any_relevance,2week,XGBoost,Config_A,EIB,D00130,1,0
liquid100_mat5,any_relevance,2week,XGBoost,Config_A,EIB,D00131,0,1
liquid100_mat5,any_relevance,2week,XGBoost,Config_A,EIB,D00132,0,0
liquid100_mat5,any_relevance,2week,XGBoost,Config_A,EIB,D00133,1,1
liquid100_mat5,any_relevance,2week,XGBoost,Config_A,EIB,D00134,0,0
liquid100_mat5,any_relevance,2week,XGBoost,Config_A,EIB,D00135,1,0
liquid100_mat5,any_relevance,2week,XGBoost,Config_A,EIB,D00136,0,1
liquid100_mat5,any_relevance,2week,XGBoost,Config_A,EIB,D00137,0,0
liquid100_mat5,any_relevance,2week,XGBoost,Config_A,EIB,D00138,0,0
liquid100_mat5,any_relevance,2week,XGBoost,Config_A,EIB,D00139,0,0
liquid100_mat5,any_relevance,2week,XGBoost,Config_A,EIB,D00140,0,0
liquid100_mat5,any_relevance,2week,XGBoost,Config_A,EIB,D00141,0,0
liquid100_mat5,any_relevance,2week,XGBoost,Config_A,EIB,D00142,0,0
liquid100_mat5,any_relevance,2week,XGBoost,Config_A,FPT,D00119,0,1
liquid100_mat5,any_relevance,2week,XGBoost,Config_A,FPT,D00120,0,1
liquid100_mat5,any_relevance,2week,XGBoost,Config_A,FPT,D00121,0,0
liquid100_mat5,any_relevance,2week,XGBoost,Config_A,FPT,D00122,0,0
liquid100_mat5,any_relevance,2week,XGBoost,Config_A,FPT,D00123,0,0
liquid100_mat5,any_relevance,2week,XGBoost,Config_A,FPT,D00124,1,0
liquid100_mat5,any_relevance,2week,XGBoost,Config_A,FPT,D00125,1,1
liquid100_mat5,any_relevance,2week,XGBoost,Config_A,FPT,D00126,0,0
liquid100_mat5,any_relevance,2week,XGBoost,Config_A,FPT,D00127,0,0
liquid100_mat5,any_relevance,2week,XGBoost,Config_A,FPT,D00128,0,0
liquid100_mat5,any_relevance,2week,XGBoost,Config_A,FPT,D00129,0,0
liquid100_mat5,any_relevance,2week,XGBoost,Config_A,FPT,D00130,1,0
liquid100_mat5,any_relevance,2week,XGBoost,Config_A,FPT,D00131,0,1
liquid100_mat5,any_relevance,2week,XGBoost,Config_A,FPT,D00132,0,0
liquid100_mat5,any_relevance,2week,XGBoost,Config_A,FPT,D00133,0,0
liquid100_mat5,any_relevance,2week,XGBoost,Config_A,FPT,D00134,0,0
liquid100_mat5,any_relevance,2week,XGBoost,Config_A,FPT,D00135,0,0
liquid100_mat5,any_relevance,2week,XGBoost,Config_A,FPT,D00136,0,1
liquid100_mat5,any_relevance,2week,XGBoost,Config_A,FPT,D00137,0,0
liquid100_mat5,any_relevance,2week,XGBoost,Config_A,FPT,D00138,0,0
liquid100_mat5,any_relevance,2week,XGBoost,Config_A,FPT,D00139,1,1
liquid100_mat5,any_relevance,2week,XGBoost,Config_A,FPT,D00140,0,0
liquid100_mat5,any_relevance,2week,XGBoost,Config_A,FPT,D00141,0,0
liquid100_mat5,any_relevance,2week,XGBoost,Config_A,FPT,D00142,0,0
liquid100_mat5,any_relevance,2week,XGBoost,Config_A,GAS,D00119,1,0
liquid100_mat5,any_relevance,2week,XGBoost,Config_A,GAS,D00120,0,0
liquid100_mat5,any_relevance,2week,XGBoost,Config_A,GAS,D00121,0,1
liquid100_mat5,any_relevance,2week,XGBoost,Config_A,GAS,D00122,0,0
liquid100_mat5,any_relevance,2week,XGBoost,Config_A,GAS,D00123,0,0
liquid100_mat5,any_relevance,2week,XGBoost,Config_A,GAS,D00124,0,0
liquid100_mat5,any_relevance,2week,XGBoost,Config_A,GAS,D00125,1,0
liquid100_mat5,any_relevance,2week,XGBoost,Config_A,GAS,D00126,0,0
liquid100_mat5,any_relevance,2week,XGBoost,Config_A,GAS,D00127,1,0
liquid100_mat5,any_relevance,2week,XGBoost,Config_A,GAS,D00128,0,0
liquid100_mat5,any_relevance,2week,XGBoost,Config_A,GAS,D00129,1,1
liquid100_mat5,any_relevance,2week,XGBoost,Config_A,GAS,D00130,1,1
liquid100_mat5,any_relevance,2week,XGBoost,Config_A,GAS,D00131,1,1
liquid100_mat5,any_relevance,2week,XGBoost,Config_A,GAS,D00132,0,1
liquid100_mat5,any_relevance,2week,XGBoost,Config_A,GAS,D00133,1,0
liquid100_mat5,any_relevance,2week,XGBoost,Config_A,GAS,D00134,0,0
liquid100_mat5,any_relevance,2week,XGBoost,Config_A,GAS,D00135,0,0
liquid100_mat5,any_relevance,2week,XGBoost,Config_A,GAS,D00136,0,0
liquid100_mat5,any_relevance,2week,XGBoost,Config_A,GAS,D00137,0,1
liquid100_mat5,any_relevance,2week,XGBoost,Config_A,GAS,D00138,0,0
liquid100_mat5,any_relevance,2week,XGBoost,Config_A,GAS,D00139,1,1
liquid100_mat5,any_relevance,2week,XGBoost,Config_A,GAS,D00140,0,0
liquid100_mat5,any_relevance,2week,XGBoost,Config_A,GAS,D00141,0,0
liquid100_mat5,any_relevance,2week,XGBoost,Config_A,GAS,D00142,0,0
liquid100_mat5,any_relevance,2week,XGBoost,Config_A,GEX,D00119,0,1
liquid100_mat5,any_relevance,2week,XGBoost,Config_A,GEX,D00120,0,0
liquid100_mat5,any_relevance,2week,XGBoost,Config_A,GEX,D00121,0,0
liquid100_mat5,any_relevance,2week,XGBoost,Config_A,GEX,D00122,0,1
liquid100_mat5,any_relevance,2week,XGBoost,Config_A,GEX,D00123,1,0
liquid100_mat5,any_relevance,2week,XGBoost,Config_A,GEX,D00124,0,1
liquid100_mat5,any_relevance,2week,XGBoost,Config_A,GEX,D00125,0,0
liquid100_mat5,any_relevance,2week,XGBoost,Config_A,GEX,D00126,1,0
liquid100_mat5,any_relevance,2week,XGBoost,Config_A,GEX,D00127,0,1
liquid100_mat5,any_relevance,2week,XGBoost,Config_A,GEX,D00128,0,0
liquid100_mat5,any_relevance,2week,XGBoost,Config_A,GEX,D00129,0,0
liquid100_mat5,any_relevance,2week,XGBoost,Config_A,GEX,D00130,0,0
liquid100_mat5,any_relevance,2week,XGBoost,Config_A,GEX,D00131,0,0
liquid100_mat5,any_relevance,2week,XGBoost,Config_A,GEX,D00132,0,0
liquid100_mat5,any_relevance,2week,XGBoost,Config_A,GEX,D00133,1,1
liquid100_mat5,any_relevance,2week,XGBoost,Config_A,GEX,D00134,0,0
liquid100_mat5,any_relevance,2week,XGBoost,Config_A,GEX,D00135,1,0
liquid100_mat5,any_relevance,2week,XGBoost,Config_A,GEX,D00136,1,1
liquid100_mat5,any_relevance,2week,XGBoost,Config_A,GEX,D00137,0,0
liquid100_mat5,any_relevance,2week,XGBoost,Config_A,GEX,D00138,1,1
liquid100_mat5,any_relevance,2week,XGBoost,Config_A,GEX,D00139,1,1
liquid100_mat5,any_relevance,2week,XGBoost,Config_A,GEX,D00140,0,0
liquid100_mat5,any_relevance,2week,XGBoost,Config_A,GEX,D00141,0,0
liquid100_mat5,any_relevance,2week,XGBoost,Config_A,GEX,D00142,0,0
liquid100_mat5,any_relevance,2week,XGBoost,Config_A,GMD,D00119,1,1
liquid100_mat5,any_relevance,2week,XGBoost,Config_A,GMD,D00120,1,0
liquid100_mat5,any_relevance,2week,XGBoost,Config_A,GMD,D00121,1,1
liquid100_mat5,any_relevance,2week,XGBoost,Config_A,GMD,D00122,0,1
liquid100_mat5,any_relevance,2week,XGBoost,Config_A,GMD,D00123,0,0
liquid100_mat5,any_relevance,2week,XGBoost,Config_A,GMD,D00124,0,0
liquid100_mat5,any_relevance,2week,XGBoost,Config_A,GMD,D00125,0,1
liquid100_mat5,any_relevance,2week,XGBoost,Config_A,GMD,D00126,0,0
liquid100_mat5,any_relevance,2week,XGBoost,Config_A,GMD,D00127,0,0
liquid100_mat5,any_relevance,2week,XGBoost,Config_A,GMD,D00128,0,0
liquid100_mat5,any_relevance,2week,XGBoost,Config_A,GMD,D00129,1,1
liquid100_mat5,any_relevance,2week,XGBoost,Config_A,GMD,D00130,1,1
liquid100_mat5,any_relevance,2week,XGBoost,Config_A,GMD,D00131,1,1
liquid100_mat5,any_relevance,2week,XGBoost,Config_A,GMD,D00132,1,0
liquid100_mat5,any_relevance,2week,XGBoost,Config_A,GMD,D00133,1,0
liquid100_mat5,any_relevance,2week,XGBoost,Config_A,GMD,D00134,0,0
liquid100_mat5,any_relevance,2week,XGBoost,Config_A,GMD,D00135,0,0
liquid100_mat5,any_relevance,2week,XGBoost,Config_A,GMD,D00136,0,0
liquid100_mat5,any_relevance,2week,XGBoost,Config_A,GMD,D00137,1,0
liquid100_mat5,any_relevance,2week,XGBoost,Config_A,GMD,D00138,1,1
liquid100_mat5,any_relevance,2week,XGBoost,Config_A,GMD,D00139,0,1
liquid100_mat5,any_relevance,2week,XGBoost,Config_A,GMD,D00140,0,0
liquid100_mat5,any_relevance,2week,XGBoost,Config_A,GMD,D00141,1,0
liquid100_mat5,any_relevance,2week,XGBoost,Config_A,GMD,D00142,0,0
liquid100_mat5,any_relevance,2week,XGBoost,Config_A,GVR,D00119,1,1
liquid100_mat5,any_relevance,2week,XGBoost,Config_A,GVR,D00120,0,0
liquid100_mat5,any_relevance,2week,XGBoost,Config_A,GVR,D00121,0,0
liquid100_mat5,any_relevance,2week,XGBoost,Config_A,GVR,D00122,0,0
liquid100_mat5,any_relevance,2week,XGBoost,Config_A,GVR,D00123,0,0
liquid100_mat5,any_relevance,2week,XGBoost,Config_A,GVR,D00124,0,0
liquid100_mat5,any_relevance,2week,XGBoost,Config_A,GVR,D00125,1,1
liquid100_mat5,any_relevance,2week,XGBoost,Config_A,GVR,D00126,0,1
liquid100_mat5,any_relevance,2week,XGBoost,Config_A,GVR,D00127,0,0
liquid100_mat5,any_relevance,2week,XGBoost,Config_A,GVR,D00128,0,0
liquid100_mat5,any_relevance,2week,XGBoost,Config_A,GVR,D00129,1,0
liquid100_mat5,any_relevance,2week,XGBoost,Config_A,GVR,D00130,1,1
liquid100_mat5,any_relevance,2week,XGBoost,Config_A,GVR,D00131,1,1
liquid100_mat5,any_relevance,2week,XGBoost,Config_A,GVR,D00132,0,0
liquid100_mat5,any_relevance,2week,XGBoost,Config_A,GVR,D00133,1,0
liquid100_mat5,any_relevance,2week,XGBoost,Config_A,GVR,D00134,0,0
liquid100_mat5,any_relevance,2week,XGBoost,Config_A,GVR,D00135,0,0
liquid100_mat5,any_relevance,2week,XGBoost,Config_A,GVR,D00136,1,1
liquid100_mat5,any_relevance,2week,XGBoost,Config_A,GVR,D00137,0,1
liquid100_mat5,any_relevance,2week,XGBoost,Config_A,GVR,D00138,1,0
liquid100_mat5,any_relevance,2week,XGBoost,Config_A,GVR,D00139,0,0
liquid100_mat5,any_relevance,2week,XGBoost,Config_A,GVR,D00140,0,0
liquid100_mat5,any_relevance,2week,XGBoost,Config_A,GVR,D00141,0,0
liquid100_mat5,any_relevance,2week,XGBoost,Config_A,GVR,D00142,0,0
liquid100_mat5,any_relevance,2week,XGBoost,Config_A,HCM,D00119,1,1
liquid100_mat5,any_relevance,2week,XGBoost,Config_A,HCM,D00120,0,0
liquid100_mat5,any_relevance,2week,XGBoost,Config_A,HCM,D00121,0,1
liquid100_mat5,any_relevance,2week,XGBoost,Config_A,HCM,D00122,0,0
liquid100_mat5,any_relevance,2week,XGBoost,Config_A,HCM,D00123,1,0
liquid100_mat5,any_relevance,2week,XGBoost,Config_A,HCM,D00124,0,0
liquid100_mat5,any_relevance,2week,XGBoost,Config_A,HCM,D00125,0,0
liquid100_mat5,any_relevance,2week,XGBoost,Config_A,HCM,D00126,0,1
liquid100_mat5,any_relevance,2week,XGBoost,Config_A,HCM,D00127,0,1
liquid100_mat5,any_relevance,2week,XGBoost,Config_A,HCM,D00128,0,0
liquid100_mat5,any_relevance,2week,XGBoost,Config_A,HCM,D00129,0,0
liquid100_mat5,any_relevance,2week,XGBoost,Config_A,HCM,D00130,1,0
liquid100_mat5,any_relevance,2week,XGBoost,Config_A,HCM,D00131,0,0
liquid100_mat5,any_relevance,2week,XGBoost,Config_A,HCM,D00132,0,0
liquid100_mat5,any_relevance,2week,XGBoost,Config_A,HCM,D00133,1,1
liquid100_mat5,any_relevance,2week,XGBoost,Config_A,HCM,D00134,0,0
liquid100_mat5,any_relevance,2week,XGBoost,Config_A,HCM,D00135,0,0
liquid100_mat5,any_relevance,2week,XGBoost,Config_A,HCM,D00136,1,1
liquid100_mat5,any_relevance,2week,XGBoost,Config_A,HCM,D00137,1,1
liquid100_mat5,any_relevance,2week,XGBoost,Config_A,HCM,D00138,1,0
liquid100_mat5,any_relevance,2week,XGBoost,Config_A,HCM,D00139,1,1
liquid100_mat5,any_relevance,2week,XGBoost,Config_A,HCM,D00140,0,0
liquid100_mat5,any_relevance,2week,XGBoost,Config_A,HCM,D00141,0,1
liquid100_mat5,any_relevance,2week,XGBoost,Config_A,HCM,D00142,0,0
liquid100_mat5,any_relevance,2week,XGBoost,Config_A,HDB,D00119,1,1
liquid100_mat5,any_relevance,2week,XGBoost,Config_A,HDB,D00120,1,1
liquid100_mat5,any_relevance,2week,XGBoost,Config_A,HDB,D00121,0,0
liquid100_mat5,any_relevance,2week,XGBoost,Config_A,HDB,D00122,0,0
liquid100_mat5,any_relevance,2week,XGBoost,Config_A,HDB,D00123,1,1
liquid100_mat5,any_relevance,2week,XGBoost,Config_A,HDB,D00124,0,1
liquid100_mat5,any_relevance,2week,XGBoost,Config_A,HDB,D00125,0,1
liquid100_mat5,any_relevance,2week,XGBoost,Config_A,HDB,D00126,1,0
liquid100_mat5,any_relevance,2week,XGBoost,Config_A,HDB,D00127,1,0
liquid100_mat5,any_relevance,2week,XGBoost,Config_A,HDB,D00128,1,0
liquid100_mat5,any_relevance,2week,XGBoost,Config_A,HDB,D00129,1,1
liquid100_mat5,any_relevance,2week,XGBoost,Config_A,HDB,D00130,0,0
liquid100_mat5,any_relevance,2week,XGBoost,Config_A,HDB,D00131,0,1
liquid100_mat5,any_relevance,2week,XGBoost,Config_A,HDB,D00132,0,0
liquid100_mat5,any_relevance,2week,XGBoost,Config_A,HDB,D00133,0,1
liquid100_mat5,any_relevance,2week,XGBoost,Config_A,HDB,D00134,0,0
liquid100_mat5,any_relevance,2week,XGBoost,Config_A,HDB,D00135,0,0
liquid100_mat5,any_relevance,2week,XGBoost,Config_A,HDB,D00136,1,1
liquid100_mat5,any_relevance,2week,XGBoost,Config_A,HDB,D00137,1,0
liquid100_mat5,any_relevance,2week,XGBoost,Config_A,HDB,D00138,0,0
liquid100_mat5,any_relevance,2week,XGBoost,Config_A,HDB,D00139,0,1
liquid100_mat5,any_relevance,2week,XGBoost,Config_A,HDB,D00140,0,0
liquid100_mat5,any_relevance,2week,XGBoost,Config_A,HDB,D00141,0,0
liquid100_mat5,any_relevance,2week,XGBoost,Config_A,HDB,D00142,0,1
liquid100_mat5,any_relevance,2week,XGBoost,Config_A,HPG,D00119,1,1
liquid100_mat5,any_relevance,2week,XGBoost,Config_A,HPG,D00120,0,0
liquid100_mat5,any_relevance,2week,XGBoost,Config_A,HPG,D00121,1,1
liquid100_mat5,any_relevance,2week,XGBoost,Config_A,HPG,D00122,0,0
liquid100_mat5,any_relevance,2week,XGBoost,Config_A,HPG,D00123,0,0
liquid100_mat5,any_relevance,2week,XGBoost,Config_A,HPG,D00124,0,0
liquid100_mat5,any_relevance,2week,XGBoost,Config_A,HPG,D00125,0,0
liquid100_mat5,any_relevance,2week,XGBoost,Config_A,HPG,D00126,1,0
liquid100_mat5,any_relevance,2week,XGBoost,Config_A,HPG,D00127,0,0
liquid100_mat5,any_relevance,2week,XGBoost,Config_A,HPG,D00128,0,0
liquid100_mat5,any_relevance,2week,XGBoost,Config_A,HPG,D00129,0,0
liquid100_mat5,any_relevance,2week,XGBoost,Config_A,HPG,D00130,1,0
liquid100_mat5,any_relevance,2week,XGBoost,Config_A,HPG,D00131,0,0
liquid100_mat5,any_relevance,2week,XGBoost,Config_A,HPG,D00132,0,0
liquid100_mat5,any_relevance,2week,XGBoost,Config_A,HPG,D00133,1,0
liquid100_mat5,any_relevance,2week,XGBoost,Config_A,HPG,D00134,0,0
liquid100_mat5,any_relevance,2week,XGBoost,Config_A,HPG,D00135,0,0
liquid100_mat5,any_relevance,2week,XGBoost,Config_A,HPG,D00136,1,1
liquid100_mat5,any_relevance,2week,XGBoost,Config_A,HPG,D00137,0,0
liquid100_mat5,any_relevance,2week,XGBoost,Config_A,HPG,D00138,0,0
liquid100_mat5,any_relevance,2week,XGBoost,Config_A,HPG,D00139,0,0
liquid100_mat5,any_relevance,2week,XGBoost,Config_A,HPG,D00140,0,0
liquid100_mat5,any_relevance,2week,XGBoost,Config_A,HPG,D00141,0,0
liquid100_mat5,any_relevance,2week,XGBoost,Config_A,HPG,D00142,0,0
liquid100_mat5,any_relevance,2week,XGBoost,Config_A,KDH,D00119,1,1
liquid100_mat5,any_relevance,2week,XGBoost,Config_A,KDH,D00120,0,1
liquid100_mat5,any_relevance,2week,XGBoost,Config_A,KDH,D00121,0,1
liquid100_mat5,any_relevance,2week,XGBoost,Config_A,KDH,D00122,0,0
liquid100_mat5,any_relevance,2week,XGBoost,Config_A,KDH,D00123,0,0
liquid100_mat5,any_relevance,2week,XGBoost,Config_A,KDH,D00124,0,1
liquid100_mat5,any_relevance,2week,XGBoost,Config_A,KDH,D00125,1,1
liquid100_mat5,any_relevance,2week,XGBoost,Config_A,KDH,D00126,1,1
liquid100_mat5,any_relevance,2week,XGBoost,Config_A,KDH,D00127,0,0
liquid100_mat5,any_relevance,2week,XGBoost,Config_A,KDH,D00128,0,0
liquid100_mat5,any_relevance,2week,XGBoost,Config_A,KDH,D00129,0,1
liquid100_mat5,any_relevance,2week,XGBoost,Config_A,KDH,D00130,0,0
liquid100_mat5,any_relevance,2week,XGBoost,Config_A,KDH,D00131,0,1
liquid100_mat5,any_relevance,2week,XGBoost,Config_A,KDH,D00132,0,0
liquid100_mat5,any_relevance,2week,XGBoost,Config_A,KDH,D00133,0,1
liquid100_mat5,any_relevance,2week,XGBoost,Config_A,KDH,D00134,0,0
liquid100_mat5,any_relevance,2week,XGBoost,Config_A,KDH,D00135,0,0
liquid100_mat5,any_relevance,2week,XGBoost,Config_A,KDH,D00136,0,0
liquid100_mat5,any_relevance,2week,XGBoost,Config_A,KDH,D00137,0,1
liquid100_mat5,any_relevance,2week,XGBoost,Config_A,KDH,D00138,0,0
liquid100_mat5,any_relevance,2week,XGBoost,Config_A,KDH,D00139,0,0
liquid100_mat5,any_relevance,2week,XGBoost,Config_A,KDH,D00140,0,0
liquid100_mat5,any_relevance,2week,XGBoost,Config_A,KDH,D00141,0,0
liquid100_mat5,any_relevance,2week,XGBoost,Config_A,KDH,D00142,0,0
liquid100_mat5,any_relevance,2week,XGBoost,Config_A,MBB,D00119,1,1
liquid100_mat5,any_relevance,2week,XGBoost,Config_A,MBB,D00120,1,1
liquid100_mat5,any_relevance,2week,XGBoost,Config_A,MBB,D00121,0,1
liquid100_mat5,any_relevance,2week,XGBoost,Config_A,MBB,D00122,0,0
liquid100_mat5,any_relevance,2week,XGBoost,Config_A,MBB,D00123,1,1
liquid100_mat5,any_relevance,2week,XGBoost,Config_A,MBB,D00124,0,0
liquid100_mat5,any_relevance,2week,XGBoost,Config_A,MBB,D00125,0,0
liquid100_mat5,any_relevance,2week,XGBoost,Config_A,MBB,D00126,0,0
liquid100_mat5,any_relevance,2week,XGBoost,Config_A,MBB,D00127,1,0
liquid100_mat5,any_relevance,2week,XGBoost,Config_A,MBB,D00128,0,1
liquid100_mat5,any_relevance,2week,XGBoost,Config_A,MBB,D00129,1,1
liquid100_mat5,any_relevance,2week,XGBoost,Config_A,MBB,D00130,1,1
liquid100_mat5,any_relevance,2week,XGBoost,Config_A,MBB,D00131,0,0
liquid100_mat5,any_relevance,2week,XGBoost,Config_A,MBB,D00132,1,0
liquid100_mat5,any_relevance,2week,XGBoost,Config_A,MBB,D00133,0,0
liquid100_mat5,any_relevance,2week,XGBoost,Config_A,MBB,D00134,0,0
liquid100_mat5,any_relevance,2week,XGBoost,Config_A,MBB,D00135,0,0
liquid100_mat5,any_relevance,2week,XGBoost,Config_A,MBB,D00136,0,1
liquid100_mat5,any_relevance,2week,XGBoost,Config_A,MBB,D00137,0,0
liquid100_mat5,any_relevance,2week,XGBoost,Config_A,MBB,D00138,0,0
liquid100_mat5,any_relevance,2week,XGBoost,Config_A,MBB,D00139,0,1
liquid100_mat5,any_relevance,2week,XGBoost,Config_A,MBB,D00140,0,0
liquid100_mat5,any_relevance,2week,XGBoost,Config_A,MBB,D00141,0,0
liquid100_mat5,any_relevance,2week,XGBoost,Config_A,MBB,D00142,0,0
liquid100_mat5,any_relevance,2week,XGBoost,Config_A,MSB,D00119,1,1
liquid100_mat5,any_relevance,2week,XGBoost,Config_A,MSB,D00120,1,1
liquid100_mat5,any_relevance,2week,XGBoost,Config_A,MSB,D00121,0,1
liquid100_mat5,any_relevance,2week,XGBoost,Config_A,MSB,D00122,0,0
liquid100_mat5,any_relevance,2week,XGBoost,Config_A,MSB,D00123,0,0
liquid100_mat5,any_relevance,2week,XGBoost,Config_A,MSB,D00124,0,0
liquid100_mat5,any_relevance,2week,XGBoost,Config_A,MSB,D00125,0,0
liquid100_mat5,any_relevance,2week,XGBoost,Config_A,MSB,D00126,0,0
liquid100_mat5,any_relevance,2week,XGBoost,Config_A,MSB,D00127,1,1
liquid100_mat5,any_relevance,2week,XGBoost,Config_A,MSB,D00128,0,0
liquid100_mat5,any_relevance,2week,XGBoost,Config_A,MSB,D00129,0,0
liquid100_mat5,any_relevance,2week,XGBoost,Config_A,MSB,D00130,0,1
liquid100_mat5,any_relevance,2week,XGBoost,Config_A,MSB,D00131,0,0
liquid100_mat5,any_relevance,2week,XGBoost,Config_A,MSB,D00132,0,0
liquid100_mat5,any_relevance,2week,XGBoost,Config_A,MSB,D00133,0,0
liquid100_mat5,any_relevance,2week,XGBoost,Config_A,MSB,D00134,0,0
liquid100_mat5,any_relevance,2week,XGBoost,Config_A,MSB,D00135,0,0
liquid100_mat5,any_relevance,2week,XGBoost,Config_A,MSB,D00136,1,0
liquid100_mat5,any_relevance,2week,XGBoost,Config_A,MSB,D00137,1,1
liquid100_mat5,any_relevance,2week,XGBoost,Config_A,MSB,D00138,1,0
liquid100_mat5,any_relevance,2week,XGBoost,Config_A,MSB,D00139,1,1
liquid100_mat5,any_relevance,2week,XGBoost,Config_A,MSB,D00140,0,1
liquid100_mat5,any_relevance,2week,XGBoost,Config_A,MSB,D00141,1,1
liquid100_mat5,any_relevance,2week,XGBoost,Config_A,MSB,D00142,1,0
liquid100_mat5,any_relevance,2week,XGBoost,Config_A,MSN,D00119,1,1
liquid100_mat5,any_relevance,2week,XGBoost,Config_A,MSN,D00120,0,0
liquid100_mat5,any_relevance,2week,XGBoost,Config_A,MSN,D00121,0,1
liquid100_mat5,any_relevance,2week,XGBoost,Config_A,MSN,D00122,0,1
liquid100_mat5,any_relevance,2week,XGBoost,Config_A,MSN,D00123,0,0
liquid100_mat5,any_relevance,2week,XGBoost,Config_A,MSN,D00124,0,1
liquid100_mat5,any_relevance,2week,XGBoost,Config_A,MSN,D00125,0,0
liquid100_mat5,any_relevance,2week,XGBoost,Config_A,MSN,D00126,0,1
liquid100_mat5,any_relevance,2week,XGBoost,Config_A,MSN,D00127,0,0
liquid100_mat5,any_relevance,2week,XGBoost,Config_A,MSN,D00128,0,0
liquid100_mat5,any_relevance,2week,XGBoost,Config_A,MSN,D00129,1,1
liquid100_mat5,any_relevance,2week,XGBoost,Config_A,MSN,D00130,1,0
liquid100_mat5,any_relevance,2week,XGBoost,Config_A,MSN,D00131,0,0
liquid100_mat5,any_relevance,2week,XGBoost,Config_A,MSN,D00132,0,0
liquid100_mat5,any_relevance,2week,XGBoost,Config_A,MSN,D00133,0,0
liquid100_mat5,any_relevance,2week,XGBoost,Config_A,MSN,D00134,0,0
liquid100_mat5,any_relevance,2week,XGBoost,Config_A,MSN,D00135,0,1
liquid100_mat5,any_relevance,2week,XGBoost,Config_A,MSN,D00136,1,1
liquid100_mat5,any_relevance,2week,XGBoost,Config_A,MSN,D00137,0,0
liquid100_mat5,any_relevance,2week,XGBoost,Config_A,MSN,D00138,0,0
liquid100_mat5,any_relevance,2week,XGBoost,Config_A,MSN,D00139,0,0
liquid100_mat5,any_relevance,2week,XGBoost,Config_A,MSN,D00140,0,0
liquid100_mat5,any_relevance,2week,XGBoost,Config_A,MSN,D00141,0,0
liquid100_mat5,any_relevance,2week,XGBoost,Config_A,MSN,D00142,0,0
liquid100_mat5,any_relevance,2week,XGBoost,Config_A,NVL,D00119,1,1
liquid100_mat5,any_relevance,2week,XGBoost,Config_A,NVL,D00120,0,0
liquid100_mat5,any_relevance,2week,XGBoost,Config_A,NVL,D00121,0,1
liquid100_mat5,any_relevance,2week,XGBoost,Config_A,NVL,D00122,0,0
liquid100_mat5,any_relevance,2week,XGBoost,Config_A,NVL,D00123,0,0
liquid100_mat5,any_relevance,2week,XGBoost,Config_A,NVL,D00124,0,1
liquid100_mat5,any_relevance,2week,XGBoost,Config_A,NVL,D00125,0,0
liquid100_mat5,any_relevance,2week,XGBoost,Config_A,NVL,D00126,1,0
liquid100_mat5,any_relevance,2week,XGBoost,Config_A,NVL,D00127,0,0
liquid100_mat5,any_relevance,2week,XGBoost,Config_A,NVL,D00128,0,0
liquid100_mat5,any_relevance,2week,XGBoost,Config_A,NVL,D00129,0,0
liquid100_mat5,any_relevance,2week,XGBoost,Config_A,NVL,D00130,0,0
liquid100_mat5,any_relevance,2week,XGBoost,Config_A,NVL,D00131,0,0
liquid100_mat5,any_relevance,2week,XGBoost,Config_A,NVL,D00132,0,0
liquid100_mat5,any_relevance,2week,XGBoost,Config_A,NVL,D00133,0,0
liquid100_mat5,any_relevance,2week,XGBoost,Config_A,NVL,D00134,0,0
liquid100_mat5,any_relevance,2week,XGBoost,Config_A,NVL,D00135,1,1
liquid100_mat5,any_relevance,2week,XGBoost,Config_A,NVL,D00136,1,0
liquid100_mat5,any_relevance,2week,XGBoost,Config_A,NVL,D00137,1,1
liquid100_mat5,any_relevance,2week,XGBoost,Config_A,NVL,D00138,0,1
liquid100_mat5,any_relevance,2week,XGBoost,Config_A,NVL,D00139,0,1
liquid100_mat5,any_relevance,2week,XGBoost,Config_A,NVL,D00140,0,0
liquid100_mat5,any_relevance,2week,XGBoost,Config_A,NVL,D00141,0,0
liquid100_mat5,any_relevance,2week,XGBoost,Config_A,NVL,D00142,0,0
liquid100_mat5,any_relevance,2week,XGBoost,Config_A,PDR,D00119,1,1
liquid100_mat5,any_relevance,2week,XGBoost,Config_A,PDR,D00120,1,1
liquid100_mat5,any_relevance,2week,XGBoost,Config_A,PDR,D00121,0,1
liquid100_mat5,any_relevance,2week,XGBoost,Config_A,PDR,D00122,0,0
liquid100_mat5,any_relevance,2week,XGBoost,Config_A,PDR,D00123,0,0
liquid100_mat5,any_relevance,2week,XGBoost,Config_A,PDR,D00124,0,1
liquid100_mat5,any_relevance,2week,XGBoost,Config_A,PDR,D00125,0,0
liquid100_mat5,any_relevance,2week,XGBoost,Config_A,PDR,D00126,1,0
liquid100_mat5,any_relevance,2week,XGBoost,Config_A,PDR,D00127,0,1
liquid100_mat5,any_relevance,2week,XGBoost,Config_A,PDR,D00128,0,0
liquid100_mat5,any_relevance,2week,XGBoost,Config_A,PDR,D00129,0,1
liquid100_mat5,any_relevance,2week,XGBoost,Config_A,PDR,D00130,0,0
liquid100_mat5,any_relevance,2week,XGBoost,Config_A,PDR,D00131,0,1
liquid100_mat5,any_relevance,2week,XGBoost,Config_A,PDR,D00132,0,0
liquid100_mat5,any_relevance,2week,XGBoost,Config_A,PDR,D00133,0,0
liquid100_mat5,any_relevance,2week,XGBoost,Config_A,PDR,D00134,0,0
liquid100_mat5,any_relevance,2week,XGBoost,Config_A,PDR,D00135,1,0
liquid100_mat5,any_relevance,2week,XGBoost,Config_A,PDR,D00136,1,1
liquid100_mat5,any_relevance,2week,XGBoost,Config_A,PDR,D00137,0,1
liquid100_mat5,any_relevance,2week,XGBoost,Config_A,PDR,D00138,0,1
liquid100_mat5,any_relevance,2week,XGBoost,Config_A,PDR,D00139,0,0
liquid100_mat5,any_relevance,2week,XGBoost,Config_A,PDR,D00140,0,1
liquid100_mat5,any_relevance,2week,XGBoost,Config_A,PDR,D00141,0,0
liquid100_mat5,any_relevance,2week,XGBoost,Config_A,PDR,D00142,0,0
liquid100_mat5,any_relevance,2week,XGBoost,Config_A,PLX,D00119,1,0
liquid100_mat5,any_relevance,2week,XGBoost,Config_A,PLX,D00120,0,0
liquid100_mat5,any_relevance,2week,XGBoost,Config_A,PLX,D00121,0,1
liquid100_mat5,any_relevance,2week,XGBoost,Config_A,PLX,D00122,0,0
liquid100_mat5,any_relevance,2week,XGBoost,Config_A,PLX,D00123,0,0
liquid100_mat5,any_relevance,2week,XGBoost,Config_A,PLX,D00124,0,0
liquid100_mat5,any_relevance,2week,XGBoost,Config_A,PLX,D00125,0,0
liquid100_mat5,any_relevance,2week,XGBoost,Config_A,PLX,D00126,0,1
liquid100_mat5,any_relevance,2week,XGBoost,Config_A,PLX,D00127,0,0
liquid100_mat5,any_relevance,2week,XGBoost,Config_A,PLX,D00128,0,0
liquid100_mat5,any_relevance,2week,XGBoost,Config_A,PLX,D00129,1,0
liquid100_mat5,any_relevance,2week,XGBoost,Config_A,PLX,D00130,1,1
liquid100_mat5,any_relevance,2week,XGBoost,Config_A,PLX,D00131,1,1
liquid100_mat5,any_relevance,2week,XGBoost,Config_A,PLX,D00132,0,1
liquid100_mat5,any_relevance,2week,XGBoost,Config_A,PLX,D00133,1,0
liquid100_mat5,any_relevance,2week,XGBoost,Config_A,PLX,D00134,0,1
liquid100_mat5,any_relevance,2week,XGBoost,Config_A,PLX,D00135,0,0
liquid100_mat5,any_relevance,2week,XGBoost,Config_A,PLX,D00136,0,0
liquid100_mat5,any_relevance,2week,XGBoost,Config_A,PLX,D00137,0,1
liquid100_mat5,any_relevance,2week,XGBoost,Config_A,PLX,D00138,0,0
liquid100_mat5,any_relevance,2week,XGBoost,Config_A,PLX,D00139,1,0
liquid100_mat5,any_relevance,2week,XGBoost,Config_A,PLX,D00140,0,0
liquid100_mat5,any_relevance,2week,XGBoost,Config_A,PLX,D00141,0,0
liquid100_mat5,any_relevance,2week,XGBoost,Config_A,PLX,D00142,0,0
liquid100_mat5,any_relevance,2week,XGBoost,Config_A,PNJ,D00119,0,1
liquid100_mat5,any_relevance,2week,XGBoost,Config_A,PNJ,D00120,0,0
liquid100_mat5,any_relevance,2week,XGBoost,Config_A,PNJ,D00121,0,1
liquid100_mat5,any_relevance,2week,XGBoost,Config_A,PNJ,D00122,0,0
liquid100_mat5,any_relevance,2week,XGBoost,Config_A,PNJ,D00123,0,0
liquid100_mat5,any_relevance,2week,XGBoost,Config_A,PNJ,D00124,1,1
liquid100_mat5,any_relevance,2week,XGBoost,Config_A,PNJ,D00125,0,0
liquid100_mat5,any_relevance,2week,XGBoost,Config_A,PNJ,D00126,0,0
liquid100_mat5,any_relevance,2week,XGBoost,Config_A,PNJ,D00127,0,0
liquid100_mat5,any_relevance,2week,XGBoost,Config_A,PNJ,D00128,1,0
liquid100_mat5,any_relevance,2week,XGBoost,Config_A,PNJ,D00129,1,1
liquid100_mat5,any_relevance,2week,XGBoost,Config_A,PNJ,D00130,1,1
liquid100_mat5,any_relevance,2week,XGBoost,Config_A,PNJ,D00131,1,1
liquid100_mat5,any_relevance,2week,XGBoost,Config_A,PNJ,D00132,0,0
liquid100_mat5,any_relevance,2week,XGBoost,Config_A,PNJ,D00133,1,1
liquid100_mat5,any_relevance,2week,XGBoost,Config_A,PNJ,D00134,0,0
liquid100_mat5,any_relevance,2week,XGBoost,Config_A,PNJ,D00135,0,0
liquid100_mat5,any_relevance,2week,XGBoost,Config_A,PNJ,D00136,0,0
liquid100_mat5,any_relevance,2week,XGBoost,Config_A,PNJ,D00137,0,1
liquid100_mat5,any_relevance,2week,XGBoost,Config_A,PNJ,D00138,0,0
liquid100_mat5,any_relevance,2week,XGBoost,Config_A,PNJ,D00139,0,0
liquid100_mat5,any_relevance,2week,XGBoost,Config_A,PNJ,D00140,0,0
liquid100_mat5,any_relevance,2week,XGBoost,Config_A,PNJ,D00141,0,0
liquid100_mat5,any_relevance,2week,XGBoost,Config_A,PNJ,D00142,0,0
liquid100_mat5,any_relevance,2week,XGBoost,Config_A,POW,D00119,1,0
liquid100_mat5,any_relevance,2week,XGBoost,Config_A,POW,D00120,1,1
liquid100_mat5,any_relevance,2week,XGBoost,Config_A,POW,D00121,0,1
liquid100_mat5,any_relevance,2week,XGBoost,Config_A,POW,D00122,0,0
liquid100_mat5,any_relevance,2week,XGBoost,Config_A,POW,D00123,0,0
liquid100_mat5,any_relevance,2week,XGBoost,Config_A,POW,D00124,0,0
liquid100_mat5,any_relevance,2week,XGBoost,Config_A,POW,D00125,1,1
liquid100_mat5,any_relevance,2week,XGBoost,Config_A,POW,D00126,1,0
liquid100_mat5,any_relevance,2week,XGBoost,Config_A,POW,D00127,0,0
liquid100_mat5,any_relevance,2week,XGBoost,Config_A,POW,D00128,0,0
liquid100_mat5,any_relevance,2week,XGBoost,Config_A,POW,D00129,1,1
liquid100_mat5,any_relevance,2week,XGBoost,Config_A,POW,D00130,1,1
liquid100_mat5,any_relevance,2week,XGBoost,Config_A,POW,D00131,0,1
liquid100_mat5,any_relevance,2week,XGBoost,Config_A,POW,D00132,0,1
liquid100_mat5,any_relevance,2week,XGBoost,Config_A,POW,D00133,1,0
liquid100_mat5,any_relevance,2week,XGBoost,Config_A,POW,D00134,0,1
liquid100_mat5,any_relevance,2week,XGBoost,Config_A,POW,D00135,0,0
liquid100_mat5,any_relevance,2week,XGBoost,Config_A,POW,D00136,0,0
liquid100_mat5,any_relevance,2week,XGBoost,Config_A,POW,D00137,0,1
liquid100_mat5,any_relevance,2week,XGBoost,Config_A,POW,D00138,1,0
liquid100_mat5,any_relevance,2week,XGBoost,Config_A,POW,D00139,0,0
liquid100_mat5,any_relevance,2week,XGBoost,Config_A,POW,D00140,0,0
liquid100_mat5,any_relevance,2week,XGBoost,Config_A,POW,D00141,1,0
liquid100_mat5,any_relevance,2week,XGBoost,Config_A,POW,D00142,1,0
liquid100_mat5,any_relevance,2week,XGBoost,Config_A,PVT,D00119,1,0
liquid100_mat5,any_relevance,2week,XGBoost,Config_A,PVT,D00120,0,0
liquid100_mat5,any_relevance,2week,XGBoost,Config_A,PVT,D00121,0,1
liquid100_mat5,any_relevance,2week,XGBoost,Config_A,PVT,D00122,0,0
liquid100_mat5,any_relevance,2week,XGBoost,Config_A,PVT,D00123,0,0
liquid100_mat5,any_relevance,2week,XGBoost,Config_A,PVT,D00124,0,0
liquid100_mat5,any_relevance,2week,XGBoost,Config_A,PVT,D00125,1,0
liquid100_mat5,any_relevance,2week,XGBoost,Config_A,PVT,D00126,1,1
liquid100_mat5,any_relevance,2week,XGBoost,Config_A,PVT,D00127,0,0
liquid100_mat5,any_relevance,2week,XGBoost,Config_A,PVT,D00128,0,0
liquid100_mat5,any_relevance,2week,XGBoost,Config_A,PVT,D00129,1,1
liquid100_mat5,any_relevance,2week,XGBoost,Config_A,PVT,D00130,1,1
liquid100_mat5,any_relevance,2week,XGBoost,Config_A,PVT,D00131,1,0
liquid100_mat5,any_relevance,2week,XGBoost,Config_A,PVT,D00132,0,1
liquid100_mat5,any_relevance,2week,XGBoost,Config_A,PVT,D00133,1,0
liquid100_mat5,any_relevance,2week,XGBoost,Config_A,PVT,D00134,1,1
liquid100_mat5,any_relevance,2week,XGBoost,Config_A,PVT,D00135,0,0
liquid100_mat5,any_relevance,2week,XGBoost,Config_A,PVT,D00136,0,0
liquid100_mat5,any_relevance,2week,XGBoost,Config_A,PVT,D00137,1,0
liquid100_mat5,any_relevance,2week,XGBoost,Config_A,PVT,D00138,1,1
liquid100_mat5,any_relevance,2week,XGBoost,Config_A,PVT,D00139,0,1
liquid100_mat5,any_relevance,2week,XGBoost,Config_A,PVT,D00140,0,0
liquid100_mat5,any_relevance,2week,XGBoost,Config_A,PVT,D00141,0,0
liquid100_mat5,any_relevance,2week,XGBoost,Config_A,PVT,D00142,0,0
liquid100_mat5,any_relevance,2week,XGBoost,Config_A,SHB,D00119,1,1
liquid100_mat5,any_relevance,2week,XGBoost,Config_A,SHB,D00120,0,1
liquid100_mat5,any_relevance,2week,XGBoost,Config_A,SHB,D00121,0,1
liquid100_mat5,any_relevance,2week,XGBoost,Config_A,SHB,D00122,0,0
liquid100_mat5,any_relevance,2week,XGBoost,Config_A,SHB,D00123,1,0
liquid100_mat5,any_relevance,2week,XGBoost,Config_A,SHB,D00124,0,1
liquid100_mat5,any_relevance,2week,XGBoost,Config_A,SHB,D00125,0,0
liquid100_mat5,any_relevance,2week,XGBoost,Config_A,SHB,D00126,1,0
liquid100_mat5,any_relevance,2week,XGBoost,Config_A,SHB,D00127,0,0
liquid100_mat5,any_relevance,2week,XGBoost,Config_A,SHB,D00128,0,0
liquid100_mat5,any_relevance,2week,XGBoost,Config_A,SHB,D00129,0,1
liquid100_mat5,any_relevance,2week,XGBoost,Config_A,SHB,D00130,0,1
liquid100_mat5,any_relevance,2week,XGBoost,Config_A,SHB,D00131,0,0
liquid100_mat5,any_relevance,2week,XGBoost,Config_A,SHB,D00132,0,0
liquid100_mat5,any_relevance,2week,XGBoost,Config_A,SHB,D00133,1,0
liquid100_mat5,any_relevance,2week,XGBoost,Config_A,SHB,D00134,0,0
liquid100_mat5,any_relevance,2week,XGBoost,Config_A,SHB,D00135,0,0
liquid100_mat5,any_relevance,2week,XGBoost,Config_A,SHB,D00136,1,0
liquid100_mat5,any_relevance,2week,XGBoost,Config_A,SHB,D00137,0,1
liquid100_mat5,any_relevance,2week,XGBoost,Config_A,SHB,D00138,0,0
liquid100_mat5,any_relevance,2week,XGBoost,Config_A,SHB,D00139,0,0
liquid100_mat5,any_relevance,2week,XGBoost,Config_A,SHB,D00140,0,0
liquid100_mat5,any_relevance,2week,XGBoost,Config_A,SHB,D00141,0,0
liquid100_mat5,any_relevance,2week,XGBoost,Config_A,SHB,D00142,0,0
liquid100_mat5,any_relevance,2week,XGBoost,Config_A,SSI,D00119,1,0
liquid100_mat5,any_relevance,2week,XGBoost,Config_A,SSI,D00120,1,0
liquid100_mat5,any_relevance,2week,XGBoost,Config_A,SSI,D00121,1,1
liquid100_mat5,any_relevance,2week,XGBoost,Config_A,SSI,D00122,0,0
liquid100_mat5,any_relevance,2week,XGBoost,Config_A,SSI,D00123,1,0
liquid100_mat5,any_relevance,2week,XGBoost,Config_A,SSI,D00124,0,0
liquid100_mat5,any_relevance,2week,XGBoost,Config_A,SSI,D00125,0,0
liquid100_mat5,any_relevance,2week,XGBoost,Config_A,SSI,D00126,0,0
liquid100_mat5,any_relevance,2week,XGBoost,Config_A,SSI,D00127,0,0
liquid100_mat5,any_relevance,2week,XGBoost,Config_A,SSI,D00128,1,0
liquid100_mat5,any_relevance,2week,XGBoost,Config_A,SSI,D00129,0,0
liquid100_mat5,any_relevance,2week,XGBoost,Config_A,SSI,D00130,1,0
liquid100_mat5,any_relevance,2week,XGBoost,Config_A,SSI,D00131,0,0
liquid100_mat5,any_relevance,2week,XGBoost,Config_A,SSI,D00132,0,0
liquid100_mat5,any_relevance,2week,XGBoost,Config_A,SSI,D00133,1,1
liquid100_mat5,any_relevance,2week,XGBoost,Config_A,SSI,D00134,0,1
liquid100_mat5,any_relevance,2week,XGBoost,Config_A,SSI,D00135,0,0
liquid100_mat5,any_relevance,2week,XGBoost,Config_A,SSI,D00136,1,0
liquid100_mat5,any_relevance,2week,XGBoost,Config_A,SSI,D00137,0,1
liquid100_mat5,any_relevance,2week,XGBoost,Config_A,SSI,D00138,0,0
liquid100_mat5,any_relevance,2week,XGBoost,Config_A,SSI,D00139,0,0
liquid100_mat5,any_relevance,2week,XGBoost,Config_A,SSI,D00140,0,0
liquid100_mat5,any_relevance,2week,XGBoost,Config_A,SSI,D00141,0,0
liquid100_mat5,any_relevance,2week,XGBoost,Config_A,SSI,D00142,0,0
liquid100_mat5,any_relevance,2week,XGBoost,Config_A,STB,D00119,1,1
liquid100_mat5,any_relevance,2week,XGBoost,Config_A,STB,D00120,0,1
liquid100_mat5,any_relevance,2week,XGBoost,Config_A,STB,D00121,0,1
liquid100_mat5,any_relevance,2week,XGBoost,Config_A,STB,D00122,1,1
liquid100_mat5,any_relevance,2week,XGBoost,Config_A,STB,D00123,1,1
liquid100_mat5,any_relevance,2week,XGBoost,Config_A,STB,D00124,0,0
liquid100_mat5,any_relevance,2week,XGBoost,Config_A,STB,D00125,0,1
liquid100_mat5,any_relevance,2week,XGBoost,Config_A,STB,D00126,0,0
liquid100_mat5,any_relevance,2week,XGBoost,Config_A,STB,D00127,0,0
liquid100_mat5,any_relevance,2week,XGBoost,Config_A,STB,D00128,1,0
liquid100_mat5,any_relevance,2week,XGBoost,Config_A,STB,D00129,1,1
liquid100_mat5,any_relevance,2week,XGBoost,Config_A,STB,D00130,0,0
liquid100_mat5,any_relevance,2week,XGBoost,Config_A,STB,D00131,1,1
liquid100_mat5,any_relevance,2week,XGBoost,Config_A,STB,D00132,0,0
liquid100_mat5,any_relevance,2week,XGBoost,Config_A,STB,D00133,1,1
liquid100_mat5,any_relevance,2week,XGBoost,Config_A,STB,D00134,0,0
liquid100_mat5,any_relevance,2week,XGBoost,Config_A,STB,D00135,0,0
liquid100_mat5,any_relevance,2week,XGBoost,Config_A,STB,D00136,1,0
liquid100_mat5,any_relevance,2week,XGBoost,Config_A,STB,D00137,1,0
liquid100_mat5,any_relevance,2week,XGBoost,Config_A,STB,D00138,1,1
liquid100_mat5,any_relevance,2week,XGBoost,Config_A,STB,D00139,0,1
liquid100_mat5,any_relevance,2week,XGBoost,Config_A,STB,D00140,0,0
liquid100_mat5,any_relevance,2week,XGBoost,Config_A,STB,D00141,1,1
liquid100_mat5,any_relevance,2week,XGBoost,Config_A,STB,D00142,1,0
liquid100_mat5,any_relevance,2week,XGBoost,Config_A,TCB,D00119,1,1
liquid100_mat5,any_relevance,2week,XGBoost,Config_A,TCB,D00120,0,1
liquid100_mat5,any_relevance,2week,XGBoost,Config_A,TCB,D00121,0,1
liquid100_mat5,any_relevance,2week,XGBoost,Config_A,TCB,D00122,0,0
liquid100_mat5,any_relevance,2week,XGBoost,Config_A,TCB,D00123,1,1
liquid100_mat5,any_relevance,2week,XGBoost,Config_A,TCB,D00124,0,0
liquid100_mat5,any_relevance,2week,XGBoost,Config_A,TCB,D00125,0,0
liquid100_mat5,any_relevance,2week,XGBoost,Config_A,TCB,D00126,0,0
liquid100_mat5,any_relevance,2week,XGBoost,Config_A,TCB,D00127,0,0
liquid100_mat5,any_relevance,2week,XGBoost,Config_A,TCB,D00128,0,0
liquid100_mat5,any_relevance,2week,XGBoost,Config_A,TCB,D00129,1,1
liquid100_mat5,any_relevance,2week,XGBoost,Config_A,TCB,D00130,1,1
liquid100_mat5,any_relevance,2week,XGBoost,Config_A,TCB,D00131,0,0
liquid100_mat5,any_relevance,2week,XGBoost,Config_A,TCB,D00132,0,1
liquid100_mat5,any_relevance,2week,XGBoost,Config_A,TCB,D00133,0,0
liquid100_mat5,any_relevance,2week,XGBoost,Config_A,TCB,D00134,0,0
liquid100_mat5,any_relevance,2week,XGBoost,Config_A,TCB,D00135,0,0
liquid100_mat5,any_relevance,2week,XGBoost,Config_A,TCB,D00136,1,1
liquid100_mat5,any_relevance,2week,XGBoost,Config_A,TCB,D00137,1,1
liquid100_mat5,any_relevance,2week,XGBoost,Config_A,TCB,D00138,0,1
liquid100_mat5,any_relevance,2week,XGBoost,Config_A,TCB,D00139,0,0
liquid100_mat5,any_relevance,2week,XGBoost,Config_A,TCB,D00140,0,0
liquid100_mat5,any_relevance,2week,XGBoost,Config_A,TCB,D00141,0,0
liquid100_mat5,any_relevance,2week,XGBoost,Config_A,TCB,D00142,1,1
liquid100_mat5,any_relevance,2week,XGBoost,Config_A,TPB,D00119,1,1
liquid100_mat5,any_relevance,2week,XGBoost,Config_A,TPB,D00120,1,1
liquid100_mat5,any_relevance,2week,XGBoost,Config_A,TPB,D00121,0,1
liquid100_mat5,any_relevance,2week,XGBoost,Config_A,TPB,D00122,0,0
liquid100_mat5,any_relevance,2week,XGBoost,Config_A,TPB,D00123,1,0
liquid100_mat5,any_relevance,2week,XGBoost,Config_A,TPB,D00124,0,1
liquid100_mat5,any_relevance,2week,XGBoost,Config_A,TPB,D00125,0,0
liquid100_mat5,any_relevance,2week,XGBoost,Config_A,TPB,D00126,1,0
liquid100_mat5,any_relevance,2week,XGBoost,Config_A,TPB,D00127,0,0
liquid100_mat5,any_relevance,2week,XGBoost,Config_A,TPB,D00128,0,0
liquid100_mat5,any_relevance,2week,XGBoost,Config_A,TPB,D00129,0,0
liquid100_mat5,any_relevance,2week,XGBoost,Config_A,TPB,D00130,1,1
liquid100_mat5,any_relevance,2week,XGBoost,Config_A,TPB,D00131,0,0
liquid100_mat5,any_relevance,2week,XGBoost,Config_A,TPB,D00132,0,1
liquid100_mat5,any_relevance,2week,XGBoost,Config_A,TPB,D00133,1,0
liquid100_mat5,any_relevance,2week,XGBoost,Config_A,TPB,D00134,0,0
liquid100_mat5,any_relevance,2week,XGBoost,Config_A,TPB,D00135,0,0
liquid100_mat5,any_relevance,2week,XGBoost,Config_A,TPB,D00136,0,1
liquid100_mat5,any_relevance,2week,XGBoost,Config_A,TPB,D00137,0,0
liquid100_mat5,any_relevance,2week,XGBoost,Config_A,TPB,D00138,0,0
liquid100_mat5,any_relevance,2week,XGBoost,Config_A,TPB,D00139,0,0
liquid100_mat5,any_relevance,2week,XGBoost,Config_A,TPB,D00140,0,0
liquid100_mat5,any_relevance,2week,XGBoost,Config_A,TPB,D00141,1,0
liquid100_mat5,any_relevance,2week,XGBoost,Config_A,TPB,D00142,0,0
liquid100_mat5,any_relevance,2week,XGBoost,Config_A,VCB,D00119,1,0
liquid100_mat5,any_relevance,2week,XGBoost,Config_A,VCB,D00120,1,0
liquid100_mat5,any_relevance,2week,XGBoost,Config_A,VCB,D00121,0,0
liquid100_mat5,any_relevance,2week,XGBoost,Config_A,VCB,D00122,0,0
liquid100_mat5,any_relevance,2week,XGBoost,Config_A,VCB,D00123,1,0
liquid100_mat5,any_relevance,2week,XGBoost,Config_A,VCB,D00124,0,0
liquid100_mat5,any_relevance,2week,XGBoost,Config_A,VCB,D00125,0,0
liquid100_mat5,any_relevance,2week,XGBoost,Config_A,VCB,D00126,0,0
liquid100_mat5,any_relevance,2week,XGBoost,Config_A,VCB,D00127,0,0
liquid100_mat5,any_relevance,2week,XGBoost,Config_A,VCB,D00128,0,0
liquid100_mat5,any_relevance,2week,XGBoost,Config_A,VCB,D00129,1,0
liquid100_mat5,any_relevance,2week,XGBoost,Config_A,VCB,D00130,1,1
liquid100_mat5,any_relevance,2week,XGBoost,Config_A,VCB,D00131,0,1
liquid100_mat5,any_relevance,2week,XGBoost,Config_A,VCB,D00132,0,0
liquid100_mat5,any_relevance,2week,XGBoost,Config_A,VCB,D00133,0,0
liquid100_mat5,any_relevance,2week,XGBoost,Config_A,VCB,D00134,0,0
liquid100_mat5,any_relevance,2week,XGBoost,Config_A,VCB,D00135,0,1
liquid100_mat5,any_relevance,2week,XGBoost,Config_A,VCB,D00136,0,0
liquid100_mat5,any_relevance,2week,XGBoost,Config_A,VCB,D00137,0,0
liquid100_mat5,any_relevance,2week,XGBoost,Config_A,VCB,D00138,0,0
liquid100_mat5,any_relevance,2week,XGBoost,Config_A,VCB,D00139,1,0
liquid100_mat5,any_relevance,2week,XGBoost,Config_A,VCB,D00140,0,0
liquid100_mat5,any_relevance,2week,XGBoost,Config_A,VCB,D00141,0,0
liquid100_mat5,any_relevance,2week,XGBoost,Config_A,VCB,D00142,0,0
liquid100_mat5,any_relevance,2week,XGBoost,Config_A,VCG,D00119,1,0
liquid100_mat5,any_relevance,2week,XGBoost,Config_A,VCG,D00120,0,0
liquid100_mat5,any_relevance,2week,XGBoost,Config_A,VCG,D00121,1,1
liquid100_mat5,any_relevance,2week,XGBoost,Config_A,VCG,D00122,1,1
liquid100_mat5,any_relevance,2week,XGBoost,Config_A,VCG,D00123,0,0
liquid100_mat5,any_relevance,2week,XGBoost,Config_A,VCG,D00124,0,1
liquid100_mat5,any_relevance,2week,XGBoost,Config_A,VCG,D00125,0,0
liquid100_mat5,any_relevance,2week,XGBoost,Config_A,VCG,D00126,0,0
liquid100_mat5,any_relevance,2week,XGBoost,Config_A,VCG,D00127,0,0
liquid100_mat5,any_relevance,2week,XGBoost,Config_A,VCG,D00128,0,0
liquid100_mat5,any_relevance,2week,XGBoost,Config_A,VCG,D00129,0,0
liquid100_mat5,any_relevance,2week,XGBoost,Config_A,VCG,D00130,0,0
liquid100_mat5,any_relevance,2week,XGBoost,Config_A,VCG,D00131,0,0
liquid100_mat5,any_relevance,2week,XGBoost,Config_A,VCG,D00132,0,0
liquid100_mat5,any_relevance,2week,XGBoost,Config_A,VCG,D00133,1,0
liquid100_mat5,any_relevance,2week,XGBoost,Config_A,VCG,D00134,1,1
liquid100_mat5,any_relevance,2week,XGBoost,Config_A,VCG,D00135,0,1
liquid100_mat5,any_relevance,2week,XGBoost,Config_A,VCG,D00136,0,1
liquid100_mat5,any_relevance,2week,XGBoost,Config_A,VCG,D00137,0,1
liquid100_mat5,any_relevance,2week,XGBoost,Config_A,VCG,D00138,0,0
liquid100_mat5,any_relevance,2week,XGBoost,Config_A,VCG,D00139,0,0
liquid100_mat5,any_relevance,2week,XGBoost,Config_A,VCG,D00140,0,0
liquid100_mat5,any_relevance,2week,XGBoost,Config_A,VCG,D00141,0,1
liquid100_mat5,any_relevance,2week,XGBoost,Config_A,VCG,D00142,1,0
liquid100_mat5,any_relevance,2week,XGBoost,Config_A,VCI,D00119,1,1
liquid100_mat5,any_relevance,2week,XGBoost,Config_A,VCI,D00120,0,0
liquid100_mat5,any_relevance,2week,XGBoost,Config_A,VCI,D00121,0,1
liquid100_mat5,any_relevance,2week,XGBoost,Config_A,VCI,D00122,0,0
liquid100_mat5,any_relevance,2week,XGBoost,Config_A,VCI,D00123,0,0
liquid100_mat5,any_relevance,2week,XGBoost,Config_A,VCI,D00124,0,0
liquid100_mat5,any_relevance,2week,XGBoost,Config_A,VCI,D00125,0,0
liquid100_mat5,any_relevance,2week,XGBoost,Config_A,VCI,D00126,0,0
liquid100_mat5,any_relevance,2week,XGBoost,Config_A,VCI,D00127,0,0
liquid100_mat5,any_relevance,2week,XGBoost,Config_A,VCI,D00128,0,0
liquid100_mat5,any_relevance,2week,XGBoost,Config_A,VCI,D00129,0,1
liquid100_mat5,any_relevance,2week,XGBoost,Config_A,VCI,D00130,1,0
liquid100_mat5,any_relevance,2week,XGBoost,Config_A,VCI,D00131,1,1
liquid100_mat5,any_relevance,2week,XGBoost,Config_A,VCI,D00132,0,0
liquid100_mat5,any_relevance,2week,XGBoost,Config_A,VCI,D00133,1,1
liquid100_mat5,any_relevance,2week,XGBoost,Config_A,VCI,D00134,0,1
liquid100_mat5,any_relevance,2week,XGBoost,Config_A,VCI,D00135,0,0
liquid100_mat5,any_relevance,2week,XGBoost,Config_A,VCI,D00136,1,0
liquid100_mat5,any_relevance,2week,XGBoost,Config_A,VCI,D00137,0,1
liquid100_mat5,any_relevance,2week,XGBoost,Config_A,VCI,D00138,0,0
liquid100_mat5,any_relevance,2week,XGBoost,Config_A,VCI,D00139,0,0
liquid100_mat5,any_relevance,2week,XGBoost,Config_A,VCI,D00140,0,0
liquid100_mat5,any_relevance,2week,XGBoost,Config_A,VCI,D00141,0,0
liquid100_mat5,any_relevance,2week,XGBoost,Config_A,VCI,D00142,0,0
liquid100_mat5,any_relevance,2week,XGBoost,Config_A,VHM,D00119,0,0
liquid100_mat5,any_relevance,2week,XGBoost,Config_A,VHM,D00120,1,1
liquid100_mat5,any_relevance,2week,XGBoost,Config_A,VHM,D00121,0,0
liquid100_mat5,any_relevance,2week,XGBoost,Config_A,VHM,D00122,0,0
liquid100_mat5,any_relevance,2week,XGBoost,Config_A,VHM,D00123,1,0
liquid100_mat5,any_relevance,2week,XGBoost,Config_A,VHM,D00124,0,1
liquid100_mat5,any_relevance,2week,XGBoost,Config_A,VHM,D00125,0,0
liquid100_mat5,any_relevance,2week,XGBoost,Config_A,VHM,D00126,1,0
liquid100_mat5,any_relevance,2week,XGBoost,Config_A,VHM,D00127,1,1
liquid100_mat5,any_relevance,2week,XGBoost,Config_A,VHM,D00128,0,0
liquid100_mat5,any_relevance,2week,XGBoost,Config_A,VHM,D00129,1,1
liquid100_mat5,any_relevance,2week,XGBoost,Config_A,VHM,D00130,0,1
liquid100_mat5,any_relevance,2week,XGBoost,Config_A,VHM,D00131,0,0
liquid100_mat5,any_relevance,2week,XGBoost,Config_A,VHM,D00132,0,0
liquid100_mat5,any_relevance,2week,XGBoost,Config_A,VHM,D00133,0,1
liquid100_mat5,any_relevance,2week,XGBoost,Config_A,VHM,D00134,0,0
liquid100_mat5,any_relevance,2week,XGBoost,Config_A,VHM,D00135,1,1
liquid100_mat5,any_relevance,2week,XGBoost,Config_A,VHM,D00136,1,1
liquid100_mat5,any_relevance,2week,XGBoost,Config_A,VHM,D00137,1,1
liquid100_mat5,any_relevance,2week,XGBoost,Config_A,VHM,D00138,1,0
liquid100_mat5,any_relevance,2week,XGBoost,Config_A,VHM,D00139,0,1
liquid100_mat5,any_relevance,2week,XGBoost,Config_A,VHM,D00140,0,0
liquid100_mat5,any_relevance,2week,XGBoost,Config_A,VHM,D00141,0,0
liquid100_mat5,any_relevance,2week,XGBoost,Config_A,VHM,D00142,1,1
liquid100_mat5,any_relevance,2week,XGBoost,Config_A,VIB,D00119,1,1
liquid100_mat5,any_relevance,2week,XGBoost,Config_A,VIB,D00120,1,1
liquid100_mat5,any_relevance,2week,XGBoost,Config_A,VIB,D00121,0,0
liquid100_mat5,any_relevance,2week,XGBoost,Config_A,VIB,D00122,0,0
liquid100_mat5,any_relevance,2week,XGBoost,Config_A,VIB,D00123,0,0
liquid100_mat5,any_relevance,2week,XGBoost,Config_A,VIB,D00124,0,0
liquid100_mat5,any_relevance,2week,XGBoost,Config_A,VIB,D00125,0,0
liquid100_mat5,any_relevance,2week,XGBoost,Config_A,VIB,D00126,0,0
liquid100_mat5,any_relevance,2week,XGBoost,Config_A,VIB,D00127,0,0
liquid100_mat5,any_relevance,2week,XGBoost,Config_A,VIB,D00128,0,0
liquid100_mat5,any_relevance,2week,XGBoost,Config_A,VIB,D00129,0,1
liquid100_mat5,any_relevance,2week,XGBoost,Config_A,VIB,D00130,1,1
liquid100_mat5,any_relevance,2week,XGBoost,Config_A,VIB,D00131,0,0
liquid100_mat5,any_relevance,2week,XGBoost,Config_A,VIB,D00132,0,0
liquid100_mat5,any_relevance,2week,XGBoost,Config_A,VIB,D00133,0,1
liquid100_mat5,any_relevance,2week,XGBoost,Config_A,VIB,D00134,0,0
liquid100_mat5,any_relevance,2week,XGBoost,Config_A,VIB,D00135,0,1
liquid100_mat5,any_relevance,2week,XGBoost,Config_A,VIB,D00136,0,1
liquid100_mat5,any_relevance,2week,XGBoost,Config_A,VIB,D00137,0,0
liquid100_mat5,any_relevance,2week,XGBoost,Config_A,VIB,D00138,0,0
liquid100_mat5,any_relevance,2week,XGBoost,Config_A,VIB,D00139,0,1
liquid100_mat5,any_relevance,2week,XGBoost,Config_A,VIB,D00140,0,1
liquid100_mat5,any_relevance,2week,XGBoost,Config_A,VIB,D00141,0,0
liquid100_mat5,any_relevance,2week,XGBoost,Config_A,VIB,D00142,0,0
liquid100_mat5,any_relevance,2week,XGBoost,Config_A,VIC,D00119,1,1
liquid100_mat5,any_relevance,2week,XGBoost,Config_A,VIC,D00120,1,1
liquid100_mat5,any_relevance,2week,XGBoost,Config_A,VIC,D00121,1,0
liquid100_mat5,any_relevance,2week,XGBoost,Config_A,VIC,D00122,1,1
liquid100_mat5,any_relevance,2week,XGBoost,Config_A,VIC,D00123,1,1
liquid100_mat5,any_relevance,2week,XGBoost,Config_A,VIC,D00124,1,1
liquid100_mat5,any_relevance,2week,XGBoost,Config_A,VIC,D00125,0,1
liquid100_mat5,any_relevance,2week,XGBoost,Config_A,VIC,D00126,1,1
liquid100_mat5,any_relevance,2week,XGBoost,Config_A,VIC,D00127,1,1
liquid100_mat5,any_relevance,2week,XGBoost,Config_A,VIC,D00128,1,0
liquid100_mat5,any_relevance,2week,XGBoost,Config_A,VIC,D00129,1,0
liquid100_mat5,any_relevance,2week,XGBoost,Config_A,VIC,D00130,0,1
liquid100_mat5,any_relevance,2week,XGBoost,Config_A,VIC,D00131,0,0
liquid100_mat5,any_relevance,2week,XGBoost,Config_A,VIC,D00132,1,0
liquid100_mat5,any_relevance,2week,XGBoost,Config_A,VIC,D00133,1,1
liquid100_mat5,any_relevance,2week,XGBoost,Config_A,VIC,D00134,0,0
liquid100_mat5,any_relevance,2week,XGBoost,Config_A,VIC,D00135,0,0
liquid100_mat5,any_relevance,2week,XGBoost,Config_A,VIC,D00136,1,1
liquid100_mat5,any_relevance,2week,XGBoost,Config_A,VIC,D00137,1,1
liquid100_mat5,any_relevance,2week,XGBoost,Config_A,VIC,D00138,1,0
liquid100_mat5,any_relevance,2week,XGBoost,Config_A,VIC,D00139,0,1
liquid100_mat5,any_relevance,2week,XGBoost,Config_A,VIC,D00140,0,0
liquid100_mat5,any_relevance,2week,XGBoost,Config_A,VIC,D00141,1,0
liquid100_mat5,any_relevance,2week,XGBoost,Config_A,VIC,D00142,1,1
liquid100_mat5,any_relevance,2week,XGBoost,Config_A,VJC,D00119,1,1
liquid100_mat5,any_relevance,2week,XGBoost,Config_A,VJC,D00120,1,1
liquid100_mat5,any_relevance,2week,XGBoost,Config_A,VJC,D00121,0,0
liquid100_mat5,any_relevance,2week,XGBoost,Config_A,VJC,D00122,0,0
liquid100_mat5,any_relevance,2week,XGBoost,Config_A,VJC,D00123,1,0
liquid100_mat5,any_relevance,2week,XGBoost,Config_A,VJC,D00124,1,1
liquid100_mat5,any_relevance,2week,XGBoost,Config_A,VJC,D00125,0,1
liquid100_mat5,any_relevance,2week,XGBoost,Config_A,VJC,D00126,1,0
liquid100_mat5,any_relevance,2week,XGBoost,Config_A,VJC,D00127,1,0
liquid100_mat5,any_relevance,2week,XGBoost,Config_A,VJC,D00128,0,0
liquid100_mat5,any_relevance,2week,XGBoost,Config_A,VJC,D00129,1,1
liquid100_mat5,any_relevance,2week,XGBoost,Config_A,VJC,D00130,0,0
liquid100_mat5,any_relevance,2week,XGBoost,Config_A,VJC,D00131,0,0
liquid100_mat5,any_relevance,2week,XGBoost,Config_A,VJC,D00132,0,0
liquid100_mat5,any_relevance,2week,XGBoost,Config_A,VJC,D00133,1,0
liquid100_mat5,any_relevance,2week,XGBoost,Config_A,VJC,D00134,0,0
liquid100_mat5,any_relevance,2week,XGBoost,Config_A,VJC,D00135,0,0
liquid100_mat5,any_relevance,2week,XGBoost,Config_A,VJC,D00136,1,1
liquid100_mat5,any_relevance,2week,XGBoost,Config_A,VJC,D00137,1,0
liquid100_mat5,any_relevance,2week,XGBoost,Config_A,VJC,D00138,0,0
liquid100_mat5,any_relevance,2week,XGBoost,Config_A,VJC,D00139,0,0
liquid100_mat5,any_relevance,2week,XGBoost,Config_A,VJC,D00140,1,0
liquid100_mat5,any_relevance,2week,XGBoost,Config_A,VJC,D00141,1,0
liquid100_mat5,any_relevance,2week,XGBoost,Config_A,VJC,D00142,0,0
liquid100_mat5,any_relevance,2week,XGBoost,Config_A,VND,D00119,1,1
liquid100_mat5,any_relevance,2week,XGBoost,Config_A,VND,D00120,0,0
liquid100_mat5,any_relevance,2week,XGBoost,Config_A,VND,D00121,0,1
liquid100_mat5,any_relevance,2week,XGBoost,Config_A,VND,D00122,0,0
liquid100_mat5,any_relevance,2week,XGBoost,Config_A,VND,D00123,1,0
liquid100_mat5,any_relevance,2week,XGBoost,Config_A,VND,D00124,0,1
liquid100_mat5,any_relevance,2week,XGBoost,Config_A,VND,D00125,0,0
liquid100_mat5,any_relevance,2week,XGBoost,Config_A,VND,D00126,0,1
liquid100_mat5,any_relevance,2week,XGBoost,Config_A,VND,D00127,0,0
liquid100_mat5,any_relevance,2week,XGBoost,Config_A,VND,D00128,1,0
liquid100_mat5,any_relevance,2week,XGBoost,Config_A,VND,D00129,0,1
liquid100_mat5,any_relevance,2week,XGBoost,Config_A,VND,D00130,1,1
liquid100_mat5,any_relevance,2week,XGBoost,Config_A,VND,D00131,0,0
liquid100_mat5,any_relevance,2week,XGBoost,Config_A,VND,D00132,0,0
liquid100_mat5,any_relevance,2week,XGBoost,Config_A,VND,D00133,1,1
liquid100_mat5,any_relevance,2week,XGBoost,Config_A,VND,D00134,0,0
liquid100_mat5,any_relevance,2week,XGBoost,Config_A,VND,D00135,0,0
liquid100_mat5,any_relevance,2week,XGBoost,Config_A,VND,D00136,1,0
liquid100_mat5,any_relevance,2week,XGBoost,Config_A,VND,D00137,0,1
liquid100_mat5,any_relevance,2week,XGBoost,Config_A,VND,D00138,0,0
liquid100_mat5,any_relevance,2week,XGBoost,Config_A,VND,D00139,1,0
liquid100_mat5,any_relevance,2week,XGBoost,Config_A,VND,D00140,1,1
liquid100_mat5,any_relevance,2week,XGBoost,Config_A,VND,D00141,1,0
liquid100_mat5,any_relevance,2week,XGBoost,Config_A,VND,D00142,0,0
liquid100_mat5,any_relevance,2week,XGBoost,Config_A,VNM,D00119,0,0
liquid100_mat5,any_relevance,2week,XGBoost,Config_A,VNM,D00120,0,0
liquid100_mat5,any_relevance,2week,XGBoost,Config_A,VNM,D00121,1,1
liquid100_mat5,any_relevance,2week,XGBoost,Config_A,VNM,D00122,0,0
liquid100_mat5,any_relevance,2week,XGBoost,Config_A,VNM,D00123,1,0
liquid100_mat5,any_relevance,2week,XGBoost,Config_A,VNM,D00124,0,1
liquid100_mat5,any_relevance,2week,XGBoost,Config_A,VNM,D00125,1,1
liquid100_mat5,any_relevance,2week,XGBoost,Config_A,VNM,D00126,1,1
liquid100_mat5,any_relevance,2week,XGBoost,Config_A,VNM,D00127,1,0
liquid100_mat5,any_relevance,2week,XGBoost,Config_A,VNM,D00128,0,0
liquid100_mat5,any_relevance,2week,XGBoost,Config_A,VNM,D00129,0,1
liquid100_mat5,any_relevance,2week,XGBoost,Config_A,VNM,D00130,1,0
liquid100_mat5,any_relevance,2week,XGBoost,Config_A,VNM,D00131,1,1
liquid100_mat5,any_relevance,2week,XGBoost,Config_A,VNM,D00132,0,0
liquid100_mat5,any_relevance,2week,XGBoost,Config_A,VNM,D00133,0,0
liquid100_mat5,any_relevance,2week,XGBoost,Config_A,VNM,D00134,0,0
liquid100_mat5,any_relevance,2week,XGBoost,Config_A,VNM,D00135,0,0
liquid100_mat5,any_relevance,2week,XGBoost,Config_A,VNM,D00136,0,0
liquid100_mat5,any_relevance,2week,XGBoost,Config_A,VNM,D00137,0,0
liquid100_mat5,any_relevance,2week,XGBoost,Config_A,VNM,D00138,0,0
liquid100_mat5,any_relevance,2week,XGBoost,Config_A,VNM,D00139,0,0
liquid100_mat5,any_relevance,2week,XGBoost,Config_A,VNM,D00140,0,0
liquid100_mat5,any_relevance,2week,XGBoost,Config_A,VNM,D00141,0,1
liquid100_mat5,any_relevance,2week,XGBoost,Config_A,VNM,D00142,0,0
liquid100_mat5,any_relevance,2week,XGBoost,Config_A,VPB,D00119,1,1
liquid100_mat5,any_relevance,2week,XGBoost,Config_A,VPB,D00120,1,1
liquid100_mat5,any_relevance,2week,XGBoost,Config_A,VPB,D00121,0,1
liquid100_mat5,any_relevance,2week,XGBoost,Config_A,VPB,D00122,0,0
liquid100_mat5,any_relevance,2week,XGBoost,Config_A,VPB,D00123,1,0
liquid100_mat5,any_relevance,2week,XGBoost,Config_A,VPB,D00124,0,1
liquid100_mat5,any_relevance,2week,XGBoost,Config_A,VPB,D00125,0,0
liquid100_mat5,any_relevance,2week,XGBoost,Config_A,VPB,D00126,0,1
liquid100_mat5,any_relevance,2week,XGBoost,Config_A,VPB,D00127,1,0
liquid100_mat5,any_relevance,2week,XGBoost,Config_A,VPB,D00128,0,0
liquid100_mat5,any_relevance,2week,XGBoost,Config_A,VPB,D00129,0,0
liquid100_mat5,any_relevance,2week,XGBoost,Config_A,VPB,D00130,1,1
liquid100_mat5,any_relevance,2week,XGBoost,Config_A,VPB,D00131,0,1
liquid100_mat5,any_relevance,2week,XGBoost,Config_A,VPB,D00132,0,0
liquid100_mat5,any_relevance,2week,XGBoost,Config_A,VPB,D00133,1,0
liquid100_mat5,any_relevance,2week,XGBoost,Config_A,VPB,D00134,0,0
liquid100_mat5,any_relevance,2week,XGBoost,Config_A,VPB,D00135,0,0
liquid100_mat5,any_relevance,2week,XGBoost,Config_A,VPB,D00136,1,0
liquid100_mat5,any_relevance,2week,XGBoost,Config_A,VPB,D00137,1,1
liquid100_mat5,any_relevance,2week,XGBoost,Config_A,VPB,D00138,0,0
liquid100_mat5,any_relevance,2week,XGBoost,Config_A,VPB,D00139,0,1
liquid100_mat5,any_relevance,2week,XGBoost,Config_A,VPB,D00140,0,0
liquid100_mat5,any_relevance,2week,XGBoost,Config_A,VPB,D00141,0,0
liquid100_mat5,any_relevance,2week,XGBoost,Config_A,VPB,D00142,0,0
liquid100_mat5,any_relevance,2week,XGBoost,Config_A,VSC,D00119,1,1
liquid100_mat5,any_relevance,2week,XGBoost,Config_A,VSC,D00120,0,1
liquid100_mat5,any_relevance,2week,XGBoost,Config_A,VSC,D00121,0,1
liquid100_mat5,any_relevance,2week,XGBoost,Config_A,VSC,D00122,0,0
liquid100_mat5,any_relevance,2week,XGBoost,Config_A,VSC,D00123,0,0
liquid100_mat5,any_relevance,2week,XGBoost,Config_A,VSC,D00124,0,1
liquid100_mat5,any_relevance,2week,XGBoost,Config_A,VSC,D00125,0,0
liquid100_mat5,any_relevance,2week,XGBoost,Config_A,VSC,D00126,1,1
liquid100_mat5,any_relevance,2week,XGBoost,Config_A,VSC,D00127,0,1
liquid100_mat5,any_relevance,2week,XGBoost,Config_A,VSC,D00128,0,0
liquid100_mat5,any_relevance,2week,XGBoost,Config_A,VSC,D00129,0,1
liquid100_mat5,any_relevance,2week,XGBoost,Config_A,VSC,D00130,1,0
liquid100_mat5,any_relevance,2week,XGBoost,Config_A,VSC,D00131,0,1
liquid100_mat5,any_relevance,2week,XGBoost,Config_A,VSC,D00132,1,1
liquid100_mat5,any_relevance,2week,XGBoost,Config_A,VSC,D00133,1,1
liquid100_mat5,any_relevance,2week,XGBoost,Config_A,VSC,D00134,0,0
liquid100_mat5,any_relevance,2week,XGBoost,Config_A,VSC,D00135,0,1
liquid100_mat5,any_relevance,2week,XGBoost,Config_A,VSC,D00136,1,1
liquid100_mat5,any_relevance,2week,XGBoost,Config_A,VSC,D00137,0,0
liquid100_mat5,any_relevance,2week,XGBoost,Config_A,VSC,D00138,0,0
liquid100_mat5,any_relevance,2week,XGBoost,Config_A,VSC,D00139,0,0
liquid100_mat5,any_relevance,2week,XGBoost,Config_A,VSC,D00140,0,0
liquid100_mat5,any_relevance,2week,XGBoost,Config_A,VSC,D00141,0,0
liquid100_mat5,any_relevance,2week,XGBoost,Config_A,VSC,D00142,0,0
liquid100_mat5,any_relevance,2week,LightGBM,Config_A,ACB,D00119,1,1
liquid100_mat5,any_relevance,2week,LightGBM,Config_A,ACB,D00120,1,1
liquid100_mat5,any_relevance,2week,LightGBM,Config_A,ACB,D00121,0,1
liquid100_mat5,any_relevance,2week,LightGBM,Config_A,ACB,D00122,0,0
liquid100_mat5,any_relevance,2week,LightGBM,Config_A,ACB,D00123,1,0
liquid100_mat5,any_relevance,2week,LightGBM,Config_A,ACB,D00124,0,0
liquid100_mat5,any_relevance,2week,LightGBM,Config_A,ACB,D00125,0,0
liquid100_mat5,any_relevance,2week,LightGBM,Config_A,ACB,D00126,0,0
liquid100_mat5,any_relevance,2week,LightGBM,Config_A,ACB,D00127,0,0
liquid100_mat5,any_relevance,2week,LightGBM,Config_A,ACB,D00128,0,0
liquid100_mat5,any_relevance,2week,LightGBM,Config_A,ACB,D00129,0,0
liquid100_mat5,any_relevance,2week,LightGBM,Config_A,ACB,D00130,1,1
liquid100_mat5,any_relevance,2week,LightGBM,Config_A,ACB,D00131,0,0
liquid100_mat5,any_relevance,2week,LightGBM,Config_A,ACB,D00132,0,0
liquid100_mat5,any_relevance,2week,LightGBM,Config_A,ACB,D00133,1,1
liquid100_mat5,any_relevance,2week,LightGBM,Config_A,ACB,D00134,0,0
liquid100_mat5,any_relevance,2week,LightGBM,Config_A,ACB,D00135,0,1
liquid100_mat5,any_relevance,2week,LightGBM,Config_A,ACB,D00136,0,0
liquid100_mat5,any_relevance,2week,LightGBM,Config_A,ACB,D00137,0,0
liquid100_mat5,any_relevance,2week,LightGBM,Config_A,ACB,D00138,0,0
liquid100_mat5,any_relevance,2week,LightGBM,Config_A,ACB,D00139,1,0
liquid100_mat5,any_relevance,2week,LightGBM,Config_A,ACB,D00140,1,1
liquid100_mat5,any_relevance,2week,LightGBM,Config_A,ACB,D00141,0,1
liquid100_mat5,any_relevance,2week,LightGBM,Config_A,ACB,D00142,0,0
liquid100_mat5,any_relevance,2week,LightGBM,Config_A,BID,D00119,1,1
liquid100_mat5,any_relevance,2week,LightGBM,Config_A,BID,D00120,1,1
liquid100_mat5,any_relevance,2week,LightGBM,Config_A,BID,D00121,0,0
liquid100_mat5,any_relevance,2week,LightGBM,Config_A,BID,D00122,0,0
liquid100_mat5,any_relevance,2week,LightGBM,Config_A,BID,D00123,0,0
liquid100_mat5,any_relevance,2week,LightGBM,Config_A,BID,D00124,0,0
liquid100_mat5,any_relevance,2week,LightGBM,Config_A,BID,D00125,0,1
liquid100_mat5,any_relevance,2week,LightGBM,Config_A,BID,D00126,0,0
liquid100_mat5,any_relevance,2week,LightGBM,Config_A,BID,D00127,0,0
liquid100_mat5,any_relevance,2week,LightGBM,Config_A,BID,D00128,0,0
liquid100_mat5,any_relevance,2week,LightGBM,Config_A,BID,D00129,1,1
liquid100_mat5,any_relevance,2week,LightGBM,Config_A,BID,D00130,1,1
liquid100_mat5,any_relevance,2week,LightGBM,Config_A,BID,D00131,1,1
liquid100_mat5,any_relevance,2week,LightGBM,Config_A,BID,D00132,0,0
liquid100_mat5,any_relevance,2week,LightGBM,Config_A,BID,D00133,0,0
liquid100_mat5,any_relevance,2week,LightGBM,Config_A,BID,D00134,0,0
liquid100_mat5,any_relevance,2week,LightGBM,Config_A,BID,D00135,0,0
liquid100_mat5,any_relevance,2week,LightGBM,Config_A,BID,D00136,0,0
liquid100_mat5,any_relevance,2week,LightGBM,Config_A,BID,D00137,0,0
liquid100_mat5,any_relevance,2week,LightGBM,Config_A,BID,D00138,1,0
liquid100_mat5,any_relevance,2week,LightGBM,Config_A,BID,D00139,1,1
liquid100_mat5,any_relevance,2week,LightGBM,Config_A,BID,D00140,0,0
liquid100_mat5,any_relevance,2week,LightGBM,Config_A,BID,D00141,0,0
liquid100_mat5,any_relevance,2week,LightGBM,Config_A,BID,D00142,0,0
liquid100_mat5,any_relevance,2week,LightGBM,Config_A,CTG,D00119,1,1
liquid100_mat5,any_relevance,2week,LightGBM,Config_A,CTG,D00120,1,1
liquid100_mat5,any_relevance,2week,LightGBM,Config_A,CTG,D00121,0,0
liquid100_mat5,any_relevance,2week,LightGBM,Config_A,CTG,D00122,0,0
liquid100_mat5,any_relevance,2week,LightGBM,Config_A,CTG,D00123,1,0
liquid100_mat5,any_relevance,2week,LightGBM,Config_A,CTG,D00124,0,0
liquid100_mat5,any_relevance,2week,LightGBM,Config_A,CTG,D00125,0,0
liquid100_mat5,any_relevance,2week,LightGBM,Config_A,CTG,D00126,0,0
liquid100_mat5,any_relevance,2week,LightGBM,Config_A,CTG,D00127,1,0
liquid100_mat5,any_relevance,2week,LightGBM,Config_A,CTG,D00128,0,0
liquid100_mat5,any_relevance,2week,LightGBM,Config_A,CTG,D00129,1,0
liquid100_mat5,any_relevance,2week,LightGBM,Config_A,CTG,D00130,1,1
liquid100_mat5,any_relevance,2week,LightGBM,Config_A,CTG,D00131,0,0
liquid100_mat5,any_relevance,2week,LightGBM,Config_A,CTG,D00132,0,0
liquid100_mat5,any_relevance,2week,LightGBM,Config_A,CTG,D00133,0,0
liquid100_mat5,any_relevance,2week,LightGBM,Config_A,CTG,D00134,0,0
liquid100_mat5,any_relevance,2week,LightGBM,Config_A,CTG,D00135,0,1
liquid100_mat5,any_relevance,2week,LightGBM,Config_A,CTG,D00136,0,0
liquid100_mat5,any_relevance,2week,LightGBM,Config_A,CTG,D00137,0,0
liquid100_mat5,any_relevance,2week,LightGBM,Config_A,CTG,D00138,0,0
liquid100_mat5,any_relevance,2week,LightGBM,Config_A,CTG,D00139,0,0
liquid100_mat5,any_relevance,2week,LightGBM,Config_A,CTG,D00140,0,0
liquid100_mat5,any_relevance,2week,LightGBM,Config_A,CTG,D00141,0,0
liquid100_mat5,any_relevance,2week,LightGBM,Config_A,CTG,D00142,0,0
liquid100_mat5,any_relevance,2week,LightGBM,Config_A,DCM,D00119,1,1
liquid100_mat5,any_relevance,2week,LightGBM,Config_A,DCM,D00120,0,0
liquid100_mat5,any_relevance,2week,LightGBM,Config_A,DCM,D00121,0,0
liquid100_mat5,any_relevance,2week,LightGBM,Config_A,DCM,D00122,0,0
liquid100_mat5,any_relevance,2week,LightGBM,Config_A,DCM,D00123,0,0
liquid100_mat5,any_relevance,2week,LightGBM,Config_A,DCM,D00124,0,0
liquid100_mat5,any_relevance,2week,LightGBM,Config_A,DCM,D00125,0,1
liquid100_mat5,any_relevance,2week,LightGBM,Config_A,DCM,D00126,0,0
liquid100_mat5,any_relevance,2week,LightGBM,Config_A,DCM,D00127,0,0
liquid100_mat5,any_relevance,2week,LightGBM,Config_A,DCM,D00128,0,0
liquid100_mat5,any_relevance,2week,LightGBM,Config_A,DCM,D00129,1,0
liquid100_mat5,any_relevance,2week,LightGBM,Config_A,DCM,D00130,1,1
liquid100_mat5,any_relevance,2week,LightGBM,Config_A,DCM,D00131,1,1
liquid100_mat5,any_relevance,2week,LightGBM,Config_A,DCM,D00132,1,1
liquid100_mat5,any_relevance,2week,LightGBM,Config_A,DCM,D00133,1,0
liquid100_mat5,any_relevance,2week,LightGBM,Config_A,DCM,D00134,1,1
liquid100_mat5,any_relevance,2week,LightGBM,Config_A,DCM,D00135,0,1
liquid100_mat5,any_relevance,2week,LightGBM,Config_A,DCM,D00136,0,1
liquid100_mat5,any_relevance,2week,LightGBM,Config_A,DCM,D00137,0,0
liquid100_mat5,any_relevance,2week,LightGBM,Config_A,DCM,D00138,0,0
liquid100_mat5,any_relevance,2week,LightGBM,Config_A,DCM,D00139,0,0
liquid100_mat5,any_relevance,2week,LightGBM,Config_A,DCM,D00140,0,0
liquid100_mat5,any_relevance,2week,LightGBM,Config_A,DCM,D00141,0,0
liquid100_mat5,any_relevance,2week,LightGBM,Config_A,DCM,D00142,0,0
liquid100_mat5,any_relevance,2week,LightGBM,Config_A,DIG,D00119,1,1
liquid100_mat5,any_relevance,2week,LightGBM,Config_A,DIG,D00120,0,1
liquid100_mat5,any_relevance,2week,LightGBM,Config_A,DIG,D00121,1,1
liquid100_mat5,any_relevance,2week,LightGBM,Config_A,DIG,D00122,0,1
liquid100_mat5,any_relevance,2week,LightGBM,Config_A,DIG,D00123,0,0
liquid100_mat5,any_relevance,2week,LightGBM,Config_A,DIG,D00124,0,1
liquid100_mat5,any_relevance,2week,LightGBM,Config_A,DIG,D00125,0,0
liquid100_mat5,any_relevance,2week,LightGBM,Config_A,DIG,D00126,1,0
liquid100_mat5,any_relevance,2week,LightGBM,Config_A,DIG,D00127,0,0
liquid100_mat5,any_relevance,2week,LightGBM,Config_A,DIG,D00128,0,0
liquid100_mat5,any_relevance,2week,LightGBM,Config_A,DIG,D00129,0,0
liquid100_mat5,any_relevance,2week,LightGBM,Config_A,DIG,D00130,0,0
liquid100_mat5,any_relevance,2week,LightGBM,Config_A,DIG,D00131,0,1
liquid100_mat5,any_relevance,2week,LightGBM,Config_A,DIG,D00132,0,0
liquid100_mat5,any_relevance,2week,LightGBM,Config_A,DIG,D00133,0,1
liquid100_mat5,any_relevance,2week,LightGBM,Config_A,DIG,D00134,0,0
liquid100_mat5,any_relevance,2week,LightGBM,Config_A,DIG,D00135,1,0
liquid100_mat5,any_relevance,2week,LightGBM,Config_A,DIG,D00136,1,1
liquid100_mat5,any_relevance,2week,LightGBM,Config_A,DIG,D00137,0,1
liquid100_mat5,any_relevance,2week,LightGBM,Config_A,DIG,D00138,1,1
liquid100_mat5,any_relevance,2week,LightGBM,Config_A,DIG,D00139,0,1
liquid100_mat5,any_relevance,2week,LightGBM,Config_A,DIG,D00140,0,0
liquid100_mat5,any_relevance,2week,LightGBM,Config_A,DIG,D00141,0,0
liquid100_mat5,any_relevance,2week,LightGBM,Config_A,DIG,D00142,0,0
liquid100_mat5,any_relevance,2week,LightGBM,Config_A,DPM,D00119,1,1
liquid100_mat5,any_relevance,2week,LightGBM,Config_A,DPM,D00120,0,0
liquid100_mat5,any_relevance,2week,LightGBM,Config_A,DPM,D00121,0,1
liquid100_mat5,any_relevance,2week,LightGBM,Config_A,DPM,D00122,0,0
liquid100_mat5,any_relevance,2week,LightGBM,Config_A,DPM,D00123,0,0
liquid100_mat5,any_relevance,2week,LightGBM,Config_A,DPM,D00124,0,0
liquid100_mat5,any_relevance,2week,LightGBM,Config_A,DPM,D00125,0,1
liquid100_mat5,any_relevance,2week,LightGBM,Config_A,DPM,D00126,0,1
liquid100_mat5,any_relevance,2week,LightGBM,Config_A,DPM,D00127,0,0
liquid100_mat5,any_relevance,2week,LightGBM,Config_A,DPM,D00128,0,0
liquid100_mat5,any_relevance,2week,LightGBM,Config_A,DPM,D00129,1,0
liquid100_mat5,any_relevance,2week,LightGBM,Config_A,DPM,D00130,1,1
liquid100_mat5,any_relevance,2week,LightGBM,Config_A,DPM,D00131,0,1
liquid100_mat5,any_relevance,2week,LightGBM,Config_A,DPM,D00132,1,1
liquid100_mat5,any_relevance,2week,LightGBM,Config_A,DPM,D00133,1,0
liquid100_mat5,any_relevance,2week,LightGBM,Config_A,DPM,D00134,1,1
liquid100_mat5,any_relevance,2week,LightGBM,Config_A,DPM,D00135,0,0
liquid100_mat5,any_relevance,2week,LightGBM,Config_A,DPM,D00136,0,0
liquid100_mat5,any_relevance,2week,LightGBM,Config_A,DPM,D00137,0,1
liquid100_mat5,any_relevance,2week,LightGBM,Config_A,DPM,D00138,0,0
liquid100_mat5,any_relevance,2week,LightGBM,Config_A,DPM,D00139,0,1
liquid100_mat5,any_relevance,2week,LightGBM,Config_A,DPM,D00140,0,0
liquid100_mat5,any_relevance,2week,LightGBM,Config_A,DPM,D00141,0,0
liquid100_mat5,any_relevance,2week,LightGBM,Config_A,DPM,D00142,0,0
liquid100_mat5,any_relevance,2week,LightGBM,Config_A,DXG,D00119,1,1
liquid100_mat5,any_relevance,2week,LightGBM,Config_A,DXG,D00120,1,0
liquid100_mat5,any_relevance,2week,LightGBM,Config_A,DXG,D00121,1,1
liquid100_mat5,any_relevance,2week,LightGBM,Config_A,DXG,D00122,0,0
liquid100_mat5,any_relevance,2week,LightGBM,Config_A,DXG,D00123,0,0
liquid100_mat5,any_relevance,2week,LightGBM,Config_A,DXG,D00124,0,1
liquid100_mat5,any_relevance,2week,LightGBM,Config_A,DXG,D00125,0,1
liquid100_mat5,any_relevance,2week,LightGBM,Config_A,DXG,D00126,0,0
liquid100_mat5,any_relevance,2week,LightGBM,Config_A,DXG,D00127,0,0
liquid100_mat5,any_relevance,2week,LightGBM,Config_A,DXG,D00128,0,0
liquid100_mat5,any_relevance,2week,LightGBM,Config_A,DXG,D00129,0,1
liquid100_mat5,any_relevance,2week,LightGBM,Config_A,DXG,D00130,0,0
liquid100_mat5,any_relevance,2week,LightGBM,Config_A,DXG,D00131,0,0
liquid100_mat5,any_relevance,2week,LightGBM,Config_A,DXG,D00132,0,0
liquid100_mat5,any_relevance,2week,LightGBM,Config_A,DXG,D00133,0,1
liquid100_mat5,any_relevance,2week,LightGBM,Config_A,DXG,D00134,0,0
liquid100_mat5,any_relevance,2week,LightGBM,Config_A,DXG,D00135,1,0
liquid100_mat5,any_relevance,2week,LightGBM,Config_A,DXG,D00136,1,1
liquid100_mat5,any_relevance,2week,LightGBM,Config_A,DXG,D00137,0,1
liquid100_mat5,any_relevance,2week,LightGBM,Config_A,DXG,D00138,1,1
liquid100_mat5,any_relevance,2week,LightGBM,Config_A,DXG,D00139,0,1
liquid100_mat5,any_relevance,2week,LightGBM,Config_A,DXG,D00140,0,0
liquid100_mat5,any_relevance,2week,LightGBM,Config_A,DXG,D00141,0,0
liquid100_mat5,any_relevance,2week,LightGBM,Config_A,DXG,D00142,0,0
liquid100_mat5,any_relevance,2week,LightGBM,Config_A,EIB,D00119,1,0
liquid100_mat5,any_relevance,2week,LightGBM,Config_A,EIB,D00120,0,1
liquid100_mat5,any_relevance,2week,LightGBM,Config_A,EIB,D00121,0,1
liquid100_mat5,any_relevance,2week,LightGBM,Config_A,EIB,D00122,0,0
liquid100_mat5,any_relevance,2week,LightGBM,Config_A,EIB,D00123,1,1
liquid100_mat5,any_relevance,2week,LightGBM,Config_A,EIB,D00124,0,0
liquid100_mat5,any_relevance,2week,LightGBM,Config_A,EIB,D00125,0,0
liquid100_mat5,any_relevance,2week,LightGBM,Config_A,EIB,D00126,1,0
liquid100_mat5,any_relevance,2week,LightGBM,Config_A,EIB,D00127,0,1
liquid100_mat5,any_relevance,2week,LightGBM,Config_A,EIB,D00128,0,0
liquid100_mat5,any_relevance,2week,LightGBM,Config_A,EIB,D00129,0,1
liquid100_mat5,any_relevance,2week,LightGBM,Config_A,EIB,D00130,1,1
liquid100_mat5,any_relevance,2week,LightGBM,Config_A,EIB,D00131,0,1
liquid100_mat5,any_relevance,2week,LightGBM,Config_A,EIB,D00132,0,0
liquid100_mat5,any_relevance,2week,LightGBM,Config_A,EIB,D00133,1,1
liquid100_mat5,any_relevance,2week,LightGBM,Config_A,EIB,D00134,0,0
liquid100_mat5,any_relevance,2week,LightGBM,Config_A,EIB,D00135,1,0
liquid100_mat5,any_relevance,2week,LightGBM,Config_A,EIB,D00136,0,1
liquid100_mat5,any_relevance,2week,LightGBM,Config_A,EIB,D00137,0,0
liquid100_mat5,any_relevance,2week,LightGBM,Config_A,EIB,D00138,0,0
liquid100_mat5,any_relevance,2week,LightGBM,Config_A,EIB,D00139,0,0
liquid100_mat5,any_relevance,2week,LightGBM,Config_A,EIB,D00140,0,0
liquid100_mat5,any_relevance,2week,LightGBM,Config_A,EIB,D00141,0,0
liquid100_mat5,any_relevance,2week,LightGBM,Config_A,EIB,D00142,0,0
liquid100_mat5,any_relevance,2week,LightGBM,Config_A,FPT,D00119,0,0
liquid100_mat5,any_relevance,2week,LightGBM,Config_A,FPT,D00120,0,0
liquid100_mat5,any_relevance,2week,LightGBM,Config_A,FPT,D00121,0,1
liquid100_mat5,any_relevance,2week,LightGBM,Config_A,FPT,D00122,0,0
liquid100_mat5,any_relevance,2week,LightGBM,Config_A,FPT,D00123,0,0
liquid100_mat5,any_relevance,2week,LightGBM,Config_A,FPT,D00124,1,0
liquid100_mat5,any_relevance,2week,LightGBM,Config_A,FPT,D00125,1,1
liquid100_mat5,any_relevance,2week,LightGBM,Config_A,FPT,D00126,0,0
liquid100_mat5,any_relevance,2week,LightGBM,Config_A,FPT,D00127,0,0
liquid100_mat5,any_relevance,2week,LightGBM,Config_A,FPT,D00128,0,0
liquid100_mat5,any_relevance,2week,LightGBM,Config_A,FPT,D00129,0,0
liquid100_mat5,any_relevance,2week,LightGBM,Config_A,FPT,D00130,1,0
liquid100_mat5,any_relevance,2week,LightGBM,Config_A,FPT,D00131,0,1
liquid100_mat5,any_relevance,2week,LightGBM,Config_A,FPT,D00132,0,0
liquid100_mat5,any_relevance,2week,LightGBM,Config_A,FPT,D00133,0,0
liquid100_mat5,any_relevance,2week,LightGBM,Config_A,FPT,D00134,0,0
liquid100_mat5,any_relevance,2week,LightGBM,Config_A,FPT,D00135,0,0
liquid100_mat5,any_relevance,2week,LightGBM,Config_A,FPT,D00136,0,1
liquid100_mat5,any_relevance,2week,LightGBM,Config_A,FPT,D00137,0,0
liquid100_mat5,any_relevance,2week,LightGBM,Config_A,FPT,D00138,0,0
liquid100_mat5,any_relevance,2week,LightGBM,Config_A,FPT,D00139,1,0
liquid100_mat5,any_relevance,2week,LightGBM,Config_A,FPT,D00140,0,0
liquid100_mat5,any_relevance,2week,LightGBM,Config_A,FPT,D00141,0,0
liquid100_mat5,any_relevance,2week,LightGBM,Config_A,FPT,D00142,0,0
liquid100_mat5,any_relevance,2week,LightGBM,Config_A,GAS,D00119,1,0
liquid100_mat5,any_relevance,2week,LightGBM,Config_A,GAS,D00120,0,0
liquid100_mat5,any_relevance,2week,LightGBM,Config_A,GAS,D00121,0,0
liquid100_mat5,any_relevance,2week,LightGBM,Config_A,GAS,D00122,0,0
liquid100_mat5,any_relevance,2week,LightGBM,Config_A,GAS,D00123,0,0
liquid100_mat5,any_relevance,2week,LightGBM,Config_A,GAS,D00124,0,0
liquid100_mat5,any_relevance,2week,LightGBM,Config_A,GAS,D00125,1,1
liquid100_mat5,any_relevance,2week,LightGBM,Config_A,GAS,D00126,0,0
liquid100_mat5,any_relevance,2week,LightGBM,Config_A,GAS,D00127,1,0
liquid100_mat5,any_relevance,2week,LightGBM,Config_A,GAS,D00128,0,0
liquid100_mat5,any_relevance,2week,LightGBM,Config_A,GAS,D00129,1,1
liquid100_mat5,any_relevance,2week,LightGBM,Config_A,GAS,D00130,1,1
liquid100_mat5,any_relevance,2week,LightGBM,Config_A,GAS,D00131,1,1
liquid100_mat5,any_relevance,2week,LightGBM,Config_A,GAS,D00132,0,1
liquid100_mat5,any_relevance,2week,LightGBM,Config_A,GAS,D00133,1,0
liquid100_mat5,any_relevance,2week,LightGBM,Config_A,GAS,D00134,0,1
liquid100_mat5,any_relevance,2week,LightGBM,Config_A,GAS,D00135,0,0
liquid100_mat5,any_relevance,2week,LightGBM,Config_A,GAS,D00136,0,0
liquid100_mat5,any_relevance,2week,LightGBM,Config_A,GAS,D00137,0,1
liquid100_mat5,any_relevance,2week,LightGBM,Config_A,GAS,D00138,0,0
liquid100_mat5,any_relevance,2week,LightGBM,Config_A,GAS,D00139,1,1
liquid100_mat5,any_relevance,2week,LightGBM,Config_A,GAS,D00140,0,0
liquid100_mat5,any_relevance,2week,LightGBM,Config_A,GAS,D00141,0,0
liquid100_mat5,any_relevance,2week,LightGBM,Config_A,GAS,D00142,0,0
liquid100_mat5,any_relevance,2week,LightGBM,Config_A,GEX,D00119,0,1
liquid100_mat5,any_relevance,2week,LightGBM,Config_A,GEX,D00120,0,0
liquid100_mat5,any_relevance,2week,LightGBM,Config_A,GEX,D00121,0,0
liquid100_mat5,any_relevance,2week,LightGBM,Config_A,GEX,D00122,0,1
liquid100_mat5,any_relevance,2week,LightGBM,Config_A,GEX,D00123,1,0
liquid100_mat5,any_relevance,2week,LightGBM,Config_A,GEX,D00124,0,1
liquid100_mat5,any_relevance,2week,LightGBM,Config_A,GEX,D00125,0,0
liquid100_mat5,any_relevance,2week,LightGBM,Config_A,GEX,D00126,1,0
liquid100_mat5,any_relevance,2week,LightGBM,Config_A,GEX,D00127,0,1
liquid100_mat5,any_relevance,2week,LightGBM,Config_A,GEX,D00128,0,0
liquid100_mat5,any_relevance,2week,LightGBM,Config_A,GEX,D00129,0,1
liquid100_mat5,any_relevance,2week,LightGBM,Config_A,GEX,D00130,0,0
liquid100_mat5,any_relevance,2week,LightGBM,Config_A,GEX,D00131,0,0
liquid100_mat5,any_relevance,2week,LightGBM,Config_A,GEX,D00132,0,0
liquid100_mat5,any_relevance,2week,LightGBM,Config_A,GEX,D00133,1,1
liquid100_mat5,any_relevance,2week,LightGBM,Config_A,GEX,D00134,0,0
liquid100_mat5,any_relevance,2week,LightGBM,Config_A,GEX,D00135,1,0
liquid100_mat5,any_relevance,2week,LightGBM,Config_A,GEX,D00136,1,1
liquid100_mat5,any_relevance,2week,LightGBM,Config_A,GEX,D00137,0,1
liquid100_mat5,any_relevance,2week,LightGBM,Config_A,GEX,D00138,1,0
liquid100_mat5,any_relevance,2week,LightGBM,Config_A,GEX,D00139,1,1
liquid100_mat5,any_relevance,2week,LightGBM,Config_A,GEX,D00140,0,0
liquid100_mat5,any_relevance,2week,LightGBM,Config_A,GEX,D00141,0,0
liquid100_mat5,any_relevance,2week,LightGBM,Config_A,GEX,D00142,0,0
liquid100_mat5,any_relevance,2week,LightGBM,Config_A,GMD,D00119,1,1
liquid100_mat5,any_relevance,2week,LightGBM,Config_A,GMD,D00120,1,0
liquid100_mat5,any_relevance,2week,LightGBM,Config_A,GMD,D00121,1,1
liquid100_mat5,any_relevance,2week,LightGBM,Config_A,GMD,D00122,0,1
liquid100_mat5,any_relevance,2week,LightGBM,Config_A,GMD,D00123,0,0
liquid100_mat5,any_relevance,2week,LightGBM,Config_A,GMD,D00124,0,0
liquid100_mat5,any_relevance,2week,LightGBM,Config_A,GMD,D00125,0,1
liquid100_mat5,any_relevance,2week,LightGBM,Config_A,GMD,D00126,0,0
liquid100_mat5,any_relevance,2week,LightGBM,Config_A,GMD,D00127,0,0
liquid100_mat5,any_relevance,2week,LightGBM,Config_A,GMD,D00128,0,0
liquid100_mat5,any_relevance,2week,LightGBM,Config_A,GMD,D00129,1,1
liquid100_mat5,any_relevance,2week,LightGBM,Config_A,GMD,D00130,1,1
liquid100_mat5,any_relevance,2week,LightGBM,Config_A,GMD,D00131,1,1
liquid100_mat5,any_relevance,2week,LightGBM,Config_A,GMD,D00132,1,0
liquid100_mat5,any_relevance,2week,LightGBM,Config_A,GMD,D00133,1,1
liquid100_mat5,any_relevance,2week,LightGBM,Config_A,GMD,D00134,0,0
liquid100_mat5,any_relevance,2week,LightGBM,Config_A,GMD,D00135,0,1
liquid100_mat5,any_relevance,2week,LightGBM,Config_A,GMD,D00136,0,0
liquid100_mat5,any_relevance,2week,LightGBM,Config_A,GMD,D00137,1,1
liquid100_mat5,any_relevance,2week,LightGBM,Config_A,GMD,D00138,1,0
liquid100_mat5,any_relevance,2week,LightGBM,Config_A,GMD,D00139,0,1
liquid100_mat5,any_relevance,2week,LightGBM,Config_A,GMD,D00140,0,0
liquid100_mat5,any_relevance,2week,LightGBM,Config_A,GMD,D00141,1,0
liquid100_mat5,any_relevance,2week,LightGBM,Config_A,GMD,D00142,0,0
liquid100_mat5,any_relevance,2week,LightGBM,Config_A,GVR,D00119,1,1
liquid100_mat5,any_relevance,2week,LightGBM,Config_A,GVR,D00120,0,0
liquid100_mat5,any_relevance,2week,LightGBM,Config_A,GVR,D00121,0,0
liquid100_mat5,any_relevance,2week,LightGBM,Config_A,GVR,D00122,0,0
liquid100_mat5,any_relevance,2week,LightGBM,Config_A,GVR,D00123,0,0
liquid100_mat5,any_relevance,2week,LightGBM,Config_A,GVR,D00124,0,0
liquid100_mat5,any_relevance,2week,LightGBM,Config_A,GVR,D00125,1,1
liquid100_mat5,any_relevance,2week,LightGBM,Config_A,GVR,D00126,0,1
liquid100_mat5,any_relevance,2week,LightGBM,Config_A,GVR,D00127,0,0
liquid100_mat5,any_relevance,2week,LightGBM,Config_A,GVR,D00128,0,0
liquid100_mat5,any_relevance,2week,LightGBM,Config_A,GVR,D00129,1,0
liquid100_mat5,any_relevance,2week,LightGBM,Config_A,GVR,D00130,1,1
liquid100_mat5,any_relevance,2week,LightGBM,Config_A,GVR,D00131,1,1
liquid100_mat5,any_relevance,2week,LightGBM,Config_A,GVR,D00132,0,0
liquid100_mat5,any_relevance,2week,LightGBM,Config_A,GVR,D00133,1,0
liquid100_mat5,any_relevance,2week,LightGBM,Config_A,GVR,D00134,0,0
liquid100_mat5,any_relevance,2week,LightGBM,Config_A,GVR,D00135,0,0
liquid100_mat5,any_relevance,2week,LightGBM,Config_A,GVR,D00136,1,1
liquid100_mat5,any_relevance,2week,LightGBM,Config_A,GVR,D00137,0,1
liquid100_mat5,any_relevance,2week,LightGBM,Config_A,GVR,D00138,1,0
liquid100_mat5,any_relevance,2week,LightGBM,Config_A,GVR,D00139,0,0
liquid100_mat5,any_relevance,2week,LightGBM,Config_A,GVR,D00140,0,0
liquid100_mat5,any_relevance,2week,LightGBM,Config_A,GVR,D00141,0,0
liquid100_mat5,any_relevance,2week,LightGBM,Config_A,GVR,D00142,0,0
liquid100_mat5,any_relevance,2week,LightGBM,Config_A,HCM,D00119,1,1
liquid100_mat5,any_relevance,2week,LightGBM,Config_A,HCM,D00120,0,0
liquid100_mat5,any_relevance,2week,LightGBM,Config_A,HCM,D00121,0,1
liquid100_mat5,any_relevance,2week,LightGBM,Config_A,HCM,D00122,0,0
liquid100_mat5,any_relevance,2week,LightGBM,Config_A,HCM,D00123,1,0
liquid100_mat5,any_relevance,2week,LightGBM,Config_A,HCM,D00124,0,0
liquid100_mat5,any_relevance,2week,LightGBM,Config_A,HCM,D00125,0,0
liquid100_mat5,any_relevance,2week,LightGBM,Config_A,HCM,D00126,0,0
liquid100_mat5,any_relevance,2week,LightGBM,Config_A,HCM,D00127,0,0
liquid100_mat5,any_relevance,2week,LightGBM,Config_A,HCM,D00128,0,0
liquid100_mat5,any_relevance,2week,LightGBM,Config_A,HCM,D00129,0,0
liquid100_mat5,any_relevance,2week,LightGBM,Config_A,HCM,D00130,1,0
liquid100_mat5,any_relevance,2week,LightGBM,Config_A,HCM,D00131,0,0
liquid100_mat5,any_relevance,2week,LightGBM,Config_A,HCM,D00132,0,0
liquid100_mat5,any_relevance,2week,LightGBM,Config_A,HCM,D00133,1,1
liquid100_mat5,any_relevance,2week,LightGBM,Config_A,HCM,D00134,0,1
liquid100_mat5,any_relevance,2week,LightGBM,Config_A,HCM,D00135,0,0
liquid100_mat5,any_relevance,2week,LightGBM,Config_A,HCM,D00136,1,1
liquid100_mat5,any_relevance,2week,LightGBM,Config_A,HCM,D00137,1,1
liquid100_mat5,any_relevance,2week,LightGBM,Config_A,HCM,D00138,1,0
liquid100_mat5,any_relevance,2week,LightGBM,Config_A,HCM,D00139,1,1
liquid100_mat5,any_relevance,2week,LightGBM,Config_A,HCM,D00140,0,0
liquid100_mat5,any_relevance,2week,LightGBM,Config_A,HCM,D00141,0,1
liquid100_mat5,any_relevance,2week,LightGBM,Config_A,HCM,D00142,0,0
liquid100_mat5,any_relevance,2week,LightGBM,Config_A,HDB,D00119,1,1
liquid100_mat5,any_relevance,2week,LightGBM,Config_A,HDB,D00120,1,1
liquid100_mat5,any_relevance,2week,LightGBM,Config_A,HDB,D00121,0,0
liquid100_mat5,any_relevance,2week,LightGBM,Config_A,HDB,D00122,0,0
liquid100_mat5,any_relevance,2week,LightGBM,Config_A,HDB,D00123,1,0
liquid100_mat5,any_relevance,2week,LightGBM,Config_A,HDB,D00124,0,1
liquid100_mat5,any_relevance,2week,LightGBM,Config_A,HDB,D00125,0,1
liquid100_mat5,any_relevance,2week,LightGBM,Config_A,HDB,D00126,1,0
liquid100_mat5,any_relevance,2week,LightGBM,Config_A,HDB,D00127,1,0
liquid100_mat5,any_relevance,2week,LightGBM,Config_A,HDB,D00128,1,0
liquid100_mat5,any_relevance,2week,LightGBM,Config_A,HDB,D00129,1,1
liquid100_mat5,any_relevance,2week,LightGBM,Config_A,HDB,D00130,0,0
liquid100_mat5,any_relevance,2week,LightGBM,Config_A,HDB,D00131,0,1
liquid100_mat5,any_relevance,2week,LightGBM,Config_A,HDB,D00132,0,0
liquid100_mat5,any_relevance,2week,LightGBM,Config_A,HDB,D00133,0,1
liquid100_mat5,any_relevance,2week,LightGBM,Config_A,HDB,D00134,0,0
liquid100_mat5,any_relevance,2week,LightGBM,Config_A,HDB,D00135,0,0
liquid100_mat5,any_relevance,2week,LightGBM,Config_A,HDB,D00136,1,0
liquid100_mat5,any_relevance,2week,LightGBM,Config_A,HDB,D00137,1,0
liquid100_mat5,any_relevance,2week,LightGBM,Config_A,HDB,D00138,0,0
liquid100_mat5,any_relevance,2week,LightGBM,Config_A,HDB,D00139,0,1
liquid100_mat5,any_relevance,2week,LightGBM,Config_A,HDB,D00140,0,0
liquid100_mat5,any_relevance,2week,LightGBM,Config_A,HDB,D00141,0,0
liquid100_mat5,any_relevance,2week,LightGBM,Config_A,HDB,D00142,0,0
liquid100_mat5,any_relevance,2week,LightGBM,Config_A,HPG,D00119,1,1
liquid100_mat5,any_relevance,2week,LightGBM,Config_A,HPG,D00120,0,0
liquid100_mat5,any_relevance,2week,LightGBM,Config_A,HPG,D00121,1,1
liquid100_mat5,any_relevance,2week,LightGBM,Config_A,HPG,D00122,0,0
liquid100_mat5,any_relevance,2week,LightGBM,Config_A,HPG,D00123,0,0
liquid100_mat5,any_relevance,2week,LightGBM,Config_A,HPG,D00124,0,0
liquid100_mat5,any_relevance,2week,LightGBM,Config_A,HPG,D00125,0,0
liquid100_mat5,any_relevance,2week,LightGBM,Config_A,HPG,D00126,1,0
liquid100_mat5,any_relevance,2week,LightGBM,Config_A,HPG,D00127,0,0
liquid100_mat5,any_relevance,2week,LightGBM,Config_A,HPG,D00128,0,0
liquid100_mat5,any_relevance,2week,LightGBM,Config_A,HPG,D00129,0,0
liquid100_mat5,any_relevance,2week,LightGBM,Config_A,HPG,D00130,1,0
liquid100_mat5,any_relevance,2week,LightGBM,Config_A,HPG,D00131,0,0
liquid100_mat5,any_relevance,2week,LightGBM,Config_A,HPG,D00132,0,1
liquid100_mat5,any_relevance,2week,LightGBM,Config_A,HPG,D00133,1,0
liquid100_mat5,any_relevance,2week,LightGBM,Config_A,HPG,D00134,0,0
liquid100_mat5,any_relevance,2week,LightGBM,Config_A,HPG,D00135,0,0
liquid100_mat5,any_relevance,2week,LightGBM,Config_A,HPG,D00136,1,1
liquid100_mat5,any_relevance,2week,LightGBM,Config_A,HPG,D00137,0,0
liquid100_mat5,any_relevance,2week,LightGBM,Config_A,HPG,D00138,0,0
liquid100_mat5,any_relevance,2week,LightGBM,Config_A,HPG,D00139,0,0
liquid100_mat5,any_relevance,2week,LightGBM,Config_A,HPG,D00140,0,0
liquid100_mat5,any_relevance,2week,LightGBM,Config_A,HPG,D00141,0,0
liquid100_mat5,any_relevance,2week,LightGBM,Config_A,HPG,D00142,0,0
liquid100_mat5,any_relevance,2week,LightGBM,Config_A,KDH,D00119,1,1
liquid100_mat5,any_relevance,2week,LightGBM,Config_A,KDH,D00120,0,1
liquid100_mat5,any_relevance,2week,LightGBM,Config_A,KDH,D00121,0,1
liquid100_mat5,any_relevance,2week,LightGBM,Config_A,KDH,D00122,0,0
liquid100_mat5,any_relevance,2week,LightGBM,Config_A,KDH,D00123,0,0
liquid100_mat5,any_relevance,2week,LightGBM,Config_A,KDH,D00124,0,1
liquid100_mat5,any_relevance,2week,LightGBM,Config_A,KDH,D00125,1,1
liquid100_mat5,any_relevance,2week,LightGBM,Config_A,KDH,D00126,1,1
liquid100_mat5,any_relevance,2week,LightGBM,Config_A,KDH,D00127,0,0
liquid100_mat5,any_relevance,2week,LightGBM,Config_A,KDH,D00128,0,0
liquid100_mat5,any_relevance,2week,LightGBM,Config_A,KDH,D00129,0,1
liquid100_mat5,any_relevance,2week,LightGBM,Config_A,KDH,D00130,0,0
liquid100_mat5,any_relevance,2week,LightGBM,Config_A,KDH,D00131,0,1
liquid100_mat5,any_relevance,2week,LightGBM,Config_A,KDH,D00132,0,0
liquid100_mat5,any_relevance,2week,LightGBM,Config_A,KDH,D00133,0,1
liquid100_mat5,any_relevance,2week,LightGBM,Config_A,KDH,D00134,0,0
liquid100_mat5,any_relevance,2week,LightGBM,Config_A,KDH,D00135,0,1
liquid100_mat5,any_relevance,2week,LightGBM,Config_A,KDH,D00136,0,1
liquid100_mat5,any_relevance,2week,LightGBM,Config_A,KDH,D00137,0,1
liquid100_mat5,any_relevance,2week,LightGBM,Config_A,KDH,D00138,0,0
liquid100_mat5,any_relevance,2week,LightGBM,Config_A,KDH,D00139,0,0
liquid100_mat5,any_relevance,2week,LightGBM,Config_A,KDH,D00140,0,0
liquid100_mat5,any_relevance,2week,LightGBM,Config_A,KDH,D00141,0,0
liquid100_mat5,any_relevance,2week,LightGBM,Config_A,KDH,D00142,0,0
liquid100_mat5,any_relevance,2week,LightGBM,Config_A,MBB,D00119,1,1
liquid100_mat5,any_relevance,2week,LightGBM,Config_A,MBB,D00120,1,1
liquid100_mat5,any_relevance,2week,LightGBM,Config_A,MBB,D00121,0,1
liquid100_mat5,any_relevance,2week,LightGBM,Config_A,MBB,D00122,0,0
liquid100_mat5,any_relevance,2week,LightGBM,Config_A,MBB,D00123,1,1
liquid100_mat5,any_relevance,2week,LightGBM,Config_A,MBB,D00124,0,0
liquid100_mat5,any_relevance,2week,LightGBM,Config_A,MBB,D00125,0,0
liquid100_mat5,any_relevance,2week,LightGBM,Config_A,MBB,D00126,0,0
liquid100_mat5,any_relevance,2week,LightGBM,Config_A,MBB,D00127,1,0
liquid100_mat5,any_relevance,2week,LightGBM,Config_A,MBB,D00128,0,1
liquid100_mat5,any_relevance,2week,LightGBM,Config_A,MBB,D00129,1,1
liquid100_mat5,any_relevance,2week,LightGBM,Config_A,MBB,D00130,1,1
liquid100_mat5,any_relevance,2week,LightGBM,Config_A,MBB,D00131,0,0
liquid100_mat5,any_relevance,2week,LightGBM,Config_A,MBB,D00132,1,0
liquid100_mat5,any_relevance,2week,LightGBM,Config_A,MBB,D00133,0,0
liquid100_mat5,any_relevance,2week,LightGBM,Config_A,MBB,D00134,0,0
liquid100_mat5,any_relevance,2week,LightGBM,Config_A,MBB,D00135,0,0
liquid100_mat5,any_relevance,2week,LightGBM,Config_A,MBB,D00136,0,0
liquid100_mat5,any_relevance,2week,LightGBM,Config_A,MBB,D00137,0,0
liquid100_mat5,any_relevance,2week,LightGBM,Config_A,MBB,D00138,0,0
liquid100_mat5,any_relevance,2week,LightGBM,Config_A,MBB,D00139,0,0
liquid100_mat5,any_relevance,2week,LightGBM,Config_A,MBB,D00140,0,0
liquid100_mat5,any_relevance,2week,LightGBM,Config_A,MBB,D00141,0,0
liquid100_mat5,any_relevance,2week,LightGBM,Config_A,MBB,D00142,0,0
liquid100_mat5,any_relevance,2week,LightGBM,Config_A,MSB,D00119,1,1
liquid100_mat5,any_relevance,2week,LightGBM,Config_A,MSB,D00120,1,1
liquid100_mat5,any_relevance,2week,LightGBM,Config_A,MSB,D00121,0,1
liquid100_mat5,any_relevance,2week,LightGBM,Config_A,MSB,D00122,0,0
liquid100_mat5,any_relevance,2week,LightGBM,Config_A,MSB,D00123,0,1
liquid100_mat5,any_relevance,2week,LightGBM,Config_A,MSB,D00124,0,0
liquid100_mat5,any_relevance,2week,LightGBM,Config_A,MSB,D00125,0,0
liquid100_mat5,any_relevance,2week,LightGBM,Config_A,MSB,D00126,0,0
liquid100_mat5,any_relevance,2week,LightGBM,Config_A,MSB,D00127,1,1
liquid100_mat5,any_relevance,2week,LightGBM,Config_A,MSB,D00128,0,0
liquid100_mat5,any_relevance,2week,LightGBM,Config_A,MSB,D00129,0,0
liquid100_mat5,any_relevance,2week,LightGBM,Config_A,MSB,D00130,0,1
liquid100_mat5,any_relevance,2week,LightGBM,Config_A,MSB,D00131,0,0
liquid100_mat5,any_relevance,2week,LightGBM,Config_A,MSB,D00132,0,0
liquid100_mat5,any_relevance,2week,LightGBM,Config_A,MSB,D00133,0,0
liquid100_mat5,any_relevance,2week,LightGBM,Config_A,MSB,D00134,0,0
liquid100_mat5,any_relevance,2week,LightGBM,Config_A,MSB,D00135,0,1
liquid100_mat5,any_relevance,2week,LightGBM,Config_A,MSB,D00136,1,1
liquid100_mat5,any_relevance,2week,LightGBM,Config_A,MSB,D00137,1,1
liquid100_mat5,any_relevance,2week,LightGBM,Config_A,MSB,D00138,1,0
liquid100_mat5,any_relevance,2week,LightGBM,Config_A,MSB,D00139,1,1
liquid100_mat5,any_relevance,2week,LightGBM,Config_A,MSB,D00140,0,1
liquid100_mat5,any_relevance,2week,LightGBM,Config_A,MSB,D00141,1,1
liquid100_mat5,any_relevance,2week,LightGBM,Config_A,MSB,D00142,1,1
liquid100_mat5,any_relevance,2week,LightGBM,Config_A,MSN,D00119,1,1
liquid100_mat5,any_relevance,2week,LightGBM,Config_A,MSN,D00120,0,0
liquid100_mat5,any_relevance,2week,LightGBM,Config_A,MSN,D00121,0,1
liquid100_mat5,any_relevance,2week,LightGBM,Config_A,MSN,D00122,0,0
liquid100_mat5,any_relevance,2week,LightGBM,Config_A,MSN,D00123,0,0
liquid100_mat5,any_relevance,2week,LightGBM,Config_A,MSN,D00124,0,1
liquid100_mat5,any_relevance,2week,LightGBM,Config_A,MSN,D00125,0,0
liquid100_mat5,any_relevance,2week,LightGBM,Config_A,MSN,D00126,0,0
liquid100_mat5,any_relevance,2week,LightGBM,Config_A,MSN,D00127,0,1
liquid100_mat5,any_relevance,2week,LightGBM,Config_A,MSN,D00128,0,0
liquid100_mat5,any_relevance,2week,LightGBM,Config_A,MSN,D00129,1,1
liquid100_mat5,any_relevance,2week,LightGBM,Config_A,MSN,D00130,1,0
liquid100_mat5,any_relevance,2week,LightGBM,Config_A,MSN,D00131,0,0
liquid100_mat5,any_relevance,2week,LightGBM,Config_A,MSN,D00132,0,0
liquid100_mat5,any_relevance,2week,LightGBM,Config_A,MSN,D00133,0,0
liquid100_mat5,any_relevance,2week,LightGBM,Config_A,MSN,D00134,0,0
liquid100_mat5,any_relevance,2week,LightGBM,Config_A,MSN,D00135,0,1
liquid100_mat5,any_relevance,2week,LightGBM,Config_A,MSN,D00136,1,1
liquid100_mat5,any_relevance,2week,LightGBM,Config_A,MSN,D00137,0,0
liquid100_mat5,any_relevance,2week,LightGBM,Config_A,MSN,D00138,0,0
liquid100_mat5,any_relevance,2week,LightGBM,Config_A,MSN,D00139,0,0
liquid100_mat5,any_relevance,2week,LightGBM,Config_A,MSN,D00140,0,0
liquid100_mat5,any_relevance,2week,LightGBM,Config_A,MSN,D00141,0,0
liquid100_mat5,any_relevance,2week,LightGBM,Config_A,MSN,D00142,0,0
liquid100_mat5,any_relevance,2week,LightGBM,Config_A,NVL,D00119,1,1
liquid100_mat5,any_relevance,2week,LightGBM,Config_A,NVL,D00120,0,0
liquid100_mat5,any_relevance,2week,LightGBM,Config_A,NVL,D00121,0,1
liquid100_mat5,any_relevance,2week,LightGBM,Config_A,NVL,D00122,0,0
liquid100_mat5,any_relevance,2week,LightGBM,Config_A,NVL,D00123,0,0
liquid100_mat5,any_relevance,2week,LightGBM,Config_A,NVL,D00124,0,1
liquid100_mat5,any_relevance,2week,LightGBM,Config_A,NVL,D00125,0,0
liquid100_mat5,any_relevance,2week,LightGBM,Config_A,NVL,D00126,1,1
liquid100_mat5,any_relevance,2week,LightGBM,Config_A,NVL,D00127,0,0
liquid100_mat5,any_relevance,2week,LightGBM,Config_A,NVL,D00128,0,0
liquid100_mat5,any_relevance,2week,LightGBM,Config_A,NVL,D00129,0,0
liquid100_mat5,any_relevance,2week,LightGBM,Config_A,NVL,D00130,0,0
liquid100_mat5,any_relevance,2week,LightGBM,Config_A,NVL,D00131,0,0
liquid100_mat5,any_relevance,2week,LightGBM,Config_A,NVL,D00132,0,0
liquid100_mat5,any_relevance,2week,LightGBM,Config_A,NVL,D00133,0,0
liquid100_mat5,any_relevance,2week,LightGBM,Config_A,NVL,D00134,0,0
liquid100_mat5,any_relevance,2week,LightGBM,Config_A,NVL,D00135,1,1
liquid100_mat5,any_relevance,2week,LightGBM,Config_A,NVL,D00136,1,0
liquid100_mat5,any_relevance,2week,LightGBM,Config_A,NVL,D00137,1,1
liquid100_mat5,any_relevance,2week,LightGBM,Config_A,NVL,D00138,0,1
liquid100_mat5,any_relevance,2week,LightGBM,Config_A,NVL,D00139,0,1
liquid100_mat5,any_relevance,2week,LightGBM,Config_A,NVL,D00140,0,0
liquid100_mat5,any_relevance,2week,LightGBM,Config_A,NVL,D00141,0,0
liquid100_mat5,any_relevance,2week,LightGBM,Config_A,NVL,D00142,0,0
liquid100_mat5,any_relevance,2week,LightGBM,Config_A,PDR,D00119,1,1
liquid100_mat5,any_relevance,2week,LightGBM,Config_A,PDR,D00120,1,1
liquid100_mat5,any_relevance,2week,LightGBM,Config_A,PDR,D00121,0,1
liquid100_mat5,any_relevance,2week,LightGBM,Config_A,PDR,D00122,0,0
liquid100_mat5,any_relevance,2week,LightGBM,Config_A,PDR,D00123,0,0
liquid100_mat5,any_relevance,2week,LightGBM,Config_A,PDR,D00124,0,1
liquid100_mat5,any_relevance,2week,LightGBM,Config_A,PDR,D00125,0,1
liquid100_mat5,any_relevance,2week,LightGBM,Config_A,PDR,D00126,1,0
liquid100_mat5,any_relevance,2week,LightGBM,Config_A,PDR,D00127,0,1
liquid100_mat5,any_relevance,2week,LightGBM,Config_A,PDR,D00128,0,0
liquid100_mat5,any_relevance,2week,LightGBM,Config_A,PDR,D00129,0,0
liquid100_mat5,any_relevance,2week,LightGBM,Config_A,PDR,D00130,0,0
liquid100_mat5,any_relevance,2week,LightGBM,Config_A,PDR,D00131,0,1
liquid100_mat5,any_relevance,2week,LightGBM,Config_A,PDR,D00132,0,0
liquid100_mat5,any_relevance,2week,LightGBM,Config_A,PDR,D00133,0,0
liquid100_mat5,any_relevance,2week,LightGBM,Config_A,PDR,D00134,0,0
liquid100_mat5,any_relevance,2week,LightGBM,Config_A,PDR,D00135,1,0
liquid100_mat5,any_relevance,2week,LightGBM,Config_A,PDR,D00136,1,1
liquid100_mat5,any_relevance,2week,LightGBM,Config_A,PDR,D00137,0,1
liquid100_mat5,any_relevance,2week,LightGBM,Config_A,PDR,D00138,0,1
liquid100_mat5,any_relevance,2week,LightGBM,Config_A,PDR,D00139,0,0
liquid100_mat5,any_relevance,2week,LightGBM,Config_A,PDR,D00140,0,1
liquid100_mat5,any_relevance,2week,LightGBM,Config_A,PDR,D00141,0,0
liquid100_mat5,any_relevance,2week,LightGBM,Config_A,PDR,D00142,0,0
liquid100_mat5,any_relevance,2week,LightGBM,Config_A,PLX,D00119,1,0
liquid100_mat5,any_relevance,2week,LightGBM,Config_A,PLX,D00120,0,0
liquid100_mat5,any_relevance,2week,LightGBM,Config_A,PLX,D00121,0,0
liquid100_mat5,any_relevance,2week,LightGBM,Config_A,PLX,D00122,0,0
liquid100_mat5,any_relevance,2week,LightGBM,Config_A,PLX,D00123,0,0
liquid100_mat5,any_relevance,2week,LightGBM,Config_A,PLX,D00124,0,0
liquid100_mat5,any_relevance,2week,LightGBM,Config_A,PLX,D00125,0,1
liquid100_mat5,any_relevance,2week,LightGBM,Config_A,PLX,D00126,0,0
liquid100_mat5,any_relevance,2week,LightGBM,Config_A,PLX,D00127,0,0
liquid100_mat5,any_relevance,2week,LightGBM,Config_A,PLX,D00128,0,0
liquid100_mat5,any_relevance,2week,LightGBM,Config_A,PLX,D00129,1,1
liquid100_mat5,any_relevance,2week,LightGBM,Config_A,PLX,D00130,1,1
liquid100_mat5,any_relevance,2week,LightGBM,Config_A,PLX,D00131,1,1
liquid100_mat5,any_relevance,2week,LightGBM,Config_A,PLX,D00132,0,1
liquid100_mat5,any_relevance,2week,LightGBM,Config_A,PLX,D00133,1,0
liquid100_mat5,any_relevance,2week,LightGBM,Config_A,PLX,D00134,0,1
liquid100_mat5,any_relevance,2week,LightGBM,Config_A,PLX,D00135,0,0
liquid100_mat5,any_relevance,2week,LightGBM,Config_A,PLX,D00136,0,0
liquid100_mat5,any_relevance,2week,LightGBM,Config_A,PLX,D00137,0,1
liquid100_mat5,any_relevance,2week,LightGBM,Config_A,PLX,D00138,0,0
liquid100_mat5,any_relevance,2week,LightGBM,Config_A,PLX,D00139,1,0
liquid100_mat5,any_relevance,2week,LightGBM,Config_A,PLX,D00140,0,0
liquid100_mat5,any_relevance,2week,LightGBM,Config_A,PLX,D00141,0,0
liquid100_mat5,any_relevance,2week,LightGBM,Config_A,PLX,D00142,0,0
liquid100_mat5,any_relevance,2week,LightGBM,Config_A,PNJ,D00119,0,1
liquid100_mat5,any_relevance,2week,LightGBM,Config_A,PNJ,D00120,0,0
liquid100_mat5,any_relevance,2week,LightGBM,Config_A,PNJ,D00121,0,1
liquid100_mat5,any_relevance,2week,LightGBM,Config_A,PNJ,D00122,0,0
liquid100_mat5,any_relevance,2week,LightGBM,Config_A,PNJ,D00123,0,0
liquid100_mat5,any_relevance,2week,LightGBM,Config_A,PNJ,D00124,1,1
liquid100_mat5,any_relevance,2week,LightGBM,Config_A,PNJ,D00125,0,0
liquid100_mat5,any_relevance,2week,LightGBM,Config_A,PNJ,D00126,0,0
liquid100_mat5,any_relevance,2week,LightGBM,Config_A,PNJ,D00127,0,0
liquid100_mat5,any_relevance,2week,LightGBM,Config_A,PNJ,D00128,1,0
liquid100_mat5,any_relevance,2week,LightGBM,Config_A,PNJ,D00129,1,1
liquid100_mat5,any_relevance,2week,LightGBM,Config_A,PNJ,D00130,1,1
liquid100_mat5,any_relevance,2week,LightGBM,Config_A,PNJ,D00131,1,1
liquid100_mat5,any_relevance,2week,LightGBM,Config_A,PNJ,D00132,0,0
liquid100_mat5,any_relevance,2week,LightGBM,Config_A,PNJ,D00133,1,1
liquid100_mat5,any_relevance,2week,LightGBM,Config_A,PNJ,D00134,0,0
liquid100_mat5,any_relevance,2week,LightGBM,Config_A,PNJ,D00135,0,0
liquid100_mat5,any_relevance,2week,LightGBM,Config_A,PNJ,D00136,0,0
liquid100_mat5,any_relevance,2week,LightGBM,Config_A,PNJ,D00137,0,1
liquid100_mat5,any_relevance,2week,LightGBM,Config_A,PNJ,D00138,0,0
liquid100_mat5,any_relevance,2week,LightGBM,Config_A,PNJ,D00139,0,0
liquid100_mat5,any_relevance,2week,LightGBM,Config_A,PNJ,D00140,0,0
liquid100_mat5,any_relevance,2week,LightGBM,Config_A,PNJ,D00141,0,0
liquid100_mat5,any_relevance,2week,LightGBM,Config_A,PNJ,D00142,0,0
liquid100_mat5,any_relevance,2week,LightGBM,Config_A,POW,D00119,1,1
liquid100_mat5,any_relevance,2week,LightGBM,Config_A,POW,D00120,1,0
liquid100_mat5,any_relevance,2week,LightGBM,Config_A,POW,D00121,0,1
liquid100_mat5,any_relevance,2week,LightGBM,Config_A,POW,D00122,0,0
liquid100_mat5,any_relevance,2week,LightGBM,Config_A,POW,D00123,0,0
liquid100_mat5,any_relevance,2week,LightGBM,Config_A,POW,D00124,0,0
liquid100_mat5,any_relevance,2week,LightGBM,Config_A,POW,D00125,1,1
liquid100_mat5,any_relevance,2week,LightGBM,Config_A,POW,D00126,1,0
liquid100_mat5,any_relevance,2week,LightGBM,Config_A,POW,D00127,0,0
liquid100_mat5,any_relevance,2week,LightGBM,Config_A,POW,D00128,0,0
liquid100_mat5,any_relevance,2week,LightGBM,Config_A,POW,D00129,1,1
liquid100_mat5,any_relevance,2week,LightGBM,Config_A,POW,D00130,1,1
liquid100_mat5,any_relevance,2week,LightGBM,Config_A,POW,D00131,0,1
liquid100_mat5,any_relevance,2week,LightGBM,Config_A,POW,D00132,0,1
liquid100_mat5,any_relevance,2week,LightGBM,Config_A,POW,D00133,1,0
liquid100_mat5,any_relevance,2week,LightGBM,Config_A,POW,D00134,0,1
liquid100_mat5,any_relevance,2week,LightGBM,Config_A,POW,D00135,0,0
liquid100_mat5,any_relevance,2week,LightGBM,Config_A,POW,D00136,0,0
liquid100_mat5,any_relevance,2week,LightGBM,Config_A,POW,D00137,0,1
liquid100_mat5,any_relevance,2week,LightGBM,Config_A,POW,D00138,1,0
liquid100_mat5,any_relevance,2week,LightGBM,Config_A,POW,D00139,0,0
liquid100_mat5,any_relevance,2week,LightGBM,Config_A,POW,D00140,0,1
liquid100_mat5,any_relevance,2week,LightGBM,Config_A,POW,D00141,1,1
liquid100_mat5,any_relevance,2week,LightGBM,Config_A,POW,D00142,1,1
liquid100_mat5,any_relevance,2week,LightGBM,Config_A,PVT,D00119,1,0
liquid100_mat5,any_relevance,2week,LightGBM,Config_A,PVT,D00120,0,0
liquid100_mat5,any_relevance,2week,LightGBM,Config_A,PVT,D00121,0,1
liquid100_mat5,any_relevance,2week,LightGBM,Config_A,PVT,D00122,0,1
liquid100_mat5,any_relevance,2week,LightGBM,Config_A,PVT,D00123,0,0
liquid100_mat5,any_relevance,2week,LightGBM,Config_A,PVT,D00124,0,0
liquid100_mat5,any_relevance,2week,LightGBM,Config_A,PVT,D00125,1,0
liquid100_mat5,any_relevance,2week,LightGBM,Config_A,PVT,D00126,1,1
liquid100_mat5,any_relevance,2week,LightGBM,Config_A,PVT,D00127,0,0
liquid100_mat5,any_relevance,2week,LightGBM,Config_A,PVT,D00128,0,0
liquid100_mat5,any_relevance,2week,LightGBM,Config_A,PVT,D00129,1,1
liquid100_mat5,any_relevance,2week,LightGBM,Config_A,PVT,D00130,1,1
liquid100_mat5,any_relevance,2week,LightGBM,Config_A,PVT,D00131,1,0
liquid100_mat5,any_relevance,2week,LightGBM,Config_A,PVT,D00132,0,1
liquid100_mat5,any_relevance,2week,LightGBM,Config_A,PVT,D00133,1,0
liquid100_mat5,any_relevance,2week,LightGBM,Config_A,PVT,D00134,1,1
liquid100_mat5,any_relevance,2week,LightGBM,Config_A,PVT,D00135,0,0
liquid100_mat5,any_relevance,2week,LightGBM,Config_A,PVT,D00136,0,0
liquid100_mat5,any_relevance,2week,LightGBM,Config_A,PVT,D00137,1,0
liquid100_mat5,any_relevance,2week,LightGBM,Config_A,PVT,D00138,1,0
liquid100_mat5,any_relevance,2week,LightGBM,Config_A,PVT,D00139,0,1
liquid100_mat5,any_relevance,2week,LightGBM,Config_A,PVT,D00140,0,0
liquid100_mat5,any_relevance,2week,LightGBM,Config_A,PVT,D00141,0,0
liquid100_mat5,any_relevance,2week,LightGBM,Config_A,PVT,D00142,0,1
liquid100_mat5,any_relevance,2week,LightGBM,Config_A,SHB,D00119,1,1
liquid100_mat5,any_relevance,2week,LightGBM,Config_A,SHB,D00120,0,1
liquid100_mat5,any_relevance,2week,LightGBM,Config_A,SHB,D00121,0,1
liquid100_mat5,any_relevance,2week,LightGBM,Config_A,SHB,D00122,0,1
liquid100_mat5,any_relevance,2week,LightGBM,Config_A,SHB,D00123,1,0
liquid100_mat5,any_relevance,2week,LightGBM,Config_A,SHB,D00124,0,1
liquid100_mat5,any_relevance,2week,LightGBM,Config_A,SHB,D00125,0,0
liquid100_mat5,any_relevance,2week,LightGBM,Config_A,SHB,D00126,1,1
liquid100_mat5,any_relevance,2week,LightGBM,Config_A,SHB,D00127,0,0
liquid100_mat5,any_relevance,2week,LightGBM,Config_A,SHB,D00128,0,0
liquid100_mat5,any_relevance,2week,LightGBM,Config_A,SHB,D00129,0,1
liquid100_mat5,any_relevance,2week,LightGBM,Config_A,SHB,D00130,0,1
liquid100_mat5,any_relevance,2week,LightGBM,Config_A,SHB,D00131,0,0
liquid100_mat5,any_relevance,2week,LightGBM,Config_A,SHB,D00132,0,0
liquid100_mat5,any_relevance,2week,LightGBM,Config_A,SHB,D00133,1,0
liquid100_mat5,any_relevance,2week,LightGBM,Config_A,SHB,D00134,0,0
liquid100_mat5,any_relevance,2week,LightGBM,Config_A,SHB,D00135,0,0
liquid100_mat5,any_relevance,2week,LightGBM,Config_A,SHB,D00136,1,0
liquid100_mat5,any_relevance,2week,LightGBM,Config_A,SHB,D00137,0,1
liquid100_mat5,any_relevance,2week,LightGBM,Config_A,SHB,D00138,0,0
liquid100_mat5,any_relevance,2week,LightGBM,Config_A,SHB,D00139,0,0
liquid100_mat5,any_relevance,2week,LightGBM,Config_A,SHB,D00140,0,0
liquid100_mat5,any_relevance,2week,LightGBM,Config_A,SHB,D00141,0,0
liquid100_mat5,any_relevance,2week,LightGBM,Config_A,SHB,D00142,0,0
liquid100_mat5,any_relevance,2week,LightGBM,Config_A,SSI,D00119,1,1
liquid100_mat5,any_relevance,2week,LightGBM,Config_A,SSI,D00120,1,0
liquid100_mat5,any_relevance,2week,LightGBM,Config_A,SSI,D00121,1,1
liquid100_mat5,any_relevance,2week,LightGBM,Config_A,SSI,D00122,0,1
liquid100_mat5,any_relevance,2week,LightGBM,Config_A,SSI,D00123,1,0
liquid100_mat5,any_relevance,2week,LightGBM,Config_A,SSI,D00124,0,1
liquid100_mat5,any_relevance,2week,LightGBM,Config_A,SSI,D00125,0,0
liquid100_mat5,any_relevance,2week,LightGBM,Config_A,SSI,D00126,0,0
liquid100_mat5,any_relevance,2week,LightGBM,Config_A,SSI,D00127,0,0
liquid100_mat5,any_relevance,2week,LightGBM,Config_A,SSI,D00128,1,0
liquid100_mat5,any_relevance,2week,LightGBM,Config_A,SSI,D00129,0,0
liquid100_mat5,any_relevance,2week,LightGBM,Config_A,SSI,D00130,1,0
liquid100_mat5,any_relevance,2week,LightGBM,Config_A,SSI,D00131,0,0
liquid100_mat5,any_relevance,2week,LightGBM,Config_A,SSI,D00132,0,0
liquid100_mat5,any_relevance,2week,LightGBM,Config_A,SSI,D00133,1,0
liquid100_mat5,any_relevance,2week,LightGBM,Config_A,SSI,D00134,0,0
liquid100_mat5,any_relevance,2week,LightGBM,Config_A,SSI,D00135,0,0
liquid100_mat5,any_relevance,2week,LightGBM,Config_A,SSI,D00136,1,1
liquid100_mat5,any_relevance,2week,LightGBM,Config_A,SSI,D00137,0,1
liquid100_mat5,any_relevance,2week,LightGBM,Config_A,SSI,D00138,0,0
liquid100_mat5,any_relevance,2week,LightGBM,Config_A,SSI,D00139,0,0
liquid100_mat5,any_relevance,2week,LightGBM,Config_A,SSI,D00140,0,0
liquid100_mat5,any_relevance,2week,LightGBM,Config_A,SSI,D00141,0,0
liquid100_mat5,any_relevance,2week,LightGBM,Config_A,SSI,D00142,0,0
liquid100_mat5,any_relevance,2week,LightGBM,Config_A,STB,D00119,1,1
liquid100_mat5,any_relevance,2week,LightGBM,Config_A,STB,D00120,0,1
liquid100_mat5,any_relevance,2week,LightGBM,Config_A,STB,D00121,0,0
liquid100_mat5,any_relevance,2week,LightGBM,Config_A,STB,D00122,1,1
liquid100_mat5,any_relevance,2week,LightGBM,Config_A,STB,D00123,1,1
liquid100_mat5,any_relevance,2week,LightGBM,Config_A,STB,D00124,0,0
liquid100_mat5,any_relevance,2week,LightGBM,Config_A,STB,D00125,0,1
liquid100_mat5,any_relevance,2week,LightGBM,Config_A,STB,D00126,0,0
liquid100_mat5,any_relevance,2week,LightGBM,Config_A,STB,D00127,0,0
liquid100_mat5,any_relevance,2week,LightGBM,Config_A,STB,D00128,1,0
liquid100_mat5,any_relevance,2week,LightGBM,Config_A,STB,D00129,1,1
liquid100_mat5,any_relevance,2week,LightGBM,Config_A,STB,D00130,0,0
liquid100_mat5,any_relevance,2week,LightGBM,Config_A,STB,D00131,1,1
liquid100_mat5,any_relevance,2week,LightGBM,Config_A,STB,D00132,0,0
liquid100_mat5,any_relevance,2week,LightGBM,Config_A,STB,D00133,1,1
liquid100_mat5,any_relevance,2week,LightGBM,Config_A,STB,D00134,0,0
liquid100_mat5,any_relevance,2week,LightGBM,Config_A,STB,D00135,0,0
liquid100_mat5,any_relevance,2week,LightGBM,Config_A,STB,D00136,1,0
liquid100_mat5,any_relevance,2week,LightGBM,Config_A,STB,D00137,1,0
liquid100_mat5,any_relevance,2week,LightGBM,Config_A,STB,D00138,1,1
liquid100_mat5,any_relevance,2week,LightGBM,Config_A,STB,D00139,0,1
liquid100_mat5,any_relevance,2week,LightGBM,Config_A,STB,D00140,0,0
liquid100_mat5,any_relevance,2week,LightGBM,Config_A,STB,D00141,1,1
liquid100_mat5,any_relevance,2week,LightGBM,Config_A,STB,D00142,1,0
liquid100_mat5,any_relevance,2week,LightGBM,Config_A,TCB,D00119,1,1
liquid100_mat5,any_relevance,2week,LightGBM,Config_A,TCB,D00120,0,1
liquid100_mat5,any_relevance,2week,LightGBM,Config_A,TCB,D00121,0,1
liquid100_mat5,any_relevance,2week,LightGBM,Config_A,TCB,D00122,0,0
liquid100_mat5,any_relevance,2week,LightGBM,Config_A,TCB,D00123,1,1
liquid100_mat5,any_relevance,2week,LightGBM,Config_A,TCB,D00124,0,1
liquid100_mat5,any_relevance,2week,LightGBM,Config_A,TCB,D00125,0,0
liquid100_mat5,any_relevance,2week,LightGBM,Config_A,TCB,D00126,0,1
liquid100_mat5,any_relevance,2week,LightGBM,Config_A,TCB,D00127,0,0
liquid100_mat5,any_relevance,2week,LightGBM,Config_A,TCB,D00128,0,0
liquid100_mat5,any_relevance,2week,LightGBM,Config_A,TCB,D00129,1,1
liquid100_mat5,any_relevance,2week,LightGBM,Config_A,TCB,D00130,1,1
liquid100_mat5,any_relevance,2week,LightGBM,Config_A,TCB,D00131,0,0
liquid100_mat5,any_relevance,2week,LightGBM,Config_A,TCB,D00132,0,0
liquid100_mat5,any_relevance,2week,LightGBM,Config_A,TCB,D00133,0,0
liquid100_mat5,any_relevance,2week,LightGBM,Config_A,TCB,D00134,0,0
liquid100_mat5,any_relevance,2week,LightGBM,Config_A,TCB,D00135,0,0
liquid100_mat5,any_relevance,2week,LightGBM,Config_A,TCB,D00136,1,1
liquid100_mat5,any_relevance,2week,LightGBM,Config_A,TCB,D00137,1,1
liquid100_mat5,any_relevance,2week,LightGBM,Config_A,TCB,D00138,0,1
liquid100_mat5,any_relevance,2week,LightGBM,Config_A,TCB,D00139,0,0
liquid100_mat5,any_relevance,2week,LightGBM,Config_A,TCB,D00140,0,0
liquid100_mat5,any_relevance,2week,LightGBM,Config_A,TCB,D00141,0,0
liquid100_mat5,any_relevance,2week,LightGBM,Config_A,TCB,D00142,1,1
liquid100_mat5,any_relevance,2week,LightGBM,Config_A,TPB,D00119,1,1
liquid100_mat5,any_relevance,2week,LightGBM,Config_A,TPB,D00120,1,1
liquid100_mat5,any_relevance,2week,LightGBM,Config_A,TPB,D00121,0,1
liquid100_mat5,any_relevance,2week,LightGBM,Config_A,TPB,D00122,0,0
liquid100_mat5,any_relevance,2week,LightGBM,Config_A,TPB,D00123,1,0
liquid100_mat5,any_relevance,2week,LightGBM,Config_A,TPB,D00124,0,1
liquid100_mat5,any_relevance,2week,LightGBM,Config_A,TPB,D00125,0,0
liquid100_mat5,any_relevance,2week,LightGBM,Config_A,TPB,D00126,1,0
liquid100_mat5,any_relevance,2week,LightGBM,Config_A,TPB,D00127,0,0
liquid100_mat5,any_relevance,2week,LightGBM,Config_A,TPB,D00128,0,0
liquid100_mat5,any_relevance,2week,LightGBM,Config_A,TPB,D00129,0,0
liquid100_mat5,any_relevance,2week,LightGBM,Config_A,TPB,D00130,1,1
liquid100_mat5,any_relevance,2week,LightGBM,Config_A,TPB,D00131,0,0
liquid100_mat5,any_relevance,2week,LightGBM,Config_A,TPB,D00132,0,1
liquid100_mat5,any_relevance,2week,LightGBM,Config_A,TPB,D00133,1,0
liquid100_mat5,any_relevance,2week,LightGBM,Config_A,TPB,D00134,0,0
liquid100_mat5,any_relevance,2week,LightGBM,Config_A,TPB,D00135,0,0
liquid100_mat5,any_relevance,2week,LightGBM,Config_A,TPB,D00136,0,0
liquid100_mat5,any_relevance,2week,LightGBM,Config_A,TPB,D00137,0,0
liquid100_mat5,any_relevance,2week,LightGBM,Config_A,TPB,D00138,0,0
liquid100_mat5,any_relevance,2week,LightGBM,Config_A,TPB,D00139,0,0
liquid100_mat5,any_relevance,2week,LightGBM,Config_A,TPB,D00140,0,0
liquid100_mat5,any_relevance,2week,LightGBM,Config_A,TPB,D00141,1,0
liquid100_mat5,any_relevance,2week,LightGBM,Config_A,TPB,D00142,0,0
liquid100_mat5,any_relevance,2week,LightGBM,Config_A,VCB,D00119,1,0
liquid100_mat5,any_relevance,2week,LightGBM,Config_A,VCB,D00120,1,0
liquid100_mat5,any_relevance,2week,LightGBM,Config_A,VCB,D00121,0,1
liquid100_mat5,any_relevance,2week,LightGBM,Config_A,VCB,D00122,0,0
liquid100_mat5,any_relevance,2week,LightGBM,Config_A,VCB,D00123,1,0
liquid100_mat5,any_relevance,2week,LightGBM,Config_A,VCB,D00124,0,0
liquid100_mat5,any_relevance,2week,LightGBM,Config_A,VCB,D00125,0,0
liquid100_mat5,any_relevance,2week,LightGBM,Config_A,VCB,D00126,0,0
liquid100_mat5,any_relevance,2week,LightGBM,Config_A,VCB,D00127,0,0
liquid100_mat5,any_relevance,2week,LightGBM,Config_A,VCB,D00128,0,0
liquid100_mat5,any_relevance,2week,LightGBM,Config_A,VCB,D00129,1,0
liquid100_mat5,any_relevance,2week,LightGBM,Config_A,VCB,D00130,1,1
liquid100_mat5,any_relevance,2week,LightGBM,Config_A,VCB,D00131,0,0
liquid100_mat5,any_relevance,2week,LightGBM,Config_A,VCB,D00132,0,0
liquid100_mat5,any_relevance,2week,LightGBM,Config_A,VCB,D00133,0,0
liquid100_mat5,any_relevance,2week,LightGBM,Config_A,VCB,D00134,0,0
liquid100_mat5,any_relevance,2week,LightGBM,Config_A,VCB,D00135,0,0
liquid100_mat5,any_relevance,2week,LightGBM,Config_A,VCB,D00136,0,0
liquid100_mat5,any_relevance,2week,LightGBM,Config_A,VCB,D00137,0,0
liquid100_mat5,any_relevance,2week,LightGBM,Config_A,VCB,D00138,0,0
liquid100_mat5,any_relevance,2week,LightGBM,Config_A,VCB,D00139,1,0
liquid100_mat5,any_relevance,2week,LightGBM,Config_A,VCB,D00140,0,0
liquid100_mat5,any_relevance,2week,LightGBM,Config_A,VCB,D00141,0,0
liquid100_mat5,any_relevance,2week,LightGBM,Config_A,VCB,D00142,0,0
liquid100_mat5,any_relevance,2week,LightGBM,Config_A,VCG,D00119,1,1
liquid100_mat5,any_relevance,2week,LightGBM,Config_A,VCG,D00120,0,0
liquid100_mat5,any_relevance,2week,LightGBM,Config_A,VCG,D00121,1,1
liquid100_mat5,any_relevance,2week,LightGBM,Config_A,VCG,D00122,1,1
liquid100_mat5,any_relevance,2week,LightGBM,Config_A,VCG,D00123,0,0
liquid100_mat5,any_relevance,2week,LightGBM,Config_A,VCG,D00124,0,1
liquid100_mat5,any_relevance,2week,LightGBM,Config_A,VCG,D00125,0,0
liquid100_mat5,any_relevance,2week,LightGBM,Config_A,VCG,D00126,0,0
liquid100_mat5,any_relevance,2week,LightGBM,Config_A,VCG,D00127,0,0
liquid100_mat5,any_relevance,2week,LightGBM,Config_A,VCG,D00128,0,0
liquid100_mat5,any_relevance,2week,LightGBM,Config_A,VCG,D00129,0,0
liquid100_mat5,any_relevance,2week,LightGBM,Config_A,VCG,D00130,0,0
liquid100_mat5,any_relevance,2week,LightGBM,Config_A,VCG,D00131,0,1
liquid100_mat5,any_relevance,2week,LightGBM,Config_A,VCG,D00132,0,0
liquid100_mat5,any_relevance,2week,LightGBM,Config_A,VCG,D00133,1,0
liquid100_mat5,any_relevance,2week,LightGBM,Config_A,VCG,D00134,1,0
liquid100_mat5,any_relevance,2week,LightGBM,Config_A,VCG,D00135,0,1
liquid100_mat5,any_relevance,2week,LightGBM,Config_A,VCG,D00136,0,1
liquid100_mat5,any_relevance,2week,LightGBM,Config_A,VCG,D00137,0,1
liquid100_mat5,any_relevance,2week,LightGBM,Config_A,VCG,D00138,0,0
liquid100_mat5,any_relevance,2week,LightGBM,Config_A,VCG,D00139,0,0
liquid100_mat5,any_relevance,2week,LightGBM,Config_A,VCG,D00140,0,0
liquid100_mat5,any_relevance,2week,LightGBM,Config_A,VCG,D00141,0,0
liquid100_mat5,any_relevance,2week,LightGBM,Config_A,VCG,D00142,1,0
liquid100_mat5,any_relevance,2week,LightGBM,Config_A,VCI,D00119,1,1
liquid100_mat5,any_relevance,2week,LightGBM,Config_A,VCI,D00120,0,1
liquid100_mat5,any_relevance,2week,LightGBM,Config_A,VCI,D00121,0,1
liquid100_mat5,any_relevance,2week,LightGBM,Config_A,VCI,D00122,0,0
liquid100_mat5,any_relevance,2week,LightGBM,Config_A,VCI,D00123,0,0
liquid100_mat5,any_relevance,2week,LightGBM,Config_A,VCI,D00124,0,0
liquid100_mat5,any_relevance,2week,LightGBM,Config_A,VCI,D00125,0,0
liquid100_mat5,any_relevance,2week,LightGBM,Config_A,VCI,D00126,0,1
liquid100_mat5,any_relevance,2week,LightGBM,Config_A,VCI,D00127,0,0
liquid100_mat5,any_relevance,2week,LightGBM,Config_A,VCI,D00128,0,0
liquid100_mat5,any_relevance,2week,LightGBM,Config_A,VCI,D00129,0,1
liquid100_mat5,any_relevance,2week,LightGBM,Config_A,VCI,D00130,1,0
liquid100_mat5,any_relevance,2week,LightGBM,Config_A,VCI,D00131,1,0
liquid100_mat5,any_relevance,2week,LightGBM,Config_A,VCI,D00132,0,0
liquid100_mat5,any_relevance,2week,LightGBM,Config_A,VCI,D00133,1,1
liquid100_mat5,any_relevance,2week,LightGBM,Config_A,VCI,D00134,0,1
liquid100_mat5,any_relevance,2week,LightGBM,Config_A,VCI,D00135,0,0
liquid100_mat5,any_relevance,2week,LightGBM,Config_A,VCI,D00136,1,0
liquid100_mat5,any_relevance,2week,LightGBM,Config_A,VCI,D00137,0,1
liquid100_mat5,any_relevance,2week,LightGBM,Config_A,VCI,D00138,0,0
liquid100_mat5,any_relevance,2week,LightGBM,Config_A,VCI,D00139,0,1
liquid100_mat5,any_relevance,2week,LightGBM,Config_A,VCI,D00140,0,0
liquid100_mat5,any_relevance,2week,LightGBM,Config_A,VCI,D00141,0,0
liquid100_mat5,any_relevance,2week,LightGBM,Config_A,VCI,D00142,0,0
liquid100_mat5,any_relevance,2week,LightGBM,Config_A,VHM,D00119,0,0
liquid100_mat5,any_relevance,2week,LightGBM,Config_A,VHM,D00120,1,1
liquid100_mat5,any_relevance,2week,LightGBM,Config_A,VHM,D00121,0,0
liquid100_mat5,any_relevance,2week,LightGBM,Config_A,VHM,D00122,0,0
liquid100_mat5,any_relevance,2week,LightGBM,Config_A,VHM,D00123,1,0
liquid100_mat5,any_relevance,2week,LightGBM,Config_A,VHM,D00124,0,1
liquid100_mat5,any_relevance,2week,LightGBM,Config_A,VHM,D00125,0,0
liquid100_mat5,any_relevance,2week,LightGBM,Config_A,VHM,D00126,1,0
liquid100_mat5,any_relevance,2week,LightGBM,Config_A,VHM,D00127,1,1
liquid100_mat5,any_relevance,2week,LightGBM,Config_A,VHM,D00128,0,0
liquid100_mat5,any_relevance,2week,LightGBM,Config_A,VHM,D00129,1,1
liquid100_mat5,any_relevance,2week,LightGBM,Config_A,VHM,D00130,0,1
liquid100_mat5,any_relevance,2week,LightGBM,Config_A,VHM,D00131,0,0
liquid100_mat5,any_relevance,2week,LightGBM,Config_A,VHM,D00132,0,0
liquid100_mat5,any_relevance,2week,LightGBM,Config_A,VHM,D00133,0,1
liquid100_mat5,any_relevance,2week,LightGBM,Config_A,VHM,D00134,0,0
liquid100_mat5,any_relevance,2week,LightGBM,Config_A,VHM,D00135,1,1
liquid100_mat5,any_relevance,2week,LightGBM,Config_A,VHM,D00136,1,1
liquid100_mat5,any_relevance,2week,LightGBM,Config_A,VHM,D00137,1,1
liquid100_mat5,any_relevance,2week,LightGBM,Config_A,VHM,D00138,1,0
liquid100_mat5,any_relevance,2week,LightGBM,Config_A,VHM,D00139,0,1
liquid100_mat5,any_relevance,2week,LightGBM,Config_A,VHM,D00140,0,0
liquid100_mat5,any_relevance,2week,LightGBM,Config_A,VHM,D00141,0,0
liquid100_mat5,any_relevance,2week,LightGBM,Config_A,VHM,D00142,1,1
liquid100_mat5,any_relevance,2week,LightGBM,Config_A,VIB,D00119,1,1
liquid100_mat5,any_relevance,2week,LightGBM,Config_A,VIB,D00120,1,1
liquid100_mat5,any_relevance,2week,LightGBM,Config_A,VIB,D00121,0,0
liquid100_mat5,any_relevance,2week,LightGBM,Config_A,VIB,D00122,0,0
liquid100_mat5,any_relevance,2week,LightGBM,Config_A,VIB,D00123,0,0
liquid100_mat5,any_relevance,2week,LightGBM,Config_A,VIB,D00124,0,0
liquid100_mat5,any_relevance,2week,LightGBM,Config_A,VIB,D00125,0,0
liquid100_mat5,any_relevance,2week,LightGBM,Config_A,VIB,D00126,0,1
liquid100_mat5,any_relevance,2week,LightGBM,Config_A,VIB,D00127,0,0
liquid100_mat5,any_relevance,2week,LightGBM,Config_A,VIB,D00128,0,0
liquid100_mat5,any_relevance,2week,LightGBM,Config_A,VIB,D00129,0,1
liquid100_mat5,any_relevance,2week,LightGBM,Config_A,VIB,D00130,1,0
liquid100_mat5,any_relevance,2week,LightGBM,Config_A,VIB,D00131,0,0
liquid100_mat5,any_relevance,2week,LightGBM,Config_A,VIB,D00132,0,0
liquid100_mat5,any_relevance,2week,LightGBM,Config_A,VIB,D00133,0,1
liquid100_mat5,any_relevance,2week,LightGBM,Config_A,VIB,D00134,0,0
liquid100_mat5,any_relevance,2week,LightGBM,Config_A,VIB,D00135,0,1
liquid100_mat5,any_relevance,2week,LightGBM,Config_A,VIB,D00136,0,0
liquid100_mat5,any_relevance,2week,LightGBM,Config_A,VIB,D00137,0,0
liquid100_mat5,any_relevance,2week,LightGBM,Config_A,VIB,D00138,0,0
liquid100_mat5,any_relevance,2week,LightGBM,Config_A,VIB,D00139,0,0
liquid100_mat5,any_relevance,2week,LightGBM,Config_A,VIB,D00140,0,1
liquid100_mat5,any_relevance,2week,LightGBM,Config_A,VIB,D00141,0,0
liquid100_mat5,any_relevance,2week,LightGBM,Config_A,VIB,D00142,0,0
liquid100_mat5,any_relevance,2week,LightGBM,Config_A,VIC,D00119,1,1
liquid100_mat5,any_relevance,2week,LightGBM,Config_A,VIC,D00120,1,1
liquid100_mat5,any_relevance,2week,LightGBM,Config_A,VIC,D00121,1,0
liquid100_mat5,any_relevance,2week,LightGBM,Config_A,VIC,D00122,1,1
liquid100_mat5,any_relevance,2week,LightGBM,Config_A,VIC,D00123,1,1
liquid100_mat5,any_relevance,2week,LightGBM,Config_A,VIC,D00124,1,1
liquid100_mat5,any_relevance,2week,LightGBM,Config_A,VIC,D00125,0,0
liquid100_mat5,any_relevance,2week,LightGBM,Config_A,VIC,D00126,1,1
liquid100_mat5,any_relevance,2week,LightGBM,Config_A,VIC,D00127,1,1
liquid100_mat5,any_relevance,2week,LightGBM,Config_A,VIC,D00128,1,0
liquid100_mat5,any_relevance,2week,LightGBM,Config_A,VIC,D00129,1,0
liquid100_mat5,any_relevance,2week,LightGBM,Config_A,VIC,D00130,0,1
liquid100_mat5,any_relevance,2week,LightGBM,Config_A,VIC,D00131,0,0
liquid100_mat5,any_relevance,2week,LightGBM,Config_A,VIC,D00132,1,0
liquid100_mat5,any_relevance,2week,LightGBM,Config_A,VIC,D00133,1,1
liquid100_mat5,any_relevance,2week,LightGBM,Config_A,VIC,D00134,0,0
liquid100_mat5,any_relevance,2week,LightGBM,Config_A,VIC,D00135,0,0
liquid100_mat5,any_relevance,2week,LightGBM,Config_A,VIC,D00136,1,1
liquid100_mat5,any_relevance,2week,LightGBM,Config_A,VIC,D00137,1,1
liquid100_mat5,any_relevance,2week,LightGBM,Config_A,VIC,D00138,1,1
liquid100_mat5,any_relevance,2week,LightGBM,Config_A,VIC,D00139,0,1
liquid100_mat5,any_relevance,2week,LightGBM,Config_A,VIC,D00140,0,0
liquid100_mat5,any_relevance,2week,LightGBM,Config_A,VIC,D00141,1,0
liquid100_mat5,any_relevance,2week,LightGBM,Config_A,VIC,D00142,1,1
liquid100_mat5,any_relevance,2week,LightGBM,Config_A,VJC,D00119,1,1
liquid100_mat5,any_relevance,2week,LightGBM,Config_A,VJC,D00120,1,1
liquid100_mat5,any_relevance,2week,LightGBM,Config_A,VJC,D00121,0,0
liquid100_mat5,any_relevance,2week,LightGBM,Config_A,VJC,D00122,0,0
liquid100_mat5,any_relevance,2week,LightGBM,Config_A,VJC,D00123,1,0
liquid100_mat5,any_relevance,2week,LightGBM,Config_A,VJC,D00124,1,1
liquid100_mat5,any_relevance,2week,LightGBM,Config_A,VJC,D00125,0,1
liquid100_mat5,any_relevance,2week,LightGBM,Config_A,VJC,D00126,1,0
liquid100_mat5,any_relevance,2week,LightGBM,Config_A,VJC,D00127,1,1
liquid100_mat5,any_relevance,2week,LightGBM,Config_A,VJC,D00128,0,0
liquid100_mat5,any_relevance,2week,LightGBM,Config_A,VJC,D00129,1,1
liquid100_mat5,any_relevance,2week,LightGBM,Config_A,VJC,D00130,0,0
liquid100_mat5,any_relevance,2week,LightGBM,Config_A,VJC,D00131,0,0
liquid100_mat5,any_relevance,2week,LightGBM,Config_A,VJC,D00132,0,0
liquid100_mat5,any_relevance,2week,LightGBM,Config_A,VJC,D00133,1,0
liquid100_mat5,any_relevance,2week,LightGBM,Config_A,VJC,D00134,0,0
liquid100_mat5,any_relevance,2week,LightGBM,Config_A,VJC,D00135,0,0
liquid100_mat5,any_relevance,2week,LightGBM,Config_A,VJC,D00136,1,1
liquid100_mat5,any_relevance,2week,LightGBM,Config_A,VJC,D00137,1,1
liquid100_mat5,any_relevance,2week,LightGBM,Config_A,VJC,D00138,0,0
liquid100_mat5,any_relevance,2week,LightGBM,Config_A,VJC,D00139,0,0
liquid100_mat5,any_relevance,2week,LightGBM,Config_A,VJC,D00140,1,0
liquid100_mat5,any_relevance,2week,LightGBM,Config_A,VJC,D00141,1,0
liquid100_mat5,any_relevance,2week,LightGBM,Config_A,VJC,D00142,0,0
liquid100_mat5,any_relevance,2week,LightGBM,Config_A,VND,D00119,1,1
liquid100_mat5,any_relevance,2week,LightGBM,Config_A,VND,D00120,0,0
liquid100_mat5,any_relevance,2week,LightGBM,Config_A,VND,D00121,0,1
liquid100_mat5,any_relevance,2week,LightGBM,Config_A,VND,D00122,0,0
liquid100_mat5,any_relevance,2week,LightGBM,Config_A,VND,D00123,1,0
liquid100_mat5,any_relevance,2week,LightGBM,Config_A,VND,D00124,0,1
liquid100_mat5,any_relevance,2week,LightGBM,Config_A,VND,D00125,0,0
liquid100_mat5,any_relevance,2week,LightGBM,Config_A,VND,D00126,0,0
liquid100_mat5,any_relevance,2week,LightGBM,Config_A,VND,D00127,0,0
liquid100_mat5,any_relevance,2week,LightGBM,Config_A,VND,D00128,1,0
liquid100_mat5,any_relevance,2week,LightGBM,Config_A,VND,D00129,0,1
liquid100_mat5,any_relevance,2week,LightGBM,Config_A,VND,D00130,1,1
liquid100_mat5,any_relevance,2week,LightGBM,Config_A,VND,D00131,0,0
liquid100_mat5,any_relevance,2week,LightGBM,Config_A,VND,D00132,0,0
liquid100_mat5,any_relevance,2week,LightGBM,Config_A,VND,D00133,1,1
liquid100_mat5,any_relevance,2week,LightGBM,Config_A,VND,D00134,0,1
liquid100_mat5,any_relevance,2week,LightGBM,Config_A,VND,D00135,0,0
liquid100_mat5,any_relevance,2week,LightGBM,Config_A,VND,D00136,1,1
liquid100_mat5,any_relevance,2week,LightGBM,Config_A,VND,D00137,0,1
liquid100_mat5,any_relevance,2week,LightGBM,Config_A,VND,D00138,0,0
liquid100_mat5,any_relevance,2week,LightGBM,Config_A,VND,D00139,1,0
liquid100_mat5,any_relevance,2week,LightGBM,Config_A,VND,D00140,1,1
liquid100_mat5,any_relevance,2week,LightGBM,Config_A,VND,D00141,1,0
liquid100_mat5,any_relevance,2week,LightGBM,Config_A,VND,D00142,0,0
liquid100_mat5,any_relevance,2week,LightGBM,Config_A,VNM,D00119,0,0
liquid100_mat5,any_relevance,2week,LightGBM,Config_A,VNM,D00120,0,0
liquid100_mat5,any_relevance,2week,LightGBM,Config_A,VNM,D00121,1,1
liquid100_mat5,any_relevance,2week,LightGBM,Config_A,VNM,D00122,0,0
liquid100_mat5,any_relevance,2week,LightGBM,Config_A,VNM,D00123,1,0
liquid100_mat5,any_relevance,2week,LightGBM,Config_A,VNM,D00124,0,1
liquid100_mat5,any_relevance,2week,LightGBM,Config_A,VNM,D00125,1,0
liquid100_mat5,any_relevance,2week,LightGBM,Config_A,VNM,D00126,1,1
liquid100_mat5,any_relevance,2week,LightGBM,Config_A,VNM,D00127,1,0
liquid100_mat5,any_relevance,2week,LightGBM,Config_A,VNM,D00128,0,0
liquid100_mat5,any_relevance,2week,LightGBM,Config_A,VNM,D00129,0,0
liquid100_mat5,any_relevance,2week,LightGBM,Config_A,VNM,D00130,1,0
liquid100_mat5,any_relevance,2week,LightGBM,Config_A,VNM,D00131,1,1
liquid100_mat5,any_relevance,2week,LightGBM,Config_A,VNM,D00132,0,0
liquid100_mat5,any_relevance,2week,LightGBM,Config_A,VNM,D00133,0,0
liquid100_mat5,any_relevance,2week,LightGBM,Config_A,VNM,D00134,0,0
liquid100_mat5,any_relevance,2week,LightGBM,Config_A,VNM,D00135,0,0
liquid100_mat5,any_relevance,2week,LightGBM,Config_A,VNM,D00136,0,0
liquid100_mat5,any_relevance,2week,LightGBM,Config_A,VNM,D00137,0,0
liquid100_mat5,any_relevance,2week,LightGBM,Config_A,VNM,D00138,0,0
liquid100_mat5,any_relevance,2week,LightGBM,Config_A,VNM,D00139,0,0
liquid100_mat5,any_relevance,2week,LightGBM,Config_A,VNM,D00140,0,0
liquid100_mat5,any_relevance,2week,LightGBM,Config_A,VNM,D00141,0,0
liquid100_mat5,any_relevance,2week,LightGBM,Config_A,VNM,D00142,0,0
liquid100_mat5,any_relevance,2week,LightGBM,Config_A,VPB,D00119,1,1
liquid100_mat5,any_relevance,2week,LightGBM,Config_A,VPB,D00120,1,1
liquid100_mat5,any_relevance,2week,LightGBM,Config_A,VPB,D00121,0,1
liquid100_mat5,any_relevance,2week,LightGBM,Config_A,VPB,D00122,0,0
liquid100_mat5,any_relevance,2week,LightGBM,Config_A,VPB,D00123,1,0
liquid100_mat5,any_relevance,2week,LightGBM,Config_A,VPB,D00124,0,1
liquid100_mat5,any_relevance,2week,LightGBM,Config_A,VPB,D00125,0,0
liquid100_mat5,any_relevance,2week,LightGBM,Config_A,VPB,D00126,0,0
liquid100_mat5,any_relevance,2week,LightGBM,Config_A,VPB,D00127,1,0
liquid100_mat5,any_relevance,2week,LightGBM,Config_A,VPB,D00128,0,0
liquid100_mat5,any_relevance,2week,LightGBM,Config_A,VPB,D00129,0,1
liquid100_mat5,any_relevance,2week,LightGBM,Config_A,VPB,D00130,1,1
liquid100_mat5,any_relevance,2week,LightGBM,Config_A,VPB,D00131,0,0
liquid100_mat5,any_relevance,2week,LightGBM,Config_A,VPB,D00132,0,0
liquid100_mat5,any_relevance,2week,LightGBM,Config_A,VPB,D00133,1,1
liquid100_mat5,any_relevance,2week,LightGBM,Config_A,VPB,D00134,0,0
liquid100_mat5,any_relevance,2week,LightGBM,Config_A,VPB,D00135,0,0
liquid100_mat5,any_relevance,2week,LightGBM,Config_A,VPB,D00136,1,0
liquid100_mat5,any_relevance,2week,LightGBM,Config_A,VPB,D00137,1,1
liquid100_mat5,any_relevance,2week,LightGBM,Config_A,VPB,D00138,0,0
liquid100_mat5,any_relevance,2week,LightGBM,Config_A,VPB,D00139,0,1
liquid100_mat5,any_relevance,2week,LightGBM,Config_A,VPB,D00140,0,0
liquid100_mat5,any_relevance,2week,LightGBM,Config_A,VPB,D00141,0,0
liquid100_mat5,any_relevance,2week,LightGBM,Config_A,VPB,D00142,0,0
liquid100_mat5,any_relevance,2week,LightGBM,Config_A,VSC,D00119,1,1
liquid100_mat5,any_relevance,2week,LightGBM,Config_A,VSC,D00120,0,1
liquid100_mat5,any_relevance,2week,LightGBM,Config_A,VSC,D00121,0,1
liquid100_mat5,any_relevance,2week,LightGBM,Config_A,VSC,D00122,0,0
liquid100_mat5,any_relevance,2week,LightGBM,Config_A,VSC,D00123,0,0
liquid100_mat5,any_relevance,2week,LightGBM,Config_A,VSC,D00124,0,1
liquid100_mat5,any_relevance,2week,LightGBM,Config_A,VSC,D00125,0,1
liquid100_mat5,any_relevance,2week,LightGBM,Config_A,VSC,D00126,1,1
liquid100_mat5,any_relevance,2week,LightGBM,Config_A,VSC,D00127,0,1
liquid100_mat5,any_relevance,2week,LightGBM,Config_A,VSC,D00128,0,0
liquid100_mat5,any_relevance,2week,LightGBM,Config_A,VSC,D00129,0,1
liquid100_mat5,any_relevance,2week,LightGBM,Config_A,VSC,D00130,1,1
liquid100_mat5,any_relevance,2week,LightGBM,Config_A,VSC,D00131,0,1
liquid100_mat5,any_relevance,2week,LightGBM,Config_A,VSC,D00132,1,1
liquid100_mat5,any_relevance,2week,LightGBM,Config_A,VSC,D00133,1,1
liquid100_mat5,any_relevance,2week,LightGBM,Config_A,VSC,D00134,0,0
liquid100_mat5,any_relevance,2week,LightGBM,Config_A,VSC,D00135,0,1
liquid100_mat5,any_relevance,2week,LightGBM,Config_A,VSC,D00136,1,1
liquid100_mat5,any_relevance,2week,LightGBM,Config_A,VSC,D00137,0,0
liquid100_mat5,any_relevance,2week,LightGBM,Config_A,VSC,D00138,0,0
liquid100_mat5,any_relevance,2week,LightGBM,Config_A,VSC,D00139,0,0
liquid100_mat5,any_relevance,2week,LightGBM,Config_A,VSC,D00140,0,0
liquid100_mat5,any_relevance,2week,LightGBM,Config_A,VSC,D00141,0,0
liquid100_mat5,any_relevance,2week,LightGBM,Config_A,VSC,D00142,0,0
liquid100_mat5,any_relevance,2week,Logistic_Regression,Config_LLM,ACB,D00119,1,0
liquid100_mat5,any_relevance,2week,Logistic_Regression,Config_LLM,ACB,D00120,1,0
liquid100_mat5,any_relevance,2week,Logistic_Regression,Config_LLM,ACB,D00121,0,0
liquid100_mat5,any_relevance,2week,Logistic_Regression,Config_LLM,ACB,D00122,0,1
liquid100_mat5,any_relevance,2week,Logistic_Regression,Config_LLM,ACB,D00123,1,0
liquid100_mat5,any_relevance,2week,Logistic_Regression,Config_LLM,ACB,D00124,0,1
liquid100_mat5,any_relevance,2week,Logistic_Regression,Config_LLM,ACB,D00125,0,1
liquid100_mat5,any_relevance,2week,Logistic_Regression,Config_LLM,ACB,D00126,0,0
liquid100_mat5,any_relevance,2week,Logistic_Regression,Config_LLM,ACB,D00127,0,1
liquid100_mat5,any_relevance,2week,Logistic_Regression,Config_LLM,ACB,D00128,0,1
liquid100_mat5,any_relevance,2week,Logistic_Regression,Config_LLM,ACB,D00129,0,1
liquid100_mat5,any_relevance,2week,Logistic_Regression,Config_LLM,ACB,D00130,1,1
liquid100_mat5,any_relevance,2week,Logistic_Regression,Config_LLM,ACB,D00131,0,0
liquid100_mat5,any_relevance,2week,Logistic_Regression,Config_LLM,ACB,D00132,0,0
liquid100_mat5,any_relevance,2week,Logistic_Regression,Config_LLM,ACB,D00133,1,1
liquid100_mat5,any_relevance,2week,Logistic_Regression,Config_LLM,ACB,D00134,0,1
liquid100_mat5,any_relevance,2week,Logistic_Regression,Config_LLM,ACB,D00135,0,0
liquid100_mat5,any_relevance,2week,Logistic_Regression,Config_LLM,ACB,D00136,0,0
liquid100_mat5,any_relevance,2week,Logistic_Regression,Config_LLM,ACB,D00137,0,0
liquid100_mat5,any_relevance,2week,Logistic_Regression,Config_LLM,ACB,D00138,0,0
liquid100_mat5,any_relevance,2week,Logistic_Regression,Config_LLM,ACB,D00139,1,0
liquid100_mat5,any_relevance,2week,Logistic_Regression,Config_LLM,ACB,D00140,1,0
liquid100_mat5,any_relevance,2week,Logistic_Regression,Config_LLM,ACB,D00141,0,0
liquid100_mat5,any_relevance,2week,Logistic_Regression,Config_LLM,ACB,D00142,0,0
liquid100_mat5,any_relevance,2week,Logistic_Regression,Config_LLM,BID,D00119,1,0
liquid100_mat5,any_relevance,2week,Logistic_Regression,Config_LLM,BID,D00120,1,0
liquid100_mat5,any_relevance,2week,Logistic_Regression,Config_LLM,BID,D00121,0,0
liquid100_mat5,any_relevance,2week,Logistic_Regression,Config_LLM,BID,D00122,0,0
liquid100_mat5,any_relevance,2week,Logistic_Regression,Config_LLM,BID,D00123,0,0
liquid100_mat5,any_relevance,2week,Logistic_Regression,Config_LLM,BID,D00124,0,0
liquid100_mat5,any_relevance,2week,Logistic_Regression,Config_LLM,BID,D00125,0,0
liquid100_mat5,any_relevance,2week,Logistic_Regression,Config_LLM,BID,D00126,0,0
liquid100_mat5,any_relevance,2week,Logistic_Regression,Config_LLM,BID,D00127,0,1
liquid100_mat5,any_relevance,2week,Logistic_Regression,Config_LLM,BID,D00128,0,1
liquid100_mat5,any_relevance,2week,Logistic_Regression,Config_LLM,BID,D00129,1,0
liquid100_mat5,any_relevance,2week,Logistic_Regression,Config_LLM,BID,D00130,1,0
liquid100_mat5,any_relevance,2week,Logistic_Regression,Config_LLM,BID,D00131,1,0
liquid100_mat5,any_relevance,2week,Logistic_Regression,Config_LLM,BID,D00132,0,0
liquid100_mat5,any_relevance,2week,Logistic_Regression,Config_LLM,BID,D00133,0,0
liquid100_mat5,any_relevance,2week,Logistic_Regression,Config_LLM,BID,D00134,0,0
liquid100_mat5,any_relevance,2week,Logistic_Regression,Config_LLM,BID,D00135,0,0
liquid100_mat5,any_relevance,2week,Logistic_Regression,Config_LLM,BID,D00136,0,0
liquid100_mat5,any_relevance,2week,Logistic_Regression,Config_LLM,BID,D00137,0,1
liquid100_mat5,any_relevance,2week,Logistic_Regression,Config_LLM,BID,D00138,1,0
liquid100_mat5,any_relevance,2week,Logistic_Regression,Config_LLM,BID,D00139,1,0
liquid100_mat5,any_relevance,2week,Logistic_Regression,Config_LLM,BID,D00140,0,1
liquid100_mat5,any_relevance,2week,Logistic_Regression,Config_LLM,BID,D00141,0,1
liquid100_mat5,any_relevance,2week,Logistic_Regression,Config_LLM,BID,D00142,0,0
liquid100_mat5,any_relevance,2week,Logistic_Regression,Config_LLM,CTG,D00119,1,0
liquid100_mat5,any_relevance,2week,Logistic_Regression,Config_LLM,CTG,D00120,1,0
liquid100_mat5,any_relevance,2week,Logistic_Regression,Config_LLM,CTG,D00121,0,0
liquid100_mat5,any_relevance,2week,Logistic_Regression,Config_LLM,CTG,D00122,0,0
liquid100_mat5,any_relevance,2week,Logistic_Regression,Config_LLM,CTG,D00123,1,0
liquid100_mat5,any_relevance,2week,Logistic_Regression,Config_LLM,CTG,D00124,0,0
liquid100_mat5,any_relevance,2week,Logistic_Regression,Config_LLM,CTG,D00125,0,0
liquid100_mat5,any_relevance,2week,Logistic_Regression,Config_LLM,CTG,D00126,0,0
liquid100_mat5,any_relevance,2week,Logistic_Regression,Config_LLM,CTG,D00127,1,1
liquid100_mat5,any_relevance,2week,Logistic_Regression,Config_LLM,CTG,D00128,0,1
liquid100_mat5,any_relevance,2week,Logistic_Regression,Config_LLM,CTG,D00129,1,0
liquid100_mat5,any_relevance,2week,Logistic_Regression,Config_LLM,CTG,D00130,1,0
liquid100_mat5,any_relevance,2week,Logistic_Regression,Config_LLM,CTG,D00131,0,0
liquid100_mat5,any_relevance,2week,Logistic_Regression,Config_LLM,CTG,D00132,0,0
liquid100_mat5,any_relevance,2week,Logistic_Regression,Config_LLM,CTG,D00133,0,1
liquid100_mat5,any_relevance,2week,Logistic_Regression,Config_LLM,CTG,D00134,0,1
liquid100_mat5,any_relevance,2week,Logistic_Regression,Config_LLM,CTG,D00135,0,0
liquid100_mat5,any_relevance,2week,Logistic_Regression,Config_LLM,CTG,D00136,0,0
liquid100_mat5,any_relevance,2week,Logistic_Regression,Config_LLM,CTG,D00137,0,0
liquid100_mat5,any_relevance,2week,Logistic_Regression,Config_LLM,CTG,D00138,0,0
liquid100_mat5,any_relevance,2week,Logistic_Regression,Config_LLM,CTG,D00139,0,0
liquid100_mat5,any_relevance,2week,Logistic_Regression,Config_LLM,CTG,D00140,0,0
liquid100_mat5,any_relevance,2week,Logistic_Regression,Config_LLM,CTG,D00141,0,0
liquid100_mat5,any_relevance,2week,Logistic_Regression,Config_LLM,CTG,D00142,0,0
liquid100_mat5,any_relevance,2week,Logistic_Regression,Config_LLM,DCM,D00119,1,0
liquid100_mat5,any_relevance,2week,Logistic_Regression,Config_LLM,DCM,D00120,0,0
liquid100_mat5,any_relevance,2week,Logistic_Regression,Config_LLM,DCM,D00121,0,0
liquid100_mat5,any_relevance,2week,Logistic_Regression,Config_LLM,DCM,D00122,0,0
liquid100_mat5,any_relevance,2week,Logistic_Regression,Config_LLM,DCM,D00123,0,0
liquid100_mat5,any_relevance,2week,Logistic_Regression,Config_LLM,DCM,D00124,0,1
liquid100_mat5,any_relevance,2week,Logistic_Regression,Config_LLM,DCM,D00125,0,1
liquid100_mat5,any_relevance,2week,Logistic_Regression,Config_LLM,DCM,D00126,0,0
liquid100_mat5,any_relevance,2week,Logistic_Regression,Config_LLM,DCM,D00127,0,0
liquid100_mat5,any_relevance,2week,Logistic_Regression,Config_LLM,DCM,D00128,0,0
liquid100_mat5,any_relevance,2week,Logistic_Regression,Config_LLM,DCM,D00129,1,0
liquid100_mat5,any_relevance,2week,Logistic_Regression,Config_LLM,DCM,D00130,1,0
liquid100_mat5,any_relevance,2week,Logistic_Regression,Config_LLM,DCM,D00131,1,0
liquid100_mat5,any_relevance,2week,Logistic_Regression,Config_LLM,DCM,D00132,1,0
liquid100_mat5,any_relevance,2week,Logistic_Regression,Config_LLM,DCM,D00133,1,0
liquid100_mat5,any_relevance,2week,Logistic_Regression,Config_LLM,DCM,D00134,1,0
liquid100_mat5,any_relevance,2week,Logistic_Regression,Config_LLM,DCM,D00135,0,0
liquid100_mat5,any_relevance,2week,Logistic_Regression,Config_LLM,DCM,D00136,0,0
liquid100_mat5,any_relevance,2week,Logistic_Regression,Config_LLM,DCM,D00137,0,0
liquid100_mat5,any_relevance,2week,Logistic_Regression,Config_LLM,DCM,D00138,0,0
liquid100_mat5,any_relevance,2week,Logistic_Regression,Config_LLM,DCM,D00139,0,0
liquid100_mat5,any_relevance,2week,Logistic_Regression,Config_LLM,DCM,D00140,0,0
liquid100_mat5,any_relevance,2week,Logistic_Regression,Config_LLM,DCM,D00141,0,0
liquid100_mat5,any_relevance,2week,Logistic_Regression,Config_LLM,DCM,D00142,0,0
liquid100_mat5,any_relevance,2week,Logistic_Regression,Config_LLM,DIG,D00119,1,0
liquid100_mat5,any_relevance,2week,Logistic_Regression,Config_LLM,DIG,D00120,0,0
liquid100_mat5,any_relevance,2week,Logistic_Regression,Config_LLM,DIG,D00121,1,0
liquid100_mat5,any_relevance,2week,Logistic_Regression,Config_LLM,DIG,D00122,0,0
liquid100_mat5,any_relevance,2week,Logistic_Regression,Config_LLM,DIG,D00123,0,0
liquid100_mat5,any_relevance,2week,Logistic_Regression,Config_LLM,DIG,D00124,0,0
liquid100_mat5,any_relevance,2week,Logistic_Regression,Config_LLM,DIG,D00125,0,1
liquid100_mat5,any_relevance,2week,Logistic_Regression,Config_LLM,DIG,D00126,1,1
liquid100_mat5,any_relevance,2week,Logistic_Regression,Config_LLM,DIG,D00127,0,0
liquid100_mat5,any_relevance,2week,Logistic_Regression,Config_LLM,DIG,D00128,0,0
liquid100_mat5,any_relevance,2week,Logistic_Regression,Config_LLM,DIG,D00129,0,0
liquid100_mat5,any_relevance,2week,Logistic_Regression,Config_LLM,DIG,D00130,0,0
liquid100_mat5,any_relevance,2week,Logistic_Regression,Config_LLM,DIG,D00131,0,1
liquid100_mat5,any_relevance,2week,Logistic_Regression,Config_LLM,DIG,D00132,0,1
liquid100_mat5,any_relevance,2week,Logistic_Regression,Config_LLM,DIG,D00133,0,0
liquid100_mat5,any_relevance,2week,Logistic_Regression,Config_LLM,DIG,D00134,0,0
liquid100_mat5,any_relevance,2week,Logistic_Regression,Config_LLM,DIG,D00135,1,0
liquid100_mat5,any_relevance,2week,Logistic_Regression,Config_LLM,DIG,D00136,1,0
liquid100_mat5,any_relevance,2week,Logistic_Regression,Config_LLM,DIG,D00137,0,1
liquid100_mat5,any_relevance,2week,Logistic_Regression,Config_LLM,DIG,D00138,1,1
liquid100_mat5,any_relevance,2week,Logistic_Regression,Config_LLM,DIG,D00139,0,0
liquid100_mat5,any_relevance,2week,Logistic_Regression,Config_LLM,DIG,D00140,0,0
liquid100_mat5,any_relevance,2week,Logistic_Regression,Config_LLM,DIG,D00141,0,0
liquid100_mat5,any_relevance,2week,Logistic_Regression,Config_LLM,DIG,D00142,0,0
liquid100_mat5,any_relevance,2week,Logistic_Regression,Config_LLM,DPM,D00119,1,0
liquid100_mat5,any_relevance,2week,Logistic_Regression,Config_LLM,DPM,D00120,0,0
liquid100_mat5,any_relevance,2week,Logistic_Regression,Config_LLM,DPM,D00121,0,1
liquid100_mat5,any_relevance,2week,Logistic_Regression,Config_LLM,DPM,D00122,0,0
liquid100_mat5,any_relevance,2week,Logistic_Regression,Config_LLM,DPM,D00123,0,0
liquid100_mat5,any_relevance,2week,Logistic_Regression,Config_LLM,DPM,D00124,0,0
liquid100_mat5,any_relevance,2week,Logistic_Regression,Config_LLM,DPM,D00125,0,0
liquid100_mat5,any_relevance,2week,Logistic_Regression,Config_LLM,DPM,D00126,0,0
liquid100_mat5,any_relevance,2week,Logistic_Regression,Config_LLM,DPM,D00127,0,1
liquid100_mat5,any_relevance,2week,Logistic_Regression,Config_LLM,DPM,D00128,0,0
liquid100_mat5,any_relevance,2week,Logistic_Regression,Config_LLM,DPM,D00129,1,0
liquid100_mat5,any_relevance,2week,Logistic_Regression,Config_LLM,DPM,D00130,1,0
liquid100_mat5,any_relevance,2week,Logistic_Regression,Config_LLM,DPM,D00131,0,0
liquid100_mat5,any_relevance,2week,Logistic_Regression,Config_LLM,DPM,D00132,1,0
liquid100_mat5,any_relevance,2week,Logistic_Regression,Config_LLM,DPM,D00133,1,0
liquid100_mat5,any_relevance,2week,Logistic_Regression,Config_LLM,DPM,D00134,1,0
liquid100_mat5,any_relevance,2week,Logistic_Regression,Config_LLM,DPM,D00135,0,0
liquid100_mat5,any_relevance,2week,Logistic_Regression,Config_LLM,DPM,D00136,0,0
liquid100_mat5,any_relevance,2week,Logistic_Regression,Config_LLM,DPM,D00137,0,0
liquid100_mat5,any_relevance,2week,Logistic_Regression,Config_LLM,DPM,D00138,0,0
liquid100_mat5,any_relevance,2week,Logistic_Regression,Config_LLM,DPM,D00139,0,0
liquid100_mat5,any_relevance,2week,Logistic_Regression,Config_LLM,DPM,D00140,0,0
liquid100_mat5,any_relevance,2week,Logistic_Regression,Config_LLM,DPM,D00141,0,0
liquid100_mat5,any_relevance,2week,Logistic_Regression,Config_LLM,DPM,D00142,0,0
liquid100_mat5,any_relevance,2week,Logistic_Regression,Config_LLM,DXG,D00119,1,0
liquid100_mat5,any_relevance,2week,Logistic_Regression,Config_LLM,DXG,D00120,1,0
liquid100_mat5,any_relevance,2week,Logistic_Regression,Config_LLM,DXG,D00121,1,0
liquid100_mat5,any_relevance,2week,Logistic_Regression,Config_LLM,DXG,D00122,0,0
liquid100_mat5,any_relevance,2week,Logistic_Regression,Config_LLM,DXG,D00123,0,0
liquid100_mat5,any_relevance,2week,Logistic_Regression,Config_LLM,DXG,D00124,0,0
liquid100_mat5,any_relevance,2week,Logistic_Regression,Config_LLM,DXG,D00125,0,0
liquid100_mat5,any_relevance,2week,Logistic_Regression,Config_LLM,DXG,D00126,0,0
liquid100_mat5,any_relevance,2week,Logistic_Regression,Config_LLM,DXG,D00127,0,0
liquid100_mat5,any_relevance,2week,Logistic_Regression,Config_LLM,DXG,D00128,0,0
liquid100_mat5,any_relevance,2week,Logistic_Regression,Config_LLM,DXG,D00129,0,0
liquid100_mat5,any_relevance,2week,Logistic_Regression,Config_LLM,DXG,D00130,0,0
liquid100_mat5,any_relevance,2week,Logistic_Regression,Config_LLM,DXG,D00131,0,0
liquid100_mat5,any_relevance,2week,Logistic_Regression,Config_LLM,DXG,D00132,0,0
liquid100_mat5,any_relevance,2week,Logistic_Regression,Config_LLM,DXG,D00133,0,0
liquid100_mat5,any_relevance,2week,Logistic_Regression,Config_LLM,DXG,D00134,0,0
liquid100_mat5,any_relevance,2week,Logistic_Regression,Config_LLM,DXG,D00135,1,0
liquid100_mat5,any_relevance,2week,Logistic_Regression,Config_LLM,DXG,D00136,1,0
liquid100_mat5,any_relevance,2week,Logistic_Regression,Config_LLM,DXG,D00137,0,0
liquid100_mat5,any_relevance,2week,Logistic_Regression,Config_LLM,DXG,D00138,1,0
liquid100_mat5,any_relevance,2week,Logistic_Regression,Config_LLM,DXG,D00139,0,1
liquid100_mat5,any_relevance,2week,Logistic_Regression,Config_LLM,DXG,D00140,0,1
liquid100_mat5,any_relevance,2week,Logistic_Regression,Config_LLM,DXG,D00141,0,1
liquid100_mat5,any_relevance,2week,Logistic_Regression,Config_LLM,DXG,D00142,0,1
liquid100_mat5,any_relevance,2week,Logistic_Regression,Config_LLM,EIB,D00119,1,0
liquid100_mat5,any_relevance,2week,Logistic_Regression,Config_LLM,EIB,D00120,0,0
liquid100_mat5,any_relevance,2week,Logistic_Regression,Config_LLM,EIB,D00121,0,0
liquid100_mat5,any_relevance,2week,Logistic_Regression,Config_LLM,EIB,D00122,0,1
liquid100_mat5,any_relevance,2week,Logistic_Regression,Config_LLM,EIB,D00123,1,1
liquid100_mat5,any_relevance,2week,Logistic_Regression,Config_LLM,EIB,D00124,0,0
liquid100_mat5,any_relevance,2week,Logistic_Regression,Config_LLM,EIB,D00125,0,0
liquid100_mat5,any_relevance,2week,Logistic_Regression,Config_LLM,EIB,D00126,1,0
liquid100_mat5,any_relevance,2week,Logistic_Regression,Config_LLM,EIB,D00127,0,1
liquid100_mat5,any_relevance,2week,Logistic_Regression,Config_LLM,EIB,D00128,0,1
liquid100_mat5,any_relevance,2week,Logistic_Regression,Config_LLM,EIB,D00129,0,0
liquid100_mat5,any_relevance,2week,Logistic_Regression,Config_LLM,EIB,D00130,1,1
liquid100_mat5,any_relevance,2week,Logistic_Regression,Config_LLM,EIB,D00131,0,1
liquid100_mat5,any_relevance,2week,Logistic_Regression,Config_LLM,EIB,D00132,0,0
liquid100_mat5,any_relevance,2week,Logistic_Regression,Config_LLM,EIB,D00133,1,0
liquid100_mat5,any_relevance,2week,Logistic_Regression,Config_LLM,EIB,D00134,0,0
liquid100_mat5,any_relevance,2week,Logistic_Regression,Config_LLM,EIB,D00135,1,0
liquid100_mat5,any_relevance,2week,Logistic_Regression,Config_LLM,EIB,D00136,0,0
liquid100_mat5,any_relevance,2week,Logistic_Regression,Config_LLM,EIB,D00137,0,0
liquid100_mat5,any_relevance,2week,Logistic_Regression,Config_LLM,EIB,D00138,0,0
liquid100_mat5,any_relevance,2week,Logistic_Regression,Config_LLM,EIB,D00139,0,0
liquid100_mat5,any_relevance,2week,Logistic_Regression,Config_LLM,EIB,D00140,0,0
liquid100_mat5,any_relevance,2week,Logistic_Regression,Config_LLM,EIB,D00141,0,0
liquid100_mat5,any_relevance,2week,Logistic_Regression,Config_LLM,EIB,D00142,0,0
liquid100_mat5,any_relevance,2week,Logistic_Regression,Config_LLM,FPT,D00119,0,0
liquid100_mat5,any_relevance,2week,Logistic_Regression,Config_LLM,FPT,D00120,0,0
liquid100_mat5,any_relevance,2week,Logistic_Regression,Config_LLM,FPT,D00121,0,0
liquid100_mat5,any_relevance,2week,Logistic_Regression,Config_LLM,FPT,D00122,0,0
liquid100_mat5,any_relevance,2week,Logistic_Regression,Config_LLM,FPT,D00123,0,0
liquid100_mat5,any_relevance,2week,Logistic_Regression,Config_LLM,FPT,D00124,1,0
liquid100_mat5,any_relevance,2week,Logistic_Regression,Config_LLM,FPT,D00125,1,1
liquid100_mat5,any_relevance,2week,Logistic_Regression,Config_LLM,FPT,D00126,0,0
liquid100_mat5,any_relevance,2week,Logistic_Regression,Config_LLM,FPT,D00127,0,1
liquid100_mat5,any_relevance,2week,Logistic_Regression,Config_LLM,FPT,D00128,0,0
liquid100_mat5,any_relevance,2week,Logistic_Regression,Config_LLM,FPT,D00129,0,0
liquid100_mat5,any_relevance,2week,Logistic_Regression,Config_LLM,FPT,D00130,1,0
liquid100_mat5,any_relevance,2week,Logistic_Regression,Config_LLM,FPT,D00131,0,0
liquid100_mat5,any_relevance,2week,Logistic_Regression,Config_LLM,FPT,D00132,0,0
liquid100_mat5,any_relevance,2week,Logistic_Regression,Config_LLM,FPT,D00133,0,0
liquid100_mat5,any_relevance,2week,Logistic_Regression,Config_LLM,FPT,D00134,0,0
liquid100_mat5,any_relevance,2week,Logistic_Regression,Config_LLM,FPT,D00135,0,0
liquid100_mat5,any_relevance,2week,Logistic_Regression,Config_LLM,FPT,D00136,0,0
liquid100_mat5,any_relevance,2week,Logistic_Regression,Config_LLM,FPT,D00137,0,1
liquid100_mat5,any_relevance,2week,Logistic_Regression,Config_LLM,FPT,D00138,0,1
liquid100_mat5,any_relevance,2week,Logistic_Regression,Config_LLM,FPT,D00139,1,0
liquid100_mat5,any_relevance,2week,Logistic_Regression,Config_LLM,FPT,D00140,0,0
liquid100_mat5,any_relevance,2week,Logistic_Regression,Config_LLM,FPT,D00141,0,0
liquid100_mat5,any_relevance,2week,Logistic_Regression,Config_LLM,FPT,D00142,0,0
liquid100_mat5,any_relevance,2week,Logistic_Regression,Config_LLM,GAS,D00119,1,0
liquid100_mat5,any_relevance,2week,Logistic_Regression,Config_LLM,GAS,D00120,0,0
liquid100_mat5,any_relevance,2week,Logistic_Regression,Config_LLM,GAS,D00121,0,0
liquid100_mat5,any_relevance,2week,Logistic_Regression,Config_LLM,GAS,D00122,0,0
liquid100_mat5,any_relevance,2week,Logistic_Regression,Config_LLM,GAS,D00123,0,0
liquid100_mat5,any_relevance,2week,Logistic_Regression,Config_LLM,GAS,D00124,0,0
liquid100_mat5,any_relevance,2week,Logistic_Regression,Config_LLM,GAS,D00125,1,0
liquid100_mat5,any_relevance,2week,Logistic_Regression,Config_LLM,GAS,D00126,0,0
liquid100_mat5,any_relevance,2week,Logistic_Regression,Config_LLM,GAS,D00127,1,0
liquid100_mat5,any_relevance,2week,Logistic_Regression,Config_LLM,GAS,D00128,0,0
liquid100_mat5,any_relevance,2week,Logistic_Regression,Config_LLM,GAS,D00129,1,0
liquid100_mat5,any_relevance,2week,Logistic_Regression,Config_LLM,GAS,D00130,1,0
liquid100_mat5,any_relevance,2week,Logistic_Regression,Config_LLM,GAS,D00131,1,0
liquid100_mat5,any_relevance,2week,Logistic_Regression,Config_LLM,GAS,D00132,0,0
liquid100_mat5,any_relevance,2week,Logistic_Regression,Config_LLM,GAS,D00133,1,0
liquid100_mat5,any_relevance,2week,Logistic_Regression,Config_LLM,GAS,D00134,0,0
liquid100_mat5,any_relevance,2week,Logistic_Regression,Config_LLM,GAS,D00135,0,0
liquid100_mat5,any_relevance,2week,Logistic_Regression,Config_LLM,GAS,D00136,0,0
liquid100_mat5,any_relevance,2week,Logistic_Regression,Config_LLM,GAS,D00137,0,0
liquid100_mat5,any_relevance,2week,Logistic_Regression,Config_LLM,GAS,D00138,0,0
liquid100_mat5,any_relevance,2week,Logistic_Regression,Config_LLM,GAS,D00139,1,0
liquid100_mat5,any_relevance,2week,Logistic_Regression,Config_LLM,GAS,D00140,0,0
liquid100_mat5,any_relevance,2week,Logistic_Regression,Config_LLM,GAS,D00141,0,0
liquid100_mat5,any_relevance,2week,Logistic_Regression,Config_LLM,GAS,D00142,0,0
liquid100_mat5,any_relevance,2week,Logistic_Regression,Config_LLM,GEX,D00119,0,0
liquid100_mat5,any_relevance,2week,Logistic_Regression,Config_LLM,GEX,D00120,0,0
liquid100_mat5,any_relevance,2week,Logistic_Regression,Config_LLM,GEX,D00121,0,1
liquid100_mat5,any_relevance,2week,Logistic_Regression,Config_LLM,GEX,D00122,0,0
liquid100_mat5,any_relevance,2week,Logistic_Regression,Config_LLM,GEX,D00123,1,0
liquid100_mat5,any_relevance,2week,Logistic_Regression,Config_LLM,GEX,D00124,0,0
liquid100_mat5,any_relevance,2week,Logistic_Regression,Config_LLM,GEX,D00125,0,0
liquid100_mat5,any_relevance,2week,Logistic_Regression,Config_LLM,GEX,D00126,1,0
liquid100_mat5,any_relevance,2week,Logistic_Regression,Config_LLM,GEX,D00127,0,0
liquid100_mat5,any_relevance,2week,Logistic_Regression,Config_LLM,GEX,D00128,0,0
liquid100_mat5,any_relevance,2week,Logistic_Regression,Config_LLM,GEX,D00129,0,0
liquid100_mat5,any_relevance,2week,Logistic_Regression,Config_LLM,GEX,D00130,0,0
liquid100_mat5,any_relevance,2week,Logistic_Regression,Config_LLM,GEX,D00131,0,0
liquid100_mat5,any_relevance,2week,Logistic_Regression,Config_LLM,GEX,D00132,0,0
liquid100_mat5,any_relevance,2week,Logistic_Regression,Config_LLM,GEX,D00133,1,0
liquid100_mat5,any_relevance,2week,Logistic_Regression,Config_LLM,GEX,D00134,0,0
liquid100_mat5,any_relevance,2week,Logistic_Regression,Config_LLM,GEX,D00135,1,1
liquid100_mat5,any_relevance,2week,Logistic_Regression,Config_LLM,GEX,D00136,1,1
liquid100_mat5,any_relevance,2week,Logistic_Regression,Config_LLM,GEX,D00137,0,0
liquid100_mat5,any_relevance,2week,Logistic_Regression,Config_LLM,GEX,D00138,1,0
liquid100_mat5,any_relevance,2week,Logistic_Regression,Config_LLM,GEX,D00139,1,0
liquid100_mat5,any_relevance,2week,Logistic_Regression,Config_LLM,GEX,D00140,0,0
liquid100_mat5,any_relevance,2week,Logistic_Regression,Config_LLM,GEX,D00141,0,0
liquid100_mat5,any_relevance,2week,Logistic_Regression,Config_LLM,GEX,D00142,0,0
liquid100_mat5,any_relevance,2week,Logistic_Regression,Config_LLM,GMD,D00119,1,0
liquid100_mat5,any_relevance,2week,Logistic_Regression,Config_LLM,GMD,D00120,1,0
liquid100_mat5,any_relevance,2week,Logistic_Regression,Config_LLM,GMD,D00121,1,0
liquid100_mat5,any_relevance,2week,Logistic_Regression,Config_LLM,GMD,D00122,0,0
liquid100_mat5,any_relevance,2week,Logistic_Regression,Config_LLM,GMD,D00123,0,0
liquid100_mat5,any_relevance,2week,Logistic_Regression,Config_LLM,GMD,D00124,0,1
liquid100_mat5,any_relevance,2week,Logistic_Regression,Config_LLM,GMD,D00125,0,1
liquid100_mat5,any_relevance,2week,Logistic_Regression,Config_LLM,GMD,D00126,0,1
liquid100_mat5,any_relevance,2week,Logistic_Regression,Config_LLM,GMD,D00127,0,0
liquid100_mat5,any_relevance,2week,Logistic_Regression,Config_LLM,GMD,D00128,0,0
liquid100_mat5,any_relevance,2week,Logistic_Regression,Config_LLM,GMD,D00129,1,0
liquid100_mat5,any_relevance,2week,Logistic_Regression,Config_LLM,GMD,D00130,1,1
liquid100_mat5,any_relevance,2week,Logistic_Regression,Config_LLM,GMD,D00131,1,1
liquid100_mat5,any_relevance,2week,Logistic_Regression,Config_LLM,GMD,D00132,1,0
liquid100_mat5,any_relevance,2week,Logistic_Regression,Config_LLM,GMD,D00133,1,0
liquid100_mat5,any_relevance,2week,Logistic_Regression,Config_LLM,GMD,D00134,0,0
liquid100_mat5,any_relevance,2week,Logistic_Regression,Config_LLM,GMD,D00135,0,0
liquid100_mat5,any_relevance,2week,Logistic_Regression,Config_LLM,GMD,D00136,0,0
liquid100_mat5,any_relevance,2week,Logistic_Regression,Config_LLM,GMD,D00137,1,0
liquid100_mat5,any_relevance,2week,Logistic_Regression,Config_LLM,GMD,D00138,1,0
liquid100_mat5,any_relevance,2week,Logistic_Regression,Config_LLM,GMD,D00139,0,0
liquid100_mat5,any_relevance,2week,Logistic_Regression,Config_LLM,GMD,D00140,0,1
liquid100_mat5,any_relevance,2week,Logistic_Regression,Config_LLM,GMD,D00141,1,0
liquid100_mat5,any_relevance,2week,Logistic_Regression,Config_LLM,GMD,D00142,0,0
liquid100_mat5,any_relevance,2week,Logistic_Regression,Config_LLM,GVR,D00119,1,0
liquid100_mat5,any_relevance,2week,Logistic_Regression,Config_LLM,GVR,D00120,0,0
liquid100_mat5,any_relevance,2week,Logistic_Regression,Config_LLM,GVR,D00121,0,0
liquid100_mat5,any_relevance,2week,Logistic_Regression,Config_LLM,GVR,D00122,0,0
liquid100_mat5,any_relevance,2week,Logistic_Regression,Config_LLM,GVR,D00123,0,0
liquid100_mat5,any_relevance,2week,Logistic_Regression,Config_LLM,GVR,D00124,0,1
liquid100_mat5,any_relevance,2week,Logistic_Regression,Config_LLM,GVR,D00125,1,0
liquid100_mat5,any_relevance,2week,Logistic_Regression,Config_LLM,GVR,D00126,0,0
liquid100_mat5,any_relevance,2week,Logistic_Regression,Config_LLM,GVR,D00127,0,0
liquid100_mat5,any_relevance,2week,Logistic_Regression,Config_LLM,GVR,D00128,0,0
liquid100_mat5,any_relevance,2week,Logistic_Regression,Config_LLM,GVR,D00129,1,0
liquid100_mat5,any_relevance,2week,Logistic_Regression,Config_LLM,GVR,D00130,1,0
liquid100_mat5,any_relevance,2week,Logistic_Regression,Config_LLM,GVR,D00131,1,0
liquid100_mat5,any_relevance,2week,Logistic_Regression,Config_LLM,GVR,D00132,0,0
liquid100_mat5,any_relevance,2week,Logistic_Regression,Config_LLM,GVR,D00133,1,0
liquid100_mat5,any_relevance,2week,Logistic_Regression,Config_LLM,GVR,D00134,0,0
liquid100_mat5,any_relevance,2week,Logistic_Regression,Config_LLM,GVR,D00135,0,0
liquid100_mat5,any_relevance,2week,Logistic_Regression,Config_LLM,GVR,D00136,1,0
liquid100_mat5,any_relevance,2week,Logistic_Regression,Config_LLM,GVR,D00137,0,0
liquid100_mat5,any_relevance,2week,Logistic_Regression,Config_LLM,GVR,D00138,1,0
liquid100_mat5,any_relevance,2week,Logistic_Regression,Config_LLM,GVR,D00139,0,0
liquid100_mat5,any_relevance,2week,Logistic_Regression,Config_LLM,GVR,D00140,0,0
liquid100_mat5,any_relevance,2week,Logistic_Regression,Config_LLM,GVR,D00141,0,0
liquid100_mat5,any_relevance,2week,Logistic_Regression,Config_LLM,GVR,D00142,0,1
liquid100_mat5,any_relevance,2week,Logistic_Regression,Config_LLM,HCM,D00119,1,0
liquid100_mat5,any_relevance,2week,Logistic_Regression,Config_LLM,HCM,D00120,0,1
liquid100_mat5,any_relevance,2week,Logistic_Regression,Config_LLM,HCM,D00121,0,0
liquid100_mat5,any_relevance,2week,Logistic_Regression,Config_LLM,HCM,D00122,0,0
liquid100_mat5,any_relevance,2week,Logistic_Regression,Config_LLM,HCM,D00123,1,1
liquid100_mat5,any_relevance,2week,Logistic_Regression,Config_LLM,HCM,D00124,0,1
liquid100_mat5,any_relevance,2week,Logistic_Regression,Config_LLM,HCM,D00125,0,0
liquid100_mat5,any_relevance,2week,Logistic_Regression,Config_LLM,HCM,D00126,0,0
liquid100_mat5,any_relevance,2week,Logistic_Regression,Config_LLM,HCM,D00127,0,0
liquid100_mat5,any_relevance,2week,Logistic_Regression,Config_LLM,HCM,D00128,0,0
liquid100_mat5,any_relevance,2week,Logistic_Regression,Config_LLM,HCM,D00129,0,0
liquid100_mat5,any_relevance,2week,Logistic_Regression,Config_LLM,HCM,D00130,1,0
liquid100_mat5,any_relevance,2week,Logistic_Regression,Config_LLM,HCM,D00131,0,0
liquid100_mat5,any_relevance,2week,Logistic_Regression,Config_LLM,HCM,D00132,0,0
liquid100_mat5,any_relevance,2week,Logistic_Regression,Config_LLM,HCM,D00133,1,0
liquid100_mat5,any_relevance,2week,Logistic_Regression,Config_LLM,HCM,D00134,0,0
liquid100_mat5,any_relevance,2week,Logistic_Regression,Config_LLM,HCM,D00135,0,0
liquid100_mat5,any_relevance,2week,Logistic_Regression,Config_LLM,HCM,D00136,1,0
liquid100_mat5,any_relevance,2week,Logistic_Regression,Config_LLM,HCM,D00137,1,0
liquid100_mat5,any_relevance,2week,Logistic_Regression,Config_LLM,HCM,D00138,1,0
liquid100_mat5,any_relevance,2week,Logistic_Regression,Config_LLM,HCM,D00139,1,0
liquid100_mat5,any_relevance,2week,Logistic_Regression,Config_LLM,HCM,D00140,0,0
liquid100_mat5,any_relevance,2week,Logistic_Regression,Config_LLM,HCM,D00141,0,0
liquid100_mat5,any_relevance,2week,Logistic_Regression,Config_LLM,HCM,D00142,0,0
liquid100_mat5,any_relevance,2week,Logistic_Regression,Config_LLM,HDB,D00119,1,0
liquid100_mat5,any_relevance,2week,Logistic_Regression,Config_LLM,HDB,D00120,1,0
liquid100_mat5,any_relevance,2week,Logistic_Regression,Config_LLM,HDB,D00121,0,0
liquid100_mat5,any_relevance,2week,Logistic_Regression,Config_LLM,HDB,D00122,0,0
liquid100_mat5,any_relevance,2week,Logistic_Regression,Config_LLM,HDB,D00123,1,1
liquid100_mat5,any_relevance,2week,Logistic_Regression,Config_LLM,HDB,D00124,0,1
liquid100_mat5,any_relevance,2week,Logistic_Regression,Config_LLM,HDB,D00125,0,1
liquid100_mat5,any_relevance,2week,Logistic_Regression,Config_LLM,HDB,D00126,1,0
liquid100_mat5,any_relevance,2week,Logistic_Regression,Config_LLM,HDB,D00127,1,0
liquid100_mat5,any_relevance,2week,Logistic_Regression,Config_LLM,HDB,D00128,1,0
liquid100_mat5,any_relevance,2week,Logistic_Regression,Config_LLM,HDB,D00129,1,1
liquid100_mat5,any_relevance,2week,Logistic_Regression,Config_LLM,HDB,D00130,0,1
liquid100_mat5,any_relevance,2week,Logistic_Regression,Config_LLM,HDB,D00131,0,0
liquid100_mat5,any_relevance,2week,Logistic_Regression,Config_LLM,HDB,D00132,0,0
liquid100_mat5,any_relevance,2week,Logistic_Regression,Config_LLM,HDB,D00133,0,0
liquid100_mat5,any_relevance,2week,Logistic_Regression,Config_LLM,HDB,D00134,0,0
liquid100_mat5,any_relevance,2week,Logistic_Regression,Config_LLM,HDB,D00135,0,0
liquid100_mat5,any_relevance,2week,Logistic_Regression,Config_LLM,HDB,D00136,1,0
liquid100_mat5,any_relevance,2week,Logistic_Regression,Config_LLM,HDB,D00137,1,0
liquid100_mat5,any_relevance,2week,Logistic_Regression,Config_LLM,HDB,D00138,0,0
liquid100_mat5,any_relevance,2week,Logistic_Regression,Config_LLM,HDB,D00139,0,1
liquid100_mat5,any_relevance,2week,Logistic_Regression,Config_LLM,HDB,D00140,0,1
liquid100_mat5,any_relevance,2week,Logistic_Regression,Config_LLM,HDB,D00141,0,0
liquid100_mat5,any_relevance,2week,Logistic_Regression,Config_LLM,HDB,D00142,0,0
liquid100_mat5,any_relevance,2week,Logistic_Regression,Config_LLM,HPG,D00119,1,1
liquid100_mat5,any_relevance,2week,Logistic_Regression,Config_LLM,HPG,D00120,0,0
liquid100_mat5,any_relevance,2week,Logistic_Regression,Config_LLM,HPG,D00121,1,1
liquid100_mat5,any_relevance,2week,Logistic_Regression,Config_LLM,HPG,D00122,0,1
liquid100_mat5,any_relevance,2week,Logistic_Regression,Config_LLM,HPG,D00123,0,1
liquid100_mat5,any_relevance,2week,Logistic_Regression,Config_LLM,HPG,D00124,0,1
liquid100_mat5,any_relevance,2week,Logistic_Regression,Config_LLM,HPG,D00125,0,0
liquid100_mat5,any_relevance,2week,Logistic_Regression,Config_LLM,HPG,D00126,1,0
liquid100_mat5,any_relevance,2week,Logistic_Regression,Config_LLM,HPG,D00127,0,1
liquid100_mat5,any_relevance,2week,Logistic_Regression,Config_LLM,HPG,D00128,0,1
liquid100_mat5,any_relevance,2week,Logistic_Regression,Config_LLM,HPG,D00129,0,1
liquid100_mat5,any_relevance,2week,Logistic_Regression,Config_LLM,HPG,D00130,1,1
liquid100_mat5,any_relevance,2week,Logistic_Regression,Config_LLM,HPG,D00131,0,0
liquid100_mat5,any_relevance,2week,Logistic_Regression,Config_LLM,HPG,D00132,0,1
liquid100_mat5,any_relevance,2week,Logistic_Regression,Config_LLM,HPG,D00133,1,0
liquid100_mat5,any_relevance,2week,Logistic_Regression,Config_LLM,HPG,D00134,0,0
liquid100_mat5,any_relevance,2week,Logistic_Regression,Config_LLM,HPG,D00135,0,1
liquid100_mat5,any_relevance,2week,Logistic_Regression,Config_LLM,HPG,D00136,1,0
liquid100_mat5,any_relevance,2week,Logistic_Regression,Config_LLM,HPG,D00137,0,1
liquid100_mat5,any_relevance,2week,Logistic_Regression,Config_LLM,HPG,D00138,0,1
liquid100_mat5,any_relevance,2week,Logistic_Regression,Config_LLM,HPG,D00139,0,0
liquid100_mat5,any_relevance,2week,Logistic_Regression,Config_LLM,HPG,D00140,0,0
liquid100_mat5,any_relevance,2week,Logistic_Regression,Config_LLM,HPG,D00141,0,0
liquid100_mat5,any_relevance,2week,Logistic_Regression,Config_LLM,HPG,D00142,0,1
liquid100_mat5,any_relevance,2week,Logistic_Regression,Config_LLM,KDH,D00119,1,1
liquid100_mat5,any_relevance,2week,Logistic_Regression,Config_LLM,KDH,D00120,0,1
liquid100_mat5,any_relevance,2week,Logistic_Regression,Config_LLM,KDH,D00121,0,1
liquid100_mat5,any_relevance,2week,Logistic_Regression,Config_LLM,KDH,D00122,0,1
liquid100_mat5,any_relevance,2week,Logistic_Regression,Config_LLM,KDH,D00123,0,0
liquid100_mat5,any_relevance,2week,Logistic_Regression,Config_LLM,KDH,D00124,0,0
liquid100_mat5,any_relevance,2week,Logistic_Regression,Config_LLM,KDH,D00125,1,0
liquid100_mat5,any_relevance,2week,Logistic_Regression,Config_LLM,KDH,D00126,1,0
liquid100_mat5,any_relevance,2week,Logistic_Regression,Config_LLM,KDH,D00127,0,0
liquid100_mat5,any_relevance,2week,Logistic_Regression,Config_LLM,KDH,D00128,0,0
liquid100_mat5,any_relevance,2week,Logistic_Regression,Config_LLM,KDH,D00129,0,0
liquid100_mat5,any_relevance,2week,Logistic_Regression,Config_LLM,KDH,D00130,0,0
liquid100_mat5,any_relevance,2week,Logistic_Regression,Config_LLM,KDH,D00131,0,0
liquid100_mat5,any_relevance,2week,Logistic_Regression,Config_LLM,KDH,D00132,0,0
liquid100_mat5,any_relevance,2week,Logistic_Regression,Config_LLM,KDH,D00133,0,0
liquid100_mat5,any_relevance,2week,Logistic_Regression,Config_LLM,KDH,D00134,0,0
liquid100_mat5,any_relevance,2week,Logistic_Regression,Config_LLM,KDH,D00135,0,0
liquid100_mat5,any_relevance,2week,Logistic_Regression,Config_LLM,KDH,D00136,0,0
liquid100_mat5,any_relevance,2week,Logistic_Regression,Config_LLM,KDH,D00137,0,0
liquid100_mat5,any_relevance,2week,Logistic_Regression,Config_LLM,KDH,D00138,0,0
liquid100_mat5,any_relevance,2week,Logistic_Regression,Config_LLM,KDH,D00139,0,0
liquid100_mat5,any_relevance,2week,Logistic_Regression,Config_LLM,KDH,D00140,0,0
liquid100_mat5,any_relevance,2week,Logistic_Regression,Config_LLM,KDH,D00141,0,0
liquid100_mat5,any_relevance,2week,Logistic_Regression,Config_LLM,KDH,D00142,0,0
liquid100_mat5,any_relevance,2week,Logistic_Regression,Config_LLM,MBB,D00119,1,1
liquid100_mat5,any_relevance,2week,Logistic_Regression,Config_LLM,MBB,D00120,1,1
liquid100_mat5,any_relevance,2week,Logistic_Regression,Config_LLM,MBB,D00121,0,0
liquid100_mat5,any_relevance,2week,Logistic_Regression,Config_LLM,MBB,D00122,0,0
liquid100_mat5,any_relevance,2week,Logistic_Regression,Config_LLM,MBB,D00123,1,0
liquid100_mat5,any_relevance,2week,Logistic_Regression,Config_LLM,MBB,D00124,0,1
liquid100_mat5,any_relevance,2week,Logistic_Regression,Config_LLM,MBB,D00125,0,1
liquid100_mat5,any_relevance,2week,Logistic_Regression,Config_LLM,MBB,D00126,0,0
liquid100_mat5,any_relevance,2week,Logistic_Regression,Config_LLM,MBB,D00127,1,0
liquid100_mat5,any_relevance,2week,Logistic_Regression,Config_LLM,MBB,D00128,0,1
liquid100_mat5,any_relevance,2week,Logistic_Regression,Config_LLM,MBB,D00129,1,1
liquid100_mat5,any_relevance,2week,Logistic_Regression,Config_LLM,MBB,D00130,1,0
liquid100_mat5,any_relevance,2week,Logistic_Regression,Config_LLM,MBB,D00131,0,0
liquid100_mat5,any_relevance,2week,Logistic_Regression,Config_LLM,MBB,D00132,1,0
liquid100_mat5,any_relevance,2week,Logistic_Regression,Config_LLM,MBB,D00133,0,0
liquid100_mat5,any_relevance,2week,Logistic_Regression,Config_LLM,MBB,D00134,0,0
liquid100_mat5,any_relevance,2week,Logistic_Regression,Config_LLM,MBB,D00135,0,0
liquid100_mat5,any_relevance,2week,Logistic_Regression,Config_LLM,MBB,D00136,0,0
liquid100_mat5,any_relevance,2week,Logistic_Regression,Config_LLM,MBB,D00137,0,1
liquid100_mat5,any_relevance,2week,Logistic_Regression,Config_LLM,MBB,D00138,0,1
liquid100_mat5,any_relevance,2week,Logistic_Regression,Config_LLM,MBB,D00139,0,0
liquid100_mat5,any_relevance,2week,Logistic_Regression,Config_LLM,MBB,D00140,0,1
liquid100_mat5,any_relevance,2week,Logistic_Regression,Config_LLM,MBB,D00141,0,1
liquid100_mat5,any_relevance,2week,Logistic_Regression,Config_LLM,MBB,D00142,0,0
liquid100_mat5,any_relevance,2week,Logistic_Regression,Config_LLM,MSB,D00119,1,0
liquid100_mat5,any_relevance,2week,Logistic_Regression,Config_LLM,MSB,D00120,1,1
liquid100_mat5,any_relevance,2week,Logistic_Regression,Config_LLM,MSB,D00121,0,1
liquid100_mat5,any_relevance,2week,Logistic_Regression,Config_LLM,MSB,D00122,0,1
liquid100_mat5,any_relevance,2week,Logistic_Regression,Config_LLM,MSB,D00123,0,1
liquid100_mat5,any_relevance,2week,Logistic_Regression,Config_LLM,MSB,D00124,0,1
liquid100_mat5,any_relevance,2week,Logistic_Regression,Config_LLM,MSB,D00125,0,0
liquid100_mat5,any_relevance,2week,Logistic_Regression,Config_LLM,MSB,D00126,0,0
liquid100_mat5,any_relevance,2week,Logistic_Regression,Config_LLM,MSB,D00127,1,0
liquid100_mat5,any_relevance,2week,Logistic_Regression,Config_LLM,MSB,D00128,0,0
liquid100_mat5,any_relevance,2week,Logistic_Regression,Config_LLM,MSB,D00129,0,0
liquid100_mat5,any_relevance,2week,Logistic_Regression,Config_LLM,MSB,D00130,0,0
liquid100_mat5,any_relevance,2week,Logistic_Regression,Config_LLM,MSB,D00131,0,1
liquid100_mat5,any_relevance,2week,Logistic_Regression,Config_LLM,MSB,D00132,0,1
liquid100_mat5,any_relevance,2week,Logistic_Regression,Config_LLM,MSB,D00133,0,0
liquid100_mat5,any_relevance,2week,Logistic_Regression,Config_LLM,MSB,D00134,0,0
liquid100_mat5,any_relevance,2week,Logistic_Regression,Config_LLM,MSB,D00135,0,0
liquid100_mat5,any_relevance,2week,Logistic_Regression,Config_LLM,MSB,D00136,1,0
liquid100_mat5,any_relevance,2week,Logistic_Regression,Config_LLM,MSB,D00137,1,0
liquid100_mat5,any_relevance,2week,Logistic_Regression,Config_LLM,MSB,D00138,1,0
liquid100_mat5,any_relevance,2week,Logistic_Regression,Config_LLM,MSB,D00139,1,0
liquid100_mat5,any_relevance,2week,Logistic_Regression,Config_LLM,MSB,D00140,0,0
liquid100_mat5,any_relevance,2week,Logistic_Regression,Config_LLM,MSB,D00141,1,0
liquid100_mat5,any_relevance,2week,Logistic_Regression,Config_LLM,MSB,D00142,1,0
liquid100_mat5,any_relevance,2week,Logistic_Regression,Config_LLM,MSN,D00119,1,0
liquid100_mat5,any_relevance,2week,Logistic_Regression,Config_LLM,MSN,D00120,0,0
liquid100_mat5,any_relevance,2week,Logistic_Regression,Config_LLM,MSN,D00121,0,0
liquid100_mat5,any_relevance,2week,Logistic_Regression,Config_LLM,MSN,D00122,0,0
liquid100_mat5,any_relevance,2week,Logistic_Regression,Config_LLM,MSN,D00123,0,0
liquid100_mat5,any_relevance,2week,Logistic_Regression,Config_LLM,MSN,D00124,0,0
liquid100_mat5,any_relevance,2week,Logistic_Regression,Config_LLM,MSN,D00125,0,0
liquid100_mat5,any_relevance,2week,Logistic_Regression,Config_LLM,MSN,D00126,0,0
liquid100_mat5,any_relevance,2week,Logistic_Regression,Config_LLM,MSN,D00127,0,0
liquid100_mat5,any_relevance,2week,Logistic_Regression,Config_LLM,MSN,D00128,0,0
liquid100_mat5,any_relevance,2week,Logistic_Regression,Config_LLM,MSN,D00129,1,0
liquid100_mat5,any_relevance,2week,Logistic_Regression,Config_LLM,MSN,D00130,1,0
liquid100_mat5,any_relevance,2week,Logistic_Regression,Config_LLM,MSN,D00131,0,0
liquid100_mat5,any_relevance,2week,Logistic_Regression,Config_LLM,MSN,D00132,0,0
liquid100_mat5,any_relevance,2week,Logistic_Regression,Config_LLM,MSN,D00133,0,0
liquid100_mat5,any_relevance,2week,Logistic_Regression,Config_LLM,MSN,D00134,0,0
liquid100_mat5,any_relevance,2week,Logistic_Regression,Config_LLM,MSN,D00135,0,0
liquid100_mat5,any_relevance,2week,Logistic_Regression,Config_LLM,MSN,D00136,1,0
liquid100_mat5,any_relevance,2week,Logistic_Regression,Config_LLM,MSN,D00137,0,0
liquid100_mat5,any_relevance,2week,Logistic_Regression,Config_LLM,MSN,D00138,0,0
liquid100_mat5,any_relevance,2week,Logistic_Regression,Config_LLM,MSN,D00139,0,0
liquid100_mat5,any_relevance,2week,Logistic_Regression,Config_LLM,MSN,D00140,0,0
liquid100_mat5,any_relevance,2week,Logistic_Regression,Config_LLM,MSN,D00141,0,1
liquid100_mat5,any_relevance,2week,Logistic_Regression,Config_LLM,MSN,D00142,0,1
liquid100_mat5,any_relevance,2week,Logistic_Regression,Config_LLM,NVL,D00119,1,0
liquid100_mat5,any_relevance,2week,Logistic_Regression,Config_LLM,NVL,D00120,0,0
liquid100_mat5,any_relevance,2week,Logistic_Regression,Config_LLM,NVL,D00121,0,0
liquid100_mat5,any_relevance,2week,Logistic_Regression,Config_LLM,NVL,D00122,0,0
liquid100_mat5,any_relevance,2week,Logistic_Regression,Config_LLM,NVL,D00123,0,0
liquid100_mat5,any_relevance,2week,Logistic_Regression,Config_LLM,NVL,D00124,0,0
liquid100_mat5,any_relevance,2week,Logistic_Regression,Config_LLM,NVL,D00125,0,1
liquid100_mat5,any_relevance,2week,Logistic_Regression,Config_LLM,NVL,D00126,1,1
liquid100_mat5,any_relevance,2week,Logistic_Regression,Config_LLM,NVL,D00127,0,1
liquid100_mat5,any_relevance,2week,Logistic_Regression,Config_LLM,NVL,D00128,0,0
liquid100_mat5,any_relevance,2week,Logistic_Regression,Config_LLM,NVL,D00129,0,0
liquid100_mat5,any_relevance,2week,Logistic_Regression,Config_LLM,NVL,D00130,0,0
liquid100_mat5,any_relevance,2week,Logistic_Regression,Config_LLM,NVL,D00131,0,1
liquid100_mat5,any_relevance,2week,Logistic_Regression,Config_LLM,NVL,D00132,0,1
liquid100_mat5,any_relevance,2week,Logistic_Regression,Config_LLM,NVL,D00133,0,0
liquid100_mat5,any_relevance,2week,Logistic_Regression,Config_LLM,NVL,D00134,0,0
liquid100_mat5,any_relevance,2week,Logistic_Regression,Config_LLM,NVL,D00135,1,0
liquid100_mat5,any_relevance,2week,Logistic_Regression,Config_LLM,NVL,D00136,1,0
liquid100_mat5,any_relevance,2week,Logistic_Regression,Config_LLM,NVL,D00137,1,0
liquid100_mat5,any_relevance,2week,Logistic_Regression,Config_LLM,NVL,D00138,0,0
liquid100_mat5,any_relevance,2week,Logistic_Regression,Config_LLM,NVL,D00139,0,0
liquid100_mat5,any_relevance,2week,Logistic_Regression,Config_LLM,NVL,D00140,0,0
liquid100_mat5,any_relevance,2week,Logistic_Regression,Config_LLM,NVL,D00141,0,1
liquid100_mat5,any_relevance,2week,Logistic_Regression,Config_LLM,NVL,D00142,0,1
liquid100_mat5,any_relevance,2week,Logistic_Regression,Config_LLM,PDR,D00119,1,1
liquid100_mat5,any_relevance,2week,Logistic_Regression,Config_LLM,PDR,D00120,1,0
liquid100_mat5,any_relevance,2week,Logistic_Regression,Config_LLM,PDR,D00121,0,0
liquid100_mat5,any_relevance,2week,Logistic_Regression,Config_LLM,PDR,D00122,0,0
liquid100_mat5,any_relevance,2week,Logistic_Regression,Config_LLM,PDR,D00123,0,0
liquid100_mat5,any_relevance,2week,Logistic_Regression,Config_LLM,PDR,D00124,0,1
liquid100_mat5,any_relevance,2week,Logistic_Regression,Config_LLM,PDR,D00125,0,1
liquid100_mat5,any_relevance,2week,Logistic_Regression,Config_LLM,PDR,D00126,1,0
liquid100_mat5,any_relevance,2week,Logistic_Regression,Config_LLM,PDR,D00127,0,0
liquid100_mat5,any_relevance,2week,Logistic_Regression,Config_LLM,PDR,D00128,0,1
liquid100_mat5,any_relevance,2week,Logistic_Regression,Config_LLM,PDR,D00129,0,1
liquid100_mat5,any_relevance,2week,Logistic_Regression,Config_LLM,PDR,D00130,0,1
liquid100_mat5,any_relevance,2week,Logistic_Regression,Config_LLM,PDR,D00131,0,0
liquid100_mat5,any_relevance,2week,Logistic_Regression,Config_LLM,PDR,D00132,0,0
liquid100_mat5,any_relevance,2week,Logistic_Regression,Config_LLM,PDR,D00133,0,0
liquid100_mat5,any_relevance,2week,Logistic_Regression,Config_LLM,PDR,D00134,0,0
liquid100_mat5,any_relevance,2week,Logistic_Regression,Config_LLM,PDR,D00135,1,0
liquid100_mat5,any_relevance,2week,Logistic_Regression,Config_LLM,PDR,D00136,1,1
liquid100_mat5,any_relevance,2week,Logistic_Regression,Config_LLM,PDR,D00137,0,1
liquid100_mat5,any_relevance,2week,Logistic_Regression,Config_LLM,PDR,D00138,0,0
liquid100_mat5,any_relevance,2week,Logistic_Regression,Config_LLM,PDR,D00139,0,0
liquid100_mat5,any_relevance,2week,Logistic_Regression,Config_LLM,PDR,D00140,0,0
liquid100_mat5,any_relevance,2week,Logistic_Regression,Config_LLM,PDR,D00141,0,0
liquid100_mat5,any_relevance,2week,Logistic_Regression,Config_LLM,PDR,D00142,0,0
liquid100_mat5,any_relevance,2week,Logistic_Regression,Config_LLM,PLX,D00119,1,0
liquid100_mat5,any_relevance,2week,Logistic_Regression,Config_LLM,PLX,D00120,0,0
liquid100_mat5,any_relevance,2week,Logistic_Regression,Config_LLM,PLX,D00121,0,0
liquid100_mat5,any_relevance,2week,Logistic_Regression,Config_LLM,PLX,D00122,0,0
liquid100_mat5,any_relevance,2week,Logistic_Regression,Config_LLM,PLX,D00123,0,0
liquid100_mat5,any_relevance,2week,Logistic_Regression,Config_LLM,PLX,D00124,0,0
liquid100_mat5,any_relevance,2week,Logistic_Regression,Config_LLM,PLX,D00125,0,0
liquid100_mat5,any_relevance,2week,Logistic_Regression,Config_LLM,PLX,D00126,0,0
liquid100_mat5,any_relevance,2week,Logistic_Regression,Config_LLM,PLX,D00127,0,0
liquid100_mat5,any_relevance,2week,Logistic_Regression,Config_LLM,PLX,D00128,0,0
liquid100_mat5,any_relevance,2week,Logistic_Regression,Config_LLM,PLX,D00129,1,0
liquid100_mat5,any_relevance,2week,Logistic_Regression,Config_LLM,PLX,D00130,1,0
liquid100_mat5,any_relevance,2week,Logistic_Regression,Config_LLM,PLX,D00131,1,0
liquid100_mat5,any_relevance,2week,Logistic_Regression,Config_LLM,PLX,D00132,0,0
liquid100_mat5,any_relevance,2week,Logistic_Regression,Config_LLM,PLX,D00133,1,0
liquid100_mat5,any_relevance,2week,Logistic_Regression,Config_LLM,PLX,D00134,0,0
liquid100_mat5,any_relevance,2week,Logistic_Regression,Config_LLM,PLX,D00135,0,0
liquid100_mat5,any_relevance,2week,Logistic_Regression,Config_LLM,PLX,D00136,0,0
liquid100_mat5,any_relevance,2week,Logistic_Regression,Config_LLM,PLX,D00137,0,1
liquid100_mat5,any_relevance,2week,Logistic_Regression,Config_LLM,PLX,D00138,0,1
liquid100_mat5,any_relevance,2week,Logistic_Regression,Config_LLM,PLX,D00139,1,0
liquid100_mat5,any_relevance,2week,Logistic_Regression,Config_LLM,PLX,D00140,0,0
liquid100_mat5,any_relevance,2week,Logistic_Regression,Config_LLM,PLX,D00141,0,0
liquid100_mat5,any_relevance,2week,Logistic_Regression,Config_LLM,PLX,D00142,0,0
liquid100_mat5,any_relevance,2week,Logistic_Regression,Config_LLM,PNJ,D00119,0,0
liquid100_mat5,any_relevance,2week,Logistic_Regression,Config_LLM,PNJ,D00120,0,0
liquid100_mat5,any_relevance,2week,Logistic_Regression,Config_LLM,PNJ,D00121,0,1
liquid100_mat5,any_relevance,2week,Logistic_Regression,Config_LLM,PNJ,D00122,0,1
liquid100_mat5,any_relevance,2week,Logistic_Regression,Config_LLM,PNJ,D00123,0,0
liquid100_mat5,any_relevance,2week,Logistic_Regression,Config_LLM,PNJ,D00124,1,0
liquid100_mat5,any_relevance,2week,Logistic_Regression,Config_LLM,PNJ,D00125,0,0
liquid100_mat5,any_relevance,2week,Logistic_Regression,Config_LLM,PNJ,D00126,0,0
liquid100_mat5,any_relevance,2week,Logistic_Regression,Config_LLM,PNJ,D00127,0,0
liquid100_mat5,any_relevance,2week,Logistic_Regression,Config_LLM,PNJ,D00128,1,0
liquid100_mat5,any_relevance,2week,Logistic_Regression,Config_LLM,PNJ,D00129,1,0
liquid100_mat5,any_relevance,2week,Logistic_Regression,Config_LLM,PNJ,D00130,1,1
liquid100_mat5,any_relevance,2week,Logistic_Regression,Config_LLM,PNJ,D00131,1,1
liquid100_mat5,any_relevance,2week,Logistic_Regression,Config_LLM,PNJ,D00132,0,0
liquid100_mat5,any_relevance,2week,Logistic_Regression,Config_LLM,PNJ,D00133,1,0
liquid100_mat5,any_relevance,2week,Logistic_Regression,Config_LLM,PNJ,D00134,0,0
liquid100_mat5,any_relevance,2week,Logistic_Regression,Config_LLM,PNJ,D00135,0,0
liquid100_mat5,any_relevance,2week,Logistic_Regression,Config_LLM,PNJ,D00136,0,1
liquid100_mat5,any_relevance,2week,Logistic_Regression,Config_LLM,PNJ,D00137,0,1
liquid100_mat5,any_relevance,2week,Logistic_Regression,Config_LLM,PNJ,D00138,0,0
liquid100_mat5,any_relevance,2week,Logistic_Regression,Config_LLM,PNJ,D00139,0,1
liquid100_mat5,any_relevance,2week,Logistic_Regression,Config_LLM,PNJ,D00140,0,1
liquid100_mat5,any_relevance,2week,Logistic_Regression,Config_LLM,PNJ,D00141,0,0
liquid100_mat5,any_relevance,2week,Logistic_Regression,Config_LLM,PNJ,D00142,0,0
liquid100_mat5,any_relevance,2week,Logistic_Regression,Config_LLM,POW,D00119,1,0
liquid100_mat5,any_relevance,2week,Logistic_Regression,Config_LLM,POW,D00120,1,0
liquid100_mat5,any_relevance,2week,Logistic_Regression,Config_LLM,POW,D00121,0,0
liquid100_mat5,any_relevance,2week,Logistic_Regression,Config_LLM,POW,D00122,0,0
liquid100_mat5,any_relevance,2week,Logistic_Regression,Config_LLM,POW,D00123,0,1
liquid100_mat5,any_relevance,2week,Logistic_Regression,Config_LLM,POW,D00124,0,1
liquid100_mat5,any_relevance,2week,Logistic_Regression,Config_LLM,POW,D00125,1,0
liquid100_mat5,any_relevance,2week,Logistic_Regression,Config_LLM,POW,D00126,1,1
liquid100_mat5,any_relevance,2week,Logistic_Regression,Config_LLM,POW,D00127,0,1
liquid100_mat5,any_relevance,2week,Logistic_Regression,Config_LLM,POW,D00128,0,1
liquid100_mat5,any_relevance,2week,Logistic_Regression,Config_LLM,POW,D00129,1,1
liquid100_mat5,any_relevance,2week,Logistic_Regression,Config_LLM,POW,D00130,1,1
liquid100_mat5,any_relevance,2week,Logistic_Regression,Config_LLM,POW,D00131,0,0
liquid100_mat5,any_relevance,2week,Logistic_Regression,Config_LLM,POW,D00132,0,0
liquid100_mat5,any_relevance,2week,Logistic_Regression,Config_LLM,POW,D00133,1,0
liquid100_mat5,any_relevance,2week,Logistic_Regression,Config_LLM,POW,D00134,0,0
liquid100_mat5,any_relevance,2week,Logistic_Regression,Config_LLM,POW,D00135,0,0
liquid100_mat5,any_relevance,2week,Logistic_Regression,Config_LLM,POW,D00136,0,0
liquid100_mat5,any_relevance,2week,Logistic_Regression,Config_LLM,POW,D00137,0,0
liquid100_mat5,any_relevance,2week,Logistic_Regression,Config_LLM,POW,D00138,1,0
liquid100_mat5,any_relevance,2week,Logistic_Regression,Config_LLM,POW,D00139,0,0
liquid100_mat5,any_relevance,2week,Logistic_Regression,Config_LLM,POW,D00140,0,0
liquid100_mat5,any_relevance,2week,Logistic_Regression,Config_LLM,POW,D00141,1,0
liquid100_mat5,any_relevance,2week,Logistic_Regression,Config_LLM,POW,D00142,1,0
liquid100_mat5,any_relevance,2week,Logistic_Regression,Config_LLM,PVT,D00119,1,0
liquid100_mat5,any_relevance,2week,Logistic_Regression,Config_LLM,PVT,D00120,0,0
liquid100_mat5,any_relevance,2week,Logistic_Regression,Config_LLM,PVT,D00121,0,0
liquid100_mat5,any_relevance,2week,Logistic_Regression,Config_LLM,PVT,D00122,0,0
liquid100_mat5,any_relevance,2week,Logistic_Regression,Config_LLM,PVT,D00123,0,1
liquid100_mat5,any_relevance,2week,Logistic_Regression,Config_LLM,PVT,D00124,0,0
liquid100_mat5,any_relevance,2week,Logistic_Regression,Config_LLM,PVT,D00125,1,0
liquid100_mat5,any_relevance,2week,Logistic_Regression,Config_LLM,PVT,D00126,1,0
liquid100_mat5,any_relevance,2week,Logistic_Regression,Config_LLM,PVT,D00127,0,0
liquid100_mat5,any_relevance,2week,Logistic_Regression,Config_LLM,PVT,D00128,0,0
liquid100_mat5,any_relevance,2week,Logistic_Regression,Config_LLM,PVT,D00129,1,0
liquid100_mat5,any_relevance,2week,Logistic_Regression,Config_LLM,PVT,D00130,1,0
liquid100_mat5,any_relevance,2week,Logistic_Regression,Config_LLM,PVT,D00131,1,0
liquid100_mat5,any_relevance,2week,Logistic_Regression,Config_LLM,PVT,D00132,0,0
liquid100_mat5,any_relevance,2week,Logistic_Regression,Config_LLM,PVT,D00133,1,0
liquid100_mat5,any_relevance,2week,Logistic_Regression,Config_LLM,PVT,D00134,1,0
liquid100_mat5,any_relevance,2week,Logistic_Regression,Config_LLM,PVT,D00135,0,0
liquid100_mat5,any_relevance,2week,Logistic_Regression,Config_LLM,PVT,D00136,0,0
liquid100_mat5,any_relevance,2week,Logistic_Regression,Config_LLM,PVT,D00137,1,0
liquid100_mat5,any_relevance,2week,Logistic_Regression,Config_LLM,PVT,D00138,1,0
liquid100_mat5,any_relevance,2week,Logistic_Regression,Config_LLM,PVT,D00139,0,1
liquid100_mat5,any_relevance,2week,Logistic_Regression,Config_LLM,PVT,D00140,0,1
liquid100_mat5,any_relevance,2week,Logistic_Regression,Config_LLM,PVT,D00141,0,1
liquid100_mat5,any_relevance,2week,Logistic_Regression,Config_LLM,PVT,D00142,0,0
liquid100_mat5,any_relevance,2week,Logistic_Regression,Config_LLM,SHB,D00119,1,0
liquid100_mat5,any_relevance,2week,Logistic_Regression,Config_LLM,SHB,D00120,0,0
liquid100_mat5,any_relevance,2week,Logistic_Regression,Config_LLM,SHB,D00121,0,0
liquid100_mat5,any_relevance,2week,Logistic_Regression,Config_LLM,SHB,D00122,0,0
liquid100_mat5,any_relevance,2week,Logistic_Regression,Config_LLM,SHB,D00123,1,0
liquid100_mat5,any_relevance,2week,Logistic_Regression,Config_LLM,SHB,D00124,0,0
liquid100_mat5,any_relevance,2week,Logistic_Regression,Config_LLM,SHB,D00125,0,0
liquid100_mat5,any_relevance,2week,Logistic_Regression,Config_LLM,SHB,D00126,1,0
liquid100_mat5,any_relevance,2week,Logistic_Regression,Config_LLM,SHB,D00127,0,0
liquid100_mat5,any_relevance,2week,Logistic_Regression,Config_LLM,SHB,D00128,0,0
liquid100_mat5,any_relevance,2week,Logistic_Regression,Config_LLM,SHB,D00129,0,0
liquid100_mat5,any_relevance,2week,Logistic_Regression,Config_LLM,SHB,D00130,0,0
liquid100_mat5,any_relevance,2week,Logistic_Regression,Config_LLM,SHB,D00131,0,0
liquid100_mat5,any_relevance,2week,Logistic_Regression,Config_LLM,SHB,D00132,0,0
liquid100_mat5,any_relevance,2week,Logistic_Regression,Config_LLM,SHB,D00133,1,0
liquid100_mat5,any_relevance,2week,Logistic_Regression,Config_LLM,SHB,D00134,0,0
liquid100_mat5,any_relevance,2week,Logistic_Regression,Config_LLM,SHB,D00135,0,0
liquid100_mat5,any_relevance,2week,Logistic_Regression,Config_LLM,SHB,D00136,1,0
liquid100_mat5,any_relevance,2week,Logistic_Regression,Config_LLM,SHB,D00137,0,0
liquid100_mat5,any_relevance,2week,Logistic_Regression,Config_LLM,SHB,D00138,0,1
liquid100_mat5,any_relevance,2week,Logistic_Regression,Config_LLM,SHB,D00139,0,1
liquid100_mat5,any_relevance,2week,Logistic_Regression,Config_LLM,SHB,D00140,0,0
liquid100_mat5,any_relevance,2week,Logistic_Regression,Config_LLM,SHB,D00141,0,1
liquid100_mat5,any_relevance,2week,Logistic_Regression,Config_LLM,SHB,D00142,0,1
liquid100_mat5,any_relevance,2week,Logistic_Regression,Config_LLM,SSI,D00119,1,0
liquid100_mat5,any_relevance,2week,Logistic_Regression,Config_LLM,SSI,D00120,1,0
liquid100_mat5,any_relevance,2week,Logistic_Regression,Config_LLM,SSI,D00121,1,0
liquid100_mat5,any_relevance,2week,Logistic_Regression,Config_LLM,SSI,D00122,0,0
liquid100_mat5,any_relevance,2week,Logistic_Regression,Config_LLM,SSI,D00123,1,0
liquid100_mat5,any_relevance,2week,Logistic_Regression,Config_LLM,SSI,D00124,0,0
liquid100_mat5,any_relevance,2week,Logistic_Regression,Config_LLM,SSI,D00125,0,0
liquid100_mat5,any_relevance,2week,Logistic_Regression,Config_LLM,SSI,D00126,0,0
liquid100_mat5,any_relevance,2week,Logistic_Regression,Config_LLM,SSI,D00127,0,1
liquid100_mat5,any_relevance,2week,Logistic_Regression,Config_LLM,SSI,D00128,1,0
liquid100_mat5,any_relevance,2week,Logistic_Regression,Config_LLM,SSI,D00129,0,0
liquid100_mat5,any_relevance,2week,Logistic_Regression,Config_LLM,SSI,D00130,1,0
liquid100_mat5,any_relevance,2week,Logistic_Regression,Config_LLM,SSI,D00131,0,0
liquid100_mat5,any_relevance,2week,Logistic_Regression,Config_LLM,SSI,D00132,0,0
liquid100_mat5,any_relevance,2week,Logistic_Regression,Config_LLM,SSI,D00133,1,0
liquid100_mat5,any_relevance,2week,Logistic_Regression,Config_LLM,SSI,D00134,0,0
liquid100_mat5,any_relevance,2week,Logistic_Regression,Config_LLM,SSI,D00135,0,0
liquid100_mat5,any_relevance,2week,Logistic_Regression,Config_LLM,SSI,D00136,1,0
liquid100_mat5,any_relevance,2week,Logistic_Regression,Config_LLM,SSI,D00137,0,0
liquid100_mat5,any_relevance,2week,Logistic_Regression,Config_LLM,SSI,D00138,0,1
liquid100_mat5,any_relevance,2week,Logistic_Regression,Config_LLM,SSI,D00139,0,1
liquid100_mat5,any_relevance,2week,Logistic_Regression,Config_LLM,SSI,D00140,0,1
liquid100_mat5,any_relevance,2week,Logistic_Regression,Config_LLM,SSI,D00141,0,0
liquid100_mat5,any_relevance,2week,Logistic_Regression,Config_LLM,SSI,D00142,0,0
liquid100_mat5,any_relevance,2week,Logistic_Regression,Config_LLM,STB,D00119,1,0
liquid100_mat5,any_relevance,2week,Logistic_Regression,Config_LLM,STB,D00120,0,0
liquid100_mat5,any_relevance,2week,Logistic_Regression,Config_LLM,STB,D00121,0,0
liquid100_mat5,any_relevance,2week,Logistic_Regression,Config_LLM,STB,D00122,1,0
liquid100_mat5,any_relevance,2week,Logistic_Regression,Config_LLM,STB,D00123,1,0
liquid100_mat5,any_relevance,2week,Logistic_Regression,Config_LLM,STB,D00124,0,0
liquid100_mat5,any_relevance,2week,Logistic_Regression,Config_LLM,STB,D00125,0,0
liquid100_mat5,any_relevance,2week,Logistic_Regression,Config_LLM,STB,D00126,0,0
liquid100_mat5,any_relevance,2week,Logistic_Regression,Config_LLM,STB,D00127,0,0
liquid100_mat5,any_relevance,2week,Logistic_Regression,Config_LLM,STB,D00128,1,0
liquid100_mat5,any_relevance,2week,Logistic_Regression,Config_LLM,STB,D00129,1,0
liquid100_mat5,any_relevance,2week,Logistic_Regression,Config_LLM,STB,D00130,0,0
liquid100_mat5,any_relevance,2week,Logistic_Regression,Config_LLM,STB,D00131,1,0
liquid100_mat5,any_relevance,2week,Logistic_Regression,Config_LLM,STB,D00132,0,0
liquid100_mat5,any_relevance,2week,Logistic_Regression,Config_LLM,STB,D00133,1,0
liquid100_mat5,any_relevance,2week,Logistic_Regression,Config_LLM,STB,D00134,0,0
liquid100_mat5,any_relevance,2week,Logistic_Regression,Config_LLM,STB,D00135,0,1
liquid100_mat5,any_relevance,2week,Logistic_Regression,Config_LLM,STB,D00136,1,1
liquid100_mat5,any_relevance,2week,Logistic_Regression,Config_LLM,STB,D00137,1,0
liquid100_mat5,any_relevance,2week,Logistic_Regression,Config_LLM,STB,D00138,1,1
liquid100_mat5,any_relevance,2week,Logistic_Regression,Config_LLM,STB,D00139,0,0
liquid100_mat5,any_relevance,2week,Logistic_Regression,Config_LLM,STB,D00140,0,0
liquid100_mat5,any_relevance,2week,Logistic_Regression,Config_LLM,STB,D00141,1,0
liquid100_mat5,any_relevance,2week,Logistic_Regression,Config_LLM,STB,D00142,1,0
liquid100_mat5,any_relevance,2week,Logistic_Regression,Config_LLM,TCB,D00119,1,0
liquid100_mat5,any_relevance,2week,Logistic_Regression,Config_LLM,TCB,D00120,0,1
liquid100_mat5,any_relevance,2week,Logistic_Regression,Config_LLM,TCB,D00121,0,0
liquid100_mat5,any_relevance,2week,Logistic_Regression,Config_LLM,TCB,D00122,0,0
liquid100_mat5,any_relevance,2week,Logistic_Regression,Config_LLM,TCB,D00123,1,0
liquid100_mat5,any_relevance,2week,Logistic_Regression,Config_LLM,TCB,D00124,0,0
liquid100_mat5,any_relevance,2week,Logistic_Regression,Config_LLM,TCB,D00125,0,0
liquid100_mat5,any_relevance,2week,Logistic_Regression,Config_LLM,TCB,D00126,0,0
liquid100_mat5,any_relevance,2week,Logistic_Regression,Config_LLM,TCB,D00127,0,0
liquid100_mat5,any_relevance,2week,Logistic_Regression,Config_LLM,TCB,D00128,0,0
liquid100_mat5,any_relevance,2week,Logistic_Regression,Config_LLM,TCB,D00129,1,0
liquid100_mat5,any_relevance,2week,Logistic_Regression,Config_LLM,TCB,D00130,1,0
liquid100_mat5,any_relevance,2week,Logistic_Regression,Config_LLM,TCB,D00131,0,0
liquid100_mat5,any_relevance,2week,Logistic_Regression,Config_LLM,TCB,D00132,0,0
liquid100_mat5,any_relevance,2week,Logistic_Regression,Config_LLM,TCB,D00133,0,0
liquid100_mat5,any_relevance,2week,Logistic_Regression,Config_LLM,TCB,D00134,0,0
liquid100_mat5,any_relevance,2week,Logistic_Regression,Config_LLM,TCB,D00135,0,0
liquid100_mat5,any_relevance,2week,Logistic_Regression,Config_LLM,TCB,D00136,1,0
liquid100_mat5,any_relevance,2week,Logistic_Regression,Config_LLM,TCB,D00137,1,0
liquid100_mat5,any_relevance,2week,Logistic_Regression,Config_LLM,TCB,D00138,0,0
liquid100_mat5,any_relevance,2week,Logistic_Regression,Config_LLM,TCB,D00139,0,0
liquid100_mat5,any_relevance,2week,Logistic_Regression,Config_LLM,TCB,D00140,0,0
liquid100_mat5,any_relevance,2week,Logistic_Regression,Config_LLM,TCB,D00141,0,0
liquid100_mat5,any_relevance,2week,Logistic_Regression,Config_LLM,TCB,D00142,1,0
liquid100_mat5,any_relevance,2week,Logistic_Regression,Config_LLM,TPB,D00119,1,1
liquid100_mat5,any_relevance,2week,Logistic_Regression,Config_LLM,TPB,D00120,1,1
liquid100_mat5,any_relevance,2week,Logistic_Regression,Config_LLM,TPB,D00121,0,0
liquid100_mat5,any_relevance,2week,Logistic_Regression,Config_LLM,TPB,D00122,0,0
liquid100_mat5,any_relevance,2week,Logistic_Regression,Config_LLM,TPB,D00123,1,0
liquid100_mat5,any_relevance,2week,Logistic_Regression,Config_LLM,TPB,D00124,0,0
liquid100_mat5,any_relevance,2week,Logistic_Regression,Config_LLM,TPB,D00125,0,1
liquid100_mat5,any_relevance,2week,Logistic_Regression,Config_LLM,TPB,D00126,1,0
liquid100_mat5,any_relevance,2week,Logistic_Regression,Config_LLM,TPB,D00127,0,1
liquid100_mat5,any_relevance,2week,Logistic_Regression,Config_LLM,TPB,D00128,0,1
liquid100_mat5,any_relevance,2week,Logistic_Regression,Config_LLM,TPB,D00129,0,1
liquid100_mat5,any_relevance,2week,Logistic_Regression,Config_LLM,TPB,D00130,1,1
liquid100_mat5,any_relevance,2week,Logistic_Regression,Config_LLM,TPB,D00131,0,0
liquid100_mat5,any_relevance,2week,Logistic_Regression,Config_LLM,TPB,D00132,0,0
liquid100_mat5,any_relevance,2week,Logistic_Regression,Config_LLM,TPB,D00133,1,0
liquid100_mat5,any_relevance,2week,Logistic_Regression,Config_LLM,TPB,D00134,0,0
liquid100_mat5,any_relevance,2week,Logistic_Regression,Config_LLM,TPB,D00135,0,0
liquid100_mat5,any_relevance,2week,Logistic_Regression,Config_LLM,TPB,D00136,0,0
liquid100_mat5,any_relevance,2week,Logistic_Regression,Config_LLM,TPB,D00137,0,0
liquid100_mat5,any_relevance,2week,Logistic_Regression,Config_LLM,TPB,D00138,0,0
liquid100_mat5,any_relevance,2week,Logistic_Regression,Config_LLM,TPB,D00139,0,0
liquid100_mat5,any_relevance,2week,Logistic_Regression,Config_LLM,TPB,D00140,0,0
liquid100_mat5,any_relevance,2week,Logistic_Regression,Config_LLM,TPB,D00141,1,0
liquid100_mat5,any_relevance,2week,Logistic_Regression,Config_LLM,TPB,D00142,0,0
liquid100_mat5,any_relevance,2week,Logistic_Regression,Config_LLM,VCB,D00119,1,0
liquid100_mat5,any_relevance,2week,Logistic_Regression,Config_LLM,VCB,D00120,1,0
liquid100_mat5,any_relevance,2week,Logistic_Regression,Config_LLM,VCB,D00121,0,0
liquid100_mat5,any_relevance,2week,Logistic_Regression,Config_LLM,VCB,D00122,0,0
liquid100_mat5,any_relevance,2week,Logistic_Regression,Config_LLM,VCB,D00123,1,0
liquid100_mat5,any_relevance,2week,Logistic_Regression,Config_LLM,VCB,D00124,0,0
liquid100_mat5,any_relevance,2week,Logistic_Regression,Config_LLM,VCB,D00125,0,0
liquid100_mat5,any_relevance,2week,Logistic_Regression,Config_LLM,VCB,D00126,0,0
liquid100_mat5,any_relevance,2week,Logistic_Regression,Config_LLM,VCB,D00127,0,0
liquid100_mat5,any_relevance,2week,Logistic_Regression,Config_LLM,VCB,D00128,0,0
liquid100_mat5,any_relevance,2week,Logistic_Regression,Config_LLM,VCB,D00129,1,0
liquid100_mat5,any_relevance,2week,Logistic_Regression,Config_LLM,VCB,D00130,1,0
liquid100_mat5,any_relevance,2week,Logistic_Regression,Config_LLM,VCB,D00131,0,1
liquid100_mat5,any_relevance,2week,Logistic_Regression,Config_LLM,VCB,D00132,0,1
liquid100_mat5,any_relevance,2week,Logistic_Regression,Config_LLM,VCB,D00133,0,0
liquid100_mat5,any_relevance,2week,Logistic_Regression,Config_LLM,VCB,D00134,0,0
liquid100_mat5,any_relevance,2week,Logistic_Regression,Config_LLM,VCB,D00135,0,0
liquid100_mat5,any_relevance,2week,Logistic_Regression,Config_LLM,VCB,D00136,0,0
liquid100_mat5,any_relevance,2week,Logistic_Regression,Config_LLM,VCB,D00137,0,0
liquid100_mat5,any_relevance,2week,Logistic_Regression,Config_LLM,VCB,D00138,0,0
liquid100_mat5,any_relevance,2week,Logistic_Regression,Config_LLM,VCB,D00139,1,1
liquid100_mat5,any_relevance,2week,Logistic_Regression,Config_LLM,VCB,D00140,0,0
liquid100_mat5,any_relevance,2week,Logistic_Regression,Config_LLM,VCB,D00141,0,0
liquid100_mat5,any_relevance,2week,Logistic_Regression,Config_LLM,VCB,D00142,0,0
liquid100_mat5,any_relevance,2week,Logistic_Regression,Config_LLM,VCG,D00119,1,0
liquid100_mat5,any_relevance,2week,Logistic_Regression,Config_LLM,VCG,D00120,0,0
liquid100_mat5,any_relevance,2week,Logistic_Regression,Config_LLM,VCG,D00121,1,0
liquid100_mat5,any_relevance,2week,Logistic_Regression,Config_LLM,VCG,D00122,1,0
liquid100_mat5,any_relevance,2week,Logistic_Regression,Config_LLM,VCG,D00123,0,0
liquid100_mat5,any_relevance,2week,Logistic_Regression,Config_LLM,VCG,D00124,0,0
liquid100_mat5,any_relevance,2week,Logistic_Regression,Config_LLM,VCG,D00125,0,0
liquid100_mat5,any_relevance,2week,Logistic_Regression,Config_LLM,VCG,D00126,0,0
liquid100_mat5,any_relevance,2week,Logistic_Regression,Config_LLM,VCG,D00127,0,0
liquid100_mat5,any_relevance,2week,Logistic_Regression,Config_LLM,VCG,D00128,0,0
liquid100_mat5,any_relevance,2week,Logistic_Regression,Config_LLM,VCG,D00129,0,1
liquid100_mat5,any_relevance,2week,Logistic_Regression,Config_LLM,VCG,D00130,0,1
liquid100_mat5,any_relevance,2week,Logistic_Regression,Config_LLM,VCG,D00131,0,0
liquid100_mat5,any_relevance,2week,Logistic_Regression,Config_LLM,VCG,D00132,0,0
liquid100_mat5,any_relevance,2week,Logistic_Regression,Config_LLM,VCG,D00133,1,0
liquid100_mat5,any_relevance,2week,Logistic_Regression,Config_LLM,VCG,D00134,1,0
liquid100_mat5,any_relevance,2week,Logistic_Regression,Config_LLM,VCG,D00135,0,0
liquid100_mat5,any_relevance,2week,Logistic_Regression,Config_LLM,VCG,D00136,0,1
liquid100_mat5,any_relevance,2week,Logistic_Regression,Config_LLM,VCG,D00137,0,0
liquid100_mat5,any_relevance,2week,Logistic_Regression,Config_LLM,VCG,D00138,0,0
liquid100_mat5,any_relevance,2week,Logistic_Regression,Config_LLM,VCG,D00139,0,0
liquid100_mat5,any_relevance,2week,Logistic_Regression,Config_LLM,VCG,D00140,0,0
liquid100_mat5,any_relevance,2week,Logistic_Regression,Config_LLM,VCG,D00141,0,0
liquid100_mat5,any_relevance,2week,Logistic_Regression,Config_LLM,VCG,D00142,1,1
liquid100_mat5,any_relevance,2week,Logistic_Regression,Config_LLM,VCI,D00119,1,0
liquid100_mat5,any_relevance,2week,Logistic_Regression,Config_LLM,VCI,D00120,0,0
liquid100_mat5,any_relevance,2week,Logistic_Regression,Config_LLM,VCI,D00121,0,0
liquid100_mat5,any_relevance,2week,Logistic_Regression,Config_LLM,VCI,D00122,0,0
liquid100_mat5,any_relevance,2week,Logistic_Regression,Config_LLM,VCI,D00123,0,0
liquid100_mat5,any_relevance,2week,Logistic_Regression,Config_LLM,VCI,D00124,0,0
liquid100_mat5,any_relevance,2week,Logistic_Regression,Config_LLM,VCI,D00125,0,0
liquid100_mat5,any_relevance,2week,Logistic_Regression,Config_LLM,VCI,D00126,0,0
liquid100_mat5,any_relevance,2week,Logistic_Regression,Config_LLM,VCI,D00127,0,1
liquid100_mat5,any_relevance,2week,Logistic_Regression,Config_LLM,VCI,D00128,0,1
liquid100_mat5,any_relevance,2week,Logistic_Regression,Config_LLM,VCI,D00129,0,1
liquid100_mat5,any_relevance,2week,Logistic_Regression,Config_LLM,VCI,D00130,1,1
liquid100_mat5,any_relevance,2week,Logistic_Regression,Config_LLM,VCI,D00131,1,1
liquid100_mat5,any_relevance,2week,Logistic_Regression,Config_LLM,VCI,D00132,0,1
liquid100_mat5,any_relevance,2week,Logistic_Regression,Config_LLM,VCI,D00133,1,1
liquid100_mat5,any_relevance,2week,Logistic_Regression,Config_LLM,VCI,D00134,0,1
liquid100_mat5,any_relevance,2week,Logistic_Regression,Config_LLM,VCI,D00135,0,1
liquid100_mat5,any_relevance,2week,Logistic_Regression,Config_LLM,VCI,D00136,1,1
liquid100_mat5,any_relevance,2week,Logistic_Regression,Config_LLM,VCI,D00137,0,0
liquid100_mat5,any_relevance,2week,Logistic_Regression,Config_LLM,VCI,D00138,0,1
liquid100_mat5,any_relevance,2week,Logistic_Regression,Config_LLM,VCI,D00139,0,1
liquid100_mat5,any_relevance,2week,Logistic_Regression,Config_LLM,VCI,D00140,0,0
liquid100_mat5,any_relevance,2week,Logistic_Regression,Config_LLM,VCI,D00141,0,0
liquid100_mat5,any_relevance,2week,Logistic_Regression,Config_LLM,VCI,D00142,0,0
liquid100_mat5,any_relevance,2week,Logistic_Regression,Config_LLM,VHM,D00119,0,0
liquid100_mat5,any_relevance,2week,Logistic_Regression,Config_LLM,VHM,D00120,1,0
liquid100_mat5,any_relevance,2week,Logistic_Regression,Config_LLM,VHM,D00121,0,0
liquid100_mat5,any_relevance,2week,Logistic_Regression,Config_LLM,VHM,D00122,0,0
liquid100_mat5,any_relevance,2week,Logistic_Regression,Config_LLM,VHM,D00123,1,0
liquid100_mat5,any_relevance,2week,Logistic_Regression,Config_LLM,VHM,D00124,0,0
liquid100_mat5,any_relevance,2week,Logistic_Regression,Config_LLM,VHM,D00125,0,0
liquid100_mat5,any_relevance,2week,Logistic_Regression,Config_LLM,VHM,D00126,1,0
liquid100_mat5,any_relevance,2week,Logistic_Regression,Config_LLM,VHM,D00127,1,0
liquid100_mat5,any_relevance,2week,Logistic_Regression,Config_LLM,VHM,D00128,0,0
liquid100_mat5,any_relevance,2week,Logistic_Regression,Config_LLM,VHM,D00129,1,0
liquid100_mat5,any_relevance,2week,Logistic_Regression,Config_LLM,VHM,D00130,0,0
liquid100_mat5,any_relevance,2week,Logistic_Regression,Config_LLM,VHM,D00131,0,0
liquid100_mat5,any_relevance,2week,Logistic_Regression,Config_LLM,VHM,D00132,0,0
liquid100_mat5,any_relevance,2week,Logistic_Regression,Config_LLM,VHM,D00133,0,0
liquid100_mat5,any_relevance,2week,Logistic_Regression,Config_LLM,VHM,D00134,0,0
liquid100_mat5,any_relevance,2week,Logistic_Regression,Config_LLM,VHM,D00135,1,0
liquid100_mat5,any_relevance,2week,Logistic_Regression,Config_LLM,VHM,D00136,1,0
liquid100_mat5,any_relevance,2week,Logistic_Regression,Config_LLM,VHM,D00137,1,0
liquid100_mat5,any_relevance,2week,Logistic_Regression,Config_LLM,VHM,D00138,1,1
liquid100_mat5,any_relevance,2week,Logistic_Regression,Config_LLM,VHM,D00139,0,1
liquid100_mat5,any_relevance,2week,Logistic_Regression,Config_LLM,VHM,D00140,0,0
liquid100_mat5,any_relevance,2week,Logistic_Regression,Config_LLM,VHM,D00141,0,1
liquid100_mat5,any_relevance,2week,Logistic_Regression,Config_LLM,VHM,D00142,1,1
liquid100_mat5,any_relevance,2week,Logistic_Regression,Config_LLM,VIB,D00119,1,1
liquid100_mat5,any_relevance,2week,Logistic_Regression,Config_LLM,VIB,D00120,1,1
liquid100_mat5,any_relevance,2week,Logistic_Regression,Config_LLM,VIB,D00121,0,1
liquid100_mat5,any_relevance,2week,Logistic_Regression,Config_LLM,VIB,D00122,0,1
liquid100_mat5,any_relevance,2week,Logistic_Regression,Config_LLM,VIB,D00123,0,1
liquid100_mat5,any_relevance,2week,Logistic_Regression,Config_LLM,VIB,D00124,0,0
liquid100_mat5,any_relevance,2week,Logistic_Regression,Config_LLM,VIB,D00125,0,0
liquid100_mat5,any_relevance,2week,Logistic_Regression,Config_LLM,VIB,D00126,0,0
liquid100_mat5,any_relevance,2week,Logistic_Regression,Config_LLM,VIB,D00127,0,1
liquid100_mat5,any_relevance,2week,Logistic_Regression,Config_LLM,VIB,D00128,0,0
liquid100_mat5,any_relevance,2week,Logistic_Regression,Config_LLM,VIB,D00129,0,0
liquid100_mat5,any_relevance,2week,Logistic_Regression,Config_LLM,VIB,D00130,1,0
liquid100_mat5,any_relevance,2week,Logistic_Regression,Config_LLM,VIB,D00131,0,0
liquid100_mat5,any_relevance,2week,Logistic_Regression,Config_LLM,VIB,D00132,0,0
liquid100_mat5,any_relevance,2week,Logistic_Regression,Config_LLM,VIB,D00133,0,0
liquid100_mat5,any_relevance,2week,Logistic_Regression,Config_LLM,VIB,D00134,0,0
liquid100_mat5,any_relevance,2week,Logistic_Regression,Config_LLM,VIB,D00135,0,0
liquid100_mat5,any_relevance,2week,Logistic_Regression,Config_LLM,VIB,D00136,0,0
liquid100_mat5,any_relevance,2week,Logistic_Regression,Config_LLM,VIB,D00137,0,0
liquid100_mat5,any_relevance,2week,Logistic_Regression,Config_LLM,VIB,D00138,0,1
liquid100_mat5,any_relevance,2week,Logistic_Regression,Config_LLM,VIB,D00139,0,1
liquid100_mat5,any_relevance,2week,Logistic_Regression,Config_LLM,VIB,D00140,0,0
liquid100_mat5,any_relevance,2week,Logistic_Regression,Config_LLM,VIB,D00141,0,0
liquid100_mat5,any_relevance,2week,Logistic_Regression,Config_LLM,VIB,D00142,0,0
liquid100_mat5,any_relevance,2week,Logistic_Regression,Config_LLM,VIC,D00119,1,0
liquid100_mat5,any_relevance,2week,Logistic_Regression,Config_LLM,VIC,D00120,1,0
liquid100_mat5,any_relevance,2week,Logistic_Regression,Config_LLM,VIC,D00121,1,0
liquid100_mat5,any_relevance,2week,Logistic_Regression,Config_LLM,VIC,D00122,1,0
liquid100_mat5,any_relevance,2week,Logistic_Regression,Config_LLM,VIC,D00123,1,0
liquid100_mat5,any_relevance,2week,Logistic_Regression,Config_LLM,VIC,D00124,1,0
liquid100_mat5,any_relevance,2week,Logistic_Regression,Config_LLM,VIC,D00125,0,0
liquid100_mat5,any_relevance,2week,Logistic_Regression,Config_LLM,VIC,D00126,1,0
liquid100_mat5,any_relevance,2week,Logistic_Regression,Config_LLM,VIC,D00127,1,0
liquid100_mat5,any_relevance,2week,Logistic_Regression,Config_LLM,VIC,D00128,1,1
liquid100_mat5,any_relevance,2week,Logistic_Regression,Config_LLM,VIC,D00129,1,1
liquid100_mat5,any_relevance,2week,Logistic_Regression,Config_LLM,VIC,D00130,0,0
liquid100_mat5,any_relevance,2week,Logistic_Regression,Config_LLM,VIC,D00131,0,0
liquid100_mat5,any_relevance,2week,Logistic_Regression,Config_LLM,VIC,D00132,1,0
liquid100_mat5,any_relevance,2week,Logistic_Regression,Config_LLM,VIC,D00133,1,0
liquid100_mat5,any_relevance,2week,Logistic_Regression,Config_LLM,VIC,D00134,0,0
liquid100_mat5,any_relevance,2week,Logistic_Regression,Config_LLM,VIC,D00135,0,0
liquid100_mat5,any_relevance,2week,Logistic_Regression,Config_LLM,VIC,D00136,1,0
liquid100_mat5,any_relevance,2week,Logistic_Regression,Config_LLM,VIC,D00137,1,0
liquid100_mat5,any_relevance,2week,Logistic_Regression,Config_LLM,VIC,D00138,1,0
liquid100_mat5,any_relevance,2week,Logistic_Regression,Config_LLM,VIC,D00139,0,0
liquid100_mat5,any_relevance,2week,Logistic_Regression,Config_LLM,VIC,D00140,0,0
liquid100_mat5,any_relevance,2week,Logistic_Regression,Config_LLM,VIC,D00141,1,0
liquid100_mat5,any_relevance,2week,Logistic_Regression,Config_LLM,VIC,D00142,1,0
liquid100_mat5,any_relevance,2week,Logistic_Regression,Config_LLM,VJC,D00119,1,0
liquid100_mat5,any_relevance,2week,Logistic_Regression,Config_LLM,VJC,D00120,1,0
liquid100_mat5,any_relevance,2week,Logistic_Regression,Config_LLM,VJC,D00121,0,0
liquid100_mat5,any_relevance,2week,Logistic_Regression,Config_LLM,VJC,D00122,0,0
liquid100_mat5,any_relevance,2week,Logistic_Regression,Config_LLM,VJC,D00123,1,0
liquid100_mat5,any_relevance,2week,Logistic_Regression,Config_LLM,VJC,D00124,1,0
liquid100_mat5,any_relevance,2week,Logistic_Regression,Config_LLM,VJC,D00125,0,1
liquid100_mat5,any_relevance,2week,Logistic_Regression,Config_LLM,VJC,D00126,1,1
liquid100_mat5,any_relevance,2week,Logistic_Regression,Config_LLM,VJC,D00127,1,1
liquid100_mat5,any_relevance,2week,Logistic_Regression,Config_LLM,VJC,D00128,0,0
liquid100_mat5,any_relevance,2week,Logistic_Regression,Config_LLM,VJC,D00129,1,0
liquid100_mat5,any_relevance,2week,Logistic_Regression,Config_LLM,VJC,D00130,0,0
liquid100_mat5,any_relevance,2week,Logistic_Regression,Config_LLM,VJC,D00131,0,0
liquid100_mat5,any_relevance,2week,Logistic_Regression,Config_LLM,VJC,D00132,0,0
liquid100_mat5,any_relevance,2week,Logistic_Regression,Config_LLM,VJC,D00133,1,0
liquid100_mat5,any_relevance,2week,Logistic_Regression,Config_LLM,VJC,D00134,0,0
liquid100_mat5,any_relevance,2week,Logistic_Regression,Config_LLM,VJC,D00135,0,0
liquid100_mat5,any_relevance,2week,Logistic_Regression,Config_LLM,VJC,D00136,1,0
liquid100_mat5,any_relevance,2week,Logistic_Regression,Config_LLM,VJC,D00137,1,0
liquid100_mat5,any_relevance,2week,Logistic_Regression,Config_LLM,VJC,D00138,0,0
liquid100_mat5,any_relevance,2week,Logistic_Regression,Config_LLM,VJC,D00139,0,0
liquid100_mat5,any_relevance,2week,Logistic_Regression,Config_LLM,VJC,D00140,1,0
liquid100_mat5,any_relevance,2week,Logistic_Regression,Config_LLM,VJC,D00141,1,0
liquid100_mat5,any_relevance,2week,Logistic_Regression,Config_LLM,VJC,D00142,0,0
liquid100_mat5,any_relevance,2week,Logistic_Regression,Config_LLM,VND,D00119,1,0
liquid100_mat5,any_relevance,2week,Logistic_Regression,Config_LLM,VND,D00120,0,0
liquid100_mat5,any_relevance,2week,Logistic_Regression,Config_LLM,VND,D00121,0,0
liquid100_mat5,any_relevance,2week,Logistic_Regression,Config_LLM,VND,D00122,0,0
liquid100_mat5,any_relevance,2week,Logistic_Regression,Config_LLM,VND,D00123,1,0
liquid100_mat5,any_relevance,2week,Logistic_Regression,Config_LLM,VND,D00124,0,0
liquid100_mat5,any_relevance,2week,Logistic_Regression,Config_LLM,VND,D00125,0,0
liquid100_mat5,any_relevance,2week,Logistic_Regression,Config_LLM,VND,D00126,0,1
liquid100_mat5,any_relevance,2week,Logistic_Regression,Config_LLM,VND,D00127,0,0
liquid100_mat5,any_relevance,2week,Logistic_Regression,Config_LLM,VND,D00128,1,0
liquid100_mat5,any_relevance,2week,Logistic_Regression,Config_LLM,VND,D00129,0,0
liquid100_mat5,any_relevance,2week,Logistic_Regression,Config_LLM,VND,D00130,1,0
liquid100_mat5,any_relevance,2week,Logistic_Regression,Config_LLM,VND,D00131,0,0
liquid100_mat5,any_relevance,2week,Logistic_Regression,Config_LLM,VND,D00132,0,0
liquid100_mat5,any_relevance,2week,Logistic_Regression,Config_LLM,VND,D00133,1,0
liquid100_mat5,any_relevance,2week,Logistic_Regression,Config_LLM,VND,D00134,0,0
liquid100_mat5,any_relevance,2week,Logistic_Regression,Config_LLM,VND,D00135,0,0
liquid100_mat5,any_relevance,2week,Logistic_Regression,Config_LLM,VND,D00136,1,0
liquid100_mat5,any_relevance,2week,Logistic_Regression,Config_LLM,VND,D00137,0,0
liquid100_mat5,any_relevance,2week,Logistic_Regression,Config_LLM,VND,D00138,0,0
liquid100_mat5,any_relevance,2week,Logistic_Regression,Config_LLM,VND,D00139,1,0
liquid100_mat5,any_relevance,2week,Logistic_Regression,Config_LLM,VND,D00140,1,0
liquid100_mat5,any_relevance,2week,Logistic_Regression,Config_LLM,VND,D00141,1,0
liquid100_mat5,any_relevance,2week,Logistic_Regression,Config_LLM,VND,D00142,0,0
liquid100_mat5,any_relevance,2week,Logistic_Regression,Config_LLM,VNM,D00119,0,0
liquid100_mat5,any_relevance,2week,Logistic_Regression,Config_LLM,VNM,D00120,0,0
liquid100_mat5,any_relevance,2week,Logistic_Regression,Config_LLM,VNM,D00121,1,0
liquid100_mat5,any_relevance,2week,Logistic_Regression,Config_LLM,VNM,D00122,0,0
liquid100_mat5,any_relevance,2week,Logistic_Regression,Config_LLM,VNM,D00123,1,1
liquid100_mat5,any_relevance,2week,Logistic_Regression,Config_LLM,VNM,D00124,0,1
liquid100_mat5,any_relevance,2week,Logistic_Regression,Config_LLM,VNM,D00125,1,1
liquid100_mat5,any_relevance,2week,Logistic_Regression,Config_LLM,VNM,D00126,1,0
liquid100_mat5,any_relevance,2week,Logistic_Regression,Config_LLM,VNM,D00127,1,0
liquid100_mat5,any_relevance,2week,Logistic_Regression,Config_LLM,VNM,D00128,0,0
liquid100_mat5,any_relevance,2week,Logistic_Regression,Config_LLM,VNM,D00129,0,1
liquid100_mat5,any_relevance,2week,Logistic_Regression,Config_LLM,VNM,D00130,1,1
liquid100_mat5,any_relevance,2week,Logistic_Regression,Config_LLM,VNM,D00131,1,0
liquid100_mat5,any_relevance,2week,Logistic_Regression,Config_LLM,VNM,D00132,0,0
liquid100_mat5,any_relevance,2week,Logistic_Regression,Config_LLM,VNM,D00133,0,0
liquid100_mat5,any_relevance,2week,Logistic_Regression,Config_LLM,VNM,D00134,0,1
liquid100_mat5,any_relevance,2week,Logistic_Regression,Config_LLM,VNM,D00135,0,0
liquid100_mat5,any_relevance,2week,Logistic_Regression,Config_LLM,VNM,D00136,0,0
liquid100_mat5,any_relevance,2week,Logistic_Regression,Config_LLM,VNM,D00137,0,0
liquid100_mat5,any_relevance,2week,Logistic_Regression,Config_LLM,VNM,D00138,0,0
liquid100_mat5,any_relevance,2week,Logistic_Regression,Config_LLM,VNM,D00139,0,0
liquid100_mat5,any_relevance,2week,Logistic_Regression,Config_LLM,VNM,D00140,0,1
liquid100_mat5,any_relevance,2week,Logistic_Regression,Config_LLM,VNM,D00141,0,1
liquid100_mat5,any_relevance,2week,Logistic_Regression,Config_LLM,VNM,D00142,0,0
liquid100_mat5,any_relevance,2week,Logistic_Regression,Config_LLM,VPB,D00119,1,0
liquid100_mat5,any_relevance,2week,Logistic_Regression,Config_LLM,VPB,D00120,1,0
liquid100_mat5,any_relevance,2week,Logistic_Regression,Config_LLM,VPB,D00121,0,0
liquid100_mat5,any_relevance,2week,Logistic_Regression,Config_LLM,VPB,D00122,0,0
liquid100_mat5,any_relevance,2week,Logistic_Regression,Config_LLM,VPB,D00123,1,0
liquid100_mat5,any_relevance,2week,Logistic_Regression,Config_LLM,VPB,D00124,0,0
liquid100_mat5,any_relevance,2week,Logistic_Regression,Config_LLM,VPB,D00125,0,0
liquid100_mat5,any_relevance,2week,Logistic_Regression,Config_LLM,VPB,D00126,0,0
liquid100_mat5,any_relevance,2week,Logistic_Regression,Config_LLM,VPB,D00127,1,0
liquid100_mat5,any_relevance,2week,Logistic_Regression,Config_LLM,VPB,D00128,0,0
liquid100_mat5,any_relevance,2week,Logistic_Regression,Config_LLM,VPB,D00129,0,1
liquid100_mat5,any_relevance,2week,Logistic_Regression,Config_LLM,VPB,D00130,1,0
liquid100_mat5,any_relevance,2week,Logistic_Regression,Config_LLM,VPB,D00131,0,0
liquid100_mat5,any_relevance,2week,Logistic_Regression,Config_LLM,VPB,D00132,0,0
liquid100_mat5,any_relevance,2week,Logistic_Regression,Config_LLM,VPB,D00133,1,0
liquid100_mat5,any_relevance,2week,Logistic_Regression,Config_LLM,VPB,D00134,0,0
liquid100_mat5,any_relevance,2week,Logistic_Regression,Config_LLM,VPB,D00135,0,0
liquid100_mat5,any_relevance,2week,Logistic_Regression,Config_LLM,VPB,D00136,1,0
liquid100_mat5,any_relevance,2week,Logistic_Regression,Config_LLM,VPB,D00137,1,0
liquid100_mat5,any_relevance,2week,Logistic_Regression,Config_LLM,VPB,D00138,0,0
liquid100_mat5,any_relevance,2week,Logistic_Regression,Config_LLM,VPB,D00139,0,0
liquid100_mat5,any_relevance,2week,Logistic_Regression,Config_LLM,VPB,D00140,0,0
liquid100_mat5,any_relevance,2week,Logistic_Regression,Config_LLM,VPB,D00141,0,0
liquid100_mat5,any_relevance,2week,Logistic_Regression,Config_LLM,VPB,D00142,0,1
liquid100_mat5,any_relevance,2week,Logistic_Regression,Config_LLM,VSC,D00119,1,0
liquid100_mat5,any_relevance,2week,Logistic_Regression,Config_LLM,VSC,D00120,0,0
liquid100_mat5,any_relevance,2week,Logistic_Regression,Config_LLM,VSC,D00121,0,1
liquid100_mat5,any_relevance,2week,Logistic_Regression,Config_LLM,VSC,D00122,0,0
liquid100_mat5,any_relevance,2week,Logistic_Regression,Config_LLM,VSC,D00123,0,0
liquid100_mat5,any_relevance,2week,Logistic_Regression,Config_LLM,VSC,D00124,0,0
liquid100_mat5,any_relevance,2week,Logistic_Regression,Config_LLM,VSC,D00125,0,0
liquid100_mat5,any_relevance,2week,Logistic_Regression,Config_LLM,VSC,D00126,1,0
liquid100_mat5,any_relevance,2week,Logistic_Regression,Config_LLM,VSC,D00127,0,0
liquid100_mat5,any_relevance,2week,Logistic_Regression,Config_LLM,VSC,D00128,0,0
liquid100_mat5,any_relevance,2week,Logistic_Regression,Config_LLM,VSC,D00129,0,0
liquid100_mat5,any_relevance,2week,Logistic_Regression,Config_LLM,VSC,D00130,1,0
liquid100_mat5,any_relevance,2week,Logistic_Regression,Config_LLM,VSC,D00131,0,0
liquid100_mat5,any_relevance,2week,Logistic_Regression,Config_LLM,VSC,D00132,1,0
liquid100_mat5,any_relevance,2week,Logistic_Regression,Config_LLM,VSC,D00133,1,0
liquid100_mat5,any_relevance,2week,Logistic_Regression,Config_LLM,VSC,D00134,0,0
liquid100_mat5,any_relevance,2week,Logistic_Regression,Config_LLM,VSC,D00135,0,0
liquid100_mat5,any_relevance,2week,Logistic_Regression,Config_LLM,VSC,D00136,1,0
liquid100_mat5,any_relevance,2week,Logistic_Regression,Config_LLM,VSC,D00137,0,0
liquid100_mat5,any_relevance,2week,Logistic_Regression,Config_LLM,VSC,D00138,0,0
liquid100_mat5,any_relevance,2week,Logistic_Regression,Config_LLM,VSC,D00139,0,0
liquid100_mat5,any_relevance,2week,Logistic_Regression,Config_LLM,VSC,D00140,0,0
liquid100_mat5,any_relevance,2week,Logistic_Regression,Config_LLM,VSC,D00141,0,0
liquid100_mat5,any_relevance,2week,Logistic_Regression,Config_LLM,VSC,D00142,0,0
liquid100_mat5,any_relevance,2week,Random_Forest,Config_LLM,ACB,D00119,1,0
liquid100_mat5,any_relevance,2week,Random_Forest,Config_LLM,ACB,D00120,1,0
liquid100_mat5,any_relevance,2week,Random_Forest,Config_LLM,ACB,D00121,0,0
liquid100_mat5,any_relevance,2week,Random_Forest,Config_LLM,ACB,D00122,0,1
liquid100_mat5,any_relevance,2week,Random_Forest,Config_LLM,ACB,D00123,1,0
liquid100_mat5,any_relevance,2week,Random_Forest,Config_LLM,ACB,D00124,0,1
liquid100_mat5,any_relevance,2week,Random_Forest,Config_LLM,ACB,D00125,0,1
liquid100_mat5,any_relevance,2week,Random_Forest,Config_LLM,ACB,D00126,0,0
liquid100_mat5,any_relevance,2week,Random_Forest,Config_LLM,ACB,D00127,0,0
liquid100_mat5,any_relevance,2week,Random_Forest,Config_LLM,ACB,D00128,0,1
liquid100_mat5,any_relevance,2week,Random_Forest,Config_LLM,ACB,D00129,0,0
liquid100_mat5,any_relevance,2week,Random_Forest,Config_LLM,ACB,D00130,1,0
liquid100_mat5,any_relevance,2week,Random_Forest,Config_LLM,ACB,D00131,0,0
liquid100_mat5,any_relevance,2week,Random_Forest,Config_LLM,ACB,D00132,0,0
liquid100_mat5,any_relevance,2week,Random_Forest,Config_LLM,ACB,D00133,1,1
liquid100_mat5,any_relevance,2week,Random_Forest,Config_LLM,ACB,D00134,0,1
liquid100_mat5,any_relevance,2week,Random_Forest,Config_LLM,ACB,D00135,0,0
liquid100_mat5,any_relevance,2week,Random_Forest,Config_LLM,ACB,D00136,0,0
liquid100_mat5,any_relevance,2week,Random_Forest,Config_LLM,ACB,D00137,0,0
liquid100_mat5,any_relevance,2week,Random_Forest,Config_LLM,ACB,D00138,0,0
liquid100_mat5,any_relevance,2week,Random_Forest,Config_LLM,ACB,D00139,1,0
liquid100_mat5,any_relevance,2week,Random_Forest,Config_LLM,ACB,D00140,1,0
liquid100_mat5,any_relevance,2week,Random_Forest,Config_LLM,ACB,D00141,0,0
liquid100_mat5,any_relevance,2week,Random_Forest,Config_LLM,ACB,D00142,0,1
liquid100_mat5,any_relevance,2week,Random_Forest,Config_LLM,BID,D00119,1,0
liquid100_mat5,any_relevance,2week,Random_Forest,Config_LLM,BID,D00120,1,0
liquid100_mat5,any_relevance,2week,Random_Forest,Config_LLM,BID,D00121,0,0
liquid100_mat5,any_relevance,2week,Random_Forest,Config_LLM,BID,D00122,0,0
liquid100_mat5,any_relevance,2week,Random_Forest,Config_LLM,BID,D00123,0,0
liquid100_mat5,any_relevance,2week,Random_Forest,Config_LLM,BID,D00124,0,0
liquid100_mat5,any_relevance,2week,Random_Forest,Config_LLM,BID,D00125,0,0
liquid100_mat5,any_relevance,2week,Random_Forest,Config_LLM,BID,D00126,0,0
liquid100_mat5,any_relevance,2week,Random_Forest,Config_LLM,BID,D00127,0,0
liquid100_mat5,any_relevance,2week,Random_Forest,Config_LLM,BID,D00128,0,0
liquid100_mat5,any_relevance,2week,Random_Forest,Config_LLM,BID,D00129,1,0
liquid100_mat5,any_relevance,2week,Random_Forest,Config_LLM,BID,D00130,1,0
liquid100_mat5,any_relevance,2week,Random_Forest,Config_LLM,BID,D00131,1,0
liquid100_mat5,any_relevance,2week,Random_Forest,Config_LLM,BID,D00132,0,0
liquid100_mat5,any_relevance,2week,Random_Forest,Config_LLM,BID,D00133,0,0
liquid100_mat5,any_relevance,2week,Random_Forest,Config_LLM,BID,D00134,0,0
liquid100_mat5,any_relevance,2week,Random_Forest,Config_LLM,BID,D00135,0,0
liquid100_mat5,any_relevance,2week,Random_Forest,Config_LLM,BID,D00136,0,0
liquid100_mat5,any_relevance,2week,Random_Forest,Config_LLM,BID,D00137,0,0
liquid100_mat5,any_relevance,2week,Random_Forest,Config_LLM,BID,D00138,1,1
liquid100_mat5,any_relevance,2week,Random_Forest,Config_LLM,BID,D00139,1,0
liquid100_mat5,any_relevance,2week,Random_Forest,Config_LLM,BID,D00140,0,1
liquid100_mat5,any_relevance,2week,Random_Forest,Config_LLM,BID,D00141,0,0
liquid100_mat5,any_relevance,2week,Random_Forest,Config_LLM,BID,D00142,0,0
liquid100_mat5,any_relevance,2week,Random_Forest,Config_LLM,CTG,D00119,1,0
liquid100_mat5,any_relevance,2week,Random_Forest,Config_LLM,CTG,D00120,1,0
liquid100_mat5,any_relevance,2week,Random_Forest,Config_LLM,CTG,D00121,0,0
liquid100_mat5,any_relevance,2week,Random_Forest,Config_LLM,CTG,D00122,0,0
liquid100_mat5,any_relevance,2week,Random_Forest,Config_LLM,CTG,D00123,1,0
liquid100_mat5,any_relevance,2week,Random_Forest,Config_LLM,CTG,D00124,0,0
liquid100_mat5,any_relevance,2week,Random_Forest,Config_LLM,CTG,D00125,0,0
liquid100_mat5,any_relevance,2week,Random_Forest,Config_LLM,CTG,D00126,0,0
liquid100_mat5,any_relevance,2week,Random_Forest,Config_LLM,CTG,D00127,1,0
liquid100_mat5,any_relevance,2week,Random_Forest,Config_LLM,CTG,D00128,0,1
liquid100_mat5,any_relevance,2week,Random_Forest,Config_LLM,CTG,D00129,1,0
liquid100_mat5,any_relevance,2week,Random_Forest,Config_LLM,CTG,D00130,1,0
liquid100_mat5,any_relevance,2week,Random_Forest,Config_LLM,CTG,D00131,0,0
liquid100_mat5,any_relevance,2week,Random_Forest,Config_LLM,CTG,D00132,0,0
liquid100_mat5,any_relevance,2week,Random_Forest,Config_LLM,CTG,D00133,0,1
liquid100_mat5,any_relevance,2week,Random_Forest,Config_LLM,CTG,D00134,0,0
liquid100_mat5,any_relevance,2week,Random_Forest,Config_LLM,CTG,D00135,0,0
liquid100_mat5,any_relevance,2week,Random_Forest,Config_LLM,CTG,D00136,0,0
liquid100_mat5,any_relevance,2week,Random_Forest,Config_LLM,CTG,D00137,0,0
liquid100_mat5,any_relevance,2week,Random_Forest,Config_LLM,CTG,D00138,0,0
liquid100_mat5,any_relevance,2week,Random_Forest,Config_LLM,CTG,D00139,0,0
liquid100_mat5,any_relevance,2week,Random_Forest,Config_LLM,CTG,D00140,0,0
liquid100_mat5,any_relevance,2week,Random_Forest,Config_LLM,CTG,D00141,0,0
liquid100_mat5,any_relevance,2week,Random_Forest,Config_LLM,CTG,D00142,0,0
liquid100_mat5,any_relevance,2week,Random_Forest,Config_LLM,DCM,D00119,1,0
liquid100_mat5,any_relevance,2week,Random_Forest,Config_LLM,DCM,D00120,0,0
liquid100_mat5,any_relevance,2week,Random_Forest,Config_LLM,DCM,D00121,0,0
liquid100_mat5,any_relevance,2week,Random_Forest,Config_LLM,DCM,D00122,0,0
liquid100_mat5,any_relevance,2week,Random_Forest,Config_LLM,DCM,D00123,0,0
liquid100_mat5,any_relevance,2week,Random_Forest,Config_LLM,DCM,D00124,0,0
liquid100_mat5,any_relevance,2week,Random_Forest,Config_LLM,DCM,D00125,0,0
liquid100_mat5,any_relevance,2week,Random_Forest,Config_LLM,DCM,D00126,0,0
liquid100_mat5,any_relevance,2week,Random_Forest,Config_LLM,DCM,D00127,0,0
liquid100_mat5,any_relevance,2week,Random_Forest,Config_LLM,DCM,D00128,0,0
liquid100_mat5,any_relevance,2week,Random_Forest,Config_LLM,DCM,D00129,1,0
liquid100_mat5,any_relevance,2week,Random_Forest,Config_LLM,DCM,D00130,1,0
liquid100_mat5,any_relevance,2week,Random_Forest,Config_LLM,DCM,D00131,1,0
liquid100_mat5,any_relevance,2week,Random_Forest,Config_LLM,DCM,D00132,1,0
liquid100_mat5,any_relevance,2week,Random_Forest,Config_LLM,DCM,D00133,1,0
liquid100_mat5,any_relevance,2week,Random_Forest,Config_LLM,DCM,D00134,1,0
liquid100_mat5,any_relevance,2week,Random_Forest,Config_LLM,DCM,D00135,0,0
liquid100_mat5,any_relevance,2week,Random_Forest,Config_LLM,DCM,D00136,0,0
liquid100_mat5,any_relevance,2week,Random_Forest,Config_LLM,DCM,D00137,0,0
liquid100_mat5,any_relevance,2week,Random_Forest,Config_LLM,DCM,D00138,0,0
liquid100_mat5,any_relevance,2week,Random_Forest,Config_LLM,DCM,D00139,0,0
liquid100_mat5,any_relevance,2week,Random_Forest,Config_LLM,DCM,D00140,0,0
liquid100_mat5,any_relevance,2week,Random_Forest,Config_LLM,DCM,D00141,0,0
liquid100_mat5,any_relevance,2week,Random_Forest,Config_LLM,DCM,D00142,0,0
liquid100_mat5,any_relevance,2week,Random_Forest,Config_LLM,DIG,D00119,1,0
liquid100_mat5,any_relevance,2week,Random_Forest,Config_LLM,DIG,D00120,0,0
liquid100_mat5,any_relevance,2week,Random_Forest,Config_LLM,DIG,D00121,1,0
liquid100_mat5,any_relevance,2week,Random_Forest,Config_LLM,DIG,D00122,0,0
liquid100_mat5,any_relevance,2week,Random_Forest,Config_LLM,DIG,D00123,0,0
liquid100_mat5,any_relevance,2week,Random_Forest,Config_LLM,DIG,D00124,0,0
liquid100_mat5,any_relevance,2week,Random_Forest,Config_LLM,DIG,D00125,0,0
liquid100_mat5,any_relevance,2week,Random_Forest,Config_LLM,DIG,D00126,1,1
liquid100_mat5,any_relevance,2week,Random_Forest,Config_LLM,DIG,D00127,0,0
liquid100_mat5,any_relevance,2week,Random_Forest,Config_LLM,DIG,D00128,0,0
liquid100_mat5,any_relevance,2week,Random_Forest,Config_LLM,DIG,D00129,0,0
liquid100_mat5,any_relevance,2week,Random_Forest,Config_LLM,DIG,D00130,0,0
liquid100_mat5,any_relevance,2week,Random_Forest,Config_LLM,DIG,D00131,0,1
liquid100_mat5,any_relevance,2week,Random_Forest,Config_LLM,DIG,D00132,0,1
liquid100_mat5,any_relevance,2week,Random_Forest,Config_LLM,DIG,D00133,0,0
liquid100_mat5,any_relevance,2week,Random_Forest,Config_LLM,DIG,D00134,0,0
liquid100_mat5,any_relevance,2week,Random_Forest,Config_LLM,DIG,D00135,1,0
liquid100_mat5,any_relevance,2week,Random_Forest,Config_LLM,DIG,D00136,1,0
liquid100_mat5,any_relevance,2week,Random_Forest,Config_LLM,DIG,D00137,0,0
liquid100_mat5,any_relevance,2week,Random_Forest,Config_LLM,DIG,D00138,1,1
liquid100_mat5,any_relevance,2week,Random_Forest,Config_LLM,DIG,D00139,0,0
liquid100_mat5,any_relevance,2week,Random_Forest,Config_LLM,DIG,D00140,0,0
liquid100_mat5,any_relevance,2week,Random_Forest,Config_LLM,DIG,D00141,0,0
liquid100_mat5,any_relevance,2week,Random_Forest,Config_LLM,DIG,D00142,0,0
liquid100_mat5,any_relevance,2week,Random_Forest,Config_LLM,DPM,D00119,1,1
liquid100_mat5,any_relevance,2week,Random_Forest,Config_LLM,DPM,D00120,0,0
liquid100_mat5,any_relevance,2week,Random_Forest,Config_LLM,DPM,D00121,0,0
liquid100_mat5,any_relevance,2week,Random_Forest,Config_LLM,DPM,D00122,0,0
liquid100_mat5,any_relevance,2week,Random_Forest,Config_LLM,DPM,D00123,0,0
liquid100_mat5,any_relevance,2week,Random_Forest,Config_LLM,DPM,D00124,0,0
liquid100_mat5,any_relevance,2week,Random_Forest,Config_LLM,DPM,D00125,0,0
liquid100_mat5,any_relevance,2week,Random_Forest,Config_LLM,DPM,D00126,0,0
liquid100_mat5,any_relevance,2week,Random_Forest,Config_LLM,DPM,D00127,0,1
liquid100_mat5,any_relevance,2week,Random_Forest,Config_LLM,DPM,D00128,0,0
liquid100_mat5,any_relevance,2week,Random_Forest,Config_LLM,DPM,D00129,1,0
liquid100_mat5,any_relevance,2week,Random_Forest,Config_LLM,DPM,D00130,1,0
liquid100_mat5,any_relevance,2week,Random_Forest,Config_LLM,DPM,D00131,0,0
liquid100_mat5,any_relevance,2week,Random_Forest,Config_LLM,DPM,D00132,1,0
liquid100_mat5,any_relevance,2week,Random_Forest,Config_LLM,DPM,D00133,1,0
liquid100_mat5,any_relevance,2week,Random_Forest,Config_LLM,DPM,D00134,1,0
liquid100_mat5,any_relevance,2week,Random_Forest,Config_LLM,DPM,D00135,0,0
liquid100_mat5,any_relevance,2week,Random_Forest,Config_LLM,DPM,D00136,0,0
liquid100_mat5,any_relevance,2week,Random_Forest,Config_LLM,DPM,D00137,0,0
liquid100_mat5,any_relevance,2week,Random_Forest,Config_LLM,DPM,D00138,0,0
liquid100_mat5,any_relevance,2week,Random_Forest,Config_LLM,DPM,D00139,0,0
liquid100_mat5,any_relevance,2week,Random_Forest,Config_LLM,DPM,D00140,0,0
liquid100_mat5,any_relevance,2week,Random_Forest,Config_LLM,DPM,D00141,0,0
liquid100_mat5,any_relevance,2week,Random_Forest,Config_LLM,DPM,D00142,0,0
liquid100_mat5,any_relevance,2week,Random_Forest,Config_LLM,DXG,D00119,1,0
liquid100_mat5,any_relevance,2week,Random_Forest,Config_LLM,DXG,D00120,1,0
liquid100_mat5,any_relevance,2week,Random_Forest,Config_LLM,DXG,D00121,1,0
liquid100_mat5,any_relevance,2week,Random_Forest,Config_LLM,DXG,D00122,0,0
liquid100_mat5,any_relevance,2week,Random_Forest,Config_LLM,DXG,D00123,0,0
liquid100_mat5,any_relevance,2week,Random_Forest,Config_LLM,DXG,D00124,0,0
liquid100_mat5,any_relevance,2week,Random_Forest,Config_LLM,DXG,D00125,0,0
liquid100_mat5,any_relevance,2week,Random_Forest,Config_LLM,DXG,D00126,0,0
liquid100_mat5,any_relevance,2week,Random_Forest,Config_LLM,DXG,D00127,0,0
liquid100_mat5,any_relevance,2week,Random_Forest,Config_LLM,DXG,D00128,0,0
liquid100_mat5,any_relevance,2week,Random_Forest,Config_LLM,DXG,D00129,0,0
liquid100_mat5,any_relevance,2week,Random_Forest,Config_LLM,DXG,D00130,0,0
liquid100_mat5,any_relevance,2week,Random_Forest,Config_LLM,DXG,D00131,0,0
liquid100_mat5,any_relevance,2week,Random_Forest,Config_LLM,DXG,D00132,0,0
liquid100_mat5,any_relevance,2week,Random_Forest,Config_LLM,DXG,D00133,0,0
liquid100_mat5,any_relevance,2week,Random_Forest,Config_LLM,DXG,D00134,0,0
liquid100_mat5,any_relevance,2week,Random_Forest,Config_LLM,DXG,D00135,1,0
liquid100_mat5,any_relevance,2week,Random_Forest,Config_LLM,DXG,D00136,1,0
liquid100_mat5,any_relevance,2week,Random_Forest,Config_LLM,DXG,D00137,0,0
liquid100_mat5,any_relevance,2week,Random_Forest,Config_LLM,DXG,D00138,1,0
liquid100_mat5,any_relevance,2week,Random_Forest,Config_LLM,DXG,D00139,0,1
liquid100_mat5,any_relevance,2week,Random_Forest,Config_LLM,DXG,D00140,0,0
liquid100_mat5,any_relevance,2week,Random_Forest,Config_LLM,DXG,D00141,0,0
liquid100_mat5,any_relevance,2week,Random_Forest,Config_LLM,DXG,D00142,0,1
liquid100_mat5,any_relevance,2week,Random_Forest,Config_LLM,EIB,D00119,1,0
liquid100_mat5,any_relevance,2week,Random_Forest,Config_LLM,EIB,D00120,0,0
liquid100_mat5,any_relevance,2week,Random_Forest,Config_LLM,EIB,D00121,0,0
liquid100_mat5,any_relevance,2week,Random_Forest,Config_LLM,EIB,D00122,0,0
liquid100_mat5,any_relevance,2week,Random_Forest,Config_LLM,EIB,D00123,1,0
liquid100_mat5,any_relevance,2week,Random_Forest,Config_LLM,EIB,D00124,0,0
liquid100_mat5,any_relevance,2week,Random_Forest,Config_LLM,EIB,D00125,0,0
liquid100_mat5,any_relevance,2week,Random_Forest,Config_LLM,EIB,D00126,1,0
liquid100_mat5,any_relevance,2week,Random_Forest,Config_LLM,EIB,D00127,0,1
liquid100_mat5,any_relevance,2week,Random_Forest,Config_LLM,EIB,D00128,0,1
liquid100_mat5,any_relevance,2week,Random_Forest,Config_LLM,EIB,D00129,0,0
liquid100_mat5,any_relevance,2week,Random_Forest,Config_LLM,EIB,D00130,1,0
liquid100_mat5,any_relevance,2week,Random_Forest,Config_LLM,EIB,D00131,0,0
liquid100_mat5,any_relevance,2week,Random_Forest,Config_LLM,EIB,D00132,0,0
liquid100_mat5,any_relevance,2week,Random_Forest,Config_LLM,EIB,D00133,1,0
liquid100_mat5,any_relevance,2week,Random_Forest,Config_LLM,EIB,D00134,0,0
liquid100_mat5,any_relevance,2week,Random_Forest,Config_LLM,EIB,D00135,1,0
liquid100_mat5,any_relevance,2week,Random_Forest,Config_LLM,EIB,D00136,0,0
liquid100_mat5,any_relevance,2week,Random_Forest,Config_LLM,EIB,D00137,0,0
liquid100_mat5,any_relevance,2week,Random_Forest,Config_LLM,EIB,D00138,0,0
liquid100_mat5,any_relevance,2week,Random_Forest,Config_LLM,EIB,D00139,0,0
liquid100_mat5,any_relevance,2week,Random_Forest,Config_LLM,EIB,D00140,0,0
liquid100_mat5,any_relevance,2week,Random_Forest,Config_LLM,EIB,D00141,0,0
liquid100_mat5,any_relevance,2week,Random_Forest,Config_LLM,EIB,D00142,0,0
liquid100_mat5,any_relevance,2week,Random_Forest,Config_LLM,FPT,D00119,0,1
liquid100_mat5,any_relevance,2week,Random_Forest,Config_LLM,FPT,D00120,0,0
liquid100_mat5,any_relevance,2week,Random_Forest,Config_LLM,FPT,D00121,0,0
liquid100_mat5,any_relevance,2week,Random_Forest,Config_LLM,FPT,D00122,0,0
liquid100_mat5,any_relevance,2week,Random_Forest,Config_LLM,FPT,D00123,0,0
liquid100_mat5,any_relevance,2week,Random_Forest,Config_LLM,FPT,D00124,1,0
liquid100_mat5,any_relevance,2week,Random_Forest,Config_LLM,FPT,D00125,1,0
liquid100_mat5,any_relevance,2week,Random_Forest,Config_LLM,FPT,D00126,0,0
liquid100_mat5,any_relevance,2week,Random_Forest,Config_LLM,FPT,D00127,0,0
liquid100_mat5,any_relevance,2week,Random_Forest,Config_LLM,FPT,D00128,0,0
liquid100_mat5,any_relevance,2week,Random_Forest,Config_LLM,FPT,D00129,0,0
liquid100_mat5,any_relevance,2week,Random_Forest,Config_LLM,FPT,D00130,1,0
liquid100_mat5,any_relevance,2week,Random_Forest,Config_LLM,FPT,D00131,0,0
liquid100_mat5,any_relevance,2week,Random_Forest,Config_LLM,FPT,D00132,0,1
liquid100_mat5,any_relevance,2week,Random_Forest,Config_LLM,FPT,D00133,0,0
liquid100_mat5,any_relevance,2week,Random_Forest,Config_LLM,FPT,D00134,0,0
liquid100_mat5,any_relevance,2week,Random_Forest,Config_LLM,FPT,D00135,0,0
liquid100_mat5,any_relevance,2week,Random_Forest,Config_LLM,FPT,D00136,0,0
liquid100_mat5,any_relevance,2week,Random_Forest,Config_LLM,FPT,D00137,0,1
liquid100_mat5,any_relevance,2week,Random_Forest,Config_LLM,FPT,D00138,0,0
liquid100_mat5,any_relevance,2week,Random_Forest,Config_LLM,FPT,D00139,1,1
liquid100_mat5,any_relevance,2week,Random_Forest,Config_LLM,FPT,D00140,0,1
liquid100_mat5,any_relevance,2week,Random_Forest,Config_LLM,FPT,D00141,0,0
liquid100_mat5,any_relevance,2week,Random_Forest,Config_LLM,FPT,D00142,0,0
liquid100_mat5,any_relevance,2week,Random_Forest,Config_LLM,GAS,D00119,1,1
liquid100_mat5,any_relevance,2week,Random_Forest,Config_LLM,GAS,D00120,0,0
liquid100_mat5,any_relevance,2week,Random_Forest,Config_LLM,GAS,D00121,0,0
liquid100_mat5,any_relevance,2week,Random_Forest,Config_LLM,GAS,D00122,0,0
liquid100_mat5,any_relevance,2week,Random_Forest,Config_LLM,GAS,D00123,0,0
liquid100_mat5,any_relevance,2week,Random_Forest,Config_LLM,GAS,D00124,0,0
liquid100_mat5,any_relevance,2week,Random_Forest,Config_LLM,GAS,D00125,1,0
liquid100_mat5,any_relevance,2week,Random_Forest,Config_LLM,GAS,D00126,0,0
liquid100_mat5,any_relevance,2week,Random_Forest,Config_LLM,GAS,D00127,1,0
liquid100_mat5,any_relevance,2week,Random_Forest,Config_LLM,GAS,D00128,0,0
liquid100_mat5,any_relevance,2week,Random_Forest,Config_LLM,GAS,D00129,1,0
liquid100_mat5,any_relevance,2week,Random_Forest,Config_LLM,GAS,D00130,1,0
liquid100_mat5,any_relevance,2week,Random_Forest,Config_LLM,GAS,D00131,1,0
liquid100_mat5,any_relevance,2week,Random_Forest,Config_LLM,GAS,D00132,0,0
liquid100_mat5,any_relevance,2week,Random_Forest,Config_LLM,GAS,D00133,1,0
liquid100_mat5,any_relevance,2week,Random_Forest,Config_LLM,GAS,D00134,0,0
liquid100_mat5,any_relevance,2week,Random_Forest,Config_LLM,GAS,D00135,0,0
liquid100_mat5,any_relevance,2week,Random_Forest,Config_LLM,GAS,D00136,0,0
liquid100_mat5,any_relevance,2week,Random_Forest,Config_LLM,GAS,D00137,0,0
liquid100_mat5,any_relevance,2week,Random_Forest,Config_LLM,GAS,D00138,0,0
liquid100_mat5,any_relevance,2week,Random_Forest,Config_LLM,GAS,D00139,1,0
liquid100_mat5,any_relevance,2week,Random_Forest,Config_LLM,GAS,D00140,0,0
liquid100_mat5,any_relevance,2week,Random_Forest,Config_LLM,GAS,D00141,0,0
liquid100_mat5,any_relevance,2week,Random_Forest,Config_LLM,GAS,D00142,0,0
liquid100_mat5,any_relevance,2week,Random_Forest,Config_LLM,GEX,D00119,0,0
liquid100_mat5,any_relevance,2week,Random_Forest,Config_LLM,GEX,D00120,0,0
liquid100_mat5,any_relevance,2week,Random_Forest,Config_LLM,GEX,D00121,0,1
liquid100_mat5,any_relevance,2week,Random_Forest,Config_LLM,GEX,D00122,0,0
liquid100_mat5,any_relevance,2week,Random_Forest,Config_LLM,GEX,D00123,1,0
liquid100_mat5,any_relevance,2week,Random_Forest,Config_LLM,GEX,D00124,0,0
liquid100_mat5,any_relevance,2week,Random_Forest,Config_LLM,GEX,D00125,0,0
liquid100_mat5,any_relevance,2week,Random_Forest,Config_LLM,GEX,D00126,1,0
liquid100_mat5,any_relevance,2week,Random_Forest,Config_LLM,GEX,D00127,0,0
liquid100_mat5,any_relevance,2week,Random_Forest,Config_LLM,GEX,D00128,0,0
liquid100_mat5,any_relevance,2week,Random_Forest,Config_LLM,GEX,D00129,0,0
liquid100_mat5,any_relevance,2week,Random_Forest,Config_LLM,GEX,D00130,0,0
liquid100_mat5,any_relevance,2week,Random_Forest,Config_LLM,GEX,D00131,0,0
liquid100_mat5,any_relevance,2week,Random_Forest,Config_LLM,GEX,D00132,0,0
liquid100_mat5,any_relevance,2week,Random_Forest,Config_LLM,GEX,D00133,1,0
liquid100_mat5,any_relevance,2week,Random_Forest,Config_LLM,GEX,D00134,0,0
liquid100_mat5,any_relevance,2week,Random_Forest,Config_LLM,GEX,D00135,1,1
liquid100_mat5,any_relevance,2week,Random_Forest,Config_LLM,GEX,D00136,1,0
liquid100_mat5,any_relevance,2week,Random_Forest,Config_LLM,GEX,D00137,0,0
liquid100_mat5,any_relevance,2week,Random_Forest,Config_LLM,GEX,D00138,1,0
liquid100_mat5,any_relevance,2week,Random_Forest,Config_LLM,GEX,D00139,1,0
liquid100_mat5,any_relevance,2week,Random_Forest,Config_LLM,GEX,D00140,0,0
liquid100_mat5,any_relevance,2week,Random_Forest,Config_LLM,GEX,D00141,0,0
liquid100_mat5,any_relevance,2week,Random_Forest,Config_LLM,GEX,D00142,0,0
liquid100_mat5,any_relevance,2week,Random_Forest,Config_LLM,GMD,D00119,1,0
liquid100_mat5,any_relevance,2week,Random_Forest,Config_LLM,GMD,D00120,1,0
liquid100_mat5,any_relevance,2week,Random_Forest,Config_LLM,GMD,D00121,1,0
liquid100_mat5,any_relevance,2week,Random_Forest,Config_LLM,GMD,D00122,0,0
liquid100_mat5,any_relevance,2week,Random_Forest,Config_LLM,GMD,D00123,0,0
liquid100_mat5,any_relevance,2week,Random_Forest,Config_LLM,GMD,D00124,0,1
liquid100_mat5,any_relevance,2week,Random_Forest,Config_LLM,GMD,D00125,0,0
liquid100_mat5,any_relevance,2week,Random_Forest,Config_LLM,GMD,D00126,0,0
liquid100_mat5,any_relevance,2week,Random_Forest,Config_LLM,GMD,D00127,0,0
liquid100_mat5,any_relevance,2week,Random_Forest,Config_LLM,GMD,D00128,0,0
liquid100_mat5,any_relevance,2week,Random_Forest,Config_LLM,GMD,D00129,1,0
liquid100_mat5,any_relevance,2week,Random_Forest,Config_LLM,GMD,D00130,1,1
liquid100_mat5,any_relevance,2week,Random_Forest,Config_LLM,GMD,D00131,1,0
liquid100_mat5,any_relevance,2week,Random_Forest,Config_LLM,GMD,D00132,1,0
liquid100_mat5,any_relevance,2week,Random_Forest,Config_LLM,GMD,D00133,1,0
liquid100_mat5,any_relevance,2week,Random_Forest,Config_LLM,GMD,D00134,0,0
liquid100_mat5,any_relevance,2week,Random_Forest,Config_LLM,GMD,D00135,0,0
liquid100_mat5,any_relevance,2week,Random_Forest,Config_LLM,GMD,D00136,0,0
liquid100_mat5,any_relevance,2week,Random_Forest,Config_LLM,GMD,D00137,1,0
liquid100_mat5,any_relevance,2week,Random_Forest,Config_LLM,GMD,D00138,1,0
liquid100_mat5,any_relevance,2week,Random_Forest,Config_LLM,GMD,D00139,0,0
liquid100_mat5,any_relevance,2week,Random_Forest,Config_LLM,GMD,D00140,0,1
liquid100_mat5,any_relevance,2week,Random_Forest,Config_LLM,GMD,D00141,1,1
liquid100_mat5,any_relevance,2week,Random_Forest,Config_LLM,GMD,D00142,0,0
liquid100_mat5,any_relevance,2week,Random_Forest,Config_LLM,GVR,D00119,1,0
liquid100_mat5,any_relevance,2week,Random_Forest,Config_LLM,GVR,D00120,0,0
liquid100_mat5,any_relevance,2week,Random_Forest,Config_LLM,GVR,D00121,0,0
liquid100_mat5,any_relevance,2week,Random_Forest,Config_LLM,GVR,D00122,0,0
liquid100_mat5,any_relevance,2week,Random_Forest,Config_LLM,GVR,D00123,0,0
liquid100_mat5,any_relevance,2week,Random_Forest,Config_LLM,GVR,D00124,0,0
liquid100_mat5,any_relevance,2week,Random_Forest,Config_LLM,GVR,D00125,1,0
liquid100_mat5,any_relevance,2week,Random_Forest,Config_LLM,GVR,D00126,0,0
liquid100_mat5,any_relevance,2week,Random_Forest,Config_LLM,GVR,D00127,0,0
liquid100_mat5,any_relevance,2week,Random_Forest,Config_LLM,GVR,D00128,0,0
liquid100_mat5,any_relevance,2week,Random_Forest,Config_LLM,GVR,D00129,1,0
liquid100_mat5,any_relevance,2week,Random_Forest,Config_LLM,GVR,D00130,1,0
liquid100_mat5,any_relevance,2week,Random_Forest,Config_LLM,GVR,D00131,1,0
liquid100_mat5,any_relevance,2week,Random_Forest,Config_LLM,GVR,D00132,0,0
liquid100_mat5,any_relevance,2week,Random_Forest,Config_LLM,GVR,D00133,1,0
liquid100_mat5,any_relevance,2week,Random_Forest,Config_LLM,GVR,D00134,0,0
liquid100_mat5,any_relevance,2week,Random_Forest,Config_LLM,GVR,D00135,0,0
liquid100_mat5,any_relevance,2week,Random_Forest,Config_LLM,GVR,D00136,1,0
liquid100_mat5,any_relevance,2week,Random_Forest,Config_LLM,GVR,D00137,0,0
liquid100_mat5,any_relevance,2week,Random_Forest,Config_LLM,GVR,D00138,1,0
liquid100_mat5,any_relevance,2week,Random_Forest,Config_LLM,GVR,D00139,0,0
liquid100_mat5,any_relevance,2week,Random_Forest,Config_LLM,GVR,D00140,0,0
liquid100_mat5,any_relevance,2week,Random_Forest,Config_LLM,GVR,D00141,0,0
liquid100_mat5,any_relevance,2week,Random_Forest,Config_LLM,GVR,D00142,0,1
liquid100_mat5,any_relevance,2week,Random_Forest,Config_LLM,HCM,D00119,1,0
liquid100_mat5,any_relevance,2week,Random_Forest,Config_LLM,HCM,D00120,0,1
liquid100_mat5,any_relevance,2week,Random_Forest,Config_LLM,HCM,D00121,0,0
liquid100_mat5,any_relevance,2week,Random_Forest,Config_LLM,HCM,D00122,0,0
liquid100_mat5,any_relevance,2week,Random_Forest,Config_LLM,HCM,D00123,1,1
liquid100_mat5,any_relevance,2week,Random_Forest,Config_LLM,HCM,D00124,0,0
liquid100_mat5,any_relevance,2week,Random_Forest,Config_LLM,HCM,D00125,0,0
liquid100_mat5,any_relevance,2week,Random_Forest,Config_LLM,HCM,D00126,0,0
liquid100_mat5,any_relevance,2week,Random_Forest,Config_LLM,HCM,D00127,0,0
liquid100_mat5,any_relevance,2week,Random_Forest,Config_LLM,HCM,D00128,0,0
liquid100_mat5,any_relevance,2week,Random_Forest,Config_LLM,HCM,D00129,0,0
liquid100_mat5,any_relevance,2week,Random_Forest,Config_LLM,HCM,D00130,1,0
liquid100_mat5,any_relevance,2week,Random_Forest,Config_LLM,HCM,D00131,0,0
liquid100_mat5,any_relevance,2week,Random_Forest,Config_LLM,HCM,D00132,0,0
liquid100_mat5,any_relevance,2week,Random_Forest,Config_LLM,HCM,D00133,1,0
liquid100_mat5,any_relevance,2week,Random_Forest,Config_LLM,HCM,D00134,0,0
liquid100_mat5,any_relevance,2week,Random_Forest,Config_LLM,HCM,D00135,0,0
liquid100_mat5,any_relevance,2week,Random_Forest,Config_LLM,HCM,D00136,1,0
liquid100_mat5,any_relevance,2week,Random_Forest,Config_LLM,HCM,D00137,1,0
liquid100_mat5,any_relevance,2week,Random_Forest,Config_LLM,HCM,D00138,1,0
liquid100_mat5,any_relevance,2week,Random_Forest,Config_LLM,HCM,D00139,1,0
liquid100_mat5,any_relevance,2week,Random_Forest,Config_LLM,HCM,D00140,0,0
liquid100_mat5,any_relevance,2week,Random_Forest,Config_LLM,HCM,D00141,0,0
liquid100_mat5,any_relevance,2week,Random_Forest,Config_LLM,HCM,D00142,0,0
liquid100_mat5,any_relevance,2week,Random_Forest,Config_LLM,HDB,D00119,1,0
liquid100_mat5,any_relevance,2week,Random_Forest,Config_LLM,HDB,D00120,1,0
liquid100_mat5,any_relevance,2week,Random_Forest,Config_LLM,HDB,D00121,0,0
liquid100_mat5,any_relevance,2week,Random_Forest,Config_LLM,HDB,D00122,0,0
liquid100_mat5,any_relevance,2week,Random_Forest,Config_LLM,HDB,D00123,1,1
liquid100_mat5,any_relevance,2week,Random_Forest,Config_LLM,HDB,D00124,0,0
liquid100_mat5,any_relevance,2week,Random_Forest,Config_LLM,HDB,D00125,0,1
liquid100_mat5,any_relevance,2week,Random_Forest,Config_LLM,HDB,D00126,1,0
liquid100_mat5,any_relevance,2week,Random_Forest,Config_LLM,HDB,D00127,1,0
liquid100_mat5,any_relevance,2week,Random_Forest,Config_LLM,HDB,D00128,1,0
liquid100_mat5,any_relevance,2week,Random_Forest,Config_LLM,HDB,D00129,1,1
liquid100_mat5,any_relevance,2week,Random_Forest,Config_LLM,HDB,D00130,0,0
liquid100_mat5,any_relevance,2week,Random_Forest,Config_LLM,HDB,D00131,0,0
liquid100_mat5,any_relevance,2week,Random_Forest,Config_LLM,HDB,D00132,0,0
liquid100_mat5,any_relevance,2week,Random_Forest,Config_LLM,HDB,D00133,0,0
liquid100_mat5,any_relevance,2week,Random_Forest,Config_LLM,HDB,D00134,0,0
liquid100_mat5,any_relevance,2week,Random_Forest,Config_LLM,HDB,D00135,0,0
liquid100_mat5,any_relevance,2week,Random_Forest,Config_LLM,HDB,D00136,1,0
liquid100_mat5,any_relevance,2week,Random_Forest,Config_LLM,HDB,D00137,1,0
liquid100_mat5,any_relevance,2week,Random_Forest,Config_LLM,HDB,D00138,0,0
liquid100_mat5,any_relevance,2week,Random_Forest,Config_LLM,HDB,D00139,0,0
liquid100_mat5,any_relevance,2week,Random_Forest,Config_LLM,HDB,D00140,0,0
liquid100_mat5,any_relevance,2week,Random_Forest,Config_LLM,HDB,D00141,0,0
liquid100_mat5,any_relevance,2week,Random_Forest,Config_LLM,HDB,D00142,0,0
liquid100_mat5,any_relevance,2week,Random_Forest,Config_LLM,HPG,D00119,1,1
liquid100_mat5,any_relevance,2week,Random_Forest,Config_LLM,HPG,D00120,0,0
liquid100_mat5,any_relevance,2week,Random_Forest,Config_LLM,HPG,D00121,1,0
liquid100_mat5,any_relevance,2week,Random_Forest,Config_LLM,HPG,D00122,0,1
liquid100_mat5,any_relevance,2week,Random_Forest,Config_LLM,HPG,D00123,0,0
liquid100_mat5,any_relevance,2week,Random_Forest,Config_LLM,HPG,D00124,0,1
liquid100_mat5,any_relevance,2week,Random_Forest,Config_LLM,HPG,D00125,0,0
liquid100_mat5,any_relevance,2week,Random_Forest,Config_LLM,HPG,D00126,1,0
liquid100_mat5,any_relevance,2week,Random_Forest,Config_LLM,HPG,D00127,0,1
liquid100_mat5,any_relevance,2week,Random_Forest,Config_LLM,HPG,D00128,0,0
liquid100_mat5,any_relevance,2week,Random_Forest,Config_LLM,HPG,D00129,0,0
liquid100_mat5,any_relevance,2week,Random_Forest,Config_LLM,HPG,D00130,1,1
liquid100_mat5,any_relevance,2week,Random_Forest,Config_LLM,HPG,D00131,0,0
liquid100_mat5,any_relevance,2week,Random_Forest,Config_LLM,HPG,D00132,0,1
liquid100_mat5,any_relevance,2week,Random_Forest,Config_LLM,HPG,D00133,1,0
liquid100_mat5,any_relevance,2week,Random_Forest,Config_LLM,HPG,D00134,0,0
liquid100_mat5,any_relevance,2week,Random_Forest,Config_LLM,HPG,D00135,0,1
liquid100_mat5,any_relevance,2week,Random_Forest,Config_LLM,HPG,D00136,1,1
liquid100_mat5,any_relevance,2week,Random_Forest,Config_LLM,HPG,D00137,0,0
liquid100_mat5,any_relevance,2week,Random_Forest,Config_LLM,HPG,D00138,0,0
liquid100_mat5,any_relevance,2week,Random_Forest,Config_LLM,HPG,D00139,0,0
liquid100_mat5,any_relevance,2week,Random_Forest,Config_LLM,HPG,D00140,0,0
liquid100_mat5,any_relevance,2week,Random_Forest,Config_LLM,HPG,D00141,0,0
liquid100_mat5,any_relevance,2week,Random_Forest,Config_LLM,HPG,D00142,0,1
liquid100_mat5,any_relevance,2week,Random_Forest,Config_LLM,KDH,D00119,1,1
liquid100_mat5,any_relevance,2week,Random_Forest,Config_LLM,KDH,D00120,0,0
liquid100_mat5,any_relevance,2week,Random_Forest,Config_LLM,KDH,D00121,0,0
liquid100_mat5,any_relevance,2week,Random_Forest,Config_LLM,KDH,D00122,0,0
liquid100_mat5,any_relevance,2week,Random_Forest,Config_LLM,KDH,D00123,0,0
liquid100_mat5,any_relevance,2week,Random_Forest,Config_LLM,KDH,D00124,0,0
liquid100_mat5,any_relevance,2week,Random_Forest,Config_LLM,KDH,D00125,1,0
liquid100_mat5,any_relevance,2week,Random_Forest,Config_LLM,KDH,D00126,1,0
liquid100_mat5,any_relevance,2week,Random_Forest,Config_LLM,KDH,D00127,0,0
liquid100_mat5,any_relevance,2week,Random_Forest,Config_LLM,KDH,D00128,0,0
liquid100_mat5,any_relevance,2week,Random_Forest,Config_LLM,KDH,D00129,0,0
liquid100_mat5,any_relevance,2week,Random_Forest,Config_LLM,KDH,D00130,0,0
liquid100_mat5,any_relevance,2week,Random_Forest,Config_LLM,KDH,D00131,0,0
liquid100_mat5,any_relevance,2week,Random_Forest,Config_LLM,KDH,D00132,0,0
liquid100_mat5,any_relevance,2week,Random_Forest,Config_LLM,KDH,D00133,0,0
liquid100_mat5,any_relevance,2week,Random_Forest,Config_LLM,KDH,D00134,0,0
liquid100_mat5,any_relevance,2week,Random_Forest,Config_LLM,KDH,D00135,0,0
liquid100_mat5,any_relevance,2week,Random_Forest,Config_LLM,KDH,D00136,0,0
liquid100_mat5,any_relevance,2week,Random_Forest,Config_LLM,KDH,D00137,0,0
liquid100_mat5,any_relevance,2week,Random_Forest,Config_LLM,KDH,D00138,0,0
liquid100_mat5,any_relevance,2week,Random_Forest,Config_LLM,KDH,D00139,0,0
liquid100_mat5,any_relevance,2week,Random_Forest,Config_LLM,KDH,D00140,0,0
liquid100_mat5,any_relevance,2week,Random_Forest,Config_LLM,KDH,D00141,0,0
liquid100_mat5,any_relevance,2week,Random_Forest,Config_LLM,KDH,D00142,0,0
liquid100_mat5,any_relevance,2week,Random_Forest,Config_LLM,MBB,D00119,1,1
liquid100_mat5,any_relevance,2week,Random_Forest,Config_LLM,MBB,D00120,1,0
liquid100_mat5,any_relevance,2week,Random_Forest,Config_LLM,MBB,D00121,0,0
liquid100_mat5,any_relevance,2week,Random_Forest,Config_LLM,MBB,D00122,0,0
liquid100_mat5,any_relevance,2week,Random_Forest,Config_LLM,MBB,D00123,1,0
liquid100_mat5,any_relevance,2week,Random_Forest,Config_LLM,MBB,D00124,0,1
liquid100_mat5,any_relevance,2week,Random_Forest,Config_LLM,MBB,D00125,0,0
liquid100_mat5,any_relevance,2week,Random_Forest,Config_LLM,MBB,D00126,0,0
liquid100_mat5,any_relevance,2week,Random_Forest,Config_LLM,MBB,D00127,1,0
liquid100_mat5,any_relevance,2week,Random_Forest,Config_LLM,MBB,D00128,0,0
liquid100_mat5,any_relevance,2week,Random_Forest,Config_LLM,MBB,D00129,1,0
liquid100_mat5,any_relevance,2week,Random_Forest,Config_LLM,MBB,D00130,1,0
liquid100_mat5,any_relevance,2week,Random_Forest,Config_LLM,MBB,D00131,0,0
liquid100_mat5,any_relevance,2week,Random_Forest,Config_LLM,MBB,D00132,1,0
liquid100_mat5,any_relevance,2week,Random_Forest,Config_LLM,MBB,D00133,0,0
liquid100_mat5,any_relevance,2week,Random_Forest,Config_LLM,MBB,D00134,0,0
liquid100_mat5,any_relevance,2week,Random_Forest,Config_LLM,MBB,D00135,0,0
liquid100_mat5,any_relevance,2week,Random_Forest,Config_LLM,MBB,D00136,0,0
liquid100_mat5,any_relevance,2week,Random_Forest,Config_LLM,MBB,D00137,0,1
liquid100_mat5,any_relevance,2week,Random_Forest,Config_LLM,MBB,D00138,0,0
liquid100_mat5,any_relevance,2week,Random_Forest,Config_LLM,MBB,D00139,0,0
liquid100_mat5,any_relevance,2week,Random_Forest,Config_LLM,MBB,D00140,0,1
liquid100_mat5,any_relevance,2week,Random_Forest,Config_LLM,MBB,D00141,0,1
liquid100_mat5,any_relevance,2week,Random_Forest,Config_LLM,MBB,D00142,0,0
liquid100_mat5,any_relevance,2week,Random_Forest,Config_LLM,MSB,D00119,1,0
liquid100_mat5,any_relevance,2week,Random_Forest,Config_LLM,MSB,D00120,1,1
liquid100_mat5,any_relevance,2week,Random_Forest,Config_LLM,MSB,D00121,0,0
liquid100_mat5,any_relevance,2week,Random_Forest,Config_LLM,MSB,D00122,0,0
liquid100_mat5,any_relevance,2week,Random_Forest,Config_LLM,MSB,D00123,0,0
liquid100_mat5,any_relevance,2week,Random_Forest,Config_LLM,MSB,D00124,0,0
liquid100_mat5,any_relevance,2week,Random_Forest,Config_LLM,MSB,D00125,0,0
liquid100_mat5,any_relevance,2week,Random_Forest,Config_LLM,MSB,D00126,0,0
liquid100_mat5,any_relevance,2week,Random_Forest,Config_LLM,MSB,D00127,1,0
liquid100_mat5,any_relevance,2week,Random_Forest,Config_LLM,MSB,D00128,0,0
liquid100_mat5,any_relevance,2week,Random_Forest,Config_LLM,MSB,D00129,0,0
liquid100_mat5,any_relevance,2week,Random_Forest,Config_LLM,MSB,D00130,0,0
liquid100_mat5,any_relevance,2week,Random_Forest,Config_LLM,MSB,D00131,0,0
liquid100_mat5,any_relevance,2week,Random_Forest,Config_LLM,MSB,D00132,0,1
liquid100_mat5,any_relevance,2week,Random_Forest,Config_LLM,MSB,D00133,0,0
liquid100_mat5,any_relevance,2week,Random_Forest,Config_LLM,MSB,D00134,0,0
liquid100_mat5,any_relevance,2week,Random_Forest,Config_LLM,MSB,D00135,0,0
liquid100_mat5,any_relevance,2week,Random_Forest,Config_LLM,MSB,D00136,1,0
liquid100_mat5,any_relevance,2week,Random_Forest,Config_LLM,MSB,D00137,1,0
liquid100_mat5,any_relevance,2week,Random_Forest,Config_LLM,MSB,D00138,1,0
liquid100_mat5,any_relevance,2week,Random_Forest,Config_LLM,MSB,D00139,1,0
liquid100_mat5,any_relevance,2week,Random_Forest,Config_LLM,MSB,D00140,0,0
liquid100_mat5,any_relevance,2week,Random_Forest,Config_LLM,MSB,D00141,1,0
liquid100_mat5,any_relevance,2week,Random_Forest,Config_LLM,MSB,D00142,1,0
liquid100_mat5,any_relevance,2week,Random_Forest,Config_LLM,MSN,D00119,1,0
liquid100_mat5,any_relevance,2week,Random_Forest,Config_LLM,MSN,D00120,0,0
liquid100_mat5,any_relevance,2week,Random_Forest,Config_LLM,MSN,D00121,0,0
liquid100_mat5,any_relevance,2week,Random_Forest,Config_LLM,MSN,D00122,0,0
liquid100_mat5,any_relevance,2week,Random_Forest,Config_LLM,MSN,D00123,0,0
liquid100_mat5,any_relevance,2week,Random_Forest,Config_LLM,MSN,D00124,0,0
liquid100_mat5,any_relevance,2week,Random_Forest,Config_LLM,MSN,D00125,0,0
liquid100_mat5,any_relevance,2week,Random_Forest,Config_LLM,MSN,D00126,0,0
liquid100_mat5,any_relevance,2week,Random_Forest,Config_LLM,MSN,D00127,0,0
liquid100_mat5,any_relevance,2week,Random_Forest,Config_LLM,MSN,D00128,0,0
liquid100_mat5,any_relevance,2week,Random_Forest,Config_LLM,MSN,D00129,1,0
liquid100_mat5,any_relevance,2week,Random_Forest,Config_LLM,MSN,D00130,1,0
liquid100_mat5,any_relevance,2week,Random_Forest,Config_LLM,MSN,D00131,0,0
liquid100_mat5,any_relevance,2week,Random_Forest,Config_LLM,MSN,D00132,0,0
liquid100_mat5,any_relevance,2week,Random_Forest,Config_LLM,MSN,D00133,0,0
liquid100_mat5,any_relevance,2week,Random_Forest,Config_LLM,MSN,D00134,0,0
liquid100_mat5,any_relevance,2week,Random_Forest,Config_LLM,MSN,D00135,0,0
liquid100_mat5,any_relevance,2week,Random_Forest,Config_LLM,MSN,D00136,1,0
liquid100_mat5,any_relevance,2week,Random_Forest,Config_LLM,MSN,D00137,0,0
liquid100_mat5,any_relevance,2week,Random_Forest,Config_LLM,MSN,D00138,0,0
liquid100_mat5,any_relevance,2week,Random_Forest,Config_LLM,MSN,D00139,0,0
liquid100_mat5,any_relevance,2week,Random_Forest,Config_LLM,MSN,D00140,0,0
liquid100_mat5,any_relevance,2week,Random_Forest,Config_LLM,MSN,D00141,0,1
liquid100_mat5,any_relevance,2week,Random_Forest,Config_LLM,MSN,D00142,0,0
liquid100_mat5,any_relevance,2week,Random_Forest,Config_LLM,NVL,D00119,1,0
liquid100_mat5,any_relevance,2week,Random_Forest,Config_LLM,NVL,D00120,0,0
liquid100_mat5,any_relevance,2week,Random_Forest,Config_LLM,NVL,D00121,0,0
liquid100_mat5,any_relevance,2week,Random_Forest,Config_LLM,NVL,D00122,0,0
liquid100_mat5,any_relevance,2week,Random_Forest,Config_LLM,NVL,D00123,0,0
liquid100_mat5,any_relevance,2week,Random_Forest,Config_LLM,NVL,D00124,0,0
liquid100_mat5,any_relevance,2week,Random_Forest,Config_LLM,NVL,D00125,0,0
liquid100_mat5,any_relevance,2week,Random_Forest,Config_LLM,NVL,D00126,1,1
liquid100_mat5,any_relevance,2week,Random_Forest,Config_LLM,NVL,D00127,0,0
liquid100_mat5,any_relevance,2week,Random_Forest,Config_LLM,NVL,D00128,0,0
liquid100_mat5,any_relevance,2week,Random_Forest,Config_LLM,NVL,D00129,0,0
liquid100_mat5,any_relevance,2week,Random_Forest,Config_LLM,NVL,D00130,0,0
liquid100_mat5,any_relevance,2week,Random_Forest,Config_LLM,NVL,D00131,0,0
liquid100_mat5,any_relevance,2week,Random_Forest,Config_LLM,NVL,D00132,0,0
liquid100_mat5,any_relevance,2week,Random_Forest,Config_LLM,NVL,D00133,0,0
liquid100_mat5,any_relevance,2week,Random_Forest,Config_LLM,NVL,D00134,0,0
liquid100_mat5,any_relevance,2week,Random_Forest,Config_LLM,NVL,D00135,1,0
liquid100_mat5,any_relevance,2week,Random_Forest,Config_LLM,NVL,D00136,1,0
liquid100_mat5,any_relevance,2week,Random_Forest,Config_LLM,NVL,D00137,1,0
liquid100_mat5,any_relevance,2week,Random_Forest,Config_LLM,NVL,D00138,0,0
liquid100_mat5,any_relevance,2week,Random_Forest,Config_LLM,NVL,D00139,0,0
liquid100_mat5,any_relevance,2week,Random_Forest,Config_LLM,NVL,D00140,0,0
liquid100_mat5,any_relevance,2week,Random_Forest,Config_LLM,NVL,D00141,0,1
liquid100_mat5,any_relevance,2week,Random_Forest,Config_LLM,NVL,D00142,0,0
liquid100_mat5,any_relevance,2week,Random_Forest,Config_LLM,PDR,D00119,1,1
liquid100_mat5,any_relevance,2week,Random_Forest,Config_LLM,PDR,D00120,1,0
liquid100_mat5,any_relevance,2week,Random_Forest,Config_LLM,PDR,D00121,0,0
liquid100_mat5,any_relevance,2week,Random_Forest,Config_LLM,PDR,D00122,0,0
liquid100_mat5,any_relevance,2week,Random_Forest,Config_LLM,PDR,D00123,0,0
liquid100_mat5,any_relevance,2week,Random_Forest,Config_LLM,PDR,D00124,0,0
liquid100_mat5,any_relevance,2week,Random_Forest,Config_LLM,PDR,D00125,0,1
liquid100_mat5,any_relevance,2week,Random_Forest,Config_LLM,PDR,D00126,1,0
liquid100_mat5,any_relevance,2week,Random_Forest,Config_LLM,PDR,D00127,0,0
liquid100_mat5,any_relevance,2week,Random_Forest,Config_LLM,PDR,D00128,0,0
liquid100_mat5,any_relevance,2week,Random_Forest,Config_LLM,PDR,D00129,0,1
liquid100_mat5,any_relevance,2week,Random_Forest,Config_LLM,PDR,D00130,0,0
liquid100_mat5,any_relevance,2week,Random_Forest,Config_LLM,PDR,D00131,0,0
liquid100_mat5,any_relevance,2week,Random_Forest,Config_LLM,PDR,D00132,0,0
liquid100_mat5,any_relevance,2week,Random_Forest,Config_LLM,PDR,D00133,0,0
liquid100_mat5,any_relevance,2week,Random_Forest,Config_LLM,PDR,D00134,0,0
liquid100_mat5,any_relevance,2week,Random_Forest,Config_LLM,PDR,D00135,1,0
liquid100_mat5,any_relevance,2week,Random_Forest,Config_LLM,PDR,D00136,1,1
liquid100_mat5,any_relevance,2week,Random_Forest,Config_LLM,PDR,D00137,0,0
liquid100_mat5,any_relevance,2week,Random_Forest,Config_LLM,PDR,D00138,0,0
liquid100_mat5,any_relevance,2week,Random_Forest,Config_LLM,PDR,D00139,0,0
liquid100_mat5,any_relevance,2week,Random_Forest,Config_LLM,PDR,D00140,0,0
liquid100_mat5,any_relevance,2week,Random_Forest,Config_LLM,PDR,D00141,0,0
liquid100_mat5,any_relevance,2week,Random_Forest,Config_LLM,PDR,D00142,0,0
liquid100_mat5,any_relevance,2week,Random_Forest,Config_LLM,PLX,D00119,1,0
liquid100_mat5,any_relevance,2week,Random_Forest,Config_LLM,PLX,D00120,0,0
liquid100_mat5,any_relevance,2week,Random_Forest,Config_LLM,PLX,D00121,0,0
liquid100_mat5,any_relevance,2week,Random_Forest,Config_LLM,PLX,D00122,0,0
liquid100_mat5,any_relevance,2week,Random_Forest,Config_LLM,PLX,D00123,0,0
liquid100_mat5,any_relevance,2week,Random_Forest,Config_LLM,PLX,D00124,0,0
liquid100_mat5,any_relevance,2week,Random_Forest,Config_LLM,PLX,D00125,0,0
liquid100_mat5,any_relevance,2week,Random_Forest,Config_LLM,PLX,D00126,0,0
liquid100_mat5,any_relevance,2week,Random_Forest,Config_LLM,PLX,D00127,0,0
liquid100_mat5,any_relevance,2week,Random_Forest,Config_LLM,PLX,D00128,0,0
liquid100_mat5,any_relevance,2week,Random_Forest,Config_LLM,PLX,D00129,1,0
liquid100_mat5,any_relevance,2week,Random_Forest,Config_LLM,PLX,D00130,1,0
liquid100_mat5,any_relevance,2week,Random_Forest,Config_LLM,PLX,D00131,1,0
liquid100_mat5,any_relevance,2week,Random_Forest,Config_LLM,PLX,D00132,0,0
liquid100_mat5,any_relevance,2week,Random_Forest,Config_LLM,PLX,D00133,1,0
liquid100_mat5,any_relevance,2week,Random_Forest,Config_LLM,PLX,D00134,0,0
liquid100_mat5,any_relevance,2week,Random_Forest,Config_LLM,PLX,D00135,0,0
liquid100_mat5,any_relevance,2week,Random_Forest,Config_LLM,PLX,D00136,0,0
liquid100_mat5,any_relevance,2week,Random_Forest,Config_LLM,PLX,D00137,0,1
liquid100_mat5,any_relevance,2week,Random_Forest,Config_LLM,PLX,D00138,0,1
liquid100_mat5,any_relevance,2week,Random_Forest,Config_LLM,PLX,D00139,1,0
liquid100_mat5,any_relevance,2week,Random_Forest,Config_LLM,PLX,D00140,0,0
liquid100_mat5,any_relevance,2week,Random_Forest,Config_LLM,PLX,D00141,0,0
liquid100_mat5,any_relevance,2week,Random_Forest,Config_LLM,PLX,D00142,0,0
liquid100_mat5,any_relevance,2week,Random_Forest,Config_LLM,PNJ,D00119,0,0
liquid100_mat5,any_relevance,2week,Random_Forest,Config_LLM,PNJ,D00120,0,0
liquid100_mat5,any_relevance,2week,Random_Forest,Config_LLM,PNJ,D00121,0,0
liquid100_mat5,any_relevance,2week,Random_Forest,Config_LLM,PNJ,D00122,0,0
liquid100_mat5,any_relevance,2week,Random_Forest,Config_LLM,PNJ,D00123,0,0
liquid100_mat5,any_relevance,2week,Random_Forest,Config_LLM,PNJ,D00124,1,0
liquid100_mat5,any_relevance,2week,Random_Forest,Config_LLM,PNJ,D00125,0,0
liquid100_mat5,any_relevance,2week,Random_Forest,Config_LLM,PNJ,D00126,0,0
liquid100_mat5,any_relevance,2week,Random_Forest,Config_LLM,PNJ,D00127,0,0
liquid100_mat5,any_relevance,2week,Random_Forest,Config_LLM,PNJ,D00128,1,0
liquid100_mat5,any_relevance,2week,Random_Forest,Config_LLM,PNJ,D00129,1,0
liquid100_mat5,any_relevance,2week,Random_Forest,Config_LLM,PNJ,D00130,1,0
liquid100_mat5,any_relevance,2week,Random_Forest,Config_LLM,PNJ,D00131,1,0
liquid100_mat5,any_relevance,2week,Random_Forest,Config_LLM,PNJ,D00132,0,1
liquid100_mat5,any_relevance,2week,Random_Forest,Config_LLM,PNJ,D00133,1,0
liquid100_mat5,any_relevance,2week,Random_Forest,Config_LLM,PNJ,D00134,0,0
liquid100_mat5,any_relevance,2week,Random_Forest,Config_LLM,PNJ,D00135,0,0
liquid100_mat5,any_relevance,2week,Random_Forest,Config_LLM,PNJ,D00136,0,0
liquid100_mat5,any_relevance,2week,Random_Forest,Config_LLM,PNJ,D00137,0,0
liquid100_mat5,any_relevance,2week,Random_Forest,Config_LLM,PNJ,D00138,0,0
liquid100_mat5,any_relevance,2week,Random_Forest,Config_LLM,PNJ,D00139,0,0
liquid100_mat5,any_relevance,2week,Random_Forest,Config_LLM,PNJ,D00140,0,0
liquid100_mat5,any_relevance,2week,Random_Forest,Config_LLM,PNJ,D00141,0,0
liquid100_mat5,any_relevance,2week,Random_Forest,Config_LLM,PNJ,D00142,0,0
liquid100_mat5,any_relevance,2week,Random_Forest,Config_LLM,POW,D00119,1,0
liquid100_mat5,any_relevance,2week,Random_Forest,Config_LLM,POW,D00120,1,0
liquid100_mat5,any_relevance,2week,Random_Forest,Config_LLM,POW,D00121,0,0
liquid100_mat5,any_relevance,2week,Random_Forest,Config_LLM,POW,D00122,0,0
liquid100_mat5,any_relevance,2week,Random_Forest,Config_LLM,POW,D00123,0,0
liquid100_mat5,any_relevance,2week,Random_Forest,Config_LLM,POW,D00124,0,1
liquid100_mat5,any_relevance,2week,Random_Forest,Config_LLM,POW,D00125,1,0
liquid100_mat5,any_relevance,2week,Random_Forest,Config_LLM,POW,D00126,1,0
liquid100_mat5,any_relevance,2week,Random_Forest,Config_LLM,POW,D00127,0,0
liquid100_mat5,any_relevance,2week,Random_Forest,Config_LLM,POW,D00128,0,0
liquid100_mat5,any_relevance,2week,Random_Forest,Config_LLM,POW,D00129,1,1
liquid100_mat5,any_relevance,2week,Random_Forest,Config_LLM,POW,D00130,1,0
liquid100_mat5,any_relevance,2week,Random_Forest,Config_LLM,POW,D00131,0,0
liquid100_mat5,any_relevance,2week,Random_Forest,Config_LLM,POW,D00132,0,0
liquid100_mat5,any_relevance,2week,Random_Forest,Config_LLM,POW,D00133,1,0
liquid100_mat5,any_relevance,2week,Random_Forest,Config_LLM,POW,D00134,0,0
liquid100_mat5,any_relevance,2week,Random_Forest,Config_LLM,POW,D00135,0,0
liquid100_mat5,any_relevance,2week,Random_Forest,Config_LLM,POW,D00136,0,0
liquid100_mat5,any_relevance,2week,Random_Forest,Config_LLM,POW,D00137,0,0
liquid100_mat5,any_relevance,2week,Random_Forest,Config_LLM,POW,D00138,1,0
liquid100_mat5,any_relevance,2week,Random_Forest,Config_LLM,POW,D00139,0,0
liquid100_mat5,any_relevance,2week,Random_Forest,Config_LLM,POW,D00140,0,0
liquid100_mat5,any_relevance,2week,Random_Forest,Config_LLM,POW,D00141,1,0
liquid100_mat5,any_relevance,2week,Random_Forest,Config_LLM,POW,D00142,1,0
liquid100_mat5,any_relevance,2week,Random_Forest,Config_LLM,PVT,D00119,1,0
liquid100_mat5,any_relevance,2week,Random_Forest,Config_LLM,PVT,D00120,0,0
liquid100_mat5,any_relevance,2week,Random_Forest,Config_LLM,PVT,D00121,0,0
liquid100_mat5,any_relevance,2week,Random_Forest,Config_LLM,PVT,D00122,0,0
liquid100_mat5,any_relevance,2week,Random_Forest,Config_LLM,PVT,D00123,0,1
liquid100_mat5,any_relevance,2week,Random_Forest,Config_LLM,PVT,D00124,0,1
liquid100_mat5,any_relevance,2week,Random_Forest,Config_LLM,PVT,D00125,1,0
liquid100_mat5,any_relevance,2week,Random_Forest,Config_LLM,PVT,D00126,1,0
liquid100_mat5,any_relevance,2week,Random_Forest,Config_LLM,PVT,D00127,0,0
liquid100_mat5,any_relevance,2week,Random_Forest,Config_LLM,PVT,D00128,0,0
liquid100_mat5,any_relevance,2week,Random_Forest,Config_LLM,PVT,D00129,1,0
liquid100_mat5,any_relevance,2week,Random_Forest,Config_LLM,PVT,D00130,1,0
liquid100_mat5,any_relevance,2week,Random_Forest,Config_LLM,PVT,D00131,1,0
liquid100_mat5,any_relevance,2week,Random_Forest,Config_LLM,PVT,D00132,0,0
liquid100_mat5,any_relevance,2week,Random_Forest,Config_LLM,PVT,D00133,1,0
liquid100_mat5,any_relevance,2week,Random_Forest,Config_LLM,PVT,D00134,1,0
liquid100_mat5,any_relevance,2week,Random_Forest,Config_LLM,PVT,D00135,0,0
liquid100_mat5,any_relevance,2week,Random_Forest,Config_LLM,PVT,D00136,0,0
liquid100_mat5,any_relevance,2week,Random_Forest,Config_LLM,PVT,D00137,1,0
liquid100_mat5,any_relevance,2week,Random_Forest,Config_LLM,PVT,D00138,1,0
liquid100_mat5,any_relevance,2week,Random_Forest,Config_LLM,PVT,D00139,0,1
liquid100_mat5,any_relevance,2week,Random_Forest,Config_LLM,PVT,D00140,0,0
liquid100_mat5,any_relevance,2week,Random_Forest,Config_LLM,PVT,D00141,0,1
liquid100_mat5,any_relevance,2week,Random_Forest,Config_LLM,PVT,D00142,0,0
liquid100_mat5,any_relevance,2week,Random_Forest,Config_LLM,SHB,D00119,1,0
liquid100_mat5,any_relevance,2week,Random_Forest,Config_LLM,SHB,D00120,0,0
liquid100_mat5,any_relevance,2week,Random_Forest,Config_LLM,SHB,D00121,0,0
liquid100_mat5,any_relevance,2week,Random_Forest,Config_LLM,SHB,D00122,0,0
liquid100_mat5,any_relevance,2week,Random_Forest,Config_LLM,SHB,D00123,1,0
liquid100_mat5,any_relevance,2week,Random_Forest,Config_LLM,SHB,D00124,0,0
liquid100_mat5,any_relevance,2week,Random_Forest,Config_LLM,SHB,D00125,0,0
liquid100_mat5,any_relevance,2week,Random_Forest,Config_LLM,SHB,D00126,1,0
liquid100_mat5,any_relevance,2week,Random_Forest,Config_LLM,SHB,D00127,0,0
liquid100_mat5,any_relevance,2week,Random_Forest,Config_LLM,SHB,D00128,0,0
liquid100_mat5,any_relevance,2week,Random_Forest,Config_LLM,SHB,D00129,0,0
liquid100_mat5,any_relevance,2week,Random_Forest,Config_LLM,SHB,D00130,0,0
liquid100_mat5,any_relevance,2week,Random_Forest,Config_LLM,SHB,D00131,0,0
liquid100_mat5,any_relevance,2week,Random_Forest,Config_LLM,SHB,D00132,0,0
liquid100_mat5,any_relevance,2week,Random_Forest,Config_LLM,SHB,D00133,1,0
liquid100_mat5,any_relevance,2week,Random_Forest,Config_LLM,SHB,D00134,0,0
liquid100_mat5,any_relevance,2week,Random_Forest,Config_LLM,SHB,D00135,0,0
liquid100_mat5,any_relevance,2week,Random_Forest,Config_LLM,SHB,D00136,1,0
liquid100_mat5,any_relevance,2week,Random_Forest,Config_LLM,SHB,D00137,0,0
liquid100_mat5,any_relevance,2week,Random_Forest,Config_LLM,SHB,D00138,0,1
liquid100_mat5,any_relevance,2week,Random_Forest,Config_LLM,SHB,D00139,0,0
liquid100_mat5,any_relevance,2week,Random_Forest,Config_LLM,SHB,D00140,0,0
liquid100_mat5,any_relevance,2week,Random_Forest,Config_LLM,SHB,D00141,0,1
liquid100_mat5,any_relevance,2week,Random_Forest,Config_LLM,SHB,D00142,0,0
liquid100_mat5,any_relevance,2week,Random_Forest,Config_LLM,SSI,D00119,1,0
liquid100_mat5,any_relevance,2week,Random_Forest,Config_LLM,SSI,D00120,1,1
liquid100_mat5,any_relevance,2week,Random_Forest,Config_LLM,SSI,D00121,1,0
liquid100_mat5,any_relevance,2week,Random_Forest,Config_LLM,SSI,D00122,0,0
liquid100_mat5,any_relevance,2week,Random_Forest,Config_LLM,SSI,D00123,1,0
liquid100_mat5,any_relevance,2week,Random_Forest,Config_LLM,SSI,D00124,0,1
liquid100_mat5,any_relevance,2week,Random_Forest,Config_LLM,SSI,D00125,0,0
liquid100_mat5,any_relevance,2week,Random_Forest,Config_LLM,SSI,D00126,0,0
liquid100_mat5,any_relevance,2week,Random_Forest,Config_LLM,SSI,D00127,0,0
liquid100_mat5,any_relevance,2week,Random_Forest,Config_LLM,SSI,D00128,1,0
liquid100_mat5,any_relevance,2week,Random_Forest,Config_LLM,SSI,D00129,0,0
liquid100_mat5,any_relevance,2week,Random_Forest,Config_LLM,SSI,D00130,1,0
liquid100_mat5,any_relevance,2week,Random_Forest,Config_LLM,SSI,D00131,0,0
liquid100_mat5,any_relevance,2week,Random_Forest,Config_LLM,SSI,D00132,0,1
liquid100_mat5,any_relevance,2week,Random_Forest,Config_LLM,SSI,D00133,1,1
liquid100_mat5,any_relevance,2week,Random_Forest,Config_LLM,SSI,D00134,0,0
liquid100_mat5,any_relevance,2week,Random_Forest,Config_LLM,SSI,D00135,0,0
liquid100_mat5,any_relevance,2week,Random_Forest,Config_LLM,SSI,D00136,1,0
liquid100_mat5,any_relevance,2week,Random_Forest,Config_LLM,SSI,D00137,0,0
liquid100_mat5,any_relevance,2week,Random_Forest,Config_LLM,SSI,D00138,0,0
liquid100_mat5,any_relevance,2week,Random_Forest,Config_LLM,SSI,D00139,0,1
liquid100_mat5,any_relevance,2week,Random_Forest,Config_LLM,SSI,D00140,0,1
liquid100_mat5,any_relevance,2week,Random_Forest,Config_LLM,SSI,D00141,0,0
liquid100_mat5,any_relevance,2week,Random_Forest,Config_LLM,SSI,D00142,0,0
liquid100_mat5,any_relevance,2week,Random_Forest,Config_LLM,STB,D00119,1,0
liquid100_mat5,any_relevance,2week,Random_Forest,Config_LLM,STB,D00120,0,0
liquid100_mat5,any_relevance,2week,Random_Forest,Config_LLM,STB,D00121,0,0
liquid100_mat5,any_relevance,2week,Random_Forest,Config_LLM,STB,D00122,1,0
liquid100_mat5,any_relevance,2week,Random_Forest,Config_LLM,STB,D00123,1,0
liquid100_mat5,any_relevance,2week,Random_Forest,Config_LLM,STB,D00124,0,0
liquid100_mat5,any_relevance,2week,Random_Forest,Config_LLM,STB,D00125,0,0
liquid100_mat5,any_relevance,2week,Random_Forest,Config_LLM,STB,D00126,0,0
liquid100_mat5,any_relevance,2week,Random_Forest,Config_LLM,STB,D00127,0,0
liquid100_mat5,any_relevance,2week,Random_Forest,Config_LLM,STB,D00128,1,0
liquid100_mat5,any_relevance,2week,Random_Forest,Config_LLM,STB,D00129,1,0
liquid100_mat5,any_relevance,2week,Random_Forest,Config_LLM,STB,D00130,0,0
liquid100_mat5,any_relevance,2week,Random_Forest,Config_LLM,STB,D00131,1,0
liquid100_mat5,any_relevance,2week,Random_Forest,Config_LLM,STB,D00132,0,0
liquid100_mat5,any_relevance,2week,Random_Forest,Config_LLM,STB,D00133,1,0
liquid100_mat5,any_relevance,2week,Random_Forest,Config_LLM,STB,D00134,0,0
liquid100_mat5,any_relevance,2week,Random_Forest,Config_LLM,STB,D00135,0,0
liquid100_mat5,any_relevance,2week,Random_Forest,Config_LLM,STB,D00136,1,0
liquid100_mat5,any_relevance,2week,Random_Forest,Config_LLM,STB,D00137,1,0
liquid100_mat5,any_relevance,2week,Random_Forest,Config_LLM,STB,D00138,1,0
liquid100_mat5,any_relevance,2week,Random_Forest,Config_LLM,STB,D00139,0,0
liquid100_mat5,any_relevance,2week,Random_Forest,Config_LLM,STB,D00140,0,0
liquid100_mat5,any_relevance,2week,Random_Forest,Config_LLM,STB,D00141,1,0
liquid100_mat5,any_relevance,2week,Random_Forest,Config_LLM,STB,D00142,1,0
liquid100_mat5,any_relevance,2week,Random_Forest,Config_LLM,TCB,D00119,1,0
liquid100_mat5,any_relevance,2week,Random_Forest,Config_LLM,TCB,D00120,0,0
liquid100_mat5,any_relevance,2week,Random_Forest,Config_LLM,TCB,D00121,0,0
liquid100_mat5,any_relevance,2week,Random_Forest,Config_LLM,TCB,D00122,0,0
liquid100_mat5,any_relevance,2week,Random_Forest,Config_LLM,TCB,D00123,1,0
liquid100_mat5,any_relevance,2week,Random_Forest,Config_LLM,TCB,D00124,0,0
liquid100_mat5,any_relevance,2week,Random_Forest,Config_LLM,TCB,D00125,0,0
liquid100_mat5,any_relevance,2week,Random_Forest,Config_LLM,TCB,D00126,0,0
liquid100_mat5,any_relevance,2week,Random_Forest,Config_LLM,TCB,D00127,0,0
liquid100_mat5,any_relevance,2week,Random_Forest,Config_LLM,TCB,D00128,0,0
liquid100_mat5,any_relevance,2week,Random_Forest,Config_LLM,TCB,D00129,1,0
liquid100_mat5,any_relevance,2week,Random_Forest,Config_LLM,TCB,D00130,1,0
liquid100_mat5,any_relevance,2week,Random_Forest,Config_LLM,TCB,D00131,0,0
liquid100_mat5,any_relevance,2week,Random_Forest,Config_LLM,TCB,D00132,0,0
liquid100_mat5,any_relevance,2week,Random_Forest,Config_LLM,TCB,D00133,0,0
liquid100_mat5,any_relevance,2week,Random_Forest,Config_LLM,TCB,D00134,0,0
liquid100_mat5,any_relevance,2week,Random_Forest,Config_LLM,TCB,D00135,0,0
liquid100_mat5,any_relevance,2week,Random_Forest,Config_LLM,TCB,D00136,1,0
liquid100_mat5,any_relevance,2week,Random_Forest,Config_LLM,TCB,D00137,1,0
liquid100_mat5,any_relevance,2week,Random_Forest,Config_LLM,TCB,D00138,0,0
liquid100_mat5,any_relevance,2week,Random_Forest,Config_LLM,TCB,D00139,0,0
liquid100_mat5,any_relevance,2week,Random_Forest,Config_LLM,TCB,D00140,0,0
liquid100_mat5,any_relevance,2week,Random_Forest,Config_LLM,TCB,D00141,0,0
liquid100_mat5,any_relevance,2week,Random_Forest,Config_LLM,TCB,D00142,1,0
liquid100_mat5,any_relevance,2week,Random_Forest,Config_LLM,TPB,D00119,1,0
liquid100_mat5,any_relevance,2week,Random_Forest,Config_LLM,TPB,D00120,1,0
liquid100_mat5,any_relevance,2week,Random_Forest,Config_LLM,TPB,D00121,0,0
liquid100_mat5,any_relevance,2week,Random_Forest,Config_LLM,TPB,D00122,0,0
liquid100_mat5,any_relevance,2week,Random_Forest,Config_LLM,TPB,D00123,1,0
liquid100_mat5,any_relevance,2week,Random_Forest,Config_LLM,TPB,D00124,0,0
liquid100_mat5,any_relevance,2week,Random_Forest,Config_LLM,TPB,D00125,0,1
liquid100_mat5,any_relevance,2week,Random_Forest,Config_LLM,TPB,D00126,1,1
liquid100_mat5,any_relevance,2week,Random_Forest,Config_LLM,TPB,D00127,0,1
liquid100_mat5,any_relevance,2week,Random_Forest,Config_LLM,TPB,D00128,0,1
liquid100_mat5,any_relevance,2week,Random_Forest,Config_LLM,TPB,D00129,0,0
liquid100_mat5,any_relevance,2week,Random_Forest,Config_LLM,TPB,D00130,1,0
liquid100_mat5,any_relevance,2week,Random_Forest,Config_LLM,TPB,D00131,0,0
liquid100_mat5,any_relevance,2week,Random_Forest,Config_LLM,TPB,D00132,0,0
liquid100_mat5,any_relevance,2week,Random_Forest,Config_LLM,TPB,D00133,1,0
liquid100_mat5,any_relevance,2week,Random_Forest,Config_LLM,TPB,D00134,0,0
liquid100_mat5,any_relevance,2week,Random_Forest,Config_LLM,TPB,D00135,0,0
liquid100_mat5,any_relevance,2week,Random_Forest,Config_LLM,TPB,D00136,0,0
liquid100_mat5,any_relevance,2week,Random_Forest,Config_LLM,TPB,D00137,0,0
liquid100_mat5,any_relevance,2week,Random_Forest,Config_LLM,TPB,D00138,0,0
liquid100_mat5,any_relevance,2week,Random_Forest,Config_LLM,TPB,D00139,0,0
liquid100_mat5,any_relevance,2week,Random_Forest,Config_LLM,TPB,D00140,0,0
liquid100_mat5,any_relevance,2week,Random_Forest,Config_LLM,TPB,D00141,1,0
liquid100_mat5,any_relevance,2week,Random_Forest,Config_LLM,TPB,D00142,0,0
liquid100_mat5,any_relevance,2week,Random_Forest,Config_LLM,VCB,D00119,1,0
liquid100_mat5,any_relevance,2week,Random_Forest,Config_LLM,VCB,D00120,1,0
liquid100_mat5,any_relevance,2week,Random_Forest,Config_LLM,VCB,D00121,0,0
liquid100_mat5,any_relevance,2week,Random_Forest,Config_LLM,VCB,D00122,0,0
liquid100_mat5,any_relevance,2week,Random_Forest,Config_LLM,VCB,D00123,1,0
liquid100_mat5,any_relevance,2week,Random_Forest,Config_LLM,VCB,D00124,0,0
liquid100_mat5,any_relevance,2week,Random_Forest,Config_LLM,VCB,D00125,0,0
liquid100_mat5,any_relevance,2week,Random_Forest,Config_LLM,VCB,D00126,0,0
liquid100_mat5,any_relevance,2week,Random_Forest,Config_LLM,VCB,D00127,0,0
liquid100_mat5,any_relevance,2week,Random_Forest,Config_LLM,VCB,D00128,0,0
liquid100_mat5,any_relevance,2week,Random_Forest,Config_LLM,VCB,D00129,1,0
liquid100_mat5,any_relevance,2week,Random_Forest,Config_LLM,VCB,D00130,1,0
liquid100_mat5,any_relevance,2week,Random_Forest,Config_LLM,VCB,D00131,0,0
liquid100_mat5,any_relevance,2week,Random_Forest,Config_LLM,VCB,D00132,0,1
liquid100_mat5,any_relevance,2week,Random_Forest,Config_LLM,VCB,D00133,0,0
liquid100_mat5,any_relevance,2week,Random_Forest,Config_LLM,VCB,D00134,0,0
liquid100_mat5,any_relevance,2week,Random_Forest,Config_LLM,VCB,D00135,0,0
liquid100_mat5,any_relevance,2week,Random_Forest,Config_LLM,VCB,D00136,0,0
liquid100_mat5,any_relevance,2week,Random_Forest,Config_LLM,VCB,D00137,0,0
liquid100_mat5,any_relevance,2week,Random_Forest,Config_LLM,VCB,D00138,0,0
liquid100_mat5,any_relevance,2week,Random_Forest,Config_LLM,VCB,D00139,1,1
liquid100_mat5,any_relevance,2week,Random_Forest,Config_LLM,VCB,D00140,0,1
liquid100_mat5,any_relevance,2week,Random_Forest,Config_LLM,VCB,D00141,0,0
liquid100_mat5,any_relevance,2week,Random_Forest,Config_LLM,VCB,D00142,0,0
liquid100_mat5,any_relevance,2week,Random_Forest,Config_LLM,VCG,D00119,1,0
liquid100_mat5,any_relevance,2week,Random_Forest,Config_LLM,VCG,D00120,0,0
liquid100_mat5,any_relevance,2week,Random_Forest,Config_LLM,VCG,D00121,1,0
liquid100_mat5,any_relevance,2week,Random_Forest,Config_LLM,VCG,D00122,1,0
liquid100_mat5,any_relevance,2week,Random_Forest,Config_LLM,VCG,D00123,0,0
liquid100_mat5,any_relevance,2week,Random_Forest,Config_LLM,VCG,D00124,0,0
liquid100_mat5,any_relevance,2week,Random_Forest,Config_LLM,VCG,D00125,0,0
liquid100_mat5,any_relevance,2week,Random_Forest,Config_LLM,VCG,D00126,0,0
liquid100_mat5,any_relevance,2week,Random_Forest,Config_LLM,VCG,D00127,0,0
liquid100_mat5,any_relevance,2week,Random_Forest,Config_LLM,VCG,D00128,0,0
liquid100_mat5,any_relevance,2week,Random_Forest,Config_LLM,VCG,D00129,0,0
liquid100_mat5,any_relevance,2week,Random_Forest,Config_LLM,VCG,D00130,0,1
liquid100_mat5,any_relevance,2week,Random_Forest,Config_LLM,VCG,D00131,0,0
liquid100_mat5,any_relevance,2week,Random_Forest,Config_LLM,VCG,D00132,0,0
liquid100_mat5,any_relevance,2week,Random_Forest,Config_LLM,VCG,D00133,1,0
liquid100_mat5,any_relevance,2week,Random_Forest,Config_LLM,VCG,D00134,1,0
liquid100_mat5,any_relevance,2week,Random_Forest,Config_LLM,VCG,D00135,0,1
liquid100_mat5,any_relevance,2week,Random_Forest,Config_LLM,VCG,D00136,0,1
liquid100_mat5,any_relevance,2week,Random_Forest,Config_LLM,VCG,D00137,0,0
liquid100_mat5,any_relevance,2week,Random_Forest,Config_LLM,VCG,D00138,0,0
liquid100_mat5,any_relevance,2week,Random_Forest,Config_LLM,VCG,D00139,0,0
liquid100_mat5,any_relevance,2week,Random_Forest,Config_LLM,VCG,D00140,0,0
liquid100_mat5,any_relevance,2week,Random_Forest,Config_LLM,VCG,D00141,0,0
liquid100_mat5,any_relevance,2week,Random_Forest,Config_LLM,VCG,D00142,1,0
liquid100_mat5,any_relevance,2week,Random_Forest,Config_LLM,VCI,D00119,1,0
liquid100_mat5,any_relevance,2week,Random_Forest,Config_LLM,VCI,D00120,0,0
liquid100_mat5,any_relevance,2week,Random_Forest,Config_LLM,VCI,D00121,0,0
liquid100_mat5,any_relevance,2week,Random_Forest,Config_LLM,VCI,D00122,0,0
liquid100_mat5,any_relevance,2week,Random_Forest,Config_LLM,VCI,D00123,0,0
liquid100_mat5,any_relevance,2week,Random_Forest,Config_LLM,VCI,D00124,0,0
liquid100_mat5,any_relevance,2week,Random_Forest,Config_LLM,VCI,D00125,0,0
liquid100_mat5,any_relevance,2week,Random_Forest,Config_LLM,VCI,D00126,0,0
liquid100_mat5,any_relevance,2week,Random_Forest,Config_LLM,VCI,D00127,0,0
liquid100_mat5,any_relevance,2week,Random_Forest,Config_LLM,VCI,D00128,0,1
liquid100_mat5,any_relevance,2week,Random_Forest,Config_LLM,VCI,D00129,0,0
liquid100_mat5,any_relevance,2week,Random_Forest,Config_LLM,VCI,D00130,1,1
liquid100_mat5,any_relevance,2week,Random_Forest,Config_LLM,VCI,D00131,1,0
liquid100_mat5,any_relevance,2week,Random_Forest,Config_LLM,VCI,D00132,0,1
liquid100_mat5,any_relevance,2week,Random_Forest,Config_LLM,VCI,D00133,1,1
liquid100_mat5,any_relevance,2week,Random_Forest,Config_LLM,VCI,D00134,0,0
liquid100_mat5,any_relevance,2week,Random_Forest,Config_LLM,VCI,D00135,0,0
liquid100_mat5,any_relevance,2week,Random_Forest,Config_LLM,VCI,D00136,1,0
liquid100_mat5,any_relevance,2week,Random_Forest,Config_LLM,VCI,D00137,0,1
liquid100_mat5,any_relevance,2week,Random_Forest,Config_LLM,VCI,D00138,0,0
liquid100_mat5,any_relevance,2week,Random_Forest,Config_LLM,VCI,D00139,0,0
liquid100_mat5,any_relevance,2week,Random_Forest,Config_LLM,VCI,D00140,0,0
liquid100_mat5,any_relevance,2week,Random_Forest,Config_LLM,VCI,D00141,0,0
liquid100_mat5,any_relevance,2week,Random_Forest,Config_LLM,VCI,D00142,0,0
liquid100_mat5,any_relevance,2week,Random_Forest,Config_LLM,VHM,D00119,0,0
liquid100_mat5,any_relevance,2week,Random_Forest,Config_LLM,VHM,D00120,1,0
liquid100_mat5,any_relevance,2week,Random_Forest,Config_LLM,VHM,D00121,0,0
liquid100_mat5,any_relevance,2week,Random_Forest,Config_LLM,VHM,D00122,0,0
liquid100_mat5,any_relevance,2week,Random_Forest,Config_LLM,VHM,D00123,1,0
liquid100_mat5,any_relevance,2week,Random_Forest,Config_LLM,VHM,D00124,0,0
liquid100_mat5,any_relevance,2week,Random_Forest,Config_LLM,VHM,D00125,0,0
liquid100_mat5,any_relevance,2week,Random_Forest,Config_LLM,VHM,D00126,1,0
liquid100_mat5,any_relevance,2week,Random_Forest,Config_LLM,VHM,D00127,1,0
liquid100_mat5,any_relevance,2week,Random_Forest,Config_LLM,VHM,D00128,0,0
liquid100_mat5,any_relevance,2week,Random_Forest,Config_LLM,VHM,D00129,1,0
liquid100_mat5,any_relevance,2week,Random_Forest,Config_LLM,VHM,D00130,0,0
liquid100_mat5,any_relevance,2week,Random_Forest,Config_LLM,VHM,D00131,0,0
liquid100_mat5,any_relevance,2week,Random_Forest,Config_LLM,VHM,D00132,0,0
liquid100_mat5,any_relevance,2week,Random_Forest,Config_LLM,VHM,D00133,0,0
liquid100_mat5,any_relevance,2week,Random_Forest,Config_LLM,VHM,D00134,0,0
liquid100_mat5,any_relevance,2week,Random_Forest,Config_LLM,VHM,D00135,1,0
liquid100_mat5,any_relevance,2week,Random_Forest,Config_LLM,VHM,D00136,1,0
liquid100_mat5,any_relevance,2week,Random_Forest,Config_LLM,VHM,D00137,1,0
liquid100_mat5,any_relevance,2week,Random_Forest,Config_LLM,VHM,D00138,1,0
liquid100_mat5,any_relevance,2week,Random_Forest,Config_LLM,VHM,D00139,0,0
liquid100_mat5,any_relevance,2week,Random_Forest,Config_LLM,VHM,D00140,0,0
liquid100_mat5,any_relevance,2week,Random_Forest,Config_LLM,VHM,D00141,0,1
liquid100_mat5,any_relevance,2week,Random_Forest,Config_LLM,VHM,D00142,1,1
liquid100_mat5,any_relevance,2week,Random_Forest,Config_LLM,VIB,D00119,1,0
liquid100_mat5,any_relevance,2week,Random_Forest,Config_LLM,VIB,D00120,1,0
liquid100_mat5,any_relevance,2week,Random_Forest,Config_LLM,VIB,D00121,0,1
liquid100_mat5,any_relevance,2week,Random_Forest,Config_LLM,VIB,D00122,0,0
liquid100_mat5,any_relevance,2week,Random_Forest,Config_LLM,VIB,D00123,0,1
liquid100_mat5,any_relevance,2week,Random_Forest,Config_LLM,VIB,D00124,0,0
liquid100_mat5,any_relevance,2week,Random_Forest,Config_LLM,VIB,D00125,0,0
liquid100_mat5,any_relevance,2week,Random_Forest,Config_LLM,VIB,D00126,0,0
liquid100_mat5,any_relevance,2week,Random_Forest,Config_LLM,VIB,D00127,0,0
liquid100_mat5,any_relevance,2week,Random_Forest,Config_LLM,VIB,D00128,0,0
liquid100_mat5,any_relevance,2week,Random_Forest,Config_LLM,VIB,D00129,0,0
liquid100_mat5,any_relevance,2week,Random_Forest,Config_LLM,VIB,D00130,1,0
liquid100_mat5,any_relevance,2week,Random_Forest,Config_LLM,VIB,D00131,0,0
liquid100_mat5,any_relevance,2week,Random_Forest,Config_LLM,VIB,D00132,0,0
liquid100_mat5,any_relevance,2week,Random_Forest,Config_LLM,VIB,D00133,0,0
liquid100_mat5,any_relevance,2week,Random_Forest,Config_LLM,VIB,D00134,0,0
liquid100_mat5,any_relevance,2week,Random_Forest,Config_LLM,VIB,D00135,0,0
liquid100_mat5,any_relevance,2week,Random_Forest,Config_LLM,VIB,D00136,0,0
liquid100_mat5,any_relevance,2week,Random_Forest,Config_LLM,VIB,D00137,0,0
liquid100_mat5,any_relevance,2week,Random_Forest,Config_LLM,VIB,D00138,0,1
liquid100_mat5,any_relevance,2week,Random_Forest,Config_LLM,VIB,D00139,0,0
liquid100_mat5,any_relevance,2week,Random_Forest,Config_LLM,VIB,D00140,0,0
liquid100_mat5,any_relevance,2week,Random_Forest,Config_LLM,VIB,D00141,0,0
liquid100_mat5,any_relevance,2week,Random_Forest,Config_LLM,VIB,D00142,0,0
liquid100_mat5,any_relevance,2week,Random_Forest,Config_LLM,VIC,D00119,1,0
liquid100_mat5,any_relevance,2week,Random_Forest,Config_LLM,VIC,D00120,1,0
liquid100_mat5,any_relevance,2week,Random_Forest,Config_LLM,VIC,D00121,1,0
liquid100_mat5,any_relevance,2week,Random_Forest,Config_LLM,VIC,D00122,1,0
liquid100_mat5,any_relevance,2week,Random_Forest,Config_LLM,VIC,D00123,1,0
liquid100_mat5,any_relevance,2week,Random_Forest,Config_LLM,VIC,D00124,1,0
liquid100_mat5,any_relevance,2week,Random_Forest,Config_LLM,VIC,D00125,0,0
liquid100_mat5,any_relevance,2week,Random_Forest,Config_LLM,VIC,D00126,1,0
liquid100_mat5,any_relevance,2week,Random_Forest,Config_LLM,VIC,D00127,1,0
liquid100_mat5,any_relevance,2week,Random_Forest,Config_LLM,VIC,D00128,1,0
liquid100_mat5,any_relevance,2week,Random_Forest,Config_LLM,VIC,D00129,1,1
liquid100_mat5,any_relevance,2week,Random_Forest,Config_LLM,VIC,D00130,0,0
liquid100_mat5,any_relevance,2week,Random_Forest,Config_LLM,VIC,D00131,0,0
liquid100_mat5,any_relevance,2week,Random_Forest,Config_LLM,VIC,D00132,1,0
liquid100_mat5,any_relevance,2week,Random_Forest,Config_LLM,VIC,D00133,1,0
liquid100_mat5,any_relevance,2week,Random_Forest,Config_LLM,VIC,D00134,0,0
liquid100_mat5,any_relevance,2week,Random_Forest,Config_LLM,VIC,D00135,0,0
liquid100_mat5,any_relevance,2week,Random_Forest,Config_LLM,VIC,D00136,1,0
liquid100_mat5,any_relevance,2week,Random_Forest,Config_LLM,VIC,D00137,1,0
liquid100_mat5,any_relevance,2week,Random_Forest,Config_LLM,VIC,D00138,1,0
liquid100_mat5,any_relevance,2week,Random_Forest,Config_LLM,VIC,D00139,0,0
liquid100_mat5,any_relevance,2week,Random_Forest,Config_LLM,VIC,D00140,0,0
liquid100_mat5,any_relevance,2week,Random_Forest,Config_LLM,VIC,D00141,1,0
liquid100_mat5,any_relevance,2week,Random_Forest,Config_LLM,VIC,D00142,1,0
liquid100_mat5,any_relevance,2week,Random_Forest,Config_LLM,VJC,D00119,1,0
liquid100_mat5,any_relevance,2week,Random_Forest,Config_LLM,VJC,D00120,1,0
liquid100_mat5,any_relevance,2week,Random_Forest,Config_LLM,VJC,D00121,0,0
liquid100_mat5,any_relevance,2week,Random_Forest,Config_LLM,VJC,D00122,0,0
liquid100_mat5,any_relevance,2week,Random_Forest,Config_LLM,VJC,D00123,1,0
liquid100_mat5,any_relevance,2week,Random_Forest,Config_LLM,VJC,D00124,1,0
liquid100_mat5,any_relevance,2week,Random_Forest,Config_LLM,VJC,D00125,0,1
liquid100_mat5,any_relevance,2week,Random_Forest,Config_LLM,VJC,D00126,1,0
liquid100_mat5,any_relevance,2week,Random_Forest,Config_LLM,VJC,D00127,1,0
liquid100_mat5,any_relevance,2week,Random_Forest,Config_LLM,VJC,D00128,0,0
liquid100_mat5,any_relevance,2week,Random_Forest,Config_LLM,VJC,D00129,1,0
liquid100_mat5,any_relevance,2week,Random_Forest,Config_LLM,VJC,D00130,0,0
liquid100_mat5,any_relevance,2week,Random_Forest,Config_LLM,VJC,D00131,0,0
liquid100_mat5,any_relevance,2week,Random_Forest,Config_LLM,VJC,D00132,0,0
liquid100_mat5,any_relevance,2week,Random_Forest,Config_LLM,VJC,D00133,1,0
liquid100_mat5,any_relevance,2week,Random_Forest,Config_LLM,VJC,D00134,0,0
liquid100_mat5,any_relevance,2week,Random_Forest,Config_LLM,VJC,D00135,0,0
liquid100_mat5,any_relevance,2week,Random_Forest,Config_LLM,VJC,D00136,1,0
liquid100_mat5,any_relevance,2week,Random_Forest,Config_LLM,VJC,D00137,1,0
liquid100_mat5,any_relevance,2week,Random_Forest,Config_LLM,VJC,D00138,0,0
liquid100_mat5,any_relevance,2week,Random_Forest,Config_LLM,VJC,D00139,0,0
liquid100_mat5,any_relevance,2week,Random_Forest,Config_LLM,VJC,D00140,1,0
liquid100_mat5,any_relevance,2week,Random_Forest,Config_LLM,VJC,D00141,1,0
liquid100_mat5,any_relevance,2week,Random_Forest,Config_LLM,VJC,D00142,0,0
liquid100_mat5,any_relevance,2week,Random_Forest,Config_LLM,VND,D00119,1,0
liquid100_mat5,any_relevance,2week,Random_Forest,Config_LLM,VND,D00120,0,0
liquid100_mat5,any_relevance,2week,Random_Forest,Config_LLM,VND,D00121,0,0
liquid100_mat5,any_relevance,2week,Random_Forest,Config_LLM,VND,D00122,0,0
liquid100_mat5,any_relevance,2week,Random_Forest,Config_LLM,VND,D00123,1,0
liquid100_mat5,any_relevance,2week,Random_Forest,Config_LLM,VND,D00124,0,0
liquid100_mat5,any_relevance,2week,Random_Forest,Config_LLM,VND,D00125,0,1
liquid100_mat5,any_relevance,2week,Random_Forest,Config_LLM,VND,D00126,0,0
liquid100_mat5,any_relevance,2week,Random_Forest,Config_LLM,VND,D00127,0,0
liquid100_mat5,any_relevance,2week,Random_Forest,Config_LLM,VND,D00128,1,0
liquid100_mat5,any_relevance,2week,Random_Forest,Config_LLM,VND,D00129,0,0
liquid100_mat5,any_relevance,2week,Random_Forest,Config_LLM,VND,D00130,1,0
liquid100_mat5,any_relevance,2week,Random_Forest,Config_LLM,VND,D00131,0,0
liquid100_mat5,any_relevance,2week,Random_Forest,Config_LLM,VND,D00132,0,0
liquid100_mat5,any_relevance,2week,Random_Forest,Config_LLM,VND,D00133,1,0
liquid100_mat5,any_relevance,2week,Random_Forest,Config_LLM,VND,D00134,0,0
liquid100_mat5,any_relevance,2week,Random_Forest,Config_LLM,VND,D00135,0,0
liquid100_mat5,any_relevance,2week,Random_Forest,Config_LLM,VND,D00136,1,0
liquid100_mat5,any_relevance,2week,Random_Forest,Config_LLM,VND,D00137,0,0
liquid100_mat5,any_relevance,2week,Random_Forest,Config_LLM,VND,D00138,0,0
liquid100_mat5,any_relevance,2week,Random_Forest,Config_LLM,VND,D00139,1,0
liquid100_mat5,any_relevance,2week,Random_Forest,Config_LLM,VND,D00140,1,0
liquid100_mat5,any_relevance,2week,Random_Forest,Config_LLM,VND,D00141,1,0
liquid100_mat5,any_relevance,2week,Random_Forest,Config_LLM,VND,D00142,0,0
liquid100_mat5,any_relevance,2week,Random_Forest,Config_LLM,VNM,D00119,0,0
liquid100_mat5,any_relevance,2week,Random_Forest,Config_LLM,VNM,D00120,0,0
liquid100_mat5,any_relevance,2week,Random_Forest,Config_LLM,VNM,D00121,1,0
liquid100_mat5,any_relevance,2week,Random_Forest,Config_LLM,VNM,D00122,0,0
liquid100_mat5,any_relevance,2week,Random_Forest,Config_LLM,VNM,D00123,1,0
liquid100_mat5,any_relevance,2week,Random_Forest,Config_LLM,VNM,D00124,0,0
liquid100_mat5,any_relevance,2week,Random_Forest,Config_LLM,VNM,D00125,1,0
liquid100_mat5,any_relevance,2week,Random_Forest,Config_LLM,VNM,D00126,1,0
liquid100_mat5,any_relevance,2week,Random_Forest,Config_LLM,VNM,D00127,1,0
liquid100_mat5,any_relevance,2week,Random_Forest,Config_LLM,VNM,D00128,0,0
liquid100_mat5,any_relevance,2week,Random_Forest,Config_LLM,VNM,D00129,0,0
liquid100_mat5,any_relevance,2week,Random_Forest,Config_LLM,VNM,D00130,1,0
liquid100_mat5,any_relevance,2week,Random_Forest,Config_LLM,VNM,D00131,1,0
liquid100_mat5,any_relevance,2week,Random_Forest,Config_LLM,VNM,D00132,0,0
liquid100_mat5,any_relevance,2week,Random_Forest,Config_LLM,VNM,D00133,0,0
liquid100_mat5,any_relevance,2week,Random_Forest,Config_LLM,VNM,D00134,0,1
liquid100_mat5,any_relevance,2week,Random_Forest,Config_LLM,VNM,D00135,0,0
liquid100_mat5,any_relevance,2week,Random_Forest,Config_LLM,VNM,D00136,0,0
liquid100_mat5,any_relevance,2week,Random_Forest,Config_LLM,VNM,D00137,0,0
liquid100_mat5,any_relevance,2week,Random_Forest,Config_LLM,VNM,D00138,0,0
liquid100_mat5,any_relevance,2week,Random_Forest,Config_LLM,VNM,D00139,0,0
liquid100_mat5,any_relevance,2week,Random_Forest,Config_LLM,VNM,D00140,0,1
liquid100_mat5,any_relevance,2week,Random_Forest,Config_LLM,VNM,D00141,0,0
liquid100_mat5,any_relevance,2week,Random_Forest,Config_LLM,VNM,D00142,0,0
liquid100_mat5,any_relevance,2week,Random_Forest,Config_LLM,VPB,D00119,1,0
liquid100_mat5,any_relevance,2week,Random_Forest,Config_LLM,VPB,D00120,1,0
liquid100_mat5,any_relevance,2week,Random_Forest,Config_LLM,VPB,D00121,0,0
liquid100_mat5,any_relevance,2week,Random_Forest,Config_LLM,VPB,D00122,0,0
liquid100_mat5,any_relevance,2week,Random_Forest,Config_LLM,VPB,D00123,1,0
liquid100_mat5,any_relevance,2week,Random_Forest,Config_LLM,VPB,D00124,0,0
liquid100_mat5,any_relevance,2week,Random_Forest,Config_LLM,VPB,D00125,0,0
liquid100_mat5,any_relevance,2week,Random_Forest,Config_LLM,VPB,D00126,0,0
liquid100_mat5,any_relevance,2week,Random_Forest,Config_LLM,VPB,D00127,1,0
liquid100_mat5,any_relevance,2week,Random_Forest,Config_LLM,VPB,D00128,0,0
liquid100_mat5,any_relevance,2week,Random_Forest,Config_LLM,VPB,D00129,0,1
liquid100_mat5,any_relevance,2week,Random_Forest,Config_LLM,VPB,D00130,1,1
liquid100_mat5,any_relevance,2week,Random_Forest,Config_LLM,VPB,D00131,0,0
liquid100_mat5,any_relevance,2week,Random_Forest,Config_LLM,VPB,D00132,0,0
liquid100_mat5,any_relevance,2week,Random_Forest,Config_LLM,VPB,D00133,1,0
liquid100_mat5,any_relevance,2week,Random_Forest,Config_LLM,VPB,D00134,0,0
liquid100_mat5,any_relevance,2week,Random_Forest,Config_LLM,VPB,D00135,0,0
liquid100_mat5,any_relevance,2week,Random_Forest,Config_LLM,VPB,D00136,1,0
liquid100_mat5,any_relevance,2week,Random_Forest,Config_LLM,VPB,D00137,1,0
liquid100_mat5,any_relevance,2week,Random_Forest,Config_LLM,VPB,D00138,0,0
liquid100_mat5,any_relevance,2week,Random_Forest,Config_LLM,VPB,D00139,0,0
liquid100_mat5,any_relevance,2week,Random_Forest,Config_LLM,VPB,D00140,0,0
liquid100_mat5,any_relevance,2week,Random_Forest,Config_LLM,VPB,D00141,0,0
liquid100_mat5,any_relevance,2week,Random_Forest,Config_LLM,VPB,D00142,0,0
liquid100_mat5,any_relevance,2week,Random_Forest,Config_LLM,VSC,D00119,1,0
liquid100_mat5,any_relevance,2week,Random_Forest,Config_LLM,VSC,D00120,0,0
liquid100_mat5,any_relevance,2week,Random_Forest,Config_LLM,VSC,D00121,0,1
liquid100_mat5,any_relevance,2week,Random_Forest,Config_LLM,VSC,D00122,0,0
liquid100_mat5,any_relevance,2week,Random_Forest,Config_LLM,VSC,D00123,0,0
liquid100_mat5,any_relevance,2week,Random_Forest,Config_LLM,VSC,D00124,0,0
liquid100_mat5,any_relevance,2week,Random_Forest,Config_LLM,VSC,D00125,0,0
liquid100_mat5,any_relevance,2week,Random_Forest,Config_LLM,VSC,D00126,1,0
liquid100_mat5,any_relevance,2week,Random_Forest,Config_LLM,VSC,D00127,0,0
liquid100_mat5,any_relevance,2week,Random_Forest,Config_LLM,VSC,D00128,0,0
liquid100_mat5,any_relevance,2week,Random_Forest,Config_LLM,VSC,D00129,0,0
liquid100_mat5,any_relevance,2week,Random_Forest,Config_LLM,VSC,D00130,1,0
liquid100_mat5,any_relevance,2week,Random_Forest,Config_LLM,VSC,D00131,0,0
liquid100_mat5,any_relevance,2week,Random_Forest,Config_LLM,VSC,D00132,1,0
liquid100_mat5,any_relevance,2week,Random_Forest,Config_LLM,VSC,D00133,1,0
liquid100_mat5,any_relevance,2week,Random_Forest,Config_LLM,VSC,D00134,0,0
liquid100_mat5,any_relevance,2week,Random_Forest,Config_LLM,VSC,D00135,0,0
liquid100_mat5,any_relevance,2week,Random_Forest,Config_LLM,VSC,D00136,1,0
liquid100_mat5,any_relevance,2week,Random_Forest,Config_LLM,VSC,D00137,0,0
liquid100_mat5,any_relevance,2week,Random_Forest,Config_LLM,VSC,D00138,0,0
liquid100_mat5,any_relevance,2week,Random_Forest,Config_LLM,VSC,D00139,0,0
liquid100_mat5,any_relevance,2week,Random_Forest,Config_LLM,VSC,D00140,0,0
liquid100_mat5,any_relevance,2week,Random_Forest,Config_LLM,VSC,D00141,0,0
liquid100_mat5,any_relevance,2week,Random_Forest,Config_LLM,VSC,D00142,0,0
liquid100_mat5,any_relevance,2week,XGBoost,Config_LLM,ACB,D00119,1,0
liquid100_mat5,any_relevance,2week,XGBoost,Config_LLM,ACB,D00120,1,0
liquid100_mat5,any_relevance,2week,XGBoost,Config_LLM,ACB,D00121,0,0
liquid100_mat5,any_relevance,2week,XGBoost,Config_LLM,ACB,D00122,0,1
liquid100_mat5,any_relevance,2week,XGBoost,Config_LLM,ACB,D00123,1,1
liquid100_mat5,any_relevance,2week,XGBoost,Config_LLM,ACB,D00124,0,1
liquid100_mat5,any_relevance,2week,XGBoost,Config_LLM,ACB,D00125,0,1
liquid100_mat5,any_relevance,2week,XGBoost,Config_LLM,ACB,D00126,0,0
liquid100_mat5,any_relevance,2week,XGBoost,Config_LLM,ACB,D00127,0,0
liquid100_mat5,any_relevance,2week,XGBoost,Config_LLM,ACB,D00128,0,1
liquid100_mat5,any_relevance,2week,XGBoost,Config_LLM,ACB,D00129,0,0
liquid100_mat5,any_relevance,2week,XGBoost,Config_LLM,ACB,D00130,1,1
liquid100_mat5,any_relevance,2week,XGBoost,Config_LLM,ACB,D00131,0,0
liquid100_mat5,any_relevance,2week,XGBoost,Config_LLM,ACB,D00132,0,0
liquid100_mat5,any_relevance,2week,XGBoost,Config_LLM,ACB,D00133,1,1
liquid100_mat5,any_relevance,2week,XGBoost,Config_LLM,ACB,D00134,0,1
liquid100_mat5,any_relevance,2week,XGBoost,Config_LLM,ACB,D00135,0,0
liquid100_mat5,any_relevance,2week,XGBoost,Config_LLM,ACB,D00136,0,0
liquid100_mat5,any_relevance,2week,XGBoost,Config_LLM,ACB,D00137,0,0
liquid100_mat5,any_relevance,2week,XGBoost,Config_LLM,ACB,D00138,0,0
liquid100_mat5,any_relevance,2week,XGBoost,Config_LLM,ACB,D00139,1,0
liquid100_mat5,any_relevance,2week,XGBoost,Config_LLM,ACB,D00140,1,0
liquid100_mat5,any_relevance,2week,XGBoost,Config_LLM,ACB,D00141,0,0
liquid100_mat5,any_relevance,2week,XGBoost,Config_LLM,ACB,D00142,0,1
liquid100_mat5,any_relevance,2week,XGBoost,Config_LLM,BID,D00119,1,0
liquid100_mat5,any_relevance,2week,XGBoost,Config_LLM,BID,D00120,1,0
liquid100_mat5,any_relevance,2week,XGBoost,Config_LLM,BID,D00121,0,0
liquid100_mat5,any_relevance,2week,XGBoost,Config_LLM,BID,D00122,0,0
liquid100_mat5,any_relevance,2week,XGBoost,Config_LLM,BID,D00123,0,0
liquid100_mat5,any_relevance,2week,XGBoost,Config_LLM,BID,D00124,0,0
liquid100_mat5,any_relevance,2week,XGBoost,Config_LLM,BID,D00125,0,0
liquid100_mat5,any_relevance,2week,XGBoost,Config_LLM,BID,D00126,0,0
liquid100_mat5,any_relevance,2week,XGBoost,Config_LLM,BID,D00127,0,0
liquid100_mat5,any_relevance,2week,XGBoost,Config_LLM,BID,D00128,0,1
liquid100_mat5,any_relevance,2week,XGBoost,Config_LLM,BID,D00129,1,0
liquid100_mat5,any_relevance,2week,XGBoost,Config_LLM,BID,D00130,1,0
liquid100_mat5,any_relevance,2week,XGBoost,Config_LLM,BID,D00131,1,0
liquid100_mat5,any_relevance,2week,XGBoost,Config_LLM,BID,D00132,0,0
liquid100_mat5,any_relevance,2week,XGBoost,Config_LLM,BID,D00133,0,0
liquid100_mat5,any_relevance,2week,XGBoost,Config_LLM,BID,D00134,0,0
liquid100_mat5,any_relevance,2week,XGBoost,Config_LLM,BID,D00135,0,0
liquid100_mat5,any_relevance,2week,XGBoost,Config_LLM,BID,D00136,0,0
liquid100_mat5,any_relevance,2week,XGBoost,Config_LLM,BID,D00137,0,0
liquid100_mat5,any_relevance,2week,XGBoost,Config_LLM,BID,D00138,1,1
liquid100_mat5,any_relevance,2week,XGBoost,Config_LLM,BID,D00139,1,0
liquid100_mat5,any_relevance,2week,XGBoost,Config_LLM,BID,D00140,0,1
liquid100_mat5,any_relevance,2week,XGBoost,Config_LLM,BID,D00141,0,0
liquid100_mat5,any_relevance,2week,XGBoost,Config_LLM,BID,D00142,0,0
liquid100_mat5,any_relevance,2week,XGBoost,Config_LLM,CTG,D00119,1,0
liquid100_mat5,any_relevance,2week,XGBoost,Config_LLM,CTG,D00120,1,0
liquid100_mat5,any_relevance,2week,XGBoost,Config_LLM,CTG,D00121,0,0
liquid100_mat5,any_relevance,2week,XGBoost,Config_LLM,CTG,D00122,0,0
liquid100_mat5,any_relevance,2week,XGBoost,Config_LLM,CTG,D00123,1,0
liquid100_mat5,any_relevance,2week,XGBoost,Config_LLM,CTG,D00124,0,0
liquid100_mat5,any_relevance,2week,XGBoost,Config_LLM,CTG,D00125,0,0
liquid100_mat5,any_relevance,2week,XGBoost,Config_LLM,CTG,D00126,0,0
liquid100_mat5,any_relevance,2week,XGBoost,Config_LLM,CTG,D00127,1,0
liquid100_mat5,any_relevance,2week,XGBoost,Config_LLM,CTG,D00128,0,1
liquid100_mat5,any_relevance,2week,XGBoost,Config_LLM,CTG,D00129,1,0
liquid100_mat5,any_relevance,2week,XGBoost,Config_LLM,CTG,D00130,1,0
liquid100_mat5,any_relevance,2week,XGBoost,Config_LLM,CTG,D00131,0,0
liquid100_mat5,any_relevance,2week,XGBoost,Config_LLM,CTG,D00132,0,0
liquid100_mat5,any_relevance,2week,XGBoost,Config_LLM,CTG,D00133,0,1
liquid100_mat5,any_relevance,2week,XGBoost,Config_LLM,CTG,D00134,0,0
liquid100_mat5,any_relevance,2week,XGBoost,Config_LLM,CTG,D00135,0,0
liquid100_mat5,any_relevance,2week,XGBoost,Config_LLM,CTG,D00136,0,0
liquid100_mat5,any_relevance,2week,XGBoost,Config_LLM,CTG,D00137,0,0
liquid100_mat5,any_relevance,2week,XGBoost,Config_LLM,CTG,D00138,0,0
liquid100_mat5,any_relevance,2week,XGBoost,Config_LLM,CTG,D00139,0,0
liquid100_mat5,any_relevance,2week,XGBoost,Config_LLM,CTG,D00140,0,0
liquid100_mat5,any_relevance,2week,XGBoost,Config_LLM,CTG,D00141,0,0
liquid100_mat5,any_relevance,2week,XGBoost,Config_LLM,CTG,D00142,0,0
liquid100_mat5,any_relevance,2week,XGBoost,Config_LLM,DCM,D00119,1,0
liquid100_mat5,any_relevance,2week,XGBoost,Config_LLM,DCM,D00120,0,0
liquid100_mat5,any_relevance,2week,XGBoost,Config_LLM,DCM,D00121,0,0
liquid100_mat5,any_relevance,2week,XGBoost,Config_LLM,DCM,D00122,0,0
liquid100_mat5,any_relevance,2week,XGBoost,Config_LLM,DCM,D00123,0,0
liquid100_mat5,any_relevance,2week,XGBoost,Config_LLM,DCM,D00124,0,0
liquid100_mat5,any_relevance,2week,XGBoost,Config_LLM,DCM,D00125,0,1
liquid100_mat5,any_relevance,2week,XGBoost,Config_LLM,DCM,D00126,0,0
liquid100_mat5,any_relevance,2week,XGBoost,Config_LLM,DCM,D00127,0,0
liquid100_mat5,any_relevance,2week,XGBoost,Config_LLM,DCM,D00128,0,0
liquid100_mat5,any_relevance,2week,XGBoost,Config_LLM,DCM,D00129,1,0
liquid100_mat5,any_relevance,2week,XGBoost,Config_LLM,DCM,D00130,1,0
liquid100_mat5,any_relevance,2week,XGBoost,Config_LLM,DCM,D00131,1,0
liquid100_mat5,any_relevance,2week,XGBoost,Config_LLM,DCM,D00132,1,0
liquid100_mat5,any_relevance,2week,XGBoost,Config_LLM,DCM,D00133,1,0
liquid100_mat5,any_relevance,2week,XGBoost,Config_LLM,DCM,D00134,1,0
liquid100_mat5,any_relevance,2week,XGBoost,Config_LLM,DCM,D00135,0,1
liquid100_mat5,any_relevance,2week,XGBoost,Config_LLM,DCM,D00136,0,0
liquid100_mat5,any_relevance,2week,XGBoost,Config_LLM,DCM,D00137,0,0
liquid100_mat5,any_relevance,2week,XGBoost,Config_LLM,DCM,D00138,0,0
liquid100_mat5,any_relevance,2week,XGBoost,Config_LLM,DCM,D00139,0,0
liquid100_mat5,any_relevance,2week,XGBoost,Config_LLM,DCM,D00140,0,0
liquid100_mat5,any_relevance,2week,XGBoost,Config_LLM,DCM,D00141,0,0
liquid100_mat5,any_relevance,2week,XGBoost,Config_LLM,DCM,D00142,0,0
liquid100_mat5,any_relevance,2week,XGBoost,Config_LLM,DIG,D00119,1,0
liquid100_mat5,any_relevance,2week,XGBoost,Config_LLM,DIG,D00120,0,0
liquid100_mat5,any_relevance,2week,XGBoost,Config_LLM,DIG,D00121,1,0
liquid100_mat5,any_relevance,2week,XGBoost,Config_LLM,DIG,D00122,0,0
liquid100_mat5,any_relevance,2week,XGBoost,Config_LLM,DIG,D00123,0,0
liquid100_mat5,any_relevance,2week,XGBoost,Config_LLM,DIG,D00124,0,0
liquid100_mat5,any_relevance,2week,XGBoost,Config_LLM,DIG,D00125,0,0
liquid100_mat5,any_relevance,2week,XGBoost,Config_LLM,DIG,D00126,1,1
liquid100_mat5,any_relevance,2week,XGBoost,Config_LLM,DIG,D00127,0,0
liquid100_mat5,any_relevance,2week,XGBoost,Config_LLM,DIG,D00128,0,0
liquid100_mat5,any_relevance,2week,XGBoost,Config_LLM,DIG,D00129,0,0
liquid100_mat5,any_relevance,2week,XGBoost,Config_LLM,DIG,D00130,0,0
liquid100_mat5,any_relevance,2week,XGBoost,Config_LLM,DIG,D00131,0,1
liquid100_mat5,any_relevance,2week,XGBoost,Config_LLM,DIG,D00132,0,1
liquid100_mat5,any_relevance,2week,XGBoost,Config_LLM,DIG,D00133,0,0
liquid100_mat5,any_relevance,2week,XGBoost,Config_LLM,DIG,D00134,0,0
liquid100_mat5,any_relevance,2week,XGBoost,Config_LLM,DIG,D00135,1,0
liquid100_mat5,any_relevance,2week,XGBoost,Config_LLM,DIG,D00136,1,0
liquid100_mat5,any_relevance,2week,XGBoost,Config_LLM,DIG,D00137,0,0
liquid100_mat5,any_relevance,2week,XGBoost,Config_LLM,DIG,D00138,1,1
liquid100_mat5,any_relevance,2week,XGBoost,Config_LLM,DIG,D00139,0,0
liquid100_mat5,any_relevance,2week,XGBoost,Config_LLM,DIG,D00140,0,0
liquid100_mat5,any_relevance,2week,XGBoost,Config_LLM,DIG,D00141,0,0
liquid100_mat5,any_relevance,2week,XGBoost,Config_LLM,DIG,D00142,0,0
liquid100_mat5,any_relevance,2week,XGBoost,Config_LLM,DPM,D00119,1,1
liquid100_mat5,any_relevance,2week,XGBoost,Config_LLM,DPM,D00120,0,0
liquid100_mat5,any_relevance,2week,XGBoost,Config_LLM,DPM,D00121,0,0
liquid100_mat5,any_relevance,2week,XGBoost,Config_LLM,DPM,D00122,0,0
liquid100_mat5,any_relevance,2week,XGBoost,Config_LLM,DPM,D00123,0,0
liquid100_mat5,any_relevance,2week,XGBoost,Config_LLM,DPM,D00124,0,0
liquid100_mat5,any_relevance,2week,XGBoost,Config_LLM,DPM,D00125,0,0
liquid100_mat5,any_relevance,2week,XGBoost,Config_LLM,DPM,D00126,0,0
liquid100_mat5,any_relevance,2week,XGBoost,Config_LLM,DPM,D00127,0,1
liquid100_mat5,any_relevance,2week,XGBoost,Config_LLM,DPM,D00128,0,0
liquid100_mat5,any_relevance,2week,XGBoost,Config_LLM,DPM,D00129,1,0
liquid100_mat5,any_relevance,2week,XGBoost,Config_LLM,DPM,D00130,1,0
liquid100_mat5,any_relevance,2week,XGBoost,Config_LLM,DPM,D00131,0,0
liquid100_mat5,any_relevance,2week,XGBoost,Config_LLM,DPM,D00132,1,0
liquid100_mat5,any_relevance,2week,XGBoost,Config_LLM,DPM,D00133,1,0
liquid100_mat5,any_relevance,2week,XGBoost,Config_LLM,DPM,D00134,1,0
liquid100_mat5,any_relevance,2week,XGBoost,Config_LLM,DPM,D00135,0,0
liquid100_mat5,any_relevance,2week,XGBoost,Config_LLM,DPM,D00136,0,0
liquid100_mat5,any_relevance,2week,XGBoost,Config_LLM,DPM,D00137,0,0
liquid100_mat5,any_relevance,2week,XGBoost,Config_LLM,DPM,D00138,0,0
liquid100_mat5,any_relevance,2week,XGBoost,Config_LLM,DPM,D00139,0,0
liquid100_mat5,any_relevance,2week,XGBoost,Config_LLM,DPM,D00140,0,0
liquid100_mat5,any_relevance,2week,XGBoost,Config_LLM,DPM,D00141,0,0
liquid100_mat5,any_relevance,2week,XGBoost,Config_LLM,DPM,D00142,0,0
liquid100_mat5,any_relevance,2week,XGBoost,Config_LLM,DXG,D00119,1,0
liquid100_mat5,any_relevance,2week,XGBoost,Config_LLM,DXG,D00120,1,0
liquid100_mat5,any_relevance,2week,XGBoost,Config_LLM,DXG,D00121,1,0
liquid100_mat5,any_relevance,2week,XGBoost,Config_LLM,DXG,D00122,0,0
liquid100_mat5,any_relevance,2week,XGBoost,Config_LLM,DXG,D00123,0,0
liquid100_mat5,any_relevance,2week,XGBoost,Config_LLM,DXG,D00124,0,0
liquid100_mat5,any_relevance,2week,XGBoost,Config_LLM,DXG,D00125,0,0
liquid100_mat5,any_relevance,2week,XGBoost,Config_LLM,DXG,D00126,0,0
liquid100_mat5,any_relevance,2week,XGBoost,Config_LLM,DXG,D00127,0,0
liquid100_mat5,any_relevance,2week,XGBoost,Config_LLM,DXG,D00128,0,0
liquid100_mat5,any_relevance,2week,XGBoost,Config_LLM,DXG,D00129,0,0
liquid100_mat5,any_relevance,2week,XGBoost,Config_LLM,DXG,D00130,0,0
liquid100_mat5,any_relevance,2week,XGBoost,Config_LLM,DXG,D00131,0,0
liquid100_mat5,any_relevance,2week,XGBoost,Config_LLM,DXG,D00132,0,0
liquid100_mat5,any_relevance,2week,XGBoost,Config_LLM,DXG,D00133,0,0
liquid100_mat5,any_relevance,2week,XGBoost,Config_LLM,DXG,D00134,0,0
liquid100_mat5,any_relevance,2week,XGBoost,Config_LLM,DXG,D00135,1,0
liquid100_mat5,any_relevance,2week,XGBoost,Config_LLM,DXG,D00136,1,0
liquid100_mat5,any_relevance,2week,XGBoost,Config_LLM,DXG,D00137,0,0
liquid100_mat5,any_relevance,2week,XGBoost,Config_LLM,DXG,D00138,1,0
liquid100_mat5,any_relevance,2week,XGBoost,Config_LLM,DXG,D00139,0,1
liquid100_mat5,any_relevance,2week,XGBoost,Config_LLM,DXG,D00140,0,0
liquid100_mat5,any_relevance,2week,XGBoost,Config_LLM,DXG,D00141,0,0
liquid100_mat5,any_relevance,2week,XGBoost,Config_LLM,DXG,D00142,0,1
liquid100_mat5,any_relevance,2week,XGBoost,Config_LLM,EIB,D00119,1,0
liquid100_mat5,any_relevance,2week,XGBoost,Config_LLM,EIB,D00120,0,0
liquid100_mat5,any_relevance,2week,XGBoost,Config_LLM,EIB,D00121,0,0
liquid100_mat5,any_relevance,2week,XGBoost,Config_LLM,EIB,D00122,0,0
liquid100_mat5,any_relevance,2week,XGBoost,Config_LLM,EIB,D00123,1,1
liquid100_mat5,any_relevance,2week,XGBoost,Config_LLM,EIB,D00124,0,0
liquid100_mat5,any_relevance,2week,XGBoost,Config_LLM,EIB,D00125,0,1
liquid100_mat5,any_relevance,2week,XGBoost,Config_LLM,EIB,D00126,1,0
liquid100_mat5,any_relevance,2week,XGBoost,Config_LLM,EIB,D00127,0,1
liquid100_mat5,any_relevance,2week,XGBoost,Config_LLM,EIB,D00128,0,1
liquid100_mat5,any_relevance,2week,XGBoost,Config_LLM,EIB,D00129,0,0
liquid100_mat5,any_relevance,2week,XGBoost,Config_LLM,EIB,D00130,1,0
liquid100_mat5,any_relevance,2week,XGBoost,Config_LLM,EIB,D00131,0,0
liquid100_mat5,any_relevance,2week,XGBoost,Config_LLM,EIB,D00132,0,0
liquid100_mat5,any_relevance,2week,XGBoost,Config_LLM,EIB,D00133,1,0
liquid100_mat5,any_relevance,2week,XGBoost,Config_LLM,EIB,D00134,0,0
liquid100_mat5,any_relevance,2week,XGBoost,Config_LLM,EIB,D00135,1,0
liquid100_mat5,any_relevance,2week,XGBoost,Config_LLM,EIB,D00136,0,0
liquid100_mat5,any_relevance,2week,XGBoost,Config_LLM,EIB,D00137,0,0
liquid100_mat5,any_relevance,2week,XGBoost,Config_LLM,EIB,D00138,0,0
liquid100_mat5,any_relevance,2week,XGBoost,Config_LLM,EIB,D00139,0,0
liquid100_mat5,any_relevance,2week,XGBoost,Config_LLM,EIB,D00140,0,0
liquid100_mat5,any_relevance,2week,XGBoost,Config_LLM,EIB,D00141,0,0
liquid100_mat5,any_relevance,2week,XGBoost,Config_LLM,EIB,D00142,0,0
liquid100_mat5,any_relevance,2week,XGBoost,Config_LLM,FPT,D00119,0,1
liquid100_mat5,any_relevance,2week,XGBoost,Config_LLM,FPT,D00120,0,1
liquid100_mat5,any_relevance,2week,XGBoost,Config_LLM,FPT,D00121,0,0
liquid100_mat5,any_relevance,2week,XGBoost,Config_LLM,FPT,D00122,0,0
liquid100_mat5,any_relevance,2week,XGBoost,Config_LLM,FPT,D00123,0,0
liquid100_mat5,any_relevance,2week,XGBoost,Config_LLM,FPT,D00124,1,0
liquid100_mat5,any_relevance,2week,XGBoost,Config_LLM,FPT,D00125,1,0
liquid100_mat5,any_relevance,2week,XGBoost,Config_LLM,FPT,D00126,0,0
liquid100_mat5,any_relevance,2week,XGBoost,Config_LLM,FPT,D00127,0,0
liquid100_mat5,any_relevance,2week,XGBoost,Config_LLM,FPT,D00128,0,0
liquid100_mat5,any_relevance,2week,XGBoost,Config_LLM,FPT,D00129,0,1
liquid100_mat5,any_relevance,2week,XGBoost,Config_LLM,FPT,D00130,1,0
liquid100_mat5,any_relevance,2week,XGBoost,Config_LLM,FPT,D00131,0,0
liquid100_mat5,any_relevance,2week,XGBoost,Config_LLM,FPT,D00132,0,1
liquid100_mat5,any_relevance,2week,XGBoost,Config_LLM,FPT,D00133,0,0
liquid100_mat5,any_relevance,2week,XGBoost,Config_LLM,FPT,D00134,0,1
liquid100_mat5,any_relevance,2week,XGBoost,Config_LLM,FPT,D00135,0,0
liquid100_mat5,any_relevance,2week,XGBoost,Config_LLM,FPT,D00136,0,0
liquid100_mat5,any_relevance,2week,XGBoost,Config_LLM,FPT,D00137,0,1
liquid100_mat5,any_relevance,2week,XGBoost,Config_LLM,FPT,D00138,0,1
liquid100_mat5,any_relevance,2week,XGBoost,Config_LLM,FPT,D00139,1,0
liquid100_mat5,any_relevance,2week,XGBoost,Config_LLM,FPT,D00140,0,1
liquid100_mat5,any_relevance,2week,XGBoost,Config_LLM,FPT,D00141,0,1
liquid100_mat5,any_relevance,2week,XGBoost,Config_LLM,FPT,D00142,0,0
liquid100_mat5,any_relevance,2week,XGBoost,Config_LLM,GAS,D00119,1,0
liquid100_mat5,any_relevance,2week,XGBoost,Config_LLM,GAS,D00120,0,0
liquid100_mat5,any_relevance,2week,XGBoost,Config_LLM,GAS,D00121,0,0
liquid100_mat5,any_relevance,2week,XGBoost,Config_LLM,GAS,D00122,0,0
liquid100_mat5,any_relevance,2week,XGBoost,Config_LLM,GAS,D00123,0,0
liquid100_mat5,any_relevance,2week,XGBoost,Config_LLM,GAS,D00124,0,0
liquid100_mat5,any_relevance,2week,XGBoost,Config_LLM,GAS,D00125,1,0
liquid100_mat5,any_relevance,2week,XGBoost,Config_LLM,GAS,D00126,0,0
liquid100_mat5,any_relevance,2week,XGBoost,Config_LLM,GAS,D00127,1,0
liquid100_mat5,any_relevance,2week,XGBoost,Config_LLM,GAS,D00128,0,0
liquid100_mat5,any_relevance,2week,XGBoost,Config_LLM,GAS,D00129,1,0
liquid100_mat5,any_relevance,2week,XGBoost,Config_LLM,GAS,D00130,1,0
liquid100_mat5,any_relevance,2week,XGBoost,Config_LLM,GAS,D00131,1,0
liquid100_mat5,any_relevance,2week,XGBoost,Config_LLM,GAS,D00132,0,0
liquid100_mat5,any_relevance,2week,XGBoost,Config_LLM,GAS,D00133,1,0
liquid100_mat5,any_relevance,2week,XGBoost,Config_LLM,GAS,D00134,0,0
liquid100_mat5,any_relevance,2week,XGBoost,Config_LLM,GAS,D00135,0,0
liquid100_mat5,any_relevance,2week,XGBoost,Config_LLM,GAS,D00136,0,0
liquid100_mat5,any_relevance,2week,XGBoost,Config_LLM,GAS,D00137,0,0
liquid100_mat5,any_relevance,2week,XGBoost,Config_LLM,GAS,D00138,0,0
liquid100_mat5,any_relevance,2week,XGBoost,Config_LLM,GAS,D00139,1,0
liquid100_mat5,any_relevance,2week,XGBoost,Config_LLM,GAS,D00140,0,0
liquid100_mat5,any_relevance,2week,XGBoost,Config_LLM,GAS,D00141,0,0
liquid100_mat5,any_relevance,2week,XGBoost,Config_LLM,GAS,D00142,0,0
liquid100_mat5,any_relevance,2week,XGBoost,Config_LLM,GEX,D00119,0,0
liquid100_mat5,any_relevance,2week,XGBoost,Config_LLM,GEX,D00120,0,0
liquid100_mat5,any_relevance,2week,XGBoost,Config_LLM,GEX,D00121,0,1
liquid100_mat5,any_relevance,2week,XGBoost,Config_LLM,GEX,D00122,0,0
liquid100_mat5,any_relevance,2week,XGBoost,Config_LLM,GEX,D00123,1,0
liquid100_mat5,any_relevance,2week,XGBoost,Config_LLM,GEX,D00124,0,0
liquid100_mat5,any_relevance,2week,XGBoost,Config_LLM,GEX,D00125,0,0
liquid100_mat5,any_relevance,2week,XGBoost,Config_LLM,GEX,D00126,1,0
liquid100_mat5,any_relevance,2week,XGBoost,Config_LLM,GEX,D00127,0,0
liquid100_mat5,any_relevance,2week,XGBoost,Config_LLM,GEX,D00128,0,0
liquid100_mat5,any_relevance,2week,XGBoost,Config_LLM,GEX,D00129,0,0
liquid100_mat5,any_relevance,2week,XGBoost,Config_LLM,GEX,D00130,0,0
liquid100_mat5,any_relevance,2week,XGBoost,Config_LLM,GEX,D00131,0,0
liquid100_mat5,any_relevance,2week,XGBoost,Config_LLM,GEX,D00132,0,0
liquid100_mat5,any_relevance,2week,XGBoost,Config_LLM,GEX,D00133,1,0
liquid100_mat5,any_relevance,2week,XGBoost,Config_LLM,GEX,D00134,0,0
liquid100_mat5,any_relevance,2week,XGBoost,Config_LLM,GEX,D00135,1,1
liquid100_mat5,any_relevance,2week,XGBoost,Config_LLM,GEX,D00136,1,0
liquid100_mat5,any_relevance,2week,XGBoost,Config_LLM,GEX,D00137,0,0
liquid100_mat5,any_relevance,2week,XGBoost,Config_LLM,GEX,D00138,1,0
liquid100_mat5,any_relevance,2week,XGBoost,Config_LLM,GEX,D00139,1,0
liquid100_mat5,any_relevance,2week,XGBoost,Config_LLM,GEX,D00140,0,0
liquid100_mat5,any_relevance,2week,XGBoost,Config_LLM,GEX,D00141,0,0
liquid100_mat5,any_relevance,2week,XGBoost,Config_LLM,GEX,D00142,0,0
liquid100_mat5,any_relevance,2week,XGBoost,Config_LLM,GMD,D00119,1,0
liquid100_mat5,any_relevance,2week,XGBoost,Config_LLM,GMD,D00120,1,0
liquid100_mat5,any_relevance,2week,XGBoost,Config_LLM,GMD,D00121,1,0
liquid100_mat5,any_relevance,2week,XGBoost,Config_LLM,GMD,D00122,0,0
liquid100_mat5,any_relevance,2week,XGBoost,Config_LLM,GMD,D00123,0,0
liquid100_mat5,any_relevance,2week,XGBoost,Config_LLM,GMD,D00124,0,1
liquid100_mat5,any_relevance,2week,XGBoost,Config_LLM,GMD,D00125,0,0
liquid100_mat5,any_relevance,2week,XGBoost,Config_LLM,GMD,D00126,0,0
liquid100_mat5,any_relevance,2week,XGBoost,Config_LLM,GMD,D00127,0,0
liquid100_mat5,any_relevance,2week,XGBoost,Config_LLM,GMD,D00128,0,0
liquid100_mat5,any_relevance,2week,XGBoost,Config_LLM,GMD,D00129,1,0
liquid100_mat5,any_relevance,2week,XGBoost,Config_LLM,GMD,D00130,1,1
liquid100_mat5,any_relevance,2week,XGBoost,Config_LLM,GMD,D00131,1,0
liquid100_mat5,any_relevance,2week,XGBoost,Config_LLM,GMD,D00132,1,0
liquid100_mat5,any_relevance,2week,XGBoost,Config_LLM,GMD,D00133,1,0
liquid100_mat5,any_relevance,2week,XGBoost,Config_LLM,GMD,D00134,0,0
liquid100_mat5,any_relevance,2week,XGBoost,Config_LLM,GMD,D00135,0,0
liquid100_mat5,any_relevance,2week,XGBoost,Config_LLM,GMD,D00136,0,0
liquid100_mat5,any_relevance,2week,XGBoost,Config_LLM,GMD,D00137,1,0
liquid100_mat5,any_relevance,2week,XGBoost,Config_LLM,GMD,D00138,1,0
liquid100_mat5,any_relevance,2week,XGBoost,Config_LLM,GMD,D00139,0,0
liquid100_mat5,any_relevance,2week,XGBoost,Config_LLM,GMD,D00140,0,1
liquid100_mat5,any_relevance,2week,XGBoost,Config_LLM,GMD,D00141,1,1
liquid100_mat5,any_relevance,2week,XGBoost,Config_LLM,GMD,D00142,0,0
liquid100_mat5,any_relevance,2week,XGBoost,Config_LLM,GVR,D00119,1,0
liquid100_mat5,any_relevance,2week,XGBoost,Config_LLM,GVR,D00120,0,0
liquid100_mat5,any_relevance,2week,XGBoost,Config_LLM,GVR,D00121,0,0
liquid100_mat5,any_relevance,2week,XGBoost,Config_LLM,GVR,D00122,0,0
liquid100_mat5,any_relevance,2week,XGBoost,Config_LLM,GVR,D00123,0,0
liquid100_mat5,any_relevance,2week,XGBoost,Config_LLM,GVR,D00124,0,0
liquid100_mat5,any_relevance,2week,XGBoost,Config_LLM,GVR,D00125,1,0
liquid100_mat5,any_relevance,2week,XGBoost,Config_LLM,GVR,D00126,0,0
liquid100_mat5,any_relevance,2week,XGBoost,Config_LLM,GVR,D00127,0,0
liquid100_mat5,any_relevance,2week,XGBoost,Config_LLM,GVR,D00128,0,0
liquid100_mat5,any_relevance,2week,XGBoost,Config_LLM,GVR,D00129,1,0
liquid100_mat5,any_relevance,2week,XGBoost,Config_LLM,GVR,D00130,1,0
liquid100_mat5,any_relevance,2week,XGBoost,Config_LLM,GVR,D00131,1,0
liquid100_mat5,any_relevance,2week,XGBoost,Config_LLM,GVR,D00132,0,0
liquid100_mat5,any_relevance,2week,XGBoost,Config_LLM,GVR,D00133,1,0
liquid100_mat5,any_relevance,2week,XGBoost,Config_LLM,GVR,D00134,0,0
liquid100_mat5,any_relevance,2week,XGBoost,Config_LLM,GVR,D00135,0,0
liquid100_mat5,any_relevance,2week,XGBoost,Config_LLM,GVR,D00136,1,0
liquid100_mat5,any_relevance,2week,XGBoost,Config_LLM,GVR,D00137,0,0
liquid100_mat5,any_relevance,2week,XGBoost,Config_LLM,GVR,D00138,1,0
liquid100_mat5,any_relevance,2week,XGBoost,Config_LLM,GVR,D00139,0,0
liquid100_mat5,any_relevance,2week,XGBoost,Config_LLM,GVR,D00140,0,0
liquid100_mat5,any_relevance,2week,XGBoost,Config_LLM,GVR,D00141,0,0
liquid100_mat5,any_relevance,2week,XGBoost,Config_LLM,GVR,D00142,0,1
liquid100_mat5,any_relevance,2week,XGBoost,Config_LLM,HCM,D00119,1,0
liquid100_mat5,any_relevance,2week,XGBoost,Config_LLM,HCM,D00120,0,1
liquid100_mat5,any_relevance,2week,XGBoost,Config_LLM,HCM,D00121,0,0
liquid100_mat5,any_relevance,2week,XGBoost,Config_LLM,HCM,D00122,0,0
liquid100_mat5,any_relevance,2week,XGBoost,Config_LLM,HCM,D00123,1,1
liquid100_mat5,any_relevance,2week,XGBoost,Config_LLM,HCM,D00124,0,0
liquid100_mat5,any_relevance,2week,XGBoost,Config_LLM,HCM,D00125,0,0
liquid100_mat5,any_relevance,2week,XGBoost,Config_LLM,HCM,D00126,0,0
liquid100_mat5,any_relevance,2week,XGBoost,Config_LLM,HCM,D00127,0,0
liquid100_mat5,any_relevance,2week,XGBoost,Config_LLM,HCM,D00128,0,0
liquid100_mat5,any_relevance,2week,XGBoost,Config_LLM,HCM,D00129,0,0
liquid100_mat5,any_relevance,2week,XGBoost,Config_LLM,HCM,D00130,1,0
liquid100_mat5,any_relevance,2week,XGBoost,Config_LLM,HCM,D00131,0,0
liquid100_mat5,any_relevance,2week,XGBoost,Config_LLM,HCM,D00132,0,0
liquid100_mat5,any_relevance,2week,XGBoost,Config_LLM,HCM,D00133,1,0
liquid100_mat5,any_relevance,2week,XGBoost,Config_LLM,HCM,D00134,0,0
liquid100_mat5,any_relevance,2week,XGBoost,Config_LLM,HCM,D00135,0,0
liquid100_mat5,any_relevance,2week,XGBoost,Config_LLM,HCM,D00136,1,0
liquid100_mat5,any_relevance,2week,XGBoost,Config_LLM,HCM,D00137,1,0
liquid100_mat5,any_relevance,2week,XGBoost,Config_LLM,HCM,D00138,1,0
liquid100_mat5,any_relevance,2week,XGBoost,Config_LLM,HCM,D00139,1,0
liquid100_mat5,any_relevance,2week,XGBoost,Config_LLM,HCM,D00140,0,0
liquid100_mat5,any_relevance,2week,XGBoost,Config_LLM,HCM,D00141,0,0
liquid100_mat5,any_relevance,2week,XGBoost,Config_LLM,HCM,D00142,0,0
liquid100_mat5,any_relevance,2week,XGBoost,Config_LLM,HDB,D00119,1,0
liquid100_mat5,any_relevance,2week,XGBoost,Config_LLM,HDB,D00120,1,0
liquid100_mat5,any_relevance,2week,XGBoost,Config_LLM,HDB,D00121,0,0
liquid100_mat5,any_relevance,2week,XGBoost,Config_LLM,HDB,D00122,0,0
liquid100_mat5,any_relevance,2week,XGBoost,Config_LLM,HDB,D00123,1,1
liquid100_mat5,any_relevance,2week,XGBoost,Config_LLM,HDB,D00124,0,0
liquid100_mat5,any_relevance,2week,XGBoost,Config_LLM,HDB,D00125,0,1
liquid100_mat5,any_relevance,2week,XGBoost,Config_LLM,HDB,D00126,1,0
liquid100_mat5,any_relevance,2week,XGBoost,Config_LLM,HDB,D00127,1,0
liquid100_mat5,any_relevance,2week,XGBoost,Config_LLM,HDB,D00128,1,0
liquid100_mat5,any_relevance,2week,XGBoost,Config_LLM,HDB,D00129,1,1
liquid100_mat5,any_relevance,2week,XGBoost,Config_LLM,HDB,D00130,0,0
liquid100_mat5,any_relevance,2week,XGBoost,Config_LLM,HDB,D00131,0,0
liquid100_mat5,any_relevance,2week,XGBoost,Config_LLM,HDB,D00132,0,0
liquid100_mat5,any_relevance,2week,XGBoost,Config_LLM,HDB,D00133,0,0
liquid100_mat5,any_relevance,2week,XGBoost,Config_LLM,HDB,D00134,0,0
liquid100_mat5,any_relevance,2week,XGBoost,Config_LLM,HDB,D00135,0,0
liquid100_mat5,any_relevance,2week,XGBoost,Config_LLM,HDB,D00136,1,0
liquid100_mat5,any_relevance,2week,XGBoost,Config_LLM,HDB,D00137,1,0
liquid100_mat5,any_relevance,2week,XGBoost,Config_LLM,HDB,D00138,0,0
liquid100_mat5,any_relevance,2week,XGBoost,Config_LLM,HDB,D00139,0,0
liquid100_mat5,any_relevance,2week,XGBoost,Config_LLM,HDB,D00140,0,0
liquid100_mat5,any_relevance,2week,XGBoost,Config_LLM,HDB,D00141,0,0
liquid100_mat5,any_relevance,2week,XGBoost,Config_LLM,HDB,D00142,0,0
liquid100_mat5,any_relevance,2week,XGBoost,Config_LLM,HPG,D00119,1,1
liquid100_mat5,any_relevance,2week,XGBoost,Config_LLM,HPG,D00120,0,0
liquid100_mat5,any_relevance,2week,XGBoost,Config_LLM,HPG,D00121,1,1
liquid100_mat5,any_relevance,2week,XGBoost,Config_LLM,HPG,D00122,0,1
liquid100_mat5,any_relevance,2week,XGBoost,Config_LLM,HPG,D00123,0,0
liquid100_mat5,any_relevance,2week,XGBoost,Config_LLM,HPG,D00124,0,1
liquid100_mat5,any_relevance,2week,XGBoost,Config_LLM,HPG,D00125,0,0
liquid100_mat5,any_relevance,2week,XGBoost,Config_LLM,HPG,D00126,1,0
liquid100_mat5,any_relevance,2week,XGBoost,Config_LLM,HPG,D00127,0,1
liquid100_mat5,any_relevance,2week,XGBoost,Config_LLM,HPG,D00128,0,0
liquid100_mat5,any_relevance,2week,XGBoost,Config_LLM,HPG,D00129,0,0
liquid100_mat5,any_relevance,2week,XGBoost,Config_LLM,HPG,D00130,1,1
liquid100_mat5,any_relevance,2week,XGBoost,Config_LLM,HPG,D00131,0,1
liquid100_mat5,any_relevance,2week,XGBoost,Config_LLM,HPG,D00132,0,0
liquid100_mat5,any_relevance,2week,XGBoost,Config_LLM,HPG,D00133,1,0
liquid100_mat5,any_relevance,2week,XGBoost,Config_LLM,HPG,D00134,0,0
liquid100_mat5,any_relevance,2week,XGBoost,Config_LLM,HPG,D00135,0,1
liquid100_mat5,any_relevance,2week,XGBoost,Config_LLM,HPG,D00136,1,1
liquid100_mat5,any_relevance,2week,XGBoost,Config_LLM,HPG,D00137,0,0
liquid100_mat5,any_relevance,2week,XGBoost,Config_LLM,HPG,D00138,0,0
liquid100_mat5,any_relevance,2week,XGBoost,Config_LLM,HPG,D00139,0,0
liquid100_mat5,any_relevance,2week,XGBoost,Config_LLM,HPG,D00140,0,0
liquid100_mat5,any_relevance,2week,XGBoost,Config_LLM,HPG,D00141,0,0
liquid100_mat5,any_relevance,2week,XGBoost,Config_LLM,HPG,D00142,0,1
liquid100_mat5,any_relevance,2week,XGBoost,Config_LLM,KDH,D00119,1,1
liquid100_mat5,any_relevance,2week,XGBoost,Config_LLM,KDH,D00120,0,0
liquid100_mat5,any_relevance,2week,XGBoost,Config_LLM,KDH,D00121,0,0
liquid100_mat5,any_relevance,2week,XGBoost,Config_LLM,KDH,D00122,0,1
liquid100_mat5,any_relevance,2week,XGBoost,Config_LLM,KDH,D00123,0,0
liquid100_mat5,any_relevance,2week,XGBoost,Config_LLM,KDH,D00124,0,0
liquid100_mat5,any_relevance,2week,XGBoost,Config_LLM,KDH,D00125,1,0
liquid100_mat5,any_relevance,2week,XGBoost,Config_LLM,KDH,D00126,1,0
liquid100_mat5,any_relevance,2week,XGBoost,Config_LLM,KDH,D00127,0,0
liquid100_mat5,any_relevance,2week,XGBoost,Config_LLM,KDH,D00128,0,0
liquid100_mat5,any_relevance,2week,XGBoost,Config_LLM,KDH,D00129,0,0
liquid100_mat5,any_relevance,2week,XGBoost,Config_LLM,KDH,D00130,0,0
liquid100_mat5,any_relevance,2week,XGBoost,Config_LLM,KDH,D00131,0,0
liquid100_mat5,any_relevance,2week,XGBoost,Config_LLM,KDH,D00132,0,0
liquid100_mat5,any_relevance,2week,XGBoost,Config_LLM,KDH,D00133,0,0
liquid100_mat5,any_relevance,2week,XGBoost,Config_LLM,KDH,D00134,0,0
liquid100_mat5,any_relevance,2week,XGBoost,Config_LLM,KDH,D00135,0,0
liquid100_mat5,any_relevance,2week,XGBoost,Config_LLM,KDH,D00136,0,0
liquid100_mat5,any_relevance,2week,XGBoost,Config_LLM,KDH,D00137,0,0
liquid100_mat5,any_relevance,2week,XGBoost,Config_LLM,KDH,D00138,0,0
liquid100_mat5,any_relevance,2week,XGBoost,Config_LLM,KDH,D00139,0,0
liquid100_mat5,any_relevance,2week,XGBoost,Config_LLM,KDH,D00140,0,0
liquid100_mat5,any_relevance,2week,XGBoost,Config_LLM,KDH,D00141,0,0
liquid100_mat5,any_relevance,2week,XGBoost,Config_LLM,KDH,D00142,0,0
liquid100_mat5,any_relevance,2week,XGBoost,Config_LLM,MBB,D00119,1,1
liquid100_mat5,any_relevance,2week,XGBoost,Config_LLM,MBB,D00120,1,0
liquid100_mat5,any_relevance,2week,XGBoost,Config_LLM,MBB,D00121,0,0
liquid100_mat5,any_relevance,2week,XGBoost,Config_LLM,MBB,D00122,0,0
liquid100_mat5,any_relevance,2week,XGBoost,Config_LLM,MBB,D00123,1,0
liquid100_mat5,any_relevance,2week,XGBoost,Config_LLM,MBB,D00124,0,1
liquid100_mat5,any_relevance,2week,XGBoost,Config_LLM,MBB,D00125,0,0
liquid100_mat5,any_relevance,2week,XGBoost,Config_LLM,MBB,D00126,0,0
liquid100_mat5,any_relevance,2week,XGBoost,Config_LLM,MBB,D00127,1,0
liquid100_mat5,any_relevance,2week,XGBoost,Config_LLM,MBB,D00128,0,0
liquid100_mat5,any_relevance,2week,XGBoost,Config_LLM,MBB,D00129,1,1
liquid100_mat5,any_relevance,2week,XGBoost,Config_LLM,MBB,D00130,1,0
liquid100_mat5,any_relevance,2week,XGBoost,Config_LLM,MBB,D00131,0,0
liquid100_mat5,any_relevance,2week,XGBoost,Config_LLM,MBB,D00132,1,0
liquid100_mat5,any_relevance,2week,XGBoost,Config_LLM,MBB,D00133,0,0
liquid100_mat5,any_relevance,2week,XGBoost,Config_LLM,MBB,D00134,0,0
liquid100_mat5,any_relevance,2week,XGBoost,Config_LLM,MBB,D00135,0,0
liquid100_mat5,any_relevance,2week,XGBoost,Config_LLM,MBB,D00136,0,0
liquid100_mat5,any_relevance,2week,XGBoost,Config_LLM,MBB,D00137,0,1
liquid100_mat5,any_relevance,2week,XGBoost,Config_LLM,MBB,D00138,0,0
liquid100_mat5,any_relevance,2week,XGBoost,Config_LLM,MBB,D00139,0,0
liquid100_mat5,any_relevance,2week,XGBoost,Config_LLM,MBB,D00140,0,1
liquid100_mat5,any_relevance,2week,XGBoost,Config_LLM,MBB,D00141,0,1
liquid100_mat5,any_relevance,2week,XGBoost,Config_LLM,MBB,D00142,0,0
liquid100_mat5,any_relevance,2week,XGBoost,Config_LLM,MSB,D00119,1,0
liquid100_mat5,any_relevance,2week,XGBoost,Config_LLM,MSB,D00120,1,1
liquid100_mat5,any_relevance,2week,XGBoost,Config_LLM,MSB,D00121,0,0
liquid100_mat5,any_relevance,2week,XGBoost,Config_LLM,MSB,D00122,0,0
liquid100_mat5,any_relevance,2week,XGBoost,Config_LLM,MSB,D00123,0,0
liquid100_mat5,any_relevance,2week,XGBoost,Config_LLM,MSB,D00124,0,0
liquid100_mat5,any_relevance,2week,XGBoost,Config_LLM,MSB,D00125,0,0
liquid100_mat5,any_relevance,2week,XGBoost,Config_LLM,MSB,D00126,0,0
liquid100_mat5,any_relevance,2week,XGBoost,Config_LLM,MSB,D00127,1,0
liquid100_mat5,any_relevance,2week,XGBoost,Config_LLM,MSB,D00128,0,0
liquid100_mat5,any_relevance,2week,XGBoost,Config_LLM,MSB,D00129,0,0
liquid100_mat5,any_relevance,2week,XGBoost,Config_LLM,MSB,D00130,0,0
liquid100_mat5,any_relevance,2week,XGBoost,Config_LLM,MSB,D00131,0,0
liquid100_mat5,any_relevance,2week,XGBoost,Config_LLM,MSB,D00132,0,1
liquid100_mat5,any_relevance,2week,XGBoost,Config_LLM,MSB,D00133,0,0
liquid100_mat5,any_relevance,2week,XGBoost,Config_LLM,MSB,D00134,0,0
liquid100_mat5,any_relevance,2week,XGBoost,Config_LLM,MSB,D00135,0,0
liquid100_mat5,any_relevance,2week,XGBoost,Config_LLM,MSB,D00136,1,0
liquid100_mat5,any_relevance,2week,XGBoost,Config_LLM,MSB,D00137,1,0
liquid100_mat5,any_relevance,2week,XGBoost,Config_LLM,MSB,D00138,1,0
liquid100_mat5,any_relevance,2week,XGBoost,Config_LLM,MSB,D00139,1,0
liquid100_mat5,any_relevance,2week,XGBoost,Config_LLM,MSB,D00140,0,0
liquid100_mat5,any_relevance,2week,XGBoost,Config_LLM,MSB,D00141,1,0
liquid100_mat5,any_relevance,2week,XGBoost,Config_LLM,MSB,D00142,1,0
liquid100_mat5,any_relevance,2week,XGBoost,Config_LLM,MSN,D00119,1,0
liquid100_mat5,any_relevance,2week,XGBoost,Config_LLM,MSN,D00120,0,0
liquid100_mat5,any_relevance,2week,XGBoost,Config_LLM,MSN,D00121,0,0
liquid100_mat5,any_relevance,2week,XGBoost,Config_LLM,MSN,D00122,0,0
liquid100_mat5,any_relevance,2week,XGBoost,Config_LLM,MSN,D00123,0,0
liquid100_mat5,any_relevance,2week,XGBoost,Config_LLM,MSN,D00124,0,0
liquid100_mat5,any_relevance,2week,XGBoost,Config_LLM,MSN,D00125,0,0
liquid100_mat5,any_relevance,2week,XGBoost,Config_LLM,MSN,D00126,0,0
liquid100_mat5,any_relevance,2week,XGBoost,Config_LLM,MSN,D00127,0,0
liquid100_mat5,any_relevance,2week,XGBoost,Config_LLM,MSN,D00128,0,0
liquid100_mat5,any_relevance,2week,XGBoost,Config_LLM,MSN,D00129,1,0
liquid100_mat5,any_relevance,2week,XGBoost,Config_LLM,MSN,D00130,1,0
liquid100_mat5,any_relevance,2week,XGBoost,Config_LLM,MSN,D00131,0,0
liquid100_mat5,any_relevance,2week,XGBoost,Config_LLM,MSN,D00132,0,0
liquid100_mat5,any_relevance,2week,XGBoost,Config_LLM,MSN,D00133,0,0
liquid100_mat5,any_relevance,2week,XGBoost,Config_LLM,MSN,D00134,0,0
liquid100_mat5,any_relevance,2week,XGBoost,Config_LLM,MSN,D00135,0,0
liquid100_mat5,any_relevance,2week,XGBoost,Config_LLM,MSN,D00136,1,0
liquid100_mat5,any_relevance,2week,XGBoost,Config_LLM,MSN,D00137,0,0
liquid100_mat5,any_relevance,2week,XGBoost,Config_LLM,MSN,D00138,0,0
liquid100_mat5,any_relevance,2week,XGBoost,Config_LLM,MSN,D00139,0,0
liquid100_mat5,any_relevance,2week,XGBoost,Config_LLM,MSN,D00140,0,0
liquid100_mat5,any_relevance,2week,XGBoost,Config_LLM,MSN,D00141,0,1
liquid100_mat5,any_relevance,2week,XGBoost,Config_LLM,MSN,D00142,0,0
liquid100_mat5,any_relevance,2week,XGBoost,Config_LLM,NVL,D00119,1,0
liquid100_mat5,any_relevance,2week,XGBoost,Config_LLM,NVL,D00120,0,0
liquid100_mat5,any_relevance,2week,XGBoost,Config_LLM,NVL,D00121,0,0
liquid100_mat5,any_relevance,2week,XGBoost,Config_LLM,NVL,D00122,0,0
liquid100_mat5,any_relevance,2week,XGBoost,Config_LLM,NVL,D00123,0,0
liquid100_mat5,any_relevance,2week,XGBoost,Config_LLM,NVL,D00124,0,0
liquid100_mat5,any_relevance,2week,XGBoost,Config_LLM,NVL,D00125,0,0
liquid100_mat5,any_relevance,2week,XGBoost,Config_LLM,NVL,D00126,1,1
liquid100_mat5,any_relevance,2week,XGBoost,Config_LLM,NVL,D00127,0,0
liquid100_mat5,any_relevance,2week,XGBoost,Config_LLM,NVL,D00128,0,0
liquid100_mat5,any_relevance,2week,XGBoost,Config_LLM,NVL,D00129,0,0
liquid100_mat5,any_relevance,2week,XGBoost,Config_LLM,NVL,D00130,0,0
liquid100_mat5,any_relevance,2week,XGBoost,Config_LLM,NVL,D00131,0,0
liquid100_mat5,any_relevance,2week,XGBoost,Config_LLM,NVL,D00132,0,0
liquid100_mat5,any_relevance,2week,XGBoost,Config_LLM,NVL,D00133,0,0
liquid100_mat5,any_relevance,2week,XGBoost,Config_LLM,NVL,D00134,0,0
liquid100_mat5,any_relevance,2week,XGBoost,Config_LLM,NVL,D00135,1,0
liquid100_mat5,any_relevance,2week,XGBoost,Config_LLM,NVL,D00136,1,0
liquid100_mat5,any_relevance,2week,XGBoost,Config_LLM,NVL,D00137,1,0
liquid100_mat5,any_relevance,2week,XGBoost,Config_LLM,NVL,D00138,0,0
liquid100_mat5,any_relevance,2week,XGBoost,Config_LLM,NVL,D00139,0,0
liquid100_mat5,any_relevance,2week,XGBoost,Config_LLM,NVL,D00140,0,0
liquid100_mat5,any_relevance,2week,XGBoost,Config_LLM,NVL,D00141,0,1
liquid100_mat5,any_relevance,2week,XGBoost,Config_LLM,NVL,D00142,0,0
liquid100_mat5,any_relevance,2week,XGBoost,Config_LLM,PDR,D00119,1,1
liquid100_mat5,any_relevance,2week,XGBoost,Config_LLM,PDR,D00120,1,0
liquid100_mat5,any_relevance,2week,XGBoost,Config_LLM,PDR,D00121,0,0
liquid100_mat5,any_relevance,2week,XGBoost,Config_LLM,PDR,D00122,0,0
liquid100_mat5,any_relevance,2week,XGBoost,Config_LLM,PDR,D00123,0,0
liquid100_mat5,any_relevance,2week,XGBoost,Config_LLM,PDR,D00124,0,1
liquid100_mat5,any_relevance,2week,XGBoost,Config_LLM,PDR,D00125,0,1
liquid100_mat5,any_relevance,2week,XGBoost,Config_LLM,PDR,D00126,1,0
liquid100_mat5,any_relevance,2week,XGBoost,Config_LLM,PDR,D00127,0,0
liquid100_mat5,any_relevance,2week,XGBoost,Config_LLM,PDR,D00128,0,0
liquid100_mat5,any_relevance,2week,XGBoost,Config_LLM,PDR,D00129,0,1
liquid100_mat5,any_relevance,2week,XGBoost,Config_LLM,PDR,D00130,0,0
liquid100_mat5,any_relevance,2week,XGBoost,Config_LLM,PDR,D00131,0,0
liquid100_mat5,any_relevance,2week,XGBoost,Config_LLM,PDR,D00132,0,0
liquid100_mat5,any_relevance,2week,XGBoost,Config_LLM,PDR,D00133,0,0
liquid100_mat5,any_relevance,2week,XGBoost,Config_LLM,PDR,D00134,0,0
liquid100_mat5,any_relevance,2week,XGBoost,Config_LLM,PDR,D00135,1,0
liquid100_mat5,any_relevance,2week,XGBoost,Config_LLM,PDR,D00136,1,1
liquid100_mat5,any_relevance,2week,XGBoost,Config_LLM,PDR,D00137,0,0
liquid100_mat5,any_relevance,2week,XGBoost,Config_LLM,PDR,D00138,0,0
liquid100_mat5,any_relevance,2week,XGBoost,Config_LLM,PDR,D00139,0,0
liquid100_mat5,any_relevance,2week,XGBoost,Config_LLM,PDR,D00140,0,0
liquid100_mat5,any_relevance,2week,XGBoost,Config_LLM,PDR,D00141,0,0
liquid100_mat5,any_relevance,2week,XGBoost,Config_LLM,PDR,D00142,0,0
liquid100_mat5,any_relevance,2week,XGBoost,Config_LLM,PLX,D00119,1,0
liquid100_mat5,any_relevance,2week,XGBoost,Config_LLM,PLX,D00120,0,0
liquid100_mat5,any_relevance,2week,XGBoost,Config_LLM,PLX,D00121,0,0
liquid100_mat5,any_relevance,2week,XGBoost,Config_LLM,PLX,D00122,0,0
liquid100_mat5,any_relevance,2week,XGBoost,Config_LLM,PLX,D00123,0,0
liquid100_mat5,any_relevance,2week,XGBoost,Config_LLM,PLX,D00124,0,0
liquid100_mat5,any_relevance,2week,XGBoost,Config_LLM,PLX,D00125,0,0
liquid100_mat5,any_relevance,2week,XGBoost,Config_LLM,PLX,D00126,0,0
liquid100_mat5,any_relevance,2week,XGBoost,Config_LLM,PLX,D00127,0,0
liquid100_mat5,any_relevance,2week,XGBoost,Config_LLM,PLX,D00128,0,0
liquid100_mat5,any_relevance,2week,XGBoost,Config_LLM,PLX,D00129,1,0
liquid100_mat5,any_relevance,2week,XGBoost,Config_LLM,PLX,D00130,1,0
liquid100_mat5,any_relevance,2week,XGBoost,Config_LLM,PLX,D00131,1,0
liquid100_mat5,any_relevance,2week,XGBoost,Config_LLM,PLX,D00132,0,0
liquid100_mat5,any_relevance,2week,XGBoost,Config_LLM,PLX,D00133,1,0
liquid100_mat5,any_relevance,2week,XGBoost,Config_LLM,PLX,D00134,0,0
liquid100_mat5,any_relevance,2week,XGBoost,Config_LLM,PLX,D00135,0,0
liquid100_mat5,any_relevance,2week,XGBoost,Config_LLM,PLX,D00136,0,0
liquid100_mat5,any_relevance,2week,XGBoost,Config_LLM,PLX,D00137,0,1
liquid100_mat5,any_relevance,2week,XGBoost,Config_LLM,PLX,D00138,0,1
liquid100_mat5,any_relevance,2week,XGBoost,Config_LLM,PLX,D00139,1,0
liquid100_mat5,any_relevance,2week,XGBoost,Config_LLM,PLX,D00140,0,0
liquid100_mat5,any_relevance,2week,XGBoost,Config_LLM,PLX,D00141,0,0
liquid100_mat5,any_relevance,2week,XGBoost,Config_LLM,PLX,D00142,0,0
liquid100_mat5,any_relevance,2week,XGBoost,Config_LLM,PNJ,D00119,0,0
liquid100_mat5,any_relevance,2week,XGBoost,Config_LLM,PNJ,D00120,0,0
liquid100_mat5,any_relevance,2week,XGBoost,Config_LLM,PNJ,D00121,0,0
liquid100_mat5,any_relevance,2week,XGBoost,Config_LLM,PNJ,D00122,0,0
liquid100_mat5,any_relevance,2week,XGBoost,Config_LLM,PNJ,D00123,0,0
liquid100_mat5,any_relevance,2week,XGBoost,Config_LLM,PNJ,D00124,1,0
liquid100_mat5,any_relevance,2week,XGBoost,Config_LLM,PNJ,D00125,0,0
liquid100_mat5,any_relevance,2week,XGBoost,Config_LLM,PNJ,D00126,0,0
liquid100_mat5,any_relevance,2week,XGBoost,Config_LLM,PNJ,D00127,0,0
liquid100_mat5,any_relevance,2week,XGBoost,Config_LLM,PNJ,D00128,1,0
liquid100_mat5,any_relevance,2week,XGBoost,Config_LLM,PNJ,D00129,1,0
liquid100_mat5,any_relevance,2week,XGBoost,Config_LLM,PNJ,D00130,1,0
liquid100_mat5,any_relevance,2week,XGBoost,Config_LLM,PNJ,D00131,1,1
liquid100_mat5,any_relevance,2week,XGBoost,Config_LLM,PNJ,D00132,0,1
liquid100_mat5,any_relevance,2week,XGBoost,Config_LLM,PNJ,D00133,1,0
liquid100_mat5,any_relevance,2week,XGBoost,Config_LLM,PNJ,D00134,0,0
liquid100_mat5,any_relevance,2week,XGBoost,Config_LLM,PNJ,D00135,0,0
liquid100_mat5,any_relevance,2week,XGBoost,Config_LLM,PNJ,D00136,0,0
liquid100_mat5,any_relevance,2week,XGBoost,Config_LLM,PNJ,D00137,0,0
liquid100_mat5,any_relevance,2week,XGBoost,Config_LLM,PNJ,D00138,0,0
liquid100_mat5,any_relevance,2week,XGBoost,Config_LLM,PNJ,D00139,0,0
liquid100_mat5,any_relevance,2week,XGBoost,Config_LLM,PNJ,D00140,0,1
liquid100_mat5,any_relevance,2week,XGBoost,Config_LLM,PNJ,D00141,0,0
liquid100_mat5,any_relevance,2week,XGBoost,Config_LLM,PNJ,D00142,0,0
liquid100_mat5,any_relevance,2week,XGBoost,Config_LLM,POW,D00119,1,0
liquid100_mat5,any_relevance,2week,XGBoost,Config_LLM,POW,D00120,1,0
liquid100_mat5,any_relevance,2week,XGBoost,Config_LLM,POW,D00121,0,0
liquid100_mat5,any_relevance,2week,XGBoost,Config_LLM,POW,D00122,0,0
liquid100_mat5,any_relevance,2week,XGBoost,Config_LLM,POW,D00123,0,0
liquid100_mat5,any_relevance,2week,XGBoost,Config_LLM,POW,D00124,0,1
liquid100_mat5,any_relevance,2week,XGBoost,Config_LLM,POW,D00125,1,0
liquid100_mat5,any_relevance,2week,XGBoost,Config_LLM,POW,D00126,1,0
liquid100_mat5,any_relevance,2week,XGBoost,Config_LLM,POW,D00127,0,0
liquid100_mat5,any_relevance,2week,XGBoost,Config_LLM,POW,D00128,0,1
liquid100_mat5,any_relevance,2week,XGBoost,Config_LLM,POW,D00129,1,1
liquid100_mat5,any_relevance,2week,XGBoost,Config_LLM,POW,D00130,1,0
liquid100_mat5,any_relevance,2week,XGBoost,Config_LLM,POW,D00131,0,0
liquid100_mat5,any_relevance,2week,XGBoost,Config_LLM,POW,D00132,0,0
liquid100_mat5,any_relevance,2week,XGBoost,Config_LLM,POW,D00133,1,0
liquid100_mat5,any_relevance,2week,XGBoost,Config_LLM,POW,D00134,0,0
liquid100_mat5,any_relevance,2week,XGBoost,Config_LLM,POW,D00135,0,0
liquid100_mat5,any_relevance,2week,XGBoost,Config_LLM,POW,D00136,0,0
liquid100_mat5,any_relevance,2week,XGBoost,Config_LLM,POW,D00137,0,0
liquid100_mat5,any_relevance,2week,XGBoost,Config_LLM,POW,D00138,1,0
liquid100_mat5,any_relevance,2week,XGBoost,Config_LLM,POW,D00139,0,0
liquid100_mat5,any_relevance,2week,XGBoost,Config_LLM,POW,D00140,0,0
liquid100_mat5,any_relevance,2week,XGBoost,Config_LLM,POW,D00141,1,0
liquid100_mat5,any_relevance,2week,XGBoost,Config_LLM,POW,D00142,1,0
liquid100_mat5,any_relevance,2week,XGBoost,Config_LLM,PVT,D00119,1,0
liquid100_mat5,any_relevance,2week,XGBoost,Config_LLM,PVT,D00120,0,0
liquid100_mat5,any_relevance,2week,XGBoost,Config_LLM,PVT,D00121,0,0
liquid100_mat5,any_relevance,2week,XGBoost,Config_LLM,PVT,D00122,0,0
liquid100_mat5,any_relevance,2week,XGBoost,Config_LLM,PVT,D00123,0,1
liquid100_mat5,any_relevance,2week,XGBoost,Config_LLM,PVT,D00124,0,1
liquid100_mat5,any_relevance,2week,XGBoost,Config_LLM,PVT,D00125,1,0
liquid100_mat5,any_relevance,2week,XGBoost,Config_LLM,PVT,D00126,1,0
liquid100_mat5,any_relevance,2week,XGBoost,Config_LLM,PVT,D00127,0,0
liquid100_mat5,any_relevance,2week,XGBoost,Config_LLM,PVT,D00128,0,0
liquid100_mat5,any_relevance,2week,XGBoost,Config_LLM,PVT,D00129,1,0
liquid100_mat5,any_relevance,2week,XGBoost,Config_LLM,PVT,D00130,1,0
liquid100_mat5,any_relevance,2week,XGBoost,Config_LLM,PVT,D00131,1,0
liquid100_mat5,any_relevance,2week,XGBoost,Config_LLM,PVT,D00132,0,0
liquid100_mat5,any_relevance,2week,XGBoost,Config_LLM,PVT,D00133,1,0
liquid100_mat5,any_relevance,2week,XGBoost,Config_LLM,PVT,D00134,1,0
liquid100_mat5,any_relevance,2week,XGBoost,Config_LLM,PVT,D00135,0,0
liquid100_mat5,any_relevance,2week,XGBoost,Config_LLM,PVT,D00136,0,0
liquid100_mat5,any_relevance,2week,XGBoost,Config_LLM,PVT,D00137,1,0
liquid100_mat5,any_relevance,2week,XGBoost,Config_LLM,PVT,D00138,1,0
liquid100_mat5,any_relevance,2week,XGBoost,Config_LLM,PVT,D00139,0,1
liquid100_mat5,any_relevance,2week,XGBoost,Config_LLM,PVT,D00140,0,0
liquid100_mat5,any_relevance,2week,XGBoost,Config_LLM,PVT,D00141,0,1
liquid100_mat5,any_relevance,2week,XGBoost,Config_LLM,PVT,D00142,0,0
liquid100_mat5,any_relevance,2week,XGBoost,Config_LLM,SHB,D00119,1,0
liquid100_mat5,any_relevance,2week,XGBoost,Config_LLM,SHB,D00120,0,0
liquid100_mat5,any_relevance,2week,XGBoost,Config_LLM,SHB,D00121,0,0
liquid100_mat5,any_relevance,2week,XGBoost,Config_LLM,SHB,D00122,0,0
liquid100_mat5,any_relevance,2week,XGBoost,Config_LLM,SHB,D00123,1,0
liquid100_mat5,any_relevance,2week,XGBoost,Config_LLM,SHB,D00124,0,0
liquid100_mat5,any_relevance,2week,XGBoost,Config_LLM,SHB,D00125,0,0
liquid100_mat5,any_relevance,2week,XGBoost,Config_LLM,SHB,D00126,1,0
liquid100_mat5,any_relevance,2week,XGBoost,Config_LLM,SHB,D00127,0,0
liquid100_mat5,any_relevance,2week,XGBoost,Config_LLM,SHB,D00128,0,0
liquid100_mat5,any_relevance,2week,XGBoost,Config_LLM,SHB,D00129,0,0
liquid100_mat5,any_relevance,2week,XGBoost,Config_LLM,SHB,D00130,0,0
liquid100_mat5,any_relevance,2week,XGBoost,Config_LLM,SHB,D00131,0,0
liquid100_mat5,any_relevance,2week,XGBoost,Config_LLM,SHB,D00132,0,0
liquid100_mat5,any_relevance,2week,XGBoost,Config_LLM,SHB,D00133,1,0
liquid100_mat5,any_relevance,2week,XGBoost,Config_LLM,SHB,D00134,0,0
liquid100_mat5,any_relevance,2week,XGBoost,Config_LLM,SHB,D00135,0,0
liquid100_mat5,any_relevance,2week,XGBoost,Config_LLM,SHB,D00136,1,0
liquid100_mat5,any_relevance,2week,XGBoost,Config_LLM,SHB,D00137,0,0
liquid100_mat5,any_relevance,2week,XGBoost,Config_LLM,SHB,D00138,0,1
liquid100_mat5,any_relevance,2week,XGBoost,Config_LLM,SHB,D00139,0,0
liquid100_mat5,any_relevance,2week,XGBoost,Config_LLM,SHB,D00140,0,0
liquid100_mat5,any_relevance,2week,XGBoost,Config_LLM,SHB,D00141,0,1
liquid100_mat5,any_relevance,2week,XGBoost,Config_LLM,SHB,D00142,0,0
liquid100_mat5,any_relevance,2week,XGBoost,Config_LLM,SSI,D00119,1,0
liquid100_mat5,any_relevance,2week,XGBoost,Config_LLM,SSI,D00120,1,0
liquid100_mat5,any_relevance,2week,XGBoost,Config_LLM,SSI,D00121,1,0
liquid100_mat5,any_relevance,2week,XGBoost,Config_LLM,SSI,D00122,0,1
liquid100_mat5,any_relevance,2week,XGBoost,Config_LLM,SSI,D00123,1,1
liquid100_mat5,any_relevance,2week,XGBoost,Config_LLM,SSI,D00124,0,1
liquid100_mat5,any_relevance,2week,XGBoost,Config_LLM,SSI,D00125,0,0
liquid100_mat5,any_relevance,2week,XGBoost,Config_LLM,SSI,D00126,0,0
liquid100_mat5,any_relevance,2week,XGBoost,Config_LLM,SSI,D00127,0,0
liquid100_mat5,any_relevance,2week,XGBoost,Config_LLM,SSI,D00128,1,1
liquid100_mat5,any_relevance,2week,XGBoost,Config_LLM,SSI,D00129,0,0
liquid100_mat5,any_relevance,2week,XGBoost,Config_LLM,SSI,D00130,1,0
liquid100_mat5,any_relevance,2week,XGBoost,Config_LLM,SSI,D00131,0,1
liquid100_mat5,any_relevance,2week,XGBoost,Config_LLM,SSI,D00132,0,1
liquid100_mat5,any_relevance,2week,XGBoost,Config_LLM,SSI,D00133,1,1
liquid100_mat5,any_relevance,2week,XGBoost,Config_LLM,SSI,D00134,0,0
liquid100_mat5,any_relevance,2week,XGBoost,Config_LLM,SSI,D00135,0,0
liquid100_mat5,any_relevance,2week,XGBoost,Config_LLM,SSI,D00136,1,0
liquid100_mat5,any_relevance,2week,XGBoost,Config_LLM,SSI,D00137,0,0
liquid100_mat5,any_relevance,2week,XGBoost,Config_LLM,SSI,D00138,0,0
liquid100_mat5,any_relevance,2week,XGBoost,Config_LLM,SSI,D00139,0,0
liquid100_mat5,any_relevance,2week,XGBoost,Config_LLM,SSI,D00140,0,1
liquid100_mat5,any_relevance,2week,XGBoost,Config_LLM,SSI,D00141,0,0
liquid100_mat5,any_relevance,2week,XGBoost,Config_LLM,SSI,D00142,0,0
liquid100_mat5,any_relevance,2week,XGBoost,Config_LLM,STB,D00119,1,1
liquid100_mat5,any_relevance,2week,XGBoost,Config_LLM,STB,D00120,0,0
liquid100_mat5,any_relevance,2week,XGBoost,Config_LLM,STB,D00121,0,0
liquid100_mat5,any_relevance,2week,XGBoost,Config_LLM,STB,D00122,1,0
liquid100_mat5,any_relevance,2week,XGBoost,Config_LLM,STB,D00123,1,0
liquid100_mat5,any_relevance,2week,XGBoost,Config_LLM,STB,D00124,0,0
liquid100_mat5,any_relevance,2week,XGBoost,Config_LLM,STB,D00125,0,0
liquid100_mat5,any_relevance,2week,XGBoost,Config_LLM,STB,D00126,0,0
liquid100_mat5,any_relevance,2week,XGBoost,Config_LLM,STB,D00127,0,0
liquid100_mat5,any_relevance,2week,XGBoost,Config_LLM,STB,D00128,1,0
liquid100_mat5,any_relevance,2week,XGBoost,Config_LLM,STB,D00129,1,0
liquid100_mat5,any_relevance,2week,XGBoost,Config_LLM,STB,D00130,0,0
liquid100_mat5,any_relevance,2week,XGBoost,Config_LLM,STB,D00131,1,0
liquid100_mat5,any_relevance,2week,XGBoost,Config_LLM,STB,D00132,0,0
liquid100_mat5,any_relevance,2week,XGBoost,Config_LLM,STB,D00133,1,0
liquid100_mat5,any_relevance,2week,XGBoost,Config_LLM,STB,D00134,0,0
liquid100_mat5,any_relevance,2week,XGBoost,Config_LLM,STB,D00135,0,0
liquid100_mat5,any_relevance,2week,XGBoost,Config_LLM,STB,D00136,1,0
liquid100_mat5,any_relevance,2week,XGBoost,Config_LLM,STB,D00137,1,0
liquid100_mat5,any_relevance,2week,XGBoost,Config_LLM,STB,D00138,1,0
liquid100_mat5,any_relevance,2week,XGBoost,Config_LLM,STB,D00139,0,0
liquid100_mat5,any_relevance,2week,XGBoost,Config_LLM,STB,D00140,0,0
liquid100_mat5,any_relevance,2week,XGBoost,Config_LLM,STB,D00141,1,0
liquid100_mat5,any_relevance,2week,XGBoost,Config_LLM,STB,D00142,1,0
liquid100_mat5,any_relevance,2week,XGBoost,Config_LLM,TCB,D00119,1,0
liquid100_mat5,any_relevance,2week,XGBoost,Config_LLM,TCB,D00120,0,0
liquid100_mat5,any_relevance,2week,XGBoost,Config_LLM,TCB,D00121,0,0
liquid100_mat5,any_relevance,2week,XGBoost,Config_LLM,TCB,D00122,0,0
liquid100_mat5,any_relevance,2week,XGBoost,Config_LLM,TCB,D00123,1,0
liquid100_mat5,any_relevance,2week,XGBoost,Config_LLM,TCB,D00124,0,0
liquid100_mat5,any_relevance,2week,XGBoost,Config_LLM,TCB,D00125,0,0
liquid100_mat5,any_relevance,2week,XGBoost,Config_LLM,TCB,D00126,0,0
liquid100_mat5,any_relevance,2week,XGBoost,Config_LLM,TCB,D00127,0,0
liquid100_mat5,any_relevance,2week,XGBoost,Config_LLM,TCB,D00128,0,0
liquid100_mat5,any_relevance,2week,XGBoost,Config_LLM,TCB,D00129,1,0
liquid100_mat5,any_relevance,2week,XGBoost,Config_LLM,TCB,D00130,1,0
liquid100_mat5,any_relevance,2week,XGBoost,Config_LLM,TCB,D00131,0,0
liquid100_mat5,any_relevance,2week,XGBoost,Config_LLM,TCB,D00132,0,0
liquid100_mat5,any_relevance,2week,XGBoost,Config_LLM,TCB,D00133,0,0
liquid100_mat5,any_relevance,2week,XGBoost,Config_LLM,TCB,D00134,0,0
liquid100_mat5,any_relevance,2week,XGBoost,Config_LLM,TCB,D00135,0,0
liquid100_mat5,any_relevance,2week,XGBoost,Config_LLM,TCB,D00136,1,0
liquid100_mat5,any_relevance,2week,XGBoost,Config_LLM,TCB,D00137,1,0
liquid100_mat5,any_relevance,2week,XGBoost,Config_LLM,TCB,D00138,0,0
liquid100_mat5,any_relevance,2week,XGBoost,Config_LLM,TCB,D00139,0,0
liquid100_mat5,any_relevance,2week,XGBoost,Config_LLM,TCB,D00140,0,0
liquid100_mat5,any_relevance,2week,XGBoost,Config_LLM,TCB,D00141,0,0
liquid100_mat5,any_relevance,2week,XGBoost,Config_LLM,TCB,D00142,1,0
liquid100_mat5,any_relevance,2week,XGBoost,Config_LLM,TPB,D00119,1,0
liquid100_mat5,any_relevance,2week,XGBoost,Config_LLM,TPB,D00120,1,1
liquid100_mat5,any_relevance,2week,XGBoost,Config_LLM,TPB,D00121,0,0
liquid100_mat5,any_relevance,2week,XGBoost,Config_LLM,TPB,D00122,0,0
liquid100_mat5,any_relevance,2week,XGBoost,Config_LLM,TPB,D00123,1,0
liquid100_mat5,any_relevance,2week,XGBoost,Config_LLM,TPB,D00124,0,0
liquid100_mat5,any_relevance,2week,XGBoost,Config_LLM,TPB,D00125,0,1
liquid100_mat5,any_relevance,2week,XGBoost,Config_LLM,TPB,D00126,1,1
liquid100_mat5,any_relevance,2week,XGBoost,Config_LLM,TPB,D00127,0,1
liquid100_mat5,any_relevance,2week,XGBoost,Config_LLM,TPB,D00128,0,1
liquid100_mat5,any_relevance,2week,XGBoost,Config_LLM,TPB,D00129,0,0
liquid100_mat5,any_relevance,2week,XGBoost,Config_LLM,TPB,D00130,1,1
liquid100_mat5,any_relevance,2week,XGBoost,Config_LLM,TPB,D00131,0,0
liquid100_mat5,any_relevance,2week,XGBoost,Config_LLM,TPB,D00132,0,0
liquid100_mat5,any_relevance,2week,XGBoost,Config_LLM,TPB,D00133,1,0
liquid100_mat5,any_relevance,2week,XGBoost,Config_LLM,TPB,D00134,0,0
liquid100_mat5,any_relevance,2week,XGBoost,Config_LLM,TPB,D00135,0,0
liquid100_mat5,any_relevance,2week,XGBoost,Config_LLM,TPB,D00136,0,0
liquid100_mat5,any_relevance,2week,XGBoost,Config_LLM,TPB,D00137,0,0
liquid100_mat5,any_relevance,2week,XGBoost,Config_LLM,TPB,D00138,0,0
liquid100_mat5,any_relevance,2week,XGBoost,Config_LLM,TPB,D00139,0,0
liquid100_mat5,any_relevance,2week,XGBoost,Config_LLM,TPB,D00140,0,0
liquid100_mat5,any_relevance,2week,XGBoost,Config_LLM,TPB,D00141,1,0
liquid100_mat5,any_relevance,2week,XGBoost,Config_LLM,TPB,D00142,0,0
liquid100_mat5,any_relevance,2week,XGBoost,Config_LLM,VCB,D00119,1,0
liquid100_mat5,any_relevance,2week,XGBoost,Config_LLM,VCB,D00120,1,0
liquid100_mat5,any_relevance,2week,XGBoost,Config_LLM,VCB,D00121,0,0
liquid100_mat5,any_relevance,2week,XGBoost,Config_LLM,VCB,D00122,0,0
liquid100_mat5,any_relevance,2week,XGBoost,Config_LLM,VCB,D00123,1,0
liquid100_mat5,any_relevance,2week,XGBoost,Config_LLM,VCB,D00124,0,0
liquid100_mat5,any_relevance,2week,XGBoost,Config_LLM,VCB,D00125,0,0
liquid100_mat5,any_relevance,2week,XGBoost,Config_LLM,VCB,D00126,0,0
liquid100_mat5,any_relevance,2week,XGBoost,Config_LLM,VCB,D00127,0,0
liquid100_mat5,any_relevance,2week,XGBoost,Config_LLM,VCB,D00128,0,0
liquid100_mat5,any_relevance,2week,XGBoost,Config_LLM,VCB,D00129,1,0
liquid100_mat5,any_relevance,2week,XGBoost,Config_LLM,VCB,D00130,1,0
liquid100_mat5,any_relevance,2week,XGBoost,Config_LLM,VCB,D00131,0,0
liquid100_mat5,any_relevance,2week,XGBoost,Config_LLM,VCB,D00132,0,1
liquid100_mat5,any_relevance,2week,XGBoost,Config_LLM,VCB,D00133,0,0
liquid100_mat5,any_relevance,2week,XGBoost,Config_LLM,VCB,D00134,0,0
liquid100_mat5,any_relevance,2week,XGBoost,Config_LLM,VCB,D00135,0,0
liquid100_mat5,any_relevance,2week,XGBoost,Config_LLM,VCB,D00136,0,0
liquid100_mat5,any_relevance,2week,XGBoost,Config_LLM,VCB,D00137,0,0
liquid100_mat5,any_relevance,2week,XGBoost,Config_LLM,VCB,D00138,0,0
liquid100_mat5,any_relevance,2week,XGBoost,Config_LLM,VCB,D00139,1,1
liquid100_mat5,any_relevance,2week,XGBoost,Config_LLM,VCB,D00140,0,0
liquid100_mat5,any_relevance,2week,XGBoost,Config_LLM,VCB,D00141,0,0
liquid100_mat5,any_relevance,2week,XGBoost,Config_LLM,VCB,D00142,0,0
liquid100_mat5,any_relevance,2week,XGBoost,Config_LLM,VCG,D00119,1,0
liquid100_mat5,any_relevance,2week,XGBoost,Config_LLM,VCG,D00120,0,0
liquid100_mat5,any_relevance,2week,XGBoost,Config_LLM,VCG,D00121,1,0
liquid100_mat5,any_relevance,2week,XGBoost,Config_LLM,VCG,D00122,1,0
liquid100_mat5,any_relevance,2week,XGBoost,Config_LLM,VCG,D00123,0,0
liquid100_mat5,any_relevance,2week,XGBoost,Config_LLM,VCG,D00124,0,0
liquid100_mat5,any_relevance,2week,XGBoost,Config_LLM,VCG,D00125,0,0
liquid100_mat5,any_relevance,2week,XGBoost,Config_LLM,VCG,D00126,0,0
liquid100_mat5,any_relevance,2week,XGBoost,Config_LLM,VCG,D00127,0,0
liquid100_mat5,any_relevance,2week,XGBoost,Config_LLM,VCG,D00128,0,0
liquid100_mat5,any_relevance,2week,XGBoost,Config_LLM,VCG,D00129,0,0
liquid100_mat5,any_relevance,2week,XGBoost,Config_LLM,VCG,D00130,0,1
liquid100_mat5,any_relevance,2week,XGBoost,Config_LLM,VCG,D00131,0,0
liquid100_mat5,any_relevance,2week,XGBoost,Config_LLM,VCG,D00132,0,0
liquid100_mat5,any_relevance,2week,XGBoost,Config_LLM,VCG,D00133,1,0
liquid100_mat5,any_relevance,2week,XGBoost,Config_LLM,VCG,D00134,1,0
liquid100_mat5,any_relevance,2week,XGBoost,Config_LLM,VCG,D00135,0,1
liquid100_mat5,any_relevance,2week,XGBoost,Config_LLM,VCG,D00136,0,1
liquid100_mat5,any_relevance,2week,XGBoost,Config_LLM,VCG,D00137,0,0
liquid100_mat5,any_relevance,2week,XGBoost,Config_LLM,VCG,D00138,0,0
liquid100_mat5,any_relevance,2week,XGBoost,Config_LLM,VCG,D00139,0,0
liquid100_mat5,any_relevance,2week,XGBoost,Config_LLM,VCG,D00140,0,0
liquid100_mat5,any_relevance,2week,XGBoost,Config_LLM,VCG,D00141,0,0
liquid100_mat5,any_relevance,2week,XGBoost,Config_LLM,VCG,D00142,1,0
liquid100_mat5,any_relevance,2week,XGBoost,Config_LLM,VCI,D00119,1,0
liquid100_mat5,any_relevance,2week,XGBoost,Config_LLM,VCI,D00120,0,0
liquid100_mat5,any_relevance,2week,XGBoost,Config_LLM,VCI,D00121,0,0
liquid100_mat5,any_relevance,2week,XGBoost,Config_LLM,VCI,D00122,0,0
liquid100_mat5,any_relevance,2week,XGBoost,Config_LLM,VCI,D00123,0,0
liquid100_mat5,any_relevance,2week,XGBoost,Config_LLM,VCI,D00124,0,0
liquid100_mat5,any_relevance,2week,XGBoost,Config_LLM,VCI,D00125,0,0
liquid100_mat5,any_relevance,2week,XGBoost,Config_LLM,VCI,D00126,0,0
liquid100_mat5,any_relevance,2week,XGBoost,Config_LLM,VCI,D00127,0,0
liquid100_mat5,any_relevance,2week,XGBoost,Config_LLM,VCI,D00128,0,0
liquid100_mat5,any_relevance,2week,XGBoost,Config_LLM,VCI,D00129,0,0
liquid100_mat5,any_relevance,2week,XGBoost,Config_LLM,VCI,D00130,1,1
liquid100_mat5,any_relevance,2week,XGBoost,Config_LLM,VCI,D00131,1,0
liquid100_mat5,any_relevance,2week,XGBoost,Config_LLM,VCI,D00132,0,1
liquid100_mat5,any_relevance,2week,XGBoost,Config_LLM,VCI,D00133,1,1
liquid100_mat5,any_relevance,2week,XGBoost,Config_LLM,VCI,D00134,0,0
liquid100_mat5,any_relevance,2week,XGBoost,Config_LLM,VCI,D00135,0,0
liquid100_mat5,any_relevance,2week,XGBoost,Config_LLM,VCI,D00136,1,1
liquid100_mat5,any_relevance,2week,XGBoost,Config_LLM,VCI,D00137,0,1
liquid100_mat5,any_relevance,2week,XGBoost,Config_LLM,VCI,D00138,0,0
liquid100_mat5,any_relevance,2week,XGBoost,Config_LLM,VCI,D00139,0,1
liquid100_mat5,any_relevance,2week,XGBoost,Config_LLM,VCI,D00140,0,0
liquid100_mat5,any_relevance,2week,XGBoost,Config_LLM,VCI,D00141,0,0
liquid100_mat5,any_relevance,2week,XGBoost,Config_LLM,VCI,D00142,0,0
liquid100_mat5,any_relevance,2week,XGBoost,Config_LLM,VHM,D00119,0,0
liquid100_mat5,any_relevance,2week,XGBoost,Config_LLM,VHM,D00120,1,0
liquid100_mat5,any_relevance,2week,XGBoost,Config_LLM,VHM,D00121,0,0
liquid100_mat5,any_relevance,2week,XGBoost,Config_LLM,VHM,D00122,0,0
liquid100_mat5,any_relevance,2week,XGBoost,Config_LLM,VHM,D00123,1,0
liquid100_mat5,any_relevance,2week,XGBoost,Config_LLM,VHM,D00124,0,0
liquid100_mat5,any_relevance,2week,XGBoost,Config_LLM,VHM,D00125,0,0
liquid100_mat5,any_relevance,2week,XGBoost,Config_LLM,VHM,D00126,1,0
liquid100_mat5,any_relevance,2week,XGBoost,Config_LLM,VHM,D00127,1,0
liquid100_mat5,any_relevance,2week,XGBoost,Config_LLM,VHM,D00128,0,0
liquid100_mat5,any_relevance,2week,XGBoost,Config_LLM,VHM,D00129,1,0
liquid100_mat5,any_relevance,2week,XGBoost,Config_LLM,VHM,D00130,0,0
liquid100_mat5,any_relevance,2week,XGBoost,Config_LLM,VHM,D00131,0,0
liquid100_mat5,any_relevance,2week,XGBoost,Config_LLM,VHM,D00132,0,0
liquid100_mat5,any_relevance,2week,XGBoost,Config_LLM,VHM,D00133,0,0
liquid100_mat5,any_relevance,2week,XGBoost,Config_LLM,VHM,D00134,0,0
liquid100_mat5,any_relevance,2week,XGBoost,Config_LLM,VHM,D00135,1,0
liquid100_mat5,any_relevance,2week,XGBoost,Config_LLM,VHM,D00136,1,0
liquid100_mat5,any_relevance,2week,XGBoost,Config_LLM,VHM,D00137,1,0
liquid100_mat5,any_relevance,2week,XGBoost,Config_LLM,VHM,D00138,1,0
liquid100_mat5,any_relevance,2week,XGBoost,Config_LLM,VHM,D00139,0,0
liquid100_mat5,any_relevance,2week,XGBoost,Config_LLM,VHM,D00140,0,0
liquid100_mat5,any_relevance,2week,XGBoost,Config_LLM,VHM,D00141,0,1
liquid100_mat5,any_relevance,2week,XGBoost,Config_LLM,VHM,D00142,1,1
liquid100_mat5,any_relevance,2week,XGBoost,Config_LLM,VIB,D00119,1,0
liquid100_mat5,any_relevance,2week,XGBoost,Config_LLM,VIB,D00120,1,0
liquid100_mat5,any_relevance,2week,XGBoost,Config_LLM,VIB,D00121,0,1
liquid100_mat5,any_relevance,2week,XGBoost,Config_LLM,VIB,D00122,0,0
liquid100_mat5,any_relevance,2week,XGBoost,Config_LLM,VIB,D00123,0,1
liquid100_mat5,any_relevance,2week,XGBoost,Config_LLM,VIB,D00124,0,0
liquid100_mat5,any_relevance,2week,XGBoost,Config_LLM,VIB,D00125,0,0
liquid100_mat5,any_relevance,2week,XGBoost,Config_LLM,VIB,D00126,0,0
liquid100_mat5,any_relevance,2week,XGBoost,Config_LLM,VIB,D00127,0,1
liquid100_mat5,any_relevance,2week,XGBoost,Config_LLM,VIB,D00128,0,0
liquid100_mat5,any_relevance,2week,XGBoost,Config_LLM,VIB,D00129,0,0
liquid100_mat5,any_relevance,2week,XGBoost,Config_LLM,VIB,D00130,1,0
liquid100_mat5,any_relevance,2week,XGBoost,Config_LLM,VIB,D00131,0,0
liquid100_mat5,any_relevance,2week,XGBoost,Config_LLM,VIB,D00132,0,0
liquid100_mat5,any_relevance,2week,XGBoost,Config_LLM,VIB,D00133,0,0
liquid100_mat5,any_relevance,2week,XGBoost,Config_LLM,VIB,D00134,0,0
liquid100_mat5,any_relevance,2week,XGBoost,Config_LLM,VIB,D00135,0,0
liquid100_mat5,any_relevance,2week,XGBoost,Config_LLM,VIB,D00136,0,0
liquid100_mat5,any_relevance,2week,XGBoost,Config_LLM,VIB,D00137,0,0
liquid100_mat5,any_relevance,2week,XGBoost,Config_LLM,VIB,D00138,0,1
liquid100_mat5,any_relevance,2week,XGBoost,Config_LLM,VIB,D00139,0,0
liquid100_mat5,any_relevance,2week,XGBoost,Config_LLM,VIB,D00140,0,0
liquid100_mat5,any_relevance,2week,XGBoost,Config_LLM,VIB,D00141,0,0
liquid100_mat5,any_relevance,2week,XGBoost,Config_LLM,VIB,D00142,0,0
liquid100_mat5,any_relevance,2week,XGBoost,Config_LLM,VIC,D00119,1,0
liquid100_mat5,any_relevance,2week,XGBoost,Config_LLM,VIC,D00120,1,0
liquid100_mat5,any_relevance,2week,XGBoost,Config_LLM,VIC,D00121,1,0
liquid100_mat5,any_relevance,2week,XGBoost,Config_LLM,VIC,D00122,1,0
liquid100_mat5,any_relevance,2week,XGBoost,Config_LLM,VIC,D00123,1,0
liquid100_mat5,any_relevance,2week,XGBoost,Config_LLM,VIC,D00124,1,0
liquid100_mat5,any_relevance,2week,XGBoost,Config_LLM,VIC,D00125,0,0
liquid100_mat5,any_relevance,2week,XGBoost,Config_LLM,VIC,D00126,1,0
liquid100_mat5,any_relevance,2week,XGBoost,Config_LLM,VIC,D00127,1,0
liquid100_mat5,any_relevance,2week,XGBoost,Config_LLM,VIC,D00128,1,0
liquid100_mat5,any_relevance,2week,XGBoost,Config_LLM,VIC,D00129,1,1
liquid100_mat5,any_relevance,2week,XGBoost,Config_LLM,VIC,D00130,0,0
liquid100_mat5,any_relevance,2week,XGBoost,Config_LLM,VIC,D00131,0,0
liquid100_mat5,any_relevance,2week,XGBoost,Config_LLM,VIC,D00132,1,0
liquid100_mat5,any_relevance,2week,XGBoost,Config_LLM,VIC,D00133,1,0
liquid100_mat5,any_relevance,2week,XGBoost,Config_LLM,VIC,D00134,0,0
liquid100_mat5,any_relevance,2week,XGBoost,Config_LLM,VIC,D00135,0,0
liquid100_mat5,any_relevance,2week,XGBoost,Config_LLM,VIC,D00136,1,0
liquid100_mat5,any_relevance,2week,XGBoost,Config_LLM,VIC,D00137,1,0
liquid100_mat5,any_relevance,2week,XGBoost,Config_LLM,VIC,D00138,1,0
liquid100_mat5,any_relevance,2week,XGBoost,Config_LLM,VIC,D00139,0,0
liquid100_mat5,any_relevance,2week,XGBoost,Config_LLM,VIC,D00140,0,0
liquid100_mat5,any_relevance,2week,XGBoost,Config_LLM,VIC,D00141,1,0
liquid100_mat5,any_relevance,2week,XGBoost,Config_LLM,VIC,D00142,1,0
liquid100_mat5,any_relevance,2week,XGBoost,Config_LLM,VJC,D00119,1,0
liquid100_mat5,any_relevance,2week,XGBoost,Config_LLM,VJC,D00120,1,0
liquid100_mat5,any_relevance,2week,XGBoost,Config_LLM,VJC,D00121,0,0
liquid100_mat5,any_relevance,2week,XGBoost,Config_LLM,VJC,D00122,0,0
liquid100_mat5,any_relevance,2week,XGBoost,Config_LLM,VJC,D00123,1,0
liquid100_mat5,any_relevance,2week,XGBoost,Config_LLM,VJC,D00124,1,0
liquid100_mat5,any_relevance,2week,XGBoost,Config_LLM,VJC,D00125,0,1
liquid100_mat5,any_relevance,2week,XGBoost,Config_LLM,VJC,D00126,1,1
liquid100_mat5,any_relevance,2week,XGBoost,Config_LLM,VJC,D00127,1,0
liquid100_mat5,any_relevance,2week,XGBoost,Config_LLM,VJC,D00128,0,0
liquid100_mat5,any_relevance,2week,XGBoost,Config_LLM,VJC,D00129,1,0
liquid100_mat5,any_relevance,2week,XGBoost,Config_LLM,VJC,D00130,0,0
liquid100_mat5,any_relevance,2week,XGBoost,Config_LLM,VJC,D00131,0,0
liquid100_mat5,any_relevance,2week,XGBoost,Config_LLM,VJC,D00132,0,0
liquid100_mat5,any_relevance,2week,XGBoost,Config_LLM,VJC,D00133,1,0
liquid100_mat5,any_relevance,2week,XGBoost,Config_LLM,VJC,D00134,0,0
liquid100_mat5,any_relevance,2week,XGBoost,Config_LLM,VJC,D00135,0,0
liquid100_mat5,any_relevance,2week,XGBoost,Config_LLM,VJC,D00136,1,0
liquid100_mat5,any_relevance,2week,XGBoost,Config_LLM,VJC,D00137,1,0
liquid100_mat5,any_relevance,2week,XGBoost,Config_LLM,VJC,D00138,0,0
liquid100_mat5,any_relevance,2week,XGBoost,Config_LLM,VJC,D00139,0,0
liquid100_mat5,any_relevance,2week,XGBoost,Config_LLM,VJC,D00140,1,0
liquid100_mat5,any_relevance,2week,XGBoost,Config_LLM,VJC,D00141,1,0
liquid100_mat5,any_relevance,2week,XGBoost,Config_LLM,VJC,D00142,0,0
liquid100_mat5,any_relevance,2week,XGBoost,Config_LLM,VND,D00119,1,0
liquid100_mat5,any_relevance,2week,XGBoost,Config_LLM,VND,D00120,0,0
liquid100_mat5,any_relevance,2week,XGBoost,Config_LLM,VND,D00121,0,0
liquid100_mat5,any_relevance,2week,XGBoost,Config_LLM,VND,D00122,0,0
liquid100_mat5,any_relevance,2week,XGBoost,Config_LLM,VND,D00123,1,0
liquid100_mat5,any_relevance,2week,XGBoost,Config_LLM,VND,D00124,0,0
liquid100_mat5,any_relevance,2week,XGBoost,Config_LLM,VND,D00125,0,1
liquid100_mat5,any_relevance,2week,XGBoost,Config_LLM,VND,D00126,0,1
liquid100_mat5,any_relevance,2week,XGBoost,Config_LLM,VND,D00127,0,0
liquid100_mat5,any_relevance,2week,XGBoost,Config_LLM,VND,D00128,1,0
liquid100_mat5,any_relevance,2week,XGBoost,Config_LLM,VND,D00129,0,0
liquid100_mat5,any_relevance,2week,XGBoost,Config_LLM,VND,D00130,1,0
liquid100_mat5,any_relevance,2week,XGBoost,Config_LLM,VND,D00131,0,0
liquid100_mat5,any_relevance,2week,XGBoost,Config_LLM,VND,D00132,0,0
liquid100_mat5,any_relevance,2week,XGBoost,Config_LLM,VND,D00133,1,0
liquid100_mat5,any_relevance,2week,XGBoost,Config_LLM,VND,D00134,0,0
liquid100_mat5,any_relevance,2week,XGBoost,Config_LLM,VND,D00135,0,0
liquid100_mat5,any_relevance,2week,XGBoost,Config_LLM,VND,D00136,1,0
liquid100_mat5,any_relevance,2week,XGBoost,Config_LLM,VND,D00137,0,0
liquid100_mat5,any_relevance,2week,XGBoost,Config_LLM,VND,D00138,0,0
liquid100_mat5,any_relevance,2week,XGBoost,Config_LLM,VND,D00139,1,0
liquid100_mat5,any_relevance,2week,XGBoost,Config_LLM,VND,D00140,1,0
liquid100_mat5,any_relevance,2week,XGBoost,Config_LLM,VND,D00141,1,0
liquid100_mat5,any_relevance,2week,XGBoost,Config_LLM,VND,D00142,0,0
liquid100_mat5,any_relevance,2week,XGBoost,Config_LLM,VNM,D00119,0,0
liquid100_mat5,any_relevance,2week,XGBoost,Config_LLM,VNM,D00120,0,0
liquid100_mat5,any_relevance,2week,XGBoost,Config_LLM,VNM,D00121,1,0
liquid100_mat5,any_relevance,2week,XGBoost,Config_LLM,VNM,D00122,0,0
liquid100_mat5,any_relevance,2week,XGBoost,Config_LLM,VNM,D00123,1,0
liquid100_mat5,any_relevance,2week,XGBoost,Config_LLM,VNM,D00124,0,0
liquid100_mat5,any_relevance,2week,XGBoost,Config_LLM,VNM,D00125,1,0
liquid100_mat5,any_relevance,2week,XGBoost,Config_LLM,VNM,D00126,1,0
liquid100_mat5,any_relevance,2week,XGBoost,Config_LLM,VNM,D00127,1,0
liquid100_mat5,any_relevance,2week,XGBoost,Config_LLM,VNM,D00128,0,0
liquid100_mat5,any_relevance,2week,XGBoost,Config_LLM,VNM,D00129,0,0
liquid100_mat5,any_relevance,2week,XGBoost,Config_LLM,VNM,D00130,1,0
liquid100_mat5,any_relevance,2week,XGBoost,Config_LLM,VNM,D00131,1,0
liquid100_mat5,any_relevance,2week,XGBoost,Config_LLM,VNM,D00132,0,0
liquid100_mat5,any_relevance,2week,XGBoost,Config_LLM,VNM,D00133,0,0
liquid100_mat5,any_relevance,2week,XGBoost,Config_LLM,VNM,D00134,0,1
liquid100_mat5,any_relevance,2week,XGBoost,Config_LLM,VNM,D00135,0,0
liquid100_mat5,any_relevance,2week,XGBoost,Config_LLM,VNM,D00136,0,0
liquid100_mat5,any_relevance,2week,XGBoost,Config_LLM,VNM,D00137,0,0
liquid100_mat5,any_relevance,2week,XGBoost,Config_LLM,VNM,D00138,0,0
liquid100_mat5,any_relevance,2week,XGBoost,Config_LLM,VNM,D00139,0,0
liquid100_mat5,any_relevance,2week,XGBoost,Config_LLM,VNM,D00140,0,0
liquid100_mat5,any_relevance,2week,XGBoost,Config_LLM,VNM,D00141,0,0
liquid100_mat5,any_relevance,2week,XGBoost,Config_LLM,VNM,D00142,0,0
liquid100_mat5,any_relevance,2week,XGBoost,Config_LLM,VPB,D00119,1,0
liquid100_mat5,any_relevance,2week,XGBoost,Config_LLM,VPB,D00120,1,0
liquid100_mat5,any_relevance,2week,XGBoost,Config_LLM,VPB,D00121,0,0
liquid100_mat5,any_relevance,2week,XGBoost,Config_LLM,VPB,D00122,0,0
liquid100_mat5,any_relevance,2week,XGBoost,Config_LLM,VPB,D00123,1,0
liquid100_mat5,any_relevance,2week,XGBoost,Config_LLM,VPB,D00124,0,0
liquid100_mat5,any_relevance,2week,XGBoost,Config_LLM,VPB,D00125,0,0
liquid100_mat5,any_relevance,2week,XGBoost,Config_LLM,VPB,D00126,0,0
liquid100_mat5,any_relevance,2week,XGBoost,Config_LLM,VPB,D00127,1,0
liquid100_mat5,any_relevance,2week,XGBoost,Config_LLM,VPB,D00128,0,0
liquid100_mat5,any_relevance,2week,XGBoost,Config_LLM,VPB,D00129,0,1
liquid100_mat5,any_relevance,2week,XGBoost,Config_LLM,VPB,D00130,1,1
liquid100_mat5,any_relevance,2week,XGBoost,Config_LLM,VPB,D00131,0,0
liquid100_mat5,any_relevance,2week,XGBoost,Config_LLM,VPB,D00132,0,0
liquid100_mat5,any_relevance,2week,XGBoost,Config_LLM,VPB,D00133,1,0
liquid100_mat5,any_relevance,2week,XGBoost,Config_LLM,VPB,D00134,0,1
liquid100_mat5,any_relevance,2week,XGBoost,Config_LLM,VPB,D00135,0,0
liquid100_mat5,any_relevance,2week,XGBoost,Config_LLM,VPB,D00136,1,0
liquid100_mat5,any_relevance,2week,XGBoost,Config_LLM,VPB,D00137,1,0
liquid100_mat5,any_relevance,2week,XGBoost,Config_LLM,VPB,D00138,0,0
liquid100_mat5,any_relevance,2week,XGBoost,Config_LLM,VPB,D00139,0,0
liquid100_mat5,any_relevance,2week,XGBoost,Config_LLM,VPB,D00140,0,0
liquid100_mat5,any_relevance,2week,XGBoost,Config_LLM,VPB,D00141,0,0
liquid100_mat5,any_relevance,2week,XGBoost,Config_LLM,VPB,D00142,0,1
liquid100_mat5,any_relevance,2week,XGBoost,Config_LLM,VSC,D00119,1,0
liquid100_mat5,any_relevance,2week,XGBoost,Config_LLM,VSC,D00120,0,0
liquid100_mat5,any_relevance,2week,XGBoost,Config_LLM,VSC,D00121,0,1
liquid100_mat5,any_relevance,2week,XGBoost,Config_LLM,VSC,D00122,0,0
liquid100_mat5,any_relevance,2week,XGBoost,Config_LLM,VSC,D00123,0,0
liquid100_mat5,any_relevance,2week,XGBoost,Config_LLM,VSC,D00124,0,0
liquid100_mat5,any_relevance,2week,XGBoost,Config_LLM,VSC,D00125,0,0
liquid100_mat5,any_relevance,2week,XGBoost,Config_LLM,VSC,D00126,1,0
liquid100_mat5,any_relevance,2week,XGBoost,Config_LLM,VSC,D00127,0,0
liquid100_mat5,any_relevance,2week,XGBoost,Config_LLM,VSC,D00128,0,0
liquid100_mat5,any_relevance,2week,XGBoost,Config_LLM,VSC,D00129,0,0
liquid100_mat5,any_relevance,2week,XGBoost,Config_LLM,VSC,D00130,1,0
liquid100_mat5,any_relevance,2week,XGBoost,Config_LLM,VSC,D00131,0,0
liquid100_mat5,any_relevance,2week,XGBoost,Config_LLM,VSC,D00132,1,0
liquid100_mat5,any_relevance,2week,XGBoost,Config_LLM,VSC,D00133,1,0
liquid100_mat5,any_relevance,2week,XGBoost,Config_LLM,VSC,D00134,0,0
liquid100_mat5,any_relevance,2week,XGBoost,Config_LLM,VSC,D00135,0,0
liquid100_mat5,any_relevance,2week,XGBoost,Config_LLM,VSC,D00136,1,0
liquid100_mat5,any_relevance,2week,XGBoost,Config_LLM,VSC,D00137,0,0
liquid100_mat5,any_relevance,2week,XGBoost,Config_LLM,VSC,D00138,0,0
liquid100_mat5,any_relevance,2week,XGBoost,Config_LLM,VSC,D00139,0,0
liquid100_mat5,any_relevance,2week,XGBoost,Config_LLM,VSC,D00140,0,0
liquid100_mat5,any_relevance,2week,XGBoost,Config_LLM,VSC,D00141,0,0
liquid100_mat5,any_relevance,2week,XGBoost,Config_LLM,VSC,D00142,0,0
liquid100_mat5,any_relevance,2week,LightGBM,Config_LLM,ACB,D00119,1,0
liquid100_mat5,any_relevance,2week,LightGBM,Config_LLM,ACB,D00120,1,0
liquid100_mat5,any_relevance,2week,LightGBM,Config_LLM,ACB,D00121,0,0
liquid100_mat5,any_relevance,2week,LightGBM,Config_LLM,ACB,D00122,0,1
liquid100_mat5,any_relevance,2week,LightGBM,Config_LLM,ACB,D00123,1,1
liquid100_mat5,any_relevance,2week,LightGBM,Config_LLM,ACB,D00124,0,1
liquid100_mat5,any_relevance,2week,LightGBM,Config_LLM,ACB,D00125,0,1
liquid100_mat5,any_relevance,2week,LightGBM,Config_LLM,ACB,D00126,0,0
liquid100_mat5,any_relevance,2week,LightGBM,Config_LLM,ACB,D00127,0,0
liquid100_mat5,any_relevance,2week,LightGBM,Config_LLM,ACB,D00128,0,1
liquid100_mat5,any_relevance,2week,LightGBM,Config_LLM,ACB,D00129,0,0
liquid100_mat5,any_relevance,2week,LightGBM,Config_LLM,ACB,D00130,1,1
liquid100_mat5,any_relevance,2week,LightGBM,Config_LLM,ACB,D00131,0,0
liquid100_mat5,any_relevance,2week,LightGBM,Config_LLM,ACB,D00132,0,0
liquid100_mat5,any_relevance,2week,LightGBM,Config_LLM,ACB,D00133,1,1
liquid100_mat5,any_relevance,2week,LightGBM,Config_LLM,ACB,D00134,0,1
liquid100_mat5,any_relevance,2week,LightGBM,Config_LLM,ACB,D00135,0,0
liquid100_mat5,any_relevance,2week,LightGBM,Config_LLM,ACB,D00136,0,0
liquid100_mat5,any_relevance,2week,LightGBM,Config_LLM,ACB,D00137,0,0
liquid100_mat5,any_relevance,2week,LightGBM,Config_LLM,ACB,D00138,0,0
liquid100_mat5,any_relevance,2week,LightGBM,Config_LLM,ACB,D00139,1,0
liquid100_mat5,any_relevance,2week,LightGBM,Config_LLM,ACB,D00140,1,0
liquid100_mat5,any_relevance,2week,LightGBM,Config_LLM,ACB,D00141,0,0
liquid100_mat5,any_relevance,2week,LightGBM,Config_LLM,ACB,D00142,0,1
liquid100_mat5,any_relevance,2week,LightGBM,Config_LLM,BID,D00119,1,0
liquid100_mat5,any_relevance,2week,LightGBM,Config_LLM,BID,D00120,1,0
liquid100_mat5,any_relevance,2week,LightGBM,Config_LLM,BID,D00121,0,0
liquid100_mat5,any_relevance,2week,LightGBM,Config_LLM,BID,D00122,0,0
liquid100_mat5,any_relevance,2week,LightGBM,Config_LLM,BID,D00123,0,0
liquid100_mat5,any_relevance,2week,LightGBM,Config_LLM,BID,D00124,0,0
liquid100_mat5,any_relevance,2week,LightGBM,Config_LLM,BID,D00125,0,0
liquid100_mat5,any_relevance,2week,LightGBM,Config_LLM,BID,D00126,0,0
liquid100_mat5,any_relevance,2week,LightGBM,Config_LLM,BID,D00127,0,0
liquid100_mat5,any_relevance,2week,LightGBM,Config_LLM,BID,D00128,0,1
liquid100_mat5,any_relevance,2week,LightGBM,Config_LLM,BID,D00129,1,0
liquid100_mat5,any_relevance,2week,LightGBM,Config_LLM,BID,D00130,1,0
liquid100_mat5,any_relevance,2week,LightGBM,Config_LLM,BID,D00131,1,0
liquid100_mat5,any_relevance,2week,LightGBM,Config_LLM,BID,D00132,0,0
liquid100_mat5,any_relevance,2week,LightGBM,Config_LLM,BID,D00133,0,0
liquid100_mat5,any_relevance,2week,LightGBM,Config_LLM,BID,D00134,0,0
liquid100_mat5,any_relevance,2week,LightGBM,Config_LLM,BID,D00135,0,0
liquid100_mat5,any_relevance,2week,LightGBM,Config_LLM,BID,D00136,0,0
liquid100_mat5,any_relevance,2week,LightGBM,Config_LLM,BID,D00137,0,0
liquid100_mat5,any_relevance,2week,LightGBM,Config_LLM,BID,D00138,1,0
liquid100_mat5,any_relevance,2week,LightGBM,Config_LLM,BID,D00139,1,0
liquid100_mat5,any_relevance,2week,LightGBM,Config_LLM,BID,D00140,0,1
liquid100_mat5,any_relevance,2week,LightGBM,Config_LLM,BID,D00141,0,0
liquid100_mat5,any_relevance,2week,LightGBM,Config_LLM,BID,D00142,0,0
liquid100_mat5,any_relevance,2week,LightGBM,Config_LLM,CTG,D00119,1,0
liquid100_mat5,any_relevance,2week,LightGBM,Config_LLM,CTG,D00120,1,0
liquid100_mat5,any_relevance,2week,LightGBM,Config_LLM,CTG,D00121,0,0
liquid100_mat5,any_relevance,2week,LightGBM,Config_LLM,CTG,D00122,0,0
liquid100_mat5,any_relevance,2week,LightGBM,Config_LLM,CTG,D00123,1,0
liquid100_mat5,any_relevance,2week,LightGBM,Config_LLM,CTG,D00124,0,0
liquid100_mat5,any_relevance,2week,LightGBM,Config_LLM,CTG,D00125,0,0
liquid100_mat5,any_relevance,2week,LightGBM,Config_LLM,CTG,D00126,0,0
liquid100_mat5,any_relevance,2week,LightGBM,Config_LLM,CTG,D00127,1,0
liquid100_mat5,any_relevance,2week,LightGBM,Config_LLM,CTG,D00128,0,1
liquid100_mat5,any_relevance,2week,LightGBM,Config_LLM,CTG,D00129,1,0
liquid100_mat5,any_relevance,2week,LightGBM,Config_LLM,CTG,D00130,1,0
liquid100_mat5,any_relevance,2week,LightGBM,Config_LLM,CTG,D00131,0,0
liquid100_mat5,any_relevance,2week,LightGBM,Config_LLM,CTG,D00132,0,0
liquid100_mat5,any_relevance,2week,LightGBM,Config_LLM,CTG,D00133,0,1
liquid100_mat5,any_relevance,2week,LightGBM,Config_LLM,CTG,D00134,0,0
liquid100_mat5,any_relevance,2week,LightGBM,Config_LLM,CTG,D00135,0,0
liquid100_mat5,any_relevance,2week,LightGBM,Config_LLM,CTG,D00136,0,0
liquid100_mat5,any_relevance,2week,LightGBM,Config_LLM,CTG,D00137,0,0
liquid100_mat5,any_relevance,2week,LightGBM,Config_LLM,CTG,D00138,0,0
liquid100_mat5,any_relevance,2week,LightGBM,Config_LLM,CTG,D00139,0,0
liquid100_mat5,any_relevance,2week,LightGBM,Config_LLM,CTG,D00140,0,0
liquid100_mat5,any_relevance,2week,LightGBM,Config_LLM,CTG,D00141,0,0
liquid100_mat5,any_relevance,2week,LightGBM,Config_LLM,CTG,D00142,0,0
liquid100_mat5,any_relevance,2week,LightGBM,Config_LLM,DCM,D00119,1,0
liquid100_mat5,any_relevance,2week,LightGBM,Config_LLM,DCM,D00120,0,0
liquid100_mat5,any_relevance,2week,LightGBM,Config_LLM,DCM,D00121,0,0
liquid100_mat5,any_relevance,2week,LightGBM,Config_LLM,DCM,D00122,0,0
liquid100_mat5,any_relevance,2week,LightGBM,Config_LLM,DCM,D00123,0,0
liquid100_mat5,any_relevance,2week,LightGBM,Config_LLM,DCM,D00124,0,0
liquid100_mat5,any_relevance,2week,LightGBM,Config_LLM,DCM,D00125,0,1
liquid100_mat5,any_relevance,2week,LightGBM,Config_LLM,DCM,D00126,0,0
liquid100_mat5,any_relevance,2week,LightGBM,Config_LLM,DCM,D00127,0,0
liquid100_mat5,any_relevance,2week,LightGBM,Config_LLM,DCM,D00128,0,0
liquid100_mat5,any_relevance,2week,LightGBM,Config_LLM,DCM,D00129,1,0
liquid100_mat5,any_relevance,2week,LightGBM,Config_LLM,DCM,D00130,1,0
liquid100_mat5,any_relevance,2week,LightGBM,Config_LLM,DCM,D00131,1,0
liquid100_mat5,any_relevance,2week,LightGBM,Config_LLM,DCM,D00132,1,0
liquid100_mat5,any_relevance,2week,LightGBM,Config_LLM,DCM,D00133,1,0
liquid100_mat5,any_relevance,2week,LightGBM,Config_LLM,DCM,D00134,1,0
liquid100_mat5,any_relevance,2week,LightGBM,Config_LLM,DCM,D00135,0,0
liquid100_mat5,any_relevance,2week,LightGBM,Config_LLM,DCM,D00136,0,0
liquid100_mat5,any_relevance,2week,LightGBM,Config_LLM,DCM,D00137,0,0
liquid100_mat5,any_relevance,2week,LightGBM,Config_LLM,DCM,D00138,0,0
liquid100_mat5,any_relevance,2week,LightGBM,Config_LLM,DCM,D00139,0,0
liquid100_mat5,any_relevance,2week,LightGBM,Config_LLM,DCM,D00140,0,0
liquid100_mat5,any_relevance,2week,LightGBM,Config_LLM,DCM,D00141,0,0
liquid100_mat5,any_relevance,2week,LightGBM,Config_LLM,DCM,D00142,0,0
liquid100_mat5,any_relevance,2week,LightGBM,Config_LLM,DIG,D00119,1,0
liquid100_mat5,any_relevance,2week,LightGBM,Config_LLM,DIG,D00120,0,0
liquid100_mat5,any_relevance,2week,LightGBM,Config_LLM,DIG,D00121,1,0
liquid100_mat5,any_relevance,2week,LightGBM,Config_LLM,DIG,D00122,0,0
liquid100_mat5,any_relevance,2week,LightGBM,Config_LLM,DIG,D00123,0,0
liquid100_mat5,any_relevance,2week,LightGBM,Config_LLM,DIG,D00124,0,0
liquid100_mat5,any_relevance,2week,LightGBM,Config_LLM,DIG,D00125,0,0
liquid100_mat5,any_relevance,2week,LightGBM,Config_LLM,DIG,D00126,1,1
liquid100_mat5,any_relevance,2week,LightGBM,Config_LLM,DIG,D00127,0,0
liquid100_mat5,any_relevance,2week,LightGBM,Config_LLM,DIG,D00128,0,0
liquid100_mat5,any_relevance,2week,LightGBM,Config_LLM,DIG,D00129,0,0
liquid100_mat5,any_relevance,2week,LightGBM,Config_LLM,DIG,D00130,0,0
liquid100_mat5,any_relevance,2week,LightGBM,Config_LLM,DIG,D00131,0,1
liquid100_mat5,any_relevance,2week,LightGBM,Config_LLM,DIG,D00132,0,1
liquid100_mat5,any_relevance,2week,LightGBM,Config_LLM,DIG,D00133,0,0
liquid100_mat5,any_relevance,2week,LightGBM,Config_LLM,DIG,D00134,0,0
liquid100_mat5,any_relevance,2week,LightGBM,Config_LLM,DIG,D00135,1,0
liquid100_mat5,any_relevance,2week,LightGBM,Config_LLM,DIG,D00136,1,0
liquid100_mat5,any_relevance,2week,LightGBM,Config_LLM,DIG,D00137,0,0
liquid100_mat5,any_relevance,2week,LightGBM,Config_LLM,DIG,D00138,1,1
liquid100_mat5,any_relevance,2week,LightGBM,Config_LLM,DIG,D00139,0,0
liquid100_mat5,any_relevance,2week,LightGBM,Config_LLM,DIG,D00140,0,0
liquid100_mat5,any_relevance,2week,LightGBM,Config_LLM,DIG,D00141,0,0
liquid100_mat5,any_relevance,2week,LightGBM,Config_LLM,DIG,D00142,0,0
liquid100_mat5,any_relevance,2week,LightGBM,Config_LLM,DPM,D00119,1,1
liquid100_mat5,any_relevance,2week,LightGBM,Config_LLM,DPM,D00120,0,0
liquid100_mat5,any_relevance,2week,LightGBM,Config_LLM,DPM,D00121,0,0
liquid100_mat5,any_relevance,2week,LightGBM,Config_LLM,DPM,D00122,0,0
liquid100_mat5,any_relevance,2week,LightGBM,Config_LLM,DPM,D00123,0,0
liquid100_mat5,any_relevance,2week,LightGBM,Config_LLM,DPM,D00124,0,0
liquid100_mat5,any_relevance,2week,LightGBM,Config_LLM,DPM,D00125,0,0
liquid100_mat5,any_relevance,2week,LightGBM,Config_LLM,DPM,D00126,0,0
liquid100_mat5,any_relevance,2week,LightGBM,Config_LLM,DPM,D00127,0,1
liquid100_mat5,any_relevance,2week,LightGBM,Config_LLM,DPM,D00128,0,1
liquid100_mat5,any_relevance,2week,LightGBM,Config_LLM,DPM,D00129,1,0
liquid100_mat5,any_relevance,2week,LightGBM,Config_LLM,DPM,D00130,1,0
liquid100_mat5,any_relevance,2week,LightGBM,Config_LLM,DPM,D00131,0,0
liquid100_mat5,any_relevance,2week,LightGBM,Config_LLM,DPM,D00132,1,0
liquid100_mat5,any_relevance,2week,LightGBM,Config_LLM,DPM,D00133,1,0
liquid100_mat5,any_relevance,2week,LightGBM,Config_LLM,DPM,D00134,1,0
liquid100_mat5,any_relevance,2week,LightGBM,Config_LLM,DPM,D00135,0,0
liquid100_mat5,any_relevance,2week,LightGBM,Config_LLM,DPM,D00136,0,0
liquid100_mat5,any_relevance,2week,LightGBM,Config_LLM,DPM,D00137,0,0
liquid100_mat5,any_relevance,2week,LightGBM,Config_LLM,DPM,D00138,0,0
liquid100_mat5,any_relevance,2week,LightGBM,Config_LLM,DPM,D00139,0,0
liquid100_mat5,any_relevance,2week,LightGBM,Config_LLM,DPM,D00140,0,0
liquid100_mat5,any_relevance,2week,LightGBM,Config_LLM,DPM,D00141,0,0
liquid100_mat5,any_relevance,2week,LightGBM,Config_LLM,DPM,D00142,0,0
liquid100_mat5,any_relevance,2week,LightGBM,Config_LLM,DXG,D00119,1,0
liquid100_mat5,any_relevance,2week,LightGBM,Config_LLM,DXG,D00120,1,0
liquid100_mat5,any_relevance,2week,LightGBM,Config_LLM,DXG,D00121,1,0
liquid100_mat5,any_relevance,2week,LightGBM,Config_LLM,DXG,D00122,0,0
liquid100_mat5,any_relevance,2week,LightGBM,Config_LLM,DXG,D00123,0,0
liquid100_mat5,any_relevance,2week,LightGBM,Config_LLM,DXG,D00124,0,0
liquid100_mat5,any_relevance,2week,LightGBM,Config_LLM,DXG,D00125,0,0
liquid100_mat5,any_relevance,2week,LightGBM,Config_LLM,DXG,D00126,0,0
liquid100_mat5,any_relevance,2week,LightGBM,Config_LLM,DXG,D00127,0,0
liquid100_mat5,any_relevance,2week,LightGBM,Config_LLM,DXG,D00128,0,0
liquid100_mat5,any_relevance,2week,LightGBM,Config_LLM,DXG,D00129,0,0
liquid100_mat5,any_relevance,2week,LightGBM,Config_LLM,DXG,D00130,0,0
liquid100_mat5,any_relevance,2week,LightGBM,Config_LLM,DXG,D00131,0,0
liquid100_mat5,any_relevance,2week,LightGBM,Config_LLM,DXG,D00132,0,0
liquid100_mat5,any_relevance,2week,LightGBM,Config_LLM,DXG,D00133,0,0
liquid100_mat5,any_relevance,2week,LightGBM,Config_LLM,DXG,D00134,0,0
liquid100_mat5,any_relevance,2week,LightGBM,Config_LLM,DXG,D00135,1,0
liquid100_mat5,any_relevance,2week,LightGBM,Config_LLM,DXG,D00136,1,0
liquid100_mat5,any_relevance,2week,LightGBM,Config_LLM,DXG,D00137,0,0
liquid100_mat5,any_relevance,2week,LightGBM,Config_LLM,DXG,D00138,1,0
liquid100_mat5,any_relevance,2week,LightGBM,Config_LLM,DXG,D00139,0,1
liquid100_mat5,any_relevance,2week,LightGBM,Config_LLM,DXG,D00140,0,0
liquid100_mat5,any_relevance,2week,LightGBM,Config_LLM,DXG,D00141,0,1
liquid100_mat5,any_relevance,2week,LightGBM,Config_LLM,DXG,D00142,0,1
liquid100_mat5,any_relevance,2week,LightGBM,Config_LLM,EIB,D00119,1,0
liquid100_mat5,any_relevance,2week,LightGBM,Config_LLM,EIB,D00120,0,0
liquid100_mat5,any_relevance,2week,LightGBM,Config_LLM,EIB,D00121,0,0
liquid100_mat5,any_relevance,2week,LightGBM,Config_LLM,EIB,D00122,0,0
liquid100_mat5,any_relevance,2week,LightGBM,Config_LLM,EIB,D00123,1,1
liquid100_mat5,any_relevance,2week,LightGBM,Config_LLM,EIB,D00124,0,0
liquid100_mat5,any_relevance,2week,LightGBM,Config_LLM,EIB,D00125,0,0
liquid100_mat5,any_relevance,2week,LightGBM,Config_LLM,EIB,D00126,1,0
liquid100_mat5,any_relevance,2week,LightGBM,Config_LLM,EIB,D00127,0,1
liquid100_mat5,any_relevance,2week,LightGBM,Config_LLM,EIB,D00128,0,1
liquid100_mat5,any_relevance,2week,LightGBM,Config_LLM,EIB,D00129,0,0
liquid100_mat5,any_relevance,2week,LightGBM,Config_LLM,EIB,D00130,1,0
liquid100_mat5,any_relevance,2week,LightGBM,Config_LLM,EIB,D00131,0,1
liquid100_mat5,any_relevance,2week,LightGBM,Config_LLM,EIB,D00132,0,0
liquid100_mat5,any_relevance,2week,LightGBM,Config_LLM,EIB,D00133,1,0
liquid100_mat5,any_relevance,2week,LightGBM,Config_LLM,EIB,D00134,0,0
liquid100_mat5,any_relevance,2week,LightGBM,Config_LLM,EIB,D00135,1,0
liquid100_mat5,any_relevance,2week,LightGBM,Config_LLM,EIB,D00136,0,0
liquid100_mat5,any_relevance,2week,LightGBM,Config_LLM,EIB,D00137,0,0
liquid100_mat5,any_relevance,2week,LightGBM,Config_LLM,EIB,D00138,0,0
liquid100_mat5,any_relevance,2week,LightGBM,Config_LLM,EIB,D00139,0,0
liquid100_mat5,any_relevance,2week,LightGBM,Config_LLM,EIB,D00140,0,0
liquid100_mat5,any_relevance,2week,LightGBM,Config_LLM,EIB,D00141,0,0
liquid100_mat5,any_relevance,2week,LightGBM,Config_LLM,EIB,D00142,0,0
liquid100_mat5,any_relevance,2week,LightGBM,Config_LLM,FPT,D00119,0,1
liquid100_mat5,any_relevance,2week,LightGBM,Config_LLM,FPT,D00120,0,1
liquid100_mat5,any_relevance,2week,LightGBM,Config_LLM,FPT,D00121,0,0
liquid100_mat5,any_relevance,2week,LightGBM,Config_LLM,FPT,D00122,0,0
liquid100_mat5,any_relevance,2week,LightGBM,Config_LLM,FPT,D00123,0,0
liquid100_mat5,any_relevance,2week,LightGBM,Config_LLM,FPT,D00124,1,0
liquid100_mat5,any_relevance,2week,LightGBM,Config_LLM,FPT,D00125,1,1
liquid100_mat5,any_relevance,2week,LightGBM,Config_LLM,FPT,D00126,0,1
liquid100_mat5,any_relevance,2week,LightGBM,Config_LLM,FPT,D00127,0,0
liquid100_mat5,any_relevance,2week,LightGBM,Config_LLM,FPT,D00128,0,0
liquid100_mat5,any_relevance,2week,LightGBM,Config_LLM,FPT,D00129,0,0
liquid100_mat5,any_relevance,2week,LightGBM,Config_LLM,FPT,D00130,1,0
liquid100_mat5,any_relevance,2week,LightGBM,Config_LLM,FPT,D00131,0,0
liquid100_mat5,any_relevance,2week,LightGBM,Config_LLM,FPT,D00132,0,1
liquid100_mat5,any_relevance,2week,LightGBM,Config_LLM,FPT,D00133,0,0
liquid100_mat5,any_relevance,2week,LightGBM,Config_LLM,FPT,D00134,0,1
liquid100_mat5,any_relevance,2week,LightGBM,Config_LLM,FPT,D00135,0,0
liquid100_mat5,any_relevance,2week,LightGBM,Config_LLM,FPT,D00136,0,0
liquid100_mat5,any_relevance,2week,LightGBM,Config_LLM,FPT,D00137,0,1
liquid100_mat5,any_relevance,2week,LightGBM,Config_LLM,FPT,D00138,0,1
liquid100_mat5,any_relevance,2week,LightGBM,Config_LLM,FPT,D00139,1,1
liquid100_mat5,any_relevance,2week,LightGBM,Config_LLM,FPT,D00140,0,1
liquid100_mat5,any_relevance,2week,LightGBM,Config_LLM,FPT,D00141,0,1
liquid100_mat5,any_relevance,2week,LightGBM,Config_LLM,FPT,D00142,0,0
liquid100_mat5,any_relevance,2week,LightGBM,Config_LLM,GAS,D00119,1,0
liquid100_mat5,any_relevance,2week,LightGBM,Config_LLM,GAS,D00120,0,0
liquid100_mat5,any_relevance,2week,LightGBM,Config_LLM,GAS,D00121,0,0
liquid100_mat5,any_relevance,2week,LightGBM,Config_LLM,GAS,D00122,0,0
liquid100_mat5,any_relevance,2week,LightGBM,Config_LLM,GAS,D00123,0,0
liquid100_mat5,any_relevance,2week,LightGBM,Config_LLM,GAS,D00124,0,0
liquid100_mat5,any_relevance,2week,LightGBM,Config_LLM,GAS,D00125,1,0
liquid100_mat5,any_relevance,2week,LightGBM,Config_LLM,GAS,D00126,0,0
liquid100_mat5,any_relevance,2week,LightGBM,Config_LLM,GAS,D00127,1,0
liquid100_mat5,any_relevance,2week,LightGBM,Config_LLM,GAS,D00128,0,0
liquid100_mat5,any_relevance,2week,LightGBM,Config_LLM,GAS,D00129,1,0
liquid100_mat5,any_relevance,2week,LightGBM,Config_LLM,GAS,D00130,1,0
liquid100_mat5,any_relevance,2week,LightGBM,Config_LLM,GAS,D00131,1,0
liquid100_mat5,any_relevance,2week,LightGBM,Config_LLM,GAS,D00132,0,0
liquid100_mat5,any_relevance,2week,LightGBM,Config_LLM,GAS,D00133,1,0
liquid100_mat5,any_relevance,2week,LightGBM,Config_LLM,GAS,D00134,0,0
liquid100_mat5,any_relevance,2week,LightGBM,Config_LLM,GAS,D00135,0,0
liquid100_mat5,any_relevance,2week,LightGBM,Config_LLM,GAS,D00136,0,0
liquid100_mat5,any_relevance,2week,LightGBM,Config_LLM,GAS,D00137,0,0
liquid100_mat5,any_relevance,2week,LightGBM,Config_LLM,GAS,D00138,0,0
liquid100_mat5,any_relevance,2week,LightGBM,Config_LLM,GAS,D00139,1,0
liquid100_mat5,any_relevance,2week,LightGBM,Config_LLM,GAS,D00140,0,0
liquid100_mat5,any_relevance,2week,LightGBM,Config_LLM,GAS,D00141,0,0
liquid100_mat5,any_relevance,2week,LightGBM,Config_LLM,GAS,D00142,0,0
liquid100_mat5,any_relevance,2week,LightGBM,Config_LLM,GEX,D00119,0,0
liquid100_mat5,any_relevance,2week,LightGBM,Config_LLM,GEX,D00120,0,0
liquid100_mat5,any_relevance,2week,LightGBM,Config_LLM,GEX,D00121,0,1
liquid100_mat5,any_relevance,2week,LightGBM,Config_LLM,GEX,D00122,0,0
liquid100_mat5,any_relevance,2week,LightGBM,Config_LLM,GEX,D00123,1,0
liquid100_mat5,any_relevance,2week,LightGBM,Config_LLM,GEX,D00124,0,0
liquid100_mat5,any_relevance,2week,LightGBM,Config_LLM,GEX,D00125,0,0
liquid100_mat5,any_relevance,2week,LightGBM,Config_LLM,GEX,D00126,1,0
liquid100_mat5,any_relevance,2week,LightGBM,Config_LLM,GEX,D00127,0,0
liquid100_mat5,any_relevance,2week,LightGBM,Config_LLM,GEX,D00128,0,0
liquid100_mat5,any_relevance,2week,LightGBM,Config_LLM,GEX,D00129,0,0
liquid100_mat5,any_relevance,2week,LightGBM,Config_LLM,GEX,D00130,0,0
liquid100_mat5,any_relevance,2week,LightGBM,Config_LLM,GEX,D00131,0,0
liquid100_mat5,any_relevance,2week,LightGBM,Config_LLM,GEX,D00132,0,0
liquid100_mat5,any_relevance,2week,LightGBM,Config_LLM,GEX,D00133,1,0
liquid100_mat5,any_relevance,2week,LightGBM,Config_LLM,GEX,D00134,0,0
liquid100_mat5,any_relevance,2week,LightGBM,Config_LLM,GEX,D00135,1,1
liquid100_mat5,any_relevance,2week,LightGBM,Config_LLM,GEX,D00136,1,0
liquid100_mat5,any_relevance,2week,LightGBM,Config_LLM,GEX,D00137,0,0
liquid100_mat5,any_relevance,2week,LightGBM,Config_LLM,GEX,D00138,1,0
liquid100_mat5,any_relevance,2week,LightGBM,Config_LLM,GEX,D00139,1,0
liquid100_mat5,any_relevance,2week,LightGBM,Config_LLM,GEX,D00140,0,0
liquid100_mat5,any_relevance,2week,LightGBM,Config_LLM,GEX,D00141,0,0
liquid100_mat5,any_relevance,2week,LightGBM,Config_LLM,GEX,D00142,0,0
liquid100_mat5,any_relevance,2week,LightGBM,Config_LLM,GMD,D00119,1,0
liquid100_mat5,any_relevance,2week,LightGBM,Config_LLM,GMD,D00120,1,0
liquid100_mat5,any_relevance,2week,LightGBM,Config_LLM,GMD,D00121,1,0
liquid100_mat5,any_relevance,2week,LightGBM,Config_LLM,GMD,D00122,0,0
liquid100_mat5,any_relevance,2week,LightGBM,Config_LLM,GMD,D00123,0,0
liquid100_mat5,any_relevance,2week,LightGBM,Config_LLM,GMD,D00124,0,1
liquid100_mat5,any_relevance,2week,LightGBM,Config_LLM,GMD,D00125,0,1
liquid100_mat5,any_relevance,2week,LightGBM,Config_LLM,GMD,D00126,0,0
liquid100_mat5,any_relevance,2week,LightGBM,Config_LLM,GMD,D00127,0,0
liquid100_mat5,any_relevance,2week,LightGBM,Config_LLM,GMD,D00128,0,0
liquid100_mat5,any_relevance,2week,LightGBM,Config_LLM,GMD,D00129,1,0
liquid100_mat5,any_relevance,2week,LightGBM,Config_LLM,GMD,D00130,1,1
liquid100_mat5,any_relevance,2week,LightGBM,Config_LLM,GMD,D00131,1,0
liquid100_mat5,any_relevance,2week,LightGBM,Config_LLM,GMD,D00132,1,0
liquid100_mat5,any_relevance,2week,LightGBM,Config_LLM,GMD,D00133,1,0
liquid100_mat5,any_relevance,2week,LightGBM,Config_LLM,GMD,D00134,0,0
liquid100_mat5,any_relevance,2week,LightGBM,Config_LLM,GMD,D00135,0,0
liquid100_mat5,any_relevance,2week,LightGBM,Config_LLM,GMD,D00136,0,0
liquid100_mat5,any_relevance,2week,LightGBM,Config_LLM,GMD,D00137,1,0
liquid100_mat5,any_relevance,2week,LightGBM,Config_LLM,GMD,D00138,1,0
liquid100_mat5,any_relevance,2week,LightGBM,Config_LLM,GMD,D00139,0,0
liquid100_mat5,any_relevance,2week,LightGBM,Config_LLM,GMD,D00140,0,1
liquid100_mat5,any_relevance,2week,LightGBM,Config_LLM,GMD,D00141,1,1
liquid100_mat5,any_relevance,2week,LightGBM,Config_LLM,GMD,D00142,0,0
liquid100_mat5,any_relevance,2week,LightGBM,Config_LLM,GVR,D00119,1,0
liquid100_mat5,any_relevance,2week,LightGBM,Config_LLM,GVR,D00120,0,0
liquid100_mat5,any_relevance,2week,LightGBM,Config_LLM,GVR,D00121,0,0
liquid100_mat5,any_relevance,2week,LightGBM,Config_LLM,GVR,D00122,0,0
liquid100_mat5,any_relevance,2week,LightGBM,Config_LLM,GVR,D00123,0,0
liquid100_mat5,any_relevance,2week,LightGBM,Config_LLM,GVR,D00124,0,0
liquid100_mat5,any_relevance,2week,LightGBM,Config_LLM,GVR,D00125,1,0
liquid100_mat5,any_relevance,2week,LightGBM,Config_LLM,GVR,D00126,0,0
liquid100_mat5,any_relevance,2week,LightGBM,Config_LLM,GVR,D00127,0,0
liquid100_mat5,any_relevance,2week,LightGBM,Config_LLM,GVR,D00128,0,0
liquid100_mat5,any_relevance,2week,LightGBM,Config_LLM,GVR,D00129,1,0
liquid100_mat5,any_relevance,2week,LightGBM,Config_LLM,GVR,D00130,1,0
liquid100_mat5,any_relevance,2week,LightGBM,Config_LLM,GVR,D00131,1,0
liquid100_mat5,any_relevance,2week,LightGBM,Config_LLM,GVR,D00132,0,0
liquid100_mat5,any_relevance,2week,LightGBM,Config_LLM,GVR,D00133,1,0
liquid100_mat5,any_relevance,2week,LightGBM,Config_LLM,GVR,D00134,0,0
liquid100_mat5,any_relevance,2week,LightGBM,Config_LLM,GVR,D00135,0,0
liquid100_mat5,any_relevance,2week,LightGBM,Config_LLM,GVR,D00136,1,0
liquid100_mat5,any_relevance,2week,LightGBM,Config_LLM,GVR,D00137,0,0
liquid100_mat5,any_relevance,2week,LightGBM,Config_LLM,GVR,D00138,1,0
liquid100_mat5,any_relevance,2week,LightGBM,Config_LLM,GVR,D00139,0,0
liquid100_mat5,any_relevance,2week,LightGBM,Config_LLM,GVR,D00140,0,0
liquid100_mat5,any_relevance,2week,LightGBM,Config_LLM,GVR,D00141,0,0
liquid100_mat5,any_relevance,2week,LightGBM,Config_LLM,GVR,D00142,0,1
liquid100_mat5,any_relevance,2week,LightGBM,Config_LLM,HCM,D00119,1,0
liquid100_mat5,any_relevance,2week,LightGBM,Config_LLM,HCM,D00120,0,1
liquid100_mat5,any_relevance,2week,LightGBM,Config_LLM,HCM,D00121,0,0
liquid100_mat5,any_relevance,2week,LightGBM,Config_LLM,HCM,D00122,0,0
liquid100_mat5,any_relevance,2week,LightGBM,Config_LLM,HCM,D00123,1,1
liquid100_mat5,any_relevance,2week,LightGBM,Config_LLM,HCM,D00124,0,0
liquid100_mat5,any_relevance,2week,LightGBM,Config_LLM,HCM,D00125,0,1
liquid100_mat5,any_relevance,2week,LightGBM,Config_LLM,HCM,D00126,0,0
liquid100_mat5,any_relevance,2week,LightGBM,Config_LLM,HCM,D00127,0,0
liquid100_mat5,any_relevance,2week,LightGBM,Config_LLM,HCM,D00128,0,0
liquid100_mat5,any_relevance,2week,LightGBM,Config_LLM,HCM,D00129,0,0
liquid100_mat5,any_relevance,2week,LightGBM,Config_LLM,HCM,D00130,1,0
liquid100_mat5,any_relevance,2week,LightGBM,Config_LLM,HCM,D00131,0,0
liquid100_mat5,any_relevance,2week,LightGBM,Config_LLM,HCM,D00132,0,0
liquid100_mat5,any_relevance,2week,LightGBM,Config_LLM,HCM,D00133,1,0
liquid100_mat5,any_relevance,2week,LightGBM,Config_LLM,HCM,D00134,0,0
liquid100_mat5,any_relevance,2week,LightGBM,Config_LLM,HCM,D00135,0,0
liquid100_mat5,any_relevance,2week,LightGBM,Config_LLM,HCM,D00136,1,0
liquid100_mat5,any_relevance,2week,LightGBM,Config_LLM,HCM,D00137,1,1
liquid100_mat5,any_relevance,2week,LightGBM,Config_LLM,HCM,D00138,1,0
liquid100_mat5,any_relevance,2week,LightGBM,Config_LLM,HCM,D00139,1,0
liquid100_mat5,any_relevance,2week,LightGBM,Config_LLM,HCM,D00140,0,0
liquid100_mat5,any_relevance,2week,LightGBM,Config_LLM,HCM,D00141,0,0
liquid100_mat5,any_relevance,2week,LightGBM,Config_LLM,HCM,D00142,0,0
liquid100_mat5,any_relevance,2week,LightGBM,Config_LLM,HDB,D00119,1,0
liquid100_mat5,any_relevance,2week,LightGBM,Config_LLM,HDB,D00120,1,0
liquid100_mat5,any_relevance,2week,LightGBM,Config_LLM,HDB,D00121,0,0
liquid100_mat5,any_relevance,2week,LightGBM,Config_LLM,HDB,D00122,0,0
liquid100_mat5,any_relevance,2week,LightGBM,Config_LLM,HDB,D00123,1,1
liquid100_mat5,any_relevance,2week,LightGBM,Config_LLM,HDB,D00124,0,0
liquid100_mat5,any_relevance,2week,LightGBM,Config_LLM,HDB,D00125,0,1
liquid100_mat5,any_relevance,2week,LightGBM,Config_LLM,HDB,D00126,1,0
liquid100_mat5,any_relevance,2week,LightGBM,Config_LLM,HDB,D00127,1,0
liquid100_mat5,any_relevance,2week,LightGBM,Config_LLM,HDB,D00128,1,0
liquid100_mat5,any_relevance,2week,LightGBM,Config_LLM,HDB,D00129,1,1
liquid100_mat5,any_relevance,2week,LightGBM,Config_LLM,HDB,D00130,0,0
liquid100_mat5,any_relevance,2week,LightGBM,Config_LLM,HDB,D00131,0,0
liquid100_mat5,any_relevance,2week,LightGBM,Config_LLM,HDB,D00132,0,0
liquid100_mat5,any_relevance,2week,LightGBM,Config_LLM,HDB,D00133,0,0
liquid100_mat5,any_relevance,2week,LightGBM,Config_LLM,HDB,D00134,0,0
liquid100_mat5,any_relevance,2week,LightGBM,Config_LLM,HDB,D00135,0,0
liquid100_mat5,any_relevance,2week,LightGBM,Config_LLM,HDB,D00136,1,0
liquid100_mat5,any_relevance,2week,LightGBM,Config_LLM,HDB,D00137,1,0
liquid100_mat5,any_relevance,2week,LightGBM,Config_LLM,HDB,D00138,0,0
liquid100_mat5,any_relevance,2week,LightGBM,Config_LLM,HDB,D00139,0,0
liquid100_mat5,any_relevance,2week,LightGBM,Config_LLM,HDB,D00140,0,1
liquid100_mat5,any_relevance,2week,LightGBM,Config_LLM,HDB,D00141,0,0
liquid100_mat5,any_relevance,2week,LightGBM,Config_LLM,HDB,D00142,0,0
liquid100_mat5,any_relevance,2week,LightGBM,Config_LLM,HPG,D00119,1,1
liquid100_mat5,any_relevance,2week,LightGBM,Config_LLM,HPG,D00120,0,0
liquid100_mat5,any_relevance,2week,LightGBM,Config_LLM,HPG,D00121,1,1
liquid100_mat5,any_relevance,2week,LightGBM,Config_LLM,HPG,D00122,0,1
liquid100_mat5,any_relevance,2week,LightGBM,Config_LLM,HPG,D00123,0,0
liquid100_mat5,any_relevance,2week,LightGBM,Config_LLM,HPG,D00124,0,1
liquid100_mat5,any_relevance,2week,LightGBM,Config_LLM,HPG,D00125,0,0
liquid100_mat5,any_relevance,2week,LightGBM,Config_LLM,HPG,D00126,1,0
liquid100_mat5,any_relevance,2week,LightGBM,Config_LLM,HPG,D00127,0,1
liquid100_mat5,any_relevance,2week,LightGBM,Config_LLM,HPG,D00128,0,0
liquid100_mat5,any_relevance,2week,LightGBM,Config_LLM,HPG,D00129,0,0
liquid100_mat5,any_relevance,2week,LightGBM,Config_LLM,HPG,D00130,1,1
liquid100_mat5,any_relevance,2week,LightGBM,Config_LLM,HPG,D00131,0,0
liquid100_mat5,any_relevance,2week,LightGBM,Config_LLM,HPG,D00132,0,1
liquid100_mat5,any_relevance,2week,LightGBM,Config_LLM,HPG,D00133,1,0
liquid100_mat5,any_relevance,2week,LightGBM,Config_LLM,HPG,D00134,0,0
liquid100_mat5,any_relevance,2week,LightGBM,Config_LLM,HPG,D00135,0,1
liquid100_mat5,any_relevance,2week,LightGBM,Config_LLM,HPG,D00136,1,1
liquid100_mat5,any_relevance,2week,LightGBM,Config_LLM,HPG,D00137,0,1
liquid100_mat5,any_relevance,2week,LightGBM,Config_LLM,HPG,D00138,0,0
liquid100_mat5,any_relevance,2week,LightGBM,Config_LLM,HPG,D00139,0,0
liquid100_mat5,any_relevance,2week,LightGBM,Config_LLM,HPG,D00140,0,0
liquid100_mat5,any_relevance,2week,LightGBM,Config_LLM,HPG,D00141,0,0
liquid100_mat5,any_relevance,2week,LightGBM,Config_LLM,HPG,D00142,0,1
liquid100_mat5,any_relevance,2week,LightGBM,Config_LLM,KDH,D00119,1,1
liquid100_mat5,any_relevance,2week,LightGBM,Config_LLM,KDH,D00120,0,0
liquid100_mat5,any_relevance,2week,LightGBM,Config_LLM,KDH,D00121,0,0
liquid100_mat5,any_relevance,2week,LightGBM,Config_LLM,KDH,D00122,0,1
liquid100_mat5,any_relevance,2week,LightGBM,Config_LLM,KDH,D00123,0,0
liquid100_mat5,any_relevance,2week,LightGBM,Config_LLM,KDH,D00124,0,0
liquid100_mat5,any_relevance,2week,LightGBM,Config_LLM,KDH,D00125,1,0
liquid100_mat5,any_relevance,2week,LightGBM,Config_LLM,KDH,D00126,1,0
liquid100_mat5,any_relevance,2week,LightGBM,Config_LLM,KDH,D00127,0,0
liquid100_mat5,any_relevance,2week,LightGBM,Config_LLM,KDH,D00128,0,0
liquid100_mat5,any_relevance,2week,LightGBM,Config_LLM,KDH,D00129,0,0
liquid100_mat5,any_relevance,2week,LightGBM,Config_LLM,KDH,D00130,0,0
liquid100_mat5,any_relevance,2week,LightGBM,Config_LLM,KDH,D00131,0,0
liquid100_mat5,any_relevance,2week,LightGBM,Config_LLM,KDH,D00132,0,0
liquid100_mat5,any_relevance,2week,LightGBM,Config_LLM,KDH,D00133,0,0
liquid100_mat5,any_relevance,2week,LightGBM,Config_LLM,KDH,D00134,0,0
liquid100_mat5,any_relevance,2week,LightGBM,Config_LLM,KDH,D00135,0,0
liquid100_mat5,any_relevance,2week,LightGBM,Config_LLM,KDH,D00136,0,0
liquid100_mat5,any_relevance,2week,LightGBM,Config_LLM,KDH,D00137,0,0
liquid100_mat5,any_relevance,2week,LightGBM,Config_LLM,KDH,D00138,0,0
liquid100_mat5,any_relevance,2week,LightGBM,Config_LLM,KDH,D00139,0,0
liquid100_mat5,any_relevance,2week,LightGBM,Config_LLM,KDH,D00140,0,0
liquid100_mat5,any_relevance,2week,LightGBM,Config_LLM,KDH,D00141,0,0
liquid100_mat5,any_relevance,2week,LightGBM,Config_LLM,KDH,D00142,0,0
liquid100_mat5,any_relevance,2week,LightGBM,Config_LLM,MBB,D00119,1,1
liquid100_mat5,any_relevance,2week,LightGBM,Config_LLM,MBB,D00120,1,0
liquid100_mat5,any_relevance,2week,LightGBM,Config_LLM,MBB,D00121,0,0
liquid100_mat5,any_relevance,2week,LightGBM,Config_LLM,MBB,D00122,0,0
liquid100_mat5,any_relevance,2week,LightGBM,Config_LLM,MBB,D00123,1,0
liquid100_mat5,any_relevance,2week,LightGBM,Config_LLM,MBB,D00124,0,1
liquid100_mat5,any_relevance,2week,LightGBM,Config_LLM,MBB,D00125,0,0
liquid100_mat5,any_relevance,2week,LightGBM,Config_LLM,MBB,D00126,0,0
liquid100_mat5,any_relevance,2week,LightGBM,Config_LLM,MBB,D00127,1,0
liquid100_mat5,any_relevance,2week,LightGBM,Config_LLM,MBB,D00128,0,0
liquid100_mat5,any_relevance,2week,LightGBM,Config_LLM,MBB,D00129,1,1
liquid100_mat5,any_relevance,2week,LightGBM,Config_LLM,MBB,D00130,1,0
liquid100_mat5,any_relevance,2week,LightGBM,Config_LLM,MBB,D00131,0,0
liquid100_mat5,any_relevance,2week,LightGBM,Config_LLM,MBB,D00132,1,0
liquid100_mat5,any_relevance,2week,LightGBM,Config_LLM,MBB,D00133,0,0
liquid100_mat5,any_relevance,2week,LightGBM,Config_LLM,MBB,D00134,0,0
liquid100_mat5,any_relevance,2week,LightGBM,Config_LLM,MBB,D00135,0,0
liquid100_mat5,any_relevance,2week,LightGBM,Config_LLM,MBB,D00136,0,0
liquid100_mat5,any_relevance,2week,LightGBM,Config_LLM,MBB,D00137,0,1
liquid100_mat5,any_relevance,2week,LightGBM,Config_LLM,MBB,D00138,0,0
liquid100_mat5,any_relevance,2week,LightGBM,Config_LLM,MBB,D00139,0,0
liquid100_mat5,any_relevance,2week,LightGBM,Config_LLM,MBB,D00140,0,1
liquid100_mat5,any_relevance,2week,LightGBM,Config_LLM,MBB,D00141,0,1
liquid100_mat5,any_relevance,2week,LightGBM,Config_LLM,MBB,D00142,0,0
liquid100_mat5,any_relevance,2week,LightGBM,Config_LLM,MSB,D00119,1,0
liquid100_mat5,any_relevance,2week,LightGBM,Config_LLM,MSB,D00120,1,1
liquid100_mat5,any_relevance,2week,LightGBM,Config_LLM,MSB,D00121,0,1
liquid100_mat5,any_relevance,2week,LightGBM,Config_LLM,MSB,D00122,0,0
liquid100_mat5,any_relevance,2week,LightGBM,Config_LLM,MSB,D00123,0,1
liquid100_mat5,any_relevance,2week,LightGBM,Config_LLM,MSB,D00124,0,1
liquid100_mat5,any_relevance,2week,LightGBM,Config_LLM,MSB,D00125,0,0
liquid100_mat5,any_relevance,2week,LightGBM,Config_LLM,MSB,D00126,0,0
liquid100_mat5,any_relevance,2week,LightGBM,Config_LLM,MSB,D00127,1,0
liquid100_mat5,any_relevance,2week,LightGBM,Config_LLM,MSB,D00128,0,0
liquid100_mat5,any_relevance,2week,LightGBM,Config_LLM,MSB,D00129,0,0
liquid100_mat5,any_relevance,2week,LightGBM,Config_LLM,MSB,D00130,0,0
liquid100_mat5,any_relevance,2week,LightGBM,Config_LLM,MSB,D00131,0,0
liquid100_mat5,any_relevance,2week,LightGBM,Config_LLM,MSB,D00132,0,1
liquid100_mat5,any_relevance,2week,LightGBM,Config_LLM,MSB,D00133,0,0
liquid100_mat5,any_relevance,2week,LightGBM,Config_LLM,MSB,D00134,0,0
liquid100_mat5,any_relevance,2week,LightGBM,Config_LLM,MSB,D00135,0,0
liquid100_mat5,any_relevance,2week,LightGBM,Config_LLM,MSB,D00136,1,0
liquid100_mat5,any_relevance,2week,LightGBM,Config_LLM,MSB,D00137,1,0
liquid100_mat5,any_relevance,2week,LightGBM,Config_LLM,MSB,D00138,1,0
liquid100_mat5,any_relevance,2week,LightGBM,Config_LLM,MSB,D00139,1,0
liquid100_mat5,any_relevance,2week,LightGBM,Config_LLM,MSB,D00140,0,0
liquid100_mat5,any_relevance,2week,LightGBM,Config_LLM,MSB,D00141,1,0
liquid100_mat5,any_relevance,2week,LightGBM,Config_LLM,MSB,D00142,1,0
liquid100_mat5,any_relevance,2week,LightGBM,Config_LLM,MSN,D00119,1,0
liquid100_mat5,any_relevance,2week,LightGBM,Config_LLM,MSN,D00120,0,0
liquid100_mat5,any_relevance,2week,LightGBM,Config_LLM,MSN,D00121,0,0
liquid100_mat5,any_relevance,2week,LightGBM,Config_LLM,MSN,D00122,0,0
liquid100_mat5,any_relevance,2week,LightGBM,Config_LLM,MSN,D00123,0,0
liquid100_mat5,any_relevance,2week,LightGBM,Config_LLM,MSN,D00124,0,0
liquid100_mat5,any_relevance,2week,LightGBM,Config_LLM,MSN,D00125,0,0
liquid100_mat5,any_relevance,2week,LightGBM,Config_LLM,MSN,D00126,0,0
liquid100_mat5,any_relevance,2week,LightGBM,Config_LLM,MSN,D00127,0,0
liquid100_mat5,any_relevance,2week,LightGBM,Config_LLM,MSN,D00128,0,0
liquid100_mat5,any_relevance,2week,LightGBM,Config_LLM,MSN,D00129,1,0
liquid100_mat5,any_relevance,2week,LightGBM,Config_LLM,MSN,D00130,1,0
liquid100_mat5,any_relevance,2week,LightGBM,Config_LLM,MSN,D00131,0,0
liquid100_mat5,any_relevance,2week,LightGBM,Config_LLM,MSN,D00132,0,0
liquid100_mat5,any_relevance,2week,LightGBM,Config_LLM,MSN,D00133,0,0
liquid100_mat5,any_relevance,2week,LightGBM,Config_LLM,MSN,D00134,0,0
liquid100_mat5,any_relevance,2week,LightGBM,Config_LLM,MSN,D00135,0,0
liquid100_mat5,any_relevance,2week,LightGBM,Config_LLM,MSN,D00136,1,0
liquid100_mat5,any_relevance,2week,LightGBM,Config_LLM,MSN,D00137,0,0
liquid100_mat5,any_relevance,2week,LightGBM,Config_LLM,MSN,D00138,0,0
liquid100_mat5,any_relevance,2week,LightGBM,Config_LLM,MSN,D00139,0,0
liquid100_mat5,any_relevance,2week,LightGBM,Config_LLM,MSN,D00140,0,0
liquid100_mat5,any_relevance,2week,LightGBM,Config_LLM,MSN,D00141,0,1
liquid100_mat5,any_relevance,2week,LightGBM,Config_LLM,MSN,D00142,0,0
liquid100_mat5,any_relevance,2week,LightGBM,Config_LLM,NVL,D00119,1,0
liquid100_mat5,any_relevance,2week,LightGBM,Config_LLM,NVL,D00120,0,0
liquid100_mat5,any_relevance,2week,LightGBM,Config_LLM,NVL,D00121,0,0
liquid100_mat5,any_relevance,2week,LightGBM,Config_LLM,NVL,D00122,0,0
liquid100_mat5,any_relevance,2week,LightGBM,Config_LLM,NVL,D00123,0,0
liquid100_mat5,any_relevance,2week,LightGBM,Config_LLM,NVL,D00124,0,0
liquid100_mat5,any_relevance,2week,LightGBM,Config_LLM,NVL,D00125,0,1
liquid100_mat5,any_relevance,2week,LightGBM,Config_LLM,NVL,D00126,1,1
liquid100_mat5,any_relevance,2week,LightGBM,Config_LLM,NVL,D00127,0,0
liquid100_mat5,any_relevance,2week,LightGBM,Config_LLM,NVL,D00128,0,0
liquid100_mat5,any_relevance,2week,LightGBM,Config_LLM,NVL,D00129,0,0
liquid100_mat5,any_relevance,2week,LightGBM,Config_LLM,NVL,D00130,0,0
liquid100_mat5,any_relevance,2week,LightGBM,Config_LLM,NVL,D00131,0,0
liquid100_mat5,any_relevance,2week,LightGBM,Config_LLM,NVL,D00132,0,1
liquid100_mat5,any_relevance,2week,LightGBM,Config_LLM,NVL,D00133,0,0
liquid100_mat5,any_relevance,2week,LightGBM,Config_LLM,NVL,D00134,0,0
liquid100_mat5,any_relevance,2week,LightGBM,Config_LLM,NVL,D00135,1,0
liquid100_mat5,any_relevance,2week,LightGBM,Config_LLM,NVL,D00136,1,0
liquid100_mat5,any_relevance,2week,LightGBM,Config_LLM,NVL,D00137,1,0
liquid100_mat5,any_relevance,2week,LightGBM,Config_LLM,NVL,D00138,0,0
liquid100_mat5,any_relevance,2week,LightGBM,Config_LLM,NVL,D00139,0,0
liquid100_mat5,any_relevance,2week,LightGBM,Config_LLM,NVL,D00140,0,0
liquid100_mat5,any_relevance,2week,LightGBM,Config_LLM,NVL,D00141,0,1
liquid100_mat5,any_relevance,2week,LightGBM,Config_LLM,NVL,D00142,0,0
liquid100_mat5,any_relevance,2week,LightGBM,Config_LLM,PDR,D00119,1,1
liquid100_mat5,any_relevance,2week,LightGBM,Config_LLM,PDR,D00120,1,0
liquid100_mat5,any_relevance,2week,LightGBM,Config_LLM,PDR,D00121,0,0
liquid100_mat5,any_relevance,2week,LightGBM,Config_LLM,PDR,D00122,0,0
liquid100_mat5,any_relevance,2week,LightGBM,Config_LLM,PDR,D00123,0,0
liquid100_mat5,any_relevance,2week,LightGBM,Config_LLM,PDR,D00124,0,1
liquid100_mat5,any_relevance,2week,LightGBM,Config_LLM,PDR,D00125,0,0
liquid100_mat5,any_relevance,2week,LightGBM,Config_LLM,PDR,D00126,1,0
liquid100_mat5,any_relevance,2week,LightGBM,Config_LLM,PDR,D00127,0,0
liquid100_mat5,any_relevance,2week,LightGBM,Config_LLM,PDR,D00128,0,0
liquid100_mat5,any_relevance,2week,LightGBM,Config_LLM,PDR,D00129,0,1
liquid100_mat5,any_relevance,2week,LightGBM,Config_LLM,PDR,D00130,0,0
liquid100_mat5,any_relevance,2week,LightGBM,Config_LLM,PDR,D00131,0,0
liquid100_mat5,any_relevance,2week,LightGBM,Config_LLM,PDR,D00132,0,0
liquid100_mat5,any_relevance,2week,LightGBM,Config_LLM,PDR,D00133,0,0
liquid100_mat5,any_relevance,2week,LightGBM,Config_LLM,PDR,D00134,0,0
liquid100_mat5,any_relevance,2week,LightGBM,Config_LLM,PDR,D00135,1,0
liquid100_mat5,any_relevance,2week,LightGBM,Config_LLM,PDR,D00136,1,1
liquid100_mat5,any_relevance,2week,LightGBM,Config_LLM,PDR,D00137,0,0
liquid100_mat5,any_relevance,2week,LightGBM,Config_LLM,PDR,D00138,0,0
liquid100_mat5,any_relevance,2week,LightGBM,Config_LLM,PDR,D00139,0,0
liquid100_mat5,any_relevance,2week,LightGBM,Config_LLM,PDR,D00140,0,0
liquid100_mat5,any_relevance,2week,LightGBM,Config_LLM,PDR,D00141,0,0
liquid100_mat5,any_relevance,2week,LightGBM,Config_LLM,PDR,D00142,0,0
liquid100_mat5,any_relevance,2week,LightGBM,Config_LLM,PLX,D00119,1,0
liquid100_mat5,any_relevance,2week,LightGBM,Config_LLM,PLX,D00120,0,0
liquid100_mat5,any_relevance,2week,LightGBM,Config_LLM,PLX,D00121,0,0
liquid100_mat5,any_relevance,2week,LightGBM,Config_LLM,PLX,D00122,0,0
liquid100_mat5,any_relevance,2week,LightGBM,Config_LLM,PLX,D00123,0,0
liquid100_mat5,any_relevance,2week,LightGBM,Config_LLM,PLX,D00124,0,0
liquid100_mat5,any_relevance,2week,LightGBM,Config_LLM,PLX,D00125,0,0
liquid100_mat5,any_relevance,2week,LightGBM,Config_LLM,PLX,D00126,0,0
liquid100_mat5,any_relevance,2week,LightGBM,Config_LLM,PLX,D00127,0,0
liquid100_mat5,any_relevance,2week,LightGBM,Config_LLM,PLX,D00128,0,0
liquid100_mat5,any_relevance,2week,LightGBM,Config_LLM,PLX,D00129,1,0
liquid100_mat5,any_relevance,2week,LightGBM,Config_LLM,PLX,D00130,1,0
liquid100_mat5,any_relevance,2week,LightGBM,Config_LLM,PLX,D00131,1,0
liquid100_mat5,any_relevance,2week,LightGBM,Config_LLM,PLX,D00132,0,0
liquid100_mat5,any_relevance,2week,LightGBM,Config_LLM,PLX,D00133,1,0
liquid100_mat5,any_relevance,2week,LightGBM,Config_LLM,PLX,D00134,0,0
liquid100_mat5,any_relevance,2week,LightGBM,Config_LLM,PLX,D00135,0,0
liquid100_mat5,any_relevance,2week,LightGBM,Config_LLM,PLX,D00136,0,0
liquid100_mat5,any_relevance,2week,LightGBM,Config_LLM,PLX,D00137,0,1
liquid100_mat5,any_relevance,2week,LightGBM,Config_LLM,PLX,D00138,0,1
liquid100_mat5,any_relevance,2week,LightGBM,Config_LLM,PLX,D00139,1,0
liquid100_mat5,any_relevance,2week,LightGBM,Config_LLM,PLX,D00140,0,0
liquid100_mat5,any_relevance,2week,LightGBM,Config_LLM,PLX,D00141,0,0
liquid100_mat5,any_relevance,2week,LightGBM,Config_LLM,PLX,D00142,0,0
liquid100_mat5,any_relevance,2week,LightGBM,Config_LLM,PNJ,D00119,0,0
liquid100_mat5,any_relevance,2week,LightGBM,Config_LLM,PNJ,D00120,0,0
liquid100_mat5,any_relevance,2week,LightGBM,Config_LLM,PNJ,D00121,0,0
liquid100_mat5,any_relevance,2week,LightGBM,Config_LLM,PNJ,D00122,0,1
liquid100_mat5,any_relevance,2week,LightGBM,Config_LLM,PNJ,D00123,0,0
liquid100_mat5,any_relevance,2week,LightGBM,Config_LLM,PNJ,D00124,1,0
liquid100_mat5,any_relevance,2week,LightGBM,Config_LLM,PNJ,D00125,0,0
liquid100_mat5,any_relevance,2week,LightGBM,Config_LLM,PNJ,D00126,0,0
liquid100_mat5,any_relevance,2week,LightGBM,Config_LLM,PNJ,D00127,0,0
liquid100_mat5,any_relevance,2week,LightGBM,Config_LLM,PNJ,D00128,1,0
liquid100_mat5,any_relevance,2week,LightGBM,Config_LLM,PNJ,D00129,1,0
liquid100_mat5,any_relevance,2week,LightGBM,Config_LLM,PNJ,D00130,1,0
liquid100_mat5,any_relevance,2week,LightGBM,Config_LLM,PNJ,D00131,1,1
liquid100_mat5,any_relevance,2week,LightGBM,Config_LLM,PNJ,D00132,0,1
liquid100_mat5,any_relevance,2week,LightGBM,Config_LLM,PNJ,D00133,1,0
liquid100_mat5,any_relevance,2week,LightGBM,Config_LLM,PNJ,D00134,0,0
liquid100_mat5,any_relevance,2week,LightGBM,Config_LLM,PNJ,D00135,0,0
liquid100_mat5,any_relevance,2week,LightGBM,Config_LLM,PNJ,D00136,0,0
liquid100_mat5,any_relevance,2week,LightGBM,Config_LLM,PNJ,D00137,0,1
liquid100_mat5,any_relevance,2week,LightGBM,Config_LLM,PNJ,D00138,0,0
liquid100_mat5,any_relevance,2week,LightGBM,Config_LLM,PNJ,D00139,0,0
liquid100_mat5,any_relevance,2week,LightGBM,Config_LLM,PNJ,D00140,0,1
liquid100_mat5,any_relevance,2week,LightGBM,Config_LLM,PNJ,D00141,0,0
liquid100_mat5,any_relevance,2week,LightGBM,Config_LLM,PNJ,D00142,0,0
liquid100_mat5,any_relevance,2week,LightGBM,Config_LLM,POW,D00119,1,0
liquid100_mat5,any_relevance,2week,LightGBM,Config_LLM,POW,D00120,1,0
liquid100_mat5,any_relevance,2week,LightGBM,Config_LLM,POW,D00121,0,0
liquid100_mat5,any_relevance,2week,LightGBM,Config_LLM,POW,D00122,0,0
liquid100_mat5,any_relevance,2week,LightGBM,Config_LLM,POW,D00123,0,0
liquid100_mat5,any_relevance,2week,LightGBM,Config_LLM,POW,D00124,0,1
liquid100_mat5,any_relevance,2week,LightGBM,Config_LLM,POW,D00125,1,0
liquid100_mat5,any_relevance,2week,LightGBM,Config_LLM,POW,D00126,1,0
liquid100_mat5,any_relevance,2week,LightGBM,Config_LLM,POW,D00127,0,1
liquid100_mat5,any_relevance,2week,LightGBM,Config_LLM,POW,D00128,0,1
liquid100_mat5,any_relevance,2week,LightGBM,Config_LLM,POW,D00129,1,1
liquid100_mat5,any_relevance,2week,LightGBM,Config_LLM,POW,D00130,1,0
liquid100_mat5,any_relevance,2week,LightGBM,Config_LLM,POW,D00131,0,0
liquid100_mat5,any_relevance,2week,LightGBM,Config_LLM,POW,D00132,0,0
liquid100_mat5,any_relevance,2week,LightGBM,Config_LLM,POW,D00133,1,0
liquid100_mat5,any_relevance,2week,LightGBM,Config_LLM,POW,D00134,0,0
liquid100_mat5,any_relevance,2week,LightGBM,Config_LLM,POW,D00135,0,0
liquid100_mat5,any_relevance,2week,LightGBM,Config_LLM,POW,D00136,0,0
liquid100_mat5,any_relevance,2week,LightGBM,Config_LLM,POW,D00137,0,0
liquid100_mat5,any_relevance,2week,LightGBM,Config_LLM,POW,D00138,1,0
liquid100_mat5,any_relevance,2week,LightGBM,Config_LLM,POW,D00139,0,0
liquid100_mat5,any_relevance,2week,LightGBM,Config_LLM,POW,D00140,0,0
liquid100_mat5,any_relevance,2week,LightGBM,Config_LLM,POW,D00141,1,0
liquid100_mat5,any_relevance,2week,LightGBM,Config_LLM,POW,D00142,1,0
liquid100_mat5,any_relevance,2week,LightGBM,Config_LLM,PVT,D00119,1,0
liquid100_mat5,any_relevance,2week,LightGBM,Config_LLM,PVT,D00120,0,0
liquid100_mat5,any_relevance,2week,LightGBM,Config_LLM,PVT,D00121,0,0
liquid100_mat5,any_relevance,2week,LightGBM,Config_LLM,PVT,D00122,0,0
liquid100_mat5,any_relevance,2week,LightGBM,Config_LLM,PVT,D00123,0,1
liquid100_mat5,any_relevance,2week,LightGBM,Config_LLM,PVT,D00124,0,1
liquid100_mat5,any_relevance,2week,LightGBM,Config_LLM,PVT,D00125,1,0
liquid100_mat5,any_relevance,2week,LightGBM,Config_LLM,PVT,D00126,1,0
liquid100_mat5,any_relevance,2week,LightGBM,Config_LLM,PVT,D00127,0,0
liquid100_mat5,any_relevance,2week,LightGBM,Config_LLM,PVT,D00128,0,0
liquid100_mat5,any_relevance,2week,LightGBM,Config_LLM,PVT,D00129,1,0
liquid100_mat5,any_relevance,2week,LightGBM,Config_LLM,PVT,D00130,1,0
liquid100_mat5,any_relevance,2week,LightGBM,Config_LLM,PVT,D00131,1,0
liquid100_mat5,any_relevance,2week,LightGBM,Config_LLM,PVT,D00132,0,0
liquid100_mat5,any_relevance,2week,LightGBM,Config_LLM,PVT,D00133,1,0
liquid100_mat5,any_relevance,2week,LightGBM,Config_LLM,PVT,D00134,1,0
liquid100_mat5,any_relevance,2week,LightGBM,Config_LLM,PVT,D00135,0,0
liquid100_mat5,any_relevance,2week,LightGBM,Config_LLM,PVT,D00136,0,0
liquid100_mat5,any_relevance,2week,LightGBM,Config_LLM,PVT,D00137,1,0
liquid100_mat5,any_relevance,2week,LightGBM,Config_LLM,PVT,D00138,1,0
liquid100_mat5,any_relevance,2week,LightGBM,Config_LLM,PVT,D00139,0,1
liquid100_mat5,any_relevance,2week,LightGBM,Config_LLM,PVT,D00140,0,0
liquid100_mat5,any_relevance,2week,LightGBM,Config_LLM,PVT,D00141,0,1
liquid100_mat5,any_relevance,2week,LightGBM,Config_LLM,PVT,D00142,0,0
liquid100_mat5,any_relevance,2week,LightGBM,Config_LLM,SHB,D00119,1,0
liquid100_mat5,any_relevance,2week,LightGBM,Config_LLM,SHB,D00120,0,0
liquid100_mat5,any_relevance,2week,LightGBM,Config_LLM,SHB,D00121,0,0
liquid100_mat5,any_relevance,2week,LightGBM,Config_LLM,SHB,D00122,0,0
liquid100_mat5,any_relevance,2week,LightGBM,Config_LLM,SHB,D00123,1,0
liquid100_mat5,any_relevance,2week,LightGBM,Config_LLM,SHB,D00124,0,0
liquid100_mat5,any_relevance,2week,LightGBM,Config_LLM,SHB,D00125,0,0
liquid100_mat5,any_relevance,2week,LightGBM,Config_LLM,SHB,D00126,1,0
liquid100_mat5,any_relevance,2week,LightGBM,Config_LLM,SHB,D00127,0,0
liquid100_mat5,any_relevance,2week,LightGBM,Config_LLM,SHB,D00128,0,0
liquid100_mat5,any_relevance,2week,LightGBM,Config_LLM,SHB,D00129,0,0
liquid100_mat5,any_relevance,2week,LightGBM,Config_LLM,SHB,D00130,0,0
liquid100_mat5,any_relevance,2week,LightGBM,Config_LLM,SHB,D00131,0,0
liquid100_mat5,any_relevance,2week,LightGBM,Config_LLM,SHB,D00132,0,0
liquid100_mat5,any_relevance,2week,LightGBM,Config_LLM,SHB,D00133,1,0
liquid100_mat5,any_relevance,2week,LightGBM,Config_LLM,SHB,D00134,0,0
liquid100_mat5,any_relevance,2week,LightGBM,Config_LLM,SHB,D00135,0,0
liquid100_mat5,any_relevance,2week,LightGBM,Config_LLM,SHB,D00136,1,0
liquid100_mat5,any_relevance,2week,LightGBM,Config_LLM,SHB,D00137,0,0
liquid100_mat5,any_relevance,2week,LightGBM,Config_LLM,SHB,D00138,0,1
liquid100_mat5,any_relevance,2week,LightGBM,Config_LLM,SHB,D00139,0,0
liquid100_mat5,any_relevance,2week,LightGBM,Config_LLM,SHB,D00140,0,0
liquid100_mat5,any_relevance,2week,LightGBM,Config_LLM,SHB,D00141,0,1
liquid100_mat5,any_relevance,2week,LightGBM,Config_LLM,SHB,D00142,0,0
liquid100_mat5,any_relevance,2week,LightGBM,Config_LLM,SSI,D00119,1,0
liquid100_mat5,any_relevance,2week,LightGBM,Config_LLM,SSI,D00120,1,0
liquid100_mat5,any_relevance,2week,LightGBM,Config_LLM,SSI,D00121,1,0
liquid100_mat5,any_relevance,2week,LightGBM,Config_LLM,SSI,D00122,0,0
liquid100_mat5,any_relevance,2week,LightGBM,Config_LLM,SSI,D00123,1,1
liquid100_mat5,any_relevance,2week,LightGBM,Config_LLM,SSI,D00124,0,1
liquid100_mat5,any_relevance,2week,LightGBM,Config_LLM,SSI,D00125,0,0
liquid100_mat5,any_relevance,2week,LightGBM,Config_LLM,SSI,D00126,0,0
liquid100_mat5,any_relevance,2week,LightGBM,Config_LLM,SSI,D00127,0,1
liquid100_mat5,any_relevance,2week,LightGBM,Config_LLM,SSI,D00128,1,0
liquid100_mat5,any_relevance,2week,LightGBM,Config_LLM,SSI,D00129,0,0
liquid100_mat5,any_relevance,2week,LightGBM,Config_LLM,SSI,D00130,1,0
liquid100_mat5,any_relevance,2week,LightGBM,Config_LLM,SSI,D00131,0,1
liquid100_mat5,any_relevance,2week,LightGBM,Config_LLM,SSI,D00132,0,0
liquid100_mat5,any_relevance,2week,LightGBM,Config_LLM,SSI,D00133,1,1
liquid100_mat5,any_relevance,2week,LightGBM,Config_LLM,SSI,D00134,0,0
liquid100_mat5,any_relevance,2week,LightGBM,Config_LLM,SSI,D00135,0,0
liquid100_mat5,any_relevance,2week,LightGBM,Config_LLM,SSI,D00136,1,0
liquid100_mat5,any_relevance,2week,LightGBM,Config_LLM,SSI,D00137,0,0
liquid100_mat5,any_relevance,2week,LightGBM,Config_LLM,SSI,D00138,0,0
liquid100_mat5,any_relevance,2week,LightGBM,Config_LLM,SSI,D00139,0,1
liquid100_mat5,any_relevance,2week,LightGBM,Config_LLM,SSI,D00140,0,1
liquid100_mat5,any_relevance,2week,LightGBM,Config_LLM,SSI,D00141,0,0
liquid100_mat5,any_relevance,2week,LightGBM,Config_LLM,SSI,D00142,0,0
liquid100_mat5,any_relevance,2week,LightGBM,Config_LLM,STB,D00119,1,0
liquid100_mat5,any_relevance,2week,LightGBM,Config_LLM,STB,D00120,0,0
liquid100_mat5,any_relevance,2week,LightGBM,Config_LLM,STB,D00121,0,0
liquid100_mat5,any_relevance,2week,LightGBM,Config_LLM,STB,D00122,1,0
liquid100_mat5,any_relevance,2week,LightGBM,Config_LLM,STB,D00123,1,0
liquid100_mat5,any_relevance,2week,LightGBM,Config_LLM,STB,D00124,0,0
liquid100_mat5,any_relevance,2week,LightGBM,Config_LLM,STB,D00125,0,0
liquid100_mat5,any_relevance,2week,LightGBM,Config_LLM,STB,D00126,0,0
liquid100_mat5,any_relevance,2week,LightGBM,Config_LLM,STB,D00127,0,0
liquid100_mat5,any_relevance,2week,LightGBM,Config_LLM,STB,D00128,1,0
liquid100_mat5,any_relevance,2week,LightGBM,Config_LLM,STB,D00129,1,0
liquid100_mat5,any_relevance,2week,LightGBM,Config_LLM,STB,D00130,0,0
liquid100_mat5,any_relevance,2week,LightGBM,Config_LLM,STB,D00131,1,0
liquid100_mat5,any_relevance,2week,LightGBM,Config_LLM,STB,D00132,0,0
liquid100_mat5,any_relevance,2week,LightGBM,Config_LLM,STB,D00133,1,0
liquid100_mat5,any_relevance,2week,LightGBM,Config_LLM,STB,D00134,0,0
liquid100_mat5,any_relevance,2week,LightGBM,Config_LLM,STB,D00135,0,0
liquid100_mat5,any_relevance,2week,LightGBM,Config_LLM,STB,D00136,1,1
liquid100_mat5,any_relevance,2week,LightGBM,Config_LLM,STB,D00137,1,0
liquid100_mat5,any_relevance,2week,LightGBM,Config_LLM,STB,D00138,1,0
liquid100_mat5,any_relevance,2week,LightGBM,Config_LLM,STB,D00139,0,1
liquid100_mat5,any_relevance,2week,LightGBM,Config_LLM,STB,D00140,0,0
liquid100_mat5,any_relevance,2week,LightGBM,Config_LLM,STB,D00141,1,0
liquid100_mat5,any_relevance,2week,LightGBM,Config_LLM,STB,D00142,1,0
liquid100_mat5,any_relevance,2week,LightGBM,Config_LLM,TCB,D00119,1,1
liquid100_mat5,any_relevance,2week,LightGBM,Config_LLM,TCB,D00120,0,0
liquid100_mat5,any_relevance,2week,LightGBM,Config_LLM,TCB,D00121,0,0
liquid100_mat5,any_relevance,2week,LightGBM,Config_LLM,TCB,D00122,0,0
liquid100_mat5,any_relevance,2week,LightGBM,Config_LLM,TCB,D00123,1,0
liquid100_mat5,any_relevance,2week,LightGBM,Config_LLM,TCB,D00124,0,0
liquid100_mat5,any_relevance,2week,LightGBM,Config_LLM,TCB,D00125,0,0
liquid100_mat5,any_relevance,2week,LightGBM,Config_LLM,TCB,D00126,0,0
liquid100_mat5,any_relevance,2week,LightGBM,Config_LLM,TCB,D00127,0,0
liquid100_mat5,any_relevance,2week,LightGBM,Config_LLM,TCB,D00128,0,0
liquid100_mat5,any_relevance,2week,LightGBM,Config_LLM,TCB,D00129,1,0
liquid100_mat5,any_relevance,2week,LightGBM,Config_LLM,TCB,D00130,1,0
liquid100_mat5,any_relevance,2week,LightGBM,Config_LLM,TCB,D00131,0,0
liquid100_mat5,any_relevance,2week,LightGBM,Config_LLM,TCB,D00132,0,0
liquid100_mat5,any_relevance,2week,LightGBM,Config_LLM,TCB,D00133,0,0
liquid100_mat5,any_relevance,2week,LightGBM,Config_LLM,TCB,D00134,0,0
liquid100_mat5,any_relevance,2week,LightGBM,Config_LLM,TCB,D00135,0,0
liquid100_mat5,any_relevance,2week,LightGBM,Config_LLM,TCB,D00136,1,0
liquid100_mat5,any_relevance,2week,LightGBM,Config_LLM,TCB,D00137,1,0
liquid100_mat5,any_relevance,2week,LightGBM,Config_LLM,TCB,D00138,0,0
liquid100_mat5,any_relevance,2week,LightGBM,Config_LLM,TCB,D00139,0,0
liquid100_mat5,any_relevance,2week,LightGBM,Config_LLM,TCB,D00140,0,0
liquid100_mat5,any_relevance,2week,LightGBM,Config_LLM,TCB,D00141,0,0
liquid100_mat5,any_relevance,2week,LightGBM,Config_LLM,TCB,D00142,1,0
liquid100_mat5,any_relevance,2week,LightGBM,Config_LLM,TPB,D00119,1,0
liquid100_mat5,any_relevance,2week,LightGBM,Config_LLM,TPB,D00120,1,1
liquid100_mat5,any_relevance,2week,LightGBM,Config_LLM,TPB,D00121,0,0
liquid100_mat5,any_relevance,2week,LightGBM,Config_LLM,TPB,D00122,0,0
liquid100_mat5,any_relevance,2week,LightGBM,Config_LLM,TPB,D00123,1,0
liquid100_mat5,any_relevance,2week,LightGBM,Config_LLM,TPB,D00124,0,0
liquid100_mat5,any_relevance,2week,LightGBM,Config_LLM,TPB,D00125,0,1
liquid100_mat5,any_relevance,2week,LightGBM,Config_LLM,TPB,D00126,1,1
liquid100_mat5,any_relevance,2week,LightGBM,Config_LLM,TPB,D00127,0,1
liquid100_mat5,any_relevance,2week,LightGBM,Config_LLM,TPB,D00128,0,1
liquid100_mat5,any_relevance,2week,LightGBM,Config_LLM,TPB,D00129,0,0
liquid100_mat5,any_relevance,2week,LightGBM,Config_LLM,TPB,D00130,1,1
liquid100_mat5,any_relevance,2week,LightGBM,Config_LLM,TPB,D00131,0,0
liquid100_mat5,any_relevance,2week,LightGBM,Config_LLM,TPB,D00132,0,0
liquid100_mat5,any_relevance,2week,LightGBM,Config_LLM,TPB,D00133,1,0
liquid100_mat5,any_relevance,2week,LightGBM,Config_LLM,TPB,D00134,0,0
liquid100_mat5,any_relevance,2week,LightGBM,Config_LLM,TPB,D00135,0,0
liquid100_mat5,any_relevance,2week,LightGBM,Config_LLM,TPB,D00136,0,0
liquid100_mat5,any_relevance,2week,LightGBM,Config_LLM,TPB,D00137,0,0
liquid100_mat5,any_relevance,2week,LightGBM,Config_LLM,TPB,D00138,0,0
liquid100_mat5,any_relevance,2week,LightGBM,Config_LLM,TPB,D00139,0,0
liquid100_mat5,any_relevance,2week,LightGBM,Config_LLM,TPB,D00140,0,0
liquid100_mat5,any_relevance,2week,LightGBM,Config_LLM,TPB,D00141,1,0
liquid100_mat5,any_relevance,2week,LightGBM,Config_LLM,TPB,D00142,0,0
liquid100_mat5,any_relevance,2week,LightGBM,Config_LLM,VCB,D00119,1,0
liquid100_mat5,any_relevance,2week,LightGBM,Config_LLM,VCB,D00120,1,0
liquid100_mat5,any_relevance,2week,LightGBM,Config_LLM,VCB,D00121,0,0
liquid100_mat5,any_relevance,2week,LightGBM,Config_LLM,VCB,D00122,0,0
liquid100_mat5,any_relevance,2week,LightGBM,Config_LLM,VCB,D00123,1,0
liquid100_mat5,any_relevance,2week,LightGBM,Config_LLM,VCB,D00124,0,0
liquid100_mat5,any_relevance,2week,LightGBM,Config_LLM,VCB,D00125,0,0
liquid100_mat5,any_relevance,2week,LightGBM,Config_LLM,VCB,D00126,0,0
liquid100_mat5,any_relevance,2week,LightGBM,Config_LLM,VCB,D00127,0,0
liquid100_mat5,any_relevance,2week,LightGBM,Config_LLM,VCB,D00128,0,0
liquid100_mat5,any_relevance,2week,LightGBM,Config_LLM,VCB,D00129,1,0
liquid100_mat5,any_relevance,2week,LightGBM,Config_LLM,VCB,D00130,1,0
liquid100_mat5,any_relevance,2week,LightGBM,Config_LLM,VCB,D00131,0,0
liquid100_mat5,any_relevance,2week,LightGBM,Config_LLM,VCB,D00132,0,1
liquid100_mat5,any_relevance,2week,LightGBM,Config_LLM,VCB,D00133,0,0
liquid100_mat5,any_relevance,2week,LightGBM,Config_LLM,VCB,D00134,0,0
liquid100_mat5,any_relevance,2week,LightGBM,Config_LLM,VCB,D00135,0,0
liquid100_mat5,any_relevance,2week,LightGBM,Config_LLM,VCB,D00136,0,0
liquid100_mat5,any_relevance,2week,LightGBM,Config_LLM,VCB,D00137,0,0
liquid100_mat5,any_relevance,2week,LightGBM,Config_LLM,VCB,D00138,0,0
liquid100_mat5,any_relevance,2week,LightGBM,Config_LLM,VCB,D00139,1,1
liquid100_mat5,any_relevance,2week,LightGBM,Config_LLM,VCB,D00140,0,0
liquid100_mat5,any_relevance,2week,LightGBM,Config_LLM,VCB,D00141,0,0
liquid100_mat5,any_relevance,2week,LightGBM,Config_LLM,VCB,D00142,0,0
liquid100_mat5,any_relevance,2week,LightGBM,Config_LLM,VCG,D00119,1,0
liquid100_mat5,any_relevance,2week,LightGBM,Config_LLM,VCG,D00120,0,0
liquid100_mat5,any_relevance,2week,LightGBM,Config_LLM,VCG,D00121,1,0
liquid100_mat5,any_relevance,2week,LightGBM,Config_LLM,VCG,D00122,1,0
liquid100_mat5,any_relevance,2week,LightGBM,Config_LLM,VCG,D00123,0,0
liquid100_mat5,any_relevance,2week,LightGBM,Config_LLM,VCG,D00124,0,0
liquid100_mat5,any_relevance,2week,LightGBM,Config_LLM,VCG,D00125,0,0
liquid100_mat5,any_relevance,2week,LightGBM,Config_LLM,VCG,D00126,0,0
liquid100_mat5,any_relevance,2week,LightGBM,Config_LLM,VCG,D00127,0,0
liquid100_mat5,any_relevance,2week,LightGBM,Config_LLM,VCG,D00128,0,0
liquid100_mat5,any_relevance,2week,LightGBM,Config_LLM,VCG,D00129,0,0
liquid100_mat5,any_relevance,2week,LightGBM,Config_LLM,VCG,D00130,0,1
liquid100_mat5,any_relevance,2week,LightGBM,Config_LLM,VCG,D00131,0,0
liquid100_mat5,any_relevance,2week,LightGBM,Config_LLM,VCG,D00132,0,0
liquid100_mat5,any_relevance,2week,LightGBM,Config_LLM,VCG,D00133,1,0
liquid100_mat5,any_relevance,2week,LightGBM,Config_LLM,VCG,D00134,1,0
liquid100_mat5,any_relevance,2week,LightGBM,Config_LLM,VCG,D00135,0,1
liquid100_mat5,any_relevance,2week,LightGBM,Config_LLM,VCG,D00136,0,1
liquid100_mat5,any_relevance,2week,LightGBM,Config_LLM,VCG,D00137,0,0
liquid100_mat5,any_relevance,2week,LightGBM,Config_LLM,VCG,D00138,0,0
liquid100_mat5,any_relevance,2week,LightGBM,Config_LLM,VCG,D00139,0,0
liquid100_mat5,any_relevance,2week,LightGBM,Config_LLM,VCG,D00140,0,0
liquid100_mat5,any_relevance,2week,LightGBM,Config_LLM,VCG,D00141,0,0
liquid100_mat5,any_relevance,2week,LightGBM,Config_LLM,VCG,D00142,1,1
liquid100_mat5,any_relevance,2week,LightGBM,Config_LLM,VCI,D00119,1,0
liquid100_mat5,any_relevance,2week,LightGBM,Config_LLM,VCI,D00120,0,0
liquid100_mat5,any_relevance,2week,LightGBM,Config_LLM,VCI,D00121,0,0
liquid100_mat5,any_relevance,2week,LightGBM,Config_LLM,VCI,D00122,0,0
liquid100_mat5,any_relevance,2week,LightGBM,Config_LLM,VCI,D00123,0,0
liquid100_mat5,any_relevance,2week,LightGBM,Config_LLM,VCI,D00124,0,0
liquid100_mat5,any_relevance,2week,LightGBM,Config_LLM,VCI,D00125,0,0
liquid100_mat5,any_relevance,2week,LightGBM,Config_LLM,VCI,D00126,0,0
liquid100_mat5,any_relevance,2week,LightGBM,Config_LLM,VCI,D00127,0,1
liquid100_mat5,any_relevance,2week,LightGBM,Config_LLM,VCI,D00128,0,1
liquid100_mat5,any_relevance,2week,LightGBM,Config_LLM,VCI,D00129,0,1
liquid100_mat5,any_relevance,2week,LightGBM,Config_LLM,VCI,D00130,1,1
liquid100_mat5,any_relevance,2week,LightGBM,Config_LLM,VCI,D00131,1,0
liquid100_mat5,any_relevance,2week,LightGBM,Config_LLM,VCI,D00132,0,1
liquid100_mat5,any_relevance,2week,LightGBM,Config_LLM,VCI,D00133,1,1
liquid100_mat5,any_relevance,2week,LightGBM,Config_LLM,VCI,D00134,0,0
liquid100_mat5,any_relevance,2week,LightGBM,Config_LLM,VCI,D00135,0,1
liquid100_mat5,any_relevance,2week,LightGBM,Config_LLM,VCI,D00136,1,1
liquid100_mat5,any_relevance,2week,LightGBM,Config_LLM,VCI,D00137,0,0
liquid100_mat5,any_relevance,2week,LightGBM,Config_LLM,VCI,D00138,0,0
liquid100_mat5,any_relevance,2week,LightGBM,Config_LLM,VCI,D00139,0,1
liquid100_mat5,any_relevance,2week,LightGBM,Config_LLM,VCI,D00140,0,0
liquid100_mat5,any_relevance,2week,LightGBM,Config_LLM,VCI,D00141,0,0
liquid100_mat5,any_relevance,2week,LightGBM,Config_LLM,VCI,D00142,0,0
liquid100_mat5,any_relevance,2week,LightGBM,Config_LLM,VHM,D00119,0,0
liquid100_mat5,any_relevance,2week,LightGBM,Config_LLM,VHM,D00120,1,0
liquid100_mat5,any_relevance,2week,LightGBM,Config_LLM,VHM,D00121,0,0
liquid100_mat5,any_relevance,2week,LightGBM,Config_LLM,VHM,D00122,0,0
liquid100_mat5,any_relevance,2week,LightGBM,Config_LLM,VHM,D00123,1,0
liquid100_mat5,any_relevance,2week,LightGBM,Config_LLM,VHM,D00124,0,0
liquid100_mat5,any_relevance,2week,LightGBM,Config_LLM,VHM,D00125,0,0
liquid100_mat5,any_relevance,2week,LightGBM,Config_LLM,VHM,D00126,1,0
liquid100_mat5,any_relevance,2week,LightGBM,Config_LLM,VHM,D00127,1,0
liquid100_mat5,any_relevance,2week,LightGBM,Config_LLM,VHM,D00128,0,0
liquid100_mat5,any_relevance,2week,LightGBM,Config_LLM,VHM,D00129,1,0
liquid100_mat5,any_relevance,2week,LightGBM,Config_LLM,VHM,D00130,0,0
liquid100_mat5,any_relevance,2week,LightGBM,Config_LLM,VHM,D00131,0,0
liquid100_mat5,any_relevance,2week,LightGBM,Config_LLM,VHM,D00132,0,0
liquid100_mat5,any_relevance,2week,LightGBM,Config_LLM,VHM,D00133,0,0
liquid100_mat5,any_relevance,2week,LightGBM,Config_LLM,VHM,D00134,0,0
liquid100_mat5,any_relevance,2week,LightGBM,Config_LLM,VHM,D00135,1,0
liquid100_mat5,any_relevance,2week,LightGBM,Config_LLM,VHM,D00136,1,0
liquid100_mat5,any_relevance,2week,LightGBM,Config_LLM,VHM,D00137,1,0
liquid100_mat5,any_relevance,2week,LightGBM,Config_LLM,VHM,D00138,1,1
liquid100_mat5,any_relevance,2week,LightGBM,Config_LLM,VHM,D00139,0,1
liquid100_mat5,any_relevance,2week,LightGBM,Config_LLM,VHM,D00140,0,0
liquid100_mat5,any_relevance,2week,LightGBM,Config_LLM,VHM,D00141,0,1
liquid100_mat5,any_relevance,2week,LightGBM,Config_LLM,VHM,D00142,1,1
liquid100_mat5,any_relevance,2week,LightGBM,Config_LLM,VIB,D00119,1,0
liquid100_mat5,any_relevance,2week,LightGBM,Config_LLM,VIB,D00120,1,1
liquid100_mat5,any_relevance,2week,LightGBM,Config_LLM,VIB,D00121,0,1
liquid100_mat5,any_relevance,2week,LightGBM,Config_LLM,VIB,D00122,0,0
liquid100_mat5,any_relevance,2week,LightGBM,Config_LLM,VIB,D00123,0,1
liquid100_mat5,any_relevance,2week,LightGBM,Config_LLM,VIB,D00124,0,1
liquid100_mat5,any_relevance,2week,LightGBM,Config_LLM,VIB,D00125,0,0
liquid100_mat5,any_relevance,2week,LightGBM,Config_LLM,VIB,D00126,0,0
liquid100_mat5,any_relevance,2week,LightGBM,Config_LLM,VIB,D00127,0,0
liquid100_mat5,any_relevance,2week,LightGBM,Config_LLM,VIB,D00128,0,1
liquid100_mat5,any_relevance,2week,LightGBM,Config_LLM,VIB,D00129,0,0
liquid100_mat5,any_relevance,2week,LightGBM,Config_LLM,VIB,D00130,1,0
liquid100_mat5,any_relevance,2week,LightGBM,Config_LLM,VIB,D00131,0,0
liquid100_mat5,any_relevance,2week,LightGBM,Config_LLM,VIB,D00132,0,0
liquid100_mat5,any_relevance,2week,LightGBM,Config_LLM,VIB,D00133,0,0
liquid100_mat5,any_relevance,2week,LightGBM,Config_LLM,VIB,D00134,0,0
liquid100_mat5,any_relevance,2week,LightGBM,Config_LLM,VIB,D00135,0,0
liquid100_mat5,any_relevance,2week,LightGBM,Config_LLM,VIB,D00136,0,0
liquid100_mat5,any_relevance,2week,LightGBM,Config_LLM,VIB,D00137,0,0
liquid100_mat5,any_relevance,2week,LightGBM,Config_LLM,VIB,D00138,0,1
liquid100_mat5,any_relevance,2week,LightGBM,Config_LLM,VIB,D00139,0,0
liquid100_mat5,any_relevance,2week,LightGBM,Config_LLM,VIB,D00140,0,0
liquid100_mat5,any_relevance,2week,LightGBM,Config_LLM,VIB,D00141,0,0
liquid100_mat5,any_relevance,2week,LightGBM,Config_LLM,VIB,D00142,0,0
liquid100_mat5,any_relevance,2week,LightGBM,Config_LLM,VIC,D00119,1,0
liquid100_mat5,any_relevance,2week,LightGBM,Config_LLM,VIC,D00120,1,0
liquid100_mat5,any_relevance,2week,LightGBM,Config_LLM,VIC,D00121,1,0
liquid100_mat5,any_relevance,2week,LightGBM,Config_LLM,VIC,D00122,1,0
liquid100_mat5,any_relevance,2week,LightGBM,Config_LLM,VIC,D00123,1,0
liquid100_mat5,any_relevance,2week,LightGBM,Config_LLM,VIC,D00124,1,0
liquid100_mat5,any_relevance,2week,LightGBM,Config_LLM,VIC,D00125,0,0
liquid100_mat5,any_relevance,2week,LightGBM,Config_LLM,VIC,D00126,1,0
liquid100_mat5,any_relevance,2week,LightGBM,Config_LLM,VIC,D00127,1,1
liquid100_mat5,any_relevance,2week,LightGBM,Config_LLM,VIC,D00128,1,1
liquid100_mat5,any_relevance,2week,LightGBM,Config_LLM,VIC,D00129,1,1
liquid100_mat5,any_relevance,2week,LightGBM,Config_LLM,VIC,D00130,0,0
liquid100_mat5,any_relevance,2week,LightGBM,Config_LLM,VIC,D00131,0,0
liquid100_mat5,any_relevance,2week,LightGBM,Config_LLM,VIC,D00132,1,0
liquid100_mat5,any_relevance,2week,LightGBM,Config_LLM,VIC,D00133,1,0
liquid100_mat5,any_relevance,2week,LightGBM,Config_LLM,VIC,D00134,0,0
liquid100_mat5,any_relevance,2week,LightGBM,Config_LLM,VIC,D00135,0,0
liquid100_mat5,any_relevance,2week,LightGBM,Config_LLM,VIC,D00136,1,0
liquid100_mat5,any_relevance,2week,LightGBM,Config_LLM,VIC,D00137,1,0
liquid100_mat5,any_relevance,2week,LightGBM,Config_LLM,VIC,D00138,1,0
liquid100_mat5,any_relevance,2week,LightGBM,Config_LLM,VIC,D00139,0,0
liquid100_mat5,any_relevance,2week,LightGBM,Config_LLM,VIC,D00140,0,0
liquid100_mat5,any_relevance,2week,LightGBM,Config_LLM,VIC,D00141,1,0
liquid100_mat5,any_relevance,2week,LightGBM,Config_LLM,VIC,D00142,1,0
liquid100_mat5,any_relevance,2week,LightGBM,Config_LLM,VJC,D00119,1,0
liquid100_mat5,any_relevance,2week,LightGBM,Config_LLM,VJC,D00120,1,0
liquid100_mat5,any_relevance,2week,LightGBM,Config_LLM,VJC,D00121,0,0
liquid100_mat5,any_relevance,2week,LightGBM,Config_LLM,VJC,D00122,0,0
liquid100_mat5,any_relevance,2week,LightGBM,Config_LLM,VJC,D00123,1,0
liquid100_mat5,any_relevance,2week,LightGBM,Config_LLM,VJC,D00124,1,0
liquid100_mat5,any_relevance,2week,LightGBM,Config_LLM,VJC,D00125,0,1
liquid100_mat5,any_relevance,2week,LightGBM,Config_LLM,VJC,D00126,1,1
liquid100_mat5,any_relevance,2week,LightGBM,Config_LLM,VJC,D00127,1,1
liquid100_mat5,any_relevance,2week,LightGBM,Config_LLM,VJC,D00128,0,0
liquid100_mat5,any_relevance,2week,LightGBM,Config_LLM,VJC,D00129,1,0
liquid100_mat5,any_relevance,2week,LightGBM,Config_LLM,VJC,D00130,0,0
liquid100_mat5,any_relevance,2week,LightGBM,Config_LLM,VJC,D00131,0,0
liquid100_mat5,any_relevance,2week,LightGBM,Config_LLM,VJC,D00132,0,0
liquid100_mat5,any_relevance,2week,LightGBM,Config_LLM,VJC,D00133,1,0
liquid100_mat5,any_relevance,2week,LightGBM,Config_LLM,VJC,D00134,0,0
liquid100_mat5,any_relevance,2week,LightGBM,Config_LLM,VJC,D00135,0,0
liquid100_mat5,any_relevance,2week,LightGBM,Config_LLM,VJC,D00136,1,0
liquid100_mat5,any_relevance,2week,LightGBM,Config_LLM,VJC,D00137,1,0
liquid100_mat5,any_relevance,2week,LightGBM,Config_LLM,VJC,D00138,0,0
liquid100_mat5,any_relevance,2week,LightGBM,Config_LLM,VJC,D00139,0,0
liquid100_mat5,any_relevance,2week,LightGBM,Config_LLM,VJC,D00140,1,0
liquid100_mat5,any_relevance,2week,LightGBM,Config_LLM,VJC,D00141,1,0
liquid100_mat5,any_relevance,2week,LightGBM,Config_LLM,VJC,D00142,0,0
liquid100_mat5,any_relevance,2week,LightGBM,Config_LLM,VND,D00119,1,0
liquid100_mat5,any_relevance,2week,LightGBM,Config_LLM,VND,D00120,0,0
liquid100_mat5,any_relevance,2week,LightGBM,Config_LLM,VND,D00121,0,0
liquid100_mat5,any_relevance,2week,LightGBM,Config_LLM,VND,D00122,0,0
liquid100_mat5,any_relevance,2week,LightGBM,Config_LLM,VND,D00123,1,0
liquid100_mat5,any_relevance,2week,LightGBM,Config_LLM,VND,D00124,0,0
liquid100_mat5,any_relevance,2week,LightGBM,Config_LLM,VND,D00125,0,1
liquid100_mat5,any_relevance,2week,LightGBM,Config_LLM,VND,D00126,0,1
liquid100_mat5,any_relevance,2week,LightGBM,Config_LLM,VND,D00127,0,0
liquid100_mat5,any_relevance,2week,LightGBM,Config_LLM,VND,D00128,1,0
liquid100_mat5,any_relevance,2week,LightGBM,Config_LLM,VND,D00129,0,0
liquid100_mat5,any_relevance,2week,LightGBM,Config_LLM,VND,D00130,1,0
liquid100_mat5,any_relevance,2week,LightGBM,Config_LLM,VND,D00131,0,0
liquid100_mat5,any_relevance,2week,LightGBM,Config_LLM,VND,D00132,0,0
liquid100_mat5,any_relevance,2week,LightGBM,Config_LLM,VND,D00133,1,0
liquid100_mat5,any_relevance,2week,LightGBM,Config_LLM,VND,D00134,0,0
liquid100_mat5,any_relevance,2week,LightGBM,Config_LLM,VND,D00135,0,0
liquid100_mat5,any_relevance,2week,LightGBM,Config_LLM,VND,D00136,1,0
liquid100_mat5,any_relevance,2week,LightGBM,Config_LLM,VND,D00137,0,0
liquid100_mat5,any_relevance,2week,LightGBM,Config_LLM,VND,D00138,0,0
liquid100_mat5,any_relevance,2week,LightGBM,Config_LLM,VND,D00139,1,0
liquid100_mat5,any_relevance,2week,LightGBM,Config_LLM,VND,D00140,1,0
liquid100_mat5,any_relevance,2week,LightGBM,Config_LLM,VND,D00141,1,0
liquid100_mat5,any_relevance,2week,LightGBM,Config_LLM,VND,D00142,0,0
liquid100_mat5,any_relevance,2week,LightGBM,Config_LLM,VNM,D00119,0,0
liquid100_mat5,any_relevance,2week,LightGBM,Config_LLM,VNM,D00120,0,0
liquid100_mat5,any_relevance,2week,LightGBM,Config_LLM,VNM,D00121,1,0
liquid100_mat5,any_relevance,2week,LightGBM,Config_LLM,VNM,D00122,0,0
liquid100_mat5,any_relevance,2week,LightGBM,Config_LLM,VNM,D00123,1,1
liquid100_mat5,any_relevance,2week,LightGBM,Config_LLM,VNM,D00124,0,0
liquid100_mat5,any_relevance,2week,LightGBM,Config_LLM,VNM,D00125,1,1
liquid100_mat5,any_relevance,2week,LightGBM,Config_LLM,VNM,D00126,1,0
liquid100_mat5,any_relevance,2week,LightGBM,Config_LLM,VNM,D00127,1,0
liquid100_mat5,any_relevance,2week,LightGBM,Config_LLM,VNM,D00128,0,0
liquid100_mat5,any_relevance,2week,LightGBM,Config_LLM,VNM,D00129,0,1
liquid100_mat5,any_relevance,2week,LightGBM,Config_LLM,VNM,D00130,1,1
liquid100_mat5,any_relevance,2week,LightGBM,Config_LLM,VNM,D00131,1,0
liquid100_mat5,any_relevance,2week,LightGBM,Config_LLM,VNM,D00132,0,0
liquid100_mat5,any_relevance,2week,LightGBM,Config_LLM,VNM,D00133,0,0
liquid100_mat5,any_relevance,2week,LightGBM,Config_LLM,VNM,D00134,0,1
liquid100_mat5,any_relevance,2week,LightGBM,Config_LLM,VNM,D00135,0,1
liquid100_mat5,any_relevance,2week,LightGBM,Config_LLM,VNM,D00136,0,0
liquid100_mat5,any_relevance,2week,LightGBM,Config_LLM,VNM,D00137,0,0
liquid100_mat5,any_relevance,2week,LightGBM,Config_LLM,VNM,D00138,0,0
liquid100_mat5,any_relevance,2week,LightGBM,Config_LLM,VNM,D00139,0,0
liquid100_mat5,any_relevance,2week,LightGBM,Config_LLM,VNM,D00140,0,0
liquid100_mat5,any_relevance,2week,LightGBM,Config_LLM,VNM,D00141,0,0
liquid100_mat5,any_relevance,2week,LightGBM,Config_LLM,VNM,D00142,0,0
liquid100_mat5,any_relevance,2week,LightGBM,Config_LLM,VPB,D00119,1,0
liquid100_mat5,any_relevance,2week,LightGBM,Config_LLM,VPB,D00120,1,0
liquid100_mat5,any_relevance,2week,LightGBM,Config_LLM,VPB,D00121,0,0
liquid100_mat5,any_relevance,2week,LightGBM,Config_LLM,VPB,D00122,0,0
liquid100_mat5,any_relevance,2week,LightGBM,Config_LLM,VPB,D00123,1,0
liquid100_mat5,any_relevance,2week,LightGBM,Config_LLM,VPB,D00124,0,0
liquid100_mat5,any_relevance,2week,LightGBM,Config_LLM,VPB,D00125,0,0
liquid100_mat5,any_relevance,2week,LightGBM,Config_LLM,VPB,D00126,0,0
liquid100_mat5,any_relevance,2week,LightGBM,Config_LLM,VPB,D00127,1,0
liquid100_mat5,any_relevance,2week,LightGBM,Config_LLM,VPB,D00128,0,0
liquid100_mat5,any_relevance,2week,LightGBM,Config_LLM,VPB,D00129,0,1
liquid100_mat5,any_relevance,2week,LightGBM,Config_LLM,VPB,D00130,1,1
liquid100_mat5,any_relevance,2week,LightGBM,Config_LLM,VPB,D00131,0,0
liquid100_mat5,any_relevance,2week,LightGBM,Config_LLM,VPB,D00132,0,0
liquid100_mat5,any_relevance,2week,LightGBM,Config_LLM,VPB,D00133,1,0
liquid100_mat5,any_relevance,2week,LightGBM,Config_LLM,VPB,D00134,0,0
liquid100_mat5,any_relevance,2week,LightGBM,Config_LLM,VPB,D00135,0,0
liquid100_mat5,any_relevance,2week,LightGBM,Config_LLM,VPB,D00136,1,0
liquid100_mat5,any_relevance,2week,LightGBM,Config_LLM,VPB,D00137,1,0
liquid100_mat5,any_relevance,2week,LightGBM,Config_LLM,VPB,D00138,0,0
liquid100_mat5,any_relevance,2week,LightGBM,Config_LLM,VPB,D00139,0,0
liquid100_mat5,any_relevance,2week,LightGBM,Config_LLM,VPB,D00140,0,0
liquid100_mat5,any_relevance,2week,LightGBM,Config_LLM,VPB,D00141,0,0
liquid100_mat5,any_relevance,2week,LightGBM,Config_LLM,VPB,D00142,0,0
liquid100_mat5,any_relevance,2week,LightGBM,Config_LLM,VSC,D00119,1,0
liquid100_mat5,any_relevance,2week,LightGBM,Config_LLM,VSC,D00120,0,0
liquid100_mat5,any_relevance,2week,LightGBM,Config_LLM,VSC,D00121,0,0
liquid100_mat5,any_relevance,2week,LightGBM,Config_LLM,VSC,D00122,0,0
liquid100_mat5,any_relevance,2week,LightGBM,Config_LLM,VSC,D00123,0,0
liquid100_mat5,any_relevance,2week,LightGBM,Config_LLM,VSC,D00124,0,0
liquid100_mat5,any_relevance,2week,LightGBM,Config_LLM,VSC,D00125,0,0
liquid100_mat5,any_relevance,2week,LightGBM,Config_LLM,VSC,D00126,1,0
liquid100_mat5,any_relevance,2week,LightGBM,Config_LLM,VSC,D00127,0,0
liquid100_mat5,any_relevance,2week,LightGBM,Config_LLM,VSC,D00128,0,0
liquid100_mat5,any_relevance,2week,LightGBM,Config_LLM,VSC,D00129,0,0
liquid100_mat5,any_relevance,2week,LightGBM,Config_LLM,VSC,D00130,1,0
liquid100_mat5,any_relevance,2week,LightGBM,Config_LLM,VSC,D00131,0,0
liquid100_mat5,any_relevance,2week,LightGBM,Config_LLM,VSC,D00132,1,0
liquid100_mat5,any_relevance,2week,LightGBM,Config_LLM,VSC,D00133,1,0
liquid100_mat5,any_relevance,2week,LightGBM,Config_LLM,VSC,D00134,0,0
liquid100_mat5,any_relevance,2week,LightGBM,Config_LLM,VSC,D00135,0,0
liquid100_mat5,any_relevance,2week,LightGBM,Config_LLM,VSC,D00136,1,0
liquid100_mat5,any_relevance,2week,LightGBM,Config_LLM,VSC,D00137,0,0
liquid100_mat5,any_relevance,2week,LightGBM,Config_LLM,VSC,D00138,0,0
liquid100_mat5,any_relevance,2week,LightGBM,Config_LLM,VSC,D00139,0,0
liquid100_mat5,any_relevance,2week,LightGBM,Config_LLM,VSC,D00140,0,0
liquid100_mat5,any_relevance,2week,LightGBM,Config_LLM,VSC,D00141,0,0
liquid100_mat5,any_relevance,2week,LightGBM,Config_LLM,VSC,D00142,0,0
liquid100_mat5,any_relevance,2week,Logistic_Regression,Config_Hybrid,ACB,D00119,1,1
liquid100_mat5,any_relevance,2week,Logistic_Regression,Config_Hybrid,ACB,D00120,1,1
liquid100_mat5,any_relevance,2week,Logistic_Regression,Config_Hybrid,ACB,D00121,0,0
liquid100_mat5,any_relevance,2week,Logistic_Regression,Config_Hybrid,ACB,D00122,0,0
liquid100_mat5,any_relevance,2week,Logistic_Regression,Config_Hybrid,ACB,D00123,1,1
liquid100_mat5,any_relevance,2week,Logistic_Regression,Config_Hybrid,ACB,D00124,0,0
liquid100_mat5,any_relevance,2week,Logistic_Regression,Config_Hybrid,ACB,D00125,0,1
liquid100_mat5,any_relevance,2week,Logistic_Regression,Config_Hybrid,ACB,D00126,0,0
liquid100_mat5,any_relevance,2week,Logistic_Regression,Config_Hybrid,ACB,D00127,0,0
liquid100_mat5,any_relevance,2week,Logistic_Regression,Config_Hybrid,ACB,D00128,0,0
liquid100_mat5,any_relevance,2week,Logistic_Regression,Config_Hybrid,ACB,D00129,0,1
liquid100_mat5,any_relevance,2week,Logistic_Regression,Config_Hybrid,ACB,D00130,1,1
liquid100_mat5,any_relevance,2week,Logistic_Regression,Config_Hybrid,ACB,D00131,0,0
liquid100_mat5,any_relevance,2week,Logistic_Regression,Config_Hybrid,ACB,D00132,0,0
liquid100_mat5,any_relevance,2week,Logistic_Regression,Config_Hybrid,ACB,D00133,1,1
liquid100_mat5,any_relevance,2week,Logistic_Regression,Config_Hybrid,ACB,D00134,0,0
liquid100_mat5,any_relevance,2week,Logistic_Regression,Config_Hybrid,ACB,D00135,0,1
liquid100_mat5,any_relevance,2week,Logistic_Regression,Config_Hybrid,ACB,D00136,0,1
liquid100_mat5,any_relevance,2week,Logistic_Regression,Config_Hybrid,ACB,D00137,0,0
liquid100_mat5,any_relevance,2week,Logistic_Regression,Config_Hybrid,ACB,D00138,0,0
liquid100_mat5,any_relevance,2week,Logistic_Regression,Config_Hybrid,ACB,D00139,1,1
liquid100_mat5,any_relevance,2week,Logistic_Regression,Config_Hybrid,ACB,D00140,1,1
liquid100_mat5,any_relevance,2week,Logistic_Regression,Config_Hybrid,ACB,D00141,0,1
liquid100_mat5,any_relevance,2week,Logistic_Regression,Config_Hybrid,ACB,D00142,0,0
liquid100_mat5,any_relevance,2week,Logistic_Regression,Config_Hybrid,BID,D00119,1,1
liquid100_mat5,any_relevance,2week,Logistic_Regression,Config_Hybrid,BID,D00120,1,1
liquid100_mat5,any_relevance,2week,Logistic_Regression,Config_Hybrid,BID,D00121,0,1
liquid100_mat5,any_relevance,2week,Logistic_Regression,Config_Hybrid,BID,D00122,0,0
liquid100_mat5,any_relevance,2week,Logistic_Regression,Config_Hybrid,BID,D00123,0,0
liquid100_mat5,any_relevance,2week,Logistic_Regression,Config_Hybrid,BID,D00124,0,0
liquid100_mat5,any_relevance,2week,Logistic_Regression,Config_Hybrid,BID,D00125,0,1
liquid100_mat5,any_relevance,2week,Logistic_Regression,Config_Hybrid,BID,D00126,0,1
liquid100_mat5,any_relevance,2week,Logistic_Regression,Config_Hybrid,BID,D00127,0,0
liquid100_mat5,any_relevance,2week,Logistic_Regression,Config_Hybrid,BID,D00128,0,0
liquid100_mat5,any_relevance,2week,Logistic_Regression,Config_Hybrid,BID,D00129,1,1
liquid100_mat5,any_relevance,2week,Logistic_Regression,Config_Hybrid,BID,D00130,1,1
liquid100_mat5,any_relevance,2week,Logistic_Regression,Config_Hybrid,BID,D00131,1,0
liquid100_mat5,any_relevance,2week,Logistic_Regression,Config_Hybrid,BID,D00132,0,0
liquid100_mat5,any_relevance,2week,Logistic_Regression,Config_Hybrid,BID,D00133,0,0
liquid100_mat5,any_relevance,2week,Logistic_Regression,Config_Hybrid,BID,D00134,0,0
liquid100_mat5,any_relevance,2week,Logistic_Regression,Config_Hybrid,BID,D00135,0,0
liquid100_mat5,any_relevance,2week,Logistic_Regression,Config_Hybrid,BID,D00136,0,1
liquid100_mat5,any_relevance,2week,Logistic_Regression,Config_Hybrid,BID,D00137,0,0
liquid100_mat5,any_relevance,2week,Logistic_Regression,Config_Hybrid,BID,D00138,1,0
liquid100_mat5,any_relevance,2week,Logistic_Regression,Config_Hybrid,BID,D00139,1,1
liquid100_mat5,any_relevance,2week,Logistic_Regression,Config_Hybrid,BID,D00140,0,0
liquid100_mat5,any_relevance,2week,Logistic_Regression,Config_Hybrid,BID,D00141,0,0
liquid100_mat5,any_relevance,2week,Logistic_Regression,Config_Hybrid,BID,D00142,0,0
liquid100_mat5,any_relevance,2week,Logistic_Regression,Config_Hybrid,CTG,D00119,1,1
liquid100_mat5,any_relevance,2week,Logistic_Regression,Config_Hybrid,CTG,D00120,1,1
liquid100_mat5,any_relevance,2week,Logistic_Regression,Config_Hybrid,CTG,D00121,0,0
liquid100_mat5,any_relevance,2week,Logistic_Regression,Config_Hybrid,CTG,D00122,0,0
liquid100_mat5,any_relevance,2week,Logistic_Regression,Config_Hybrid,CTG,D00123,1,1
liquid100_mat5,any_relevance,2week,Logistic_Regression,Config_Hybrid,CTG,D00124,0,0
liquid100_mat5,any_relevance,2week,Logistic_Regression,Config_Hybrid,CTG,D00125,0,0
liquid100_mat5,any_relevance,2week,Logistic_Regression,Config_Hybrid,CTG,D00126,0,0
liquid100_mat5,any_relevance,2week,Logistic_Regression,Config_Hybrid,CTG,D00127,1,0
liquid100_mat5,any_relevance,2week,Logistic_Regression,Config_Hybrid,CTG,D00128,0,0
liquid100_mat5,any_relevance,2week,Logistic_Regression,Config_Hybrid,CTG,D00129,1,0
liquid100_mat5,any_relevance,2week,Logistic_Regression,Config_Hybrid,CTG,D00130,1,1
liquid100_mat5,any_relevance,2week,Logistic_Regression,Config_Hybrid,CTG,D00131,0,0
liquid100_mat5,any_relevance,2week,Logistic_Regression,Config_Hybrid,CTG,D00132,0,0
liquid100_mat5,any_relevance,2week,Logistic_Regression,Config_Hybrid,CTG,D00133,0,1
liquid100_mat5,any_relevance,2week,Logistic_Regression,Config_Hybrid,CTG,D00134,0,0
liquid100_mat5,any_relevance,2week,Logistic_Regression,Config_Hybrid,CTG,D00135,0,1
liquid100_mat5,any_relevance,2week,Logistic_Regression,Config_Hybrid,CTG,D00136,0,1
liquid100_mat5,any_relevance,2week,Logistic_Regression,Config_Hybrid,CTG,D00137,0,0
liquid100_mat5,any_relevance,2week,Logistic_Regression,Config_Hybrid,CTG,D00138,0,0
liquid100_mat5,any_relevance,2week,Logistic_Regression,Config_Hybrid,CTG,D00139,0,1
liquid100_mat5,any_relevance,2week,Logistic_Regression,Config_Hybrid,CTG,D00140,0,0
liquid100_mat5,any_relevance,2week,Logistic_Regression,Config_Hybrid,CTG,D00141,0,0
liquid100_mat5,any_relevance,2week,Logistic_Regression,Config_Hybrid,CTG,D00142,0,0
liquid100_mat5,any_relevance,2week,Logistic_Regression,Config_Hybrid,DCM,D00119,1,1
liquid100_mat5,any_relevance,2week,Logistic_Regression,Config_Hybrid,DCM,D00120,0,0
liquid100_mat5,any_relevance,2week,Logistic_Regression,Config_Hybrid,DCM,D00121,0,0
liquid100_mat5,any_relevance,2week,Logistic_Regression,Config_Hybrid,DCM,D00122,0,0
liquid100_mat5,any_relevance,2week,Logistic_Regression,Config_Hybrid,DCM,D00123,0,0
liquid100_mat5,any_relevance,2week,Logistic_Regression,Config_Hybrid,DCM,D00124,0,0
liquid100_mat5,any_relevance,2week,Logistic_Regression,Config_Hybrid,DCM,D00125,0,1
liquid100_mat5,any_relevance,2week,Logistic_Regression,Config_Hybrid,DCM,D00126,0,1
liquid100_mat5,any_relevance,2week,Logistic_Regression,Config_Hybrid,DCM,D00127,0,0
liquid100_mat5,any_relevance,2week,Logistic_Regression,Config_Hybrid,DCM,D00128,0,0
liquid100_mat5,any_relevance,2week,Logistic_Regression,Config_Hybrid,DCM,D00129,1,0
liquid100_mat5,any_relevance,2week,Logistic_Regression,Config_Hybrid,DCM,D00130,1,1
liquid100_mat5,any_relevance,2week,Logistic_Regression,Config_Hybrid,DCM,D00131,1,1
liquid100_mat5,any_relevance,2week,Logistic_Regression,Config_Hybrid,DCM,D00132,1,1
liquid100_mat5,any_relevance,2week,Logistic_Regression,Config_Hybrid,DCM,D00133,1,0
liquid100_mat5,any_relevance,2week,Logistic_Regression,Config_Hybrid,DCM,D00134,1,0
liquid100_mat5,any_relevance,2week,Logistic_Regression,Config_Hybrid,DCM,D00135,0,0
liquid100_mat5,any_relevance,2week,Logistic_Regression,Config_Hybrid,DCM,D00136,0,0
liquid100_mat5,any_relevance,2week,Logistic_Regression,Config_Hybrid,DCM,D00137,0,0
liquid100_mat5,any_relevance,2week,Logistic_Regression,Config_Hybrid,DCM,D00138,0,0
liquid100_mat5,any_relevance,2week,Logistic_Regression,Config_Hybrid,DCM,D00139,0,1
liquid100_mat5,any_relevance,2week,Logistic_Regression,Config_Hybrid,DCM,D00140,0,0
liquid100_mat5,any_relevance,2week,Logistic_Regression,Config_Hybrid,DCM,D00141,0,0
liquid100_mat5,any_relevance,2week,Logistic_Regression,Config_Hybrid,DCM,D00142,0,0
liquid100_mat5,any_relevance,2week,Logistic_Regression,Config_Hybrid,DIG,D00119,1,0
liquid100_mat5,any_relevance,2week,Logistic_Regression,Config_Hybrid,DIG,D00120,0,0
liquid100_mat5,any_relevance,2week,Logistic_Regression,Config_Hybrid,DIG,D00121,1,1
liquid100_mat5,any_relevance,2week,Logistic_Regression,Config_Hybrid,DIG,D00122,0,0
liquid100_mat5,any_relevance,2week,Logistic_Regression,Config_Hybrid,DIG,D00123,0,0
liquid100_mat5,any_relevance,2week,Logistic_Regression,Config_Hybrid,DIG,D00124,0,1
liquid100_mat5,any_relevance,2week,Logistic_Regression,Config_Hybrid,DIG,D00125,0,0
liquid100_mat5,any_relevance,2week,Logistic_Regression,Config_Hybrid,DIG,D00126,1,1
liquid100_mat5,any_relevance,2week,Logistic_Regression,Config_Hybrid,DIG,D00127,0,0
liquid100_mat5,any_relevance,2week,Logistic_Regression,Config_Hybrid,DIG,D00128,0,0
liquid100_mat5,any_relevance,2week,Logistic_Regression,Config_Hybrid,DIG,D00129,0,1
liquid100_mat5,any_relevance,2week,Logistic_Regression,Config_Hybrid,DIG,D00130,0,1
liquid100_mat5,any_relevance,2week,Logistic_Regression,Config_Hybrid,DIG,D00131,0,1
liquid100_mat5,any_relevance,2week,Logistic_Regression,Config_Hybrid,DIG,D00132,0,0
liquid100_mat5,any_relevance,2week,Logistic_Regression,Config_Hybrid,DIG,D00133,0,1
liquid100_mat5,any_relevance,2week,Logistic_Regression,Config_Hybrid,DIG,D00134,0,0
liquid100_mat5,any_relevance,2week,Logistic_Regression,Config_Hybrid,DIG,D00135,1,1
liquid100_mat5,any_relevance,2week,Logistic_Regression,Config_Hybrid,DIG,D00136,1,1
liquid100_mat5,any_relevance,2week,Logistic_Regression,Config_Hybrid,DIG,D00137,0,1
liquid100_mat5,any_relevance,2week,Logistic_Regression,Config_Hybrid,DIG,D00138,1,1
liquid100_mat5,any_relevance,2week,Logistic_Regression,Config_Hybrid,DIG,D00139,0,1
liquid100_mat5,any_relevance,2week,Logistic_Regression,Config_Hybrid,DIG,D00140,0,0
liquid100_mat5,any_relevance,2week,Logistic_Regression,Config_Hybrid,DIG,D00141,0,1
liquid100_mat5,any_relevance,2week,Logistic_Regression,Config_Hybrid,DIG,D00142,0,0
liquid100_mat5,any_relevance,2week,Logistic_Regression,Config_Hybrid,DPM,D00119,1,1
liquid100_mat5,any_relevance,2week,Logistic_Regression,Config_Hybrid,DPM,D00120,0,0
liquid100_mat5,any_relevance,2week,Logistic_Regression,Config_Hybrid,DPM,D00121,0,1
liquid100_mat5,any_relevance,2week,Logistic_Regression,Config_Hybrid,DPM,D00122,0,0
liquid100_mat5,any_relevance,2week,Logistic_Regression,Config_Hybrid,DPM,D00123,0,0
liquid100_mat5,any_relevance,2week,Logistic_Regression,Config_Hybrid,DPM,D00124,0,1
liquid100_mat5,any_relevance,2week,Logistic_Regression,Config_Hybrid,DPM,D00125,0,1
liquid100_mat5,any_relevance,2week,Logistic_Regression,Config_Hybrid,DPM,D00126,0,1
liquid100_mat5,any_relevance,2week,Logistic_Regression,Config_Hybrid,DPM,D00127,0,0
liquid100_mat5,any_relevance,2week,Logistic_Regression,Config_Hybrid,DPM,D00128,0,0
liquid100_mat5,any_relevance,2week,Logistic_Regression,Config_Hybrid,DPM,D00129,1,1
liquid100_mat5,any_relevance,2week,Logistic_Regression,Config_Hybrid,DPM,D00130,1,1
liquid100_mat5,any_relevance,2week,Logistic_Regression,Config_Hybrid,DPM,D00131,0,1
liquid100_mat5,any_relevance,2week,Logistic_Regression,Config_Hybrid,DPM,D00132,1,1
liquid100_mat5,any_relevance,2week,Logistic_Regression,Config_Hybrid,DPM,D00133,1,0
liquid100_mat5,any_relevance,2week,Logistic_Regression,Config_Hybrid,DPM,D00134,1,1
liquid100_mat5,any_relevance,2week,Logistic_Regression,Config_Hybrid,DPM,D00135,0,0
liquid100_mat5,any_relevance,2week,Logistic_Regression,Config_Hybrid,DPM,D00136,0,0
liquid100_mat5,any_relevance,2week,Logistic_Regression,Config_Hybrid,DPM,D00137,0,0
liquid100_mat5,any_relevance,2week,Logistic_Regression,Config_Hybrid,DPM,D00138,0,0
liquid100_mat5,any_relevance,2week,Logistic_Regression,Config_Hybrid,DPM,D00139,0,1
liquid100_mat5,any_relevance,2week,Logistic_Regression,Config_Hybrid,DPM,D00140,0,0
liquid100_mat5,any_relevance,2week,Logistic_Regression,Config_Hybrid,DPM,D00141,0,0
liquid100_mat5,any_relevance,2week,Logistic_Regression,Config_Hybrid,DPM,D00142,0,0
liquid100_mat5,any_relevance,2week,Logistic_Regression,Config_Hybrid,DXG,D00119,1,1
liquid100_mat5,any_relevance,2week,Logistic_Regression,Config_Hybrid,DXG,D00120,1,0
liquid100_mat5,any_relevance,2week,Logistic_Regression,Config_Hybrid,DXG,D00121,1,1
liquid100_mat5,any_relevance,2week,Logistic_Regression,Config_Hybrid,DXG,D00122,0,0
liquid100_mat5,any_relevance,2week,Logistic_Regression,Config_Hybrid,DXG,D00123,0,0
liquid100_mat5,any_relevance,2week,Logistic_Regression,Config_Hybrid,DXG,D00124,0,1
liquid100_mat5,any_relevance,2week,Logistic_Regression,Config_Hybrid,DXG,D00125,0,1
liquid100_mat5,any_relevance,2week,Logistic_Regression,Config_Hybrid,DXG,D00126,0,1
liquid100_mat5,any_relevance,2week,Logistic_Regression,Config_Hybrid,DXG,D00127,0,0
liquid100_mat5,any_relevance,2week,Logistic_Regression,Config_Hybrid,DXG,D00128,0,0
liquid100_mat5,any_relevance,2week,Logistic_Regression,Config_Hybrid,DXG,D00129,0,1
liquid100_mat5,any_relevance,2week,Logistic_Regression,Config_Hybrid,DXG,D00130,0,0
liquid100_mat5,any_relevance,2week,Logistic_Regression,Config_Hybrid,DXG,D00131,0,1
liquid100_mat5,any_relevance,2week,Logistic_Regression,Config_Hybrid,DXG,D00132,0,1
liquid100_mat5,any_relevance,2week,Logistic_Regression,Config_Hybrid,DXG,D00133,0,1
liquid100_mat5,any_relevance,2week,Logistic_Regression,Config_Hybrid,DXG,D00134,0,0
liquid100_mat5,any_relevance,2week,Logistic_Regression,Config_Hybrid,DXG,D00135,1,1
liquid100_mat5,any_relevance,2week,Logistic_Regression,Config_Hybrid,DXG,D00136,1,1
liquid100_mat5,any_relevance,2week,Logistic_Regression,Config_Hybrid,DXG,D00137,0,1
liquid100_mat5,any_relevance,2week,Logistic_Regression,Config_Hybrid,DXG,D00138,1,1
liquid100_mat5,any_relevance,2week,Logistic_Regression,Config_Hybrid,DXG,D00139,0,1
liquid100_mat5,any_relevance,2week,Logistic_Regression,Config_Hybrid,DXG,D00140,0,1
liquid100_mat5,any_relevance,2week,Logistic_Regression,Config_Hybrid,DXG,D00141,0,1
liquid100_mat5,any_relevance,2week,Logistic_Regression,Config_Hybrid,DXG,D00142,0,0
liquid100_mat5,any_relevance,2week,Logistic_Regression,Config_Hybrid,EIB,D00119,1,0
liquid100_mat5,any_relevance,2week,Logistic_Regression,Config_Hybrid,EIB,D00120,0,1
liquid100_mat5,any_relevance,2week,Logistic_Regression,Config_Hybrid,EIB,D00121,0,1
liquid100_mat5,any_relevance,2week,Logistic_Regression,Config_Hybrid,EIB,D00122,0,0
liquid100_mat5,any_relevance,2week,Logistic_Regression,Config_Hybrid,EIB,D00123,1,0
liquid100_mat5,any_relevance,2week,Logistic_Regression,Config_Hybrid,EIB,D00124,0,1
liquid100_mat5,any_relevance,2week,Logistic_Regression,Config_Hybrid,EIB,D00125,0,0
liquid100_mat5,any_relevance,2week,Logistic_Regression,Config_Hybrid,EIB,D00126,1,1
liquid100_mat5,any_relevance,2week,Logistic_Regression,Config_Hybrid,EIB,D00127,0,1
liquid100_mat5,any_relevance,2week,Logistic_Regression,Config_Hybrid,EIB,D00128,0,0
liquid100_mat5,any_relevance,2week,Logistic_Regression,Config_Hybrid,EIB,D00129,0,1
liquid100_mat5,any_relevance,2week,Logistic_Regression,Config_Hybrid,EIB,D00130,1,1
liquid100_mat5,any_relevance,2week,Logistic_Regression,Config_Hybrid,EIB,D00131,0,0
liquid100_mat5,any_relevance,2week,Logistic_Regression,Config_Hybrid,EIB,D00132,0,0
liquid100_mat5,any_relevance,2week,Logistic_Regression,Config_Hybrid,EIB,D00133,1,1
liquid100_mat5,any_relevance,2week,Logistic_Regression,Config_Hybrid,EIB,D00134,0,0
liquid100_mat5,any_relevance,2week,Logistic_Regression,Config_Hybrid,EIB,D00135,1,1
liquid100_mat5,any_relevance,2week,Logistic_Regression,Config_Hybrid,EIB,D00136,0,1
liquid100_mat5,any_relevance,2week,Logistic_Regression,Config_Hybrid,EIB,D00137,0,0
liquid100_mat5,any_relevance,2week,Logistic_Regression,Config_Hybrid,EIB,D00138,0,0
liquid100_mat5,any_relevance,2week,Logistic_Regression,Config_Hybrid,EIB,D00139,0,0
liquid100_mat5,any_relevance,2week,Logistic_Regression,Config_Hybrid,EIB,D00140,0,0
liquid100_mat5,any_relevance,2week,Logistic_Regression,Config_Hybrid,EIB,D00141,0,0
liquid100_mat5,any_relevance,2week,Logistic_Regression,Config_Hybrid,EIB,D00142,0,0
liquid100_mat5,any_relevance,2week,Logistic_Regression,Config_Hybrid,FPT,D00119,0,0
liquid100_mat5,any_relevance,2week,Logistic_Regression,Config_Hybrid,FPT,D00120,0,0
liquid100_mat5,any_relevance,2week,Logistic_Regression,Config_Hybrid,FPT,D00121,0,0
liquid100_mat5,any_relevance,2week,Logistic_Regression,Config_Hybrid,FPT,D00122,0,0
liquid100_mat5,any_relevance,2week,Logistic_Regression,Config_Hybrid,FPT,D00123,0,0
liquid100_mat5,any_relevance,2week,Logistic_Regression,Config_Hybrid,FPT,D00124,1,0
liquid100_mat5,any_relevance,2week,Logistic_Regression,Config_Hybrid,FPT,D00125,1,1
liquid100_mat5,any_relevance,2week,Logistic_Regression,Config_Hybrid,FPT,D00126,0,0
liquid100_mat5,any_relevance,2week,Logistic_Regression,Config_Hybrid,FPT,D00127,0,0
liquid100_mat5,any_relevance,2week,Logistic_Regression,Config_Hybrid,FPT,D00128,0,0
liquid100_mat5,any_relevance,2week,Logistic_Regression,Config_Hybrid,FPT,D00129,0,0
liquid100_mat5,any_relevance,2week,Logistic_Regression,Config_Hybrid,FPT,D00130,1,0
liquid100_mat5,any_relevance,2week,Logistic_Regression,Config_Hybrid,FPT,D00131,0,0
liquid100_mat5,any_relevance,2week,Logistic_Regression,Config_Hybrid,FPT,D00132,0,0
liquid100_mat5,any_relevance,2week,Logistic_Regression,Config_Hybrid,FPT,D00133,0,0
liquid100_mat5,any_relevance,2week,Logistic_Regression,Config_Hybrid,FPT,D00134,0,0
liquid100_mat5,any_relevance,2week,Logistic_Regression,Config_Hybrid,FPT,D00135,0,0
liquid100_mat5,any_relevance,2week,Logistic_Regression,Config_Hybrid,FPT,D00136,0,0
liquid100_mat5,any_relevance,2week,Logistic_Regression,Config_Hybrid,FPT,D00137,0,0
liquid100_mat5,any_relevance,2week,Logistic_Regression,Config_Hybrid,FPT,D00138,0,0
liquid100_mat5,any_relevance,2week,Logistic_Regression,Config_Hybrid,FPT,D00139,1,1
liquid100_mat5,any_relevance,2week,Logistic_Regression,Config_Hybrid,FPT,D00140,0,0
liquid100_mat5,any_relevance,2week,Logistic_Regression,Config_Hybrid,FPT,D00141,0,0
liquid100_mat5,any_relevance,2week,Logistic_Regression,Config_Hybrid,FPT,D00142,0,0
liquid100_mat5,any_relevance,2week,Logistic_Regression,Config_Hybrid,GAS,D00119,1,1
liquid100_mat5,any_relevance,2week,Logistic_Regression,Config_Hybrid,GAS,D00120,0,0
liquid100_mat5,any_relevance,2week,Logistic_Regression,Config_Hybrid,GAS,D00121,0,0
liquid100_mat5,any_relevance,2week,Logistic_Regression,Config_Hybrid,GAS,D00122,0,0
liquid100_mat5,any_relevance,2week,Logistic_Regression,Config_Hybrid,GAS,D00123,0,0
liquid100_mat5,any_relevance,2week,Logistic_Regression,Config_Hybrid,GAS,D00124,0,0
liquid100_mat5,any_relevance,2week,Logistic_Regression,Config_Hybrid,GAS,D00125,1,1
liquid100_mat5,any_relevance,2week,Logistic_Regression,Config_Hybrid,GAS,D00126,0,0
liquid100_mat5,any_relevance,2week,Logistic_Regression,Config_Hybrid,GAS,D00127,1,1
liquid100_mat5,any_relevance,2week,Logistic_Regression,Config_Hybrid,GAS,D00128,0,0
liquid100_mat5,any_relevance,2week,Logistic_Regression,Config_Hybrid,GAS,D00129,1,1
liquid100_mat5,any_relevance,2week,Logistic_Regression,Config_Hybrid,GAS,D00130,1,1
liquid100_mat5,any_relevance,2week,Logistic_Regression,Config_Hybrid,GAS,D00131,1,0
liquid100_mat5,any_relevance,2week,Logistic_Regression,Config_Hybrid,GAS,D00132,0,0
liquid100_mat5,any_relevance,2week,Logistic_Regression,Config_Hybrid,GAS,D00133,1,0
liquid100_mat5,any_relevance,2week,Logistic_Regression,Config_Hybrid,GAS,D00134,0,0
liquid100_mat5,any_relevance,2week,Logistic_Regression,Config_Hybrid,GAS,D00135,0,0
liquid100_mat5,any_relevance,2week,Logistic_Regression,Config_Hybrid,GAS,D00136,0,0
liquid100_mat5,any_relevance,2week,Logistic_Regression,Config_Hybrid,GAS,D00137,0,0
liquid100_mat5,any_relevance,2week,Logistic_Regression,Config_Hybrid,GAS,D00138,0,0
liquid100_mat5,any_relevance,2week,Logistic_Regression,Config_Hybrid,GAS,D00139,1,1
liquid100_mat5,any_relevance,2week,Logistic_Regression,Config_Hybrid,GAS,D00140,0,0
liquid100_mat5,any_relevance,2week,Logistic_Regression,Config_Hybrid,GAS,D00141,0,0
liquid100_mat5,any_relevance,2week,Logistic_Regression,Config_Hybrid,GAS,D00142,0,0
liquid100_mat5,any_relevance,2week,Logistic_Regression,Config_Hybrid,GEX,D00119,0,0
liquid100_mat5,any_relevance,2week,Logistic_Regression,Config_Hybrid,GEX,D00120,0,0
liquid100_mat5,any_relevance,2week,Logistic_Regression,Config_Hybrid,GEX,D00121,0,0
liquid100_mat5,any_relevance,2week,Logistic_Regression,Config_Hybrid,GEX,D00122,0,1
liquid100_mat5,any_relevance,2week,Logistic_Regression,Config_Hybrid,GEX,D00123,1,0
liquid100_mat5,any_relevance,2week,Logistic_Regression,Config_Hybrid,GEX,D00124,0,1
liquid100_mat5,any_relevance,2week,Logistic_Regression,Config_Hybrid,GEX,D00125,0,0
liquid100_mat5,any_relevance,2week,Logistic_Regression,Config_Hybrid,GEX,D00126,1,1
liquid100_mat5,any_relevance,2week,Logistic_Regression,Config_Hybrid,GEX,D00127,0,1
liquid100_mat5,any_relevance,2week,Logistic_Regression,Config_Hybrid,GEX,D00128,0,0
liquid100_mat5,any_relevance,2week,Logistic_Regression,Config_Hybrid,GEX,D00129,0,1
liquid100_mat5,any_relevance,2week,Logistic_Regression,Config_Hybrid,GEX,D00130,0,0
liquid100_mat5,any_relevance,2week,Logistic_Regression,Config_Hybrid,GEX,D00131,0,0
liquid100_mat5,any_relevance,2week,Logistic_Regression,Config_Hybrid,GEX,D00132,0,1
liquid100_mat5,any_relevance,2week,Logistic_Regression,Config_Hybrid,GEX,D00133,1,1
liquid100_mat5,any_relevance,2week,Logistic_Regression,Config_Hybrid,GEX,D00134,0,0
liquid100_mat5,any_relevance,2week,Logistic_Regression,Config_Hybrid,GEX,D00135,1,1
liquid100_mat5,any_relevance,2week,Logistic_Regression,Config_Hybrid,GEX,D00136,1,1
liquid100_mat5,any_relevance,2week,Logistic_Regression,Config_Hybrid,GEX,D00137,0,1
liquid100_mat5,any_relevance,2week,Logistic_Regression,Config_Hybrid,GEX,D00138,1,0
liquid100_mat5,any_relevance,2week,Logistic_Regression,Config_Hybrid,GEX,D00139,1,1
liquid100_mat5,any_relevance,2week,Logistic_Regression,Config_Hybrid,GEX,D00140,0,0
liquid100_mat5,any_relevance,2week,Logistic_Regression,Config_Hybrid,GEX,D00141,0,0
liquid100_mat5,any_relevance,2week,Logistic_Regression,Config_Hybrid,GEX,D00142,0,0
liquid100_mat5,any_relevance,2week,Logistic_Regression,Config_Hybrid,GMD,D00119,1,1
liquid100_mat5,any_relevance,2week,Logistic_Regression,Config_Hybrid,GMD,D00120,1,0
liquid100_mat5,any_relevance,2week,Logistic_Regression,Config_Hybrid,GMD,D00121,1,1
liquid100_mat5,any_relevance,2week,Logistic_Regression,Config_Hybrid,GMD,D00122,0,0
liquid100_mat5,any_relevance,2week,Logistic_Regression,Config_Hybrid,GMD,D00123,0,0
liquid100_mat5,any_relevance,2week,Logistic_Regression,Config_Hybrid,GMD,D00124,0,0
liquid100_mat5,any_relevance,2week,Logistic_Regression,Config_Hybrid,GMD,D00125,0,1
liquid100_mat5,any_relevance,2week,Logistic_Regression,Config_Hybrid,GMD,D00126,0,0
liquid100_mat5,any_relevance,2week,Logistic_Regression,Config_Hybrid,GMD,D00127,0,0
liquid100_mat5,any_relevance,2week,Logistic_Regression,Config_Hybrid,GMD,D00128,0,0
liquid100_mat5,any_relevance,2week,Logistic_Regression,Config_Hybrid,GMD,D00129,1,1
liquid100_mat5,any_relevance,2week,Logistic_Regression,Config_Hybrid,GMD,D00130,1,1
liquid100_mat5,any_relevance,2week,Logistic_Regression,Config_Hybrid,GMD,D00131,1,1
liquid100_mat5,any_relevance,2week,Logistic_Regression,Config_Hybrid,GMD,D00132,1,0
liquid100_mat5,any_relevance,2week,Logistic_Regression,Config_Hybrid,GMD,D00133,1,1
liquid100_mat5,any_relevance,2week,Logistic_Regression,Config_Hybrid,GMD,D00134,0,0
liquid100_mat5,any_relevance,2week,Logistic_Regression,Config_Hybrid,GMD,D00135,0,0
liquid100_mat5,any_relevance,2week,Logistic_Regression,Config_Hybrid,GMD,D00136,0,0
liquid100_mat5,any_relevance,2week,Logistic_Regression,Config_Hybrid,GMD,D00137,1,0
liquid100_mat5,any_relevance,2week,Logistic_Regression,Config_Hybrid,GMD,D00138,1,0
liquid100_mat5,any_relevance,2week,Logistic_Regression,Config_Hybrid,GMD,D00139,0,0
liquid100_mat5,any_relevance,2week,Logistic_Regression,Config_Hybrid,GMD,D00140,0,0
liquid100_mat5,any_relevance,2week,Logistic_Regression,Config_Hybrid,GMD,D00141,1,0
liquid100_mat5,any_relevance,2week,Logistic_Regression,Config_Hybrid,GMD,D00142,0,0
liquid100_mat5,any_relevance,2week,Logistic_Regression,Config_Hybrid,GVR,D00119,1,1
liquid100_mat5,any_relevance,2week,Logistic_Regression,Config_Hybrid,GVR,D00120,0,0
liquid100_mat5,any_relevance,2week,Logistic_Regression,Config_Hybrid,GVR,D00121,0,1
liquid100_mat5,any_relevance,2week,Logistic_Regression,Config_Hybrid,GVR,D00122,0,0
liquid100_mat5,any_relevance,2week,Logistic_Regression,Config_Hybrid,GVR,D00123,0,0
liquid100_mat5,any_relevance,2week,Logistic_Regression,Config_Hybrid,GVR,D00124,0,0
liquid100_mat5,any_relevance,2week,Logistic_Regression,Config_Hybrid,GVR,D00125,1,1
liquid100_mat5,any_relevance,2week,Logistic_Regression,Config_Hybrid,GVR,D00126,0,1
liquid100_mat5,any_relevance,2week,Logistic_Regression,Config_Hybrid,GVR,D00127,0,0
liquid100_mat5,any_relevance,2week,Logistic_Regression,Config_Hybrid,GVR,D00128,0,0
liquid100_mat5,any_relevance,2week,Logistic_Regression,Config_Hybrid,GVR,D00129,1,0
liquid100_mat5,any_relevance,2week,Logistic_Regression,Config_Hybrid,GVR,D00130,1,1
liquid100_mat5,any_relevance,2week,Logistic_Regression,Config_Hybrid,GVR,D00131,1,0
liquid100_mat5,any_relevance,2week,Logistic_Regression,Config_Hybrid,GVR,D00132,0,0
liquid100_mat5,any_relevance,2week,Logistic_Regression,Config_Hybrid,GVR,D00133,1,0
liquid100_mat5,any_relevance,2week,Logistic_Regression,Config_Hybrid,GVR,D00134,0,0
liquid100_mat5,any_relevance,2week,Logistic_Regression,Config_Hybrid,GVR,D00135,0,0
liquid100_mat5,any_relevance,2week,Logistic_Regression,Config_Hybrid,GVR,D00136,1,1
liquid100_mat5,any_relevance,2week,Logistic_Regression,Config_Hybrid,GVR,D00137,0,0
liquid100_mat5,any_relevance,2week,Logistic_Regression,Config_Hybrid,GVR,D00138,1,1
liquid100_mat5,any_relevance,2week,Logistic_Regression,Config_Hybrid,GVR,D00139,0,0
liquid100_mat5,any_relevance,2week,Logistic_Regression,Config_Hybrid,GVR,D00140,0,0
liquid100_mat5,any_relevance,2week,Logistic_Regression,Config_Hybrid,GVR,D00141,0,1
liquid100_mat5,any_relevance,2week,Logistic_Regression,Config_Hybrid,GVR,D00142,0,0
liquid100_mat5,any_relevance,2week,Logistic_Regression,Config_Hybrid,HCM,D00119,1,1
liquid100_mat5,any_relevance,2week,Logistic_Regression,Config_Hybrid,HCM,D00120,0,0
liquid100_mat5,any_relevance,2week,Logistic_Regression,Config_Hybrid,HCM,D00121,0,1
liquid100_mat5,any_relevance,2week,Logistic_Regression,Config_Hybrid,HCM,D00122,0,0
liquid100_mat5,any_relevance,2week,Logistic_Regression,Config_Hybrid,HCM,D00123,1,0
liquid100_mat5,any_relevance,2week,Logistic_Regression,Config_Hybrid,HCM,D00124,0,0
liquid100_mat5,any_relevance,2week,Logistic_Regression,Config_Hybrid,HCM,D00125,0,0
liquid100_mat5,any_relevance,2week,Logistic_Regression,Config_Hybrid,HCM,D00126,0,1
liquid100_mat5,any_relevance,2week,Logistic_Regression,Config_Hybrid,HCM,D00127,0,1
liquid100_mat5,any_relevance,2week,Logistic_Regression,Config_Hybrid,HCM,D00128,0,1
liquid100_mat5,any_relevance,2week,Logistic_Regression,Config_Hybrid,HCM,D00129,0,0
liquid100_mat5,any_relevance,2week,Logistic_Regression,Config_Hybrid,HCM,D00130,1,1
liquid100_mat5,any_relevance,2week,Logistic_Regression,Config_Hybrid,HCM,D00131,0,0
liquid100_mat5,any_relevance,2week,Logistic_Regression,Config_Hybrid,HCM,D00132,0,0
liquid100_mat5,any_relevance,2week,Logistic_Regression,Config_Hybrid,HCM,D00133,1,1
liquid100_mat5,any_relevance,2week,Logistic_Regression,Config_Hybrid,HCM,D00134,0,1
liquid100_mat5,any_relevance,2week,Logistic_Regression,Config_Hybrid,HCM,D00135,0,0
liquid100_mat5,any_relevance,2week,Logistic_Regression,Config_Hybrid,HCM,D00136,1,1
liquid100_mat5,any_relevance,2week,Logistic_Regression,Config_Hybrid,HCM,D00137,1,1
liquid100_mat5,any_relevance,2week,Logistic_Regression,Config_Hybrid,HCM,D00138,1,0
liquid100_mat5,any_relevance,2week,Logistic_Regression,Config_Hybrid,HCM,D00139,1,1
liquid100_mat5,any_relevance,2week,Logistic_Regression,Config_Hybrid,HCM,D00140,0,0
liquid100_mat5,any_relevance,2week,Logistic_Regression,Config_Hybrid,HCM,D00141,0,1
liquid100_mat5,any_relevance,2week,Logistic_Regression,Config_Hybrid,HCM,D00142,0,0
liquid100_mat5,any_relevance,2week,Logistic_Regression,Config_Hybrid,HDB,D00119,1,1
liquid100_mat5,any_relevance,2week,Logistic_Regression,Config_Hybrid,HDB,D00120,1,1
liquid100_mat5,any_relevance,2week,Logistic_Regression,Config_Hybrid,HDB,D00121,0,1
liquid100_mat5,any_relevance,2week,Logistic_Regression,Config_Hybrid,HDB,D00122,0,0
liquid100_mat5,any_relevance,2week,Logistic_Regression,Config_Hybrid,HDB,D00123,1,1
liquid100_mat5,any_relevance,2week,Logistic_Regression,Config_Hybrid,HDB,D00124,0,1
liquid100_mat5,any_relevance,2week,Logistic_Regression,Config_Hybrid,HDB,D00125,0,1
liquid100_mat5,any_relevance,2week,Logistic_Regression,Config_Hybrid,HDB,D00126,1,0
liquid100_mat5,any_relevance,2week,Logistic_Regression,Config_Hybrid,HDB,D00127,1,1
liquid100_mat5,any_relevance,2week,Logistic_Regression,Config_Hybrid,HDB,D00128,1,0
liquid100_mat5,any_relevance,2week,Logistic_Regression,Config_Hybrid,HDB,D00129,1,1
liquid100_mat5,any_relevance,2week,Logistic_Regression,Config_Hybrid,HDB,D00130,0,0
liquid100_mat5,any_relevance,2week,Logistic_Regression,Config_Hybrid,HDB,D00131,0,1
liquid100_mat5,any_relevance,2week,Logistic_Regression,Config_Hybrid,HDB,D00132,0,0
liquid100_mat5,any_relevance,2week,Logistic_Regression,Config_Hybrid,HDB,D00133,0,1
liquid100_mat5,any_relevance,2week,Logistic_Regression,Config_Hybrid,HDB,D00134,0,0
liquid100_mat5,any_relevance,2week,Logistic_Regression,Config_Hybrid,HDB,D00135,0,1
liquid100_mat5,any_relevance,2week,Logistic_Regression,Config_Hybrid,HDB,D00136,1,1
liquid100_mat5,any_relevance,2week,Logistic_Regression,Config_Hybrid,HDB,D00137,1,1
liquid100_mat5,any_relevance,2week,Logistic_Regression,Config_Hybrid,HDB,D00138,0,0
liquid100_mat5,any_relevance,2week,Logistic_Regression,Config_Hybrid,HDB,D00139,0,1
liquid100_mat5,any_relevance,2week,Logistic_Regression,Config_Hybrid,HDB,D00140,0,0
liquid100_mat5,any_relevance,2week,Logistic_Regression,Config_Hybrid,HDB,D00141,0,0
liquid100_mat5,any_relevance,2week,Logistic_Regression,Config_Hybrid,HDB,D00142,0,1
liquid100_mat5,any_relevance,2week,Logistic_Regression,Config_Hybrid,HPG,D00119,1,1
liquid100_mat5,any_relevance,2week,Logistic_Regression,Config_Hybrid,HPG,D00120,0,0
liquid100_mat5,any_relevance,2week,Logistic_Regression,Config_Hybrid,HPG,D00121,1,1
liquid100_mat5,any_relevance,2week,Logistic_Regression,Config_Hybrid,HPG,D00122,0,0
liquid100_mat5,any_relevance,2week,Logistic_Regression,Config_Hybrid,HPG,D00123,0,0
liquid100_mat5,any_relevance,2week,Logistic_Regression,Config_Hybrid,HPG,D00124,0,0
liquid100_mat5,any_relevance,2week,Logistic_Regression,Config_Hybrid,HPG,D00125,0,1
liquid100_mat5,any_relevance,2week,Logistic_Regression,Config_Hybrid,HPG,D00126,1,1
liquid100_mat5,any_relevance,2week,Logistic_Regression,Config_Hybrid,HPG,D00127,0,0
liquid100_mat5,any_relevance,2week,Logistic_Regression,Config_Hybrid,HPG,D00128,0,0
liquid100_mat5,any_relevance,2week,Logistic_Regression,Config_Hybrid,HPG,D00129,0,0
liquid100_mat5,any_relevance,2week,Logistic_Regression,Config_Hybrid,HPG,D00130,1,0
liquid100_mat5,any_relevance,2week,Logistic_Regression,Config_Hybrid,HPG,D00131,0,0
liquid100_mat5,any_relevance,2week,Logistic_Regression,Config_Hybrid,HPG,D00132,0,1
liquid100_mat5,any_relevance,2week,Logistic_Regression,Config_Hybrid,HPG,D00133,1,0
liquid100_mat5,any_relevance,2week,Logistic_Regression,Config_Hybrid,HPG,D00134,0,0
liquid100_mat5,any_relevance,2week,Logistic_Regression,Config_Hybrid,HPG,D00135,0,0
liquid100_mat5,any_relevance,2week,Logistic_Regression,Config_Hybrid,HPG,D00136,1,1
liquid100_mat5,any_relevance,2week,Logistic_Regression,Config_Hybrid,HPG,D00137,0,0
liquid100_mat5,any_relevance,2week,Logistic_Regression,Config_Hybrid,HPG,D00138,0,0
liquid100_mat5,any_relevance,2week,Logistic_Regression,Config_Hybrid,HPG,D00139,0,0
liquid100_mat5,any_relevance,2week,Logistic_Regression,Config_Hybrid,HPG,D00140,0,0
liquid100_mat5,any_relevance,2week,Logistic_Regression,Config_Hybrid,HPG,D00141,0,0
liquid100_mat5,any_relevance,2week,Logistic_Regression,Config_Hybrid,HPG,D00142,0,0
liquid100_mat5,any_relevance,2week,Logistic_Regression,Config_Hybrid,KDH,D00119,1,1
liquid100_mat5,any_relevance,2week,Logistic_Regression,Config_Hybrid,KDH,D00120,0,0
liquid100_mat5,any_relevance,2week,Logistic_Regression,Config_Hybrid,KDH,D00121,0,1
liquid100_mat5,any_relevance,2week,Logistic_Regression,Config_Hybrid,KDH,D00122,0,0
liquid100_mat5,any_relevance,2week,Logistic_Regression,Config_Hybrid,KDH,D00123,0,0
liquid100_mat5,any_relevance,2week,Logistic_Regression,Config_Hybrid,KDH,D00124,0,1
liquid100_mat5,any_relevance,2week,Logistic_Regression,Config_Hybrid,KDH,D00125,1,1
liquid100_mat5,any_relevance,2week,Logistic_Regression,Config_Hybrid,KDH,D00126,1,1
liquid100_mat5,any_relevance,2week,Logistic_Regression,Config_Hybrid,KDH,D00127,0,1
liquid100_mat5,any_relevance,2week,Logistic_Regression,Config_Hybrid,KDH,D00128,0,0
liquid100_mat5,any_relevance,2week,Logistic_Regression,Config_Hybrid,KDH,D00129,0,1
liquid100_mat5,any_relevance,2week,Logistic_Regression,Config_Hybrid,KDH,D00130,0,0
liquid100_mat5,any_relevance,2week,Logistic_Regression,Config_Hybrid,KDH,D00131,0,1
liquid100_mat5,any_relevance,2week,Logistic_Regression,Config_Hybrid,KDH,D00132,0,0
liquid100_mat5,any_relevance,2week,Logistic_Regression,Config_Hybrid,KDH,D00133,0,1
liquid100_mat5,any_relevance,2week,Logistic_Regression,Config_Hybrid,KDH,D00134,0,0
liquid100_mat5,any_relevance,2week,Logistic_Regression,Config_Hybrid,KDH,D00135,0,1
liquid100_mat5,any_relevance,2week,Logistic_Regression,Config_Hybrid,KDH,D00136,0,1
liquid100_mat5,any_relevance,2week,Logistic_Regression,Config_Hybrid,KDH,D00137,0,1
liquid100_mat5,any_relevance,2week,Logistic_Regression,Config_Hybrid,KDH,D00138,0,0
liquid100_mat5,any_relevance,2week,Logistic_Regression,Config_Hybrid,KDH,D00139,0,1
liquid100_mat5,any_relevance,2week,Logistic_Regression,Config_Hybrid,KDH,D00140,0,1
liquid100_mat5,any_relevance,2week,Logistic_Regression,Config_Hybrid,KDH,D00141,0,1
liquid100_mat5,any_relevance,2week,Logistic_Regression,Config_Hybrid,KDH,D00142,0,0
liquid100_mat5,any_relevance,2week,Logistic_Regression,Config_Hybrid,MBB,D00119,1,1
liquid100_mat5,any_relevance,2week,Logistic_Regression,Config_Hybrid,MBB,D00120,1,0
liquid100_mat5,any_relevance,2week,Logistic_Regression,Config_Hybrid,MBB,D00121,0,1
liquid100_mat5,any_relevance,2week,Logistic_Regression,Config_Hybrid,MBB,D00122,0,0
liquid100_mat5,any_relevance,2week,Logistic_Regression,Config_Hybrid,MBB,D00123,1,1
liquid100_mat5,any_relevance,2week,Logistic_Regression,Config_Hybrid,MBB,D00124,0,0
liquid100_mat5,any_relevance,2week,Logistic_Regression,Config_Hybrid,MBB,D00125,0,0
liquid100_mat5,any_relevance,2week,Logistic_Regression,Config_Hybrid,MBB,D00126,0,1
liquid100_mat5,any_relevance,2week,Logistic_Regression,Config_Hybrid,MBB,D00127,1,1
liquid100_mat5,any_relevance,2week,Logistic_Regression,Config_Hybrid,MBB,D00128,0,1
liquid100_mat5,any_relevance,2week,Logistic_Regression,Config_Hybrid,MBB,D00129,1,1
liquid100_mat5,any_relevance,2week,Logistic_Regression,Config_Hybrid,MBB,D00130,1,1
liquid100_mat5,any_relevance,2week,Logistic_Regression,Config_Hybrid,MBB,D00131,0,0
liquid100_mat5,any_relevance,2week,Logistic_Regression,Config_Hybrid,MBB,D00132,1,0
liquid100_mat5,any_relevance,2week,Logistic_Regression,Config_Hybrid,MBB,D00133,0,0
liquid100_mat5,any_relevance,2week,Logistic_Regression,Config_Hybrid,MBB,D00134,0,0
liquid100_mat5,any_relevance,2week,Logistic_Regression,Config_Hybrid,MBB,D00135,0,1
liquid100_mat5,any_relevance,2week,Logistic_Regression,Config_Hybrid,MBB,D00136,0,1
liquid100_mat5,any_relevance,2week,Logistic_Regression,Config_Hybrid,MBB,D00137,0,0
liquid100_mat5,any_relevance,2week,Logistic_Regression,Config_Hybrid,MBB,D00138,0,0
liquid100_mat5,any_relevance,2week,Logistic_Regression,Config_Hybrid,MBB,D00139,0,0
liquid100_mat5,any_relevance,2week,Logistic_Regression,Config_Hybrid,MBB,D00140,0,1
liquid100_mat5,any_relevance,2week,Logistic_Regression,Config_Hybrid,MBB,D00141,0,0
liquid100_mat5,any_relevance,2week,Logistic_Regression,Config_Hybrid,MBB,D00142,0,0
liquid100_mat5,any_relevance,2week,Logistic_Regression,Config_Hybrid,MSB,D00119,1,1
liquid100_mat5,any_relevance,2week,Logistic_Regression,Config_Hybrid,MSB,D00120,1,1
liquid100_mat5,any_relevance,2week,Logistic_Regression,Config_Hybrid,MSB,D00121,0,1
liquid100_mat5,any_relevance,2week,Logistic_Regression,Config_Hybrid,MSB,D00122,0,0
liquid100_mat5,any_relevance,2week,Logistic_Regression,Config_Hybrid,MSB,D00123,0,1
liquid100_mat5,any_relevance,2week,Logistic_Regression,Config_Hybrid,MSB,D00124,0,0
liquid100_mat5,any_relevance,2week,Logistic_Regression,Config_Hybrid,MSB,D00125,0,1
liquid100_mat5,any_relevance,2week,Logistic_Regression,Config_Hybrid,MSB,D00126,0,1
liquid100_mat5,any_relevance,2week,Logistic_Regression,Config_Hybrid,MSB,D00127,1,1
liquid100_mat5,any_relevance,2week,Logistic_Regression,Config_Hybrid,MSB,D00128,0,0
liquid100_mat5,any_relevance,2week,Logistic_Regression,Config_Hybrid,MSB,D00129,0,0
liquid100_mat5,any_relevance,2week,Logistic_Regression,Config_Hybrid,MSB,D00130,0,1
liquid100_mat5,any_relevance,2week,Logistic_Regression,Config_Hybrid,MSB,D00131,0,1
liquid100_mat5,any_relevance,2week,Logistic_Regression,Config_Hybrid,MSB,D00132,0,0
liquid100_mat5,any_relevance,2week,Logistic_Regression,Config_Hybrid,MSB,D00133,0,1
liquid100_mat5,any_relevance,2week,Logistic_Regression,Config_Hybrid,MSB,D00134,0,0
liquid100_mat5,any_relevance,2week,Logistic_Regression,Config_Hybrid,MSB,D00135,0,1
liquid100_mat5,any_relevance,2week,Logistic_Regression,Config_Hybrid,MSB,D00136,1,1
liquid100_mat5,any_relevance,2week,Logistic_Regression,Config_Hybrid,MSB,D00137,1,1
liquid100_mat5,any_relevance,2week,Logistic_Regression,Config_Hybrid,MSB,D00138,1,0
liquid100_mat5,any_relevance,2week,Logistic_Regression,Config_Hybrid,MSB,D00139,1,1
liquid100_mat5,any_relevance,2week,Logistic_Regression,Config_Hybrid,MSB,D00140,0,1
liquid100_mat5,any_relevance,2week,Logistic_Regression,Config_Hybrid,MSB,D00141,1,0
liquid100_mat5,any_relevance,2week,Logistic_Regression,Config_Hybrid,MSB,D00142,1,1
liquid100_mat5,any_relevance,2week,Logistic_Regression,Config_Hybrid,MSN,D00119,1,0
liquid100_mat5,any_relevance,2week,Logistic_Regression,Config_Hybrid,MSN,D00120,0,0
liquid100_mat5,any_relevance,2week,Logistic_Regression,Config_Hybrid,MSN,D00121,0,0
liquid100_mat5,any_relevance,2week,Logistic_Regression,Config_Hybrid,MSN,D00122,0,0
liquid100_mat5,any_relevance,2week,Logistic_Regression,Config_Hybrid,MSN,D00123,0,0
liquid100_mat5,any_relevance,2week,Logistic_Regression,Config_Hybrid,MSN,D00124,0,1
liquid100_mat5,any_relevance,2week,Logistic_Regression,Config_Hybrid,MSN,D00125,0,0
liquid100_mat5,any_relevance,2week,Logistic_Regression,Config_Hybrid,MSN,D00126,0,0
liquid100_mat5,any_relevance,2week,Logistic_Regression,Config_Hybrid,MSN,D00127,0,0
liquid100_mat5,any_relevance,2week,Logistic_Regression,Config_Hybrid,MSN,D00128,0,0
liquid100_mat5,any_relevance,2week,Logistic_Regression,Config_Hybrid,MSN,D00129,1,1
liquid100_mat5,any_relevance,2week,Logistic_Regression,Config_Hybrid,MSN,D00130,1,1
liquid100_mat5,any_relevance,2week,Logistic_Regression,Config_Hybrid,MSN,D00131,0,0
liquid100_mat5,any_relevance,2week,Logistic_Regression,Config_Hybrid,MSN,D00132,0,0
liquid100_mat5,any_relevance,2week,Logistic_Regression,Config_Hybrid,MSN,D00133,0,0
liquid100_mat5,any_relevance,2week,Logistic_Regression,Config_Hybrid,MSN,D00134,0,0
liquid100_mat5,any_relevance,2week,Logistic_Regression,Config_Hybrid,MSN,D00135,0,1
liquid100_mat5,any_relevance,2week,Logistic_Regression,Config_Hybrid,MSN,D00136,1,1
liquid100_mat5,any_relevance,2week,Logistic_Regression,Config_Hybrid,MSN,D00137,0,0
liquid100_mat5,any_relevance,2week,Logistic_Regression,Config_Hybrid,MSN,D00138,0,0
liquid100_mat5,any_relevance,2week,Logistic_Regression,Config_Hybrid,MSN,D00139,0,0
liquid100_mat5,any_relevance,2week,Logistic_Regression,Config_Hybrid,MSN,D00140,0,0
liquid100_mat5,any_relevance,2week,Logistic_Regression,Config_Hybrid,MSN,D00141,0,0
liquid100_mat5,any_relevance,2week,Logistic_Regression,Config_Hybrid,MSN,D00142,0,0
liquid100_mat5,any_relevance,2week,Logistic_Regression,Config_Hybrid,NVL,D00119,1,1
liquid100_mat5,any_relevance,2week,Logistic_Regression,Config_Hybrid,NVL,D00120,0,0
liquid100_mat5,any_relevance,2week,Logistic_Regression,Config_Hybrid,NVL,D00121,0,1
liquid100_mat5,any_relevance,2week,Logistic_Regression,Config_Hybrid,NVL,D00122,0,0
liquid100_mat5,any_relevance,2week,Logistic_Regression,Config_Hybrid,NVL,D00123,0,0
liquid100_mat5,any_relevance,2week,Logistic_Regression,Config_Hybrid,NVL,D00124,0,1
liquid100_mat5,any_relevance,2week,Logistic_Regression,Config_Hybrid,NVL,D00125,0,0
liquid100_mat5,any_relevance,2week,Logistic_Regression,Config_Hybrid,NVL,D00126,1,1
liquid100_mat5,any_relevance,2week,Logistic_Regression,Config_Hybrid,NVL,D00127,0,0
liquid100_mat5,any_relevance,2week,Logistic_Regression,Config_Hybrid,NVL,D00128,0,0
liquid100_mat5,any_relevance,2week,Logistic_Regression,Config_Hybrid,NVL,D00129,0,1
liquid100_mat5,any_relevance,2week,Logistic_Regression,Config_Hybrid,NVL,D00130,0,0
liquid100_mat5,any_relevance,2week,Logistic_Regression,Config_Hybrid,NVL,D00131,0,1
liquid100_mat5,any_relevance,2week,Logistic_Regression,Config_Hybrid,NVL,D00132,0,1
liquid100_mat5,any_relevance,2week,Logistic_Regression,Config_Hybrid,NVL,D00133,0,1
liquid100_mat5,any_relevance,2week,Logistic_Regression,Config_Hybrid,NVL,D00134,0,0
liquid100_mat5,any_relevance,2week,Logistic_Regression,Config_Hybrid,NVL,D00135,1,1
liquid100_mat5,any_relevance,2week,Logistic_Regression,Config_Hybrid,NVL,D00136,1,1
liquid100_mat5,any_relevance,2week,Logistic_Regression,Config_Hybrid,NVL,D00137,1,1
liquid100_mat5,any_relevance,2week,Logistic_Regression,Config_Hybrid,NVL,D00138,0,1
liquid100_mat5,any_relevance,2week,Logistic_Regression,Config_Hybrid,NVL,D00139,0,0
liquid100_mat5,any_relevance,2week,Logistic_Regression,Config_Hybrid,NVL,D00140,0,0
liquid100_mat5,any_relevance,2week,Logistic_Regression,Config_Hybrid,NVL,D00141,0,1
liquid100_mat5,any_relevance,2week,Logistic_Regression,Config_Hybrid,NVL,D00142,0,0
liquid100_mat5,any_relevance,2week,Logistic_Regression,Config_Hybrid,PDR,D00119,1,1
liquid100_mat5,any_relevance,2week,Logistic_Regression,Config_Hybrid,PDR,D00120,1,0
liquid100_mat5,any_relevance,2week,Logistic_Regression,Config_Hybrid,PDR,D00121,0,1
liquid100_mat5,any_relevance,2week,Logistic_Regression,Config_Hybrid,PDR,D00122,0,0
liquid100_mat5,any_relevance,2week,Logistic_Regression,Config_Hybrid,PDR,D00123,0,0
liquid100_mat5,any_relevance,2week,Logistic_Regression,Config_Hybrid,PDR,D00124,0,1
liquid100_mat5,any_relevance,2week,Logistic_Regression,Config_Hybrid,PDR,D00125,0,0
liquid100_mat5,any_relevance,2week,Logistic_Regression,Config_Hybrid,PDR,D00126,1,1
liquid100_mat5,any_relevance,2week,Logistic_Regression,Config_Hybrid,PDR,D00127,0,1
liquid100_mat5,any_relevance,2week,Logistic_Regression,Config_Hybrid,PDR,D00128,0,0
liquid100_mat5,any_relevance,2week,Logistic_Regression,Config_Hybrid,PDR,D00129,0,1
liquid100_mat5,any_relevance,2week,Logistic_Regression,Config_Hybrid,PDR,D00130,0,0
liquid100_mat5,any_relevance,2week,Logistic_Regression,Config_Hybrid,PDR,D00131,0,1
liquid100_mat5,any_relevance,2week,Logistic_Regression,Config_Hybrid,PDR,D00132,0,1
liquid100_mat5,any_relevance,2week,Logistic_Regression,Config_Hybrid,PDR,D00133,0,1
liquid100_mat5,any_relevance,2week,Logistic_Regression,Config_Hybrid,PDR,D00134,0,0
liquid100_mat5,any_relevance,2week,Logistic_Regression,Config_Hybrid,PDR,D00135,1,1
liquid100_mat5,any_relevance,2week,Logistic_Regression,Config_Hybrid,PDR,D00136,1,1
liquid100_mat5,any_relevance,2week,Logistic_Regression,Config_Hybrid,PDR,D00137,0,1
liquid100_mat5,any_relevance,2week,Logistic_Regression,Config_Hybrid,PDR,D00138,0,1
liquid100_mat5,any_relevance,2week,Logistic_Regression,Config_Hybrid,PDR,D00139,0,1
liquid100_mat5,any_relevance,2week,Logistic_Regression,Config_Hybrid,PDR,D00140,0,1
liquid100_mat5,any_relevance,2week,Logistic_Regression,Config_Hybrid,PDR,D00141,0,0
liquid100_mat5,any_relevance,2week,Logistic_Regression,Config_Hybrid,PDR,D00142,0,0
liquid100_mat5,any_relevance,2week,Logistic_Regression,Config_Hybrid,PLX,D00119,1,1
liquid100_mat5,any_relevance,2week,Logistic_Regression,Config_Hybrid,PLX,D00120,0,0
liquid100_mat5,any_relevance,2week,Logistic_Regression,Config_Hybrid,PLX,D00121,0,1
liquid100_mat5,any_relevance,2week,Logistic_Regression,Config_Hybrid,PLX,D00122,0,0
liquid100_mat5,any_relevance,2week,Logistic_Regression,Config_Hybrid,PLX,D00123,0,0
liquid100_mat5,any_relevance,2week,Logistic_Regression,Config_Hybrid,PLX,D00124,0,0
liquid100_mat5,any_relevance,2week,Logistic_Regression,Config_Hybrid,PLX,D00125,0,1
liquid100_mat5,any_relevance,2week,Logistic_Regression,Config_Hybrid,PLX,D00126,0,1
liquid100_mat5,any_relevance,2week,Logistic_Regression,Config_Hybrid,PLX,D00127,0,0
liquid100_mat5,any_relevance,2week,Logistic_Regression,Config_Hybrid,PLX,D00128,0,0
liquid100_mat5,any_relevance,2week,Logistic_Regression,Config_Hybrid,PLX,D00129,1,1
liquid100_mat5,any_relevance,2week,Logistic_Regression,Config_Hybrid,PLX,D00130,1,1
liquid100_mat5,any_relevance,2week,Logistic_Regression,Config_Hybrid,PLX,D00131,1,0
liquid100_mat5,any_relevance,2week,Logistic_Regression,Config_Hybrid,PLX,D00132,0,0
liquid100_mat5,any_relevance,2week,Logistic_Regression,Config_Hybrid,PLX,D00133,1,0
liquid100_mat5,any_relevance,2week,Logistic_Regression,Config_Hybrid,PLX,D00134,0,0
liquid100_mat5,any_relevance,2week,Logistic_Regression,Config_Hybrid,PLX,D00135,0,0
liquid100_mat5,any_relevance,2week,Logistic_Regression,Config_Hybrid,PLX,D00136,0,0
liquid100_mat5,any_relevance,2week,Logistic_Regression,Config_Hybrid,PLX,D00137,0,0
liquid100_mat5,any_relevance,2week,Logistic_Regression,Config_Hybrid,PLX,D00138,0,0
liquid100_mat5,any_relevance,2week,Logistic_Regression,Config_Hybrid,PLX,D00139,1,1
liquid100_mat5,any_relevance,2week,Logistic_Regression,Config_Hybrid,PLX,D00140,0,0
liquid100_mat5,any_relevance,2week,Logistic_Regression,Config_Hybrid,PLX,D00141,0,0
liquid100_mat5,any_relevance,2week,Logistic_Regression,Config_Hybrid,PLX,D00142,0,0
liquid100_mat5,any_relevance,2week,Logistic_Regression,Config_Hybrid,PNJ,D00119,0,0
liquid100_mat5,any_relevance,2week,Logistic_Regression,Config_Hybrid,PNJ,D00120,0,0
liquid100_mat5,any_relevance,2week,Logistic_Regression,Config_Hybrid,PNJ,D00121,0,1
liquid100_mat5,any_relevance,2week,Logistic_Regression,Config_Hybrid,PNJ,D00122,0,0
liquid100_mat5,any_relevance,2week,Logistic_Regression,Config_Hybrid,PNJ,D00123,0,0
liquid100_mat5,any_relevance,2week,Logistic_Regression,Config_Hybrid,PNJ,D00124,1,1
liquid100_mat5,any_relevance,2week,Logistic_Regression,Config_Hybrid,PNJ,D00125,0,0
liquid100_mat5,any_relevance,2week,Logistic_Regression,Config_Hybrid,PNJ,D00126,0,0
liquid100_mat5,any_relevance,2week,Logistic_Regression,Config_Hybrid,PNJ,D00127,0,1
liquid100_mat5,any_relevance,2week,Logistic_Regression,Config_Hybrid,PNJ,D00128,1,0
liquid100_mat5,any_relevance,2week,Logistic_Regression,Config_Hybrid,PNJ,D00129,1,1
liquid100_mat5,any_relevance,2week,Logistic_Regression,Config_Hybrid,PNJ,D00130,1,1
liquid100_mat5,any_relevance,2week,Logistic_Regression,Config_Hybrid,PNJ,D00131,1,0
liquid100_mat5,any_relevance,2week,Logistic_Regression,Config_Hybrid,PNJ,D00132,0,0
liquid100_mat5,any_relevance,2week,Logistic_Regression,Config_Hybrid,PNJ,D00133,1,1
liquid100_mat5,any_relevance,2week,Logistic_Regression,Config_Hybrid,PNJ,D00134,0,0
liquid100_mat5,any_relevance,2week,Logistic_Regression,Config_Hybrid,PNJ,D00135,0,0
liquid100_mat5,any_relevance,2week,Logistic_Regression,Config_Hybrid,PNJ,D00136,0,0
liquid100_mat5,any_relevance,2week,Logistic_Regression,Config_Hybrid,PNJ,D00137,0,0
liquid100_mat5,any_relevance,2week,Logistic_Regression,Config_Hybrid,PNJ,D00138,0,0
liquid100_mat5,any_relevance,2week,Logistic_Regression,Config_Hybrid,PNJ,D00139,0,0
liquid100_mat5,any_relevance,2week,Logistic_Regression,Config_Hybrid,PNJ,D00140,0,0
liquid100_mat5,any_relevance,2week,Logistic_Regression,Config_Hybrid,PNJ,D00141,0,0
liquid100_mat5,any_relevance,2week,Logistic_Regression,Config_Hybrid,PNJ,D00142,0,0
liquid100_mat5,any_relevance,2week,Logistic_Regression,Config_Hybrid,POW,D00119,1,1
liquid100_mat5,any_relevance,2week,Logistic_Regression,Config_Hybrid,POW,D00120,1,0
liquid100_mat5,any_relevance,2week,Logistic_Regression,Config_Hybrid,POW,D00121,0,1
liquid100_mat5,any_relevance,2week,Logistic_Regression,Config_Hybrid,POW,D00122,0,1
liquid100_mat5,any_relevance,2week,Logistic_Regression,Config_Hybrid,POW,D00123,0,0
liquid100_mat5,any_relevance,2week,Logistic_Regression,Config_Hybrid,POW,D00124,0,1
liquid100_mat5,any_relevance,2week,Logistic_Regression,Config_Hybrid,POW,D00125,1,1
liquid100_mat5,any_relevance,2week,Logistic_Regression,Config_Hybrid,POW,D00126,1,1
liquid100_mat5,any_relevance,2week,Logistic_Regression,Config_Hybrid,POW,D00127,0,1
liquid100_mat5,any_relevance,2week,Logistic_Regression,Config_Hybrid,POW,D00128,0,0
liquid100_mat5,any_relevance,2week,Logistic_Regression,Config_Hybrid,POW,D00129,1,1
liquid100_mat5,any_relevance,2week,Logistic_Regression,Config_Hybrid,POW,D00130,1,1
liquid100_mat5,any_relevance,2week,Logistic_Regression,Config_Hybrid,POW,D00131,0,1
liquid100_mat5,any_relevance,2week,Logistic_Regression,Config_Hybrid,POW,D00132,0,1
liquid100_mat5,any_relevance,2week,Logistic_Regression,Config_Hybrid,POW,D00133,1,1
liquid100_mat5,any_relevance,2week,Logistic_Regression,Config_Hybrid,POW,D00134,0,0
liquid100_mat5,any_relevance,2week,Logistic_Regression,Config_Hybrid,POW,D00135,0,0
liquid100_mat5,any_relevance,2week,Logistic_Regression,Config_Hybrid,POW,D00136,0,0
liquid100_mat5,any_relevance,2week,Logistic_Regression,Config_Hybrid,POW,D00137,0,1
liquid100_mat5,any_relevance,2week,Logistic_Regression,Config_Hybrid,POW,D00138,1,0
liquid100_mat5,any_relevance,2week,Logistic_Regression,Config_Hybrid,POW,D00139,0,0
liquid100_mat5,any_relevance,2week,Logistic_Regression,Config_Hybrid,POW,D00140,0,1
liquid100_mat5,any_relevance,2week,Logistic_Regression,Config_Hybrid,POW,D00141,1,1
liquid100_mat5,any_relevance,2week,Logistic_Regression,Config_Hybrid,POW,D00142,1,1
liquid100_mat5,any_relevance,2week,Logistic_Regression,Config_Hybrid,PVT,D00119,1,0
liquid100_mat5,any_relevance,2week,Logistic_Regression,Config_Hybrid,PVT,D00120,0,0
liquid100_mat5,any_relevance,2week,Logistic_Regression,Config_Hybrid,PVT,D00121,0,1
liquid100_mat5,any_relevance,2week,Logistic_Regression,Config_Hybrid,PVT,D00122,0,1
liquid100_mat5,any_relevance,2week,Logistic_Regression,Config_Hybrid,PVT,D00123,0,0
liquid100_mat5,any_relevance,2week,Logistic_Regression,Config_Hybrid,PVT,D00124,0,0
liquid100_mat5,any_relevance,2week,Logistic_Regression,Config_Hybrid,PVT,D00125,1,1
liquid100_mat5,any_relevance,2week,Logistic_Regression,Config_Hybrid,PVT,D00126,1,1
liquid100_mat5,any_relevance,2week,Logistic_Regression,Config_Hybrid,PVT,D00127,0,1
liquid100_mat5,any_relevance,2week,Logistic_Regression,Config_Hybrid,PVT,D00128,0,0
liquid100_mat5,any_relevance,2week,Logistic_Regression,Config_Hybrid,PVT,D00129,1,1
liquid100_mat5,any_relevance,2week,Logistic_Regression,Config_Hybrid,PVT,D00130,1,1
liquid100_mat5,any_relevance,2week,Logistic_Regression,Config_Hybrid,PVT,D00131,1,1
liquid100_mat5,any_relevance,2week,Logistic_Regression,Config_Hybrid,PVT,D00132,0,1
liquid100_mat5,any_relevance,2week,Logistic_Regression,Config_Hybrid,PVT,D00133,1,0
liquid100_mat5,any_relevance,2week,Logistic_Regression,Config_Hybrid,PVT,D00134,1,1
liquid100_mat5,any_relevance,2week,Logistic_Regression,Config_Hybrid,PVT,D00135,0,0
liquid100_mat5,any_relevance,2week,Logistic_Regression,Config_Hybrid,PVT,D00136,0,0
liquid100_mat5,any_relevance,2week,Logistic_Regression,Config_Hybrid,PVT,D00137,1,0
liquid100_mat5,any_relevance,2week,Logistic_Regression,Config_Hybrid,PVT,D00138,1,0
liquid100_mat5,any_relevance,2week,Logistic_Regression,Config_Hybrid,PVT,D00139,0,1
liquid100_mat5,any_relevance,2week,Logistic_Regression,Config_Hybrid,PVT,D00140,0,0
liquid100_mat5,any_relevance,2week,Logistic_Regression,Config_Hybrid,PVT,D00141,0,0
liquid100_mat5,any_relevance,2week,Logistic_Regression,Config_Hybrid,PVT,D00142,0,0
liquid100_mat5,any_relevance,2week,Logistic_Regression,Config_Hybrid,SHB,D00119,1,1
liquid100_mat5,any_relevance,2week,Logistic_Regression,Config_Hybrid,SHB,D00120,0,0
liquid100_mat5,any_relevance,2week,Logistic_Regression,Config_Hybrid,SHB,D00121,0,1
liquid100_mat5,any_relevance,2week,Logistic_Regression,Config_Hybrid,SHB,D00122,0,0
liquid100_mat5,any_relevance,2week,Logistic_Regression,Config_Hybrid,SHB,D00123,1,0
liquid100_mat5,any_relevance,2week,Logistic_Regression,Config_Hybrid,SHB,D00124,0,1
liquid100_mat5,any_relevance,2week,Logistic_Regression,Config_Hybrid,SHB,D00125,0,1
liquid100_mat5,any_relevance,2week,Logistic_Regression,Config_Hybrid,SHB,D00126,1,1
liquid100_mat5,any_relevance,2week,Logistic_Regression,Config_Hybrid,SHB,D00127,0,1
liquid100_mat5,any_relevance,2week,Logistic_Regression,Config_Hybrid,SHB,D00128,0,0
liquid100_mat5,any_relevance,2week,Logistic_Regression,Config_Hybrid,SHB,D00129,0,1
liquid100_mat5,any_relevance,2week,Logistic_Regression,Config_Hybrid,SHB,D00130,0,1
liquid100_mat5,any_relevance,2week,Logistic_Regression,Config_Hybrid,SHB,D00131,0,0
liquid100_mat5,any_relevance,2week,Logistic_Regression,Config_Hybrid,SHB,D00132,0,0
liquid100_mat5,any_relevance,2week,Logistic_Regression,Config_Hybrid,SHB,D00133,1,1
liquid100_mat5,any_relevance,2week,Logistic_Regression,Config_Hybrid,SHB,D00134,0,0
liquid100_mat5,any_relevance,2week,Logistic_Regression,Config_Hybrid,SHB,D00135,0,1
liquid100_mat5,any_relevance,2week,Logistic_Regression,Config_Hybrid,SHB,D00136,1,0
liquid100_mat5,any_relevance,2week,Logistic_Regression,Config_Hybrid,SHB,D00137,0,1
liquid100_mat5,any_relevance,2week,Logistic_Regression,Config_Hybrid,SHB,D00138,0,0
liquid100_mat5,any_relevance,2week,Logistic_Regression,Config_Hybrid,SHB,D00139,0,0
liquid100_mat5,any_relevance,2week,Logistic_Regression,Config_Hybrid,SHB,D00140,0,1
liquid100_mat5,any_relevance,2week,Logistic_Regression,Config_Hybrid,SHB,D00141,0,0
liquid100_mat5,any_relevance,2week,Logistic_Regression,Config_Hybrid,SHB,D00142,0,0
liquid100_mat5,any_relevance,2week,Logistic_Regression,Config_Hybrid,SSI,D00119,1,0
liquid100_mat5,any_relevance,2week,Logistic_Regression,Config_Hybrid,SSI,D00120,1,0
liquid100_mat5,any_relevance,2week,Logistic_Regression,Config_Hybrid,SSI,D00121,1,1
liquid100_mat5,any_relevance,2week,Logistic_Regression,Config_Hybrid,SSI,D00122,0,0
liquid100_mat5,any_relevance,2week,Logistic_Regression,Config_Hybrid,SSI,D00123,1,0
liquid100_mat5,any_relevance,2week,Logistic_Regression,Config_Hybrid,SSI,D00124,0,1
liquid100_mat5,any_relevance,2week,Logistic_Regression,Config_Hybrid,SSI,D00125,0,0
liquid100_mat5,any_relevance,2week,Logistic_Regression,Config_Hybrid,SSI,D00126,0,1
liquid100_mat5,any_relevance,2week,Logistic_Regression,Config_Hybrid,SSI,D00127,0,0
liquid100_mat5,any_relevance,2week,Logistic_Regression,Config_Hybrid,SSI,D00128,1,0
liquid100_mat5,any_relevance,2week,Logistic_Regression,Config_Hybrid,SSI,D00129,0,1
liquid100_mat5,any_relevance,2week,Logistic_Regression,Config_Hybrid,SSI,D00130,1,1
liquid100_mat5,any_relevance,2week,Logistic_Regression,Config_Hybrid,SSI,D00131,0,0
liquid100_mat5,any_relevance,2week,Logistic_Regression,Config_Hybrid,SSI,D00132,0,0
liquid100_mat5,any_relevance,2week,Logistic_Regression,Config_Hybrid,SSI,D00133,1,1
liquid100_mat5,any_relevance,2week,Logistic_Regression,Config_Hybrid,SSI,D00134,0,1
liquid100_mat5,any_relevance,2week,Logistic_Regression,Config_Hybrid,SSI,D00135,0,0
liquid100_mat5,any_relevance,2week,Logistic_Regression,Config_Hybrid,SSI,D00136,1,1
liquid100_mat5,any_relevance,2week,Logistic_Regression,Config_Hybrid,SSI,D00137,0,1
liquid100_mat5,any_relevance,2week,Logistic_Regression,Config_Hybrid,SSI,D00138,0,0
liquid100_mat5,any_relevance,2week,Logistic_Regression,Config_Hybrid,SSI,D00139,0,0
liquid100_mat5,any_relevance,2week,Logistic_Regression,Config_Hybrid,SSI,D00140,0,0
liquid100_mat5,any_relevance,2week,Logistic_Regression,Config_Hybrid,SSI,D00141,0,0
liquid100_mat5,any_relevance,2week,Logistic_Regression,Config_Hybrid,SSI,D00142,0,0
liquid100_mat5,any_relevance,2week,Logistic_Regression,Config_Hybrid,STB,D00119,1,1
liquid100_mat5,any_relevance,2week,Logistic_Regression,Config_Hybrid,STB,D00120,0,1
liquid100_mat5,any_relevance,2week,Logistic_Regression,Config_Hybrid,STB,D00121,0,0
liquid100_mat5,any_relevance,2week,Logistic_Regression,Config_Hybrid,STB,D00122,1,1
liquid100_mat5,any_relevance,2week,Logistic_Regression,Config_Hybrid,STB,D00123,1,1
liquid100_mat5,any_relevance,2week,Logistic_Regression,Config_Hybrid,STB,D00124,0,0
liquid100_mat5,any_relevance,2week,Logistic_Regression,Config_Hybrid,STB,D00125,0,1
liquid100_mat5,any_relevance,2week,Logistic_Regression,Config_Hybrid,STB,D00126,0,0
liquid100_mat5,any_relevance,2week,Logistic_Regression,Config_Hybrid,STB,D00127,0,0
liquid100_mat5,any_relevance,2week,Logistic_Regression,Config_Hybrid,STB,D00128,1,0
liquid100_mat5,any_relevance,2week,Logistic_Regression,Config_Hybrid,STB,D00129,1,1
liquid100_mat5,any_relevance,2week,Logistic_Regression,Config_Hybrid,STB,D00130,0,0
liquid100_mat5,any_relevance,2week,Logistic_Regression,Config_Hybrid,STB,D00131,1,1
liquid100_mat5,any_relevance,2week,Logistic_Regression,Config_Hybrid,STB,D00132,0,0
liquid100_mat5,any_relevance,2week,Logistic_Regression,Config_Hybrid,STB,D00133,1,1
liquid100_mat5,any_relevance,2week,Logistic_Regression,Config_Hybrid,STB,D00134,0,0
liquid100_mat5,any_relevance,2week,Logistic_Regression,Config_Hybrid,STB,D00135,0,0
liquid100_mat5,any_relevance,2week,Logistic_Regression,Config_Hybrid,STB,D00136,1,0
liquid100_mat5,any_relevance,2week,Logistic_Regression,Config_Hybrid,STB,D00137,1,0
liquid100_mat5,any_relevance,2week,Logistic_Regression,Config_Hybrid,STB,D00138,1,0
liquid100_mat5,any_relevance,2week,Logistic_Regression,Config_Hybrid,STB,D00139,0,0
liquid100_mat5,any_relevance,2week,Logistic_Regression,Config_Hybrid,STB,D00140,0,0
liquid100_mat5,any_relevance,2week,Logistic_Regression,Config_Hybrid,STB,D00141,1,1
liquid100_mat5,any_relevance,2week,Logistic_Regression,Config_Hybrid,STB,D00142,1,0
liquid100_mat5,any_relevance,2week,Logistic_Regression,Config_Hybrid,TCB,D00119,1,1
liquid100_mat5,any_relevance,2week,Logistic_Regression,Config_Hybrid,TCB,D00120,0,1
liquid100_mat5,any_relevance,2week,Logistic_Regression,Config_Hybrid,TCB,D00121,0,0
liquid100_mat5,any_relevance,2week,Logistic_Regression,Config_Hybrid,TCB,D00122,0,0
liquid100_mat5,any_relevance,2week,Logistic_Regression,Config_Hybrid,TCB,D00123,1,1
liquid100_mat5,any_relevance,2week,Logistic_Regression,Config_Hybrid,TCB,D00124,0,1
liquid100_mat5,any_relevance,2week,Logistic_Regression,Config_Hybrid,TCB,D00125,0,0
liquid100_mat5,any_relevance,2week,Logistic_Regression,Config_Hybrid,TCB,D00126,0,1
liquid100_mat5,any_relevance,2week,Logistic_Regression,Config_Hybrid,TCB,D00127,0,0
liquid100_mat5,any_relevance,2week,Logistic_Regression,Config_Hybrid,TCB,D00128,0,0
liquid100_mat5,any_relevance,2week,Logistic_Regression,Config_Hybrid,TCB,D00129,1,1
liquid100_mat5,any_relevance,2week,Logistic_Regression,Config_Hybrid,TCB,D00130,1,1
liquid100_mat5,any_relevance,2week,Logistic_Regression,Config_Hybrid,TCB,D00131,0,0
liquid100_mat5,any_relevance,2week,Logistic_Regression,Config_Hybrid,TCB,D00132,0,0
liquid100_mat5,any_relevance,2week,Logistic_Regression,Config_Hybrid,TCB,D00133,0,1
liquid100_mat5,any_relevance,2week,Logistic_Regression,Config_Hybrid,TCB,D00134,0,0
liquid100_mat5,any_relevance,2week,Logistic_Regression,Config_Hybrid,TCB,D00135,0,0
liquid100_mat5,any_relevance,2week,Logistic_Regression,Config_Hybrid,TCB,D00136,1,1
liquid100_mat5,any_relevance,2week,Logistic_Regression,Config_Hybrid,TCB,D00137,1,1
liquid100_mat5,any_relevance,2week,Logistic_Regression,Config_Hybrid,TCB,D00138,0,0
liquid100_mat5,any_relevance,2week,Logistic_Regression,Config_Hybrid,TCB,D00139,0,1
liquid100_mat5,any_relevance,2week,Logistic_Regression,Config_Hybrid,TCB,D00140,0,0
liquid100_mat5,any_relevance,2week,Logistic_Regression,Config_Hybrid,TCB,D00141,0,0
liquid100_mat5,any_relevance,2week,Logistic_Regression,Config_Hybrid,TCB,D00142,1,1
liquid100_mat5,any_relevance,2week,Logistic_Regression,Config_Hybrid,TPB,D00119,1,1
liquid100_mat5,any_relevance,2week,Logistic_Regression,Config_Hybrid,TPB,D00120,1,1
liquid100_mat5,any_relevance,2week,Logistic_Regression,Config_Hybrid,TPB,D00121,0,1
liquid100_mat5,any_relevance,2week,Logistic_Regression,Config_Hybrid,TPB,D00122,0,0
liquid100_mat5,any_relevance,2week,Logistic_Regression,Config_Hybrid,TPB,D00123,1,0
liquid100_mat5,any_relevance,2week,Logistic_Regression,Config_Hybrid,TPB,D00124,0,1
liquid100_mat5,any_relevance,2week,Logistic_Regression,Config_Hybrid,TPB,D00125,0,1
liquid100_mat5,any_relevance,2week,Logistic_Regression,Config_Hybrid,TPB,D00126,1,1
liquid100_mat5,any_relevance,2week,Logistic_Regression,Config_Hybrid,TPB,D00127,0,1
liquid100_mat5,any_relevance,2week,Logistic_Regression,Config_Hybrid,TPB,D00128,0,0
liquid100_mat5,any_relevance,2week,Logistic_Regression,Config_Hybrid,TPB,D00129,0,1
liquid100_mat5,any_relevance,2week,Logistic_Regression,Config_Hybrid,TPB,D00130,1,1
liquid100_mat5,any_relevance,2week,Logistic_Regression,Config_Hybrid,TPB,D00131,0,0
liquid100_mat5,any_relevance,2week,Logistic_Regression,Config_Hybrid,TPB,D00132,0,1
liquid100_mat5,any_relevance,2week,Logistic_Regression,Config_Hybrid,TPB,D00133,1,1
liquid100_mat5,any_relevance,2week,Logistic_Regression,Config_Hybrid,TPB,D00134,0,0
liquid100_mat5,any_relevance,2week,Logistic_Regression,Config_Hybrid,TPB,D00135,0,1
liquid100_mat5,any_relevance,2week,Logistic_Regression,Config_Hybrid,TPB,D00136,0,1
liquid100_mat5,any_relevance,2week,Logistic_Regression,Config_Hybrid,TPB,D00137,0,1
liquid100_mat5,any_relevance,2week,Logistic_Regression,Config_Hybrid,TPB,D00138,0,0
liquid100_mat5,any_relevance,2week,Logistic_Regression,Config_Hybrid,TPB,D00139,0,1
liquid100_mat5,any_relevance,2week,Logistic_Regression,Config_Hybrid,TPB,D00140,0,1
liquid100_mat5,any_relevance,2week,Logistic_Regression,Config_Hybrid,TPB,D00141,1,1
liquid100_mat5,any_relevance,2week,Logistic_Regression,Config_Hybrid,TPB,D00142,0,0
liquid100_mat5,any_relevance,2week,Logistic_Regression,Config_Hybrid,VCB,D00119,1,0
liquid100_mat5,any_relevance,2week,Logistic_Regression,Config_Hybrid,VCB,D00120,1,0
liquid100_mat5,any_relevance,2week,Logistic_Regression,Config_Hybrid,VCB,D00121,0,0
liquid100_mat5,any_relevance,2week,Logistic_Regression,Config_Hybrid,VCB,D00122,0,0
liquid100_mat5,any_relevance,2week,Logistic_Regression,Config_Hybrid,VCB,D00123,1,0
liquid100_mat5,any_relevance,2week,Logistic_Regression,Config_Hybrid,VCB,D00124,0,0
liquid100_mat5,any_relevance,2week,Logistic_Regression,Config_Hybrid,VCB,D00125,0,1
liquid100_mat5,any_relevance,2week,Logistic_Regression,Config_Hybrid,VCB,D00126,0,0
liquid100_mat5,any_relevance,2week,Logistic_Regression,Config_Hybrid,VCB,D00127,0,0
liquid100_mat5,any_relevance,2week,Logistic_Regression,Config_Hybrid,VCB,D00128,0,0
liquid100_mat5,any_relevance,2week,Logistic_Regression,Config_Hybrid,VCB,D00129,1,0
liquid100_mat5,any_relevance,2week,Logistic_Regression,Config_Hybrid,VCB,D00130,1,1
liquid100_mat5,any_relevance,2week,Logistic_Regression,Config_Hybrid,VCB,D00131,0,0
liquid100_mat5,any_relevance,2week,Logistic_Regression,Config_Hybrid,VCB,D00132,0,0
liquid100_mat5,any_relevance,2week,Logistic_Regression,Config_Hybrid,VCB,D00133,0,0
liquid100_mat5,any_relevance,2week,Logistic_Regression,Config_Hybrid,VCB,D00134,0,0
liquid100_mat5,any_relevance,2week,Logistic_Regression,Config_Hybrid,VCB,D00135,0,0
liquid100_mat5,any_relevance,2week,Logistic_Regression,Config_Hybrid,VCB,D00136,0,0
liquid100_mat5,any_relevance,2week,Logistic_Regression,Config_Hybrid,VCB,D00137,0,0
liquid100_mat5,any_relevance,2week,Logistic_Regression,Config_Hybrid,VCB,D00138,0,0
liquid100_mat5,any_relevance,2week,Logistic_Regression,Config_Hybrid,VCB,D00139,1,0
liquid100_mat5,any_relevance,2week,Logistic_Regression,Config_Hybrid,VCB,D00140,0,0
liquid100_mat5,any_relevance,2week,Logistic_Regression,Config_Hybrid,VCB,D00141,0,0
liquid100_mat5,any_relevance,2week,Logistic_Regression,Config_Hybrid,VCB,D00142,0,0
liquid100_mat5,any_relevance,2week,Logistic_Regression,Config_Hybrid,VCG,D00119,1,0
liquid100_mat5,any_relevance,2week,Logistic_Regression,Config_Hybrid,VCG,D00120,0,0
liquid100_mat5,any_relevance,2week,Logistic_Regression,Config_Hybrid,VCG,D00121,1,1
liquid100_mat5,any_relevance,2week,Logistic_Regression,Config_Hybrid,VCG,D00122,1,1
liquid100_mat5,any_relevance,2week,Logistic_Regression,Config_Hybrid,VCG,D00123,0,0
liquid100_mat5,any_relevance,2week,Logistic_Regression,Config_Hybrid,VCG,D00124,0,0
liquid100_mat5,any_relevance,2week,Logistic_Regression,Config_Hybrid,VCG,D00125,0,1
liquid100_mat5,any_relevance,2week,Logistic_Regression,Config_Hybrid,VCG,D00126,0,1
liquid100_mat5,any_relevance,2week,Logistic_Regression,Config_Hybrid,VCG,D00127,0,1
liquid100_mat5,any_relevance,2week,Logistic_Regression,Config_Hybrid,VCG,D00128,0,1
liquid100_mat5,any_relevance,2week,Logistic_Regression,Config_Hybrid,VCG,D00129,0,0
liquid100_mat5,any_relevance,2week,Logistic_Regression,Config_Hybrid,VCG,D00130,0,0
liquid100_mat5,any_relevance,2week,Logistic_Regression,Config_Hybrid,VCG,D00131,0,1
liquid100_mat5,any_relevance,2week,Logistic_Regression,Config_Hybrid,VCG,D00132,0,0
liquid100_mat5,any_relevance,2week,Logistic_Regression,Config_Hybrid,VCG,D00133,1,1
liquid100_mat5,any_relevance,2week,Logistic_Regression,Config_Hybrid,VCG,D00134,1,1
liquid100_mat5,any_relevance,2week,Logistic_Regression,Config_Hybrid,VCG,D00135,0,1
liquid100_mat5,any_relevance,2week,Logistic_Regression,Config_Hybrid,VCG,D00136,0,1
liquid100_mat5,any_relevance,2week,Logistic_Regression,Config_Hybrid,VCG,D00137,0,0
liquid100_mat5,any_relevance,2week,Logistic_Regression,Config_Hybrid,VCG,D00138,0,0
liquid100_mat5,any_relevance,2week,Logistic_Regression,Config_Hybrid,VCG,D00139,0,0
liquid100_mat5,any_relevance,2week,Logistic_Regression,Config_Hybrid,VCG,D00140,0,0
liquid100_mat5,any_relevance,2week,Logistic_Regression,Config_Hybrid,VCG,D00141,0,1
liquid100_mat5,any_relevance,2week,Logistic_Regression,Config_Hybrid,VCG,D00142,1,0
liquid100_mat5,any_relevance,2week,Logistic_Regression,Config_Hybrid,VCI,D00119,1,1
liquid100_mat5,any_relevance,2week,Logistic_Regression,Config_Hybrid,VCI,D00120,0,0
liquid100_mat5,any_relevance,2week,Logistic_Regression,Config_Hybrid,VCI,D00121,0,1
liquid100_mat5,any_relevance,2week,Logistic_Regression,Config_Hybrid,VCI,D00122,0,0
liquid100_mat5,any_relevance,2week,Logistic_Regression,Config_Hybrid,VCI,D00123,0,0
liquid100_mat5,any_relevance,2week,Logistic_Regression,Config_Hybrid,VCI,D00124,0,0
liquid100_mat5,any_relevance,2week,Logistic_Regression,Config_Hybrid,VCI,D00125,0,0
liquid100_mat5,any_relevance,2week,Logistic_Regression,Config_Hybrid,VCI,D00126,0,0
liquid100_mat5,any_relevance,2week,Logistic_Regression,Config_Hybrid,VCI,D00127,0,0
liquid100_mat5,any_relevance,2week,Logistic_Regression,Config_Hybrid,VCI,D00128,0,1
liquid100_mat5,any_relevance,2week,Logistic_Regression,Config_Hybrid,VCI,D00129,0,1
liquid100_mat5,any_relevance,2week,Logistic_Regression,Config_Hybrid,VCI,D00130,1,0
liquid100_mat5,any_relevance,2week,Logistic_Regression,Config_Hybrid,VCI,D00131,1,1
liquid100_mat5,any_relevance,2week,Logistic_Regression,Config_Hybrid,VCI,D00132,0,0
liquid100_mat5,any_relevance,2week,Logistic_Regression,Config_Hybrid,VCI,D00133,1,1
liquid100_mat5,any_relevance,2week,Logistic_Regression,Config_Hybrid,VCI,D00134,0,1
liquid100_mat5,any_relevance,2week,Logistic_Regression,Config_Hybrid,VCI,D00135,0,0
liquid100_mat5,any_relevance,2week,Logistic_Regression,Config_Hybrid,VCI,D00136,1,1
liquid100_mat5,any_relevance,2week,Logistic_Regression,Config_Hybrid,VCI,D00137,0,0
liquid100_mat5,any_relevance,2week,Logistic_Regression,Config_Hybrid,VCI,D00138,0,0
liquid100_mat5,any_relevance,2week,Logistic_Regression,Config_Hybrid,VCI,D00139,0,1
liquid100_mat5,any_relevance,2week,Logistic_Regression,Config_Hybrid,VCI,D00140,0,0
liquid100_mat5,any_relevance,2week,Logistic_Regression,Config_Hybrid,VCI,D00141,0,0
liquid100_mat5,any_relevance,2week,Logistic_Regression,Config_Hybrid,VCI,D00142,0,0
liquid100_mat5,any_relevance,2week,Logistic_Regression,Config_Hybrid,VHM,D00119,0,0
liquid100_mat5,any_relevance,2week,Logistic_Regression,Config_Hybrid,VHM,D00120,1,1
liquid100_mat5,any_relevance,2week,Logistic_Regression,Config_Hybrid,VHM,D00121,0,0
liquid100_mat5,any_relevance,2week,Logistic_Regression,Config_Hybrid,VHM,D00122,0,0
liquid100_mat5,any_relevance,2week,Logistic_Regression,Config_Hybrid,VHM,D00123,1,0
liquid100_mat5,any_relevance,2week,Logistic_Regression,Config_Hybrid,VHM,D00124,0,0
liquid100_mat5,any_relevance,2week,Logistic_Regression,Config_Hybrid,VHM,D00125,0,0
liquid100_mat5,any_relevance,2week,Logistic_Regression,Config_Hybrid,VHM,D00126,1,0
liquid100_mat5,any_relevance,2week,Logistic_Regression,Config_Hybrid,VHM,D00127,1,0
liquid100_mat5,any_relevance,2week,Logistic_Regression,Config_Hybrid,VHM,D00128,0,0
liquid100_mat5,any_relevance,2week,Logistic_Regression,Config_Hybrid,VHM,D00129,1,1
liquid100_mat5,any_relevance,2week,Logistic_Regression,Config_Hybrid,VHM,D00130,0,0
liquid100_mat5,any_relevance,2week,Logistic_Regression,Config_Hybrid,VHM,D00131,0,0
liquid100_mat5,any_relevance,2week,Logistic_Regression,Config_Hybrid,VHM,D00132,0,0
liquid100_mat5,any_relevance,2week,Logistic_Regression,Config_Hybrid,VHM,D00133,0,0
liquid100_mat5,any_relevance,2week,Logistic_Regression,Config_Hybrid,VHM,D00134,0,0
liquid100_mat5,any_relevance,2week,Logistic_Regression,Config_Hybrid,VHM,D00135,1,0
liquid100_mat5,any_relevance,2week,Logistic_Regression,Config_Hybrid,VHM,D00136,1,1
liquid100_mat5,any_relevance,2week,Logistic_Regression,Config_Hybrid,VHM,D00137,1,1
liquid100_mat5,any_relevance,2week,Logistic_Regression,Config_Hybrid,VHM,D00138,1,0
liquid100_mat5,any_relevance,2week,Logistic_Regression,Config_Hybrid,VHM,D00139,0,0
liquid100_mat5,any_relevance,2week,Logistic_Regression,Config_Hybrid,VHM,D00140,0,0
liquid100_mat5,any_relevance,2week,Logistic_Regression,Config_Hybrid,VHM,D00141,0,0
liquid100_mat5,any_relevance,2week,Logistic_Regression,Config_Hybrid,VHM,D00142,1,0
liquid100_mat5,any_relevance,2week,Logistic_Regression,Config_Hybrid,VIB,D00119,1,0
liquid100_mat5,any_relevance,2week,Logistic_Regression,Config_Hybrid,VIB,D00120,1,1
liquid100_mat5,any_relevance,2week,Logistic_Regression,Config_Hybrid,VIB,D00121,0,0
liquid100_mat5,any_relevance,2week,Logistic_Regression,Config_Hybrid,VIB,D00122,0,0
liquid100_mat5,any_relevance,2week,Logistic_Regression,Config_Hybrid,VIB,D00123,0,0
liquid100_mat5,any_relevance,2week,Logistic_Regression,Config_Hybrid,VIB,D00124,0,0
liquid100_mat5,any_relevance,2week,Logistic_Regression,Config_Hybrid,VIB,D00125,0,1
liquid100_mat5,any_relevance,2week,Logistic_Regression,Config_Hybrid,VIB,D00126,0,1
liquid100_mat5,any_relevance,2week,Logistic_Regression,Config_Hybrid,VIB,D00127,0,1
liquid100_mat5,any_relevance,2week,Logistic_Regression,Config_Hybrid,VIB,D00128,0,0
liquid100_mat5,any_relevance,2week,Logistic_Regression,Config_Hybrid,VIB,D00129,0,1
liquid100_mat5,any_relevance,2week,Logistic_Regression,Config_Hybrid,VIB,D00130,1,1
liquid100_mat5,any_relevance,2week,Logistic_Regression,Config_Hybrid,VIB,D00131,0,0
liquid100_mat5,any_relevance,2week,Logistic_Regression,Config_Hybrid,VIB,D00132,0,0
liquid100_mat5,any_relevance,2week,Logistic_Regression,Config_Hybrid,VIB,D00133,0,1
liquid100_mat5,any_relevance,2week,Logistic_Regression,Config_Hybrid,VIB,D00134,0,0
liquid100_mat5,any_relevance,2week,Logistic_Regression,Config_Hybrid,VIB,D00135,0,1
liquid100_mat5,any_relevance,2week,Logistic_Regression,Config_Hybrid,VIB,D00136,0,1
liquid100_mat5,any_relevance,2week,Logistic_Regression,Config_Hybrid,VIB,D00137,0,0
liquid100_mat5,any_relevance,2week,Logistic_Regression,Config_Hybrid,VIB,D00138,0,0
liquid100_mat5,any_relevance,2week,Logistic_Regression,Config_Hybrid,VIB,D00139,0,1
liquid100_mat5,any_relevance,2week,Logistic_Regression,Config_Hybrid,VIB,D00140,0,1
liquid100_mat5,any_relevance,2week,Logistic_Regression,Config_Hybrid,VIB,D00141,0,1
liquid100_mat5,any_relevance,2week,Logistic_Regression,Config_Hybrid,VIB,D00142,0,0
liquid100_mat5,any_relevance,2week,Logistic_Regression,Config_Hybrid,VIC,D00119,1,0
liquid100_mat5,any_relevance,2week,Logistic_Regression,Config_Hybrid,VIC,D00120,1,1
liquid100_mat5,any_relevance,2week,Logistic_Regression,Config_Hybrid,VIC,D00121,1,0
liquid100_mat5,any_relevance,2week,Logistic_Regression,Config_Hybrid,VIC,D00122,1,1
liquid100_mat5,any_relevance,2week,Logistic_Regression,Config_Hybrid,VIC,D00123,1,0
liquid100_mat5,any_relevance,2week,Logistic_Regression,Config_Hybrid,VIC,D00124,1,0
liquid100_mat5,any_relevance,2week,Logistic_Regression,Config_Hybrid,VIC,D00125,0,0
liquid100_mat5,any_relevance,2week,Logistic_Regression,Config_Hybrid,VIC,D00126,1,0
liquid100_mat5,any_relevance,2week,Logistic_Regression,Config_Hybrid,VIC,D00127,1,1
liquid100_mat5,any_relevance,2week,Logistic_Regression,Config_Hybrid,VIC,D00128,1,0
liquid100_mat5,any_relevance,2week,Logistic_Regression,Config_Hybrid,VIC,D00129,1,0
liquid100_mat5,any_relevance,2week,Logistic_Regression,Config_Hybrid,VIC,D00130,0,0
liquid100_mat5,any_relevance,2week,Logistic_Regression,Config_Hybrid,VIC,D00131,0,0
liquid100_mat5,any_relevance,2week,Logistic_Regression,Config_Hybrid,VIC,D00132,1,0
liquid100_mat5,any_relevance,2week,Logistic_Regression,Config_Hybrid,VIC,D00133,1,0
liquid100_mat5,any_relevance,2week,Logistic_Regression,Config_Hybrid,VIC,D00134,0,0
liquid100_mat5,any_relevance,2week,Logistic_Regression,Config_Hybrid,VIC,D00135,0,0
liquid100_mat5,any_relevance,2week,Logistic_Regression,Config_Hybrid,VIC,D00136,1,0
liquid100_mat5,any_relevance,2week,Logistic_Regression,Config_Hybrid,VIC,D00137,1,1
liquid100_mat5,any_relevance,2week,Logistic_Regression,Config_Hybrid,VIC,D00138,1,0
liquid100_mat5,any_relevance,2week,Logistic_Regression,Config_Hybrid,VIC,D00139,0,0
liquid100_mat5,any_relevance,2week,Logistic_Regression,Config_Hybrid,VIC,D00140,0,0
liquid100_mat5,any_relevance,2week,Logistic_Regression,Config_Hybrid,VIC,D00141,1,0
liquid100_mat5,any_relevance,2week,Logistic_Regression,Config_Hybrid,VIC,D00142,1,0
liquid100_mat5,any_relevance,2week,Logistic_Regression,Config_Hybrid,VJC,D00119,1,0
liquid100_mat5,any_relevance,2week,Logistic_Regression,Config_Hybrid,VJC,D00120,1,0
liquid100_mat5,any_relevance,2week,Logistic_Regression,Config_Hybrid,VJC,D00121,0,0
liquid100_mat5,any_relevance,2week,Logistic_Regression,Config_Hybrid,VJC,D00122,0,0
liquid100_mat5,any_relevance,2week,Logistic_Regression,Config_Hybrid,VJC,D00123,1,0
liquid100_mat5,any_relevance,2week,Logistic_Regression,Config_Hybrid,VJC,D00124,1,1
liquid100_mat5,any_relevance,2week,Logistic_Regression,Config_Hybrid,VJC,D00125,0,0
liquid100_mat5,any_relevance,2week,Logistic_Regression,Config_Hybrid,VJC,D00126,1,0
liquid100_mat5,any_relevance,2week,Logistic_Regression,Config_Hybrid,VJC,D00127,1,0
liquid100_mat5,any_relevance,2week,Logistic_Regression,Config_Hybrid,VJC,D00128,0,0
liquid100_mat5,any_relevance,2week,Logistic_Regression,Config_Hybrid,VJC,D00129,1,0
liquid100_mat5,any_relevance,2week,Logistic_Regression,Config_Hybrid,VJC,D00130,0,0
liquid100_mat5,any_relevance,2week,Logistic_Regression,Config_Hybrid,VJC,D00131,0,0
liquid100_mat5,any_relevance,2week,Logistic_Regression,Config_Hybrid,VJC,D00132,0,0
liquid100_mat5,any_relevance,2week,Logistic_Regression,Config_Hybrid,VJC,D00133,1,0
liquid100_mat5,any_relevance,2week,Logistic_Regression,Config_Hybrid,VJC,D00134,0,0
liquid100_mat5,any_relevance,2week,Logistic_Regression,Config_Hybrid,VJC,D00135,0,0
liquid100_mat5,any_relevance,2week,Logistic_Regression,Config_Hybrid,VJC,D00136,1,0
liquid100_mat5,any_relevance,2week,Logistic_Regression,Config_Hybrid,VJC,D00137,1,0
liquid100_mat5,any_relevance,2week,Logistic_Regression,Config_Hybrid,VJC,D00138,0,0
liquid100_mat5,any_relevance,2week,Logistic_Regression,Config_Hybrid,VJC,D00139,0,0
liquid100_mat5,any_relevance,2week,Logistic_Regression,Config_Hybrid,VJC,D00140,1,0
liquid100_mat5,any_relevance,2week,Logistic_Regression,Config_Hybrid,VJC,D00141,1,0
liquid100_mat5,any_relevance,2week,Logistic_Regression,Config_Hybrid,VJC,D00142,0,0
liquid100_mat5,any_relevance,2week,Logistic_Regression,Config_Hybrid,VND,D00119,1,0
liquid100_mat5,any_relevance,2week,Logistic_Regression,Config_Hybrid,VND,D00120,0,0
liquid100_mat5,any_relevance,2week,Logistic_Regression,Config_Hybrid,VND,D00121,0,1
liquid100_mat5,any_relevance,2week,Logistic_Regression,Config_Hybrid,VND,D00122,0,0
liquid100_mat5,any_relevance,2week,Logistic_Regression,Config_Hybrid,VND,D00123,1,0
liquid100_mat5,any_relevance,2week,Logistic_Regression,Config_Hybrid,VND,D00124,0,1
liquid100_mat5,any_relevance,2week,Logistic_Regression,Config_Hybrid,VND,D00125,0,0
liquid100_mat5,any_relevance,2week,Logistic_Regression,Config_Hybrid,VND,D00126,0,1
liquid100_mat5,any_relevance,2week,Logistic_Regression,Config_Hybrid,VND,D00127,0,0
liquid100_mat5,any_relevance,2week,Logistic_Regression,Config_Hybrid,VND,D00128,1,0
liquid100_mat5,any_relevance,2week,Logistic_Regression,Config_Hybrid,VND,D00129,0,1
liquid100_mat5,any_relevance,2week,Logistic_Regression,Config_Hybrid,VND,D00130,1,1
liquid100_mat5,any_relevance,2week,Logistic_Regression,Config_Hybrid,VND,D00131,0,0
liquid100_mat5,any_relevance,2week,Logistic_Regression,Config_Hybrid,VND,D00132,0,0
liquid100_mat5,any_relevance,2week,Logistic_Regression,Config_Hybrid,VND,D00133,1,1
liquid100_mat5,any_relevance,2week,Logistic_Regression,Config_Hybrid,VND,D00134,0,1
liquid100_mat5,any_relevance,2week,Logistic_Regression,Config_Hybrid,VND,D00135,0,0
liquid100_mat5,any_relevance,2week,Logistic_Regression,Config_Hybrid,VND,D00136,1,1
liquid100_mat5,any_relevance,2week,Logistic_Regression,Config_Hybrid,VND,D00137,0,1
liquid100_mat5,any_relevance,2week,Logistic_Regression,Config_Hybrid,VND,D00138,0,0
liquid100_mat5,any_relevance,2week,Logistic_Regression,Config_Hybrid,VND,D00139,1,1
liquid100_mat5,any_relevance,2week,Logistic_Regression,Config_Hybrid,VND,D00140,1,1
liquid100_mat5,any_relevance,2week,Logistic_Regression,Config_Hybrid,VND,D00141,1,0
liquid100_mat5,any_relevance,2week,Logistic_Regression,Config_Hybrid,VND,D00142,0,0
liquid100_mat5,any_relevance,2week,Logistic_Regression,Config_Hybrid,VNM,D00119,0,0
liquid100_mat5,any_relevance,2week,Logistic_Regression,Config_Hybrid,VNM,D00120,0,0
liquid100_mat5,any_relevance,2week,Logistic_Regression,Config_Hybrid,VNM,D00121,1,1
liquid100_mat5,any_relevance,2week,Logistic_Regression,Config_Hybrid,VNM,D00122,0,0
liquid100_mat5,any_relevance,2week,Logistic_Regression,Config_Hybrid,VNM,D00123,1,0
liquid100_mat5,any_relevance,2week,Logistic_Regression,Config_Hybrid,VNM,D00124,0,1
liquid100_mat5,any_relevance,2week,Logistic_Regression,Config_Hybrid,VNM,D00125,1,0
liquid100_mat5,any_relevance,2week,Logistic_Regression,Config_Hybrid,VNM,D00126,1,1
liquid100_mat5,any_relevance,2week,Logistic_Regression,Config_Hybrid,VNM,D00127,1,0
liquid100_mat5,any_relevance,2week,Logistic_Regression,Config_Hybrid,VNM,D00128,0,0
liquid100_mat5,any_relevance,2week,Logistic_Regression,Config_Hybrid,VNM,D00129,0,0
liquid100_mat5,any_relevance,2week,Logistic_Regression,Config_Hybrid,VNM,D00130,1,1
liquid100_mat5,any_relevance,2week,Logistic_Regression,Config_Hybrid,VNM,D00131,1,0
liquid100_mat5,any_relevance,2week,Logistic_Regression,Config_Hybrid,VNM,D00132,0,0
liquid100_mat5,any_relevance,2week,Logistic_Regression,Config_Hybrid,VNM,D00133,0,0
liquid100_mat5,any_relevance,2week,Logistic_Regression,Config_Hybrid,VNM,D00134,0,0
liquid100_mat5,any_relevance,2week,Logistic_Regression,Config_Hybrid,VNM,D00135,0,0
liquid100_mat5,any_relevance,2week,Logistic_Regression,Config_Hybrid,VNM,D00136,0,0
liquid100_mat5,any_relevance,2week,Logistic_Regression,Config_Hybrid,VNM,D00137,0,0
liquid100_mat5,any_relevance,2week,Logistic_Regression,Config_Hybrid,VNM,D00138,0,0
liquid100_mat5,any_relevance,2week,Logistic_Regression,Config_Hybrid,VNM,D00139,0,0
liquid100_mat5,any_relevance,2week,Logistic_Regression,Config_Hybrid,VNM,D00140,0,0
liquid100_mat5,any_relevance,2week,Logistic_Regression,Config_Hybrid,VNM,D00141,0,1
liquid100_mat5,any_relevance,2week,Logistic_Regression,Config_Hybrid,VNM,D00142,0,0
liquid100_mat5,any_relevance,2week,Logistic_Regression,Config_Hybrid,VPB,D00119,1,1
liquid100_mat5,any_relevance,2week,Logistic_Regression,Config_Hybrid,VPB,D00120,1,1
liquid100_mat5,any_relevance,2week,Logistic_Regression,Config_Hybrid,VPB,D00121,0,0
liquid100_mat5,any_relevance,2week,Logistic_Regression,Config_Hybrid,VPB,D00122,0,0
liquid100_mat5,any_relevance,2week,Logistic_Regression,Config_Hybrid,VPB,D00123,1,0
liquid100_mat5,any_relevance,2week,Logistic_Regression,Config_Hybrid,VPB,D00124,0,1
liquid100_mat5,any_relevance,2week,Logistic_Regression,Config_Hybrid,VPB,D00125,0,0
liquid100_mat5,any_relevance,2week,Logistic_Regression,Config_Hybrid,VPB,D00126,0,0
liquid100_mat5,any_relevance,2week,Logistic_Regression,Config_Hybrid,VPB,D00127,1,1
liquid100_mat5,any_relevance,2week,Logistic_Regression,Config_Hybrid,VPB,D00128,0,0
liquid100_mat5,any_relevance,2week,Logistic_Regression,Config_Hybrid,VPB,D00129,0,1
liquid100_mat5,any_relevance,2week,Logistic_Regression,Config_Hybrid,VPB,D00130,1,1
liquid100_mat5,any_relevance,2week,Logistic_Regression,Config_Hybrid,VPB,D00131,0,0
liquid100_mat5,any_relevance,2week,Logistic_Regression,Config_Hybrid,VPB,D00132,0,0
liquid100_mat5,any_relevance,2week,Logistic_Regression,Config_Hybrid,VPB,D00133,1,1
liquid100_mat5,any_relevance,2week,Logistic_Regression,Config_Hybrid,VPB,D00134,0,0
liquid100_mat5,any_relevance,2week,Logistic_Regression,Config_Hybrid,VPB,D00135,0,1
liquid100_mat5,any_relevance,2week,Logistic_Regression,Config_Hybrid,VPB,D00136,1,1
liquid100_mat5,any_relevance,2week,Logistic_Regression,Config_Hybrid,VPB,D00137,1,1
liquid100_mat5,any_relevance,2week,Logistic_Regression,Config_Hybrid,VPB,D00138,0,0
liquid100_mat5,any_relevance,2week,Logistic_Regression,Config_Hybrid,VPB,D00139,0,1
liquid100_mat5,any_relevance,2week,Logistic_Regression,Config_Hybrid,VPB,D00140,0,0
liquid100_mat5,any_relevance,2week,Logistic_Regression,Config_Hybrid,VPB,D00141,0,0
liquid100_mat5,any_relevance,2week,Logistic_Regression,Config_Hybrid,VPB,D00142,0,1
liquid100_mat5,any_relevance,2week,Logistic_Regression,Config_Hybrid,VSC,D00119,1,0
liquid100_mat5,any_relevance,2week,Logistic_Regression,Config_Hybrid,VSC,D00120,0,0
liquid100_mat5,any_relevance,2week,Logistic_Regression,Config_Hybrid,VSC,D00121,0,1
liquid100_mat5,any_relevance,2week,Logistic_Regression,Config_Hybrid,VSC,D00122,0,0
liquid100_mat5,any_relevance,2week,Logistic_Regression,Config_Hybrid,VSC,D00123,0,0
liquid100_mat5,any_relevance,2week,Logistic_Regression,Config_Hybrid,VSC,D00124,0,0
liquid100_mat5,any_relevance,2week,Logistic_Regression,Config_Hybrid,VSC,D00125,0,1
liquid100_mat5,any_relevance,2week,Logistic_Regression,Config_Hybrid,VSC,D00126,1,1
liquid100_mat5,any_relevance,2week,Logistic_Regression,Config_Hybrid,VSC,D00127,0,1
liquid100_mat5,any_relevance,2week,Logistic_Regression,Config_Hybrid,VSC,D00128,0,0
liquid100_mat5,any_relevance,2week,Logistic_Regression,Config_Hybrid,VSC,D00129,0,1
liquid100_mat5,any_relevance,2week,Logistic_Regression,Config_Hybrid,VSC,D00130,1,1
liquid100_mat5,any_relevance,2week,Logistic_Regression,Config_Hybrid,VSC,D00131,0,1
liquid100_mat5,any_relevance,2week,Logistic_Regression,Config_Hybrid,VSC,D00132,1,1
liquid100_mat5,any_relevance,2week,Logistic_Regression,Config_Hybrid,VSC,D00133,1,1
liquid100_mat5,any_relevance,2week,Logistic_Regression,Config_Hybrid,VSC,D00134,0,0
liquid100_mat5,any_relevance,2week,Logistic_Regression,Config_Hybrid,VSC,D00135,0,1
liquid100_mat5,any_relevance,2week,Logistic_Regression,Config_Hybrid,VSC,D00136,1,1
liquid100_mat5,any_relevance,2week,Logistic_Regression,Config_Hybrid,VSC,D00137,0,0
liquid100_mat5,any_relevance,2week,Logistic_Regression,Config_Hybrid,VSC,D00138,0,0
liquid100_mat5,any_relevance,2week,Logistic_Regression,Config_Hybrid,VSC,D00139,0,0
liquid100_mat5,any_relevance,2week,Logistic_Regression,Config_Hybrid,VSC,D00140,0,0
liquid100_mat5,any_relevance,2week,Logistic_Regression,Config_Hybrid,VSC,D00141,0,0
liquid100_mat5,any_relevance,2week,Logistic_Regression,Config_Hybrid,VSC,D00142,0,0
liquid100_mat5,any_relevance,2week,Random_Forest,Config_Hybrid,ACB,D00119,1,1
liquid100_mat5,any_relevance,2week,Random_Forest,Config_Hybrid,ACB,D00120,1,1
liquid100_mat5,any_relevance,2week,Random_Forest,Config_Hybrid,ACB,D00121,0,0
liquid100_mat5,any_relevance,2week,Random_Forest,Config_Hybrid,ACB,D00122,0,0
liquid100_mat5,any_relevance,2week,Random_Forest,Config_Hybrid,ACB,D00123,1,0
liquid100_mat5,any_relevance,2week,Random_Forest,Config_Hybrid,ACB,D00124,0,0
liquid100_mat5,any_relevance,2week,Random_Forest,Config_Hybrid,ACB,D00125,0,0
liquid100_mat5,any_relevance,2week,Random_Forest,Config_Hybrid,ACB,D00126,0,0
liquid100_mat5,any_relevance,2week,Random_Forest,Config_Hybrid,ACB,D00127,0,0
liquid100_mat5,any_relevance,2week,Random_Forest,Config_Hybrid,ACB,D00128,0,0
liquid100_mat5,any_relevance,2week,Random_Forest,Config_Hybrid,ACB,D00129,0,0
liquid100_mat5,any_relevance,2week,Random_Forest,Config_Hybrid,ACB,D00130,1,0
liquid100_mat5,any_relevance,2week,Random_Forest,Config_Hybrid,ACB,D00131,0,0
liquid100_mat5,any_relevance,2week,Random_Forest,Config_Hybrid,ACB,D00132,0,0
liquid100_mat5,any_relevance,2week,Random_Forest,Config_Hybrid,ACB,D00133,1,1
liquid100_mat5,any_relevance,2week,Random_Forest,Config_Hybrid,ACB,D00134,0,0
liquid100_mat5,any_relevance,2week,Random_Forest,Config_Hybrid,ACB,D00135,0,0
liquid100_mat5,any_relevance,2week,Random_Forest,Config_Hybrid,ACB,D00136,0,0
liquid100_mat5,any_relevance,2week,Random_Forest,Config_Hybrid,ACB,D00137,0,0
liquid100_mat5,any_relevance,2week,Random_Forest,Config_Hybrid,ACB,D00138,0,0
liquid100_mat5,any_relevance,2week,Random_Forest,Config_Hybrid,ACB,D00139,1,0
liquid100_mat5,any_relevance,2week,Random_Forest,Config_Hybrid,ACB,D00140,1,1
liquid100_mat5,any_relevance,2week,Random_Forest,Config_Hybrid,ACB,D00141,0,1
liquid100_mat5,any_relevance,2week,Random_Forest,Config_Hybrid,ACB,D00142,0,0
liquid100_mat5,any_relevance,2week,Random_Forest,Config_Hybrid,BID,D00119,1,1
liquid100_mat5,any_relevance,2week,Random_Forest,Config_Hybrid,BID,D00120,1,1
liquid100_mat5,any_relevance,2week,Random_Forest,Config_Hybrid,BID,D00121,0,0
liquid100_mat5,any_relevance,2week,Random_Forest,Config_Hybrid,BID,D00122,0,0
liquid100_mat5,any_relevance,2week,Random_Forest,Config_Hybrid,BID,D00123,0,0
liquid100_mat5,any_relevance,2week,Random_Forest,Config_Hybrid,BID,D00124,0,0
liquid100_mat5,any_relevance,2week,Random_Forest,Config_Hybrid,BID,D00125,0,0
liquid100_mat5,any_relevance,2week,Random_Forest,Config_Hybrid,BID,D00126,0,0
liquid100_mat5,any_relevance,2week,Random_Forest,Config_Hybrid,BID,D00127,0,0
liquid100_mat5,any_relevance,2week,Random_Forest,Config_Hybrid,BID,D00128,0,0
liquid100_mat5,any_relevance,2week,Random_Forest,Config_Hybrid,BID,D00129,1,0
liquid100_mat5,any_relevance,2week,Random_Forest,Config_Hybrid,BID,D00130,1,1
liquid100_mat5,any_relevance,2week,Random_Forest,Config_Hybrid,BID,D00131,1,1
liquid100_mat5,any_relevance,2week,Random_Forest,Config_Hybrid,BID,D00132,0,0
liquid100_mat5,any_relevance,2week,Random_Forest,Config_Hybrid,BID,D00133,0,0
liquid100_mat5,any_relevance,2week,Random_Forest,Config_Hybrid,BID,D00134,0,0
liquid100_mat5,any_relevance,2week,Random_Forest,Config_Hybrid,BID,D00135,0,0
liquid100_mat5,any_relevance,2week,Random_Forest,Config_Hybrid,BID,D00136,0,0
liquid100_mat5,any_relevance,2week,Random_Forest,Config_Hybrid,BID,D00137,0,0
liquid100_mat5,any_relevance,2week,Random_Forest,Config_Hybrid,BID,D00138,1,0
liquid100_mat5,any_relevance,2week,Random_Forest,Config_Hybrid,BID,D00139,1,1
liquid100_mat5,any_relevance,2week,Random_Forest,Config_Hybrid,BID,D00140,0,0
liquid100_mat5,any_relevance,2week,Random_Forest,Config_Hybrid,BID,D00141,0,0
liquid100_mat5,any_relevance,2week,Random_Forest,Config_Hybrid,BID,D00142,0,0
liquid100_mat5,any_relevance,2week,Random_Forest,Config_Hybrid,CTG,D00119,1,1
liquid100_mat5,any_relevance,2week,Random_Forest,Config_Hybrid,CTG,D00120,1,1
liquid100_mat5,any_relevance,2week,Random_Forest,Config_Hybrid,CTG,D00121,0,0
liquid100_mat5,any_relevance,2week,Random_Forest,Config_Hybrid,CTG,D00122,0,0
liquid100_mat5,any_relevance,2week,Random_Forest,Config_Hybrid,CTG,D00123,1,0
liquid100_mat5,any_relevance,2week,Random_Forest,Config_Hybrid,CTG,D00124,0,0
liquid100_mat5,any_relevance,2week,Random_Forest,Config_Hybrid,CTG,D00125,0,0
liquid100_mat5,any_relevance,2week,Random_Forest,Config_Hybrid,CTG,D00126,0,0
liquid100_mat5,any_relevance,2week,Random_Forest,Config_Hybrid,CTG,D00127,1,0
liquid100_mat5,any_relevance,2week,Random_Forest,Config_Hybrid,CTG,D00128,0,0
liquid100_mat5,any_relevance,2week,Random_Forest,Config_Hybrid,CTG,D00129,1,0
liquid100_mat5,any_relevance,2week,Random_Forest,Config_Hybrid,CTG,D00130,1,1
liquid100_mat5,any_relevance,2week,Random_Forest,Config_Hybrid,CTG,D00131,0,0
liquid100_mat5,any_relevance,2week,Random_Forest,Config_Hybrid,CTG,D00132,0,0
liquid100_mat5,any_relevance,2week,Random_Forest,Config_Hybrid,CTG,D00133,0,0
liquid100_mat5,any_relevance,2week,Random_Forest,Config_Hybrid,CTG,D00134,0,0
liquid100_mat5,any_relevance,2week,Random_Forest,Config_Hybrid,CTG,D00135,0,0
liquid100_mat5,any_relevance,2week,Random_Forest,Config_Hybrid,CTG,D00136,0,0
liquid100_mat5,any_relevance,2week,Random_Forest,Config_Hybrid,CTG,D00137,0,0
liquid100_mat5,any_relevance,2week,Random_Forest,Config_Hybrid,CTG,D00138,0,0
liquid100_mat5,any_relevance,2week,Random_Forest,Config_Hybrid,CTG,D00139,0,0
liquid100_mat5,any_relevance,2week,Random_Forest,Config_Hybrid,CTG,D00140,0,0
liquid100_mat5,any_relevance,2week,Random_Forest,Config_Hybrid,CTG,D00141,0,0
liquid100_mat5,any_relevance,2week,Random_Forest,Config_Hybrid,CTG,D00142,0,0
liquid100_mat5,any_relevance,2week,Random_Forest,Config_Hybrid,DCM,D00119,1,1
liquid100_mat5,any_relevance,2week,Random_Forest,Config_Hybrid,DCM,D00120,0,0
liquid100_mat5,any_relevance,2week,Random_Forest,Config_Hybrid,DCM,D00121,0,1
liquid100_mat5,any_relevance,2week,Random_Forest,Config_Hybrid,DCM,D00122,0,0
liquid100_mat5,any_relevance,2week,Random_Forest,Config_Hybrid,DCM,D00123,0,0
liquid100_mat5,any_relevance,2week,Random_Forest,Config_Hybrid,DCM,D00124,0,0
liquid100_mat5,any_relevance,2week,Random_Forest,Config_Hybrid,DCM,D00125,0,1
liquid100_mat5,any_relevance,2week,Random_Forest,Config_Hybrid,DCM,D00126,0,0
liquid100_mat5,any_relevance,2week,Random_Forest,Config_Hybrid,DCM,D00127,0,0
liquid100_mat5,any_relevance,2week,Random_Forest,Config_Hybrid,DCM,D00128,0,0
liquid100_mat5,any_relevance,2week,Random_Forest,Config_Hybrid,DCM,D00129,1,0
liquid100_mat5,any_relevance,2week,Random_Forest,Config_Hybrid,DCM,D00130,1,1
liquid100_mat5,any_relevance,2week,Random_Forest,Config_Hybrid,DCM,D00131,1,1
liquid100_mat5,any_relevance,2week,Random_Forest,Config_Hybrid,DCM,D00132,1,0
liquid100_mat5,any_relevance,2week,Random_Forest,Config_Hybrid,DCM,D00133,1,0
liquid100_mat5,any_relevance,2week,Random_Forest,Config_Hybrid,DCM,D00134,1,1
liquid100_mat5,any_relevance,2week,Random_Forest,Config_Hybrid,DCM,D00135,0,0
liquid100_mat5,any_relevance,2week,Random_Forest,Config_Hybrid,DCM,D00136,0,0
liquid100_mat5,any_relevance,2week,Random_Forest,Config_Hybrid,DCM,D00137,0,0
liquid100_mat5,any_relevance,2week,Random_Forest,Config_Hybrid,DCM,D00138,0,0
liquid100_mat5,any_relevance,2week,Random_Forest,Config_Hybrid,DCM,D00139,0,0
liquid100_mat5,any_relevance,2week,Random_Forest,Config_Hybrid,DCM,D00140,0,0
liquid100_mat5,any_relevance,2week,Random_Forest,Config_Hybrid,DCM,D00141,0,0
liquid100_mat5,any_relevance,2week,Random_Forest,Config_Hybrid,DCM,D00142,0,0
liquid100_mat5,any_relevance,2week,Random_Forest,Config_Hybrid,DIG,D00119,1,1
liquid100_mat5,any_relevance,2week,Random_Forest,Config_Hybrid,DIG,D00120,0,1
liquid100_mat5,any_relevance,2week,Random_Forest,Config_Hybrid,DIG,D00121,1,1
liquid100_mat5,any_relevance,2week,Random_Forest,Config_Hybrid,DIG,D00122,0,1
liquid100_mat5,any_relevance,2week,Random_Forest,Config_Hybrid,DIG,D00123,0,0
liquid100_mat5,any_relevance,2week,Random_Forest,Config_Hybrid,DIG,D00124,0,1
liquid100_mat5,any_relevance,2week,Random_Forest,Config_Hybrid,DIG,D00125,0,0
liquid100_mat5,any_relevance,2week,Random_Forest,Config_Hybrid,DIG,D00126,1,0
liquid100_mat5,any_relevance,2week,Random_Forest,Config_Hybrid,DIG,D00127,0,0
liquid100_mat5,any_relevance,2week,Random_Forest,Config_Hybrid,DIG,D00128,0,0
liquid100_mat5,any_relevance,2week,Random_Forest,Config_Hybrid,DIG,D00129,0,0
liquid100_mat5,any_relevance,2week,Random_Forest,Config_Hybrid,DIG,D00130,0,0
liquid100_mat5,any_relevance,2week,Random_Forest,Config_Hybrid,DIG,D00131,0,1
liquid100_mat5,any_relevance,2week,Random_Forest,Config_Hybrid,DIG,D00132,0,0
liquid100_mat5,any_relevance,2week,Random_Forest,Config_Hybrid,DIG,D00133,0,0
liquid100_mat5,any_relevance,2week,Random_Forest,Config_Hybrid,DIG,D00134,0,0
liquid100_mat5,any_relevance,2week,Random_Forest,Config_Hybrid,DIG,D00135,1,0
liquid100_mat5,any_relevance,2week,Random_Forest,Config_Hybrid,DIG,D00136,1,1
liquid100_mat5,any_relevance,2week,Random_Forest,Config_Hybrid,DIG,D00137,0,1
liquid100_mat5,any_relevance,2week,Random_Forest,Config_Hybrid,DIG,D00138,1,1
liquid100_mat5,any_relevance,2week,Random_Forest,Config_Hybrid,DIG,D00139,0,0
liquid100_mat5,any_relevance,2week,Random_Forest,Config_Hybrid,DIG,D00140,0,0
liquid100_mat5,any_relevance,2week,Random_Forest,Config_Hybrid,DIG,D00141,0,0
liquid100_mat5,any_relevance,2week,Random_Forest,Config_Hybrid,DIG,D00142,0,0
liquid100_mat5,any_relevance,2week,Random_Forest,Config_Hybrid,DPM,D00119,1,1
liquid100_mat5,any_relevance,2week,Random_Forest,Config_Hybrid,DPM,D00120,0,0
liquid100_mat5,any_relevance,2week,Random_Forest,Config_Hybrid,DPM,D00121,0,0
liquid100_mat5,any_relevance,2week,Random_Forest,Config_Hybrid,DPM,D00122,0,0
liquid100_mat5,any_relevance,2week,Random_Forest,Config_Hybrid,DPM,D00123,0,0
liquid100_mat5,any_relevance,2week,Random_Forest,Config_Hybrid,DPM,D00124,0,0
liquid100_mat5,any_relevance,2week,Random_Forest,Config_Hybrid,DPM,D00125,0,1
liquid100_mat5,any_relevance,2week,Random_Forest,Config_Hybrid,DPM,D00126,0,0
liquid100_mat5,any_relevance,2week,Random_Forest,Config_Hybrid,DPM,D00127,0,0
liquid100_mat5,any_relevance,2week,Random_Forest,Config_Hybrid,DPM,D00128,0,0
liquid100_mat5,any_relevance,2week,Random_Forest,Config_Hybrid,DPM,D00129,1,0
liquid100_mat5,any_relevance,2week,Random_Forest,Config_Hybrid,DPM,D00130,1,1
liquid100_mat5,any_relevance,2week,Random_Forest,Config_Hybrid,DPM,D00131,0,1
liquid100_mat5,any_relevance,2week,Random_Forest,Config_Hybrid,DPM,D00132,1,1
liquid100_mat5,any_relevance,2week,Random_Forest,Config_Hybrid,DPM,D00133,1,0
liquid100_mat5,any_relevance,2week,Random_Forest,Config_Hybrid,DPM,D00134,1,1
liquid100_mat5,any_relevance,2week,Random_Forest,Config_Hybrid,DPM,D00135,0,0
liquid100_mat5,any_relevance,2week,Random_Forest,Config_Hybrid,DPM,D00136,0,0
liquid100_mat5,any_relevance,2week,Random_Forest,Config_Hybrid,DPM,D00137,0,0
liquid100_mat5,any_relevance,2week,Random_Forest,Config_Hybrid,DPM,D00138,0,0
liquid100_mat5,any_relevance,2week,Random_Forest,Config_Hybrid,DPM,D00139,0,0
liquid100_mat5,any_relevance,2week,Random_Forest,Config_Hybrid,DPM,D00140,0,0
liquid100_mat5,any_relevance,2week,Random_Forest,Config_Hybrid,DPM,D00141,0,0
liquid100_mat5,any_relevance,2week,Random_Forest,Config_Hybrid,DPM,D00142,0,0
liquid100_mat5,any_relevance,2week,Random_Forest,Config_Hybrid,DXG,D00119,1,1
liquid100_mat5,any_relevance,2week,Random_Forest,Config_Hybrid,DXG,D00120,1,0
liquid100_mat5,any_relevance,2week,Random_Forest,Config_Hybrid,DXG,D00121,1,1
liquid100_mat5,any_relevance,2week,Random_Forest,Config_Hybrid,DXG,D00122,0,0
liquid100_mat5,any_relevance,2week,Random_Forest,Config_Hybrid,DXG,D00123,0,0
liquid100_mat5,any_relevance,2week,Random_Forest,Config_Hybrid,DXG,D00124,0,1
liquid100_mat5,any_relevance,2week,Random_Forest,Config_Hybrid,DXG,D00125,0,1
liquid100_mat5,any_relevance,2week,Random_Forest,Config_Hybrid,DXG,D00126,0,0
liquid100_mat5,any_relevance,2week,Random_Forest,Config_Hybrid,DXG,D00127,0,0
liquid100_mat5,any_relevance,2week,Random_Forest,Config_Hybrid,DXG,D00128,0,0
liquid100_mat5,any_relevance,2week,Random_Forest,Config_Hybrid,DXG,D00129,0,0
liquid100_mat5,any_relevance,2week,Random_Forest,Config_Hybrid,DXG,D00130,0,0
liquid100_mat5,any_relevance,2week,Random_Forest,Config_Hybrid,DXG,D00131,0,0
liquid100_mat5,any_relevance,2week,Random_Forest,Config_Hybrid,DXG,D00132,0,0
liquid100_mat5,any_relevance,2week,Random_Forest,Config_Hybrid,DXG,D00133,0,1
liquid100_mat5,any_relevance,2week,Random_Forest,Config_Hybrid,DXG,D00134,0,0
liquid100_mat5,any_relevance,2week,Random_Forest,Config_Hybrid,DXG,D00135,1,0
liquid100_mat5,any_relevance,2week,Random_Forest,Config_Hybrid,DXG,D00136,1,1
liquid100_mat5,any_relevance,2week,Random_Forest,Config_Hybrid,DXG,D00137,0,0
liquid100_mat5,any_relevance,2week,Random_Forest,Config_Hybrid,DXG,D00138,1,1
liquid100_mat5,any_relevance,2week,Random_Forest,Config_Hybrid,DXG,D00139,0,0
liquid100_mat5,any_relevance,2week,Random_Forest,Config_Hybrid,DXG,D00140,0,0
liquid100_mat5,any_relevance,2week,Random_Forest,Config_Hybrid,DXG,D00141,0,0
liquid100_mat5,any_relevance,2week,Random_Forest,Config_Hybrid,DXG,D00142,0,0
liquid100_mat5,any_relevance,2week,Random_Forest,Config_Hybrid,EIB,D00119,1,0
liquid100_mat5,any_relevance,2week,Random_Forest,Config_Hybrid,EIB,D00120,0,1
liquid100_mat5,any_relevance,2week,Random_Forest,Config_Hybrid,EIB,D00121,0,0
liquid100_mat5,any_relevance,2week,Random_Forest,Config_Hybrid,EIB,D00122,0,0
liquid100_mat5,any_relevance,2week,Random_Forest,Config_Hybrid,EIB,D00123,1,0
liquid100_mat5,any_relevance,2week,Random_Forest,Config_Hybrid,EIB,D00124,0,0
liquid100_mat5,any_relevance,2week,Random_Forest,Config_Hybrid,EIB,D00125,0,0
liquid100_mat5,any_relevance,2week,Random_Forest,Config_Hybrid,EIB,D00126,1,0
liquid100_mat5,any_relevance,2week,Random_Forest,Config_Hybrid,EIB,D00127,0,0
liquid100_mat5,any_relevance,2week,Random_Forest,Config_Hybrid,EIB,D00128,0,0
liquid100_mat5,any_relevance,2week,Random_Forest,Config_Hybrid,EIB,D00129,0,1
liquid100_mat5,any_relevance,2week,Random_Forest,Config_Hybrid,EIB,D00130,1,0
liquid100_mat5,any_relevance,2week,Random_Forest,Config_Hybrid,EIB,D00131,0,0
liquid100_mat5,any_relevance,2week,Random_Forest,Config_Hybrid,EIB,D00132,0,0
liquid100_mat5,any_relevance,2week,Random_Forest,Config_Hybrid,EIB,D00133,1,1
liquid100_mat5,any_relevance,2week,Random_Forest,Config_Hybrid,EIB,D00134,0,0
liquid100_mat5,any_relevance,2week,Random_Forest,Config_Hybrid,EIB,D00135,1,0
liquid100_mat5,any_relevance,2week,Random_Forest,Config_Hybrid,EIB,D00136,0,1
liquid100_mat5,any_relevance,2week,Random_Forest,Config_Hybrid,EIB,D00137,0,0
liquid100_mat5,any_relevance,2week,Random_Forest,Config_Hybrid,EIB,D00138,0,0
liquid100_mat5,any_relevance,2week,Random_Forest,Config_Hybrid,EIB,D00139,0,0
liquid100_mat5,any_relevance,2week,Random_Forest,Config_Hybrid,EIB,D00140,0,0
liquid100_mat5,any_relevance,2week,Random_Forest,Config_Hybrid,EIB,D00141,0,0
liquid100_mat5,any_relevance,2week,Random_Forest,Config_Hybrid,EIB,D00142,0,0
liquid100_mat5,any_relevance,2week,Random_Forest,Config_Hybrid,FPT,D00119,0,0
liquid100_mat5,any_relevance,2week,Random_Forest,Config_Hybrid,FPT,D00120,0,0
liquid100_mat5,any_relevance,2week,Random_Forest,Config_Hybrid,FPT,D00121,0,0
liquid100_mat5,any_relevance,2week,Random_Forest,Config_Hybrid,FPT,D00122,0,0
liquid100_mat5,any_relevance,2week,Random_Forest,Config_Hybrid,FPT,D00123,0,0
liquid100_mat5,any_relevance,2week,Random_Forest,Config_Hybrid,FPT,D00124,1,0
liquid100_mat5,any_relevance,2week,Random_Forest,Config_Hybrid,FPT,D00125,1,1
liquid100_mat5,any_relevance,2week,Random_Forest,Config_Hybrid,FPT,D00126,0,0
liquid100_mat5,any_relevance,2week,Random_Forest,Config_Hybrid,FPT,D00127,0,0
liquid100_mat5,any_relevance,2week,Random_Forest,Config_Hybrid,FPT,D00128,0,0
liquid100_mat5,any_relevance,2week,Random_Forest,Config_Hybrid,FPT,D00129,0,0
liquid100_mat5,any_relevance,2week,Random_Forest,Config_Hybrid,FPT,D00130,1,0
liquid100_mat5,any_relevance,2week,Random_Forest,Config_Hybrid,FPT,D00131,0,0
liquid100_mat5,any_relevance,2week,Random_Forest,Config_Hybrid,FPT,D00132,0,0
liquid100_mat5,any_relevance,2week,Random_Forest,Config_Hybrid,FPT,D00133,0,0
liquid100_mat5,any_relevance,2week,Random_Forest,Config_Hybrid,FPT,D00134,0,0
liquid100_mat5,any_relevance,2week,Random_Forest,Config_Hybrid,FPT,D00135,0,0
liquid100_mat5,any_relevance,2week,Random_Forest,Config_Hybrid,FPT,D00136,0,0
liquid100_mat5,any_relevance,2week,Random_Forest,Config_Hybrid,FPT,D00137,0,0
liquid100_mat5,any_relevance,2week,Random_Forest,Config_Hybrid,FPT,D00138,0,0
liquid100_mat5,any_relevance,2week,Random_Forest,Config_Hybrid,FPT,D00139,1,0
liquid100_mat5,any_relevance,2week,Random_Forest,Config_Hybrid,FPT,D00140,0,0
liquid100_mat5,any_relevance,2week,Random_Forest,Config_Hybrid,FPT,D00141,0,0
liquid100_mat5,any_relevance,2week,Random_Forest,Config_Hybrid,FPT,D00142,0,0
liquid100_mat5,any_relevance,2week,Random_Forest,Config_Hybrid,GAS,D00119,1,0
liquid100_mat5,any_relevance,2week,Random_Forest,Config_Hybrid,GAS,D00120,0,0
liquid100_mat5,any_relevance,2week,Random_Forest,Config_Hybrid,GAS,D00121,0,0
liquid100_mat5,any_relevance,2week,Random_Forest,Config_Hybrid,GAS,D00122,0,0
liquid100_mat5,any_relevance,2week,Random_Forest,Config_Hybrid,GAS,D00123,0,0
liquid100_mat5,any_relevance,2week,Random_Forest,Config_Hybrid,GAS,D00124,0,0
liquid100_mat5,any_relevance,2week,Random_Forest,Config_Hybrid,GAS,D00125,1,0
liquid100_mat5,any_relevance,2week,Random_Forest,Config_Hybrid,GAS,D00126,0,0
liquid100_mat5,any_relevance,2week,Random_Forest,Config_Hybrid,GAS,D00127,1,0
liquid100_mat5,any_relevance,2week,Random_Forest,Config_Hybrid,GAS,D00128,0,0
liquid100_mat5,any_relevance,2week,Random_Forest,Config_Hybrid,GAS,D00129,1,1
liquid100_mat5,any_relevance,2week,Random_Forest,Config_Hybrid,GAS,D00130,1,1
liquid100_mat5,any_relevance,2week,Random_Forest,Config_Hybrid,GAS,D00131,1,1
liquid100_mat5,any_relevance,2week,Random_Forest,Config_Hybrid,GAS,D00132,0,0
liquid100_mat5,any_relevance,2week,Random_Forest,Config_Hybrid,GAS,D00133,1,0
liquid100_mat5,any_relevance,2week,Random_Forest,Config_Hybrid,GAS,D00134,0,1
liquid100_mat5,any_relevance,2week,Random_Forest,Config_Hybrid,GAS,D00135,0,0
liquid100_mat5,any_relevance,2week,Random_Forest,Config_Hybrid,GAS,D00136,0,0
liquid100_mat5,any_relevance,2week,Random_Forest,Config_Hybrid,GAS,D00137,0,0
liquid100_mat5,any_relevance,2week,Random_Forest,Config_Hybrid,GAS,D00138,0,0
liquid100_mat5,any_relevance,2week,Random_Forest,Config_Hybrid,GAS,D00139,1,1
liquid100_mat5,any_relevance,2week,Random_Forest,Config_Hybrid,GAS,D00140,0,0
liquid100_mat5,any_relevance,2week,Random_Forest,Config_Hybrid,GAS,D00141,0,0
liquid100_mat5,any_relevance,2week,Random_Forest,Config_Hybrid,GAS,D00142,0,0
liquid100_mat5,any_relevance,2week,Random_Forest,Config_Hybrid,GEX,D00119,0,1
liquid100_mat5,any_relevance,2week,Random_Forest,Config_Hybrid,GEX,D00120,0,0
liquid100_mat5,any_relevance,2week,Random_Forest,Config_Hybrid,GEX,D00121,0,0
liquid100_mat5,any_relevance,2week,Random_Forest,Config_Hybrid,GEX,D00122,0,1
liquid100_mat5,any_relevance,2week,Random_Forest,Config_Hybrid,GEX,D00123,1,0
liquid100_mat5,any_relevance,2week,Random_Forest,Config_Hybrid,GEX,D00124,0,1
liquid100_mat5,any_relevance,2week,Random_Forest,Config_Hybrid,GEX,D00125,0,0
liquid100_mat5,any_relevance,2week,Random_Forest,Config_Hybrid,GEX,D00126,1,0
liquid100_mat5,any_relevance,2week,Random_Forest,Config_Hybrid,GEX,D00127,0,1
liquid100_mat5,any_relevance,2week,Random_Forest,Config_Hybrid,GEX,D00128,0,0
liquid100_mat5,any_relevance,2week,Random_Forest,Config_Hybrid,GEX,D00129,0,1
liquid100_mat5,any_relevance,2week,Random_Forest,Config_Hybrid,GEX,D00130,0,0
liquid100_mat5,any_relevance,2week,Random_Forest,Config_Hybrid,GEX,D00131,0,0
liquid100_mat5,any_relevance,2week,Random_Forest,Config_Hybrid,GEX,D00132,0,0
liquid100_mat5,any_relevance,2week,Random_Forest,Config_Hybrid,GEX,D00133,1,1
liquid100_mat5,any_relevance,2week,Random_Forest,Config_Hybrid,GEX,D00134,0,0
liquid100_mat5,any_relevance,2week,Random_Forest,Config_Hybrid,GEX,D00135,1,0
liquid100_mat5,any_relevance,2week,Random_Forest,Config_Hybrid,GEX,D00136,1,1
liquid100_mat5,any_relevance,2week,Random_Forest,Config_Hybrid,GEX,D00137,0,1
liquid100_mat5,any_relevance,2week,Random_Forest,Config_Hybrid,GEX,D00138,1,0
liquid100_mat5,any_relevance,2week,Random_Forest,Config_Hybrid,GEX,D00139,1,1
liquid100_mat5,any_relevance,2week,Random_Forest,Config_Hybrid,GEX,D00140,0,0
liquid100_mat5,any_relevance,2week,Random_Forest,Config_Hybrid,GEX,D00141,0,0
liquid100_mat5,any_relevance,2week,Random_Forest,Config_Hybrid,GEX,D00142,0,0
liquid100_mat5,any_relevance,2week,Random_Forest,Config_Hybrid,GMD,D00119,1,1
liquid100_mat5,any_relevance,2week,Random_Forest,Config_Hybrid,GMD,D00120,1,0
liquid100_mat5,any_relevance,2week,Random_Forest,Config_Hybrid,GMD,D00121,1,1
liquid100_mat5,any_relevance,2week,Random_Forest,Config_Hybrid,GMD,D00122,0,1
liquid100_mat5,any_relevance,2week,Random_Forest,Config_Hybrid,GMD,D00123,0,0
liquid100_mat5,any_relevance,2week,Random_Forest,Config_Hybrid,GMD,D00124,0,0
liquid100_mat5,any_relevance,2week,Random_Forest,Config_Hybrid,GMD,D00125,0,1
liquid100_mat5,any_relevance,2week,Random_Forest,Config_Hybrid,GMD,D00126,0,0
liquid100_mat5,any_relevance,2week,Random_Forest,Config_Hybrid,GMD,D00127,0,0
liquid100_mat5,any_relevance,2week,Random_Forest,Config_Hybrid,GMD,D00128,0,0
liquid100_mat5,any_relevance,2week,Random_Forest,Config_Hybrid,GMD,D00129,1,1
liquid100_mat5,any_relevance,2week,Random_Forest,Config_Hybrid,GMD,D00130,1,1
liquid100_mat5,any_relevance,2week,Random_Forest,Config_Hybrid,GMD,D00131,1,1
liquid100_mat5,any_relevance,2week,Random_Forest,Config_Hybrid,GMD,D00132,1,0
liquid100_mat5,any_relevance,2week,Random_Forest,Config_Hybrid,GMD,D00133,1,1
liquid100_mat5,any_relevance,2week,Random_Forest,Config_Hybrid,GMD,D00134,0,0
liquid100_mat5,any_relevance,2week,Random_Forest,Config_Hybrid,GMD,D00135,0,0
liquid100_mat5,any_relevance,2week,Random_Forest,Config_Hybrid,GMD,D00136,0,0
liquid100_mat5,any_relevance,2week,Random_Forest,Config_Hybrid,GMD,D00137,1,0
liquid100_mat5,any_relevance,2week,Random_Forest,Config_Hybrid,GMD,D00138,1,0
liquid100_mat5,any_relevance,2week,Random_Forest,Config_Hybrid,GMD,D00139,0,0
liquid100_mat5,any_relevance,2week,Random_Forest,Config_Hybrid,GMD,D00140,0,0
liquid100_mat5,any_relevance,2week,Random_Forest,Config_Hybrid,GMD,D00141,1,0
liquid100_mat5,any_relevance,2week,Random_Forest,Config_Hybrid,GMD,D00142,0,0
liquid100_mat5,any_relevance,2week,Random_Forest,Config_Hybrid,GVR,D00119,1,0
liquid100_mat5,any_relevance,2week,Random_Forest,Config_Hybrid,GVR,D00120,0,0
liquid100_mat5,any_relevance,2week,Random_Forest,Config_Hybrid,GVR,D00121,0,0
liquid100_mat5,any_relevance,2week,Random_Forest,Config_Hybrid,GVR,D00122,0,0
liquid100_mat5,any_relevance,2week,Random_Forest,Config_Hybrid,GVR,D00123,0,0
liquid100_mat5,any_relevance,2week,Random_Forest,Config_Hybrid,GVR,D00124,0,0
liquid100_mat5,any_relevance,2week,Random_Forest,Config_Hybrid,GVR,D00125,1,1
liquid100_mat5,any_relevance,2week,Random_Forest,Config_Hybrid,GVR,D00126,0,0
liquid100_mat5,any_relevance,2week,Random_Forest,Config_Hybrid,GVR,D00127,0,0
liquid100_mat5,any_relevance,2week,Random_Forest,Config_Hybrid,GVR,D00128,0,0
liquid100_mat5,any_relevance,2week,Random_Forest,Config_Hybrid,GVR,D00129,1,0
liquid100_mat5,any_relevance,2week,Random_Forest,Config_Hybrid,GVR,D00130,1,1
liquid100_mat5,any_relevance,2week,Random_Forest,Config_Hybrid,GVR,D00131,1,1
liquid100_mat5,any_relevance,2week,Random_Forest,Config_Hybrid,GVR,D00132,0,0
liquid100_mat5,any_relevance,2week,Random_Forest,Config_Hybrid,GVR,D00133,1,0
liquid100_mat5,any_relevance,2week,Random_Forest,Config_Hybrid,GVR,D00134,0,0
liquid100_mat5,any_relevance,2week,Random_Forest,Config_Hybrid,GVR,D00135,0,0
liquid100_mat5,any_relevance,2week,Random_Forest,Config_Hybrid,GVR,D00136,1,1
liquid100_mat5,any_relevance,2week,Random_Forest,Config_Hybrid,GVR,D00137,0,0
liquid100_mat5,any_relevance,2week,Random_Forest,Config_Hybrid,GVR,D00138,1,0
liquid100_mat5,any_relevance,2week,Random_Forest,Config_Hybrid,GVR,D00139,0,0
liquid100_mat5,any_relevance,2week,Random_Forest,Config_Hybrid,GVR,D00140,0,0
liquid100_mat5,any_relevance,2week,Random_Forest,Config_Hybrid,GVR,D00141,0,0
liquid100_mat5,any_relevance,2week,Random_Forest,Config_Hybrid,GVR,D00142,0,0
liquid100_mat5,any_relevance,2week,Random_Forest,Config_Hybrid,HCM,D00119,1,1
liquid100_mat5,any_relevance,2week,Random_Forest,Config_Hybrid,HCM,D00120,0,0
liquid100_mat5,any_relevance,2week,Random_Forest,Config_Hybrid,HCM,D00121,0,1
liquid100_mat5,any_relevance,2week,Random_Forest,Config_Hybrid,HCM,D00122,0,0
liquid100_mat5,any_relevance,2week,Random_Forest,Config_Hybrid,HCM,D00123,1,0
liquid100_mat5,any_relevance,2week,Random_Forest,Config_Hybrid,HCM,D00124,0,0
liquid100_mat5,any_relevance,2week,Random_Forest,Config_Hybrid,HCM,D00125,0,0
liquid100_mat5,any_relevance,2week,Random_Forest,Config_Hybrid,HCM,D00126,0,0
liquid100_mat5,any_relevance,2week,Random_Forest,Config_Hybrid,HCM,D00127,0,0
liquid100_mat5,any_relevance,2week,Random_Forest,Config_Hybrid,HCM,D00128,0,0
liquid100_mat5,any_relevance,2week,Random_Forest,Config_Hybrid,HCM,D00129,0,0
liquid100_mat5,any_relevance,2week,Random_Forest,Config_Hybrid,HCM,D00130,1,0
liquid100_mat5,any_relevance,2week,Random_Forest,Config_Hybrid,HCM,D00131,0,0
liquid100_mat5,any_relevance,2week,Random_Forest,Config_Hybrid,HCM,D00132,0,0
liquid100_mat5,any_relevance,2week,Random_Forest,Config_Hybrid,HCM,D00133,1,0
liquid100_mat5,any_relevance,2week,Random_Forest,Config_Hybrid,HCM,D00134,0,0
liquid100_mat5,any_relevance,2week,Random_Forest,Config_Hybrid,HCM,D00135,0,0
liquid100_mat5,any_relevance,2week,Random_Forest,Config_Hybrid,HCM,D00136,1,1
liquid100_mat5,any_relevance,2week,Random_Forest,Config_Hybrid,HCM,D00137,1,1
liquid100_mat5,any_relevance,2week,Random_Forest,Config_Hybrid,HCM,D00138,1,0
liquid100_mat5,any_relevance,2week,Random_Forest,Config_Hybrid,HCM,D00139,1,0
liquid100_mat5,any_relevance,2week,Random_Forest,Config_Hybrid,HCM,D00140,0,0
liquid100_mat5,any_relevance,2week,Random_Forest,Config_Hybrid,HCM,D00141,0,1
liquid100_mat5,any_relevance,2week,Random_Forest,Config_Hybrid,HCM,D00142,0,0
liquid100_mat5,any_relevance,2week,Random_Forest,Config_Hybrid,HDB,D00119,1,1
liquid100_mat5,any_relevance,2week,Random_Forest,Config_Hybrid,HDB,D00120,1,1
liquid100_mat5,any_relevance,2week,Random_Forest,Config_Hybrid,HDB,D00121,0,0
liquid100_mat5,any_relevance,2week,Random_Forest,Config_Hybrid,HDB,D00122,0,0
liquid100_mat5,any_relevance,2week,Random_Forest,Config_Hybrid,HDB,D00123,1,1
liquid100_mat5,any_relevance,2week,Random_Forest,Config_Hybrid,HDB,D00124,0,1
liquid100_mat5,any_relevance,2week,Random_Forest,Config_Hybrid,HDB,D00125,0,1
liquid100_mat5,any_relevance,2week,Random_Forest,Config_Hybrid,HDB,D00126,1,0
liquid100_mat5,any_relevance,2week,Random_Forest,Config_Hybrid,HDB,D00127,1,1
liquid100_mat5,any_relevance,2week,Random_Forest,Config_Hybrid,HDB,D00128,1,0
liquid100_mat5,any_relevance,2week,Random_Forest,Config_Hybrid,HDB,D00129,1,1
liquid100_mat5,any_relevance,2week,Random_Forest,Config_Hybrid,HDB,D00130,0,0
liquid100_mat5,any_relevance,2week,Random_Forest,Config_Hybrid,HDB,D00131,0,1
liquid100_mat5,any_relevance,2week,Random_Forest,Config_Hybrid,HDB,D00132,0,0
liquid100_mat5,any_relevance,2week,Random_Forest,Config_Hybrid,HDB,D00133,0,1
liquid100_mat5,any_relevance,2week,Random_Forest,Config_Hybrid,HDB,D00134,0,0
liquid100_mat5,any_relevance,2week,Random_Forest,Config_Hybrid,HDB,D00135,0,0
liquid100_mat5,any_relevance,2week,Random_Forest,Config_Hybrid,HDB,D00136,1,0
liquid100_mat5,any_relevance,2week,Random_Forest,Config_Hybrid,HDB,D00137,1,0
liquid100_mat5,any_relevance,2week,Random_Forest,Config_Hybrid,HDB,D00138,0,0
liquid100_mat5,any_relevance,2week,Random_Forest,Config_Hybrid,HDB,D00139,0,1
liquid100_mat5,any_relevance,2week,Random_Forest,Config_Hybrid,HDB,D00140,0,0
liquid100_mat5,any_relevance,2week,Random_Forest,Config_Hybrid,HDB,D00141,0,0
liquid100_mat5,any_relevance,2week,Random_Forest,Config_Hybrid,HDB,D00142,0,0
liquid100_mat5,any_relevance,2week,Random_Forest,Config_Hybrid,HPG,D00119,1,1
liquid100_mat5,any_relevance,2week,Random_Forest,Config_Hybrid,HPG,D00120,0,0
liquid100_mat5,any_relevance,2week,Random_Forest,Config_Hybrid,HPG,D00121,1,1
liquid100_mat5,any_relevance,2week,Random_Forest,Config_Hybrid,HPG,D00122,0,0
liquid100_mat5,any_relevance,2week,Random_Forest,Config_Hybrid,HPG,D00123,0,0
liquid100_mat5,any_relevance,2week,Random_Forest,Config_Hybrid,HPG,D00124,0,0
liquid100_mat5,any_relevance,2week,Random_Forest,Config_Hybrid,HPG,D00125,0,0
liquid100_mat5,any_relevance,2week,Random_Forest,Config_Hybrid,HPG,D00126,1,0
liquid100_mat5,any_relevance,2week,Random_Forest,Config_Hybrid,HPG,D00127,0,0
liquid100_mat5,any_relevance,2week,Random_Forest,Config_Hybrid,HPG,D00128,0,0
liquid100_mat5,any_relevance,2week,Random_Forest,Config_Hybrid,HPG,D00129,0,0
liquid100_mat5,any_relevance,2week,Random_Forest,Config_Hybrid,HPG,D00130,1,0
liquid100_mat5,any_relevance,2week,Random_Forest,Config_Hybrid,HPG,D00131,0,0
liquid100_mat5,any_relevance,2week,Random_Forest,Config_Hybrid,HPG,D00132,0,1
liquid100_mat5,any_relevance,2week,Random_Forest,Config_Hybrid,HPG,D00133,1,0
liquid100_mat5,any_relevance,2week,Random_Forest,Config_Hybrid,HPG,D00134,0,0
liquid100_mat5,any_relevance,2week,Random_Forest,Config_Hybrid,HPG,D00135,0,0
liquid100_mat5,any_relevance,2week,Random_Forest,Config_Hybrid,HPG,D00136,1,1
liquid100_mat5,any_relevance,2week,Random_Forest,Config_Hybrid,HPG,D00137,0,0
liquid100_mat5,any_relevance,2week,Random_Forest,Config_Hybrid,HPG,D00138,0,0
liquid100_mat5,any_relevance,2week,Random_Forest,Config_Hybrid,HPG,D00139,0,0
liquid100_mat5,any_relevance,2week,Random_Forest,Config_Hybrid,HPG,D00140,0,0
liquid100_mat5,any_relevance,2week,Random_Forest,Config_Hybrid,HPG,D00141,0,0
liquid100_mat5,any_relevance,2week,Random_Forest,Config_Hybrid,HPG,D00142,0,0
liquid100_mat5,any_relevance,2week,Random_Forest,Config_Hybrid,KDH,D00119,1,1
liquid100_mat5,any_relevance,2week,Random_Forest,Config_Hybrid,KDH,D00120,0,1
liquid100_mat5,any_relevance,2week,Random_Forest,Config_Hybrid,KDH,D00121,0,1
liquid100_mat5,any_relevance,2week,Random_Forest,Config_Hybrid,KDH,D00122,0,0
liquid100_mat5,any_relevance,2week,Random_Forest,Config_Hybrid,KDH,D00123,0,0
liquid100_mat5,any_relevance,2week,Random_Forest,Config_Hybrid,KDH,D00124,0,1
liquid100_mat5,any_relevance,2week,Random_Forest,Config_Hybrid,KDH,D00125,1,1
liquid100_mat5,any_relevance,2week,Random_Forest,Config_Hybrid,KDH,D00126,1,0
liquid100_mat5,any_relevance,2week,Random_Forest,Config_Hybrid,KDH,D00127,0,0
liquid100_mat5,any_relevance,2week,Random_Forest,Config_Hybrid,KDH,D00128,0,0
liquid100_mat5,any_relevance,2week,Random_Forest,Config_Hybrid,KDH,D00129,0,1
liquid100_mat5,any_relevance,2week,Random_Forest,Config_Hybrid,KDH,D00130,0,0
liquid100_mat5,any_relevance,2week,Random_Forest,Config_Hybrid,KDH,D00131,0,0
liquid100_mat5,any_relevance,2week,Random_Forest,Config_Hybrid,KDH,D00132,0,0
liquid100_mat5,any_relevance,2week,Random_Forest,Config_Hybrid,KDH,D00133,0,1
liquid100_mat5,any_relevance,2week,Random_Forest,Config_Hybrid,KDH,D00134,0,0
liquid100_mat5,any_relevance,2week,Random_Forest,Config_Hybrid,KDH,D00135,0,0
liquid100_mat5,any_relevance,2week,Random_Forest,Config_Hybrid,KDH,D00136,0,1
liquid100_mat5,any_relevance,2week,Random_Forest,Config_Hybrid,KDH,D00137,0,0
liquid100_mat5,any_relevance,2week,Random_Forest,Config_Hybrid,KDH,D00138,0,0
liquid100_mat5,any_relevance,2week,Random_Forest,Config_Hybrid,KDH,D00139,0,0
liquid100_mat5,any_relevance,2week,Random_Forest,Config_Hybrid,KDH,D00140,0,0
liquid100_mat5,any_relevance,2week,Random_Forest,Config_Hybrid,KDH,D00141,0,0
liquid100_mat5,any_relevance,2week,Random_Forest,Config_Hybrid,KDH,D00142,0,0
liquid100_mat5,any_relevance,2week,Random_Forest,Config_Hybrid,MBB,D00119,1,1
liquid100_mat5,any_relevance,2week,Random_Forest,Config_Hybrid,MBB,D00120,1,1
liquid100_mat5,any_relevance,2week,Random_Forest,Config_Hybrid,MBB,D00121,0,0
liquid100_mat5,any_relevance,2week,Random_Forest,Config_Hybrid,MBB,D00122,0,0
liquid100_mat5,any_relevance,2week,Random_Forest,Config_Hybrid,MBB,D00123,1,0
liquid100_mat5,any_relevance,2week,Random_Forest,Config_Hybrid,MBB,D00124,0,0
liquid100_mat5,any_relevance,2week,Random_Forest,Config_Hybrid,MBB,D00125,0,0
liquid100_mat5,any_relevance,2week,Random_Forest,Config_Hybrid,MBB,D00126,0,0
liquid100_mat5,any_relevance,2week,Random_Forest,Config_Hybrid,MBB,D00127,1,0
liquid100_mat5,any_relevance,2week,Random_Forest,Config_Hybrid,MBB,D00128,0,1
liquid100_mat5,any_relevance,2week,Random_Forest,Config_Hybrid,MBB,D00129,1,0
liquid100_mat5,any_relevance,2week,Random_Forest,Config_Hybrid,MBB,D00130,1,1
liquid100_mat5,any_relevance,2week,Random_Forest,Config_Hybrid,MBB,D00131,0,0
liquid100_mat5,any_relevance,2week,Random_Forest,Config_Hybrid,MBB,D00132,1,0
liquid100_mat5,any_relevance,2week,Random_Forest,Config_Hybrid,MBB,D00133,0,0
liquid100_mat5,any_relevance,2week,Random_Forest,Config_Hybrid,MBB,D00134,0,0
liquid100_mat5,any_relevance,2week,Random_Forest,Config_Hybrid,MBB,D00135,0,0
liquid100_mat5,any_relevance,2week,Random_Forest,Config_Hybrid,MBB,D00136,0,0
liquid100_mat5,any_relevance,2week,Random_Forest,Config_Hybrid,MBB,D00137,0,0
liquid100_mat5,any_relevance,2week,Random_Forest,Config_Hybrid,MBB,D00138,0,0
liquid100_mat5,any_relevance,2week,Random_Forest,Config_Hybrid,MBB,D00139,0,0
liquid100_mat5,any_relevance,2week,Random_Forest,Config_Hybrid,MBB,D00140,0,0
liquid100_mat5,any_relevance,2week,Random_Forest,Config_Hybrid,MBB,D00141,0,0
liquid100_mat5,any_relevance,2week,Random_Forest,Config_Hybrid,MBB,D00142,0,0
liquid100_mat5,any_relevance,2week,Random_Forest,Config_Hybrid,MSB,D00119,1,1
liquid100_mat5,any_relevance,2week,Random_Forest,Config_Hybrid,MSB,D00120,1,1
liquid100_mat5,any_relevance,2week,Random_Forest,Config_Hybrid,MSB,D00121,0,1
liquid100_mat5,any_relevance,2week,Random_Forest,Config_Hybrid,MSB,D00122,0,0
liquid100_mat5,any_relevance,2week,Random_Forest,Config_Hybrid,MSB,D00123,0,0
liquid100_mat5,any_relevance,2week,Random_Forest,Config_Hybrid,MSB,D00124,0,0
liquid100_mat5,any_relevance,2week,Random_Forest,Config_Hybrid,MSB,D00125,0,0
liquid100_mat5,any_relevance,2week,Random_Forest,Config_Hybrid,MSB,D00126,0,0
liquid100_mat5,any_relevance,2week,Random_Forest,Config_Hybrid,MSB,D00127,1,1
liquid100_mat5,any_relevance,2week,Random_Forest,Config_Hybrid,MSB,D00128,0,0
liquid100_mat5,any_relevance,2week,Random_Forest,Config_Hybrid,MSB,D00129,0,0
liquid100_mat5,any_relevance,2week,Random_Forest,Config_Hybrid,MSB,D00130,0,1
liquid100_mat5,any_relevance,2week,Random_Forest,Config_Hybrid,MSB,D00131,0,0
liquid100_mat5,any_relevance,2week,Random_Forest,Config_Hybrid,MSB,D00132,0,0
liquid100_mat5,any_relevance,2week,Random_Forest,Config_Hybrid,MSB,D00133,0,0
liquid100_mat5,any_relevance,2week,Random_Forest,Config_Hybrid,MSB,D00134,0,0
liquid100_mat5,any_relevance,2week,Random_Forest,Config_Hybrid,MSB,D00135,0,0
liquid100_mat5,any_relevance,2week,Random_Forest,Config_Hybrid,MSB,D00136,1,0
liquid100_mat5,any_relevance,2week,Random_Forest,Config_Hybrid,MSB,D00137,1,1
liquid100_mat5,any_relevance,2week,Random_Forest,Config_Hybrid,MSB,D00138,1,0
liquid100_mat5,any_relevance,2week,Random_Forest,Config_Hybrid,MSB,D00139,1,1
liquid100_mat5,any_relevance,2week,Random_Forest,Config_Hybrid,MSB,D00140,0,1
liquid100_mat5,any_relevance,2week,Random_Forest,Config_Hybrid,MSB,D00141,1,0
liquid100_mat5,any_relevance,2week,Random_Forest,Config_Hybrid,MSB,D00142,1,1
liquid100_mat5,any_relevance,2week,Random_Forest,Config_Hybrid,MSN,D00119,1,0
liquid100_mat5,any_relevance,2week,Random_Forest,Config_Hybrid,MSN,D00120,0,1
liquid100_mat5,any_relevance,2week,Random_Forest,Config_Hybrid,MSN,D00121,0,1
liquid100_mat5,any_relevance,2week,Random_Forest,Config_Hybrid,MSN,D00122,0,0
liquid100_mat5,any_relevance,2week,Random_Forest,Config_Hybrid,MSN,D00123,0,0
liquid100_mat5,any_relevance,2week,Random_Forest,Config_Hybrid,MSN,D00124,0,1
liquid100_mat5,any_relevance,2week,Random_Forest,Config_Hybrid,MSN,D00125,0,0
liquid100_mat5,any_relevance,2week,Random_Forest,Config_Hybrid,MSN,D00126,0,0
liquid100_mat5,any_relevance,2week,Random_Forest,Config_Hybrid,MSN,D00127,0,0
liquid100_mat5,any_relevance,2week,Random_Forest,Config_Hybrid,MSN,D00128,0,0
liquid100_mat5,any_relevance,2week,Random_Forest,Config_Hybrid,MSN,D00129,1,0
liquid100_mat5,any_relevance,2week,Random_Forest,Config_Hybrid,MSN,D00130,1,0
liquid100_mat5,any_relevance,2week,Random_Forest,Config_Hybrid,MSN,D00131,0,0
liquid100_mat5,any_relevance,2week,Random_Forest,Config_Hybrid,MSN,D00132,0,0
liquid100_mat5,any_relevance,2week,Random_Forest,Config_Hybrid,MSN,D00133,0,0
liquid100_mat5,any_relevance,2week,Random_Forest,Config_Hybrid,MSN,D00134,0,0
liquid100_mat5,any_relevance,2week,Random_Forest,Config_Hybrid,MSN,D00135,0,1
liquid100_mat5,any_relevance,2week,Random_Forest,Config_Hybrid,MSN,D00136,1,1
liquid100_mat5,any_relevance,2week,Random_Forest,Config_Hybrid,MSN,D00137,0,0
liquid100_mat5,any_relevance,2week,Random_Forest,Config_Hybrid,MSN,D00138,0,0
liquid100_mat5,any_relevance,2week,Random_Forest,Config_Hybrid,MSN,D00139,0,0
liquid100_mat5,any_relevance,2week,Random_Forest,Config_Hybrid,MSN,D00140,0,0
liquid100_mat5,any_relevance,2week,Random_Forest,Config_Hybrid,MSN,D00141,0,0
liquid100_mat5,any_relevance,2week,Random_Forest,Config_Hybrid,MSN,D00142,0,0
liquid100_mat5,any_relevance,2week,Random_Forest,Config_Hybrid,NVL,D00119,1,1
liquid100_mat5,any_relevance,2week,Random_Forest,Config_Hybrid,NVL,D00120,0,0
liquid100_mat5,any_relevance,2week,Random_Forest,Config_Hybrid,NVL,D00121,0,0
liquid100_mat5,any_relevance,2week,Random_Forest,Config_Hybrid,NVL,D00122,0,0
liquid100_mat5,any_relevance,2week,Random_Forest,Config_Hybrid,NVL,D00123,0,0
liquid100_mat5,any_relevance,2week,Random_Forest,Config_Hybrid,NVL,D00124,0,1
liquid100_mat5,any_relevance,2week,Random_Forest,Config_Hybrid,NVL,D00125,0,0
liquid100_mat5,any_relevance,2week,Random_Forest,Config_Hybrid,NVL,D00126,1,0
liquid100_mat5,any_relevance,2week,Random_Forest,Config_Hybrid,NVL,D00127,0,0
liquid100_mat5,any_relevance,2week,Random_Forest,Config_Hybrid,NVL,D00128,0,0
liquid100_mat5,any_relevance,2week,Random_Forest,Config_Hybrid,NVL,D00129,0,0
liquid100_mat5,any_relevance,2week,Random_Forest,Config_Hybrid,NVL,D00130,0,0
liquid100_mat5,any_relevance,2week,Random_Forest,Config_Hybrid,NVL,D00131,0,0
liquid100_mat5,any_relevance,2week,Random_Forest,Config_Hybrid,NVL,D00132,0,0
liquid100_mat5,any_relevance,2week,Random_Forest,Config_Hybrid,NVL,D00133,0,0
liquid100_mat5,any_relevance,2week,Random_Forest,Config_Hybrid,NVL,D00134,0,0
liquid100_mat5,any_relevance,2week,Random_Forest,Config_Hybrid,NVL,D00135,1,1
liquid100_mat5,any_relevance,2week,Random_Forest,Config_Hybrid,NVL,D00136,1,0
liquid100_mat5,any_relevance,2week,Random_Forest,Config_Hybrid,NVL,D00137,1,1
liquid100_mat5,any_relevance,2week,Random_Forest,Config_Hybrid,NVL,D00138,0,1
liquid100_mat5,any_relevance,2week,Random_Forest,Config_Hybrid,NVL,D00139,0,0
liquid100_mat5,any_relevance,2week,Random_Forest,Config_Hybrid,NVL,D00140,0,0
liquid100_mat5,any_relevance,2week,Random_Forest,Config_Hybrid,NVL,D00141,0,0
liquid100_mat5,any_relevance,2week,Random_Forest,Config_Hybrid,NVL,D00142,0,0
liquid100_mat5,any_relevance,2week,Random_Forest,Config_Hybrid,PDR,D00119,1,1
liquid100_mat5,any_relevance,2week,Random_Forest,Config_Hybrid,PDR,D00120,1,1
liquid100_mat5,any_relevance,2week,Random_Forest,Config_Hybrid,PDR,D00121,0,1
liquid100_mat5,any_relevance,2week,Random_Forest,Config_Hybrid,PDR,D00122,0,0
liquid100_mat5,any_relevance,2week,Random_Forest,Config_Hybrid,PDR,D00123,0,0
liquid100_mat5,any_relevance,2week,Random_Forest,Config_Hybrid,PDR,D00124,0,1
liquid100_mat5,any_relevance,2week,Random_Forest,Config_Hybrid,PDR,D00125,0,0
liquid100_mat5,any_relevance,2week,Random_Forest,Config_Hybrid,PDR,D00126,1,0
liquid100_mat5,any_relevance,2week,Random_Forest,Config_Hybrid,PDR,D00127,0,0
liquid100_mat5,any_relevance,2week,Random_Forest,Config_Hybrid,PDR,D00128,0,0
liquid100_mat5,any_relevance,2week,Random_Forest,Config_Hybrid,PDR,D00129,0,0
liquid100_mat5,any_relevance,2week,Random_Forest,Config_Hybrid,PDR,D00130,0,0
liquid100_mat5,any_relevance,2week,Random_Forest,Config_Hybrid,PDR,D00131,0,1
liquid100_mat5,any_relevance,2week,Random_Forest,Config_Hybrid,PDR,D00132,0,0
liquid100_mat5,any_relevance,2week,Random_Forest,Config_Hybrid,PDR,D00133,0,0
liquid100_mat5,any_relevance,2week,Random_Forest,Config_Hybrid,PDR,D00134,0,0
liquid100_mat5,any_relevance,2week,Random_Forest,Config_Hybrid,PDR,D00135,1,0
liquid100_mat5,any_relevance,2week,Random_Forest,Config_Hybrid,PDR,D00136,1,1
liquid100_mat5,any_relevance,2week,Random_Forest,Config_Hybrid,PDR,D00137,0,1
liquid100_mat5,any_relevance,2week,Random_Forest,Config_Hybrid,PDR,D00138,0,1
liquid100_mat5,any_relevance,2week,Random_Forest,Config_Hybrid,PDR,D00139,0,0
liquid100_mat5,any_relevance,2week,Random_Forest,Config_Hybrid,PDR,D00140,0,1
liquid100_mat5,any_relevance,2week,Random_Forest,Config_Hybrid,PDR,D00141,0,0
liquid100_mat5,any_relevance,2week,Random_Forest,Config_Hybrid,PDR,D00142,0,0
liquid100_mat5,any_relevance,2week,Random_Forest,Config_Hybrid,PLX,D00119,1,0
liquid100_mat5,any_relevance,2week,Random_Forest,Config_Hybrid,PLX,D00120,0,0
liquid100_mat5,any_relevance,2week,Random_Forest,Config_Hybrid,PLX,D00121,0,0
liquid100_mat5,any_relevance,2week,Random_Forest,Config_Hybrid,PLX,D00122,0,0
liquid100_mat5,any_relevance,2week,Random_Forest,Config_Hybrid,PLX,D00123,0,0
liquid100_mat5,any_relevance,2week,Random_Forest,Config_Hybrid,PLX,D00124,0,0
liquid100_mat5,any_relevance,2week,Random_Forest,Config_Hybrid,PLX,D00125,0,0
liquid100_mat5,any_relevance,2week,Random_Forest,Config_Hybrid,PLX,D00126,0,0
liquid100_mat5,any_relevance,2week,Random_Forest,Config_Hybrid,PLX,D00127,0,0
liquid100_mat5,any_relevance,2week,Random_Forest,Config_Hybrid,PLX,D00128,0,0
liquid100_mat5,any_relevance,2week,Random_Forest,Config_Hybrid,PLX,D00129,1,0
liquid100_mat5,any_relevance,2week,Random_Forest,Config_Hybrid,PLX,D00130,1,1
liquid100_mat5,any_relevance,2week,Random_Forest,Config_Hybrid,PLX,D00131,1,1
liquid100_mat5,any_relevance,2week,Random_Forest,Config_Hybrid,PLX,D00132,0,0
liquid100_mat5,any_relevance,2week,Random_Forest,Config_Hybrid,PLX,D00133,1,0
liquid100_mat5,any_relevance,2week,Random_Forest,Config_Hybrid,PLX,D00134,0,1
liquid100_mat5,any_relevance,2week,Random_Forest,Config_Hybrid,PLX,D00135,0,0
liquid100_mat5,any_relevance,2week,Random_Forest,Config_Hybrid,PLX,D00136,0,0
liquid100_mat5,any_relevance,2week,Random_Forest,Config_Hybrid,PLX,D00137,0,0
liquid100_mat5,any_relevance,2week,Random_Forest,Config_Hybrid,PLX,D00138,0,0
liquid100_mat5,any_relevance,2week,Random_Forest,Config_Hybrid,PLX,D00139,1,0
liquid100_mat5,any_relevance,2week,Random_Forest,Config_Hybrid,PLX,D00140,0,0
liquid100_mat5,any_relevance,2week,Random_Forest,Config_Hybrid,PLX,D00141,0,0
liquid100_mat5,any_relevance,2week,Random_Forest,Config_Hybrid,PLX,D00142,0,0
liquid100_mat5,any_relevance,2week,Random_Forest,Config_Hybrid,PNJ,D00119,0,0
liquid100_mat5,any_relevance,2week,Random_Forest,Config_Hybrid,PNJ,D00120,0,0
liquid100_mat5,any_relevance,2week,Random_Forest,Config_Hybrid,PNJ,D00121,0,1
liquid100_mat5,any_relevance,2week,Random_Forest,Config_Hybrid,PNJ,D00122,0,0
liquid100_mat5,any_relevance,2week,Random_Forest,Config_Hybrid,PNJ,D00123,0,0
liquid100_mat5,any_relevance,2week,Random_Forest,Config_Hybrid,PNJ,D00124,1,1
liquid100_mat5,any_relevance,2week,Random_Forest,Config_Hybrid,PNJ,D00125,0,0
liquid100_mat5,any_relevance,2week,Random_Forest,Config_Hybrid,PNJ,D00126,0,0
liquid100_mat5,any_relevance,2week,Random_Forest,Config_Hybrid,PNJ,D00127,0,0
liquid100_mat5,any_relevance,2week,Random_Forest,Config_Hybrid,PNJ,D00128,1,0
liquid100_mat5,any_relevance,2week,Random_Forest,Config_Hybrid,PNJ,D00129,1,1
liquid100_mat5,any_relevance,2week,Random_Forest,Config_Hybrid,PNJ,D00130,1,1
liquid100_mat5,any_relevance,2week,Random_Forest,Config_Hybrid,PNJ,D00131,1,1
liquid100_mat5,any_relevance,2week,Random_Forest,Config_Hybrid,PNJ,D00132,0,0
liquid100_mat5,any_relevance,2week,Random_Forest,Config_Hybrid,PNJ,D00133,1,1
liquid100_mat5,any_relevance,2week,Random_Forest,Config_Hybrid,PNJ,D00134,0,0
liquid100_mat5,any_relevance,2week,Random_Forest,Config_Hybrid,PNJ,D00135,0,0
liquid100_mat5,any_relevance,2week,Random_Forest,Config_Hybrid,PNJ,D00136,0,0
liquid100_mat5,any_relevance,2week,Random_Forest,Config_Hybrid,PNJ,D00137,0,0
liquid100_mat5,any_relevance,2week,Random_Forest,Config_Hybrid,PNJ,D00138,0,0
liquid100_mat5,any_relevance,2week,Random_Forest,Config_Hybrid,PNJ,D00139,0,0
liquid100_mat5,any_relevance,2week,Random_Forest,Config_Hybrid,PNJ,D00140,0,0
liquid100_mat5,any_relevance,2week,Random_Forest,Config_Hybrid,PNJ,D00141,0,0
liquid100_mat5,any_relevance,2week,Random_Forest,Config_Hybrid,PNJ,D00142,0,0
liquid100_mat5,any_relevance,2week,Random_Forest,Config_Hybrid,POW,D00119,1,1
liquid100_mat5,any_relevance,2week,Random_Forest,Config_Hybrid,POW,D00120,1,1
liquid100_mat5,any_relevance,2week,Random_Forest,Config_Hybrid,POW,D00121,0,1
liquid100_mat5,any_relevance,2week,Random_Forest,Config_Hybrid,POW,D00122,0,0
liquid100_mat5,any_relevance,2week,Random_Forest,Config_Hybrid,POW,D00123,0,0
liquid100_mat5,any_relevance,2week,Random_Forest,Config_Hybrid,POW,D00124,0,0
liquid100_mat5,any_relevance,2week,Random_Forest,Config_Hybrid,POW,D00125,1,1
liquid100_mat5,any_relevance,2week,Random_Forest,Config_Hybrid,POW,D00126,1,0
liquid100_mat5,any_relevance,2week,Random_Forest,Config_Hybrid,POW,D00127,0,0
liquid100_mat5,any_relevance,2week,Random_Forest,Config_Hybrid,POW,D00128,0,0
liquid100_mat5,any_relevance,2week,Random_Forest,Config_Hybrid,POW,D00129,1,1
liquid100_mat5,any_relevance,2week,Random_Forest,Config_Hybrid,POW,D00130,1,1
liquid100_mat5,any_relevance,2week,Random_Forest,Config_Hybrid,POW,D00131,0,1
liquid100_mat5,any_relevance,2week,Random_Forest,Config_Hybrid,POW,D00132,0,1
liquid100_mat5,any_relevance,2week,Random_Forest,Config_Hybrid,POW,D00133,1,0
liquid100_mat5,any_relevance,2week,Random_Forest,Config_Hybrid,POW,D00134,0,1
liquid100_mat5,any_relevance,2week,Random_Forest,Config_Hybrid,POW,D00135,0,0
liquid100_mat5,any_relevance,2week,Random_Forest,Config_Hybrid,POW,D00136,0,0
liquid100_mat5,any_relevance,2week,Random_Forest,Config_Hybrid,POW,D00137,0,1
liquid100_mat5,any_relevance,2week,Random_Forest,Config_Hybrid,POW,D00138,1,0
liquid100_mat5,any_relevance,2week,Random_Forest,Config_Hybrid,POW,D00139,0,0
liquid100_mat5,any_relevance,2week,Random_Forest,Config_Hybrid,POW,D00140,0,0
liquid100_mat5,any_relevance,2week,Random_Forest,Config_Hybrid,POW,D00141,1,0
liquid100_mat5,any_relevance,2week,Random_Forest,Config_Hybrid,POW,D00142,1,0
liquid100_mat5,any_relevance,2week,Random_Forest,Config_Hybrid,PVT,D00119,1,0
liquid100_mat5,any_relevance,2week,Random_Forest,Config_Hybrid,PVT,D00120,0,0
liquid100_mat5,any_relevance,2week,Random_Forest,Config_Hybrid,PVT,D00121,0,1
liquid100_mat5,any_relevance,2week,Random_Forest,Config_Hybrid,PVT,D00122,0,0
liquid100_mat5,any_relevance,2week,Random_Forest,Config_Hybrid,PVT,D00123,0,0
liquid100_mat5,any_relevance,2week,Random_Forest,Config_Hybrid,PVT,D00124,0,0
liquid100_mat5,any_relevance,2week,Random_Forest,Config_Hybrid,PVT,D00125,1,0
liquid100_mat5,any_relevance,2week,Random_Forest,Config_Hybrid,PVT,D00126,1,1
liquid100_mat5,any_relevance,2week,Random_Forest,Config_Hybrid,PVT,D00127,0,0
liquid100_mat5,any_relevance,2week,Random_Forest,Config_Hybrid,PVT,D00128,0,0
liquid100_mat5,any_relevance,2week,Random_Forest,Config_Hybrid,PVT,D00129,1,0
liquid100_mat5,any_relevance,2week,Random_Forest,Config_Hybrid,PVT,D00130,1,1
liquid100_mat5,any_relevance,2week,Random_Forest,Config_Hybrid,PVT,D00131,1,0
liquid100_mat5,any_relevance,2week,Random_Forest,Config_Hybrid,PVT,D00132,0,1
liquid100_mat5,any_relevance,2week,Random_Forest,Config_Hybrid,PVT,D00133,1,0
liquid100_mat5,any_relevance,2week,Random_Forest,Config_Hybrid,PVT,D00134,1,1
liquid100_mat5,any_relevance,2week,Random_Forest,Config_Hybrid,PVT,D00135,0,0
liquid100_mat5,any_relevance,2week,Random_Forest,Config_Hybrid,PVT,D00136,0,0
liquid100_mat5,any_relevance,2week,Random_Forest,Config_Hybrid,PVT,D00137,1,0
liquid100_mat5,any_relevance,2week,Random_Forest,Config_Hybrid,PVT,D00138,1,0
liquid100_mat5,any_relevance,2week,Random_Forest,Config_Hybrid,PVT,D00139,0,1
liquid100_mat5,any_relevance,2week,Random_Forest,Config_Hybrid,PVT,D00140,0,0
liquid100_mat5,any_relevance,2week,Random_Forest,Config_Hybrid,PVT,D00141,0,0
liquid100_mat5,any_relevance,2week,Random_Forest,Config_Hybrid,PVT,D00142,0,0
liquid100_mat5,any_relevance,2week,Random_Forest,Config_Hybrid,SHB,D00119,1,1
liquid100_mat5,any_relevance,2week,Random_Forest,Config_Hybrid,SHB,D00120,0,1
liquid100_mat5,any_relevance,2week,Random_Forest,Config_Hybrid,SHB,D00121,0,1
liquid100_mat5,any_relevance,2week,Random_Forest,Config_Hybrid,SHB,D00122,0,0
liquid100_mat5,any_relevance,2week,Random_Forest,Config_Hybrid,SHB,D00123,1,0
liquid100_mat5,any_relevance,2week,Random_Forest,Config_Hybrid,SHB,D00124,0,1
liquid100_mat5,any_relevance,2week,Random_Forest,Config_Hybrid,SHB,D00125,0,0
liquid100_mat5,any_relevance,2week,Random_Forest,Config_Hybrid,SHB,D00126,1,0
liquid100_mat5,any_relevance,2week,Random_Forest,Config_Hybrid,SHB,D00127,0,0
liquid100_mat5,any_relevance,2week,Random_Forest,Config_Hybrid,SHB,D00128,0,0
liquid100_mat5,any_relevance,2week,Random_Forest,Config_Hybrid,SHB,D00129,0,1
liquid100_mat5,any_relevance,2week,Random_Forest,Config_Hybrid,SHB,D00130,0,0
liquid100_mat5,any_relevance,2week,Random_Forest,Config_Hybrid,SHB,D00131,0,0
liquid100_mat5,any_relevance,2week,Random_Forest,Config_Hybrid,SHB,D00132,0,0
liquid100_mat5,any_relevance,2week,Random_Forest,Config_Hybrid,SHB,D00133,1,0
liquid100_mat5,any_relevance,2week,Random_Forest,Config_Hybrid,SHB,D00134,0,0
liquid100_mat5,any_relevance,2week,Random_Forest,Config_Hybrid,SHB,D00135,0,0
liquid100_mat5,any_relevance,2week,Random_Forest,Config_Hybrid,SHB,D00136,1,0
liquid100_mat5,any_relevance,2week,Random_Forest,Config_Hybrid,SHB,D00137,0,1
liquid100_mat5,any_relevance,2week,Random_Forest,Config_Hybrid,SHB,D00138,0,0
liquid100_mat5,any_relevance,2week,Random_Forest,Config_Hybrid,SHB,D00139,0,0
liquid100_mat5,any_relevance,2week,Random_Forest,Config_Hybrid,SHB,D00140,0,0
liquid100_mat5,any_relevance,2week,Random_Forest,Config_Hybrid,SHB,D00141,0,0
liquid100_mat5,any_relevance,2week,Random_Forest,Config_Hybrid,SHB,D00142,0,0
liquid100_mat5,any_relevance,2week,Random_Forest,Config_Hybrid,SSI,D00119,1,0
liquid100_mat5,any_relevance,2week,Random_Forest,Config_Hybrid,SSI,D00120,1,0
liquid100_mat5,any_relevance,2week,Random_Forest,Config_Hybrid,SSI,D00121,1,1
liquid100_mat5,any_relevance,2week,Random_Forest,Config_Hybrid,SSI,D00122,0,0
liquid100_mat5,any_relevance,2week,Random_Forest,Config_Hybrid,SSI,D00123,1,0
liquid100_mat5,any_relevance,2week,Random_Forest,Config_Hybrid,SSI,D00124,0,1
liquid100_mat5,any_relevance,2week,Random_Forest,Config_Hybrid,SSI,D00125,0,0
liquid100_mat5,any_relevance,2week,Random_Forest,Config_Hybrid,SSI,D00126,0,0
liquid100_mat5,any_relevance,2week,Random_Forest,Config_Hybrid,SSI,D00127,0,0
liquid100_mat5,any_relevance,2week,Random_Forest,Config_Hybrid,SSI,D00128,1,0
liquid100_mat5,any_relevance,2week,Random_Forest,Config_Hybrid,SSI,D00129,0,1
liquid100_mat5,any_relevance,2week,Random_Forest,Config_Hybrid,SSI,D00130,1,0
liquid100_mat5,any_relevance,2week,Random_Forest,Config_Hybrid,SSI,D00131,0,0
liquid100_mat5,any_relevance,2week,Random_Forest,Config_Hybrid,SSI,D00132,0,0
liquid100_mat5,any_relevance,2week,Random_Forest,Config_Hybrid,SSI,D00133,1,1
liquid100_mat5,any_relevance,2week,Random_Forest,Config_Hybrid,SSI,D00134,0,1
liquid100_mat5,any_relevance,2week,Random_Forest,Config_Hybrid,SSI,D00135,0,0
liquid100_mat5,any_relevance,2week,Random_Forest,Config_Hybrid,SSI,D00136,1,1
liquid100_mat5,any_relevance,2week,Random_Forest,Config_Hybrid,SSI,D00137,0,1
liquid100_mat5,any_relevance,2week,Random_Forest,Config_Hybrid,SSI,D00138,0,0
liquid100_mat5,any_relevance,2week,Random_Forest,Config_Hybrid,SSI,D00139,0,0
liquid100_mat5,any_relevance,2week,Random_Forest,Config_Hybrid,SSI,D00140,0,0
liquid100_mat5,any_relevance,2week,Random_Forest,Config_Hybrid,SSI,D00141,0,0
liquid100_mat5,any_relevance,2week,Random_Forest,Config_Hybrid,SSI,D00142,0,0
liquid100_mat5,any_relevance,2week,Random_Forest,Config_Hybrid,STB,D00119,1,1
liquid100_mat5,any_relevance,2week,Random_Forest,Config_Hybrid,STB,D00120,0,1
liquid100_mat5,any_relevance,2week,Random_Forest,Config_Hybrid,STB,D00121,0,0
liquid100_mat5,any_relevance,2week,Random_Forest,Config_Hybrid,STB,D00122,1,0
liquid100_mat5,any_relevance,2week,Random_Forest,Config_Hybrid,STB,D00123,1,1
liquid100_mat5,any_relevance,2week,Random_Forest,Config_Hybrid,STB,D00124,0,0
liquid100_mat5,any_relevance,2week,Random_Forest,Config_Hybrid,STB,D00125,0,0
liquid100_mat5,any_relevance,2week,Random_Forest,Config_Hybrid,STB,D00126,0,0
liquid100_mat5,any_relevance,2week,Random_Forest,Config_Hybrid,STB,D00127,0,0
liquid100_mat5,any_relevance,2week,Random_Forest,Config_Hybrid,STB,D00128,1,0
liquid100_mat5,any_relevance,2week,Random_Forest,Config_Hybrid,STB,D00129,1,1
liquid100_mat5,any_relevance,2week,Random_Forest,Config_Hybrid,STB,D00130,0,0
liquid100_mat5,any_relevance,2week,Random_Forest,Config_Hybrid,STB,D00131,1,1
liquid100_mat5,any_relevance,2week,Random_Forest,Config_Hybrid,STB,D00132,0,0
liquid100_mat5,any_relevance,2week,Random_Forest,Config_Hybrid,STB,D00133,1,0
liquid100_mat5,any_relevance,2week,Random_Forest,Config_Hybrid,STB,D00134,0,0
liquid100_mat5,any_relevance,2week,Random_Forest,Config_Hybrid,STB,D00135,0,0
liquid100_mat5,any_relevance,2week,Random_Forest,Config_Hybrid,STB,D00136,1,0
liquid100_mat5,any_relevance,2week,Random_Forest,Config_Hybrid,STB,D00137,1,0
liquid100_mat5,any_relevance,2week,Random_Forest,Config_Hybrid,STB,D00138,1,0
liquid100_mat5,any_relevance,2week,Random_Forest,Config_Hybrid,STB,D00139,0,1
liquid100_mat5,any_relevance,2week,Random_Forest,Config_Hybrid,STB,D00140,0,0
liquid100_mat5,any_relevance,2week,Random_Forest,Config_Hybrid,STB,D00141,1,1
liquid100_mat5,any_relevance,2week,Random_Forest,Config_Hybrid,STB,D00142,1,0
liquid100_mat5,any_relevance,2week,Random_Forest,Config_Hybrid,TCB,D00119,1,1
liquid100_mat5,any_relevance,2week,Random_Forest,Config_Hybrid,TCB,D00120,0,1
liquid100_mat5,any_relevance,2week,Random_Forest,Config_Hybrid,TCB,D00121,0,0
liquid100_mat5,any_relevance,2week,Random_Forest,Config_Hybrid,TCB,D00122,0,0
liquid100_mat5,any_relevance,2week,Random_Forest,Config_Hybrid,TCB,D00123,1,1
liquid100_mat5,any_relevance,2week,Random_Forest,Config_Hybrid,TCB,D00124,0,1
liquid100_mat5,any_relevance,2week,Random_Forest,Config_Hybrid,TCB,D00125,0,0
liquid100_mat5,any_relevance,2week,Random_Forest,Config_Hybrid,TCB,D00126,0,0
liquid100_mat5,any_relevance,2week,Random_Forest,Config_Hybrid,TCB,D00127,0,0
liquid100_mat5,any_relevance,2week,Random_Forest,Config_Hybrid,TCB,D00128,0,0
liquid100_mat5,any_relevance,2week,Random_Forest,Config_Hybrid,TCB,D00129,1,1
liquid100_mat5,any_relevance,2week,Random_Forest,Config_Hybrid,TCB,D00130,1,1
liquid100_mat5,any_relevance,2week,Random_Forest,Config_Hybrid,TCB,D00131,0,0
liquid100_mat5,any_relevance,2week,Random_Forest,Config_Hybrid,TCB,D00132,0,0
liquid100_mat5,any_relevance,2week,Random_Forest,Config_Hybrid,TCB,D00133,0,0
liquid100_mat5,any_relevance,2week,Random_Forest,Config_Hybrid,TCB,D00134,0,0
liquid100_mat5,any_relevance,2week,Random_Forest,Config_Hybrid,TCB,D00135,0,0
liquid100_mat5,any_relevance,2week,Random_Forest,Config_Hybrid,TCB,D00136,1,0
liquid100_mat5,any_relevance,2week,Random_Forest,Config_Hybrid,TCB,D00137,1,1
liquid100_mat5,any_relevance,2week,Random_Forest,Config_Hybrid,TCB,D00138,0,0
liquid100_mat5,any_relevance,2week,Random_Forest,Config_Hybrid,TCB,D00139,0,0
liquid100_mat5,any_relevance,2week,Random_Forest,Config_Hybrid,TCB,D00140,0,0
liquid100_mat5,any_relevance,2week,Random_Forest,Config_Hybrid,TCB,D00141,0,0
liquid100_mat5,any_relevance,2week,Random_Forest,Config_Hybrid,TCB,D00142,1,1
liquid100_mat5,any_relevance,2week,Random_Forest,Config_Hybrid,TPB,D00119,1,1
liquid100_mat5,any_relevance,2week,Random_Forest,Config_Hybrid,TPB,D00120,1,1
liquid100_mat5,any_relevance,2week,Random_Forest,Config_Hybrid,TPB,D00121,0,1
liquid100_mat5,any_relevance,2week,Random_Forest,Config_Hybrid,TPB,D00122,0,0
liquid100_mat5,any_relevance,2week,Random_Forest,Config_Hybrid,TPB,D00123,1,0
liquid100_mat5,any_relevance,2week,Random_Forest,Config_Hybrid,TPB,D00124,0,1
liquid100_mat5,any_relevance,2week,Random_Forest,Config_Hybrid,TPB,D00125,0,0
liquid100_mat5,any_relevance,2week,Random_Forest,Config_Hybrid,TPB,D00126,1,0
liquid100_mat5,any_relevance,2week,Random_Forest,Config_Hybrid,TPB,D00127,0,0
liquid100_mat5,any_relevance,2week,Random_Forest,Config_Hybrid,TPB,D00128,0,0
liquid100_mat5,any_relevance,2week,Random_Forest,Config_Hybrid,TPB,D00129,0,0
liquid100_mat5,any_relevance,2week,Random_Forest,Config_Hybrid,TPB,D00130,1,1
liquid100_mat5,any_relevance,2week,Random_Forest,Config_Hybrid,TPB,D00131,0,0
liquid100_mat5,any_relevance,2week,Random_Forest,Config_Hybrid,TPB,D00132,0,0
liquid100_mat5,any_relevance,2week,Random_Forest,Config_Hybrid,TPB,D00133,1,1
liquid100_mat5,any_relevance,2week,Random_Forest,Config_Hybrid,TPB,D00134,0,0
liquid100_mat5,any_relevance,2week,Random_Forest,Config_Hybrid,TPB,D00135,0,0
liquid100_mat5,any_relevance,2week,Random_Forest,Config_Hybrid,TPB,D00136,0,0
liquid100_mat5,any_relevance,2week,Random_Forest,Config_Hybrid,TPB,D00137,0,0
liquid100_mat5,any_relevance,2week,Random_Forest,Config_Hybrid,TPB,D00138,0,0
liquid100_mat5,any_relevance,2week,Random_Forest,Config_Hybrid,TPB,D00139,0,0
liquid100_mat5,any_relevance,2week,Random_Forest,Config_Hybrid,TPB,D00140,0,0
liquid100_mat5,any_relevance,2week,Random_Forest,Config_Hybrid,TPB,D00141,1,0
liquid100_mat5,any_relevance,2week,Random_Forest,Config_Hybrid,TPB,D00142,0,0
liquid100_mat5,any_relevance,2week,Random_Forest,Config_Hybrid,VCB,D00119,1,0
liquid100_mat5,any_relevance,2week,Random_Forest,Config_Hybrid,VCB,D00120,1,0
liquid100_mat5,any_relevance,2week,Random_Forest,Config_Hybrid,VCB,D00121,0,1
liquid100_mat5,any_relevance,2week,Random_Forest,Config_Hybrid,VCB,D00122,0,0
liquid100_mat5,any_relevance,2week,Random_Forest,Config_Hybrid,VCB,D00123,1,0
liquid100_mat5,any_relevance,2week,Random_Forest,Config_Hybrid,VCB,D00124,0,0
liquid100_mat5,any_relevance,2week,Random_Forest,Config_Hybrid,VCB,D00125,0,0
liquid100_mat5,any_relevance,2week,Random_Forest,Config_Hybrid,VCB,D00126,0,0
liquid100_mat5,any_relevance,2week,Random_Forest,Config_Hybrid,VCB,D00127,0,0
liquid100_mat5,any_relevance,2week,Random_Forest,Config_Hybrid,VCB,D00128,0,0
liquid100_mat5,any_relevance,2week,Random_Forest,Config_Hybrid,VCB,D00129,1,0
liquid100_mat5,any_relevance,2week,Random_Forest,Config_Hybrid,VCB,D00130,1,1
liquid100_mat5,any_relevance,2week,Random_Forest,Config_Hybrid,VCB,D00131,0,0
liquid100_mat5,any_relevance,2week,Random_Forest,Config_Hybrid,VCB,D00132,0,0
liquid100_mat5,any_relevance,2week,Random_Forest,Config_Hybrid,VCB,D00133,0,0
liquid100_mat5,any_relevance,2week,Random_Forest,Config_Hybrid,VCB,D00134,0,0
liquid100_mat5,any_relevance,2week,Random_Forest,Config_Hybrid,VCB,D00135,0,0
liquid100_mat5,any_relevance,2week,Random_Forest,Config_Hybrid,VCB,D00136,0,0
liquid100_mat5,any_relevance,2week,Random_Forest,Config_Hybrid,VCB,D00137,0,0
liquid100_mat5,any_relevance,2week,Random_Forest,Config_Hybrid,VCB,D00138,0,0
liquid100_mat5,any_relevance,2week,Random_Forest,Config_Hybrid,VCB,D00139,1,0
liquid100_mat5,any_relevance,2week,Random_Forest,Config_Hybrid,VCB,D00140,0,0
liquid100_mat5,any_relevance,2week,Random_Forest,Config_Hybrid,VCB,D00141,0,0
liquid100_mat5,any_relevance,2week,Random_Forest,Config_Hybrid,VCB,D00142,0,0
liquid100_mat5,any_relevance,2week,Random_Forest,Config_Hybrid,VCG,D00119,1,0
liquid100_mat5,any_relevance,2week,Random_Forest,Config_Hybrid,VCG,D00120,0,0
liquid100_mat5,any_relevance,2week,Random_Forest,Config_Hybrid,VCG,D00121,1,0
liquid100_mat5,any_relevance,2week,Random_Forest,Config_Hybrid,VCG,D00122,1,1
liquid100_mat5,any_relevance,2week,Random_Forest,Config_Hybrid,VCG,D00123,0,0
liquid100_mat5,any_relevance,2week,Random_Forest,Config_Hybrid,VCG,D00124,0,0
liquid100_mat5,any_relevance,2week,Random_Forest,Config_Hybrid,VCG,D00125,0,0
liquid100_mat5,any_relevance,2week,Random_Forest,Config_Hybrid,VCG,D00126,0,0
liquid100_mat5,any_relevance,2week,Random_Forest,Config_Hybrid,VCG,D00127,0,0
liquid100_mat5,any_relevance,2week,Random_Forest,Config_Hybrid,VCG,D00128,0,0
liquid100_mat5,any_relevance,2week,Random_Forest,Config_Hybrid,VCG,D00129,0,0
liquid100_mat5,any_relevance,2week,Random_Forest,Config_Hybrid,VCG,D00130,0,0
liquid100_mat5,any_relevance,2week,Random_Forest,Config_Hybrid,VCG,D00131,0,0
liquid100_mat5,any_relevance,2week,Random_Forest,Config_Hybrid,VCG,D00132,0,0
liquid100_mat5,any_relevance,2week,Random_Forest,Config_Hybrid,VCG,D00133,1,0
liquid100_mat5,any_relevance,2week,Random_Forest,Config_Hybrid,VCG,D00134,1,1
liquid100_mat5,any_relevance,2week,Random_Forest,Config_Hybrid,VCG,D00135,0,0
liquid100_mat5,any_relevance,2week,Random_Forest,Config_Hybrid,VCG,D00136,0,1
liquid100_mat5,any_relevance,2week,Random_Forest,Config_Hybrid,VCG,D00137,0,1
liquid100_mat5,any_relevance,2week,Random_Forest,Config_Hybrid,VCG,D00138,0,0
liquid100_mat5,any_relevance,2week,Random_Forest,Config_Hybrid,VCG,D00139,0,0
liquid100_mat5,any_relevance,2week,Random_Forest,Config_Hybrid,VCG,D00140,0,0
liquid100_mat5,any_relevance,2week,Random_Forest,Config_Hybrid,VCG,D00141,0,0
liquid100_mat5,any_relevance,2week,Random_Forest,Config_Hybrid,VCG,D00142,1,0
liquid100_mat5,any_relevance,2week,Random_Forest,Config_Hybrid,VCI,D00119,1,1
liquid100_mat5,any_relevance,2week,Random_Forest,Config_Hybrid,VCI,D00120,0,0
liquid100_mat5,any_relevance,2week,Random_Forest,Config_Hybrid,VCI,D00121,0,1
liquid100_mat5,any_relevance,2week,Random_Forest,Config_Hybrid,VCI,D00122,0,0
liquid100_mat5,any_relevance,2week,Random_Forest,Config_Hybrid,VCI,D00123,0,0
liquid100_mat5,any_relevance,2week,Random_Forest,Config_Hybrid,VCI,D00124,0,0
liquid100_mat5,any_relevance,2week,Random_Forest,Config_Hybrid,VCI,D00125,0,0
liquid100_mat5,any_relevance,2week,Random_Forest,Config_Hybrid,VCI,D00126,0,0
liquid100_mat5,any_relevance,2week,Random_Forest,Config_Hybrid,VCI,D00127,0,0
liquid100_mat5,any_relevance,2week,Random_Forest,Config_Hybrid,VCI,D00128,0,0
liquid100_mat5,any_relevance,2week,Random_Forest,Config_Hybrid,VCI,D00129,0,0
liquid100_mat5,any_relevance,2week,Random_Forest,Config_Hybrid,VCI,D00130,1,0
liquid100_mat5,any_relevance,2week,Random_Forest,Config_Hybrid,VCI,D00131,1,1
liquid100_mat5,any_relevance,2week,Random_Forest,Config_Hybrid,VCI,D00132,0,0
liquid100_mat5,any_relevance,2week,Random_Forest,Config_Hybrid,VCI,D00133,1,1
liquid100_mat5,any_relevance,2week,Random_Forest,Config_Hybrid,VCI,D00134,0,1
liquid100_mat5,any_relevance,2week,Random_Forest,Config_Hybrid,VCI,D00135,0,0
liquid100_mat5,any_relevance,2week,Random_Forest,Config_Hybrid,VCI,D00136,1,1
liquid100_mat5,any_relevance,2week,Random_Forest,Config_Hybrid,VCI,D00137,0,0
liquid100_mat5,any_relevance,2week,Random_Forest,Config_Hybrid,VCI,D00138,0,0
liquid100_mat5,any_relevance,2week,Random_Forest,Config_Hybrid,VCI,D00139,0,0
liquid100_mat5,any_relevance,2week,Random_Forest,Config_Hybrid,VCI,D00140,0,0
liquid100_mat5,any_relevance,2week,Random_Forest,Config_Hybrid,VCI,D00141,0,0
liquid100_mat5,any_relevance,2week,Random_Forest,Config_Hybrid,VCI,D00142,0,0
liquid100_mat5,any_relevance,2week,Random_Forest,Config_Hybrid,VHM,D00119,0,0
liquid100_mat5,any_relevance,2week,Random_Forest,Config_Hybrid,VHM,D00120,1,1
liquid100_mat5,any_relevance,2week,Random_Forest,Config_Hybrid,VHM,D00121,0,0
liquid100_mat5,any_relevance,2week,Random_Forest,Config_Hybrid,VHM,D00122,0,0
liquid100_mat5,any_relevance,2week,Random_Forest,Config_Hybrid,VHM,D00123,1,0
liquid100_mat5,any_relevance,2week,Random_Forest,Config_Hybrid,VHM,D00124,0,1
liquid100_mat5,any_relevance,2week,Random_Forest,Config_Hybrid,VHM,D00125,0,0
liquid100_mat5,any_relevance,2week,Random_Forest,Config_Hybrid,VHM,D00126,1,0
liquid100_mat5,any_relevance,2week,Random_Forest,Config_Hybrid,VHM,D00127,1,1
liquid100_mat5,any_relevance,2week,Random_Forest,Config_Hybrid,VHM,D00128,0,0
liquid100_mat5,any_relevance,2week,Random_Forest,Config_Hybrid,VHM,D00129,1,1
liquid100_mat5,any_relevance,2week,Random_Forest,Config_Hybrid,VHM,D00130,0,0
liquid100_mat5,any_relevance,2week,Random_Forest,Config_Hybrid,VHM,D00131,0,0
liquid100_mat5,any_relevance,2week,Random_Forest,Config_Hybrid,VHM,D00132,0,0
liquid100_mat5,any_relevance,2week,Random_Forest,Config_Hybrid,VHM,D00133,0,1
liquid100_mat5,any_relevance,2week,Random_Forest,Config_Hybrid,VHM,D00134,0,0
liquid100_mat5,any_relevance,2week,Random_Forest,Config_Hybrid,VHM,D00135,1,1
liquid100_mat5,any_relevance,2week,Random_Forest,Config_Hybrid,VHM,D00136,1,1
liquid100_mat5,any_relevance,2week,Random_Forest,Config_Hybrid,VHM,D00137,1,1
liquid100_mat5,any_relevance,2week,Random_Forest,Config_Hybrid,VHM,D00138,1,0
liquid100_mat5,any_relevance,2week,Random_Forest,Config_Hybrid,VHM,D00139,0,0
liquid100_mat5,any_relevance,2week,Random_Forest,Config_Hybrid,VHM,D00140,0,0
liquid100_mat5,any_relevance,2week,Random_Forest,Config_Hybrid,VHM,D00141,0,0
liquid100_mat5,any_relevance,2week,Random_Forest,Config_Hybrid,VHM,D00142,1,1
liquid100_mat5,any_relevance,2week,Random_Forest,Config_Hybrid,VIB,D00119,1,1
liquid100_mat5,any_relevance,2week,Random_Forest,Config_Hybrid,VIB,D00120,1,1
liquid100_mat5,any_relevance,2week,Random_Forest,Config_Hybrid,VIB,D00121,0,0
liquid100_mat5,any_relevance,2week,Random_Forest,Config_Hybrid,VIB,D00122,0,0
liquid100_mat5,any_relevance,2week,Random_Forest,Config_Hybrid,VIB,D00123,0,0
liquid100_mat5,any_relevance,2week,Random_Forest,Config_Hybrid,VIB,D00124,0,0
liquid100_mat5,any_relevance,2week,Random_Forest,Config_Hybrid,VIB,D00125,0,0
liquid100_mat5,any_relevance,2week,Random_Forest,Config_Hybrid,VIB,D00126,0,0
liquid100_mat5,any_relevance,2week,Random_Forest,Config_Hybrid,VIB,D00127,0,0
liquid100_mat5,any_relevance,2week,Random_Forest,Config_Hybrid,VIB,D00128,0,0
liquid100_mat5,any_relevance,2week,Random_Forest,Config_Hybrid,VIB,D00129,0,0
liquid100_mat5,any_relevance,2week,Random_Forest,Config_Hybrid,VIB,D00130,1,0
liquid100_mat5,any_relevance,2week,Random_Forest,Config_Hybrid,VIB,D00131,0,0
liquid100_mat5,any_relevance,2week,Random_Forest,Config_Hybrid,VIB,D00132,0,0
liquid100_mat5,any_relevance,2week,Random_Forest,Config_Hybrid,VIB,D00133,0,1
liquid100_mat5,any_relevance,2week,Random_Forest,Config_Hybrid,VIB,D00134,0,0
liquid100_mat5,any_relevance,2week,Random_Forest,Config_Hybrid,VIB,D00135,0,1
liquid100_mat5,any_relevance,2week,Random_Forest,Config_Hybrid,VIB,D00136,0,0
liquid100_mat5,any_relevance,2week,Random_Forest,Config_Hybrid,VIB,D00137,0,0
liquid100_mat5,any_relevance,2week,Random_Forest,Config_Hybrid,VIB,D00138,0,0
liquid100_mat5,any_relevance,2week,Random_Forest,Config_Hybrid,VIB,D00139,0,0
liquid100_mat5,any_relevance,2week,Random_Forest,Config_Hybrid,VIB,D00140,0,1
liquid100_mat5,any_relevance,2week,Random_Forest,Config_Hybrid,VIB,D00141,0,0
liquid100_mat5,any_relevance,2week,Random_Forest,Config_Hybrid,VIB,D00142,0,0
liquid100_mat5,any_relevance,2week,Random_Forest,Config_Hybrid,VIC,D00119,1,0
liquid100_mat5,any_relevance,2week,Random_Forest,Config_Hybrid,VIC,D00120,1,1
liquid100_mat5,any_relevance,2week,Random_Forest,Config_Hybrid,VIC,D00121,1,0
liquid100_mat5,any_relevance,2week,Random_Forest,Config_Hybrid,VIC,D00122,1,1
liquid100_mat5,any_relevance,2week,Random_Forest,Config_Hybrid,VIC,D00123,1,1
liquid100_mat5,any_relevance,2week,Random_Forest,Config_Hybrid,VIC,D00124,1,1
liquid100_mat5,any_relevance,2week,Random_Forest,Config_Hybrid,VIC,D00125,0,0
liquid100_mat5,any_relevance,2week,Random_Forest,Config_Hybrid,VIC,D00126,1,1
liquid100_mat5,any_relevance,2week,Random_Forest,Config_Hybrid,VIC,D00127,1,1
liquid100_mat5,any_relevance,2week,Random_Forest,Config_Hybrid,VIC,D00128,1,0
liquid100_mat5,any_relevance,2week,Random_Forest,Config_Hybrid,VIC,D00129,1,1
liquid100_mat5,any_relevance,2week,Random_Forest,Config_Hybrid,VIC,D00130,0,1
liquid100_mat5,any_relevance,2week,Random_Forest,Config_Hybrid,VIC,D00131,0,0
liquid100_mat5,any_relevance,2week,Random_Forest,Config_Hybrid,VIC,D00132,1,0
liquid100_mat5,any_relevance,2week,Random_Forest,Config_Hybrid,VIC,D00133,1,1
liquid100_mat5,any_relevance,2week,Random_Forest,Config_Hybrid,VIC,D00134,0,0
liquid100_mat5,any_relevance,2week,Random_Forest,Config_Hybrid,VIC,D00135,0,0
liquid100_mat5,any_relevance,2week,Random_Forest,Config_Hybrid,VIC,D00136,1,1
liquid100_mat5,any_relevance,2week,Random_Forest,Config_Hybrid,VIC,D00137,1,1
liquid100_mat5,any_relevance,2week,Random_Forest,Config_Hybrid,VIC,D00138,1,0
liquid100_mat5,any_relevance,2week,Random_Forest,Config_Hybrid,VIC,D00139,0,0
liquid100_mat5,any_relevance,2week,Random_Forest,Config_Hybrid,VIC,D00140,0,0
liquid100_mat5,any_relevance,2week,Random_Forest,Config_Hybrid,VIC,D00141,1,0
liquid100_mat5,any_relevance,2week,Random_Forest,Config_Hybrid,VIC,D00142,1,1
liquid100_mat5,any_relevance,2week,Random_Forest,Config_Hybrid,VJC,D00119,1,1
liquid100_mat5,any_relevance,2week,Random_Forest,Config_Hybrid,VJC,D00120,1,1
liquid100_mat5,any_relevance,2week,Random_Forest,Config_Hybrid,VJC,D00121,0,0
liquid100_mat5,any_relevance,2week,Random_Forest,Config_Hybrid,VJC,D00122,0,0
liquid100_mat5,any_relevance,2week,Random_Forest,Config_Hybrid,VJC,D00123,1,0
liquid100_mat5,any_relevance,2week,Random_Forest,Config_Hybrid,VJC,D00124,1,1
liquid100_mat5,any_relevance,2week,Random_Forest,Config_Hybrid,VJC,D00125,0,1
liquid100_mat5,any_relevance,2week,Random_Forest,Config_Hybrid,VJC,D00126,1,0
liquid100_mat5,any_relevance,2week,Random_Forest,Config_Hybrid,VJC,D00127,1,1
liquid100_mat5,any_relevance,2week,Random_Forest,Config_Hybrid,VJC,D00128,0,0
liquid100_mat5,any_relevance,2week,Random_Forest,Config_Hybrid,VJC,D00129,1,1
liquid100_mat5,any_relevance,2week,Random_Forest,Config_Hybrid,VJC,D00130,0,0
liquid100_mat5,any_relevance,2week,Random_Forest,Config_Hybrid,VJC,D00131,0,0
liquid100_mat5,any_relevance,2week,Random_Forest,Config_Hybrid,VJC,D00132,0,0
liquid100_mat5,any_relevance,2week,Random_Forest,Config_Hybrid,VJC,D00133,1,0
liquid100_mat5,any_relevance,2week,Random_Forest,Config_Hybrid,VJC,D00134,0,0
liquid100_mat5,any_relevance,2week,Random_Forest,Config_Hybrid,VJC,D00135,0,0
liquid100_mat5,any_relevance,2week,Random_Forest,Config_Hybrid,VJC,D00136,1,0
liquid100_mat5,any_relevance,2week,Random_Forest,Config_Hybrid,VJC,D00137,1,0
liquid100_mat5,any_relevance,2week,Random_Forest,Config_Hybrid,VJC,D00138,0,0
liquid100_mat5,any_relevance,2week,Random_Forest,Config_Hybrid,VJC,D00139,0,0
liquid100_mat5,any_relevance,2week,Random_Forest,Config_Hybrid,VJC,D00140,1,0
liquid100_mat5,any_relevance,2week,Random_Forest,Config_Hybrid,VJC,D00141,1,0
liquid100_mat5,any_relevance,2week,Random_Forest,Config_Hybrid,VJC,D00142,0,0
liquid100_mat5,any_relevance,2week,Random_Forest,Config_Hybrid,VND,D00119,1,1
liquid100_mat5,any_relevance,2week,Random_Forest,Config_Hybrid,VND,D00120,0,0
liquid100_mat5,any_relevance,2week,Random_Forest,Config_Hybrid,VND,D00121,0,1
liquid100_mat5,any_relevance,2week,Random_Forest,Config_Hybrid,VND,D00122,0,0
liquid100_mat5,any_relevance,2week,Random_Forest,Config_Hybrid,VND,D00123,1,0
liquid100_mat5,any_relevance,2week,Random_Forest,Config_Hybrid,VND,D00124,0,1
liquid100_mat5,any_relevance,2week,Random_Forest,Config_Hybrid,VND,D00125,0,0
liquid100_mat5,any_relevance,2week,Random_Forest,Config_Hybrid,VND,D00126,0,0
liquid100_mat5,any_relevance,2week,Random_Forest,Config_Hybrid,VND,D00127,0,0
liquid100_mat5,any_relevance,2week,Random_Forest,Config_Hybrid,VND,D00128,1,0
liquid100_mat5,any_relevance,2week,Random_Forest,Config_Hybrid,VND,D00129,0,1
liquid100_mat5,any_relevance,2week,Random_Forest,Config_Hybrid,VND,D00130,1,1
liquid100_mat5,any_relevance,2week,Random_Forest,Config_Hybrid,VND,D00131,0,0
liquid100_mat5,any_relevance,2week,Random_Forest,Config_Hybrid,VND,D00132,0,0
liquid100_mat5,any_relevance,2week,Random_Forest,Config_Hybrid,VND,D00133,1,1
liquid100_mat5,any_relevance,2week,Random_Forest,Config_Hybrid,VND,D00134,0,0
liquid100_mat5,any_relevance,2week,Random_Forest,Config_Hybrid,VND,D00135,0,0
liquid100_mat5,any_relevance,2week,Random_Forest,Config_Hybrid,VND,D00136,1,1
liquid100_mat5,any_relevance,2week,Random_Forest,Config_Hybrid,VND,D00137,0,1
liquid100_mat5,any_relevance,2week,Random_Forest,Config_Hybrid,VND,D00138,0,0
liquid100_mat5,any_relevance,2week,Random_Forest,Config_Hybrid,VND,D00139,1,0
liquid100_mat5,any_relevance,2week,Random_Forest,Config_Hybrid,VND,D00140,1,1
liquid100_mat5,any_relevance,2week,Random_Forest,Config_Hybrid,VND,D00141,1,0
liquid100_mat5,any_relevance,2week,Random_Forest,Config_Hybrid,VND,D00142,0,0
liquid100_mat5,any_relevance,2week,Random_Forest,Config_Hybrid,VNM,D00119,0,0
liquid100_mat5,any_relevance,2week,Random_Forest,Config_Hybrid,VNM,D00120,0,0
liquid100_mat5,any_relevance,2week,Random_Forest,Config_Hybrid,VNM,D00121,1,1
liquid100_mat5,any_relevance,2week,Random_Forest,Config_Hybrid,VNM,D00122,0,0
liquid100_mat5,any_relevance,2week,Random_Forest,Config_Hybrid,VNM,D00123,1,0
liquid100_mat5,any_relevance,2week,Random_Forest,Config_Hybrid,VNM,D00124,0,1
liquid100_mat5,any_relevance,2week,Random_Forest,Config_Hybrid,VNM,D00125,1,0
liquid100_mat5,any_relevance,2week,Random_Forest,Config_Hybrid,VNM,D00126,1,1
liquid100_mat5,any_relevance,2week,Random_Forest,Config_Hybrid,VNM,D00127,1,0
liquid100_mat5,any_relevance,2week,Random_Forest,Config_Hybrid,VNM,D00128,0,0
liquid100_mat5,any_relevance,2week,Random_Forest,Config_Hybrid,VNM,D00129,0,0
liquid100_mat5,any_relevance,2week,Random_Forest,Config_Hybrid,VNM,D00130,1,0
liquid100_mat5,any_relevance,2week,Random_Forest,Config_Hybrid,VNM,D00131,1,1
liquid100_mat5,any_relevance,2week,Random_Forest,Config_Hybrid,VNM,D00132,0,0
liquid100_mat5,any_relevance,2week,Random_Forest,Config_Hybrid,VNM,D00133,0,0
liquid100_mat5,any_relevance,2week,Random_Forest,Config_Hybrid,VNM,D00134,0,0
liquid100_mat5,any_relevance,2week,Random_Forest,Config_Hybrid,VNM,D00135,0,0
liquid100_mat5,any_relevance,2week,Random_Forest,Config_Hybrid,VNM,D00136,0,0
liquid100_mat5,any_relevance,2week,Random_Forest,Config_Hybrid,VNM,D00137,0,0
liquid100_mat5,any_relevance,2week,Random_Forest,Config_Hybrid,VNM,D00138,0,0
liquid100_mat5,any_relevance,2week,Random_Forest,Config_Hybrid,VNM,D00139,0,0
liquid100_mat5,any_relevance,2week,Random_Forest,Config_Hybrid,VNM,D00140,0,0
liquid100_mat5,any_relevance,2week,Random_Forest,Config_Hybrid,VNM,D00141,0,0
liquid100_mat5,any_relevance,2week,Random_Forest,Config_Hybrid,VNM,D00142,0,0
liquid100_mat5,any_relevance,2week,Random_Forest,Config_Hybrid,VPB,D00119,1,1
liquid100_mat5,any_relevance,2week,Random_Forest,Config_Hybrid,VPB,D00120,1,1
liquid100_mat5,any_relevance,2week,Random_Forest,Config_Hybrid,VPB,D00121,0,0
liquid100_mat5,any_relevance,2week,Random_Forest,Config_Hybrid,VPB,D00122,0,0
liquid100_mat5,any_relevance,2week,Random_Forest,Config_Hybrid,VPB,D00123,1,0
liquid100_mat5,any_relevance,2week,Random_Forest,Config_Hybrid,VPB,D00124,0,1
liquid100_mat5,any_relevance,2week,Random_Forest,Config_Hybrid,VPB,D00125,0,0
liquid100_mat5,any_relevance,2week,Random_Forest,Config_Hybrid,VPB,D00126,0,0
liquid100_mat5,any_relevance,2week,Random_Forest,Config_Hybrid,VPB,D00127,1,1
liquid100_mat5,any_relevance,2week,Random_Forest,Config_Hybrid,VPB,D00128,0,0
liquid100_mat5,any_relevance,2week,Random_Forest,Config_Hybrid,VPB,D00129,0,0
liquid100_mat5,any_relevance,2week,Random_Forest,Config_Hybrid,VPB,D00130,1,1
liquid100_mat5,any_relevance,2week,Random_Forest,Config_Hybrid,VPB,D00131,0,0
liquid100_mat5,any_relevance,2week,Random_Forest,Config_Hybrid,VPB,D00132,0,0
liquid100_mat5,any_relevance,2week,Random_Forest,Config_Hybrid,VPB,D00133,1,1
liquid100_mat5,any_relevance,2week,Random_Forest,Config_Hybrid,VPB,D00134,0,0
liquid100_mat5,any_relevance,2week,Random_Forest,Config_Hybrid,VPB,D00135,0,0
liquid100_mat5,any_relevance,2week,Random_Forest,Config_Hybrid,VPB,D00136,1,1
liquid100_mat5,any_relevance,2week,Random_Forest,Config_Hybrid,VPB,D00137,1,1
liquid100_mat5,any_relevance,2week,Random_Forest,Config_Hybrid,VPB,D00138,0,0
liquid100_mat5,any_relevance,2week,Random_Forest,Config_Hybrid,VPB,D00139,0,1
liquid100_mat5,any_relevance,2week,Random_Forest,Config_Hybrid,VPB,D00140,0,0
liquid100_mat5,any_relevance,2week,Random_Forest,Config_Hybrid,VPB,D00141,0,0
liquid100_mat5,any_relevance,2week,Random_Forest,Config_Hybrid,VPB,D00142,0,0
liquid100_mat5,any_relevance,2week,Random_Forest,Config_Hybrid,VSC,D00119,1,1
liquid100_mat5,any_relevance,2week,Random_Forest,Config_Hybrid,VSC,D00120,0,1
liquid100_mat5,any_relevance,2week,Random_Forest,Config_Hybrid,VSC,D00121,0,1
liquid100_mat5,any_relevance,2week,Random_Forest,Config_Hybrid,VSC,D00122,0,0
liquid100_mat5,any_relevance,2week,Random_Forest,Config_Hybrid,VSC,D00123,0,0
liquid100_mat5,any_relevance,2week,Random_Forest,Config_Hybrid,VSC,D00124,0,0
liquid100_mat5,any_relevance,2week,Random_Forest,Config_Hybrid,VSC,D00125,0,0
liquid100_mat5,any_relevance,2week,Random_Forest,Config_Hybrid,VSC,D00126,1,1
liquid100_mat5,any_relevance,2week,Random_Forest,Config_Hybrid,VSC,D00127,0,1
liquid100_mat5,any_relevance,2week,Random_Forest,Config_Hybrid,VSC,D00128,0,0
liquid100_mat5,any_relevance,2week,Random_Forest,Config_Hybrid,VSC,D00129,0,1
liquid100_mat5,any_relevance,2week,Random_Forest,Config_Hybrid,VSC,D00130,1,0
liquid100_mat5,any_relevance,2week,Random_Forest,Config_Hybrid,VSC,D00131,0,1
liquid100_mat5,any_relevance,2week,Random_Forest,Config_Hybrid,VSC,D00132,1,1
liquid100_mat5,any_relevance,2week,Random_Forest,Config_Hybrid,VSC,D00133,1,1
liquid100_mat5,any_relevance,2week,Random_Forest,Config_Hybrid,VSC,D00134,0,0
liquid100_mat5,any_relevance,2week,Random_Forest,Config_Hybrid,VSC,D00135,0,1
liquid100_mat5,any_relevance,2week,Random_Forest,Config_Hybrid,VSC,D00136,1,0
liquid100_mat5,any_relevance,2week,Random_Forest,Config_Hybrid,VSC,D00137,0,0
liquid100_mat5,any_relevance,2week,Random_Forest,Config_Hybrid,VSC,D00138,0,0
liquid100_mat5,any_relevance,2week,Random_Forest,Config_Hybrid,VSC,D00139,0,0
liquid100_mat5,any_relevance,2week,Random_Forest,Config_Hybrid,VSC,D00140,0,0
liquid100_mat5,any_relevance,2week,Random_Forest,Config_Hybrid,VSC,D00141,0,0
liquid100_mat5,any_relevance,2week,Random_Forest,Config_Hybrid,VSC,D00142,0,0
liquid100_mat5,any_relevance,2week,XGBoost,Config_Hybrid,ACB,D00119,1,1
liquid100_mat5,any_relevance,2week,XGBoost,Config_Hybrid,ACB,D00120,1,1
liquid100_mat5,any_relevance,2week,XGBoost,Config_Hybrid,ACB,D00121,0,1
liquid100_mat5,any_relevance,2week,XGBoost,Config_Hybrid,ACB,D00122,0,0
liquid100_mat5,any_relevance,2week,XGBoost,Config_Hybrid,ACB,D00123,1,1
liquid100_mat5,any_relevance,2week,XGBoost,Config_Hybrid,ACB,D00124,0,0
liquid100_mat5,any_relevance,2week,XGBoost,Config_Hybrid,ACB,D00125,0,0
liquid100_mat5,any_relevance,2week,XGBoost,Config_Hybrid,ACB,D00126,0,0
liquid100_mat5,any_relevance,2week,XGBoost,Config_Hybrid,ACB,D00127,0,0
liquid100_mat5,any_relevance,2week,XGBoost,Config_Hybrid,ACB,D00128,0,0
liquid100_mat5,any_relevance,2week,XGBoost,Config_Hybrid,ACB,D00129,0,0
liquid100_mat5,any_relevance,2week,XGBoost,Config_Hybrid,ACB,D00130,1,1
liquid100_mat5,any_relevance,2week,XGBoost,Config_Hybrid,ACB,D00131,0,0
liquid100_mat5,any_relevance,2week,XGBoost,Config_Hybrid,ACB,D00132,0,0
liquid100_mat5,any_relevance,2week,XGBoost,Config_Hybrid,ACB,D00133,1,1
liquid100_mat5,any_relevance,2week,XGBoost,Config_Hybrid,ACB,D00134,0,0
liquid100_mat5,any_relevance,2week,XGBoost,Config_Hybrid,ACB,D00135,0,0
liquid100_mat5,any_relevance,2week,XGBoost,Config_Hybrid,ACB,D00136,0,0
liquid100_mat5,any_relevance,2week,XGBoost,Config_Hybrid,ACB,D00137,0,0
liquid100_mat5,any_relevance,2week,XGBoost,Config_Hybrid,ACB,D00138,0,1
liquid100_mat5,any_relevance,2week,XGBoost,Config_Hybrid,ACB,D00139,1,0
liquid100_mat5,any_relevance,2week,XGBoost,Config_Hybrid,ACB,D00140,1,1
liquid100_mat5,any_relevance,2week,XGBoost,Config_Hybrid,ACB,D00141,0,1
liquid100_mat5,any_relevance,2week,XGBoost,Config_Hybrid,ACB,D00142,0,0
liquid100_mat5,any_relevance,2week,XGBoost,Config_Hybrid,BID,D00119,1,1
liquid100_mat5,any_relevance,2week,XGBoost,Config_Hybrid,BID,D00120,1,0
liquid100_mat5,any_relevance,2week,XGBoost,Config_Hybrid,BID,D00121,0,1
liquid100_mat5,any_relevance,2week,XGBoost,Config_Hybrid,BID,D00122,0,0
liquid100_mat5,any_relevance,2week,XGBoost,Config_Hybrid,BID,D00123,0,0
liquid100_mat5,any_relevance,2week,XGBoost,Config_Hybrid,BID,D00124,0,0
liquid100_mat5,any_relevance,2week,XGBoost,Config_Hybrid,BID,D00125,0,0
liquid100_mat5,any_relevance,2week,XGBoost,Config_Hybrid,BID,D00126,0,0
liquid100_mat5,any_relevance,2week,XGBoost,Config_Hybrid,BID,D00127,0,0
liquid100_mat5,any_relevance,2week,XGBoost,Config_Hybrid,BID,D00128,0,0
liquid100_mat5,any_relevance,2week,XGBoost,Config_Hybrid,BID,D00129,1,1
liquid100_mat5,any_relevance,2week,XGBoost,Config_Hybrid,BID,D00130,1,1
liquid100_mat5,any_relevance,2week,XGBoost,Config_Hybrid,BID,D00131,1,1
liquid100_mat5,any_relevance,2week,XGBoost,Config_Hybrid,BID,D00132,0,0
liquid100_mat5,any_relevance,2week,XGBoost,Config_Hybrid,BID,D00133,0,0
liquid100_mat5,any_relevance,2week,XGBoost,Config_Hybrid,BID,D00134,0,0
liquid100_mat5,any_relevance,2week,XGBoost,Config_Hybrid,BID,D00135,0,0
liquid100_mat5,any_relevance,2week,XGBoost,Config_Hybrid,BID,D00136,0,0
liquid100_mat5,any_relevance,2week,XGBoost,Config_Hybrid,BID,D00137,0,0
liquid100_mat5,any_relevance,2week,XGBoost,Config_Hybrid,BID,D00138,1,0
liquid100_mat5,any_relevance,2week,XGBoost,Config_Hybrid,BID,D00139,1,1
liquid100_mat5,any_relevance,2week,XGBoost,Config_Hybrid,BID,D00140,0,0
liquid100_mat5,any_relevance,2week,XGBoost,Config_Hybrid,BID,D00141,0,0
liquid100_mat5,any_relevance,2week,XGBoost,Config_Hybrid,BID,D00142,0,0
liquid100_mat5,any_relevance,2week,XGBoost,Config_Hybrid,CTG,D00119,1,1
liquid100_mat5,any_relevance,2week,XGBoost,Config_Hybrid,CTG,D00120,1,1
liquid100_mat5,any_relevance,2week,XGBoost,Config_Hybrid,CTG,D00121,0,0
liquid100_mat5,any_relevance,2week,XGBoost,Config_Hybrid,CTG,D00122,0,0
liquid100_mat5,any_relevance,2week,XGBoost,Config_Hybrid,CTG,D00123,1,0
liquid100_mat5,any_relevance,2week,XGBoost,Config_Hybrid,CTG,D00124,0,1
liquid100_mat5,any_relevance,2week,XGBoost,Config_Hybrid,CTG,D00125,0,0
liquid100_mat5,any_relevance,2week,XGBoost,Config_Hybrid,CTG,D00126,0,0
liquid100_mat5,any_relevance,2week,XGBoost,Config_Hybrid,CTG,D00127,1,0
liquid100_mat5,any_relevance,2week,XGBoost,Config_Hybrid,CTG,D00128,0,0
liquid100_mat5,any_relevance,2week,XGBoost,Config_Hybrid,CTG,D00129,1,0
liquid100_mat5,any_relevance,2week,XGBoost,Config_Hybrid,CTG,D00130,1,1
liquid100_mat5,any_relevance,2week,XGBoost,Config_Hybrid,CTG,D00131,0,0
liquid100_mat5,any_relevance,2week,XGBoost,Config_Hybrid,CTG,D00132,0,0
liquid100_mat5,any_relevance,2week,XGBoost,Config_Hybrid,CTG,D00133,0,1
liquid100_mat5,any_relevance,2week,XGBoost,Config_Hybrid,CTG,D00134,0,0
liquid100_mat5,any_relevance,2week,XGBoost,Config_Hybrid,CTG,D00135,0,1
liquid100_mat5,any_relevance,2week,XGBoost,Config_Hybrid,CTG,D00136,0,0
liquid100_mat5,any_relevance,2week,XGBoost,Config_Hybrid,CTG,D00137,0,0
liquid100_mat5,any_relevance,2week,XGBoost,Config_Hybrid,CTG,D00138,0,0
liquid100_mat5,any_relevance,2week,XGBoost,Config_Hybrid,CTG,D00139,0,0
liquid100_mat5,any_relevance,2week,XGBoost,Config_Hybrid,CTG,D00140,0,0
liquid100_mat5,any_relevance,2week,XGBoost,Config_Hybrid,CTG,D00141,0,0
liquid100_mat5,any_relevance,2week,XGBoost,Config_Hybrid,CTG,D00142,0,0
liquid100_mat5,any_relevance,2week,XGBoost,Config_Hybrid,DCM,D00119,1,1
liquid100_mat5,any_relevance,2week,XGBoost,Config_Hybrid,DCM,D00120,0,0
liquid100_mat5,any_relevance,2week,XGBoost,Config_Hybrid,DCM,D00121,0,1
liquid100_mat5,any_relevance,2week,XGBoost,Config_Hybrid,DCM,D00122,0,0
liquid100_mat5,any_relevance,2week,XGBoost,Config_Hybrid,DCM,D00123,0,0
liquid100_mat5,any_relevance,2week,XGBoost,Config_Hybrid,DCM,D00124,0,0
liquid100_mat5,any_relevance,2week,XGBoost,Config_Hybrid,DCM,D00125,0,1
liquid100_mat5,any_relevance,2week,XGBoost,Config_Hybrid,DCM,D00126,0,0
liquid100_mat5,any_relevance,2week,XGBoost,Config_Hybrid,DCM,D00127,0,0
liquid100_mat5,any_relevance,2week,XGBoost,Config_Hybrid,DCM,D00128,0,0
liquid100_mat5,any_relevance,2week,XGBoost,Config_Hybrid,DCM,D00129,1,0
liquid100_mat5,any_relevance,2week,XGBoost,Config_Hybrid,DCM,D00130,1,1
liquid100_mat5,any_relevance,2week,XGBoost,Config_Hybrid,DCM,D00131,1,1
liquid100_mat5,any_relevance,2week,XGBoost,Config_Hybrid,DCM,D00132,1,1
liquid100_mat5,any_relevance,2week,XGBoost,Config_Hybrid,DCM,D00133,1,0
liquid100_mat5,any_relevance,2week,XGBoost,Config_Hybrid,DCM,D00134,1,1
liquid100_mat5,any_relevance,2week,XGBoost,Config_Hybrid,DCM,D00135,0,1
liquid100_mat5,any_relevance,2week,XGBoost,Config_Hybrid,DCM,D00136,0,0
liquid100_mat5,any_relevance,2week,XGBoost,Config_Hybrid,DCM,D00137,0,0
liquid100_mat5,any_relevance,2week,XGBoost,Config_Hybrid,DCM,D00138,0,0
liquid100_mat5,any_relevance,2week,XGBoost,Config_Hybrid,DCM,D00139,0,0
liquid100_mat5,any_relevance,2week,XGBoost,Config_Hybrid,DCM,D00140,0,0
liquid100_mat5,any_relevance,2week,XGBoost,Config_Hybrid,DCM,D00141,0,0
liquid100_mat5,any_relevance,2week,XGBoost,Config_Hybrid,DCM,D00142,0,0
liquid100_mat5,any_relevance,2week,XGBoost,Config_Hybrid,DIG,D00119,1,1
liquid100_mat5,any_relevance,2week,XGBoost,Config_Hybrid,DIG,D00120,0,0
liquid100_mat5,any_relevance,2week,XGBoost,Config_Hybrid,DIG,D00121,1,1
liquid100_mat5,any_relevance,2week,XGBoost,Config_Hybrid,DIG,D00122,0,1
liquid100_mat5,any_relevance,2week,XGBoost,Config_Hybrid,DIG,D00123,0,0
liquid100_mat5,any_relevance,2week,XGBoost,Config_Hybrid,DIG,D00124,0,1
liquid100_mat5,any_relevance,2week,XGBoost,Config_Hybrid,DIG,D00125,0,0
liquid100_mat5,any_relevance,2week,XGBoost,Config_Hybrid,DIG,D00126,1,0
liquid100_mat5,any_relevance,2week,XGBoost,Config_Hybrid,DIG,D00127,0,0
liquid100_mat5,any_relevance,2week,XGBoost,Config_Hybrid,DIG,D00128,0,0
liquid100_mat5,any_relevance,2week,XGBoost,Config_Hybrid,DIG,D00129,0,1
liquid100_mat5,any_relevance,2week,XGBoost,Config_Hybrid,DIG,D00130,0,0
liquid100_mat5,any_relevance,2week,XGBoost,Config_Hybrid,DIG,D00131,0,1
liquid100_mat5,any_relevance,2week,XGBoost,Config_Hybrid,DIG,D00132,0,0
liquid100_mat5,any_relevance,2week,XGBoost,Config_Hybrid,DIG,D00133,0,1
liquid100_mat5,any_relevance,2week,XGBoost,Config_Hybrid,DIG,D00134,0,0
liquid100_mat5,any_relevance,2week,XGBoost,Config_Hybrid,DIG,D00135,1,0
liquid100_mat5,any_relevance,2week,XGBoost,Config_Hybrid,DIG,D00136,1,1
liquid100_mat5,any_relevance,2week,XGBoost,Config_Hybrid,DIG,D00137,0,1
liquid100_mat5,any_relevance,2week,XGBoost,Config_Hybrid,DIG,D00138,1,1
liquid100_mat5,any_relevance,2week,XGBoost,Config_Hybrid,DIG,D00139,0,1
liquid100_mat5,any_relevance,2week,XGBoost,Config_Hybrid,DIG,D00140,0,0
liquid100_mat5,any_relevance,2week,XGBoost,Config_Hybrid,DIG,D00141,0,0
liquid100_mat5,any_relevance,2week,XGBoost,Config_Hybrid,DIG,D00142,0,0
liquid100_mat5,any_relevance,2week,XGBoost,Config_Hybrid,DPM,D00119,1,1
liquid100_mat5,any_relevance,2week,XGBoost,Config_Hybrid,DPM,D00120,0,0
liquid100_mat5,any_relevance,2week,XGBoost,Config_Hybrid,DPM,D00121,0,1
liquid100_mat5,any_relevance,2week,XGBoost,Config_Hybrid,DPM,D00122,0,0
liquid100_mat5,any_relevance,2week,XGBoost,Config_Hybrid,DPM,D00123,0,0
liquid100_mat5,any_relevance,2week,XGBoost,Config_Hybrid,DPM,D00124,0,0
liquid100_mat5,any_relevance,2week,XGBoost,Config_Hybrid,DPM,D00125,0,1
liquid100_mat5,any_relevance,2week,XGBoost,Config_Hybrid,DPM,D00126,0,1
liquid100_mat5,any_relevance,2week,XGBoost,Config_Hybrid,DPM,D00127,0,0
liquid100_mat5,any_relevance,2week,XGBoost,Config_Hybrid,DPM,D00128,0,0
liquid100_mat5,any_relevance,2week,XGBoost,Config_Hybrid,DPM,D00129,1,0
liquid100_mat5,any_relevance,2week,XGBoost,Config_Hybrid,DPM,D00130,1,1
liquid100_mat5,any_relevance,2week,XGBoost,Config_Hybrid,DPM,D00131,0,1
liquid100_mat5,any_relevance,2week,XGBoost,Config_Hybrid,DPM,D00132,1,1
liquid100_mat5,any_relevance,2week,XGBoost,Config_Hybrid,DPM,D00133,1,0
liquid100_mat5,any_relevance,2week,XGBoost,Config_Hybrid,DPM,D00134,1,1
liquid100_mat5,any_relevance,2week,XGBoost,Config_Hybrid,DPM,D00135,0,0
liquid100_mat5,any_relevance,2week,XGBoost,Config_Hybrid,DPM,D00136,0,0
liquid100_mat5,any_relevance,2week,XGBoost,Config_Hybrid,DPM,D00137,0,1
liquid100_mat5,any_relevance,2week,XGBoost,Config_Hybrid,DPM,D00138,0,0
liquid100_mat5,any_relevance,2week,XGBoost,Config_Hybrid,DPM,D00139,0,0
liquid100_mat5,any_relevance,2week,XGBoost,Config_Hybrid,DPM,D00140,0,0
liquid100_mat5,any_relevance,2week,XGBoost,Config_Hybrid,DPM,D00141,0,0
liquid100_mat5,any_relevance,2week,XGBoost,Config_Hybrid,DPM,D00142,0,0
liquid100_mat5,any_relevance,2week,XGBoost,Config_Hybrid,DXG,D00119,1,1
liquid100_mat5,any_relevance,2week,XGBoost,Config_Hybrid,DXG,D00120,1,1
liquid100_mat5,any_relevance,2week,XGBoost,Config_Hybrid,DXG,D00121,1,1
liquid100_mat5,any_relevance,2week,XGBoost,Config_Hybrid,DXG,D00122,0,0
liquid100_mat5,any_relevance,2week,XGBoost,Config_Hybrid,DXG,D00123,0,0
liquid100_mat5,any_relevance,2week,XGBoost,Config_Hybrid,DXG,D00124,0,1
liquid100_mat5,any_relevance,2week,XGBoost,Config_Hybrid,DXG,D00125,0,0
liquid100_mat5,any_relevance,2week,XGBoost,Config_Hybrid,DXG,D00126,0,0
liquid100_mat5,any_relevance,2week,XGBoost,Config_Hybrid,DXG,D00127,0,1
liquid100_mat5,any_relevance,2week,XGBoost,Config_Hybrid,DXG,D00128,0,0
liquid100_mat5,any_relevance,2week,XGBoost,Config_Hybrid,DXG,D00129,0,1
liquid100_mat5,any_relevance,2week,XGBoost,Config_Hybrid,DXG,D00130,0,0
liquid100_mat5,any_relevance,2week,XGBoost,Config_Hybrid,DXG,D00131,0,0
liquid100_mat5,any_relevance,2week,XGBoost,Config_Hybrid,DXG,D00132,0,0
liquid100_mat5,any_relevance,2week,XGBoost,Config_Hybrid,DXG,D00133,0,1
liquid100_mat5,any_relevance,2week,XGBoost,Config_Hybrid,DXG,D00134,0,0
liquid100_mat5,any_relevance,2week,XGBoost,Config_Hybrid,DXG,D00135,1,0
liquid100_mat5,any_relevance,2week,XGBoost,Config_Hybrid,DXG,D00136,1,1
liquid100_mat5,any_relevance,2week,XGBoost,Config_Hybrid,DXG,D00137,0,1
liquid100_mat5,any_relevance,2week,XGBoost,Config_Hybrid,DXG,D00138,1,1
liquid100_mat5,any_relevance,2week,XGBoost,Config_Hybrid,DXG,D00139,0,0
liquid100_mat5,any_relevance,2week,XGBoost,Config_Hybrid,DXG,D00140,0,0
liquid100_mat5,any_relevance,2week,XGBoost,Config_Hybrid,DXG,D00141,0,0
liquid100_mat5,any_relevance,2week,XGBoost,Config_Hybrid,DXG,D00142,0,0
liquid100_mat5,any_relevance,2week,XGBoost,Config_Hybrid,EIB,D00119,1,0
liquid100_mat5,any_relevance,2week,XGBoost,Config_Hybrid,EIB,D00120,0,1
liquid100_mat5,any_relevance,2week,XGBoost,Config_Hybrid,EIB,D00121,0,1
liquid100_mat5,any_relevance,2week,XGBoost,Config_Hybrid,EIB,D00122,0,0
liquid100_mat5,any_relevance,2week,XGBoost,Config_Hybrid,EIB,D00123,1,1
liquid100_mat5,any_relevance,2week,XGBoost,Config_Hybrid,EIB,D00124,0,0
liquid100_mat5,any_relevance,2week,XGBoost,Config_Hybrid,EIB,D00125,0,0
liquid100_mat5,any_relevance,2week,XGBoost,Config_Hybrid,EIB,D00126,1,0
liquid100_mat5,any_relevance,2week,XGBoost,Config_Hybrid,EIB,D00127,0,1
liquid100_mat5,any_relevance,2week,XGBoost,Config_Hybrid,EIB,D00128,0,0
liquid100_mat5,any_relevance,2week,XGBoost,Config_Hybrid,EIB,D00129,0,1
liquid100_mat5,any_relevance,2week,XGBoost,Config_Hybrid,EIB,D00130,1,0
liquid100_mat5,any_relevance,2week,XGBoost,Config_Hybrid,EIB,D00131,0,1
liquid100_mat5,any_relevance,2week,XGBoost,Config_Hybrid,EIB,D00132,0,0
liquid100_mat5,any_relevance,2week,XGBoost,Config_Hybrid,EIB,D00133,1,1
liquid100_mat5,any_relevance,2week,XGBoost,Config_Hybrid,EIB,D00134,0,0
liquid100_mat5,any_relevance,2week,XGBoost,Config_Hybrid,EIB,D00135,1,0
liquid100_mat5,any_relevance,2week,XGBoost,Config_Hybrid,EIB,D00136,0,1
liquid100_mat5,any_relevance,2week,XGBoost,Config_Hybrid,EIB,D00137,0,0
liquid100_mat5,any_relevance,2week,XGBoost,Config_Hybrid,EIB,D00138,0,0
liquid100_mat5,any_relevance,2week,XGBoost,Config_Hybrid,EIB,D00139,0,0
liquid100_mat5,any_relevance,2week,XGBoost,Config_Hybrid,EIB,D00140,0,0
liquid100_mat5,any_relevance,2week,XGBoost,Config_Hybrid,EIB,D00141,0,0
liquid100_mat5,any_relevance,2week,XGBoost,Config_Hybrid,EIB,D00142,0,0
liquid100_mat5,any_relevance,2week,XGBoost,Config_Hybrid,FPT,D00119,0,0
liquid100_mat5,any_relevance,2week,XGBoost,Config_Hybrid,FPT,D00120,0,1
liquid100_mat5,any_relevance,2week,XGBoost,Config_Hybrid,FPT,D00121,0,0
liquid100_mat5,any_relevance,2week,XGBoost,Config_Hybrid,FPT,D00122,0,0
liquid100_mat5,any_relevance,2week,XGBoost,Config_Hybrid,FPT,D00123,0,0
liquid100_mat5,any_relevance,2week,XGBoost,Config_Hybrid,FPT,D00124,1,0
liquid100_mat5,any_relevance,2week,XGBoost,Config_Hybrid,FPT,D00125,1,1
liquid100_mat5,any_relevance,2week,XGBoost,Config_Hybrid,FPT,D00126,0,0
liquid100_mat5,any_relevance,2week,XGBoost,Config_Hybrid,FPT,D00127,0,0
liquid100_mat5,any_relevance,2week,XGBoost,Config_Hybrid,FPT,D00128,0,0
liquid100_mat5,any_relevance,2week,XGBoost,Config_Hybrid,FPT,D00129,0,0
liquid100_mat5,any_relevance,2week,XGBoost,Config_Hybrid,FPT,D00130,1,0
liquid100_mat5,any_relevance,2week,XGBoost,Config_Hybrid,FPT,D00131,0,1
liquid100_mat5,any_relevance,2week,XGBoost,Config_Hybrid,FPT,D00132,0,0
liquid100_mat5,any_relevance,2week,XGBoost,Config_Hybrid,FPT,D00133,0,0
liquid100_mat5,any_relevance,2week,XGBoost,Config_Hybrid,FPT,D00134,0,0
liquid100_mat5,any_relevance,2week,XGBoost,Config_Hybrid,FPT,D00135,0,0
liquid100_mat5,any_relevance,2week,XGBoost,Config_Hybrid,FPT,D00136,0,0
liquid100_mat5,any_relevance,2week,XGBoost,Config_Hybrid,FPT,D00137,0,0
liquid100_mat5,any_relevance,2week,XGBoost,Config_Hybrid,FPT,D00138,0,0
liquid100_mat5,any_relevance,2week,XGBoost,Config_Hybrid,FPT,D00139,1,1
liquid100_mat5,any_relevance,2week,XGBoost,Config_Hybrid,FPT,D00140,0,0
liquid100_mat5,any_relevance,2week,XGBoost,Config_Hybrid,FPT,D00141,0,0
liquid100_mat5,any_relevance,2week,XGBoost,Config_Hybrid,FPT,D00142,0,0
liquid100_mat5,any_relevance,2week,XGBoost,Config_Hybrid,GAS,D00119,1,0
liquid100_mat5,any_relevance,2week,XGBoost,Config_Hybrid,GAS,D00120,0,0
liquid100_mat5,any_relevance,2week,XGBoost,Config_Hybrid,GAS,D00121,0,0
liquid100_mat5,any_relevance,2week,XGBoost,Config_Hybrid,GAS,D00122,0,0
liquid100_mat5,any_relevance,2week,XGBoost,Config_Hybrid,GAS,D00123,0,0
liquid100_mat5,any_relevance,2week,XGBoost,Config_Hybrid,GAS,D00124,0,0
liquid100_mat5,any_relevance,2week,XGBoost,Config_Hybrid,GAS,D00125,1,1
liquid100_mat5,any_relevance,2week,XGBoost,Config_Hybrid,GAS,D00126,0,0
liquid100_mat5,any_relevance,2week,XGBoost,Config_Hybrid,GAS,D00127,1,1
liquid100_mat5,any_relevance,2week,XGBoost,Config_Hybrid,GAS,D00128,0,0
liquid100_mat5,any_relevance,2week,XGBoost,Config_Hybrid,GAS,D00129,1,1
liquid100_mat5,any_relevance,2week,XGBoost,Config_Hybrid,GAS,D00130,1,1
liquid100_mat5,any_relevance,2week,XGBoost,Config_Hybrid,GAS,D00131,1,0
liquid100_mat5,any_relevance,2week,XGBoost,Config_Hybrid,GAS,D00132,0,0
liquid100_mat5,any_relevance,2week,XGBoost,Config_Hybrid,GAS,D00133,1,0
liquid100_mat5,any_relevance,2week,XGBoost,Config_Hybrid,GAS,D00134,0,0
liquid100_mat5,any_relevance,2week,XGBoost,Config_Hybrid,GAS,D00135,0,0
liquid100_mat5,any_relevance,2week,XGBoost,Config_Hybrid,GAS,D00136,0,0
liquid100_mat5,any_relevance,2week,XGBoost,Config_Hybrid,GAS,D00137,0,1
liquid100_mat5,any_relevance,2week,XGBoost,Config_Hybrid,GAS,D00138,0,0
liquid100_mat5,any_relevance,2week,XGBoost,Config_Hybrid,GAS,D00139,1,1
liquid100_mat5,any_relevance,2week,XGBoost,Config_Hybrid,GAS,D00140,0,0
liquid100_mat5,any_relevance,2week,XGBoost,Config_Hybrid,GAS,D00141,0,0
liquid100_mat5,any_relevance,2week,XGBoost,Config_Hybrid,GAS,D00142,0,0
liquid100_mat5,any_relevance,2week,XGBoost,Config_Hybrid,GEX,D00119,0,0
liquid100_mat5,any_relevance,2week,XGBoost,Config_Hybrid,GEX,D00120,0,0
liquid100_mat5,any_relevance,2week,XGBoost,Config_Hybrid,GEX,D00121,0,1
liquid100_mat5,any_relevance,2week,XGBoost,Config_Hybrid,GEX,D00122,0,1
liquid100_mat5,any_relevance,2week,XGBoost,Config_Hybrid,GEX,D00123,1,0
liquid100_mat5,any_relevance,2week,XGBoost,Config_Hybrid,GEX,D00124,0,1
liquid100_mat5,any_relevance,2week,XGBoost,Config_Hybrid,GEX,D00125,0,0
liquid100_mat5,any_relevance,2week,XGBoost,Config_Hybrid,GEX,D00126,1,0
liquid100_mat5,any_relevance,2week,XGBoost,Config_Hybrid,GEX,D00127,0,1
liquid100_mat5,any_relevance,2week,XGBoost,Config_Hybrid,GEX,D00128,0,0
liquid100_mat5,any_relevance,2week,XGBoost,Config_Hybrid,GEX,D00129,0,0
liquid100_mat5,any_relevance,2week,XGBoost,Config_Hybrid,GEX,D00130,0,0
liquid100_mat5,any_relevance,2week,XGBoost,Config_Hybrid,GEX,D00131,0,0
liquid100_mat5,any_relevance,2week,XGBoost,Config_Hybrid,GEX,D00132,0,0
liquid100_mat5,any_relevance,2week,XGBoost,Config_Hybrid,GEX,D00133,1,1
liquid100_mat5,any_relevance,2week,XGBoost,Config_Hybrid,GEX,D00134,0,0
liquid100_mat5,any_relevance,2week,XGBoost,Config_Hybrid,GEX,D00135,1,0
liquid100_mat5,any_relevance,2week,XGBoost,Config_Hybrid,GEX,D00136,1,1
liquid100_mat5,any_relevance,2week,XGBoost,Config_Hybrid,GEX,D00137,0,1
liquid100_mat5,any_relevance,2week,XGBoost,Config_Hybrid,GEX,D00138,1,1
liquid100_mat5,any_relevance,2week,XGBoost,Config_Hybrid,GEX,D00139,1,1
liquid100_mat5,any_relevance,2week,XGBoost,Config_Hybrid,GEX,D00140,0,0
liquid100_mat5,any_relevance,2week,XGBoost,Config_Hybrid,GEX,D00141,0,0
liquid100_mat5,any_relevance,2week,XGBoost,Config_Hybrid,GEX,D00142,0,0
liquid100_mat5,any_relevance,2week,XGBoost,Config_Hybrid,GMD,D00119,1,1
liquid100_mat5,any_relevance,2week,XGBoost,Config_Hybrid,GMD,D00120,1,0
liquid100_mat5,any_relevance,2week,XGBoost,Config_Hybrid,GMD,D00121,1,1
liquid100_mat5,any_relevance,2week,XGBoost,Config_Hybrid,GMD,D00122,0,1
liquid100_mat5,any_relevance,2week,XGBoost,Config_Hybrid,GMD,D00123,0,0
liquid100_mat5,any_relevance,2week,XGBoost,Config_Hybrid,GMD,D00124,0,0
liquid100_mat5,any_relevance,2week,XGBoost,Config_Hybrid,GMD,D00125,0,1
liquid100_mat5,any_relevance,2week,XGBoost,Config_Hybrid,GMD,D00126,0,0
liquid100_mat5,any_relevance,2week,XGBoost,Config_Hybrid,GMD,D00127,0,0
liquid100_mat5,any_relevance,2week,XGBoost,Config_Hybrid,GMD,D00128,0,0
liquid100_mat5,any_relevance,2week,XGBoost,Config_Hybrid,GMD,D00129,1,1
liquid100_mat5,any_relevance,2week,XGBoost,Config_Hybrid,GMD,D00130,1,1
liquid100_mat5,any_relevance,2week,XGBoost,Config_Hybrid,GMD,D00131,1,1
liquid100_mat5,any_relevance,2week,XGBoost,Config_Hybrid,GMD,D00132,1,0
liquid100_mat5,any_relevance,2week,XGBoost,Config_Hybrid,GMD,D00133,1,1
liquid100_mat5,any_relevance,2week,XGBoost,Config_Hybrid,GMD,D00134,0,0
liquid100_mat5,any_relevance,2week,XGBoost,Config_Hybrid,GMD,D00135,0,1
liquid100_mat5,any_relevance,2week,XGBoost,Config_Hybrid,GMD,D00136,0,0
liquid100_mat5,any_relevance,2week,XGBoost,Config_Hybrid,GMD,D00137,1,1
liquid100_mat5,any_relevance,2week,XGBoost,Config_Hybrid,GMD,D00138,1,1
liquid100_mat5,any_relevance,2week,XGBoost,Config_Hybrid,GMD,D00139,0,1
liquid100_mat5,any_relevance,2week,XGBoost,Config_Hybrid,GMD,D00140,0,0
liquid100_mat5,any_relevance,2week,XGBoost,Config_Hybrid,GMD,D00141,1,0
liquid100_mat5,any_relevance,2week,XGBoost,Config_Hybrid,GMD,D00142,0,0
liquid100_mat5,any_relevance,2week,XGBoost,Config_Hybrid,GVR,D00119,1,1
liquid100_mat5,any_relevance,2week,XGBoost,Config_Hybrid,GVR,D00120,0,0
liquid100_mat5,any_relevance,2week,XGBoost,Config_Hybrid,GVR,D00121,0,0
liquid100_mat5,any_relevance,2week,XGBoost,Config_Hybrid,GVR,D00122,0,0
liquid100_mat5,any_relevance,2week,XGBoost,Config_Hybrid,GVR,D00123,0,0
liquid100_mat5,any_relevance,2week,XGBoost,Config_Hybrid,GVR,D00124,0,0
liquid100_mat5,any_relevance,2week,XGBoost,Config_Hybrid,GVR,D00125,1,1
liquid100_mat5,any_relevance,2week,XGBoost,Config_Hybrid,GVR,D00126,0,0
liquid100_mat5,any_relevance,2week,XGBoost,Config_Hybrid,GVR,D00127,0,0
liquid100_mat5,any_relevance,2week,XGBoost,Config_Hybrid,GVR,D00128,0,0
liquid100_mat5,any_relevance,2week,XGBoost,Config_Hybrid,GVR,D00129,1,0
liquid100_mat5,any_relevance,2week,XGBoost,Config_Hybrid,GVR,D00130,1,1
liquid100_mat5,any_relevance,2week,XGBoost,Config_Hybrid,GVR,D00131,1,1
liquid100_mat5,any_relevance,2week,XGBoost,Config_Hybrid,GVR,D00132,0,0
liquid100_mat5,any_relevance,2week,XGBoost,Config_Hybrid,GVR,D00133,1,0
liquid100_mat5,any_relevance,2week,XGBoost,Config_Hybrid,GVR,D00134,0,0
liquid100_mat5,any_relevance,2week,XGBoost,Config_Hybrid,GVR,D00135,0,0
liquid100_mat5,any_relevance,2week,XGBoost,Config_Hybrid,GVR,D00136,1,1
liquid100_mat5,any_relevance,2week,XGBoost,Config_Hybrid,GVR,D00137,0,1
liquid100_mat5,any_relevance,2week,XGBoost,Config_Hybrid,GVR,D00138,1,0
liquid100_mat5,any_relevance,2week,XGBoost,Config_Hybrid,GVR,D00139,0,0
liquid100_mat5,any_relevance,2week,XGBoost,Config_Hybrid,GVR,D00140,0,0
liquid100_mat5,any_relevance,2week,XGBoost,Config_Hybrid,GVR,D00141,0,1
liquid100_mat5,any_relevance,2week,XGBoost,Config_Hybrid,GVR,D00142,0,0
liquid100_mat5,any_relevance,2week,XGBoost,Config_Hybrid,HCM,D00119,1,1
liquid100_mat5,any_relevance,2week,XGBoost,Config_Hybrid,HCM,D00120,0,0
liquid100_mat5,any_relevance,2week,XGBoost,Config_Hybrid,HCM,D00121,0,1
liquid100_mat5,any_relevance,2week,XGBoost,Config_Hybrid,HCM,D00122,0,0
liquid100_mat5,any_relevance,2week,XGBoost,Config_Hybrid,HCM,D00123,1,1
liquid100_mat5,any_relevance,2week,XGBoost,Config_Hybrid,HCM,D00124,0,0
liquid100_mat5,any_relevance,2week,XGBoost,Config_Hybrid,HCM,D00125,0,0
liquid100_mat5,any_relevance,2week,XGBoost,Config_Hybrid,HCM,D00126,0,0
liquid100_mat5,any_relevance,2week,XGBoost,Config_Hybrid,HCM,D00127,0,1
liquid100_mat5,any_relevance,2week,XGBoost,Config_Hybrid,HCM,D00128,0,0
liquid100_mat5,any_relevance,2week,XGBoost,Config_Hybrid,HCM,D00129,0,0
liquid100_mat5,any_relevance,2week,XGBoost,Config_Hybrid,HCM,D00130,1,0
liquid100_mat5,any_relevance,2week,XGBoost,Config_Hybrid,HCM,D00131,0,0
liquid100_mat5,any_relevance,2week,XGBoost,Config_Hybrid,HCM,D00132,0,0
liquid100_mat5,any_relevance,2week,XGBoost,Config_Hybrid,HCM,D00133,1,1
liquid100_mat5,any_relevance,2week,XGBoost,Config_Hybrid,HCM,D00134,0,0
liquid100_mat5,any_relevance,2week,XGBoost,Config_Hybrid,HCM,D00135,0,0
liquid100_mat5,any_relevance,2week,XGBoost,Config_Hybrid,HCM,D00136,1,1
liquid100_mat5,any_relevance,2week,XGBoost,Config_Hybrid,HCM,D00137,1,1
liquid100_mat5,any_relevance,2week,XGBoost,Config_Hybrid,HCM,D00138,1,0
liquid100_mat5,any_relevance,2week,XGBoost,Config_Hybrid,HCM,D00139,1,0
liquid100_mat5,any_relevance,2week,XGBoost,Config_Hybrid,HCM,D00140,0,0
liquid100_mat5,any_relevance,2week,XGBoost,Config_Hybrid,HCM,D00141,0,1
liquid100_mat5,any_relevance,2week,XGBoost,Config_Hybrid,HCM,D00142,0,0
liquid100_mat5,any_relevance,2week,XGBoost,Config_Hybrid,HDB,D00119,1,1
liquid100_mat5,any_relevance,2week,XGBoost,Config_Hybrid,HDB,D00120,1,1
liquid100_mat5,any_relevance,2week,XGBoost,Config_Hybrid,HDB,D00121,0,0
liquid100_mat5,any_relevance,2week,XGBoost,Config_Hybrid,HDB,D00122,0,0
liquid100_mat5,any_relevance,2week,XGBoost,Config_Hybrid,HDB,D00123,1,1
liquid100_mat5,any_relevance,2week,XGBoost,Config_Hybrid,HDB,D00124,0,1
liquid100_mat5,any_relevance,2week,XGBoost,Config_Hybrid,HDB,D00125,0,1
liquid100_mat5,any_relevance,2week,XGBoost,Config_Hybrid,HDB,D00126,1,0
liquid100_mat5,any_relevance,2week,XGBoost,Config_Hybrid,HDB,D00127,1,1
liquid100_mat5,any_relevance,2week,XGBoost,Config_Hybrid,HDB,D00128,1,0
liquid100_mat5,any_relevance,2week,XGBoost,Config_Hybrid,HDB,D00129,1,1
liquid100_mat5,any_relevance,2week,XGBoost,Config_Hybrid,HDB,D00130,0,0
liquid100_mat5,any_relevance,2week,XGBoost,Config_Hybrid,HDB,D00131,0,1
liquid100_mat5,any_relevance,2week,XGBoost,Config_Hybrid,HDB,D00132,0,0
liquid100_mat5,any_relevance,2week,XGBoost,Config_Hybrid,HDB,D00133,0,1
liquid100_mat5,any_relevance,2week,XGBoost,Config_Hybrid,HDB,D00134,0,0
liquid100_mat5,any_relevance,2week,XGBoost,Config_Hybrid,HDB,D00135,0,0
liquid100_mat5,any_relevance,2week,XGBoost,Config_Hybrid,HDB,D00136,1,0
liquid100_mat5,any_relevance,2week,XGBoost,Config_Hybrid,HDB,D00137,1,0
liquid100_mat5,any_relevance,2week,XGBoost,Config_Hybrid,HDB,D00138,0,0
liquid100_mat5,any_relevance,2week,XGBoost,Config_Hybrid,HDB,D00139,0,1
liquid100_mat5,any_relevance,2week,XGBoost,Config_Hybrid,HDB,D00140,0,0
liquid100_mat5,any_relevance,2week,XGBoost,Config_Hybrid,HDB,D00141,0,0
liquid100_mat5,any_relevance,2week,XGBoost,Config_Hybrid,HDB,D00142,0,0
liquid100_mat5,any_relevance,2week,XGBoost,Config_Hybrid,HPG,D00119,1,1
liquid100_mat5,any_relevance,2week,XGBoost,Config_Hybrid,HPG,D00120,0,0
liquid100_mat5,any_relevance,2week,XGBoost,Config_Hybrid,HPG,D00121,1,1
liquid100_mat5,any_relevance,2week,XGBoost,Config_Hybrid,HPG,D00122,0,0
liquid100_mat5,any_relevance,2week,XGBoost,Config_Hybrid,HPG,D00123,0,0
liquid100_mat5,any_relevance,2week,XGBoost,Config_Hybrid,HPG,D00124,0,0
liquid100_mat5,any_relevance,2week,XGBoost,Config_Hybrid,HPG,D00125,0,0
liquid100_mat5,any_relevance,2week,XGBoost,Config_Hybrid,HPG,D00126,1,0
liquid100_mat5,any_relevance,2week,XGBoost,Config_Hybrid,HPG,D00127,0,0
liquid100_mat5,any_relevance,2week,XGBoost,Config_Hybrid,HPG,D00128,0,0
liquid100_mat5,any_relevance,2week,XGBoost,Config_Hybrid,HPG,D00129,0,0
liquid100_mat5,any_relevance,2week,XGBoost,Config_Hybrid,HPG,D00130,1,0
liquid100_mat5,any_relevance,2week,XGBoost,Config_Hybrid,HPG,D00131,0,0
liquid100_mat5,any_relevance,2week,XGBoost,Config_Hybrid,HPG,D00132,0,1
liquid100_mat5,any_relevance,2week,XGBoost,Config_Hybrid,HPG,D00133,1,0
liquid100_mat5,any_relevance,2week,XGBoost,Config_Hybrid,HPG,D00134,0,0
liquid100_mat5,any_relevance,2week,XGBoost,Config_Hybrid,HPG,D00135,0,0
liquid100_mat5,any_relevance,2week,XGBoost,Config_Hybrid,HPG,D00136,1,1
liquid100_mat5,any_relevance,2week,XGBoost,Config_Hybrid,HPG,D00137,0,0
liquid100_mat5,any_relevance,2week,XGBoost,Config_Hybrid,HPG,D00138,0,0
liquid100_mat5,any_relevance,2week,XGBoost,Config_Hybrid,HPG,D00139,0,0
liquid100_mat5,any_relevance,2week,XGBoost,Config_Hybrid,HPG,D00140,0,0
liquid100_mat5,any_relevance,2week,XGBoost,Config_Hybrid,HPG,D00141,0,0
liquid100_mat5,any_relevance,2week,XGBoost,Config_Hybrid,HPG,D00142,0,0
liquid100_mat5,any_relevance,2week,XGBoost,Config_Hybrid,KDH,D00119,1,1
liquid100_mat5,any_relevance,2week,XGBoost,Config_Hybrid,KDH,D00120,0,1
liquid100_mat5,any_relevance,2week,XGBoost,Config_Hybrid,KDH,D00121,0,1
liquid100_mat5,any_relevance,2week,XGBoost,Config_Hybrid,KDH,D00122,0,0
liquid100_mat5,any_relevance,2week,XGBoost,Config_Hybrid,KDH,D00123,0,0
liquid100_mat5,any_relevance,2week,XGBoost,Config_Hybrid,KDH,D00124,0,1
liquid100_mat5,any_relevance,2week,XGBoost,Config_Hybrid,KDH,D00125,1,1
liquid100_mat5,any_relevance,2week,XGBoost,Config_Hybrid,KDH,D00126,1,1
liquid100_mat5,any_relevance,2week,XGBoost,Config_Hybrid,KDH,D00127,0,0
liquid100_mat5,any_relevance,2week,XGBoost,Config_Hybrid,KDH,D00128,0,0
liquid100_mat5,any_relevance,2week,XGBoost,Config_Hybrid,KDH,D00129,0,1
liquid100_mat5,any_relevance,2week,XGBoost,Config_Hybrid,KDH,D00130,0,0
liquid100_mat5,any_relevance,2week,XGBoost,Config_Hybrid,KDH,D00131,0,0
liquid100_mat5,any_relevance,2week,XGBoost,Config_Hybrid,KDH,D00132,0,0
liquid100_mat5,any_relevance,2week,XGBoost,Config_Hybrid,KDH,D00133,0,1
liquid100_mat5,any_relevance,2week,XGBoost,Config_Hybrid,KDH,D00134,0,0
liquid100_mat5,any_relevance,2week,XGBoost,Config_Hybrid,KDH,D00135,0,0
liquid100_mat5,any_relevance,2week,XGBoost,Config_Hybrid,KDH,D00136,0,0
liquid100_mat5,any_relevance,2week,XGBoost,Config_Hybrid,KDH,D00137,0,1
liquid100_mat5,any_relevance,2week,XGBoost,Config_Hybrid,KDH,D00138,0,0
liquid100_mat5,any_relevance,2week,XGBoost,Config_Hybrid,KDH,D00139,0,0
liquid100_mat5,any_relevance,2week,XGBoost,Config_Hybrid,KDH,D00140,0,0
liquid100_mat5,any_relevance,2week,XGBoost,Config_Hybrid,KDH,D00141,0,0
liquid100_mat5,any_relevance,2week,XGBoost,Config_Hybrid,KDH,D00142,0,0
liquid100_mat5,any_relevance,2week,XGBoost,Config_Hybrid,MBB,D00119,1,1
liquid100_mat5,any_relevance,2week,XGBoost,Config_Hybrid,MBB,D00120,1,1
liquid100_mat5,any_relevance,2week,XGBoost,Config_Hybrid,MBB,D00121,0,1
liquid100_mat5,any_relevance,2week,XGBoost,Config_Hybrid,MBB,D00122,0,0
liquid100_mat5,any_relevance,2week,XGBoost,Config_Hybrid,MBB,D00123,1,1
liquid100_mat5,any_relevance,2week,XGBoost,Config_Hybrid,MBB,D00124,0,0
liquid100_mat5,any_relevance,2week,XGBoost,Config_Hybrid,MBB,D00125,0,0
liquid100_mat5,any_relevance,2week,XGBoost,Config_Hybrid,MBB,D00126,0,0
liquid100_mat5,any_relevance,2week,XGBoost,Config_Hybrid,MBB,D00127,1,0
liquid100_mat5,any_relevance,2week,XGBoost,Config_Hybrid,MBB,D00128,0,1
liquid100_mat5,any_relevance,2week,XGBoost,Config_Hybrid,MBB,D00129,1,1
liquid100_mat5,any_relevance,2week,XGBoost,Config_Hybrid,MBB,D00130,1,1
liquid100_mat5,any_relevance,2week,XGBoost,Config_Hybrid,MBB,D00131,0,0
liquid100_mat5,any_relevance,2week,XGBoost,Config_Hybrid,MBB,D00132,1,0
liquid100_mat5,any_relevance,2week,XGBoost,Config_Hybrid,MBB,D00133,0,0
liquid100_mat5,any_relevance,2week,XGBoost,Config_Hybrid,MBB,D00134,0,0
liquid100_mat5,any_relevance,2week,XGBoost,Config_Hybrid,MBB,D00135,0,0
liquid100_mat5,any_relevance,2week,XGBoost,Config_Hybrid,MBB,D00136,0,0
liquid100_mat5,any_relevance,2week,XGBoost,Config_Hybrid,MBB,D00137,0,0
liquid100_mat5,any_relevance,2week,XGBoost,Config_Hybrid,MBB,D00138,0,0
liquid100_mat5,any_relevance,2week,XGBoost,Config_Hybrid,MBB,D00139,0,1
liquid100_mat5,any_relevance,2week,XGBoost,Config_Hybrid,MBB,D00140,0,0
liquid100_mat5,any_relevance,2week,XGBoost,Config_Hybrid,MBB,D00141,0,0
liquid100_mat5,any_relevance,2week,XGBoost,Config_Hybrid,MBB,D00142,0,0
liquid100_mat5,any_relevance,2week,XGBoost,Config_Hybrid,MSB,D00119,1,1
liquid100_mat5,any_relevance,2week,XGBoost,Config_Hybrid,MSB,D00120,1,1
liquid100_mat5,any_relevance,2week,XGBoost,Config_Hybrid,MSB,D00121,0,1
liquid100_mat5,any_relevance,2week,XGBoost,Config_Hybrid,MSB,D00122,0,0
liquid100_mat5,any_relevance,2week,XGBoost,Config_Hybrid,MSB,D00123,0,1
liquid100_mat5,any_relevance,2week,XGBoost,Config_Hybrid,MSB,D00124,0,0
liquid100_mat5,any_relevance,2week,XGBoost,Config_Hybrid,MSB,D00125,0,0
liquid100_mat5,any_relevance,2week,XGBoost,Config_Hybrid,MSB,D00126,0,0
liquid100_mat5,any_relevance,2week,XGBoost,Config_Hybrid,MSB,D00127,1,1
liquid100_mat5,any_relevance,2week,XGBoost,Config_Hybrid,MSB,D00128,0,0
liquid100_mat5,any_relevance,2week,XGBoost,Config_Hybrid,MSB,D00129,0,0
liquid100_mat5,any_relevance,2week,XGBoost,Config_Hybrid,MSB,D00130,0,1
liquid100_mat5,any_relevance,2week,XGBoost,Config_Hybrid,MSB,D00131,0,0
liquid100_mat5,any_relevance,2week,XGBoost,Config_Hybrid,MSB,D00132,0,0
liquid100_mat5,any_relevance,2week,XGBoost,Config_Hybrid,MSB,D00133,0,0
liquid100_mat5,any_relevance,2week,XGBoost,Config_Hybrid,MSB,D00134,0,0
liquid100_mat5,any_relevance,2week,XGBoost,Config_Hybrid,MSB,D00135,0,1
liquid100_mat5,any_relevance,2week,XGBoost,Config_Hybrid,MSB,D00136,1,0
liquid100_mat5,any_relevance,2week,XGBoost,Config_Hybrid,MSB,D00137,1,1
liquid100_mat5,any_relevance,2week,XGBoost,Config_Hybrid,MSB,D00138,1,0
liquid100_mat5,any_relevance,2week,XGBoost,Config_Hybrid,MSB,D00139,1,1
liquid100_mat5,any_relevance,2week,XGBoost,Config_Hybrid,MSB,D00140,0,1
liquid100_mat5,any_relevance,2week,XGBoost,Config_Hybrid,MSB,D00141,1,1
liquid100_mat5,any_relevance,2week,XGBoost,Config_Hybrid,MSB,D00142,1,0
liquid100_mat5,any_relevance,2week,XGBoost,Config_Hybrid,MSN,D00119,1,0
liquid100_mat5,any_relevance,2week,XGBoost,Config_Hybrid,MSN,D00120,0,1
liquid100_mat5,any_relevance,2week,XGBoost,Config_Hybrid,MSN,D00121,0,1
liquid100_mat5,any_relevance,2week,XGBoost,Config_Hybrid,MSN,D00122,0,1
liquid100_mat5,any_relevance,2week,XGBoost,Config_Hybrid,MSN,D00123,0,0
liquid100_mat5,any_relevance,2week,XGBoost,Config_Hybrid,MSN,D00124,0,1
liquid100_mat5,any_relevance,2week,XGBoost,Config_Hybrid,MSN,D00125,0,0
liquid100_mat5,any_relevance,2week,XGBoost,Config_Hybrid,MSN,D00126,0,0
liquid100_mat5,any_relevance,2week,XGBoost,Config_Hybrid,MSN,D00127,0,0
liquid100_mat5,any_relevance,2week,XGBoost,Config_Hybrid,MSN,D00128,0,0
liquid100_mat5,any_relevance,2week,XGBoost,Config_Hybrid,MSN,D00129,1,0
liquid100_mat5,any_relevance,2week,XGBoost,Config_Hybrid,MSN,D00130,1,0
liquid100_mat5,any_relevance,2week,XGBoost,Config_Hybrid,MSN,D00131,0,0
liquid100_mat5,any_relevance,2week,XGBoost,Config_Hybrid,MSN,D00132,0,0
liquid100_mat5,any_relevance,2week,XGBoost,Config_Hybrid,MSN,D00133,0,0
liquid100_mat5,any_relevance,2week,XGBoost,Config_Hybrid,MSN,D00134,0,0
liquid100_mat5,any_relevance,2week,XGBoost,Config_Hybrid,MSN,D00135,0,1
liquid100_mat5,any_relevance,2week,XGBoost,Config_Hybrid,MSN,D00136,1,1
liquid100_mat5,any_relevance,2week,XGBoost,Config_Hybrid,MSN,D00137,0,0
liquid100_mat5,any_relevance,2week,XGBoost,Config_Hybrid,MSN,D00138,0,0
liquid100_mat5,any_relevance,2week,XGBoost,Config_Hybrid,MSN,D00139,0,0
liquid100_mat5,any_relevance,2week,XGBoost,Config_Hybrid,MSN,D00140,0,0
liquid100_mat5,any_relevance,2week,XGBoost,Config_Hybrid,MSN,D00141,0,0
liquid100_mat5,any_relevance,2week,XGBoost,Config_Hybrid,MSN,D00142,0,0
liquid100_mat5,any_relevance,2week,XGBoost,Config_Hybrid,NVL,D00119,1,1
liquid100_mat5,any_relevance,2week,XGBoost,Config_Hybrid,NVL,D00120,0,0
liquid100_mat5,any_relevance,2week,XGBoost,Config_Hybrid,NVL,D00121,0,0
liquid100_mat5,any_relevance,2week,XGBoost,Config_Hybrid,NVL,D00122,0,0
liquid100_mat5,any_relevance,2week,XGBoost,Config_Hybrid,NVL,D00123,0,1
liquid100_mat5,any_relevance,2week,XGBoost,Config_Hybrid,NVL,D00124,0,1
liquid100_mat5,any_relevance,2week,XGBoost,Config_Hybrid,NVL,D00125,0,0
liquid100_mat5,any_relevance,2week,XGBoost,Config_Hybrid,NVL,D00126,1,1
liquid100_mat5,any_relevance,2week,XGBoost,Config_Hybrid,NVL,D00127,0,0
liquid100_mat5,any_relevance,2week,XGBoost,Config_Hybrid,NVL,D00128,0,0
liquid100_mat5,any_relevance,2week,XGBoost,Config_Hybrid,NVL,D00129,0,0
liquid100_mat5,any_relevance,2week,XGBoost,Config_Hybrid,NVL,D00130,0,0
liquid100_mat5,any_relevance,2week,XGBoost,Config_Hybrid,NVL,D00131,0,0
liquid100_mat5,any_relevance,2week,XGBoost,Config_Hybrid,NVL,D00132,0,0
liquid100_mat5,any_relevance,2week,XGBoost,Config_Hybrid,NVL,D00133,0,0
liquid100_mat5,any_relevance,2week,XGBoost,Config_Hybrid,NVL,D00134,0,0
liquid100_mat5,any_relevance,2week,XGBoost,Config_Hybrid,NVL,D00135,1,1
liquid100_mat5,any_relevance,2week,XGBoost,Config_Hybrid,NVL,D00136,1,0
liquid100_mat5,any_relevance,2week,XGBoost,Config_Hybrid,NVL,D00137,1,1
liquid100_mat5,any_relevance,2week,XGBoost,Config_Hybrid,NVL,D00138,0,1
liquid100_mat5,any_relevance,2week,XGBoost,Config_Hybrid,NVL,D00139,0,1
liquid100_mat5,any_relevance,2week,XGBoost,Config_Hybrid,NVL,D00140,0,0
liquid100_mat5,any_relevance,2week,XGBoost,Config_Hybrid,NVL,D00141,0,0
liquid100_mat5,any_relevance,2week,XGBoost,Config_Hybrid,NVL,D00142,0,1
liquid100_mat5,any_relevance,2week,XGBoost,Config_Hybrid,PDR,D00119,1,1
liquid100_mat5,any_relevance,2week,XGBoost,Config_Hybrid,PDR,D00120,1,1
liquid100_mat5,any_relevance,2week,XGBoost,Config_Hybrid,PDR,D00121,0,1
liquid100_mat5,any_relevance,2week,XGBoost,Config_Hybrid,PDR,D00122,0,0
liquid100_mat5,any_relevance,2week,XGBoost,Config_Hybrid,PDR,D00123,0,0
liquid100_mat5,any_relevance,2week,XGBoost,Config_Hybrid,PDR,D00124,0,1
liquid100_mat5,any_relevance,2week,XGBoost,Config_Hybrid,PDR,D00125,0,0
liquid100_mat5,any_relevance,2week,XGBoost,Config_Hybrid,PDR,D00126,1,0
liquid100_mat5,any_relevance,2week,XGBoost,Config_Hybrid,PDR,D00127,0,0
liquid100_mat5,any_relevance,2week,XGBoost,Config_Hybrid,PDR,D00128,0,0
liquid100_mat5,any_relevance,2week,XGBoost,Config_Hybrid,PDR,D00129,0,1
liquid100_mat5,any_relevance,2week,XGBoost,Config_Hybrid,PDR,D00130,0,0
liquid100_mat5,any_relevance,2week,XGBoost,Config_Hybrid,PDR,D00131,0,1
liquid100_mat5,any_relevance,2week,XGBoost,Config_Hybrid,PDR,D00132,0,0
liquid100_mat5,any_relevance,2week,XGBoost,Config_Hybrid,PDR,D00133,0,0
liquid100_mat5,any_relevance,2week,XGBoost,Config_Hybrid,PDR,D00134,0,0
liquid100_mat5,any_relevance,2week,XGBoost,Config_Hybrid,PDR,D00135,1,0
liquid100_mat5,any_relevance,2week,XGBoost,Config_Hybrid,PDR,D00136,1,1
liquid100_mat5,any_relevance,2week,XGBoost,Config_Hybrid,PDR,D00137,0,1
liquid100_mat5,any_relevance,2week,XGBoost,Config_Hybrid,PDR,D00138,0,1
liquid100_mat5,any_relevance,2week,XGBoost,Config_Hybrid,PDR,D00139,0,0
liquid100_mat5,any_relevance,2week,XGBoost,Config_Hybrid,PDR,D00140,0,1
liquid100_mat5,any_relevance,2week,XGBoost,Config_Hybrid,PDR,D00141,0,0
liquid100_mat5,any_relevance,2week,XGBoost,Config_Hybrid,PDR,D00142,0,0
liquid100_mat5,any_relevance,2week,XGBoost,Config_Hybrid,PLX,D00119,1,0
liquid100_mat5,any_relevance,2week,XGBoost,Config_Hybrid,PLX,D00120,0,0
liquid100_mat5,any_relevance,2week,XGBoost,Config_Hybrid,PLX,D00121,0,1
liquid100_mat5,any_relevance,2week,XGBoost,Config_Hybrid,PLX,D00122,0,0
liquid100_mat5,any_relevance,2week,XGBoost,Config_Hybrid,PLX,D00123,0,0
liquid100_mat5,any_relevance,2week,XGBoost,Config_Hybrid,PLX,D00124,0,0
liquid100_mat5,any_relevance,2week,XGBoost,Config_Hybrid,PLX,D00125,0,1
liquid100_mat5,any_relevance,2week,XGBoost,Config_Hybrid,PLX,D00126,0,1
liquid100_mat5,any_relevance,2week,XGBoost,Config_Hybrid,PLX,D00127,0,0
liquid100_mat5,any_relevance,2week,XGBoost,Config_Hybrid,PLX,D00128,0,0
liquid100_mat5,any_relevance,2week,XGBoost,Config_Hybrid,PLX,D00129,1,0
liquid100_mat5,any_relevance,2week,XGBoost,Config_Hybrid,PLX,D00130,1,1
liquid100_mat5,any_relevance,2week,XGBoost,Config_Hybrid,PLX,D00131,1,1
liquid100_mat5,any_relevance,2week,XGBoost,Config_Hybrid,PLX,D00132,0,1
liquid100_mat5,any_relevance,2week,XGBoost,Config_Hybrid,PLX,D00133,1,0
liquid100_mat5,any_relevance,2week,XGBoost,Config_Hybrid,PLX,D00134,0,1
liquid100_mat5,any_relevance,2week,XGBoost,Config_Hybrid,PLX,D00135,0,0
liquid100_mat5,any_relevance,2week,XGBoost,Config_Hybrid,PLX,D00136,0,0
liquid100_mat5,any_relevance,2week,XGBoost,Config_Hybrid,PLX,D00137,0,1
liquid100_mat5,any_relevance,2week,XGBoost,Config_Hybrid,PLX,D00138,0,0
liquid100_mat5,any_relevance,2week,XGBoost,Config_Hybrid,PLX,D00139,1,0
liquid100_mat5,any_relevance,2week,XGBoost,Config_Hybrid,PLX,D00140,0,0
liquid100_mat5,any_relevance,2week,XGBoost,Config_Hybrid,PLX,D00141,0,0
liquid100_mat5,any_relevance,2week,XGBoost,Config_Hybrid,PLX,D00142,0,0
liquid100_mat5,any_relevance,2week,XGBoost,Config_Hybrid,PNJ,D00119,0,0
liquid100_mat5,any_relevance,2week,XGBoost,Config_Hybrid,PNJ,D00120,0,0
liquid100_mat5,any_relevance,2week,XGBoost,Config_Hybrid,PNJ,D00121,0,1
liquid100_mat5,any_relevance,2week,XGBoost,Config_Hybrid,PNJ,D00122,0,0
liquid100_mat5,any_relevance,2week,XGBoost,Config_Hybrid,PNJ,D00123,0,0
liquid100_mat5,any_relevance,2week,XGBoost,Config_Hybrid,PNJ,D00124,1,1
liquid100_mat5,any_relevance,2week,XGBoost,Config_Hybrid,PNJ,D00125,0,0
liquid100_mat5,any_relevance,2week,XGBoost,Config_Hybrid,PNJ,D00126,0,0
liquid100_mat5,any_relevance,2week,XGBoost,Config_Hybrid,PNJ,D00127,0,0
liquid100_mat5,any_relevance,2week,XGBoost,Config_Hybrid,PNJ,D00128,1,0
liquid100_mat5,any_relevance,2week,XGBoost,Config_Hybrid,PNJ,D00129,1,0
liquid100_mat5,any_relevance,2week,XGBoost,Config_Hybrid,PNJ,D00130,1,1
liquid100_mat5,any_relevance,2week,XGBoost,Config_Hybrid,PNJ,D00131,1,1
liquid100_mat5,any_relevance,2week,XGBoost,Config_Hybrid,PNJ,D00132,0,0
liquid100_mat5,any_relevance,2week,XGBoost,Config_Hybrid,PNJ,D00133,1,0
liquid100_mat5,any_relevance,2week,XGBoost,Config_Hybrid,PNJ,D00134,0,0
liquid100_mat5,any_relevance,2week,XGBoost,Config_Hybrid,PNJ,D00135,0,0
liquid100_mat5,any_relevance,2week,XGBoost,Config_Hybrid,PNJ,D00136,0,0
liquid100_mat5,any_relevance,2week,XGBoost,Config_Hybrid,PNJ,D00137,0,0
liquid100_mat5,any_relevance,2week,XGBoost,Config_Hybrid,PNJ,D00138,0,0
liquid100_mat5,any_relevance,2week,XGBoost,Config_Hybrid,PNJ,D00139,0,0
liquid100_mat5,any_relevance,2week,XGBoost,Config_Hybrid,PNJ,D00140,0,0
liquid100_mat5,any_relevance,2week,XGBoost,Config_Hybrid,PNJ,D00141,0,0
liquid100_mat5,any_relevance,2week,XGBoost,Config_Hybrid,PNJ,D00142,0,0
liquid100_mat5,any_relevance,2week,XGBoost,Config_Hybrid,POW,D00119,1,0
liquid100_mat5,any_relevance,2week,XGBoost,Config_Hybrid,POW,D00120,1,1
liquid100_mat5,any_relevance,2week,XGBoost,Config_Hybrid,POW,D00121,0,1
liquid100_mat5,any_relevance,2week,XGBoost,Config_Hybrid,POW,D00122,0,0
liquid100_mat5,any_relevance,2week,XGBoost,Config_Hybrid,POW,D00123,0,0
liquid100_mat5,any_relevance,2week,XGBoost,Config_Hybrid,POW,D00124,0,0
liquid100_mat5,any_relevance,2week,XGBoost,Config_Hybrid,POW,D00125,1,1
liquid100_mat5,any_relevance,2week,XGBoost,Config_Hybrid,POW,D00126,1,0
liquid100_mat5,any_relevance,2week,XGBoost,Config_Hybrid,POW,D00127,0,0
liquid100_mat5,any_relevance,2week,XGBoost,Config_Hybrid,POW,D00128,0,0
liquid100_mat5,any_relevance,2week,XGBoost,Config_Hybrid,POW,D00129,1,1
liquid100_mat5,any_relevance,2week,XGBoost,Config_Hybrid,POW,D00130,1,1
liquid100_mat5,any_relevance,2week,XGBoost,Config_Hybrid,POW,D00131,0,1
liquid100_mat5,any_relevance,2week,XGBoost,Config_Hybrid,POW,D00132,0,1
liquid100_mat5,any_relevance,2week,XGBoost,Config_Hybrid,POW,D00133,1,1
liquid100_mat5,any_relevance,2week,XGBoost,Config_Hybrid,POW,D00134,0,1
liquid100_mat5,any_relevance,2week,XGBoost,Config_Hybrid,POW,D00135,0,0
liquid100_mat5,any_relevance,2week,XGBoost,Config_Hybrid,POW,D00136,0,0
liquid100_mat5,any_relevance,2week,XGBoost,Config_Hybrid,POW,D00137,0,1
liquid100_mat5,any_relevance,2week,XGBoost,Config_Hybrid,POW,D00138,1,0
liquid100_mat5,any_relevance,2week,XGBoost,Config_Hybrid,POW,D00139,0,0
liquid100_mat5,any_relevance,2week,XGBoost,Config_Hybrid,POW,D00140,0,0
liquid100_mat5,any_relevance,2week,XGBoost,Config_Hybrid,POW,D00141,1,0
liquid100_mat5,any_relevance,2week,XGBoost,Config_Hybrid,POW,D00142,1,1
liquid100_mat5,any_relevance,2week,XGBoost,Config_Hybrid,PVT,D00119,1,0
liquid100_mat5,any_relevance,2week,XGBoost,Config_Hybrid,PVT,D00120,0,0
liquid100_mat5,any_relevance,2week,XGBoost,Config_Hybrid,PVT,D00121,0,1
liquid100_mat5,any_relevance,2week,XGBoost,Config_Hybrid,PVT,D00122,0,0
liquid100_mat5,any_relevance,2week,XGBoost,Config_Hybrid,PVT,D00123,0,0
liquid100_mat5,any_relevance,2week,XGBoost,Config_Hybrid,PVT,D00124,0,0
liquid100_mat5,any_relevance,2week,XGBoost,Config_Hybrid,PVT,D00125,1,1
liquid100_mat5,any_relevance,2week,XGBoost,Config_Hybrid,PVT,D00126,1,1
liquid100_mat5,any_relevance,2week,XGBoost,Config_Hybrid,PVT,D00127,0,0
liquid100_mat5,any_relevance,2week,XGBoost,Config_Hybrid,PVT,D00128,0,0
liquid100_mat5,any_relevance,2week,XGBoost,Config_Hybrid,PVT,D00129,1,1
liquid100_mat5,any_relevance,2week,XGBoost,Config_Hybrid,PVT,D00130,1,1
liquid100_mat5,any_relevance,2week,XGBoost,Config_Hybrid,PVT,D00131,1,0
liquid100_mat5,any_relevance,2week,XGBoost,Config_Hybrid,PVT,D00132,0,0
liquid100_mat5,any_relevance,2week,XGBoost,Config_Hybrid,PVT,D00133,1,0
liquid100_mat5,any_relevance,2week,XGBoost,Config_Hybrid,PVT,D00134,1,1
liquid100_mat5,any_relevance,2week,XGBoost,Config_Hybrid,PVT,D00135,0,0
liquid100_mat5,any_relevance,2week,XGBoost,Config_Hybrid,PVT,D00136,0,0
liquid100_mat5,any_relevance,2week,XGBoost,Config_Hybrid,PVT,D00137,1,0
liquid100_mat5,any_relevance,2week,XGBoost,Config_Hybrid,PVT,D00138,1,0
liquid100_mat5,any_relevance,2week,XGBoost,Config_Hybrid,PVT,D00139,0,1
liquid100_mat5,any_relevance,2week,XGBoost,Config_Hybrid,PVT,D00140,0,0
liquid100_mat5,any_relevance,2week,XGBoost,Config_Hybrid,PVT,D00141,0,0
liquid100_mat5,any_relevance,2week,XGBoost,Config_Hybrid,PVT,D00142,0,0
liquid100_mat5,any_relevance,2week,XGBoost,Config_Hybrid,SHB,D00119,1,1
liquid100_mat5,any_relevance,2week,XGBoost,Config_Hybrid,SHB,D00120,0,1
liquid100_mat5,any_relevance,2week,XGBoost,Config_Hybrid,SHB,D00121,0,1
liquid100_mat5,any_relevance,2week,XGBoost,Config_Hybrid,SHB,D00122,0,0
liquid100_mat5,any_relevance,2week,XGBoost,Config_Hybrid,SHB,D00123,1,0
liquid100_mat5,any_relevance,2week,XGBoost,Config_Hybrid,SHB,D00124,0,0
liquid100_mat5,any_relevance,2week,XGBoost,Config_Hybrid,SHB,D00125,0,1
liquid100_mat5,any_relevance,2week,XGBoost,Config_Hybrid,SHB,D00126,1,1
liquid100_mat5,any_relevance,2week,XGBoost,Config_Hybrid,SHB,D00127,0,0
liquid100_mat5,any_relevance,2week,XGBoost,Config_Hybrid,SHB,D00128,0,0
liquid100_mat5,any_relevance,2week,XGBoost,Config_Hybrid,SHB,D00129,0,1
liquid100_mat5,any_relevance,2week,XGBoost,Config_Hybrid,SHB,D00130,0,1
liquid100_mat5,any_relevance,2week,XGBoost,Config_Hybrid,SHB,D00131,0,0
liquid100_mat5,any_relevance,2week,XGBoost,Config_Hybrid,SHB,D00132,0,0
liquid100_mat5,any_relevance,2week,XGBoost,Config_Hybrid,SHB,D00133,1,0
liquid100_mat5,any_relevance,2week,XGBoost,Config_Hybrid,SHB,D00134,0,0
liquid100_mat5,any_relevance,2week,XGBoost,Config_Hybrid,SHB,D00135,0,0
liquid100_mat5,any_relevance,2week,XGBoost,Config_Hybrid,SHB,D00136,1,0
liquid100_mat5,any_relevance,2week,XGBoost,Config_Hybrid,SHB,D00137,0,1
liquid100_mat5,any_relevance,2week,XGBoost,Config_Hybrid,SHB,D00138,0,0
liquid100_mat5,any_relevance,2week,XGBoost,Config_Hybrid,SHB,D00139,0,0
liquid100_mat5,any_relevance,2week,XGBoost,Config_Hybrid,SHB,D00140,0,0
liquid100_mat5,any_relevance,2week,XGBoost,Config_Hybrid,SHB,D00141,0,0
liquid100_mat5,any_relevance,2week,XGBoost,Config_Hybrid,SHB,D00142,0,0
liquid100_mat5,any_relevance,2week,XGBoost,Config_Hybrid,SSI,D00119,1,0
liquid100_mat5,any_relevance,2week,XGBoost,Config_Hybrid,SSI,D00120,1,0
liquid100_mat5,any_relevance,2week,XGBoost,Config_Hybrid,SSI,D00121,1,1
liquid100_mat5,any_relevance,2week,XGBoost,Config_Hybrid,SSI,D00122,0,0
liquid100_mat5,any_relevance,2week,XGBoost,Config_Hybrid,SSI,D00123,1,0
liquid100_mat5,any_relevance,2week,XGBoost,Config_Hybrid,SSI,D00124,0,1
liquid100_mat5,any_relevance,2week,XGBoost,Config_Hybrid,SSI,D00125,0,0
liquid100_mat5,any_relevance,2week,XGBoost,Config_Hybrid,SSI,D00126,0,0
liquid100_mat5,any_relevance,2week,XGBoost,Config_Hybrid,SSI,D00127,0,0
liquid100_mat5,any_relevance,2week,XGBoost,Config_Hybrid,SSI,D00128,1,0
liquid100_mat5,any_relevance,2week,XGBoost,Config_Hybrid,SSI,D00129,0,0
liquid100_mat5,any_relevance,2week,XGBoost,Config_Hybrid,SSI,D00130,1,0
liquid100_mat5,any_relevance,2week,XGBoost,Config_Hybrid,SSI,D00131,0,0
liquid100_mat5,any_relevance,2week,XGBoost,Config_Hybrid,SSI,D00132,0,0
liquid100_mat5,any_relevance,2week,XGBoost,Config_Hybrid,SSI,D00133,1,0
liquid100_mat5,any_relevance,2week,XGBoost,Config_Hybrid,SSI,D00134,0,1
liquid100_mat5,any_relevance,2week,XGBoost,Config_Hybrid,SSI,D00135,0,0
liquid100_mat5,any_relevance,2week,XGBoost,Config_Hybrid,SSI,D00136,1,1
liquid100_mat5,any_relevance,2week,XGBoost,Config_Hybrid,SSI,D00137,0,1
liquid100_mat5,any_relevance,2week,XGBoost,Config_Hybrid,SSI,D00138,0,0
liquid100_mat5,any_relevance,2week,XGBoost,Config_Hybrid,SSI,D00139,0,0
liquid100_mat5,any_relevance,2week,XGBoost,Config_Hybrid,SSI,D00140,0,0
liquid100_mat5,any_relevance,2week,XGBoost,Config_Hybrid,SSI,D00141,0,0
liquid100_mat5,any_relevance,2week,XGBoost,Config_Hybrid,SSI,D00142,0,0
liquid100_mat5,any_relevance,2week,XGBoost,Config_Hybrid,STB,D00119,1,1
liquid100_mat5,any_relevance,2week,XGBoost,Config_Hybrid,STB,D00120,0,1
liquid100_mat5,any_relevance,2week,XGBoost,Config_Hybrid,STB,D00121,0,1
liquid100_mat5,any_relevance,2week,XGBoost,Config_Hybrid,STB,D00122,1,1
liquid100_mat5,any_relevance,2week,XGBoost,Config_Hybrid,STB,D00123,1,1
liquid100_mat5,any_relevance,2week,XGBoost,Config_Hybrid,STB,D00124,0,0
liquid100_mat5,any_relevance,2week,XGBoost,Config_Hybrid,STB,D00125,0,1
liquid100_mat5,any_relevance,2week,XGBoost,Config_Hybrid,STB,D00126,0,0
liquid100_mat5,any_relevance,2week,XGBoost,Config_Hybrid,STB,D00127,0,0
liquid100_mat5,any_relevance,2week,XGBoost,Config_Hybrid,STB,D00128,1,0
liquid100_mat5,any_relevance,2week,XGBoost,Config_Hybrid,STB,D00129,1,1
liquid100_mat5,any_relevance,2week,XGBoost,Config_Hybrid,STB,D00130,0,0
liquid100_mat5,any_relevance,2week,XGBoost,Config_Hybrid,STB,D00131,1,1
liquid100_mat5,any_relevance,2week,XGBoost,Config_Hybrid,STB,D00132,0,0
liquid100_mat5,any_relevance,2week,XGBoost,Config_Hybrid,STB,D00133,1,0
liquid100_mat5,any_relevance,2week,XGBoost,Config_Hybrid,STB,D00134,0,0
liquid100_mat5,any_relevance,2week,XGBoost,Config_Hybrid,STB,D00135,0,1
liquid100_mat5,any_relevance,2week,XGBoost,Config_Hybrid,STB,D00136,1,0
liquid100_mat5,any_relevance,2week,XGBoost,Config_Hybrid,STB,D00137,1,0
liquid100_mat5,any_relevance,2week,XGBoost,Config_Hybrid,STB,D00138,1,0
liquid100_mat5,any_relevance,2week,XGBoost,Config_Hybrid,STB,D00139,0,1
liquid100_mat5,any_relevance,2week,XGBoost,Config_Hybrid,STB,D00140,0,0
liquid100_mat5,any_relevance,2week,XGBoost,Config_Hybrid,STB,D00141,1,1
liquid100_mat5,any_relevance,2week,XGBoost,Config_Hybrid,STB,D00142,1,0
liquid100_mat5,any_relevance,2week,XGBoost,Config_Hybrid,TCB,D00119,1,1
liquid100_mat5,any_relevance,2week,XGBoost,Config_Hybrid,TCB,D00120,0,1
liquid100_mat5,any_relevance,2week,XGBoost,Config_Hybrid,TCB,D00121,0,1
liquid100_mat5,any_relevance,2week,XGBoost,Config_Hybrid,TCB,D00122,0,0
liquid100_mat5,any_relevance,2week,XGBoost,Config_Hybrid,TCB,D00123,1,1
liquid100_mat5,any_relevance,2week,XGBoost,Config_Hybrid,TCB,D00124,0,1
liquid100_mat5,any_relevance,2week,XGBoost,Config_Hybrid,TCB,D00125,0,0
liquid100_mat5,any_relevance,2week,XGBoost,Config_Hybrid,TCB,D00126,0,1
liquid100_mat5,any_relevance,2week,XGBoost,Config_Hybrid,TCB,D00127,0,0
liquid100_mat5,any_relevance,2week,XGBoost,Config_Hybrid,TCB,D00128,0,0
liquid100_mat5,any_relevance,2week,XGBoost,Config_Hybrid,TCB,D00129,1,1
liquid100_mat5,any_relevance,2week,XGBoost,Config_Hybrid,TCB,D00130,1,1
liquid100_mat5,any_relevance,2week,XGBoost,Config_Hybrid,TCB,D00131,0,0
liquid100_mat5,any_relevance,2week,XGBoost,Config_Hybrid,TCB,D00132,0,1
liquid100_mat5,any_relevance,2week,XGBoost,Config_Hybrid,TCB,D00133,0,0
liquid100_mat5,any_relevance,2week,XGBoost,Config_Hybrid,TCB,D00134,0,0
liquid100_mat5,any_relevance,2week,XGBoost,Config_Hybrid,TCB,D00135,0,0
liquid100_mat5,any_relevance,2week,XGBoost,Config_Hybrid,TCB,D00136,1,1
liquid100_mat5,any_relevance,2week,XGBoost,Config_Hybrid,TCB,D00137,1,1
liquid100_mat5,any_relevance,2week,XGBoost,Config_Hybrid,TCB,D00138,0,1
liquid100_mat5,any_relevance,2week,XGBoost,Config_Hybrid,TCB,D00139,0,0
liquid100_mat5,any_relevance,2week,XGBoost,Config_Hybrid,TCB,D00140,0,0
liquid100_mat5,any_relevance,2week,XGBoost,Config_Hybrid,TCB,D00141,0,0
liquid100_mat5,any_relevance,2week,XGBoost,Config_Hybrid,TCB,D00142,1,1
liquid100_mat5,any_relevance,2week,XGBoost,Config_Hybrid,TPB,D00119,1,1
liquid100_mat5,any_relevance,2week,XGBoost,Config_Hybrid,TPB,D00120,1,1
liquid100_mat5,any_relevance,2week,XGBoost,Config_Hybrid,TPB,D00121,0,1
liquid100_mat5,any_relevance,2week,XGBoost,Config_Hybrid,TPB,D00122,0,0
liquid100_mat5,any_relevance,2week,XGBoost,Config_Hybrid,TPB,D00123,1,0
liquid100_mat5,any_relevance,2week,XGBoost,Config_Hybrid,TPB,D00124,0,1
liquid100_mat5,any_relevance,2week,XGBoost,Config_Hybrid,TPB,D00125,0,0
liquid100_mat5,any_relevance,2week,XGBoost,Config_Hybrid,TPB,D00126,1,0
liquid100_mat5,any_relevance,2week,XGBoost,Config_Hybrid,TPB,D00127,0,0
liquid100_mat5,any_relevance,2week,XGBoost,Config_Hybrid,TPB,D00128,0,0
liquid100_mat5,any_relevance,2week,XGBoost,Config_Hybrid,TPB,D00129,0,1
liquid100_mat5,any_relevance,2week,XGBoost,Config_Hybrid,TPB,D00130,1,1
liquid100_mat5,any_relevance,2week,XGBoost,Config_Hybrid,TPB,D00131,0,0
liquid100_mat5,any_relevance,2week,XGBoost,Config_Hybrid,TPB,D00132,0,1
liquid100_mat5,any_relevance,2week,XGBoost,Config_Hybrid,TPB,D00133,1,1
liquid100_mat5,any_relevance,2week,XGBoost,Config_Hybrid,TPB,D00134,0,0
liquid100_mat5,any_relevance,2week,XGBoost,Config_Hybrid,TPB,D00135,0,0
liquid100_mat5,any_relevance,2week,XGBoost,Config_Hybrid,TPB,D00136,0,1
liquid100_mat5,any_relevance,2week,XGBoost,Config_Hybrid,TPB,D00137,0,0
liquid100_mat5,any_relevance,2week,XGBoost,Config_Hybrid,TPB,D00138,0,0
liquid100_mat5,any_relevance,2week,XGBoost,Config_Hybrid,TPB,D00139,0,0
liquid100_mat5,any_relevance,2week,XGBoost,Config_Hybrid,TPB,D00140,0,1
liquid100_mat5,any_relevance,2week,XGBoost,Config_Hybrid,TPB,D00141,1,0
liquid100_mat5,any_relevance,2week,XGBoost,Config_Hybrid,TPB,D00142,0,0
liquid100_mat5,any_relevance,2week,XGBoost,Config_Hybrid,VCB,D00119,1,0
liquid100_mat5,any_relevance,2week,XGBoost,Config_Hybrid,VCB,D00120,1,0
liquid100_mat5,any_relevance,2week,XGBoost,Config_Hybrid,VCB,D00121,0,1
liquid100_mat5,any_relevance,2week,XGBoost,Config_Hybrid,VCB,D00122,0,0
liquid100_mat5,any_relevance,2week,XGBoost,Config_Hybrid,VCB,D00123,1,1
liquid100_mat5,any_relevance,2week,XGBoost,Config_Hybrid,VCB,D00124,0,0
liquid100_mat5,any_relevance,2week,XGBoost,Config_Hybrid,VCB,D00125,0,0
liquid100_mat5,any_relevance,2week,XGBoost,Config_Hybrid,VCB,D00126,0,0
liquid100_mat5,any_relevance,2week,XGBoost,Config_Hybrid,VCB,D00127,0,0
liquid100_mat5,any_relevance,2week,XGBoost,Config_Hybrid,VCB,D00128,0,0
liquid100_mat5,any_relevance,2week,XGBoost,Config_Hybrid,VCB,D00129,1,0
liquid100_mat5,any_relevance,2week,XGBoost,Config_Hybrid,VCB,D00130,1,1
liquid100_mat5,any_relevance,2week,XGBoost,Config_Hybrid,VCB,D00131,0,1
liquid100_mat5,any_relevance,2week,XGBoost,Config_Hybrid,VCB,D00132,0,0
liquid100_mat5,any_relevance,2week,XGBoost,Config_Hybrid,VCB,D00133,0,0
liquid100_mat5,any_relevance,2week,XGBoost,Config_Hybrid,VCB,D00134,0,0
liquid100_mat5,any_relevance,2week,XGBoost,Config_Hybrid,VCB,D00135,0,1
liquid100_mat5,any_relevance,2week,XGBoost,Config_Hybrid,VCB,D00136,0,0
liquid100_mat5,any_relevance,2week,XGBoost,Config_Hybrid,VCB,D00137,0,0
liquid100_mat5,any_relevance,2week,XGBoost,Config_Hybrid,VCB,D00138,0,0
liquid100_mat5,any_relevance,2week,XGBoost,Config_Hybrid,VCB,D00139,1,0
liquid100_mat5,any_relevance,2week,XGBoost,Config_Hybrid,VCB,D00140,0,0
liquid100_mat5,any_relevance,2week,XGBoost,Config_Hybrid,VCB,D00141,0,0
liquid100_mat5,any_relevance,2week,XGBoost,Config_Hybrid,VCB,D00142,0,0
liquid100_mat5,any_relevance,2week,XGBoost,Config_Hybrid,VCG,D00119,1,1
liquid100_mat5,any_relevance,2week,XGBoost,Config_Hybrid,VCG,D00120,0,0
liquid100_mat5,any_relevance,2week,XGBoost,Config_Hybrid,VCG,D00121,1,1
liquid100_mat5,any_relevance,2week,XGBoost,Config_Hybrid,VCG,D00122,1,1
liquid100_mat5,any_relevance,2week,XGBoost,Config_Hybrid,VCG,D00123,0,0
liquid100_mat5,any_relevance,2week,XGBoost,Config_Hybrid,VCG,D00124,0,1
liquid100_mat5,any_relevance,2week,XGBoost,Config_Hybrid,VCG,D00125,0,0
liquid100_mat5,any_relevance,2week,XGBoost,Config_Hybrid,VCG,D00126,0,0
liquid100_mat5,any_relevance,2week,XGBoost,Config_Hybrid,VCG,D00127,0,0
liquid100_mat5,any_relevance,2week,XGBoost,Config_Hybrid,VCG,D00128,0,0
liquid100_mat5,any_relevance,2week,XGBoost,Config_Hybrid,VCG,D00129,0,0
liquid100_mat5,any_relevance,2week,XGBoost,Config_Hybrid,VCG,D00130,0,0
liquid100_mat5,any_relevance,2week,XGBoost,Config_Hybrid,VCG,D00131,0,1
liquid100_mat5,any_relevance,2week,XGBoost,Config_Hybrid,VCG,D00132,0,0
liquid100_mat5,any_relevance,2week,XGBoost,Config_Hybrid,VCG,D00133,1,0
liquid100_mat5,any_relevance,2week,XGBoost,Config_Hybrid,VCG,D00134,1,0
liquid100_mat5,any_relevance,2week,XGBoost,Config_Hybrid,VCG,D00135,0,1
liquid100_mat5,any_relevance,2week,XGBoost,Config_Hybrid,VCG,D00136,0,1
liquid100_mat5,any_relevance,2week,XGBoost,Config_Hybrid,VCG,D00137,0,1
liquid100_mat5,any_relevance,2week,XGBoost,Config_Hybrid,VCG,D00138,0,0
liquid100_mat5,any_relevance,2week,XGBoost,Config_Hybrid,VCG,D00139,0,0
liquid100_mat5,any_relevance,2week,XGBoost,Config_Hybrid,VCG,D00140,0,0
liquid100_mat5,any_relevance,2week,XGBoost,Config_Hybrid,VCG,D00141,0,0
liquid100_mat5,any_relevance,2week,XGBoost,Config_Hybrid,VCG,D00142,1,0
liquid100_mat5,any_relevance,2week,XGBoost,Config_Hybrid,VCI,D00119,1,1
liquid100_mat5,any_relevance,2week,XGBoost,Config_Hybrid,VCI,D00120,0,1
liquid100_mat5,any_relevance,2week,XGBoost,Config_Hybrid,VCI,D00121,0,1
liquid100_mat5,any_relevance,2week,XGBoost,Config_Hybrid,VCI,D00122,0,0
liquid100_mat5,any_relevance,2week,XGBoost,Config_Hybrid,VCI,D00123,0,0
liquid100_mat5,any_relevance,2week,XGBoost,Config_Hybrid,VCI,D00124,0,0
liquid100_mat5,any_relevance,2week,XGBoost,Config_Hybrid,VCI,D00125,0,0
liquid100_mat5,any_relevance,2week,XGBoost,Config_Hybrid,VCI,D00126,0,0
liquid100_mat5,any_relevance,2week,XGBoost,Config_Hybrid,VCI,D00127,0,0
liquid100_mat5,any_relevance,2week,XGBoost,Config_Hybrid,VCI,D00128,0,0
liquid100_mat5,any_relevance,2week,XGBoost,Config_Hybrid,VCI,D00129,0,0
liquid100_mat5,any_relevance,2week,XGBoost,Config_Hybrid,VCI,D00130,1,0
liquid100_mat5,any_relevance,2week,XGBoost,Config_Hybrid,VCI,D00131,1,1
liquid100_mat5,any_relevance,2week,XGBoost,Config_Hybrid,VCI,D00132,0,0
liquid100_mat5,any_relevance,2week,XGBoost,Config_Hybrid,VCI,D00133,1,1
liquid100_mat5,any_relevance,2week,XGBoost,Config_Hybrid,VCI,D00134,0,1
liquid100_mat5,any_relevance,2week,XGBoost,Config_Hybrid,VCI,D00135,0,0
liquid100_mat5,any_relevance,2week,XGBoost,Config_Hybrid,VCI,D00136,1,0
liquid100_mat5,any_relevance,2week,XGBoost,Config_Hybrid,VCI,D00137,0,1
liquid100_mat5,any_relevance,2week,XGBoost,Config_Hybrid,VCI,D00138,0,0
liquid100_mat5,any_relevance,2week,XGBoost,Config_Hybrid,VCI,D00139,0,1
liquid100_mat5,any_relevance,2week,XGBoost,Config_Hybrid,VCI,D00140,0,0
liquid100_mat5,any_relevance,2week,XGBoost,Config_Hybrid,VCI,D00141,0,0
liquid100_mat5,any_relevance,2week,XGBoost,Config_Hybrid,VCI,D00142,0,0
liquid100_mat5,any_relevance,2week,XGBoost,Config_Hybrid,VHM,D00119,0,0
liquid100_mat5,any_relevance,2week,XGBoost,Config_Hybrid,VHM,D00120,1,1
liquid100_mat5,any_relevance,2week,XGBoost,Config_Hybrid,VHM,D00121,0,0
liquid100_mat5,any_relevance,2week,XGBoost,Config_Hybrid,VHM,D00122,0,0
liquid100_mat5,any_relevance,2week,XGBoost,Config_Hybrid,VHM,D00123,1,0
liquid100_mat5,any_relevance,2week,XGBoost,Config_Hybrid,VHM,D00124,0,1
liquid100_mat5,any_relevance,2week,XGBoost,Config_Hybrid,VHM,D00125,0,0
liquid100_mat5,any_relevance,2week,XGBoost,Config_Hybrid,VHM,D00126,1,0
liquid100_mat5,any_relevance,2week,XGBoost,Config_Hybrid,VHM,D00127,1,1
liquid100_mat5,any_relevance,2week,XGBoost,Config_Hybrid,VHM,D00128,0,0
liquid100_mat5,any_relevance,2week,XGBoost,Config_Hybrid,VHM,D00129,1,1
liquid100_mat5,any_relevance,2week,XGBoost,Config_Hybrid,VHM,D00130,0,1
liquid100_mat5,any_relevance,2week,XGBoost,Config_Hybrid,VHM,D00131,0,0
liquid100_mat5,any_relevance,2week,XGBoost,Config_Hybrid,VHM,D00132,0,0
liquid100_mat5,any_relevance,2week,XGBoost,Config_Hybrid,VHM,D00133,0,1
liquid100_mat5,any_relevance,2week,XGBoost,Config_Hybrid,VHM,D00134,0,0
liquid100_mat5,any_relevance,2week,XGBoost,Config_Hybrid,VHM,D00135,1,1
liquid100_mat5,any_relevance,2week,XGBoost,Config_Hybrid,VHM,D00136,1,1
liquid100_mat5,any_relevance,2week,XGBoost,Config_Hybrid,VHM,D00137,1,1
liquid100_mat5,any_relevance,2week,XGBoost,Config_Hybrid,VHM,D00138,1,0
liquid100_mat5,any_relevance,2week,XGBoost,Config_Hybrid,VHM,D00139,0,0
liquid100_mat5,any_relevance,2week,XGBoost,Config_Hybrid,VHM,D00140,0,0
liquid100_mat5,any_relevance,2week,XGBoost,Config_Hybrid,VHM,D00141,0,0
liquid100_mat5,any_relevance,2week,XGBoost,Config_Hybrid,VHM,D00142,1,1
liquid100_mat5,any_relevance,2week,XGBoost,Config_Hybrid,VIB,D00119,1,1
liquid100_mat5,any_relevance,2week,XGBoost,Config_Hybrid,VIB,D00120,1,1
liquid100_mat5,any_relevance,2week,XGBoost,Config_Hybrid,VIB,D00121,0,1
liquid100_mat5,any_relevance,2week,XGBoost,Config_Hybrid,VIB,D00122,0,0
liquid100_mat5,any_relevance,2week,XGBoost,Config_Hybrid,VIB,D00123,0,0
liquid100_mat5,any_relevance,2week,XGBoost,Config_Hybrid,VIB,D00124,0,0
liquid100_mat5,any_relevance,2week,XGBoost,Config_Hybrid,VIB,D00125,0,0
liquid100_mat5,any_relevance,2week,XGBoost,Config_Hybrid,VIB,D00126,0,0
liquid100_mat5,any_relevance,2week,XGBoost,Config_Hybrid,VIB,D00127,0,0
liquid100_mat5,any_relevance,2week,XGBoost,Config_Hybrid,VIB,D00128,0,0
liquid100_mat5,any_relevance,2week,XGBoost,Config_Hybrid,VIB,D00129,0,1
liquid100_mat5,any_relevance,2week,XGBoost,Config_Hybrid,VIB,D00130,1,1
liquid100_mat5,any_relevance,2week,XGBoost,Config_Hybrid,VIB,D00131,0,0
liquid100_mat5,any_relevance,2week,XGBoost,Config_Hybrid,VIB,D00132,0,0
liquid100_mat5,any_relevance,2week,XGBoost,Config_Hybrid,VIB,D00133,0,0
liquid100_mat5,any_relevance,2week,XGBoost,Config_Hybrid,VIB,D00134,0,0
liquid100_mat5,any_relevance,2week,XGBoost,Config_Hybrid,VIB,D00135,0,1
liquid100_mat5,any_relevance,2week,XGBoost,Config_Hybrid,VIB,D00136,0,1
liquid100_mat5,any_relevance,2week,XGBoost,Config_Hybrid,VIB,D00137,0,1
liquid100_mat5,any_relevance,2week,XGBoost,Config_Hybrid,VIB,D00138,0,0
liquid100_mat5,any_relevance,2week,XGBoost,Config_Hybrid,VIB,D00139,0,1
liquid100_mat5,any_relevance,2week,XGBoost,Config_Hybrid,VIB,D00140,0,1
liquid100_mat5,any_relevance,2week,XGBoost,Config_Hybrid,VIB,D00141,0,0
liquid100_mat5,any_relevance,2week,XGBoost,Config_Hybrid,VIB,D00142,0,0
liquid100_mat5,any_relevance,2week,XGBoost,Config_Hybrid,VIC,D00119,1,1
liquid100_mat5,any_relevance,2week,XGBoost,Config_Hybrid,VIC,D00120,1,1
liquid100_mat5,any_relevance,2week,XGBoost,Config_Hybrid,VIC,D00121,1,0
liquid100_mat5,any_relevance,2week,XGBoost,Config_Hybrid,VIC,D00122,1,1
liquid100_mat5,any_relevance,2week,XGBoost,Config_Hybrid,VIC,D00123,1,1
liquid100_mat5,any_relevance,2week,XGBoost,Config_Hybrid,VIC,D00124,1,1
liquid100_mat5,any_relevance,2week,XGBoost,Config_Hybrid,VIC,D00125,0,0
liquid100_mat5,any_relevance,2week,XGBoost,Config_Hybrid,VIC,D00126,1,1
liquid100_mat5,any_relevance,2week,XGBoost,Config_Hybrid,VIC,D00127,1,1
liquid100_mat5,any_relevance,2week,XGBoost,Config_Hybrid,VIC,D00128,1,0
liquid100_mat5,any_relevance,2week,XGBoost,Config_Hybrid,VIC,D00129,1,0
liquid100_mat5,any_relevance,2week,XGBoost,Config_Hybrid,VIC,D00130,0,0
liquid100_mat5,any_relevance,2week,XGBoost,Config_Hybrid,VIC,D00131,0,0
liquid100_mat5,any_relevance,2week,XGBoost,Config_Hybrid,VIC,D00132,1,0
liquid100_mat5,any_relevance,2week,XGBoost,Config_Hybrid,VIC,D00133,1,1
liquid100_mat5,any_relevance,2week,XGBoost,Config_Hybrid,VIC,D00134,0,0
liquid100_mat5,any_relevance,2week,XGBoost,Config_Hybrid,VIC,D00135,0,0
liquid100_mat5,any_relevance,2week,XGBoost,Config_Hybrid,VIC,D00136,1,1
liquid100_mat5,any_relevance,2week,XGBoost,Config_Hybrid,VIC,D00137,1,1
liquid100_mat5,any_relevance,2week,XGBoost,Config_Hybrid,VIC,D00138,1,0
liquid100_mat5,any_relevance,2week,XGBoost,Config_Hybrid,VIC,D00139,0,1
liquid100_mat5,any_relevance,2week,XGBoost,Config_Hybrid,VIC,D00140,0,0
liquid100_mat5,any_relevance,2week,XGBoost,Config_Hybrid,VIC,D00141,1,0
liquid100_mat5,any_relevance,2week,XGBoost,Config_Hybrid,VIC,D00142,1,1
liquid100_mat5,any_relevance,2week,XGBoost,Config_Hybrid,VJC,D00119,1,1
liquid100_mat5,any_relevance,2week,XGBoost,Config_Hybrid,VJC,D00120,1,0
liquid100_mat5,any_relevance,2week,XGBoost,Config_Hybrid,VJC,D00121,0,0
liquid100_mat5,any_relevance,2week,XGBoost,Config_Hybrid,VJC,D00122,0,0
liquid100_mat5,any_relevance,2week,XGBoost,Config_Hybrid,VJC,D00123,1,0
liquid100_mat5,any_relevance,2week,XGBoost,Config_Hybrid,VJC,D00124,1,1
liquid100_mat5,any_relevance,2week,XGBoost,Config_Hybrid,VJC,D00125,0,1
liquid100_mat5,any_relevance,2week,XGBoost,Config_Hybrid,VJC,D00126,1,0
liquid100_mat5,any_relevance,2week,XGBoost,Config_Hybrid,VJC,D00127,1,0
liquid100_mat5,any_relevance,2week,XGBoost,Config_Hybrid,VJC,D00128,0,0
liquid100_mat5,any_relevance,2week,XGBoost,Config_Hybrid,VJC,D00129,1,1
liquid100_mat5,any_relevance,2week,XGBoost,Config_Hybrid,VJC,D00130,0,0
liquid100_mat5,any_relevance,2week,XGBoost,Config_Hybrid,VJC,D00131,0,0
liquid100_mat5,any_relevance,2week,XGBoost,Config_Hybrid,VJC,D00132,0,0
liquid100_mat5,any_relevance,2week,XGBoost,Config_Hybrid,VJC,D00133,1,0
liquid100_mat5,any_relevance,2week,XGBoost,Config_Hybrid,VJC,D00134,0,0
liquid100_mat5,any_relevance,2week,XGBoost,Config_Hybrid,VJC,D00135,0,0
liquid100_mat5,any_relevance,2week,XGBoost,Config_Hybrid,VJC,D00136,1,1
liquid100_mat5,any_relevance,2week,XGBoost,Config_Hybrid,VJC,D00137,1,0
liquid100_mat5,any_relevance,2week,XGBoost,Config_Hybrid,VJC,D00138,0,0
liquid100_mat5,any_relevance,2week,XGBoost,Config_Hybrid,VJC,D00139,0,0
liquid100_mat5,any_relevance,2week,XGBoost,Config_Hybrid,VJC,D00140,1,0
liquid100_mat5,any_relevance,2week,XGBoost,Config_Hybrid,VJC,D00141,1,0
liquid100_mat5,any_relevance,2week,XGBoost,Config_Hybrid,VJC,D00142,0,0
liquid100_mat5,any_relevance,2week,XGBoost,Config_Hybrid,VND,D00119,1,1
liquid100_mat5,any_relevance,2week,XGBoost,Config_Hybrid,VND,D00120,0,0
liquid100_mat5,any_relevance,2week,XGBoost,Config_Hybrid,VND,D00121,0,1
liquid100_mat5,any_relevance,2week,XGBoost,Config_Hybrid,VND,D00122,0,0
liquid100_mat5,any_relevance,2week,XGBoost,Config_Hybrid,VND,D00123,1,0
liquid100_mat5,any_relevance,2week,XGBoost,Config_Hybrid,VND,D00124,0,1
liquid100_mat5,any_relevance,2week,XGBoost,Config_Hybrid,VND,D00125,0,0
liquid100_mat5,any_relevance,2week,XGBoost,Config_Hybrid,VND,D00126,0,1
liquid100_mat5,any_relevance,2week,XGBoost,Config_Hybrid,VND,D00127,0,0
liquid100_mat5,any_relevance,2week,XGBoost,Config_Hybrid,VND,D00128,1,0
liquid100_mat5,any_relevance,2week,XGBoost,Config_Hybrid,VND,D00129,0,1
liquid100_mat5,any_relevance,2week,XGBoost,Config_Hybrid,VND,D00130,1,1
liquid100_mat5,any_relevance,2week,XGBoost,Config_Hybrid,VND,D00131,0,0
liquid100_mat5,any_relevance,2week,XGBoost,Config_Hybrid,VND,D00132,0,0
liquid100_mat5,any_relevance,2week,XGBoost,Config_Hybrid,VND,D00133,1,1
liquid100_mat5,any_relevance,2week,XGBoost,Config_Hybrid,VND,D00134,0,0
liquid100_mat5,any_relevance,2week,XGBoost,Config_Hybrid,VND,D00135,0,0
liquid100_mat5,any_relevance,2week,XGBoost,Config_Hybrid,VND,D00136,1,0
liquid100_mat5,any_relevance,2week,XGBoost,Config_Hybrid,VND,D00137,0,1
liquid100_mat5,any_relevance,2week,XGBoost,Config_Hybrid,VND,D00138,0,0
liquid100_mat5,any_relevance,2week,XGBoost,Config_Hybrid,VND,D00139,1,0
liquid100_mat5,any_relevance,2week,XGBoost,Config_Hybrid,VND,D00140,1,1
liquid100_mat5,any_relevance,2week,XGBoost,Config_Hybrid,VND,D00141,1,0
liquid100_mat5,any_relevance,2week,XGBoost,Config_Hybrid,VND,D00142,0,0
liquid100_mat5,any_relevance,2week,XGBoost,Config_Hybrid,VNM,D00119,0,0
liquid100_mat5,any_relevance,2week,XGBoost,Config_Hybrid,VNM,D00120,0,0
liquid100_mat5,any_relevance,2week,XGBoost,Config_Hybrid,VNM,D00121,1,1
liquid100_mat5,any_relevance,2week,XGBoost,Config_Hybrid,VNM,D00122,0,0
liquid100_mat5,any_relevance,2week,XGBoost,Config_Hybrid,VNM,D00123,1,0
liquid100_mat5,any_relevance,2week,XGBoost,Config_Hybrid,VNM,D00124,0,1
liquid100_mat5,any_relevance,2week,XGBoost,Config_Hybrid,VNM,D00125,1,0
liquid100_mat5,any_relevance,2week,XGBoost,Config_Hybrid,VNM,D00126,1,1
liquid100_mat5,any_relevance,2week,XGBoost,Config_Hybrid,VNM,D00127,1,0
liquid100_mat5,any_relevance,2week,XGBoost,Config_Hybrid,VNM,D00128,0,0
liquid100_mat5,any_relevance,2week,XGBoost,Config_Hybrid,VNM,D00129,0,0
liquid100_mat5,any_relevance,2week,XGBoost,Config_Hybrid,VNM,D00130,1,0
liquid100_mat5,any_relevance,2week,XGBoost,Config_Hybrid,VNM,D00131,1,1
liquid100_mat5,any_relevance,2week,XGBoost,Config_Hybrid,VNM,D00132,0,0
liquid100_mat5,any_relevance,2week,XGBoost,Config_Hybrid,VNM,D00133,0,0
liquid100_mat5,any_relevance,2week,XGBoost,Config_Hybrid,VNM,D00134,0,0
liquid100_mat5,any_relevance,2week,XGBoost,Config_Hybrid,VNM,D00135,0,1
liquid100_mat5,any_relevance,2week,XGBoost,Config_Hybrid,VNM,D00136,0,0
liquid100_mat5,any_relevance,2week,XGBoost,Config_Hybrid,VNM,D00137,0,0
liquid100_mat5,any_relevance,2week,XGBoost,Config_Hybrid,VNM,D00138,0,0
liquid100_mat5,any_relevance,2week,XGBoost,Config_Hybrid,VNM,D00139,0,0
liquid100_mat5,any_relevance,2week,XGBoost,Config_Hybrid,VNM,D00140,0,0
liquid100_mat5,any_relevance,2week,XGBoost,Config_Hybrid,VNM,D00141,0,0
liquid100_mat5,any_relevance,2week,XGBoost,Config_Hybrid,VNM,D00142,0,0
liquid100_mat5,any_relevance,2week,XGBoost,Config_Hybrid,VPB,D00119,1,1
liquid100_mat5,any_relevance,2week,XGBoost,Config_Hybrid,VPB,D00120,1,1
liquid100_mat5,any_relevance,2week,XGBoost,Config_Hybrid,VPB,D00121,0,1
liquid100_mat5,any_relevance,2week,XGBoost,Config_Hybrid,VPB,D00122,0,0
liquid100_mat5,any_relevance,2week,XGBoost,Config_Hybrid,VPB,D00123,1,0
liquid100_mat5,any_relevance,2week,XGBoost,Config_Hybrid,VPB,D00124,0,1
liquid100_mat5,any_relevance,2week,XGBoost,Config_Hybrid,VPB,D00125,0,0
liquid100_mat5,any_relevance,2week,XGBoost,Config_Hybrid,VPB,D00126,0,1
liquid100_mat5,any_relevance,2week,XGBoost,Config_Hybrid,VPB,D00127,1,0
liquid100_mat5,any_relevance,2week,XGBoost,Config_Hybrid,VPB,D00128,0,0
liquid100_mat5,any_relevance,2week,XGBoost,Config_Hybrid,VPB,D00129,0,0
liquid100_mat5,any_relevance,2week,XGBoost,Config_Hybrid,VPB,D00130,1,1
liquid100_mat5,any_relevance,2week,XGBoost,Config_Hybrid,VPB,D00131,0,1
liquid100_mat5,any_relevance,2week,XGBoost,Config_Hybrid,VPB,D00132,0,0
liquid100_mat5,any_relevance,2week,XGBoost,Config_Hybrid,VPB,D00133,1,0
liquid100_mat5,any_relevance,2week,XGBoost,Config_Hybrid,VPB,D00134,0,0
liquid100_mat5,any_relevance,2week,XGBoost,Config_Hybrid,VPB,D00135,0,0
liquid100_mat5,any_relevance,2week,XGBoost,Config_Hybrid,VPB,D00136,1,0
liquid100_mat5,any_relevance,2week,XGBoost,Config_Hybrid,VPB,D00137,1,1
liquid100_mat5,any_relevance,2week,XGBoost,Config_Hybrid,VPB,D00138,0,0
liquid100_mat5,any_relevance,2week,XGBoost,Config_Hybrid,VPB,D00139,0,1
liquid100_mat5,any_relevance,2week,XGBoost,Config_Hybrid,VPB,D00140,0,0
liquid100_mat5,any_relevance,2week,XGBoost,Config_Hybrid,VPB,D00141,0,0
liquid100_mat5,any_relevance,2week,XGBoost,Config_Hybrid,VPB,D00142,0,0
liquid100_mat5,any_relevance,2week,XGBoost,Config_Hybrid,VSC,D00119,1,1
liquid100_mat5,any_relevance,2week,XGBoost,Config_Hybrid,VSC,D00120,0,1
liquid100_mat5,any_relevance,2week,XGBoost,Config_Hybrid,VSC,D00121,0,1
liquid100_mat5,any_relevance,2week,XGBoost,Config_Hybrid,VSC,D00122,0,0
liquid100_mat5,any_relevance,2week,XGBoost,Config_Hybrid,VSC,D00123,0,0
liquid100_mat5,any_relevance,2week,XGBoost,Config_Hybrid,VSC,D00124,0,1
liquid100_mat5,any_relevance,2week,XGBoost,Config_Hybrid,VSC,D00125,0,1
liquid100_mat5,any_relevance,2week,XGBoost,Config_Hybrid,VSC,D00126,1,1
liquid100_mat5,any_relevance,2week,XGBoost,Config_Hybrid,VSC,D00127,0,1
liquid100_mat5,any_relevance,2week,XGBoost,Config_Hybrid,VSC,D00128,0,0
liquid100_mat5,any_relevance,2week,XGBoost,Config_Hybrid,VSC,D00129,0,1
liquid100_mat5,any_relevance,2week,XGBoost,Config_Hybrid,VSC,D00130,1,1
liquid100_mat5,any_relevance,2week,XGBoost,Config_Hybrid,VSC,D00131,0,1
liquid100_mat5,any_relevance,2week,XGBoost,Config_Hybrid,VSC,D00132,1,1
liquid100_mat5,any_relevance,2week,XGBoost,Config_Hybrid,VSC,D00133,1,1
liquid100_mat5,any_relevance,2week,XGBoost,Config_Hybrid,VSC,D00134,0,0
liquid100_mat5,any_relevance,2week,XGBoost,Config_Hybrid,VSC,D00135,0,1
liquid100_mat5,any_relevance,2week,XGBoost,Config_Hybrid,VSC,D00136,1,1
liquid100_mat5,any_relevance,2week,XGBoost,Config_Hybrid,VSC,D00137,0,0
liquid100_mat5,any_relevance,2week,XGBoost,Config_Hybrid,VSC,D00138,0,0
liquid100_mat5,any_relevance,2week,XGBoost,Config_Hybrid,VSC,D00139,0,0
liquid100_mat5,any_relevance,2week,XGBoost,Config_Hybrid,VSC,D00140,0,0
liquid100_mat5,any_relevance,2week,XGBoost,Config_Hybrid,VSC,D00141,0,0
liquid100_mat5,any_relevance,2week,XGBoost,Config_Hybrid,VSC,D00142,0,0
liquid100_mat5,any_relevance,2week,LightGBM,Config_Hybrid,ACB,D00119,1,1
liquid100_mat5,any_relevance,2week,LightGBM,Config_Hybrid,ACB,D00120,1,1
liquid100_mat5,any_relevance,2week,LightGBM,Config_Hybrid,ACB,D00121,0,1
liquid100_mat5,any_relevance,2week,LightGBM,Config_Hybrid,ACB,D00122,0,0
liquid100_mat5,any_relevance,2week,LightGBM,Config_Hybrid,ACB,D00123,1,1
liquid100_mat5,any_relevance,2week,LightGBM,Config_Hybrid,ACB,D00124,0,0
liquid100_mat5,any_relevance,2week,LightGBM,Config_Hybrid,ACB,D00125,0,0
liquid100_mat5,any_relevance,2week,LightGBM,Config_Hybrid,ACB,D00126,0,0
liquid100_mat5,any_relevance,2week,LightGBM,Config_Hybrid,ACB,D00127,0,0
liquid100_mat5,any_relevance,2week,LightGBM,Config_Hybrid,ACB,D00128,0,0
liquid100_mat5,any_relevance,2week,LightGBM,Config_Hybrid,ACB,D00129,0,0
liquid100_mat5,any_relevance,2week,LightGBM,Config_Hybrid,ACB,D00130,1,1
liquid100_mat5,any_relevance,2week,LightGBM,Config_Hybrid,ACB,D00131,0,0
liquid100_mat5,any_relevance,2week,LightGBM,Config_Hybrid,ACB,D00132,0,0
liquid100_mat5,any_relevance,2week,LightGBM,Config_Hybrid,ACB,D00133,1,1
liquid100_mat5,any_relevance,2week,LightGBM,Config_Hybrid,ACB,D00134,0,0
liquid100_mat5,any_relevance,2week,LightGBM,Config_Hybrid,ACB,D00135,0,1
liquid100_mat5,any_relevance,2week,LightGBM,Config_Hybrid,ACB,D00136,0,0
liquid100_mat5,any_relevance,2week,LightGBM,Config_Hybrid,ACB,D00137,0,0
liquid100_mat5,any_relevance,2week,LightGBM,Config_Hybrid,ACB,D00138,0,0
liquid100_mat5,any_relevance,2week,LightGBM,Config_Hybrid,ACB,D00139,1,1
liquid100_mat5,any_relevance,2week,LightGBM,Config_Hybrid,ACB,D00140,1,1
liquid100_mat5,any_relevance,2week,LightGBM,Config_Hybrid,ACB,D00141,0,1
liquid100_mat5,any_relevance,2week,LightGBM,Config_Hybrid,ACB,D00142,0,0
liquid100_mat5,any_relevance,2week,LightGBM,Config_Hybrid,BID,D00119,1,1
liquid100_mat5,any_relevance,2week,LightGBM,Config_Hybrid,BID,D00120,1,1
liquid100_mat5,any_relevance,2week,LightGBM,Config_Hybrid,BID,D00121,0,0
liquid100_mat5,any_relevance,2week,LightGBM,Config_Hybrid,BID,D00122,0,0
liquid100_mat5,any_relevance,2week,LightGBM,Config_Hybrid,BID,D00123,0,0
liquid100_mat5,any_relevance,2week,LightGBM,Config_Hybrid,BID,D00124,0,0
liquid100_mat5,any_relevance,2week,LightGBM,Config_Hybrid,BID,D00125,0,0
liquid100_mat5,any_relevance,2week,LightGBM,Config_Hybrid,BID,D00126,0,0
liquid100_mat5,any_relevance,2week,LightGBM,Config_Hybrid,BID,D00127,0,0
liquid100_mat5,any_relevance,2week,LightGBM,Config_Hybrid,BID,D00128,0,0
liquid100_mat5,any_relevance,2week,LightGBM,Config_Hybrid,BID,D00129,1,1
liquid100_mat5,any_relevance,2week,LightGBM,Config_Hybrid,BID,D00130,1,1
liquid100_mat5,any_relevance,2week,LightGBM,Config_Hybrid,BID,D00131,1,1
liquid100_mat5,any_relevance,2week,LightGBM,Config_Hybrid,BID,D00132,0,0
liquid100_mat5,any_relevance,2week,LightGBM,Config_Hybrid,BID,D00133,0,0
liquid100_mat5,any_relevance,2week,LightGBM,Config_Hybrid,BID,D00134,0,0
liquid100_mat5,any_relevance,2week,LightGBM,Config_Hybrid,BID,D00135,0,0
liquid100_mat5,any_relevance,2week,LightGBM,Config_Hybrid,BID,D00136,0,0
liquid100_mat5,any_relevance,2week,LightGBM,Config_Hybrid,BID,D00137,0,0
liquid100_mat5,any_relevance,2week,LightGBM,Config_Hybrid,BID,D00138,1,0
liquid100_mat5,any_relevance,2week,LightGBM,Config_Hybrid,BID,D00139,1,1
liquid100_mat5,any_relevance,2week,LightGBM,Config_Hybrid,BID,D00140,0,0
liquid100_mat5,any_relevance,2week,LightGBM,Config_Hybrid,BID,D00141,0,0
liquid100_mat5,any_relevance,2week,LightGBM,Config_Hybrid,BID,D00142,0,0
liquid100_mat5,any_relevance,2week,LightGBM,Config_Hybrid,CTG,D00119,1,1
liquid100_mat5,any_relevance,2week,LightGBM,Config_Hybrid,CTG,D00120,1,1
liquid100_mat5,any_relevance,2week,LightGBM,Config_Hybrid,CTG,D00121,0,0
liquid100_mat5,any_relevance,2week,LightGBM,Config_Hybrid,CTG,D00122,0,0
liquid100_mat5,any_relevance,2week,LightGBM,Config_Hybrid,CTG,D00123,1,0
liquid100_mat5,any_relevance,2week,LightGBM,Config_Hybrid,CTG,D00124,0,1
liquid100_mat5,any_relevance,2week,LightGBM,Config_Hybrid,CTG,D00125,0,0
liquid100_mat5,any_relevance,2week,LightGBM,Config_Hybrid,CTG,D00126,0,0
liquid100_mat5,any_relevance,2week,LightGBM,Config_Hybrid,CTG,D00127,1,1
liquid100_mat5,any_relevance,2week,LightGBM,Config_Hybrid,CTG,D00128,0,0
liquid100_mat5,any_relevance,2week,LightGBM,Config_Hybrid,CTG,D00129,1,0
liquid100_mat5,any_relevance,2week,LightGBM,Config_Hybrid,CTG,D00130,1,1
liquid100_mat5,any_relevance,2week,LightGBM,Config_Hybrid,CTG,D00131,0,0
liquid100_mat5,any_relevance,2week,LightGBM,Config_Hybrid,CTG,D00132,0,0
liquid100_mat5,any_relevance,2week,LightGBM,Config_Hybrid,CTG,D00133,0,1
liquid100_mat5,any_relevance,2week,LightGBM,Config_Hybrid,CTG,D00134,0,0
liquid100_mat5,any_relevance,2week,LightGBM,Config_Hybrid,CTG,D00135,0,1
liquid100_mat5,any_relevance,2week,LightGBM,Config_Hybrid,CTG,D00136,0,0
liquid100_mat5,any_relevance,2week,LightGBM,Config_Hybrid,CTG,D00137,0,0
liquid100_mat5,any_relevance,2week,LightGBM,Config_Hybrid,CTG,D00138,0,0
liquid100_mat5,any_relevance,2week,LightGBM,Config_Hybrid,CTG,D00139,0,0
liquid100_mat5,any_relevance,2week,LightGBM,Config_Hybrid,CTG,D00140,0,0
liquid100_mat5,any_relevance,2week,LightGBM,Config_Hybrid,CTG,D00141,0,0
liquid100_mat5,any_relevance,2week,LightGBM,Config_Hybrid,CTG,D00142,0,0
liquid100_mat5,any_relevance,2week,LightGBM,Config_Hybrid,DCM,D00119,1,1
liquid100_mat5,any_relevance,2week,LightGBM,Config_Hybrid,DCM,D00120,0,0
liquid100_mat5,any_relevance,2week,LightGBM,Config_Hybrid,DCM,D00121,0,1
liquid100_mat5,any_relevance,2week,LightGBM,Config_Hybrid,DCM,D00122,0,0
liquid100_mat5,any_relevance,2week,LightGBM,Config_Hybrid,DCM,D00123,0,0
liquid100_mat5,any_relevance,2week,LightGBM,Config_Hybrid,DCM,D00124,0,0
liquid100_mat5,any_relevance,2week,LightGBM,Config_Hybrid,DCM,D00125,0,1
liquid100_mat5,any_relevance,2week,LightGBM,Config_Hybrid,DCM,D00126,0,0
liquid100_mat5,any_relevance,2week,LightGBM,Config_Hybrid,DCM,D00127,0,0
liquid100_mat5,any_relevance,2week,LightGBM,Config_Hybrid,DCM,D00128,0,0
liquid100_mat5,any_relevance,2week,LightGBM,Config_Hybrid,DCM,D00129,1,0
liquid100_mat5,any_relevance,2week,LightGBM,Config_Hybrid,DCM,D00130,1,1
liquid100_mat5,any_relevance,2week,LightGBM,Config_Hybrid,DCM,D00131,1,1
liquid100_mat5,any_relevance,2week,LightGBM,Config_Hybrid,DCM,D00132,1,1
liquid100_mat5,any_relevance,2week,LightGBM,Config_Hybrid,DCM,D00133,1,0
liquid100_mat5,any_relevance,2week,LightGBM,Config_Hybrid,DCM,D00134,1,1
liquid100_mat5,any_relevance,2week,LightGBM,Config_Hybrid,DCM,D00135,0,1
liquid100_mat5,any_relevance,2week,LightGBM,Config_Hybrid,DCM,D00136,0,1
liquid100_mat5,any_relevance,2week,LightGBM,Config_Hybrid,DCM,D00137,0,0
liquid100_mat5,any_relevance,2week,LightGBM,Config_Hybrid,DCM,D00138,0,0
liquid100_mat5,any_relevance,2week,LightGBM,Config_Hybrid,DCM,D00139,0,0
liquid100_mat5,any_relevance,2week,LightGBM,Config_Hybrid,DCM,D00140,0,0
liquid100_mat5,any_relevance,2week,LightGBM,Config_Hybrid,DCM,D00141,0,0
liquid100_mat5,any_relevance,2week,LightGBM,Config_Hybrid,DCM,D00142,0,0
liquid100_mat5,any_relevance,2week,LightGBM,Config_Hybrid,DIG,D00119,1,1
liquid100_mat5,any_relevance,2week,LightGBM,Config_Hybrid,DIG,D00120,0,1
liquid100_mat5,any_relevance,2week,LightGBM,Config_Hybrid,DIG,D00121,1,1
liquid100_mat5,any_relevance,2week,LightGBM,Config_Hybrid,DIG,D00122,0,1
liquid100_mat5,any_relevance,2week,LightGBM,Config_Hybrid,DIG,D00123,0,0
liquid100_mat5,any_relevance,2week,LightGBM,Config_Hybrid,DIG,D00124,0,1
liquid100_mat5,any_relevance,2week,LightGBM,Config_Hybrid,DIG,D00125,0,0
liquid100_mat5,any_relevance,2week,LightGBM,Config_Hybrid,DIG,D00126,1,0
liquid100_mat5,any_relevance,2week,LightGBM,Config_Hybrid,DIG,D00127,0,0
liquid100_mat5,any_relevance,2week,LightGBM,Config_Hybrid,DIG,D00128,0,0
liquid100_mat5,any_relevance,2week,LightGBM,Config_Hybrid,DIG,D00129,0,0
liquid100_mat5,any_relevance,2week,LightGBM,Config_Hybrid,DIG,D00130,0,0
liquid100_mat5,any_relevance,2week,LightGBM,Config_Hybrid,DIG,D00131,0,1
liquid100_mat5,any_relevance,2week,LightGBM,Config_Hybrid,DIG,D00132,0,0
liquid100_mat5,any_relevance,2week,LightGBM,Config_Hybrid,DIG,D00133,0,1
liquid100_mat5,any_relevance,2week,LightGBM,Config_Hybrid,DIG,D00134,0,0
liquid100_mat5,any_relevance,2week,LightGBM,Config_Hybrid,DIG,D00135,1,0
liquid100_mat5,any_relevance,2week,LightGBM,Config_Hybrid,DIG,D00136,1,1
liquid100_mat5,any_relevance,2week,LightGBM,Config_Hybrid,DIG,D00137,0,1
liquid100_mat5,any_relevance,2week,LightGBM,Config_Hybrid,DIG,D00138,1,1
liquid100_mat5,any_relevance,2week,LightGBM,Config_Hybrid,DIG,D00139,0,1
liquid100_mat5,any_relevance,2week,LightGBM,Config_Hybrid,DIG,D00140,0,0
liquid100_mat5,any_relevance,2week,LightGBM,Config_Hybrid,DIG,D00141,0,0
liquid100_mat5,any_relevance,2week,LightGBM,Config_Hybrid,DIG,D00142,0,0
liquid100_mat5,any_relevance,2week,LightGBM,Config_Hybrid,DPM,D00119,1,1
liquid100_mat5,any_relevance,2week,LightGBM,Config_Hybrid,DPM,D00120,0,0
liquid100_mat5,any_relevance,2week,LightGBM,Config_Hybrid,DPM,D00121,0,1
liquid100_mat5,any_relevance,2week,LightGBM,Config_Hybrid,DPM,D00122,0,0
liquid100_mat5,any_relevance,2week,LightGBM,Config_Hybrid,DPM,D00123,0,0
liquid100_mat5,any_relevance,2week,LightGBM,Config_Hybrid,DPM,D00124,0,0
liquid100_mat5,any_relevance,2week,LightGBM,Config_Hybrid,DPM,D00125,0,1
liquid100_mat5,any_relevance,2week,LightGBM,Config_Hybrid,DPM,D00126,0,1
liquid100_mat5,any_relevance,2week,LightGBM,Config_Hybrid,DPM,D00127,0,0
liquid100_mat5,any_relevance,2week,LightGBM,Config_Hybrid,DPM,D00128,0,0
liquid100_mat5,any_relevance,2week,LightGBM,Config_Hybrid,DPM,D00129,1,0
liquid100_mat5,any_relevance,2week,LightGBM,Config_Hybrid,DPM,D00130,1,1
liquid100_mat5,any_relevance,2week,LightGBM,Config_Hybrid,DPM,D00131,0,1
liquid100_mat5,any_relevance,2week,LightGBM,Config_Hybrid,DPM,D00132,1,1
liquid100_mat5,any_relevance,2week,LightGBM,Config_Hybrid,DPM,D00133,1,0
liquid100_mat5,any_relevance,2week,LightGBM,Config_Hybrid,DPM,D00134,1,1
liquid100_mat5,any_relevance,2week,LightGBM,Config_Hybrid,DPM,D00135,0,0
liquid100_mat5,any_relevance,2week,LightGBM,Config_Hybrid,DPM,D00136,0,0
liquid100_mat5,any_relevance,2week,LightGBM,Config_Hybrid,DPM,D00137,0,0
liquid100_mat5,any_relevance,2week,LightGBM,Config_Hybrid,DPM,D00138,0,0
liquid100_mat5,any_relevance,2week,LightGBM,Config_Hybrid,DPM,D00139,0,0
liquid100_mat5,any_relevance,2week,LightGBM,Config_Hybrid,DPM,D00140,0,0
liquid100_mat5,any_relevance,2week,LightGBM,Config_Hybrid,DPM,D00141,0,0
liquid100_mat5,any_relevance,2week,LightGBM,Config_Hybrid,DPM,D00142,0,0
liquid100_mat5,any_relevance,2week,LightGBM,Config_Hybrid,DXG,D00119,1,1
liquid100_mat5,any_relevance,2week,LightGBM,Config_Hybrid,DXG,D00120,1,0
liquid100_mat5,any_relevance,2week,LightGBM,Config_Hybrid,DXG,D00121,1,1
liquid100_mat5,any_relevance,2week,LightGBM,Config_Hybrid,DXG,D00122,0,0
liquid100_mat5,any_relevance,2week,LightGBM,Config_Hybrid,DXG,D00123,0,0
liquid100_mat5,any_relevance,2week,LightGBM,Config_Hybrid,DXG,D00124,0,1
liquid100_mat5,any_relevance,2week,LightGBM,Config_Hybrid,DXG,D00125,0,1
liquid100_mat5,any_relevance,2week,LightGBM,Config_Hybrid,DXG,D00126,0,0
liquid100_mat5,any_relevance,2week,LightGBM,Config_Hybrid,DXG,D00127,0,0
liquid100_mat5,any_relevance,2week,LightGBM,Config_Hybrid,DXG,D00128,0,0
liquid100_mat5,any_relevance,2week,LightGBM,Config_Hybrid,DXG,D00129,0,1
liquid100_mat5,any_relevance,2week,LightGBM,Config_Hybrid,DXG,D00130,0,0
liquid100_mat5,any_relevance,2week,LightGBM,Config_Hybrid,DXG,D00131,0,0
liquid100_mat5,any_relevance,2week,LightGBM,Config_Hybrid,DXG,D00132,0,0
liquid100_mat5,any_relevance,2week,LightGBM,Config_Hybrid,DXG,D00133,0,1
liquid100_mat5,any_relevance,2week,LightGBM,Config_Hybrid,DXG,D00134,0,0
liquid100_mat5,any_relevance,2week,LightGBM,Config_Hybrid,DXG,D00135,1,0
liquid100_mat5,any_relevance,2week,LightGBM,Config_Hybrid,DXG,D00136,1,1
liquid100_mat5,any_relevance,2week,LightGBM,Config_Hybrid,DXG,D00137,0,1
liquid100_mat5,any_relevance,2week,LightGBM,Config_Hybrid,DXG,D00138,1,1
liquid100_mat5,any_relevance,2week,LightGBM,Config_Hybrid,DXG,D00139,0,1
liquid100_mat5,any_relevance,2week,LightGBM,Config_Hybrid,DXG,D00140,0,0
liquid100_mat5,any_relevance,2week,LightGBM,Config_Hybrid,DXG,D00141,0,0
liquid100_mat5,any_relevance,2week,LightGBM,Config_Hybrid,DXG,D00142,0,0
liquid100_mat5,any_relevance,2week,LightGBM,Config_Hybrid,EIB,D00119,1,0
liquid100_mat5,any_relevance,2week,LightGBM,Config_Hybrid,EIB,D00120,0,1
liquid100_mat5,any_relevance,2week,LightGBM,Config_Hybrid,EIB,D00121,0,1
liquid100_mat5,any_relevance,2week,LightGBM,Config_Hybrid,EIB,D00122,0,0
liquid100_mat5,any_relevance,2week,LightGBM,Config_Hybrid,EIB,D00123,1,1
liquid100_mat5,any_relevance,2week,LightGBM,Config_Hybrid,EIB,D00124,0,1
liquid100_mat5,any_relevance,2week,LightGBM,Config_Hybrid,EIB,D00125,0,0
liquid100_mat5,any_relevance,2week,LightGBM,Config_Hybrid,EIB,D00126,1,0
liquid100_mat5,any_relevance,2week,LightGBM,Config_Hybrid,EIB,D00127,0,1
liquid100_mat5,any_relevance,2week,LightGBM,Config_Hybrid,EIB,D00128,0,0
liquid100_mat5,any_relevance,2week,LightGBM,Config_Hybrid,EIB,D00129,0,1
liquid100_mat5,any_relevance,2week,LightGBM,Config_Hybrid,EIB,D00130,1,0
liquid100_mat5,any_relevance,2week,LightGBM,Config_Hybrid,EIB,D00131,0,1
liquid100_mat5,any_relevance,2week,LightGBM,Config_Hybrid,EIB,D00132,0,0
liquid100_mat5,any_relevance,2week,LightGBM,Config_Hybrid,EIB,D00133,1,1
liquid100_mat5,any_relevance,2week,LightGBM,Config_Hybrid,EIB,D00134,0,0
liquid100_mat5,any_relevance,2week,LightGBM,Config_Hybrid,EIB,D00135,1,0
liquid100_mat5,any_relevance,2week,LightGBM,Config_Hybrid,EIB,D00136,0,1
liquid100_mat5,any_relevance,2week,LightGBM,Config_Hybrid,EIB,D00137,0,0
liquid100_mat5,any_relevance,2week,LightGBM,Config_Hybrid,EIB,D00138,0,0
liquid100_mat5,any_relevance,2week,LightGBM,Config_Hybrid,EIB,D00139,0,0
liquid100_mat5,any_relevance,2week,LightGBM,Config_Hybrid,EIB,D00140,0,0
liquid100_mat5,any_relevance,2week,LightGBM,Config_Hybrid,EIB,D00141,0,0
liquid100_mat5,any_relevance,2week,LightGBM,Config_Hybrid,EIB,D00142,0,0
liquid100_mat5,any_relevance,2week,LightGBM,Config_Hybrid,FPT,D00119,0,0
liquid100_mat5,any_relevance,2week,LightGBM,Config_Hybrid,FPT,D00120,0,0
liquid100_mat5,any_relevance,2week,LightGBM,Config_Hybrid,FPT,D00121,0,0
liquid100_mat5,any_relevance,2week,LightGBM,Config_Hybrid,FPT,D00122,0,0
liquid100_mat5,any_relevance,2week,LightGBM,Config_Hybrid,FPT,D00123,0,0
liquid100_mat5,any_relevance,2week,LightGBM,Config_Hybrid,FPT,D00124,1,0
liquid100_mat5,any_relevance,2week,LightGBM,Config_Hybrid,FPT,D00125,1,1
liquid100_mat5,any_relevance,2week,LightGBM,Config_Hybrid,FPT,D00126,0,0
liquid100_mat5,any_relevance,2week,LightGBM,Config_Hybrid,FPT,D00127,0,0
liquid100_mat5,any_relevance,2week,LightGBM,Config_Hybrid,FPT,D00128,0,0
liquid100_mat5,any_relevance,2week,LightGBM,Config_Hybrid,FPT,D00129,0,0
liquid100_mat5,any_relevance,2week,LightGBM,Config_Hybrid,FPT,D00130,1,0
liquid100_mat5,any_relevance,2week,LightGBM,Config_Hybrid,FPT,D00131,0,1
liquid100_mat5,any_relevance,2week,LightGBM,Config_Hybrid,FPT,D00132,0,0
liquid100_mat5,any_relevance,2week,LightGBM,Config_Hybrid,FPT,D00133,0,0
liquid100_mat5,any_relevance,2week,LightGBM,Config_Hybrid,FPT,D00134,0,0
liquid100_mat5,any_relevance,2week,LightGBM,Config_Hybrid,FPT,D00135,0,0
liquid100_mat5,any_relevance,2week,LightGBM,Config_Hybrid,FPT,D00136,0,0
liquid100_mat5,any_relevance,2week,LightGBM,Config_Hybrid,FPT,D00137,0,0
liquid100_mat5,any_relevance,2week,LightGBM,Config_Hybrid,FPT,D00138,0,0
liquid100_mat5,any_relevance,2week,LightGBM,Config_Hybrid,FPT,D00139,1,1
liquid100_mat5,any_relevance,2week,LightGBM,Config_Hybrid,FPT,D00140,0,0
liquid100_mat5,any_relevance,2week,LightGBM,Config_Hybrid,FPT,D00141,0,0
liquid100_mat5,any_relevance,2week,LightGBM,Config_Hybrid,FPT,D00142,0,0
liquid100_mat5,any_relevance,2week,LightGBM,Config_Hybrid,GAS,D00119,1,0
liquid100_mat5,any_relevance,2week,LightGBM,Config_Hybrid,GAS,D00120,0,0
liquid100_mat5,any_relevance,2week,LightGBM,Config_Hybrid,GAS,D00121,0,0
liquid100_mat5,any_relevance,2week,LightGBM,Config_Hybrid,GAS,D00122,0,0
liquid100_mat5,any_relevance,2week,LightGBM,Config_Hybrid,GAS,D00123,0,0
liquid100_mat5,any_relevance,2week,LightGBM,Config_Hybrid,GAS,D00124,0,0
liquid100_mat5,any_relevance,2week,LightGBM,Config_Hybrid,GAS,D00125,1,1
liquid100_mat5,any_relevance,2week,LightGBM,Config_Hybrid,GAS,D00126,0,0
liquid100_mat5,any_relevance,2week,LightGBM,Config_Hybrid,GAS,D00127,1,0
liquid100_mat5,any_relevance,2week,LightGBM,Config_Hybrid,GAS,D00128,0,0
liquid100_mat5,any_relevance,2week,LightGBM,Config_Hybrid,GAS,D00129,1,1
liquid100_mat5,any_relevance,2week,LightGBM,Config_Hybrid,GAS,D00130,1,1
liquid100_mat5,any_relevance,2week,LightGBM,Config_Hybrid,GAS,D00131,1,1
liquid100_mat5,any_relevance,2week,LightGBM,Config_Hybrid,GAS,D00132,0,1
liquid100_mat5,any_relevance,2week,LightGBM,Config_Hybrid,GAS,D00133,1,0
liquid100_mat5,any_relevance,2week,LightGBM,Config_Hybrid,GAS,D00134,0,0
liquid100_mat5,any_relevance,2week,LightGBM,Config_Hybrid,GAS,D00135,0,0
liquid100_mat5,any_relevance,2week,LightGBM,Config_Hybrid,GAS,D00136,0,0
liquid100_mat5,any_relevance,2week,LightGBM,Config_Hybrid,GAS,D00137,0,0
liquid100_mat5,any_relevance,2week,LightGBM,Config_Hybrid,GAS,D00138,0,0
liquid100_mat5,any_relevance,2week,LightGBM,Config_Hybrid,GAS,D00139,1,1
liquid100_mat5,any_relevance,2week,LightGBM,Config_Hybrid,GAS,D00140,0,0
liquid100_mat5,any_relevance,2week,LightGBM,Config_Hybrid,GAS,D00141,0,0
liquid100_mat5,any_relevance,2week,LightGBM,Config_Hybrid,GAS,D00142,0,0
liquid100_mat5,any_relevance,2week,LightGBM,Config_Hybrid,GEX,D00119,0,1
liquid100_mat5,any_relevance,2week,LightGBM,Config_Hybrid,GEX,D00120,0,0
liquid100_mat5,any_relevance,2week,LightGBM,Config_Hybrid,GEX,D00121,0,0
liquid100_mat5,any_relevance,2week,LightGBM,Config_Hybrid,GEX,D00122,0,1
liquid100_mat5,any_relevance,2week,LightGBM,Config_Hybrid,GEX,D00123,1,0
liquid100_mat5,any_relevance,2week,LightGBM,Config_Hybrid,GEX,D00124,0,1
liquid100_mat5,any_relevance,2week,LightGBM,Config_Hybrid,GEX,D00125,0,0
liquid100_mat5,any_relevance,2week,LightGBM,Config_Hybrid,GEX,D00126,1,0
liquid100_mat5,any_relevance,2week,LightGBM,Config_Hybrid,GEX,D00127,0,1
liquid100_mat5,any_relevance,2week,LightGBM,Config_Hybrid,GEX,D00128,0,0
liquid100_mat5,any_relevance,2week,LightGBM,Config_Hybrid,GEX,D00129,0,1
liquid100_mat5,any_relevance,2week,LightGBM,Config_Hybrid,GEX,D00130,0,0
liquid100_mat5,any_relevance,2week,LightGBM,Config_Hybrid,GEX,D00131,0,0
liquid100_mat5,any_relevance,2week,LightGBM,Config_Hybrid,GEX,D00132,0,0
liquid100_mat5,any_relevance,2week,LightGBM,Config_Hybrid,GEX,D00133,1,1
liquid100_mat5,any_relevance,2week,LightGBM,Config_Hybrid,GEX,D00134,0,0
liquid100_mat5,any_relevance,2week,LightGBM,Config_Hybrid,GEX,D00135,1,0
liquid100_mat5,any_relevance,2week,LightGBM,Config_Hybrid,GEX,D00136,1,1
liquid100_mat5,any_relevance,2week,LightGBM,Config_Hybrid,GEX,D00137,0,1
liquid100_mat5,any_relevance,2week,LightGBM,Config_Hybrid,GEX,D00138,1,0
liquid100_mat5,any_relevance,2week,LightGBM,Config_Hybrid,GEX,D00139,1,1
liquid100_mat5,any_relevance,2week,LightGBM,Config_Hybrid,GEX,D00140,0,0
liquid100_mat5,any_relevance,2week,LightGBM,Config_Hybrid,GEX,D00141,0,0
liquid100_mat5,any_relevance,2week,LightGBM,Config_Hybrid,GEX,D00142,0,0
liquid100_mat5,any_relevance,2week,LightGBM,Config_Hybrid,GMD,D00119,1,1
liquid100_mat5,any_relevance,2week,LightGBM,Config_Hybrid,GMD,D00120,1,0
liquid100_mat5,any_relevance,2week,LightGBM,Config_Hybrid,GMD,D00121,1,1
liquid100_mat5,any_relevance,2week,LightGBM,Config_Hybrid,GMD,D00122,0,1
liquid100_mat5,any_relevance,2week,LightGBM,Config_Hybrid,GMD,D00123,0,0
liquid100_mat5,any_relevance,2week,LightGBM,Config_Hybrid,GMD,D00124,0,0
liquid100_mat5,any_relevance,2week,LightGBM,Config_Hybrid,GMD,D00125,0,1
liquid100_mat5,any_relevance,2week,LightGBM,Config_Hybrid,GMD,D00126,0,0
liquid100_mat5,any_relevance,2week,LightGBM,Config_Hybrid,GMD,D00127,0,0
liquid100_mat5,any_relevance,2week,LightGBM,Config_Hybrid,GMD,D00128,0,0
liquid100_mat5,any_relevance,2week,LightGBM,Config_Hybrid,GMD,D00129,1,1
liquid100_mat5,any_relevance,2week,LightGBM,Config_Hybrid,GMD,D00130,1,1
liquid100_mat5,any_relevance,2week,LightGBM,Config_Hybrid,GMD,D00131,1,1
liquid100_mat5,any_relevance,2week,LightGBM,Config_Hybrid,GMD,D00132,1,0
liquid100_mat5,any_relevance,2week,LightGBM,Config_Hybrid,GMD,D00133,1,1
liquid100_mat5,any_relevance,2week,LightGBM,Config_Hybrid,GMD,D00134,0,0
liquid100_mat5,any_relevance,2week,LightGBM,Config_Hybrid,GMD,D00135,0,1
liquid100_mat5,any_relevance,2week,LightGBM,Config_Hybrid,GMD,D00136,0,0
liquid100_mat5,any_relevance,2week,LightGBM,Config_Hybrid,GMD,D00137,1,1
liquid100_mat5,any_relevance,2week,LightGBM,Config_Hybrid,GMD,D00138,1,0
liquid100_mat5,any_relevance,2week,LightGBM,Config_Hybrid,GMD,D00139,0,1
liquid100_mat5,any_relevance,2week,LightGBM,Config_Hybrid,GMD,D00140,0,0
liquid100_mat5,any_relevance,2week,LightGBM,Config_Hybrid,GMD,D00141,1,0
liquid100_mat5,any_relevance,2week,LightGBM,Config_Hybrid,GMD,D00142,0,0
liquid100_mat5,any_relevance,2week,LightGBM,Config_Hybrid,GVR,D00119,1,1
liquid100_mat5,any_relevance,2week,LightGBM,Config_Hybrid,GVR,D00120,0,0
liquid100_mat5,any_relevance,2week,LightGBM,Config_Hybrid,GVR,D00121,0,0
liquid100_mat5,any_relevance,2week,LightGBM,Config_Hybrid,GVR,D00122,0,0
liquid100_mat5,any_relevance,2week,LightGBM,Config_Hybrid,GVR,D00123,0,0
liquid100_mat5,any_relevance,2week,LightGBM,Config_Hybrid,GVR,D00124,0,0
liquid100_mat5,any_relevance,2week,LightGBM,Config_Hybrid,GVR,D00125,1,1
liquid100_mat5,any_relevance,2week,LightGBM,Config_Hybrid,GVR,D00126,0,1
liquid100_mat5,any_relevance,2week,LightGBM,Config_Hybrid,GVR,D00127,0,0
liquid100_mat5,any_relevance,2week,LightGBM,Config_Hybrid,GVR,D00128,0,0
liquid100_mat5,any_relevance,2week,LightGBM,Config_Hybrid,GVR,D00129,1,0
liquid100_mat5,any_relevance,2week,LightGBM,Config_Hybrid,GVR,D00130,1,1
liquid100_mat5,any_relevance,2week,LightGBM,Config_Hybrid,GVR,D00131,1,1
liquid100_mat5,any_relevance,2week,LightGBM,Config_Hybrid,GVR,D00132,0,1
liquid100_mat5,any_relevance,2week,LightGBM,Config_Hybrid,GVR,D00133,1,0
liquid100_mat5,any_relevance,2week,LightGBM,Config_Hybrid,GVR,D00134,0,0
liquid100_mat5,any_relevance,2week,LightGBM,Config_Hybrid,GVR,D00135,0,0
liquid100_mat5,any_relevance,2week,LightGBM,Config_Hybrid,GVR,D00136,1,1
liquid100_mat5,any_relevance,2week,LightGBM,Config_Hybrid,GVR,D00137,0,1
liquid100_mat5,any_relevance,2week,LightGBM,Config_Hybrid,GVR,D00138,1,0
liquid100_mat5,any_relevance,2week,LightGBM,Config_Hybrid,GVR,D00139,0,0
liquid100_mat5,any_relevance,2week,LightGBM,Config_Hybrid,GVR,D00140,0,0
liquid100_mat5,any_relevance,2week,LightGBM,Config_Hybrid,GVR,D00141,0,0
liquid100_mat5,any_relevance,2week,LightGBM,Config_Hybrid,GVR,D00142,0,0
liquid100_mat5,any_relevance,2week,LightGBM,Config_Hybrid,HCM,D00119,1,1
liquid100_mat5,any_relevance,2week,LightGBM,Config_Hybrid,HCM,D00120,0,0
liquid100_mat5,any_relevance,2week,LightGBM,Config_Hybrid,HCM,D00121,0,1
liquid100_mat5,any_relevance,2week,LightGBM,Config_Hybrid,HCM,D00122,0,0
liquid100_mat5,any_relevance,2week,LightGBM,Config_Hybrid,HCM,D00123,1,1
liquid100_mat5,any_relevance,2week,LightGBM,Config_Hybrid,HCM,D00124,0,0
liquid100_mat5,any_relevance,2week,LightGBM,Config_Hybrid,HCM,D00125,0,0
liquid100_mat5,any_relevance,2week,LightGBM,Config_Hybrid,HCM,D00126,0,0
liquid100_mat5,any_relevance,2week,LightGBM,Config_Hybrid,HCM,D00127,0,1
liquid100_mat5,any_relevance,2week,LightGBM,Config_Hybrid,HCM,D00128,0,0
liquid100_mat5,any_relevance,2week,LightGBM,Config_Hybrid,HCM,D00129,0,0
liquid100_mat5,any_relevance,2week,LightGBM,Config_Hybrid,HCM,D00130,1,0
liquid100_mat5,any_relevance,2week,LightGBM,Config_Hybrid,HCM,D00131,0,0
liquid100_mat5,any_relevance,2week,LightGBM,Config_Hybrid,HCM,D00132,0,0
liquid100_mat5,any_relevance,2week,LightGBM,Config_Hybrid,HCM,D00133,1,1
liquid100_mat5,any_relevance,2week,LightGBM,Config_Hybrid,HCM,D00134,0,1
liquid100_mat5,any_relevance,2week,LightGBM,Config_Hybrid,HCM,D00135,0,0
liquid100_mat5,any_relevance,2week,LightGBM,Config_Hybrid,HCM,D00136,1,1
liquid100_mat5,any_relevance,2week,LightGBM,Config_Hybrid,HCM,D00137,1,1
liquid100_mat5,any_relevance,2week,LightGBM,Config_Hybrid,HCM,D00138,1,0
liquid100_mat5,any_relevance,2week,LightGBM,Config_Hybrid,HCM,D00139,1,1
liquid100_mat5,any_relevance,2week,LightGBM,Config_Hybrid,HCM,D00140,0,0
liquid100_mat5,any_relevance,2week,LightGBM,Config_Hybrid,HCM,D00141,0,1
liquid100_mat5,any_relevance,2week,LightGBM,Config_Hybrid,HCM,D00142,0,0
liquid100_mat5,any_relevance,2week,LightGBM,Config_Hybrid,HDB,D00119,1,1
liquid100_mat5,any_relevance,2week,LightGBM,Config_Hybrid,HDB,D00120,1,1
liquid100_mat5,any_relevance,2week,LightGBM,Config_Hybrid,HDB,D00121,0,0
liquid100_mat5,any_relevance,2week,LightGBM,Config_Hybrid,HDB,D00122,0,0
liquid100_mat5,any_relevance,2week,LightGBM,Config_Hybrid,HDB,D00123,1,0
liquid100_mat5,any_relevance,2week,LightGBM,Config_Hybrid,HDB,D00124,0,1
liquid100_mat5,any_relevance,2week,LightGBM,Config_Hybrid,HDB,D00125,0,1
liquid100_mat5,any_relevance,2week,LightGBM,Config_Hybrid,HDB,D00126,1,0
liquid100_mat5,any_relevance,2week,LightGBM,Config_Hybrid,HDB,D00127,1,0
liquid100_mat5,any_relevance,2week,LightGBM,Config_Hybrid,HDB,D00128,1,0
liquid100_mat5,any_relevance,2week,LightGBM,Config_Hybrid,HDB,D00129,1,1
liquid100_mat5,any_relevance,2week,LightGBM,Config_Hybrid,HDB,D00130,0,0
liquid100_mat5,any_relevance,2week,LightGBM,Config_Hybrid,HDB,D00131,0,1
liquid100_mat5,any_relevance,2week,LightGBM,Config_Hybrid,HDB,D00132,0,0
liquid100_mat5,any_relevance,2week,LightGBM,Config_Hybrid,HDB,D00133,0,1
liquid100_mat5,any_relevance,2week,LightGBM,Config_Hybrid,HDB,D00134,0,0
liquid100_mat5,any_relevance,2week,LightGBM,Config_Hybrid,HDB,D00135,0,0
liquid100_mat5,any_relevance,2week,LightGBM,Config_Hybrid,HDB,D00136,1,1
liquid100_mat5,any_relevance,2week,LightGBM,Config_Hybrid,HDB,D00137,1,0
liquid100_mat5,any_relevance,2week,LightGBM,Config_Hybrid,HDB,D00138,0,0
liquid100_mat5,any_relevance,2week,LightGBM,Config_Hybrid,HDB,D00139,0,1
liquid100_mat5,any_relevance,2week,LightGBM,Config_Hybrid,HDB,D00140,0,0
liquid100_mat5,any_relevance,2week,LightGBM,Config_Hybrid,HDB,D00141,0,0
liquid100_mat5,any_relevance,2week,LightGBM,Config_Hybrid,HDB,D00142,0,0
liquid100_mat5,any_relevance,2week,LightGBM,Config_Hybrid,HPG,D00119,1,1
liquid100_mat5,any_relevance,2week,LightGBM,Config_Hybrid,HPG,D00120,0,0
liquid100_mat5,any_relevance,2week,LightGBM,Config_Hybrid,HPG,D00121,1,1
liquid100_mat5,any_relevance,2week,LightGBM,Config_Hybrid,HPG,D00122,0,0
liquid100_mat5,any_relevance,2week,LightGBM,Config_Hybrid,HPG,D00123,0,0
liquid100_mat5,any_relevance,2week,LightGBM,Config_Hybrid,HPG,D00124,0,0
liquid100_mat5,any_relevance,2week,LightGBM,Config_Hybrid,HPG,D00125,0,0
liquid100_mat5,any_relevance,2week,LightGBM,Config_Hybrid,HPG,D00126,1,0
liquid100_mat5,any_relevance,2week,LightGBM,Config_Hybrid,HPG,D00127,0,0
liquid100_mat5,any_relevance,2week,LightGBM,Config_Hybrid,HPG,D00128,0,0
liquid100_mat5,any_relevance,2week,LightGBM,Config_Hybrid,HPG,D00129,0,0
liquid100_mat5,any_relevance,2week,LightGBM,Config_Hybrid,HPG,D00130,1,0
liquid100_mat5,any_relevance,2week,LightGBM,Config_Hybrid,HPG,D00131,0,0
liquid100_mat5,any_relevance,2week,LightGBM,Config_Hybrid,HPG,D00132,0,1
liquid100_mat5,any_relevance,2week,LightGBM,Config_Hybrid,HPG,D00133,1,0
liquid100_mat5,any_relevance,2week,LightGBM,Config_Hybrid,HPG,D00134,0,0
liquid100_mat5,any_relevance,2week,LightGBM,Config_Hybrid,HPG,D00135,0,0
liquid100_mat5,any_relevance,2week,LightGBM,Config_Hybrid,HPG,D00136,1,1
liquid100_mat5,any_relevance,2week,LightGBM,Config_Hybrid,HPG,D00137,0,0
liquid100_mat5,any_relevance,2week,LightGBM,Config_Hybrid,HPG,D00138,0,0
liquid100_mat5,any_relevance,2week,LightGBM,Config_Hybrid,HPG,D00139,0,0
liquid100_mat5,any_relevance,2week,LightGBM,Config_Hybrid,HPG,D00140,0,0
liquid100_mat5,any_relevance,2week,LightGBM,Config_Hybrid,HPG,D00141,0,0
liquid100_mat5,any_relevance,2week,LightGBM,Config_Hybrid,HPG,D00142,0,0
liquid100_mat5,any_relevance,2week,LightGBM,Config_Hybrid,KDH,D00119,1,1
liquid100_mat5,any_relevance,2week,LightGBM,Config_Hybrid,KDH,D00120,0,1
liquid100_mat5,any_relevance,2week,LightGBM,Config_Hybrid,KDH,D00121,0,1
liquid100_mat5,any_relevance,2week,LightGBM,Config_Hybrid,KDH,D00122,0,0
liquid100_mat5,any_relevance,2week,LightGBM,Config_Hybrid,KDH,D00123,0,0
liquid100_mat5,any_relevance,2week,LightGBM,Config_Hybrid,KDH,D00124,0,1
liquid100_mat5,any_relevance,2week,LightGBM,Config_Hybrid,KDH,D00125,1,1
liquid100_mat5,any_relevance,2week,LightGBM,Config_Hybrid,KDH,D00126,1,1
liquid100_mat5,any_relevance,2week,LightGBM,Config_Hybrid,KDH,D00127,0,0
liquid100_mat5,any_relevance,2week,LightGBM,Config_Hybrid,KDH,D00128,0,0
liquid100_mat5,any_relevance,2week,LightGBM,Config_Hybrid,KDH,D00129,0,1
liquid100_mat5,any_relevance,2week,LightGBM,Config_Hybrid,KDH,D00130,0,0
liquid100_mat5,any_relevance,2week,LightGBM,Config_Hybrid,KDH,D00131,0,1
liquid100_mat5,any_relevance,2week,LightGBM,Config_Hybrid,KDH,D00132,0,0
liquid100_mat5,any_relevance,2week,LightGBM,Config_Hybrid,KDH,D00133,0,1
liquid100_mat5,any_relevance,2week,LightGBM,Config_Hybrid,KDH,D00134,0,0
liquid100_mat5,any_relevance,2week,LightGBM,Config_Hybrid,KDH,D00135,0,0
liquid100_mat5,any_relevance,2week,LightGBM,Config_Hybrid,KDH,D00136,0,1
liquid100_mat5,any_relevance,2week,LightGBM,Config_Hybrid,KDH,D00137,0,1
liquid100_mat5,any_relevance,2week,LightGBM,Config_Hybrid,KDH,D00138,0,0
liquid100_mat5,any_relevance,2week,LightGBM,Config_Hybrid,KDH,D00139,0,0
liquid100_mat5,any_relevance,2week,LightGBM,Config_Hybrid,KDH,D00140,0,0
liquid100_mat5,any_relevance,2week,LightGBM,Config_Hybrid,KDH,D00141,0,0
liquid100_mat5,any_relevance,2week,LightGBM,Config_Hybrid,KDH,D00142,0,0
liquid100_mat5,any_relevance,2week,LightGBM,Config_Hybrid,MBB,D00119,1,1
liquid100_mat5,any_relevance,2week,LightGBM,Config_Hybrid,MBB,D00120,1,1
liquid100_mat5,any_relevance,2week,LightGBM,Config_Hybrid,MBB,D00121,0,1
liquid100_mat5,any_relevance,2week,LightGBM,Config_Hybrid,MBB,D00122,0,0
liquid100_mat5,any_relevance,2week,LightGBM,Config_Hybrid,MBB,D00123,1,1
liquid100_mat5,any_relevance,2week,LightGBM,Config_Hybrid,MBB,D00124,0,0
liquid100_mat5,any_relevance,2week,LightGBM,Config_Hybrid,MBB,D00125,0,0
liquid100_mat5,any_relevance,2week,LightGBM,Config_Hybrid,MBB,D00126,0,0
liquid100_mat5,any_relevance,2week,LightGBM,Config_Hybrid,MBB,D00127,1,1
liquid100_mat5,any_relevance,2week,LightGBM,Config_Hybrid,MBB,D00128,0,1
liquid100_mat5,any_relevance,2week,LightGBM,Config_Hybrid,MBB,D00129,1,1
liquid100_mat5,any_relevance,2week,LightGBM,Config_Hybrid,MBB,D00130,1,1
liquid100_mat5,any_relevance,2week,LightGBM,Config_Hybrid,MBB,D00131,0,0
liquid100_mat5,any_relevance,2week,LightGBM,Config_Hybrid,MBB,D00132,1,0
liquid100_mat5,any_relevance,2week,LightGBM,Config_Hybrid,MBB,D00133,0,0
liquid100_mat5,any_relevance,2week,LightGBM,Config_Hybrid,MBB,D00134,0,0
liquid100_mat5,any_relevance,2week,LightGBM,Config_Hybrid,MBB,D00135,0,0
liquid100_mat5,any_relevance,2week,LightGBM,Config_Hybrid,MBB,D00136,0,0
liquid100_mat5,any_relevance,2week,LightGBM,Config_Hybrid,MBB,D00137,0,0
liquid100_mat5,any_relevance,2week,LightGBM,Config_Hybrid,MBB,D00138,0,0
liquid100_mat5,any_relevance,2week,LightGBM,Config_Hybrid,MBB,D00139,0,0
liquid100_mat5,any_relevance,2week,LightGBM,Config_Hybrid,MBB,D00140,0,0
liquid100_mat5,any_relevance,2week,LightGBM,Config_Hybrid,MBB,D00141,0,0
liquid100_mat5,any_relevance,2week,LightGBM,Config_Hybrid,MBB,D00142,0,0
liquid100_mat5,any_relevance,2week,LightGBM,Config_Hybrid,MSB,D00119,1,1
liquid100_mat5,any_relevance,2week,LightGBM,Config_Hybrid,MSB,D00120,1,1
liquid100_mat5,any_relevance,2week,LightGBM,Config_Hybrid,MSB,D00121,0,1
liquid100_mat5,any_relevance,2week,LightGBM,Config_Hybrid,MSB,D00122,0,0
liquid100_mat5,any_relevance,2week,LightGBM,Config_Hybrid,MSB,D00123,0,1
liquid100_mat5,any_relevance,2week,LightGBM,Config_Hybrid,MSB,D00124,0,0
liquid100_mat5,any_relevance,2week,LightGBM,Config_Hybrid,MSB,D00125,0,0
liquid100_mat5,any_relevance,2week,LightGBM,Config_Hybrid,MSB,D00126,0,0
liquid100_mat5,any_relevance,2week,LightGBM,Config_Hybrid,MSB,D00127,1,1
liquid100_mat5,any_relevance,2week,LightGBM,Config_Hybrid,MSB,D00128,0,0
liquid100_mat5,any_relevance,2week,LightGBM,Config_Hybrid,MSB,D00129,0,0
liquid100_mat5,any_relevance,2week,LightGBM,Config_Hybrid,MSB,D00130,0,1
liquid100_mat5,any_relevance,2week,LightGBM,Config_Hybrid,MSB,D00131,0,0
liquid100_mat5,any_relevance,2week,LightGBM,Config_Hybrid,MSB,D00132,0,0
liquid100_mat5,any_relevance,2week,LightGBM,Config_Hybrid,MSB,D00133,0,0
liquid100_mat5,any_relevance,2week,LightGBM,Config_Hybrid,MSB,D00134,0,0
liquid100_mat5,any_relevance,2week,LightGBM,Config_Hybrid,MSB,D00135,0,1
liquid100_mat5,any_relevance,2week,LightGBM,Config_Hybrid,MSB,D00136,1,0
liquid100_mat5,any_relevance,2week,LightGBM,Config_Hybrid,MSB,D00137,1,1
liquid100_mat5,any_relevance,2week,LightGBM,Config_Hybrid,MSB,D00138,1,0
liquid100_mat5,any_relevance,2week,LightGBM,Config_Hybrid,MSB,D00139,1,1
liquid100_mat5,any_relevance,2week,LightGBM,Config_Hybrid,MSB,D00140,0,1
liquid100_mat5,any_relevance,2week,LightGBM,Config_Hybrid,MSB,D00141,1,1
liquid100_mat5,any_relevance,2week,LightGBM,Config_Hybrid,MSB,D00142,1,1
liquid100_mat5,any_relevance,2week,LightGBM,Config_Hybrid,MSN,D00119,1,1
liquid100_mat5,any_relevance,2week,LightGBM,Config_Hybrid,MSN,D00120,0,0
liquid100_mat5,any_relevance,2week,LightGBM,Config_Hybrid,MSN,D00121,0,1
liquid100_mat5,any_relevance,2week,LightGBM,Config_Hybrid,MSN,D00122,0,1
liquid100_mat5,any_relevance,2week,LightGBM,Config_Hybrid,MSN,D00123,0,0
liquid100_mat5,any_relevance,2week,LightGBM,Config_Hybrid,MSN,D00124,0,1
liquid100_mat5,any_relevance,2week,LightGBM,Config_Hybrid,MSN,D00125,0,0
liquid100_mat5,any_relevance,2week,LightGBM,Config_Hybrid,MSN,D00126,0,0
liquid100_mat5,any_relevance,2week,LightGBM,Config_Hybrid,MSN,D00127,0,0
liquid100_mat5,any_relevance,2week,LightGBM,Config_Hybrid,MSN,D00128,0,0
liquid100_mat5,any_relevance,2week,LightGBM,Config_Hybrid,MSN,D00129,1,0
liquid100_mat5,any_relevance,2week,LightGBM,Config_Hybrid,MSN,D00130,1,0
liquid100_mat5,any_relevance,2week,LightGBM,Config_Hybrid,MSN,D00131,0,0
liquid100_mat5,any_relevance,2week,LightGBM,Config_Hybrid,MSN,D00132,0,0
liquid100_mat5,any_relevance,2week,LightGBM,Config_Hybrid,MSN,D00133,0,0
liquid100_mat5,any_relevance,2week,LightGBM,Config_Hybrid,MSN,D00134,0,0
liquid100_mat5,any_relevance,2week,LightGBM,Config_Hybrid,MSN,D00135,0,1
liquid100_mat5,any_relevance,2week,LightGBM,Config_Hybrid,MSN,D00136,1,1
liquid100_mat5,any_relevance,2week,LightGBM,Config_Hybrid,MSN,D00137,0,0
liquid100_mat5,any_relevance,2week,LightGBM,Config_Hybrid,MSN,D00138,0,0
liquid100_mat5,any_relevance,2week,LightGBM,Config_Hybrid,MSN,D00139,0,0
liquid100_mat5,any_relevance,2week,LightGBM,Config_Hybrid,MSN,D00140,0,0
liquid100_mat5,any_relevance,2week,LightGBM,Config_Hybrid,MSN,D00141,0,0
liquid100_mat5,any_relevance,2week,LightGBM,Config_Hybrid,MSN,D00142,0,0
liquid100_mat5,any_relevance,2week,LightGBM,Config_Hybrid,NVL,D00119,1,1
liquid100_mat5,any_relevance,2week,LightGBM,Config_Hybrid,NVL,D00120,0,0
liquid100_mat5,any_relevance,2week,LightGBM,Config_Hybrid,NVL,D00121,0,1
liquid100_mat5,any_relevance,2week,LightGBM,Config_Hybrid,NVL,D00122,0,0
liquid100_mat5,any_relevance,2week,LightGBM,Config_Hybrid,NVL,D00123,0,0
liquid100_mat5,any_relevance,2week,LightGBM,Config_Hybrid,NVL,D00124,0,1
liquid100_mat5,any_relevance,2week,LightGBM,Config_Hybrid,NVL,D00125,0,0
liquid100_mat5,any_relevance,2week,LightGBM,Config_Hybrid,NVL,D00126,1,1
liquid100_mat5,any_relevance,2week,LightGBM,Config_Hybrid,NVL,D00127,0,0
liquid100_mat5,any_relevance,2week,LightGBM,Config_Hybrid,NVL,D00128,0,0
liquid100_mat5,any_relevance,2week,LightGBM,Config_Hybrid,NVL,D00129,0,0
liquid100_mat5,any_relevance,2week,LightGBM,Config_Hybrid,NVL,D00130,0,0
liquid100_mat5,any_relevance,2week,LightGBM,Config_Hybrid,NVL,D00131,0,1
liquid100_mat5,any_relevance,2week,LightGBM,Config_Hybrid,NVL,D00132,0,0
liquid100_mat5,any_relevance,2week,LightGBM,Config_Hybrid,NVL,D00133,0,0
liquid100_mat5,any_relevance,2week,LightGBM,Config_Hybrid,NVL,D00134,0,0
liquid100_mat5,any_relevance,2week,LightGBM,Config_Hybrid,NVL,D00135,1,1
liquid100_mat5,any_relevance,2week,LightGBM,Config_Hybrid,NVL,D00136,1,0
liquid100_mat5,any_relevance,2week,LightGBM,Config_Hybrid,NVL,D00137,1,1
liquid100_mat5,any_relevance,2week,LightGBM,Config_Hybrid,NVL,D00138,0,1
liquid100_mat5,any_relevance,2week,LightGBM,Config_Hybrid,NVL,D00139,0,0
liquid100_mat5,any_relevance,2week,LightGBM,Config_Hybrid,NVL,D00140,0,0
liquid100_mat5,any_relevance,2week,LightGBM,Config_Hybrid,NVL,D00141,0,0
liquid100_mat5,any_relevance,2week,LightGBM,Config_Hybrid,NVL,D00142,0,0
liquid100_mat5,any_relevance,2week,LightGBM,Config_Hybrid,PDR,D00119,1,1
liquid100_mat5,any_relevance,2week,LightGBM,Config_Hybrid,PDR,D00120,1,1
liquid100_mat5,any_relevance,2week,LightGBM,Config_Hybrid,PDR,D00121,0,1
liquid100_mat5,any_relevance,2week,LightGBM,Config_Hybrid,PDR,D00122,0,0
liquid100_mat5,any_relevance,2week,LightGBM,Config_Hybrid,PDR,D00123,0,0
liquid100_mat5,any_relevance,2week,LightGBM,Config_Hybrid,PDR,D00124,0,1
liquid100_mat5,any_relevance,2week,LightGBM,Config_Hybrid,PDR,D00125,0,1
liquid100_mat5,any_relevance,2week,LightGBM,Config_Hybrid,PDR,D00126,1,0
liquid100_mat5,any_relevance,2week,LightGBM,Config_Hybrid,PDR,D00127,0,0
liquid100_mat5,any_relevance,2week,LightGBM,Config_Hybrid,PDR,D00128,0,0
liquid100_mat5,any_relevance,2week,LightGBM,Config_Hybrid,PDR,D00129,0,0
liquid100_mat5,any_relevance,2week,LightGBM,Config_Hybrid,PDR,D00130,0,0
liquid100_mat5,any_relevance,2week,LightGBM,Config_Hybrid,PDR,D00131,0,1
liquid100_mat5,any_relevance,2week,LightGBM,Config_Hybrid,PDR,D00132,0,0
liquid100_mat5,any_relevance,2week,LightGBM,Config_Hybrid,PDR,D00133,0,0
liquid100_mat5,any_relevance,2week,LightGBM,Config_Hybrid,PDR,D00134,0,0
liquid100_mat5,any_relevance,2week,LightGBM,Config_Hybrid,PDR,D00135,1,0
liquid100_mat5,any_relevance,2week,LightGBM,Config_Hybrid,PDR,D00136,1,1
liquid100_mat5,any_relevance,2week,LightGBM,Config_Hybrid,PDR,D00137,0,1
liquid100_mat5,any_relevance,2week,LightGBM,Config_Hybrid,PDR,D00138,0,1
liquid100_mat5,any_relevance,2week,LightGBM,Config_Hybrid,PDR,D00139,0,0
liquid100_mat5,any_relevance,2week,LightGBM,Config_Hybrid,PDR,D00140,0,1
liquid100_mat5,any_relevance,2week,LightGBM,Config_Hybrid,PDR,D00141,0,0
liquid100_mat5,any_relevance,2week,LightGBM,Config_Hybrid,PDR,D00142,0,0
liquid100_mat5,any_relevance,2week,LightGBM,Config_Hybrid,PLX,D00119,1,0
liquid100_mat5,any_relevance,2week,LightGBM,Config_Hybrid,PLX,D00120,0,0
liquid100_mat5,any_relevance,2week,LightGBM,Config_Hybrid,PLX,D00121,0,1
liquid100_mat5,any_relevance,2week,LightGBM,Config_Hybrid,PLX,D00122,0,0
liquid100_mat5,any_relevance,2week,LightGBM,Config_Hybrid,PLX,D00123,0,0
liquid100_mat5,any_relevance,2week,LightGBM,Config_Hybrid,PLX,D00124,0,0
liquid100_mat5,any_relevance,2week,LightGBM,Config_Hybrid,PLX,D00125,0,0
liquid100_mat5,any_relevance,2week,LightGBM,Config_Hybrid,PLX,D00126,0,1
liquid100_mat5,any_relevance,2week,LightGBM,Config_Hybrid,PLX,D00127,0,0
liquid100_mat5,any_relevance,2week,LightGBM,Config_Hybrid,PLX,D00128,0,0
liquid100_mat5,any_relevance,2week,LightGBM,Config_Hybrid,PLX,D00129,1,1
liquid100_mat5,any_relevance,2week,LightGBM,Config_Hybrid,PLX,D00130,1,1
liquid100_mat5,any_relevance,2week,LightGBM,Config_Hybrid,PLX,D00131,1,1
liquid100_mat5,any_relevance,2week,LightGBM,Config_Hybrid,PLX,D00132,0,1
liquid100_mat5,any_relevance,2week,LightGBM,Config_Hybrid,PLX,D00133,1,0
liquid100_mat5,any_relevance,2week,LightGBM,Config_Hybrid,PLX,D00134,0,1
liquid100_mat5,any_relevance,2week,LightGBM,Config_Hybrid,PLX,D00135,0,0
liquid100_mat5,any_relevance,2week,LightGBM,Config_Hybrid,PLX,D00136,0,0
liquid100_mat5,any_relevance,2week,LightGBM,Config_Hybrid,PLX,D00137,0,1
liquid100_mat5,any_relevance,2week,LightGBM,Config_Hybrid,PLX,D00138,0,0
liquid100_mat5,any_relevance,2week,LightGBM,Config_Hybrid,PLX,D00139,1,0
liquid100_mat5,any_relevance,2week,LightGBM,Config_Hybrid,PLX,D00140,0,0
liquid100_mat5,any_relevance,2week,LightGBM,Config_Hybrid,PLX,D00141,0,0
liquid100_mat5,any_relevance,2week,LightGBM,Config_Hybrid,PLX,D00142,0,0
liquid100_mat5,any_relevance,2week,LightGBM,Config_Hybrid,PNJ,D00119,0,1
liquid100_mat5,any_relevance,2week,LightGBM,Config_Hybrid,PNJ,D00120,0,0
liquid100_mat5,any_relevance,2week,LightGBM,Config_Hybrid,PNJ,D00121,0,1
liquid100_mat5,any_relevance,2week,LightGBM,Config_Hybrid,PNJ,D00122,0,0
liquid100_mat5,any_relevance,2week,LightGBM,Config_Hybrid,PNJ,D00123,0,0
liquid100_mat5,any_relevance,2week,LightGBM,Config_Hybrid,PNJ,D00124,1,1
liquid100_mat5,any_relevance,2week,LightGBM,Config_Hybrid,PNJ,D00125,0,0
liquid100_mat5,any_relevance,2week,LightGBM,Config_Hybrid,PNJ,D00126,0,0
liquid100_mat5,any_relevance,2week,LightGBM,Config_Hybrid,PNJ,D00127,0,0
liquid100_mat5,any_relevance,2week,LightGBM,Config_Hybrid,PNJ,D00128,1,0
liquid100_mat5,any_relevance,2week,LightGBM,Config_Hybrid,PNJ,D00129,1,1
liquid100_mat5,any_relevance,2week,LightGBM,Config_Hybrid,PNJ,D00130,1,1
liquid100_mat5,any_relevance,2week,LightGBM,Config_Hybrid,PNJ,D00131,1,1
liquid100_mat5,any_relevance,2week,LightGBM,Config_Hybrid,PNJ,D00132,0,0
liquid100_mat5,any_relevance,2week,LightGBM,Config_Hybrid,PNJ,D00133,1,1
liquid100_mat5,any_relevance,2week,LightGBM,Config_Hybrid,PNJ,D00134,0,0
liquid100_mat5,any_relevance,2week,LightGBM,Config_Hybrid,PNJ,D00135,0,1
liquid100_mat5,any_relevance,2week,LightGBM,Config_Hybrid,PNJ,D00136,0,0
liquid100_mat5,any_relevance,2week,LightGBM,Config_Hybrid,PNJ,D00137,0,0
liquid100_mat5,any_relevance,2week,LightGBM,Config_Hybrid,PNJ,D00138,0,0
liquid100_mat5,any_relevance,2week,LightGBM,Config_Hybrid,PNJ,D00139,0,0
liquid100_mat5,any_relevance,2week,LightGBM,Config_Hybrid,PNJ,D00140,0,0
liquid100_mat5,any_relevance,2week,LightGBM,Config_Hybrid,PNJ,D00141,0,0
liquid100_mat5,any_relevance,2week,LightGBM,Config_Hybrid,PNJ,D00142,0,0
liquid100_mat5,any_relevance,2week,LightGBM,Config_Hybrid,POW,D00119,1,1
liquid100_mat5,any_relevance,2week,LightGBM,Config_Hybrid,POW,D00120,1,0
liquid100_mat5,any_relevance,2week,LightGBM,Config_Hybrid,POW,D00121,0,1
liquid100_mat5,any_relevance,2week,LightGBM,Config_Hybrid,POW,D00122,0,0
liquid100_mat5,any_relevance,2week,LightGBM,Config_Hybrid,POW,D00123,0,0
liquid100_mat5,any_relevance,2week,LightGBM,Config_Hybrid,POW,D00124,0,0
liquid100_mat5,any_relevance,2week,LightGBM,Config_Hybrid,POW,D00125,1,1
liquid100_mat5,any_relevance,2week,LightGBM,Config_Hybrid,POW,D00126,1,0
liquid100_mat5,any_relevance,2week,LightGBM,Config_Hybrid,POW,D00127,0,0
liquid100_mat5,any_relevance,2week,LightGBM,Config_Hybrid,POW,D00128,0,0
liquid100_mat5,any_relevance,2week,LightGBM,Config_Hybrid,POW,D00129,1,1
liquid100_mat5,any_relevance,2week,LightGBM,Config_Hybrid,POW,D00130,1,1
liquid100_mat5,any_relevance,2week,LightGBM,Config_Hybrid,POW,D00131,0,1
liquid100_mat5,any_relevance,2week,LightGBM,Config_Hybrid,POW,D00132,0,1
liquid100_mat5,any_relevance,2week,LightGBM,Config_Hybrid,POW,D00133,1,0
liquid100_mat5,any_relevance,2week,LightGBM,Config_Hybrid,POW,D00134,0,1
liquid100_mat5,any_relevance,2week,LightGBM,Config_Hybrid,POW,D00135,0,0
liquid100_mat5,any_relevance,2week,LightGBM,Config_Hybrid,POW,D00136,0,0
liquid100_mat5,any_relevance,2week,LightGBM,Config_Hybrid,POW,D00137,0,1
liquid100_mat5,any_relevance,2week,LightGBM,Config_Hybrid,POW,D00138,1,0
liquid100_mat5,any_relevance,2week,LightGBM,Config_Hybrid,POW,D00139,0,0
liquid100_mat5,any_relevance,2week,LightGBM,Config_Hybrid,POW,D00140,0,0
liquid100_mat5,any_relevance,2week,LightGBM,Config_Hybrid,POW,D00141,1,1
liquid100_mat5,any_relevance,2week,LightGBM,Config_Hybrid,POW,D00142,1,0
liquid100_mat5,any_relevance,2week,LightGBM,Config_Hybrid,PVT,D00119,1,0
liquid100_mat5,any_relevance,2week,LightGBM,Config_Hybrid,PVT,D00120,0,0
liquid100_mat5,any_relevance,2week,LightGBM,Config_Hybrid,PVT,D00121,0,1
liquid100_mat5,any_relevance,2week,LightGBM,Config_Hybrid,PVT,D00122,0,0
liquid100_mat5,any_relevance,2week,LightGBM,Config_Hybrid,PVT,D00123,0,0
liquid100_mat5,any_relevance,2week,LightGBM,Config_Hybrid,PVT,D00124,0,0
liquid100_mat5,any_relevance,2week,LightGBM,Config_Hybrid,PVT,D00125,1,0
liquid100_mat5,any_relevance,2week,LightGBM,Config_Hybrid,PVT,D00126,1,1
liquid100_mat5,any_relevance,2week,LightGBM,Config_Hybrid,PVT,D00127,0,0
liquid100_mat5,any_relevance,2week,LightGBM,Config_Hybrid,PVT,D00128,0,0
liquid100_mat5,any_relevance,2week,LightGBM,Config_Hybrid,PVT,D00129,1,1
liquid100_mat5,any_relevance,2week,LightGBM,Config_Hybrid,PVT,D00130,1,1
liquid100_mat5,any_relevance,2week,LightGBM,Config_Hybrid,PVT,D00131,1,0
liquid100_mat5,any_relevance,2week,LightGBM,Config_Hybrid,PVT,D00132,0,1
liquid100_mat5,any_relevance,2week,LightGBM,Config_Hybrid,PVT,D00133,1,0
liquid100_mat5,any_relevance,2week,LightGBM,Config_Hybrid,PVT,D00134,1,1
liquid100_mat5,any_relevance,2week,LightGBM,Config_Hybrid,PVT,D00135,0,0
liquid100_mat5,any_relevance,2week,LightGBM,Config_Hybrid,PVT,D00136,0,0
liquid100_mat5,any_relevance,2week,LightGBM,Config_Hybrid,PVT,D00137,1,0
liquid100_mat5,any_relevance,2week,LightGBM,Config_Hybrid,PVT,D00138,1,0
liquid100_mat5,any_relevance,2week,LightGBM,Config_Hybrid,PVT,D00139,0,1
liquid100_mat5,any_relevance,2week,LightGBM,Config_Hybrid,PVT,D00140,0,0
liquid100_mat5,any_relevance,2week,LightGBM,Config_Hybrid,PVT,D00141,0,0
liquid100_mat5,any_relevance,2week,LightGBM,Config_Hybrid,PVT,D00142,0,0
liquid100_mat5,any_relevance,2week,LightGBM,Config_Hybrid,SHB,D00119,1,1
liquid100_mat5,any_relevance,2week,LightGBM,Config_Hybrid,SHB,D00120,0,1
liquid100_mat5,any_relevance,2week,LightGBM,Config_Hybrid,SHB,D00121,0,1
liquid100_mat5,any_relevance,2week,LightGBM,Config_Hybrid,SHB,D00122,0,0
liquid100_mat5,any_relevance,2week,LightGBM,Config_Hybrid,SHB,D00123,1,0
liquid100_mat5,any_relevance,2week,LightGBM,Config_Hybrid,SHB,D00124,0,1
liquid100_mat5,any_relevance,2week,LightGBM,Config_Hybrid,SHB,D00125,0,0
liquid100_mat5,any_relevance,2week,LightGBM,Config_Hybrid,SHB,D00126,1,1
liquid100_mat5,any_relevance,2week,LightGBM,Config_Hybrid,SHB,D00127,0,0
liquid100_mat5,any_relevance,2week,LightGBM,Config_Hybrid,SHB,D00128,0,0
liquid100_mat5,any_relevance,2week,LightGBM,Config_Hybrid,SHB,D00129,0,0
liquid100_mat5,any_relevance,2week,LightGBM,Config_Hybrid,SHB,D00130,0,1
liquid100_mat5,any_relevance,2week,LightGBM,Config_Hybrid,SHB,D00131,0,0
liquid100_mat5,any_relevance,2week,LightGBM,Config_Hybrid,SHB,D00132,0,0
liquid100_mat5,any_relevance,2week,LightGBM,Config_Hybrid,SHB,D00133,1,0
liquid100_mat5,any_relevance,2week,LightGBM,Config_Hybrid,SHB,D00134,0,0
liquid100_mat5,any_relevance,2week,LightGBM,Config_Hybrid,SHB,D00135,0,0
liquid100_mat5,any_relevance,2week,LightGBM,Config_Hybrid,SHB,D00136,1,0
liquid100_mat5,any_relevance,2week,LightGBM,Config_Hybrid,SHB,D00137,0,1
liquid100_mat5,any_relevance,2week,LightGBM,Config_Hybrid,SHB,D00138,0,0
liquid100_mat5,any_relevance,2week,LightGBM,Config_Hybrid,SHB,D00139,0,0
liquid100_mat5,any_relevance,2week,LightGBM,Config_Hybrid,SHB,D00140,0,0
liquid100_mat5,any_relevance,2week,LightGBM,Config_Hybrid,SHB,D00141,0,0
liquid100_mat5,any_relevance,2week,LightGBM,Config_Hybrid,SHB,D00142,0,0
liquid100_mat5,any_relevance,2week,LightGBM,Config_Hybrid,SSI,D00119,1,1
liquid100_mat5,any_relevance,2week,LightGBM,Config_Hybrid,SSI,D00120,1,0
liquid100_mat5,any_relevance,2week,LightGBM,Config_Hybrid,SSI,D00121,1,1
liquid100_mat5,any_relevance,2week,LightGBM,Config_Hybrid,SSI,D00122,0,0
liquid100_mat5,any_relevance,2week,LightGBM,Config_Hybrid,SSI,D00123,1,0
liquid100_mat5,any_relevance,2week,LightGBM,Config_Hybrid,SSI,D00124,0,1
liquid100_mat5,any_relevance,2week,LightGBM,Config_Hybrid,SSI,D00125,0,0
liquid100_mat5,any_relevance,2week,LightGBM,Config_Hybrid,SSI,D00126,0,0
liquid100_mat5,any_relevance,2week,LightGBM,Config_Hybrid,SSI,D00127,0,0
liquid100_mat5,any_relevance,2week,LightGBM,Config_Hybrid,SSI,D00128,1,0
liquid100_mat5,any_relevance,2week,LightGBM,Config_Hybrid,SSI,D00129,0,0
liquid100_mat5,any_relevance,2week,LightGBM,Config_Hybrid,SSI,D00130,1,1
liquid100_mat5,any_relevance,2week,LightGBM,Config_Hybrid,SSI,D00131,0,0
liquid100_mat5,any_relevance,2week,LightGBM,Config_Hybrid,SSI,D00132,0,0
liquid100_mat5,any_relevance,2week,LightGBM,Config_Hybrid,SSI,D00133,1,1
liquid100_mat5,any_relevance,2week,LightGBM,Config_Hybrid,SSI,D00134,0,1
liquid100_mat5,any_relevance,2week,LightGBM,Config_Hybrid,SSI,D00135,0,0
liquid100_mat5,any_relevance,2week,LightGBM,Config_Hybrid,SSI,D00136,1,1
liquid100_mat5,any_relevance,2week,LightGBM,Config_Hybrid,SSI,D00137,0,1
liquid100_mat5,any_relevance,2week,LightGBM,Config_Hybrid,SSI,D00138,0,0
liquid100_mat5,any_relevance,2week,LightGBM,Config_Hybrid,SSI,D00139,0,0
liquid100_mat5,any_relevance,2week,LightGBM,Config_Hybrid,SSI,D00140,0,0
liquid100_mat5,any_relevance,2week,LightGBM,Config_Hybrid,SSI,D00141,0,0
liquid100_mat5,any_relevance,2week,LightGBM,Config_Hybrid,SSI,D00142,0,0
liquid100_mat5,any_relevance,2week,LightGBM,Config_Hybrid,STB,D00119,1,1
liquid100_mat5,any_relevance,2week,LightGBM,Config_Hybrid,STB,D00120,0,1
liquid100_mat5,any_relevance,2week,LightGBM,Config_Hybrid,STB,D00121,0,1
liquid100_mat5,any_relevance,2week,LightGBM,Config_Hybrid,STB,D00122,1,1
liquid100_mat5,any_relevance,2week,LightGBM,Config_Hybrid,STB,D00123,1,1
liquid100_mat5,any_relevance,2week,LightGBM,Config_Hybrid,STB,D00124,0,0
liquid100_mat5,any_relevance,2week,LightGBM,Config_Hybrid,STB,D00125,0,1
liquid100_mat5,any_relevance,2week,LightGBM,Config_Hybrid,STB,D00126,0,0
liquid100_mat5,any_relevance,2week,LightGBM,Config_Hybrid,STB,D00127,0,0
liquid100_mat5,any_relevance,2week,LightGBM,Config_Hybrid,STB,D00128,1,0
liquid100_mat5,any_relevance,2week,LightGBM,Config_Hybrid,STB,D00129,1,1
liquid100_mat5,any_relevance,2week,LightGBM,Config_Hybrid,STB,D00130,0,0
liquid100_mat5,any_relevance,2week,LightGBM,Config_Hybrid,STB,D00131,1,1
liquid100_mat5,any_relevance,2week,LightGBM,Config_Hybrid,STB,D00132,0,0
liquid100_mat5,any_relevance,2week,LightGBM,Config_Hybrid,STB,D00133,1,0
liquid100_mat5,any_relevance,2week,LightGBM,Config_Hybrid,STB,D00134,0,0
liquid100_mat5,any_relevance,2week,LightGBM,Config_Hybrid,STB,D00135,0,1
liquid100_mat5,any_relevance,2week,LightGBM,Config_Hybrid,STB,D00136,1,0
liquid100_mat5,any_relevance,2week,LightGBM,Config_Hybrid,STB,D00137,1,0
liquid100_mat5,any_relevance,2week,LightGBM,Config_Hybrid,STB,D00138,1,1
liquid100_mat5,any_relevance,2week,LightGBM,Config_Hybrid,STB,D00139,0,1
liquid100_mat5,any_relevance,2week,LightGBM,Config_Hybrid,STB,D00140,0,0
liquid100_mat5,any_relevance,2week,LightGBM,Config_Hybrid,STB,D00141,1,0
liquid100_mat5,any_relevance,2week,LightGBM,Config_Hybrid,STB,D00142,1,0
liquid100_mat5,any_relevance,2week,LightGBM,Config_Hybrid,TCB,D00119,1,1
liquid100_mat5,any_relevance,2week,LightGBM,Config_Hybrid,TCB,D00120,0,1
liquid100_mat5,any_relevance,2week,LightGBM,Config_Hybrid,TCB,D00121,0,1
liquid100_mat5,any_relevance,2week,LightGBM,Config_Hybrid,TCB,D00122,0,0
liquid100_mat5,any_relevance,2week,LightGBM,Config_Hybrid,TCB,D00123,1,1
liquid100_mat5,any_relevance,2week,LightGBM,Config_Hybrid,TCB,D00124,0,1
liquid100_mat5,any_relevance,2week,LightGBM,Config_Hybrid,TCB,D00125,0,0
liquid100_mat5,any_relevance,2week,LightGBM,Config_Hybrid,TCB,D00126,0,1
liquid100_mat5,any_relevance,2week,LightGBM,Config_Hybrid,TCB,D00127,0,0
liquid100_mat5,any_relevance,2week,LightGBM,Config_Hybrid,TCB,D00128,0,0
liquid100_mat5,any_relevance,2week,LightGBM,Config_Hybrid,TCB,D00129,1,1
liquid100_mat5,any_relevance,2week,LightGBM,Config_Hybrid,TCB,D00130,1,1
liquid100_mat5,any_relevance,2week,LightGBM,Config_Hybrid,TCB,D00131,0,0
liquid100_mat5,any_relevance,2week,LightGBM,Config_Hybrid,TCB,D00132,0,0
liquid100_mat5,any_relevance,2week,LightGBM,Config_Hybrid,TCB,D00133,0,0
liquid100_mat5,any_relevance,2week,LightGBM,Config_Hybrid,TCB,D00134,0,0
liquid100_mat5,any_relevance,2week,LightGBM,Config_Hybrid,TCB,D00135,0,0
liquid100_mat5,any_relevance,2week,LightGBM,Config_Hybrid,TCB,D00136,1,0
liquid100_mat5,any_relevance,2week,LightGBM,Config_Hybrid,TCB,D00137,1,1
liquid100_mat5,any_relevance,2week,LightGBM,Config_Hybrid,TCB,D00138,0,1
liquid100_mat5,any_relevance,2week,LightGBM,Config_Hybrid,TCB,D00139,0,0
liquid100_mat5,any_relevance,2week,LightGBM,Config_Hybrid,TCB,D00140,0,0
liquid100_mat5,any_relevance,2week,LightGBM,Config_Hybrid,TCB,D00141,0,0
liquid100_mat5,any_relevance,2week,LightGBM,Config_Hybrid,TCB,D00142,1,1
liquid100_mat5,any_relevance,2week,LightGBM,Config_Hybrid,TPB,D00119,1,1
liquid100_mat5,any_relevance,2week,LightGBM,Config_Hybrid,TPB,D00120,1,1
liquid100_mat5,any_relevance,2week,LightGBM,Config_Hybrid,TPB,D00121,0,1
liquid100_mat5,any_relevance,2week,LightGBM,Config_Hybrid,TPB,D00122,0,0
liquid100_mat5,any_relevance,2week,LightGBM,Config_Hybrid,TPB,D00123,1,0
liquid100_mat5,any_relevance,2week,LightGBM,Config_Hybrid,TPB,D00124,0,1
liquid100_mat5,any_relevance,2week,LightGBM,Config_Hybrid,TPB,D00125,0,0
liquid100_mat5,any_relevance,2week,LightGBM,Config_Hybrid,TPB,D00126,1,0
liquid100_mat5,any_relevance,2week,LightGBM,Config_Hybrid,TPB,D00127,0,0
liquid100_mat5,any_relevance,2week,LightGBM,Config_Hybrid,TPB,D00128,0,0
liquid100_mat5,any_relevance,2week,LightGBM,Config_Hybrid,TPB,D00129,0,0
liquid100_mat5,any_relevance,2week,LightGBM,Config_Hybrid,TPB,D00130,1,1
liquid100_mat5,any_relevance,2week,LightGBM,Config_Hybrid,TPB,D00131,0,0
liquid100_mat5,any_relevance,2week,LightGBM,Config_Hybrid,TPB,D00132,0,1
liquid100_mat5,any_relevance,2week,LightGBM,Config_Hybrid,TPB,D00133,1,1
liquid100_mat5,any_relevance,2week,LightGBM,Config_Hybrid,TPB,D00134,0,0
liquid100_mat5,any_relevance,2week,LightGBM,Config_Hybrid,TPB,D00135,0,0
liquid100_mat5,any_relevance,2week,LightGBM,Config_Hybrid,TPB,D00136,0,0
liquid100_mat5,any_relevance,2week,LightGBM,Config_Hybrid,TPB,D00137,0,0
liquid100_mat5,any_relevance,2week,LightGBM,Config_Hybrid,TPB,D00138,0,0
liquid100_mat5,any_relevance,2week,LightGBM,Config_Hybrid,TPB,D00139,0,0
liquid100_mat5,any_relevance,2week,LightGBM,Config_Hybrid,TPB,D00140,0,1
liquid100_mat5,any_relevance,2week,LightGBM,Config_Hybrid,TPB,D00141,1,0
liquid100_mat5,any_relevance,2week,LightGBM,Config_Hybrid,TPB,D00142,0,0
liquid100_mat5,any_relevance,2week,LightGBM,Config_Hybrid,VCB,D00119,1,0
liquid100_mat5,any_relevance,2week,LightGBM,Config_Hybrid,VCB,D00120,1,0
liquid100_mat5,any_relevance,2week,LightGBM,Config_Hybrid,VCB,D00121,0,1
liquid100_mat5,any_relevance,2week,LightGBM,Config_Hybrid,VCB,D00122,0,0
liquid100_mat5,any_relevance,2week,LightGBM,Config_Hybrid,VCB,D00123,1,0
liquid100_mat5,any_relevance,2week,LightGBM,Config_Hybrid,VCB,D00124,0,0
liquid100_mat5,any_relevance,2week,LightGBM,Config_Hybrid,VCB,D00125,0,1
liquid100_mat5,any_relevance,2week,LightGBM,Config_Hybrid,VCB,D00126,0,0
liquid100_mat5,any_relevance,2week,LightGBM,Config_Hybrid,VCB,D00127,0,0
liquid100_mat5,any_relevance,2week,LightGBM,Config_Hybrid,VCB,D00128,0,0
liquid100_mat5,any_relevance,2week,LightGBM,Config_Hybrid,VCB,D00129,1,0
liquid100_mat5,any_relevance,2week,LightGBM,Config_Hybrid,VCB,D00130,1,1
liquid100_mat5,any_relevance,2week,LightGBM,Config_Hybrid,VCB,D00131,0,0
liquid100_mat5,any_relevance,2week,LightGBM,Config_Hybrid,VCB,D00132,0,0
liquid100_mat5,any_relevance,2week,LightGBM,Config_Hybrid,VCB,D00133,0,0
liquid100_mat5,any_relevance,2week,LightGBM,Config_Hybrid,VCB,D00134,0,0
liquid100_mat5,any_relevance,2week,LightGBM,Config_Hybrid,VCB,D00135,0,1
liquid100_mat5,any_relevance,2week,LightGBM,Config_Hybrid,VCB,D00136,0,0
liquid100_mat5,any_relevance,2week,LightGBM,Config_Hybrid,VCB,D00137,0,0
liquid100_mat5,any_relevance,2week,LightGBM,Config_Hybrid,VCB,D00138,0,0
liquid100_mat5,any_relevance,2week,LightGBM,Config_Hybrid,VCB,D00139,1,0
liquid100_mat5,any_relevance,2week,LightGBM,Config_Hybrid,VCB,D00140,0,0
liquid100_mat5,any_relevance,2week,LightGBM,Config_Hybrid,VCB,D00141,0,0
liquid100_mat5,any_relevance,2week,LightGBM,Config_Hybrid,VCB,D00142,0,0
liquid100_mat5,any_relevance,2week,LightGBM,Config_Hybrid,VCG,D00119,1,0
liquid100_mat5,any_relevance,2week,LightGBM,Config_Hybrid,VCG,D00120,0,0
liquid100_mat5,any_relevance,2week,LightGBM,Config_Hybrid,VCG,D00121,1,1
liquid100_mat5,any_relevance,2week,LightGBM,Config_Hybrid,VCG,D00122,1,1
liquid100_mat5,any_relevance,2week,LightGBM,Config_Hybrid,VCG,D00123,0,0
liquid100_mat5,any_relevance,2week,LightGBM,Config_Hybrid,VCG,D00124,0,0
liquid100_mat5,any_relevance,2week,LightGBM,Config_Hybrid,VCG,D00125,0,0
liquid100_mat5,any_relevance,2week,LightGBM,Config_Hybrid,VCG,D00126,0,0
liquid100_mat5,any_relevance,2week,LightGBM,Config_Hybrid,VCG,D00127,0,0
liquid100_mat5,any_relevance,2week,LightGBM,Config_Hybrid,VCG,D00128,0,0
liquid100_mat5,any_relevance,2week,LightGBM,Config_Hybrid,VCG,D00129,0,0
liquid100_mat5,any_relevance,2week,LightGBM,Config_Hybrid,VCG,D00130,0,0
liquid100_mat5,any_relevance,2week,LightGBM,Config_Hybrid,VCG,D00131,0,1
liquid100_mat5,any_relevance,2week,LightGBM,Config_Hybrid,VCG,D00132,0,0
liquid100_mat5,any_relevance,2week,LightGBM,Config_Hybrid,VCG,D00133,1,0
liquid100_mat5,any_relevance,2week,LightGBM,Config_Hybrid,VCG,D00134,1,1
liquid100_mat5,any_relevance,2week,LightGBM,Config_Hybrid,VCG,D00135,0,1
liquid100_mat5,any_relevance,2week,LightGBM,Config_Hybrid,VCG,D00136,0,1
liquid100_mat5,any_relevance,2week,LightGBM,Config_Hybrid,VCG,D00137,0,1
liquid100_mat5,any_relevance,2week,LightGBM,Config_Hybrid,VCG,D00138,0,0
liquid100_mat5,any_relevance,2week,LightGBM,Config_Hybrid,VCG,D00139,0,0
liquid100_mat5,any_relevance,2week,LightGBM,Config_Hybrid,VCG,D00140,0,0
liquid100_mat5,any_relevance,2week,LightGBM,Config_Hybrid,VCG,D00141,0,0
liquid100_mat5,any_relevance,2week,LightGBM,Config_Hybrid,VCG,D00142,1,0
liquid100_mat5,any_relevance,2week,LightGBM,Config_Hybrid,VCI,D00119,1,1
liquid100_mat5,any_relevance,2week,LightGBM,Config_Hybrid,VCI,D00120,0,0
liquid100_mat5,any_relevance,2week,LightGBM,Config_Hybrid,VCI,D00121,0,1
liquid100_mat5,any_relevance,2week,LightGBM,Config_Hybrid,VCI,D00122,0,0
liquid100_mat5,any_relevance,2week,LightGBM,Config_Hybrid,VCI,D00123,0,0
liquid100_mat5,any_relevance,2week,LightGBM,Config_Hybrid,VCI,D00124,0,0
liquid100_mat5,any_relevance,2week,LightGBM,Config_Hybrid,VCI,D00125,0,0
liquid100_mat5,any_relevance,2week,LightGBM,Config_Hybrid,VCI,D00126,0,0
liquid100_mat5,any_relevance,2week,LightGBM,Config_Hybrid,VCI,D00127,0,0
liquid100_mat5,any_relevance,2week,LightGBM,Config_Hybrid,VCI,D00128,0,0
liquid100_mat5,any_relevance,2week,LightGBM,Config_Hybrid,VCI,D00129,0,0
liquid100_mat5,any_relevance,2week,LightGBM,Config_Hybrid,VCI,D00130,1,0
liquid100_mat5,any_relevance,2week,LightGBM,Config_Hybrid,VCI,D00131,1,0
liquid100_mat5,any_relevance,2week,LightGBM,Config_Hybrid,VCI,D00132,0,0
liquid100_mat5,any_relevance,2week,LightGBM,Config_Hybrid,VCI,D00133,1,1
liquid100_mat5,any_relevance,2week,LightGBM,Config_Hybrid,VCI,D00134,0,1
liquid100_mat5,any_relevance,2week,LightGBM,Config_Hybrid,VCI,D00135,0,0
liquid100_mat5,any_relevance,2week,LightGBM,Config_Hybrid,VCI,D00136,1,1
liquid100_mat5,any_relevance,2week,LightGBM,Config_Hybrid,VCI,D00137,0,1
liquid100_mat5,any_relevance,2week,LightGBM,Config_Hybrid,VCI,D00138,0,0
liquid100_mat5,any_relevance,2week,LightGBM,Config_Hybrid,VCI,D00139,0,0
liquid100_mat5,any_relevance,2week,LightGBM,Config_Hybrid,VCI,D00140,0,0
liquid100_mat5,any_relevance,2week,LightGBM,Config_Hybrid,VCI,D00141,0,0
liquid100_mat5,any_relevance,2week,LightGBM,Config_Hybrid,VCI,D00142,0,0
liquid100_mat5,any_relevance,2week,LightGBM,Config_Hybrid,VHM,D00119,0,0
liquid100_mat5,any_relevance,2week,LightGBM,Config_Hybrid,VHM,D00120,1,1
liquid100_mat5,any_relevance,2week,LightGBM,Config_Hybrid,VHM,D00121,0,0
liquid100_mat5,any_relevance,2week,LightGBM,Config_Hybrid,VHM,D00122,0,0
liquid100_mat5,any_relevance,2week,LightGBM,Config_Hybrid,VHM,D00123,1,0
liquid100_mat5,any_relevance,2week,LightGBM,Config_Hybrid,VHM,D00124,0,1
liquid100_mat5,any_relevance,2week,LightGBM,Config_Hybrid,VHM,D00125,0,0
liquid100_mat5,any_relevance,2week,LightGBM,Config_Hybrid,VHM,D00126,1,0
liquid100_mat5,any_relevance,2week,LightGBM,Config_Hybrid,VHM,D00127,1,1
liquid100_mat5,any_relevance,2week,LightGBM,Config_Hybrid,VHM,D00128,0,0
liquid100_mat5,any_relevance,2week,LightGBM,Config_Hybrid,VHM,D00129,1,1
liquid100_mat5,any_relevance,2week,LightGBM,Config_Hybrid,VHM,D00130,0,1
liquid100_mat5,any_relevance,2week,LightGBM,Config_Hybrid,VHM,D00131,0,0
liquid100_mat5,any_relevance,2week,LightGBM,Config_Hybrid,VHM,D00132,0,0
liquid100_mat5,any_relevance,2week,LightGBM,Config_Hybrid,VHM,D00133,0,1
liquid100_mat5,any_relevance,2week,LightGBM,Config_Hybrid,VHM,D00134,0,0
liquid100_mat5,any_relevance,2week,LightGBM,Config_Hybrid,VHM,D00135,1,1
liquid100_mat5,any_relevance,2week,LightGBM,Config_Hybrid,VHM,D00136,1,1
liquid100_mat5,any_relevance,2week,LightGBM,Config_Hybrid,VHM,D00137,1,1
liquid100_mat5,any_relevance,2week,LightGBM,Config_Hybrid,VHM,D00138,1,1
liquid100_mat5,any_relevance,2week,LightGBM,Config_Hybrid,VHM,D00139,0,1
liquid100_mat5,any_relevance,2week,LightGBM,Config_Hybrid,VHM,D00140,0,0
liquid100_mat5,any_relevance,2week,LightGBM,Config_Hybrid,VHM,D00141,0,0
liquid100_mat5,any_relevance,2week,LightGBM,Config_Hybrid,VHM,D00142,1,1
liquid100_mat5,any_relevance,2week,LightGBM,Config_Hybrid,VIB,D00119,1,1
liquid100_mat5,any_relevance,2week,LightGBM,Config_Hybrid,VIB,D00120,1,1
liquid100_mat5,any_relevance,2week,LightGBM,Config_Hybrid,VIB,D00121,0,1
liquid100_mat5,any_relevance,2week,LightGBM,Config_Hybrid,VIB,D00122,0,0
liquid100_mat5,any_relevance,2week,LightGBM,Config_Hybrid,VIB,D00123,0,0
liquid100_mat5,any_relevance,2week,LightGBM,Config_Hybrid,VIB,D00124,0,0
liquid100_mat5,any_relevance,2week,LightGBM,Config_Hybrid,VIB,D00125,0,0
liquid100_mat5,any_relevance,2week,LightGBM,Config_Hybrid,VIB,D00126,0,0
liquid100_mat5,any_relevance,2week,LightGBM,Config_Hybrid,VIB,D00127,0,0
liquid100_mat5,any_relevance,2week,LightGBM,Config_Hybrid,VIB,D00128,0,0
liquid100_mat5,any_relevance,2week,LightGBM,Config_Hybrid,VIB,D00129,0,1
liquid100_mat5,any_relevance,2week,LightGBM,Config_Hybrid,VIB,D00130,1,0
liquid100_mat5,any_relevance,2week,LightGBM,Config_Hybrid,VIB,D00131,0,0
liquid100_mat5,any_relevance,2week,LightGBM,Config_Hybrid,VIB,D00132,0,0
liquid100_mat5,any_relevance,2week,LightGBM,Config_Hybrid,VIB,D00133,0,1
liquid100_mat5,any_relevance,2week,LightGBM,Config_Hybrid,VIB,D00134,0,0
liquid100_mat5,any_relevance,2week,LightGBM,Config_Hybrid,VIB,D00135,0,1
liquid100_mat5,any_relevance,2week,LightGBM,Config_Hybrid,VIB,D00136,0,0
liquid100_mat5,any_relevance,2week,LightGBM,Config_Hybrid,VIB,D00137,0,0
liquid100_mat5,any_relevance,2week,LightGBM,Config_Hybrid,VIB,D00138,0,0
liquid100_mat5,any_relevance,2week,LightGBM,Config_Hybrid,VIB,D00139,0,1
liquid100_mat5,any_relevance,2week,LightGBM,Config_Hybrid,VIB,D00140,0,1
liquid100_mat5,any_relevance,2week,LightGBM,Config_Hybrid,VIB,D00141,0,0
liquid100_mat5,any_relevance,2week,LightGBM,Config_Hybrid,VIB,D00142,0,0
liquid100_mat5,any_relevance,2week,LightGBM,Config_Hybrid,VIC,D00119,1,1
liquid100_mat5,any_relevance,2week,LightGBM,Config_Hybrid,VIC,D00120,1,1
liquid100_mat5,any_relevance,2week,LightGBM,Config_Hybrid,VIC,D00121,1,0
liquid100_mat5,any_relevance,2week,LightGBM,Config_Hybrid,VIC,D00122,1,1
liquid100_mat5,any_relevance,2week,LightGBM,Config_Hybrid,VIC,D00123,1,1
liquid100_mat5,any_relevance,2week,LightGBM,Config_Hybrid,VIC,D00124,1,1
liquid100_mat5,any_relevance,2week,LightGBM,Config_Hybrid,VIC,D00125,0,1
liquid100_mat5,any_relevance,2week,LightGBM,Config_Hybrid,VIC,D00126,1,1
liquid100_mat5,any_relevance,2week,LightGBM,Config_Hybrid,VIC,D00127,1,1
liquid100_mat5,any_relevance,2week,LightGBM,Config_Hybrid,VIC,D00128,1,1
liquid100_mat5,any_relevance,2week,LightGBM,Config_Hybrid,VIC,D00129,1,1
liquid100_mat5,any_relevance,2week,LightGBM,Config_Hybrid,VIC,D00130,0,1
liquid100_mat5,any_relevance,2week,LightGBM,Config_Hybrid,VIC,D00131,0,0
liquid100_mat5,any_relevance,2week,LightGBM,Config_Hybrid,VIC,D00132,1,0
liquid100_mat5,any_relevance,2week,LightGBM,Config_Hybrid,VIC,D00133,1,1
liquid100_mat5,any_relevance,2week,LightGBM,Config_Hybrid,VIC,D00134,0,0
liquid100_mat5,any_relevance,2week,LightGBM,Config_Hybrid,VIC,D00135,0,0
liquid100_mat5,any_relevance,2week,LightGBM,Config_Hybrid,VIC,D00136,1,1
liquid100_mat5,any_relevance,2week,LightGBM,Config_Hybrid,VIC,D00137,1,1
liquid100_mat5,any_relevance,2week,LightGBM,Config_Hybrid,VIC,D00138,1,1
liquid100_mat5,any_relevance,2week,LightGBM,Config_Hybrid,VIC,D00139,0,1
liquid100_mat5,any_relevance,2week,LightGBM,Config_Hybrid,VIC,D00140,0,0
liquid100_mat5,any_relevance,2week,LightGBM,Config_Hybrid,VIC,D00141,1,0
liquid100_mat5,any_relevance,2week,LightGBM,Config_Hybrid,VIC,D00142,1,1
liquid100_mat5,any_relevance,2week,LightGBM,Config_Hybrid,VJC,D00119,1,1
liquid100_mat5,any_relevance,2week,LightGBM,Config_Hybrid,VJC,D00120,1,1
liquid100_mat5,any_relevance,2week,LightGBM,Config_Hybrid,VJC,D00121,0,0
liquid100_mat5,any_relevance,2week,LightGBM,Config_Hybrid,VJC,D00122,0,0
liquid100_mat5,any_relevance,2week,LightGBM,Config_Hybrid,VJC,D00123,1,0
liquid100_mat5,any_relevance,2week,LightGBM,Config_Hybrid,VJC,D00124,1,1
liquid100_mat5,any_relevance,2week,LightGBM,Config_Hybrid,VJC,D00125,0,1
liquid100_mat5,any_relevance,2week,LightGBM,Config_Hybrid,VJC,D00126,1,0
liquid100_mat5,any_relevance,2week,LightGBM,Config_Hybrid,VJC,D00127,1,1
liquid100_mat5,any_relevance,2week,LightGBM,Config_Hybrid,VJC,D00128,0,0
liquid100_mat5,any_relevance,2week,LightGBM,Config_Hybrid,VJC,D00129,1,1
liquid100_mat5,any_relevance,2week,LightGBM,Config_Hybrid,VJC,D00130,0,0
liquid100_mat5,any_relevance,2week,LightGBM,Config_Hybrid,VJC,D00131,0,0
liquid100_mat5,any_relevance,2week,LightGBM,Config_Hybrid,VJC,D00132,0,0
liquid100_mat5,any_relevance,2week,LightGBM,Config_Hybrid,VJC,D00133,1,0
liquid100_mat5,any_relevance,2week,LightGBM,Config_Hybrid,VJC,D00134,0,0
liquid100_mat5,any_relevance,2week,LightGBM,Config_Hybrid,VJC,D00135,0,0
liquid100_mat5,any_relevance,2week,LightGBM,Config_Hybrid,VJC,D00136,1,1
liquid100_mat5,any_relevance,2week,LightGBM,Config_Hybrid,VJC,D00137,1,1
liquid100_mat5,any_relevance,2week,LightGBM,Config_Hybrid,VJC,D00138,0,0
liquid100_mat5,any_relevance,2week,LightGBM,Config_Hybrid,VJC,D00139,0,0
liquid100_mat5,any_relevance,2week,LightGBM,Config_Hybrid,VJC,D00140,1,0
liquid100_mat5,any_relevance,2week,LightGBM,Config_Hybrid,VJC,D00141,1,0
liquid100_mat5,any_relevance,2week,LightGBM,Config_Hybrid,VJC,D00142,0,0
liquid100_mat5,any_relevance,2week,LightGBM,Config_Hybrid,VND,D00119,1,1
liquid100_mat5,any_relevance,2week,LightGBM,Config_Hybrid,VND,D00120,0,1
liquid100_mat5,any_relevance,2week,LightGBM,Config_Hybrid,VND,D00121,0,1
liquid100_mat5,any_relevance,2week,LightGBM,Config_Hybrid,VND,D00122,0,0
liquid100_mat5,any_relevance,2week,LightGBM,Config_Hybrid,VND,D00123,1,0
liquid100_mat5,any_relevance,2week,LightGBM,Config_Hybrid,VND,D00124,0,1
liquid100_mat5,any_relevance,2week,LightGBM,Config_Hybrid,VND,D00125,0,0
liquid100_mat5,any_relevance,2week,LightGBM,Config_Hybrid,VND,D00126,0,1
liquid100_mat5,any_relevance,2week,LightGBM,Config_Hybrid,VND,D00127,0,0
liquid100_mat5,any_relevance,2week,LightGBM,Config_Hybrid,VND,D00128,1,0
liquid100_mat5,any_relevance,2week,LightGBM,Config_Hybrid,VND,D00129,0,1
liquid100_mat5,any_relevance,2week,LightGBM,Config_Hybrid,VND,D00130,1,1
liquid100_mat5,any_relevance,2week,LightGBM,Config_Hybrid,VND,D00131,0,0
liquid100_mat5,any_relevance,2week,LightGBM,Config_Hybrid,VND,D00132,0,0
liquid100_mat5,any_relevance,2week,LightGBM,Config_Hybrid,VND,D00133,1,1
liquid100_mat5,any_relevance,2week,LightGBM,Config_Hybrid,VND,D00134,0,1
liquid100_mat5,any_relevance,2week,LightGBM,Config_Hybrid,VND,D00135,0,0
liquid100_mat5,any_relevance,2week,LightGBM,Config_Hybrid,VND,D00136,1,1
liquid100_mat5,any_relevance,2week,LightGBM,Config_Hybrid,VND,D00137,0,1
liquid100_mat5,any_relevance,2week,LightGBM,Config_Hybrid,VND,D00138,0,0
liquid100_mat5,any_relevance,2week,LightGBM,Config_Hybrid,VND,D00139,1,0
liquid100_mat5,any_relevance,2week,LightGBM,Config_Hybrid,VND,D00140,1,1
liquid100_mat5,any_relevance,2week,LightGBM,Config_Hybrid,VND,D00141,1,0
liquid100_mat5,any_relevance,2week,LightGBM,Config_Hybrid,VND,D00142,0,0
liquid100_mat5,any_relevance,2week,LightGBM,Config_Hybrid,VNM,D00119,0,0
liquid100_mat5,any_relevance,2week,LightGBM,Config_Hybrid,VNM,D00120,0,0
liquid100_mat5,any_relevance,2week,LightGBM,Config_Hybrid,VNM,D00121,1,1
liquid100_mat5,any_relevance,2week,LightGBM,Config_Hybrid,VNM,D00122,0,0
liquid100_mat5,any_relevance,2week,LightGBM,Config_Hybrid,VNM,D00123,1,0
liquid100_mat5,any_relevance,2week,LightGBM,Config_Hybrid,VNM,D00124,0,1
liquid100_mat5,any_relevance,2week,LightGBM,Config_Hybrid,VNM,D00125,1,0
liquid100_mat5,any_relevance,2week,LightGBM,Config_Hybrid,VNM,D00126,1,1
liquid100_mat5,any_relevance,2week,LightGBM,Config_Hybrid,VNM,D00127,1,0
liquid100_mat5,any_relevance,2week,LightGBM,Config_Hybrid,VNM,D00128,0,0
liquid100_mat5,any_relevance,2week,LightGBM,Config_Hybrid,VNM,D00129,0,0
liquid100_mat5,any_relevance,2week,LightGBM,Config_Hybrid,VNM,D00130,1,0
liquid100_mat5,any_relevance,2week,LightGBM,Config_Hybrid,VNM,D00131,1,1
liquid100_mat5,any_relevance,2week,LightGBM,Config_Hybrid,VNM,D00132,0,0
liquid100_mat5,any_relevance,2week,LightGBM,Config_Hybrid,VNM,D00133,0,0
liquid100_mat5,any_relevance,2week,LightGBM,Config_Hybrid,VNM,D00134,0,0
liquid100_mat5,any_relevance,2week,LightGBM,Config_Hybrid,VNM,D00135,0,1
liquid100_mat5,any_relevance,2week,LightGBM,Config_Hybrid,VNM,D00136,0,0
liquid100_mat5,any_relevance,2week,LightGBM,Config_Hybrid,VNM,D00137,0,0
liquid100_mat5,any_relevance,2week,LightGBM,Config_Hybrid,VNM,D00138,0,0
liquid100_mat5,any_relevance,2week,LightGBM,Config_Hybrid,VNM,D00139,0,0
liquid100_mat5,any_relevance,2week,LightGBM,Config_Hybrid,VNM,D00140,0,0
liquid100_mat5,any_relevance,2week,LightGBM,Config_Hybrid,VNM,D00141,0,0
liquid100_mat5,any_relevance,2week,LightGBM,Config_Hybrid,VNM,D00142,0,0
liquid100_mat5,any_relevance,2week,LightGBM,Config_Hybrid,VPB,D00119,1,1
liquid100_mat5,any_relevance,2week,LightGBM,Config_Hybrid,VPB,D00120,1,1
liquid100_mat5,any_relevance,2week,LightGBM,Config_Hybrid,VPB,D00121,0,1
liquid100_mat5,any_relevance,2week,LightGBM,Config_Hybrid,VPB,D00122,0,0
liquid100_mat5,any_relevance,2week,LightGBM,Config_Hybrid,VPB,D00123,1,0
liquid100_mat5,any_relevance,2week,LightGBM,Config_Hybrid,VPB,D00124,0,1
liquid100_mat5,any_relevance,2week,LightGBM,Config_Hybrid,VPB,D00125,0,0
liquid100_mat5,any_relevance,2week,LightGBM,Config_Hybrid,VPB,D00126,0,0
liquid100_mat5,any_relevance,2week,LightGBM,Config_Hybrid,VPB,D00127,1,0
liquid100_mat5,any_relevance,2week,LightGBM,Config_Hybrid,VPB,D00128,0,0
liquid100_mat5,any_relevance,2week,LightGBM,Config_Hybrid,VPB,D00129,0,1
liquid100_mat5,any_relevance,2week,LightGBM,Config_Hybrid,VPB,D00130,1,1
liquid100_mat5,any_relevance,2week,LightGBM,Config_Hybrid,VPB,D00131,0,0
liquid100_mat5,any_relevance,2week,LightGBM,Config_Hybrid,VPB,D00132,0,0
liquid100_mat5,any_relevance,2week,LightGBM,Config_Hybrid,VPB,D00133,1,1
liquid100_mat5,any_relevance,2week,LightGBM,Config_Hybrid,VPB,D00134,0,0
liquid100_mat5,any_relevance,2week,LightGBM,Config_Hybrid,VPB,D00135,0,0
liquid100_mat5,any_relevance,2week,LightGBM,Config_Hybrid,VPB,D00136,1,0
liquid100_mat5,any_relevance,2week,LightGBM,Config_Hybrid,VPB,D00137,1,1
liquid100_mat5,any_relevance,2week,LightGBM,Config_Hybrid,VPB,D00138,0,0
liquid100_mat5,any_relevance,2week,LightGBM,Config_Hybrid,VPB,D00139,0,1
liquid100_mat5,any_relevance,2week,LightGBM,Config_Hybrid,VPB,D00140,0,0
liquid100_mat5,any_relevance,2week,LightGBM,Config_Hybrid,VPB,D00141,0,0
liquid100_mat5,any_relevance,2week,LightGBM,Config_Hybrid,VPB,D00142,0,0
liquid100_mat5,any_relevance,2week,LightGBM,Config_Hybrid,VSC,D00119,1,1
liquid100_mat5,any_relevance,2week,LightGBM,Config_Hybrid,VSC,D00120,0,1
liquid100_mat5,any_relevance,2week,LightGBM,Config_Hybrid,VSC,D00121,0,1
liquid100_mat5,any_relevance,2week,LightGBM,Config_Hybrid,VSC,D00122,0,0
liquid100_mat5,any_relevance,2week,LightGBM,Config_Hybrid,VSC,D00123,0,0
liquid100_mat5,any_relevance,2week,LightGBM,Config_Hybrid,VSC,D00124,0,1
liquid100_mat5,any_relevance,2week,LightGBM,Config_Hybrid,VSC,D00125,0,1
liquid100_mat5,any_relevance,2week,LightGBM,Config_Hybrid,VSC,D00126,1,1
liquid100_mat5,any_relevance,2week,LightGBM,Config_Hybrid,VSC,D00127,0,1
liquid100_mat5,any_relevance,2week,LightGBM,Config_Hybrid,VSC,D00128,0,0
liquid100_mat5,any_relevance,2week,LightGBM,Config_Hybrid,VSC,D00129,0,1
liquid100_mat5,any_relevance,2week,LightGBM,Config_Hybrid,VSC,D00130,1,0
liquid100_mat5,any_relevance,2week,LightGBM,Config_Hybrid,VSC,D00131,0,1
liquid100_mat5,any_relevance,2week,LightGBM,Config_Hybrid,VSC,D00132,1,1
liquid100_mat5,any_relevance,2week,LightGBM,Config_Hybrid,VSC,D00133,1,1
liquid100_mat5,any_relevance,2week,LightGBM,Config_Hybrid,VSC,D00134,0,0
liquid100_mat5,any_relevance,2week,LightGBM,Config_Hybrid,VSC,D00135,0,1
liquid100_mat5,any_relevance,2week,LightGBM,Config_Hybrid,VSC,D00136,1,1
liquid100_mat5,any_relevance,2week,LightGBM,Config_Hybrid,VSC,D00137,0,0
liquid100_mat5,any_relevance,2week,LightGBM,Config_Hybrid,VSC,D00138,0,0
liquid100_mat5,any_relevance,2week,LightGBM,Config_Hybrid,VSC,D00139,0,0
liquid100_mat5,any_relevance,2week,LightGBM,Config_Hybrid,VSC,D00140,0,0
liquid100_mat5,any_relevance,2week,LightGBM,Config_Hybrid,VSC,D00141,0,0
liquid100_mat5,any_relevance,2week,LightGBM,Config_Hybrid,VSC,D00142,0,0
